ISO-10303-21;
HEADER;
FILE_DESCRIPTION(('Open CASCADE Model'),'2;1');
FILE_NAME('Open CASCADE Shape Model','2026-06-21T17:53:08',('Author'),(
    'Open CASCADE'),'Open CASCADE STEP processor 7.8','Open CASCADE 7.8'
  ,'Unknown');
FILE_SCHEMA(('AUTOMOTIVE_DESIGN { 1 0 10303 214 1 1 1 1 }'));
ENDSEC;
DATA;
#1 = APPLICATION_PROTOCOL_DEFINITION('international standard',
  'automotive_design',2000,#2);
#2 = APPLICATION_CONTEXT(
  'core data for automotive mechanical design processes');
#3 = SHAPE_DEFINITION_REPRESENTATION(#4,#10);
#4 = PRODUCT_DEFINITION_SHAPE('','',#5);
#5 = PRODUCT_DEFINITION('design','',#6,#9);
#6 = PRODUCT_DEFINITION_FORMATION('','',#7);
#7 = PRODUCT('Open CASCADE STEP translator 7.8 7',
  'Open CASCADE STEP translator 7.8 7','',(#8));
#8 = PRODUCT_CONTEXT('',#2,'mechanical');
#9 = PRODUCT_DEFINITION_CONTEXT('part definition',#2,'design');
#10 = SHAPE_REPRESENTATION('',(#11,#15,#19,#23),#27);
#11 = AXIS2_PLACEMENT_3D('',#12,#13,#14);
#12 = CARTESIAN_POINT('',(0.,0.,0.));
#13 = DIRECTION('',(0.,0.,1.));
#14 = DIRECTION('',(1.,0.,-0.));
#15 = AXIS2_PLACEMENT_3D('',#16,#17,#18);
#16 = CARTESIAN_POINT('',(0.,0.,0.));
#17 = DIRECTION('',(0.,0.,1.));
#18 = DIRECTION('',(1.,0.,-0.));
#19 = AXIS2_PLACEMENT_3D('',#20,#21,#22);
#20 = CARTESIAN_POINT('',(0.,0.,0.));
#21 = DIRECTION('',(0.,0.,1.));
#22 = DIRECTION('',(1.,0.,-0.));
#23 = AXIS2_PLACEMENT_3D('',#24,#25,#26);
#24 = CARTESIAN_POINT('',(0.,0.,0.));
#25 = DIRECTION('',(0.,0.,1.));
#26 = DIRECTION('',(1.,0.,-0.));
#27 = ( GEOMETRIC_REPRESENTATION_CONTEXT(3) 
GLOBAL_UNCERTAINTY_ASSIGNED_CONTEXT((#31)) GLOBAL_UNIT_ASSIGNED_CONTEXT(
(#28,#29,#30)) REPRESENTATION_CONTEXT('Context #1',
  '3D Context with UNIT and UNCERTAINTY') );
#28 = ( LENGTH_UNIT() NAMED_UNIT(*) SI_UNIT(.MILLI.,.METRE.) );
#29 = ( NAMED_UNIT(*) PLANE_ANGLE_UNIT() SI_UNIT($,.RADIAN.) );
#30 = ( NAMED_UNIT(*) SI_UNIT($,.STERADIAN.) SOLID_ANGLE_UNIT() );
#31 = UNCERTAINTY_MEASURE_WITH_UNIT(LENGTH_MEASURE(2.E-06),#28,
  'distance_accuracy_value','confusion accuracy');
#32 = PRODUCT_RELATED_PRODUCT_CATEGORY('part',$,(#7));
#33 = SHAPE_DEFINITION_REPRESENTATION(#34,#40);
#34 = PRODUCT_DEFINITION_SHAPE('','',#35);
#35 = PRODUCT_DEFINITION('design','',#36,#39);
#36 = PRODUCT_DEFINITION_FORMATION('','',#37);
#37 = PRODUCT('Open CASCADE STEP translator 7.8 7.1',
  'Open CASCADE STEP translator 7.8 7.1','',(#38));
#38 = PRODUCT_CONTEXT('',#2,'mechanical');
#39 = PRODUCT_DEFINITION_CONTEXT('part definition',#2,'design');
#40 = ADVANCED_BREP_SHAPE_REPRESENTATION('',(#11,#41),#707);
#41 = MANIFOLD_SOLID_BREP('',#42);
#42 = CLOSED_SHELL('',(#43,#163,#363,#413,#467,#592,#619,#646,#673,#700)
  );
#43 = ADVANCED_FACE('',(#44),#58,.F.);
#44 = FACE_BOUND('',#45,.F.);
#45 = EDGE_LOOP('',(#46,#81,#109,#137));
#46 = ORIENTED_EDGE('',*,*,#47,.F.);
#47 = EDGE_CURVE('',#48,#50,#52,.T.);
#48 = VERTEX_POINT('',#49);
#49 = CARTESIAN_POINT('',(-37.89794530625,52.162265523215,
    -2.332046394332));
#50 = VERTEX_POINT('',#51);
#51 = CARTESIAN_POINT('',(-27.65380550937,59.415989783675,
    -5.714513567129));
#52 = SURFACE_CURVE('',#53,(#57,#69),.PCURVE_S1.);
#53 = LINE('',#54,#55);
#54 = CARTESIAN_POINT('',(-42.6260098279,48.814392787619,-0.770907699195
    ));
#55 = VECTOR('',#56,1.);
#56 = DIRECTION('',(0.788010753607,0.557978789266,-0.260189782523));
#57 = PCURVE('',#58,#63);
#58 = PLANE('',#59);
#59 = AXIS2_PLACEMENT_3D('',#60,#61,#62);
#60 = CARTESIAN_POINT('',(-42.6260098279,39.516791029323,-20.709679014)
  );
#61 = DIRECTION('',(0.615661475326,-0.714180282262,0.333027734922));
#62 = DIRECTION('',(0.,0.422618261741,0.906307787037));
#63 = DEFINITIONAL_REPRESENTATION('',(#64),#68);
#64 = LINE('',#65,#66);
#65 = CARTESIAN_POINT('',(22.,-1.7763568394E-15));
#66 = VECTOR('',#67,1.);
#67 = DIRECTION('',(-2.775557561563E-17,-1.));
#68 = ( GEOMETRIC_REPRESENTATION_CONTEXT(2) 
PARAMETRIC_REPRESENTATION_CONTEXT() REPRESENTATION_CONTEXT('2D SPACE',''
  ) );
#69 = PCURVE('',#70,#75);
#70 = PLANE('',#71);
#71 = AXIS2_PLACEMENT_3D('',#72,#73,#74);
#72 = CARTESIAN_POINT('',(-42.6260098279,48.814392787619,-0.770907699195
    ));
#73 = DIRECTION('',(0.,0.422618261741,0.906307787037));
#74 = DIRECTION('',(0.615661475326,-0.714180282262,0.333027734922));
#75 = DEFINITIONAL_REPRESENTATION('',(#76),#80);
#76 = LINE('',#77,#78);
#77 = CARTESIAN_POINT('',(0.,0.));
#78 = VECTOR('',#79,1.);
#79 = DIRECTION('',(1.387778780781E-17,1.));
#80 = ( GEOMETRIC_REPRESENTATION_CONTEXT(2) 
PARAMETRIC_REPRESENTATION_CONTEXT() REPRESENTATION_CONTEXT('2D SPACE',''
  ) );
#81 = ORIENTED_EDGE('',*,*,#82,.F.);
#82 = EDGE_CURVE('',#83,#48,#85,.T.);
#83 = VERTEX_POINT('',#84);
#84 = CARTESIAN_POINT('',(-37.89794530625,42.86466376492,-22.27081770913
    ));
#85 = SURFACE_CURVE('',#86,(#90,#97),.PCURVE_S1.);
#86 = LINE('',#87,#88);
#87 = CARTESIAN_POINT('',(-37.89794530625,42.86466376492,-22.27081770913
    ));
#88 = VECTOR('',#89,1.);
#89 = DIRECTION('',(0.,0.422618261741,0.906307787037));
#90 = PCURVE('',#58,#91);
#91 = DEFINITIONAL_REPRESENTATION('',(#92),#96);
#92 = LINE('',#93,#94);
#93 = CARTESIAN_POINT('',(0.,-6.));
#94 = VECTOR('',#95,1.);
#95 = DIRECTION('',(1.,2.775557561563E-17));
#96 = ( GEOMETRIC_REPRESENTATION_CONTEXT(2) 
PARAMETRIC_REPRESENTATION_CONTEXT() REPRESENTATION_CONTEXT('2D SPACE',''
  ) );
#97 = PCURVE('',#98,#103);
#98 = CYLINDRICAL_SURFACE('',#99,6.);
#99 = AXIS2_PLACEMENT_3D('',#100,#101,#102);
#100 = CARTESIAN_POINT('',(-34.2039764543,38.579582071346,-20.2726512996
    ));
#101 = DIRECTION('',(0.,0.422618261741,0.906307787037));
#102 = DIRECTION('',(-0.615661475326,0.714180282262,-0.333027734922));
#103 = DEFINITIONAL_REPRESENTATION('',(#104),#108);
#104 = LINE('',#105,#106);
#105 = CARTESIAN_POINT('',(0.,0.));
#106 = VECTOR('',#107,1.);
#107 = DIRECTION('',(0.,1.));
#108 = ( GEOMETRIC_REPRESENTATION_CONTEXT(2) 
PARAMETRIC_REPRESENTATION_CONTEXT() REPRESENTATION_CONTEXT('2D SPACE',''
  ) );
#109 = ORIENTED_EDGE('',*,*,#110,.T.);
#110 = EDGE_CURVE('',#83,#111,#113,.T.);
#111 = VERTEX_POINT('',#112);
#112 = CARTESIAN_POINT('',(-27.65380550937,50.118388025379,
    -25.65328488193));
#113 = SURFACE_CURVE('',#114,(#118,#125),.PCURVE_S1.);
#114 = LINE('',#115,#116);
#115 = CARTESIAN_POINT('',(-42.6260098279,39.516791029323,-20.709679014)
  );
#116 = VECTOR('',#117,1.);
#117 = DIRECTION('',(0.788010753607,0.557978789266,-0.260189782523));
#118 = PCURVE('',#58,#119);
#119 = DEFINITIONAL_REPRESENTATION('',(#120),#124);
#120 = LINE('',#121,#122);
#121 = CARTESIAN_POINT('',(0.,0.));
#122 = VECTOR('',#123,1.);
#123 = DIRECTION('',(-2.775557561563E-17,-1.));
#124 = ( GEOMETRIC_REPRESENTATION_CONTEXT(2) 
PARAMETRIC_REPRESENTATION_CONTEXT() REPRESENTATION_CONTEXT('2D SPACE',''
  ) );
#125 = PCURVE('',#126,#131);
#126 = PLANE('',#127);
#127 = AXIS2_PLACEMENT_3D('',#128,#129,#130);
#128 = CARTESIAN_POINT('',(-42.6260098279,39.516791029323,-20.709679014)
  );
#129 = DIRECTION('',(0.,0.422618261741,0.906307787037));
#130 = DIRECTION('',(0.615661475326,-0.714180282262,0.333027734922));
#131 = DEFINITIONAL_REPRESENTATION('',(#132),#136);
#132 = LINE('',#133,#134);
#133 = CARTESIAN_POINT('',(0.,0.));
#134 = VECTOR('',#135,1.);
#135 = DIRECTION('',(1.387778780781E-17,1.));
#136 = ( GEOMETRIC_REPRESENTATION_CONTEXT(2) 
PARAMETRIC_REPRESENTATION_CONTEXT() REPRESENTATION_CONTEXT('2D SPACE',''
  ) );
#137 = ORIENTED_EDGE('',*,*,#138,.T.);
#138 = EDGE_CURVE('',#111,#50,#139,.T.);
#139 = SURFACE_CURVE('',#140,(#144,#151),.PCURVE_S1.);
#140 = LINE('',#141,#142);
#141 = CARTESIAN_POINT('',(-27.65380550937,50.118388025379,
    -25.65328488193));
#142 = VECTOR('',#143,1.);
#143 = DIRECTION('',(0.,0.422618261741,0.906307787037));
#144 = PCURVE('',#58,#145);
#145 = DEFINITIONAL_REPRESENTATION('',(#146),#150);
#146 = LINE('',#147,#148);
#147 = CARTESIAN_POINT('',(-8.881784197001E-16,-19.));
#148 = VECTOR('',#149,1.);
#149 = DIRECTION('',(1.,2.775557561563E-17));
#150 = ( GEOMETRIC_REPRESENTATION_CONTEXT(2) 
PARAMETRIC_REPRESENTATION_CONTEXT() REPRESENTATION_CONTEXT('2D SPACE',''
  ) );
#151 = PCURVE('',#152,#157);
#152 = CYLINDRICAL_SURFACE('',#153,6.);
#153 = AXIS2_PLACEMENT_3D('',#154,#155,#156);
#154 = CARTESIAN_POINT('',(-23.95983665741,45.833306331805,
    -23.6551184724));
#155 = DIRECTION('',(0.,0.422618261741,0.906307787037));
#156 = DIRECTION('',(-0.615661475326,0.714180282262,-0.333027734922));
#157 = DEFINITIONAL_REPRESENTATION('',(#158),#162);
#158 = LINE('',#159,#160);
#159 = CARTESIAN_POINT('',(-0.,0.));
#160 = VECTOR('',#161,1.);
#161 = DIRECTION('',(-0.,1.));
#162 = ( GEOMETRIC_REPRESENTATION_CONTEXT(2) 
PARAMETRIC_REPRESENTATION_CONTEXT() REPRESENTATION_CONTEXT('2D SPACE',''
  ) );
#163 = ADVANCED_FACE('',(#164),#70,.T.);
#164 = FACE_BOUND('',#165,.T.);
#165 = EDGE_LOOP('',(#166,#167,#191,#219,#252,#280,#309,#337));
#166 = ORIENTED_EDGE('',*,*,#47,.F.);
#167 = ORIENTED_EDGE('',*,*,#168,.T.);
#168 = EDGE_CURVE('',#48,#169,#171,.T.);
#169 = VERTEX_POINT('',#170);
#170 = CARTESIAN_POINT('',(-38.93204097594,44.529311094044,
    1.227258710338));
#171 = SURFACE_CURVE('',#172,(#177,#184),.PCURVE_S1.);
#172 = CIRCLE('',#173,6.);
#173 = AXIS2_PLACEMENT_3D('',#174,#175,#176);
#174 = CARTESIAN_POINT('',(-34.2039764543,47.877183829641,
    -0.333879984799));
#175 = DIRECTION('',(2.775557561563E-17,0.422618261741,0.906307787037));
#176 = DIRECTION('',(-0.788010753607,-0.557978789266,0.260189782523));
#177 = PCURVE('',#70,#178);
#178 = DEFINITIONAL_REPRESENTATION('',(#179),#183);
#179 = CIRCLE('',#180,6.);
#180 = AXIS2_PLACEMENT_2D('',#181,#182);
#181 = CARTESIAN_POINT('',(6.,6.));
#182 = DIRECTION('',(-2.775557561563E-17,-1.));
#183 = ( GEOMETRIC_REPRESENTATION_CONTEXT(2) 
PARAMETRIC_REPRESENTATION_CONTEXT() REPRESENTATION_CONTEXT('2D SPACE',''
  ) );
#184 = PCURVE('',#98,#185);
#185 = DEFINITIONAL_REPRESENTATION('',(#186),#190);
#186 = LINE('',#187,#188);
#187 = CARTESIAN_POINT('',(-4.712388980385,22.));
#188 = VECTOR('',#189,1.);
#189 = DIRECTION('',(1.,0.));
#190 = ( GEOMETRIC_REPRESENTATION_CONTEXT(2) 
PARAMETRIC_REPRESENTATION_CONTEXT() REPRESENTATION_CONTEXT('2D SPACE',''
  ) );
#191 = ORIENTED_EDGE('',*,*,#192,.T.);
#192 = EDGE_CURVE('',#169,#193,#195,.T.);
#193 = VERTEX_POINT('',#194);
#194 = CARTESIAN_POINT('',(-32.77542622268,37.38750827142,4.557536059561
    ));
#195 = SURFACE_CURVE('',#196,(#200,#207),.PCURVE_S1.);
#196 = LINE('',#197,#198);
#197 = CARTESIAN_POINT('',(-42.6260098279,48.814392787619,
    -0.770907699195));
#198 = VECTOR('',#199,1.);
#199 = DIRECTION('',(0.615661475326,-0.714180282262,0.333027734922));
#200 = PCURVE('',#70,#201);
#201 = DEFINITIONAL_REPRESENTATION('',(#202),#206);
#202 = LINE('',#203,#204);
#203 = CARTESIAN_POINT('',(0.,0.));
#204 = VECTOR('',#205,1.);
#205 = DIRECTION('',(1.,1.387778780781E-17));
#206 = ( GEOMETRIC_REPRESENTATION_CONTEXT(2) 
PARAMETRIC_REPRESENTATION_CONTEXT() REPRESENTATION_CONTEXT('2D SPACE',''
  ) );
#207 = PCURVE('',#208,#213);
#208 = PLANE('',#209);
#209 = AXIS2_PLACEMENT_3D('',#210,#211,#212);
#210 = CARTESIAN_POINT('',(-42.6260098279,39.516791029323,-20.709679014)
  );
#211 = DIRECTION('',(0.788010753607,0.557978789266,-0.260189782523));
#212 = DIRECTION('',(0.,0.422618261741,0.906307787037));
#213 = DEFINITIONAL_REPRESENTATION('',(#214),#218);
#214 = LINE('',#215,#216);
#215 = CARTESIAN_POINT('',(22.,-3.552713678801E-15));
#216 = VECTOR('',#217,1.);
#217 = DIRECTION('',(0.,1.));
#218 = ( GEOMETRIC_REPRESENTATION_CONTEXT(2) 
PARAMETRIC_REPRESENTATION_CONTEXT() REPRESENTATION_CONTEXT('2D SPACE',''
  ) );
#219 = ORIENTED_EDGE('',*,*,#220,.F.);
#220 = EDGE_CURVE('',#221,#193,#223,.T.);
#221 = VERTEX_POINT('',#222);
#222 = CARTESIAN_POINT('',(-24.35339284909,36.450299313443,
    4.994563773957));
#223 = SURFACE_CURVE('',#224,(#229,#240),.PCURVE_S1.);
#224 = CIRCLE('',#225,6.);
#225 = AXIS2_PLACEMENT_3D('',#226,#227,#228);
#226 = CARTESIAN_POINT('',(-28.04736170104,40.735381007017,
    2.996397364424));
#227 = DIRECTION('',(-2.775557561563E-17,-0.422618261741,-0.906307787037
    ));
#228 = DIRECTION('',(-0.788010753607,-0.557978789266,0.260189782523));
#229 = PCURVE('',#70,#230);
#230 = DEFINITIONAL_REPRESENTATION('',(#231),#239);
#231 = ( BOUNDED_CURVE() B_SPLINE_CURVE(2,(#232,#233,#234,#235,#236,#237
,#238),.UNSPECIFIED.,.T.,.F.) B_SPLINE_CURVE_WITH_KNOTS((1,2,2,2,2,1),(
    -2.094395102393,0.,2.094395102393,4.188790204786,6.28318530718,
8.377580409573),.UNSPECIFIED.) CURVE() GEOMETRIC_REPRESENTATION_ITEM() 
RATIONAL_B_SPLINE_CURVE((1.,0.5,1.,0.5,1.,0.5,1.)) REPRESENTATION_ITEM(
  '') );
#232 = CARTESIAN_POINT('',(16.,-1.7763568394E-15));
#233 = CARTESIAN_POINT('',(5.607695154587,-1.7763568394E-15));
#234 = CARTESIAN_POINT('',(10.803847577293,9.));
#235 = CARTESIAN_POINT('',(16.,18.));
#236 = CARTESIAN_POINT('',(21.196152422707,9.));
#237 = CARTESIAN_POINT('',(26.392304845413,7.105427357601E-15));
#238 = CARTESIAN_POINT('',(16.,-1.7763568394E-15));
#239 = ( GEOMETRIC_REPRESENTATION_CONTEXT(2) 
PARAMETRIC_REPRESENTATION_CONTEXT() REPRESENTATION_CONTEXT('2D SPACE',''
  ) );
#240 = PCURVE('',#241,#246);
#241 = CYLINDRICAL_SURFACE('',#242,6.);
#242 = AXIS2_PLACEMENT_3D('',#243,#244,#245);
#243 = CARTESIAN_POINT('',(-28.04736170104,31.437779248722,
    -16.94237395038));
#244 = DIRECTION('',(0.,0.422618261741,0.906307787037));
#245 = DIRECTION('',(0.615661475326,-0.714180282262,0.333027734922));
#246 = DEFINITIONAL_REPRESENTATION('',(#247),#251);
#247 = LINE('',#248,#249);
#248 = CARTESIAN_POINT('',(4.712388980385,22.));
#249 = VECTOR('',#250,1.);
#250 = DIRECTION('',(-1.,0.));
#251 = ( GEOMETRIC_REPRESENTATION_CONTEXT(2) 
PARAMETRIC_REPRESENTATION_CONTEXT() REPRESENTATION_CONTEXT('2D SPACE',''
  ) );
#252 = ORIENTED_EDGE('',*,*,#253,.T.);
#253 = EDGE_CURVE('',#221,#254,#256,.T.);
#254 = VERTEX_POINT('',#255);
#255 = CARTESIAN_POINT('',(-14.1092530522,43.704023573902,1.61209660116)
  );
#256 = SURFACE_CURVE('',#257,(#261,#268),.PCURVE_S1.);
#257 = LINE('',#258,#259);
#258 = CARTESIAN_POINT('',(-29.08145737073,33.102426577846,
    6.555702469094));
#259 = VECTOR('',#260,1.);
#260 = DIRECTION('',(0.788010753607,0.557978789266,-0.260189782523));
#261 = PCURVE('',#70,#262);
#262 = DEFINITIONAL_REPRESENTATION('',(#263),#267);
#263 = LINE('',#264,#265);
#264 = CARTESIAN_POINT('',(22.,-9.769962616701E-15));
#265 = VECTOR('',#266,1.);
#266 = DIRECTION('',(1.387778780781E-17,1.));
#267 = ( GEOMETRIC_REPRESENTATION_CONTEXT(2) 
PARAMETRIC_REPRESENTATION_CONTEXT() REPRESENTATION_CONTEXT('2D SPACE',''
  ) );
#268 = PCURVE('',#269,#274);
#269 = PLANE('',#270);
#270 = AXIS2_PLACEMENT_3D('',#271,#272,#273);
#271 = CARTESIAN_POINT('',(-29.08145737073,23.804824819551,
    -13.38306884571));
#272 = DIRECTION('',(0.615661475326,-0.714180282262,0.333027734922));
#273 = DIRECTION('',(0.,0.422618261741,0.906307787037));
#274 = DEFINITIONAL_REPRESENTATION('',(#275),#279);
#275 = LINE('',#276,#277);
#276 = CARTESIAN_POINT('',(22.,1.7763568394E-15));
#277 = VECTOR('',#278,1.);
#278 = DIRECTION('',(-2.775557561563E-17,-1.));
#279 = ( GEOMETRIC_REPRESENTATION_CONTEXT(2) 
PARAMETRIC_REPRESENTATION_CONTEXT() REPRESENTATION_CONTEXT('2D SPACE',''
  ) );
#280 = ORIENTED_EDGE('',*,*,#281,.T.);
#281 = EDGE_CURVE('',#254,#282,#284,.T.);
#282 = VERTEX_POINT('',#283);
#283 = CARTESIAN_POINT('',(-13.07515738252,51.336978003073,
    -1.94720850351));
#284 = SURFACE_CURVE('',#285,(#290,#297),.PCURVE_S1.);
#285 = CIRCLE('',#286,6.);
#286 = AXIS2_PLACEMENT_3D('',#287,#288,#289);
#287 = CARTESIAN_POINT('',(-17.80322190416,47.989105267477,
    -0.386069808373));
#288 = DIRECTION('',(2.775557561563E-17,0.422618261741,0.906307787037));
#289 = DIRECTION('',(-0.788010753607,-0.557978789266,0.260189782523));
#290 = PCURVE('',#70,#291);
#291 = DEFINITIONAL_REPRESENTATION('',(#292),#296);
#292 = CIRCLE('',#293,6.);
#293 = AXIS2_PLACEMENT_2D('',#294,#295);
#294 = CARTESIAN_POINT('',(16.,19.));
#295 = DIRECTION('',(-2.775557561563E-17,-1.));
#296 = ( GEOMETRIC_REPRESENTATION_CONTEXT(2) 
PARAMETRIC_REPRESENTATION_CONTEXT() REPRESENTATION_CONTEXT('2D SPACE',''
  ) );
#297 = PCURVE('',#298,#303);
#298 = CYLINDRICAL_SURFACE('',#299,6.);
#299 = AXIS2_PLACEMENT_3D('',#300,#301,#302);
#300 = CARTESIAN_POINT('',(-17.80322190416,38.691503509181,
    -20.32484112318));
#301 = DIRECTION('',(0.,0.422618261741,0.906307787037));
#302 = DIRECTION('',(0.615661475326,-0.714180282262,0.333027734922));
#303 = DEFINITIONAL_REPRESENTATION('',(#304),#308);
#304 = LINE('',#305,#306);
#305 = CARTESIAN_POINT('',(-1.570796326795,22.));
#306 = VECTOR('',#307,1.);
#307 = DIRECTION('',(1.,0.));
#308 = ( GEOMETRIC_REPRESENTATION_CONTEXT(2) 
PARAMETRIC_REPRESENTATION_CONTEXT() REPRESENTATION_CONTEXT('2D SPACE',''
  ) );
#309 = ORIENTED_EDGE('',*,*,#310,.F.);
#310 = EDGE_CURVE('',#311,#282,#313,.T.);
#311 = VERTEX_POINT('',#312);
#312 = CARTESIAN_POINT('',(-19.23177213577,58.478780825697,
    -5.277485852733));
#313 = SURFACE_CURVE('',#314,(#318,#325),.PCURVE_S1.);
#314 = LINE('',#315,#316);
#315 = CARTESIAN_POINT('',(-22.92574098773,62.763862519272,
    -7.275652262266));
#316 = VECTOR('',#317,1.);
#317 = DIRECTION('',(0.615661475326,-0.714180282262,0.333027734922));
#318 = PCURVE('',#70,#319);
#319 = DEFINITIONAL_REPRESENTATION('',(#320),#324);
#320 = LINE('',#321,#322);
#321 = CARTESIAN_POINT('',(3.996802888651E-15,25.));
#322 = VECTOR('',#323,1.);
#323 = DIRECTION('',(1.,1.387778780781E-17));
#324 = ( GEOMETRIC_REPRESENTATION_CONTEXT(2) 
PARAMETRIC_REPRESENTATION_CONTEXT() REPRESENTATION_CONTEXT('2D SPACE',''
  ) );
#325 = PCURVE('',#326,#331);
#326 = PLANE('',#327);
#327 = AXIS2_PLACEMENT_3D('',#328,#329,#330);
#328 = CARTESIAN_POINT('',(-22.92574098773,53.466260760976,
    -27.21442357707));
#329 = DIRECTION('',(0.788010753607,0.557978789266,-0.260189782523));
#330 = DIRECTION('',(0.,0.422618261741,0.906307787037));
#331 = DEFINITIONAL_REPRESENTATION('',(#332),#336);
#332 = LINE('',#333,#334);
#333 = CARTESIAN_POINT('',(22.,0.));
#334 = VECTOR('',#335,1.);
#335 = DIRECTION('',(0.,1.));
#336 = ( GEOMETRIC_REPRESENTATION_CONTEXT(2) 
PARAMETRIC_REPRESENTATION_CONTEXT() REPRESENTATION_CONTEXT('2D SPACE',''
  ) );
#337 = ORIENTED_EDGE('',*,*,#338,.F.);
#338 = EDGE_CURVE('',#50,#311,#339,.T.);
#339 = SURFACE_CURVE('',#340,(#345,#356),.PCURVE_S1.);
#340 = CIRCLE('',#341,6.);
#341 = AXIS2_PLACEMENT_3D('',#342,#343,#344);
#342 = CARTESIAN_POINT('',(-23.95983665741,55.1309080901,-3.716347157596
    ));
#343 = DIRECTION('',(-2.775557561563E-17,-0.422618261741,-0.906307787037
    ));
#344 = DIRECTION('',(-0.788010753607,-0.557978789266,0.260189782523));
#345 = PCURVE('',#70,#346);
#346 = DEFINITIONAL_REPRESENTATION('',(#347),#355);
#347 = ( BOUNDED_CURVE() B_SPLINE_CURVE(2,(#348,#349,#350,#351,#352,#353
,#354),.UNSPECIFIED.,.T.,.F.) B_SPLINE_CURVE_WITH_KNOTS((1,2,2,2,2,1),(
    -2.094395102393,0.,2.094395102393,4.188790204786,6.28318530718,
8.377580409573),.UNSPECIFIED.) CURVE() GEOMETRIC_REPRESENTATION_ITEM() 
RATIONAL_B_SPLINE_CURVE((1.,0.5,1.,0.5,1.,0.5,1.)) REPRESENTATION_ITEM(
  '') );
#348 = CARTESIAN_POINT('',(6.,13.));
#349 = CARTESIAN_POINT('',(-4.392304845413,13.));
#350 = CARTESIAN_POINT('',(0.803847577293,22.));
#351 = CARTESIAN_POINT('',(6.,31.));
#352 = CARTESIAN_POINT('',(11.196152422707,22.));
#353 = CARTESIAN_POINT('',(16.392304845413,13.));
#354 = CARTESIAN_POINT('',(6.,13.));
#355 = ( GEOMETRIC_REPRESENTATION_CONTEXT(2) 
PARAMETRIC_REPRESENTATION_CONTEXT() REPRESENTATION_CONTEXT('2D SPACE',''
  ) );
#356 = PCURVE('',#152,#357);
#357 = DEFINITIONAL_REPRESENTATION('',(#358),#362);
#358 = LINE('',#359,#360);
#359 = CARTESIAN_POINT('',(1.570796326795,22.));
#360 = VECTOR('',#361,1.);
#361 = DIRECTION('',(-1.,0.));
#362 = ( GEOMETRIC_REPRESENTATION_CONTEXT(2) 
PARAMETRIC_REPRESENTATION_CONTEXT() REPRESENTATION_CONTEXT('2D SPACE',''
  ) );
#363 = ADVANCED_FACE('',(#364),#98,.T.);
#364 = FACE_BOUND('',#365,.T.);
#365 = EDGE_LOOP('',(#366,#390,#411,#412));
#366 = ORIENTED_EDGE('',*,*,#367,.T.);
#367 = EDGE_CURVE('',#83,#368,#370,.T.);
#368 = VERTEX_POINT('',#369);
#369 = CARTESIAN_POINT('',(-38.93204097594,35.231709335749,
    -18.71151260446));
#370 = SURFACE_CURVE('',#371,(#376,#383),.PCURVE_S1.);
#371 = CIRCLE('',#372,6.);
#372 = AXIS2_PLACEMENT_3D('',#373,#374,#375);
#373 = CARTESIAN_POINT('',(-34.2039764543,38.579582071346,-20.2726512996
    ));
#374 = DIRECTION('',(2.775557561563E-17,0.422618261741,0.906307787037));
#375 = DIRECTION('',(-0.788010753607,-0.557978789266,0.260189782523));
#376 = PCURVE('',#98,#377);
#377 = DEFINITIONAL_REPRESENTATION('',(#378),#382);
#378 = LINE('',#379,#380);
#379 = CARTESIAN_POINT('',(-4.712388980385,0.));
#380 = VECTOR('',#381,1.);
#381 = DIRECTION('',(1.,0.));
#382 = ( GEOMETRIC_REPRESENTATION_CONTEXT(2) 
PARAMETRIC_REPRESENTATION_CONTEXT() REPRESENTATION_CONTEXT('2D SPACE',''
  ) );
#383 = PCURVE('',#126,#384);
#384 = DEFINITIONAL_REPRESENTATION('',(#385),#389);
#385 = CIRCLE('',#386,6.);
#386 = AXIS2_PLACEMENT_2D('',#387,#388);
#387 = CARTESIAN_POINT('',(6.,6.));
#388 = DIRECTION('',(-2.775557561563E-17,-1.));
#389 = ( GEOMETRIC_REPRESENTATION_CONTEXT(2) 
PARAMETRIC_REPRESENTATION_CONTEXT() REPRESENTATION_CONTEXT('2D SPACE',''
  ) );
#390 = ORIENTED_EDGE('',*,*,#391,.T.);
#391 = EDGE_CURVE('',#368,#169,#392,.T.);
#392 = SURFACE_CURVE('',#393,(#397,#404),.PCURVE_S1.);
#393 = LINE('',#394,#395);
#394 = CARTESIAN_POINT('',(-38.93204097594,35.231709335749,
    -18.71151260446));
#395 = VECTOR('',#396,1.);
#396 = DIRECTION('',(0.,0.422618261741,0.906307787037));
#397 = PCURVE('',#98,#398);
#398 = DEFINITIONAL_REPRESENTATION('',(#399),#403);
#399 = LINE('',#400,#401);
#400 = CARTESIAN_POINT('',(1.570796326795,0.));
#401 = VECTOR('',#402,1.);
#402 = DIRECTION('',(0.,1.));
#403 = ( GEOMETRIC_REPRESENTATION_CONTEXT(2) 
PARAMETRIC_REPRESENTATION_CONTEXT() REPRESENTATION_CONTEXT('2D SPACE',''
  ) );
#404 = PCURVE('',#208,#405);
#405 = DEFINITIONAL_REPRESENTATION('',(#406),#410);
#406 = LINE('',#407,#408);
#407 = CARTESIAN_POINT('',(8.881784197001E-16,6.));
#408 = VECTOR('',#409,1.);
#409 = DIRECTION('',(1.,0.));
#410 = ( GEOMETRIC_REPRESENTATION_CONTEXT(2) 
PARAMETRIC_REPRESENTATION_CONTEXT() REPRESENTATION_CONTEXT('2D SPACE',''
  ) );
#411 = ORIENTED_EDGE('',*,*,#168,.F.);
#412 = ORIENTED_EDGE('',*,*,#82,.F.);
#413 = ADVANCED_FACE('',(#414),#152,.T.);
#414 = FACE_BOUND('',#415,.F.);
#415 = EDGE_LOOP('',(#416,#444,#465,#466));
#416 = ORIENTED_EDGE('',*,*,#417,.T.);
#417 = EDGE_CURVE('',#111,#418,#420,.T.);
#418 = VERTEX_POINT('',#419);
#419 = CARTESIAN_POINT('',(-19.23177213577,49.181179067402,
    -25.21625716753));
#420 = SURFACE_CURVE('',#421,(#426,#433),.PCURVE_S1.);
#421 = CIRCLE('',#422,6.);
#422 = AXIS2_PLACEMENT_3D('',#423,#424,#425);
#423 = CARTESIAN_POINT('',(-23.95983665741,45.833306331805,
    -23.6551184724));
#424 = DIRECTION('',(-2.775557561563E-17,-0.422618261741,-0.906307787037
    ));
#425 = DIRECTION('',(-0.788010753607,-0.557978789266,0.260189782523));
#426 = PCURVE('',#152,#427);
#427 = DEFINITIONAL_REPRESENTATION('',(#428),#432);
#428 = LINE('',#429,#430);
#429 = CARTESIAN_POINT('',(1.570796326795,-0.));
#430 = VECTOR('',#431,1.);
#431 = DIRECTION('',(-1.,0.));
#432 = ( GEOMETRIC_REPRESENTATION_CONTEXT(2) 
PARAMETRIC_REPRESENTATION_CONTEXT() REPRESENTATION_CONTEXT('2D SPACE',''
  ) );
#433 = PCURVE('',#126,#434);
#434 = DEFINITIONAL_REPRESENTATION('',(#435),#443);
#435 = ( BOUNDED_CURVE() B_SPLINE_CURVE(2,(#436,#437,#438,#439,#440,#441
,#442),.UNSPECIFIED.,.T.,.F.) B_SPLINE_CURVE_WITH_KNOTS((1,2,2,2,2,1),(
    -2.094395102393,0.,2.094395102393,4.188790204786,6.28318530718,
8.377580409573),.UNSPECIFIED.) CURVE() GEOMETRIC_REPRESENTATION_ITEM() 
RATIONAL_B_SPLINE_CURVE((1.,0.5,1.,0.5,1.,0.5,1.)) REPRESENTATION_ITEM(
  '') );
#436 = CARTESIAN_POINT('',(6.,13.));
#437 = CARTESIAN_POINT('',(-4.392304845413,13.));
#438 = CARTESIAN_POINT('',(0.803847577293,22.));
#439 = CARTESIAN_POINT('',(6.,31.));
#440 = CARTESIAN_POINT('',(11.196152422707,22.));
#441 = CARTESIAN_POINT('',(16.392304845413,13.));
#442 = CARTESIAN_POINT('',(6.,13.));
#443 = ( GEOMETRIC_REPRESENTATION_CONTEXT(2) 
PARAMETRIC_REPRESENTATION_CONTEXT() REPRESENTATION_CONTEXT('2D SPACE',''
  ) );
#444 = ORIENTED_EDGE('',*,*,#445,.T.);
#445 = EDGE_CURVE('',#418,#311,#446,.T.);
#446 = SURFACE_CURVE('',#447,(#451,#458),.PCURVE_S1.);
#447 = LINE('',#448,#449);
#448 = CARTESIAN_POINT('',(-19.23177213577,49.181179067402,
    -25.21625716753));
#449 = VECTOR('',#450,1.);
#450 = DIRECTION('',(0.,0.422618261741,0.906307787037));
#451 = PCURVE('',#152,#452);
#452 = DEFINITIONAL_REPRESENTATION('',(#453),#457);
#453 = LINE('',#454,#455);
#454 = CARTESIAN_POINT('',(-1.570796326795,0.));
#455 = VECTOR('',#456,1.);
#456 = DIRECTION('',(-0.,1.));
#457 = ( GEOMETRIC_REPRESENTATION_CONTEXT(2) 
PARAMETRIC_REPRESENTATION_CONTEXT() REPRESENTATION_CONTEXT('2D SPACE',''
  ) );
#458 = PCURVE('',#326,#459);
#459 = DEFINITIONAL_REPRESENTATION('',(#460),#464);
#460 = LINE('',#461,#462);
#461 = CARTESIAN_POINT('',(8.881784197001E-16,6.));
#462 = VECTOR('',#463,1.);
#463 = DIRECTION('',(1.,0.));
#464 = ( GEOMETRIC_REPRESENTATION_CONTEXT(2) 
PARAMETRIC_REPRESENTATION_CONTEXT() REPRESENTATION_CONTEXT('2D SPACE',''
  ) );
#465 = ORIENTED_EDGE('',*,*,#338,.F.);
#466 = ORIENTED_EDGE('',*,*,#138,.F.);
#467 = ADVANCED_FACE('',(#468),#126,.F.);
#468 = FACE_BOUND('',#469,.F.);
#469 = EDGE_LOOP('',(#470,#471,#472,#495,#523,#546,#570,#591));
#470 = ORIENTED_EDGE('',*,*,#110,.F.);
#471 = ORIENTED_EDGE('',*,*,#367,.T.);
#472 = ORIENTED_EDGE('',*,*,#473,.T.);
#473 = EDGE_CURVE('',#368,#474,#476,.T.);
#474 = VERTEX_POINT('',#475);
#475 = CARTESIAN_POINT('',(-32.77542622268,28.089906513125,
    -15.38123525524));
#476 = SURFACE_CURVE('',#477,(#481,#488),.PCURVE_S1.);
#477 = LINE('',#478,#479);
#478 = CARTESIAN_POINT('',(-42.6260098279,39.516791029323,-20.709679014)
  );
#479 = VECTOR('',#480,1.);
#480 = DIRECTION('',(0.615661475326,-0.714180282262,0.333027734922));
#481 = PCURVE('',#126,#482);
#482 = DEFINITIONAL_REPRESENTATION('',(#483),#487);
#483 = LINE('',#484,#485);
#484 = CARTESIAN_POINT('',(0.,0.));
#485 = VECTOR('',#486,1.);
#486 = DIRECTION('',(1.,1.387778780781E-17));
#487 = ( GEOMETRIC_REPRESENTATION_CONTEXT(2) 
PARAMETRIC_REPRESENTATION_CONTEXT() REPRESENTATION_CONTEXT('2D SPACE',''
  ) );
#488 = PCURVE('',#208,#489);
#489 = DEFINITIONAL_REPRESENTATION('',(#490),#494);
#490 = LINE('',#491,#492);
#491 = CARTESIAN_POINT('',(0.,0.));
#492 = VECTOR('',#493,1.);
#493 = DIRECTION('',(0.,1.));
#494 = ( GEOMETRIC_REPRESENTATION_CONTEXT(2) 
PARAMETRIC_REPRESENTATION_CONTEXT() REPRESENTATION_CONTEXT('2D SPACE',''
  ) );
#495 = ORIENTED_EDGE('',*,*,#496,.F.);
#496 = EDGE_CURVE('',#497,#474,#499,.T.);
#497 = VERTEX_POINT('',#498);
#498 = CARTESIAN_POINT('',(-24.35339284909,27.152697555147,
    -14.94420754084));
#499 = SURFACE_CURVE('',#500,(#505,#516),.PCURVE_S1.);
#500 = CIRCLE('',#501,6.);
#501 = AXIS2_PLACEMENT_3D('',#502,#503,#504);
#502 = CARTESIAN_POINT('',(-28.04736170104,31.437779248722,
    -16.94237395038));
#503 = DIRECTION('',(-2.775557561563E-17,-0.422618261741,-0.906307787037
    ));
#504 = DIRECTION('',(-0.788010753607,-0.557978789266,0.260189782523));
#505 = PCURVE('',#126,#506);
#506 = DEFINITIONAL_REPRESENTATION('',(#507),#515);
#507 = ( BOUNDED_CURVE() B_SPLINE_CURVE(2,(#508,#509,#510,#511,#512,#513
,#514),.UNSPECIFIED.,.T.,.F.) B_SPLINE_CURVE_WITH_KNOTS((1,2,2,2,2,1),(
    -2.094395102393,0.,2.094395102393,4.188790204786,6.28318530718,
8.377580409573),.UNSPECIFIED.) CURVE() GEOMETRIC_REPRESENTATION_ITEM() 
RATIONAL_B_SPLINE_CURVE((1.,0.5,1.,0.5,1.,0.5,1.)) REPRESENTATION_ITEM(
  '') );
#508 = CARTESIAN_POINT('',(16.,-3.552713678801E-15));
#509 = CARTESIAN_POINT('',(5.607695154587,-3.552713678801E-15));
#510 = CARTESIAN_POINT('',(10.803847577293,9.));
#511 = CARTESIAN_POINT('',(16.,18.));
#512 = CARTESIAN_POINT('',(21.196152422707,9.));
#513 = CARTESIAN_POINT('',(26.392304845413,5.329070518201E-15));
#514 = CARTESIAN_POINT('',(16.,-3.552713678801E-15));
#515 = ( GEOMETRIC_REPRESENTATION_CONTEXT(2) 
PARAMETRIC_REPRESENTATION_CONTEXT() REPRESENTATION_CONTEXT('2D SPACE',''
  ) );
#516 = PCURVE('',#241,#517);
#517 = DEFINITIONAL_REPRESENTATION('',(#518),#522);
#518 = LINE('',#519,#520);
#519 = CARTESIAN_POINT('',(4.712388980385,-0.));
#520 = VECTOR('',#521,1.);
#521 = DIRECTION('',(-1.,0.));
#522 = ( GEOMETRIC_REPRESENTATION_CONTEXT(2) 
PARAMETRIC_REPRESENTATION_CONTEXT() REPRESENTATION_CONTEXT('2D SPACE',''
  ) );
#523 = ORIENTED_EDGE('',*,*,#524,.T.);
#524 = EDGE_CURVE('',#497,#525,#527,.T.);
#525 = VERTEX_POINT('',#526);
#526 = CARTESIAN_POINT('',(-14.1092530522,34.406421815607,
    -18.32667471364));
#527 = SURFACE_CURVE('',#528,(#532,#539),.PCURVE_S1.);
#528 = LINE('',#529,#530);
#529 = CARTESIAN_POINT('',(-29.08145737073,23.804824819551,
    -13.38306884571));
#530 = VECTOR('',#531,1.);
#531 = DIRECTION('',(0.788010753607,0.557978789266,-0.260189782523));
#532 = PCURVE('',#126,#533);
#533 = DEFINITIONAL_REPRESENTATION('',(#534),#538);
#534 = LINE('',#535,#536);
#535 = CARTESIAN_POINT('',(22.,-5.551115123126E-15));
#536 = VECTOR('',#537,1.);
#537 = DIRECTION('',(1.387778780781E-17,1.));
#538 = ( GEOMETRIC_REPRESENTATION_CONTEXT(2) 
PARAMETRIC_REPRESENTATION_CONTEXT() REPRESENTATION_CONTEXT('2D SPACE',''
  ) );
#539 = PCURVE('',#269,#540);
#540 = DEFINITIONAL_REPRESENTATION('',(#541),#545);
#541 = LINE('',#542,#543);
#542 = CARTESIAN_POINT('',(0.,0.));
#543 = VECTOR('',#544,1.);
#544 = DIRECTION('',(-2.775557561563E-17,-1.));
#545 = ( GEOMETRIC_REPRESENTATION_CONTEXT(2) 
PARAMETRIC_REPRESENTATION_CONTEXT() REPRESENTATION_CONTEXT('2D SPACE',''
  ) );
#546 = ORIENTED_EDGE('',*,*,#547,.T.);
#547 = EDGE_CURVE('',#525,#548,#550,.T.);
#548 = VERTEX_POINT('',#549);
#549 = CARTESIAN_POINT('',(-13.07515738252,42.039376244778,
    -21.88597981831));
#550 = SURFACE_CURVE('',#551,(#556,#563),.PCURVE_S1.);
#551 = CIRCLE('',#552,6.);
#552 = AXIS2_PLACEMENT_3D('',#553,#554,#555);
#553 = CARTESIAN_POINT('',(-17.80322190416,38.691503509181,
    -20.32484112318));
#554 = DIRECTION('',(2.775557561563E-17,0.422618261741,0.906307787037));
#555 = DIRECTION('',(-0.788010753607,-0.557978789266,0.260189782523));
#556 = PCURVE('',#126,#557);
#557 = DEFINITIONAL_REPRESENTATION('',(#558),#562);
#558 = CIRCLE('',#559,6.);
#559 = AXIS2_PLACEMENT_2D('',#560,#561);
#560 = CARTESIAN_POINT('',(16.,19.));
#561 = DIRECTION('',(-2.775557561563E-17,-1.));
#562 = ( GEOMETRIC_REPRESENTATION_CONTEXT(2) 
PARAMETRIC_REPRESENTATION_CONTEXT() REPRESENTATION_CONTEXT('2D SPACE',''
  ) );
#563 = PCURVE('',#298,#564);
#564 = DEFINITIONAL_REPRESENTATION('',(#565),#569);
#565 = LINE('',#566,#567);
#566 = CARTESIAN_POINT('',(-1.570796326795,0.));
#567 = VECTOR('',#568,1.);
#568 = DIRECTION('',(1.,0.));
#569 = ( GEOMETRIC_REPRESENTATION_CONTEXT(2) 
PARAMETRIC_REPRESENTATION_CONTEXT() REPRESENTATION_CONTEXT('2D SPACE',''
  ) );
#570 = ORIENTED_EDGE('',*,*,#571,.F.);
#571 = EDGE_CURVE('',#418,#548,#572,.T.);
#572 = SURFACE_CURVE('',#573,(#577,#584),.PCURVE_S1.);
#573 = LINE('',#574,#575);
#574 = CARTESIAN_POINT('',(-22.92574098773,53.466260760976,
    -27.21442357707));
#575 = VECTOR('',#576,1.);
#576 = DIRECTION('',(0.615661475326,-0.714180282262,0.333027734922));
#577 = PCURVE('',#126,#578);
#578 = DEFINITIONAL_REPRESENTATION('',(#579),#583);
#579 = LINE('',#580,#581);
#580 = CARTESIAN_POINT('',(-2.6645352591E-15,25.));
#581 = VECTOR('',#582,1.);
#582 = DIRECTION('',(1.,1.387778780781E-17));
#583 = ( GEOMETRIC_REPRESENTATION_CONTEXT(2) 
PARAMETRIC_REPRESENTATION_CONTEXT() REPRESENTATION_CONTEXT('2D SPACE',''
  ) );
#584 = PCURVE('',#326,#585);
#585 = DEFINITIONAL_REPRESENTATION('',(#586),#590);
#586 = LINE('',#587,#588);
#587 = CARTESIAN_POINT('',(0.,0.));
#588 = VECTOR('',#589,1.);
#589 = DIRECTION('',(0.,1.));
#590 = ( GEOMETRIC_REPRESENTATION_CONTEXT(2) 
PARAMETRIC_REPRESENTATION_CONTEXT() REPRESENTATION_CONTEXT('2D SPACE',''
  ) );
#591 = ORIENTED_EDGE('',*,*,#417,.F.);
#592 = ADVANCED_FACE('',(#593),#208,.F.);
#593 = FACE_BOUND('',#594,.F.);
#594 = EDGE_LOOP('',(#595,#596,#597,#598));
#595 = ORIENTED_EDGE('',*,*,#473,.F.);
#596 = ORIENTED_EDGE('',*,*,#391,.T.);
#597 = ORIENTED_EDGE('',*,*,#192,.T.);
#598 = ORIENTED_EDGE('',*,*,#599,.F.);
#599 = EDGE_CURVE('',#474,#193,#600,.T.);
#600 = SURFACE_CURVE('',#601,(#605,#612),.PCURVE_S1.);
#601 = LINE('',#602,#603);
#602 = CARTESIAN_POINT('',(-32.77542622268,28.089906513125,
    -15.38123525524));
#603 = VECTOR('',#604,1.);
#604 = DIRECTION('',(0.,0.422618261741,0.906307787037));
#605 = PCURVE('',#208,#606);
#606 = DEFINITIONAL_REPRESENTATION('',(#607),#611);
#607 = LINE('',#608,#609);
#608 = CARTESIAN_POINT('',(1.7763568394E-15,16.));
#609 = VECTOR('',#610,1.);
#610 = DIRECTION('',(1.,0.));
#611 = ( GEOMETRIC_REPRESENTATION_CONTEXT(2) 
PARAMETRIC_REPRESENTATION_CONTEXT() REPRESENTATION_CONTEXT('2D SPACE',''
  ) );
#612 = PCURVE('',#241,#613);
#613 = DEFINITIONAL_REPRESENTATION('',(#614),#618);
#614 = LINE('',#615,#616);
#615 = CARTESIAN_POINT('',(-1.570796326795,0.));
#616 = VECTOR('',#617,1.);
#617 = DIRECTION('',(-0.,1.));
#618 = ( GEOMETRIC_REPRESENTATION_CONTEXT(2) 
PARAMETRIC_REPRESENTATION_CONTEXT() REPRESENTATION_CONTEXT('2D SPACE',''
  ) );
#619 = ADVANCED_FACE('',(#620),#326,.T.);
#620 = FACE_BOUND('',#621,.T.);
#621 = EDGE_LOOP('',(#622,#623,#624,#625));
#622 = ORIENTED_EDGE('',*,*,#571,.F.);
#623 = ORIENTED_EDGE('',*,*,#445,.T.);
#624 = ORIENTED_EDGE('',*,*,#310,.T.);
#625 = ORIENTED_EDGE('',*,*,#626,.F.);
#626 = EDGE_CURVE('',#548,#282,#627,.T.);
#627 = SURFACE_CURVE('',#628,(#632,#639),.PCURVE_S1.);
#628 = LINE('',#629,#630);
#629 = CARTESIAN_POINT('',(-13.07515738252,42.039376244778,
    -21.88597981831));
#630 = VECTOR('',#631,1.);
#631 = DIRECTION('',(0.,0.422618261741,0.906307787037));
#632 = PCURVE('',#326,#633);
#633 = DEFINITIONAL_REPRESENTATION('',(#634),#638);
#634 = LINE('',#635,#636);
#635 = CARTESIAN_POINT('',(-3.552713678801E-15,16.));
#636 = VECTOR('',#637,1.);
#637 = DIRECTION('',(1.,0.));
#638 = ( GEOMETRIC_REPRESENTATION_CONTEXT(2) 
PARAMETRIC_REPRESENTATION_CONTEXT() REPRESENTATION_CONTEXT('2D SPACE',''
  ) );
#639 = PCURVE('',#298,#640);
#640 = DEFINITIONAL_REPRESENTATION('',(#641),#645);
#641 = LINE('',#642,#643);
#642 = CARTESIAN_POINT('',(1.570796326795,0.));
#643 = VECTOR('',#644,1.);
#644 = DIRECTION('',(0.,1.));
#645 = ( GEOMETRIC_REPRESENTATION_CONTEXT(2) 
PARAMETRIC_REPRESENTATION_CONTEXT() REPRESENTATION_CONTEXT('2D SPACE',''
  ) );
#646 = ADVANCED_FACE('',(#647),#241,.T.);
#647 = FACE_BOUND('',#648,.F.);
#648 = EDGE_LOOP('',(#649,#650,#651,#652));
#649 = ORIENTED_EDGE('',*,*,#496,.T.);
#650 = ORIENTED_EDGE('',*,*,#599,.T.);
#651 = ORIENTED_EDGE('',*,*,#220,.F.);
#652 = ORIENTED_EDGE('',*,*,#653,.F.);
#653 = EDGE_CURVE('',#497,#221,#654,.T.);
#654 = SURFACE_CURVE('',#655,(#659,#666),.PCURVE_S1.);
#655 = LINE('',#656,#657);
#656 = CARTESIAN_POINT('',(-24.35339284909,27.152697555147,
    -14.94420754084));
#657 = VECTOR('',#658,1.);
#658 = DIRECTION('',(0.,0.422618261741,0.906307787037));
#659 = PCURVE('',#241,#660);
#660 = DEFINITIONAL_REPRESENTATION('',(#661),#665);
#661 = LINE('',#662,#663);
#662 = CARTESIAN_POINT('',(-0.,0.));
#663 = VECTOR('',#664,1.);
#664 = DIRECTION('',(-0.,1.));
#665 = ( GEOMETRIC_REPRESENTATION_CONTEXT(2) 
PARAMETRIC_REPRESENTATION_CONTEXT() REPRESENTATION_CONTEXT('2D SPACE',''
  ) );
#666 = PCURVE('',#269,#667);
#667 = DEFINITIONAL_REPRESENTATION('',(#668),#672);
#668 = LINE('',#669,#670);
#669 = CARTESIAN_POINT('',(-4.440892098501E-16,-6.));
#670 = VECTOR('',#671,1.);
#671 = DIRECTION('',(1.,2.775557561563E-17));
#672 = ( GEOMETRIC_REPRESENTATION_CONTEXT(2) 
PARAMETRIC_REPRESENTATION_CONTEXT() REPRESENTATION_CONTEXT('2D SPACE',''
  ) );
#673 = ADVANCED_FACE('',(#674),#298,.T.);
#674 = FACE_BOUND('',#675,.T.);
#675 = EDGE_LOOP('',(#676,#677,#678,#679));
#676 = ORIENTED_EDGE('',*,*,#547,.T.);
#677 = ORIENTED_EDGE('',*,*,#626,.T.);
#678 = ORIENTED_EDGE('',*,*,#281,.F.);
#679 = ORIENTED_EDGE('',*,*,#680,.F.);
#680 = EDGE_CURVE('',#525,#254,#681,.T.);
#681 = SURFACE_CURVE('',#682,(#686,#693),.PCURVE_S1.);
#682 = LINE('',#683,#684);
#683 = CARTESIAN_POINT('',(-14.1092530522,34.406421815607,
    -18.32667471364));
#684 = VECTOR('',#685,1.);
#685 = DIRECTION('',(0.,0.422618261741,0.906307787037));
#686 = PCURVE('',#298,#687);
#687 = DEFINITIONAL_REPRESENTATION('',(#688),#692);
#688 = LINE('',#689,#690);
#689 = CARTESIAN_POINT('',(0.,0.));
#690 = VECTOR('',#691,1.);
#691 = DIRECTION('',(0.,1.));
#692 = ( GEOMETRIC_REPRESENTATION_CONTEXT(2) 
PARAMETRIC_REPRESENTATION_CONTEXT() REPRESENTATION_CONTEXT('2D SPACE',''
  ) );
#693 = PCURVE('',#269,#694);
#694 = DEFINITIONAL_REPRESENTATION('',(#695),#699);
#695 = LINE('',#696,#697);
#696 = CARTESIAN_POINT('',(-8.881784197001E-16,-19.));
#697 = VECTOR('',#698,1.);
#698 = DIRECTION('',(1.,2.775557561563E-17));
#699 = ( GEOMETRIC_REPRESENTATION_CONTEXT(2) 
PARAMETRIC_REPRESENTATION_CONTEXT() REPRESENTATION_CONTEXT('2D SPACE',''
  ) );
#700 = ADVANCED_FACE('',(#701),#269,.T.);
#701 = FACE_BOUND('',#702,.T.);
#702 = EDGE_LOOP('',(#703,#704,#705,#706));
#703 = ORIENTED_EDGE('',*,*,#253,.F.);
#704 = ORIENTED_EDGE('',*,*,#653,.F.);
#705 = ORIENTED_EDGE('',*,*,#524,.T.);
#706 = ORIENTED_EDGE('',*,*,#680,.T.);
#707 = ( GEOMETRIC_REPRESENTATION_CONTEXT(3) 
GLOBAL_UNCERTAINTY_ASSIGNED_CONTEXT((#711)) GLOBAL_UNIT_ASSIGNED_CONTEXT
((#708,#709,#710)) REPRESENTATION_CONTEXT('Context #1',
  '3D Context with UNIT and UNCERTAINTY') );
#708 = ( LENGTH_UNIT() NAMED_UNIT(*) SI_UNIT(.MILLI.,.METRE.) );
#709 = ( NAMED_UNIT(*) PLANE_ANGLE_UNIT() SI_UNIT($,.RADIAN.) );
#710 = ( NAMED_UNIT(*) SI_UNIT($,.STERADIAN.) SOLID_ANGLE_UNIT() );
#711 = UNCERTAINTY_MEASURE_WITH_UNIT(LENGTH_MEASURE(1.E-07),#708,
  'distance_accuracy_value','confusion accuracy');
#712 = CONTEXT_DEPENDENT_SHAPE_REPRESENTATION(#713,#715);
#713 = ( REPRESENTATION_RELATIONSHIP('','',#40,#10) 
REPRESENTATION_RELATIONSHIP_WITH_TRANSFORMATION(#714) 
SHAPE_REPRESENTATION_RELATIONSHIP() );
#714 = ITEM_DEFINED_TRANSFORMATION('','',#11,#15);
#715 = PRODUCT_DEFINITION_SHAPE('Placement','Placement of an item',#716
  );
#716 = NEXT_ASSEMBLY_USAGE_OCCURRENCE('39','','',#5,#35,$);
#717 = PRODUCT_RELATED_PRODUCT_CATEGORY('part',$,(#37));
#718 = SHAPE_DEFINITION_REPRESENTATION(#719,#725);
#719 = PRODUCT_DEFINITION_SHAPE('','',#720);
#720 = PRODUCT_DEFINITION('design','',#721,#724);
#721 = PRODUCT_DEFINITION_FORMATION('','',#722);
#722 = PRODUCT('Open CASCADE STEP translator 7.8 7.2',
  'Open CASCADE STEP translator 7.8 7.2','',(#723));
#723 = PRODUCT_CONTEXT('',#2,'mechanical');
#724 = PRODUCT_DEFINITION_CONTEXT('part definition',#2,'design');
#725 = ADVANCED_BREP_SHAPE_REPRESENTATION('',(#11,#726),#4283);
#726 = MANIFOLD_SOLID_BREP('',#727);
#727 = CLOSED_SHELL('',(#728,#1092,#1346,#1372,#1799,#1827,#2497,#2503,
    #2826,#2853,#2881,#2887,#3948,#4112,#4138,#4188,#4216,#4265,#4271,
    #4277));
#728 = ADVANCED_FACE('',(#729),#784,.T.);
#729 = FACE_BOUND('',#730,.T.);
#730 = EDGE_LOOP('',(#731,#915,#968,#1065));
#731 = ORIENTED_EDGE('',*,*,#732,.T.);
#732 = EDGE_CURVE('',#733,#735,#737,.T.);
#733 = VERTEX_POINT('',#734);
#734 = CARTESIAN_POINT('',(-10.11989246393,40.868396099772,
    -5.838468607253));
#735 = VERTEX_POINT('',#736);
#736 = CARTESIAN_POINT('',(-3.943732901936,32.415312680124,
    -5.261048166961));
#737 = SURFACE_CURVE('',#738,(#783,#862),.PCURVE_S1.);
#738 = B_SPLINE_CURVE_WITH_KNOTS('',8,(#739,#740,#741,#742,#743,#744,
    #745,#746,#747,#748,#749,#750,#751,#752,#753,#754,#755,#756,#757,
    #758,#759,#760,#761,#762,#763,#764,#765,#766,#767,#768,#769,#770,
    #771,#772,#773,#774,#775,#776,#777,#778,#779,#780,#781,#782),
  .UNSPECIFIED.,.F.,.F.,(9,7,7,7,7,7,9),(0.,0.502293312149,
    0.748611626287,0.874859698488,0.929326160475,0.960558993655,1.),
  .UNSPECIFIED.);
#739 = CARTESIAN_POINT('',(-10.11989246393,40.868396105944,
    -5.838468594019));
#740 = CARTESIAN_POINT('',(-9.709532221599,40.348516197425,
    -5.710537660029));
#741 = CARTESIAN_POINT('',(-9.299556845911,39.827576570593,
    -5.586044906388));
#742 = CARTESIAN_POINT('',(-8.889983269021,39.305395233282,
    -5.465431897267));
#743 = CARTESIAN_POINT('',(-8.480875685619,38.781786167645,
    -5.349291969261));
#744 = CARTESIAN_POINT('',(-8.07234113764,38.256565369549,
    -5.238343907702));
#745 = CARTESIAN_POINT('',(-7.664563604403,37.729475365452,
    -5.133697066134));
#746 = CARTESIAN_POINT('',(-7.257787947541,37.200218461687,
    -5.036731438605));
#747 = CARTESIAN_POINT('',(-6.653700351586,36.407167841104,
    -4.907894340129));
#748 = CARTESIAN_POINT('',(-6.455332629524,36.145603990472,
    -4.868043361504));
#749 = CARTESIAN_POINT('',(-6.257379659616,35.883290490164,
    -4.831056130133));
#750 = CARTESIAN_POINT('',(-6.059907957522,35.620118999072,
    -4.797366433602));
#751 = CARTESIAN_POINT('',(-5.863029025603,35.356001005045,
    -4.767501782865));
#752 = CARTESIAN_POINT('',(-5.666932551218,35.090829222217,
    -4.742266740328));
#753 = CARTESIAN_POINT('',(-5.471871353243,34.824493393265,
    -4.722663440806));
#754 = CARTESIAN_POINT('',(-5.179092137183,34.419439449309,
    -4.704593317507));
#755 = CARTESIAN_POINT('',(-5.080331535443,34.281879366121,
    -4.700485517714));
#756 = CARTESIAN_POINT('',(-4.982037620093,34.143915547965,
    -4.698656936713));
#757 = CARTESIAN_POINT('',(-4.884286977883,34.005490413043,
    -4.699463009697));
#758 = CARTESIAN_POINT('',(-4.787210814032,33.866589112786,
    -4.703332947637));
#759 = CARTESIAN_POINT('',(-4.691034887869,33.727224797709,
    -4.710922283852));
#760 = CARTESIAN_POINT('',(-4.596058530903,33.587445056042,
    -4.723035520433));
#761 = CARTESIAN_POINT('',(-4.462600182039,33.386769442418,
    -4.749193818409));
#762 = CARTESIAN_POINT('',(-4.422723992212,33.326244977961,
    -4.75821992612));
#763 = CARTESIAN_POINT('',(-4.383227532328,33.265662391763,
    -4.76852072638));
#764 = CARTESIAN_POINT('',(-4.344168479969,33.205029962036,
    -4.780253148827));
#765 = CARTESIAN_POINT('',(-4.305635922395,33.144381450716,
    -4.793614600422));
#766 = CARTESIAN_POINT('',(-4.267751559524,33.083775990239,
    -4.808846851608));
#767 = CARTESIAN_POINT('',(-4.230678777599,33.023298419327,
    -4.826262796725));
#768 = CARTESIAN_POINT('',(-4.173993441583,32.928519772431,
    -4.857839056987));
#769 = CARTESIAN_POINT('',(-4.153694156325,32.894079954073,
    -4.870217072161));
#770 = CARTESIAN_POINT('',(-4.133787717859,32.859751673053,
    -4.883545670506));
#771 = CARTESIAN_POINT('',(-4.114331392392,32.825569092899,
    -4.897925024523));
#772 = CARTESIAN_POINT('',(-4.095406369133,32.791590958759,
    -4.913475044469));
#773 = CARTESIAN_POINT('',(-4.077117760295,32.757900597402,
    -4.930335378357));
#774 = CARTESIAN_POINT('',(-4.059594601099,32.724605917216,
    -4.948665411955));
#775 = CARTESIAN_POINT('',(-4.022021271642,32.650461666963,
    -4.993873687286));
#776 = CARTESIAN_POINT('',(-4.002327783128,32.609683787064,
    -5.021678435264));
#777 = CARTESIAN_POINT('',(-3.984531046108,32.570090687221,
    -5.052686915631));
#778 = CARTESIAN_POINT('',(-3.969223809646,32.532337909518,
    -5.087288513611));
#779 = CARTESIAN_POINT('',(-3.956969909984,32.497151619423,
    -5.125633596735));
#780 = CARTESIAN_POINT('',(-3.948304270546,32.46532860578,
    -5.167633514847));
#781 = CARTESIAN_POINT('',(-3.943732901935,32.437736280813,-5.2129606001
    ));
#782 = CARTESIAN_POINT('',(-3.943732901935,32.415312680124,
    -5.261048166961));
#783 = PCURVE('',#784,#815);
#784 = B_SPLINE_SURFACE_WITH_KNOTS('',14,1,(
    (#785,#786)
    ,(#787,#788)
    ,(#789,#790)
    ,(#791,#792)
    ,(#793,#794)
    ,(#795,#796)
    ,(#797,#798)
    ,(#799,#800)
    ,(#801,#802)
    ,(#803,#804)
    ,(#805,#806)
    ,(#807,#808)
    ,(#809,#810)
    ,(#811,#812)
    ,(#813,#814
    )),.UNSPECIFIED.,.T.,.F.,.F.,(15,15),(2,2),(0.,6.28318530718),(0.,1.
    ),.PIECEWISE_BEZIER_KNOTS.);
#785 = CARTESIAN_POINT('',(-9.725887087129,39.858777287294,
    -8.73199271649));
#786 = CARTESIAN_POINT('',(8.487898596231,16.411863774709,2.201482614527
    ));
#787 = CARTESIAN_POINT('',(-9.725887087127,41.755483610665,
    -4.664492879851));
#788 = CARTESIAN_POINT('',(8.487898596232,18.024064149574,5.65885747567)
  );
#789 = CARTESIAN_POINT('',(-11.52066100412,42.381337701457,
    -4.383086909967E-03));
#790 = CARTESIAN_POINT('',(6.96234076679,18.556040126744,9.619950799669)
  );
#791 = CARTESIAN_POINT('',(-15.11021113252,41.256336557486,
    4.218971143886));
#792 = CARTESIAN_POINT('',(3.911223157627,17.599789154388,
    13.209801895846));
#793 = CARTESIAN_POINT('',(-19.95774294275,38.280629215616,
    6.799077803266));
#794 = CARTESIAN_POINT('',(-0.209178880995,15.070437913732,
    15.402892556328));
#795 = CARTESIAN_POINT('',(-24.98976920018,33.90643358581,6.721187713881
    ));
#796 = CARTESIAN_POINT('',(-4.486401199983,11.352371628556,
    15.336685980313));
#797 = CARTESIAN_POINT('',(-28.83115884722,29.144768858881,3.61126222506
    ));
#798 = CARTESIAN_POINT('',(-7.751582399668,7.304956610378,12.6932493149)
  );
#799 = CARTESIAN_POINT('',(-30.27736539665,25.306578688183,
    -1.946191066549));
#800 = CARTESIAN_POINT('',(-8.980857967086,4.042494965691,7.969414016898
    ));
#801 = CARTESIAN_POINT('',(-28.83115884722,23.516463561333,
    -8.458677436281));
#802 = CARTESIAN_POINT('',(-7.751582399628,2.520897107415,2.433800602788
    ));
#803 = CARTESIAN_POINT('',(-24.98976920019,24.194861510276,
    -14.10534581111));
#804 = CARTESIAN_POINT('',(-4.486401200042,3.097535364424,
    -2.365867515974));
#805 = CARTESIAN_POINT('',(-19.95774294275,26.946872993165,
    -17.50624085116));
#806 = CARTESIAN_POINT('',(-0.209178880941,5.436745124584,
    -5.256628299898));
#807 = CARTESIAN_POINT('',(-15.11021113252,30.836097171728,
    -18.12730433223));
#808 = CARTESIAN_POINT('',(3.911223157594,8.742585676533,-5.784532258877
    ));
#809 = CARTESIAN_POINT('',(-11.52066100412,34.794511007743,
    -16.27438543629));
#810 = CARTESIAN_POINT('',(6.962340766803,12.10723743707,-4.209551197295
    ));
#811 = CARTESIAN_POINT('',(-9.725887087128,37.962070963929,
    -12.79949255312));
#812 = CARTESIAN_POINT('',(8.487898596228,14.799663399852,
    -1.255892246615));
#813 = CARTESIAN_POINT('',(-9.725887087129,39.858777287294,
    -8.73199271649));
#814 = CARTESIAN_POINT('',(8.487898596231,16.411863774709,2.201482614527
    ));
#815 = DEFINITIONAL_REPRESENTATION('',(#816),#861);
#816 = B_SPLINE_CURVE_WITH_KNOTS('',8,(#817,#818,#819,#820,#821,#822,
    #823,#824,#825,#826,#827,#828,#829,#830,#831,#832,#833,#834,#835,
    #836,#837,#838,#839,#840,#841,#842,#843,#844,#845,#846,#847,#848,
    #849,#850,#851,#852,#853,#854,#855,#856,#857,#858,#859,#860),
  .UNSPECIFIED.,.F.,.F.,(9,7,7,7,7,7,9),(0.,0.502293312149,
    0.748611626287,0.874859698488,0.929326160475,0.960558993655,1.),
  .UNSPECIFIED.);
#817 = CARTESIAN_POINT('',(0.309844639906,0.));
#818 = CARTESIAN_POINT('',(0.299962169117,2.109289624026E-02));
#819 = CARTESIAN_POINT('',(0.28966880377,4.216600997875E-02));
#820 = CARTESIAN_POINT('',(0.278912601285,6.321847088696E-02));
#821 = CARTESIAN_POINT('',(0.267626605271,8.424697929906E-02));
#822 = CARTESIAN_POINT('',(0.255731592375,0.10524603316));
#823 = CARTESIAN_POINT('',(0.243107274503,0.126206175762));
#824 = CARTESIAN_POINT('',(0.229605140435,0.147114820992));
#825 = CARTESIAN_POINT('',(0.207717005187,0.178165482501));
#826 = CARTESIAN_POINT('',(0.20023199329,0.188361767002));
#827 = CARTESIAN_POINT('',(0.192426978909,0.198536732859));
#828 = CARTESIAN_POINT('',(0.184255113365,0.208686961104));
#829 = CARTESIAN_POINT('',(0.175661338328,0.218806720415));
#830 = CARTESIAN_POINT('',(0.166563165375,0.228886260683));
#831 = CARTESIAN_POINT('',(0.156858935813,0.238912586786));
#832 = CARTESIAN_POINT('',(0.140949921225,0.253961709456));
#833 = CARTESIAN_POINT('',(0.13534830308,0.259038095787));
#834 = CARTESIAN_POINT('',(0.129506250033,0.264090494006));
#835 = CARTESIAN_POINT('',(0.123387087231,0.269114967483));
#836 = CARTESIAN_POINT('',(0.116948925131,0.274104772148));
#837 = CARTESIAN_POINT('',(0.110129478262,0.279048303763));
#838 = CARTESIAN_POINT('',(0.102853723018,0.283930176411));
#839 = CARTESIAN_POINT('',(9.156192445758E-02,0.290790059057));
#840 = CARTESIAN_POINT('',(8.804656114007E-02,0.292839732119));
#841 = CARTESIAN_POINT('',(8.440574027315E-02,0.29486988671));
#842 = CARTESIAN_POINT('',(8.062482595753E-02,0.29687755815));
#843 = CARTESIAN_POINT('',(7.668644335444E-02,0.298858167271));
#844 = CARTESIAN_POINT('',(7.25701078719E-02,0.300805458584));
#845 = CARTESIAN_POINT('',(6.824969825475E-02,0.302711033886));
#846 = CARTESIAN_POINT('',(6.10682394745E-02,0.305624712619));
#847 = CARTESIAN_POINT('',(5.837202020008E-02,0.306668114668));
#848 = CARTESIAN_POINT('',(5.55895861517E-02,0.307691324028));
#849 = CARTESIAN_POINT('',(5.271289578653E-02,0.308691397164));
#850 = CARTESIAN_POINT('',(4.973312113112E-02,0.309664160874));
#851 = CARTESIAN_POINT('',(4.664064778142E-02,0.310604212294));
#852 = CARTESIAN_POINT('',(4.342507490272E-02,0.311504918894));
#853 = CARTESIAN_POINT('',(3.584499263488E-02,0.313436222802));
#854 = CARTESIAN_POINT('',(3.139508187659E-02,0.314448486338));
#855 = CARTESIAN_POINT('',(2.669148967715E-02,0.315363255092));
#856 = CARTESIAN_POINT('',(2.172624358252E-02,0.316150061212));
#857 = CARTESIAN_POINT('',(1.651739196236E-02,0.316779922996));
#858 = CARTESIAN_POINT('',(1.110900400995E-02,0.317225344883));
#859 = CARTESIAN_POINT('',(5.571169742287E-03,0.31746031746));
#860 = CARTESIAN_POINT('',(0.,0.31746031746));
#861 = ( GEOMETRIC_REPRESENTATION_CONTEXT(2) 
PARAMETRIC_REPRESENTATION_CONTEXT() REPRESENTATION_CONTEXT('2D SPACE',''
  ) );
#862 = PCURVE('',#863,#868);
#863 = PLANE('',#864);
#864 = AXIS2_PLACEMENT_3D('',#865,#866,#867);
#865 = CARTESIAN_POINT('',(-10.11989246393,39.579787892661,
    -8.601897825228));
#866 = DIRECTION('',(0.788010753607,0.557978789266,-0.260189782523));
#867 = DIRECTION('',(0.,0.422618261741,0.906307787037));
#868 = DEFINITIONAL_REPRESENTATION('',(#869),#914);
#869 = B_SPLINE_CURVE_WITH_KNOTS('',8,(#870,#871,#872,#873,#874,#875,
    #876,#877,#878,#879,#880,#881,#882,#883,#884,#885,#886,#887,#888,
    #889,#890,#891,#892,#893,#894,#895,#896,#897,#898,#899,#900,#901,
    #902,#903,#904,#905,#906,#907,#908,#909,#910,#911,#912,#913),
  .UNSPECIFIED.,.F.,.F.,(9,7,7,7,7,7,9),(0.,0.502293312149,
    0.748611626287,0.874859698488,0.929326160475,0.960558993655,1.),
  .UNSPECIFIED.);
#870 = CARTESIAN_POINT('',(3.049106794333,-7.105427357601E-15));
#871 = CARTESIAN_POINT('',(2.945340852758,0.666535521192));
#872 = CARTESIAN_POINT('',(2.838011005249,1.332445915327));
#873 = CARTESIAN_POINT('',(2.726640145545,1.997703680032));
#874 = CARTESIAN_POINT('',(2.610611913532,2.662204545846));
#875 = CARTESIAN_POINT('',(2.489197104958,3.325774647845));
#876 = CARTESIAN_POINT('',(2.361281491047,3.98811515408));
#877 = CARTESIAN_POINT('',(2.225488561669,4.648828343332));
#878 = CARTESIAN_POINT('',(2.007096952533,5.63002924702));
#879 = CARTESIAN_POINT('',(1.932672544894,5.952231837261));
#880 = CARTESIAN_POINT('',(1.855335885176,6.273760758336));
#881 = CARTESIAN_POINT('',(1.774648041379,6.594507970899));
#882 = CARTESIAN_POINT('',(1.690093519369,6.914292365099));
#883 = CARTESIAN_POINT('',(1.600897797005,7.23280583759));
#884 = CARTESIAN_POINT('',(1.506106034942,7.549637742449));
#885 = CARTESIAN_POINT('',(1.351299934695,8.025190018811));
#886 = CARTESIAN_POINT('',(1.296887462393,8.185603826882));
#887 = CARTESIAN_POINT('',(1.240238690582,8.345259610603));
#888 = CARTESIAN_POINT('',(1.181007150457,8.504032972471));
#889 = CARTESIAN_POINT('',(1.118797569499,8.661710799884));
#890 = CARTESIAN_POINT('',(1.053021390402,8.817926398906));
#891 = CARTESIAN_POINT('',(0.982969598312,8.972193574574));
#892 = CARTESIAN_POINT('',(0.874452950158,9.188965866187));
#893 = CARTESIAN_POINT('',(0.840693774491,9.25373553495));
#894 = CARTESIAN_POINT('',(0.805754771732,9.317888420044));
#895 = CARTESIAN_POINT('',(0.769497213851,9.381330837549));
#896 = CARTESIAN_POINT('',(0.731756457793,9.443918085766));
#897 = CARTESIAN_POINT('',(0.692338375571,9.505452491263));
#898 = CARTESIAN_POINT('',(0.650995242999,9.565668670788));
#899 = CARTESIAN_POINT('',(0.582322245437,9.657740918749));
#900 = CARTESIAN_POINT('',(0.556549057728,9.690712423499));
#901 = CARTESIAN_POINT('',(0.529961486804,9.723045839285));
#902 = CARTESIAN_POINT('',(0.50248318368,9.754648150372));
#903 = CARTESIAN_POINT('',(0.474030299527,9.785387483622));
#904 = CARTESIAN_POINT('',(0.444511485678,9.8150931085));
#905 = CARTESIAN_POINT('',(0.413827893625,9.843555437066));
#906 = CARTESIAN_POINT('',(0.341520567494,9.904584640553));
#907 = CARTESIAN_POINT('',(0.299087431166,9.936572168283));
#908 = CARTESIAN_POINT('',(0.254251436911,9.965478860894));
#909 = CARTESIAN_POINT('',(0.20693672593,9.990341934313));
#910 = CARTESIAN_POINT('',(0.157313909743,10.010245566671));
#911 = CARTESIAN_POINT('',(0.105800070194,10.024320898303));
#912 = CARTESIAN_POINT('',(5.30587594504E-02,10.031746031747));
#913 = CARTESIAN_POINT('',(8.881784197001E-15,10.031746031746));
#914 = ( GEOMETRIC_REPRESENTATION_CONTEXT(2) 
PARAMETRIC_REPRESENTATION_CONTEXT() REPRESENTATION_CONTEXT('2D SPACE',''
  ) );
#915 = ORIENTED_EDGE('',*,*,#916,.F.);
#916 = EDGE_CURVE('',#917,#735,#919,.T.);
#917 = VERTEX_POINT('',#918);
#918 = CARTESIAN_POINT('',(-8.803670090504,38.671591792986,
    -8.178399028843));
#919 = SURFACE_CURVE('',#920,(#923,#930),.PCURVE_S1.);
#920 = B_SPLINE_CURVE_WITH_KNOTS('',1,(#921,#922),.UNSPECIFIED.,.F.,.F.,
  (2,2),(0.,1.),.PIECEWISE_BEZIER_KNOTS.);
#921 = CARTESIAN_POINT('',(-9.725887087129,39.858777287294,
    -8.73199271649));
#922 = CARTESIAN_POINT('',(8.487898596231,16.411863774709,2.201482614527
    ));
#923 = PCURVE('',#784,#924);
#924 = DEFINITIONAL_REPRESENTATION('',(#925),#929);
#925 = LINE('',#926,#927);
#926 = CARTESIAN_POINT('',(0.,0.));
#927 = VECTOR('',#928,1.);
#928 = DIRECTION('',(0.,1.));
#929 = ( GEOMETRIC_REPRESENTATION_CONTEXT(2) 
PARAMETRIC_REPRESENTATION_CONTEXT() REPRESENTATION_CONTEXT('2D SPACE',''
  ) );
#930 = PCURVE('',#931,#962);
#931 = B_SPLINE_SURFACE_WITH_KNOTS('',14,1,(
    (#932,#933)
    ,(#934,#935)
    ,(#936,#937)
    ,(#938,#939)
    ,(#940,#941)
    ,(#942,#943)
    ,(#944,#945)
    ,(#946,#947)
    ,(#948,#949)
    ,(#950,#951)
    ,(#952,#953)
    ,(#954,#955)
    ,(#956,#957)
    ,(#958,#959)
    ,(#960,#961
    )),.UNSPECIFIED.,.T.,.F.,.F.,(15,15),(2,2),(0.,6.28318530718),(0.,1.
    ),.PIECEWISE_BEZIER_KNOTS.);
#932 = CARTESIAN_POINT('',(-9.725887087129,39.858777287294,
    -8.73199271649));
#933 = CARTESIAN_POINT('',(8.487898596231,16.411863774709,2.201482614527
    ));
#934 = CARTESIAN_POINT('',(-9.725887087127,41.755483610665,
    -4.664492879851));
#935 = CARTESIAN_POINT('',(8.487898596232,18.024064149574,5.65885747567)
  );
#936 = CARTESIAN_POINT('',(-11.52066100412,42.381337701457,
    -4.383086909967E-03));
#937 = CARTESIAN_POINT('',(6.96234076679,18.556040126744,9.619950799669)
  );
#938 = CARTESIAN_POINT('',(-15.11021113252,41.256336557486,
    4.218971143886));
#939 = CARTESIAN_POINT('',(3.911223157627,17.599789154388,
    13.209801895846));
#940 = CARTESIAN_POINT('',(-19.95774294275,38.280629215616,
    6.799077803266));
#941 = CARTESIAN_POINT('',(-0.209178880995,15.070437913732,
    15.402892556328));
#942 = CARTESIAN_POINT('',(-24.98976920018,33.90643358581,6.721187713881
    ));
#943 = CARTESIAN_POINT('',(-4.486401199983,11.352371628556,
    15.336685980313));
#944 = CARTESIAN_POINT('',(-28.83115884722,29.144768858881,3.61126222506
    ));
#945 = CARTESIAN_POINT('',(-7.751582399668,7.304956610378,12.6932493149)
  );
#946 = CARTESIAN_POINT('',(-30.27736539665,25.306578688183,
    -1.946191066549));
#947 = CARTESIAN_POINT('',(-8.980857967086,4.042494965691,7.969414016898
    ));
#948 = CARTESIAN_POINT('',(-28.83115884722,23.516463561333,
    -8.458677436281));
#949 = CARTESIAN_POINT('',(-7.751582399628,2.520897107415,2.433800602788
    ));
#950 = CARTESIAN_POINT('',(-24.98976920019,24.194861510276,
    -14.10534581111));
#951 = CARTESIAN_POINT('',(-4.486401200042,3.097535364424,
    -2.365867515974));
#952 = CARTESIAN_POINT('',(-19.95774294275,26.946872993165,
    -17.50624085116));
#953 = CARTESIAN_POINT('',(-0.209178880941,5.436745124584,
    -5.256628299898));
#954 = CARTESIAN_POINT('',(-15.11021113252,30.836097171728,
    -18.12730433223));
#955 = CARTESIAN_POINT('',(3.911223157594,8.742585676533,-5.784532258877
    ));
#956 = CARTESIAN_POINT('',(-11.52066100412,34.794511007743,
    -16.27438543629));
#957 = CARTESIAN_POINT('',(6.962340766803,12.10723743707,-4.209551197295
    ));
#958 = CARTESIAN_POINT('',(-9.725887087128,37.962070963929,
    -12.79949255312));
#959 = CARTESIAN_POINT('',(8.487898596228,14.799663399852,
    -1.255892246615));
#960 = CARTESIAN_POINT('',(-9.725887087129,39.858777287294,
    -8.73199271649));
#961 = CARTESIAN_POINT('',(8.487898596231,16.411863774709,2.201482614527
    ));
#962 = DEFINITIONAL_REPRESENTATION('',(#963),#967);
#963 = LINE('',#964,#965);
#964 = CARTESIAN_POINT('',(6.28318530718,0.));
#965 = VECTOR('',#966,1.);
#966 = DIRECTION('',(0.,1.));
#967 = ( GEOMETRIC_REPRESENTATION_CONTEXT(2) 
PARAMETRIC_REPRESENTATION_CONTEXT() REPRESENTATION_CONTEXT('2D SPACE',''
  ) );
#968 = ORIENTED_EDGE('',*,*,#969,.F.);
#969 = EDGE_CURVE('',#970,#917,#972,.T.);
#970 = VERTEX_POINT('',#971);
#971 = CARTESIAN_POINT('',(-9.832482365133,40.459487962303,
    -7.246704034242));
#972 = SURFACE_CURVE('',#973,(#1000,#1030),.PCURVE_S1.);
#973 = B_SPLINE_CURVE_WITH_KNOTS('',5,(#974,#975,#976,#977,#978,#979,
    #980,#981,#982,#983,#984,#985,#986,#987,#988,#989,#990,#991,#992,
    #993,#994,#995,#996,#997,#998,#999),.UNSPECIFIED.,.F.,.F.,(6,4,4,4,4
    ,4,6),(0.,8.388711974871E-02,0.329788839865,0.416361641281,
    0.60457345455,0.796336629917,1.),.UNSPECIFIED.);
#974 = CARTESIAN_POINT('',(-9.832482359502,40.459487966291,
    -7.246704036101));
#975 = CARTESIAN_POINT('',(-9.808182916115,40.428163723759,
    -7.232097301923));
#976 = CARTESIAN_POINT('',(-9.783686974797,40.396370874019,
    -7.218806850635));
#977 = CARTESIAN_POINT('',(-9.759030931201,40.364156350953,
    -7.206857110383));
#978 = CARTESIAN_POINT('',(-9.734253550463,40.33156757761,
    -7.196267398254));
#979 = CARTESIAN_POINT('',(-9.636529924094,40.202167063727,
    -7.160038215532));
#980 = CARTESIAN_POINT('',(-9.562967874218,40.10286772913,
    -7.144830850053));
#981 = CARTESIAN_POINT('',(-9.489761169762,40.001986723622,
    -7.141793857977));
#982 = CARTESIAN_POINT('',(-9.418062554938,39.900683626976,
    -7.150869001281));
#983 = CARTESIAN_POINT('',(-9.32471561594,39.764629472417,
    -7.178985783614));
#984 = CARTESIAN_POINT('',(-9.300737643837,39.729285035849,
    -7.187760029042));
#985 = CARTESIAN_POINT('',(-9.277137759303,39.69407005598,-7.19797024373
    ));
#986 = CARTESIAN_POINT('',(-9.253964470806,39.659029803253,
    -7.209595022269));
#987 = CARTESIAN_POINT('',(-9.181916565714,39.54850427749,
    -7.250900250409));
#988 = CARTESIAN_POINT('',(-9.134808316053,39.473832726711,
    -7.285756011054));
#989 = CARTESIAN_POINT('',(-9.090427397751,39.400642994763,
    -7.326910926758));
#990 = CARTESIAN_POINT('',(-9.049228890375,39.329348796349,
    -7.374012973633));
#991 = CARTESIAN_POINT('',(-8.973278033492,39.190043020548,
    -7.480264835049));
#992 = CARTESIAN_POINT('',(-8.938661344209,39.122117626325,
    -7.539626100999));
#993 = CARTESIAN_POINT('',(-8.90817720034,39.056990938854,
    -7.604280452475));
#994 = CARTESIAN_POINT('',(-8.882177012269,38.995060179841,
    -7.673712168366));
#995 = CARTESIAN_POINT('',(-8.838325424295,38.87473485331,
    -7.825537615597));
#996 = CARTESIAN_POINT('',(-8.82107878369,38.816795444139,
    -7.908471966823));
#997 = CARTESIAN_POINT('',(-8.809472806109,38.763350974076,
    -7.995442352478));
#998 = CARTESIAN_POINT('',(-8.803670090504,38.714823694942,
    -8.085687915912));
#999 = CARTESIAN_POINT('',(-8.803670090504,38.671591792986,
    -8.178399028843));
#1000 = PCURVE('',#784,#1001);
#1001 = DEFINITIONAL_REPRESENTATION('',(#1002),#1029);
#1002 = B_SPLINE_CURVE_WITH_KNOTS('',5,(#1003,#1004,#1005,#1006,#1007,
    #1008,#1009,#1010,#1011,#1012,#1013,#1014,#1015,#1016,#1017,#1018,
    #1019,#1020,#1021,#1022,#1023,#1024,#1025,#1026,#1027,#1028),
  .UNSPECIFIED.,.F.,.F.,(6,4,4,4,4,4,6),(0.,8.388711974871E-02,
    0.329788839865,0.416361641281,0.60457345455,0.796336629917,1.),
  .UNSPECIFIED.);
#1003 = CARTESIAN_POINT('',(0.160690650346,0.));
#1004 = CARTESIAN_POINT('',(0.160723116071,1.335311238503E-03));
#1005 = CARTESIAN_POINT('',(0.16061469648,2.671169550562E-03));
#1006 = CARTESIAN_POINT('',(0.160364962951,4.005547660711E-03));
#1007 = CARTESIAN_POINT('',(0.159974011023,5.33641493818E-03));
#1008 = CARTESIAN_POINT('',(0.157884304461,1.054670893105E-02));
#1009 = CARTESIAN_POINT('',(0.155117816694,1.438441214134E-02));
#1010 = CARTESIAN_POINT('',(0.151159043076,1.812267718089E-02));
#1011 = CARTESIAN_POINT('',(0.146062793335,2.171345169735E-02));
#1012 = CARTESIAN_POINT('',(0.137748558785,2.631071879711E-02));
#1013 = CARTESIAN_POINT('',(0.135453025895,2.748421709725E-02));
#1014 = CARTESIAN_POINT('',(0.13303052512,2.86322898606E-02));
#1015 = CARTESIAN_POINT('',(0.130485038535,2.975319444608E-02));
#1016 = CARTESIAN_POINT('',(0.12202899357,3.321953888159E-02));
#1017 = CARTESIAN_POINT('',(0.115676253445,3.54576321943E-02));
#1018 = CARTESIAN_POINT('',(0.108807193014,3.75427131026E-02));
#1019 = CARTESIAN_POINT('',(0.101472931712,3.946027502027E-02));
#1020 = CARTESIAN_POINT('',(8.584038193668E-02,4.296864964507E-02));
#1021 = CARTESIAN_POINT('',(7.752638384031E-02,4.455264303975E-02));
#1022 = CARTESIAN_POINT('',(6.884740508211E-02,4.593708660954E-02));
#1023 = CARTESIAN_POINT('',(5.986816296274E-02,4.711159148373E-02));
#1024 = CARTESIAN_POINT('',(4.087680709285E-02,4.90853137691E-02));
#1025 = CARTESIAN_POINT('',(3.083472721442E-02,4.985676429627E-02));
#1026 = CARTESIAN_POINT('',(2.061599233302E-02,5.03741943423E-02));
#1027 = CARTESIAN_POINT('',(1.030782677712E-02,5.063291139241E-02));
#1028 = CARTESIAN_POINT('',(0.,5.063291139241E-02));
#1029 = ( GEOMETRIC_REPRESENTATION_CONTEXT(2) 
PARAMETRIC_REPRESENTATION_CONTEXT() REPRESENTATION_CONTEXT('2D SPACE',''
  ) );
#1030 = PCURVE('',#1031,#1036);
#1031 = CYLINDRICAL_SURFACE('',#1032,1.6);
#1032 = AXIS2_PLACEMENT_3D('',#1033,#1034,#1035);
#1033 = CARTESIAN_POINT('',(-33.76021507213,22.840424214678,
    -0.796204349543));
#1034 = DIRECTION('',(0.788010753607,0.557978789266,-0.260189782523));
#1035 = DIRECTION('',(0.,0.422618261741,0.906307787037));
#1036 = DEFINITIONAL_REPRESENTATION('',(#1037),#1064);
#1037 = B_SPLINE_CURVE_WITH_KNOTS('',5,(#1038,#1039,#1040,#1041,#1042,
    #1043,#1044,#1045,#1046,#1047,#1048,#1049,#1050,#1051,#1052,#1053,
    #1054,#1055,#1056,#1057,#1058,#1059,#1060,#1061,#1062,#1063),
  .UNSPECIFIED.,.F.,.F.,(6,4,4,4,4,4,6),(0.,8.388711974871E-02,
    0.329788839865,0.416361641281,0.60457345455,0.796336629917,1.),
  .UNSPECIFIED.);
#1038 = CARTESIAN_POINT('',(0.,30.364728657718));
#1039 = CARTESIAN_POINT('',(2.637239696044E-02,30.362598094502));
#1040 = CARTESIAN_POINT('',(5.275557382232E-02,30.360703384245));
#1041 = CARTESIAN_POINT('',(7.914780363699E-02,30.359048390845));
#1042 = CARTESIAN_POINT('',(0.105547234468,30.357634054124));
#1043 = CARTESIAN_POINT('',(0.209352926458,30.353012117344));
#1044 = CARTESIAN_POINT('',(0.286806067497,30.351616080093));
#1045 = CARTESIAN_POINT('',(0.364241262058,30.352224094819));
#1046 = CARTESIAN_POINT('',(0.441642624469,30.354559654667));
#1047 = CARTESIAN_POINT('',(0.546207100977,30.359518413459));
#1048 = CARTESIAN_POINT('',(0.573427537248,30.360974836412));
#1049 = CARTESIAN_POINT('',(0.60064052809,30.362579180916));
#1050 = CARTESIAN_POINT('',(0.627846043813,30.364312912256));
#1051 = CARTESIAN_POINT('',(0.714174545707,30.370163735522));
#1052 = CARTESIAN_POINT('',(0.773271147994,30.374689514124));
#1053 = CARTESIAN_POINT('',(0.832337263811,30.379531925549));
#1054 = CARTESIAN_POINT('',(0.8913850156,30.384471613214));
#1055 = CARTESIAN_POINT('',(1.010576159543,30.394237685779));
#1056 = CARTESIAN_POINT('',(1.07072024125,30.399060274836));
#1057 = CARTESIAN_POINT('',(1.130864554178,30.403565199445));
#1058 = CARTESIAN_POINT('',(1.191019907291,30.407563000367));
#1059 = CARTESIAN_POINT('',(1.315085518672,30.414482973334));
#1060 = CARTESIAN_POINT('',(1.379000077953,30.417323221023));
#1061 = CARTESIAN_POINT('',(1.442924992069,30.419276781194));
#1062 = CARTESIAN_POINT('',(1.506861705013,30.420253164557));
#1063 = CARTESIAN_POINT('',(1.570796326795,30.420253164557));
#1064 = ( GEOMETRIC_REPRESENTATION_CONTEXT(2) 
PARAMETRIC_REPRESENTATION_CONTEXT() REPRESENTATION_CONTEXT('2D SPACE',''
  ) );
#1065 = ORIENTED_EDGE('',*,*,#1066,.T.);
#1066 = EDGE_CURVE('',#970,#733,#1067,.T.);
#1067 = SURFACE_CURVE('',#1068,(#1073,#1080),.PCURVE_S1.);
#1068 = ELLIPSE('',#1069,10.5,10.);
#1069 = AXIS2_PLACEMENT_3D('',#1070,#1071,#1072);
#1070 = CARTESIAN_POINT('',(-18.,34.,-6.));
#1071 = DIRECTION('',(0.615661475326,-0.714180282262,0.333027734922));
#1072 = DIRECTION('',(0.788010753607,0.557978789266,-0.260189782523));
#1073 = PCURVE('',#784,#1074);
#1074 = DEFINITIONAL_REPRESENTATION('',(#1075),#1079);
#1075 = LINE('',#1076,#1077);
#1076 = CARTESIAN_POINT('',(0.,0.));
#1077 = VECTOR('',#1078,1.);
#1078 = DIRECTION('',(1.,0.));
#1079 = ( GEOMETRIC_REPRESENTATION_CONTEXT(2) 
PARAMETRIC_REPRESENTATION_CONTEXT() REPRESENTATION_CONTEXT('2D SPACE',''
  ) );
#1080 = PCURVE('',#1081,#1086);
#1081 = PLANE('',#1082);
#1082 = AXIS2_PLACEMENT_3D('',#1083,#1084,#1085);
#1083 = CARTESIAN_POINT('',(-18.,34.,-6.));
#1084 = DIRECTION('',(0.615661475326,-0.714180282262,0.333027734922));
#1085 = DIRECTION('',(0.788010753607,0.557978789266,-0.260189782523));
#1086 = DEFINITIONAL_REPRESENTATION('',(#1087),#1091);
#1087 = ELLIPSE('',#1088,10.5,10.);
#1088 = AXIS2_PLACEMENT_2D('',#1089,#1090);
#1089 = CARTESIAN_POINT('',(0.,0.));
#1090 = DIRECTION('',(1.,2.775557561563E-17));
#1091 = ( GEOMETRIC_REPRESENTATION_CONTEXT(2) 
PARAMETRIC_REPRESENTATION_CONTEXT() REPRESENTATION_CONTEXT('2D SPACE',''
  ) );
#1092 = ADVANCED_FACE('',(#1093,#1124),#863,.T.);
#1093 = FACE_BOUND('',#1094,.T.);
#1094 = EDGE_LOOP('',(#1095));
#1095 = ORIENTED_EDGE('',*,*,#1096,.T.);
#1096 = EDGE_CURVE('',#1097,#1097,#1099,.T.);
#1097 = VERTEX_POINT('',#1098);
#1098 = CARTESIAN_POINT('',(-10.11989246393,44.017279640939,
    0.914333938656));
#1099 = SURFACE_CURVE('',#1100,(#1105,#1112),.PCURVE_S1.);
#1100 = CIRCLE('',#1101,10.5);
#1101 = AXIS2_PLACEMENT_3D('',#1102,#1103,#1104);
#1102 = CARTESIAN_POINT('',(-10.11989246393,39.579787892661,
    -8.601897825228));
#1103 = DIRECTION('',(0.788010753607,0.557978789266,-0.260189782523));
#1104 = DIRECTION('',(0.,0.422618261741,0.906307787037));
#1105 = PCURVE('',#863,#1106);
#1106 = DEFINITIONAL_REPRESENTATION('',(#1107),#1111);
#1107 = CIRCLE('',#1108,10.5);
#1108 = AXIS2_PLACEMENT_2D('',#1109,#1110);
#1109 = CARTESIAN_POINT('',(0.,0.));
#1110 = DIRECTION('',(1.,-5.551115123126E-17));
#1111 = ( GEOMETRIC_REPRESENTATION_CONTEXT(2) 
PARAMETRIC_REPRESENTATION_CONTEXT() REPRESENTATION_CONTEXT('2D SPACE',''
  ) );
#1112 = PCURVE('',#1113,#1118);
#1113 = CYLINDRICAL_SURFACE('',#1114,10.5);
#1114 = AXIS2_PLACEMENT_3D('',#1115,#1116,#1117);
#1115 = CARTESIAN_POINT('',(-25.88010753606,28.420212107339,
    -3.398102174772));
#1116 = DIRECTION('',(0.788010753607,0.557978789266,-0.260189782523));
#1117 = DIRECTION('',(0.,0.422618261741,0.906307787037));
#1118 = DEFINITIONAL_REPRESENTATION('',(#1119),#1123);
#1119 = LINE('',#1120,#1121);
#1120 = CARTESIAN_POINT('',(0.,20.));
#1121 = VECTOR('',#1122,1.);
#1122 = DIRECTION('',(1.,0.));
#1123 = ( GEOMETRIC_REPRESENTATION_CONTEXT(2) 
PARAMETRIC_REPRESENTATION_CONTEXT() REPRESENTATION_CONTEXT('2D SPACE',''
  ) );
#1124 = FACE_BOUND('',#1125,.T.);
#1125 = EDGE_LOOP('',(#1126,#1127,#1150,#1174,#1202));
#1126 = ORIENTED_EDGE('',*,*,#732,.F.);
#1127 = ORIENTED_EDGE('',*,*,#1128,.F.);
#1128 = EDGE_CURVE('',#1129,#733,#1131,.T.);
#1129 = VERTEX_POINT('',#1130);
#1130 = CARTESIAN_POINT('',(-10.11989246393,40.255977111446,
    -7.15180536597));
#1131 = SURFACE_CURVE('',#1132,(#1136,#1143),.PCURVE_S1.);
#1132 = LINE('',#1133,#1134);
#1133 = CARTESIAN_POINT('',(-10.11989246393,39.579787892661,
    -8.601897825228));
#1134 = VECTOR('',#1135,1.);
#1135 = DIRECTION('',(0.,0.422618261741,0.906307787037));
#1136 = PCURVE('',#863,#1137);
#1137 = DEFINITIONAL_REPRESENTATION('',(#1138),#1142);
#1138 = LINE('',#1139,#1140);
#1139 = CARTESIAN_POINT('',(0.,0.));
#1140 = VECTOR('',#1141,1.);
#1141 = DIRECTION('',(1.,0.));
#1142 = ( GEOMETRIC_REPRESENTATION_CONTEXT(2) 
PARAMETRIC_REPRESENTATION_CONTEXT() REPRESENTATION_CONTEXT('2D SPACE',''
  ) );
#1143 = PCURVE('',#1081,#1144);
#1144 = DEFINITIONAL_REPRESENTATION('',(#1145),#1149);
#1145 = LINE('',#1146,#1147);
#1146 = CARTESIAN_POINT('',(10.,1.7763568394E-15));
#1147 = VECTOR('',#1148,1.);
#1148 = DIRECTION('',(-2.775557561563E-17,1.));
#1149 = ( GEOMETRIC_REPRESENTATION_CONTEXT(2) 
PARAMETRIC_REPRESENTATION_CONTEXT() REPRESENTATION_CONTEXT('2D SPACE',''
  ) );
#1150 = ORIENTED_EDGE('',*,*,#1151,.F.);
#1151 = EDGE_CURVE('',#1152,#1129,#1154,.T.);
#1152 = VERTEX_POINT('',#1153);
#1153 = CARTESIAN_POINT('',(-10.11989246393,38.903598673876,
    -10.05199028448));
#1154 = SURFACE_CURVE('',#1155,(#1160,#1167),.PCURVE_S1.);
#1155 = CIRCLE('',#1156,1.6);
#1156 = AXIS2_PLACEMENT_3D('',#1157,#1158,#1159);
#1157 = CARTESIAN_POINT('',(-10.11989246393,39.579787892661,
    -8.601897825228));
#1158 = DIRECTION('',(0.788010753607,0.557978789266,-0.260189782523));
#1159 = DIRECTION('',(0.,0.422618261741,0.906307787037));
#1160 = PCURVE('',#863,#1161);
#1161 = DEFINITIONAL_REPRESENTATION('',(#1162),#1166);
#1162 = CIRCLE('',#1163,1.6);
#1163 = AXIS2_PLACEMENT_2D('',#1164,#1165);
#1164 = CARTESIAN_POINT('',(0.,0.));
#1165 = DIRECTION('',(1.,-5.551115123126E-17));
#1166 = ( GEOMETRIC_REPRESENTATION_CONTEXT(2) 
PARAMETRIC_REPRESENTATION_CONTEXT() REPRESENTATION_CONTEXT('2D SPACE',''
  ) );
#1167 = PCURVE('',#1031,#1168);
#1168 = DEFINITIONAL_REPRESENTATION('',(#1169),#1173);
#1169 = LINE('',#1170,#1171);
#1170 = CARTESIAN_POINT('',(0.,30.));
#1171 = VECTOR('',#1172,1.);
#1172 = DIRECTION('',(1.,0.));
#1173 = ( GEOMETRIC_REPRESENTATION_CONTEXT(2) 
PARAMETRIC_REPRESENTATION_CONTEXT() REPRESENTATION_CONTEXT('2D SPACE',''
  ) );
#1174 = ORIENTED_EDGE('',*,*,#1175,.F.);
#1175 = EDGE_CURVE('',#1176,#1152,#1178,.T.);
#1176 = VERTEX_POINT('',#1177);
#1177 = CARTESIAN_POINT('',(-10.11989246393,38.29117968555,
    -11.3653270432));
#1178 = SURFACE_CURVE('',#1179,(#1183,#1190),.PCURVE_S1.);
#1179 = LINE('',#1180,#1181);
#1180 = CARTESIAN_POINT('',(-10.11989246393,39.579787892661,
    -8.601897825228));
#1181 = VECTOR('',#1182,1.);
#1182 = DIRECTION('',(0.,0.422618261741,0.906307787037));
#1183 = PCURVE('',#863,#1184);
#1184 = DEFINITIONAL_REPRESENTATION('',(#1185),#1189);
#1185 = LINE('',#1186,#1187);
#1186 = CARTESIAN_POINT('',(0.,0.));
#1187 = VECTOR('',#1188,1.);
#1188 = DIRECTION('',(1.,0.));
#1189 = ( GEOMETRIC_REPRESENTATION_CONTEXT(2) 
PARAMETRIC_REPRESENTATION_CONTEXT() REPRESENTATION_CONTEXT('2D SPACE',''
  ) );
#1190 = PCURVE('',#1191,#1196);
#1191 = PLANE('',#1192);
#1192 = AXIS2_PLACEMENT_3D('',#1193,#1194,#1195);
#1193 = CARTESIAN_POINT('',(-18.,34.,-6.));
#1194 = DIRECTION('',(0.615661475326,-0.714180282262,0.333027734922));
#1195 = DIRECTION('',(0.788010753607,0.557978789266,-0.260189782523));
#1196 = DEFINITIONAL_REPRESENTATION('',(#1197),#1201);
#1197 = LINE('',#1198,#1199);
#1198 = CARTESIAN_POINT('',(10.,1.7763568394E-15));
#1199 = VECTOR('',#1200,1.);
#1200 = DIRECTION('',(-2.775557561563E-17,1.));
#1201 = ( GEOMETRIC_REPRESENTATION_CONTEXT(2) 
PARAMETRIC_REPRESENTATION_CONTEXT() REPRESENTATION_CONTEXT('2D SPACE',''
  ) );
#1202 = ORIENTED_EDGE('',*,*,#1203,.T.);
#1203 = EDGE_CURVE('',#1176,#735,#1204,.T.);
#1204 = SURFACE_CURVE('',#1205,(#1250,#1298),.PCURVE_S1.);
#1205 = B_SPLINE_CURVE_WITH_KNOTS('',8,(#1206,#1207,#1208,#1209,#1210,
    #1211,#1212,#1213,#1214,#1215,#1216,#1217,#1218,#1219,#1220,#1221,
    #1222,#1223,#1224,#1225,#1226,#1227,#1228,#1229,#1230,#1231,#1232,
    #1233,#1234,#1235,#1236,#1237,#1238,#1239,#1240,#1241,#1242,#1243,
    #1244,#1245,#1246,#1247,#1248,#1249),.UNSPECIFIED.,.F.,.F.,(9,7,7,7,
    7,7,9),(0.,0.502293312151,0.748611626291,0.87485969849,
    0.929326160476,0.960558993656,1.),.UNSPECIFIED.);
#1206 = CARTESIAN_POINT('',(-10.11989246393,38.291179679379,
    -11.36532705643));
#1207 = CARTESIAN_POINT('',(-9.709532221599,37.859006534572,
    -11.04930836069));
#1208 = CARTESIAN_POINT('',(-9.299556845912,37.428786014917,
    -10.73026785389));
#1209 = CARTESIAN_POINT('',(-8.889983269019,37.000739395873,
    -10.40778228997));
#1210 = CARTESIAN_POINT('',(-8.480875685623,36.575201629699,
    -10.08132778158));
#1211 = CARTESIAN_POINT('',(-8.072341137636,36.15260506229,
    -9.750301347085));
#1212 = CARTESIAN_POINT('',(-7.664563604406,35.733634007002,
    -9.413792671579));
#1213 = CARTESIAN_POINT('',(-7.257787947541,35.319154246775,
    -9.070686665407));
#1214 = CARTESIAN_POINT('',(-6.653700351587,34.710696190656,
    -8.545989534965));
#1215 = CARTESIAN_POINT('',(-6.45533262952,34.512038567594,
    -8.371235715957));
#1216 = CARTESIAN_POINT('',(-6.257379659627,34.3150928367,
    -8.194066850748));
#1217 = CARTESIAN_POINT('',(-6.059907957508,34.120121658161,
    -8.01412111189));
#1218 = CARTESIAN_POINT('',(-5.863029025615,33.927472234387,
    -7.830991617723));
#1219 = CARTESIAN_POINT('',(-5.666932551214,33.737691933824,
    -7.644079019673));
#1220 = CARTESIAN_POINT('',(-5.471871353244,33.551477564298,
    -7.452654695948));
#1221 = CARTESIAN_POINT('',(-5.179092137184,33.277271390329,
    -7.153980624378));
#1222 = CARTESIAN_POINT('',(-5.080331535441,33.18570271606,
    -7.051243929863));
#1223 = CARTESIAN_POINT('',(-4.982037620099,33.095620508856,
    -6.946732902835));
#1224 = CARTESIAN_POINT('',(-4.884286977878,33.00726003498,
    -6.840174963698));
#1225 = CARTESIAN_POINT('',(-4.787210814037,32.920940544668,
    -6.73128284635));
#1226 = CARTESIAN_POINT('',(-4.691034887867,32.837172658533,
    -6.619645255923));
#1227 = CARTESIAN_POINT('',(-4.596058530904,32.756603250078,
    -6.504781523174));
#1228 = CARTESIAN_POINT('',(-4.46260018204,32.64764987088,
    -6.334240854658));
#1229 = CARTESIAN_POINT('',(-4.422723992212,32.615659894699,
    -6.282074554787));
#1230 = CARTESIAN_POINT('',(-4.383227532329,32.584609029727,
    -6.229044374503));
#1231 = CARTESIAN_POINT('',(-4.34416847997,32.554622812173,
    -6.175055782857));
#1232 = CARTESIAN_POINT('',(-4.305635922396,32.525874166298,
    -6.120007752244));
#1233 = CARTESIAN_POINT('',(-4.267751559524,32.498586308601,
    -6.063790173694));
#1234 = CARTESIAN_POINT('',(-4.230678777599,32.473053463333,
    -6.006266912831));
#1235 = CARTESIAN_POINT('',(-4.173993441583,32.436319742154,
    -5.913365428193));
#1236 = CARTESIAN_POINT('',(-4.153694156325,32.423664363375,
    -5.879026561931));
#1237 = CARTESIAN_POINT('',(-4.13378771786,32.41180886837,
    -5.844162115143));
#1238 = CARTESIAN_POINT('',(-4.114331392393,32.40085195362,
    -5.808733868967));
#1239 = CARTESIAN_POINT('',(-4.095406369133,32.390923236365,
    -5.77270974797));
#1240 = CARTESIAN_POINT('',(-4.077117760296,32.382183254602,
    -5.736063820147));
#1241 = CARTESIAN_POINT('',(-4.059594601099,32.37482346709,
    -5.698776296923));
#1242 = CARTESIAN_POINT('',(-4.022021271643,32.361796009799,
    -5.612919186789));
#1243 = CARTESIAN_POINT('',(-4.002327783129,32.356884166532,
    -5.563808971001));
#1244 = CARTESIAN_POINT('',(-3.98453104611,32.355188086599,
    -5.513547029905));
#1245 = CARTESIAN_POINT('',(-3.969223809648,32.357427430716,
    -5.462385245878));
#1246 = CARTESIAN_POINT('',(-3.956969909986,32.36418415726,
    -5.410783239553));
#1247 = CARTESIAN_POINT('',(-3.948304270548,32.375902522268,
    -5.359408369819));
#1248 = CARTESIAN_POINT('',(-3.943732901938,32.392889079438,
    -5.309135733822));
#1249 = CARTESIAN_POINT('',(-3.943732901938,32.415312680127,
    -5.261048166962));
#1250 = PCURVE('',#863,#1251);
#1251 = DEFINITIONAL_REPRESENTATION('',(#1252),#1297);
#1252 = B_SPLINE_CURVE_WITH_KNOTS('',8,(#1253,#1254,#1255,#1256,#1257,
    #1258,#1259,#1260,#1261,#1262,#1263,#1264,#1265,#1266,#1267,#1268,
    #1269,#1270,#1271,#1272,#1273,#1274,#1275,#1276,#1277,#1278,#1279,
    #1280,#1281,#1282,#1283,#1284,#1285,#1286,#1287,#1288,#1289,#1290,
    #1291,#1292,#1293,#1294,#1295,#1296),.UNSPECIFIED.,.F.,.F.,(9,7,7,7,
    7,7,9),(0.,0.502293312151,0.748611626291,0.87485969849,
    0.929326160476,0.960558993656,1.),.UNSPECIFIED.);
#1253 = CARTESIAN_POINT('',(-3.049106794332,0.));
#1254 = CARTESIAN_POINT('',(-2.945340852758,0.666535521192));
#1255 = CARTESIAN_POINT('',(-2.838011005245,1.332445915326));
#1256 = CARTESIAN_POINT('',(-2.726640145548,1.997703680036));
#1257 = CARTESIAN_POINT('',(-2.610611913528,2.662204545838));
#1258 = CARTESIAN_POINT('',(-2.489197104958,3.325774647852));
#1259 = CARTESIAN_POINT('',(-2.361281491047,3.988115154076));
#1260 = CARTESIAN_POINT('',(-2.225488561668,4.648828343332));
#1261 = CARTESIAN_POINT('',(-2.007096952532,5.630029247018));
#1262 = CARTESIAN_POINT('',(-1.932672544891,5.952231837268));
#1263 = CARTESIAN_POINT('',(-1.855335885178,6.273760758318));
#1264 = CARTESIAN_POINT('',(-1.774648041371,6.594507970922));
#1265 = CARTESIAN_POINT('',(-1.690093519373,6.91429236508));
#1266 = CARTESIAN_POINT('',(-1.600897797001,7.232805837597));
#1267 = CARTESIAN_POINT('',(-1.506106034941,7.549637742446));
#1268 = CARTESIAN_POINT('',(-1.351299934693,8.025190018809));
#1269 = CARTESIAN_POINT('',(-1.296887462389,8.185603826885));
#1270 = CARTESIAN_POINT('',(-1.240238690585,8.345259610594));
#1271 = CARTESIAN_POINT('',(-1.181007150449,8.50403297248));
#1272 = CARTESIAN_POINT('',(-1.1187975695,8.661710799876));
#1273 = CARTESIAN_POINT('',(-1.053021390398,8.817926398909));
#1274 = CARTESIAN_POINT('',(-0.982969598311,8.972193574572));
#1275 = CARTESIAN_POINT('',(-0.874452950155,9.188965866186));
#1276 = CARTESIAN_POINT('',(-0.840693774488,9.25373553495));
#1277 = CARTESIAN_POINT('',(-0.80575477173,9.317888420044));
#1278 = CARTESIAN_POINT('',(-0.769497213848,9.381330837548));
#1279 = CARTESIAN_POINT('',(-0.73175645779,9.443918085765));
#1280 = CARTESIAN_POINT('',(-0.692338375568,9.505452491262));
#1281 = CARTESIAN_POINT('',(-0.650995242996,9.565668670787));
#1282 = CARTESIAN_POINT('',(-0.582322245434,9.657740918748));
#1283 = CARTESIAN_POINT('',(-0.556549057724,9.690712423499));
#1284 = CARTESIAN_POINT('',(-0.5299614868,9.723045839285));
#1285 = CARTESIAN_POINT('',(-0.502483183676,9.754648150371));
#1286 = CARTESIAN_POINT('',(-0.474030299523,9.785387483622));
#1287 = CARTESIAN_POINT('',(-0.444511485674,9.815093108499));
#1288 = CARTESIAN_POINT('',(-0.413827893621,9.843555437065));
#1289 = CARTESIAN_POINT('',(-0.34152056749,9.904584640551));
#1290 = CARTESIAN_POINT('',(-0.299087431162,9.93657216828));
#1291 = CARTESIAN_POINT('',(-0.254251436908,9.965478860891));
#1292 = CARTESIAN_POINT('',(-0.206936725927,9.99034193431));
#1293 = CARTESIAN_POINT('',(-0.157313909741,10.010245566668));
#1294 = CARTESIAN_POINT('',(-0.105800070193,10.024320898299));
#1295 = CARTESIAN_POINT('',(-5.305875944966E-02,10.031746031743));
#1296 = CARTESIAN_POINT('',(9.592326932761E-14,10.031746031743));
#1297 = ( GEOMETRIC_REPRESENTATION_CONTEXT(2) 
PARAMETRIC_REPRESENTATION_CONTEXT() REPRESENTATION_CONTEXT('2D SPACE',''
  ) );
#1298 = PCURVE('',#931,#1299);
#1299 = DEFINITIONAL_REPRESENTATION('',(#1300),#1345);
#1300 = B_SPLINE_CURVE_WITH_KNOTS('',8,(#1301,#1302,#1303,#1304,#1305,
    #1306,#1307,#1308,#1309,#1310,#1311,#1312,#1313,#1314,#1315,#1316,
    #1317,#1318,#1319,#1320,#1321,#1322,#1323,#1324,#1325,#1326,#1327,
    #1328,#1329,#1330,#1331,#1332,#1333,#1334,#1335,#1336,#1337,#1338,
    #1339,#1340,#1341,#1342,#1343,#1344),.UNSPECIFIED.,.F.,.F.,(9,7,7,7,
    7,7,9),(0.,0.502293312151,0.748611626291,0.87485969849,
    0.929326160476,0.960558993656,1.),.UNSPECIFIED.);
#1301 = CARTESIAN_POINT('',(5.973340667273,0.));
#1302 = CARTESIAN_POINT('',(5.983223138063,2.109289624026E-02));
#1303 = CARTESIAN_POINT('',(5.99351650341,4.216600997871E-02));
#1304 = CARTESIAN_POINT('',(6.004272705894,6.321847088702E-02));
#1305 = CARTESIAN_POINT('',(6.015558701909,8.424697929894E-02));
#1306 = CARTESIAN_POINT('',(6.027453714804,0.10524603316));
#1307 = CARTESIAN_POINT('',(6.040078032677,0.126206175762));
#1308 = CARTESIAN_POINT('',(6.053580166745,0.147114820992));
#1309 = CARTESIAN_POINT('',(6.075468301993,0.178165482501));
#1310 = CARTESIAN_POINT('',(6.08295331389,0.188361767002));
#1311 = CARTESIAN_POINT('',(6.09075832827,0.198536732858));
#1312 = CARTESIAN_POINT('',(6.098930193815,0.208686961105));
#1313 = CARTESIAN_POINT('',(6.107523968851,0.218806720414));
#1314 = CARTESIAN_POINT('',(6.116622141805,0.228886260683));
#1315 = CARTESIAN_POINT('',(6.126326371367,0.238912586786));
#1316 = CARTESIAN_POINT('',(6.142235385955,0.253961709456));
#1317 = CARTESIAN_POINT('',(6.1478370041,0.259038095788));
#1318 = CARTESIAN_POINT('',(6.153679057147,0.264090494006));
#1319 = CARTESIAN_POINT('',(6.159798219949,0.269114967484));
#1320 = CARTESIAN_POINT('',(6.166236382048,0.274104772148));
#1321 = CARTESIAN_POINT('',(6.173055828918,0.279048303763));
#1322 = CARTESIAN_POINT('',(6.180331584161,0.283930176411));
#1323 = CARTESIAN_POINT('',(6.191623382722,0.290790059057));
#1324 = CARTESIAN_POINT('',(6.19513874604,0.292839732119));
#1325 = CARTESIAN_POINT('',(6.198779566907,0.29486988671));
#1326 = CARTESIAN_POINT('',(6.202560481222,0.29687755815));
#1327 = CARTESIAN_POINT('',(6.206498863825,0.298858167271));
#1328 = CARTESIAN_POINT('',(6.210615199308,0.300805458584));
#1329 = CARTESIAN_POINT('',(6.214935608925,0.302711033886));
#1330 = CARTESIAN_POINT('',(6.222117067705,0.305624712619));
#1331 = CARTESIAN_POINT('',(6.22481328698,0.306668114668));
#1332 = CARTESIAN_POINT('',(6.227595721028,0.307691324028));
#1333 = CARTESIAN_POINT('',(6.230472411393,0.308691397164));
#1334 = CARTESIAN_POINT('',(6.233452186049,0.309664160874));
#1335 = CARTESIAN_POINT('',(6.236544659399,0.310604212294));
#1336 = CARTESIAN_POINT('',(6.239760232277,0.311504918894));
#1337 = CARTESIAN_POINT('',(6.247340314545,0.313436222802));
#1338 = CARTESIAN_POINT('',(6.251790225303,0.314448486338));
#1339 = CARTESIAN_POINT('',(6.256493817503,0.315363255092));
#1340 = CARTESIAN_POINT('',(6.261459063597,0.316150061212));
#1341 = CARTESIAN_POINT('',(6.266667915217,0.316779922996));
#1342 = CARTESIAN_POINT('',(6.27207630317,0.317225344883));
#1343 = CARTESIAN_POINT('',(6.277614137437,0.31746031746));
#1344 = CARTESIAN_POINT('',(6.28318530718,0.31746031746));
#1345 = ( GEOMETRIC_REPRESENTATION_CONTEXT(2) 
PARAMETRIC_REPRESENTATION_CONTEXT() REPRESENTATION_CONTEXT('2D SPACE',''
  ) );
#1346 = ADVANCED_FACE('',(#1347),#1081,.F.);
#1347 = FACE_BOUND('',#1348,.F.);
#1348 = EDGE_LOOP('',(#1349,#1350,#1371));
#1349 = ORIENTED_EDGE('',*,*,#1128,.F.);
#1350 = ORIENTED_EDGE('',*,*,#1351,.T.);
#1351 = EDGE_CURVE('',#1129,#970,#1352,.T.);
#1352 = SURFACE_CURVE('',#1353,(#1357,#1364),.PCURVE_S1.);
#1353 = LINE('',#1354,#1355);
#1354 = CARTESIAN_POINT('',(-33.76021507213,23.516613433463,
    0.653888109716));
#1355 = VECTOR('',#1356,1.);
#1356 = DIRECTION('',(0.788010753607,0.557978789266,-0.260189782523));
#1357 = PCURVE('',#1081,#1358);
#1358 = DEFINITIONAL_REPRESENTATION('',(#1359),#1363);
#1359 = LINE('',#1360,#1361);
#1360 = CARTESIAN_POINT('',(-20.,1.6));
#1361 = VECTOR('',#1362,1.);
#1362 = DIRECTION('',(1.,-2.775557561563E-17));
#1363 = ( GEOMETRIC_REPRESENTATION_CONTEXT(2) 
PARAMETRIC_REPRESENTATION_CONTEXT() REPRESENTATION_CONTEXT('2D SPACE',''
  ) );
#1364 = PCURVE('',#1031,#1365);
#1365 = DEFINITIONAL_REPRESENTATION('',(#1366),#1370);
#1366 = LINE('',#1367,#1368);
#1367 = CARTESIAN_POINT('',(0.,-0.));
#1368 = VECTOR('',#1369,1.);
#1369 = DIRECTION('',(0.,1.));
#1370 = ( GEOMETRIC_REPRESENTATION_CONTEXT(2) 
PARAMETRIC_REPRESENTATION_CONTEXT() REPRESENTATION_CONTEXT('2D SPACE',''
  ) );
#1371 = ORIENTED_EDGE('',*,*,#1066,.T.);
#1372 = ADVANCED_FACE('',(#1373),#1031,.F.);
#1373 = FACE_BOUND('',#1374,.F.);
#1374 = EDGE_LOOP('',(#1375,#1376,#1377,#1400,#1428,#1629,#1657,#1684,
    #1685,#1686,#1709));
#1375 = ORIENTED_EDGE('',*,*,#969,.F.);
#1376 = ORIENTED_EDGE('',*,*,#1351,.F.);
#1377 = ORIENTED_EDGE('',*,*,#1378,.F.);
#1378 = EDGE_CURVE('',#1379,#1129,#1381,.T.);
#1379 = VERTEX_POINT('',#1380);
#1380 = CARTESIAN_POINT('',(-25.88010753606,29.096401326124,
    -1.948009715513));
#1381 = SEAM_CURVE('',#1382,(#1386,#1393),.PCURVE_S1.);
#1382 = LINE('',#1383,#1384);
#1383 = CARTESIAN_POINT('',(-33.76021507213,23.516613433463,
    0.653888109716));
#1384 = VECTOR('',#1385,1.);
#1385 = DIRECTION('',(0.788010753607,0.557978789266,-0.260189782523));
#1386 = PCURVE('',#1031,#1387);
#1387 = DEFINITIONAL_REPRESENTATION('',(#1388),#1392);
#1388 = LINE('',#1389,#1390);
#1389 = CARTESIAN_POINT('',(6.28318530718,-0.));
#1390 = VECTOR('',#1391,1.);
#1391 = DIRECTION('',(0.,1.));
#1392 = ( GEOMETRIC_REPRESENTATION_CONTEXT(2) 
PARAMETRIC_REPRESENTATION_CONTEXT() REPRESENTATION_CONTEXT('2D SPACE',''
  ) );
#1393 = PCURVE('',#1031,#1394);
#1394 = DEFINITIONAL_REPRESENTATION('',(#1395),#1399);
#1395 = LINE('',#1396,#1397);
#1396 = CARTESIAN_POINT('',(0.,-0.));
#1397 = VECTOR('',#1398,1.);
#1398 = DIRECTION('',(0.,1.));
#1399 = ( GEOMETRIC_REPRESENTATION_CONTEXT(2) 
PARAMETRIC_REPRESENTATION_CONTEXT() REPRESENTATION_CONTEXT('2D SPACE',''
  ) );
#1400 = ORIENTED_EDGE('',*,*,#1401,.F.);
#1401 = EDGE_CURVE('',#1402,#1379,#1404,.T.);
#1402 = VERTEX_POINT('',#1403);
#1403 = CARTESIAN_POINT('',(-26.16751763486,28.892890475267,
    -1.853111047241));
#1404 = SURFACE_CURVE('',#1405,(#1409,#1416),.PCURVE_S1.);
#1405 = LINE('',#1406,#1407);
#1406 = CARTESIAN_POINT('',(-33.76021507213,23.516613433463,
    0.653888109716));
#1407 = VECTOR('',#1408,1.);
#1408 = DIRECTION('',(0.788010753607,0.557978789266,-0.260189782523));
#1409 = PCURVE('',#1031,#1410);
#1410 = DEFINITIONAL_REPRESENTATION('',(#1411),#1415);
#1411 = LINE('',#1412,#1413);
#1412 = CARTESIAN_POINT('',(0.,-0.));
#1413 = VECTOR('',#1414,1.);
#1414 = DIRECTION('',(0.,1.));
#1415 = ( GEOMETRIC_REPRESENTATION_CONTEXT(2) 
PARAMETRIC_REPRESENTATION_CONTEXT() REPRESENTATION_CONTEXT('2D SPACE',''
  ) );
#1416 = PCURVE('',#1417,#1422);
#1417 = PLANE('',#1418);
#1418 = AXIS2_PLACEMENT_3D('',#1419,#1420,#1421);
#1419 = CARTESIAN_POINT('',(-18.,34.,-6.));
#1420 = DIRECTION('',(0.615661475326,-0.714180282262,0.333027734922));
#1421 = DIRECTION('',(0.788010753607,0.557978789266,-0.260189782523));
#1422 = DEFINITIONAL_REPRESENTATION('',(#1423),#1427);
#1423 = LINE('',#1424,#1425);
#1424 = CARTESIAN_POINT('',(-20.,1.6));
#1425 = VECTOR('',#1426,1.);
#1426 = DIRECTION('',(1.,-2.775557561563E-17));
#1427 = ( GEOMETRIC_REPRESENTATION_CONTEXT(2) 
PARAMETRIC_REPRESENTATION_CONTEXT() REPRESENTATION_CONTEXT('2D SPACE',''
  ) );
#1428 = ORIENTED_EDGE('',*,*,#1429,.T.);
#1429 = EDGE_CURVE('',#1402,#1430,#1432,.T.);
#1430 = VERTEX_POINT('',#1431);
#1431 = CARTESIAN_POINT('',(-26.16751763486,27.540512037697,
    -4.753295965758));
#1432 = SURFACE_CURVE('',#1433,(#1486,#1542),.PCURVE_S1.);
#1433 = B_SPLINE_CURVE_WITH_KNOTS('',6,(#1434,#1435,#1436,#1437,#1438,
    #1439,#1440,#1441,#1442,#1443,#1444,#1445,#1446,#1447,#1448,#1449,
    #1450,#1451,#1452,#1453,#1454,#1455,#1456,#1457,#1458,#1459,#1460,
    #1461,#1462,#1463,#1464,#1465,#1466,#1467,#1468,#1469,#1470,#1471,
    #1472,#1473,#1474,#1475,#1476,#1477,#1478,#1479,#1480,#1481,#1482,
    #1483,#1484,#1485),.UNSPECIFIED.,.F.,.F.,(7,5,5,5,5,5,5,5,5,5,7),(0.
    ,4.195910125387E-02,0.163924183641,0.207945539198,0.302132976779,
    0.398689927374,0.499584746751,0.601732194581,0.698328763855,
    0.834398503482,1.),.UNSPECIFIED.);
#1434 = CARTESIAN_POINT('',(-26.16751763282,28.89289047671,
    -1.853111047913));
#1435 = CARTESIAN_POINT('',(-26.14446165612,28.868759641864,
    -1.841858654827));
#1436 = CARTESIAN_POINT('',(-26.12152257075,28.844140584367,
    -1.831402532228));
#1437 = CARTESIAN_POINT('',(-26.09872164225,28.819054638178,
    -1.821753900938));
#1438 = CARTESIAN_POINT('',(-26.07607938873,28.793524389773,
    -1.812922783558));
#1439 = CARTESIAN_POINT('',(-26.05361558086,28.76757367814,
    -1.804918004467));
#1440 = CARTESIAN_POINT('',(-25.96662631452,28.664645825121,
    -1.776903344917));
#1441 = CARTESIAN_POINT('',(-25.90356709541,28.584717928314,
    -1.763104780607));
#1442 = CARTESIAN_POINT('',(-25.84264854157,28.502069883945,
    -1.756540667177));
#1443 = CARTESIAN_POINT('',(-25.78426375666,28.417387574935,
    -1.757302844021));
#1444 = CARTESIAN_POINT('',(-25.72873315109,28.331398752507,
    -1.765390478285));
#1445 = CARTESIAN_POINT('',(-25.65739632187,28.213618411351,
    -1.786245765976));
#1446 = CARTESIAN_POINT('',(-25.63888206532,28.182308581939,
    -1.792719662808));
#1447 = CARTESIAN_POINT('',(-25.62078461936,28.150960305008,
    -1.800132314508));
#1448 = CARTESIAN_POINT('',(-25.60311470847,28.1196083032,
    -1.808478268584));
#1449 = CARTESIAN_POINT('',(-25.58588199466,28.088287229706,
    -1.81775071956));
#1450 = CARTESIAN_POINT('',(-25.53317803911,27.990157733919,
    -1.84974557044));
#1451 = CARTESIAN_POINT('',(-25.49930182903,27.923583402808,
    -1.87575379788));
#1452 = CARTESIAN_POINT('',(-25.46755133311,27.857646934314,
    -1.905886223166));
#1453 = CARTESIAN_POINT('',(-25.43799145052,27.792681186617,
    -1.940036801785));
#1454 = CARTESIAN_POINT('',(-25.41067234989,27.729009798686,
    -1.978073399929));
#1455 = CARTESIAN_POINT('',(-25.35996721893,27.603315514643,
    -2.062652847381));
#1456 = CARTESIAN_POINT('',(-25.33669709419,27.541373525369,
    -2.109386198258));
#1457 = CARTESIAN_POINT('',(-25.31586802738,27.481452627612,
    -2.159866592347));
#1458 = CARTESIAN_POINT('',(-25.29751250819,27.423871708086,
    -2.213894855879));
#1459 = CARTESIAN_POINT('',(-25.28165487204,27.368928520004,
    -2.271241794683));
#1460 = CARTESIAN_POINT('',(-25.25437446224,27.262523615297,
    -2.394764110233));
#1461 = CARTESIAN_POINT('',(-25.24318247389,27.211327245966,
    -2.461222625904));
#1462 = CARTESIAN_POINT('',(-25.23476014945,27.16361780702,
    -2.530721448633));
#1463 = CARTESIAN_POINT('',(-25.22912123309,27.119668867198,
    -2.602929072094));
#1464 = CARTESIAN_POINT('',(-25.22627234934,27.079711343908,
    -2.677482874537));
#1465 = CARTESIAN_POINT('',(-25.22615476812,27.007703039586,
    -2.831445578668));
#1466 = CARTESIAN_POINT('',(-25.22895579214,26.975754679698,
    -2.910907337613));
#1467 = CARTESIAN_POINT('',(-25.23461672878,26.948275655542,
    -2.991966239238));
#1468 = CARTESIAN_POINT('',(-25.24313080494,26.925400857981,
    -3.074197029487));
#1469 = CARTESIAN_POINT('',(-25.25448376499,26.907211337138,
    -3.157161087515));
#1470 = CARTESIAN_POINT('',(-25.28205205188,26.880994871015,
    -3.319134955877));
#1471 = CARTESIAN_POINT('',(-25.29797005307,26.872468937926,
    -3.398117431756));
#1472 = CARTESIAN_POINT('',(-25.31638758246,26.86818414845,
    -3.476980723139));
#1473 = CARTESIAN_POINT('',(-25.33728018454,26.86812416478,
    -3.555348974459));
#1474 = CARTESIAN_POINT('',(-25.36061521464,26.87223604908,
    -3.632849484125));
#1475 = CARTESIAN_POINT('',(-25.42259811374,26.891984257678,
    -3.816545711453));
#1476 = CARTESIAN_POINT('',(-25.46360821179,26.911643677949,
    -3.921530567914));
#1477 = CARTESIAN_POINT('',(-25.50925566916,26.939176548268,
    -4.023041245991));
#1478 = CARTESIAN_POINT('',(-25.55937323501,26.974218002521,
    -4.120085371261));
#1479 = CARTESIAN_POINT('',(-25.61372604246,27.016304002001,
    -4.21171472797));
#1480 = CARTESIAN_POINT('',(-25.74284381168,27.123973534928,
    -4.40092748789));
#1481 = CARTESIAN_POINT('',(-25.81950136547,27.192693240323,
    -4.495520222177));
#1482 = CARTESIAN_POINT('',(-25.90127741536,27.269987745146,
    -4.579204706251));
#1483 = CARTESIAN_POINT('',(-25.98731822863,27.354619590224,
    -4.650662282855));
#1484 = CARTESIAN_POINT('',(-26.07651922079,27.445271326495,
    -4.708884492756));
#1485 = CARTESIAN_POINT('',(-26.16751763282,27.540512039139,
    -4.753295966431));
#1486 = PCURVE('',#1031,#1487);
#1487 = DEFINITIONAL_REPRESENTATION('',(#1488),#1541);
#1488 = B_SPLINE_CURVE_WITH_KNOTS('',6,(#1489,#1490,#1491,#1492,#1493,
    #1494,#1495,#1496,#1497,#1498,#1499,#1500,#1501,#1502,#1503,#1504,
    #1505,#1506,#1507,#1508,#1509,#1510,#1511,#1512,#1513,#1514,#1515,
    #1516,#1517,#1518,#1519,#1520,#1521,#1522,#1523,#1524,#1525,#1526,
    #1527,#1528,#1529,#1530,#1531,#1532,#1533,#1534,#1535,#1536,#1537,
    #1538,#1539,#1540),.UNSPECIFIED.,.F.,.F.,(7,5,5,5,5,5,5,5,5,5,7),(0.
    ,4.195910125387E-02,0.163924183641,0.207945539198,0.302132976779,
    0.398689927374,0.499584746751,0.601732194581,0.698328763855,
    0.834398503482,1.),.UNSPECIFIED.);
#1489 = CARTESIAN_POINT('',(0.,9.635271352013));
#1490 = CARTESIAN_POINT('',(2.198487628497E-02,9.637047457871));
#1491 = CARTESIAN_POINT('',(4.397694434518E-02,9.638666215659));
#1492 = CARTESIAN_POINT('',(6.597533975418E-02,9.64012569135));
#1493 = CARTESIAN_POINT('',(8.797915637986E-02,9.641424927007));
#1494 = CARTESIAN_POINT('',(0.109987446384,9.642563940782));
#1495 = CARTESIAN_POINT('',(0.195982187677,9.646391731124));
#1496 = CARTESIAN_POINT('',(0.259998970793,9.647894757358));
#1497 = CARTESIAN_POINT('',(0.324015891382,9.648075461906));
#1498 = CARTESIAN_POINT('',(0.388016378266,9.647030678636));
#1499 = CARTESIAN_POINT('',(0.451989967642,9.644913773746));
#1500 = CARTESIAN_POINT('',(0.538996301725,9.640835362916));
#1501 = CARTESIAN_POINT('',(0.562066476634,9.639639017269));
#1502 = CARTESIAN_POINT('',(0.585131595105,9.638337021925));
#1503 = CARTESIAN_POINT('',(0.608191564327,9.636938881689));
#1504 = CARTESIAN_POINT('',(0.631246431751,9.635454547824));
#1505 = CARTESIAN_POINT('',(0.703613722422,9.630556387597));
#1506 = CARTESIAN_POINT('',(0.752908659919,9.626871215799));
#1507 = CARTESIAN_POINT('',(0.802182693025,9.622939946341));
#1508 = CARTESIAN_POINT('',(0.851440369681,9.618869574078));
#1509 = CARTESIAN_POINT('',(0.900687274585,9.614766769405));
#1510 = CARTESIAN_POINT('',(1.000407522301,9.606594921474));
#1511 = CARTESIAN_POINT('',(1.05088126664,9.602529254227));
#1512 = CARTESIAN_POINT('',(1.10135368681,9.598642675639));
#1513 = CARTESIAN_POINT('',(1.151829953793,9.595035692528));
#1514 = CARTESIAN_POINT('',(1.202313667517,9.591795634311));
#1515 = CARTESIAN_POINT('',(1.305563770919,9.586060455113));
#1516 = CARTESIAN_POINT('',(1.358332715396,9.583605200853));
#1517 = CARTESIAN_POINT('',(1.411109193145,9.581704111676));
#1518 = CARTESIAN_POINT('',(1.463892902954,9.580412748018));
#1519 = CARTESIAN_POINT('',(1.516682041976,9.579760386221));
#1520 = CARTESIAN_POINT('',(1.622913149221,9.579733457531));
#1521 = CARTESIAN_POINT('',(1.676357869125,9.580374851094));
#1522 = CARTESIAN_POINT('',(1.729797038414,9.581671957501));
#1523 = CARTESIAN_POINT('',(1.783228803745,9.583594733512));
#1524 = CARTESIAN_POINT('',(1.836652879676,9.586085512308));
#1525 = CARTESIAN_POINT('',(1.940578380446,9.59187711934));
#1526 = CARTESIAN_POINT('',(1.991082652751,9.595126706627));
#1527 = CARTESIAN_POINT('',(2.041579513617,9.5987420964));
#1528 = CARTESIAN_POINT('',(2.092072592366,9.602635649939));
#1529 = CARTESIAN_POINT('',(2.142567084967,9.606706580267));
#1530 = CARTESIAN_POINT('',(2.264204255517,9.616678352193));
#1531 = CARTESIAN_POINT('',(2.3353557572,9.622647480421));
#1532 = CARTESIAN_POINT('',(2.406533691389,9.628451592036));
#1533 = CARTESIAN_POINT('',(2.477755000257,9.633760689264));
#1534 = CARTESIAN_POINT('',(2.549031852642,9.638254209937));
#1535 = CARTESIAN_POINT('',(2.707156118944,9.645816561788));
#1536 = CARTESIAN_POINT('',(2.794052878539,9.648365786034));
#1537 = CARTESIAN_POINT('',(2.880981895362,9.648827921264));
#1538 = CARTESIAN_POINT('',(2.967916376679,9.646842140922));
#1539 = CARTESIAN_POINT('',(3.054821711008,9.642281370054));
#1540 = CARTESIAN_POINT('',(3.14159265359,9.635271352013));
#1541 = ( GEOMETRIC_REPRESENTATION_CONTEXT(2) 
PARAMETRIC_REPRESENTATION_CONTEXT() REPRESENTATION_CONTEXT('2D SPACE',''
  ) );
#1542 = PCURVE('',#1543,#1574);
#1543 = B_SPLINE_SURFACE_WITH_KNOTS('',14,1,(
    (#1544,#1545)
    ,(#1546,#1547)
    ,(#1548,#1549)
    ,(#1550,#1551)
    ,(#1552,#1553)
    ,(#1554,#1555)
    ,(#1556,#1557)
    ,(#1558,#1559)
    ,(#1560,#1561)
    ,(#1562,#1563)
    ,(#1564,#1565)
    ,(#1566,#1567)
    ,(#1568,#1569)
    ,(#1570,#1571)
    ,(#1572,#1573
    )),.UNSPECIFIED.,.T.,.F.,.F.,(15,15),(2,2),(0.,6.28318530718),(0.,1.
    ),.PIECEWISE_BEZIER_KNOTS.);
#1544 = CARTESIAN_POINT('',(-9.725887087129,39.858777287294,
    -8.73199271649));
#1545 = CARTESIAN_POINT('',(8.487898596231,16.411863774709,
    2.201482614527));
#1546 = CARTESIAN_POINT('',(-9.725887087127,41.755483610665,
    -4.664492879851));
#1547 = CARTESIAN_POINT('',(8.487898596232,18.024064149574,5.65885747567
    ));
#1548 = CARTESIAN_POINT('',(-11.52066100412,42.381337701457,
    -4.383086909967E-03));
#1549 = CARTESIAN_POINT('',(6.96234076679,18.556040126744,9.619950799669
    ));
#1550 = CARTESIAN_POINT('',(-15.11021113252,41.256336557486,
    4.218971143886));
#1551 = CARTESIAN_POINT('',(3.911223157627,17.599789154388,
    13.209801895846));
#1552 = CARTESIAN_POINT('',(-19.95774294275,38.280629215616,
    6.799077803266));
#1553 = CARTESIAN_POINT('',(-0.209178880995,15.070437913732,
    15.402892556328));
#1554 = CARTESIAN_POINT('',(-24.98976920018,33.90643358581,
    6.721187713881));
#1555 = CARTESIAN_POINT('',(-4.486401199983,11.352371628556,
    15.336685980313));
#1556 = CARTESIAN_POINT('',(-28.83115884722,29.144768858881,
    3.61126222506));
#1557 = CARTESIAN_POINT('',(-7.751582399668,7.304956610378,12.6932493149
    ));
#1558 = CARTESIAN_POINT('',(-30.27736539665,25.306578688183,
    -1.946191066549));
#1559 = CARTESIAN_POINT('',(-8.980857967086,4.042494965691,
    7.969414016898));
#1560 = CARTESIAN_POINT('',(-28.83115884722,23.516463561333,
    -8.458677436281));
#1561 = CARTESIAN_POINT('',(-7.751582399628,2.520897107415,
    2.433800602788));
#1562 = CARTESIAN_POINT('',(-24.98976920019,24.194861510276,
    -14.10534581111));
#1563 = CARTESIAN_POINT('',(-4.486401200042,3.097535364424,
    -2.365867515974));
#1564 = CARTESIAN_POINT('',(-19.95774294275,26.946872993165,
    -17.50624085116));
#1565 = CARTESIAN_POINT('',(-0.209178880941,5.436745124584,
    -5.256628299898));
#1566 = CARTESIAN_POINT('',(-15.11021113252,30.836097171728,
    -18.12730433223));
#1567 = CARTESIAN_POINT('',(3.911223157594,8.742585676533,
    -5.784532258877));
#1568 = CARTESIAN_POINT('',(-11.52066100412,34.794511007743,
    -16.27438543629));
#1569 = CARTESIAN_POINT('',(6.962340766803,12.10723743707,
    -4.209551197295));
#1570 = CARTESIAN_POINT('',(-9.725887087128,37.962070963929,
    -12.79949255312));
#1571 = CARTESIAN_POINT('',(8.487898596228,14.799663399852,
    -1.255892246615));
#1572 = CARTESIAN_POINT('',(-9.725887087129,39.858777287294,
    -8.73199271649));
#1573 = CARTESIAN_POINT('',(8.487898596231,16.411863774709,
    2.201482614527));
#1574 = DEFINITIONAL_REPRESENTATION('',(#1575),#1628);
#1575 = B_SPLINE_CURVE_WITH_KNOTS('',6,(#1576,#1577,#1578,#1579,#1580,
    #1581,#1582,#1583,#1584,#1585,#1586,#1587,#1588,#1589,#1590,#1591,
    #1592,#1593,#1594,#1595,#1596,#1597,#1598,#1599,#1600,#1601,#1602,
    #1603,#1604,#1605,#1606,#1607,#1608,#1609,#1610,#1611,#1612,#1613,
    #1614,#1615,#1616,#1617,#1618,#1619,#1620,#1621,#1622,#1623,#1624,
    #1625,#1626,#1627),.UNSPECIFIED.,.F.,.F.,(7,5,5,5,5,5,5,5,5,5,7),(0.
    ,4.195910125387E-02,0.163924183641,0.207945539198,0.302132976779,
    0.398689927374,0.499584746751,0.601732194581,0.698328763855,
    0.834398503482,1.),.UNSPECIFIED.);
#1576 = CARTESIAN_POINT('',(2.980901999664,0.));
#1577 = CARTESIAN_POINT('',(2.980874935194,1.11315829291E-03));
#1578 = CARTESIAN_POINT('',(2.980941861624,2.226681565025E-03));
#1579 = CARTESIAN_POINT('',(2.981102993497,3.339555085048E-03));
#1580 = CARTESIAN_POINT('',(2.981358370384,4.450763004004E-03));
#1581 = CARTESIAN_POINT('',(2.981707856884,5.55928835524E-03));
#1582 = CARTESIAN_POINT('',(2.98343966836,9.87557448786E-03));
#1583 = CARTESIAN_POINT('',(2.985520849703,1.305599741153E-02));
#1584 = CARTESIAN_POINT('',(2.988386856639,1.617994811465E-02));
#1585 = CARTESIAN_POINT('',(2.992017359924,1.922329849876E-02));
#1586 = CARTESIAN_POINT('',(2.996380963912,2.216336715385E-02));
#1587 = CARTESIAN_POINT('',(3.003261404988,2.599534011581E-02));
#1588 = CARTESIAN_POINT('',(3.005176381079,2.69954473977E-02));
#1589 = CARTESIAN_POINT('',(3.007179668611,2.797840951607E-02));
#1590 = CARTESIAN_POINT('',(3.009269241954,2.894329023529E-02));
#1591 = CARTESIAN_POINT('',(3.011442948887,2.988918984835E-02));
#1592 = CARTESIAN_POINT('',(3.018524476895,3.279661938353E-02));
#1593 = CARTESIAN_POINT('',(3.023725191801,3.468715390835E-02));
#1594 = CARTESIAN_POINT('',(3.029278360862,3.64783928166E-02));
#1595 = CARTESIAN_POINT('',(3.035159476874,3.816266645932E-02));
#1596 = CARTESIAN_POINT('',(3.041342069589,3.973307549349E-02));
#1597 = CARTESIAN_POINT('',(3.054416254722,4.267036261957E-02));
#1598 = CARTESIAN_POINT('',(3.061321860917,4.403114631331E-02));
#1599 = CARTESIAN_POINT('',(3.068484302996,4.525920347707E-02));
#1600 = CARTESIAN_POINT('',(3.075871387065,4.634879313409E-02));
#1601 = CARTESIAN_POINT('',(3.083449222317,4.7295127188E-02));
#1602 = CARTESIAN_POINT('',(3.099262681622,4.892966596207E-02));
#1603 = CARTESIAN_POINT('',(3.107512851865,4.960439332345E-02));
#1604 = CARTESIAN_POINT('',(3.11589190072,5.011431122703E-02));
#1605 = CARTESIAN_POINT('',(3.124357930333,5.045646276261E-02));
#1606 = CARTESIAN_POINT('',(3.132868113098,5.062932160041E-02));
#1607 = CARTESIAN_POINT('',(3.149995154257,5.063645611675E-02));
#1608 = CARTESIAN_POINT('',(3.158612476368,5.046650157592E-02));
#1609 = CARTESIAN_POINT('',(3.167185464113,5.012298557017E-02));
#1610 = CARTESIAN_POINT('',(3.175669665579,4.960747312939E-02));
#1611 = CARTESIAN_POINT('',(3.184021601042,4.892303277093E-02));
#1612 = CARTESIAN_POINT('',(3.199931794769,4.727141126781E-02));
#1613 = CARTESIAN_POINT('',(3.20750879199,4.632158842487E-02));
#1614 = CARTESIAN_POINT('',(3.214894286884,4.522847087872E-02));
#1615 = CARTESIAN_POINT('',(3.222054368081,4.399686542636E-02));
#1616 = CARTESIAN_POINT('',(3.228956826039,4.263253235883E-02));
#1617 = CARTESIAN_POINT('',(3.244888418529,3.904265252336E-02));
#1618 = CARTESIAN_POINT('',(3.25363439326,3.669291908249E-02));
#1619 = CARTESIAN_POINT('',(3.26172372884,3.411150499275E-02));
#1620 = CARTESIAN_POINT('',(3.269079338673,3.132037349116E-02));
#1621 = CARTESIAN_POINT('',(3.27563234813,2.834458115807E-02));
#1622 = CARTESIAN_POINT('',(3.288255797442,2.140149917834E-02));
#1623 = CARTESIAN_POINT('',(3.293915043927,1.735797496009E-02));
#1624 = CARTESIAN_POINT('',(3.298196843869,1.313589176475E-02));
#1625 = CARTESIAN_POINT('',(3.301032803087,8.793747336801E-03));
#1626 = CARTESIAN_POINT('',(3.302390126839,4.393465447159E-03));
#1627 = CARTESIAN_POINT('',(3.302283307516,0.));
#1628 = ( GEOMETRIC_REPRESENTATION_CONTEXT(2) 
PARAMETRIC_REPRESENTATION_CONTEXT() REPRESENTATION_CONTEXT('2D SPACE',''
  ) );
#1629 = ORIENTED_EDGE('',*,*,#1630,.T.);
#1630 = EDGE_CURVE('',#1430,#1631,#1633,.T.);
#1631 = VERTEX_POINT('',#1632);
#1632 = CARTESIAN_POINT('',(-25.88010753606,27.744022888554,
    -4.84819463403));
#1633 = SURFACE_CURVE('',#1634,(#1638,#1645),.PCURVE_S1.);
#1634 = LINE('',#1635,#1636);
#1635 = CARTESIAN_POINT('',(-33.76021507213,22.164234995893,
    -2.246296808802));
#1636 = VECTOR('',#1637,1.);
#1637 = DIRECTION('',(0.788010753607,0.557978789266,-0.260189782523));
#1638 = PCURVE('',#1031,#1639);
#1639 = DEFINITIONAL_REPRESENTATION('',(#1640),#1644);
#1640 = LINE('',#1641,#1642);
#1641 = CARTESIAN_POINT('',(3.14159265359,0.));
#1642 = VECTOR('',#1643,1.);
#1643 = DIRECTION('',(0.,1.));
#1644 = ( GEOMETRIC_REPRESENTATION_CONTEXT(2) 
PARAMETRIC_REPRESENTATION_CONTEXT() REPRESENTATION_CONTEXT('2D SPACE',''
  ) );
#1645 = PCURVE('',#1646,#1651);
#1646 = PLANE('',#1647);
#1647 = AXIS2_PLACEMENT_3D('',#1648,#1649,#1650);
#1648 = CARTESIAN_POINT('',(-18.,34.,-6.));
#1649 = DIRECTION('',(0.615661475326,-0.714180282262,0.333027734922));
#1650 = DIRECTION('',(0.788010753607,0.557978789266,-0.260189782523));
#1651 = DEFINITIONAL_REPRESENTATION('',(#1652),#1656);
#1652 = LINE('',#1653,#1654);
#1653 = CARTESIAN_POINT('',(-20.,-1.6));
#1654 = VECTOR('',#1655,1.);
#1655 = DIRECTION('',(1.,-2.775557561563E-17));
#1656 = ( GEOMETRIC_REPRESENTATION_CONTEXT(2) 
PARAMETRIC_REPRESENTATION_CONTEXT() REPRESENTATION_CONTEXT('2D SPACE',''
  ) );
#1657 = ORIENTED_EDGE('',*,*,#1658,.T.);
#1658 = EDGE_CURVE('',#1631,#1379,#1659,.T.);
#1659 = SURFACE_CURVE('',#1660,(#1665,#1672),.PCURVE_S1.);
#1660 = CIRCLE('',#1661,1.6);
#1661 = AXIS2_PLACEMENT_3D('',#1662,#1663,#1664);
#1662 = CARTESIAN_POINT('',(-25.88010753606,28.420212107339,
    -3.398102174772));
#1663 = DIRECTION('',(0.788010753607,0.557978789266,-0.260189782523));
#1664 = DIRECTION('',(0.,0.422618261741,0.906307787037));
#1665 = PCURVE('',#1031,#1666);
#1666 = DEFINITIONAL_REPRESENTATION('',(#1667),#1671);
#1667 = LINE('',#1668,#1669);
#1668 = CARTESIAN_POINT('',(0.,10.));
#1669 = VECTOR('',#1670,1.);
#1670 = DIRECTION('',(1.,0.));
#1671 = ( GEOMETRIC_REPRESENTATION_CONTEXT(2) 
PARAMETRIC_REPRESENTATION_CONTEXT() REPRESENTATION_CONTEXT('2D SPACE',''
  ) );
#1672 = PCURVE('',#1673,#1678);
#1673 = PLANE('',#1674);
#1674 = AXIS2_PLACEMENT_3D('',#1675,#1676,#1677);
#1675 = CARTESIAN_POINT('',(-25.88010753606,28.420212107339,
    -3.398102174772));
#1676 = DIRECTION('',(0.788010753607,0.557978789266,-0.260189782523));
#1677 = DIRECTION('',(0.,0.422618261741,0.906307787037));
#1678 = DEFINITIONAL_REPRESENTATION('',(#1679),#1683);
#1679 = CIRCLE('',#1680,1.6);
#1680 = AXIS2_PLACEMENT_2D('',#1681,#1682);
#1681 = CARTESIAN_POINT('',(0.,0.));
#1682 = DIRECTION('',(1.,-5.551115123126E-17));
#1683 = ( GEOMETRIC_REPRESENTATION_CONTEXT(2) 
PARAMETRIC_REPRESENTATION_CONTEXT() REPRESENTATION_CONTEXT('2D SPACE',''
  ) );
#1684 = ORIENTED_EDGE('',*,*,#1378,.T.);
#1685 = ORIENTED_EDGE('',*,*,#1151,.F.);
#1686 = ORIENTED_EDGE('',*,*,#1687,.T.);
#1687 = EDGE_CURVE('',#1152,#1688,#1690,.T.);
#1688 = VERTEX_POINT('',#1689);
#1689 = CARTESIAN_POINT('',(-9.832482365133,39.107109524733,
    -10.14688895275));
#1690 = SURFACE_CURVE('',#1691,(#1695,#1702),.PCURVE_S1.);
#1691 = LINE('',#1692,#1693);
#1692 = CARTESIAN_POINT('',(-33.76021507213,22.164234995893,
    -2.246296808802));
#1693 = VECTOR('',#1694,1.);
#1694 = DIRECTION('',(0.788010753607,0.557978789266,-0.260189782523));
#1695 = PCURVE('',#1031,#1696);
#1696 = DEFINITIONAL_REPRESENTATION('',(#1697),#1701);
#1697 = LINE('',#1698,#1699);
#1698 = CARTESIAN_POINT('',(3.14159265359,0.));
#1699 = VECTOR('',#1700,1.);
#1700 = DIRECTION('',(0.,1.));
#1701 = ( GEOMETRIC_REPRESENTATION_CONTEXT(2) 
PARAMETRIC_REPRESENTATION_CONTEXT() REPRESENTATION_CONTEXT('2D SPACE',''
  ) );
#1702 = PCURVE('',#1191,#1703);
#1703 = DEFINITIONAL_REPRESENTATION('',(#1704),#1708);
#1704 = LINE('',#1705,#1706);
#1705 = CARTESIAN_POINT('',(-20.,-1.6));
#1706 = VECTOR('',#1707,1.);
#1707 = DIRECTION('',(1.,-2.775557561563E-17));
#1708 = ( GEOMETRIC_REPRESENTATION_CONTEXT(2) 
PARAMETRIC_REPRESENTATION_CONTEXT() REPRESENTATION_CONTEXT('2D SPACE',''
  ) );
#1709 = ORIENTED_EDGE('',*,*,#1710,.T.);
#1710 = EDGE_CURVE('',#1688,#917,#1711,.T.);
#1711 = SURFACE_CURVE('',#1712,(#1739,#1769),.PCURVE_S1.);
#1712 = B_SPLINE_CURVE_WITH_KNOTS('',5,(#1713,#1714,#1715,#1716,#1717,
    #1718,#1719,#1720,#1721,#1722,#1723,#1724,#1725,#1726,#1727,#1728,
    #1729,#1730,#1731,#1732,#1733,#1734,#1735,#1736,#1737,#1738),
  .UNSPECIFIED.,.F.,.F.,(6,4,4,4,4,4,6),(0.,8.388711974735E-02,
    0.329788839864,0.41636164128,0.60457345455,0.796336629916,1.),
  .UNSPECIFIED.);
#1713 = CARTESIAN_POINT('',(-9.832482359503,39.10710952872,
    -10.14688895461));
#1714 = CARTESIAN_POINT('',(-9.808182916116,39.075785286189,
    -10.13228222044));
#1715 = CARTESIAN_POINT('',(-9.783686974798,39.045168159944,
    -10.11647042198));
#1716 = CARTESIAN_POINT('',(-9.759030931203,39.015307031549,
    -10.09947381057));
#1717 = CARTESIAN_POINT('',(-9.734253550465,38.986247181699,
    -10.08131629759));
#1718 = CARTESIAN_POINT('',(-9.636529924097,38.875316970585,
    -10.00547742275));
#1719 = CARTESIAN_POINT('',(-9.56296787422,38.799839070836,
    -9.939184825391));
#1720 = CARTESIAN_POINT('',(-9.489761169764,38.732667539539,
    -9.863857632583));
#1721 = CARTESIAN_POINT('',(-9.418062554939,38.67450312729,
    -9.780421568654));
#1722 = CARTESIAN_POINT('',(-9.324715615941,38.608587907358,
    -9.658124920283));
#1723 = CARTESIAN_POINT('',(-9.300737643838,38.592590403413,
    -9.625409534809));
#1724 = CARTESIAN_POINT('',(-9.277137759304,38.577776128903,
    -9.591870295672));
#1725 = CARTESIAN_POINT('',(-9.253964470808,38.564157785612,
    -9.557555641175));
#1726 = CARTESIAN_POINT('',(-9.181916565715,38.524754987586,
    -9.446337687477));
#1727 = CARTESIAN_POINT('',(-9.134808316054,38.503458101702,
    -9.366731109876));
#1728 = CARTESIAN_POINT('',(-9.090427397752,38.487939143331,
    -9.284210652531));
#1729 = CARTESIAN_POINT('',(-9.049228890376,38.478194377215,
    -9.199319515888));
#1730 = CARTESIAN_POINT('',(-8.973278033493,38.470043998582,
    -9.024307720417));
#1731 = CARTESIAN_POINT('',(-8.93866134421,38.47185576471,
    -8.934117163377));
#1732 = CARTESIAN_POINT('',(-8.908177200341,38.479521243614,
    -8.8426682103));
#1733 = CARTESIAN_POINT('',(-8.882177012269,38.492900699197,
    -8.750596649807));
#1734 = CARTESIAN_POINT('',(-8.838325424295,38.531862110347,
    -8.560830585735));
#1735 = CARTESIAN_POINT('',(-8.82107878369,38.55815077492,
    -8.463137249916));
#1736 = CARTESIAN_POINT('',(-8.80947280611,38.590420512404,-8.3662929243
    ));
#1737 = CARTESIAN_POINT('',(-8.803670090504,38.62835989103,
    -8.271110141776));
#1738 = CARTESIAN_POINT('',(-8.803670090504,38.671591792986,
    -8.178399028843));
#1739 = PCURVE('',#1031,#1740);
#1740 = DEFINITIONAL_REPRESENTATION('',(#1741),#1768);
#1741 = B_SPLINE_CURVE_WITH_KNOTS('',5,(#1742,#1743,#1744,#1745,#1746,
    #1747,#1748,#1749,#1750,#1751,#1752,#1753,#1754,#1755,#1756,#1757,
    #1758,#1759,#1760,#1761,#1762,#1763,#1764,#1765,#1766,#1767),
  .UNSPECIFIED.,.F.,.F.,(6,4,4,4,4,4,6),(0.,8.388711974735E-02,
    0.329788839864,0.41636164128,0.60457345455,0.796336629916,1.),
  .UNSPECIFIED.);
#1742 = CARTESIAN_POINT('',(3.14159265359,30.364728657718));
#1743 = CARTESIAN_POINT('',(3.11522025663,30.362598094502));
#1744 = CARTESIAN_POINT('',(3.088837079768,30.360703384245));
#1745 = CARTESIAN_POINT('',(3.062444849954,30.359048390845));
#1746 = CARTESIAN_POINT('',(3.036045419123,30.357634054124));
#1747 = CARTESIAN_POINT('',(2.932239727134,30.353012117343));
#1748 = CARTESIAN_POINT('',(2.854786586095,30.351616080093));
#1749 = CARTESIAN_POINT('',(2.777351391534,30.352224094819));
#1750 = CARTESIAN_POINT('',(2.699950029122,30.354559654667));
#1751 = CARTESIAN_POINT('',(2.595385552614,30.359518413459));
#1752 = CARTESIAN_POINT('',(2.568165116343,30.360974836411));
#1753 = CARTESIAN_POINT('',(2.540952125501,30.362579180916));
#1754 = CARTESIAN_POINT('',(2.513746609778,30.364312912255));
#1755 = CARTESIAN_POINT('',(2.427418107884,30.370163735522));
#1756 = CARTESIAN_POINT('',(2.368321505597,30.374689514124));
#1757 = CARTESIAN_POINT('',(2.309255389779,30.379531925548));
#1758 = CARTESIAN_POINT('',(2.250207637991,30.384471613213));
#1759 = CARTESIAN_POINT('',(2.131016494048,30.394237685778));
#1760 = CARTESIAN_POINT('',(2.070872412341,30.399060274836));
#1761 = CARTESIAN_POINT('',(2.010728099413,30.403565199445));
#1762 = CARTESIAN_POINT('',(1.9505727463,30.407563000367));
#1763 = CARTESIAN_POINT('',(1.826507134919,30.414482973334));
#1764 = CARTESIAN_POINT('',(1.762592575637,30.417323221023));
#1765 = CARTESIAN_POINT('',(1.698667661522,30.419276781193));
#1766 = CARTESIAN_POINT('',(1.634730948577,30.420253164557));
#1767 = CARTESIAN_POINT('',(1.570796326795,30.420253164557));
#1768 = ( GEOMETRIC_REPRESENTATION_CONTEXT(2) 
PARAMETRIC_REPRESENTATION_CONTEXT() REPRESENTATION_CONTEXT('2D SPACE',''
  ) );
#1769 = PCURVE('',#931,#1770);
#1770 = DEFINITIONAL_REPRESENTATION('',(#1771),#1798);
#1771 = B_SPLINE_CURVE_WITH_KNOTS('',5,(#1772,#1773,#1774,#1775,#1776,
    #1777,#1778,#1779,#1780,#1781,#1782,#1783,#1784,#1785,#1786,#1787,
    #1788,#1789,#1790,#1791,#1792,#1793,#1794,#1795,#1796,#1797),
  .UNSPECIFIED.,.F.,.F.,(6,4,4,4,4,4,6),(0.,8.388711974735E-02,
    0.329788839864,0.41636164128,0.60457345455,0.796336629916,1.),
  .UNSPECIFIED.);
#1772 = CARTESIAN_POINT('',(6.122494656833,0.));
#1773 = CARTESIAN_POINT('',(6.122462191108,1.335311238482E-03));
#1774 = CARTESIAN_POINT('',(6.122570610699,2.671169550518E-03));
#1775 = CARTESIAN_POINT('',(6.122820344228,4.005547660646E-03));
#1776 = CARTESIAN_POINT('',(6.123211296156,5.336414938095E-03));
#1777 = CARTESIAN_POINT('',(6.125301002718,1.054670893095E-02));
#1778 = CARTESIAN_POINT('',(6.128067490485,1.438441214126E-02));
#1779 = CARTESIAN_POINT('',(6.132026264103,1.812267718081E-02));
#1780 = CARTESIAN_POINT('',(6.137122513845,2.171345169728E-02));
#1781 = CARTESIAN_POINT('',(6.145436748394,2.631071879706E-02));
#1782 = CARTESIAN_POINT('',(6.147732281284,2.74842170972E-02));
#1783 = CARTESIAN_POINT('',(6.150154782059,2.863228986055E-02));
#1784 = CARTESIAN_POINT('',(6.152700268645,2.975319444604E-02));
#1785 = CARTESIAN_POINT('',(6.16115631361,3.321953888155E-02));
#1786 = CARTESIAN_POINT('',(6.167509053734,3.545763219426E-02));
#1787 = CARTESIAN_POINT('',(6.174378114166,3.754271310256E-02));
#1788 = CARTESIAN_POINT('',(6.181712375467,3.946027502024E-02));
#1789 = CARTESIAN_POINT('',(6.197344925243,4.296864964505E-02));
#1790 = CARTESIAN_POINT('',(6.205658923339,4.455264303973E-02));
#1791 = CARTESIAN_POINT('',(6.214337902097,4.593708660952E-02));
#1792 = CARTESIAN_POINT('',(6.223317144217,4.711159148371E-02));
#1793 = CARTESIAN_POINT('',(6.242308500087,4.908531376909E-02));
#1794 = CARTESIAN_POINT('',(6.252350579965,4.985676429627E-02));
#1795 = CARTESIAN_POINT('',(6.262569314846,5.03741943423E-02));
#1796 = CARTESIAN_POINT('',(6.272877480402,5.063291139241E-02));
#1797 = CARTESIAN_POINT('',(6.28318530718,5.063291139241E-02));
#1798 = ( GEOMETRIC_REPRESENTATION_CONTEXT(2) 
PARAMETRIC_REPRESENTATION_CONTEXT() REPRESENTATION_CONTEXT('2D SPACE',''
  ) );
#1799 = ADVANCED_FACE('',(#1800),#931,.T.);
#1800 = FACE_BOUND('',#1801,.T.);
#1801 = EDGE_LOOP('',(#1802,#1803,#1825,#1826));
#1802 = ORIENTED_EDGE('',*,*,#1203,.F.);
#1803 = ORIENTED_EDGE('',*,*,#1804,.T.);
#1804 = EDGE_CURVE('',#1176,#1688,#1805,.T.);
#1805 = SURFACE_CURVE('',#1806,(#1811,#1818),.PCURVE_S1.);
#1806 = ELLIPSE('',#1807,10.5,10.);
#1807 = AXIS2_PLACEMENT_3D('',#1808,#1809,#1810);
#1808 = CARTESIAN_POINT('',(-18.,34.,-6.));
#1809 = DIRECTION('',(0.615661475326,-0.714180282262,0.333027734922));
#1810 = DIRECTION('',(0.788010753607,0.557978789266,-0.260189782523));
#1811 = PCURVE('',#931,#1812);
#1812 = DEFINITIONAL_REPRESENTATION('',(#1813),#1817);
#1813 = LINE('',#1814,#1815);
#1814 = CARTESIAN_POINT('',(0.,0.));
#1815 = VECTOR('',#1816,1.);
#1816 = DIRECTION('',(1.,0.));
#1817 = ( GEOMETRIC_REPRESENTATION_CONTEXT(2) 
PARAMETRIC_REPRESENTATION_CONTEXT() REPRESENTATION_CONTEXT('2D SPACE',''
  ) );
#1818 = PCURVE('',#1191,#1819);
#1819 = DEFINITIONAL_REPRESENTATION('',(#1820),#1824);
#1820 = ELLIPSE('',#1821,10.5,10.);
#1821 = AXIS2_PLACEMENT_2D('',#1822,#1823);
#1822 = CARTESIAN_POINT('',(0.,0.));
#1823 = DIRECTION('',(1.,2.775557561563E-17));
#1824 = ( GEOMETRIC_REPRESENTATION_CONTEXT(2) 
PARAMETRIC_REPRESENTATION_CONTEXT() REPRESENTATION_CONTEXT('2D SPACE',''
  ) );
#1825 = ORIENTED_EDGE('',*,*,#1710,.T.);
#1826 = ORIENTED_EDGE('',*,*,#916,.T.);
#1827 = ADVANCED_FACE('',(#1828,#1877),#1113,.T.);
#1828 = FACE_BOUND('',#1829,.T.);
#1829 = EDGE_LOOP('',(#1830,#1853,#1854,#1855));
#1830 = ORIENTED_EDGE('',*,*,#1831,.T.);
#1831 = EDGE_CURVE('',#1832,#1097,#1834,.T.);
#1832 = VERTEX_POINT('',#1833);
#1833 = CARTESIAN_POINT('',(-25.88010753606,32.857703855616,
    6.118129589113));
#1834 = SEAM_CURVE('',#1835,(#1839,#1846),.PCURVE_S1.);
#1835 = LINE('',#1836,#1837);
#1836 = CARTESIAN_POINT('',(-25.88010753606,32.857703855616,
    6.118129589113));
#1837 = VECTOR('',#1838,1.);
#1838 = DIRECTION('',(0.788010753607,0.557978789266,-0.260189782523));
#1839 = PCURVE('',#1113,#1840);
#1840 = DEFINITIONAL_REPRESENTATION('',(#1841),#1845);
#1841 = LINE('',#1842,#1843);
#1842 = CARTESIAN_POINT('',(6.28318530718,-0.));
#1843 = VECTOR('',#1844,1.);
#1844 = DIRECTION('',(0.,1.));
#1845 = ( GEOMETRIC_REPRESENTATION_CONTEXT(2) 
PARAMETRIC_REPRESENTATION_CONTEXT() REPRESENTATION_CONTEXT('2D SPACE',''
  ) );
#1846 = PCURVE('',#1113,#1847);
#1847 = DEFINITIONAL_REPRESENTATION('',(#1848),#1852);
#1848 = LINE('',#1849,#1850);
#1849 = CARTESIAN_POINT('',(0.,-0.));
#1850 = VECTOR('',#1851,1.);
#1851 = DIRECTION('',(0.,1.));
#1852 = ( GEOMETRIC_REPRESENTATION_CONTEXT(2) 
PARAMETRIC_REPRESENTATION_CONTEXT() REPRESENTATION_CONTEXT('2D SPACE',''
  ) );
#1853 = ORIENTED_EDGE('',*,*,#1096,.F.);
#1854 = ORIENTED_EDGE('',*,*,#1831,.F.);
#1855 = ORIENTED_EDGE('',*,*,#1856,.T.);
#1856 = EDGE_CURVE('',#1832,#1832,#1857,.T.);
#1857 = SURFACE_CURVE('',#1858,(#1863,#1870),.PCURVE_S1.);
#1858 = CIRCLE('',#1859,10.5);
#1859 = AXIS2_PLACEMENT_3D('',#1860,#1861,#1862);
#1860 = CARTESIAN_POINT('',(-25.88010753606,28.420212107339,
    -3.398102174772));
#1861 = DIRECTION('',(0.788010753607,0.557978789266,-0.260189782523));
#1862 = DIRECTION('',(0.,0.422618261741,0.906307787037));
#1863 = PCURVE('',#1113,#1864);
#1864 = DEFINITIONAL_REPRESENTATION('',(#1865),#1869);
#1865 = LINE('',#1866,#1867);
#1866 = CARTESIAN_POINT('',(0.,0.));
#1867 = VECTOR('',#1868,1.);
#1868 = DIRECTION('',(1.,0.));
#1869 = ( GEOMETRIC_REPRESENTATION_CONTEXT(2) 
PARAMETRIC_REPRESENTATION_CONTEXT() REPRESENTATION_CONTEXT('2D SPACE',''
  ) );
#1870 = PCURVE('',#1673,#1871);
#1871 = DEFINITIONAL_REPRESENTATION('',(#1872),#1876);
#1872 = CIRCLE('',#1873,10.5);
#1873 = AXIS2_PLACEMENT_2D('',#1874,#1875);
#1874 = CARTESIAN_POINT('',(0.,0.));
#1875 = DIRECTION('',(1.,-5.551115123126E-17));
#1876 = ( GEOMETRIC_REPRESENTATION_CONTEXT(2) 
PARAMETRIC_REPRESENTATION_CONTEXT() REPRESENTATION_CONTEXT('2D SPACE',''
  ) );
#1877 = FACE_BOUND('',#1878,.T.);
#1878 = EDGE_LOOP('',(#1879));
#1879 = ORIENTED_EDGE('',*,*,#1880,.T.);
#1880 = EDGE_CURVE('',#1881,#1881,#1883,.T.);
#1881 = VERTEX_POINT('',#1882);
#1882 = CARTESIAN_POINT('',(-3.673838046772,32.067872480897,
    -5.09903414131));
#1883 = SURFACE_CURVE('',#1884,(#2076,#2271),.PCURVE_S1.);
#1884 = B_SPLINE_CURVE_WITH_KNOTS('',8,(#1885,#1886,#1887,#1888,#1889,
    #1890,#1891,#1892,#1893,#1894,#1895,#1896,#1897,#1898,#1899,#1900,
    #1901,#1902,#1903,#1904,#1905,#1906,#1907,#1908,#1909,#1910,#1911,
    #1912,#1913,#1914,#1915,#1916,#1917,#1918,#1919,#1920,#1921,#1922,
    #1923,#1924,#1925,#1926,#1927,#1928,#1929,#1930,#1931,#1932,#1933,
    #1934,#1935,#1936,#1937,#1938,#1939,#1940,#1941,#1942,#1943,#1944,
    #1945,#1946,#1947,#1948,#1949,#1950,#1951,#1952,#1953,#1954,#1955,
    #1956,#1957,#1958,#1959,#1960,#1961,#1962,#1963,#1964,#1965,#1966,
    #1967,#1968,#1969,#1970,#1971,#1972,#1973,#1974,#1975,#1976,#1977,
    #1978,#1979,#1980,#1981,#1982,#1983,#1984,#1985,#1986,#1987,#1988,
    #1989,#1990,#1991,#1992,#1993,#1994,#1995,#1996,#1997,#1998,#1999,
    #2000,#2001,#2002,#2003,#2004,#2005,#2006,#2007,#2008,#2009,#2010,
    #2011,#2012,#2013,#2014,#2015,#2016,#2017,#2018,#2019,#2020,#2021,
    #2022,#2023,#2024,#2025,#2026,#2027,#2028,#2029,#2030,#2031,#2032,
    #2033,#2034,#2035,#2036,#2037,#2038,#2039,#2040,#2041,#2042,#2043,
    #2044,#2045,#2046,#2047,#2048,#2049,#2050,#2051,#2052,#2053,#2054,
    #2055,#2056,#2057,#2058,#2059,#2060,#2061,#2062,#2063,#2064,#2065,
    #2066,#2067,#2068,#2069,#2070,#2071,#2072,#2073,#2074,#2075),
  .UNSPECIFIED.,.T.,.F.,(9,7,7,7,7,7,7,7,7,7,7,7,7,7,7,7,7,7,7,7,7,7,7,7
    ,7,7,7,9),(0.,3.378736134526E-02,5.524095529172E-02,
    8.444111609228E-02,0.161881937379,0.217720313212,0.249695191586,
    0.278661474176,0.319895844817,0.33827266118,0.389296734551,
    0.444633858236,0.466097891318,0.477754182119,0.500169124466,
    0.52250108329,0.554787143665,0.583934500275,0.662282029774,
    0.718259608246,0.750213531871,0.779665235865,0.819772883495,
    0.83815482461,0.889174889639,0.944510363045,0.966774623643,1.),
  .UNSPECIFIED.);
#1885 = CARTESIAN_POINT('',(-3.673838046773,32.067872480897,
    -5.09903414131));
#1886 = CARTESIAN_POINT('',(-3.673838046772,31.923682110919,
    -5.408251387598));
#1887 = CARTESIAN_POINT('',(-3.692726224326,31.780640471174,
    -5.718132802482));
#1888 = CARTESIAN_POINT('',(-3.730523290944,31.639649464078,
    -6.026748000342));
#1889 = CARTESIAN_POINT('',(-3.786731037326,31.501433691756,
    -6.33244163563));
#1890 = CARTESIAN_POINT('',(-3.860480189584,31.366566339574,
    -6.633804244294));
#1891 = CARTESIAN_POINT('',(-3.950649497139,31.235490957996,
    -6.929648276643));
#1892 = CARTESIAN_POINT('',(-4.055956052275,31.108539142788,
    -7.21898932164));
#1893 = CARTESIAN_POINT('',(-4.250615577797,30.908101279051,
    -7.680118431331));
#1894 = CARTESIAN_POINT('',(-4.331787876169,30.83198614003,
    -7.856328414522));
#1895 = CARTESIAN_POINT('',(-4.418210849447,30.75763639402,
    -8.029511047475));
#1896 = CARTESIAN_POINT('',(-4.509561171766,30.685070888844,
    -8.199554106588));
#1897 = CARTESIAN_POINT('',(-4.605522980986,30.614292770343,
    -8.366379400905));
#1898 = CARTESIAN_POINT('',(-4.705794386103,30.545292057505,
    -8.529938456204));
#1899 = CARTESIAN_POINT('',(-4.810092579513,30.478047645014,
    -8.690209051641));
#1900 = CARTESIAN_POINT('',(-5.065243149401,30.323351937707,
    -9.060860543919));
#1901 = CARTESIAN_POINT('',(-5.219290923761,30.237381596172,
    -9.268415621146));
#1902 = CARTESIAN_POINT('',(-5.379654047739,30.154531621368,
    -9.469880420646));
#1903 = CARTESIAN_POINT('',(-5.545737820391,30.074703883011,
    -9.66530993886));
#1904 = CARTESIAN_POINT('',(-5.717002946742,29.997789780631,
    -9.854787572666));
#1905 = CARTESIAN_POINT('',(-5.892968815219,29.923671816439,
    -10.0384211034));
#1906 = CARTESIAN_POINT('',(-6.073216775093,29.852225168187,
    -10.21633868089));
#1907 = CARTESIAN_POINT('',(-6.745842442275,29.600576091522,
    -10.84575850915));
#1908 = CARTESIAN_POINT('',(-7.261268526345,29.435946609178,
    -11.26303390248));
#1909 = CARTESIAN_POINT('',(-7.797546872835,29.286686701047,
    -11.64394669525));
#1910 = CARTESIAN_POINT('',(-8.349965326442,29.150628645539,
    -11.99055379542));
#1911 = CARTESIAN_POINT('',(-8.914642152924,29.025609939732,
    -12.30459290939));
#1912 = CARTESIAN_POINT('',(-9.488508351301,28.909301676533,
    -12.58727184549));
#1913 = CARTESIAN_POINT('',(-10.06918162492,28.799055868266,
    -12.83940091944));
#1914 = CARTESIAN_POINT('',(-11.07691444917,28.612849848149,
    -13.2201202885));
#1915 = CARTESIAN_POINT('',(-11.50086979087,28.536047068829,
    -13.36326221866));
#1916 = CARTESIAN_POINT('',(-11.9260765093,28.458891722663,
    -13.49009498102));
#1917 = CARTESIAN_POINT('',(-12.35159166831,28.379607378289,
    -13.60010144886));
#1918 = CARTESIAN_POINT('',(-12.77588547638,28.295862778567,
    -13.69218399943));
#1919 = CARTESIAN_POINT('',(-13.19682111351,28.204691783747,
    -13.76470488942));
#1920 = CARTESIAN_POINT('',(-13.61126921309,28.101570972491,
    -13.81501432515));
#1921 = CARTESIAN_POINT('',(-14.2465849772,27.911465372976,
    -13.85335281024));
#1922 = CARTESIAN_POINT('',(-14.47442840799,27.836436647746,
    -13.85880647392));
#1923 = CARTESIAN_POINT('',(-14.69778002799,27.754593535449,
    -13.85504838895));
#1924 = CARTESIAN_POINT('',(-14.91542194252,27.664877385499,
    -13.84130581678));
#1925 = CARTESIAN_POINT('',(-15.12598567191,27.566262130292,
    -13.81681061528));
#1926 = CARTESIAN_POINT('',(-15.32807671426,27.457921916843,
    -13.78090991474));
#1927 = CARTESIAN_POINT('',(-15.52056489097,27.33964913221,
    -13.7333330745));
#1928 = CARTESIAN_POINT('',(-15.86761772866,27.096280613916,
    -13.62084625736));
#1929 = CARTESIAN_POINT('',(-16.02408005431,26.972851023824,
    -13.55797784148));
#1930 = CARTESIAN_POINT('',(-16.1714391016,26.842051010501,
    -13.48587664091));
#1931 = CARTESIAN_POINT('',(-16.30960454273,26.70456402874,
    -13.40496813815));
#1932 = CARTESIAN_POINT('',(-16.43891780625,26.561323262522,
    -13.31586623131));
#1933 = CARTESIAN_POINT('',(-16.55996733103,26.413354530554,
    -13.2192604536));
#1934 = CARTESIAN_POINT('',(-16.67341658744,26.261624485009,
    -13.11581430758));
#1935 = CARTESIAN_POINT('',(-16.93162404527,25.886899743234,
    -12.84999216531));
#1936 = CARTESIAN_POINT('',(-17.06928294372,25.660950764984,
    -12.6812217246));
#1937 = CARTESIAN_POINT('',(-17.19519550812,25.43128284901,
    -12.50128305358));
#1938 = CARTESIAN_POINT('',(-17.31140875715,25.199760363329,
    -12.31140153499));
#1939 = CARTESIAN_POINT('',(-17.41950650185,24.96781660973,
    -12.1124841636));
#1940 = CARTESIAN_POINT('',(-17.52077105926,24.73654951333,
    -11.90517945325));
#1941 = CARTESIAN_POINT('',(-17.61623435338,24.506765273216,
    -11.68987379216));
#1942 = CARTESIAN_POINT('',(-17.74709276893,24.177557739765,
    -11.36722115521));
#1943 = CARTESIAN_POINT('',(-17.78644195569,24.076503738107,
    -11.26621227367));
#1944 = CARTESIAN_POINT('',(-17.82487085492,23.975946801785,
    -11.16368538577));
#1945 = CARTESIAN_POINT('',(-17.86244244697,23.875946617069,
    -11.05966051693));
#1946 = CARTESIAN_POINT('',(-17.89921240365,23.776559487827,
    -10.95415381041));
#1947 = CARTESIAN_POINT('',(-17.93523009309,23.677838900162,
    -10.84717779149));
#1948 = CARTESIAN_POINT('',(-17.97053958467,23.579836087051,
    -10.73874163164));
#1949 = CARTESIAN_POINT('',(-18.10136317112,23.212621784628,
    -10.32373618026));
#1950 = CARTESIAN_POINT('',(-18.19237588568,22.948604710356,
    -10.00746368276));
#1951 = CARTESIAN_POINT('',(-18.27908639454,22.691556610609,
    -9.680113463464));
#1952 = CARTESIAN_POINT('',(-18.36205561081,22.442474334594,
    -9.34166587875));
#1953 = CARTESIAN_POINT('',(-18.44166478471,22.202404110007,
    -8.992040355613));
#1954 = CARTESIAN_POINT('',(-18.51817278064,21.972472962253,
    -8.631108231343));
#1955 = CARTESIAN_POINT('',(-18.59173829934,21.753921842591,
    -8.25867861572));
#1956 = CARTESIAN_POINT('',(-18.73912170971,21.325027106672,
    -7.457754564639));
#1957 = CARTESIAN_POINT('',(-18.81237103841,21.117125552295,
    -7.027531072375));
#1958 = CARTESIAN_POINT('',(-18.88234823176,20.926096044736,
    -6.583188595827));
#1959 = CARTESIAN_POINT('',(-18.94900576666,20.754097277366,
    -6.124397044429));
#1960 = CARTESIAN_POINT('',(-19.01214245952,20.603802078883,
    -5.651133707356));
#1961 = CARTESIAN_POINT('',(-19.07142875777,20.478355329234,
    -5.163721064987));
#1962 = CARTESIAN_POINT('',(-19.12641290163,20.381364521802,
    -4.662838712373));
#1963 = CARTESIAN_POINT('',(-19.19594974542,20.292011301486,
    -3.950368684747));
#1964 = CARTESIAN_POINT('',(-19.21464225271,20.271954322619,
    -3.749446031442));
#1965 = CARTESIAN_POINT('',(-19.2325570833,20.257053272235,
    -3.546814302012));
#1966 = CARTESIAN_POINT('',(-19.24965352284,20.247558687628,
    -3.342601813889));
#1967 = CARTESIAN_POINT('',(-19.2658872007,20.243726213041,
    -3.136970613916));
#1968 = CARTESIAN_POINT('',(-19.28121098292,20.245810366194,
    -2.930117962737));
#1969 = CARTESIAN_POINT('',(-19.29557604734,20.254056620233,
    -2.722278151751));
#1970 = CARTESIAN_POINT('',(-19.31618686486,20.276639604932,
    -2.400467268831));
#1971 = CARTESIAN_POINT('',(-19.32314321169,20.286471492804,
    -2.2870011168));
#1972 = CARTESIAN_POINT('',(-19.32979422277,20.298223514043,
    -2.173371526287));
#1973 = CARTESIAN_POINT('',(-19.33613190208,20.311929991545,
    -2.059627489027));
#1974 = CARTESIAN_POINT('',(-19.34214830895,20.327622894666,
    -1.945821669011));
#1975 = CARTESIAN_POINT('',(-19.34783565072,20.345331212105,
    -1.832010412724));
#1976 = CARTESIAN_POINT('',(-19.35318637539,20.365080324788,
    -1.718253759399));
#1977 = CARTESIAN_POINT('',(-19.3678214664,20.428833839311,
    -1.386090007022));
#1978 = CARTESIAN_POINT('',(-19.3761796603,20.47840736529,
    -1.167969348096));
#1979 = CARTESIAN_POINT('',(-19.38321418802,20.535758604688,
    -0.950745538195));
#1980 = CARTESIAN_POINT('',(-19.38887902456,20.600974456291,
    -0.734924455687));
#1981 = CARTESIAN_POINT('',(-19.3931370159,20.674073535963,
    -0.521023551532));
#1982 = CARTESIAN_POINT('',(-19.3959615321,20.754995818728,
    -0.309569093024));
#1983 = CARTESIAN_POINT('',(-19.39733853547,20.843590456645,
    -0.101092893326));
#1984 = CARTESIAN_POINT('',(-19.39719984916,21.035257639811,
    0.30807703048));
#1985 = CARTESIAN_POINT('',(-19.39569483423,21.138296839117,
    0.508842537816));
#1986 = CARTESIAN_POINT('',(-19.39275395287,21.248472533511,
    0.705638361243));
#1987 = CARTESIAN_POINT('',(-19.38839193635,21.365473516463,
    0.898015836345));
#1988 = CARTESIAN_POINT('',(-19.38263583889,21.488936074246,
    1.085598929757));
#1989 = CARTESIAN_POINT('',(-19.37552297319,21.618454290159,
    1.268076969785));
#1990 = CARTESIAN_POINT('',(-19.36709925604,21.75358879051,
    1.445198446164));
#1991 = CARTESIAN_POINT('',(-19.34342139572,22.096688857647,
    1.86480665926));
#1992 = CARTESIAN_POINT('',(-19.32679537681,22.310281781594,
    2.101252948153));
#1993 = CARTESIAN_POINT('',(-19.30769419377,22.533341512812,
    2.325623878396));
#1994 = CARTESIAN_POINT('',(-19.28628919912,22.764572847062,
    2.537757218281));
#1995 = CARTESIAN_POINT('',(-19.2627543955,23.002754271168,
    2.737719424198));
#1996 = CARTESIAN_POINT('',(-19.23725511434,23.246781750431,
    2.925735912944));
#1997 = CARTESIAN_POINT('',(-19.20993978876,23.495698599551,
    3.102141553762));
#1998 = CARTESIAN_POINT('',(-19.15474958388,23.977127518683,
    3.416500259453));
#1999 = CARTESIAN_POINT('',(-19.12718883473,24.208868253017,
    3.556514752622));
#2000 = CARTESIAN_POINT('',(-19.09834314348,24.443369926586,
    3.687714375269));
#2001 = CARTESIAN_POINT('',(-19.06829325545,24.680129998874,
    3.810429477866));
#2002 = CARTESIAN_POINT('',(-19.0371090171,24.918708194468,
    3.924995803334));
#2003 = CARTESIAN_POINT('',(-19.00484830189,25.158727595189,
    4.031749044684));
#2004 = CARTESIAN_POINT('',(-18.9715559362,25.399875732225,
    4.131019402652));
#2005 = CARTESIAN_POINT('',(-18.84508287002,26.292477481107,
    4.470707276704));
#2006 = CARTESIAN_POINT('',(-18.74579957191,26.948507644906,
    4.666184037049));
#2007 = CARTESIAN_POINT('',(-18.63992217864,27.606018757402,
    4.816334311489));
#2008 = CARTESIAN_POINT('',(-18.52753903211,28.261666193059,
    4.92588887209));
#2009 = CARTESIAN_POINT('',(-18.40840034669,28.912717053058,
    4.998970849494));
#2010 = CARTESIAN_POINT('',(-18.28166701089,29.556922506197,
    5.03900112487));
#2011 = CARTESIAN_POINT('',(-18.14586886401,30.192468072189,
    5.048943950589));
#2012 = CARTESIAN_POINT('',(-17.89173119348,31.263756818136,
    5.018685996593));
#2013 = CARTESIAN_POINT('',(-17.7796780063,31.703893954136,
    4.992015711966));
#2014 = CARTESIAN_POINT('',(-17.66022258927,32.137280883298,
    4.952283314953));
#2015 = CARTESIAN_POINT('',(-17.53178619709,32.562788764816,
    4.900321817263));
#2016 = CARTESIAN_POINT('',(-17.39219062127,32.97845733933,
    4.837021838008));
#2017 = CARTESIAN_POINT('',(-17.23861662658,33.381501477838,
    4.763411074131));
#2018 = CARTESIAN_POINT('',(-17.06665325891,33.767701790149,
    4.680892273418));
#2019 = CARTESIAN_POINT('',(-16.7585958484,34.339253685405,
    4.539676000523));
#2020 = CARTESIAN_POINT('',(-16.63880804979,34.539621194496,
    4.485966111211));
#2021 = CARTESIAN_POINT('',(-16.51024889619,34.7313940575,4.430210636377
    ));
#2022 = CARTESIAN_POINT('',(-16.37197433382,34.913096524502,
    4.372816134741));
#2023 = CARTESIAN_POINT('',(-16.22311624982,35.083135831341,
    4.314236735823));
#2024 = CARTESIAN_POINT('',(-16.06305538533,35.239978835462,
    4.254925048385));
#2025 = CARTESIAN_POINT('',(-15.89182456197,35.382541005211,
    4.195223240208));
#2026 = CARTESIAN_POINT('',(-15.54282635679,35.628047021927,
    4.080228695523));
#2027 = CARTESIAN_POINT('',(-15.3665882642,35.733242751049,4.02494574829
    ));
#2028 = CARTESIAN_POINT('',(-15.18210879544,35.825463061072,
    3.969730520765));
#2029 = CARTESIAN_POINT('',(-14.99025204442,35.904911353352,
    3.914611056591));
#2030 = CARTESIAN_POINT('',(-14.79207090471,35.972279140999,
    3.859459804445));
#2031 = CARTESIAN_POINT('',(-14.58865631518,36.028505383051,
    3.804063256426));
#2032 = CARTESIAN_POINT('',(-14.38099899439,36.074563523654,
    3.748189231575));
#2033 = CARTESIAN_POINT('',(-13.88256457728,36.161585830654,
    3.614518521055));
#2034 = CARTESIAN_POINT('',(-13.58889343482,36.194676300622,
    3.536104097993));
#2035 = CARTESIAN_POINT('',(-13.29067397393,36.213167227605,
    3.455612518881));
#2036 = CARTESIAN_POINT('',(-12.98937283277,36.219223818593,
    3.372348312108));
#2037 = CARTESIAN_POINT('',(-12.68612385284,36.21454860937,
    3.285731459855));
#2038 = CARTESIAN_POINT('',(-12.38175544953,36.200449455707,
    3.195269633952));
#2039 = CARTESIAN_POINT('',(-12.07684537641,36.177956336424,
    3.100493064897));
#2040 = CARTESIAN_POINT('',(-11.63189243665,36.134017710664,
    2.955279244256));
#2041 = CARTESIAN_POINT('',(-11.49204051648,36.118607825989,
    2.908643189849));
#2042 = CARTESIAN_POINT('',(-11.35222402714,36.101672839326,
    2.860967669683));
#2043 = CARTESIAN_POINT('',(-11.21248859002,36.083279215028,
    2.812213961288));
#2044 = CARTESIAN_POINT('',(-11.07287700154,36.063485031622,
    2.762344939121));
#2045 = CARTESIAN_POINT('',(-10.93342959698,36.042341008339,
    2.711324597282));
#2046 = CARTESIAN_POINT('',(-10.79418461436,36.019891531655,
    2.659117572219));
#2047 = CARTESIAN_POINT('',(-10.26935978246,35.930351066595,
    2.457393864503));
#2048 = CARTESIAN_POINT('',(-9.885447865334,35.854781736113,
    2.299711633023));
#2049 = CARTESIAN_POINT('',(-9.504151962356,35.770292433969,
    2.131868713342));
#2050 = CARTESIAN_POINT('',(-9.126204825008,35.677389633997,
    1.953145767868));
#2051 = CARTESIAN_POINT('',(-8.752400463616,35.576393180536,
    1.762826474522));
#2052 = CARTESIAN_POINT('',(-8.383613255987,35.46749362618,
    1.560168990702));
#2053 = CARTESIAN_POINT('',(-8.020815910121,35.350765816414,
    1.344370068534));
#2054 = CARTESIAN_POINT('',(-7.279325259308,35.091034028254,
    0.865170470129));
#2055 = CARTESIAN_POINT('',(-6.902205212806,34.946755544628,
    0.599495864746));
#2056 = CARTESIAN_POINT('',(-6.534901887309,34.793223712379,
    0.316165025199));
#2057 = CARTESIAN_POINT('',(-6.179185477837,34.630283927865,
    1.391466766131E-02));
#2058 = CARTESIAN_POINT('',(-5.837439818407,34.457802232951,
    -0.308461798802));
#2059 = CARTESIAN_POINT('',(-5.512635016724,34.275704642144,
    -0.652075493682));
#2060 = CARTESIAN_POINT('',(-5.208322980895,34.083987855359,
    -1.017931392325));
#2061 = CARTESIAN_POINT('',(-4.816190550364,33.801709687791,
    -1.563536277326));
#2062 = CARTESIAN_POINT('',(-4.707721407731,33.719201167109,
    -1.723775771305));
#2063 = CARTESIAN_POINT('',(-4.603579787755,33.635193150058,
    -1.887743291018));
#2064 = CARTESIAN_POINT('',(-4.504081701952,33.549719536328,
    -2.055441578875));
#2065 = CARTESIAN_POINT('',(-4.409565420432,33.462829254474,
    -2.226843952563));
#2066 = CARTESIAN_POINT('',(-4.320385299094,33.374587902526,
    -2.401889782647));
#2067 = CARTESIAN_POINT('',(-4.236903848315,33.285079744642,
    -2.580478735462));
#2068 = CARTESIAN_POINT('',(-4.04394402179,33.059101987564,
    -3.034043500339));
#2069 = CARTESIAN_POINT('',(-3.941837533409,32.921133491931,
    -3.313334251241));
#2070 = CARTESIAN_POINT('',(-3.854475254684,32.780950357454,
    -3.599659462175));
#2071 = CARTESIAN_POINT('',(-3.783069879733,32.639074639298,
    -3.892157678141));
#2072 = CARTESIAN_POINT('',(-3.728676853306,32.496106125167,
    -4.189764998744));
#2073 = CARTESIAN_POINT('',(-3.692111142476,32.352725014385,
    -4.491191696134));
#2074 = CARTESIAN_POINT('',(-3.673838046772,32.209695818142,
    -4.794893013099));
#2075 = CARTESIAN_POINT('',(-3.673838046772,32.067872480897,
    -5.09903414131));
#2076 = PCURVE('',#1113,#2077);
#2077 = DEFINITIONAL_REPRESENTATION('',(#2078),#2270);
#2078 = B_SPLINE_CURVE_WITH_KNOTS('',8,(#2079,#2080,#2081,#2082,#2083,
    #2084,#2085,#2086,#2087,#2088,#2089,#2090,#2091,#2092,#2093,#2094,
    #2095,#2096,#2097,#2098,#2099,#2100,#2101,#2102,#2103,#2104,#2105,
    #2106,#2107,#2108,#2109,#2110,#2111,#2112,#2113,#2114,#2115,#2116,
    #2117,#2118,#2119,#2120,#2121,#2122,#2123,#2124,#2125,#2126,#2127,
    #2128,#2129,#2130,#2131,#2132,#2133,#2134,#2135,#2136,#2137,#2138,
    #2139,#2140,#2141,#2142,#2143,#2144,#2145,#2146,#2147,#2148,#2149,
    #2150,#2151,#2152,#2153,#2154,#2155,#2156,#2157,#2158,#2159,#2160,
    #2161,#2162,#2163,#2164,#2165,#2166,#2167,#2168,#2169,#2170,#2171,
    #2172,#2173,#2174,#2175,#2176,#2177,#2178,#2179,#2180,#2181,#2182,
    #2183,#2184,#2185,#2186,#2187,#2188,#2189,#2190,#2191,#2192,#2193,
    #2194,#2195,#2196,#2197,#2198,#2199,#2200,#2201,#2202,#2203,#2204,
    #2205,#2206,#2207,#2208,#2209,#2210,#2211,#2212,#2213,#2214,#2215,
    #2216,#2217,#2218,#2219,#2220,#2221,#2222,#2223,#2224,#2225,#2226,
    #2227,#2228,#2229,#2230,#2231,#2232,#2233,#2234,#2235,#2236,#2237,
    #2238,#2239,#2240,#2241,#2242,#2243,#2244,#2245,#2246,#2247,#2248,
    #2249,#2250,#2251,#2252,#2253,#2254,#2255,#2256,#2257,#2258,#2259,
    #2260,#2261,#2262,#2263,#2264,#2265,#2266,#2267,#2268,#2269),
  .UNSPECIFIED.,.F.,.F.,(9,7,7,7,7,7,7,7,7,7,7,7,7,7,7,7,7,7,7,7,7,7,7,7
    ,7,7,7,9),(0.,3.378736134526E-02,5.524095529172E-02,
    8.444111609228E-02,0.161881937379,0.217720313212,0.249695191586,
    0.278661474176,0.319895844817,0.33827266118,0.389296734551,
    0.444633858236,0.466097891318,0.477754182119,0.500169124466,
    0.52250108329,0.554787143665,0.583934500275,0.662282029774,
    0.718259608246,0.750213531871,0.779665235865,0.819772883495,
    0.83815482461,0.889174889639,0.944510363045,0.966774623643,1.),
  .UNSPECIFIED.);
#2079 = CARTESIAN_POINT('',(1.570796326795,19.976661392405));
#2080 = CARTESIAN_POINT('',(1.60328999172,19.976661392405));
#2081 = CARTESIAN_POINT('',(1.635794725573,19.962591082363));
#2082 = CARTESIAN_POINT('',(1.668159992672,19.934435117191));
#2083 = CARTESIAN_POINT('',(1.700265989627,19.892559699793));
#2084 = CARTESIAN_POINT('',(1.732015406255,19.83760292447));
#2085 = CARTESIAN_POINT('',(1.763327523211,19.770386852195));
#2086 = CARTESIAN_POINT('',(1.794134646358,19.691851317749));
#2087 = CARTESIAN_POINT('',(1.843585999029,19.546598524581));
#2088 = CARTESIAN_POINT('',(1.86257209171,19.486011284658));
#2089 = CARTESIAN_POINT('',(1.881330522483,19.421483822699));
#2090 = CARTESIAN_POINT('',(1.899855603904,19.353252240217));
#2091 = CARTESIAN_POINT('',(1.918144134248,19.281546850795));
#2092 = CARTESIAN_POINT('',(1.936195067042,19.206587366104));
#2093 = CARTESIAN_POINT('',(1.954009310352,19.128579083621));
#2094 = CARTESIAN_POINT('',(1.995517997047,18.937640498459));
#2095 = CARTESIAN_POINT('',(2.019010403209,18.822283279017));
#2096 = CARTESIAN_POINT('',(2.042075940575,18.702105966576));
#2097 = CARTESIAN_POINT('',(2.064724764233,18.577536746771));
#2098 = CARTESIAN_POINT('',(2.086968209127,18.448961692099));
#2099 = CARTESIAN_POINT('',(2.108818881061,18.316722011975));
#2100 = CARTESIAN_POINT('',(2.130290747702,18.181111302784));
#2101 = CARTESIAN_POINT('',(2.20738036558,17.674428805006));
#2102 = CARTESIAN_POINT('',(2.260730715432,17.284978542675));
#2103 = CARTESIAN_POINT('',(2.311818185107,16.878211192603));
#2104 = CARTESIAN_POINT('',(2.360829982421,16.457165627597));
#2105 = CARTESIAN_POINT('',(2.407898887788,16.024146198688));
#2106 = CARTESIAN_POINT('',(2.453084781896,15.580586090259));
#2107 = CARTESIAN_POINT('',(2.496398002114,15.127095892611));
#2108 = CARTESIAN_POINT('',(2.567465905164,14.328151870518));
#2109 = CARTESIAN_POINT('',(2.596136036233,13.988460248073));
#2110 = CARTESIAN_POINT('',(2.623669857558,13.64334232366));
#2111 = CARTESIAN_POINT('',(2.649952172219,13.292415379002));
#2112 = CARTESIAN_POINT('',(2.674764811903,12.935298523994));
#2113 = CARTESIAN_POINT('',(2.697785086812,12.57159442865));
#2114 = CARTESIAN_POINT('',(2.718486697408,12.200555645098));
#2115 = CARTESIAN_POINT('',(2.746276501732,11.603820380896));
#2116 = CARTESIAN_POINT('',(2.755399108995,11.383831857591));
#2117 = CARTESIAN_POINT('',(2.763381439485,11.161183843177));
#2118 = CARTESIAN_POINT('',(2.770059958102,10.936044288505));
#2119 = CARTESIAN_POINT('',(2.775263601525,10.70871918357));
#2120 = CARTESIAN_POINT('',(2.778835733662,10.479676732391));
#2121 = CARTESIAN_POINT('',(2.780687834854,10.249621266319));
#2122 = CARTESIAN_POINT('',(2.780931811361,9.811077506475));
#2123 = CARTESIAN_POINT('',(2.779632939985,9.602554698631));
#2124 = CARTESIAN_POINT('',(2.776915038466,9.394690555963));
#2125 = CARTESIAN_POINT('',(2.772832534967,9.188048317219));
#2126 = CARTESIAN_POINT('',(2.767487223658,8.983039359908));
#2127 = CARTESIAN_POINT('',(2.76100317234,8.779951782458));
#2128 = CARTESIAN_POINT('',(2.753503287027,8.578974771072));
#2129 = CARTESIAN_POINT('',(2.733145007165,8.097251854533));
#2130 = CARTESIAN_POINT('',(2.719362979621,7.818788080638));
#2131 = CARTESIAN_POINT('',(2.704068498498,7.544599596507));
#2132 = CARTESIAN_POINT('',(2.687531023872,7.27443243928));
#2133 = CARTESIAN_POINT('',(2.669950535246,7.008074291604));
#2134 = CARTESIAN_POINT('',(2.651475643904,6.745296029463));
#2135 = CARTESIAN_POINT('',(2.632208470833,6.485834861893));
#2136 = CARTESIAN_POINT('',(2.6032987931,6.11507528287));
#2137 = CARTESIAN_POINT('',(2.594243589881,6.001400232139));
#2138 = CARTESIAN_POINT('',(2.585052085194,5.888332760052));
#2139 = CARTESIAN_POINT('',(2.575729956066,5.775861751489));
#2140 = CARTESIAN_POINT('',(2.566281965461,5.66397895315));
#2141 = CARTESIAN_POINT('',(2.556712055871,5.552678565471));
#2142 = CARTESIAN_POINT('',(2.547023442907,5.441956834552));
#2143 = CARTESIAN_POINT('',(2.509995415235,5.025988471596));
#2144 = CARTESIAN_POINT('',(2.481881577381,4.724662674012));
#2145 = CARTESIAN_POINT('',(2.452927594057,4.427733290736));
#2146 = CARTESIAN_POINT('',(2.423152936654,4.135309425839));
#2147 = CARTESIAN_POINT('',(2.392556870244,3.847653458636));
#2148 = CARTESIAN_POINT('',(2.361122393727,3.565156780744));
#2149 = CARTESIAN_POINT('',(2.32881498991,3.288337091079));
#2150 = CARTESIAN_POINT('',(2.2595310306,2.724490958663));
#2151 = CARTESIAN_POINT('',(2.222420830505,2.438825285466));
#2152 = CARTESIAN_POINT('',(2.184155164348,2.161478718925));
#2153 = CARTESIAN_POINT('',(2.14464738201,1.893607326657));
#2154 = CARTESIAN_POINT('',(2.103814835744,1.636855116103));
#2155 = CARTESIAN_POINT('',(2.061576782163,1.393320460642));
#2156 = CARTESIAN_POINT('',(2.017847447762,1.165549080304));
#2157 = CARTESIAN_POINT('',(1.95493871888,0.875518676393));
#2158 = CARTESIAN_POINT('',(1.937123157621,0.79731938939));
#2159 = CARTESIAN_POINT('',(1.919070632711,0.722165134565));
#2160 = CARTESIAN_POINT('',(1.900780178844,0.650261176666));
#2161 = CARTESIAN_POINT('',(1.882252779402,0.58182728721));
#2162 = CARTESIAN_POINT('',(1.863491565987,0.517093948961));
#2163 = CARTESIAN_POINT('',(1.844502147325,0.456297563349));
#2164 = CARTESIAN_POINT('',(1.814861355106,0.368924940322));
#2165 = CARTESIAN_POINT('',(1.804365017863,0.339406515684));
#2166 = CARTESIAN_POINT('',(1.793805572876,0.311157567568));
#2167 = CARTESIAN_POINT('',(1.783184814762,0.284216295525));
#2168 = CARTESIAN_POINT('',(1.772504840352,0.258620497738));
#2169 = CARTESIAN_POINT('',(1.761768073366,0.234407150763));
#2170 = CARTESIAN_POINT('',(1.750977289099,0.211611989282));
#2171 = CARTESIAN_POINT('',(1.719287243687,0.149226874538));
#2172 = CARTESIAN_POINT('',(1.698247625186,0.113548737061));
#2173 = CARTESIAN_POINT('',(1.677042798479,8.34868128325E-02));
#2174 = CARTESIAN_POINT('',(1.655700736763,5.925748211617E-02));
#2175 = CARTESIAN_POINT('',(1.634251736882,4.103504539479E-02));
#2176 = CARTESIAN_POINT('',(1.61272894671,2.894392404537E-02));
#2177 = CARTESIAN_POINT('',(1.591169054576,2.304938231763E-02));
#2178 = CARTESIAN_POINT('',(1.548137030175,2.36430579354E-02));
#2179 = CARTESIAN_POINT('',(1.526660050415,3.008557987066E-02));
#2180 = CARTESIAN_POINT('',(1.505222754144,4.267446407593E-02));
#2181 = CARTESIAN_POINT('',(1.48386130856,6.13411933977E-02));
#2182 = CARTESIAN_POINT('',(1.462608336907,8.595934432779E-02));
#2183 = CARTESIAN_POINT('',(1.441493598278,0.116353854741));
#2184 = CARTESIAN_POINT('',(1.420544505698,0.152308820918));
#2185 = CARTESIAN_POINT('',(1.369775913486,0.253232019818));
#2186 = CARTESIAN_POINT('',(1.340162968065,0.323992914125));
#2187 = CARTESIAN_POINT('',(1.311010303855,0.405128426978));
#2188 = CARTESIAN_POINT('',(1.282359083763,0.495823045301));
#2189 = CARTESIAN_POINT('',(1.254234366324,0.595240783415));
#2190 = CARTESIAN_POINT('',(1.226648689844,0.70257667929));
#2191 = CARTESIAN_POINT('',(1.199603850352,0.817092826362));
#2192 = CARTESIAN_POINT('',(1.149155367224,1.047417503449));
#2193 = CARTESIAN_POINT('',(1.125654838615,1.162011743995));
#2194 = CARTESIAN_POINT('',(1.102580592917,1.281452617508));
#2195 = CARTESIAN_POINT('',(1.079922755445,1.405310135046));
#2196 = CARTESIAN_POINT('',(1.057670192764,1.53319623563));
#2197 = CARTESIAN_POINT('',(1.035810434027,1.664767658098));
#2198 = CARTESIAN_POINT('',(1.01432959231,1.799728812959));
#2199 = CARTESIAN_POINT('',(0.93644937583,2.309060478216));
#2200 = CARTESIAN_POINT('',(0.8823926232,2.702486645534));
#2201 = CARTESIAN_POINT('',(0.830656255054,3.11372885722));
#2202 = CARTESIAN_POINT('',(0.781046456717,3.539620370249));
#2203 = CARTESIAN_POINT('',(0.733425019626,3.977760322331));
#2204 = CARTESIAN_POINT('',(0.687730479137,4.426665063921));
#2205 = CARTESIAN_POINT('',(0.643951911621,4.885709387759));
#2206 = CARTESIAN_POINT('',(0.57244728699,5.691601812919));
#2207 = CARTESIAN_POINT('',(0.543763012898,6.032427451208));
#2208 = CARTESIAN_POINT('',(0.516225723203,6.378718282159));
#2209 = CARTESIAN_POINT('',(0.489953757793,6.730871763689));
#2210 = CARTESIAN_POINT('',(0.465171498227,7.089278834369));
#2211 = CARTESIAN_POINT('',(0.442209994241,7.454339642729));
#2212 = CARTESIAN_POINT('',(0.421610544975,7.826810757166));
#2213 = CARTESIAN_POINT('',(0.394103524021,8.425220175229));
#2214 = CARTESIAN_POINT('',(0.385116310951,8.645389833232));
#2215 = CARTESIAN_POINT('',(0.377283743048,8.868208023534));
#2216 = CARTESIAN_POINT('',(0.370770180718,9.093489451074));
#2217 = CARTESIAN_POINT('',(0.36574603938,9.320911309648));
#2218 = CARTESIAN_POINT('',(0.362364365441,9.549988356698));
#2219 = CARTESIAN_POINT('',(0.360707490157,9.780000554214));
#2220 = CARTESIAN_POINT('',(0.360832980171,10.221922448419));
#2221 = CARTESIAN_POINT('',(0.362356138237,10.433881004168));
#2222 = CARTESIAN_POINT('',(0.365341459049,10.645076224343));
#2223 = CARTESIAN_POINT('',(0.369725666164,10.854933390627));
#2224 = CARTESIAN_POINT('',(0.375397281989,11.063041848771));
#2225 = CARTESIAN_POINT('',(0.382224023629,11.269121399012));
#2226 = CARTESIAN_POINT('',(0.390077307923,11.472994916763));
#2227 = CARTESIAN_POINT('',(0.410768043895,11.949102952006));
#2228 = CARTESIAN_POINT('',(0.424381110228,12.219385382341));
#2229 = CARTESIAN_POINT('',(0.439394702738,12.485646155977));
#2230 = CARTESIAN_POINT('',(0.455568710793,12.748118640439));
#2231 = CARTESIAN_POINT('',(0.472720285352,13.007010250016));
#2232 = CARTESIAN_POINT('',(0.490716531791,13.262526039003));
#2233 = CARTESIAN_POINT('',(0.509462144515,13.514907666929));
#2234 = CARTESIAN_POINT('',(0.537807585415,13.878801699512));
#2235 = CARTESIAN_POINT('',(0.546859264273,13.992542352579));
#2236 = CARTESIAN_POINT('',(0.556047569344,14.105674569585));
#2237 = CARTESIAN_POINT('',(0.565366785494,14.218209561262));
#2238 = CARTESIAN_POINT('',(0.574812116597,14.330155669852));
#2239 = CARTESIAN_POINT('',(0.584379591353,14.441518779343));
#2240 = CARTESIAN_POINT('',(0.594065969098,14.552302725708));
#2241 = CARTESIAN_POINT('',(0.631076500876,14.968395104362));
#2242 = CARTESIAN_POINT('',(0.659175634711,15.26978304549));
#2243 = CARTESIAN_POINT('',(0.688115228642,15.566776091596));
#2244 = CARTESIAN_POINT('',(0.71787551429,15.859266592588));
#2245 = CARTESIAN_POINT('',(0.748456995382,16.146993705833));
#2246 = CARTESIAN_POINT('',(0.779876481314,16.429567756388));
#2247 = CARTESIAN_POINT('',(0.812168320323,16.706472998971));
#2248 = CARTESIAN_POINT('',(0.881420029361,17.270533616114));
#2249 = CARTESIAN_POINT('',(0.91851359411,17.556329752343));
#2250 = CARTESIAN_POINT('',(0.956761641976,17.833821006322));
#2251 = CARTESIAN_POINT('',(0.996250653453,18.101854873329));
#2252 = CARTESIAN_POINT('',(1.037063216551,18.35879206336));
#2253 = CARTESIAN_POINT('',(1.079280114912,18.602539919204));
#2254 = CARTESIAN_POINT('',(1.122987284564,18.83055914202));
#2255 = CARTESIAN_POINT('',(1.186520062755,19.124019300313));
#2256 = CARTESIAN_POINT('',(1.205000180699,19.205148825758));
#2257 = CARTESIAN_POINT('',(1.223735370014,19.283001523849));
#2258 = CARTESIAN_POINT('',(1.242726686746,19.357348002969));
#2259 = CARTESIAN_POINT('',(1.26197292327,19.427942061263));
#2260 = CARTESIAN_POINT('',(1.281470367467,19.494525289623));
#2261 = CARTESIAN_POINT('',(1.301212398985,19.556832937792));
#2262 = CARTESIAN_POINT('',(1.351000265811,19.700809478346));
#2263 = CARTESIAN_POINT('',(1.381350039121,19.776955594792));
#2264 = CARTESIAN_POINT('',(1.412183549695,19.842077688598));
#2265 = CARTESIAN_POINT('',(1.443435109803,19.895287297683));
#2266 = CARTESIAN_POINT('',(1.475026826504,19.935810573035));
#2267 = CARTESIAN_POINT('',(1.506865278291,19.963049274625));
#2268 = CARTESIAN_POINT('',(1.538836078689,19.976661392405));
#2269 = CARTESIAN_POINT('',(1.570796326795,19.976661392405));
#2270 = ( GEOMETRIC_REPRESENTATION_CONTEXT(2) 
PARAMETRIC_REPRESENTATION_CONTEXT() REPRESENTATION_CONTEXT('2D SPACE',''
  ) );
#2271 = PCURVE('',#2272,#2303);
#2272 = B_SPLINE_SURFACE_WITH_KNOTS('',14,1,(
    (#2273,#2274)
    ,(#2275,#2276)
    ,(#2277,#2278)
    ,(#2279,#2280)
    ,(#2281,#2282)
    ,(#2283,#2284)
    ,(#2285,#2286)
    ,(#2287,#2288)
    ,(#2289,#2290)
    ,(#2291,#2292)
    ,(#2293,#2294)
    ,(#2295,#2296)
    ,(#2297,#2298)
    ,(#2299,#2300)
    ,(#2301,#2302
    )),.UNSPECIFIED.,.T.,.F.,.F.,(15,15),(2,2),(0.,6.28318530718),(0.,1.
    ),.PIECEWISE_BEZIER_KNOTS.);
#2273 = CARTESIAN_POINT('',(-9.725887087129,39.858777287294,
    -8.73199271649));
#2274 = CARTESIAN_POINT('',(8.487898596231,16.411863774709,
    2.201482614527));
#2275 = CARTESIAN_POINT('',(-9.725887087127,41.755483610665,
    -4.664492879851));
#2276 = CARTESIAN_POINT('',(8.487898596232,18.024064149574,5.65885747567
    ));
#2277 = CARTESIAN_POINT('',(-11.52066100412,42.381337701457,
    -4.383086909967E-03));
#2278 = CARTESIAN_POINT('',(6.96234076679,18.556040126744,9.619950799669
    ));
#2279 = CARTESIAN_POINT('',(-15.11021113252,41.256336557486,
    4.218971143886));
#2280 = CARTESIAN_POINT('',(3.911223157627,17.599789154388,
    13.209801895846));
#2281 = CARTESIAN_POINT('',(-19.95774294275,38.280629215616,
    6.799077803266));
#2282 = CARTESIAN_POINT('',(-0.209178880995,15.070437913732,
    15.402892556328));
#2283 = CARTESIAN_POINT('',(-24.98976920018,33.90643358581,
    6.721187713881));
#2284 = CARTESIAN_POINT('',(-4.486401199983,11.352371628556,
    15.336685980313));
#2285 = CARTESIAN_POINT('',(-28.83115884722,29.144768858881,
    3.61126222506));
#2286 = CARTESIAN_POINT('',(-7.751582399668,7.304956610378,12.6932493149
    ));
#2287 = CARTESIAN_POINT('',(-30.27736539665,25.306578688183,
    -1.946191066549));
#2288 = CARTESIAN_POINT('',(-8.980857967086,4.042494965691,
    7.969414016898));
#2289 = CARTESIAN_POINT('',(-28.83115884722,23.516463561333,
    -8.458677436281));
#2290 = CARTESIAN_POINT('',(-7.751582399628,2.520897107415,
    2.433800602788));
#2291 = CARTESIAN_POINT('',(-24.98976920019,24.194861510276,
    -14.10534581111));
#2292 = CARTESIAN_POINT('',(-4.486401200042,3.097535364424,
    -2.365867515974));
#2293 = CARTESIAN_POINT('',(-19.95774294275,26.946872993165,
    -17.50624085116));
#2294 = CARTESIAN_POINT('',(-0.209178880941,5.436745124584,
    -5.256628299898));
#2295 = CARTESIAN_POINT('',(-15.11021113252,30.836097171728,
    -18.12730433223));
#2296 = CARTESIAN_POINT('',(3.911223157594,8.742585676533,
    -5.784532258877));
#2297 = CARTESIAN_POINT('',(-11.52066100412,34.794511007743,
    -16.27438543629));
#2298 = CARTESIAN_POINT('',(6.962340766803,12.10723743707,
    -4.209551197295));
#2299 = CARTESIAN_POINT('',(-9.725887087128,37.962070963929,
    -12.79949255312));
#2300 = CARTESIAN_POINT('',(8.487898596228,14.799663399852,
    -1.255892246615));
#2301 = CARTESIAN_POINT('',(-9.725887087129,39.858777287294,
    -8.73199271649));
#2302 = CARTESIAN_POINT('',(8.487898596231,16.411863774709,
    2.201482614527));
#2303 = DEFINITIONAL_REPRESENTATION('',(#2304),#2496);
#2304 = B_SPLINE_CURVE_WITH_KNOTS('',8,(#2305,#2306,#2307,#2308,#2309,
    #2310,#2311,#2312,#2313,#2314,#2315,#2316,#2317,#2318,#2319,#2320,
    #2321,#2322,#2323,#2324,#2325,#2326,#2327,#2328,#2329,#2330,#2331,
    #2332,#2333,#2334,#2335,#2336,#2337,#2338,#2339,#2340,#2341,#2342,
    #2343,#2344,#2345,#2346,#2347,#2348,#2349,#2350,#2351,#2352,#2353,
    #2354,#2355,#2356,#2357,#2358,#2359,#2360,#2361,#2362,#2363,#2364,
    #2365,#2366,#2367,#2368,#2369,#2370,#2371,#2372,#2373,#2374,#2375,
    #2376,#2377,#2378,#2379,#2380,#2381,#2382,#2383,#2384,#2385,#2386,
    #2387,#2388,#2389,#2390,#2391,#2392,#2393,#2394,#2395,#2396,#2397,
    #2398,#2399,#2400,#2401,#2402,#2403,#2404,#2405,#2406,#2407,#2408,
    #2409,#2410,#2411,#2412,#2413,#2414,#2415,#2416,#2417,#2418,#2419,
    #2420,#2421,#2422,#2423,#2424,#2425,#2426,#2427,#2428,#2429,#2430,
    #2431,#2432,#2433,#2434,#2435,#2436,#2437,#2438,#2439,#2440,#2441,
    #2442,#2443,#2444,#2445,#2446,#2447,#2448,#2449,#2450,#2451,#2452,
    #2453,#2454,#2455,#2456,#2457,#2458,#2459,#2460,#2461,#2462,#2463,
    #2464,#2465,#2466,#2467,#2468,#2469,#2470,#2471,#2472,#2473,#2474,
    #2475,#2476,#2477,#2478,#2479,#2480,#2481,#2482,#2483,#2484,#2485,
    #2486,#2487,#2488,#2489,#2490,#2491,#2492,#2493,#2494,#2495),
  .UNSPECIFIED.,.F.,.F.,(9,7,7,7,7,7,7,7,7,7,7,7,7,7,7,7,7,7,7,7,7,7,7,7
    ,7,7,7,9),(0.,3.378736134526E-02,5.524095529172E-02,
    8.444111609228E-02,0.161881937379,0.217720313212,0.249695191586,
    0.278661474176,0.319895844817,0.33827266118,0.389296734551,
    0.444633858236,0.466097891318,0.477754182119,0.500169124466,
    0.52250108329,0.554787143665,0.583934500275,0.662282029774,
    0.718259608246,0.750213531871,0.779665235865,0.819772883495,
    0.83815482461,0.889174889639,0.944510363045,0.966774623643,1.),
  .UNSPECIFIED.);
#2305 = CARTESIAN_POINT('',(6.28318530718,0.332278481013));
#2306 = CARTESIAN_POINT('',(6.247277237164,0.332278481013));
#2307 = CARTESIAN_POINT('',(6.21135693912,0.331877521826));
#2308 = CARTESIAN_POINT('',(6.175587064043,0.331075160406));
#2309 = CARTESIAN_POINT('',(6.140096332254,0.329882172314));
#2310 = CARTESIAN_POINT('',(6.104988680532,0.328317393352));
#2311 = CARTESIAN_POINT('',(6.070349808268,0.326405159685));
#2312 = CARTESIAN_POINT('',(6.036251122662,0.324173346435));
#2313 = CARTESIAN_POINT('',(5.981479926477,0.320051055818));
#2314 = CARTESIAN_POINT('',(5.960442256112,0.318332779329));
#2315 = CARTESIAN_POINT('',(5.939646741142,0.316504209942));
#2316 = CARTESIAN_POINT('',(5.91909879108,0.314572403738));
#2317 = CARTESIAN_POINT('',(5.898801057004,0.312544267589));
#2318 = CARTESIAN_POINT('',(5.878753785756,0.310426419667));
#2319 = CARTESIAN_POINT('',(5.858955026991,0.308225081075));
#2320 = CARTESIAN_POINT('',(5.812785586278,0.302843974135));
#2321 = CARTESIAN_POINT('',(5.786626218164,0.299598260386));
#2322 = CARTESIAN_POINT('',(5.760910015945,0.296223167191));
#2323 = CARTESIAN_POINT('',(5.735623071595,0.292731919293));
#2324 = CARTESIAN_POINT('',(5.710749955721,0.289136599286));
#2325 = CARTESIAN_POINT('',(5.686273531418,0.285448090539));
#2326 = CARTESIAN_POINT('',(5.66217476813,0.281676020118));
#2327 = CARTESIAN_POINT('',(5.575466585643,0.267625350443));
#2328 = CARTESIAN_POINT('',(5.515092573186,0.256906453853));
#2329 = CARTESIAN_POINT('',(5.456828045847,0.245817151345));
#2330 = CARTESIAN_POINT('',(5.400365508138,0.234476564094));
#2331 = CARTESIAN_POINT('',(5.345428940411,0.222990880288));
#2332 = CARTESIAN_POINT('',(5.291759234099,0.211459799025));
#2333 = CARTESIAN_POINT('',(5.239078864226,0.199981040916));
#2334 = CARTESIAN_POINT('',(5.149498925712,0.18054345489));
#2335 = CARTESIAN_POINT('',(5.112365032925,0.172510791178));
#2336 = CARTESIAN_POINT('',(5.075468980827,0.164633595094));
#2337 = CARTESIAN_POINT('',(5.038685324378,0.156975836235));
#2338 = CARTESIAN_POINT('',(5.001899832082,0.149631575057));
#2339 = CARTESIAN_POINT('',(4.965000950929,0.142726739732));
#2340 = CARTESIAN_POINT('',(4.927843636124,0.136452457587));
#2341 = CARTESIAN_POINT('',(4.868709585965,0.12796709212));
#2342 = CARTESIAN_POINT('',(4.847037126557,0.1251662501));
#2343 = CARTESIAN_POINT('',(4.825213589377,0.122704012621));
#2344 = CARTESIAN_POINT('',(4.803238857299,0.120636177836));
#2345 = CARTESIAN_POINT('',(4.78112386064,0.119020692899));
#2346 = CARTESIAN_POINT('',(4.758892284119,0.117910272137));
#2347 = CARTESIAN_POINT('',(4.736588252967,0.1173344792));
#2348 = CARTESIAN_POINT('',(4.694074081283,0.117258629989));
#2349 = CARTESIAN_POINT('',(4.673860316832,0.11766242997));
#2350 = CARTESIAN_POINT('',(4.653693675028,0.118507467992));
#2351 = CARTESIAN_POINT('',(4.633610651084,0.119775573293));
#2352 = CARTESIAN_POINT('',(4.613634436393,0.121432533498));
#2353 = CARTESIAN_POINT('',(4.593778194756,0.123436433026));
#2354 = CARTESIAN_POINT('',(4.574047257332,0.125745505996));
#2355 = CARTESIAN_POINT('',(4.526526832023,0.131985340913));
#2356 = CARTESIAN_POINT('',(4.498865161883,0.136188577056));
#2357 = CARTESIAN_POINT('',(4.471398823311,0.140822417244));
#2358 = CARTESIAN_POINT('',(4.444072489432,0.145791929455));
#2359 = CARTESIAN_POINT('',(4.416836481584,0.15102430414));
#2360 = CARTESIAN_POINT('',(4.389639340083,0.156462909568));
#2361 = CARTESIAN_POINT('',(4.362424253799,0.162065348099));
#2362 = CARTESIAN_POINT('',(4.322956584084,0.170356529138));
#2363 = CARTESIAN_POINT('',(4.310775383941,0.172938293571));
#2364 = CARTESIAN_POINT('',(4.298575543311,0.175542751977));
#2365 = CARTESIAN_POINT('',(4.28635282936,0.178167117319));
#2366 = CARTESIAN_POINT('',(4.274103171816,0.18080886231));
#2367 = CARTESIAN_POINT('',(4.26182260449,0.183465684292));
#2368 = CARTESIAN_POINT('',(4.249507206801,0.186135470106));
#2369 = CARTESIAN_POINT('',(4.202851149337,0.19625959977));
#2370 = CARTESIAN_POINT('',(4.168256328555,0.203786507364));
#2371 = CARTESIAN_POINT('',(4.133278498191,0.211356477829));
#2372 = CARTESIAN_POINT('',(4.097838623256,0.218936260507));
#2373 = CARTESIAN_POINT('',(4.061860583408,0.226495631245));
#2374 = CARTESIAN_POINT('',(4.025266531433,0.23400543106));
#2375 = CARTESIAN_POINT('',(3.987971803615,0.241436533461));
#2376 = CARTESIAN_POINT('',(3.908558802234,0.256699185305));
#2377 = CARTESIAN_POINT('',(3.866333893372,0.264504842145));
#2378 = CARTESIAN_POINT('',(3.823048920594,0.272141728665));
#2379 = CARTESIAN_POINT('',(3.778572823662,0.279565461675));
#2380 = CARTESIAN_POINT('',(3.732786429906,0.286719792529));
#2381 = CARTESIAN_POINT('',(3.685577263048,0.293536667006));
#2382 = CARTESIAN_POINT('',(3.636830962827,0.299936192907));
#2383 = CARTESIAN_POINT('',(3.566855989231,0.308109466064));
#2384 = CARTESIAN_POINT('',(3.54705509502,0.310316075505));
#2385 = CARTESIAN_POINT('',(3.527005440487,0.312439320796));
#2386 = CARTESIAN_POINT('',(3.506705008815,0.314472980552));
#2387 = CARTESIAN_POINT('',(3.48615397433,0.316410433732));
#2388 = CARTESIAN_POINT('',(3.465354908182,0.31824476748));
#2389 = CARTESIAN_POINT('',(3.444313130739,0.319968915983));
#2390 = CARTESIAN_POINT('',(3.411483076846,0.322448483726));
#2391 = CARTESIAN_POINT('',(3.399860064181,0.323286549562));
#2392 = CARTESIAN_POINT('',(3.388169709572,0.324088890448));
#2393 = CARTESIAN_POINT('',(3.376413856685,0.324854370135));
#2394 = CARTESIAN_POINT('',(3.364594682935,0.325581865786));
#2395 = CARTESIAN_POINT('',(3.352714726427,0.326270280232));
#2396 = CARTESIAN_POINT('',(3.340776912911,0.326918554241));
#2397 = CARTESIAN_POINT('',(3.305723439681,0.328693173778));
#2398 = CARTESIAN_POINT('',(3.282457241157,0.329708679354));
#2399 = CARTESIAN_POINT('',(3.25901372997,0.330564740789));
#2400 = CARTESIAN_POINT('',(3.235422789149,0.331254959438));
#2401 = CARTESIAN_POINT('',(3.211716848744,0.331774185104));
#2402 = CARTESIAN_POINT('',(3.187931473369,0.332118746964));
#2403 = CARTESIAN_POINT('',(3.16410613048,0.332286723076));
#2404 = CARTESIAN_POINT('',(3.116552337212,0.332269805157));
#2405 = CARTESIAN_POINT('',(3.092818530736,0.332086213304));
#2406 = CARTESIAN_POINT('',(3.069127468164,0.331727471094));
#2407 = CARTESIAN_POINT('',(3.045518053532,0.331195596577));
#2408 = CARTESIAN_POINT('',(3.022025284449,0.330494319862));
#2409 = CARTESIAN_POINT('',(2.998681009453,0.329628813841));
#2410 = CARTESIAN_POINT('',(2.975514504998,0.328605463417));
#2411 = CARTESIAN_POINT('',(2.919356470697,0.325734685454));
#2412 = CARTESIAN_POINT('',(2.886586356369,0.323723144842));
#2413 = CARTESIAN_POINT('',(2.854308755547,0.321418611405));
#2414 = CARTESIAN_POINT('',(2.822566193663,0.318845309402));
#2415 = CARTESIAN_POINT('',(2.791383423221,0.316028156103));
#2416 = CARTESIAN_POINT('',(2.760771321194,0.312991257888));
#2417 = CARTESIAN_POINT('',(2.730728755712,0.309756873681));
#2418 = CARTESIAN_POINT('',(2.674622615422,0.303264519546));
#2419 = CARTESIAN_POINT('',(2.648457821607,0.300039587202));
#2420 = CARTESIAN_POINT('',(2.622735905851,0.296684391713));
#2421 = CARTESIAN_POINT('',(2.597443301566,0.293212199175));
#2422 = CARTESIAN_POINT('',(2.572564839154,0.289635137625));
#2423 = CARTESIAN_POINT('',(2.548083574865,0.285964135926));
#2424 = CARTESIAN_POINT('',(2.523980619644,0.282208862662));
#2425 = CARTESIAN_POINT('',(2.436407116681,0.26807948003));
#2426 = CARTESIAN_POINT('',(2.375250178351,0.257247210314));
#2427 = CARTESIAN_POINT('',(2.316260042803,0.246032253542));
#2428 = CARTESIAN_POINT('',(2.259119037747,0.234558336147));
#2429 = CARTESIAN_POINT('',(2.203541561793,0.222935543022));
#2430 = CARTESIAN_POINT('',(2.149259891243,0.211267099734));
#2431 = CARTESIAN_POINT('',(2.09598673782,0.199653897597));
#2432 = CARTESIAN_POINT('',(2.005739160866,0.180074553809));
#2433 = CARTESIAN_POINT('',(1.968525063515,0.172029225393));
#2434 = CARTESIAN_POINT('',(1.931544695037,0.164143013643));
#2435 = CARTESIAN_POINT('',(1.894670976348,0.156480968703));
#2436 = CARTESIAN_POINT('',(1.857788501919,0.14913921774));
#2437 = CARTESIAN_POINT('',(1.820785108939,0.142246464246));
#2438 = CARTESIAN_POINT('',(1.783514283459,0.135998790932));
#2439 = CARTESIAN_POINT('',(1.724254825318,0.127594963415));
#2440 = CARTESIAN_POINT('',(1.702577465147,0.124834309169));
#2441 = CARTESIAN_POINT('',(1.680748363667,0.12241723326));
#2442 = CARTESIAN_POINT('',(1.658768941612,0.120399766203));
#2443 = CARTESIAN_POINT('',(1.6366515668,0.118839604903));
#2444 = CARTESIAN_POINT('',(1.614421373181,0.117788234337));
#2445 = CARTESIAN_POINT('',(1.59212390567,0.117273132209));
#2446 = CARTESIAN_POINT('',(1.54928232549,0.117312145526));
#2447 = CARTESIAN_POINT('',(1.528733592897,0.117785675079));
#2448 = CARTESIAN_POINT('',(1.508239270825,0.118713737506));
#2449 = CARTESIAN_POINT('',(1.487836141022,0.120075196249));
#2450 = CARTESIAN_POINT('',(1.467546693513,0.121832564942));
#2451 = CARTESIAN_POINT('',(1.447382849422,0.123941117662));
#2452 = CARTESIAN_POINT('',(1.427348355736,0.126357104899));
#2453 = CARTESIAN_POINT('',(1.380326123574,0.132692585876));
#2454 = CARTESIAN_POINT('',(1.353445021918,0.136839904545));
#2455 = CARTESIAN_POINT('',(1.32674305466,0.141383906113));
#2456 = CARTESIAN_POINT('',(1.3001694683,0.146239751588));
#2457 = CARTESIAN_POINT('',(1.273677306096,0.151340759263));
#2458 = CARTESIAN_POINT('',(1.247219653115,0.156636042199));
#2459 = CARTESIAN_POINT('',(1.220744146916,0.162086115035));
#2460 = CARTESIAN_POINT('',(1.182019435366,0.170217768634));
#2461 = CARTESIAN_POINT('',(1.169835125665,0.172799280524));
#2462 = CARTESIAN_POINT('',(1.157632334683,0.175403615624));
#2463 = CARTESIAN_POINT('',(1.14540682113,0.178027974868));
#2464 = CARTESIAN_POINT('',(1.133154507179,0.180669820581));
#2465 = CARTESIAN_POINT('',(1.120871419727,0.183326841165));
#2466 = CARTESIAN_POINT('',(1.108553631683,0.185996915776));
#2467 = CARTESIAN_POINT('',(1.061901272284,0.196119791581));
#2468 = CARTESIAN_POINT('',(1.027313577,0.203645656983));
#2469 = CARTESIAN_POINT('',(0.992343999773,0.211215069782));
#2470 = CARTESIAN_POINT('',(0.956913510771,0.218794726186));
#2471 = CARTESIAN_POINT('',(0.920946015167,0.226354378625));
#2472 = CARTESIAN_POINT('',(0.884363705012,0.233864866853));
#2473 = CARTESIAN_POINT('',(0.847081974115,0.241297082773));
#2474 = CARTESIAN_POINT('',(0.767696859235,0.256563405336));
#2475 = CARTESIAN_POINT('',(0.72548690288,0.264371700282));
#2476 = CARTESIAN_POINT('',(0.682218470469,0.272011791638));
#2477 = CARTESIAN_POINT('',(0.637760594888,0.279439371346));
#2478 = CARTESIAN_POINT('',(0.591994100792,0.286598306726));
#2479 = CARTESIAN_POINT('',(0.544806416273,0.293420693489));
#2480 = CARTESIAN_POINT('',(0.496082964224,0.299826813255));
#2481 = CARTESIAN_POINT('',(0.425411620095,0.308096331391));
#2482 = CARTESIAN_POINT('',(0.404872121727,0.310385636304));
#2483 = CARTESIAN_POINT('',(0.384064842913,0.312585228741));
#2484 = CARTESIAN_POINT('',(0.362987557255,0.314688156809));
#2485 = CARTESIAN_POINT('',(0.341640583195,0.316687005387));
#2486 = CARTESIAN_POINT('',(0.320027032387,0.318574026982));
#2487 = CARTESIAN_POINT('',(0.298153242758,0.320341311798));
#2488 = CARTESIAN_POINT('',(0.243013562511,0.324427930264));
#2489 = CARTESIAN_POINT('',(0.209422894608,0.32659203926));
#2490 = CARTESIAN_POINT('',(0.175314677306,0.328444804561));
#2491 = CARTESIAN_POINT('',(0.140758260387,0.329959879263));
#2492 = CARTESIAN_POINT('',(0.10583638496,0.331114356883));
#2493 = CARTESIAN_POINT('',(7.064886187685E-02,0.331890578762));
#2494 = CARTESIAN_POINT('',(3.531860223701E-02,0.332278481013));
#2495 = CARTESIAN_POINT('',(0.,0.332278481013));
#2496 = ( GEOMETRIC_REPRESENTATION_CONTEXT(2) 
PARAMETRIC_REPRESENTATION_CONTEXT() REPRESENTATION_CONTEXT('2D SPACE',''
  ) );
#2497 = ADVANCED_FACE('',(#2498),#1191,.F.);
#2498 = FACE_BOUND('',#2499,.F.);
#2499 = EDGE_LOOP('',(#2500,#2501,#2502));
#2500 = ORIENTED_EDGE('',*,*,#1175,.F.);
#2501 = ORIENTED_EDGE('',*,*,#1804,.T.);
#2502 = ORIENTED_EDGE('',*,*,#1687,.F.);
#2503 = ADVANCED_FACE('',(#2504,#2507),#1673,.F.);
#2504 = FACE_BOUND('',#2505,.F.);
#2505 = EDGE_LOOP('',(#2506));
#2506 = ORIENTED_EDGE('',*,*,#1856,.T.);
#2507 = FACE_BOUND('',#2508,.F.);
#2508 = EDGE_LOOP('',(#2509,#2783,#2804,#2805));
#2509 = ORIENTED_EDGE('',*,*,#2510,.F.);
#2510 = EDGE_CURVE('',#2511,#2513,#2515,.T.);
#2511 = VERTEX_POINT('',#2512);
#2512 = CARTESIAN_POINT('',(-25.88010753606,29.70882031445,
    -0.634672956796));
#2513 = VERTEX_POINT('',#2514);
#2514 = CARTESIAN_POINT('',(-25.88010753606,27.131603900228,
    -6.161531392747));
#2515 = SURFACE_CURVE('',#2516,(#2603,#2693),.PCURVE_S1.);
#2516 = B_SPLINE_CURVE_WITH_KNOTS('',8,(#2517,#2518,#2519,#2520,#2521,
    #2522,#2523,#2524,#2525,#2526,#2527,#2528,#2529,#2530,#2531,#2532,
    #2533,#2534,#2535,#2536,#2537,#2538,#2539,#2540,#2541,#2542,#2543,
    #2544,#2545,#2546,#2547,#2548,#2549,#2550,#2551,#2552,#2553,#2554,
    #2555,#2556,#2557,#2558,#2559,#2560,#2561,#2562,#2563,#2564,#2565,
    #2566,#2567,#2568,#2569,#2570,#2571,#2572,#2573,#2574,#2575,#2576,
    #2577,#2578,#2579,#2580,#2581,#2582,#2583,#2584,#2585,#2586,#2587,
    #2588,#2589,#2590,#2591,#2592,#2593,#2594,#2595,#2596,#2597,#2598,
    #2599,#2600,#2601,#2602),.UNSPECIFIED.,.F.,.F.,(9,7,7,7,7,7,7,7,7,7,
    7,7,9),(0.,0.251212446598,0.374403866487,0.437544438489,
    0.461204972839,0.493701138834,0.506295465983,0.530805662598,
    0.549003173622,0.597941136813,0.693439037356,0.885769563401,1.),
  .UNSPECIFIED.);
#2517 = CARTESIAN_POINT('',(-25.88010753606,29.708820308635,
    -0.634672969267));
#2518 = CARTESIAN_POINT('',(-25.46974729368,29.188940398957,
    -0.506742037631));
#2519 = CARTESIAN_POINT('',(-25.05977191797,28.668000770958,
    -0.382249286419));
#2520 = CARTESIAN_POINT('',(-24.65019834105,28.145819432449,
    -0.261636279784));
#2521 = CARTESIAN_POINT('',(-24.24109075768,27.622210365667,
    -0.145496354316));
#2522 = CARTESIAN_POINT('',(-23.8325562097,27.096989566381,
    -3.454829529785E-02));
#2523 = CARTESIAN_POINT('',(-23.42477867651,26.569899561181,
    7.009854375806E-02));
#2524 = CARTESIAN_POINT('',(-23.01800301968,26.040642656341,
    0.167064168891));
#2525 = CARTESIAN_POINT('',(-22.4139154238,25.247592034381,
    0.295901264179));
#2526 = CARTESIAN_POINT('',(-22.21554770178,24.986028183351,
    0.335752241815));
#2527 = CARTESIAN_POINT('',(-22.01759473192,24.723714682679,
    0.372739472281));
#2528 = CARTESIAN_POINT('',(-21.82012302985,24.460543191258,
    0.406429168012));
#2529 = CARTESIAN_POINT('',(-21.62324409795,24.196425196945,
    0.436293818089));
#2530 = CARTESIAN_POINT('',(-21.42714762356,23.931253413884,
    0.46152886014));
#2531 = CARTESIAN_POINT('',(-21.23208642554,23.664917584747,
    0.481132159409));
#2532 = CARTESIAN_POINT('',(-20.93930720947,23.259863640812,
    0.499202282772));
#2533 = CARTESIAN_POINT('',(-20.8405466078,23.122303557767,
    0.503310082667));
#2534 = CARTESIAN_POINT('',(-20.74225269253,22.984339739818,
    0.505138663861));
#2535 = CARTESIAN_POINT('',(-20.64450205032,22.845914605036,
    0.504332591184));
#2536 = CARTESIAN_POINT('',(-20.5474258865,22.707013305024,
    0.500462653662));
#2537 = CARTESIAN_POINT('',(-20.45124996029,22.567648990129,
    0.492873317999));
#2538 = CARTESIAN_POINT('',(-20.35627360325,22.427869248679,
    0.480760082109));
#2539 = CARTESIAN_POINT('',(-20.22810130568,22.235142044927,
    0.455637869583));
#2540 = CARTESIAN_POINT('',(-20.19342048035,22.18256802889,
    0.447926873058));
#2541 = CARTESIAN_POINT('',(-20.15902148009,22.129950003851,
    0.439267963539));
#2542 = CARTESIAN_POINT('',(-20.12494374034,22.077295614935,
    0.429558101875));
#2543 = CARTESIAN_POINT('',(-20.09124069451,22.0246241518,0.41867682646)
  );
#2544 = CARTESIAN_POINT('',(-20.05798221427,21.971966524738,
    0.40647881128));
#2545 = CARTESIAN_POINT('',(-20.02525990851,21.919365432798,
    0.392778178067));
#2546 = CARTESIAN_POINT('',(-19.94915665341,21.794784609424,
    0.356100052222));
#2547 = CARTESIAN_POINT('',(-19.90681811869,21.723655271267,
    0.331789176991));
#2548 = CARTESIAN_POINT('',(-19.8658979957,21.652718465774,
    0.303595387763));
#2549 = CARTESIAN_POINT('',(-19.82675082219,21.582006508989,
    0.27051423349));
#2550 = CARTESIAN_POINT('',(-19.79035302109,21.512341672242,
    0.231351886353));
#2551 = CARTESIAN_POINT('',(-19.75832963237,21.445353130509,
    0.184680527417));
#2552 = CARTESIAN_POINT('',(-19.73296819883,21.38348441534,
    0.128812275079));
#2553 = CARTESIAN_POINT('',(-19.71104149772,21.309206628164,
    3.593025157209E-02));
#2554 = CARTESIAN_POINT('',(-19.70637779349,21.289797342266,
    8.431397901075E-03));
#2555 = CARTESIAN_POINT('',(-19.7033780239,21.272077250982,
    -2.048435857537E-02));
#2556 = CARTESIAN_POINT('',(-19.70216746416,21.256306637532,
    -5.06382471292E-02));
#2557 = CARTESIAN_POINT('',(-19.70279342201,21.242654283791,
    -8.181159008631E-02));
#2558 = CARTESIAN_POINT('',(-19.70522523774,21.231197470296,
    -0.113745802826));
#2559 = CARTESIAN_POINT('',(-19.70935428419,21.221921976237,
    -0.146142393783));
#2560 = CARTESIAN_POINT('',(-19.72596952168,21.200710145097,
    -0.241952219326));
#2561 = CARTESIAN_POINT('',(-19.74262905516,21.194641183683,
    -0.305422210781));
#2562 = CARTESIAN_POINT('',(-19.76377312439,21.195282196413,
    -0.368084480841));
#2563 = CARTESIAN_POINT('',(-19.78822756591,21.20126385577,
    -0.429319490494));
#2564 = CARTESIAN_POINT('',(-19.81502222289,21.211364199707,
    -0.488809528929));
#2565 = CARTESIAN_POINT('',(-19.84349149591,21.224668354892,
    -0.546500713958));
#2566 = CARTESIAN_POINT('',(-19.8732967172,21.240604289015,
    -0.602594083632));
#2567 = CARTESIAN_POINT('',(-19.92744085878,21.272404466843,
    -0.698379324882));
#2568 = CARTESIAN_POINT('',(-19.95113161534,21.287185480295,
    -0.738431162575));
#2569 = CARTESIAN_POINT('',(-19.97533763429,21.303018322033,
    -0.777787870859));
#2570 = CARTESIAN_POINT('',(-19.9999770392,21.319763523289,
    -0.816500570534));
#2571 = CARTESIAN_POINT('',(-20.02498560517,21.33731002243,
    -0.854612922515));
#2572 = CARTESIAN_POINT('',(-20.05031315157,21.355567561546,
    -0.892166508432));
#2573 = CARTESIAN_POINT('',(-20.07592178331,21.374462914232,
    -0.929203593799));
#2574 = CARTESIAN_POINT('',(-20.1713417096,21.446318876536,
    -1.06409676613));
#2575 = CARTESIAN_POINT('',(-20.24266892599,21.502846027512,
    -1.158895501253));
#2576 = CARTESIAN_POINT('',(-20.3152303896,21.562383957842,
    -1.250975640255));
#2577 = CARTESIAN_POINT('',(-20.38872076944,21.624324971993,
    -1.340715664991));
#2578 = CARTESIAN_POINT('',(-20.46291039994,21.688192295914,
    -1.42844245559));
#2579 = CARTESIAN_POINT('',(-20.53766262115,21.753681524265,
    -1.514394923085));
#2580 = CARTESIAN_POINT('',(-20.61289728506,21.820570781675,
    -1.598806144497));
#2581 = CARTESIAN_POINT('',(-20.83631393942,22.0217386381,
    -1.844039944913));
#2582 = CARTESIAN_POINT('',(-20.98557728052,22.159385947504,
    -2.000913279699));
#2583 = CARTESIAN_POINT('',(-21.13591150954,22.300388506973,
    -2.153834548563));
#2584 = CARTESIAN_POINT('',(-21.28705413112,22.444084618756,
    -2.303427773476));
#2585 = CARTESIAN_POINT('',(-21.43880804747,22.58995459433,
    -2.45021049975));
#2586 = CARTESIAN_POINT('',(-21.59105741332,22.737669419072,
    -2.594537452517));
#2587 = CARTESIAN_POINT('',(-21.74373343379,22.886982454294,
    -2.736729198002));
#2588 = CARTESIAN_POINT('',(-22.20512894888,23.341364727277,
    -3.159685687475));
#2589 = CARTESIAN_POINT('',(-22.51489668403,23.650650586602,
    -3.43458255852));
#2590 = CARTESIAN_POINT('',(-22.82567198635,23.9640294075,
    -3.703753563013));
#2591 = CARTESIAN_POINT('',(-23.13720892673,24.280709355902,
    -3.968151973661));
#2592 = CARTESIAN_POINT('',(-23.44932289752,24.600066374668,
    -4.228556982661));
#2593 = CARTESIAN_POINT('',(-23.76190597493,24.921705249099,
    -4.485489272686));
#2594 = CARTESIAN_POINT('',(-24.07489353549,25.245322439561,
    -4.739404067887));
#2595 = CARTESIAN_POINT('',(-24.57439052601,25.763982805933,
    -5.139909866545));
#2596 = CARTESIAN_POINT('',(-24.76063520018,25.95785883134,
    -5.288201992969));
#2597 = CARTESIAN_POINT('',(-24.94699029081,26.152297577652,
    -5.435621767803));
#2598 = CARTESIAN_POINT('',(-25.13344537248,26.347255617139,
    -5.58223074767));
#2599 = CARTESIAN_POINT('',(-25.31999158324,26.542695636629,
    -5.728082111676));
#2600 = CARTESIAN_POINT('',(-25.50662142052,26.738585377711,
    -5.873222315859));
#2601 = CARTESIAN_POINT('',(-25.69332853691,26.93489657694,
    -6.01769274764));
#2602 = CARTESIAN_POINT('',(-25.88010753606,27.131603906043,
    -6.161531380276));
#2603 = PCURVE('',#1673,#2604);
#2604 = DEFINITIONAL_REPRESENTATION('',(#2605),#2692);
#2605 = B_SPLINE_CURVE_WITH_KNOTS('',8,(#2606,#2607,#2608,#2609,#2610,
    #2611,#2612,#2613,#2614,#2615,#2616,#2617,#2618,#2619,#2620,#2621,
    #2622,#2623,#2624,#2625,#2626,#2627,#2628,#2629,#2630,#2631,#2632,
    #2633,#2634,#2635,#2636,#2637,#2638,#2639,#2640,#2641,#2642,#2643,
    #2644,#2645,#2646,#2647,#2648,#2649,#2650,#2651,#2652,#2653,#2654,
    #2655,#2656,#2657,#2658,#2659,#2660,#2661,#2662,#2663,#2664,#2665,
    #2666,#2667,#2668,#2669,#2670,#2671,#2672,#2673,#2674,#2675,#2676,
    #2677,#2678,#2679,#2680,#2681,#2682,#2683,#2684,#2685,#2686,#2687,
    #2688,#2689,#2690,#2691),.UNSPECIFIED.,.F.,.F.,(9,7,7,7,7,7,7,7,7,7,
    7,7,9),(0.,0.251212446598,0.374403866487,0.437544438489,
    0.461204972839,0.493701138834,0.506295465983,0.530805662598,
    0.549003173622,0.597941136813,0.693439037356,0.885769563401,1.),
  .UNSPECIFIED.);
#2606 = CARTESIAN_POINT('',(3.04910676597,0.));
#2607 = CARTESIAN_POINT('',(2.945340821773,0.666535521263));
#2608 = CARTESIAN_POINT('',(2.838010971569,1.332445915438));
#2609 = CARTESIAN_POINT('',(2.726640109106,1.997703680188));
#2610 = CARTESIAN_POINT('',(2.610611874308,2.662204545956));
#2611 = CARTESIAN_POINT('',(2.489197062929,3.325774647962));
#2612 = CARTESIAN_POINT('',(2.361281446275,3.988115154119));
#2613 = CARTESIAN_POINT('',(2.22548851427,4.648828343322));
#2614 = CARTESIAN_POINT('',(2.007096901663,5.630029246883));
#2615 = CARTESIAN_POINT('',(1.93267249296,5.952231837052));
#2616 = CARTESIAN_POINT('',(1.855335832268,6.27376075806));
#2617 = CARTESIAN_POINT('',(1.774647987607,6.594507970572));
#2618 = CARTESIAN_POINT('',(1.690093464878,6.914292364747));
#2619 = CARTESIAN_POINT('',(1.600897741975,7.232805837246));
#2620 = CARTESIAN_POINT('',(1.506105979605,7.549637742182));
#2621 = CARTESIAN_POINT('',(1.351299879424,8.025190018553));
#2622 = CARTESIAN_POINT('',(1.296887407276,8.185603826514));
#2623 = CARTESIAN_POINT('',(1.240238635726,8.345259610101));
#2624 = CARTESIAN_POINT('',(1.181007095939,8.504032971973));
#2625 = CARTESIAN_POINT('',(1.118797515464,8.661710799328));
#2626 = CARTESIAN_POINT('',(1.053021336944,8.817926398438));
#2627 = CARTESIAN_POINT('',(0.982969545572,8.972193574227));
#2628 = CARTESIAN_POINT('',(0.878751052892,9.180379895281));
#2629 = CARTESIAN_POINT('',(0.849543777426,9.236710893278));
#2630 = CARTESIAN_POINT('',(0.819458802024,9.292584131479));
#2631 = CARTESIAN_POINT('',(0.78840597247,9.347935556113));
#2632 = CARTESIAN_POINT('',(0.756284265634,9.402678376936));
#2633 = CARTESIAN_POINT('',(0.722975034674,9.45669910354));
#2634 = CARTESIAN_POINT('',(0.688327862064,9.509848938421));
#2635 = CARTESIAN_POINT('',(0.602436059977,9.633461115165));
#2636 = CARTESIAN_POINT('',(0.550342367194,9.702230295));
#2637 = CARTESIAN_POINT('',(0.49481092704,9.768695592295));
#2638 = CARTESIAN_POINT('',(0.434945055057,9.832281142272));
#2639 = CARTESIAN_POINT('',(0.370010282678,9.891400971209));
#2640 = CARTESIAN_POINT('',(0.29940108558,9.943415576646));
#2641 = CARTESIAN_POINT('',(0.222620404577,9.984609373169));
#2642 = CARTESIAN_POINT('',(0.107049554094,10.020224239427));
#2643 = CARTESIAN_POINT('',(7.392441020954E-02,10.027799350788));
#2644 = CARTESIAN_POINT('',(4.022900077072E-02,10.032671784267));
#2645 = CARTESIAN_POINT('',(6.23534752196E-03,10.034638059225));
#2646 = CARTESIAN_POINT('',(-2.778702995447E-02,10.033621335147));
#2647 = CARTESIAN_POINT('',(-6.15711142384E-02,10.029671411649));
#2648 = CARTESIAN_POINT('',(-9.485239007182E-02,10.022964728474));
#2649 = CARTESIAN_POINT('',(-0.190650088241,9.995977109217));
#2650 = CARTESIAN_POINT('',(-0.250738289663,9.968917541343));
#2651 = CARTESIAN_POINT('',(-0.307258689286,9.934573879972));
#2652 = CARTESIAN_POINT('',(-0.360228496894,9.894853282698));
#2653 = CARTESIAN_POINT('',(-0.409876192181,9.851331545413));
#2654 = CARTESIAN_POINT('',(-0.456539583478,9.805089780803));
#2655 = CARTESIAN_POINT('',(-0.500642624436,9.756678076519));
#2656 = CARTESIAN_POINT('',(-0.574014198587,9.668733412521));
#2657 = CARTESIAN_POINT('',(-0.604066764762,9.630253245241));
#2658 = CARTESIAN_POINT('',(-0.633044807898,9.59093615311));
#2659 = CARTESIAN_POINT('',(-0.661053601223,9.550915125485));
#2660 = CARTESIAN_POINT('',(-0.688179651639,9.5102944809));
#2661 = CARTESIAN_POINT('',(-0.714498789543,9.469155726223));
#2662 = CARTESIAN_POINT('',(-0.740080267313,9.427560413258));
#2663 = CARTESIAN_POINT('',(-0.83196735793,9.272572761588));
#2664 = CARTESIAN_POINT('',(-0.893994783486,9.156718157645));
#2665 = CARTESIAN_POINT('',(-0.952285913871,9.038858803896));
#2666 = CARTESIAN_POINT('',(-1.007440593367,8.919490640081));
#2667 = CARTESIAN_POINT('',(-1.059956569401,8.798986704921));
#2668 = CARTESIAN_POINT('',(-1.110179016159,8.677568970977));
#2669 = CARTESIAN_POINT('',(-1.158412941742,8.555367620191));
#2670 = CARTESIAN_POINT('',(-1.295653034903,8.192478819597));
#2671 = CARTESIAN_POINT('',(-1.379656293165,7.950034965166));
#2672 = CARTESIAN_POINT('',(-1.458659773356,7.705851700421));
#2673 = CARTESIAN_POINT('',(-1.533508677002,7.46035538851));
#2674 = CARTESIAN_POINT('',(-1.604891689309,7.213866169296));
#2675 = CARTESIAN_POINT('',(-1.673269348016,6.966572206703));
#2676 = CARTESIAN_POINT('',(-1.7390364188,6.718585242129));
#2677 = CARTESIAN_POINT('',(-1.930334932413,5.969154696967));
#2678 = CARTESIAN_POINT('',(-2.048766255024,5.466008491524));
#2679 = CARTESIAN_POINT('',(-2.160278419887,4.961225725703));
#2680 = CARTESIAN_POINT('',(-2.266070029015,4.455205854623));
#2681 = CARTESIAN_POINT('',(-2.367111008309,3.948248730781));
#2682 = CARTESIAN_POINT('',(-2.46404028148,3.440529651474));
#2683 = CARTESIAN_POINT('',(-2.557398703113,2.932153582645));
#2684 = CARTESIAN_POINT('',(-2.701184884719,2.12083598274));
#2685 = CARTESIAN_POINT('',(-2.753647644803,1.818324486349));
#2686 = CARTESIAN_POINT('',(-2.805081969717,1.515633643897));
#2687 = CARTESIAN_POINT('',(-2.85556200206,1.212780389081));
#2688 = CARTESIAN_POINT('',(-2.905151707697,0.909779116068));
#2689 = CARTESIAN_POINT('',(-2.953906823091,0.606642011086));
#2690 = CARTESIAN_POINT('',(-3.001876802632,0.303379384018));
#2691 = CARTESIAN_POINT('',(-3.049106765969,0.));
#2692 = ( GEOMETRIC_REPRESENTATION_CONTEXT(2) 
PARAMETRIC_REPRESENTATION_CONTEXT() REPRESENTATION_CONTEXT('2D SPACE',''
  ) );
#2693 = PCURVE('',#1543,#2694);
#2694 = DEFINITIONAL_REPRESENTATION('',(#2695),#2782);
#2695 = B_SPLINE_CURVE_WITH_KNOTS('',8,(#2696,#2697,#2698,#2699,#2700,
    #2701,#2702,#2703,#2704,#2705,#2706,#2707,#2708,#2709,#2710,#2711,
    #2712,#2713,#2714,#2715,#2716,#2717,#2718,#2719,#2720,#2721,#2722,
    #2723,#2724,#2725,#2726,#2727,#2728,#2729,#2730,#2731,#2732,#2733,
    #2734,#2735,#2736,#2737,#2738,#2739,#2740,#2741,#2742,#2743,#2744,
    #2745,#2746,#2747,#2748,#2749,#2750,#2751,#2752,#2753,#2754,#2755,
    #2756,#2757,#2758,#2759,#2760,#2761,#2762,#2763,#2764,#2765,#2766,
    #2767,#2768,#2769,#2770,#2771,#2772,#2773,#2774,#2775,#2776,#2777,
    #2778,#2779,#2780,#2781),.UNSPECIFIED.,.F.,.F.,(9,7,7,7,7,7,7,7,7,7,
    7,7,9),(0.,0.251212446598,0.374403866487,0.437544438489,
    0.461204972839,0.493701138834,0.506295465983,0.530805662598,
    0.549003173622,0.597941136813,0.693439037356,0.885769563401,1.),
  .UNSPECIFIED.);
#2696 = CARTESIAN_POINT('',(2.831748013843,0.));
#2697 = CARTESIAN_POINT('',(2.84163048473,2.109289624251E-02));
#2698 = CARTESIAN_POINT('',(2.851923850186,4.216600998222E-02));
#2699 = CARTESIAN_POINT('',(2.862680052794,6.321847089198E-02));
#2700 = CARTESIAN_POINT('',(2.873966048944,8.424697930247E-02));
#2701 = CARTESIAN_POINT('',(2.885861061993,0.105246033163));
#2702 = CARTESIAN_POINT('',(2.898485380037,0.126206175763));
#2703 = CARTESIAN_POINT('',(2.911987514299,0.147114820991));
#2704 = CARTESIAN_POINT('',(2.933875649874,0.178165482496));
#2705 = CARTESIAN_POINT('',(2.941360661884,0.188361766995));
#2706 = CARTESIAN_POINT('',(2.949165676385,0.19853673285));
#2707 = CARTESIAN_POINT('',(2.957337542056,0.208686961094));
#2708 = CARTESIAN_POINT('',(2.965931317228,0.218806720403));
#2709 = CARTESIAN_POINT('',(2.975029490325,0.228886260672));
#2710 = CARTESIAN_POINT('',(2.984733720042,0.238912586778));
#2711 = CARTESIAN_POINT('',(3.000642734878,0.253961709448));
#2712 = CARTESIAN_POINT('',(3.006244353105,0.259038095776));
#2713 = CARTESIAN_POINT('',(3.012086406236,0.264090493991));
#2714 = CARTESIAN_POINT('',(3.018205569129,0.269114967467));
#2715 = CARTESIAN_POINT('',(3.024643731321,0.274104772131));
#2716 = CARTESIAN_POINT('',(3.031463178293,0.279048303748));
#2717 = CARTESIAN_POINT('',(3.038738933646,0.2839301764));
#2718 = CARTESIAN_POINT('',(3.049583484018,0.290518351116));
#2719 = CARTESIAN_POINT('',(3.052624576399,0.292300977635));
#2720 = CARTESIAN_POINT('',(3.05575901105,0.294069118085));
#2721 = CARTESIAN_POINT('',(3.058996299856,0.295820745447));
#2722 = CARTESIAN_POINT('',(3.062347104653,0.297553113194));
#2723 = CARTESIAN_POINT('',(3.065823944905,0.299262629859));
#2724 = CARTESIAN_POINT('',(3.069442681475,0.300944586659));
#2725 = CARTESIAN_POINT('',(3.078419231765,0.304856364404));
#2726 = CARTESIAN_POINT('',(3.083867765254,0.307032604272));
#2727 = CARTESIAN_POINT('',(3.089680091916,0.309135936465));
#2728 = CARTESIAN_POINT('',(3.095950582817,0.311148137414));
#2729 = CARTESIAN_POINT('',(3.102756807861,0.313019018076));
#2730 = CARTESIAN_POINT('',(3.110162735406,0.314665049894));
#2731 = CARTESIAN_POINT('',(3.118220425901,0.31596865105));
#2732 = CARTESIAN_POINT('',(3.130352768639,0.317095703779));
#2733 = CARTESIAN_POINT('',(3.133830572064,0.317335422493));
#2734 = CARTESIAN_POINT('',(3.137368519938,0.317489613426));
#2735 = CARTESIAN_POINT('',(3.140937926742,0.317551837317));
#2736 = CARTESIAN_POINT('',(3.144510368448,0.317519662505));
#2737 = CARTESIAN_POINT('',(3.148057682521,0.317394664926));
#2738 = CARTESIAN_POINT('',(3.151551967919,0.317182428116));
#2739 = CARTESIAN_POINT('',(3.161608927538,0.316328389532));
#2740 = CARTESIAN_POINT('',(3.167915714137,0.315472074093));
#2741 = CARTESIAN_POINT('',(3.173845932621,0.314385249366));
#2742 = CARTESIAN_POINT('',(3.179401177071,0.31312826844));
#2743 = CARTESIAN_POINT('',(3.184605492445,0.311750998273));
#2744 = CARTESIAN_POINT('',(3.189494509143,0.310287651291));
#2745 = CARTESIAN_POINT('',(3.194112867597,0.308755635333));
#2746 = CARTESIAN_POINT('',(3.20179194337,0.305972576346));
#2747 = CARTESIAN_POINT('',(3.204935853209,0.304754849533));
#2748 = CARTESIAN_POINT('',(3.207965991953,0.303510637757));
#2749 = CARTESIAN_POINT('',(3.210893451548,0.302244149541));
#2750 = CARTESIAN_POINT('',(3.213727352362,0.300958686104));
#2751 = CARTESIAN_POINT('',(3.216475690488,0.299656826779));
#2752 = CARTESIAN_POINT('',(3.219145766331,0.298340519407));
#2753 = CARTESIAN_POINT('',(3.22873206124,0.293435846886));
#2754 = CARTESIAN_POINT('',(3.235194225193,0.289769561951));
#2755 = CARTESIAN_POINT('',(3.241258926528,0.286039835566));
#2756 = CARTESIAN_POINT('',(3.246989546627,0.282262362028));
#2757 = CARTESIAN_POINT('',(3.252438690148,0.278448946358));
#2758 = CARTESIAN_POINT('',(3.257642873503,0.274606613006));
#2759 = CARTESIAN_POINT('',(3.262634326707,0.270739481652));
#2760 = CARTESIAN_POINT('',(3.276817516746,0.259255658848));
#2761 = CARTESIAN_POINT('',(3.285473473115,0.251583384974));
#2762 = CARTESIAN_POINT('',(3.293591501121,0.243856066469));
#2763 = CARTESIAN_POINT('',(3.301261332963,0.236087195839));
#2764 = CARTESIAN_POINT('',(3.308556102519,0.228286904092));
#2765 = CARTESIAN_POINT('',(3.315524821808,0.220461145782));
#2766 = CARTESIAN_POINT('',(3.322209467152,0.212613457029));
#2767 = CARTESIAN_POINT('',(3.341601188684,0.188897300537));
#2768 = CARTESIAN_POINT('',(3.353533810261,0.172974952263));
#2769 = CARTESIAN_POINT('',(3.364705155163,0.157000814105));
#2770 = CARTESIAN_POINT('',(3.375243749442,0.140987527045));
#2771 = CARTESIAN_POINT('',(3.385253650067,0.124944580088));
#2772 = CARTESIAN_POINT('',(3.394803726088,0.108877520616));
#2773 = CARTESIAN_POINT('',(3.403952255056,9.278967033688E-02));
#2774 = CARTESIAN_POINT('',(3.417966719768,6.711506274494E-02));
#2775 = CARTESIAN_POINT('',(3.423062802086,5.754191412497E-02));
#2776 = CARTESIAN_POINT('',(3.428042242264,4.796308999674E-02));
#2777 = CARTESIAN_POINT('',(3.432913075758,3.837912623674E-02));
#2778 = CARTESIAN_POINT('',(3.437682249268,2.879047835658E-02));
#2779 = CARTESIAN_POINT('',(3.442355827778,1.919753199638E-02));
#2780 = CARTESIAN_POINT('',(3.446939201585,9.600613418302E-03));
#2781 = CARTESIAN_POINT('',(3.451437293337,0.));
#2782 = ( GEOMETRIC_REPRESENTATION_CONTEXT(2) 
PARAMETRIC_REPRESENTATION_CONTEXT() REPRESENTATION_CONTEXT('2D SPACE',''
  ) );
#2783 = ORIENTED_EDGE('',*,*,#2784,.F.);
#2784 = EDGE_CURVE('',#1379,#2511,#2785,.T.);
#2785 = SURFACE_CURVE('',#2786,(#2790,#2797),.PCURVE_S1.);
#2786 = LINE('',#2787,#2788);
#2787 = CARTESIAN_POINT('',(-25.88010753606,28.420212107339,
    -3.398102174772));
#2788 = VECTOR('',#2789,1.);
#2789 = DIRECTION('',(0.,0.422618261741,0.906307787037));
#2790 = PCURVE('',#1673,#2791);
#2791 = DEFINITIONAL_REPRESENTATION('',(#2792),#2796);
#2792 = LINE('',#2793,#2794);
#2793 = CARTESIAN_POINT('',(0.,0.));
#2794 = VECTOR('',#2795,1.);
#2795 = DIRECTION('',(1.,0.));
#2796 = ( GEOMETRIC_REPRESENTATION_CONTEXT(2) 
PARAMETRIC_REPRESENTATION_CONTEXT() REPRESENTATION_CONTEXT('2D SPACE',''
  ) );
#2797 = PCURVE('',#1417,#2798);
#2798 = DEFINITIONAL_REPRESENTATION('',(#2799),#2803);
#2799 = LINE('',#2800,#2801);
#2800 = CARTESIAN_POINT('',(-10.,-8.881784197001E-16));
#2801 = VECTOR('',#2802,1.);
#2802 = DIRECTION('',(-2.775557561563E-17,1.));
#2803 = ( GEOMETRIC_REPRESENTATION_CONTEXT(2) 
PARAMETRIC_REPRESENTATION_CONTEXT() REPRESENTATION_CONTEXT('2D SPACE',''
  ) );
#2804 = ORIENTED_EDGE('',*,*,#1658,.F.);
#2805 = ORIENTED_EDGE('',*,*,#2806,.F.);
#2806 = EDGE_CURVE('',#2513,#1631,#2807,.T.);
#2807 = SURFACE_CURVE('',#2808,(#2812,#2819),.PCURVE_S1.);
#2808 = LINE('',#2809,#2810);
#2809 = CARTESIAN_POINT('',(-25.88010753606,28.420212107339,
    -3.398102174772));
#2810 = VECTOR('',#2811,1.);
#2811 = DIRECTION('',(0.,0.422618261741,0.906307787037));
#2812 = PCURVE('',#1673,#2813);
#2813 = DEFINITIONAL_REPRESENTATION('',(#2814),#2818);
#2814 = LINE('',#2815,#2816);
#2815 = CARTESIAN_POINT('',(0.,0.));
#2816 = VECTOR('',#2817,1.);
#2817 = DIRECTION('',(1.,0.));
#2818 = ( GEOMETRIC_REPRESENTATION_CONTEXT(2) 
PARAMETRIC_REPRESENTATION_CONTEXT() REPRESENTATION_CONTEXT('2D SPACE',''
  ) );
#2819 = PCURVE('',#1646,#2820);
#2820 = DEFINITIONAL_REPRESENTATION('',(#2821),#2825);
#2821 = LINE('',#2822,#2823);
#2822 = CARTESIAN_POINT('',(-10.,-8.881784197001E-16));
#2823 = VECTOR('',#2824,1.);
#2824 = DIRECTION('',(-2.775557561563E-17,1.));
#2825 = ( GEOMETRIC_REPRESENTATION_CONTEXT(2) 
PARAMETRIC_REPRESENTATION_CONTEXT() REPRESENTATION_CONTEXT('2D SPACE',''
  ) );
#2826 = ADVANCED_FACE('',(#2827),#1646,.F.);
#2827 = FACE_BOUND('',#2828,.F.);
#2828 = EDGE_LOOP('',(#2829,#2830,#2831));
#2829 = ORIENTED_EDGE('',*,*,#2806,.T.);
#2830 = ORIENTED_EDGE('',*,*,#1630,.F.);
#2831 = ORIENTED_EDGE('',*,*,#2832,.T.);
#2832 = EDGE_CURVE('',#1430,#2513,#2833,.T.);
#2833 = SURFACE_CURVE('',#2834,(#2839,#2846),.PCURVE_S1.);
#2834 = ELLIPSE('',#2835,10.5,10.);
#2835 = AXIS2_PLACEMENT_3D('',#2836,#2837,#2838);
#2836 = CARTESIAN_POINT('',(-18.,34.,-6.));
#2837 = DIRECTION('',(0.615661475326,-0.714180282262,0.333027734922));
#2838 = DIRECTION('',(0.788010753607,0.557978789266,-0.260189782523));
#2839 = PCURVE('',#1646,#2840);
#2840 = DEFINITIONAL_REPRESENTATION('',(#2841),#2845);
#2841 = ELLIPSE('',#2842,10.5,10.);
#2842 = AXIS2_PLACEMENT_2D('',#2843,#2844);
#2843 = CARTESIAN_POINT('',(0.,0.));
#2844 = DIRECTION('',(1.,2.775557561563E-17));
#2845 = ( GEOMETRIC_REPRESENTATION_CONTEXT(2) 
PARAMETRIC_REPRESENTATION_CONTEXT() REPRESENTATION_CONTEXT('2D SPACE',''
  ) );
#2846 = PCURVE('',#1543,#2847);
#2847 = DEFINITIONAL_REPRESENTATION('',(#2848),#2852);
#2848 = LINE('',#2849,#2850);
#2849 = CARTESIAN_POINT('',(0.,0.));
#2850 = VECTOR('',#2851,1.);
#2851 = DIRECTION('',(1.,0.));
#2852 = ( GEOMETRIC_REPRESENTATION_CONTEXT(2) 
PARAMETRIC_REPRESENTATION_CONTEXT() REPRESENTATION_CONTEXT('2D SPACE',''
  ) );
#2853 = ADVANCED_FACE('',(#2854),#1543,.T.);
#2854 = FACE_BOUND('',#2855,.T.);
#2855 = EDGE_LOOP('',(#2856,#2857,#2879,#2880));
#2856 = ORIENTED_EDGE('',*,*,#2510,.F.);
#2857 = ORIENTED_EDGE('',*,*,#2858,.T.);
#2858 = EDGE_CURVE('',#2511,#1402,#2859,.T.);
#2859 = SURFACE_CURVE('',#2860,(#2865,#2872),.PCURVE_S1.);
#2860 = ELLIPSE('',#2861,10.5,10.);
#2861 = AXIS2_PLACEMENT_3D('',#2862,#2863,#2864);
#2862 = CARTESIAN_POINT('',(-18.,34.,-6.));
#2863 = DIRECTION('',(0.615661475326,-0.714180282262,0.333027734922));
#2864 = DIRECTION('',(0.788010753607,0.557978789266,-0.260189782523));
#2865 = PCURVE('',#1543,#2866);
#2866 = DEFINITIONAL_REPRESENTATION('',(#2867),#2871);
#2867 = LINE('',#2868,#2869);
#2868 = CARTESIAN_POINT('',(0.,0.));
#2869 = VECTOR('',#2870,1.);
#2870 = DIRECTION('',(1.,0.));
#2871 = ( GEOMETRIC_REPRESENTATION_CONTEXT(2) 
PARAMETRIC_REPRESENTATION_CONTEXT() REPRESENTATION_CONTEXT('2D SPACE',''
  ) );
#2872 = PCURVE('',#1417,#2873);
#2873 = DEFINITIONAL_REPRESENTATION('',(#2874),#2878);
#2874 = ELLIPSE('',#2875,10.5,10.);
#2875 = AXIS2_PLACEMENT_2D('',#2876,#2877);
#2876 = CARTESIAN_POINT('',(0.,0.));
#2877 = DIRECTION('',(1.,2.775557561563E-17));
#2878 = ( GEOMETRIC_REPRESENTATION_CONTEXT(2) 
PARAMETRIC_REPRESENTATION_CONTEXT() REPRESENTATION_CONTEXT('2D SPACE',''
  ) );
#2879 = ORIENTED_EDGE('',*,*,#1429,.T.);
#2880 = ORIENTED_EDGE('',*,*,#2832,.T.);
#2881 = ADVANCED_FACE('',(#2882),#1417,.F.);
#2882 = FACE_BOUND('',#2883,.F.);
#2883 = EDGE_LOOP('',(#2884,#2885,#2886));
#2884 = ORIENTED_EDGE('',*,*,#1401,.T.);
#2885 = ORIENTED_EDGE('',*,*,#2784,.T.);
#2886 = ORIENTED_EDGE('',*,*,#2858,.T.);
#2887 = ADVANCED_FACE('',(#2888),#2272,.T.);
#2888 = FACE_BOUND('',#2889,.T.);
#2889 = EDGE_LOOP('',(#2890,#2891,#2913,#2992,#3021,#3067,#3302,#3348,
    #3377,#3505,#3534,#3575,#3805,#3846,#3875,#3947));
#2890 = ORIENTED_EDGE('',*,*,#1880,.F.);
#2891 = ORIENTED_EDGE('',*,*,#2892,.T.);
#2892 = EDGE_CURVE('',#1881,#2893,#2895,.T.);
#2893 = VERTEX_POINT('',#2894);
#2894 = CARTESIAN_POINT('',(7.565681599605,17.599049269017,1.64788892688
    ));
#2895 = SEAM_CURVE('',#2896,(#2899,#2906),.PCURVE_S1.);
#2896 = B_SPLINE_CURVE_WITH_KNOTS('',1,(#2897,#2898),.UNSPECIFIED.,.F.,
  .F.,(2,2),(0.,1.),.PIECEWISE_BEZIER_KNOTS.);
#2897 = CARTESIAN_POINT('',(-9.725887087129,39.858777287294,
    -8.73199271649));
#2898 = CARTESIAN_POINT('',(8.487898596231,16.411863774709,
    2.201482614527));
#2899 = PCURVE('',#2272,#2900);
#2900 = DEFINITIONAL_REPRESENTATION('',(#2901),#2905);
#2901 = LINE('',#2902,#2903);
#2902 = CARTESIAN_POINT('',(0.,0.));
#2903 = VECTOR('',#2904,1.);
#2904 = DIRECTION('',(0.,1.));
#2905 = ( GEOMETRIC_REPRESENTATION_CONTEXT(2) 
PARAMETRIC_REPRESENTATION_CONTEXT() REPRESENTATION_CONTEXT('2D SPACE',''
  ) );
#2906 = PCURVE('',#2272,#2907);
#2907 = DEFINITIONAL_REPRESENTATION('',(#2908),#2912);
#2908 = LINE('',#2909,#2910);
#2909 = CARTESIAN_POINT('',(6.28318530718,0.));
#2910 = VECTOR('',#2911,1.);
#2911 = DIRECTION('',(0.,1.));
#2912 = ( GEOMETRIC_REPRESENTATION_CONTEXT(2) 
PARAMETRIC_REPRESENTATION_CONTEXT() REPRESENTATION_CONTEXT('2D SPACE',''
  ) );
#2913 = ORIENTED_EDGE('',*,*,#2914,.T.);
#2914 = EDGE_CURVE('',#2893,#2915,#2917,.T.);
#2915 = VERTEX_POINT('',#2916);
#2916 = CARTESIAN_POINT('',(8.362176483293,15.646652582505,
    0.792901783217));
#2917 = SURFACE_CURVE('',#2918,(#2939,#2963),.PCURVE_S1.);
#2918 = B_SPLINE_CURVE_WITH_KNOTS('',7,(#2919,#2920,#2921,#2922,#2923,
    #2924,#2925,#2926,#2927,#2928,#2929,#2930,#2931,#2932,#2933,#2934,
    #2935,#2936,#2937,#2938),.UNSPECIFIED.,.F.,.F.,(8,6,6,8),(0.,
    0.544677588453,0.794755090496,1.),.UNSPECIFIED.);
#2919 = CARTESIAN_POINT('',(7.565681599605,17.599049269017,1.64788892688
    ));
#2920 = CARTESIAN_POINT('',(7.565681599605,17.5159418083,1.469664402228)
  );
#2921 = CARTESIAN_POINT('',(7.577582091483,17.408791463484,
    1.302552573782));
#2922 = CARTESIAN_POINT('',(7.601397299086,17.279938075847,
    1.151660699174));
#2923 = CARTESIAN_POINT('',(7.636907184169,17.13312913541,1.020550146017
    ));
#2924 = CARTESIAN_POINT('',(7.68404499343,16.972673308627,0.911742859471
    ));
#2925 = CARTESIAN_POINT('',(7.742639342579,16.803274276934,
    0.826957956682));
#2926 = CARTESIAN_POINT('',(7.844029818626,16.550109852765,0.73970963006
    ));
#2927 = CARTESIAN_POINT('',(7.878246982231,16.469540367295,
    0.717509118175));
#2928 = CARTESIAN_POINT('',(7.914736060851,16.388506202912,
    0.700656813263));
#2929 = CARTESIAN_POINT('',(7.953441322359,16.307460153963,
    0.689225502323));
#2930 = CARTESIAN_POINT('',(7.994284904522,16.226859706907,
    0.683262147971));
#2931 = CARTESIAN_POINT('',(8.037158678423,16.147163069855,
    0.682784452268));
#2932 = CARTESIAN_POINT('',(8.118649665729,16.004531339415,
    0.691875275454));
#2933 = CARTESIAN_POINT('',(8.1566527724,15.941151232445,0.699658146887)
  );
#2934 = CARTESIAN_POINT('',(8.195841914218,15.87894074417,0.711116675901
    ));
#2935 = CARTESIAN_POINT('',(8.236117130119,15.818149955544,
    0.726225171082));
#2936 = CARTESIAN_POINT('',(8.277360278887,15.759020437856,
    0.744939381355));
#2937 = CARTESIAN_POINT('',(8.319433302368,15.701782525097,
    0.767194268793));
#2938 = CARTESIAN_POINT('',(8.362176488684,15.646652586323,
    0.792901781437));
#2939 = PCURVE('',#2272,#2940);
#2940 = DEFINITIONAL_REPRESENTATION('',(#2941),#2962);
#2941 = B_SPLINE_CURVE_WITH_KNOTS('',7,(#2942,#2943,#2944,#2945,#2946,
    #2947,#2948,#2949,#2950,#2951,#2952,#2953,#2954,#2955,#2956,#2957,
    #2958,#2959,#2960,#2961),.UNSPECIFIED.,.F.,.F.,(8,6,6,8),(0.,
    0.544677588453,0.794755090496,1.),.UNSPECIFIED.);
#2942 = CARTESIAN_POINT('',(6.28318530718,0.949367088608));
#2943 = CARTESIAN_POINT('',(6.260255017284,0.949367088608));
#2944 = CARTESIAN_POINT('',(6.237314290577,0.950259445069));
#2945 = CARTESIAN_POINT('',(6.214983507694,0.952045377834));
#2946 = CARTESIAN_POINT('',(6.193788602609,0.954673436955));
#2947 = CARTESIAN_POINT('',(6.174193479057,0.95807152166));
#2948 = CARTESIAN_POINT('',(6.156621896911,0.962148104178));
#2949 = CARTESIAN_POINT('',(6.134469185407,0.968925671817));
#2950 = CARTESIAN_POINT('',(6.127998520723,0.971179277549));
#2951 = CARTESIAN_POINT('',(6.12206206369,0.973544012911));
#2952 = CARTESIAN_POINT('',(6.116692900677,0.976009325725));
#2953 = CARTESIAN_POINT('',(6.111922084188,0.978563854449));
#2954 = CARTESIAN_POINT('',(6.10777781651,0.981195323175));
#2955 = CARTESIAN_POINT('',(6.101417689915,0.986102384163));
#2956 = CARTESIAN_POINT('',(6.098989232185,0.988357250728));
#2957 = CARTESIAN_POINT('',(6.09701293115,0.990647527845));
#2958 = CARTESIAN_POINT('',(6.09550038586,0.992965345229));
#2959 = CARTESIAN_POINT('',(6.094460652188,0.995302475119));
#2960 = CARTESIAN_POINT('',(6.09389977159,0.997650336611));
#2961 = CARTESIAN_POINT('',(6.093820299848,1.));
#2962 = ( GEOMETRIC_REPRESENTATION_CONTEXT(2) 
PARAMETRIC_REPRESENTATION_CONTEXT() REPRESENTATION_CONTEXT('2D SPACE',''
  ) );
#2963 = PCURVE('',#2964,#2969);
#2964 = CYLINDRICAL_SURFACE('',#2965,1.6);
#2965 = AXIS2_PLACEMENT_3D('',#2966,#2967,#2968);
#2966 = CARTESIAN_POINT('',(-11.94128019102,1.946263662984,
    8.946902726431));
#2967 = DIRECTION('',(0.788010753607,0.557978789266,-0.260189782523));
#2968 = DIRECTION('',(0.,0.422618261741,0.906307787037));
#2969 = DEFINITIONAL_REPRESENTATION('',(#2970),#2991);
#2970 = B_SPLINE_CURVE_WITH_KNOTS('',7,(#2971,#2972,#2973,#2974,#2975,
    #2976,#2977,#2978,#2979,#2980,#2981,#2982,#2983,#2984,#2985,#2986,
    #2987,#2988,#2989,#2990),.UNSPECIFIED.,.F.,.F.,(8,6,6,8),(0.,
    0.544677588453,0.794755090496,1.),.UNSPECIFIED.);
#2971 = CARTESIAN_POINT('',(4.712388980385,26.004746835443));
#2972 = CARTESIAN_POINT('',(4.589483352185,26.004746835443));
#2973 = CARTESIAN_POINT('',(4.466522300582,25.997817721646));
#2974 = CARTESIAN_POINT('',(4.34398057938,25.983947428149));
#2975 = CARTESIAN_POINT('',(4.22183661019,25.964126950927));
#2976 = CARTESIAN_POINT('',(4.100028290392,25.940051647791));
#2977 = CARTESIAN_POINT('',(3.978406444929,25.913763723833));
#2978 = CARTESIAN_POINT('',(3.801089485845,25.875101253516));
#2979 = CARTESIAN_POINT('',(3.745285139371,25.862885028801));
#2980 = CARTESIAN_POINT('',(3.689447009489,25.85080826776));
#2981 = CARTESIAN_POINT('',(3.633553106306,25.83906076409));
#2982 = CARTESIAN_POINT('',(3.577585235831,25.827824210059));
#2983 = CARTESIAN_POINT('',(3.521530824535,25.817264463432));
#2984 = CARTESIAN_POINT('',(3.419304240311,25.799529418181));
#2985 = CARTESIAN_POINT('',(3.37316097118,25.792086495932));
#2986 = CARTESIAN_POINT('',(3.32695578646,25.78527443601));
#2987 = CARTESIAN_POINT('',(3.280690374528,25.779160692532));
#2988 = CARTESIAN_POINT('',(3.234368710664,25.773798474283));
#2989 = CARTESIAN_POINT('',(3.187998505521,25.769224433639));
#2990 = CARTESIAN_POINT('',(3.14159265359,25.765456355487));
#2991 = ( GEOMETRIC_REPRESENTATION_CONTEXT(2) 
PARAMETRIC_REPRESENTATION_CONTEXT() REPRESENTATION_CONTEXT('2D SPACE',''
  ) );
#2992 = ORIENTED_EDGE('',*,*,#2993,.F.);
#2993 = EDGE_CURVE('',#2994,#2915,#2996,.T.);
#2994 = VERTEX_POINT('',#2995);
#2995 = CARTESIAN_POINT('',(8.152994025948,15.079405813226,
    -3.685156318019E-02));
#2996 = SURFACE_CURVE('',#2997,(#3002,#3009),.PCURVE_S1.);
#2997 = ELLIPSE('',#2998,8.925,8.5);
#2998 = AXIS2_PLACEMENT_3D('',#2999,#3000,#3001);
#2999 = CARTESIAN_POINT('',(1.454902620291,11.431903080508,
    4.523676423543));
#3000 = DIRECTION('',(0.615661475326,-0.714180282262,0.333027734922));
#3001 = DIRECTION('',(0.788010753607,0.557978789266,-0.260189782523));
#3002 = PCURVE('',#2272,#3003);
#3003 = DEFINITIONAL_REPRESENTATION('',(#3004),#3008);
#3004 = LINE('',#3005,#3006);
#3005 = CARTESIAN_POINT('',(0.,1.));
#3006 = VECTOR('',#3007,1.);
#3007 = DIRECTION('',(1.,0.));
#3008 = ( GEOMETRIC_REPRESENTATION_CONTEXT(2) 
PARAMETRIC_REPRESENTATION_CONTEXT() REPRESENTATION_CONTEXT('2D SPACE',''
  ) );
#3009 = PCURVE('',#3010,#3015);
#3010 = PLANE('',#3011);
#3011 = AXIS2_PLACEMENT_3D('',#3012,#3013,#3014);
#3012 = CARTESIAN_POINT('',(1.454902620291,11.431903080508,
    4.523676423543));
#3013 = DIRECTION('',(0.615661475326,-0.714180282262,0.333027734922));
#3014 = DIRECTION('',(0.788010753607,0.557978789266,-0.260189782523));
#3015 = DEFINITIONAL_REPRESENTATION('',(#3016),#3020);
#3016 = ELLIPSE('',#3017,8.925,8.5);
#3017 = AXIS2_PLACEMENT_2D('',#3018,#3019);
#3018 = CARTESIAN_POINT('',(0.,0.));
#3019 = DIRECTION('',(1.,2.775557561563E-17));
#3020 = ( GEOMETRIC_REPRESENTATION_CONTEXT(2) 
PARAMETRIC_REPRESENTATION_CONTEXT() REPRESENTATION_CONTEXT('2D SPACE',''
  ) );
#3021 = ORIENTED_EDGE('',*,*,#3022,.F.);
#3022 = EDGE_CURVE('',#3023,#2994,#3025,.T.);
#3023 = VERTEX_POINT('',#3024);
#3024 = CARTESIAN_POINT('',(3.142914345753,20.437570635981,
    -3.719756920338));
#3025 = SURFACE_CURVE('',#3026,(#3036,#3049),.PCURVE_S1.);
#3026 = B_SPLINE_CURVE_WITH_KNOTS('',8,(#3027,#3028,#3029,#3030,#3031,
    #3032,#3033,#3034,#3035),.UNSPECIFIED.,.F.,.F.,(9,9),(0.,1.),
  .PIECEWISE_BEZIER_KNOTS.);
#3027 = CARTESIAN_POINT('',(2.658215358666,20.961922561604,
    -4.063239898845));
#3028 = CARTESIAN_POINT('',(3.346586876011,20.216704311788,
    -3.576563672957));
#3029 = CARTESIAN_POINT('',(4.034654442723,19.473499575048,
    -3.086489999202));
#3030 = CARTESIAN_POINT('',(4.722400890748,18.732548783108,
    -2.592555265255));
#3031 = CARTESIAN_POINT('',(5.409775014913,17.994195539772,
    -2.094177690363));
#3032 = CARTESIAN_POINT('',(6.096693669308,17.258877469661,
    -1.590670601192));
#3033 = CARTESIAN_POINT('',(6.783018256335,16.527265936883,
    -1.08101400944));
#3034 = CARTESIAN_POINT('',(7.468563265396,15.800217825509,
    -0.563932158669));
#3035 = CARTESIAN_POINT('',(8.152994025948,15.079405807981,
    -3.685157442912E-02));
#3036 = PCURVE('',#2272,#3037);
#3037 = DEFINITIONAL_REPRESENTATION('',(#3038),#3048);
#3038 = B_SPLINE_CURVE_WITH_KNOTS('',8,(#3039,#3040,#3041,#3042,#3043,
    #3044,#3045,#3046,#3047),.UNSPECIFIED.,.F.,.F.,(9,9),(0.,1.),
  .PIECEWISE_BEZIER_KNOTS.);
#3039 = CARTESIAN_POINT('',(5.848888584573,0.717563291139));
#3040 = CARTESIAN_POINT('',(5.861711353128,0.752946224212));
#3041 = CARTESIAN_POINT('',(5.875107901725,0.78831353394));
#3042 = CARTESIAN_POINT('',(5.889148261556,0.823664337871));
#3043 = CARTESIAN_POINT('',(5.903920879823,0.858996004011));
#3044 = CARTESIAN_POINT('',(5.919533557359,0.894304258583));
#3045 = CARTESIAN_POINT('',(5.93614349372,0.929581977543));
#3046 = CARTESIAN_POINT('',(5.95394919177,0.964819625474));
#3047 = CARTESIAN_POINT('',(5.973340667273,1.));
#3048 = ( GEOMETRIC_REPRESENTATION_CONTEXT(2) 
PARAMETRIC_REPRESENTATION_CONTEXT() REPRESENTATION_CONTEXT('2D SPACE',''
  ) );
#3049 = PCURVE('',#3050,#3055);
#3050 = PLANE('',#3051);
#3051 = AXIS2_PLACEMENT_3D('',#3052,#3053,#3054);
#3052 = CARTESIAN_POINT('',(8.152994025948,16.17472278927,2.312063272099
    ));
#3053 = DIRECTION('',(0.788010753607,0.557978789266,-0.260189782523));
#3054 = DIRECTION('',(0.,0.422618261741,0.906307787037));
#3055 = DEFINITIONAL_REPRESENTATION('',(#3056),#3066);
#3056 = B_SPLINE_CURVE_WITH_KNOTS('',8,(#3057,#3058,#3059,#3060,#3061,
    #3062,#3063,#3064,#3065),.UNSPECIFIED.,.F.,.F.,(9,9),(0.,1.),
  .PIECEWISE_BEZIER_KNOTS.);
#3057 = CARTESIAN_POINT('',(-3.754828862157,-8.925));
#3058 = CARTESIAN_POINT('',(-3.628693250224,-7.806899314911));
#3059 = CARTESIAN_POINT('',(-3.498627557436,-6.689292327486));
#3060 = CARTESIAN_POINT('',(-3.364109997498,-5.572206923269));
#3061 = CARTESIAN_POINT('',(-3.224468084737,-4.455726273248));
#3062 = CARTESIAN_POINT('',(-3.07889453361,-3.339985428766));
#3063 = CARTESIAN_POINT('',(-2.926181190043,-2.225209509639));
#3064 = CARTESIAN_POINT('',(-2.764809691185,-1.111699835028));
#3065 = CARTESIAN_POINT('',(-2.591740775182,-2.620126338115E-13));
#3066 = ( GEOMETRIC_REPRESENTATION_CONTEXT(2) 
PARAMETRIC_REPRESENTATION_CONTEXT() REPRESENTATION_CONTEXT('2D SPACE',''
  ) );
#3067 = ORIENTED_EDGE('',*,*,#3068,.T.);
#3068 = EDGE_CURVE('',#3023,#3069,#3071,.T.);
#3069 = VERTEX_POINT('',#3070);
#3070 = CARTESIAN_POINT('',(-10.25326846542,10.951931218082,
    0.703469382169));
#3071 = SURFACE_CURVE('',#3072,(#3145,#3221),.PCURVE_S1.);
#3072 = B_SPLINE_CURVE_WITH_KNOTS('',8,(#3073,#3074,#3075,#3076,#3077,
    #3078,#3079,#3080,#3081,#3082,#3083,#3084,#3085,#3086,#3087,#3088,
    #3089,#3090,#3091,#3092,#3093,#3094,#3095,#3096,#3097,#3098,#3099,
    #3100,#3101,#3102,#3103,#3104,#3105,#3106,#3107,#3108,#3109,#3110,
    #3111,#3112,#3113,#3114,#3115,#3116,#3117,#3118,#3119,#3120,#3121,
    #3122,#3123,#3124,#3125,#3126,#3127,#3128,#3129,#3130,#3131,#3132,
    #3133,#3134,#3135,#3136,#3137,#3138,#3139,#3140,#3141,#3142,#3143,
    #3144),.UNSPECIFIED.,.F.,.F.,(9,7,7,7,7,7,7,7,7,7,9),(0.,
    7.611661330177E-02,0.284470739492,0.36277516276,0.463020675918,
    0.509852780364,0.56780124508,0.649167744316,0.716374042016,
    0.924208123087,1.),.UNSPECIFIED.);
#3073 = CARTESIAN_POINT('',(3.142914485836,20.437571863846,
    -3.719756168927));
#3074 = CARTESIAN_POINT('',(3.117879898763,20.218137135928,
    -3.854042647149));
#3075 = CARTESIAN_POINT('',(3.091542629558,19.995588773824,
    -3.978967295038));
#3076 = CARTESIAN_POINT('',(3.06400284428,19.770518485019,
    -4.094923787403));
#3077 = CARTESIAN_POINT('',(3.035349017876,19.543446657357,
    -4.202305925577));
#3078 = CARTESIAN_POINT('',(3.005657017078,19.314821802223,
    -4.301503203339));
#3079 = CARTESIAN_POINT('',(2.974989183303,19.085019997714,
    -4.392896372848));
#3080 = CARTESIAN_POINT('',(2.943393415551,18.854344331816,
    -4.47685301057));
#3081 = CARTESIAN_POINT('',(2.821964143411,17.989831780749,
    -4.764139654821));
#3082 = CARTESIAN_POINT('',(2.726460922967,17.352844242705,
    -4.92111576067));
#3083 = CARTESIAN_POINT('',(2.624971385109,16.715906698122,
    -5.032410966687));
#3084 = CARTESIAN_POINT('',(2.517612995386,16.082258773527,
    -5.103127338427));
#3085 = CARTESIAN_POINT('',(2.404176535587,15.454481260016,
    -5.137713577361));
#3086 = CARTESIAN_POINT('',(2.283793382286,14.834662736823,
    -5.13978117241));
#3087 = CARTESIAN_POINT('',(2.15498245599,14.224404466614,
    -5.112452895994));
#3088 = CARTESIAN_POINT('',(1.961009218531,13.400640597799,
    -5.038213383068));
#3089 = CARTESIAN_POINT('',(1.90633172303,13.177367726542,
    -5.014183496398));
#3090 = CARTESIAN_POINT('',(1.849776331425,12.955982347992,
    -4.986560880095));
#3091 = CARTESIAN_POINT('',(1.791119100578,12.736659562392,
    -4.95550250471));
#3092 = CARTESIAN_POINT('',(1.730090642119,12.519614478731,
    -4.921170387304));
#3093 = CARTESIAN_POINT('',(1.66636080591,12.30511038789,-4.883737633243
    ));
#3094 = CARTESIAN_POINT('',(1.599516202911,12.09347139881,
    -4.843394752573));
#3095 = CARTESIAN_POINT('',(1.438794685409,11.61834137416,
    -4.745258256546));
#3096 = CARTESIAN_POINT('',(1.3426564624,11.357132982016,-4.685782566788
    ));
#3097 = CARTESIAN_POINT('',(1.239453602321,11.102073181643,
    -4.622343031855));
#3098 = CARTESIAN_POINT('',(1.127781645708,10.854313808967,
    -4.555459258859));
#3099 = CARTESIAN_POINT('',(1.005989152189,10.615535894358,
    -4.48582016947));
#3100 = CARTESIAN_POINT('',(0.872032340776,10.388036744102,
    -4.414353512521));
#3101 = CARTESIAN_POINT('',(0.723642142293,10.174594204347,
    -4.342171047689));
#3102 = CARTESIAN_POINT('',(0.482459963843,9.885825272417,
    -4.236663726618));
#3103 = CARTESIAN_POINT('',(0.402201506162,9.797539538275,
    -4.203140446358));
#3104 = CARTESIAN_POINT('',(0.318368746087,9.713222269946,
    -4.169807484546));
#3105 = CARTESIAN_POINT('',(0.230885173528,9.633153263104,
    -4.136776250466));
#3106 = CARTESIAN_POINT('',(0.139732149969,9.557563656802,
    -4.104140514055));
#3107 = CARTESIAN_POINT('',(4.49640342698E-02,9.486619859679,
    -4.071969746606));
#3108 = CARTESIAN_POINT('',(-5.328344824951E-02,9.420414769742,
    -4.040306641791));
#3109 = CARTESIAN_POINT('',(-0.280394344806,9.282932010936,
    -3.970639924029));
#3110 = CARTESIAN_POINT('',(-0.411014151511,9.214165693423,
    -3.93290779814));
#3111 = CARTESIAN_POINT('',(-0.54626673493,9.152693297424,
    -3.895999803743));
#3112 = CARTESIAN_POINT('',(-0.685681256814,9.098313984567,
    -3.859855631179));
#3113 = CARTESIAN_POINT('',(-0.82873849475,9.050665408461,
    -3.824347118815));
#3114 = CARTESIAN_POINT('',(-0.974921250538,9.009302214954,
    -3.789309512719));
#3115 = CARTESIAN_POINT('',(-1.123756947609,8.973760946129,
    -3.754568289447));
#3116 = CARTESIAN_POINT('',(-1.486960142476,8.901213306155,
    -3.671331410681));
#3117 = CARTESIAN_POINT('',(-1.703471921032,8.869426048987,
    -3.622958541957));
#3118 = CARTESIAN_POINT('',(-1.923382400169,8.846920458539,
    -3.574298506235));
#3119 = CARTESIAN_POINT('',(-2.145834932997,8.832508605277,
    -3.524849863847));
#3120 = CARTESIAN_POINT('',(-2.370144489682,8.82520295896,
    -3.474184715118));
#3121 = CARTESIAN_POINT('',(-2.595792557331,8.824204565385,
    -3.421941023983));
#3122 = CARTESIAN_POINT('',(-2.822405752728,8.828860230134,
    -3.367793698316));
#3123 = CARTESIAN_POINT('',(-3.237529402962,8.846746199341,
    -3.264888570583));
#3124 = CARTESIAN_POINT('',(-3.425759462847,8.858341004113,
    -3.216844591502));
#3125 = CARTESIAN_POINT('',(-3.614268372404,8.873144712859,
    -3.167143957848));
#3126 = CARTESIAN_POINT('',(-3.802907107579,8.890918753467,
    -3.115645505295));
#3127 = CARTESIAN_POINT('',(-3.991545015631,8.911468649031,
    -3.062222790846));
#3128 = CARTESIAN_POINT('',(-4.180066361741,8.934634453718,
    -3.006759355563));
#3129 = CARTESIAN_POINT('',(-4.368367749903,8.960284212849,
    -2.949144753951));
#3130 = CARTESIAN_POINT('',(-5.137707473535,9.074980995479,
    -2.704114090749));
#3131 = CARTESIAN_POINT('',(-5.715271623553,9.184259379341,
    -2.497607186528));
#3132 = CARTESIAN_POINT('',(-6.287123773324,9.312976990275,
    -2.266422395879));
#3133 = CARTESIAN_POINT('',(-6.850945449468,9.460153339236,
    -2.007733313181));
#3134 = CARTESIAN_POINT('',(-7.4036416221,9.62529929992,-1.718682581588)
  );
#3135 = CARTESIAN_POINT('',(-7.941182821113,9.808552380915,
    -1.396103586162));
#3136 = CARTESIAN_POINT('',(-8.458615199028,10.010276472839,
    -1.036591086805));
#3137 = CARTESIAN_POINT('',(-9.128185121691,10.312548346086,
    -0.488311117954));
#3138 = CARTESIAN_POINT('',(-9.30344248933,10.395904636112,
    -0.336264364538));
#3139 = CARTESIAN_POINT('',(-9.47468140953,10.481885712424,
    -0.178465007218));
#3140 = CARTESIAN_POINT('',(-9.641477229151,10.570525554599,
    -1.470553239837E-02));
#3141 = CARTESIAN_POINT('',(-9.803333302453,10.661847243731,
    0.155206001716));
#3142 = CARTESIAN_POINT('',(-9.959683494567,10.75586110766,
    0.331442710118));
#3143 = CARTESIAN_POINT('',(-10.10989468496,10.8525628662,0.514155626011
    ));
#3144 = CARTESIAN_POINT('',(-10.25326927095,10.951931776372,
    0.703470445807));
#3145 = PCURVE('',#2272,#3146);
#3146 = DEFINITIONAL_REPRESENTATION('',(#3147),#3220);
#3147 = B_SPLINE_CURVE_WITH_KNOTS('',8,(#3148,#3149,#3150,#3151,#3152,
    #3153,#3154,#3155,#3156,#3157,#3158,#3159,#3160,#3161,#3162,#3163,
    #3164,#3165,#3166,#3167,#3168,#3169,#3170,#3171,#3172,#3173,#3174,
    #3175,#3176,#3177,#3178,#3179,#3180,#3181,#3182,#3183,#3184,#3185,
    #3186,#3187,#3188,#3189,#3190,#3191,#3192,#3193,#3194,#3195,#3196,
    #3197,#3198,#3199,#3200,#3201,#3202,#3203,#3204,#3205,#3206,#3207,
    #3208,#3209,#3210,#3211,#3212,#3213,#3214,#3215,#3216,#3217,#3218,
    #3219),.UNSPECIFIED.,.F.,.F.,(9,7,7,7,7,7,7,7,7,7,9),(0.,
    7.611661330177E-02,0.284470739492,0.36277516276,0.463020675918,
    0.509852780364,0.56780124508,0.649167744316,0.716374042016,
    0.924208123087,1.),.UNSPECIFIED.);
#3148 = CARTESIAN_POINT('',(5.858046037884,0.742477250557));
#3149 = CARTESIAN_POINT('',(5.831322562569,0.745533643071));
#3150 = CARTESIAN_POINT('',(5.805072638643,0.748733688562));
#3151 = CARTESIAN_POINT('',(5.77927725133,0.752061816713));
#3152 = CARTESIAN_POINT('',(5.753917035146,0.755503839962));
#3153 = CARTESIAN_POINT('',(5.728971788275,0.759046994957));
#3154 = CARTESIAN_POINT('',(5.704419986954,0.762679983995));
#3155 = CARTESIAN_POINT('',(5.680238299849,0.766393016473));
#3156 = CARTESIAN_POINT('',(5.591151504195,0.780538082058));
#3157 = CARTESIAN_POINT('',(5.528589347917,0.791419376019));
#3158 = CARTESIAN_POINT('',(5.468084412531,0.802664333183));
#3159 = CARTESIAN_POINT('',(5.409270276436,0.814148254573));
#3160 = CARTESIAN_POINT('',(5.35181727741,0.825761852257));
#3161 = CARTESIAN_POINT('',(5.295422442445,0.837402938699));
#3162 = CARTESIAN_POINT('',(5.239757318449,0.84897355809));
#3163 = CARTESIAN_POINT('',(5.163561372179,0.864594377066));
#3164 = CARTESIAN_POINT('',(5.142798726252,0.868828455338));
#3165 = CARTESIAN_POINT('',(5.122067034401,0.873021151339));
#3166 = CARTESIAN_POINT('',(5.101346347722,0.877162490328));
#3167 = CARTESIAN_POINT('',(5.080616434281,0.881240654747));
#3168 = CARTESIAN_POINT('',(5.059855898596,0.88524143742));
#3169 = CARTESIAN_POINT('',(5.039041045136,0.889147451478));
#3170 = CARTESIAN_POINT('',(4.991392659737,0.89778861045));
#3171 = CARTESIAN_POINT('',(4.964526409483,0.902445836312));
#3172 = CARTESIAN_POINT('',(4.937465848347,0.906868234406));
#3173 = CARTESIAN_POINT('',(4.910150945107,0.910996933411));
#3174 = CARTESIAN_POINT('',(4.882538650418,0.914754505576));
#3175 = CARTESIAN_POINT('',(4.854597211201,0.918039433997));
#3176 = CARTESIAN_POINT('',(4.826311155212,0.920733012716));
#3177 = CARTESIAN_POINT('',(4.784348909852,0.923672359731));
#3178 = CARTESIAN_POINT('',(4.770923832952,0.924457298723));
#3179 = CARTESIAN_POINT('',(4.757445510351,0.925080904119));
#3180 = CARTESIAN_POINT('',(4.743925636015,0.925534187588));
#3181 = CARTESIAN_POINT('',(4.730377440878,0.925810573879));
#3182 = CARTESIAN_POINT('',(4.716815827722,0.925906628972));
#3183 = CARTESIAN_POINT('',(4.703257484897,0.925822447701));
#3184 = CARTESIAN_POINT('',(4.672971363342,0.92523906147));
#3185 = CARTESIAN_POINT('',(4.656251900473,0.924646017468));
#3186 = CARTESIAN_POINT('',(4.639594481818,0.923789180565));
#3187 = CARTESIAN_POINT('',(4.62302203352,0.922682898752));
#3188 = CARTESIAN_POINT('',(4.606549758093,0.921346827955));
#3189 = CARTESIAN_POINT('',(4.590186469945,0.919802846332));
#3190 = CARTESIAN_POINT('',(4.573935648784,0.918072474795));
#3191 = CARTESIAN_POINT('',(4.535133627475,0.91351304658));
#3192 = CARTESIAN_POINT('',(4.512693706926,0.910522963611));
#3193 = CARTESIAN_POINT('',(4.490454785151,0.907259918687));
#3194 = CARTESIAN_POINT('',(4.468391780579,0.903772734391));
#3195 = CARTESIAN_POINT('',(4.446478705198,0.90010158552));
#3196 = CARTESIAN_POINT('',(4.424688127225,0.896278446561));
#3197 = CARTESIAN_POINT('',(4.402989307514,0.892328780835));
#3198 = CARTESIAN_POINT('',(4.363471296952,0.884921211725));
#3199 = CARTESIAN_POINT('',(4.345638679896,0.881498211731));
#3200 = CARTESIAN_POINT('',(4.327833121769,0.87801471487));
#3201 = CARTESIAN_POINT('',(4.31004020902,0.874480504163));
#3202 = CARTESIAN_POINT('',(4.292246653619,0.87090385298));
#3203 = CARTESIAN_POINT('',(4.274439797831,0.867291858398));
#3204 = CARTESIAN_POINT('',(4.256607219345,0.863650681107));
#3205 = CARTESIAN_POINT('',(4.18347141233,0.848651788604));
#3206 = CARTESIAN_POINT('',(4.127916501812,0.837105714643));
#3207 = CARTESIAN_POINT('',(4.071628988087,0.825491664936));
#3208 = CARTESIAN_POINT('',(4.014282312042,0.813906756957));
#3209 = CARTESIAN_POINT('',(3.955575175993,0.802452458873));
#3210 = CARTESIAN_POINT('',(3.895179664669,0.791237541387));
#3211 = CARTESIAN_POINT('',(3.832731226215,0.780386183262));
#3212 = CARTESIAN_POINT('',(3.743853358226,0.766287683831));
#3213 = CARTESIAN_POINT('',(3.719760724748,0.762591644515));
#3214 = CARTESIAN_POINT('',(3.6953005212,0.758975200431));
#3215 = CARTESIAN_POINT('',(3.670449703816,0.755448044073));
#3216 = CARTESIAN_POINT('',(3.645187013603,0.752021352767));
#3217 = CARTESIAN_POINT('',(3.619492501853,0.748707747514));
#3218 = CARTESIAN_POINT('',(3.59334705566,0.745521251825));
#3219 = CARTESIAN_POINT('',(3.566731923428,0.742477250564));
#3220 = ( GEOMETRIC_REPRESENTATION_CONTEXT(2) 
PARAMETRIC_REPRESENTATION_CONTEXT() REPRESENTATION_CONTEXT('2D SPACE',''
  ) );
#3221 = PCURVE('',#3222,#3227);
#3222 = CYLINDRICAL_SURFACE('',#3223,8.925);
#3223 = AXIS2_PLACEMENT_3D('',#3224,#3225,#3226);
#3224 = CARTESIAN_POINT('',(-5.243188785366,6.689083371746,
    6.735289574987));
#3225 = DIRECTION('',(0.788010753607,0.557978789266,-0.260189782523));
#3226 = DIRECTION('',(0.,0.422618261741,0.906307787037));
#3227 = DEFINITIONAL_REPRESENTATION('',(#3228),#3301);
#3228 = B_SPLINE_CURVE_WITH_KNOTS('',8,(#3229,#3230,#3231,#3232,#3233,
    #3234,#3235,#3236,#3237,#3238,#3239,#3240,#3241,#3242,#3243,#3244,
    #3245,#3246,#3247,#3248,#3249,#3250,#3251,#3252,#3253,#3254,#3255,
    #3256,#3257,#3258,#3259,#3260,#3261,#3262,#3263,#3264,#3265,#3266,
    #3267,#3268,#3269,#3270,#3271,#3272,#3273,#3274,#3275,#3276,#3277,
    #3278,#3279,#3280,#3281,#3282,#3283,#3284,#3285,#3286,#3287,#3288,
    #3289,#3290,#3291,#3292,#3293,#3294,#3295,#3296,#3297,#3298,#3299,
    #3300),.UNSPECIFIED.,.F.,.F.,(9,7,7,7,7,7,7,7,7,7,9),(0.,
    7.611661330177E-02,0.284470739492,0.36277516276,0.463020675918,
    0.509852780364,0.56780124508,0.649167744316,0.716374042016,
    0.924208123087,1.),.UNSPECIFIED.);
#3229 = CARTESIAN_POINT('',(10.57239814238,17.0000006));
#3230 = CARTESIAN_POINT('',(10.546046531162,16.892773121932));
#3231 = CARTESIAN_POINT('',(10.520218420617,16.780345921904));
#3232 = CARTESIAN_POINT('',(10.494897682777,16.663230522236));
#3233 = CARTESIAN_POINT('',(10.470067703251,16.541889470601));
#3234 = CARTESIAN_POINT('',(10.445711057477,16.41673415294));
#3235 = CARTESIAN_POINT('',(10.421809186963,16.288122606383));
#3236 = CARTESIAN_POINT('',(10.398342075534,16.156357332165));
#3237 = CARTESIAN_POINT('',(10.312181764388,15.653039142856));
#3238 = CARTESIAN_POINT('',(10.252272765514,15.263199621729));
#3239 = CARTESIAN_POINT('',(10.195009186257,14.856785010003));
#3240 = CARTESIAN_POINT('',(10.140129491862,14.437023020009));
#3241 = CARTESIAN_POINT('',(10.08743713453,14.006346318905));
#3242 = CARTESIAN_POINT('',(10.036844727016,13.566175477522));
#3243 = CARTESIAN_POINT('',(9.988319570765,13.117049373369));
#3244 = CARTESIAN_POINT('',(9.924686649173,12.485237247455));
#3245 = CARTESIAN_POINT('',(9.907635184778,12.311316935653));
#3246 = CARTESIAN_POINT('',(9.890927684922,12.13603521088));
#3247 = CARTESIAN_POINT('',(9.874584338489,11.959354147892));
#3248 = CARTESIAN_POINT('',(9.85863299846,11.781223647191));
#3249 = CARTESIAN_POINT('',(9.843110911416,11.601575497895));
#3250 = CARTESIAN_POINT('',(9.828067413045,11.420314359674));
#3251 = CARTESIAN_POINT('',(9.795004880499,11.00301748609));
#3252 = CARTESIAN_POINT('',(9.777346860842,10.766035823349));
#3253 = CARTESIAN_POINT('',(9.76071141177,10.525886582403));
#3254 = CARTESIAN_POINT('',(9.745286400336,10.28224093057));
#3255 = CARTESIAN_POINT('',(9.731327693006,10.034914744749));
#3256 = CARTESIAN_POINT('',(9.719178380938,9.783820742488));
#3257 = CARTESIAN_POINT('',(9.709245552803,9.529010120617));
#3258 = CARTESIAN_POINT('',(9.698425728035,9.15037710448));
#3259 = CARTESIAN_POINT('',(9.695540199853,9.029148594713));
#3260 = CARTESIAN_POINT('',(9.693250155671,8.907367334888));
#3261 = CARTESIAN_POINT('',(9.691586766988,8.78515814184));
#3262 = CARTESIAN_POINT('',(9.690572871266,8.662659696888));
#3263 = CARTESIAN_POINT('',(9.690220423234,8.540025763607));
#3264 = CARTESIAN_POINT('',(9.690529113681,8.417426238585));
#3265 = CARTESIAN_POINT('',(9.692670367253,8.14362137839));
#3266 = CARTESIAN_POINT('',(9.694847507286,7.992503905855));
#3267 = CARTESIAN_POINT('',(9.697994590824,7.842020039539));
#3268 = CARTESIAN_POINT('',(9.7020617343,7.692413049537));
#3269 = CARTESIAN_POINT('',(9.706980823018,7.543856560748));
#3270 = CARTESIAN_POINT('',(9.712676349352,7.396466765451));
#3271 = CARTESIAN_POINT('',(9.71907443677,7.250312050163));
#3272 = CARTESIAN_POINT('',(9.735979302109,6.901966597163));
#3273 = CARTESIAN_POINT('',(9.747100172507,6.701030245915));
#3274 = CARTESIAN_POINT('',(9.759284507827,6.502519937303));
#3275 = CARTESIAN_POINT('',(9.772368692077,6.306317409325));
#3276 = CARTESIAN_POINT('',(9.786220753782,6.112300116804));
#3277 = CARTESIAN_POINT('',(9.800738649956,5.920336655893));
#3278 = CARTESIAN_POINT('',(9.815844528728,5.730272202301));
#3279 = CARTESIAN_POINT('',(9.844401293735,5.386355430479));
#3280 = CARTESIAN_POINT('',(9.857679368472,5.231997221796));
#3281 = CARTESIAN_POINT('',(9.87128410884,5.078778732336));
#3282 = CARTESIAN_POINT('',(9.885188959724,4.92664754696));
#3283 = CARTESIAN_POINT('',(9.899373188989,4.77556520827));
#3284 = CARTESIAN_POINT('',(9.913820762191,4.625503368737));
#3285 = CARTESIAN_POINT('',(9.928519587022,4.476441140828));
#3286 = CARTESIAN_POINT('',(9.989667531357,3.870437062364));
#3287 = CARTESIAN_POINT('',(10.038131866032,3.422554335074));
#3288 = CARTESIAN_POINT('',(10.088653744357,2.983598467886));
#3289 = CARTESIAN_POINT('',(10.141267603467,2.554113948801));
#3290 = CARTESIAN_POINT('',(10.196061960717,2.135523317493));
#3291 = CARTESIAN_POINT('',(10.253232980254,1.730254645761));
#3292 = CARTESIAN_POINT('',(10.313041440696,1.341528653255));
#3293 = CARTESIAN_POINT('',(10.399008122254,0.839904801912));
#3294 = CARTESIAN_POINT('',(10.422390641806,0.708750141645));
#3295 = CARTESIAN_POINT('',(10.446204787221,0.580729867489));
#3296 = CARTESIAN_POINT('',(10.470470332256,0.456143577649));
#3297 = CARTESIAN_POINT('',(10.495205608568,0.335345571777));
#3298 = CARTESIAN_POINT('',(10.520427821532,0.2187426902));
#3299 = CARTESIAN_POINT('',(10.54615336604,0.106792153152));
#3300 = CARTESIAN_POINT('',(10.572398142318,-6.E-07));
#3301 = ( GEOMETRIC_REPRESENTATION_CONTEXT(2) 
PARAMETRIC_REPRESENTATION_CONTEXT() REPRESENTATION_CONTEXT('2D SPACE',''
  ) );
#3302 = ORIENTED_EDGE('',*,*,#3303,.T.);
#3303 = EDGE_CURVE('',#3069,#3304,#3306,.T.);
#3304 = VERTEX_POINT('',#3305);
#3305 = CARTESIAN_POINT('',(-5.243188785366,5.593766395702,
    4.386374739708));
#3306 = SURFACE_CURVE('',#3307,(#3317,#3330),.PCURVE_S1.);
#3307 = B_SPLINE_CURVE_WITH_KNOTS('',8,(#3308,#3309,#3310,#3311,#3312,
    #3313,#3314,#3315,#3316),.UNSPECIFIED.,.F.,.F.,(9,9),(0.,1.),
  .PIECEWISE_BEZIER_KNOTS.);
#3308 = CARTESIAN_POINT('',(-10.73796745264,11.476283143165,
    0.359986402081));
#3309 = CARTESIAN_POINT('',(-10.04959593519,10.731064894173,
    0.846662630078));
#3310 = CARTESIAN_POINT('',(-9.361528368403,9.987860158409,
    1.336736306154));
#3311 = CARTESIAN_POINT('',(-8.673781920277,9.24690936754,1.830671042703
    ));
#3312 = CARTESIAN_POINT('',(-7.98640779615,8.508556125551,2.329048620371
    ));
#3313 = CARTESIAN_POINT('',(-7.299489141685,7.773238056818,
    2.832555712707));
#3314 = CARTESIAN_POINT('',(-6.613164554755,7.041626525734,
    3.342212307798));
#3315 = CARTESIAN_POINT('',(-5.927619545769,6.314578416176,
    3.859294162237));
#3316 = CARTESIAN_POINT('',(-5.243188785366,5.593766400645,
    4.386374750309));
#3317 = PCURVE('',#2272,#3318);
#3318 = DEFINITIONAL_REPRESENTATION('',(#3319),#3329);
#3319 = B_SPLINE_CURVE_WITH_KNOTS('',8,(#3320,#3321,#3322,#3323,#3324,
    #3325,#3326,#3327,#3328),.UNSPECIFIED.,.F.,.F.,(9,9),(0.,1.),
  .PIECEWISE_BEZIER_KNOTS.);
#3320 = CARTESIAN_POINT('',(3.575889376764,0.717563291139));
#3321 = CARTESIAN_POINT('',(3.563066608178,0.752946224217));
#3322 = CARTESIAN_POINT('',(3.549670059541,0.78831353395));
#3323 = CARTESIAN_POINT('',(3.535629699655,0.823664337886));
#3324 = CARTESIAN_POINT('',(3.520857081321,0.858996004024));
#3325 = CARTESIAN_POINT('',(3.505244403694,0.8943042586));
#3326 = CARTESIAN_POINT('',(3.488634467222,0.929581977555));
#3327 = CARTESIAN_POINT('',(3.470828769027,0.964819625481));
#3328 = CARTESIAN_POINT('',(3.451437293337,1.));
#3329 = ( GEOMETRIC_REPRESENTATION_CONTEXT(2) 
PARAMETRIC_REPRESENTATION_CONTEXT() REPRESENTATION_CONTEXT('2D SPACE',''
  ) );
#3330 = PCURVE('',#3331,#3336);
#3331 = PLANE('',#3332);
#3332 = AXIS2_PLACEMENT_3D('',#3333,#3334,#3335);
#3333 = CARTESIAN_POINT('',(-5.243188785366,6.689083371746,
    6.735289574987));
#3334 = DIRECTION('',(0.788010753607,0.557978789266,-0.260189782523));
#3335 = DIRECTION('',(0.,0.422618261741,0.906307787037));
#3336 = DEFINITIONAL_REPRESENTATION('',(#3337),#3347);
#3337 = B_SPLINE_CURVE_WITH_KNOTS('',8,(#3338,#3339,#3340,#3341,#3342,
    #3343,#3344,#3345,#3346),.UNSPECIFIED.,.F.,.F.,(9,9),(0.,1.),
  .PIECEWISE_BEZIER_KNOTS.);
#3338 = CARTESIAN_POINT('',(-3.754828864322,-8.925));
#3339 = CARTESIAN_POINT('',(-3.628693250129,-7.806899314727));
#3340 = CARTESIAN_POINT('',(-3.498627554826,-6.689292327181));
#3341 = CARTESIAN_POINT('',(-3.364109992076,-5.5722069228));
#3342 = CARTESIAN_POINT('',(-3.224468076231,-4.455726272839));
#3343 = CARTESIAN_POINT('',(-3.078894521654,-3.339985428244));
#3344 = CARTESIAN_POINT('',(-2.926181174344,-2.225209509275));
#3345 = CARTESIAN_POINT('',(-2.764809671394,-1.111699834785));
#3346 = CARTESIAN_POINT('',(-2.591740751074,8.881784197001E-15));
#3347 = ( GEOMETRIC_REPRESENTATION_CONTEXT(2) 
PARAMETRIC_REPRESENTATION_CONTEXT() REPRESENTATION_CONTEXT('2D SPACE',''
  ) );
#3348 = ORIENTED_EDGE('',*,*,#3349,.F.);
#3349 = EDGE_CURVE('',#3350,#3304,#3352,.T.);
#3350 = VERTEX_POINT('',#3351);
#3351 = CARTESIAN_POINT('',(-5.452371242712,5.864775140941,
    5.354266145352));
#3352 = SURFACE_CURVE('',#3353,(#3358,#3365),.PCURVE_S1.);
#3353 = ELLIPSE('',#3354,8.925,8.5);
#3354 = AXIS2_PLACEMENT_3D('',#3355,#3356,#3357);
#3355 = CARTESIAN_POINT('',(1.454902620291,11.431903080508,
    4.523676423543));
#3356 = DIRECTION('',(0.615661475326,-0.714180282262,0.333027734922));
#3357 = DIRECTION('',(0.788010753607,0.557978789266,-0.260189782523));
#3358 = PCURVE('',#2272,#3359);
#3359 = DEFINITIONAL_REPRESENTATION('',(#3360),#3364);
#3360 = LINE('',#3361,#3362);
#3361 = CARTESIAN_POINT('',(0.,1.));
#3362 = VECTOR('',#3363,1.);
#3363 = DIRECTION('',(1.,0.));
#3364 = ( GEOMETRIC_REPRESENTATION_CONTEXT(2) 
PARAMETRIC_REPRESENTATION_CONTEXT() REPRESENTATION_CONTEXT('2D SPACE',''
  ) );
#3365 = PCURVE('',#3366,#3371);
#3366 = PLANE('',#3367);
#3367 = AXIS2_PLACEMENT_3D('',#3368,#3369,#3370);
#3368 = CARTESIAN_POINT('',(1.454902620291,11.431903080508,
    4.523676423543));
#3369 = DIRECTION('',(0.615661475326,-0.714180282262,0.333027734922));
#3370 = DIRECTION('',(0.788010753607,0.557978789266,-0.260189782523));
#3371 = DEFINITIONAL_REPRESENTATION('',(#3372),#3376);
#3372 = ELLIPSE('',#3373,8.925,8.5);
#3373 = AXIS2_PLACEMENT_2D('',#3374,#3375);
#3374 = CARTESIAN_POINT('',(0.,0.));
#3375 = DIRECTION('',(1.,2.775557561563E-17));
#3376 = ( GEOMETRIC_REPRESENTATION_CONTEXT(2) 
PARAMETRIC_REPRESENTATION_CONTEXT() REPRESENTATION_CONTEXT('2D SPACE',''
  ) );
#3377 = ORIENTED_EDGE('',*,*,#3378,.T.);
#3378 = EDGE_CURVE('',#3350,#3379,#3381,.T.);
#3379 = VERTEX_POINT('',#3380);
#3380 = CARTESIAN_POINT('',(-5.452371242712,7.217153578512,
    8.254451063869));
#3381 = SURFACE_CURVE('',#3382,(#3421,#3463),.PCURVE_S1.);
#3382 = B_SPLINE_CURVE_WITH_KNOTS('',7,(#3383,#3384,#3385,#3386,#3387,
    #3388,#3389,#3390,#3391,#3392,#3393,#3394,#3395,#3396,#3397,#3398,
    #3399,#3400,#3401,#3402,#3403,#3404,#3405,#3406,#3407,#3408,#3409,
    #3410,#3411,#3412,#3413,#3414,#3415,#3416,#3417,#3418,#3419,#3420),
  .UNSPECIFIED.,.F.,.F.,(8,6,6,6,6,6,8),(0.,9.971034853634E-02,
    0.233170134353,0.493488159256,0.77149609911,0.896716693647,1.),
  .UNSPECIFIED.);
#3383 = CARTESIAN_POINT('',(-5.452371240714,5.864775142356,
    5.354266144692));
#3384 = CARTESIAN_POINT('',(-5.499675083804,5.914258658545,
    5.331191602141));
#3385 = CARTESIAN_POINT('',(-5.547545399077,5.964883173583,
    5.311773036723));
#3386 = CARTESIAN_POINT('',(-5.595810046683,6.016468528177,
    5.296082688508));
#3387 = CARTESIAN_POINT('',(-5.644289620603,6.06884077609,5.28416357467)
  );
#3388 = CARTESIAN_POINT('',(-5.692799092376,6.12183233687,5.276032436155
    ));
#3389 = CARTESIAN_POINT('',(-5.741149454835,6.175282148593,
    5.271682684346));
#3390 = CARTESIAN_POINT('',(-5.853396035681,6.300983754352,5.27029050468
    ));
#3391 = CARTESIAN_POINT('',(-5.917016321193,6.373477513386,
    5.276219613625));
#3392 = CARTESIAN_POINT('',(-5.979559137999,6.446154531857,
    5.288809532076));
#3393 = CARTESIAN_POINT('',(-6.040574946075,6.518682317474,
    5.307932647655));
#3394 = CARTESIAN_POINT('',(-6.09962087301,6.590752381595,5.333414712516
    ));
#3395 = CARTESIAN_POINT('',(-6.156266219697,6.66207360212,5.365044874479
    ));
#3396 = CARTESIAN_POINT('',(-6.315099816471,6.869470910209,
    5.475793307061));
#3397 = CARTESIAN_POINT('',(-6.409502826945,7.002795597163,5.57154583001
    ));
#3398 = CARTESIAN_POINT('',(-6.490090146121,7.130088463957,
    5.688029902456));
#3399 = CARTESIAN_POINT('',(-6.553928210319,7.249230081219,5.82280746688
    ));
#3400 = CARTESIAN_POINT('',(-6.598627010257,7.358099092708,5.97291058968
    ));
#3401 = CARTESIAN_POINT('',(-6.622594697483,7.454399364582,
    6.134798913061));
#3402 = CARTESIAN_POINT('',(-6.62905723164,7.62324277536,6.484853195322)
  );
#3403 = CARTESIAN_POINT('',(-6.608626242083,7.693811597088,
    6.674233619038));
#3404 = CARTESIAN_POINT('',(-6.564214251988,7.745128467516,
    6.866801050291));
#3405 = CARTESIAN_POINT('',(-6.497624039897,7.775639058435,
    7.057570731553));
#3406 = CARTESIAN_POINT('',(-6.411725760192,7.78418657056,7.242215307562
    ));
#3407 = CARTESIAN_POINT('',(-6.310118164118,7.77013805614,7.416828869915
    ));
#3408 = CARTESIAN_POINT('',(-6.14572138309,7.717200652623,7.650448863491
    ));
#3409 = CARTESIAN_POINT('',(-6.092257094883,7.696196756777,
    7.720294116986));
#3410 = CARTESIAN_POINT('',(-6.036723658331,7.670628121032,
    7.787131100639));
#3411 = CARTESIAN_POINT('',(-5.979477172064,7.640517590644,
    7.850663474381));
#3412 = CARTESIAN_POINT('',(-5.920883209102,7.605919876797,7.91060375259
    ));
#3413 = CARTESIAN_POINT('',(-5.861312738458,7.566930288649,
    7.966674489997));
#3414 = CARTESIAN_POINT('',(-5.7515053075,7.488031263947,8.061446001156)
  );
#3415 = CARTESIAN_POINT('',(-5.701460339955,7.44947891005,8.101469927344
    ));
#3416 = CARTESIAN_POINT('',(-5.651215800828,7.408120439982,
    8.138529526897));
#3417 = CARTESIAN_POINT('',(-5.600981990422,7.364062525475,
    8.172481949048));
#3418 = CARTESIAN_POINT('',(-5.550964883693,7.317437103015,
    8.203195611161));
#3419 = CARTESIAN_POINT('',(-5.501364161311,7.268404003171,
    8.230552598367));
#3420 = CARTESIAN_POINT('',(-5.452371240714,7.217153579926,8.25445106321
    ));
#3421 = PCURVE('',#2272,#3422);
#3422 = DEFINITIONAL_REPRESENTATION('',(#3423),#3462);
#3423 = B_SPLINE_CURVE_WITH_KNOTS('',7,(#3424,#3425,#3426,#3427,#3428,
    #3429,#3430,#3431,#3432,#3433,#3434,#3435,#3436,#3437,#3438,#3439,
    #3440,#3441,#3442,#3443,#3444,#3445,#3446,#3447,#3448,#3449,#3450,
    #3451,#3452,#3453,#3454,#3455,#3456,#3457,#3458,#3459,#3460,#3461),
  .UNSPECIFIED.,.F.,.F.,(8,6,6,6,6,6,8),(0.,9.971034853634E-02,
    0.233170134353,0.493488159256,0.77149609911,0.896716693647,1.),
  .UNSPECIFIED.);
#3424 = CARTESIAN_POINT('',(3.330957664743,1.));
#3425 = CARTESIAN_POINT('',(3.330880442412,0.997716842784));
#3426 = CARTESIAN_POINT('',(3.330348679234,0.995435391511));
#3427 = CARTESIAN_POINT('',(3.329364718988,0.993163833018));
#3428 = CARTESIAN_POINT('',(3.327934012627,0.990910047313));
#3429 = CARTESIAN_POINT('',(3.326064712068,0.988681603154));
#3430 = CARTESIAN_POINT('',(3.323767263977,0.986485753625));
#3431 = CARTESIAN_POINT('',(3.317422372957,0.981443249249));
#3432 = CARTESIAN_POINT('',(3.313045745741,0.978627818413));
#3433 = CARTESIAN_POINT('',(3.307953336679,0.975899435362));
#3434 = CARTESIAN_POINT('',(3.302179634819,0.973273028117));
#3435 = CARTESIAN_POINT('',(3.295762570541,0.970762360811));
#3436 = CARTESIAN_POINT('',(3.288742428729,0.968380182142));
#3437 = CARTESIAN_POINT('',(3.266374654595,0.961765482936));
#3438 = CARTESIAN_POINT('',(3.24943947195,0.957922131245));
#3439 = CARTESIAN_POINT('',(3.230678781146,0.954702759835));
#3440 = CARTESIAN_POINT('',(3.210462658979,0.952186729341));
#3441 = CARTESIAN_POINT('',(3.189196628843,0.95043726961));
#3442 = CARTESIAN_POINT('',(3.167338540912,0.949499977351));
#3443 = CARTESIAN_POINT('',(3.122023643322,0.949247269017));
#3444 = CARTESIAN_POINT('',(3.098536298361,0.950046276793));
#3445 = CARTESIAN_POINT('',(3.075628398819,0.951781199254));
#3446 = CARTESIAN_POINT('',(3.053864546602,0.954399508135));
#3447 = CARTESIAN_POINT('',(3.033741623533,0.957825823385));
#3448 = CARTESIAN_POINT('',(3.015713989352,0.961963171918));
#3449 = CARTESIAN_POINT('',(2.993171883363,0.968824613432));
#3450 = CARTESIAN_POINT('',(2.986671705818,0.97107704626));
#3451 = CARTESIAN_POINT('',(2.980706181411,0.973441254559));
#3452 = CARTESIAN_POINT('',(2.975308582107,0.975906661072));
#3453 = CARTESIAN_POINT('',(2.970510144726,0.978461877079));
#3454 = CARTESIAN_POINT('',(2.966339256816,0.981094597002));
#3455 = CARTESIAN_POINT('',(2.959918451243,0.986015922141));
#3456 = CARTESIAN_POINT('',(2.957459930694,0.988284060338));
#3457 = CARTESIAN_POINT('',(2.955459065268,0.990588266205));
#3458 = CARTESIAN_POINT('',(2.953927726496,0.992920526138));
#3459 = CARTESIAN_POINT('',(2.952875184949,0.995272458556));
#3460 = CARTESIAN_POINT('',(2.952307622144,0.997635318129));
#3461 = CARTESIAN_POINT('',(2.952227642437,1.));
#3462 = ( GEOMETRIC_REPRESENTATION_CONTEXT(2) 
PARAMETRIC_REPRESENTATION_CONTEXT() REPRESENTATION_CONTEXT('2D SPACE',''
  ) );
#3463 = PCURVE('',#2964,#3464);
#3464 = DEFINITIONAL_REPRESENTATION('',(#3465),#3504);
#3465 = B_SPLINE_CURVE_WITH_KNOTS('',7,(#3466,#3467,#3468,#3469,#3470,
    #3471,#3472,#3473,#3474,#3475,#3476,#3477,#3478,#3479,#3480,#3481,
    #3482,#3483,#3484,#3485,#3486,#3487,#3488,#3489,#3490,#3491,#3492,
    #3493,#3494,#3495,#3496,#3497,#3498,#3499,#3500,#3501,#3502,#3503),
  .UNSPECIFIED.,.F.,.F.,(8,6,6,6,6,6,8),(0.,9.971034853634E-02,
    0.233170134353,0.493488159256,0.77149609911,0.896716693647,1.),
  .UNSPECIFIED.);
#3466 = CARTESIAN_POINT('',(3.14159265359,8.23454365389));
#3467 = CARTESIAN_POINT('',(3.186685008605,8.230882229508));
#3468 = CARTESIAN_POINT('',(3.231743621273,8.226459824216));
#3469 = CARTESIAN_POINT('',(3.276756758901,8.221292764873));
#3470 = CARTESIAN_POINT('',(3.321717256568,8.215414174413));
#3471 = CARTESIAN_POINT('',(3.366621252615,8.208871995091));
#3472 = CARTESIAN_POINT('',(3.411466924149,8.201727011741));
#3473 = CARTESIAN_POINT('',(3.516198552978,8.183776559694));
#3474 = CARTESIAN_POINT('',(3.576038873358,8.172550376891));
#3475 = CARTESIAN_POINT('',(3.635779042044,8.160542431317));
#3476 = CARTESIAN_POINT('',(3.695435117789,8.147954645137));
#3477 = CARTESIAN_POINT('',(3.755029685669,8.135009213962));
#3478 = CARTESIAN_POINT('',(3.814589208799,8.121937954946));
#3479 = CARTESIAN_POINT('',(3.990305970047,8.08368306093));
#3480 = CARTESIAN_POINT('',(4.106564575925,8.058770992788));
#3481 = CARTESIAN_POINT('',(4.223006446048,8.035986072891));
#3482 = CARTESIAN_POINT('',(4.339758148317,8.017091741988));
#3483 = CARTESIAN_POINT('',(4.456875166778,8.003559907306));
#3484 = CARTESIAN_POINT('',(4.574367209937,7.996284933486));
#3485 = CARTESIAN_POINT('',(4.817301753423,7.994322881423));
#3486 = CARTESIAN_POINT('',(4.942863351437,8.000523775348));
#3487 = CARTESIAN_POINT('',(5.067995088876,8.014050548303));
#3488 = CARTESIAN_POINT('',(5.1927158853,8.033912292217));
#3489 = CARTESIAN_POINT('',(5.317082739073,8.058327758732));
#3490 = CARTESIAN_POINT('',(5.441249851531,8.085124199205));
#3491 = CARTESIAN_POINT('',(5.62116794496,8.12434714687));
#3492 = CARTESIAN_POINT('',(5.67704965632,8.136584831221));
#3493 = CARTESIAN_POINT('',(5.732964528271,8.148688719751));
#3494 = CARTESIAN_POINT('',(5.788934721304,8.160468054738));
#3495 = CARTESIAN_POINT('',(5.844978621289,8.171740089214));
#3496 = CARTESIAN_POINT('',(5.901109013148,8.182337864517));
#3497 = CARTESIAN_POINT('',(6.003703969856,8.200184739783));
#3498 = CARTESIAN_POINT('',(6.050140206485,8.207695499972));
#3499 = CARTESIAN_POINT('',(6.096639183379,8.214569058911));
#3500 = CARTESIAN_POINT('',(6.143199256529,8.220736386576));
#3501 = CARTESIAN_POINT('',(6.18981642554,8.226143026703));
#3502 = CARTESIAN_POINT('',(6.236482840224,8.230751491091));
#3503 = CARTESIAN_POINT('',(6.28318530718,8.23454365389));
#3504 = ( GEOMETRIC_REPRESENTATION_CONTEXT(2) 
PARAMETRIC_REPRESENTATION_CONTEXT() REPRESENTATION_CONTEXT('2D SPACE',''
  ) );
#3505 = ORIENTED_EDGE('',*,*,#3506,.F.);
#3506 = EDGE_CURVE('',#3507,#3379,#3509,.T.);
#3507 = VERTEX_POINT('',#3508);
#3508 = CARTESIAN_POINT('',(-5.243188785366,7.784400347791,
    9.084204410266));
#3509 = SURFACE_CURVE('',#3510,(#3515,#3522),.PCURVE_S1.);
#3510 = ELLIPSE('',#3511,8.925,8.5);
#3511 = AXIS2_PLACEMENT_3D('',#3512,#3513,#3514);
#3512 = CARTESIAN_POINT('',(1.454902620291,11.431903080508,
    4.523676423543));
#3513 = DIRECTION('',(0.615661475326,-0.714180282262,0.333027734922));
#3514 = DIRECTION('',(0.788010753607,0.557978789266,-0.260189782523));
#3515 = PCURVE('',#2272,#3516);
#3516 = DEFINITIONAL_REPRESENTATION('',(#3517),#3521);
#3517 = LINE('',#3518,#3519);
#3518 = CARTESIAN_POINT('',(0.,1.));
#3519 = VECTOR('',#3520,1.);
#3520 = DIRECTION('',(1.,0.));
#3521 = ( GEOMETRIC_REPRESENTATION_CONTEXT(2) 
PARAMETRIC_REPRESENTATION_CONTEXT() REPRESENTATION_CONTEXT('2D SPACE',''
  ) );
#3522 = PCURVE('',#3523,#3528);
#3523 = PLANE('',#3524);
#3524 = AXIS2_PLACEMENT_3D('',#3525,#3526,#3527);
#3525 = CARTESIAN_POINT('',(1.454902620291,11.431903080508,
    4.523676423543));
#3526 = DIRECTION('',(0.615661475326,-0.714180282262,0.333027734922));
#3527 = DIRECTION('',(0.788010753607,0.557978789266,-0.260189782523));
#3528 = DEFINITIONAL_REPRESENTATION('',(#3529),#3533);
#3529 = ELLIPSE('',#3530,8.925,8.5);
#3530 = AXIS2_PLACEMENT_2D('',#3531,#3532);
#3531 = CARTESIAN_POINT('',(0.,0.));
#3532 = DIRECTION('',(1.,2.775557561563E-17));
#3533 = ( GEOMETRIC_REPRESENTATION_CONTEXT(2) 
PARAMETRIC_REPRESENTATION_CONTEXT() REPRESENTATION_CONTEXT('2D SPACE',''
  ) );
#3534 = ORIENTED_EDGE('',*,*,#3535,.F.);
#3535 = EDGE_CURVE('',#3536,#3507,#3538,.T.);
#3536 = VERTEX_POINT('',#3537);
#3537 = CARTESIAN_POINT('',(-10.25326846542,14.049831489951,
    7.346937954241));
#3538 = SURFACE_CURVE('',#3539,(#3549,#3562),.PCURVE_S1.);
#3539 = B_SPLINE_CURVE_WITH_KNOTS('',8,(#3540,#3541,#3542,#3543,#3544,
    #3545,#3546,#3547,#3548),.UNSPECIFIED.,.F.,.F.,(9,9),(0.,1.),
  .PIECEWISE_BEZIER_KNOTS.);
#3540 = CARTESIAN_POINT('',(-10.73796745264,14.650001638712,
    7.166047679532));
#3541 = CARTESIAN_POINT('',(-10.04959593518,13.79816896169,
    7.424088528798));
#3542 = CARTESIAN_POINT('',(-9.361528368411,12.945027949817,
    7.67840309991));
#3543 = CARTESIAN_POINT('',(-8.673781920257,12.090378001827,
    7.928509207243));
#3544 = CARTESIAN_POINT('',(-7.986407796177,11.233994312416,
    8.17376967344));
#3545 = CARTESIAN_POINT('',(-7.299489141663,10.375632158438,
    8.413407873593));
#3546 = CARTESIAN_POINT('',(-6.613164554766,9.514941728626,
    8.646253876971));
#3547 = CARTESIAN_POINT('',(-5.927619545767,8.651496530909,
    8.870831231955));
#3548 = CARTESIAN_POINT('',(-5.243188785366,7.784400342848,
    9.084204399666));
#3549 = PCURVE('',#2272,#3550);
#3550 = DEFINITIONAL_REPRESENTATION('',(#3551),#3561);
#3551 = B_SPLINE_CURVE_WITH_KNOTS('',8,(#3552,#3553,#3554,#3555,#3556,
    #3557,#3558,#3559,#3560),.UNSPECIFIED.,.F.,.F.,(9,9),(0.,1.),
  .PIECEWISE_BEZIER_KNOTS.);
#3552 = CARTESIAN_POINT('',(2.707295930415,0.717563291139));
#3553 = CARTESIAN_POINT('',(2.720118699002,0.752946224218));
#3554 = CARTESIAN_POINT('',(2.733515247639,0.78831353395));
#3555 = CARTESIAN_POINT('',(2.747555607524,0.823664337887));
#3556 = CARTESIAN_POINT('',(2.762328225858,0.858996004023));
#3557 = CARTESIAN_POINT('',(2.777940903486,0.894304258601));
#3558 = CARTESIAN_POINT('',(2.794550839957,0.929581977554));
#3559 = CARTESIAN_POINT('',(2.812356538153,0.964819625482));
#3560 = CARTESIAN_POINT('',(2.831748013843,1.));
#3561 = ( GEOMETRIC_REPRESENTATION_CONTEXT(2) 
PARAMETRIC_REPRESENTATION_CONTEXT() REPRESENTATION_CONTEXT('2D SPACE',''
  ) );
#3562 = PCURVE('',#3331,#3563);
#3563 = DEFINITIONAL_REPRESENTATION('',(#3564),#3574);
#3564 = B_SPLINE_CURVE_WITH_KNOTS('',8,(#3565,#3566,#3567,#3568,#3569,
    #3570,#3571,#3572,#3573),.UNSPECIFIED.,.F.,.F.,(9,9),(0.,1.),
  .PIECEWISE_BEZIER_KNOTS.);
#3565 = CARTESIAN_POINT('',(3.754828864322,-8.925));
#3566 = CARTESIAN_POINT('',(3.628693250129,-7.806899314725));
#3567 = CARTESIAN_POINT('',(3.498627554828,-6.689292327194));
#3568 = CARTESIAN_POINT('',(3.364109992073,-5.572206922767));
#3569 = CARTESIAN_POINT('',(3.224468076237,-4.455726272883));
#3570 = CARTESIAN_POINT('',(3.078894521649,-3.339985428207));
#3571 = CARTESIAN_POINT('',(2.926181174347,-2.225209509292));
#3572 = CARTESIAN_POINT('',(2.764809671393,-1.111699834781));
#3573 = CARTESIAN_POINT('',(2.591740751074,2.22044604925E-14));
#3574 = ( GEOMETRIC_REPRESENTATION_CONTEXT(2) 
PARAMETRIC_REPRESENTATION_CONTEXT() REPRESENTATION_CONTEXT('2D SPACE',''
  ) );
#3575 = ORIENTED_EDGE('',*,*,#3576,.T.);
#3576 = EDGE_CURVE('',#3536,#3577,#3579,.T.);
#3577 = VERTEX_POINT('',#3578);
#3578 = CARTESIAN_POINT('',(3.142914345753,23.535470907424,2.92371165082
    ));
#3579 = SURFACE_CURVE('',#3580,(#3653,#3729),.PCURVE_S1.);
#3580 = B_SPLINE_CURVE_WITH_KNOTS('',8,(#3581,#3582,#3583,#3584,#3585,
    #3586,#3587,#3588,#3589,#3590,#3591,#3592,#3593,#3594,#3595,#3596,
    #3597,#3598,#3599,#3600,#3601,#3602,#3603,#3604,#3605,#3606,#3607,
    #3608,#3609,#3610,#3611,#3612,#3613,#3614,#3615,#3616,#3617,#3618,
    #3619,#3620,#3621,#3622,#3623,#3624,#3625,#3626,#3627,#3628,#3629,
    #3630,#3631,#3632,#3633,#3634,#3635,#3636,#3637,#3638,#3639,#3640,
    #3641,#3642,#3643,#3644,#3645,#3646,#3647,#3648,#3649,#3650,#3651,
    #3652),.UNSPECIFIED.,.F.,.F.,(9,7,7,7,7,7,7,7,7,7,9),(0.,
    7.554785822395E-02,0.28395842596,0.362200994051,0.462323799887,
    0.513705902158,0.566160138524,0.650095468953,0.71721993599,
    0.925128773524,1.),.UNSPECIFIED.);
#3581 = CARTESIAN_POINT('',(-10.25326927095,14.049831034019,
    7.346936842873));
#3582 = CARTESIAN_POINT('',(-10.11038938391,14.130701494337,
    7.544064541437));
#3583 = CARTESIAN_POINT('',(-9.960719781753,14.208252159049,
    7.734949049078));
#3584 = CARTESIAN_POINT('',(-9.804951026589,14.282591403696,
    7.919654331394));
#3585 = CARTESIAN_POINT('',(-9.6437100417,14.353836374494,8.098272996656
    ));
#3586 = CARTESIAN_POINT('',(-9.477557625983,14.422111695457,
    8.270922819161));
#3587 = CARTESIAN_POINT('',(-9.306985968403,14.487548175517,
    8.437743262578));
#3588 = CARTESIAN_POINT('',(-9.132416162443,14.55028151565,
    8.598892003298));
#3589 = CARTESIAN_POINT('',(-8.462546792999,14.776437981364,
    9.18392477589));
#3590 = CARTESIAN_POINT('',(-7.9439201106,14.922643740555,9.570755717235
    ));
#3591 = CARTESIAN_POINT('',(-7.405058062206,15.052335776407,
    9.91949504376));
#3592 = CARTESIAN_POINT('',(-6.850955782467,15.167905532763,
    10.23262736082));
#3593 = CARTESIAN_POINT('',(-6.285675652421,15.271707378779,
    10.512311223843));
#3594 = CARTESIAN_POINT('',(-5.712335421637,15.366263715075,
    10.760018012326));
#3595 = CARTESIAN_POINT('',(-5.133268217485,15.454390303178,
    10.97682126829));
#3596 = CARTESIAN_POINT('',(-4.331592866183,15.57313041347,
    11.232101729755));
#3597 = CARTESIAN_POINT('',(-4.112358881797,15.605270142136,
    11.297345425275));
#3598 = CARTESIAN_POINT('',(-3.892850957803,15.637379442479,
    11.358134497346));
#3599 = CARTESIAN_POINT('',(-3.673232380738,15.669731328474,
    11.414417141858));
#3600 = CARTESIAN_POINT('',(-3.453692231194,15.702641477746,
    11.466108135265));
#3601 = CARTESIAN_POINT('',(-3.234451270576,15.736484554243,
    11.513083433648));
#3602 = CARTESIAN_POINT('',(-3.015770112563,15.771717001471,
    11.555169973604));
#3603 = CARTESIAN_POINT('',(-2.519239383463,15.856495459313,
    11.639427296412));
#3604 = CARTESIAN_POINT('',(-2.242148642737,15.907255008419,
    11.67829524947));
#3605 = CARTESIAN_POINT('',(-1.967096022477,15.962402614952,
    11.708302171391));
#3606 = CARTESIAN_POINT('',(-1.69495458975,16.023428092824,
    11.728738301748));
#3607 = CARTESIAN_POINT('',(-1.427064892831,16.092125536953,
    11.738674712628));
#3608 = CARTESIAN_POINT('',(-1.165306113434,16.170757824356,
    11.736915495217));
#3609 = CARTESIAN_POINT('',(-0.912001161087,16.261892190244,
    11.722082737828));
#3610 = CARTESIAN_POINT('',(-0.544931819364,16.421614610226,
    11.678185666895));
#3611 = CARTESIAN_POINT('',(-0.423310934288,16.479562491036,
    11.659569666544));
#3612 = CARTESIAN_POINT('',(-0.304948311323,16.541503849789,
    11.637092067788));
#3613 = CARTESIAN_POINT('',(-0.190208723331,16.607604821076,
    11.610650335701));
#3614 = CARTESIAN_POINT('',(-7.940023177155E-02,16.677942880966,
    11.580190868449));
#3615 = CARTESIAN_POINT('',(2.724581737572E-02,16.752481458397,
    11.54572187094));
#3616 = CARTESIAN_POINT('',(0.129582804973,16.831059325192,
    11.507320695648));
#3617 = CARTESIAN_POINT('',(0.327550976683,16.997448207755,
    11.422070376399));
#3618 = CARTESIAN_POINT('',(0.423020861823,17.085437032116,
    11.37505172086));
#3619 = CARTESIAN_POINT('',(0.513905452364,17.177091251847,
    11.324221127815));
#3620 = CARTESIAN_POINT('',(0.600296633178,17.272063116557,
    11.269766367215));
#3621 = CARTESIAN_POINT('',(0.682381727584,17.369964842409,
    11.211898985376));
#3622 = CARTESIAN_POINT('',(0.760405646191,17.470400553549,
    11.150835451572));
#3623 = CARTESIAN_POINT('',(0.834640691415,17.572992433979,
    11.086782000996));
#3624 = CARTESIAN_POINT('',(1.018532870573,17.844471962297,
    10.91293815021));
#3625 = CARTESIAN_POINT('',(1.1226788655,18.016147832137,10.798799697715
    ));
#3626 = CARTESIAN_POINT('',(1.219040565428,18.191156833411,
    10.678190172343));
#3627 = CARTESIAN_POINT('',(1.308775786119,18.368366049148,
    10.55169726618));
#3628 = CARTESIAN_POINT('',(1.392854197972,18.54685999869,
    10.419785048027));
#3629 = CARTESIAN_POINT('',(1.472071221477,18.72593124827,
    10.282795841104));
#3630 = CARTESIAN_POINT('',(1.547101765437,18.905039900535,
    10.140958423607));
#3631 = CARTESIAN_POINT('',(1.675620584107,19.226755091529,
    9.877155287309));
#3632 = CARTESIAN_POINT('',(1.73039805125,19.369447969482,9.756931758728
    ));
#3633 = CARTESIAN_POINT('',(1.78312459236,19.511646907372,9.633790767594
    ));
#3634 = CARTESIAN_POINT('',(1.834028256888,19.653151507464,
    9.507795481397));
#3635 = CARTESIAN_POINT('',(1.883297389188,19.79378485472,9.378992330096
    ));
#3636 = CARTESIAN_POINT('',(1.931089985613,19.933388128912,
    9.247413238055));
#3637 = CARTESIAN_POINT('',(1.977540329378,20.071816393559,
    9.113076677264));
#3638 = CARTESIAN_POINT('',(2.162833628122,20.633643393357,
    8.551372732308));
#3639 = CARTESIAN_POINT('',(2.290933595735,21.045205976209,
    8.100935372819));
#3640 = CARTESIAN_POINT('',(2.41071540222,21.440298001307,7.62435996918)
  );
#3641 = CARTESIAN_POINT('',(2.523623979296,21.815509355278,
    7.120850791079));
#3642 = CARTESIAN_POINT('',(2.630499434486,22.16673069829,6.58967882299)
  );
#3643 = CARTESIAN_POINT('',(2.731533718423,22.488881955553,
    6.029964534778));
#3644 = CARTESIAN_POINT('',(2.826593827591,22.77595336542,5.440922251645
    ));
#3645 = CARTESIAN_POINT('',(2.946955038979,23.107205660412,
    4.597123192445));
#3646 = CARTESIAN_POINT('',(2.977952747424,23.18921490236,4.36977774006)
  );
#3647 = CARTESIAN_POINT('',(3.008048357408,23.265128476843,
    4.138453559199));
#3648 = CARTESIAN_POINT('',(3.037195480912,23.334489478867,
    3.903148778888));
#3649 = CARTESIAN_POINT('',(3.065334161483,23.396787460124,
    3.663906553883));
#3650 = CARTESIAN_POINT('',(3.092391732868,23.451462023019,
    3.420817354335));
#3651 = CARTESIAN_POINT('',(3.118283677641,23.497906414696,
    3.174021255462));
#3652 = CARTESIAN_POINT('',(3.142914485836,23.535471121066,
    2.923710227224));
#3653 = PCURVE('',#2272,#3654);
#3654 = DEFINITIONAL_REPRESENTATION('',(#3655),#3728);
#3655 = B_SPLINE_CURVE_WITH_KNOTS('',8,(#3656,#3657,#3658,#3659,#3660,
    #3661,#3662,#3663,#3664,#3665,#3666,#3667,#3668,#3669,#3670,#3671,
    #3672,#3673,#3674,#3675,#3676,#3677,#3678,#3679,#3680,#3681,#3682,
    #3683,#3684,#3685,#3686,#3687,#3688,#3689,#3690,#3691,#3692,#3693,
    #3694,#3695,#3696,#3697,#3698,#3699,#3700,#3701,#3702,#3703,#3704,
    #3705,#3706,#3707,#3708,#3709,#3710,#3711,#3712,#3713,#3714,#3715,
    #3716,#3717,#3718,#3719,#3720,#3721,#3722,#3723,#3724,#3725,#3726,
    #3727),.UNSPECIFIED.,.F.,.F.,(9,7,7,7,7,7,7,7,7,7,9),(0.,
    7.554785822395E-02,0.28395842596,0.362200994051,0.462323799887,
    0.513705902158,0.566160138524,0.650095468953,0.71721993599,
    0.925128773524,1.),.UNSPECIFIED.);
#3656 = CARTESIAN_POINT('',(2.716453383752,0.742477250564));
#3657 = CARTESIAN_POINT('',(2.689930084237,0.745510748818));
#3658 = CARTESIAN_POINT('',(2.66387319756,0.748685764251));
#3659 = CARTESIAN_POINT('',(2.638264200242,0.751987067437));
#3660 = CARTESIAN_POINT('',(2.613084195858,0.755400772462));
#3661 = CARTESIAN_POINT('',(2.588313450131,0.758914377928));
#3662 = CARTESIAN_POINT('',(2.563930926034,0.762516807958));
#3663 = CARTESIAN_POINT('',(2.539913818889,0.766198453206));
#3664 = CARTESIAN_POINT('',(2.450921140464,0.78030378279));
#3665 = CARTESIAN_POINT('',(2.388302167723,0.791180574887));
#3666 = CARTESIAN_POINT('',(2.327747890996,0.802423390613));
#3667 = CARTESIAN_POINT('',(2.268891270137,0.813907046692));
#3668 = CARTESIAN_POINT('',(2.211401955851,0.825521934367));
#3669 = CARTESIAN_POINT('',(2.154976559328,0.837165809433));
#3670 = CARTESIAN_POINT('',(2.099286109158,0.848740891551));
#3671 = CARTESIAN_POINT('',(2.023084363313,0.864366659205));
#3672 = CARTESIAN_POINT('',(2.002336828145,0.868599200911));
#3673 = CARTESIAN_POINT('',(1.981620986167,0.872790820852));
#3674 = CARTESIAN_POINT('',(1.960916977065,0.876931621476));
#3675 = CARTESIAN_POINT('',(1.940204657975,0.881009886258));
#3676 = CARTESIAN_POINT('',(1.919462730726,0.885011539187));
#3677 = CARTESIAN_POINT('',(1.898667614827,0.888919362932));
#3678 = CARTESIAN_POINT('',(1.851078749498,0.897565178237));
#3679 = CARTESIAN_POINT('',(1.824253185314,0.902226150753));
#3680 = CARTESIAN_POINT('',(1.797235986312,0.906654856639));
#3681 = CARTESIAN_POINT('',(1.769967250276,0.910793135157));
#3682 = CARTESIAN_POINT('',(1.742403727168,0.914564530929));
#3683 = CARTESIAN_POINT('',(1.714513089556,0.917868685958));
#3684 = CARTESIAN_POINT('',(1.686278620284,0.920587800322));
#3685 = CARTESIAN_POINT('',(1.643075526519,0.923666942961));
#3686 = CARTESIAN_POINT('',(1.628345214351,0.924530626987));
#3687 = CARTESIAN_POINT('',(1.613550779483,0.925199878449));
#3688 = CARTESIAN_POINT('',(1.598708022225,0.925662755144));
#3689 = CARTESIAN_POINT('',(1.583834684306,0.925910939212));
#3690 = CARTESIAN_POINT('',(1.568950643823,0.925940836348));
#3691 = CARTESIAN_POINT('',(1.554078079272,0.925754049046));
#3692 = CARTESIAN_POINT('',(1.524095549586,0.924952118566));
#3693 = CARTESIAN_POINT('',(1.508983605184,0.924328027761));
#3694 = CARTESIAN_POINT('',(1.493927819724,0.923491588119));
#3695 = CARTESIAN_POINT('',(1.478944091796,0.922454428091));
#3696 = CARTESIAN_POINT('',(1.464043144583,0.921231190908));
#3697 = CARTESIAN_POINT('',(1.449231299092,0.91983787654));
#3698 = CARTESIAN_POINT('',(1.434511044372,0.918290502609));
#3699 = CARTESIAN_POINT('',(1.396471596047,0.91390553996));
#3700 = CARTESIAN_POINT('',(1.373300306762,0.910851738865));
#3701 = CARTESIAN_POINT('',(1.350345045337,0.907502748086));
#3702 = CARTESIAN_POINT('',(1.32757858885,0.903912923548));
#3703 = CARTESIAN_POINT('',(1.304972649966,0.900126738504));
#3704 = CARTESIAN_POINT('',(1.282497273176,0.896179286248));
#3705 = CARTESIAN_POINT('',(1.260118592944,0.892098329086));
#3706 = CARTESIAN_POINT('',(1.21994710957,0.884551103727));
#3707 = CARTESIAN_POINT('',(1.202138459035,0.881126362175));
#3708 = CARTESIAN_POINT('',(1.184355632196,0.877642079173));
#3709 = CARTESIAN_POINT('',(1.166584323945,0.874107892629));
#3710 = CARTESIAN_POINT('',(1.148811339313,0.870531959759));
#3711 = CARTESIAN_POINT('',(1.13102410507,0.866921284685));
#3712 = CARTESIAN_POINT('',(1.113210280257,0.863281953973));
#3713 = CARTESIAN_POINT('',(1.040060819082,0.848274649792));
#3714 = CARTESIAN_POINT('',(0.984466140444,0.836721744726));
#3715 = CARTESIAN_POINT('',(0.928130446297,0.825103557463));
#3716 = CARTESIAN_POINT('',(0.870726359747,0.813516924215));
#3717 = CARTESIAN_POINT('',(0.811951928278,0.802063403492));
#3718 = CARTESIAN_POINT('',(0.751478153713,0.790852278772));
#3719 = CARTESIAN_POINT('',(0.688939510925,0.780008503114));
#3720 = CARTESIAN_POINT('',(0.600215226005,0.765974307355));
#3721 = CARTESIAN_POINT('',(0.576388183769,0.762328812744));
#3722 = CARTESIAN_POINT('',(0.552201120351,0.758761577352));
#3723 = CARTESIAN_POINT('',(0.527631831781,0.755282004031));
#3724 = CARTESIAN_POINT('',(0.502659834313,0.751900915913));
#3725 = CARTESIAN_POINT('',(0.477265922274,0.748630516041));
#3726 = CARTESIAN_POINT('',(0.451431725922,0.745484347002));
#3727 = CARTESIAN_POINT('',(0.425139269296,0.742477250557));
#3728 = ( GEOMETRIC_REPRESENTATION_CONTEXT(2) 
PARAMETRIC_REPRESENTATION_CONTEXT() REPRESENTATION_CONTEXT('2D SPACE',''
  ) );
#3729 = PCURVE('',#3222,#3730);
#3730 = DEFINITIONAL_REPRESENTATION('',(#3731),#3804);
#3731 = B_SPLINE_CURVE_WITH_KNOTS('',8,(#3732,#3733,#3734,#3735,#3736,
    #3737,#3738,#3739,#3740,#3741,#3742,#3743,#3744,#3745,#3746,#3747,
    #3748,#3749,#3750,#3751,#3752,#3753,#3754,#3755,#3756,#3757,#3758,
    #3759,#3760,#3761,#3762,#3763,#3764,#3765,#3766,#3767,#3768,#3769,
    #3770,#3771,#3772,#3773,#3774,#3775,#3776,#3777,#3778,#3779,#3780,
    #3781,#3782,#3783,#3784,#3785,#3786,#3787,#3788,#3789,#3790,#3791,
    #3792,#3793,#3794,#3795,#3796,#3797,#3798,#3799,#3800,#3801,#3802,
    #3803),.UNSPECIFIED.,.F.,.F.,(9,7,7,7,7,7,7,7,7,7,9),(0.,
    7.554785822395E-02,0.28395842596,0.362200994051,0.462323799887,
    0.513705902158,0.566160138524,0.650095468953,0.71721993599,
    0.925128773524,1.),.UNSPECIFIED.);
#3732 = CARTESIAN_POINT('',(5.135565125631,-6.E-07));
#3733 = CARTESIAN_POINT('',(5.161719347066,0.106423675978));
#3734 = CARTESIAN_POINT('',(5.187357950612,0.21797035944));
#3735 = CARTESIAN_POINT('',(5.212496638248,0.334139108072));
#3736 = CARTESIAN_POINT('',(5.23715161629,0.454477168965));
#3737 = CARTESIAN_POINT('',(5.261339904257,0.578581520445));
#3738 = CARTESIAN_POINT('',(5.285079643725,0.706101013903));
#3739 = CARTESIAN_POINT('',(5.308390407188,0.836738515627));
#3740 = CARTESIAN_POINT('',(5.394475285061,1.338573743315));
#3741 = CARTESIAN_POINT('',(5.45445136426,1.728187400148));
#3742 = CARTESIAN_POINT('',(5.511775805099,2.134443484609));
#3743 = CARTESIAN_POINT('',(5.566711199804,2.554093682893));
#3744 = CARTESIAN_POINT('',(5.619455387604,2.984688849038));
#3745 = CARTESIAN_POINT('',(5.670097225271,3.42479677099));
#3746 = CARTESIAN_POINT('',(5.718671410253,3.873870729835));
#3747 = CARTESIAN_POINT('',(5.782357853505,4.50543262279));
#3748 = CARTESIAN_POINT('',(5.79941164746,4.679148903982));
#3749 = CARTESIAN_POINT('',(5.816122803358,4.854223121679));
#3750 = CARTESIAN_POINT('',(5.832471406849,5.03069241924));
#3751 = CARTESIAN_POINT('',(5.848429964571,5.208606114842));
#3752 = CARTESIAN_POINT('',(5.863961696315,5.388031575618));
#3753 = CARTESIAN_POINT('',(5.879017869218,5.569063150312));
#3754 = CARTESIAN_POINT('',(5.912109908379,5.985716391105));
#3755 = CARTESIAN_POINT('',(5.929787943166,6.222276582022));
#3756 = CARTESIAN_POINT('',(5.946452160139,6.461984704831));
#3757 = CARTESIAN_POINT('',(5.9619172193,6.705168730265));
#3758 = CARTESIAN_POINT('',(5.975930705114,6.952015056333));
#3759 = CARTESIAN_POINT('',(5.988153655348,7.202616668266));
#3760 = CARTESIAN_POINT('',(5.998182266164,7.456934069716));
#3761 = CARTESIAN_POINT('',(6.009518033874,7.846731950172));
#3762 = CARTESIAN_POINT('',(6.012692851658,7.979747896933));
#3763 = CARTESIAN_POINT('',(6.015150066604,8.11342932255));
#3764 = CARTESIAN_POINT('',(6.016848260175,8.247608160201));
#3765 = CARTESIAN_POINT('',(6.017758539867,8.382098830797));
#3766 = CARTESIAN_POINT('',(6.017868382021,8.516696490509));
#3767 = CARTESIAN_POINT('',(6.017183326822,8.651175513653));
#3768 = CARTESIAN_POINT('',(6.014239326593,8.922199291098));
#3769 = CARTESIAN_POINT('',(6.011947504109,9.058760258678));
#3770 = CARTESIAN_POINT('',(6.008874125352,9.194745004868));
#3771 = CARTESIAN_POINT('',(6.00505957157,9.32998304277));
#3772 = CARTESIAN_POINT('',(6.000554556857,9.464350567826));
#3773 = CARTESIAN_POINT('',(5.995414284643,9.597763358808));
#3774 = CARTESIAN_POINT('',(5.989693741709,9.730171519346));
#3775 = CARTESIAN_POINT('',(5.973443731611,10.071792746276));
#3776 = CARTESIAN_POINT('',(5.962091484133,10.279350063356));
#3777 = CARTESIAN_POINT('',(5.949591740043,10.484316795953));
#3778 = CARTESIAN_POINT('',(5.936126878517,10.686820260224));
#3779 = CARTESIAN_POINT('',(5.921843125978,10.88699300212));
#3780 = CARTESIAN_POINT('',(5.906852501162,11.084978019502));
#3781 = CARTESIAN_POINT('',(5.891239780258,11.280946370741));
#3782 = CARTESIAN_POINT('',(5.862126842539,11.630369715315));
#3783 = CARTESIAN_POINT('',(5.848833419638,11.784435481512));
#3784 = CARTESIAN_POINT('',(5.835216334966,11.937368581809));
#3785 = CARTESIAN_POINT('',(5.821301625161,12.089220468404));
#3786 = CARTESIAN_POINT('',(5.807109606575,12.240028763235));
#3787 = CARTESIAN_POINT('',(5.792655979835,12.389821044415));
#3788 = CARTESIAN_POINT('',(5.777952570229,12.538617450856));
#3789 = CARTESIAN_POINT('',(5.716718028659,13.144267739241));
#3790 = CARTESIAN_POINT('',(5.668175696995,13.59205428155));
#3791 = CARTESIAN_POINT('',(5.617575195389,14.030896653588));
#3792 = CARTESIAN_POINT('',(5.564878890119,14.460237747054));
#3793 = CARTESIAN_POINT('',(5.509995915356,14.878636333638));
#3794 = CARTESIAN_POINT('',(5.452728052077,15.283637943277));
#3795 = CARTESIAN_POINT('',(5.392812842711,15.671988872795));
#3796 = CARTESIAN_POINT('',(5.306969723216,16.171214449894));
#3797 = CARTESIAN_POINT('',(5.283839592036,16.30055335883));
#3798 = CARTESIAN_POINT('',(5.260287119057,16.426815375823));
#3799 = CARTESIAN_POINT('',(5.236293238732,16.549709490128));
#3800 = CARTESIAN_POINT('',(5.211840283751,16.66889240766));
#3801 = CARTESIAN_POINT('',(5.186911692386,16.78397063725));
#3802 = CARTESIAN_POINT('',(5.161491715835,16.894502576893));
#3803 = CARTESIAN_POINT('',(5.135565125569,17.0000006));
#3804 = ( GEOMETRIC_REPRESENTATION_CONTEXT(2) 
PARAMETRIC_REPRESENTATION_CONTEXT() REPRESENTATION_CONTEXT('2D SPACE',''
  ) );
#3805 = ORIENTED_EDGE('',*,*,#3806,.T.);
#3806 = EDGE_CURVE('',#3577,#3807,#3809,.T.);
#3807 = VERTEX_POINT('',#3808);
#3808 = CARTESIAN_POINT('',(8.152994025948,17.270039765315,
    4.660978107378));
#3809 = SURFACE_CURVE('',#3810,(#3820,#3833),.PCURVE_S1.);
#3810 = B_SPLINE_CURVE_WITH_KNOTS('',8,(#3811,#3812,#3813,#3814,#3815,
    #3816,#3817,#3818,#3819),.UNSPECIFIED.,.F.,.F.,(9,9),(0.,1.),
  .PIECEWISE_BEZIER_KNOTS.);
#3811 = CARTESIAN_POINT('',(2.658215358666,24.135641055321,
    2.742821374681));
#3812 = CARTESIAN_POINT('',(3.346586876009,23.28380837939,3.000862225933
    ));
#3813 = CARTESIAN_POINT('',(4.034654442732,22.430667368642,
    3.255176799293));
#3814 = CARTESIAN_POINT('',(4.722400890732,21.576017422022,
    3.505282909096));
#3815 = CARTESIAN_POINT('',(5.409775014933,20.71963373377,3.750543378146
    ));
#3816 = CARTESIAN_POINT('',(6.096693669293,19.861271581433,
    3.990181581351));
#3817 = CARTESIAN_POINT('',(6.783018256342,19.000581153024,
    4.223027588197));
#3818 = CARTESIAN_POINT('',(7.468563265394,18.137135956976,
    4.447604946921));
#3819 = CARTESIAN_POINT('',(8.152994025948,17.270039770561,
    4.660978118627));
#3820 = PCURVE('',#2272,#3821);
#3821 = DEFINITIONAL_REPRESENTATION('',(#3822),#3832);
#3822 = B_SPLINE_CURVE_WITH_KNOTS('',8,(#3823,#3824,#3825,#3826,#3827,
    #3828,#3829,#3830,#3831),.UNSPECIFIED.,.F.,.F.,(9,9),(0.,1.),
  .PIECEWISE_BEZIER_KNOTS.);
#3823 = CARTESIAN_POINT('',(0.434296722607,0.717563291139));
#3824 = CARTESIAN_POINT('',(0.421473954051,0.752946224212));
#3825 = CARTESIAN_POINT('',(0.408077405455,0.788313533941));
#3826 = CARTESIAN_POINT('',(0.394037045624,0.823664337871));
#3827 = CARTESIAN_POINT('',(0.379264427357,0.858996004012));
#3828 = CARTESIAN_POINT('',(0.363651749821,0.894304258583));
#3829 = CARTESIAN_POINT('',(0.34704181346,0.929581977543));
#3830 = CARTESIAN_POINT('',(0.32923611541,0.964819625474));
#3831 = CARTESIAN_POINT('',(0.309844639906,1.));
#3832 = ( GEOMETRIC_REPRESENTATION_CONTEXT(2) 
PARAMETRIC_REPRESENTATION_CONTEXT() REPRESENTATION_CONTEXT('2D SPACE',''
  ) );
#3833 = PCURVE('',#3050,#3834);
#3834 = DEFINITIONAL_REPRESENTATION('',(#3835),#3845);
#3835 = B_SPLINE_CURVE_WITH_KNOTS('',8,(#3836,#3837,#3838,#3839,#3840,
    #3841,#3842,#3843,#3844),.UNSPECIFIED.,.F.,.F.,(9,9),(0.,1.),
  .PIECEWISE_BEZIER_KNOTS.);
#3836 = CARTESIAN_POINT('',(3.754828862157,-8.925));
#3837 = CARTESIAN_POINT('',(3.628693250224,-7.806899314915));
#3838 = CARTESIAN_POINT('',(3.498627557436,-6.689292327472));
#3839 = CARTESIAN_POINT('',(3.364109997498,-5.572206923296));
#3840 = CARTESIAN_POINT('',(3.224468084738,-4.455726273215));
#3841 = CARTESIAN_POINT('',(3.07889453361,-3.33998542879));
#3842 = CARTESIAN_POINT('',(2.926181190044,-2.225209509628));
#3843 = CARTESIAN_POINT('',(2.764809691185,-1.11169983503));
#3844 = CARTESIAN_POINT('',(2.591740775183,1.33226762955E-14));
#3845 = ( GEOMETRIC_REPRESENTATION_CONTEXT(2) 
PARAMETRIC_REPRESENTATION_CONTEXT() REPRESENTATION_CONTEXT('2D SPACE',''
  ) );
#3846 = ORIENTED_EDGE('',*,*,#3847,.F.);
#3847 = EDGE_CURVE('',#3848,#3807,#3850,.T.);
#3848 = VERTEX_POINT('',#3849);
#3849 = CARTESIAN_POINT('',(8.362176483293,16.999031020075,
    3.693086701735));
#3850 = SURFACE_CURVE('',#3851,(#3856,#3863),.PCURVE_S1.);
#3851 = ELLIPSE('',#3852,8.925,8.5);
#3852 = AXIS2_PLACEMENT_3D('',#3853,#3854,#3855);
#3853 = CARTESIAN_POINT('',(1.454902620291,11.431903080508,
    4.523676423543));
#3854 = DIRECTION('',(0.615661475326,-0.714180282262,0.333027734922));
#3855 = DIRECTION('',(0.788010753607,0.557978789266,-0.260189782523));
#3856 = PCURVE('',#2272,#3857);
#3857 = DEFINITIONAL_REPRESENTATION('',(#3858),#3862);
#3858 = LINE('',#3859,#3860);
#3859 = CARTESIAN_POINT('',(0.,1.));
#3860 = VECTOR('',#3861,1.);
#3861 = DIRECTION('',(1.,0.));
#3862 = ( GEOMETRIC_REPRESENTATION_CONTEXT(2) 
PARAMETRIC_REPRESENTATION_CONTEXT() REPRESENTATION_CONTEXT('2D SPACE',''
  ) );
#3863 = PCURVE('',#3864,#3869);
#3864 = PLANE('',#3865);
#3865 = AXIS2_PLACEMENT_3D('',#3866,#3867,#3868);
#3866 = CARTESIAN_POINT('',(1.454902620291,11.431903080508,
    4.523676423543));
#3867 = DIRECTION('',(0.615661475326,-0.714180282262,0.333027734922));
#3868 = DIRECTION('',(0.788010753607,0.557978789266,-0.260189782523));
#3869 = DEFINITIONAL_REPRESENTATION('',(#3870),#3874);
#3870 = ELLIPSE('',#3871,8.925,8.5);
#3871 = AXIS2_PLACEMENT_2D('',#3872,#3873);
#3872 = CARTESIAN_POINT('',(0.,0.));
#3873 = DIRECTION('',(1.,2.775557561563E-17));
#3874 = ( GEOMETRIC_REPRESENTATION_CONTEXT(2) 
PARAMETRIC_REPRESENTATION_CONTEXT() REPRESENTATION_CONTEXT('2D SPACE',''
  ) );
#3875 = ORIENTED_EDGE('',*,*,#3876,.T.);
#3876 = EDGE_CURVE('',#3848,#2893,#3877,.T.);
#3877 = SURFACE_CURVE('',#3878,(#3899,#3923),.PCURVE_S1.);
#3878 = B_SPLINE_CURVE_WITH_KNOTS('',7,(#3879,#3880,#3881,#3882,#3883,
    #3884,#3885,#3886,#3887,#3888,#3889,#3890,#3891,#3892,#3893,#3894,
    #3895,#3896,#3897,#3898),.UNSPECIFIED.,.F.,.F.,(8,6,6,8),(0.,
    0.199430508455,0.466363212314,1.),.UNSPECIFIED.);
#3879 = CARTESIAN_POINT('',(8.362176488685,16.999031023893,
    3.693086699954));
#3880 = CARTESIAN_POINT('',(8.320643129166,17.052600534373,
    3.668106826974));
#3881 = CARTESIAN_POINT('',(8.279742619736,17.104952046215,
    3.639506882451));
#3882 = CARTESIAN_POINT('',(8.239621368759,17.155896196072,
    3.607386937552));
#3883 = CARTESIAN_POINT('',(8.2004065798,17.205251256602,3.571869828418)
  );
#3884 = CARTESIAN_POINT('',(8.162207723291,17.252843183334,
    3.533098116418));
#3885 = CARTESIAN_POINT('',(8.125118008194,17.298505661536,
    3.491231048412));
#3886 = CARTESIAN_POINT('',(8.041161725655,17.400403510617,3.38649185928
    ));
#3887 = CARTESIAN_POINT('',(7.995234145551,17.454987583434,
    3.321305384154));
#3888 = CARTESIAN_POINT('',(7.951616109059,17.505459391106,
    3.251290224965));
#3889 = CARTESIAN_POINT('',(7.910438922522,17.551477631891,
    3.176888189409));
#3890 = CARTESIAN_POINT('',(7.871795273284,17.592729533823,
    3.098563223906));
#3891 = CARTESIAN_POINT('',(7.835750511634,17.628930791249,
    3.016794507001));
#3892 = CARTESIAN_POINT('',(7.735584014469,17.721597714824,
    2.762706061863));
#3893 = CARTESIAN_POINT('',(7.679316009336,17.762241698819,
    2.581346810294));
#3894 = CARTESIAN_POINT('',(7.634056040343,17.77957428462,2.392100443606
    ));
#3895 = CARTESIAN_POINT('',(7.599962837692,17.772036723369,
    2.199413864515));
#3896 = CARTESIAN_POINT('',(7.577103949616,17.73888778953,2.007928477668
    ));
#3897 = CARTESIAN_POINT('',(7.565681599605,17.680470240426,
    1.822496763542));
#3898 = CARTESIAN_POINT('',(7.565681599605,17.599049269017,1.64788892688
    ));
#3899 = PCURVE('',#2272,#3900);
#3900 = DEFINITIONAL_REPRESENTATION('',(#3901),#3922);
#3901 = B_SPLINE_CURVE_WITH_KNOTS('',7,(#3902,#3903,#3904,#3905,#3906,
    #3907,#3908,#3909,#3910,#3911,#3912,#3913,#3914,#3915,#3916,#3917,
    #3918,#3919,#3920,#3921),.UNSPECIFIED.,.F.,.F.,(8,6,6,8),(0.,
    0.199430508455,0.466363212314,1.),.UNSPECIFIED.);
#3902 = CARTESIAN_POINT('',(0.189365007331,1.));
#3903 = CARTESIAN_POINT('',(0.189287785001,0.997716842784));
#3904 = CARTESIAN_POINT('',(0.188756021825,0.995435391511));
#3905 = CARTESIAN_POINT('',(0.187772061584,0.993163833018));
#3906 = CARTESIAN_POINT('',(0.18634135523,0.990910047312));
#3907 = CARTESIAN_POINT('',(0.184472054681,0.988681603153));
#3908 = CARTESIAN_POINT('',(0.182174606604,0.986485753624));
#3909 = CARTESIAN_POINT('',(0.175829715628,0.981443249247));
#3910 = CARTESIAN_POINT('',(0.171453088446,0.978627818411));
#3911 = CARTESIAN_POINT('',(0.166360679432,0.97589943536));
#3912 = CARTESIAN_POINT('',(0.160586977633,0.973273028113));
#3913 = CARTESIAN_POINT('',(0.154169913435,0.970762360806));
#3914 = CARTESIAN_POINT('',(0.147149771725,0.968380182136));
#3915 = CARTESIAN_POINT('',(0.12441350293,0.961656509908));
#3916 = CARTESIAN_POINT('',(0.106999514899,0.957730344219));
#3917 = CARTESIAN_POINT('',(8.767540734459E-02,0.954462379056));
#3918 = CARTESIAN_POINT('',(6.684259810867E-02,0.95193780093));
#3919 = CARTESIAN_POINT('',(4.494021625723E-02,0.950223593129));
#3920 = CARTESIAN_POINT('',(2.246496839045E-02,0.949367088608));
#3921 = CARTESIAN_POINT('',(0.,0.949367088608));
#3922 = ( GEOMETRIC_REPRESENTATION_CONTEXT(2) 
PARAMETRIC_REPRESENTATION_CONTEXT() REPRESENTATION_CONTEXT('2D SPACE',''
  ) );
#3923 = PCURVE('',#2964,#3924);
#3924 = DEFINITIONAL_REPRESENTATION('',(#3925),#3946);
#3925 = B_SPLINE_CURVE_WITH_KNOTS('',7,(#3926,#3927,#3928,#3929,#3930,
    #3931,#3932,#3933,#3934,#3935,#3936,#3937,#3938,#3939,#3940,#3941,
    #3942,#3943,#3944,#3945),.UNSPECIFIED.,.F.,.F.,(8,6,6,8),(0.,
    0.199430508455,0.466363212314,1.),.UNSPECIFIED.);
#3926 = CARTESIAN_POINT('',(6.28318530718,25.765456355487));
#3927 = CARTESIAN_POINT('',(6.238092952162,25.76911777987));
#3928 = CARTESIAN_POINT('',(6.193034339492,25.773540185151));
#3929 = CARTESIAN_POINT('',(6.148021201859,25.778707244468));
#3930 = CARTESIAN_POINT('',(6.103060704188,25.784585834888));
#3931 = CARTESIAN_POINT('',(6.058156708134,25.791128014153));
#3932 = CARTESIAN_POINT('',(6.013311036591,25.79827299743));
#3933 = CARTESIAN_POINT('',(5.908579407748,25.816223449258));
#3934 = CARTESIAN_POINT('',(5.848739087362,25.827449631899));
#3935 = CARTESIAN_POINT('',(5.788998918664,25.839457577271));
#3936 = CARTESIAN_POINT('',(5.729342842899,25.852045363204));
#3937 = CARTESIAN_POINT('',(5.669748274992,25.864990794082));
#3938 = CARTESIAN_POINT('',(5.610188751827,25.878062052747));
#3939 = CARTESIAN_POINT('',(5.43157716707,25.916947170934));
#3940 = CARTESIAN_POINT('',(5.312403925365,25.94247368301));
#3941 = CARTESIAN_POINT('',(5.193036534366,25.965719526968));
#3942 = CARTESIAN_POINT('',(5.073341994907,25.984782996462));
#3943 = CARTESIAN_POINT('',(4.953266659009,25.998096086033));
#3944 = CARTESIAN_POINT('',(4.832800500041,26.004746835443));
#3945 = CARTESIAN_POINT('',(4.712388980385,26.004746835443));
#3946 = ( GEOMETRIC_REPRESENTATION_CONTEXT(2) 
PARAMETRIC_REPRESENTATION_CONTEXT() REPRESENTATION_CONTEXT('2D SPACE',''
  ) );
#3947 = ORIENTED_EDGE('',*,*,#2892,.F.);
#3948 = ADVANCED_FACE('',(#3949),#2964,.F.);
#3949 = FACE_BOUND('',#3950,.F.);
#3950 = EDGE_LOOP('',(#3951,#3974,#3975,#3976,#3999,#4021,#4044,#4068,
    #4089,#4090,#4111));
#3951 = ORIENTED_EDGE('',*,*,#3952,.T.);
#3952 = EDGE_CURVE('',#3953,#3848,#3955,.T.);
#3953 = VERTEX_POINT('',#3954);
#3954 = CARTESIAN_POINT('',(8.152994025948,16.850912008056,
    3.762155731358));
#3955 = SURFACE_CURVE('',#3956,(#3960,#3967),.PCURVE_S1.);
#3956 = LINE('',#3957,#3958);
#3957 = CARTESIAN_POINT('',(-11.94128019102,2.62245288177,10.39699518569
    ));
#3958 = VECTOR('',#3959,1.);
#3959 = DIRECTION('',(0.788010753607,0.557978789266,-0.260189782523));
#3960 = PCURVE('',#2964,#3961);
#3961 = DEFINITIONAL_REPRESENTATION('',(#3962),#3966);
#3962 = LINE('',#3963,#3964);
#3963 = CARTESIAN_POINT('',(6.28318530718,-0.));
#3964 = VECTOR('',#3965,1.);
#3965 = DIRECTION('',(0.,1.));
#3966 = ( GEOMETRIC_REPRESENTATION_CONTEXT(2) 
PARAMETRIC_REPRESENTATION_CONTEXT() REPRESENTATION_CONTEXT('2D SPACE',''
  ) );
#3967 = PCURVE('',#3864,#3968);
#3968 = DEFINITIONAL_REPRESENTATION('',(#3969),#3973);
#3969 = LINE('',#3970,#3971);
#3970 = CARTESIAN_POINT('',(-17.,1.6));
#3971 = VECTOR('',#3972,1.);
#3972 = DIRECTION('',(1.,-2.775557561563E-17));
#3973 = ( GEOMETRIC_REPRESENTATION_CONTEXT(2) 
PARAMETRIC_REPRESENTATION_CONTEXT() REPRESENTATION_CONTEXT('2D SPACE',''
  ) );
#3974 = ORIENTED_EDGE('',*,*,#3876,.T.);
#3975 = ORIENTED_EDGE('',*,*,#2914,.T.);
#3976 = ORIENTED_EDGE('',*,*,#3977,.F.);
#3977 = EDGE_CURVE('',#3978,#2915,#3980,.T.);
#3978 = VERTEX_POINT('',#3979);
#3979 = CARTESIAN_POINT('',(8.152994025948,15.498533570485,0.86197081284
    ));
#3980 = SURFACE_CURVE('',#3981,(#3985,#3992),.PCURVE_S1.);
#3981 = LINE('',#3982,#3983);
#3982 = CARTESIAN_POINT('',(-11.94128019102,1.270074444199,
    7.496810267173));
#3983 = VECTOR('',#3984,1.);
#3984 = DIRECTION('',(0.788010753607,0.557978789266,-0.260189782523));
#3985 = PCURVE('',#2964,#3986);
#3986 = DEFINITIONAL_REPRESENTATION('',(#3987),#3991);
#3987 = LINE('',#3988,#3989);
#3988 = CARTESIAN_POINT('',(3.14159265359,0.));
#3989 = VECTOR('',#3990,1.);
#3990 = DIRECTION('',(0.,1.));
#3991 = ( GEOMETRIC_REPRESENTATION_CONTEXT(2) 
PARAMETRIC_REPRESENTATION_CONTEXT() REPRESENTATION_CONTEXT('2D SPACE',''
  ) );
#3992 = PCURVE('',#3010,#3993);
#3993 = DEFINITIONAL_REPRESENTATION('',(#3994),#3998);
#3994 = LINE('',#3995,#3996);
#3995 = CARTESIAN_POINT('',(-17.,-1.6));
#3996 = VECTOR('',#3997,1.);
#3997 = DIRECTION('',(1.,-2.775557561563E-17));
#3998 = ( GEOMETRIC_REPRESENTATION_CONTEXT(2) 
PARAMETRIC_REPRESENTATION_CONTEXT() REPRESENTATION_CONTEXT('2D SPACE',''
  ) );
#3999 = ORIENTED_EDGE('',*,*,#4000,.F.);
#4000 = EDGE_CURVE('',#3953,#3978,#4001,.T.);
#4001 = SURFACE_CURVE('',#4002,(#4007,#4014),.PCURVE_S1.);
#4002 = CIRCLE('',#4003,1.6);
#4003 = AXIS2_PLACEMENT_3D('',#4004,#4005,#4006);
#4004 = CARTESIAN_POINT('',(8.152994025948,16.17472278927,2.312063272099
    ));
#4005 = DIRECTION('',(0.788010753607,0.557978789266,-0.260189782523));
#4006 = DIRECTION('',(0.,0.422618261741,0.906307787037));
#4007 = PCURVE('',#2964,#4008);
#4008 = DEFINITIONAL_REPRESENTATION('',(#4009),#4013);
#4009 = LINE('',#4010,#4011);
#4010 = CARTESIAN_POINT('',(0.,25.5));
#4011 = VECTOR('',#4012,1.);
#4012 = DIRECTION('',(1.,0.));
#4013 = ( GEOMETRIC_REPRESENTATION_CONTEXT(2) 
PARAMETRIC_REPRESENTATION_CONTEXT() REPRESENTATION_CONTEXT('2D SPACE',''
  ) );
#4014 = PCURVE('',#3050,#4015);
#4015 = DEFINITIONAL_REPRESENTATION('',(#4016),#4020);
#4016 = CIRCLE('',#4017,1.6);
#4017 = AXIS2_PLACEMENT_2D('',#4018,#4019);
#4018 = CARTESIAN_POINT('',(0.,0.));
#4019 = DIRECTION('',(1.,-5.551115123126E-17));
#4020 = ( GEOMETRIC_REPRESENTATION_CONTEXT(2) 
PARAMETRIC_REPRESENTATION_CONTEXT() REPRESENTATION_CONTEXT('2D SPACE',''
  ) );
#4021 = ORIENTED_EDGE('',*,*,#4022,.F.);
#4022 = EDGE_CURVE('',#4023,#3953,#4025,.T.);
#4023 = VERTEX_POINT('',#4024);
#4024 = CARTESIAN_POINT('',(-5.243188785366,7.365272590532,
    8.185382034246));
#4025 = SEAM_CURVE('',#4026,(#4030,#4037),.PCURVE_S1.);
#4026 = LINE('',#4027,#4028);
#4027 = CARTESIAN_POINT('',(-11.94128019102,2.62245288177,10.39699518569
    ));
#4028 = VECTOR('',#4029,1.);
#4029 = DIRECTION('',(0.788010753607,0.557978789266,-0.260189782523));
#4030 = PCURVE('',#2964,#4031);
#4031 = DEFINITIONAL_REPRESENTATION('',(#4032),#4036);
#4032 = LINE('',#4033,#4034);
#4033 = CARTESIAN_POINT('',(6.28318530718,-0.));
#4034 = VECTOR('',#4035,1.);
#4035 = DIRECTION('',(0.,1.));
#4036 = ( GEOMETRIC_REPRESENTATION_CONTEXT(2) 
PARAMETRIC_REPRESENTATION_CONTEXT() REPRESENTATION_CONTEXT('2D SPACE',''
  ) );
#4037 = PCURVE('',#2964,#4038);
#4038 = DEFINITIONAL_REPRESENTATION('',(#4039),#4043);
#4039 = LINE('',#4040,#4041);
#4040 = CARTESIAN_POINT('',(0.,-0.));
#4041 = VECTOR('',#4042,1.);
#4042 = DIRECTION('',(0.,1.));
#4043 = ( GEOMETRIC_REPRESENTATION_CONTEXT(2) 
PARAMETRIC_REPRESENTATION_CONTEXT() REPRESENTATION_CONTEXT('2D SPACE',''
  ) );
#4044 = ORIENTED_EDGE('',*,*,#4045,.T.);
#4045 = EDGE_CURVE('',#4023,#4046,#4048,.T.);
#4046 = VERTEX_POINT('',#4047);
#4047 = CARTESIAN_POINT('',(-5.243188785366,6.012894152961,
    5.285197115729));
#4048 = SURFACE_CURVE('',#4049,(#4054,#4061),.PCURVE_S1.);
#4049 = CIRCLE('',#4050,1.6);
#4050 = AXIS2_PLACEMENT_3D('',#4051,#4052,#4053);
#4051 = CARTESIAN_POINT('',(-5.243188785366,6.689083371746,
    6.735289574987));
#4052 = DIRECTION('',(0.788010753607,0.557978789266,-0.260189782523));
#4053 = DIRECTION('',(0.,0.422618261741,0.906307787037));
#4054 = PCURVE('',#2964,#4055);
#4055 = DEFINITIONAL_REPRESENTATION('',(#4056),#4060);
#4056 = LINE('',#4057,#4058);
#4057 = CARTESIAN_POINT('',(0.,8.5));
#4058 = VECTOR('',#4059,1.);
#4059 = DIRECTION('',(1.,0.));
#4060 = ( GEOMETRIC_REPRESENTATION_CONTEXT(2) 
PARAMETRIC_REPRESENTATION_CONTEXT() REPRESENTATION_CONTEXT('2D SPACE',''
  ) );
#4061 = PCURVE('',#3331,#4062);
#4062 = DEFINITIONAL_REPRESENTATION('',(#4063),#4067);
#4063 = CIRCLE('',#4064,1.6);
#4064 = AXIS2_PLACEMENT_2D('',#4065,#4066);
#4065 = CARTESIAN_POINT('',(0.,0.));
#4066 = DIRECTION('',(1.,-5.551115123126E-17));
#4067 = ( GEOMETRIC_REPRESENTATION_CONTEXT(2) 
PARAMETRIC_REPRESENTATION_CONTEXT() REPRESENTATION_CONTEXT('2D SPACE',''
  ) );
#4068 = ORIENTED_EDGE('',*,*,#4069,.F.);
#4069 = EDGE_CURVE('',#3350,#4046,#4070,.T.);
#4070 = SURFACE_CURVE('',#4071,(#4075,#4082),.PCURVE_S1.);
#4071 = LINE('',#4072,#4073);
#4072 = CARTESIAN_POINT('',(-11.94128019102,1.270074444199,
    7.496810267173));
#4073 = VECTOR('',#4074,1.);
#4074 = DIRECTION('',(0.788010753607,0.557978789266,-0.260189782523));
#4075 = PCURVE('',#2964,#4076);
#4076 = DEFINITIONAL_REPRESENTATION('',(#4077),#4081);
#4077 = LINE('',#4078,#4079);
#4078 = CARTESIAN_POINT('',(3.14159265359,0.));
#4079 = VECTOR('',#4080,1.);
#4080 = DIRECTION('',(0.,1.));
#4081 = ( GEOMETRIC_REPRESENTATION_CONTEXT(2) 
PARAMETRIC_REPRESENTATION_CONTEXT() REPRESENTATION_CONTEXT('2D SPACE',''
  ) );
#4082 = PCURVE('',#3366,#4083);
#4083 = DEFINITIONAL_REPRESENTATION('',(#4084),#4088);
#4084 = LINE('',#4085,#4086);
#4085 = CARTESIAN_POINT('',(-17.,-1.6));
#4086 = VECTOR('',#4087,1.);
#4087 = DIRECTION('',(1.,-2.775557561563E-17));
#4088 = ( GEOMETRIC_REPRESENTATION_CONTEXT(2) 
PARAMETRIC_REPRESENTATION_CONTEXT() REPRESENTATION_CONTEXT('2D SPACE',''
  ) );
#4089 = ORIENTED_EDGE('',*,*,#3378,.T.);
#4090 = ORIENTED_EDGE('',*,*,#4091,.T.);
#4091 = EDGE_CURVE('',#3379,#4023,#4092,.T.);
#4092 = SURFACE_CURVE('',#4093,(#4097,#4104),.PCURVE_S1.);
#4093 = LINE('',#4094,#4095);
#4094 = CARTESIAN_POINT('',(-11.94128019102,2.62245288177,10.39699518569
    ));
#4095 = VECTOR('',#4096,1.);
#4096 = DIRECTION('',(0.788010753607,0.557978789266,-0.260189782523));
#4097 = PCURVE('',#2964,#4098);
#4098 = DEFINITIONAL_REPRESENTATION('',(#4099),#4103);
#4099 = LINE('',#4100,#4101);
#4100 = CARTESIAN_POINT('',(6.28318530718,-0.));
#4101 = VECTOR('',#4102,1.);
#4102 = DIRECTION('',(0.,1.));
#4103 = ( GEOMETRIC_REPRESENTATION_CONTEXT(2) 
PARAMETRIC_REPRESENTATION_CONTEXT() REPRESENTATION_CONTEXT('2D SPACE',''
  ) );
#4104 = PCURVE('',#3523,#4105);
#4105 = DEFINITIONAL_REPRESENTATION('',(#4106),#4110);
#4106 = LINE('',#4107,#4108);
#4107 = CARTESIAN_POINT('',(-17.,1.6));
#4108 = VECTOR('',#4109,1.);
#4109 = DIRECTION('',(1.,-2.775557561563E-17));
#4110 = ( GEOMETRIC_REPRESENTATION_CONTEXT(2) 
PARAMETRIC_REPRESENTATION_CONTEXT() REPRESENTATION_CONTEXT('2D SPACE',''
  ) );
#4111 = ORIENTED_EDGE('',*,*,#4022,.T.);
#4112 = ADVANCED_FACE('',(#4113),#3864,.T.);
#4113 = FACE_BOUND('',#4114,.T.);
#4114 = EDGE_LOOP('',(#4115,#4136,#4137));
#4115 = ORIENTED_EDGE('',*,*,#4116,.F.);
#4116 = EDGE_CURVE('',#3953,#3807,#4117,.T.);
#4117 = SURFACE_CURVE('',#4118,(#4122,#4129),.PCURVE_S1.);
#4118 = LINE('',#4119,#4120);
#4119 = CARTESIAN_POINT('',(8.152994025948,16.17472278927,2.312063272099
    ));
#4120 = VECTOR('',#4121,1.);
#4121 = DIRECTION('',(0.,0.422618261741,0.906307787037));
#4122 = PCURVE('',#3864,#4123);
#4123 = DEFINITIONAL_REPRESENTATION('',(#4124),#4128);
#4124 = LINE('',#4125,#4126);
#4125 = CARTESIAN_POINT('',(8.5,-1.33226762955E-15));
#4126 = VECTOR('',#4127,1.);
#4127 = DIRECTION('',(-2.775557561563E-17,1.));
#4128 = ( GEOMETRIC_REPRESENTATION_CONTEXT(2) 
PARAMETRIC_REPRESENTATION_CONTEXT() REPRESENTATION_CONTEXT('2D SPACE',''
  ) );
#4129 = PCURVE('',#3050,#4130);
#4130 = DEFINITIONAL_REPRESENTATION('',(#4131),#4135);
#4131 = LINE('',#4132,#4133);
#4132 = CARTESIAN_POINT('',(0.,0.));
#4133 = VECTOR('',#4134,1.);
#4134 = DIRECTION('',(1.,0.));
#4135 = ( GEOMETRIC_REPRESENTATION_CONTEXT(2) 
PARAMETRIC_REPRESENTATION_CONTEXT() REPRESENTATION_CONTEXT('2D SPACE',''
  ) );
#4136 = ORIENTED_EDGE('',*,*,#3952,.T.);
#4137 = ORIENTED_EDGE('',*,*,#3847,.T.);
#4138 = ADVANCED_FACE('',(#4139),#3050,.T.);
#4139 = FACE_BOUND('',#4140,.T.);
#4140 = EDGE_LOOP('',(#4141,#4142,#4164,#4165,#4186,#4187));
#4141 = ORIENTED_EDGE('',*,*,#3806,.F.);
#4142 = ORIENTED_EDGE('',*,*,#4143,.T.);
#4143 = EDGE_CURVE('',#3577,#3023,#4144,.T.);
#4144 = SURFACE_CURVE('',#4145,(#4150,#4157),.PCURVE_S1.);
#4145 = CIRCLE('',#4146,8.925);
#4146 = AXIS2_PLACEMENT_3D('',#4147,#4148,#4149);
#4147 = CARTESIAN_POINT('',(8.152994025948,16.17472278927,2.312063272099
    ));
#4148 = DIRECTION('',(0.788010753607,0.557978789266,-0.260189782523));
#4149 = DIRECTION('',(-0.561353465568,0.824733682706,6.853203122925E-02)
  );
#4150 = PCURVE('',#3050,#4151);
#4151 = DEFINITIONAL_REPRESENTATION('',(#4152),#4156);
#4152 = CIRCLE('',#4153,8.925);
#4153 = AXIS2_PLACEMENT_2D('',#4154,#4155);
#4154 = CARTESIAN_POINT('',(0.,0.));
#4155 = DIRECTION('',(0.410658628949,-0.911789169967));
#4156 = ( GEOMETRIC_REPRESENTATION_CONTEXT(2) 
PARAMETRIC_REPRESENTATION_CONTEXT() REPRESENTATION_CONTEXT('2D SPACE',''
  ) );
#4157 = PCURVE('',#3222,#4158);
#4158 = DEFINITIONAL_REPRESENTATION('',(#4159),#4163);
#4159 = LINE('',#4160,#4161);
#4160 = CARTESIAN_POINT('',(5.135565273022,17.));
#4161 = VECTOR('',#4162,1.);
#4162 = DIRECTION('',(1.,0.));
#4163 = ( GEOMETRIC_REPRESENTATION_CONTEXT(2) 
PARAMETRIC_REPRESENTATION_CONTEXT() REPRESENTATION_CONTEXT('2D SPACE',''
  ) );
#4164 = ORIENTED_EDGE('',*,*,#3022,.T.);
#4165 = ORIENTED_EDGE('',*,*,#4166,.T.);
#4166 = EDGE_CURVE('',#2994,#3978,#4167,.T.);
#4167 = SURFACE_CURVE('',#4168,(#4172,#4179),.PCURVE_S1.);
#4168 = LINE('',#4169,#4170);
#4169 = CARTESIAN_POINT('',(8.152994025948,16.17472278927,2.312063272099
    ));
#4170 = VECTOR('',#4171,1.);
#4171 = DIRECTION('',(0.,0.422618261741,0.906307787037));
#4172 = PCURVE('',#3050,#4173);
#4173 = DEFINITIONAL_REPRESENTATION('',(#4174),#4178);
#4174 = LINE('',#4175,#4176);
#4175 = CARTESIAN_POINT('',(0.,0.));
#4176 = VECTOR('',#4177,1.);
#4177 = DIRECTION('',(1.,0.));
#4178 = ( GEOMETRIC_REPRESENTATION_CONTEXT(2) 
PARAMETRIC_REPRESENTATION_CONTEXT() REPRESENTATION_CONTEXT('2D SPACE',''
  ) );
#4179 = PCURVE('',#3010,#4180);
#4180 = DEFINITIONAL_REPRESENTATION('',(#4181),#4185);
#4181 = LINE('',#4182,#4183);
#4182 = CARTESIAN_POINT('',(8.5,-1.33226762955E-15));
#4183 = VECTOR('',#4184,1.);
#4184 = DIRECTION('',(-2.775557561563E-17,1.));
#4185 = ( GEOMETRIC_REPRESENTATION_CONTEXT(2) 
PARAMETRIC_REPRESENTATION_CONTEXT() REPRESENTATION_CONTEXT('2D SPACE',''
  ) );
#4186 = ORIENTED_EDGE('',*,*,#4000,.F.);
#4187 = ORIENTED_EDGE('',*,*,#4116,.T.);
#4188 = ADVANCED_FACE('',(#4189),#3222,.T.);
#4189 = FACE_BOUND('',#4190,.T.);
#4190 = EDGE_LOOP('',(#4191,#4213,#4214,#4215));
#4191 = ORIENTED_EDGE('',*,*,#4192,.T.);
#4192 = EDGE_CURVE('',#3536,#3069,#4193,.T.);
#4193 = SURFACE_CURVE('',#4194,(#4199,#4206),.PCURVE_S1.);
#4194 = CIRCLE('',#4195,8.925);
#4195 = AXIS2_PLACEMENT_3D('',#4196,#4197,#4198);
#4196 = CARTESIAN_POINT('',(-5.243188785366,6.689083371746,
    6.735289574987));
#4197 = DIRECTION('',(0.788010753607,0.557978789266,-0.260189782523));
#4198 = DIRECTION('',(-0.561353465552,0.824733682712,6.853203128896E-02)
  );
#4199 = PCURVE('',#3222,#4200);
#4200 = DEFINITIONAL_REPRESENTATION('',(#4201),#4205);
#4201 = LINE('',#4202,#4203);
#4202 = CARTESIAN_POINT('',(5.135565273084,0.));
#4203 = VECTOR('',#4204,1.);
#4204 = DIRECTION('',(1.,0.));
#4205 = ( GEOMETRIC_REPRESENTATION_CONTEXT(2) 
PARAMETRIC_REPRESENTATION_CONTEXT() REPRESENTATION_CONTEXT('2D SPACE',''
  ) );
#4206 = PCURVE('',#3331,#4207);
#4207 = DEFINITIONAL_REPRESENTATION('',(#4208),#4212);
#4208 = CIRCLE('',#4209,8.925);
#4209 = AXIS2_PLACEMENT_2D('',#4210,#4211);
#4210 = CARTESIAN_POINT('',(0.,0.));
#4211 = DIRECTION('',(0.410658629005,-0.911789169942));
#4212 = ( GEOMETRIC_REPRESENTATION_CONTEXT(2) 
PARAMETRIC_REPRESENTATION_CONTEXT() REPRESENTATION_CONTEXT('2D SPACE',''
  ) );
#4213 = ORIENTED_EDGE('',*,*,#3068,.F.);
#4214 = ORIENTED_EDGE('',*,*,#4143,.F.);
#4215 = ORIENTED_EDGE('',*,*,#3576,.F.);
#4216 = ADVANCED_FACE('',(#4217),#3331,.F.);
#4217 = FACE_BOUND('',#4218,.F.);
#4218 = EDGE_LOOP('',(#4219,#4220,#4221,#4222,#4243,#4244));
#4219 = ORIENTED_EDGE('',*,*,#3535,.F.);
#4220 = ORIENTED_EDGE('',*,*,#4192,.T.);
#4221 = ORIENTED_EDGE('',*,*,#3303,.T.);
#4222 = ORIENTED_EDGE('',*,*,#4223,.T.);
#4223 = EDGE_CURVE('',#3304,#4046,#4224,.T.);
#4224 = SURFACE_CURVE('',#4225,(#4229,#4236),.PCURVE_S1.);
#4225 = LINE('',#4226,#4227);
#4226 = CARTESIAN_POINT('',(-5.243188785366,6.689083371746,
    6.735289574987));
#4227 = VECTOR('',#4228,1.);
#4228 = DIRECTION('',(0.,0.422618261741,0.906307787037));
#4229 = PCURVE('',#3331,#4230);
#4230 = DEFINITIONAL_REPRESENTATION('',(#4231),#4235);
#4231 = LINE('',#4232,#4233);
#4232 = CARTESIAN_POINT('',(0.,0.));
#4233 = VECTOR('',#4234,1.);
#4234 = DIRECTION('',(1.,0.));
#4235 = ( GEOMETRIC_REPRESENTATION_CONTEXT(2) 
PARAMETRIC_REPRESENTATION_CONTEXT() REPRESENTATION_CONTEXT('2D SPACE',''
  ) );
#4236 = PCURVE('',#3366,#4237);
#4237 = DEFINITIONAL_REPRESENTATION('',(#4238),#4242);
#4238 = LINE('',#4239,#4240);
#4239 = CARTESIAN_POINT('',(-8.5,8.881784197001E-16));
#4240 = VECTOR('',#4241,1.);
#4241 = DIRECTION('',(-2.775557561563E-17,1.));
#4242 = ( GEOMETRIC_REPRESENTATION_CONTEXT(2) 
PARAMETRIC_REPRESENTATION_CONTEXT() REPRESENTATION_CONTEXT('2D SPACE',''
  ) );
#4243 = ORIENTED_EDGE('',*,*,#4045,.F.);
#4244 = ORIENTED_EDGE('',*,*,#4245,.T.);
#4245 = EDGE_CURVE('',#4023,#3507,#4246,.T.);
#4246 = SURFACE_CURVE('',#4247,(#4251,#4258),.PCURVE_S1.);
#4247 = LINE('',#4248,#4249);
#4248 = CARTESIAN_POINT('',(-5.243188785366,6.689083371746,
    6.735289574987));
#4249 = VECTOR('',#4250,1.);
#4250 = DIRECTION('',(0.,0.422618261741,0.906307787037));
#4251 = PCURVE('',#3331,#4252);
#4252 = DEFINITIONAL_REPRESENTATION('',(#4253),#4257);
#4253 = LINE('',#4254,#4255);
#4254 = CARTESIAN_POINT('',(0.,0.));
#4255 = VECTOR('',#4256,1.);
#4256 = DIRECTION('',(1.,0.));
#4257 = ( GEOMETRIC_REPRESENTATION_CONTEXT(2) 
PARAMETRIC_REPRESENTATION_CONTEXT() REPRESENTATION_CONTEXT('2D SPACE',''
  ) );
#4258 = PCURVE('',#3523,#4259);
#4259 = DEFINITIONAL_REPRESENTATION('',(#4260),#4264);
#4260 = LINE('',#4261,#4262);
#4261 = CARTESIAN_POINT('',(-8.5,8.881784197001E-16));
#4262 = VECTOR('',#4263,1.);
#4263 = DIRECTION('',(-2.775557561563E-17,1.));
#4264 = ( GEOMETRIC_REPRESENTATION_CONTEXT(2) 
PARAMETRIC_REPRESENTATION_CONTEXT() REPRESENTATION_CONTEXT('2D SPACE',''
  ) );
#4265 = ADVANCED_FACE('',(#4266),#3523,.T.);
#4266 = FACE_BOUND('',#4267,.T.);
#4267 = EDGE_LOOP('',(#4268,#4269,#4270));
#4268 = ORIENTED_EDGE('',*,*,#4091,.T.);
#4269 = ORIENTED_EDGE('',*,*,#4245,.T.);
#4270 = ORIENTED_EDGE('',*,*,#3506,.T.);
#4271 = ADVANCED_FACE('',(#4272),#3366,.T.);
#4272 = FACE_BOUND('',#4273,.T.);
#4273 = EDGE_LOOP('',(#4274,#4275,#4276));
#4274 = ORIENTED_EDGE('',*,*,#4223,.T.);
#4275 = ORIENTED_EDGE('',*,*,#4069,.F.);
#4276 = ORIENTED_EDGE('',*,*,#3349,.T.);
#4277 = ADVANCED_FACE('',(#4278),#3010,.T.);
#4278 = FACE_BOUND('',#4279,.T.);
#4279 = EDGE_LOOP('',(#4280,#4281,#4282));
#4280 = ORIENTED_EDGE('',*,*,#4166,.F.);
#4281 = ORIENTED_EDGE('',*,*,#2993,.T.);
#4282 = ORIENTED_EDGE('',*,*,#3977,.F.);
#4283 = ( GEOMETRIC_REPRESENTATION_CONTEXT(3) 
GLOBAL_UNCERTAINTY_ASSIGNED_CONTEXT((#4287)) 
GLOBAL_UNIT_ASSIGNED_CONTEXT((#4284,#4285,#4286)) REPRESENTATION_CONTEXT
('Context #1','3D Context with UNIT and UNCERTAINTY') );
#4284 = ( LENGTH_UNIT() NAMED_UNIT(*) SI_UNIT(.MILLI.,.METRE.) );
#4285 = ( NAMED_UNIT(*) PLANE_ANGLE_UNIT() SI_UNIT($,.RADIAN.) );
#4286 = ( NAMED_UNIT(*) SI_UNIT($,.STERADIAN.) SOLID_ANGLE_UNIT() );
#4287 = UNCERTAINTY_MEASURE_WITH_UNIT(LENGTH_MEASURE(2.E-06),#4284,
  'distance_accuracy_value','confusion accuracy');
#4288 = CONTEXT_DEPENDENT_SHAPE_REPRESENTATION(#4289,#4291);
#4289 = ( REPRESENTATION_RELATIONSHIP('','',#725,#10) 
REPRESENTATION_RELATIONSHIP_WITH_TRANSFORMATION(#4290) 
SHAPE_REPRESENTATION_RELATIONSHIP() );
#4290 = ITEM_DEFINED_TRANSFORMATION('','',#11,#19);
#4291 = PRODUCT_DEFINITION_SHAPE('Placement','Placement of an item',
  #4292);
#4292 = NEXT_ASSEMBLY_USAGE_OCCURRENCE('40','','',#5,#720,$);
#4293 = PRODUCT_RELATED_PRODUCT_CATEGORY('part',$,(#722));
#4294 = SHAPE_DEFINITION_REPRESENTATION(#4295,#4301);
#4295 = PRODUCT_DEFINITION_SHAPE('','',#4296);
#4296 = PRODUCT_DEFINITION('design','',#4297,#4300);
#4297 = PRODUCT_DEFINITION_FORMATION('','',#4298);
#4298 = PRODUCT('Open CASCADE STEP translator 7.8 7.3',
  'Open CASCADE STEP translator 7.8 7.3','',(#4299));
#4299 = PRODUCT_CONTEXT('',#2,'mechanical');
#4300 = PRODUCT_DEFINITION_CONTEXT('part definition',#2,'design');
#4301 = ADVANCED_BREP_SHAPE_REPRESENTATION('',(#11,#4302),#6854);
#4302 = MANIFOLD_SOLID_BREP('',#4303);
#4303 = CLOSED_SHELL('',(#4304,#4638,#4686,#5183,#5314,#5373,#5379,#5641
    ,#5668,#5696,#5702,#6328,#6743,#6823,#6848));
#4304 = ADVANCED_FACE('',(#4305),#4320,.T.);
#4305 = FACE_BOUND('',#4306,.T.);
#4306 = EDGE_LOOP('',(#4307,#4369,#4478,#4531));
#4307 = ORIENTED_EDGE('',*,*,#4308,.T.);
#4308 = EDGE_CURVE('',#4309,#4311,#4313,.T.);
#4309 = VERTEX_POINT('',#4310);
#4310 = CARTESIAN_POINT('',(9.901330171607,15.21358031442,4.52565603904)
  );
#4311 = VERTEX_POINT('',#4312);
#4312 = CARTESIAN_POINT('',(9.692147714262,15.484589059659,
    5.493547444684));
#4313 = SURFACE_CURVE('',#4314,(#4319,#4357),.PCURVE_S1.);
#4314 = ELLIPSE('',#4315,8.925,8.5);
#4315 = AXIS2_PLACEMENT_3D('',#4316,#4317,#4318);
#4316 = CARTESIAN_POINT('',(2.994056308605,9.646452374852,5.356245760849
    ));
#4317 = DIRECTION('',(0.615661475326,-0.714180282262,0.333027734922));
#4318 = DIRECTION('',(0.788010753607,0.557978789266,-0.260189782523));
#4319 = PCURVE('',#4320,#4351);
#4320 = B_SPLINE_SURFACE_WITH_KNOTS('',14,1,(
    (#4321,#4322)
    ,(#4323,#4324)
    ,(#4325,#4326)
    ,(#4327,#4328)
    ,(#4329,#4330)
    ,(#4331,#4332)
    ,(#4333,#4334)
    ,(#4335,#4336)
    ,(#4337,#4338)
    ,(#4339,#4340)
    ,(#4341,#4342)
    ,(#4343,#4344)
    ,(#4345,#4346)
    ,(#4347,#4348)
    ,(#4349,#4350
    )),.UNSPECIFIED.,.T.,.F.,.F.,(15,15),(2,2),(0.,6.28318530718),(0.,1.
    ),.PIECEWISE_BEZIER_KNOTS.);
#4321 = CARTESIAN_POINT('',(10.027052284545,14.626413069053,
    3.034051951832));
#4322 = CARTESIAN_POINT('',(21.814824845666,-1.984466740627,
    10.779832415778));
#4323 = CARTESIAN_POINT('',(10.027052284546,16.238613443918,
    6.491426812976));
#4324 = CARTESIAN_POINT('',(21.814824845667,-0.732640567201,
    13.46438230796));
#4325 = CARTESIAN_POINT('',(8.5014944551,16.770589421092,10.452520136972
    ));
#4326 = CARTESIAN_POINT('',(20.630274060454,-0.319576867286,
    16.540054771303));
#4327 = CARTESIAN_POINT('',(5.450376845957,15.814338448714,
    14.04237123316));
#4328 = CARTESIAN_POINT('',(18.261170975691,-1.062077622279,
    19.327468563618));
#4329 = CARTESIAN_POINT('',(1.329974807274,13.284987208129,
    16.235461893609));
#4330 = CARTESIAN_POINT('',(15.061799980997,-3.02604446799,
    21.030338958841));
#4331 = CARTESIAN_POINT('',(-2.94724751157,9.566920922786,
    16.169255317672));
#4332 = CARTESIAN_POINT('',(11.740662650965,-5.9130135835,
    20.978931499773));
#4333 = CARTESIAN_POINT('',(-6.212428711513,5.519505904907,
    13.52581865212));
#4334 = CARTESIAN_POINT('',(9.20534548413,-9.055712303542,18.92638067728
    ));
#4335 = CARTESIAN_POINT('',(-7.441704278571,2.257044259802,
    8.801983354312));
#4336 = CARTESIAN_POINT('',(8.250849161233,-11.58891781584,
    15.258461504642));
#4337 = CARTESIAN_POINT('',(-6.212428711513,0.735446401991,
    3.266369939986));
#4338 = CARTESIAN_POINT('',(9.205345484148,-12.77039379994,
    10.960220500812));
#4339 = CARTESIAN_POINT('',(-2.94724751157,1.312084658584,
    -1.533298178583));
#4340 = CARTESIAN_POINT('',(11.740662650936,-12.32265115331,
    7.23341937325));
#4341 = CARTESIAN_POINT('',(1.329974807273,3.651294419044,
    -4.424058962646));
#4342 = CARTESIAN_POINT('',(15.061799981025,-10.50632357484,
    4.988828646944));
#4343 = CARTESIAN_POINT('',(5.450376845957,6.95713497082,-4.951962921545
    ));
#4344 = CARTESIAN_POINT('',(18.261170975672,-7.939435616856,
    4.578926749364));
#4345 = CARTESIAN_POINT('',(8.5014944551,10.321786731434,-3.376981859999
    ));
#4346 = CARTESIAN_POINT('',(20.630274060462,-5.326882485148,
    5.801853220719));
#4347 = CARTESIAN_POINT('',(10.027052284546,13.014212694192,
    -0.423322909307));
#4348 = CARTESIAN_POINT('',(21.814824845665,-3.236292914045,
    8.095282523597));
#4349 = CARTESIAN_POINT('',(10.027052284545,14.626413069053,
    3.034051951832));
#4350 = CARTESIAN_POINT('',(21.814824845666,-1.984466740627,
    10.779832415778));
#4351 = DEFINITIONAL_REPRESENTATION('',(#4352),#4356);
#4352 = LINE('',#4353,#4354);
#4353 = CARTESIAN_POINT('',(0.,0.));
#4354 = VECTOR('',#4355,1.);
#4355 = DIRECTION('',(1.,0.));
#4356 = ( GEOMETRIC_REPRESENTATION_CONTEXT(2) 
PARAMETRIC_REPRESENTATION_CONTEXT() REPRESENTATION_CONTEXT('2D SPACE',''
  ) );
#4357 = PCURVE('',#4358,#4363);
#4358 = PLANE('',#4359);
#4359 = AXIS2_PLACEMENT_3D('',#4360,#4361,#4362);
#4360 = CARTESIAN_POINT('',(2.994056308605,9.646452374852,5.356245760849
    ));
#4361 = DIRECTION('',(0.615661475326,-0.714180282262,0.333027734922));
#4362 = DIRECTION('',(0.788010753607,0.557978789266,-0.260189782523));
#4363 = DEFINITIONAL_REPRESENTATION('',(#4364),#4368);
#4364 = ELLIPSE('',#4365,8.925,8.5);
#4365 = AXIS2_PLACEMENT_2D('',#4366,#4367);
#4366 = CARTESIAN_POINT('',(0.,0.));
#4367 = DIRECTION('',(1.,2.775557561563E-17));
#4368 = ( GEOMETRIC_REPRESENTATION_CONTEXT(2) 
PARAMETRIC_REPRESENTATION_CONTEXT() REPRESENTATION_CONTEXT('2D SPACE',''
  ) );
#4369 = ORIENTED_EDGE('',*,*,#4370,.T.);
#4370 = EDGE_CURVE('',#4311,#4371,#4373,.T.);
#4371 = VERTEX_POINT('',#4372);
#4372 = CARTESIAN_POINT('',(12.538231902829,11.08775446298,4.68415555944
    ));
#4373 = SURFACE_CURVE('',#4374,(#4405,#4439),.PCURVE_S1.);
#4374 = B_SPLINE_CURVE_WITH_KNOTS('',8,(#4375,#4376,#4377,#4378,#4379,
    #4380,#4381,#4382,#4383,#4384,#4385,#4386,#4387,#4388,#4389,#4390,
    #4391,#4392,#4393,#4394,#4395,#4396,#4397,#4398,#4399,#4400,#4401,
    #4402,#4403,#4404),.UNSPECIFIED.,.F.,.F.,(9,7,7,7,9),(0.,
    0.494149565167,0.751013783646,0.851503050395,1.),.UNSPECIFIED.);
#4375 = CARTESIAN_POINT('',(9.692147714262,15.484589064905,
    5.493547455933));
#4376 = CARTESIAN_POINT('',(9.894003663499,15.210642358305,
    5.517407758771));
#4377 = CARTESIAN_POINT('',(10.095207554685,14.936081996959,5.5379772518
    ));
#4378 = CARTESIAN_POINT('',(10.295730220451,14.660748648437,
    5.55482590923));
#4379 = CARTESIAN_POINT('',(10.495460739562,14.384530200831,
    5.567377370254));
#4380 = CARTESIAN_POINT('',(10.694213259147,14.107362609826,
    5.57493141741));
#4381 = CARTESIAN_POINT('',(10.891672496216,13.829195641588,
    5.576425457855));
#4382 = CARTESIAN_POINT('',(11.087418708534,13.550006354901,
    5.570539062693));
#4383 = CARTESIAN_POINT('',(11.381160547491,13.123883998525,
    5.54634322938));
#4384 = CARTESIAN_POINT('',(11.480864332839,12.977956555427,
    5.535363693737));
#4385 = CARTESIAN_POINT('',(11.579773979194,12.831718302886,
    5.521312495807));
#4386 = CARTESIAN_POINT('',(11.677755525007,12.685132661047,
    5.503705473897));
#4387 = CARTESIAN_POINT('',(11.774580078566,12.538250713496,
    5.481958955692));
#4388 = CARTESIAN_POINT('',(11.869865417406,12.391211776179,
    5.455214106283));
#4389 = CARTESIAN_POINT('',(11.963103484602,12.244241312993,
    5.422415733387));
#4390 = CARTESIAN_POINT('',(12.088738692306,12.040277474895,
    5.365512650607));
#4391 = CARTESIAN_POINT('',(12.123598933717,11.983009979654,
    5.348279834964));
#4392 = CARTESIAN_POINT('',(12.157942158948,11.925841819797,
    5.329694209585));
#4393 = CARTESIAN_POINT('',(12.19169564646,11.868809874252,
    5.309614617131));
#4394 = CARTESIAN_POINT('',(12.224762265481,11.81197629805,
    5.287880179252));
#4395 = CARTESIAN_POINT('',(12.25701752921,11.755429462407,
    5.264303387918));
#4396 = CARTESIAN_POINT('',(12.288303510451,11.699286075474,
    5.23865622627));
#4397 = CARTESIAN_POINT('',(12.36292338106,11.561544597959,
    5.169262408393));
#4398 = CARTESIAN_POINT('',(12.404905551342,11.480538413858,
    5.12269128339));
#4399 = CARTESIAN_POINT('',(12.443807833545,11.400976802282,
    5.069890305388));
#4400 = CARTESIAN_POINT('',(12.478455561589,11.324021047572,
    5.009792263097));
#4401 = CARTESIAN_POINT('',(12.507112756885,11.251643650263,
    4.941369612957));
#4402 = CARTESIAN_POINT('',(12.527744879364,11.186391083045,
    4.863921475396));
#4403 = CARTESIAN_POINT('',(12.538231902829,11.131192166743,
    4.77730801577));
#4404 = CARTESIAN_POINT('',(12.538231902829,11.08775446298,4.68415555944
    ));
#4405 = PCURVE('',#4320,#4406);
#4406 = DEFINITIONAL_REPRESENTATION('',(#4407),#4438);
#4407 = B_SPLINE_CURVE_WITH_KNOTS('',8,(#4408,#4409,#4410,#4411,#4412,
    #4413,#4414,#4415,#4416,#4417,#4418,#4419,#4420,#4421,#4422,#4423,
    #4424,#4425,#4426,#4427,#4428,#4429,#4430,#4431,#4432,#4433,#4434,
    #4435,#4436,#4437),.UNSPECIFIED.,.F.,.F.,(9,7,7,7,9),(0.,
    0.494149565167,0.751013783646,0.851503050395,1.),.UNSPECIFIED.);
#4408 = CARTESIAN_POINT('',(0.309844639906,0.));
#4409 = CARTESIAN_POINT('',(0.299295608618,1.51091433347E-02));
#4410 = CARTESIAN_POINT('',(0.288301906376,3.016947939579E-02));
#4411 = CARTESIAN_POINT('',(0.276805033752,4.5178824973E-02));
#4412 = CARTESIAN_POINT('',(0.264731861475,6.012887748798E-02));
#4413 = CARTESIAN_POINT('',(0.251997214179,7.500572564581E-02));
#4414 = CARTESIAN_POINT('',(0.238475213552,8.978577016233E-02));
#4415 = CARTESIAN_POINT('',(0.224011704401,0.104437592862));
#4416 = CARTESIAN_POINT('',(0.200123928142,0.126424497707));
#4417 = CARTESIAN_POINT('',(0.191622540983,0.13388743744));
#4418 = CARTESIAN_POINT('',(0.182741511579,0.141290934981));
#4419 = CARTESIAN_POINT('',(0.173423646069,0.148624963161));
#4420 = CARTESIAN_POINT('',(0.163604801912,0.155872389177));
#4421 = CARTESIAN_POINT('',(0.153194291887,0.163004603252));
#4422 = CARTESIAN_POINT('',(0.142083676356,0.169983576756));
#4423 = CARTESIAN_POINT('',(0.125351208329,0.179387512426));
#4424 = CARTESIAN_POINT('',(0.120508318815,0.181996840445));
#4425 = CARTESIAN_POINT('',(0.115514658901,0.184567469225));
#4426 = CARTESIAN_POINT('',(0.110356186088,0.187093955478));
#4427 = CARTESIAN_POINT('',(0.105017941396,0.189569028857));
#4428 = CARTESIAN_POINT('',(9.948334202207E-02,0.191983371387));
#4429 = CARTESIAN_POINT('',(9.373276019981E-02,0.194325162038));
#4430 = CARTESIAN_POINT('',(7.888770185992E-02,0.199910542726));
#4431 = CARTESIAN_POINT('',(6.950155699932E-02,0.203052955079));
#4432 = CARTESIAN_POINT('',(5.948123003579E-02,0.205964834367));
#4433 = CARTESIAN_POINT('',(4.876690749595E-02,0.208558255524));
#4434 = CARTESIAN_POINT('',(3.734628995503E-02,0.21070327861));
#4435 = CARTESIAN_POINT('',(2.527521672076E-02,0.21224761603));
#4436 = CARTESIAN_POINT('',(1.269664489204E-02,0.213032581454));
#4437 = CARTESIAN_POINT('',(0.,0.213032581454));
#4438 = ( GEOMETRIC_REPRESENTATION_CONTEXT(2) 
PARAMETRIC_REPRESENTATION_CONTEXT() REPRESENTATION_CONTEXT('2D SPACE',''
  ) );
#4439 = PCURVE('',#4440,#4445);
#4440 = PLANE('',#4441);
#4441 = AXIS2_PLACEMENT_3D('',#4442,#4443,#4444);
#4442 = CARTESIAN_POINT('',(9.692147714262,14.389272083614,
    3.144632609405));
#4443 = DIRECTION('',(0.788010753607,0.557978789266,-0.260189782523));
#4444 = DIRECTION('',(0.,0.422618261741,0.906307787037));
#4445 = DEFINITIONAL_REPRESENTATION('',(#4446),#4477);
#4446 = B_SPLINE_CURVE_WITH_KNOTS('',8,(#4447,#4448,#4449,#4450,#4451,
    #4452,#4453,#4454,#4455,#4456,#4457,#4458,#4459,#4460,#4461,#4462,
    #4463,#4464,#4465,#4466,#4467,#4468,#4469,#4470,#4471,#4472,#4473,
    #4474,#4475,#4476),.UNSPECIFIED.,.F.,.F.,(9,7,7,7,9),(0.,
    0.494149565167,0.751013783646,0.851503050395,1.),.UNSPECIFIED.);
#4447 = CARTESIAN_POINT('',(2.591740775183,-4.440892098501E-16));
#4448 = CARTESIAN_POINT('',(2.497590672493,0.327868410363));
#4449 = CARTESIAN_POINT('',(2.400198741545,0.654677702889));
#4450 = CARTESIAN_POINT('',(2.299107909824,0.980380501914));
#4451 = CARTESIAN_POINT('',(2.193748436501,1.30479664149));
#4452 = CARTESIAN_POINT('',(2.08345864274,1.627624246514));
#4453 = CARTESIAN_POINT('',(1.96725426264,1.948351212523));
#4454 = CARTESIAN_POINT('',(1.84392888583,2.26629576511));
#4455 = CARTESIAN_POINT('',(1.641912924145,2.74341160024));
#4456 = CARTESIAN_POINT('',(1.57029048315,2.905357392438));
#4457 = CARTESIAN_POINT('',(1.495752816961,3.066013289095));
#4458 = CARTESIAN_POINT('',(1.417845666747,3.225161700583));
#4459 = CARTESIAN_POINT('',(1.336061634602,3.382430845137));
#4460 = CARTESIAN_POINT('',(1.249681229222,3.53719989056));
#4461 = CARTESIAN_POINT('',(1.157843406786,3.688643615615));
#4462 = CARTESIAN_POINT('',(1.02007285704,3.892709019638));
#4463 = CARTESIAN_POINT('',(0.980252332737,3.949331437651));
#4464 = CARTESIAN_POINT('',(0.939247727384,4.005114082186));
#4465 = CARTESIAN_POINT('',(0.896946694693,4.059938833879));
#4466 = CARTESIAN_POINT('',(0.853229697213,4.113647926206));
#4467 = CARTESIAN_POINT('',(0.807964142247,4.166039159087));
#4468 = CARTESIAN_POINT('',(0.760992699337,4.216856016231));
#4469 = CARTESIAN_POINT('',(0.639888478025,4.338058777164));
#4470 = CARTESIAN_POINT('',(0.56344601207,4.406249125211));
#4471 = CARTESIAN_POINT('',(0.481967884557,4.469436905772));
#4472 = CARTESIAN_POINT('',(0.394977653557,4.52571414486));
#4473 = CARTESIAN_POINT('',(0.302377663085,4.572261145841));
#4474 = CARTESIAN_POINT('',(0.204608886391,4.605773267854));
#4475 = CARTESIAN_POINT('',(0.102782363412,4.622807017544));
#4476 = CARTESIAN_POINT('',(3.552713678801E-15,4.622807017544));
#4477 = ( GEOMETRIC_REPRESENTATION_CONTEXT(2) 
PARAMETRIC_REPRESENTATION_CONTEXT() REPRESENTATION_CONTEXT('2D SPACE',''
  ) );
#4478 = ORIENTED_EDGE('',*,*,#4479,.F.);
#4479 = EDGE_CURVE('',#4480,#4371,#4482,.T.);
#4480 = VERTEX_POINT('',#4481);
#4481 = CARTESIAN_POINT('',(10.896196805181,13.401647737463,
    3.605169405395));
#4482 = SURFACE_CURVE('',#4483,(#4486,#4493),.PCURVE_S1.);
#4483 = B_SPLINE_CURVE_WITH_KNOTS('',1,(#4484,#4485),.UNSPECIFIED.,.F.,
  .F.,(2,2),(0.,1.),.PIECEWISE_BEZIER_KNOTS.);
#4484 = CARTESIAN_POINT('',(10.027052284545,14.626413069053,
    3.034051951832));
#4485 = CARTESIAN_POINT('',(21.814824845666,-1.984466740627,
    10.779832415778));
#4486 = PCURVE('',#4320,#4487);
#4487 = DEFINITIONAL_REPRESENTATION('',(#4488),#4492);
#4488 = LINE('',#4489,#4490);
#4489 = CARTESIAN_POINT('',(0.,0.));
#4490 = VECTOR('',#4491,1.);
#4491 = DIRECTION('',(0.,1.));
#4492 = ( GEOMETRIC_REPRESENTATION_CONTEXT(2) 
PARAMETRIC_REPRESENTATION_CONTEXT() REPRESENTATION_CONTEXT('2D SPACE',''
  ) );
#4493 = PCURVE('',#4494,#4525);
#4494 = B_SPLINE_SURFACE_WITH_KNOTS('',14,1,(
    (#4495,#4496)
    ,(#4497,#4498)
    ,(#4499,#4500)
    ,(#4501,#4502)
    ,(#4503,#4504)
    ,(#4505,#4506)
    ,(#4507,#4508)
    ,(#4509,#4510)
    ,(#4511,#4512)
    ,(#4513,#4514)
    ,(#4515,#4516)
    ,(#4517,#4518)
    ,(#4519,#4520)
    ,(#4521,#4522)
    ,(#4523,#4524
    )),.UNSPECIFIED.,.T.,.F.,.F.,(15,15),(2,2),(0.,6.28318530718),(0.,1.
    ),.PIECEWISE_BEZIER_KNOTS.);
#4495 = CARTESIAN_POINT('',(10.027052284545,14.626413069053,
    3.034051951832));
#4496 = CARTESIAN_POINT('',(21.814824845666,-1.984466740627,
    10.779832415778));
#4497 = CARTESIAN_POINT('',(10.027052284546,16.238613443918,
    6.491426812976));
#4498 = CARTESIAN_POINT('',(21.814824845667,-0.732640567201,
    13.46438230796));
#4499 = CARTESIAN_POINT('',(8.5014944551,16.770589421092,10.452520136972
    ));
#4500 = CARTESIAN_POINT('',(20.630274060454,-0.319576867286,
    16.540054771303));
#4501 = CARTESIAN_POINT('',(5.450376845957,15.814338448714,
    14.04237123316));
#4502 = CARTESIAN_POINT('',(18.261170975691,-1.062077622279,
    19.327468563618));
#4503 = CARTESIAN_POINT('',(1.329974807274,13.284987208129,
    16.235461893609));
#4504 = CARTESIAN_POINT('',(15.061799980997,-3.02604446799,
    21.030338958841));
#4505 = CARTESIAN_POINT('',(-2.94724751157,9.566920922786,
    16.169255317672));
#4506 = CARTESIAN_POINT('',(11.740662650965,-5.9130135835,
    20.978931499773));
#4507 = CARTESIAN_POINT('',(-6.212428711513,5.519505904907,
    13.52581865212));
#4508 = CARTESIAN_POINT('',(9.20534548413,-9.055712303542,18.92638067728
    ));
#4509 = CARTESIAN_POINT('',(-7.441704278571,2.257044259802,
    8.801983354312));
#4510 = CARTESIAN_POINT('',(8.250849161233,-11.58891781584,
    15.258461504642));
#4511 = CARTESIAN_POINT('',(-6.212428711513,0.735446401991,
    3.266369939986));
#4512 = CARTESIAN_POINT('',(9.205345484148,-12.77039379994,
    10.960220500812));
#4513 = CARTESIAN_POINT('',(-2.94724751157,1.312084658584,
    -1.533298178583));
#4514 = CARTESIAN_POINT('',(11.740662650936,-12.32265115331,
    7.23341937325));
#4515 = CARTESIAN_POINT('',(1.329974807273,3.651294419044,
    -4.424058962646));
#4516 = CARTESIAN_POINT('',(15.061799981025,-10.50632357484,
    4.988828646944));
#4517 = CARTESIAN_POINT('',(5.450376845957,6.95713497082,-4.951962921545
    ));
#4518 = CARTESIAN_POINT('',(18.261170975672,-7.939435616856,
    4.578926749364));
#4519 = CARTESIAN_POINT('',(8.5014944551,10.321786731434,-3.376981859999
    ));
#4520 = CARTESIAN_POINT('',(20.630274060462,-5.326882485148,
    5.801853220719));
#4521 = CARTESIAN_POINT('',(10.027052284546,13.014212694192,
    -0.423322909307));
#4522 = CARTESIAN_POINT('',(21.814824845665,-3.236292914045,
    8.095282523597));
#4523 = CARTESIAN_POINT('',(10.027052284545,14.626413069053,
    3.034051951832));
#4524 = CARTESIAN_POINT('',(21.814824845666,-1.984466740627,
    10.779832415778));
#4525 = DEFINITIONAL_REPRESENTATION('',(#4526),#4530);
#4526 = LINE('',#4527,#4528);
#4527 = CARTESIAN_POINT('',(6.28318530718,0.));
#4528 = VECTOR('',#4529,1.);
#4529 = DIRECTION('',(0.,1.));
#4530 = ( GEOMETRIC_REPRESENTATION_CONTEXT(2) 
PARAMETRIC_REPRESENTATION_CONTEXT() REPRESENTATION_CONTEXT('2D SPACE',''
  ) );
#4531 = ORIENTED_EDGE('',*,*,#4532,.F.);
#4532 = EDGE_CURVE('',#4309,#4480,#4533,.T.);
#4533 = SURFACE_CURVE('',#4534,(#4565,#4599),.PCURVE_S1.);
#4534 = B_SPLINE_CURVE_WITH_KNOTS('',5,(#4535,#4536,#4537,#4538,#4539,
    #4540,#4541,#4542,#4543,#4544,#4545,#4546,#4547,#4548,#4549,#4550,
    #4551,#4552,#4553,#4554,#4555,#4556,#4557,#4558,#4559,#4560,#4561,
    #4562,#4563,#4564),.UNSPECIFIED.,.F.,.F.,(6,4,4,4,4,4,4,6),(0.,
    0.133239364027,0.375749451489,0.464196911338,0.520674333997,
    0.660686867968,0.823058436931,1.),.UNSPECIFIED.);
#4535 = CARTESIAN_POINT('',(9.901330176999,15.213580318237,4.52565603726
    ));
#4536 = CARTESIAN_POINT('',(9.937512411577,15.162407281672,
    4.549518416101));
#4537 = CARTESIAN_POINT('',(9.974298153323,15.110080743222,
    4.570075854359));
#4538 = CARTESIAN_POINT('',(10.011553056222,15.056793035114,
    4.587216190908));
#4539 = CARTESIAN_POINT('',(10.049123757321,15.002739721487,
    4.60086179789));
#4540 = CARTESIAN_POINT('',(10.155481662757,14.848705052792,
    4.629366841263));
#4541 = CARTESIAN_POINT('',(10.224608618173,14.747400761275,
    4.636046392187));
#4542 = CARTESIAN_POINT('',(10.293170636383,14.645426172834,
    4.63074899495));
#4543 = CARTESIAN_POINT('',(10.360010656735,14.543890476415,
    4.613651221785));
#4544 = CARTESIAN_POINT('',(10.447328737503,14.407325031103,
    4.574897957385));
#4545 = CARTESIAN_POINT('',(10.470285228651,14.371021947445,
    4.563037895326));
#4546 = CARTESIAN_POINT('',(10.492808382346,14.334960993482,
    4.549698526572));
#4547 = CARTESIAN_POINT('',(10.514845394724,14.299188545127,
    4.534908635522));
#4548 = CARTESIAN_POINT('',(10.550073367379,14.241119141005,
    4.508352947312));
#4549 = CARTESIAN_POINT('',(10.563582653847,14.218625100504,
    4.497426365564));
#4550 = CARTESIAN_POINT('',(10.576859519108,14.196278270278,
    4.485930675901));
#4551 = CARTESIAN_POINT('',(10.589891011889,14.174089881345,
    4.473875220931));
#4552 = CARTESIAN_POINT('',(10.634331278208,14.097483791185,
    4.43002053938));
#4553 = CARTESIAN_POINT('',(10.664412668892,14.043937705713,
    4.39539223261));
#4554 = CARTESIAN_POINT('',(10.692717246981,13.991599378525,
    4.357537302491));
#4555 = CARTESIAN_POINT('',(10.719068985374,13.940625596317,
    4.316630652701));
#4556 = CARTESIAN_POINT('',(10.771431955343,13.833812729908,
    4.222111818824));
#4557 = CARTESIAN_POINT('',(10.796716983799,13.778496241145,
    4.167513480928));
#4558 = CARTESIAN_POINT('',(10.818930119776,13.725455917563,
    4.109373297616));
#4559 = CARTESIAN_POINT('',(10.83787411171,13.674918206031,
    4.048025883431));
#4560 = CARTESIAN_POINT('',(10.870338158951,13.574997000119,
    3.913884238939));
#4561 = CARTESIAN_POINT('',(10.883219421285,13.526122686983,
    3.840554997887));
#4562 = CARTESIAN_POINT('',(10.891871109064,13.480765560275,
    3.764320634886));
#4563 = CARTESIAN_POINT('',(10.896196805181,13.439192079174,
    3.68568350602));
#4564 = CARTESIAN_POINT('',(10.896196805181,13.401647737463,
    3.605169405395));
#4565 = PCURVE('',#4320,#4566);
#4566 = DEFINITIONAL_REPRESENTATION('',(#4567),#4598);
#4567 = B_SPLINE_CURVE_WITH_KNOTS('',5,(#4568,#4569,#4570,#4571,#4572,
    #4573,#4574,#4575,#4576,#4577,#4578,#4579,#4580,#4581,#4582,#4583,
    #4584,#4585,#4586,#4587,#4588,#4589,#4590,#4591,#4592,#4593,#4594,
    #4595,#4596,#4597),.UNSPECIFIED.,.F.,.F.,(6,4,4,4,4,4,4,6),(0.,
    0.133239364027,0.375749451489,0.464196911338,0.520674333997,
    0.660686867968,0.823058436931,1.),.UNSPECIFIED.);
#4568 = CARTESIAN_POINT('',(0.189365007331,0.));
#4569 = CARTESIAN_POINT('',(0.189496829535,3.076940810817E-03));
#4570 = CARTESIAN_POINT('',(0.18921187991,6.158246946003E-03));
#4571 = CARTESIAN_POINT('',(0.188505693399,9.232055533837E-03));
#4572 = CARTESIAN_POINT('',(0.187378089259,1.228638777509E-02));
#4573 = CARTESIAN_POINT('',(0.183021252463,2.081090197642E-02));
#4574 = CARTESIAN_POINT('',(0.178826573458,2.620872716447E-02));
#4575 = CARTESIAN_POINT('',(0.173274971835,3.142877570992E-02));
#4576 = CARTESIAN_POINT('',(0.166439587508,3.640442479745E-02));
#4577 = CARTESIAN_POINT('',(0.155506376388,4.278160520502E-02));
#4578 = CARTESIAN_POINT('',(0.152427961077,4.444569018838E-02));
#4579 = CARTESIAN_POINT('',(0.149198132265,4.606680910779E-02));
#4580 = CARTESIAN_POINT('',(0.145822472077,4.76423792875E-02));
#4581 = CARTESIAN_POINT('',(0.140062243584,5.014545524835E-02));
#4582 = CARTESIAN_POINT('',(0.137760469924,5.110135813598E-02));
#4583 = CARTESIAN_POINT('',(0.135403256923,5.203708792781E-02));
#4584 = CARTESIAN_POINT('',(0.132992230378,5.295205092692E-02));
#4585 = CARTESIAN_POINT('',(0.124422699441,5.606107828899E-02));
#4586 = CARTESIAN_POINT('',(0.117995947931,5.814537899113E-02));
#4587 = CARTESIAN_POINT('',(0.111274500394,6.009000101676E-02));
#4588 = CARTESIAN_POINT('',(0.104286086077,6.18874743522E-02));
#4589 = CARTESIAN_POINT('',(8.868023363738E-02,6.543789431859E-02));
#4590 = CARTESIAN_POINT('',(7.998081047087E-02,6.713790365877E-02));
#4591 = CARTESIAN_POINT('',(7.100787962829E-02,6.862149037663E-02));
#4592 = CARTESIAN_POINT('',(6.181026693137E-02,6.988074073239E-02));
#4593 = CARTESIAN_POINT('',(4.222774390962E-02,7.20316960429E-02));
#4594 = CARTESIAN_POINT('',(3.181008912043E-02,7.288030879279E-02));
#4595 = CARTESIAN_POINT('',(2.12534195483E-02,7.344858156621E-02));
#4596 = CARTESIAN_POINT('',(1.062661007247E-02,7.373271889401E-02));
#4597 = CARTESIAN_POINT('',(0.,7.373271889401E-02));
#4598 = ( GEOMETRIC_REPRESENTATION_CONTEXT(2) 
PARAMETRIC_REPRESENTATION_CONTEXT() REPRESENTATION_CONTEXT('2D SPACE',''
  ) );
#4599 = PCURVE('',#4600,#4605);
#4600 = CYLINDRICAL_SURFACE('',#4601,1.6);
#4601 = AXIS2_PLACEMENT_3D('',#4602,#4603,#4604);
#4602 = CARTESIAN_POINT('',(-10.4021265027,0.160812957328,9.779472063737
    ));
#4603 = DIRECTION('',(0.788010753607,0.557978789266,-0.260189782523));
#4604 = DIRECTION('',(0.,0.422618261741,0.906307787037));
#4605 = DEFINITIONAL_REPRESENTATION('',(#4606),#4637);
#4606 = B_SPLINE_CURVE_WITH_KNOTS('',5,(#4607,#4608,#4609,#4610,#4611,
    #4612,#4613,#4614,#4615,#4616,#4617,#4618,#4619,#4620,#4621,#4622,
    #4623,#4624,#4625,#4626,#4627,#4628,#4629,#4630,#4631,#4632,#4633,
    #4634,#4635,#4636),.UNSPECIFIED.,.F.,.F.,(6,4,4,4,4,4,4,6),(0.,
    0.133239364027,0.375749451489,0.464196911338,0.520674333997,
    0.660686867968,0.823058436931,1.),.UNSPECIFIED.);
#4607 = CARTESIAN_POINT('',(0.,25.765456355487));
#4608 = CARTESIAN_POINT('',(4.17310097467E-02,25.759206129277));
#4609 = CARTESIAN_POINT('',(8.35209411768E-02,25.753647755392));
#4610 = CARTESIAN_POINT('',(0.125361427701,25.748811868209));
#4611 = CARTESIAN_POINT('',(0.167242357802,25.744706934689));
#4612 = CARTESIAN_POINT('',(0.285431739962,25.735153308924));
#4613 = CARTESIAN_POINT('',(0.361814406591,25.731362496326));
#4614 = CARTESIAN_POINT('',(0.438209558963,25.729868775205));
#4615 = CARTESIAN_POINT('',(0.514586489419,25.73033333094));
#4616 = CARTESIAN_POINT('',(0.61873697133,25.733023499175));
#4617 = CARTESIAN_POINT('',(0.646564045104,25.733942977366));
#4618 = CARTESIAN_POINT('',(0.674383390349,25.735040984706));
#4619 = CARTESIAN_POINT('',(0.702194657591,25.736294298551));
#4620 = CARTESIAN_POINT('',(0.747751654448,25.738562342766));
#4621 = CARTESIAN_POINT('',(0.765502060022,25.739499593221));
#4622 = CARTESIAN_POINT('',(0.783249297298,25.74048390954));
#4623 = CARTESIAN_POINT('',(0.800993478614,25.741508921801));
#4624 = CARTESIAN_POINT('',(0.862717035166,25.745194296171));
#4625 = CARTESIAN_POINT('',(0.906681584225,25.74803110718));
#4626 = CARTESIAN_POINT('',(0.95063101222,25.750981208688));
#4627 = CARTESIAN_POINT('',(0.994569863446,25.75394786495));
#4628 = CARTESIAN_POINT('',(1.089449598525,25.760203969331));
#4629 = CARTESIAN_POINT('',(1.14038849699,25.763469345896));
#4630 = CARTESIAN_POINT('',(1.191323826456,25.766505642034));
#4631 = CARTESIAN_POINT('',(1.242261372337,25.769196710657));
#4632 = CARTESIAN_POINT('',(1.348712956751,25.773927100799));
#4633 = CARTESIAN_POINT('',(1.404228947768,25.775886363251));
#4634 = CARTESIAN_POINT('',(1.459748437127,25.777231073942));
#4635 = CARTESIAN_POINT('',(1.515272901298,25.777903225806));
#4636 = CARTESIAN_POINT('',(1.570796326795,25.777903225806));
#4637 = ( GEOMETRIC_REPRESENTATION_CONTEXT(2) 
PARAMETRIC_REPRESENTATION_CONTEXT() REPRESENTATION_CONTEXT('2D SPACE',''
  ) );
#4638 = ADVANCED_FACE('',(#4639),#4358,.F.);
#4639 = FACE_BOUND('',#4640,.F.);
#4640 = EDGE_LOOP('',(#4641,#4664,#4685));
#4641 = ORIENTED_EDGE('',*,*,#4642,.F.);
#4642 = EDGE_CURVE('',#4643,#4311,#4645,.T.);
#4643 = VERTEX_POINT('',#4644);
#4644 = CARTESIAN_POINT('',(9.692147714262,15.0654613024,4.594725068663)
  );
#4645 = SURFACE_CURVE('',#4646,(#4650,#4657),.PCURVE_S1.);
#4646 = LINE('',#4647,#4648);
#4647 = CARTESIAN_POINT('',(9.692147714262,14.389272083614,
    3.144632609405));
#4648 = VECTOR('',#4649,1.);
#4649 = DIRECTION('',(0.,0.422618261741,0.906307787037));
#4650 = PCURVE('',#4358,#4651);
#4651 = DEFINITIONAL_REPRESENTATION('',(#4652),#4656);
#4652 = LINE('',#4653,#4654);
#4653 = CARTESIAN_POINT('',(8.5,-4.440892098501E-16));
#4654 = VECTOR('',#4655,1.);
#4655 = DIRECTION('',(-2.775557561563E-17,1.));
#4656 = ( GEOMETRIC_REPRESENTATION_CONTEXT(2) 
PARAMETRIC_REPRESENTATION_CONTEXT() REPRESENTATION_CONTEXT('2D SPACE',''
  ) );
#4657 = PCURVE('',#4440,#4658);
#4658 = DEFINITIONAL_REPRESENTATION('',(#4659),#4663);
#4659 = LINE('',#4660,#4661);
#4660 = CARTESIAN_POINT('',(0.,0.));
#4661 = VECTOR('',#4662,1.);
#4662 = DIRECTION('',(1.,0.));
#4663 = ( GEOMETRIC_REPRESENTATION_CONTEXT(2) 
PARAMETRIC_REPRESENTATION_CONTEXT() REPRESENTATION_CONTEXT('2D SPACE',''
  ) );
#4664 = ORIENTED_EDGE('',*,*,#4665,.T.);
#4665 = EDGE_CURVE('',#4643,#4309,#4666,.T.);
#4666 = SURFACE_CURVE('',#4667,(#4671,#4678),.PCURVE_S1.);
#4667 = LINE('',#4668,#4669);
#4668 = CARTESIAN_POINT('',(-10.4021265027,0.837002176114,
    11.229564522996));
#4669 = VECTOR('',#4670,1.);
#4670 = DIRECTION('',(0.788010753607,0.557978789266,-0.260189782523));
#4671 = PCURVE('',#4358,#4672);
#4672 = DEFINITIONAL_REPRESENTATION('',(#4673),#4677);
#4673 = LINE('',#4674,#4675);
#4674 = CARTESIAN_POINT('',(-17.,1.6));
#4675 = VECTOR('',#4676,1.);
#4676 = DIRECTION('',(1.,-2.775557561563E-17));
#4677 = ( GEOMETRIC_REPRESENTATION_CONTEXT(2) 
PARAMETRIC_REPRESENTATION_CONTEXT() REPRESENTATION_CONTEXT('2D SPACE',''
  ) );
#4678 = PCURVE('',#4600,#4679);
#4679 = DEFINITIONAL_REPRESENTATION('',(#4680),#4684);
#4680 = LINE('',#4681,#4682);
#4681 = CARTESIAN_POINT('',(0.,-0.));
#4682 = VECTOR('',#4683,1.);
#4683 = DIRECTION('',(0.,1.));
#4684 = ( GEOMETRIC_REPRESENTATION_CONTEXT(2) 
PARAMETRIC_REPRESENTATION_CONTEXT() REPRESENTATION_CONTEXT('2D SPACE',''
  ) );
#4685 = ORIENTED_EDGE('',*,*,#4308,.T.);
#4686 = ADVANCED_FACE('',(#4687),#4600,.F.);
#4687 = FACE_BOUND('',#4688,.F.);
#4688 = EDGE_LOOP('',(#4689,#4690,#4691,#4714,#4742,#4973,#5001,#5028,
    #5029,#5053,#5081));
#4689 = ORIENTED_EDGE('',*,*,#4532,.F.);
#4690 = ORIENTED_EDGE('',*,*,#4665,.F.);
#4691 = ORIENTED_EDGE('',*,*,#4692,.F.);
#4692 = EDGE_CURVE('',#4693,#4643,#4695,.T.);
#4693 = VERTEX_POINT('',#4694);
#4694 = CARTESIAN_POINT('',(-3.704035097052,5.579821884876,
    9.017951371552));
#4695 = SEAM_CURVE('',#4696,(#4700,#4707),.PCURVE_S1.);
#4696 = LINE('',#4697,#4698);
#4697 = CARTESIAN_POINT('',(-10.4021265027,0.837002176114,
    11.229564522996));
#4698 = VECTOR('',#4699,1.);
#4699 = DIRECTION('',(0.788010753607,0.557978789266,-0.260189782523));
#4700 = PCURVE('',#4600,#4701);
#4701 = DEFINITIONAL_REPRESENTATION('',(#4702),#4706);
#4702 = LINE('',#4703,#4704);
#4703 = CARTESIAN_POINT('',(6.28318530718,-0.));
#4704 = VECTOR('',#4705,1.);
#4705 = DIRECTION('',(0.,1.));
#4706 = ( GEOMETRIC_REPRESENTATION_CONTEXT(2) 
PARAMETRIC_REPRESENTATION_CONTEXT() REPRESENTATION_CONTEXT('2D SPACE',''
  ) );
#4707 = PCURVE('',#4600,#4708);
#4708 = DEFINITIONAL_REPRESENTATION('',(#4709),#4713);
#4709 = LINE('',#4710,#4711);
#4710 = CARTESIAN_POINT('',(0.,-0.));
#4711 = VECTOR('',#4712,1.);
#4712 = DIRECTION('',(0.,1.));
#4713 = ( GEOMETRIC_REPRESENTATION_CONTEXT(2) 
PARAMETRIC_REPRESENTATION_CONTEXT() REPRESENTATION_CONTEXT('2D SPACE',''
  ) );
#4714 = ORIENTED_EDGE('',*,*,#4715,.F.);
#4715 = EDGE_CURVE('',#4716,#4693,#4718,.T.);
#4716 = VERTEX_POINT('',#4717);
#4717 = CARTESIAN_POINT('',(-3.913217554398,5.431702872856,
    9.087020401175));
#4718 = SURFACE_CURVE('',#4719,(#4723,#4730),.PCURVE_S1.);
#4719 = LINE('',#4720,#4721);
#4720 = CARTESIAN_POINT('',(-10.4021265027,0.837002176114,
    11.229564522996));
#4721 = VECTOR('',#4722,1.);
#4722 = DIRECTION('',(0.788010753607,0.557978789266,-0.260189782523));
#4723 = PCURVE('',#4600,#4724);
#4724 = DEFINITIONAL_REPRESENTATION('',(#4725),#4729);
#4725 = LINE('',#4726,#4727);
#4726 = CARTESIAN_POINT('',(0.,-0.));
#4727 = VECTOR('',#4728,1.);
#4728 = DIRECTION('',(0.,1.));
#4729 = ( GEOMETRIC_REPRESENTATION_CONTEXT(2) 
PARAMETRIC_REPRESENTATION_CONTEXT() REPRESENTATION_CONTEXT('2D SPACE',''
  ) );
#4730 = PCURVE('',#4731,#4736);
#4731 = PLANE('',#4732);
#4732 = AXIS2_PLACEMENT_3D('',#4733,#4734,#4735);
#4733 = CARTESIAN_POINT('',(2.994056308605,9.646452374852,5.356245760849
    ));
#4734 = DIRECTION('',(0.615661475326,-0.714180282262,0.333027734922));
#4735 = DIRECTION('',(0.788010753607,0.557978789266,-0.260189782523));
#4736 = DEFINITIONAL_REPRESENTATION('',(#4737),#4741);
#4737 = LINE('',#4738,#4739);
#4738 = CARTESIAN_POINT('',(-17.,1.6));
#4739 = VECTOR('',#4740,1.);
#4740 = DIRECTION('',(1.,-2.775557561563E-17));
#4741 = ( GEOMETRIC_REPRESENTATION_CONTEXT(2) 
PARAMETRIC_REPRESENTATION_CONTEXT() REPRESENTATION_CONTEXT('2D SPACE',''
  ) );
#4742 = ORIENTED_EDGE('',*,*,#4743,.T.);
#4743 = EDGE_CURVE('',#4716,#4744,#4746,.T.);
#4744 = VERTEX_POINT('',#4745);
#4745 = CARTESIAN_POINT('',(-3.913217554398,4.079324435285,
    6.186835482658));
#4746 = SURFACE_CURVE('',#4747,(#4810,#4876),.PCURVE_S1.);
#4747 = B_SPLINE_CURVE_WITH_KNOTS('',6,(#4748,#4749,#4750,#4751,#4752,
    #4753,#4754,#4755,#4756,#4757,#4758,#4759,#4760,#4761,#4762,#4763,
    #4764,#4765,#4766,#4767,#4768,#4769,#4770,#4771,#4772,#4773,#4774,
    #4775,#4776,#4777,#4778,#4779,#4780,#4781,#4782,#4783,#4784,#4785,
    #4786,#4787,#4788,#4789,#4790,#4791,#4792,#4793,#4794,#4795,#4796,
    #4797,#4798,#4799,#4800,#4801,#4802,#4803,#4804,#4805,#4806,#4807,
    #4808,#4809),.UNSPECIFIED.,.F.,.F.,(7,5,5,5,5,5,5,5,5,5,5,5,7),(0.,
    6.651380839759E-02,0.18848431528,0.231761034436,0.260155574808,
    0.330018600271,0.411244505979,0.50012006522,0.588787156477,
    0.669993083422,0.811969095682,0.933464441309,1.),.UNSPECIFIED.);
#4748 = CARTESIAN_POINT('',(-3.9132175524,5.43170287427,9.087020400515)
  );
#4749 = CARTESIAN_POINT('',(-3.874918062515,5.394929845476,
    9.104167945456));
#4750 = CARTESIAN_POINT('',(-3.8369421231,5.356877189876,9.119358461834)
  );
#4751 = CARTESIAN_POINT('',(-3.799380604051,5.317623595418,
    9.132544073398));
#4752 = CARTESIAN_POINT('',(-3.762319107752,5.277257019257,
    9.143684518301));
#4753 = CARTESIAN_POINT('',(-3.725837969073,5.235874687758,
    9.152747149101));
#4754 = CARTESIAN_POINT('',(-3.624316416189,5.116030375518,
    9.172469520876));
#4755 = CARTESIAN_POINT('',(-3.560818062544,5.035412703599,
    9.178162155184));
#4756 = CARTESIAN_POINT('',(-3.49998823651,4.95239479859,9.176632000102)
  );
#4757 = CARTESIAN_POINT('',(-3.442194878141,4.867703115018,
    9.167828608722));
#4758 = CARTESIAN_POINT('',(-3.387720438485,4.782102466167,9.15179815503
    ));
#4759 = CARTESIAN_POINT('',(-3.318704983727,4.665954593148,9.12047421653
    ));
#4760 = CARTESIAN_POINT('',(-3.3010747352,4.635519213705,9.111377954052)
  );
#4761 = CARTESIAN_POINT('',(-3.28389790075,4.605100727742,9.101394837521
    ));
#4762 = CARTESIAN_POINT('',(-3.267182586261,4.574733122733,
    9.090532077764));
#4763 = CARTESIAN_POINT('',(-3.250935849765,4.544450153715,9.07879813761
    ));
#4764 = CARTESIAN_POINT('',(-3.224815345317,4.494493733748,
    9.057938686837));
#4765 = CARTESIAN_POINT('',(-3.214671307018,4.474752970244,
    9.049303782969));
#4766 = CARTESIAN_POINT('',(-3.204733295971,4.455072501641,
    9.040300754759));
#4767 = CARTESIAN_POINT('',(-3.19500287162,4.43546169394,9.030932552409)
  );
#4768 = CARTESIAN_POINT('',(-3.185481443428,4.415929830266,
    9.021202341845));
#4769 = CARTESIAN_POINT('',(-3.153260701786,4.348646031582,
    8.986290539581));
#4770 = CARTESIAN_POINT('',(-3.131623999208,4.301339537769,
    8.959296520093));
#4771 = CARTESIAN_POINT('',(-3.111279039679,4.254703564038,
    8.930181833021));
#4772 = CARTESIAN_POINT('',(-3.092239949906,4.208871490701,
    8.899004485831));
#4773 = CARTESIAN_POINT('',(-3.074517404654,4.163972205755,
    8.865830241399));
#4774 = CARTESIAN_POINT('',(-3.039055474477,4.06915527158,8.789926828736
    ));
#4775 = CARTESIAN_POINT('',(-3.021782083265,4.019608873969,8.74652094293
    ));
#4776 = CARTESIAN_POINT('',(-3.00631310907,3.971684373843,8.700631233623
    ));
#4777 = CARTESIAN_POINT('',(-2.9926577622,3.925565529699,8.652387826354)
  );
#4778 = CARTESIAN_POINT('',(-2.980822519643,3.881423352588,
    8.601935667202));
#4779 = CARTESIAN_POINT('',(-2.959859844376,3.793448311192,
    8.491990696464));
#4780 = CARTESIAN_POINT('',(-2.951092194193,3.750035129004,8.43209273387
    ));
#4781 = CARTESIAN_POINT('',(-2.94451625085,3.709380014733,8.369952948759
    ));
#4782 = CARTESIAN_POINT('',(-2.940135923806,3.671663467885,8.30580135559
    ));
#4783 = CARTESIAN_POINT('',(-2.937952958364,3.637038831959,
    8.239886376346));
#4784 = CARTESIAN_POINT('',(-2.93798205535,3.574295241114,8.1052211736)
  );
#4785 = CARTESIAN_POINT('',(-2.940183820588,3.546160261078,
    8.036475912149));
#4786 = CARTESIAN_POINT('',(-2.944572636163,3.521348678014,
    7.966503655428));
#4787 = CARTESIAN_POINT('',(-2.951146757177,3.499951407737,
    7.895579666218));
#4788 = CARTESIAN_POINT('',(-2.959902294307,3.482028104099,
    7.823988077628));
#4789 = CARTESIAN_POINT('',(-2.980843200595,3.454402084409,
    7.686108330731));
#4790 = CARTESIAN_POINT('',(-2.992678128441,3.444134282518,
    7.619879576757));
#4791 = CARTESIAN_POINT('',(-3.006332258324,3.436827605832,
    7.553556657428));
#4792 = CARTESIAN_POINT('',(-3.021799116119,3.432483149922,7.48736357952
    ));
#4793 = CARTESIAN_POINT('',(-3.039069496602,3.431082483296,
    7.421524587284));
#4794 = CARTESIAN_POINT('',(-3.091454482987,3.43522466276,7.242163437908
    ));
#4795 = CARTESIAN_POINT('',(-3.130252146515,3.446748093041,7.12982462269
    ));
#4796 = CARTESIAN_POINT('',(-3.174451153049,3.466968650712,
    7.020442765736));
#4797 = CARTESIAN_POINT('',(-3.223940323349,3.495528035222,
    6.915192665924));
#4798 = CARTESIAN_POINT('',(-3.278536185819,3.531938092754,
    6.815215179947));
#4799 = CARTESIAN_POINT('',(-3.388717368272,3.612929726552,
    6.641434415399));
#4800 = CARTESIAN_POINT('',(-3.443028596952,3.655578724822,
    6.565928546289));
#4801 = CARTESIAN_POINT('',(-3.500629989739,3.703136407409,
    6.495729705256));
#4802 = CARTESIAN_POINT('',(-3.561241710356,3.755151442415,
    6.431445703743));
#4803 = CARTESIAN_POINT('',(-3.624499732518,3.811123973935,
    6.373594140251));
#4804 = CARTESIAN_POINT('',(-3.725775465757,3.903041426518,
    6.294644572338));
#4805 = CARTESIAN_POINT('',(-3.762268316627,3.936594067687,6.26875744525
    ));
#4806 = CARTESIAN_POINT('',(-3.799342000726,3.971086220694,
    6.244985420919));
#4807 = CARTESIAN_POINT('',(-3.836916099371,4.00643028583,6.22338206038)
  );
#4808 = CARTESIAN_POINT('',(-3.874904931246,4.042538799995,
    6.203988906104));
#4809 = CARTESIAN_POINT('',(-3.9132175524,4.0793244367,6.186835481998));
#4810 = PCURVE('',#4600,#4811);
#4811 = DEFINITIONAL_REPRESENTATION('',(#4812),#4875);
#4812 = B_SPLINE_CURVE_WITH_KNOTS('',6,(#4813,#4814,#4815,#4816,#4817,
    #4818,#4819,#4820,#4821,#4822,#4823,#4824,#4825,#4826,#4827,#4828,
    #4829,#4830,#4831,#4832,#4833,#4834,#4835,#4836,#4837,#4838,#4839,
    #4840,#4841,#4842,#4843,#4844,#4845,#4846,#4847,#4848,#4849,#4850,
    #4851,#4852,#4853,#4854,#4855,#4856,#4857,#4858,#4859,#4860,#4861,
    #4862,#4863,#4864,#4865,#4866,#4867,#4868,#4869,#4870,#4871,#4872,
    #4873,#4874),.UNSPECIFIED.,.F.,.F.,(7,5,5,5,5,5,5,5,5,5,5,5,7),(0.,
    6.651380839759E-02,0.18848431528,0.231761034436,0.260155574808,
    0.330018600271,0.411244505979,0.50012006522,0.588787156477,
    0.669993083422,0.811969095682,0.933464441309,1.),.UNSPECIFIED.);
#4813 = CARTESIAN_POINT('',(0.,8.23454365389));
#4814 = CARTESIAN_POINT('',(3.47204378636E-02,8.239743877704));
#4815 = CARTESIAN_POINT('',(6.948002727856E-02,8.244484334488));
#4816 = CARTESIAN_POINT('',(0.104274610112,8.248749780905));
#4817 = CARTESIAN_POINT('',(0.13909944693,8.252532315304));
#4818 = CARTESIAN_POINT('',(0.173949217004,8.255831377723));
#4819 = CARTESIAN_POINT('',(0.272759107695,8.263829309252));
#4820 = CARTESIAN_POINT('',(0.336769679264,8.267402578507));
#4821 = CARTESIAN_POINT('',(0.400803736435,8.269413036155));
#4822 = CARTESIAN_POINT('',(0.464835626553,8.269989213465));
#4823 = CARTESIAN_POINT('',(0.528847885783,8.269323271564));
#4824 = CARTESIAN_POINT('',(0.615516895565,8.267050311262));
#4825 = CARTESIAN_POINT('',(0.638210314289,8.266327595074));
#4826 = CARTESIAN_POINT('',(0.66089893331,8.265487760283));
#4827 = CARTESIAN_POINT('',(0.683582508988,8.264541507474));
#4828 = CARTESIAN_POINT('',(0.70626096092,8.263499907492));
#4829 = CARTESIAN_POINT('',(0.743810755761,8.261635939118));
#4830 = CARTESIAN_POINT('',(0.758684970001,8.260861336823));
#4831 = CARTESIAN_POINT('',(0.773557038871,8.260053808306));
#4832 = CARTESIAN_POINT('',(0.788427008113,8.259216583126));
#4833 = CARTESIAN_POINT('',(0.803294945,8.258352906656));
#4834 = CARTESIAN_POINT('',(0.854737803381,8.255283959272));
#4835 = CARTESIAN_POINT('',(0.891302898818,8.252961461494));
#4836 = CARTESIAN_POINT('',(0.92785750358,8.250546968323));
#4837 = CARTESIAN_POINT('',(0.964403547098,8.248088678198));
#4838 = CARTESIAN_POINT('',(1.000943158445,8.245632985229));
#4839 = CARTESIAN_POINT('',(1.079955521266,8.240420821853));
#4840 = CARTESIAN_POINT('',(1.12242691032,8.237680368915));
#4841 = CARTESIAN_POINT('',(1.164895003637,8.235069265856));
#4842 = CARTESIAN_POINT('',(1.207362612596,8.232648930862));
#4843 = CARTESIAN_POINT('',(1.249831767612,8.230471967046));
#4844 = CARTESIAN_POINT('',(1.338773537073,8.226509131523));
#4845 = CARTESIAN_POINT('',(1.385247487285,8.224779337176));
#4846 = CARTESIAN_POINT('',(1.43172398794,8.223444696981));
#4847 = CARTESIAN_POINT('',(1.478203345501,8.222542997726));
#4848 = CARTESIAN_POINT('',(1.524685049088,8.222093789651));
#4849 = CARTESIAN_POINT('',(1.617537998678,8.222099777875));
#4850 = CARTESIAN_POINT('',(1.663910652161,8.22255285572));
#4851 = CARTESIAN_POINT('',(1.710280965179,8.223456151032));
#4852 = CARTESIAN_POINT('',(1.756648430605,8.224790147343));
#4853 = CARTESIAN_POINT('',(1.803013353559,8.226517266534));
#4854 = CARTESIAN_POINT('',(1.891835668576,8.230475775528));
#4855 = CARTESIAN_POINT('',(1.934294376317,8.232652554544));
#4856 = CARTESIAN_POINT('',(1.976751540774,8.23507252871));
#4857 = CARTESIAN_POINT('',(2.019209191367,8.23768312674));
#4858 = CARTESIAN_POINT('',(2.061670137604,8.240422972004));
#4859 = CARTESIAN_POINT('',(2.178383742478,8.248122226136));
#4860 = CARTESIAN_POINT('',(2.252651361359,8.253208491638));
#4861 = CARTESIAN_POINT('',(2.326953046498,8.258121883051));
#4862 = CARTESIAN_POINT('',(2.401307160644,8.262444416039));
#4863 = CARTESIAN_POINT('',(2.475725705595,8.265751449463));
#4864 = CARTESIAN_POINT('',(2.613914957321,8.269335085946));
#4865 = CARTESIAN_POINT('',(2.677679126163,8.269980345786));
#4866 = CARTESIAN_POINT('',(2.741462591812,8.269391028179));
#4867 = CARTESIAN_POINT('',(2.805247990932,8.267377667168));
#4868 = CARTESIAN_POINT('',(2.869009909225,8.263813536546));
#4869 = CARTESIAN_POINT('',(2.96758372722,8.255837029484));
#4870 = CARTESIAN_POINT('',(3.002445480106,8.252537498632));
#4871 = CARTESIAN_POINT('',(3.037282283804,8.248754164502));
#4872 = CARTESIAN_POINT('',(3.072088806895,8.244487583065));
#4873 = CARTESIAN_POINT('',(3.106860311562,8.23974566064));
#4874 = CARTESIAN_POINT('',(3.14159265359,8.23454365389));
#4875 = ( GEOMETRIC_REPRESENTATION_CONTEXT(2) 
PARAMETRIC_REPRESENTATION_CONTEXT() REPRESENTATION_CONTEXT('2D SPACE',''
  ) );
#4876 = PCURVE('',#4877,#4908);
#4877 = B_SPLINE_SURFACE_WITH_KNOTS('',14,1,(
    (#4878,#4879)
    ,(#4880,#4881)
    ,(#4882,#4883)
    ,(#4884,#4885)
    ,(#4886,#4887)
    ,(#4888,#4889)
    ,(#4890,#4891)
    ,(#4892,#4893)
    ,(#4894,#4895)
    ,(#4896,#4897)
    ,(#4898,#4899)
    ,(#4900,#4901)
    ,(#4902,#4903)
    ,(#4904,#4905)
    ,(#4906,#4907
    )),.UNSPECIFIED.,.T.,.F.,.F.,(15,15),(2,2),(0.,6.28318530718),(0.,1.
    ),.PIECEWISE_BEZIER_KNOTS.);
#4878 = CARTESIAN_POINT('',(10.027052284545,14.626413069053,
    3.034051951832));
#4879 = CARTESIAN_POINT('',(21.814824845666,-1.984466740627,
    10.779832415778));
#4880 = CARTESIAN_POINT('',(10.027052284546,16.238613443918,
    6.491426812976));
#4881 = CARTESIAN_POINT('',(21.814824845667,-0.732640567201,
    13.46438230796));
#4882 = CARTESIAN_POINT('',(8.5014944551,16.770589421092,10.452520136972
    ));
#4883 = CARTESIAN_POINT('',(20.630274060454,-0.319576867286,
    16.540054771303));
#4884 = CARTESIAN_POINT('',(5.450376845957,15.814338448714,
    14.04237123316));
#4885 = CARTESIAN_POINT('',(18.261170975691,-1.062077622279,
    19.327468563618));
#4886 = CARTESIAN_POINT('',(1.329974807274,13.284987208129,
    16.235461893609));
#4887 = CARTESIAN_POINT('',(15.061799980997,-3.02604446799,
    21.030338958841));
#4888 = CARTESIAN_POINT('',(-2.94724751157,9.566920922786,
    16.169255317672));
#4889 = CARTESIAN_POINT('',(11.740662650965,-5.9130135835,
    20.978931499773));
#4890 = CARTESIAN_POINT('',(-6.212428711513,5.519505904907,
    13.52581865212));
#4891 = CARTESIAN_POINT('',(9.20534548413,-9.055712303542,18.92638067728
    ));
#4892 = CARTESIAN_POINT('',(-7.441704278571,2.257044259802,
    8.801983354312));
#4893 = CARTESIAN_POINT('',(8.250849161233,-11.58891781584,
    15.258461504642));
#4894 = CARTESIAN_POINT('',(-6.212428711513,0.735446401991,
    3.266369939986));
#4895 = CARTESIAN_POINT('',(9.205345484148,-12.77039379994,
    10.960220500812));
#4896 = CARTESIAN_POINT('',(-2.94724751157,1.312084658584,
    -1.533298178583));
#4897 = CARTESIAN_POINT('',(11.740662650936,-12.32265115331,
    7.23341937325));
#4898 = CARTESIAN_POINT('',(1.329974807273,3.651294419044,
    -4.424058962646));
#4899 = CARTESIAN_POINT('',(15.061799981025,-10.50632357484,
    4.988828646944));
#4900 = CARTESIAN_POINT('',(5.450376845957,6.95713497082,-4.951962921545
    ));
#4901 = CARTESIAN_POINT('',(18.261170975672,-7.939435616856,
    4.578926749364));
#4902 = CARTESIAN_POINT('',(8.5014944551,10.321786731434,-3.376981859999
    ));
#4903 = CARTESIAN_POINT('',(20.630274060462,-5.326882485148,
    5.801853220719));
#4904 = CARTESIAN_POINT('',(10.027052284546,13.014212694192,
    -0.423322909307));
#4905 = CARTESIAN_POINT('',(21.814824845665,-3.236292914045,
    8.095282523597));
#4906 = CARTESIAN_POINT('',(10.027052284545,14.626413069053,
    3.034051951832));
#4907 = CARTESIAN_POINT('',(21.814824845666,-1.984466740627,
    10.779832415778));
#4908 = DEFINITIONAL_REPRESENTATION('',(#4909),#4972);
#4909 = B_SPLINE_CURVE_WITH_KNOTS('',6,(#4910,#4911,#4912,#4913,#4914,
    #4915,#4916,#4917,#4918,#4919,#4920,#4921,#4922,#4923,#4924,#4925,
    #4926,#4927,#4928,#4929,#4930,#4931,#4932,#4933,#4934,#4935,#4936,
    #4937,#4938,#4939,#4940,#4941,#4942,#4943,#4944,#4945,#4946,#4947,
    #4948,#4949,#4950,#4951,#4952,#4953,#4954,#4955,#4956,#4957,#4958,
    #4959,#4960,#4961,#4962,#4963,#4964,#4965,#4966,#4967,#4968,#4969,
    #4970,#4971),.UNSPECIFIED.,.F.,.F.,(7,5,5,5,5,5,5,5,5,5,5,5,7),(0.,
    6.651380839759E-02,0.18848431528,0.231761034436,0.260155574808,
    0.330018600271,0.411244505979,0.50012006522,0.588787156477,
    0.669993083422,0.811969095682,0.933464441309,1.),.UNSPECIFIED.);
#4910 = CARTESIAN_POINT('',(2.952227642437,0.));
#4911 = CARTESIAN_POINT('',(2.952117965612,2.560032284874E-03));
#4912 = CARTESIAN_POINT('',(2.952285252097,5.122965117418E-03));
#4913 = CARTESIAN_POINT('',(2.952731723652,7.682895889573E-03));
#4914 = CARTESIAN_POINT('',(2.953458183098,1.023388323417E-02));
#4915 = CARTESIAN_POINT('',(2.95446401432,1.276994702493E-02));
#4916 = CARTESIAN_POINT('',(2.958100207125,1.989720281148E-02));
#4917 = CARTESIAN_POINT('',(2.961386020947,2.443936165394E-02));
#4918 = CARTESIAN_POINT('',(2.965591515594,2.88739582987E-02));
#4919 = CARTESIAN_POINT('',(2.970687439165,3.316587079942E-02));
#4920 = CARTESIAN_POINT('',(2.976630561189,3.72826230465E-02));
#4921 = CARTESIAN_POINT('',(2.985755601411,4.258257406703E-02));
#4922 = CARTESIAN_POINT('',(2.988245170954,4.394484618732E-02));
#4923 = CARTESIAN_POINT('',(2.99083213563,4.528008782069E-02));
#4924 = CARTESIAN_POINT('',(2.993513947213,4.658706107504E-02));
#4925 = CARTESIAN_POINT('',(2.996287920078,4.786458465151E-02));
#4926 = CARTESIAN_POINT('',(3.001029894947,4.99296769453E-02));
#4927 = CARTESIAN_POINT('',(3.002947020032,5.073465828909E-02));
#4928 = CARTESIAN_POINT('',(3.004901811483,5.152616036613E-02));
#4929 = CARTESIAN_POINT('',(3.006893453745,5.230387595981E-02));
#4930 = CARTESIAN_POINT('',(3.008921110682,5.306750814668E-02));
#4931 = CARTESIAN_POINT('',(3.016059355151,5.566028387206E-02));
#4932 = CARTESIAN_POINT('',(3.021347625962,5.741680424846E-02));
#4933 = CARTESIAN_POINT('',(3.026835982956,5.908206242327E-02));
#4934 = CARTESIAN_POINT('',(3.032510992546,6.065215808483E-02));
#4935 = CARTESIAN_POINT('',(3.038358601861,6.212355572867E-02));
#4936 = CARTESIAN_POINT('',(3.051346575068,6.508535238633E-02));
#4937 = CARTESIAN_POINT('',(3.058542548826,6.653992648383E-02));
#4938 = CARTESIAN_POINT('',(3.065929087498,6.785180844491E-02));
#4939 = CARTESIAN_POINT('',(3.073482221476,6.901668620901E-02));
#4940 = CARTESIAN_POINT('',(3.08117707077,7.003097225131E-02));
#4941 = CARTESIAN_POINT('',(3.097534275983,7.183379376773E-02));
#4942 = CARTESIAN_POINT('',(3.106219679592,7.259209147959E-02));
#4943 = CARTESIAN_POINT('',(3.115010157666,7.316302991654E-02));
#4944 = CARTESIAN_POINT('',(3.123871128143,7.354408765475E-02));
#4945 = CARTESIAN_POINT('',(3.132767431931,7.373398091504E-02));
#4946 = CARTESIAN_POINT('',(3.15053852618,7.37314497668E-02));
#4947 = CARTESIAN_POINT('',(3.15941358787,7.353992106826E-02));
#4948 = CARTESIAN_POINT('',(3.168253192494,7.315813381298E-02));
#4949 = CARTESIAN_POINT('',(3.177022430105,7.258736975793E-02));
#4950 = CARTESIAN_POINT('',(3.185686964067,7.183013651171E-02));
#4951 = CARTESIAN_POINT('',(3.202021796088,7.002919962134E-02));
#4952 = CARTESIAN_POINT('',(3.209714553043,6.901494803573E-02));
#4953 = CARTESIAN_POINT('',(3.217265637144,6.785018264733E-02));
#4954 = CARTESIAN_POINT('',(3.224650187409,6.653848888957E-02));
#4955 = CARTESIAN_POINT('',(3.231844252409,6.508417599119E-02));
#4956 = CARTESIAN_POINT('',(3.251029257144,6.070897238694E-02));
#4957 = CARTESIAN_POINT('',(3.262581563367,5.750491825637E-02));
#4958 = CARTESIAN_POINT('',(3.273358482393,5.39067642832E-02));
#4959 = CARTESIAN_POINT('',(3.283247194849,4.994748653061E-02));
#4960 = CARTESIAN_POINT('',(3.292145513262,4.566586486709E-02));
#4961 = CARTESIAN_POINT('',(3.306663128566,3.720730488463E-02));
#4962 = CARTESIAN_POINT('',(3.312570867037,3.310398906152E-02));
#4963 = CARTESIAN_POINT('',(3.317637504565,2.882722045959E-02));
#4964 = CARTESIAN_POINT('',(3.32182040923,2.440912049946E-02));
#4965 = CARTESIAN_POINT('',(3.325090724059,1.988441170862E-02));
#4966 = CARTESIAN_POINT('',(3.328719569143,1.27742921074E-02));
#4967 = CARTESIAN_POINT('',(3.32972612817,1.023737927588E-02));
#4968 = CARTESIAN_POINT('',(3.330453124588,7.685526831806E-03));
#4969 = CARTESIAN_POINT('',(3.330899940529,5.124721410248E-03));
#4970 = CARTESIAN_POINT('',(3.331067379171,2.560910011279E-03));
#4971 = CARTESIAN_POINT('',(3.330957664743,0.));
#4972 = ( GEOMETRIC_REPRESENTATION_CONTEXT(2) 
PARAMETRIC_REPRESENTATION_CONTEXT() REPRESENTATION_CONTEXT('2D SPACE',''
  ) );
#4973 = ORIENTED_EDGE('',*,*,#4974,.T.);
#4974 = EDGE_CURVE('',#4744,#4975,#4977,.T.);
#4975 = VERTEX_POINT('',#4976);
#4976 = CARTESIAN_POINT('',(-3.704035097052,4.227443447305,
    6.117766453034));
#4977 = SURFACE_CURVE('',#4978,(#4982,#4989),.PCURVE_S1.);
#4978 = LINE('',#4979,#4980);
#4979 = CARTESIAN_POINT('',(-10.4021265027,-0.515376261457,
    8.329379604478));
#4980 = VECTOR('',#4981,1.);
#4981 = DIRECTION('',(0.788010753607,0.557978789266,-0.260189782523));
#4982 = PCURVE('',#4600,#4983);
#4983 = DEFINITIONAL_REPRESENTATION('',(#4984),#4988);
#4984 = LINE('',#4985,#4986);
#4985 = CARTESIAN_POINT('',(3.14159265359,0.));
#4986 = VECTOR('',#4987,1.);
#4987 = DIRECTION('',(0.,1.));
#4988 = ( GEOMETRIC_REPRESENTATION_CONTEXT(2) 
PARAMETRIC_REPRESENTATION_CONTEXT() REPRESENTATION_CONTEXT('2D SPACE',''
  ) );
#4989 = PCURVE('',#4990,#4995);
#4990 = PLANE('',#4991);
#4991 = AXIS2_PLACEMENT_3D('',#4992,#4993,#4994);
#4992 = CARTESIAN_POINT('',(2.994056308605,9.646452374852,5.356245760849
    ));
#4993 = DIRECTION('',(0.615661475326,-0.714180282262,0.333027734922));
#4994 = DIRECTION('',(0.788010753607,0.557978789266,-0.260189782523));
#4995 = DEFINITIONAL_REPRESENTATION('',(#4996),#5000);
#4996 = LINE('',#4997,#4998);
#4997 = CARTESIAN_POINT('',(-17.,-1.6));
#4998 = VECTOR('',#4999,1.);
#4999 = DIRECTION('',(1.,-2.775557561563E-17));
#5000 = ( GEOMETRIC_REPRESENTATION_CONTEXT(2) 
PARAMETRIC_REPRESENTATION_CONTEXT() REPRESENTATION_CONTEXT('2D SPACE',''
  ) );
#5001 = ORIENTED_EDGE('',*,*,#5002,.T.);
#5002 = EDGE_CURVE('',#4975,#4693,#5003,.T.);
#5003 = SURFACE_CURVE('',#5004,(#5009,#5016),.PCURVE_S1.);
#5004 = CIRCLE('',#5005,1.6);
#5005 = AXIS2_PLACEMENT_3D('',#5006,#5007,#5008);
#5006 = CARTESIAN_POINT('',(-3.704035097052,4.90363266609,7.567858912293
    ));
#5007 = DIRECTION('',(0.788010753607,0.557978789266,-0.260189782523));
#5008 = DIRECTION('',(0.,0.422618261741,0.906307787037));
#5009 = PCURVE('',#4600,#5010);
#5010 = DEFINITIONAL_REPRESENTATION('',(#5011),#5015);
#5011 = LINE('',#5012,#5013);
#5012 = CARTESIAN_POINT('',(0.,8.5));
#5013 = VECTOR('',#5014,1.);
#5014 = DIRECTION('',(1.,0.));
#5015 = ( GEOMETRIC_REPRESENTATION_CONTEXT(2) 
PARAMETRIC_REPRESENTATION_CONTEXT() REPRESENTATION_CONTEXT('2D SPACE',''
  ) );
#5016 = PCURVE('',#5017,#5022);
#5017 = PLANE('',#5018);
#5018 = AXIS2_PLACEMENT_3D('',#5019,#5020,#5021);
#5019 = CARTESIAN_POINT('',(-3.704035097052,4.90363266609,7.567858912293
    ));
#5020 = DIRECTION('',(0.788010753607,0.557978789266,-0.260189782523));
#5021 = DIRECTION('',(0.,0.422618261741,0.906307787037));
#5022 = DEFINITIONAL_REPRESENTATION('',(#5023),#5027);
#5023 = CIRCLE('',#5024,1.6);
#5024 = AXIS2_PLACEMENT_2D('',#5025,#5026);
#5025 = CARTESIAN_POINT('',(0.,0.));
#5026 = DIRECTION('',(1.,-5.551115123126E-17));
#5027 = ( GEOMETRIC_REPRESENTATION_CONTEXT(2) 
PARAMETRIC_REPRESENTATION_CONTEXT() REPRESENTATION_CONTEXT('2D SPACE',''
  ) );
#5028 = ORIENTED_EDGE('',*,*,#4692,.T.);
#5029 = ORIENTED_EDGE('',*,*,#5030,.F.);
#5030 = EDGE_CURVE('',#5031,#4643,#5033,.T.);
#5031 = VERTEX_POINT('',#5032);
#5032 = CARTESIAN_POINT('',(9.692147714262,13.713082864829,
    1.694540150146));
#5033 = SURFACE_CURVE('',#5034,(#5039,#5046),.PCURVE_S1.);
#5034 = CIRCLE('',#5035,1.6);
#5035 = AXIS2_PLACEMENT_3D('',#5036,#5037,#5038);
#5036 = CARTESIAN_POINT('',(9.692147714262,14.389272083614,
    3.144632609405));
#5037 = DIRECTION('',(0.788010753607,0.557978789266,-0.260189782523));
#5038 = DIRECTION('',(0.,0.422618261741,0.906307787037));
#5039 = PCURVE('',#4600,#5040);
#5040 = DEFINITIONAL_REPRESENTATION('',(#5041),#5045);
#5041 = LINE('',#5042,#5043);
#5042 = CARTESIAN_POINT('',(0.,25.5));
#5043 = VECTOR('',#5044,1.);
#5044 = DIRECTION('',(1.,0.));
#5045 = ( GEOMETRIC_REPRESENTATION_CONTEXT(2) 
PARAMETRIC_REPRESENTATION_CONTEXT() REPRESENTATION_CONTEXT('2D SPACE',''
  ) );
#5046 = PCURVE('',#4440,#5047);
#5047 = DEFINITIONAL_REPRESENTATION('',(#5048),#5052);
#5048 = CIRCLE('',#5049,1.6);
#5049 = AXIS2_PLACEMENT_2D('',#5050,#5051);
#5050 = CARTESIAN_POINT('',(0.,0.));
#5051 = DIRECTION('',(1.,-5.551115123126E-17));
#5052 = ( GEOMETRIC_REPRESENTATION_CONTEXT(2) 
PARAMETRIC_REPRESENTATION_CONTEXT() REPRESENTATION_CONTEXT('2D SPACE',''
  ) );
#5053 = ORIENTED_EDGE('',*,*,#5054,.T.);
#5054 = EDGE_CURVE('',#5031,#5055,#5057,.T.);
#5055 = VERTEX_POINT('',#5056);
#5056 = CARTESIAN_POINT('',(9.901330171607,13.861201876849,
    1.625471120523));
#5057 = SURFACE_CURVE('',#5058,(#5062,#5069),.PCURVE_S1.);
#5058 = LINE('',#5059,#5060);
#5059 = CARTESIAN_POINT('',(-10.4021265027,-0.515376261457,
    8.329379604478));
#5060 = VECTOR('',#5061,1.);
#5061 = DIRECTION('',(0.788010753607,0.557978789266,-0.260189782523));
#5062 = PCURVE('',#4600,#5063);
#5063 = DEFINITIONAL_REPRESENTATION('',(#5064),#5068);
#5064 = LINE('',#5065,#5066);
#5065 = CARTESIAN_POINT('',(3.14159265359,0.));
#5066 = VECTOR('',#5067,1.);
#5067 = DIRECTION('',(0.,1.));
#5068 = ( GEOMETRIC_REPRESENTATION_CONTEXT(2) 
PARAMETRIC_REPRESENTATION_CONTEXT() REPRESENTATION_CONTEXT('2D SPACE',''
  ) );
#5069 = PCURVE('',#5070,#5075);
#5070 = PLANE('',#5071);
#5071 = AXIS2_PLACEMENT_3D('',#5072,#5073,#5074);
#5072 = CARTESIAN_POINT('',(2.994056308605,9.646452374852,5.356245760849
    ));
#5073 = DIRECTION('',(0.615661475326,-0.714180282262,0.333027734922));
#5074 = DIRECTION('',(0.788010753607,0.557978789266,-0.260189782523));
#5075 = DEFINITIONAL_REPRESENTATION('',(#5076),#5080);
#5076 = LINE('',#5077,#5078);
#5077 = CARTESIAN_POINT('',(-17.,-1.6));
#5078 = VECTOR('',#5079,1.);
#5079 = DIRECTION('',(1.,-2.775557561563E-17));
#5080 = ( GEOMETRIC_REPRESENTATION_CONTEXT(2) 
PARAMETRIC_REPRESENTATION_CONTEXT() REPRESENTATION_CONTEXT('2D SPACE',''
  ) );
#5081 = ORIENTED_EDGE('',*,*,#5082,.T.);
#5082 = EDGE_CURVE('',#5055,#4480,#5083,.T.);
#5083 = SURFACE_CURVE('',#5084,(#5115,#5149),.PCURVE_S1.);
#5084 = B_SPLINE_CURVE_WITH_KNOTS('',5,(#5085,#5086,#5087,#5088,#5089,
    #5090,#5091,#5092,#5093,#5094,#5095,#5096,#5097,#5098,#5099,#5100,
    #5101,#5102,#5103,#5104,#5105,#5106,#5107,#5108,#5109,#5110,#5111,
    #5112,#5113,#5114),.UNSPECIFIED.,.F.,.F.,(6,4,4,4,4,4,4,6),(0.,
    0.133239364028,0.37574945149,0.464196911339,0.520674333997,
    0.660686867968,0.823058436931,1.),.UNSPECIFIED.);
#5085 = CARTESIAN_POINT('',(9.901330176999,13.861201880667,
    1.625471118743));
#5086 = CARTESIAN_POINT('',(9.937512411578,13.810028844102,
    1.649333497584));
#5087 = CARTESIAN_POINT('',(9.974298153324,13.760646082185,
    1.676203884993));
#5088 = CARTESIAN_POINT('',(10.011553056223,13.713263144098,
    1.706007041715));
#5089 = CARTESIAN_POINT('',(10.049123757321,13.668065202435,
    1.738643055158));
#5090 = CARTESIAN_POINT('',(10.155481662758,13.547217495858,
    1.838317768466));
#5091 = CARTESIAN_POINT('',(10.224608618174,13.476983519595,
    1.911627825474));
#5092 = CARTESIAN_POINT('',(10.293170636384,13.415493559359,
    1.993149993597));
#5093 = CARTESIAN_POINT('',(10.360010656736,13.363325325883,
    2.08192108636));
#5094 = CARTESIAN_POINT('',(10.447328737504,13.305229472572,
    2.211446405055));
#5095 = CARTESIAN_POINT('',(10.470285228651,13.290979634838,
    2.246879681501));
#5096 = CARTESIAN_POINT('',(10.492808382347,13.278018649747,
    2.283078355854));
#5097 = CARTESIAN_POINT('',(10.514845394725,13.266354277029,
    2.319988399848));
#5098 = CARTESIAN_POINT('',(10.55007336738,13.249370820944,
    2.381541811539));
#5099 = CARTESIAN_POINT('',(10.563582653848,13.243282177649,
    2.405796717632));
#5100 = CARTESIAN_POINT('',(10.576859519108,13.23772412125,
    2.430304669628));
#5101 = CARTESIAN_POINT('',(10.589891011889,13.232696714053,
    2.455051058756));
#5102 = CARTESIAN_POINT('',(10.634331278209,13.217049903579,
    2.54192397436));
#5103 = CARTESIAN_POINT('',(10.664412668892,13.209157965267,
    2.605201302122));
#5104 = CARTESIAN_POINT('',(10.692717246981,13.2045140959,2.669627466873
    ));
#5105 = CARTESIAN_POINT('',(10.719068985374,13.203085092037,
    2.734969937117));
#5106 = CARTESIAN_POINT('',(10.771431955343,13.206832732416,
    2.877548875181));
#5107 = CARTESIAN_POINT('',(10.796716983799,13.213100732176,
    2.95501889912));
#5108 = CARTESIAN_POINT('',(10.818930119776,13.223545033712,
    3.033021933718));
#5109 = CARTESIAN_POINT('',(10.83787411171,13.238054864654,3.11116942453
    ));
#5110 = CARTESIAN_POINT('',(10.870338158951,13.276585212902,
    3.273938096092));
#5111 = CARTESIAN_POINT('',(10.883219421285,13.301342867612,
    3.358513119656));
#5112 = CARTESIAN_POINT('',(10.891871109064,13.330586778705,
    3.442261198496));
#5113 = CARTESIAN_POINT('',(10.896196805181,13.364103395752,
    3.52465530477));
#5114 = CARTESIAN_POINT('',(10.896196805181,13.401647737463,
    3.605169405395));
#5115 = PCURVE('',#4600,#5116);
#5116 = DEFINITIONAL_REPRESENTATION('',(#5117),#5148);
#5117 = B_SPLINE_CURVE_WITH_KNOTS('',5,(#5118,#5119,#5120,#5121,#5122,
    #5123,#5124,#5125,#5126,#5127,#5128,#5129,#5130,#5131,#5132,#5133,
    #5134,#5135,#5136,#5137,#5138,#5139,#5140,#5141,#5142,#5143,#5144,
    #5145,#5146,#5147),.UNSPECIFIED.,.F.,.F.,(6,4,4,4,4,4,4,6),(0.,
    0.133239364028,0.37574945149,0.464196911339,0.520674333997,
    0.660686867968,0.823058436931,1.),.UNSPECIFIED.);
#5118 = CARTESIAN_POINT('',(3.14159265359,25.765456355487));
#5119 = CARTESIAN_POINT('',(3.099861643843,25.759206129277));
#5120 = CARTESIAN_POINT('',(3.058071712412,25.753647755392));
#5121 = CARTESIAN_POINT('',(3.016231225888,25.748811868209));
#5122 = CARTESIAN_POINT('',(2.974350295786,25.744706934689));
#5123 = CARTESIAN_POINT('',(2.856160913627,25.735153308924));
#5124 = CARTESIAN_POINT('',(2.779778246997,25.731362496326));
#5125 = CARTESIAN_POINT('',(2.703383094626,25.729868775205));
#5126 = CARTESIAN_POINT('',(2.62700616417,25.73033333094));
#5127 = CARTESIAN_POINT('',(2.522855682258,25.733023499175));
#5128 = CARTESIAN_POINT('',(2.495028608484,25.733942977366));
#5129 = CARTESIAN_POINT('',(2.467209263239,25.735040984706));
#5130 = CARTESIAN_POINT('',(2.439397995997,25.736294298551));
#5131 = CARTESIAN_POINT('',(2.393840999141,25.738562342765));
#5132 = CARTESIAN_POINT('',(2.376090593567,25.73949959322));
#5133 = CARTESIAN_POINT('',(2.358343356291,25.74048390954));
#5134 = CARTESIAN_POINT('',(2.340599174975,25.741508921801));
#5135 = CARTESIAN_POINT('',(2.278875618423,25.745194296171));
#5136 = CARTESIAN_POINT('',(2.234911069364,25.74803110718));
#5137 = CARTESIAN_POINT('',(2.190961641369,25.750981208688));
#5138 = CARTESIAN_POINT('',(2.147022790143,25.75394786495));
#5139 = CARTESIAN_POINT('',(2.052143055064,25.760203969331));
#5140 = CARTESIAN_POINT('',(2.001204156599,25.763469345896));
#5141 = CARTESIAN_POINT('',(1.950268827133,25.766505642034));
#5142 = CARTESIAN_POINT('',(1.899331281253,25.769196710657));
#5143 = CARTESIAN_POINT('',(1.792879696838,25.773927100799));
#5144 = CARTESIAN_POINT('',(1.737363705822,25.775886363251));
#5145 = CARTESIAN_POINT('',(1.681844216463,25.777231073942));
#5146 = CARTESIAN_POINT('',(1.626319752292,25.777903225806));
#5147 = CARTESIAN_POINT('',(1.570796326795,25.777903225806));
#5148 = ( GEOMETRIC_REPRESENTATION_CONTEXT(2) 
PARAMETRIC_REPRESENTATION_CONTEXT() REPRESENTATION_CONTEXT('2D SPACE',''
  ) );
#5149 = PCURVE('',#4494,#5150);
#5150 = DEFINITIONAL_REPRESENTATION('',(#5151),#5182);
#5151 = B_SPLINE_CURVE_WITH_KNOTS('',5,(#5152,#5153,#5154,#5155,#5156,
    #5157,#5158,#5159,#5160,#5161,#5162,#5163,#5164,#5165,#5166,#5167,
    #5168,#5169,#5170,#5171,#5172,#5173,#5174,#5175,#5176,#5177,#5178,
    #5179,#5180,#5181),.UNSPECIFIED.,.F.,.F.,(6,4,4,4,4,4,4,6),(0.,
    0.133239364028,0.37574945149,0.464196911339,0.520674333997,
    0.660686867968,0.823058436931,1.),.UNSPECIFIED.);
#5152 = CARTESIAN_POINT('',(6.093820299848,0.));
#5153 = CARTESIAN_POINT('',(6.093688477644,3.076940810836E-03));
#5154 = CARTESIAN_POINT('',(6.093973427269,6.15824694604E-03));
#5155 = CARTESIAN_POINT('',(6.094679613781,9.232055533893E-03));
#5156 = CARTESIAN_POINT('',(6.095807217921,1.228638777516E-02));
#5157 = CARTESIAN_POINT('',(6.100164054717,2.081090197652E-02));
#5158 = CARTESIAN_POINT('',(6.104358733721,2.620872716456E-02));
#5159 = CARTESIAN_POINT('',(6.109910335345,3.142877571E-02));
#5160 = CARTESIAN_POINT('',(6.116745719671,3.640442479753E-02));
#5161 = CARTESIAN_POINT('',(6.127678930792,4.278160520509E-02));
#5162 = CARTESIAN_POINT('',(6.130757346103,4.444569018845E-02));
#5163 = CARTESIAN_POINT('',(6.133987174915,4.606680910786E-02));
#5164 = CARTESIAN_POINT('',(6.137362835102,4.764237928756E-02));
#5165 = CARTESIAN_POINT('',(6.143123063595,5.01454552484E-02));
#5166 = CARTESIAN_POINT('',(6.145424837256,5.110135813603E-02));
#5167 = CARTESIAN_POINT('',(6.147782050256,5.203708792786E-02));
#5168 = CARTESIAN_POINT('',(6.150193076801,5.295205092697E-02));
#5169 = CARTESIAN_POINT('',(6.158762607739,5.606107828902E-02));
#5170 = CARTESIAN_POINT('',(6.165189359249,5.814537899116E-02));
#5171 = CARTESIAN_POINT('',(6.171910806786,6.009000101679E-02));
#5172 = CARTESIAN_POINT('',(6.178899221103,6.188747435223E-02));
#5173 = CARTESIAN_POINT('',(6.194505073542,6.543789431861E-02));
#5174 = CARTESIAN_POINT('',(6.203204496709,6.713790365879E-02));
#5175 = CARTESIAN_POINT('',(6.212177427551,6.862149037664E-02));
#5176 = CARTESIAN_POINT('',(6.221375040248,6.98807407324E-02));
#5177 = CARTESIAN_POINT('',(6.24095756327,7.203169604291E-02));
#5178 = CARTESIAN_POINT('',(6.251375218059,7.288030879279E-02));
#5179 = CARTESIAN_POINT('',(6.261931887631,7.344858156621E-02));
#5180 = CARTESIAN_POINT('',(6.272558697107,7.373271889401E-02));
#5181 = CARTESIAN_POINT('',(6.28318530718,7.373271889401E-02));
#5182 = ( GEOMETRIC_REPRESENTATION_CONTEXT(2) 
PARAMETRIC_REPRESENTATION_CONTEXT() REPRESENTATION_CONTEXT('2D SPACE',''
  ) );
#5183 = ADVANCED_FACE('',(#5184),#4494,.T.);
#5184 = FACE_BOUND('',#5185,.T.);
#5185 = EDGE_LOOP('',(#5186,#5290,#5312,#5313));
#5186 = ORIENTED_EDGE('',*,*,#5187,.F.);
#5187 = EDGE_CURVE('',#5188,#4371,#5190,.T.);
#5188 = VERTEX_POINT('',#5189);
#5189 = CARTESIAN_POINT('',(9.692147714262,13.29395510757,0.795717774125
    ));
#5190 = SURFACE_CURVE('',#5191,(#5222,#5256),.PCURVE_S1.);
#5191 = B_SPLINE_CURVE_WITH_KNOTS('',8,(#5192,#5193,#5194,#5195,#5196,
    #5197,#5198,#5199,#5200,#5201,#5202,#5203,#5204,#5205,#5206,#5207,
    #5208,#5209,#5210,#5211,#5212,#5213,#5214,#5215,#5216,#5217,#5218,
    #5219,#5220,#5221),.UNSPECIFIED.,.F.,.F.,(9,7,7,7,9),(0.,
    0.494149565165,0.751013783645,0.851503050394,1.),.UNSPECIFIED.);
#5192 = CARTESIAN_POINT('',(9.692147714262,13.293955102324,
    0.795717762876));
#5193 = CARTESIAN_POINT('',(9.894003663499,13.099587501208,0.99023600815
    ));
#5194 = CARTESIAN_POINT('',(10.095207554685,12.907346356991,
    1.187339632002));
#5195 = CARTESIAN_POINT('',(10.295730220452,12.717458671629,
    1.387427105412));
#5196 = CARTESIAN_POINT('',(10.495460739559,12.530293898971,
    1.590954788649));
#5197 = CARTESIAN_POINT('',(10.694213259149,12.346347269818,
    1.798421833646));
#5198 = CARTESIAN_POINT('',(10.891672496215,12.166400487831,
    2.010549743231));
#5199 = CARTESIAN_POINT('',(11.087418708534,11.991450313895,
    2.228204846754));
#5200 = CARTESIAN_POINT('',(11.381160547492,11.736079226661,
    2.570186291805));
#5201 = CARTESIAN_POINT('',(11.480864332836,11.650689686595,
    2.689030708156));
#5202 = CARTESIAN_POINT('',(11.579773979201,11.567453391885,
    2.810087644827));
#5203 = CARTESIAN_POINT('',(11.677755524999,11.48671771886,2.93369633671
    ));
#5204 = CARTESIAN_POINT('',(11.774580078571,11.408962622304,
    3.060192828898));
#5205 = CARTESIAN_POINT('',(11.869865417404,11.334935558534,
    3.190022447565));
#5206 = CARTESIAN_POINT('',(11.963103484602,11.265589777106,
    3.32369074191));
#5207 = CARTESIAN_POINT('',(12.088738692306,11.178074639513,
    3.516512703246));
#5208 = CARTESIAN_POINT('',(12.123598933717,11.154464905796,
    3.571459190123));
#5209 = CARTESIAN_POINT('',(12.157942158948,11.131955336015,
    3.627199151016));
#5210 = CARTESIAN_POINT('',(12.19169564646,11.110677768282,
    3.683795069218));
#5211 = CARTESIAN_POINT('',(12.22476226548,11.090795395047,
    3.741302741822));
#5212 = CARTESIAN_POINT('',(12.25701752921,11.072508659716,
    3.799775000388));
#5213 = CARTESIAN_POINT('',(12.28830351045,11.056067251892,
    3.859269007696));
#5214 = CARTESIAN_POINT('',(12.36292338106,11.020687485378,
    4.009390587454));
#5215 = CARTESIAN_POINT('',(12.404905551342,11.004293265448,
    4.101380266764));
#5216 = CARTESIAN_POINT('',(12.443807833545,10.993599943109,
    4.196267811636));
#5217 = CARTESIAN_POINT('',(12.478455561588,10.990171508828,
    4.29384961685));
#5218 = CARTESIAN_POINT('',(12.507112756885,10.996063005537,
    4.393275151595));
#5219 = CARTESIAN_POINT('',(12.527744879364,11.01344817924,
    4.493044221331));
#5220 = CARTESIAN_POINT('',(12.538231902829,11.044316759217,
    4.59100310311));
#5221 = CARTESIAN_POINT('',(12.538231902829,11.087754462981,
    4.68415555944));
#5222 = PCURVE('',#4494,#5223);
#5223 = DEFINITIONAL_REPRESENTATION('',(#5224),#5255);
#5224 = B_SPLINE_CURVE_WITH_KNOTS('',8,(#5225,#5226,#5227,#5228,#5229,
    #5230,#5231,#5232,#5233,#5234,#5235,#5236,#5237,#5238,#5239,#5240,
    #5241,#5242,#5243,#5244,#5245,#5246,#5247,#5248,#5249,#5250,#5251,
    #5252,#5253,#5254),.UNSPECIFIED.,.F.,.F.,(9,7,7,7,9),(0.,
    0.494149565165,0.751013783645,0.851503050394,1.),.UNSPECIFIED.);
#5225 = CARTESIAN_POINT('',(5.973340667273,0.));
#5226 = CARTESIAN_POINT('',(5.983889698561,1.510914333471E-02));
#5227 = CARTESIAN_POINT('',(5.994883400804,3.016947939575E-02));
#5228 = CARTESIAN_POINT('',(6.006380273428,4.517882497311E-02));
#5229 = CARTESIAN_POINT('',(6.018453445704,6.01288774878E-02));
#5230 = CARTESIAN_POINT('',(6.031188093001,7.500572564598E-02));
#5231 = CARTESIAN_POINT('',(6.044710093628,8.978577016224E-02));
#5232 = CARTESIAN_POINT('',(6.059173602779,0.104437592862));
#5233 = CARTESIAN_POINT('',(6.083061379037,0.126424497707));
#5234 = CARTESIAN_POINT('',(6.091562766196,0.133887437439));
#5235 = CARTESIAN_POINT('',(6.100443795601,0.141290934982));
#5236 = CARTESIAN_POINT('',(6.10976166111,0.14862496316));
#5237 = CARTESIAN_POINT('',(6.119580505268,0.155872389177));
#5238 = CARTESIAN_POINT('',(6.129991015292,0.163004603252));
#5239 = CARTESIAN_POINT('',(6.141101630823,0.169983576756));
#5240 = CARTESIAN_POINT('',(6.157834098851,0.179387512426));
#5241 = CARTESIAN_POINT('',(6.162676988365,0.181996840445));
#5242 = CARTESIAN_POINT('',(6.167670648278,0.184567469225));
#5243 = CARTESIAN_POINT('',(6.172829121091,0.187093955478));
#5244 = CARTESIAN_POINT('',(6.178167365783,0.189569028857));
#5245 = CARTESIAN_POINT('',(6.183701965158,0.191983371387));
#5246 = CARTESIAN_POINT('',(6.18945254698,0.194325162038));
#5247 = CARTESIAN_POINT('',(6.20429760532,0.199910542726));
#5248 = CARTESIAN_POINT('',(6.21368375018,0.203052955079));
#5249 = CARTESIAN_POINT('',(6.223704077144,0.205964834367));
#5250 = CARTESIAN_POINT('',(6.234418399684,0.208558255523));
#5251 = CARTESIAN_POINT('',(6.245839017224,0.21070327861));
#5252 = CARTESIAN_POINT('',(6.257910090459,0.21224761603));
#5253 = CARTESIAN_POINT('',(6.270488662288,0.213032581454));
#5254 = CARTESIAN_POINT('',(6.28318530718,0.213032581454));
#5255 = ( GEOMETRIC_REPRESENTATION_CONTEXT(2) 
PARAMETRIC_REPRESENTATION_CONTEXT() REPRESENTATION_CONTEXT('2D SPACE',''
  ) );
#5256 = PCURVE('',#4440,#5257);
#5257 = DEFINITIONAL_REPRESENTATION('',(#5258),#5289);
#5258 = B_SPLINE_CURVE_WITH_KNOTS('',8,(#5259,#5260,#5261,#5262,#5263,
    #5264,#5265,#5266,#5267,#5268,#5269,#5270,#5271,#5272,#5273,#5274,
    #5275,#5276,#5277,#5278,#5279,#5280,#5281,#5282,#5283,#5284,#5285,
    #5286,#5287,#5288),.UNSPECIFIED.,.F.,.F.,(9,7,7,7,9),(0.,
    0.494149565165,0.751013783645,0.851503050394,1.),.UNSPECIFIED.);
#5259 = CARTESIAN_POINT('',(-2.591740775182,-8.881784197001E-16));
#5260 = CARTESIAN_POINT('',(-2.497590672492,0.327868410363));
#5261 = CARTESIAN_POINT('',(-2.400198741546,0.654677702888));
#5262 = CARTESIAN_POINT('',(-2.29910790982,0.980380501916));
#5263 = CARTESIAN_POINT('',(-2.193748436505,1.304796641486));
#5264 = CARTESIAN_POINT('',(-2.083458642736,1.627624246517));
#5265 = CARTESIAN_POINT('',(-1.967254262641,1.948351212521));
#5266 = CARTESIAN_POINT('',(-1.843928885829,2.266295765111));
#5267 = CARTESIAN_POINT('',(-1.641912924144,2.743411600241));
#5268 = CARTESIAN_POINT('',(-1.570290483152,2.905357392434));
#5269 = CARTESIAN_POINT('',(-1.495752816957,3.066013289105));
#5270 = CARTESIAN_POINT('',(-1.417845666752,3.225161700571));
#5271 = CARTESIAN_POINT('',(-1.336061634597,3.382430845145));
#5272 = CARTESIAN_POINT('',(-1.249681229223,3.537199890557));
#5273 = CARTESIAN_POINT('',(-1.157843406785,3.688643615615));
#5274 = CARTESIAN_POINT('',(-1.02007285704,3.892709019638));
#5275 = CARTESIAN_POINT('',(-0.980252332737,3.949331437651));
#5276 = CARTESIAN_POINT('',(-0.939247727384,4.005114082186));
#5277 = CARTESIAN_POINT('',(-0.896946694692,4.059938833879));
#5278 = CARTESIAN_POINT('',(-0.853229697212,4.113647926206));
#5279 = CARTESIAN_POINT('',(-0.807964142247,4.166039159087));
#5280 = CARTESIAN_POINT('',(-0.760992699337,4.21685601623));
#5281 = CARTESIAN_POINT('',(-0.639888478025,4.338058777164));
#5282 = CARTESIAN_POINT('',(-0.563446012069,4.406249125211));
#5283 = CARTESIAN_POINT('',(-0.481967884558,4.469436905772));
#5284 = CARTESIAN_POINT('',(-0.394977653555,4.525714144859));
#5285 = CARTESIAN_POINT('',(-0.302377663087,4.572261145841));
#5286 = CARTESIAN_POINT('',(-0.204608886389,4.605773267853));
#5287 = CARTESIAN_POINT('',(-0.102782363412,4.622807017544));
#5288 = CARTESIAN_POINT('',(-9.769962616701E-14,4.622807017543));
#5289 = ( GEOMETRIC_REPRESENTATION_CONTEXT(2) 
PARAMETRIC_REPRESENTATION_CONTEXT() REPRESENTATION_CONTEXT('2D SPACE',''
  ) );
#5290 = ORIENTED_EDGE('',*,*,#5291,.T.);
#5291 = EDGE_CURVE('',#5188,#5055,#5292,.T.);
#5292 = SURFACE_CURVE('',#5293,(#5298,#5305),.PCURVE_S1.);
#5293 = ELLIPSE('',#5294,8.925,8.5);
#5294 = AXIS2_PLACEMENT_3D('',#5295,#5296,#5297);
#5295 = CARTESIAN_POINT('',(2.994056308605,9.646452374852,5.356245760849
    ));
#5296 = DIRECTION('',(0.615661475326,-0.714180282262,0.333027734922));
#5297 = DIRECTION('',(0.788010753607,0.557978789266,-0.260189782523));
#5298 = PCURVE('',#4494,#5299);
#5299 = DEFINITIONAL_REPRESENTATION('',(#5300),#5304);
#5300 = LINE('',#5301,#5302);
#5301 = CARTESIAN_POINT('',(0.,0.));
#5302 = VECTOR('',#5303,1.);
#5303 = DIRECTION('',(1.,0.));
#5304 = ( GEOMETRIC_REPRESENTATION_CONTEXT(2) 
PARAMETRIC_REPRESENTATION_CONTEXT() REPRESENTATION_CONTEXT('2D SPACE',''
  ) );
#5305 = PCURVE('',#5070,#5306);
#5306 = DEFINITIONAL_REPRESENTATION('',(#5307),#5311);
#5307 = ELLIPSE('',#5308,8.925,8.5);
#5308 = AXIS2_PLACEMENT_2D('',#5309,#5310);
#5309 = CARTESIAN_POINT('',(0.,0.));
#5310 = DIRECTION('',(1.,2.775557561563E-17));
#5311 = ( GEOMETRIC_REPRESENTATION_CONTEXT(2) 
PARAMETRIC_REPRESENTATION_CONTEXT() REPRESENTATION_CONTEXT('2D SPACE',''
  ) );
#5312 = ORIENTED_EDGE('',*,*,#5082,.T.);
#5313 = ORIENTED_EDGE('',*,*,#4479,.T.);
#5314 = ADVANCED_FACE('',(#5315,#5346),#4440,.T.);
#5315 = FACE_BOUND('',#5316,.T.);
#5316 = EDGE_LOOP('',(#5317));
#5317 = ORIENTED_EDGE('',*,*,#5318,.T.);
#5318 = EDGE_CURVE('',#5319,#5319,#5321,.T.);
#5319 = VERTEX_POINT('',#5320);
#5320 = CARTESIAN_POINT('',(9.692147714262,18.16114006965,
    11.233429608707));
#5321 = SURFACE_CURVE('',#5322,(#5327,#5334),.PCURVE_S1.);
#5322 = CIRCLE('',#5323,8.925);
#5323 = AXIS2_PLACEMENT_3D('',#5324,#5325,#5326);
#5324 = CARTESIAN_POINT('',(9.692147714262,14.389272083614,
    3.144632609405));
#5325 = DIRECTION('',(0.788010753607,0.557978789266,-0.260189782523));
#5326 = DIRECTION('',(0.,0.422618261741,0.906307787037));
#5327 = PCURVE('',#4440,#5328);
#5328 = DEFINITIONAL_REPRESENTATION('',(#5329),#5333);
#5329 = CIRCLE('',#5330,8.925);
#5330 = AXIS2_PLACEMENT_2D('',#5331,#5332);
#5331 = CARTESIAN_POINT('',(0.,0.));
#5332 = DIRECTION('',(1.,-5.551115123126E-17));
#5333 = ( GEOMETRIC_REPRESENTATION_CONTEXT(2) 
PARAMETRIC_REPRESENTATION_CONTEXT() REPRESENTATION_CONTEXT('2D SPACE',''
  ) );
#5334 = PCURVE('',#5335,#5340);
#5335 = CYLINDRICAL_SURFACE('',#5336,8.925);
#5336 = AXIS2_PLACEMENT_3D('',#5337,#5338,#5339);
#5337 = CARTESIAN_POINT('',(-3.704035097052,4.90363266609,7.567858912293
    ));
#5338 = DIRECTION('',(0.788010753607,0.557978789266,-0.260189782523));
#5339 = DIRECTION('',(0.,0.422618261741,0.906307787037));
#5340 = DEFINITIONAL_REPRESENTATION('',(#5341),#5345);
#5341 = LINE('',#5342,#5343);
#5342 = CARTESIAN_POINT('',(0.,17.));
#5343 = VECTOR('',#5344,1.);
#5344 = DIRECTION('',(1.,0.));
#5345 = ( GEOMETRIC_REPRESENTATION_CONTEXT(2) 
PARAMETRIC_REPRESENTATION_CONTEXT() REPRESENTATION_CONTEXT('2D SPACE',''
  ) );
#5346 = FACE_BOUND('',#5347,.T.);
#5347 = EDGE_LOOP('',(#5348,#5349,#5350,#5351,#5372));
#5348 = ORIENTED_EDGE('',*,*,#4370,.F.);
#5349 = ORIENTED_EDGE('',*,*,#4642,.F.);
#5350 = ORIENTED_EDGE('',*,*,#5030,.F.);
#5351 = ORIENTED_EDGE('',*,*,#5352,.F.);
#5352 = EDGE_CURVE('',#5188,#5031,#5353,.T.);
#5353 = SURFACE_CURVE('',#5354,(#5358,#5365),.PCURVE_S1.);
#5354 = LINE('',#5355,#5356);
#5355 = CARTESIAN_POINT('',(9.692147714262,14.389272083614,
    3.144632609405));
#5356 = VECTOR('',#5357,1.);
#5357 = DIRECTION('',(0.,0.422618261741,0.906307787037));
#5358 = PCURVE('',#4440,#5359);
#5359 = DEFINITIONAL_REPRESENTATION('',(#5360),#5364);
#5360 = LINE('',#5361,#5362);
#5361 = CARTESIAN_POINT('',(0.,0.));
#5362 = VECTOR('',#5363,1.);
#5363 = DIRECTION('',(1.,0.));
#5364 = ( GEOMETRIC_REPRESENTATION_CONTEXT(2) 
PARAMETRIC_REPRESENTATION_CONTEXT() REPRESENTATION_CONTEXT('2D SPACE',''
  ) );
#5365 = PCURVE('',#5070,#5366);
#5366 = DEFINITIONAL_REPRESENTATION('',(#5367),#5371);
#5367 = LINE('',#5368,#5369);
#5368 = CARTESIAN_POINT('',(8.5,-4.440892098501E-16));
#5369 = VECTOR('',#5370,1.);
#5370 = DIRECTION('',(-2.775557561563E-17,1.));
#5371 = ( GEOMETRIC_REPRESENTATION_CONTEXT(2) 
PARAMETRIC_REPRESENTATION_CONTEXT() REPRESENTATION_CONTEXT('2D SPACE',''
  ) );
#5372 = ORIENTED_EDGE('',*,*,#5187,.T.);
#5373 = ADVANCED_FACE('',(#5374),#5070,.F.);
#5374 = FACE_BOUND('',#5375,.F.);
#5375 = EDGE_LOOP('',(#5376,#5377,#5378));
#5376 = ORIENTED_EDGE('',*,*,#5352,.F.);
#5377 = ORIENTED_EDGE('',*,*,#5291,.T.);
#5378 = ORIENTED_EDGE('',*,*,#5054,.F.);
#5379 = ADVANCED_FACE('',(#5380,#5406),#5017,.F.);
#5380 = FACE_BOUND('',#5381,.F.);
#5381 = EDGE_LOOP('',(#5382));
#5382 = ORIENTED_EDGE('',*,*,#5383,.T.);
#5383 = EDGE_CURVE('',#5384,#5384,#5386,.T.);
#5384 = VERTEX_POINT('',#5385);
#5385 = CARTESIAN_POINT('',(-3.704035097052,8.675500652126,
    15.656655911595));
#5386 = SURFACE_CURVE('',#5387,(#5392,#5399),.PCURVE_S1.);
#5387 = CIRCLE('',#5388,8.925);
#5388 = AXIS2_PLACEMENT_3D('',#5389,#5390,#5391);
#5389 = CARTESIAN_POINT('',(-3.704035097052,4.90363266609,7.567858912293
    ));
#5390 = DIRECTION('',(0.788010753607,0.557978789266,-0.260189782523));
#5391 = DIRECTION('',(0.,0.422618261741,0.906307787037));
#5392 = PCURVE('',#5017,#5393);
#5393 = DEFINITIONAL_REPRESENTATION('',(#5394),#5398);
#5394 = CIRCLE('',#5395,8.925);
#5395 = AXIS2_PLACEMENT_2D('',#5396,#5397);
#5396 = CARTESIAN_POINT('',(0.,0.));
#5397 = DIRECTION('',(1.,-5.551115123126E-17));
#5398 = ( GEOMETRIC_REPRESENTATION_CONTEXT(2) 
PARAMETRIC_REPRESENTATION_CONTEXT() REPRESENTATION_CONTEXT('2D SPACE',''
  ) );
#5399 = PCURVE('',#5335,#5400);
#5400 = DEFINITIONAL_REPRESENTATION('',(#5401),#5405);
#5401 = LINE('',#5402,#5403);
#5402 = CARTESIAN_POINT('',(0.,0.));
#5403 = VECTOR('',#5404,1.);
#5404 = DIRECTION('',(1.,0.));
#5405 = ( GEOMETRIC_REPRESENTATION_CONTEXT(2) 
PARAMETRIC_REPRESENTATION_CONTEXT() REPRESENTATION_CONTEXT('2D SPACE',''
  ) );
#5406 = FACE_BOUND('',#5407,.F.);
#5407 = EDGE_LOOP('',(#5408,#5598,#5619,#5620));
#5408 = ORIENTED_EDGE('',*,*,#5409,.F.);
#5409 = EDGE_CURVE('',#5410,#5412,#5414,.T.);
#5410 = VERTEX_POINT('',#5411);
#5411 = CARTESIAN_POINT('',(-3.704035097052,5.998949642135,
    9.916773747572));
#5412 = VERTEX_POINT('',#5413);
#5413 = CARTESIAN_POINT('',(-3.704035097052,3.808315690046,
    5.218944077014));
#5414 = SURFACE_CURVE('',#5415,(#5474,#5536),.PCURVE_S1.);
#5415 = B_SPLINE_CURVE_WITH_KNOTS('',8,(#5416,#5417,#5418,#5419,#5420,
    #5421,#5422,#5423,#5424,#5425,#5426,#5427,#5428,#5429,#5430,#5431,
    #5432,#5433,#5434,#5435,#5436,#5437,#5438,#5439,#5440,#5441,#5442,
    #5443,#5444,#5445,#5446,#5447,#5448,#5449,#5450,#5451,#5452,#5453,
    #5454,#5455,#5456,#5457,#5458,#5459,#5460,#5461,#5462,#5463,#5464,
    #5465,#5466,#5467,#5468,#5469,#5470,#5471,#5472,#5473),
  .UNSPECIFIED.,.F.,.F.,(9,7,7,7,7,7,7,7,9),(0.,0.247358182218,
    0.375937605461,0.450064978177,0.551344608617,0.626388043757,
    0.692575366492,0.882044093522,1.),.UNSPECIFIED.);
#5416 = CARTESIAN_POINT('',(-3.704035097052,5.998949637192,
    9.916773736972));
#5417 = CARTESIAN_POINT('',(-3.502179147755,5.725002929509,
    9.940634037669));
#5418 = CARTESIAN_POINT('',(-3.30097525653,5.450442567079,9.961203528492
    ));
#5419 = CARTESIAN_POINT('',(-3.100452590744,5.175109217475,9.97805218366
    ));
#5420 = CARTESIAN_POINT('',(-2.900722071656,4.898890768834,
    9.990603642398));
#5421 = CARTESIAN_POINT('',(-2.701969552097,4.621723176799,
    9.998157687265));
#5422 = CARTESIAN_POINT('',(-2.504510315083,4.343556207603,9.99965172549
    ));
#5423 = CARTESIAN_POINT('',(-2.308764102806,4.064366920006,
    9.993765328251));
#5424 = CARTESIAN_POINT('',(-2.01502226398,3.638244562562,9.969569492252
    ));
#5425 = CARTESIAN_POINT('',(-1.915318478738,3.492317119229,
    9.958589955784));
#5426 = CARTESIAN_POINT('',(-1.816408832471,3.346078866481,
    9.944538757142));
#5427 = CARTESIAN_POINT('',(-1.718427286722,3.199493224463,
    9.926931734655));
#5428 = CARTESIAN_POINT('',(-1.621602733184,3.052611276756,
    9.905185216051));
#5429 = CARTESIAN_POINT('',(-1.526317394309,2.905572339299,
    9.878440366449));
#5430 = CARTESIAN_POINT('',(-1.43307932699,2.758601875973,9.845641993626
    ));
#5431 = CARTESIAN_POINT('',(-1.290710866915,2.527472258475,
    9.781160035652));
#5432 = CARTESIAN_POINT('',(-1.239754770688,2.443285131478,
    9.754945787965));
#5433 = CARTESIAN_POINT('',(-1.189961491947,2.359317999611,
    9.725681612414));
#5434 = CARTESIAN_POINT('',(-1.141556286368,2.275653942706,
    9.692863464956));
#5435 = CARTESIAN_POINT('',(-1.094929609912,2.192569761023,9.65590241077
    ));
#5436 = CARTESIAN_POINT('',(-1.050677906746,2.110557587794,
    9.614047442224));
#5437 = CARTESIAN_POINT('',(-1.009590106568,2.030316199744,
    9.566407738427));
#5438 = CARTESIAN_POINT('',(-0.922593257943,1.846970361884,
    9.436699968766));
#5439 = CARTESIAN_POINT('',(-0.877192972095,1.739433382782,
    9.343585474796));
#5440 = CARTESIAN_POINT('',(-0.846233817534,1.644083899653,
    9.232870741274));
#5441 = CARTESIAN_POINT('',(-0.836521781998,1.571278512247,
    9.106152954145));
#5442 = CARTESIAN_POINT('',(-0.850122813183,1.52575970307,8.96734547094)
  );
#5443 = CARTESIAN_POINT('',(-0.884084978968,1.506382977535,
    8.822934136477));
#5444 = CARTESIAN_POINT('',(-0.931415405326,1.507304455567,
    8.681565327178));
#5445 = CARTESIAN_POINT('',(-1.021061941226,1.529846368943,8.45840312528
    ));
#5446 = CARTESIAN_POINT('',(-1.063370510603,1.546513201106,
    8.366009532517));
#5447 = CARTESIAN_POINT('',(-1.108715193556,1.568585794163,
    8.276013458078));
#5448 = CARTESIAN_POINT('',(-1.156342626022,1.594969610813,8.18834929749
    ));
#5449 = CARTESIAN_POINT('',(-1.205683460945,1.624803066016,8.10289370011
    ));
#5450 = CARTESIAN_POINT('',(-1.256366019105,1.657480685768,
    8.019473890404));
#5451 = CARTESIAN_POINT('',(-1.308174790462,1.692577994115,
    7.937832270443));
#5452 = CARTESIAN_POINT('',(-1.407692697281,1.762735180465,
    7.786884917816));
#5453 = CARTESIAN_POINT('',(-1.455077880612,1.797249697705,
    7.717390776622));
#5454 = CARTESIAN_POINT('',(-1.503088750686,1.833170812884,
    7.649018139621));
#5455 = CARTESIAN_POINT('',(-1.551631115083,1.8703206785,7.581670882775)
  );
#5456 = CARTESIAN_POINT('',(-1.600630884672,1.908557643921,
    7.515269621654));
#5457 = CARTESIAN_POINT('',(-1.650029729644,1.947766177623,
    7.449743255768));
#5458 = CARTESIAN_POINT('',(-1.699782857967,1.987851655676,
    7.385024520583));
#5459 = CARTESIAN_POINT('',(-1.893207319448,2.145787592173,7.13791392152
    ));
#5460 = CARTESIAN_POINT('',(-2.039102805737,2.26933239245,6.960997543125
    ));
#5461 = CARTESIAN_POINT('',(-2.186774025678,2.397591239189,
    6.788812483198));
#5462 = CARTESIAN_POINT('',(-2.335786525683,2.529621045632,
    6.620652071764));
#5463 = CARTESIAN_POINT('',(-2.485814263854,2.664684255,6.455922063673)
  );
#5464 = CARTESIAN_POINT('',(-2.636662914605,2.802309376528,
    6.294199878165));
#5465 = CARTESIAN_POINT('',(-2.788216793709,2.942148513741,
    6.135089810089));
#5466 = CARTESIAN_POINT('',(-3.035216668828,3.172297142407,
    5.880581335862));
#5467 = CARTESIAN_POINT('',(-3.130222823494,3.261354426299,
    5.783829665408));
#5468 = CARTESIAN_POINT('',(-3.225438812671,3.351095650409,
    5.687909204701));
#5469 = CARTESIAN_POINT('',(-3.32084356351,3.441463302091,5.592760438706
    ));
#5470 = CARTESIAN_POINT('',(-3.416419307246,3.532408397289,5.49833213525
    ));
#5471 = CARTESIAN_POINT('',(-3.512151137656,3.623889016854,
    5.404579543418));
#5472 = CARTESIAN_POINT('',(-3.608026569516,3.715868842873,
    5.311462591946));
#5473 = CARTESIAN_POINT('',(-3.704035097052,3.808315694989,
    5.218944087614));
#5474 = PCURVE('',#5017,#5475);
#5475 = DEFINITIONAL_REPRESENTATION('',(#5476),#5535);
#5476 = B_SPLINE_CURVE_WITH_KNOTS('',8,(#5477,#5478,#5479,#5480,#5481,
    #5482,#5483,#5484,#5485,#5486,#5487,#5488,#5489,#5490,#5491,#5492,
    #5493,#5494,#5495,#5496,#5497,#5498,#5499,#5500,#5501,#5502,#5503,
    #5504,#5505,#5506,#5507,#5508,#5509,#5510,#5511,#5512,#5513,#5514,
    #5515,#5516,#5517,#5518,#5519,#5520,#5521,#5522,#5523,#5524,#5525,
    #5526,#5527,#5528,#5529,#5530,#5531,#5532,#5533,#5534),
  .UNSPECIFIED.,.F.,.F.,(9,7,7,7,7,7,7,7,9),(0.,0.247358182218,
    0.375937605461,0.450064978177,0.551344608617,0.626388043757,
    0.692575366492,0.882044093522,1.),.UNSPECIFIED.);
#5477 = CARTESIAN_POINT('',(2.591740751074,1.7763568394E-15));
#5478 = CARTESIAN_POINT('',(2.497590645987,0.327868410462));
#5479 = CARTESIAN_POINT('',(2.400198712582,0.65467770305));
#5480 = CARTESIAN_POINT('',(2.299107878353,0.980380502107));
#5481 = CARTESIAN_POINT('',(2.19374840252,1.304796641647));
#5482 = CARTESIAN_POINT('',(2.08345860625,1.627624246628));
#5483 = CARTESIAN_POINT('',(1.967254223732,1.948351212547));
#5484 = CARTESIAN_POINT('',(1.843928844656,2.266295765068));
#5485 = CARTESIAN_POINT('',(1.641912880085,2.743411599986));
#5486 = CARTESIAN_POINT('',(1.570290438244,2.905357392012));
#5487 = CARTESIAN_POINT('',(1.495752771321,3.066013288525));
#5488 = CARTESIAN_POINT('',(1.417845620509,3.22516169991));
#5489 = CARTESIAN_POINT('',(1.336061587936,3.382430844428));
#5490 = CARTESIAN_POINT('',(1.249681182322,3.53719988991));
#5491 = CARTESIAN_POINT('',(1.157843359893,3.688643615164));
#5492 = CARTESIAN_POINT('',(1.001723262073,3.91988832639));
#5493 = CARTESIAN_POINT('',(0.942386067991,4.002654746362));
#5494 = CARTESIAN_POINT('',(0.880377674496,4.083532437652));
#5495 = CARTESIAN_POINT('',(0.815276373599,4.162155524396));
#5496 = CARTESIAN_POINT('',(0.746665389932,4.237889800982));
#5497 = CARTESIAN_POINT('',(0.674072063921,4.309766481494));
#5498 = CARTESIAN_POINT('',(0.59698435346,4.376504131689));
#5499 = CARTESIAN_POINT('',(0.401943892483,4.517810437364));
#5500 = CARTESIAN_POINT('',(0.272106410331,4.591552725404));
#5501 = CARTESIAN_POINT('',(0.131468352383,4.641838728023));
#5502 = CARTESIAN_POINT('',(-1.414585111925E-02,4.657613688655));
#5503 = CARTESIAN_POINT('',(-0.159185234058,4.635521951993));
#5504 = CARTESIAN_POINT('',(-0.298255309081,4.5803582506));
#5505 = CARTESIAN_POINT('',(-0.42598952835,4.50348089469));
#5506 = CARTESIAN_POINT('',(-0.618716545455,4.357870783464));
#5507 = CARTESIAN_POINT('',(-0.69540987041,4.289150275405));
#5508 = CARTESIAN_POINT('',(-0.767645732567,4.215498301437));
#5509 = CARTESIAN_POINT('',(-0.835946161221,4.138138527643));
#5510 = CARTESIAN_POINT('',(-0.900787071594,4.057995726931));
#5511 = CARTESIAN_POINT('',(-0.962580935866,3.975673606428));
#5512 = CARTESIAN_POINT('',(-1.021740608337,3.891522212467));
#5513 = CARTESIAN_POINT('',(-1.128895661312,3.729878337046));
#5514 = CARTESIAN_POINT('',(-1.177292277349,3.652912041071));
#5515 = CARTESIAN_POINT('',(-1.224078011426,3.574929461361));
#5516 = CARTESIAN_POINT('',(-1.269415143111,3.496083591768));
#5517 = CARTESIAN_POINT('',(-1.313435483273,3.416494772988));
#5518 = CARTESIAN_POINT('',(-1.356252296573,3.336257748338));
#5519 = CARTESIAN_POINT('',(-1.397966535183,3.255445272135));
#5520 = CARTESIAN_POINT('',(-1.555178184424,2.941271868029));
#5521 = CARTESIAN_POINT('',(-1.663306587078,2.704298316595));
#5522 = CARTESIAN_POINT('',(-1.765154716839,2.464440495601));
#5523 = CARTESIAN_POINT('',(-1.861761599896,2.22240407465));
#5524 = CARTESIAN_POINT('',(-1.953977510219,1.97871863357));
#5525 = CARTESIAN_POINT('',(-2.042384696649,1.733699809432));
#5526 = CARTESIAN_POINT('',(-2.12748881725,1.487535504571));
#5527 = CARTESIAN_POINT('',(-2.260886815921,1.086341203777));
#5528 = CARTESIAN_POINT('',(-2.310936373748,0.932025628622));
#5529 = CARTESIAN_POINT('',(-2.359943554083,0.777369225723));
#5530 = CARTESIAN_POINT('',(-2.40798660176,0.622406223062));
#5531 = CARTESIAN_POINT('',(-2.455132650453,0.467165481897));
#5532 = CARTESIAN_POINT('',(-2.501439974061,0.311671213948));
#5533 = CARTESIAN_POINT('',(-2.546960238098,0.155943698582));
#5534 = CARTESIAN_POINT('',(-2.591740751074,8.881784197001E-16));
#5535 = ( GEOMETRIC_REPRESENTATION_CONTEXT(2) 
PARAMETRIC_REPRESENTATION_CONTEXT() REPRESENTATION_CONTEXT('2D SPACE',''
  ) );
#5536 = PCURVE('',#4877,#5537);
#5537 = DEFINITIONAL_REPRESENTATION('',(#5538),#5597);
#5538 = B_SPLINE_CURVE_WITH_KNOTS('',8,(#5539,#5540,#5541,#5542,#5543,
    #5544,#5545,#5546,#5547,#5548,#5549,#5550,#5551,#5552,#5553,#5554,
    #5555,#5556,#5557,#5558,#5559,#5560,#5561,#5562,#5563,#5564,#5565,
    #5566,#5567,#5568,#5569,#5570,#5571,#5572,#5573,#5574,#5575,#5576,
    #5577,#5578,#5579,#5580,#5581,#5582,#5583,#5584,#5585,#5586,#5587,
    #5588,#5589,#5590,#5591,#5592,#5593,#5594,#5595,#5596),
  .UNSPECIFIED.,.F.,.F.,(9,7,7,7,7,7,7,7,9),(0.,0.247358182218,
    0.375937605461,0.450064978177,0.551344608617,0.626388043757,
    0.692575366492,0.882044093522,1.),.UNSPECIFIED.);
#5539 = CARTESIAN_POINT('',(2.831748013843,0.));
#5540 = CARTESIAN_POINT('',(2.842297045238,1.510914333925E-02));
#5541 = CARTESIAN_POINT('',(2.853290747599,3.01694794032E-02));
#5542 = CARTESIAN_POINT('',(2.864787620355,4.517882498196E-02));
#5543 = CARTESIAN_POINT('',(2.876860792779,6.012887749517E-02));
#5544 = CARTESIAN_POINT('',(2.889595440241,7.500572565113E-02));
#5545 = CARTESIAN_POINT('',(2.903117441053,8.978577016344E-02));
#5546 = CARTESIAN_POINT('',(2.917580950413,0.10443759286));
#5547 = CARTESIAN_POINT('',(2.941468727025,0.126424497695));
#5548 = CARTESIAN_POINT('',(2.949970114307,0.13388743742));
#5549 = CARTESIAN_POINT('',(2.958851143842,0.141290934955));
#5550 = CARTESIAN_POINT('',(2.968169009492,0.148624963129));
#5551 = CARTESIAN_POINT('',(2.9779878538,0.155872389144));
#5552 = CARTESIAN_POINT('',(2.988398363989,0.163004603222));
#5553 = CARTESIAN_POINT('',(2.999508979703,0.169983576736));
#5554 = CARTESIAN_POINT('',(3.018470031989,0.180640015041));
#5555 = CARTESIAN_POINT('',(3.025691008951,0.184454135777));
#5556 = CARTESIAN_POINT('',(3.033251795153,0.188181218325));
#5557 = CARTESIAN_POINT('',(3.041205001045,0.191804402046));
#5558 = CARTESIAN_POINT('',(3.049602867109,0.195294460875));
#5559 = CARTESIAN_POINT('',(3.058504557688,0.198606750299));
#5560 = CARTESIAN_POINT('',(3.067973896961,0.20168221805));
#5561 = CARTESIAN_POINT('',(3.091970178591,0.208194029372));
#5562 = CARTESIAN_POINT('',(3.107972263989,0.211592291493));
#5563 = CARTESIAN_POINT('',(3.125338035084,0.213909618803));
#5564 = CARTESIAN_POINT('',(3.143341580933,0.214636575514));
#5565 = CARTESIAN_POINT('',(3.161272204332,0.213618523133));
#5566 = CARTESIAN_POINT('',(3.178439852747,0.211076417078));
#5567 = CARTESIAN_POINT('',(3.19417785548,0.207533681783));
#5568 = CARTESIAN_POINT('',(3.21788112727,0.200823538408));
#5569 = CARTESIAN_POINT('',(3.227298128086,0.197656694719));
#5570 = CARTESIAN_POINT('',(3.236151910163,0.194262594536));
#5571 = CARTESIAN_POINT('',(3.244507580419,0.190697628002));
#5572 = CARTESIAN_POINT('',(3.252424719755,0.187004411379));
#5573 = CARTESIAN_POINT('',(3.259955037419,0.183210765273));
#5574 = CARTESIAN_POINT('',(3.267150052452,0.179332820851));
#5575 = CARTESIAN_POINT('',(3.280155931902,0.171883794334));
#5576 = CARTESIAN_POINT('',(3.286018727218,0.168336960418));
#5577 = CARTESIAN_POINT('',(3.29167546906,0.16474329315));
#5578 = CARTESIAN_POINT('',(3.297146511256,0.161109842939));
#5579 = CARTESIAN_POINT('',(3.302448419164,0.157442155437));
#5580 = CARTESIAN_POINT('',(3.307595437854,0.153744596698));
#5581 = CARTESIAN_POINT('',(3.312600257615,0.150020519453));
#5582 = CARTESIAN_POINT('',(3.331425937624,0.135542482398));
#5583 = CARTESIAN_POINT('',(3.344294960246,0.124622042239));
#5584 = CARTESIAN_POINT('',(3.356345264623,0.113568686433));
#5585 = CARTESIAN_POINT('',(3.367708690066,0.102414934316));
#5586 = CARTESIAN_POINT('',(3.37849321738,9.118519048709E-02));
#5587 = CARTESIAN_POINT('',(3.388773134926,7.989400043467E-02));
#5588 = CARTESIAN_POINT('',(3.398612751027,6.855002325213E-02));
#5589 = CARTESIAN_POINT('',(3.413948664005,5.006180662567E-02));
#5590 = CARTESIAN_POINT('',(3.419680940575,4.295048979824E-02));
#5591 = CARTESIAN_POINT('',(3.425272966886,3.582346662318E-02));
#5592 = CARTESIAN_POINT('',(3.430734775857,2.868231442684E-02));
#5593 = CARTESIAN_POINT('',(3.436074997369,2.152836322108E-02));
#5594 = CARTESIAN_POINT('',(3.441301139359,1.436272875337E-02));
#5595 = CARTESIAN_POINT('',(3.446419868908,7.186345556765E-03));
#5596 = CARTESIAN_POINT('',(3.451437293337,0.));
#5597 = ( GEOMETRIC_REPRESENTATION_CONTEXT(2) 
PARAMETRIC_REPRESENTATION_CONTEXT() REPRESENTATION_CONTEXT('2D SPACE',''
  ) );
#5598 = ORIENTED_EDGE('',*,*,#5599,.F.);
#5599 = EDGE_CURVE('',#4693,#5410,#5600,.T.);
#5600 = SURFACE_CURVE('',#5601,(#5605,#5612),.PCURVE_S1.);
#5601 = LINE('',#5602,#5603);
#5602 = CARTESIAN_POINT('',(-3.704035097052,4.90363266609,7.567858912293
    ));
#5603 = VECTOR('',#5604,1.);
#5604 = DIRECTION('',(0.,0.422618261741,0.906307787037));
#5605 = PCURVE('',#5017,#5606);
#5606 = DEFINITIONAL_REPRESENTATION('',(#5607),#5611);
#5607 = LINE('',#5608,#5609);
#5608 = CARTESIAN_POINT('',(0.,0.));
#5609 = VECTOR('',#5610,1.);
#5610 = DIRECTION('',(1.,0.));
#5611 = ( GEOMETRIC_REPRESENTATION_CONTEXT(2) 
PARAMETRIC_REPRESENTATION_CONTEXT() REPRESENTATION_CONTEXT('2D SPACE',''
  ) );
#5612 = PCURVE('',#4731,#5613);
#5613 = DEFINITIONAL_REPRESENTATION('',(#5614),#5618);
#5614 = LINE('',#5615,#5616);
#5615 = CARTESIAN_POINT('',(-8.5,-8.881784197001E-16));
#5616 = VECTOR('',#5617,1.);
#5617 = DIRECTION('',(-2.775557561563E-17,1.));
#5618 = ( GEOMETRIC_REPRESENTATION_CONTEXT(2) 
PARAMETRIC_REPRESENTATION_CONTEXT() REPRESENTATION_CONTEXT('2D SPACE',''
  ) );
#5619 = ORIENTED_EDGE('',*,*,#5002,.F.);
#5620 = ORIENTED_EDGE('',*,*,#5621,.F.);
#5621 = EDGE_CURVE('',#5412,#4975,#5622,.T.);
#5622 = SURFACE_CURVE('',#5623,(#5627,#5634),.PCURVE_S1.);
#5623 = LINE('',#5624,#5625);
#5624 = CARTESIAN_POINT('',(-3.704035097052,4.90363266609,7.567858912293
    ));
#5625 = VECTOR('',#5626,1.);
#5626 = DIRECTION('',(0.,0.422618261741,0.906307787037));
#5627 = PCURVE('',#5017,#5628);
#5628 = DEFINITIONAL_REPRESENTATION('',(#5629),#5633);
#5629 = LINE('',#5630,#5631);
#5630 = CARTESIAN_POINT('',(0.,0.));
#5631 = VECTOR('',#5632,1.);
#5632 = DIRECTION('',(1.,0.));
#5633 = ( GEOMETRIC_REPRESENTATION_CONTEXT(2) 
PARAMETRIC_REPRESENTATION_CONTEXT() REPRESENTATION_CONTEXT('2D SPACE',''
  ) );
#5634 = PCURVE('',#4990,#5635);
#5635 = DEFINITIONAL_REPRESENTATION('',(#5636),#5640);
#5636 = LINE('',#5637,#5638);
#5637 = CARTESIAN_POINT('',(-8.5,-8.881784197001E-16));
#5638 = VECTOR('',#5639,1.);
#5639 = DIRECTION('',(-2.775557561563E-17,1.));
#5640 = ( GEOMETRIC_REPRESENTATION_CONTEXT(2) 
PARAMETRIC_REPRESENTATION_CONTEXT() REPRESENTATION_CONTEXT('2D SPACE',''
  ) );
#5641 = ADVANCED_FACE('',(#5642),#4990,.F.);
#5642 = FACE_BOUND('',#5643,.F.);
#5643 = EDGE_LOOP('',(#5644,#5645,#5646));
#5644 = ORIENTED_EDGE('',*,*,#5621,.T.);
#5645 = ORIENTED_EDGE('',*,*,#4974,.F.);
#5646 = ORIENTED_EDGE('',*,*,#5647,.T.);
#5647 = EDGE_CURVE('',#4744,#5412,#5648,.T.);
#5648 = SURFACE_CURVE('',#5649,(#5654,#5661),.PCURVE_S1.);
#5649 = ELLIPSE('',#5650,8.925,8.5);
#5650 = AXIS2_PLACEMENT_3D('',#5651,#5652,#5653);
#5651 = CARTESIAN_POINT('',(2.994056308605,9.646452374852,5.356245760849
    ));
#5652 = DIRECTION('',(0.615661475326,-0.714180282262,0.333027734922));
#5653 = DIRECTION('',(0.788010753607,0.557978789266,-0.260189782523));
#5654 = PCURVE('',#4990,#5655);
#5655 = DEFINITIONAL_REPRESENTATION('',(#5656),#5660);
#5656 = ELLIPSE('',#5657,8.925,8.5);
#5657 = AXIS2_PLACEMENT_2D('',#5658,#5659);
#5658 = CARTESIAN_POINT('',(0.,0.));
#5659 = DIRECTION('',(1.,2.775557561563E-17));
#5660 = ( GEOMETRIC_REPRESENTATION_CONTEXT(2) 
PARAMETRIC_REPRESENTATION_CONTEXT() REPRESENTATION_CONTEXT('2D SPACE',''
  ) );
#5661 = PCURVE('',#4877,#5662);
#5662 = DEFINITIONAL_REPRESENTATION('',(#5663),#5667);
#5663 = LINE('',#5664,#5665);
#5664 = CARTESIAN_POINT('',(0.,0.));
#5665 = VECTOR('',#5666,1.);
#5666 = DIRECTION('',(1.,0.));
#5667 = ( GEOMETRIC_REPRESENTATION_CONTEXT(2) 
PARAMETRIC_REPRESENTATION_CONTEXT() REPRESENTATION_CONTEXT('2D SPACE',''
  ) );
#5668 = ADVANCED_FACE('',(#5669),#4877,.T.);
#5669 = FACE_BOUND('',#5670,.T.);
#5670 = EDGE_LOOP('',(#5671,#5672,#5694,#5695));
#5671 = ORIENTED_EDGE('',*,*,#5409,.F.);
#5672 = ORIENTED_EDGE('',*,*,#5673,.T.);
#5673 = EDGE_CURVE('',#5410,#4716,#5674,.T.);
#5674 = SURFACE_CURVE('',#5675,(#5680,#5687),.PCURVE_S1.);
#5675 = ELLIPSE('',#5676,8.925,8.5);
#5676 = AXIS2_PLACEMENT_3D('',#5677,#5678,#5679);
#5677 = CARTESIAN_POINT('',(2.994056308605,9.646452374852,5.356245760849
    ));
#5678 = DIRECTION('',(0.615661475326,-0.714180282262,0.333027734922));
#5679 = DIRECTION('',(0.788010753607,0.557978789266,-0.260189782523));
#5680 = PCURVE('',#4877,#5681);
#5681 = DEFINITIONAL_REPRESENTATION('',(#5682),#5686);
#5682 = LINE('',#5683,#5684);
#5683 = CARTESIAN_POINT('',(0.,0.));
#5684 = VECTOR('',#5685,1.);
#5685 = DIRECTION('',(1.,0.));
#5686 = ( GEOMETRIC_REPRESENTATION_CONTEXT(2) 
PARAMETRIC_REPRESENTATION_CONTEXT() REPRESENTATION_CONTEXT('2D SPACE',''
  ) );
#5687 = PCURVE('',#4731,#5688);
#5688 = DEFINITIONAL_REPRESENTATION('',(#5689),#5693);
#5689 = ELLIPSE('',#5690,8.925,8.5);
#5690 = AXIS2_PLACEMENT_2D('',#5691,#5692);
#5691 = CARTESIAN_POINT('',(0.,0.));
#5692 = DIRECTION('',(1.,2.775557561563E-17));
#5693 = ( GEOMETRIC_REPRESENTATION_CONTEXT(2) 
PARAMETRIC_REPRESENTATION_CONTEXT() REPRESENTATION_CONTEXT('2D SPACE',''
  ) );
#5694 = ORIENTED_EDGE('',*,*,#4743,.T.);
#5695 = ORIENTED_EDGE('',*,*,#5647,.T.);
#5696 = ADVANCED_FACE('',(#5697),#4731,.F.);
#5697 = FACE_BOUND('',#5698,.F.);
#5698 = EDGE_LOOP('',(#5699,#5700,#5701));
#5699 = ORIENTED_EDGE('',*,*,#4715,.T.);
#5700 = ORIENTED_EDGE('',*,*,#5599,.T.);
#5701 = ORIENTED_EDGE('',*,*,#5673,.T.);
#5702 = ADVANCED_FACE('',(#5703,#5729),#5335,.T.);
#5703 = FACE_BOUND('',#5704,.T.);
#5704 = EDGE_LOOP('',(#5705,#5726,#5727,#5728));
#5705 = ORIENTED_EDGE('',*,*,#5706,.T.);
#5706 = EDGE_CURVE('',#5384,#5319,#5707,.T.);
#5707 = SEAM_CURVE('',#5708,(#5712,#5719),.PCURVE_S1.);
#5708 = LINE('',#5709,#5710);
#5709 = CARTESIAN_POINT('',(-3.704035097052,8.675500652126,
    15.656655911595));
#5710 = VECTOR('',#5711,1.);
#5711 = DIRECTION('',(0.788010753607,0.557978789266,-0.260189782523));
#5712 = PCURVE('',#5335,#5713);
#5713 = DEFINITIONAL_REPRESENTATION('',(#5714),#5718);
#5714 = LINE('',#5715,#5716);
#5715 = CARTESIAN_POINT('',(6.28318530718,-0.));
#5716 = VECTOR('',#5717,1.);
#5717 = DIRECTION('',(0.,1.));
#5718 = ( GEOMETRIC_REPRESENTATION_CONTEXT(2) 
PARAMETRIC_REPRESENTATION_CONTEXT() REPRESENTATION_CONTEXT('2D SPACE',''
  ) );
#5719 = PCURVE('',#5335,#5720);
#5720 = DEFINITIONAL_REPRESENTATION('',(#5721),#5725);
#5721 = LINE('',#5722,#5723);
#5722 = CARTESIAN_POINT('',(0.,-0.));
#5723 = VECTOR('',#5724,1.);
#5724 = DIRECTION('',(0.,1.));
#5725 = ( GEOMETRIC_REPRESENTATION_CONTEXT(2) 
PARAMETRIC_REPRESENTATION_CONTEXT() REPRESENTATION_CONTEXT('2D SPACE',''
  ) );
#5726 = ORIENTED_EDGE('',*,*,#5318,.F.);
#5727 = ORIENTED_EDGE('',*,*,#5706,.F.);
#5728 = ORIENTED_EDGE('',*,*,#5383,.T.);
#5729 = FACE_BOUND('',#5730,.T.);
#5730 = EDGE_LOOP('',(#5731));
#5731 = ORIENTED_EDGE('',*,*,#5732,.T.);
#5732 = EDGE_CURVE('',#5733,#5733,#5735,.T.);
#5733 = VERTEX_POINT('',#5734);
#5734 = CARTESIAN_POINT('',(14.875249063716,7.794518953781,
    6.219816497488));
#5735 = SURFACE_CURVE('',#5736,(#5921,#6109),.PCURVE_S1.);
#5736 = B_SPLINE_CURVE_WITH_KNOTS('',8,(#5737,#5738,#5739,#5740,#5741,
    #5742,#5743,#5744,#5745,#5746,#5747,#5748,#5749,#5750,#5751,#5752,
    #5753,#5754,#5755,#5756,#5757,#5758,#5759,#5760,#5761,#5762,#5763,
    #5764,#5765,#5766,#5767,#5768,#5769,#5770,#5771,#5772,#5773,#5774,
    #5775,#5776,#5777,#5778,#5779,#5780,#5781,#5782,#5783,#5784,#5785,
    #5786,#5787,#5788,#5789,#5790,#5791,#5792,#5793,#5794,#5795,#5796,
    #5797,#5798,#5799,#5800,#5801,#5802,#5803,#5804,#5805,#5806,#5807,
    #5808,#5809,#5810,#5811,#5812,#5813,#5814,#5815,#5816,#5817,#5818,
    #5819,#5820,#5821,#5822,#5823,#5824,#5825,#5826,#5827,#5828,#5829,
    #5830,#5831,#5832,#5833,#5834,#5835,#5836,#5837,#5838,#5839,#5840,
    #5841,#5842,#5843,#5844,#5845,#5846,#5847,#5848,#5849,#5850,#5851,
    #5852,#5853,#5854,#5855,#5856,#5857,#5858,#5859,#5860,#5861,#5862,
    #5863,#5864,#5865,#5866,#5867,#5868,#5869,#5870,#5871,#5872,#5873,
    #5874,#5875,#5876,#5877,#5878,#5879,#5880,#5881,#5882,#5883,#5884,
    #5885,#5886,#5887,#5888,#5889,#5890,#5891,#5892,#5893,#5894,#5895,
    #5896,#5897,#5898,#5899,#5900,#5901,#5902,#5903,#5904,#5905,#5906,
    #5907,#5908,#5909,#5910,#5911,#5912,#5913,#5914,#5915,#5916,#5917,
    #5918,#5919,#5920),.UNSPECIFIED.,.T.,.F.,(9,7,7,7,7,7,7,7,7,7,7,7,7,
    7,7,7,7,7,7,7,7,7,7,7,7,7,9),(0.,3.445744807874E-02,
    5.667597325593E-02,8.528943648031E-02,0.160168755015,0.219147521403,
    0.250494246787,0.280828326,0.33940561032,0.414007123804,
    0.443302484723,0.465526168027,0.477150551827,0.500264434004,
    0.522762554989,0.534381332842,0.556590209216,0.585206909974,
    0.660091327461,0.719016153426,0.75036100002,0.781557419387,
    0.839857735509,0.914503332885,0.943828116426,0.96600836004,1.),
  .UNSPECIFIED.);
#5737 = CARTESIAN_POINT('',(14.875249063716,7.794518953781,
    6.219816497487));
#5738 = CARTESIAN_POINT('',(14.875249063716,7.674814495488,
    5.963109458262));
#5739 = CARTESIAN_POINT('',(14.859839354176,7.555975165204,
    5.705896744844));
#5740 = CARTESIAN_POINT('',(14.829003616302,7.438719384337,
    5.449716239761));
#5741 = CARTESIAN_POINT('',(14.783131312258,7.323629325092,
    5.195893667597));
#5742 = CARTESIAN_POINT('',(14.722905310557,7.211169756349,
    4.945564185298));
#5743 = CARTESIAN_POINT('',(14.649210913922,7.101704096399,
    4.699690197336));
#5744 = CARTESIAN_POINT('',(14.563066289625,6.995507672532,
    4.459075395731));
#5745 = CARTESIAN_POINT('',(14.402710442786,6.826537134327,
    4.073037755672));
#5746 = CARTESIAN_POINT('',(14.33510635007,6.761714320842,3.924106479632
    ));
#5747 = CARTESIAN_POINT('',(14.263032623391,6.698344488447,
    3.777714130869));
#5748 = CARTESIAN_POINT('',(14.186761215582,6.636446129112,
    3.633960216814));
#5749 = CARTESIAN_POINT('',(14.106558597945,6.576024146593,
    3.492915207687));
#5750 = CARTESIAN_POINT('',(14.022680131089,6.517072030669,
    3.354624209442));
#5751 = CARTESIAN_POINT('',(13.935365641747,6.459573544355,
    3.219109920236));
#5752 = CARTESIAN_POINT('',(13.728250578367,6.331296340407,
    2.915436005797));
#5753 = CARTESIAN_POINT('',(13.606343458583,6.261465130295,
    2.749121982933));
#5754 = CARTESIAN_POINT('',(13.479581577347,6.193951953449,
    2.587426086845));
#5755 = CARTESIAN_POINT('',(13.348396722247,6.128688921144,
    2.430317648742));
#5756 = CARTESIAN_POINT('',(13.213183280133,6.065599722551,
    2.277745007452));
#5757 = CARTESIAN_POINT('',(13.074295779932,6.004600751025,
    2.129638470872));
#5758 = CARTESIAN_POINT('',(12.932046435456,5.945602230402,
    1.985913277409));
#5759 = CARTESIAN_POINT('',(12.406348843571,5.739101469993,
    1.481566498822));
#5760 = CARTESIAN_POINT('',(12.005246543748,5.602916786052,
    1.146425704534));
#5761 = CARTESIAN_POINT('',(11.587857162179,5.47803577836,0.838792256814
    ));
#5762 = CARTESIAN_POINT('',(11.157687182226,5.362874201762,
    0.557267240527));
#5763 = CARTESIAN_POINT('',(10.717653003698,5.255833871165,
    0.300690863621));
#5764 = CARTESIAN_POINT('',(10.270103733573,5.155182600773,
    6.826024480395E-02));
#5765 = CARTESIAN_POINT('',(9.81690562137,5.058931142632,-0.140521082798
    ));
#5766 = CARTESIAN_POINT('',(8.999388831217,4.889558623234,
    -0.470888485864));
#5767 = CARTESIAN_POINT('',(8.637339772341,4.816013121166,
    -0.601290554002));
#5768 = CARTESIAN_POINT('',(8.273932427881,4.742062997117,
    -0.716585844048));
#5769 = CARTESIAN_POINT('',(7.910089513487,4.666046169103,
    -0.816225167497));
#5770 = CARTESIAN_POINT('',(7.547323520788,4.585790128843,
    -0.899054936113));
#5771 = CARTESIAN_POINT('',(7.187745669163,4.498558885447,
    -0.963386317125));
#5772 = CARTESIAN_POINT('',(6.834444966919,4.400170180039,
    -1.006484669324));
#5773 = CARTESIAN_POINT('',(6.308751118531,4.22472084666,-1.034461452227
    ));
#5774 = CARTESIAN_POINT('',(6.129220731545,4.159288298054,
    -1.037153010905));
#5775 = CARTESIAN_POINT('',(5.953376912496,4.088635202453,
    -1.032283996617));
#5776 = CARTESIAN_POINT('',(5.782106272988,4.012091537184,-1.01929458249
    ));
#5777 = CARTESIAN_POINT('',(5.616373794981,3.929030058,-0.997644487437)
  );
#5778 = CARTESIAN_POINT('',(5.457098748055,3.839031448589,
    -0.966928353021));
#5779 = CARTESIAN_POINT('',(5.305023684636,3.742060637781,
    -0.927006471343));
#5780 = CARTESIAN_POINT('',(5.020969037829,3.538357355744,
    -0.830748237582));
#5781 = CARTESIAN_POINT('',(4.888461930534,3.432014808144,
    -0.774971222168));
#5782 = CARTESIAN_POINT('',(4.763609834586,3.319872875662,
    -0.710931486676));
#5783 = CARTESIAN_POINT('',(4.646455110548,3.202527149992,
    -0.639028513286));
#5784 = CARTESIAN_POINT('',(4.536696789107,3.080755065885,
    -0.559819028839));
#5785 = CARTESIAN_POINT('',(4.433840728653,2.955393213815,
    -0.473918086354));
#5786 = CARTESIAN_POINT('',(4.337334806667,2.827222817315,
    -0.381912580995));
#5787 = CARTESIAN_POINT('',(4.071398829615,2.44536669782,
    -9.589588354343E-02));
#5788 = CARTESIAN_POINT('',(3.917886268094,2.186144921516,0.113167950803
    ));
#5789 = CARTESIAN_POINT('',(3.781197151968,1.923363572917,0.339719449582
    ));
#5790 = CARTESIAN_POINT('',(3.657349372133,1.660465112464,0.58137806115)
  );
#5791 = CARTESIAN_POINT('',(3.543786045761,1.399816188957,0.836628769076
    ));
#5792 = CARTESIAN_POINT('',(3.438513445881,1.143206717544,1.104492812985
    ));
#5793 = CARTESIAN_POINT('',(3.340080808782,0.891899413686,1.384595636762
    ));
#5794 = CARTESIAN_POINT('',(3.129208413138,0.334839421411,2.049842289832
    ));
#5795 = CARTESIAN_POINT('',(3.020592920189,3.376225871919E-02,
    2.441848484611));
#5796 = CARTESIAN_POINT('',(2.919174024971,-0.254016378179,
    2.853122402465));
#5797 = CARTESIAN_POINT('',(2.823849267275,-0.525991661596,3.28388842792
    ));
#5798 = CARTESIAN_POINT('',(2.733983574458,-0.77925877119,3.734371927749
    ));
#5799 = CARTESIAN_POINT('',(2.649340119098,-1.010379765176,4.20484214677
    ));
#5800 = CARTESIAN_POINT('',(2.569933166102,-1.215348334558,
    4.695539488257));
#5801 = CARTESIAN_POINT('',(2.467051250611,-1.457160099113,
    5.408054342282));
#5802 = CARTESIAN_POINT('',(2.43890844465,-1.520479201147,5.612093793461
    ));
#5803 = CARTESIAN_POINT('',(2.411653425022,-1.578617557751,
    5.819272389149));
#5804 = CARTESIAN_POINT('',(2.385318926051,-1.63122070011,6.029561924166
    ));
#5805 = CARTESIAN_POINT('',(2.359948094338,-1.677900632328,
    6.242899441108));
#5806 = CARTESIAN_POINT('',(2.335593581758,-1.718239563115,
    6.459185167358));
#5807 = CARTESIAN_POINT('',(2.312316638458,-1.751793637479,
    6.678280452093));
#5808 = CARTESIAN_POINT('',(2.273397891573,-1.798050347459,
    7.068208162971));
#5809 = CARTESIAN_POINT('',(2.257270646021,-1.813829766808,
    7.237911612556));
#5810 = CARTESIAN_POINT('',(2.241835144554,-1.825231771232,
    7.409030465365));
#5811 = CARTESIAN_POINT('',(2.227125832872,-1.83204576434,7.581451517245
    ));
#5812 = CARTESIAN_POINT('',(2.213180285317,-1.834057641636,7.75503297932
    ));
#5813 = CARTESIAN_POINT('',(2.200038405915,-1.831055176647,
    7.929603243889));
#5814 = CARTESIAN_POINT('',(2.187741472173,-1.822834860107,
    8.104959383504));
#5815 = CARTESIAN_POINT('',(2.170362638464,-1.80208363417,8.372875282076
    ));
#5816 = CARTESIAN_POINT('',(2.164636876609,-1.793478569277,
    8.465034329742));
#5817 = CARTESIAN_POINT('',(2.159159731141,-1.783368514688,
    8.557307654768));
#5818 = CARTESIAN_POINT('',(2.153937212592,-1.771728334988,8.64965777707
    ));
#5819 = CARTESIAN_POINT('',(2.14897528119,-1.758534676467,8.742044604366
    ));
#5820 = CARTESIAN_POINT('',(2.144279781124,-1.743766401407,
    8.834425428635));
#5821 = CARTESIAN_POINT('',(2.139856374804,-1.727405022364,
    8.926754922563));
#5822 = CARTESIAN_POINT('',(2.127466789367,-1.673703881108,
    9.202375354645));
#5823 = CARTESIAN_POINT('',(2.120319082345,-1.631607892267,
    9.385399757929));
#5824 = CARTESIAN_POINT('',(2.114311864318,-1.58302918457,9.567649828618
    ));
#5825 = CARTESIAN_POINT('',(2.109483211788,-1.527899210765,
    9.748706330922));
#5826 = CARTESIAN_POINT('',(2.105863772423,-1.46620572806,9.928141162199
    ));
#5827 = CARTESIAN_POINT('',(2.103475419792,-1.39800109254,
    10.105519620125));
#5828 = CARTESIAN_POINT('',(2.102329559915,-1.323411981654,
    10.280403085333));
#5829 = CARTESIAN_POINT('',(2.102518074409,-1.164040618325,
    10.619720376605));
#5830 = CARTESIAN_POINT('',(2.103787271865,-1.079566348939,
    10.784342959501));
#5831 = CARTESIAN_POINT('',(2.106232282482,-0.98941902968,10.94581510639
    ));
#5832 = CARTESIAN_POINT('',(2.109841956549,-0.893836717201,
    11.103790460314));
#5833 = CARTESIAN_POINT('',(2.114595749563,-0.793097336167,
    11.257976428026));
#5834 = CARTESIAN_POINT('',(2.120465077615,-0.687511783676,
    11.408129538845));
#5835 = CARTESIAN_POINT('',(2.12741467279,-0.577417033679,
    11.554050803505));
#5836 = CARTESIAN_POINT('',(2.13952986108,-0.404167882154,
    11.768672010774));
#5837 = CARTESIAN_POINT('',(2.143933326584,-0.344055020892,
    11.840596748568));
#5838 = CARTESIAN_POINT('',(2.148608940277,-0.282877216211,
    11.911336109863));
#5839 = CARTESIAN_POINT('',(2.153551057363,-0.220681015293,
    11.980874968886));
#5840 = CARTESIAN_POINT('',(2.158753848754,-0.157512677172,
    12.049201916334));
#5841 = CARTESIAN_POINT('',(2.164211366806,-9.341789599063E-02,
    12.116308925102));
#5842 = CARTESIAN_POINT('',(2.169917611031,-2.844152426464E-02,
    12.182191016007));
#5843 = CARTESIAN_POINT('',(2.187237860686,0.163174236038,
    12.370431455985));
#5844 = CARTESIAN_POINT('',(2.199495716577,0.292033687691,
    12.489529964306));
#5845 = CARTESIAN_POINT('',(2.212598696808,0.423650536476,
    12.604131633978));
#5846 = CARTESIAN_POINT('',(2.226505569656,0.557738559476,
    12.714261066656));
#5847 = CARTESIAN_POINT('',(2.241176453485,0.694029828099,
    12.819969779981));
#5848 = CARTESIAN_POINT('',(2.256573775703,0.832277970337,
    12.921329993748));
#5849 = CARTESIAN_POINT('',(2.272663073562,0.972260700384,
    13.018429702418));
#5850 = CARTESIAN_POINT('',(2.31099716261,1.29613490597,13.231123720996)
  );
#5851 = CARTESIAN_POINT('',(2.333676603434,1.481025616762,
    13.343959966637));
#5852 = CARTESIAN_POINT('',(2.357387409612,1.66804411779,13.450101858914
    ));
#5853 = CARTESIAN_POINT('',(2.382072059861,1.856822812352,13.54978253226
    ));
#5854 = CARTESIAN_POINT('',(2.407680883932,2.047036926213,13.64324028042
    ));
#5855 = CARTESIAN_POINT('',(2.434172885245,2.238405296586,
    13.730714669358));
#5856 = CARTESIAN_POINT('',(2.461516563525,2.430691161101,
    13.812442650169));
#5857 = CARTESIAN_POINT('',(2.563417147067,3.128777772194,
    14.088086916346));
#5858 = CARTESIAN_POINT('',(2.642745036624,3.638234353291,
    14.249516196024));
#5859 = CARTESIAN_POINT('',(2.727354818931,4.149176681509,14.37744852582
    ));
#5860 = CARTESIAN_POINT('',(2.817215593054,4.659148957795,
    14.475168585645));
#5861 = CARTESIAN_POINT('',(2.912549495209,5.166102293298,14.54553943291
    ));
#5862 = CARTESIAN_POINT('',(3.01397984216,5.668316411223,14.590976746054
    ));
#5863 = CARTESIAN_POINT('',(3.122597944932,6.164346970923,
    14.613581356933));
#5864 = CARTESIAN_POINT('',(3.33364443031,7.03685863786,14.616306619504)
  );
#5865 = CARTESIAN_POINT('',(3.432276034465,7.415536989665,
    14.604452583312));
#5866 = CARTESIAN_POINT('',(3.537762069913,7.788236600391,
    14.580490479805));
#5867 = CARTESIAN_POINT('',(3.651558114787,8.153856210965,
    14.545160890331));
#5868 = CARTESIAN_POINT('',(3.775670019583,8.51048532367,14.499217905997
    ));
#5869 = CARTESIAN_POINT('',(3.912671765446,8.85542648968,14.443511160629
    ));
#5870 = CARTESIAN_POINT('',(4.066589864565,9.184608202995,
    14.379162446712));
#5871 = CARTESIAN_POINT('',(4.335892061487,9.656946322119,
    14.269069483812));
#5872 = CARTESIAN_POINT('',(4.435555947804,9.814994702059,
    14.228729087078));
#5873 = CARTESIAN_POINT('',(4.542002208407,9.966126165331,
    14.186494209963));
#5874 = CARTESIAN_POINT('',(4.655837173315,10.109283863993,
    14.14261066166));
#5875 = CARTESIAN_POINT('',(4.777604524642,10.243349432492,
    14.097351729347));
#5876 = CARTESIAN_POINT('',(4.907623589988,10.367309278276,
    14.050978849699));
#5877 = CARTESIAN_POINT('',(5.045812011957,10.48043564804,
    14.003705707063));
#5878 = CARTESIAN_POINT('',(5.336697048728,10.683828870375,
    13.907937375568));
#5879 = CARTESIAN_POINT('',(5.489358801409,10.774227296393,
    13.859436856286));
#5880 = CARTESIAN_POINT('',(5.649040841448,10.853210404772,
    13.810377371694));
#5881 = CARTESIAN_POINT('',(5.814983245057,10.920965570848,
    13.760806072161));
#5882 = CARTESIAN_POINT('',(5.986269651134,10.978103117758,
    13.71065244793));
#5883 = CARTESIAN_POINT('',(6.161955192056,11.025446470336,
    13.659778723226));
#5884 = CARTESIAN_POINT('',(6.341182954116,11.063847971487,
    13.608029026985));
#5885 = CARTESIAN_POINT('',(6.863381690628,11.150758658332,
    13.45656399342));
#5886 = CARTESIAN_POINT('',(7.213082966831,11.179019151128,
    13.354310070084));
#5887 = CARTESIAN_POINT('',(7.568730860898,11.184650968273,
    13.246991246857));
#5888 = CARTESIAN_POINT('',(7.927403022637,11.172192285947,
    13.133227091406));
#5889 = CARTESIAN_POINT('',(8.287085727608,11.144566540911,
    13.012040818427));
#5890 = CARTESIAN_POINT('',(8.646330252257,11.103953672309,
    12.882540812623));
#5891 = CARTESIAN_POINT('',(9.004238358813,11.051788030825,
    12.743837937076));
#5892 = CARTESIAN_POINT('',(9.816234762734,10.908511404868,
    12.403999837664));
#5893 = CARTESIAN_POINT('',(10.268060622549,10.810774214897,
    12.19672185216));
#5894 = CARTESIAN_POINT('',(10.714274418276,10.697836227379,
    11.970988302878));
#5895 = CARTESIAN_POINT('',(11.153025689523,10.570591386763,
    11.724973529189));
#5896 = CARTESIAN_POINT('',(11.5819888792,10.429535989816,
    11.456851668199));
#5897 = CARTESIAN_POINT('',(11.9982802734,10.274810365052,
    11.164671836031));
#5898 = CARTESIAN_POINT('',(12.398434450979,10.106362929734,
    10.846340158272));
#5899 = CARTESIAN_POINT('',(12.927179523038,9.851948026965,
    10.362500351323));
#5900 = CARTESIAN_POINT('',(13.073073573888,9.778030072131,
    10.221613477833));
#5901 = CARTESIAN_POINT('',(13.215443510915,9.701937126696,
    10.076160580239));
#5902 = CARTESIAN_POINT('',(13.353953726053,9.623661240621,
    9.926008614471));
#5903 = CARTESIAN_POINT('',(13.488221765087,9.543202881362,
    9.771040542233));
#5904 = CARTESIAN_POINT('',(13.617821155141,9.460572694998,
    9.611158503066));
#5905 = CARTESIAN_POINT('',(13.742284232173,9.375793267362,
    9.446286986406));
#5906 = CARTESIAN_POINT('',(13.950976829698,9.223178517516,9.14786126166
    ));
#5907 = CARTESIAN_POINT('',(14.037614184187,9.156252220093,
    9.016473108354));
#5908 = CARTESIAN_POINT('',(14.120795211953,9.088140708515,
    8.882196143152));
#5909 = CARTESIAN_POINT('',(14.200279614646,9.01887277646,8.745034719883
    ));
#5910 = CARTESIAN_POINT('',(14.275811893156,8.948488240376,
    8.605015325705));
#5911 = CARTESIAN_POINT('',(14.347125852581,8.877039121845,
    8.462189799217));
#5912 = CARTESIAN_POINT('',(14.413950334519,8.804591067594,
    8.316639387739));
#5913 = CARTESIAN_POINT('',(14.571133245656,8.618790141471,
    7.941422053216));
#5914 = CARTESIAN_POINT('',(14.655123895375,8.504140789316,
    7.708118128161));
#5915 = CARTESIAN_POINT('',(14.726931748821,8.38764273368,7.469131025031
    ));
#5916 = CARTESIAN_POINT('',(14.785584754597,8.269721895623,
    7.225170734217));
#5917 = CARTESIAN_POINT('',(14.830240531071,8.150865341273,
    6.977107696525));
#5918 = CARTESIAN_POINT('',(14.860251393435,8.031623309851,
    6.725990608391));
#5919 = CARTESIAN_POINT('',(14.875249063716,7.912612262772,
    6.473068415884));
#5920 = CARTESIAN_POINT('',(14.875249063716,7.794518953781,
    6.219816497488));
#5921 = PCURVE('',#5335,#5922);
#5922 = DEFINITIONAL_REPRESENTATION('',(#5923),#6108);
#5923 = B_SPLINE_CURVE_WITH_KNOTS('',8,(#5924,#5925,#5926,#5927,#5928,
    #5929,#5930,#5931,#5932,#5933,#5934,#5935,#5936,#5937,#5938,#5939,
    #5940,#5941,#5942,#5943,#5944,#5945,#5946,#5947,#5948,#5949,#5950,
    #5951,#5952,#5953,#5954,#5955,#5956,#5957,#5958,#5959,#5960,#5961,
    #5962,#5963,#5964,#5965,#5966,#5967,#5968,#5969,#5970,#5971,#5972,
    #5973,#5974,#5975,#5976,#5977,#5978,#5979,#5980,#5981,#5982,#5983,
    #5984,#5985,#5986,#5987,#5988,#5989,#5990,#5991,#5992,#5993,#5994,
    #5995,#5996,#5997,#5998,#5999,#6000,#6001,#6002,#6003,#6004,#6005,
    #6006,#6007,#6008,#6009,#6010,#6011,#6012,#6013,#6014,#6015,#6016,
    #6017,#6018,#6019,#6020,#6021,#6022,#6023,#6024,#6025,#6026,#6027,
    #6028,#6029,#6030,#6031,#6032,#6033,#6034,#6035,#6036,#6037,#6038,
    #6039,#6040,#6041,#6042,#6043,#6044,#6045,#6046,#6047,#6048,#6049,
    #6050,#6051,#6052,#6053,#6054,#6055,#6056,#6057,#6058,#6059,#6060,
    #6061,#6062,#6063,#6064,#6065,#6066,#6067,#6068,#6069,#6070,#6071,
    #6072,#6073,#6074,#6075,#6076,#6077,#6078,#6079,#6080,#6081,#6082,
    #6083,#6084,#6085,#6086,#6087,#6088,#6089,#6090,#6091,#6092,#6093,
    #6094,#6095,#6096,#6097,#6098,#6099,#6100,#6101,#6102,#6103,#6104,
    #6105,#6106,#6107),.UNSPECIFIED.,.F.,.F.,(9,7,7,7,7,7,7,7,7,7,7,7,7,
    7,7,7,7,7,7,7,7,7,7,7,7,7,9),(0.,3.445744807874E-02,
    5.667597325593E-02,8.528943648031E-02,0.160168755015,0.219147521403,
    0.250494246787,0.280828326,0.33940561032,0.414007123804,
    0.443302484723,0.465526168027,0.477150551827,0.500264434004,
    0.522762554989,0.534381332842,0.556590209216,0.585206909974,
    0.660091327461,0.719016153426,0.75036100002,0.781557419387,
    0.839857735509,0.914503332885,0.943828116426,0.96600836004,1.),
  .UNSPECIFIED.);
#5924 = CARTESIAN_POINT('',(1.570796326795,16.604475806452));
#5925 = CARTESIAN_POINT('',(1.60253244766,16.604475806452));
#5926 = CARTESIAN_POINT('',(1.634278933117,16.592947083962));
#5927 = CARTESIAN_POINT('',(1.665894394279,16.569877502183));
#5928 = CARTESIAN_POINT('',(1.697265325662,16.53555386124));
#5929 = CARTESIAN_POINT('',(1.728298792763,16.490478243803));
#5930 = CARTESIAN_POINT('',(1.758917156594,16.435300649825));
#5931 = CARTESIAN_POINT('',(1.789054835205,16.370767920401));
#5932 = CARTESIAN_POINT('',(1.837744955465,16.250566861972));
#5933 = CARTESIAN_POINT('',(1.856616885715,16.199874751262));
#5934 = CARTESIAN_POINT('',(1.87526369962,16.145810650618));
#5935 = CARTESIAN_POINT('',(1.893679183865,16.088573289108));
#5936 = CARTESIAN_POINT('',(1.911859637379,16.028357049542));
#5937 = CARTESIAN_POINT('',(1.929803533349,15.965347790153));
#5938 = CARTESIAN_POINT('',(1.947511310989,15.899719531265));
#5939 = CARTESIAN_POINT('',(1.987488647486,15.743947524895));
#5940 = CARTESIAN_POINT('',(2.00960221356,15.652192278932));
#5941 = CARTESIAN_POINT('',(2.031332488092,15.556703252733));
#5942 = CARTESIAN_POINT('',(2.052687057477,15.457790798797));
#5943 = CARTESIAN_POINT('',(2.073674627276,15.355736560088));
#5944 = CARTESIAN_POINT('',(2.094305047777,15.250791391652));
#5945 = CARTESIAN_POINT('',(2.11458933957,15.143173282236));
#5946 = CARTESIAN_POINT('',(2.186748387904,14.744920761047));
#5947 = CARTESIAN_POINT('',(2.236609670908,14.440059880808));
#5948 = CARTESIAN_POINT('',(2.284409458943,14.121514686075));
#5949 = CARTESIAN_POINT('',(2.330297487768,13.791528331676));
#5950 = CARTESIAN_POINT('',(2.374375378449,13.451808984679));
#5951 = CARTESIAN_POINT('',(2.41668596217,13.103450145222));
#5952 = CARTESIAN_POINT('',(2.457225812408,12.746941655437));
#5953 = CARTESIAN_POINT('',(2.526301025679,12.094181582991));
#5954 = CARTESIAN_POINT('',(2.555497810482,11.801775486813));
#5955 = CARTESIAN_POINT('',(2.583424614129,11.504142647199));
#5956 = CARTESIAN_POINT('',(2.609950457897,11.200939874272));
#5957 = CARTESIAN_POINT('',(2.634824401885,10.89184666229));
#5958 = CARTESIAN_POINT('',(2.657678226869,10.576560632909));
#5959 = CARTESIAN_POINT('',(2.677911231784,10.254470820449));
#5960 = CARTESIAN_POINT('',(2.703712050101,9.749600681257));
#5961 = CARTESIAN_POINT('',(2.71170612791,9.57231914753));
#5962 = CARTESIAN_POINT('',(2.718615859081,9.393062530654));
#5963 = CARTESIAN_POINT('',(2.724308202001,9.212009970435));
#5964 = CARTESIAN_POINT('',(2.728647991498,9.02943131843));
#5965 = CARTESIAN_POINT('',(2.731523883479,8.845711529223));
#5966 = CARTESIAN_POINT('',(2.732876526425,8.661379822574));
#5967 = CARTESIAN_POINT('',(2.732552196775,8.298834186688));
#5968 = CARTESIAN_POINT('',(2.730971635554,8.120567665743));
#5969 = CARTESIAN_POINT('',(2.727973418007,7.942947566963));
#5970 = CARTESIAN_POINT('',(2.723617199748,7.766443539641));
#5971 = CARTESIAN_POINT('',(2.718005989693,7.591397063459));
#5972 = CARTESIAN_POINT('',(2.711262150374,7.418045579766));
#5973 = CARTESIAN_POINT('',(2.703505759573,7.246542620365));
#5974 = CARTESIAN_POINT('',(2.678131573082,6.74949597314));
#5975 = CARTESIAN_POINT('',(2.658070317045,6.429489897362));
#5976 = CARTESIAN_POINT('',(2.6354155879,6.116204600023));
#5977 = CARTESIAN_POINT('',(2.610758477239,5.809042351451));
#5978 = CARTESIAN_POINT('',(2.584463304464,5.507703032108));
#5979 = CARTESIAN_POINT('',(2.556778754389,5.211868961839));
#5980 = CARTESIAN_POINT('',(2.527835872664,4.921198947356));
#5981 = CARTESIAN_POINT('',(2.459248150163,4.271111189926));
#5982 = CARTESIAN_POINT('',(2.418935473866,3.915530336192));
#5983 = CARTESIAN_POINT('',(2.376862883505,3.568027509504));
#5984 = CARTESIAN_POINT('',(2.33303727643,3.229073217521));
#5985 = CARTESIAN_POINT('',(2.287418670878,2.899729206179));
#5986 = CARTESIAN_POINT('',(2.23990853259,2.581657096764));
#5987 = CARTESIAN_POINT('',(2.190360180746,2.277041015145));
#5988 = CARTESIAN_POINT('',(2.118126151816,1.875654038857));
#5989 = CARTESIAN_POINT('',(2.097410298215,1.765057508803));
#5990 = CARTESIAN_POINT('',(2.07633296707,1.657234536664));
#5991 = CARTESIAN_POINT('',(2.054882291946,1.552416042216));
#5992 = CARTESIAN_POINT('',(2.033047650629,1.450868899799));
#5993 = CARTESIAN_POINT('',(2.01081962914,1.352893678151));
#5994 = CARTESIAN_POINT('',(1.988189985749,1.258822380243));
#5995 = CARTESIAN_POINT('',(1.947674531941,1.100888519858));
#5996 = CARTESIAN_POINT('',(1.929963536344,1.035220391993));
#5997 = CARTESIAN_POINT('',(1.912016290761,0.972171597127));
#5998 = CARTESIAN_POINT('',(1.89383234575,0.911916241729));
#5999 = CARTESIAN_POINT('',(1.875413218261,0.854640292565));
#6000 = CARTESIAN_POINT('',(1.856762599853,0.80053826288));
#6001 = CARTESIAN_POINT('',(1.837886694741,0.749809033294));
#6002 = CARTESIAN_POINT('',(1.80880836745,0.677984089987));
#6003 = CARTESIAN_POINT('',(1.79876306237,0.654294729194));
#6004 = CARTESIAN_POINT('',(1.788660212149,0.631611299314));
#6005 = CARTESIAN_POINT('',(1.778501493341,0.609962313674));
#6006 = CARTESIAN_POINT('',(1.768288839455,0.589375931476));
#6007 = CARTESIAN_POINT('',(1.758024461087,0.569879664592));
#6008 = CARTESIAN_POINT('',(1.747710866043,0.551500084368));
#6009 = CARTESIAN_POINT('',(1.716751120117,0.499987435309));
#6010 = CARTESIAN_POINT('',(1.695964946575,0.470222554512));
#6011 = CARTESIAN_POINT('',(1.675018017953,0.445175084355));
#6012 = CARTESIAN_POINT('',(1.653937857452,0.425022358312));
#6013 = CARTESIAN_POINT('',(1.632754202207,0.40990674623));
#6014 = CARTESIAN_POINT('',(1.611499502544,0.399929376231));
#6015 = CARTESIAN_POINT('',(1.590209570626,0.395142677331));
#6016 = CARTESIAN_POINT('',(1.548206230713,0.395930176911));
#6017 = CARTESIAN_POINT('',(1.527488315358,0.401232054669));
#6018 = CARTESIAN_POINT('',(1.506807160856,0.411445638601));
#6019 = CARTESIAN_POINT('',(1.486195736309,0.426519430594));
#6020 = CARTESIAN_POINT('',(1.465683940842,0.446358295062));
#6021 = CARTESIAN_POINT('',(1.445299092933,0.470829582178));
#6022 = CARTESIAN_POINT('',(1.425066419744,0.4997692511));
#6023 = CARTESIAN_POINT('',(1.394651510087,0.550143256319));
#6024 = CARTESIAN_POINT('',(1.384339664602,0.568440854151));
#6025 = CARTESIAN_POINT('',(1.37407684489,0.587855546376));
#6026 = CARTESIAN_POINT('',(1.363865568747,0.608360848064));
#6027 = CARTESIAN_POINT('',(1.353708056981,0.629929322857));
#6028 = CARTESIAN_POINT('',(1.343606253534,0.652532876154));
#6029 = CARTESIAN_POINT('',(1.33356184559,0.676143048288));
#6030 = CARTESIAN_POINT('',(1.304489240934,0.74773088207));
#6031 = CARTESIAN_POINT('',(1.285617708823,0.798302830168));
#6032 = CARTESIAN_POINT('',(1.266970945576,0.852249345918));
#6033 = CARTESIAN_POINT('',(1.248555221173,0.909371830862));
#6034 = CARTESIAN_POINT('',(1.230374286619,0.969475955007));
#6035 = CARTESIAN_POINT('',(1.212429713125,1.032375849539));
#6036 = CARTESIAN_POINT('',(1.194721101195,1.097897431418));
#6037 = CARTESIAN_POINT('',(1.15472925397,1.253479232488));
#6038 = CARTESIAN_POINT('',(1.132602357774,1.345157132483));
#6039 = CARTESIAN_POINT('',(1.110859031569,1.440576823633));
#6040 = CARTESIAN_POINT('',(1.089491725426,1.53942720819));
#6041 = CARTESIAN_POINT('',(1.068491755204,1.64142592673));
#6042 = CARTESIAN_POINT('',(1.047849278803,1.746321458019));
#6043 = CARTESIAN_POINT('',(1.027553272416,1.853895218869));
#6044 = CARTESIAN_POINT('',(0.955355394596,2.251991674889));
#6045 = CARTESIAN_POINT('',(0.905468887015,2.556766622052));
#6046 = CARTESIAN_POINT('',(0.857645655848,2.875248336988));
#6047 = CARTESIAN_POINT('',(0.811735680834,3.205187545491));
#6048 = CARTESIAN_POINT('',(0.767636994406,3.544871118485));
#6049 = CARTESIAN_POINT('',(0.725306340909,3.893201823471));
#6050 = CARTESIAN_POINT('',(0.684746565612,4.249687098844));
#6051 = CARTESIAN_POINT('',(0.615664267159,4.902127916895));
#6052 = CARTESIAN_POINT('',(0.586478016195,5.194229468976));
#6053 = CARTESIAN_POINT('',(0.558558441317,5.491546771317));
#6054 = CARTESIAN_POINT('',(0.532035624678,5.794419664237));
#6055 = CARTESIAN_POINT('',(0.507158698521,6.103166555494));
#6056 = CARTESIAN_POINT('',(0.48429342563,6.418089584637));
#6057 = CARTESIAN_POINT('',(0.464036108995,6.739797993641));
#6058 = CARTESIAN_POINT('',(0.438164861745,7.244210736693));
#6059 = CARTESIAN_POINT('',(0.430138260378,7.421430753595));
#6060 = CARTESIAN_POINT('',(0.423192572792,7.600628786019));
#6061 = CARTESIAN_POINT('',(0.417460716265,7.781628972766));
#6062 = CARTESIAN_POINT('',(0.41307811003,7.964164610399));
#6063 = CARTESIAN_POINT('',(0.410156879773,8.147853746204));
#6064 = CARTESIAN_POINT('',(0.408757651214,8.332169812276));
#6065 = CARTESIAN_POINT('',(0.408993785214,8.699797394602));
#6066 = CARTESIAN_POINT('',(0.410614836022,8.883156241245));
#6067 = CARTESIAN_POINT('',(0.413736739932,9.065823081766));
#6068 = CARTESIAN_POINT('',(0.418293804819,9.247291371468));
#6069 = CARTESIAN_POINT('',(0.424172183963,9.427197901231));
#6070 = CARTESIAN_POINT('',(0.431237506805,9.605293406649));
#6071 = CARTESIAN_POINT('',(0.439359368586,9.781418775826));
#6072 = CARTESIAN_POINT('',(0.465344127996,10.28082096968));
#6073 = CARTESIAN_POINT('',(0.485527599767,10.598763517508));
#6074 = CARTESIAN_POINT('',(0.508237033828,10.910083578318));
#6075 = CARTESIAN_POINT('',(0.532904174572,11.215369689174));
#6076 = CARTESIAN_POINT('',(0.559177562922,11.51492037882));
#6077 = CARTESIAN_POINT('',(0.586817935401,11.809042386513));
#6078 = CARTESIAN_POINT('',(0.615698948051,12.09805957283));
#6079 = CARTESIAN_POINT('',(0.684313281762,12.746398553907));
#6080 = CARTESIAN_POINT('',(0.724726633823,13.101838525243));
#6081 = CARTESIAN_POINT('',(0.766900362855,13.449176356242));
#6082 = CARTESIAN_POINT('',(0.810830563873,13.787927684499));
#6083 = CARTESIAN_POINT('',(0.856559400511,14.117011939959));
#6084 = CARTESIAN_POINT('',(0.904187174118,14.434742625437));
#6085 = CARTESIAN_POINT('',(0.95386201249,14.738904974463));
#6086 = CARTESIAN_POINT('',(1.026296003695,15.139493831889));
#6087 = CARTESIAN_POINT('',(1.047076155401,15.249872586877));
#6088 = CARTESIAN_POINT('',(1.068219721827,15.357448736471));
#6089 = CARTESIAN_POINT('',(1.089738595132,15.461987998662));
#6090 = CARTESIAN_POINT('',(1.111643358416,15.563219708415));
#6091 = CARTESIAN_POINT('',(1.133943311282,15.660839203094));
#6092 = CARTESIAN_POINT('',(1.156646495382,15.754510207899));
#6093 = CARTESIAN_POINT('',(1.197241757019,15.911453750025));
#6094 = CARTESIAN_POINT('',(1.214957070147,15.976567317654));
#6095 = CARTESIAN_POINT('',(1.232907810809,16.039047577639));
#6096 = CARTESIAN_POINT('',(1.25109422098,16.098720105732));
#6097 = CARTESIAN_POINT('',(1.26951455207,16.155398890936));
#6098 = CARTESIAN_POINT('',(1.288164852287,16.208889707869));
#6099 = CARTESIAN_POINT('',(1.307038622442,16.258994370553));
#6100 = CARTESIAN_POINT('',(1.35537862621,16.376810935677));
#6101 = CARTESIAN_POINT('',(1.385148579556,16.439727861675));
#6102 = CARTESIAN_POINT('',(1.415382498952,16.493491780737));
#6103 = CARTESIAN_POINT('',(1.446016439652,16.537389628583));
#6104 = CARTESIAN_POINT('',(1.476975032419,16.570802892191));
#6105 = CARTESIAN_POINT('',(1.50816842625,16.593255350687));
#6106 = CARTESIAN_POINT('',(1.53948735484,16.604475806452));
#6107 = CARTESIAN_POINT('',(1.570796326795,16.604475806452));
#6108 = ( GEOMETRIC_REPRESENTATION_CONTEXT(2) 
PARAMETRIC_REPRESENTATION_CONTEXT() REPRESENTATION_CONTEXT('2D SPACE',''
  ) );
#6109 = PCURVE('',#6110,#6141);
#6110 = B_SPLINE_SURFACE_WITH_KNOTS('',14,1,(
    (#6111,#6112)
    ,(#6113,#6114)
    ,(#6115,#6116)
    ,(#6117,#6118)
    ,(#6119,#6120)
    ,(#6121,#6122)
    ,(#6123,#6124)
    ,(#6125,#6126)
    ,(#6127,#6128)
    ,(#6129,#6130)
    ,(#6131,#6132)
    ,(#6133,#6134)
    ,(#6135,#6136)
    ,(#6137,#6138)
    ,(#6139,#6140
    )),.UNSPECIFIED.,.T.,.F.,.F.,(15,15),(2,2),(0.,6.28318530718),(0.,1.
    ),.PIECEWISE_BEZIER_KNOTS.);
#6111 = CARTESIAN_POINT('',(10.027052284545,14.626413069053,
    3.034051951832));
#6112 = CARTESIAN_POINT('',(21.814824845666,-1.984466740627,
    10.779832415778));
#6113 = CARTESIAN_POINT('',(10.027052284546,16.238613443918,
    6.491426812976));
#6114 = CARTESIAN_POINT('',(21.814824845667,-0.732640567201,
    13.46438230796));
#6115 = CARTESIAN_POINT('',(8.5014944551,16.770589421092,10.452520136972
    ));
#6116 = CARTESIAN_POINT('',(20.630274060454,-0.319576867286,
    16.540054771303));
#6117 = CARTESIAN_POINT('',(5.450376845957,15.814338448714,
    14.04237123316));
#6118 = CARTESIAN_POINT('',(18.261170975691,-1.062077622279,
    19.327468563618));
#6119 = CARTESIAN_POINT('',(1.329974807274,13.284987208129,
    16.235461893609));
#6120 = CARTESIAN_POINT('',(15.061799980997,-3.02604446799,
    21.030338958841));
#6121 = CARTESIAN_POINT('',(-2.94724751157,9.566920922786,
    16.169255317672));
#6122 = CARTESIAN_POINT('',(11.740662650965,-5.9130135835,
    20.978931499773));
#6123 = CARTESIAN_POINT('',(-6.212428711513,5.519505904907,
    13.52581865212));
#6124 = CARTESIAN_POINT('',(9.20534548413,-9.055712303542,18.92638067728
    ));
#6125 = CARTESIAN_POINT('',(-7.441704278571,2.257044259802,
    8.801983354312));
#6126 = CARTESIAN_POINT('',(8.250849161233,-11.58891781584,
    15.258461504642));
#6127 = CARTESIAN_POINT('',(-6.212428711513,0.735446401991,
    3.266369939986));
#6128 = CARTESIAN_POINT('',(9.205345484148,-12.77039379994,
    10.960220500812));
#6129 = CARTESIAN_POINT('',(-2.94724751157,1.312084658584,
    -1.533298178583));
#6130 = CARTESIAN_POINT('',(11.740662650936,-12.32265115331,
    7.23341937325));
#6131 = CARTESIAN_POINT('',(1.329974807273,3.651294419044,
    -4.424058962646));
#6132 = CARTESIAN_POINT('',(15.061799981025,-10.50632357484,
    4.988828646944));
#6133 = CARTESIAN_POINT('',(5.450376845957,6.95713497082,-4.951962921545
    ));
#6134 = CARTESIAN_POINT('',(18.261170975672,-7.939435616856,
    4.578926749364));
#6135 = CARTESIAN_POINT('',(8.5014944551,10.321786731434,-3.376981859999
    ));
#6136 = CARTESIAN_POINT('',(20.630274060462,-5.326882485148,
    5.801853220719));
#6137 = CARTESIAN_POINT('',(10.027052284546,13.014212694192,
    -0.423322909307));
#6138 = CARTESIAN_POINT('',(21.814824845665,-3.236292914045,
    8.095282523597));
#6139 = CARTESIAN_POINT('',(10.027052284545,14.626413069053,
    3.034051951832));
#6140 = CARTESIAN_POINT('',(21.814824845666,-1.984466740627,
    10.779832415778));
#6141 = DEFINITIONAL_REPRESENTATION('',(#6142),#6327);
#6142 = B_SPLINE_CURVE_WITH_KNOTS('',8,(#6143,#6144,#6145,#6146,#6147,
    #6148,#6149,#6150,#6151,#6152,#6153,#6154,#6155,#6156,#6157,#6158,
    #6159,#6160,#6161,#6162,#6163,#6164,#6165,#6166,#6167,#6168,#6169,
    #6170,#6171,#6172,#6173,#6174,#6175,#6176,#6177,#6178,#6179,#6180,
    #6181,#6182,#6183,#6184,#6185,#6186,#6187,#6188,#6189,#6190,#6191,
    #6192,#6193,#6194,#6195,#6196,#6197,#6198,#6199,#6200,#6201,#6202,
    #6203,#6204,#6205,#6206,#6207,#6208,#6209,#6210,#6211,#6212,#6213,
    #6214,#6215,#6216,#6217,#6218,#6219,#6220,#6221,#6222,#6223,#6224,
    #6225,#6226,#6227,#6228,#6229,#6230,#6231,#6232,#6233,#6234,#6235,
    #6236,#6237,#6238,#6239,#6240,#6241,#6242,#6243,#6244,#6245,#6246,
    #6247,#6248,#6249,#6250,#6251,#6252,#6253,#6254,#6255,#6256,#6257,
    #6258,#6259,#6260,#6261,#6262,#6263,#6264,#6265,#6266,#6267,#6268,
    #6269,#6270,#6271,#6272,#6273,#6274,#6275,#6276,#6277,#6278,#6279,
    #6280,#6281,#6282,#6283,#6284,#6285,#6286,#6287,#6288,#6289,#6290,
    #6291,#6292,#6293,#6294,#6295,#6296,#6297,#6298,#6299,#6300,#6301,
    #6302,#6303,#6304,#6305,#6306,#6307,#6308,#6309,#6310,#6311,#6312,
    #6313,#6314,#6315,#6316,#6317,#6318,#6319,#6320,#6321,#6322,#6323,
    #6324,#6325,#6326),.UNSPECIFIED.,.F.,.F.,(9,7,7,7,7,7,7,7,7,7,7,7,7,
    7,7,7,7,7,7,7,7,7,7,7,7,7,9),(0.,3.445744807874E-02,
    5.667597325593E-02,8.528943648031E-02,0.160168755015,0.219147521403,
    0.250494246787,0.280828326,0.33940561032,0.414007123804,
    0.443302484723,0.465526168027,0.477150551827,0.500264434004,
    0.522762554989,0.534381332842,0.556590209216,0.585206909974,
    0.660091327461,0.719016153426,0.75036100002,0.781557419387,
    0.839857735509,0.914503332885,0.943828116426,0.96600836004,1.),
  .UNSPECIFIED.);
#6143 = CARTESIAN_POINT('',(6.28318530718,0.411290322581));
#6144 = CARTESIAN_POINT('',(6.246488655877,0.411290322581));
#6145 = CARTESIAN_POINT('',(6.209780023337,0.410816892838));
#6146 = CARTESIAN_POINT('',(6.173221009941,0.409869527745));
#6147 = CARTESIAN_POINT('',(6.136941002632,0.408460462507));
#6148 = CARTESIAN_POINT('',(6.101045461257,0.406611196009));
#6149 = CARTESIAN_POINT('',(6.065621906753,0.404349654889));
#6150 = CARTESIAN_POINT('',(6.030743611169,0.401707998811));
#6151 = CARTESIAN_POINT('',(5.97437164239,0.396795061879));
#6152 = CARTESIAN_POINT('',(5.952516376878,0.394724817374));
#6153 = CARTESIAN_POINT('',(5.930915041935,0.392518907493));
#6154 = CARTESIAN_POINT('',(5.909573975114,0.390185966474));
#6155 = CARTESIAN_POINT('',(5.888496539784,0.387734474618));
#6156 = CARTESIAN_POINT('',(5.867683509399,0.385172583384));
#6157 = CARTESIAN_POINT('',(5.847133298806,0.382507979747));
#6158 = CARTESIAN_POINT('',(5.800710555089,0.376193161699));
#6159 = CARTESIAN_POINT('',(5.775010920072,0.372480321783));
#6160 = CARTESIAN_POINT('',(5.749733098093,0.368624328919));
#6161 = CARTESIAN_POINT('',(5.724865559613,0.36463919722));
#6162 = CARTESIAN_POINT('',(5.700395192996,0.360537834697));
#6163 = CARTESIAN_POINT('',(5.676307212487,0.356331981933));
#6164 = CARTESIAN_POINT('',(5.652585066204,0.352032150744));
#6165 = CARTESIAN_POINT('',(5.568040423951,0.336173420379));
#6166 = CARTESIAN_POINT('',(5.509320747712,0.324132222349));
#6167 = CARTESIAN_POINT('',(5.452643952656,0.311679066616));
#6168 = CARTESIAN_POINT('',(5.397736105587,0.298944108288));
#6169 = CARTESIAN_POINT('',(5.344350176721,0.286044889502));
#6170 = CARTESIAN_POINT('',(5.292251047501,0.27309274509));
#6171 = CARTESIAN_POINT('',(5.241187480884,0.260198473318));
#6172 = CARTESIAN_POINT('',(5.151187619517,0.237508492334));
#6173 = CARTESIAN_POINT('',(5.112056575118,0.22765584645));
#6174 = CARTESIAN_POINT('',(5.073259392061,0.218009822917));
#6175 = CARTESIAN_POINT('',(5.03465151323,0.208659730568));
#6176 = CARTESIAN_POINT('',(4.996104426454,0.199737685637));
#6177 = CARTESIAN_POINT('',(4.957495825701,0.191419550582));
#6178 = CARTESIAN_POINT('',(4.918664362046,0.183972578011));
#6179 = CARTESIAN_POINT('',(4.858549164816,0.174402806561));
#6180 = CARTESIAN_POINT('',(4.837575745988,0.171421439253));
#6181 = CARTESIAN_POINT('',(4.816486465409,0.168832512963));
#6182 = CARTESIAN_POINT('',(4.795284052067,0.166691825268));
#6183 = CARTESIAN_POINT('',(4.773978880567,0.165055689362));
#6184 = CARTESIAN_POINT('',(4.752591500233,0.163970207638));
#6185 = CARTESIAN_POINT('',(4.731156863274,0.163459745746));
#6186 = CARTESIAN_POINT('',(4.688994157293,0.163582143262));
#6187 = CARTESIAN_POINT('',(4.668260124075,0.164178618958));
#6188 = CARTESIAN_POINT('',(4.647575073476,0.165309952574));
#6189 = CARTESIAN_POINT('',(4.626969779861,0.166951613292));
#6190 = CARTESIAN_POINT('',(4.606462280759,0.169060931563));
#6191 = CARTESIAN_POINT('',(4.58606132585,0.171586915217));
#6192 = CARTESIAN_POINT('',(4.565768407275,0.174479181424));
#6193 = CARTESIAN_POINT('',(4.506588167553,0.183891120047));
#6194 = CARTESIAN_POINT('',(4.468013951573,0.191275606981));
#6195 = CARTESIAN_POINT('',(4.429661658042,0.199522932664));
#6196 = CARTESIAN_POINT('',(4.391373162811,0.208370287957));
#6197 = CARTESIAN_POINT('',(4.353028187302,0.217643989423));
#6198 = CARTESIAN_POINT('',(4.314500512237,0.227213542252));
#6199 = CARTESIAN_POINT('',(4.275648236239,0.236990479928));
#6200 = CARTESIAN_POINT('',(4.186155260356,0.259550887225));
#6201 = CARTESIAN_POINT('',(4.135319873071,0.2723942943));
#6202 = CARTESIAN_POINT('',(4.083466064095,0.285299904566));
#6203 = CARTESIAN_POINT('',(4.030345764583,0.298157445463));
#6204 = CARTESIAN_POINT('',(3.975726698508,0.310856755618));
#6205 = CARTESIAN_POINT('',(3.919364996732,0.323282100019));
#6206 = CARTESIAN_POINT('',(3.860990002345,0.335305719054));
#6207 = CARTESIAN_POINT('',(3.776329687728,0.351280095567));
#6208 = CARTESIAN_POINT('',(3.752096824306,0.355696943907));
#6209 = CARTESIAN_POINT('',(3.72748254258,0.360016649934));
#6210 = CARTESIAN_POINT('',(3.702468988838,0.364228043395));
#6211 = CARTESIAN_POINT('',(3.677040207607,0.368318612682));
#6212 = CARTESIAN_POINT('',(3.651182028964,0.372274570255));
#6213 = CARTESIAN_POINT('',(3.624881955841,0.376080918064));
#6214 = CARTESIAN_POINT('',(3.577834094778,0.382483295916));
#6215 = CARTESIAN_POINT('',(3.557280058934,0.385149488626));
#6216 = CARTESIAN_POINT('',(3.536463064463,0.387712961764));
#6217 = CARTESIAN_POINT('',(3.515381512955,0.390166024222));
#6218 = CARTESIAN_POINT('',(3.494036165158,0.392500519515));
#6219 = CARTESIAN_POINT('',(3.472430372251,0.394707961434));
#6220 = CARTESIAN_POINT('',(3.450570460167,0.396779708974));
#6221 = CARTESIAN_POINT('',(3.416904383983,0.399715369345));
#6222 = CARTESIAN_POINT('',(3.40527582846,0.400684070738));
#6223 = CARTESIAN_POINT('',(3.393582153189,0.401612048035));
#6224 = CARTESIAN_POINT('',(3.3818251896,0.402498069314));
#6225 = CARTESIAN_POINT('',(3.37000707074,0.403340919777));
#6226 = CARTESIAN_POINT('',(3.358130254265,0.404139414123));
#6227 = CARTESIAN_POINT('',(3.346197545429,0.404892408919));
#6228 = CARTESIAN_POINT('',(3.310380344209,0.407003430187));
#6229 = CARTESIAN_POINT('',(3.286336677174,0.408224052741));
#6230 = CARTESIAN_POINT('',(3.26211007706,0.409251792849));
#6231 = CARTESIAN_POINT('',(3.237731709546,0.410079040833));
#6232 = CARTESIAN_POINT('',(3.21323534525,0.410699693237));
#6233 = CARTESIAN_POINT('',(3.188657925407,0.411109422431));
#6234 = CARTESIAN_POINT('',(3.164040295868,0.411305989723));
#6235 = CARTESIAN_POINT('',(3.115471599492,0.411273650774));
#6236 = CARTESIAN_POINT('',(3.091515322287,0.411055928393));
#6237 = CARTESIAN_POINT('',(3.067600995665,0.410636507391));
#6238 = CARTESIAN_POINT('',(3.043766218339,0.410017590739));
#6239 = CARTESIAN_POINT('',(3.020045023653,0.409203252085));
#6240 = CARTESIAN_POINT('',(2.996468433348,0.408199176043));
#6241 = CARTESIAN_POINT('',(2.973065011329,0.407012398468));
#6242 = CARTESIAN_POINT('',(2.937878309903,0.404947999449));
#6243 = CARTESIAN_POINT('',(2.925947692806,0.404198347668));
#6244 = CARTESIAN_POINT('',(2.914072753553,0.403403176363));
#6245 = CARTESIAN_POINT('',(2.902256309264,0.402563625187));
#6246 = CARTESIAN_POINT('',(2.890500829741,0.401680876118));
#6247 = CARTESIAN_POINT('',(2.878808460445,0.400756141087));
#6248 = CARTESIAN_POINT('',(2.867181045472,0.399790649601));
#6249 = CARTESIAN_POINT('',(2.833521915264,0.396864589694));
#6250 = CARTESIAN_POINT('',(2.811667308648,0.394799194143));
#6251 = CARTESIAN_POINT('',(2.790066256878,0.392598013332));
#6252 = CARTESIAN_POINT('',(2.768725165428,0.390269675049));
#6253 = CARTESIAN_POINT('',(2.747647458026,0.387822656369));
#6254 = CARTESIAN_POINT('',(2.726833962314,0.385265108132));
#6255 = CARTESIAN_POINT('',(2.7062831422,0.382604718789));
#6256 = CARTESIAN_POINT('',(2.659844464677,0.3762973113));
#6257 = CARTESIAN_POINT('',(2.634129911889,0.372587410714));
#6258 = CARTESIAN_POINT('',(2.608837544078,0.368734005093));
#6259 = CARTESIAN_POINT('',(2.583955877467,0.364751138534));
#6260 = CARTESIAN_POINT('',(2.55947182916,0.360651747708));
#6261 = CARTESIAN_POINT('',(2.535370627359,0.356447599572));
#6262 = CARTESIAN_POINT('',(2.51163572158,0.352149229095));
#6263 = CARTESIAN_POINT('',(2.427049324114,0.336295485143));
#6264 = CARTESIAN_POINT('',(2.368303288435,0.324256577678));
#6265 = CARTESIAN_POINT('',(2.31160283338,0.31180455285));
#6266 = CARTESIAN_POINT('',(2.256673854074,0.299069767722));
#6267 = CARTESIAN_POINT('',(2.20326913665,0.286169895762));
#6268 = CARTESIAN_POINT('',(2.15115340439,0.273216311524));
#6269 = CARTESIAN_POINT('',(2.100075244255,0.260319753857));
#6270 = CARTESIAN_POINT('',(2.010091648009,0.237633585654));
#6271 = CARTESIAN_POINT('',(1.97098946973,0.227787103807));
#6272 = CARTESIAN_POINT('',(1.932221950685,0.218146040672));
#6273 = CARTESIAN_POINT('',(1.893645052127,0.208799302932));
#6274 = CARTESIAN_POINT('',(1.855130629389,0.199878249938));
#6275 = CARTESIAN_POINT('',(1.816556570592,0.191557725811));
#6276 = CARTESIAN_POINT('',(1.777762011335,0.184103184272));
#6277 = CARTESIAN_POINT('',(1.717689305176,0.174508732961));
#6278 = CARTESIAN_POINT('',(1.696719484585,0.171515631936));
#6279 = CARTESIAN_POINT('',(1.675633925519,0.168913528953));
#6280 = CARTESIAN_POINT('',(1.654435031408,0.166758181401));
#6281 = CARTESIAN_POINT('',(1.633132881828,0.16510601559));
#6282 = CARTESIAN_POINT('',(1.611747743002,0.16400346245));
#6283 = CARTESIAN_POINT('',(1.590314297164,0.163475416249));
#6284 = CARTESIAN_POINT('',(1.547560708669,0.16356453014));
#6285 = CARTESIAN_POINT('',(1.526235074053,0.164176289052));
#6286 = CARTESIAN_POINT('',(1.504962174154,0.16535434125));
#6287 = CARTESIAN_POINT('',(1.483774941147,0.16707168336));
#6288 = CARTESIAN_POINT('',(1.462692112787,0.16928114807));
#6289 = CARTESIAN_POINT('',(1.441722345575,0.171926713467));
#6290 = CARTESIAN_POINT('',(1.420866575127,0.174953623575));
#6291 = CARTESIAN_POINT('',(1.361342590412,0.18458430047));
#6292 = CARTESIAN_POINT('',(1.322969462839,0.192006472103));
#6293 = CARTESIAN_POINT('',(1.284805916106,0.200264372093));
#6294 = CARTESIAN_POINT('',(1.246696403759,0.209104545297));
#6295 = CARTESIAN_POINT('',(1.208521743468,0.218358653923));
#6296 = CARTESIAN_POINT('',(1.170157684082,0.227900166845));
#6297 = CARTESIAN_POINT('',(1.131465076136,0.237642747536));
#6298 = CARTESIAN_POINT('',(1.042070052107,0.260180292821));
#6299 = CARTESIAN_POINT('',(0.991162478707,0.273034874911));
#6300 = CARTESIAN_POINT('',(0.939226264136,0.285947280209));
#6301 = CARTESIAN_POINT('',(0.886012493355,0.298807569071));
#6302 = CARTESIAN_POINT('',(0.831288122295,0.311505406738));
#6303 = CARTESIAN_POINT('',(0.774808380259,0.323924419484));
#6304 = CARTESIAN_POINT('',(0.716301766176,0.33593585131));
#6305 = CARTESIAN_POINT('',(0.63142668081,0.351884883717));
#6306 = CARTESIAN_POINT('',(0.607123624654,0.356294692753));
#6307 = CARTESIAN_POINT('',(0.582436553081,0.360606025366));
#6308 = CARTESIAN_POINT('',(0.557347609666,0.364807579687));
#6309 = CARTESIAN_POINT('',(0.531840907786,0.368886693357));
#6310 = CARTESIAN_POINT('',(0.505902430701,0.37282941447));
#6311 = CARTESIAN_POINT('',(0.479519931625,0.376620572508));
#6312 = CARTESIAN_POINT('',(0.432384188928,0.382984369488));
#6313 = CARTESIAN_POINT('',(0.411826990855,0.385628647109));
#6314 = CARTESIAN_POINT('',(0.391007593421,0.388169536476));
#6315 = CARTESIAN_POINT('',(0.369924654365,0.390599339138));
#6316 = CARTESIAN_POINT('',(0.348579217105,0.39290990228));
#6317 = CARTESIAN_POINT('',(0.326974947384,0.395092757006));
#6318 = CARTESIAN_POINT('',(0.305118524809,0.397139296504));
#6319 = CARTESIAN_POINT('',(0.24915407498,0.40195538138));
#6320 = CARTESIAN_POINT('',(0.214702219246,0.404531115772));
#6321 = CARTESIAN_POINT('',(0.17972398721,0.406734830501));
#6322 = CARTESIAN_POINT('',(0.144290876312,0.408535825451));
#6323 = CARTESIAN_POINT('',(0.10848788246,0.409907529469));
#6324 = CARTESIAN_POINT('',(7.241698302301E-02,0.410829551791));
#6325 = CARTESIAN_POINT('',(3.620273666491E-02,0.411290322581));
#6326 = CARTESIAN_POINT('',(0.,0.411290322581));
#6327 = ( GEOMETRIC_REPRESENTATION_CONTEXT(2) 
PARAMETRIC_REPRESENTATION_CONTEXT() REPRESENTATION_CONTEXT('2D SPACE',''
  ) );
#6328 = ADVANCED_FACE('',(#6329),#6110,.T.);
#6329 = FACE_BOUND('',#6330,.T.);
#6330 = EDGE_LOOP('',(#6331,#6353,#6354,#6355,#6384));
#6331 = ORIENTED_EDGE('',*,*,#6332,.F.);
#6332 = EDGE_CURVE('',#5733,#6333,#6335,.T.);
#6333 = VERTEX_POINT('',#6334);
#6334 = CARTESIAN_POINT('',(21.814824845666,-1.984466740627,
    10.779832415778));
#6335 = SEAM_CURVE('',#6336,(#6339,#6346),.PCURVE_S1.);
#6336 = B_SPLINE_CURVE_WITH_KNOTS('',1,(#6337,#6338),.UNSPECIFIED.,.F.,
  .F.,(2,2),(0.,1.),.PIECEWISE_BEZIER_KNOTS.);
#6337 = CARTESIAN_POINT('',(10.027052284545,14.626413069053,
    3.034051951832));
#6338 = CARTESIAN_POINT('',(21.814824845666,-1.984466740627,
    10.779832415778));
#6339 = PCURVE('',#6110,#6340);
#6340 = DEFINITIONAL_REPRESENTATION('',(#6341),#6345);
#6341 = LINE('',#6342,#6343);
#6342 = CARTESIAN_POINT('',(0.,0.));
#6343 = VECTOR('',#6344,1.);
#6344 = DIRECTION('',(0.,1.));
#6345 = ( GEOMETRIC_REPRESENTATION_CONTEXT(2) 
PARAMETRIC_REPRESENTATION_CONTEXT() REPRESENTATION_CONTEXT('2D SPACE',''
  ) );
#6346 = PCURVE('',#6110,#6347);
#6347 = DEFINITIONAL_REPRESENTATION('',(#6348),#6352);
#6348 = LINE('',#6349,#6350);
#6349 = CARTESIAN_POINT('',(6.28318530718,0.));
#6350 = VECTOR('',#6351,1.);
#6351 = DIRECTION('',(0.,1.));
#6352 = ( GEOMETRIC_REPRESENTATION_CONTEXT(2) 
PARAMETRIC_REPRESENTATION_CONTEXT() REPRESENTATION_CONTEXT('2D SPACE',''
  ) );
#6353 = ORIENTED_EDGE('',*,*,#5732,.F.);
#6354 = ORIENTED_EDGE('',*,*,#6332,.T.);
#6355 = ORIENTED_EDGE('',*,*,#6356,.F.);
#6356 = EDGE_CURVE('',#6357,#6333,#6359,.T.);
#6357 = VERTEX_POINT('',#6358);
#6358 = CARTESIAN_POINT('',(10.892995800677,-9.718052759856,
    14.386062801545));
#6359 = SURFACE_CURVE('',#6360,(#6365,#6372),.PCURVE_S1.);
#6360 = ELLIPSE('',#6361,6.93,6.6);
#6361 = AXIS2_PLACEMENT_3D('',#6362,#6363,#6364);
#6362 = CARTESIAN_POINT('',(16.353910323172,-5.851259750241,
    12.582947608662));
#6363 = DIRECTION('',(0.615661475326,-0.714180282262,0.333027734922));
#6364 = DIRECTION('',(0.788010753607,0.557978789266,-0.260189782523));
#6365 = PCURVE('',#6110,#6366);
#6366 = DEFINITIONAL_REPRESENTATION('',(#6367),#6371);
#6367 = LINE('',#6368,#6369);
#6368 = CARTESIAN_POINT('',(0.,1.));
#6369 = VECTOR('',#6370,1.);
#6370 = DIRECTION('',(1.,0.));
#6371 = ( GEOMETRIC_REPRESENTATION_CONTEXT(2) 
PARAMETRIC_REPRESENTATION_CONTEXT() REPRESENTATION_CONTEXT('2D SPACE',''
  ) );
#6372 = PCURVE('',#6373,#6378);
#6373 = PLANE('',#6374);
#6374 = AXIS2_PLACEMENT_3D('',#6375,#6376,#6377);
#6375 = CARTESIAN_POINT('',(16.353910323172,-5.851259750241,
    12.582947608662));
#6376 = DIRECTION('',(0.615661475326,-0.714180282262,0.333027734922));
#6377 = DIRECTION('',(0.788010753607,0.557978789266,-0.260189782523));
#6378 = DEFINITIONAL_REPRESENTATION('',(#6379),#6383);
#6379 = ELLIPSE('',#6380,6.93,6.6);
#6380 = AXIS2_PLACEMENT_2D('',#6381,#6382);
#6381 = CARTESIAN_POINT('',(0.,0.));
#6382 = DIRECTION('',(1.,2.775557561563E-17));
#6383 = ( GEOMETRIC_REPRESENTATION_CONTEXT(2) 
PARAMETRIC_REPRESENTATION_CONTEXT() REPRESENTATION_CONTEXT('2D SPACE',''
  ) );
#6384 = ORIENTED_EDGE('',*,*,#6385,.F.);
#6385 = EDGE_CURVE('',#6333,#6357,#6386,.T.);
#6386 = SURFACE_CURVE('',#6387,(#6502,#6620),.PCURVE_S1.);
#6387 = B_SPLINE_CURVE_WITH_KNOTS('',8,(#6388,#6389,#6390,#6391,#6392,
    #6393,#6394,#6395,#6396,#6397,#6398,#6399,#6400,#6401,#6402,#6403,
    #6404,#6405,#6406,#6407,#6408,#6409,#6410,#6411,#6412,#6413,#6414,
    #6415,#6416,#6417,#6418,#6419,#6420,#6421,#6422,#6423,#6424,#6425,
    #6426,#6427,#6428,#6429,#6430,#6431,#6432,#6433,#6434,#6435,#6436,
    #6437,#6438,#6439,#6440,#6441,#6442,#6443,#6444,#6445,#6446,#6447,
    #6448,#6449,#6450,#6451,#6452,#6453,#6454,#6455,#6456,#6457,#6458,
    #6459,#6460,#6461,#6462,#6463,#6464,#6465,#6466,#6467,#6468,#6469,
    #6470,#6471,#6472,#6473,#6474,#6475,#6476,#6477,#6478,#6479,#6480,
    #6481,#6482,#6483,#6484,#6485,#6486,#6487,#6488,#6489,#6490,#6491,
    #6492,#6493,#6494,#6495,#6496,#6497,#6498,#6499,#6500,#6501),
  .UNSPECIFIED.,.F.,.F.,(9,7,7,7,7,7,7,7,7,7,7,7,7,7,7,7,9),(0.,
    4.423495067276E-02,9.961277006192E-02,0.185357188777,0.296156102306,
    0.344111257714,0.394642967281,0.440539647632,0.501369073963,
    0.557834491817,0.603811889591,0.654374111403,0.702342897798,
    0.815133947294,0.898945540793,0.95435676112,1.),.UNSPECIFIED.);
#6388 = CARTESIAN_POINT('',(21.814824845666,-1.98446652843,
    10.779832870837));
#6389 = CARTESIAN_POINT('',(21.814824832547,-1.932562997816,
    10.891140345903));
#6390 = CARTESIAN_POINT('',(21.811157278104,-1.880064672933,
    11.002176015408));
#6391 = CARTESIAN_POINT('',(21.803821583291,-1.827032032155,
    11.112809769204));
#6392 = CARTESIAN_POINT('',(21.792874455251,-1.773576698532,
    11.22295576215));
#6393 = CARTESIAN_POINT('',(21.778425021567,-1.719861375902,
    11.332571140229));
#6394 = CARTESIAN_POINT('',(21.760614205611,-1.666077083973,
    11.441642414736));
#6395 = CARTESIAN_POINT('',(21.73959275175,-1.612417340114,
    11.550170480348));
#6396 = CARTESIAN_POINT('',(21.685365911996,-1.492281965824,
    11.793364160321));
#6397 = CARTESIAN_POINT('',(21.650424754407,-1.425981874021,
    11.927729220204));
#6398 = CARTESIAN_POINT('',(21.610978104646,-1.360517659738,
    12.061314546176));
#6399 = CARTESIAN_POINT('',(21.56731029961,-1.296224724984,
    12.194183536635));
#6400 = CARTESIAN_POINT('',(21.51967277806,-1.233391600044,
    12.326384289224));
#6401 = CARTESIAN_POINT('',(21.468281099881,-1.172257537055,
    12.45794770192));
#6402 = CARTESIAN_POINT('',(21.413321362141,-1.113022783366,
    12.588894609551));
#6403 = CARTESIAN_POINT('',(21.264571648273,-0.967334872024,
    12.92105631882));
#6404 = CARTESIAN_POINT('',(21.166028049042,-0.883780507114,
    13.121399783923));
#6405 = CARTESIAN_POINT('',(21.059919089429,-0.805817636156,
    13.320289012605));
#6406 = CARTESIAN_POINT('',(20.946725556582,-0.733912095712,
    13.517627154165));
#6407 = CARTESIAN_POINT('',(20.82685780974,-0.668418388241,
    13.713245398084));
#6408 = CARTESIAN_POINT('',(20.700688792065,-0.60961537704,
    13.90693447499));
#6409 = CARTESIAN_POINT('',(20.568571824956,-0.557727462695,
    14.098462434987));
#6410 = CARTESIAN_POINT('',(20.252870275215,-0.455045576096,
    14.53195469165));
#6411 = CARTESIAN_POINT('',(20.065533379748,-0.409003713981,
    14.772296189635));
#6412 = CARTESIAN_POINT('',(19.869572604893,-0.375190439928,
    15.008050079427));
#6413 = CARTESIAN_POINT('',(19.665699413323,-0.353862979227,
    15.238614618755));
#6414 = CARTESIAN_POINT('',(19.454629752363,-0.345185997521,
    15.463371064098));
#6415 = CARTESIAN_POINT('',(19.23709856202,-0.349244148335,
    15.681696809233));
#6416 = CARTESIAN_POINT('',(19.013868854206,-0.366040459246,
    15.892970802502));
#6417 = CARTESIAN_POINT('',(18.687015236242,-0.40823447907,
    16.184707481372));
#6418 = CARTESIAN_POINT('',(18.587366936187,-0.423350048385,
    16.271396453847));
#6419 = CARTESIAN_POINT('',(18.486868579348,-0.440828452026,
    16.356600015984));
#6420 = CARTESIAN_POINT('',(18.385587726639,-0.460659503162,
    16.440268464561));
#6421 = CARTESIAN_POINT('',(18.283594982891,-0.482829362636,
    16.522351562985));
#6422 = CARTESIAN_POINT('',(18.180964404659,-0.507319969442,
    16.602798803591));
#6423 = CARTESIAN_POINT('',(18.077773908036,-0.534108471212,
    16.681559669937));
#6424 = CARTESIAN_POINT('',(17.86486751585,-0.59378608812,
    16.839746517472));
#6425 = CARTESIAN_POINT('',(17.755104590397,-0.626924037896,
    16.918976655508));
#6426 = CARTESIAN_POINT('',(17.644908831409,-0.662548094351,
    16.996219180611));
#6427 = CARTESIAN_POINT('',(17.534384839607,-0.700617652887,
    17.071413237661));
#6428 = CARTESIAN_POINT('',(17.423651575529,-0.741080895794,
    17.144493563702));
#6429 = CARTESIAN_POINT('',(17.312843088093,-0.783872082915,
    17.215392443504));
#6430 = CARTESIAN_POINT('',(17.202108281343,-0.828909151145,
    17.284042305986));
#6431 = CARTESIAN_POINT('',(16.991246655802,-0.918946274582,
    17.41063087664));
#6432 = CARTESIAN_POINT('',(16.891075270025,-0.963572232369,
    17.468976360452));
#6433 = CARTESIAN_POINT('',(16.791230992938,-1.00988842903,
    17.525359100591));
#6434 = CARTESIAN_POINT('',(16.691864171865,-1.057798116676,
    17.579722451281));
#6435 = CARTESIAN_POINT('',(16.593136931326,-1.107186775522,
    17.632014620673));
#6436 = CARTESIAN_POINT('',(16.495215963504,-1.157924310862,
    17.682193852734));
#6437 = CARTESIAN_POINT('',(16.3982612484,-1.20987153815,17.730233603726
    ));
#6438 = CARTESIAN_POINT('',(16.175374639129,-1.333160543345,
    17.836953732311));
#6439 = CARTESIAN_POINT('',(16.050238878732,-1.405335320867,
    17.894029477286));
#6440 = CARTESIAN_POINT('',(15.927396929242,-1.479058578016,
    17.947302605263));
#6441 = CARTESIAN_POINT('',(15.806992320316,-1.55407267448,
    17.996877271712));
#6442 = CARTESIAN_POINT('',(15.688870358231,-1.630292457826,
    18.04299237985));
#6443 = CARTESIAN_POINT('',(15.572562092812,-1.707889447271,
    18.085957330863));
#6444 = CARTESIAN_POINT('',(15.457459698511,-1.787214602544,
    18.126049286463));
#6445 = CARTESIAN_POINT('',(15.236607682531,-1.944392383411,
    18.198208731694));
#6446 = CARTESIAN_POINT('',(15.13073963313,-2.021970715193,
    18.230658612493));
#6447 = CARTESIAN_POINT('',(15.024820040252,-2.10182682368,
    18.260977208697));
#6448 = CARTESIAN_POINT('',(14.918411849443,-2.184342859286,
    18.289238852943));
#6449 = CARTESIAN_POINT('',(14.811238587131,-2.269844639927,
    18.315409593903));
#6450 = CARTESIAN_POINT('',(14.703244686591,-2.358521808933,
    18.339362716234));
#6451 = CARTESIAN_POINT('',(14.594600140152,-2.450378943183,
    18.360920762813));
#6452 = CARTESIAN_POINT('',(14.396900342538,-2.622507321212,
    18.395369627031));
#6453 = CARTESIAN_POINT('',(14.307934502136,-2.70177913204,
    18.409130090068));
#6454 = CARTESIAN_POINT('',(14.218885837188,-2.783003716891,
    18.421097496122));
#6455 = CARTESIAN_POINT('',(14.129925926253,-2.86608827766,
    18.43118627936));
#6456 = CARTESIAN_POINT('',(14.041228605397,-2.950924218609,
    18.439323465723));
#6457 = CARTESIAN_POINT('',(13.952958693159,-3.037396335362,
    18.445451227977));
#6458 = CARTESIAN_POINT('',(13.865265464576,-3.125390228582,
    18.449526350826));
#6459 = CARTESIAN_POINT('',(13.682622260205,-3.313121311419,
    18.45370532772));
#6460 = CARTESIAN_POINT('',(13.58781607108,-3.413159171826,
    18.453372823984));
#6461 = CARTESIAN_POINT('',(13.494020224768,-3.514786203056,
    18.450476448979));
#6462 = CARTESIAN_POINT('',(13.401374202879,-3.617880993711,
    18.444987926406));
#6463 = CARTESIAN_POINT('',(13.309999061503,-3.722329104508,
    18.436890377545));
#6464 = CARTESIAN_POINT('',(13.219998325188,-3.828025124994,
    18.426175389419));
#6465 = CARTESIAN_POINT('',(13.131459764155,-3.934873723921,
    18.412840123093));
#6466 = CARTESIAN_POINT('',(12.961918833457,-4.145170441174,
    18.381747198278));
#6467 = CARTESIAN_POINT('',(12.880767059399,-4.24850667146,
    18.364252217008));
#6468 = CARTESIAN_POINT('',(12.801069169016,-4.352721656587,
    18.344400519805));
#6469 = CARTESIAN_POINT('',(12.722885785554,-4.457740405994,
    18.322196737307));
#6470 = CARTESIAN_POINT('',(12.646272232895,-4.563489603836,
    18.297648545639));
#6471 = CARTESIAN_POINT('',(12.57127904939,-4.669897546678,
    18.270766082757));
#6472 = CARTESIAN_POINT('',(12.497952501703,-4.776894081202,
    18.241561364778));
#6473 = CARTESIAN_POINT('',(12.257938050059,-5.137218572966,
    18.135948286228));
#6474 = CARTESIAN_POINT('',(12.098995577928,-5.392893518747,
    18.049085527771));
#6475 = CARTESIAN_POINT('',(11.950064099124,-5.650532879993,
    17.949637107132));
#6476 = CARTESIAN_POINT('',(11.811608078593,-5.909237850807,
    17.837838472329));
#6477 = CARTESIAN_POINT('',(11.684008302084,-6.168102841952,
    17.713964642633));
#6478 = CARTESIAN_POINT('',(11.567563762422,-6.426209373822,
    17.578320657382));
#6479 = CARTESIAN_POINT('',(11.462477686165,-6.682611298566,
    17.431226799299));
#6480 = CARTESIAN_POINT('',(11.29922273634,-7.124805402962,
    17.155399853068));
#6481 = CARTESIAN_POINT('',(11.23593780556,-7.311809075209,
    17.031661800598));
#6482 = CARTESIAN_POINT('',(11.178989251841,-7.496901978623,
    16.901891885625));
#6483 = CARTESIAN_POINT('',(11.128361048781,-7.679651684889,
    16.766202959246));
#6484 = CARTESIAN_POINT('',(11.083988984124,-7.859597152584,
    16.624696735148));
#6485 = CARTESIAN_POINT('',(11.045741500154,-8.036232290153,
    16.477449069277));
#6486 = CARTESIAN_POINT('',(11.013387717203,-8.208976615657,
    16.324483186058));
#6487 = CARTESIAN_POINT('',(10.968810890004,-8.488307980976,
    16.060773288142));
#6488 = CARTESIAN_POINT('',(10.953482886805,-8.59746765176,
    15.953295532831));
#6489 = CARTESIAN_POINT('',(10.940458589623,-8.704418018536,
    15.843272154179));
#6490 = CARTESIAN_POINT('',(10.929602239215,-8.808929679456,
    15.730669022296));
#6491 = CARTESIAN_POINT('',(10.920747335214,-8.910736494306,
    15.615442377872));
#6492 = CARTESIAN_POINT('',(10.913686011642,-9.009527875237,
    15.49753279785));
#6493 = CARTESIAN_POINT('',(10.90817008691,-9.104950641846,
    15.376866506123));
#6494 = CARTESIAN_POINT('',(10.900457540877,-9.272159587624,
    15.151655475933));
#6495 = CARTESIAN_POINT('',(10.897847205349,-9.345148666984,
    15.04801668539));
#6496 = CARTESIAN_POINT('',(10.89596597391,-9.415384368977,
    14.942439813158));
#6497 = CARTESIAN_POINT('',(10.894665895113,-9.482640942327,
    14.83491523832));
#6498 = CARTESIAN_POINT('',(10.89380295389,-9.5466958808,14.725449785185
    ));
#6499 = CARTESIAN_POINT('',(10.893264836596,-9.607359050996,
    14.614083695726));
#6500 = CARTESIAN_POINT('',(10.892995801787,-9.664500052485,
    14.500906938332));
#6501 = CARTESIAN_POINT('',(10.892995801401,-9.71805267147,
    14.386062989751));
#6502 = PCURVE('',#6110,#6503);
#6503 = DEFINITIONAL_REPRESENTATION('',(#6504),#6619);
#6504 = B_SPLINE_CURVE_WITH_KNOTS('',8,(#6505,#6506,#6507,#6508,#6509,
    #6510,#6511,#6512,#6513,#6514,#6515,#6516,#6517,#6518,#6519,#6520,
    #6521,#6522,#6523,#6524,#6525,#6526,#6527,#6528,#6529,#6530,#6531,
    #6532,#6533,#6534,#6535,#6536,#6537,#6538,#6539,#6540,#6541,#6542,
    #6543,#6544,#6545,#6546,#6547,#6548,#6549,#6550,#6551,#6552,#6553,
    #6554,#6555,#6556,#6557,#6558,#6559,#6560,#6561,#6562,#6563,#6564,
    #6565,#6566,#6567,#6568,#6569,#6570,#6571,#6572,#6573,#6574,#6575,
    #6576,#6577,#6578,#6579,#6580,#6581,#6582,#6583,#6584,#6585,#6586,
    #6587,#6588,#6589,#6590,#6591,#6592,#6593,#6594,#6595,#6596,#6597,
    #6598,#6599,#6600,#6601,#6602,#6603,#6604,#6605,#6606,#6607,#6608,
    #6609,#6610,#6611,#6612,#6613,#6614,#6615,#6616,#6617,#6618),
  .UNSPECIFIED.,.F.,.F.,(9,7,7,7,7,7,7,7,7,7,7,7,7,7,7,7,9),(0.,
    4.423495067276E-02,9.961277006192E-02,0.185357188777,0.296156102306,
    0.344111257714,0.394642967281,0.440539647632,0.501369073963,
    0.557834491817,0.603811889591,0.654374111403,0.702342897798,
    0.815133947294,0.898945540793,0.95435676112,1.),.UNSPECIFIED.);
#6505 = CARTESIAN_POINT('',(7.607609287842E-08,1.));
#6506 = CARTESIAN_POINT('',(1.860828990847E-02,0.999999999543));
#6507 = CARTESIAN_POINT('',(3.721726520842E-02,0.999872198485));
#6508 = CARTESIAN_POINT('',(5.581234655451E-02,0.99961657348));
#6509 = CARTESIAN_POINT('',(7.438167057491E-02,0.999237089622));
#6510 = CARTESIAN_POINT('',(9.29161000376E-02,0.998741540181));
#6511 = CARTESIAN_POINT('',(0.111408876663,0.998140003106));
#6512 = CARTESIAN_POINT('',(0.129855225191,0.997443137925));
#6513 = CARTESIAN_POINT('',(0.17128327564,0.995683071044));
#6514 = CARTESIAN_POINT('',(0.194237277014,0.994571787572));
#6515 = CARTESIAN_POINT('',(0.217114176669,0.993348220056));
#6516 = CARTESIAN_POINT('',(0.239916525165,0.992032447123));
#6517 = CARTESIAN_POINT('',(0.262648012786,0.990641836593));
#6518 = CARTESIAN_POINT('',(0.285313213497,0.989190852563));
#6519 = CARTESIAN_POINT('',(0.307917840041,0.987691685085));
#6520 = CARTESIAN_POINT('',(0.365385898233,0.983774273091));
#6521 = CARTESIAN_POINT('',(0.400169536068,0.981303192574));
#6522 = CARTESIAN_POINT('',(0.434840728307,0.978779178082));
#6523 = CARTESIAN_POINT('',(0.469414304755,0.976229715303));
#6524 = CARTESIAN_POINT('',(0.503901433767,0.973675523244));
#6525 = CARTESIAN_POINT('',(0.538311265946,0.971133149044));
#6526 = CARTESIAN_POINT('',(0.572651795847,0.968616442615));
#6527 = CARTESIAN_POINT('',(0.651224151973,0.96293286122));
#6528 = CARTESIAN_POINT('',(0.695412788151,0.959791021826));
#6529 = CARTESIAN_POINT('',(0.739508198939,0.956736566091));
#6530 = CARTESIAN_POINT('',(0.783519052507,0.953788910076));
#6531 = CARTESIAN_POINT('',(0.827451251501,0.950964289883));
#6532 = CARTESIAN_POINT('',(0.871307875285,0.948276787859));
#6533 = CARTESIAN_POINT('',(0.915088062525,0.945738620221));
#6534 = CARTESIAN_POINT('',(0.977697218816,0.942331217534));
#6535 = CARTESIAN_POINT('',(0.996593827753,0.941331929713));
#6536 = CARTESIAN_POINT('',(1.015474106917,0.940363492566));
#6537 = CARTESIAN_POINT('',(1.034337169412,0.939426724843));
#6538 = CARTESIAN_POINT('',(1.053181640227,0.938522403265));
#6539 = CARTESIAN_POINT('',(1.072005587894,0.937651259375));
#6540 = CARTESIAN_POINT('',(1.090806456144,0.936813976393));
#6541 = CARTESIAN_POINT('',(1.129364261116,0.935165263088));
#6542 = CARTESIAN_POINT('',(1.149117259307,0.934357682402));
#6543 = CARTESIAN_POINT('',(1.168836966824,0.933589139468));
#6544 = CARTESIAN_POINT('',(1.188518102846,0.932860331666));
#6545 = CARTESIAN_POINT('',(1.208152903087,0.932171927102));
#6546 = CARTESIAN_POINT('',(1.227730983525,0.931524526115));
#6547 = CARTESIAN_POINT('',(1.247239293818,0.930918615508));
#6548 = CARTESIAN_POINT('',(1.284303461415,0.929842157614));
#6549 = CARTESIAN_POINT('',(1.301874842342,0.929364276522));
#6550 = CARTESIAN_POINT('',(1.31936214712,0.928921182315));
#6551 = CARTESIAN_POINT('',(1.336748507561,0.928513087113));
#6552 = CARTESIAN_POINT('',(1.354014722564,0.928140026767));
#6553 = CARTESIAN_POINT('',(1.371140340501,0.927801808139));
#6554 = CARTESIAN_POINT('',(1.388105444775,0.927497981963));
#6555 = CARTESIAN_POINT('',(1.427142813295,0.926869808715));
#6556 = CARTESIAN_POINT('',(1.449087738529,0.926570838309));
#6557 = CARTESIAN_POINT('',(1.470675960955,0.926329551207));
#6558 = CARTESIAN_POINT('',(1.491896859564,0.926143138686));
#6559 = CARTESIAN_POINT('',(1.512789067183,0.926008075781));
#6560 = CARTESIAN_POINT('',(1.533445542167,0.925921450982));
#6561 = CARTESIAN_POINT('',(1.553986018639,0.925881823565));
#6562 = CARTESIAN_POINT('',(1.593618509375,0.925896306999));
#6563 = CARTESIAN_POINT('',(1.612715868974,0.925943898967));
#6564 = CARTESIAN_POINT('',(1.631933350059,0.926032285082));
#6565 = CARTESIAN_POINT('',(1.651364027403,0.926162783388));
#6566 = CARTESIAN_POINT('',(1.671076187439,0.926337752034));
#6567 = CARTESIAN_POINT('',(1.691101664216,0.926559911275));
#6568 = CARTESIAN_POINT('',(1.711432690003,0.926831511263));
#6569 = CARTESIAN_POINT('',(1.748803895322,0.927416164339));
#6570 = CARTESIAN_POINT('',(1.765757739309,0.927712207635));
#6571 = CARTESIAN_POINT('',(1.782876691539,0.928042651996));
#6572 = CARTESIAN_POINT('',(1.800141063357,0.928407998064));
#6573 = CARTESIAN_POINT('',(1.817530215169,0.928808483851));
#6574 = CARTESIAN_POINT('',(1.835024445295,0.929244106484));
#6575 = CARTESIAN_POINT('',(1.852606181324,0.929714672841));
#6576 = CARTESIAN_POINT('',(1.889675236453,0.930775464006));
#6577 = CARTESIAN_POINT('',(1.909178676077,0.931372967054));
#6578 = CARTESIAN_POINT('',(1.92875452052,0.932012089613));
#6579 = CARTESIAN_POINT('',(1.948389164617,0.932692359195));
#6580 = CARTESIAN_POINT('',(1.968071752156,0.933413184935));
#6581 = CARTESIAN_POINT('',(1.987794150421,0.934173905645));
#6582 = CARTESIAN_POINT('',(2.007550817445,0.934973830433));
#6583 = CARTESIAN_POINT('',(2.046111354321,0.936607707992));
#6584 = CARTESIAN_POINT('',(2.064911159403,0.937437770812));
#6585 = CARTESIAN_POINT('',(2.083734574152,0.938301835373));
#6586 = CARTESIAN_POINT('',(2.102578916773,0.939199224658));
#6587 = CARTESIAN_POINT('',(2.121442156259,0.940129213157));
#6588 = CARTESIAN_POINT('',(2.140322841898,0.941091030436));
#6589 = CARTESIAN_POINT('',(2.159220032779,0.942083864704));
#6590 = CARTESIAN_POINT('',(2.222604626735,0.945512293806));
#6591 = CARTESIAN_POINT('',(2.267163179459,0.948084438523));
#6592 = CARTESIAN_POINT('',(2.311800969442,0.950812111127));
#6593 = CARTESIAN_POINT('',(2.356516887909,0.9536825215));
#6594 = CARTESIAN_POINT('',(2.401314095133,0.956680889466));
#6595 = CARTESIAN_POINT('',(2.446198777406,0.959790150735));
#6596 = CARTESIAN_POINT('',(2.491180086903,0.962989847319));
#6597 = CARTESIAN_POINT('',(2.569776949435,0.968678257636));
#6598 = CARTESIAN_POINT('',(2.603342629513,0.971138351565));
#6599 = CARTESIAN_POINT('',(2.636974624435,0.973622761268));
#6600 = CARTESIAN_POINT('',(2.670680377249,0.976118532089));
#6601 = CARTESIAN_POINT('',(2.704468424435,0.978610229638));
#6602 = CARTESIAN_POINT('',(2.738349161205,0.981078629332));
#6603 = CARTESIAN_POINT('',(2.772336289702,0.983498432641));
#6604 = CARTESIAN_POINT('',(2.829002203936,0.987379815505));
#6605 = CARTESIAN_POINT('',(2.851608353177,0.988888098916));
#6606 = CARTESIAN_POINT('',(2.874274299256,0.990349962904));
#6607 = CARTESIAN_POINT('',(2.897005743313,0.99175348202));
#6608 = CARTESIAN_POINT('',(2.919807339239,0.993084501749));
#6609 = CARTESIAN_POINT('',(2.942682966325,0.994325990738));
#6610 = CARTESIAN_POINT('',(2.965635522494,0.995458151762));
#6611 = CARTESIAN_POINT('',(3.007635968688,0.99728614694));
#6612 = CARTESIAN_POINT('',(3.02665927729,0.998023736185));
#6613 = CARTESIAN_POINT('',(3.045732673587,0.998661649785));
#6614 = CARTESIAN_POINT('',(3.064851276096,0.999188112666));
#6615 = CARTESIAN_POINT('',(3.084007963297,0.999591820613));
#6616 = CARTESIAN_POINT('',(3.103192912434,0.99986394713));
#6617 = CARTESIAN_POINT('',(3.12239318565,0.999999999805));
#6618 = CARTESIAN_POINT('',(3.141592622086,1.));
#6619 = ( GEOMETRIC_REPRESENTATION_CONTEXT(2) 
PARAMETRIC_REPRESENTATION_CONTEXT() REPRESENTATION_CONTEXT('2D SPACE',''
  ) );
#6620 = PCURVE('',#6621,#6626);
#6621 = SPHERICAL_SURFACE('',#6622,6.93);
#6622 = AXIS2_PLACEMENT_3D('',#6623,#6624,#6625);
#6623 = CARTESIAN_POINT('',(16.353910323172,-5.851259750241,
    12.582947608662));
#6624 = DIRECTION('',(0.,0.422618261741,0.906307787037));
#6625 = DIRECTION('',(0.615661475326,-0.714180282262,0.333027734922));
#6626 = DEFINITIONAL_REPRESENTATION('',(#6627),#6742);
#6627 = B_SPLINE_CURVE_WITH_KNOTS('',8,(#6628,#6629,#6630,#6631,#6632,
    #6633,#6634,#6635,#6636,#6637,#6638,#6639,#6640,#6641,#6642,#6643,
    #6644,#6645,#6646,#6647,#6648,#6649,#6650,#6651,#6652,#6653,#6654,
    #6655,#6656,#6657,#6658,#6659,#6660,#6661,#6662,#6663,#6664,#6665,
    #6666,#6667,#6668,#6669,#6670,#6671,#6672,#6673,#6674,#6675,#6676,
    #6677,#6678,#6679,#6680,#6681,#6682,#6683,#6684,#6685,#6686,#6687,
    #6688,#6689,#6690,#6691,#6692,#6693,#6694,#6695,#6696,#6697,#6698,
    #6699,#6700,#6701,#6702,#6703,#6704,#6705,#6706,#6707,#6708,#6709,
    #6710,#6711,#6712,#6713,#6714,#6715,#6716,#6717,#6718,#6719,#6720,
    #6721,#6722,#6723,#6724,#6725,#6726,#6727,#6728,#6729,#6730,#6731,
    #6732,#6733,#6734,#6735,#6736,#6737,#6738,#6739,#6740,#6741),
  .UNSPECIFIED.,.F.,.F.,(9,7,7,7,7,7,7,7,7,7,7,7,7,7,7,7,9),(0.,
    4.423495067276E-02,9.961277006192E-02,0.185357188777,0.296156102306,
    0.344111257714,0.394642967281,0.440539647632,0.501369073963,
    0.557834491817,0.603811889591,0.654374111403,0.702342897798,
    0.815133947294,0.898945540793,0.95435676112,1.),.UNSPECIFIED.);
#6628 = CARTESIAN_POINT('',(1.570796326795,7.245342230191E-08));
#6629 = CARTESIAN_POINT('',(1.570796328226,1.772218086523E-02));
#6630 = CARTESIAN_POINT('',(1.571196513485,3.54450153129E-02));
#6631 = CARTESIAN_POINT('',(1.571996955148,5.315635346082E-02));
#6632 = CARTESIAN_POINT('',(1.573186846109,7.084664546423E-02));
#6633 = CARTESIAN_POINT('',(1.574745007374,8.850872068106E-02));
#6634 = CARTESIAN_POINT('',(1.576644378613,0.106137330404));
#6635 = CARTESIAN_POINT('',(1.578856934533,0.123728743304));
#6636 = CARTESIAN_POINT('',(1.584483391449,0.163253826123));
#6637 = CARTESIAN_POINT('',(1.588059580339,0.185165386798));
#6638 = CARTESIAN_POINT('',(1.592031542335,0.207016336113));
#6639 = CARTESIAN_POINT('',(1.596349770463,0.228809345571));
#6640 = CARTESIAN_POINT('',(1.600974105434,0.250547568852));
#6641 = CARTESIAN_POINT('',(1.605874081509,0.272234581422));
#6642 = CARTESIAN_POINT('',(1.611027008537,0.293874761899));
#6643 = CARTESIAN_POINT('',(1.624763988106,0.348915901379));
#6644 = CARTESIAN_POINT('',(1.633678839704,0.382254186081));
#6645 = CARTESIAN_POINT('',(1.643103535562,0.415503333117));
#6646 = CARTESIAN_POINT('',(1.653016742526,0.448671155979));
#6647 = CARTESIAN_POINT('',(1.663423398296,0.481760886821));
#6648 = CARTESIAN_POINT('',(1.67434854512,0.514772730542));
#6649 = CARTESIAN_POINT('',(1.685835953197,0.547704360588));
#6650 = CARTESIAN_POINT('',(1.71360728359,0.622993942998));
#6651 = CARTESIAN_POINT('',(1.7303112692,0.66529321558));
#6652 = CARTESIAN_POINT('',(1.748204941971,0.707433900028));
#6653 = CARTESIAN_POINT('',(1.767487046794,0.749392951888));
#6654 = CARTESIAN_POINT('',(1.788429418841,0.791135937491));
#6655 = CARTESIAN_POINT('',(1.81139497127,0.832614588357));
#6656 = CARTESIAN_POINT('',(1.836891194845,0.873758146298));
#6657 = CARTESIAN_POINT('',(1.87815805136,0.932064975817));
#6658 = CARTESIAN_POINT('',(1.891242466086,0.949593445488));
#6659 = CARTESIAN_POINT('',(1.905009112586,0.967028204132));
#6660 = CARTESIAN_POINT('',(1.919529869505,0.9843583958));
#6661 = CARTESIAN_POINT('',(1.93488798887,1.001571023521));
#6662 = CARTESIAN_POINT('',(1.951180968781,1.018650342782));
#6663 = CARTESIAN_POINT('',(1.96852342611,1.035577254997));
#6664 = CARTESIAN_POINT('',(2.006571913952,1.069980175498));
#6665 = CARTESIAN_POINT('',(2.027407512149,1.087435859102));
#6666 = CARTESIAN_POINT('',(2.049716388365,1.104669279494));
#6667 = CARTESIAN_POINT('',(2.073680018211,1.121647556962));
#6668 = CARTESIAN_POINT('',(2.099510444678,1.13832996259));
#6669 = CARTESIAN_POINT('',(2.127453226954,1.154666375501));
#6670 = CARTESIAN_POINT('',(2.15778462172,1.170595639161));
#6671 = CARTESIAN_POINT('',(2.220792756307,1.200075007718));
#6672 = CARTESIAN_POINT('',(2.2529999193,1.213709827595));
#6673 = CARTESIAN_POINT('',(2.287643100265,1.226890782376));
#6674 = CARTESIAN_POINT('',(2.324949424395,1.239551881933));
#6675 = CARTESIAN_POINT('',(2.365144357548,1.251617462635));
#6676 = CARTESIAN_POINT('',(2.408424028024,1.26300371179));
#6677 = CARTESIAN_POINT('',(2.45491004025,1.273622893875));
#6678 = CARTESIAN_POINT('',(2.570426130451,1.296335537414));
#6679 = CARTESIAN_POINT('',(2.641891028208,1.307788614662));
#6680 = CARTESIAN_POINT('',(2.718917796159,1.317543949424));
#6681 = CARTESIAN_POINT('',(2.80110825552,1.325428365052));
#6682 = CARTESIAN_POINT('',(2.88759762718,1.331317714466));
#6683 = CARTESIAN_POINT('',(2.976968491104,1.33514910089));
#6684 = CARTESIAN_POINT('',(3.067630868636,1.33689649563));
#6685 = CARTESIAN_POINT('',(3.242011914422,1.336257649039));
#6686 = CARTESIAN_POINT('',(3.325792727246,1.334158778361));
#6687 = CARTESIAN_POINT('',(3.408192361977,1.330270665519));
#6688 = CARTESIAN_POINT('',(3.48795757575,1.324617716276));
#6689 = CARTESIAN_POINT('',(3.564025808073,1.317256586328));
#6690 = CARTESIAN_POINT('',(3.635681619566,1.308284471029));
#6691 = CARTESIAN_POINT('',(3.702590401151,1.297838721419));
#6692 = CARTESIAN_POINT('',(3.815198248723,1.276506744342));
#6693 = CARTESIAN_POINT('',(3.862541042279,1.266060515356));
#6694 = CARTESIAN_POINT('',(3.906648119236,1.25482641045));
#6695 = CARTESIAN_POINT('',(3.947626092461,1.24289293421));
#6696 = CARTESIAN_POINT('',(3.985663159992,1.230345406279));
#6697 = CARTESIAN_POINT('',(4.020982274501,1.217261398328));
#6698 = CARTESIAN_POINT('',(4.053811450575,1.203708956914));
#6699 = CARTESIAN_POINT('',(4.117978360304,1.174394055079));
#6700 = CARTESIAN_POINT('',(4.14884231246,1.158545175377));
#6701 = CARTESIAN_POINT('',(4.177264084308,1.142277056664));
#6702 = CARTESIAN_POINT('',(4.203524778399,1.125652803886));
#6703 = CARTESIAN_POINT('',(4.227875391188,1.108724206679));
#6704 = CARTESIAN_POINT('',(4.250533044125,1.091533353928));
#6705 = CARTESIAN_POINT('',(4.271683636476,1.074114199652));
#6706 = CARTESIAN_POINT('',(4.310282248897,1.039777731204));
#6707 = CARTESIAN_POINT('',(4.327863495487,1.022881394462));
#6708 = CARTESIAN_POINT('',(4.34437258835,1.005828846304));
#6709 = CARTESIAN_POINT('',(4.359926990297,0.988639770347));
#6710 = CARTESIAN_POINT('',(4.374626628175,0.971330383784));
#6711 = CARTESIAN_POINT('',(4.388556822789,0.953914063658));
#6712 = CARTESIAN_POINT('',(4.401791218829,0.936401973151));
#6713 = CARTESIAN_POINT('',(4.444029851409,0.877424090479));
#6714 = CARTESIAN_POINT('',(4.470175280766,0.835568974681));
#6715 = CARTESIAN_POINT('',(4.493666947921,0.793362274656));
#6716 = CARTESIAN_POINT('',(4.515046878635,0.750879660501));
#6717 = CARTESIAN_POINT('',(4.534700322505,0.708172421164));
#6718 = CARTESIAN_POINT('',(4.552914810724,0.665277014353));
#6719 = CARTESIAN_POINT('',(4.569899310171,0.622217627502));
#6720 = CARTESIAN_POINT('',(4.597618203969,0.546902148518));
#6721 = CARTESIAN_POINT('',(4.60883687967,0.514713525537));
#6722 = CARTESIAN_POINT('',(4.619518596574,0.482448255488));
#6723 = CARTESIAN_POINT('',(4.629704154418,0.450108533237));
#6724 = CARTESIAN_POINT('',(4.639417193559,0.41769420148));
#6725 = CARTESIAN_POINT('',(4.648662983909,0.385202312527));
#6726 = CARTESIAN_POINT('',(4.657423047925,0.3526257683));
#6727 = CARTESIAN_POINT('',(4.671081889733,0.29834845859));
#6728 = CARTESIAN_POINT('',(4.676282722748,0.2767048514));
#6729 = CARTESIAN_POINT('',(4.681233586334,0.255014989092));
#6730 = CARTESIAN_POINT('',(4.685912732557,0.233274543725));
#6731 = CARTESIAN_POINT('',(4.690290771857,0.211479909983));
#6732 = CARTESIAN_POINT('',(4.694328712608,0.18962781537));
#6733 = CARTESIAN_POINT('',(4.697978075723,0.16771533894));
#6734 = CARTESIAN_POINT('',(4.703829694926,0.127640260102));
#6735 = CARTESIAN_POINT('',(4.706173710358,0.109497222535));
#6736 = CARTESIAN_POINT('',(4.708189064749,9.131409133866E-02));
#6737 = CARTESIAN_POINT('',(4.709844884461,7.309466874154E-02));
#6738 = CARTESIAN_POINT('',(4.711110843277,5.484446940965E-02));
#6739 = CARTESIAN_POINT('',(4.711962956024,3.657118249177E-02));
#6740 = CARTESIAN_POINT('',(4.712388979773,1.828520744096E-02));
#6741 = CARTESIAN_POINT('',(4.712388980385,3.000380955271E-08));
#6742 = ( GEOMETRIC_REPRESENTATION_CONTEXT(2) 
PARAMETRIC_REPRESENTATION_CONTEXT() REPRESENTATION_CONTEXT('2D SPACE',''
  ) );
#6743 = ADVANCED_FACE('',(#6744),#6621,.T.);
#6744 = FACE_BOUND('',#6745,.T.);
#6745 = EDGE_LOOP('',(#6746,#6772,#6773,#6800,#6801));
#6746 = ORIENTED_EDGE('',*,*,#6747,.T.);
#6747 = EDGE_CURVE('',#6748,#6750,#6752,.T.);
#6748 = VERTEX_POINT('',#6749);
#6749 = CARTESIAN_POINT('',(20.620444347179,-10.80052910632,
    14.890829811673));
#6750 = VERTEX_POINT('',#6751);
#6751 = CARTESIAN_POINT('',(16.353910323172,-2.922515196378,
    18.863660572826));
#6752 = SEAM_CURVE('',#6753,(#6758,#6765),.PCURVE_S1.);
#6753 = CIRCLE('',#6754,6.93);
#6754 = AXIS2_PLACEMENT_3D('',#6755,#6756,#6757);
#6755 = CARTESIAN_POINT('',(16.353910323172,-5.851259750241,
    12.582947608662));
#6756 = DIRECTION('',(-0.788010753607,-0.557978789266,0.260189782523));
#6757 = DIRECTION('',(0.615661475326,-0.714180282262,0.333027734922));
#6758 = PCURVE('',#6621,#6759);
#6759 = DEFINITIONAL_REPRESENTATION('',(#6760),#6764);
#6760 = LINE('',#6761,#6762);
#6761 = CARTESIAN_POINT('',(6.28318530718,-6.28318530718));
#6762 = VECTOR('',#6763,1.);
#6763 = DIRECTION('',(0.,1.));
#6764 = ( GEOMETRIC_REPRESENTATION_CONTEXT(2) 
PARAMETRIC_REPRESENTATION_CONTEXT() REPRESENTATION_CONTEXT('2D SPACE',''
  ) );
#6765 = PCURVE('',#6621,#6766);
#6766 = DEFINITIONAL_REPRESENTATION('',(#6767),#6771);
#6767 = LINE('',#6768,#6769);
#6768 = CARTESIAN_POINT('',(0.,-6.28318530718));
#6769 = VECTOR('',#6770,1.);
#6770 = DIRECTION('',(0.,1.));
#6771 = ( GEOMETRIC_REPRESENTATION_CONTEXT(2) 
PARAMETRIC_REPRESENTATION_CONTEXT() REPRESENTATION_CONTEXT('2D SPACE',''
  ) );
#6772 = ORIENTED_EDGE('',*,*,#6747,.F.);
#6773 = ORIENTED_EDGE('',*,*,#6774,.T.);
#6774 = EDGE_CURVE('',#6748,#6333,#6775,.T.);
#6775 = SURFACE_CURVE('',#6776,(#6781,#6788),.PCURVE_S1.);
#6776 = CIRCLE('',#6777,6.93);
#6777 = AXIS2_PLACEMENT_3D('',#6778,#6779,#6780);
#6778 = CARTESIAN_POINT('',(16.353910323172,-5.851259750241,
    12.582947608662));
#6779 = DIRECTION('',(2.775557561563E-17,0.422618261741,0.906307787037)
  );
#6780 = DIRECTION('',(0.615661475326,-0.714180282262,0.333027734922));
#6781 = PCURVE('',#6621,#6782);
#6782 = DEFINITIONAL_REPRESENTATION('',(#6783),#6787);
#6783 = LINE('',#6784,#6785);
#6784 = CARTESIAN_POINT('',(0.,0.));
#6785 = VECTOR('',#6786,1.);
#6786 = DIRECTION('',(1.,0.));
#6787 = ( GEOMETRIC_REPRESENTATION_CONTEXT(2) 
PARAMETRIC_REPRESENTATION_CONTEXT() REPRESENTATION_CONTEXT('2D SPACE',''
  ) );
#6788 = PCURVE('',#6789,#6794);
#6789 = PLANE('',#6790);
#6790 = AXIS2_PLACEMENT_3D('',#6791,#6792,#6793);
#6791 = CARTESIAN_POINT('',(16.353910323172,-5.851259750241,
    12.582947608662));
#6792 = DIRECTION('',(0.,0.422618261741,0.906307787037));
#6793 = DIRECTION('',(0.615661475326,-0.714180282262,0.333027734922));
#6794 = DEFINITIONAL_REPRESENTATION('',(#6795),#6799);
#6795 = CIRCLE('',#6796,6.93);
#6796 = AXIS2_PLACEMENT_2D('',#6797,#6798);
#6797 = CARTESIAN_POINT('',(0.,0.));
#6798 = DIRECTION('',(1.,1.387778780781E-17));
#6799 = ( GEOMETRIC_REPRESENTATION_CONTEXT(2) 
PARAMETRIC_REPRESENTATION_CONTEXT() REPRESENTATION_CONTEXT('2D SPACE',''
  ) );
#6800 = ORIENTED_EDGE('',*,*,#6385,.T.);
#6801 = ORIENTED_EDGE('',*,*,#6802,.T.);
#6802 = EDGE_CURVE('',#6357,#6748,#6803,.T.);
#6803 = SURFACE_CURVE('',#6804,(#6809,#6816),.PCURVE_S1.);
#6804 = CIRCLE('',#6805,6.93);
#6805 = AXIS2_PLACEMENT_3D('',#6806,#6807,#6808);
#6806 = CARTESIAN_POINT('',(16.353910323172,-5.851259750241,
    12.582947608662));
#6807 = DIRECTION('',(2.775557561563E-17,0.422618261741,0.906307787037)
  );
#6808 = DIRECTION('',(0.615661475326,-0.714180282262,0.333027734922));
#6809 = PCURVE('',#6621,#6810);
#6810 = DEFINITIONAL_REPRESENTATION('',(#6811),#6815);
#6811 = LINE('',#6812,#6813);
#6812 = CARTESIAN_POINT('',(0.,0.));
#6813 = VECTOR('',#6814,1.);
#6814 = DIRECTION('',(1.,0.));
#6815 = ( GEOMETRIC_REPRESENTATION_CONTEXT(2) 
PARAMETRIC_REPRESENTATION_CONTEXT() REPRESENTATION_CONTEXT('2D SPACE',''
  ) );
#6816 = PCURVE('',#6789,#6817);
#6817 = DEFINITIONAL_REPRESENTATION('',(#6818),#6822);
#6818 = CIRCLE('',#6819,6.93);
#6819 = AXIS2_PLACEMENT_2D('',#6820,#6821);
#6820 = CARTESIAN_POINT('',(0.,0.));
#6821 = DIRECTION('',(1.,1.387778780781E-17));
#6822 = ( GEOMETRIC_REPRESENTATION_CONTEXT(2) 
PARAMETRIC_REPRESENTATION_CONTEXT() REPRESENTATION_CONTEXT('2D SPACE',''
  ) );
#6823 = ADVANCED_FACE('',(#6824),#6373,.T.);
#6824 = FACE_BOUND('',#6825,.T.);
#6825 = EDGE_LOOP('',(#6826,#6827));
#6826 = ORIENTED_EDGE('',*,*,#6356,.T.);
#6827 = ORIENTED_EDGE('',*,*,#6828,.T.);
#6828 = EDGE_CURVE('',#6333,#6357,#6829,.T.);
#6829 = SURFACE_CURVE('',#6830,(#6834,#6841),.PCURVE_S1.);
#6830 = LINE('',#6831,#6832);
#6831 = CARTESIAN_POINT('',(16.353910323172,-5.851259750241,
    12.582947608662));
#6832 = VECTOR('',#6833,1.);
#6833 = DIRECTION('',(-0.788010753607,-0.557978789266,0.260189782523));
#6834 = PCURVE('',#6373,#6835);
#6835 = DEFINITIONAL_REPRESENTATION('',(#6836),#6840);
#6836 = LINE('',#6837,#6838);
#6837 = CARTESIAN_POINT('',(0.,0.));
#6838 = VECTOR('',#6839,1.);
#6839 = DIRECTION('',(-1.,2.775557561563E-17));
#6840 = ( GEOMETRIC_REPRESENTATION_CONTEXT(2) 
PARAMETRIC_REPRESENTATION_CONTEXT() REPRESENTATION_CONTEXT('2D SPACE',''
  ) );
#6841 = PCURVE('',#6789,#6842);
#6842 = DEFINITIONAL_REPRESENTATION('',(#6843),#6847);
#6843 = LINE('',#6844,#6845);
#6844 = CARTESIAN_POINT('',(0.,0.));
#6845 = VECTOR('',#6846,1.);
#6846 = DIRECTION('',(-1.387778780781E-17,-1.));
#6847 = ( GEOMETRIC_REPRESENTATION_CONTEXT(2) 
PARAMETRIC_REPRESENTATION_CONTEXT() REPRESENTATION_CONTEXT('2D SPACE',''
  ) );
#6848 = ADVANCED_FACE('',(#6849),#6789,.F.);
#6849 = FACE_BOUND('',#6850,.F.);
#6850 = EDGE_LOOP('',(#6851,#6852,#6853));
#6851 = ORIENTED_EDGE('',*,*,#6802,.T.);
#6852 = ORIENTED_EDGE('',*,*,#6774,.T.);
#6853 = ORIENTED_EDGE('',*,*,#6828,.T.);
#6854 = ( GEOMETRIC_REPRESENTATION_CONTEXT(3) 
GLOBAL_UNCERTAINTY_ASSIGNED_CONTEXT((#6858)) 
GLOBAL_UNIT_ASSIGNED_CONTEXT((#6855,#6856,#6857)) REPRESENTATION_CONTEXT
('Context #1','3D Context with UNIT and UNCERTAINTY') );
#6855 = ( LENGTH_UNIT() NAMED_UNIT(*) SI_UNIT(.MILLI.,.METRE.) );
#6856 = ( NAMED_UNIT(*) PLANE_ANGLE_UNIT() SI_UNIT($,.RADIAN.) );
#6857 = ( NAMED_UNIT(*) SI_UNIT($,.STERADIAN.) SOLID_ANGLE_UNIT() );
#6858 = UNCERTAINTY_MEASURE_WITH_UNIT(LENGTH_MEASURE(2.E-06),#6855,
  'distance_accuracy_value','confusion accuracy');
#6859 = CONTEXT_DEPENDENT_SHAPE_REPRESENTATION(#6860,#6862);
#6860 = ( REPRESENTATION_RELATIONSHIP('','',#4301,#10) 
REPRESENTATION_RELATIONSHIP_WITH_TRANSFORMATION(#6861) 
SHAPE_REPRESENTATION_RELATIONSHIP() );
#6861 = ITEM_DEFINED_TRANSFORMATION('','',#11,#23);
#6862 = PRODUCT_DEFINITION_SHAPE('Placement','Placement of an item',
  #6863);
#6863 = NEXT_ASSEMBLY_USAGE_OCCURRENCE('41','','',#5,#4296,$);
#6864 = PRODUCT_RELATED_PRODUCT_CATEGORY('part',$,(#4298));
ENDSEC;
END-ISO-10303-21;
