ISO-10303-21;
HEADER;
FILE_DESCRIPTION(('Open CASCADE Model'),'2;1');
FILE_NAME('Open CASCADE Shape Model','2026-06-21T17:53:08',('Author'),(
    'Open CASCADE'),'Open CASCADE STEP processor 7.8','Open CASCADE 7.8'
  ,'Unknown');
FILE_SCHEMA(('AUTOMOTIVE_DESIGN { 1 0 10303 214 1 1 1 1 }'));
ENDSEC;
DATA;
#1 = APPLICATION_PROTOCOL_DEFINITION('international standard',
  'automotive_design',2000,#2);
#2 = APPLICATION_CONTEXT(
  'core data for automotive mechanical design processes');
#3 = SHAPE_DEFINITION_REPRESENTATION(#4,#10);
#4 = PRODUCT_DEFINITION_SHAPE('','',#5);
#5 = PRODUCT_DEFINITION('design','',#6,#9);
#6 = PRODUCT_DEFINITION_FORMATION('','',#7);
#7 = PRODUCT('Open CASCADE STEP translator 7.8 5',
  'Open CASCADE STEP translator 7.8 5','',(#8));
#8 = PRODUCT_CONTEXT('',#2,'mechanical');
#9 = PRODUCT_DEFINITION_CONTEXT('part definition',#2,'design');
#10 = SHAPE_REPRESENTATION('',(#11,#15,#19,#23,#27),#31);
#11 = AXIS2_PLACEMENT_3D('',#12,#13,#14);
#12 = CARTESIAN_POINT('',(0.,0.,0.));
#13 = DIRECTION('',(0.,0.,1.));
#14 = DIRECTION('',(1.,0.,-0.));
#15 = AXIS2_PLACEMENT_3D('',#16,#17,#18);
#16 = CARTESIAN_POINT('',(0.,0.,0.));
#17 = DIRECTION('',(0.,0.,1.));
#18 = DIRECTION('',(1.,0.,-0.));
#19 = AXIS2_PLACEMENT_3D('',#20,#21,#22);
#20 = CARTESIAN_POINT('',(0.,0.,0.));
#21 = DIRECTION('',(0.,0.,1.));
#22 = DIRECTION('',(1.,0.,-0.));
#23 = AXIS2_PLACEMENT_3D('',#24,#25,#26);
#24 = CARTESIAN_POINT('',(0.,0.,0.));
#25 = DIRECTION('',(0.,0.,1.));
#26 = DIRECTION('',(1.,0.,-0.));
#27 = AXIS2_PLACEMENT_3D('',#28,#29,#30);
#28 = CARTESIAN_POINT('',(0.,0.,0.));
#29 = DIRECTION('',(0.,0.,1.));
#30 = DIRECTION('',(1.,0.,-0.));
#31 = ( GEOMETRIC_REPRESENTATION_CONTEXT(3) 
GLOBAL_UNCERTAINTY_ASSIGNED_CONTEXT((#35)) GLOBAL_UNIT_ASSIGNED_CONTEXT(
(#32,#33,#34)) REPRESENTATION_CONTEXT('Context #1',
  '3D Context with UNIT and UNCERTAINTY') );
#32 = ( LENGTH_UNIT() NAMED_UNIT(*) SI_UNIT(.MILLI.,.METRE.) );
#33 = ( NAMED_UNIT(*) PLANE_ANGLE_UNIT() SI_UNIT($,.RADIAN.) );
#34 = ( NAMED_UNIT(*) SI_UNIT($,.STERADIAN.) SOLID_ANGLE_UNIT() );
#35 = UNCERTAINTY_MEASURE_WITH_UNIT(LENGTH_MEASURE(2.E-06),#32,
  'distance_accuracy_value','confusion accuracy');
#36 = PRODUCT_RELATED_PRODUCT_CATEGORY('part',$,(#7));
#37 = SHAPE_DEFINITION_REPRESENTATION(#38,#44);
#38 = PRODUCT_DEFINITION_SHAPE('','',#39);
#39 = PRODUCT_DEFINITION('design','',#40,#43);
#40 = PRODUCT_DEFINITION_FORMATION('','',#41);
#41 = PRODUCT('Open CASCADE STEP translator 7.8 5.1',
  'Open CASCADE STEP translator 7.8 5.1','',(#42));
#42 = PRODUCT_CONTEXT('',#2,'mechanical');
#43 = PRODUCT_DEFINITION_CONTEXT('part definition',#2,'design');
#44 = ADVANCED_BREP_SHAPE_REPRESENTATION('',(#11,#45),#2508);
#45 = MANIFOLD_SOLID_BREP('',#46);
#46 = CLOSED_SHELL('',(#47,#1838,#1933,#1961,#2035,#2061,#2155,#2161,
    #2167,#2331,#2357,#2407,#2435,#2484,#2490,#2496,#2502));
#47 = ADVANCED_FACE('',(#48),#66,.T.);
#48 = FACE_BOUND('',#49,.T.);
#49 = EDGE_LOOP('',(#50,#123,#152,#219,#241,#302,#331,#371,#564,#604,
    #633,#725,#754,#789,#977,#1012,#1041,#1095,#1096,#1158,#1187,#1222,
    #1415,#1455,#1484,#1588,#1617,#1652));
#50 = ORIENTED_EDGE('',*,*,#51,.F.);
#51 = EDGE_CURVE('',#52,#54,#56,.T.);
#52 = VERTEX_POINT('',#53);
#53 = CARTESIAN_POINT('',(1.,-1.7763568394E-15,-3.79604693058));
#54 = VERTEX_POINT('',#55);
#55 = CARTESIAN_POINT('',(9.947386651696,0.,-3.192847021869));
#56 = SURFACE_CURVE('',#57,(#65,#107),.PCURVE_S1.);
#57 = B_SPLINE_CURVE_WITH_KNOTS('',6,(#58,#59,#60,#61,#62,#63,#64),
  .UNSPECIFIED.,.F.,.F.,(7,7),(0.,1.),.PIECEWISE_BEZIER_KNOTS.);
#58 = CARTESIAN_POINT('',(1.,0.,-3.796046916389));
#59 = CARTESIAN_POINT('',(2.583890661978,0.,-3.697008104658));
#60 = CARTESIAN_POINT('',(4.167603803451,0.,-3.595200247021));
#61 = CARTESIAN_POINT('',(5.751115626235,0.,-3.490297216204));
#62 = CARTESIAN_POINT('',(7.334389863302,0.,-3.381882574512));
#63 = CARTESIAN_POINT('',(8.917376607347,0.,-3.269431382608));
#64 = CARTESIAN_POINT('',(10.5,0.,-3.15213405287));
#65 = PCURVE('',#66,#97);
#66 = B_SPLINE_SURFACE_WITH_KNOTS('',14,1,(
    (#67,#68)
    ,(#69,#70)
    ,(#71,#72)
    ,(#73,#74)
    ,(#75,#76)
    ,(#77,#78)
    ,(#79,#80)
    ,(#81,#82)
    ,(#83,#84)
    ,(#85,#86)
    ,(#87,#88)
    ,(#89,#90)
    ,(#91,#92)
    ,(#93,#94)
    ,(#95,#96
    )),.UNSPECIFIED.,.T.,.F.,.F.,(15,15),(2,2),(0.,6.28318530718),(0.,1.
    ),.PIECEWISE_BEZIER_KNOTS.);
#67 = CARTESIAN_POINT('',(1.,1.,-5.752967793236E-15));
#68 = CARTESIAN_POINT('',(42.4,-0.33,-2.412335644269E-15));
#69 = CARTESIAN_POINT('',(1.,1.000000000003,3.814791079362));
#70 = CARTESIAN_POINT('',(42.400000000001,-0.329999999999,3.357016149838
    ));
#71 = CARTESIAN_POINT('',(1.,-1.060686431407,7.62958356684));
#72 = CARTESIAN_POINT('',(42.399999999997,-2.102190331003,6.714033538822
    ));
#73 = CARTESIAN_POINT('',(1.,-5.182061928547,10.478964445883));
#74 = CARTESIAN_POINT('',(42.399999999997,-5.64657325857,9.22148871237)
  );
#75 = CARTESIAN_POINT('',(1.,-10.74780084006,11.397629564498));
#76 = CARTESIAN_POINT('',(42.400000000031,-10.43310872241,
    10.029914016773));
#77 = CARTESIAN_POINT('',(1.,-16.52536877375,9.766303318625));
#78 = CARTESIAN_POINT('',(42.399999999907,-15.4018171455,8.594346920365)
  );
#79 = CARTESIAN_POINT('',(1.,-20.93589616585,5.660024584697));
#80 = CARTESIAN_POINT('',(42.400000000173,-19.19487070252,4.980821634564
    ));
#81 = CARTESIAN_POINT('',(1.,-22.59637171936,1.651780934253E-10));
#82 = CARTESIAN_POINT('',(42.39999999977,-20.62287967876,
    1.144400130215E-10));
#83 = CARTESIAN_POINT('',(1.,-20.93589616584,-5.660024584999));
#84 = CARTESIAN_POINT('',(42.400000000233,-19.19487070252,
    -4.980821634774));
#85 = CARTESIAN_POINT('',(1.,-16.52536877376,-9.766303318396));
#86 = CARTESIAN_POINT('',(42.399999999815,-15.40181714551,
    -8.594346920204));
#87 = CARTESIAN_POINT('',(1.,-10.74780084005,-11.39762956464));
#88 = CARTESIAN_POINT('',(42.400000000116,-10.4331087224,-10.02991401687
    ));
#89 = CARTESIAN_POINT('',(1.,-5.182061928551,-10.47896444581));
#90 = CARTESIAN_POINT('',(42.399999999943,-5.646573258574,-9.22148871232
    ));
#91 = CARTESIAN_POINT('',(1.,-1.060686431405,-7.629583566866));
#92 = CARTESIAN_POINT('',(42.40000000002,-2.102190331002,-6.71403353884)
  );
#93 = CARTESIAN_POINT('',(1.,1.000000000003,-3.814791079357));
#94 = CARTESIAN_POINT('',(42.399999999996,-0.329999999999,
    -3.357016149834));
#95 = CARTESIAN_POINT('',(1.,1.,3.704561386344E-15));
#96 = CARTESIAN_POINT('',(42.4,-0.33,1.362816524896E-15));
#97 = DEFINITIONAL_REPRESENTATION('',(#98),#106);
#98 = B_SPLINE_CURVE_WITH_KNOTS('',6,(#99,#100,#101,#102,#103,#104,#105)
  ,.UNSPECIFIED.,.F.,.F.,(7,7),(0.,1.),.PIECEWISE_BEZIER_KNOTS.);
#99 = CARTESIAN_POINT('',(5.820230579637,0.));
#100 = CARTESIAN_POINT('',(5.830961465262,3.825822855019E-02));
#101 = CARTESIAN_POINT('',(5.842105968992,7.651216916547E-02));
#102 = CARTESIAN_POINT('',(5.853709207984,0.114761247011));
#103 = CARTESIAN_POINT('',(5.865828427182,0.15300458607));
#104 = CARTESIAN_POINT('',(5.878535456343,0.191240980854));
#105 = CARTESIAN_POINT('',(5.891939945493,0.229468599034));
#106 = ( GEOMETRIC_REPRESENTATION_CONTEXT(2) 
PARAMETRIC_REPRESENTATION_CONTEXT() REPRESENTATION_CONTEXT('2D SPACE',''
  ) );
#107 = PCURVE('',#108,#113);
#108 = PLANE('',#109);
#109 = AXIS2_PLACEMENT_3D('',#110,#111,#112);
#110 = CARTESIAN_POINT('',(1.,0.,0.));
#111 = DIRECTION('',(0.,1.,0.));
#112 = DIRECTION('',(0.,-0.,1.));
#113 = DEFINITIONAL_REPRESENTATION('',(#114),#122);
#114 = B_SPLINE_CURVE_WITH_KNOTS('',6,(#115,#116,#117,#118,#119,#120,
    #121),.UNSPECIFIED.,.F.,.F.,(7,7),(0.,1.),.PIECEWISE_BEZIER_KNOTS.);
#115 = CARTESIAN_POINT('',(-3.796046916389,0.));
#116 = CARTESIAN_POINT('',(-3.697008104658,1.583890661978));
#117 = CARTESIAN_POINT('',(-3.595200247021,3.167603803451));
#118 = CARTESIAN_POINT('',(-3.490297216204,4.751115626235));
#119 = CARTESIAN_POINT('',(-3.381882574512,6.334389863302));
#120 = CARTESIAN_POINT('',(-3.269431382608,7.917376607347));
#121 = CARTESIAN_POINT('',(-3.15213405287,9.5));
#122 = ( GEOMETRIC_REPRESENTATION_CONTEXT(2) 
PARAMETRIC_REPRESENTATION_CONTEXT() REPRESENTATION_CONTEXT('2D SPACE',''
  ) );
#123 = ORIENTED_EDGE('',*,*,#124,.T.);
#124 = EDGE_CURVE('',#52,#125,#127,.T.);
#125 = VERTEX_POINT('',#126);
#126 = CARTESIAN_POINT('',(1.,0.830177626009,-1.6));
#127 = SURFACE_CURVE('',#128,(#133,#140),.PCURVE_S1.);
#128 = ELLIPSE('',#129,9.5,8.5);
#129 = AXIS2_PLACEMENT_3D('',#130,#131,#132);
#130 = CARTESIAN_POINT('',(1.,-8.5,0.));
#131 = DIRECTION('',(1.,0.,0.));
#132 = DIRECTION('',(0.,1.,0.));
#133 = PCURVE('',#66,#134);
#134 = DEFINITIONAL_REPRESENTATION('',(#135),#139);
#135 = LINE('',#136,#137);
#136 = CARTESIAN_POINT('',(0.,0.));
#137 = VECTOR('',#138,1.);
#138 = DIRECTION('',(1.,0.));
#139 = ( GEOMETRIC_REPRESENTATION_CONTEXT(2) 
PARAMETRIC_REPRESENTATION_CONTEXT() REPRESENTATION_CONTEXT('2D SPACE',''
  ) );
#140 = PCURVE('',#141,#146);
#141 = PLANE('',#142);
#142 = AXIS2_PLACEMENT_3D('',#143,#144,#145);
#143 = CARTESIAN_POINT('',(1.,-8.5,0.));
#144 = DIRECTION('',(1.,0.,0.));
#145 = DIRECTION('',(0.,1.,0.));
#146 = DEFINITIONAL_REPRESENTATION('',(#147),#151);
#147 = ELLIPSE('',#148,9.5,8.5);
#148 = AXIS2_PLACEMENT_2D('',#149,#150);
#149 = CARTESIAN_POINT('',(0.,0.));
#150 = DIRECTION('',(1.,0.));
#151 = ( GEOMETRIC_REPRESENTATION_CONTEXT(2) 
PARAMETRIC_REPRESENTATION_CONTEXT() REPRESENTATION_CONTEXT('2D SPACE',''
  ) );
#152 = ORIENTED_EDGE('',*,*,#153,.T.);
#153 = EDGE_CURVE('',#125,#154,#156,.T.);
#154 = VERTEX_POINT('',#155);
#155 = CARTESIAN_POINT('',(2.6,0.948599033816,-5.623861236754E-15));
#156 = SURFACE_CURVE('',#157,(#174,#194),.PCURVE_S1.);
#157 = B_SPLINE_CURVE_WITH_KNOTS('',8,(#158,#159,#160,#161,#162,#163,
    #164,#165,#166,#167,#168,#169,#170,#171,#172,#173),.UNSPECIFIED.,.F.
  ,.F.,(9,7,9),(0.,0.37421063013,1.),.UNSPECIFIED.);
#158 = CARTESIAN_POINT('',(1.,0.830177633292,-1.6));
#159 = CARTESIAN_POINT('',(1.118003618654,0.826337233573,-1.6));
#160 = CARTESIAN_POINT('',(1.236141775351,0.824622885185,-1.590053446083
    ));
#161 = CARTESIAN_POINT('',(1.353299287939,0.825082560909,-1.570121821641
    ));
#162 = CARTESIAN_POINT('',(1.468420252671,0.827645141868,-1.540343020597
    ));
#163 = CARTESIAN_POINT('',(1.580508364142,0.832131969101,-1.500992250272
    ));
#164 = CARTESIAN_POINT('',(1.68862865752,0.838274986224,-1.452458084837)
  );
#165 = CARTESIAN_POINT('',(1.791910673061,0.84574147318,-1.395233669354)
  );
#166 = CARTESIAN_POINT('',(2.052839577801,0.868252586466,-1.220704701727
    ));
#167 = CARTESIAN_POINT('',(2.200582927138,0.885036496208,-1.088719762618
    ));
#168 = CARTESIAN_POINT('',(2.329089808274,0.902826616178,-0.93659422117)
  );
#169 = CARTESIAN_POINT('',(2.435415129043,0.91967570017,-0.767530622834)
  );
#170 = CARTESIAN_POINT('',(2.51712261255,0.933757691803,-0.585102948995)
  );
#171 = CARTESIAN_POINT('',(2.572387219428,0.943654456058,-0.39331356754)
  );
#172 = CARTESIAN_POINT('',(2.6,0.948599033817,-0.196615488507));
#173 = CARTESIAN_POINT('',(2.6,0.948599033816,4.662936703426E-15));
#174 = PCURVE('',#66,#175);
#175 = DEFINITIONAL_REPRESENTATION('',(#176),#193);
#176 = B_SPLINE_CURVE_WITH_KNOTS('',8,(#177,#178,#179,#180,#181,#182,
    #183,#184,#185,#186,#187,#188,#189,#190,#191,#192),.UNSPECIFIED.,.F.
  ,.F.,(9,7,9),(0.,0.37421063013,1.),.UNSPECIFIED.);
#177 = CARTESIAN_POINT('',(6.093820299848,0.));
#178 = CARTESIAN_POINT('',(6.093754744069,2.850328952999E-03));
#179 = CARTESIAN_POINT('',(6.094880533355,5.703907617175E-03));
#180 = CARTESIAN_POINT('',(6.097204635823,8.533799225577E-03));
#181 = CARTESIAN_POINT('',(6.10071123372,1.131449885678E-02));
#182 = CARTESIAN_POINT('',(6.105366401329,1.402194116285E-02));
#183 = CARTESIAN_POINT('',(6.111121285097,1.663354245216E-02));
#184 = CARTESIAN_POINT('',(6.117913785982,1.912827712707E-02));
#185 = CARTESIAN_POINT('',(6.138637296852,2.543090767635E-02));
#186 = CARTESIAN_POINT('',(6.154315565171,2.899958761203E-02));
#187 = CARTESIAN_POINT('',(6.172375495989,3.210361855734E-02));
#188 = CARTESIAN_POINT('',(6.192420224758,3.467186302037E-02));
#189 = CARTESIAN_POINT('',(6.214017291955,3.664547373308E-02));
#190 = CARTESIAN_POINT('',(6.236697527892,3.798036761903E-02));
#191 = CARTESIAN_POINT('',(6.259946298123,3.864734299517E-02));
#192 = CARTESIAN_POINT('',(6.28318530718,3.864734299517E-02));
#193 = ( GEOMETRIC_REPRESENTATION_CONTEXT(2) 
PARAMETRIC_REPRESENTATION_CONTEXT() REPRESENTATION_CONTEXT('2D SPACE',''
  ) );
#194 = PCURVE('',#195,#200);
#195 = CYLINDRICAL_SURFACE('',#196,1.6);
#196 = AXIS2_PLACEMENT_3D('',#197,#198,#199);
#197 = CARTESIAN_POINT('',(1.,-25.5,0.));
#198 = DIRECTION('',(0.,1.,0.));
#199 = DIRECTION('',(0.,-0.,1.));
#200 = DEFINITIONAL_REPRESENTATION('',(#201),#218);
#201 = B_SPLINE_CURVE_WITH_KNOTS('',8,(#202,#203,#204,#205,#206,#207,
    #208,#209,#210,#211,#212,#213,#214,#215,#216,#217),.UNSPECIFIED.,.F.
  ,.F.,(9,7,9),(0.,0.37421063013,1.),.UNSPECIFIED.);
#202 = CARTESIAN_POINT('',(3.14159265359,26.330177633292));
#203 = CARTESIAN_POINT('',(3.067840391931,26.326337233573));
#204 = CARTESIAN_POINT('',(2.994004352089,26.324622885185));
#205 = CARTESIAN_POINT('',(2.920168758534,26.325082560909));
#206 = CARTESIAN_POINT('',(2.84637904296,26.327645141868));
#207 = CARTESIAN_POINT('',(2.772658446426,26.332131969101));
#208 = CARTESIAN_POINT('',(2.699021150315,26.338274986224));
#209 = CARTESIAN_POINT('',(2.625481936097,26.34574147318));
#210 = CARTESIAN_POINT('',(2.429283441791,26.368252586466));
#211 = CARTESIAN_POINT('',(2.306668535873,26.385036496208));
#212 = CARTESIAN_POINT('',(2.184226153329,26.402826616178));
#213 = CARTESIAN_POINT('',(2.061819434384,26.41967570017));
#214 = CARTESIAN_POINT('',(1.939314726495,26.433757691803));
#215 = CARTESIAN_POINT('',(1.816617029742,26.443654456058));
#216 = CARTESIAN_POINT('',(1.693681007111,26.448599033817));
#217 = CARTESIAN_POINT('',(1.570796326795,26.448599033816));
#218 = ( GEOMETRIC_REPRESENTATION_CONTEXT(2) 
PARAMETRIC_REPRESENTATION_CONTEXT() REPRESENTATION_CONTEXT('2D SPACE',''
  ) );
#219 = ORIENTED_EDGE('',*,*,#220,.T.);
#220 = EDGE_CURVE('',#154,#221,#223,.T.);
#221 = VERTEX_POINT('',#222);
#222 = CARTESIAN_POINT('',(40.8,-0.278599033816,-2.541442200751E-15));
#223 = SEAM_CURVE('',#224,(#227,#234),.PCURVE_S1.);
#224 = B_SPLINE_CURVE_WITH_KNOTS('',1,(#225,#226),.UNSPECIFIED.,.F.,.F.,
  (2,2),(0.,1.),.PIECEWISE_BEZIER_KNOTS.);
#225 = CARTESIAN_POINT('',(1.,1.,-5.752967793236E-15));
#226 = CARTESIAN_POINT('',(42.4,-0.33,-2.412335644269E-15));
#227 = PCURVE('',#66,#228);
#228 = DEFINITIONAL_REPRESENTATION('',(#229),#233);
#229 = LINE('',#230,#231);
#230 = CARTESIAN_POINT('',(0.,0.));
#231 = VECTOR('',#232,1.);
#232 = DIRECTION('',(0.,1.));
#233 = ( GEOMETRIC_REPRESENTATION_CONTEXT(2) 
PARAMETRIC_REPRESENTATION_CONTEXT() REPRESENTATION_CONTEXT('2D SPACE',''
  ) );
#234 = PCURVE('',#66,#235);
#235 = DEFINITIONAL_REPRESENTATION('',(#236),#240);
#236 = LINE('',#237,#238);
#237 = CARTESIAN_POINT('',(6.28318530718,0.));
#238 = VECTOR('',#239,1.);
#239 = DIRECTION('',(0.,1.));
#240 = ( GEOMETRIC_REPRESENTATION_CONTEXT(2) 
PARAMETRIC_REPRESENTATION_CONTEXT() REPRESENTATION_CONTEXT('2D SPACE',''
  ) );
#241 = ORIENTED_EDGE('',*,*,#242,.T.);
#242 = EDGE_CURVE('',#221,#243,#245,.T.);
#243 = VERTEX_POINT('',#244);
#244 = CARTESIAN_POINT('',(42.4,-0.519096751053,-1.6));
#245 = SURFACE_CURVE('',#246,(#261,#279),.PCURVE_S1.);
#246 = B_SPLINE_CURVE_WITH_KNOTS('',7,(#247,#248,#249,#250,#251,#252,
    #253,#254,#255,#256,#257,#258,#259,#260),.UNSPECIFIED.,.F.,.F.,(8,6,
    8),(0.,0.512961070427,1.),.UNSPECIFIED.);
#247 = CARTESIAN_POINT('',(40.8,-0.278599033816,-1.221245327088E-14));
#248 = CARTESIAN_POINT('',(40.8,-0.278599033816,-0.185054505098));
#249 = CARTESIAN_POINT('',(40.824971035729,-0.285210420131,
    -0.370167965981));
#250 = CARTESIAN_POINT('',(40.874937033908,-0.298441530108,
    -0.550638664438));
#251 = CARTESIAN_POINT('',(40.948594283144,-0.317398599415,
    -0.72241744622));
#252 = CARTESIAN_POINT('',(41.04409885339,-0.340534091772,-0.88203741216
    ));
#253 = CARTESIAN_POINT('',(41.159133862679,-0.365960605037,
    -1.026503229938));
#254 = CARTESIAN_POINT('',(41.416162279219,-0.416284997264,
    -1.273665934525));
#255 = CARTESIAN_POINT('',(41.556723878956,-0.441188889178,
    -1.378320494114));
#256 = CARTESIAN_POINT('',(41.710479610699,-0.464868867866,
    -1.465034893489));
#257 = CARTESIAN_POINT('',(41.87488134874,-0.485671937942,
    -1.531872448779));
#258 = CARTESIAN_POINT('',(42.046991501026,-0.502133162149,
    -1.577251255656));
#259 = CARTESIAN_POINT('',(42.223371245297,-0.513331139952,-1.6));
#260 = CARTESIAN_POINT('',(42.4,-0.519096744559,-1.6));
#261 = PCURVE('',#66,#262);
#262 = DEFINITIONAL_REPRESENTATION('',(#263),#278);
#263 = B_SPLINE_CURVE_WITH_KNOTS('',7,(#264,#265,#266,#267,#268,#269,
    #270,#271,#272,#273,#274,#275,#276,#277),.UNSPECIFIED.,.F.,.F.,(8,6,
    8),(0.,0.512961070427,1.),.UNSPECIFIED.);
#264 = CARTESIAN_POINT('',(6.28318530718,0.961352657005));
#265 = CARTESIAN_POINT('',(6.258575098152,0.961352657005));
#266 = CARTESIAN_POINT('',(6.23395704118,0.961955822119));
#267 = CARTESIAN_POINT('',(6.209923671747,0.963162730288));
#268 = CARTESIAN_POINT('',(6.186980346319,0.964941890897));
#269 = CARTESIAN_POINT('',(6.165573579305,0.967248764575));
#270 = CARTESIAN_POINT('',(6.146111131663,0.970027387987));
#271 = CARTESIAN_POINT('',(6.112661615701,0.976235803846));
#272 = CARTESIAN_POINT('',(6.098418343539,0.979631011569));
#273 = CARTESIAN_POINT('',(6.086537919032,0.983344918133));
#274 = CARTESIAN_POINT('',(6.077309883504,0.987315974607));
#275 = CARTESIAN_POINT('',(6.070983607508,0.991473224662));
#276 = CARTESIAN_POINT('',(6.06774324287,0.995733604959));
#277 = CARTESIAN_POINT('',(6.067615849145,1.));
#278 = ( GEOMETRIC_REPRESENTATION_CONTEXT(2) 
PARAMETRIC_REPRESENTATION_CONTEXT() REPRESENTATION_CONTEXT('2D SPACE',''
  ) );
#279 = PCURVE('',#280,#285);
#280 = CYLINDRICAL_SURFACE('',#281,1.6);
#281 = AXIS2_PLACEMENT_3D('',#282,#283,#284);
#282 = CARTESIAN_POINT('',(42.4,-23.46,0.));
#283 = DIRECTION('',(0.,1.,0.));
#284 = DIRECTION('',(0.,-0.,1.));
#285 = DEFINITIONAL_REPRESENTATION('',(#286),#301);
#286 = B_SPLINE_CURVE_WITH_KNOTS('',7,(#287,#288,#289,#290,#291,#292,
    #293,#294,#295,#296,#297,#298,#299,#300),.UNSPECIFIED.,.F.,.F.,(8,6,
    8),(0.,0.512961070427,1.),.UNSPECIFIED.);
#287 = CARTESIAN_POINT('',(4.712388980385,23.181400966184));
#288 = CARTESIAN_POINT('',(4.596729914699,23.181400966184));
#289 = CARTESIAN_POINT('',(4.481034348842,23.174789579869));
#290 = CARTESIAN_POINT('',(4.365711033862,23.161558469892));
#291 = CARTESIAN_POINT('',(4.250767903076,23.142601400585));
#292 = CARTESIAN_POINT('',(4.136155688313,23.119465908228));
#293 = CARTESIAN_POINT('',(4.021747364328,23.094039394963));
#294 = CARTESIAN_POINT('',(3.798881610307,23.043715002736));
#295 = CARTESIAN_POINT('',(3.6902202725,23.018811110822));
#296 = CARTESIAN_POINT('',(3.581300271747,22.995131132134));
#297 = CARTESIAN_POINT('',(3.471990564696,22.974328062058));
#298 = CARTESIAN_POINT('',(3.362222676775,22.957866837851));
#299 = CARTESIAN_POINT('',(3.251985625279,22.946668860048));
#300 = CARTESIAN_POINT('',(3.14159265359,22.940903255441));
#301 = ( GEOMETRIC_REPRESENTATION_CONTEXT(2) 
PARAMETRIC_REPRESENTATION_CONTEXT() REPRESENTATION_CONTEXT('2D SPACE',''
  ) );
#302 = ORIENTED_EDGE('',*,*,#303,.F.);
#303 = EDGE_CURVE('',#304,#243,#306,.T.);
#304 = VERTEX_POINT('',#305);
#305 = CARTESIAN_POINT('',(42.4,-1.02,-3.008577876734));
#306 = SURFACE_CURVE('',#307,(#312,#319),.PCURVE_S1.);
#307 = ELLIPSE('',#308,8.17,7.48);
#308 = AXIS2_PLACEMENT_3D('',#309,#310,#311);
#309 = CARTESIAN_POINT('',(42.4,-8.5,0.));
#310 = DIRECTION('',(1.,0.,0.));
#311 = DIRECTION('',(0.,1.,0.));
#312 = PCURVE('',#66,#313);
#313 = DEFINITIONAL_REPRESENTATION('',(#314),#318);
#314 = LINE('',#315,#316);
#315 = CARTESIAN_POINT('',(0.,1.));
#316 = VECTOR('',#317,1.);
#317 = DIRECTION('',(1.,0.));
#318 = ( GEOMETRIC_REPRESENTATION_CONTEXT(2) 
PARAMETRIC_REPRESENTATION_CONTEXT() REPRESENTATION_CONTEXT('2D SPACE',''
  ) );
#319 = PCURVE('',#320,#325);
#320 = PLANE('',#321);
#321 = AXIS2_PLACEMENT_3D('',#322,#323,#324);
#322 = CARTESIAN_POINT('',(42.4,-8.5,0.));
#323 = DIRECTION('',(1.,0.,0.));
#324 = DIRECTION('',(0.,1.,0.));
#325 = DEFINITIONAL_REPRESENTATION('',(#326),#330);
#326 = ELLIPSE('',#327,8.17,7.48);
#327 = AXIS2_PLACEMENT_2D('',#328,#329);
#328 = CARTESIAN_POINT('',(0.,0.));
#329 = DIRECTION('',(1.,0.));
#330 = ( GEOMETRIC_REPRESENTATION_CONTEXT(2) 
PARAMETRIC_REPRESENTATION_CONTEXT() REPRESENTATION_CONTEXT('2D SPACE',''
  ) );
#331 = ORIENTED_EDGE('',*,*,#332,.F.);
#332 = EDGE_CURVE('',#333,#304,#335,.T.);
#333 = VERTEX_POINT('',#334);
#334 = CARTESIAN_POINT('',(35.016620978045,-1.02,-3.497801340579));
#335 = SURFACE_CURVE('',#336,(#344,#355),.PCURVE_S1.);
#336 = B_SPLINE_CURVE_WITH_KNOTS('',6,(#337,#338,#339,#340,#341,#342,
    #343),.UNSPECIFIED.,.F.,.F.,(7,7),(0.,1.),.PIECEWISE_BEZIER_KNOTS.);
#337 = CARTESIAN_POINT('',(34.23,-1.02,-3.546280411925));
#338 = CARTESIAN_POINT('',(35.592073515559,-1.02,-3.462853387709));
#339 = CARTESIAN_POINT('',(36.954014432155,-1.02,-3.377315989981));
#340 = CARTESIAN_POINT('',(38.315806046688,-1.02,-3.289442784088));
#341 = CARTESIAN_POINT('',(39.677424487007,-1.02,-3.198953741515));
#342 = CARTESIAN_POINT('',(41.038837773885,-1.02,-3.105499986208));
#343 = CARTESIAN_POINT('',(42.4,-1.02,-3.008577869708));
#344 = PCURVE('',#66,#345);
#345 = DEFINITIONAL_REPRESENTATION('',(#346),#354);
#346 = B_SPLINE_CURVE_WITH_KNOTS('',6,(#347,#348,#349,#350,#351,#352,
    #353),.UNSPECIFIED.,.F.,.F.,(7,7),(0.,1.),.PIECEWISE_BEZIER_KNOTS.);
#347 = CARTESIAN_POINT('',(5.803299709639,0.802657004831));
#348 = CARTESIAN_POINT('',(5.813269943389,0.835557331294));
#349 = CARTESIAN_POINT('',(5.823592431307,0.868454454883));
#350 = CARTESIAN_POINT('',(5.834302513027,0.901347972142));
#351 = CARTESIAN_POINT('',(5.845442355098,0.934237306449));
#352 = CARTESIAN_POINT('',(5.857065873283,0.96712168536));
#353 = CARTESIAN_POINT('',(5.86924900704,1.));
#354 = ( GEOMETRIC_REPRESENTATION_CONTEXT(2) 
PARAMETRIC_REPRESENTATION_CONTEXT() REPRESENTATION_CONTEXT('2D SPACE',''
  ) );
#355 = PCURVE('',#356,#361);
#356 = PLANE('',#357);
#357 = AXIS2_PLACEMENT_3D('',#358,#359,#360);
#358 = CARTESIAN_POINT('',(42.4,-1.02,0.));
#359 = DIRECTION('',(0.,1.,0.));
#360 = DIRECTION('',(0.,-0.,1.));
#361 = DEFINITIONAL_REPRESENTATION('',(#362),#370);
#362 = B_SPLINE_CURVE_WITH_KNOTS('',6,(#363,#364,#365,#366,#367,#368,
    #369),.UNSPECIFIED.,.F.,.F.,(7,7),(0.,1.),.PIECEWISE_BEZIER_KNOTS.);
#363 = CARTESIAN_POINT('',(-3.546280411925,-8.17));
#364 = CARTESIAN_POINT('',(-3.462853387709,-6.807926484441));
#365 = CARTESIAN_POINT('',(-3.377315989981,-5.445985567845));
#366 = CARTESIAN_POINT('',(-3.289442784088,-4.084193953312));
#367 = CARTESIAN_POINT('',(-3.198953741515,-2.722575512993));
#368 = CARTESIAN_POINT('',(-3.105499986208,-1.361162226115));
#369 = CARTESIAN_POINT('',(-3.008577869708,-7.105427357601E-15));
#370 = ( GEOMETRIC_REPRESENTATION_CONTEXT(2) 
PARAMETRIC_REPRESENTATION_CONTEXT() REPRESENTATION_CONTEXT('2D SPACE',''
  ) );
#371 = ORIENTED_EDGE('',*,*,#372,.T.);
#372 = EDGE_CURVE('',#333,#373,#375,.T.);
#373 = VERTEX_POINT('',#374);
#374 = CARTESIAN_POINT('',(35.016620981296,-15.98,-3.497801347442));
#375 = SURFACE_CURVE('',#376,(#435,#497),.PCURVE_S1.);
#376 = B_SPLINE_CURVE_WITH_KNOTS('',8,(#377,#378,#379,#380,#381,#382,
    #383,#384,#385,#386,#387,#388,#389,#390,#391,#392,#393,#394,#395,
    #396,#397,#398,#399,#400,#401,#402,#403,#404,#405,#406,#407,#408,
    #409,#410,#411,#412,#413,#414,#415,#416,#417,#418,#419,#420,#421,
    #422,#423,#424,#425,#426,#427,#428,#429,#430,#431,#432,#433,#434),
  .UNSPECIFIED.,.F.,.F.,(9,7,7,7,7,7,7,7,9),(0.,6.988286374995E-02,
    0.255033754844,0.407296716072,0.501863393652,0.592707669654,
    0.74495071089,0.930103748738,1.),.UNSPECIFIED.);
#377 = CARTESIAN_POINT('',(35.016620487596,-1.0199994,-3.497800305308));
#378 = CARTESIAN_POINT('',(35.091520183644,-1.111629269278,
    -3.655903350942));
#379 = CARTESIAN_POINT('',(35.168873339461,-1.206491987553,
    -3.809185243412));
#380 = CARTESIAN_POINT('',(35.248417276914,-1.304304641565,
    -3.957752422792));
#381 = CARTESIAN_POINT('',(35.329911643653,-1.40481212253,
    -4.101717964396));
#382 = CARTESIAN_POINT('',(35.413138171221,-1.507787448277,
    -4.241201072105));
#383 = CARTESIAN_POINT('',(35.497900433172,-1.613032085387,
    -4.376326571688));
#384 = CARTESIAN_POINT('',(35.584023603182,-1.720376271329,
    -4.507224404127));
#385 = CARTESIAN_POINT('',(35.902731970024,-2.119271932654,
    -4.969991394738));
#386 = CARTESIAN_POINT('',(36.142365688099,-2.422340585455,
    -5.276902309706));
#387 = CARTESIAN_POINT('',(36.38756150866,-2.736463206383,
    -5.557622022337));
#388 = CARTESIAN_POINT('',(36.63603484699,-3.059878296632,
    -5.814058308424));
#389 = CARTESIAN_POINT('',(36.885676405064,-3.391266803373,
    -6.047857249117));
#390 = CARTESIAN_POINT('',(37.134460971705,-3.729791324117,
    -6.260389201841));
#391 = CARTESIAN_POINT('',(37.380303400547,-4.075093830974,
    -6.452857119759));
#392 = CARTESIAN_POINT('',(37.81830393519,-4.717272813352,
    -6.768777791846));
#393 = CARTESIAN_POINT('',(38.011979702662,-5.011472753036,
    -6.898228449996));
#394 = CARTESIAN_POINT('',(38.200307785159,-5.31028032428,
    -7.015182065433));
#395 = CARTESIAN_POINT('',(38.381483623148,-5.613852639295,
    -7.119955657644));
#396 = CARTESIAN_POINT('',(38.553121855919,-5.92232349948,
    -7.212680929313));
#397 = CARTESIAN_POINT('',(38.712174723322,-6.235819902277,
    -7.293360535764));
#398 = CARTESIAN_POINT('',(38.854625344175,-6.554549773549,
    -7.361868415705));
#399 = CARTESIAN_POINT('',(39.051479344584,-7.079955457984,
    -7.452731676015));
#400 = CARTESIAN_POINT('',(39.118779231416,-7.283290648127,
    -7.482732537842));
#401 = CARTESIAN_POINT('',(39.176841623193,-7.488529817013,
    -7.507827868301));
#402 = CARTESIAN_POINT('',(39.224518929288,-7.695466673259,
    -7.527913953743));
#403 = CARTESIAN_POINT('',(39.260702669039,-7.903816730342,
    -7.542889203031));
#404 = CARTESIAN_POINT('',(39.284518969438,-8.113198716957,
    -7.552666327203));
#405 = CARTESIAN_POINT('',(39.295523819525,-8.323114058277,
    -7.557190697259));
#406 = CARTESIAN_POINT('',(39.292087971613,-8.734495211435,
    -7.555778327653));
#407 = CARTESIAN_POINT('',(39.278631372879,-8.936021126119,
    -7.550246170196));
#408 = CARTESIAN_POINT('',(39.253436508649,-9.136967341646,
    -7.539876336397));
#409 = CARTESIAN_POINT('',(39.21695691103,-9.336902542819,
    -7.524722105748));
#410 = CARTESIAN_POINT('',(39.169992721642,-9.535497320639,
    -7.504863104241));
#411 = CARTESIAN_POINT('',(39.113529505681,-9.732507379281,
    -7.480389891731));
#412 = CARTESIAN_POINT('',(39.048581718452,-9.92775850054,
    -7.451393309224));
#413 = CARTESIAN_POINT('',(38.854722876845,-10.44522314012,
    -7.361914923967));
#414 = CARTESIAN_POINT('',(38.712296472052,-10.76392735527,
    -7.293421028673));
#415 = CARTESIAN_POINT('',(38.553268501074,-11.0773989796,
    -7.212757504177));
#416 = CARTESIAN_POINT('',(38.381655193255,-11.38584580432,
    -7.120050474327));
#417 = CARTESIAN_POINT('',(38.20050397771,-11.68939479501,
    -7.015297379099));
#418 = CARTESIAN_POINT('',(38.012199976809,-11.98817976029,
    -6.898366651506));
#419 = CARTESIAN_POINT('',(37.818547596505,-12.28235785658,
    -6.768941461004));
#420 = CARTESIAN_POINT('',(37.380562822246,-12.92454048031,
    -6.453058906911));
#421 = CARTESIAN_POINT('',(37.134710706645,-13.26986697487,
    -6.260599477551));
#422 = CARTESIAN_POINT('',(36.885914417839,-13.60841507998,
    -6.048074802679));
#423 = CARTESIAN_POINT('',(36.636259598168,-13.93982691202,
    -5.814281941439));
#424 = CARTESIAN_POINT('',(36.387771791193,-14.26326517802,
    -5.557850514036));
#425 = CARTESIAN_POINT('',(36.142560516636,-14.57741091245,
    -5.277134357677));
#426 = CARTESIAN_POINT('',(35.902910510343,-14.8805026962,
    -4.970225558608));
#427 = CARTESIAN_POINT('',(35.584162994699,-15.27945000123,
    -4.507436256718));
#428 = CARTESIAN_POINT('',(35.498018024426,-15.38682191846,
    -4.376514026756));
#429 = CARTESIAN_POINT('',(35.413234387204,-15.49209351471,
    -4.241362320985));
#430 = CARTESIAN_POINT('',(35.32998701349,-15.59509493282,
    -4.101851107863));
#431 = CARTESIAN_POINT('',(35.248472451942,-15.69562751995,
    -3.957855473504));
#432 = CARTESIAN_POINT('',(35.168909111846,-15.79346414991,
    -3.809256128498));
#433 = CARTESIAN_POINT('',(35.091537505541,-15.88834954534,
    -3.655939914723));
#434 = CARTESIAN_POINT('',(35.016620490847,-15.9800006,-3.49780031217));
#435 = PCURVE('',#66,#436);
#436 = DEFINITIONAL_REPRESENTATION('',(#437),#496);
#437 = B_SPLINE_CURVE_WITH_KNOTS('',8,(#438,#439,#440,#441,#442,#443,
    #444,#445,#446,#447,#448,#449,#450,#451,#452,#453,#454,#455,#456,
    #457,#458,#459,#460,#461,#462,#463,#464,#465,#466,#467,#468,#469,
    #470,#471,#472,#473,#474,#475,#476,#477,#478,#479,#480,#481,#482,
    #483,#484,#485,#486,#487,#488,#489,#490,#491,#492,#493,#494,#495),
  .UNSPECIFIED.,.F.,.F.,(9,7,7,7,7,7,7,7,9),(0.,6.988286374995E-02,
    0.255033754844,0.407296716072,0.501863393652,0.592707669654,
    0.74495071089,0.930103748738,1.),.UNSPECIFIED.);
#438 = CARTESIAN_POINT('',(5.809107557549,0.8216574997));
#439 = CARTESIAN_POINT('',(5.785791200216,0.823466671103));
#440 = CARTESIAN_POINT('',(5.762846393641,0.825335104818));
#441 = CARTESIAN_POINT('',(5.740256346034,0.827256455964));
#442 = CARTESIAN_POINT('',(5.718004696527,0.829224918929));
#443 = CARTESIAN_POINT('',(5.696075156626,0.831235221527));
#444 = CARTESIAN_POINT('',(5.674451151668,0.833282619159));
#445 = CARTESIAN_POINT('',(5.653115462271,0.835362888966));
#446 = CARTESIAN_POINT('',(5.576237700234,0.843061158696));
#447 = CARTESIAN_POINT('',(5.522374509181,0.848849412756));
#448 = CARTESIAN_POINT('',(5.470071154738,0.854772017117));
#449 = CARTESIAN_POINT('',(5.419070163136,0.860773788575));
#450 = CARTESIAN_POINT('',(5.36914448252,0.8668037779));
#451 = CARTESIAN_POINT('',(5.320085191824,0.872813066949));
#452 = CARTESIAN_POINT('',(5.271673033753,0.878751289868));
#453 = CARTESIAN_POINT('',(5.184157205053,0.889331012927));
#454 = CARTESIAN_POINT('',(5.144979801483,0.894009171562));
#455 = CARTESIAN_POINT('',(5.105965778174,0.898558159062));
#456 = CARTESIAN_POINT('',(5.066994138976,0.902934387033));
#457 = CARTESIAN_POINT('',(5.027958763939,0.907080238066));
#458 = CARTESIAN_POINT('',(4.988761488055,0.910922094766));
#459 = CARTESIAN_POINT('',(4.949298962464,0.914362931019));
#460 = CARTESIAN_POINT('',(4.884743979277,0.919117858565));
#461 = CARTESIAN_POINT('',(4.859876976158,0.920743459696));
#462 = CARTESIAN_POINT('',(4.834873785119,0.922145932927));
#463 = CARTESIAN_POINT('',(4.809740950613,0.923297558678));
#464 = CARTESIAN_POINT('',(4.784494050149,0.924171562054));
#465 = CARTESIAN_POINT('',(4.759159787946,0.924746835011));
#466 = CARTESIAN_POINT('',(4.733778556955,0.925012652646));
#467 = CARTESIAN_POINT('',(4.684033158029,0.92492966115));
#468 = CARTESIAN_POINT('',(4.65966190525,0.924604622533));
#469 = CARTESIAN_POINT('',(4.635340984003,0.923996050934));
#470 = CARTESIAN_POINT('',(4.611104979611,0.923114901233));
#471 = CARTESIAN_POINT('',(4.586976588777,0.921980500523));
#472 = CARTESIAN_POINT('',(4.562968704529,0.920616654727));
#473 = CARTESIAN_POINT('',(4.539086093968,0.919047867595));
#474 = CARTESIAN_POINT('',(4.475507062515,0.91436528688));
#475 = CARTESIAN_POINT('',(4.436047942705,0.910925035557));
#476 = CARTESIAN_POINT('',(4.396854076241,0.907083780219));
#477 = CARTESIAN_POINT('',(4.357822153755,0.902938531238));
#478 = CARTESIAN_POINT('',(4.318854040502,0.898562898012));
#479 = CARTESIAN_POINT('',(4.279843646481,0.894014492193));
#480 = CARTESIAN_POINT('',(4.240670007512,0.889336898466));
#481 = CARTESIAN_POINT('',(4.153156074699,0.878757556093));
#482 = CARTESIAN_POINT('',(4.104742003628,0.872819099194));
#483 = CARTESIAN_POINT('',(4.05568089606,0.866809527001));
#484 = CARTESIAN_POINT('',(4.005753470724,0.860779217347));
#485 = CARTESIAN_POINT('',(3.954750785909,0.854777096406));
#486 = CARTESIAN_POINT('',(3.902445767817,0.848854118759));
#487 = CARTESIAN_POINT('',(3.848580917747,0.843065471264));
#488 = CARTESIAN_POINT('',(3.771697028037,0.835366255911));
#489 = CARTESIAN_POINT('',(3.750356805862,0.833285459527));
#490 = CARTESIAN_POINT('',(3.728728154164,0.831237545585));
#491 = CARTESIAN_POINT('',(3.706793841734,0.829226739456));
#492 = CARTESIAN_POINT('',(3.68453728256,0.827257788694));
#493 = CARTESIAN_POINT('',(3.661942176846,0.825335968885));
#494 = CARTESIAN_POINT('',(3.638992152034,0.823467089506));
#495 = CARTESIAN_POINT('',(3.615670403816,0.821657499779));
#496 = ( GEOMETRIC_REPRESENTATION_CONTEXT(2) 
PARAMETRIC_REPRESENTATION_CONTEXT() REPRESENTATION_CONTEXT('2D SPACE',''
  ) );
#497 = PCURVE('',#498,#503);
#498 = CYLINDRICAL_SURFACE('',#499,8.17);
#499 = AXIS2_PLACEMENT_3D('',#500,#501,#502);
#500 = CARTESIAN_POINT('',(42.4,-15.98,0.));
#501 = DIRECTION('',(0.,1.,0.));
#502 = DIRECTION('',(0.,-0.,1.));
#503 = DEFINITIONAL_REPRESENTATION('',(#504),#563);
#504 = B_SPLINE_CURVE_WITH_KNOTS('',8,(#505,#506,#507,#508,#509,#510,
    #511,#512,#513,#514,#515,#516,#517,#518,#519,#520,#521,#522,#523,
    #524,#525,#526,#527,#528,#529,#530,#531,#532,#533,#534,#535,#536,
    #537,#538,#539,#540,#541,#542,#543,#544,#545,#546,#547,#548,#549,
    #550,#551,#552,#553,#554,#555,#556,#557,#558,#559,#560,#561,#562),
  .UNSPECIFIED.,.F.,.F.,(9,7,7,7,7,7,7,7,9),(0.,6.988286374995E-02,
    0.255033754844,0.407296716072,0.501863393652,0.592707669654,
    0.74495071089,0.930103748738,1.),.UNSPECIFIED.);
#505 = CARTESIAN_POINT('',(10.553154710669,14.9600006));
#506 = CARTESIAN_POINT('',(10.531741339547,14.868370730722));
#507 = CARTESIAN_POINT('',(10.510732681453,14.773508012447));
#508 = CARTESIAN_POINT('',(10.490115792645,14.675695358435));
#509 = CARTESIAN_POINT('',(10.469878150016,14.57518787747));
#510 = CARTESIAN_POINT('',(10.450007421755,14.472212551723));
#511 = CARTESIAN_POINT('',(10.430491238015,14.366967914613));
#512 = CARTESIAN_POINT('',(10.411316961576,14.259623728671));
#513 = CARTESIAN_POINT('',(10.34254131113,13.860728067346));
#514 = CARTESIAN_POINT('',(10.294966514813,13.557659414545));
#515 = CARTESIAN_POINT('',(10.249456202016,13.243536793617));
#516 = CARTESIAN_POINT('',(10.205861663037,12.920121703368));
#517 = CARTESIAN_POINT('',(10.16408841522,12.588733196627));
#518 = CARTESIAN_POINT('',(10.124101070418,12.250208675883));
#519 = CARTESIAN_POINT('',(10.085915012485,11.904906169026));
#520 = CARTESIAN_POINT('',(10.019813836408,11.262727186648));
#521 = CARTESIAN_POINT('',(9.991318576328,10.968527246964));
#522 = CARTESIAN_POINT('',(9.964208571366,10.66971967572));
#523 = CARTESIAN_POINT('',(9.938614924421,10.366147360705));
#524 = CARTESIAN_POINT('',(9.914753800968,10.05767650052));
#525 = CARTESIAN_POINT('',(9.892932771549,9.744180097723));
#526 = CARTESIAN_POINT('',(9.873587820721,9.425450226451));
#527 = CARTESIAN_POINT('',(9.847050191661,8.900044542016));
#528 = CARTESIAN_POINT('',(9.838032118058,8.696709351873));
#529 = CARTESIAN_POINT('',(9.830290669331,8.491470182987));
#530 = CARTESIAN_POINT('',(9.823958567992,8.284533326741));
#531 = CARTESIAN_POINT('',(9.819165410862,8.076183269658));
#532 = CARTESIAN_POINT('',(9.816014237646,7.866801283043));
#533 = CARTESIAN_POINT('',(9.814557861805,7.656885941723));
#534 = CARTESIAN_POINT('',(9.81501255133,7.245504788565));
#535 = CARTESIAN_POINT('',(9.816793381745,7.043978873881));
#536 = CARTESIAN_POINT('',(9.820128201294,6.843032658354));
#537 = CARTESIAN_POINT('',(9.824963178429,6.643097457181));
#538 = CARTESIAN_POINT('',(9.831204056788,6.444502679361));
#539 = CARTESIAN_POINT('',(9.838735696455,6.247492620719));
#540 = CARTESIAN_POINT('',(9.847440862458,6.05224149946));
#541 = CARTESIAN_POINT('',(9.873574596069,5.534776859879));
#542 = CARTESIAN_POINT('',(9.892916135273,5.216072644726));
#543 = CARTESIAN_POINT('',(9.914733561015,4.902601020398));
#544 = CARTESIAN_POINT('',(9.938590947238,4.594154195678));
#545 = CARTESIAN_POINT('',(9.964180739636,4.29060520499));
#546 = CARTESIAN_POINT('',(9.991286773165,3.991820239708));
#547 = CARTESIAN_POINT('',(10.019777928913,3.697642143416));
#548 = CARTESIAN_POINT('',(10.085874811175,3.055459519681));
#549 = CARTESIAN_POINT('',(10.124061162546,2.71013302513));
#550 = CARTESIAN_POINT('',(10.164049017799,2.371584920016));
#551 = CARTESIAN_POINT('',(10.205822937437,2.040173087975));
#552 = CARTESIAN_POINT('',(10.249418275347,1.716734821972));
#553 = CARTESIAN_POINT('',(10.294929497828,1.402589087543));
#554 = CARTESIAN_POINT('',(10.342505311004,1.0994973038));
#555 = CARTESIAN_POINT('',(10.411285928486,0.700549998764));
#556 = CARTESIAN_POINT('',(10.43046416365,0.593178081537));
#557 = CARTESIAN_POINT('',(10.44998445015,0.487906485282));
#558 = CARTESIAN_POINT('',(10.469859433582,0.384905067179));
#559 = CARTESIAN_POINT('',(10.490101492087,0.284372480046));
#560 = CARTESIAN_POINT('',(10.510722965981,0.186535850089));
#561 = CARTESIAN_POINT('',(10.531736387363,9.165045465932E-02));
#562 = CARTESIAN_POINT('',(10.55315470974,-6.E-07));
#563 = ( GEOMETRIC_REPRESENTATION_CONTEXT(2) 
PARAMETRIC_REPRESENTATION_CONTEXT() REPRESENTATION_CONTEXT('2D SPACE',''
  ) );
#564 = ORIENTED_EDGE('',*,*,#565,.T.);
#565 = EDGE_CURVE('',#373,#566,#568,.T.);
#566 = VERTEX_POINT('',#567);
#567 = CARTESIAN_POINT('',(42.4,-15.98,-3.008577876734));
#568 = SURFACE_CURVE('',#569,(#577,#588),.PCURVE_S1.);
#569 = B_SPLINE_CURVE_WITH_KNOTS('',6,(#570,#571,#572,#573,#574,#575,
    #576),.UNSPECIFIED.,.F.,.F.,(7,7),(0.,1.),.PIECEWISE_BEZIER_KNOTS.);
#570 = CARTESIAN_POINT('',(34.23,-15.98,-3.546280419643));
#571 = CARTESIAN_POINT('',(35.592073515592,-15.98,-3.462853394327));
#572 = CARTESIAN_POINT('',(36.954014432208,-15.98,-3.377315995357));
#573 = CARTESIAN_POINT('',(38.315806046755,-15.98,-3.289442788067));
#574 = CARTESIAN_POINT('',(39.677424487067,-15.98,-3.198953743923));
#575 = CARTESIAN_POINT('',(41.038837773926,-15.98,-3.105499986855));
#576 = CARTESIAN_POINT('',(42.4,-15.98,-3.008577868386));
#577 = PCURVE('',#66,#578);
#578 = DEFINITIONAL_REPRESENTATION('',(#579),#587);
#579 = B_SPLINE_CURVE_WITH_KNOTS('',6,(#580,#581,#582,#583,#584,#585,
    #586),.UNSPECIFIED.,.F.,.F.,(7,7),(0.,1.),.PIECEWISE_BEZIER_KNOTS.);
#580 = CARTESIAN_POINT('',(3.621478251752,0.802657004831));
#581 = CARTESIAN_POINT('',(3.611508017999,0.835557331294));
#582 = CARTESIAN_POINT('',(3.601185530075,0.868454454884));
#583 = CARTESIAN_POINT('',(3.590475448342,0.901347972144));
#584 = CARTESIAN_POINT('',(3.579335606251,0.934237306451));
#585 = CARTESIAN_POINT('',(3.567712088037,0.967121685361));
#586 = CARTESIAN_POINT('',(3.555528954241,1.));
#587 = ( GEOMETRIC_REPRESENTATION_CONTEXT(2) 
PARAMETRIC_REPRESENTATION_CONTEXT() REPRESENTATION_CONTEXT('2D SPACE',''
  ) );
#588 = PCURVE('',#589,#594);
#589 = PLANE('',#590);
#590 = AXIS2_PLACEMENT_3D('',#591,#592,#593);
#591 = CARTESIAN_POINT('',(42.4,-15.98,0.));
#592 = DIRECTION('',(0.,1.,0.));
#593 = DIRECTION('',(0.,-0.,1.));
#594 = DEFINITIONAL_REPRESENTATION('',(#595),#603);
#595 = B_SPLINE_CURVE_WITH_KNOTS('',6,(#596,#597,#598,#599,#600,#601,
    #602),.UNSPECIFIED.,.F.,.F.,(7,7),(0.,1.),.PIECEWISE_BEZIER_KNOTS.);
#596 = CARTESIAN_POINT('',(-3.546280419643,-8.17));
#597 = CARTESIAN_POINT('',(-3.462853394327,-6.807926484408));
#598 = CARTESIAN_POINT('',(-3.377315995357,-5.445985567792));
#599 = CARTESIAN_POINT('',(-3.289442788067,-4.084193953245));
#600 = CARTESIAN_POINT('',(-3.198953743923,-2.722575512933));
#601 = CARTESIAN_POINT('',(-3.105499986855,-1.361162226074));
#602 = CARTESIAN_POINT('',(-3.008577868386,0.));
#603 = ( GEOMETRIC_REPRESENTATION_CONTEXT(2) 
PARAMETRIC_REPRESENTATION_CONTEXT() REPRESENTATION_CONTEXT('2D SPACE',''
  ) );
#604 = ORIENTED_EDGE('',*,*,#605,.F.);
#605 = EDGE_CURVE('',#606,#566,#608,.T.);
#606 = VERTEX_POINT('',#607);
#607 = CARTESIAN_POINT('',(42.4,-16.48090324894,-1.6));
#608 = SURFACE_CURVE('',#609,(#614,#621),.PCURVE_S1.);
#609 = ELLIPSE('',#610,8.17,7.48);
#610 = AXIS2_PLACEMENT_3D('',#611,#612,#613);
#611 = CARTESIAN_POINT('',(42.4,-8.5,0.));
#612 = DIRECTION('',(1.,0.,0.));
#613 = DIRECTION('',(0.,1.,0.));
#614 = PCURVE('',#66,#615);
#615 = DEFINITIONAL_REPRESENTATION('',(#616),#620);
#616 = LINE('',#617,#618);
#617 = CARTESIAN_POINT('',(0.,1.));
#618 = VECTOR('',#619,1.);
#619 = DIRECTION('',(1.,0.));
#620 = ( GEOMETRIC_REPRESENTATION_CONTEXT(2) 
PARAMETRIC_REPRESENTATION_CONTEXT() REPRESENTATION_CONTEXT('2D SPACE',''
  ) );
#621 = PCURVE('',#622,#627);
#622 = PLANE('',#623);
#623 = AXIS2_PLACEMENT_3D('',#624,#625,#626);
#624 = CARTESIAN_POINT('',(42.4,-8.5,0.));
#625 = DIRECTION('',(1.,0.,0.));
#626 = DIRECTION('',(0.,1.,0.));
#627 = DEFINITIONAL_REPRESENTATION('',(#628),#632);
#628 = ELLIPSE('',#629,8.17,7.48);
#629 = AXIS2_PLACEMENT_2D('',#630,#631);
#630 = CARTESIAN_POINT('',(0.,0.));
#631 = DIRECTION('',(1.,0.));
#632 = ( GEOMETRIC_REPRESENTATION_CONTEXT(2) 
PARAMETRIC_REPRESENTATION_CONTEXT() REPRESENTATION_CONTEXT('2D SPACE',''
  ) );
#633 = ORIENTED_EDGE('',*,*,#634,.T.);
#634 = EDGE_CURVE('',#606,#635,#637,.T.);
#635 = VERTEX_POINT('',#636);
#636 = CARTESIAN_POINT('',(42.4,-16.48090324894,1.6));
#637 = SURFACE_CURVE('',#638,(#665,#695),.PCURVE_S1.);
#638 = B_SPLINE_CURVE_WITH_KNOTS('',7,(#639,#640,#641,#642,#643,#644,
    #645,#646,#647,#648,#649,#650,#651,#652,#653,#654,#655,#656,#657,
    #658,#659,#660,#661,#662,#663,#664),.UNSPECIFIED.,.F.,.F.,(8,6,6,6,8
    ),(0.,0.245821251616,0.494715217693,0.761548494138,1.),
  .UNSPECIFIED.);
#639 = CARTESIAN_POINT('',(42.4,-16.48090324633,-1.6));
#640 = CARTESIAN_POINT('',(42.221686270376,-16.48672385273,-1.6));
#641 = CARTESIAN_POINT('',(42.043629012273,-16.49808087689,
    -1.57681513431));
#642 = CARTESIAN_POINT('',(41.869963703937,-16.51480009494,
    -1.530568910408));
#643 = CARTESIAN_POINT('',(41.704220674559,-16.53592597576,
    -1.462476662422));
#644 = CARTESIAN_POINT('',(41.549411246162,-16.5599413668,
    -1.374173350273));
#645 = CARTESIAN_POINT('',(41.408145163468,-16.58514017468,
    -1.267659766913));
#646 = CARTESIAN_POINT('',(41.155599390121,-16.63488771279,
    -1.021262770208));
#647 = CARTESIAN_POINT('',(41.044496333359,-16.65946807983,
    -0.880763903386));
#648 = CARTESIAN_POINT('',(40.951807357195,-16.6818638934,-0.72604954737
    ));
#649 = CARTESIAN_POINT('',(40.879644134125,-16.70035970103,
    -0.559852262374));
#650 = CARTESIAN_POINT('',(40.82970440861,-16.71353859056,
    -0.385328762405));
#651 = CARTESIAN_POINT('',(40.803206946562,-16.72055194834,
    -0.206155453679));
#652 = CARTESIAN_POINT('',(40.79702019385,-16.7221898415,0.165891636403)
  );
#653 = CARTESIAN_POINT('',(40.820840252658,-16.71588563367,
    0.358955482748));
#654 = CARTESIAN_POINT('',(40.871824844097,-16.70233924508,
    0.547261236141));
#655 = CARTESIAN_POINT('',(40.948522381516,-16.68252809153,
    0.726223603997));
#656 = CARTESIAN_POINT('',(41.048855975869,-16.65820898417,
    0.891939202757));
#657 = CARTESIAN_POINT('',(41.170194108213,-16.63153009494,
    1.041052240777));
#658 = CARTESIAN_POINT('',(41.433870565905,-16.58060124191,
    1.286667186966));
#659 = CARTESIAN_POINT('',(41.572829652981,-16.5563505394,1.387290011441
    ));
#660 = CARTESIAN_POINT('',(41.724236786943,-16.5334042807,1.470564167421
    ));
#661 = CARTESIAN_POINT('',(41.88567573456,-16.51330273963,1.534688427894
    ));
#662 = CARTESIAN_POINT('',(42.054366689844,-16.49740083886,
    1.578193196091));
#663 = CARTESIAN_POINT('',(42.227066505234,-16.4865482284,1.6));
#664 = CARTESIAN_POINT('',(42.4,-16.48090324633,1.6));
#665 = PCURVE('',#66,#666);
#666 = DEFINITIONAL_REPRESENTATION('',(#667),#694);
#667 = B_SPLINE_CURVE_WITH_KNOTS('',7,(#668,#669,#670,#671,#672,#673,
    #674,#675,#676,#677,#678,#679,#680,#681,#682,#683,#684,#685,#686,
    #687,#688,#689,#690,#691,#692,#693),.UNSPECIFIED.,.F.,.F.,(8,6,6,6,8
    ),(0.,0.245821251616,0.494715217693,0.761548494138,1.),
  .UNSPECIFIED.);
#668 = CARTESIAN_POINT('',(3.357162115481,1.));
#669 = CARTESIAN_POINT('',(3.357033506466,0.995692905082));
#670 = CARTESIAN_POINT('',(3.353732249493,0.991392005127));
#671 = CARTESIAN_POINT('',(3.347286373109,0.987197190916));
#672 = CARTESIAN_POINT('',(3.337886876524,0.9831937361));
#673 = CARTESIAN_POINT('',(3.325791497482,0.979454377927));
#674 = CARTESIAN_POINT('',(3.311299027298,0.976042153707));
#675 = CARTESIAN_POINT('',(3.277962466716,0.969942014254));
#676 = CARTESIAN_POINT('',(3.259037157042,0.96725836554));
#677 = CARTESIAN_POINT('',(3.238288069537,0.965019501382));
#678 = CARTESIAN_POINT('',(3.216086871276,0.963276428361));
#679 = CARTESIAN_POINT('',(3.192840720871,0.962070154797));
#680 = CARTESIAN_POINT('',(3.169009267629,0.961430119482));
#681 = CARTESIAN_POINT('',(3.119530688767,0.961280681011));
#682 = CARTESIAN_POINT('',(3.093858743172,0.96185604475));
#683 = CARTESIAN_POINT('',(3.068786404983,0.963087556621));
#684 = CARTESIAN_POINT('',(3.044884883586,0.964940154143));
#685 = CARTESIAN_POINT('',(3.022656567943,0.967363670915));
#686 = CARTESIAN_POINT('',(3.002559646422,0.970294543677));
#687 = CARTESIAN_POINT('',(2.969298998839,0.976663540239));
#688 = CARTESIAN_POINT('',(2.955596494099,0.980020039927));
#689 = CARTESIAN_POINT('',(2.944181702284,0.983677217076));
#690 = CARTESIAN_POINT('',(2.935324559322,0.987576708564));
#691 = CARTESIAN_POINT('',(2.929256727708,0.99165136932));
#692 = CARTESIAN_POINT('',(2.926147920212,0.995822862445));
#693 = CARTESIAN_POINT('',(2.926023191698,1.));
#694 = ( GEOMETRIC_REPRESENTATION_CONTEXT(2) 
PARAMETRIC_REPRESENTATION_CONTEXT() REPRESENTATION_CONTEXT('2D SPACE',''
  ) );
#695 = PCURVE('',#280,#696);
#696 = DEFINITIONAL_REPRESENTATION('',(#697),#724);
#697 = B_SPLINE_CURVE_WITH_KNOTS('',7,(#698,#699,#700,#701,#702,#703,
    #704,#705,#706,#707,#708,#709,#710,#711,#712,#713,#714,#715,#716,
    #717,#718,#719,#720,#721,#722,#723),.UNSPECIFIED.,.F.,.F.,(8,6,6,6,8
    ),(0.,0.245821251616,0.494715217693,0.761548494138,1.),
  .UNSPECIFIED.);
#698 = CARTESIAN_POINT('',(3.14159265359,6.979096753669));
#699 = CARTESIAN_POINT('',(3.253038734605,6.973276147268));
#700 = CARTESIAN_POINT('',(3.364324213567,6.961919123102));
#701 = CARTESIAN_POINT('',(3.47512767303,6.945199905052));
#702 = CARTESIAN_POINT('',(3.585464386864,6.924074024234));
#703 = CARTESIAN_POINT('',(3.69540695756,6.900058633192));
#704 = CARTESIAN_POINT('',(3.805092475022,6.874859825315));
#705 = CARTESIAN_POINT('',(4.025612853562,6.825112287208));
#706 = CARTESIAN_POINT('',(4.136638106899,6.800531920161));
#707 = CARTESIAN_POINT('',(4.247858388273,6.778136106593));
#708 = CARTESIAN_POINT('',(4.359390608065,6.759640298963));
#709 = CARTESIAN_POINT('',(4.471282638702,6.746461409431));
#710 = CARTESIAN_POINT('',(4.583525541032,6.739448051653));
#711 = CARTESIAN_POINT('',(4.816087119863,6.737810158492));
#712 = CARTESIAN_POINT('',(4.936487392864,6.744114366323));
#713 = CARTESIAN_POINT('',(5.056480463219,6.757660754917));
#714 = CARTESIAN_POINT('',(5.176062663705,6.777471908468));
#715 = CARTESIAN_POINT('',(5.29528753633,6.801791015825));
#716 = CARTESIAN_POINT('',(5.414301729917,6.82846990506));
#717 = CARTESIAN_POINT('',(5.639520352985,6.879398758081));
#718 = CARTESIAN_POINT('',(5.745935865096,6.903649460598));
#719 = CARTESIAN_POINT('',(5.852612729027,6.926595719293));
#720 = CARTESIAN_POINT('',(5.959669127785,6.946697260361));
#721 = CARTESIAN_POINT('',(6.067164737979,6.962599161135));
#722 = CARTESIAN_POINT('',(6.175101872951,6.973451771599));
#723 = CARTESIAN_POINT('',(6.28318530718,6.979096753669));
#724 = ( GEOMETRIC_REPRESENTATION_CONTEXT(2) 
PARAMETRIC_REPRESENTATION_CONTEXT() REPRESENTATION_CONTEXT('2D SPACE',''
  ) );
#725 = ORIENTED_EDGE('',*,*,#726,.F.);
#726 = EDGE_CURVE('',#727,#635,#729,.T.);
#727 = VERTEX_POINT('',#728);
#728 = CARTESIAN_POINT('',(42.4,-15.98,3.008577876734));
#729 = SURFACE_CURVE('',#730,(#735,#742),.PCURVE_S1.);
#730 = ELLIPSE('',#731,8.17,7.48);
#731 = AXIS2_PLACEMENT_3D('',#732,#733,#734);
#732 = CARTESIAN_POINT('',(42.4,-8.5,0.));
#733 = DIRECTION('',(1.,0.,0.));
#734 = DIRECTION('',(0.,1.,0.));
#735 = PCURVE('',#66,#736);
#736 = DEFINITIONAL_REPRESENTATION('',(#737),#741);
#737 = LINE('',#738,#739);
#738 = CARTESIAN_POINT('',(0.,1.));
#739 = VECTOR('',#740,1.);
#740 = DIRECTION('',(1.,0.));
#741 = ( GEOMETRIC_REPRESENTATION_CONTEXT(2) 
PARAMETRIC_REPRESENTATION_CONTEXT() REPRESENTATION_CONTEXT('2D SPACE',''
  ) );
#742 = PCURVE('',#743,#748);
#743 = PLANE('',#744);
#744 = AXIS2_PLACEMENT_3D('',#745,#746,#747);
#745 = CARTESIAN_POINT('',(42.4,-8.5,0.));
#746 = DIRECTION('',(1.,0.,0.));
#747 = DIRECTION('',(0.,1.,0.));
#748 = DEFINITIONAL_REPRESENTATION('',(#749),#753);
#749 = ELLIPSE('',#750,8.17,7.48);
#750 = AXIS2_PLACEMENT_2D('',#751,#752);
#751 = CARTESIAN_POINT('',(0.,0.));
#752 = DIRECTION('',(1.,0.));
#753 = ( GEOMETRIC_REPRESENTATION_CONTEXT(2) 
PARAMETRIC_REPRESENTATION_CONTEXT() REPRESENTATION_CONTEXT('2D SPACE',''
  ) );
#754 = ORIENTED_EDGE('',*,*,#755,.F.);
#755 = EDGE_CURVE('',#756,#727,#758,.T.);
#756 = VERTEX_POINT('',#757);
#757 = CARTESIAN_POINT('',(35.016620981296,-15.98,3.497801347442));
#758 = SURFACE_CURVE('',#759,(#767,#778),.PCURVE_S1.);
#759 = B_SPLINE_CURVE_WITH_KNOTS('',6,(#760,#761,#762,#763,#764,#765,
    #766),.UNSPECIFIED.,.F.,.F.,(7,7),(0.,1.),.PIECEWISE_BEZIER_KNOTS.);
#760 = CARTESIAN_POINT('',(34.23,-15.98,3.546280419643));
#761 = CARTESIAN_POINT('',(35.592073515592,-15.98,3.462853394327));
#762 = CARTESIAN_POINT('',(36.954014432208,-15.98,3.377315995357));
#763 = CARTESIAN_POINT('',(38.315806046755,-15.98,3.289442788067));
#764 = CARTESIAN_POINT('',(39.677424487067,-15.98,3.198953743923));
#765 = CARTESIAN_POINT('',(41.038837773926,-15.98,3.105499986855));
#766 = CARTESIAN_POINT('',(42.4,-15.98,3.008577868386));
#767 = PCURVE('',#66,#768);
#768 = DEFINITIONAL_REPRESENTATION('',(#769),#777);
#769 = B_SPLINE_CURVE_WITH_KNOTS('',6,(#770,#771,#772,#773,#774,#775,
    #776),.UNSPECIFIED.,.F.,.F.,(7,7),(0.,1.),.PIECEWISE_BEZIER_KNOTS.);
#770 = CARTESIAN_POINT('',(2.661707055428,0.802657004831));
#771 = CARTESIAN_POINT('',(2.671677289181,0.835557331294));
#772 = CARTESIAN_POINT('',(2.681999777105,0.868454454884));
#773 = CARTESIAN_POINT('',(2.692709858838,0.901347972144));
#774 = CARTESIAN_POINT('',(2.703849700929,0.934237306451));
#775 = CARTESIAN_POINT('',(2.715473219142,0.967121685361));
#776 = CARTESIAN_POINT('',(2.727656352939,1.));
#777 = ( GEOMETRIC_REPRESENTATION_CONTEXT(2) 
PARAMETRIC_REPRESENTATION_CONTEXT() REPRESENTATION_CONTEXT('2D SPACE',''
  ) );
#778 = PCURVE('',#589,#779);
#779 = DEFINITIONAL_REPRESENTATION('',(#780),#788);
#780 = B_SPLINE_CURVE_WITH_KNOTS('',6,(#781,#782,#783,#784,#785,#786,
    #787),.UNSPECIFIED.,.F.,.F.,(7,7),(0.,1.),.PIECEWISE_BEZIER_KNOTS.);
#781 = CARTESIAN_POINT('',(3.546280419643,-8.17));
#782 = CARTESIAN_POINT('',(3.462853394327,-6.807926484408));
#783 = CARTESIAN_POINT('',(3.377315995357,-5.445985567792));
#784 = CARTESIAN_POINT('',(3.289442788067,-4.084193953245));
#785 = CARTESIAN_POINT('',(3.198953743923,-2.722575512933));
#786 = CARTESIAN_POINT('',(3.105499986855,-1.361162226074));
#787 = CARTESIAN_POINT('',(3.008577868386,3.552713678801E-14));
#788 = ( GEOMETRIC_REPRESENTATION_CONTEXT(2) 
PARAMETRIC_REPRESENTATION_CONTEXT() REPRESENTATION_CONTEXT('2D SPACE',''
  ) );
#789 = ORIENTED_EDGE('',*,*,#790,.T.);
#790 = EDGE_CURVE('',#756,#791,#793,.T.);
#791 = VERTEX_POINT('',#792);
#792 = CARTESIAN_POINT('',(35.016620978045,-1.02,3.497801340579));
#793 = SURFACE_CURVE('',#794,(#853,#915),.PCURVE_S1.);
#794 = B_SPLINE_CURVE_WITH_KNOTS('',8,(#795,#796,#797,#798,#799,#800,
    #801,#802,#803,#804,#805,#806,#807,#808,#809,#810,#811,#812,#813,
    #814,#815,#816,#817,#818,#819,#820,#821,#822,#823,#824,#825,#826,
    #827,#828,#829,#830,#831,#832,#833,#834,#835,#836,#837,#838,#839,
    #840,#841,#842,#843,#844,#845,#846,#847,#848,#849,#850,#851,#852),
  .UNSPECIFIED.,.F.,.F.,(9,7,7,7,7,7,7,7,9),(0.,6.84757782804E-02,
    0.25642720535,0.405668141901,0.500275556935,0.594213546047,
    0.743438862642,0.931414048525,1.),.UNSPECIFIED.);
#795 = CARTESIAN_POINT('',(35.016620490847,-15.9800006,3.49780031217));
#796 = CARTESIAN_POINT('',(35.090012871805,-15.89021473298,
    3.652721620802));
#797 = CARTESIAN_POINT('',(35.165761229336,-15.79732448845,
    3.803014424991));
#798 = CARTESIAN_POINT('',(35.243618194313,-15.70159633303,
    3.948778307843));
#799 = CARTESIAN_POINT('',(35.323357062297,-15.60327099154,
    4.090119261109));
#800 = CARTESIAN_POINT('',(35.404771597684,-15.50256313192,
    4.227149187346));
#801 = CARTESIAN_POINT('',(35.487675837851,-15.39966105031,4.35998540209
    ));
#802 = CARTESIAN_POINT('',(35.571903897313,-15.29472635603,
    4.488750136016));
#803 = CARTESIAN_POINT('',(35.891730707321,-14.89466065029,
    4.956174080856));
#804 = CARTESIAN_POINT('',(36.134791647404,-14.58741981562,
    5.268716848206));
#805 = CARTESIAN_POINT('',(36.383655593279,-14.2687342355,5.55422060346)
  );
#806 = CARTESIAN_POINT('',(36.635928236896,-13.94045801148,
    5.814678495421));
#807 = CARTESIAN_POINT('',(36.889402088423,-13.60397773419,
    6.051813862198));
#808 = CARTESIAN_POINT('',(37.141960563896,-13.26016702398,
    6.267056090681));
#809 = CARTESIAN_POINT('',(37.391424121146,-12.9093914826,6.461660460497
    ));
#810 = CARTESIAN_POINT('',(37.828593293849,-12.26697077594,
    6.775535274704));
#811 = CARTESIAN_POINT('',(38.018186767858,-11.9783938949,6.901887369519
    ));
#812 = CARTESIAN_POINT('',(38.202574490735,-11.68538833264,
    7.016238665214));
#813 = CARTESIAN_POINT('',(38.380042156126,-11.38780615862,
    7.118885103521));
#814 = CARTESIAN_POINT('',(38.548338964281,-11.08551964097,
    7.209952009684));
#815 = CARTESIAN_POINT('',(38.704599919812,-10.77840524043,
    7.289444268516));
#816 = CARTESIAN_POINT('',(38.845078848209,-10.4662672616,7.357247433018
    ));
#817 = CARTESIAN_POINT('',(39.04206402472,-9.947811747077,7.448507265975
    ));
#818 = CARTESIAN_POINT('',(39.110472815111,-9.744618754247,
    7.479105979505));
#819 = CARTESIAN_POINT('',(39.169752641608,-9.539504830025,
    7.504804980413));
#820 = CARTESIAN_POINT('',(39.218753890691,-9.332665641684,
    7.525501262995));
#821 = CARTESIAN_POINT('',(39.256354392809,-9.124375810735,7.54109239647
    ));
#822 = CARTESIAN_POINT('',(39.281652495628,-8.915007734141,
    7.551488780108));
#823 = CARTESIAN_POINT('',(39.294164910279,-8.705052811511,
    7.556632085384));
#824 = CARTESIAN_POINT('',(39.293648803716,-8.286703502177,
    7.556419940861));
#825 = CARTESIAN_POINT('',(39.280800305662,-8.078253851764,
    7.551138492399));
#826 = CARTESIAN_POINT('',(39.255360008298,-7.870395602307,
    7.540679602093));
#827 = CARTESIAN_POINT('',(39.217810072549,-7.663608263765,
    7.525101052961));
#828 = CARTESIAN_POINT('',(39.16903619179,-7.458255402797,7.50449083817)
  );
#829 = CARTESIAN_POINT('',(39.110136508101,-7.254605046043,
    7.478949281079));
#830 = CARTESIAN_POINT('',(39.042235782147,-7.052847770605,
    7.448577053873));
#831 = CARTESIAN_POINT('',(38.845988142217,-6.535799161187,
    7.357684105959));
#832 = CARTESIAN_POINT('',(38.705618103141,-6.223662032017,
    7.289955478218));
#833 = CARTESIAN_POINT('',(38.549449728696,-5.916548131152,
    7.210539146569));
#834 = CARTESIAN_POINT('',(38.381231845335,-5.61426229487,7.119550244233
    ));
#835 = CARTESIAN_POINT('',(38.203831897701,-5.316681100658,
    7.016984547383));
#836 = CARTESIAN_POINT('',(38.019502538406,-5.023676623752,6.90271742922
    ));
#837 = CARTESIAN_POINT('',(37.829959356503,-4.735100435123,
    6.776453615908));
#838 = CARTESIAN_POINT('',(37.392830819902,-4.092595831097,
    6.462748586837));
#839 = CARTESIAN_POINT('',(37.143350528151,-3.741738402713,
    6.268219245973));
#840 = CARTESIAN_POINT('',(36.890764623687,-3.397846163663,
    6.053051199155));
#841 = CARTESIAN_POINT('',(36.637254640928,-3.061283737613,
    5.815989841662));
#842 = CARTESIAN_POINT('',(36.384938170098,-2.732923654138,
    5.555606325826));
#843 = CARTESIAN_POINT('',(36.136022940553,-2.414151193601,
    5.270177693553));
#844 = CARTESIAN_POINT('',(35.892902931001,-2.106818905443,
    4.957710922836));
#845 = CARTESIAN_POINT('',(35.572856970053,-1.70646105161,4.490206822568
    ));
#846 = CARTESIAN_POINT('',(35.48847991407,-1.601337006408,4.361273504394
    ));
#847 = CARTESIAN_POINT('',(35.405429602732,-1.498250823554,
    4.228256500255));
#848 = CARTESIAN_POINT('',(35.323872615525,-1.397364746904,4.09103298298
    ));
#849 = CARTESIAN_POINT('',(35.243995726404,-1.298867867451,3.94948505664
    ));
#850 = CARTESIAN_POINT('',(35.166006103002,-1.202975807644,
    3.803500255251));
#851 = CARTESIAN_POINT('',(35.090131505852,-1.109930405715,
    3.652972041472));
#852 = CARTESIAN_POINT('',(35.016620487596,-1.0199994,3.497800305307));
#853 = PCURVE('',#66,#854);
#854 = DEFINITIONAL_REPRESENTATION('',(#855),#914);
#855 = B_SPLINE_CURVE_WITH_KNOTS('',8,(#856,#857,#858,#859,#860,#861,
    #862,#863,#864,#865,#866,#867,#868,#869,#870,#871,#872,#873,#874,
    #875,#876,#877,#878,#879,#880,#881,#882,#883,#884,#885,#886,#887,
    #888,#889,#890,#891,#892,#893,#894,#895,#896,#897,#898,#899,#900,
    #901,#902,#903,#904,#905,#906,#907,#908,#909,#910,#911,#912,#913),
  .UNSPECIFIED.,.F.,.F.,(9,7,7,7,7,7,7,7,9),(0.,6.84757782804E-02,
    0.25642720535,0.405668141901,0.500275556935,0.594213546047,
    0.743438862642,0.931414048525,1.),.UNSPECIFIED.);
#856 = CARTESIAN_POINT('',(2.667514903364,0.821657499779));
#857 = CARTESIAN_POINT('',(2.644667775287,0.823430262604));
#858 = CARTESIAN_POINT('',(2.62217731182,0.825259933076));
#859 = CARTESIAN_POINT('',(2.600027793423,0.827140536095));
#860 = CARTESIAN_POINT('',(2.578203860564,0.829066595708));
#861 = CARTESIAN_POINT('',(2.556690191618,0.831033130379));
#862 = CARTESIAN_POINT('',(2.535471180767,0.833035648257));
#863 = CARTESIAN_POINT('',(2.514530615898,0.835070142447));
#864 = CARTESIAN_POINT('',(2.437091193846,0.842795427713));
#865 = CARTESIAN_POINT('',(2.382356215235,0.848666464913));
#866 = CARTESIAN_POINT('',(2.329235105256,0.854677671335));
#867 = CARTESIAN_POINT('',(2.277459126148,0.860771213452));
#868 = CARTESIAN_POINT('',(2.226791070214,0.866893770252));
#869 = CARTESIAN_POINT('',(2.177013138934,0.872994216519));
#870 = CARTESIAN_POINT('',(2.127896059294,0.879019906308));
#871 = CARTESIAN_POINT('',(2.040476688451,0.889579548161));
#872 = CARTESIAN_POINT('',(2.002080420731,0.894159100673));
#873 = CARTESIAN_POINT('',(1.963837779038,0.898612910404));
#874 = CARTESIAN_POINT('',(1.925634939265,0.902899568989));
#875 = CARTESIAN_POINT('',(1.88737167514,0.906964709282));
#876 = CARTESIAN_POINT('',(1.848954922655,0.910739128498));
#877 = CARTESIAN_POINT('',(1.810287202115,0.914132339329));
#878 = CARTESIAN_POINT('',(1.746549883822,0.91889043538));
#879 = CARTESIAN_POINT('',(1.721688287798,0.920542821621));
#880 = CARTESIAN_POINT('',(1.696690413856,0.921974701488));
#881 = CARTESIAN_POINT('',(1.671561528963,0.923158306538));
#882 = CARTESIAN_POINT('',(1.646316041285,0.924066531227));
#883 = CARTESIAN_POINT('',(1.620979604667,0.924677596513));
#884 = CARTESIAN_POINT('',(1.59559175238,0.924979828751));
#885 = CARTESIAN_POINT('',(1.545004056955,0.924967362409));
#886 = CARTESIAN_POINT('',(1.519797538994,0.924657012214));
#887 = CARTESIAN_POINT('',(1.49464272041,0.924042512278));
#888 = CARTESIAN_POINT('',(1.46957812692,0.923135508999));
#889 = CARTESIAN_POINT('',(1.444628761745,0.921957395937));
#890 = CARTESIAN_POINT('',(1.419808636066,0.920534698263));
#891 = CARTESIAN_POINT('',(1.395122789314,0.91889458411));
#892 = CARTESIAN_POINT('',(1.331561159945,0.914154302952));
#893 = CARTESIAN_POINT('',(1.292895629949,0.910763722298));
#894 = CARTESIAN_POINT('',(1.25448145835,0.90699153934));
#895 = CARTESIAN_POINT('',(1.216221267515,0.902928305443));
#896 = CARTESIAN_POINT('',(1.178022058087,0.898643282553));
#897 = CARTESIAN_POINT('',(1.139783646633,0.89419088257));
#898 = CARTESIAN_POINT('',(1.101392233045,0.889612544843));
#899 = CARTESIAN_POINT('',(1.013974005892,0.879053884539));
#900 = CARTESIAN_POINT('',(0.964853400984,0.873027790535));
#901 = CARTESIAN_POINT('',(0.915072687139,0.866926681732));
#902 = CARTESIAN_POINT('',(0.864402557592,0.860803252196));
#903 = CARTESIAN_POINT('',(0.812625187989,0.854708651452));
#904 = CARTESIAN_POINT('',(0.759503351507,0.848696206294));
#905 = CARTESIAN_POINT('',(0.704768285394,0.842823742295));
#906 = CARTESIAN_POINT('',(0.62729895662,0.835093163528));
#907 = CARTESIAN_POINT('',(0.606327248361,0.833055070388));
#908 = CARTESIAN_POINT('',(0.585076321023,0.831049024221));
#909 = CARTESIAN_POINT('',(0.563529884541,0.829079048684));
#910 = CARTESIAN_POINT('',(0.541672258159,0.827149655227));
#911 = CARTESIAN_POINT('',(0.519488045566,0.825265847899));
#912 = CARTESIAN_POINT('',(0.496961810048,0.823433128161));
#913 = CARTESIAN_POINT('',(0.474077749631,0.8216574997));
#914 = ( GEOMETRIC_REPRESENTATION_CONTEXT(2) 
PARAMETRIC_REPRESENTATION_CONTEXT() REPRESENTATION_CONTEXT('2D SPACE',''
  ) );
#915 = PCURVE('',#498,#916);
#916 = DEFINITIONAL_REPRESENTATION('',(#917),#976);
#917 = B_SPLINE_CURVE_WITH_KNOTS('',8,(#918,#919,#920,#921,#922,#923,
    #924,#925,#926,#927,#928,#929,#930,#931,#932,#933,#934,#935,#936,
    #937,#938,#939,#940,#941,#942,#943,#944,#945,#946,#947,#948,#949,
    #950,#951,#952,#953,#954,#955,#956,#957,#958,#959,#960,#961,#962,
    #963,#964,#965,#966,#967,#968,#969,#970,#971,#972,#973,#974,#975),
  .UNSPECIFIED.,.F.,.F.,(9,7,7,7,7,7,7,7,9),(0.,6.84757782804E-02,
    0.25642720535,0.405668141901,0.500275556935,0.594213546047,
    0.743438862642,0.931414048525,1.),.UNSPECIFIED.);
#918 = CARTESIAN_POINT('',(5.154808558209,-6.E-07));
#919 = CARTESIAN_POINT('',(5.175790997002,8.978526701929E-02));
#920 = CARTESIAN_POINT('',(5.196384923059,0.18267551155));
#921 = CARTESIAN_POINT('',(5.216602442145,0.278403666961));
#922 = CARTESIAN_POINT('',(5.236455306524,0.376729008457));
#923 = CARTESIAN_POINT('',(5.255955120275,0.477436868077));
#924 = CARTESIAN_POINT('',(5.275113544612,0.580338949682));
#925 = CARTESIAN_POINT('',(5.293942503195,0.685273643963));
#926 = CARTESIAN_POINT('',(5.363265566991,1.085339349701));
#927 = CARTESIAN_POINT('',(5.411637281191,1.392580184379));
#928 = CARTESIAN_POINT('',(5.457878510131,1.7112657645));
#929 = CARTESIAN_POINT('',(5.502144938621,2.03954198852));
#930 = CARTESIAN_POINT('',(5.544535740279,2.376022265806));
#931 = CARTESIAN_POINT('',(5.585087227855,2.719832976014));
#932 = CARTESIAN_POINT('',(5.623782468566,3.070608517394));
#933 = CARTESIAN_POINT('',(5.689654783784,3.71302922406));
#934 = CARTESIAN_POINT('',(5.717525111458,4.001606105094));
#935 = CARTESIAN_POINT('',(5.744058915421,4.29461166736));
#936 = CARTESIAN_POINT('',(5.769130732209,4.592193841378));
#937 = CARTESIAN_POINT('',(5.792536495346,4.894480359023));
#938 = CARTESIAN_POINT('',(5.813987347172,5.201594759567));
#939 = CARTESIAN_POINT('',(5.833077475092,5.513732738392));
#940 = CARTESIAN_POINT('',(5.859650050741,6.032188252923));
#941 = CARTESIAN_POINT('',(5.868821864573,6.235381245753));
#942 = CARTESIAN_POINT('',(5.876729374366,6.440495169975));
#943 = CARTESIAN_POINT('',(5.883239780439,6.647334358316));
#944 = CARTESIAN_POINT('',(5.888221982889,6.855624189265));
#945 = CARTESIAN_POINT('',(5.891569726097,7.064992265859));
#946 = CARTESIAN_POINT('',(5.893225571966,7.274947188489));
#947 = CARTESIAN_POINT('',(5.893157272514,7.693296497823));
#948 = CARTESIAN_POINT('',(5.891456950848,7.901746148236));
#949 = CARTESIAN_POINT('',(5.888090201399,8.109604397693));
#950 = CARTESIAN_POINT('',(5.883114309352,8.316391736235));
#951 = CARTESIAN_POINT('',(5.876633636176,8.521744597203));
#952 = CARTESIAN_POINT('',(5.86877646466,8.725394953957));
#953 = CARTESIAN_POINT('',(5.859672716819,8.927152229395));
#954 = CARTESIAN_POINT('',(5.833200928433,9.444200838813));
#955 = CARTESIAN_POINT('',(5.81412676056,9.756337967983));
#956 = CARTESIAN_POINT('',(5.792690201773,10.063451868848));
#957 = CARTESIAN_POINT('',(5.769297450271,10.36573770513));
#958 = CARTESIAN_POINT('',(5.744237726193,10.663318899342));
#959 = CARTESIAN_POINT('',(5.717715395509,10.956323376248));
#960 = CARTESIAN_POINT('',(5.689856163535,11.244899564877));
#961 = CARTESIAN_POINT('',(5.624000007323,11.887404168903));
#962 = CARTESIAN_POINT('',(5.585308784858,12.238261597287));
#963 = CARTESIAN_POINT('',(5.54476061265,12.582153836337));
#964 = CARTESIAN_POINT('',(5.50237275028,12.918716262387));
#965 = CARTESIAN_POINT('',(5.458109107101,13.247076345862));
#966 = CARTESIAN_POINT('',(5.411870663409,13.565848806399));
#967 = CARTESIAN_POINT('',(5.363501835794,13.873181094557));
#968 = CARTESIAN_POINT('',(5.294155525713,14.27353894839));
#969 = CARTESIAN_POINT('',(5.275299332625,14.378662993592));
#970 = CARTESIAN_POINT('',(5.256112701247,14.481749176446));
#971 = CARTESIAN_POINT('',(5.236583652585,14.582635253096));
#972 = CARTESIAN_POINT('',(5.216700470554,14.681132132549));
#973 = CARTESIAN_POINT('',(5.196451494846,14.777024192356));
#974 = CARTESIAN_POINT('',(5.175824913801,14.870069594285));
#975 = CARTESIAN_POINT('',(5.15480855728,14.9600006));
#976 = ( GEOMETRIC_REPRESENTATION_CONTEXT(2) 
PARAMETRIC_REPRESENTATION_CONTEXT() REPRESENTATION_CONTEXT('2D SPACE',''
  ) );
#977 = ORIENTED_EDGE('',*,*,#978,.T.);
#978 = EDGE_CURVE('',#791,#979,#981,.T.);
#979 = VERTEX_POINT('',#980);
#980 = CARTESIAN_POINT('',(42.4,-1.02,3.008577876734));
#981 = SURFACE_CURVE('',#982,(#990,#1001),.PCURVE_S1.);
#982 = B_SPLINE_CURVE_WITH_KNOTS('',6,(#983,#984,#985,#986,#987,#988,
    #989),.UNSPECIFIED.,.F.,.F.,(7,7),(0.,1.),.PIECEWISE_BEZIER_KNOTS.);
#983 = CARTESIAN_POINT('',(34.23,-1.02,3.546280411924));
#984 = CARTESIAN_POINT('',(35.592073515559,-1.02,3.462853387709));
#985 = CARTESIAN_POINT('',(36.954014432155,-1.02,3.377315989981));
#986 = CARTESIAN_POINT('',(38.315806046688,-1.02,3.289442784088));
#987 = CARTESIAN_POINT('',(39.677424487007,-1.02,3.198953741515));
#988 = CARTESIAN_POINT('',(41.038837773885,-1.02,3.105499986208));
#989 = CARTESIAN_POINT('',(42.4,-1.02,3.008577869708));
#990 = PCURVE('',#66,#991);
#991 = DEFINITIONAL_REPRESENTATION('',(#992),#1000);
#992 = B_SPLINE_CURVE_WITH_KNOTS('',6,(#993,#994,#995,#996,#997,#998,
    #999),.UNSPECIFIED.,.F.,.F.,(7,7),(0.,1.),.PIECEWISE_BEZIER_KNOTS.);
#993 = CARTESIAN_POINT('',(0.47988559754,0.802657004831));
#994 = CARTESIAN_POINT('',(0.46991536379,0.835557331294));
#995 = CARTESIAN_POINT('',(0.459592875873,0.868454454883));
#996 = CARTESIAN_POINT('',(0.448882794153,0.901347972142));
#997 = CARTESIAN_POINT('',(0.437742952082,0.934237306449));
#998 = CARTESIAN_POINT('',(0.426119433896,0.96712168536));
#999 = CARTESIAN_POINT('',(0.413936300139,1.));
#1000 = ( GEOMETRIC_REPRESENTATION_CONTEXT(2) 
PARAMETRIC_REPRESENTATION_CONTEXT() REPRESENTATION_CONTEXT('2D SPACE',''
  ) );
#1001 = PCURVE('',#356,#1002);
#1002 = DEFINITIONAL_REPRESENTATION('',(#1003),#1011);
#1003 = B_SPLINE_CURVE_WITH_KNOTS('',6,(#1004,#1005,#1006,#1007,#1008,
    #1009,#1010),.UNSPECIFIED.,.F.,.F.,(7,7),(0.,1.),
  .PIECEWISE_BEZIER_KNOTS.);
#1004 = CARTESIAN_POINT('',(3.546280411924,-8.17));
#1005 = CARTESIAN_POINT('',(3.462853387709,-6.807926484441));
#1006 = CARTESIAN_POINT('',(3.377315989981,-5.445985567845));
#1007 = CARTESIAN_POINT('',(3.289442784088,-4.084193953312));
#1008 = CARTESIAN_POINT('',(3.198953741515,-2.722575512993));
#1009 = CARTESIAN_POINT('',(3.105499986208,-1.361162226115));
#1010 = CARTESIAN_POINT('',(3.008577869708,1.42108547152E-14));
#1011 = ( GEOMETRIC_REPRESENTATION_CONTEXT(2) 
PARAMETRIC_REPRESENTATION_CONTEXT() REPRESENTATION_CONTEXT('2D SPACE',''
  ) );
#1012 = ORIENTED_EDGE('',*,*,#1013,.F.);
#1013 = EDGE_CURVE('',#1014,#979,#1016,.T.);
#1014 = VERTEX_POINT('',#1015);
#1015 = CARTESIAN_POINT('',(42.4,-0.519096751053,1.6));
#1016 = SURFACE_CURVE('',#1017,(#1022,#1029),.PCURVE_S1.);
#1017 = ELLIPSE('',#1018,8.17,7.48);
#1018 = AXIS2_PLACEMENT_3D('',#1019,#1020,#1021);
#1019 = CARTESIAN_POINT('',(42.4,-8.5,0.));
#1020 = DIRECTION('',(1.,0.,0.));
#1021 = DIRECTION('',(0.,1.,0.));
#1022 = PCURVE('',#66,#1023);
#1023 = DEFINITIONAL_REPRESENTATION('',(#1024),#1028);
#1024 = LINE('',#1025,#1026);
#1025 = CARTESIAN_POINT('',(0.,1.));
#1026 = VECTOR('',#1027,1.);
#1027 = DIRECTION('',(1.,0.));
#1028 = ( GEOMETRIC_REPRESENTATION_CONTEXT(2) 
PARAMETRIC_REPRESENTATION_CONTEXT() REPRESENTATION_CONTEXT('2D SPACE',''
  ) );
#1029 = PCURVE('',#1030,#1035);
#1030 = PLANE('',#1031);
#1031 = AXIS2_PLACEMENT_3D('',#1032,#1033,#1034);
#1032 = CARTESIAN_POINT('',(42.4,-8.5,0.));
#1033 = DIRECTION('',(1.,0.,0.));
#1034 = DIRECTION('',(0.,1.,0.));
#1035 = DEFINITIONAL_REPRESENTATION('',(#1036),#1040);
#1036 = ELLIPSE('',#1037,8.17,7.48);
#1037 = AXIS2_PLACEMENT_2D('',#1038,#1039);
#1038 = CARTESIAN_POINT('',(0.,0.));
#1039 = DIRECTION('',(1.,0.));
#1040 = ( GEOMETRIC_REPRESENTATION_CONTEXT(2) 
PARAMETRIC_REPRESENTATION_CONTEXT() REPRESENTATION_CONTEXT('2D SPACE',''
  ) );
#1041 = ORIENTED_EDGE('',*,*,#1042,.T.);
#1042 = EDGE_CURVE('',#1014,#221,#1043,.T.);
#1043 = SURFACE_CURVE('',#1044,(#1059,#1077),.PCURVE_S1.);
#1044 = B_SPLINE_CURVE_WITH_KNOTS('',7,(#1045,#1046,#1047,#1048,#1049,
    #1050,#1051,#1052,#1053,#1054,#1055,#1056,#1057,#1058),
  .UNSPECIFIED.,.F.,.F.,(8,6,8),(0.,0.491673628883,1.),.UNSPECIFIED.);
#1045 = CARTESIAN_POINT('',(42.4,-0.519096744559,1.6));
#1046 = CARTESIAN_POINT('',(42.22168627037,-0.513276138153,1.6));
#1047 = CARTESIAN_POINT('',(42.043629012268,-0.50191911402,
    1.576815134308));
#1048 = CARTESIAN_POINT('',(41.869963703926,-0.485199896043,
    1.530568910406));
#1049 = CARTESIAN_POINT('',(41.704220674523,-0.464074015373,
    1.462476662415));
#1050 = CARTESIAN_POINT('',(41.549411246071,-0.440058624628,
    1.374173350237));
#1051 = CARTESIAN_POINT('',(41.408145163294,-0.414859817264,1.2676597668
    ));
#1052 = CARTESIAN_POINT('',(41.152917734504,-0.364584036798,
    1.018646405276));
#1053 = CARTESIAN_POINT('',(41.039799897966,-0.339491813916,
    0.874812421764));
#1054 = CARTESIAN_POINT('',(40.945941613753,-0.316715751153,
    0.716200836435));
#1055 = CARTESIAN_POINT('',(40.873587282953,-0.298084091106,
    0.545741204783));
#1056 = CARTESIAN_POINT('',(40.824520979056,-0.285091268574,
    0.366818606513));
#1057 = CARTESIAN_POINT('',(40.8,-0.278599033816,0.183379340989));
#1058 = CARTESIAN_POINT('',(40.8,-0.278599033816,-2.097289062763E-15));
#1059 = PCURVE('',#66,#1060);
#1060 = DEFINITIONAL_REPRESENTATION('',(#1061),#1076);
#1061 = B_SPLINE_CURVE_WITH_KNOTS('',7,(#1062,#1063,#1064,#1065,#1066,
    #1067,#1068,#1069,#1070,#1071,#1072,#1073,#1074,#1075),
  .UNSPECIFIED.,.F.,.F.,(8,6,8),(0.,0.491673628883,1.),.UNSPECIFIED.);
#1062 = CARTESIAN_POINT('',(0.215569458034,1.));
#1063 = CARTESIAN_POINT('',(0.215440849019,0.995692905081));
#1064 = CARTESIAN_POINT('',(0.212139592039,0.991392005127));
#1065 = CARTESIAN_POINT('',(0.205693715644,0.987197190916));
#1066 = CARTESIAN_POINT('',(0.196294219057,0.9831937361));
#1067 = CARTESIAN_POINT('',(0.184198840049,0.979454377924));
#1068 = CARTESIAN_POINT('',(0.169706369978,0.976042153703));
#1069 = CARTESIAN_POINT('',(0.136015825835,0.969877239964));
#1070 = CARTESIAN_POINT('',(0.11664285715,0.967144925072));
#1071 = CARTESIAN_POINT('',(9.537468182644E-02,0.964877816757));
#1072 = CARTESIAN_POINT('',(7.260944705473E-02,0.963130127608));
#1073 = CARTESIAN_POINT('',(4.878283763523E-02,0.961944951185));
#1074 = CARTESIAN_POINT('',(2.438743066886E-02,0.961352657005));
#1075 = CARTESIAN_POINT('',(0.,0.961352657005));
#1076 = ( GEOMETRIC_REPRESENTATION_CONTEXT(2) 
PARAMETRIC_REPRESENTATION_CONTEXT() REPRESENTATION_CONTEXT('2D SPACE',''
  ) );
#1077 = PCURVE('',#280,#1078);
#1078 = DEFINITIONAL_REPRESENTATION('',(#1079),#1094);
#1079 = B_SPLINE_CURVE_WITH_KNOTS('',7,(#1080,#1081,#1082,#1083,#1084,
    #1085,#1086,#1087,#1088,#1089,#1090,#1091,#1092,#1093),
  .UNSPECIFIED.,.F.,.F.,(8,6,8),(0.,0.491673628883,1.),.UNSPECIFIED.);
#1080 = CARTESIAN_POINT('',(6.28318530718,22.940903255441));
#1081 = CARTESIAN_POINT('',(6.171739226161,22.946723861847));
#1082 = CARTESIAN_POINT('',(6.0604537472,22.95808088598));
#1083 = CARTESIAN_POINT('',(5.949650287732,22.974800103957));
#1084 = CARTESIAN_POINT('',(5.839313573884,22.995925984627));
#1085 = CARTESIAN_POINT('',(5.72937100315,23.019941375372));
#1086 = CARTESIAN_POINT('',(5.61968548562,23.045140182736));
#1087 = CARTESIAN_POINT('',(5.396823513006,23.095415963202));
#1088 = CARTESIAN_POINT('',(5.283441225034,23.120508186084));
#1089 = CARTESIAN_POINT('',(5.169852930671,23.143284248847));
#1090 = CARTESIAN_POINT('',(5.055937916666,23.161915908895));
#1091 = CARTESIAN_POINT('',(4.94165027827,23.174908731426));
#1092 = CARTESIAN_POINT('',(4.827001068503,23.181400966184));
#1093 = CARTESIAN_POINT('',(4.712388980385,23.181400966184));
#1094 = ( GEOMETRIC_REPRESENTATION_CONTEXT(2) 
PARAMETRIC_REPRESENTATION_CONTEXT() REPRESENTATION_CONTEXT('2D SPACE',''
  ) );
#1095 = ORIENTED_EDGE('',*,*,#220,.F.);
#1096 = ORIENTED_EDGE('',*,*,#1097,.F.);
#1097 = EDGE_CURVE('',#1098,#154,#1100,.T.);
#1098 = VERTEX_POINT('',#1099);
#1099 = CARTESIAN_POINT('',(1.,0.830177626009,1.6));
#1100 = SURFACE_CURVE('',#1101,(#1118,#1138),.PCURVE_S1.);
#1101 = B_SPLINE_CURVE_WITH_KNOTS('',8,(#1102,#1103,#1104,#1105,#1106,
    #1107,#1108,#1109,#1110,#1111,#1112,#1113,#1114,#1115,#1116,#1117),
  .UNSPECIFIED.,.F.,.F.,(9,7,9),(0.,0.37421063013,1.),.UNSPECIFIED.);
#1102 = CARTESIAN_POINT('',(1.,0.830177633292,1.6));
#1103 = CARTESIAN_POINT('',(1.118003618654,0.826337233573,1.6));
#1104 = CARTESIAN_POINT('',(1.236141775351,0.824622885185,1.590053446083
    ));
#1105 = CARTESIAN_POINT('',(1.353299287939,0.825082560909,1.570121821641
    ));
#1106 = CARTESIAN_POINT('',(1.46842025267,0.827645141868,1.540343020597)
  );
#1107 = CARTESIAN_POINT('',(1.580508364141,0.832131969101,1.500992250272
    ));
#1108 = CARTESIAN_POINT('',(1.688628657519,0.838274986224,1.452458084838
    ));
#1109 = CARTESIAN_POINT('',(1.79191067306,0.84574147318,1.395233669354)
  );
#1110 = CARTESIAN_POINT('',(2.0528395778,0.868252586466,1.220704701727)
  );
#1111 = CARTESIAN_POINT('',(2.200582927138,0.885036496208,1.088719762618
    ));
#1112 = CARTESIAN_POINT('',(2.329089808274,0.902826616178,0.93659422117)
  );
#1113 = CARTESIAN_POINT('',(2.435415129043,0.91967570017,0.767530622835)
  );
#1114 = CARTESIAN_POINT('',(2.517122612549,0.933757691803,0.585102948994
    ));
#1115 = CARTESIAN_POINT('',(2.572387219428,0.943654456058,0.393313567541
    ));
#1116 = CARTESIAN_POINT('',(2.6,0.948599033817,0.196615488507));
#1117 = CARTESIAN_POINT('',(2.6,0.948599033816,-5.452227504688E-15));
#1118 = PCURVE('',#66,#1119);
#1119 = DEFINITIONAL_REPRESENTATION('',(#1120),#1137);
#1120 = B_SPLINE_CURVE_WITH_KNOTS('',8,(#1121,#1122,#1123,#1124,#1125,
    #1126,#1127,#1128,#1129,#1130,#1131,#1132,#1133,#1134,#1135,#1136),
  .UNSPECIFIED.,.F.,.F.,(9,7,9),(0.,0.37421063013,1.),.UNSPECIFIED.);
#1121 = CARTESIAN_POINT('',(0.189365007331,0.));
#1122 = CARTESIAN_POINT('',(0.18943056311,2.850328952996E-03));
#1123 = CARTESIAN_POINT('',(0.188304773824,5.703907617169E-03));
#1124 = CARTESIAN_POINT('',(0.185980671357,8.533799225569E-03));
#1125 = CARTESIAN_POINT('',(0.18247407346,1.131449885677E-02));
#1126 = CARTESIAN_POINT('',(0.17781890585,1.402194116284E-02));
#1127 = CARTESIAN_POINT('',(0.172064022083,1.663354245215E-02));
#1128 = CARTESIAN_POINT('',(0.165271521198,1.912827712705E-02));
#1129 = CARTESIAN_POINT('',(0.144548010328,2.543090767634E-02));
#1130 = CARTESIAN_POINT('',(0.128869742008,2.899958761202E-02));
#1131 = CARTESIAN_POINT('',(0.11080981119,3.210361855733E-02));
#1132 = CARTESIAN_POINT('',(9.076508242128E-02,3.467186302037E-02));
#1133 = CARTESIAN_POINT('',(6.916801522474E-02,3.664547373307E-02));
#1134 = CARTESIAN_POINT('',(4.648777928776E-02,3.798036761904E-02));
#1135 = CARTESIAN_POINT('',(2.32390090564E-02,3.864734299517E-02));
#1136 = CARTESIAN_POINT('',(0.,3.864734299517E-02));
#1137 = ( GEOMETRIC_REPRESENTATION_CONTEXT(2) 
PARAMETRIC_REPRESENTATION_CONTEXT() REPRESENTATION_CONTEXT('2D SPACE',''
  ) );
#1138 = PCURVE('',#195,#1139);
#1139 = DEFINITIONAL_REPRESENTATION('',(#1140),#1157);
#1140 = B_SPLINE_CURVE_WITH_KNOTS('',8,(#1141,#1142,#1143,#1144,#1145,
    #1146,#1147,#1148,#1149,#1150,#1151,#1152,#1153,#1154,#1155,#1156),
  .UNSPECIFIED.,.F.,.F.,(9,7,9),(0.,0.37421063013,1.),.UNSPECIFIED.);
#1141 = CARTESIAN_POINT('',(0.,26.330177633292));
#1142 = CARTESIAN_POINT('',(7.375226165878E-02,26.326337233573));
#1143 = CARTESIAN_POINT('',(0.1475883015,26.324622885185));
#1144 = CARTESIAN_POINT('',(0.221423895055,26.325082560909));
#1145 = CARTESIAN_POINT('',(0.295213610629,26.327645141868));
#1146 = CARTESIAN_POINT('',(0.368934207163,26.332131969101));
#1147 = CARTESIAN_POINT('',(0.442571503274,26.338274986224));
#1148 = CARTESIAN_POINT('',(0.516110717493,26.34574147318));
#1149 = CARTESIAN_POINT('',(0.712309211798,26.368252586466));
#1150 = CARTESIAN_POINT('',(0.834924117716,26.385036496208));
#1151 = CARTESIAN_POINT('',(0.95736650026,26.402826616178));
#1152 = CARTESIAN_POINT('',(1.079773219205,26.41967570017));
#1153 = CARTESIAN_POINT('',(1.202277927095,26.433757691803));
#1154 = CARTESIAN_POINT('',(1.324975623848,26.443654456058));
#1155 = CARTESIAN_POINT('',(1.447911646478,26.448599033817));
#1156 = CARTESIAN_POINT('',(1.570796326795,26.448599033816));
#1157 = ( GEOMETRIC_REPRESENTATION_CONTEXT(2) 
PARAMETRIC_REPRESENTATION_CONTEXT() REPRESENTATION_CONTEXT('2D SPACE',''
  ) );
#1158 = ORIENTED_EDGE('',*,*,#1159,.T.);
#1159 = EDGE_CURVE('',#1098,#1160,#1162,.T.);
#1160 = VERTEX_POINT('',#1161);
#1161 = CARTESIAN_POINT('',(1.,0.,3.79604693058));
#1162 = SURFACE_CURVE('',#1163,(#1168,#1175),.PCURVE_S1.);
#1163 = ELLIPSE('',#1164,9.5,8.5);
#1164 = AXIS2_PLACEMENT_3D('',#1165,#1166,#1167);
#1165 = CARTESIAN_POINT('',(1.,-8.5,0.));
#1166 = DIRECTION('',(1.,0.,0.));
#1167 = DIRECTION('',(0.,1.,0.));
#1168 = PCURVE('',#66,#1169);
#1169 = DEFINITIONAL_REPRESENTATION('',(#1170),#1174);
#1170 = LINE('',#1171,#1172);
#1171 = CARTESIAN_POINT('',(0.,0.));
#1172 = VECTOR('',#1173,1.);
#1173 = DIRECTION('',(1.,0.));
#1174 = ( GEOMETRIC_REPRESENTATION_CONTEXT(2) 
PARAMETRIC_REPRESENTATION_CONTEXT() REPRESENTATION_CONTEXT('2D SPACE',''
  ) );
#1175 = PCURVE('',#1176,#1181);
#1176 = PLANE('',#1177);
#1177 = AXIS2_PLACEMENT_3D('',#1178,#1179,#1180);
#1178 = CARTESIAN_POINT('',(1.,-8.5,0.));
#1179 = DIRECTION('',(1.,0.,0.));
#1180 = DIRECTION('',(0.,1.,0.));
#1181 = DEFINITIONAL_REPRESENTATION('',(#1182),#1186);
#1182 = ELLIPSE('',#1183,9.5,8.5);
#1183 = AXIS2_PLACEMENT_2D('',#1184,#1185);
#1184 = CARTESIAN_POINT('',(0.,0.));
#1185 = DIRECTION('',(1.,0.));
#1186 = ( GEOMETRIC_REPRESENTATION_CONTEXT(2) 
PARAMETRIC_REPRESENTATION_CONTEXT() REPRESENTATION_CONTEXT('2D SPACE',''
  ) );
#1187 = ORIENTED_EDGE('',*,*,#1188,.T.);
#1188 = EDGE_CURVE('',#1160,#1189,#1191,.T.);
#1189 = VERTEX_POINT('',#1190);
#1190 = CARTESIAN_POINT('',(9.947386651696,0.,3.192847021869));
#1191 = SURFACE_CURVE('',#1192,(#1200,#1211),.PCURVE_S1.);
#1192 = B_SPLINE_CURVE_WITH_KNOTS('',6,(#1193,#1194,#1195,#1196,#1197,
    #1198,#1199),.UNSPECIFIED.,.F.,.F.,(7,7),(0.,1.),
  .PIECEWISE_BEZIER_KNOTS.);
#1193 = CARTESIAN_POINT('',(1.,0.,3.796046916389));
#1194 = CARTESIAN_POINT('',(2.583890661978,0.,3.697008104658));
#1195 = CARTESIAN_POINT('',(4.167603803451,0.,3.595200247021));
#1196 = CARTESIAN_POINT('',(5.751115626235,0.,3.490297216204));
#1197 = CARTESIAN_POINT('',(7.334389863302,0.,3.381882574512));
#1198 = CARTESIAN_POINT('',(8.917376607347,0.,3.269431382608));
#1199 = CARTESIAN_POINT('',(10.5,0.,3.15213405287));
#1200 = PCURVE('',#66,#1201);
#1201 = DEFINITIONAL_REPRESENTATION('',(#1202),#1210);
#1202 = B_SPLINE_CURVE_WITH_KNOTS('',6,(#1203,#1204,#1205,#1206,#1207,
    #1208,#1209),.UNSPECIFIED.,.F.,.F.,(7,7),(0.,1.),
  .PIECEWISE_BEZIER_KNOTS.);
#1203 = CARTESIAN_POINT('',(0.462954727543,0.));
#1204 = CARTESIAN_POINT('',(0.452223841917,3.825822855019E-02));
#1205 = CARTESIAN_POINT('',(0.441079338188,7.651216916548E-02));
#1206 = CARTESIAN_POINT('',(0.429476099196,0.11476124701));
#1207 = CARTESIAN_POINT('',(0.417356879998,0.15300458607));
#1208 = CARTESIAN_POINT('',(0.404649850836,0.191240980854));
#1209 = CARTESIAN_POINT('',(0.391245361687,0.229468599034));
#1210 = ( GEOMETRIC_REPRESENTATION_CONTEXT(2) 
PARAMETRIC_REPRESENTATION_CONTEXT() REPRESENTATION_CONTEXT('2D SPACE',''
  ) );
#1211 = PCURVE('',#108,#1212);
#1212 = DEFINITIONAL_REPRESENTATION('',(#1213),#1221);
#1213 = B_SPLINE_CURVE_WITH_KNOTS('',6,(#1214,#1215,#1216,#1217,#1218,
    #1219,#1220),.UNSPECIFIED.,.F.,.F.,(7,7),(0.,1.),
  .PIECEWISE_BEZIER_KNOTS.);
#1214 = CARTESIAN_POINT('',(3.796046916389,0.));
#1215 = CARTESIAN_POINT('',(3.697008104658,1.583890661978));
#1216 = CARTESIAN_POINT('',(3.595200247021,3.167603803451));
#1217 = CARTESIAN_POINT('',(3.490297216204,4.751115626235));
#1218 = CARTESIAN_POINT('',(3.381882574512,6.334389863302));
#1219 = CARTESIAN_POINT('',(3.269431382608,7.917376607347));
#1220 = CARTESIAN_POINT('',(3.15213405287,9.5));
#1221 = ( GEOMETRIC_REPRESENTATION_CONTEXT(2) 
PARAMETRIC_REPRESENTATION_CONTEXT() REPRESENTATION_CONTEXT('2D SPACE',''
  ) );
#1222 = ORIENTED_EDGE('',*,*,#1223,.F.);
#1223 = EDGE_CURVE('',#1224,#1189,#1226,.T.);
#1224 = VERTEX_POINT('',#1225);
#1225 = CARTESIAN_POINT('',(9.947386653469,-17.,3.192847016899));
#1226 = SURFACE_CURVE('',#1227,(#1286,#1348),.PCURVE_S1.);
#1227 = B_SPLINE_CURVE_WITH_KNOTS('',8,(#1228,#1229,#1230,#1231,#1232,
    #1233,#1234,#1235,#1236,#1237,#1238,#1239,#1240,#1241,#1242,#1243,
    #1244,#1245,#1246,#1247,#1248,#1249,#1250,#1251,#1252,#1253,#1254,
    #1255,#1256,#1257,#1258,#1259,#1260,#1261,#1262,#1263,#1264,#1265,
    #1266,#1267,#1268,#1269,#1270,#1271,#1272,#1273,#1274,#1275,#1276,
    #1277,#1278,#1279,#1280,#1281,#1282,#1283,#1284,#1285),
  .UNSPECIFIED.,.F.,.F.,(9,7,7,7,7,7,7,7,9),(0.,6.852901543859E-02,
    0.262464761964,0.401952732156,0.500274233447,0.59794475638,
    0.737421804424,0.931384379587,1.),.UNSPECIFIED.);
#1228 = CARTESIAN_POINT('',(9.947387126216,-17.0000006,3.19284569211));
#1229 = CARTESIAN_POINT('',(9.876649312117,-16.91022168219,
    3.391075944442));
#1230 = CARTESIAN_POINT('',(9.802270098719,-16.81555602399,
    3.583653282584));
#1231 = CARTESIAN_POINT('',(9.724630976263,-16.71642858103,
    3.770592240722));
#1232 = CARTESIAN_POINT('',(9.644087266061,-16.61323094848,
    3.951945261477));
#1233 = CARTESIAN_POINT('',(9.560965913055,-16.50631798226,
    4.127797861457));
#1234 = CARTESIAN_POINT('',(9.475563278374,-16.39600442025,
    4.298263796819));
#1235 = CARTESIAN_POINT('',(9.388142931898,-16.28256150351,
    4.463480228819));
#1236 = CARTESIAN_POINT('',(9.046472376092,-15.83695134448,5.07674682427
    ));
#1237 = CARTESIAN_POINT('',(8.780116432346,-15.4849881608,5.488322515903
    ));
#1238 = CARTESIAN_POINT('',(8.504704100451,-15.11497950861,
    5.862892376492));
#1239 = CARTESIAN_POINT('',(8.224150267553,-14.73020849987,
    6.203252259435));
#1240 = CARTESIAN_POINT('',(7.941976444911,-14.33316335443,
    6.511951624851));
#1241 = CARTESIAN_POINT('',(7.661385382393,-13.92541044578,
    6.791090865499));
#1242 = CARTESIAN_POINT('',(7.385509023302,-13.50765196726,
    7.042553813439));
#1243 = CARTESIAN_POINT('',(6.925559146143,-12.77140514164,
    7.429738319533));
#1244 = CARTESIAN_POINT('',(6.737725821074,-12.45840445017,
    7.577908205198));
#1245 = CARTESIAN_POINT('',(6.555888313687,-12.1403930821,7.712797416688
    ));
#1246 = CARTESIAN_POINT('',(6.381777330458,-11.81737074991,
    7.834673659193));
#1247 = CARTESIAN_POINT('',(6.217474990318,-11.48936396926,
    7.943634249536));
#1248 = CARTESIAN_POINT('',(6.065511036034,-11.15640753599,
    8.039639400444));
#1249 = CARTESIAN_POINT('',(5.928841894968,-10.81854964737,
    8.122520698184));
#1250 = CARTESIAN_POINT('',(5.727132971609,-10.23442742377,
    8.240968813827));
#1251 = CARTESIAN_POINT('',(5.65286433247,-9.990580254137,8.283276126561
    ));
#1252 = CARTESIAN_POINT('',(5.588842444518,-9.744584135742,
    8.318793025381));
#1253 = CARTESIAN_POINT('',(5.536186309463,-9.496700579957,
    8.347381989032));
#1254 = CARTESIAN_POINT('',(5.495940588673,-9.247264831102,
    8.368907989525));
#1255 = CARTESIAN_POINT('',(5.468917573926,-8.996700739004,
    8.383256825485));
#1256 = CARTESIAN_POINT('',(5.455545099554,-8.74553641472,8.390358630963
    ));
#1257 = CARTESIAN_POINT('',(5.456074262855,-8.244953677123,
    8.390077607095));
#1258 = CARTESIAN_POINT('',(5.469795975074,-7.995471977083,
    8.382790332105));
#1259 = CARTESIAN_POINT('',(5.496976428958,-7.746596012682,
    8.368353502562));
#1260 = CARTESIAN_POINT('',(5.537188205569,-7.498842151143,8.34683654091
    ));
#1261 = CARTESIAN_POINT('',(5.589631791733,-7.252624974164,
    8.318351773643));
#1262 = CARTESIAN_POINT('',(5.653282927473,-7.008272374789,
    8.283031614207));
#1263 = CARTESIAN_POINT('',(5.727045193439,-6.766039891643,
    8.241010710984));
#1264 = CARTESIAN_POINT('',(5.92802976613,-6.183500029457,8.12301127726)
  );
#1265 = CARTESIAN_POINT('',(6.064605062707,-5.845641074943,
    8.040205999211));
#1266 = CARTESIAN_POINT('',(6.216486703038,-5.512682338032,
    7.944277824209));
#1267 = CARTESIAN_POINT('',(6.380717257748,-5.184672535931,7.8353957312)
  );
#1268 = CARTESIAN_POINT('',(6.554765717311,-4.861646634756,
    7.713600128351));
#1269 = CARTESIAN_POINT('',(6.736548862176,-4.543631074587,
    7.578794336885));
#1270 = CARTESIAN_POINT('',(6.924335156035,-4.230625270075,
    7.430711318401));
#1271 = CARTESIAN_POINT('',(7.384246854014,-3.494269988809,
    7.043695611748));
#1272 = CARTESIAN_POINT('',(7.660142337655,-3.076411088285,6.79230669683
    ));
#1273 = CARTESIAN_POINT('',(7.940765380688,-2.668558151082,
    6.513239011688));
#1274 = CARTESIAN_POINT('',(8.222981679694,-2.271412287141,
    6.204609560976));
#1275 = CARTESIAN_POINT('',(8.503587306042,-1.886538573172,
    5.864318484277));
#1276 = CARTESIAN_POINT('',(8.779060469924,-1.516423615476,
    5.489816428613));
#1277 = CARTESIAN_POINT('',(9.045486680421,-1.164348617968,
    5.078307121596));
#1278 = CARTESIAN_POINT('',(9.387366941031,-0.718445504487,
    4.464946465525));
#1279 = CARTESIAN_POINT('',(9.474913501513,-0.604834909355,4.29956053214
    ));
#1280 = CARTESIAN_POINT('',(9.560438918035,-0.494359868612,4.12891261199
    ));
#1281 = CARTESIAN_POINT('',(9.643678760377,-0.38729246467,3.952864944217
    ));
#1282 = CARTESIAN_POINT('',(9.724335649639,-0.283948489091,
    3.771303256525));
#1283 = CARTESIAN_POINT('',(9.802081474656,-0.184684048044,
    3.584141623163));
#1284 = CARTESIAN_POINT('',(9.876559608411,-8.989216776198E-02,
    3.391327322915));
#1285 = CARTESIAN_POINT('',(9.947387124442,5.999999999062E-07,
    3.19284569708));
#1286 = PCURVE('',#66,#1287);
#1287 = DEFINITIONAL_REPRESENTATION('',(#1288),#1347);
#1288 = B_SPLINE_CURVE_WITH_KNOTS('',8,(#1289,#1290,#1291,#1292,#1293,
    #1294,#1295,#1296,#1297,#1298,#1299,#1300,#1301,#1302,#1303,#1304,
    #1305,#1306,#1307,#1308,#1309,#1310,#1311,#1312,#1313,#1314,#1315,
    #1316,#1317,#1318,#1319,#1320,#1321,#1322,#1323,#1324,#1325,#1326,
    #1327,#1328,#1329,#1330,#1331,#1332,#1333,#1334,#1335,#1336,#1337,
    #1338,#1339,#1340,#1341,#1342,#1343,#1344,#1345,#1346),
  .UNSPECIFIED.,.F.,.F.,(9,7,7,7,7,7,7,7,9),(0.,6.852901543859E-02,
    0.262464761964,0.401952732156,0.500274233447,0.59794475638,
    0.737421804424,0.931384379587,1.),.UNSPECIFIED.);
#1289 = CARTESIAN_POINT('',(2.745702103738,0.216120461986));
#1290 = CARTESIAN_POINT('',(2.719840869373,0.214411819133));
#1291 = CARTESIAN_POINT('',(2.694417136386,0.212615219776));
#1292 = CARTESIAN_POINT('',(2.669421560907,0.210739878654));
#1293 = CARTESIAN_POINT('',(2.644842719697,0.208794378407));
#1294 = CARTESIAN_POINT('',(2.620667036245,0.206786616257));
#1295 = CARTESIAN_POINT('',(2.596878706868,0.204723750685));
#1296 = CARTESIAN_POINT('',(2.573459626812,0.202612148113));
#1297 = CARTESIAN_POINT('',(2.485100797991,0.194359236137));
#1298 = CARTESIAN_POINT('',(2.422716912363,0.18792551769));
#1299 = CARTESIAN_POINT('',(2.362642927602,0.181273045905));
#1300 = CARTESIAN_POINT('',(2.304526778171,0.174496383274));
#1301 = CARTESIAN_POINT('',(2.248049683779,0.167680590457));
#1302 = CARTESIAN_POINT('',(2.192925067543,0.16090302856));
#1303 = CARTESIAN_POINT('',(2.138844884321,0.154239348389));
#1304 = CARTESIAN_POINT('',(2.047033574737,0.143129447974));
#1305 = CARTESIAN_POINT('',(2.009028599621,0.138592411137));
#1306 = CARTESIAN_POINT('',(1.971305943145,0.134200200814));
#1307 = CARTESIAN_POINT('',(1.93376717257,0.129994621509));
#1308 = CARTESIAN_POINT('',(1.896327495333,0.12602596595));
#1309 = CARTESIAN_POINT('',(1.858908214867,0.122355339035));
#1310 = CARTESIAN_POINT('',(1.821433871682,0.119054152052));
#1311 = CARTESIAN_POINT('',(1.7573348374,0.114181955836));
#1312 = CARTESIAN_POINT('',(1.730774497743,0.112388027354));
#1313 = CARTESIAN_POINT('',(1.70414743997,0.11084160494));
#1314 = CARTESIAN_POINT('',(1.677451788523,0.10956971762));
#1315 = CARTESIAN_POINT('',(1.6506919257,0.10859759876));
#1316 = CARTESIAN_POINT('',(1.623879920457,0.107944868935));
#1317 = CARTESIAN_POINT('',(1.597037673875,0.107621862308));
#1318 = CARTESIAN_POINT('',(1.543538622144,0.10763464403));
#1319 = CARTESIAN_POINT('',(1.516875060517,0.107966086354));
#1320 = CARTESIAN_POINT('',(1.490241865157,0.108622619057));
#1321 = CARTESIAN_POINT('',(1.463660390728,0.109593918009));
#1322 = CARTESIAN_POINT('',(1.437142398224,0.110860671298));
#1323 = CARTESIAN_POINT('',(1.410692119459,0.112398138345));
#1324 = CARTESIAN_POINT('',(1.38430762915,0.11417983559));
#1325 = CARTESIAN_POINT('',(1.320385785895,0.119034535414));
#1326 = CARTESIAN_POINT('',(1.282913848628,0.122333455621));
#1327 = CARTESIAN_POINT('',(1.245497278946,0.126002094276));
#1328 = CARTESIAN_POINT('',(1.208060693871,0.129969015888));
#1329 = CARTESIAN_POINT('',(1.17052545147,0.134173084959));
#1330 = CARTESIAN_POINT('',(1.13280680333,0.138563982178));
#1331 = CARTESIAN_POINT('',(1.094806354647,0.143099882996));
#1332 = CARTESIAN_POINT('',(1.002995627713,0.154208861208));
#1333 = CARTESIAN_POINT('',(0.948911677141,0.160873003325));
#1334 = CARTESIAN_POINT('',(0.89378396366,0.167651337698));
#1335 = CARTESIAN_POINT('',(0.837304407609,0.174468156514));
#1336 = CARTESIAN_POINT('',(0.779186394268,0.181246070194));
#1337 = CARTESIAN_POINT('',(0.719111091205,0.187900011351));
#1338 = CARTESIAN_POINT('',(0.656726355605,0.194335427063));
#1339 = CARTESIAN_POINT('',(0.568340877141,0.202593404373));
#1340 = CARTESIAN_POINT('',(0.544894914812,0.204708055592));
#1341 = CARTESIAN_POINT('',(0.521078876547,0.206773886909));
#1342 = CARTESIAN_POINT('',(0.496874582871,0.20878451112));
#1343 = CARTESIAN_POINT('',(0.472266164554,0.21073274516));
#1344 = CARTESIAN_POINT('',(0.447239987672,0.212610663639));
#1345 = CARTESIAN_POINT('',(0.421784578669,0.214409652377));
#1346 = CARTESIAN_POINT('',(0.395890549423,0.216120461943));
#1347 = ( GEOMETRIC_REPRESENTATION_CONTEXT(2) 
PARAMETRIC_REPRESENTATION_CONTEXT() REPRESENTATION_CONTEXT('2D SPACE',''
  ) );
#1348 = PCURVE('',#1349,#1354);
#1349 = CYLINDRICAL_SURFACE('',#1350,9.5);
#1350 = AXIS2_PLACEMENT_3D('',#1351,#1352,#1353);
#1351 = CARTESIAN_POINT('',(1.,-17.,0.));
#1352 = DIRECTION('',(0.,1.,0.));
#1353 = DIRECTION('',(0.,-0.,1.));
#1354 = DEFINITIONAL_REPRESENTATION('',(#1355),#1414);
#1355 = B_SPLINE_CURVE_WITH_KNOTS('',8,(#1356,#1357,#1358,#1359,#1360,
    #1361,#1362,#1363,#1364,#1365,#1366,#1367,#1368,#1369,#1370,#1371,
    #1372,#1373,#1374,#1375,#1376,#1377,#1378,#1379,#1380,#1381,#1382,
    #1383,#1384,#1385,#1386,#1387,#1388,#1389,#1390,#1391,#1392,#1393,
    #1394,#1395,#1396,#1397,#1398,#1399,#1400,#1401,#1402,#1403,#1404,
    #1405,#1406,#1407,#1408,#1409,#1410,#1411,#1412,#1413),
  .UNSPECIFIED.,.F.,.F.,(9,7,7,7,7,7,7,7,9),(0.,6.852901543859E-02,
    0.262464761964,0.401952732156,0.500274233447,0.59794475638,
    0.737421804424,0.931384379587,1.),.UNSPECIFIED.);
#1356 = CARTESIAN_POINT('',(7.511220361248,-6.E-07));
#1357 = CARTESIAN_POINT('',(7.489065261716,8.977831780929E-02));
#1358 = CARTESIAN_POINT('',(7.467341773348,0.18444397601));
#1359 = CARTESIAN_POINT('',(7.446045360343,0.28357141897));
#1360 = CARTESIAN_POINT('',(7.425169554919,0.38676905152));
#1361 = CARTESIAN_POINT('',(7.404706023777,0.493682017737));
#1362 = CARTESIAN_POINT('',(7.384644634576,0.603995579741));
#1363 = CARTESIAN_POINT('',(7.364973522406,0.717438496483));
#1364 = CARTESIAN_POINT('',(7.29107648497,1.163048655511));
#1365 = CARTESIAN_POINT('',(7.23958433749,1.515011839195));
#1366 = CARTESIAN_POINT('',(7.190783268238,1.885020491384));
#1367 = CARTESIAN_POINT('',(7.144486147012,2.26979150013));
#1368 = CARTESIAN_POINT('',(7.100565138391,2.666836645568));
#1369 = CARTESIAN_POINT('',(7.058970987451,3.074589554216));
#1370 = CARTESIAN_POINT('',(7.019708356945,3.492348032738));
#1371 = CARTESIAN_POINT('',(6.956422019896,4.228594858359));
#1372 = CARTESIAN_POINT('',(6.931251633891,4.541595549826));
#1373 = CARTESIAN_POINT('',(6.907436069854,4.859606917893));
#1374 = CARTESIAN_POINT('',(6.885080059696,5.182629250085));
#1375 = CARTESIAN_POINT('',(6.864338368922,5.510636030734));
#1376 = CARTESIAN_POINT('',(6.845422707758,5.843592464002));
#1377 = CARTESIAN_POINT('',(6.828599483505,6.181450352627));
#1378 = CARTESIAN_POINT('',(6.803976802732,6.765572576227));
#1379 = CARTESIAN_POINT('',(6.794980357904,7.009419745863));
#1380 = CARTESIAN_POINT('',(6.787274356565,7.255415864258));
#1381 = CARTESIAN_POINT('',(6.780967632508,7.503299420043));
#1382 = CARTESIAN_POINT('',(6.77616335257,7.752735168898));
#1383 = CARTESIAN_POINT('',(6.772942690223,8.003299260996));
#1384 = CARTESIAN_POINT('',(6.771348870526,8.25446358528));
#1385 = CARTESIAN_POINT('',(6.771411939605,8.755046322877));
#1386 = CARTESIAN_POINT('',(6.773047383659,9.004528022917));
#1387 = CARTESIAN_POINT('',(6.77628702703,9.253403987318));
#1388 = CARTESIAN_POINT('',(6.781087704697,9.501157848857));
#1389 = CARTESIAN_POINT('',(6.787369534707,9.747375025836));
#1390 = CARTESIAN_POINT('',(6.795031376766,9.991727625211));
#1391 = CARTESIAN_POINT('',(6.803966601852,10.233960108357));
#1392 = CARTESIAN_POINT('',(6.828499617612,10.816499970543));
#1393 = CARTESIAN_POINT('',(6.845310251091,11.154358925057));
#1394 = CARTESIAN_POINT('',(6.864214271901,11.487317661968));
#1395 = CARTESIAN_POINT('',(6.884945116813,11.815327464069));
#1396 = CARTESIAN_POINT('',(6.907290888191,12.138353365244));
#1397 = CARTESIAN_POINT('',(6.931096644111,12.456368925413));
#1398 = CARTESIAN_POINT('',(6.956257493702,12.769374729925));
#1399 = CARTESIAN_POINT('',(7.019529314383,13.505730011191));
#1400 = CARTESIAN_POINT('',(7.058788197641,13.923588911715));
#1401 = CARTESIAN_POINT('',(7.100379440897,14.331441848918));
#1402 = CARTESIAN_POINT('',(7.144298051667,14.728587712859));
#1403 = CARTESIAN_POINT('',(7.190593069076,15.113461426828));
#1404 = CARTESIAN_POINT('',(7.239392197997,15.483576384524));
#1405 = CARTESIAN_POINT('',(7.290882508644,15.835651382032));
#1406 = CARTESIAN_POINT('',(7.364798940233,16.281554495513));
#1407 = CARTESIAN_POINT('',(7.384492021934,16.395165090645));
#1408 = CARTESIAN_POINT('',(7.404576299511,16.505640131388));
#1409 = CARTESIAN_POINT('',(7.425063686854,16.61270753533));
#1410 = CARTESIAN_POINT('',(7.445964359082,16.716051510909));
#1411 = CARTESIAN_POINT('',(7.467286686164,16.815315951956));
#1412 = CARTESIAN_POINT('',(7.489037166529,16.910107832238));
#1413 = CARTESIAN_POINT('',(7.511220360692,17.0000006));
#1414 = ( GEOMETRIC_REPRESENTATION_CONTEXT(2) 
PARAMETRIC_REPRESENTATION_CONTEXT() REPRESENTATION_CONTEXT('2D SPACE',''
  ) );
#1415 = ORIENTED_EDGE('',*,*,#1416,.F.);
#1416 = EDGE_CURVE('',#1417,#1224,#1419,.T.);
#1417 = VERTEX_POINT('',#1418);
#1418 = CARTESIAN_POINT('',(1.,-17.,3.79604693058));
#1419 = SURFACE_CURVE('',#1420,(#1428,#1439),.PCURVE_S1.);
#1420 = B_SPLINE_CURVE_WITH_KNOTS('',6,(#1421,#1422,#1423,#1424,#1425,
    #1426,#1427),.UNSPECIFIED.,.F.,.F.,(7,7),(0.,1.),
  .PIECEWISE_BEZIER_KNOTS.);
#1421 = CARTESIAN_POINT('',(1.,-17.,3.796046922777));
#1422 = CARTESIAN_POINT('',(2.583890662022,-17.,3.697008109553));
#1423 = CARTESIAN_POINT('',(4.167603803527,-17.,3.595200250238));
#1424 = CARTESIAN_POINT('',(5.751115626323,-17.,3.490297217539));
#1425 = CARTESIAN_POINT('',(7.334389863387,-17.,3.38188257374));
#1426 = CARTESIAN_POINT('',(8.917376607403,-17.,3.269431379482));
#1427 = CARTESIAN_POINT('',(10.5,-17.,3.152134047128));
#1428 = PCURVE('',#66,#1429);
#1429 = DEFINITIONAL_REPRESENTATION('',(#1430),#1438);
#1430 = B_SPLINE_CURVE_WITH_KNOTS('',6,(#1431,#1432,#1433,#1434,#1435,
    #1436,#1437),.UNSPECIFIED.,.F.,.F.,(7,7),(0.,1.),
  .PIECEWISE_BEZIER_KNOTS.);
#1431 = CARTESIAN_POINT('',(2.678637925435,0.));
#1432 = CARTESIAN_POINT('',(2.689368811071,3.825822855127E-02));
#1433 = CARTESIAN_POINT('',(2.700513314816,7.651216916733E-02));
#1434 = CARTESIAN_POINT('',(2.712116553832,0.114761247013));
#1435 = CARTESIAN_POINT('',(2.724235773063,0.153004586072));
#1436 = CARTESIAN_POINT('',(2.73694280227,0.191240980855));
#1437 = CARTESIAN_POINT('',(2.75034729148,0.229468599034));
#1438 = ( GEOMETRIC_REPRESENTATION_CONTEXT(2) 
PARAMETRIC_REPRESENTATION_CONTEXT() REPRESENTATION_CONTEXT('2D SPACE',''
  ) );
#1439 = PCURVE('',#1440,#1445);
#1440 = PLANE('',#1441);
#1441 = AXIS2_PLACEMENT_3D('',#1442,#1443,#1444);
#1442 = CARTESIAN_POINT('',(1.,-17.,0.));
#1443 = DIRECTION('',(0.,1.,0.));
#1444 = DIRECTION('',(0.,-0.,1.));
#1445 = DEFINITIONAL_REPRESENTATION('',(#1446),#1454);
#1446 = B_SPLINE_CURVE_WITH_KNOTS('',6,(#1447,#1448,#1449,#1450,#1451,
    #1452,#1453),.UNSPECIFIED.,.F.,.F.,(7,7),(0.,1.),
  .PIECEWISE_BEZIER_KNOTS.);
#1447 = CARTESIAN_POINT('',(3.796046922777,0.));
#1448 = CARTESIAN_POINT('',(3.697008109553,1.583890662022));
#1449 = CARTESIAN_POINT('',(3.595200250238,3.167603803527));
#1450 = CARTESIAN_POINT('',(3.490297217539,4.751115626323));
#1451 = CARTESIAN_POINT('',(3.38188257374,6.334389863387));
#1452 = CARTESIAN_POINT('',(3.269431379482,7.917376607403));
#1453 = CARTESIAN_POINT('',(3.152134047128,9.5));
#1454 = ( GEOMETRIC_REPRESENTATION_CONTEXT(2) 
PARAMETRIC_REPRESENTATION_CONTEXT() REPRESENTATION_CONTEXT('2D SPACE',''
  ) );
#1455 = ORIENTED_EDGE('',*,*,#1456,.T.);
#1456 = EDGE_CURVE('',#1417,#1457,#1459,.T.);
#1457 = VERTEX_POINT('',#1458);
#1458 = CARTESIAN_POINT('',(1.,-17.830177626,1.6));
#1459 = SURFACE_CURVE('',#1460,(#1465,#1472),.PCURVE_S1.);
#1460 = ELLIPSE('',#1461,9.5,8.5);
#1461 = AXIS2_PLACEMENT_3D('',#1462,#1463,#1464);
#1462 = CARTESIAN_POINT('',(1.,-8.5,0.));
#1463 = DIRECTION('',(1.,0.,0.));
#1464 = DIRECTION('',(0.,1.,0.));
#1465 = PCURVE('',#66,#1466);
#1466 = DEFINITIONAL_REPRESENTATION('',(#1467),#1471);
#1467 = LINE('',#1468,#1469);
#1468 = CARTESIAN_POINT('',(0.,0.));
#1469 = VECTOR('',#1470,1.);
#1470 = DIRECTION('',(1.,0.));
#1471 = ( GEOMETRIC_REPRESENTATION_CONTEXT(2) 
PARAMETRIC_REPRESENTATION_CONTEXT() REPRESENTATION_CONTEXT('2D SPACE',''
  ) );
#1472 = PCURVE('',#1473,#1478);
#1473 = PLANE('',#1474);
#1474 = AXIS2_PLACEMENT_3D('',#1475,#1476,#1477);
#1475 = CARTESIAN_POINT('',(1.,-8.5,0.));
#1476 = DIRECTION('',(1.,0.,0.));
#1477 = DIRECTION('',(0.,1.,0.));
#1478 = DEFINITIONAL_REPRESENTATION('',(#1479),#1483);
#1479 = ELLIPSE('',#1480,9.5,8.5);
#1480 = AXIS2_PLACEMENT_2D('',#1481,#1482);
#1481 = CARTESIAN_POINT('',(0.,0.));
#1482 = DIRECTION('',(1.,0.));
#1483 = ( GEOMETRIC_REPRESENTATION_CONTEXT(2) 
PARAMETRIC_REPRESENTATION_CONTEXT() REPRESENTATION_CONTEXT('2D SPACE',''
  ) );
#1484 = ORIENTED_EDGE('',*,*,#1485,.T.);
#1485 = EDGE_CURVE('',#1457,#1486,#1488,.T.);
#1486 = VERTEX_POINT('',#1487);
#1487 = CARTESIAN_POINT('',(1.,-17.830177626,-1.6));
#1488 = SURFACE_CURVE('',#1489,(#1520,#1554),.PCURVE_S1.);
#1489 = B_SPLINE_CURVE_WITH_KNOTS('',8,(#1490,#1491,#1492,#1493,#1494,
    #1495,#1496,#1497,#1498,#1499,#1500,#1501,#1502,#1503,#1504,#1505,
    #1506,#1507,#1508,#1509,#1510,#1511,#1512,#1513,#1514,#1515,#1516,
    #1517,#1518,#1519),.UNSPECIFIED.,.F.,.F.,(9,7,7,7,9),(0.,
    0.187108926371,0.50182949412,0.810910405374,1.),.UNSPECIFIED.);
#1490 = CARTESIAN_POINT('',(1.,-17.83017762331,1.6));
#1491 = CARTESIAN_POINT('',(1.118003618628,-17.82633722359,1.6));
#1492 = CARTESIAN_POINT('',(1.236141775301,-17.82462287524,
    1.590053446088));
#1493 = CARTESIAN_POINT('',(1.353299287865,-17.82508255104,
    1.570121821653));
#1494 = CARTESIAN_POINT('',(1.468420252571,-17.82764513212,
    1.540343020622));
#1495 = CARTESIAN_POINT('',(1.580508364012,-17.83213195953,
    1.500992250316));
#1496 = CARTESIAN_POINT('',(1.688628657353,-17.83827497688,
    1.452458084909));
#1497 = CARTESIAN_POINT('',(1.791910672853,-17.84574146415,
    1.395233669465));
#1498 = CARTESIAN_POINT('',(2.053789258763,-17.8683345103,1.220069483386
    ));
#1499 = CARTESIAN_POINT('',(2.202305656312,-17.88523221517,
    1.087180591567));
#1500 = CARTESIAN_POINT('',(2.331338155762,-17.90313822937,
    0.933929120636));
#1501 = CARTESIAN_POINT('',(2.437892984964,-17.92006891873,
    0.763579784546));
#1502 = CARTESIAN_POINT('',(2.519497357792,-17.93416749417,
    0.579775635034));
#1503 = CARTESIAN_POINT('',(2.574306805629,-17.94399847607,
    0.386597232499));
#1504 = CARTESIAN_POINT('',(2.601107668862,-17.94879738027,
    0.188584563822));
#1505 = CARTESIAN_POINT('',(2.59886004466,-17.94839490329,
    -0.203389665503));
#1506 = CARTESIAN_POINT('',(2.570802852484,-17.94337101147,
    -0.397520652262));
#1507 = CARTESIAN_POINT('',(2.515796907291,-17.93353656767,
    -0.586767480569));
#1508 = CARTESIAN_POINT('',(2.435014242681,-17.91964079065,
    -0.766842638571));
#1509 = CARTESIAN_POINT('',(2.330217861365,-17.90304985978,
    -0.933889152292));
#1510 = CARTESIAN_POINT('',(2.203751762641,-17.88551785775,
    -1.084458648044));
#1511 = CARTESIAN_POINT('',(2.058446476338,-17.86891716478,
    -1.215459408458));
#1512 = CARTESIAN_POINT('',(1.799582322011,-17.84630000293,
    -1.390956419142));
#1513 = CARTESIAN_POINT('',(1.69551545425,-17.8386694169,-1.44934811139)
  );
#1514 = CARTESIAN_POINT('',(1.58646082783,-17.83237256445,
    -1.498890325709));
#1515 = CARTESIAN_POINT('',(1.47331331651,-17.82775555416,
    -1.539070123857));
#1516 = CARTESIAN_POINT('',(1.357035320373,-17.8250979624,
    -1.569482759361));
#1517 = CARTESIAN_POINT('',(1.238653591679,-17.82458664173,
    -1.58984089152));
#1518 = CARTESIAN_POINT('',(1.119257680478,-17.82629641045,-1.6));
#1519 = CARTESIAN_POINT('',(1.,-17.83017762331,-1.6));
#1520 = PCURVE('',#66,#1521);
#1521 = DEFINITIONAL_REPRESENTATION('',(#1522),#1553);
#1522 = B_SPLINE_CURVE_WITH_KNOTS('',8,(#1523,#1524,#1525,#1526,#1527,
    #1528,#1529,#1530,#1531,#1532,#1533,#1534,#1535,#1536,#1537,#1538,
    #1539,#1540,#1541,#1542,#1543,#1544,#1545,#1546,#1547,#1548,#1549,
    #1550,#1551,#1552),.UNSPECIFIED.,.F.,.F.,(9,7,7,7,9),(0.,
    0.187108926371,0.50182949412,0.810910405374,1.),.UNSPECIFIED.);
#1523 = CARTESIAN_POINT('',(2.952227642437,0.));
#1524 = CARTESIAN_POINT('',(2.952162086658,2.85032895236E-03));
#1525 = CARTESIAN_POINT('',(2.953287875948,5.703907615961E-03));
#1526 = CARTESIAN_POINT('',(2.955611978425,8.533799223789E-03));
#1527 = CARTESIAN_POINT('',(2.959118576339,1.131449885436E-02));
#1528 = CARTESIAN_POINT('',(2.963773743976,1.40219411597E-02));
#1529 = CARTESIAN_POINT('',(2.969528627787,1.663354244815E-02));
#1530 = CARTESIAN_POINT('',(2.976321128738,1.912827712206E-02));
#1531 = CARTESIAN_POINT('',(2.997120065505,2.545384683002E-02));
#1532 = CARTESIAN_POINT('',(3.012905744004,2.904119942783E-02));
#1533 = CARTESIAN_POINT('',(3.031099233169,3.215792646767E-02));
#1534 = CARTESIAN_POINT('',(3.051295988283,3.473171461267E-02));
#1535 = CARTESIAN_POINT('',(3.073055310293,3.670283472928E-02));
#1536 = CARTESIAN_POINT('',(3.095899107993,3.802673443549E-02));
#1537 = CARTESIAN_POINT('',(3.119302852978,3.867409828169E-02));
#1538 = CARTESIAN_POINT('',(3.165632346432,3.861980784202E-02));
#1539 = CARTESIAN_POINT('',(3.188578105318,3.794209788608E-02));
#1540 = CARTESIAN_POINT('',(3.210958205293,3.661345186693E-02));
#1541 = CARTESIAN_POINT('',(3.232276977316,3.466217977491E-02));
#1542 = CARTESIAN_POINT('',(3.252082156804,3.213086621654E-02));
#1543 = CARTESIAN_POINT('',(3.269956651753,2.907612953239E-02));
#1544 = CARTESIAN_POINT('',(3.285517567266,2.556634000817E-02));
#1545 = CARTESIAN_POINT('',(3.30635645648,1.931358265728E-02));
#1546 = CARTESIAN_POINT('',(3.313287900746,1.679989019928E-02));
#1547 = CARTESIAN_POINT('',(3.319162888939,1.416572047899E-02));
#1548 = CARTESIAN_POINT('',(3.323916824321,1.143268880459E-02));
#1549 = CARTESIAN_POINT('',(3.327498799617,8.624041554911E-03));
#1550 = CARTESIAN_POINT('',(3.329873367144,5.764579509147E-03));
#1551 = CARTESIAN_POINT('',(3.331023917204,2.880620301394E-03));
#1552 = CARTESIAN_POINT('',(3.330957664743,0.));
#1553 = ( GEOMETRIC_REPRESENTATION_CONTEXT(2) 
PARAMETRIC_REPRESENTATION_CONTEXT() REPRESENTATION_CONTEXT('2D SPACE',''
  ) );
#1554 = PCURVE('',#195,#1555);
#1555 = DEFINITIONAL_REPRESENTATION('',(#1556),#1587);
#1556 = B_SPLINE_CURVE_WITH_KNOTS('',8,(#1557,#1558,#1559,#1560,#1561,
    #1562,#1563,#1564,#1565,#1566,#1567,#1568,#1569,#1570,#1571,#1572,
    #1573,#1574,#1575,#1576,#1577,#1578,#1579,#1580,#1581,#1582,#1583,
    #1584,#1585,#1586),.UNSPECIFIED.,.F.,.F.,(9,7,7,7,9),(0.,
    0.187108926371,0.50182949412,0.810910405374,1.),.UNSPECIFIED.);
#1557 = CARTESIAN_POINT('',(0.,7.669822376689));
#1558 = CARTESIAN_POINT('',(7.375226164231E-02,7.673662776405));
#1559 = CARTESIAN_POINT('',(0.147588301469,7.675377124753));
#1560 = CARTESIAN_POINT('',(0.221423895009,7.674917448951));
#1561 = CARTESIAN_POINT('',(0.295213610566,7.672354867872));
#1562 = CARTESIAN_POINT('',(0.368934207078,7.667868040469));
#1563 = CARTESIAN_POINT('',(0.442571503162,7.661725023112));
#1564 = CARTESIAN_POINT('',(0.516110717346,7.654258535849));
#1565 = CARTESIAN_POINT('',(0.713023298921,7.631665489695));
#1566 = CARTESIAN_POINT('',(0.836353895404,7.614767784824));
#1567 = CARTESIAN_POINT('',(0.959510168576,7.596861770625));
#1568 = CARTESIAN_POINT('',(1.082631031439,7.579931081261));
#1569 = CARTESIAN_POINT('',(1.205852147987,7.565832505824));
#1570 = CARTESIAN_POINT('',(1.329269429762,7.556001523927));
#1571 = CARTESIAN_POINT('',(1.452928973868,7.551202619722));
#1572 = CARTESIAN_POINT('',(1.697916894704,7.551605096705));
#1573 = CARTESIAN_POINT('',(1.819347072357,7.556628988523));
#1574 = CARTESIAN_POINT('',(1.940548502637,7.566463432326));
#1575 = CARTESIAN_POINT('',(2.061562948196,7.580359209345));
#1576 = CARTESIAN_POINT('',(2.182481378284,7.596950140211));
#1577 = CARTESIAN_POINT('',(2.303431933595,7.614482142242));
#1578 = CARTESIAN_POINT('',(2.424545603904,7.631082835217));
#1579 = CARTESIAN_POINT('',(2.620011644706,7.65369999707));
#1580 = CARTESIAN_POINT('',(2.694326345642,7.661330583091));
#1581 = CARTESIAN_POINT('',(2.768741282404,7.667627435546));
#1582 = CARTESIAN_POINT('',(2.843241806947,7.672244445833));
#1583 = CARTESIAN_POINT('',(2.917813997968,7.674902037592));
#1584 = CARTESIAN_POINT('',(2.992434495757,7.675413358268));
#1585 = CARTESIAN_POINT('',(3.067056603291,7.67370358955));
#1586 = CARTESIAN_POINT('',(3.14159265359,7.669822376689));
#1587 = ( GEOMETRIC_REPRESENTATION_CONTEXT(2) 
PARAMETRIC_REPRESENTATION_CONTEXT() REPRESENTATION_CONTEXT('2D SPACE',''
  ) );
#1588 = ORIENTED_EDGE('',*,*,#1589,.T.);
#1589 = EDGE_CURVE('',#1486,#1590,#1592,.T.);
#1590 = VERTEX_POINT('',#1591);
#1591 = CARTESIAN_POINT('',(1.,-17.,-3.79604693058));
#1592 = SURFACE_CURVE('',#1593,(#1598,#1605),.PCURVE_S1.);
#1593 = ELLIPSE('',#1594,9.5,8.5);
#1594 = AXIS2_PLACEMENT_3D('',#1595,#1596,#1597);
#1595 = CARTESIAN_POINT('',(1.,-8.5,0.));
#1596 = DIRECTION('',(1.,0.,0.));
#1597 = DIRECTION('',(0.,1.,0.));
#1598 = PCURVE('',#66,#1599);
#1599 = DEFINITIONAL_REPRESENTATION('',(#1600),#1604);
#1600 = LINE('',#1601,#1602);
#1601 = CARTESIAN_POINT('',(0.,0.));
#1602 = VECTOR('',#1603,1.);
#1603 = DIRECTION('',(1.,0.));
#1604 = ( GEOMETRIC_REPRESENTATION_CONTEXT(2) 
PARAMETRIC_REPRESENTATION_CONTEXT() REPRESENTATION_CONTEXT('2D SPACE',''
  ) );
#1605 = PCURVE('',#1606,#1611);
#1606 = PLANE('',#1607);
#1607 = AXIS2_PLACEMENT_3D('',#1608,#1609,#1610);
#1608 = CARTESIAN_POINT('',(1.,-8.5,0.));
#1609 = DIRECTION('',(1.,0.,0.));
#1610 = DIRECTION('',(0.,1.,0.));
#1611 = DEFINITIONAL_REPRESENTATION('',(#1612),#1616);
#1612 = ELLIPSE('',#1613,9.5,8.5);
#1613 = AXIS2_PLACEMENT_2D('',#1614,#1615);
#1614 = CARTESIAN_POINT('',(0.,0.));
#1615 = DIRECTION('',(1.,0.));
#1616 = ( GEOMETRIC_REPRESENTATION_CONTEXT(2) 
PARAMETRIC_REPRESENTATION_CONTEXT() REPRESENTATION_CONTEXT('2D SPACE',''
  ) );
#1617 = ORIENTED_EDGE('',*,*,#1618,.F.);
#1618 = EDGE_CURVE('',#1619,#1590,#1621,.T.);
#1619 = VERTEX_POINT('',#1620);
#1620 = CARTESIAN_POINT('',(9.947386653469,-17.,-3.192847016899));
#1621 = SURFACE_CURVE('',#1622,(#1630,#1641),.PCURVE_S1.);
#1622 = B_SPLINE_CURVE_WITH_KNOTS('',6,(#1623,#1624,#1625,#1626,#1627,
    #1628,#1629),.UNSPECIFIED.,.F.,.F.,(7,7),(0.,1.),
  .PIECEWISE_BEZIER_KNOTS.);
#1623 = CARTESIAN_POINT('',(10.5,-17.,-3.152134047128));
#1624 = CARTESIAN_POINT('',(8.9173766074,-17.,-3.269431379482));
#1625 = CARTESIAN_POINT('',(7.334389863391,-17.,-3.381882573742));
#1626 = CARTESIAN_POINT('',(5.751115626325,-17.,-3.490297217536));
#1627 = CARTESIAN_POINT('',(4.167603803527,-17.,-3.595200250239));
#1628 = CARTESIAN_POINT('',(2.583890662016,-17.,-3.697008109553));
#1629 = CARTESIAN_POINT('',(1.,-17.,-3.796046922777));
#1630 = PCURVE('',#66,#1631);
#1631 = DEFINITIONAL_REPRESENTATION('',(#1632),#1640);
#1632 = B_SPLINE_CURVE_WITH_KNOTS('',6,(#1633,#1634,#1635,#1636,#1637,
    #1638,#1639),.UNSPECIFIED.,.F.,.F.,(7,7),(0.,1.),
  .PIECEWISE_BEZIER_KNOTS.);
#1633 = CARTESIAN_POINT('',(3.532838015699,0.229468599034));
#1634 = CARTESIAN_POINT('',(3.54624250491,0.191240980855));
#1635 = CARTESIAN_POINT('',(3.558949534117,0.153004586072));
#1636 = CARTESIAN_POINT('',(3.571068753347,0.114761247013));
#1637 = CARTESIAN_POINT('',(3.582671992363,7.651216916732E-02));
#1638 = CARTESIAN_POINT('',(3.593816496109,3.825822855112E-02));
#1639 = CARTESIAN_POINT('',(3.604547381744,0.));
#1640 = ( GEOMETRIC_REPRESENTATION_CONTEXT(2) 
PARAMETRIC_REPRESENTATION_CONTEXT() REPRESENTATION_CONTEXT('2D SPACE',''
  ) );
#1641 = PCURVE('',#1440,#1642);
#1642 = DEFINITIONAL_REPRESENTATION('',(#1643),#1651);
#1643 = B_SPLINE_CURVE_WITH_KNOTS('',6,(#1644,#1645,#1646,#1647,#1648,
    #1649,#1650),.UNSPECIFIED.,.F.,.F.,(7,7),(0.,1.),
  .PIECEWISE_BEZIER_KNOTS.);
#1644 = CARTESIAN_POINT('',(-3.152134047128,9.5));
#1645 = CARTESIAN_POINT('',(-3.269431379482,7.9173766074));
#1646 = CARTESIAN_POINT('',(-3.381882573742,6.334389863391));
#1647 = CARTESIAN_POINT('',(-3.490297217536,4.751115626325));
#1648 = CARTESIAN_POINT('',(-3.595200250239,3.167603803527));
#1649 = CARTESIAN_POINT('',(-3.697008109553,1.583890662016));
#1650 = CARTESIAN_POINT('',(-3.796046922777,0.));
#1651 = ( GEOMETRIC_REPRESENTATION_CONTEXT(2) 
PARAMETRIC_REPRESENTATION_CONTEXT() REPRESENTATION_CONTEXT('2D SPACE',''
  ) );
#1652 = ORIENTED_EDGE('',*,*,#1653,.F.);
#1653 = EDGE_CURVE('',#54,#1619,#1654,.T.);
#1654 = SURFACE_CURVE('',#1655,(#1714,#1776),.PCURVE_S1.);
#1655 = B_SPLINE_CURVE_WITH_KNOTS('',8,(#1656,#1657,#1658,#1659,#1660,
    #1661,#1662,#1663,#1664,#1665,#1666,#1667,#1668,#1669,#1670,#1671,
    #1672,#1673,#1674,#1675,#1676,#1677,#1678,#1679,#1680,#1681,#1682,
    #1683,#1684,#1685,#1686,#1687,#1688,#1689,#1690,#1691,#1692,#1693,
    #1694,#1695,#1696,#1697,#1698,#1699,#1700,#1701,#1702,#1703,#1704,
    #1705,#1706,#1707,#1708,#1709,#1710,#1711,#1712,#1713),
  .UNSPECIFIED.,.F.,.F.,(9,7,7,7,7,7,7,7,9),(0.,6.978851328093E-02,
    0.264006105906,0.400612818576,0.501828749135,0.599385333183,
    0.735976415986,0.930200070816,1.),.UNSPECIFIED.);
#1656 = CARTESIAN_POINT('',(9.947387124442,5.999999999062E-07,
    -3.19284569708));
#1657 = CARTESIAN_POINT('',(9.87535031184,-9.142698109285E-02,
    -3.39471616334));
#1658 = CARTESIAN_POINT('',(9.799537486055,-0.187921969019,
    -3.590723177501));
#1659 = CARTESIAN_POINT('',(9.720351279592,-0.28903591699,
    -3.780883163526));
#1660 = CARTESIAN_POINT('',(9.638166219475,-0.394356186461,
    -3.965252712172));
#1661 = CARTESIAN_POINT('',(9.553326388571,-0.503509558389,
    -4.143923400601));
#1662 = CARTESIAN_POINT('',(9.466143086903,-0.616165844499,
    -4.317016611982));
#1663 = CARTESIAN_POINT('',(9.376892492977,-0.732041498552,
    -4.484678355097));
#1664 = CARTESIAN_POINT('',(9.032345012139,-1.181688879669,
    -5.099012462169));
#1665 = CARTESIAN_POINT('',(8.765150228203,-1.535034348708,
    -5.509396059783));
#1666 = CARTESIAN_POINT('',(8.489043779234,-1.906326505623,
    -5.882796518129));
#1667 = CARTESIAN_POINT('',(8.207928562925,-2.292314591497,
    -6.222011281925));
#1668 = CARTESIAN_POINT('',(7.925324280221,-2.690537201072,
    -6.529583951136));
#1669 = CARTESIAN_POINT('',(7.644445224458,-3.099448269868,
    -6.807604339865));
#1670 = CARTESIAN_POINT('',(7.368451514693,-3.518361229843,
    -7.05794169294));
#1671 = CARTESIAN_POINT('',(6.912930059131,-4.249790131697,
    -7.439588316051));
#1672 = CARTESIAN_POINT('',(6.729324426824,-4.556602496125,
    -7.583967283031));
#1673 = CARTESIAN_POINT('',(6.551549403764,-4.868218017282,
    -7.715616879698));
#1674 = CARTESIAN_POINT('',(6.381241463838,-5.184637513065,-7.8347847921
    ));
#1675 = CARTESIAN_POINT('',(6.220363000282,-5.50583760301,
    -7.941561747538));
#1676 = CARTESIAN_POINT('',(6.071286220688,-5.831786700074,
    -8.035911625489));
#1677 = CARTESIAN_POINT('',(5.936773734764,-6.162440092248,
    -8.117679658459));
#1678 = CARTESIAN_POINT('',(5.732950754399,-6.746052861891,
    -8.237676258066));
#1679 = CARTESIAN_POINT('',(5.655779734713,-6.9969371964,-8.281694423708
    ));
#1680 = CARTESIAN_POINT('',(5.58940568209,-7.250113546149,-8.31852396354
    ));
#1681 = CARTESIAN_POINT('',(5.53505398785,-7.505298578554,
    -8.348014491536));
#1682 = CARTESIAN_POINT('',(5.493871674685,-7.762127914878,
    -8.370018183881));
#1683 = CARTESIAN_POINT('',(5.466743578052,-8.020138955848,
    -8.384410584293));
#1684 = CARTESIAN_POINT('',(5.454116187894,-8.278752763977,
    -8.391117520598));
#1685 = CARTESIAN_POINT('',(5.45769587939,-8.786427865955,
    -8.389216376049));
#1686 = CARTESIAN_POINT('',(5.472877433279,-9.035559097532,
    -8.381152987422));
#1687 = CARTESIAN_POINT('',(5.501451680657,-9.284036235975,
    -8.365962125773));
#1688 = CARTESIAN_POINT('',(5.542962290107,-9.53135061593,
    -8.343716986035));
#1689 = CARTESIAN_POINT('',(5.596590701876,-9.77709601921,
    -8.314532060624));
#1690 = CARTESIAN_POINT('',(5.661304538159,-10.02095352787,
    -8.278540269929));
#1691 = CARTESIAN_POINT('',(5.736008288541,-10.26267732384,
    -8.235875036953));
#1692 = CARTESIAN_POINT('',(5.936668020319,-10.83729155812,
    -8.117743519235));
#1693 = CARTESIAN_POINT('',(6.071157654987,-11.1679191612,
    -8.035991792345));
#1694 = CARTESIAN_POINT('',(6.220210799262,-11.49384336618,
    -7.941660308294));
#1695 = CARTESIAN_POINT('',(6.38106537025,-11.81501939363,
    -7.834903874524));
#1696 = CARTESIAN_POINT('',(6.551349521683,-12.13141564126,
    -7.715758694855));
#1697 = CARTESIAN_POINT('',(6.729101114541,-12.44300875091,
    -7.584134163892));
#1698 = CARTESIAN_POINT('',(6.912683880155,-12.749799588,-7.439782768497
    ));
#1699 = CARTESIAN_POINT('',(7.368190677558,-13.48124122121,
    -7.058176989903));
#1700 = CARTESIAN_POINT('',(7.644195965632,-13.90018652555,
    -6.807847944586));
#1701 = CARTESIAN_POINT('',(7.925089519051,-14.30912931826,
    -6.529833808426));
#1702 = CARTESIAN_POINT('',(8.207710486527,-14.70738319918,
    -6.222265329311));
#1703 = CARTESIAN_POINT('',(8.488844059573,-15.09340221074,
    -5.883052617348));
#1704 = CARTESIAN_POINT('',(8.764970146702,-15.46472499292,
    -5.50965185326));
#1705 = CARTESIAN_POINT('',(9.032185544008,-15.81810080401,
    -5.099265284079));
#1706 = CARTESIAN_POINT('',(9.376773981793,-16.26780464663,
    -4.484900975851));
#1707 = CARTESIAN_POINT('',(9.466043859712,-16.38370594566,
    -4.317213612084));
#1708 = CARTESIAN_POINT('',(9.553245925277,-16.49638692692,
    -4.144092851915));
#1709 = CARTESIAN_POINT('',(9.638103865536,-16.60556391322,
    -3.965392591735));
#1710 = CARTESIAN_POINT('',(9.720306220983,-16.71090655156,
    -3.780991366438));
#1711 = CARTESIAN_POINT('',(9.799508725609,-16.81204142688,
    -3.590797533506));
#1712 = CARTESIAN_POINT('',(9.875336646966,-16.90855567571,
    -3.394754457093));
#1713 = CARTESIAN_POINT('',(9.947387126216,-17.0000006,-3.19284569211));
#1714 = PCURVE('',#66,#1715);
#1715 = DEFINITIONAL_REPRESENTATION('',(#1716),#1775);
#1716 = B_SPLINE_CURVE_WITH_KNOTS('',8,(#1717,#1718,#1719,#1720,#1721,
    #1722,#1723,#1724,#1725,#1726,#1727,#1728,#1729,#1730,#1731,#1732,
    #1733,#1734,#1735,#1736,#1737,#1738,#1739,#1740,#1741,#1742,#1743,
    #1744,#1745,#1746,#1747,#1748,#1749,#1750,#1751,#1752,#1753,#1754,
    #1755,#1756,#1757,#1758,#1759,#1760,#1761,#1762,#1763,#1764,#1765,
    #1766,#1767,#1768,#1769,#1770,#1771,#1772,#1773,#1774),
  .UNSPECIFIED.,.F.,.F.,(9,7,7,7,7,7,7,7,9),(0.,6.978851328093E-02,
    0.264006105906,0.400612818576,0.501828749135,0.599385333183,
    0.735976415986,0.930200070816,1.),.UNSPECIFIED.);
#1717 = CARTESIAN_POINT('',(5.887294757757,0.216120461943));
#1718 = CARTESIAN_POINT('',(5.860958618402,0.214380442315));
#1719 = CARTESIAN_POINT('',(5.835076328891,0.212549214639));
#1720 = CARTESIAN_POINT('',(5.809637886195,0.210636504338));
#1721 = CARTESIAN_POINT('',(5.784631121593,0.208651357958));
#1722 = CARTESIAN_POINT('',(5.760041610622,0.20660208668));
#1723 = CARTESIAN_POINT('',(5.73585258303,0.204496209829));
#1724 = CARTESIAN_POINT('',(5.712044832729,0.202340398381));
#1725 = CARTESIAN_POINT('',(5.623341563443,0.194017995462));
#1726 = CARTESIAN_POINT('',(5.560982364657,0.187564015174));
#1727 = CARTESIAN_POINT('',(5.500923774018,0.180894777276));
#1728 = CARTESIAN_POINT('',(5.442813171148,0.17410455466));
#1729 = CARTESIAN_POINT('',(5.386331564273,0.167278364257));
#1730 = CARTESIAN_POINT('',(5.331192266681,0.160493846001));
#1731 = CARTESIAN_POINT('',(5.277087244544,0.153827331273));
#1732 = CARTESIAN_POINT('',(5.186063912485,0.142824397564));
#1733 = CARTESIAN_POINT('',(5.148858411343,0.138389478909));
#1734 = CARTESIAN_POINT('',(5.111919897855,0.134095396226));
#1735 = CARTESIAN_POINT('',(5.075156072572,0.12998167787));
#1736 = CARTESIAN_POINT('',(5.03848708607,0.126095724644));
#1737 = CARTESIAN_POINT('',(5.001838803914,0.122494836248));
#1738 = CARTESIAN_POINT('',(4.965140206574,0.119245742386));
#1739 = CARTESIAN_POINT('',(4.901050880842,0.11432248199));
#1740 = CARTESIAN_POINT('',(4.873713048678,0.112458447698));
#1741 = CARTESIAN_POINT('',(4.846304630042,0.110855209712));
#1742 = CARTESIAN_POINT('',(4.818823442234,0.109542366856));
#1743 = CARTESIAN_POINT('',(4.791274138819,0.108547624992));
#1744 = CARTESIAN_POINT('',(4.763669854652,0.107892356958));
#1745 = CARTESIAN_POINT('',(4.736034696112,0.107587347534));
#1746 = CARTESIAN_POINT('',(4.68177716589,0.107673813512));
#1747 = CARTESIAN_POINT('',(4.655147607999,0.108040517712));
#1748 = CARTESIAN_POINT('',(4.628550494687,0.108730716924));
#1749 = CARTESIAN_POINT('',(4.602006555042,0.10973338865));
#1750 = CARTESIAN_POINT('',(4.575526895063,0.111028760915));
#1751 = CARTESIAN_POINT('',(4.549115029617,0.112591897057));
#1752 = CARTESIAN_POINT('',(4.522768201549,0.114396335472));
#1753 = CARTESIAN_POINT('',(4.459667467454,0.119243188897));
#1754 = CARTESIAN_POINT('',(4.422972057684,0.122491730797));
#1755 = CARTESIAN_POINT('',(4.386326994863,0.126092048291));
#1756 = CARTESIAN_POINT('',(4.349661286985,0.129977424402));
#1757 = CARTESIAN_POINT('',(4.312900824239,0.134090568157));
#1758 = CARTESIAN_POINT('',(4.275965781519,0.138384084892));
#1759 = CARTESIAN_POINT('',(4.238763886823,0.142818451211));
#1760 = CARTESIAN_POINT('',(4.147741920525,0.153821030859));
#1761 = CARTESIAN_POINT('',(4.093634614887,0.160487825257));
#1762 = CARTESIAN_POINT('',(4.038493111839,0.167272693697));
#1763 = CARTESIAN_POINT('',(3.982009342833,0.174099287114));
#1764 = CARTESIAN_POINT('',(3.923896590444,0.18088995313));
#1765 = CARTESIAN_POINT('',(3.863835824518,0.187559665379));
#1766 = CARTESIAN_POINT('',(3.801474381581,0.194014143575));
#1767 = CARTESIAN_POINT('',(3.712764738618,0.202337535792));
#1768 = CARTESIAN_POINT('',(3.688952906416,0.204493813037));
#1769 = CARTESIAN_POINT('',(3.664759669762,0.206600143123));
#1770 = CARTESIAN_POINT('',(3.640165810785,0.208649851825));
#1771 = CARTESIAN_POINT('',(3.615154548876,0.210635415966));
#1772 = CARTESIAN_POINT('',(3.589711450448,0.212548519942));
#1773 = CARTESIAN_POINT('',(3.563824338713,0.214380112246));
#1774 = CARTESIAN_POINT('',(3.537483203441,0.216120461986));
#1775 = ( GEOMETRIC_REPRESENTATION_CONTEXT(2) 
PARAMETRIC_REPRESENTATION_CONTEXT() REPRESENTATION_CONTEXT('2D SPACE',''
  ) );
#1776 = PCURVE('',#1349,#1777);
#1777 = DEFINITIONAL_REPRESENTATION('',(#1778),#1837);
#1778 = B_SPLINE_CURVE_WITH_KNOTS('',8,(#1779,#1780,#1781,#1782,#1783,
    #1784,#1785,#1786,#1787,#1788,#1789,#1790,#1791,#1792,#1793,#1794,
    #1795,#1796,#1797,#1798,#1799,#1800,#1801,#1802,#1803,#1804,#1805,
    #1806,#1807,#1808,#1809,#1810,#1811,#1812,#1813,#1814,#1815,#1816,
    #1817,#1818,#1819,#1820,#1821,#1822,#1823,#1824,#1825,#1826,#1827,
    #1828,#1829,#1830,#1831,#1832,#1833,#1834,#1835,#1836),
  .UNSPECIFIED.,.F.,.F.,(9,7,7,7,7,7,7,7,9),(0.,6.978851328093E-02,
    0.264006105906,0.400612818576,0.501828749135,0.599385333183,
    0.735976415986,0.930200070816,1.),.UNSPECIFIED.);
#1779 = CARTESIAN_POINT('',(1.913557600077,17.0000006));
#1780 = CARTESIAN_POINT('',(1.936119546202,16.908573018907));
#1781 = CARTESIAN_POINT('',(1.95823377056,16.812078030981));
#1782 = CARTESIAN_POINT('',(1.979905178929,16.71096408301));
#1783 = CARTESIAN_POINT('',(2.001140694142,16.605643813539));
#1784 = CARTESIAN_POINT('',(2.021949191471,16.496490441611));
#1785 = CARTESIAN_POINT('',(2.042341433992,16.383834155501));
#1786 = CARTESIAN_POINT('',(2.062330007966,16.267958501448));
#1787 = CARTESIAN_POINT('',(2.136472893277,15.818311120331));
#1788 = CARTESIAN_POINT('',(2.187908225821,15.464965651292));
#1789 = CARTESIAN_POINT('',(2.236654042998,15.093673494377));
#1790 = CARTESIAN_POINT('',(2.282896349476,14.707685408503));
#1791 = CARTESIAN_POINT('',(2.326760925863,14.309462798928));
#1792 = CARTESIAN_POINT('',(2.368293974325,13.900551730132));
#1793 = CARTESIAN_POINT('',(2.407486266344,13.481638770157));
#1794 = CARTESIAN_POINT('',(2.4700407471,12.750209868303));
#1795 = CARTESIAN_POINT('',(2.494615541074,12.443397503875));
#1796 = CARTESIAN_POINT('',(2.517885639301,12.131781982718));
#1797 = CARTESIAN_POINT('',(2.539751219004,11.815362486935));
#1798 = CARTESIAN_POINT('',(2.560066150874,11.49416239699));
#1799 = CARTESIAN_POINT('',(2.57863205901,11.168213299926));
#1800 = CARTESIAN_POINT('',(2.595200456238,10.837559907752));
#1801 = CARTESIAN_POINT('',(2.620097583361,10.253947138109));
#1802 = CARTESIAN_POINT('',(2.629448532318,10.0030628036));
#1803 = CARTESIAN_POINT('',(2.637437986757,9.749886453851));
#1804 = CARTESIAN_POINT('',(2.643946821901,9.494701421446));
#1805 = CARTESIAN_POINT('',(2.648861760095,9.237872085122));
#1806 = CARTESIAN_POINT('',(2.652094342409,8.979861044152));
#1807 = CARTESIAN_POINT('',(2.653599398812,8.721247236023));
#1808 = CARTESIAN_POINT('',(2.653172744732,8.213572134045));
#1809 = CARTESIAN_POINT('',(2.651363266414,7.964440902468));
#1810 = CARTESIAN_POINT('',(2.647956818451,7.715963764025));
#1811 = CARTESIAN_POINT('',(2.642999441522,7.46864938407));
#1812 = CARTESIAN_POINT('',(2.636572862812,7.22290398079));
#1813 = CARTESIAN_POINT('',(2.628778932632,6.97904647213));
#1814 = CARTESIAN_POINT('',(2.619724041335,6.737322676154));
#1815 = CARTESIAN_POINT('',(2.595213456039,6.162708441876));
#1816 = CARTESIAN_POINT('',(2.578648004871,5.832080838796));
#1817 = CARTESIAN_POINT('',(2.560085231672,5.506156633816));
#1818 = CARTESIAN_POINT('',(2.539773584775,5.184980606367));
#1819 = CARTESIAN_POINT('',(2.517911421902,4.868584358736));
#1820 = CARTESIAN_POINT('',(2.494644868965,4.556991249089));
#1821 = CARTESIAN_POINT('',(2.470073755805,4.250200412));
#1822 = CARTESIAN_POINT('',(2.407523218875,3.518758778783));
#1823 = CARTESIAN_POINT('',(2.368330611007,3.099813474442));
#1824 = CARTESIAN_POINT('',(2.326796943091,2.690870681737));
#1825 = CARTESIAN_POINT('',(2.282931508886,2.292616800813));
#1826 = CARTESIAN_POINT('',(2.236688145251,1.906597789254));
#1827 = CARTESIAN_POINT('',(2.187941083886,1.535275007077));
#1828 = CARTESIAN_POINT('',(2.136504315964,1.181899195982));
#1829 = CARTESIAN_POINT('',(2.062356548946,0.732195353365));
#1830 = CARTESIAN_POINT('',(2.042364642844,0.616294054333));
#1831 = CARTESIAN_POINT('',(2.021968926312,0.503613073079));
#1832 = CARTESIAN_POINT('',(2.001156805377,0.394436086779));
#1833 = CARTESIAN_POINT('',(1.979917510205,0.289093448431));
#1834 = CARTESIAN_POINT('',(1.958242159695,0.18795857312));
#1835 = CARTESIAN_POINT('',(1.936123826079,9.144432428933E-02));
#1836 = CARTESIAN_POINT('',(1.913557599522,-6.E-07));
#1837 = ( GEOMETRIC_REPRESENTATION_CONTEXT(2) 
PARAMETRIC_REPRESENTATION_CONTEXT() REPRESENTATION_CONTEXT('2D SPACE',''
  ) );
#1838 = ADVANCED_FACE('',(#1839),#108,.T.);
#1839 = FACE_BOUND('',#1840,.T.);
#1840 = EDGE_LOOP('',(#1841,#1842,#1864,#1865,#1888,#1912));
#1841 = ORIENTED_EDGE('',*,*,#51,.T.);
#1842 = ORIENTED_EDGE('',*,*,#1843,.T.);
#1843 = EDGE_CURVE('',#54,#1189,#1844,.T.);
#1844 = SURFACE_CURVE('',#1845,(#1850,#1857),.PCURVE_S1.);
#1845 = CIRCLE('',#1846,9.5);
#1846 = AXIS2_PLACEMENT_3D('',#1847,#1848,#1849);
#1847 = CARTESIAN_POINT('',(1.,0.,0.));
#1848 = DIRECTION('',(0.,1.,0.));
#1849 = DIRECTION('',(0.941830173863,0.,-0.336089160197));
#1850 = PCURVE('',#108,#1851);
#1851 = DEFINITIONAL_REPRESENTATION('',(#1852),#1856);
#1852 = CIRCLE('',#1853,9.5);
#1853 = AXIS2_PLACEMENT_2D('',#1854,#1855);
#1854 = CARTESIAN_POINT('',(0.,0.));
#1855 = DIRECTION('',(-0.336089160197,0.941830173863));
#1856 = ( GEOMETRIC_REPRESENTATION_CONTEXT(2) 
PARAMETRIC_REPRESENTATION_CONTEXT() REPRESENTATION_CONTEXT('2D SPACE',''
  ) );
#1857 = PCURVE('',#1349,#1858);
#1858 = DEFINITIONAL_REPRESENTATION('',(#1859),#1863);
#1859 = LINE('',#1860,#1861);
#1860 = CARTESIAN_POINT('',(1.913557748141,17.));
#1861 = VECTOR('',#1862,1.);
#1862 = DIRECTION('',(1.,0.));
#1863 = ( GEOMETRIC_REPRESENTATION_CONTEXT(2) 
PARAMETRIC_REPRESENTATION_CONTEXT() REPRESENTATION_CONTEXT('2D SPACE',''
  ) );
#1864 = ORIENTED_EDGE('',*,*,#1188,.F.);
#1865 = ORIENTED_EDGE('',*,*,#1866,.F.);
#1866 = EDGE_CURVE('',#1867,#1160,#1869,.T.);
#1867 = VERTEX_POINT('',#1868);
#1868 = CARTESIAN_POINT('',(1.,0.,1.6));
#1869 = SURFACE_CURVE('',#1870,(#1874,#1881),.PCURVE_S1.);
#1870 = LINE('',#1871,#1872);
#1871 = CARTESIAN_POINT('',(1.,0.,0.));
#1872 = VECTOR('',#1873,1.);
#1873 = DIRECTION('',(0.,0.,1.));
#1874 = PCURVE('',#108,#1875);
#1875 = DEFINITIONAL_REPRESENTATION('',(#1876),#1880);
#1876 = LINE('',#1877,#1878);
#1877 = CARTESIAN_POINT('',(0.,0.));
#1878 = VECTOR('',#1879,1.);
#1879 = DIRECTION('',(1.,0.));
#1880 = ( GEOMETRIC_REPRESENTATION_CONTEXT(2) 
PARAMETRIC_REPRESENTATION_CONTEXT() REPRESENTATION_CONTEXT('2D SPACE',''
  ) );
#1881 = PCURVE('',#1176,#1882);
#1882 = DEFINITIONAL_REPRESENTATION('',(#1883),#1887);
#1883 = LINE('',#1884,#1885);
#1884 = CARTESIAN_POINT('',(8.5,0.));
#1885 = VECTOR('',#1886,1.);
#1886 = DIRECTION('',(0.,1.));
#1887 = ( GEOMETRIC_REPRESENTATION_CONTEXT(2) 
PARAMETRIC_REPRESENTATION_CONTEXT() REPRESENTATION_CONTEXT('2D SPACE',''
  ) );
#1888 = ORIENTED_EDGE('',*,*,#1889,.F.);
#1889 = EDGE_CURVE('',#1890,#1867,#1892,.T.);
#1890 = VERTEX_POINT('',#1891);
#1891 = CARTESIAN_POINT('',(1.,0.,-1.6));
#1892 = SURFACE_CURVE('',#1893,(#1898,#1905),.PCURVE_S1.);
#1893 = CIRCLE('',#1894,1.6);
#1894 = AXIS2_PLACEMENT_3D('',#1895,#1896,#1897);
#1895 = CARTESIAN_POINT('',(1.,0.,0.));
#1896 = DIRECTION('',(0.,1.,0.));
#1897 = DIRECTION('',(0.,-0.,1.));
#1898 = PCURVE('',#108,#1899);
#1899 = DEFINITIONAL_REPRESENTATION('',(#1900),#1904);
#1900 = CIRCLE('',#1901,1.6);
#1901 = AXIS2_PLACEMENT_2D('',#1902,#1903);
#1902 = CARTESIAN_POINT('',(0.,0.));
#1903 = DIRECTION('',(1.,0.));
#1904 = ( GEOMETRIC_REPRESENTATION_CONTEXT(2) 
PARAMETRIC_REPRESENTATION_CONTEXT() REPRESENTATION_CONTEXT('2D SPACE',''
  ) );
#1905 = PCURVE('',#195,#1906);
#1906 = DEFINITIONAL_REPRESENTATION('',(#1907),#1911);
#1907 = LINE('',#1908,#1909);
#1908 = CARTESIAN_POINT('',(0.,25.5));
#1909 = VECTOR('',#1910,1.);
#1910 = DIRECTION('',(1.,0.));
#1911 = ( GEOMETRIC_REPRESENTATION_CONTEXT(2) 
PARAMETRIC_REPRESENTATION_CONTEXT() REPRESENTATION_CONTEXT('2D SPACE',''
  ) );
#1912 = ORIENTED_EDGE('',*,*,#1913,.F.);
#1913 = EDGE_CURVE('',#52,#1890,#1914,.T.);
#1914 = SURFACE_CURVE('',#1915,(#1919,#1926),.PCURVE_S1.);
#1915 = LINE('',#1916,#1917);
#1916 = CARTESIAN_POINT('',(1.,0.,0.));
#1917 = VECTOR('',#1918,1.);
#1918 = DIRECTION('',(0.,0.,1.));
#1919 = PCURVE('',#108,#1920);
#1920 = DEFINITIONAL_REPRESENTATION('',(#1921),#1925);
#1921 = LINE('',#1922,#1923);
#1922 = CARTESIAN_POINT('',(0.,0.));
#1923 = VECTOR('',#1924,1.);
#1924 = DIRECTION('',(1.,0.));
#1925 = ( GEOMETRIC_REPRESENTATION_CONTEXT(2) 
PARAMETRIC_REPRESENTATION_CONTEXT() REPRESENTATION_CONTEXT('2D SPACE',''
  ) );
#1926 = PCURVE('',#141,#1927);
#1927 = DEFINITIONAL_REPRESENTATION('',(#1928),#1932);
#1928 = LINE('',#1929,#1930);
#1929 = CARTESIAN_POINT('',(8.5,0.));
#1930 = VECTOR('',#1931,1.);
#1931 = DIRECTION('',(0.,1.));
#1932 = ( GEOMETRIC_REPRESENTATION_CONTEXT(2) 
PARAMETRIC_REPRESENTATION_CONTEXT() REPRESENTATION_CONTEXT('2D SPACE',''
  ) );
#1933 = ADVANCED_FACE('',(#1934),#1349,.T.);
#1934 = FACE_BOUND('',#1935,.T.);
#1935 = EDGE_LOOP('',(#1936,#1958,#1959,#1960));
#1936 = ORIENTED_EDGE('',*,*,#1937,.T.);
#1937 = EDGE_CURVE('',#1619,#1224,#1938,.T.);
#1938 = SURFACE_CURVE('',#1939,(#1944,#1951),.PCURVE_S1.);
#1939 = CIRCLE('',#1940,9.5);
#1940 = AXIS2_PLACEMENT_3D('',#1941,#1942,#1943);
#1941 = CARTESIAN_POINT('',(1.,-17.,0.));
#1942 = DIRECTION('',(0.,1.,0.));
#1943 = DIRECTION('',(0.941830174049,0.,-0.336089159674));
#1944 = PCURVE('',#1349,#1945);
#1945 = DEFINITIONAL_REPRESENTATION('',(#1946),#1950);
#1946 = LINE('',#1947,#1948);
#1947 = CARTESIAN_POINT('',(1.913557747586,0.));
#1948 = VECTOR('',#1949,1.);
#1949 = DIRECTION('',(1.,0.));
#1950 = ( GEOMETRIC_REPRESENTATION_CONTEXT(2) 
PARAMETRIC_REPRESENTATION_CONTEXT() REPRESENTATION_CONTEXT('2D SPACE',''
  ) );
#1951 = PCURVE('',#1440,#1952);
#1952 = DEFINITIONAL_REPRESENTATION('',(#1953),#1957);
#1953 = CIRCLE('',#1954,9.5);
#1954 = AXIS2_PLACEMENT_2D('',#1955,#1956);
#1955 = CARTESIAN_POINT('',(0.,0.));
#1956 = DIRECTION('',(-0.336089159674,0.941830174049));
#1957 = ( GEOMETRIC_REPRESENTATION_CONTEXT(2) 
PARAMETRIC_REPRESENTATION_CONTEXT() REPRESENTATION_CONTEXT('2D SPACE',''
  ) );
#1958 = ORIENTED_EDGE('',*,*,#1223,.T.);
#1959 = ORIENTED_EDGE('',*,*,#1843,.F.);
#1960 = ORIENTED_EDGE('',*,*,#1653,.T.);
#1961 = ADVANCED_FACE('',(#1962),#1440,.F.);
#1962 = FACE_BOUND('',#1963,.F.);
#1963 = EDGE_LOOP('',(#1964,#1965,#1966,#1967,#1990,#2014));
#1964 = ORIENTED_EDGE('',*,*,#1618,.F.);
#1965 = ORIENTED_EDGE('',*,*,#1937,.T.);
#1966 = ORIENTED_EDGE('',*,*,#1416,.F.);
#1967 = ORIENTED_EDGE('',*,*,#1968,.F.);
#1968 = EDGE_CURVE('',#1969,#1417,#1971,.T.);
#1969 = VERTEX_POINT('',#1970);
#1970 = CARTESIAN_POINT('',(1.,-17.,1.6));
#1971 = SURFACE_CURVE('',#1972,(#1976,#1983),.PCURVE_S1.);
#1972 = LINE('',#1973,#1974);
#1973 = CARTESIAN_POINT('',(1.,-17.,0.));
#1974 = VECTOR('',#1975,1.);
#1975 = DIRECTION('',(0.,0.,1.));
#1976 = PCURVE('',#1440,#1977);
#1977 = DEFINITIONAL_REPRESENTATION('',(#1978),#1982);
#1978 = LINE('',#1979,#1980);
#1979 = CARTESIAN_POINT('',(0.,0.));
#1980 = VECTOR('',#1981,1.);
#1981 = DIRECTION('',(1.,0.));
#1982 = ( GEOMETRIC_REPRESENTATION_CONTEXT(2) 
PARAMETRIC_REPRESENTATION_CONTEXT() REPRESENTATION_CONTEXT('2D SPACE',''
  ) );
#1983 = PCURVE('',#1473,#1984);
#1984 = DEFINITIONAL_REPRESENTATION('',(#1985),#1989);
#1985 = LINE('',#1986,#1987);
#1986 = CARTESIAN_POINT('',(-8.5,0.));
#1987 = VECTOR('',#1988,1.);
#1988 = DIRECTION('',(0.,1.));
#1989 = ( GEOMETRIC_REPRESENTATION_CONTEXT(2) 
PARAMETRIC_REPRESENTATION_CONTEXT() REPRESENTATION_CONTEXT('2D SPACE',''
  ) );
#1990 = ORIENTED_EDGE('',*,*,#1991,.F.);
#1991 = EDGE_CURVE('',#1992,#1969,#1994,.T.);
#1992 = VERTEX_POINT('',#1993);
#1993 = CARTESIAN_POINT('',(1.,-17.,-1.6));
#1994 = SURFACE_CURVE('',#1995,(#2000,#2007),.PCURVE_S1.);
#1995 = CIRCLE('',#1996,1.6);
#1996 = AXIS2_PLACEMENT_3D('',#1997,#1998,#1999);
#1997 = CARTESIAN_POINT('',(1.,-17.,0.));
#1998 = DIRECTION('',(0.,1.,0.));
#1999 = DIRECTION('',(0.,-0.,1.));
#2000 = PCURVE('',#1440,#2001);
#2001 = DEFINITIONAL_REPRESENTATION('',(#2002),#2006);
#2002 = CIRCLE('',#2003,1.6);
#2003 = AXIS2_PLACEMENT_2D('',#2004,#2005);
#2004 = CARTESIAN_POINT('',(0.,0.));
#2005 = DIRECTION('',(1.,0.));
#2006 = ( GEOMETRIC_REPRESENTATION_CONTEXT(2) 
PARAMETRIC_REPRESENTATION_CONTEXT() REPRESENTATION_CONTEXT('2D SPACE',''
  ) );
#2007 = PCURVE('',#195,#2008);
#2008 = DEFINITIONAL_REPRESENTATION('',(#2009),#2013);
#2009 = LINE('',#2010,#2011);
#2010 = CARTESIAN_POINT('',(0.,8.5));
#2011 = VECTOR('',#2012,1.);
#2012 = DIRECTION('',(1.,0.));
#2013 = ( GEOMETRIC_REPRESENTATION_CONTEXT(2) 
PARAMETRIC_REPRESENTATION_CONTEXT() REPRESENTATION_CONTEXT('2D SPACE',''
  ) );
#2014 = ORIENTED_EDGE('',*,*,#2015,.F.);
#2015 = EDGE_CURVE('',#1590,#1992,#2016,.T.);
#2016 = SURFACE_CURVE('',#2017,(#2021,#2028),.PCURVE_S1.);
#2017 = LINE('',#2018,#2019);
#2018 = CARTESIAN_POINT('',(1.,-17.,0.));
#2019 = VECTOR('',#2020,1.);
#2020 = DIRECTION('',(0.,0.,1.));
#2021 = PCURVE('',#1440,#2022);
#2022 = DEFINITIONAL_REPRESENTATION('',(#2023),#2027);
#2023 = LINE('',#2024,#2025);
#2024 = CARTESIAN_POINT('',(0.,0.));
#2025 = VECTOR('',#2026,1.);
#2026 = DIRECTION('',(1.,0.));
#2027 = ( GEOMETRIC_REPRESENTATION_CONTEXT(2) 
PARAMETRIC_REPRESENTATION_CONTEXT() REPRESENTATION_CONTEXT('2D SPACE',''
  ) );
#2028 = PCURVE('',#1606,#2029);
#2029 = DEFINITIONAL_REPRESENTATION('',(#2030),#2034);
#2030 = LINE('',#2031,#2032);
#2031 = CARTESIAN_POINT('',(-8.5,0.));
#2032 = VECTOR('',#2033,1.);
#2033 = DIRECTION('',(0.,1.));
#2034 = ( GEOMETRIC_REPRESENTATION_CONTEXT(2) 
PARAMETRIC_REPRESENTATION_CONTEXT() REPRESENTATION_CONTEXT('2D SPACE',''
  ) );
#2035 = ADVANCED_FACE('',(#2036),#1606,.F.);
#2036 = FACE_BOUND('',#2037,.F.);
#2037 = EDGE_LOOP('',(#2038,#2039,#2060));
#2038 = ORIENTED_EDGE('',*,*,#2015,.T.);
#2039 = ORIENTED_EDGE('',*,*,#2040,.F.);
#2040 = EDGE_CURVE('',#1486,#1992,#2041,.T.);
#2041 = SURFACE_CURVE('',#2042,(#2046,#2053),.PCURVE_S1.);
#2042 = LINE('',#2043,#2044);
#2043 = CARTESIAN_POINT('',(1.,-25.5,-1.6));
#2044 = VECTOR('',#2045,1.);
#2045 = DIRECTION('',(0.,1.,0.));
#2046 = PCURVE('',#1606,#2047);
#2047 = DEFINITIONAL_REPRESENTATION('',(#2048),#2052);
#2048 = LINE('',#2049,#2050);
#2049 = CARTESIAN_POINT('',(-17.,-1.6));
#2050 = VECTOR('',#2051,1.);
#2051 = DIRECTION('',(1.,0.));
#2052 = ( GEOMETRIC_REPRESENTATION_CONTEXT(2) 
PARAMETRIC_REPRESENTATION_CONTEXT() REPRESENTATION_CONTEXT('2D SPACE',''
  ) );
#2053 = PCURVE('',#195,#2054);
#2054 = DEFINITIONAL_REPRESENTATION('',(#2055),#2059);
#2055 = LINE('',#2056,#2057);
#2056 = CARTESIAN_POINT('',(3.14159265359,0.));
#2057 = VECTOR('',#2058,1.);
#2058 = DIRECTION('',(0.,1.));
#2059 = ( GEOMETRIC_REPRESENTATION_CONTEXT(2) 
PARAMETRIC_REPRESENTATION_CONTEXT() REPRESENTATION_CONTEXT('2D SPACE',''
  ) );
#2060 = ORIENTED_EDGE('',*,*,#1589,.T.);
#2061 = ADVANCED_FACE('',(#2062),#195,.F.);
#2062 = FACE_BOUND('',#2063,.F.);
#2063 = EDGE_LOOP('',(#2064,#2065,#2086,#2107,#2128,#2129,#2130,#2131,
    #2132,#2133,#2154));
#2064 = ORIENTED_EDGE('',*,*,#1097,.F.);
#2065 = ORIENTED_EDGE('',*,*,#2066,.F.);
#2066 = EDGE_CURVE('',#1867,#1098,#2067,.T.);
#2067 = SURFACE_CURVE('',#2068,(#2072,#2079),.PCURVE_S1.);
#2068 = LINE('',#2069,#2070);
#2069 = CARTESIAN_POINT('',(1.,-25.5,1.6));
#2070 = VECTOR('',#2071,1.);
#2071 = DIRECTION('',(0.,1.,0.));
#2072 = PCURVE('',#195,#2073);
#2073 = DEFINITIONAL_REPRESENTATION('',(#2074),#2078);
#2074 = LINE('',#2075,#2076);
#2075 = CARTESIAN_POINT('',(0.,-0.));
#2076 = VECTOR('',#2077,1.);
#2077 = DIRECTION('',(0.,1.));
#2078 = ( GEOMETRIC_REPRESENTATION_CONTEXT(2) 
PARAMETRIC_REPRESENTATION_CONTEXT() REPRESENTATION_CONTEXT('2D SPACE',''
  ) );
#2079 = PCURVE('',#1176,#2080);
#2080 = DEFINITIONAL_REPRESENTATION('',(#2081),#2085);
#2081 = LINE('',#2082,#2083);
#2082 = CARTESIAN_POINT('',(-17.,1.6));
#2083 = VECTOR('',#2084,1.);
#2084 = DIRECTION('',(1.,0.));
#2085 = ( GEOMETRIC_REPRESENTATION_CONTEXT(2) 
PARAMETRIC_REPRESENTATION_CONTEXT() REPRESENTATION_CONTEXT('2D SPACE',''
  ) );
#2086 = ORIENTED_EDGE('',*,*,#2087,.F.);
#2087 = EDGE_CURVE('',#1969,#1867,#2088,.T.);
#2088 = SEAM_CURVE('',#2089,(#2093,#2100),.PCURVE_S1.);
#2089 = LINE('',#2090,#2091);
#2090 = CARTESIAN_POINT('',(1.,-25.5,1.6));
#2091 = VECTOR('',#2092,1.);
#2092 = DIRECTION('',(0.,1.,0.));
#2093 = PCURVE('',#195,#2094);
#2094 = DEFINITIONAL_REPRESENTATION('',(#2095),#2099);
#2095 = LINE('',#2096,#2097);
#2096 = CARTESIAN_POINT('',(6.28318530718,-0.));
#2097 = VECTOR('',#2098,1.);
#2098 = DIRECTION('',(0.,1.));
#2099 = ( GEOMETRIC_REPRESENTATION_CONTEXT(2) 
PARAMETRIC_REPRESENTATION_CONTEXT() REPRESENTATION_CONTEXT('2D SPACE',''
  ) );
#2100 = PCURVE('',#195,#2101);
#2101 = DEFINITIONAL_REPRESENTATION('',(#2102),#2106);
#2102 = LINE('',#2103,#2104);
#2103 = CARTESIAN_POINT('',(0.,-0.));
#2104 = VECTOR('',#2105,1.);
#2105 = DIRECTION('',(0.,1.));
#2106 = ( GEOMETRIC_REPRESENTATION_CONTEXT(2) 
PARAMETRIC_REPRESENTATION_CONTEXT() REPRESENTATION_CONTEXT('2D SPACE',''
  ) );
#2107 = ORIENTED_EDGE('',*,*,#2108,.F.);
#2108 = EDGE_CURVE('',#1457,#1969,#2109,.T.);
#2109 = SURFACE_CURVE('',#2110,(#2114,#2121),.PCURVE_S1.);
#2110 = LINE('',#2111,#2112);
#2111 = CARTESIAN_POINT('',(1.,-25.5,1.6));
#2112 = VECTOR('',#2113,1.);
#2113 = DIRECTION('',(0.,1.,0.));
#2114 = PCURVE('',#195,#2115);
#2115 = DEFINITIONAL_REPRESENTATION('',(#2116),#2120);
#2116 = LINE('',#2117,#2118);
#2117 = CARTESIAN_POINT('',(0.,-0.));
#2118 = VECTOR('',#2119,1.);
#2119 = DIRECTION('',(0.,1.));
#2120 = ( GEOMETRIC_REPRESENTATION_CONTEXT(2) 
PARAMETRIC_REPRESENTATION_CONTEXT() REPRESENTATION_CONTEXT('2D SPACE',''
  ) );
#2121 = PCURVE('',#1473,#2122);
#2122 = DEFINITIONAL_REPRESENTATION('',(#2123),#2127);
#2123 = LINE('',#2124,#2125);
#2124 = CARTESIAN_POINT('',(-17.,1.6));
#2125 = VECTOR('',#2126,1.);
#2126 = DIRECTION('',(1.,0.));
#2127 = ( GEOMETRIC_REPRESENTATION_CONTEXT(2) 
PARAMETRIC_REPRESENTATION_CONTEXT() REPRESENTATION_CONTEXT('2D SPACE',''
  ) );
#2128 = ORIENTED_EDGE('',*,*,#1485,.T.);
#2129 = ORIENTED_EDGE('',*,*,#2040,.T.);
#2130 = ORIENTED_EDGE('',*,*,#1991,.T.);
#2131 = ORIENTED_EDGE('',*,*,#2087,.T.);
#2132 = ORIENTED_EDGE('',*,*,#1889,.F.);
#2133 = ORIENTED_EDGE('',*,*,#2134,.T.);
#2134 = EDGE_CURVE('',#1890,#125,#2135,.T.);
#2135 = SURFACE_CURVE('',#2136,(#2140,#2147),.PCURVE_S1.);
#2136 = LINE('',#2137,#2138);
#2137 = CARTESIAN_POINT('',(1.,-25.5,-1.6));
#2138 = VECTOR('',#2139,1.);
#2139 = DIRECTION('',(0.,1.,0.));
#2140 = PCURVE('',#195,#2141);
#2141 = DEFINITIONAL_REPRESENTATION('',(#2142),#2146);
#2142 = LINE('',#2143,#2144);
#2143 = CARTESIAN_POINT('',(3.14159265359,0.));
#2144 = VECTOR('',#2145,1.);
#2145 = DIRECTION('',(0.,1.));
#2146 = ( GEOMETRIC_REPRESENTATION_CONTEXT(2) 
PARAMETRIC_REPRESENTATION_CONTEXT() REPRESENTATION_CONTEXT('2D SPACE',''
  ) );
#2147 = PCURVE('',#141,#2148);
#2148 = DEFINITIONAL_REPRESENTATION('',(#2149),#2153);
#2149 = LINE('',#2150,#2151);
#2150 = CARTESIAN_POINT('',(-17.,-1.6));
#2151 = VECTOR('',#2152,1.);
#2152 = DIRECTION('',(1.,0.));
#2153 = ( GEOMETRIC_REPRESENTATION_CONTEXT(2) 
PARAMETRIC_REPRESENTATION_CONTEXT() REPRESENTATION_CONTEXT('2D SPACE',''
  ) );
#2154 = ORIENTED_EDGE('',*,*,#153,.T.);
#2155 = ADVANCED_FACE('',(#2156),#1473,.F.);
#2156 = FACE_BOUND('',#2157,.F.);
#2157 = EDGE_LOOP('',(#2158,#2159,#2160));
#2158 = ORIENTED_EDGE('',*,*,#2108,.T.);
#2159 = ORIENTED_EDGE('',*,*,#1968,.T.);
#2160 = ORIENTED_EDGE('',*,*,#1456,.T.);
#2161 = ADVANCED_FACE('',(#2162),#1176,.F.);
#2162 = FACE_BOUND('',#2163,.F.);
#2163 = EDGE_LOOP('',(#2164,#2165,#2166));
#2164 = ORIENTED_EDGE('',*,*,#1866,.F.);
#2165 = ORIENTED_EDGE('',*,*,#2066,.T.);
#2166 = ORIENTED_EDGE('',*,*,#1159,.T.);
#2167 = ADVANCED_FACE('',(#2168),#280,.F.);
#2168 = FACE_BOUND('',#2169,.F.);
#2169 = EDGE_LOOP('',(#2170,#2193,#2194,#2195,#2218,#2240,#2263,#2287,
    #2308,#2309,#2330));
#2170 = ORIENTED_EDGE('',*,*,#2171,.T.);
#2171 = EDGE_CURVE('',#2172,#1014,#2174,.T.);
#2172 = VERTEX_POINT('',#2173);
#2173 = CARTESIAN_POINT('',(42.4,-1.02,1.6));
#2174 = SURFACE_CURVE('',#2175,(#2179,#2186),.PCURVE_S1.);
#2175 = LINE('',#2176,#2177);
#2176 = CARTESIAN_POINT('',(42.4,-23.46,1.6));
#2177 = VECTOR('',#2178,1.);
#2178 = DIRECTION('',(0.,1.,0.));
#2179 = PCURVE('',#280,#2180);
#2180 = DEFINITIONAL_REPRESENTATION('',(#2181),#2185);
#2181 = LINE('',#2182,#2183);
#2182 = CARTESIAN_POINT('',(6.28318530718,-0.));
#2183 = VECTOR('',#2184,1.);
#2184 = DIRECTION('',(0.,1.));
#2185 = ( GEOMETRIC_REPRESENTATION_CONTEXT(2) 
PARAMETRIC_REPRESENTATION_CONTEXT() REPRESENTATION_CONTEXT('2D SPACE',''
  ) );
#2186 = PCURVE('',#1030,#2187);
#2187 = DEFINITIONAL_REPRESENTATION('',(#2188),#2192);
#2188 = LINE('',#2189,#2190);
#2189 = CARTESIAN_POINT('',(-14.96,1.6));
#2190 = VECTOR('',#2191,1.);
#2191 = DIRECTION('',(1.,0.));
#2192 = ( GEOMETRIC_REPRESENTATION_CONTEXT(2) 
PARAMETRIC_REPRESENTATION_CONTEXT() REPRESENTATION_CONTEXT('2D SPACE',''
  ) );
#2193 = ORIENTED_EDGE('',*,*,#1042,.T.);
#2194 = ORIENTED_EDGE('',*,*,#242,.T.);
#2195 = ORIENTED_EDGE('',*,*,#2196,.F.);
#2196 = EDGE_CURVE('',#2197,#243,#2199,.T.);
#2197 = VERTEX_POINT('',#2198);
#2198 = CARTESIAN_POINT('',(42.4,-1.02,-1.6));
#2199 = SURFACE_CURVE('',#2200,(#2204,#2211),.PCURVE_S1.);
#2200 = LINE('',#2201,#2202);
#2201 = CARTESIAN_POINT('',(42.4,-23.46,-1.6));
#2202 = VECTOR('',#2203,1.);
#2203 = DIRECTION('',(0.,1.,0.));
#2204 = PCURVE('',#280,#2205);
#2205 = DEFINITIONAL_REPRESENTATION('',(#2206),#2210);
#2206 = LINE('',#2207,#2208);
#2207 = CARTESIAN_POINT('',(3.14159265359,0.));
#2208 = VECTOR('',#2209,1.);
#2209 = DIRECTION('',(0.,1.));
#2210 = ( GEOMETRIC_REPRESENTATION_CONTEXT(2) 
PARAMETRIC_REPRESENTATION_CONTEXT() REPRESENTATION_CONTEXT('2D SPACE',''
  ) );
#2211 = PCURVE('',#320,#2212);
#2212 = DEFINITIONAL_REPRESENTATION('',(#2213),#2217);
#2213 = LINE('',#2214,#2215);
#2214 = CARTESIAN_POINT('',(-14.96,-1.6));
#2215 = VECTOR('',#2216,1.);
#2216 = DIRECTION('',(1.,0.));
#2217 = ( GEOMETRIC_REPRESENTATION_CONTEXT(2) 
PARAMETRIC_REPRESENTATION_CONTEXT() REPRESENTATION_CONTEXT('2D SPACE',''
  ) );
#2218 = ORIENTED_EDGE('',*,*,#2219,.F.);
#2219 = EDGE_CURVE('',#2172,#2197,#2220,.T.);
#2220 = SURFACE_CURVE('',#2221,(#2226,#2233),.PCURVE_S1.);
#2221 = CIRCLE('',#2222,1.6);
#2222 = AXIS2_PLACEMENT_3D('',#2223,#2224,#2225);
#2223 = CARTESIAN_POINT('',(42.4,-1.02,0.));
#2224 = DIRECTION('',(0.,1.,0.));
#2225 = DIRECTION('',(0.,-0.,1.));
#2226 = PCURVE('',#280,#2227);
#2227 = DEFINITIONAL_REPRESENTATION('',(#2228),#2232);
#2228 = LINE('',#2229,#2230);
#2229 = CARTESIAN_POINT('',(0.,22.44));
#2230 = VECTOR('',#2231,1.);
#2231 = DIRECTION('',(1.,0.));
#2232 = ( GEOMETRIC_REPRESENTATION_CONTEXT(2) 
PARAMETRIC_REPRESENTATION_CONTEXT() REPRESENTATION_CONTEXT('2D SPACE',''
  ) );
#2233 = PCURVE('',#356,#2234);
#2234 = DEFINITIONAL_REPRESENTATION('',(#2235),#2239);
#2235 = CIRCLE('',#2236,1.6);
#2236 = AXIS2_PLACEMENT_2D('',#2237,#2238);
#2237 = CARTESIAN_POINT('',(0.,0.));
#2238 = DIRECTION('',(1.,0.));
#2239 = ( GEOMETRIC_REPRESENTATION_CONTEXT(2) 
PARAMETRIC_REPRESENTATION_CONTEXT() REPRESENTATION_CONTEXT('2D SPACE',''
  ) );
#2240 = ORIENTED_EDGE('',*,*,#2241,.F.);
#2241 = EDGE_CURVE('',#2242,#2172,#2244,.T.);
#2242 = VERTEX_POINT('',#2243);
#2243 = CARTESIAN_POINT('',(42.4,-15.98,1.6));
#2244 = SEAM_CURVE('',#2245,(#2249,#2256),.PCURVE_S1.);
#2245 = LINE('',#2246,#2247);
#2246 = CARTESIAN_POINT('',(42.4,-23.46,1.6));
#2247 = VECTOR('',#2248,1.);
#2248 = DIRECTION('',(0.,1.,0.));
#2249 = PCURVE('',#280,#2250);
#2250 = DEFINITIONAL_REPRESENTATION('',(#2251),#2255);
#2251 = LINE('',#2252,#2253);
#2252 = CARTESIAN_POINT('',(6.28318530718,-0.));
#2253 = VECTOR('',#2254,1.);
#2254 = DIRECTION('',(0.,1.));
#2255 = ( GEOMETRIC_REPRESENTATION_CONTEXT(2) 
PARAMETRIC_REPRESENTATION_CONTEXT() REPRESENTATION_CONTEXT('2D SPACE',''
  ) );
#2256 = PCURVE('',#280,#2257);
#2257 = DEFINITIONAL_REPRESENTATION('',(#2258),#2262);
#2258 = LINE('',#2259,#2260);
#2259 = CARTESIAN_POINT('',(0.,-0.));
#2260 = VECTOR('',#2261,1.);
#2261 = DIRECTION('',(0.,1.));
#2262 = ( GEOMETRIC_REPRESENTATION_CONTEXT(2) 
PARAMETRIC_REPRESENTATION_CONTEXT() REPRESENTATION_CONTEXT('2D SPACE',''
  ) );
#2263 = ORIENTED_EDGE('',*,*,#2264,.T.);
#2264 = EDGE_CURVE('',#2242,#2265,#2267,.T.);
#2265 = VERTEX_POINT('',#2266);
#2266 = CARTESIAN_POINT('',(42.4,-15.98,-1.6));
#2267 = SURFACE_CURVE('',#2268,(#2273,#2280),.PCURVE_S1.);
#2268 = CIRCLE('',#2269,1.6);
#2269 = AXIS2_PLACEMENT_3D('',#2270,#2271,#2272);
#2270 = CARTESIAN_POINT('',(42.4,-15.98,0.));
#2271 = DIRECTION('',(0.,1.,0.));
#2272 = DIRECTION('',(0.,-0.,1.));
#2273 = PCURVE('',#280,#2274);
#2274 = DEFINITIONAL_REPRESENTATION('',(#2275),#2279);
#2275 = LINE('',#2276,#2277);
#2276 = CARTESIAN_POINT('',(0.,7.48));
#2277 = VECTOR('',#2278,1.);
#2278 = DIRECTION('',(1.,0.));
#2279 = ( GEOMETRIC_REPRESENTATION_CONTEXT(2) 
PARAMETRIC_REPRESENTATION_CONTEXT() REPRESENTATION_CONTEXT('2D SPACE',''
  ) );
#2280 = PCURVE('',#589,#2281);
#2281 = DEFINITIONAL_REPRESENTATION('',(#2282),#2286);
#2282 = CIRCLE('',#2283,1.6);
#2283 = AXIS2_PLACEMENT_2D('',#2284,#2285);
#2284 = CARTESIAN_POINT('',(0.,0.));
#2285 = DIRECTION('',(1.,0.));
#2286 = ( GEOMETRIC_REPRESENTATION_CONTEXT(2) 
PARAMETRIC_REPRESENTATION_CONTEXT() REPRESENTATION_CONTEXT('2D SPACE',''
  ) );
#2287 = ORIENTED_EDGE('',*,*,#2288,.F.);
#2288 = EDGE_CURVE('',#606,#2265,#2289,.T.);
#2289 = SURFACE_CURVE('',#2290,(#2294,#2301),.PCURVE_S1.);
#2290 = LINE('',#2291,#2292);
#2291 = CARTESIAN_POINT('',(42.4,-23.46,-1.6));
#2292 = VECTOR('',#2293,1.);
#2293 = DIRECTION('',(0.,1.,0.));
#2294 = PCURVE('',#280,#2295);
#2295 = DEFINITIONAL_REPRESENTATION('',(#2296),#2300);
#2296 = LINE('',#2297,#2298);
#2297 = CARTESIAN_POINT('',(3.14159265359,0.));
#2298 = VECTOR('',#2299,1.);
#2299 = DIRECTION('',(0.,1.));
#2300 = ( GEOMETRIC_REPRESENTATION_CONTEXT(2) 
PARAMETRIC_REPRESENTATION_CONTEXT() REPRESENTATION_CONTEXT('2D SPACE',''
  ) );
#2301 = PCURVE('',#622,#2302);
#2302 = DEFINITIONAL_REPRESENTATION('',(#2303),#2307);
#2303 = LINE('',#2304,#2305);
#2304 = CARTESIAN_POINT('',(-14.96,-1.6));
#2305 = VECTOR('',#2306,1.);
#2306 = DIRECTION('',(1.,0.));
#2307 = ( GEOMETRIC_REPRESENTATION_CONTEXT(2) 
PARAMETRIC_REPRESENTATION_CONTEXT() REPRESENTATION_CONTEXT('2D SPACE',''
  ) );
#2308 = ORIENTED_EDGE('',*,*,#634,.T.);
#2309 = ORIENTED_EDGE('',*,*,#2310,.T.);
#2310 = EDGE_CURVE('',#635,#2242,#2311,.T.);
#2311 = SURFACE_CURVE('',#2312,(#2316,#2323),.PCURVE_S1.);
#2312 = LINE('',#2313,#2314);
#2313 = CARTESIAN_POINT('',(42.4,-23.46,1.6));
#2314 = VECTOR('',#2315,1.);
#2315 = DIRECTION('',(0.,1.,0.));
#2316 = PCURVE('',#280,#2317);
#2317 = DEFINITIONAL_REPRESENTATION('',(#2318),#2322);
#2318 = LINE('',#2319,#2320);
#2319 = CARTESIAN_POINT('',(6.28318530718,-0.));
#2320 = VECTOR('',#2321,1.);
#2321 = DIRECTION('',(0.,1.));
#2322 = ( GEOMETRIC_REPRESENTATION_CONTEXT(2) 
PARAMETRIC_REPRESENTATION_CONTEXT() REPRESENTATION_CONTEXT('2D SPACE',''
  ) );
#2323 = PCURVE('',#743,#2324);
#2324 = DEFINITIONAL_REPRESENTATION('',(#2325),#2329);
#2325 = LINE('',#2326,#2327);
#2326 = CARTESIAN_POINT('',(-14.96,1.6));
#2327 = VECTOR('',#2328,1.);
#2328 = DIRECTION('',(1.,0.));
#2329 = ( GEOMETRIC_REPRESENTATION_CONTEXT(2) 
PARAMETRIC_REPRESENTATION_CONTEXT() REPRESENTATION_CONTEXT('2D SPACE',''
  ) );
#2330 = ORIENTED_EDGE('',*,*,#2241,.T.);
#2331 = ADVANCED_FACE('',(#2332),#1030,.T.);
#2332 = FACE_BOUND('',#2333,.T.);
#2333 = EDGE_LOOP('',(#2334,#2355,#2356));
#2334 = ORIENTED_EDGE('',*,*,#2335,.F.);
#2335 = EDGE_CURVE('',#2172,#979,#2336,.T.);
#2336 = SURFACE_CURVE('',#2337,(#2341,#2348),.PCURVE_S1.);
#2337 = LINE('',#2338,#2339);
#2338 = CARTESIAN_POINT('',(42.4,-1.02,0.));
#2339 = VECTOR('',#2340,1.);
#2340 = DIRECTION('',(0.,0.,1.));
#2341 = PCURVE('',#1030,#2342);
#2342 = DEFINITIONAL_REPRESENTATION('',(#2343),#2347);
#2343 = LINE('',#2344,#2345);
#2344 = CARTESIAN_POINT('',(7.48,0.));
#2345 = VECTOR('',#2346,1.);
#2346 = DIRECTION('',(0.,1.));
#2347 = ( GEOMETRIC_REPRESENTATION_CONTEXT(2) 
PARAMETRIC_REPRESENTATION_CONTEXT() REPRESENTATION_CONTEXT('2D SPACE',''
  ) );
#2348 = PCURVE('',#356,#2349);
#2349 = DEFINITIONAL_REPRESENTATION('',(#2350),#2354);
#2350 = LINE('',#2351,#2352);
#2351 = CARTESIAN_POINT('',(0.,0.));
#2352 = VECTOR('',#2353,1.);
#2353 = DIRECTION('',(1.,0.));
#2354 = ( GEOMETRIC_REPRESENTATION_CONTEXT(2) 
PARAMETRIC_REPRESENTATION_CONTEXT() REPRESENTATION_CONTEXT('2D SPACE',''
  ) );
#2355 = ORIENTED_EDGE('',*,*,#2171,.T.);
#2356 = ORIENTED_EDGE('',*,*,#1013,.T.);
#2357 = ADVANCED_FACE('',(#2358),#356,.T.);
#2358 = FACE_BOUND('',#2359,.T.);
#2359 = EDGE_LOOP('',(#2360,#2361,#2383,#2384,#2405,#2406));
#2360 = ORIENTED_EDGE('',*,*,#978,.F.);
#2361 = ORIENTED_EDGE('',*,*,#2362,.T.);
#2362 = EDGE_CURVE('',#791,#333,#2363,.T.);
#2363 = SURFACE_CURVE('',#2364,(#2369,#2376),.PCURVE_S1.);
#2364 = CIRCLE('',#2365,8.17);
#2365 = AXIS2_PLACEMENT_3D('',#2366,#2367,#2368);
#2366 = CARTESIAN_POINT('',(42.4,-1.02,0.));
#2367 = DIRECTION('',(0.,1.,-0.));
#2368 = DIRECTION('',(-0.90371836254,0.,0.428127459067));
#2369 = PCURVE('',#356,#2370);
#2370 = DEFINITIONAL_REPRESENTATION('',(#2371),#2375);
#2371 = CIRCLE('',#2372,8.17);
#2372 = AXIS2_PLACEMENT_2D('',#2373,#2374);
#2373 = CARTESIAN_POINT('',(0.,0.));
#2374 = DIRECTION('',(0.428127459067,-0.90371836254));
#2375 = ( GEOMETRIC_REPRESENTATION_CONTEXT(2) 
PARAMETRIC_REPRESENTATION_CONTEXT() REPRESENTATION_CONTEXT('2D SPACE',''
  ) );
#2376 = PCURVE('',#498,#2377);
#2377 = DEFINITIONAL_REPRESENTATION('',(#2378),#2382);
#2378 = LINE('',#2379,#2380);
#2379 = CARTESIAN_POINT('',(5.154808697496,14.96));
#2380 = VECTOR('',#2381,1.);
#2381 = DIRECTION('',(1.,0.));
#2382 = ( GEOMETRIC_REPRESENTATION_CONTEXT(2) 
PARAMETRIC_REPRESENTATION_CONTEXT() REPRESENTATION_CONTEXT('2D SPACE',''
  ) );
#2383 = ORIENTED_EDGE('',*,*,#332,.T.);
#2384 = ORIENTED_EDGE('',*,*,#2385,.T.);
#2385 = EDGE_CURVE('',#304,#2197,#2386,.T.);
#2386 = SURFACE_CURVE('',#2387,(#2391,#2398),.PCURVE_S1.);
#2387 = LINE('',#2388,#2389);
#2388 = CARTESIAN_POINT('',(42.4,-1.02,0.));
#2389 = VECTOR('',#2390,1.);
#2390 = DIRECTION('',(0.,0.,1.));
#2391 = PCURVE('',#356,#2392);
#2392 = DEFINITIONAL_REPRESENTATION('',(#2393),#2397);
#2393 = LINE('',#2394,#2395);
#2394 = CARTESIAN_POINT('',(0.,0.));
#2395 = VECTOR('',#2396,1.);
#2396 = DIRECTION('',(1.,0.));
#2397 = ( GEOMETRIC_REPRESENTATION_CONTEXT(2) 
PARAMETRIC_REPRESENTATION_CONTEXT() REPRESENTATION_CONTEXT('2D SPACE',''
  ) );
#2398 = PCURVE('',#320,#2399);
#2399 = DEFINITIONAL_REPRESENTATION('',(#2400),#2404);
#2400 = LINE('',#2401,#2402);
#2401 = CARTESIAN_POINT('',(7.48,0.));
#2402 = VECTOR('',#2403,1.);
#2403 = DIRECTION('',(0.,1.));
#2404 = ( GEOMETRIC_REPRESENTATION_CONTEXT(2) 
PARAMETRIC_REPRESENTATION_CONTEXT() REPRESENTATION_CONTEXT('2D SPACE',''
  ) );
#2405 = ORIENTED_EDGE('',*,*,#2219,.F.);
#2406 = ORIENTED_EDGE('',*,*,#2335,.T.);
#2407 = ADVANCED_FACE('',(#2408),#498,.T.);
#2408 = FACE_BOUND('',#2409,.T.);
#2409 = EDGE_LOOP('',(#2410,#2432,#2433,#2434));
#2410 = ORIENTED_EDGE('',*,*,#2411,.T.);
#2411 = EDGE_CURVE('',#756,#373,#2412,.T.);
#2412 = SURFACE_CURVE('',#2413,(#2418,#2425),.PCURVE_S1.);
#2413 = CIRCLE('',#2414,8.17);
#2414 = AXIS2_PLACEMENT_3D('',#2415,#2416,#2417);
#2415 = CARTESIAN_POINT('',(42.4,-15.98,0.));
#2416 = DIRECTION('',(0.,1.,-0.));
#2417 = DIRECTION('',(-0.903718362142,0.,0.428127459907));
#2418 = PCURVE('',#498,#2419);
#2419 = DEFINITIONAL_REPRESENTATION('',(#2420),#2424);
#2420 = LINE('',#2421,#2422);
#2421 = CARTESIAN_POINT('',(5.154808698426,0.));
#2422 = VECTOR('',#2423,1.);
#2423 = DIRECTION('',(1.,0.));
#2424 = ( GEOMETRIC_REPRESENTATION_CONTEXT(2) 
PARAMETRIC_REPRESENTATION_CONTEXT() REPRESENTATION_CONTEXT('2D SPACE',''
  ) );
#2425 = PCURVE('',#589,#2426);
#2426 = DEFINITIONAL_REPRESENTATION('',(#2427),#2431);
#2427 = CIRCLE('',#2428,8.17);
#2428 = AXIS2_PLACEMENT_2D('',#2429,#2430);
#2429 = CARTESIAN_POINT('',(0.,0.));
#2430 = DIRECTION('',(0.428127459907,-0.903718362142));
#2431 = ( GEOMETRIC_REPRESENTATION_CONTEXT(2) 
PARAMETRIC_REPRESENTATION_CONTEXT() REPRESENTATION_CONTEXT('2D SPACE',''
  ) );
#2432 = ORIENTED_EDGE('',*,*,#372,.F.);
#2433 = ORIENTED_EDGE('',*,*,#2362,.F.);
#2434 = ORIENTED_EDGE('',*,*,#790,.F.);
#2435 = ADVANCED_FACE('',(#2436),#589,.F.);
#2436 = FACE_BOUND('',#2437,.F.);
#2437 = EDGE_LOOP('',(#2438,#2439,#2440,#2441,#2462,#2463));
#2438 = ORIENTED_EDGE('',*,*,#755,.F.);
#2439 = ORIENTED_EDGE('',*,*,#2411,.T.);
#2440 = ORIENTED_EDGE('',*,*,#565,.T.);
#2441 = ORIENTED_EDGE('',*,*,#2442,.T.);
#2442 = EDGE_CURVE('',#566,#2265,#2443,.T.);
#2443 = SURFACE_CURVE('',#2444,(#2448,#2455),.PCURVE_S1.);
#2444 = LINE('',#2445,#2446);
#2445 = CARTESIAN_POINT('',(42.4,-15.98,0.));
#2446 = VECTOR('',#2447,1.);
#2447 = DIRECTION('',(0.,0.,1.));
#2448 = PCURVE('',#589,#2449);
#2449 = DEFINITIONAL_REPRESENTATION('',(#2450),#2454);
#2450 = LINE('',#2451,#2452);
#2451 = CARTESIAN_POINT('',(0.,0.));
#2452 = VECTOR('',#2453,1.);
#2453 = DIRECTION('',(1.,0.));
#2454 = ( GEOMETRIC_REPRESENTATION_CONTEXT(2) 
PARAMETRIC_REPRESENTATION_CONTEXT() REPRESENTATION_CONTEXT('2D SPACE',''
  ) );
#2455 = PCURVE('',#622,#2456);
#2456 = DEFINITIONAL_REPRESENTATION('',(#2457),#2461);
#2457 = LINE('',#2458,#2459);
#2458 = CARTESIAN_POINT('',(-7.48,0.));
#2459 = VECTOR('',#2460,1.);
#2460 = DIRECTION('',(0.,1.));
#2461 = ( GEOMETRIC_REPRESENTATION_CONTEXT(2) 
PARAMETRIC_REPRESENTATION_CONTEXT() REPRESENTATION_CONTEXT('2D SPACE',''
  ) );
#2462 = ORIENTED_EDGE('',*,*,#2264,.F.);
#2463 = ORIENTED_EDGE('',*,*,#2464,.T.);
#2464 = EDGE_CURVE('',#2242,#727,#2465,.T.);
#2465 = SURFACE_CURVE('',#2466,(#2470,#2477),.PCURVE_S1.);
#2466 = LINE('',#2467,#2468);
#2467 = CARTESIAN_POINT('',(42.4,-15.98,0.));
#2468 = VECTOR('',#2469,1.);
#2469 = DIRECTION('',(0.,0.,1.));
#2470 = PCURVE('',#589,#2471);
#2471 = DEFINITIONAL_REPRESENTATION('',(#2472),#2476);
#2472 = LINE('',#2473,#2474);
#2473 = CARTESIAN_POINT('',(0.,0.));
#2474 = VECTOR('',#2475,1.);
#2475 = DIRECTION('',(1.,0.));
#2476 = ( GEOMETRIC_REPRESENTATION_CONTEXT(2) 
PARAMETRIC_REPRESENTATION_CONTEXT() REPRESENTATION_CONTEXT('2D SPACE',''
  ) );
#2477 = PCURVE('',#743,#2478);
#2478 = DEFINITIONAL_REPRESENTATION('',(#2479),#2483);
#2479 = LINE('',#2480,#2481);
#2480 = CARTESIAN_POINT('',(-7.48,0.));
#2481 = VECTOR('',#2482,1.);
#2482 = DIRECTION('',(0.,1.));
#2483 = ( GEOMETRIC_REPRESENTATION_CONTEXT(2) 
PARAMETRIC_REPRESENTATION_CONTEXT() REPRESENTATION_CONTEXT('2D SPACE',''
  ) );
#2484 = ADVANCED_FACE('',(#2485),#743,.T.);
#2485 = FACE_BOUND('',#2486,.T.);
#2486 = EDGE_LOOP('',(#2487,#2488,#2489));
#2487 = ORIENTED_EDGE('',*,*,#2310,.T.);
#2488 = ORIENTED_EDGE('',*,*,#2464,.T.);
#2489 = ORIENTED_EDGE('',*,*,#726,.T.);
#2490 = ADVANCED_FACE('',(#2491),#622,.T.);
#2491 = FACE_BOUND('',#2492,.T.);
#2492 = EDGE_LOOP('',(#2493,#2494,#2495));
#2493 = ORIENTED_EDGE('',*,*,#2442,.T.);
#2494 = ORIENTED_EDGE('',*,*,#2288,.F.);
#2495 = ORIENTED_EDGE('',*,*,#605,.T.);
#2496 = ADVANCED_FACE('',(#2497),#320,.T.);
#2497 = FACE_BOUND('',#2498,.T.);
#2498 = EDGE_LOOP('',(#2499,#2500,#2501));
#2499 = ORIENTED_EDGE('',*,*,#2385,.F.);
#2500 = ORIENTED_EDGE('',*,*,#303,.T.);
#2501 = ORIENTED_EDGE('',*,*,#2196,.F.);
#2502 = ADVANCED_FACE('',(#2503),#141,.F.);
#2503 = FACE_BOUND('',#2504,.F.);
#2504 = EDGE_LOOP('',(#2505,#2506,#2507));
#2505 = ORIENTED_EDGE('',*,*,#1913,.F.);
#2506 = ORIENTED_EDGE('',*,*,#124,.T.);
#2507 = ORIENTED_EDGE('',*,*,#2134,.F.);
#2508 = ( GEOMETRIC_REPRESENTATION_CONTEXT(3) 
GLOBAL_UNCERTAINTY_ASSIGNED_CONTEXT((#2512)) 
GLOBAL_UNIT_ASSIGNED_CONTEXT((#2509,#2510,#2511)) REPRESENTATION_CONTEXT
('Context #1','3D Context with UNIT and UNCERTAINTY') );
#2509 = ( LENGTH_UNIT() NAMED_UNIT(*) SI_UNIT(.MILLI.,.METRE.) );
#2510 = ( NAMED_UNIT(*) PLANE_ANGLE_UNIT() SI_UNIT($,.RADIAN.) );
#2511 = ( NAMED_UNIT(*) SI_UNIT($,.STERADIAN.) SOLID_ANGLE_UNIT() );
#2512 = UNCERTAINTY_MEASURE_WITH_UNIT(LENGTH_MEASURE(2.E-06),#2509,
  'distance_accuracy_value','confusion accuracy');
#2513 = CONTEXT_DEPENDENT_SHAPE_REPRESENTATION(#2514,#2516);
#2514 = ( REPRESENTATION_RELATIONSHIP('','',#44,#10) 
REPRESENTATION_RELATIONSHIP_WITH_TRANSFORMATION(#2515) 
SHAPE_REPRESENTATION_RELATIONSHIP() );
#2515 = ITEM_DEFINED_TRANSFORMATION('','',#11,#15);
#2516 = PRODUCT_DEFINITION_SHAPE('Placement','Placement of an item',
  #2517);
#2517 = NEXT_ASSEMBLY_USAGE_OCCURRENCE('31','','',#5,#39,$);
#2518 = PRODUCT_RELATED_PRODUCT_CATEGORY('part',$,(#41));
#2519 = SHAPE_DEFINITION_REPRESENTATION(#2520,#2526);
#2520 = PRODUCT_DEFINITION_SHAPE('','',#2521);
#2521 = PRODUCT_DEFINITION('design','',#2522,#2525);
#2522 = PRODUCT_DEFINITION_FORMATION('','',#2523);
#2523 = PRODUCT('Open CASCADE STEP translator 7.8 5.2',
  'Open CASCADE STEP translator 7.8 5.2','',(#2524));
#2524 = PRODUCT_CONTEXT('',#2,'mechanical');
#2525 = PRODUCT_DEFINITION_CONTEXT('part definition',#2,'design');
#2526 = ADVANCED_BREP_SHAPE_REPRESENTATION('',(#11,#2527),#5302);
#2527 = MANIFOLD_SOLID_BREP('',#2528);
#2528 = CLOSED_SHELL('',(#2529,#4632,#4727,#4755,#4829,#4855,#4949,#4955
    ,#4961,#5125,#5151,#5201,#5229,#5278,#5284,#5290,#5296));
#2529 = ADVANCED_FACE('',(#2530),#2557,.T.);
#2530 = FACE_BOUND('',#2531,.T.);
#2531 = EDGE_LOOP('',(#2532,#2632,#2661,#2731,#2753,#2823,#2852,#2895,
    #3109,#3152,#3181,#3309,#3338,#3376,#3585,#3623,#3652,#3715,#3716,
    #3781,#3810,#3872,#4107,#4174,#4203,#4313,#4342,#4404));
#2532 = ORIENTED_EDGE('',*,*,#2533,.F.);
#2533 = EDGE_CURVE('',#2534,#2536,#2538,.T.);
#2534 = VERTEX_POINT('',#2535);
#2535 = CARTESIAN_POINT('',(44.9,-1.02,-3.008577876734));
#2536 = VERTEX_POINT('',#2537);
#2537 = CARTESIAN_POINT('',(52.794171525663,-1.02,-2.104983592196));
#2538 = SURFACE_CURVE('',#2539,(#2556,#2607),.PCURVE_S1.);
#2539 = B_SPLINE_CURVE_WITH_KNOTS('',8,(#2540,#2541,#2542,#2543,#2544,
    #2545,#2546,#2547,#2548,#2549,#2550,#2551,#2552,#2553,#2554,#2555),
  .UNSPECIFIED.,.F.,.F.,(9,7,9),(0.,0.905617473058,1.),.UNSPECIFIED.);
#2540 = CARTESIAN_POINT('',(44.9,-1.02,-3.008577869708));
#2541 = CARTESIAN_POINT('',(45.826664211773,-1.02,-2.917822223646));
#2542 = CARTESIAN_POINT('',(46.753015944848,-1.02,-2.824142058985));
#2543 = CARTESIAN_POINT('',(47.679031962369,-1.02,-2.727184148951));
#2544 = CARTESIAN_POINT('',(48.604660594818,-1.02,-2.626506211739));
#2545 = CARTESIAN_POINT('',(49.529821195917,-1.02,-2.52156937257));
#2546 = CARTESIAN_POINT('',(50.454389794068,-1.02,-2.411621755846));
#2547 = CARTESIAN_POINT('',(51.378199143608,-1.02,-2.295695308942));
#2548 = CARTESIAN_POINT('',(52.397145657015,-1.02,-2.159184768299));
#2549 = CARTESIAN_POINT('',(52.493304986763,-1.02,-2.146216938352));
#2550 = CARTESIAN_POINT('',(52.589452550493,-1.02,-2.133163560989));
#2551 = CARTESIAN_POINT('',(52.685587975428,-1.02,-2.120022603113));
#2552 = CARTESIAN_POINT('',(52.78171086503,-1.02,-2.106791925788));
#2553 = CARTESIAN_POINT('',(52.877820798997,-1.02,-2.09346928423));
#2554 = CARTESIAN_POINT('',(52.973917333263,-1.02,-2.080052327812));
#2555 = CARTESIAN_POINT('',(53.07,-1.02,-2.066538600063));
#2556 = PCURVE('',#2557,#2588);
#2557 = B_SPLINE_SURFACE_WITH_KNOTS('',14,1,(
    (#2558,#2559)
    ,(#2560,#2561)
    ,(#2562,#2563)
    ,(#2564,#2565)
    ,(#2566,#2567)
    ,(#2568,#2569)
    ,(#2570,#2571)
    ,(#2572,#2573)
    ,(#2574,#2575)
    ,(#2576,#2577)
    ,(#2578,#2579)
    ,(#2580,#2581)
    ,(#2582,#2583)
    ,(#2584,#2585)
    ,(#2586,#2587
    )),.UNSPECIFIED.,.T.,.F.,.F.,(15,15),(2,2),(0.,6.28318530718),(0.,1.
    ),.PIECEWISE_BEZIER_KNOTS.);
#2558 = CARTESIAN_POINT('',(44.9,-0.33,-2.412335644269E-15));
#2559 = CARTESIAN_POINT('',(70.6,-1.47,9.585395327885E-16));
#2560 = CARTESIAN_POINT('',(44.9,-0.329999999999,3.357016149838));
#2561 = CARTESIAN_POINT('',(70.6,-1.469999999999,2.975537041902));
#2562 = CARTESIAN_POINT('',(44.9,-2.102190331003,6.714033538822));
#2563 = CARTESIAN_POINT('',(70.600000000002,-2.994907959234,
    5.951075182139));
#2564 = CARTESIAN_POINT('',(44.9,-5.64657325857,9.22148871237));
#2565 = CARTESIAN_POINT('',(70.599999999986,-6.044725827146,
    8.173592267779));
#2566 = CARTESIAN_POINT('',(44.9,-10.43310872241,10.029914016773));
#2567 = CARTESIAN_POINT('',(70.600000000049,-10.1633726216,8.89015106033
    ));
#2568 = CARTESIAN_POINT('',(44.9,-15.4018171455,8.594346920365));
#2569 = CARTESIAN_POINT('',(70.599999999886,-14.43877289265,
    7.617716588491));
#2570 = CARTESIAN_POINT('',(44.9,-19.19487070252,4.980821634564));
#2571 = CARTESIAN_POINT('',(70.60000000019,-17.70256316263,
    4.414819176112));
#2572 = CARTESIAN_POINT('',(44.9,-20.62287967876,1.144400130215E-10));
#2573 = CARTESIAN_POINT('',(70.599999999757,-18.93131507242,
    7.623235376287E-11));
#2574 = CARTESIAN_POINT('',(44.9,-19.19487070252,-4.980821634774));
#2575 = CARTESIAN_POINT('',(70.600000000244,-17.70256316263,
    -4.414819176252));
#2576 = CARTESIAN_POINT('',(44.9,-15.40181714551,-8.594346920204));
#2577 = CARTESIAN_POINT('',(70.599999999805,-14.43877289264,
    -7.617716588383));
#2578 = CARTESIAN_POINT('',(44.9,-10.4331087224,-10.02991401687));
#2579 = CARTESIAN_POINT('',(70.600000000124,-10.1633726216,
    -8.890151060398));
#2580 = CARTESIAN_POINT('',(44.9,-5.646573258574,-9.22148871232));
#2581 = CARTESIAN_POINT('',(70.599999999938,-6.044725827144,
    -8.173592267744));
#2582 = CARTESIAN_POINT('',(44.9,-2.102190331002,-6.71403353884));
#2583 = CARTESIAN_POINT('',(70.600000000022,-2.994907959234,
    -5.951075182152));
#2584 = CARTESIAN_POINT('',(44.9,-0.329999999999,-3.357016149834));
#2585 = CARTESIAN_POINT('',(70.599999999995,-1.469999999999,
    -2.975537041899));
#2586 = CARTESIAN_POINT('',(44.9,-0.33,1.362816524896E-15));
#2587 = CARTESIAN_POINT('',(70.6,-1.47,2.366853312474E-15));
#2588 = DEFINITIONAL_REPRESENTATION('',(#2589),#2606);
#2589 = B_SPLINE_CURVE_WITH_KNOTS('',8,(#2590,#2591,#2592,#2593,#2594,
    #2595,#2596,#2597,#2598,#2599,#2600,#2601,#2602,#2603,#2604,#2605),
  .UNSPECIFIED.,.F.,.F.,(9,7,9),(0.,0.905617473058,1.),.UNSPECIFIED.);
#2590 = CARTESIAN_POINT('',(5.86924900704,0.));
#2591 = CARTESIAN_POINT('',(5.880701286647,3.605697322075E-02));
#2592 = CARTESIAN_POINT('',(5.89262262323,7.21017877373E-02));
#2593 = CARTESIAN_POINT('',(5.905066196354,0.108133539392));
#2594 = CARTESIAN_POINT('',(5.918098349402,0.144150217697));
#2595 = CARTESIAN_POINT('',(5.931799735146,0.180148684666));
#2596 = CARTESIAN_POINT('',(5.94628222531,0.216124116501));
#2597 = CARTESIAN_POINT('',(5.961689499353,0.252070005588));
#2598 = CARTESIAN_POINT('',(5.980003430543,0.291717729845));
#2599 = CARTESIAN_POINT('',(5.981744732196,0.295459338006));
#2600 = CARTESIAN_POINT('',(5.983499114801,0.299200488346));
#2601 = CARTESIAN_POINT('',(5.985266883497,0.302941166359));
#2602 = CARTESIAN_POINT('',(5.987048354149,0.306681356616));
#2603 = CARTESIAN_POINT('',(5.988843853359,0.310421042763));
#2604 = CARTESIAN_POINT('',(5.990653718457,0.31416020752));
#2605 = CARTESIAN_POINT('',(5.992478297504,0.317898832685));
#2606 = ( GEOMETRIC_REPRESENTATION_CONTEXT(2) 
PARAMETRIC_REPRESENTATION_CONTEXT() REPRESENTATION_CONTEXT('2D SPACE',''
  ) );
#2607 = PCURVE('',#2608,#2613);
#2608 = PLANE('',#2609);
#2609 = AXIS2_PLACEMENT_3D('',#2610,#2611,#2612);
#2610 = CARTESIAN_POINT('',(44.9,-1.02,0.));
#2611 = DIRECTION('',(0.,1.,0.));
#2612 = DIRECTION('',(0.,-0.,1.));
#2613 = DEFINITIONAL_REPRESENTATION('',(#2614),#2631);
#2614 = B_SPLINE_CURVE_WITH_KNOTS('',8,(#2615,#2616,#2617,#2618,#2619,
    #2620,#2621,#2622,#2623,#2624,#2625,#2626,#2627,#2628,#2629,#2630),
  .UNSPECIFIED.,.F.,.F.,(9,7,9),(0.,0.905617473058,1.),.UNSPECIFIED.);
#2615 = CARTESIAN_POINT('',(-3.008577869708,0.));
#2616 = CARTESIAN_POINT('',(-2.917822223646,0.926664211773));
#2617 = CARTESIAN_POINT('',(-2.824142058985,1.853015944848));
#2618 = CARTESIAN_POINT('',(-2.727184148951,2.779031962369));
#2619 = CARTESIAN_POINT('',(-2.626506211739,3.704660594818));
#2620 = CARTESIAN_POINT('',(-2.52156937257,4.629821195917));
#2621 = CARTESIAN_POINT('',(-2.411621755846,5.554389794068));
#2622 = CARTESIAN_POINT('',(-2.295695308942,6.478199143608));
#2623 = CARTESIAN_POINT('',(-2.159184768299,7.497145657015));
#2624 = CARTESIAN_POINT('',(-2.146216938352,7.593304986763));
#2625 = CARTESIAN_POINT('',(-2.133163560989,7.689452550493));
#2626 = CARTESIAN_POINT('',(-2.120022603113,7.785587975428));
#2627 = CARTESIAN_POINT('',(-2.106791925788,7.88171086503));
#2628 = CARTESIAN_POINT('',(-2.09346928423,7.977820798997));
#2629 = CARTESIAN_POINT('',(-2.080052327812,8.073917333263));
#2630 = CARTESIAN_POINT('',(-2.066538600063,8.17));
#2631 = ( GEOMETRIC_REPRESENTATION_CONTEXT(2) 
PARAMETRIC_REPRESENTATION_CONTEXT() REPRESENTATION_CONTEXT('2D SPACE',''
  ) );
#2632 = ORIENTED_EDGE('',*,*,#2633,.T.);
#2633 = EDGE_CURVE('',#2534,#2634,#2636,.T.);
#2634 = VERTEX_POINT('',#2635);
#2635 = CARTESIAN_POINT('',(44.9,-0.519096751053,-1.6));
#2636 = SURFACE_CURVE('',#2637,(#2642,#2649),.PCURVE_S1.);
#2637 = ELLIPSE('',#2638,8.17,7.48);
#2638 = AXIS2_PLACEMENT_3D('',#2639,#2640,#2641);
#2639 = CARTESIAN_POINT('',(44.9,-8.5,0.));
#2640 = DIRECTION('',(1.,0.,0.));
#2641 = DIRECTION('',(0.,1.,0.));
#2642 = PCURVE('',#2557,#2643);
#2643 = DEFINITIONAL_REPRESENTATION('',(#2644),#2648);
#2644 = LINE('',#2645,#2646);
#2645 = CARTESIAN_POINT('',(0.,0.));
#2646 = VECTOR('',#2647,1.);
#2647 = DIRECTION('',(1.,0.));
#2648 = ( GEOMETRIC_REPRESENTATION_CONTEXT(2) 
PARAMETRIC_REPRESENTATION_CONTEXT() REPRESENTATION_CONTEXT('2D SPACE',''
  ) );
#2649 = PCURVE('',#2650,#2655);
#2650 = PLANE('',#2651);
#2651 = AXIS2_PLACEMENT_3D('',#2652,#2653,#2654);
#2652 = CARTESIAN_POINT('',(44.9,-8.5,0.));
#2653 = DIRECTION('',(1.,0.,0.));
#2654 = DIRECTION('',(0.,1.,0.));
#2655 = DEFINITIONAL_REPRESENTATION('',(#2656),#2660);
#2656 = ELLIPSE('',#2657,8.17,7.48);
#2657 = AXIS2_PLACEMENT_2D('',#2658,#2659);
#2658 = CARTESIAN_POINT('',(0.,0.));
#2659 = DIRECTION('',(1.,0.));
#2660 = ( GEOMETRIC_REPRESENTATION_CONTEXT(2) 
PARAMETRIC_REPRESENTATION_CONTEXT() REPRESENTATION_CONTEXT('2D SPACE',''
  ) );
#2661 = ORIENTED_EDGE('',*,*,#2662,.T.);
#2662 = EDGE_CURVE('',#2634,#2663,#2665,.T.);
#2663 = VERTEX_POINT('',#2664);
#2664 = CARTESIAN_POINT('',(46.5,-0.400972762646,-2.202475711067E-15));
#2665 = SURFACE_CURVE('',#2666,(#2684,#2705),.PCURVE_S1.);
#2666 = B_SPLINE_CURVE_WITH_KNOTS('',6,(#2667,#2668,#2669,#2670,#2671,
    #2672,#2673,#2674,#2675,#2676,#2677,#2678,#2679,#2680,#2681,#2682,
    #2683),.UNSPECIFIED.,.F.,.F.,(7,5,5,7),(0.,0.303189918458,
    0.564081476264,1.),.UNSPECIFIED.);
#2667 = CARTESIAN_POINT('',(44.9,-0.519096744559,-1.6));
#2668 = CARTESIAN_POINT('',(45.027505263237,-0.524837458566,-1.6));
#2669 = CARTESIAN_POINT('',(45.155232722063,-0.527672072775,
    -1.587806711713));
#2670 = CARTESIAN_POINT('',(45.281508426177,-0.527499609127,
    -1.563341174584));
#2671 = CARTESIAN_POINT('',(45.404757768834,-0.5244887675,
    -1.526890753901));
#2672 = CARTESIAN_POINT('',(45.523518025581,-0.519047854191,
    -1.478989572055));
#2673 = CARTESIAN_POINT('',(45.733645231784,-0.505401810662,
    -1.370043641756));
#2674 = CARTESIAN_POINT('',(45.826547723363,-0.497686637146,
    -1.311751675328));
#2675 = CARTESIAN_POINT('',(45.914365945965,-0.488905135684,
    -1.246028765771));
#2676 = CARTESIAN_POINT('',(45.996407056604,-0.479459228619,
    -1.173436063293));
#2677 = CARTESIAN_POINT('',(46.072062411549,-0.469763063127,
    -1.094588532077));
#2678 = CARTESIAN_POINT('',(46.255657387378,-0.444236454771,
    -0.869073360016));
#2679 = CARTESIAN_POINT('',(46.351268742971,-0.428646030707,
    -0.712316083968));
#2680 = CARTESIAN_POINT('',(46.425011756893,-0.415264387042,
    -0.54309791234));
#2681 = CARTESIAN_POINT('',(46.47501210537,-0.40573404665,
    -0.365115811803));
#2682 = CARTESIAN_POINT('',(46.5,-0.400972762646,-0.182526130415));
#2683 = CARTESIAN_POINT('',(46.5,-0.400972762646,3.01980662698E-14));
#2684 = PCURVE('',#2557,#2685);
#2685 = DEFINITIONAL_REPRESENTATION('',(#2686),#2704);
#2686 = B_SPLINE_CURVE_WITH_KNOTS('',6,(#2687,#2688,#2689,#2690,#2691,
    #2692,#2693,#2694,#2695,#2696,#2697,#2698,#2699,#2700,#2701,#2702,
    #2703),.UNSPECIFIED.,.F.,.F.,(7,5,5,7),(0.,0.303189918458,
    0.564081476264,1.),.UNSPECIFIED.);
#2687 = CARTESIAN_POINT('',(6.067615849145,0.));
#2688 = CARTESIAN_POINT('',(6.06749239641,4.961294289396E-03));
#2689 = CARTESIAN_POINT('',(6.069037293933,9.931234321522E-03));
#2690 = CARTESIAN_POINT('',(6.072267443672,1.484468584344E-02));
#2691 = CARTESIAN_POINT('',(6.077144882051,1.964038011027E-02));
#2692 = CARTESIAN_POINT('',(6.08359237265,2.426140177356E-02));
#2693 = CARTESIAN_POINT('',(6.098296657695,3.243755765698E-02));
#2694 = CARTESIAN_POINT('',(6.106177320942,3.60524405978E-02));
#2695 = CARTESIAN_POINT('',(6.115069605636,3.94694920609E-02));
#2696 = CARTESIAN_POINT('',(6.124892293631,4.266175317525E-02));
#2697 = CARTESIAN_POINT('',(6.135557607532,4.560554130539E-02));
#2698 = CARTESIAN_POINT('',(6.166044563887,5.274931468397E-02));
#2699 = CARTESIAN_POINT('',(6.187219344857,5.646960089381E-02));
#2700 = CARTESIAN_POINT('',(6.210047015736,5.933897886744E-02));
#2701 = CARTESIAN_POINT('',(6.234025216022,6.12845177187E-02));
#2702 = CARTESIAN_POINT('',(6.25860955354,6.225680933852E-02));
#2703 = CARTESIAN_POINT('',(6.28318530718,6.225680933852E-02));
#2704 = ( GEOMETRIC_REPRESENTATION_CONTEXT(2) 
PARAMETRIC_REPRESENTATION_CONTEXT() REPRESENTATION_CONTEXT('2D SPACE',''
  ) );
#2705 = PCURVE('',#2706,#2711);
#2706 = CYLINDRICAL_SURFACE('',#2707,1.6);
#2707 = AXIS2_PLACEMENT_3D('',#2708,#2709,#2710);
#2708 = CARTESIAN_POINT('',(44.9,-23.46,0.));
#2709 = DIRECTION('',(0.,1.,0.));
#2710 = DIRECTION('',(0.,-0.,1.));
#2711 = DEFINITIONAL_REPRESENTATION('',(#2712),#2730);
#2712 = B_SPLINE_CURVE_WITH_KNOTS('',6,(#2713,#2714,#2715,#2716,#2717,
    #2718,#2719,#2720,#2721,#2722,#2723,#2724,#2725,#2726,#2727,#2728,
    #2729),.UNSPECIFIED.,.F.,.F.,(7,5,5,7),(0.,0.303189918458,
    0.564081476264,1.),.UNSPECIFIED.);
#2713 = CARTESIAN_POINT('',(3.14159265359,22.940903255441));
#2714 = CARTESIAN_POINT('',(3.061901864066,22.935162541434));
#2715 = CARTESIAN_POINT('',(2.982072352608,22.932327927225));
#2716 = CARTESIAN_POINT('',(2.902238316506,22.932500390873));
#2717 = CARTESIAN_POINT('',(2.822460946497,22.9355112325));
#2718 = CARTESIAN_POINT('',(2.742786055642,22.940952145809));
#2719 = CARTESIAN_POINT('',(2.594854142307,22.954598189338));
#2720 = CARTESIAN_POINT('',(2.526537235682,22.962313362854));
#2721 = CARTESIAN_POINT('',(2.458326928367,22.971094864316));
#2722 = CARTESIAN_POINT('',(2.390202026646,22.980540771381));
#2723 = CARTESIAN_POINT('',(2.32213264594,22.990236936873));
#2724 = CARTESIAN_POINT('',(2.140383110199,23.015763545229));
#2725 = CARTESIAN_POINT('',(2.026678626689,23.031353969293));
#2726 = CARTESIAN_POINT('',(1.912909960978,23.044735612958));
#2727 = CARTESIAN_POINT('',(1.798992457464,23.05426595335));
#2728 = CARTESIAN_POINT('',(1.684875158304,23.059027237354));
#2729 = CARTESIAN_POINT('',(1.570796326795,23.059027237354));
#2730 = ( GEOMETRIC_REPRESENTATION_CONTEXT(2) 
PARAMETRIC_REPRESENTATION_CONTEXT() REPRESENTATION_CONTEXT('2D SPACE',''
  ) );
#2731 = ORIENTED_EDGE('',*,*,#2732,.T.);
#2732 = EDGE_CURVE('',#2663,#2733,#2735,.T.);
#2733 = VERTEX_POINT('',#2734);
#2734 = CARTESIAN_POINT('',(69.,-1.399027237354,7.486795995865E-16));
#2735 = SEAM_CURVE('',#2736,(#2739,#2746),.PCURVE_S1.);
#2736 = B_SPLINE_CURVE_WITH_KNOTS('',1,(#2737,#2738),.UNSPECIFIED.,.F.,
  .F.,(2,2),(0.,1.),.PIECEWISE_BEZIER_KNOTS.);
#2737 = CARTESIAN_POINT('',(44.9,-0.33,-2.412335644269E-15));
#2738 = CARTESIAN_POINT('',(70.6,-1.47,9.585395327885E-16));
#2739 = PCURVE('',#2557,#2740);
#2740 = DEFINITIONAL_REPRESENTATION('',(#2741),#2745);
#2741 = LINE('',#2742,#2743);
#2742 = CARTESIAN_POINT('',(0.,0.));
#2743 = VECTOR('',#2744,1.);
#2744 = DIRECTION('',(0.,1.));
#2745 = ( GEOMETRIC_REPRESENTATION_CONTEXT(2) 
PARAMETRIC_REPRESENTATION_CONTEXT() REPRESENTATION_CONTEXT('2D SPACE',''
  ) );
#2746 = PCURVE('',#2557,#2747);
#2747 = DEFINITIONAL_REPRESENTATION('',(#2748),#2752);
#2748 = LINE('',#2749,#2750);
#2749 = CARTESIAN_POINT('',(6.28318530718,0.));
#2750 = VECTOR('',#2751,1.);
#2751 = DIRECTION('',(0.,1.));
#2752 = ( GEOMETRIC_REPRESENTATION_CONTEXT(2) 
PARAMETRIC_REPRESENTATION_CONTEXT() REPRESENTATION_CONTEXT('2D SPACE',''
  ) );
#2753 = ORIENTED_EDGE('',*,*,#2754,.T.);
#2754 = EDGE_CURVE('',#2733,#2755,#2757,.T.);
#2755 = VERTEX_POINT('',#2756);
#2756 = CARTESIAN_POINT('',(70.6,-1.67778021189,-1.6));
#2757 = SURFACE_CURVE('',#2758,(#2776,#2797),.PCURVE_S1.);
#2758 = B_SPLINE_CURVE_WITH_KNOTS('',6,(#2759,#2760,#2761,#2762,#2763,
    #2764,#2765,#2766,#2767,#2768,#2769,#2770,#2771,#2772,#2773,#2774,
    #2775),.UNSPECIFIED.,.F.,.F.,(7,5,5,7),(0.,0.267416340431,
    0.705549921244,1.),.UNSPECIFIED.);
#2759 = CARTESIAN_POINT('',(69.,-1.399027237354,3.064215547965E-14));
#2760 = CARTESIAN_POINT('',(69.,-1.399027237354,-0.112757349658));
#2761 = CARTESIAN_POINT('',(69.009535728997,-1.401876013629,
    -0.225533168326));
#2762 = CARTESIAN_POINT('',(69.028612573277,-1.407575420829,
    -0.337157051209));
#2763 = CARTESIAN_POINT('',(69.057004601112,-1.41595608337,
    -0.446548892191));
#2764 = CARTESIAN_POINT('',(69.094340667869,-1.426707816037,
    -0.552723247691));
#2765 = CARTESIAN_POINT('',(69.21512257516,-1.46026606515,
    -0.822011967308));
#2766 = CARTESIAN_POINT('',(69.312763894203,-1.486379703188,
    -0.978148974671));
#2767 = CARTESIAN_POINT('',(69.430976823968,-1.516031112944,
    -1.119675705595));
#2768 = CARTESIAN_POINT('',(69.567214899277,-1.546925158092,
    -1.243755377051));
#2769 = CARTESIAN_POINT('',(69.718725497448,-1.57665212664,
    -1.347910438997));
#2770 = CARTESIAN_POINT('',(69.992278502889,-1.621021355874,
    -1.485196432048));
#2771 = CARTESIAN_POINT('',(70.107680951175,-1.637411945892,
    -1.530413126659));
#2772 = CARTESIAN_POINT('',(70.227462966414,-1.65172967481,
    -1.564971038816));
#2773 = CARTESIAN_POINT('',(70.350404035066,-1.663426202762,
    -1.588301614838));
#2774 = CARTESIAN_POINT('',(70.475109591675,-1.672141214061,-1.6));
#2775 = CARTESIAN_POINT('',(70.6,-1.677780206504,-1.6));
#2776 = PCURVE('',#2557,#2777);
#2777 = DEFINITIONAL_REPRESENTATION('',(#2778),#2796);
#2778 = B_SPLINE_CURVE_WITH_KNOTS('',6,(#2779,#2780,#2781,#2782,#2783,
    #2784,#2785,#2786,#2787,#2788,#2789,#2790,#2791,#2792,#2793,#2794,
    #2795),.UNSPECIFIED.,.F.,.F.,(7,5,5,7),(0.,0.267416340431,
    0.705549921244,1.),.UNSPECIFIED.);
#2779 = CARTESIAN_POINT('',(6.28318530718,0.937743190661));
#2780 = CARTESIAN_POINT('',(6.266312835484,0.937743190661));
#2781 = CARTESIAN_POINT('',(6.249437598853,0.9381142307));
#2782 = CARTESIAN_POINT('',(6.232722513275,0.938856520361));
#2783 = CARTESIAN_POINT('',(6.216316909367,0.939961268526));
#2784 = CARTESIAN_POINT('',(6.200359601008,0.941414033769));
#2785 = CARTESIAN_POINT('',(6.159782400604,0.946113718878));
#2786 = CARTESIAN_POINT('',(6.136144251922,0.949912991992));
#2787 = CARTESIAN_POINT('',(6.114575358708,0.954512716886));
#2788 = CARTESIAN_POINT('',(6.095515652483,0.95981380931));
#2789 = CARTESIAN_POINT('',(6.079390148313,0.965709163325));
#2790 = CARTESIAN_POINT('',(6.05796430874,0.97635324914));
#2791 = CARTESIAN_POINT('',(6.050848915522,0.980843616777));
#2792 = CARTESIAN_POINT('',(6.045352339399,0.98550439558));
#2793 = CARTESIAN_POINT('',(6.04157955036,0.99028809475));
#2794 = CARTESIAN_POINT('',(6.039606896392,0.995140451038));
#2795 = CARTESIAN_POINT('',(6.039451965708,1.));
#2796 = ( GEOMETRIC_REPRESENTATION_CONTEXT(2) 
PARAMETRIC_REPRESENTATION_CONTEXT() REPRESENTATION_CONTEXT('2D SPACE',''
  ) );
#2797 = PCURVE('',#2798,#2803);
#2798 = CYLINDRICAL_SURFACE('',#2799,1.6);
#2799 = AXIS2_PLACEMENT_3D('',#2800,#2801,#2802);
#2800 = CARTESIAN_POINT('',(70.6,-21.76,0.));
#2801 = DIRECTION('',(0.,1.,0.));
#2802 = DIRECTION('',(0.,-0.,1.));
#2803 = DEFINITIONAL_REPRESENTATION('',(#2804),#2822);
#2804 = B_SPLINE_CURVE_WITH_KNOTS('',6,(#2805,#2806,#2807,#2808,#2809,
    #2810,#2811,#2812,#2813,#2814,#2815,#2816,#2817,#2818,#2819,#2820,
    #2821),.UNSPECIFIED.,.F.,.F.,(7,5,5,7),(0.,0.267416340431,
    0.705549921244,1.),.UNSPECIFIED.);
#2805 = CARTESIAN_POINT('',(4.712388980385,20.360972762646));
#2806 = CARTESIAN_POINT('',(4.641915636848,20.360972762646));
#2807 = CARTESIAN_POINT('',(4.571430818438,20.358123986371));
#2808 = CARTESIAN_POINT('',(4.501035533164,20.352424579171));
#2809 = CARTESIAN_POINT('',(4.430775590719,20.34404391663));
#2810 = CARTESIAN_POINT('',(4.360678351192,20.333292183963));
#2811 = CARTESIAN_POINT('',(4.176218959868,20.29973393485));
#2812 = CARTESIAN_POINT('',(4.062205614309,20.273620296812));
#2813 = CARTESIAN_POINT('',(3.948553092362,20.243968887056));
#2814 = CARTESIAN_POINT('',(3.834967507003,20.213074841908));
#2815 = CARTESIAN_POINT('',(3.721135392436,20.18334787336));
#2816 = CARTESIAN_POINT('',(3.529841799902,20.138978644126));
#2817 = CARTESIAN_POINT('',(3.452702053652,20.122588054108));
#2818 = CARTESIAN_POINT('',(3.375284916963,20.10827032519));
#2819 = CARTESIAN_POINT('',(3.297589995459,20.096573797238));
#2820 = CARTESIAN_POINT('',(3.219649158793,20.087858785939));
#2821 = CARTESIAN_POINT('',(3.14159265359,20.082219793496));
#2822 = ( GEOMETRIC_REPRESENTATION_CONTEXT(2) 
PARAMETRIC_REPRESENTATION_CONTEXT() REPRESENTATION_CONTEXT('2D SPACE',''
  ) );
#2823 = ORIENTED_EDGE('',*,*,#2824,.F.);
#2824 = EDGE_CURVE('',#2825,#2755,#2827,.T.);
#2825 = VERTEX_POINT('',#2826);
#2826 = CARTESIAN_POINT('',(70.6,-1.87,-2.204517489897));
#2827 = SURFACE_CURVE('',#2828,(#2833,#2840),.PCURVE_S1.);
#2828 = ELLIPSE('',#2829,7.03,6.63);
#2829 = AXIS2_PLACEMENT_3D('',#2830,#2831,#2832);
#2830 = CARTESIAN_POINT('',(70.6,-8.5,0.));
#2831 = DIRECTION('',(1.,0.,0.));
#2832 = DIRECTION('',(0.,1.,0.));
#2833 = PCURVE('',#2557,#2834);
#2834 = DEFINITIONAL_REPRESENTATION('',(#2835),#2839);
#2835 = LINE('',#2836,#2837);
#2836 = CARTESIAN_POINT('',(0.,1.));
#2837 = VECTOR('',#2838,1.);
#2838 = DIRECTION('',(1.,0.));
#2839 = ( GEOMETRIC_REPRESENTATION_CONTEXT(2) 
PARAMETRIC_REPRESENTATION_CONTEXT() REPRESENTATION_CONTEXT('2D SPACE',''
  ) );
#2840 = PCURVE('',#2841,#2846);
#2841 = PLANE('',#2842);
#2842 = AXIS2_PLACEMENT_3D('',#2843,#2844,#2845);
#2843 = CARTESIAN_POINT('',(70.6,-8.5,0.));
#2844 = DIRECTION('',(1.,0.,0.));
#2845 = DIRECTION('',(0.,1.,0.));
#2846 = DEFINITIONAL_REPRESENTATION('',(#2847),#2851);
#2847 = ELLIPSE('',#2848,7.03,6.63);
#2848 = AXIS2_PLACEMENT_2D('',#2849,#2850);
#2849 = CARTESIAN_POINT('',(0.,0.));
#2850 = DIRECTION('',(1.,0.));
#2851 = ( GEOMETRIC_REPRESENTATION_CONTEXT(2) 
PARAMETRIC_REPRESENTATION_CONTEXT() REPRESENTATION_CONTEXT('2D SPACE',''
  ) );
#2852 = ORIENTED_EDGE('',*,*,#2853,.F.);
#2853 = EDGE_CURVE('',#2854,#2825,#2856,.T.);
#2854 = VERTEX_POINT('',#2855);
#2855 = CARTESIAN_POINT('',(64.191282274465,-1.87,-2.889504648623));
#2856 = SURFACE_CURVE('',#2857,(#2866,#2878),.PCURVE_S1.);
#2857 = B_SPLINE_CURVE_WITH_KNOTS('',7,(#2858,#2859,#2860,#2861,#2862,
    #2863,#2864,#2865),.UNSPECIFIED.,.F.,.F.,(8,8),(0.,1.),
  .PIECEWISE_BEZIER_KNOTS.);
#2858 = CARTESIAN_POINT('',(63.57,-1.87,-2.947780602507));
#2859 = CARTESIAN_POINT('',(64.575622660512,-1.87,-2.854336647523));
#2860 = CARTESIAN_POINT('',(65.580923098268,-1.87,-2.757655215247));
#2861 = CARTESIAN_POINT('',(66.585866345802,-1.87,-2.657297157032));
#2862 = CARTESIAN_POINT('',(67.5903860119,-1.87,-2.552724819702));
#2863 = CARTESIAN_POINT('',(68.594370100829,-1.87,-2.443180783962));
#2864 = CARTESIAN_POINT('',(69.59766379455,-1.87,-2.327706090686));
#2865 = CARTESIAN_POINT('',(70.6,-1.87,-2.204517494644));
#2866 = PCURVE('',#2557,#2867);
#2867 = DEFINITIONAL_REPRESENTATION('',(#2868),#2877);
#2868 = B_SPLINE_CURVE_WITH_KNOTS('',7,(#2869,#2870,#2871,#2872,#2873,
    #2874,#2875,#2876),.UNSPECIFIED.,.F.,.F.,(8,8),(0.,1.),
  .PIECEWISE_BEZIER_KNOTS.);
#2869 = CARTESIAN_POINT('',(5.839192630237,0.726459143969));
#2870 = CARTESIAN_POINT('',(5.851965801671,0.76558843037));
#2871 = CARTESIAN_POINT('',(5.86531576989,0.804705178921));
#2872 = CARTESIAN_POINT('',(5.879316737178,0.843808029019));
#2873 = CARTESIAN_POINT('',(5.894056040761,0.88289439735));
#2874 = CARTESIAN_POINT('',(5.909660559406,0.921959926102));
#2875 = CARTESIAN_POINT('',(5.926286770412,0.960998591228));
#2876 = CARTESIAN_POINT('',(5.944225347913,1.));
#2877 = ( GEOMETRIC_REPRESENTATION_CONTEXT(2) 
PARAMETRIC_REPRESENTATION_CONTEXT() REPRESENTATION_CONTEXT('2D SPACE',''
  ) );
#2878 = PCURVE('',#2879,#2884);
#2879 = PLANE('',#2880);
#2880 = AXIS2_PLACEMENT_3D('',#2881,#2882,#2883);
#2881 = CARTESIAN_POINT('',(70.6,-1.87,0.));
#2882 = DIRECTION('',(0.,1.,0.));
#2883 = DIRECTION('',(0.,-0.,1.));
#2884 = DEFINITIONAL_REPRESENTATION('',(#2885),#2894);
#2885 = B_SPLINE_CURVE_WITH_KNOTS('',7,(#2886,#2887,#2888,#2889,#2890,
    #2891,#2892,#2893),.UNSPECIFIED.,.F.,.F.,(8,8),(0.,1.),
  .PIECEWISE_BEZIER_KNOTS.);
#2886 = CARTESIAN_POINT('',(-2.947780602507,-7.03));
#2887 = CARTESIAN_POINT('',(-2.854336647523,-6.024377339488));
#2888 = CARTESIAN_POINT('',(-2.757655215247,-5.019076901732));
#2889 = CARTESIAN_POINT('',(-2.657297157032,-4.014133654198));
#2890 = CARTESIAN_POINT('',(-2.552724819702,-3.0096139881));
#2891 = CARTESIAN_POINT('',(-2.443180783962,-2.005629899171));
#2892 = CARTESIAN_POINT('',(-2.327706090686,-1.00233620545));
#2893 = CARTESIAN_POINT('',(-2.204517494644,-1.563194018672E-13));
#2894 = ( GEOMETRIC_REPRESENTATION_CONTEXT(2) 
PARAMETRIC_REPRESENTATION_CONTEXT() REPRESENTATION_CONTEXT('2D SPACE',''
  ) );
#2895 = ORIENTED_EDGE('',*,*,#2896,.T.);
#2896 = EDGE_CURVE('',#2854,#2897,#2899,.T.);
#2897 = VERTEX_POINT('',#2898);
#2898 = CARTESIAN_POINT('',(64.191282275281,-15.13,-2.889504650432));
#2899 = SURFACE_CURVE('',#2900,(#2966,#3035),.PCURVE_S1.);
#2900 = B_SPLINE_CURVE_WITH_KNOTS('',8,(#2901,#2902,#2903,#2904,#2905,
    #2906,#2907,#2908,#2909,#2910,#2911,#2912,#2913,#2914,#2915,#2916,
    #2917,#2918,#2919,#2920,#2921,#2922,#2923,#2924,#2925,#2926,#2927,
    #2928,#2929,#2930,#2931,#2932,#2933,#2934,#2935,#2936,#2937,#2938,
    #2939,#2940,#2941,#2942,#2943,#2944,#2945,#2946,#2947,#2948,#2949,
    #2950,#2951,#2952,#2953,#2954,#2955,#2956,#2957,#2958,#2959,#2960,
    #2961,#2962,#2963,#2964,#2965),.UNSPECIFIED.,.F.,.F.,(9,7,7,7,7,7,7,
    7,7,9),(0.,7.218923302233E-02,0.275348894706,0.418047954874,
    0.49961145391,0.576110136308,0.68404735415,0.724933501573,
    0.92767440306,1.),.UNSPECIFIED.);
#2901 = CARTESIAN_POINT('',(64.191281753565,-1.8699994,-2.889503493303)
  );
#2902 = CARTESIAN_POINT('',(64.261042670555,-1.950353662238,
    -3.044228366499));
#2903 = CARTESIAN_POINT('',(64.333747414168,-2.0342210392,
    -3.194088984285));
#2904 = CARTESIAN_POINT('',(64.409090082754,-2.121273984773,
    -3.339164302163));
#2905 = CARTESIAN_POINT('',(64.486791113505,-2.211215877837,
    -3.479549559721));
#2906 = CARTESIAN_POINT('',(64.566597814381,-2.303782109382,
    -3.615354388066));
#2907 = CARTESIAN_POINT('',(64.648284896042,-2.398741169629,
    -3.746700917274));
#2908 = CARTESIAN_POINT('',(64.73165500378,-2.495895735148,
    -3.87372188383));
#2909 = CARTESIAN_POINT('',(65.05542604614,-2.874225172384,
    -4.34225424839));
#2910 = CARTESIAN_POINT('',(65.305954694004,-3.169063445908,
    -4.654305608207));
#2911 = CARTESIAN_POINT('',(65.564622287941,-3.476283085623,
    -4.936488778661));
#2912 = CARTESIAN_POINT('',(65.828621093361,-3.793555611253,
    -5.191121689566));
#2913 = CARTESIAN_POINT('',(66.095454650817,-4.119135180394,
    -5.420269943257));
#2914 = CARTESIAN_POINT('',(66.362785464877,-4.451979059765,
    -5.62561785178));
#2915 = CARTESIAN_POINT('',(66.628310025338,-4.791686541342,
    -5.808670638362));
#2916 = CARTESIAN_POINT('',(67.071777925651,-5.382875922016,
    -6.084321047258));
#2917 = CARTESIAN_POINT('',(67.251933746328,-5.630079666159,
    -6.187417582584));
#2918 = CARTESIAN_POINT('',(67.428250048199,-5.880896421924,
    -6.280401215739));
#2919 = CARTESIAN_POINT('',(67.599264434563,-6.135599784075,
    -6.363531227943));
#2920 = CARTESIAN_POINT('',(67.762839854497,-6.394458121679,
    -6.436909190462));
#2921 = CARTESIAN_POINT('',(67.916127192823,-6.657746331186,
    -6.500532376322));
#2922 = CARTESIAN_POINT('',(68.054836068968,-6.925966532576,
    -6.554314857169));
#2923 = CARTESIAN_POINT('',(68.241425724691,-7.356291284209,
    -6.622934052847));
#2924 = CARTESIAN_POINT('',(68.302744212569,-7.514588858197,
    -6.644578343633));
#2925 = CARTESIAN_POINT('',(68.356440720692,-7.674634241349,
    -6.66283491154));
#2926 = CARTESIAN_POINT('',(68.401343013554,-7.836304484545,
    -6.677613871357));
#2927 = CARTESIAN_POINT('',(68.436218060253,-7.999390910038,
    -6.688823756174));
#2928 = CARTESIAN_POINT('',(68.460011361255,-8.163574132469,
    -6.696380990517));
#2929 = CARTESIAN_POINT('',(68.472122069278,-8.32839182208,
    -6.700226541491));
#2930 = CARTESIAN_POINT('',(68.47293845416,-8.647797357504,
    -6.700485754933));
#2931 = CARTESIAN_POINT('',(68.463050649947,-8.802418356768,
    -6.697346113377));
#2932 = CARTESIAN_POINT('',(68.442861313232,-8.956550401576,
    -6.690938697405));
#2933 = CARTESIAN_POINT('',(68.41280957047,-9.109794566592,
    -6.681307064824));
#2934 = CARTESIAN_POINT('',(68.373706930241,-9.261862361768,
    -6.668516755023));
#2935 = CARTESIAN_POINT('',(68.326539653773,-9.41255417394,
    -6.652642368428));
#2936 = CARTESIAN_POINT('',(68.272284519036,-9.561741081741,
    -6.633759686036));
#2937 = CARTESIAN_POINT('',(68.126611697004,-9.917645048817,
    -6.581144758331));
#2938 = CARTESIAN_POINT('',(68.029085670537,-10.12280161937,
    -6.544499909254));
#2939 = CARTESIAN_POINT('',(67.921735017353,-10.32499301041,
    -6.502143014273));
#2940 = CARTESIAN_POINT('',(67.806701588888,-10.52439978034,
    -6.454159469213));
#2941 = CARTESIAN_POINT('',(67.685658099663,-10.72118084861,
    -6.40059428032));
#2942 = CARTESIAN_POINT('',(67.559870318627,-10.91549238552,
    -6.341449914133));
#2943 = CARTESIAN_POINT('',(67.430317977403,-11.10752055761,
    -6.276669485847));
#2944 = CARTESIAN_POINT('',(67.247477832578,-11.36944191962,
    -6.179379639756));
#2945 = CARTESIAN_POINT('',(67.196817190119,-11.44108987898,
    -6.151826732111));
#2946 = CARTESIAN_POINT('',(67.145770751016,-11.51243424329,
    -6.123444245069));
#2947 = CARTESIAN_POINT('',(67.094378253392,-11.58347974321,
    -6.094226542374));
#2948 = CARTESIAN_POINT('',(67.042676256188,-11.65423003689,
    -6.064167372107));
#2949 = CARTESIAN_POINT('',(66.990698512284,-11.72468783969,
    -6.033259838689));
#2950 = CARTESIAN_POINT('',(66.938476341617,-11.79485505388,
    -6.001496374881));
#2951 = CARTESIAN_POINT('',(66.626019567193,-12.21123405072,
    -5.80707891846));
#2952 = CARTESIAN_POINT('',(66.361018772047,-12.55020798811,-5.62423167)
  );
#2953 = CARTESIAN_POINT('',(66.094232815086,-12.88234187995,
    -5.419170522631));
#2954 = CARTESIAN_POINT('',(65.82795160967,-13.20723552474,
    -5.190398271835));
#2955 = CARTESIAN_POINT('',(65.564498617034,-13.5238510282,
    -4.936239290109));
#2956 = CARTESIAN_POINT('',(65.306355583018,-13.83045321863,
    -4.654640203212));
#2957 = CARTESIAN_POINT('',(65.056313355289,-14.12472793616,
    -4.34329554013));
#2958 = CARTESIAN_POINT('',(64.732782735224,-14.50279006525,
    -3.87543952729));
#2959 = CARTESIAN_POINT('',(64.649232002858,-14.60015784089,
    -3.748223375102));
#2960 = CARTESIAN_POINT('',(64.567368871847,-14.69532355679,
    -3.616666175411));
#2961 = CARTESIAN_POINT('',(64.487391657591,-14.78808897278,
    -3.480634386242));
#2962 = CARTESIAN_POINT('',(64.409526808922,-14.87822141457,
    -3.340005123046));
#2963 = CARTESIAN_POINT('',(64.334028375156,-14.96545486706,
    -3.194668062982));
#2964 = CARTESIAN_POINT('',(64.261177473156,-15.04949106774,
    -3.044527349198));
#2965 = CARTESIAN_POINT('',(64.19128175438,-15.1300006,-2.889503495112)
  );
#2966 = PCURVE('',#2557,#2967);
#2967 = DEFINITIONAL_REPRESENTATION('',(#2968),#3034);
#2968 = B_SPLINE_CURVE_WITH_KNOTS('',8,(#2969,#2970,#2971,#2972,#2973,
    #2974,#2975,#2976,#2977,#2978,#2979,#2980,#2981,#2982,#2983,#2984,
    #2985,#2986,#2987,#2988,#2989,#2990,#2991,#2992,#2993,#2994,#2995,
    #2996,#2997,#2998,#2999,#3000,#3001,#3002,#3003,#3004,#3005,#3006,
    #3007,#3008,#3009,#3010,#3011,#3012,#3013,#3014,#3015,#3016,#3017,
    #3018,#3019,#3020,#3021,#3022,#3023,#3024,#3025,#3026,#3027,#3028,
    #3029,#3030,#3031,#3032,#3033),.UNSPECIFIED.,.F.,.F.,(9,7,7,7,7,7,7,
    7,7,9),(0.,7.218923302233E-02,0.275348894706,0.418047954874,
    0.49961145391,0.576110136308,0.68404735415,0.724933501573,
    0.92767440306,1.),.UNSPECIFIED.);
#2969 = CARTESIAN_POINT('',(5.847181045327,0.750633531267));
#2970 = CARTESIAN_POINT('',(5.822075834745,0.753347963835));
#2971 = CARTESIAN_POINT('',(5.797393366731,0.756176942186));
#2972 = CARTESIAN_POINT('',(5.773116856896,0.759108563531));
#2973 = CARTESIAN_POINT('',(5.749229309124,0.762131949942));
#2974 = CARTESIAN_POINT('',(5.725713143683,0.765237269042));
#2975 = CARTESIAN_POINT('',(5.702549825345,0.76841575471));
#2976 = CARTESIAN_POINT('',(5.679719491491,0.771659727774));
#2977 = CARTESIAN_POINT('',(5.59382638714,0.784257822807));
#2978 = CARTESIAN_POINT('',(5.533011348633,0.794006019222));
#2979 = CARTESIAN_POINT('',(5.474178785026,0.804070906146));
#2980 = CARTESIAN_POINT('',(5.416983257632,0.814343233205));
#2981 = CARTESIAN_POINT('',(5.361115585823,0.8247258619));
#2982 = CARTESIAN_POINT('',(5.306292457428,0.8351278391));
#2983 = CARTESIAN_POINT('',(5.252208241577,0.84545953406));
#2984 = CARTESIAN_POINT('',(5.160717342013,0.862715094383));
#2985 = CARTESIAN_POINT('',(5.123206650314,0.869725048495));
#2986 = CARTESIAN_POINT('',(5.085777516978,0.876585604988));
#2987 = CARTESIAN_POINT('',(5.048303861743,0.883239861267));
#2988 = CARTESIAN_POINT('',(5.010670441471,0.889604663599));
#2989 = CARTESIAN_POINT('',(4.972766448816,0.895569151472));
#2990 = CARTESIAN_POINT('',(4.934453908586,0.900966384007));
#2991 = CARTESIAN_POINT('',(4.873353252879,0.908226681895));
#2992 = CARTESIAN_POINT('',(4.850951709659,0.910612615275));
#2993 = CARTESIAN_POINT('',(4.828364872904,0.912701973568));
#2994 = CARTESIAN_POINT('',(4.805598269896,0.914449144496));
#2995 = CARTESIAN_POINT('',(4.782669412099,0.915806150204));
#2996 = CARTESIAN_POINT('',(4.759611211712,0.916731959582));
#2997 = CARTESIAN_POINT('',(4.73647647787,0.917203193357));
#2998 = CARTESIAN_POINT('',(4.69164364903,0.917234959306));
#2999 = CARTESIAN_POINT('',(4.66994086005,0.916850219842));
#3000 = CARTESIAN_POINT('',(4.648297013023,0.916064642538));
#3001 = CARTESIAN_POINT('',(4.626758109647,0.914895314026));
#3002 = CARTESIAN_POINT('',(4.605354785461,0.913373810515));
#3003 = CARTESIAN_POINT('',(4.584105316391,0.911538507929));
#3004 = CARTESIAN_POINT('',(4.563018108767,0.909427413192));
#3005 = CARTESIAN_POINT('',(4.512566867989,0.90375921));
#3006 = CARTESIAN_POINT('',(4.483363781161,0.899964422978));
#3007 = CARTESIAN_POINT('',(4.454432568222,0.895787354761));
#3008 = CARTESIAN_POINT('',(4.425719446363,0.891311345871));
#3009 = CARTESIAN_POINT('',(4.397172473028,0.886601482477));
#3010 = CARTESIAN_POINT('',(4.368738593125,0.881707016289));
#3011 = CARTESIAN_POINT('',(4.340357951475,0.87666606916));
#3012 = CARTESIAN_POINT('',(4.301204011871,0.869551666637));
#3013 = CARTESIAN_POINT('',(4.290446892292,0.867580435413));
#3014 = CARTESIAN_POINT('',(4.279686518929,0.865594192647));
#3015 = CARTESIAN_POINT('',(4.268920125929,0.863594484568));
#3016 = CARTESIAN_POINT('',(4.258145026445,0.861582733704));
#3017 = CARTESIAN_POINT('',(4.247358586654,0.859560253396));
#3018 = CARTESIAN_POINT('',(4.236558199762,0.85752826232));
#3019 = CARTESIAN_POINT('',(4.172103628387,0.845370411175));
#3020 = CARTESIAN_POINT('',(4.118122665692,0.835059096189));
#3021 = CARTESIAN_POINT('',(4.063404176503,0.824678319653));
#3022 = CARTESIAN_POINT('',(4.007644303268,0.814317183256));
#3023 = CARTESIAN_POINT('',(3.950561259082,0.804066094048));
#3024 = CARTESIAN_POINT('',(3.891847627917,0.794021618016));
#3025 = CARTESIAN_POINT('',(3.831159818666,0.784292348455));
#3026 = CARTESIAN_POINT('',(3.745367226267,0.771703608374));
#3027 = CARTESIAN_POINT('',(3.722496647517,0.768452607115));
#3028 = CARTESIAN_POINT('',(3.699291982071,0.765267271278));
#3029 = CARTESIAN_POINT('',(3.675733250283,0.762155317416));
#3030 = CARTESIAN_POINT('',(3.651801808046,0.759125556767));
#3031 = CARTESIAN_POINT('',(3.627479970857,0.75618787452));
#3032 = CARTESIAN_POINT('',(3.602750637879,0.753353209072));
#3033 = CARTESIAN_POINT('',(3.577596916003,0.750633531299));
#3034 = ( GEOMETRIC_REPRESENTATION_CONTEXT(2) 
PARAMETRIC_REPRESENTATION_CONTEXT() REPRESENTATION_CONTEXT('2D SPACE',''
  ) );
#3035 = PCURVE('',#3036,#3041);
#3036 = CYLINDRICAL_SURFACE('',#3037,7.03);
#3037 = AXIS2_PLACEMENT_3D('',#3038,#3039,#3040);
#3038 = CARTESIAN_POINT('',(70.6,-15.13,0.));
#3039 = DIRECTION('',(0.,1.,0.));
#3040 = DIRECTION('',(0.,-0.,1.));
#3041 = DEFINITIONAL_REPRESENTATION('',(#3042),#3108);
#3042 = B_SPLINE_CURVE_WITH_KNOTS('',8,(#3043,#3044,#3045,#3046,#3047,
    #3048,#3049,#3050,#3051,#3052,#3053,#3054,#3055,#3056,#3057,#3058,
    #3059,#3060,#3061,#3062,#3063,#3064,#3065,#3066,#3067,#3068,#3069,
    #3070,#3071,#3072,#3073,#3074,#3075,#3076,#3077,#3078,#3079,#3080,
    #3081,#3082,#3083,#3084,#3085,#3086,#3087,#3088,#3089,#3090,#3091,
    #3092,#3093,#3094,#3095,#3096,#3097,#3098,#3099,#3100,#3101,#3102,
    #3103,#3104,#3105,#3106,#3107),.UNSPECIFIED.,.F.,.F.,(9,7,7,7,7,7,7,
    7,7,9),(0.,7.218923302233E-02,0.275348894706,0.418047954874,
    0.49961145391,0.576110136308,0.68404735415,0.724933501573,
    0.92767440306,1.),.UNSPECIFIED.);
#3043 = CARTESIAN_POINT('',(10.571996495147,13.2600006));
#3044 = CARTESIAN_POINT('',(10.54785362176,13.179646337762));
#3045 = CARTESIAN_POINT('',(10.524169403872,13.0957789608));
#3046 = CARTESIAN_POINT('',(10.500930063143,13.008726015227));
#3047 = CARTESIAN_POINT('',(10.478121556257,12.918784122163));
#3048 = CARTESIAN_POINT('',(10.455729334075,12.826217890618));
#3049 = CARTESIAN_POINT('',(10.433738100777,12.731258830371));
#3050 = CARTESIAN_POINT('',(10.412131573019,12.634104264852));
#3051 = CARTESIAN_POINT('',(10.331119116158,12.255774827616));
#3052 = CARTESIAN_POINT('',(10.274341706083,11.960936554091));
#3053 = CARTESIAN_POINT('',(10.220076237602,11.65371691438));
#3054 = CARTESIAN_POINT('',(10.168088886867,11.336444388744));
#3055 = CARTESIAN_POINT('',(10.1182109573,11.010864819608));
#3056 = CARTESIAN_POINT('',(10.070367860408,10.678020940234));
#3057 = CARTESIAN_POINT('',(10.024543420456,10.338313458658));
#3058 = CARTESIAN_POINT('',(9.950268024072,9.747124077984));
#3059 = CARTESIAN_POINT('',(9.920761312069,9.499920333841));
#3060 = CARTESIAN_POINT('',(9.89243409355,9.249103578076));
#3061 = CARTESIAN_POINT('',(9.865413056707,8.994400215925));
#3062 = CARTESIAN_POINT('',(9.839932288454,8.735541878321));
#3063 = CARTESIAN_POINT('',(9.816334956344,8.472253668814));
#3064 = CARTESIAN_POINT('',(9.795175931505,8.204033467424));
#3065 = CARTESIAN_POINT('',(9.766896105469,7.773708715791));
#3066 = CARTESIAN_POINT('',(9.757647047625,7.615411141803));
#3067 = CARTESIAN_POINT('',(9.749580267134,7.455365758651));
#3068 = CARTESIAN_POINT('',(9.742856328717,7.293695515455));
#3069 = CARTESIAN_POINT('',(9.737645510756,7.130609089962));
#3070 = CARTESIAN_POINT('',(9.734094343232,6.966425867531));
#3071 = CARTESIAN_POINT('',(9.732286864803,6.80160817792));
#3072 = CARTESIAN_POINT('',(9.732165022866,6.482202642496));
#3073 = CARTESIAN_POINT('',(9.733640739345,6.327581643232));
#3074 = CARTESIAN_POINT('',(9.736653787702,6.173449598424));
#3075 = CARTESIAN_POINT('',(9.741142742332,6.020205433408));
#3076 = CARTESIAN_POINT('',(9.746994754191,5.868137638232));
#3077 = CARTESIAN_POINT('',(9.75407342093,5.71744582606));
#3078 = CARTESIAN_POINT('',(9.762244580745,5.568258918259));
#3079 = CARTESIAN_POINT('',(9.784276374499,5.212354951183));
#3080 = CARTESIAN_POINT('',(9.799094984255,5.007198380629));
#3081 = CARTESIAN_POINT('',(9.815507275022,4.805006989584));
#3082 = CARTESIAN_POINT('',(9.833230007901,4.605600219656));
#3083 = CARTESIAN_POINT('',(9.852049477791,4.408819151382));
#3084 = CARTESIAN_POINT('',(9.871812393623,4.214507614474));
#3085 = CARTESIAN_POINT('',(9.892409734873,4.022479442385));
#3086 = CARTESIAN_POINT('',(9.92187105658,3.760558080375));
#3087 = CARTESIAN_POINT('',(9.930073924388,3.688910121016));
#3088 = CARTESIAN_POINT('',(9.938381480258,3.617565756709));
#3089 = CARTESIAN_POINT('',(9.946790009116,3.546520256787));
#3090 = CARTESIAN_POINT('',(9.955296324138,3.475769963103));
#3091 = CARTESIAN_POINT('',(9.963897720304,3.405312160307));
#3092 = CARTESIAN_POINT('',(9.97259192794,3.335144946114));
#3093 = CARTESIAN_POINT('',(10.024939665745,2.918765949275));
#3094 = CARTESIAN_POINT('',(10.070686403802,2.579792011887));
#3095 = CARTESIAN_POINT('',(10.11844375428,2.247658120045));
#3096 = CARTESIAN_POINT('',(10.168228070166,1.922764475255));
#3097 = CARTESIAN_POINT('',(10.220113847381,1.606148971794));
#3098 = CARTESIAN_POINT('',(10.274268791175,1.299546781363));
#3099 = CARTESIAN_POINT('',(10.33092550147,1.005272063834));
#3100 = CARTESIAN_POINT('',(10.411839370486,0.627209934745));
#3101 = CARTESIAN_POINT('',(10.433483177743,0.529842159104));
#3102 = CARTESIAN_POINT('',(10.455513027236,0.434676443209));
#3103 = CARTESIAN_POINT('',(10.477945296345,0.341911027217));
#3104 = CARTESIAN_POINT('',(10.500795369934,0.251778585428));
#3105 = CARTESIAN_POINT('',(10.524077883993,0.164545132932));
#3106 = CARTESIAN_POINT('',(10.547806969262,8.050893225415E-02));
#3107 = CARTESIAN_POINT('',(10.571996494865,-6.E-07));
#3108 = ( GEOMETRIC_REPRESENTATION_CONTEXT(2) 
PARAMETRIC_REPRESENTATION_CONTEXT() REPRESENTATION_CONTEXT('2D SPACE',''
  ) );
#3109 = ORIENTED_EDGE('',*,*,#3110,.T.);
#3110 = EDGE_CURVE('',#2897,#3111,#3113,.T.);
#3111 = VERTEX_POINT('',#3112);
#3112 = CARTESIAN_POINT('',(70.6,-15.13,-2.204517489897));
#3113 = SURFACE_CURVE('',#3114,(#3123,#3135),.PCURVE_S1.);
#3114 = B_SPLINE_CURVE_WITH_KNOTS('',7,(#3115,#3116,#3117,#3118,#3119,
    #3120,#3121,#3122),.UNSPECIFIED.,.F.,.F.,(8,8),(0.,1.),
  .PIECEWISE_BEZIER_KNOTS.);
#3115 = CARTESIAN_POINT('',(63.57,-15.13,-2.947780605429));
#3116 = CARTESIAN_POINT('',(64.575622660612,-15.13,-2.854336648816));
#3117 = CARTESIAN_POINT('',(65.580923098448,-15.13,-2.757655214702));
#3118 = CARTESIAN_POINT('',(66.585866346022,-15.13,-2.657297154421));
#3119 = CARTESIAN_POINT('',(67.590386012143,-15.13,-2.552724814772));
#3120 = CARTESIAN_POINT('',(68.594370101038,-15.13,-2.443180776444));
#3121 = CARTESIAN_POINT('',(69.597663794684,-15.13,-2.327706080293));
#3122 = CARTESIAN_POINT('',(70.6,-15.13,-2.204517481113));
#3123 = PCURVE('',#2557,#3124);
#3124 = DEFINITIONAL_REPRESENTATION('',(#3125),#3134);
#3125 = B_SPLINE_CURVE_WITH_KNOTS('',7,(#3126,#3127,#3128,#3129,#3130,
    #3131,#3132,#3133),.UNSPECIFIED.,.F.,.F.,(8,8),(0.,1.),
  .PIECEWISE_BEZIER_KNOTS.);
#3126 = CARTESIAN_POINT('',(3.585585331119,0.726459143969));
#3127 = CARTESIAN_POINT('',(3.572812159661,0.765588430374));
#3128 = CARTESIAN_POINT('',(3.559462191409,0.804705178928));
#3129 = CARTESIAN_POINT('',(3.545461224075,0.843808029028));
#3130 = CARTESIAN_POINT('',(3.530721920432,0.88289439736));
#3131 = CARTESIAN_POINT('',(3.515117401706,0.92195992611));
#3132 = CARTESIAN_POINT('',(3.498491190595,0.960998591233));
#3133 = CARTESIAN_POINT('',(3.480552612956,1.));
#3134 = ( GEOMETRIC_REPRESENTATION_CONTEXT(2) 
PARAMETRIC_REPRESENTATION_CONTEXT() REPRESENTATION_CONTEXT('2D SPACE',''
  ) );
#3135 = PCURVE('',#3136,#3141);
#3136 = PLANE('',#3137);
#3137 = AXIS2_PLACEMENT_3D('',#3138,#3139,#3140);
#3138 = CARTESIAN_POINT('',(70.6,-15.13,0.));
#3139 = DIRECTION('',(0.,1.,0.));
#3140 = DIRECTION('',(0.,-0.,1.));
#3141 = DEFINITIONAL_REPRESENTATION('',(#3142),#3151);
#3142 = B_SPLINE_CURVE_WITH_KNOTS('',7,(#3143,#3144,#3145,#3146,#3147,
    #3148,#3149,#3150),.UNSPECIFIED.,.F.,.F.,(8,8),(0.,1.),
  .PIECEWISE_BEZIER_KNOTS.);
#3143 = CARTESIAN_POINT('',(-2.947780605429,-7.03));
#3144 = CARTESIAN_POINT('',(-2.854336648816,-6.024377339388));
#3145 = CARTESIAN_POINT('',(-2.757655214702,-5.019076901552));
#3146 = CARTESIAN_POINT('',(-2.657297154421,-4.014133653978));
#3147 = CARTESIAN_POINT('',(-2.552724814772,-3.009613987857));
#3148 = CARTESIAN_POINT('',(-2.443180776444,-2.005629898962));
#3149 = CARTESIAN_POINT('',(-2.327706080293,-1.002336205316));
#3150 = CARTESIAN_POINT('',(-2.204517481113,0.));
#3151 = ( GEOMETRIC_REPRESENTATION_CONTEXT(2) 
PARAMETRIC_REPRESENTATION_CONTEXT() REPRESENTATION_CONTEXT('2D SPACE',''
  ) );
#3152 = ORIENTED_EDGE('',*,*,#3153,.F.);
#3153 = EDGE_CURVE('',#3154,#3111,#3156,.T.);
#3154 = VERTEX_POINT('',#3155);
#3155 = CARTESIAN_POINT('',(70.6,-15.32221978811,-1.6));
#3156 = SURFACE_CURVE('',#3157,(#3162,#3169),.PCURVE_S1.);
#3157 = ELLIPSE('',#3158,7.03,6.63);
#3158 = AXIS2_PLACEMENT_3D('',#3159,#3160,#3161);
#3159 = CARTESIAN_POINT('',(70.6,-8.5,0.));
#3160 = DIRECTION('',(1.,0.,0.));
#3161 = DIRECTION('',(0.,1.,0.));
#3162 = PCURVE('',#2557,#3163);
#3163 = DEFINITIONAL_REPRESENTATION('',(#3164),#3168);
#3164 = LINE('',#3165,#3166);
#3165 = CARTESIAN_POINT('',(0.,1.));
#3166 = VECTOR('',#3167,1.);
#3167 = DIRECTION('',(1.,0.));
#3168 = ( GEOMETRIC_REPRESENTATION_CONTEXT(2) 
PARAMETRIC_REPRESENTATION_CONTEXT() REPRESENTATION_CONTEXT('2D SPACE',''
  ) );
#3169 = PCURVE('',#3170,#3175);
#3170 = PLANE('',#3171);
#3171 = AXIS2_PLACEMENT_3D('',#3172,#3173,#3174);
#3172 = CARTESIAN_POINT('',(70.6,-8.5,0.));
#3173 = DIRECTION('',(1.,0.,0.));
#3174 = DIRECTION('',(0.,1.,0.));
#3175 = DEFINITIONAL_REPRESENTATION('',(#3176),#3180);
#3176 = ELLIPSE('',#3177,7.03,6.63);
#3177 = AXIS2_PLACEMENT_2D('',#3178,#3179);
#3178 = CARTESIAN_POINT('',(0.,0.));
#3179 = DIRECTION('',(1.,0.));
#3180 = ( GEOMETRIC_REPRESENTATION_CONTEXT(2) 
PARAMETRIC_REPRESENTATION_CONTEXT() REPRESENTATION_CONTEXT('2D SPACE',''
  ) );
#3181 = ORIENTED_EDGE('',*,*,#3182,.T.);
#3182 = EDGE_CURVE('',#3154,#3183,#3185,.T.);
#3183 = VERTEX_POINT('',#3184);
#3184 = CARTESIAN_POINT('',(70.6,-15.32221978811,1.6));
#3185 = SURFACE_CURVE('',#3186,(#3225,#3267),.PCURVE_S1.);
#3186 = B_SPLINE_CURVE_WITH_KNOTS('',7,(#3187,#3188,#3189,#3190,#3191,
    #3192,#3193,#3194,#3195,#3196,#3197,#3198,#3199,#3200,#3201,#3202,
    #3203,#3204,#3205,#3206,#3207,#3208,#3209,#3210,#3211,#3212,#3213,
    #3214,#3215,#3216,#3217,#3218,#3219,#3220,#3221,#3222,#3223,#3224),
  .UNSPECIFIED.,.F.,.F.,(8,6,6,6,6,6,8),(0.,0.150958157907,
    0.372031319339,0.589414462026,0.763279271873,0.892383577656,1.),
  .UNSPECIFIED.);
#3187 = CARTESIAN_POINT('',(70.6,-15.32221978558,-1.6));
#3188 = CARTESIAN_POINT('',(70.490255431147,-15.32717492026,-1.6));
#3189 = CARTESIAN_POINT('',(70.380649673785,-15.3344392469,
    -1.591217862066));
#3190 = CARTESIAN_POINT('',(70.272155939293,-15.34395459746,
    -1.573694438577));
#3191 = CARTESIAN_POINT('',(70.165658945158,-15.35553680516,
    -1.547630971359));
#3192 = CARTESIAN_POINT('',(70.061958916579,-15.36890125212,
    -1.513332281972));
#3193 = CARTESIAN_POINT('',(69.96177795234,-15.38369278668,
    -1.471172767131));
#3194 = CARTESIAN_POINT('',(69.725166504068,-15.42269844838,
    -1.348965868562));
#3195 = CARTESIAN_POINT('',(69.593520958617,-15.44809639863,
    -1.260420798336));
#3196 = CARTESIAN_POINT('',(69.472677101315,-15.47451512966,
    -1.157206053289));
#3197 = CARTESIAN_POINT('',(69.364300155919,-15.50059293103,
    -1.040732283447));
#3198 = CARTESIAN_POINT('',(69.269937971209,-15.52495154448,
    -0.912573455008));
#3199 = CARTESIAN_POINT('',(69.191005559112,-15.5463374239,
    -0.774522061614));
#3200 = CARTESIAN_POINT('',(69.067418118365,-15.58088745294,
    -0.485293696964));
#3201 = CARTESIAN_POINT('',(69.022159988396,-15.5941978885,
    -0.334251211389));
#3202 = CARTESIAN_POINT('',(68.994283695394,-15.60268093462,
    -0.177996181161));
#3203 = CARTESIAN_POINT('',(68.984528703768,-15.60567668027,
    -1.913871685103E-02));
#3204 = CARTESIAN_POINT('',(68.993123838294,-15.60299452951,
    0.139625725701));
#3205 = CARTESIAN_POINT('',(69.019761944003,-15.59495627197,
    0.295525856928));
#3206 = CARTESIAN_POINT('',(69.098237741456,-15.57225032334,
    0.566016629007));
#3207 = CARTESIAN_POINT('',(69.143995040378,-15.55922268379,
    0.682738496499));
#3208 = CARTESIAN_POINT('',(69.200172428274,-15.54363029693,
    0.794753573208));
#3209 = CARTESIAN_POINT('',(69.266153868181,-15.52598898438,
    0.901010881866));
#3210 = CARTESIAN_POINT('',(69.341243314338,-15.50690163306,
    1.000598256567));
#3211 = CARTESIAN_POINT('',(69.42470534992,-15.48700975862,
    1.092711343937));
#3212 = CARTESIAN_POINT('',(69.583397822879,-15.45205918957,
    1.238941440007));
#3213 = CARTESIAN_POINT('',(69.655215569804,-15.43707467002,
    1.296734981471));
#3214 = CARTESIAN_POINT('',(69.730916157983,-15.42226042634,
    1.349714833025));
#3215 = CARTESIAN_POINT('',(69.810164085841,-15.40788071022,
    1.397595973542));
#3216 = CARTESIAN_POINT('',(69.892593842932,-15.39419358466,
    1.440105289131));
#3217 = CARTESIAN_POINT('',(69.977802630494,-15.38143903457,
    1.47698908048));
#3218 = CARTESIAN_POINT('',(70.13831065611,-15.36014275182,
    1.533895931549));
#3219 = CARTESIAN_POINT('',(70.212900358009,-15.35125287497,
    1.555703891576));
#3220 = CARTESIAN_POINT('',(70.288839595406,-15.34327662779,
    1.573317230463));
#3221 = CARTESIAN_POINT('',(70.36583830492,-15.33631818883,
    1.586623442362));
#3222 = CARTESIAN_POINT('',(70.443587154627,-15.3304589637,
    1.595535853881));
#3223 = CARTESIAN_POINT('',(70.521757276694,-15.32575256389,1.6));
#3224 = CARTESIAN_POINT('',(70.6,-15.32221978558,1.6));
#3225 = PCURVE('',#2557,#3226);
#3226 = DEFINITIONAL_REPRESENTATION('',(#3227),#3266);
#3227 = B_SPLINE_CURVE_WITH_KNOTS('',7,(#3228,#3229,#3230,#3231,#3232,
    #3233,#3234,#3235,#3236,#3237,#3238,#3239,#3240,#3241,#3242,#3243,
    #3244,#3245,#3246,#3247,#3248,#3249,#3250,#3251,#3252,#3253,#3254,
    #3255,#3256,#3257,#3258,#3259,#3260,#3261,#3262,#3263,#3264,#3265),
  .UNSPECIFIED.,.F.,.F.,(8,6,6,6,6,6,8),(0.,0.150958157907,
    0.372031319339,0.589414462026,0.763279271873,0.892383577656,1.),
  .UNSPECIFIED.);
#3228 = CARTESIAN_POINT('',(3.385325998776,1.));
#3229 = CARTESIAN_POINT('',(3.385189857008,0.995729783313));
#3230 = CARTESIAN_POINT('',(3.383689126519,0.991464967852));
#3231 = CARTESIAN_POINT('',(3.380834647741,0.987243421762));
#3232 = CARTESIAN_POINT('',(3.376665098626,0.983099569851));
#3233 = CARTESIAN_POINT('',(3.371237192132,0.979064549283));
#3234 = CARTESIAN_POINT('',(3.364619026849,0.975166457289));
#3235 = CARTESIAN_POINT('',(3.345562697334,0.965959786151));
#3236 = CARTESIAN_POINT('',(3.331849875935,0.960837391386));
#3237 = CARTESIAN_POINT('',(3.315970696241,0.956135295771));
#3238 = CARTESIAN_POINT('',(3.298168178285,0.951918294005));
#3239 = CARTESIAN_POINT('',(3.278697126782,0.948246613666));
#3240 = CARTESIAN_POINT('',(3.25782845291,0.945175313584));
#3241 = CARTESIAN_POINT('',(3.214271090051,0.94036646375));
#3242 = CARTESIAN_POINT('',(3.191600081694,0.938605447019));
#3243 = CARTESIAN_POINT('',(3.168206999301,0.937520766358));
#3244 = CARTESIAN_POINT('',(3.144457082857,0.937141194699));
#3245 = CARTESIAN_POINT('',(3.120718114396,0.937475635731));
#3246 = CARTESIAN_POINT('',(3.097372768644,0.938512137899));
#3247 = CARTESIAN_POINT('',(3.056768693729,0.941565670874));
#3248 = CARTESIAN_POINT('',(3.039210664796,0.943346110521));
#3249 = CARTESIAN_POINT('',(3.022311740932,0.9455320011));
#3250 = CARTESIAN_POINT('',(3.006223574617,0.948099372303));
#3251 = CARTESIAN_POINT('',(2.991083341197,0.951021140636));
#3252 = CARTESIAN_POINT('',(2.977018232902,0.954268690658));
#3253 = CARTESIAN_POINT('',(2.954589904077,0.960443495054));
#3254 = CARTESIAN_POINT('',(2.945691017317,0.963237959915));
#3255 = CARTESIAN_POINT('',(2.937499173807,0.966183508093));
#3256 = CARTESIAN_POINT('',(2.930062923258,0.969267085052));
#3257 = CARTESIAN_POINT('',(2.923430056253,0.972474468597));
#3258 = CARTESIAN_POINT('',(2.91764591261,0.975789985622));
#3259 = CARTESIAN_POINT('',(2.908670359199,0.98203543409));
#3260 = CARTESIAN_POINT('',(2.905207585177,0.984937757121));
#3261 = CARTESIAN_POINT('',(2.902386327089,0.987892591261));
#3262 = CARTESIAN_POINT('',(2.900227349624,0.990888649997));
#3263 = CARTESIAN_POINT('',(2.898747077077,0.993913897067));
#3264 = CARTESIAN_POINT('',(2.89795637109,0.996955536058));
#3265 = CARTESIAN_POINT('',(2.897859308404,1.));
#3266 = ( GEOMETRIC_REPRESENTATION_CONTEXT(2) 
PARAMETRIC_REPRESENTATION_CONTEXT() REPRESENTATION_CONTEXT('2D SPACE',''
  ) );
#3267 = PCURVE('',#2798,#3268);
#3268 = DEFINITIONAL_REPRESENTATION('',(#3269),#3308);
#3269 = B_SPLINE_CURVE_WITH_KNOTS('',7,(#3270,#3271,#3272,#3273,#3274,
    #3275,#3276,#3277,#3278,#3279,#3280,#3281,#3282,#3283,#3284,#3285,
    #3286,#3287,#3288,#3289,#3290,#3291,#3292,#3293,#3294,#3295,#3296,
    #3297,#3298,#3299,#3300,#3301,#3302,#3303,#3304,#3305,#3306,#3307),
  .UNSPECIFIED.,.F.,.F.,(8,6,6,6,6,6,8),(0.,0.150958157907,
    0.372031319339,0.589414462026,0.763279271873,0.892383577656,1.),
  .UNSPECIFIED.);
#3270 = CARTESIAN_POINT('',(3.14159265359,6.437780214414));
#3271 = CARTESIAN_POINT('',(3.210183009123,6.432825079733));
#3272 = CARTESIAN_POINT('',(3.278686492761,6.425560753094));
#3273 = CARTESIAN_POINT('',(3.347022569032,6.416045402535));
#3274 = CARTESIAN_POINT('',(3.415157672162,6.40446319484));
#3275 = CARTESIAN_POINT('',(3.483083759982,6.391098747872));
#3276 = CARTESIAN_POINT('',(3.550806521569,6.376307213315));
#3277 = CARTESIAN_POINT('',(3.717248496621,6.337301551617));
#3278 = CARTESIAN_POINT('',(3.81574719249,6.311903601365));
#3279 = CARTESIAN_POINT('',(3.914037496877,6.285484870337));
#3280 = CARTESIAN_POINT('',(4.012305849791,6.259407068969));
#3281 = CARTESIAN_POINT('',(4.110728488188,6.235048455512));
#3282 = CARTESIAN_POINT('',(4.209454636052,6.213662576096));
#3283 = CARTESIAN_POINT('',(4.406033681887,6.17911254706));
#3284 = CARTESIAN_POINT('',(4.503956945783,6.165802111496));
#3285 = CARTESIAN_POINT('',(4.602119170218,6.157319065374));
#3286 = CARTESIAN_POINT('',(4.700416038322,6.154323319723));
#3287 = CARTESIAN_POINT('',(4.798739137895,6.157005470482));
#3288 = CARTESIAN_POINT('',(4.896956844512,6.165043728028));
#3289 = CARTESIAN_POINT('',(5.072984750421,6.187749676652));
#3290 = CARTESIAN_POINT('',(5.151015170768,6.200777316208));
#3291 = CARTESIAN_POINT('',(5.228817506587,6.216369703062));
#3292 = CARTESIAN_POINT('',(5.306415634114,6.234011015614));
#3293 = CARTESIAN_POINT('',(5.38386399139,6.253098366938));
#3294 = CARTESIAN_POINT('',(5.461236930085,6.272990241375));
#3295 = CARTESIAN_POINT('',(5.596107443753,6.307940810423));
#3296 = CARTESIAN_POINT('',(5.653593379517,6.322925329971));
#3297 = CARTESIAN_POINT('',(5.711135381926,6.33773957366));
#3298 = CARTESIAN_POINT('',(5.768769021015,6.352119289776));
#3299 = CARTESIAN_POINT('',(5.826523774616,6.365806415338));
#3300 = CARTESIAN_POINT('',(5.88442111763,6.378560965425));
#3301 = CARTESIAN_POINT('',(5.990857013805,6.399857248171));
#3302 = CARTESIAN_POINT('',(6.039350515702,6.408747125025));
#3303 = CARTESIAN_POINT('',(6.087947563523,6.41672337221));
#3304 = CARTESIAN_POINT('',(6.136643109598,6.423681811166));
#3305 = CARTESIAN_POINT('',(6.185427409534,6.429541036293));
#3306 = CARTESIAN_POINT('',(6.234283605113,6.43424743611));
#3307 = CARTESIAN_POINT('',(6.28318530718,6.437780214414));
#3308 = ( GEOMETRIC_REPRESENTATION_CONTEXT(2) 
PARAMETRIC_REPRESENTATION_CONTEXT() REPRESENTATION_CONTEXT('2D SPACE',''
  ) );
#3309 = ORIENTED_EDGE('',*,*,#3310,.F.);
#3310 = EDGE_CURVE('',#3311,#3183,#3313,.T.);
#3311 = VERTEX_POINT('',#3312);
#3312 = CARTESIAN_POINT('',(70.6,-15.13,2.204517489897));
#3313 = SURFACE_CURVE('',#3314,(#3319,#3326),.PCURVE_S1.);
#3314 = ELLIPSE('',#3315,7.03,6.63);
#3315 = AXIS2_PLACEMENT_3D('',#3316,#3317,#3318);
#3316 = CARTESIAN_POINT('',(70.6,-8.5,0.));
#3317 = DIRECTION('',(1.,0.,0.));
#3318 = DIRECTION('',(0.,1.,0.));
#3319 = PCURVE('',#2557,#3320);
#3320 = DEFINITIONAL_REPRESENTATION('',(#3321),#3325);
#3321 = LINE('',#3322,#3323);
#3322 = CARTESIAN_POINT('',(0.,1.));
#3323 = VECTOR('',#3324,1.);
#3324 = DIRECTION('',(1.,0.));
#3325 = ( GEOMETRIC_REPRESENTATION_CONTEXT(2) 
PARAMETRIC_REPRESENTATION_CONTEXT() REPRESENTATION_CONTEXT('2D SPACE',''
  ) );
#3326 = PCURVE('',#3327,#3332);
#3327 = PLANE('',#3328);
#3328 = AXIS2_PLACEMENT_3D('',#3329,#3330,#3331);
#3329 = CARTESIAN_POINT('',(70.6,-8.5,0.));
#3330 = DIRECTION('',(1.,0.,0.));
#3331 = DIRECTION('',(0.,1.,0.));
#3332 = DEFINITIONAL_REPRESENTATION('',(#3333),#3337);
#3333 = ELLIPSE('',#3334,7.03,6.63);
#3334 = AXIS2_PLACEMENT_2D('',#3335,#3336);
#3335 = CARTESIAN_POINT('',(0.,0.));
#3336 = DIRECTION('',(1.,0.));
#3337 = ( GEOMETRIC_REPRESENTATION_CONTEXT(2) 
PARAMETRIC_REPRESENTATION_CONTEXT() REPRESENTATION_CONTEXT('2D SPACE',''
  ) );
#3338 = ORIENTED_EDGE('',*,*,#3339,.F.);
#3339 = EDGE_CURVE('',#3340,#3311,#3342,.T.);
#3340 = VERTEX_POINT('',#3341);
#3341 = CARTESIAN_POINT('',(64.191282275281,-15.13,2.889504650432));
#3342 = SURFACE_CURVE('',#3343,(#3352,#3364),.PCURVE_S1.);
#3343 = B_SPLINE_CURVE_WITH_KNOTS('',7,(#3344,#3345,#3346,#3347,#3348,
    #3349,#3350,#3351),.UNSPECIFIED.,.F.,.F.,(8,8),(0.,1.),
  .PIECEWISE_BEZIER_KNOTS.);
#3344 = CARTESIAN_POINT('',(63.57,-15.13,2.947780605429));
#3345 = CARTESIAN_POINT('',(64.57562266061,-15.13,2.854336648816));
#3346 = CARTESIAN_POINT('',(65.580923098455,-15.13,2.757655214701));
#3347 = CARTESIAN_POINT('',(66.585866346011,-15.13,2.657297154422));
#3348 = CARTESIAN_POINT('',(67.590386012153,-15.13,2.552724814771));
#3349 = CARTESIAN_POINT('',(68.594370101033,-15.13,2.443180776445));
#3350 = CARTESIAN_POINT('',(69.597663794685,-15.13,2.327706080293));
#3351 = CARTESIAN_POINT('',(70.6,-15.13,2.204517481113));
#3352 = PCURVE('',#2557,#3353);
#3353 = DEFINITIONAL_REPRESENTATION('',(#3354),#3363);
#3354 = B_SPLINE_CURVE_WITH_KNOTS('',7,(#3355,#3356,#3357,#3358,#3359,
    #3360,#3361,#3362),.UNSPECIFIED.,.F.,.F.,(8,8),(0.,1.),
  .PIECEWISE_BEZIER_KNOTS.);
#3355 = CARTESIAN_POINT('',(2.69759997606,0.726459143969));
#3356 = CARTESIAN_POINT('',(2.710373147518,0.765588430374));
#3357 = CARTESIAN_POINT('',(2.723723115771,0.804705178928));
#3358 = CARTESIAN_POINT('',(2.737724083104,0.843808029028));
#3359 = CARTESIAN_POINT('',(2.752463386748,0.88289439736));
#3360 = CARTESIAN_POINT('',(2.768067905473,0.92195992611));
#3361 = CARTESIAN_POINT('',(2.784694116584,0.960998591233));
#3362 = CARTESIAN_POINT('',(2.802632694224,1.));
#3363 = ( GEOMETRIC_REPRESENTATION_CONTEXT(2) 
PARAMETRIC_REPRESENTATION_CONTEXT() REPRESENTATION_CONTEXT('2D SPACE',''
  ) );
#3364 = PCURVE('',#3136,#3365);
#3365 = DEFINITIONAL_REPRESENTATION('',(#3366),#3375);
#3366 = B_SPLINE_CURVE_WITH_KNOTS('',7,(#3367,#3368,#3369,#3370,#3371,
    #3372,#3373,#3374),.UNSPECIFIED.,.F.,.F.,(8,8),(0.,1.),
  .PIECEWISE_BEZIER_KNOTS.);
#3367 = CARTESIAN_POINT('',(2.947780605429,-7.03));
#3368 = CARTESIAN_POINT('',(2.854336648816,-6.02437733939));
#3369 = CARTESIAN_POINT('',(2.757655214701,-5.019076901545));
#3370 = CARTESIAN_POINT('',(2.657297154422,-4.014133653989));
#3371 = CARTESIAN_POINT('',(2.552724814771,-3.009613987847));
#3372 = CARTESIAN_POINT('',(2.443180776445,-2.005629898967));
#3373 = CARTESIAN_POINT('',(2.327706080293,-1.002336205315));
#3374 = CARTESIAN_POINT('',(2.204517481113,1.42108547152E-14));
#3375 = ( GEOMETRIC_REPRESENTATION_CONTEXT(2) 
PARAMETRIC_REPRESENTATION_CONTEXT() REPRESENTATION_CONTEXT('2D SPACE',''
  ) );
#3376 = ORIENTED_EDGE('',*,*,#3377,.T.);
#3377 = EDGE_CURVE('',#3340,#3378,#3380,.T.);
#3378 = VERTEX_POINT('',#3379);
#3379 = CARTESIAN_POINT('',(64.191282274465,-1.87,2.889504648623));
#3380 = SURFACE_CURVE('',#3381,(#3447,#3516),.PCURVE_S1.);
#3381 = B_SPLINE_CURVE_WITH_KNOTS('',8,(#3382,#3383,#3384,#3385,#3386,
    #3387,#3388,#3389,#3390,#3391,#3392,#3393,#3394,#3395,#3396,#3397,
    #3398,#3399,#3400,#3401,#3402,#3403,#3404,#3405,#3406,#3407,#3408,
    #3409,#3410,#3411,#3412,#3413,#3414,#3415,#3416,#3417,#3418,#3419,
    #3420,#3421,#3422,#3423,#3424,#3425,#3426,#3427,#3428,#3429,#3430,
    #3431,#3432,#3433,#3434,#3435,#3436,#3437,#3438,#3439,#3440,#3441,
    #3442,#3443,#3444,#3445,#3446),.UNSPECIFIED.,.F.,.F.,(9,7,7,7,7,7,7,
    7,7,9),(0.,7.288320986615E-02,0.276039790566,0.418847917939,
    0.500380147849,0.575640966197,0.683620189743,0.724524676674,
    0.927261176917,1.),.UNSPECIFIED.);
#3382 = CARTESIAN_POINT('',(64.19128175438,-15.1300006,2.889503495112));
#3383 = CARTESIAN_POINT('',(64.261712829054,-15.04887441691,
    3.04571473143));
#3384 = CARTESIAN_POINT('',(64.335144400197,-14.96416748576,
    3.196967456412));
#3385 = CARTESIAN_POINT('',(64.411261803927,-14.8762167192,
    3.343343296519));
#3386 = CARTESIAN_POINT('',(64.489777698663,-14.78532695395,
    3.484940590323));
#3387 = CARTESIAN_POINT('',(64.57043260167,-14.69176983272,
    3.621872437779));
#3388 = CARTESIAN_POINT('',(64.652995425605,-14.59578268618,3.7542647495
    ));
#3389 = CARTESIAN_POINT('',(64.737264015062,-14.49756741491,
    3.882254296036));
#3390 = CARTESIAN_POINT('',(65.062231514762,-14.11777170904,
    4.350881881372));
#3391 = CARTESIAN_POINT('',(65.312958959262,-13.82263489189,
    4.662196985196));
#3392 = CARTESIAN_POINT('',(65.57176326138,-13.51517075747,
    4.943698041005));
#3393 = CARTESIAN_POINT('',(65.835847389092,-13.19769116178,
    5.197697753453));
#3394 = CARTESIAN_POINT('',(66.102721152019,-12.87192855302,
    5.426254521207));
#3395 = CARTESIAN_POINT('',(66.370046567073,-12.53891585755,
    5.631045666844));
#3396 = CARTESIAN_POINT('',(66.635512908812,-12.19904665423,
    5.813568910437));
#3397 = CARTESIAN_POINT('',(67.078895922354,-11.60739141485,
    6.088439554991));
#3398 = CARTESIAN_POINT('',(67.259057084977,-11.35988127605,
    6.191258840986));
#3399 = CARTESIAN_POINT('',(67.43532923999,-11.10874718862,
    6.283958922365));
#3400 = CARTESIAN_POINT('',(67.606236999511,-10.85370997024,
    6.366797291837));
#3401 = CARTESIAN_POINT('',(67.769619420988,-10.59449772509,
    6.439872007596));
#3402 = CARTESIAN_POINT('',(67.922595277367,-10.33083484526,
    6.50317649909));
#3403 = CARTESIAN_POINT('',(68.060819594105,-10.06221740691,
    6.556620163379));
#3404 = CARTESIAN_POINT('',(68.246230947745,-9.631423191847,
    6.624637570659));
#3405 = CARTESIAN_POINT('',(68.307016714788,-9.473067417281,
    6.646044221796));
#3406 = CARTESIAN_POINT('',(68.360119292157,-9.312968918533,
    6.664060874563));
#3407 = CARTESIAN_POINT('',(68.404364318279,-9.151257199498,
    6.678597106037));
#3408 = CARTESIAN_POINT('',(68.438523575404,-8.988147272402,
    6.689561694707));
#3409 = CARTESIAN_POINT('',(68.461557966645,-8.823964694681,
    6.696872084819));
#3410 = CARTESIAN_POINT('',(68.472892259206,-8.659177382488,
    6.700471087238));
#3411 = CARTESIAN_POINT('',(68.472226676014,-8.342337665228,
    6.700259755718));
#3412 = CARTESIAN_POINT('',(68.461954292669,-8.190247242761,
    6.696998027452));
#3413 = CARTESIAN_POINT('',(68.441732109822,-8.038646126079,
    6.69057542425));
#3414 = CARTESIAN_POINT('',(68.411990269461,-7.887911908318,
    6.681034115823));
#3415 = CARTESIAN_POINT('',(68.373502607768,-7.738318134119,
    6.668436656402));
#3416 = CARTESIAN_POINT('',(68.327205006981,-7.590054566984,
    6.652853983529));
#3417 = CARTESIAN_POINT('',(68.274026931628,-7.443244240064,
    6.634358074665));
#3418 = CARTESIAN_POINT('',(68.129941115774,-7.089487859361,
    6.582389842394));
#3419 = CARTESIAN_POINT('',(68.032685022799,-6.884158387777,
    6.545904269117));
#3420 = CARTESIAN_POINT('',(67.925538364744,-6.68180028048,
    6.503699289685));
#3421 = CARTESIAN_POINT('',(67.810656761571,-6.482234091709,
    6.455861725663));
#3422 = CARTESIAN_POINT('',(67.689724491111,-6.285301071484,
    6.40243786245));
#3423 = CARTESIAN_POINT('',(67.564015719205,-6.090844561289,
    6.343431252563));
#3424 = CARTESIAN_POINT('',(67.434516462541,-5.898677012935,
    6.27878579538));
#3425 = CARTESIAN_POINT('',(67.251716021629,-5.636563917354,
    6.181676839183));
#3426 = CARTESIAN_POINT('',(67.201060974302,-5.564860828629,
    6.154172035014));
#3427 = CARTESIAN_POINT('',(67.150017239956,-5.49346191971,
    6.125837236959));
#3428 = CARTESIAN_POINT('',(67.098624787324,-5.422362403192,
    6.096666835907));
#3429 = CARTESIAN_POINT('',(67.046920379061,-5.351558567363,
    6.066654604996));
#3430 = CARTESIAN_POINT('',(66.994937947636,-5.281047645557,
    6.035793671638));
#3431 = CARTESIAN_POINT('',(66.942708971209,-5.210827685493,
    6.004076489536));
#3432 = CARTESIAN_POINT('',(66.630322095826,-4.794299315864,
    5.810008968142));
#3433 = CARTESIAN_POINT('',(66.365355277175,-4.455228497589,
    5.627477321469));
#3434 = CARTESIAN_POINT('',(66.098571911539,-4.12299347446,5.42274794934
    ));
#3435 = CARTESIAN_POINT('',(65.832266174705,-3.797990208337,
    5.194328097369));
#3436 = CARTESIAN_POINT('',(65.568761804364,-3.481250766727,
    4.94054628253));
#3437 = CARTESIAN_POINT('',(65.310536825678,-3.174502370187,
    4.659353396777));
#3438 = CARTESIAN_POINT('',(65.060375735752,-2.880049311278,
    4.348447068825));
#3439 = CARTESIAN_POINT('',(64.736130938748,-2.501112010103,
    3.880532809958));
#3440 = CARTESIAN_POINT('',(64.652043872453,-2.403111062986,
    3.75273847862));
#3441 = CARTESIAN_POINT('',(64.569657981674,-2.307331647044,
    3.620557015321));
#3442 = CARTESIAN_POINT('',(64.489174447375,-2.213974734537,
    3.48385246988));
#3443 = CARTESIAN_POINT('',(64.410823179366,-2.123276474426,
    3.342499700989));
#3444 = CARTESIAN_POINT('',(64.334862280572,-2.035507080535,
    3.196386315246));
#3445 = CARTESIAN_POINT('',(64.261577511311,-1.950969719713,
    3.045414606184));
#3446 = CARTESIAN_POINT('',(64.191281753565,-1.8699994,2.889503493303));
#3447 = PCURVE('',#2557,#3448);
#3448 = DEFINITIONAL_REPRESENTATION('',(#3449),#3515);
#3449 = B_SPLINE_CURVE_WITH_KNOTS('',8,(#3450,#3451,#3452,#3453,#3454,
    #3455,#3456,#3457,#3458,#3459,#3460,#3461,#3462,#3463,#3464,#3465,
    #3466,#3467,#3468,#3469,#3470,#3471,#3472,#3473,#3474,#3475,#3476,
    #3477,#3478,#3479,#3480,#3481,#3482,#3483,#3484,#3485,#3486,#3487,
    #3488,#3489,#3490,#3491,#3492,#3493,#3494,#3495,#3496,#3497,#3498,
    #3499,#3500,#3501,#3502,#3503,#3504,#3505,#3506,#3507,#3508,#3509,
    #3510,#3511,#3512,#3513,#3514),.UNSPECIFIED.,.F.,.F.,(9,7,7,7,7,7,7,
    7,7,9),(0.,7.288320986615E-02,0.276039790566,0.418847917939,
    0.500380147849,0.575640966197,0.683620189743,0.724524676674,
    0.927261176917,1.),.UNSPECIFIED.);
#3450 = CARTESIAN_POINT('',(2.705588391177,0.750633531299));
#3451 = CARTESIAN_POINT('',(2.680242008096,0.753374040041));
#3452 = CARTESIAN_POINT('',(2.655326585579,0.756231299619));
#3453 = CARTESIAN_POINT('',(2.630824793056,0.759193066301));
#3454 = CARTESIAN_POINT('',(2.606719109045,0.762248159481));
#3455 = CARTESIAN_POINT('',(2.58299142875,0.765386482555));
#3456 = CARTESIAN_POINT('',(2.559622671657,0.768599043798));
#3457 = CARTESIAN_POINT('',(2.53659238913,0.77187797724));
#3458 = CARTESIAN_POINT('',(2.450564721839,0.784522627034));
#3459 = CARTESIAN_POINT('',(2.389800779967,0.794278558726));
#3460 = CARTESIAN_POINT('',(2.331011543932,0.804348765034));
#3461 = CARTESIAN_POINT('',(2.273852068719,0.814624412027));
#3462 = CARTESIAN_POINT('',(2.218013716924,0.825008605137));
#3463 = CARTESIAN_POINT('',(2.163213492218,0.83541037226));
#3464 = CARTESIAN_POINT('',(2.109146131827,0.845739801899));
#3465 = CARTESIAN_POINT('',(2.017644165681,0.862992059236));
#3466 = CARTESIAN_POINT('',(1.980109378297,0.870002221205));
#3467 = CARTESIAN_POINT('',(1.942652729988,0.876861059922));
#3468 = CARTESIAN_POINT('',(1.905147452068,0.883511167296));
#3469 = CARTESIAN_POINT('',(1.86747787254,0.889868459961));
#3470 = CARTESIAN_POINT('',(1.829533080186,0.895820827913));
#3471 = CARTESIAN_POINT('',(1.791174825332,0.901199205996));
#3472 = CARTESIAN_POINT('',(1.730021489319,0.908413655554));
#3473 = CARTESIAN_POINT('',(1.707616006133,0.910778860498));
#3474 = CARTESIAN_POINT('',(1.685025217757,0.912845108644));
#3475 = CARTESIAN_POINT('',(1.66225558232,0.914566704991));
#3476 = CARTESIAN_POINT('',(1.639325508007,0.915895858965));
#3477 = CARTESIAN_POINT('',(1.616268779546,0.91679213878));
#3478 = CARTESIAN_POINT('',(1.593138994305,0.917233161837));
#3479 = CARTESIAN_POINT('',(1.548666316493,0.917207263658));
#3480 = CARTESIAN_POINT('',(1.527318137685,0.916807560026));
#3481 = CARTESIAN_POINT('',(1.506028837232,0.916020704662));
#3482 = CARTESIAN_POINT('',(1.484841904924,0.914863434609));
#3483 = CARTESIAN_POINT('',(1.463786351821,0.913365860224));
#3484 = CARTESIAN_POINT('',(1.442879536723,0.911564397159));
#3485 = CARTESIAN_POINT('',(1.422129501845,0.909495211347));
#3486 = CARTESIAN_POINT('',(1.37198898281,0.903888759369));
#3487 = CARTESIAN_POINT('',(1.342765721987,0.900104475595));
#3488 = CARTESIAN_POINT('',(1.313815817632,0.895935344932));
#3489 = CARTESIAN_POINT('',(1.285085635734,0.891465243641));
#3490 = CARTESIAN_POINT('',(1.256523257572,0.886759707825));
#3491 = CARTESIAN_POINT('',(1.228075570059,0.881868315922));
#3492 = CARTESIAN_POINT('',(1.199682543665,0.87682943434));
#3493 = CARTESIAN_POINT('',(1.160512445821,0.869716576717));
#3494 = CARTESIAN_POINT('',(1.149750602841,0.867745563202));
#3495 = CARTESIAN_POINT('',(1.138985677287,0.865759425679));
#3496 = CARTESIAN_POINT('',(1.128214896187,0.863759719351));
#3497 = CARTESIAN_POINT('',(1.117435566145,0.861747874672));
#3498 = CARTESIAN_POINT('',(1.106645047219,0.85972521197));
#3499 = CARTESIAN_POINT('',(1.095840726801,0.857692956078));
#3500 = CARTESIAN_POINT('',(1.031388771964,0.84553782474));
#3501 = CARTESIAN_POINT('',(0.977417830996,0.835227831797));
#3502 = CARTESIAN_POINT('',(0.922712960558,0.824847156091));
#3503 = CARTESIAN_POINT('',(0.866970521123,0.814485065164));
#3504 = CARTESIAN_POINT('',(0.809908913326,0.804231976823));
#3505 = CARTESIAN_POINT('',(0.751221042571,0.794184312283));
#3506 = CARTESIAN_POINT('',(0.690563610786,0.784450417734));
#3507 = CARTESIAN_POINT('',(0.604690539008,0.771833888667));
#3508 = CARTESIAN_POINT('',(0.581700603931,0.768562018383));
#3509 = CARTESIAN_POINT('',(0.558373304891,0.765356341699));
#3510 = CARTESIAN_POINT('',(0.534688312389,0.762224686668));
#3511 = CARTESIAN_POINT('',(0.510626656805,0.759175999197));
#3512 = CARTESIAN_POINT('',(0.486170340224,0.756220322201));
#3513 = CARTESIAN_POINT('',(0.461301948256,0.753368774759));
#3514 = CARTESIAN_POINT('',(0.436004261852,0.750633531267));
#3515 = ( GEOMETRIC_REPRESENTATION_CONTEXT(2) 
PARAMETRIC_REPRESENTATION_CONTEXT() REPRESENTATION_CONTEXT('2D SPACE',''
  ) );
#3516 = PCURVE('',#3036,#3517);
#3517 = DEFINITIONAL_REPRESENTATION('',(#3518),#3584);
#3518 = B_SPLINE_CURVE_WITH_KNOTS('',8,(#3519,#3520,#3521,#3522,#3523,
    #3524,#3525,#3526,#3527,#3528,#3529,#3530,#3531,#3532,#3533,#3534,
    #3535,#3536,#3537,#3538,#3539,#3540,#3541,#3542,#3543,#3544,#3545,
    #3546,#3547,#3548,#3549,#3550,#3551,#3552,#3553,#3554,#3555,#3556,
    #3557,#3558,#3559,#3560,#3561,#3562,#3563,#3564,#3565,#3566,#3567,
    #3568,#3569,#3570,#3571,#3572,#3573,#3574,#3575,#3576,#3577,#3578,
    #3579,#3580,#3581,#3582,#3583),.UNSPECIFIED.,.F.,.F.,(9,7,7,7,7,7,7,
    7,7,9),(0.,7.288320986615E-02,0.276039790566,0.418847917939,
    0.500380147849,0.575640966197,0.683620189743,0.724524676674,
    0.927261176917,1.),.UNSPECIFIED.);
#3519 = CARTESIAN_POINT('',(5.135966773084,-6.E-07));
#3520 = CARTESIAN_POINT('',(5.160341574773,8.112558308281E-02));
#3521 = CARTESIAN_POINT('',(5.184248812033,0.16583251424));
#3522 = CARTESIAN_POINT('',(5.20770271954,0.253783280798));
#3523 = CARTESIAN_POINT('',(5.230717779335,0.344673046046));
#3524 = CARTESIAN_POINT('',(5.253308975785,0.438230167273));
#3525 = CARTESIAN_POINT('',(5.275492050552,0.534217313813));
#3526 = CARTESIAN_POINT('',(5.297283757556,0.632432585082));
#3527 = CARTESIAN_POINT('',(5.378404220354,1.012228290951));
#3528 = CARTESIAN_POINT('',(5.435118265765,1.307365108105));
#3529 = CARTESIAN_POINT('',(5.489326006871,1.614829242522));
#3530 = CARTESIAN_POINT('',(5.541260183754,1.932308838217));
#3531 = CARTESIAN_POINT('',(5.591088121158,2.258071446979));
#3532 = CARTESIAN_POINT('',(5.638882729754,2.591084142441));
#3533 = CARTESIAN_POINT('',(5.684657833926,2.930953345769));
#3534 = CARTESIAN_POINT('',(5.758864471705,3.522608585143));
#3535 = CARTESIAN_POINT('',(5.788352299425,3.770118723947));
#3536 = CARTESIAN_POINT('',(5.816655221128,4.021252811373));
#3537 = CARTESIAN_POINT('',(5.843644578656,4.276290029759));
#3538 = CARTESIAN_POINT('',(5.869082762205,4.53550227491));
#3539 = CARTESIAN_POINT('',(5.892621938178,4.799165154731));
#3540 = CARTESIAN_POINT('',(5.913699350669,5.067782593088));
#3541 = CARTESIAN_POINT('',(5.9417923293,5.498576808153));
#3542 = CARTESIAN_POINT('',(5.950958696527,5.656932582719));
#3543 = CARTESIAN_POINT('',(5.958934527993,5.817031081467));
#3544 = CARTESIAN_POINT('',(5.965558885063,5.978742800502));
#3545 = CARTESIAN_POINT('',(5.970662100249,6.141852727598));
#3546 = CARTESIAN_POINT('',(5.974099749876,6.306035305319));
#3547 = CARTESIAN_POINT('',(5.975791350678,6.470822617512));
#3548 = CARTESIAN_POINT('',(5.975692015258,6.787662334772));
#3549 = CARTESIAN_POINT('',(5.974158902862,6.939752757239));
#3550 = CARTESIAN_POINT('',(5.971140747869,7.091353873921));
#3551 = CARTESIAN_POINT('',(5.966697697234,7.242088091682));
#3552 = CARTESIAN_POINT('',(5.960937348798,7.391681865881));
#3553 = CARTESIAN_POINT('',(5.953989131919,7.539945433016));
#3554 = CARTESIAN_POINT('',(5.945980718063,7.686755759936));
#3555 = CARTESIAN_POINT('',(5.92419249477,8.040512140639));
#3556 = CARTESIAN_POINT('',(5.909417779024,8.245841612223));
#3557 = CARTESIAN_POINT('',(5.89304037574,8.44819971952));
#3558 = CARTESIAN_POINT('',(5.875345530264,8.647765908291));
#3559 = CARTESIAN_POINT('',(5.856548629922,8.844698928516));
#3560 = CARTESIAN_POINT('',(5.836804196851,9.039155438711));
#3561 = CARTESIAN_POINT('',(5.816222180732,9.231322987065));
#3562 = CARTESIAN_POINT('',(5.786777925084,9.493436082646));
#3563 = CARTESIAN_POINT('',(5.778579023212,9.565139171371));
#3564 = CARTESIAN_POINT('',(5.770275097261,9.63653808029));
#3565 = CARTESIAN_POINT('',(5.761869896463,9.707637596808));
#3566 = CARTESIAN_POINT('',(5.753366638009,9.778441432637));
#3567 = CARTESIAN_POINT('',(5.744768053898,9.848952354443));
#3568 = CARTESIAN_POINT('',(5.736076437794,9.919172314507));
#3569 = CARTESIAN_POINT('',(5.683763426515,10.335700684136));
#3570 = CARTESIAN_POINT('',(5.638046030405,10.674771502411));
#3571 = CARTESIAN_POINT('',(5.590317525704,11.00700652554));
#3572 = CARTESIAN_POINT('',(5.540562952747,11.332009791663));
#3573 = CARTESIAN_POINT('',(5.488708810351,11.648749233273));
#3574 = CARTESIAN_POINT('',(5.434588206674,11.955497629813));
#3575 = CARTESIAN_POINT('',(5.377969185399,12.249950688722));
#3576 = CARTESIAN_POINT('',(5.29699068199,12.628887989897));
#3577 = CARTESIAN_POINT('',(5.275236334901,12.726888937014));
#3578 = CARTESIAN_POINT('',(5.253091968717,12.822668352956));
#3579 = CARTESIAN_POINT('',(5.230540925132,12.916025265463));
#3580 = CARTESIAN_POINT('',(5.207567553135,13.006723525574));
#3581 = CARTESIAN_POINT('',(5.184156956952,13.094492919465));
#3582 = CARTESIAN_POINT('',(5.160294743994,13.179030280287));
#3583 = CARTESIAN_POINT('',(5.135966772802,13.2600006));
#3584 = ( GEOMETRIC_REPRESENTATION_CONTEXT(2) 
PARAMETRIC_REPRESENTATION_CONTEXT() REPRESENTATION_CONTEXT('2D SPACE',''
  ) );
#3585 = ORIENTED_EDGE('',*,*,#3586,.T.);
#3586 = EDGE_CURVE('',#3378,#3587,#3589,.T.);
#3587 = VERTEX_POINT('',#3588);
#3588 = CARTESIAN_POINT('',(70.6,-1.87,2.204517489897));
#3589 = SURFACE_CURVE('',#3590,(#3599,#3611),.PCURVE_S1.);
#3590 = B_SPLINE_CURVE_WITH_KNOTS('',7,(#3591,#3592,#3593,#3594,#3595,
    #3596,#3597,#3598),.UNSPECIFIED.,.F.,.F.,(8,8),(0.,1.),
  .PIECEWISE_BEZIER_KNOTS.);
#3591 = CARTESIAN_POINT('',(63.57,-1.87,2.947780602507));
#3592 = CARTESIAN_POINT('',(64.575622660509,-1.87,2.854336647523));
#3593 = CARTESIAN_POINT('',(65.580923098277,-1.87,2.757655215246));
#3594 = CARTESIAN_POINT('',(66.585866345785,-1.87,2.657297157033));
#3595 = CARTESIAN_POINT('',(67.590386011917,-1.87,2.5527248197));
#3596 = CARTESIAN_POINT('',(68.59437010082,-1.87,2.443180783963));
#3597 = CARTESIAN_POINT('',(69.597663794552,-1.87,2.327706090685));
#3598 = CARTESIAN_POINT('',(70.6,-1.87,2.204517494644));
#3599 = PCURVE('',#2557,#3600);
#3600 = DEFINITIONAL_REPRESENTATION('',(#3601),#3610);
#3601 = B_SPLINE_CURVE_WITH_KNOTS('',7,(#3602,#3603,#3604,#3605,#3606,
    #3607,#3608,#3609),.UNSPECIFIED.,.F.,.F.,(8,8),(0.,1.),
  .PIECEWISE_BEZIER_KNOTS.);
#3602 = CARTESIAN_POINT('',(0.443992676943,0.726459143969));
#3603 = CARTESIAN_POINT('',(0.431219505508,0.76558843037));
#3604 = CARTESIAN_POINT('',(0.417869537289,0.804705178921));
#3605 = CARTESIAN_POINT('',(0.403868570001,0.843808029019));
#3606 = CARTESIAN_POINT('',(0.389129266419,0.882894397351));
#3607 = CARTESIAN_POINT('',(0.373524747774,0.921959926102));
#3608 = CARTESIAN_POINT('',(0.356898536768,0.960998591228));
#3609 = CARTESIAN_POINT('',(0.338959959267,1.));
#3610 = ( GEOMETRIC_REPRESENTATION_CONTEXT(2) 
PARAMETRIC_REPRESENTATION_CONTEXT() REPRESENTATION_CONTEXT('2D SPACE',''
  ) );
#3611 = PCURVE('',#2879,#3612);
#3612 = DEFINITIONAL_REPRESENTATION('',(#3613),#3622);
#3613 = B_SPLINE_CURVE_WITH_KNOTS('',7,(#3614,#3615,#3616,#3617,#3618,
    #3619,#3620,#3621),.UNSPECIFIED.,.F.,.F.,(8,8),(0.,1.),
  .PIECEWISE_BEZIER_KNOTS.);
#3614 = CARTESIAN_POINT('',(2.947780602507,-7.03));
#3615 = CARTESIAN_POINT('',(2.854336647523,-6.024377339491));
#3616 = CARTESIAN_POINT('',(2.757655215246,-5.019076901723));
#3617 = CARTESIAN_POINT('',(2.657297157033,-4.014133654215));
#3618 = CARTESIAN_POINT('',(2.5527248197,-3.009613988083));
#3619 = CARTESIAN_POINT('',(2.443180783963,-2.00562989918));
#3620 = CARTESIAN_POINT('',(2.327706090685,-1.002336205448));
#3621 = CARTESIAN_POINT('',(2.204517494644,2.84217094304E-14));
#3622 = ( GEOMETRIC_REPRESENTATION_CONTEXT(2) 
PARAMETRIC_REPRESENTATION_CONTEXT() REPRESENTATION_CONTEXT('2D SPACE',''
  ) );
#3623 = ORIENTED_EDGE('',*,*,#3624,.F.);
#3624 = EDGE_CURVE('',#3625,#3587,#3627,.T.);
#3625 = VERTEX_POINT('',#3626);
#3626 = CARTESIAN_POINT('',(70.6,-1.67778021189,1.6));
#3627 = SURFACE_CURVE('',#3628,(#3633,#3640),.PCURVE_S1.);
#3628 = ELLIPSE('',#3629,7.03,6.63);
#3629 = AXIS2_PLACEMENT_3D('',#3630,#3631,#3632);
#3630 = CARTESIAN_POINT('',(70.6,-8.5,0.));
#3631 = DIRECTION('',(1.,0.,0.));
#3632 = DIRECTION('',(0.,1.,0.));
#3633 = PCURVE('',#2557,#3634);
#3634 = DEFINITIONAL_REPRESENTATION('',(#3635),#3639);
#3635 = LINE('',#3636,#3637);
#3636 = CARTESIAN_POINT('',(0.,1.));
#3637 = VECTOR('',#3638,1.);
#3638 = DIRECTION('',(1.,0.));
#3639 = ( GEOMETRIC_REPRESENTATION_CONTEXT(2) 
PARAMETRIC_REPRESENTATION_CONTEXT() REPRESENTATION_CONTEXT('2D SPACE',''
  ) );
#3640 = PCURVE('',#3641,#3646);
#3641 = PLANE('',#3642);
#3642 = AXIS2_PLACEMENT_3D('',#3643,#3644,#3645);
#3643 = CARTESIAN_POINT('',(70.6,-8.5,0.));
#3644 = DIRECTION('',(1.,0.,0.));
#3645 = DIRECTION('',(0.,1.,0.));
#3646 = DEFINITIONAL_REPRESENTATION('',(#3647),#3651);
#3647 = ELLIPSE('',#3648,7.03,6.63);
#3648 = AXIS2_PLACEMENT_2D('',#3649,#3650);
#3649 = CARTESIAN_POINT('',(0.,0.));
#3650 = DIRECTION('',(1.,0.));
#3651 = ( GEOMETRIC_REPRESENTATION_CONTEXT(2) 
PARAMETRIC_REPRESENTATION_CONTEXT() REPRESENTATION_CONTEXT('2D SPACE',''
  ) );
#3652 = ORIENTED_EDGE('',*,*,#3653,.T.);
#3653 = EDGE_CURVE('',#3625,#2733,#3654,.T.);
#3654 = SURFACE_CURVE('',#3655,(#3673,#3694),.PCURVE_S1.);
#3655 = B_SPLINE_CURVE_WITH_KNOTS('',6,(#3656,#3657,#3658,#3659,#3660,
    #3661,#3662,#3663,#3664,#3665,#3666,#3667,#3668,#3669,#3670,#3671,
    #3672),.UNSPECIFIED.,.F.,.F.,(7,5,5,7),(0.,0.301863864157,
    0.743933375319,1.),.UNSPECIFIED.);
#3656 = CARTESIAN_POINT('',(70.6,-1.677780206504,1.6));
#3657 = CARTESIAN_POINT('',(70.471964669677,-1.671999216035,1.6));
#3658 = CARTESIAN_POINT('',(70.344123675442,-1.662985356816,
    1.587705006893));
#3659 = CARTESIAN_POINT('',(70.218180137212,-1.650840422914,
    1.563186512344));
#3660 = CARTESIAN_POINT('',(70.095630689148,-1.635960205485,
    1.52689025006));
#3661 = CARTESIAN_POINT('',(69.97777948527,-1.61894507594,1.479437361788
    ));
#3662 = CARTESIAN_POINT('',(69.701732794853,-1.573438470722,1.3368626464
    ));
#3663 = CARTESIAN_POINT('',(69.550236222412,-1.543289642741,
    1.229844057971));
#3664 = CARTESIAN_POINT('',(69.414507757443,-1.512131277847,
    1.102727547204));
#3665 = CARTESIAN_POINT('',(69.297356682171,-1.482441440645,
    0.958071926424));
#3666 = CARTESIAN_POINT('',(69.201391185273,-1.456565970562,
    0.798827265026));
#3667 = CARTESIAN_POINT('',(69.086581008652,-1.424469709931,
    0.53014009285));
#3668 = CARTESIAN_POINT('',(69.052286092285,-1.414562604942,
    0.427957876939));
#3669 = CARTESIAN_POINT('',(69.026235412429,-1.406865202582,
    0.322940409833));
#3670 = CARTESIAN_POINT('',(69.008743714912,-1.401639407266,
    0.215961695611));
#3671 = CARTESIAN_POINT('',(69.,-1.399027237354,0.107973253948));
#3672 = CARTESIAN_POINT('',(69.,-1.399027237354,2.803097140481E-16));
#3673 = PCURVE('',#2557,#3674);
#3674 = DEFINITIONAL_REPRESENTATION('',(#3675),#3693);
#3675 = B_SPLINE_CURVE_WITH_KNOTS('',6,(#3676,#3677,#3678,#3679,#3680,
    #3681,#3682,#3683,#3684,#3685,#3686,#3687,#3688,#3689,#3690,#3691,
    #3692),.UNSPECIFIED.,.F.,.F.,(7,5,5,7),(0.,0.301863864157,
    0.743933375319,1.),.UNSPECIFIED.);
#3676 = CARTESIAN_POINT('',(0.243733341471,1.));
#3677 = CARTESIAN_POINT('',(0.243574509408,0.995018080532));
#3678 = CARTESIAN_POINT('',(0.241505253119,0.99004372278));
#3679 = CARTESIAN_POINT('',(0.237544543362,0.985143196));
#3680 = CARTESIAN_POINT('',(0.231776305113,0.980374734986));
#3681 = CARTESIAN_POINT('',(0.224315108769,0.97578908503));
#3682 = CARTESIAN_POINT('',(0.202082724233,0.965047968671));
#3683 = CARTESIAN_POINT('',(0.185527016,0.959153160405));
#3684 = CARTESIAN_POINT('',(0.166016305604,0.953871897177));
#3685 = CARTESIAN_POINT('',(0.143987807544,0.949313489579));
#3686 = CARTESIAN_POINT('',(0.11989612399,0.945579423551));
#3687 = CARTESIAN_POINT('',(7.943223535331E-02,0.941112101504));
#3688 = CARTESIAN_POINT('',(6.40805522958E-02,0.939777668961));
#3689 = CARTESIAN_POINT('',(4.833399355287E-02,0.93876402383));
#3690 = CARTESIAN_POINT('',(3.23154785287E-02,0.938083413032));
#3691 = CARTESIAN_POINT('',(1.615660244467E-02,0.937743190661));
#3692 = CARTESIAN_POINT('',(0.,0.937743190661));
#3693 = ( GEOMETRIC_REPRESENTATION_CONTEXT(2) 
PARAMETRIC_REPRESENTATION_CONTEXT() REPRESENTATION_CONTEXT('2D SPACE',''
  ) );
#3694 = PCURVE('',#2798,#3695);
#3695 = DEFINITIONAL_REPRESENTATION('',(#3696),#3714);
#3696 = B_SPLINE_CURVE_WITH_KNOTS('',6,(#3697,#3698,#3699,#3700,#3701,
    #3702,#3703,#3704,#3705,#3706,#3707,#3708,#3709,#3710,#3711,#3712,
    #3713),.UNSPECIFIED.,.F.,.F.,(7,5,5,7),(0.,0.301863864157,
    0.743933375319,1.),.UNSPECIFIED.);
#3697 = CARTESIAN_POINT('',(6.28318530718,20.082219793496));
#3698 = CARTESIAN_POINT('',(6.203163225728,20.088000783965));
#3699 = CARTESIAN_POINT('',(6.12326276493,20.097014643184));
#3700 = CARTESIAN_POINT('',(6.043624861863,20.109159577086));
#3701 = CARTESIAN_POINT('',(5.964280857638,20.124039794515));
#3702 = CARTESIAN_POINT('',(5.885227558733,20.14105492406));
#3703 = CARTESIAN_POINT('',(5.691045253968,20.186561529278));
#3704 = CARTESIAN_POINT('',(5.576224972728,20.216710357259));
#3705 = CARTESIAN_POINT('',(5.461627079796,20.247868722153));
#3706 = CARTESIAN_POINT('',(5.346932148013,20.277558559355));
#3707 = CARTESIAN_POINT('',(5.23184277518,20.303434029438));
#3708 = CARTESIAN_POINT('',(5.049224905338,20.335530290069));
#3709 = CARTESIAN_POINT('',(4.982075574689,20.345437395058));
#3710 = CARTESIAN_POINT('',(4.914780121105,20.353134797418));
#3711 = CARTESIAN_POINT('',(4.847364987935,20.358360592734));
#3712 = CARTESIAN_POINT('',(4.779872264102,20.360972762646));
#3713 = CARTESIAN_POINT('',(4.712388980385,20.360972762646));
#3714 = ( GEOMETRIC_REPRESENTATION_CONTEXT(2) 
PARAMETRIC_REPRESENTATION_CONTEXT() REPRESENTATION_CONTEXT('2D SPACE',''
  ) );
#3715 = ORIENTED_EDGE('',*,*,#2732,.F.);
#3716 = ORIENTED_EDGE('',*,*,#3717,.F.);
#3717 = EDGE_CURVE('',#3718,#2663,#3720,.T.);
#3718 = VERTEX_POINT('',#3719);
#3719 = CARTESIAN_POINT('',(44.9,-0.519096751053,1.6));
#3720 = SURFACE_CURVE('',#3721,(#3739,#3760),.PCURVE_S1.);
#3721 = B_SPLINE_CURVE_WITH_KNOTS('',6,(#3722,#3723,#3724,#3725,#3726,
    #3727,#3728,#3729,#3730,#3731,#3732,#3733,#3734,#3735,#3736,#3737,
    #3738),.UNSPECIFIED.,.F.,.F.,(7,5,5,7),(0.,0.303189918496,
    0.564081476316,1.),.UNSPECIFIED.);
#3722 = CARTESIAN_POINT('',(44.9,-0.519096744559,1.6));
#3723 = CARTESIAN_POINT('',(45.027505263253,-0.524837458567,1.6));
#3724 = CARTESIAN_POINT('',(45.155232722095,-0.527672072776,
    1.58780671171));
#3725 = CARTESIAN_POINT('',(45.281508426223,-0.527499609127,
    1.563341174575));
#3726 = CARTESIAN_POINT('',(45.404757768895,-0.524488767498,
    1.526890753883));
#3727 = CARTESIAN_POINT('',(45.523518025654,-0.519047854187,
    1.478989572025));
#3728 = CARTESIAN_POINT('',(45.733645231871,-0.505401810655,
    1.370043641704));
#3729 = CARTESIAN_POINT('',(45.826547723451,-0.497686637138,
    1.311751675267));
#3730 = CARTESIAN_POINT('',(45.914365946053,-0.488905135675,1.2460287657
    ));
#3731 = CARTESIAN_POINT('',(45.996407056692,-0.479459228608,
    1.173436063212));
#3732 = CARTESIAN_POINT('',(46.072062411634,-0.469763063116,
    1.094588531986));
#3733 = CARTESIAN_POINT('',(46.255657387435,-0.444236454761,
    0.869073359921));
#3734 = CARTESIAN_POINT('',(46.351268743006,-0.428646030701,
    0.712316083887));
#3735 = CARTESIAN_POINT('',(46.425011756911,-0.415264387039,
    0.543097912276));
#3736 = CARTESIAN_POINT('',(46.475012105376,-0.405734046649,
    0.365115811759));
#3737 = CARTESIAN_POINT('',(46.5,-0.400972762646,0.182526130393));
#3738 = CARTESIAN_POINT('',(46.5,-0.400972762646,-3.388934182999E-15));
#3739 = PCURVE('',#2557,#3740);
#3740 = DEFINITIONAL_REPRESENTATION('',(#3741),#3759);
#3741 = B_SPLINE_CURVE_WITH_KNOTS('',6,(#3742,#3743,#3744,#3745,#3746,
    #3747,#3748,#3749,#3750,#3751,#3752,#3753,#3754,#3755,#3756,#3757,
    #3758),.UNSPECIFIED.,.F.,.F.,(7,5,5,7),(0.,0.303189918496,
    0.564081476316,1.),.UNSPECIFIED.);
#3742 = CARTESIAN_POINT('',(0.215569458034,0.));
#3743 = CARTESIAN_POINT('',(0.215692910769,4.961294290006E-03));
#3744 = CARTESIAN_POINT('',(0.214148013246,9.931234322749E-03));
#3745 = CARTESIAN_POINT('',(0.210917863506,1.484468584526E-02));
#3746 = CARTESIAN_POINT('',(0.206040425127,1.964038011263E-02));
#3747 = CARTESIAN_POINT('',(0.199592934526,2.426140177641E-02));
#3748 = CARTESIAN_POINT('',(0.184888649477,3.243755766033E-02));
#3749 = CARTESIAN_POINT('',(0.17700798623,3.605244060121E-02));
#3750 = CARTESIAN_POINT('',(0.168115701534,3.946949206434E-02));
#3751 = CARTESIAN_POINT('',(0.158293013537,4.266175317866E-02));
#3752 = CARTESIAN_POINT('',(0.147627699635,4.560554130874E-02));
#3753 = CARTESIAN_POINT('',(0.11714074328,5.27493146862E-02));
#3754 = CARTESIAN_POINT('',(9.596596231128E-02,5.646960089519E-02));
#3755 = CARTESIAN_POINT('',(7.313829143523E-02,5.933897886814E-02));
#3756 = CARTESIAN_POINT('',(4.916009115176E-02,6.128451771893E-02));
#3757 = CARTESIAN_POINT('',(2.457575363642E-02,6.225680933852E-02));
#3758 = CARTESIAN_POINT('',(0.,6.225680933852E-02));
#3759 = ( GEOMETRIC_REPRESENTATION_CONTEXT(2) 
PARAMETRIC_REPRESENTATION_CONTEXT() REPRESENTATION_CONTEXT('2D SPACE',''
  ) );
#3760 = PCURVE('',#2706,#3761);
#3761 = DEFINITIONAL_REPRESENTATION('',(#3762),#3780);
#3762 = B_SPLINE_CURVE_WITH_KNOTS('',6,(#3763,#3764,#3765,#3766,#3767,
    #3768,#3769,#3770,#3771,#3772,#3773,#3774,#3775,#3776,#3777,#3778,
    #3779),.UNSPECIFIED.,.F.,.F.,(7,5,5,7),(0.,0.303189918496,
    0.564081476316,1.),.UNSPECIFIED.);
#3763 = CARTESIAN_POINT('',(0.,22.940903255441));
#3764 = CARTESIAN_POINT('',(7.969078953322E-02,22.935162541433));
#3765 = CARTESIAN_POINT('',(0.159520301002,22.932327927224));
#3766 = CARTESIAN_POINT('',(0.239354337113,22.932500390873));
#3767 = CARTESIAN_POINT('',(0.319131707132,22.935511232502));
#3768 = CARTESIAN_POINT('',(0.398806597997,22.940952145813));
#3769 = CARTESIAN_POINT('',(0.546738511345,22.954598189345));
#3770 = CARTESIAN_POINT('',(0.615055417974,22.962313362862));
#3771 = CARTESIAN_POINT('',(0.683265725293,22.971094864325));
#3772 = CARTESIAN_POINT('',(0.751390627018,22.980540771392));
#3773 = CARTESIAN_POINT('',(0.819460007728,22.990236936884));
#3774 = CARTESIAN_POINT('',(1.001209543459,23.015763545239));
#3775 = CARTESIAN_POINT('',(1.114914026955,23.031353969299));
#3776 = CARTESIAN_POINT('',(1.228682692652,23.044735612961));
#3777 = CARTESIAN_POINT('',(1.342600196153,23.054265953351));
#3778 = CARTESIAN_POINT('',(1.456717495299,23.059027237354));
#3779 = CARTESIAN_POINT('',(1.570796326795,23.059027237354));
#3780 = ( GEOMETRIC_REPRESENTATION_CONTEXT(2) 
PARAMETRIC_REPRESENTATION_CONTEXT() REPRESENTATION_CONTEXT('2D SPACE',''
  ) );
#3781 = ORIENTED_EDGE('',*,*,#3782,.T.);
#3782 = EDGE_CURVE('',#3718,#3783,#3785,.T.);
#3783 = VERTEX_POINT('',#3784);
#3784 = CARTESIAN_POINT('',(44.9,-1.02,3.008577876734));
#3785 = SURFACE_CURVE('',#3786,(#3791,#3798),.PCURVE_S1.);
#3786 = ELLIPSE('',#3787,8.17,7.48);
#3787 = AXIS2_PLACEMENT_3D('',#3788,#3789,#3790);
#3788 = CARTESIAN_POINT('',(44.9,-8.5,0.));
#3789 = DIRECTION('',(1.,0.,0.));
#3790 = DIRECTION('',(0.,1.,0.));
#3791 = PCURVE('',#2557,#3792);
#3792 = DEFINITIONAL_REPRESENTATION('',(#3793),#3797);
#3793 = LINE('',#3794,#3795);
#3794 = CARTESIAN_POINT('',(0.,0.));
#3795 = VECTOR('',#3796,1.);
#3796 = DIRECTION('',(1.,0.));
#3797 = ( GEOMETRIC_REPRESENTATION_CONTEXT(2) 
PARAMETRIC_REPRESENTATION_CONTEXT() REPRESENTATION_CONTEXT('2D SPACE',''
  ) );
#3798 = PCURVE('',#3799,#3804);
#3799 = PLANE('',#3800);
#3800 = AXIS2_PLACEMENT_3D('',#3801,#3802,#3803);
#3801 = CARTESIAN_POINT('',(44.9,-8.5,0.));
#3802 = DIRECTION('',(1.,0.,0.));
#3803 = DIRECTION('',(0.,1.,0.));
#3804 = DEFINITIONAL_REPRESENTATION('',(#3805),#3809);
#3805 = ELLIPSE('',#3806,8.17,7.48);
#3806 = AXIS2_PLACEMENT_2D('',#3807,#3808);
#3807 = CARTESIAN_POINT('',(0.,0.));
#3808 = DIRECTION('',(1.,0.));
#3809 = ( GEOMETRIC_REPRESENTATION_CONTEXT(2) 
PARAMETRIC_REPRESENTATION_CONTEXT() REPRESENTATION_CONTEXT('2D SPACE',''
  ) );
#3810 = ORIENTED_EDGE('',*,*,#3811,.T.);
#3811 = EDGE_CURVE('',#3783,#3812,#3814,.T.);
#3812 = VERTEX_POINT('',#3813);
#3813 = CARTESIAN_POINT('',(52.794171525663,-1.02,2.104983592196));
#3814 = SURFACE_CURVE('',#3815,(#3832,#3852),.PCURVE_S1.);
#3815 = B_SPLINE_CURVE_WITH_KNOTS('',8,(#3816,#3817,#3818,#3819,#3820,
    #3821,#3822,#3823,#3824,#3825,#3826,#3827,#3828,#3829,#3830,#3831),
  .UNSPECIFIED.,.F.,.F.,(9,7,9),(0.,0.905617473058,1.),.UNSPECIFIED.);
#3816 = CARTESIAN_POINT('',(44.9,-1.02,3.008577869708));
#3817 = CARTESIAN_POINT('',(45.826664211772,-1.02,2.917822223647));
#3818 = CARTESIAN_POINT('',(46.753015944854,-1.02,2.824142058984));
#3819 = CARTESIAN_POINT('',(47.679031962354,-1.02,2.727184148954));
#3820 = CARTESIAN_POINT('',(48.604660594838,-1.02,2.626506211735));
#3821 = CARTESIAN_POINT('',(49.529821195901,-1.02,2.521569372573));
#3822 = CARTESIAN_POINT('',(50.454389794075,-1.02,2.411621755845));
#3823 = CARTESIAN_POINT('',(51.378199143607,-1.02,2.295695308942));
#3824 = CARTESIAN_POINT('',(52.397145657015,-1.02,2.159184768299));
#3825 = CARTESIAN_POINT('',(52.493304986763,-1.02,2.146216938352));
#3826 = CARTESIAN_POINT('',(52.589452550493,-1.02,2.133163560989));
#3827 = CARTESIAN_POINT('',(52.685587975428,-1.02,2.120022603113));
#3828 = CARTESIAN_POINT('',(52.78171086503,-1.02,2.106791925788));
#3829 = CARTESIAN_POINT('',(52.877820798997,-1.02,2.09346928423));
#3830 = CARTESIAN_POINT('',(52.973917333263,-1.02,2.080052327812));
#3831 = CARTESIAN_POINT('',(53.07,-1.02,2.066538600063));
#3832 = PCURVE('',#2557,#3833);
#3833 = DEFINITIONAL_REPRESENTATION('',(#3834),#3851);
#3834 = B_SPLINE_CURVE_WITH_KNOTS('',8,(#3835,#3836,#3837,#3838,#3839,
    #3840,#3841,#3842,#3843,#3844,#3845,#3846,#3847,#3848,#3849,#3850),
  .UNSPECIFIED.,.F.,.F.,(9,7,9),(0.,0.905617473058,1.),.UNSPECIFIED.);
#3835 = CARTESIAN_POINT('',(0.413936300139,0.));
#3836 = CARTESIAN_POINT('',(0.402484020533,3.60569732207E-02));
#3837 = CARTESIAN_POINT('',(0.390562683949,7.210178773761E-02));
#3838 = CARTESIAN_POINT('',(0.378119110826,0.108133539391));
#3839 = CARTESIAN_POINT('',(0.365086957777,0.144150217698));
#3840 = CARTESIAN_POINT('',(0.351385572034,0.180148684665));
#3841 = CARTESIAN_POINT('',(0.33690308187,0.216124116501));
#3842 = CARTESIAN_POINT('',(0.321495807826,0.252070005588));
#3843 = CARTESIAN_POINT('',(0.303181876636,0.291717729845));
#3844 = CARTESIAN_POINT('',(0.301440574984,0.295459338006));
#3845 = CARTESIAN_POINT('',(0.299686192378,0.299200488346));
#3846 = CARTESIAN_POINT('',(0.297918423683,0.302941166359));
#3847 = CARTESIAN_POINT('',(0.29613695303,0.306681356616));
#3848 = CARTESIAN_POINT('',(0.29434145382,0.310421042763));
#3849 = CARTESIAN_POINT('',(0.292531588723,0.31416020752));
#3850 = CARTESIAN_POINT('',(0.290707009675,0.317898832685));
#3851 = ( GEOMETRIC_REPRESENTATION_CONTEXT(2) 
PARAMETRIC_REPRESENTATION_CONTEXT() REPRESENTATION_CONTEXT('2D SPACE',''
  ) );
#3852 = PCURVE('',#2608,#3853);
#3853 = DEFINITIONAL_REPRESENTATION('',(#3854),#3871);
#3854 = B_SPLINE_CURVE_WITH_KNOTS('',8,(#3855,#3856,#3857,#3858,#3859,
    #3860,#3861,#3862,#3863,#3864,#3865,#3866,#3867,#3868,#3869,#3870),
  .UNSPECIFIED.,.F.,.F.,(9,7,9),(0.,0.905617473058,1.),.UNSPECIFIED.);
#3855 = CARTESIAN_POINT('',(3.008577869708,0.));
#3856 = CARTESIAN_POINT('',(2.917822223647,0.926664211772));
#3857 = CARTESIAN_POINT('',(2.824142058984,1.853015944854));
#3858 = CARTESIAN_POINT('',(2.727184148954,2.779031962354));
#3859 = CARTESIAN_POINT('',(2.626506211735,3.704660594838));
#3860 = CARTESIAN_POINT('',(2.521569372573,4.629821195901));
#3861 = CARTESIAN_POINT('',(2.411621755845,5.554389794075));
#3862 = CARTESIAN_POINT('',(2.295695308942,6.478199143607));
#3863 = CARTESIAN_POINT('',(2.159184768299,7.497145657015));
#3864 = CARTESIAN_POINT('',(2.146216938352,7.593304986763));
#3865 = CARTESIAN_POINT('',(2.133163560989,7.689452550493));
#3866 = CARTESIAN_POINT('',(2.120022603113,7.785587975428));
#3867 = CARTESIAN_POINT('',(2.106791925788,7.88171086503));
#3868 = CARTESIAN_POINT('',(2.09346928423,7.977820798997));
#3869 = CARTESIAN_POINT('',(2.080052327812,8.073917333263));
#3870 = CARTESIAN_POINT('',(2.066538600063,8.17));
#3871 = ( GEOMETRIC_REPRESENTATION_CONTEXT(2) 
PARAMETRIC_REPRESENTATION_CONTEXT() REPRESENTATION_CONTEXT('2D SPACE',''
  ) );
#3872 = ORIENTED_EDGE('',*,*,#3873,.F.);
#3873 = EDGE_CURVE('',#3874,#3812,#3876,.T.);
#3874 = VERTEX_POINT('',#3875);
#3875 = CARTESIAN_POINT('',(52.794171532089,-15.98,2.104983568096));
#3876 = SURFACE_CURVE('',#3877,(#3950,#4026),.PCURVE_S1.);
#3877 = B_SPLINE_CURVE_WITH_KNOTS('',8,(#3878,#3879,#3880,#3881,#3882,
    #3883,#3884,#3885,#3886,#3887,#3888,#3889,#3890,#3891,#3892,#3893,
    #3894,#3895,#3896,#3897,#3898,#3899,#3900,#3901,#3902,#3903,#3904,
    #3905,#3906,#3907,#3908,#3909,#3910,#3911,#3912,#3913,#3914,#3915,
    #3916,#3917,#3918,#3919,#3920,#3921,#3922,#3923,#3924,#3925,#3926,
    #3927,#3928,#3929,#3930,#3931,#3932,#3933,#3934,#3935,#3936,#3937,
    #3938,#3939,#3940,#3941,#3942,#3943,#3944,#3945,#3946,#3947,#3948,
    #3949),.UNSPECIFIED.,.F.,.F.,(9,7,7,7,7,7,7,7,7,7,9),(0.,
    7.763129482729E-02,0.178091601509,0.280245666397,0.413509674876,
    0.499869977228,0.58771340245,0.71870932689,0.820740487478,
    0.923318748376,1.),.UNSPECIFIED.);
#3878 = CARTESIAN_POINT('',(52.794172035119,-15.9800006,2.104981681619)
  );
#3879 = CARTESIAN_POINT('',(52.733876216274,-15.90808140571,
    2.331105058896));
#3880 = CARTESIAN_POINT('',(52.66735712716,-15.82857944555,
    2.550831623394));
#3881 = CARTESIAN_POINT('',(52.595243096999,-15.74218070919,
    2.763843881944));
#3882 = CARTESIAN_POINT('',(52.51815192579,-15.64955409499,
    2.969976304636));
#3883 = CARTESIAN_POINT('',(52.436666599041,-15.5513249515,
    3.169183812432));
#3884 = CARTESIAN_POINT('',(52.351317242917,-15.4480543506,
    3.361516942584));
#3885 = CARTESIAN_POINT('',(52.262569319804,-15.34022409223,
    3.547103691881));
#3886 = CARTESIAN_POINT('',(52.052085544269,-15.08329596699,
    3.957820960515));
#3887 = CARTESIAN_POINT('',(51.928370967316,-14.93144508987,
    4.17843873006));
#3888 = CARTESIAN_POINT('',(51.800529227249,-14.77352660218,
    4.388436999391));
#3889 = CARTESIAN_POINT('',(51.669318558958,-14.61026522245,
    4.588234706625));
#3890 = CARTESIAN_POINT('',(51.535409636688,-14.44226809626,
    4.778242432467));
#3891 = CARTESIAN_POINT('',(51.399393955063,-14.27002809373,
    4.958871192203));
#3892 = CARTESIAN_POINT('',(51.261791492891,-14.0939209029,
    5.130531662126));
#3893 = CARTESIAN_POINT('',(50.981984777653,-13.73144077714,
    5.459465748678));
#3894 = CARTESIAN_POINT('',(50.839787691896,-13.54500360773,
    5.616395141786));
#3895 = CARTESIAN_POINT('',(50.696969609741,-13.35518090171,
    5.764815917363));
#3896 = CARTESIAN_POINT('',(50.554026781044,-13.16221326508,
    5.905064024947));
#3897 = CARTESIAN_POINT('',(50.41145925465,-12.96628920929,
    6.037427106419));
#3898 = CARTESIAN_POINT('',(50.269786320169,-12.76754416724,
    6.162156157829));
#3899 = CARTESIAN_POINT('',(50.129566635094,-12.56605473536,
    6.279469212615));
#3900 = CARTESIAN_POINT('',(49.811209262954,-12.09540649162,
    6.533147923621));
#3901 = CARTESIAN_POINT('',(49.634653610443,-11.82451115828,
    6.664336519911));
#3902 = CARTESIAN_POINT('',(49.463035595064,-11.54902585625,
    6.783621996954));
#3903 = CARTESIAN_POINT('',(49.29799106557,-11.26886340565,
    6.891239415487));
#3904 = CARTESIAN_POINT('',(49.141615856678,-10.98395549801,
    6.987241877555));
#3905 = CARTESIAN_POINT('',(48.996533889733,-10.69423986338,
    7.071542315904));
#3906 = CARTESIAN_POINT('',(48.866070704738,-10.39960902946,
    7.143905477085));
#3907 = CARTESIAN_POINT('',(48.681099384682,-9.905872365913,
    7.242857977155));
#3908 = CARTESIAN_POINT('',(48.61603069424,-9.709674368301,7.27658763398
    ));
#3909 = CARTESIAN_POINT('',(48.559662285495,-9.511562445275,
    7.305005734613));
#3910 = CARTESIAN_POINT('',(48.513054998621,-9.311741780111,
    7.327968632573));
#3911 = CARTESIAN_POINT('',(48.477232873885,-9.110491698304,
    7.345334185212));
#3912 = CARTESIAN_POINT('',(48.453015061915,-8.908182453437,
    7.356980969972));
#3913 = CARTESIAN_POINT('',(48.440844919045,-8.705293924178,
    7.362833508838));
#3914 = CARTESIAN_POINT('',(48.440590480862,-8.296078281582,
    7.362955864807));
#3915 = CARTESIAN_POINT('',(48.452923357187,-8.089695321866,
    7.357025056825));
#3916 = CARTESIAN_POINT('',(48.477728058993,-7.883913955625,
    7.345098176994));
#3917 = CARTESIAN_POINT('',(48.514535776233,-7.679238142286,
    7.327255295332));
#3918 = CARTESIAN_POINT('',(48.562475428849,-7.476054587274,
    7.303625315799));
#3919 = CARTESIAN_POINT('',(48.62046082743,-7.274653038059,
    7.274358594466));
#3920 = CARTESIAN_POINT('',(48.68737363172,-7.075244391948,
    7.239606156852));
#3921 = CARTESIAN_POINT('',(48.873604783677,-6.583780080619,
    7.139703654644));
#3922 = CARTESIAN_POINT('',(49.002499554773,-6.294388486228,
    7.068018495092));
#3923 = CARTESIAN_POINT('',(49.145398134661,-6.009745108993,
    6.984807210122));
#3924 = CARTESIAN_POINT('',(49.299164920529,-5.729747566362,
    6.890288871917));
#3925 = CARTESIAN_POINT('',(49.461312276114,-5.454334304759,
    6.784544191405));
#3926 = CARTESIAN_POINT('',(49.629846555608,-5.183439207241,
    6.667522025581));
#3927 = CARTESIAN_POINT('',(49.803204030686,-4.916979358758,
    6.539001490776));
#3928 = CARTESIAN_POINT('',(50.117981992722,-4.450672446965,
    6.289080569768));
#3929 = CARTESIAN_POINT('',(50.257918348209,-4.249227739865,
    6.172444820241));
#3930 = CARTESIAN_POINT('',(50.39934031063,-4.05051650844,6.048423723162
    ));
#3931 = CARTESIAN_POINT('',(50.541688339493,-3.854612721712,
    5.916802334146));
#3932 = CARTESIAN_POINT('',(50.684443334917,-3.661648589301,
    5.777332774708));
#3933 = CARTESIAN_POINT('',(50.827106462086,-3.471808762172,
    5.629730612134));
#3934 = CARTESIAN_POINT('',(50.969183697348,-3.285329264203,
    5.473663351824));
#3935 = CARTESIAN_POINT('',(51.251922503164,-2.918692704048,
    5.142914350491));
#3936 = CARTESIAN_POINT('',(51.39252448363,-2.738636680678,
    4.968192501725));
#3937 = CARTESIAN_POINT('',(51.531499700387,-2.562591446766,
    4.78414054906));
#3938 = CARTESIAN_POINT('',(51.668297087211,-2.390952967891,
    4.590321556183));
#3939 = CARTESIAN_POINT('',(51.802288140796,-2.224244479453,
    4.386298385316));
#3940 = CARTESIAN_POINT('',(51.932758406584,-2.063113185021,
    4.171634681765));
#3941 = CARTESIAN_POINT('',(52.058898158234,-1.908333986434,
    3.945885054951));
#3942 = CARTESIAN_POINT('',(52.270165335922,-1.650547969907,
    3.531175525595));
#3943 = CARTESIAN_POINT('',(52.357578735019,-1.544370226364,
    3.347371672955));
#3944 = CARTESIAN_POINT('',(52.441648226117,-1.442670245703,
    3.156978546912));
#3945 = CARTESIAN_POINT('',(52.521922632406,-1.345915546976,
    2.959875628172));
#3946 = CARTESIAN_POINT('',(52.597889270545,-1.254649032717,
    2.756017218484));
#3947 = CARTESIAN_POINT('',(52.668985267897,-1.169474656486,
    2.545449735414));
#3948 = CARTESIAN_POINT('',(52.734614768634,-1.091037662879,
    2.328335312632));
#3949 = CARTESIAN_POINT('',(52.794172028693,-1.0199994,2.104981705718));
#3950 = PCURVE('',#2557,#3951);
#3951 = DEFINITIONAL_REPRESENTATION('',(#3952),#4025);
#3952 = B_SPLINE_CURVE_WITH_KNOTS('',8,(#3953,#3954,#3955,#3956,#3957,
    #3958,#3959,#3960,#3961,#3962,#3963,#3964,#3965,#3966,#3967,#3968,
    #3969,#3970,#3971,#3972,#3973,#3974,#3975,#3976,#3977,#3978,#3979,
    #3980,#3981,#3982,#3983,#3984,#3985,#3986,#3987,#3988,#3989,#3990,
    #3991,#3992,#3993,#3994,#3995,#3996,#3997,#3998,#3999,#4000,#4001,
    #4002,#4003,#4004,#4005,#4006,#4007,#4008,#4009,#4010,#4011,#4012,
    #4013,#4014,#4015,#4016,#4017,#4018,#4019,#4020,#4021,#4022,#4023,
    #4024),.UNSPECIFIED.,.F.,.F.,(9,7,7,7,7,7,7,7,7,7,9),(0.,
    7.763129482729E-02,0.178091601509,0.280245666397,0.413509674876,
    0.499869977228,0.58771340245,0.71870932689,0.820740487478,
    0.923318748376,1.),.UNSPECIFIED.);
#3953 = CARTESIAN_POINT('',(2.845701089823,0.307166227047));
#3954 = CARTESIAN_POINT('',(2.813038444984,0.304820086236));
#3955 = CARTESIAN_POINT('',(2.780959819474,0.302231794831));
#3956 = CARTESIAN_POINT('',(2.749483120938,0.29942580144));
#3957 = CARTESIAN_POINT('',(2.71861273023,0.296426144972));
#3958 = CARTESIAN_POINT('',(2.688342490447,0.29325550969));
#3959 = CARTESIAN_POINT('',(2.658657499636,0.289934523071));
#3960 = CARTESIAN_POINT('',(2.62953470717,0.28648129649));
#3961 = CARTESIAN_POINT('',(2.563941763781,0.278291266314));
#3962 = CARTESIAN_POINT('',(2.527844181211,0.273477469545));
#3963 = CARTESIAN_POINT('',(2.492577851852,0.268503082772));
#3964 = CARTESIAN_POINT('',(2.458080056668,0.263397609298));
#3965 = CARTESIAN_POINT('',(2.424292106681,0.258187145396));
#3966 = CARTESIAN_POINT('',(2.391155539105,0.252894706423));
#3967 = CARTESIAN_POINT('',(2.358609474738,0.247540525015));
#3968 = CARTESIAN_POINT('',(2.294028936445,0.236653104189));
#3969 = CARTESIAN_POINT('',(2.262022717379,0.231120143654));
#3970 = CARTESIAN_POINT('',(2.230507005289,0.225563019834));
#3971 = CARTESIAN_POINT('',(2.199426292245,0.220001042064));
#3972 = CARTESIAN_POINT('',(2.168729584561,0.214453667496));
#3973 = CARTESIAN_POINT('',(2.138367455555,0.208941101952));
#3974 = CARTESIAN_POINT('',(2.108289603025,0.203485083078));
#3975 = CARTESIAN_POINT('',(2.03950672463,0.191097636691));
#3976 = CARTESIAN_POINT('',(2.000990846244,0.184227766943));
#3977 = CARTESIAN_POINT('',(1.962755153993,0.177550023154));
#3978 = CARTESIAN_POINT('',(1.92468797011,0.171128057026));
#3979 = CARTESIAN_POINT('',(1.886690984844,0.165043418548));
#3980 = CARTESIAN_POINT('',(1.848672052875,0.159398205826));
#3981 = CARTESIAN_POINT('',(1.810533646929,0.154321817305));
#3982 = CARTESIAN_POINT('',(1.74732669701,0.147124489676));
#3983 = CARTESIAN_POINT('',(1.722386501448,0.144592634017));
#3984 = CARTESIAN_POINT('',(1.697353485848,0.14239931072));
#3985 = CARTESIAN_POINT('',(1.672227830105,0.140585797612));
#3986 = CARTESIAN_POINT('',(1.647016875589,0.139191940618));
#3987 = CARTESIAN_POINT('',(1.62173701767,0.138249613304));
#3988 = CARTESIAN_POINT('',(1.596416625,0.137776066889));
#3989 = CARTESIAN_POINT('',(1.545347277142,0.137766166571));
#3990 = CARTESIAN_POINT('',(1.519591360976,0.138246045027));
#3991 = CARTESIAN_POINT('',(1.493877689418,0.139211208521));
#3992 = CARTESIAN_POINT('',(1.468235963671,0.140643415418));
#3993 = CARTESIAN_POINT('',(1.442683100849,0.142508771551));
#3994 = CARTESIAN_POINT('',(1.417226390248,0.14476501274));
#3995 = CARTESIAN_POINT('',(1.39186550737,0.147368623802));
#3996 = CARTESIAN_POINT('',(1.328904777585,0.154614972128));
#3997 = CARTESIAN_POINT('',(1.291419756276,0.159630332871));
#3998 = CARTESIAN_POINT('',(1.254046984415,0.165190588897));
#3999 = CARTESIAN_POINT('',(1.216693750547,0.171173732316));
#4000 = CARTESIAN_POINT('',(1.179272086587,0.177482967942));
#4001 = CARTESIAN_POINT('',(1.141688368743,0.184040722008));
#4002 = CARTESIAN_POINT('',(1.103836585718,0.190786149054));
#4003 = CARTESIAN_POINT('',(1.035790702293,0.203034318783));
#4004 = CARTESIAN_POINT('',(1.005769121123,0.20847931316));
#4005 = CARTESIAN_POINT('',(0.975467040825,0.213982113254));
#4006 = CARTESIAN_POINT('',(0.94483440552,0.219520947062));
#4007 = CARTESIAN_POINT('',(0.913822048407,0.225075616145));
#4008 = CARTESIAN_POINT('',(0.88237926482,0.230626710587));
#4009 = CARTESIAN_POINT('',(0.850450894818,0.236155007679));
#4010 = CARTESIAN_POINT('',(0.785322791308,0.247156517633));
#4011 = CARTESIAN_POINT('',(0.752128030394,0.252627411814));
#4012 = CARTESIAN_POINT('',(0.718320503457,0.258035007797));
#4013 = CARTESIAN_POINT('',(0.683835400901,0.263357863316));
#4014 = CARTESIAN_POINT('',(0.648610625643,0.268571522988));
#4015 = CARTESIAN_POINT('',(0.612583875744,0.273648187027));
#4016 = CARTESIAN_POINT('',(0.575688416683,0.278556348569));
#4017 = CARTESIAN_POINT('',(0.509560014221,0.28677686132));
#4018 = CARTESIAN_POINT('',(0.480753024602,0.290178160896));
#4019 = CARTESIAN_POINT('',(0.451396214783,0.29344934732));
#4020 = CARTESIAN_POINT('',(0.421467627477,0.296572865074));
#4021 = CARTESIAN_POINT('',(0.390953162447,0.299528765391));
#4022 = CARTESIAN_POINT('',(0.359847161964,0.302295146611));
#4023 = CARTESIAN_POINT('',(0.328154127002,0.304848823682));
#4024 = CARTESIAN_POINT('',(0.295891564189,0.307166226797));
#4025 = ( GEOMETRIC_REPRESENTATION_CONTEXT(2) 
PARAMETRIC_REPRESENTATION_CONTEXT() REPRESENTATION_CONTEXT('2D SPACE',''
  ) );
#4026 = PCURVE('',#4027,#4032);
#4027 = CYLINDRICAL_SURFACE('',#4028,8.17);
#4028 = AXIS2_PLACEMENT_3D('',#4029,#4030,#4031);
#4029 = CARTESIAN_POINT('',(44.9,-15.98,0.));
#4030 = DIRECTION('',(0.,1.,0.));
#4031 = DIRECTION('',(0.,-0.,1.));
#4032 = DEFINITIONAL_REPRESENTATION('',(#4033),#4106);
#4033 = B_SPLINE_CURVE_WITH_KNOTS('',8,(#4034,#4035,#4036,#4037,#4038,
    #4039,#4040,#4041,#4042,#4043,#4044,#4045,#4046,#4047,#4048,#4049,
    #4050,#4051,#4052,#4053,#4054,#4055,#4056,#4057,#4058,#4059,#4060,
    #4061,#4062,#4063,#4064,#4065,#4066,#4067,#4068,#4069,#4070,#4071,
    #4072,#4073,#4074,#4075,#4076,#4077,#4078,#4079,#4080,#4081,#4082,
    #4083,#4084,#4085,#4086,#4087,#4088,#4089,#4090,#4091,#4092,#4093,
    #4094,#4095,#4096,#4097,#4098,#4099,#4100,#4101,#4102,#4103,#4104,
    #4105),.UNSPECIFIED.,.F.,.F.,(9,7,7,7,7,7,7,7,7,7,9),(0.,
    7.763129482729E-02,0.178091601509,0.280245666397,0.413509674876,
    0.499869977228,0.58771340245,0.71870932689,0.820740487478,
    0.923318748376,1.),.UNSPECIFIED.);
#4034 = CARTESIAN_POINT('',(7.593394718671,-6.E-07));
#4035 = CARTESIAN_POINT('',(7.564750374936,7.191859428559E-02));
#4036 = CARTESIAN_POINT('',(7.536666317291,0.151420554447));
#4037 = CARTESIAN_POINT('',(7.509164037879,0.237819290807));
#4038 = CARTESIAN_POINT('',(7.48225277462,0.33044590501));
#4039 = CARTESIAN_POINT('',(7.455932270618,0.428675048498));
#4040 = CARTESIAN_POINT('',(7.430194563954,0.531945649394));
#4041 = CARTESIAN_POINT('',(7.405024807843,0.639775907769));
#4042 = CARTESIAN_POINT('',(7.348536354274,0.89670403301));
#4043 = CARTESIAN_POINT('',(7.317598764339,1.048554910125));
#4044 = CARTESIAN_POINT('',(7.287538290628,1.206473397814));
#4045 = CARTESIAN_POINT('',(7.258314251354,1.369734777548));
#4046 = CARTESIAN_POINT('',(7.229891278367,1.537731903731));
#4047 = CARTESIAN_POINT('',(7.202236780518,1.70997190627));
#4048 = CARTESIAN_POINT('',(7.175319935702,1.886079097097));
#4049 = CARTESIAN_POINT('',(7.122462625914,2.24855922286));
#4050 = CARTESIAN_POINT('',(7.096554798106,2.434996392261));
#4051 = CARTESIAN_POINT('',(7.071362173522,2.624819098281));
#4052 = CARTESIAN_POINT('',(7.046870623355,2.817786734912));
#4053 = CARTESIAN_POINT('',(7.023076336516,3.013710790706));
#4054 = CARTESIAN_POINT('',(6.999985309562,3.212455832752));
#4055 = CARTESIAN_POINT('',(6.977614434681,3.413945264635));
#4056 = CARTESIAN_POINT('',(6.927789717868,3.884593508376));
#4057 = CARTESIAN_POINT('',(6.900882197974,4.155488841718));
#4058 = CARTESIAN_POINT('',(6.875321090142,4.430974143748));
#4059 = CARTESIAN_POINT('',(6.851224034547,4.711136594349));
#4060 = CARTESIAN_POINT('',(6.82877864172,4.996044501985));
#4061 = CARTESIAN_POINT('',(6.808247554201,5.28576013662));
#4062 = CARTESIAN_POINT('',(6.789989192128,5.580390970532));
#4063 = CARTESIAN_POINT('',(6.764312810373,6.074127634087));
#4064 = CARTESIAN_POINT('',(6.755342773389,6.270325631699));
#4065 = CARTESIAN_POINT('',(6.747616837682,6.468437554725));
#4066 = CARTESIAN_POINT('',(6.741257646841,6.668258219889));
#4067 = CARTESIAN_POINT('',(6.736385042776,6.869508301696));
#4068 = CARTESIAN_POINT('',(6.733095829317,7.071817546563));
#4069 = CARTESIAN_POINT('',(6.731442924106,7.274706075822));
#4070 = CARTESIAN_POINT('',(6.73140836729,7.683921718418));
#4071 = CARTESIAN_POINT('',(6.733083374829,7.890304678134));
#4072 = CARTESIAN_POINT('',(6.736452184925,8.096086044375));
#4073 = CARTESIAN_POINT('',(6.741458826627,8.300761857714));
#4074 = CARTESIAN_POINT('',(6.748000365764,8.503945412726));
#4075 = CARTESIAN_POINT('',(6.755949725581,8.705346961941));
#4076 = CARTESIAN_POINT('',(6.765177706738,8.904755608052));
#4077 = CARTESIAN_POINT('',(6.79104492398,9.396219919381));
#4078 = CARTESIAN_POINT('',(6.809095195541,9.685611513772));
#4079 = CARTESIAN_POINT('',(6.829328476426,9.970254891007));
#4080 = CARTESIAN_POINT('',(6.851407411766,10.250252433638));
#4081 = CARTESIAN_POINT('',(6.875083241253,10.525665695241));
#4082 = CARTESIAN_POINT('',(6.900177435482,10.796560792759));
#4083 = CARTESIAN_POINT('',(6.926576878082,11.063020641242));
#4084 = CARTESIAN_POINT('',(6.975772397863,11.529327553035));
#4085 = CARTESIAN_POINT('',(6.998063588021,11.730772260135));
#4086 = CARTESIAN_POINT('',(7.021074473039,11.92948349156));
#4087 = CARTESIAN_POINT('',(7.044787526348,12.125387278288));
#4088 = CARTESIAN_POINT('',(7.069196178002,12.318351410699));
#4089 = CARTESIAN_POINT('',(7.09430370048,12.508191237828));
#4090 = CARTESIAN_POINT('',(7.120123680987,12.694670735797));
#4091 = CARTESIAN_POINT('',(7.17338288805,13.061307295952));
#4092 = CARTESIAN_POINT('',(7.200821132732,13.241363319322));
#4093 = CARTESIAN_POINT('',(7.229026991756,13.417408553234));
#4094 = CARTESIAN_POINT('',(7.258033150225,13.589047032109));
#4095 = CARTESIAN_POINT('',(7.287874168985,13.755755520547));
#4096 = CARTESIAN_POINT('',(7.318587581124,13.916886814979));
#4097 = CARTESIAN_POINT('',(7.350216716852,14.071666013566));
#4098 = CARTESIAN_POINT('',(7.40718393706,14.329452030093));
#4099 = CARTESIAN_POINT('',(7.432086700437,14.435629773636));
#4100 = CARTESIAN_POINT('',(7.457544415142,14.537329754297));
#4101 = CARTESIAN_POINT('',(7.483571174542,14.634084453024));
#4102 = CARTESIAN_POINT('',(7.51017442222,14.725350967283));
#4103 = CARTESIAN_POINT('',(7.537354159375,14.810525343514));
#4104 = CARTESIAN_POINT('',(7.565101234541,14.888962337121));
#4105 = CARTESIAN_POINT('',(7.593394715618,14.9600006));
#4106 = ( GEOMETRIC_REPRESENTATION_CONTEXT(2) 
PARAMETRIC_REPRESENTATION_CONTEXT() REPRESENTATION_CONTEXT('2D SPACE',''
  ) );
#4107 = ORIENTED_EDGE('',*,*,#4108,.F.);
#4108 = EDGE_CURVE('',#4109,#3874,#4111,.T.);
#4109 = VERTEX_POINT('',#4110);
#4110 = CARTESIAN_POINT('',(44.9,-15.98,3.008577876734));
#4111 = SURFACE_CURVE('',#4112,(#4129,#4149),.PCURVE_S1.);
#4112 = B_SPLINE_CURVE_WITH_KNOTS('',8,(#4113,#4114,#4115,#4116,#4117,
    #4118,#4119,#4120,#4121,#4122,#4123,#4124,#4125,#4126,#4127,#4128),
  .UNSPECIFIED.,.F.,.F.,(9,7,9),(0.,0.905617473042,1.),.UNSPECIFIED.);
#4113 = CARTESIAN_POINT('',(44.9,-15.98,3.008577868386));
#4114 = CARTESIAN_POINT('',(45.826664211876,-15.98,2.917822220461));
#4115 = CARTESIAN_POINT('',(46.753015945042,-15.98,2.824142053763));
#4116 = CARTESIAN_POINT('',(47.67903196259,-15.98,2.7271841415));
#4117 = CARTESIAN_POINT('',(48.604660595111,-15.98,2.62650620188));
#4118 = CARTESIAN_POINT('',(49.529821196152,-15.98,2.521569360077));
#4119 = CARTESIAN_POINT('',(50.454389794288,-15.98,2.411621740533));
#4120 = CARTESIAN_POINT('',(51.378199143724,-15.98,2.295695290608));
#4121 = CARTESIAN_POINT('',(52.397145657,-15.98,2.159184746475));
#4122 = CARTESIAN_POINT('',(52.493304986752,-15.98,2.146216916195));
#4123 = CARTESIAN_POINT('',(52.589452550485,-15.98,2.133163538496));
#4124 = CARTESIAN_POINT('',(52.685587975423,-15.98,2.120022580285));
#4125 = CARTESIAN_POINT('',(52.781710865027,-15.98,2.106791902622));
#4126 = CARTESIAN_POINT('',(52.877820798995,-15.98,2.093469260725));
#4127 = CARTESIAN_POINT('',(52.973917333262,-15.98,2.080052303967));
#4128 = CARTESIAN_POINT('',(53.07,-15.98,2.066538575877));
#4129 = PCURVE('',#2557,#4130);
#4130 = DEFINITIONAL_REPRESENTATION('',(#4131),#4148);
#4131 = B_SPLINE_CURVE_WITH_KNOTS('',8,(#4132,#4133,#4134,#4135,#4136,
    #4137,#4138,#4139,#4140,#4141,#4142,#4143,#4144,#4145,#4146,#4147),
  .UNSPECIFIED.,.F.,.F.,(9,7,9),(0.,0.905617473042,1.),.UNSPECIFIED.);
#4132 = CARTESIAN_POINT('',(2.727656352939,0.));
#4133 = CARTESIAN_POINT('',(2.739108632584,3.605697322474E-02));
#4134 = CARTESIAN_POINT('',(2.751029969216,7.210178774487E-02));
#4135 = CARTESIAN_POINT('',(2.763473542399,0.1081335394));
#4136 = CARTESIAN_POINT('',(2.776505695521,0.144150217709));
#4137 = CARTESIAN_POINT('',(2.790207081353,0.180148684675));
#4138 = CARTESIAN_POINT('',(2.804689571628,0.216124116509));
#4139 = CARTESIAN_POINT('',(2.820096845805,0.252070005592));
#4140 = CARTESIAN_POINT('',(2.838410777179,0.291717729844));
#4141 = CARTESIAN_POINT('',(2.84015207885,0.295459338006));
#4142 = CARTESIAN_POINT('',(2.841906461474,0.299200488346));
#4143 = CARTESIAN_POINT('',(2.843674230188,0.302941166359));
#4144 = CARTESIAN_POINT('',(2.84545570086,0.306681356616));
#4145 = CARTESIAN_POINT('',(2.847251200089,0.310421042762));
#4146 = CARTESIAN_POINT('',(2.849061065206,0.31416020752));
#4147 = CARTESIAN_POINT('',(2.850885644274,0.317898832685));
#4148 = ( GEOMETRIC_REPRESENTATION_CONTEXT(2) 
PARAMETRIC_REPRESENTATION_CONTEXT() REPRESENTATION_CONTEXT('2D SPACE',''
  ) );
#4149 = PCURVE('',#4150,#4155);
#4150 = PLANE('',#4151);
#4151 = AXIS2_PLACEMENT_3D('',#4152,#4153,#4154);
#4152 = CARTESIAN_POINT('',(44.9,-15.98,0.));
#4153 = DIRECTION('',(0.,1.,0.));
#4154 = DIRECTION('',(0.,-0.,1.));
#4155 = DEFINITIONAL_REPRESENTATION('',(#4156),#4173);
#4156 = B_SPLINE_CURVE_WITH_KNOTS('',8,(#4157,#4158,#4159,#4160,#4161,
    #4162,#4163,#4164,#4165,#4166,#4167,#4168,#4169,#4170,#4171,#4172),
  .UNSPECIFIED.,.F.,.F.,(9,7,9),(0.,0.905617473042,1.),.UNSPECIFIED.);
#4157 = CARTESIAN_POINT('',(3.008577868386,0.));
#4158 = CARTESIAN_POINT('',(2.917822220461,0.926664211876));
#4159 = CARTESIAN_POINT('',(2.824142053763,1.853015945042));
#4160 = CARTESIAN_POINT('',(2.7271841415,2.77903196259));
#4161 = CARTESIAN_POINT('',(2.62650620188,3.704660595111));
#4162 = CARTESIAN_POINT('',(2.521569360077,4.629821196152));
#4163 = CARTESIAN_POINT('',(2.411621740533,5.554389794288));
#4164 = CARTESIAN_POINT('',(2.295695290608,6.478199143724));
#4165 = CARTESIAN_POINT('',(2.159184746475,7.497145657));
#4166 = CARTESIAN_POINT('',(2.146216916195,7.593304986752));
#4167 = CARTESIAN_POINT('',(2.133163538496,7.689452550485));
#4168 = CARTESIAN_POINT('',(2.120022580285,7.785587975423));
#4169 = CARTESIAN_POINT('',(2.106791902622,7.881710865027));
#4170 = CARTESIAN_POINT('',(2.093469260725,7.977820798995));
#4171 = CARTESIAN_POINT('',(2.080052303967,8.073917333262));
#4172 = CARTESIAN_POINT('',(2.066538575877,8.17));
#4173 = ( GEOMETRIC_REPRESENTATION_CONTEXT(2) 
PARAMETRIC_REPRESENTATION_CONTEXT() REPRESENTATION_CONTEXT('2D SPACE',''
  ) );
#4174 = ORIENTED_EDGE('',*,*,#4175,.T.);
#4175 = EDGE_CURVE('',#4109,#4176,#4178,.T.);
#4176 = VERTEX_POINT('',#4177);
#4177 = CARTESIAN_POINT('',(44.9,-16.48090324894,1.6));
#4178 = SURFACE_CURVE('',#4179,(#4184,#4191),.PCURVE_S1.);
#4179 = ELLIPSE('',#4180,8.17,7.48);
#4180 = AXIS2_PLACEMENT_3D('',#4181,#4182,#4183);
#4181 = CARTESIAN_POINT('',(44.9,-8.5,0.));
#4182 = DIRECTION('',(1.,0.,0.));
#4183 = DIRECTION('',(0.,1.,0.));
#4184 = PCURVE('',#2557,#4185);
#4185 = DEFINITIONAL_REPRESENTATION('',(#4186),#4190);
#4186 = LINE('',#4187,#4188);
#4187 = CARTESIAN_POINT('',(0.,0.));
#4188 = VECTOR('',#4189,1.);
#4189 = DIRECTION('',(1.,0.));
#4190 = ( GEOMETRIC_REPRESENTATION_CONTEXT(2) 
PARAMETRIC_REPRESENTATION_CONTEXT() REPRESENTATION_CONTEXT('2D SPACE',''
  ) );
#4191 = PCURVE('',#4192,#4197);
#4192 = PLANE('',#4193);
#4193 = AXIS2_PLACEMENT_3D('',#4194,#4195,#4196);
#4194 = CARTESIAN_POINT('',(44.9,-8.5,0.));
#4195 = DIRECTION('',(1.,0.,0.));
#4196 = DIRECTION('',(0.,1.,0.));
#4197 = DEFINITIONAL_REPRESENTATION('',(#4198),#4202);
#4198 = ELLIPSE('',#4199,8.17,7.48);
#4199 = AXIS2_PLACEMENT_2D('',#4200,#4201);
#4200 = CARTESIAN_POINT('',(0.,0.));
#4201 = DIRECTION('',(1.,0.));
#4202 = ( GEOMETRIC_REPRESENTATION_CONTEXT(2) 
PARAMETRIC_REPRESENTATION_CONTEXT() REPRESENTATION_CONTEXT('2D SPACE',''
  ) );
#4203 = ORIENTED_EDGE('',*,*,#4204,.T.);
#4204 = EDGE_CURVE('',#4176,#4205,#4207,.T.);
#4205 = VERTEX_POINT('',#4206);
#4206 = CARTESIAN_POINT('',(44.9,-16.48090324894,-1.6));
#4207 = SURFACE_CURVE('',#4208,(#4241,#4277),.PCURVE_S1.);
#4208 = B_SPLINE_CURVE_WITH_KNOTS('',6,(#4209,#4210,#4211,#4212,#4213,
    #4214,#4215,#4216,#4217,#4218,#4219,#4220,#4221,#4222,#4223,#4224,
    #4225,#4226,#4227,#4228,#4229,#4230,#4231,#4232,#4233,#4234,#4235,
    #4236,#4237,#4238,#4239,#4240),.UNSPECIFIED.,.F.,.F.,(7,5,5,5,5,5,7)
  ,(0.,0.151595005924,0.282040825,0.500050775207,0.718129849129,
    0.852930386339,1.),.UNSPECIFIED.);
#4209 = CARTESIAN_POINT('',(44.9,-16.48090324633,1.6));
#4210 = CARTESIAN_POINT('',(45.027505263253,-16.47516253232,1.6));
#4211 = CARTESIAN_POINT('',(45.155232722095,-16.47232791814,
    1.58780671171));
#4212 = CARTESIAN_POINT('',(45.281508426225,-16.47250038183,
    1.563341174575));
#4213 = CARTESIAN_POINT('',(45.404757768895,-16.47551122354,
    1.526890753882));
#4214 = CARTESIAN_POINT('',(45.523518025647,-16.48095213698,
    1.478989572026));
#4215 = CARTESIAN_POINT('',(45.733645231834,-16.49459818091,
    1.370043641724));
#4216 = CARTESIAN_POINT('',(45.826547723395,-16.50231335467,
    1.311751675302));
#4217 = CARTESIAN_POINT('',(45.914365945968,-16.51109485645,
    1.246028765762));
#4218 = CARTESIAN_POINT('',(45.996407056569,-16.52054076391,
    1.173436063316));
#4219 = CARTESIAN_POINT('',(46.072062411471,-16.5302369299,
    1.094588532152));
#4220 = CARTESIAN_POINT('',(46.25568406246,-16.55576724864,
    0.869040594252));
#4221 = CARTESIAN_POINT('',(46.351313225722,-16.57136121666,
    0.712243180562));
#4222 = CARTESIAN_POINT('',(46.425063205611,-16.58474494878,
    0.542979828759));
#4223 = CARTESIAN_POINT('',(46.47505858637,-16.59427480992,
    0.364950263599));
#4224 = CARTESIAN_POINT('',(46.500029037554,-16.59903276968,
    0.182313918387));
#4225 = CARTESIAN_POINT('',(46.499970912701,-16.5990216934,
    -0.182881120413));
#4226 = CARTESIAN_POINT('',(46.474926480783,-16.59424963335,
    -0.36556723469));
#4227 = CARTESIAN_POINT('',(46.424842707038,-16.58470385882,
    -0.543634970357));
#4228 = CARTESIAN_POINT('',(46.350992469908,-16.57130464984,
    -0.712920687405));
#4229 = CARTESIAN_POINT('',(46.255254868011,-16.5556985491,
    -0.869722105715));
#4230 = CARTESIAN_POINT('',(46.069178205493,-16.52984153007,
    -1.098035309152));
#4231 = CARTESIAN_POINT('',(45.990714105795,-16.51981806604,
    -1.179281143571));
#4232 = CARTESIAN_POINT('',(45.905452806082,-16.51007799911,
    -1.253820180335));
#4233 = CARTESIAN_POINT('',(45.814069371172,-16.50107932845,
    -1.32097586812));
#4234 = CARTESIAN_POINT('',(45.717335279299,-16.49326450105,
    -1.380133019129));
#4235 = CARTESIAN_POINT('',(45.505750141253,-16.48016174902,
    -1.486037589044));
#4236 = CARTESIAN_POINT('',(45.390022764761,-16.47516684357,
    -1.531179936271));
#4237 = CARTESIAN_POINT('',(45.2701931854,-16.47249290813,
    -1.565500032812));
#4238 = CARTESIAN_POINT('',(45.147604867781,-16.47249981774,
    -1.588523996552));
#4239 = CARTESIAN_POINT('',(45.023698140318,-16.47533394175,-1.6));
#4240 = CARTESIAN_POINT('',(44.9,-16.48090324633,-1.6));
#4241 = PCURVE('',#2557,#4242);
#4242 = DEFINITIONAL_REPRESENTATION('',(#4243),#4276);
#4243 = B_SPLINE_CURVE_WITH_KNOTS('',6,(#4244,#4245,#4246,#4247,#4248,
    #4249,#4250,#4251,#4252,#4253,#4254,#4255,#4256,#4257,#4258,#4259,
    #4260,#4261,#4262,#4263,#4264,#4265,#4266,#4267,#4268,#4269,#4270,
    #4271,#4272,#4273,#4274,#4275),.UNSPECIFIED.,.F.,.F.,(7,5,5,5,5,5,7)
  ,(0.,0.151595005924,0.282040825,0.500050775207,0.718129849129,
    0.852930386339,1.),.UNSPECIFIED.);
#4244 = CARTESIAN_POINT('',(2.926023191698,0.));
#4245 = CARTESIAN_POINT('',(2.925899738964,4.961294289994E-03));
#4246 = CARTESIAN_POINT('',(2.927444636484,9.931234322771E-03));
#4247 = CARTESIAN_POINT('',(2.930674786218,1.484468584532E-02));
#4248 = CARTESIAN_POINT('',(2.935552224593,1.964038011265E-02));
#4249 = CARTESIAN_POINT('',(2.9419997152,2.426140177615E-02));
#4250 = CARTESIAN_POINT('',(2.956704000306,3.243755765892E-02));
#4251 = CARTESIAN_POINT('',(2.964584663597,3.605244059904E-02));
#4252 = CARTESIAN_POINT('',(2.973476948363,3.946949206103E-02));
#4253 = CARTESIAN_POINT('',(2.983299636466,4.26617531739E-02));
#4254 = CARTESIAN_POINT('',(2.993964950519,4.560554130237E-02));
#4255 = CARTESIAN_POINT('',(3.024456336989,5.27503526249E-02));
#4256 = CARTESIAN_POINT('',(3.045636536762,5.647133174015E-02));
#4257 = CARTESIAN_POINT('',(3.068470289935,5.934098076308E-02));
#4258 = CARTESIAN_POINT('',(3.092454864693,6.128632631789E-02));
#4259 = CARTESIAN_POINT('',(3.117045472514,6.225793920444E-02));
#4260 = CARTESIAN_POINT('',(3.1662162041,6.2255677537E-02));
#4261 = CARTESIAN_POINT('',(3.190813539497,6.128118602267E-02));
#4262 = CARTESIAN_POINT('',(3.214803321759,5.933240105205E-02));
#4263 = CARTESIAN_POINT('',(3.237640192782,5.645885096917E-02));
#4264 = CARTESIAN_POINT('',(3.25882103596,5.273365245178E-02));
#4265 = CARTESIAN_POINT('',(3.289686361052,4.549331538884E-02));
#4266 = CARTESIAN_POINT('',(3.300676332475,4.244023757956E-02));
#4267 = CARTESIAN_POINT('',(3.31076264368,3.912267727944E-02));
#4268 = CARTESIAN_POINT('',(3.319848646455,3.556690160201E-02));
#4269 = CARTESIAN_POINT('',(3.327845215755,3.180292915561E-02));
#4270 = CARTESIAN_POINT('',(3.342133995962,2.357004440672E-02));
#4271 = CARTESIAN_POINT('',(3.348206784539,1.906703364827E-02));
#4272 = CARTESIAN_POINT('',(3.352795380993,1.440440410117E-02));
#4273 = CARTESIAN_POINT('',(3.355831439921,9.634430652952E-03));
#4274 = CARTESIAN_POINT('',(3.357281882095,4.813157210823E-03));
#4275 = CARTESIAN_POINT('',(3.357162115481,0.));
#4276 = ( GEOMETRIC_REPRESENTATION_CONTEXT(2) 
PARAMETRIC_REPRESENTATION_CONTEXT() REPRESENTATION_CONTEXT('2D SPACE',''
  ) );
#4277 = PCURVE('',#2706,#4278);
#4278 = DEFINITIONAL_REPRESENTATION('',(#4279),#4312);
#4279 = B_SPLINE_CURVE_WITH_KNOTS('',6,(#4280,#4281,#4282,#4283,#4284,
    #4285,#4286,#4287,#4288,#4289,#4290,#4291,#4292,#4293,#4294,#4295,
    #4296,#4297,#4298,#4299,#4300,#4301,#4302,#4303,#4304,#4305,#4306,
    #4307,#4308,#4309,#4310,#4311),.UNSPECIFIED.,.F.,.F.,(7,5,5,5,5,5,7)
  ,(0.,0.151595005924,0.282040825,0.500050775207,0.718129849129,
    0.852930386339,1.),.UNSPECIFIED.);
#4280 = CARTESIAN_POINT('',(0.,6.979096753669));
#4281 = CARTESIAN_POINT('',(7.969078953302E-02,6.984837467672));
#4282 = CARTESIAN_POINT('',(0.159520301002,6.987672081855));
#4283 = CARTESIAN_POINT('',(0.239354337114,6.987499618162));
#4284 = CARTESIAN_POINT('',(0.319131707132,6.984488776457));
#4285 = CARTESIAN_POINT('',(0.398806597993,6.979047863013));
#4286 = CARTESIAN_POINT('',(0.546738511319,6.965401819085));
#4287 = CARTESIAN_POINT('',(0.615055417933,6.957686645327));
#4288 = CARTESIAN_POINT('',(0.683265725227,6.948905143549));
#4289 = CARTESIAN_POINT('',(0.751390626918,6.939459236082));
#4290 = CARTESIAN_POINT('',(0.819460007583,6.929763070099));
#4291 = CARTESIAN_POINT('',(1.001235950327,6.904232751359));
#4292 = CARTESIAN_POINT('',(1.114966912564,6.888638783338));
#4293 = CARTESIAN_POINT('',(1.228762080059,6.875255051215));
#4294 = CARTESIAN_POINT('',(1.342706149818,6.865725190073));
#4295 = CARTESIAN_POINT('',(1.456850126358,6.86096723032));
#4296 = CARTESIAN_POINT('',(1.685097028499,6.860978306598));
#4297 = CARTESIAN_POINT('',(1.799277102636,6.86575036665));
#4298 = CARTESIAN_POINT('',(1.913257474718,6.875296141172));
#4299 = CARTESIAN_POINT('',(2.027089006712,6.888695350159));
#4300 = CARTESIAN_POINT('',(2.140856363912,6.904301450898));
#4301 = CARTESIAN_POINT('',(2.324941351075,6.93015846993));
#4302 = CARTESIAN_POINT('',(2.395284651063,6.940181933953));
#4303 = CARTESIAN_POINT('',(2.465688740207,6.949922000888));
#4304 = CARTESIAN_POINT('',(2.536186197152,6.958920671544));
#4305 = CARTESIAN_POINT('',(2.606799633103,6.966735498949));
#4306 = CARTESIAN_POINT('',(2.754680561464,6.979838250975));
#4307 = CARTESIAN_POINT('',(2.831988645216,6.984833156422));
#4308 = CARTESIAN_POINT('',(2.909389630804,6.987507091862));
#4309 = CARTESIAN_POINT('',(2.986839739278,6.987500182256));
#4310 = CARTESIAN_POINT('',(3.064281315891,6.984666058246));
#4311 = CARTESIAN_POINT('',(3.14159265359,6.979096753669));
#4312 = ( GEOMETRIC_REPRESENTATION_CONTEXT(2) 
PARAMETRIC_REPRESENTATION_CONTEXT() REPRESENTATION_CONTEXT('2D SPACE',''
  ) );
#4313 = ORIENTED_EDGE('',*,*,#4314,.T.);
#4314 = EDGE_CURVE('',#4205,#4315,#4317,.T.);
#4315 = VERTEX_POINT('',#4316);
#4316 = CARTESIAN_POINT('',(44.9,-15.98,-3.008577876734));
#4317 = SURFACE_CURVE('',#4318,(#4323,#4330),.PCURVE_S1.);
#4318 = ELLIPSE('',#4319,8.17,7.48);
#4319 = AXIS2_PLACEMENT_3D('',#4320,#4321,#4322);
#4320 = CARTESIAN_POINT('',(44.9,-8.5,0.));
#4321 = DIRECTION('',(1.,0.,0.));
#4322 = DIRECTION('',(0.,1.,0.));
#4323 = PCURVE('',#2557,#4324);
#4324 = DEFINITIONAL_REPRESENTATION('',(#4325),#4329);
#4325 = LINE('',#4326,#4327);
#4326 = CARTESIAN_POINT('',(0.,0.));
#4327 = VECTOR('',#4328,1.);
#4328 = DIRECTION('',(1.,0.));
#4329 = ( GEOMETRIC_REPRESENTATION_CONTEXT(2) 
PARAMETRIC_REPRESENTATION_CONTEXT() REPRESENTATION_CONTEXT('2D SPACE',''
  ) );
#4330 = PCURVE('',#4331,#4336);
#4331 = PLANE('',#4332);
#4332 = AXIS2_PLACEMENT_3D('',#4333,#4334,#4335);
#4333 = CARTESIAN_POINT('',(44.9,-8.5,0.));
#4334 = DIRECTION('',(1.,0.,0.));
#4335 = DIRECTION('',(0.,1.,0.));
#4336 = DEFINITIONAL_REPRESENTATION('',(#4337),#4341);
#4337 = ELLIPSE('',#4338,8.17,7.48);
#4338 = AXIS2_PLACEMENT_2D('',#4339,#4340);
#4339 = CARTESIAN_POINT('',(0.,0.));
#4340 = DIRECTION('',(1.,0.));
#4341 = ( GEOMETRIC_REPRESENTATION_CONTEXT(2) 
PARAMETRIC_REPRESENTATION_CONTEXT() REPRESENTATION_CONTEXT('2D SPACE',''
  ) );
#4342 = ORIENTED_EDGE('',*,*,#4343,.F.);
#4343 = EDGE_CURVE('',#4344,#4315,#4346,.T.);
#4344 = VERTEX_POINT('',#4345);
#4345 = CARTESIAN_POINT('',(52.794171532089,-15.98,-2.104983568096));
#4346 = SURFACE_CURVE('',#4347,(#4364,#4384),.PCURVE_S1.);
#4347 = B_SPLINE_CURVE_WITH_KNOTS('',8,(#4348,#4349,#4350,#4351,#4352,
    #4353,#4354,#4355,#4356,#4357,#4358,#4359,#4360,#4361,#4362,#4363),
  .UNSPECIFIED.,.F.,.F.,(9,7,9),(0.,0.906077970802,1.),.UNSPECIFIED.);
#4348 = CARTESIAN_POINT('',(53.07,-15.98,-2.066538575877));
#4349 = CARTESIAN_POINT('',(52.147600398336,-15.98,-2.196271203946));
#4350 = CARTESIAN_POINT('',(51.223947067286,-15.98,-2.317081654666));
#4351 = CARTESIAN_POINT('',(50.29940223689,-15.98,-2.431162896767));
#4352 = CARTESIAN_POINT('',(49.374174303685,-15.98,-2.539655816996));
#4353 = CARTESIAN_POINT('',(48.448418157824,-15.98,-2.643460309364));
#4354 = CARTESIAN_POINT('',(47.522229201329,-15.98,-2.743192834516));
#4355 = CARTESIAN_POINT('',(46.595666269929,-15.98,-2.839364261825));
#4356 = CARTESIAN_POINT('',(45.57266833874,-15.98,-2.942016328999));
#4357 = CARTESIAN_POINT('',(45.4765828228,-15.98,-2.951623630968));
#4358 = CARTESIAN_POINT('',(45.380493892343,-15.98,-2.961197389389));
#4359 = CARTESIAN_POINT('',(45.28440160555,-15.98,-2.970738038731));
#4360 = CARTESIAN_POINT('',(45.188306018927,-15.98,-2.980246002997));
#4361 = CARTESIAN_POINT('',(45.092207187305,-15.98,-2.989721695725));
#4362 = CARTESIAN_POINT('',(44.996105163836,-15.98,-2.999165519985));
#4363 = CARTESIAN_POINT('',(44.9,-15.98,-3.008577868386));
#4364 = PCURVE('',#2557,#4365);
#4365 = DEFINITIONAL_REPRESENTATION('',(#4366),#4383);
#4366 = B_SPLINE_CURVE_WITH_KNOTS('',8,(#4367,#4368,#4369,#4370,#4371,
    #4372,#4373,#4374,#4375,#4376,#4377,#4378,#4379,#4380,#4381,#4382),
  .UNSPECIFIED.,.F.,.F.,(9,7,9),(0.,0.906077970802,1.),.UNSPECIFIED.);
#4367 = CARTESIAN_POINT('',(3.432299675442,0.317898832685));
#4368 = CARTESIAN_POINT('',(3.449815747652,0.282007797601));
#4369 = CARTESIAN_POINT('',(3.465974040768,0.246067979272));
#4370 = CARTESIAN_POINT('',(3.481095922987,0.210093472253));
#4371 = CARTESIAN_POINT('',(3.495351873925,0.174092385357));
#4372 = CARTESIAN_POINT('',(3.508873618661,0.138070745441));
#4373 = CARTESIAN_POINT('',(3.521754742173,0.102032264643));
#4374 = CARTESIAN_POINT('',(3.534070870339,6.597923229297E-02));
#4375 = CARTESIAN_POINT('',(3.547106746888,2.617386532061E-02));
#4376 = CARTESIAN_POINT('',(3.548325677078,2.243512929185E-02));
#4377 = CARTESIAN_POINT('',(3.549539248368,1.869626040245E-02));
#4378 = CARTESIAN_POINT('',(3.550747526099,1.495726091634E-02));
#4379 = CARTESIAN_POINT('',(3.55195057407,1.121813303218E-02));
#4380 = CARTESIAN_POINT('',(3.553148454536,7.478878883444E-03));
#4381 = CARTESIAN_POINT('',(3.554341228204,3.739500538377E-03));
#4382 = CARTESIAN_POINT('',(3.555528954241,0.));
#4383 = ( GEOMETRIC_REPRESENTATION_CONTEXT(2) 
PARAMETRIC_REPRESENTATION_CONTEXT() REPRESENTATION_CONTEXT('2D SPACE',''
  ) );
#4384 = PCURVE('',#4150,#4385);
#4385 = DEFINITIONAL_REPRESENTATION('',(#4386),#4403);
#4386 = B_SPLINE_CURVE_WITH_KNOTS('',8,(#4387,#4388,#4389,#4390,#4391,
    #4392,#4393,#4394,#4395,#4396,#4397,#4398,#4399,#4400,#4401,#4402),
  .UNSPECIFIED.,.F.,.F.,(9,7,9),(0.,0.906077970802,1.),.UNSPECIFIED.);
#4387 = CARTESIAN_POINT('',(-2.066538575877,8.17));
#4388 = CARTESIAN_POINT('',(-2.196271203946,7.247600398336));
#4389 = CARTESIAN_POINT('',(-2.317081654666,6.323947067286));
#4390 = CARTESIAN_POINT('',(-2.431162896767,5.39940223689));
#4391 = CARTESIAN_POINT('',(-2.539655816996,4.474174303685));
#4392 = CARTESIAN_POINT('',(-2.643460309364,3.548418157824));
#4393 = CARTESIAN_POINT('',(-2.743192834516,2.622229201329));
#4394 = CARTESIAN_POINT('',(-2.839364261825,1.695666269929));
#4395 = CARTESIAN_POINT('',(-2.942016328999,0.67266833874));
#4396 = CARTESIAN_POINT('',(-2.951623630968,0.5765828228));
#4397 = CARTESIAN_POINT('',(-2.961197389389,0.480493892343));
#4398 = CARTESIAN_POINT('',(-2.970738038731,0.38440160555));
#4399 = CARTESIAN_POINT('',(-2.980246002997,0.288306018927));
#4400 = CARTESIAN_POINT('',(-2.989721695725,0.192207187305));
#4401 = CARTESIAN_POINT('',(-2.999165519985,9.610516383628E-02));
#4402 = CARTESIAN_POINT('',(-3.008577868386,0.));
#4403 = ( GEOMETRIC_REPRESENTATION_CONTEXT(2) 
PARAMETRIC_REPRESENTATION_CONTEXT() REPRESENTATION_CONTEXT('2D SPACE',''
  ) );
#4404 = ORIENTED_EDGE('',*,*,#4405,.F.);
#4405 = EDGE_CURVE('',#2536,#4344,#4406,.T.);
#4406 = SURFACE_CURVE('',#4407,(#4480,#4556),.PCURVE_S1.);
#4407 = B_SPLINE_CURVE_WITH_KNOTS('',8,(#4408,#4409,#4410,#4411,#4412,
    #4413,#4414,#4415,#4416,#4417,#4418,#4419,#4420,#4421,#4422,#4423,
    #4424,#4425,#4426,#4427,#4428,#4429,#4430,#4431,#4432,#4433,#4434,
    #4435,#4436,#4437,#4438,#4439,#4440,#4441,#4442,#4443,#4444,#4445,
    #4446,#4447,#4448,#4449,#4450,#4451,#4452,#4453,#4454,#4455,#4456,
    #4457,#4458,#4459,#4460,#4461,#4462,#4463,#4464,#4465,#4466,#4467,
    #4468,#4469,#4470,#4471,#4472,#4473,#4474,#4475,#4476,#4477,#4478,
    #4479),.UNSPECIFIED.,.F.,.F.,(9,7,7,7,7,7,7,7,7,7,9),(0.,
    7.674438409362E-02,0.177122708526,0.281637356725,0.412375817343,
    0.501436667468,0.587124959611,0.718195150153,0.820237187768,
    0.922855311428,1.),.UNSPECIFIED.);
#4408 = CARTESIAN_POINT('',(52.794172028692,-1.0199994,-2.104981705718)
  );
#4409 = CARTESIAN_POINT('',(52.734566854423,-1.091094813633,
    -2.328515002092));
#4410 = CARTESIAN_POINT('',(52.668879695478,-1.169600831393,
    -2.545798956046));
#4411 = CARTESIAN_POINT('',(52.597717745016,-1.25485452408,
    -2.756525180201));
#4412 = CARTESIAN_POINT('',(52.521678267817,-1.346209128104,
    -2.960531316831));
#4413 = CARTESIAN_POINT('',(52.441325428837,-1.443059314797,
    -3.157771029523));
#4414 = CARTESIAN_POINT('',(52.357173033063,-1.544861012714,
    -3.348290323999));
#4415 = CARTESIAN_POINT('',(52.269673176704,-1.651145782898,
    -3.532210198097));
#4416 = CARTESIAN_POINT('',(52.060889958831,-1.905907182774,
    -3.941885011945));
#4417 = CARTESIAN_POINT('',(51.937547872655,-2.057240228033,
    -4.162988953978));
#4418 = CARTESIAN_POINT('',(51.810043086974,-2.214671864756,
    -4.373469115346));
#4419 = CARTESIAN_POINT('',(51.67913702809,-2.377472488095,
    -4.573742102461));
#4420 = CARTESIAN_POINT('',(51.545502947938,-2.545030537473,
    -4.764217405376));
#4421 = CARTESIAN_POINT('',(51.409734145926,-2.716849295089,
    -4.945305885321));
#4422 = CARTESIAN_POINT('',(51.272351477494,-2.892549851972,
    -5.117418804239));
#4423 = CARTESIAN_POINT('',(50.989559901612,-3.258600359563,
    -5.451234978769));
#4424 = CARTESIAN_POINT('',(50.844102565337,-3.449192537445,
    -5.612160012272));
#4425 = CARTESIAN_POINT('',(50.69797738872,-3.643336433817,
    -5.764168456732));
#4426 = CARTESIAN_POINT('',(50.551715593818,-3.840773031358,
    -5.907620928841));
#4427 = CARTESIAN_POINT('',(50.405852280343,-4.041300210227,
    -6.042824998584));
#4428 = CARTESIAN_POINT('',(50.260943715643,-4.244773799747,
    -6.170048342959));
#4429 = CARTESIAN_POINT('',(50.117590010912,-4.451114108382,
    -6.289522756909));
#4430 = CARTESIAN_POINT('',(49.799926167331,-4.922013171175,
    -6.541436240941));
#4431 = CARTESIAN_POINT('',(49.626990358253,-5.188016615695,
    -6.669514558176));
#4432 = CARTESIAN_POINT('',(49.458880212158,-5.45843814425,
    -6.786143021597));
#4433 = CARTESIAN_POINT('',(49.297154078592,-5.733361004013,
    -6.891539777127));
#4434 = CARTESIAN_POINT('',(49.143797988471,-6.012851364511,
    -6.985754413293));
#4435 = CARTESIAN_POINT('',(49.001289302693,-6.296970475655,
    -7.068705536292));
#4436 = CARTESIAN_POINT('',(48.872747993681,-6.585819279199,
    -7.14017436183));
#4437 = CARTESIAN_POINT('',(48.685832233083,-7.079464227113,
    -7.240425430143));
#4438 = CARTESIAN_POINT('',(48.618159589044,-7.281681369894,
    -7.275548625886));
#4439 = CARTESIAN_POINT('',(48.559685488205,-7.485945174482,
    -7.305030088869));
#4440 = CARTESIAN_POINT('',(48.51157658707,-7.69203158792,
    -7.328711810584));
#4441 = CARTESIAN_POINT('',(48.474963003625,-7.899634843997,
    -7.346437405999));
#4442 = CARTESIAN_POINT('',(48.450740760429,-8.108347965722,
    -7.358074091282));
#4443 = CARTESIAN_POINT('',(48.439372090866,-8.317641009488,
    -7.363541793814));
#4444 = CARTESIAN_POINT('',(48.442194069398,-8.728130716107,
    -7.362184698331));
#4445 = CARTESIAN_POINT('',(48.455433537335,-8.929387754006,
    -7.355817368641));
#4446 = CARTESIAN_POINT('',(48.480500700379,-9.130035653693,
    -7.343751086397));
#4447 = CARTESIAN_POINT('',(48.51693682367,-9.329610595137,
    -7.326062950713));
#4448 = CARTESIAN_POINT('',(48.563926817979,-9.52775550943,
    -7.302873522528));
#4449 = CARTESIAN_POINT('',(48.620464838146,-9.724202689834,
    -7.274322357624));
#4450 = CARTESIAN_POINT('',(48.685514938466,-9.918758203455,
    -7.240549137013));
#4451 = CARTESIAN_POINT('',(48.869052930612,-10.40580347959,
    -7.142224501919));
#4452 = CARTESIAN_POINT('',(48.997569147512,-10.69551557069,
    -7.070860408943));
#4453 = CARTESIAN_POINT('',(49.140192587614,-10.98047283087,
    -6.987949279595));
#4454 = CARTESIAN_POINT('',(49.293767181593,-11.26077549698,
    -6.893714562354));
#4455 = CARTESIAN_POINT('',(49.455788020262,-11.53648458134,
    -6.788240708504));
#4456 = CARTESIAN_POINT('',(49.624248259173,-11.80766706576,
    -6.671479869316));
#4457 = CARTESIAN_POINT('',(49.797574820023,-12.07440812804,
    -6.543213564263));
#4458 = CARTESIAN_POINT('',(50.112300792508,-12.54111682999,
    -6.293784362131));
#4459 = CARTESIAN_POINT('',(50.252199044507,-12.74268493334,
    -6.177395321098));
#4460 = CARTESIAN_POINT('',(50.393600822173,-12.94152093271,
    -6.053625194717));
#4461 = CARTESIAN_POINT('',(50.535944952168,-13.13755196972,
    -5.922260061412));
#4462 = CARTESIAN_POINT('',(50.67871132616,-13.33064705764,
    -5.78305299419));
#4463 = CARTESIAN_POINT('',(50.821400630488,-13.5206229214,
    -5.635720459841));
#4464 = CARTESIAN_POINT('',(50.963518833674,-13.70724510674,
    -5.479930839666));
#4465 = CARTESIAN_POINT('',(51.246410324784,-14.07423663419,
    -5.149709783617));
#4466 = CARTESIAN_POINT('',(51.387123679678,-14.25450306075,
    -4.975233046012));
#4467 = CARTESIAN_POINT('',(51.526225035312,-14.43076669597,
    -4.791430657042));
#4468 = CARTESIAN_POINT('',(51.663163825554,-14.60263337623,
    -4.5978660654));
#4469 = CARTESIAN_POINT('',(51.797312584461,-14.76958203652,
    -4.394102106897));
#4470 = CARTESIAN_POINT('',(51.927958343906,-14.93096797874,
    -4.179701877225));
#4471 = CARTESIAN_POINT('',(52.054293223669,-15.08601908873,
    -3.954218740909));
#4472 = CARTESIAN_POINT('',(52.266451187961,-15.34494027793,
    -3.538974704888));
#4473 = CARTESIAN_POINT('',(52.354517080654,-15.45192585929,
    -3.354297008946));
#4474 = CARTESIAN_POINT('',(52.439212293258,-15.55439362064,
    -3.16295335289));
#4475 = CARTESIAN_POINT('',(52.52007868963,-15.65186908268,
    -2.964819584998));
#4476 = CARTESIAN_POINT('',(52.596595092471,-15.74380049295,
    -2.759847665865));
#4477 = CARTESIAN_POINT('',(52.668188838998,-15.82957348209,
    -2.548083382261));
#4478 = CARTESIAN_POINT('',(52.734253396121,-15.90853129546,
    -2.32969054654));
#4479 = CARTESIAN_POINT('',(52.794172035119,-15.9800006,-2.104981681619)
  );
#4480 = PCURVE('',#2557,#4481);
#4481 = DEFINITIONAL_REPRESENTATION('',(#4482),#4555);
#4482 = B_SPLINE_CURVE_WITH_KNOTS('',8,(#4483,#4484,#4485,#4486,#4487,
    #4488,#4489,#4490,#4491,#4492,#4493,#4494,#4495,#4496,#4497,#4498,
    #4499,#4500,#4501,#4502,#4503,#4504,#4505,#4506,#4507,#4508,#4509,
    #4510,#4511,#4512,#4513,#4514,#4515,#4516,#4517,#4518,#4519,#4520,
    #4521,#4522,#4523,#4524,#4525,#4526,#4527,#4528,#4529,#4530,#4531,
    #4532,#4533,#4534,#4535,#4536,#4537,#4538,#4539,#4540,#4541,#4542,
    #4543,#4544,#4545,#4546,#4547,#4548,#4549,#4550,#4551,#4552,#4553,
    #4554),.UNSPECIFIED.,.F.,.F.,(9,7,7,7,7,7,7,7,7,7,9),(0.,
    7.674438409362E-02,0.177122708526,0.281637356725,0.412375817343,
    0.501436667468,0.587124959611,0.718195150153,0.820237187768,
    0.922855311428,1.),.UNSPECIFIED.);
#4483 = CARTESIAN_POINT('',(5.98729374299,0.307166226797));
#4484 = CARTESIAN_POINT('',(5.955005224732,0.304846959316));
#4485 = CARTESIAN_POINT('',(5.923287167738,0.302291038735));
#4486 = CARTESIAN_POINT('',(5.89215710537,0.299522091246));
#4487 = CARTESIAN_POINT('',(5.86161953166,0.296563356724));
#4488 = CARTESIAN_POINT('',(5.831668757354,0.293436787114));
#4489 = CARTESIAN_POINT('',(5.802290631021,0.290162374827));
#4490 = CARTESIAN_POINT('',(5.773463125247,0.286757711156));
#4491 = CARTESIAN_POINT('',(5.708131018894,0.278633850538));
#4492 = CARTESIAN_POINT('',(5.672010784796,0.273834547574));
#4493 = CARTESIAN_POINT('',(5.636723738531,0.268873271867));
#4494 = CARTESIAN_POINT('',(5.602207394167,0.263779650898));
#4495 = CARTESIAN_POINT('',(5.568403197225,0.258579881243));
#4496 = CARTESIAN_POINT('',(5.535252744668,0.25329704848));
#4497 = CARTESIAN_POINT('',(5.502695154572,0.247951419358));
#4498 = CARTESIAN_POINT('',(5.43731616303,0.236947856094));
#4499 = CARTESIAN_POINT('',(5.404550338792,0.231288037562));
#4500 = CARTESIAN_POINT('',(5.372299731768,0.225602233024));
#4501 = CARTESIAN_POINT('',(5.340504847304,0.2199111126));
#4502 = CARTESIAN_POINT('',(5.309111192513,0.21423549729));
#4503 = CARTESIAN_POINT('',(5.278065967951,0.208597031737));
#4504 = CARTESIAN_POINT('',(5.247315335535,0.203019066572));
#4505 = CARTESIAN_POINT('',(5.178633142482,0.190658605733));
#4506 = CARTESIAN_POINT('',(5.140860866883,0.183929585924));
#4507 = CARTESIAN_POINT('',(5.103354225727,0.177388335103));
#4508 = CARTESIAN_POINT('',(5.066007843361,0.171095489439));
#4509 = CARTESIAN_POINT('',(5.028728654724,0.1651283264));
#4510 = CARTESIAN_POINT('',(4.9914292267,0.15958324135));
#4511 = CARTESIAN_POINT('',(4.954017493672,0.154581633995));
#4512 = CARTESIAN_POINT('',(4.890780435279,0.147308647202));
#4513 = CARTESIAN_POINT('',(4.865065997285,0.144675470391));
#4514 = CARTESIAN_POINT('',(4.83925278821,0.142400213549));
#4515 = CARTESIAN_POINT('',(4.81334096954,0.14052827187));
#4516 = CARTESIAN_POINT('',(4.787338526228,0.139103618818));
#4517 = CARTESIAN_POINT('',(4.76126346308,0.138161119083));
#4518 = CARTESIAN_POINT('',(4.735147219103,0.137718758399));
#4519 = CARTESIAN_POINT('',(4.683918507383,0.137828563012));
#4520 = CARTESIAN_POINT('',(4.658798750482,0.138343717406));
#4521 = CARTESIAN_POINT('',(4.633721192451,0.1393190934));
#4522 = CARTESIAN_POINT('',(4.608713024587,0.140736841388));
#4523 = CARTESIAN_POINT('',(4.583789815975,0.142565245836));
#4524 = CARTESIAN_POINT('',(4.558958215786,0.144765168799));
#4525 = CARTESIAN_POINT('',(4.534217670113,0.147296301108));
#4526 = CARTESIAN_POINT('',(4.471844734524,0.154437857222));
#4527 = CARTESIAN_POINT('',(4.434333613065,0.15943848823));
#4528 = CARTESIAN_POINT('',(4.396937146491,0.164988038429));
#4529 = CARTESIAN_POINT('',(4.359562741126,0.170963703564));
#4530 = CARTESIAN_POINT('',(4.322122453262,0.177268016353));
#4531 = CARTESIAN_POINT('',(4.28452257797,0.183822889462));
#4532 = CARTESIAN_POINT('',(4.24665690172,0.19056711362));
#4533 = CARTESIAN_POINT('',(4.178603366402,0.202813260409));
#4534 = CARTESIAN_POINT('',(4.148587580354,0.20825677216));
#4535 = CARTESIAN_POINT('',(4.118292726747,0.213758786855));
#4536 = CARTESIAN_POINT('',(4.087668760103,0.219297468956));
#4537 = CARTESIAN_POINT('',(4.056666534765,0.224852580784));
#4538 = CARTESIAN_POINT('',(4.025235376844,0.230404693793));
#4539 = CARTESIAN_POINT('',(3.993320170223,0.235934584968));
#4540 = CARTESIAN_POINT('',(3.928212475158,0.246942035984));
#4541 = CARTESIAN_POINT('',(3.895024631241,0.252417263801));
#4542 = CARTESIAN_POINT('',(3.861225338999,0.257829767911));
#4543 = CARTESIAN_POINT('',(3.826749797234,0.263158125508));
#4544 = CARTESIAN_POINT('',(3.791535882309,0.268377921574));
#4545 = CARTESIAN_POINT('',(3.755521224262,0.27346141416));
#4546 = CARTESIAN_POINT('',(3.718638966172,0.278377168236));
#4547 = CARTESIAN_POINT('',(3.652375382263,0.286632341944));
#4548 = CARTESIAN_POINT('',(3.623413752505,0.290059030376));
#4549 = CARTESIAN_POINT('',(3.593896256907,0.29335456394));
#4550 = CARTESIAN_POINT('',(3.563800406412,0.296501116328));
#4551 = CARTESIAN_POINT('',(3.533111711861,0.299478408267));
#4552 = CARTESIAN_POINT('',(3.501824274892,0.302264157159));
#4553 = CARTESIAN_POINT('',(3.469942541372,0.304834762495));
#4554 = CARTESIAN_POINT('',(3.437484217357,0.307166227047));
#4555 = ( GEOMETRIC_REPRESENTATION_CONTEXT(2) 
PARAMETRIC_REPRESENTATION_CONTEXT() REPRESENTATION_CONTEXT('2D SPACE',''
  ) );
#4556 = PCURVE('',#4027,#4557);
#4557 = DEFINITIONAL_REPRESENTATION('',(#4558),#4631);
#4558 = B_SPLINE_CURVE_WITH_KNOTS('',8,(#4559,#4560,#4561,#4562,#4563,
    #4564,#4565,#4566,#4567,#4568,#4569,#4570,#4571,#4572,#4573,#4574,
    #4575,#4576,#4577,#4578,#4579,#4580,#4581,#4582,#4583,#4584,#4585,
    #4586,#4587,#4588,#4589,#4590,#4591,#4592,#4593,#4594,#4595,#4596,
    #4597,#4598,#4599,#4600,#4601,#4602,#4603,#4604,#4605,#4606,#4607,
    #4608,#4609,#4610,#4611,#4612,#4613,#4614,#4615,#4616,#4617,#4618,
    #4619,#4620,#4621,#4622,#4623,#4624,#4625,#4626,#4627,#4628,#4629,
    #4630),.UNSPECIFIED.,.F.,.F.,(9,7,7,7,7,7,7,7,7,7,9),(0.,
    7.674438409362E-02,0.177122708526,0.281637356725,0.412375817343,
    0.501436667468,0.587124959611,0.718195150153,0.820237187768,
    0.922855311428,1.),.UNSPECIFIED.);
#4559 = CARTESIAN_POINT('',(1.831383245151,14.9600006));
#4560 = CARTESIAN_POINT('',(1.859699488522,14.888905186367));
#4561 = CARTESIAN_POINT('',(1.887468431828,14.810399168607));
#4562 = CARTESIAN_POINT('',(1.914669106162,14.72514547592));
#4563 = CARTESIAN_POINT('',(1.941292353844,14.633790871897));
#4564 = CARTESIAN_POINT('',(1.967338192045,14.536940685203));
#4565 = CARTESIAN_POINT('',(1.992814097403,14.435138987286));
#4566 = CARTESIAN_POINT('',(2.017734211638,14.328854217102));
#4567 = CARTESIAN_POINT('',(2.07401432559,14.074092817226));
#4568 = CARTESIAN_POINT('',(2.10498153406,13.922759771967));
#4569 = CARTESIAN_POINT('',(2.135070924167,13.765328135244));
#4570 = CARTESIAN_POINT('',(2.164323094907,13.602527511905));
#4571 = CARTESIAN_POINT('',(2.192773449795,13.434969462527));
#4572 = CARTESIAN_POINT('',(2.220454719436,13.263150704911));
#4573 = CARTESIAN_POINT('',(2.247397970571,13.087450148028));
#4574 = CARTESIAN_POINT('',(2.300947271324,12.721399640437));
#4575 = CARTESIAN_POINT('',(2.327484497297,12.530807462555));
#4576 = CARTESIAN_POINT('',(2.353272847205,12.336663566183));
#4577 = CARTESIAN_POINT('',(2.378327675162,12.139226968642));
#4578 = CARTESIAN_POINT('',(2.402653038535,11.938699789773));
#4579 = CARTESIAN_POINT('',(2.42624228197,11.735226200253));
#4580 = CARTESIAN_POINT('',(2.449076788588,11.528885891618));
#4581 = CARTESIAN_POINT('',(2.498700606376,11.057986828825));
#4582 = CARTESIAN_POINT('',(2.52502647772,10.791983384305));
#4583 = CARTESIAN_POINT('',(2.550050708236,10.52156185575));
#4584 = CARTESIAN_POINT('',(2.573660244089,10.246638995987));
#4585 = CARTESIAN_POINT('',(2.59567700248,9.967148635489));
#4586 = CARTESIAN_POINT('',(2.615853076097,9.683029524345));
#4587 = CARTESIAN_POINT('',(2.633852685081,9.394180720801));
#4588 = CARTESIAN_POINT('',(2.65981391219,8.900535772887));
#4589 = CARTESIAN_POINT('',(2.669145311602,8.698318630106));
#4590 = CARTESIAN_POINT('',(2.677159890479,8.494054825518));
#4591 = CARTESIAN_POINT('',(2.683722813934,8.28796841208));
#4592 = CARTESIAN_POINT('',(2.688701821875,8.080365156003));
#4593 = CARTESIAN_POINT('',(2.691990988794,7.871652034278));
#4594 = CARTESIAN_POINT('',(2.693535071659,7.662358990512));
#4595 = CARTESIAN_POINT('',(2.693151799085,7.251869283893));
#4596 = CARTESIAN_POINT('',(2.69135363226,7.050612245994));
#4597 = CARTESIAN_POINT('',(2.687948476338,6.849964346307));
#4598 = CARTESIAN_POINT('',(2.682991032346,6.650389404863));
#4599 = CARTESIAN_POINT('',(2.67657757888,6.45224449057));
#4600 = CARTESIAN_POINT('',(2.668825773928,6.255797310166));
#4601 = CARTESIAN_POINT('',(2.659855294782,6.061241796545));
#4602 = CARTESIAN_POINT('',(2.63436985269,5.574196520405));
#4603 = CARTESIAN_POINT('',(2.616379139015,5.284484429306));
#4604 = CARTESIAN_POINT('',(2.596193373744,4.999527169129));
#4605 = CARTESIAN_POINT('',(2.574152575864,4.71922450302));
#4606 = CARTESIAN_POINT('',(2.550507752737,4.443515418659));
#4607 = CARTESIAN_POINT('',(2.525439187688,4.172332934231));
#4608 = CARTESIAN_POINT('',(2.499061280589,3.905591871953));
#4609 = CARTESIAN_POINT('',(2.449908149497,3.438883170004));
#4610 = CARTESIAN_POINT('',(2.427639844751,3.237315066655));
#4611 = CARTESIAN_POINT('',(2.404651024185,3.038479067282));
#4612 = CARTESIAN_POINT('',(2.380959558152,2.842448030278));
#4613 = CARTESIAN_POINT('',(2.356572301244,2.649352942352));
#4614 = CARTESIAN_POINT('',(2.331486223071,2.459377078599));
#4615 = CARTESIAN_POINT('',(2.305687951273,2.272754893256));
#4616 = CARTESIAN_POINT('',(2.252465689947,1.905763365806));
#4617 = CARTESIAN_POINT('',(2.225042235955,1.725496939242));
#4618 = CARTESIAN_POINT('',(2.196851397921,1.549233304024));
#4619 = CARTESIAN_POINT('',(2.167860632652,1.377366623766));
#4620 = CARTESIAN_POINT('',(2.138035462074,1.21041796348));
#4621 = CARTESIAN_POINT('',(2.107338377819,1.049032021252));
#4622 = CARTESIAN_POINT('',(2.075726008918,0.893980911262));
#4623 = CARTESIAN_POINT('',(2.018650962115,0.635059722062));
#4624 = CARTESIAN_POINT('',(1.99361743602,0.52807414071));
#4625 = CARTESIAN_POINT('',(1.968022612529,0.425606379352));
#4626 = CARTESIAN_POINT('',(1.941852031695,0.328130917312));
#4627 = CARTESIAN_POINT('',(1.915097998665,0.236199507046));
#4628 = CARTESIAN_POINT('',(1.887760389765,0.150426517902));
#4629 = CARTESIAN_POINT('',(1.859848401449,7.146870453852E-02));
#4630 = CARTESIAN_POINT('',(1.831383242098,-6.E-07));
#4631 = ( GEOMETRIC_REPRESENTATION_CONTEXT(2) 
PARAMETRIC_REPRESENTATION_CONTEXT() REPRESENTATION_CONTEXT('2D SPACE',''
  ) );
#4632 = ADVANCED_FACE('',(#4633),#2608,.T.);
#4633 = FACE_BOUND('',#4634,.T.);
#4634 = EDGE_LOOP('',(#4635,#4636,#4658,#4659,#4682,#4706));
#4635 = ORIENTED_EDGE('',*,*,#2533,.T.);
#4636 = ORIENTED_EDGE('',*,*,#4637,.T.);
#4637 = EDGE_CURVE('',#2536,#3812,#4638,.T.);
#4638 = SURFACE_CURVE('',#4639,(#4644,#4651),.PCURVE_S1.);
#4639 = CIRCLE('',#4640,8.17);
#4640 = AXIS2_PLACEMENT_3D('',#4641,#4642,#4643);
#4641 = CARTESIAN_POINT('',(44.9,-1.02,0.));
#4642 = DIRECTION('',(0.,1.,0.));
#4643 = DIRECTION('',(0.96623886483,0.,-0.257647930501));
#4644 = PCURVE('',#2608,#4645);
#4645 = DEFINITIONAL_REPRESENTATION('',(#4646),#4650);
#4646 = CIRCLE('',#4647,8.17);
#4647 = AXIS2_PLACEMENT_2D('',#4648,#4649);
#4648 = CARTESIAN_POINT('',(0.,0.));
#4649 = DIRECTION('',(-0.257647930501,0.96623886483));
#4650 = ( GEOMETRIC_REPRESENTATION_CONTEXT(2) 
PARAMETRIC_REPRESENTATION_CONTEXT() REPRESENTATION_CONTEXT('2D SPACE',''
  ) );
#4651 = PCURVE('',#4027,#4652);
#4652 = DEFINITIONAL_REPRESENTATION('',(#4653),#4657);
#4653 = LINE('',#4654,#4655);
#4654 = CARTESIAN_POINT('',(1.831383484122,14.96));
#4655 = VECTOR('',#4656,1.);
#4656 = DIRECTION('',(1.,0.));
#4657 = ( GEOMETRIC_REPRESENTATION_CONTEXT(2) 
PARAMETRIC_REPRESENTATION_CONTEXT() REPRESENTATION_CONTEXT('2D SPACE',''
  ) );
#4658 = ORIENTED_EDGE('',*,*,#3811,.F.);
#4659 = ORIENTED_EDGE('',*,*,#4660,.F.);
#4660 = EDGE_CURVE('',#4661,#3783,#4663,.T.);
#4661 = VERTEX_POINT('',#4662);
#4662 = CARTESIAN_POINT('',(44.9,-1.02,1.6));
#4663 = SURFACE_CURVE('',#4664,(#4668,#4675),.PCURVE_S1.);
#4664 = LINE('',#4665,#4666);
#4665 = CARTESIAN_POINT('',(44.9,-1.02,0.));
#4666 = VECTOR('',#4667,1.);
#4667 = DIRECTION('',(0.,0.,1.));
#4668 = PCURVE('',#2608,#4669);
#4669 = DEFINITIONAL_REPRESENTATION('',(#4670),#4674);
#4670 = LINE('',#4671,#4672);
#4671 = CARTESIAN_POINT('',(0.,0.));
#4672 = VECTOR('',#4673,1.);
#4673 = DIRECTION('',(1.,0.));
#4674 = ( GEOMETRIC_REPRESENTATION_CONTEXT(2) 
PARAMETRIC_REPRESENTATION_CONTEXT() REPRESENTATION_CONTEXT('2D SPACE',''
  ) );
#4675 = PCURVE('',#3799,#4676);
#4676 = DEFINITIONAL_REPRESENTATION('',(#4677),#4681);
#4677 = LINE('',#4678,#4679);
#4678 = CARTESIAN_POINT('',(7.48,0.));
#4679 = VECTOR('',#4680,1.);
#4680 = DIRECTION('',(0.,1.));
#4681 = ( GEOMETRIC_REPRESENTATION_CONTEXT(2) 
PARAMETRIC_REPRESENTATION_CONTEXT() REPRESENTATION_CONTEXT('2D SPACE',''
  ) );
#4682 = ORIENTED_EDGE('',*,*,#4683,.F.);
#4683 = EDGE_CURVE('',#4684,#4661,#4686,.T.);
#4684 = VERTEX_POINT('',#4685);
#4685 = CARTESIAN_POINT('',(44.9,-1.02,-1.6));
#4686 = SURFACE_CURVE('',#4687,(#4692,#4699),.PCURVE_S1.);
#4687 = CIRCLE('',#4688,1.6);
#4688 = AXIS2_PLACEMENT_3D('',#4689,#4690,#4691);
#4689 = CARTESIAN_POINT('',(44.9,-1.02,0.));
#4690 = DIRECTION('',(0.,1.,0.));
#4691 = DIRECTION('',(0.,-0.,1.));
#4692 = PCURVE('',#2608,#4693);
#4693 = DEFINITIONAL_REPRESENTATION('',(#4694),#4698);
#4694 = CIRCLE('',#4695,1.6);
#4695 = AXIS2_PLACEMENT_2D('',#4696,#4697);
#4696 = CARTESIAN_POINT('',(0.,0.));
#4697 = DIRECTION('',(1.,0.));
#4698 = ( GEOMETRIC_REPRESENTATION_CONTEXT(2) 
PARAMETRIC_REPRESENTATION_CONTEXT() REPRESENTATION_CONTEXT('2D SPACE',''
  ) );
#4699 = PCURVE('',#2706,#4700);
#4700 = DEFINITIONAL_REPRESENTATION('',(#4701),#4705);
#4701 = LINE('',#4702,#4703);
#4702 = CARTESIAN_POINT('',(0.,22.44));
#4703 = VECTOR('',#4704,1.);
#4704 = DIRECTION('',(1.,0.));
#4705 = ( GEOMETRIC_REPRESENTATION_CONTEXT(2) 
PARAMETRIC_REPRESENTATION_CONTEXT() REPRESENTATION_CONTEXT('2D SPACE',''
  ) );
#4706 = ORIENTED_EDGE('',*,*,#4707,.F.);
#4707 = EDGE_CURVE('',#2534,#4684,#4708,.T.);
#4708 = SURFACE_CURVE('',#4709,(#4713,#4720),.PCURVE_S1.);
#4709 = LINE('',#4710,#4711);
#4710 = CARTESIAN_POINT('',(44.9,-1.02,0.));
#4711 = VECTOR('',#4712,1.);
#4712 = DIRECTION('',(0.,0.,1.));
#4713 = PCURVE('',#2608,#4714);
#4714 = DEFINITIONAL_REPRESENTATION('',(#4715),#4719);
#4715 = LINE('',#4716,#4717);
#4716 = CARTESIAN_POINT('',(0.,0.));
#4717 = VECTOR('',#4718,1.);
#4718 = DIRECTION('',(1.,0.));
#4719 = ( GEOMETRIC_REPRESENTATION_CONTEXT(2) 
PARAMETRIC_REPRESENTATION_CONTEXT() REPRESENTATION_CONTEXT('2D SPACE',''
  ) );
#4720 = PCURVE('',#2650,#4721);
#4721 = DEFINITIONAL_REPRESENTATION('',(#4722),#4726);
#4722 = LINE('',#4723,#4724);
#4723 = CARTESIAN_POINT('',(7.48,0.));
#4724 = VECTOR('',#4725,1.);
#4725 = DIRECTION('',(0.,1.));
#4726 = ( GEOMETRIC_REPRESENTATION_CONTEXT(2) 
PARAMETRIC_REPRESENTATION_CONTEXT() REPRESENTATION_CONTEXT('2D SPACE',''
  ) );
#4727 = ADVANCED_FACE('',(#4728),#4027,.T.);
#4728 = FACE_BOUND('',#4729,.T.);
#4729 = EDGE_LOOP('',(#4730,#4752,#4753,#4754));
#4730 = ORIENTED_EDGE('',*,*,#4731,.T.);
#4731 = EDGE_CURVE('',#4344,#3874,#4732,.T.);
#4732 = SURFACE_CURVE('',#4733,(#4738,#4745),.PCURVE_S1.);
#4733 = CIRCLE('',#4734,8.17);
#4734 = AXIS2_PLACEMENT_3D('',#4735,#4736,#4737);
#4735 = CARTESIAN_POINT('',(44.9,-15.98,0.));
#4736 = DIRECTION('',(0.,1.,0.));
#4737 = DIRECTION('',(0.966238865617,0.,-0.257647927552));
#4738 = PCURVE('',#4027,#4739);
#4739 = DEFINITIONAL_REPRESENTATION('',(#4740),#4744);
#4740 = LINE('',#4741,#4742);
#4741 = CARTESIAN_POINT('',(1.831383481069,0.));
#4742 = VECTOR('',#4743,1.);
#4743 = DIRECTION('',(1.,0.));
#4744 = ( GEOMETRIC_REPRESENTATION_CONTEXT(2) 
PARAMETRIC_REPRESENTATION_CONTEXT() REPRESENTATION_CONTEXT('2D SPACE',''
  ) );
#4745 = PCURVE('',#4150,#4746);
#4746 = DEFINITIONAL_REPRESENTATION('',(#4747),#4751);
#4747 = CIRCLE('',#4748,8.17);
#4748 = AXIS2_PLACEMENT_2D('',#4749,#4750);
#4749 = CARTESIAN_POINT('',(0.,0.));
#4750 = DIRECTION('',(-0.257647927552,0.966238865617));
#4751 = ( GEOMETRIC_REPRESENTATION_CONTEXT(2) 
PARAMETRIC_REPRESENTATION_CONTEXT() REPRESENTATION_CONTEXT('2D SPACE',''
  ) );
#4752 = ORIENTED_EDGE('',*,*,#3873,.T.);
#4753 = ORIENTED_EDGE('',*,*,#4637,.F.);
#4754 = ORIENTED_EDGE('',*,*,#4405,.T.);
#4755 = ADVANCED_FACE('',(#4756),#4150,.F.);
#4756 = FACE_BOUND('',#4757,.F.);
#4757 = EDGE_LOOP('',(#4758,#4759,#4760,#4761,#4784,#4808));
#4758 = ORIENTED_EDGE('',*,*,#4343,.F.);
#4759 = ORIENTED_EDGE('',*,*,#4731,.T.);
#4760 = ORIENTED_EDGE('',*,*,#4108,.F.);
#4761 = ORIENTED_EDGE('',*,*,#4762,.F.);
#4762 = EDGE_CURVE('',#4763,#4109,#4765,.T.);
#4763 = VERTEX_POINT('',#4764);
#4764 = CARTESIAN_POINT('',(44.9,-15.98,1.6));
#4765 = SURFACE_CURVE('',#4766,(#4770,#4777),.PCURVE_S1.);
#4766 = LINE('',#4767,#4768);
#4767 = CARTESIAN_POINT('',(44.9,-15.98,0.));
#4768 = VECTOR('',#4769,1.);
#4769 = DIRECTION('',(0.,0.,1.));
#4770 = PCURVE('',#4150,#4771);
#4771 = DEFINITIONAL_REPRESENTATION('',(#4772),#4776);
#4772 = LINE('',#4773,#4774);
#4773 = CARTESIAN_POINT('',(0.,0.));
#4774 = VECTOR('',#4775,1.);
#4775 = DIRECTION('',(1.,0.));
#4776 = ( GEOMETRIC_REPRESENTATION_CONTEXT(2) 
PARAMETRIC_REPRESENTATION_CONTEXT() REPRESENTATION_CONTEXT('2D SPACE',''
  ) );
#4777 = PCURVE('',#4192,#4778);
#4778 = DEFINITIONAL_REPRESENTATION('',(#4779),#4783);
#4779 = LINE('',#4780,#4781);
#4780 = CARTESIAN_POINT('',(-7.48,0.));
#4781 = VECTOR('',#4782,1.);
#4782 = DIRECTION('',(0.,1.));
#4783 = ( GEOMETRIC_REPRESENTATION_CONTEXT(2) 
PARAMETRIC_REPRESENTATION_CONTEXT() REPRESENTATION_CONTEXT('2D SPACE',''
  ) );
#4784 = ORIENTED_EDGE('',*,*,#4785,.F.);
#4785 = EDGE_CURVE('',#4786,#4763,#4788,.T.);
#4786 = VERTEX_POINT('',#4787);
#4787 = CARTESIAN_POINT('',(44.9,-15.98,-1.6));
#4788 = SURFACE_CURVE('',#4789,(#4794,#4801),.PCURVE_S1.);
#4789 = CIRCLE('',#4790,1.6);
#4790 = AXIS2_PLACEMENT_3D('',#4791,#4792,#4793);
#4791 = CARTESIAN_POINT('',(44.9,-15.98,0.));
#4792 = DIRECTION('',(0.,1.,0.));
#4793 = DIRECTION('',(0.,-0.,1.));
#4794 = PCURVE('',#4150,#4795);
#4795 = DEFINITIONAL_REPRESENTATION('',(#4796),#4800);
#4796 = CIRCLE('',#4797,1.6);
#4797 = AXIS2_PLACEMENT_2D('',#4798,#4799);
#4798 = CARTESIAN_POINT('',(0.,0.));
#4799 = DIRECTION('',(1.,0.));
#4800 = ( GEOMETRIC_REPRESENTATION_CONTEXT(2) 
PARAMETRIC_REPRESENTATION_CONTEXT() REPRESENTATION_CONTEXT('2D SPACE',''
  ) );
#4801 = PCURVE('',#2706,#4802);
#4802 = DEFINITIONAL_REPRESENTATION('',(#4803),#4807);
#4803 = LINE('',#4804,#4805);
#4804 = CARTESIAN_POINT('',(0.,7.48));
#4805 = VECTOR('',#4806,1.);
#4806 = DIRECTION('',(1.,0.));
#4807 = ( GEOMETRIC_REPRESENTATION_CONTEXT(2) 
PARAMETRIC_REPRESENTATION_CONTEXT() REPRESENTATION_CONTEXT('2D SPACE',''
  ) );
#4808 = ORIENTED_EDGE('',*,*,#4809,.F.);
#4809 = EDGE_CURVE('',#4315,#4786,#4810,.T.);
#4810 = SURFACE_CURVE('',#4811,(#4815,#4822),.PCURVE_S1.);
#4811 = LINE('',#4812,#4813);
#4812 = CARTESIAN_POINT('',(44.9,-15.98,0.));
#4813 = VECTOR('',#4814,1.);
#4814 = DIRECTION('',(0.,0.,1.));
#4815 = PCURVE('',#4150,#4816);
#4816 = DEFINITIONAL_REPRESENTATION('',(#4817),#4821);
#4817 = LINE('',#4818,#4819);
#4818 = CARTESIAN_POINT('',(0.,0.));
#4819 = VECTOR('',#4820,1.);
#4820 = DIRECTION('',(1.,0.));
#4821 = ( GEOMETRIC_REPRESENTATION_CONTEXT(2) 
PARAMETRIC_REPRESENTATION_CONTEXT() REPRESENTATION_CONTEXT('2D SPACE',''
  ) );
#4822 = PCURVE('',#4331,#4823);
#4823 = DEFINITIONAL_REPRESENTATION('',(#4824),#4828);
#4824 = LINE('',#4825,#4826);
#4825 = CARTESIAN_POINT('',(-7.48,0.));
#4826 = VECTOR('',#4827,1.);
#4827 = DIRECTION('',(0.,1.));
#4828 = ( GEOMETRIC_REPRESENTATION_CONTEXT(2) 
PARAMETRIC_REPRESENTATION_CONTEXT() REPRESENTATION_CONTEXT('2D SPACE',''
  ) );
#4829 = ADVANCED_FACE('',(#4830),#4331,.F.);
#4830 = FACE_BOUND('',#4831,.F.);
#4831 = EDGE_LOOP('',(#4832,#4833,#4854));
#4832 = ORIENTED_EDGE('',*,*,#4809,.T.);
#4833 = ORIENTED_EDGE('',*,*,#4834,.F.);
#4834 = EDGE_CURVE('',#4205,#4786,#4835,.T.);
#4835 = SURFACE_CURVE('',#4836,(#4840,#4847),.PCURVE_S1.);
#4836 = LINE('',#4837,#4838);
#4837 = CARTESIAN_POINT('',(44.9,-23.46,-1.6));
#4838 = VECTOR('',#4839,1.);
#4839 = DIRECTION('',(0.,1.,0.));
#4840 = PCURVE('',#4331,#4841);
#4841 = DEFINITIONAL_REPRESENTATION('',(#4842),#4846);
#4842 = LINE('',#4843,#4844);
#4843 = CARTESIAN_POINT('',(-14.96,-1.6));
#4844 = VECTOR('',#4845,1.);
#4845 = DIRECTION('',(1.,0.));
#4846 = ( GEOMETRIC_REPRESENTATION_CONTEXT(2) 
PARAMETRIC_REPRESENTATION_CONTEXT() REPRESENTATION_CONTEXT('2D SPACE',''
  ) );
#4847 = PCURVE('',#2706,#4848);
#4848 = DEFINITIONAL_REPRESENTATION('',(#4849),#4853);
#4849 = LINE('',#4850,#4851);
#4850 = CARTESIAN_POINT('',(3.14159265359,0.));
#4851 = VECTOR('',#4852,1.);
#4852 = DIRECTION('',(0.,1.));
#4853 = ( GEOMETRIC_REPRESENTATION_CONTEXT(2) 
PARAMETRIC_REPRESENTATION_CONTEXT() REPRESENTATION_CONTEXT('2D SPACE',''
  ) );
#4854 = ORIENTED_EDGE('',*,*,#4314,.T.);
#4855 = ADVANCED_FACE('',(#4856),#2706,.F.);
#4856 = FACE_BOUND('',#4857,.F.);
#4857 = EDGE_LOOP('',(#4858,#4859,#4880,#4901,#4922,#4923,#4924,#4925,
    #4926,#4927,#4948));
#4858 = ORIENTED_EDGE('',*,*,#3717,.F.);
#4859 = ORIENTED_EDGE('',*,*,#4860,.F.);
#4860 = EDGE_CURVE('',#4661,#3718,#4861,.T.);
#4861 = SURFACE_CURVE('',#4862,(#4866,#4873),.PCURVE_S1.);
#4862 = LINE('',#4863,#4864);
#4863 = CARTESIAN_POINT('',(44.9,-23.46,1.6));
#4864 = VECTOR('',#4865,1.);
#4865 = DIRECTION('',(0.,1.,0.));
#4866 = PCURVE('',#2706,#4867);
#4867 = DEFINITIONAL_REPRESENTATION('',(#4868),#4872);
#4868 = LINE('',#4869,#4870);
#4869 = CARTESIAN_POINT('',(0.,-0.));
#4870 = VECTOR('',#4871,1.);
#4871 = DIRECTION('',(0.,1.));
#4872 = ( GEOMETRIC_REPRESENTATION_CONTEXT(2) 
PARAMETRIC_REPRESENTATION_CONTEXT() REPRESENTATION_CONTEXT('2D SPACE',''
  ) );
#4873 = PCURVE('',#3799,#4874);
#4874 = DEFINITIONAL_REPRESENTATION('',(#4875),#4879);
#4875 = LINE('',#4876,#4877);
#4876 = CARTESIAN_POINT('',(-14.96,1.6));
#4877 = VECTOR('',#4878,1.);
#4878 = DIRECTION('',(1.,0.));
#4879 = ( GEOMETRIC_REPRESENTATION_CONTEXT(2) 
PARAMETRIC_REPRESENTATION_CONTEXT() REPRESENTATION_CONTEXT('2D SPACE',''
  ) );
#4880 = ORIENTED_EDGE('',*,*,#4881,.F.);
#4881 = EDGE_CURVE('',#4763,#4661,#4882,.T.);
#4882 = SEAM_CURVE('',#4883,(#4887,#4894),.PCURVE_S1.);
#4883 = LINE('',#4884,#4885);
#4884 = CARTESIAN_POINT('',(44.9,-23.46,1.6));
#4885 = VECTOR('',#4886,1.);
#4886 = DIRECTION('',(0.,1.,0.));
#4887 = PCURVE('',#2706,#4888);
#4888 = DEFINITIONAL_REPRESENTATION('',(#4889),#4893);
#4889 = LINE('',#4890,#4891);
#4890 = CARTESIAN_POINT('',(6.28318530718,-0.));
#4891 = VECTOR('',#4892,1.);
#4892 = DIRECTION('',(0.,1.));
#4893 = ( GEOMETRIC_REPRESENTATION_CONTEXT(2) 
PARAMETRIC_REPRESENTATION_CONTEXT() REPRESENTATION_CONTEXT('2D SPACE',''
  ) );
#4894 = PCURVE('',#2706,#4895);
#4895 = DEFINITIONAL_REPRESENTATION('',(#4896),#4900);
#4896 = LINE('',#4897,#4898);
#4897 = CARTESIAN_POINT('',(0.,-0.));
#4898 = VECTOR('',#4899,1.);
#4899 = DIRECTION('',(0.,1.));
#4900 = ( GEOMETRIC_REPRESENTATION_CONTEXT(2) 
PARAMETRIC_REPRESENTATION_CONTEXT() REPRESENTATION_CONTEXT('2D SPACE',''
  ) );
#4901 = ORIENTED_EDGE('',*,*,#4902,.F.);
#4902 = EDGE_CURVE('',#4176,#4763,#4903,.T.);
#4903 = SURFACE_CURVE('',#4904,(#4908,#4915),.PCURVE_S1.);
#4904 = LINE('',#4905,#4906);
#4905 = CARTESIAN_POINT('',(44.9,-23.46,1.6));
#4906 = VECTOR('',#4907,1.);
#4907 = DIRECTION('',(0.,1.,0.));
#4908 = PCURVE('',#2706,#4909);
#4909 = DEFINITIONAL_REPRESENTATION('',(#4910),#4914);
#4910 = LINE('',#4911,#4912);
#4911 = CARTESIAN_POINT('',(0.,-0.));
#4912 = VECTOR('',#4913,1.);
#4913 = DIRECTION('',(0.,1.));
#4914 = ( GEOMETRIC_REPRESENTATION_CONTEXT(2) 
PARAMETRIC_REPRESENTATION_CONTEXT() REPRESENTATION_CONTEXT('2D SPACE',''
  ) );
#4915 = PCURVE('',#4192,#4916);
#4916 = DEFINITIONAL_REPRESENTATION('',(#4917),#4921);
#4917 = LINE('',#4918,#4919);
#4918 = CARTESIAN_POINT('',(-14.96,1.6));
#4919 = VECTOR('',#4920,1.);
#4920 = DIRECTION('',(1.,0.));
#4921 = ( GEOMETRIC_REPRESENTATION_CONTEXT(2) 
PARAMETRIC_REPRESENTATION_CONTEXT() REPRESENTATION_CONTEXT('2D SPACE',''
  ) );
#4922 = ORIENTED_EDGE('',*,*,#4204,.T.);
#4923 = ORIENTED_EDGE('',*,*,#4834,.T.);
#4924 = ORIENTED_EDGE('',*,*,#4785,.T.);
#4925 = ORIENTED_EDGE('',*,*,#4881,.T.);
#4926 = ORIENTED_EDGE('',*,*,#4683,.F.);
#4927 = ORIENTED_EDGE('',*,*,#4928,.T.);
#4928 = EDGE_CURVE('',#4684,#2634,#4929,.T.);
#4929 = SURFACE_CURVE('',#4930,(#4934,#4941),.PCURVE_S1.);
#4930 = LINE('',#4931,#4932);
#4931 = CARTESIAN_POINT('',(44.9,-23.46,-1.6));
#4932 = VECTOR('',#4933,1.);
#4933 = DIRECTION('',(0.,1.,0.));
#4934 = PCURVE('',#2706,#4935);
#4935 = DEFINITIONAL_REPRESENTATION('',(#4936),#4940);
#4936 = LINE('',#4937,#4938);
#4937 = CARTESIAN_POINT('',(3.14159265359,0.));
#4938 = VECTOR('',#4939,1.);
#4939 = DIRECTION('',(0.,1.));
#4940 = ( GEOMETRIC_REPRESENTATION_CONTEXT(2) 
PARAMETRIC_REPRESENTATION_CONTEXT() REPRESENTATION_CONTEXT('2D SPACE',''
  ) );
#4941 = PCURVE('',#2650,#4942);
#4942 = DEFINITIONAL_REPRESENTATION('',(#4943),#4947);
#4943 = LINE('',#4944,#4945);
#4944 = CARTESIAN_POINT('',(-14.96,-1.6));
#4945 = VECTOR('',#4946,1.);
#4946 = DIRECTION('',(1.,0.));
#4947 = ( GEOMETRIC_REPRESENTATION_CONTEXT(2) 
PARAMETRIC_REPRESENTATION_CONTEXT() REPRESENTATION_CONTEXT('2D SPACE',''
  ) );
#4948 = ORIENTED_EDGE('',*,*,#2662,.T.);
#4949 = ADVANCED_FACE('',(#4950),#4192,.F.);
#4950 = FACE_BOUND('',#4951,.F.);
#4951 = EDGE_LOOP('',(#4952,#4953,#4954));
#4952 = ORIENTED_EDGE('',*,*,#4902,.T.);
#4953 = ORIENTED_EDGE('',*,*,#4762,.T.);
#4954 = ORIENTED_EDGE('',*,*,#4175,.T.);
#4955 = ADVANCED_FACE('',(#4956),#3799,.F.);
#4956 = FACE_BOUND('',#4957,.F.);
#4957 = EDGE_LOOP('',(#4958,#4959,#4960));
#4958 = ORIENTED_EDGE('',*,*,#4660,.F.);
#4959 = ORIENTED_EDGE('',*,*,#4860,.T.);
#4960 = ORIENTED_EDGE('',*,*,#3782,.T.);
#4961 = ADVANCED_FACE('',(#4962),#2798,.F.);
#4962 = FACE_BOUND('',#4963,.F.);
#4963 = EDGE_LOOP('',(#4964,#4987,#4988,#4989,#5012,#5034,#5057,#5081,
    #5102,#5103,#5124));
#4964 = ORIENTED_EDGE('',*,*,#4965,.T.);
#4965 = EDGE_CURVE('',#4966,#3625,#4968,.T.);
#4966 = VERTEX_POINT('',#4967);
#4967 = CARTESIAN_POINT('',(70.6,-1.87,1.6));
#4968 = SURFACE_CURVE('',#4969,(#4973,#4980),.PCURVE_S1.);
#4969 = LINE('',#4970,#4971);
#4970 = CARTESIAN_POINT('',(70.6,-21.76,1.6));
#4971 = VECTOR('',#4972,1.);
#4972 = DIRECTION('',(0.,1.,0.));
#4973 = PCURVE('',#2798,#4974);
#4974 = DEFINITIONAL_REPRESENTATION('',(#4975),#4979);
#4975 = LINE('',#4976,#4977);
#4976 = CARTESIAN_POINT('',(6.28318530718,-0.));
#4977 = VECTOR('',#4978,1.);
#4978 = DIRECTION('',(0.,1.));
#4979 = ( GEOMETRIC_REPRESENTATION_CONTEXT(2) 
PARAMETRIC_REPRESENTATION_CONTEXT() REPRESENTATION_CONTEXT('2D SPACE',''
  ) );
#4980 = PCURVE('',#3641,#4981);
#4981 = DEFINITIONAL_REPRESENTATION('',(#4982),#4986);
#4982 = LINE('',#4983,#4984);
#4983 = CARTESIAN_POINT('',(-13.26,1.6));
#4984 = VECTOR('',#4985,1.);
#4985 = DIRECTION('',(1.,0.));
#4986 = ( GEOMETRIC_REPRESENTATION_CONTEXT(2) 
PARAMETRIC_REPRESENTATION_CONTEXT() REPRESENTATION_CONTEXT('2D SPACE',''
  ) );
#4987 = ORIENTED_EDGE('',*,*,#3653,.T.);
#4988 = ORIENTED_EDGE('',*,*,#2754,.T.);
#4989 = ORIENTED_EDGE('',*,*,#4990,.F.);
#4990 = EDGE_CURVE('',#4991,#2755,#4993,.T.);
#4991 = VERTEX_POINT('',#4992);
#4992 = CARTESIAN_POINT('',(70.6,-1.87,-1.6));
#4993 = SURFACE_CURVE('',#4994,(#4998,#5005),.PCURVE_S1.);
#4994 = LINE('',#4995,#4996);
#4995 = CARTESIAN_POINT('',(70.6,-21.76,-1.6));
#4996 = VECTOR('',#4997,1.);
#4997 = DIRECTION('',(0.,1.,0.));
#4998 = PCURVE('',#2798,#4999);
#4999 = DEFINITIONAL_REPRESENTATION('',(#5000),#5004);
#5000 = LINE('',#5001,#5002);
#5001 = CARTESIAN_POINT('',(3.14159265359,0.));
#5002 = VECTOR('',#5003,1.);
#5003 = DIRECTION('',(0.,1.));
#5004 = ( GEOMETRIC_REPRESENTATION_CONTEXT(2) 
PARAMETRIC_REPRESENTATION_CONTEXT() REPRESENTATION_CONTEXT('2D SPACE',''
  ) );
#5005 = PCURVE('',#2841,#5006);
#5006 = DEFINITIONAL_REPRESENTATION('',(#5007),#5011);
#5007 = LINE('',#5008,#5009);
#5008 = CARTESIAN_POINT('',(-13.26,-1.6));
#5009 = VECTOR('',#5010,1.);
#5010 = DIRECTION('',(1.,0.));
#5011 = ( GEOMETRIC_REPRESENTATION_CONTEXT(2) 
PARAMETRIC_REPRESENTATION_CONTEXT() REPRESENTATION_CONTEXT('2D SPACE',''
  ) );
#5012 = ORIENTED_EDGE('',*,*,#5013,.F.);
#5013 = EDGE_CURVE('',#4966,#4991,#5014,.T.);
#5014 = SURFACE_CURVE('',#5015,(#5020,#5027),.PCURVE_S1.);
#5015 = CIRCLE('',#5016,1.6);
#5016 = AXIS2_PLACEMENT_3D('',#5017,#5018,#5019);
#5017 = CARTESIAN_POINT('',(70.6,-1.87,0.));
#5018 = DIRECTION('',(0.,1.,0.));
#5019 = DIRECTION('',(0.,-0.,1.));
#5020 = PCURVE('',#2798,#5021);
#5021 = DEFINITIONAL_REPRESENTATION('',(#5022),#5026);
#5022 = LINE('',#5023,#5024);
#5023 = CARTESIAN_POINT('',(0.,19.89));
#5024 = VECTOR('',#5025,1.);
#5025 = DIRECTION('',(1.,0.));
#5026 = ( GEOMETRIC_REPRESENTATION_CONTEXT(2) 
PARAMETRIC_REPRESENTATION_CONTEXT() REPRESENTATION_CONTEXT('2D SPACE',''
  ) );
#5027 = PCURVE('',#2879,#5028);
#5028 = DEFINITIONAL_REPRESENTATION('',(#5029),#5033);
#5029 = CIRCLE('',#5030,1.6);
#5030 = AXIS2_PLACEMENT_2D('',#5031,#5032);
#5031 = CARTESIAN_POINT('',(0.,0.));
#5032 = DIRECTION('',(1.,0.));
#5033 = ( GEOMETRIC_REPRESENTATION_CONTEXT(2) 
PARAMETRIC_REPRESENTATION_CONTEXT() REPRESENTATION_CONTEXT('2D SPACE',''
  ) );
#5034 = ORIENTED_EDGE('',*,*,#5035,.F.);
#5035 = EDGE_CURVE('',#5036,#4966,#5038,.T.);
#5036 = VERTEX_POINT('',#5037);
#5037 = CARTESIAN_POINT('',(70.6,-15.13,1.6));
#5038 = SEAM_CURVE('',#5039,(#5043,#5050),.PCURVE_S1.);
#5039 = LINE('',#5040,#5041);
#5040 = CARTESIAN_POINT('',(70.6,-21.76,1.6));
#5041 = VECTOR('',#5042,1.);
#5042 = DIRECTION('',(0.,1.,0.));
#5043 = PCURVE('',#2798,#5044);
#5044 = DEFINITIONAL_REPRESENTATION('',(#5045),#5049);
#5045 = LINE('',#5046,#5047);
#5046 = CARTESIAN_POINT('',(6.28318530718,-0.));
#5047 = VECTOR('',#5048,1.);
#5048 = DIRECTION('',(0.,1.));
#5049 = ( GEOMETRIC_REPRESENTATION_CONTEXT(2) 
PARAMETRIC_REPRESENTATION_CONTEXT() REPRESENTATION_CONTEXT('2D SPACE',''
  ) );
#5050 = PCURVE('',#2798,#5051);
#5051 = DEFINITIONAL_REPRESENTATION('',(#5052),#5056);
#5052 = LINE('',#5053,#5054);
#5053 = CARTESIAN_POINT('',(0.,-0.));
#5054 = VECTOR('',#5055,1.);
#5055 = DIRECTION('',(0.,1.));
#5056 = ( GEOMETRIC_REPRESENTATION_CONTEXT(2) 
PARAMETRIC_REPRESENTATION_CONTEXT() REPRESENTATION_CONTEXT('2D SPACE',''
  ) );
#5057 = ORIENTED_EDGE('',*,*,#5058,.T.);
#5058 = EDGE_CURVE('',#5036,#5059,#5061,.T.);
#5059 = VERTEX_POINT('',#5060);
#5060 = CARTESIAN_POINT('',(70.6,-15.13,-1.6));
#5061 = SURFACE_CURVE('',#5062,(#5067,#5074),.PCURVE_S1.);
#5062 = CIRCLE('',#5063,1.6);
#5063 = AXIS2_PLACEMENT_3D('',#5064,#5065,#5066);
#5064 = CARTESIAN_POINT('',(70.6,-15.13,0.));
#5065 = DIRECTION('',(0.,1.,0.));
#5066 = DIRECTION('',(0.,-0.,1.));
#5067 = PCURVE('',#2798,#5068);
#5068 = DEFINITIONAL_REPRESENTATION('',(#5069),#5073);
#5069 = LINE('',#5070,#5071);
#5070 = CARTESIAN_POINT('',(0.,6.63));
#5071 = VECTOR('',#5072,1.);
#5072 = DIRECTION('',(1.,0.));
#5073 = ( GEOMETRIC_REPRESENTATION_CONTEXT(2) 
PARAMETRIC_REPRESENTATION_CONTEXT() REPRESENTATION_CONTEXT('2D SPACE',''
  ) );
#5074 = PCURVE('',#3136,#5075);
#5075 = DEFINITIONAL_REPRESENTATION('',(#5076),#5080);
#5076 = CIRCLE('',#5077,1.6);
#5077 = AXIS2_PLACEMENT_2D('',#5078,#5079);
#5078 = CARTESIAN_POINT('',(0.,0.));
#5079 = DIRECTION('',(1.,0.));
#5080 = ( GEOMETRIC_REPRESENTATION_CONTEXT(2) 
PARAMETRIC_REPRESENTATION_CONTEXT() REPRESENTATION_CONTEXT('2D SPACE',''
  ) );
#5081 = ORIENTED_EDGE('',*,*,#5082,.F.);
#5082 = EDGE_CURVE('',#3154,#5059,#5083,.T.);
#5083 = SURFACE_CURVE('',#5084,(#5088,#5095),.PCURVE_S1.);
#5084 = LINE('',#5085,#5086);
#5085 = CARTESIAN_POINT('',(70.6,-21.76,-1.6));
#5086 = VECTOR('',#5087,1.);
#5087 = DIRECTION('',(0.,1.,0.));
#5088 = PCURVE('',#2798,#5089);
#5089 = DEFINITIONAL_REPRESENTATION('',(#5090),#5094);
#5090 = LINE('',#5091,#5092);
#5091 = CARTESIAN_POINT('',(3.14159265359,0.));
#5092 = VECTOR('',#5093,1.);
#5093 = DIRECTION('',(0.,1.));
#5094 = ( GEOMETRIC_REPRESENTATION_CONTEXT(2) 
PARAMETRIC_REPRESENTATION_CONTEXT() REPRESENTATION_CONTEXT('2D SPACE',''
  ) );
#5095 = PCURVE('',#3170,#5096);
#5096 = DEFINITIONAL_REPRESENTATION('',(#5097),#5101);
#5097 = LINE('',#5098,#5099);
#5098 = CARTESIAN_POINT('',(-13.26,-1.6));
#5099 = VECTOR('',#5100,1.);
#5100 = DIRECTION('',(1.,0.));
#5101 = ( GEOMETRIC_REPRESENTATION_CONTEXT(2) 
PARAMETRIC_REPRESENTATION_CONTEXT() REPRESENTATION_CONTEXT('2D SPACE',''
  ) );
#5102 = ORIENTED_EDGE('',*,*,#3182,.T.);
#5103 = ORIENTED_EDGE('',*,*,#5104,.T.);
#5104 = EDGE_CURVE('',#3183,#5036,#5105,.T.);
#5105 = SURFACE_CURVE('',#5106,(#5110,#5117),.PCURVE_S1.);
#5106 = LINE('',#5107,#5108);
#5107 = CARTESIAN_POINT('',(70.6,-21.76,1.6));
#5108 = VECTOR('',#5109,1.);
#5109 = DIRECTION('',(0.,1.,0.));
#5110 = PCURVE('',#2798,#5111);
#5111 = DEFINITIONAL_REPRESENTATION('',(#5112),#5116);
#5112 = LINE('',#5113,#5114);
#5113 = CARTESIAN_POINT('',(6.28318530718,-0.));
#5114 = VECTOR('',#5115,1.);
#5115 = DIRECTION('',(0.,1.));
#5116 = ( GEOMETRIC_REPRESENTATION_CONTEXT(2) 
PARAMETRIC_REPRESENTATION_CONTEXT() REPRESENTATION_CONTEXT('2D SPACE',''
  ) );
#5117 = PCURVE('',#3327,#5118);
#5118 = DEFINITIONAL_REPRESENTATION('',(#5119),#5123);
#5119 = LINE('',#5120,#5121);
#5120 = CARTESIAN_POINT('',(-13.26,1.6));
#5121 = VECTOR('',#5122,1.);
#5122 = DIRECTION('',(1.,0.));
#5123 = ( GEOMETRIC_REPRESENTATION_CONTEXT(2) 
PARAMETRIC_REPRESENTATION_CONTEXT() REPRESENTATION_CONTEXT('2D SPACE',''
  ) );
#5124 = ORIENTED_EDGE('',*,*,#5035,.T.);
#5125 = ADVANCED_FACE('',(#5126),#3641,.T.);
#5126 = FACE_BOUND('',#5127,.T.);
#5127 = EDGE_LOOP('',(#5128,#5149,#5150));
#5128 = ORIENTED_EDGE('',*,*,#5129,.F.);
#5129 = EDGE_CURVE('',#4966,#3587,#5130,.T.);
#5130 = SURFACE_CURVE('',#5131,(#5135,#5142),.PCURVE_S1.);
#5131 = LINE('',#5132,#5133);
#5132 = CARTESIAN_POINT('',(70.6,-1.87,0.));
#5133 = VECTOR('',#5134,1.);
#5134 = DIRECTION('',(0.,0.,1.));
#5135 = PCURVE('',#3641,#5136);
#5136 = DEFINITIONAL_REPRESENTATION('',(#5137),#5141);
#5137 = LINE('',#5138,#5139);
#5138 = CARTESIAN_POINT('',(6.63,0.));
#5139 = VECTOR('',#5140,1.);
#5140 = DIRECTION('',(0.,1.));
#5141 = ( GEOMETRIC_REPRESENTATION_CONTEXT(2) 
PARAMETRIC_REPRESENTATION_CONTEXT() REPRESENTATION_CONTEXT('2D SPACE',''
  ) );
#5142 = PCURVE('',#2879,#5143);
#5143 = DEFINITIONAL_REPRESENTATION('',(#5144),#5148);
#5144 = LINE('',#5145,#5146);
#5145 = CARTESIAN_POINT('',(0.,0.));
#5146 = VECTOR('',#5147,1.);
#5147 = DIRECTION('',(1.,0.));
#5148 = ( GEOMETRIC_REPRESENTATION_CONTEXT(2) 
PARAMETRIC_REPRESENTATION_CONTEXT() REPRESENTATION_CONTEXT('2D SPACE',''
  ) );
#5149 = ORIENTED_EDGE('',*,*,#4965,.T.);
#5150 = ORIENTED_EDGE('',*,*,#3624,.T.);
#5151 = ADVANCED_FACE('',(#5152),#2879,.T.);
#5152 = FACE_BOUND('',#5153,.T.);
#5153 = EDGE_LOOP('',(#5154,#5155,#5177,#5178,#5199,#5200));
#5154 = ORIENTED_EDGE('',*,*,#3586,.F.);
#5155 = ORIENTED_EDGE('',*,*,#5156,.T.);
#5156 = EDGE_CURVE('',#3378,#2854,#5157,.T.);
#5157 = SURFACE_CURVE('',#5158,(#5163,#5170),.PCURVE_S1.);
#5158 = CIRCLE('',#5159,7.03);
#5159 = AXIS2_PLACEMENT_3D('',#5160,#5161,#5162);
#5160 = CARTESIAN_POINT('',(70.6,-1.87,0.));
#5161 = DIRECTION('',(0.,1.,-0.));
#5162 = DIRECTION('',(-0.911624143035,0.,0.411024843332));
#5163 = PCURVE('',#2879,#5164);
#5164 = DEFINITIONAL_REPRESENTATION('',(#5165),#5169);
#5165 = CIRCLE('',#5166,7.03);
#5166 = AXIS2_PLACEMENT_2D('',#5167,#5168);
#5167 = CARTESIAN_POINT('',(0.,0.));
#5168 = DIRECTION('',(0.411024843332,-0.911624143035));
#5169 = ( GEOMETRIC_REPRESENTATION_CONTEXT(2) 
PARAMETRIC_REPRESENTATION_CONTEXT() REPRESENTATION_CONTEXT('2D SPACE',''
  ) );
#5170 = PCURVE('',#3036,#5171);
#5171 = DEFINITIONAL_REPRESENTATION('',(#5172),#5176);
#5172 = LINE('',#5173,#5174);
#5173 = CARTESIAN_POINT('',(5.135966953075,13.26));
#5174 = VECTOR('',#5175,1.);
#5175 = DIRECTION('',(1.,0.));
#5176 = ( GEOMETRIC_REPRESENTATION_CONTEXT(2) 
PARAMETRIC_REPRESENTATION_CONTEXT() REPRESENTATION_CONTEXT('2D SPACE',''
  ) );
#5177 = ORIENTED_EDGE('',*,*,#2853,.T.);
#5178 = ORIENTED_EDGE('',*,*,#5179,.T.);
#5179 = EDGE_CURVE('',#2825,#4991,#5180,.T.);
#5180 = SURFACE_CURVE('',#5181,(#5185,#5192),.PCURVE_S1.);
#5181 = LINE('',#5182,#5183);
#5182 = CARTESIAN_POINT('',(70.6,-1.87,0.));
#5183 = VECTOR('',#5184,1.);
#5184 = DIRECTION('',(0.,0.,1.));
#5185 = PCURVE('',#2879,#5186);
#5186 = DEFINITIONAL_REPRESENTATION('',(#5187),#5191);
#5187 = LINE('',#5188,#5189);
#5188 = CARTESIAN_POINT('',(0.,0.));
#5189 = VECTOR('',#5190,1.);
#5190 = DIRECTION('',(1.,0.));
#5191 = ( GEOMETRIC_REPRESENTATION_CONTEXT(2) 
PARAMETRIC_REPRESENTATION_CONTEXT() REPRESENTATION_CONTEXT('2D SPACE',''
  ) );
#5192 = PCURVE('',#2841,#5193);
#5193 = DEFINITIONAL_REPRESENTATION('',(#5194),#5198);
#5194 = LINE('',#5195,#5196);
#5195 = CARTESIAN_POINT('',(6.63,0.));
#5196 = VECTOR('',#5197,1.);
#5197 = DIRECTION('',(0.,1.));
#5198 = ( GEOMETRIC_REPRESENTATION_CONTEXT(2) 
PARAMETRIC_REPRESENTATION_CONTEXT() REPRESENTATION_CONTEXT('2D SPACE',''
  ) );
#5199 = ORIENTED_EDGE('',*,*,#5013,.F.);
#5200 = ORIENTED_EDGE('',*,*,#5129,.T.);
#5201 = ADVANCED_FACE('',(#5202),#3036,.T.);
#5202 = FACE_BOUND('',#5203,.T.);
#5203 = EDGE_LOOP('',(#5204,#5226,#5227,#5228));
#5204 = ORIENTED_EDGE('',*,*,#5205,.T.);
#5205 = EDGE_CURVE('',#3340,#2897,#5206,.T.);
#5206 = SURFACE_CURVE('',#5207,(#5212,#5219),.PCURVE_S1.);
#5207 = CIRCLE('',#5208,7.03);
#5208 = AXIS2_PLACEMENT_3D('',#5209,#5210,#5211);
#5209 = CARTESIAN_POINT('',(70.6,-15.13,0.));
#5210 = DIRECTION('',(0.,1.,-0.));
#5211 = DIRECTION('',(-0.911624142919,0.,0.411024843589));
#5212 = PCURVE('',#3036,#5213);
#5213 = DEFINITIONAL_REPRESENTATION('',(#5214),#5218);
#5214 = LINE('',#5215,#5216);
#5215 = CARTESIAN_POINT('',(5.135966953357,0.));
#5216 = VECTOR('',#5217,1.);
#5217 = DIRECTION('',(1.,0.));
#5218 = ( GEOMETRIC_REPRESENTATION_CONTEXT(2) 
PARAMETRIC_REPRESENTATION_CONTEXT() REPRESENTATION_CONTEXT('2D SPACE',''
  ) );
#5219 = PCURVE('',#3136,#5220);
#5220 = DEFINITIONAL_REPRESENTATION('',(#5221),#5225);
#5221 = CIRCLE('',#5222,7.03);
#5222 = AXIS2_PLACEMENT_2D('',#5223,#5224);
#5223 = CARTESIAN_POINT('',(0.,0.));
#5224 = DIRECTION('',(0.411024843589,-0.911624142919));
#5225 = ( GEOMETRIC_REPRESENTATION_CONTEXT(2) 
PARAMETRIC_REPRESENTATION_CONTEXT() REPRESENTATION_CONTEXT('2D SPACE',''
  ) );
#5226 = ORIENTED_EDGE('',*,*,#2896,.F.);
#5227 = ORIENTED_EDGE('',*,*,#5156,.F.);
#5228 = ORIENTED_EDGE('',*,*,#3377,.F.);
#5229 = ADVANCED_FACE('',(#5230),#3136,.F.);
#5230 = FACE_BOUND('',#5231,.F.);
#5231 = EDGE_LOOP('',(#5232,#5233,#5234,#5235,#5256,#5257));
#5232 = ORIENTED_EDGE('',*,*,#3339,.F.);
#5233 = ORIENTED_EDGE('',*,*,#5205,.T.);
#5234 = ORIENTED_EDGE('',*,*,#3110,.T.);
#5235 = ORIENTED_EDGE('',*,*,#5236,.T.);
#5236 = EDGE_CURVE('',#3111,#5059,#5237,.T.);
#5237 = SURFACE_CURVE('',#5238,(#5242,#5249),.PCURVE_S1.);
#5238 = LINE('',#5239,#5240);
#5239 = CARTESIAN_POINT('',(70.6,-15.13,0.));
#5240 = VECTOR('',#5241,1.);
#5241 = DIRECTION('',(0.,0.,1.));
#5242 = PCURVE('',#3136,#5243);
#5243 = DEFINITIONAL_REPRESENTATION('',(#5244),#5248);
#5244 = LINE('',#5245,#5246);
#5245 = CARTESIAN_POINT('',(0.,0.));
#5246 = VECTOR('',#5247,1.);
#5247 = DIRECTION('',(1.,0.));
#5248 = ( GEOMETRIC_REPRESENTATION_CONTEXT(2) 
PARAMETRIC_REPRESENTATION_CONTEXT() REPRESENTATION_CONTEXT('2D SPACE',''
  ) );
#5249 = PCURVE('',#3170,#5250);
#5250 = DEFINITIONAL_REPRESENTATION('',(#5251),#5255);
#5251 = LINE('',#5252,#5253);
#5252 = CARTESIAN_POINT('',(-6.63,0.));
#5253 = VECTOR('',#5254,1.);
#5254 = DIRECTION('',(0.,1.));
#5255 = ( GEOMETRIC_REPRESENTATION_CONTEXT(2) 
PARAMETRIC_REPRESENTATION_CONTEXT() REPRESENTATION_CONTEXT('2D SPACE',''
  ) );
#5256 = ORIENTED_EDGE('',*,*,#5058,.F.);
#5257 = ORIENTED_EDGE('',*,*,#5258,.T.);
#5258 = EDGE_CURVE('',#5036,#3311,#5259,.T.);
#5259 = SURFACE_CURVE('',#5260,(#5264,#5271),.PCURVE_S1.);
#5260 = LINE('',#5261,#5262);
#5261 = CARTESIAN_POINT('',(70.6,-15.13,0.));
#5262 = VECTOR('',#5263,1.);
#5263 = DIRECTION('',(0.,0.,1.));
#5264 = PCURVE('',#3136,#5265);
#5265 = DEFINITIONAL_REPRESENTATION('',(#5266),#5270);
#5266 = LINE('',#5267,#5268);
#5267 = CARTESIAN_POINT('',(0.,0.));
#5268 = VECTOR('',#5269,1.);
#5269 = DIRECTION('',(1.,0.));
#5270 = ( GEOMETRIC_REPRESENTATION_CONTEXT(2) 
PARAMETRIC_REPRESENTATION_CONTEXT() REPRESENTATION_CONTEXT('2D SPACE',''
  ) );
#5271 = PCURVE('',#3327,#5272);
#5272 = DEFINITIONAL_REPRESENTATION('',(#5273),#5277);
#5273 = LINE('',#5274,#5275);
#5274 = CARTESIAN_POINT('',(-6.63,0.));
#5275 = VECTOR('',#5276,1.);
#5276 = DIRECTION('',(0.,1.));
#5277 = ( GEOMETRIC_REPRESENTATION_CONTEXT(2) 
PARAMETRIC_REPRESENTATION_CONTEXT() REPRESENTATION_CONTEXT('2D SPACE',''
  ) );
#5278 = ADVANCED_FACE('',(#5279),#3327,.T.);
#5279 = FACE_BOUND('',#5280,.T.);
#5280 = EDGE_LOOP('',(#5281,#5282,#5283));
#5281 = ORIENTED_EDGE('',*,*,#5104,.T.);
#5282 = ORIENTED_EDGE('',*,*,#5258,.T.);
#5283 = ORIENTED_EDGE('',*,*,#3310,.T.);
#5284 = ADVANCED_FACE('',(#5285),#3170,.T.);
#5285 = FACE_BOUND('',#5286,.T.);
#5286 = EDGE_LOOP('',(#5287,#5288,#5289));
#5287 = ORIENTED_EDGE('',*,*,#5236,.T.);
#5288 = ORIENTED_EDGE('',*,*,#5082,.F.);
#5289 = ORIENTED_EDGE('',*,*,#3153,.T.);
#5290 = ADVANCED_FACE('',(#5291),#2841,.T.);
#5291 = FACE_BOUND('',#5292,.T.);
#5292 = EDGE_LOOP('',(#5293,#5294,#5295));
#5293 = ORIENTED_EDGE('',*,*,#5179,.F.);
#5294 = ORIENTED_EDGE('',*,*,#2824,.T.);
#5295 = ORIENTED_EDGE('',*,*,#4990,.F.);
#5296 = ADVANCED_FACE('',(#5297),#2650,.F.);
#5297 = FACE_BOUND('',#5298,.F.);
#5298 = EDGE_LOOP('',(#5299,#5300,#5301));
#5299 = ORIENTED_EDGE('',*,*,#4707,.F.);
#5300 = ORIENTED_EDGE('',*,*,#2633,.T.);
#5301 = ORIENTED_EDGE('',*,*,#4928,.F.);
#5302 = ( GEOMETRIC_REPRESENTATION_CONTEXT(3) 
GLOBAL_UNCERTAINTY_ASSIGNED_CONTEXT((#5306)) 
GLOBAL_UNIT_ASSIGNED_CONTEXT((#5303,#5304,#5305)) REPRESENTATION_CONTEXT
('Context #1','3D Context with UNIT and UNCERTAINTY') );
#5303 = ( LENGTH_UNIT() NAMED_UNIT(*) SI_UNIT(.MILLI.,.METRE.) );
#5304 = ( NAMED_UNIT(*) PLANE_ANGLE_UNIT() SI_UNIT($,.RADIAN.) );
#5305 = ( NAMED_UNIT(*) SI_UNIT($,.STERADIAN.) SOLID_ANGLE_UNIT() );
#5306 = UNCERTAINTY_MEASURE_WITH_UNIT(LENGTH_MEASURE(2.E-06),#5303,
  'distance_accuracy_value','confusion accuracy');
#5307 = CONTEXT_DEPENDENT_SHAPE_REPRESENTATION(#5308,#5310);
#5308 = ( REPRESENTATION_RELATIONSHIP('','',#2526,#10) 
REPRESENTATION_RELATIONSHIP_WITH_TRANSFORMATION(#5309) 
SHAPE_REPRESENTATION_RELATIONSHIP() );
#5309 = ITEM_DEFINED_TRANSFORMATION('','',#11,#19);
#5310 = PRODUCT_DEFINITION_SHAPE('Placement','Placement of an item',
  #5311);
#5311 = NEXT_ASSEMBLY_USAGE_OCCURRENCE('32','','',#5,#2521,$);
#5312 = PRODUCT_RELATED_PRODUCT_CATEGORY('part',$,(#2523));
#5313 = SHAPE_DEFINITION_REPRESENTATION(#5314,#5320);
#5314 = PRODUCT_DEFINITION_SHAPE('','',#5315);
#5315 = PRODUCT_DEFINITION('design','',#5316,#5319);
#5316 = PRODUCT_DEFINITION_FORMATION('','',#5317);
#5317 = PRODUCT('Open CASCADE STEP translator 7.8 5.3',
  'Open CASCADE STEP translator 7.8 5.3','',(#5318));
#5318 = PRODUCT_CONTEXT('',#2,'mechanical');
#5319 = PRODUCT_DEFINITION_CONTEXT('part definition',#2,'design');
#5320 = ADVANCED_BREP_SHAPE_REPRESENTATION('',(#11,#5321),#7905);
#5321 = MANIFOLD_SOLID_BREP('',#5322);
#5322 = CLOSED_SHELL('',(#5323,#5860,#5908,#6281,#6307,#6346,#6650,#6677
    ,#6705,#6711,#7337,#7794,#7874,#7899));
#5323 = ADVANCED_FACE('',(#5324),#5339,.T.);
#5324 = FACE_BOUND('',#5325,.T.);
#5325 = EDGE_LOOP('',(#5326,#5388,#5518,#5643,#5672));
#5326 = ORIENTED_EDGE('',*,*,#5327,.T.);
#5327 = EDGE_CURVE('',#5328,#5330,#5332,.T.);
#5328 = VERTEX_POINT('',#5329);
#5329 = CARTESIAN_POINT('',(73.1,-1.67778021189,1.6));
#5330 = VERTEX_POINT('',#5331);
#5331 = CARTESIAN_POINT('',(73.1,-1.87,2.204517489897));
#5332 = SURFACE_CURVE('',#5333,(#5338,#5376),.PCURVE_S1.);
#5333 = ELLIPSE('',#5334,7.03,6.63);
#5334 = AXIS2_PLACEMENT_3D('',#5335,#5336,#5337);
#5335 = CARTESIAN_POINT('',(73.1,-8.5,0.));
#5336 = DIRECTION('',(1.,0.,0.));
#5337 = DIRECTION('',(0.,1.,0.));
#5338 = PCURVE('',#5339,#5370);
#5339 = B_SPLINE_SURFACE_WITH_KNOTS('',14,1,(
    (#5340,#5341)
    ,(#5342,#5343)
    ,(#5344,#5345)
    ,(#5346,#5347)
    ,(#5348,#5349)
    ,(#5350,#5351)
    ,(#5352,#5353)
    ,(#5354,#5355)
    ,(#5356,#5357)
    ,(#5358,#5359)
    ,(#5360,#5361)
    ,(#5362,#5363)
    ,(#5364,#5365)
    ,(#5366,#5367)
    ,(#5368,#5369
    )),.UNSPECIFIED.,.T.,.F.,.F.,(1,14,14,1),(2,2),(-6.28318530718,0.,
    6.28318530718,12.566370614359),(0.,1.),.UNSPECIFIED.);
#5340 = CARTESIAN_POINT('',(73.1,-1.47,9.585395327885E-16));
#5341 = CARTESIAN_POINT('',(90.4,-2.8,-2.8065920263E-15));
#5342 = CARTESIAN_POINT('',(73.1,-1.469999999999,2.975537041902));
#5343 = CARTESIAN_POINT('',(90.399999999999,-2.8,2.365170469204));
#5344 = CARTESIAN_POINT('',(73.1,-2.994907959234,5.951075182139));
#5345 = CARTESIAN_POINT('',(90.400000000007,-4.036411858838,
    4.730341811445));
#5346 = CARTESIAN_POINT('',(73.1,-6.044725827146,8.173592267779));
#5347 = CARTESIAN_POINT('',(90.399999999972,-6.509237157146,
    6.496957956437));
#5348 = CARTESIAN_POINT('',(73.1,-10.1633726216,8.89015106033));
#5349 = CARTESIAN_POINT('',(90.400000000078,-9.848680504001,
    7.06653033001));
#5350 = CARTESIAN_POINT('',(73.1,-14.43877289265,7.617716588491));
#5351 = CARTESIAN_POINT('',(90.399999999838,-13.31522126431,
    6.055108057514));
#5352 = CARTESIAN_POINT('',(73.1,-17.70256316263,4.414819176112));
#5353 = CARTESIAN_POINT('',(90.400000000262,-15.96153769943,
    3.509215242555));
#5354 = CARTESIAN_POINT('',(73.1,-18.93131507242,7.623235376287E-11));
#5355 = CARTESIAN_POINT('',(90.399999999666,-16.9578230317,
    5.836753302902E-11));
#5356 = CARTESIAN_POINT('',(73.1,-17.70256316263,-4.414819176252));
#5357 = CARTESIAN_POINT('',(90.400000000339,-15.96153769943,
    -3.509215242662));
#5358 = CARTESIAN_POINT('',(73.1,-14.43877289264,-7.617716588383));
#5359 = CARTESIAN_POINT('',(90.399999999725,-13.31522126431,
    -6.055108057431));
#5360 = CARTESIAN_POINT('',(73.1,-10.1633726216,-8.890151060398));
#5361 = CARTESIAN_POINT('',(90.400000000176,-9.848680504005,
    -7.066530330062));
#5362 = CARTESIAN_POINT('',(73.1,-6.044725827144,-8.173592267744));
#5363 = CARTESIAN_POINT('',(90.399999999913,-6.509237157143,
    -6.496957956411));
#5364 = CARTESIAN_POINT('',(73.1,-2.994907959234,-5.951075182152));
#5365 = CARTESIAN_POINT('',(90.400000000031,-4.036411858839,
    -4.730341811454));
#5366 = CARTESIAN_POINT('',(73.1,-1.469999999999,-2.975537041899));
#5367 = CARTESIAN_POINT('',(90.399999999993,-2.799999999999,
    -2.365170469202));
#5368 = CARTESIAN_POINT('',(73.1,-1.47,9.585395327885E-16));
#5369 = CARTESIAN_POINT('',(90.4,-2.8,-2.8065920263E-15));
#5370 = DEFINITIONAL_REPRESENTATION('',(#5371),#5375);
#5371 = LINE('',#5372,#5373);
#5372 = CARTESIAN_POINT('',(6.28318530718,0.));
#5373 = VECTOR('',#5374,1.);
#5374 = DIRECTION('',(1.,0.));
#5375 = ( GEOMETRIC_REPRESENTATION_CONTEXT(2) 
PARAMETRIC_REPRESENTATION_CONTEXT() REPRESENTATION_CONTEXT('2D SPACE',''
  ) );
#5376 = PCURVE('',#5377,#5382);
#5377 = PLANE('',#5378);
#5378 = AXIS2_PLACEMENT_3D('',#5379,#5380,#5381);
#5379 = CARTESIAN_POINT('',(73.1,-8.5,0.));
#5380 = DIRECTION('',(1.,0.,0.));
#5381 = DIRECTION('',(0.,1.,0.));
#5382 = DEFINITIONAL_REPRESENTATION('',(#5383),#5387);
#5383 = ELLIPSE('',#5384,7.03,6.63);
#5384 = AXIS2_PLACEMENT_2D('',#5385,#5386);
#5385 = CARTESIAN_POINT('',(0.,0.));
#5386 = DIRECTION('',(1.,0.));
#5387 = ( GEOMETRIC_REPRESENTATION_CONTEXT(2) 
PARAMETRIC_REPRESENTATION_CONTEXT() REPRESENTATION_CONTEXT('2D SPACE',''
  ) );
#5388 = ORIENTED_EDGE('',*,*,#5389,.T.);
#5389 = EDGE_CURVE('',#5330,#5390,#5392,.T.);
#5390 = VERTEX_POINT('',#5391);
#5391 = CARTESIAN_POINT('',(78.303007518797,-1.87,-1.738308609224E-16));
#5392 = SURFACE_CURVE('',#5393,(#5431,#5472),.PCURVE_S1.);
#5393 = B_SPLINE_CURVE_WITH_KNOTS('',8,(#5394,#5395,#5396,#5397,#5398,
    #5399,#5400,#5401,#5402,#5403,#5404,#5405,#5406,#5407,#5408,#5409,
    #5410,#5411,#5412,#5413,#5414,#5415,#5416,#5417,#5418,#5419,#5420,
    #5421,#5422,#5423,#5424,#5425,#5426,#5427,#5428,#5429,#5430),
  .UNSPECIFIED.,.F.,.F.,(9,7,7,7,7,9),(0.,0.492028227502,0.741724085517,
    0.875177632409,0.927376211102,1.),.UNSPECIFIED.);
#5394 = CARTESIAN_POINT('',(73.1,-1.87,2.204517494644));
#5395 = CARTESIAN_POINT('',(73.451183363689,-1.87,2.127227333993));
#5396 = CARTESIAN_POINT('',(73.801738110825,-1.87,2.047421580201));
#5397 = CARTESIAN_POINT('',(74.151632504978,-1.87,1.964755607797));
#5398 = CARTESIAN_POINT('',(74.500760173567,-1.87,1.878792043628));
#5399 = CARTESIAN_POINT('',(74.848945724126,-1.87,1.789014505621));
#5400 = CARTESIAN_POINT('',(75.195893550446,-1.87,1.694650337545));
#5401 = CARTESIAN_POINT('',(75.541209181358,-1.87,1.594740569815));
#5402 = CARTESIAN_POINT('',(76.05822940194,-1.87,1.432828950243));
#5403 = CARTESIAN_POINT('',(76.231595624765,-1.87,1.376416942136));
#5404 = CARTESIAN_POINT('',(76.404245156019,-1.87,1.317830268345));
#5405 = CARTESIAN_POINT('',(76.576061039354,-1.87,1.256737849299));
#5406 = CARTESIAN_POINT('',(76.746847455259,-1.87,1.192756450008));
#5407 = CARTESIAN_POINT('',(76.916276194418,-1.87,1.125324806708));
#5408 = CARTESIAN_POINT('',(77.083909603238,-1.87,1.053754457532));
#5409 = CARTESIAN_POINT('',(77.337188799618,-1.87,0.935448317117));
#5410 = CARTESIAN_POINT('',(77.424568214357,-1.87,0.892710500896));
#5411 = CARTESIAN_POINT('',(77.511073327411,-1.87,0.848199518391));
#5412 = CARTESIAN_POINT('',(77.596554129307,-1.87,0.801638306583));
#5413 = CARTESIAN_POINT('',(77.68075318337,-1.87,0.752722332828));
#5414 = CARTESIAN_POINT('',(77.763245540567,-1.87,0.701030999247));
#5415 = CARTESIAN_POINT('',(77.843466472312,-1.87,0.646065877011));
#5416 = CARTESIAN_POINT('',(77.950564761221,-1.87,0.563674736306));
#5417 = CARTESIAN_POINT('',(77.980161847924,-1.87,0.539872876973));
#5418 = CARTESIAN_POINT('',(78.009189590598,-1.87,0.515375470072));
#5419 = CARTESIAN_POINT('',(78.037569191944,-1.87,0.490122339603));
#5420 = CARTESIAN_POINT('',(78.065197277292,-1.87,0.464051950369));
#5421 = CARTESIAN_POINT('',(78.091943898718,-1.87,0.437099310962));
#5422 = CARTESIAN_POINT('',(78.117648637415,-1.87,0.409192022594));
#5423 = CARTESIAN_POINT('',(78.176154538492,-1.87,0.339969800961));
#5424 = CARTESIAN_POINT('',(78.207864481703,-1.87,0.297600581613));
#5425 = CARTESIAN_POINT('',(78.236662637306,-1.87,0.252935297059));
#5426 = CARTESIAN_POINT('',(78.261670017482,-1.87,0.205908138862));
#5427 = CARTESIAN_POINT('',(78.281812343762,-1.87,0.156619537336));
#5428 = CARTESIAN_POINT('',(78.295916655842,-1.87,0.105368750247));
#5429 = CARTESIAN_POINT('',(78.303007518797,-1.87,5.276579404739E-02));
#5430 = CARTESIAN_POINT('',(78.303007518797,-1.87,2.117562599788E-15));
#5431 = PCURVE('',#5339,#5432);
#5432 = DEFINITIONAL_REPRESENTATION('',(#5433),#5471);
#5433 = B_SPLINE_CURVE_WITH_KNOTS('',8,(#5434,#5435,#5436,#5437,#5438,
    #5439,#5440,#5441,#5442,#5443,#5444,#5445,#5446,#5447,#5448,#5449,
    #5450,#5451,#5452,#5453,#5454,#5455,#5456,#5457,#5458,#5459,#5460,
    #5461,#5462,#5463,#5464,#5465,#5466,#5467,#5468,#5469,#5470),
  .UNSPECIFIED.,.F.,.F.,(9,7,7,7,7,9),(0.,0.492028227502,0.741724085517,
    0.875177632409,0.927376211102,1.),.UNSPECIFIED.);
#5434 = CARTESIAN_POINT('',(6.622145266447,0.));
#5435 = CARTESIAN_POINT('',(6.611252396273,2.029961639818E-02));
#5436 = CARTESIAN_POINT('',(6.599898714797,4.056289657945E-02));
#5437 = CARTESIAN_POINT('',(6.588025938381,6.078800606815E-02));
#5438 = CARTESIAN_POINT('',(6.575560146684,8.096879615982E-02));
#5439 = CARTESIAN_POINT('',(6.562413967338,0.101095128562));
#5440 = CARTESIAN_POINT('',(6.548457791081,0.121149916211));
#5441 = CARTESIAN_POINT('',(6.533530962821,0.141110357304));
#5442 = CARTESIAN_POINT('',(6.509079852248,0.170995919187));
#5443 = CARTESIAN_POINT('',(6.500519299004,0.181017088137));
#5444 = CARTESIAN_POINT('',(6.491585291445,0.190996829828));
#5445 = CARTESIAN_POINT('',(6.482223282439,0.200928383778));
#5446 = CARTESIAN_POINT('',(6.472369981134,0.21080043094));
#5447 = CARTESIAN_POINT('',(6.46193306124,0.220593999677));
#5448 = CARTESIAN_POINT('',(6.450799353306,0.230283792095));
#5449 = CARTESIAN_POINT('',(6.432297992849,0.24492420807));
#5450 = CARTESIAN_POINT('',(6.425597606422,0.249975041292));
#5451 = CARTESIAN_POINT('',(6.418601762793,0.254975336845));
#5452 = CARTESIAN_POINT('',(6.411265367284,0.259916423659));
#5453 = CARTESIAN_POINT('',(6.403538690053,0.264783421004));
#5454 = CARTESIAN_POINT('',(6.395353174528,0.269551765351));
#5455 = CARTESIAN_POINT('',(6.386627643334,0.274188813428));
#5456 = CARTESIAN_POINT('',(6.373515812641,0.280379465967));
#5457 = CARTESIAN_POINT('',(6.369724636423,0.282090280227));
#5458 = CARTESIAN_POINT('',(6.36581929976,0.283768184428));
#5459 = CARTESIAN_POINT('',(6.361790054026,0.285408623812));
#5460 = CARTESIAN_POINT('',(6.357626922365,0.287005622965));
#5461 = CARTESIAN_POINT('',(6.353319374394,0.288551670446));
#5462 = CARTESIAN_POINT('',(6.348855706038,0.290037493492));
#5463 = CARTESIAN_POINT('',(6.337775430839,0.293419337485));
#5464 = CARTESIAN_POINT('',(6.330986886317,0.295252282179));
#5465 = CARTESIAN_POINT('',(6.323823936659,0.296916915451));
#5466 = CARTESIAN_POINT('',(6.316275929237,0.298362428756));
#5467 = CARTESIAN_POINT('',(6.308359223936,0.299526725073));
#5468 = CARTESIAN_POINT('',(6.30012296115,0.300342003228));
#5469 = CARTESIAN_POINT('',(6.291667220918,0.300751879699));
#5470 = CARTESIAN_POINT('',(6.28318530718,0.300751879699));
#5471 = ( GEOMETRIC_REPRESENTATION_CONTEXT(2) 
PARAMETRIC_REPRESENTATION_CONTEXT() REPRESENTATION_CONTEXT('2D SPACE',''
  ) );
#5472 = PCURVE('',#5473,#5478);
#5473 = PLANE('',#5474);
#5474 = AXIS2_PLACEMENT_3D('',#5475,#5476,#5477);
#5475 = CARTESIAN_POINT('',(73.1,-1.87,0.));
#5476 = DIRECTION('',(0.,1.,0.));
#5477 = DIRECTION('',(0.,-0.,1.));
#5478 = DEFINITIONAL_REPRESENTATION('',(#5479),#5517);
#5479 = B_SPLINE_CURVE_WITH_KNOTS('',8,(#5480,#5481,#5482,#5483,#5484,
    #5485,#5486,#5487,#5488,#5489,#5490,#5491,#5492,#5493,#5494,#5495,
    #5496,#5497,#5498,#5499,#5500,#5501,#5502,#5503,#5504,#5505,#5506,
    #5507,#5508,#5509,#5510,#5511,#5512,#5513,#5514,#5515,#5516),
  .UNSPECIFIED.,.F.,.F.,(9,7,7,7,7,9),(0.,0.492028227502,0.741724085517,
    0.875177632409,0.927376211102,1.),.UNSPECIFIED.);
#5480 = CARTESIAN_POINT('',(2.204517494644,0.));
#5481 = CARTESIAN_POINT('',(2.127227333993,0.351183363689));
#5482 = CARTESIAN_POINT('',(2.047421580201,0.701738110825));
#5483 = CARTESIAN_POINT('',(1.964755607797,1.051632504978));
#5484 = CARTESIAN_POINT('',(1.878792043628,1.400760173567));
#5485 = CARTESIAN_POINT('',(1.789014505621,1.748945724126));
#5486 = CARTESIAN_POINT('',(1.694650337545,2.095893550446));
#5487 = CARTESIAN_POINT('',(1.594740569815,2.441209181358));
#5488 = CARTESIAN_POINT('',(1.432828950243,2.95822940194));
#5489 = CARTESIAN_POINT('',(1.376416942136,3.131595624765));
#5490 = CARTESIAN_POINT('',(1.317830268345,3.304245156019));
#5491 = CARTESIAN_POINT('',(1.256737849299,3.476061039354));
#5492 = CARTESIAN_POINT('',(1.192756450008,3.646847455259));
#5493 = CARTESIAN_POINT('',(1.125324806708,3.816276194418));
#5494 = CARTESIAN_POINT('',(1.053754457532,3.983909603238));
#5495 = CARTESIAN_POINT('',(0.935448317117,4.237188799618));
#5496 = CARTESIAN_POINT('',(0.892710500896,4.324568214357));
#5497 = CARTESIAN_POINT('',(0.848199518391,4.411073327411));
#5498 = CARTESIAN_POINT('',(0.801638306583,4.496554129307));
#5499 = CARTESIAN_POINT('',(0.752722332828,4.58075318337));
#5500 = CARTESIAN_POINT('',(0.701030999247,4.663245540567));
#5501 = CARTESIAN_POINT('',(0.646065877011,4.743466472312));
#5502 = CARTESIAN_POINT('',(0.563674736306,4.850564761221));
#5503 = CARTESIAN_POINT('',(0.539872876973,4.880161847924));
#5504 = CARTESIAN_POINT('',(0.515375470072,4.909189590598));
#5505 = CARTESIAN_POINT('',(0.490122339603,4.937569191944));
#5506 = CARTESIAN_POINT('',(0.464051950369,4.965197277292));
#5507 = CARTESIAN_POINT('',(0.437099310962,4.991943898718));
#5508 = CARTESIAN_POINT('',(0.409192022594,5.017648637415));
#5509 = CARTESIAN_POINT('',(0.339969800961,5.076154538492));
#5510 = CARTESIAN_POINT('',(0.297600581613,5.107864481703));
#5511 = CARTESIAN_POINT('',(0.252935297059,5.136662637306));
#5512 = CARTESIAN_POINT('',(0.205908138862,5.161670017482));
#5513 = CARTESIAN_POINT('',(0.156619537336,5.181812343762));
#5514 = CARTESIAN_POINT('',(0.105368750247,5.195916655842));
#5515 = CARTESIAN_POINT('',(5.276579404739E-02,5.203007518797));
#5516 = CARTESIAN_POINT('',(2.117562599788E-15,5.203007518797));
#5517 = ( GEOMETRIC_REPRESENTATION_CONTEXT(2) 
PARAMETRIC_REPRESENTATION_CONTEXT() REPRESENTATION_CONTEXT('2D SPACE',''
  ) );
#5518 = ORIENTED_EDGE('',*,*,#5519,.F.);
#5519 = EDGE_CURVE('',#5520,#5390,#5522,.T.);
#5520 = VERTEX_POINT('',#5521);
#5521 = CARTESIAN_POINT('',(73.1,-1.87,-2.204517489897));
#5522 = SURFACE_CURVE('',#5523,(#5561,#5602),.PCURVE_S1.);
#5523 = B_SPLINE_CURVE_WITH_KNOTS('',8,(#5524,#5525,#5526,#5527,#5528,
    #5529,#5530,#5531,#5532,#5533,#5534,#5535,#5536,#5537,#5538,#5539,
    #5540,#5541,#5542,#5543,#5544,#5545,#5546,#5547,#5548,#5549,#5550,
    #5551,#5552,#5553,#5554,#5555,#5556,#5557,#5558,#5559,#5560),
  .UNSPECIFIED.,.F.,.F.,(9,7,7,7,7,9),(0.,0.492028227502,0.741724085515,
    0.875177632407,0.927376211101,1.),.UNSPECIFIED.);
#5524 = CARTESIAN_POINT('',(73.1,-1.87,-2.204517494644));
#5525 = CARTESIAN_POINT('',(73.451183363689,-1.87,-2.127227333993));
#5526 = CARTESIAN_POINT('',(73.801738110825,-1.87,-2.047421580201));
#5527 = CARTESIAN_POINT('',(74.151632504976,-1.87,-1.964755607797));
#5528 = CARTESIAN_POINT('',(74.500760173569,-1.87,-1.878792043629));
#5529 = CARTESIAN_POINT('',(74.848945724124,-1.87,-1.789014505621));
#5530 = CARTESIAN_POINT('',(75.195893550447,-1.87,-1.694650337545));
#5531 = CARTESIAN_POINT('',(75.541209181357,-1.87,-1.594740569815));
#5532 = CARTESIAN_POINT('',(76.058229401939,-1.87,-1.432828950243));
#5533 = CARTESIAN_POINT('',(76.231595624769,-1.87,-1.376416942134));
#5534 = CARTESIAN_POINT('',(76.404245156009,-1.87,-1.317830268348));
#5535 = CARTESIAN_POINT('',(76.576061039366,-1.87,-1.256737849295));
#5536 = CARTESIAN_POINT('',(76.746847455249,-1.87,-1.192756450011));
#5537 = CARTESIAN_POINT('',(76.916276194423,-1.87,-1.125324806706));
#5538 = CARTESIAN_POINT('',(77.083909603237,-1.87,-1.053754457533));
#5539 = CARTESIAN_POINT('',(77.337188799619,-1.87,-0.935448317116));
#5540 = CARTESIAN_POINT('',(77.424568214352,-1.87,-0.892710500898));
#5541 = CARTESIAN_POINT('',(77.511073327421,-1.87,-0.848199518387));
#5542 = CARTESIAN_POINT('',(77.596554129296,-1.87,-0.801638306587));
#5543 = CARTESIAN_POINT('',(77.680753183378,-1.87,-0.752722332825));
#5544 = CARTESIAN_POINT('',(77.763245540564,-1.87,-0.701030999248));
#5545 = CARTESIAN_POINT('',(77.843466472312,-1.87,-0.646065877011));
#5546 = CARTESIAN_POINT('',(77.950564761221,-1.87,-0.563674736306));
#5547 = CARTESIAN_POINT('',(77.980161847924,-1.87,-0.539872876973));
#5548 = CARTESIAN_POINT('',(78.009189590598,-1.87,-0.515375470072));
#5549 = CARTESIAN_POINT('',(78.037569191944,-1.87,-0.490122339603));
#5550 = CARTESIAN_POINT('',(78.065197277292,-1.87,-0.464051950369));
#5551 = CARTESIAN_POINT('',(78.091943898718,-1.87,-0.437099310963));
#5552 = CARTESIAN_POINT('',(78.117648637415,-1.87,-0.409192022594));
#5553 = CARTESIAN_POINT('',(78.176154538492,-1.87,-0.339969800961));
#5554 = CARTESIAN_POINT('',(78.207864481702,-1.87,-0.297600581613));
#5555 = CARTESIAN_POINT('',(78.236662637306,-1.87,-0.252935297059));
#5556 = CARTESIAN_POINT('',(78.261670017482,-1.87,-0.205908138862));
#5557 = CARTESIAN_POINT('',(78.281812343762,-1.87,-0.156619537336));
#5558 = CARTESIAN_POINT('',(78.295916655842,-1.87,-0.105368750247));
#5559 = CARTESIAN_POINT('',(78.303007518797,-1.87,-5.276579404763E-02));
#5560 = CARTESIAN_POINT('',(78.303007518797,-1.87,-8.304468224196E-14));
#5561 = PCURVE('',#5339,#5562);
#5562 = DEFINITIONAL_REPRESENTATION('',(#5563),#5601);
#5563 = B_SPLINE_CURVE_WITH_KNOTS('',8,(#5564,#5565,#5566,#5567,#5568,
    #5569,#5570,#5571,#5572,#5573,#5574,#5575,#5576,#5577,#5578,#5579,
    #5580,#5581,#5582,#5583,#5584,#5585,#5586,#5587,#5588,#5589,#5590,
    #5591,#5592,#5593,#5594,#5595,#5596,#5597,#5598,#5599,#5600),
  .UNSPECIFIED.,.F.,.F.,(9,7,7,7,7,9),(0.,0.492028227502,0.741724085515,
    0.875177632407,0.927376211101,1.),.UNSPECIFIED.);
#5564 = CARTESIAN_POINT('',(5.944225347913,0.));
#5565 = CARTESIAN_POINT('',(5.955118218086,2.029961639819E-02));
#5566 = CARTESIAN_POINT('',(5.966471899562,4.056289657949E-02));
#5567 = CARTESIAN_POINT('',(5.978344675977,6.078800606805E-02));
#5568 = CARTESIAN_POINT('',(5.990810467676,8.096879615999E-02));
#5569 = CARTESIAN_POINT('',(6.003956647021,0.101095128562));
#5570 = CARTESIAN_POINT('',(6.017912823279,0.121149916211));
#5571 = CARTESIAN_POINT('',(6.032839651538,0.141110357304));
#5572 = CARTESIAN_POINT('',(6.057290762111,0.170995919187));
#5573 = CARTESIAN_POINT('',(6.065851315356,0.181017088137));
#5574 = CARTESIAN_POINT('',(6.074785322913,0.190996829827));
#5575 = CARTESIAN_POINT('',(6.084147331921,0.200928383778));
#5576 = CARTESIAN_POINT('',(6.094000633225,0.210800430939));
#5577 = CARTESIAN_POINT('',(6.104437553119,0.220593999678));
#5578 = CARTESIAN_POINT('',(6.115571261053,0.230283792095));
#5579 = CARTESIAN_POINT('',(6.13407262151,0.24492420807));
#5580 = CARTESIAN_POINT('',(6.140773007937,0.249975041292));
#5581 = CARTESIAN_POINT('',(6.147768851567,0.254975336845));
#5582 = CARTESIAN_POINT('',(6.155105247074,0.259916423659));
#5583 = CARTESIAN_POINT('',(6.162831924307,0.264783421004));
#5584 = CARTESIAN_POINT('',(6.171017439831,0.269551765351));
#5585 = CARTESIAN_POINT('',(6.179742971026,0.274188813428));
#5586 = CARTESIAN_POINT('',(6.192854801718,0.280379465967));
#5587 = CARTESIAN_POINT('',(6.196645977936,0.282090280227));
#5588 = CARTESIAN_POINT('',(6.2005513146,0.283768184428));
#5589 = CARTESIAN_POINT('',(6.204580560333,0.285408623812));
#5590 = CARTESIAN_POINT('',(6.208743691994,0.287005622965));
#5591 = CARTESIAN_POINT('',(6.213051239965,0.288551670446));
#5592 = CARTESIAN_POINT('',(6.217514908321,0.290037493492));
#5593 = CARTESIAN_POINT('',(6.22859518352,0.293419337485));
#5594 = CARTESIAN_POINT('',(6.235383728042,0.295252282179));
#5595 = CARTESIAN_POINT('',(6.2425466777,0.296916915451));
#5596 = CARTESIAN_POINT('',(6.250094685122,0.298362428756));
#5597 = CARTESIAN_POINT('',(6.258011390423,0.299526725073));
#5598 = CARTESIAN_POINT('',(6.266247653209,0.300342003228));
#5599 = CARTESIAN_POINT('',(6.274703393441,0.300751879699));
#5600 = CARTESIAN_POINT('',(6.28318530718,0.300751879699));
#5601 = ( GEOMETRIC_REPRESENTATION_CONTEXT(2) 
PARAMETRIC_REPRESENTATION_CONTEXT() REPRESENTATION_CONTEXT('2D SPACE',''
  ) );
#5602 = PCURVE('',#5473,#5603);
#5603 = DEFINITIONAL_REPRESENTATION('',(#5604),#5642);
#5604 = B_SPLINE_CURVE_WITH_KNOTS('',8,(#5605,#5606,#5607,#5608,#5609,
    #5610,#5611,#5612,#5613,#5614,#5615,#5616,#5617,#5618,#5619,#5620,
    #5621,#5622,#5623,#5624,#5625,#5626,#5627,#5628,#5629,#5630,#5631,
    #5632,#5633,#5634,#5635,#5636,#5637,#5638,#5639,#5640,#5641),
  .UNSPECIFIED.,.F.,.F.,(9,7,7,7,7,9),(0.,0.492028227502,0.741724085515,
    0.875177632407,0.927376211101,1.),.UNSPECIFIED.);
#5605 = CARTESIAN_POINT('',(-2.204517494644,0.));
#5606 = CARTESIAN_POINT('',(-2.127227333993,0.351183363689));
#5607 = CARTESIAN_POINT('',(-2.047421580201,0.701738110825));
#5608 = CARTESIAN_POINT('',(-1.964755607797,1.051632504976));
#5609 = CARTESIAN_POINT('',(-1.878792043629,1.400760173569));
#5610 = CARTESIAN_POINT('',(-1.789014505621,1.748945724124));
#5611 = CARTESIAN_POINT('',(-1.694650337545,2.095893550447));
#5612 = CARTESIAN_POINT('',(-1.594740569815,2.441209181357));
#5613 = CARTESIAN_POINT('',(-1.432828950243,2.958229401939));
#5614 = CARTESIAN_POINT('',(-1.376416942134,3.131595624769));
#5615 = CARTESIAN_POINT('',(-1.317830268348,3.304245156009));
#5616 = CARTESIAN_POINT('',(-1.256737849295,3.476061039366));
#5617 = CARTESIAN_POINT('',(-1.192756450011,3.646847455249));
#5618 = CARTESIAN_POINT('',(-1.125324806706,3.816276194423));
#5619 = CARTESIAN_POINT('',(-1.053754457533,3.983909603237));
#5620 = CARTESIAN_POINT('',(-0.935448317116,4.237188799619));
#5621 = CARTESIAN_POINT('',(-0.892710500898,4.324568214352));
#5622 = CARTESIAN_POINT('',(-0.848199518387,4.411073327421));
#5623 = CARTESIAN_POINT('',(-0.801638306587,4.496554129296));
#5624 = CARTESIAN_POINT('',(-0.752722332825,4.580753183378));
#5625 = CARTESIAN_POINT('',(-0.701030999248,4.663245540564));
#5626 = CARTESIAN_POINT('',(-0.646065877011,4.743466472312));
#5627 = CARTESIAN_POINT('',(-0.563674736306,4.850564761221));
#5628 = CARTESIAN_POINT('',(-0.539872876973,4.880161847924));
#5629 = CARTESIAN_POINT('',(-0.515375470072,4.909189590598));
#5630 = CARTESIAN_POINT('',(-0.490122339603,4.937569191944));
#5631 = CARTESIAN_POINT('',(-0.464051950369,4.965197277292));
#5632 = CARTESIAN_POINT('',(-0.437099310963,4.991943898718));
#5633 = CARTESIAN_POINT('',(-0.409192022594,5.017648637415));
#5634 = CARTESIAN_POINT('',(-0.339969800961,5.076154538492));
#5635 = CARTESIAN_POINT('',(-0.297600581613,5.107864481702));
#5636 = CARTESIAN_POINT('',(-0.252935297059,5.136662637306));
#5637 = CARTESIAN_POINT('',(-0.205908138862,5.161670017482));
#5638 = CARTESIAN_POINT('',(-0.156619537336,5.181812343762));
#5639 = CARTESIAN_POINT('',(-0.105368750247,5.195916655842));
#5640 = CARTESIAN_POINT('',(-5.276579404763E-02,5.203007518797));
#5641 = CARTESIAN_POINT('',(-8.304468224196E-14,5.203007518797));
#5642 = ( GEOMETRIC_REPRESENTATION_CONTEXT(2) 
PARAMETRIC_REPRESENTATION_CONTEXT() REPRESENTATION_CONTEXT('2D SPACE',''
  ) );
#5643 = ORIENTED_EDGE('',*,*,#5644,.T.);
#5644 = EDGE_CURVE('',#5520,#5645,#5647,.T.);
#5645 = VERTEX_POINT('',#5646);
#5646 = CARTESIAN_POINT('',(73.1,-1.67778021189,-1.6));
#5647 = SURFACE_CURVE('',#5648,(#5653,#5660),.PCURVE_S1.);
#5648 = ELLIPSE('',#5649,7.03,6.63);
#5649 = AXIS2_PLACEMENT_3D('',#5650,#5651,#5652);
#5650 = CARTESIAN_POINT('',(73.1,-8.5,0.));
#5651 = DIRECTION('',(1.,0.,0.));
#5652 = DIRECTION('',(0.,1.,0.));
#5653 = PCURVE('',#5339,#5654);
#5654 = DEFINITIONAL_REPRESENTATION('',(#5655),#5659);
#5655 = LINE('',#5656,#5657);
#5656 = CARTESIAN_POINT('',(0.,0.));
#5657 = VECTOR('',#5658,1.);
#5658 = DIRECTION('',(1.,0.));
#5659 = ( GEOMETRIC_REPRESENTATION_CONTEXT(2) 
PARAMETRIC_REPRESENTATION_CONTEXT() REPRESENTATION_CONTEXT('2D SPACE',''
  ) );
#5660 = PCURVE('',#5661,#5666);
#5661 = PLANE('',#5662);
#5662 = AXIS2_PLACEMENT_3D('',#5663,#5664,#5665);
#5663 = CARTESIAN_POINT('',(73.1,-8.5,0.));
#5664 = DIRECTION('',(1.,0.,0.));
#5665 = DIRECTION('',(0.,1.,0.));
#5666 = DEFINITIONAL_REPRESENTATION('',(#5667),#5671);
#5667 = ELLIPSE('',#5668,7.03,6.63);
#5668 = AXIS2_PLACEMENT_2D('',#5669,#5670);
#5669 = CARTESIAN_POINT('',(0.,0.));
#5670 = DIRECTION('',(1.,0.));
#5671 = ( GEOMETRIC_REPRESENTATION_CONTEXT(2) 
PARAMETRIC_REPRESENTATION_CONTEXT() REPRESENTATION_CONTEXT('2D SPACE',''
  ) );
#5672 = ORIENTED_EDGE('',*,*,#5673,.T.);
#5673 = EDGE_CURVE('',#5645,#5328,#5674,.T.);
#5674 = SURFACE_CURVE('',#5675,(#5733,#5794),.PCURVE_S1.);
#5675 = B_SPLINE_CURVE_WITH_KNOTS('',6,(#5676,#5677,#5678,#5679,#5680,
    #5681,#5682,#5683,#5684,#5685,#5686,#5687,#5688,#5689,#5690,#5691,
    #5692,#5693,#5694,#5695,#5696,#5697,#5698,#5699,#5700,#5701,#5702,
    #5703,#5704,#5705,#5706,#5707,#5708,#5709,#5710,#5711,#5712,#5713,
    #5714,#5715,#5716,#5717,#5718,#5719,#5720,#5721,#5722,#5723,#5724,
    #5725,#5726,#5727,#5728,#5729,#5730,#5731,#5732),.UNSPECIFIED.,.F.,
  .F.,(7,5,5,5,5,5,5,5,5,5,5,7),(0.,4.538780773361E-02,0.165753589233,
    0.207924477715,0.300863590211,0.397204786685,0.500059117563,
    0.602666328206,0.698954900801,0.83435093842,0.954221106402,1.),
  .UNSPECIFIED.);
#5676 = CARTESIAN_POINT('',(73.1,-1.677780206504,-1.6));
#5677 = CARTESIAN_POINT('',(73.138069693491,-1.680810887481,-1.6));
#5678 = CARTESIAN_POINT('',(73.176172329902,-1.683557709391,
    -1.598913046685));
#5679 = CARTESIAN_POINT('',(73.214264925548,-1.68601563378,
    -1.596735549026));
#5680 = CARTESIAN_POINT('',(73.252304174912,-1.688181880923,
    -1.593466644024));
#5681 = CARTESIAN_POINT('',(73.290246450648,-1.690055929823,
    -1.589108196715));
#5682 = CARTESIAN_POINT('',(73.428294755676,-1.695839100968,
    -1.569229234483));
#5683 = CARTESIAN_POINT('',(73.527562503894,-1.697996488439,
    -1.547161913226));
#5684 = CARTESIAN_POINT('',(73.625008755268,-1.698142316394,
    -1.517550211239));
#5685 = CARTESIAN_POINT('',(73.719856429191,-1.696426608123,
    -1.480623669496));
#5686 = CARTESIAN_POINT('',(73.811392637167,-1.693094003665,
    -1.436711047866));
#5687 = CARTESIAN_POINT('',(73.929656007515,-1.686811367657,
    -1.368548565938));
#5688 = CARTESIAN_POINT('',(73.959855794982,-1.685019161929,
    -1.350056761634));
#5689 = CARTESIAN_POINT('',(73.989544577831,-1.683077633081,
    -1.330775711464));
#5690 = CARTESIAN_POINT('',(74.018696801111,-1.681000133613,
    -1.310723716858));
#5691 = CARTESIAN_POINT('',(74.047288170253,-1.678800544804,
    -1.289919892469));
#5692 = CARTESIAN_POINT('',(74.137020468932,-1.671408360139,
    -1.220922247279));
#5693 = CARTESIAN_POINT('',(74.195908407701,-1.665800257165,
    -1.169905864181));
#5694 = CARTESIAN_POINT('',(74.251714471959,-1.659821942718,
    -1.115546571072));
#5695 = CARTESIAN_POINT('',(74.304218734661,-1.653633370807,
    -1.058071701126));
#5696 = CARTESIAN_POINT('',(74.353223932767,-1.647392734507,
    -0.997722335658));
#5697 = CARTESIAN_POINT('',(74.445541489072,-1.634877776209,
    -0.86947512282));
#5698 = CARTESIAN_POINT('',(74.488579466527,-1.628610636423,
    -0.801382266556));
#5699 = CARTESIAN_POINT('',(74.527469524599,-1.622611308829,
    -0.730756110376));
#5700 = CARTESIAN_POINT('',(74.562035086366,-1.617033257595,
    -0.657898236232));
#5701 = CARTESIAN_POINT('',(74.592124671097,-1.612010285625,
    -0.583130179796));
#5702 = CARTESIAN_POINT('',(74.644830866971,-1.602991653133,
    -0.425299620276));
#5703 = CARTESIAN_POINT('',(74.666805891708,-1.599088129075,
    -0.342014539435));
#5704 = CARTESIAN_POINT('',(74.683390608743,-1.596068004348,
    -0.257364110857));
#5705 = CARTESIAN_POINT('',(74.694479034492,-1.594023432461,
    -0.171789873594));
#5706 = CARTESIAN_POINT('',(74.700015431203,-1.593002935624,
    -8.574900233899E-02));
#5707 = CARTESIAN_POINT('',(74.699984554292,-1.593008627743,
    8.611719051076E-02));
#5708 = CARTESIAN_POINT('',(74.694443926865,-1.594029906381,
    0.171949252566));
#5709 = CARTESIAN_POINT('',(74.683378102286,-1.596070183129,
    0.257316009089));
#5710 = CARTESIAN_POINT('',(74.666842458304,-1.599081251858,
    0.341763583238));
#5711 = CARTESIAN_POINT('',(74.64494213905,-1.602971690488,
    0.424853585486));
#5712 = CARTESIAN_POINT('',(74.592380575663,-1.611967356417,
    0.582468898703));
#5713 = CARTESIAN_POINT('',(74.562340890219,-1.616983258876,
    0.657209632558));
#5714 = CARTESIAN_POINT('',(74.527829252692,-1.62255438855,
    0.730044256689));
#5715 = CARTESIAN_POINT('',(74.488996774132,-1.628547270125,
    0.800651664551));
#5716 = CARTESIAN_POINT('',(74.446019621379,-1.634808783047,
    0.868730665171));
#5717 = CARTESIAN_POINT('',(74.333111570389,-1.65012506514,
    1.025774075084));
#5718 = CARTESIAN_POINT('',(74.259323592807,-1.659281406818,
    1.111990215006));
#5719 = CARTESIAN_POINT('',(74.178275922584,-1.668186390639,
    1.191865327014));
#5720 = CARTESIAN_POINT('',(74.090609057617,-1.676337983731,
    1.264671812868));
#5721 = CARTESIAN_POINT('',(73.997066729485,-1.683237450808,
    1.329737316106));
#5722 = CARTESIAN_POINT('',(73.811293312022,-1.693092859711,
    1.436731190294));
#5723 = CARTESIAN_POINT('',(73.720133965378,-1.696410676752,
    1.480461759713));
#5724 = CARTESIAN_POINT('',(73.625689892569,-1.69812517368,
    1.517263969306));
#5725 = CARTESIAN_POINT('',(73.528665089519,-1.697994691504,
    1.546812923169));
#5726 = CARTESIAN_POINT('',(73.429826833819,-1.695870515283,
    1.568881311516));
#5727 = CARTESIAN_POINT('',(73.291885022162,-1.690136647731,
    1.588919150852));
#5728 = CARTESIAN_POINT('',(73.253618416982,-1.688256594746,
    1.593353213763));
#5729 = CARTESIAN_POINT('',(73.21525200601,-1.686079260727,
    1.596678880715));
#5730 = CARTESIAN_POINT('',(73.176830560449,-1.683605140009,
    1.598894188919));
#5731 = CARTESIAN_POINT('',(73.138398521427,-1.680837065064,1.6));
#5732 = CARTESIAN_POINT('',(73.1,-1.677780206504,1.6));
#5733 = PCURVE('',#5339,#5734);
#5734 = DEFINITIONAL_REPRESENTATION('',(#5735),#5793);
#5735 = B_SPLINE_CURVE_WITH_KNOTS('',6,(#5736,#5737,#5738,#5739,#5740,
    #5741,#5742,#5743,#5744,#5745,#5746,#5747,#5748,#5749,#5750,#5751,
    #5752,#5753,#5754,#5755,#5756,#5757,#5758,#5759,#5760,#5761,#5762,
    #5763,#5764,#5765,#5766,#5767,#5768,#5769,#5770,#5771,#5772,#5773,
    #5774,#5775,#5776,#5777,#5778,#5779,#5780,#5781,#5782,#5783,#5784,
    #5785,#5786,#5787,#5788,#5789,#5790,#5791,#5792),.UNSPECIFIED.,.F.,
  .F.,(7,5,5,5,5,5,5,5,5,5,5,7),(0.,4.538780773361E-02,0.165753589233,
    0.207924477715,0.300863590211,0.397204786685,0.500059117563,
    0.602666328206,0.698954900801,0.83435093842,0.954221106402,1.),
  .UNSPECIFIED.);
#5736 = CARTESIAN_POINT('',(6.039451965708,0.));
#5737 = CARTESIAN_POINT('',(6.039339713541,2.200560317378E-03));
#5738 = CARTESIAN_POINT('',(6.039396175337,4.403024849847E-03));
#5739 = CARTESIAN_POINT('',(6.039622404043,6.604908991221E-03));
#5740 = CARTESIAN_POINT('',(6.04001897397,8.803709532468E-03));
#5741 = CARTESIAN_POINT('',(6.040585980795,1.099690466171E-02));
#5742 = CARTESIAN_POINT('',(6.043277683109,1.89765754726E-02));
#5743 = CARTESIAN_POINT('',(6.046428471954,2.471459560081E-02));
#5744 = CARTESIAN_POINT('',(6.050768021411,3.034732689408E-02));
#5745 = CARTESIAN_POINT('',(6.056263586665,3.582985139832E-02));
#5746 = CARTESIAN_POINT('',(6.062863664443,4.112096168596E-02));
#5747 = CARTESIAN_POINT('',(6.073176452545,4.795699465407E-02));
#5748 = CARTESIAN_POINT('',(6.075979584354,4.97026471088E-02));
#5749 = CARTESIAN_POINT('',(6.078907335114,5.141876172436E-02));
#5750 = CARTESIAN_POINT('',(6.081956747496,5.31038613359E-02));
#5751 = CARTESIAN_POINT('',(6.085124719276,5.47565416331E-02));
#5752 = CARTESIAN_POINT('',(6.09564393118,5.994337970703E-02));
#5753 = CARTESIAN_POINT('',(6.103439883652,6.334730680351E-02));
#5754 = CARTESIAN_POINT('',(6.111761405859,6.657309086467E-02));
#5755 = CARTESIAN_POINT('',(6.120571379402,6.960801934458E-02));
#5756 = CARTESIAN_POINT('',(6.129830626643,7.244068975533E-02));
#5757 = CARTESIAN_POINT('',(6.149520301356,7.777696468624E-02));
#5758 = CARTESIAN_POINT('',(6.159981126808,8.026470904782E-02));
#5759 = CARTESIAN_POINT('',(6.170835410995,8.251268928317E-02));
#5760 = CARTESIAN_POINT('',(6.182035188644,8.451069863385E-02));
#5761 = CARTESIAN_POINT('',(6.193529883551,8.624998098829E-02));
#5762 = CARTESIAN_POINT('',(6.217795705852,8.929658190582E-02));
#5763 = CARTESIAN_POINT('',(6.230601135994,9.056681454958E-02));
#5764 = CARTESIAN_POINT('',(6.243616340323,9.152546871349E-02));
#5765 = CARTESIAN_POINT('',(6.256773245748,9.216641817874E-02));
#5766 = CARTESIAN_POINT('',(6.270001711466,9.248644110998E-02));
#5767 = CARTESIAN_POINT('',(6.296425510479,9.248465631748E-02));
#5768 = CARTESIAN_POINT('',(6.309621873354,9.216438883611E-02));
#5769 = CARTESIAN_POINT('',(6.322746879553,9.152474579686E-02));
#5770 = CARTESIAN_POINT('',(6.335730893582,9.056892822569E-02));
#5771 = CARTESIAN_POINT('',(6.348506328081,8.93030138179E-02));
#5772 = CARTESIAN_POINT('',(6.37273906551,8.626477315973E-02));
#5773 = CARTESIAN_POINT('',(6.384229568023,8.452837515717E-02));
#5774 = CARTESIAN_POINT('',(6.395425786517,8.253348281455E-02));
#5775 = CARTESIAN_POINT('',(6.40627721504,8.028883087469E-02));
#5776 = CARTESIAN_POINT('',(6.416735953537,7.780460239188E-02));
#5777 = CARTESIAN_POINT('',(6.440846833573,7.127812545602E-02));
#5778 = CARTESIAN_POINT('',(6.45407062267,6.701292443973E-02));
#5779 = CARTESIAN_POINT('',(6.466302235353,6.232808801062E-02));
#5780 = CARTESIAN_POINT('',(6.477422916139,5.72606391686E-02));
#5781 = CARTESIAN_POINT('',(6.487322337428,5.185356817832E-02));
#5782 = CARTESIAN_POINT('',(6.50350981376,4.111522034811E-02));
#5783 = CARTESIAN_POINT('',(6.510082509802,3.584589395251E-02));
#5784 = CARTESIAN_POINT('',(6.515559822769,3.038669899242E-02));
#5785 = CARTESIAN_POINT('',(6.519890855362,2.477832887395E-02));
#5786 = CARTESIAN_POINT('',(6.523043154536,1.906513490284E-02));
#5787 = CARTESIAN_POINT('',(6.525760018383,1.109161977816E-02));
#5788 = CARTESIAN_POINT('',(6.526337862501,8.879677282176E-03));
#5789 = CARTESIAN_POINT('',(6.526742310249,6.661965665322E-03));
#5790 = CARTESIAN_POINT('',(6.526973451171,4.441072858325E-03));
#5791 = CARTESIAN_POINT('',(6.527031870399,2.219567712549E-03));
#5792 = CARTESIAN_POINT('',(6.526918648651,0.));
#5793 = ( GEOMETRIC_REPRESENTATION_CONTEXT(2) 
PARAMETRIC_REPRESENTATION_CONTEXT() REPRESENTATION_CONTEXT('2D SPACE',''
  ) );
#5794 = PCURVE('',#5795,#5800);
#5795 = CYLINDRICAL_SURFACE('',#5796,1.6);
#5796 = AXIS2_PLACEMENT_3D('',#5797,#5798,#5799);
#5797 = CARTESIAN_POINT('',(73.1,-21.76,0.));
#5798 = DIRECTION('',(0.,1.,0.));
#5799 = DIRECTION('',(0.,-0.,1.));
#5800 = DEFINITIONAL_REPRESENTATION('',(#5801),#5859);
#5801 = B_SPLINE_CURVE_WITH_KNOTS('',6,(#5802,#5803,#5804,#5805,#5806,
    #5807,#5808,#5809,#5810,#5811,#5812,#5813,#5814,#5815,#5816,#5817,
    #5818,#5819,#5820,#5821,#5822,#5823,#5824,#5825,#5826,#5827,#5828,
    #5829,#5830,#5831,#5832,#5833,#5834,#5835,#5836,#5837,#5838,#5839,
    #5840,#5841,#5842,#5843,#5844,#5845,#5846,#5847,#5848,#5849,#5850,
    #5851,#5852,#5853,#5854,#5855,#5856,#5857,#5858),.UNSPECIFIED.,.F.,
  .F.,(7,5,5,5,5,5,5,5,5,5,5,7),(0.,4.538780773361E-02,0.165753589233,
    0.207924477715,0.300863590211,0.397204786685,0.500059117563,
    0.602666328206,0.698954900801,0.83435093842,0.954221106402,1.),
  .UNSPECIFIED.);
#5802 = CARTESIAN_POINT('',(3.14159265359,20.082219793496));
#5803 = CARTESIAN_POINT('',(3.117799095158,20.079189112519));
#5804 = CARTESIAN_POINT('',(3.093984983313,20.076442290609));
#5805 = CARTESIAN_POINT('',(3.070152829318,20.07398436622));
#5806 = CARTESIAN_POINT('',(3.046305311556,20.071818119077));
#5807 = CARTESIAN_POINT('',(3.02244527553,20.069944070177));
#5808 = CARTESIAN_POINT('',(2.935275121206,20.064160899032));
#5809 = CARTESIAN_POINT('',(2.871900450202,20.062003511561));
#5810 = CARTESIAN_POINT('',(2.808523770898,20.061857683606));
#5811 = CARTESIAN_POINT('',(2.745185191782,20.063573391877));
#5812 = CARTESIAN_POINT('',(2.681913537988,20.066905996335));
#5813 = CARTESIAN_POINT('',(2.596600812007,20.073188632343));
#5814 = CARTESIAN_POINT('',(2.574476449275,20.074980838071));
#5815 = CARTESIAN_POINT('',(2.552362928793,20.076922366919));
#5816 = CARTESIAN_POINT('',(2.530260397007,20.078999866387));
#5817 = CARTESIAN_POINT('',(2.50816872196,20.081199455196));
#5818 = CARTESIAN_POINT('',(2.437423358629,20.088591639861));
#5819 = CARTESIAN_POINT('',(2.388810650171,20.094199742835));
#5820 = CARTESIAN_POINT('',(2.34024380455,20.100178057282));
#5821 = CARTESIAN_POINT('',(2.291713375049,20.106366629193));
#5822 = CARTESIAN_POINT('',(2.24320767514,20.112607265493));
#5823 = CARTESIAN_POINT('',(2.144446048445,20.125122223791));
#5824 = CARTESIAN_POINT('',(2.094191321511,20.131389363577));
#5825 = CARTESIAN_POINT('',(2.043937656707,20.137388691171));
#5826 = CARTESIAN_POINT('',(1.9936741364,20.142966742405));
#5827 = CARTESIAN_POINT('',(1.943393520505,20.147989714375));
#5828 = CARTESIAN_POINT('',(1.839394518479,20.157008346867));
#5829 = CARTESIAN_POINT('',(1.785671176698,20.160911870925));
#5830 = CARTESIAN_POINT('',(1.73192698925,20.163931995652));
#5831 = CARTESIAN_POINT('',(1.678164336191,20.165976567539));
#5832 = CARTESIAN_POINT('',(1.624389454124,20.166997064376));
#5833 = CARTESIAN_POINT('',(1.516973081859,20.166991372257));
#5834 = CARTESIAN_POINT('',(1.46332746121,20.165970093619));
#5835 = CARTESIAN_POINT('',(1.409694010241,20.163929816871));
#5836 = CARTESIAN_POINT('',(1.356078926252,20.160918748142));
#5837 = CARTESIAN_POINT('',(1.302484585733,20.157028309512));
#5838 = CARTESIAN_POINT('',(1.198641809244,20.148032643583));
#5839 = CARTESIAN_POINT('',(1.148388524327,20.143016741124));
#5840 = CARTESIAN_POINT('',(1.098152348841,20.13744561145));
#5841 = CARTESIAN_POINT('',(1.047926075579,20.131452729875));
#5842 = CARTESIAN_POINT('',(0.997698821647,20.125191216953));
#5843 = CARTESIAN_POINT('',(0.876812025791,20.10987493486));
#5844 = CARTESIAN_POINT('',(0.806139893661,20.100718593182));
#5845 = CARTESIAN_POINT('',(0.735401998735,20.091813609361));
#5846 = CARTESIAN_POINT('',(0.664565325212,20.083662016269));
#5847 = CARTESIAN_POINT('',(0.593607514451,20.076762549192));
#5848 = CARTESIAN_POINT('',(0.459619041665,20.066907140289));
#5849 = CARTESIAN_POINT('',(0.396606758147,20.063589323248));
#5850 = CARTESIAN_POINT('',(0.333528046703,20.06187482632));
#5851 = CARTESIAN_POINT('',(0.270411369938,20.062005308496));
#5852 = CARTESIAN_POINT('',(0.207296347068,20.064129484717));
#5853 = CARTESIAN_POINT('',(0.120177851955,20.069863352269));
#5854 = CARTESIAN_POINT('',(9.611128729861E-02,20.071743405254));
#5855 = CARTESIAN_POINT('',(7.205738331976E-02,20.073920739273));
#5856 = CARTESIAN_POINT('',(4.801906281189E-02,20.076394859991));
#5857 = CARTESIAN_POINT('',(2.399907589194E-02,20.079162934936));
#5858 = CARTESIAN_POINT('',(0.,20.082219793496));
#5859 = ( GEOMETRIC_REPRESENTATION_CONTEXT(2) 
PARAMETRIC_REPRESENTATION_CONTEXT() REPRESENTATION_CONTEXT('2D SPACE',''
  ) );
#5860 = ADVANCED_FACE('',(#5861),#5377,.F.);
#5861 = FACE_BOUND('',#5862,.F.);
#5862 = EDGE_LOOP('',(#5863,#5886,#5907));
#5863 = ORIENTED_EDGE('',*,*,#5864,.F.);
#5864 = EDGE_CURVE('',#5865,#5330,#5867,.T.);
#5865 = VERTEX_POINT('',#5866);
#5866 = CARTESIAN_POINT('',(73.1,-1.87,1.6));
#5867 = SURFACE_CURVE('',#5868,(#5872,#5879),.PCURVE_S1.);
#5868 = LINE('',#5869,#5870);
#5869 = CARTESIAN_POINT('',(73.1,-1.87,0.));
#5870 = VECTOR('',#5871,1.);
#5871 = DIRECTION('',(0.,0.,1.));
#5872 = PCURVE('',#5377,#5873);
#5873 = DEFINITIONAL_REPRESENTATION('',(#5874),#5878);
#5874 = LINE('',#5875,#5876);
#5875 = CARTESIAN_POINT('',(6.63,0.));
#5876 = VECTOR('',#5877,1.);
#5877 = DIRECTION('',(0.,1.));
#5878 = ( GEOMETRIC_REPRESENTATION_CONTEXT(2) 
PARAMETRIC_REPRESENTATION_CONTEXT() REPRESENTATION_CONTEXT('2D SPACE',''
  ) );
#5879 = PCURVE('',#5473,#5880);
#5880 = DEFINITIONAL_REPRESENTATION('',(#5881),#5885);
#5881 = LINE('',#5882,#5883);
#5882 = CARTESIAN_POINT('',(0.,0.));
#5883 = VECTOR('',#5884,1.);
#5884 = DIRECTION('',(1.,0.));
#5885 = ( GEOMETRIC_REPRESENTATION_CONTEXT(2) 
PARAMETRIC_REPRESENTATION_CONTEXT() REPRESENTATION_CONTEXT('2D SPACE',''
  ) );
#5886 = ORIENTED_EDGE('',*,*,#5887,.T.);
#5887 = EDGE_CURVE('',#5865,#5328,#5888,.T.);
#5888 = SURFACE_CURVE('',#5889,(#5893,#5900),.PCURVE_S1.);
#5889 = LINE('',#5890,#5891);
#5890 = CARTESIAN_POINT('',(73.1,-21.76,1.6));
#5891 = VECTOR('',#5892,1.);
#5892 = DIRECTION('',(0.,1.,0.));
#5893 = PCURVE('',#5377,#5894);
#5894 = DEFINITIONAL_REPRESENTATION('',(#5895),#5899);
#5895 = LINE('',#5896,#5897);
#5896 = CARTESIAN_POINT('',(-13.26,1.6));
#5897 = VECTOR('',#5898,1.);
#5898 = DIRECTION('',(1.,0.));
#5899 = ( GEOMETRIC_REPRESENTATION_CONTEXT(2) 
PARAMETRIC_REPRESENTATION_CONTEXT() REPRESENTATION_CONTEXT('2D SPACE',''
  ) );
#5900 = PCURVE('',#5795,#5901);
#5901 = DEFINITIONAL_REPRESENTATION('',(#5902),#5906);
#5902 = LINE('',#5903,#5904);
#5903 = CARTESIAN_POINT('',(0.,-0.));
#5904 = VECTOR('',#5905,1.);
#5905 = DIRECTION('',(0.,1.));
#5906 = ( GEOMETRIC_REPRESENTATION_CONTEXT(2) 
PARAMETRIC_REPRESENTATION_CONTEXT() REPRESENTATION_CONTEXT('2D SPACE',''
  ) );
#5907 = ORIENTED_EDGE('',*,*,#5327,.T.);
#5908 = ADVANCED_FACE('',(#5909),#5795,.F.);
#5909 = FACE_BOUND('',#5910,.F.);
#5910 = EDGE_LOOP('',(#5911,#5912,#5913,#5936,#5964,#6180,#6208,#6235,
    #6236,#6260));
#5911 = ORIENTED_EDGE('',*,*,#5673,.T.);
#5912 = ORIENTED_EDGE('',*,*,#5887,.F.);
#5913 = ORIENTED_EDGE('',*,*,#5914,.F.);
#5914 = EDGE_CURVE('',#5915,#5865,#5917,.T.);
#5915 = VERTEX_POINT('',#5916);
#5916 = CARTESIAN_POINT('',(73.1,-15.13,1.6));
#5917 = SEAM_CURVE('',#5918,(#5922,#5929),.PCURVE_S1.);
#5918 = LINE('',#5919,#5920);
#5919 = CARTESIAN_POINT('',(73.1,-21.76,1.6));
#5920 = VECTOR('',#5921,1.);
#5921 = DIRECTION('',(0.,1.,0.));
#5922 = PCURVE('',#5795,#5923);
#5923 = DEFINITIONAL_REPRESENTATION('',(#5924),#5928);
#5924 = LINE('',#5925,#5926);
#5925 = CARTESIAN_POINT('',(6.28318530718,-0.));
#5926 = VECTOR('',#5927,1.);
#5927 = DIRECTION('',(0.,1.));
#5928 = ( GEOMETRIC_REPRESENTATION_CONTEXT(2) 
PARAMETRIC_REPRESENTATION_CONTEXT() REPRESENTATION_CONTEXT('2D SPACE',''
  ) );
#5929 = PCURVE('',#5795,#5930);
#5930 = DEFINITIONAL_REPRESENTATION('',(#5931),#5935);
#5931 = LINE('',#5932,#5933);
#5932 = CARTESIAN_POINT('',(0.,-0.));
#5933 = VECTOR('',#5934,1.);
#5934 = DIRECTION('',(0.,1.));
#5935 = ( GEOMETRIC_REPRESENTATION_CONTEXT(2) 
PARAMETRIC_REPRESENTATION_CONTEXT() REPRESENTATION_CONTEXT('2D SPACE',''
  ) );
#5936 = ORIENTED_EDGE('',*,*,#5937,.F.);
#5937 = EDGE_CURVE('',#5938,#5915,#5940,.T.);
#5938 = VERTEX_POINT('',#5939);
#5939 = CARTESIAN_POINT('',(73.1,-15.32221978811,1.6));
#5940 = SURFACE_CURVE('',#5941,(#5945,#5952),.PCURVE_S1.);
#5941 = LINE('',#5942,#5943);
#5942 = CARTESIAN_POINT('',(73.1,-21.76,1.6));
#5943 = VECTOR('',#5944,1.);
#5944 = DIRECTION('',(0.,1.,0.));
#5945 = PCURVE('',#5795,#5946);
#5946 = DEFINITIONAL_REPRESENTATION('',(#5947),#5951);
#5947 = LINE('',#5948,#5949);
#5948 = CARTESIAN_POINT('',(0.,-0.));
#5949 = VECTOR('',#5950,1.);
#5950 = DIRECTION('',(0.,1.));
#5951 = ( GEOMETRIC_REPRESENTATION_CONTEXT(2) 
PARAMETRIC_REPRESENTATION_CONTEXT() REPRESENTATION_CONTEXT('2D SPACE',''
  ) );
#5952 = PCURVE('',#5953,#5958);
#5953 = PLANE('',#5954);
#5954 = AXIS2_PLACEMENT_3D('',#5955,#5956,#5957);
#5955 = CARTESIAN_POINT('',(73.1,-8.5,0.));
#5956 = DIRECTION('',(1.,0.,0.));
#5957 = DIRECTION('',(0.,1.,0.));
#5958 = DEFINITIONAL_REPRESENTATION('',(#5959),#5963);
#5959 = LINE('',#5960,#5961);
#5960 = CARTESIAN_POINT('',(-13.26,1.6));
#5961 = VECTOR('',#5962,1.);
#5962 = DIRECTION('',(1.,0.));
#5963 = ( GEOMETRIC_REPRESENTATION_CONTEXT(2) 
PARAMETRIC_REPRESENTATION_CONTEXT() REPRESENTATION_CONTEXT('2D SPACE',''
  ) );
#5964 = ORIENTED_EDGE('',*,*,#5965,.T.);
#5965 = EDGE_CURVE('',#5938,#5966,#5968,.T.);
#5966 = VERTEX_POINT('',#5967);
#5967 = CARTESIAN_POINT('',(73.1,-15.32221978811,-1.6));
#5968 = SURFACE_CURVE('',#5969,(#6027,#6088),.PCURVE_S1.);
#5969 = B_SPLINE_CURVE_WITH_KNOTS('',6,(#5970,#5971,#5972,#5973,#5974,
    #5975,#5976,#5977,#5978,#5979,#5980,#5981,#5982,#5983,#5984,#5985,
    #5986,#5987,#5988,#5989,#5990,#5991,#5992,#5993,#5994,#5995,#5996,
    #5997,#5998,#5999,#6000,#6001,#6002,#6003,#6004,#6005,#6006,#6007,
    #6008,#6009,#6010,#6011,#6012,#6013,#6014,#6015,#6016,#6017,#6018,
    #6019,#6020,#6021,#6022,#6023,#6024,#6025,#6026),.UNSPECIFIED.,.F.,
  .F.,(7,5,5,5,5,5,5,5,5,5,5,7),(0.,4.546640589459E-02,0.166053064538,
    0.208323464158,0.301217260365,0.397506796273,0.49946671833,
    0.602390778793,0.698632445614,0.834081578372,0.954169370599,1.),
  .UNSPECIFIED.);
#5970 = CARTESIAN_POINT('',(73.1,-15.32221978558,1.6));
#5971 = CARTESIAN_POINT('',(73.138135628933,-15.31918385557,1.6));
#5972 = CARTESIAN_POINT('',(73.176304315864,-15.31643276867,
    1.598909278368));
#5973 = CARTESIAN_POINT('',(73.214462852109,-15.31397158968,
    1.596724225204));
#5974 = CARTESIAN_POINT('',(73.252567705887,-15.31180310889,
    1.593443977728));
#5975 = CARTESIAN_POINT('',(73.290575022327,-15.30992784208,
    1.589070420289));
#5976 = CARTESIAN_POINT('',(73.428868317909,-15.30414342264,
    1.569121163284));
#5977 = CARTESIAN_POINT('',(73.52831110641,-15.30199242603,
    1.546974566731));
#5978 = CARTESIAN_POINT('',(73.625922016784,-15.301860018,1.517256528542
    ));
#5979 = CARTESIAN_POINT('',(73.720919919827,-15.30359490587,
    1.480198385838));
#5980 = CARTESIAN_POINT('',(73.812588451336,-15.30695059896,
    1.436131265614));
#5981 = CARTESIAN_POINT('',(73.931018484805,-15.31326782773,
    1.367723813646));
#5982 = CARTESIAN_POINT('',(73.96127037435,-15.3150700481,1.349158253383
    ));
#5983 = CARTESIAN_POINT('',(73.991008043378,-15.3170218879,
    1.329800277437));
#5984 = CARTESIAN_POINT('',(74.020205786394,-15.31910988569,
    1.309668337491));
#5985 = CARTESIAN_POINT('',(74.048839169047,-15.32132004983,
    1.288781703583));
#5986 = CARTESIAN_POINT('',(74.138518850898,-15.32873149491,
    1.219645441042));
#5987 = CARTESIAN_POINT('',(74.197314327842,-15.33434518354,
    1.16858306437));
#5988 = CARTESIAN_POINT('',(74.253027183469,-15.34032607828,
    1.114184776473));
#5989 = CARTESIAN_POINT('',(74.305438104514,-15.34651445313,
    1.05667773761));
#5990 = CARTESIAN_POINT('',(74.354350362476,-15.35275240887,
    0.996302827407));
#5991 = CARTESIAN_POINT('',(74.446478154425,-15.36525720485,
    0.86801985449));
#5992 = CARTESIAN_POINT('',(74.489419762644,-15.37151671304,
    0.799917529678));
#5993 = CARTESIAN_POINT('',(74.528215346026,-15.37750648981,
    0.72928882621));
#5994 = CARTESIAN_POINT('',(74.562688852354,-15.38307350019,
    0.656435047564));
#5995 = CARTESIAN_POINT('',(74.592689302045,-15.38808438376,
    0.581677418797));
#5996 = CARTESIAN_POINT('',(74.64499680828,-15.39703883354,
    0.424545982036));
#5997 = CARTESIAN_POINT('',(74.666747867951,-15.40090242752,
    0.341979511741));
#5998 = CARTESIAN_POINT('',(74.683201908684,-15.40389786284,
    0.258072733656));
#5999 = CARTESIAN_POINT('',(74.694255718547,-15.4059353976,0.17325575217
    ));
#6000 = CARTESIAN_POINT('',(74.699854586393,-15.40696741197,
    8.797381883815E-02));
#6001 = CARTESIAN_POINT('',(74.700142259345,-15.40702044402,
    -8.340898665047E-02));
#6002 = CARTESIAN_POINT('',(74.694727403489,-15.40602235965,
    -0.169516689579));
#6003 = CARTESIAN_POINT('',(74.683752224109,-15.40399815653,
    -0.255165410245));
#6004 = CARTESIAN_POINT('',(74.667271862931,-15.40099583754,
    -0.339896883716));
#6005 = CARTESIAN_POINT('',(74.645391910788,-15.39710720624,
    -0.423268406012));
#6006 = CARTESIAN_POINT('',(74.592894983556,-15.3881189106,
    -0.581143814423));
#6007 = CARTESIAN_POINT('',(74.562936488139,-15.38311402544,
    -0.655875137877));
#6008 = CARTESIAN_POINT('',(74.528508688184,-15.37755295873,
    -0.728706112959));
#6009 = CARTESIAN_POINT('',(74.489762239208,-15.37156878354,
    -0.799315914439));
#6010 = CARTESIAN_POINT('',(74.446872831304,-15.36531423033,
    -0.867403603482));
#6011 = CARTESIAN_POINT('',(74.334120883612,-15.35000177542,
    -1.024564368478));
#6012 = CARTESIAN_POINT('',(74.260388723676,-15.34083988229,
    -1.110885769036));
#6013 = CARTESIAN_POINT('',(74.179385532083,-15.33192504844,
    -1.190867905383));
#6014 = CARTESIAN_POINT('',(74.091751894042,-15.32375982178,
    -1.263781953934));
#6015 = CARTESIAN_POINT('',(73.998231642221,-15.31684371759,
    -1.328954368035));
#6016 = CARTESIAN_POINT('',(73.812354972849,-15.30694649207,
    -1.43621781213));
#6017 = CARTESIAN_POINT('',(73.721061448384,-15.30360765902,
    -1.480092935777));
#6018 = CARTESIAN_POINT('',(73.626466244008,-15.30187620824,
    -1.517016921095));
#6019 = CARTESIAN_POINT('',(73.529276805712,-15.30199555388,
    -1.546662623439));
#6020 = CARTESIAN_POINT('',(73.430264402797,-15.30411558356,
    -1.568801057087));
#6021 = CARTESIAN_POINT('',(73.292101252133,-15.30985272466,
    -1.588894081196));
#6022 = CARTESIAN_POINT('',(73.253791852974,-15.31173355693,
    -1.593338171454));
#6023 = CARTESIAN_POINT('',(73.215382270312,-15.31391234421,
    -1.596671365747));
#6024 = CARTESIAN_POINT('',(73.176917427648,-15.31638859582,
    -1.598891688139));
#6025 = CARTESIAN_POINT('',(73.138441917218,-15.31915947234,-1.6));
#6026 = CARTESIAN_POINT('',(73.1,-15.32221978558,-1.6));
#6027 = PCURVE('',#5795,#6028);
#6028 = DEFINITIONAL_REPRESENTATION('',(#6029),#6087);
#6029 = B_SPLINE_CURVE_WITH_KNOTS('',6,(#6030,#6031,#6032,#6033,#6034,
    #6035,#6036,#6037,#6038,#6039,#6040,#6041,#6042,#6043,#6044,#6045,
    #6046,#6047,#6048,#6049,#6050,#6051,#6052,#6053,#6054,#6055,#6056,
    #6057,#6058,#6059,#6060,#6061,#6062,#6063,#6064,#6065,#6066,#6067,
    #6068,#6069,#6070,#6071,#6072,#6073,#6074,#6075,#6076,#6077,#6078,
    #6079,#6080,#6081,#6082,#6083,#6084,#6085,#6086),.UNSPECIFIED.,.F.,
  .F.,(7,5,5,5,5,5,5,5,5,5,5,7),(0.,4.546640589459E-02,0.166053064538,
    0.208323464158,0.301217260365,0.397506796273,0.49946671833,
    0.602390778793,0.698632445614,0.834081578372,0.954169370599,1.),
  .UNSPECIFIED.);
#6030 = CARTESIAN_POINT('',(0.,6.437780214414));
#6031 = CARTESIAN_POINT('',(2.383476808289E-02,6.440816144426));
#6032 = CARTESIAN_POINT('',(4.769016118655E-02,6.443567231327));
#6033 = CARTESIAN_POINT('',(7.156365456508E-02,6.446028410318));
#6034 = CARTESIAN_POINT('',(9.545255547986E-02,6.448196891108));
#6035 = CARTESIAN_POINT('',(0.119354003199,6.450072157915));
#6036 = CARTESIAN_POINT('',(0.206681977977,6.455856577357));
#6037 = CARTESIAN_POINT('',(0.270173192823,6.458007573964));
#6038 = CARTESIAN_POINT('',(0.333666132503,6.458139981992));
#6039 = CARTESIAN_POINT('',(0.397120548697,6.456405094126));
#6040 = CARTESIAN_POINT('',(0.460507567122,6.453049401036));
#6041 = CARTESIAN_POINT('',(0.545987033571,6.446732172267));
#6042 = CARTESIAN_POINT('',(0.568163195596,6.444929951895));
#6043 = CARTESIAN_POINT('',(0.590328457157,6.442978112096));
#6044 = CARTESIAN_POINT('',(0.612482677877,6.440890114307));
#6045 = CARTESIAN_POINT('',(0.634625997763,6.438679950162));
#6046 = CARTESIAN_POINT('',(0.705398156767,6.431268505084));
#6047 = CARTESIAN_POINT('',(0.753986173927,6.425654816459));
#6048 = CARTESIAN_POINT('',(0.802528518051,6.419673921718));
#6049 = CARTESIAN_POINT('',(0.851034663226,6.413485546861));
#6050 = CARTESIAN_POINT('',(0.899516292077,6.407247591126));
#6051 = CARTESIAN_POINT('',(0.998226828475,6.394742795144));
#6052 = CARTESIAN_POINT('',(1.048454555568,6.388483286955));
#6053 = CARTESIAN_POINT('',(1.098681381188,6.382493510181));
#6054 = CARTESIAN_POINT('',(1.148918172085,6.376926499803));
#6055 = CARTESIAN_POINT('',(1.199172112957,6.371915616235));
#6056 = CARTESIAN_POINT('',(1.302677780878,6.362961166459));
#6057 = CARTESIAN_POINT('',(1.355934018356,6.359097572472));
#6058 = CARTESIAN_POINT('',(1.409210753558,6.356102137152));
#6059 = CARTESIAN_POINT('',(1.462505645328,6.354064602395));
#6060 = CARTESIAN_POINT('',(1.515812614139,6.353032588028));
#6061 = CARTESIAN_POINT('',(1.622927018467,6.35297955598));
#6062 = CARTESIAN_POINT('',(1.676738536572,6.353977640342));
#6063 = CARTESIAN_POINT('',(1.730537967399,6.356001843462));
#6064 = CARTESIAN_POINT('',(1.784319025605,6.359004162458));
#6065 = CARTESIAN_POINT('',(1.838079264146,6.362892793759));
#6066 = CARTESIAN_POINT('',(1.942063510154,6.371881089397));
#6067 = CARTESIAN_POINT('',(1.992292566306,6.376885974558));
#6068 = CARTESIAN_POINT('',(2.042504463694,6.382447041267));
#6069 = CARTESIAN_POINT('',(2.09270635913,6.38843121646));
#6070 = CARTESIAN_POINT('',(2.142909089193,6.394685769665));
#6071 = CARTESIAN_POINT('',(2.263798546321,6.409998224571));
#6072 = CARTESIAN_POINT('',(2.334497714912,6.419160117705));
#6073 = CARTESIAN_POINT('',(2.405262357372,6.428074951559));
#6074 = CARTESIAN_POINT('',(2.47612560458,6.436240178218));
#6075 = CARTESIAN_POINT('',(2.547109978505,6.443156282403));
#6076 = CARTESIAN_POINT('',(2.681238506324,6.453053507928));
#6077 = CARTESIAN_POINT('',(2.744364527787,6.456392340977));
#6078 = CARTESIAN_POINT('',(2.807557414956,6.458123791755));
#6079 = CARTESIAN_POINT('',(2.870788645442,6.458004446116));
#6080 = CARTESIAN_POINT('',(2.934018455026,6.455884416438));
#6081 = CARTESIAN_POINT('',(3.021278809486,6.450147275335));
#6082 = CARTESIAN_POINT('',(3.045372629798,6.448266443066));
#6083 = CARTESIAN_POINT('',(3.069453770643,6.44608765579));
#6084 = CARTESIAN_POINT('',(3.093519298998,6.443611404176));
#6085 = CARTESIAN_POINT('',(3.117566455328,6.440840527655));
#6086 = CARTESIAN_POINT('',(3.14159265359,6.437780214414));
#6087 = ( GEOMETRIC_REPRESENTATION_CONTEXT(2) 
PARAMETRIC_REPRESENTATION_CONTEXT() REPRESENTATION_CONTEXT('2D SPACE',''
  ) );
#6088 = PCURVE('',#6089,#6120);
#6089 = B_SPLINE_SURFACE_WITH_KNOTS('',14,1,(
    (#6090,#6091)
    ,(#6092,#6093)
    ,(#6094,#6095)
    ,(#6096,#6097)
    ,(#6098,#6099)
    ,(#6100,#6101)
    ,(#6102,#6103)
    ,(#6104,#6105)
    ,(#6106,#6107)
    ,(#6108,#6109)
    ,(#6110,#6111)
    ,(#6112,#6113)
    ,(#6114,#6115)
    ,(#6116,#6117)
    ,(#6118,#6119
    )),.UNSPECIFIED.,.T.,.F.,.F.,(1,14,14,1),(2,2),(-6.28318530718,0.,
    6.28318530718,12.566370614359),(0.,1.),.UNSPECIFIED.);
#6090 = CARTESIAN_POINT('',(73.1,-1.47,9.585395327885E-16));
#6091 = CARTESIAN_POINT('',(90.4,-2.8,-2.8065920263E-15));
#6092 = CARTESIAN_POINT('',(73.1,-1.469999999999,2.975537041902));
#6093 = CARTESIAN_POINT('',(90.399999999999,-2.8,2.365170469204));
#6094 = CARTESIAN_POINT('',(73.1,-2.994907959234,5.951075182139));
#6095 = CARTESIAN_POINT('',(90.400000000007,-4.036411858838,
    4.730341811445));
#6096 = CARTESIAN_POINT('',(73.1,-6.044725827146,8.173592267779));
#6097 = CARTESIAN_POINT('',(90.399999999972,-6.509237157146,
    6.496957956437));
#6098 = CARTESIAN_POINT('',(73.1,-10.1633726216,8.89015106033));
#6099 = CARTESIAN_POINT('',(90.400000000078,-9.848680504001,
    7.06653033001));
#6100 = CARTESIAN_POINT('',(73.1,-14.43877289265,7.617716588491));
#6101 = CARTESIAN_POINT('',(90.399999999838,-13.31522126431,
    6.055108057514));
#6102 = CARTESIAN_POINT('',(73.1,-17.70256316263,4.414819176112));
#6103 = CARTESIAN_POINT('',(90.400000000262,-15.96153769943,
    3.509215242555));
#6104 = CARTESIAN_POINT('',(73.1,-18.93131507242,7.623235376287E-11));
#6105 = CARTESIAN_POINT('',(90.399999999666,-16.9578230317,
    5.836753302902E-11));
#6106 = CARTESIAN_POINT('',(73.1,-17.70256316263,-4.414819176252));
#6107 = CARTESIAN_POINT('',(90.400000000339,-15.96153769943,
    -3.509215242662));
#6108 = CARTESIAN_POINT('',(73.1,-14.43877289264,-7.617716588383));
#6109 = CARTESIAN_POINT('',(90.399999999725,-13.31522126431,
    -6.055108057431));
#6110 = CARTESIAN_POINT('',(73.1,-10.1633726216,-8.890151060398));
#6111 = CARTESIAN_POINT('',(90.400000000176,-9.848680504005,
    -7.066530330062));
#6112 = CARTESIAN_POINT('',(73.1,-6.044725827144,-8.173592267744));
#6113 = CARTESIAN_POINT('',(90.399999999913,-6.509237157143,
    -6.496957956411));
#6114 = CARTESIAN_POINT('',(73.1,-2.994907959234,-5.951075182152));
#6115 = CARTESIAN_POINT('',(90.400000000031,-4.036411858839,
    -4.730341811454));
#6116 = CARTESIAN_POINT('',(73.1,-1.469999999999,-2.975537041899));
#6117 = CARTESIAN_POINT('',(90.399999999993,-2.799999999999,
    -2.365170469202));
#6118 = CARTESIAN_POINT('',(73.1,-1.47,9.585395327885E-16));
#6119 = CARTESIAN_POINT('',(90.4,-2.8,-2.8065920263E-15));
#6120 = DEFINITIONAL_REPRESENTATION('',(#6121),#6179);
#6121 = B_SPLINE_CURVE_WITH_KNOTS('',6,(#6122,#6123,#6124,#6125,#6126,
    #6127,#6128,#6129,#6130,#6131,#6132,#6133,#6134,#6135,#6136,#6137,
    #6138,#6139,#6140,#6141,#6142,#6143,#6144,#6145,#6146,#6147,#6148,
    #6149,#6150,#6151,#6152,#6153,#6154,#6155,#6156,#6157,#6158,#6159,
    #6160,#6161,#6162,#6163,#6164,#6165,#6166,#6167,#6168,#6169,#6170,
    #6171,#6172,#6173,#6174,#6175,#6176,#6177,#6178),.UNSPECIFIED.,.F.,
  .F.,(7,5,5,5,5,5,5,5,5,5,5,7),(0.,4.546640589459E-02,0.166053064538,
    0.208323464158,0.301217260365,0.397506796273,0.49946671833,
    0.602390778793,0.698632445614,0.834081578372,0.954169370599,1.),
  .UNSPECIFIED.);
#6122 = CARTESIAN_POINT('',(2.897859308404,0.));
#6123 = CARTESIAN_POINT('',(2.89774686182,2.204371614603E-03));
#6124 = CARTESIAN_POINT('',(2.897803714098,4.410654096206E-03));
#6125 = CARTESIAN_POINT('',(2.898030923708,6.616349832884E-03));
#6126 = CARTESIAN_POINT('',(2.898429067127,8.818942536829E-03));
#6127 = CARTESIAN_POINT('',(2.898998238836,1.101589724435E-02));
#6128 = CARTESIAN_POINT('',(2.901700192683,1.900972935888E-02));
#6129 = CARTESIAN_POINT('',(2.904862857772,2.475786742257E-02));
#6130 = CARTESIAN_POINT('',(2.909218570455,3.040011657713E-02));
#6131 = CARTESIAN_POINT('',(2.914734309798,3.589132484548E-02));
#6132 = CARTESIAN_POINT('',(2.921358185024,4.119008389223E-02));
#6133 = CARTESIAN_POINT('',(2.93170877301,4.803575056678E-02));
#6134 = CARTESIAN_POINT('',(2.934523275866,4.978441470229E-02));
#6135 = CARTESIAN_POINT('',(2.937462896197,5.150335510857E-02));
#6136 = CARTESIAN_POINT('',(2.940524652021,5.319108591875E-02));
#6137 = CARTESIAN_POINT('',(2.943705415619,5.484619474263E-02));
#6138 = CARTESIAN_POINT('',(2.954246325866,6.002999138141E-02));
#6139 = CARTESIAN_POINT('',(2.962049623587,6.342857386373E-02));
#6140 = CARTESIAN_POINT('',(2.970377368157,6.66489701427E-02));
#6141 = CARTESIAN_POINT('',(2.979192470828,6.967850315111E-02));
#6142 = CARTESIAN_POINT('',(2.988455790311,7.25058012992E-02));
#6143 = CARTESIAN_POINT('',(3.00815119253,7.783110719217E-02));
#6144 = CARTESIAN_POINT('',(3.018613555414,8.031328107768E-02));
#6145 = CARTESIAN_POINT('',(3.029468284483,8.255580034834E-02));
#6146 = CARTESIAN_POINT('',(3.040667464844,8.454848857535E-02));
#6147 = CARTESIAN_POINT('',(3.052160574961,8.628261861529E-02));
#6148 = CARTESIAN_POINT('',(3.076318929585,8.930617388903E-02));
#6149 = CARTESIAN_POINT('',(3.089013865216,9.05634605752E-02));
#6150 = CARTESIAN_POINT('',(3.101914730757,9.151456119559E-02));
#6151 = CARTESIAN_POINT('',(3.114955214205,9.215350974259E-02));
#6152 = CARTESIAN_POINT('',(3.128067000335,9.247714372214E-02));
#6153 = CARTESIAN_POINT('',(3.154416480574,9.249377221648E-02));
#6154 = CARTESIAN_POINT('',(3.167655218524,9.218077476818E-02));
#6155 = CARTESIAN_POINT('',(3.180823569752,9.15463713358E-02));
#6156 = CARTESIAN_POINT('',(3.19385122971,9.059374930234E-02));
#6157 = CARTESIAN_POINT('',(3.206669951754,8.932901218426E-02));
#6158 = CARTESIAN_POINT('',(3.230942695789,8.629450771998E-02));
#6159 = CARTESIAN_POINT('',(3.242431768236,8.456280278262E-02));
#6160 = CARTESIAN_POINT('',(3.253627455128,8.257275654244E-02));
#6161 = CARTESIAN_POINT('',(3.264479300047,8.033307741085E-02));
#6162 = CARTESIAN_POINT('',(3.274939448582,7.785392088465E-02));
#6163 = CARTESIAN_POINT('',(3.299068610396,7.13364672608E-02));
#6164 = CARTESIAN_POINT('',(3.312308758454,6.707449269801E-02));
#6165 = CARTESIAN_POINT('',(3.324557047489,6.239222728803E-02));
#6166 = CARTESIAN_POINT('',(3.335694529476,5.732669907755E-02));
#6167 = CARTESIAN_POINT('',(3.345610677992,5.192090417461E-02));
#6168 = CARTESIAN_POINT('',(3.361839978899,4.117658802597E-02));
#6169 = CARTESIAN_POINT('',(3.368434909607,3.589950568692E-02));
#6170 = CARTESIAN_POINT('',(3.373930852942,3.043157479813E-02));
#6171 = CARTESIAN_POINT('',(3.378276544756,2.481368819146E-02));
#6172 = CARTESIAN_POINT('',(3.381439276634,1.909042790736E-02));
#6173 = CARTESIAN_POINT('',(3.384164101076,1.110411862042E-02));
#6174 = CARTESIAN_POINT('',(3.38474338298,8.889702484043E-03));
#6175 = CARTESIAN_POINT('',(3.385148876069,6.669495393772E-03));
#6176 = CARTESIAN_POINT('',(3.385380669049,4.446094083684E-03));
#6177 = CARTESIAN_POINT('',(3.38543934848,2.222076139782E-03));
#6178 = CARTESIAN_POINT('',(3.385325998776,0.));
#6179 = ( GEOMETRIC_REPRESENTATION_CONTEXT(2) 
PARAMETRIC_REPRESENTATION_CONTEXT() REPRESENTATION_CONTEXT('2D SPACE',''
  ) );
#6180 = ORIENTED_EDGE('',*,*,#6181,.T.);
#6181 = EDGE_CURVE('',#5966,#6182,#6184,.T.);
#6182 = VERTEX_POINT('',#6183);
#6183 = CARTESIAN_POINT('',(73.1,-15.13,-1.6));
#6184 = SURFACE_CURVE('',#6185,(#6189,#6196),.PCURVE_S1.);
#6185 = LINE('',#6186,#6187);
#6186 = CARTESIAN_POINT('',(73.1,-21.76,-1.6));
#6187 = VECTOR('',#6188,1.);
#6188 = DIRECTION('',(0.,1.,0.));
#6189 = PCURVE('',#5795,#6190);
#6190 = DEFINITIONAL_REPRESENTATION('',(#6191),#6195);
#6191 = LINE('',#6192,#6193);
#6192 = CARTESIAN_POINT('',(3.14159265359,0.));
#6193 = VECTOR('',#6194,1.);
#6194 = DIRECTION('',(0.,1.));
#6195 = ( GEOMETRIC_REPRESENTATION_CONTEXT(2) 
PARAMETRIC_REPRESENTATION_CONTEXT() REPRESENTATION_CONTEXT('2D SPACE',''
  ) );
#6196 = PCURVE('',#6197,#6202);
#6197 = PLANE('',#6198);
#6198 = AXIS2_PLACEMENT_3D('',#6199,#6200,#6201);
#6199 = CARTESIAN_POINT('',(73.1,-8.5,0.));
#6200 = DIRECTION('',(1.,0.,0.));
#6201 = DIRECTION('',(0.,1.,0.));
#6202 = DEFINITIONAL_REPRESENTATION('',(#6203),#6207);
#6203 = LINE('',#6204,#6205);
#6204 = CARTESIAN_POINT('',(-13.26,-1.6));
#6205 = VECTOR('',#6206,1.);
#6206 = DIRECTION('',(1.,0.));
#6207 = ( GEOMETRIC_REPRESENTATION_CONTEXT(2) 
PARAMETRIC_REPRESENTATION_CONTEXT() REPRESENTATION_CONTEXT('2D SPACE',''
  ) );
#6208 = ORIENTED_EDGE('',*,*,#6209,.T.);
#6209 = EDGE_CURVE('',#6182,#5915,#6210,.T.);
#6210 = SURFACE_CURVE('',#6211,(#6216,#6223),.PCURVE_S1.);
#6211 = CIRCLE('',#6212,1.6);
#6212 = AXIS2_PLACEMENT_3D('',#6213,#6214,#6215);
#6213 = CARTESIAN_POINT('',(73.1,-15.13,0.));
#6214 = DIRECTION('',(0.,1.,0.));
#6215 = DIRECTION('',(0.,-0.,1.));
#6216 = PCURVE('',#5795,#6217);
#6217 = DEFINITIONAL_REPRESENTATION('',(#6218),#6222);
#6218 = LINE('',#6219,#6220);
#6219 = CARTESIAN_POINT('',(0.,6.63));
#6220 = VECTOR('',#6221,1.);
#6221 = DIRECTION('',(1.,0.));
#6222 = ( GEOMETRIC_REPRESENTATION_CONTEXT(2) 
PARAMETRIC_REPRESENTATION_CONTEXT() REPRESENTATION_CONTEXT('2D SPACE',''
  ) );
#6223 = PCURVE('',#6224,#6229);
#6224 = PLANE('',#6225);
#6225 = AXIS2_PLACEMENT_3D('',#6226,#6227,#6228);
#6226 = CARTESIAN_POINT('',(73.1,-15.13,0.));
#6227 = DIRECTION('',(0.,1.,0.));
#6228 = DIRECTION('',(0.,-0.,1.));
#6229 = DEFINITIONAL_REPRESENTATION('',(#6230),#6234);
#6230 = CIRCLE('',#6231,1.6);
#6231 = AXIS2_PLACEMENT_2D('',#6232,#6233);
#6232 = CARTESIAN_POINT('',(0.,0.));
#6233 = DIRECTION('',(1.,0.));
#6234 = ( GEOMETRIC_REPRESENTATION_CONTEXT(2) 
PARAMETRIC_REPRESENTATION_CONTEXT() REPRESENTATION_CONTEXT('2D SPACE',''
  ) );
#6235 = ORIENTED_EDGE('',*,*,#5914,.T.);
#6236 = ORIENTED_EDGE('',*,*,#6237,.F.);
#6237 = EDGE_CURVE('',#6238,#5865,#6240,.T.);
#6238 = VERTEX_POINT('',#6239);
#6239 = CARTESIAN_POINT('',(73.1,-1.87,-1.6));
#6240 = SURFACE_CURVE('',#6241,(#6246,#6253),.PCURVE_S1.);
#6241 = CIRCLE('',#6242,1.6);
#6242 = AXIS2_PLACEMENT_3D('',#6243,#6244,#6245);
#6243 = CARTESIAN_POINT('',(73.1,-1.87,0.));
#6244 = DIRECTION('',(0.,1.,0.));
#6245 = DIRECTION('',(0.,-0.,1.));
#6246 = PCURVE('',#5795,#6247);
#6247 = DEFINITIONAL_REPRESENTATION('',(#6248),#6252);
#6248 = LINE('',#6249,#6250);
#6249 = CARTESIAN_POINT('',(0.,19.89));
#6250 = VECTOR('',#6251,1.);
#6251 = DIRECTION('',(1.,0.));
#6252 = ( GEOMETRIC_REPRESENTATION_CONTEXT(2) 
PARAMETRIC_REPRESENTATION_CONTEXT() REPRESENTATION_CONTEXT('2D SPACE',''
  ) );
#6253 = PCURVE('',#5473,#6254);
#6254 = DEFINITIONAL_REPRESENTATION('',(#6255),#6259);
#6255 = CIRCLE('',#6256,1.6);
#6256 = AXIS2_PLACEMENT_2D('',#6257,#6258);
#6257 = CARTESIAN_POINT('',(0.,0.));
#6258 = DIRECTION('',(1.,0.));
#6259 = ( GEOMETRIC_REPRESENTATION_CONTEXT(2) 
PARAMETRIC_REPRESENTATION_CONTEXT() REPRESENTATION_CONTEXT('2D SPACE',''
  ) );
#6260 = ORIENTED_EDGE('',*,*,#6261,.T.);
#6261 = EDGE_CURVE('',#6238,#5645,#6262,.T.);
#6262 = SURFACE_CURVE('',#6263,(#6267,#6274),.PCURVE_S1.);
#6263 = LINE('',#6264,#6265);
#6264 = CARTESIAN_POINT('',(73.1,-21.76,-1.6));
#6265 = VECTOR('',#6266,1.);
#6266 = DIRECTION('',(0.,1.,0.));
#6267 = PCURVE('',#5795,#6268);
#6268 = DEFINITIONAL_REPRESENTATION('',(#6269),#6273);
#6269 = LINE('',#6270,#6271);
#6270 = CARTESIAN_POINT('',(3.14159265359,0.));
#6271 = VECTOR('',#6272,1.);
#6272 = DIRECTION('',(0.,1.));
#6273 = ( GEOMETRIC_REPRESENTATION_CONTEXT(2) 
PARAMETRIC_REPRESENTATION_CONTEXT() REPRESENTATION_CONTEXT('2D SPACE',''
  ) );
#6274 = PCURVE('',#5661,#6275);
#6275 = DEFINITIONAL_REPRESENTATION('',(#6276),#6280);
#6276 = LINE('',#6277,#6278);
#6277 = CARTESIAN_POINT('',(-13.26,-1.6));
#6278 = VECTOR('',#6279,1.);
#6279 = DIRECTION('',(1.,0.));
#6280 = ( GEOMETRIC_REPRESENTATION_CONTEXT(2) 
PARAMETRIC_REPRESENTATION_CONTEXT() REPRESENTATION_CONTEXT('2D SPACE',''
  ) );
#6281 = ADVANCED_FACE('',(#6282),#5661,.F.);
#6282 = FACE_BOUND('',#6283,.F.);
#6283 = EDGE_LOOP('',(#6284,#6305,#6306));
#6284 = ORIENTED_EDGE('',*,*,#6285,.F.);
#6285 = EDGE_CURVE('',#5520,#6238,#6286,.T.);
#6286 = SURFACE_CURVE('',#6287,(#6291,#6298),.PCURVE_S1.);
#6287 = LINE('',#6288,#6289);
#6288 = CARTESIAN_POINT('',(73.1,-1.87,0.));
#6289 = VECTOR('',#6290,1.);
#6290 = DIRECTION('',(0.,0.,1.));
#6291 = PCURVE('',#5661,#6292);
#6292 = DEFINITIONAL_REPRESENTATION('',(#6293),#6297);
#6293 = LINE('',#6294,#6295);
#6294 = CARTESIAN_POINT('',(6.63,0.));
#6295 = VECTOR('',#6296,1.);
#6296 = DIRECTION('',(0.,1.));
#6297 = ( GEOMETRIC_REPRESENTATION_CONTEXT(2) 
PARAMETRIC_REPRESENTATION_CONTEXT() REPRESENTATION_CONTEXT('2D SPACE',''
  ) );
#6298 = PCURVE('',#5473,#6299);
#6299 = DEFINITIONAL_REPRESENTATION('',(#6300),#6304);
#6300 = LINE('',#6301,#6302);
#6301 = CARTESIAN_POINT('',(0.,0.));
#6302 = VECTOR('',#6303,1.);
#6303 = DIRECTION('',(1.,0.));
#6304 = ( GEOMETRIC_REPRESENTATION_CONTEXT(2) 
PARAMETRIC_REPRESENTATION_CONTEXT() REPRESENTATION_CONTEXT('2D SPACE',''
  ) );
#6305 = ORIENTED_EDGE('',*,*,#5644,.T.);
#6306 = ORIENTED_EDGE('',*,*,#6261,.F.);
#6307 = ADVANCED_FACE('',(#6308,#6339),#5473,.T.);
#6308 = FACE_BOUND('',#6309,.T.);
#6309 = EDGE_LOOP('',(#6310));
#6310 = ORIENTED_EDGE('',*,*,#6311,.T.);
#6311 = EDGE_CURVE('',#6312,#6312,#6314,.T.);
#6312 = VERTEX_POINT('',#6313);
#6313 = CARTESIAN_POINT('',(73.1,-1.87,7.03));
#6314 = SURFACE_CURVE('',#6315,(#6320,#6327),.PCURVE_S1.);
#6315 = CIRCLE('',#6316,7.03);
#6316 = AXIS2_PLACEMENT_3D('',#6317,#6318,#6319);
#6317 = CARTESIAN_POINT('',(73.1,-1.87,0.));
#6318 = DIRECTION('',(0.,1.,0.));
#6319 = DIRECTION('',(0.,-0.,1.));
#6320 = PCURVE('',#5473,#6321);
#6321 = DEFINITIONAL_REPRESENTATION('',(#6322),#6326);
#6322 = CIRCLE('',#6323,7.03);
#6323 = AXIS2_PLACEMENT_2D('',#6324,#6325);
#6324 = CARTESIAN_POINT('',(0.,0.));
#6325 = DIRECTION('',(1.,0.));
#6326 = ( GEOMETRIC_REPRESENTATION_CONTEXT(2) 
PARAMETRIC_REPRESENTATION_CONTEXT() REPRESENTATION_CONTEXT('2D SPACE',''
  ) );
#6327 = PCURVE('',#6328,#6333);
#6328 = CYLINDRICAL_SURFACE('',#6329,7.03);
#6329 = AXIS2_PLACEMENT_3D('',#6330,#6331,#6332);
#6330 = CARTESIAN_POINT('',(73.1,-15.13,0.));
#6331 = DIRECTION('',(0.,1.,0.));
#6332 = DIRECTION('',(0.,-0.,1.));
#6333 = DEFINITIONAL_REPRESENTATION('',(#6334),#6338);
#6334 = LINE('',#6335,#6336);
#6335 = CARTESIAN_POINT('',(0.,13.26));
#6336 = VECTOR('',#6337,1.);
#6337 = DIRECTION('',(1.,0.));
#6338 = ( GEOMETRIC_REPRESENTATION_CONTEXT(2) 
PARAMETRIC_REPRESENTATION_CONTEXT() REPRESENTATION_CONTEXT('2D SPACE',''
  ) );
#6339 = FACE_BOUND('',#6340,.T.);
#6340 = EDGE_LOOP('',(#6341,#6342,#6343,#6344,#6345));
#6341 = ORIENTED_EDGE('',*,*,#5389,.F.);
#6342 = ORIENTED_EDGE('',*,*,#5864,.F.);
#6343 = ORIENTED_EDGE('',*,*,#6237,.F.);
#6344 = ORIENTED_EDGE('',*,*,#6285,.F.);
#6345 = ORIENTED_EDGE('',*,*,#5519,.T.);
#6346 = ADVANCED_FACE('',(#6347,#6373),#6224,.F.);
#6347 = FACE_BOUND('',#6348,.F.);
#6348 = EDGE_LOOP('',(#6349));
#6349 = ORIENTED_EDGE('',*,*,#6350,.T.);
#6350 = EDGE_CURVE('',#6351,#6351,#6353,.T.);
#6351 = VERTEX_POINT('',#6352);
#6352 = CARTESIAN_POINT('',(73.1,-15.13,7.03));
#6353 = SURFACE_CURVE('',#6354,(#6359,#6366),.PCURVE_S1.);
#6354 = CIRCLE('',#6355,7.03);
#6355 = AXIS2_PLACEMENT_3D('',#6356,#6357,#6358);
#6356 = CARTESIAN_POINT('',(73.1,-15.13,0.));
#6357 = DIRECTION('',(0.,1.,0.));
#6358 = DIRECTION('',(0.,-0.,1.));
#6359 = PCURVE('',#6224,#6360);
#6360 = DEFINITIONAL_REPRESENTATION('',(#6361),#6365);
#6361 = CIRCLE('',#6362,7.03);
#6362 = AXIS2_PLACEMENT_2D('',#6363,#6364);
#6363 = CARTESIAN_POINT('',(0.,0.));
#6364 = DIRECTION('',(1.,0.));
#6365 = ( GEOMETRIC_REPRESENTATION_CONTEXT(2) 
PARAMETRIC_REPRESENTATION_CONTEXT() REPRESENTATION_CONTEXT('2D SPACE',''
  ) );
#6366 = PCURVE('',#6328,#6367);
#6367 = DEFINITIONAL_REPRESENTATION('',(#6368),#6372);
#6368 = LINE('',#6369,#6370);
#6369 = CARTESIAN_POINT('',(0.,0.));
#6370 = VECTOR('',#6371,1.);
#6371 = DIRECTION('',(1.,0.));
#6372 = ( GEOMETRIC_REPRESENTATION_CONTEXT(2) 
PARAMETRIC_REPRESENTATION_CONTEXT() REPRESENTATION_CONTEXT('2D SPACE',''
  ) );
#6373 = FACE_BOUND('',#6374,.F.);
#6374 = EDGE_LOOP('',(#6375,#6607,#6628,#6629));
#6375 = ORIENTED_EDGE('',*,*,#6376,.F.);
#6376 = EDGE_CURVE('',#6377,#6379,#6381,.T.);
#6377 = VERTEX_POINT('',#6378);
#6378 = CARTESIAN_POINT('',(73.1,-15.13,2.204517489897));
#6379 = VERTEX_POINT('',#6380);
#6380 = CARTESIAN_POINT('',(73.1,-15.13,-2.204517489897));
#6381 = SURFACE_CURVE('',#6382,(#6455,#6531),.PCURVE_S1.);
#6382 = B_SPLINE_CURVE_WITH_KNOTS('',8,(#6383,#6384,#6385,#6386,#6387,
    #6388,#6389,#6390,#6391,#6392,#6393,#6394,#6395,#6396,#6397,#6398,
    #6399,#6400,#6401,#6402,#6403,#6404,#6405,#6406,#6407,#6408,#6409,
    #6410,#6411,#6412,#6413,#6414,#6415,#6416,#6417,#6418,#6419,#6420,
    #6421,#6422,#6423,#6424,#6425,#6426,#6427,#6428,#6429,#6430,#6431,
    #6432,#6433,#6434,#6435,#6436,#6437,#6438,#6439,#6440,#6441,#6442,
    #6443,#6444,#6445,#6446,#6447,#6448,#6449,#6450,#6451,#6452,#6453,
    #6454),.UNSPECIFIED.,.F.,.F.,(9,7,7,7,7,7,7,7,7,7,9),(0.,
    0.24701466428,0.372370355448,0.439368509503,0.467871469508,
    0.512592373431,0.560341295712,0.623023743894,0.740410502831,
    0.96942359239,1.),.UNSPECIFIED.);
#6383 = CARTESIAN_POINT('',(73.1,-15.13,2.204517481113));
#6384 = CARTESIAN_POINT('',(73.4511833638,-15.13,2.127227318537));
#6385 = CARTESIAN_POINT('',(73.801738111013,-15.13,2.047421562735));
#6386 = CARTESIAN_POINT('',(74.151632505223,-15.13,1.964755588238));
#6387 = CARTESIAN_POINT('',(74.500760173802,-15.13,1.878792021919));
#6388 = CARTESIAN_POINT('',(74.848945724347,-15.13,1.7890144817));
#6389 = CARTESIAN_POINT('',(75.19589355059,-15.13,1.694650311411));
#6390 = CARTESIAN_POINT('',(75.541209181416,-15.13,1.594740541502));
#6391 = CARTESIAN_POINT('',(76.05822940184,-15.13,1.432828918891));
#6392 = CARTESIAN_POINT('',(76.231595624604,-15.13,1.376416909805));
#6393 = CARTESIAN_POINT('',(76.404245155808,-15.13,1.317830235088));
#6394 = CARTESIAN_POINT('',(76.576061039081,-15.13,1.2567378152));
#6395 = CARTESIAN_POINT('',(76.746847454974,-15.13,1.192756415155));
#6396 = CARTESIAN_POINT('',(76.916276194126,-15.13,1.125324771244));
#6397 = CARTESIAN_POINT('',(77.083909603016,-15.13,1.053754421623));
#6398 = CARTESIAN_POINT('',(77.337188799382,-15.13,0.935448280983));
#6399 = CARTESIAN_POINT('',(77.42456821398,-15.13,0.892710464834));
#6400 = CARTESIAN_POINT('',(77.511073326933,-15.13,0.848199482478));
#6401 = CARTESIAN_POINT('',(77.596554128775,-15.13,0.801638270907));
#6402 = CARTESIAN_POINT('',(77.68075318284,-15.13,0.752722297486));
#6403 = CARTESIAN_POINT('',(77.763245540114,-15.13,0.701030964327));
#6404 = CARTESIAN_POINT('',(77.843466472012,-15.13,0.646065842612));
#6405 = CARTESIAN_POINT('',(77.953204797521,-15.13,0.561643712231));
#6406 = CARTESIAN_POINT('',(77.985343629033,-15.13,0.535697410579));
#6407 = CARTESIAN_POINT('',(78.016803482597,-15.13,0.508922612638));
#6408 = CARTESIAN_POINT('',(78.047482087761,-15.13,0.48124001114));
#6409 = CARTESIAN_POINT('',(78.077240817456,-15.13,0.452569525043));
#6410 = CARTESIAN_POINT('',(78.105901807768,-15.13,0.422827327813));
#6411 = CARTESIAN_POINT('',(78.133241940043,-15.13,0.391919926777));
#6412 = CARTESIAN_POINT('',(78.199372266696,-15.13,0.30923787534));
#6413 = CARTESIAN_POINT('',(78.236475339382,-15.13,0.254783062754));
#6414 = CARTESIAN_POINT('',(78.268409905824,-15.13,0.196498195337));
#6415 = CARTESIAN_POINT('',(78.292945343598,-15.13,0.134780839041));
#6416 = CARTESIAN_POINT('',(78.307882910609,-15.13,7.034446532934E-02));
#6417 = CARTESIAN_POINT('',(78.311373901489,-15.13,4.324387813503E-03));
#6418 = CARTESIAN_POINT('',(78.303187698844,-15.13,-6.148705165625E-02)
  );
#6419 = CARTESIAN_POINT('',(78.267228972796,-15.13,-0.191350382163));
#6420 = CARTESIAN_POINT('',(78.23822765335,-15.13,-0.254760158318));
#6421 = CARTESIAN_POINT('',(78.201093042451,-15.13,-0.314151171675));
#6422 = CARTESIAN_POINT('',(78.158153083818,-15.13,-0.36965969548));
#6423 = CARTESIAN_POINT('',(78.111124615064,-15.13,-0.421520943934));
#6424 = CARTESIAN_POINT('',(78.061239501175,-15.13,-0.47013689443));
#6425 = CARTESIAN_POINT('',(78.009118459482,-15.13,-0.516017791993));
#6426 = CARTESIAN_POINT('',(77.883515847491,-15.13,-0.617258601091));
#6427 = CARTESIAN_POINT('',(77.808991128054,-15.13,-0.670660364916));
#6428 = CARTESIAN_POINT('',(77.732182346486,-15.13,-0.720911751784));
#6429 = CARTESIAN_POINT('',(77.653653504531,-15.13,-0.768483248166));
#6430 = CARTESIAN_POINT('',(77.573828638231,-15.13,-0.813771824121));
#6431 = CARTESIAN_POINT('',(77.492967955429,-15.13,-0.857069799946));
#6432 = CARTESIAN_POINT('',(77.411223847842,-15.13,-0.898644081907));
#6433 = CARTESIAN_POINT('',(77.173967321618,-15.13,-1.013801445875));
#6434 = CARTESIAN_POINT('',(77.016694580669,-15.13,-1.083481600016));
#6435 = CARTESIAN_POINT('',(76.85760317949,-15.13,-1.149121052116));
#6436 = CARTESIAN_POINT('',(76.697136938053,-15.13,-1.211388855818));
#6437 = CARTESIAN_POINT('',(76.535628751825,-15.13,-1.270831363412));
#6438 = CARTESIAN_POINT('',(76.373277387423,-15.13,-1.327822700629));
#6439 = CARTESIAN_POINT('',(76.210201382875,-15.13,-1.382686950021));
#6440 = CARTESIAN_POINT('',(75.726932127826,-15.13,-1.539090642277));
#6441 = CARTESIAN_POINT('',(75.405105827394,-15.13,-1.635304421872));
#6442 = CARTESIAN_POINT('',(75.081656868052,-15.13,-1.726181614015));
#6443 = CARTESIAN_POINT('',(74.756976080606,-15.13,-1.81263986506));
#6444 = CARTESIAN_POINT('',(74.431356049443,-15.13,-1.89541729909));
#6445 = CARTESIAN_POINT('',(74.104971346699,-15.13,-1.975010071795));
#6446 = CARTESIAN_POINT('',(73.777927991084,-15.13,-2.051838252847));
#6447 = CARTESIAN_POINT('',(73.406509900378,-15.13,-2.136166854185));
#6448 = CARTESIAN_POINT('',(73.362751359866,-15.13,-2.146056122801));
#6449 = CARTESIAN_POINT('',(73.318982932373,-15.13,-2.155902565154));
#6450 = CARTESIAN_POINT('',(73.275204840822,-15.13,-2.165706921489));
#6451 = CARTESIAN_POINT('',(73.231417299777,-15.13,-2.175469908898));
#6452 = CARTESIAN_POINT('',(73.187620515448,-15.13,-2.185192221314));
#6453 = CARTESIAN_POINT('',(73.143814685689,-15.13,-2.194874529512));
#6454 = CARTESIAN_POINT('',(73.1,-15.13,-2.204517481113));
#6455 = PCURVE('',#6224,#6456);
#6456 = DEFINITIONAL_REPRESENTATION('',(#6457),#6530);
#6457 = B_SPLINE_CURVE_WITH_KNOTS('',8,(#6458,#6459,#6460,#6461,#6462,
    #6463,#6464,#6465,#6466,#6467,#6468,#6469,#6470,#6471,#6472,#6473,
    #6474,#6475,#6476,#6477,#6478,#6479,#6480,#6481,#6482,#6483,#6484,
    #6485,#6486,#6487,#6488,#6489,#6490,#6491,#6492,#6493,#6494,#6495,
    #6496,#6497,#6498,#6499,#6500,#6501,#6502,#6503,#6504,#6505,#6506,
    #6507,#6508,#6509,#6510,#6511,#6512,#6513,#6514,#6515,#6516,#6517,
    #6518,#6519,#6520,#6521,#6522,#6523,#6524,#6525,#6526,#6527,#6528,
    #6529),.UNSPECIFIED.,.F.,.F.,(9,7,7,7,7,7,7,7,7,7,9),(0.,
    0.24701466428,0.372370355448,0.439368509503,0.467871469508,
    0.512592373431,0.560341295712,0.623023743894,0.740410502831,
    0.96942359239,1.),.UNSPECIFIED.);
#6458 = CARTESIAN_POINT('',(2.204517481113,0.));
#6459 = CARTESIAN_POINT('',(2.127227318537,0.3511833638));
#6460 = CARTESIAN_POINT('',(2.047421562735,0.701738111013));
#6461 = CARTESIAN_POINT('',(1.964755588238,1.051632505223));
#6462 = CARTESIAN_POINT('',(1.878792021919,1.400760173802));
#6463 = CARTESIAN_POINT('',(1.7890144817,1.748945724347));
#6464 = CARTESIAN_POINT('',(1.694650311411,2.09589355059));
#6465 = CARTESIAN_POINT('',(1.594740541502,2.441209181416));
#6466 = CARTESIAN_POINT('',(1.432828918891,2.95822940184));
#6467 = CARTESIAN_POINT('',(1.376416909805,3.131595624604));
#6468 = CARTESIAN_POINT('',(1.317830235088,3.304245155808));
#6469 = CARTESIAN_POINT('',(1.2567378152,3.476061039081));
#6470 = CARTESIAN_POINT('',(1.192756415155,3.646847454974));
#6471 = CARTESIAN_POINT('',(1.125324771244,3.816276194126));
#6472 = CARTESIAN_POINT('',(1.053754421623,3.983909603016));
#6473 = CARTESIAN_POINT('',(0.935448280983,4.237188799382));
#6474 = CARTESIAN_POINT('',(0.892710464834,4.32456821398));
#6475 = CARTESIAN_POINT('',(0.848199482478,4.411073326933));
#6476 = CARTESIAN_POINT('',(0.801638270907,4.496554128775));
#6477 = CARTESIAN_POINT('',(0.752722297486,4.58075318284));
#6478 = CARTESIAN_POINT('',(0.701030964327,4.663245540114));
#6479 = CARTESIAN_POINT('',(0.646065842612,4.743466472012));
#6480 = CARTESIAN_POINT('',(0.561643712231,4.853204797521));
#6481 = CARTESIAN_POINT('',(0.535697410579,4.885343629033));
#6482 = CARTESIAN_POINT('',(0.508922612638,4.916803482597));
#6483 = CARTESIAN_POINT('',(0.48124001114,4.947482087761));
#6484 = CARTESIAN_POINT('',(0.452569525043,4.977240817456));
#6485 = CARTESIAN_POINT('',(0.422827327813,5.005901807768));
#6486 = CARTESIAN_POINT('',(0.391919926777,5.033241940043));
#6487 = CARTESIAN_POINT('',(0.30923787534,5.099372266696));
#6488 = CARTESIAN_POINT('',(0.254783062754,5.136475339382));
#6489 = CARTESIAN_POINT('',(0.196498195337,5.168409905824));
#6490 = CARTESIAN_POINT('',(0.134780839041,5.192945343598));
#6491 = CARTESIAN_POINT('',(7.034446532934E-02,5.207882910609));
#6492 = CARTESIAN_POINT('',(4.324387813503E-03,5.211373901489));
#6493 = CARTESIAN_POINT('',(-6.148705165625E-02,5.203187698844));
#6494 = CARTESIAN_POINT('',(-0.191350382163,5.167228972796));
#6495 = CARTESIAN_POINT('',(-0.254760158318,5.13822765335));
#6496 = CARTESIAN_POINT('',(-0.314151171675,5.101093042451));
#6497 = CARTESIAN_POINT('',(-0.36965969548,5.058153083818));
#6498 = CARTESIAN_POINT('',(-0.421520943934,5.011124615064));
#6499 = CARTESIAN_POINT('',(-0.47013689443,4.961239501175));
#6500 = CARTESIAN_POINT('',(-0.516017791993,4.909118459482));
#6501 = CARTESIAN_POINT('',(-0.617258601091,4.783515847491));
#6502 = CARTESIAN_POINT('',(-0.670660364916,4.708991128054));
#6503 = CARTESIAN_POINT('',(-0.720911751784,4.632182346486));
#6504 = CARTESIAN_POINT('',(-0.768483248166,4.553653504531));
#6505 = CARTESIAN_POINT('',(-0.813771824121,4.473828638231));
#6506 = CARTESIAN_POINT('',(-0.857069799946,4.392967955429));
#6507 = CARTESIAN_POINT('',(-0.898644081907,4.311223847842));
#6508 = CARTESIAN_POINT('',(-1.013801445875,4.073967321618));
#6509 = CARTESIAN_POINT('',(-1.083481600016,3.916694580669));
#6510 = CARTESIAN_POINT('',(-1.149121052116,3.75760317949));
#6511 = CARTESIAN_POINT('',(-1.211388855818,3.597136938053));
#6512 = CARTESIAN_POINT('',(-1.270831363412,3.435628751825));
#6513 = CARTESIAN_POINT('',(-1.327822700629,3.273277387423));
#6514 = CARTESIAN_POINT('',(-1.382686950021,3.110201382875));
#6515 = CARTESIAN_POINT('',(-1.539090642277,2.626932127826));
#6516 = CARTESIAN_POINT('',(-1.635304421872,2.305105827394));
#6517 = CARTESIAN_POINT('',(-1.726181614015,1.981656868052));
#6518 = CARTESIAN_POINT('',(-1.81263986506,1.656976080606));
#6519 = CARTESIAN_POINT('',(-1.89541729909,1.331356049443));
#6520 = CARTESIAN_POINT('',(-1.975010071795,1.004971346699));
#6521 = CARTESIAN_POINT('',(-2.051838252847,0.677927991084));
#6522 = CARTESIAN_POINT('',(-2.136166854185,0.306509900378));
#6523 = CARTESIAN_POINT('',(-2.146056122801,0.262751359866));
#6524 = CARTESIAN_POINT('',(-2.155902565154,0.218982932373));
#6525 = CARTESIAN_POINT('',(-2.165706921489,0.175204840822));
#6526 = CARTESIAN_POINT('',(-2.175469908898,0.131417299777));
#6527 = CARTESIAN_POINT('',(-2.185192221314,8.762051544781E-02));
#6528 = CARTESIAN_POINT('',(-2.194874529512,4.38146856894E-02));
#6529 = CARTESIAN_POINT('',(-2.204517481113,0.));
#6530 = ( GEOMETRIC_REPRESENTATION_CONTEXT(2) 
PARAMETRIC_REPRESENTATION_CONTEXT() REPRESENTATION_CONTEXT('2D SPACE',''
  ) );
#6531 = PCURVE('',#6089,#6532);
#6532 = DEFINITIONAL_REPRESENTATION('',(#6533),#6606);
#6533 = B_SPLINE_CURVE_WITH_KNOTS('',8,(#6534,#6535,#6536,#6537,#6538,
    #6539,#6540,#6541,#6542,#6543,#6544,#6545,#6546,#6547,#6548,#6549,
    #6550,#6551,#6552,#6553,#6554,#6555,#6556,#6557,#6558,#6559,#6560,
    #6561,#6562,#6563,#6564,#6565,#6566,#6567,#6568,#6569,#6570,#6571,
    #6572,#6573,#6574,#6575,#6576,#6577,#6578,#6579,#6580,#6581,#6582,
    #6583,#6584,#6585,#6586,#6587,#6588,#6589,#6590,#6591,#6592,#6593,
    #6594,#6595,#6596,#6597,#6598,#6599,#6600,#6601,#6602,#6603,#6604,
    #6605),.UNSPECIFIED.,.F.,.F.,(9,7,7,7,7,7,7,7,7,7,9),(0.,
    0.24701466428,0.372370355448,0.439368509503,0.467871469508,
    0.512592373431,0.560341295712,0.623023743894,0.740410502831,
    0.96942359239,1.),.UNSPECIFIED.);
#6534 = CARTESIAN_POINT('',(2.802632694224,0.));
#6535 = CARTESIAN_POINT('',(2.813525564487,2.02996164046E-02));
#6536 = CARTESIAN_POINT('',(2.824879246064,4.056289659035E-02));
#6537 = CARTESIAN_POINT('',(2.836752022595,6.078800608219E-02));
#6538 = CARTESIAN_POINT('',(2.849217814424,8.096879617359E-02));
#6539 = CARTESIAN_POINT('',(2.862363993918,0.101095128575));
#6540 = CARTESIAN_POINT('',(2.876320170346,0.121149916219));
#6541 = CARTESIAN_POINT('',(2.891246998802,0.141110357307));
#6542 = CARTESIAN_POINT('',(2.915698109718,0.170995919181));
#6543 = CARTESIAN_POINT('',(2.924258663084,0.181017088127));
#6544 = CARTESIAN_POINT('',(2.933192670775,0.190996829816));
#6545 = CARTESIAN_POINT('',(2.942554679922,0.200928383762));
#6546 = CARTESIAN_POINT('',(2.95240798138,0.210800430923));
#6547 = CARTESIAN_POINT('',(2.962844901438,0.22059399966));
#6548 = CARTESIAN_POINT('',(2.973978609551,0.230283792082));
#6549 = CARTESIAN_POINT('',(2.992479970298,0.244924208057));
#6550 = CARTESIAN_POINT('',(2.999180356818,0.249975041271));
#6551 = CARTESIAN_POINT('',(3.006176200545,0.254975336817));
#6552 = CARTESIAN_POINT('',(3.013512596158,0.259916423629));
#6553 = CARTESIAN_POINT('',(3.021239273502,0.264783420973));
#6554 = CARTESIAN_POINT('',(3.029424789151,0.269551765325));
#6555 = CARTESIAN_POINT('',(3.038150320483,0.274188813411));
#6556 = CARTESIAN_POINT('',(3.051585365812,0.280532069221));
#6557 = CARTESIAN_POINT('',(3.055718418744,0.282389805146));
#6558 = CARTESIAN_POINT('',(3.059987439006,0.284208293792));
#6559 = CARTESIAN_POINT('',(3.064405272094,0.28598162357));
#6560 = CARTESIAN_POINT('',(3.068984903384,0.287701781356));
#6561 = CARTESIAN_POINT('',(3.073739916224,0.289358485998));
#6562 = CARTESIAN_POINT('',(3.07868541824,0.290938840465));
#6563 = CARTESIAN_POINT('',(3.091926046112,0.294761402699));
#6564 = CARTESIAN_POINT('',(3.100656187467,0.296906088982));
#6565 = CARTESIAN_POINT('',(3.110010367715,0.298752017678));
#6566 = CARTESIAN_POINT('',(3.119924696896,0.300170251075));
#6567 = CARTESIAN_POINT('',(3.130282998899,0.301033694255));
#6568 = CARTESIAN_POINT('',(3.140898594474,0.301235485635));
#6569 = CARTESIAN_POINT('',(3.151478033428,0.300762294731));
#6570 = CARTESIAN_POINT('',(3.172343651546,0.298683755653));
#6571 = CARTESIAN_POINT('',(3.182525919083,0.297007378806));
#6572 = CARTESIAN_POINT('',(3.192053282563,0.294860869506));
#6573 = CARTESIAN_POINT('',(3.200946593184,0.292378790972));
#6574 = CARTESIAN_POINT('',(3.209244141793,0.289660382374));
#6575 = CARTESIAN_POINT('',(3.217011324924,0.286776849779));
#6576 = CARTESIAN_POINT('',(3.224330760175,0.283764072802));
#6577 = CARTESIAN_POINT('',(3.240456839244,0.276503806213));
#6578 = CARTESIAN_POINT('',(3.248943389892,0.272196018963));
#6579 = CARTESIAN_POINT('',(3.256910882637,0.267756204999));
#6580 = CARTESIAN_POINT('',(3.264435893748,0.26321696558));
#6581 = CARTESIAN_POINT('',(3.27158309526,0.258602811458));
#6582 = CARTESIAN_POINT('',(3.278400189648,0.253928783551));
#6583 = CARTESIAN_POINT('',(3.284930591393,0.249203690627));
#6584 = CARTESIAN_POINT('',(3.302976715703,0.235489440556));
#6585 = CARTESIAN_POINT('',(3.313842304056,0.226398530675));
#6586 = CARTESIAN_POINT('',(3.324029220452,0.217202495924));
#6587 = CARTESIAN_POINT('',(3.333647324924,0.207926990639));
#6588 = CARTESIAN_POINT('',(3.342786391572,0.198591257331));
#6589 = CARTESIAN_POINT('',(3.351508122504,0.1892067854));
#6590 = CARTESIAN_POINT('',(3.359865834669,0.179780426756));
#6591 = CARTESIAN_POINT('',(3.383582577322,0.151845787736));
#6592 = CARTESIAN_POINT('',(3.398026836312,0.13324311141));
#6593 = CARTESIAN_POINT('',(3.411541288705,0.114546639772));
#6594 = CARTESIAN_POINT('',(3.424279289485,9.5778964197E-02));
#6595 = CARTESIAN_POINT('',(3.436364354178,7.695699707755E-02));
#6596 = CARTESIAN_POINT('',(3.447880168024,5.8090829289E-02));
#6597 = CARTESIAN_POINT('',(3.458897500894,3.918658908E-02));
#6598 = CARTESIAN_POINT('',(3.470884208835,1.771733528196E-02));
#6599 = CARTESIAN_POINT('',(3.472288173076,1.518793987663E-02));
#6600 = CARTESIAN_POINT('',(3.473684346316,1.265797296955E-02));
#6601 = CARTESIAN_POINT('',(3.475072854275,1.012744744635E-02));
#6602 = CARTESIAN_POINT('',(3.476453818823,7.596375709635E-03));
#6603 = CARTESIAN_POINT('',(3.47782735798,5.064769679064E-03));
#6604 = CARTESIAN_POINT('',(3.479193585917,2.532640791294E-03));
#6605 = CARTESIAN_POINT('',(3.480552612956,0.));
#6606 = ( GEOMETRIC_REPRESENTATION_CONTEXT(2) 
PARAMETRIC_REPRESENTATION_CONTEXT() REPRESENTATION_CONTEXT('2D SPACE',''
  ) );
#6607 = ORIENTED_EDGE('',*,*,#6608,.F.);
#6608 = EDGE_CURVE('',#5915,#6377,#6609,.T.);
#6609 = SURFACE_CURVE('',#6610,(#6614,#6621),.PCURVE_S1.);
#6610 = LINE('',#6611,#6612);
#6611 = CARTESIAN_POINT('',(73.1,-15.13,0.));
#6612 = VECTOR('',#6613,1.);
#6613 = DIRECTION('',(0.,0.,1.));
#6614 = PCURVE('',#6224,#6615);
#6615 = DEFINITIONAL_REPRESENTATION('',(#6616),#6620);
#6616 = LINE('',#6617,#6618);
#6617 = CARTESIAN_POINT('',(0.,0.));
#6618 = VECTOR('',#6619,1.);
#6619 = DIRECTION('',(1.,0.));
#6620 = ( GEOMETRIC_REPRESENTATION_CONTEXT(2) 
PARAMETRIC_REPRESENTATION_CONTEXT() REPRESENTATION_CONTEXT('2D SPACE',''
  ) );
#6621 = PCURVE('',#5953,#6622);
#6622 = DEFINITIONAL_REPRESENTATION('',(#6623),#6627);
#6623 = LINE('',#6624,#6625);
#6624 = CARTESIAN_POINT('',(-6.63,0.));
#6625 = VECTOR('',#6626,1.);
#6626 = DIRECTION('',(0.,1.));
#6627 = ( GEOMETRIC_REPRESENTATION_CONTEXT(2) 
PARAMETRIC_REPRESENTATION_CONTEXT() REPRESENTATION_CONTEXT('2D SPACE',''
  ) );
#6628 = ORIENTED_EDGE('',*,*,#6209,.F.);
#6629 = ORIENTED_EDGE('',*,*,#6630,.F.);
#6630 = EDGE_CURVE('',#6379,#6182,#6631,.T.);
#6631 = SURFACE_CURVE('',#6632,(#6636,#6643),.PCURVE_S1.);
#6632 = LINE('',#6633,#6634);
#6633 = CARTESIAN_POINT('',(73.1,-15.13,0.));
#6634 = VECTOR('',#6635,1.);
#6635 = DIRECTION('',(0.,0.,1.));
#6636 = PCURVE('',#6224,#6637);
#6637 = DEFINITIONAL_REPRESENTATION('',(#6638),#6642);
#6638 = LINE('',#6639,#6640);
#6639 = CARTESIAN_POINT('',(0.,0.));
#6640 = VECTOR('',#6641,1.);
#6641 = DIRECTION('',(1.,0.));
#6642 = ( GEOMETRIC_REPRESENTATION_CONTEXT(2) 
PARAMETRIC_REPRESENTATION_CONTEXT() REPRESENTATION_CONTEXT('2D SPACE',''
  ) );
#6643 = PCURVE('',#6197,#6644);
#6644 = DEFINITIONAL_REPRESENTATION('',(#6645),#6649);
#6645 = LINE('',#6646,#6647);
#6646 = CARTESIAN_POINT('',(-6.63,0.));
#6647 = VECTOR('',#6648,1.);
#6648 = DIRECTION('',(0.,1.));
#6649 = ( GEOMETRIC_REPRESENTATION_CONTEXT(2) 
PARAMETRIC_REPRESENTATION_CONTEXT() REPRESENTATION_CONTEXT('2D SPACE',''
  ) );
#6650 = ADVANCED_FACE('',(#6651),#6197,.F.);
#6651 = FACE_BOUND('',#6652,.F.);
#6652 = EDGE_LOOP('',(#6653,#6654,#6655));
#6653 = ORIENTED_EDGE('',*,*,#6630,.T.);
#6654 = ORIENTED_EDGE('',*,*,#6181,.F.);
#6655 = ORIENTED_EDGE('',*,*,#6656,.T.);
#6656 = EDGE_CURVE('',#5966,#6379,#6657,.T.);
#6657 = SURFACE_CURVE('',#6658,(#6663,#6670),.PCURVE_S1.);
#6658 = ELLIPSE('',#6659,7.03,6.63);
#6659 = AXIS2_PLACEMENT_3D('',#6660,#6661,#6662);
#6660 = CARTESIAN_POINT('',(73.1,-8.5,0.));
#6661 = DIRECTION('',(1.,0.,0.));
#6662 = DIRECTION('',(0.,1.,0.));
#6663 = PCURVE('',#6197,#6664);
#6664 = DEFINITIONAL_REPRESENTATION('',(#6665),#6669);
#6665 = ELLIPSE('',#6666,7.03,6.63);
#6666 = AXIS2_PLACEMENT_2D('',#6667,#6668);
#6667 = CARTESIAN_POINT('',(0.,0.));
#6668 = DIRECTION('',(1.,0.));
#6669 = ( GEOMETRIC_REPRESENTATION_CONTEXT(2) 
PARAMETRIC_REPRESENTATION_CONTEXT() REPRESENTATION_CONTEXT('2D SPACE',''
  ) );
#6670 = PCURVE('',#6089,#6671);
#6671 = DEFINITIONAL_REPRESENTATION('',(#6672),#6676);
#6672 = LINE('',#6673,#6674);
#6673 = CARTESIAN_POINT('',(0.,0.));
#6674 = VECTOR('',#6675,1.);
#6675 = DIRECTION('',(1.,0.));
#6676 = ( GEOMETRIC_REPRESENTATION_CONTEXT(2) 
PARAMETRIC_REPRESENTATION_CONTEXT() REPRESENTATION_CONTEXT('2D SPACE',''
  ) );
#6677 = ADVANCED_FACE('',(#6678),#6089,.T.);
#6678 = FACE_BOUND('',#6679,.T.);
#6679 = EDGE_LOOP('',(#6680,#6681,#6703,#6704));
#6680 = ORIENTED_EDGE('',*,*,#6376,.F.);
#6681 = ORIENTED_EDGE('',*,*,#6682,.T.);
#6682 = EDGE_CURVE('',#6377,#5938,#6683,.T.);
#6683 = SURFACE_CURVE('',#6684,(#6689,#6696),.PCURVE_S1.);
#6684 = ELLIPSE('',#6685,7.03,6.63);
#6685 = AXIS2_PLACEMENT_3D('',#6686,#6687,#6688);
#6686 = CARTESIAN_POINT('',(73.1,-8.5,0.));
#6687 = DIRECTION('',(1.,0.,0.));
#6688 = DIRECTION('',(0.,1.,0.));
#6689 = PCURVE('',#6089,#6690);
#6690 = DEFINITIONAL_REPRESENTATION('',(#6691),#6695);
#6691 = LINE('',#6692,#6693);
#6692 = CARTESIAN_POINT('',(0.,0.));
#6693 = VECTOR('',#6694,1.);
#6694 = DIRECTION('',(1.,0.));
#6695 = ( GEOMETRIC_REPRESENTATION_CONTEXT(2) 
PARAMETRIC_REPRESENTATION_CONTEXT() REPRESENTATION_CONTEXT('2D SPACE',''
  ) );
#6696 = PCURVE('',#5953,#6697);
#6697 = DEFINITIONAL_REPRESENTATION('',(#6698),#6702);
#6698 = ELLIPSE('',#6699,7.03,6.63);
#6699 = AXIS2_PLACEMENT_2D('',#6700,#6701);
#6700 = CARTESIAN_POINT('',(0.,0.));
#6701 = DIRECTION('',(1.,0.));
#6702 = ( GEOMETRIC_REPRESENTATION_CONTEXT(2) 
PARAMETRIC_REPRESENTATION_CONTEXT() REPRESENTATION_CONTEXT('2D SPACE',''
  ) );
#6703 = ORIENTED_EDGE('',*,*,#5965,.T.);
#6704 = ORIENTED_EDGE('',*,*,#6656,.T.);
#6705 = ADVANCED_FACE('',(#6706),#5953,.F.);
#6706 = FACE_BOUND('',#6707,.F.);
#6707 = EDGE_LOOP('',(#6708,#6709,#6710));
#6708 = ORIENTED_EDGE('',*,*,#5937,.T.);
#6709 = ORIENTED_EDGE('',*,*,#6608,.T.);
#6710 = ORIENTED_EDGE('',*,*,#6682,.T.);
#6711 = ADVANCED_FACE('',(#6712,#6738),#6328,.T.);
#6712 = FACE_BOUND('',#6713,.T.);
#6713 = EDGE_LOOP('',(#6714,#6735,#6736,#6737));
#6714 = ORIENTED_EDGE('',*,*,#6715,.T.);
#6715 = EDGE_CURVE('',#6351,#6312,#6716,.T.);
#6716 = SEAM_CURVE('',#6717,(#6721,#6728),.PCURVE_S1.);
#6717 = LINE('',#6718,#6719);
#6718 = CARTESIAN_POINT('',(73.1,-15.13,7.03));
#6719 = VECTOR('',#6720,1.);
#6720 = DIRECTION('',(0.,1.,0.));
#6721 = PCURVE('',#6328,#6722);
#6722 = DEFINITIONAL_REPRESENTATION('',(#6723),#6727);
#6723 = LINE('',#6724,#6725);
#6724 = CARTESIAN_POINT('',(6.28318530718,-0.));
#6725 = VECTOR('',#6726,1.);
#6726 = DIRECTION('',(0.,1.));
#6727 = ( GEOMETRIC_REPRESENTATION_CONTEXT(2) 
PARAMETRIC_REPRESENTATION_CONTEXT() REPRESENTATION_CONTEXT('2D SPACE',''
  ) );
#6728 = PCURVE('',#6328,#6729);
#6729 = DEFINITIONAL_REPRESENTATION('',(#6730),#6734);
#6730 = LINE('',#6731,#6732);
#6731 = CARTESIAN_POINT('',(0.,-0.));
#6732 = VECTOR('',#6733,1.);
#6733 = DIRECTION('',(0.,1.));
#6734 = ( GEOMETRIC_REPRESENTATION_CONTEXT(2) 
PARAMETRIC_REPRESENTATION_CONTEXT() REPRESENTATION_CONTEXT('2D SPACE',''
  ) );
#6735 = ORIENTED_EDGE('',*,*,#6311,.F.);
#6736 = ORIENTED_EDGE('',*,*,#6715,.F.);
#6737 = ORIENTED_EDGE('',*,*,#6350,.T.);
#6738 = FACE_BOUND('',#6739,.T.);
#6739 = EDGE_LOOP('',(#6740));
#6740 = ORIENTED_EDGE('',*,*,#6741,.T.);
#6741 = EDGE_CURVE('',#6742,#6742,#6744,.T.);
#6742 = VERTEX_POINT('',#6743);
#6743 = CARTESIAN_POINT('',(80.13,-2.010456647399,-5.714532337083E-16));
#6744 = SURFACE_CURVE('',#6745,(#6930,#7118),.PCURVE_S1.);
#6745 = B_SPLINE_CURVE_WITH_KNOTS('',8,(#6746,#6747,#6748,#6749,#6750,
    #6751,#6752,#6753,#6754,#6755,#6756,#6757,#6758,#6759,#6760,#6761,
    #6762,#6763,#6764,#6765,#6766,#6767,#6768,#6769,#6770,#6771,#6772,
    #6773,#6774,#6775,#6776,#6777,#6778,#6779,#6780,#6781,#6782,#6783,
    #6784,#6785,#6786,#6787,#6788,#6789,#6790,#6791,#6792,#6793,#6794,
    #6795,#6796,#6797,#6798,#6799,#6800,#6801,#6802,#6803,#6804,#6805,
    #6806,#6807,#6808,#6809,#6810,#6811,#6812,#6813,#6814,#6815,#6816,
    #6817,#6818,#6819,#6820,#6821,#6822,#6823,#6824,#6825,#6826,#6827,
    #6828,#6829,#6830,#6831,#6832,#6833,#6834,#6835,#6836,#6837,#6838,
    #6839,#6840,#6841,#6842,#6843,#6844,#6845,#6846,#6847,#6848,#6849,
    #6850,#6851,#6852,#6853,#6854,#6855,#6856,#6857,#6858,#6859,#6860,
    #6861,#6862,#6863,#6864,#6865,#6866,#6867,#6868,#6869,#6870,#6871,
    #6872,#6873,#6874,#6875,#6876,#6877,#6878,#6879,#6880,#6881,#6882,
    #6883,#6884,#6885,#6886,#6887,#6888,#6889,#6890,#6891,#6892,#6893,
    #6894,#6895,#6896,#6897,#6898,#6899,#6900,#6901,#6902,#6903,#6904,
    #6905,#6906,#6907,#6908,#6909,#6910,#6911,#6912,#6913,#6914,#6915,
    #6916,#6917,#6918,#6919,#6920,#6921,#6922,#6923,#6924,#6925,#6926,
    #6927,#6928,#6929),.UNSPECIFIED.,.T.,.F.,(9,7,7,7,7,7,7,7,7,7,7,7,7,
    7,7,7,7,7,7,7,7,7,7,7,7,7,9),(0.,3.37020172747E-02,
    5.506004676961E-02,8.327647632635E-02,0.158462391282,0.217192258673,
    0.249646902372,0.282562826801,0.341684104287,0.416649490838,
    0.444764621043,0.466140265144,0.477762281339,0.50013371706,
    0.522407661183,0.534034172158,0.555420067741,0.583633146801,
    0.658786370455,0.716506043941,0.750125047554,0.783485904059,
    0.84152089823,0.916468320652,0.94457943738,0.965970070361,1.),
  .UNSPECIFIED.);
#6746 = CARTESIAN_POINT('',(80.13,-2.010456647399,-8.348877145181E-14));
#6747 = CARTESIAN_POINT('',(80.13,-2.010456647399,-0.218075648773));
#6748 = CARTESIAN_POINT('',(80.122268610383,-2.019412179719,
    -0.43622157521));
#6749 = CARTESIAN_POINT('',(80.106797639208,-2.037332606579,
    -0.653147111063));
#6750 = CARTESIAN_POINT('',(80.08378615288,-2.063995866851,
    -0.867750891196));
#6751 = CARTESIAN_POINT('',(80.053584274338,-2.099012835311,
    -1.079100545522));
#6752 = CARTESIAN_POINT('',(80.016647096542,-2.141879463195,
    -1.286415632761));
#6753 = CARTESIAN_POINT('',(79.973498711242,-2.192016700052,
    -1.489053816009));
#6754 = CARTESIAN_POINT('',(79.893785099352,-2.284782419305,
    -1.811628321272));
#6755 = CARTESIAN_POINT('',(79.860586434698,-2.323447530583,
    -1.934713686037));
#6756 = CARTESIAN_POINT('',(79.825243481046,-2.364647309986,
    -2.05565914259));
#6757 = CARTESIAN_POINT('',(79.78788960421,-2.408235757423,
    -2.174393051499));
#6758 = CARTESIAN_POINT('',(79.748656048612,-2.454069808495,
    -2.290866740805));
#6759 = CARTESIAN_POINT('',(79.707669572044,-2.502012049509,
    -2.405051881114));
#6760 = CARTESIAN_POINT('',(79.66505008043,-2.551933432497,
    -2.516937860679));
#6761 = CARTESIAN_POINT('',(79.562591810985,-2.672126743809,
    -2.771311954767));
#6762 = CARTESIAN_POINT('',(79.501623896069,-2.743779378801,
    -2.912076501525));
#6763 = CARTESIAN_POINT('',(79.438258014003,-2.818404191335,
    -3.048844846783));
#6764 = CARTESIAN_POINT('',(79.372730153976,-2.895752812484,
    -3.181659716443));
#6765 = CARTESIAN_POINT('',(79.305257721865,-2.975599897913,
    -3.310581970084));
#6766 = CARTESIAN_POINT('',(79.236038463889,-3.057744817528,
    -3.43568805477));
#6767 = CARTESIAN_POINT('',(79.165249390271,-3.142013345125,
    -3.557067458857));
#6768 = CARTESIAN_POINT('',(78.900650676389,-3.458071721249,
    -3.988585767949));
#6769 = CARTESIAN_POINT('',(78.698449346026,-3.701641249928,
    -4.276215470161));
#6770 = CARTESIAN_POINT('',(78.489195727809,-3.956414973409,
    -4.540085090186));
#6771 = CARTESIAN_POINT('',(78.275188380427,-4.220521444164,
    -4.781777813915));
#6772 = CARTESIAN_POINT('',(78.058506246354,-4.49254046237,
    -5.002702279883));
#6773 = CARTESIAN_POINT('',(77.841108811915,-4.771563982919,
    -5.204042774464));
#6774 = CARTESIAN_POINT('',(77.624949362399,-5.057185348794,
    -5.386844718737));
#6775 = CARTESIAN_POINT('',(77.246562334959,-5.57832235713,
    -5.680763487123));
#6776 = CARTESIAN_POINT('',(77.083176774796,-5.810720695404,
    -5.798586931703));
#6777 = CARTESIAN_POINT('',(76.923442876212,-6.047227939195,
    -5.905821200548));
#6778 = CARTESIAN_POINT('',(76.768875371774,-6.288053063299,
    -6.002623196634));
#6779 = CARTESIAN_POINT('',(76.621609595569,-6.533388880714,
    -6.088918737506));
#6780 = CARTESIAN_POINT('',(76.48445326836,-6.783423604309,
    -6.164457138813));
#6781 = CARTESIAN_POINT('',(76.361440797554,-7.038513391589,
    -6.228762594276));
#6782 = CARTESIAN_POINT('',(76.199787419522,-7.443034868404,
    -6.310020984436));
#6783 = CARTESIAN_POINT('',(76.148041046868,-7.588628260598,
    -6.335277692335));
#6784 = CARTESIAN_POINT('',(76.102937394611,-7.735760134511,
    -6.356721161868));
#6785 = CARTESIAN_POINT('',(76.065374125936,-7.884292746843,
    -6.374189733791));
#6786 = CARTESIAN_POINT('',(76.036249560606,-8.034021691833,
    -6.387521413039));
#6787 = CARTESIAN_POINT('',(76.016306862226,-8.184659304147,
    -6.396577159846));
#6788 = CARTESIAN_POINT('',(76.005965743841,-8.335814969312,
    -6.401270477731));
#6789 = CARTESIAN_POINT('',(76.00450593804,-8.640294400518,
    -6.401932982114));
#6790 = CARTESIAN_POINT('',(76.013662362295,-8.793660935944,
    -6.397777315851));
#6791 = CARTESIAN_POINT('',(76.032738571921,-8.946543540256,
    -6.389125512612));
#6792 = CARTESIAN_POINT('',(76.061331597847,-9.098526544321,
    -6.376061656467));
#6793 = CARTESIAN_POINT('',(76.098682508154,-9.249301669679,
    -6.358727989086));
#6794 = CARTESIAN_POINT('',(76.143856922596,-9.398648301083,
    -6.337293179556));
#6795 = CARTESIAN_POINT('',(76.195916542521,-9.546416434547,
    -6.31192679883));
#6796 = CARTESIAN_POINT('',(76.358234593781,-9.95494455873,
    -6.230442894819));
#6797 = CARTESIAN_POINT('',(76.481766770497,-10.21183757011,
    -6.165953730146));
#6798 = CARTESIAN_POINT('',(76.619703451475,-10.463604055,
    -6.090073195919));
#6799 = CARTESIAN_POINT('',(76.767909362403,-10.71060803488,
    -6.00329015423));
#6800 = CARTESIAN_POINT('',(76.923517944911,-10.95303931166,
    -5.905861757745));
#6801 = CARTESIAN_POINT('',(77.084350690314,-11.19109406736,
    -5.797864705039));
#6802 = CARTESIAN_POINT('',(77.248867374252,-11.42498576861,
    -5.679138028561));
#6803 = CARTESIAN_POINT('',(77.627832260929,-11.94661271221,
    -5.384392224468));
#6804 = CARTESIAN_POINT('',(77.843368152219,-12.23132073838,
    -5.201917880311));
#6805 = CARTESIAN_POINT('',(78.060116455242,-12.50946425508,
    -5.001004716606));
#6806 = CARTESIAN_POINT('',(78.276141230368,-12.7806377444,
    -4.780615110572));
#6807 = CARTESIAN_POINT('',(78.489499999651,-13.04393943154,
    -4.539573698337));
#6808 = CARTESIAN_POINT('',(78.698131607945,-13.29796127546,
    -4.276483769762));
#6809 = CARTESIAN_POINT('',(78.899757421498,-13.54084831397,
    -3.989774964983));
#6810 = CARTESIAN_POINT('',(79.163616817359,-13.85604139406,
    -3.559828936654));
#6811 = CARTESIAN_POINT('',(79.234182198591,-13.94004908079,
    -3.438962086537));
#6812 = CARTESIAN_POINT('',(79.303192102876,-14.02195139384,
    -3.314396967397));
#6813 = CARTESIAN_POINT('',(79.37047168957,-14.10157632623,
    -3.186044990468));
#6814 = CARTESIAN_POINT('',(79.435825729997,-14.17872589807,
    -3.053830313852));
#6815 = CARTESIAN_POINT('',(79.499039645446,-14.25317779577,
    -2.917692316781));
#6816 = CARTESIAN_POINT('',(79.559880545157,-14.32468701135,
    -2.77758807389));
#6817 = CARTESIAN_POINT('',(79.662360596927,-14.44491562638,
    -2.523942218924));
#6818 = CARTESIAN_POINT('',(79.705103470334,-14.49498526647,
    -2.412091334691));
#6819 = CARTESIAN_POINT('',(79.746216216286,-14.54307850215,
    -2.297937157827));
#6820 = CARTESIAN_POINT('',(79.785578901536,-14.58906629454,
    -2.181489707897));
#6821 = CARTESIAN_POINT('',(79.82306468073,-14.63281116753,
    -2.062776665008));
#6822 = CARTESIAN_POINT('',(79.858542149302,-14.67416990958,
    -1.941845991824));
#6823 = CARTESIAN_POINT('',(79.891877696374,-14.71299627548,
    -1.818768555593));
#6824 = CARTESIAN_POINT('',(79.939825381402,-14.76879716913,
    -1.625608302844));
#6825 = CARTESIAN_POINT('',(79.956040077671,-14.78765848715,
    -1.55697069112));
#6826 = CARTESIAN_POINT('',(79.971560411404,-14.80570397826,
    -1.487744354984));
#6827 = CARTESIAN_POINT('',(79.986364925176,-14.82291002009,
    -1.417948164905));
#6828 = CARTESIAN_POINT('',(80.000432464015,-14.83925328561,
    -1.347603579141));
#6829 = CARTESIAN_POINT('',(80.013742400232,-14.85471099689,
    -1.276734801042));
#6830 = CARTESIAN_POINT('',(80.026274858246,-14.86926117886,
    -1.205368936363));
#6831 = CARTESIAN_POINT('',(80.060601940912,-14.90910364344,
    -0.995263881541));
#6832 = CARTESIAN_POINT('',(80.080245088987,-14.93188761588,
    -0.85524265271));
#6833 = CARTESIAN_POINT('',(80.096801141368,-14.95108050979,
    -0.713708991639));
#6834 = CARTESIAN_POINT('',(80.110150029343,-14.96654911446,
    -0.570921859006));
#6835 = CARTESIAN_POINT('',(80.120195377948,-14.9781864065,-0.4271636481
    ));
#6836 = CARTESIAN_POINT('',(80.12686902615,-14.98591662721,
    -0.282741184316));
#6837 = CARTESIAN_POINT('',(80.13013554704,-14.98970036006,
    -0.137986724648));
#6838 = CARTESIAN_POINT('',(80.129858593775,-14.98937955654,
    0.150838106836));
#6839 = CARTESIAN_POINT('',(80.126344706071,-14.98530929192,
    0.294938184166));
#6840 = CARTESIAN_POINT('',(80.119455374292,-14.97732914421,0.4386876741
    ));
#6841 = CARTESIAN_POINT('',(80.109227363248,-14.96548001676,
    0.58175939402));
#6842 = CARTESIAN_POINT('',(80.095729445466,-14.94983834511,
    0.723851564303));
#6843 = CARTESIAN_POINT('',(80.079057913475,-14.93051105591,
    0.864686793247));
#6844 = CARTESIAN_POINT('',(80.059332092106,-14.90763052584,
    1.004011061978));
#6845 = CARTESIAN_POINT('',(80.02487109673,-14.86763144171,1.21340731592
    ));
#6846 = CARTESIAN_POINT('',(80.012256940204,-14.85298593719,
    1.284752119024));
#6847 = CARTESIAN_POINT('',(79.998866373949,-14.83743404787,
    1.355597121754));
#6848 = CARTESIAN_POINT('',(79.984719353792,-14.82099783563,
    1.425915388383));
#6849 = CARTESIAN_POINT('',(79.9698365742,-14.80370014994,1.495682886379
    ));
#6850 = CARTESIAN_POINT('',(79.954239243858,-14.78556437452,
    1.564878328396));
#6851 = CARTESIAN_POINT('',(79.937948861228,-14.76661417397,
    1.633483014266));
#6852 = CARTESIAN_POINT('',(79.889787191222,-14.71056161234,1.8265561004
    ));
#6853 = CARTESIAN_POINT('',(79.85631612766,-14.67157538733,
    1.949574442702));
#6854 = CARTESIAN_POINT('',(79.820707470453,-14.63006134788,
    2.070440340808));
#6855 = CARTESIAN_POINT('',(79.783094931213,-14.58616582412,
    2.189083849441));
#6856 = CARTESIAN_POINT('',(79.743609927082,-14.54003201157,
    2.305457823394));
#6857 = CARTESIAN_POINT('',(79.702379245675,-14.49179728879,
    2.419535303768));
#6858 = CARTESIAN_POINT('',(79.659522710011,-14.44159053517,
    2.531306904226));
#6859 = CARTESIAN_POINT('',(79.556613805617,-14.32084850186,
    2.785196850744));
#6860 = CARTESIAN_POINT('',(79.495445053468,-14.24894684089,
    2.925598870364));
#6861 = CARTESIAN_POINT('',(79.431896673127,-14.17409245948,
    3.062008457405));
#6862 = CARTESIAN_POINT('',(79.36620323106,-14.09653199544,
    3.194469921549));
#6863 = CARTESIAN_POINT('',(79.298580752709,-14.01648909914,
    3.323045211923));
#6864 = CARTESIAN_POINT('',(79.229225701128,-13.9341628021,
    3.447811448186));
#6865 = CARTESIAN_POINT('',(79.158313955617,-13.84972588558,
    3.568858451613));
#6866 = CARTESIAN_POINT('',(78.8933713068,-13.53316628385,3.999087283956
    ));
#6867 = CARTESIAN_POINT('',(78.691027637755,-13.28934240751,
    4.285826475386));
#6868 = CARTESIAN_POINT('',(78.481703830209,-13.0343801185,
    4.548872467608));
#6869 = CARTESIAN_POINT('',(78.267685837845,-12.77013265385,
    4.789803455621));
#6870 = CARTESIAN_POINT('',(78.051044483745,-12.49800551727,
    5.010021073056));
#6871 = CARTESIAN_POINT('',(77.833736814093,-12.2188959244,
    5.210701953113));
#6872 = CARTESIAN_POINT('',(77.617719925274,-11.93320281768,
    5.392882870213));
#6873 = CARTESIAN_POINT('',(77.242485804151,-11.41578800345,
    5.683592896647));
#6874 = CARTESIAN_POINT('',(77.081988240233,-11.18729468467,
    5.79919351855));
#6875 = CARTESIAN_POINT('',(76.925045689251,-10.95483168656,
    5.904562434156));
#6876 = CARTESIAN_POINT('',(76.773105559318,-10.71820293091,
    5.999847195511));
#6877 = CARTESIAN_POINT('',(76.62818981121,-10.47722500485,
    6.084981310792));
#6878 = CARTESIAN_POINT('',(76.492951307534,-10.23171398419,
    6.159732090705));
#6879 = CARTESIAN_POINT('',(76.371163379882,-9.981332607215,
    6.223658567724));
#6880 = CARTESIAN_POINT('',(76.206799609743,-9.576795832012,
    6.306606713263));
#6881 = CARTESIAN_POINT('',(76.152397839216,-9.426154509037,
    6.333224834757));
#6882 = CARTESIAN_POINT('',(76.105034551511,-9.273849594286,
    6.355766851733));
#6883 = CARTESIAN_POINT('',(76.065708394975,-9.120029777341,
    6.374052976211));
#6884 = CARTESIAN_POINT('',(76.035428245748,-8.964918225778,
    6.387901899085));
#6885 = CARTESIAN_POINT('',(76.015027100505,-8.80883226311,
    6.397158077413));
#6886 = CARTESIAN_POINT('',(76.004960337627,-8.652206992721,
    6.401726760336));
#6887 = CARTESIAN_POINT('',(76.005464368338,-8.340221246976,
    6.401498018458));
#6888 = CARTESIAN_POINT('',(76.015877362258,-8.184820154875,
    6.396772211787));
#6889 = CARTESIAN_POINT('',(76.036451275833,-8.029964411839,
    6.387433724277));
#6890 = CARTESIAN_POINT('',(76.066730742612,-7.876077209122,6.3735768518
    ));
#6891 = CARTESIAN_POINT('',(76.105898272162,-7.723467196737,
    6.355354235041));
#6892 = CARTESIAN_POINT('',(76.152968442476,-7.572351148173,
    6.332943066115));
#6893 = CARTESIAN_POINT('',(76.206966161447,-7.422872826656,
    6.306518741573));
#6894 = CARTESIAN_POINT('',(76.371356459819,-7.018056069683,
    6.223567916746));
#6895 = CARTESIAN_POINT('',(76.49386944984,-6.766322766323,6.15925901938
    ));
#6896 = CARTESIAN_POINT('',(76.629964478971,-6.519511392097,
    6.084010082704));
#6897 = CARTESIAN_POINT('',(76.775809594637,-6.277277980154,
    5.998267656091));
#6898 = CARTESIAN_POINT('',(76.928718709212,-6.039437125987,
    5.902266023401));
#6899 = CARTESIAN_POINT('',(77.086645550598,-5.805804018515,
    5.796070489483));
#6900 = CARTESIAN_POINT('',(77.248128023777,-5.576181490476,
    5.679528223685));
#6901 = CARTESIAN_POINT('',(77.623866591301,-5.058656641274,
    5.387710376064));
#6902 = CARTESIAN_POINT('',(77.839328536661,-4.773904718051,
    5.205573022421));
#6903 = CARTESIAN_POINT('',(78.056031676517,-4.495709622677,
    5.005017361224));
#6904 = CARTESIAN_POINT('',(78.272037953225,-4.224472686919,
    4.78501041412));
#6905 = CARTESIAN_POINT('',(78.485406148639,-3.961089835893,
    4.544380917607));
#6906 = CARTESIAN_POINT('',(78.694079431186,-3.706961198212,
    4.281735891524));
#6907 = CARTESIAN_POINT('',(78.895785907621,-3.463931940362,
    3.995507615367));
#6908 = CARTESIAN_POINT('',(79.159830763149,-3.148468202894,
    3.566265142313));
#6909 = CARTESIAN_POINT('',(79.230458578598,-3.0643740268,3.445586442415
    ));
#6910 = CARTESIAN_POINT('',(79.299538217763,-2.982377929403,
    3.321213960747));
#6911 = CARTESIAN_POINT('',(79.366895482566,-2.902651105923,
    3.193058945338));
#6912 = CARTESIAN_POINT('',(79.43233587403,-2.825390635306,
    3.061045204945));
#6913 = CARTESIAN_POINT('',(79.495645600472,-2.750817872665,
    2.925111541057));
#6914 = CARTESIAN_POINT('',(79.556592585709,-2.679176841719,
    2.785214179897));
#6915 = CARTESIAN_POINT('',(79.659316331203,-2.55865127146,
    2.531842600558));
#6916 = CARTESIAN_POINT('',(79.702189571993,-2.508424660806,
    2.420054633881));
#6917 = CARTESIAN_POINT('',(79.743436622785,-2.46017054642,
    2.305959686414));
#6918 = CARTESIAN_POINT('',(79.782937596603,-2.414017873611,
    2.189567104889));
#6919 = CARTESIAN_POINT('',(79.820565632618,-2.370104098081,
    2.070903816559));
#6920 = CARTESIAN_POINT('',(79.856189232417,-2.328572502155,
    1.950016945011));
#6921 = CARTESIAN_POINT('',(79.889674596286,-2.289569511017,
    1.826976425974));
#6922 = CARTESIAN_POINT('',(79.970544673926,-2.195449313363,
    1.502860442919));
#6923 = CARTESIAN_POINT('',(80.014479246173,-2.144395363939,
    1.29852380532));
#6924 = CARTESIAN_POINT('',(80.052106633305,-2.100726074796,
    1.089389426079));
#6925 = CARTESIAN_POINT('',(80.082885123584,-2.065039885617,
    0.876111350943));
#6926 = CARTESIAN_POINT('',(80.106343201388,-2.037858992596,
    0.659487144206));
#6927 = CARTESIAN_POINT('',(80.122117236823,-2.019587522149,
    0.440472608861));
#6928 = CARTESIAN_POINT('',(80.13,-2.010456647399,0.220200038362));
#6929 = CARTESIAN_POINT('',(80.13,-2.010456647399,1.7763568394E-15));
#6930 = PCURVE('',#6328,#6931);
#6931 = DEFINITIONAL_REPRESENTATION('',(#6932),#7117);
#6932 = B_SPLINE_CURVE_WITH_KNOTS('',8,(#6933,#6934,#6935,#6936,#6937,
    #6938,#6939,#6940,#6941,#6942,#6943,#6944,#6945,#6946,#6947,#6948,
    #6949,#6950,#6951,#6952,#6953,#6954,#6955,#6956,#6957,#6958,#6959,
    #6960,#6961,#6962,#6963,#6964,#6965,#6966,#6967,#6968,#6969,#6970,
    #6971,#6972,#6973,#6974,#6975,#6976,#6977,#6978,#6979,#6980,#6981,
    #6982,#6983,#6984,#6985,#6986,#6987,#6988,#6989,#6990,#6991,#6992,
    #6993,#6994,#6995,#6996,#6997,#6998,#6999,#7000,#7001,#7002,#7003,
    #7004,#7005,#7006,#7007,#7008,#7009,#7010,#7011,#7012,#7013,#7014,
    #7015,#7016,#7017,#7018,#7019,#7020,#7021,#7022,#7023,#7024,#7025,
    #7026,#7027,#7028,#7029,#7030,#7031,#7032,#7033,#7034,#7035,#7036,
    #7037,#7038,#7039,#7040,#7041,#7042,#7043,#7044,#7045,#7046,#7047,
    #7048,#7049,#7050,#7051,#7052,#7053,#7054,#7055,#7056,#7057,#7058,
    #7059,#7060,#7061,#7062,#7063,#7064,#7065,#7066,#7067,#7068,#7069,
    #7070,#7071,#7072,#7073,#7074,#7075,#7076,#7077,#7078,#7079,#7080,
    #7081,#7082,#7083,#7084,#7085,#7086,#7087,#7088,#7089,#7090,#7091,
    #7092,#7093,#7094,#7095,#7096,#7097,#7098,#7099,#7100,#7101,#7102,
    #7103,#7104,#7105,#7106,#7107,#7108,#7109,#7110,#7111,#7112,#7113,
    #7114,#7115,#7116),.UNSPECIFIED.,.F.,.F.,(9,7,7,7,7,7,7,7,7,7,7,7,7,
    7,7,7,7,7,7,7,7,7,7,7,7,7,9),(0.,3.37020172747E-02,
    5.506004676961E-02,8.327647632635E-02,0.158462391282,0.217192258673,
    0.249646902372,0.282562826801,0.341684104287,0.416649490838,
    0.444764621043,0.466140265144,0.477762281339,0.50013371706,
    0.522407661183,0.534034172158,0.555420067741,0.583633146801,
    0.658786370455,0.716506043941,0.750125047554,0.783485904059,
    0.84152089823,0.916468320652,0.94457943738,0.965970070361,1.),
  .UNSPECIFIED.);
#6933 = CARTESIAN_POINT('',(1.570796326795,13.119543352601));
#6934 = CARTESIAN_POINT('',(1.60181704497,13.119543352601));
#6935 = CARTESIAN_POINT('',(1.632847742438,13.110587820281));
#6936 = CARTESIAN_POINT('',(1.663750392996,13.092667393421));
#6937 = CARTESIAN_POINT('',(1.694413800796,13.066004133149));
#6938 = CARTESIAN_POINT('',(1.724746754652,13.030987164689));
#6939 = CARTESIAN_POINT('',(1.754673070135,12.988120536805));
#6940 = CARTESIAN_POINT('',(1.784128519445,12.937983299948));
#6941 = CARTESIAN_POINT('',(1.831394216836,12.845217580695));
#6942 = CARTESIAN_POINT('',(1.849524408915,12.806552469417));
#6943 = CARTESIAN_POINT('',(1.867441688492,12.765352690014));
#6944 = CARTESIAN_POINT('',(1.885140087542,12.721764242577));
#6945 = CARTESIAN_POINT('',(1.902615965915,12.675930191505));
#6946 = CARTESIAN_POINT('',(1.919867770414,12.627987950491));
#6947 = CARTESIAN_POINT('',(1.936895793881,12.578066567503));
#6948 = CARTESIAN_POINT('',(1.975904791377,12.457873256191));
#6949 = CARTESIAN_POINT('',(1.997718367298,12.386220621199));
#6950 = CARTESIAN_POINT('',(2.019148787426,12.311595808665));
#6951 = CARTESIAN_POINT('',(2.040203359306,12.234247187516));
#6952 = CARTESIAN_POINT('',(2.060890581985,12.154400102087));
#6953 = CARTESIAN_POINT('',(2.081220155347,12.072255182472));
#6954 = CARTESIAN_POINT('',(2.101202989457,11.987986654875));
#6955 = CARTESIAN_POINT('',(2.17320616293,11.671928278751));
#6956 = CARTESIAN_POINT('',(2.223120917818,11.428358750072));
#6957 = CARTESIAN_POINT('',(2.270897367179,11.173585026591));
#6958 = CARTESIAN_POINT('',(2.316690142721,10.909478555836));
#6959 = CARTESIAN_POINT('',(2.360603263679,10.63745953763));
#6960 = CARTESIAN_POINT('',(2.402679729009,10.358436017081));
#6961 = CARTESIAN_POINT('',(2.442914191106,10.072814651206));
#6962 = CARTESIAN_POINT('',(2.511069155989,9.55167764287));
#6963 = CARTESIAN_POINT('',(2.539704996877,9.319279304596));
#6964 = CARTESIAN_POINT('',(2.567047238377,9.082772060805));
#6965 = CARTESIAN_POINT('',(2.592965983659,8.841946936701));
#6966 = CARTESIAN_POINT('',(2.617227678694,8.596611119286));
#6967 = CARTESIAN_POINT('',(2.639492226456,8.346576395691));
#6968 = CARTESIAN_POINT('',(2.659234618895,8.091486608411));
#6969 = CARTESIAN_POINT('',(2.684971097654,7.686965131596));
#6970 = CARTESIAN_POINT('',(2.693161313216,7.541371739402));
#6971 = CARTESIAN_POINT('',(2.700264822901,7.394239865489));
#6972 = CARTESIAN_POINT('',(2.706157385304,7.245707253157));
#6973 = CARTESIAN_POINT('',(2.710713663148,7.095978308167));
#6974 = CARTESIAN_POINT('',(2.713829237767,6.945340695853));
#6975 = CARTESIAN_POINT('',(2.715444644561,6.794185030688));
#6976 = CARTESIAN_POINT('',(2.71567268223,6.489705599482));
#6977 = CARTESIAN_POINT('',(2.714242337637,6.336339064056));
#6978 = CARTESIAN_POINT('',(2.711262747743,6.183456459744));
#6979 = CARTESIAN_POINT('',(2.706791064285,6.031473455679));
#6980 = CARTESIAN_POINT('',(2.700933972511,5.880698330321));
#6981 = CARTESIAN_POINT('',(2.69382190733,5.731351698917));
#6982 = CARTESIAN_POINT('',(2.68558481982,5.583583565453));
#6983 = CARTESIAN_POINT('',(2.659749454134,5.17505544127));
#6984 = CARTESIAN_POINT('',(2.639929438868,4.918162429886));
#6985 = CARTESIAN_POINT('',(2.617544278886,4.666395944996));
#6986 = CARTESIAN_POINT('',(2.59313248601,4.419391965116));
#6987 = CARTESIAN_POINT('',(2.567041430946,4.176960688331));
#6988 = CARTESIAN_POINT('',(2.53950946619,3.938905932637));
#6989 = CARTESIAN_POINT('',(2.510668378627,3.705014231389));
#6990 = CARTESIAN_POINT('',(2.442376316974,3.183387287784));
#6991 = CARTESIAN_POINT('',(2.402239447331,2.898679261616));
#6992 = CARTESIAN_POINT('',(2.360271486567,2.620535744914));
#6993 = CARTESIAN_POINT('',(2.316477325042,2.349362255597));
#6994 = CARTESIAN_POINT('',(2.270813981753,2.086060568457));
#6995 = CARTESIAN_POINT('',(2.223178268811,1.832038724532));
#6996 = CARTESIAN_POINT('',(2.173416795472,1.589151686029));
#6997 = CARTESIAN_POINT('',(2.101659254016,1.273958605936));
#6998 = CARTESIAN_POINT('',(2.081755373329,1.189950919201));
#6999 = CARTESIAN_POINT('',(2.061507442462,1.108048606158));
#7000 = CARTESIAN_POINT('',(2.040904669808,1.028423673762));
#7001 = CARTESIAN_POINT('',(2.019937443292,0.951274101925));
#7002 = CARTESIAN_POINT('',(1.998597318797,0.87682220423));
#7003 = CARTESIAN_POINT('',(1.976877008585,0.805312988644));
#7004 = CARTESIAN_POINT('',(1.937962919739,0.685084373613));
#7005 = CARTESIAN_POINT('',(1.92093330502,0.635014733521));
#7006 = CARTESIAN_POINT('',(1.903679569507,0.586921497842));
#7007 = CARTESIAN_POINT('',(1.886201357323,0.540933705456));
#7008 = CARTESIAN_POINT('',(1.868500152444,0.497188832466));
#7009 = CARTESIAN_POINT('',(1.85057951837,0.455830090415));
#7010 = CARTESIAN_POINT('',(1.832445337796,0.417003724516));
#7011 = CARTESIAN_POINT('',(1.804134915397,0.361202830868));
#7012 = CARTESIAN_POINT('',(1.794103287781,0.342341512849));
#7013 = CARTESIAN_POINT('',(1.784012668708,0.324296021739));
#7014 = CARTESIAN_POINT('',(1.773864809436,0.307089979905));
#7015 = CARTESIAN_POINT('',(1.763661734775,0.290746714384));
#7016 = CARTESIAN_POINT('',(1.753405764655,0.275289003107));
#7017 = CARTESIAN_POINT('',(1.7430995357,0.260738821133));
#7018 = CARTESIAN_POINT('',(1.712816352716,0.220896356551));
#7019 = CARTESIAN_POINT('',(1.69270873845,0.198112384118));
#7020 = CARTESIAN_POINT('',(1.672447603512,0.178919490205));
#7021 = CARTESIAN_POINT('',(1.652059024987,0.163450885532));
#7022 = CARTESIAN_POINT('',(1.631571228859,0.1518135935));
#7023 = CARTESIAN_POINT('',(1.61101508534,0.144083372785));
#7024 = CARTESIAN_POINT('',(1.590424604199,0.140299639934));
#7025 = CARTESIAN_POINT('',(1.549339972013,0.140620443458));
#7026 = CARTESIAN_POINT('',(1.528841649951,0.144690708075));
#7027 = CARTESIAN_POINT('',(1.508379558648,0.152670855783));
#7028 = CARTESIAN_POINT('',(1.48798718159,0.164519983238));
#7029 = CARTESIAN_POINT('',(1.467694876869,0.18016165489));
#7030 = CARTESIAN_POINT('',(1.447530363061,0.199488944084));
#7031 = CARTESIAN_POINT('',(1.427519205091,0.222369474157));
#7032 = CARTESIAN_POINT('',(1.397332436121,0.26236855829));
#7033 = CARTESIAN_POINT('',(1.387027140845,0.277014062802));
#7034 = CARTESIAN_POINT('',(1.376772370281,0.292565952122));
#7035 = CARTESIAN_POINT('',(1.366570742253,0.309002164364));
#7036 = CARTESIAN_POINT('',(1.356424557976,0.326299850054));
#7037 = CARTESIAN_POINT('',(1.346335823607,0.344435625479));
#7038 = CARTESIAN_POINT('',(1.336306271811,0.363385826028));
#7039 = CARTESIAN_POINT('',(1.308000531541,0.419438387659));
#7040 = CARTESIAN_POINT('',(1.289869411516,0.458424612668));
#7041 = CARTESIAN_POINT('',(1.271952350528,0.499938652116));
#7042 = CARTESIAN_POINT('',(1.254255131827,0.543834175874));
#7043 = CARTESIAN_POINT('',(1.2367812325,0.58996798843));
#7044 = CARTESIAN_POINT('',(1.219532061338,0.638202711201));
#7045 = CARTESIAN_POINT('',(1.202507196708,0.688409464828));
#7046 = CARTESIAN_POINT('',(1.163538038109,0.80915149814));
#7047 = CARTESIAN_POINT('',(1.141760342533,0.881053159106));
#7048 = CARTESIAN_POINT('',(1.120365211447,0.955907540519));
#7049 = CARTESIAN_POINT('',(1.099345195409,1.033468004559));
#7050 = CARTESIAN_POINT('',(1.078691705676,1.113510900855));
#7051 = CARTESIAN_POINT('',(1.05839499809,1.195837197893));
#7052 = CARTESIAN_POINT('',(1.038444156972,1.280274114414));
#7053 = CARTESIAN_POINT('',(0.966571646546,1.596833716146));
#7054 = CARTESIAN_POINT('',(0.916748230644,1.840657592486));
#7055 = CARTESIAN_POINT('',(0.869056620412,2.095619881496));
#7056 = CARTESIAN_POINT('',(0.823343247944,2.359867346145));
#7057 = CARTESIAN_POINT('',(0.779505398471,2.631994482726));
#7058 = CARTESIAN_POINT('',(0.737501636433,2.911104075591));
#7059 = CARTESIAN_POINT('',(0.697339455616,3.19679718232));
#7060 = CARTESIAN_POINT('',(0.629818626512,3.714211996543));
#7061 = CARTESIAN_POINT('',(0.601699919477,3.942705315329));
#7062 = CARTESIAN_POINT('',(0.574833933567,4.175168313438));
#7063 = CARTESIAN_POINT('',(0.549345278324,4.411797069084));
#7064 = CARTESIAN_POINT('',(0.52545467881,4.652774995144));
#7065 = CARTESIAN_POINT('',(0.503482886305,4.898286015808));
#7066 = CARTESIAN_POINT('',(0.483919815902,5.148667392785));
#7067 = CARTESIAN_POINT('',(0.457730877166,5.553204167988));
#7068 = CARTESIAN_POINT('',(0.449116357709,5.703845490963));
#7069 = CARTESIAN_POINT('',(0.441655554701,5.856150405714));
#7070 = CARTESIAN_POINT('',(0.435486605907,6.009970222659));
#7071 = CARTESIAN_POINT('',(0.43075023746,6.165081774222));
#7072 = CARTESIAN_POINT('',(0.427563495433,6.32116773689));
#7073 = CARTESIAN_POINT('',(0.425990953639,6.477793007279));
#7074 = CARTESIAN_POINT('',(0.426069688606,6.789778753024));
#7075 = CARTESIAN_POINT('',(0.427696315152,6.945179845125));
#7076 = CARTESIAN_POINT('',(0.430910274748,7.100035588161));
#7077 = CARTESIAN_POINT('',(0.435647021894,7.253922790878));
#7078 = CARTESIAN_POINT('',(0.441791702808,7.406532803263));
#7079 = CARTESIAN_POINT('',(0.449206872704,7.557648851827));
#7080 = CARTESIAN_POINT('',(0.457757665893,7.707127173344));
#7081 = CARTESIAN_POINT('',(0.483950145257,8.111943930317));
#7082 = CARTESIAN_POINT('',(0.503629785425,8.363677233677));
#7083 = CARTESIAN_POINT('',(0.525742335461,8.610488607903));
#7084 = CARTESIAN_POINT('',(0.549790402302,8.852722019846));
#7085 = CARTESIAN_POINT('',(0.575449548703,9.090562874013));
#7086 = CARTESIAN_POINT('',(0.602496848278,9.324195981485));
#7087 = CARTESIAN_POINT('',(0.630807174512,9.553818509524));
#7088 = CARTESIAN_POINT('',(0.698481287904,10.071343358726));
#7089 = CARTESIAN_POINT('',(0.738579279742,10.356095281949));
#7090 = CARTESIAN_POINT('',(0.780508173175,10.634290377323));
#7091 = CARTESIAN_POINT('',(0.824261915464,10.905527313081));
#7092 = CARTESIAN_POINT('',(0.869882641656,11.168910164107));
#7093 = CARTESIAN_POINT('',(0.917472837775,11.423038801788));
#7094 = CARTESIAN_POINT('',(0.967185324083,11.666068059638));
#7095 = CARTESIAN_POINT('',(1.038871406435,11.981531797106));
#7096 = CARTESIAN_POINT('',(1.058756676088,12.0656259732));
#7097 = CARTESIAN_POINT('',(1.078985480924,12.147622070597));
#7098 = CARTESIAN_POINT('',(1.099568613558,12.227348894077));
#7099 = CARTESIAN_POINT('',(1.120515708206,12.304609364694));
#7100 = CARTESIAN_POINT('',(1.141835255892,12.379182127335));
#7101 = CARTESIAN_POINT('',(1.163534619656,12.450823158281));
#7102 = CARTESIAN_POINT('',(1.202425548254,12.57134872854));
#7103 = CARTESIAN_POINT('',(1.21945343584,12.621575339194));
#7104 = CARTESIAN_POINT('',(1.236705732345,12.66982945358));
#7105 = CARTESIAN_POINT('',(1.254182864339,12.715982126389));
#7106 = CARTESIAN_POINT('',(1.271883427153,12.759895901919));
#7107 = CARTESIAN_POINT('',(1.289803946892,12.801427497845));
#7108 = CARTESIAN_POINT('',(1.307938642443,12.840430488983));
#7109 = CARTESIAN_POINT('',(1.355456793302,12.934550686637));
#7110 = CARTESIAN_POINT('',(1.385171497857,12.985604636061));
#7111 = CARTESIAN_POINT('',(1.415369104511,13.029273925204));
#7112 = CARTESIAN_POINT('',(1.445984222639,13.064960114383));
#7113 = CARTESIAN_POINT('',(1.476939061905,13.092141007404));
#7114 = CARTESIAN_POINT('',(1.508140213665,13.110412477851));
#7115 = CARTESIAN_POINT('',(1.539473419489,13.119543352601));
#7116 = CARTESIAN_POINT('',(1.570796326795,13.119543352601));
#7117 = ( GEOMETRIC_REPRESENTATION_CONTEXT(2) 
PARAMETRIC_REPRESENTATION_CONTEXT() REPRESENTATION_CONTEXT('2D SPACE',''
  ) );
#7118 = PCURVE('',#7119,#7150);
#7119 = B_SPLINE_SURFACE_WITH_KNOTS('',14,1,(
    (#7120,#7121)
    ,(#7122,#7123)
    ,(#7124,#7125)
    ,(#7126,#7127)
    ,(#7128,#7129)
    ,(#7130,#7131)
    ,(#7132,#7133)
    ,(#7134,#7135)
    ,(#7136,#7137)
    ,(#7138,#7139)
    ,(#7140,#7141)
    ,(#7142,#7143)
    ,(#7144,#7145)
    ,(#7146,#7147)
    ,(#7148,#7149
    )),.UNSPECIFIED.,.T.,.F.,.F.,(1,14,14,1),(2,2),(-6.28318530718,0.,
    6.28318530718,12.566370614359),(0.,1.),.UNSPECIFIED.);
#7120 = CARTESIAN_POINT('',(73.1,-1.47,9.585395327885E-16));
#7121 = CARTESIAN_POINT('',(90.4,-2.8,-2.8065920263E-15));
#7122 = CARTESIAN_POINT('',(73.1,-1.469999999999,2.975537041902));
#7123 = CARTESIAN_POINT('',(90.399999999999,-2.8,2.365170469204));
#7124 = CARTESIAN_POINT('',(73.1,-2.994907959234,5.951075182139));
#7125 = CARTESIAN_POINT('',(90.400000000007,-4.036411858838,
    4.730341811445));
#7126 = CARTESIAN_POINT('',(73.1,-6.044725827146,8.173592267779));
#7127 = CARTESIAN_POINT('',(90.399999999972,-6.509237157146,
    6.496957956437));
#7128 = CARTESIAN_POINT('',(73.1,-10.1633726216,8.89015106033));
#7129 = CARTESIAN_POINT('',(90.400000000078,-9.848680504001,
    7.06653033001));
#7130 = CARTESIAN_POINT('',(73.1,-14.43877289265,7.617716588491));
#7131 = CARTESIAN_POINT('',(90.399999999838,-13.31522126431,
    6.055108057514));
#7132 = CARTESIAN_POINT('',(73.1,-17.70256316263,4.414819176112));
#7133 = CARTESIAN_POINT('',(90.400000000262,-15.96153769943,
    3.509215242555));
#7134 = CARTESIAN_POINT('',(73.1,-18.93131507242,7.623235376287E-11));
#7135 = CARTESIAN_POINT('',(90.399999999666,-16.9578230317,
    5.836753302902E-11));
#7136 = CARTESIAN_POINT('',(73.1,-17.70256316263,-4.414819176252));
#7137 = CARTESIAN_POINT('',(90.400000000339,-15.96153769943,
    -3.509215242662));
#7138 = CARTESIAN_POINT('',(73.1,-14.43877289264,-7.617716588383));
#7139 = CARTESIAN_POINT('',(90.399999999725,-13.31522126431,
    -6.055108057431));
#7140 = CARTESIAN_POINT('',(73.1,-10.1633726216,-8.890151060398));
#7141 = CARTESIAN_POINT('',(90.400000000176,-9.848680504005,
    -7.066530330062));
#7142 = CARTESIAN_POINT('',(73.1,-6.044725827144,-8.173592267744));
#7143 = CARTESIAN_POINT('',(90.399999999913,-6.509237157143,
    -6.496957956411));
#7144 = CARTESIAN_POINT('',(73.1,-2.994907959234,-5.951075182152));
#7145 = CARTESIAN_POINT('',(90.400000000031,-4.036411858839,
    -4.730341811454));
#7146 = CARTESIAN_POINT('',(73.1,-1.469999999999,-2.975537041899));
#7147 = CARTESIAN_POINT('',(90.399999999993,-2.799999999999,
    -2.365170469202));
#7148 = CARTESIAN_POINT('',(73.1,-1.47,9.585395327885E-16));
#7149 = CARTESIAN_POINT('',(90.4,-2.8,-2.8065920263E-15));
#7150 = DEFINITIONAL_REPRESENTATION('',(#7151),#7336);
#7151 = B_SPLINE_CURVE_WITH_KNOTS('',8,(#7152,#7153,#7154,#7155,#7156,
    #7157,#7158,#7159,#7160,#7161,#7162,#7163,#7164,#7165,#7166,#7167,
    #7168,#7169,#7170,#7171,#7172,#7173,#7174,#7175,#7176,#7177,#7178,
    #7179,#7180,#7181,#7182,#7183,#7184,#7185,#7186,#7187,#7188,#7189,
    #7190,#7191,#7192,#7193,#7194,#7195,#7196,#7197,#7198,#7199,#7200,
    #7201,#7202,#7203,#7204,#7205,#7206,#7207,#7208,#7209,#7210,#7211,
    #7212,#7213,#7214,#7215,#7216,#7217,#7218,#7219,#7220,#7221,#7222,
    #7223,#7224,#7225,#7226,#7227,#7228,#7229,#7230,#7231,#7232,#7233,
    #7234,#7235,#7236,#7237,#7238,#7239,#7240,#7241,#7242,#7243,#7244,
    #7245,#7246,#7247,#7248,#7249,#7250,#7251,#7252,#7253,#7254,#7255,
    #7256,#7257,#7258,#7259,#7260,#7261,#7262,#7263,#7264,#7265,#7266,
    #7267,#7268,#7269,#7270,#7271,#7272,#7273,#7274,#7275,#7276,#7277,
    #7278,#7279,#7280,#7281,#7282,#7283,#7284,#7285,#7286,#7287,#7288,
    #7289,#7290,#7291,#7292,#7293,#7294,#7295,#7296,#7297,#7298,#7299,
    #7300,#7301,#7302,#7303,#7304,#7305,#7306,#7307,#7308,#7309,#7310,
    #7311,#7312,#7313,#7314,#7315,#7316,#7317,#7318,#7319,#7320,#7321,
    #7322,#7323,#7324,#7325,#7326,#7327,#7328,#7329,#7330,#7331,#7332,
    #7333,#7334,#7335),.UNSPECIFIED.,.F.,.F.,(9,7,7,7,7,7,7,7,7,7,7,7,7,
    7,7,7,7,7,7,7,7,7,7,7,7,7,9),(0.,3.37020172747E-02,
    5.506004676961E-02,8.327647632635E-02,0.158462391282,0.217192258673,
    0.249646902372,0.282562826801,0.341684104287,0.416649490838,
    0.444764621043,0.466140265144,0.477762281339,0.50013371706,
    0.522407661183,0.534034172158,0.555420067741,0.583633146801,
    0.658786370455,0.716506043941,0.750125047554,0.783485904059,
    0.84152089823,0.916468320652,0.94457943738,0.965970070361,1.),
  .UNSPECIFIED.);
#7152 = CARTESIAN_POINT('',(6.28318530718,0.406358381503));
#7153 = CARTESIAN_POINT('',(6.247301977203,0.406358381503));
#7154 = CARTESIAN_POINT('',(6.21140710763,0.405911480369));
#7155 = CARTESIAN_POINT('',(6.175656911211,0.405017204579));
#7156 = CARTESIAN_POINT('',(6.140176596906,0.40368706086));
#7157 = CARTESIAN_POINT('',(6.105068243221,0.401941287534));
#7158 = CARTESIAN_POINT('',(6.070416500976,0.399806190552));
#7159 = CARTESIAN_POINT('',(6.036292125526,0.397312064234));
#7160 = CARTESIAN_POINT('',(5.981498753023,0.392704341003));
#7161 = CARTESIAN_POINT('',(5.960472163896,0.390785343046));
#7162 = CARTESIAN_POINT('',(5.939682503903,0.388742397748));
#7163 = CARTESIAN_POINT('',(5.919135710354,0.386583214116));
#7164 = CARTESIAN_POINT('',(5.898834992316,0.384315378532));
#7165 = CARTESIAN_POINT('',(5.878781097923,0.381946218037));
#7166 = CARTESIAN_POINT('',(5.85897258169,0.379482663609));
#7167 = CARTESIAN_POINT('',(5.813556447087,0.373560220288));
#7168 = CARTESIAN_POINT('',(5.788131562254,0.370036063357));
#7169 = CARTESIAN_POINT('',(5.763121590203,0.366373295607));
#7170 = CARTESIAN_POINT('',(5.738515161299,0.362585558033));
#7171 = CARTESIAN_POINT('',(5.714299279906,0.358685417449));
#7172 = CARTESIAN_POINT('',(5.690459240925,0.354684304271));
#7173 = CARTESIAN_POINT('',(5.66697854631,0.350592450305));
#7174 = CARTESIAN_POINT('',(5.582180369377,0.335297726959));
#7175 = CARTESIAN_POINT('',(5.52301863391,0.323609788788));
#7176 = CARTESIAN_POINT('',(5.465922068899,0.31151420392));
#7177 = CARTESIAN_POINT('',(5.410605220587,0.299143837019));
#7178 = CARTESIAN_POINT('',(5.356811015992,0.286618858171));
#7179 = CARTESIAN_POINT('',(5.3042969735,0.274052532481));
#7180 = CARTESIAN_POINT('',(5.252803951767,0.261557766613));
#7181 = CARTESIAN_POINT('',(5.162332721109,0.239685684102));
#7182 = CARTESIAN_POINT('',(5.12315178488,0.230241432069));
#7183 = CARTESIAN_POINT('',(5.084291354129,0.221008258741));
#7184 = CARTESIAN_POINT('',(5.045615387511,0.212073720912));
#7185 = CARTESIAN_POINT('',(5.007003003664,0.203561248299));
#7186 = CARTESIAN_POINT('',(4.968338785302,0.195633136899));
#7187 = CARTESIAN_POINT('',(4.9294805533,0.188522589454));
#7188 = CARTESIAN_POINT('',(4.868595869872,0.179178463556));
#7189 = CARTESIAN_POINT('',(4.846824421547,0.17618734375));
#7190 = CARTESIAN_POINT('',(4.824945852881,0.17358019622));
#7191 = CARTESIAN_POINT('',(4.802961467195,0.171408909014));
#7192 = CARTESIAN_POINT('',(4.780879871127,0.169725408128));
#7193 = CARTESIAN_POINT('',(4.758719128615,0.168572650996));
#7194 = CARTESIAN_POINT('',(4.736510309375,0.167974898488));
#7195 = CARTESIAN_POINT('',(4.691777549027,0.16789051665));
#7196 = CARTESIAN_POINT('',(4.669247369947,0.168419789728));
#7197 = CARTESIAN_POINT('',(4.646762570663,0.169522460805));
#7198 = CARTESIAN_POINT('',(4.6243565864,0.17117523687));
#7199 = CARTESIAN_POINT('',(4.602049233368,0.173334249026));
#7200 = CARTESIAN_POINT('',(4.579850385178,0.175945486855));
#7201 = CARTESIAN_POINT('',(4.557762225031,0.178954713441));
#7202 = CARTESIAN_POINT('',(4.496295030217,0.188337259756));
#7203 = CARTESIAN_POINT('',(4.457174925902,0.195477848006));
#7204 = CARTESIAN_POINT('',(4.418253573618,0.203451066559));
#7205 = CARTESIAN_POINT('',(4.379385829237,0.21201788222));
#7206 = CARTESIAN_POINT('',(4.340454367186,0.221012597972));
#7207 = CARTESIAN_POINT('',(4.3013360451,0.230309288457));
#7208 = CARTESIAN_POINT('',(4.261892069672,0.239818923367));
#7209 = CARTESIAN_POINT('',(4.171287355687,0.261724408146));
#7210 = CARTESIAN_POINT('',(4.119933845392,0.274183130186));
#7211 = CARTESIAN_POINT('',(4.067563168558,0.286711933829));
#7212 = CARTESIAN_POINT('',(4.013918373917,0.29919891505));
#7213 = CARTESIAN_POINT('',(3.958758916683,0.311531791887));
#7214 = CARTESIAN_POINT('',(3.901829853363,0.323591422425));
#7215 = CARTESIAN_POINT('',(3.842848048738,0.335246093728));
#7216 = CARTESIAN_POINT('',(3.758335868578,0.350498081928));
#7217 = CARTESIAN_POINT('',(3.734946939292,0.354577005699));
#7218 = CARTESIAN_POINT('',(3.711201548477,0.358566017507));
#7219 = CARTESIAN_POINT('',(3.687083370625,0.362455010958));
#7220 = CARTESIAN_POINT('',(3.662577832976,0.366232701156));
#7221 = CARTESIAN_POINT('',(3.637672030594,0.369886684708));
#7222 = CARTESIAN_POINT('',(3.612354641438,0.37340349972));
#7223 = CARTESIAN_POINT('',(3.567046896728,0.379327202135));
#7224 = CARTESIAN_POINT('',(3.547235699992,0.381797888459));
#7225 = CARTESIAN_POINT('',(3.527178806538,0.384174347762));
#7226 = CARTESIAN_POINT('',(3.506874692913,0.386449647488));
#7227 = CARTESIAN_POINT('',(3.486324022686,0.388616455534));
#7228 = CARTESIAN_POINT('',(3.465529912232,0.39066717626));
#7229 = CARTESIAN_POINT('',(3.444498196515,0.392594086496));
#7230 = CARTESIAN_POINT('',(3.411678282057,0.395365628983));
#7231 = CARTESIAN_POINT('',(3.400051400744,0.396302894663));
#7232 = CARTESIAN_POINT('',(3.388358633833,0.397200023781));
#7233 = CARTESIAN_POINT('',(3.376601857979,0.398055776022));
#7234 = CARTESIAN_POINT('',(3.364783268206,0.398868928556));
#7235 = CARTESIAN_POINT('',(3.352905402516,0.399638289031));
#7236 = CARTESIAN_POINT('',(3.340971166504,0.400362708569));
#7237 = CARTESIAN_POINT('',(3.305909264199,0.402346933001));
#7238 = CARTESIAN_POINT('',(3.282634845433,0.403482375086));
#7239 = CARTESIAN_POINT('',(3.259187835639,0.404439372333));
#7240 = CARTESIAN_POINT('',(3.235597388216,0.405210984355));
#7241 = CARTESIAN_POINT('',(3.211895146991,0.405791640344));
#7242 = CARTESIAN_POINT('',(3.188115817224,0.406177400355));
#7243 = CARTESIAN_POINT('',(3.164297736608,0.406366216592));
#7244 = CARTESIAN_POINT('',(3.116772935301,0.406350207733));
#7245 = CARTESIAN_POINT('',(3.093061390204,0.406147092836));
#7246 = CARTESIAN_POINT('',(3.069390729083,0.405748865566));
#7247 = CARTESIAN_POINT('',(3.04579869391,0.405157651055));
#7248 = CARTESIAN_POINT('',(3.022319410572,0.404377424593));
#7249 = CARTESIAN_POINT('',(2.998983948915,0.403413752224));
#7250 = CARTESIAN_POINT('',(2.975820882779,0.402273531336));
#7251 = CARTESIAN_POINT('',(2.940870127927,0.400281566285));
#7252 = CARTESIAN_POINT('',(2.928936794402,0.399552424289));
#7253 = CARTESIAN_POINT('',(2.917060125181,0.398778403118));
#7254 = CARTESIAN_POINT('',(2.905243003866,0.397960656289));
#7255 = CARTESIAN_POINT('',(2.893487946535,0.397100380012));
#7256 = CARTESIAN_POINT('',(2.881797126344,0.396198800223));
#7257 = CARTESIAN_POINT('',(2.870172398118,0.395257159609));
#7258 = CARTESIAN_POINT('',(2.837357148128,0.392473248048));
#7259 = CARTESIAN_POINT('',(2.816328431808,0.390538504489));
#7260 = CARTESIAN_POINT('',(2.795537858653,0.388480200604));
#7261 = CARTESIAN_POINT('',(2.774991145817,0.386306065388));
#7262 = CARTESIAN_POINT('',(2.754691306567,0.384023695207));
#7263 = CARTESIAN_POINT('',(2.734638913918,0.381640418825));
#7264 = CARTESIAN_POINT('',(2.71483236426,0.379163162428));
#7265 = CARTESIAN_POINT('',(2.669458280664,0.373214670845));
#7266 = CARTESIAN_POINT('',(2.644072514508,0.369678904825));
#7267 = CARTESIAN_POINT('',(2.619100770833,0.366005588042));
#7268 = CARTESIAN_POINT('',(2.594531501689,0.362208279252));
#7269 = CARTESIAN_POINT('',(2.570351591127,0.358299465475));
#7270 = CARTESIAN_POINT('',(2.546546263456,0.354290502955));
#7271 = CARTESIAN_POINT('',(2.523098991513,0.350191558128));
#7272 = CARTESIAN_POINT('',(2.438438051589,0.33487695415));
#7273 = CARTESIAN_POINT('',(2.379369996207,0.32318078831));
#7274 = CARTESIAN_POINT('',(2.322357212108,0.311081146255));
#7275 = CARTESIAN_POINT('',(2.267114898292,0.298710164037));
#7276 = CARTESIAN_POINT('',(2.213386684688,0.286187542413));
#7277 = CARTESIAN_POINT('',(2.160930700152,0.273626405439));
#7278 = CARTESIAN_POINT('',(2.109488492214,0.261139880074));
#7279 = CARTESIAN_POINT('',(2.01976081094,0.239450046483));
#7280 = CARTESIAN_POINT('',(1.981256459738,0.230172730649));
#7281 = CARTESIAN_POINT('',(1.943060577523,0.221100906893));
#7282 = CARTESIAN_POINT('',(1.905044216154,0.212318240423));
#7283 = CARTESIAN_POINT('',(1.867092272839,0.203941607584));
#7284 = CARTESIAN_POINT('',(1.829094159191,0.196124353037));
#7285 = CARTESIAN_POINT('',(1.790915059839,0.189084588432));
#7286 = CARTESIAN_POINT('',(1.729967490583,0.179583792471));
#7287 = CARTESIAN_POINT('',(1.707426751547,0.176439181458));
#7288 = CARTESIAN_POINT('',(1.684771126117,0.173701419162));
#7289 = CARTESIAN_POINT('',(1.66200161248,0.171428230923));
#7290 = CARTESIAN_POINT('',(1.639127293084,0.16967793328));
#7291 = CARTESIAN_POINT('',(1.616167856364,0.16849867633));
#7292 = CARTESIAN_POINT('',(1.593157842314,0.167916782522));
#7293 = CARTESIAN_POINT('',(1.547322405003,0.167945917245));
#7294 = CARTESIAN_POINT('',(1.524491020361,0.168547824408));
#7295 = CARTESIAN_POINT('',(1.501710547521,0.169737067967));
#7296 = CARTESIAN_POINT('',(1.479014511358,0.171487326163));
#7297 = CARTESIAN_POINT('',(1.45642200642,0.173751345212));
#7298 = CARTESIAN_POINT('',(1.433941755883,0.176472164305));
#7299 = CARTESIAN_POINT('',(1.411574516559,0.179593419737));
#7300 = CARTESIAN_POINT('',(1.350586749975,0.189095749122));
#7301 = CARTESIAN_POINT('',(1.312200446936,0.196177424846));
#7302 = CARTESIAN_POINT('',(1.273996524217,0.204044189536));
#7303 = CARTESIAN_POINT('',(1.235837824315,0.212474543043));
#7304 = CARTESIAN_POINT('',(1.197612159412,0.221313220186));
#7305 = CARTESIAN_POINT('',(1.159202694075,0.230441939341));
#7306 = CARTESIAN_POINT('',(1.120478479,0.239776186345));
#7307 = CARTESIAN_POINT('',(1.030639927692,0.261495178688));
#7308 = CARTESIAN_POINT('',(0.979313453487,0.273949626397));
#7309 = CARTESIAN_POINT('',(0.92697373216,0.286475819452));
#7310 = CARTESIAN_POINT('',(0.873364175501,0.2989617314));
#7311 = CARTESIAN_POINT('',(0.818244560499,0.311295153101));
#7312 = CARTESIAN_POINT('',(0.761360313658,0.323357192554));
#7313 = CARTESIAN_POINT('',(0.702428642198,0.335016526452));
#7314 = CARTESIAN_POINT('',(0.617991572561,0.350279234864));
#7315 = CARTESIAN_POINT('',(0.594622242889,0.354361767549));
#7316 = CARTESIAN_POINT('',(0.570897193605,0.358354810275));
#7317 = CARTESIAN_POINT('',(0.546800086488,0.36224829379));
#7318 = CARTESIAN_POINT('',(0.522316313282,0.366030975377));
#7319 = CARTESIAN_POINT('',(0.497432906357,0.369690497137));
#7320 = CARTESIAN_POINT('',(0.472138449377,0.373213444261));
#7321 = CARTESIAN_POINT('',(0.426855284467,0.379151233017));
#7322 = CARTESIAN_POINT('',(0.407045154001,0.381629455029));
#7323 = CARTESIAN_POINT('',(0.386989072397,0.384013677618));
#7324 = CARTESIAN_POINT('',(0.366685429392,0.386296970902));
#7325 = CARTESIAN_POINT('',(0.346134792372,0.388472001885));
#7326 = CARTESIAN_POINT('',(0.32534017013,0.390531169504));
#7327 = CARTESIAN_POINT('',(0.304307276615,0.39246673967));
#7328 = CARTESIAN_POINT('',(0.249218737987,0.397141310632));
#7329 = CARTESIAN_POINT('',(0.214792938211,0.399680881282));
#7330 = CARTESIAN_POINT('',(0.179826364333,0.401855874758));
#7331 = CARTESIAN_POINT('',(0.144391008788,0.403634978242));
#7332 = CARTESIAN_POINT('',(0.108573276028,0.404990936496));
#7333 = CARTESIAN_POINT('',(7.247768540389E-02,0.405902730452));
#7334 = CARTESIAN_POINT('',(3.623288836648E-02,0.406358381503));
#7335 = CARTESIAN_POINT('',(0.,0.406358381503));
#7336 = ( GEOMETRIC_REPRESENTATION_CONTEXT(2) 
PARAMETRIC_REPRESENTATION_CONTEXT() REPRESENTATION_CONTEXT('2D SPACE',''
  ) );
#7337 = ADVANCED_FACE('',(#7338),#7119,.T.);
#7338 = FACE_BOUND('',#7339,.T.);
#7339 = EDGE_LOOP('',(#7340,#7362,#7363,#7364,#7393));
#7340 = ORIENTED_EDGE('',*,*,#7341,.F.);
#7341 = EDGE_CURVE('',#6742,#7342,#7344,.T.);
#7342 = VERTEX_POINT('',#7343);
#7343 = CARTESIAN_POINT('',(90.4,-2.8,0.));
#7344 = SEAM_CURVE('',#7345,(#7348,#7355),.PCURVE_S1.);
#7345 = B_SPLINE_CURVE_WITH_KNOTS('',1,(#7346,#7347),.UNSPECIFIED.,.F.,
  .F.,(2,2),(0.,1.),.PIECEWISE_BEZIER_KNOTS.);
#7346 = CARTESIAN_POINT('',(73.1,-1.47,9.585395327885E-16));
#7347 = CARTESIAN_POINT('',(90.4,-2.8,-2.8065920263E-15));
#7348 = PCURVE('',#7119,#7349);
#7349 = DEFINITIONAL_REPRESENTATION('',(#7350),#7354);
#7350 = LINE('',#7351,#7352);
#7351 = CARTESIAN_POINT('',(0.,0.));
#7352 = VECTOR('',#7353,1.);
#7353 = DIRECTION('',(0.,1.));
#7354 = ( GEOMETRIC_REPRESENTATION_CONTEXT(2) 
PARAMETRIC_REPRESENTATION_CONTEXT() REPRESENTATION_CONTEXT('2D SPACE',''
  ) );
#7355 = PCURVE('',#7119,#7356);
#7356 = DEFINITIONAL_REPRESENTATION('',(#7357),#7361);
#7357 = LINE('',#7358,#7359);
#7358 = CARTESIAN_POINT('',(6.28318530718,0.));
#7359 = VECTOR('',#7360,1.);
#7360 = DIRECTION('',(0.,1.));
#7361 = ( GEOMETRIC_REPRESENTATION_CONTEXT(2) 
PARAMETRIC_REPRESENTATION_CONTEXT() REPRESENTATION_CONTEXT('2D SPACE',''
  ) );
#7362 = ORIENTED_EDGE('',*,*,#6741,.F.);
#7363 = ORIENTED_EDGE('',*,*,#7341,.T.);
#7364 = ORIENTED_EDGE('',*,*,#7365,.F.);
#7365 = EDGE_CURVE('',#7366,#7342,#7368,.T.);
#7366 = VERTEX_POINT('',#7367);
#7367 = CARTESIAN_POINT('',(90.4,-14.2,8.106477412046E-14));
#7368 = SURFACE_CURVE('',#7369,(#7374,#7381),.PCURVE_S1.);
#7369 = ELLIPSE('',#7370,5.7,5.27);
#7370 = AXIS2_PLACEMENT_3D('',#7371,#7372,#7373);
#7371 = CARTESIAN_POINT('',(90.4,-8.5,0.));
#7372 = DIRECTION('',(1.,0.,0.));
#7373 = DIRECTION('',(0.,1.,0.));
#7374 = PCURVE('',#7119,#7375);
#7375 = DEFINITIONAL_REPRESENTATION('',(#7376),#7380);
#7376 = LINE('',#7377,#7378);
#7377 = CARTESIAN_POINT('',(0.,1.));
#7378 = VECTOR('',#7379,1.);
#7379 = DIRECTION('',(1.,0.));
#7380 = ( GEOMETRIC_REPRESENTATION_CONTEXT(2) 
PARAMETRIC_REPRESENTATION_CONTEXT() REPRESENTATION_CONTEXT('2D SPACE',''
  ) );
#7381 = PCURVE('',#7382,#7387);
#7382 = PLANE('',#7383);
#7383 = AXIS2_PLACEMENT_3D('',#7384,#7385,#7386);
#7384 = CARTESIAN_POINT('',(90.4,-8.5,0.));
#7385 = DIRECTION('',(1.,0.,0.));
#7386 = DIRECTION('',(0.,1.,0.));
#7387 = DEFINITIONAL_REPRESENTATION('',(#7388),#7392);
#7388 = ELLIPSE('',#7389,5.7,5.27);
#7389 = AXIS2_PLACEMENT_2D('',#7390,#7391);
#7390 = CARTESIAN_POINT('',(0.,0.));
#7391 = DIRECTION('',(1.,0.));
#7392 = ( GEOMETRIC_REPRESENTATION_CONTEXT(2) 
PARAMETRIC_REPRESENTATION_CONTEXT() REPRESENTATION_CONTEXT('2D SPACE',''
  ) );
#7393 = ORIENTED_EDGE('',*,*,#7394,.F.);
#7394 = EDGE_CURVE('',#7342,#7366,#7395,.T.);
#7395 = SURFACE_CURVE('',#7396,(#7525,#7657),.PCURVE_S1.);
#7396 = B_SPLINE_CURVE_WITH_KNOTS('',8,(#7397,#7398,#7399,#7400,#7401,
    #7402,#7403,#7404,#7405,#7406,#7407,#7408,#7409,#7410,#7411,#7412,
    #7413,#7414,#7415,#7416,#7417,#7418,#7419,#7420,#7421,#7422,#7423,
    #7424,#7425,#7426,#7427,#7428,#7429,#7430,#7431,#7432,#7433,#7434,
    #7435,#7436,#7437,#7438,#7439,#7440,#7441,#7442,#7443,#7444,#7445,
    #7446,#7447,#7448,#7449,#7450,#7451,#7452,#7453,#7454,#7455,#7456,
    #7457,#7458,#7459,#7460,#7461,#7462,#7463,#7464,#7465,#7466,#7467,
    #7468,#7469,#7470,#7471,#7472,#7473,#7474,#7475,#7476,#7477,#7478,
    #7479,#7480,#7481,#7482,#7483,#7484,#7485,#7486,#7487,#7488,#7489,
    #7490,#7491,#7492,#7493,#7494,#7495,#7496,#7497,#7498,#7499,#7500,
    #7501,#7502,#7503,#7504,#7505,#7506,#7507,#7508,#7509,#7510,#7511,
    #7512,#7513,#7514,#7515,#7516,#7517,#7518,#7519,#7520,#7521,#7522,
    #7523,#7524),.UNSPECIFIED.,.F.,.F.,(9,7,7,7,7,7,7,7,7,7,7,7,7,7,7,7,
    7,7,9),(0.,4.762625626681E-02,9.529558282572E-02,0.155668811542,
    0.272396472964,0.302373874855,0.332509918213,0.364914695573,
    0.422906145625,0.499800801767,0.577721401313,0.635687129636,
    0.668084380368,0.698215409132,0.728188706701,0.844904017897,
    0.90526790902,0.952921423241,1.),.UNSPECIFIED.);
#7397 = CARTESIAN_POINT('',(90.4,-2.8,-1.08246744901E-15));
#7398 = CARTESIAN_POINT('',(90.4,-2.8,0.108780441856));
#7399 = CARTESIAN_POINT('',(90.394758393031,-2.802372545541,
    0.217526197235));
#7400 = CARTESIAN_POINT('',(90.384281153002,-2.807115197386,
    0.325855314354));
#7401 = CARTESIAN_POINT('',(90.36903356531,-2.814210175425,
    0.433524410248));
#7402 = CARTESIAN_POINT('',(90.349905084798,-2.823656527974,
    0.540405848893));
#7403 = CARTESIAN_POINT('',(90.327630363585,-2.835440260025,
    0.646409794397));
#7404 = CARTESIAN_POINT('',(90.302853152984,-2.849544082735,
    0.751500226496));
#7405 = CARTESIAN_POINT('',(90.249270953221,-2.882385606377,
    0.959975458361));
#7406 = CARTESIAN_POINT('',(90.220456290791,-2.901131002256,
    1.063381419243));
#7407 = CARTESIAN_POINT('',(90.19012851766,-2.922189312387,
    1.165948376337));
#7408 = CARTESIAN_POINT('',(90.15866329939,-2.945553755031,1.26769205047
    ));
#7409 = CARTESIAN_POINT('',(90.126343736855,-2.971214420957,
    1.368613559468));
#7410 = CARTESIAN_POINT('',(90.09338522893,-2.99915900147,1.4687068213)
  );
#7411 = CARTESIAN_POINT('',(90.059955084933,-3.029374888399,
    1.567963921138));
#7412 = CARTESIAN_POINT('',(89.983419445048,-3.102985744263,
    1.791020488466));
#7413 = CARTESIAN_POINT('',(89.94011654076,-3.147740294631,1.91429124818
    ));
#7414 = CARTESIAN_POINT('',(89.896554913246,-3.196086598309,
    2.036153347551));
#7415 = CARTESIAN_POINT('',(89.852934254359,-3.247987971724,
    2.156546844173));
#7416 = CARTESIAN_POINT('',(89.809406795832,-3.303401674618,
    2.275399181334));
#7417 = CARTESIAN_POINT('',(89.766097055797,-3.362279657118,
    2.392631793093));
#7418 = CARTESIAN_POINT('',(89.723111744509,-3.424569125845,
    2.508163360286));
#7419 = CARTESIAN_POINT('',(89.598229834994,-3.617130899117,
    2.841830807466));
#7420 = CARTESIAN_POINT('',(89.517467031964,-3.756587085749,
    3.055077436655));
#7421 = CARTESIAN_POINT('',(89.438906069524,-3.908159675937,
    3.261029265555));
#7422 = CARTESIAN_POINT('',(89.363005791817,-4.071357067054,
    3.459037819602));
#7423 = CARTESIAN_POINT('',(89.290145640297,-4.245623012917,
    3.648466042675));
#7424 = CARTESIAN_POINT('',(89.22065783461,-4.430335731831,3.82870028942
    ));
#7425 = CARTESIAN_POINT('',(89.154826608591,-4.624800743789,
    3.99915450198));
#7426 = CARTESIAN_POINT('',(89.077003586598,-4.880482716803,
    4.200410551691));
#7427 = CARTESIAN_POINT('',(89.061359301967,-4.933319856158,
    4.240853960467));
#7428 = CARTESIAN_POINT('',(89.045977198676,-4.986735436679,
    4.280607308957));
#7429 = CARTESIAN_POINT('',(89.030861414001,-5.04071580842,
    4.319661553784));
#7430 = CARTESIAN_POINT('',(89.016015947998,-5.095246856899,
    4.358007842342));
#7431 = CARTESIAN_POINT('',(89.001444663502,-5.150314003093,
    4.395637512806));
#7432 = CARTESIAN_POINT('',(88.987151286126,-5.205902203441,
    4.432542094126));
#7433 = CARTESIAN_POINT('',(88.959053371028,-5.318386546319,
    4.505075937258));
#7434 = CARTESIAN_POINT('',(88.945251827007,-5.375287918253,
    4.54069743394));
#7435 = CARTESIAN_POINT('',(88.931738431262,-5.432684353109,
    4.575569361864));
#7436 = CARTESIAN_POINT('',(88.918516704609,-5.490559439352,
    4.609683544415));
#7437 = CARTESIAN_POINT('',(88.905590029621,-5.548896066436,
    4.643032062572));
#7438 = CARTESIAN_POINT('',(88.892961650625,-5.607676424812,
    4.675607254908));
#7439 = CARTESIAN_POINT('',(88.880634673701,-5.666882005925,
    4.707401717594));
#7440 = CARTESIAN_POINT('',(88.855684360852,-5.790592942751,
    4.771749162378));
#7441 = CARTESIAN_POINT('',(88.84310860573,-5.855161475986,
    4.804178994546));
#7442 = CARTESIAN_POINT('',(88.830888436941,-5.920175318478,
    4.835689085073));
#7443 = CARTESIAN_POINT('',(88.819027338615,-5.985609213511,
    4.866271010576));
#7444 = CARTESIAN_POINT('',(88.807528593828,-6.051436520173,
    4.895916779392));
#7445 = CARTESIAN_POINT('',(88.796395235046,-6.117629202435,
    4.924618970866));
#7446 = CARTESIAN_POINT('',(88.785629994556,-6.184157818225,
    4.952370874632));
#7447 = CARTESIAN_POINT('',(88.756632873595,-6.370596792914,
    5.027120198171));
#7448 = CARTESIAN_POINT('',(88.739215967254,-6.491186411482,
    5.072014416591));
#7449 = CARTESIAN_POINT('',(88.722999578517,-6.61257578968,
    5.113812109129));
#7450 = CARTESIAN_POINT('',(88.707995020581,-6.73456537477,
    5.152485162467));
#7451 = CARTESIAN_POINT('',(88.694208147484,-6.856942359996,
    5.18801914068));
#7452 = CARTESIAN_POINT('',(88.681638159854,-6.97948654132,
    5.220416488426));
#7453 = CARTESIAN_POINT('',(88.670276946115,-7.101980306709,
    5.249698322667));
#7454 = CARTESIAN_POINT('',(88.646626560318,-7.386312018525,
    5.310653712152));
#7455 = CARTESIAN_POINT('',(88.635238979693,-7.547997279858,
    5.340003565431));
#7456 = CARTESIAN_POINT('',(88.625916897061,-7.708748243349,
    5.364030174962));
#7457 = CARTESIAN_POINT('',(88.618591734422,-7.86824544309,
    5.382910183276));
#7458 = CARTESIAN_POINT('',(88.61317284498,-8.026435060107,
    5.396877050947));
#7459 = CARTESIAN_POINT('',(88.609579064834,-8.183595230178,
    5.406139851656));
#7460 = CARTESIAN_POINT('',(88.607766938252,-8.340189271726,
    5.410810523801));
#7461 = CARTESIAN_POINT('',(88.60770172724,-8.65538719032,5.410978603107
    ));
#7462 = CARTESIAN_POINT('',(88.609496436089,-8.814055289511,
    5.406352825329));
#7463 = CARTESIAN_POINT('',(88.613119581347,-8.973296302229,
    5.397014336522));
#7464 = CARTESIAN_POINT('',(88.618615869091,-9.133595402419,
    5.382847977502));
#7465 = CARTESIAN_POINT('',(88.626070206863,-9.295244341856,
    5.363635030421));
#7466 = CARTESIAN_POINT('',(88.635577373551,-9.458182055107,
    5.339131393678));
#7467 = CARTESIAN_POINT('',(88.647208261134,-9.622069068808,
    5.309154464794));
#7468 = CARTESIAN_POINT('',(88.671245667082,-9.908553173682,
    5.247201589254));
#7469 = CARTESIAN_POINT('',(88.682692616555,-10.03099855349,
    5.217698777435));
#7470 = CARTESIAN_POINT('',(88.695347871761,-10.15348038775,
    5.185081645967));
#7471 = CARTESIAN_POINT('',(88.709219108297,-10.2757809101,
    5.149330193016));
#7472 = CARTESIAN_POINT('',(88.724306743254,-10.39768044026,
    5.110442947349));
#7473 = CARTESIAN_POINT('',(88.740604629784,-10.51896717828,
    5.068435083675));
#7474 = CARTESIAN_POINT('',(88.758101264462,-10.63944287085,
    5.023335184819));
#7475 = CARTESIAN_POINT('',(88.78722196136,-10.82570297126,
    4.948266911181));
#7476 = CARTESIAN_POINT('',(88.798032476642,-10.89217320804,
    4.920398125186));
#7477 = CARTESIAN_POINT('',(88.809210642005,-10.95830436882,
    4.89158022273));
#7478 = CARTESIAN_POINT('',(88.820753700469,-11.02406717339,
    4.861819972367));
#7479 = CARTESIAN_POINT('',(88.832658598179,-11.0894337399,
    4.831124843738));
#7480 = CARTESIAN_POINT('',(88.844922033237,-11.15437757212,
    4.799502870086));
#7481 = CARTESIAN_POINT('',(88.857540504522,-11.2188735467,
    4.766962510776));
#7482 = CARTESIAN_POINT('',(88.882572961373,-11.34244368289,
    4.702402379532));
#7483 = CARTESIAN_POINT('',(88.894939482459,-11.40158129802,
    4.670505466696));
#7484 = CARTESIAN_POINT('',(88.907606943028,-11.46029163079,
    4.637828947872));
#7485 = CARTESIAN_POINT('',(88.920572224483,-11.51855625906,
    4.604380251226));
#7486 = CARTESIAN_POINT('',(88.933832070382,-11.5763574535,
    4.570167060519));
#7487 = CARTESIAN_POINT('',(88.94738308644,-11.63367817768,
    4.535197315109));
#7488 = CARTESIAN_POINT('',(88.961221740526,-11.69050208798,
    4.499479209952));
#7489 = CARTESIAN_POINT('',(88.989393055104,-11.80283019786,
    4.426754033217));
#7490 = CARTESIAN_POINT('',(89.003722743664,-11.85833961624,
    4.389754671106));
#7491 = CARTESIAN_POINT('',(89.018329828714,-11.91332634021,
    4.352031406972));
#7492 = CARTESIAN_POINT('',(89.033210573141,-11.96777538234,
    4.313592728378));
#7493 = CARTESIAN_POINT('',(89.048361102352,-12.02167221644,
    4.274447312741));
#7494 = CARTESIAN_POINT('',(89.063777404277,-12.07500277755,
    4.234604027332));
#7495 = CARTESIAN_POINT('',(89.079455329364,-12.12775346195,
    4.194071929275));
#7496 = CARTESIAN_POINT('',(89.157442120558,-12.3830118407,
    3.992383022576));
#7497 = CARTESIAN_POINT('',(89.223395666998,-12.57711953548,
    3.821601780376));
#7498 = CARTESIAN_POINT('',(89.292996569963,-12.7614557148,3.64105981549
    ));
#7499 = CARTESIAN_POINT('',(89.365959761945,-12.93532796639,
    3.451343854588));
#7500 = CARTESIAN_POINT('',(89.441951832189,-13.09811640968,
    3.253067945672));
#7501 = CARTESIAN_POINT('',(89.520591865706,-13.24926660409,
    3.046869361697));
#7502 = CARTESIAN_POINT('',(89.601418832583,-13.38828872786,
    2.833396488024));
#7503 = CARTESIAN_POINT('',(89.726366140778,-13.58017387179,
    2.49942091589));
#7504 = CARTESIAN_POINT('',(89.769367045794,-13.64222825649,
    2.383793403847));
#7505 = CARTESIAN_POINT('',(89.812686442161,-13.70086914194,
    2.266470066128));
#7506 = CARTESIAN_POINT('',(89.856216744706,-13.7560440097,
    2.147531958676));
#7507 = CARTESIAN_POINT('',(89.89983230715,-13.80770507445,
    2.027057338847));
#7508 = CARTESIAN_POINT('',(89.943379338711,-13.85580986541,
    1.905118354816));
#7509 = CARTESIAN_POINT('',(89.986655789301,-13.90032198623,
    1.781774321795));
#7510 = CARTESIAN_POINT('',(90.063110243731,-13.9734922025,
    1.558608684392));
#7511 = CARTESIAN_POINT('',(90.09649153843,-14.00351080408,
    1.459315504505));
#7512 = CARTESIAN_POINT('',(90.129389759597,-14.03125871807,
    1.359187562919));
#7513 = CARTESIAN_POINT('',(90.161635443439,-14.05672347384,
    1.258232123828));
#7514 = CARTESIAN_POINT('',(90.193010008973,-14.07989285032,
    1.156454732125));
#7515 = CARTESIAN_POINT('',(90.223225875186,-14.10075702779,
    1.053853794549));
#7516 = CARTESIAN_POINT('',(90.251901676548,-14.11930931125,
    0.950413207941));
#7517 = CARTESIAN_POINT('',(90.304842176618,-14.1515856516,0.74303147934
    ));
#7518 = CARTESIAN_POINT('',(90.329161536647,-14.16536846497,
    0.639090377016));
#7519 = CARTESIAN_POINT('',(90.351000146861,-14.17688359939,
    0.534257676689));
#7520 = CARTESIAN_POINT('',(90.369731144631,-14.18611449037,
    0.428569738534));
#7521 = CARTESIAN_POINT('',(90.384641301398,-14.19304773707,
    0.32211474792));
#7522 = CARTESIAN_POINT('',(90.394878532366,-14.19768188426,
    0.215020484735));
#7523 = CARTESIAN_POINT('',(90.399999999951,-14.19999999924,
    0.107525499233));
#7524 = CARTESIAN_POINT('',(90.4,-14.19999999924,2.966082934819E-10));
#7525 = PCURVE('',#7119,#7526);
#7526 = DEFINITIONAL_REPRESENTATION('',(#7527),#7656);
#7527 = B_SPLINE_CURVE_WITH_KNOTS('',8,(#7528,#7529,#7530,#7531,#7532,
    #7533,#7534,#7535,#7536,#7537,#7538,#7539,#7540,#7541,#7542,#7543,
    #7544,#7545,#7546,#7547,#7548,#7549,#7550,#7551,#7552,#7553,#7554,
    #7555,#7556,#7557,#7558,#7559,#7560,#7561,#7562,#7563,#7564,#7565,
    #7566,#7567,#7568,#7569,#7570,#7571,#7572,#7573,#7574,#7575,#7576,
    #7577,#7578,#7579,#7580,#7581,#7582,#7583,#7584,#7585,#7586,#7587,
    #7588,#7589,#7590,#7591,#7592,#7593,#7594,#7595,#7596,#7597,#7598,
    #7599,#7600,#7601,#7602,#7603,#7604,#7605,#7606,#7607,#7608,#7609,
    #7610,#7611,#7612,#7613,#7614,#7615,#7616,#7617,#7618,#7619,#7620,
    #7621,#7622,#7623,#7624,#7625,#7626,#7627,#7628,#7629,#7630,#7631,
    #7632,#7633,#7634,#7635,#7636,#7637,#7638,#7639,#7640,#7641,#7642,
    #7643,#7644,#7645,#7646,#7647,#7648,#7649,#7650,#7651,#7652,#7653,
    #7654,#7655),.UNSPECIFIED.,.F.,.F.,(9,7,7,7,7,7,7,7,7,7,7,7,7,7,7,7,
    7,7,9),(0.,4.762625626681E-02,9.529558282572E-02,0.155668811542,
    0.272396472964,0.302373874855,0.332509918213,0.364914695573,
    0.422906145625,0.499800801767,0.577721401313,0.635687129636,
    0.668084380368,0.698215409132,0.728188706701,0.844904017897,
    0.90526790902,0.952921423241,1.),.UNSPECIFIED.);
#7528 = CARTESIAN_POINT('',(4.796368554345E-28,1.));
#7529 = CARTESIAN_POINT('',(2.064145006747E-02,1.));
#7530 = CARTESIAN_POINT('',(4.127631531473E-02,0.999697016938));
#7531 = CARTESIAN_POINT('',(6.183908546729E-02,0.999091396127));
#7532 = CARTESIAN_POINT('',(8.229042560548E-02,0.998210032677));
#7533 = CARTESIAN_POINT('',(0.102613911336,0.997104340162));
#7534 = CARTESIAN_POINT('',(0.122801529253,0.995816784022));
#7535 = CARTESIAN_POINT('',(0.142855663217,0.994384575317));
#7536 = CARTESIAN_POINT('',(0.182739532601,0.991287338336));
#7537 = CARTESIAN_POINT('',(0.202573405509,0.989621750913));
#7538 = CARTESIAN_POINT('',(0.222307535584,0.987868700443));
#7539 = CARTESIAN_POINT('',(0.241955055557,0.986049901699));
#7540 = CARTESIAN_POINT('',(0.261526458004,0.984181718893));
#7541 = CARTESIAN_POINT('',(0.28103088562,0.982276602828));
#7542 = CARTESIAN_POINT('',(0.300477152641,0.980344224563));
#7543 = CARTESIAN_POINT('',(0.344441245386,0.975920199136));
#7544 = CARTESIAN_POINT('',(0.368925620973,0.973417141084));
#7545 = CARTESIAN_POINT('',(0.393341491065,0.970899127933));
#7546 = CARTESIAN_POINT('',(0.417698317324,0.968377702564));
#7547 = CARTESIAN_POINT('',(0.442002948803,0.965861664499));
#7548 = CARTESIAN_POINT('',(0.466260805784,0.963358211318));
#7549 = CARTESIAN_POINT('',(0.490476454828,0.960873511243));
#7550 = CARTESIAN_POINT('',(0.561398444601,0.953654903757));
#7551 = CARTESIAN_POINT('',(0.607999052917,0.94898653364));
#7552 = CARTESIAN_POINT('',(0.654479316755,0.944445437545));
#7553 = CARTESIAN_POINT('',(0.700852262373,0.940058138255));
#7554 = CARTESIAN_POINT('',(0.747126002162,0.935846568803));
#7555 = CARTESIAN_POINT('',(0.793304579899,0.931829932636));
#7556 = CARTESIAN_POINT('',(0.839386275209,0.928024659456));
#7557 = CARTESIAN_POINT('',(0.897169197762,0.923526218879));
#7558 = CARTESIAN_POINT('',(0.908969429715,0.922621924969));
#7559 = CARTESIAN_POINT('',(0.92076250388,0.921732786051));
#7560 = CARTESIAN_POINT('',(0.932548220654,0.920859041272));
#7561 = CARTESIAN_POINT('',(0.944326330572,0.92000092185));
#7562 = CARTESIAN_POINT('',(0.956096534305,0.919158651069));
#7563 = CARTESIAN_POINT('',(0.967858482663,0.918332444285));
#7564 = CARTESIAN_POINT('',(0.991427269369,0.916708287343));
#7565 = CARTESIAN_POINT('',(1.003233991158,0.915910510232));
#7566 = CARTESIAN_POINT('',(1.015031543825,0.91512938909));
#7567 = CARTESIAN_POINT('',(1.026819438648,0.914365127434));
#7568 = CARTESIAN_POINT('',(1.038597096311,0.913617920787));
#7569 = CARTESIAN_POINT('',(1.050363846907,0.912887956684));
#7570 = CARTESIAN_POINT('',(1.062118929938,0.912175414665));
#7571 = CARTESIAN_POINT('',(1.086488075042,0.910733200049));
#7572 = CARTESIAN_POINT('',(1.099100133518,0.910006277788));
#7573 = CARTESIAN_POINT('',(1.111696613936,0.90929990965));
#7574 = CARTESIAN_POINT('',(1.124276259768,0.90861429703));
#7575 = CARTESIAN_POINT('',(1.136837613209,0.907949629701));
#7576 = CARTESIAN_POINT('',(1.149379014629,0.907306082951));
#7577 = CARTESIAN_POINT('',(1.161898602015,0.906683814714));
#7578 = CARTESIAN_POINT('',(1.196756576379,0.905007680555));
#7579 = CARTESIAN_POINT('',(1.219043727005,0.904000922963));
#7580 = CARTESIAN_POINT('',(1.24124241712,0.903063559452));
#7581 = CARTESIAN_POINT('',(1.263337207839,0.902196243964));
#7582 = CARTESIAN_POINT('',(1.285310817252,0.901399314883));
#7583 = CARTESIAN_POINT('',(1.307144962927,0.900672726003));
#7584 = CARTESIAN_POINT('',(1.32882179625,0.900016008446));
#7585 = CARTESIAN_POINT('',(1.378839663965,0.898648934122));
#7586 = CARTESIAN_POINT('',(1.407056420563,0.897990692468));
#7587 = CARTESIAN_POINT('',(1.434929261944,0.897451843761));
#7588 = CARTESIAN_POINT('',(1.462447459232,0.897028423955));
#7589 = CARTESIAN_POINT('',(1.489642289495,0.896715193351));
#7590 = CARTESIAN_POINT('',(1.516596381802,0.896507460395));
#7591 = CARTESIAN_POINT('',(1.543421097457,0.896402713194));
#7592 = CARTESIAN_POINT('',(1.597413813712,0.896398943771));
#7593 = CARTESIAN_POINT('',(1.624592802232,0.896502684167));
#7594 = CARTESIAN_POINT('',(1.651902614268,0.896712114529));
#7595 = CARTESIAN_POINT('',(1.679459590789,0.897029819023));
#7596 = CARTESIAN_POINT('',(1.70735007226,0.897460705599));
#7597 = CARTESIAN_POINT('',(1.735605837304,0.898010252806));
#7598 = CARTESIAN_POINT('',(1.764214634128,0.898682558447));
#7599 = CARTESIAN_POINT('',(1.814634027648,0.900072003878));
#7600 = CARTESIAN_POINT('',(1.836313293934,0.900733677258));
#7601 = CARTESIAN_POINT('',(1.858148596424,0.901465194899));
#7602 = CARTESIAN_POINT('',(1.880122037219,0.90226700048));
#7603 = CARTESIAN_POINT('',(1.90221538783,0.903139118107));
#7604 = CARTESIAN_POINT('',(1.92441149585,0.904081192473));
#7605 = CARTESIAN_POINT('',(1.946695101589,0.905092558639));
#7606 = CARTESIAN_POINT('',(1.981549009371,0.906775835917));
#7607 = CARTESIAN_POINT('',(1.994068588906,0.907400721193));
#7608 = CARTESIAN_POINT('',(2.006609761605,0.908046857919));
#7609 = CARTESIAN_POINT('',(2.01917068765,0.908714086732));
#7610 = CARTESIAN_POINT('',(2.031749728242,0.909402231109));
#7611 = CARTESIAN_POINT('',(2.044345444769,0.910111100187));
#7612 = CARTESIAN_POINT('',(2.05695659797,0.910840491591));
#7613 = CARTESIAN_POINT('',(2.081324525725,0.912287454415));
#7614 = CARTESIAN_POINT('',(2.093079315658,0.913002282223));
#7615 = CARTESIAN_POINT('',(2.104845677666,0.913734505377));
#7616 = CARTESIAN_POINT('',(2.116622862044,0.914483943612));
#7617 = CARTESIAN_POINT('',(2.128410208623,0.915250408693));
#7618 = CARTESIAN_POINT('',(2.140207146769,0.916033704418));
#7619 = CARTESIAN_POINT('',(2.152013195383,0.91683362662));
#7620 = CARTESIAN_POINT('',(2.175580881977,0.918462026307));
#7621 = CARTESIAN_POINT('',(2.187342404732,0.919290332004));
#7622 = CARTESIAN_POINT('',(2.199112138538,0.92013467218));
#7623 = CARTESIAN_POINT('',(2.210889740054,0.920994830817));
#7624 = CARTESIAN_POINT('',(2.222674915226,0.921870583951));
#7625 = CARTESIAN_POINT('',(2.23446741929,0.922761699669));
#7626 = CARTESIAN_POINT('',(2.246267056771,0.923667938114));
#7627 = CARTESIAN_POINT('',(2.304048398619,0.928175845119));
#7628 = CARTESIAN_POINT('',(2.350128842244,0.931988188844));
#7629 = CARTESIAN_POINT('',(2.396306068031,0.936011362426));
#7630 = CARTESIAN_POINT('',(2.442578490475,0.940228887974));
#7631 = CARTESIAN_POINT('',(2.488950277276,0.94462149319));
#7632 = CARTESIAN_POINT('',(2.535429657771,0.949167159867));
#7633 = CARTESIAN_POINT('',(2.582029799342,0.953839238878));
#7634 = CARTESIAN_POINT('',(2.652950966914,0.961061626635));
#7635 = CARTESIAN_POINT('',(2.677165733109,0.963547228081));
#7636 = CARTESIAN_POINT('',(2.701422934393,0.966051239431));
#7637 = CARTESIAN_POINT('',(2.725727194637,0.968567441891));
#7638 = CARTESIAN_POINT('',(2.750083997367,0.971088572668));
#7639 = CARTESIAN_POINT('',(2.774500271619,0.973605742122));
#7640 = CARTESIAN_POINT('',(2.798985597769,0.976107271058));
#7641 = CARTESIAN_POINT('',(2.84294927559,0.980526603684));
#7642 = CARTESIAN_POINT('',(2.862393806223,0.982456158291));
#7643 = CARTESIAN_POINT('',(2.88189702893,0.984357789572));
#7644 = CARTESIAN_POINT('',(2.901467870794,0.986221701933));
#7645 = CARTESIAN_POINT('',(2.921115563259,0.988035260634));
#7646 = CARTESIAN_POINT('',(2.940850673439,0.989781842496));
#7647 = CARTESIAN_POINT('',(2.960686385787,0.991439403269));
#7648 = CARTESIAN_POINT('',(3.000352942533,0.994499547781));
#7649 = CARTESIAN_POINT('',(3.020184983022,0.995905291136));
#7650 = CARTESIAN_POINT('',(3.0401477856,0.997167638547));
#7651 = CARTESIAN_POINT('',(3.060243336134,0.998250355181));
#7652 = CARTESIAN_POINT('',(3.080463590574,0.999112213954));
#7653 = CARTESIAN_POINT('',(3.100791804663,0.999703961408));
#7654 = CARTESIAN_POINT('',(3.121189332917,0.999999999997));
#7655 = CARTESIAN_POINT('',(3.141592653534,1.));
#7656 = ( GEOMETRIC_REPRESENTATION_CONTEXT(2) 
PARAMETRIC_REPRESENTATION_CONTEXT() REPRESENTATION_CONTEXT('2D SPACE',''
  ) );
#7657 = PCURVE('',#7658,#7663);
#7658 = SPHERICAL_SURFACE('',#7659,5.7);
#7659 = AXIS2_PLACEMENT_3D('',#7660,#7661,#7662);
#7660 = CARTESIAN_POINT('',(90.4,-8.5,0.));
#7661 = DIRECTION('',(0.,0.,1.));
#7662 = DIRECTION('',(1.,0.,-0.));
#7663 = DEFINITIONAL_REPRESENTATION('',(#7664),#7793);
#7664 = B_SPLINE_CURVE_WITH_KNOTS('',8,(#7665,#7666,#7667,#7668,#7669,
    #7670,#7671,#7672,#7673,#7674,#7675,#7676,#7677,#7678,#7679,#7680,
    #7681,#7682,#7683,#7684,#7685,#7686,#7687,#7688,#7689,#7690,#7691,
    #7692,#7693,#7694,#7695,#7696,#7697,#7698,#7699,#7700,#7701,#7702,
    #7703,#7704,#7705,#7706,#7707,#7708,#7709,#7710,#7711,#7712,#7713,
    #7714,#7715,#7716,#7717,#7718,#7719,#7720,#7721,#7722,#7723,#7724,
    #7725,#7726,#7727,#7728,#7729,#7730,#7731,#7732,#7733,#7734,#7735,
    #7736,#7737,#7738,#7739,#7740,#7741,#7742,#7743,#7744,#7745,#7746,
    #7747,#7748,#7749,#7750,#7751,#7752,#7753,#7754,#7755,#7756,#7757,
    #7758,#7759,#7760,#7761,#7762,#7763,#7764,#7765,#7766,#7767,#7768,
    #7769,#7770,#7771,#7772,#7773,#7774,#7775,#7776,#7777,#7778,#7779,
    #7780,#7781,#7782,#7783,#7784,#7785,#7786,#7787,#7788,#7789,#7790,
    #7791,#7792),.UNSPECIFIED.,.F.,.F.,(9,7,7,7,7,7,7,7,7,7,7,7,7,7,7,7,
    7,7,9),(0.,4.762625626681E-02,9.529558282572E-02,0.155668811542,
    0.272396472964,0.302373874855,0.332509918213,0.364914695573,
    0.422906145625,0.499800801767,0.577721401313,0.635687129636,
    0.668084380368,0.698215409132,0.728188706701,0.844904017897,
    0.90526790902,0.952921423241,1.),.UNSPECIFIED.);
#7665 = CARTESIAN_POINT('',(1.570796326795,0.));
#7666 = CARTESIAN_POINT('',(1.570796326795,1.908428804485E-02));
#7667 = CARTESIAN_POINT('',(1.571715906756,3.816249073443E-02));
#7668 = CARTESIAN_POINT('',(1.573554021689,5.717819036898E-02));
#7669 = CARTESIAN_POINT('',(1.576233307864,7.609925333864E-02));
#7670 = CARTESIAN_POINT('',(1.579606377437,9.491313972385E-02));
#7671 = CARTESIAN_POINT('',(1.58355407916,0.113613357437));
#7672 = CARTESIAN_POINT('',(1.587973862091,0.132202286012));
#7673 = CARTESIAN_POINT('',(1.597607853489,0.169196116837));
#7674 = CARTESIAN_POINT('',(1.602823861062,0.187604882694));
#7675 = CARTESIAN_POINT('',(1.608360190165,0.205932759554));
#7676 = CARTESIAN_POINT('',(1.614162244154,0.224190944523));
#7677 = CARTESIAN_POINT('',(1.620191892733,0.242387885498));
#7678 = CARTESIAN_POINT('',(1.626423085276,0.26053061949));
#7679 = CARTESIAN_POINT('',(1.632838527709,0.278625775066));
#7680 = CARTESIAN_POINT('',(1.647772262422,0.319546227463));
#7681 = CARTESIAN_POINT('',(1.656393997034,0.342343319535));
#7682 = CARTESIAN_POINT('',(1.665269460486,0.36508095496));
#7683 = CARTESIAN_POINT('',(1.674390010552,0.387764188727));
#7684 = CARTESIAN_POINT('',(1.683756568596,0.410395361182));
#7685 = CARTESIAN_POINT('',(1.693376488548,0.432975164349));
#7686 = CARTESIAN_POINT('',(1.703262255347,0.455503104395));
#7687 = CARTESIAN_POINT('',(1.733094569139,0.521429853633));
#7688 = CARTESIAN_POINT('',(1.753818370306,0.564681461304));
#7689 = CARTESIAN_POINT('',(1.775732202663,0.607716482165));
#7690 = CARTESIAN_POINT('',(1.799034134564,0.65050239639));
#7691 = CARTESIAN_POINT('',(1.823986202604,0.69299197347));
#7692 = CARTESIAN_POINT('',(1.850929462992,0.735120477835));
#7693 = CARTESIAN_POINT('',(1.880320868863,0.776796151999));
#7694 = CARTESIAN_POINT('',(1.921132872753,0.828433655189));
#7695 = CARTESIAN_POINT('',(1.929675591781,0.838946223487));
#7696 = CARTESIAN_POINT('',(1.938432171974,0.849417593557));
#7697 = CARTESIAN_POINT('',(1.947414096089,0.859845239527));
#7698 = CARTESIAN_POINT('',(1.956633749072,0.87022637815));
#7699 = CARTESIAN_POINT('',(1.96610441806,0.880557968808));
#7700 = CARTESIAN_POINT('',(1.975840292378,0.890836713508));
#7701 = CARTESIAN_POINT('',(1.995925640644,0.911335497264));
#7702 = CARTESIAN_POINT('',(2.006278202528,0.921554855406));
#7703 = CARTESIAN_POINT('',(2.016929523325,0.931713542938));
#7704 = CARTESIAN_POINT('',(2.027896150077,0.941807551716));
#7705 = CARTESIAN_POINT('',(2.039195802734,0.951832453836));
#7706 = CARTESIAN_POINT('',(2.050847374162,0.961783401623));
#7707 = CARTESIAN_POINT('',(2.062870930138,0.97165512764));
#7708 = CARTESIAN_POINT('',(2.088639261879,0.991965543398));
#7709 = CARTESIAN_POINT('',(2.102445513918,1.002390883688));
#7710 = CARTESIAN_POINT('',(2.116732863487,1.012710806659));
#7711 = CARTESIAN_POINT('',(2.131529478382,1.02291741843));
#7712 = CARTESIAN_POINT('',(2.146865081385,1.033002036096));
#7713 = CARTESIAN_POINT('',(2.162770735487,1.042955133696));
#7714 = CARTESIAN_POINT('',(2.179278629107,1.052766288174));
#7715 = CARTESIAN_POINT('',(2.227101315834,1.07970774919));
#7716 = CARTESIAN_POINT('',(2.25981728027,1.096501453402));
#7717 = CARTESIAN_POINT('',(2.294757055659,1.112738611995));
#7718 = CARTESIAN_POINT('',(2.332113472288,1.128343647573));
#7719 = CARTESIAN_POINT('',(2.372076202444,1.143230575277));
#7720 = CARTESIAN_POINT('',(2.41480978811,1.157304207899));
#7721 = CARTESIAN_POINT('',(2.460418383575,1.170464022185));
#7722 = CARTESIAN_POINT('',(2.573178463279,1.198716742659));
#7723 = CARTESIAN_POINT('',(2.642521312854,1.213045331624));
#7724 = CARTESIAN_POINT('',(2.716897086654,1.225357772478));
#7725 = CARTESIAN_POINT('',(2.79599777154,1.235439733008));
#7726 = CARTESIAN_POINT('',(2.879129500328,1.24311771394));
#7727 = CARTESIAN_POINT('',(2.965080437222,1.248284370223));
#7728 = CARTESIAN_POINT('',(3.052426025571,1.250890390394));
#7729 = CARTESIAN_POINT('',(3.228291155643,1.250984170603));
#7730 = CARTESIAN_POINT('',(3.316847215674,1.248403197777));
#7731 = CARTESIAN_POINT('',(3.403997387958,1.243191384015));
#7732 = CARTESIAN_POINT('',(3.488253971731,1.235399281344));
#7733 = CARTESIAN_POINT('',(3.568351478113,1.225138585388));
#7734 = CARTESIAN_POINT('',(3.643577150384,1.212591060933));
#7735 = CARTESIAN_POINT('',(3.713622530042,1.197980902739));
#7736 = CARTESIAN_POINT('',(3.82671019609,1.169339612757));
#7737 = CARTESIAN_POINT('',(3.872082927552,1.156116085634));
#7738 = CARTESIAN_POINT('',(3.914588799388,1.141986011648));
#7739 = CARTESIAN_POINT('',(3.954335507442,1.127049566784));
#7740 = CARTESIAN_POINT('',(3.991489471805,1.11140139446));
#7741 = CARTESIAN_POINT('',(4.026240992681,1.0951268426));
#7742 = CARTESIAN_POINT('',(4.058782738647,1.078300828136));
#7743 = CARTESIAN_POINT('',(4.106358648687,1.05131387079));
#7744 = CARTESIAN_POINT('',(4.122784339254,1.041486428862));
#7745 = CARTESIAN_POINT('',(4.138611655568,1.031518280063));
#7746 = CARTESIAN_POINT('',(4.153872667254,1.021419754887));
#7747 = CARTESIAN_POINT('',(4.168598292265,1.01120029204));
#7748 = CARTESIAN_POINT('',(4.182818092143,1.000868493046));
#7749 = CARTESIAN_POINT('',(4.196560067272,0.990432176851));
#7750 = CARTESIAN_POINT('',(4.222211160513,0.97010153844));
#7751 = CARTESIAN_POINT('',(4.234181284604,0.960220441637));
#7752 = CARTESIAN_POINT('',(4.245781929684,0.950260778003));
#7753 = CARTESIAN_POINT('',(4.257033032095,0.940227765708));
#7754 = CARTESIAN_POINT('',(4.267953359241,0.930126207114));
#7755 = CARTESIAN_POINT('',(4.278560509592,0.919960488775));
#7756 = CARTESIAN_POINT('',(4.288870912683,0.909734581437));
#7757 = CARTESIAN_POINT('',(4.308876245742,0.889223326118));
#7758 = CARTESIAN_POINT('',(4.318574228663,0.878938650354));
#7759 = CARTESIAN_POINT('',(4.328008761361,0.86860153552));
#7760 = CARTESIAN_POINT('',(4.337193931091,0.858215249542));
#7761 = CARTESIAN_POINT('',(4.346142928879,0.847782805493));
#7762 = CARTESIAN_POINT('',(4.354868049525,0.837306961596));
#7763 = CARTESIAN_POINT('',(4.363380691599,0.826790221222));
#7764 = CARTESIAN_POINT('',(4.404052893501,0.775132400593));
#7765 = CARTESIAN_POINT('',(4.433352871408,0.733444511423));
#7766 = CARTESIAN_POINT('',(4.460219684236,0.691306832219));
#7767 = CARTESIAN_POINT('',(4.485107004538,0.648810358002));
#7768 = CARTESIAN_POINT('',(4.508353449845,0.606019267053));
#7769 = CARTESIAN_POINT('',(4.530219162954,0.562980357572));
#7770 = CARTESIAN_POINT('',(4.550900592064,0.519725781568));
#7771 = CARTESIAN_POINT('',(4.580674160189,0.453796342882));
#7772 = CARTESIAN_POINT('',(4.590540661157,0.431268349056));
#7773 = CARTESIAN_POINT('',(4.600142163454,0.408688558098));
#7774 = CARTESIAN_POINT('',(4.609490886105,0.386057388706));
#7775 = CARTESIAN_POINT('',(4.61859388993,0.363374071586));
#7776 = CARTESIAN_POINT('',(4.627451742282,0.340636176038));
#7777 = CARTESIAN_POINT('',(4.63605531908,0.317838521867));
#7778 = CARTESIAN_POINT('',(4.650953146136,0.276919375517));
#7779 = CARTESIAN_POINT('',(4.657351353689,0.258826359376));
#7780 = CARTESIAN_POINT('',(4.663564230994,0.240685379213));
#7781 = CARTESIAN_POINT('',(4.669574073208,0.222489692434));
#7782 = CARTESIAN_POINT('',(4.675354242816,0.204232169662));
#7783 = CARTESIAN_POINT('',(4.680865798939,0.185904280883));
#7784 = CARTESIAN_POINT('',(4.686053119524,0.167494760915));
#7785 = CARTESIAN_POINT('',(4.695566177771,0.130704431241));
#7786 = CARTESIAN_POINT('',(4.699902560384,0.112322218149));
#7787 = CARTESIAN_POINT('',(4.703772017501,9.383094462169E-02));
#7788 = CARTESIAN_POINT('',(4.707074575927,7.522856795984E-02));
#7789 = CARTESIAN_POINT('',(4.709694469238,5.652158755834E-02));
#7790 = CARTESIAN_POINT('',(4.711490477558,3.772289242617E-02));
#7791 = CARTESIAN_POINT('',(4.712388980376,1.886412262045E-02));
#7792 = CARTESIAN_POINT('',(4.712388980385,0.));
#7793 = ( GEOMETRIC_REPRESENTATION_CONTEXT(2) 
PARAMETRIC_REPRESENTATION_CONTEXT() REPRESENTATION_CONTEXT('2D SPACE',''
  ) );
#7794 = ADVANCED_FACE('',(#7795),#7658,.T.);
#7795 = FACE_BOUND('',#7796,.T.);
#7796 = EDGE_LOOP('',(#7797,#7823,#7824,#7851,#7852));
#7797 = ORIENTED_EDGE('',*,*,#7798,.T.);
#7798 = EDGE_CURVE('',#7799,#7801,#7803,.T.);
#7799 = VERTEX_POINT('',#7800);
#7800 = CARTESIAN_POINT('',(96.1,-8.5,0.));
#7801 = VERTEX_POINT('',#7802);
#7802 = CARTESIAN_POINT('',(90.4,-8.5,5.7));
#7803 = SEAM_CURVE('',#7804,(#7809,#7816),.PCURVE_S1.);
#7804 = CIRCLE('',#7805,5.7);
#7805 = AXIS2_PLACEMENT_3D('',#7806,#7807,#7808);
#7806 = CARTESIAN_POINT('',(90.4,-8.5,0.));
#7807 = DIRECTION('',(-2.449293598295E-16,-1.,0.));
#7808 = DIRECTION('',(1.,-2.449293598295E-16,0.));
#7809 = PCURVE('',#7658,#7810);
#7810 = DEFINITIONAL_REPRESENTATION('',(#7811),#7815);
#7811 = LINE('',#7812,#7813);
#7812 = CARTESIAN_POINT('',(6.28318530718,-6.28318530718));
#7813 = VECTOR('',#7814,1.);
#7814 = DIRECTION('',(0.,1.));
#7815 = ( GEOMETRIC_REPRESENTATION_CONTEXT(2) 
PARAMETRIC_REPRESENTATION_CONTEXT() REPRESENTATION_CONTEXT('2D SPACE',''
  ) );
#7816 = PCURVE('',#7658,#7817);
#7817 = DEFINITIONAL_REPRESENTATION('',(#7818),#7822);
#7818 = LINE('',#7819,#7820);
#7819 = CARTESIAN_POINT('',(0.,-6.28318530718));
#7820 = VECTOR('',#7821,1.);
#7821 = DIRECTION('',(0.,1.));
#7822 = ( GEOMETRIC_REPRESENTATION_CONTEXT(2) 
PARAMETRIC_REPRESENTATION_CONTEXT() REPRESENTATION_CONTEXT('2D SPACE',''
  ) );
#7823 = ORIENTED_EDGE('',*,*,#7798,.F.);
#7824 = ORIENTED_EDGE('',*,*,#7825,.T.);
#7825 = EDGE_CURVE('',#7799,#7342,#7826,.T.);
#7826 = SURFACE_CURVE('',#7827,(#7832,#7839),.PCURVE_S1.);
#7827 = CIRCLE('',#7828,5.7);
#7828 = AXIS2_PLACEMENT_3D('',#7829,#7830,#7831);
#7829 = CARTESIAN_POINT('',(90.4,-8.5,0.));
#7830 = DIRECTION('',(0.,0.,1.));
#7831 = DIRECTION('',(1.,0.,-0.));
#7832 = PCURVE('',#7658,#7833);
#7833 = DEFINITIONAL_REPRESENTATION('',(#7834),#7838);
#7834 = LINE('',#7835,#7836);
#7835 = CARTESIAN_POINT('',(0.,0.));
#7836 = VECTOR('',#7837,1.);
#7837 = DIRECTION('',(1.,0.));
#7838 = ( GEOMETRIC_REPRESENTATION_CONTEXT(2) 
PARAMETRIC_REPRESENTATION_CONTEXT() REPRESENTATION_CONTEXT('2D SPACE',''
  ) );
#7839 = PCURVE('',#7840,#7845);
#7840 = PLANE('',#7841);
#7841 = AXIS2_PLACEMENT_3D('',#7842,#7843,#7844);
#7842 = CARTESIAN_POINT('',(90.4,-8.5,0.));
#7843 = DIRECTION('',(0.,0.,1.));
#7844 = DIRECTION('',(1.,0.,-0.));
#7845 = DEFINITIONAL_REPRESENTATION('',(#7846),#7850);
#7846 = CIRCLE('',#7847,5.7);
#7847 = AXIS2_PLACEMENT_2D('',#7848,#7849);
#7848 = CARTESIAN_POINT('',(0.,0.));
#7849 = DIRECTION('',(1.,0.));
#7850 = ( GEOMETRIC_REPRESENTATION_CONTEXT(2) 
PARAMETRIC_REPRESENTATION_CONTEXT() REPRESENTATION_CONTEXT('2D SPACE',''
  ) );
#7851 = ORIENTED_EDGE('',*,*,#7394,.T.);
#7852 = ORIENTED_EDGE('',*,*,#7853,.T.);
#7853 = EDGE_CURVE('',#7366,#7799,#7854,.T.);
#7854 = SURFACE_CURVE('',#7855,(#7860,#7867),.PCURVE_S1.);
#7855 = CIRCLE('',#7856,5.7);
#7856 = AXIS2_PLACEMENT_3D('',#7857,#7858,#7859);
#7857 = CARTESIAN_POINT('',(90.4,-8.5,0.));
#7858 = DIRECTION('',(0.,0.,1.));
#7859 = DIRECTION('',(1.,0.,-0.));
#7860 = PCURVE('',#7658,#7861);
#7861 = DEFINITIONAL_REPRESENTATION('',(#7862),#7866);
#7862 = LINE('',#7863,#7864);
#7863 = CARTESIAN_POINT('',(0.,0.));
#7864 = VECTOR('',#7865,1.);
#7865 = DIRECTION('',(1.,0.));
#7866 = ( GEOMETRIC_REPRESENTATION_CONTEXT(2) 
PARAMETRIC_REPRESENTATION_CONTEXT() REPRESENTATION_CONTEXT('2D SPACE',''
  ) );
#7867 = PCURVE('',#7840,#7868);
#7868 = DEFINITIONAL_REPRESENTATION('',(#7869),#7873);
#7869 = CIRCLE('',#7870,5.7);
#7870 = AXIS2_PLACEMENT_2D('',#7871,#7872);
#7871 = CARTESIAN_POINT('',(0.,0.));
#7872 = DIRECTION('',(1.,0.));
#7873 = ( GEOMETRIC_REPRESENTATION_CONTEXT(2) 
PARAMETRIC_REPRESENTATION_CONTEXT() REPRESENTATION_CONTEXT('2D SPACE',''
  ) );
#7874 = ADVANCED_FACE('',(#7875),#7382,.T.);
#7875 = FACE_BOUND('',#7876,.T.);
#7876 = EDGE_LOOP('',(#7877,#7878));
#7877 = ORIENTED_EDGE('',*,*,#7365,.T.);
#7878 = ORIENTED_EDGE('',*,*,#7879,.T.);
#7879 = EDGE_CURVE('',#7342,#7366,#7880,.T.);
#7880 = SURFACE_CURVE('',#7881,(#7885,#7892),.PCURVE_S1.);
#7881 = LINE('',#7882,#7883);
#7882 = CARTESIAN_POINT('',(90.4,-8.5,0.));
#7883 = VECTOR('',#7884,1.);
#7884 = DIRECTION('',(0.,-1.,0.));
#7885 = PCURVE('',#7382,#7886);
#7886 = DEFINITIONAL_REPRESENTATION('',(#7887),#7891);
#7887 = LINE('',#7888,#7889);
#7888 = CARTESIAN_POINT('',(0.,0.));
#7889 = VECTOR('',#7890,1.);
#7890 = DIRECTION('',(-1.,0.));
#7891 = ( GEOMETRIC_REPRESENTATION_CONTEXT(2) 
PARAMETRIC_REPRESENTATION_CONTEXT() REPRESENTATION_CONTEXT('2D SPACE',''
  ) );
#7892 = PCURVE('',#7840,#7893);
#7893 = DEFINITIONAL_REPRESENTATION('',(#7894),#7898);
#7894 = LINE('',#7895,#7896);
#7895 = CARTESIAN_POINT('',(0.,0.));
#7896 = VECTOR('',#7897,1.);
#7897 = DIRECTION('',(0.,-1.));
#7898 = ( GEOMETRIC_REPRESENTATION_CONTEXT(2) 
PARAMETRIC_REPRESENTATION_CONTEXT() REPRESENTATION_CONTEXT('2D SPACE',''
  ) );
#7899 = ADVANCED_FACE('',(#7900),#7840,.F.);
#7900 = FACE_BOUND('',#7901,.F.);
#7901 = EDGE_LOOP('',(#7902,#7903,#7904));
#7902 = ORIENTED_EDGE('',*,*,#7853,.T.);
#7903 = ORIENTED_EDGE('',*,*,#7825,.T.);
#7904 = ORIENTED_EDGE('',*,*,#7879,.T.);
#7905 = ( GEOMETRIC_REPRESENTATION_CONTEXT(3) 
GLOBAL_UNCERTAINTY_ASSIGNED_CONTEXT((#7909)) 
GLOBAL_UNIT_ASSIGNED_CONTEXT((#7906,#7907,#7908)) REPRESENTATION_CONTEXT
('Context #1','3D Context with UNIT and UNCERTAINTY') );
#7906 = ( LENGTH_UNIT() NAMED_UNIT(*) SI_UNIT(.MILLI.,.METRE.) );
#7907 = ( NAMED_UNIT(*) PLANE_ANGLE_UNIT() SI_UNIT($,.RADIAN.) );
#7908 = ( NAMED_UNIT(*) SI_UNIT($,.STERADIAN.) SOLID_ANGLE_UNIT() );
#7909 = UNCERTAINTY_MEASURE_WITH_UNIT(LENGTH_MEASURE(2.E-06),#7906,
  'distance_accuracy_value','confusion accuracy');
#7910 = CONTEXT_DEPENDENT_SHAPE_REPRESENTATION(#7911,#7913);
#7911 = ( REPRESENTATION_RELATIONSHIP('','',#5320,#10) 
REPRESENTATION_RELATIONSHIP_WITH_TRANSFORMATION(#7912) 
SHAPE_REPRESENTATION_RELATIONSHIP() );
#7912 = ITEM_DEFINED_TRANSFORMATION('','',#11,#23);
#7913 = PRODUCT_DEFINITION_SHAPE('Placement','Placement of an item',
  #7914);
#7914 = NEXT_ASSEMBLY_USAGE_OCCURRENCE('33','','',#5,#5315,$);
#7915 = PRODUCT_RELATED_PRODUCT_CATEGORY('part',$,(#5317));
#7916 = SHAPE_DEFINITION_REPRESENTATION(#7917,#7923);
#7917 = PRODUCT_DEFINITION_SHAPE('','',#7918);
#7918 = PRODUCT_DEFINITION('design','',#7919,#7922);
#7919 = PRODUCT_DEFINITION_FORMATION('','',#7920);
#7920 = PRODUCT('Open CASCADE STEP translator 7.8 5.4',
  'Open CASCADE STEP translator 7.8 5.4','',(#7921));
#7921 = PRODUCT_CONTEXT('',#2,'mechanical');
#7922 = PRODUCT_DEFINITION_CONTEXT('part definition',#2,'design');
#7923 = ADVANCED_BREP_SHAPE_REPRESENTATION('',(#11,#7924),#8446);
#7924 = MANIFOLD_SOLID_BREP('',#7925);
#7925 = CLOSED_SHELL('',(#7926,#8046,#8124,#8201,#8298,#8385,#8392,#8419
    ));
#7926 = ADVANCED_FACE('',(#7927),#7941,.F.);
#7927 = FACE_BOUND('',#7928,.F.);
#7928 = EDGE_LOOP('',(#7929,#7964,#7992,#8020));
#7929 = ORIENTED_EDGE('',*,*,#7930,.T.);
#7930 = EDGE_CURVE('',#7931,#7933,#7935,.T.);
#7931 = VERTEX_POINT('',#7932);
#7932 = CARTESIAN_POINT('',(1.,1.,10.));
#7933 = VERTEX_POINT('',#7934);
#7934 = CARTESIAN_POINT('',(1.,1.,13.));
#7935 = SURFACE_CURVE('',#7936,(#7940,#7952),.PCURVE_S1.);
#7936 = LINE('',#7937,#7938);
#7937 = CARTESIAN_POINT('',(1.,1.,10.));
#7938 = VECTOR('',#7939,1.);
#7939 = DIRECTION('',(0.,0.,1.));
#7940 = PCURVE('',#7941,#7946);
#7941 = PLANE('',#7942);
#7942 = AXIS2_PLACEMENT_3D('',#7943,#7944,#7945);
#7943 = CARTESIAN_POINT('',(1.,1.,10.));
#7944 = DIRECTION('',(0.,1.,0.));
#7945 = DIRECTION('',(1.,0.,0.));
#7946 = DEFINITIONAL_REPRESENTATION('',(#7947),#7951);
#7947 = LINE('',#7948,#7949);
#7948 = CARTESIAN_POINT('',(0.,0.));
#7949 = VECTOR('',#7950,1.);
#7950 = DIRECTION('',(0.,-1.));
#7951 = ( GEOMETRIC_REPRESENTATION_CONTEXT(2) 
PARAMETRIC_REPRESENTATION_CONTEXT() REPRESENTATION_CONTEXT('2D SPACE',''
  ) );
#7952 = PCURVE('',#7953,#7958);
#7953 = CYLINDRICAL_SURFACE('',#7954,3.);
#7954 = AXIS2_PLACEMENT_3D('',#7955,#7956,#7957);
#7955 = CARTESIAN_POINT('',(1.,4.,10.));
#7956 = DIRECTION('',(-0.,-0.,-1.));
#7957 = DIRECTION('',(1.,0.,0.));
#7958 = DEFINITIONAL_REPRESENTATION('',(#7959),#7963);
#7959 = LINE('',#7960,#7961);
#7960 = CARTESIAN_POINT('',(-4.712388980385,0.));
#7961 = VECTOR('',#7962,1.);
#7962 = DIRECTION('',(-0.,-1.));
#7963 = ( GEOMETRIC_REPRESENTATION_CONTEXT(2) 
PARAMETRIC_REPRESENTATION_CONTEXT() REPRESENTATION_CONTEXT('2D SPACE',''
  ) );
#7964 = ORIENTED_EDGE('',*,*,#7965,.T.);
#7965 = EDGE_CURVE('',#7933,#7966,#7968,.T.);
#7966 = VERTEX_POINT('',#7967);
#7967 = CARTESIAN_POINT('',(44.9,1.,13.));
#7968 = SURFACE_CURVE('',#7969,(#7973,#7980),.PCURVE_S1.);
#7969 = LINE('',#7970,#7971);
#7970 = CARTESIAN_POINT('',(1.,1.,13.));
#7971 = VECTOR('',#7972,1.);
#7972 = DIRECTION('',(1.,0.,0.));
#7973 = PCURVE('',#7941,#7974);
#7974 = DEFINITIONAL_REPRESENTATION('',(#7975),#7979);
#7975 = LINE('',#7976,#7977);
#7976 = CARTESIAN_POINT('',(0.,-3.));
#7977 = VECTOR('',#7978,1.);
#7978 = DIRECTION('',(1.,0.));
#7979 = ( GEOMETRIC_REPRESENTATION_CONTEXT(2) 
PARAMETRIC_REPRESENTATION_CONTEXT() REPRESENTATION_CONTEXT('2D SPACE',''
  ) );
#7980 = PCURVE('',#7981,#7986);
#7981 = PLANE('',#7982);
#7982 = AXIS2_PLACEMENT_3D('',#7983,#7984,#7985);
#7983 = CARTESIAN_POINT('',(22.95,4.,13.));
#7984 = DIRECTION('',(0.,0.,1.));
#7985 = DIRECTION('',(1.,0.,-0.));
#7986 = DEFINITIONAL_REPRESENTATION('',(#7987),#7991);
#7987 = LINE('',#7988,#7989);
#7988 = CARTESIAN_POINT('',(-21.95,-3.));
#7989 = VECTOR('',#7990,1.);
#7990 = DIRECTION('',(1.,0.));
#7991 = ( GEOMETRIC_REPRESENTATION_CONTEXT(2) 
PARAMETRIC_REPRESENTATION_CONTEXT() REPRESENTATION_CONTEXT('2D SPACE',''
  ) );
#7992 = ORIENTED_EDGE('',*,*,#7993,.F.);
#7993 = EDGE_CURVE('',#7994,#7966,#7996,.T.);
#7994 = VERTEX_POINT('',#7995);
#7995 = CARTESIAN_POINT('',(44.9,1.,10.));
#7996 = SURFACE_CURVE('',#7997,(#8001,#8008),.PCURVE_S1.);
#7997 = LINE('',#7998,#7999);
#7998 = CARTESIAN_POINT('',(44.9,1.,10.));
#7999 = VECTOR('',#8000,1.);
#8000 = DIRECTION('',(0.,0.,1.));
#8001 = PCURVE('',#7941,#8002);
#8002 = DEFINITIONAL_REPRESENTATION('',(#8003),#8007);
#8003 = LINE('',#8004,#8005);
#8004 = CARTESIAN_POINT('',(43.9,0.));
#8005 = VECTOR('',#8006,1.);
#8006 = DIRECTION('',(0.,-1.));
#8007 = ( GEOMETRIC_REPRESENTATION_CONTEXT(2) 
PARAMETRIC_REPRESENTATION_CONTEXT() REPRESENTATION_CONTEXT('2D SPACE',''
  ) );
#8008 = PCURVE('',#8009,#8014);
#8009 = CYLINDRICAL_SURFACE('',#8010,3.);
#8010 = AXIS2_PLACEMENT_3D('',#8011,#8012,#8013);
#8011 = CARTESIAN_POINT('',(44.9,4.,10.));
#8012 = DIRECTION('',(-0.,-0.,-1.));
#8013 = DIRECTION('',(1.,0.,0.));
#8014 = DEFINITIONAL_REPRESENTATION('',(#8015),#8019);
#8015 = LINE('',#8016,#8017);
#8016 = CARTESIAN_POINT('',(-4.712388980385,0.));
#8017 = VECTOR('',#8018,1.);
#8018 = DIRECTION('',(-0.,-1.));
#8019 = ( GEOMETRIC_REPRESENTATION_CONTEXT(2) 
PARAMETRIC_REPRESENTATION_CONTEXT() REPRESENTATION_CONTEXT('2D SPACE',''
  ) );
#8020 = ORIENTED_EDGE('',*,*,#8021,.F.);
#8021 = EDGE_CURVE('',#7931,#7994,#8022,.T.);
#8022 = SURFACE_CURVE('',#8023,(#8027,#8034),.PCURVE_S1.);
#8023 = LINE('',#8024,#8025);
#8024 = CARTESIAN_POINT('',(1.,1.,10.));
#8025 = VECTOR('',#8026,1.);
#8026 = DIRECTION('',(1.,0.,0.));
#8027 = PCURVE('',#7941,#8028);
#8028 = DEFINITIONAL_REPRESENTATION('',(#8029),#8033);
#8029 = LINE('',#8030,#8031);
#8030 = CARTESIAN_POINT('',(0.,0.));
#8031 = VECTOR('',#8032,1.);
#8032 = DIRECTION('',(1.,0.));
#8033 = ( GEOMETRIC_REPRESENTATION_CONTEXT(2) 
PARAMETRIC_REPRESENTATION_CONTEXT() REPRESENTATION_CONTEXT('2D SPACE',''
  ) );
#8034 = PCURVE('',#8035,#8040);
#8035 = PLANE('',#8036);
#8036 = AXIS2_PLACEMENT_3D('',#8037,#8038,#8039);
#8037 = CARTESIAN_POINT('',(22.95,4.,10.));
#8038 = DIRECTION('',(0.,0.,1.));
#8039 = DIRECTION('',(1.,0.,-0.));
#8040 = DEFINITIONAL_REPRESENTATION('',(#8041),#8045);
#8041 = LINE('',#8042,#8043);
#8042 = CARTESIAN_POINT('',(-21.95,-3.));
#8043 = VECTOR('',#8044,1.);
#8044 = DIRECTION('',(1.,0.));
#8045 = ( GEOMETRIC_REPRESENTATION_CONTEXT(2) 
PARAMETRIC_REPRESENTATION_CONTEXT() REPRESENTATION_CONTEXT('2D SPACE',''
  ) );
#8046 = ADVANCED_FACE('',(#8047),#7953,.T.);
#8047 = FACE_BOUND('',#8048,.F.);
#8048 = EDGE_LOOP('',(#8049,#8073,#8101,#8123));
#8049 = ORIENTED_EDGE('',*,*,#8050,.F.);
#8050 = EDGE_CURVE('',#8051,#7931,#8053,.T.);
#8051 = VERTEX_POINT('',#8052);
#8052 = CARTESIAN_POINT('',(1.,7.,10.));
#8053 = SURFACE_CURVE('',#8054,(#8059,#8066),.PCURVE_S1.);
#8054 = CIRCLE('',#8055,3.);
#8055 = AXIS2_PLACEMENT_3D('',#8056,#8057,#8058);
#8056 = CARTESIAN_POINT('',(1.,4.,10.));
#8057 = DIRECTION('',(0.,0.,1.));
#8058 = DIRECTION('',(1.,0.,0.));
#8059 = PCURVE('',#7953,#8060);
#8060 = DEFINITIONAL_REPRESENTATION('',(#8061),#8065);
#8061 = LINE('',#8062,#8063);
#8062 = CARTESIAN_POINT('',(-0.,0.));
#8063 = VECTOR('',#8064,1.);
#8064 = DIRECTION('',(-1.,0.));
#8065 = ( GEOMETRIC_REPRESENTATION_CONTEXT(2) 
PARAMETRIC_REPRESENTATION_CONTEXT() REPRESENTATION_CONTEXT('2D SPACE',''
  ) );
#8066 = PCURVE('',#8035,#8067);
#8067 = DEFINITIONAL_REPRESENTATION('',(#8068),#8072);
#8068 = CIRCLE('',#8069,3.);
#8069 = AXIS2_PLACEMENT_2D('',#8070,#8071);
#8070 = CARTESIAN_POINT('',(-21.95,0.));
#8071 = DIRECTION('',(1.,0.));
#8072 = ( GEOMETRIC_REPRESENTATION_CONTEXT(2) 
PARAMETRIC_REPRESENTATION_CONTEXT() REPRESENTATION_CONTEXT('2D SPACE',''
  ) );
#8073 = ORIENTED_EDGE('',*,*,#8074,.T.);
#8074 = EDGE_CURVE('',#8051,#8075,#8077,.T.);
#8075 = VERTEX_POINT('',#8076);
#8076 = CARTESIAN_POINT('',(1.,7.,13.));
#8077 = SURFACE_CURVE('',#8078,(#8082,#8089),.PCURVE_S1.);
#8078 = LINE('',#8079,#8080);
#8079 = CARTESIAN_POINT('',(1.,7.,10.));
#8080 = VECTOR('',#8081,1.);
#8081 = DIRECTION('',(0.,0.,1.));
#8082 = PCURVE('',#7953,#8083);
#8083 = DEFINITIONAL_REPRESENTATION('',(#8084),#8088);
#8084 = LINE('',#8085,#8086);
#8085 = CARTESIAN_POINT('',(-1.570796326795,0.));
#8086 = VECTOR('',#8087,1.);
#8087 = DIRECTION('',(-0.,-1.));
#8088 = ( GEOMETRIC_REPRESENTATION_CONTEXT(2) 
PARAMETRIC_REPRESENTATION_CONTEXT() REPRESENTATION_CONTEXT('2D SPACE',''
  ) );
#8089 = PCURVE('',#8090,#8095);
#8090 = PLANE('',#8091);
#8091 = AXIS2_PLACEMENT_3D('',#8092,#8093,#8094);
#8092 = CARTESIAN_POINT('',(44.9,7.,10.));
#8093 = DIRECTION('',(0.,-1.,0.));
#8094 = DIRECTION('',(-1.,0.,0.));
#8095 = DEFINITIONAL_REPRESENTATION('',(#8096),#8100);
#8096 = LINE('',#8097,#8098);
#8097 = CARTESIAN_POINT('',(43.9,0.));
#8098 = VECTOR('',#8099,1.);
#8099 = DIRECTION('',(0.,-1.));
#8100 = ( GEOMETRIC_REPRESENTATION_CONTEXT(2) 
PARAMETRIC_REPRESENTATION_CONTEXT() REPRESENTATION_CONTEXT('2D SPACE',''
  ) );
#8101 = ORIENTED_EDGE('',*,*,#8102,.T.);
#8102 = EDGE_CURVE('',#8075,#7933,#8103,.T.);
#8103 = SURFACE_CURVE('',#8104,(#8109,#8116),.PCURVE_S1.);
#8104 = CIRCLE('',#8105,3.);
#8105 = AXIS2_PLACEMENT_3D('',#8106,#8107,#8108);
#8106 = CARTESIAN_POINT('',(1.,4.,13.));
#8107 = DIRECTION('',(0.,0.,1.));
#8108 = DIRECTION('',(1.,0.,0.));
#8109 = PCURVE('',#7953,#8110);
#8110 = DEFINITIONAL_REPRESENTATION('',(#8111),#8115);
#8111 = LINE('',#8112,#8113);
#8112 = CARTESIAN_POINT('',(-0.,-3.));
#8113 = VECTOR('',#8114,1.);
#8114 = DIRECTION('',(-1.,0.));
#8115 = ( GEOMETRIC_REPRESENTATION_CONTEXT(2) 
PARAMETRIC_REPRESENTATION_CONTEXT() REPRESENTATION_CONTEXT('2D SPACE',''
  ) );
#8116 = PCURVE('',#7981,#8117);
#8117 = DEFINITIONAL_REPRESENTATION('',(#8118),#8122);
#8118 = CIRCLE('',#8119,3.);
#8119 = AXIS2_PLACEMENT_2D('',#8120,#8121);
#8120 = CARTESIAN_POINT('',(-21.95,0.));
#8121 = DIRECTION('',(1.,0.));
#8122 = ( GEOMETRIC_REPRESENTATION_CONTEXT(2) 
PARAMETRIC_REPRESENTATION_CONTEXT() REPRESENTATION_CONTEXT('2D SPACE',''
  ) );
#8123 = ORIENTED_EDGE('',*,*,#7930,.F.);
#8124 = ADVANCED_FACE('',(#8125),#8009,.T.);
#8125 = FACE_BOUND('',#8126,.F.);
#8126 = EDGE_LOOP('',(#8127,#8155,#8178,#8200));
#8127 = ORIENTED_EDGE('',*,*,#8128,.F.);
#8128 = EDGE_CURVE('',#8129,#7966,#8131,.T.);
#8129 = VERTEX_POINT('',#8130);
#8130 = CARTESIAN_POINT('',(44.9,7.,13.));
#8131 = SURFACE_CURVE('',#8132,(#8137,#8144),.PCURVE_S1.);
#8132 = CIRCLE('',#8133,3.);
#8133 = AXIS2_PLACEMENT_3D('',#8134,#8135,#8136);
#8134 = CARTESIAN_POINT('',(44.9,4.,13.));
#8135 = DIRECTION('',(0.,0.,-1.));
#8136 = DIRECTION('',(0.,1.,0.));
#8137 = PCURVE('',#8009,#8138);
#8138 = DEFINITIONAL_REPRESENTATION('',(#8139),#8143);
#8139 = LINE('',#8140,#8141);
#8140 = CARTESIAN_POINT('',(-7.853981633974,-3.));
#8141 = VECTOR('',#8142,1.);
#8142 = DIRECTION('',(1.,-0.));
#8143 = ( GEOMETRIC_REPRESENTATION_CONTEXT(2) 
PARAMETRIC_REPRESENTATION_CONTEXT() REPRESENTATION_CONTEXT('2D SPACE',''
  ) );
#8144 = PCURVE('',#7981,#8145);
#8145 = DEFINITIONAL_REPRESENTATION('',(#8146),#8154);
#8146 = ( BOUNDED_CURVE() B_SPLINE_CURVE(2,(#8147,#8148,#8149,#8150,
#8151,#8152,#8153),.UNSPECIFIED.,.T.,.F.) B_SPLINE_CURVE_WITH_KNOTS((1,2
    ,2,2,2,1),(-2.094395102393,0.,2.094395102393,4.188790204786,
6.28318530718,8.377580409573),.UNSPECIFIED.) CURVE() 
GEOMETRIC_REPRESENTATION_ITEM() RATIONAL_B_SPLINE_CURVE((1.,0.5,1.,0.5,
1.,0.5,1.)) REPRESENTATION_ITEM('') );
#8147 = CARTESIAN_POINT('',(21.95,3.));
#8148 = CARTESIAN_POINT('',(27.146152422707,3.));
#8149 = CARTESIAN_POINT('',(24.548076211353,-1.5));
#8150 = CARTESIAN_POINT('',(21.95,-6.));
#8151 = CARTESIAN_POINT('',(19.351923788647,-1.5));
#8152 = CARTESIAN_POINT('',(16.753847577293,3.));
#8153 = CARTESIAN_POINT('',(21.95,3.));
#8154 = ( GEOMETRIC_REPRESENTATION_CONTEXT(2) 
PARAMETRIC_REPRESENTATION_CONTEXT() REPRESENTATION_CONTEXT('2D SPACE',''
  ) );
#8155 = ORIENTED_EDGE('',*,*,#8156,.F.);
#8156 = EDGE_CURVE('',#8157,#8129,#8159,.T.);
#8157 = VERTEX_POINT('',#8158);
#8158 = CARTESIAN_POINT('',(44.9,7.,10.));
#8159 = SURFACE_CURVE('',#8160,(#8164,#8171),.PCURVE_S1.);
#8160 = LINE('',#8161,#8162);
#8161 = CARTESIAN_POINT('',(44.9,7.,10.));
#8162 = VECTOR('',#8163,1.);
#8163 = DIRECTION('',(0.,0.,1.));
#8164 = PCURVE('',#8009,#8165);
#8165 = DEFINITIONAL_REPRESENTATION('',(#8166),#8170);
#8166 = LINE('',#8167,#8168);
#8167 = CARTESIAN_POINT('',(-7.853981633974,0.));
#8168 = VECTOR('',#8169,1.);
#8169 = DIRECTION('',(-0.,-1.));
#8170 = ( GEOMETRIC_REPRESENTATION_CONTEXT(2) 
PARAMETRIC_REPRESENTATION_CONTEXT() REPRESENTATION_CONTEXT('2D SPACE',''
  ) );
#8171 = PCURVE('',#8090,#8172);
#8172 = DEFINITIONAL_REPRESENTATION('',(#8173),#8177);
#8173 = LINE('',#8174,#8175);
#8174 = CARTESIAN_POINT('',(0.,-0.));
#8175 = VECTOR('',#8176,1.);
#8176 = DIRECTION('',(0.,-1.));
#8177 = ( GEOMETRIC_REPRESENTATION_CONTEXT(2) 
PARAMETRIC_REPRESENTATION_CONTEXT() REPRESENTATION_CONTEXT('2D SPACE',''
  ) );
#8178 = ORIENTED_EDGE('',*,*,#8179,.F.);
#8179 = EDGE_CURVE('',#7994,#8157,#8180,.T.);
#8180 = SURFACE_CURVE('',#8181,(#8186,#8193),.PCURVE_S1.);
#8181 = CIRCLE('',#8182,3.);
#8182 = AXIS2_PLACEMENT_3D('',#8183,#8184,#8185);
#8183 = CARTESIAN_POINT('',(44.9,4.,10.));
#8184 = DIRECTION('',(0.,0.,1.));
#8185 = DIRECTION('',(0.,-1.,0.));
#8186 = PCURVE('',#8009,#8187);
#8187 = DEFINITIONAL_REPRESENTATION('',(#8188),#8192);
#8188 = LINE('',#8189,#8190);
#8189 = CARTESIAN_POINT('',(-4.712388980385,0.));
#8190 = VECTOR('',#8191,1.);
#8191 = DIRECTION('',(-1.,0.));
#8192 = ( GEOMETRIC_REPRESENTATION_CONTEXT(2) 
PARAMETRIC_REPRESENTATION_CONTEXT() REPRESENTATION_CONTEXT('2D SPACE',''
  ) );
#8193 = PCURVE('',#8035,#8194);
#8194 = DEFINITIONAL_REPRESENTATION('',(#8195),#8199);
#8195 = CIRCLE('',#8196,3.);
#8196 = AXIS2_PLACEMENT_2D('',#8197,#8198);
#8197 = CARTESIAN_POINT('',(21.95,0.));
#8198 = DIRECTION('',(0.,-1.));
#8199 = ( GEOMETRIC_REPRESENTATION_CONTEXT(2) 
PARAMETRIC_REPRESENTATION_CONTEXT() REPRESENTATION_CONTEXT('2D SPACE',''
  ) );
#8200 = ORIENTED_EDGE('',*,*,#7993,.T.);
#8201 = ADVANCED_FACE('',(#8202,#8228,#8263),#8035,.F.);
#8202 = FACE_BOUND('',#8203,.F.);
#8203 = EDGE_LOOP('',(#8204,#8205,#8206,#8227));
#8204 = ORIENTED_EDGE('',*,*,#8021,.T.);
#8205 = ORIENTED_EDGE('',*,*,#8179,.T.);
#8206 = ORIENTED_EDGE('',*,*,#8207,.T.);
#8207 = EDGE_CURVE('',#8157,#8051,#8208,.T.);
#8208 = SURFACE_CURVE('',#8209,(#8213,#8220),.PCURVE_S1.);
#8209 = LINE('',#8210,#8211);
#8210 = CARTESIAN_POINT('',(44.9,7.,10.));
#8211 = VECTOR('',#8212,1.);
#8212 = DIRECTION('',(-1.,0.,0.));
#8213 = PCURVE('',#8035,#8214);
#8214 = DEFINITIONAL_REPRESENTATION('',(#8215),#8219);
#8215 = LINE('',#8216,#8217);
#8216 = CARTESIAN_POINT('',(21.95,3.));
#8217 = VECTOR('',#8218,1.);
#8218 = DIRECTION('',(-1.,0.));
#8219 = ( GEOMETRIC_REPRESENTATION_CONTEXT(2) 
PARAMETRIC_REPRESENTATION_CONTEXT() REPRESENTATION_CONTEXT('2D SPACE',''
  ) );
#8220 = PCURVE('',#8090,#8221);
#8221 = DEFINITIONAL_REPRESENTATION('',(#8222),#8226);
#8222 = LINE('',#8223,#8224);
#8223 = CARTESIAN_POINT('',(0.,-0.));
#8224 = VECTOR('',#8225,1.);
#8225 = DIRECTION('',(1.,0.));
#8226 = ( GEOMETRIC_REPRESENTATION_CONTEXT(2) 
PARAMETRIC_REPRESENTATION_CONTEXT() REPRESENTATION_CONTEXT('2D SPACE',''
  ) );
#8227 = ORIENTED_EDGE('',*,*,#8050,.T.);
#8228 = FACE_BOUND('',#8229,.F.);
#8229 = EDGE_LOOP('',(#8230));
#8230 = ORIENTED_EDGE('',*,*,#8231,.T.);
#8231 = EDGE_CURVE('',#8232,#8232,#8234,.T.);
#8232 = VERTEX_POINT('',#8233);
#8233 = CARTESIAN_POINT('',(-0.6,4.,10.));
#8234 = SURFACE_CURVE('',#8235,(#8240,#8251),.PCURVE_S1.);
#8235 = CIRCLE('',#8236,1.6);
#8236 = AXIS2_PLACEMENT_3D('',#8237,#8238,#8239);
#8237 = CARTESIAN_POINT('',(1.,4.,10.));
#8238 = DIRECTION('',(0.,0.,-1.));
#8239 = DIRECTION('',(-1.,0.,0.));
#8240 = PCURVE('',#8035,#8241);
#8241 = DEFINITIONAL_REPRESENTATION('',(#8242),#8250);
#8242 = ( BOUNDED_CURVE() B_SPLINE_CURVE(2,(#8243,#8244,#8245,#8246,
#8247,#8248,#8249),.UNSPECIFIED.,.T.,.F.) B_SPLINE_CURVE_WITH_KNOTS((1,2
    ,2,2,2,1),(-2.094395102393,0.,2.094395102393,4.188790204786,
6.28318530718,8.377580409573),.UNSPECIFIED.) CURVE() 
GEOMETRIC_REPRESENTATION_ITEM() RATIONAL_B_SPLINE_CURVE((1.,0.5,1.,0.5,
1.,0.5,1.)) REPRESENTATION_ITEM('') );
#8243 = CARTESIAN_POINT('',(-23.55,0.));
#8244 = CARTESIAN_POINT('',(-23.55,2.77128129211));
#8245 = CARTESIAN_POINT('',(-21.15,1.385640646055));
#8246 = CARTESIAN_POINT('',(-18.75,3.918869757272E-16));
#8247 = CARTESIAN_POINT('',(-21.15,-1.385640646055));
#8248 = CARTESIAN_POINT('',(-23.55,-2.77128129211));
#8249 = CARTESIAN_POINT('',(-23.55,0.));
#8250 = ( GEOMETRIC_REPRESENTATION_CONTEXT(2) 
PARAMETRIC_REPRESENTATION_CONTEXT() REPRESENTATION_CONTEXT('2D SPACE',''
  ) );
#8251 = PCURVE('',#8252,#8257);
#8252 = CYLINDRICAL_SURFACE('',#8253,1.6);
#8253 = AXIS2_PLACEMENT_3D('',#8254,#8255,#8256);
#8254 = CARTESIAN_POINT('',(1.,4.,13.));
#8255 = DIRECTION('',(0.,0.,-1.));
#8256 = DIRECTION('',(-1.,0.,0.));
#8257 = DEFINITIONAL_REPRESENTATION('',(#8258),#8262);
#8258 = LINE('',#8259,#8260);
#8259 = CARTESIAN_POINT('',(0.,3.));
#8260 = VECTOR('',#8261,1.);
#8261 = DIRECTION('',(1.,0.));
#8262 = ( GEOMETRIC_REPRESENTATION_CONTEXT(2) 
PARAMETRIC_REPRESENTATION_CONTEXT() REPRESENTATION_CONTEXT('2D SPACE',''
  ) );
#8263 = FACE_BOUND('',#8264,.F.);
#8264 = EDGE_LOOP('',(#8265));
#8265 = ORIENTED_EDGE('',*,*,#8266,.T.);
#8266 = EDGE_CURVE('',#8267,#8267,#8269,.T.);
#8267 = VERTEX_POINT('',#8268);
#8268 = CARTESIAN_POINT('',(43.3,4.,10.));
#8269 = SURFACE_CURVE('',#8270,(#8275,#8286),.PCURVE_S1.);
#8270 = CIRCLE('',#8271,1.6);
#8271 = AXIS2_PLACEMENT_3D('',#8272,#8273,#8274);
#8272 = CARTESIAN_POINT('',(44.9,4.,10.));
#8273 = DIRECTION('',(0.,0.,-1.));
#8274 = DIRECTION('',(-1.,0.,0.));
#8275 = PCURVE('',#8035,#8276);
#8276 = DEFINITIONAL_REPRESENTATION('',(#8277),#8285);
#8277 = ( BOUNDED_CURVE() B_SPLINE_CURVE(2,(#8278,#8279,#8280,#8281,
#8282,#8283,#8284),.UNSPECIFIED.,.T.,.F.) B_SPLINE_CURVE_WITH_KNOTS((1,2
    ,2,2,2,1),(-2.094395102393,0.,2.094395102393,4.188790204786,
6.28318530718,8.377580409573),.UNSPECIFIED.) CURVE() 
GEOMETRIC_REPRESENTATION_ITEM() RATIONAL_B_SPLINE_CURVE((1.,0.5,1.,0.5,
1.,0.5,1.)) REPRESENTATION_ITEM('') );
#8278 = CARTESIAN_POINT('',(20.35,0.));
#8279 = CARTESIAN_POINT('',(20.35,2.77128129211));
#8280 = CARTESIAN_POINT('',(22.75,1.385640646055));
#8281 = CARTESIAN_POINT('',(25.15,3.918869757272E-16));
#8282 = CARTESIAN_POINT('',(22.75,-1.385640646055));
#8283 = CARTESIAN_POINT('',(20.35,-2.77128129211));
#8284 = CARTESIAN_POINT('',(20.35,0.));
#8285 = ( GEOMETRIC_REPRESENTATION_CONTEXT(2) 
PARAMETRIC_REPRESENTATION_CONTEXT() REPRESENTATION_CONTEXT('2D SPACE',''
  ) );
#8286 = PCURVE('',#8287,#8292);
#8287 = CYLINDRICAL_SURFACE('',#8288,1.6);
#8288 = AXIS2_PLACEMENT_3D('',#8289,#8290,#8291);
#8289 = CARTESIAN_POINT('',(44.9,4.,13.));
#8290 = DIRECTION('',(0.,0.,-1.));
#8291 = DIRECTION('',(-1.,0.,0.));
#8292 = DEFINITIONAL_REPRESENTATION('',(#8293),#8297);
#8293 = LINE('',#8294,#8295);
#8294 = CARTESIAN_POINT('',(0.,3.));
#8295 = VECTOR('',#8296,1.);
#8296 = DIRECTION('',(1.,0.));
#8297 = ( GEOMETRIC_REPRESENTATION_CONTEXT(2) 
PARAMETRIC_REPRESENTATION_CONTEXT() REPRESENTATION_CONTEXT('2D SPACE',''
  ) );
#8298 = ADVANCED_FACE('',(#8299,#8325,#8355),#7981,.T.);
#8299 = FACE_BOUND('',#8300,.T.);
#8300 = EDGE_LOOP('',(#8301,#8302,#8303,#8324));
#8301 = ORIENTED_EDGE('',*,*,#7965,.T.);
#8302 = ORIENTED_EDGE('',*,*,#8128,.F.);
#8303 = ORIENTED_EDGE('',*,*,#8304,.T.);
#8304 = EDGE_CURVE('',#8129,#8075,#8305,.T.);
#8305 = SURFACE_CURVE('',#8306,(#8310,#8317),.PCURVE_S1.);
#8306 = LINE('',#8307,#8308);
#8307 = CARTESIAN_POINT('',(44.9,7.,13.));
#8308 = VECTOR('',#8309,1.);
#8309 = DIRECTION('',(-1.,0.,0.));
#8310 = PCURVE('',#7981,#8311);
#8311 = DEFINITIONAL_REPRESENTATION('',(#8312),#8316);
#8312 = LINE('',#8313,#8314);
#8313 = CARTESIAN_POINT('',(21.95,3.));
#8314 = VECTOR('',#8315,1.);
#8315 = DIRECTION('',(-1.,0.));
#8316 = ( GEOMETRIC_REPRESENTATION_CONTEXT(2) 
PARAMETRIC_REPRESENTATION_CONTEXT() REPRESENTATION_CONTEXT('2D SPACE',''
  ) );
#8317 = PCURVE('',#8090,#8318);
#8318 = DEFINITIONAL_REPRESENTATION('',(#8319),#8323);
#8319 = LINE('',#8320,#8321);
#8320 = CARTESIAN_POINT('',(0.,-3.));
#8321 = VECTOR('',#8322,1.);
#8322 = DIRECTION('',(1.,0.));
#8323 = ( GEOMETRIC_REPRESENTATION_CONTEXT(2) 
PARAMETRIC_REPRESENTATION_CONTEXT() REPRESENTATION_CONTEXT('2D SPACE',''
  ) );
#8324 = ORIENTED_EDGE('',*,*,#8102,.T.);
#8325 = FACE_BOUND('',#8326,.T.);
#8326 = EDGE_LOOP('',(#8327));
#8327 = ORIENTED_EDGE('',*,*,#8328,.T.);
#8328 = EDGE_CURVE('',#8329,#8329,#8331,.T.);
#8329 = VERTEX_POINT('',#8330);
#8330 = CARTESIAN_POINT('',(-0.6,4.,13.));
#8331 = SURFACE_CURVE('',#8332,(#8337,#8348),.PCURVE_S1.);
#8332 = CIRCLE('',#8333,1.6);
#8333 = AXIS2_PLACEMENT_3D('',#8334,#8335,#8336);
#8334 = CARTESIAN_POINT('',(1.,4.,13.));
#8335 = DIRECTION('',(0.,0.,-1.));
#8336 = DIRECTION('',(-1.,0.,0.));
#8337 = PCURVE('',#7981,#8338);
#8338 = DEFINITIONAL_REPRESENTATION('',(#8339),#8347);
#8339 = ( BOUNDED_CURVE() B_SPLINE_CURVE(2,(#8340,#8341,#8342,#8343,
#8344,#8345,#8346),.UNSPECIFIED.,.T.,.F.) B_SPLINE_CURVE_WITH_KNOTS((1,2
    ,2,2,2,1),(-2.094395102393,0.,2.094395102393,4.188790204786,
6.28318530718,8.377580409573),.UNSPECIFIED.) CURVE() 
GEOMETRIC_REPRESENTATION_ITEM() RATIONAL_B_SPLINE_CURVE((1.,0.5,1.,0.5,
1.,0.5,1.)) REPRESENTATION_ITEM('') );
#8340 = CARTESIAN_POINT('',(-23.55,0.));
#8341 = CARTESIAN_POINT('',(-23.55,2.77128129211));
#8342 = CARTESIAN_POINT('',(-21.15,1.385640646055));
#8343 = CARTESIAN_POINT('',(-18.75,3.918869757272E-16));
#8344 = CARTESIAN_POINT('',(-21.15,-1.385640646055));
#8345 = CARTESIAN_POINT('',(-23.55,-2.77128129211));
#8346 = CARTESIAN_POINT('',(-23.55,0.));
#8347 = ( GEOMETRIC_REPRESENTATION_CONTEXT(2) 
PARAMETRIC_REPRESENTATION_CONTEXT() REPRESENTATION_CONTEXT('2D SPACE',''
  ) );
#8348 = PCURVE('',#8252,#8349);
#8349 = DEFINITIONAL_REPRESENTATION('',(#8350),#8354);
#8350 = LINE('',#8351,#8352);
#8351 = CARTESIAN_POINT('',(0.,0.));
#8352 = VECTOR('',#8353,1.);
#8353 = DIRECTION('',(1.,0.));
#8354 = ( GEOMETRIC_REPRESENTATION_CONTEXT(2) 
PARAMETRIC_REPRESENTATION_CONTEXT() REPRESENTATION_CONTEXT('2D SPACE',''
  ) );
#8355 = FACE_BOUND('',#8356,.T.);
#8356 = EDGE_LOOP('',(#8357));
#8357 = ORIENTED_EDGE('',*,*,#8358,.T.);
#8358 = EDGE_CURVE('',#8359,#8359,#8361,.T.);
#8359 = VERTEX_POINT('',#8360);
#8360 = CARTESIAN_POINT('',(43.3,4.,13.));
#8361 = SURFACE_CURVE('',#8362,(#8367,#8378),.PCURVE_S1.);
#8362 = CIRCLE('',#8363,1.6);
#8363 = AXIS2_PLACEMENT_3D('',#8364,#8365,#8366);
#8364 = CARTESIAN_POINT('',(44.9,4.,13.));
#8365 = DIRECTION('',(0.,0.,-1.));
#8366 = DIRECTION('',(-1.,0.,0.));
#8367 = PCURVE('',#7981,#8368);
#8368 = DEFINITIONAL_REPRESENTATION('',(#8369),#8377);
#8369 = ( BOUNDED_CURVE() B_SPLINE_CURVE(2,(#8370,#8371,#8372,#8373,
#8374,#8375,#8376),.UNSPECIFIED.,.T.,.F.) B_SPLINE_CURVE_WITH_KNOTS((1,2
    ,2,2,2,1),(-2.094395102393,0.,2.094395102393,4.188790204786,
6.28318530718,8.377580409573),.UNSPECIFIED.) CURVE() 
GEOMETRIC_REPRESENTATION_ITEM() RATIONAL_B_SPLINE_CURVE((1.,0.5,1.,0.5,
1.,0.5,1.)) REPRESENTATION_ITEM('') );
#8370 = CARTESIAN_POINT('',(20.35,0.));
#8371 = CARTESIAN_POINT('',(20.35,2.77128129211));
#8372 = CARTESIAN_POINT('',(22.75,1.385640646055));
#8373 = CARTESIAN_POINT('',(25.15,3.918869757272E-16));
#8374 = CARTESIAN_POINT('',(22.75,-1.385640646055));
#8375 = CARTESIAN_POINT('',(20.35,-2.77128129211));
#8376 = CARTESIAN_POINT('',(20.35,0.));
#8377 = ( GEOMETRIC_REPRESENTATION_CONTEXT(2) 
PARAMETRIC_REPRESENTATION_CONTEXT() REPRESENTATION_CONTEXT('2D SPACE',''
  ) );
#8378 = PCURVE('',#8287,#8379);
#8379 = DEFINITIONAL_REPRESENTATION('',(#8380),#8384);
#8380 = LINE('',#8381,#8382);
#8381 = CARTESIAN_POINT('',(0.,0.));
#8382 = VECTOR('',#8383,1.);
#8383 = DIRECTION('',(1.,0.));
#8384 = ( GEOMETRIC_REPRESENTATION_CONTEXT(2) 
PARAMETRIC_REPRESENTATION_CONTEXT() REPRESENTATION_CONTEXT('2D SPACE',''
  ) );
#8385 = ADVANCED_FACE('',(#8386),#8090,.F.);
#8386 = FACE_BOUND('',#8387,.F.);
#8387 = EDGE_LOOP('',(#8388,#8389,#8390,#8391));
#8388 = ORIENTED_EDGE('',*,*,#8156,.T.);
#8389 = ORIENTED_EDGE('',*,*,#8304,.T.);
#8390 = ORIENTED_EDGE('',*,*,#8074,.F.);
#8391 = ORIENTED_EDGE('',*,*,#8207,.F.);
#8392 = ADVANCED_FACE('',(#8393),#8252,.F.);
#8393 = FACE_BOUND('',#8394,.F.);
#8394 = EDGE_LOOP('',(#8395,#8396,#8417,#8418));
#8395 = ORIENTED_EDGE('',*,*,#8231,.F.);
#8396 = ORIENTED_EDGE('',*,*,#8397,.F.);
#8397 = EDGE_CURVE('',#8329,#8232,#8398,.T.);
#8398 = SEAM_CURVE('',#8399,(#8403,#8410),.PCURVE_S1.);
#8399 = LINE('',#8400,#8401);
#8400 = CARTESIAN_POINT('',(-0.6,4.,13.));
#8401 = VECTOR('',#8402,1.);
#8402 = DIRECTION('',(0.,0.,-1.));
#8403 = PCURVE('',#8252,#8404);
#8404 = DEFINITIONAL_REPRESENTATION('',(#8405),#8409);
#8405 = LINE('',#8406,#8407);
#8406 = CARTESIAN_POINT('',(6.28318530718,-0.));
#8407 = VECTOR('',#8408,1.);
#8408 = DIRECTION('',(0.,1.));
#8409 = ( GEOMETRIC_REPRESENTATION_CONTEXT(2) 
PARAMETRIC_REPRESENTATION_CONTEXT() REPRESENTATION_CONTEXT('2D SPACE',''
  ) );
#8410 = PCURVE('',#8252,#8411);
#8411 = DEFINITIONAL_REPRESENTATION('',(#8412),#8416);
#8412 = LINE('',#8413,#8414);
#8413 = CARTESIAN_POINT('',(0.,-0.));
#8414 = VECTOR('',#8415,1.);
#8415 = DIRECTION('',(0.,1.));
#8416 = ( GEOMETRIC_REPRESENTATION_CONTEXT(2) 
PARAMETRIC_REPRESENTATION_CONTEXT() REPRESENTATION_CONTEXT('2D SPACE',''
  ) );
#8417 = ORIENTED_EDGE('',*,*,#8328,.T.);
#8418 = ORIENTED_EDGE('',*,*,#8397,.T.);
#8419 = ADVANCED_FACE('',(#8420),#8287,.F.);
#8420 = FACE_BOUND('',#8421,.F.);
#8421 = EDGE_LOOP('',(#8422,#8423,#8444,#8445));
#8422 = ORIENTED_EDGE('',*,*,#8266,.F.);
#8423 = ORIENTED_EDGE('',*,*,#8424,.F.);
#8424 = EDGE_CURVE('',#8359,#8267,#8425,.T.);
#8425 = SEAM_CURVE('',#8426,(#8430,#8437),.PCURVE_S1.);
#8426 = LINE('',#8427,#8428);
#8427 = CARTESIAN_POINT('',(43.3,4.,13.));
#8428 = VECTOR('',#8429,1.);
#8429 = DIRECTION('',(0.,0.,-1.));
#8430 = PCURVE('',#8287,#8431);
#8431 = DEFINITIONAL_REPRESENTATION('',(#8432),#8436);
#8432 = LINE('',#8433,#8434);
#8433 = CARTESIAN_POINT('',(6.28318530718,-0.));
#8434 = VECTOR('',#8435,1.);
#8435 = DIRECTION('',(0.,1.));
#8436 = ( GEOMETRIC_REPRESENTATION_CONTEXT(2) 
PARAMETRIC_REPRESENTATION_CONTEXT() REPRESENTATION_CONTEXT('2D SPACE',''
  ) );
#8437 = PCURVE('',#8287,#8438);
#8438 = DEFINITIONAL_REPRESENTATION('',(#8439),#8443);
#8439 = LINE('',#8440,#8441);
#8440 = CARTESIAN_POINT('',(0.,-0.));
#8441 = VECTOR('',#8442,1.);
#8442 = DIRECTION('',(0.,1.));
#8443 = ( GEOMETRIC_REPRESENTATION_CONTEXT(2) 
PARAMETRIC_REPRESENTATION_CONTEXT() REPRESENTATION_CONTEXT('2D SPACE',''
  ) );
#8444 = ORIENTED_EDGE('',*,*,#8358,.T.);
#8445 = ORIENTED_EDGE('',*,*,#8424,.T.);
#8446 = ( GEOMETRIC_REPRESENTATION_CONTEXT(3) 
GLOBAL_UNCERTAINTY_ASSIGNED_CONTEXT((#8450)) 
GLOBAL_UNIT_ASSIGNED_CONTEXT((#8447,#8448,#8449)) REPRESENTATION_CONTEXT
('Context #1','3D Context with UNIT and UNCERTAINTY') );
#8447 = ( LENGTH_UNIT() NAMED_UNIT(*) SI_UNIT(.MILLI.,.METRE.) );
#8448 = ( NAMED_UNIT(*) PLANE_ANGLE_UNIT() SI_UNIT($,.RADIAN.) );
#8449 = ( NAMED_UNIT(*) SI_UNIT($,.STERADIAN.) SOLID_ANGLE_UNIT() );
#8450 = UNCERTAINTY_MEASURE_WITH_UNIT(LENGTH_MEASURE(1.E-07),#8447,
  'distance_accuracy_value','confusion accuracy');
#8451 = CONTEXT_DEPENDENT_SHAPE_REPRESENTATION(#8452,#8454);
#8452 = ( REPRESENTATION_RELATIONSHIP('','',#7923,#10) 
REPRESENTATION_RELATIONSHIP_WITH_TRANSFORMATION(#8453) 
SHAPE_REPRESENTATION_RELATIONSHIP() );
#8453 = ITEM_DEFINED_TRANSFORMATION('','',#11,#27);
#8454 = PRODUCT_DEFINITION_SHAPE('Placement','Placement of an item',
  #8455);
#8455 = NEXT_ASSEMBLY_USAGE_OCCURRENCE('34','','',#5,#7918,$);
#8456 = PRODUCT_RELATED_PRODUCT_CATEGORY('part',$,(#7920));
ENDSEC;
END-ISO-10303-21;
