ISO-10303-21;
HEADER;
FILE_DESCRIPTION(('Open CASCADE Model'),'2;1');
FILE_NAME('Open CASCADE Shape Model','2026-06-21T17:53:08',('Author'),(
    'Open CASCADE'),'Open CASCADE STEP processor 7.8','Open CASCADE 7.8'
  ,'Unknown');
FILE_SCHEMA(('AUTOMOTIVE_DESIGN { 1 0 10303 214 1 1 1 1 }'));
ENDSEC;
DATA;
#1 = APPLICATION_PROTOCOL_DEFINITION('international standard',
  'automotive_design',2000,#2);
#2 = APPLICATION_CONTEXT(
  'core data for automotive mechanical design processes');
#3 = SHAPE_DEFINITION_REPRESENTATION(#4,#10);
#4 = PRODUCT_DEFINITION_SHAPE('','',#5);
#5 = PRODUCT_DEFINITION('design','',#6,#9);
#6 = PRODUCT_DEFINITION_FORMATION('','',#7);
#7 = PRODUCT('Open CASCADE STEP translator 7.8 6',
  'Open CASCADE STEP translator 7.8 6','',(#8));
#8 = PRODUCT_CONTEXT('',#2,'mechanical');
#9 = PRODUCT_DEFINITION_CONTEXT('part definition',#2,'design');
#10 = SHAPE_REPRESENTATION('',(#11,#15,#19,#23,#27),#31);
#11 = AXIS2_PLACEMENT_3D('',#12,#13,#14);
#12 = CARTESIAN_POINT('',(0.,0.,0.));
#13 = DIRECTION('',(0.,0.,1.));
#14 = DIRECTION('',(1.,0.,-0.));
#15 = AXIS2_PLACEMENT_3D('',#16,#17,#18);
#16 = CARTESIAN_POINT('',(0.,0.,0.));
#17 = DIRECTION('',(0.,0.,1.));
#18 = DIRECTION('',(1.,0.,-0.));
#19 = AXIS2_PLACEMENT_3D('',#20,#21,#22);
#20 = CARTESIAN_POINT('',(0.,0.,0.));
#21 = DIRECTION('',(0.,0.,1.));
#22 = DIRECTION('',(1.,0.,-0.));
#23 = AXIS2_PLACEMENT_3D('',#24,#25,#26);
#24 = CARTESIAN_POINT('',(0.,0.,0.));
#25 = DIRECTION('',(0.,0.,1.));
#26 = DIRECTION('',(1.,0.,-0.));
#27 = AXIS2_PLACEMENT_3D('',#28,#29,#30);
#28 = CARTESIAN_POINT('',(0.,0.,0.));
#29 = DIRECTION('',(0.,0.,1.));
#30 = DIRECTION('',(1.,0.,-0.));
#31 = ( GEOMETRIC_REPRESENTATION_CONTEXT(3) 
GLOBAL_UNCERTAINTY_ASSIGNED_CONTEXT((#35)) GLOBAL_UNIT_ASSIGNED_CONTEXT(
(#32,#33,#34)) REPRESENTATION_CONTEXT('Context #1',
  '3D Context with UNIT and UNCERTAINTY') );
#32 = ( LENGTH_UNIT() NAMED_UNIT(*) SI_UNIT(.MILLI.,.METRE.) );
#33 = ( NAMED_UNIT(*) PLANE_ANGLE_UNIT() SI_UNIT($,.RADIAN.) );
#34 = ( NAMED_UNIT(*) SI_UNIT($,.STERADIAN.) SOLID_ANGLE_UNIT() );
#35 = UNCERTAINTY_MEASURE_WITH_UNIT(LENGTH_MEASURE(2.E-06),#32,
  'distance_accuracy_value','confusion accuracy');
#36 = PRODUCT_RELATED_PRODUCT_CATEGORY('part',$,(#7));
#37 = SHAPE_DEFINITION_REPRESENTATION(#38,#44);
#38 = PRODUCT_DEFINITION_SHAPE('','',#39);
#39 = PRODUCT_DEFINITION('design','',#40,#43);
#40 = PRODUCT_DEFINITION_FORMATION('','',#41);
#41 = PRODUCT('Open CASCADE STEP translator 7.8 6.1',
  'Open CASCADE STEP translator 7.8 6.1','',(#42));
#42 = PRODUCT_CONTEXT('',#2,'mechanical');
#43 = PRODUCT_DEFINITION_CONTEXT('part definition',#2,'design');
#44 = ADVANCED_BREP_SHAPE_REPRESENTATION('',(#11,#45),#2859);
#45 = MANIFOLD_SOLID_BREP('',#46);
#46 = CLOSED_SHELL('',(#47,#2189,#2284,#2312,#2386,#2412,#2506,#2512,
    #2518,#2682,#2708,#2758,#2786,#2835,#2841,#2847,#2853));
#47 = ADVANCED_FACE('',(#48),#75,.T.);
#48 = FACE_BOUND('',#49,.T.);
#49 = EDGE_LOOP('',(#50,#150,#179,#246,#268,#347,#376,#419,#660,#703,
    #732,#842,#871,#909,#1145,#1183,#1212,#1275,#1276,#1338,#1367,#1429,
    #1664,#1731,#1760,#1870,#1899,#1961));
#50 = ORIENTED_EDGE('',*,*,#51,.F.);
#51 = EDGE_CURVE('',#52,#54,#56,.T.);
#52 = VERTEX_POINT('',#53);
#53 = CARTESIAN_POINT('',(1.,-16.5,-2.609889545077));
#54 = VERTEX_POINT('',#55);
#55 = CARTESIAN_POINT('',(8.800778368988,-16.5,-1.774220064682));
#56 = SURFACE_CURVE('',#57,(#74,#125),.PCURVE_S1.);
#57 = B_SPLINE_CURVE_WITH_KNOTS('',8,(#58,#59,#60,#61,#62,#63,#64,#65,
    #66,#67,#68,#69,#70,#71,#72,#73),.UNSPECIFIED.,.F.,.F.,(9,7,9),(0.,
    0.878388307052,1.),.UNSPECIFIED.);
#58 = CARTESIAN_POINT('',(1.,-16.5,-2.60988954741));
#59 = CARTESIAN_POINT('',(1.879961430165,-16.5,-2.530096388286));
#60 = CARTESIAN_POINT('',(2.759664382531,-16.5,-2.447701199585));
#61 = CARTESIAN_POINT('',(3.639090523986,-16.5,-2.362387353688));
#62 = CARTESIAN_POINT('',(4.518197121757,-16.5,-2.273756213295));
#63 = CARTESIAN_POINT('',(5.396916874599,-16.5,-2.181322544937));
#64 = CARTESIAN_POINT('',(6.275144937916,-16.5,-2.084401438374));
#65 = CARTESIAN_POINT('',(7.152739864165,-16.5,-1.982113131229));
#66 = CARTESIAN_POINT('',(8.1508475977,-16.5,-1.857735983433));
#67 = CARTESIAN_POINT('',(8.272212215024,-16.5,-1.842476791672));
#68 = CARTESIAN_POINT('',(8.393559183256,-16.5,-1.827079966149));
#69 = CARTESIAN_POINT('',(8.514887736396,-16.5,-1.811541015209));
#70 = CARTESIAN_POINT('',(8.636197037644,-16.5,-1.795855113049));
#71 = CARTESIAN_POINT('',(8.757486179397,-16.5,-1.78001709972));
#72 = CARTESIAN_POINT('',(8.878754183251,-16.5,-1.764021481125));
#73 = CARTESIAN_POINT('',(9.,-16.5,-1.747862429019));
#74 = PCURVE('',#75,#106);
#75 = B_SPLINE_SURFACE_WITH_KNOTS('',14,1,(
    (#76,#77)
    ,(#78,#79)
    ,(#80,#81)
    ,(#82,#83)
    ,(#84,#85)
    ,(#86,#87)
    ,(#88,#89)
    ,(#90,#91)
    ,(#92,#93)
    ,(#94,#95)
    ,(#96,#97)
    ,(#98,#99)
    ,(#100,#101)
    ,(#102,#103)
    ,(#104,#105
    )),.UNSPECIFIED.,.T.,.F.,.F.,(15,15),(2,2),(0.,6.28318530718),(0.,1.
    ),.PIECEWISE_BEZIER_KNOTS.);
#76 = CARTESIAN_POINT('',(1.,-16.,1.137131729369E-15));
#77 = CARTESIAN_POINT('',(33.7,-17.12,-2.603327410609E-15));
#78 = CARTESIAN_POINT('',(1.,-15.99999999999,3.365992128848));
#79 = CARTESIAN_POINT('',(33.700000000007,-17.11999999999,2.962073073387
    ));
#80 = CARTESIAN_POINT('',(1.,-17.7353148896,6.731985500157));
#81 = CARTESIAN_POINT('',(33.699999999971,-18.61237080505,5.924147240137
    ));
#82 = CARTESIAN_POINT('',(1.,-21.2059468872,9.246145099297));
#83 = CARTESIAN_POINT('',(33.700000000073,-21.597114323,8.136607687386)
  );
#84 = CARTESIAN_POINT('',(1.,-25.89288491794,10.0567319687));
#85 = CARTESIAN_POINT('',(33.699999999871,-25.62788102939,8.849924132446
    ));
#86 = CARTESIAN_POINT('',(1.,-30.75820528317,8.617326457568));
#87 = CARTESIAN_POINT('',(33.700000000177,-29.81205654358,7.583247282676
    ));
#88 = CARTESIAN_POINT('',(1.,-34.47233361333,4.994139339495));
#89 = CARTESIAN_POINT('',(33.699999999808,-33.00620690739,4.394842618733
    ));
#90 = CARTESIAN_POINT('',(1.,-35.87062881631,8.349587687917E-11));
#91 = CARTESIAN_POINT('',(33.70000000017,-34.20874078211,
    1.006519312341E-10));
#92 = CARTESIAN_POINT('',(1.,-34.47233361333,-4.994139339648));
#93 = CARTESIAN_POINT('',(33.699999999875,-33.00620690739,
    -4.394842618917));
#94 = CARTESIAN_POINT('',(1.,-30.75820528317,-8.617326457451));
#95 = CARTESIAN_POINT('',(33.700000000076,-29.81205654358,
    -7.583247282535));
#96 = CARTESIAN_POINT('',(1.,-25.89288491794,-10.05673196877));
#97 = CARTESIAN_POINT('',(33.699999999963,-25.62788102939,
    -8.849924132534));
#98 = CARTESIAN_POINT('',(1.,-21.2059468872,-9.24614509926));
#99 = CARTESIAN_POINT('',(33.700000000014,-21.597114323,-8.136607687342)
  );
#100 = CARTESIAN_POINT('',(1.,-17.7353148896,-6.731985500171));
#101 = CARTESIAN_POINT('',(33.699999999996,-18.61237080505,
    -5.924147240153));
#102 = CARTESIAN_POINT('',(1.,-15.99999999999,-3.365992128845));
#103 = CARTESIAN_POINT('',(33.700000000001,-17.11999999999,
    -2.962073073383));
#104 = CARTESIAN_POINT('',(1.,-16.,1.331667271747E-15));
#105 = CARTESIAN_POINT('',(33.7,-17.12,-1.153159208946E-15));
#106 = DEFINITIONAL_REPRESENTATION('',(#107),#124);
#107 = B_SPLINE_CURVE_WITH_KNOTS('',8,(#108,#109,#110,#111,#112,#113,
    #114,#115,#116,#117,#118,#119,#120,#121,#122,#123),.UNSPECIFIED.,.F.
  ,.F.,(9,7,9),(0.,0.878388307052,1.),.UNSPECIFIED.);
#108 = CARTESIAN_POINT('',(5.927764105616,0.));
#109 = CARTESIAN_POINT('',(5.937913831885,2.691013547904E-02));
#110 = CARTESIAN_POINT('',(5.948465191437,5.381236643824E-02));
#111 = CARTESIAN_POINT('',(5.959464496589,8.070613223202E-02));
#112 = CARTESIAN_POINT('',(5.97096987761,0.107590126048));
#113 = CARTESIAN_POINT('',(5.983051973002,0.134462289743));
#114 = CARTESIAN_POINT('',(5.995810007152,0.161319417062));
#115 = CARTESIAN_POINT('',(6.009371201939,0.18815718239));
#116 = CARTESIAN_POINT('',(6.025985288514,0.21868035467));
#117 = CARTESIAN_POINT('',(6.028025546534,0.222391810857));
#118 = CARTESIAN_POINT('',(6.030086192836,0.226102727317));
#119 = CARTESIAN_POINT('',(6.032167872475,0.229813080624));
#120 = CARTESIAN_POINT('',(6.034271278093,0.233522845188));
#121 = CARTESIAN_POINT('',(6.036397149928,0.237231993254));
#122 = CARTESIAN_POINT('',(6.03854627581,0.240940494901));
#123 = CARTESIAN_POINT('',(6.04071949116,0.244648318043));
#124 = ( GEOMETRIC_REPRESENTATION_CONTEXT(2) 
PARAMETRIC_REPRESENTATION_CONTEXT() REPRESENTATION_CONTEXT('2D SPACE',''
  ) );
#125 = PCURVE('',#126,#131);
#126 = PLANE('',#127);
#127 = AXIS2_PLACEMENT_3D('',#128,#129,#130);
#128 = CARTESIAN_POINT('',(1.,-16.5,0.));
#129 = DIRECTION('',(0.,1.,0.));
#130 = DIRECTION('',(0.,-0.,1.));
#131 = DEFINITIONAL_REPRESENTATION('',(#132),#149);
#132 = B_SPLINE_CURVE_WITH_KNOTS('',8,(#133,#134,#135,#136,#137,#138,
    #139,#140,#141,#142,#143,#144,#145,#146,#147,#148),.UNSPECIFIED.,.F.
  ,.F.,(9,7,9),(0.,0.878388307052,1.),.UNSPECIFIED.);
#133 = CARTESIAN_POINT('',(-2.60988954741,0.));
#134 = CARTESIAN_POINT('',(-2.530096388286,0.879961430165));
#135 = CARTESIAN_POINT('',(-2.447701199585,1.759664382531));
#136 = CARTESIAN_POINT('',(-2.362387353688,2.639090523986));
#137 = CARTESIAN_POINT('',(-2.273756213295,3.518197121757));
#138 = CARTESIAN_POINT('',(-2.181322544937,4.396916874599));
#139 = CARTESIAN_POINT('',(-2.084401438374,5.275144937916));
#140 = CARTESIAN_POINT('',(-1.982113131229,6.152739864165));
#141 = CARTESIAN_POINT('',(-1.857735983433,7.1508475977));
#142 = CARTESIAN_POINT('',(-1.842476791672,7.272212215024));
#143 = CARTESIAN_POINT('',(-1.827079966149,7.393559183256));
#144 = CARTESIAN_POINT('',(-1.811541015209,7.514887736396));
#145 = CARTESIAN_POINT('',(-1.795855113049,7.636197037644));
#146 = CARTESIAN_POINT('',(-1.78001709972,7.757486179397));
#147 = CARTESIAN_POINT('',(-1.764021481125,7.878754183251));
#148 = CARTESIAN_POINT('',(-1.747862429019,8.));
#149 = ( GEOMETRIC_REPRESENTATION_CONTEXT(2) 
PARAMETRIC_REPRESENTATION_CONTEXT() REPRESENTATION_CONTEXT('2D SPACE',''
  ) );
#150 = ORIENTED_EDGE('',*,*,#151,.T.);
#151 = EDGE_CURVE('',#52,#152,#154,.T.);
#152 = VERTEX_POINT('',#153);
#153 = CARTESIAN_POINT('',(1.,-16.18416422326,-1.6));
#154 = SURFACE_CURVE('',#155,(#160,#167),.PCURVE_S1.);
#155 = ELLIPSE('',#156,8.,7.5);
#156 = AXIS2_PLACEMENT_3D('',#157,#158,#159);
#157 = CARTESIAN_POINT('',(1.,-24.,0.));
#158 = DIRECTION('',(1.,0.,0.));
#159 = DIRECTION('',(0.,1.,0.));
#160 = PCURVE('',#75,#161);
#161 = DEFINITIONAL_REPRESENTATION('',(#162),#166);
#162 = LINE('',#163,#164);
#163 = CARTESIAN_POINT('',(0.,0.));
#164 = VECTOR('',#165,1.);
#165 = DIRECTION('',(1.,0.));
#166 = ( GEOMETRIC_REPRESENTATION_CONTEXT(2) 
PARAMETRIC_REPRESENTATION_CONTEXT() REPRESENTATION_CONTEXT('2D SPACE',''
  ) );
#167 = PCURVE('',#168,#173);
#168 = PLANE('',#169);
#169 = AXIS2_PLACEMENT_3D('',#170,#171,#172);
#170 = CARTESIAN_POINT('',(1.,-24.,0.));
#171 = DIRECTION('',(1.,0.,0.));
#172 = DIRECTION('',(0.,1.,0.));
#173 = DEFINITIONAL_REPRESENTATION('',(#174),#178);
#174 = ELLIPSE('',#175,8.,7.5);
#175 = AXIS2_PLACEMENT_2D('',#176,#177);
#176 = CARTESIAN_POINT('',(0.,0.));
#177 = DIRECTION('',(1.,0.));
#178 = ( GEOMETRIC_REPRESENTATION_CONTEXT(2) 
PARAMETRIC_REPRESENTATION_CONTEXT() REPRESENTATION_CONTEXT('2D SPACE',''
  ) );
#179 = ORIENTED_EDGE('',*,*,#180,.T.);
#180 = EDGE_CURVE('',#152,#181,#183,.T.);
#181 = VERTEX_POINT('',#182);
#182 = CARTESIAN_POINT('',(2.6,-16.05480122324,9.541123219083E-16));
#183 = SURFACE_CURVE('',#184,(#201,#221),.PCURVE_S1.);
#184 = B_SPLINE_CURVE_WITH_KNOTS('',8,(#185,#186,#187,#188,#189,#190,
    #191,#192,#193,#194,#195,#196,#197,#198,#199,#200),.UNSPECIFIED.,.F.
  ,.F.,(9,7,9),(0.,0.296548032138,1.),.UNSPECIFIED.);
#185 = CARTESIAN_POINT('',(1.,-16.1841642169,-1.6));
#186 = CARTESIAN_POINT('',(1.093606834256,-16.18742453194,-1.6));
#187 = CARTESIAN_POINT('',(1.187302441065,-16.18923023694,-1.59374121186
    ));
#188 = CARTESIAN_POINT('',(1.280529310361,-16.1895551612,-1.58120309276)
  );
#189 = CARTESIAN_POINT('',(1.372750362917,-16.18842436308,
    -1.562436006875));
#190 = CARTESIAN_POINT('',(1.46345000733,-16.18591108387,-1.537549557734
    ));
#191 = CARTESIAN_POINT('',(1.5521354146,-16.18213130217,-1.506705099505)
  );
#192 = CARTESIAN_POINT('',(1.638338010317,-16.1772358889,-1.47011242721)
  );
#193 = CARTESIAN_POINT('',(1.91915988439,-16.15755770738,-1.328206979282
    ));
#194 = CARTESIAN_POINT('',(2.100420008763,-16.13841294338,
    -1.197406191862));
#195 = CARTESIAN_POINT('',(2.25969751546,-16.11627548464,-1.03885980485)
  );
#196 = CARTESIAN_POINT('',(2.392562668252,-16.09418879847,
    -0.856827341045));
#197 = CARTESIAN_POINT('',(2.495298658556,-16.07515890596,
    -0.656080918404));
#198 = CARTESIAN_POINT('',(2.565108052608,-16.06158479895,
    -0.442085998418));
#199 = CARTESIAN_POINT('',(2.6,-16.05480122324,-0.221015934121));
#200 = CARTESIAN_POINT('',(2.6,-16.05480122324,4.196643033083E-14));
#201 = PCURVE('',#75,#202);
#202 = DEFINITIONAL_REPRESENTATION('',(#203),#220);
#203 = B_SPLINE_CURVE_WITH_KNOTS('',8,(#204,#205,#206,#207,#208,#209,
    #210,#211,#212,#213,#214,#215,#216,#217,#218,#219),.UNSPECIFIED.,.F.
  ,.F.,(9,7,9),(0.,0.296548032138,1.),.UNSPECIFIED.);
#204 = CARTESIAN_POINT('',(6.068199736933,0.));
#205 = CARTESIAN_POINT('',(6.068124727768,2.862594319752E-03));
#206 = CARTESIAN_POINT('',(6.068903752971,5.727903396493E-03));
#207 = CARTESIAN_POINT('',(6.070541304575,8.578877992682E-03));
#208 = CARTESIAN_POINT('',(6.073031270965,1.139909366718E-02));
#209 = CARTESIAN_POINT('',(6.076358479261,1.417278309877E-02));
#210 = CARTESIAN_POINT('',(6.080499818615,1.688487506421E-02));
#211 = CARTESIAN_POINT('',(6.085424944399,1.952104007085E-02));
#212 = CARTESIAN_POINT('',(6.104550409068,2.810886496605E-02));
#213 = CARTESIAN_POINT('',(6.122216867417,3.365198803557E-02));
#214 = CARTESIAN_POINT('',(6.143628706313,3.85228598E-02));
#215 = CARTESIAN_POINT('',(6.168169205517,4.258601431963E-02));
#216 = CARTESIAN_POINT('',(6.195166760486,4.572778772342E-02));
#217 = CARTESIAN_POINT('',(6.223892368708,4.786263157824E-02));
#218 = CARTESIAN_POINT('',(6.253542466255,4.892966360856E-02));
#219 = CARTESIAN_POINT('',(6.28318530718,4.892966360856E-02));
#220 = ( GEOMETRIC_REPRESENTATION_CONTEXT(2) 
PARAMETRIC_REPRESENTATION_CONTEXT() REPRESENTATION_CONTEXT('2D SPACE',''
  ) );
#221 = PCURVE('',#222,#227);
#222 = CYLINDRICAL_SURFACE('',#223,1.6);
#223 = AXIS2_PLACEMENT_3D('',#224,#225,#226);
#224 = CARTESIAN_POINT('',(1.,-39.,0.));
#225 = DIRECTION('',(0.,1.,0.));
#226 = DIRECTION('',(0.,-0.,1.));
#227 = DEFINITIONAL_REPRESENTATION('',(#228),#245);
#228 = B_SPLINE_CURVE_WITH_KNOTS('',8,(#229,#230,#231,#232,#233,#234,
    #235,#236,#237,#238,#239,#240,#241,#242,#243,#244),.UNSPECIFIED.,.F.
  ,.F.,(9,7,9),(0.,0.296548032138,1.),.UNSPECIFIED.);
#229 = CARTESIAN_POINT('',(3.14159265359,22.815835783093));
#230 = CARTESIAN_POINT('',(3.08308838218,22.812575468055));
#231 = CARTESIAN_POINT('',(3.02452869665,22.810769763056));
#232 = CARTESIAN_POINT('',(2.965956579645,22.810444838798));
#233 = CARTESIAN_POINT('',(2.907400721153,22.811575636913));
#234 = CARTESIAN_POINT('',(2.84888104463,22.814088916124));
#235 = CARTESIAN_POINT('',(2.790413293408,22.817868697827));
#236 = CARTESIAN_POINT('',(2.732012677398,22.822764111093));
#237 = CARTESIAN_POINT('',(2.535362924199,22.842442292614));
#238 = CARTESIAN_POINT('',(2.397382098417,22.861587056617));
#239 = CARTESIAN_POINT('',(2.25980360635,22.883724515354));
#240 = CARTESIAN_POINT('',(2.122376122772,22.905811201527));
#241 = CARTESIAN_POINT('',(1.984867317233,22.924841094039));
#242 = CARTESIAN_POINT('',(1.847099293172,22.938415201041));
#243 = CARTESIAN_POINT('',(1.708931285621,22.945198776758));
#244 = CARTESIAN_POINT('',(1.570796326795,22.945198776758));
#245 = ( GEOMETRIC_REPRESENTATION_CONTEXT(2) 
PARAMETRIC_REPRESENTATION_CONTEXT() REPRESENTATION_CONTEXT('2D SPACE',''
  ) );
#246 = ORIENTED_EDGE('',*,*,#247,.T.);
#247 = EDGE_CURVE('',#181,#248,#250,.T.);
#248 = VERTEX_POINT('',#249);
#249 = CARTESIAN_POINT('',(32.1,-17.06519877675,-2.420308003148E-15));
#250 = SEAM_CURVE('',#251,(#254,#261),.PCURVE_S1.);
#251 = B_SPLINE_CURVE_WITH_KNOTS('',1,(#252,#253),.UNSPECIFIED.,.F.,.F.,
  (2,2),(0.,1.),.PIECEWISE_BEZIER_KNOTS.);
#252 = CARTESIAN_POINT('',(1.,-16.,1.137131729369E-15));
#253 = CARTESIAN_POINT('',(33.7,-17.12,-2.603327410609E-15));
#254 = PCURVE('',#75,#255);
#255 = DEFINITIONAL_REPRESENTATION('',(#256),#260);
#256 = LINE('',#257,#258);
#257 = CARTESIAN_POINT('',(0.,0.));
#258 = VECTOR('',#259,1.);
#259 = DIRECTION('',(0.,1.));
#260 = ( GEOMETRIC_REPRESENTATION_CONTEXT(2) 
PARAMETRIC_REPRESENTATION_CONTEXT() REPRESENTATION_CONTEXT('2D SPACE',''
  ) );
#261 = PCURVE('',#75,#262);
#262 = DEFINITIONAL_REPRESENTATION('',(#263),#267);
#263 = LINE('',#264,#265);
#264 = CARTESIAN_POINT('',(6.28318530718,0.));
#265 = VECTOR('',#266,1.);
#266 = DIRECTION('',(0.,1.));
#267 = ( GEOMETRIC_REPRESENTATION_CONTEXT(2) 
PARAMETRIC_REPRESENTATION_CONTEXT() REPRESENTATION_CONTEXT('2D SPACE',''
  ) );
#268 = ORIENTED_EDGE('',*,*,#269,.T.);
#269 = EDGE_CURVE('',#248,#270,#272,.T.);
#270 = VERTEX_POINT('',#271);
#271 = CARTESIAN_POINT('',(33.7,-17.32522806764,-1.6));
#272 = SURFACE_CURVE('',#273,(#294,#318),.PCURVE_S1.);
#273 = B_SPLINE_CURVE_WITH_KNOTS('',7,(#274,#275,#276,#277,#278,#279,
    #280,#281,#282,#283,#284,#285,#286,#287,#288,#289,#290,#291,#292,
    #293),.UNSPECIFIED.,.F.,.F.,(8,6,6,8),(0.,0.520181187558,
    0.774150740624,1.),.UNSPECIFIED.);
#274 = CARTESIAN_POINT('',(32.1,-17.06519877675,3.530509218308E-14));
#275 = CARTESIAN_POINT('',(32.1,-17.06519877675,-0.187803605899));
#276 = CARTESIAN_POINT('',(32.125718574192,-17.07254386187,
    -0.375657570125));
#277 = CARTESIAN_POINT('',(32.177174844212,-17.08724204645,
    -0.558573495942));
#278 = CARTESIAN_POINT('',(32.25292249023,-17.1082602233,-0.732329318968
    ));
#279 = CARTESIAN_POINT('',(32.35098210388,-17.13384313238,
    -0.893362830937));
#280 = CARTESIAN_POINT('',(32.46891121142,-17.16186589652,
    -1.038636832065));
#281 = CARTESIAN_POINT('',(32.669837656596,-17.20402628818,
    -1.227580003811));
#282 = CARTESIAN_POINT('',(32.739862386981,-17.21793810421,
    -1.285233429044));
#283 = CARTESIAN_POINT('',(32.813698724181,-17.23168743832,
    -1.338269117922));
#284 = CARTESIAN_POINT('',(32.891026983375,-17.24502626512,
    -1.386408261471));
#285 = CARTESIAN_POINT('',(32.971498359955,-17.25771264634,
    -1.429386047441));
#286 = CARTESIAN_POINT('',(33.054728731717,-17.2695217738,
    -1.466958406765));
#287 = CARTESIAN_POINT('',(33.216382309883,-17.28980361252,
    -1.527321471423));
#288 = CARTESIAN_POINT('',(33.294320264401,-17.29850159369,
    -1.551289315993));
#289 = CARTESIAN_POINT('',(33.373793570394,-17.30621089989,
    -1.570656348209));
#290 = CARTESIAN_POINT('',(33.454467140729,-17.31281253175,
    -1.585290710482));
#291 = CARTESIAN_POINT('',(33.535983385224,-17.31821477637,
    -1.595092227402));
#292 = CARTESIAN_POINT('',(33.617962040529,-17.32235943694,-1.6));
#293 = CARTESIAN_POINT('',(33.7,-17.32522806239,-1.6));
#294 = PCURVE('',#75,#295);
#295 = DEFINITIONAL_REPRESENTATION('',(#296),#317);
#296 = B_SPLINE_CURVE_WITH_KNOTS('',7,(#297,#298,#299,#300,#301,#302,
    #303,#304,#305,#306,#307,#308,#309,#310,#311,#312,#313,#314,#315,
    #316),.UNSPECIFIED.,.F.,.F.,(8,6,6,8),(0.,0.520181187558,
    0.774150740624,1.),.UNSPECIFIED.);
#297 = CARTESIAN_POINT('',(6.28318530718,0.951070336391));
#298 = CARTESIAN_POINT('',(6.254918815819,0.951070336391));
#299 = CARTESIAN_POINT('',(6.226644734747,0.951856837131));
#300 = CARTESIAN_POINT('',(6.199064419592,0.95343042337));
#301 = CARTESIAN_POINT('',(6.172763348981,0.955746865145));
#302 = CARTESIAN_POINT('',(6.148256677189,0.958745630088));
#303 = CARTESIAN_POINT('',(6.126016762891,0.962352024814));
#304 = CARTESIAN_POINT('',(6.096919460363,0.968496564422));
#305 = CARTESIAN_POINT('',(6.08800929165,0.970637993486));
#306 = CARTESIAN_POINT('',(6.079781864075,0.972895985449));
#307 = CARTESIAN_POINT('',(6.07228467877,0.975260764018));
#308 = CARTESIAN_POINT('',(6.065564007805,0.977721662384));
#309 = CARTESIAN_POINT('',(6.059663350343,0.980266933692));
#310 = CARTESIAN_POINT('',(6.050138633432,0.985210468192));
#311 = CARTESIAN_POINT('',(6.046334651344,0.987593891878));
#312 = CARTESIAN_POINT('',(6.043238072279,0.990024268208));
#313 = CARTESIAN_POINT('',(6.040873142689,0.992491349869));
#314 = CARTESIAN_POINT('',(6.039258749036,0.994984201383));
#315 = CARTESIAN_POINT('',(6.038406941115,0.9974911939));
#316 = CARTESIAN_POINT('',(6.038321455364,1.));
#317 = ( GEOMETRIC_REPRESENTATION_CONTEXT(2) 
PARAMETRIC_REPRESENTATION_CONTEXT() REPRESENTATION_CONTEXT('2D SPACE',''
  ) );
#318 = PCURVE('',#319,#324);
#319 = CYLINDRICAL_SURFACE('',#320,1.6);
#320 = AXIS2_PLACEMENT_3D('',#321,#322,#323);
#321 = CARTESIAN_POINT('',(33.7,-37.2,0.));
#322 = DIRECTION('',(0.,1.,0.));
#323 = DIRECTION('',(0.,-0.,1.));
#324 = DEFINITIONAL_REPRESENTATION('',(#325),#346);
#325 = B_SPLINE_CURVE_WITH_KNOTS('',7,(#326,#327,#328,#329,#330,#331,
    #332,#333,#334,#335,#336,#337,#338,#339,#340,#341,#342,#343,#344,
    #345),.UNSPECIFIED.,.F.,.F.,(8,6,6,8),(0.,0.520181187558,
    0.774150740624,1.),.UNSPECIFIED.);
#326 = CARTESIAN_POINT('',(4.712388980385,20.134801223241));
#327 = CARTESIAN_POINT('',(4.595011726698,20.134801223242));
#328 = CARTESIAN_POINT('',(4.477603461871,20.127456138122));
#329 = CARTESIAN_POINT('',(4.360636915605,20.112757953542));
#330 = CARTESIAN_POINT('',(4.244118177023,20.0917397767));
#331 = CARTESIAN_POINT('',(4.127988087647,20.066156867614));
#332 = CARTESIAN_POINT('',(4.012093209838,20.03813410348));
#333 = CARTESIAN_POINT('',(3.839712183701,19.995973711818));
#334 = CARTESIAN_POINT('',(3.783144287258,19.982061895787));
#335 = CARTESIAN_POINT('',(3.726523328214,19.968312561679));
#336 = CARTESIAN_POINT('',(3.669817026522,19.954973734871));
#337 = CARTESIAN_POINT('',(3.612999426972,19.942287353658));
#338 = CARTESIAN_POINT('',(3.556052648608,19.930478226194));
#339 = CARTESIAN_POINT('',(3.448205138153,19.910196387474));
#340 = CARTESIAN_POINT('',(3.39733116816,19.901498406301));
#341 = CARTESIAN_POINT('',(3.346350993248,19.893789100102));
#342 = CARTESIAN_POINT('',(3.295271027756,19.887187468243));
#343 = CARTESIAN_POINT('',(3.244102876212,19.881785223626));
#344 = CARTESIAN_POINT('',(3.192866378259,19.877640563057));
#345 = CARTESIAN_POINT('',(3.14159265359,19.874771937608));
#346 = ( GEOMETRIC_REPRESENTATION_CONTEXT(2) 
PARAMETRIC_REPRESENTATION_CONTEXT() REPRESENTATION_CONTEXT('2D SPACE',''
  ) );
#347 = ORIENTED_EDGE('',*,*,#348,.F.);
#348 = EDGE_CURVE('',#349,#270,#351,.T.);
#349 = VERTEX_POINT('',#350);
#350 = CARTESIAN_POINT('',(33.7,-17.4,-1.863714821726));
#351 = SURFACE_CURVE('',#352,(#357,#364),.PCURVE_S1.);
#352 = ELLIPSE('',#353,6.88,6.6);
#353 = AXIS2_PLACEMENT_3D('',#354,#355,#356);
#354 = CARTESIAN_POINT('',(33.7,-24.,0.));
#355 = DIRECTION('',(1.,0.,0.));
#356 = DIRECTION('',(0.,1.,0.));
#357 = PCURVE('',#75,#358);
#358 = DEFINITIONAL_REPRESENTATION('',(#359),#363);
#359 = LINE('',#360,#361);
#360 = CARTESIAN_POINT('',(0.,1.));
#361 = VECTOR('',#362,1.);
#362 = DIRECTION('',(1.,0.));
#363 = ( GEOMETRIC_REPRESENTATION_CONTEXT(2) 
PARAMETRIC_REPRESENTATION_CONTEXT() REPRESENTATION_CONTEXT('2D SPACE',''
  ) );
#364 = PCURVE('',#365,#370);
#365 = PLANE('',#366);
#366 = AXIS2_PLACEMENT_3D('',#367,#368,#369);
#367 = CARTESIAN_POINT('',(33.7,-24.,0.));
#368 = DIRECTION('',(1.,0.,0.));
#369 = DIRECTION('',(0.,1.,0.));
#370 = DEFINITIONAL_REPRESENTATION('',(#371),#375);
#371 = ELLIPSE('',#372,6.88,6.6);
#372 = AXIS2_PLACEMENT_2D('',#373,#374);
#373 = CARTESIAN_POINT('',(0.,0.));
#374 = DIRECTION('',(1.,0.));
#375 = ( GEOMETRIC_REPRESENTATION_CONTEXT(2) 
PARAMETRIC_REPRESENTATION_CONTEXT() REPRESENTATION_CONTEXT('2D SPACE',''
  ) );
#376 = ORIENTED_EDGE('',*,*,#377,.F.);
#377 = EDGE_CURVE('',#378,#349,#380,.T.);
#378 = VERTEX_POINT('',#379);
#379 = CARTESIAN_POINT('',(27.289132321031,-17.4,-2.497033360359));
#380 = SURFACE_CURVE('',#381,(#390,#402),.PCURVE_S1.);
#381 = B_SPLINE_CURVE_WITH_KNOTS('',7,(#382,#383,#384,#385,#386,#387,
    #388,#389),.UNSPECIFIED.,.F.,.F.,(8,8),(0.,1.),
  .PIECEWISE_BEZIER_KNOTS.);
#382 = CARTESIAN_POINT('',(26.82,-17.4,-2.537453219097));
#383 = CARTESIAN_POINT('',(27.804033798831,-17.4,-2.453304978718));
#384 = CARTESIAN_POINT('',(28.787786851441,-17.4,-2.366123798072));
#385 = CARTESIAN_POINT('',(29.771230611471,-17.4,-2.275481051852));
#386 = CARTESIAN_POINT('',(30.75430636741,-17.4,-2.180852986476));
#387 = CARTESIAN_POINT('',(31.736909317092,-17.4,-2.081475527998));
#388 = CARTESIAN_POINT('',(32.718894784006,-17.4,-1.976394961481));
#389 = CARTESIAN_POINT('',(33.7,-17.4,-1.863714835361));
#390 = PCURVE('',#75,#391);
#391 = DEFINITIONAL_REPRESENTATION('',(#392),#401);
#392 = B_SPLINE_CURVE_WITH_KNOTS('',7,(#393,#394,#395,#396,#397,#398,
    #399,#400),.UNSPECIFIED.,.F.,.F.,(8,8),(0.,1.),
  .PIECEWISE_BEZIER_KNOTS.);
#393 = CARTESIAN_POINT('',(5.900147563139,0.789602446483));
#394 = CARTESIAN_POINT('',(5.911902662209,0.819695223206));
#395 = CARTESIAN_POINT('',(5.924184298363,0.849779414417));
#396 = CARTESIAN_POINT('',(5.937062609041,0.87985414714));
#397 = CARTESIAN_POINT('',(5.950623136063,0.909917625915));
#398 = CARTESIAN_POINT('',(5.964989859547,0.939966645783));
#399 = CARTESIAN_POINT('',(5.980317341553,0.969996782385));
#400 = CARTESIAN_POINT('',(5.996910053979,1.));
#401 = ( GEOMETRIC_REPRESENTATION_CONTEXT(2) 
PARAMETRIC_REPRESENTATION_CONTEXT() REPRESENTATION_CONTEXT('2D SPACE',''
  ) );
#402 = PCURVE('',#403,#408);
#403 = PLANE('',#404);
#404 = AXIS2_PLACEMENT_3D('',#405,#406,#407);
#405 = CARTESIAN_POINT('',(33.7,-17.4,0.));
#406 = DIRECTION('',(0.,1.,0.));
#407 = DIRECTION('',(0.,-0.,1.));
#408 = DEFINITIONAL_REPRESENTATION('',(#409),#418);
#409 = B_SPLINE_CURVE_WITH_KNOTS('',7,(#410,#411,#412,#413,#414,#415,
    #416,#417),.UNSPECIFIED.,.F.,.F.,(8,8),(0.,1.),
  .PIECEWISE_BEZIER_KNOTS.);
#410 = CARTESIAN_POINT('',(-2.537453219097,-6.88));
#411 = CARTESIAN_POINT('',(-2.453304978718,-5.895966201169));
#412 = CARTESIAN_POINT('',(-2.366123798072,-4.912213148559));
#413 = CARTESIAN_POINT('',(-2.275481051852,-3.928769388529));
#414 = CARTESIAN_POINT('',(-2.180852986476,-2.94569363259));
#415 = CARTESIAN_POINT('',(-2.081475527998,-1.963090682908));
#416 = CARTESIAN_POINT('',(-1.976394961481,-0.981105215994));
#417 = CARTESIAN_POINT('',(-1.863714835361,2.84217094304E-14));
#418 = ( GEOMETRIC_REPRESENTATION_CONTEXT(2) 
PARAMETRIC_REPRESENTATION_CONTEXT() REPRESENTATION_CONTEXT('2D SPACE',''
  ) );
#419 = ORIENTED_EDGE('',*,*,#420,.T.);
#420 = EDGE_CURVE('',#378,#421,#423,.T.);
#421 = VERTEX_POINT('',#422);
#422 = CARTESIAN_POINT('',(27.289132318391,-30.6,-2.497033353582));
#423 = SURFACE_CURVE('',#424,(#499,#577),.PCURVE_S1.);
#424 = B_SPLINE_CURVE_WITH_KNOTS('',7,(#425,#426,#427,#428,#429,#430,
    #431,#432,#433,#434,#435,#436,#437,#438,#439,#440,#441,#442,#443,
    #444,#445,#446,#447,#448,#449,#450,#451,#452,#453,#454,#455,#456,
    #457,#458,#459,#460,#461,#462,#463,#464,#465,#466,#467,#468,#469,
    #470,#471,#472,#473,#474,#475,#476,#477,#478,#479,#480,#481,#482,
    #483,#484,#485,#486,#487,#488,#489,#490,#491,#492,#493,#494,#495,
    #496,#497,#498),.UNSPECIFIED.,.F.,.F.,(8,6,6,6,6,6,6,6,6,6,6,6,8),(
    0.,7.709319546786E-02,0.180892545522,0.295328354355,0.375874954874,
    0.456611909782,0.501658480186,0.559622775325,0.626930978636,
    0.704614402414,0.819063535506,0.922882306311,1.),.UNSPECIFIED.);
#425 = CARTESIAN_POINT('',(27.289131776685,-17.3999994,-2.497031962809)
  );
#426 = CARTESIAN_POINT('',(27.369843605922,-17.48896325562,
    -2.704251137017));
#427 = CARTESIAN_POINT('',(27.456493460586,-17.58458119701,
    -2.903609402829));
#428 = CARTESIAN_POINT('',(27.548326585367,-17.68605691191,
    -3.095103385741));
#429 = CARTESIAN_POINT('',(27.644659082795,-17.79267452658,
    -3.278837230435));
#430 = CARTESIAN_POINT('',(27.744892492793,-17.90381423968,
    -3.454997874725));
#431 = CARTESIAN_POINT('',(27.848524073017,-18.01896488436,
    -3.623835327739));
#432 = CARTESIAN_POINT('',(28.098719153357,-18.29764502352,
    -4.003514719443));
#433 = CARTESIAN_POINT('',(28.247661870201,-18.46405194806,
    -4.208560848368));
#434 = CARTESIAN_POINT('',(28.40098819005,-18.63597821949,
    -4.401518273449));
#435 = CARTESIAN_POINT('',(28.557859314015,-18.8126370216,
    -4.583014018299));
#436 = CARTESIAN_POINT('',(28.717564842498,-18.99340569033,
    -4.753629554258));
#437 = CARTESIAN_POINT('',(28.879502663372,-19.1778206341,
    -4.913922861537));
#438 = CARTESIAN_POINT('',(29.22359650261,-19.57260492535,-5.23032447091
    ));
#439 = CARTESIAN_POINT('',(29.406065779768,-19.78363078272,
    -5.38426791647));
#440 = CARTESIAN_POINT('',(29.589854189304,-19.9982398001,
    -5.526925506384));
#441 = CARTESIAN_POINT('',(29.774257961789,-20.21611335002,
    -5.658830451732));
#442 = CARTESIAN_POINT('',(29.958529366949,-20.43704484829,
    -5.780435319105));
#443 = CARTESIAN_POINT('',(30.141838336054,-20.66095117262,
    -5.892126374838));
#444 = CARTESIAN_POINT('',(30.450625787047,-21.0477397168,
    -6.066086278045));
#445 = CARTESIAN_POINT('',(30.57713143084,-21.20902927174,
    -6.133183142686));
#446 = CARTESIAN_POINT('',(30.702201844314,-21.37187785877,
    -6.195633029363));
#447 = CARTESIAN_POINT('',(30.825351368415,-21.53635539914,
    -6.253519914216));
#448 = CARTESIAN_POINT('',(30.945965594948,-21.70255856427,
    -6.306904414429));
#449 = CARTESIAN_POINT('',(31.063227404794,-21.87063790344,
    -6.355826002818));
#450 = CARTESIAN_POINT('',(31.289026923683,-22.21145374502,
    -6.444871779635));
#451 = CARTESIAN_POINT('',(31.397464946468,-22.38408352218,
    -6.484944190418));
#452 = CARTESIAN_POINT('',(31.500259433914,-22.55911457699,
    -6.520571278816));
#453 = CARTESIAN_POINT('',(31.595839240017,-22.73681299866,
    -6.551697638593));
#454 = CARTESIAN_POINT('',(31.682097863971,-22.91733475862,
    -6.578211526566));
#455 = CARTESIAN_POINT('',(31.756101441408,-23.100803357,-6.599955307936
    ));
#456 = CARTESIAN_POINT('',(31.847875366412,-23.39102320211,
    -6.626100077449));
#457 = CARTESIAN_POINT('',(31.876033773626,-23.49580880805,
    -6.633916168512));
#458 = CARTESIAN_POINT('',(31.898974209962,-23.60134420278,
    -6.640146427797));
#459 = CARTESIAN_POINT('',(31.916206492639,-23.70749449755,
    -6.644755727641));
#460 = CARTESIAN_POINT('',(31.927351030976,-23.81408406727,
    -6.647715505896));
#461 = CARTESIAN_POINT('',(31.932210793682,-23.92089020314,
    -6.649009202974));
#462 = CARTESIAN_POINT('',(31.929039656202,-24.16499331889,
    -6.64816537627));
#463 = CARTESIAN_POINT('',(31.916911270438,-24.30229474582,
    -6.644937395583));
#464 = CARTESIAN_POINT('',(31.894499588359,-24.43895470096,
    -6.638960399612));
#465 = CARTESIAN_POINT('',(31.862483672236,-24.57456372307,
    -6.630292606695));
#466 = CARTESIAN_POINT('',(31.821981925891,-24.70886052196,
    -6.619010290442));
#467 = CARTESIAN_POINT('',(31.774124565935,-24.84168959676,
    -6.605195078114));
#468 = CARTESIAN_POINT('',(31.657073800754,-25.12545818202,
    -6.570020165038));
#469 = CARTESIAN_POINT('',(31.585676945741,-25.27588239985,
    -6.547801159319));
#470 = CARTESIAN_POINT('',(31.507347644732,-25.42433460385,
    -6.522354101405));
#471 = CARTESIAN_POINT('',(31.423483457674,-25.570929564,-6.493746055431
    ));
#472 = CARTESIAN_POINT('',(31.335152968228,-25.71578630088,
    -6.462022422268));
#473 = CARTESIAN_POINT('',(31.243183100144,-25.85905216349,
    -6.427201249506));
#474 = CARTESIAN_POINT('',(31.038533790464,-26.16463144994,
    -6.345465921912));
#475 = CARTESIAN_POINT('',(30.924891005956,-26.32641241428,
    -6.297532402905));
#476 = CARTESIAN_POINT('',(30.808235174777,-26.48646722894,
    -6.245442945783));
#477 = CARTESIAN_POINT('',(30.689279653921,-26.64492738221,
    -6.189159731561));
#478 = CARTESIAN_POINT('',(30.568567485826,-26.80187803142,
    -6.128626684842));
#479 = CARTESIAN_POINT('',(30.446531749963,-26.95738022009,
    -6.063767648551));
#480 = CARTESIAN_POINT('',(30.142282154343,-27.33850503625,
    -5.892394316564));
#481 = CARTESIAN_POINT('',(29.958964463152,-27.562431047,-5.780716957332
    ));
#482 = CARTESIAN_POINT('',(29.774682707986,-27.78338196042,
    -5.659125228275));
#483 = CARTESIAN_POINT('',(29.590267301863,-28.00127479708,
    -5.527232900502));
#484 = CARTESIAN_POINT('',(29.406466199488,-28.215903094,-5.384587434995
    ));
#485 = CARTESIAN_POINT('',(29.223983297151,-28.42694833184,
    -5.23065563262));
#486 = CARTESIAN_POINT('',(28.87985025714,-28.82178325708,
    -4.914264661337));
#487 = CARTESIAN_POINT('',(28.717887269243,-29.00622892834,
    -4.753969054212));
#488 = CARTESIAN_POINT('',(28.558156270355,-29.1870280362,-4.58334932215
    ));
#489 = CARTESIAN_POINT('',(28.401259516651,-29.36371695892,-4.4018473395
    ));
#490 = CARTESIAN_POINT('',(28.247907559777,-29.53567295873,
    -4.208881463062));
#491 = CARTESIAN_POINT('',(28.098939375478,-29.70210910029,
    -4.003824452663));
#492 = CARTESIAN_POINT('',(27.848686652751,-29.98085447224,
    -3.624100189012));
#493 = CARTESIAN_POINT('',(27.745023528438,-30.09604047364,
    -3.455228161864));
#494 = CARTESIAN_POINT('',(27.644759822743,-30.20721398321,
    -3.27902936675));
#495 = CARTESIAN_POINT('',(27.548398607871,-30.31386350666,
    -3.095253566269));
#496 = CARTESIAN_POINT('',(27.456538768067,-30.41536880762,
    -2.903713639323));
#497 = CARTESIAN_POINT('',(27.369864710686,-30.51101348099,
    -2.704305321936));
#498 = CARTESIAN_POINT('',(27.289131774045,-30.6000006,-2.497031956032)
  );
#499 = PCURVE('',#75,#500);
#500 = DEFINITIONAL_REPRESENTATION('',(#501),#576);
#501 = B_SPLINE_CURVE_WITH_KNOTS('',7,(#502,#503,#504,#505,#506,#507,
    #508,#509,#510,#511,#512,#513,#514,#515,#516,#517,#518,#519,#520,
    #521,#522,#523,#524,#525,#526,#527,#528,#529,#530,#531,#532,#533,
    #534,#535,#536,#537,#538,#539,#540,#541,#542,#543,#544,#545,#546,
    #547,#548,#549,#550,#551,#552,#553,#554,#555,#556,#557,#558,#559,
    #560,#561,#562,#563,#564,#565,#566,#567,#568,#569,#570,#571,#572,
    #573,#574,#575),.UNSPECIFIED.,.F.,.F.,(8,6,6,6,6,6,6,6,6,6,6,6,8),(
    0.,7.709319546786E-02,0.180892545522,0.295328354355,0.375874954874,
    0.456611909782,0.501658480186,0.559622775325,0.626930978636,
    0.704614402414,0.819063535506,0.922882306311,1.),.UNSPECIFIED.);
#502 = CARTESIAN_POINT('',(5.905804378405,0.803948983996));
#503 = CARTESIAN_POINT('',(5.872780454982,0.806417235655));
#504 = CARTESIAN_POINT('',(5.840465222075,0.809067078305));
#505 = CARTESIAN_POINT('',(5.808838896862,0.811875430745));
#506 = CARTESIAN_POINT('',(5.777875224817,0.814821378679));
#507 = CARTESIAN_POINT('',(5.747541876142,0.817886620575));
#508 = CARTESIAN_POINT('',(5.717799923575,0.821055782049));
#509 = CARTESIAN_POINT('',(5.649290452036,0.828707007748));
#510 = CARTESIAN_POINT('',(5.610980945718,0.833261830893));
#511 = CARTESIAN_POINT('',(5.573560406108,0.837950709176));
#512 = CARTESIAN_POINT('',(5.536936845488,0.842747991254));
#513 = CARTESIAN_POINT('',(5.501026456561,0.84763195237));
#514 = CARTESIAN_POINT('',(5.465745111253,0.852584179308));
#515 = CARTESIAN_POINT('',(5.39270432208,0.863106926685));
#516 = CARTESIAN_POINT('',(5.355073644248,0.868687026904));
#517 = CARTESIAN_POINT('',(5.318000153174,0.874307467563));
#518 = CARTESIAN_POINT('',(5.28138931523,0.87994672666));
#519 = CARTESIAN_POINT('',(5.24515037034,0.885581937827));
#520 = CARTESIAN_POINT('',(5.209190618791,0.891187716699));
#521 = CARTESIAN_POINT('',(5.148206913257,0.900630758014));
#522 = CARTESIAN_POINT('',(5.123102478509,0.904499432136));
#523 = CARTESIAN_POINT('',(5.098045866112,0.908324215422));
#524 = CARTESIAN_POINT('',(5.07299790016,0.912090255915));
#525 = CARTESIAN_POINT('',(5.0479179093,0.915778764371));
#526 = CARTESIAN_POINT('',(5.022759124632,0.91936475244));
#527 = CARTESIAN_POINT('',(4.972104507988,0.926269936504));
#528 = CARTESIAN_POINT('',(4.946625378761,0.92958608399));
#529 = CARTESIAN_POINT('',(4.920944649236,0.932729646297));
#530 = CARTESIAN_POINT('',(4.895002586668,0.935652576147));
#531 = CARTESIAN_POINT('',(4.868755545778,0.938290454556));
#532 = CARTESIAN_POINT('',(4.842164759054,0.940553560899));
#533 = CARTESIAN_POINT('',(4.800198559131,0.943360102948));
#534 = CARTESIAN_POINT('',(4.785065391837,0.944221216319));
#535 = CARTESIAN_POINT('',(4.769839044378,0.944922758714));
#536 = CARTESIAN_POINT('',(4.754535164069,0.945449739836));
#537 = CARTESIAN_POINT('',(4.739175168381,0.945790551406));
#538 = CARTESIAN_POINT('',(4.723787192544,0.945939168003));
#539 = CARTESIAN_POINT('',(4.688616634907,0.945842191321));
#540 = CARTESIAN_POINT('',(4.66883293496,0.945471292674));
#541 = CARTESIAN_POINT('',(4.649132026991,0.944785920133));
#542 = CARTESIAN_POINT('',(4.629564532137,0.94380684013));
#543 = CARTESIAN_POINT('',(4.610160011279,0.942568254614));
#544 = CARTESIAN_POINT('',(4.590933009345,0.941104726787));
#545 = CARTESIAN_POINT('',(4.54976529245,0.937525192684));
#546 = CARTESIAN_POINT('',(4.527884291809,0.935341802622));
#547 = CARTESIAN_POINT('',(4.506218987667,0.932946411154));
#548 = CARTESIAN_POINT('',(4.484740559595,0.930381757115));
#549 = CARTESIAN_POINT('',(4.463419366824,0.927680518906));
#550 = CARTESIAN_POINT('',(4.442221296001,0.924867984714));
#551 = CARTESIAN_POINT('',(4.396735756836,0.918609596039));
#552 = CARTESIAN_POINT('',(4.372485346876,0.915134281528));
#553 = CARTESIAN_POINT('',(4.348302241957,0.911566824917));
#554 = CARTESIAN_POINT('',(4.324144833546,0.907929041404));
#555 = CARTESIAN_POINT('',(4.299976704545,0.904237537793));
#556 = CARTESIAN_POINT('',(4.275762851813,0.900505558103));
#557 = CARTESIAN_POINT('',(4.215674477225,0.891201289124));
#558 = CARTESIAN_POINT('',(4.179713103904,0.885595243521));
#559 = CARTESIAN_POINT('',(4.143472666822,0.879959715841));
#560 = CARTESIAN_POINT('',(4.106860447402,0.874320100974));
#561 = CARTESIAN_POINT('',(4.069785670996,0.868699272156));
#562 = CARTESIAN_POINT('',(4.032153792344,0.863118755265));
#563 = CARTESIAN_POINT('',(3.959108398138,0.852594809087));
#564 = CARTESIAN_POINT('',(3.923823561088,0.847641812515));
#565 = CARTESIAN_POINT('',(3.887909639159,0.842757072488));
#566 = CARTESIAN_POINT('',(3.85128247872,0.837959006625));
#567 = CARTESIAN_POINT('',(3.813858246505,0.833269344336));
#568 = CARTESIAN_POINT('',(3.77554492369,0.828713742369));
#569 = CARTESIAN_POINT('',(3.707024693694,0.821060753907));
#570 = CARTESIAN_POINT('',(3.67727573713,0.817890627781));
#571 = CARTESIAN_POINT('',(3.646935114815,0.814824459411));
#572 = CARTESIAN_POINT('',(3.615963866701,0.811877633268));
#573 = CARTESIAN_POINT('',(3.584329635233,0.809068463855));
#574 = CARTESIAN_POINT('',(3.552006141836,0.806417881061));
#575 = CARTESIAN_POINT('',(3.51897358275,0.803948983916));
#576 = ( GEOMETRIC_REPRESENTATION_CONTEXT(2) 
PARAMETRIC_REPRESENTATION_CONTEXT() REPRESENTATION_CONTEXT('2D SPACE',''
  ) );
#577 = PCURVE('',#578,#583);
#578 = CYLINDRICAL_SURFACE('',#579,6.88);
#579 = AXIS2_PLACEMENT_3D('',#580,#581,#582);
#580 = CARTESIAN_POINT('',(33.7,-30.6,0.));
#581 = DIRECTION('',(0.,1.,0.));
#582 = DIRECTION('',(0.,-0.,1.));
#583 = DEFINITIONAL_REPRESENTATION('',(#584),#659);
#584 = B_SPLINE_CURVE_WITH_KNOTS('',7,(#585,#586,#587,#588,#589,#590,
    #591,#592,#593,#594,#595,#596,#597,#598,#599,#600,#601,#602,#603,
    #604,#605,#606,#607,#608,#609,#610,#611,#612,#613,#614,#615,#616,
    #617,#618,#619,#620,#621,#622,#623,#624,#625,#626,#627,#628,#629,
    #630,#631,#632,#633,#634,#635,#636,#637,#638,#639,#640,#641,#642,
    #643,#644,#645,#646,#647,#648,#649,#650,#651,#652,#653,#654,#655,
    #656,#657,#658),.UNSPECIFIED.,.F.,.F.,(8,6,6,6,6,6,6,6,6,6,6,6,8),(
    0.,7.709319546786E-02,0.180892545522,0.295328354355,0.375874954874,
    0.456611909782,0.501658480186,0.559622775325,0.626930978636,
    0.704614402414,0.819063535506,0.922882306311,1.),.UNSPECIFIED.);
#585 = CARTESIAN_POINT('',(10.624152441164,13.2000006));
#586 = CARTESIAN_POINT('',(10.591829334997,13.111036744378));
#587 = CARTESIAN_POINT('',(10.560257647303,13.015418802986));
#588 = CARTESIAN_POINT('',(10.529422475677,12.913943088081));
#589 = CARTESIAN_POINT('',(10.499302216823,12.807325473417));
#590 = CARTESIAN_POINT('',(10.469869234059,12.696185760314));
#591 = CARTESIAN_POINT('',(10.441089786411,12.581035115633));
#592 = CARTESIAN_POINT('',(10.374999361868,12.302354976478));
#593 = CARTESIAN_POINT('',(10.338201505132,12.135948051933));
#594 = CARTESIAN_POINT('',(10.302431261691,11.964021780508));
#595 = CARTESIAN_POINT('',(10.267613969464,11.7873629784));
#596 = CARTESIAN_POINT('',(10.233686256796,11.606594309667));
#597 = CARTESIAN_POINT('',(10.200590220103,11.4221793659));
#598 = CARTESIAN_POINT('',(10.132646743511,11.027395074647));
#599 = CARTESIAN_POINT('',(10.09797873501,10.816369217277));
#600 = CARTESIAN_POINT('',(10.064206078403,10.601760199898));
#601 = CARTESIAN_POINT('',(10.031295517983,10.38388664998));
#602 = CARTESIAN_POINT('',(9.999239480926,10.162955151706));
#603 = CARTESIAN_POINT('',(9.968057759449,9.939048827372));
#604 = CARTESIAN_POINT('',(9.91654359337,9.552260283193));
#605 = CARTESIAN_POINT('',(9.895736637862,9.390970728255));
#606 = CARTESIAN_POINT('',(9.875427213638,9.228122141222));
#607 = CARTESIAN_POINT('',(9.855658256529,9.063644600851));
#608 = CARTESIAN_POINT('',(9.836493920851,8.897441435728));
#609 = CARTESIAN_POINT('',(9.81802978594,8.729362096558));
#610 = CARTESIAN_POINT('',(9.782750244684,8.388546254977));
#611 = CARTESIAN_POINT('',(9.765951081352,8.215916477814));
#612 = CARTESIAN_POINT('',(9.750143021591,8.040885423009));
#613 = CARTESIAN_POINT('',(9.735536524429,7.863187001339));
#614 = CARTESIAN_POINT('',(9.722421673943,7.682665241378));
#615 = CARTESIAN_POINT('',(9.711211030706,7.499196642995));
#616 = CARTESIAN_POINT('',(9.697341063341,7.208976797884));
#617 = CARTESIAN_POINT('',(9.693093625314,7.104191191941));
#618 = CARTESIAN_POINT('',(9.689638534332,6.998655797213));
#619 = CARTESIAN_POINT('',(9.687045799241,6.89250550245));
#620 = CARTESIAN_POINT('',(9.685369794341,6.785915932726));
#621 = CARTESIAN_POINT('',(9.684638835333,6.67910979686));
#622 = CARTESIAN_POINT('',(9.685115795642,6.43500668111));
#623 = CARTESIAN_POINT('',(9.686940010169,6.297705254171));
#624 = CARTESIAN_POINT('',(9.690311379769,6.161045299033));
#625 = CARTESIAN_POINT('',(9.695132331445,6.025436276926));
#626 = CARTESIAN_POINT('',(9.701242995748,5.891139478031));
#627 = CARTESIAN_POINT('',(9.708482613865,5.758310403233));
#628 = CARTESIAN_POINT('',(9.726247403089,5.474541817976));
#629 = CARTESIAN_POINT('',(9.737115240741,5.324117600149));
#630 = CARTESIAN_POINT('',(9.749084519217,5.175665396142));
#631 = CARTESIAN_POINT('',(9.761961100624,5.029070435996));
#632 = CARTESIAN_POINT('',(9.775599674924,4.884213699117));
#633 = CARTESIAN_POINT('',(9.789891109968,4.740947836509));
#634 = CARTESIAN_POINT('',(9.821921325478,4.435368550057));
#635 = CARTESIAN_POINT('',(9.839845092725,4.27358758572));
#636 = CARTESIAN_POINT('',(9.858407866591,4.113532771056));
#637 = CARTESIAN_POINT('',(9.87752695951,3.955072617785));
#638 = CARTESIAN_POINT('',(9.897146168811,3.798121968576));
#639 = CARTESIAN_POINT('',(9.917227460278,3.642619779907));
#640 = CARTESIAN_POINT('',(9.96798244079,3.261494963747));
#641 = CARTESIAN_POINT('',(9.999164209644,3.037568952998));
#642 = CARTESIAN_POINT('',(10.031220449994,2.816618039577));
#643 = CARTESIAN_POINT('',(10.064131317509,2.59872520292));
#644 = CARTESIAN_POINT('',(10.097904349398,2.384096905992));
#645 = CARTESIAN_POINT('',(10.132572779171,2.173051668153));
#646 = CARTESIAN_POINT('',(10.200519403533,1.778216742917));
#647 = CARTESIAN_POINT('',(10.233618269693,1.593771071656));
#648 = CARTESIAN_POINT('',(10.267548947197,1.412971963798));
#649 = CARTESIAN_POINT('',(10.302369347877,1.236283041073));
#650 = CARTESIAN_POINT('',(10.338142856946,1.064327041265));
#651 = CARTESIAN_POINT('',(10.374944157707,0.897890899704));
#652 = CARTESIAN_POINT('',(10.44104463837,0.619145527756));
#653 = CARTESIAN_POINT('',(10.469830757282,0.50395952636));
#654 = CARTESIAN_POINT('',(10.499270718979,0.39278601679));
#655 = CARTESIAN_POINT('',(10.529398292859,0.286136493334));
#656 = CARTESIAN_POINT('',(10.560241139637,0.184631192371));
#657 = CARTESIAN_POINT('',(10.59182088297,8.898651900842E-02));
#658 = CARTESIAN_POINT('',(10.624152442222,-6.E-07));
#659 = ( GEOMETRIC_REPRESENTATION_CONTEXT(2) 
PARAMETRIC_REPRESENTATION_CONTEXT() REPRESENTATION_CONTEXT('2D SPACE',''
  ) );
#660 = ORIENTED_EDGE('',*,*,#661,.T.);
#661 = EDGE_CURVE('',#421,#662,#664,.T.);
#662 = VERTEX_POINT('',#663);
#663 = CARTESIAN_POINT('',(33.7,-30.6,-1.863714821726));
#664 = SURFACE_CURVE('',#665,(#674,#686),.PCURVE_S1.);
#665 = B_SPLINE_CURVE_WITH_KNOTS('',7,(#666,#667,#668,#669,#670,#671,
    #672,#673),.UNSPECIFIED.,.F.,.F.,(8,8),(0.,1.),
  .PIECEWISE_BEZIER_KNOTS.);
#666 = CARTESIAN_POINT('',(26.82,-30.6,-2.53745321303));
#667 = CARTESIAN_POINT('',(27.804033798902,-30.6,-2.453304970707));
#668 = CARTESIAN_POINT('',(28.787786851569,-30.6,-2.36612378796));
#669 = CARTESIAN_POINT('',(29.771230611621,-30.6,-2.275481039477));
#670 = CARTESIAN_POINT('',(30.754306367576,-30.6,-2.180852971672));
#671 = CARTESIAN_POINT('',(31.736909317228,-30.6,-2.081475510607));
#672 = CARTESIAN_POINT('',(32.718894784091,-30.6,-1.976394941361));
#673 = CARTESIAN_POINT('',(33.7,-30.6,-1.863714812442));
#674 = PCURVE('',#75,#675);
#675 = DEFINITIONAL_REPRESENTATION('',(#676),#685);
#676 = B_SPLINE_CURVE_WITH_KNOTS('',7,(#677,#678,#679,#680,#681,#682,
    #683,#684),.UNSPECIFIED.,.F.,.F.,(8,8),(0.,1.),
  .PIECEWISE_BEZIER_KNOTS.);
#677 = CARTESIAN_POINT('',(3.524630398014,0.789602446483));
#678 = CARTESIAN_POINT('',(3.512875298883,0.819695223208));
#679 = CARTESIAN_POINT('',(3.500593662657,0.849779414421));
#680 = CARTESIAN_POINT('',(3.487715351891,0.879854147144));
#681 = CARTESIAN_POINT('',(3.474154824764,0.90991762592));
#682 = CARTESIAN_POINT('',(3.459788101154,0.939966645787));
#683 = CARTESIAN_POINT('',(3.444460618995,0.969996782388));
#684 = CARTESIAN_POINT('',(3.427867906381,1.));
#685 = ( GEOMETRIC_REPRESENTATION_CONTEXT(2) 
PARAMETRIC_REPRESENTATION_CONTEXT() REPRESENTATION_CONTEXT('2D SPACE',''
  ) );
#686 = PCURVE('',#687,#692);
#687 = PLANE('',#688);
#688 = AXIS2_PLACEMENT_3D('',#689,#690,#691);
#689 = CARTESIAN_POINT('',(33.7,-30.6,0.));
#690 = DIRECTION('',(0.,1.,0.));
#691 = DIRECTION('',(0.,-0.,1.));
#692 = DEFINITIONAL_REPRESENTATION('',(#693),#702);
#693 = B_SPLINE_CURVE_WITH_KNOTS('',7,(#694,#695,#696,#697,#698,#699,
    #700,#701),.UNSPECIFIED.,.F.,.F.,(8,8),(0.,1.),
  .PIECEWISE_BEZIER_KNOTS.);
#694 = CARTESIAN_POINT('',(-2.53745321303,-6.88));
#695 = CARTESIAN_POINT('',(-2.453304970707,-5.895966201098));
#696 = CARTESIAN_POINT('',(-2.36612378796,-4.912213148431));
#697 = CARTESIAN_POINT('',(-2.275481039477,-3.928769388379));
#698 = CARTESIAN_POINT('',(-2.180852971672,-2.945693632424));
#699 = CARTESIAN_POINT('',(-2.081475510607,-1.963090682772));
#700 = CARTESIAN_POINT('',(-1.976394941361,-0.981105215909));
#701 = CARTESIAN_POINT('',(-1.863714812442,-1.42108547152E-14));
#702 = ( GEOMETRIC_REPRESENTATION_CONTEXT(2) 
PARAMETRIC_REPRESENTATION_CONTEXT() REPRESENTATION_CONTEXT('2D SPACE',''
  ) );
#703 = ORIENTED_EDGE('',*,*,#704,.F.);
#704 = EDGE_CURVE('',#705,#662,#707,.T.);
#705 = VERTEX_POINT('',#706);
#706 = CARTESIAN_POINT('',(33.7,-30.67477193235,-1.6));
#707 = SURFACE_CURVE('',#708,(#713,#720),.PCURVE_S1.);
#708 = ELLIPSE('',#709,6.88,6.6);
#709 = AXIS2_PLACEMENT_3D('',#710,#711,#712);
#710 = CARTESIAN_POINT('',(33.7,-24.,0.));
#711 = DIRECTION('',(1.,0.,0.));
#712 = DIRECTION('',(0.,1.,0.));
#713 = PCURVE('',#75,#714);
#714 = DEFINITIONAL_REPRESENTATION('',(#715),#719);
#715 = LINE('',#716,#717);
#716 = CARTESIAN_POINT('',(0.,1.));
#717 = VECTOR('',#718,1.);
#718 = DIRECTION('',(1.,0.));
#719 = ( GEOMETRIC_REPRESENTATION_CONTEXT(2) 
PARAMETRIC_REPRESENTATION_CONTEXT() REPRESENTATION_CONTEXT('2D SPACE',''
  ) );
#720 = PCURVE('',#721,#726);
#721 = PLANE('',#722);
#722 = AXIS2_PLACEMENT_3D('',#723,#724,#725);
#723 = CARTESIAN_POINT('',(33.7,-24.,0.));
#724 = DIRECTION('',(1.,0.,0.));
#725 = DIRECTION('',(0.,1.,0.));
#726 = DEFINITIONAL_REPRESENTATION('',(#727),#731);
#727 = ELLIPSE('',#728,6.88,6.6);
#728 = AXIS2_PLACEMENT_2D('',#729,#730);
#729 = CARTESIAN_POINT('',(0.,0.));
#730 = DIRECTION('',(1.,0.));
#731 = ( GEOMETRIC_REPRESENTATION_CONTEXT(2) 
PARAMETRIC_REPRESENTATION_CONTEXT() REPRESENTATION_CONTEXT('2D SPACE',''
  ) );
#732 = ORIENTED_EDGE('',*,*,#733,.T.);
#733 = EDGE_CURVE('',#705,#734,#736,.T.);
#734 = VERTEX_POINT('',#735);
#735 = CARTESIAN_POINT('',(33.7,-30.67477193235,1.6));
#736 = SURFACE_CURVE('',#737,(#770,#806),.PCURVE_S1.);
#737 = B_SPLINE_CURVE_WITH_KNOTS('',6,(#738,#739,#740,#741,#742,#743,
    #744,#745,#746,#747,#748,#749,#750,#751,#752,#753,#754,#755,#756,
    #757,#758,#759,#760,#761,#762,#763,#764,#765,#766,#767,#768,#769),
  .UNSPECIFIED.,.F.,.F.,(7,5,5,5,5,5,7),(0.,0.150443341522,
    0.370032671078,0.497626287927,0.629691175868,0.84786920468,1.),
  .UNSPECIFIED.);
#738 = CARTESIAN_POINT('',(33.7,-30.67477192987,-1.6));
#739 = CARTESIAN_POINT('',(33.572442609284,-30.67923223555,-1.6));
#740 = CARTESIAN_POINT('',(33.445026922195,-30.68686602426,-1.587796643)
  );
#741 = CARTESIAN_POINT('',(33.319440868043,-30.69759535654,
    -1.563442153175));
#742 = CARTESIAN_POINT('',(33.197179777006,-30.71105315014,
    -1.527360416316));
#743 = CARTESIAN_POINT('',(33.079556228631,-30.72666517102,
    -1.48015864976));
#744 = CARTESIAN_POINT('',(32.804492964937,-30.76873375769,
    -1.338570688463));
#745 = CARTESIAN_POINT('',(32.653609282979,-30.79687521215,
    -1.232473234114));
#746 = CARTESIAN_POINT('',(32.518314058034,-30.82618145587,
    -1.106477985329));
#747 = CARTESIAN_POINT('',(32.401383636929,-30.85426026105,
    -0.963148869432));
#748 = CARTESIAN_POINT('',(32.305358093851,-30.87886089704,
    -0.805423821885));
#749 = CARTESIAN_POINT('',(32.189758849908,-30.9096230496,
    -0.539037095326));
#750 = CARTESIAN_POINT('',(32.155017363899,-30.9191898179,
    -0.437521265423));
#751 = CARTESIAN_POINT('',(32.128434130666,-30.92668526461,
    -0.333170339772));
#752 = CARTESIAN_POINT('',(32.110316292983,-30.9318550191,
    -0.226838147466));
#753 = CARTESIAN_POINT('',(32.100851380308,-30.93455806746,
    -0.11945153766));
#754 = CARTESIAN_POINT('',(32.099210469898,-30.93502671242,
    9.920271267496E-02));
#755 = CARTESIAN_POINT('',(32.107651717732,-30.93261603492,
    0.210506028866));
#756 = CARTESIAN_POINT('',(32.125384248584,-30.92754662368,
    0.320794624733));
#757 = CARTESIAN_POINT('',(32.152211794597,-30.91996456562,
    0.429035510908));
#758 = CARTESIAN_POINT('',(32.187799429697,-30.91014813559,
    0.534276679381));
#759 = CARTESIAN_POINT('',(32.304184418413,-30.87916723246,
    0.803120068084));
#760 = CARTESIAN_POINT('',(32.399312703937,-30.8547814608,0.959989547541
    ));
#761 = CARTESIAN_POINT('',(32.51510427583,-30.82694056268,1.102685097194
    ));
#762 = CARTESIAN_POINT('',(32.649069859556,-30.7978483615,1.228318117494
    ));
#763 = CARTESIAN_POINT('',(32.798490675348,-30.76984887014,
    1.334369804052));
#764 = CARTESIAN_POINT('',(33.072961202052,-30.72754398561,
    1.477495905171));
#765 = CARTESIAN_POINT('',(33.191693457021,-30.71165937604,
    1.525731609815));
#766 = CARTESIAN_POINT('',(33.315212590749,-30.69795786801,
    1.562617389106));
#767 = CARTESIAN_POINT('',(33.442166327911,-30.68703779304,1.5875211562)
  );
#768 = CARTESIAN_POINT('',(33.571010920227,-30.67928229749,1.6));
#769 = CARTESIAN_POINT('',(33.7,-30.67477192987,1.6));
#770 = PCURVE('',#75,#771);
#771 = DEFINITIONAL_REPRESENTATION('',(#772),#805);
#772 = B_SPLINE_CURVE_WITH_KNOTS('',6,(#773,#774,#775,#776,#777,#778,
    #779,#780,#781,#782,#783,#784,#785,#786,#787,#788,#789,#790,#791,
    #792,#793,#794,#795,#796,#797,#798,#799,#800,#801,#802,#803,#804),
  .UNSPECIFIED.,.F.,.F.,(7,5,5,5,5,5,7),(0.,0.150443341522,
    0.370032671078,0.497626287927,0.629691175868,0.84786920468,1.),
  .UNSPECIFIED.);
#773 = CARTESIAN_POINT('',(3.386456509111,1.));
#774 = CARTESIAN_POINT('',(3.386323590895,0.996099162363));
#775 = CARTESIAN_POINT('',(3.384285163002,0.992202658171));
#776 = CARTESIAN_POINT('',(3.380355903624,0.988362106056));
#777 = CARTESIAN_POINT('',(3.374615421339,0.984623234771));
#778 = CARTESIAN_POINT('',(3.367175811901,0.981026184362));
#779 = CARTESIAN_POINT('',(3.345025194621,0.97261446376));
#780 = CARTESIAN_POINT('',(3.328544445553,0.968000283883));
#781 = CARTESIAN_POINT('',(3.309113890118,0.96386281523));
#782 = CARTESIAN_POINT('',(3.287173173286,0.960286961374));
#783 = CARTESIAN_POINT('',(3.263178598661,0.957350400424));
#784 = CARTESIAN_POINT('',(3.222830518766,0.953815255349));
#785 = CARTESIAN_POINT('',(3.20748990491,0.952752824584));
#786 = CARTESIAN_POINT('',(3.191751033229,0.951939881672));
#787 = CARTESIAN_POINT('',(3.175735104549,0.951385819357));
#788 = CARTESIAN_POINT('',(3.159571449957,0.951096372486));
#789 = CARTESIAN_POINT('',(3.126661527688,0.95104619174));
#790 = CARTESIAN_POINT('',(3.109909941957,0.951304333876));
#791 = CARTESIAN_POINT('',(3.093300575274,0.951846613107));
#792 = CARTESIAN_POINT('',(3.076977400344,0.952667027358));
#793 = CARTESIAN_POINT('',(3.061075417185,0.953755334242));
#794 = CARTESIAN_POINT('',(3.020356306152,0.957314508208));
#795 = CARTESIAN_POINT('',(2.996493435344,0.96022363009));
#796 = CARTESIAN_POINT('',(2.974652540742,0.963764656753));
#797 = CARTESIAN_POINT('',(2.955281880777,0.967861463595));
#798 = CARTESIAN_POINT('',(2.938812693404,0.972430907503));
#799 = CARTESIAN_POINT('',(2.916429112188,0.980824501592));
#800 = CARTESIAN_POINT('',(2.908828979805,0.984455457401));
#801 = CARTESIAN_POINT('',(2.902962442932,0.98823280094));
#802 = CARTESIAN_POINT('',(2.898946143933,0.992115178224));
#803 = CARTESIAN_POINT('',(2.896863208143,0.996055379823));
#804 = CARTESIAN_POINT('',(2.896728798069,1.));
#805 = ( GEOMETRIC_REPRESENTATION_CONTEXT(2) 
PARAMETRIC_REPRESENTATION_CONTEXT() REPRESENTATION_CONTEXT('2D SPACE',''
  ) );
#806 = PCURVE('',#319,#807);
#807 = DEFINITIONAL_REPRESENTATION('',(#808),#841);
#808 = B_SPLINE_CURVE_WITH_KNOTS('',6,(#809,#810,#811,#812,#813,#814,
    #815,#816,#817,#818,#819,#820,#821,#822,#823,#824,#825,#826,#827,
    #828,#829,#830,#831,#832,#833,#834,#835,#836,#837,#838,#839,#840),
  .UNSPECIFIED.,.F.,.F.,(7,5,5,5,5,5,7),(0.,0.150443341522,
    0.370032671078,0.497626287927,0.629691175868,0.84786920468,1.),
  .UNSPECIFIED.);
#809 = CARTESIAN_POINT('',(3.14159265359,6.525228070127));
#810 = CARTESIAN_POINT('',(3.221316022787,6.520767764446));
#811 = CARTESIAN_POINT('',(3.300950669734,6.513133975731));
#812 = CARTESIAN_POINT('',(3.380354835845,6.50240464346));
#813 = CARTESIAN_POINT('',(3.459491684131,6.48894684986));
#814 = CARTESIAN_POINT('',(3.538356817806,6.47333482898));
#815 = CARTESIAN_POINT('',(3.731710191898,6.431266242307));
#816 = CARTESIAN_POINT('',(3.845904302587,6.403124787847));
#817 = CARTESIAN_POINT('',(3.959850900753,6.37381854413));
#818 = CARTESIAN_POINT('',(4.073846625741,6.345739738949));
#819 = CARTESIAN_POINT('',(4.18816790843,6.321139102958));
#820 = CARTESIAN_POINT('',(4.369660282244,6.290376950399));
#821 = CARTESIAN_POINT('',(4.43650738951,6.280810182097));
#822 = CARTESIAN_POINT('',(4.503484621838,6.273314735383));
#823 = CARTESIAN_POINT('',(4.57057072188,6.268144980898));
#824 = CARTESIAN_POINT('',(4.63772980795,6.265441932535));
#825 = CARTESIAN_POINT('',(4.774392562593,6.264973287571));
#826 = CARTESIAN_POINT('',(4.843915528752,6.267383965076));
#827 = CARTESIAN_POINT('',(4.913365559268,6.272453376315));
#828 = CARTESIAN_POINT('',(4.982702233348,6.280035434372));
#829 = CARTESIAN_POINT('',(5.051900791624,6.289851864407));
#830 = CARTESIAN_POINT('',(5.23499724124,6.320832767539));
#831 = CARTESIAN_POINT('',(5.34859112602,6.345218539191));
#832 = CARTESIAN_POINT('',(5.461860965093,6.373059437319));
#833 = CARTESIAN_POINT('',(5.575076763444,6.4021516385));
#834 = CARTESIAN_POINT('',(5.688529027917,6.430151129857));
#835 = CARTESIAN_POINT('',(5.881995706705,6.472456014388));
#836 = CARTESIAN_POINT('',(5.961733671335,6.488340623959));
#837 = CARTESIAN_POINT('',(6.041749344565,6.50204213199));
#838 = CARTESIAN_POINT('',(6.122039431278,6.512962206951));
#839 = CARTESIAN_POINT('',(6.202567132322,6.520717702503));
#840 = CARTESIAN_POINT('',(6.28318530718,6.525228070127));
#841 = ( GEOMETRIC_REPRESENTATION_CONTEXT(2) 
PARAMETRIC_REPRESENTATION_CONTEXT() REPRESENTATION_CONTEXT('2D SPACE',''
  ) );
#842 = ORIENTED_EDGE('',*,*,#843,.F.);
#843 = EDGE_CURVE('',#844,#734,#846,.T.);
#844 = VERTEX_POINT('',#845);
#845 = CARTESIAN_POINT('',(33.7,-30.6,1.863714821726));
#846 = SURFACE_CURVE('',#847,(#852,#859),.PCURVE_S1.);
#847 = ELLIPSE('',#848,6.88,6.6);
#848 = AXIS2_PLACEMENT_3D('',#849,#850,#851);
#849 = CARTESIAN_POINT('',(33.7,-24.,0.));
#850 = DIRECTION('',(1.,0.,0.));
#851 = DIRECTION('',(0.,1.,0.));
#852 = PCURVE('',#75,#853);
#853 = DEFINITIONAL_REPRESENTATION('',(#854),#858);
#854 = LINE('',#855,#856);
#855 = CARTESIAN_POINT('',(0.,1.));
#856 = VECTOR('',#857,1.);
#857 = DIRECTION('',(1.,0.));
#858 = ( GEOMETRIC_REPRESENTATION_CONTEXT(2) 
PARAMETRIC_REPRESENTATION_CONTEXT() REPRESENTATION_CONTEXT('2D SPACE',''
  ) );
#859 = PCURVE('',#860,#865);
#860 = PLANE('',#861);
#861 = AXIS2_PLACEMENT_3D('',#862,#863,#864);
#862 = CARTESIAN_POINT('',(33.7,-24.,0.));
#863 = DIRECTION('',(1.,0.,0.));
#864 = DIRECTION('',(0.,1.,0.));
#865 = DEFINITIONAL_REPRESENTATION('',(#866),#870);
#866 = ELLIPSE('',#867,6.88,6.6);
#867 = AXIS2_PLACEMENT_2D('',#868,#869);
#868 = CARTESIAN_POINT('',(0.,0.));
#869 = DIRECTION('',(1.,0.));
#870 = ( GEOMETRIC_REPRESENTATION_CONTEXT(2) 
PARAMETRIC_REPRESENTATION_CONTEXT() REPRESENTATION_CONTEXT('2D SPACE',''
  ) );
#871 = ORIENTED_EDGE('',*,*,#872,.F.);
#872 = EDGE_CURVE('',#873,#844,#875,.T.);
#873 = VERTEX_POINT('',#874);
#874 = CARTESIAN_POINT('',(27.289132318391,-30.6,2.497033353582));
#875 = SURFACE_CURVE('',#876,(#885,#897),.PCURVE_S1.);
#876 = B_SPLINE_CURVE_WITH_KNOTS('',7,(#877,#878,#879,#880,#881,#882,
    #883,#884),.UNSPECIFIED.,.F.,.F.,(8,8),(0.,1.),
  .PIECEWISE_BEZIER_KNOTS.);
#877 = CARTESIAN_POINT('',(26.82,-30.6,2.53745321303));
#878 = CARTESIAN_POINT('',(27.804033798901,-30.6,2.453304970707));
#879 = CARTESIAN_POINT('',(28.787786851572,-30.6,2.36612378796));
#880 = CARTESIAN_POINT('',(29.771230611615,-30.6,2.275481039477));
#881 = CARTESIAN_POINT('',(30.754306367582,-30.6,2.180852971671));
#882 = CARTESIAN_POINT('',(31.736909317225,-30.6,2.081475510607));
#883 = CARTESIAN_POINT('',(32.718894784092,-30.6,1.976394941361));
#884 = CARTESIAN_POINT('',(33.7,-30.6,1.863714812442));
#885 = PCURVE('',#75,#886);
#886 = DEFINITIONAL_REPRESENTATION('',(#887),#896);
#887 = B_SPLINE_CURVE_WITH_KNOTS('',7,(#888,#889,#890,#891,#892,#893,
    #894,#895),.UNSPECIFIED.,.F.,.F.,(8,8),(0.,1.),
  .PIECEWISE_BEZIER_KNOTS.);
#888 = CARTESIAN_POINT('',(2.758554909166,0.789602446483));
#889 = CARTESIAN_POINT('',(2.770310008296,0.819695223208));
#890 = CARTESIAN_POINT('',(2.782591644523,0.849779414421));
#891 = CARTESIAN_POINT('',(2.795469955288,0.879854147144));
#892 = CARTESIAN_POINT('',(2.809030482416,0.90991762592));
#893 = CARTESIAN_POINT('',(2.823397206025,0.939966645787));
#894 = CARTESIAN_POINT('',(2.838724688185,0.969996782388));
#895 = CARTESIAN_POINT('',(2.855317400798,1.));
#896 = ( GEOMETRIC_REPRESENTATION_CONTEXT(2) 
PARAMETRIC_REPRESENTATION_CONTEXT() REPRESENTATION_CONTEXT('2D SPACE',''
  ) );
#897 = PCURVE('',#687,#898);
#898 = DEFINITIONAL_REPRESENTATION('',(#899),#908);
#899 = B_SPLINE_CURVE_WITH_KNOTS('',7,(#900,#901,#902,#903,#904,#905,
    #906,#907),.UNSPECIFIED.,.F.,.F.,(8,8),(0.,1.),
  .PIECEWISE_BEZIER_KNOTS.);
#900 = CARTESIAN_POINT('',(2.53745321303,-6.88));
#901 = CARTESIAN_POINT('',(2.453304970707,-5.895966201099));
#902 = CARTESIAN_POINT('',(2.36612378796,-4.912213148428));
#903 = CARTESIAN_POINT('',(2.275481039477,-3.928769388385));
#904 = CARTESIAN_POINT('',(2.180852971671,-2.945693632418));
#905 = CARTESIAN_POINT('',(2.081475510607,-1.963090682775));
#906 = CARTESIAN_POINT('',(1.976394941361,-0.981105215908));
#907 = CARTESIAN_POINT('',(1.863714812442,7.105427357601E-15));
#908 = ( GEOMETRIC_REPRESENTATION_CONTEXT(2) 
PARAMETRIC_REPRESENTATION_CONTEXT() REPRESENTATION_CONTEXT('2D SPACE',''
  ) );
#909 = ORIENTED_EDGE('',*,*,#910,.T.);
#910 = EDGE_CURVE('',#873,#911,#913,.T.);
#911 = VERTEX_POINT('',#912);
#912 = CARTESIAN_POINT('',(27.289132321031,-17.4,2.49703336036));
#913 = SURFACE_CURVE('',#914,(#989,#1067),.PCURVE_S1.);
#914 = B_SPLINE_CURVE_WITH_KNOTS('',7,(#915,#916,#917,#918,#919,#920,
    #921,#922,#923,#924,#925,#926,#927,#928,#929,#930,#931,#932,#933,
    #934,#935,#936,#937,#938,#939,#940,#941,#942,#943,#944,#945,#946,
    #947,#948,#949,#950,#951,#952,#953,#954,#955,#956,#957,#958,#959,
    #960,#961,#962,#963,#964,#965,#966,#967,#968,#969,#970,#971,#972,
    #973,#974,#975,#976,#977,#978,#979,#980,#981,#982,#983,#984,#985,
    #986,#987,#988),.UNSPECIFIED.,.F.,.F.,(8,6,6,6,6,6,6,6,6,6,6,6,8),(
    0.,7.586706232006E-02,0.179503249063,0.293839290585,0.374389825652,
    0.455211701051,0.500290970112,0.558411616609,0.628525761537,
    0.706214586153,0.820559802528,0.924205605403,1.),.UNSPECIFIED.);
#915 = CARTESIAN_POINT('',(27.289131774045,-30.6000006,2.497031956032));
#916 = CARTESIAN_POINT('',(27.368561139397,-30.51245033016,
    2.700958539073));
#917 = CARTESIAN_POINT('',(27.453741938521,-30.41845507905,
    2.897273615502));
#918 = CARTESIAN_POINT('',(27.543954299286,-30.31877437453,
    3.085971988347));
#919 = CARTESIAN_POINT('',(27.638544870028,-30.21409224011,
    3.267150747151));
#920 = CARTESIAN_POINT('',(27.736940635717,-30.10500236245,
    3.440985916017));
#921 = CARTESIAN_POINT('',(27.838658678284,-29.99199621217,
    3.607713872388));
#922 = CARTESIAN_POINT('',(28.086270611017,-29.71625488391,
    3.986049692684));
#923 = CARTESIAN_POINT('',(28.2346505832,-29.55051955786,4.1916628779));
#924 = CARTESIAN_POINT('',(28.387453707102,-29.37923136911,
    4.385185420667));
#925 = CARTESIAN_POINT('',(28.54383703975,-29.20318350584,4.567242733451
    ));
#926 = CARTESIAN_POINT('',(28.703087346644,-29.02300408084,
    4.738416096968));
#927 = CARTESIAN_POINT('',(28.864601318189,-28.8391612363,4.899264335054
    ));
#928 = CARTESIAN_POINT('',(29.207998289331,-28.44540686369,
    5.216946875394));
#929 = CARTESIAN_POINT('',(29.390204264081,-28.23483044009,5.37159878522
    ));
#930 = CARTESIAN_POINT('',(29.573770735424,-28.02065563199,5.51494918521
    ));
#931 = CARTESIAN_POINT('',(29.757995755534,-27.80320682226,
    5.647534144258));
#932 = CARTESIAN_POINT('',(29.94213689651,-27.58269620955,5.769809246163
    ));
#933 = CARTESIAN_POINT('',(30.125373594839,-27.35921267933,
    5.882163793794));
#934 = CARTESIAN_POINT('',(30.434287777358,-26.97301521901,
    6.057315147927));
#935 = CARTESIAN_POINT('',(30.560951853039,-26.81188529022,
    6.124933065303));
#936 = CARTESIAN_POINT('',(30.686222958569,-26.64920162384,6.18789486607
    ));
#937 = CARTESIAN_POINT('',(30.809623543027,-26.48489752029,
    6.246286112974));
#938 = CARTESIAN_POINT('',(30.930551137769,-26.31887943352,6.30016923803
    ));
#939 = CARTESIAN_POINT('',(31.048206026835,-26.15100036867,
    6.349585762292));
#940 = CARTESIAN_POINT('',(31.275116645636,-25.81045461404,6.43966548556
    ));
#941 = CARTESIAN_POINT('',(31.38426442763,-25.63788963665,6.480267777361
    ));
#942 = CARTESIAN_POINT('',(31.487887100373,-25.46294318596,
    6.516417195027));
#943 = CARTESIAN_POINT('',(31.58444482853,-25.28534854468,6.548062635047
    ));
#944 = CARTESIAN_POINT('',(31.671871958203,-25.10494347093,
    6.575096498039));
#945 = CARTESIAN_POINT('',(31.747276860578,-24.92159048972,
    6.597365797397));
#946 = CARTESIAN_POINT('',(31.841561287482,-24.63152913062,
    6.624336832314));
#947 = CARTESIAN_POINT('',(31.870682087688,-24.52681160213,6.63244986397
    ));
#948 = CARTESIAN_POINT('',(31.894653187514,-24.4213253628,6.638980381722
    ));
#949 = CARTESIAN_POINT('',(31.912975086651,-24.31519797676,
    6.643892644356));
#950 = CARTESIAN_POINT('',(31.925249293471,-24.20859915575,
    6.647156746368));
#951 = CARTESIAN_POINT('',(31.931252699519,-24.10174761406,
    6.648754248487));
#952 = CARTESIAN_POINT('',(31.930668490386,-23.85718428005,
    6.648598809148));
#953 = CARTESIAN_POINT('',(31.919935016404,-23.71944226164,
    6.645742892455));
#954 = CARTESIAN_POINT('',(31.898802025552,-23.58229235902,
    6.640118026434));
#955 = CARTESIAN_POINT('',(31.867905396517,-23.44615873126,
    6.631779944785));
#956 = CARTESIAN_POINT('',(31.828353162128,-23.31131699577,
    6.620804046213));
#957 = CARTESIAN_POINT('',(31.781285383105,-23.17793828727,
    6.607272795747));
#958 = CARTESIAN_POINT('',(31.663225180906,-22.88705624682,
    6.571947065882));
#959 = CARTESIAN_POINT('',(31.589290951787,-22.73023372587,
    6.549021094357));
#960 = CARTESIAN_POINT('',(31.507765488595,-22.575556363,6.52258943462)
  );
#961 = CARTESIAN_POINT('',(31.420244214796,-22.42289438911,
    6.492728544773));
#962 = CARTESIAN_POINT('',(31.327927624168,-22.27211537347,
    6.459489873904));
#963 = CARTESIAN_POINT('',(31.231736129959,-22.12305262534,6.42289290814
    ));
#964 = CARTESIAN_POINT('',(31.022192012248,-21.81200425265,
    6.338599105668));
#965 = CARTESIAN_POINT('',(30.90815573049,-21.65043215068,6.290149278707
    ));
#966 = CARTESIAN_POINT('',(30.79118420706,-21.49057135411,6.237539641371
    ));
#967 = CARTESIAN_POINT('',(30.67197449597,-21.33229384,6.180730427195));
#968 = CARTESIAN_POINT('',(30.55105831069,-21.17551749435,6.119663828449
    ));
#969 = CARTESIAN_POINT('',(30.42886090957,-21.02018437218,6.054262163076
    ));
#970 = CARTESIAN_POINT('',(30.124480942508,-20.63969482329,5.88162213527
    ));
#971 = CARTESIAN_POINT('',(29.94124123409,-20.41622566237,5.769227259194
    ));
#972 = CARTESIAN_POINT('',(29.757100152818,-20.19572954865,
    5.646910695205));
#973 = CARTESIAN_POINT('',(29.572877841253,-19.97829569308,5.51428292961
    ));
#974 = CARTESIAN_POINT('',(29.389316526756,-19.76413663014,
    5.370888159192));
#975 = CARTESIAN_POINT('',(29.207118141208,-19.55357710406,
    5.216190092749));
#976 = CARTESIAN_POINT('',(28.863738474601,-19.15985560267,
    4.898413756823));
#977 = CARTESIAN_POINT('',(28.702233834131,-18.97602856617,
    4.737518040996));
#978 = CARTESIAN_POINT('',(28.542995111289,-18.7958666402,4.566295062761
    ));
#979 = CARTESIAN_POINT('',(28.386625859436,-18.61983836876,4.38418578458
    ));
#980 = CARTESIAN_POINT('',(28.233839698471,-18.44857238359,
    4.190608770627));
#981 = CARTESIAN_POINT('',(28.085480088332,-18.28286251285,
    3.984938525436));
#982 = CARTESIAN_POINT('',(27.83802036732,-18.00729465209,3.606667405515
    ));
#983 = CARTESIAN_POINT('',(27.736426097803,-17.8944271862,3.440076726702
    ));
#984 = CARTESIAN_POINT('',(27.638149185685,-17.78546986772,3.2663927389)
  );
#985 = CARTESIAN_POINT('',(27.543671278665,-17.68091290395,
    3.085379930506));
#986 = CARTESIAN_POINT('',(27.453563765456,-17.58134831198,
    2.896862969426));
#987 = CARTESIAN_POINT('',(27.368478048521,-17.4874580828,2.700745211309
    ));
#988 = CARTESIAN_POINT('',(27.289131776685,-17.3999994,2.497031962809));
#989 = PCURVE('',#75,#990);
#990 = DEFINITIONAL_REPRESENTATION('',(#991),#1066);
#991 = B_SPLINE_CURVE_WITH_KNOTS('',7,(#992,#993,#994,#995,#996,#997,
    #998,#999,#1000,#1001,#1002,#1003,#1004,#1005,#1006,#1007,#1008,
    #1009,#1010,#1011,#1012,#1013,#1014,#1015,#1016,#1017,#1018,#1019,
    #1020,#1021,#1022,#1023,#1024,#1025,#1026,#1027,#1028,#1029,#1030,
    #1031,#1032,#1033,#1034,#1035,#1036,#1037,#1038,#1039,#1040,#1041,
    #1042,#1043,#1044,#1045,#1046,#1047,#1048,#1049,#1050,#1051,#1052,
    #1053,#1054,#1055,#1056,#1057,#1058,#1059,#1060,#1061,#1062,#1063,
    #1064,#1065),.UNSPECIFIED.,.F.,.F.,(8,6,6,6,6,6,6,6,6,6,6,6,8),(0.,
    7.586706232006E-02,0.179503249063,0.293839290585,0.374389825652,
    0.455211701051,0.500290970112,0.558411616609,0.628525761537,
    0.706214586153,0.820559802528,0.924205605403,1.),.UNSPECIFIED.);
#992 = CARTESIAN_POINT('',(2.764211724429,0.803948983916));
#993 = CARTESIAN_POINT('',(2.731712532485,0.806378016495));
#994 = CARTESIAN_POINT('',(2.699899437548,0.8089829339));
#995 = CARTESIAN_POINT('',(2.668753885415,0.811741721691));
#996 = CARTESIAN_POINT('',(2.638251049639,0.814634399695));
#997 = CARTESIAN_POINT('',(2.608360257814,0.817643444517));
#998 = CARTESIAN_POINT('',(2.579044544481,0.820754088021));
#999 = CARTESIAN_POINT('',(2.510938053399,0.82832631838));
#1000 = CARTESIAN_POINT('',(2.472621945549,0.832863932208));
#1001 = CARTESIAN_POINT('',(2.435197870861,0.837536810615));
#1002 = CARTESIAN_POINT('',(2.398574053831,0.842319175528));
#1003 = CARTESIAN_POINT('',(2.362666804553,0.847189215494));
#1004 = CARTESIAN_POINT('',(2.327392044651,0.852128480679));
#1005 = CARTESIAN_POINT('',(2.254345503995,0.862629917105));
#1006 = CARTESIAN_POINT('',(2.216704239544,0.868201965262));
#1007 = CARTESIAN_POINT('',(2.179625247638,0.87381561882));
#1008 = CARTESIAN_POINT('',(2.14301403198,0.879449411484));
#1009 = CARTESIAN_POINT('',(2.106780002377,0.885080639037));
#1010 = CARTESIAN_POINT('',(2.070830785497,0.890684207793));
#1011 = CARTESIAN_POINT('',(2.009852794826,0.90013112469));
#1012 = CARTESIAN_POINT('',(1.984740361475,0.904004643824));
#1013 = CARTESIAN_POINT('',(1.959679308772,0.907835564482));
#1014 = CARTESIAN_POINT('',(1.934630730877,0.911609282661));
#1015 = CARTESIAN_POINT('',(1.909554242174,0.915307374244));
#1016 = CARTESIAN_POINT('',(1.884403450509,0.918905383084));
#1017 = CARTESIAN_POINT('',(1.833749560255,0.925844545738));
#1018 = CARTESIAN_POINT('',(1.808262805072,0.929182398398));
#1019 = CARTESIAN_POINT('',(1.78257965557,0.932351287473));
#1020 = CARTESIAN_POINT('',(1.756640123275,0.935304123197));
#1021 = CARTESIAN_POINT('',(1.730399552394,0.937977735725));
#1022 = CARTESIAN_POINT('',(1.703817084198,0.940283696042));
#1023 = CARTESIAN_POINT('',(1.661863812876,0.94316701185));
#1024 = CARTESIAN_POINT('',(1.646737520043,0.944057556198));
#1025 = CARTESIAN_POINT('',(1.631515920808,0.944790617355));
#1026 = CARTESIAN_POINT('',(1.61621361102,0.945350920081));
#1027 = CARTESIAN_POINT('',(1.600851159347,0.945726278088));
#1028 = CARTESIAN_POINT('',(1.585456123729,0.945909868487));
#1029 = CARTESIAN_POINT('',(1.550219436923,0.945892002764));
#1030 = CARTESIAN_POINT('',(1.530373343323,0.94556376197));
#1031 = CARTESIAN_POINT('',(1.510603846768,0.944917493136));
#1032 = CARTESIAN_POINT('',(1.490963594398,0.943972642095));
#1033 = CARTESIAN_POINT('',(1.47148412399,0.942763093643));
#1034 = CARTESIAN_POINT('',(1.452182141708,0.941323712022));
#1035 = CARTESIAN_POINT('',(1.409994223248,0.937713308285));
#1036 = CARTESIAN_POINT('',(1.387187664572,0.935452322685));
#1037 = CARTESIAN_POINT('',(1.364616564085,0.932959189254));
#1038 = CARTESIAN_POINT('',(1.342248350378,0.9302826977));
#1039 = CARTESIAN_POINT('',(1.320049828341,0.927459560372));
#1040 = CARTESIAN_POINT('',(1.297982423818,0.924517924464));
#1041 = CARTESIAN_POINT('',(1.251642752907,0.918109847469));
#1042 = CARTESIAN_POINT('',(1.227400251591,0.914622499403));
#1043 = CARTESIAN_POINT('',(1.203220587054,0.911045388595));
#1044 = CARTESIAN_POINT('',(1.179062516984,0.907399831681));
#1045 = CARTESIAN_POINT('',(1.154889902615,0.903702089012));
#1046 = CARTESIAN_POINT('',(1.130667999447,0.89996516543));
#1047 = CARTESIAN_POINT('',(1.070586587169,0.890656909557));
#1048 = CARTESIAN_POINT('',(1.034636553434,0.885053248749));
#1049 = CARTESIAN_POINT('',(0.998401379777,0.879422023022));
#1050 = CARTESIAN_POINT('',(0.961788700034,0.873788313188));
#1051 = CARTESIAN_POINT('',(0.924707922771,0.868174817332));
#1052 = CARTESIAN_POINT('',(0.887064542628,0.86260300126));
#1053 = CARTESIAN_POINT('',(0.814012863004,0.852102094024));
#1054 = CARTESIAN_POINT('',(0.778735136131,0.847163114194));
#1055 = CARTESIAN_POINT('',(0.742824597877,0.84229342848));
#1056 = CARTESIAN_POINT('',(0.706197148292,0.837511494172));
#1057 = CARTESIAN_POINT('',(0.668769081053,0.83283913451));
#1058 = CARTESIAN_POINT('',(0.630448606922,0.828302143374));
#1059 = CARTESIAN_POINT('',(0.56236412146,0.820734567808));
#1060 = CARTESIAN_POINT('',(0.533076070264,0.817627709413));
#1061 = CARTESIAN_POINT('',(0.50321399287,0.814622299256));
#1062 = CARTESIAN_POINT('',(0.472741048628,0.811733066626));
#1063 = CARTESIAN_POINT('',(0.441626670578,0.808977485182));
#1064 = CARTESIAN_POINT('',(0.409846122907,0.80637547549));
#1065 = CARTESIAN_POINT('',(0.377380928775,0.803948983996));
#1066 = ( GEOMETRIC_REPRESENTATION_CONTEXT(2) 
PARAMETRIC_REPRESENTATION_CONTEXT() REPRESENTATION_CONTEXT('2D SPACE',''
  ) );
#1067 = PCURVE('',#578,#1068);
#1068 = DEFINITIONAL_REPRESENTATION('',(#1069),#1144);
#1069 = B_SPLINE_CURVE_WITH_KNOTS('',7,(#1070,#1071,#1072,#1073,#1074,
    #1075,#1076,#1077,#1078,#1079,#1080,#1081,#1082,#1083,#1084,#1085,
    #1086,#1087,#1088,#1089,#1090,#1091,#1092,#1093,#1094,#1095,#1096,
    #1097,#1098,#1099,#1100,#1101,#1102,#1103,#1104,#1105,#1106,#1107,
    #1108,#1109,#1110,#1111,#1112,#1113,#1114,#1115,#1116,#1117,#1118,
    #1119,#1120,#1121,#1122,#1123,#1124,#1125,#1126,#1127,#1128,#1129,
    #1130,#1131,#1132,#1133,#1134,#1135,#1136,#1137,#1138,#1139,#1140,
    #1141,#1142,#1143),.UNSPECIFIED.,.F.,.F.,(8,6,6,6,6,6,6,6,6,6,6,6,8)
  ,(0.,7.586706232006E-02,0.179503249063,0.293839290585,0.374389825652,
    0.455211701051,0.500290970112,0.558411616609,0.628525761537,
    0.706214586153,0.820559802528,0.924205605403,1.),.UNSPECIFIED.);
#1070 = CARTESIAN_POINT('',(5.083810825727,-6.E-07));
#1071 = CARTESIAN_POINT('',(5.115620336679,8.754966983284E-02));
#1072 = CARTESIAN_POINT('',(5.146702364476,0.181544920944));
#1073 = CARTESIAN_POINT('',(5.177070816211,0.281225625466));
#1074 = CARTESIAN_POINT('',(5.206746085542,0.385907759882));
#1075 = CARTESIAN_POINT('',(5.23575437396,0.494997637544));
#1076 = CARTESIAN_POINT('',(5.26412772127,0.608003787821));
#1077 = CARTESIAN_POINT('',(5.329848811675,0.883745116081));
#1078 = CARTESIAN_POINT('',(5.366665398764,1.049480442131));
#1079 = CARTESIAN_POINT('',(5.402452733492,1.22076863089));
#1080 = CARTESIAN_POINT('',(5.437285513809,1.396816494155));
#1081 = CARTESIAN_POINT('',(5.471227315704,1.576995919158));
#1082 = CARTESIAN_POINT('',(5.504336437403,1.7608387637));
#1083 = CARTESIAN_POINT('',(5.572331685473,2.154593136301));
#1084 = CARTESIAN_POINT('',(5.60703689338,2.365169559905));
#1085 = CARTESIAN_POINT('',(5.640845821553,2.579344368007));
#1086 = CARTESIAN_POINT('',(5.673792752634,2.796793177731));
#1087 = CARTESIAN_POINT('',(5.705886653953,3.017303790449));
#1088 = CARTESIAN_POINT('',(5.737109615987,3.24078732067));
#1089 = CARTESIAN_POINT('',(5.788725026242,3.626984780981));
#1090 = CARTESIAN_POINT('',(5.809587837362,3.788114709775));
#1091 = CARTESIAN_POINT('',(5.829956590958,3.950798376154));
#1092 = CARTESIAN_POINT('',(5.849789732632,4.115102479707));
#1093 = CARTESIAN_POINT('',(5.869025024125,4.281120566473));
#1094 = CARTESIAN_POINT('',(5.887569579049,4.448999631323));
#1095 = CARTESIAN_POINT('',(5.923054581536,4.789545385958));
#1096 = CARTESIAN_POINT('',(5.939977176068,4.962110363348));
#1097 = CARTESIAN_POINT('',(5.955923755986,5.137056814038));
#1098 = CARTESIAN_POINT('',(5.970688663991,5.31465145532));
#1099 = CARTESIAN_POINT('',(5.983987976124,5.495056529065));
#1100 = CARTESIAN_POINT('',(5.995415547606,5.678409510276));
#1101 = CARTESIAN_POINT('',(6.009669363377,5.968470869375));
#1102 = CARTESIAN_POINT('',(6.014063126065,6.073188397861));
#1103 = CARTESIAN_POINT('',(6.017674216905,6.178674637193));
#1104 = CARTESIAN_POINT('',(6.020431323148,6.284802023234));
#1105 = CARTESIAN_POINT('',(6.022277377083,6.391400844243));
#1106 = CARTESIAN_POINT('',(6.023180328482,6.498252385936));
#1107 = CARTESIAN_POINT('',(6.023092460127,6.742815719944));
#1108 = CARTESIAN_POINT('',(6.021478082602,6.880557738352));
#1109 = CARTESIAN_POINT('',(6.018299481271,7.017707640975));
#1110 = CARTESIAN_POINT('',(6.013648068971,7.153841268731));
#1111 = CARTESIAN_POINT('',(6.007682280631,7.288683004229));
#1112 = CARTESIAN_POINT('',(6.000564353999,7.422061712725));
#1113 = CARTESIAN_POINT('',(5.982652730391,7.712943753179));
#1114 = CARTESIAN_POINT('',(5.971402243397,7.869766274122));
#1115 = CARTESIAN_POINT('',(5.958947089271,8.024443636991));
#1116 = CARTESIAN_POINT('',(5.945509006225,8.177105610882));
#1117 = CARTESIAN_POINT('',(5.931251164845,8.327884626521));
#1118 = CARTESIAN_POINT('',(5.916294811996,8.47694737466));
#1119 = CARTESIAN_POINT('',(5.88346585938,8.787995747346));
#1120 = CARTESIAN_POINT('',(5.865460225594,8.949567849311));
#1121 = CARTESIAN_POINT('',(5.846824742086,9.10942864589));
#1122 = CARTESIAN_POINT('',(5.827639567738,9.267706159995));
#1123 = CARTESIAN_POINT('',(5.807959083294,9.424482505648));
#1124 = CARTESIAN_POINT('',(5.787819990077,9.579815627811));
#1125 = CARTESIAN_POINT('',(5.736957918068,9.960305176707));
#1126 = CARTESIAN_POINT('',(5.705731525605,10.183774337629));
#1127 = CARTESIAN_POINT('',(5.67363430797,10.404270451344));
#1128 = CARTESIAN_POINT('',(5.640684074377,10.621704306918));
#1129 = CARTESIAN_POINT('',(5.606871780075,10.835863369858));
#1130 = CARTESIAN_POINT('',(5.57216308124,11.046422895937));
#1131 = CARTESIAN_POINT('',(5.504160420388,11.440144397322));
#1132 = CARTESIAN_POINT('',(5.47104739735,11.62397143383));
#1133 = CARTESIAN_POINT('',(5.43710147615,11.804133359792));
#1134 = CARTESIAN_POINT('',(5.402264318308,11.980161631238));
#1135 = CARTESIAN_POINT('',(5.36647231783,12.15142761641));
#1136 = CARTESIAN_POINT('',(5.329650752899,12.31713748715));
#1137 = CARTESIAN_POINT('',(5.263949645236,12.592705347905));
#1138 = CARTESIAN_POINT('',(5.235602661748,12.705572813795));
#1139 = CARTESIAN_POINT('',(5.206621935235,12.814530132277));
#1140 = CARTESIAN_POINT('',(5.176975534153,12.919087096046));
#1141 = CARTESIAN_POINT('',(5.146637348311,13.018651688012));
#1142 = CARTESIAN_POINT('',(5.115587060737,13.112541917197));
#1143 = CARTESIAN_POINT('',(5.083810826785,13.2000006));
#1144 = ( GEOMETRIC_REPRESENTATION_CONTEXT(2) 
PARAMETRIC_REPRESENTATION_CONTEXT() REPRESENTATION_CONTEXT('2D SPACE',''
  ) );
#1145 = ORIENTED_EDGE('',*,*,#1146,.T.);
#1146 = EDGE_CURVE('',#911,#1147,#1149,.T.);
#1147 = VERTEX_POINT('',#1148);
#1148 = CARTESIAN_POINT('',(33.7,-17.4,1.863714821726));
#1149 = SURFACE_CURVE('',#1150,(#1159,#1171),.PCURVE_S1.);
#1150 = B_SPLINE_CURVE_WITH_KNOTS('',7,(#1151,#1152,#1153,#1154,#1155,
    #1156,#1157,#1158),.UNSPECIFIED.,.F.,.F.,(8,8),(0.,1.),
  .PIECEWISE_BEZIER_KNOTS.);
#1151 = CARTESIAN_POINT('',(26.82,-17.4,2.537453219097));
#1152 = CARTESIAN_POINT('',(27.804033798831,-17.4,2.453304978718));
#1153 = CARTESIAN_POINT('',(28.787786851442,-17.4,2.366123798073));
#1154 = CARTESIAN_POINT('',(29.77123061147,-17.4,2.275481051851));
#1155 = CARTESIAN_POINT('',(30.754306367411,-17.4,2.180852986477));
#1156 = CARTESIAN_POINT('',(31.736909317092,-17.4,2.081475527998));
#1157 = CARTESIAN_POINT('',(32.718894784006,-17.4,1.976394961481));
#1158 = CARTESIAN_POINT('',(33.7,-17.4,1.863714835361));
#1159 = PCURVE('',#75,#1160);
#1160 = DEFINITIONAL_REPRESENTATION('',(#1161),#1170);
#1161 = B_SPLINE_CURVE_WITH_KNOTS('',7,(#1162,#1163,#1164,#1165,#1166,
    #1167,#1168,#1169),.UNSPECIFIED.,.F.,.F.,(8,8),(0.,1.),
  .PIECEWISE_BEZIER_KNOTS.);
#1162 = CARTESIAN_POINT('',(0.383037744041,0.789602446483));
#1163 = CARTESIAN_POINT('',(0.37128264497,0.819695223206));
#1164 = CARTESIAN_POINT('',(0.359001008817,0.849779414417));
#1165 = CARTESIAN_POINT('',(0.346122698139,0.87985414714));
#1166 = CARTESIAN_POINT('',(0.332562171116,0.909917625915));
#1167 = CARTESIAN_POINT('',(0.318195447633,0.939966645783));
#1168 = CARTESIAN_POINT('',(0.302867965627,0.969996782385));
#1169 = CARTESIAN_POINT('',(0.286275253201,1.));
#1170 = ( GEOMETRIC_REPRESENTATION_CONTEXT(2) 
PARAMETRIC_REPRESENTATION_CONTEXT() REPRESENTATION_CONTEXT('2D SPACE',''
  ) );
#1171 = PCURVE('',#403,#1172);
#1172 = DEFINITIONAL_REPRESENTATION('',(#1173),#1182);
#1173 = B_SPLINE_CURVE_WITH_KNOTS('',7,(#1174,#1175,#1176,#1177,#1178,
    #1179,#1180,#1181),.UNSPECIFIED.,.F.,.F.,(8,8),(0.,1.),
  .PIECEWISE_BEZIER_KNOTS.);
#1174 = CARTESIAN_POINT('',(2.537453219097,-6.88));
#1175 = CARTESIAN_POINT('',(2.453304978718,-5.895966201169));
#1176 = CARTESIAN_POINT('',(2.366123798073,-4.912213148558));
#1177 = CARTESIAN_POINT('',(2.275481051851,-3.92876938853));
#1178 = CARTESIAN_POINT('',(2.180852986477,-2.945693632589));
#1179 = CARTESIAN_POINT('',(2.081475527998,-1.963090682908));
#1180 = CARTESIAN_POINT('',(1.976394961481,-0.981105215994));
#1181 = CARTESIAN_POINT('',(1.863714835361,3.836930773105E-13));
#1182 = ( GEOMETRIC_REPRESENTATION_CONTEXT(2) 
PARAMETRIC_REPRESENTATION_CONTEXT() REPRESENTATION_CONTEXT('2D SPACE',''
  ) );
#1183 = ORIENTED_EDGE('',*,*,#1184,.F.);
#1184 = EDGE_CURVE('',#1185,#1147,#1187,.T.);
#1185 = VERTEX_POINT('',#1186);
#1186 = CARTESIAN_POINT('',(33.7,-17.32522806764,1.6));
#1187 = SURFACE_CURVE('',#1188,(#1193,#1200),.PCURVE_S1.);
#1188 = ELLIPSE('',#1189,6.88,6.6);
#1189 = AXIS2_PLACEMENT_3D('',#1190,#1191,#1192);
#1190 = CARTESIAN_POINT('',(33.7,-24.,0.));
#1191 = DIRECTION('',(1.,0.,0.));
#1192 = DIRECTION('',(0.,1.,0.));
#1193 = PCURVE('',#75,#1194);
#1194 = DEFINITIONAL_REPRESENTATION('',(#1195),#1199);
#1195 = LINE('',#1196,#1197);
#1196 = CARTESIAN_POINT('',(0.,1.));
#1197 = VECTOR('',#1198,1.);
#1198 = DIRECTION('',(1.,0.));
#1199 = ( GEOMETRIC_REPRESENTATION_CONTEXT(2) 
PARAMETRIC_REPRESENTATION_CONTEXT() REPRESENTATION_CONTEXT('2D SPACE',''
  ) );
#1200 = PCURVE('',#1201,#1206);
#1201 = PLANE('',#1202);
#1202 = AXIS2_PLACEMENT_3D('',#1203,#1204,#1205);
#1203 = CARTESIAN_POINT('',(33.7,-24.,0.));
#1204 = DIRECTION('',(1.,0.,0.));
#1205 = DIRECTION('',(0.,1.,0.));
#1206 = DEFINITIONAL_REPRESENTATION('',(#1207),#1211);
#1207 = ELLIPSE('',#1208,6.88,6.6);
#1208 = AXIS2_PLACEMENT_2D('',#1209,#1210);
#1209 = CARTESIAN_POINT('',(0.,0.));
#1210 = DIRECTION('',(1.,0.));
#1211 = ( GEOMETRIC_REPRESENTATION_CONTEXT(2) 
PARAMETRIC_REPRESENTATION_CONTEXT() REPRESENTATION_CONTEXT('2D SPACE',''
  ) );
#1212 = ORIENTED_EDGE('',*,*,#1213,.T.);
#1213 = EDGE_CURVE('',#1185,#248,#1214,.T.);
#1214 = SURFACE_CURVE('',#1215,(#1233,#1254),.PCURVE_S1.);
#1215 = B_SPLINE_CURVE_WITH_KNOTS('',6,(#1216,#1217,#1218,#1219,#1220,
    #1221,#1222,#1223,#1224,#1225,#1226,#1227,#1228,#1229,#1230,#1231,
    #1232),.UNSPECIFIED.,.F.,.F.,(7,5,5,7),(0.,0.300885375338,
    0.740062128653,1.),.UNSPECIFIED.);
#1216 = CARTESIAN_POINT('',(33.700000000001,-17.32522806239,1.6));
#1217 = CARTESIAN_POINT('',(33.572442609293,-17.3207677567,1.6));
#1218 = CARTESIAN_POINT('',(33.445026922211,-17.31313396797,
    1.587796643001));
#1219 = CARTESIAN_POINT('',(33.319440868073,-17.30240463567,
    1.56344215318));
#1220 = CARTESIAN_POINT('',(33.197179777046,-17.28894684205,
    1.527360416328));
#1221 = CARTESIAN_POINT('',(33.079556228677,-17.27333482119,
    1.48015864978));
#1222 = CARTESIAN_POINT('',(32.804492963867,-17.23126623455,
    1.338570687918));
#1223 = CARTESIAN_POINT('',(32.653609280931,-17.20312478014,
    1.232473232685));
#1224 = CARTESIAN_POINT('',(32.518314055194,-17.17381853669,
    1.106477982714));
#1225 = CARTESIAN_POINT('',(32.401383633547,-17.14573973217,
    0.963148865342));
#1226 = CARTESIAN_POINT('',(32.305358090302,-17.12113909724,
    0.80542381608));
#1227 = CARTESIAN_POINT('',(32.188967764568,-17.09016643144,
    0.537214118034));
#1228 = CARTESIAN_POINT('',(32.153725834347,-17.08045439994,
    0.43373851669));
#1229 = CARTESIAN_POINT('',(32.126957232223,-17.07289806008,
    0.327336472296));
#1230 = CARTESIAN_POINT('',(32.108984242799,-17.06776471561,
    0.218912341683));
#1231 = CARTESIAN_POINT('',(32.1,-17.06519877675,0.109448277901));
#1232 = CARTESIAN_POINT('',(32.1,-17.06519877675,-5.661925226998E-15));
#1233 = PCURVE('',#75,#1234);
#1234 = DEFINITIONAL_REPRESENTATION('',(#1235),#1253);
#1235 = B_SPLINE_CURVE_WITH_KNOTS('',6,(#1236,#1237,#1238,#1239,#1240,
    #1241,#1242,#1243,#1244,#1245,#1246,#1247,#1248,#1249,#1250,#1251,
    #1252),.UNSPECIFIED.,.F.,.F.,(7,5,5,7),(0.,0.300885375338,
    0.740062128653,1.),.UNSPECIFIED.);
#1236 = CARTESIAN_POINT('',(0.244863851815,1.));
#1237 = CARTESIAN_POINT('',(0.244730933598,0.996099162364));
#1238 = CARTESIAN_POINT('',(0.242692505689,0.992202658172));
#1239 = CARTESIAN_POINT('',(0.238763246279,0.988362106057));
#1240 = CARTESIAN_POINT('',(0.233022763953,0.984623234772));
#1241 = CARTESIAN_POINT('',(0.225583154478,0.981026184363));
#1242 = CARTESIAN_POINT('',(0.203432537063,0.972614463727));
#1243 = CARTESIAN_POINT('',(0.186951787873,0.968000283821));
#1244 = CARTESIAN_POINT('',(0.167521232365,0.963862815144));
#1245 = CARTESIAN_POINT('',(0.14558051558,0.960286961271));
#1246 = CARTESIAN_POINT('',(0.121585941227,0.957350400315));
#1247 = CARTESIAN_POINT('',(8.096174731511E-02,0.953791063137));
#1248 = CARTESIAN_POINT('',(6.532562937825E-02,0.952713328267));
#1249 = CARTESIAN_POINT('',(4.927850870101E-02,0.951894716582));
#1250 = CARTESIAN_POINT('',(3.294869663088E-02,0.951345083878));
#1251 = CARTESIAN_POINT('',(1.64731597504E-02,0.951070336391));
#1252 = CARTESIAN_POINT('',(0.,0.951070336391));
#1253 = ( GEOMETRIC_REPRESENTATION_CONTEXT(2) 
PARAMETRIC_REPRESENTATION_CONTEXT() REPRESENTATION_CONTEXT('2D SPACE',''
  ) );
#1254 = PCURVE('',#319,#1255);
#1255 = DEFINITIONAL_REPRESENTATION('',(#1256),#1274);
#1256 = B_SPLINE_CURVE_WITH_KNOTS('',6,(#1257,#1258,#1259,#1260,#1261,
    #1262,#1263,#1264,#1265,#1266,#1267,#1268,#1269,#1270,#1271,#1272,
    #1273),.UNSPECIFIED.,.F.,.F.,(7,5,5,7),(0.,0.300885375338,
    0.740062128653,1.),.UNSPECIFIED.);
#1257 = CARTESIAN_POINT('',(6.28318530718,19.874771937609));
#1258 = CARTESIAN_POINT('',(6.203461937987,19.879232243295));
#1259 = CARTESIAN_POINT('',(6.123827291047,19.886866032026));
#1260 = CARTESIAN_POINT('',(6.044423124942,19.897595364322));
#1261 = CARTESIAN_POINT('',(5.965286276665,19.911053157941));
#1262 = CARTESIAN_POINT('',(5.886421142994,19.926665178805));
#1263 = CARTESIAN_POINT('',(5.693067768121,19.968733765444));
#1264 = CARTESIAN_POINT('',(5.578873656637,19.996875219856));
#1265 = CARTESIAN_POINT('',(5.464927057635,20.026181463305));
#1266 = CARTESIAN_POINT('',(5.350931331761,20.054260267825));
#1267 = CARTESIAN_POINT('',(5.236610048128,20.078860902751));
#1268 = CARTESIAN_POINT('',(5.053875663054,20.109833568552));
#1269 = CARTESIAN_POINT('',(4.985780430204,20.11954560006));
#1270 = CARTESIAN_POINT('',(4.917550651353,20.127101939917));
#1271 = CARTESIAN_POINT('',(4.849209139413,20.132235284384));
#1272 = CARTESIAN_POINT('',(4.780794154073,20.134801223242));
#1273 = CARTESIAN_POINT('',(4.712388980385,20.134801223242));
#1274 = ( GEOMETRIC_REPRESENTATION_CONTEXT(2) 
PARAMETRIC_REPRESENTATION_CONTEXT() REPRESENTATION_CONTEXT('2D SPACE',''
  ) );
#1275 = ORIENTED_EDGE('',*,*,#247,.F.);
#1276 = ORIENTED_EDGE('',*,*,#1277,.F.);
#1277 = EDGE_CURVE('',#1278,#181,#1280,.T.);
#1278 = VERTEX_POINT('',#1279);
#1279 = CARTESIAN_POINT('',(1.,-16.18416422326,1.6));
#1280 = SURFACE_CURVE('',#1281,(#1298,#1318),.PCURVE_S1.);
#1281 = B_SPLINE_CURVE_WITH_KNOTS('',8,(#1282,#1283,#1284,#1285,#1286,
    #1287,#1288,#1289,#1290,#1291,#1292,#1293,#1294,#1295,#1296,#1297),
  .UNSPECIFIED.,.F.,.F.,(9,7,9),(0.,0.296548032137,1.),.UNSPECIFIED.);
#1282 = CARTESIAN_POINT('',(1.,-16.1841642169,1.6));
#1283 = CARTESIAN_POINT('',(1.093606834256,-16.18742453194,1.6));
#1284 = CARTESIAN_POINT('',(1.187302441065,-16.18923023694,
    1.593741211861));
#1285 = CARTESIAN_POINT('',(1.28052931036,-16.1895551612,1.58120309276)
  );
#1286 = CARTESIAN_POINT('',(1.372750362916,-16.18842436308,
    1.562436006875));
#1287 = CARTESIAN_POINT('',(1.463450007329,-16.18591108387,
    1.537549557734));
#1288 = CARTESIAN_POINT('',(1.552135414599,-16.18213130217,
    1.506705099505));
#1289 = CARTESIAN_POINT('',(1.638338010316,-16.1772358889,1.47011242721)
  );
#1290 = CARTESIAN_POINT('',(1.919159884389,-16.15755770738,
    1.328206979283));
#1291 = CARTESIAN_POINT('',(2.100420008762,-16.13841294338,
    1.197406191863));
#1292 = CARTESIAN_POINT('',(2.25969751546,-16.11627548464,1.03885980485)
  );
#1293 = CARTESIAN_POINT('',(2.392562668251,-16.09418879847,
    0.856827341047));
#1294 = CARTESIAN_POINT('',(2.495298658556,-16.07515890596,
    0.656080918404));
#1295 = CARTESIAN_POINT('',(2.565108052608,-16.06158479895,
    0.442085998419));
#1296 = CARTESIAN_POINT('',(2.6,-16.05480122324,0.221015934121));
#1297 = CARTESIAN_POINT('',(2.6,-16.05480122324,-2.331680550303E-15));
#1298 = PCURVE('',#75,#1299);
#1299 = DEFINITIONAL_REPRESENTATION('',(#1300),#1317);
#1300 = B_SPLINE_CURVE_WITH_KNOTS('',8,(#1301,#1302,#1303,#1304,#1305,
    #1306,#1307,#1308,#1309,#1310,#1311,#1312,#1313,#1314,#1315,#1316),
  .UNSPECIFIED.,.F.,.F.,(9,7,9),(0.,0.296548032137,1.),.UNSPECIFIED.);
#1301 = CARTESIAN_POINT('',(0.214985570246,0.));
#1302 = CARTESIAN_POINT('',(0.215060579412,2.862594319747E-03));
#1303 = CARTESIAN_POINT('',(0.214281554208,5.727903396481E-03));
#1304 = CARTESIAN_POINT('',(0.212644002604,8.578877992666E-03));
#1305 = CARTESIAN_POINT('',(0.210154036215,1.139909366716E-02));
#1306 = CARTESIAN_POINT('',(0.206826827918,1.417278309875E-02));
#1307 = CARTESIAN_POINT('',(0.202685488565,1.688487506418E-02));
#1308 = CARTESIAN_POINT('',(0.197760362781,1.952104007082E-02));
#1309 = CARTESIAN_POINT('',(0.178634898111,2.810886496602E-02));
#1310 = CARTESIAN_POINT('',(0.160968439762,3.365198803554E-02));
#1311 = CARTESIAN_POINT('',(0.139556600867,3.852285979998E-02));
#1312 = CARTESIAN_POINT('',(0.115016101663,4.258601431962E-02));
#1313 = CARTESIAN_POINT('',(8.801854669366E-02,4.572778772341E-02));
#1314 = CARTESIAN_POINT('',(5.929293847168E-02,4.786263157824E-02));
#1315 = CARTESIAN_POINT('',(2.964284092432E-02,4.892966360856E-02));
#1316 = CARTESIAN_POINT('',(0.,4.892966360856E-02));
#1317 = ( GEOMETRIC_REPRESENTATION_CONTEXT(2) 
PARAMETRIC_REPRESENTATION_CONTEXT() REPRESENTATION_CONTEXT('2D SPACE',''
  ) );
#1318 = PCURVE('',#222,#1319);
#1319 = DEFINITIONAL_REPRESENTATION('',(#1320),#1337);
#1320 = B_SPLINE_CURVE_WITH_KNOTS('',8,(#1321,#1322,#1323,#1324,#1325,
    #1326,#1327,#1328,#1329,#1330,#1331,#1332,#1333,#1334,#1335,#1336),
  .UNSPECIFIED.,.F.,.F.,(9,7,9),(0.,0.296548032137,1.),.UNSPECIFIED.);
#1321 = CARTESIAN_POINT('',(0.,22.815835783094));
#1322 = CARTESIAN_POINT('',(5.850427140983E-02,22.812575468055));
#1323 = CARTESIAN_POINT('',(0.11706395694,22.810769763056));
#1324 = CARTESIAN_POINT('',(0.175636073945,22.810444838798));
#1325 = CARTESIAN_POINT('',(0.234191932436,22.811575636913));
#1326 = CARTESIAN_POINT('',(0.29271160896,22.814088916124));
#1327 = CARTESIAN_POINT('',(0.351179360181,22.817868697828));
#1328 = CARTESIAN_POINT('',(0.409579976191,22.822764111093));
#1329 = CARTESIAN_POINT('',(0.60622972939,22.842442292614));
#1330 = CARTESIAN_POINT('',(0.744210555172,22.861587056617));
#1331 = CARTESIAN_POINT('',(0.881789047239,22.883724515354));
#1332 = CARTESIAN_POINT('',(1.019216530817,22.905811201527));
#1333 = CARTESIAN_POINT('',(1.156725336357,22.924841094039));
#1334 = CARTESIAN_POINT('',(1.294493360418,22.938415201041));
#1335 = CARTESIAN_POINT('',(1.432661367969,22.945198776759));
#1336 = CARTESIAN_POINT('',(1.570796326795,22.945198776758));
#1337 = ( GEOMETRIC_REPRESENTATION_CONTEXT(2) 
PARAMETRIC_REPRESENTATION_CONTEXT() REPRESENTATION_CONTEXT('2D SPACE',''
  ) );
#1338 = ORIENTED_EDGE('',*,*,#1339,.T.);
#1339 = EDGE_CURVE('',#1278,#1340,#1342,.T.);
#1340 = VERTEX_POINT('',#1341);
#1341 = CARTESIAN_POINT('',(1.,-16.5,2.609889545077));
#1342 = SURFACE_CURVE('',#1343,(#1348,#1355),.PCURVE_S1.);
#1343 = ELLIPSE('',#1344,8.,7.5);
#1344 = AXIS2_PLACEMENT_3D('',#1345,#1346,#1347);
#1345 = CARTESIAN_POINT('',(1.,-24.,0.));
#1346 = DIRECTION('',(1.,0.,0.));
#1347 = DIRECTION('',(0.,1.,0.));
#1348 = PCURVE('',#75,#1349);
#1349 = DEFINITIONAL_REPRESENTATION('',(#1350),#1354);
#1350 = LINE('',#1351,#1352);
#1351 = CARTESIAN_POINT('',(0.,0.));
#1352 = VECTOR('',#1353,1.);
#1353 = DIRECTION('',(1.,0.));
#1354 = ( GEOMETRIC_REPRESENTATION_CONTEXT(2) 
PARAMETRIC_REPRESENTATION_CONTEXT() REPRESENTATION_CONTEXT('2D SPACE',''
  ) );
#1355 = PCURVE('',#1356,#1361);
#1356 = PLANE('',#1357);
#1357 = AXIS2_PLACEMENT_3D('',#1358,#1359,#1360);
#1358 = CARTESIAN_POINT('',(1.,-24.,0.));
#1359 = DIRECTION('',(1.,0.,0.));
#1360 = DIRECTION('',(0.,1.,0.));
#1361 = DEFINITIONAL_REPRESENTATION('',(#1362),#1366);
#1362 = ELLIPSE('',#1363,8.,7.5);
#1363 = AXIS2_PLACEMENT_2D('',#1364,#1365);
#1364 = CARTESIAN_POINT('',(0.,0.));
#1365 = DIRECTION('',(1.,0.));
#1366 = ( GEOMETRIC_REPRESENTATION_CONTEXT(2) 
PARAMETRIC_REPRESENTATION_CONTEXT() REPRESENTATION_CONTEXT('2D SPACE',''
  ) );
#1367 = ORIENTED_EDGE('',*,*,#1368,.T.);
#1368 = EDGE_CURVE('',#1340,#1369,#1371,.T.);
#1369 = VERTEX_POINT('',#1370);
#1370 = CARTESIAN_POINT('',(8.800778368988,-16.5,1.774220064683));
#1371 = SURFACE_CURVE('',#1372,(#1389,#1409),.PCURVE_S1.);
#1372 = B_SPLINE_CURVE_WITH_KNOTS('',8,(#1373,#1374,#1375,#1376,#1377,
    #1378,#1379,#1380,#1381,#1382,#1383,#1384,#1385,#1386,#1387,#1388),
  .UNSPECIFIED.,.F.,.F.,(9,7,9),(0.,0.878388307052,1.),.UNSPECIFIED.);
#1373 = CARTESIAN_POINT('',(1.,-16.5,2.60988954741));
#1374 = CARTESIAN_POINT('',(1.879961430167,-16.5,2.530096388286));
#1375 = CARTESIAN_POINT('',(2.759664382517,-16.5,2.447701199587));
#1376 = CARTESIAN_POINT('',(3.639090524018,-16.5,2.362387353686));
#1377 = CARTESIAN_POINT('',(4.518197121713,-16.5,2.273756213299));
#1378 = CARTESIAN_POINT('',(5.396916874636,-16.5,2.181322544934));
#1379 = CARTESIAN_POINT('',(6.275144937898,-16.5,2.084401438376));
#1380 = CARTESIAN_POINT('',(7.152739864169,-16.5,1.982113131229));
#1381 = CARTESIAN_POINT('',(8.1508475977,-16.5,1.857735983433));
#1382 = CARTESIAN_POINT('',(8.272212215024,-16.5,1.842476791672));
#1383 = CARTESIAN_POINT('',(8.393559183256,-16.5,1.827079966149));
#1384 = CARTESIAN_POINT('',(8.514887736396,-16.5,1.811541015209));
#1385 = CARTESIAN_POINT('',(8.636197037644,-16.5,1.79585511305));
#1386 = CARTESIAN_POINT('',(8.757486179397,-16.5,1.780017099721));
#1387 = CARTESIAN_POINT('',(8.878754183251,-16.5,1.764021481125));
#1388 = CARTESIAN_POINT('',(9.,-16.5,1.74786242902));
#1389 = PCURVE('',#75,#1390);
#1390 = DEFINITIONAL_REPRESENTATION('',(#1391),#1408);
#1391 = B_SPLINE_CURVE_WITH_KNOTS('',8,(#1392,#1393,#1394,#1395,#1396,
    #1397,#1398,#1399,#1400,#1401,#1402,#1403,#1404,#1405,#1406,#1407),
  .UNSPECIFIED.,.F.,.F.,(9,7,9),(0.,0.878388307052,1.),.UNSPECIFIED.);
#1392 = CARTESIAN_POINT('',(0.355421201564,0.));
#1393 = CARTESIAN_POINT('',(0.345271475294,2.691013547913E-02));
#1394 = CARTESIAN_POINT('',(0.334720115743,5.381236643787E-02));
#1395 = CARTESIAN_POINT('',(0.32372081059,8.070613223285E-02));
#1396 = CARTESIAN_POINT('',(0.31221542957,0.107590126046));
#1397 = CARTESIAN_POINT('',(0.300133334177,0.134462289744));
#1398 = CARTESIAN_POINT('',(0.287375300028,0.161319417061));
#1399 = CARTESIAN_POINT('',(0.273814105241,0.18815718239));
#1400 = CARTESIAN_POINT('',(0.257200018665,0.21868035467));
#1401 = CARTESIAN_POINT('',(0.255159760646,0.222391810857));
#1402 = CARTESIAN_POINT('',(0.253099114343,0.226102727317));
#1403 = CARTESIAN_POINT('',(0.251017434705,0.229813080624));
#1404 = CARTESIAN_POINT('',(0.248914029086,0.233522845188));
#1405 = CARTESIAN_POINT('',(0.246788157251,0.237231993254));
#1406 = CARTESIAN_POINT('',(0.244639031369,0.240940494901));
#1407 = CARTESIAN_POINT('',(0.24246581602,0.244648318043));
#1408 = ( GEOMETRIC_REPRESENTATION_CONTEXT(2) 
PARAMETRIC_REPRESENTATION_CONTEXT() REPRESENTATION_CONTEXT('2D SPACE',''
  ) );
#1409 = PCURVE('',#126,#1410);
#1410 = DEFINITIONAL_REPRESENTATION('',(#1411),#1428);
#1411 = B_SPLINE_CURVE_WITH_KNOTS('',8,(#1412,#1413,#1414,#1415,#1416,
    #1417,#1418,#1419,#1420,#1421,#1422,#1423,#1424,#1425,#1426,#1427),
  .UNSPECIFIED.,.F.,.F.,(9,7,9),(0.,0.878388307052,1.),.UNSPECIFIED.);
#1412 = CARTESIAN_POINT('',(2.60988954741,0.));
#1413 = CARTESIAN_POINT('',(2.530096388286,0.879961430167));
#1414 = CARTESIAN_POINT('',(2.447701199587,1.759664382517));
#1415 = CARTESIAN_POINT('',(2.362387353686,2.639090524018));
#1416 = CARTESIAN_POINT('',(2.273756213299,3.518197121713));
#1417 = CARTESIAN_POINT('',(2.181322544934,4.396916874636));
#1418 = CARTESIAN_POINT('',(2.084401438376,5.275144937898));
#1419 = CARTESIAN_POINT('',(1.982113131229,6.152739864169));
#1420 = CARTESIAN_POINT('',(1.857735983433,7.1508475977));
#1421 = CARTESIAN_POINT('',(1.842476791672,7.272212215024));
#1422 = CARTESIAN_POINT('',(1.827079966149,7.393559183256));
#1423 = CARTESIAN_POINT('',(1.811541015209,7.514887736396));
#1424 = CARTESIAN_POINT('',(1.79585511305,7.636197037644));
#1425 = CARTESIAN_POINT('',(1.780017099721,7.757486179397));
#1426 = CARTESIAN_POINT('',(1.764021481125,7.878754183251));
#1427 = CARTESIAN_POINT('',(1.74786242902,8.));
#1428 = ( GEOMETRIC_REPRESENTATION_CONTEXT(2) 
PARAMETRIC_REPRESENTATION_CONTEXT() REPRESENTATION_CONTEXT('2D SPACE',''
  ) );
#1429 = ORIENTED_EDGE('',*,*,#1430,.F.);
#1430 = EDGE_CURVE('',#1431,#1369,#1433,.T.);
#1431 = VERTEX_POINT('',#1432);
#1432 = CARTESIAN_POINT('',(8.800778376629,-31.5,1.774220031088));
#1433 = SURFACE_CURVE('',#1434,(#1507,#1583),.PCURVE_S1.);
#1434 = B_SPLINE_CURVE_WITH_KNOTS('',8,(#1435,#1436,#1437,#1438,#1439,
    #1440,#1441,#1442,#1443,#1444,#1445,#1446,#1447,#1448,#1449,#1450,
    #1451,#1452,#1453,#1454,#1455,#1456,#1457,#1458,#1459,#1460,#1461,
    #1462,#1463,#1464,#1465,#1466,#1467,#1468,#1469,#1470,#1471,#1472,
    #1473,#1474,#1475,#1476,#1477,#1478,#1479,#1480,#1481,#1482,#1483,
    #1484,#1485,#1486,#1487,#1488,#1489,#1490,#1491,#1492,#1493,#1494,
    #1495,#1496,#1497,#1498,#1499,#1500,#1501,#1502,#1503,#1504,#1505,
    #1506),.UNSPECIFIED.,.F.,.F.,(9,7,7,7,7,7,7,7,7,7,9),(0.,
    8.192521654771E-02,0.142261364354,0.295159434558,0.425427679645,
    0.500302119055,0.574675974546,0.704924338871,0.857818013101,
    0.918152387538,1.),.UNSPECIFIED.);
#1435 = CARTESIAN_POINT('',(8.800778904425,-31.5000006,1.774217710509));
#1436 = CARTESIAN_POINT('',(8.742671535792,-31.43394388705,
    2.029700863867));
#1437 = CARTESIAN_POINT('',(8.67607647692,-31.35814190933,2.278282514468
    ));
#1438 = CARTESIAN_POINT('',(8.601798576298,-31.27345710873,
    2.519288595367));
#1439 = CARTESIAN_POINT('',(8.520672297372,-31.18077888219,
    2.752321777877));
#1440 = CARTESIAN_POINT('',(8.433500790963,-31.08095740804,
    2.977190578675));
#1441 = CARTESIAN_POINT('',(8.341020750255,-30.97476539801,
    3.193867197054));
#1442 = CARTESIAN_POINT('',(8.243880916103,-30.86287328223,3.40245993153
    ));
#1443 = CARTESIAN_POINT('',(8.068047175517,-30.6596185823,3.751016445902
    ));
#1444 = CARTESIAN_POINT('',(7.991247158105,-30.57062672722,
    3.894562213761));
#1445 = CARTESIAN_POINT('',(7.912443180475,-30.47907019796,
    4.033903626852));
#1446 = CARTESIAN_POINT('',(7.831839379684,-30.38515114745,
    4.169127213264));
#1447 = CARTESIAN_POINT('',(7.749623041366,-30.28905106025,
    4.300325143047));
#1448 = CARTESIAN_POINT('',(7.665964743567,-30.19093036018,
    4.427594640348));
#1449 = CARTESIAN_POINT('',(7.581018500576,-30.09092801809,
    4.551037395551));
#1450 = CARTESIAN_POINT('',(7.276744188685,-29.73127336155,4.97414591036
    ));
#1451 = CARTESIAN_POINT('',(7.051334960545,-29.4622386835,5.253420422304
    ));
#1452 = CARTESIAN_POINT('',(6.8208179052,-29.18382603198,5.510538763683)
  );
#1453 = CARTESIAN_POINT('',(6.587043799904,-28.89737585757,
    5.746916118145));
#1454 = CARTESIAN_POINT('',(6.35175320893,-28.60388462673,5.963742575815
    ));
#1455 = CARTESIAN_POINT('',(6.116639292317,-28.30401925622,
    6.162069569336));
#1456 = CARTESIAN_POINT('',(5.883477580625,-27.99805591138,
    6.342784469087));
#1457 = CARTESIAN_POINT('',(5.459393140682,-27.41964420355,
    6.646153251651));
#1458 = CARTESIAN_POINT('',(5.267610612724,-27.14932545898,
    6.773237930088));
#1459 = CARTESIAN_POINT('',(5.080384651513,-26.87447875496,
    6.888425991784));
#1460 = CARTESIAN_POINT('',(4.899436402668,-26.59486082908,
    6.991961852222));
#1461 = CARTESIAN_POINT('',(4.727179694594,-26.31024880367,
    7.083868537893));
#1462 = CARTESIAN_POINT('',(4.56678217734,-26.02042613453,7.164009457054
    ));
#1463 = CARTESIAN_POINT('',(4.422758180566,-25.7250024464,7.232065113058
    ));
#1464 = CARTESIAN_POINT('',(4.230087708886,-25.25028543463,
    7.319323255059));
#1465 = CARTESIAN_POINT('',(4.166944217493,-25.07507423272,7.34698539319
    ));
#1466 = CARTESIAN_POINT('',(4.112052173957,-24.89801096274,
    7.370327243966));
#1467 = CARTESIAN_POINT('',(4.066541963222,-24.71926486784,
    7.389200509895));
#1468 = CARTESIAN_POINT('',(4.031547107029,-24.53908738849,
    7.403456819679));
#1469 = CARTESIAN_POINT('',(4.007997649625,-24.35783344403,
    7.412968074026));
#1470 = CARTESIAN_POINT('',(3.996398950492,-24.17598663935,
    7.417654174978));
#1471 = CARTESIAN_POINT('',(3.997065522289,-23.81358392999,
    7.417384874971));
#1472 = CARTESIAN_POINT('',(4.00917185732,-23.63298024651,7.412493687891
    ));
#1473 = CARTESIAN_POINT('',(4.033050072669,-23.45298122304,
    7.402844652581));
#1474 = CARTESIAN_POINT('',(4.068190319523,-23.27405794364,
    7.388518025858));
#1475 = CARTESIAN_POINT('',(4.113674772954,-23.09655576531,
    7.369640170518));
#1476 = CARTESIAN_POINT('',(4.168391778422,-22.92071869458,
    7.346356654334));
#1477 = CARTESIAN_POINT('',(4.231234427591,-22.74670990339,
    7.318812471169));
#1478 = CARTESIAN_POINT('',(4.42360017023,-22.27323961296,7.23166868482)
  );
#1479 = CARTESIAN_POINT('',(4.567691886154,-21.97788721424,7.16355969291
    ));
#1480 = CARTESIAN_POINT('',(4.728131548078,-21.68813284084,
    7.083370647038));
#1481 = CARTESIAN_POINT('',(4.900412122793,-21.40358609131,
    6.991419932153));
#1482 = CARTESIAN_POINT('',(5.081370774868,-21.12403044052,
    6.887843315938));
#1483 = CARTESIAN_POINT('',(5.268597202312,-20.84924341128,
    6.772617069221));
#1484 = CARTESIAN_POINT('',(5.460372369404,-20.57898247323,
    6.645496403339));
#1485 = CARTESIAN_POINT('',(5.884454513196,-20.000656144,6.342034154399)
  );
#1486 = CARTESIAN_POINT('',(6.117620229272,-19.69472097179,
    6.161258228377));
#1487 = CARTESIAN_POINT('',(6.352732100704,-19.39488434498,
    5.962868307154));
#1488 = CARTESIAN_POINT('',(6.588015399684,-19.10142309773,
    5.745976446794));
#1489 = CARTESIAN_POINT('',(6.82177718797,-18.81500494495,5.509530689392
    ));
#1490 = CARTESIAN_POINT('',(7.052276703688,-18.53662732365,
    5.252340500331));
#1491 = CARTESIAN_POINT('',(7.277662586597,-18.26763185434,
    4.972990338973));
#1492 = CARTESIAN_POINT('',(7.581894823412,-17.90803984363,
    4.549770531097));
#1493 = CARTESIAN_POINT('',(7.666828054831,-17.80805616661,4.42629571826
    ));
#1494 = CARTESIAN_POINT('',(7.750472212201,-17.70995511729,
    4.298993530843));
#1495 = CARTESIAN_POINT('',(7.832673202412,-17.61387577505,
    4.167762282828));
#1496 = CARTESIAN_POINT('',(7.91326035439,-17.5199786853,4.032504773814)
  );
#1497 = CARTESIAN_POINT('',(7.992046277612,-17.42844546507,
    3.893128880883));
#1498 = CARTESIAN_POINT('',(8.068826720614,-17.33947840854,
    3.749548150448));
#1499 = CARTESIAN_POINT('',(8.24451751977,-17.13639344575,3.401092600957
    ));
#1500 = CARTESIAN_POINT('',(8.34154019694,-17.02463814349,3.192649868547
    ));
#1501 = CARTESIAN_POINT('',(8.433908770022,-16.91857541074,
    2.976137918381));
#1502 = CARTESIAN_POINT('',(8.520976031386,-16.81887413176,
    2.751449157939));
#1503 = CARTESIAN_POINT('',(8.602007167534,-16.72630506969,
    2.518611726815));
#1504 = CARTESIAN_POINT('',(8.676201192192,-16.64171612598,2.2778169873)
  );
#1505 = CARTESIAN_POINT('',(8.742725969704,-16.56599422381,
    2.029461526874));
#1506 = CARTESIAN_POINT('',(8.800778896784,-16.4999994,1.774217744104));
#1507 = PCURVE('',#75,#1508);
#1508 = DEFINITIONAL_REPRESENTATION('',(#1509),#1582);
#1509 = B_SPLINE_CURVE_WITH_KNOTS('',8,(#1510,#1511,#1512,#1513,#1514,
    #1515,#1516,#1517,#1518,#1519,#1520,#1521,#1522,#1523,#1524,#1525,
    #1526,#1527,#1528,#1529,#1530,#1531,#1532,#1533,#1534,#1535,#1536,
    #1537,#1538,#1539,#1540,#1541,#1542,#1543,#1544,#1545,#1546,#1547,
    #1548,#1549,#1550,#1551,#1552,#1553,#1554,#1555,#1556,#1557,#1558,
    #1559,#1560,#1561,#1562,#1563,#1564,#1565,#1566,#1567,#1568,#1569,
    #1570,#1571,#1572,#1573,#1574,#1575,#1576,#1577,#1578,#1579,#1580,
    #1581),.UNSPECIFIED.,.F.,.F.,(9,7,7,7,7,7,7,7,7,7,9),(0.,
    8.192521654771E-02,0.142261364354,0.295159434558,0.425427679645,
    0.500302119055,0.574675974546,0.704924338871,0.857818013101,
    0.918152387538,1.),.UNSPECIFIED.);
#1510 = CARTESIAN_POINT('',(2.89558481996,0.238555929799));
#1511 = CARTESIAN_POINT('',(2.859483031026,0.236778946049));
#1512 = CARTESIAN_POINT('',(2.824010124601,0.234742399906));
#1513 = CARTESIAN_POINT('',(2.789215571561,0.232470904474));
#1514 = CARTESIAN_POINT('',(2.755122356492,0.229989978513));
#1515 = CARTESIAN_POINT('',(2.721735537889,0.22732418321));
#1516 = CARTESIAN_POINT('',(2.689045570195,0.224496047408));
#1517 = CARTESIAN_POINT('',(2.657028908164,0.221525410278));
#1518 = CARTESIAN_POINT('',(2.602537359586,0.216148231667));
#1519 = CARTESIAN_POINT('',(2.579774144777,0.213799607281));
#1520 = CARTESIAN_POINT('',(2.557345072759,0.211389699709));
#1521 = CARTESIAN_POINT('',(2.53523658722,0.208924751672));
#1522 = CARTESIAN_POINT('',(2.513435028223,0.206410490562));
#1523 = CARTESIAN_POINT('',(2.491926388107,0.203852132831));
#1524 = CARTESIAN_POINT('',(2.470696067384,0.201254388397));
#1525 = CARTESIAN_POINT('',(2.39659496645,0.191949363568));
#1526 = CARTESIAN_POINT('',(2.345187367952,0.185056115001));
#1527 = CARTESIAN_POINT('',(2.295218504275,0.178006663768));
#1528 = CARTESIAN_POINT('',(2.246480904185,0.17085760856));
#1529 = CARTESIAN_POINT('',(2.198792267524,0.163662177643));
#1530 = CARTESIAN_POINT('',(2.151975610047,0.156472149612));
#1531 = CARTESIAN_POINT('',(2.105846942028,0.149341822037));
#1532 = CARTESIAN_POINT('',(2.021277928512,0.13637287892));
#1533 = CARTESIAN_POINT('',(1.982766910282,0.130507969808));
#1534 = CARTESIAN_POINT('',(1.944486453896,0.124782405245));
#1535 = CARTESIAN_POINT('',(1.906308053003,0.119248819653));
#1536 = CARTESIAN_POINT('',(1.868117324227,0.113981030416));
#1537 = CARTESIAN_POINT('',(1.829805632214,0.109075907564));
#1538 = CARTESIAN_POINT('',(1.791242544954,0.104671503993));
#1539 = CARTESIAN_POINT('',(1.729893808743,9.877944063871E-02));
#1540 = CARTESIAN_POINT('',(1.707378006684,9.684844701815E-02));
#1541 = CARTESIAN_POINT('',(1.684733236109,9.516979125249E-02));
#1542 = CARTESIAN_POINT('',(1.661963102355,9.377804168874E-02));
#1543 = CARTESIAN_POINT('',(1.639079746154,9.270786260028E-02));
#1544 = CARTESIAN_POINT('',(1.616106297602,9.198769570718E-02));
#1545 = CARTESIAN_POINT('',(1.593080571829,9.163299542789E-02));
#1546 = CARTESIAN_POINT('',(1.54719145905,9.165337988652E-02));
#1547 = CARTESIAN_POINT('',(1.52432202851,9.202360419938E-02));
#1548 = CARTESIAN_POINT('',(1.50150571927,9.275382485225E-02));
#1549 = CARTESIAN_POINT('',(1.478779275625,9.382845013832E-02));
#1550 = CARTESIAN_POINT('',(1.456165107065,9.521941201694E-02));
#1551 = CARTESIAN_POINT('',(1.43367484743,9.689271493645E-02));
#1552 = CARTESIAN_POINT('',(1.411311707684,9.881450848901E-02));
#1553 = CARTESIAN_POINT('',(1.350120873793,0.104697252912));
#1554 = CARTESIAN_POINT('',(1.31156465897,0.109103727405));
#1555 = CARTESIAN_POINT('',(1.273259231357,0.114010139085));
#1556 = CARTESIAN_POINT('',(1.235074192912,0.119278658189));
#1557 = CARTESIAN_POINT('',(1.196900926295,0.124812561923));
#1558 = CARTESIAN_POINT('',(1.158625101878,0.130538140743));
#1559 = CARTESIAN_POINT('',(1.120118302939,0.136402824752));
#1560 = CARTESIAN_POINT('',(1.035552249396,0.149371697651));
#1561 = CARTESIAN_POINT('',(0.989422017288,0.156502147684));
#1562 = CARTESIAN_POINT('',(0.942603251549,0.163692113171));
#1563 = CARTESIAN_POINT('',(0.894911955308,0.170887321091));
#1564 = CARTESIAN_POINT('',(0.846171128123,0.178035999632));
#1565 = CARTESIAN_POINT('',(0.796198451856,0.185084914486));
#1566 = CARTESIAN_POINT('',(0.744786430155,0.191977449131));
#1567 = CARTESIAN_POINT('',(0.670678244249,0.20128118726));
#1568 = CARTESIAN_POINT('',(0.649445829023,0.203878533787));
#1569 = CARTESIAN_POINT('',(0.627934993384,0.206436459089));
#1570 = CARTESIAN_POINT('',(0.606131137814,0.208950250838));
#1571 = CARTESIAN_POINT('',(0.584020256486,0.211414689737));
#1572 = CARTESIAN_POINT('',(0.561588693435,0.213824045187));
#1573 = CARTESIAN_POINT('',(0.538822898721,0.216172070967));
#1574 = CARTESIAN_POINT('',(0.484353886171,0.22154487828));
#1575 = CARTESIAN_POINT('',(0.45236343288,0.224511932628));
#1576 = CARTESIAN_POINT('',(0.419700829173,0.227336659634));
#1577 = CARTESIAN_POINT('',(0.386342632322,0.229999267015));
#1578 = CARTESIAN_POINT('',(0.352279359726,0.232477283411));
#1579 = CARTESIAN_POINT('',(0.317516094903,0.234746213829));
#1580 = CARTESIAN_POINT('',(0.282075799005,0.236780610694));
#1581 = CARTESIAN_POINT('',(0.246007834681,0.238555929565));
#1582 = ( GEOMETRIC_REPRESENTATION_CONTEXT(2) 
PARAMETRIC_REPRESENTATION_CONTEXT() REPRESENTATION_CONTEXT('2D SPACE',''
  ) );
#1583 = PCURVE('',#1584,#1589);
#1584 = CYLINDRICAL_SURFACE('',#1585,8.);
#1585 = AXIS2_PLACEMENT_3D('',#1586,#1587,#1588);
#1586 = CARTESIAN_POINT('',(1.,-31.5,0.));
#1587 = DIRECTION('',(0.,1.,0.));
#1588 = DIRECTION('',(0.,-0.,1.));
#1589 = DEFINITIONAL_REPRESENTATION('',(#1590),#1663);
#1590 = B_SPLINE_CURVE_WITH_KNOTS('',8,(#1591,#1592,#1593,#1594,#1595,
    #1596,#1597,#1598,#1599,#1600,#1601,#1602,#1603,#1604,#1605,#1606,
    #1607,#1608,#1609,#1610,#1611,#1612,#1613,#1614,#1615,#1616,#1617,
    #1618,#1619,#1620,#1621,#1622,#1623,#1624,#1625,#1626,#1627,#1628,
    #1629,#1630,#1631,#1632,#1633,#1634,#1635,#1636,#1637,#1638,#1639,
    #1640,#1641,#1642,#1643,#1644,#1645,#1646,#1647,#1648,#1649,#1650,
    #1651,#1652,#1653,#1654,#1655,#1656,#1657,#1658,#1659,#1660,#1661,
    #1662),.UNSPECIFIED.,.F.,.F.,(9,7,7,7,7,7,7,7,7,7,9),(0.,
    8.192521654771E-02,0.142261364354,0.295159434558,0.425427679645,
    0.500302119055,0.574675974546,0.704924338871,0.857818013101,
    0.918152387538,1.),.UNSPECIFIED.);
#1591 = CARTESIAN_POINT('',(7.630344938684,-6.E-07));
#1592 = CARTESIAN_POINT('',(7.597593958752,6.605611294493E-02));
#1593 = CARTESIAN_POINT('',(7.565448889639,0.141858090667));
#1594 = CARTESIAN_POINT('',(7.533960652175,0.226542891269));
#1595 = CARTESIAN_POINT('',(7.503155657395,0.319221117804));
#1596 = CARTESIAN_POINT('',(7.473043765286,0.419042591958));
#1597 = CARTESIAN_POINT('',(7.443621493304,0.525234601986));
#1598 = CARTESIAN_POINT('',(7.414872864737,0.637126717761));
#1599 = CARTESIAN_POINT('',(7.36607334693,0.840381417693));
#1600 = CARTESIAN_POINT('',(7.345729311759,0.929373272776));
#1601 = CARTESIAN_POINT('',(7.325728176664,1.020929802036));
#1602 = CARTESIAN_POINT('',(7.306060188054,1.114848852541));
#1603 = CARTESIAN_POINT('',(7.286715695191,1.210948939747));
#1604 = CARTESIAN_POINT('',(7.267685001917,1.309069639814));
#1605 = CARTESIAN_POINT('',(7.248958218366,1.409071981909));
#1606 = CARTESIAN_POINT('',(7.183813706872,1.768726638446));
#1607 = CARTESIAN_POINT('',(7.139021491928,2.037761316496));
#1608 = CARTESIAN_POINT('',(7.095949965332,2.316173968012));
#1609 = CARTESIAN_POINT('',(7.054487844471,2.602624142429));
#1610 = CARTESIAN_POINT('',(7.014572787073,2.896115373265));
#1611 = CARTESIAN_POINT('',(6.976179558797,3.195980743771));
#1612 = CARTESIAN_POINT('',(6.93933237386,3.501944088613));
#1613 = CARTESIAN_POINT('',(6.874154704367,4.080355796448));
#1614 = CARTESIAN_POINT('',(6.845414622791,4.350674541015));
#1615 = CARTESIAN_POINT('',(6.817961953664,4.625521245033));
#1616 = CARTESIAN_POINT('',(6.791926929691,4.905139170918));
#1617 = CARTESIAN_POINT('',(6.767540164046,5.189751196325));
#1618 = CARTESIAN_POINT('',(6.745136234164,5.479573865462));
#1619 = CARTESIAN_POINT('',(6.725227124594,5.774997553595));
#1620 = CARTESIAN_POINT('',(6.698788547783,6.249714565361));
#1621 = CARTESIAN_POINT('',(6.690172091216,6.424925767272));
#1622 = CARTESIAN_POINT('',(6.682716640542,6.601989037252));
#1623 = CARTESIAN_POINT('',(6.676558362516,6.780735132153));
#1624 = CARTESIAN_POINT('',(6.671834970354,6.960912611508));
#1625 = CARTESIAN_POINT('',(6.668660258422,7.142166555969));
#1626 = CARTESIAN_POINT('',(6.667096563507,7.324013360646));
#1627 = CARTESIAN_POINT('',(6.667186428028,7.686416070009));
#1628 = CARTESIAN_POINT('',(6.668818560258,7.867019753484));
#1629 = CARTESIAN_POINT('',(6.672037826309,8.04701877696));
#1630 = CARTESIAN_POINT('',(6.676781361149,8.225942056353));
#1631 = CARTESIAN_POINT('',(6.682936883248,8.403444234685));
#1632 = CARTESIAN_POINT('',(6.690369354464,8.579281305418));
#1633 = CARTESIAN_POINT('',(6.698945461488,8.753290096602));
#1634 = CARTESIAN_POINT('',(6.72534344272,9.226760387035));
#1635 = CARTESIAN_POINT('',(6.74526304676,9.522112785755));
#1636 = CARTESIAN_POINT('',(6.767674363061,9.811867159154));
#1637 = CARTESIAN_POINT('',(6.792066339581,10.096413908687));
#1638 = CARTESIAN_POINT('',(6.818105014301,10.375969559478));
#1639 = CARTESIAN_POINT('',(6.845560229662,10.650756588719));
#1640 = CARTESIAN_POINT('',(6.874302028013,10.921017526768));
#1641 = CARTESIAN_POINT('',(6.939486262257,11.499343855993));
#1642 = CARTESIAN_POINT('',(6.976338502922,11.805279028207));
#1643 = CARTESIAN_POINT('',(7.014736586421,12.105115655011));
#1644 = CARTESIAN_POINT('',(7.054656485675,12.398576902261));
#1645 = CARTESIAN_POINT('',(7.096123570729,12.684995055045));
#1646 = CARTESIAN_POINT('',(7.139200287537,12.963372676341));
#1647 = CARTESIAN_POINT('',(7.183998002297,13.232368145652));
#1648 = CARTESIAN_POINT('',(7.249150738677,13.59196015637));
#1649 = CARTESIAN_POINT('',(7.267879900176,13.691943833383));
#1650 = CARTESIAN_POINT('',(7.286913034774,13.790044882703));
#1651 = CARTESIAN_POINT('',(7.30626003474,13.886124224949));
#1652 = CARTESIAN_POINT('',(7.325930596583,13.980021314696));
#1653 = CARTESIAN_POINT('',(7.345934369123,14.071554534924));
#1654 = CARTESIAN_POINT('',(7.36628110156,14.160521591455));
#1655 = CARTESIAN_POINT('',(7.415061304845,14.363606554247));
#1656 = CARTESIAN_POINT('',(7.443786787059,14.47536185651));
#1657 = CARTESIAN_POINT('',(7.473184721693,14.581424589251));
#1658 = CARTESIAN_POINT('',(7.503271008298,14.681125868235));
#1659 = CARTESIAN_POINT('',(7.534049086743,14.773694930308));
#1660 = CARTESIAN_POINT('',(7.565509088779,14.858283874019));
#1661 = CARTESIAN_POINT('',(7.597624639885,14.934005776182));
#1662 = CARTESIAN_POINT('',(7.630344934377,15.0000006));
#1663 = ( GEOMETRIC_REPRESENTATION_CONTEXT(2) 
PARAMETRIC_REPRESENTATION_CONTEXT() REPRESENTATION_CONTEXT('2D SPACE',''
  ) );
#1664 = ORIENTED_EDGE('',*,*,#1665,.F.);
#1665 = EDGE_CURVE('',#1666,#1431,#1668,.T.);
#1666 = VERTEX_POINT('',#1667);
#1667 = CARTESIAN_POINT('',(1.,-31.5,2.609889545077));
#1668 = SURFACE_CURVE('',#1669,(#1686,#1706),.PCURVE_S1.);
#1669 = B_SPLINE_CURVE_WITH_KNOTS('',8,(#1670,#1671,#1672,#1673,#1674,
    #1675,#1676,#1677,#1678,#1679,#1680,#1681,#1682,#1683,#1684,#1685),
  .UNSPECIFIED.,.F.,.F.,(9,7,9),(0.,0.878388307039,1.),.UNSPECIFIED.);
#1670 = CARTESIAN_POINT('',(1.,-31.5,2.609889535411));
#1671 = CARTESIAN_POINT('',(1.879961430226,-31.5,2.530096374309));
#1672 = CARTESIAN_POINT('',(2.759664382624,-31.5,2.447701183522));
#1673 = CARTESIAN_POINT('',(3.639090524139,-31.5,2.362387335429));
#1674 = CARTESIAN_POINT('',(4.518197121863,-31.5,2.273756192738));
#1675 = CARTESIAN_POINT('',(5.396916874751,-31.5,2.181322521985));
#1676 = CARTESIAN_POINT('',(6.275144937995,-31.5,2.084401412955));
#1677 = CARTESIAN_POINT('',(7.152739864205,-31.5,1.982113103297));
#1678 = CARTESIAN_POINT('',(8.15084759767,-31.5,1.857735952676));
#1679 = CARTESIAN_POINT('',(8.272212214999,-31.5,1.84247676057));
#1680 = CARTESIAN_POINT('',(8.393559183236,-31.5,1.827079934703));
#1681 = CARTESIAN_POINT('',(8.514887736381,-31.5,1.81154098342));
#1682 = CARTESIAN_POINT('',(8.636197037633,-31.5,1.795855080919));
#1683 = CARTESIAN_POINT('',(8.757486179389,-31.5,1.78001706725));
#1684 = CARTESIAN_POINT('',(8.878754183247,-31.5,1.764021448316));
#1685 = CARTESIAN_POINT('',(9.,-31.5,1.747862395874));
#1686 = PCURVE('',#75,#1687);
#1687 = DEFINITIONAL_REPRESENTATION('',(#1688),#1705);
#1688 = B_SPLINE_CURVE_WITH_KNOTS('',8,(#1689,#1690,#1691,#1692,#1693,
    #1694,#1695,#1696,#1697,#1698,#1699,#1700,#1701,#1702,#1703,#1704),
  .UNSPECIFIED.,.F.,.F.,(9,7,9),(0.,0.878388307039,1.),.UNSPECIFIED.);
#1689 = CARTESIAN_POINT('',(2.786171451806,0.));
#1690 = CARTESIAN_POINT('',(2.796321178145,2.691013548091E-02));
#1691 = CARTESIAN_POINT('',(2.806872537777,5.381236644109E-02));
#1692 = CARTESIAN_POINT('',(2.817871843021,8.070613223674E-02));
#1693 = CARTESIAN_POINT('',(2.829377224147,0.107590126051));
#1694 = CARTESIAN_POINT('',(2.841459319661,0.134462289748));
#1695 = CARTESIAN_POINT('',(2.854217353951,0.161319417064));
#1696 = CARTESIAN_POINT('',(2.867778548899,0.188157182392));
#1697 = CARTESIAN_POINT('',(2.88439263569,0.218680354669));
#1698 = CARTESIAN_POINT('',(2.886432893736,0.222391810856));
#1699 = CARTESIAN_POINT('',(2.888493540066,0.226102727316));
#1700 = CARTESIAN_POINT('',(2.890575219733,0.229813080623));
#1701 = CARTESIAN_POINT('',(2.89267862538,0.233522845188));
#1702 = CARTESIAN_POINT('',(2.894804497244,0.237231993254));
#1703 = CARTESIAN_POINT('',(2.896953623155,0.240940494901));
#1704 = CARTESIAN_POINT('',(2.899126838535,0.244648318043));
#1705 = ( GEOMETRIC_REPRESENTATION_CONTEXT(2) 
PARAMETRIC_REPRESENTATION_CONTEXT() REPRESENTATION_CONTEXT('2D SPACE',''
  ) );
#1706 = PCURVE('',#1707,#1712);
#1707 = PLANE('',#1708);
#1708 = AXIS2_PLACEMENT_3D('',#1709,#1710,#1711);
#1709 = CARTESIAN_POINT('',(1.,-31.5,0.));
#1710 = DIRECTION('',(0.,1.,0.));
#1711 = DIRECTION('',(0.,-0.,1.));
#1712 = DEFINITIONAL_REPRESENTATION('',(#1713),#1730);
#1713 = B_SPLINE_CURVE_WITH_KNOTS('',8,(#1714,#1715,#1716,#1717,#1718,
    #1719,#1720,#1721,#1722,#1723,#1724,#1725,#1726,#1727,#1728,#1729),
  .UNSPECIFIED.,.F.,.F.,(9,7,9),(0.,0.878388307039,1.),.UNSPECIFIED.);
#1714 = CARTESIAN_POINT('',(2.609889535411,0.));
#1715 = CARTESIAN_POINT('',(2.530096374309,0.879961430226));
#1716 = CARTESIAN_POINT('',(2.447701183522,1.759664382624));
#1717 = CARTESIAN_POINT('',(2.362387335429,2.639090524139));
#1718 = CARTESIAN_POINT('',(2.273756192738,3.518197121863));
#1719 = CARTESIAN_POINT('',(2.181322521985,4.396916874751));
#1720 = CARTESIAN_POINT('',(2.084401412955,5.275144937995));
#1721 = CARTESIAN_POINT('',(1.982113103297,6.152739864205));
#1722 = CARTESIAN_POINT('',(1.857735952676,7.15084759767));
#1723 = CARTESIAN_POINT('',(1.84247676057,7.272212214999));
#1724 = CARTESIAN_POINT('',(1.827079934703,7.393559183236));
#1725 = CARTESIAN_POINT('',(1.81154098342,7.514887736381));
#1726 = CARTESIAN_POINT('',(1.795855080919,7.636197037633));
#1727 = CARTESIAN_POINT('',(1.78001706725,7.757486179389));
#1728 = CARTESIAN_POINT('',(1.764021448316,7.878754183247));
#1729 = CARTESIAN_POINT('',(1.747862395874,8.));
#1730 = ( GEOMETRIC_REPRESENTATION_CONTEXT(2) 
PARAMETRIC_REPRESENTATION_CONTEXT() REPRESENTATION_CONTEXT('2D SPACE',''
  ) );
#1731 = ORIENTED_EDGE('',*,*,#1732,.T.);
#1732 = EDGE_CURVE('',#1666,#1733,#1735,.T.);
#1733 = VERTEX_POINT('',#1734);
#1734 = CARTESIAN_POINT('',(1.,-31.81583577673,1.6));
#1735 = SURFACE_CURVE('',#1736,(#1741,#1748),.PCURVE_S1.);
#1736 = ELLIPSE('',#1737,8.,7.5);
#1737 = AXIS2_PLACEMENT_3D('',#1738,#1739,#1740);
#1738 = CARTESIAN_POINT('',(1.,-24.,0.));
#1739 = DIRECTION('',(1.,0.,0.));
#1740 = DIRECTION('',(0.,1.,0.));
#1741 = PCURVE('',#75,#1742);
#1742 = DEFINITIONAL_REPRESENTATION('',(#1743),#1747);
#1743 = LINE('',#1744,#1745);
#1744 = CARTESIAN_POINT('',(0.,0.));
#1745 = VECTOR('',#1746,1.);
#1746 = DIRECTION('',(1.,0.));
#1747 = ( GEOMETRIC_REPRESENTATION_CONTEXT(2) 
PARAMETRIC_REPRESENTATION_CONTEXT() REPRESENTATION_CONTEXT('2D SPACE',''
  ) );
#1748 = PCURVE('',#1749,#1754);
#1749 = PLANE('',#1750);
#1750 = AXIS2_PLACEMENT_3D('',#1751,#1752,#1753);
#1751 = CARTESIAN_POINT('',(1.,-24.,0.));
#1752 = DIRECTION('',(1.,0.,0.));
#1753 = DIRECTION('',(0.,1.,0.));
#1754 = DEFINITIONAL_REPRESENTATION('',(#1755),#1759);
#1755 = ELLIPSE('',#1756,8.,7.5);
#1756 = AXIS2_PLACEMENT_2D('',#1757,#1758);
#1757 = CARTESIAN_POINT('',(0.,0.));
#1758 = DIRECTION('',(1.,0.));
#1759 = ( GEOMETRIC_REPRESENTATION_CONTEXT(2) 
PARAMETRIC_REPRESENTATION_CONTEXT() REPRESENTATION_CONTEXT('2D SPACE',''
  ) );
#1760 = ORIENTED_EDGE('',*,*,#1761,.T.);
#1761 = EDGE_CURVE('',#1733,#1762,#1764,.T.);
#1762 = VERTEX_POINT('',#1763);
#1763 = CARTESIAN_POINT('',(1.,-31.81583577673,-1.6));
#1764 = SURFACE_CURVE('',#1765,(#1798,#1834),.PCURVE_S1.);
#1765 = B_SPLINE_CURVE_WITH_KNOTS('',7,(#1766,#1767,#1768,#1769,#1770,
    #1771,#1772,#1773,#1774,#1775,#1776,#1777,#1778,#1779,#1780,#1781,
    #1782,#1783,#1784,#1785,#1786,#1787,#1788,#1789,#1790,#1791,#1792,
    #1793,#1794,#1795,#1796,#1797),.UNSPECIFIED.,.F.,.F.,(8,6,6,6,6,8),(
    0.,0.148247478983,0.384601456235,0.617257095918,0.852764013712,1.),
  .UNSPECIFIED.);
#1766 = CARTESIAN_POINT('',(1.,-31.81583577418,1.6));
#1767 = CARTESIAN_POINT('',(1.106979239145,-31.81210969985,1.6));
#1768 = CARTESIAN_POINT('',(1.214076841695,-31.81032310559,
    1.591654949148));
#1769 = CARTESIAN_POINT('',(1.320400791542,-31.81051786452,
    1.574931978929));
#1770 = CARTESIAN_POINT('',(1.425099934262,-31.81263339162,
    1.549940034826));
#1771 = CARTESIAN_POINT('',(1.527366795724,-31.81651476685,
    1.516898762595));
#1772 = CARTESIAN_POINT('',(1.626441271119,-31.82193045589,
    1.476124110271));
#1773 = CARTESIAN_POINT('',(1.873352894139,-31.83923242668,
    1.351354255445));
#1774 = CARTESIAN_POINT('',(2.015196283261,-31.85305268131,
    1.256063905364));
#1775 = CARTESIAN_POINT('',(2.144467639588,-31.86893671437,
    1.143732368251));
#1776 = CARTESIAN_POINT('',(2.258937191841,-31.8854724157,1.016319950322
    ));
#1777 = CARTESIAN_POINT('',(2.3567033424,-31.90122623412,0.876024462813)
  );
#1778 = CARTESIAN_POINT('',(2.436167194407,-31.91495187815,
    0.725317486642));
#1779 = CARTESIAN_POINT('',(2.555219557637,-31.9363889442,0.411173743987
    ));
#1780 = CARTESIAN_POINT('',(2.595464177806,-31.94420053422,
    0.247836733188));
#1781 = CARTESIAN_POINT('',(2.615610537485,-31.94830605373,
    7.99625816336E-02));
#1782 = CARTESIAN_POINT('',(2.6151159914,-31.94820532203,
    -8.938071434375E-02));
#1783 = CARTESIAN_POINT('',(2.593991199756,-31.94390694742,
    -0.257127476116));
#1784 = CARTESIAN_POINT('',(2.552799688187,-31.93592632481,
    -0.420216804076));
#1785 = CARTESIAN_POINT('',(2.432146962099,-31.91425673691,
    -0.733081798058));
#1786 = CARTESIAN_POINT('',(2.352169544761,-31.90048929265,
    -0.882808378025));
#1787 = CARTESIAN_POINT('',(2.254075506626,-31.88475093508,
    -1.022109171294));
#1788 = CARTESIAN_POINT('',(2.1394550895,-31.86828034357,-1.148546671205
    ));
#1789 = CARTESIAN_POINT('',(2.010197438362,-31.8524970429,
    -1.259952508604));
#1790 = CARTESIAN_POINT('',(1.868516489088,-31.83879555609,
    -1.354392814268));
#1791 = CARTESIAN_POINT('',(1.622387290164,-31.82171005216,
    -1.477786193792));
#1792 = CARTESIAN_POINT('',(1.523880550023,-31.81638332014,
    -1.518021020079));
#1793 = CARTESIAN_POINT('',(1.422245070438,-31.81257625072,
    -1.550619091303));
#1794 = CARTESIAN_POINT('',(1.318226606961,-31.81051415434,
    -1.575272764471));
#1795 = CARTESIAN_POINT('',(1.212616852554,-31.81034754886,
    -1.591768336475));
#1796 = CARTESIAN_POINT('',(1.106249966099,-31.81213510034,-1.6));
#1797 = CARTESIAN_POINT('',(1.,-31.81583577418,-1.6));
#1798 = PCURVE('',#75,#1799);
#1799 = DEFINITIONAL_REPRESENTATION('',(#1800),#1833);
#1800 = B_SPLINE_CURVE_WITH_KNOTS('',7,(#1801,#1802,#1803,#1804,#1805,
    #1806,#1807,#1808,#1809,#1810,#1811,#1812,#1813,#1814,#1815,#1816,
    #1817,#1818,#1819,#1820,#1821,#1822,#1823,#1824,#1825,#1826,#1827,
    #1828,#1829,#1830,#1831,#1832),.UNSPECIFIED.,.F.,.F.,(8,6,6,6,6,8),(
    0.,0.148247478983,0.384601456235,0.617257095918,0.852764013712,1.),
  .UNSPECIFIED.);
#1801 = CARTESIAN_POINT('',(2.926607079486,0.));
#1802 = CARTESIAN_POINT('',(2.926521354725,3.271536365291E-03));
#1803 = CARTESIAN_POINT('',(2.927574342454,6.546692406585E-03));
#1804 = CARTESIAN_POINT('',(2.929773229925,9.798189343807E-03));
#1805 = CARTESIAN_POINT('',(2.933103997093,1.299999798967E-02));
#1806 = CARTESIAN_POINT('',(2.937535529652,1.612742494569E-02));
#1807 = CARTESIAN_POINT('',(2.943022055675,1.91572254165E-02));
#1808 = CARTESIAN_POINT('',(2.959838051781,2.670803957612E-02));
#1809 = CARTESIAN_POINT('',(2.972703580123,3.104575789789E-02));
#1810 = CARTESIAN_POINT('',(2.987873100327,3.499901038495E-02));
#1811 = CARTESIAN_POINT('',(3.005062530308,3.849960831319E-02));
#1812 = CARTESIAN_POINT('',(3.023960883204,4.148939885014E-02));
#1813 = CARTESIAN_POINT('',(3.044231620095,4.39194860675E-02));
#1814 = CARTESIAN_POINT('',(3.086437427626,4.756023112039E-02));
#1815 = CARTESIAN_POINT('',(3.108359814592,4.879095344973E-02));
#1816 = CARTESIAN_POINT('',(3.130872785427,4.940705007599E-02));
#1817 = CARTESIAN_POINT('',(3.153575319993,4.939192634252E-02));
#1818 = CARTESIAN_POINT('',(3.176071743331,4.874590824943E-02));
#1819 = CARTESIAN_POINT('',(3.197961793817,4.748622899653E-02));
#1820 = CARTESIAN_POINT('',(3.239997947693,4.379654318346E-02));
#1821 = CARTESIAN_POINT('',(3.260138014461,4.135075060432E-02));
#1822 = CARTESIAN_POINT('',(3.278903453956,3.835093292433E-02));
#1823 = CARTESIAN_POINT('',(3.295962067874,3.484572139144E-02));
#1824 = CARTESIAN_POINT('',(3.311006811186,3.089288802329E-02));
#1825 = CARTESIAN_POINT('',(3.32375735555,2.656013728099E-02));
#1826 = CARTESIAN_POINT('',(3.340386886963,1.903325046374E-02));
#1827 = CARTESIAN_POINT('',(3.345800285878,1.602081192731E-02));
#1828 = CARTESIAN_POINT('',(3.3501718021,1.291269328557E-02));
#1829 = CARTESIAN_POINT('',(3.35345688083,9.731700518677E-03));
#1830 = CARTESIAN_POINT('',(3.355625268172,6.502044420601E-03));
#1831 = CARTESIAN_POINT('',(3.356663368072,3.249234437264E-03));
#1832 = CARTESIAN_POINT('',(3.356578227694,0.));
#1833 = ( GEOMETRIC_REPRESENTATION_CONTEXT(2) 
PARAMETRIC_REPRESENTATION_CONTEXT() REPRESENTATION_CONTEXT('2D SPACE',''
  ) );
#1834 = PCURVE('',#222,#1835);
#1835 = DEFINITIONAL_REPRESENTATION('',(#1836),#1869);
#1836 = B_SPLINE_CURVE_WITH_KNOTS('',7,(#1837,#1838,#1839,#1840,#1841,
    #1842,#1843,#1844,#1845,#1846,#1847,#1848,#1849,#1850,#1851,#1852,
    #1853,#1854,#1855,#1856,#1857,#1858,#1859,#1860,#1861,#1862,#1863,
    #1864,#1865,#1866,#1867,#1868),.UNSPECIFIED.,.F.,.F.,(8,6,6,6,6,8),(
    0.,0.148247478983,0.384601456235,0.617257095918,0.852764013712,1.),
  .UNSPECIFIED.);
#1837 = CARTESIAN_POINT('',(0.,7.18416422582));
#1838 = CARTESIAN_POINT('',(6.686202446563E-02,7.187890300146));
#1839 = CARTESIAN_POINT('',(0.133797934425,7.189676894406));
#1840 = CARTESIAN_POINT('',(0.200738957646,7.189482135479));
#1841 = CARTESIAN_POINT('',(0.267644907209,7.187366608373));
#1842 = CARTESIAN_POINT('',(0.334489445179,7.183485233142));
#1843 = CARTESIAN_POINT('',(0.401249105121,7.178069544102));
#1844 = CARTESIAN_POINT('',(0.57415269352,7.160767573319));
#1845 = CARTESIAN_POINT('',(0.680136930304,7.146947318687));
#1846 = CARTESIAN_POINT('',(0.785871373872,7.131063285623));
#1847 = CARTESIAN_POINT('',(0.891473028786,7.114527584295));
#1848 = CARTESIAN_POINT('',(0.997055792804,7.098773765877));
#1849 = CARTESIAN_POINT('',(1.102735035336,7.085048121842));
#1850 = CARTESIAN_POINT('',(1.312701323777,7.063611055792));
#1851 = CARTESIAN_POINT('',(1.417075459594,7.055799465776));
#1852 = CARTESIAN_POINT('',(1.521495232827,7.05169394627));
#1853 = CARTESIAN_POINT('',(1.625927636661,7.051794677964));
#1854 = CARTESIAN_POINT('',(1.730343391612,7.056093052574));
#1855 = CARTESIAN_POINT('',(1.834710685234,7.06407367519));
#1856 = CARTESIAN_POINT('',(2.044287625882,7.085743263083));
#1857 = CARTESIAN_POINT('',(2.149584812127,7.099510707344));
#1858 = CARTESIAN_POINT('',(2.254790044415,7.115249064919));
#1859 = CARTESIAN_POINT('',(2.360017866338,7.131719656428));
#1860 = CARTESIAN_POINT('',(2.465380861806,7.147502957097));
#1861 = CARTESIAN_POINT('',(2.570993806814,7.161204443901));
#1862 = CARTESIAN_POINT('',(2.74307380805,7.178289947832));
#1863 = CARTESIAN_POINT('',(2.809381204975,7.183616679852));
#1864 = CARTESIAN_POINT('',(2.875771814538,7.18742374928));
#1865 = CARTESIAN_POINT('',(2.942222485854,7.189485845654));
#1866 = CARTESIAN_POINT('',(3.008707211312,7.189652451138));
#1867 = CARTESIAN_POINT('',(3.075186424778,7.187864899651));
#1868 = CARTESIAN_POINT('',(3.14159265359,7.18416422582));
#1869 = ( GEOMETRIC_REPRESENTATION_CONTEXT(2) 
PARAMETRIC_REPRESENTATION_CONTEXT() REPRESENTATION_CONTEXT('2D SPACE',''
  ) );
#1870 = ORIENTED_EDGE('',*,*,#1871,.T.);
#1871 = EDGE_CURVE('',#1762,#1872,#1874,.T.);
#1872 = VERTEX_POINT('',#1873);
#1873 = CARTESIAN_POINT('',(1.,-31.5,-2.609889545077));
#1874 = SURFACE_CURVE('',#1875,(#1880,#1887),.PCURVE_S1.);
#1875 = ELLIPSE('',#1876,8.,7.5);
#1876 = AXIS2_PLACEMENT_3D('',#1877,#1878,#1879);
#1877 = CARTESIAN_POINT('',(1.,-24.,0.));
#1878 = DIRECTION('',(1.,0.,0.));
#1879 = DIRECTION('',(0.,1.,0.));
#1880 = PCURVE('',#75,#1881);
#1881 = DEFINITIONAL_REPRESENTATION('',(#1882),#1886);
#1882 = LINE('',#1883,#1884);
#1883 = CARTESIAN_POINT('',(0.,0.));
#1884 = VECTOR('',#1885,1.);
#1885 = DIRECTION('',(1.,0.));
#1886 = ( GEOMETRIC_REPRESENTATION_CONTEXT(2) 
PARAMETRIC_REPRESENTATION_CONTEXT() REPRESENTATION_CONTEXT('2D SPACE',''
  ) );
#1887 = PCURVE('',#1888,#1893);
#1888 = PLANE('',#1889);
#1889 = AXIS2_PLACEMENT_3D('',#1890,#1891,#1892);
#1890 = CARTESIAN_POINT('',(1.,-24.,0.));
#1891 = DIRECTION('',(1.,0.,0.));
#1892 = DIRECTION('',(0.,1.,0.));
#1893 = DEFINITIONAL_REPRESENTATION('',(#1894),#1898);
#1894 = ELLIPSE('',#1895,8.,7.5);
#1895 = AXIS2_PLACEMENT_2D('',#1896,#1897);
#1896 = CARTESIAN_POINT('',(0.,0.));
#1897 = DIRECTION('',(1.,0.));
#1898 = ( GEOMETRIC_REPRESENTATION_CONTEXT(2) 
PARAMETRIC_REPRESENTATION_CONTEXT() REPRESENTATION_CONTEXT('2D SPACE',''
  ) );
#1899 = ORIENTED_EDGE('',*,*,#1900,.F.);
#1900 = EDGE_CURVE('',#1901,#1872,#1903,.T.);
#1901 = VERTEX_POINT('',#1902);
#1902 = CARTESIAN_POINT('',(8.800778376629,-31.5,-1.774220031088));
#1903 = SURFACE_CURVE('',#1904,(#1921,#1941),.PCURVE_S1.);
#1904 = B_SPLINE_CURVE_WITH_KNOTS('',8,(#1905,#1906,#1907,#1908,#1909,
    #1910,#1911,#1912,#1913,#1914,#1915,#1916,#1917,#1918,#1919,#1920),
  .UNSPECIFIED.,.F.,.F.,(9,7,9),(0.,0.862895578354,1.),.UNSPECIFIED.);
#1905 = CARTESIAN_POINT('',(9.,-31.5,-1.747862395874));
#1906 = CARTESIAN_POINT('',(8.139700715451,-31.5,-1.86251890293));
#1907 = CARTESIAN_POINT('',(7.278306764887,-31.5,-1.968942681667));
#1908 = CARTESIAN_POINT('',(6.416146817786,-31.5,-2.069248324637));
#1909 = CARTESIAN_POINT('',(5.553404240713,-31.5,-2.164491657823));
#1910 = CARTESIAN_POINT('',(4.690215914305,-31.5,-2.25551465563));
#1911 = CARTESIAN_POINT('',(3.826663662592,-31.5,-2.342879506119));
#1912 = CARTESIAN_POINT('',(2.962797126251,-31.5,-2.42705521658));
#1913 = CARTESIAN_POINT('',(1.96132537281,-31.5,-2.521331046752));
#1914 = CARTESIAN_POINT('',(1.824012321978,-31.5,-2.534185295774));
#1915 = CARTESIAN_POINT('',(1.686692609246,-31.5,-2.54696961427));
#1916 = CARTESIAN_POINT('',(1.549366410345,-31.5,-2.559685404572));
#1917 = CARTESIAN_POINT('',(1.41203389336,-31.5,-2.572334017726));
#1918 = CARTESIAN_POINT('',(1.274695218725,-31.5,-2.584916753487));
#1919 = CARTESIAN_POINT('',(1.137350539226,-31.5,-2.597434860322));
#1920 = CARTESIAN_POINT('',(1.,-31.5,-2.609889535411));
#1921 = PCURVE('',#75,#1922);
#1922 = DEFINITIONAL_REPRESENTATION('',(#1923),#1940);
#1923 = B_SPLINE_CURVE_WITH_KNOTS('',8,(#1924,#1925,#1926,#1927,#1928,
    #1929,#1930,#1931,#1932,#1933,#1934,#1935,#1936,#1937,#1938,#1939),
  .UNSPECIFIED.,.F.,.F.,(9,7,9),(0.,0.862895578354,1.),.UNSPECIFIED.);
#1924 = CARTESIAN_POINT('',(3.384058458336,0.244648318043));
#1925 = CARTESIAN_POINT('',(3.39947850143,0.218339471421));
#1926 = CARTESIAN_POINT('',(3.413685203777,0.191997148773));
#1927 = CARTESIAN_POINT('',(3.426981195449,0.165631401156));
#1928 = CARTESIAN_POINT('',(3.43951964793,0.139247836107));
#1929 = CARTESIAN_POINT('',(3.451421177612,0.112850639581));
#1930 = CARTESIAN_POINT('',(3.462768264589,8.644231384072E-02));
#1931 = CARTESIAN_POINT('',(3.473628645722,6.002437694957E-02));
#1932 = CARTESIAN_POINT('',(3.485712193838,2.939832944372E-02));
#1933 = CARTESIAN_POINT('',(3.487357949673,2.51991535773E-02));
#1934 = CARTESIAN_POINT('',(3.488992965616,2.099977398304E-02));
#1935 = CARTESIAN_POINT('',(3.490617446431,1.680019603502E-02));
#1936 = CARTESIAN_POINT('',(3.492231589503,1.26004248734E-02));
#1937 = CARTESIAN_POINT('',(3.493835584834,8.400465404436E-03));
#1938 = CARTESIAN_POINT('',(3.495429615044,4.200322300489E-03));
#1939 = CARTESIAN_POINT('',(3.497013855373,0.));
#1940 = ( GEOMETRIC_REPRESENTATION_CONTEXT(2) 
PARAMETRIC_REPRESENTATION_CONTEXT() REPRESENTATION_CONTEXT('2D SPACE',''
  ) );
#1941 = PCURVE('',#1707,#1942);
#1942 = DEFINITIONAL_REPRESENTATION('',(#1943),#1960);
#1943 = B_SPLINE_CURVE_WITH_KNOTS('',8,(#1944,#1945,#1946,#1947,#1948,
    #1949,#1950,#1951,#1952,#1953,#1954,#1955,#1956,#1957,#1958,#1959),
  .UNSPECIFIED.,.F.,.F.,(9,7,9),(0.,0.862895578354,1.),.UNSPECIFIED.);
#1944 = CARTESIAN_POINT('',(-1.747862395874,8.));
#1945 = CARTESIAN_POINT('',(-1.86251890293,7.139700715451));
#1946 = CARTESIAN_POINT('',(-1.968942681667,6.278306764887));
#1947 = CARTESIAN_POINT('',(-2.069248324637,5.416146817786));
#1948 = CARTESIAN_POINT('',(-2.164491657823,4.553404240713));
#1949 = CARTESIAN_POINT('',(-2.25551465563,3.690215914305));
#1950 = CARTESIAN_POINT('',(-2.342879506119,2.826663662592));
#1951 = CARTESIAN_POINT('',(-2.42705521658,1.962797126251));
#1952 = CARTESIAN_POINT('',(-2.521331046752,0.96132537281));
#1953 = CARTESIAN_POINT('',(-2.534185295774,0.824012321978));
#1954 = CARTESIAN_POINT('',(-2.54696961427,0.686692609246));
#1955 = CARTESIAN_POINT('',(-2.559685404572,0.549366410345));
#1956 = CARTESIAN_POINT('',(-2.572334017726,0.41203389336));
#1957 = CARTESIAN_POINT('',(-2.584916753487,0.274695218725));
#1958 = CARTESIAN_POINT('',(-2.597434860322,0.137350539226));
#1959 = CARTESIAN_POINT('',(-2.609889535411,0.));
#1960 = ( GEOMETRIC_REPRESENTATION_CONTEXT(2) 
PARAMETRIC_REPRESENTATION_CONTEXT() REPRESENTATION_CONTEXT('2D SPACE',''
  ) );
#1961 = ORIENTED_EDGE('',*,*,#1962,.F.);
#1962 = EDGE_CURVE('',#54,#1901,#1963,.T.);
#1963 = SURFACE_CURVE('',#1964,(#2037,#2113),.PCURVE_S1.);
#1964 = B_SPLINE_CURVE_WITH_KNOTS('',8,(#1965,#1966,#1967,#1968,#1969,
    #1970,#1971,#1972,#1973,#1974,#1975,#1976,#1977,#1978,#1979,#1980,
    #1981,#1982,#1983,#1984,#1985,#1986,#1987,#1988,#1989,#1990,#1991,
    #1992,#1993,#1994,#1995,#1996,#1997,#1998,#1999,#2000,#2001,#2002,
    #2003,#2004,#2005,#2006,#2007,#2008,#2009,#2010,#2011,#2012,#2013,
    #2014,#2015,#2016,#2017,#2018,#2019,#2020,#2021,#2022,#2023,#2024,
    #2025,#2026,#2027,#2028,#2029,#2030,#2031,#2032,#2033,#2034,#2035,
    #2036),.UNSPECIFIED.,.F.,.F.,(9,7,7,7,7,7,7,7,7,7,9),(0.,
    8.093539470749E-02,0.141170907322,0.293891479179,0.426794144084,
    0.50163204914,0.57321418805,0.706089814469,0.858814926006,
    0.919054953784,1.),.UNSPECIFIED.);
#1965 = CARTESIAN_POINT('',(8.800778896784,-16.4999994,-1.774217744104)
  );
#1966 = CARTESIAN_POINT('',(8.743374613726,-16.56525684243,
    -2.026609606009));
#1967 = CARTESIAN_POINT('',(8.67768589307,-16.64002618996,
    -2.272268330603));
#1968 = CARTESIAN_POINT('',(8.604490123064,-16.72347425822,
    -2.510543652964));
#1969 = CARTESIAN_POINT('',(8.524589723291,-16.81474601682,
    -2.741044726757));
#1970 = CARTESIAN_POINT('',(8.438761531106,-16.91301878364,
    -2.963583023238));
#1971 = CARTESIAN_POINT('',(8.347719362985,-17.01754338123,
    -3.17812823604));
#1972 = CARTESIAN_POINT('',(8.25208975076,-17.12767225537,
    -3.384777191728));
#1973 = CARTESIAN_POINT('',(8.078208197047,-17.32861293558,
    -3.731809075272));
#1974 = CARTESIAN_POINT('',(8.001775635411,-17.41715157929,
    -3.875605320765));
#1975 = CARTESIAN_POINT('',(7.923324924863,-17.50826709877,
    -4.01520304267));
#1976 = CARTESIAN_POINT('',(7.843060829672,-17.60175635473,
    -4.150687397689));
#1977 = CARTESIAN_POINT('',(7.761171232329,-17.69743687533,
    -4.282149521497));
#1978 = CARTESIAN_POINT('',(7.677827244535,-17.7951472747,
    -4.409685891071));
#1979 = CARTESIAN_POINT('',(7.593183318181,-17.89474767159,
    -4.533397687002));
#1980 = CARTESIAN_POINT('',(7.289825699618,-18.25313886283,
    -4.957617971957));
#1981 = CARTESIAN_POINT('',(7.064960244316,-18.52136408496,
    -5.237719323268));
#1982 = CARTESIAN_POINT('',(6.834912890936,-18.79901053603,
    -5.495650109853));
#1983 = CARTESIAN_POINT('',(6.601538018889,-19.08472442421,
    -5.732826907455));
#1984 = CARTESIAN_POINT('',(6.366574481679,-19.37749769592,
    -5.950443245668));
#1985 = CARTESIAN_POINT('',(6.131707751376,-19.67665330673,
    -6.149555569743));
#1986 = CARTESIAN_POINT('',(5.898696775437,-19.98190547996,
    -6.331057585108));
#1987 = CARTESIAN_POINT('',(5.470475484816,-20.56465826586,
    -6.638905800038));
#1988 = CARTESIAN_POINT('',(5.274592052313,-20.84020007478,
    -6.769130666488));
#1989 = CARTESIAN_POINT('',(5.083373452173,-21.12044983297,
    -6.886970566967));
#1990 = CARTESIAN_POINT('',(4.898624782311,-21.40566598541,
    -6.992689288276));
#1991 = CARTESIAN_POINT('',(4.722902704834,-21.69608299988,
    -7.086309745089));
#1992 = CARTESIAN_POINT('',(4.559569715798,-21.99192316591,
    -7.167684231726));
#1993 = CARTESIAN_POINT('',(4.413474870727,-22.29360291729,
    -7.236466939736));
#1994 = CARTESIAN_POINT('',(4.220921656759,-22.77498486525,
    -7.323349989622));
#1995 = CARTESIAN_POINT('',(4.158837990032,-22.95034488098,
    -7.350455278516));
#1996 = CARTESIAN_POINT('',(4.105118267107,-23.12754235668,
    -7.373229061181));
#1997 = CARTESIAN_POINT('',(4.060893199788,-23.30639624298,
    -7.391522219799));
#1998 = CARTESIAN_POINT('',(4.027283984017,-23.48664398193,
    -7.405187678346));
#1999 = CARTESIAN_POINT('',(4.005191864837,-23.66792038691,
    -7.414100885548));
#2000 = CARTESIAN_POINT('',(3.995079144952,-23.84973324087,
    -7.418187427232));
#2001 = CARTESIAN_POINT('',(3.998610711692,-24.20525507036,
    -7.416760564235));
#2002 = CARTESIAN_POINT('',(4.01124110575,-24.37901922015,
    -7.411656869673));
#2003 = CARTESIAN_POINT('',(4.034735104065,-24.55219825019,
    -7.402152014221));
#2004 = CARTESIAN_POINT('',(4.068621403928,-24.72437404431,-7.3883190834
    ));
#2005 = CARTESIAN_POINT('',(4.112085231397,-24.89523703553,
    -7.370270523266));
#2006 = CARTESIAN_POINT('',(4.164144684272,-25.06456671134,
    -7.34813556456));
#2007 = CARTESIAN_POINT('',(4.223814492707,-25.23221494854,
    -7.322043243739));
#2008 = CARTESIAN_POINT('',(4.413303134978,-25.70602754464,
    -7.236547121956));
#2009 = CARTESIAN_POINT('',(4.55935699042,-26.00767106733,
    -7.167787995822));
#2010 = CARTESIAN_POINT('',(4.722649065591,-26.30347630738,
    -7.086440202629));
#2011 = CARTESIAN_POINT('',(4.89833109718,-26.59385943543,
    -6.992849666534));
#2012 = CARTESIAN_POINT('',(5.083040869531,-26.87904268972,
    -6.887164256963));
#2013 = CARTESIAN_POINT('',(5.274221931655,-27.15926055994,
    -6.769361289826));
#2014 = CARTESIAN_POINT('',(5.470069304083,-27.43477159117,
    -6.639177284424));
#2015 = CARTESIAN_POINT('',(5.898269975228,-28.01753362947,
    -6.331387947054));
#2016 = CARTESIAN_POINT('',(6.13129891905,-28.32282341211,
    -6.149897347143));
#2017 = CARTESIAN_POINT('',(6.366186473885,-28.62201591504,
    -5.950794343471));
#2018 = CARTESIAN_POINT('',(6.601172957222,-28.91482557809,
    -5.733185239238));
#2019 = CARTESIAN_POINT('',(6.834572402063,-29.20057548916,
    -5.496013524016));
#2020 = CARTESIAN_POINT('',(7.064645591842,-29.47825768719,
    -5.238085538835));
#2021 = CARTESIAN_POINT('',(7.289537888271,-29.74651843333,
    -4.95798447717));
#2022 = CARTESIAN_POINT('',(7.592937894661,-30.10496344953,
    -4.533755051052));
#2023 = CARTESIAN_POINT('',(7.677596602535,-30.20458215784,
    -4.410035987168));
#2024 = CARTESIAN_POINT('',(7.760955346037,-30.30231064972,
    -4.282491519289));
#2025 = CARTESIAN_POINT('',(7.842859634526,-30.39800901898,
    -4.151020424703));
#2026 = CARTESIAN_POINT('',(7.9231383122,-30.49151584654,-4.015526181995
    ));
#2027 = CARTESIAN_POINT('',(8.001603446463,-30.58264861882,
    -3.875917608181));
#2028 = CARTESIAN_POINT('',(8.078050216288,-30.67120414607,
    -3.732109495846));
#2029 = CARTESIAN_POINT('',(8.251968829554,-30.87218849356,
    -3.385038481622));
#2030 = CARTESIAN_POINT('',(8.347620695705,-30.98234334193,
    -3.178360741845));
#2031 = CARTESIAN_POINT('',(8.438684027877,-31.08689247532,
    -2.963783973597));
#2032 = CARTESIAN_POINT('',(8.52453200913,-31.18518805229,-2.7412112227)
  );
#2033 = CARTESIAN_POINT('',(8.604450469663,-31.2764805289,
    -2.510672733003));
#2034 = CARTESIAN_POINT('',(8.67766216606,-31.35994679577,
    -2.272357058325));
#2035 = CARTESIAN_POINT('',(8.743364246856,-31.43473136404,
    -2.026655191498));
#2036 = CARTESIAN_POINT('',(8.800778904425,-31.5000006,-1.774217710509)
  );
#2037 = PCURVE('',#75,#2038);
#2038 = DEFINITIONAL_REPRESENTATION('',(#2039),#2112);
#2039 = B_SPLINE_CURVE_WITH_KNOTS('',8,(#2040,#2041,#2042,#2043,#2044,
    #2045,#2046,#2047,#2048,#2049,#2050,#2051,#2052,#2053,#2054,#2055,
    #2056,#2057,#2058,#2059,#2060,#2061,#2062,#2063,#2064,#2065,#2066,
    #2067,#2068,#2069,#2070,#2071,#2072,#2073,#2074,#2075,#2076,#2077,
    #2078,#2079,#2080,#2081,#2082,#2083,#2084,#2085,#2086,#2087,#2088,
    #2089,#2090,#2091,#2092,#2093,#2094,#2095,#2096,#2097,#2098,#2099,
    #2100,#2101,#2102,#2103,#2104,#2105,#2106,#2107,#2108,#2109,#2110,
    #2111),.UNSPECIFIED.,.F.,.F.,(9,7,7,7,7,7,7,7,7,7,9),(0.,
    8.093539470749E-02,0.141170907322,0.293891479179,0.426794144084,
    0.50163204914,0.57321418805,0.706089814469,0.858814926006,
    0.919054953784,1.),.UNSPECIFIED.);
#2040 = CARTESIAN_POINT('',(6.037177472499,0.238555929565));
#2041 = CARTESIAN_POINT('',(6.001512507139,0.236800446903));
#2042 = CARTESIAN_POINT('',(5.96646097761,0.234791617525));
#2043 = CARTESIAN_POINT('',(5.932070555882,0.232553214773));
#2044 = CARTESIAN_POINT('',(5.89836445814,0.230109777471));
#2045 = CARTESIAN_POINT('',(5.865347811049,0.227485062113));
#2046 = CARTESIAN_POINT('',(5.83301156092,0.224700897951));
#2047 = CARTESIAN_POINT('',(5.801333925815,0.221776444977));
#2048 = CARTESIAN_POINT('',(5.747167303985,0.216458966271));
#2049 = CARTESIAN_POINT('',(5.724403071401,0.214121579065));
#2050 = CARTESIAN_POINT('',(5.701973177883,0.211722474766));
#2051 = CARTESIAN_POINT('',(5.67986421134,0.20926791528));
#2052 = CARTESIAN_POINT('',(5.658062623783,0.206763646249));
#2053 = CARTESIAN_POINT('',(5.636554492597,0.204214900444));
#2054 = CARTESIAN_POINT('',(5.615325281805,0.201626401168));
#2055 = CARTESIAN_POINT('',(5.54120341247,0.192349409774));
#2056 = CARTESIAN_POINT('',(5.489779366725,0.185472790346));
#2057 = CARTESIAN_POINT('',(5.43980023612,0.178437703087));
#2058 = CARTESIAN_POINT('',(5.391058731615,0.171300856847));
#2059 = CARTESIAN_POINT('',(5.343372752743,0.164115427574));
#2060 = CARTESIAN_POINT('',(5.296565530764,0.156932958758));
#2061 = CARTESIAN_POINT('',(5.250453451993,0.149807240839));
#2062 = CARTESIAN_POINT('',(5.165097634933,0.136711788526));
#2063 = CARTESIAN_POINT('',(5.125800683228,0.13072146949));
#2064 = CARTESIAN_POINT('',(5.08674776874,0.124873805877));
#2065 = CARTESIAN_POINT('',(5.047802334763,0.119223999459));
#2066 = CARTESIAN_POINT('',(5.008843361925,0.113850235622));
#2067 = CARTESIAN_POINT('',(4.969756655379,0.108855342991));
#2068 = CARTESIAN_POINT('',(4.930403549219,0.104387610726));
#2069 = CARTESIAN_POINT('',(4.868237878461,9.849913323423E-02));
#2070 = CARTESIAN_POINT('',(4.845716871969,9.66005501539E-02));
#2071 = CARTESIAN_POINT('',(4.823066735491,9.495774517147E-02));
#2072 = CARTESIAN_POINT('',(4.800292444528,9.360529662959E-02));
#2073 = CARTESIAN_POINT('',(4.777407385868,9.257749186597E-02));
#2074 = CARTESIAN_POINT('',(4.754435846683,9.190189189103E-02));
#2075 = CARTESIAN_POINT('',(4.731416664266,9.159263440222E-02));
#2076 = CARTESIAN_POINT('',(4.68639840741,9.170063338507E-02));
#2077 = CARTESIAN_POINT('',(4.664392603063,9.208688396788E-02));
#2078 = CARTESIAN_POINT('',(4.642437716913,9.280535486437E-02));
#2079 = CARTESIAN_POINT('',(4.62056636337,9.384163314763E-02));
#2080 = CARTESIAN_POINT('',(4.598798773344,9.517080218341E-02));
#2081 = CARTESIAN_POINT('',(4.577145652526,9.67628343814E-02));
#2082 = CARTESIAN_POINT('',(4.555610098293,9.858759916535E-02));
#2083 = CARTESIAN_POINT('',(4.49442250456,0.104382358868));
#2084 = CARTESIAN_POINT('',(4.455074636315,0.108848837628));
#2085 = CARTESIAN_POINT('',(4.415993219812,0.11384247907));
#2086 = CARTESIAN_POINT('',(4.377039657196,0.119215018262));
#2087 = CARTESIAN_POINT('',(4.338099801192,0.124863635154));
#2088 = CARTESIAN_POINT('',(4.29905267815,0.130710150815));
#2089 = CARTESIAN_POINT('',(4.259761778447,0.136699367097));
#2090 = CARTESIAN_POINT('',(4.174409020535,0.149794188845));
#2091 = CARTESIAN_POINT('',(4.128293809023,0.15692045624));
#2092 = CARTESIAN_POINT('',(4.081483568772,0.164103561893));
#2093 = CARTESIAN_POINT('',(4.033794643688,0.171289692881));
#2094 = CARTESIAN_POINT('',(3.985050228511,0.178427290583));
#2095 = CARTESIAN_POINT('',(3.935068186032,0.185463167946));
#2096 = CARTESIAN_POINT('',(3.883641184984,0.192340608204));
#2097 = CARTESIAN_POINT('',(3.809514093925,0.201618895861));
#2098 = CARTESIAN_POINT('',(3.788282686498,0.204207847172));
#2099 = CARTESIAN_POINT('',(3.766772313204,0.206757044221));
#2100 = CARTESIAN_POINT('',(3.744968432243,0.209261762524));
#2101 = CARTESIAN_POINT('',(3.722857115078,0.211716767957));
#2102 = CARTESIAN_POINT('',(3.700424807476,0.214116313347));
#2103 = CARTESIAN_POINT('',(3.677658090554,0.216454135055));
#2104 = CARTESIAN_POINT('',(3.623484088456,0.221772747081));
#2105 = CARTESIAN_POINT('',(3.591801443194,0.224697880603));
#2106 = CARTESIAN_POINT('',(3.559459964089,0.227482691984));
#2107 = CARTESIAN_POINT('',(3.526437850623,0.230108012512));
#2108 = CARTESIAN_POINT('',(3.492726037229,0.23255200213));
#2109 = CARTESIAN_POINT('',(3.458329645999,0.234790891928));
#2110 = CARTESIAN_POINT('',(3.423271898574,0.236800129873));
#2111 = CARTESIAN_POINT('',(3.387600487219,0.238555929799));
#2112 = ( GEOMETRIC_REPRESENTATION_CONTEXT(2) 
PARAMETRIC_REPRESENTATION_CONTEXT() REPRESENTATION_CONTEXT('2D SPACE',''
  ) );
#2113 = PCURVE('',#1584,#2114);
#2114 = DEFINITIONAL_REPRESENTATION('',(#2115),#2188);
#2115 = B_SPLINE_CURVE_WITH_KNOTS('',8,(#2116,#2117,#2118,#2119,#2120,
    #2121,#2122,#2123,#2124,#2125,#2126,#2127,#2128,#2129,#2130,#2131,
    #2132,#2133,#2134,#2135,#2136,#2137,#2138,#2139,#2140,#2141,#2142,
    #2143,#2144,#2145,#2146,#2147,#2148,#2149,#2150,#2151,#2152,#2153,
    #2154,#2155,#2156,#2157,#2158,#2159,#2160,#2161,#2162,#2163,#2164,
    #2165,#2166,#2167,#2168,#2169,#2170,#2171,#2172,#2173,#2174,#2175,
    #2176,#2177,#2178,#2179,#2180,#2181,#2182,#2183,#2184,#2185,#2186,
    #2187),.UNSPECIFIED.,.F.,.F.,(9,7,7,7,7,7,7,7,7,7,9),(0.,
    8.093539470749E-02,0.141170907322,0.293891479179,0.426794144084,
    0.50163204914,0.57321418805,0.706089814469,0.858814926006,
    0.919054953784,1.),.UNSPECIFIED.);
#2116 = CARTESIAN_POINT('',(1.794433026392,15.0000006));
#2117 = CARTESIAN_POINT('',(1.826787726512,14.93474315757));
#2118 = CARTESIAN_POINT('',(1.858551377505,14.859973810034));
#2119 = CARTESIAN_POINT('',(1.889674917449,14.776525741771));
#2120 = CARTESIAN_POINT('',(1.920131898856,14.685253983173));
#2121 = CARTESIAN_POINT('',(1.949912594529,14.586981216356));
#2122 = CARTESIAN_POINT('',(1.979020235195,14.482456618764));
#2123 = CARTESIAN_POINT('',(2.007469378953,14.372327744623));
#2124 = CARTESIAN_POINT('',(2.055989014623,14.17138706442));
#2125 = CARTESIAN_POINT('',(2.076339058472,14.082848420707));
#2126 = CARTESIAN_POINT('',(2.096346408641,13.99173290123));
#2127 = CARTESIAN_POINT('',(2.116020716831,13.898243645262));
#2128 = CARTESIAN_POINT('',(2.135371566193,13.802563124665));
#2129 = CARTESIAN_POINT('',(2.15440861567,13.704852725297));
#2130 = CARTESIAN_POINT('',(2.173141744346,13.605252328407));
#2131 = CARTESIAN_POINT('',(2.238332413602,13.246861137168));
#2132 = CARTESIAN_POINT('',(2.283162340454,12.978635915033));
#2133 = CARTESIAN_POINT('',(2.326270200511,12.700989463967));
#2134 = CARTESIAN_POINT('',(2.367768180842,12.415275575786));
#2135 = CARTESIAN_POINT('',(2.407719995748,12.122502304073));
#2136 = CARTESIAN_POINT('',(2.44615283263,11.823346693261));
#2137 = CARTESIAN_POINT('',(2.483045367033,11.518094520032));
#2138 = CARTESIAN_POINT('',(2.548969565594,10.935341734138));
#2139 = CARTESIAN_POINT('',(2.578352503166,10.659799925216));
#2140 = CARTESIAN_POINT('',(2.606402247924,10.379550167027));
#2141 = CARTESIAN_POINT('',(2.632983515533,10.094334014589));
#2142 = CARTESIAN_POINT('',(2.65785217011,9.803917000114));
#2143 = CARTESIAN_POINT('',(2.680652907814,9.508076834081));
#2144 = CARTESIAN_POINT('',(2.7008348785,9.206397082708));
#2145 = CARTESIAN_POINT('',(2.727240785914,8.725015134746));
#2146 = CARTESIAN_POINT('',(2.735707999078,8.54965511902));
#2147 = CARTESIAN_POINT('',(2.743000848916,8.372457643318));
#2148 = CARTESIAN_POINT('',(2.748982991825,8.193603757015));
#2149 = CARTESIAN_POINT('',(2.753518127517,8.013356018065));
#2150 = CARTESIAN_POINT('',(2.756495931734,7.832079613084));
#2151 = CARTESIAN_POINT('',(2.757859330037,7.650266759126));
#2152 = CARTESIAN_POINT('',(2.757383214543,7.294744929637));
#2153 = CARTESIAN_POINT('',(2.75568039374,7.120980779842));
#2154 = CARTESIAN_POINT('',(2.752512410145,6.947801749803));
#2155 = CARTESIAN_POINT('',(2.747937320814,6.775625955685));
#2156 = CARTESIAN_POINT('',(2.742054786807,6.604762964467));
#2157 = CARTESIAN_POINT('',(2.734984106245,6.435433288659));
#2158 = CARTESIAN_POINT('',(2.726844000338,6.267785051453));
#2159 = CARTESIAN_POINT('',(2.700858568004,5.793972455359));
#2160 = CARTESIAN_POINT('',(2.680682485896,5.492328932668));
#2161 = CARTESIAN_POINT('',(2.657887805206,5.196523692617));
#2162 = CARTESIAN_POINT('',(2.633025312222,4.90614056457));
#2163 = CARTESIAN_POINT('',(2.606450314813,4.620957310271));
#2164 = CARTESIAN_POINT('',(2.57840696882,4.340739440053));
#2165 = CARTESIAN_POINT('',(2.549030599593,4.065228408829));
#2166 = CARTESIAN_POINT('',(2.483112789622,3.482466370521));
#2167 = CARTESIAN_POINT('',(2.446219360755,3.177176587886));
#2168 = CARTESIAN_POINT('',(2.407785296229,2.877984084958));
#2169 = CARTESIAN_POINT('',(2.367832000304,2.585174421905));
#2170 = CARTESIAN_POINT('',(2.326332330176,2.299424510835));
#2171 = CARTESIAN_POINT('',(2.283222594422,2.021742312805));
#2172 = CARTESIAN_POINT('',(2.238390605647,1.753481566667));
#2173 = CARTESIAN_POINT('',(2.173195924851,1.395036550468));
#2174 = CARTESIAN_POINT('',(2.154461004142,1.29541784216));
#2175 = CARTESIAN_POINT('',(2.135422100313,1.197689350271));
#2176 = CARTESIAN_POINT('',(2.116069330931,1.101990981012));
#2177 = CARTESIAN_POINT('',(2.096393033335,1.008484153452));
#2178 = CARTESIAN_POINT('',(2.076383620149,0.917351381173));
#2179 = CARTESIAN_POINT('',(2.056031434791,0.828795853925));
#2180 = CARTESIAN_POINT('',(2.007505350801,0.627811506438));
#2181 = CARTESIAN_POINT('',(1.979051779681,0.517656658067));
#2182 = CARTESIAN_POINT('',(1.94993948629,0.413107524678));
#2183 = CARTESIAN_POINT('',(1.920153898649,0.314811947701));
#2184 = CARTESIAN_POINT('',(1.889691777956,0.223519471099));
#2185 = CARTESIAN_POINT('',(1.858562850006,0.140053204227));
#2186 = CARTESIAN_POINT('',(1.82679357019,6.526863595198E-02));
#2187 = CARTESIAN_POINT('',(1.794433022085,-6.E-07));
#2188 = ( GEOMETRIC_REPRESENTATION_CONTEXT(2) 
PARAMETRIC_REPRESENTATION_CONTEXT() REPRESENTATION_CONTEXT('2D SPACE',''
  ) );
#2189 = ADVANCED_FACE('',(#2190),#126,.T.);
#2190 = FACE_BOUND('',#2191,.T.);
#2191 = EDGE_LOOP('',(#2192,#2193,#2215,#2216,#2239,#2263));
#2192 = ORIENTED_EDGE('',*,*,#51,.T.);
#2193 = ORIENTED_EDGE('',*,*,#2194,.T.);
#2194 = EDGE_CURVE('',#54,#1369,#2195,.T.);
#2195 = SURFACE_CURVE('',#2196,(#2201,#2208),.PCURVE_S1.);
#2196 = CIRCLE('',#2197,8.);
#2197 = AXIS2_PLACEMENT_3D('',#2198,#2199,#2200);
#2198 = CARTESIAN_POINT('',(1.,-16.5,0.));
#2199 = DIRECTION('',(0.,1.,0.));
#2200 = DIRECTION('',(0.975097296124,0.,-0.221777508085));
#2201 = PCURVE('',#126,#2202);
#2202 = DEFINITIONAL_REPRESENTATION('',(#2203),#2207);
#2203 = CIRCLE('',#2204,8.);
#2204 = AXIS2_PLACEMENT_2D('',#2205,#2206);
#2205 = CARTESIAN_POINT('',(0.,0.));
#2206 = DIRECTION('',(-0.221777508085,0.975097296124));
#2207 = ( GEOMETRIC_REPRESENTATION_CONTEXT(2) 
PARAMETRIC_REPRESENTATION_CONTEXT() REPRESENTATION_CONTEXT('2D SPACE',''
  ) );
#2208 = PCURVE('',#1584,#2209);
#2209 = DEFINITIONAL_REPRESENTATION('',(#2210),#2214);
#2210 = LINE('',#2211,#2212);
#2211 = CARTESIAN_POINT('',(1.794433323872,15.));
#2212 = VECTOR('',#2213,1.);
#2213 = DIRECTION('',(1.,0.));
#2214 = ( GEOMETRIC_REPRESENTATION_CONTEXT(2) 
PARAMETRIC_REPRESENTATION_CONTEXT() REPRESENTATION_CONTEXT('2D SPACE',''
  ) );
#2215 = ORIENTED_EDGE('',*,*,#1368,.F.);
#2216 = ORIENTED_EDGE('',*,*,#2217,.F.);
#2217 = EDGE_CURVE('',#2218,#1340,#2220,.T.);
#2218 = VERTEX_POINT('',#2219);
#2219 = CARTESIAN_POINT('',(1.,-16.5,1.6));
#2220 = SURFACE_CURVE('',#2221,(#2225,#2232),.PCURVE_S1.);
#2221 = LINE('',#2222,#2223);
#2222 = CARTESIAN_POINT('',(1.,-16.5,0.));
#2223 = VECTOR('',#2224,1.);
#2224 = DIRECTION('',(0.,0.,1.));
#2225 = PCURVE('',#126,#2226);
#2226 = DEFINITIONAL_REPRESENTATION('',(#2227),#2231);
#2227 = LINE('',#2228,#2229);
#2228 = CARTESIAN_POINT('',(0.,0.));
#2229 = VECTOR('',#2230,1.);
#2230 = DIRECTION('',(1.,0.));
#2231 = ( GEOMETRIC_REPRESENTATION_CONTEXT(2) 
PARAMETRIC_REPRESENTATION_CONTEXT() REPRESENTATION_CONTEXT('2D SPACE',''
  ) );
#2232 = PCURVE('',#1356,#2233);
#2233 = DEFINITIONAL_REPRESENTATION('',(#2234),#2238);
#2234 = LINE('',#2235,#2236);
#2235 = CARTESIAN_POINT('',(7.5,0.));
#2236 = VECTOR('',#2237,1.);
#2237 = DIRECTION('',(0.,1.));
#2238 = ( GEOMETRIC_REPRESENTATION_CONTEXT(2) 
PARAMETRIC_REPRESENTATION_CONTEXT() REPRESENTATION_CONTEXT('2D SPACE',''
  ) );
#2239 = ORIENTED_EDGE('',*,*,#2240,.F.);
#2240 = EDGE_CURVE('',#2241,#2218,#2243,.T.);
#2241 = VERTEX_POINT('',#2242);
#2242 = CARTESIAN_POINT('',(1.,-16.5,-1.6));
#2243 = SURFACE_CURVE('',#2244,(#2249,#2256),.PCURVE_S1.);
#2244 = CIRCLE('',#2245,1.6);
#2245 = AXIS2_PLACEMENT_3D('',#2246,#2247,#2248);
#2246 = CARTESIAN_POINT('',(1.,-16.5,0.));
#2247 = DIRECTION('',(0.,1.,0.));
#2248 = DIRECTION('',(0.,-0.,1.));
#2249 = PCURVE('',#126,#2250);
#2250 = DEFINITIONAL_REPRESENTATION('',(#2251),#2255);
#2251 = CIRCLE('',#2252,1.6);
#2252 = AXIS2_PLACEMENT_2D('',#2253,#2254);
#2253 = CARTESIAN_POINT('',(0.,0.));
#2254 = DIRECTION('',(1.,0.));
#2255 = ( GEOMETRIC_REPRESENTATION_CONTEXT(2) 
PARAMETRIC_REPRESENTATION_CONTEXT() REPRESENTATION_CONTEXT('2D SPACE',''
  ) );
#2256 = PCURVE('',#222,#2257);
#2257 = DEFINITIONAL_REPRESENTATION('',(#2258),#2262);
#2258 = LINE('',#2259,#2260);
#2259 = CARTESIAN_POINT('',(0.,22.5));
#2260 = VECTOR('',#2261,1.);
#2261 = DIRECTION('',(1.,0.));
#2262 = ( GEOMETRIC_REPRESENTATION_CONTEXT(2) 
PARAMETRIC_REPRESENTATION_CONTEXT() REPRESENTATION_CONTEXT('2D SPACE',''
  ) );
#2263 = ORIENTED_EDGE('',*,*,#2264,.F.);
#2264 = EDGE_CURVE('',#52,#2241,#2265,.T.);
#2265 = SURFACE_CURVE('',#2266,(#2270,#2277),.PCURVE_S1.);
#2266 = LINE('',#2267,#2268);
#2267 = CARTESIAN_POINT('',(1.,-16.5,0.));
#2268 = VECTOR('',#2269,1.);
#2269 = DIRECTION('',(0.,0.,1.));
#2270 = PCURVE('',#126,#2271);
#2271 = DEFINITIONAL_REPRESENTATION('',(#2272),#2276);
#2272 = LINE('',#2273,#2274);
#2273 = CARTESIAN_POINT('',(0.,0.));
#2274 = VECTOR('',#2275,1.);
#2275 = DIRECTION('',(1.,0.));
#2276 = ( GEOMETRIC_REPRESENTATION_CONTEXT(2) 
PARAMETRIC_REPRESENTATION_CONTEXT() REPRESENTATION_CONTEXT('2D SPACE',''
  ) );
#2277 = PCURVE('',#168,#2278);
#2278 = DEFINITIONAL_REPRESENTATION('',(#2279),#2283);
#2279 = LINE('',#2280,#2281);
#2280 = CARTESIAN_POINT('',(7.5,0.));
#2281 = VECTOR('',#2282,1.);
#2282 = DIRECTION('',(0.,1.));
#2283 = ( GEOMETRIC_REPRESENTATION_CONTEXT(2) 
PARAMETRIC_REPRESENTATION_CONTEXT() REPRESENTATION_CONTEXT('2D SPACE',''
  ) );
#2284 = ADVANCED_FACE('',(#2285),#1584,.T.);
#2285 = FACE_BOUND('',#2286,.T.);
#2286 = EDGE_LOOP('',(#2287,#2309,#2310,#2311));
#2287 = ORIENTED_EDGE('',*,*,#2288,.T.);
#2288 = EDGE_CURVE('',#1901,#1431,#2289,.T.);
#2289 = SURFACE_CURVE('',#2290,(#2295,#2302),.PCURVE_S1.);
#2290 = CIRCLE('',#2291,8.);
#2291 = AXIS2_PLACEMENT_3D('',#2292,#2293,#2294);
#2292 = CARTESIAN_POINT('',(1.,-31.5,0.));
#2293 = DIRECTION('',(0.,1.,0.));
#2294 = DIRECTION('',(0.975097297079,0.,-0.221777503886));
#2295 = PCURVE('',#1584,#2296);
#2296 = DEFINITIONAL_REPRESENTATION('',(#2297),#2301);
#2297 = LINE('',#2298,#2299);
#2298 = CARTESIAN_POINT('',(1.794433319566,0.));
#2299 = VECTOR('',#2300,1.);
#2300 = DIRECTION('',(1.,0.));
#2301 = ( GEOMETRIC_REPRESENTATION_CONTEXT(2) 
PARAMETRIC_REPRESENTATION_CONTEXT() REPRESENTATION_CONTEXT('2D SPACE',''
  ) );
#2302 = PCURVE('',#1707,#2303);
#2303 = DEFINITIONAL_REPRESENTATION('',(#2304),#2308);
#2304 = CIRCLE('',#2305,8.);
#2305 = AXIS2_PLACEMENT_2D('',#2306,#2307);
#2306 = CARTESIAN_POINT('',(0.,0.));
#2307 = DIRECTION('',(-0.221777503886,0.975097297079));
#2308 = ( GEOMETRIC_REPRESENTATION_CONTEXT(2) 
PARAMETRIC_REPRESENTATION_CONTEXT() REPRESENTATION_CONTEXT('2D SPACE',''
  ) );
#2309 = ORIENTED_EDGE('',*,*,#1430,.T.);
#2310 = ORIENTED_EDGE('',*,*,#2194,.F.);
#2311 = ORIENTED_EDGE('',*,*,#1962,.T.);
#2312 = ADVANCED_FACE('',(#2313),#1707,.F.);
#2313 = FACE_BOUND('',#2314,.F.);
#2314 = EDGE_LOOP('',(#2315,#2316,#2317,#2318,#2341,#2365));
#2315 = ORIENTED_EDGE('',*,*,#1900,.F.);
#2316 = ORIENTED_EDGE('',*,*,#2288,.T.);
#2317 = ORIENTED_EDGE('',*,*,#1665,.F.);
#2318 = ORIENTED_EDGE('',*,*,#2319,.F.);
#2319 = EDGE_CURVE('',#2320,#1666,#2322,.T.);
#2320 = VERTEX_POINT('',#2321);
#2321 = CARTESIAN_POINT('',(1.,-31.5,1.6));
#2322 = SURFACE_CURVE('',#2323,(#2327,#2334),.PCURVE_S1.);
#2323 = LINE('',#2324,#2325);
#2324 = CARTESIAN_POINT('',(1.,-31.5,0.));
#2325 = VECTOR('',#2326,1.);
#2326 = DIRECTION('',(0.,0.,1.));
#2327 = PCURVE('',#1707,#2328);
#2328 = DEFINITIONAL_REPRESENTATION('',(#2329),#2333);
#2329 = LINE('',#2330,#2331);
#2330 = CARTESIAN_POINT('',(0.,0.));
#2331 = VECTOR('',#2332,1.);
#2332 = DIRECTION('',(1.,0.));
#2333 = ( GEOMETRIC_REPRESENTATION_CONTEXT(2) 
PARAMETRIC_REPRESENTATION_CONTEXT() REPRESENTATION_CONTEXT('2D SPACE',''
  ) );
#2334 = PCURVE('',#1749,#2335);
#2335 = DEFINITIONAL_REPRESENTATION('',(#2336),#2340);
#2336 = LINE('',#2337,#2338);
#2337 = CARTESIAN_POINT('',(-7.5,0.));
#2338 = VECTOR('',#2339,1.);
#2339 = DIRECTION('',(0.,1.));
#2340 = ( GEOMETRIC_REPRESENTATION_CONTEXT(2) 
PARAMETRIC_REPRESENTATION_CONTEXT() REPRESENTATION_CONTEXT('2D SPACE',''
  ) );
#2341 = ORIENTED_EDGE('',*,*,#2342,.F.);
#2342 = EDGE_CURVE('',#2343,#2320,#2345,.T.);
#2343 = VERTEX_POINT('',#2344);
#2344 = CARTESIAN_POINT('',(1.,-31.5,-1.6));
#2345 = SURFACE_CURVE('',#2346,(#2351,#2358),.PCURVE_S1.);
#2346 = CIRCLE('',#2347,1.6);
#2347 = AXIS2_PLACEMENT_3D('',#2348,#2349,#2350);
#2348 = CARTESIAN_POINT('',(1.,-31.5,0.));
#2349 = DIRECTION('',(0.,1.,0.));
#2350 = DIRECTION('',(0.,-0.,1.));
#2351 = PCURVE('',#1707,#2352);
#2352 = DEFINITIONAL_REPRESENTATION('',(#2353),#2357);
#2353 = CIRCLE('',#2354,1.6);
#2354 = AXIS2_PLACEMENT_2D('',#2355,#2356);
#2355 = CARTESIAN_POINT('',(0.,0.));
#2356 = DIRECTION('',(1.,0.));
#2357 = ( GEOMETRIC_REPRESENTATION_CONTEXT(2) 
PARAMETRIC_REPRESENTATION_CONTEXT() REPRESENTATION_CONTEXT('2D SPACE',''
  ) );
#2358 = PCURVE('',#222,#2359);
#2359 = DEFINITIONAL_REPRESENTATION('',(#2360),#2364);
#2360 = LINE('',#2361,#2362);
#2361 = CARTESIAN_POINT('',(0.,7.5));
#2362 = VECTOR('',#2363,1.);
#2363 = DIRECTION('',(1.,0.));
#2364 = ( GEOMETRIC_REPRESENTATION_CONTEXT(2) 
PARAMETRIC_REPRESENTATION_CONTEXT() REPRESENTATION_CONTEXT('2D SPACE',''
  ) );
#2365 = ORIENTED_EDGE('',*,*,#2366,.F.);
#2366 = EDGE_CURVE('',#1872,#2343,#2367,.T.);
#2367 = SURFACE_CURVE('',#2368,(#2372,#2379),.PCURVE_S1.);
#2368 = LINE('',#2369,#2370);
#2369 = CARTESIAN_POINT('',(1.,-31.5,0.));
#2370 = VECTOR('',#2371,1.);
#2371 = DIRECTION('',(0.,0.,1.));
#2372 = PCURVE('',#1707,#2373);
#2373 = DEFINITIONAL_REPRESENTATION('',(#2374),#2378);
#2374 = LINE('',#2375,#2376);
#2375 = CARTESIAN_POINT('',(0.,0.));
#2376 = VECTOR('',#2377,1.);
#2377 = DIRECTION('',(1.,0.));
#2378 = ( GEOMETRIC_REPRESENTATION_CONTEXT(2) 
PARAMETRIC_REPRESENTATION_CONTEXT() REPRESENTATION_CONTEXT('2D SPACE',''
  ) );
#2379 = PCURVE('',#1888,#2380);
#2380 = DEFINITIONAL_REPRESENTATION('',(#2381),#2385);
#2381 = LINE('',#2382,#2383);
#2382 = CARTESIAN_POINT('',(-7.5,0.));
#2383 = VECTOR('',#2384,1.);
#2384 = DIRECTION('',(0.,1.));
#2385 = ( GEOMETRIC_REPRESENTATION_CONTEXT(2) 
PARAMETRIC_REPRESENTATION_CONTEXT() REPRESENTATION_CONTEXT('2D SPACE',''
  ) );
#2386 = ADVANCED_FACE('',(#2387),#1888,.F.);
#2387 = FACE_BOUND('',#2388,.F.);
#2388 = EDGE_LOOP('',(#2389,#2390,#2411));
#2389 = ORIENTED_EDGE('',*,*,#2366,.T.);
#2390 = ORIENTED_EDGE('',*,*,#2391,.F.);
#2391 = EDGE_CURVE('',#1762,#2343,#2392,.T.);
#2392 = SURFACE_CURVE('',#2393,(#2397,#2404),.PCURVE_S1.);
#2393 = LINE('',#2394,#2395);
#2394 = CARTESIAN_POINT('',(1.,-39.,-1.6));
#2395 = VECTOR('',#2396,1.);
#2396 = DIRECTION('',(0.,1.,0.));
#2397 = PCURVE('',#1888,#2398);
#2398 = DEFINITIONAL_REPRESENTATION('',(#2399),#2403);
#2399 = LINE('',#2400,#2401);
#2400 = CARTESIAN_POINT('',(-15.,-1.6));
#2401 = VECTOR('',#2402,1.);
#2402 = DIRECTION('',(1.,0.));
#2403 = ( GEOMETRIC_REPRESENTATION_CONTEXT(2) 
PARAMETRIC_REPRESENTATION_CONTEXT() REPRESENTATION_CONTEXT('2D SPACE',''
  ) );
#2404 = PCURVE('',#222,#2405);
#2405 = DEFINITIONAL_REPRESENTATION('',(#2406),#2410);
#2406 = LINE('',#2407,#2408);
#2407 = CARTESIAN_POINT('',(3.14159265359,0.));
#2408 = VECTOR('',#2409,1.);
#2409 = DIRECTION('',(0.,1.));
#2410 = ( GEOMETRIC_REPRESENTATION_CONTEXT(2) 
PARAMETRIC_REPRESENTATION_CONTEXT() REPRESENTATION_CONTEXT('2D SPACE',''
  ) );
#2411 = ORIENTED_EDGE('',*,*,#1871,.T.);
#2412 = ADVANCED_FACE('',(#2413),#222,.F.);
#2413 = FACE_BOUND('',#2414,.F.);
#2414 = EDGE_LOOP('',(#2415,#2416,#2437,#2458,#2479,#2480,#2481,#2482,
    #2483,#2484,#2505));
#2415 = ORIENTED_EDGE('',*,*,#1277,.F.);
#2416 = ORIENTED_EDGE('',*,*,#2417,.F.);
#2417 = EDGE_CURVE('',#2218,#1278,#2418,.T.);
#2418 = SURFACE_CURVE('',#2419,(#2423,#2430),.PCURVE_S1.);
#2419 = LINE('',#2420,#2421);
#2420 = CARTESIAN_POINT('',(1.,-39.,1.6));
#2421 = VECTOR('',#2422,1.);
#2422 = DIRECTION('',(0.,1.,0.));
#2423 = PCURVE('',#222,#2424);
#2424 = DEFINITIONAL_REPRESENTATION('',(#2425),#2429);
#2425 = LINE('',#2426,#2427);
#2426 = CARTESIAN_POINT('',(0.,-0.));
#2427 = VECTOR('',#2428,1.);
#2428 = DIRECTION('',(0.,1.));
#2429 = ( GEOMETRIC_REPRESENTATION_CONTEXT(2) 
PARAMETRIC_REPRESENTATION_CONTEXT() REPRESENTATION_CONTEXT('2D SPACE',''
  ) );
#2430 = PCURVE('',#1356,#2431);
#2431 = DEFINITIONAL_REPRESENTATION('',(#2432),#2436);
#2432 = LINE('',#2433,#2434);
#2433 = CARTESIAN_POINT('',(-15.,1.6));
#2434 = VECTOR('',#2435,1.);
#2435 = DIRECTION('',(1.,0.));
#2436 = ( GEOMETRIC_REPRESENTATION_CONTEXT(2) 
PARAMETRIC_REPRESENTATION_CONTEXT() REPRESENTATION_CONTEXT('2D SPACE',''
  ) );
#2437 = ORIENTED_EDGE('',*,*,#2438,.F.);
#2438 = EDGE_CURVE('',#2320,#2218,#2439,.T.);
#2439 = SEAM_CURVE('',#2440,(#2444,#2451),.PCURVE_S1.);
#2440 = LINE('',#2441,#2442);
#2441 = CARTESIAN_POINT('',(1.,-39.,1.6));
#2442 = VECTOR('',#2443,1.);
#2443 = DIRECTION('',(0.,1.,0.));
#2444 = PCURVE('',#222,#2445);
#2445 = DEFINITIONAL_REPRESENTATION('',(#2446),#2450);
#2446 = LINE('',#2447,#2448);
#2447 = CARTESIAN_POINT('',(6.28318530718,-0.));
#2448 = VECTOR('',#2449,1.);
#2449 = DIRECTION('',(0.,1.));
#2450 = ( GEOMETRIC_REPRESENTATION_CONTEXT(2) 
PARAMETRIC_REPRESENTATION_CONTEXT() REPRESENTATION_CONTEXT('2D SPACE',''
  ) );
#2451 = PCURVE('',#222,#2452);
#2452 = DEFINITIONAL_REPRESENTATION('',(#2453),#2457);
#2453 = LINE('',#2454,#2455);
#2454 = CARTESIAN_POINT('',(0.,-0.));
#2455 = VECTOR('',#2456,1.);
#2456 = DIRECTION('',(0.,1.));
#2457 = ( GEOMETRIC_REPRESENTATION_CONTEXT(2) 
PARAMETRIC_REPRESENTATION_CONTEXT() REPRESENTATION_CONTEXT('2D SPACE',''
  ) );
#2458 = ORIENTED_EDGE('',*,*,#2459,.F.);
#2459 = EDGE_CURVE('',#1733,#2320,#2460,.T.);
#2460 = SURFACE_CURVE('',#2461,(#2465,#2472),.PCURVE_S1.);
#2461 = LINE('',#2462,#2463);
#2462 = CARTESIAN_POINT('',(1.,-39.,1.6));
#2463 = VECTOR('',#2464,1.);
#2464 = DIRECTION('',(0.,1.,0.));
#2465 = PCURVE('',#222,#2466);
#2466 = DEFINITIONAL_REPRESENTATION('',(#2467),#2471);
#2467 = LINE('',#2468,#2469);
#2468 = CARTESIAN_POINT('',(0.,-0.));
#2469 = VECTOR('',#2470,1.);
#2470 = DIRECTION('',(0.,1.));
#2471 = ( GEOMETRIC_REPRESENTATION_CONTEXT(2) 
PARAMETRIC_REPRESENTATION_CONTEXT() REPRESENTATION_CONTEXT('2D SPACE',''
  ) );
#2472 = PCURVE('',#1749,#2473);
#2473 = DEFINITIONAL_REPRESENTATION('',(#2474),#2478);
#2474 = LINE('',#2475,#2476);
#2475 = CARTESIAN_POINT('',(-15.,1.6));
#2476 = VECTOR('',#2477,1.);
#2477 = DIRECTION('',(1.,0.));
#2478 = ( GEOMETRIC_REPRESENTATION_CONTEXT(2) 
PARAMETRIC_REPRESENTATION_CONTEXT() REPRESENTATION_CONTEXT('2D SPACE',''
  ) );
#2479 = ORIENTED_EDGE('',*,*,#1761,.T.);
#2480 = ORIENTED_EDGE('',*,*,#2391,.T.);
#2481 = ORIENTED_EDGE('',*,*,#2342,.T.);
#2482 = ORIENTED_EDGE('',*,*,#2438,.T.);
#2483 = ORIENTED_EDGE('',*,*,#2240,.F.);
#2484 = ORIENTED_EDGE('',*,*,#2485,.T.);
#2485 = EDGE_CURVE('',#2241,#152,#2486,.T.);
#2486 = SURFACE_CURVE('',#2487,(#2491,#2498),.PCURVE_S1.);
#2487 = LINE('',#2488,#2489);
#2488 = CARTESIAN_POINT('',(1.,-39.,-1.6));
#2489 = VECTOR('',#2490,1.);
#2490 = DIRECTION('',(0.,1.,0.));
#2491 = PCURVE('',#222,#2492);
#2492 = DEFINITIONAL_REPRESENTATION('',(#2493),#2497);
#2493 = LINE('',#2494,#2495);
#2494 = CARTESIAN_POINT('',(3.14159265359,0.));
#2495 = VECTOR('',#2496,1.);
#2496 = DIRECTION('',(0.,1.));
#2497 = ( GEOMETRIC_REPRESENTATION_CONTEXT(2) 
PARAMETRIC_REPRESENTATION_CONTEXT() REPRESENTATION_CONTEXT('2D SPACE',''
  ) );
#2498 = PCURVE('',#168,#2499);
#2499 = DEFINITIONAL_REPRESENTATION('',(#2500),#2504);
#2500 = LINE('',#2501,#2502);
#2501 = CARTESIAN_POINT('',(-15.,-1.6));
#2502 = VECTOR('',#2503,1.);
#2503 = DIRECTION('',(1.,0.));
#2504 = ( GEOMETRIC_REPRESENTATION_CONTEXT(2) 
PARAMETRIC_REPRESENTATION_CONTEXT() REPRESENTATION_CONTEXT('2D SPACE',''
  ) );
#2505 = ORIENTED_EDGE('',*,*,#180,.T.);
#2506 = ADVANCED_FACE('',(#2507),#1749,.F.);
#2507 = FACE_BOUND('',#2508,.F.);
#2508 = EDGE_LOOP('',(#2509,#2510,#2511));
#2509 = ORIENTED_EDGE('',*,*,#2459,.T.);
#2510 = ORIENTED_EDGE('',*,*,#2319,.T.);
#2511 = ORIENTED_EDGE('',*,*,#1732,.T.);
#2512 = ADVANCED_FACE('',(#2513),#1356,.F.);
#2513 = FACE_BOUND('',#2514,.F.);
#2514 = EDGE_LOOP('',(#2515,#2516,#2517));
#2515 = ORIENTED_EDGE('',*,*,#2217,.F.);
#2516 = ORIENTED_EDGE('',*,*,#2417,.T.);
#2517 = ORIENTED_EDGE('',*,*,#1339,.T.);
#2518 = ADVANCED_FACE('',(#2519),#319,.F.);
#2519 = FACE_BOUND('',#2520,.F.);
#2520 = EDGE_LOOP('',(#2521,#2544,#2545,#2546,#2569,#2591,#2614,#2638,
    #2659,#2660,#2681));
#2521 = ORIENTED_EDGE('',*,*,#2522,.T.);
#2522 = EDGE_CURVE('',#2523,#1185,#2525,.T.);
#2523 = VERTEX_POINT('',#2524);
#2524 = CARTESIAN_POINT('',(33.7,-17.4,1.6));
#2525 = SURFACE_CURVE('',#2526,(#2530,#2537),.PCURVE_S1.);
#2526 = LINE('',#2527,#2528);
#2527 = CARTESIAN_POINT('',(33.7,-37.2,1.6));
#2528 = VECTOR('',#2529,1.);
#2529 = DIRECTION('',(0.,1.,0.));
#2530 = PCURVE('',#319,#2531);
#2531 = DEFINITIONAL_REPRESENTATION('',(#2532),#2536);
#2532 = LINE('',#2533,#2534);
#2533 = CARTESIAN_POINT('',(6.28318530718,-0.));
#2534 = VECTOR('',#2535,1.);
#2535 = DIRECTION('',(0.,1.));
#2536 = ( GEOMETRIC_REPRESENTATION_CONTEXT(2) 
PARAMETRIC_REPRESENTATION_CONTEXT() REPRESENTATION_CONTEXT('2D SPACE',''
  ) );
#2537 = PCURVE('',#1201,#2538);
#2538 = DEFINITIONAL_REPRESENTATION('',(#2539),#2543);
#2539 = LINE('',#2540,#2541);
#2540 = CARTESIAN_POINT('',(-13.2,1.6));
#2541 = VECTOR('',#2542,1.);
#2542 = DIRECTION('',(1.,0.));
#2543 = ( GEOMETRIC_REPRESENTATION_CONTEXT(2) 
PARAMETRIC_REPRESENTATION_CONTEXT() REPRESENTATION_CONTEXT('2D SPACE',''
  ) );
#2544 = ORIENTED_EDGE('',*,*,#1213,.T.);
#2545 = ORIENTED_EDGE('',*,*,#269,.T.);
#2546 = ORIENTED_EDGE('',*,*,#2547,.F.);
#2547 = EDGE_CURVE('',#2548,#270,#2550,.T.);
#2548 = VERTEX_POINT('',#2549);
#2549 = CARTESIAN_POINT('',(33.7,-17.4,-1.6));
#2550 = SURFACE_CURVE('',#2551,(#2555,#2562),.PCURVE_S1.);
#2551 = LINE('',#2552,#2553);
#2552 = CARTESIAN_POINT('',(33.7,-37.2,-1.6));
#2553 = VECTOR('',#2554,1.);
#2554 = DIRECTION('',(0.,1.,0.));
#2555 = PCURVE('',#319,#2556);
#2556 = DEFINITIONAL_REPRESENTATION('',(#2557),#2561);
#2557 = LINE('',#2558,#2559);
#2558 = CARTESIAN_POINT('',(3.14159265359,0.));
#2559 = VECTOR('',#2560,1.);
#2560 = DIRECTION('',(0.,1.));
#2561 = ( GEOMETRIC_REPRESENTATION_CONTEXT(2) 
PARAMETRIC_REPRESENTATION_CONTEXT() REPRESENTATION_CONTEXT('2D SPACE',''
  ) );
#2562 = PCURVE('',#365,#2563);
#2563 = DEFINITIONAL_REPRESENTATION('',(#2564),#2568);
#2564 = LINE('',#2565,#2566);
#2565 = CARTESIAN_POINT('',(-13.2,-1.6));
#2566 = VECTOR('',#2567,1.);
#2567 = DIRECTION('',(1.,0.));
#2568 = ( GEOMETRIC_REPRESENTATION_CONTEXT(2) 
PARAMETRIC_REPRESENTATION_CONTEXT() REPRESENTATION_CONTEXT('2D SPACE',''
  ) );
#2569 = ORIENTED_EDGE('',*,*,#2570,.F.);
#2570 = EDGE_CURVE('',#2523,#2548,#2571,.T.);
#2571 = SURFACE_CURVE('',#2572,(#2577,#2584),.PCURVE_S1.);
#2572 = CIRCLE('',#2573,1.6);
#2573 = AXIS2_PLACEMENT_3D('',#2574,#2575,#2576);
#2574 = CARTESIAN_POINT('',(33.7,-17.4,0.));
#2575 = DIRECTION('',(0.,1.,0.));
#2576 = DIRECTION('',(0.,-0.,1.));
#2577 = PCURVE('',#319,#2578);
#2578 = DEFINITIONAL_REPRESENTATION('',(#2579),#2583);
#2579 = LINE('',#2580,#2581);
#2580 = CARTESIAN_POINT('',(0.,19.8));
#2581 = VECTOR('',#2582,1.);
#2582 = DIRECTION('',(1.,0.));
#2583 = ( GEOMETRIC_REPRESENTATION_CONTEXT(2) 
PARAMETRIC_REPRESENTATION_CONTEXT() REPRESENTATION_CONTEXT('2D SPACE',''
  ) );
#2584 = PCURVE('',#403,#2585);
#2585 = DEFINITIONAL_REPRESENTATION('',(#2586),#2590);
#2586 = CIRCLE('',#2587,1.6);
#2587 = AXIS2_PLACEMENT_2D('',#2588,#2589);
#2588 = CARTESIAN_POINT('',(0.,0.));
#2589 = DIRECTION('',(1.,0.));
#2590 = ( GEOMETRIC_REPRESENTATION_CONTEXT(2) 
PARAMETRIC_REPRESENTATION_CONTEXT() REPRESENTATION_CONTEXT('2D SPACE',''
  ) );
#2591 = ORIENTED_EDGE('',*,*,#2592,.F.);
#2592 = EDGE_CURVE('',#2593,#2523,#2595,.T.);
#2593 = VERTEX_POINT('',#2594);
#2594 = CARTESIAN_POINT('',(33.7,-30.6,1.6));
#2595 = SEAM_CURVE('',#2596,(#2600,#2607),.PCURVE_S1.);
#2596 = LINE('',#2597,#2598);
#2597 = CARTESIAN_POINT('',(33.7,-37.2,1.6));
#2598 = VECTOR('',#2599,1.);
#2599 = DIRECTION('',(0.,1.,0.));
#2600 = PCURVE('',#319,#2601);
#2601 = DEFINITIONAL_REPRESENTATION('',(#2602),#2606);
#2602 = LINE('',#2603,#2604);
#2603 = CARTESIAN_POINT('',(6.28318530718,-0.));
#2604 = VECTOR('',#2605,1.);
#2605 = DIRECTION('',(0.,1.));
#2606 = ( GEOMETRIC_REPRESENTATION_CONTEXT(2) 
PARAMETRIC_REPRESENTATION_CONTEXT() REPRESENTATION_CONTEXT('2D SPACE',''
  ) );
#2607 = PCURVE('',#319,#2608);
#2608 = DEFINITIONAL_REPRESENTATION('',(#2609),#2613);
#2609 = LINE('',#2610,#2611);
#2610 = CARTESIAN_POINT('',(0.,-0.));
#2611 = VECTOR('',#2612,1.);
#2612 = DIRECTION('',(0.,1.));
#2613 = ( GEOMETRIC_REPRESENTATION_CONTEXT(2) 
PARAMETRIC_REPRESENTATION_CONTEXT() REPRESENTATION_CONTEXT('2D SPACE',''
  ) );
#2614 = ORIENTED_EDGE('',*,*,#2615,.T.);
#2615 = EDGE_CURVE('',#2593,#2616,#2618,.T.);
#2616 = VERTEX_POINT('',#2617);
#2617 = CARTESIAN_POINT('',(33.7,-30.6,-1.6));
#2618 = SURFACE_CURVE('',#2619,(#2624,#2631),.PCURVE_S1.);
#2619 = CIRCLE('',#2620,1.6);
#2620 = AXIS2_PLACEMENT_3D('',#2621,#2622,#2623);
#2621 = CARTESIAN_POINT('',(33.7,-30.6,0.));
#2622 = DIRECTION('',(0.,1.,0.));
#2623 = DIRECTION('',(0.,-0.,1.));
#2624 = PCURVE('',#319,#2625);
#2625 = DEFINITIONAL_REPRESENTATION('',(#2626),#2630);
#2626 = LINE('',#2627,#2628);
#2627 = CARTESIAN_POINT('',(0.,6.6));
#2628 = VECTOR('',#2629,1.);
#2629 = DIRECTION('',(1.,0.));
#2630 = ( GEOMETRIC_REPRESENTATION_CONTEXT(2) 
PARAMETRIC_REPRESENTATION_CONTEXT() REPRESENTATION_CONTEXT('2D SPACE',''
  ) );
#2631 = PCURVE('',#687,#2632);
#2632 = DEFINITIONAL_REPRESENTATION('',(#2633),#2637);
#2633 = CIRCLE('',#2634,1.6);
#2634 = AXIS2_PLACEMENT_2D('',#2635,#2636);
#2635 = CARTESIAN_POINT('',(0.,0.));
#2636 = DIRECTION('',(1.,0.));
#2637 = ( GEOMETRIC_REPRESENTATION_CONTEXT(2) 
PARAMETRIC_REPRESENTATION_CONTEXT() REPRESENTATION_CONTEXT('2D SPACE',''
  ) );
#2638 = ORIENTED_EDGE('',*,*,#2639,.F.);
#2639 = EDGE_CURVE('',#705,#2616,#2640,.T.);
#2640 = SURFACE_CURVE('',#2641,(#2645,#2652),.PCURVE_S1.);
#2641 = LINE('',#2642,#2643);
#2642 = CARTESIAN_POINT('',(33.7,-37.2,-1.6));
#2643 = VECTOR('',#2644,1.);
#2644 = DIRECTION('',(0.,1.,0.));
#2645 = PCURVE('',#319,#2646);
#2646 = DEFINITIONAL_REPRESENTATION('',(#2647),#2651);
#2647 = LINE('',#2648,#2649);
#2648 = CARTESIAN_POINT('',(3.14159265359,0.));
#2649 = VECTOR('',#2650,1.);
#2650 = DIRECTION('',(0.,1.));
#2651 = ( GEOMETRIC_REPRESENTATION_CONTEXT(2) 
PARAMETRIC_REPRESENTATION_CONTEXT() REPRESENTATION_CONTEXT('2D SPACE',''
  ) );
#2652 = PCURVE('',#721,#2653);
#2653 = DEFINITIONAL_REPRESENTATION('',(#2654),#2658);
#2654 = LINE('',#2655,#2656);
#2655 = CARTESIAN_POINT('',(-13.2,-1.6));
#2656 = VECTOR('',#2657,1.);
#2657 = DIRECTION('',(1.,0.));
#2658 = ( GEOMETRIC_REPRESENTATION_CONTEXT(2) 
PARAMETRIC_REPRESENTATION_CONTEXT() REPRESENTATION_CONTEXT('2D SPACE',''
  ) );
#2659 = ORIENTED_EDGE('',*,*,#733,.T.);
#2660 = ORIENTED_EDGE('',*,*,#2661,.T.);
#2661 = EDGE_CURVE('',#734,#2593,#2662,.T.);
#2662 = SURFACE_CURVE('',#2663,(#2667,#2674),.PCURVE_S1.);
#2663 = LINE('',#2664,#2665);
#2664 = CARTESIAN_POINT('',(33.7,-37.2,1.6));
#2665 = VECTOR('',#2666,1.);
#2666 = DIRECTION('',(0.,1.,0.));
#2667 = PCURVE('',#319,#2668);
#2668 = DEFINITIONAL_REPRESENTATION('',(#2669),#2673);
#2669 = LINE('',#2670,#2671);
#2670 = CARTESIAN_POINT('',(6.28318530718,-0.));
#2671 = VECTOR('',#2672,1.);
#2672 = DIRECTION('',(0.,1.));
#2673 = ( GEOMETRIC_REPRESENTATION_CONTEXT(2) 
PARAMETRIC_REPRESENTATION_CONTEXT() REPRESENTATION_CONTEXT('2D SPACE',''
  ) );
#2674 = PCURVE('',#860,#2675);
#2675 = DEFINITIONAL_REPRESENTATION('',(#2676),#2680);
#2676 = LINE('',#2677,#2678);
#2677 = CARTESIAN_POINT('',(-13.2,1.6));
#2678 = VECTOR('',#2679,1.);
#2679 = DIRECTION('',(1.,0.));
#2680 = ( GEOMETRIC_REPRESENTATION_CONTEXT(2) 
PARAMETRIC_REPRESENTATION_CONTEXT() REPRESENTATION_CONTEXT('2D SPACE',''
  ) );
#2681 = ORIENTED_EDGE('',*,*,#2592,.T.);
#2682 = ADVANCED_FACE('',(#2683),#1201,.T.);
#2683 = FACE_BOUND('',#2684,.T.);
#2684 = EDGE_LOOP('',(#2685,#2706,#2707));
#2685 = ORIENTED_EDGE('',*,*,#2686,.F.);
#2686 = EDGE_CURVE('',#2523,#1147,#2687,.T.);
#2687 = SURFACE_CURVE('',#2688,(#2692,#2699),.PCURVE_S1.);
#2688 = LINE('',#2689,#2690);
#2689 = CARTESIAN_POINT('',(33.7,-17.4,0.));
#2690 = VECTOR('',#2691,1.);
#2691 = DIRECTION('',(0.,0.,1.));
#2692 = PCURVE('',#1201,#2693);
#2693 = DEFINITIONAL_REPRESENTATION('',(#2694),#2698);
#2694 = LINE('',#2695,#2696);
#2695 = CARTESIAN_POINT('',(6.6,0.));
#2696 = VECTOR('',#2697,1.);
#2697 = DIRECTION('',(0.,1.));
#2698 = ( GEOMETRIC_REPRESENTATION_CONTEXT(2) 
PARAMETRIC_REPRESENTATION_CONTEXT() REPRESENTATION_CONTEXT('2D SPACE',''
  ) );
#2699 = PCURVE('',#403,#2700);
#2700 = DEFINITIONAL_REPRESENTATION('',(#2701),#2705);
#2701 = LINE('',#2702,#2703);
#2702 = CARTESIAN_POINT('',(0.,0.));
#2703 = VECTOR('',#2704,1.);
#2704 = DIRECTION('',(1.,0.));
#2705 = ( GEOMETRIC_REPRESENTATION_CONTEXT(2) 
PARAMETRIC_REPRESENTATION_CONTEXT() REPRESENTATION_CONTEXT('2D SPACE',''
  ) );
#2706 = ORIENTED_EDGE('',*,*,#2522,.T.);
#2707 = ORIENTED_EDGE('',*,*,#1184,.T.);
#2708 = ADVANCED_FACE('',(#2709),#403,.T.);
#2709 = FACE_BOUND('',#2710,.T.);
#2710 = EDGE_LOOP('',(#2711,#2712,#2734,#2735,#2756,#2757));
#2711 = ORIENTED_EDGE('',*,*,#1146,.F.);
#2712 = ORIENTED_EDGE('',*,*,#2713,.T.);
#2713 = EDGE_CURVE('',#911,#378,#2714,.T.);
#2714 = SURFACE_CURVE('',#2715,(#2720,#2727),.PCURVE_S1.);
#2715 = CIRCLE('',#2716,6.88);
#2716 = AXIS2_PLACEMENT_3D('',#2717,#2718,#2719);
#2717 = CARTESIAN_POINT('',(33.7,-17.4,0.));
#2718 = DIRECTION('',(0.,1.,-0.));
#2719 = DIRECTION('',(-0.931812162641,0.,0.362940895401));
#2720 = PCURVE('',#403,#2721);
#2721 = DEFINITIONAL_REPRESENTATION('',(#2722),#2726);
#2722 = CIRCLE('',#2723,6.88);
#2723 = AXIS2_PLACEMENT_2D('',#2724,#2725);
#2724 = CARTESIAN_POINT('',(0.,0.));
#2725 = DIRECTION('',(0.362940895401,-0.931812162641));
#2726 = ( GEOMETRIC_REPRESENTATION_CONTEXT(2) 
PARAMETRIC_REPRESENTATION_CONTEXT() REPRESENTATION_CONTEXT('2D SPACE',''
  ) );
#2727 = PCURVE('',#578,#2728);
#2728 = DEFINITIONAL_REPRESENTATION('',(#2729),#2733);
#2729 = LINE('',#2730,#2731);
#2730 = CARTESIAN_POINT('',(5.083811044782,13.2));
#2731 = VECTOR('',#2732,1.);
#2732 = DIRECTION('',(1.,0.));
#2733 = ( GEOMETRIC_REPRESENTATION_CONTEXT(2) 
PARAMETRIC_REPRESENTATION_CONTEXT() REPRESENTATION_CONTEXT('2D SPACE',''
  ) );
#2734 = ORIENTED_EDGE('',*,*,#377,.T.);
#2735 = ORIENTED_EDGE('',*,*,#2736,.T.);
#2736 = EDGE_CURVE('',#349,#2548,#2737,.T.);
#2737 = SURFACE_CURVE('',#2738,(#2742,#2749),.PCURVE_S1.);
#2738 = LINE('',#2739,#2740);
#2739 = CARTESIAN_POINT('',(33.7,-17.4,0.));
#2740 = VECTOR('',#2741,1.);
#2741 = DIRECTION('',(0.,0.,1.));
#2742 = PCURVE('',#403,#2743);
#2743 = DEFINITIONAL_REPRESENTATION('',(#2744),#2748);
#2744 = LINE('',#2745,#2746);
#2745 = CARTESIAN_POINT('',(0.,0.));
#2746 = VECTOR('',#2747,1.);
#2747 = DIRECTION('',(1.,0.));
#2748 = ( GEOMETRIC_REPRESENTATION_CONTEXT(2) 
PARAMETRIC_REPRESENTATION_CONTEXT() REPRESENTATION_CONTEXT('2D SPACE',''
  ) );
#2749 = PCURVE('',#365,#2750);
#2750 = DEFINITIONAL_REPRESENTATION('',(#2751),#2755);
#2751 = LINE('',#2752,#2753);
#2752 = CARTESIAN_POINT('',(6.6,0.));
#2753 = VECTOR('',#2754,1.);
#2754 = DIRECTION('',(0.,1.));
#2755 = ( GEOMETRIC_REPRESENTATION_CONTEXT(2) 
PARAMETRIC_REPRESENTATION_CONTEXT() REPRESENTATION_CONTEXT('2D SPACE',''
  ) );
#2756 = ORIENTED_EDGE('',*,*,#2570,.F.);
#2757 = ORIENTED_EDGE('',*,*,#2686,.T.);
#2758 = ADVANCED_FACE('',(#2759),#578,.T.);
#2759 = FACE_BOUND('',#2760,.T.);
#2760 = EDGE_LOOP('',(#2761,#2783,#2784,#2785));
#2761 = ORIENTED_EDGE('',*,*,#2762,.T.);
#2762 = EDGE_CURVE('',#873,#421,#2763,.T.);
#2763 = SURFACE_CURVE('',#2764,(#2769,#2776),.PCURVE_S1.);
#2764 = CIRCLE('',#2765,6.88);
#2765 = AXIS2_PLACEMENT_3D('',#2766,#2767,#2768);
#2766 = CARTESIAN_POINT('',(33.7,-30.6,0.));
#2767 = DIRECTION('',(0.,1.,-0.));
#2768 = DIRECTION('',(-0.931812163025,0.,0.362940894416));
#2769 = PCURVE('',#578,#2770);
#2770 = DEFINITIONAL_REPRESENTATION('',(#2771),#2775);
#2771 = LINE('',#2772,#2773);
#2772 = CARTESIAN_POINT('',(5.083811043724,0.));
#2773 = VECTOR('',#2774,1.);
#2774 = DIRECTION('',(1.,0.));
#2775 = ( GEOMETRIC_REPRESENTATION_CONTEXT(2) 
PARAMETRIC_REPRESENTATION_CONTEXT() REPRESENTATION_CONTEXT('2D SPACE',''
  ) );
#2776 = PCURVE('',#687,#2777);
#2777 = DEFINITIONAL_REPRESENTATION('',(#2778),#2782);
#2778 = CIRCLE('',#2779,6.88);
#2779 = AXIS2_PLACEMENT_2D('',#2780,#2781);
#2780 = CARTESIAN_POINT('',(0.,0.));
#2781 = DIRECTION('',(0.362940894416,-0.931812163025));
#2782 = ( GEOMETRIC_REPRESENTATION_CONTEXT(2) 
PARAMETRIC_REPRESENTATION_CONTEXT() REPRESENTATION_CONTEXT('2D SPACE',''
  ) );
#2783 = ORIENTED_EDGE('',*,*,#420,.F.);
#2784 = ORIENTED_EDGE('',*,*,#2713,.F.);
#2785 = ORIENTED_EDGE('',*,*,#910,.F.);
#2786 = ADVANCED_FACE('',(#2787),#687,.F.);
#2787 = FACE_BOUND('',#2788,.F.);
#2788 = EDGE_LOOP('',(#2789,#2790,#2791,#2792,#2813,#2814));
#2789 = ORIENTED_EDGE('',*,*,#872,.F.);
#2790 = ORIENTED_EDGE('',*,*,#2762,.T.);
#2791 = ORIENTED_EDGE('',*,*,#661,.T.);
#2792 = ORIENTED_EDGE('',*,*,#2793,.T.);
#2793 = EDGE_CURVE('',#662,#2616,#2794,.T.);
#2794 = SURFACE_CURVE('',#2795,(#2799,#2806),.PCURVE_S1.);
#2795 = LINE('',#2796,#2797);
#2796 = CARTESIAN_POINT('',(33.7,-30.6,0.));
#2797 = VECTOR('',#2798,1.);
#2798 = DIRECTION('',(0.,0.,1.));
#2799 = PCURVE('',#687,#2800);
#2800 = DEFINITIONAL_REPRESENTATION('',(#2801),#2805);
#2801 = LINE('',#2802,#2803);
#2802 = CARTESIAN_POINT('',(0.,0.));
#2803 = VECTOR('',#2804,1.);
#2804 = DIRECTION('',(1.,0.));
#2805 = ( GEOMETRIC_REPRESENTATION_CONTEXT(2) 
PARAMETRIC_REPRESENTATION_CONTEXT() REPRESENTATION_CONTEXT('2D SPACE',''
  ) );
#2806 = PCURVE('',#721,#2807);
#2807 = DEFINITIONAL_REPRESENTATION('',(#2808),#2812);
#2808 = LINE('',#2809,#2810);
#2809 = CARTESIAN_POINT('',(-6.6,0.));
#2810 = VECTOR('',#2811,1.);
#2811 = DIRECTION('',(0.,1.));
#2812 = ( GEOMETRIC_REPRESENTATION_CONTEXT(2) 
PARAMETRIC_REPRESENTATION_CONTEXT() REPRESENTATION_CONTEXT('2D SPACE',''
  ) );
#2813 = ORIENTED_EDGE('',*,*,#2615,.F.);
#2814 = ORIENTED_EDGE('',*,*,#2815,.T.);
#2815 = EDGE_CURVE('',#2593,#844,#2816,.T.);
#2816 = SURFACE_CURVE('',#2817,(#2821,#2828),.PCURVE_S1.);
#2817 = LINE('',#2818,#2819);
#2818 = CARTESIAN_POINT('',(33.7,-30.6,0.));
#2819 = VECTOR('',#2820,1.);
#2820 = DIRECTION('',(0.,0.,1.));
#2821 = PCURVE('',#687,#2822);
#2822 = DEFINITIONAL_REPRESENTATION('',(#2823),#2827);
#2823 = LINE('',#2824,#2825);
#2824 = CARTESIAN_POINT('',(0.,0.));
#2825 = VECTOR('',#2826,1.);
#2826 = DIRECTION('',(1.,0.));
#2827 = ( GEOMETRIC_REPRESENTATION_CONTEXT(2) 
PARAMETRIC_REPRESENTATION_CONTEXT() REPRESENTATION_CONTEXT('2D SPACE',''
  ) );
#2828 = PCURVE('',#860,#2829);
#2829 = DEFINITIONAL_REPRESENTATION('',(#2830),#2834);
#2830 = LINE('',#2831,#2832);
#2831 = CARTESIAN_POINT('',(-6.6,0.));
#2832 = VECTOR('',#2833,1.);
#2833 = DIRECTION('',(0.,1.));
#2834 = ( GEOMETRIC_REPRESENTATION_CONTEXT(2) 
PARAMETRIC_REPRESENTATION_CONTEXT() REPRESENTATION_CONTEXT('2D SPACE',''
  ) );
#2835 = ADVANCED_FACE('',(#2836),#860,.T.);
#2836 = FACE_BOUND('',#2837,.T.);
#2837 = EDGE_LOOP('',(#2838,#2839,#2840));
#2838 = ORIENTED_EDGE('',*,*,#2661,.T.);
#2839 = ORIENTED_EDGE('',*,*,#2815,.T.);
#2840 = ORIENTED_EDGE('',*,*,#843,.T.);
#2841 = ADVANCED_FACE('',(#2842),#721,.T.);
#2842 = FACE_BOUND('',#2843,.T.);
#2843 = EDGE_LOOP('',(#2844,#2845,#2846));
#2844 = ORIENTED_EDGE('',*,*,#2793,.T.);
#2845 = ORIENTED_EDGE('',*,*,#2639,.F.);
#2846 = ORIENTED_EDGE('',*,*,#704,.T.);
#2847 = ADVANCED_FACE('',(#2848),#365,.T.);
#2848 = FACE_BOUND('',#2849,.T.);
#2849 = EDGE_LOOP('',(#2850,#2851,#2852));
#2850 = ORIENTED_EDGE('',*,*,#2736,.F.);
#2851 = ORIENTED_EDGE('',*,*,#348,.T.);
#2852 = ORIENTED_EDGE('',*,*,#2547,.F.);
#2853 = ADVANCED_FACE('',(#2854),#168,.F.);
#2854 = FACE_BOUND('',#2855,.F.);
#2855 = EDGE_LOOP('',(#2856,#2857,#2858));
#2856 = ORIENTED_EDGE('',*,*,#2264,.F.);
#2857 = ORIENTED_EDGE('',*,*,#151,.T.);
#2858 = ORIENTED_EDGE('',*,*,#2485,.F.);
#2859 = ( GEOMETRIC_REPRESENTATION_CONTEXT(3) 
GLOBAL_UNCERTAINTY_ASSIGNED_CONTEXT((#2863)) 
GLOBAL_UNIT_ASSIGNED_CONTEXT((#2860,#2861,#2862)) REPRESENTATION_CONTEXT
('Context #1','3D Context with UNIT and UNCERTAINTY') );
#2860 = ( LENGTH_UNIT() NAMED_UNIT(*) SI_UNIT(.MILLI.,.METRE.) );
#2861 = ( NAMED_UNIT(*) PLANE_ANGLE_UNIT() SI_UNIT($,.RADIAN.) );
#2862 = ( NAMED_UNIT(*) SI_UNIT($,.STERADIAN.) SOLID_ANGLE_UNIT() );
#2863 = UNCERTAINTY_MEASURE_WITH_UNIT(LENGTH_MEASURE(2.E-06),#2860,
  'distance_accuracy_value','confusion accuracy');
#2864 = CONTEXT_DEPENDENT_SHAPE_REPRESENTATION(#2865,#2867);
#2865 = ( REPRESENTATION_RELATIONSHIP('','',#44,#10) 
REPRESENTATION_RELATIONSHIP_WITH_TRANSFORMATION(#2866) 
SHAPE_REPRESENTATION_RELATIONSHIP() );
#2866 = ITEM_DEFINED_TRANSFORMATION('','',#11,#15);
#2867 = PRODUCT_DEFINITION_SHAPE('Placement','Placement of an item',
  #2868);
#2868 = NEXT_ASSEMBLY_USAGE_OCCURRENCE('35','','',#5,#39,$);
#2869 = PRODUCT_RELATED_PRODUCT_CATEGORY('part',$,(#41));
#2870 = SHAPE_DEFINITION_REPRESENTATION(#2871,#2877);
#2871 = PRODUCT_DEFINITION_SHAPE('','',#2872);
#2872 = PRODUCT_DEFINITION('design','',#2873,#2876);
#2873 = PRODUCT_DEFINITION_FORMATION('','',#2874);
#2874 = PRODUCT('Open CASCADE STEP translator 7.8 6.2',
  'Open CASCADE STEP translator 7.8 6.2','',(#2875));
#2875 = PRODUCT_CONTEXT('',#2,'mechanical');
#2876 = PRODUCT_DEFINITION_CONTEXT('part definition',#2,'design');
#2877 = ADVANCED_BREP_SHAPE_REPRESENTATION('',(#11,#2878),#6357);
#2878 = MANIFOLD_SOLID_BREP('',#2879);
#2879 = CLOSED_SHELL('',(#2880,#3417,#3465,#3853,#3879,#3918,#4243,#4270
    ,#4298,#4304,#4993,#6172,#6292,#6321,#6349));
#2880 = ADVANCED_FACE('',(#2881),#2896,.T.);
#2881 = FACE_BOUND('',#2882,.T.);
#2882 = EDGE_LOOP('',(#2883,#2945,#3075,#3200,#3229));
#2883 = ORIENTED_EDGE('',*,*,#2884,.T.);
#2884 = EDGE_CURVE('',#2885,#2887,#2889,.T.);
#2885 = VERTEX_POINT('',#2886);
#2886 = CARTESIAN_POINT('',(36.2,-17.32522806764,1.6));
#2887 = VERTEX_POINT('',#2888);
#2888 = CARTESIAN_POINT('',(36.2,-17.4,1.863714821726));
#2889 = SURFACE_CURVE('',#2890,(#2895,#2933),.PCURVE_S1.);
#2890 = ELLIPSE('',#2891,6.88,6.6);
#2891 = AXIS2_PLACEMENT_3D('',#2892,#2893,#2894);
#2892 = CARTESIAN_POINT('',(36.2,-24.,0.));
#2893 = DIRECTION('',(1.,0.,0.));
#2894 = DIRECTION('',(0.,1.,0.));
#2895 = PCURVE('',#2896,#2927);
#2896 = B_SPLINE_SURFACE_WITH_KNOTS('',14,1,(
    (#2897,#2898)
    ,(#2899,#2900)
    ,(#2901,#2902)
    ,(#2903,#2904)
    ,(#2905,#2906)
    ,(#2907,#2908)
    ,(#2909,#2910)
    ,(#2911,#2912)
    ,(#2913,#2914)
    ,(#2915,#2916)
    ,(#2917,#2918)
    ,(#2919,#2920)
    ,(#2921,#2922)
    ,(#2923,#2924)
    ,(#2925,#2926
    )),.UNSPECIFIED.,.T.,.F.,.F.,(1,14,14,1),(2,2),(-6.28318530718,0.,
    6.28318530718,12.566370614359),(0.,1.),.UNSPECIFIED.);
#2897 = CARTESIAN_POINT('',(36.2,-17.12,-2.603327410609E-15));
#2898 = CARTESIAN_POINT('',(54.3,-18.08,7.747397610198E-16));
#2899 = CARTESIAN_POINT('',(36.2,-17.11999999999,2.962073073387));
#2900 = CARTESIAN_POINT('',(54.300000000001,-18.07999999999,
    2.625473860502));
#2901 = CARTESIAN_POINT('',(36.2,-18.61237080505,5.924147240137));
#2902 = CARTESIAN_POINT('',(54.299999999998,-19.3641330183,
    5.250948690121));
#2903 = CARTESIAN_POINT('',(36.2,-21.597114323,8.136607687386));
#2904 = CARTESIAN_POINT('',(54.300000000001,-21.93240069652,
    7.211993177456));
#2905 = CARTESIAN_POINT('',(36.2,-25.62788102939,8.849924132446));
#2906 = CARTESIAN_POINT('',(54.300000000011,-25.40073483928,
    7.844250935576));
#2907 = CARTESIAN_POINT('',(36.2,-29.81205654358,7.583247282676));
#2908 = CARTESIAN_POINT('',(54.299999999962,-29.00107190953,
    6.721514636919));
#2909 = CARTESIAN_POINT('',(36.2,-33.00620690739,4.394842618733));
#2910 = CARTESIAN_POINT('',(54.300000000076,-31.74952687388,
    3.895428684785));
#2911 = CARTESIAN_POINT('',(36.2,-34.20874078211,1.006519312341E-10));
#2912 = CARTESIAN_POINT('',(54.299999999895,-32.78426532405,
    8.928680017562E-11));
#2913 = CARTESIAN_POINT('',(36.2,-33.00620690739,-4.394842618917));
#2914 = CARTESIAN_POINT('',(54.300000000108,-31.74952687388,
    -3.895428684948));
#2915 = CARTESIAN_POINT('',(36.2,-29.81205654358,-7.583247282535));
#2916 = CARTESIAN_POINT('',(54.299999999913,-29.00107190953,
    -6.721514636794));
#2917 = CARTESIAN_POINT('',(36.2,-25.62788102939,-8.849924132534));
#2918 = CARTESIAN_POINT('',(54.300000000055,-25.40073483928,
    -7.844250935654));
#2919 = CARTESIAN_POINT('',(36.2,-21.597114323,-8.136607687342));
#2920 = CARTESIAN_POINT('',(54.299999999974,-21.93240069652,
    -7.211993177418));
#2921 = CARTESIAN_POINT('',(36.2,-18.61237080505,-5.924147240153));
#2922 = CARTESIAN_POINT('',(54.300000000009,-19.3641330183,
    -5.250948690135));
#2923 = CARTESIAN_POINT('',(36.2,-17.11999999999,-2.962073073383));
#2924 = CARTESIAN_POINT('',(54.299999999998,-18.07999999999,
    -2.625473860499));
#2925 = CARTESIAN_POINT('',(36.2,-17.12,-2.603327410609E-15));
#2926 = CARTESIAN_POINT('',(54.3,-18.08,7.747397610198E-16));
#2927 = DEFINITIONAL_REPRESENTATION('',(#2928),#2932);
#2928 = LINE('',#2929,#2930);
#2929 = CARTESIAN_POINT('',(6.28318530718,0.));
#2930 = VECTOR('',#2931,1.);
#2931 = DIRECTION('',(1.,0.));
#2932 = ( GEOMETRIC_REPRESENTATION_CONTEXT(2) 
PARAMETRIC_REPRESENTATION_CONTEXT() REPRESENTATION_CONTEXT('2D SPACE',''
  ) );
#2933 = PCURVE('',#2934,#2939);
#2934 = PLANE('',#2935);
#2935 = AXIS2_PLACEMENT_3D('',#2936,#2937,#2938);
#2936 = CARTESIAN_POINT('',(36.2,-24.,0.));
#2937 = DIRECTION('',(1.,0.,0.));
#2938 = DIRECTION('',(0.,1.,0.));
#2939 = DEFINITIONAL_REPRESENTATION('',(#2940),#2944);
#2940 = ELLIPSE('',#2941,6.88,6.6);
#2941 = AXIS2_PLACEMENT_2D('',#2942,#2943);
#2942 = CARTESIAN_POINT('',(0.,0.));
#2943 = DIRECTION('',(1.,0.));
#2944 = ( GEOMETRIC_REPRESENTATION_CONTEXT(2) 
PARAMETRIC_REPRESENTATION_CONTEXT() REPRESENTATION_CONTEXT('2D SPACE',''
  ) );
#2945 = ORIENTED_EDGE('',*,*,#2946,.T.);
#2946 = EDGE_CURVE('',#2887,#2947,#2949,.T.);
#2947 = VERTEX_POINT('',#2948);
#2948 = CARTESIAN_POINT('',(41.479166666667,-17.4,-1.618057818884E-15));
#2949 = SURFACE_CURVE('',#2950,(#2988,#3029),.PCURVE_S1.);
#2950 = B_SPLINE_CURVE_WITH_KNOTS('',8,(#2951,#2952,#2953,#2954,#2955,
    #2956,#2957,#2958,#2959,#2960,#2961,#2962,#2963,#2964,#2965,#2966,
    #2967,#2968,#2969,#2970,#2971,#2972,#2973,#2974,#2975,#2976,#2977,
    #2978,#2979,#2980,#2981,#2982,#2983,#2984,#2985,#2986,#2987),
  .UNSPECIFIED.,.F.,.F.,(9,7,7,7,7,9),(0.,0.503603308595,0.750180772018,
    0.875243915221,0.925440021875,1.),.UNSPECIFIED.);
#2951 = CARTESIAN_POINT('',(36.2,-17.4,1.863714835361));
#2952 = CARTESIAN_POINT('',(36.557474024889,-17.4,1.800257549566));
#2953 = CARTESIAN_POINT('',(36.914473491231,-17.4,1.73447356674));
#2954 = CARTESIAN_POINT('',(37.270980592169,-17.4,1.666051428243));
#2955 = CARTESIAN_POINT('',(37.626916673515,-17.4,1.594589831063));
#2956 = CARTESIAN_POINT('',(37.982148528342,-17.4,1.51961764412));
#2957 = CARTESIAN_POINT('',(38.336444746652,-17.4,1.440411442107));
#2958 = CARTESIAN_POINT('',(38.689497939906,-17.4,1.356084898273));
#2959 = CARTESIAN_POINT('',(39.212717307496,-17.4,1.220061408966));
#2960 = CARTESIAN_POINT('',(39.38419780538,-17.4,1.173692475333));
#2961 = CARTESIAN_POINT('',(39.555161963733,-17.4,1.125436701328));
#2962 = CARTESIAN_POINT('',(39.725526438342,-17.4,1.075008248751));
#2963 = CARTESIAN_POINT('',(39.895149860866,-17.4,1.022075059311));
#2964 = CARTESIAN_POINT('',(40.063790209502,-17.4,0.966138952454));
#2965 = CARTESIAN_POINT('',(40.231125586114,-17.4,0.906591470544));
#2966 = CARTESIAN_POINT('',(40.480486876719,-17.4,0.809498700061));
#2967 = CARTESIAN_POINT('',(40.563846998576,-17.4,0.775598344358));
#2968 = CARTESIAN_POINT('',(40.646629512484,-17.4,0.740291103222));
#2969 = CARTESIAN_POINT('',(40.728738256935,-17.4,0.703363166768));
#2970 = CARTESIAN_POINT('',(40.810009637018,-17.4,0.664573015487));
#2971 = CARTESIAN_POINT('',(40.890171405537,-17.4,0.623576543623));
#2972 = CARTESIAN_POINT('',(40.968861225106,-17.4,0.579958729741));
#2973 = CARTESIAN_POINT('',(41.07618922142,-17.4,0.513997130866));
#2974 = CARTESIAN_POINT('',(41.106574108664,-17.4,0.494558835008));
#2975 = CARTESIAN_POINT('',(41.136568297028,-17.4,0.474519584762));
#2976 = CARTESIAN_POINT('',(41.166115757424,-17.4,0.453819440827));
#2977 = CARTESIAN_POINT('',(41.195140582659,-17.4,0.432393547455));
#2978 = CARTESIAN_POINT('',(41.223544227604,-17.4,0.410168426627));
#2979 = CARTESIAN_POINT('',(41.251199549025,-17.4,0.387054303117));
#2980 = CARTESIAN_POINT('',(41.317663651953,-17.4,0.327104994371));
#2981 = CARTESIAN_POINT('',(41.355326580897,-17.4,0.289095219237));
#2982 = CARTESIAN_POINT('',(41.39060996767,-17.4,0.248326233319));
#2983 = CARTESIAN_POINT('',(41.422512907727,-17.4,0.204420817489));
#2984 = CARTESIAN_POINT('',(41.449340877673,-17.4,0.157211181517));
#2985 = CARTESIAN_POINT('',(41.469041501509,-17.4,0.106855127886));
#2986 = CARTESIAN_POINT('',(41.479166666667,-17.4,5.384234231585E-02));
#2987 = CARTESIAN_POINT('',(41.479166666667,-17.4,3.141005973835E-15));
#2988 = PCURVE('',#2896,#2989);
#2989 = DEFINITIONAL_REPRESENTATION('',(#2990),#3028);
#2990 = B_SPLINE_CURVE_WITH_KNOTS('',8,(#2991,#2992,#2993,#2994,#2995,
    #2996,#2997,#2998,#2999,#3000,#3001,#3002,#3003,#3004,#3005,#3006,
    #3007,#3008,#3009,#3010,#3011,#3012,#3013,#3014,#3015,#3016,#3017,
    #3018,#3019,#3020,#3021,#3022,#3023,#3024,#3025,#3026,#3027),
  .UNSPECIFIED.,.F.,.F.,(9,7,7,7,7,9),(0.,0.503603308595,0.750180772018,
    0.875243915221,0.925440021875,1.),.UNSPECIFIED.);
#2991 = CARTESIAN_POINT('',(6.56946056038,0.));
#2992 = CARTESIAN_POINT('',(6.560098559448,1.974994612647E-02));
#2993 = CARTESIAN_POINT('',(6.550349656185,3.947367354869E-02));
#2994 = CARTESIAN_POINT('',(6.540164009002,5.917019846235E-02));
#2995 = CARTESIAN_POINT('',(6.52947744126,7.883517533234E-02));
#2996 = CARTESIAN_POINT('',(6.518214570681,9.846124465975E-02));
#2997 = CARTESIAN_POINT('',(6.506260090382,0.118035621362));
#2998 = CARTESIAN_POINT('',(6.493472763489,0.137541322647));
#2999 = CARTESIAN_POINT('',(6.472743056803,0.166448470027));
#3000 = CARTESIAN_POINT('',(6.4656612108,0.175922530684));
#3001 = CARTESIAN_POINT('',(6.458275193728,0.185368064295));
#3002 = CARTESIAN_POINT('',(6.450539767376,0.194780466207));
#3003 = CARTESIAN_POINT('',(6.442402336574,0.204151926015));
#3004 = CARTESIAN_POINT('',(6.43378412933,0.213469072348));
#3005 = CARTESIAN_POINT('',(6.424588952835,0.22271412078));
#3006 = CARTESIAN_POINT('',(6.409560956105,0.236490987664));
#3007 = CARTESIAN_POINT('',(6.404308317658,0.241096519258));
#3008 = CARTESIAN_POINT('',(6.398831924406,0.245670138811));
#3009 = CARTESIAN_POINT('',(6.393098101712,0.250206533532));
#3010 = CARTESIAN_POINT('',(6.387068774287,0.254696665029));
#3011 = CARTESIAN_POINT('',(6.380689735352,0.259125492019));
#3012 = CARTESIAN_POINT('',(6.373895620269,0.263472995862));
#3013 = CARTESIAN_POINT('',(6.363610015313,0.269402719415));
#3014 = CARTESIAN_POINT('',(6.360577754736,0.271081442468));
#3015 = CARTESIAN_POINT('',(6.357450536871,0.272738579946));
#3016 = CARTESIAN_POINT('',(6.354218939469,0.274371036322));
#3017 = CARTESIAN_POINT('',(6.350872764161,0.275974617826));
#3018 = CARTESIAN_POINT('',(6.347400458271,0.277543879978));
#3019 = CARTESIAN_POINT('',(6.343787915323,0.279071798289));
#3020 = CARTESIAN_POINT('',(6.33441492207,0.282743848174));
#3021 = CARTESIAN_POINT('',(6.328469234591,0.284824672978));
#3022 = CARTESIAN_POINT('',(6.322089001897,0.286774031363));
#3023 = CARTESIAN_POINT('',(6.315214874477,0.288536624736));
#3024 = CARTESIAN_POINT('',(6.307820424094,0.290018833021));
#3025 = CARTESIAN_POINT('',(6.299930479698,0.291107265277));
#3026 = CARTESIAN_POINT('',(6.291622892655,0.291666666667));
#3027 = CARTESIAN_POINT('',(6.28318530718,0.291666666667));
#3028 = ( GEOMETRIC_REPRESENTATION_CONTEXT(2) 
PARAMETRIC_REPRESENTATION_CONTEXT() REPRESENTATION_CONTEXT('2D SPACE',''
  ) );
#3029 = PCURVE('',#3030,#3035);
#3030 = PLANE('',#3031);
#3031 = AXIS2_PLACEMENT_3D('',#3032,#3033,#3034);
#3032 = CARTESIAN_POINT('',(36.2,-17.4,0.));
#3033 = DIRECTION('',(0.,1.,0.));
#3034 = DIRECTION('',(0.,-0.,1.));
#3035 = DEFINITIONAL_REPRESENTATION('',(#3036),#3074);
#3036 = B_SPLINE_CURVE_WITH_KNOTS('',8,(#3037,#3038,#3039,#3040,#3041,
    #3042,#3043,#3044,#3045,#3046,#3047,#3048,#3049,#3050,#3051,#3052,
    #3053,#3054,#3055,#3056,#3057,#3058,#3059,#3060,#3061,#3062,#3063,
    #3064,#3065,#3066,#3067,#3068,#3069,#3070,#3071,#3072,#3073),
  .UNSPECIFIED.,.F.,.F.,(9,7,7,7,7,9),(0.,0.503603308595,0.750180772018,
    0.875243915221,0.925440021875,1.),.UNSPECIFIED.);
#3037 = CARTESIAN_POINT('',(1.863714835361,0.));
#3038 = CARTESIAN_POINT('',(1.800257549566,0.357474024889));
#3039 = CARTESIAN_POINT('',(1.73447356674,0.714473491231));
#3040 = CARTESIAN_POINT('',(1.666051428243,1.070980592169));
#3041 = CARTESIAN_POINT('',(1.594589831063,1.426916673515));
#3042 = CARTESIAN_POINT('',(1.51961764412,1.782148528342));
#3043 = CARTESIAN_POINT('',(1.440411442107,2.136444746652));
#3044 = CARTESIAN_POINT('',(1.356084898273,2.489497939906));
#3045 = CARTESIAN_POINT('',(1.220061408966,3.012717307496));
#3046 = CARTESIAN_POINT('',(1.173692475333,3.18419780538));
#3047 = CARTESIAN_POINT('',(1.125436701328,3.355161963733));
#3048 = CARTESIAN_POINT('',(1.075008248751,3.525526438342));
#3049 = CARTESIAN_POINT('',(1.022075059311,3.695149860866));
#3050 = CARTESIAN_POINT('',(0.966138952454,3.863790209502));
#3051 = CARTESIAN_POINT('',(0.906591470544,4.031125586114));
#3052 = CARTESIAN_POINT('',(0.809498700061,4.280486876719));
#3053 = CARTESIAN_POINT('',(0.775598344358,4.363846998576));
#3054 = CARTESIAN_POINT('',(0.740291103222,4.446629512484));
#3055 = CARTESIAN_POINT('',(0.703363166768,4.528738256935));
#3056 = CARTESIAN_POINT('',(0.664573015487,4.610009637018));
#3057 = CARTESIAN_POINT('',(0.623576543623,4.690171405537));
#3058 = CARTESIAN_POINT('',(0.579958729741,4.768861225106));
#3059 = CARTESIAN_POINT('',(0.513997130866,4.87618922142));
#3060 = CARTESIAN_POINT('',(0.494558835008,4.906574108664));
#3061 = CARTESIAN_POINT('',(0.474519584762,4.936568297028));
#3062 = CARTESIAN_POINT('',(0.453819440827,4.966115757424));
#3063 = CARTESIAN_POINT('',(0.432393547455,4.995140582659));
#3064 = CARTESIAN_POINT('',(0.410168426627,5.023544227604));
#3065 = CARTESIAN_POINT('',(0.387054303117,5.051199549025));
#3066 = CARTESIAN_POINT('',(0.327104994371,5.117663651953));
#3067 = CARTESIAN_POINT('',(0.289095219237,5.155326580897));
#3068 = CARTESIAN_POINT('',(0.248326233319,5.19060996767));
#3069 = CARTESIAN_POINT('',(0.204420817489,5.222512907727));
#3070 = CARTESIAN_POINT('',(0.157211181517,5.249340877673));
#3071 = CARTESIAN_POINT('',(0.106855127886,5.269041501509));
#3072 = CARTESIAN_POINT('',(5.384234231585E-02,5.279166666667));
#3073 = CARTESIAN_POINT('',(3.141005973835E-15,5.279166666667));
#3074 = ( GEOMETRIC_REPRESENTATION_CONTEXT(2) 
PARAMETRIC_REPRESENTATION_CONTEXT() REPRESENTATION_CONTEXT('2D SPACE',''
  ) );
#3075 = ORIENTED_EDGE('',*,*,#3076,.F.);
#3076 = EDGE_CURVE('',#3077,#2947,#3079,.T.);
#3077 = VERTEX_POINT('',#3078);
#3078 = CARTESIAN_POINT('',(36.2,-17.4,-1.863714821726));
#3079 = SURFACE_CURVE('',#3080,(#3118,#3159),.PCURVE_S1.);
#3080 = B_SPLINE_CURVE_WITH_KNOTS('',8,(#3081,#3082,#3083,#3084,#3085,
    #3086,#3087,#3088,#3089,#3090,#3091,#3092,#3093,#3094,#3095,#3096,
    #3097,#3098,#3099,#3100,#3101,#3102,#3103,#3104,#3105,#3106,#3107,
    #3108,#3109,#3110,#3111,#3112,#3113,#3114,#3115,#3116,#3117),
  .UNSPECIFIED.,.F.,.F.,(9,7,7,7,7,9),(0.,0.503603308595,0.750180772019,
    0.875243915222,0.925440021876,1.),.UNSPECIFIED.);
#3081 = CARTESIAN_POINT('',(36.2,-17.4,-1.863714835361));
#3082 = CARTESIAN_POINT('',(36.55747402489,-17.4,-1.800257549565));
#3083 = CARTESIAN_POINT('',(36.91447349123,-17.4,-1.73447356674));
#3084 = CARTESIAN_POINT('',(37.270980592171,-17.4,-1.666051428242));
#3085 = CARTESIAN_POINT('',(37.626916673514,-17.4,-1.594589831062));
#3086 = CARTESIAN_POINT('',(37.982148528342,-17.4,-1.51961764412));
#3087 = CARTESIAN_POINT('',(38.336444746652,-17.4,-1.440411442106));
#3088 = CARTESIAN_POINT('',(38.689497939906,-17.4,-1.356084898273));
#3089 = CARTESIAN_POINT('',(39.212717307496,-17.4,-1.220061408965));
#3090 = CARTESIAN_POINT('',(39.38419780538,-17.4,-1.173692475332));
#3091 = CARTESIAN_POINT('',(39.555161963732,-17.4,-1.125436701328));
#3092 = CARTESIAN_POINT('',(39.725526438343,-17.4,-1.075008248749));
#3093 = CARTESIAN_POINT('',(39.895149860866,-17.4,-1.022075059311));
#3094 = CARTESIAN_POINT('',(40.063790209502,-17.4,-0.966138952454));
#3095 = CARTESIAN_POINT('',(40.231125586114,-17.4,-0.906591470543));
#3096 = CARTESIAN_POINT('',(40.48048687672,-17.4,-0.80949870006));
#3097 = CARTESIAN_POINT('',(40.563846998575,-17.4,-0.775598344358));
#3098 = CARTESIAN_POINT('',(40.646629512485,-17.4,-0.74029110322));
#3099 = CARTESIAN_POINT('',(40.728738256933,-17.4,-0.70336316677));
#3100 = CARTESIAN_POINT('',(40.810009637018,-17.4,-0.664573015485));
#3101 = CARTESIAN_POINT('',(40.890171405536,-17.4,-0.623576543623));
#3102 = CARTESIAN_POINT('',(40.968861225106,-17.4,-0.579958729741));
#3103 = CARTESIAN_POINT('',(41.07618922142,-17.4,-0.513997130866));
#3104 = CARTESIAN_POINT('',(41.106574108664,-17.4,-0.494558835008));
#3105 = CARTESIAN_POINT('',(41.136568297028,-17.4,-0.474519584761));
#3106 = CARTESIAN_POINT('',(41.166115757424,-17.4,-0.453819440827));
#3107 = CARTESIAN_POINT('',(41.195140582659,-17.4,-0.432393547454));
#3108 = CARTESIAN_POINT('',(41.223544227605,-17.4,-0.410168426626));
#3109 = CARTESIAN_POINT('',(41.251199549025,-17.4,-0.387054303117));
#3110 = CARTESIAN_POINT('',(41.317663651953,-17.4,-0.32710499437));
#3111 = CARTESIAN_POINT('',(41.355326580899,-17.4,-0.289095219235));
#3112 = CARTESIAN_POINT('',(41.390609967665,-17.4,-0.248326233322));
#3113 = CARTESIAN_POINT('',(41.422512907733,-17.4,-0.204420817485));
#3114 = CARTESIAN_POINT('',(41.449340877669,-17.4,-0.157211181519));
#3115 = CARTESIAN_POINT('',(41.469041501511,-17.4,-0.106855127885));
#3116 = CARTESIAN_POINT('',(41.479166666667,-17.4,-5.384234231612E-02));
#3117 = CARTESIAN_POINT('',(41.479166666666,-17.4,-3.774758283726E-15));
#3118 = PCURVE('',#2896,#3119);
#3119 = DEFINITIONAL_REPRESENTATION('',(#3120),#3158);
#3120 = B_SPLINE_CURVE_WITH_KNOTS('',8,(#3121,#3122,#3123,#3124,#3125,
    #3126,#3127,#3128,#3129,#3130,#3131,#3132,#3133,#3134,#3135,#3136,
    #3137,#3138,#3139,#3140,#3141,#3142,#3143,#3144,#3145,#3146,#3147,
    #3148,#3149,#3150,#3151,#3152,#3153,#3154,#3155,#3156,#3157),
  .UNSPECIFIED.,.F.,.F.,(9,7,7,7,7,9),(0.,0.503603308595,0.750180772019,
    0.875243915222,0.925440021876,1.),.UNSPECIFIED.);
#3121 = CARTESIAN_POINT('',(5.996910053979,0.));
#3122 = CARTESIAN_POINT('',(6.006272054911,1.974994612649E-02));
#3123 = CARTESIAN_POINT('',(6.016020958174,3.947367354863E-02));
#3124 = CARTESIAN_POINT('',(6.026206605357,5.917019846243E-02));
#3125 = CARTESIAN_POINT('',(6.036893173099,7.883517533233E-02));
#3126 = CARTESIAN_POINT('',(6.048156043678,9.84612446597E-02));
#3127 = CARTESIAN_POINT('',(6.060110523978,0.118035621362));
#3128 = CARTESIAN_POINT('',(6.07289785087,0.137541322647));
#3129 = CARTESIAN_POINT('',(6.093627557557,0.166448470027));
#3130 = CARTESIAN_POINT('',(6.100709403559,0.175922530684));
#3131 = CARTESIAN_POINT('',(6.108095420631,0.185368064295));
#3132 = CARTESIAN_POINT('',(6.115830846983,0.194780466207));
#3133 = CARTESIAN_POINT('',(6.123968277786,0.204151926015));
#3134 = CARTESIAN_POINT('',(6.132586485029,0.213469072348));
#3135 = CARTESIAN_POINT('',(6.141781661524,0.22271412078));
#3136 = CARTESIAN_POINT('',(6.156809658254,0.236490987664));
#3137 = CARTESIAN_POINT('',(6.162062296702,0.241096519258));
#3138 = CARTESIAN_POINT('',(6.167538689953,0.245670138811));
#3139 = CARTESIAN_POINT('',(6.173272512647,0.250206533532));
#3140 = CARTESIAN_POINT('',(6.179301840073,0.254696665029));
#3141 = CARTESIAN_POINT('',(6.185680879007,0.259125492019));
#3142 = CARTESIAN_POINT('',(6.19247499409,0.263472995862));
#3143 = CARTESIAN_POINT('',(6.202760599046,0.269402719415));
#3144 = CARTESIAN_POINT('',(6.205792859623,0.271081442468));
#3145 = CARTESIAN_POINT('',(6.208920077489,0.272738579946));
#3146 = CARTESIAN_POINT('',(6.21215167489,0.274371036322));
#3147 = CARTESIAN_POINT('',(6.215497850198,0.275974617826));
#3148 = CARTESIAN_POINT('',(6.218970156088,0.277543879978));
#3149 = CARTESIAN_POINT('',(6.222582699036,0.279071798289));
#3150 = CARTESIAN_POINT('',(6.231955692289,0.282743848174));
#3151 = CARTESIAN_POINT('',(6.237901379769,0.284824672978));
#3152 = CARTESIAN_POINT('',(6.244281612462,0.286774031363));
#3153 = CARTESIAN_POINT('',(6.251155739883,0.288536624737));
#3154 = CARTESIAN_POINT('',(6.258550190265,0.29001883302));
#3155 = CARTESIAN_POINT('',(6.266440134661,0.291107265277));
#3156 = CARTESIAN_POINT('',(6.274747721704,0.291666666667));
#3157 = CARTESIAN_POINT('',(6.28318530718,0.291666666667));
#3158 = ( GEOMETRIC_REPRESENTATION_CONTEXT(2) 
PARAMETRIC_REPRESENTATION_CONTEXT() REPRESENTATION_CONTEXT('2D SPACE',''
  ) );
#3159 = PCURVE('',#3030,#3160);
#3160 = DEFINITIONAL_REPRESENTATION('',(#3161),#3199);
#3161 = B_SPLINE_CURVE_WITH_KNOTS('',8,(#3162,#3163,#3164,#3165,#3166,
    #3167,#3168,#3169,#3170,#3171,#3172,#3173,#3174,#3175,#3176,#3177,
    #3178,#3179,#3180,#3181,#3182,#3183,#3184,#3185,#3186,#3187,#3188,
    #3189,#3190,#3191,#3192,#3193,#3194,#3195,#3196,#3197,#3198),
  .UNSPECIFIED.,.F.,.F.,(9,7,7,7,7,9),(0.,0.503603308595,0.750180772019,
    0.875243915222,0.925440021876,1.),.UNSPECIFIED.);
#3162 = CARTESIAN_POINT('',(-1.863714835361,0.));
#3163 = CARTESIAN_POINT('',(-1.800257549565,0.35747402489));
#3164 = CARTESIAN_POINT('',(-1.73447356674,0.71447349123));
#3165 = CARTESIAN_POINT('',(-1.666051428242,1.070980592171));
#3166 = CARTESIAN_POINT('',(-1.594589831062,1.426916673514));
#3167 = CARTESIAN_POINT('',(-1.51961764412,1.782148528342));
#3168 = CARTESIAN_POINT('',(-1.440411442106,2.136444746652));
#3169 = CARTESIAN_POINT('',(-1.356084898273,2.489497939906));
#3170 = CARTESIAN_POINT('',(-1.220061408965,3.012717307496));
#3171 = CARTESIAN_POINT('',(-1.173692475332,3.18419780538));
#3172 = CARTESIAN_POINT('',(-1.125436701328,3.355161963732));
#3173 = CARTESIAN_POINT('',(-1.075008248749,3.525526438343));
#3174 = CARTESIAN_POINT('',(-1.022075059311,3.695149860866));
#3175 = CARTESIAN_POINT('',(-0.966138952454,3.863790209502));
#3176 = CARTESIAN_POINT('',(-0.906591470543,4.031125586114));
#3177 = CARTESIAN_POINT('',(-0.80949870006,4.28048687672));
#3178 = CARTESIAN_POINT('',(-0.775598344358,4.363846998575));
#3179 = CARTESIAN_POINT('',(-0.74029110322,4.446629512485));
#3180 = CARTESIAN_POINT('',(-0.70336316677,4.528738256933));
#3181 = CARTESIAN_POINT('',(-0.664573015485,4.610009637018));
#3182 = CARTESIAN_POINT('',(-0.623576543623,4.690171405536));
#3183 = CARTESIAN_POINT('',(-0.579958729741,4.768861225106));
#3184 = CARTESIAN_POINT('',(-0.513997130866,4.87618922142));
#3185 = CARTESIAN_POINT('',(-0.494558835008,4.906574108664));
#3186 = CARTESIAN_POINT('',(-0.474519584761,4.936568297028));
#3187 = CARTESIAN_POINT('',(-0.453819440827,4.966115757424));
#3188 = CARTESIAN_POINT('',(-0.432393547454,4.995140582659));
#3189 = CARTESIAN_POINT('',(-0.410168426626,5.023544227605));
#3190 = CARTESIAN_POINT('',(-0.387054303117,5.051199549025));
#3191 = CARTESIAN_POINT('',(-0.32710499437,5.117663651953));
#3192 = CARTESIAN_POINT('',(-0.289095219235,5.155326580899));
#3193 = CARTESIAN_POINT('',(-0.248326233322,5.190609967665));
#3194 = CARTESIAN_POINT('',(-0.204420817485,5.222512907733));
#3195 = CARTESIAN_POINT('',(-0.157211181519,5.249340877669));
#3196 = CARTESIAN_POINT('',(-0.106855127885,5.269041501511));
#3197 = CARTESIAN_POINT('',(-5.384234231612E-02,5.279166666667));
#3198 = CARTESIAN_POINT('',(-3.774758283726E-15,5.279166666666));
#3199 = ( GEOMETRIC_REPRESENTATION_CONTEXT(2) 
PARAMETRIC_REPRESENTATION_CONTEXT() REPRESENTATION_CONTEXT('2D SPACE',''
  ) );
#3200 = ORIENTED_EDGE('',*,*,#3201,.T.);
#3201 = EDGE_CURVE('',#3077,#3202,#3204,.T.);
#3202 = VERTEX_POINT('',#3203);
#3203 = CARTESIAN_POINT('',(36.2,-17.32522806764,-1.6));
#3204 = SURFACE_CURVE('',#3205,(#3210,#3217),.PCURVE_S1.);
#3205 = ELLIPSE('',#3206,6.88,6.6);
#3206 = AXIS2_PLACEMENT_3D('',#3207,#3208,#3209);
#3207 = CARTESIAN_POINT('',(36.2,-24.,0.));
#3208 = DIRECTION('',(1.,0.,0.));
#3209 = DIRECTION('',(0.,1.,0.));
#3210 = PCURVE('',#2896,#3211);
#3211 = DEFINITIONAL_REPRESENTATION('',(#3212),#3216);
#3212 = LINE('',#3213,#3214);
#3213 = CARTESIAN_POINT('',(0.,0.));
#3214 = VECTOR('',#3215,1.);
#3215 = DIRECTION('',(1.,0.));
#3216 = ( GEOMETRIC_REPRESENTATION_CONTEXT(2) 
PARAMETRIC_REPRESENTATION_CONTEXT() REPRESENTATION_CONTEXT('2D SPACE',''
  ) );
#3217 = PCURVE('',#3218,#3223);
#3218 = PLANE('',#3219);
#3219 = AXIS2_PLACEMENT_3D('',#3220,#3221,#3222);
#3220 = CARTESIAN_POINT('',(36.2,-24.,0.));
#3221 = DIRECTION('',(1.,0.,0.));
#3222 = DIRECTION('',(0.,1.,0.));
#3223 = DEFINITIONAL_REPRESENTATION('',(#3224),#3228);
#3224 = ELLIPSE('',#3225,6.88,6.6);
#3225 = AXIS2_PLACEMENT_2D('',#3226,#3227);
#3226 = CARTESIAN_POINT('',(0.,0.));
#3227 = DIRECTION('',(1.,0.));
#3228 = ( GEOMETRIC_REPRESENTATION_CONTEXT(2) 
PARAMETRIC_REPRESENTATION_CONTEXT() REPRESENTATION_CONTEXT('2D SPACE',''
  ) );
#3229 = ORIENTED_EDGE('',*,*,#3230,.T.);
#3230 = EDGE_CURVE('',#3202,#2885,#3231,.T.);
#3231 = SURFACE_CURVE('',#3232,(#3290,#3351),.PCURVE_S1.);
#3232 = B_SPLINE_CURVE_WITH_KNOTS('',6,(#3233,#3234,#3235,#3236,#3237,
    #3238,#3239,#3240,#3241,#3242,#3243,#3244,#3245,#3246,#3247,#3248,
    #3249,#3250,#3251,#3252,#3253,#3254,#3255,#3256,#3257,#3258,#3259,
    #3260,#3261,#3262,#3263,#3264,#3265,#3266,#3267,#3268,#3269,#3270,
    #3271,#3272,#3273,#3274,#3275,#3276,#3277,#3278,#3279,#3280,#3281,
    #3282,#3283,#3284,#3285,#3286,#3287,#3288,#3289),.UNSPECIFIED.,.F.,
  .F.,(7,5,5,5,5,5,5,5,5,5,5,7),(0.,2.987034221701E-02,0.152390993002,
    0.195326910568,0.28634221912,0.390717364749,0.500130341702,
    0.609439223191,0.712866158227,0.80478260908,0.847976683344,1.),
  .UNSPECIFIED.);
#3233 = CARTESIAN_POINT('',(36.2,-17.32522806239,-1.6));
#3234 = CARTESIAN_POINT('',(36.225132042881,-17.32658703016,-1.6));
#3235 = CARTESIAN_POINT('',(36.250273722337,-17.3278231343,
    -1.599526287235));
#3236 = CARTESIAN_POINT('',(36.275412653312,-17.32893545313,
    -1.598578175178));
#3237 = CARTESIAN_POINT('',(36.300536409084,-17.32992348778,
    -1.597155488876));
#3238 = CARTESIAN_POINT('',(36.325632521268,-17.33078716223,
    -1.595258564949));
#3239 = CARTESIAN_POINT('',(36.453461736472,-17.33456072729,
    -1.583165820781));
#3240 = CARTESIAN_POINT('',(36.555571551641,-17.33550857422,
    -1.565477784787));
#3241 = CARTESIAN_POINT('',(36.656126204416,-17.33439239789,
    -1.539882569438));
#3242 = CARTESIAN_POINT('',(36.754299761298,-17.33136087887,
    -1.506593545645));
#3243 = CARTESIAN_POINT('',(36.849332184526,-17.3266645696,
    -1.465930613731));
#3244 = CARTESIAN_POINT('',(36.972492054251,-17.31849035015,
    -1.401626169549));
#3245 = CARTESIAN_POINT('',(37.003983016278,-17.31620237664,
    -1.384084204172));
#3246 = CARTESIAN_POINT('',(37.034976298785,-17.31376093294,
    -1.365704655655));
#3247 = CARTESIAN_POINT('',(37.065444514265,-17.31117990446,
    -1.346505803547));
#3248 = CARTESIAN_POINT('',(37.095361589148,-17.30847376564,
    -1.326506803907));
#3249 = CARTESIAN_POINT('',(37.186900015339,-17.29968784584,
    -1.261680242913));
#3250 = CARTESIAN_POINT('',(37.246508546502,-17.2932234532,
    -1.214127688795));
#3251 = CARTESIAN_POINT('',(37.303294022695,-17.28640665623,
    -1.16325917573));
#3252 = CARTESIAN_POINT('',(37.357044207186,-17.27938677138,
    -1.109278336633));
#3253 = CARTESIAN_POINT('',(37.407566660614,-17.27231271894,
    -1.052401424061));
#3254 = CARTESIAN_POINT('',(37.508722777495,-17.25731278902,
    -0.924568909498));
#3255 = CARTESIAN_POINT('',(37.5582836817,-17.24941436951,
    -0.852772801808));
#3256 = CARTESIAN_POINT('',(37.603105145414,-17.24184362331,
    -0.777811509948));
#3257 = CARTESIAN_POINT('',(37.642948442523,-17.23480132016,
    -0.700055164247));
#3258 = CARTESIAN_POINT('',(37.677606854154,-17.2284638511,
    -0.619903074416));
#3259 = CARTESIAN_POINT('',(37.737632412698,-17.21721384122,
    -0.451707803352));
#3260 = CARTESIAN_POINT('',(37.762472045404,-17.21238441971,
    -0.36346558995));
#3261 = CARTESIAN_POINT('',(37.781234727351,-17.20864626621,
    -0.27356787606));
#3262 = CARTESIAN_POINT('',(37.793780625557,-17.20611580219,
    -0.182547054608));
#3263 = CARTESIAN_POINT('',(37.800035552357,-17.20485470952,
    -9.095820744748E-02));
#3264 = CARTESIAN_POINT('',(37.799964238809,-17.20486908948,
    9.211757348483E-02));
#3265 = CARTESIAN_POINT('',(37.793649959635,-17.20614215141,
    0.18361414999));
#3266 = CARTESIAN_POINT('',(37.781057175509,-17.2086817595,
    0.274539237494));
#3267 = CARTESIAN_POINT('',(37.762260269823,-17.21242606873,
    0.364339440886));
#3268 = CARTESIAN_POINT('',(37.737398978544,-17.21725873256,
    0.452484037276));
#3269 = CARTESIAN_POINT('',(37.67759357265,-17.22846525188,
    0.619823781254));
#3270 = CARTESIAN_POINT('',(37.643262499784,-17.23474255959,
    0.699249640892));
#3271 = CARTESIAN_POINT('',(37.603839875758,-17.24171229596,
    0.776324723316));
#3272 = CARTESIAN_POINT('',(37.559526653235,-17.24920304089,
    0.850660330754));
#3273 = CARTESIAN_POINT('',(37.510554674239,-17.25701979716,
    0.92189593324));
#3274 = CARTESIAN_POINT('',(37.409745836859,-17.27200763257,
    1.049950296414));
#3275 = CARTESIAN_POINT('',(37.358834764015,-17.27915369236,
    1.107490762563));
#3276 = CARTESIAN_POINT('',(37.304626713834,-17.28624837471,
    1.162083112614));
#3277 = CARTESIAN_POINT('',(37.247319575583,-17.29313829224,
    1.213504385001));
#3278 = CARTESIAN_POINT('',(37.1871317972,-17.2996695891,1.261544750791)
  );
#3279 = CARTESIAN_POINT('',(37.094780632092,-17.30852763272,
    1.326904632796));
#3280 = CARTESIAN_POINT('',(37.064673864478,-17.31124798942,
    1.347010113088));
#3281 = CARTESIAN_POINT('',(37.034009694272,-17.31384150011,
    1.366305494489));
#3282 = CARTESIAN_POINT('',(37.002814685347,-17.31629343457,
    1.384771283938));
#3283 = CARTESIAN_POINT('',(36.971116748015,-17.31858966831,
    1.40238888817));
#3284 = CARTESIAN_POINT('',(36.825715841176,-17.32820279662,
    1.478098999121));
#3285 = CARTESIAN_POINT('',(36.706574564064,-17.33359618415,
    1.526355372525));
#3286 = CARTESIAN_POINT('',(36.582874404231,-17.33630563178,
    1.563083044737));
#3287 = CARTESIAN_POINT('',(36.456113493486,-17.33588084427,
    1.587728782396));
#3288 = CARTESIAN_POINT('',(36.327911952692,-17.33214465973,1.6));
#3289 = CARTESIAN_POINT('',(36.2,-17.32522806239,1.6));
#3290 = PCURVE('',#2896,#3291);
#3291 = DEFINITIONAL_REPRESENTATION('',(#3292),#3350);
#3292 = B_SPLINE_CURVE_WITH_KNOTS('',6,(#3293,#3294,#3295,#3296,#3297,
    #3298,#3299,#3300,#3301,#3302,#3303,#3304,#3305,#3306,#3307,#3308,
    #3309,#3310,#3311,#3312,#3313,#3314,#3315,#3316,#3317,#3318,#3319,
    #3320,#3321,#3322,#3323,#3324,#3325,#3326,#3327,#3328,#3329,#3330,
    #3331,#3332,#3333,#3334,#3335,#3336,#3337,#3338,#3339,#3340,#3341,
    #3342,#3343,#3344,#3345,#3346,#3347,#3348,#3349),.UNSPECIFIED.,.F.,
  .F.,(7,5,5,5,5,5,5,5,5,5,5,7),(0.,2.987034221701E-02,0.152390993002,
    0.195326910568,0.28634221912,0.390717364749,0.500130341702,
    0.609439223191,0.712866158227,0.80478260908,0.847976683344,1.),
  .UNSPECIFIED.);
#3293 = CARTESIAN_POINT('',(6.038321455364,0.));
#3294 = CARTESIAN_POINT('',(6.038282028285,1.388510656403E-03));
#3295 = CARTESIAN_POINT('',(6.038316552111,2.777553720275E-03));
#3296 = CARTESIAN_POINT('',(6.03842520954,4.16644493434E-03));
#3297 = CARTESIAN_POINT('',(6.03860809301,5.554497739427E-03));
#3298 = CARTESIAN_POINT('',(6.038865204707,6.94102327446E-03));
#3299 = CARTESIAN_POINT('',(6.040555168566,1.400341085481E-02));
#3300 = CARTESIAN_POINT('',(6.043161395202,1.964483710721E-02));
#3301 = CARTESIAN_POINT('',(6.047009126206,2.520034278543E-02));
#3302 = CARTESIAN_POINT('',(6.052064941714,3.062429620433E-02));
#3303 = CARTESIAN_POINT('',(6.058275788011,3.587470632743E-02));
#3304 = CARTESIAN_POINT('',(6.068129059744,4.26791190194E-02));
#3305 = CARTESIAN_POINT('',(6.070819430283,4.44189511756E-02));
#3306 = CARTESIAN_POINT('',(6.073640351948,4.613128722572E-02));
#3307 = CARTESIAN_POINT('',(6.076588781211,4.781461404779E-02));
#3308 = CARTESIAN_POINT('',(6.079661530113,4.946749111316E-02));
#3309 = CARTESIAN_POINT('',(6.089625329568,5.45248627259E-02));
#3310 = CARTESIAN_POINT('',(6.096939008197,5.781815174046E-02));
#3311 = CARTESIAN_POINT('',(6.104764852385,6.095547086711E-02));
#3312 = CARTESIAN_POINT('',(6.113069210583,6.392509431966E-02));
#3313 = CARTESIAN_POINT('',(6.121816781486,6.67163900892E-02));
#3314 = CARTESIAN_POINT('',(6.141469292568,7.230512582846E-02));
#3315 = CARTESIAN_POINT('',(6.152502344457,7.50432973315E-02));
#3316 = CARTESIAN_POINT('',(6.164015051686,7.751962129357E-02));
#3317 = CARTESIAN_POINT('',(6.175949185692,7.972090842671E-02));
#3318 = CARTESIAN_POINT('',(6.188243070042,8.163573779855E-02));
#3319 = CARTESIAN_POINT('',(6.214026692885,8.49520669999E-02));
#3320 = CARTESIAN_POINT('',(6.227546257273,8.632442239801E-02));
#3321 = CARTESIAN_POINT('',(6.241312617041,8.736103466027E-02));
#3322 = CARTESIAN_POINT('',(6.255246023681,8.805417820756E-02));
#3323 = CARTESIAN_POINT('',(6.269263917374,8.839975427388E-02));
#3324 = CARTESIAN_POINT('',(6.297284140967,8.839581429882E-02));
#3325 = CARTESIAN_POINT('',(6.31128793453,8.804695909584E-02));
#3326 = CARTESIAN_POINT('',(6.325206726112,8.735122516624E-02));
#3327 = CARTESIAN_POINT('',(6.33895820385,8.631272208967E-02));
#3328 = CARTESIAN_POINT('',(6.352462865034,8.493917008529E-02));
#3329 = CARTESIAN_POINT('',(6.378115436529,8.16350040138E-02));
#3330 = CARTESIAN_POINT('',(6.390297918546,7.973825965656E-02));
#3331 = CARTESIAN_POINT('',(6.402127400806,7.756021413028E-02));
#3332 = CARTESIAN_POINT('',(6.413543852129,7.511196979201E-02));
#3333 = CARTESIAN_POINT('',(6.424490570318,7.240633559329E-02));
#3334 = CARTESIAN_POINT('',(6.444176851153,6.683678656678E-02));
#3335 = CARTESIAN_POINT('',(6.45302640034,6.40240201113E-02));
#3336 = CARTESIAN_POINT('',(6.461424829683,6.102910021181E-02));
#3337 = CARTESIAN_POINT('',(6.469335749722,5.786295997697E-02));
#3338 = CARTESIAN_POINT('',(6.476724485959,5.453766835361E-02));
#3339 = CARTESIAN_POINT('',(6.48677021784,4.943539403825E-02));
#3340 = CARTESIAN_POINT('',(6.489859305076,4.777203671151E-02));
#3341 = CARTESIAN_POINT('',(6.492822523184,4.607788366144E-02));
#3342 = CARTESIAN_POINT('',(6.495656628078,4.435440250536E-02));
#3343 = CARTESIAN_POINT('',(6.498358524021,4.260313524947E-02));
#3344 = CARTESIAN_POINT('',(6.509959008988,3.456993597659E-02));
#3345 = CARTESIAN_POINT('',(6.517322205161,2.798754497591E-02));
#3346 = CARTESIAN_POINT('',(6.522878157797,2.11532820017E-02));
#3347 = CARTESIAN_POINT('',(6.526534915516,1.414991676716E-02));
#3348 = CARTESIAN_POINT('',(6.528249826911,7.066958712289E-03));
#3349 = CARTESIAN_POINT('',(6.528049158995,0.));
#3350 = ( GEOMETRIC_REPRESENTATION_CONTEXT(2) 
PARAMETRIC_REPRESENTATION_CONTEXT() REPRESENTATION_CONTEXT('2D SPACE',''
  ) );
#3351 = PCURVE('',#3352,#3357);
#3352 = CYLINDRICAL_SURFACE('',#3353,1.6);
#3353 = AXIS2_PLACEMENT_3D('',#3354,#3355,#3356);
#3354 = CARTESIAN_POINT('',(36.2,-37.2,0.));
#3355 = DIRECTION('',(0.,1.,0.));
#3356 = DIRECTION('',(0.,-0.,1.));
#3357 = DEFINITIONAL_REPRESENTATION('',(#3358),#3416);
#3358 = B_SPLINE_CURVE_WITH_KNOTS('',6,(#3359,#3360,#3361,#3362,#3363,
    #3364,#3365,#3366,#3367,#3368,#3369,#3370,#3371,#3372,#3373,#3374,
    #3375,#3376,#3377,#3378,#3379,#3380,#3381,#3382,#3383,#3384,#3385,
    #3386,#3387,#3388,#3389,#3390,#3391,#3392,#3393,#3394,#3395,#3396,
    #3397,#3398,#3399,#3400,#3401,#3402,#3403,#3404,#3405,#3406,#3407,
    #3408,#3409,#3410,#3411,#3412,#3413,#3414,#3415),.UNSPECIFIED.,.F.,
  .F.,(7,5,5,5,5,5,5,5,5,5,5,7),(0.,2.987034221701E-02,0.152390993002,
    0.195326910568,0.28634221912,0.390717364749,0.500130341702,
    0.609439223191,0.712866158227,0.80478260908,0.847976683344,1.),
  .UNSPECIFIED.);
#3359 = CARTESIAN_POINT('',(3.14159265359,19.874771937609));
#3360 = CARTESIAN_POINT('',(3.125885126789,19.873412969839));
#3361 = CARTESIAN_POINT('',(3.110171581543,19.872176865695));
#3362 = CARTESIAN_POINT('',(3.09445276947,19.871064546866));
#3363 = CARTESIAN_POINT('',(3.078729463376,19.870076512213));
#3364 = CARTESIAN_POINT('',(3.06300245725,19.869212837767));
#3365 = CARTESIAN_POINT('',(2.982752499303,19.865439272701));
#3366 = CARTESIAN_POINT('',(2.918176401352,19.864491425772));
#3367 = CARTESIAN_POINT('',(2.85361883609,19.865607602106));
#3368 = CARTESIAN_POINT('',(2.789119590405,19.868639121129));
#3369 = CARTESIAN_POINT('',(2.72470637327,19.873335430392));
#3370 = CARTESIAN_POINT('',(2.637870916775,19.881509649849));
#3371 = CARTESIAN_POINT('',(2.615349663976,19.883797623354));
#3372 = CARTESIAN_POINT('',(2.592841233913,19.88623906706));
#3373 = CARTESIAN_POINT('',(2.570345632753,19.888820095538));
#3374 = CARTESIAN_POINT('',(2.547862565758,19.891526234353));
#3375 = CARTESIAN_POINT('',(2.47775726973,19.900312154153));
#3376 = CARTESIAN_POINT('',(2.430177410371,19.906776546791));
#3377 = CARTESIAN_POINT('',(2.382645061559,19.913593343767));
#3378 = CARTESIAN_POINT('',(2.335149906873,19.92061322862));
#3379 = CARTESIAN_POINT('',(2.287679498833,19.927687281051));
#3380 = CARTESIAN_POINT('',(2.185795465947,19.942687210978));
#3381 = CARTESIAN_POINT('',(2.131385852113,19.950585630485));
#3382 = CARTESIAN_POINT('',(2.076973152627,19.95815637669));
#3383 = CARTESIAN_POINT('',(2.022541385008,19.965198679837));
#3384 = CARTESIAN_POINT('',(1.968080106692,19.971536148893));
#3385 = CARTESIAN_POINT('',(1.856464281049,19.982786158777));
#3386 = CARTESIAN_POINT('',(1.799303362877,19.98761558029));
#3387 = CARTESIAN_POINT('',(1.742109363186,19.99135373379));
#3388 = CARTESIAN_POINT('',(1.684886646,19.993884197801));
#3389 = CARTESIAN_POINT('',(1.627645210782,19.995145290471));
#3390 = CARTESIAN_POINT('',(1.513222839019,19.995130910513));
#3391 = CARTESIAN_POINT('',(1.456036012767,19.993857848586));
#3392 = CARTESIAN_POINT('',(1.398867972194,19.991318240499));
#3393 = CARTESIAN_POINT('',(1.341728667996,19.987573931265));
#3394 = CARTESIAN_POINT('',(1.284622419584,19.98274126744));
#3395 = CARTESIAN_POINT('',(1.173556426236,19.971534748112));
#3396 = CARTESIAN_POINT('',(1.119589811743,19.965257440408));
#3397 = CARTESIAN_POINT('',(1.065652151182,19.958287704035));
#3398 = CARTESIAN_POINT('',(1.011733336009,19.950796959104));
#3399 = CARTESIAN_POINT('',(0.957817890533,19.942980202834));
#3400 = CARTESIAN_POINT('',(0.855959491537,19.927992367423));
#3401 = CARTESIAN_POINT('',(0.808019929953,19.920846307634));
#3402 = CARTESIAN_POINT('',(0.760055452152,19.913751625287));
#3403 = CARTESIAN_POINT('',(0.71205321058,19.906861707759));
#3404 = CARTESIAN_POINT('',(0.664002547782,19.900330410899));
#3405 = CARTESIAN_POINT('',(0.593290069126,19.891472367271));
#3406 = CARTESIAN_POINT('',(0.570671599759,19.88875201058));
#3407 = CARTESIAN_POINT('',(0.548040437749,19.886158499882));
#3408 = CARTESIAN_POINT('',(0.525396286998,19.883706565422));
#3409 = CARTESIAN_POINT('',(0.502739159925,19.881410331687));
#3410 = CARTESIAN_POINT('',(0.40028214796,19.871797203378));
#3411 = CARTESIAN_POINT('',(0.320306930724,19.866403815849));
#3412 = CARTESIAN_POINT('',(0.240216898723,19.863694368217));
#3413 = CARTESIAN_POINT('',(0.160070760256,19.864119155728));
#3414 = CARTESIAN_POINT('',(7.994497043277E-02,19.867855340263));
#3415 = CARTESIAN_POINT('',(0.,19.874771937609));
#3416 = ( GEOMETRIC_REPRESENTATION_CONTEXT(2) 
PARAMETRIC_REPRESENTATION_CONTEXT() REPRESENTATION_CONTEXT('2D SPACE',''
  ) );
#3417 = ADVANCED_FACE('',(#3418),#2934,.F.);
#3418 = FACE_BOUND('',#3419,.F.);
#3419 = EDGE_LOOP('',(#3420,#3443,#3464));
#3420 = ORIENTED_EDGE('',*,*,#3421,.F.);
#3421 = EDGE_CURVE('',#3422,#2887,#3424,.T.);
#3422 = VERTEX_POINT('',#3423);
#3423 = CARTESIAN_POINT('',(36.2,-17.4,1.6));
#3424 = SURFACE_CURVE('',#3425,(#3429,#3436),.PCURVE_S1.);
#3425 = LINE('',#3426,#3427);
#3426 = CARTESIAN_POINT('',(36.2,-17.4,0.));
#3427 = VECTOR('',#3428,1.);
#3428 = DIRECTION('',(0.,0.,1.));
#3429 = PCURVE('',#2934,#3430);
#3430 = DEFINITIONAL_REPRESENTATION('',(#3431),#3435);
#3431 = LINE('',#3432,#3433);
#3432 = CARTESIAN_POINT('',(6.6,0.));
#3433 = VECTOR('',#3434,1.);
#3434 = DIRECTION('',(0.,1.));
#3435 = ( GEOMETRIC_REPRESENTATION_CONTEXT(2) 
PARAMETRIC_REPRESENTATION_CONTEXT() REPRESENTATION_CONTEXT('2D SPACE',''
  ) );
#3436 = PCURVE('',#3030,#3437);
#3437 = DEFINITIONAL_REPRESENTATION('',(#3438),#3442);
#3438 = LINE('',#3439,#3440);
#3439 = CARTESIAN_POINT('',(0.,0.));
#3440 = VECTOR('',#3441,1.);
#3441 = DIRECTION('',(1.,0.));
#3442 = ( GEOMETRIC_REPRESENTATION_CONTEXT(2) 
PARAMETRIC_REPRESENTATION_CONTEXT() REPRESENTATION_CONTEXT('2D SPACE',''
  ) );
#3443 = ORIENTED_EDGE('',*,*,#3444,.T.);
#3444 = EDGE_CURVE('',#3422,#2885,#3445,.T.);
#3445 = SURFACE_CURVE('',#3446,(#3450,#3457),.PCURVE_S1.);
#3446 = LINE('',#3447,#3448);
#3447 = CARTESIAN_POINT('',(36.2,-37.2,1.6));
#3448 = VECTOR('',#3449,1.);
#3449 = DIRECTION('',(0.,1.,0.));
#3450 = PCURVE('',#2934,#3451);
#3451 = DEFINITIONAL_REPRESENTATION('',(#3452),#3456);
#3452 = LINE('',#3453,#3454);
#3453 = CARTESIAN_POINT('',(-13.2,1.6));
#3454 = VECTOR('',#3455,1.);
#3455 = DIRECTION('',(1.,0.));
#3456 = ( GEOMETRIC_REPRESENTATION_CONTEXT(2) 
PARAMETRIC_REPRESENTATION_CONTEXT() REPRESENTATION_CONTEXT('2D SPACE',''
  ) );
#3457 = PCURVE('',#3352,#3458);
#3458 = DEFINITIONAL_REPRESENTATION('',(#3459),#3463);
#3459 = LINE('',#3460,#3461);
#3460 = CARTESIAN_POINT('',(0.,-0.));
#3461 = VECTOR('',#3462,1.);
#3462 = DIRECTION('',(0.,1.));
#3463 = ( GEOMETRIC_REPRESENTATION_CONTEXT(2) 
PARAMETRIC_REPRESENTATION_CONTEXT() REPRESENTATION_CONTEXT('2D SPACE',''
  ) );
#3464 = ORIENTED_EDGE('',*,*,#2884,.T.);
#3465 = ADVANCED_FACE('',(#3466),#3352,.F.);
#3466 = FACE_BOUND('',#3467,.F.);
#3467 = EDGE_LOOP('',(#3468,#3469,#3470,#3493,#3521,#3752,#3780,#3807,
    #3808,#3832));
#3468 = ORIENTED_EDGE('',*,*,#3230,.T.);
#3469 = ORIENTED_EDGE('',*,*,#3444,.F.);
#3470 = ORIENTED_EDGE('',*,*,#3471,.F.);
#3471 = EDGE_CURVE('',#3472,#3422,#3474,.T.);
#3472 = VERTEX_POINT('',#3473);
#3473 = CARTESIAN_POINT('',(36.2,-30.6,1.6));
#3474 = SEAM_CURVE('',#3475,(#3479,#3486),.PCURVE_S1.);
#3475 = LINE('',#3476,#3477);
#3476 = CARTESIAN_POINT('',(36.2,-37.2,1.6));
#3477 = VECTOR('',#3478,1.);
#3478 = DIRECTION('',(0.,1.,0.));
#3479 = PCURVE('',#3352,#3480);
#3480 = DEFINITIONAL_REPRESENTATION('',(#3481),#3485);
#3481 = LINE('',#3482,#3483);
#3482 = CARTESIAN_POINT('',(6.28318530718,-0.));
#3483 = VECTOR('',#3484,1.);
#3484 = DIRECTION('',(0.,1.));
#3485 = ( GEOMETRIC_REPRESENTATION_CONTEXT(2) 
PARAMETRIC_REPRESENTATION_CONTEXT() REPRESENTATION_CONTEXT('2D SPACE',''
  ) );
#3486 = PCURVE('',#3352,#3487);
#3487 = DEFINITIONAL_REPRESENTATION('',(#3488),#3492);
#3488 = LINE('',#3489,#3490);
#3489 = CARTESIAN_POINT('',(0.,-0.));
#3490 = VECTOR('',#3491,1.);
#3491 = DIRECTION('',(0.,1.));
#3492 = ( GEOMETRIC_REPRESENTATION_CONTEXT(2) 
PARAMETRIC_REPRESENTATION_CONTEXT() REPRESENTATION_CONTEXT('2D SPACE',''
  ) );
#3493 = ORIENTED_EDGE('',*,*,#3494,.F.);
#3494 = EDGE_CURVE('',#3495,#3472,#3497,.T.);
#3495 = VERTEX_POINT('',#3496);
#3496 = CARTESIAN_POINT('',(36.2,-30.67477193235,1.6));
#3497 = SURFACE_CURVE('',#3498,(#3502,#3509),.PCURVE_S1.);
#3498 = LINE('',#3499,#3500);
#3499 = CARTESIAN_POINT('',(36.2,-37.2,1.6));
#3500 = VECTOR('',#3501,1.);
#3501 = DIRECTION('',(0.,1.,0.));
#3502 = PCURVE('',#3352,#3503);
#3503 = DEFINITIONAL_REPRESENTATION('',(#3504),#3508);
#3504 = LINE('',#3505,#3506);
#3505 = CARTESIAN_POINT('',(0.,-0.));
#3506 = VECTOR('',#3507,1.);
#3507 = DIRECTION('',(0.,1.));
#3508 = ( GEOMETRIC_REPRESENTATION_CONTEXT(2) 
PARAMETRIC_REPRESENTATION_CONTEXT() REPRESENTATION_CONTEXT('2D SPACE',''
  ) );
#3509 = PCURVE('',#3510,#3515);
#3510 = PLANE('',#3511);
#3511 = AXIS2_PLACEMENT_3D('',#3512,#3513,#3514);
#3512 = CARTESIAN_POINT('',(36.2,-24.,0.));
#3513 = DIRECTION('',(1.,0.,0.));
#3514 = DIRECTION('',(0.,1.,0.));
#3515 = DEFINITIONAL_REPRESENTATION('',(#3516),#3520);
#3516 = LINE('',#3517,#3518);
#3517 = CARTESIAN_POINT('',(-13.2,1.6));
#3518 = VECTOR('',#3519,1.);
#3519 = DIRECTION('',(1.,0.));
#3520 = ( GEOMETRIC_REPRESENTATION_CONTEXT(2) 
PARAMETRIC_REPRESENTATION_CONTEXT() REPRESENTATION_CONTEXT('2D SPACE',''
  ) );
#3521 = ORIENTED_EDGE('',*,*,#3522,.T.);
#3522 = EDGE_CURVE('',#3495,#3523,#3525,.T.);
#3523 = VERTEX_POINT('',#3524);
#3524 = CARTESIAN_POINT('',(36.2,-30.67477193235,-1.6));
#3525 = SURFACE_CURVE('',#3526,(#3589,#3655),.PCURVE_S1.);
#3526 = B_SPLINE_CURVE_WITH_KNOTS('',6,(#3527,#3528,#3529,#3530,#3531,
    #3532,#3533,#3534,#3535,#3536,#3537,#3538,#3539,#3540,#3541,#3542,
    #3543,#3544,#3545,#3546,#3547,#3548,#3549,#3550,#3551,#3552,#3553,
    #3554,#3555,#3556,#3557,#3558,#3559,#3560,#3561,#3562,#3563,#3564,
    #3565,#3566,#3567,#3568,#3569,#3570,#3571,#3572,#3573,#3574,#3575,
    #3576,#3577,#3578,#3579,#3580,#3581,#3582,#3583,#3584,#3585,#3586,
    #3587,#3588),.UNSPECIFIED.,.F.,.F.,(7,5,5,5,5,5,5,5,5,5,5,5,7),(0.,
    2.987792653375E-02,0.152427492159,0.195376307192,0.286376946472,
    0.3907444144,0.500154143971,0.609480548113,0.712915803389,
    0.804851880936,0.848048537121,0.970058155927,1.),.UNSPECIFIED.);
#3527 = CARTESIAN_POINT('',(36.2,-30.67477192987,1.6));
#3528 = CARTESIAN_POINT('',(36.22513873997,-30.67341259997,1.6));
#3529 = CARTESIAN_POINT('',(36.250287121667,-30.67217619918,
    1.599526034736));
#3530 = CARTESIAN_POINT('',(36.275432750108,-30.67106364994,
    1.59857741713));
#3531 = CARTESIAN_POINT('',(36.300563188617,-30.67007545138,
    1.597153972225));
#3532 = CARTESIAN_POINT('',(36.32566595883,-30.66921167938,
    1.595256037184));
#3533 = CARTESIAN_POINT('',(36.453527124032,-30.66543800626,
    1.583157026044));
#3534 = CARTESIAN_POINT('',(36.555661716926,-30.66449111394,
    1.565460039617));
#3535 = CARTESIAN_POINT('',(36.65623992585,-30.6656092365,1.539852000341
    ));
#3536 = CARTESIAN_POINT('',(36.754435229391,-30.668643527,1.506546506333
    ));
#3537 = CARTESIAN_POINT('',(36.849487080577,-30.67334317947,
    1.465863769846));
#3538 = CARTESIAN_POINT('',(36.972671529592,-30.68152244184,
    1.401527526525));
#3539 = CARTESIAN_POINT('',(37.004169997131,-30.68381188244,
    1.383976040247));
#3540 = CARTESIAN_POINT('',(37.035170365423,-30.68625483578,
    1.365586516823));
#3541 = CARTESIAN_POINT('',(37.06564522529,-30.68883740141,
    1.346377255741));
#3542 = CARTESIAN_POINT('',(37.095568482975,-30.69154508962,
    1.326367433737));
#3543 = CARTESIAN_POINT('',(37.187095994943,-30.70033307679,
    1.261526221844));
#3544 = CARTESIAN_POINT('',(37.246688141341,-30.70679751968,
    1.213971705533));
#3545 = CARTESIAN_POINT('',(37.303457611487,-30.71361394675,
    1.163102644567));
#3546 = CARTESIAN_POINT('',(37.357192295623,-30.72063310614,
    1.109122599512));
#3547 = CARTESIAN_POINT('',(37.40769986543,-30.72770614914,
    1.052247742748));
#3548 = CARTESIAN_POINT('',(37.508830300556,-30.74270415857,
    0.924416187425));
#3549 = CARTESIAN_POINT('',(37.558379848911,-30.75060158021,
    0.852618738505));
#3550 = CARTESIAN_POINT('',(37.603190192843,-30.75817108199,
    0.777657004412));
#3551 = CARTESIAN_POINT('',(37.643022679758,-30.76521195281,
    0.699901077265));
#3552 = CARTESIAN_POINT('',(37.677670661059,-30.77154786232,
    0.619750223978));
#3553 = CARTESIAN_POINT('',(37.737677121209,-30.78279478956,
    0.451555284887));
#3554 = CARTESIAN_POINT('',(37.76250761409,-30.78762259975,
    0.363312051739));
#3555 = CARTESIAN_POINT('',(37.781261186843,-30.7913590311,0.27341398133
    ));
#3556 = CARTESIAN_POINT('',(37.793798067583,-30.79388771401,
    0.182393465266));
#3557 = CARTESIAN_POINT('',(37.800044132123,-30.79514701963,
    9.080557189818E-02));
#3558 = CARTESIAN_POINT('',(37.799955526908,-30.7951291529,
    -9.228444438021E-02));
#3559 = CARTESIAN_POINT('',(37.793630430943,-30.79385390999,
    -0.183796213205));
#3560 = CARTESIAN_POINT('',(37.781024720493,-30.79131173223,
    -0.274735577033));
#3561 = CARTESIAN_POINT('',(37.762212888917,-30.78756455665,
    -0.364548871776));
#3562 = CARTESIAN_POINT('',(37.737334818528,-30.78272885315,
    -0.452705134348));
#3563 = CARTESIAN_POINT('',(37.677495805345,-30.77151679407,
    -0.620057899565));
#3564 = CARTESIAN_POINT('',(37.643148918945,-30.76523712161,
    -0.69948559522));
#3565 = CARTESIAN_POINT('',(37.603709914986,-30.75826521243,
    -0.776561285851));
#3566 = CARTESIAN_POINT('',(37.559379850586,-30.75077257684,
    -0.850896210458));
#3567 = CARTESIAN_POINT('',(37.510390676901,-30.74295429926,
    -0.922129782594));
#3568 = CARTESIAN_POINT('',(37.4095426018,-30.72796349687,
    -1.050185687076));
#3569 = CARTESIAN_POINT('',(37.358608611362,-30.7208158727,
    -1.10772929507));
#3570 = CARTESIAN_POINT('',(37.304376686879,-30.71372006726,
    -1.162322827627));
#3571 = CARTESIAN_POINT('',(37.247044891553,-30.70682958032,
    -1.213743197552));
#3572 = CARTESIAN_POINT('',(37.186831872454,-30.7002983691,
    -1.261780462632));
#3573 = CARTESIAN_POINT('',(37.094447626533,-30.69144196624,
    -1.327129206051));
#3574 = CARTESIAN_POINT('',(37.064333473302,-30.68872255801,
    -1.347228677296));
#3575 = CARTESIAN_POINT('',(37.033662031353,-30.68613012488,
    -1.366517785927));
#3576 = CARTESIAN_POINT('',(37.002459877763,-30.68367939734,
    -1.384977039317));
#3577 = CARTESIAN_POINT('',(36.970754936722,-30.68138449906,
    -1.402587845566));
#3578 = CARTESIAN_POINT('',(36.847687933009,-30.67325529232,
    -1.466628085245));
#3579 = CARTESIAN_POINT('',(36.753008315548,-30.66860142451,
    -1.507021050415));
#3580 = CARTESIAN_POINT('',(36.655221265683,-30.66560100769,
    -1.54009814546));
#3581 = CARTESIAN_POINT('',(36.555077902808,-30.66450080667,
    -1.565544126562));
#3582 = CARTESIAN_POINT('',(36.453394072296,-30.66544730868,
    -1.583148731487));
#3583 = CARTESIAN_POINT('',(36.325934430522,-30.66920244706,
    -1.595235717161));
#3584 = CARTESIAN_POINT('',(36.300778204997,-30.6700669997,
    -1.597141780295));
#3585 = CARTESIAN_POINT('',(36.275594110325,-30.67105651236,
    -1.598571323374));
#3586 = CARTESIAN_POINT('',(36.250394703995,-30.67217091056,
    -1.599524004943));
#3587 = CARTESIAN_POINT('',(36.225192506234,-30.67340969266,-1.6));
#3588 = CARTESIAN_POINT('',(36.2,-30.67477192987,-1.6));
#3589 = PCURVE('',#3352,#3590);
#3590 = DEFINITIONAL_REPRESENTATION('',(#3591),#3654);
#3591 = B_SPLINE_CURVE_WITH_KNOTS('',6,(#3592,#3593,#3594,#3595,#3596,
    #3597,#3598,#3599,#3600,#3601,#3602,#3603,#3604,#3605,#3606,#3607,
    #3608,#3609,#3610,#3611,#3612,#3613,#3614,#3615,#3616,#3617,#3618,
    #3619,#3620,#3621,#3622,#3623,#3624,#3625,#3626,#3627,#3628,#3629,
    #3630,#3631,#3632,#3633,#3634,#3635,#3636,#3637,#3638,#3639,#3640,
    #3641,#3642,#3643,#3644,#3645,#3646,#3647,#3648,#3649,#3650,#3651,
    #3652,#3653),.UNSPECIFIED.,.F.,.F.,(7,5,5,5,5,5,5,5,5,5,5,5,7),(0.,
    2.987792653375E-02,0.152427492159,0.195376307192,0.286376946472,
    0.3907444144,0.500154143971,0.609480548113,0.712915803389,
    0.804851880936,0.848048537121,0.970058155927,1.),.UNSPECIFIED.);
#3592 = CARTESIAN_POINT('',(0.,6.525228070127));
#3593 = CARTESIAN_POINT('',(1.571171248125E-02,6.526587400027));
#3594 = CARTESIAN_POINT('',(3.142944662291E-02,6.527823800814));
#3595 = CARTESIAN_POINT('',(4.715245019581E-02,6.528936350059));
#3596 = CARTESIAN_POINT('',(6.287994976942E-02,6.529924548616));
#3597 = CARTESIAN_POINT('',(7.861115071181E-02,6.530788320619));
#3598 = CARTESIAN_POINT('',(0.158881357566,6.534561993735));
#3599 = CARTESIAN_POINT('',(0.223473525262,6.535508886054));
#3600 = CARTESIAN_POINT('',(0.28804711563,6.534390763493));
#3601 = CARTESIAN_POINT('',(0.35256232311,6.531356472992));
#3602 = CARTESIAN_POINT('',(0.416991432642,6.526656820522));
#3603 = CARTESIAN_POINT('',(0.503849705951,6.518477558159));
#3604 = CARTESIAN_POINT('',(0.526377945047,6.516188117556));
#3605 = CARTESIAN_POINT('',(0.548893353005,6.513745164216));
#3606 = CARTESIAN_POINT('',(0.571395924623,6.511162598581));
#3607 = CARTESIAN_POINT('',(0.593885955886,6.508454910373));
#3608 = CARTESIAN_POINT('',(0.663990978126,6.49966692321));
#3609 = CARTESIAN_POINT('',(0.711563633103,6.493202480311));
#3610 = CARTESIAN_POINT('',(0.759088812342,6.486386053247));
#3611 = CARTESIAN_POINT('',(0.806576832435,6.47936689386));
#3612 = CARTESIAN_POINT('',(0.854040136832,6.472293850853));
#3613 = CARTESIAN_POINT('',(0.955913740054,6.457295841428));
#3614 = CARTESIAN_POINT('',(1.010320033596,6.449398419786));
#3615 = CARTESIAN_POINT('',(1.064729435807,6.441828918007));
#3616 = CARTESIAN_POINT('',(1.119157921344,6.434788047185));
#3617 = CARTESIAN_POINT('',(1.173615924264,6.428452137679));
#3618 = CARTESIAN_POINT('',(1.285227542995,6.417205210433));
#3619 = CARTESIAN_POINT('',(1.342387533593,6.412377400244));
#3620 = CARTESIAN_POINT('',(1.399580598405,6.408640968891));
#3621 = CARTESIAN_POINT('',(1.456802367308,6.406112285987));
#3622 = CARTESIAN_POINT('',(1.514042837675,6.40485298037));
#3623 = CARTESIAN_POINT('',(1.628474111249,6.404870847091));
#3624 = CARTESIAN_POINT('',(1.685670806098,6.406146090002));
#3625 = CARTESIAN_POINT('',(1.742848688907,6.408688267762));
#3626 = CARTESIAN_POINT('',(1.799997808955,6.412435443346));
#3627 = CARTESIAN_POINT('',(1.857113853758,6.417271146847));
#3628 = CARTESIAN_POINT('',(1.968194580886,6.428483205921));
#3629 = CARTESIAN_POINT('',(2.022166139655,6.434762878383));
#3630 = CARTESIAN_POINT('',(2.076108754541,6.441734787566));
#3631 = CARTESIAN_POINT('',(2.130032546756,6.449227423152));
#3632 = CARTESIAN_POINT('',(2.183953003663,6.457045700732));
#3633 = CARTESIAN_POINT('',(2.285827330586,6.47203650313));
#3634 = CARTESIAN_POINT('',(2.333777801412,6.479184127293));
#3635 = CARTESIAN_POINT('',(2.381753236622,6.486279932738));
#3636 = CARTESIAN_POINT('',(2.429766490159,6.493170419671));
#3637 = CARTESIAN_POINT('',(2.477828219212,6.499701630893));
#3638 = CARTESIAN_POINT('',(2.548553554911,6.50855803376));
#3639 = CARTESIAN_POINT('',(2.571173776061,6.511277441985));
#3640 = CARTESIAN_POINT('',(2.593806694571,6.513869875114));
#3641 = CARTESIAN_POINT('',(2.616452604911,6.51632060266));
#3642 = CARTESIAN_POINT('',(2.639111492787,6.518615500937));
#3643 = CARTESIAN_POINT('',(2.725819154692,6.526744707676));
#3644 = CARTESIAN_POINT('',(2.789965658577,6.531398575482));
#3645 = CARTESIAN_POINT('',(2.854197222551,6.534398992304));
#3646 = CARTESIAN_POINT('',(2.9184863362,6.535499193329));
#3647 = CARTESIAN_POINT('',(2.98279359386,6.534552691314));
#3648 = CARTESIAN_POINT('',(3.062813258201,6.530797552935));
#3649 = CARTESIAN_POINT('',(3.078578138727,6.529933000297));
#3650 = CARTESIAN_POINT('',(3.094339308367,6.528943487636));
#3651 = CARTESIAN_POINT('',(3.110095968061,6.527829089436));
#3652 = CARTESIAN_POINT('',(3.125847337194,6.526590307336));
#3653 = CARTESIAN_POINT('',(3.14159265359,6.525228070127));
#3654 = ( GEOMETRIC_REPRESENTATION_CONTEXT(2) 
PARAMETRIC_REPRESENTATION_CONTEXT() REPRESENTATION_CONTEXT('2D SPACE',''
  ) );
#3655 = PCURVE('',#3656,#3687);
#3656 = B_SPLINE_SURFACE_WITH_KNOTS('',14,1,(
    (#3657,#3658)
    ,(#3659,#3660)
    ,(#3661,#3662)
    ,(#3663,#3664)
    ,(#3665,#3666)
    ,(#3667,#3668)
    ,(#3669,#3670)
    ,(#3671,#3672)
    ,(#3673,#3674)
    ,(#3675,#3676)
    ,(#3677,#3678)
    ,(#3679,#3680)
    ,(#3681,#3682)
    ,(#3683,#3684)
    ,(#3685,#3686
    )),.UNSPECIFIED.,.T.,.F.,.F.,(1,14,14,1),(2,2),(-6.28318530718,0.,
    6.28318530718,12.566370614359),(0.,1.),.UNSPECIFIED.);
#3657 = CARTESIAN_POINT('',(36.2,-17.12,-2.603327410609E-15));
#3658 = CARTESIAN_POINT('',(54.3,-18.08,7.747397610198E-16));
#3659 = CARTESIAN_POINT('',(36.2,-17.11999999999,2.962073073387));
#3660 = CARTESIAN_POINT('',(54.300000000001,-18.07999999999,
    2.625473860502));
#3661 = CARTESIAN_POINT('',(36.2,-18.61237080505,5.924147240137));
#3662 = CARTESIAN_POINT('',(54.299999999998,-19.3641330183,
    5.250948690121));
#3663 = CARTESIAN_POINT('',(36.2,-21.597114323,8.136607687386));
#3664 = CARTESIAN_POINT('',(54.300000000001,-21.93240069652,
    7.211993177456));
#3665 = CARTESIAN_POINT('',(36.2,-25.62788102939,8.849924132446));
#3666 = CARTESIAN_POINT('',(54.300000000011,-25.40073483928,
    7.844250935576));
#3667 = CARTESIAN_POINT('',(36.2,-29.81205654358,7.583247282676));
#3668 = CARTESIAN_POINT('',(54.299999999962,-29.00107190953,
    6.721514636919));
#3669 = CARTESIAN_POINT('',(36.2,-33.00620690739,4.394842618733));
#3670 = CARTESIAN_POINT('',(54.300000000076,-31.74952687388,
    3.895428684785));
#3671 = CARTESIAN_POINT('',(36.2,-34.20874078211,1.006519312341E-10));
#3672 = CARTESIAN_POINT('',(54.299999999895,-32.78426532405,
    8.928680017562E-11));
#3673 = CARTESIAN_POINT('',(36.2,-33.00620690739,-4.394842618917));
#3674 = CARTESIAN_POINT('',(54.300000000108,-31.74952687388,
    -3.895428684948));
#3675 = CARTESIAN_POINT('',(36.2,-29.81205654358,-7.583247282535));
#3676 = CARTESIAN_POINT('',(54.299999999913,-29.00107190953,
    -6.721514636794));
#3677 = CARTESIAN_POINT('',(36.2,-25.62788102939,-8.849924132534));
#3678 = CARTESIAN_POINT('',(54.300000000055,-25.40073483928,
    -7.844250935654));
#3679 = CARTESIAN_POINT('',(36.2,-21.597114323,-8.136607687342));
#3680 = CARTESIAN_POINT('',(54.299999999974,-21.93240069652,
    -7.211993177418));
#3681 = CARTESIAN_POINT('',(36.2,-18.61237080505,-5.924147240153));
#3682 = CARTESIAN_POINT('',(54.300000000009,-19.3641330183,
    -5.250948690135));
#3683 = CARTESIAN_POINT('',(36.2,-17.11999999999,-2.962073073383));
#3684 = CARTESIAN_POINT('',(54.299999999998,-18.07999999999,
    -2.625473860499));
#3685 = CARTESIAN_POINT('',(36.2,-17.12,-2.603327410609E-15));
#3686 = CARTESIAN_POINT('',(54.3,-18.08,7.747397610198E-16));
#3687 = DEFINITIONAL_REPRESENTATION('',(#3688),#3751);
#3688 = B_SPLINE_CURVE_WITH_KNOTS('',6,(#3689,#3690,#3691,#3692,#3693,
    #3694,#3695,#3696,#3697,#3698,#3699,#3700,#3701,#3702,#3703,#3704,
    #3705,#3706,#3707,#3708,#3709,#3710,#3711,#3712,#3713,#3714,#3715,
    #3716,#3717,#3718,#3719,#3720,#3721,#3722,#3723,#3724,#3725,#3726,
    #3727,#3728,#3729,#3730,#3731,#3732,#3733,#3734,#3735,#3736,#3737,
    #3738,#3739,#3740,#3741,#3742,#3743,#3744,#3745,#3746,#3747,#3748,
    #3749,#3750),.UNSPECIFIED.,.F.,.F.,(7,5,5,5,5,5,5,5,5,5,5,5,7),(0.,
    2.987792653375E-02,0.152427492159,0.195376307192,0.286376946472,
    0.3907444144,0.500154143971,0.609480548113,0.712915803389,
    0.804851880936,0.848048537121,0.970058155927,1.),.UNSPECIFIED.);
#3689 = CARTESIAN_POINT('',(2.896728798069,0.));
#3690 = CARTESIAN_POINT('',(2.896689360484,1.388880661326E-03));
#3691 = CARTESIAN_POINT('',(2.896723913221,2.778294014777E-03));
#3692 = CARTESIAN_POINT('',(2.896832639123,4.167555254578E-03));
#3693 = CARTESIAN_POINT('',(2.89701563068,5.555977271647E-03));
#3694 = CARTESIAN_POINT('',(2.897272890031,6.94287065359E-03));
#3695 = CARTESIAN_POINT('',(2.898963783971,1.40070234272E-02));
#3696 = CARTESIAN_POINT('',(2.90157137238,1.964981861468E-02));
#3697 = CARTESIAN_POINT('',(2.905421074374,2.520662573757E-02));
#3698 = CARTESIAN_POINT('',(2.910479433061,3.063178062934E-02));
#3699 = CARTESIAN_POINT('',(2.916693341847,3.588326412026E-02));
#3700 = CARTESIAN_POINT('',(2.926551528163,4.268903478409E-02));
#3701 = CARTESIAN_POINT('',(2.929243369207,4.442928160947E-02));
#3702 = CARTESIAN_POINT('',(2.932065831388,4.61420091394E-02));
#3703 = CARTESIAN_POINT('',(2.935015867859,4.782570305471E-02));
#3704 = CARTESIAN_POINT('',(2.938090287231,4.947892171133E-02));
#3705 = CARTESIAN_POINT('',(2.948056358984,5.453569032835E-02));
#3706 = CARTESIAN_POINT('',(2.955370346282,5.782807410722E-02));
#3707 = CARTESIAN_POINT('',(2.963196275979,6.096450892195E-02));
#3708 = CARTESIAN_POINT('',(2.971500509078,6.393327600127E-02));
#3709 = CARTESIAN_POINT('',(2.980247758117,6.672374947126E-02));
#3710 = CARTESIAN_POINT('',(2.999900106091,7.231106632908E-02));
#3711 = CARTESIAN_POINT('',(3.010933353071,7.504861043705E-02));
#3712 = CARTESIAN_POINT('',(3.02244611584,7.752432004657E-02));
#3713 = CARTESIAN_POINT('',(3.034380173084,7.972500993136E-02));
#3714 = CARTESIAN_POINT('',(3.046673856096,8.163926304194E-02));
#3715 = CARTESIAN_POINT('',(3.072457407092,8.495453708339E-02));
#3716 = CARTESIAN_POINT('',(3.085977118111,8.632638751878E-02));
#3717 = CARTESIAN_POINT('',(3.099743524843,8.736249651069E-02));
#3718 = CARTESIAN_POINT('',(3.113676879623,8.805514185539E-02));
#3719 = CARTESIAN_POINT('',(3.127694624942,8.840022829408E-02));
#3720 = CARTESIAN_POINT('',(3.155717027512,8.839533297837E-02));
#3721 = CARTESIAN_POINT('',(3.169723149263,8.804588016257E-02));
#3722 = CARTESIAN_POINT('',(3.183644132914,8.734943207144E-02));
#3723 = CARTESIAN_POINT('',(3.197397626151,8.631010436008E-02));
#3724 = CARTESIAN_POINT('',(3.210904089369,8.493562533305E-02));
#3725 = CARTESIAN_POINT('',(3.236558690794,8.162960250525E-02));
#3726 = CARTESIAN_POINT('',(3.248741472968,7.973198447209E-02));
#3727 = CARTESIAN_POINT('',(3.260571068282,7.755303397715E-02));
#3728 = CARTESIAN_POINT('',(3.271987434118,7.510385914839E-02));
#3729 = CARTESIAN_POINT('',(3.282933857557,7.239727496691E-02));
#3730 = CARTESIAN_POINT('',(3.302620400271,6.682555811052E-02));
#3731 = CARTESIAN_POINT('',(3.311470441857,6.401152548962E-02));
#3732 = CARTESIAN_POINT('',(3.319869057997,6.10152865679E-02));
#3733 = CARTESIAN_POINT('',(3.327779837537,5.784778406371E-02));
#3734 = CARTESIAN_POINT('',(3.335168086334,5.452109792565E-02));
#3735 = CARTESIAN_POINT('',(3.345212074554,4.941699594105E-02));
#3736 = CARTESIAN_POINT('',(3.348300226064,4.775323056919E-02));
#3737 = CARTESIAN_POINT('',(3.351262465842,4.605867576537E-02));
#3738 = CARTESIAN_POINT('',(3.354095549854,4.433479987641E-02));
#3739 = CARTESIAN_POINT('',(3.356796382598,4.258314567526E-02));
#3740 = CARTESIAN_POINT('',(3.366608691153,3.578386370218E-02));
#3741 = CARTESIAN_POINT('',(3.372777907002,3.055294561038E-02));
#3742 = CARTESIAN_POINT('',(3.377801154381,2.515034617031E-02));
#3743 = CARTESIAN_POINT('',(3.381626165176,1.961756369106E-02));
#3744 = CARTESIAN_POINT('',(3.384220014672,1.399967250253E-02));
#3745 = CARTESIAN_POINT('',(3.385909662375,6.957703343741E-03));
#3746 = CARTESIAN_POINT('',(3.386168108802,5.567856629679E-03));
#3747 = CARTESIAN_POINT('',(3.386351969352,4.176470183693E-03));
#3748 = CARTESIAN_POINT('',(3.3864612458,2.784237789791E-03));
#3749 = CARTESIAN_POINT('',(3.386496031044,1.391851173127E-03));
#3750 = CARTESIAN_POINT('',(3.386456509111,0.));
#3751 = ( GEOMETRIC_REPRESENTATION_CONTEXT(2) 
PARAMETRIC_REPRESENTATION_CONTEXT() REPRESENTATION_CONTEXT('2D SPACE',''
  ) );
#3752 = ORIENTED_EDGE('',*,*,#3753,.T.);
#3753 = EDGE_CURVE('',#3523,#3754,#3756,.T.);
#3754 = VERTEX_POINT('',#3755);
#3755 = CARTESIAN_POINT('',(36.2,-30.6,-1.6));
#3756 = SURFACE_CURVE('',#3757,(#3761,#3768),.PCURVE_S1.);
#3757 = LINE('',#3758,#3759);
#3758 = CARTESIAN_POINT('',(36.2,-37.2,-1.6));
#3759 = VECTOR('',#3760,1.);
#3760 = DIRECTION('',(0.,1.,0.));
#3761 = PCURVE('',#3352,#3762);
#3762 = DEFINITIONAL_REPRESENTATION('',(#3763),#3767);
#3763 = LINE('',#3764,#3765);
#3764 = CARTESIAN_POINT('',(3.14159265359,0.));
#3765 = VECTOR('',#3766,1.);
#3766 = DIRECTION('',(0.,1.));
#3767 = ( GEOMETRIC_REPRESENTATION_CONTEXT(2) 
PARAMETRIC_REPRESENTATION_CONTEXT() REPRESENTATION_CONTEXT('2D SPACE',''
  ) );
#3768 = PCURVE('',#3769,#3774);
#3769 = PLANE('',#3770);
#3770 = AXIS2_PLACEMENT_3D('',#3771,#3772,#3773);
#3771 = CARTESIAN_POINT('',(36.2,-24.,0.));
#3772 = DIRECTION('',(1.,0.,0.));
#3773 = DIRECTION('',(0.,1.,0.));
#3774 = DEFINITIONAL_REPRESENTATION('',(#3775),#3779);
#3775 = LINE('',#3776,#3777);
#3776 = CARTESIAN_POINT('',(-13.2,-1.6));
#3777 = VECTOR('',#3778,1.);
#3778 = DIRECTION('',(1.,0.));
#3779 = ( GEOMETRIC_REPRESENTATION_CONTEXT(2) 
PARAMETRIC_REPRESENTATION_CONTEXT() REPRESENTATION_CONTEXT('2D SPACE',''
  ) );
#3780 = ORIENTED_EDGE('',*,*,#3781,.T.);
#3781 = EDGE_CURVE('',#3754,#3472,#3782,.T.);
#3782 = SURFACE_CURVE('',#3783,(#3788,#3795),.PCURVE_S1.);
#3783 = CIRCLE('',#3784,1.6);
#3784 = AXIS2_PLACEMENT_3D('',#3785,#3786,#3787);
#3785 = CARTESIAN_POINT('',(36.2,-30.6,0.));
#3786 = DIRECTION('',(0.,1.,0.));
#3787 = DIRECTION('',(0.,-0.,1.));
#3788 = PCURVE('',#3352,#3789);
#3789 = DEFINITIONAL_REPRESENTATION('',(#3790),#3794);
#3790 = LINE('',#3791,#3792);
#3791 = CARTESIAN_POINT('',(0.,6.6));
#3792 = VECTOR('',#3793,1.);
#3793 = DIRECTION('',(1.,0.));
#3794 = ( GEOMETRIC_REPRESENTATION_CONTEXT(2) 
PARAMETRIC_REPRESENTATION_CONTEXT() REPRESENTATION_CONTEXT('2D SPACE',''
  ) );
#3795 = PCURVE('',#3796,#3801);
#3796 = PLANE('',#3797);
#3797 = AXIS2_PLACEMENT_3D('',#3798,#3799,#3800);
#3798 = CARTESIAN_POINT('',(36.2,-30.6,0.));
#3799 = DIRECTION('',(0.,1.,0.));
#3800 = DIRECTION('',(0.,-0.,1.));
#3801 = DEFINITIONAL_REPRESENTATION('',(#3802),#3806);
#3802 = CIRCLE('',#3803,1.6);
#3803 = AXIS2_PLACEMENT_2D('',#3804,#3805);
#3804 = CARTESIAN_POINT('',(0.,0.));
#3805 = DIRECTION('',(1.,0.));
#3806 = ( GEOMETRIC_REPRESENTATION_CONTEXT(2) 
PARAMETRIC_REPRESENTATION_CONTEXT() REPRESENTATION_CONTEXT('2D SPACE',''
  ) );
#3807 = ORIENTED_EDGE('',*,*,#3471,.T.);
#3808 = ORIENTED_EDGE('',*,*,#3809,.F.);
#3809 = EDGE_CURVE('',#3810,#3422,#3812,.T.);
#3810 = VERTEX_POINT('',#3811);
#3811 = CARTESIAN_POINT('',(36.2,-17.4,-1.6));
#3812 = SURFACE_CURVE('',#3813,(#3818,#3825),.PCURVE_S1.);
#3813 = CIRCLE('',#3814,1.6);
#3814 = AXIS2_PLACEMENT_3D('',#3815,#3816,#3817);
#3815 = CARTESIAN_POINT('',(36.2,-17.4,0.));
#3816 = DIRECTION('',(0.,1.,0.));
#3817 = DIRECTION('',(0.,-0.,1.));
#3818 = PCURVE('',#3352,#3819);
#3819 = DEFINITIONAL_REPRESENTATION('',(#3820),#3824);
#3820 = LINE('',#3821,#3822);
#3821 = CARTESIAN_POINT('',(0.,19.8));
#3822 = VECTOR('',#3823,1.);
#3823 = DIRECTION('',(1.,0.));
#3824 = ( GEOMETRIC_REPRESENTATION_CONTEXT(2) 
PARAMETRIC_REPRESENTATION_CONTEXT() REPRESENTATION_CONTEXT('2D SPACE',''
  ) );
#3825 = PCURVE('',#3030,#3826);
#3826 = DEFINITIONAL_REPRESENTATION('',(#3827),#3831);
#3827 = CIRCLE('',#3828,1.6);
#3828 = AXIS2_PLACEMENT_2D('',#3829,#3830);
#3829 = CARTESIAN_POINT('',(0.,0.));
#3830 = DIRECTION('',(1.,0.));
#3831 = ( GEOMETRIC_REPRESENTATION_CONTEXT(2) 
PARAMETRIC_REPRESENTATION_CONTEXT() REPRESENTATION_CONTEXT('2D SPACE',''
  ) );
#3832 = ORIENTED_EDGE('',*,*,#3833,.T.);
#3833 = EDGE_CURVE('',#3810,#3202,#3834,.T.);
#3834 = SURFACE_CURVE('',#3835,(#3839,#3846),.PCURVE_S1.);
#3835 = LINE('',#3836,#3837);
#3836 = CARTESIAN_POINT('',(36.2,-37.2,-1.6));
#3837 = VECTOR('',#3838,1.);
#3838 = DIRECTION('',(0.,1.,0.));
#3839 = PCURVE('',#3352,#3840);
#3840 = DEFINITIONAL_REPRESENTATION('',(#3841),#3845);
#3841 = LINE('',#3842,#3843);
#3842 = CARTESIAN_POINT('',(3.14159265359,0.));
#3843 = VECTOR('',#3844,1.);
#3844 = DIRECTION('',(0.,1.));
#3845 = ( GEOMETRIC_REPRESENTATION_CONTEXT(2) 
PARAMETRIC_REPRESENTATION_CONTEXT() REPRESENTATION_CONTEXT('2D SPACE',''
  ) );
#3846 = PCURVE('',#3218,#3847);
#3847 = DEFINITIONAL_REPRESENTATION('',(#3848),#3852);
#3848 = LINE('',#3849,#3850);
#3849 = CARTESIAN_POINT('',(-13.2,-1.6));
#3850 = VECTOR('',#3851,1.);
#3851 = DIRECTION('',(1.,0.));
#3852 = ( GEOMETRIC_REPRESENTATION_CONTEXT(2) 
PARAMETRIC_REPRESENTATION_CONTEXT() REPRESENTATION_CONTEXT('2D SPACE',''
  ) );
#3853 = ADVANCED_FACE('',(#3854),#3218,.F.);
#3854 = FACE_BOUND('',#3855,.F.);
#3855 = EDGE_LOOP('',(#3856,#3877,#3878));
#3856 = ORIENTED_EDGE('',*,*,#3857,.F.);
#3857 = EDGE_CURVE('',#3077,#3810,#3858,.T.);
#3858 = SURFACE_CURVE('',#3859,(#3863,#3870),.PCURVE_S1.);
#3859 = LINE('',#3860,#3861);
#3860 = CARTESIAN_POINT('',(36.2,-17.4,0.));
#3861 = VECTOR('',#3862,1.);
#3862 = DIRECTION('',(0.,0.,1.));
#3863 = PCURVE('',#3218,#3864);
#3864 = DEFINITIONAL_REPRESENTATION('',(#3865),#3869);
#3865 = LINE('',#3866,#3867);
#3866 = CARTESIAN_POINT('',(6.6,0.));
#3867 = VECTOR('',#3868,1.);
#3868 = DIRECTION('',(0.,1.));
#3869 = ( GEOMETRIC_REPRESENTATION_CONTEXT(2) 
PARAMETRIC_REPRESENTATION_CONTEXT() REPRESENTATION_CONTEXT('2D SPACE',''
  ) );
#3870 = PCURVE('',#3030,#3871);
#3871 = DEFINITIONAL_REPRESENTATION('',(#3872),#3876);
#3872 = LINE('',#3873,#3874);
#3873 = CARTESIAN_POINT('',(0.,0.));
#3874 = VECTOR('',#3875,1.);
#3875 = DIRECTION('',(1.,0.));
#3876 = ( GEOMETRIC_REPRESENTATION_CONTEXT(2) 
PARAMETRIC_REPRESENTATION_CONTEXT() REPRESENTATION_CONTEXT('2D SPACE',''
  ) );
#3877 = ORIENTED_EDGE('',*,*,#3201,.T.);
#3878 = ORIENTED_EDGE('',*,*,#3833,.F.);
#3879 = ADVANCED_FACE('',(#3880,#3911),#3030,.T.);
#3880 = FACE_BOUND('',#3881,.T.);
#3881 = EDGE_LOOP('',(#3882));
#3882 = ORIENTED_EDGE('',*,*,#3883,.T.);
#3883 = EDGE_CURVE('',#3884,#3884,#3886,.T.);
#3884 = VERTEX_POINT('',#3885);
#3885 = CARTESIAN_POINT('',(36.2,-17.4,6.88));
#3886 = SURFACE_CURVE('',#3887,(#3892,#3899),.PCURVE_S1.);
#3887 = CIRCLE('',#3888,6.88);
#3888 = AXIS2_PLACEMENT_3D('',#3889,#3890,#3891);
#3889 = CARTESIAN_POINT('',(36.2,-17.4,0.));
#3890 = DIRECTION('',(0.,1.,0.));
#3891 = DIRECTION('',(0.,-0.,1.));
#3892 = PCURVE('',#3030,#3893);
#3893 = DEFINITIONAL_REPRESENTATION('',(#3894),#3898);
#3894 = CIRCLE('',#3895,6.88);
#3895 = AXIS2_PLACEMENT_2D('',#3896,#3897);
#3896 = CARTESIAN_POINT('',(0.,0.));
#3897 = DIRECTION('',(1.,0.));
#3898 = ( GEOMETRIC_REPRESENTATION_CONTEXT(2) 
PARAMETRIC_REPRESENTATION_CONTEXT() REPRESENTATION_CONTEXT('2D SPACE',''
  ) );
#3899 = PCURVE('',#3900,#3905);
#3900 = CYLINDRICAL_SURFACE('',#3901,6.88);
#3901 = AXIS2_PLACEMENT_3D('',#3902,#3903,#3904);
#3902 = CARTESIAN_POINT('',(36.2,-30.6,0.));
#3903 = DIRECTION('',(0.,1.,0.));
#3904 = DIRECTION('',(0.,-0.,1.));
#3905 = DEFINITIONAL_REPRESENTATION('',(#3906),#3910);
#3906 = LINE('',#3907,#3908);
#3907 = CARTESIAN_POINT('',(0.,13.2));
#3908 = VECTOR('',#3909,1.);
#3909 = DIRECTION('',(1.,0.));
#3910 = ( GEOMETRIC_REPRESENTATION_CONTEXT(2) 
PARAMETRIC_REPRESENTATION_CONTEXT() REPRESENTATION_CONTEXT('2D SPACE',''
  ) );
#3911 = FACE_BOUND('',#3912,.T.);
#3912 = EDGE_LOOP('',(#3913,#3914,#3915,#3916,#3917));
#3913 = ORIENTED_EDGE('',*,*,#2946,.F.);
#3914 = ORIENTED_EDGE('',*,*,#3421,.F.);
#3915 = ORIENTED_EDGE('',*,*,#3809,.F.);
#3916 = ORIENTED_EDGE('',*,*,#3857,.F.);
#3917 = ORIENTED_EDGE('',*,*,#3076,.T.);
#3918 = ADVANCED_FACE('',(#3919,#3945),#3796,.F.);
#3919 = FACE_BOUND('',#3920,.F.);
#3920 = EDGE_LOOP('',(#3921));
#3921 = ORIENTED_EDGE('',*,*,#3922,.T.);
#3922 = EDGE_CURVE('',#3923,#3923,#3925,.T.);
#3923 = VERTEX_POINT('',#3924);
#3924 = CARTESIAN_POINT('',(36.2,-30.6,6.88));
#3925 = SURFACE_CURVE('',#3926,(#3931,#3938),.PCURVE_S1.);
#3926 = CIRCLE('',#3927,6.88);
#3927 = AXIS2_PLACEMENT_3D('',#3928,#3929,#3930);
#3928 = CARTESIAN_POINT('',(36.2,-30.6,0.));
#3929 = DIRECTION('',(0.,1.,0.));
#3930 = DIRECTION('',(0.,-0.,1.));
#3931 = PCURVE('',#3796,#3932);
#3932 = DEFINITIONAL_REPRESENTATION('',(#3933),#3937);
#3933 = CIRCLE('',#3934,6.88);
#3934 = AXIS2_PLACEMENT_2D('',#3935,#3936);
#3935 = CARTESIAN_POINT('',(0.,0.));
#3936 = DIRECTION('',(1.,0.));
#3937 = ( GEOMETRIC_REPRESENTATION_CONTEXT(2) 
PARAMETRIC_REPRESENTATION_CONTEXT() REPRESENTATION_CONTEXT('2D SPACE',''
  ) );
#3938 = PCURVE('',#3900,#3939);
#3939 = DEFINITIONAL_REPRESENTATION('',(#3940),#3944);
#3940 = LINE('',#3941,#3942);
#3941 = CARTESIAN_POINT('',(0.,0.));
#3942 = VECTOR('',#3943,1.);
#3943 = DIRECTION('',(1.,0.));
#3944 = ( GEOMETRIC_REPRESENTATION_CONTEXT(2) 
PARAMETRIC_REPRESENTATION_CONTEXT() REPRESENTATION_CONTEXT('2D SPACE',''
  ) );
#3945 = FACE_BOUND('',#3946,.F.);
#3946 = EDGE_LOOP('',(#3947,#4200,#4221,#4222));
#3947 = ORIENTED_EDGE('',*,*,#3948,.F.);
#3948 = EDGE_CURVE('',#3949,#3951,#3953,.T.);
#3949 = VERTEX_POINT('',#3950);
#3950 = CARTESIAN_POINT('',(36.2,-30.6,1.863714821726));
#3951 = VERTEX_POINT('',#3952);
#3952 = CARTESIAN_POINT('',(36.2,-30.6,-1.863714821726));
#3953 = SURFACE_CURVE('',#3954,(#4034,#4117),.PCURVE_S1.);
#3954 = B_SPLINE_CURVE_WITH_KNOTS('',8,(#3955,#3956,#3957,#3958,#3959,
    #3960,#3961,#3962,#3963,#3964,#3965,#3966,#3967,#3968,#3969,#3970,
    #3971,#3972,#3973,#3974,#3975,#3976,#3977,#3978,#3979,#3980,#3981,
    #3982,#3983,#3984,#3985,#3986,#3987,#3988,#3989,#3990,#3991,#3992,
    #3993,#3994,#3995,#3996,#3997,#3998,#3999,#4000,#4001,#4002,#4003,
    #4004,#4005,#4006,#4007,#4008,#4009,#4010,#4011,#4012,#4013,#4014,
    #4015,#4016,#4017,#4018,#4019,#4020,#4021,#4022,#4023,#4024,#4025,
    #4026,#4027,#4028,#4029,#4030,#4031,#4032,#4033),.UNSPECIFIED.,.F.,
  .F.,(9,7,7,7,7,7,7,7,7,7,7,9),(0.,0.252478221074,0.376098217664,
    0.438797805411,0.463963294691,0.500042798513,0.523081605949,
    0.544065621788,0.592136773101,0.636417057962,0.768968806757,1.),
  .UNSPECIFIED.);
#3955 = CARTESIAN_POINT('',(36.2,-30.6,1.863714812442));
#3956 = CARTESIAN_POINT('',(36.557474024916,-30.6,1.800257525055));
#3957 = CARTESIAN_POINT('',(36.914473491274,-30.6,1.734473540616));
#3958 = CARTESIAN_POINT('',(37.270980592213,-30.6,1.666051400506));
#3959 = CARTESIAN_POINT('',(37.626916673548,-30.6,1.594589801706));
#3960 = CARTESIAN_POINT('',(37.982148528347,-30.6,1.519617613199));
#3961 = CARTESIAN_POINT('',(38.336444746631,-30.6,1.440411409679));
#3962 = CARTESIAN_POINT('',(38.689497939865,-30.6,1.356084864472));
#3963 = CARTESIAN_POINT('',(39.212717307388,-30.6,1.220061373479));
#3964 = CARTESIAN_POINT('',(39.384197805202,-30.6,1.173692439363));
#3965 = CARTESIAN_POINT('',(39.555161963504,-30.6,1.125436664942));
#3966 = CARTESIAN_POINT('',(39.725526438064,-30.6,1.075008212036));
#3967 = CARTESIAN_POINT('',(39.895149860581,-30.6,1.022075022363));
#3968 = CARTESIAN_POINT('',(40.063790209228,-30.6,0.966138915402));
#3969 = CARTESIAN_POINT('',(40.231125585916,-30.6,0.906591433536));
#3970 = CARTESIAN_POINT('',(40.480486876562,-30.6,0.809498663455));
#3971 = CARTESIAN_POINT('',(40.56384699833,-30.6,0.775598307985));
#3972 = CARTESIAN_POINT('',(40.646629512187,-30.6,0.740291067132));
#3973 = CARTESIAN_POINT('',(40.728738256597,-30.6,0.703363131025));
#3974 = CARTESIAN_POINT('',(40.810009636696,-30.6,0.664572980141));
#3975 = CARTESIAN_POINT('',(40.890171405254,-30.6,0.623576508734));
#3976 = CARTESIAN_POINT('',(40.968861224911,-30.6,0.579958695356));
#3977 = CARTESIAN_POINT('',(41.076189221333,-30.6,0.513997097203));
#3978 = CARTESIAN_POINT('',(41.106574108583,-30.6,0.494558801571));
#3979 = CARTESIAN_POINT('',(41.136568296954,-30.6,0.474519551547));
#3980 = CARTESIAN_POINT('',(41.166115757357,-30.6,0.453819407826));
#3981 = CARTESIAN_POINT('',(41.195140582595,-30.6,0.432393514652));
#3982 = CARTESIAN_POINT('',(41.223544227531,-30.6,0.410168394001));
#3983 = CARTESIAN_POINT('',(41.251199548915,-30.6,0.387054270633));
#3984 = CARTESIAN_POINT('',(41.316281513478,-30.6,0.328351623429));
#3985 = CARTESIAN_POINT('',(41.35266641763,-30.6,0.291770872031));
#3986 = CARTESIAN_POINT('',(41.386826996382,-30.6,0.252666169212));
#3987 = CARTESIAN_POINT('',(41.417915848529,-30.6,0.210679873337));
#3988 = CARTESIAN_POINT('',(41.444463495476,-30.6,0.165628620111));
#3989 = CARTESIAN_POINT('',(41.464695689352,-30.6,0.117610622589));
#3990 = CARTESIAN_POINT('',(41.476414855331,-30.6,6.696528655046E-02));
#3991 = CARTESIAN_POINT('',(41.48034812831,-30.6,-1.791415152858E-02));
#3992 = CARTESIAN_POINT('',(41.478053945378,-30.6,-5.112313771543E-02));
#3993 = CARTESIAN_POINT('',(41.471891633882,-30.6,-8.388929135831E-02));
#3994 = CARTESIAN_POINT('',(41.46213392738,-30.6,-0.115816308212));
#3995 = CARTESIAN_POINT('',(41.449254032825,-30.6,-0.146652269356));
#3996 = CARTESIAN_POINT('',(41.433812247983,-30.6,-0.176256605566));
#3997 = CARTESIAN_POINT('',(41.416342578834,-30.6,-0.204567061684));
#3998 = CARTESIAN_POINT('',(41.379839918626,-30.6,-0.256158212483));
#3999 = CARTESIAN_POINT('',(41.361037615505,-30.6,-0.279750049381));
#4000 = CARTESIAN_POINT('',(41.341077801035,-30.6,-0.302416290056));
#4001 = CARTESIAN_POINT('',(41.320162865185,-30.6,-0.324224599951));
#4002 = CARTESIAN_POINT('',(41.298455050157,-30.6,-0.345238760525));
#4003 = CARTESIAN_POINT('',(41.276079266069,-30.6,-0.36552123819));
#4004 = CARTESIAN_POINT('',(41.253125906623,-30.6,-0.385135753258));
#4005 = CARTESIAN_POINT('',(41.175882370612,-30.6,-0.447708216096));
#4006 = CARTESIAN_POINT('',(41.119518209706,-30.6,-0.488007179633));
#4007 = CARTESIAN_POINT('',(41.061349831501,-30.6,-0.52581032726));
#4008 = CARTESIAN_POINT('',(41.001834872646,-30.6,-0.561493653946));
#4009 = CARTESIAN_POINT('',(40.941319164625,-30.6,-0.595380421811));
#4010 = CARTESIAN_POINT('',(40.880008573365,-30.6,-0.62770352458));
#4011 = CARTESIAN_POINT('',(40.818020639807,-30.6,-0.658678065967));
#4012 = CARTESIAN_POINT('',(40.697672066165,-30.6,-0.715957329102));
#4013 = CARTESIAN_POINT('',(40.639477984412,-30.6,-0.742406085017));
#4014 = CARTESIAN_POINT('',(40.580873467699,-30.6,-0.767963179265));
#4015 = CARTESIAN_POINT('',(40.521919907815,-30.6,-0.792722811604));
#4016 = CARTESIAN_POINT('',(40.462665289051,-30.6,-0.816760297742));
#4017 = CARTESIAN_POINT('',(40.403147287412,-30.6,-0.840139191076));
#4018 = CARTESIAN_POINT('',(40.343394858149,-30.6,-0.862915003244));
#4019 = CARTESIAN_POINT('',(40.1039201933,-30.6,-0.951652006535));
#4020 = CARTESIAN_POINT('',(39.922566259465,-30.6,-1.013167066933));
#4021 = CARTESIAN_POINT('',(39.739934049762,-30.6,-1.070970944451));
#4022 = CARTESIAN_POINT('',(39.556337605103,-30.6,-1.125689822355));
#4023 = CARTESIAN_POINT('',(39.372012781754,-30.6,-1.177834535134));
#4024 = CARTESIAN_POINT('',(39.187097878064,-30.6,-1.227746057554));
#4025 = CARTESIAN_POINT('',(39.001674713119,-30.6,-1.275716780661));
#4026 = CARTESIAN_POINT('',(38.491728661181,-30.6,-1.402611661398));
#4027 = CARTESIAN_POINT('',(38.166388513962,-30.6,-1.478011865785));
#4028 = CARTESIAN_POINT('',(37.840096681539,-30.6,-1.549362273348));
#4029 = CARTESIAN_POINT('',(37.513070029509,-30.6,-1.617332233871));
#4030 = CARTESIAN_POINT('',(37.185461705759,-30.6,-1.682408581045));
#4031 = CARTESIAN_POINT('',(36.85737910282,-30.6,-1.744980093065));
#4032 = CARTESIAN_POINT('',(36.528882449464,-30.6,-1.805332981435));
#4033 = CARTESIAN_POINT('',(36.2,-30.6,-1.863714812442));
#4034 = PCURVE('',#3796,#4035);
#4035 = DEFINITIONAL_REPRESENTATION('',(#4036),#4116);
#4036 = B_SPLINE_CURVE_WITH_KNOTS('',8,(#4037,#4038,#4039,#4040,#4041,
    #4042,#4043,#4044,#4045,#4046,#4047,#4048,#4049,#4050,#4051,#4052,
    #4053,#4054,#4055,#4056,#4057,#4058,#4059,#4060,#4061,#4062,#4063,
    #4064,#4065,#4066,#4067,#4068,#4069,#4070,#4071,#4072,#4073,#4074,
    #4075,#4076,#4077,#4078,#4079,#4080,#4081,#4082,#4083,#4084,#4085,
    #4086,#4087,#4088,#4089,#4090,#4091,#4092,#4093,#4094,#4095,#4096,
    #4097,#4098,#4099,#4100,#4101,#4102,#4103,#4104,#4105,#4106,#4107,
    #4108,#4109,#4110,#4111,#4112,#4113,#4114,#4115),.UNSPECIFIED.,.F.,
  .F.,(9,7,7,7,7,7,7,7,7,7,7,9),(0.,0.252478221074,0.376098217664,
    0.438797805411,0.463963294691,0.500042798513,0.523081605949,
    0.544065621788,0.592136773101,0.636417057962,0.768968806757,1.),
  .UNSPECIFIED.);
#4037 = CARTESIAN_POINT('',(1.863714812442,0.));
#4038 = CARTESIAN_POINT('',(1.800257525055,0.357474024916));
#4039 = CARTESIAN_POINT('',(1.734473540616,0.714473491274));
#4040 = CARTESIAN_POINT('',(1.666051400506,1.070980592213));
#4041 = CARTESIAN_POINT('',(1.594589801706,1.426916673548));
#4042 = CARTESIAN_POINT('',(1.519617613199,1.782148528347));
#4043 = CARTESIAN_POINT('',(1.440411409679,2.136444746631));
#4044 = CARTESIAN_POINT('',(1.356084864472,2.489497939865));
#4045 = CARTESIAN_POINT('',(1.220061373479,3.012717307388));
#4046 = CARTESIAN_POINT('',(1.173692439363,3.184197805202));
#4047 = CARTESIAN_POINT('',(1.125436664942,3.355161963504));
#4048 = CARTESIAN_POINT('',(1.075008212036,3.525526438064));
#4049 = CARTESIAN_POINT('',(1.022075022363,3.695149860581));
#4050 = CARTESIAN_POINT('',(0.966138915402,3.863790209228));
#4051 = CARTESIAN_POINT('',(0.906591433536,4.031125585916));
#4052 = CARTESIAN_POINT('',(0.809498663455,4.280486876562));
#4053 = CARTESIAN_POINT('',(0.775598307985,4.36384699833));
#4054 = CARTESIAN_POINT('',(0.740291067132,4.446629512187));
#4055 = CARTESIAN_POINT('',(0.703363131025,4.528738256597));
#4056 = CARTESIAN_POINT('',(0.664572980141,4.610009636696));
#4057 = CARTESIAN_POINT('',(0.623576508734,4.690171405254));
#4058 = CARTESIAN_POINT('',(0.579958695356,4.768861224911));
#4059 = CARTESIAN_POINT('',(0.513997097203,4.876189221333));
#4060 = CARTESIAN_POINT('',(0.494558801571,4.906574108583));
#4061 = CARTESIAN_POINT('',(0.474519551547,4.936568296954));
#4062 = CARTESIAN_POINT('',(0.453819407826,4.966115757357));
#4063 = CARTESIAN_POINT('',(0.432393514652,4.995140582595));
#4064 = CARTESIAN_POINT('',(0.410168394001,5.023544227531));
#4065 = CARTESIAN_POINT('',(0.387054270633,5.051199548915));
#4066 = CARTESIAN_POINT('',(0.328351623429,5.116281513478));
#4067 = CARTESIAN_POINT('',(0.291770872031,5.15266641763));
#4068 = CARTESIAN_POINT('',(0.252666169212,5.186826996382));
#4069 = CARTESIAN_POINT('',(0.210679873337,5.217915848529));
#4070 = CARTESIAN_POINT('',(0.165628620111,5.244463495476));
#4071 = CARTESIAN_POINT('',(0.117610622589,5.264695689351));
#4072 = CARTESIAN_POINT('',(6.696528655046E-02,5.276414855331));
#4073 = CARTESIAN_POINT('',(-1.791415152858E-02,5.28034812831));
#4074 = CARTESIAN_POINT('',(-5.112313771543E-02,5.278053945378));
#4075 = CARTESIAN_POINT('',(-8.388929135831E-02,5.271891633882));
#4076 = CARTESIAN_POINT('',(-0.115816308212,5.26213392738));
#4077 = CARTESIAN_POINT('',(-0.146652269356,5.249254032825));
#4078 = CARTESIAN_POINT('',(-0.176256605566,5.233812247983));
#4079 = CARTESIAN_POINT('',(-0.204567061684,5.216342578834));
#4080 = CARTESIAN_POINT('',(-0.256158212483,5.179839918626));
#4081 = CARTESIAN_POINT('',(-0.279750049381,5.161037615505));
#4082 = CARTESIAN_POINT('',(-0.302416290056,5.141077801035));
#4083 = CARTESIAN_POINT('',(-0.324224599951,5.120162865185));
#4084 = CARTESIAN_POINT('',(-0.345238760525,5.098455050157));
#4085 = CARTESIAN_POINT('',(-0.36552123819,5.076079266069));
#4086 = CARTESIAN_POINT('',(-0.385135753258,5.053125906623));
#4087 = CARTESIAN_POINT('',(-0.447708216096,4.975882370612));
#4088 = CARTESIAN_POINT('',(-0.488007179633,4.919518209706));
#4089 = CARTESIAN_POINT('',(-0.52581032726,4.861349831501));
#4090 = CARTESIAN_POINT('',(-0.561493653946,4.801834872646));
#4091 = CARTESIAN_POINT('',(-0.595380421811,4.741319164625));
#4092 = CARTESIAN_POINT('',(-0.62770352458,4.680008573365));
#4093 = CARTESIAN_POINT('',(-0.658678065967,4.618020639807));
#4094 = CARTESIAN_POINT('',(-0.715957329102,4.497672066165));
#4095 = CARTESIAN_POINT('',(-0.742406085017,4.439477984412));
#4096 = CARTESIAN_POINT('',(-0.767963179265,4.380873467699));
#4097 = CARTESIAN_POINT('',(-0.792722811604,4.321919907815));
#4098 = CARTESIAN_POINT('',(-0.816760297742,4.262665289051));
#4099 = CARTESIAN_POINT('',(-0.840139191076,4.203147287412));
#4100 = CARTESIAN_POINT('',(-0.862915003244,4.143394858149));
#4101 = CARTESIAN_POINT('',(-0.951652006535,3.9039201933));
#4102 = CARTESIAN_POINT('',(-1.013167066933,3.722566259465));
#4103 = CARTESIAN_POINT('',(-1.070970944451,3.539934049762));
#4104 = CARTESIAN_POINT('',(-1.125689822355,3.356337605103));
#4105 = CARTESIAN_POINT('',(-1.177834535134,3.172012781754));
#4106 = CARTESIAN_POINT('',(-1.227746057554,2.987097878064));
#4107 = CARTESIAN_POINT('',(-1.275716780661,2.801674713119));
#4108 = CARTESIAN_POINT('',(-1.402611661398,2.291728661181));
#4109 = CARTESIAN_POINT('',(-1.478011865785,1.966388513962));
#4110 = CARTESIAN_POINT('',(-1.549362273348,1.640096681539));
#4111 = CARTESIAN_POINT('',(-1.617332233871,1.313070029509));
#4112 = CARTESIAN_POINT('',(-1.682408581045,0.985461705759));
#4113 = CARTESIAN_POINT('',(-1.744980093065,0.65737910282));
#4114 = CARTESIAN_POINT('',(-1.805332981435,0.328882449464));
#4115 = CARTESIAN_POINT('',(-1.863714812442,0.));
#4116 = ( GEOMETRIC_REPRESENTATION_CONTEXT(2) 
PARAMETRIC_REPRESENTATION_CONTEXT() REPRESENTATION_CONTEXT('2D SPACE',''
  ) );
#4117 = PCURVE('',#3656,#4118);
#4118 = DEFINITIONAL_REPRESENTATION('',(#4119),#4199);
#4119 = B_SPLINE_CURVE_WITH_KNOTS('',8,(#4120,#4121,#4122,#4123,#4124,
    #4125,#4126,#4127,#4128,#4129,#4130,#4131,#4132,#4133,#4134,#4135,
    #4136,#4137,#4138,#4139,#4140,#4141,#4142,#4143,#4144,#4145,#4146,
    #4147,#4148,#4149,#4150,#4151,#4152,#4153,#4154,#4155,#4156,#4157,
    #4158,#4159,#4160,#4161,#4162,#4163,#4164,#4165,#4166,#4167,#4168,
    #4169,#4170,#4171,#4172,#4173,#4174,#4175,#4176,#4177,#4178,#4179,
    #4180,#4181,#4182,#4183,#4184,#4185,#4186,#4187,#4188,#4189,#4190,
    #4191,#4192,#4193,#4194,#4195,#4196,#4197,#4198),.UNSPECIFIED.,.F.,
  .F.,(9,7,7,7,7,7,7,7,7,7,7,9),(0.,0.252478221074,0.376098217664,
    0.438797805411,0.463963294691,0.500042798513,0.523081605949,
    0.544065621788,0.592136773101,0.636417057962,0.768968806757,1.),
  .UNSPECIFIED.);
#4120 = CARTESIAN_POINT('',(2.855317400798,0.));
#4121 = CARTESIAN_POINT('',(2.864679401838,1.974994612793E-02));
#4122 = CARTESIAN_POINT('',(2.874428305218,3.947367355105E-02));
#4123 = CARTESIAN_POINT('',(2.884613952531,5.917019846474E-02));
#4124 = CARTESIAN_POINT('',(2.895300520416,7.883517533419E-02));
#4125 = CARTESIAN_POINT('',(2.906563391152,9.846124466003E-02));
#4126 = CARTESIAN_POINT('',(2.918517871626,0.118035621361));
#4127 = CARTESIAN_POINT('',(2.931305198712,0.137541322645));
#4128 = CARTESIAN_POINT('',(2.952034905719,0.166448470021));
#4129 = CARTESIAN_POINT('',(2.95911675183,0.175922530674));
#4130 = CARTESIAN_POINT('',(2.966502769016,0.185368064282));
#4131 = CARTESIAN_POINT('',(2.974238195488,0.194780466192));
#4132 = CARTESIAN_POINT('',(2.982375626418,0.204151925999));
#4133 = CARTESIAN_POINT('',(2.990993833797,0.213469072333));
#4134 = CARTESIAN_POINT('',(3.000189010438,0.222714120769));
#4135 = CARTESIAN_POINT('',(3.015217007399,0.236490987655));
#4136 = CARTESIAN_POINT('',(3.020469645919,0.241096519245));
#4137 = CARTESIAN_POINT('',(3.025946039248,0.245670138795));
#4138 = CARTESIAN_POINT('',(3.031679862023,0.250206533514));
#4139 = CARTESIAN_POINT('',(3.037709189536,0.254696665011));
#4140 = CARTESIAN_POINT('',(3.044088228565,0.259125492003));
#4141 = CARTESIAN_POINT('',(3.050882343754,0.263472995851));
#4142 = CARTESIAN_POINT('',(3.061167948885,0.269402719411));
#4143 = CARTESIAN_POINT('',(3.064200209513,0.271081442463));
#4144 = CARTESIAN_POINT('',(3.067327427433,0.272738579942));
#4145 = CARTESIAN_POINT('',(3.070559024893,0.274371036318));
#4146 = CARTESIAN_POINT('',(3.073905200267,0.275974617823));
#4147 = CARTESIAN_POINT('',(3.077377506229,0.277543879974));
#4148 = CARTESIAN_POINT('',(3.080990049259,0.279071798283));
#4149 = CARTESIAN_POINT('',(3.090168128927,0.282667486932));
#4150 = CARTESIAN_POINT('',(3.095890191564,0.284677702631));
#4151 = CARTESIAN_POINT('',(3.102009785313,0.286565027424));
#4152 = CARTESIAN_POINT('',(3.108583150517,0.288282643565));
#4153 = CARTESIAN_POINT('',(3.115639146785,0.289749364391));
#4154 = CARTESIAN_POINT('',(3.123162319587,0.290867165158));
#4155 = CARTESIAN_POINT('',(3.131098618977,0.291514632891));
#4156 = CARTESIAN_POINT('',(3.14439994667,0.291731940791));
#4157 = CARTESIAN_POINT('',(3.149604191796,0.291605190352));
#4158 = CARTESIAN_POINT('',(3.154738815221,0.291264731154));
#4159 = CARTESIAN_POINT('',(3.15974143133,0.290725631347));
#4160 = CARTESIAN_POINT('',(3.164572349917,0.290014034963));
#4161 = CARTESIAN_POINT('',(3.169209408128,0.289160897679));
#4162 = CARTESIAN_POINT('',(3.1736428024,0.288195722588));
#4163 = CARTESIAN_POINT('',(3.181720029031,0.286179001029));
#4164 = CARTESIAN_POINT('',(3.185412743551,0.285140199752));
#4165 = CARTESIAN_POINT('',(3.188959670292,0.284037447571));
#4166 = CARTESIAN_POINT('',(3.192371423185,0.282881926253));
#4167 = CARTESIAN_POINT('',(3.195658019104,0.281682599456));
#4168 = CARTESIAN_POINT('',(3.198829273215,0.280446368291));
#4169 = CARTESIAN_POINT('',(3.201895194315,0.279178226885));
#4170 = CARTESIAN_POINT('',(3.211672909799,0.274910628211));
#4171 = CARTESIAN_POINT('',(3.217965330991,0.271796586172));
#4172 = CARTESIAN_POINT('',(3.223863533297,0.268582863619));
#4173 = CARTESIAN_POINT('',(3.229426674394,0.265294744345));
#4174 = CARTESIAN_POINT('',(3.234705626739,0.261951335062));
#4175 = CARTESIAN_POINT('',(3.239737062899,0.258564009578));
#4176 = CARTESIAN_POINT('',(3.244554814097,0.255139261868));
#4177 = CARTESIAN_POINT('',(3.253456957008,0.248490169401));
#4178 = CARTESIAN_POINT('',(3.257564309491,0.245275026763));
#4179 = CARTESIAN_POINT('',(3.26153011031,0.24203720816));
#4180 = CARTESIAN_POINT('',(3.265369199818,0.238780105404));
#4181 = CARTESIAN_POINT('',(3.269093450404,0.235506369561));
#4182 = CARTESIAN_POINT('',(3.27271288319,0.232218082177));
#4183 = CARTESIAN_POINT('',(3.276236251218,0.228916842992));
#4184 = CARTESIAN_POINT('',(3.289953176801,0.215686198525));
#4185 = CARTESIAN_POINT('',(3.299438015031,0.205666644169));
#4186 = CARTESIAN_POINT('',(3.308329052697,0.195576466838));
#4187 = CARTESIAN_POINT('',(3.316725345314,0.185433016857));
#4188 = CARTESIAN_POINT('',(3.324707717702,0.175249324959));
#4189 = CARTESIAN_POINT('',(3.332330219146,0.165033031937));
#4190 = CARTESIAN_POINT('',(3.339639163589,0.154788658183));
#4191 = CARTESIAN_POINT('',(3.358928009703,0.126614843159));
#4192 = CARTESIAN_POINT('',(3.370337444754,0.10864024939));
#4193 = CARTESIAN_POINT('',(3.381087243758,9.061307632811E-02));
#4194 = CARTESIAN_POINT('',(3.391284023202,7.254530549776E-02));
#4195 = CARTESIAN_POINT('',(3.401005491929,5.444539810824E-02));
#4196 = CARTESIAN_POINT('',(3.4103137704,3.631928744863E-02));
#4197 = CARTESIAN_POINT('',(3.419254699213,1.817030107537E-02));
#4198 = CARTESIAN_POINT('',(3.427867906381,0.));
#4199 = ( GEOMETRIC_REPRESENTATION_CONTEXT(2) 
PARAMETRIC_REPRESENTATION_CONTEXT() REPRESENTATION_CONTEXT('2D SPACE',''
  ) );
#4200 = ORIENTED_EDGE('',*,*,#4201,.F.);
#4201 = EDGE_CURVE('',#3472,#3949,#4202,.T.);
#4202 = SURFACE_CURVE('',#4203,(#4207,#4214),.PCURVE_S1.);
#4203 = LINE('',#4204,#4205);
#4204 = CARTESIAN_POINT('',(36.2,-30.6,0.));
#4205 = VECTOR('',#4206,1.);
#4206 = DIRECTION('',(0.,0.,1.));
#4207 = PCURVE('',#3796,#4208);
#4208 = DEFINITIONAL_REPRESENTATION('',(#4209),#4213);
#4209 = LINE('',#4210,#4211);
#4210 = CARTESIAN_POINT('',(0.,0.));
#4211 = VECTOR('',#4212,1.);
#4212 = DIRECTION('',(1.,0.));
#4213 = ( GEOMETRIC_REPRESENTATION_CONTEXT(2) 
PARAMETRIC_REPRESENTATION_CONTEXT() REPRESENTATION_CONTEXT('2D SPACE',''
  ) );
#4214 = PCURVE('',#3510,#4215);
#4215 = DEFINITIONAL_REPRESENTATION('',(#4216),#4220);
#4216 = LINE('',#4217,#4218);
#4217 = CARTESIAN_POINT('',(-6.6,0.));
#4218 = VECTOR('',#4219,1.);
#4219 = DIRECTION('',(0.,1.));
#4220 = ( GEOMETRIC_REPRESENTATION_CONTEXT(2) 
PARAMETRIC_REPRESENTATION_CONTEXT() REPRESENTATION_CONTEXT('2D SPACE',''
  ) );
#4221 = ORIENTED_EDGE('',*,*,#3781,.F.);
#4222 = ORIENTED_EDGE('',*,*,#4223,.F.);
#4223 = EDGE_CURVE('',#3951,#3754,#4224,.T.);
#4224 = SURFACE_CURVE('',#4225,(#4229,#4236),.PCURVE_S1.);
#4225 = LINE('',#4226,#4227);
#4226 = CARTESIAN_POINT('',(36.2,-30.6,0.));
#4227 = VECTOR('',#4228,1.);
#4228 = DIRECTION('',(0.,0.,1.));
#4229 = PCURVE('',#3796,#4230);
#4230 = DEFINITIONAL_REPRESENTATION('',(#4231),#4235);
#4231 = LINE('',#4232,#4233);
#4232 = CARTESIAN_POINT('',(0.,0.));
#4233 = VECTOR('',#4234,1.);
#4234 = DIRECTION('',(1.,0.));
#4235 = ( GEOMETRIC_REPRESENTATION_CONTEXT(2) 
PARAMETRIC_REPRESENTATION_CONTEXT() REPRESENTATION_CONTEXT('2D SPACE',''
  ) );
#4236 = PCURVE('',#3769,#4237);
#4237 = DEFINITIONAL_REPRESENTATION('',(#4238),#4242);
#4238 = LINE('',#4239,#4240);
#4239 = CARTESIAN_POINT('',(-6.6,0.));
#4240 = VECTOR('',#4241,1.);
#4241 = DIRECTION('',(0.,1.));
#4242 = ( GEOMETRIC_REPRESENTATION_CONTEXT(2) 
PARAMETRIC_REPRESENTATION_CONTEXT() REPRESENTATION_CONTEXT('2D SPACE',''
  ) );
#4243 = ADVANCED_FACE('',(#4244),#3769,.F.);
#4244 = FACE_BOUND('',#4245,.F.);
#4245 = EDGE_LOOP('',(#4246,#4247,#4248));
#4246 = ORIENTED_EDGE('',*,*,#4223,.T.);
#4247 = ORIENTED_EDGE('',*,*,#3753,.F.);
#4248 = ORIENTED_EDGE('',*,*,#4249,.T.);
#4249 = EDGE_CURVE('',#3523,#3951,#4250,.T.);
#4250 = SURFACE_CURVE('',#4251,(#4256,#4263),.PCURVE_S1.);
#4251 = ELLIPSE('',#4252,6.88,6.6);
#4252 = AXIS2_PLACEMENT_3D('',#4253,#4254,#4255);
#4253 = CARTESIAN_POINT('',(36.2,-24.,0.));
#4254 = DIRECTION('',(1.,0.,0.));
#4255 = DIRECTION('',(0.,1.,0.));
#4256 = PCURVE('',#3769,#4257);
#4257 = DEFINITIONAL_REPRESENTATION('',(#4258),#4262);
#4258 = ELLIPSE('',#4259,6.88,6.6);
#4259 = AXIS2_PLACEMENT_2D('',#4260,#4261);
#4260 = CARTESIAN_POINT('',(0.,0.));
#4261 = DIRECTION('',(1.,0.));
#4262 = ( GEOMETRIC_REPRESENTATION_CONTEXT(2) 
PARAMETRIC_REPRESENTATION_CONTEXT() REPRESENTATION_CONTEXT('2D SPACE',''
  ) );
#4263 = PCURVE('',#3656,#4264);
#4264 = DEFINITIONAL_REPRESENTATION('',(#4265),#4269);
#4265 = LINE('',#4266,#4267);
#4266 = CARTESIAN_POINT('',(0.,0.));
#4267 = VECTOR('',#4268,1.);
#4268 = DIRECTION('',(1.,0.));
#4269 = ( GEOMETRIC_REPRESENTATION_CONTEXT(2) 
PARAMETRIC_REPRESENTATION_CONTEXT() REPRESENTATION_CONTEXT('2D SPACE',''
  ) );
#4270 = ADVANCED_FACE('',(#4271),#3656,.T.);
#4271 = FACE_BOUND('',#4272,.T.);
#4272 = EDGE_LOOP('',(#4273,#4274,#4296,#4297));
#4273 = ORIENTED_EDGE('',*,*,#3948,.F.);
#4274 = ORIENTED_EDGE('',*,*,#4275,.T.);
#4275 = EDGE_CURVE('',#3949,#3495,#4276,.T.);
#4276 = SURFACE_CURVE('',#4277,(#4282,#4289),.PCURVE_S1.);
#4277 = ELLIPSE('',#4278,6.88,6.6);
#4278 = AXIS2_PLACEMENT_3D('',#4279,#4280,#4281);
#4279 = CARTESIAN_POINT('',(36.2,-24.,0.));
#4280 = DIRECTION('',(1.,0.,0.));
#4281 = DIRECTION('',(0.,1.,0.));
#4282 = PCURVE('',#3656,#4283);
#4283 = DEFINITIONAL_REPRESENTATION('',(#4284),#4288);
#4284 = LINE('',#4285,#4286);
#4285 = CARTESIAN_POINT('',(0.,0.));
#4286 = VECTOR('',#4287,1.);
#4287 = DIRECTION('',(1.,0.));
#4288 = ( GEOMETRIC_REPRESENTATION_CONTEXT(2) 
PARAMETRIC_REPRESENTATION_CONTEXT() REPRESENTATION_CONTEXT('2D SPACE',''
  ) );
#4289 = PCURVE('',#3510,#4290);
#4290 = DEFINITIONAL_REPRESENTATION('',(#4291),#4295);
#4291 = ELLIPSE('',#4292,6.88,6.6);
#4292 = AXIS2_PLACEMENT_2D('',#4293,#4294);
#4293 = CARTESIAN_POINT('',(0.,0.));
#4294 = DIRECTION('',(1.,0.));
#4295 = ( GEOMETRIC_REPRESENTATION_CONTEXT(2) 
PARAMETRIC_REPRESENTATION_CONTEXT() REPRESENTATION_CONTEXT('2D SPACE',''
  ) );
#4296 = ORIENTED_EDGE('',*,*,#3522,.T.);
#4297 = ORIENTED_EDGE('',*,*,#4249,.T.);
#4298 = ADVANCED_FACE('',(#4299),#3510,.F.);
#4299 = FACE_BOUND('',#4300,.F.);
#4300 = EDGE_LOOP('',(#4301,#4302,#4303));
#4301 = ORIENTED_EDGE('',*,*,#3494,.T.);
#4302 = ORIENTED_EDGE('',*,*,#4201,.T.);
#4303 = ORIENTED_EDGE('',*,*,#4275,.T.);
#4304 = ADVANCED_FACE('',(#4305,#4331),#3900,.T.);
#4305 = FACE_BOUND('',#4306,.T.);
#4306 = EDGE_LOOP('',(#4307,#4328,#4329,#4330));
#4307 = ORIENTED_EDGE('',*,*,#4308,.T.);
#4308 = EDGE_CURVE('',#3923,#3884,#4309,.T.);
#4309 = SEAM_CURVE('',#4310,(#4314,#4321),.PCURVE_S1.);
#4310 = LINE('',#4311,#4312);
#4311 = CARTESIAN_POINT('',(36.2,-30.6,6.88));
#4312 = VECTOR('',#4313,1.);
#4313 = DIRECTION('',(0.,1.,0.));
#4314 = PCURVE('',#3900,#4315);
#4315 = DEFINITIONAL_REPRESENTATION('',(#4316),#4320);
#4316 = LINE('',#4317,#4318);
#4317 = CARTESIAN_POINT('',(6.28318530718,-0.));
#4318 = VECTOR('',#4319,1.);
#4319 = DIRECTION('',(0.,1.));
#4320 = ( GEOMETRIC_REPRESENTATION_CONTEXT(2) 
PARAMETRIC_REPRESENTATION_CONTEXT() REPRESENTATION_CONTEXT('2D SPACE',''
  ) );
#4321 = PCURVE('',#3900,#4322);
#4322 = DEFINITIONAL_REPRESENTATION('',(#4323),#4327);
#4323 = LINE('',#4324,#4325);
#4324 = CARTESIAN_POINT('',(0.,-0.));
#4325 = VECTOR('',#4326,1.);
#4326 = DIRECTION('',(0.,1.));
#4327 = ( GEOMETRIC_REPRESENTATION_CONTEXT(2) 
PARAMETRIC_REPRESENTATION_CONTEXT() REPRESENTATION_CONTEXT('2D SPACE',''
  ) );
#4328 = ORIENTED_EDGE('',*,*,#3883,.F.);
#4329 = ORIENTED_EDGE('',*,*,#4308,.F.);
#4330 = ORIENTED_EDGE('',*,*,#3922,.T.);
#4331 = FACE_BOUND('',#4332,.T.);
#4332 = EDGE_LOOP('',(#4333));
#4333 = ORIENTED_EDGE('',*,*,#4334,.T.);
#4334 = EDGE_CURVE('',#4335,#4335,#4337,.T.);
#4335 = VERTEX_POINT('',#4336);
#4336 = CARTESIAN_POINT('',(43.08,-17.48490607734,-1.319288618299E-15));
#4337 = SURFACE_CURVE('',#4338,(#4544,#4753),.PCURVE_S1.);
#4338 = B_SPLINE_CURVE_WITH_KNOTS('',8,(#4339,#4340,#4341,#4342,#4343,
    #4344,#4345,#4346,#4347,#4348,#4349,#4350,#4351,#4352,#4353,#4354,
    #4355,#4356,#4357,#4358,#4359,#4360,#4361,#4362,#4363,#4364,#4365,
    #4366,#4367,#4368,#4369,#4370,#4371,#4372,#4373,#4374,#4375,#4376,
    #4377,#4378,#4379,#4380,#4381,#4382,#4383,#4384,#4385,#4386,#4387,
    #4388,#4389,#4390,#4391,#4392,#4393,#4394,#4395,#4396,#4397,#4398,
    #4399,#4400,#4401,#4402,#4403,#4404,#4405,#4406,#4407,#4408,#4409,
    #4410,#4411,#4412,#4413,#4414,#4415,#4416,#4417,#4418,#4419,#4420,
    #4421,#4422,#4423,#4424,#4425,#4426,#4427,#4428,#4429,#4430,#4431,
    #4432,#4433,#4434,#4435,#4436,#4437,#4438,#4439,#4440,#4441,#4442,
    #4443,#4444,#4445,#4446,#4447,#4448,#4449,#4450,#4451,#4452,#4453,
    #4454,#4455,#4456,#4457,#4458,#4459,#4460,#4461,#4462,#4463,#4464,
    #4465,#4466,#4467,#4468,#4469,#4470,#4471,#4472,#4473,#4474,#4475,
    #4476,#4477,#4478,#4479,#4480,#4481,#4482,#4483,#4484,#4485,#4486,
    #4487,#4488,#4489,#4490,#4491,#4492,#4493,#4494,#4495,#4496,#4497,
    #4498,#4499,#4500,#4501,#4502,#4503,#4504,#4505,#4506,#4507,#4508,
    #4509,#4510,#4511,#4512,#4513,#4514,#4515,#4516,#4517,#4518,#4519,
    #4520,#4521,#4522,#4523,#4524,#4525,#4526,#4527,#4528,#4529,#4530,
    #4531,#4532,#4533,#4534,#4535,#4536,#4537,#4538,#4539,#4540,#4541,
    #4542,#4543),.UNSPECIFIED.,.T.,.F.,(9,7,7,7,7,7,7,7,7,7,7,7,7,7,7,7,
    7,7,7,7,7,7,7,7,7,7,7,7,7,9),(0.,3.495383645194E-02,5.7476628414E-02
    ,8.749335844192E-02,0.164928306451,0.217717815403,0.25020311542,
    0.27585250697,0.307989027579,0.33552439477,0.385501507941,
    0.442581939344,0.465104017565,0.476891513933,0.500331706919,
    0.522844463907,0.53461334615,0.557088050689,0.587131241286,
    0.664575280238,0.690486707837,0.722496322192,0.750694696353,
    0.776193896376,0.808205959138,0.835711818073,0.885678476489,
    0.942788580769,0.965281564949,1.),.UNSPECIFIED.);
#4339 = CARTESIAN_POINT('',(43.08,-17.48490607734,-3.552713678801E-15));
#4340 = CARTESIAN_POINT('',(43.08,-17.48490607734,-0.231722129851));
#4341 = CARTESIAN_POINT('',(43.071080358997,-17.49445887381,
    -0.463522953966));
#4342 = CARTESIAN_POINT('',(43.053231300451,-17.51357477643,
    -0.693952351409));
#4343 = CARTESIAN_POINT('',(43.02668870456,-17.54201007687,
    -0.92177557518));
#4344 = CARTESIAN_POINT('',(42.991865635992,-17.57933945987,
    -1.145949663304));
#4345 = CARTESIAN_POINT('',(42.949296962838,-17.62501381679,-1.36560378)
  );
#4346 = CARTESIAN_POINT('',(42.899597066757,-17.67840346159,
    -1.580023486936));
#4347 = CARTESIAN_POINT('',(42.807239348148,-17.77776099157,
    -1.923062030245));
#4348 = CARTESIAN_POINT('',(42.768349584698,-17.81963018994,
    -2.055124524054));
#4349 = CARTESIAN_POINT('',(42.726924546771,-17.86426785692,
    -2.184714195251));
#4350 = CARTESIAN_POINT('',(42.683127290152,-17.91150806957,
    -2.31174930298));
#4351 = CARTESIAN_POINT('',(42.637117770424,-17.96118860773,
    -2.436175370786));
#4352 = CARTESIAN_POINT('',(42.589049879781,-18.01315409229,
    -2.557961961118));
#4353 = CARTESIAN_POINT('',(42.539068483831,-18.06725912348,
    -2.677099449842));
#4354 = CARTESIAN_POINT('',(42.418321816311,-18.19815378335,
    -2.948853617833));
#4355 = CARTESIAN_POINT('',(42.346182059877,-18.27649312384,
    -3.099403963179));
#4356 = CARTESIAN_POINT('',(42.271199250011,-18.35807933716,
    -3.245280124889));
#4357 = CARTESIAN_POINT('',(42.193662238268,-18.44262783874,
    -3.386539334264));
#4358 = CARTESIAN_POINT('',(42.113835406618,-18.52988145838,
    -3.523259690518));
#4359 = CARTESIAN_POINT('',(42.031957407195,-18.61961233577,
    -3.655537085494));
#4360 = CARTESIAN_POINT('',(41.948239902054,-18.71162381597,
    -3.783482128376));
#4361 = CARTESIAN_POINT('',(41.642625783586,-19.04857818703,
    -4.226419355048));
#4362 = CARTESIAN_POINT('',(41.411636726436,-19.30519326488,
    -4.51721008971));
#4363 = CARTESIAN_POINT('',(41.172850054184,-19.57300083652,
    -4.782166033281));
#4364 = CARTESIAN_POINT('',(40.928714294008,-19.85008929287,
    -5.023023762912));
#4365 = CARTESIAN_POINT('',(40.681407835299,-20.13499946747,
    -5.241346331912));
#4366 = CARTESIAN_POINT('',(40.433001406411,-20.4268203492,
    -5.438458700163));
#4367 = CARTESIAN_POINT('',(40.185518254836,-20.72515468888,
    -5.615548507132));
#4368 = CARTESIAN_POINT('',(39.7756683797,-21.23877096536,
    -5.881172773161));
#4369 = CARTESIAN_POINT('',(39.611559037985,-21.44991660077,
    -5.97977285301));
#4370 = CARTESIAN_POINT('',(39.450279040497,-21.66428961398,
    -6.069693328472));
#4371 = CARTESIAN_POINT('',(39.292983546087,-21.88213865468,
    -6.151102709565));
#4372 = CARTESIAN_POINT('',(39.141385745768,-22.10372121784,
    -6.224013154183));
#4373 = CARTESIAN_POINT('',(38.997809957618,-22.32932271576,
    -6.288312777445));
#4374 = CARTESIAN_POINT('',(38.86581985226,-22.55946409005,
    -6.34375720048));
#4375 = CARTESIAN_POINT('',(38.679331684887,-22.93993462558,
    -6.418190198745));
#4376 = CARTESIAN_POINT('',(38.614558706753,-23.08690588731,
    -6.442996544956));
#4377 = CARTESIAN_POINT('',(38.557293949599,-23.2359287809,
    -6.464101376503));
#4378 = CARTESIAN_POINT('',(38.509001182001,-23.3869139155,
    -6.48130984196));
#4379 = CARTESIAN_POINT('',(38.471266300601,-23.53965136215,
    -6.494412499028));
#4380 = CARTESIAN_POINT('',(38.445636072543,-23.6937950021,
    -6.503206197699));
#4381 = CARTESIAN_POINT('',(38.432962286631,-23.84877220026,
    -6.507555571052));
#4382 = CARTESIAN_POINT('',(38.433452410823,-24.12610932217,
    -6.507387369817));
#4383 = CARTESIAN_POINT('',(38.441740225329,-24.24848050098,
    -6.504543082617));
#4384 = CARTESIAN_POINT('',(38.45809862643,-24.37044676295,
    -6.498928194092));
#4385 = CARTESIAN_POINT('',(38.482185618704,-24.49169256826,
    -6.4905954375));
#4386 = CARTESIAN_POINT('',(38.513385871183,-24.61198814485,
    -6.479630168633));
#4387 = CARTESIAN_POINT('',(38.550953106592,-24.73117317539,
    -6.466132557443));
#4388 = CARTESIAN_POINT('',(38.594142306166,-24.84914299768,
    -6.450203895625));
#4389 = CARTESIAN_POINT('',(38.702517743772,-25.11206103516,
    -6.409053070365));
#4390 = CARTESIAN_POINT('',(38.770510338741,-25.25629819127,
    -6.38249740948));
#4391 = CARTESIAN_POINT('',(38.84490906806,-25.39861991465,
    -6.352428817135));
#4392 = CARTESIAN_POINT('',(38.924530302921,-25.53911589005,
    -6.318974791136));
#4393 = CARTESIAN_POINT('',(39.008405648503,-25.67787932712,
    -6.282231410643));
#4394 = CARTESIAN_POINT('',(39.095770025301,-25.81501096731,
    -6.242263058137));
#4395 = CARTESIAN_POINT('',(39.186018481938,-25.95063129251,
    -6.199099387584));
#4396 = CARTESIAN_POINT('',(39.358103839307,-26.19991351926,
    -6.112991460603));
#4397 = CARTESIAN_POINT('',(39.439270539585,-26.3139040559,
    -6.070912802541));
#4398 = CARTESIAN_POINT('',(39.521886658289,-26.42691658643,
    -6.026493045025));
#4399 = CARTESIAN_POINT('',(39.605696756647,-26.53899508094,
    -5.979726466812));
#4400 = CARTESIAN_POINT('',(39.690486513364,-26.65017072544,
    -5.930599632392));
#4401 = CARTESIAN_POINT('',(39.776073045183,-26.7604656966,
    -5.879091974317));
#4402 = CARTESIAN_POINT('',(39.862298135593,-26.8698956665,
    -5.825175569884));
#4403 = CARTESIAN_POINT('',(40.106433818391,-27.17553699786,
    -5.666517203189));
#4404 = CARTESIAN_POINT('',(40.265462597317,-27.36974852208,
    -5.556186059797));
#4405 = CARTESIAN_POINT('',(40.425296482395,-27.5611811381,
    -5.437603289045));
#4406 = CARTESIAN_POINT('',(40.585277643997,-27.7497760395,
    -5.310501880478));
#4407 = CARTESIAN_POINT('',(40.744813030789,-27.93538077959,
    -5.1745719903));
#4408 = CARTESIAN_POINT('',(40.903333511958,-28.11776607905,
    -5.029460304562));
#4409 = CARTESIAN_POINT('',(41.060274243846,-28.29662848946,
    -4.874756111187));
#4410 = CARTESIAN_POINT('',(41.391817239205,-28.67141615897,
    -4.521737349935));
#4411 = CARTESIAN_POINT('',(41.565619417473,-28.86599505084,
    -4.32049880002));
#4412 = CARTESIAN_POINT('',(41.735691379777,-29.05489360607,
    -4.105417555654));
#4413 = CARTESIAN_POINT('',(41.901039908399,-29.23732297483,
    -3.875678512043));
#4414 = CARTESIAN_POINT('',(42.060412921338,-29.41216695874,
    -3.630509738187));
#4415 = CARTESIAN_POINT('',(42.212299878296,-29.57800635405,
    -3.369221100548));
#4416 = CARTESIAN_POINT('',(42.354931807913,-29.73312518982,
    -3.091218792366));
#4417 = CARTESIAN_POINT('',(42.538067567971,-29.93165720044,
    -2.679469320928));
#4418 = CARTESIAN_POINT('',(42.588102458051,-29.98582135012,
    -2.560329105566));
#4419 = CARTESIAN_POINT('',(42.636224396902,-30.03784632739,
    -2.438537508213));
#4420 = CARTESIAN_POINT('',(42.682288450117,-30.08758667462,
    -2.314103935911));
#4421 = CARTESIAN_POINT('',(42.726140627513,-30.13488692303,
    -2.187058599026));
#4422 = CARTESIAN_POINT('',(42.767620843536,-30.17958472833,
    -2.057455737906));
#4423 = CARTESIAN_POINT('',(42.806565877658,-30.22151400632,
    -1.925376849526));
#4424 = CARTESIAN_POINT('',(42.861782830202,-30.28091659237,
    -1.720569820887));
#4425 = CARTESIAN_POINT('',(42.880013877636,-30.3005208242,
    -1.649559287796));
#4426 = CARTESIAN_POINT('',(42.897481951414,-30.31929675032,
    -1.577919397548));
#4427 = CARTESIAN_POINT('',(42.91416358342,-30.33722038228,
    -1.505669745692));
#4428 = CARTESIAN_POINT('',(42.930035601812,-30.35426800551,
    -1.432832603451));
#4429 = CARTESIAN_POINT('',(42.945075369725,-30.37041642782,
    -1.359433080534));
#4430 = CARTESIAN_POINT('',(42.959261023993,-30.38564322794,
    -1.285499287934));
#4431 = CARTESIAN_POINT('',(42.999040874855,-30.42833120951,
    -1.063040172433));
#4432 = CARTESIAN_POINT('',(43.022054181756,-30.45301072702,
    -0.913006115321));
#4433 = CARTESIAN_POINT('',(43.041441174277,-30.47379026619,
    -0.761231977773));
#4434 = CARTESIAN_POINT('',(43.057055767483,-30.49051967582,
    -0.608016040668));
#4435 = CARTESIAN_POINT('',(43.068780566184,-30.50307820636,
    -0.453684240388));
#4436 = CARTESIAN_POINT('',(43.076532100904,-30.51137986426,
    -0.298591387815));
#4437 = CARTESIAN_POINT('',(43.080266985414,-30.51537985808,
    -0.143122583345));
#4438 = CARTESIAN_POINT('',(43.079722005198,-30.51479619465,
    0.161583264182));
#4439 = CARTESIAN_POINT('',(43.075753193359,-30.51054565108,
    0.310854935636));
#4440 = CARTESIAN_POINT('',(43.068083722959,-30.50233174111,
    0.459753125324));
#4441 = CARTESIAN_POINT('',(43.056753588674,-30.49019567869,
    0.60793759558));
#4442 = CARTESIAN_POINT('',(43.041836919385,-30.47421378972,
    0.755093944296));
#4443 = CARTESIAN_POINT('',(43.023437280352,-30.45449264529,
    0.900932617028));
#4444 = CARTESIAN_POINT('',(43.001682975384,-30.43116419493,
    1.045187919082));
#4445 = CARTESIAN_POINT('',(42.963673806251,-30.39037952964,
    1.262073985836));
#4446 = CARTESIAN_POINT('',(42.94974818048,-30.37543310201,
    1.336036926312));
#4447 = CARTESIAN_POINT('',(42.934966008987,-30.35956270051,
    1.409474133558));
#4448 = CARTESIAN_POINT('',(42.919348880959,-30.34279046945,
    1.482357045359));
#4449 = CARTESIAN_POINT('',(42.902919198207,-30.32513936488,
    1.55466009239));
#4450 = CARTESIAN_POINT('',(42.885699935883,-30.30663290553,
    1.626360537839));
#4451 = CARTESIAN_POINT('',(42.867714403204,-30.28729492369,
    1.697438317023));
#4452 = CARTESIAN_POINT('',(42.813220905457,-30.22867781435,
    1.902388510951));
#4453 = CARTESIAN_POINT('',(42.774747546876,-30.18726196704,
    2.034562386068));
#4454 = CARTESIAN_POINT('',(42.733728258004,-30.14306742876,
    2.164282360117));
#4455 = CARTESIAN_POINT('',(42.690325568405,-30.09625964232,
    2.291464066166));
#4456 = CARTESIAN_POINT('',(42.644699193482,-30.04700064968,
    2.416050668923));
#4457 = CARTESIAN_POINT('',(42.59700302034,-29.9954459026,2.538009621064
    ));
#4458 = CARTESIAN_POINT('',(42.547382093652,-29.94174107342,
    2.657329419563));
#4459 = CARTESIAN_POINT('',(42.427243656867,-29.81153188397,
    2.929998303686));
#4460 = CARTESIAN_POINT('',(42.355323900306,-29.73344825847,
    3.081259028218));
#4461 = CARTESIAN_POINT('',(42.28052587135,-29.65208180597,
    3.227828625436));
#4462 = CARTESIAN_POINT('',(42.203141803181,-29.56772072777,
    3.369762131757));
#4463 = CARTESIAN_POINT('',(42.123439266199,-29.48062561662,
    3.507136313654));
#4464 = CARTESIAN_POINT('',(42.041659811568,-29.3910274637,
    3.640046451099));
#4465 = CARTESIAN_POINT('',(41.95801761477,-29.29912566551,
    3.768603121014));
#4466 = CARTESIAN_POINT('',(41.652765208869,-28.96267472268,
    4.213410811418));
#4467 = CARTESIAN_POINT('',(41.421962280044,-28.70636032314,
    4.505380444987));
#4468 = CARTESIAN_POINT('',(41.183266605365,-28.43877040736,
    4.771424639188));
#4469 = CARTESIAN_POINT('',(40.939144201113,-28.16183962188,
    5.01328665639));
#4470 = CARTESIAN_POINT('',(40.69178504782,-27.87704577881,
    5.232538786345));
#4471 = CARTESIAN_POINT('',(40.443262869426,-27.58531414024,
    5.43051590327));
#4472 = CARTESIAN_POINT('',(40.195595624354,-27.28705233392,
    5.608416427294));
#4473 = CARTESIAN_POINT('',(39.869978006747,-26.87954611334,
    5.820235851412));
#4474 = CARTESIAN_POINT('',(39.788785523495,-26.77662595323,
    5.871173454556));
#4475 = CARTESIAN_POINT('',(39.708148372237,-26.67294032466,
    5.919975074894));
#4476 = CARTESIAN_POINT('',(39.62819733351,-26.5684769287,5.966664346791
    ));
#4477 = CARTESIAN_POINT('',(39.549082069517,-26.46321816967,
    6.011259248964));
#4478 = CARTESIAN_POINT('',(39.470976007741,-26.35713933675,
    6.053772254035));
#4479 = CARTESIAN_POINT('',(39.394083196859,-26.25020591945,
    6.094209939208));
#4480 = CARTESIAN_POINT('',(39.225457393055,-26.00915530562,
    6.179962601375));
#4481 = CARTESIAN_POINT('',(39.134521235774,-25.8746065099,
    6.224170252577));
#4482 = CARTESIAN_POINT('',(39.046264236816,-25.7385921869,
    6.265213476602));
#4483 = CARTESIAN_POINT('',(38.961248152927,-25.60099849001,
    6.303069915463));
#4484 = CARTESIAN_POINT('',(38.880182503252,-25.46172620412,
    6.337684725224));
#4485 = CARTESIAN_POINT('',(38.803965381476,-25.32067897697,
    6.368973308737));
#4486 = CARTESIAN_POINT('',(38.733702208526,-25.17775728037,
    6.39682086021));
#4487 = CARTESIAN_POINT('',(38.61510726539,-24.90523867485,
    6.442452853393));
#4488 = CARTESIAN_POINT('',(38.565146423557,-24.77605141024,
    6.461045774956));
#4489 = CARTESIAN_POINT('',(38.521685396659,-24.64536174085,
    6.476738612971));
#4490 = CARTESIAN_POINT('',(38.485712369139,-24.51329032362,
    6.489396981682));
#4491 = CARTESIAN_POINT('',(38.458252666002,-24.38003230472,
    6.498884848588));
#4492 = CARTESIAN_POINT('',(38.440159511947,-24.2458792351,6.50508491303
    ));
#4493 = CARTESIAN_POINT('',(38.43188181209,-24.1112464193,6.507926399588
    ));
#4494 = CARTESIAN_POINT('',(38.43469852519,-23.85502103667,
    6.506959697226));
#4495 = CARTESIAN_POINT('',(38.444014976505,-23.73338395865,
    6.503761858701));
#4496 = CARTESIAN_POINT('',(38.461277522946,-23.61218347572,
    6.497829510184));
#4497 = CARTESIAN_POINT('',(38.486122883308,-23.49172422942,
    6.489217965093));
#4498 = CARTESIAN_POINT('',(38.51793015225,-23.37222639758,
    6.478013253326));
#4499 = CARTESIAN_POINT('',(38.555960316336,-23.25384105414,
    6.464314642051));
#4500 = CARTESIAN_POINT('',(38.599482904824,-23.13666303642,
    6.448221135378));
#4501 = CARTESIAN_POINT('',(38.708481114117,-22.87519746471,
    6.406725913622));
#4502 = CARTESIAN_POINT('',(38.776727226124,-22.73162553732,
    6.379995842116));
#4503 = CARTESIAN_POINT('',(38.851254964334,-22.58995069893,
    6.349786875568));
#4504 = CARTESIAN_POINT('',(38.93090580189,-22.45008201054,
    6.316223020983));
#4505 = CARTESIAN_POINT('',(39.01473258368,-22.31192628768,
    6.279397416964));
#4506 = CARTESIAN_POINT('',(39.101986449441,-22.17538376796,
    6.239372199235));
#4507 = CARTESIAN_POINT('',(39.192074779932,-22.04033617882,
    6.196175567547));
#4508 = CARTESIAN_POINT('',(39.364008864809,-21.79177116024,
    6.109938613708));
#4509 = CARTESIAN_POINT('',(39.44520578487,-21.67793336623,
    6.067744202464));
#4510 = CARTESIAN_POINT('',(39.527835511288,-21.56506956764,
    6.023212170866));
#4511 = CARTESIAN_POINT('',(39.611645252081,-21.45313637607,
    5.976336402234));
#4512 = CARTESIAN_POINT('',(39.696422771583,-21.3421031035,
    5.927103140409));
#4513 = CARTESIAN_POINT('',(39.781986830924,-21.23194803041,
    5.875491560407));
#4514 = CARTESIAN_POINT('',(39.868180504071,-21.12265593113,
    5.821473544818));
#4515 = CARTESIAN_POINT('',(40.112341200661,-20.81722834567,
    5.662446828722));
#4516 = CARTESIAN_POINT('',(40.271411079136,-20.6230937731,
    5.551840043803));
#4517 = CARTESIAN_POINT('',(40.431266925774,-20.43173978405,
    5.432973391068));
#4518 = CARTESIAN_POINT('',(40.591253075395,-20.24322703216,
    5.305578505649));
#4519 = CARTESIAN_POINT('',(40.750777450563,-20.0577098366,
    5.169344257921));
#4520 = CARTESIAN_POINT('',(40.909271035117,-19.87541951495,
    5.023916103661));
#4521 = CARTESIAN_POINT('',(41.066168339411,-19.69666178416,
    4.868882133051));
#4522 = CARTESIAN_POINT('',(41.397708931428,-19.32197913893,
    4.514988118441));
#4523 = CARTESIAN_POINT('',(41.571541568479,-19.12741284807,
    4.31318181351));
#4524 = CARTESIAN_POINT('',(41.741612998754,-18.93855517391,
    4.097491171703));
#4525 = CARTESIAN_POINT('',(41.906924294971,-18.75620172479,
    3.867097447762));
#4526 = CARTESIAN_POINT('',(42.066214915472,-18.58147812786,
    3.621226912944));
#4527 = CARTESIAN_POINT('',(42.2179634641,-18.41581535048,3.359190097847
    ));
#4528 = CARTESIAN_POINT('',(42.360388213177,-18.26094301245,
    3.080397263036));
#4529 = CARTESIAN_POINT('',(42.543026204681,-18.06297432614,
    2.667710600829));
#4530 = CARTESIAN_POINT('',(42.592846628781,-18.00904833147,2.548461816)
  );
#4531 = CARTESIAN_POINT('',(42.640747411142,-17.95726777163,
    2.426567546968));
#4532 = CARTESIAN_POINT('',(42.686583508808,-17.90777826888,
    2.302038315308));
#4533 = CARTESIAN_POINT('',(42.730200931833,-17.8607353385,
    2.174905583872));
#4534 = CARTESIAN_POINT('',(42.771439734051,-17.81630122276,
    2.045224994486));
#4535 = CARTESIAN_POINT('',(42.810137003849,-17.77464172483,
    1.913079605653));
#4536 = CARTESIAN_POINT('',(42.901685643056,-17.67615987212,
    1.570984747188));
#4537 = CARTESIAN_POINT('',(42.950829973275,-17.62336897937,
    1.357669153648));
#4538 = CARTESIAN_POINT('',(42.992910716494,-17.57821916721,
    1.139201743871));
#4539 = CARTESIAN_POINT('',(43.027326033317,-17.54132730369,
    0.916289007756));
#4540 = CARTESIAN_POINT('',(43.053552762636,-17.51323049911,
    0.689789964265));
#4541 = CARTESIAN_POINT('',(43.071187447745,-17.49434418246,
    0.460731408526));
#4542 = CARTESIAN_POINT('',(43.08,-17.48490607734,0.23032697261));
#4543 = CARTESIAN_POINT('',(43.08,-17.48490607734,3.552713678801E-15));
#4544 = PCURVE('',#3900,#4545);
#4545 = DEFINITIONAL_REPRESENTATION('',(#4546),#4752);
#4546 = B_SPLINE_CURVE_WITH_KNOTS('',8,(#4547,#4548,#4549,#4550,#4551,
    #4552,#4553,#4554,#4555,#4556,#4557,#4558,#4559,#4560,#4561,#4562,
    #4563,#4564,#4565,#4566,#4567,#4568,#4569,#4570,#4571,#4572,#4573,
    #4574,#4575,#4576,#4577,#4578,#4579,#4580,#4581,#4582,#4583,#4584,
    #4585,#4586,#4587,#4588,#4589,#4590,#4591,#4592,#4593,#4594,#4595,
    #4596,#4597,#4598,#4599,#4600,#4601,#4602,#4603,#4604,#4605,#4606,
    #4607,#4608,#4609,#4610,#4611,#4612,#4613,#4614,#4615,#4616,#4617,
    #4618,#4619,#4620,#4621,#4622,#4623,#4624,#4625,#4626,#4627,#4628,
    #4629,#4630,#4631,#4632,#4633,#4634,#4635,#4636,#4637,#4638,#4639,
    #4640,#4641,#4642,#4643,#4644,#4645,#4646,#4647,#4648,#4649,#4650,
    #4651,#4652,#4653,#4654,#4655,#4656,#4657,#4658,#4659,#4660,#4661,
    #4662,#4663,#4664,#4665,#4666,#4667,#4668,#4669,#4670,#4671,#4672,
    #4673,#4674,#4675,#4676,#4677,#4678,#4679,#4680,#4681,#4682,#4683,
    #4684,#4685,#4686,#4687,#4688,#4689,#4690,#4691,#4692,#4693,#4694,
    #4695,#4696,#4697,#4698,#4699,#4700,#4701,#4702,#4703,#4704,#4705,
    #4706,#4707,#4708,#4709,#4710,#4711,#4712,#4713,#4714,#4715,#4716,
    #4717,#4718,#4719,#4720,#4721,#4722,#4723,#4724,#4725,#4726,#4727,
    #4728,#4729,#4730,#4731,#4732,#4733,#4734,#4735,#4736,#4737,#4738,
    #4739,#4740,#4741,#4742,#4743,#4744,#4745,#4746,#4747,#4748,#4749,
    #4750,#4751),.UNSPECIFIED.,.F.,.F.,(9,7,7,7,7,7,7,7,7,7,7,7,7,7,7,7,
    7,7,7,7,7,7,7,7,7,7,7,7,7,9),(0.,3.495383645194E-02,5.7476628414E-02
    ,8.749335844192E-02,0.164928306451,0.217717815403,0.25020311542,
    0.27585250697,0.307989027579,0.33552439477,0.385501507941,
    0.442581939344,0.465104017565,0.476891513933,0.500331706919,
    0.522844463907,0.53461334615,0.557088050689,0.587131241286,
    0.664575280238,0.690486707837,0.722496322192,0.750694696353,
    0.776193896376,0.808205959138,0.835711818073,0.885678476489,
    0.942788580769,0.965281564949,1.),.UNSPECIFIED.);
#4547 = CARTESIAN_POINT('',(1.570796326795,13.115093922652));
#4548 = CARTESIAN_POINT('',(1.604476868924,13.115093922652));
#4549 = CARTESIAN_POINT('',(1.638168823784,13.105541126187));
#4550 = CARTESIAN_POINT('',(1.67171975569,13.086425223568));
#4551 = CARTESIAN_POINT('',(1.70500837555,13.057989923128));
#4552 = CARTESIAN_POINT('',(1.737936012103,13.020660540126));
#4553 = CARTESIAN_POINT('',(1.770420505091,12.974986183204));
#4554 = CARTESIAN_POINT('',(1.802392520347,12.921596538403));
#4555 = CARTESIAN_POINT('',(1.854028273269,12.822239008428));
#4556 = CARTESIAN_POINT('',(1.874032898551,12.780369810058));
#4557 = CARTESIAN_POINT('',(1.89379892572,12.735732143075));
#4558 = CARTESIAN_POINT('',(1.913320091494,12.688491930424));
#4559 = CARTESIAN_POINT('',(1.932592827861,12.638811392268));
#4560 = CARTESIAN_POINT('',(1.951615983694,12.58684590771));
#4561 = CARTESIAN_POINT('',(1.970390546372,12.532740876513));
#4562 = CARTESIAN_POINT('',(2.013613215696,12.401846216641));
#4563 = CARTESIAN_POINT('',(2.037867993325,12.323506876158));
#4564 = CARTESIAN_POINT('',(2.061692655586,12.241920662836));
#4565 = CARTESIAN_POINT('',(2.085097266024,12.157372161256));
#4566 = CARTESIAN_POINT('',(2.108093081236,12.070118541615));
#4567 = CARTESIAN_POINT('',(2.130692639693,11.980387664228));
#4568 = CARTESIAN_POINT('',(2.152909850549,11.888376184028));
#4569 = CARTESIAN_POINT('',(2.231127700482,11.551421812967));
#4570 = CARTESIAN_POINT('',(2.284983540203,11.294806735119));
#4571 = CARTESIAN_POINT('',(2.336665115339,11.026999163473));
#4572 = CARTESIAN_POINT('',(2.386349249567,10.749910707129));
#4573 = CARTESIAN_POINT('',(2.434161545653,10.465000532524));
#4574 = CARTESIAN_POINT('',(2.480156628129,10.173179650798));
#4575 = CARTESIAN_POINT('',(2.524341840524,9.874845311119));
#4576 = CARTESIAN_POINT('',(2.595330005911,9.361229034634));
#4577 = CARTESIAN_POINT('',(2.623141235746,9.15008339923));
#4578 = CARTESIAN_POINT('',(2.649957481539,8.935710386019));
#4579 = CARTESIAN_POINT('',(2.675677532901,8.717861345314));
#4580 = CARTESIAN_POINT('',(2.700109151321,8.496278782159));
#4581 = CARTESIAN_POINT('',(2.722964360839,8.270677284236));
#4582 = CARTESIAN_POINT('',(2.743769510181,8.040535909947));
#4583 = CARTESIAN_POINT('',(2.772954640214,7.660065374419));
#4584 = CARTESIAN_POINT('',(2.78303513374,7.51309411269));
#4585 = CARTESIAN_POINT('',(2.791904723464,7.364071219095));
#4586 = CARTESIAN_POINT('',(2.799355759037,7.213086084491));
#4587 = CARTESIAN_POINT('',(2.805161698242,7.060348637849));
#4588 = CARTESIAN_POINT('',(2.809100184081,6.906204997896));
#4589 = CARTESIAN_POINT('',(2.811047761127,6.751227799739));
#4590 = CARTESIAN_POINT('',(2.810972443864,6.473890677822));
#4591 = CARTESIAN_POINT('',(2.809698854941,6.351519499012));
#4592 = CARTESIAN_POINT('',(2.807185014024,6.229553237045));
#4593 = CARTESIAN_POINT('',(2.803480433698,6.108307431735));
#4594 = CARTESIAN_POINT('',(2.798673731502,5.98801185515));
#4595 = CARTESIAN_POINT('',(2.792871935837,5.86882682461));
#4596 = CARTESIAN_POINT('',(2.786181409296,5.750857002311));
#4597 = CARTESIAN_POINT('',(2.769331832635,5.487938964838));
#4598 = CARTESIAN_POINT('',(2.758722641381,5.343701808721));
#4599 = CARTESIAN_POINT('',(2.747060465013,5.201380085342));
#4600 = CARTESIAN_POINT('',(2.734510055683,5.060884109943));
#4601 = CARTESIAN_POINT('',(2.721203656214,4.922120672876));
#4602 = CARTESIAN_POINT('',(2.707242851607,4.784989032688));
#4603 = CARTESIAN_POINT('',(2.692704551514,4.64936870749));
#4604 = CARTESIAN_POINT('',(2.664735588246,4.400086480739));
#4605 = CARTESIAN_POINT('',(2.651448342035,4.286095944095));
#4606 = CARTESIAN_POINT('',(2.637817150504,4.173083413562));
#4607 = CARTESIAN_POINT('',(2.623870755101,4.061004919052));
#4608 = CARTESIAN_POINT('',(2.609631335489,3.949829274559));
#4609 = CARTESIAN_POINT('',(2.595115859557,3.839534303393));
#4610 = CARTESIAN_POINT('',(2.580336958197,3.730104333491));
#4611 = CARTESIAN_POINT('',(2.538017050145,3.42446300214));
#4612 = CARTESIAN_POINT('',(2.509897090789,3.230251477916));
#4613 = CARTESIAN_POINT('',(2.480994477382,3.038818861899));
#4614 = CARTESIAN_POINT('',(2.45132940318,2.850223960499));
#4615 = CARTESIAN_POINT('',(2.420902877113,2.664619220404));
#4616 = CARTESIAN_POINT('',(2.389700937353,2.482233920945));
#4617 = CARTESIAN_POINT('',(2.357693913087,2.303371510532));
#4618 = CARTESIAN_POINT('',(2.287301994405,1.928583841023));
#4619 = CARTESIAN_POINT('',(2.248686928184,1.734004949157));
#4620 = CARTESIAN_POINT('',(2.208895772932,1.545106393926));
#4621 = CARTESIAN_POINT('',(2.167841141678,1.362677025168));
#4622 = CARTESIAN_POINT('',(2.125439598158,1.187833041258));
#4623 = CARTESIAN_POINT('',(2.081609581856,1.021993645942));
#4624 = CARTESIAN_POINT('',(2.036264389071,0.86687481018));
#4625 = CARTESIAN_POINT('',(1.970764401289,0.66834279956));
#4626 = CARTESIAN_POINT('',(1.951986465993,0.614178649871));
#4627 = CARTESIAN_POINT('',(1.932959751705,0.56215367261));
#4628 = CARTESIAN_POINT('',(1.913683247226,0.512413325379));
#4629 = CARTESIAN_POINT('',(1.894158078781,0.465113076963));
#4630 = CARTESIAN_POINT('',(1.874387788071,0.42041527167));
#4631 = CARTESIAN_POINT('',(1.854378610326,0.378485993677));
#4632 = CARTESIAN_POINT('',(1.823547236758,0.319083407628));
#4633 = CARTESIAN_POINT('',(1.812891977894,0.299479175797));
#4634 = CARTESIAN_POINT('',(1.802175454776,0.280703249675));
#4635 = CARTESIAN_POINT('',(1.791399402281,0.262779617713));
#4636 = CARTESIAN_POINT('',(1.780565833579,0.245731994487));
#4637 = CARTESIAN_POINT('',(1.769677062557,0.229583572179));
#4638 = CARTESIAN_POINT('',(1.758735726243,0.214356772056));
#4639 = CARTESIAN_POINT('',(1.725888659442,0.171668790488));
#4640 = CARTESIAN_POINT('',(1.703833095053,0.14698927298));
#4641 = CARTESIAN_POINT('',(1.681605427736,0.126209733809));
#4642 = CARTESIAN_POINT('',(1.659234953516,0.109480324179));
#4643 = CARTESIAN_POINT('',(1.636753351462,9.692179363451E-02));
#4644 = CARTESIAN_POINT('',(1.614195264882,8.862013573871E-02));
#4645 = CARTESIAN_POINT('',(1.591599063042,8.462014191743E-02));
#4646 = CARTESIAN_POINT('',(1.547310351576,8.520380534869E-02));
#4647 = CARTESIAN_POINT('',(1.525612918799,8.945434891057E-02));
#4648 = CARTESIAN_POINT('',(1.503953180773,9.766825888203E-02));
#4649 = CARTESIAN_POINT('',(1.482365109484,0.109804321304));
#4650 = CARTESIAN_POINT('',(1.460879489053,0.125786210277));
#4651 = CARTESIAN_POINT('',(1.439524451622,0.14550735471));
#4652 = CARTESIAN_POINT('',(1.418326013219,0.168835805068));
#4653 = CARTESIAN_POINT('',(1.386321445881,0.209620470354));
#4654 = CARTESIAN_POINT('',(1.37538300396,0.224566897985));
#4655 = CARTESIAN_POINT('',(1.364496316151,0.240437299489));
#4656 = CARTESIAN_POINT('',(1.353664069532,0.257209530547));
#4657 = CARTESIAN_POINT('',(1.342888628429,0.274860635111));
#4658 = CARTESIAN_POINT('',(1.33217205685,0.293367094468));
#4659 = CARTESIAN_POINT('',(1.321516140915,0.312705076301));
#4660 = CARTESIAN_POINT('',(1.290691862777,0.371322185643));
#4661 = CARTESIAN_POINT('',(1.270688703864,0.412738032951));
#4662 = CARTESIAN_POINT('',(1.250922495265,0.45693257124));
#4663 = CARTESIAN_POINT('',(1.231399784083,0.503740357676));
#4664 = CARTESIAN_POINT('',(1.212124387495,0.552999350317));
#4665 = CARTESIAN_POINT('',(1.193097676441,0.604554097393));
#4666 = CARTESIAN_POINT('',(1.17431885931,0.65825892658));
#4667 = CARTESIAN_POINT('',(1.131010377634,0.788468116024));
#4668 = CARTESIAN_POINT('',(1.106676292149,0.866551741522));
#4669 = CARTESIAN_POINT('',(1.082774314776,0.947918194023));
#4670 = CARTESIAN_POINT('',(1.059294553926,1.03227927223));
#4671 = CARTESIAN_POINT('',(1.036225841514,1.119374383376));
#4672 = CARTESIAN_POINT('',(1.013555653647,1.208972536296));
#4673 = CARTESIAN_POINT('',(0.991270031319,1.300874334489));
#4674 = CARTESIAN_POINT('',(0.91285801625,1.637325277312));
#4675 = CARTESIAN_POINT('',(0.858885526062,1.893639676855));
#4676 = CARTESIAN_POINT('',(0.807096201395,2.161229592637));
#4677 = CARTESIAN_POINT('',(0.757311803001,2.438160378118));
#4678 = CARTESIAN_POINT('',(0.709405034053,2.722954221185));
#4679 = CARTESIAN_POINT('',(0.663319124741,3.014685859757));
#4680 = CARTESIAN_POINT('',(0.619043831867,3.312947666075));
#4681 = CARTESIAN_POINT('',(0.562582907893,3.720453886655));
#4682 = CARTESIAN_POINT('',(0.548653379665,3.823374046768));
#4683 = CARTESIAN_POINT('',(0.53495648299,3.927059675338));
#4684 = CARTESIAN_POINT('',(0.521502535533,4.031523071291));
#4685 = CARTESIAN_POINT('',(0.508305190266,4.136781830324));
#4686 = CARTESIAN_POINT('',(0.495382065496,4.242860663242));
#4687 = CARTESIAN_POINT('',(0.482755696999,4.349794080542));
#4688 = CARTESIAN_POINT('',(0.455258946499,4.59084469438));
#4689 = CARTESIAN_POINT('',(0.440564759645,4.725393490098));
#4690 = CARTESIAN_POINT('',(0.426420813976,4.861407813096));
#4691 = CARTESIAN_POINT('',(0.41289752794,4.999001509985));
#4692 = CARTESIAN_POINT('',(0.40008816448,5.138273795875));
#4693 = CARTESIAN_POINT('',(0.388114471119,5.279321023022));
#4694 = CARTESIAN_POINT('',(0.377129496825,5.422242719629));
#4695 = CARTESIAN_POINT('',(0.358659874561,5.694761325149));
#4696 = CARTESIAN_POINT('',(0.35091203377,5.823948589756));
#4697 = CARTESIAN_POINT('',(0.344196318878,5.954638259149));
#4698 = CARTESIAN_POINT('',(0.338653615601,6.086709676377));
#4699 = CARTESIAN_POINT('',(0.334430863887,6.219967695273));
#4700 = CARTESIAN_POINT('',(0.331650920159,6.354120764894));
#4701 = CARTESIAN_POINT('',(0.330378854777,6.488753580696));
#4702 = CARTESIAN_POINT('',(0.330811701226,6.744978963322));
#4703 = CARTESIAN_POINT('',(0.332243386088,6.866616041344));
#4704 = CARTESIAN_POINT('',(0.334896505602,6.987816524274));
#4705 = CARTESIAN_POINT('',(0.338718498556,7.108275770572));
#4706 = CARTESIAN_POINT('',(0.343619968733,7.227773602418));
#4707 = CARTESIAN_POINT('',(0.349494959248,7.346158945851));
#4708 = CARTESIAN_POINT('',(0.356239239642,7.463336963579));
#4709 = CARTESIAN_POINT('',(0.37319121605,7.724802535284));
#4710 = CARTESIAN_POINT('',(0.383843946764,7.868374462675));
#4711 = CARTESIAN_POINT('',(0.395531142544,8.010049301067));
#4712 = CARTESIAN_POINT('',(0.408091700546,8.149917989453));
#4713 = CARTESIAN_POINT('',(0.421396441506,8.288073712318));
#4714 = CARTESIAN_POINT('',(0.435346097273,8.424616232031));
#4715 = CARTESIAN_POINT('',(0.449865488005,8.559663821175));
#4716 = CARTESIAN_POINT('',(0.477823192985,8.808228839756));
#4717 = CARTESIAN_POINT('',(0.491122083652,8.922066633767));
#4718 = CARTESIAN_POINT('',(0.504762745348,9.034930432351));
#4719 = CARTESIAN_POINT('',(0.518716829737,9.146863623928));
#4720 = CARTESIAN_POINT('',(0.532962467997,9.257896896496));
#4721 = CARTESIAN_POINT('',(0.547482938546,9.368051969589));
#4722 = CARTESIAN_POINT('',(0.562265804645,9.477344068867));
#4723 = CARTESIAN_POINT('',(0.604617957318,9.782771654328));
#4724 = CARTESIAN_POINT('',(0.632765635656,9.9769062269));
#4725 = CARTESIAN_POINT('',(0.66169534421,10.168260215946));
#4726 = CARTESIAN_POINT('',(0.69138744893,10.356772967838));
#4727 = CARTESIAN_POINT('',(0.721841367481,10.542290163392));
#4728 = CARTESIAN_POINT('',(0.753071409874,10.724580485048));
#4729 = CARTESIAN_POINT('',(0.785107545055,10.903338215837));
#4730 = CARTESIAN_POINT('',(0.8555920112,11.278020861064));
#4731 = CARTESIAN_POINT('',(0.894272292776,11.472587151927));
#4732 = CARTESIAN_POINT('',(0.934132596794,11.66144482609));
#4733 = CARTESIAN_POINT('',(0.975260883201,11.843798275202));
#4734 = CARTESIAN_POINT('',(1.017740904338,12.018521872139));
#4735 = CARTESIAN_POINT('',(1.061654308895,12.184184649518));
#4736 = CARTESIAN_POINT('',(1.107087640865,12.339056987546));
#4737 = CARTESIAN_POINT('',(1.172682802497,12.537025673855));
#4738 = CARTESIAN_POINT('',(1.191463247691,12.590951668528));
#4739 = CARTESIAN_POINT('',(1.210492058463,12.642732228362));
#4740 = CARTESIAN_POINT('',(1.229770129948,12.692221731114));
#4741 = CARTESIAN_POINT('',(1.249296205478,12.739264661493));
#4742 = CARTESIAN_POINT('',(1.269066595354,12.783698777234));
#4743 = CARTESIAN_POINT('',(1.289074895627,12.825358275166));
#4744 = CARTESIAN_POINT('',(1.340547687452,12.923840127872));
#4745 = CARTESIAN_POINT('',(1.372345471122,12.976631020625));
#4746 = CARTESIAN_POINT('',(1.40464774259,13.021780832789));
#4747 = CARTESIAN_POINT('',(1.437385929708,13.05867269631));
#4748 = CARTESIAN_POINT('',(1.47047894308,13.086769500887));
#4749 = CARTESIAN_POINT('',(1.50382957663,13.105655817532));
#4750 = CARTESIAN_POINT('',(1.537318569148,13.115093922652));
#4751 = CARTESIAN_POINT('',(1.570796326795,13.115093922652));
#4752 = ( GEOMETRIC_REPRESENTATION_CONTEXT(2) 
PARAMETRIC_REPRESENTATION_CONTEXT() REPRESENTATION_CONTEXT('2D SPACE',''
  ) );
#4753 = PCURVE('',#4754,#4785);
#4754 = B_SPLINE_SURFACE_WITH_KNOTS('',14,1,(
    (#4755,#4756)
    ,(#4757,#4758)
    ,(#4759,#4760)
    ,(#4761,#4762)
    ,(#4763,#4764)
    ,(#4765,#4766)
    ,(#4767,#4768)
    ,(#4769,#4770)
    ,(#4771,#4772)
    ,(#4773,#4774)
    ,(#4775,#4776)
    ,(#4777,#4778)
    ,(#4779,#4780)
    ,(#4781,#4782)
    ,(#4783,#4784
    )),.UNSPECIFIED.,.T.,.F.,.F.,(1,14,14,1),(2,2),(-6.28318530718,0.,
    6.28318530718,12.566370614359),(0.,1.),.UNSPECIFIED.);
#4755 = CARTESIAN_POINT('',(36.2,-17.12,-2.603327410609E-15));
#4756 = CARTESIAN_POINT('',(54.3,-18.08,7.747397610198E-16));
#4757 = CARTESIAN_POINT('',(36.2,-17.11999999999,2.962073073387));
#4758 = CARTESIAN_POINT('',(54.300000000001,-18.07999999999,
    2.625473860502));
#4759 = CARTESIAN_POINT('',(36.2,-18.61237080505,5.924147240137));
#4760 = CARTESIAN_POINT('',(54.299999999998,-19.3641330183,
    5.250948690121));
#4761 = CARTESIAN_POINT('',(36.2,-21.597114323,8.136607687386));
#4762 = CARTESIAN_POINT('',(54.300000000001,-21.93240069652,
    7.211993177456));
#4763 = CARTESIAN_POINT('',(36.2,-25.62788102939,8.849924132446));
#4764 = CARTESIAN_POINT('',(54.300000000011,-25.40073483928,
    7.844250935576));
#4765 = CARTESIAN_POINT('',(36.2,-29.81205654358,7.583247282676));
#4766 = CARTESIAN_POINT('',(54.299999999962,-29.00107190953,
    6.721514636919));
#4767 = CARTESIAN_POINT('',(36.2,-33.00620690739,4.394842618733));
#4768 = CARTESIAN_POINT('',(54.300000000076,-31.74952687388,
    3.895428684785));
#4769 = CARTESIAN_POINT('',(36.2,-34.20874078211,1.006519312341E-10));
#4770 = CARTESIAN_POINT('',(54.299999999895,-32.78426532405,
    8.928680017562E-11));
#4771 = CARTESIAN_POINT('',(36.2,-33.00620690739,-4.394842618917));
#4772 = CARTESIAN_POINT('',(54.300000000108,-31.74952687388,
    -3.895428684948));
#4773 = CARTESIAN_POINT('',(36.2,-29.81205654358,-7.583247282535));
#4774 = CARTESIAN_POINT('',(54.299999999913,-29.00107190953,
    -6.721514636794));
#4775 = CARTESIAN_POINT('',(36.2,-25.62788102939,-8.849924132534));
#4776 = CARTESIAN_POINT('',(54.300000000055,-25.40073483928,
    -7.844250935654));
#4777 = CARTESIAN_POINT('',(36.2,-21.597114323,-8.136607687342));
#4778 = CARTESIAN_POINT('',(54.299999999974,-21.93240069652,
    -7.211993177418));
#4779 = CARTESIAN_POINT('',(36.2,-18.61237080505,-5.924147240153));
#4780 = CARTESIAN_POINT('',(54.300000000009,-19.3641330183,
    -5.250948690135));
#4781 = CARTESIAN_POINT('',(36.2,-17.11999999999,-2.962073073383));
#4782 = CARTESIAN_POINT('',(54.299999999998,-18.07999999999,
    -2.625473860499));
#4783 = CARTESIAN_POINT('',(36.2,-17.12,-2.603327410609E-15));
#4784 = CARTESIAN_POINT('',(54.3,-18.08,7.747397610198E-16));
#4785 = DEFINITIONAL_REPRESENTATION('',(#4786),#4992);
#4786 = B_SPLINE_CURVE_WITH_KNOTS('',8,(#4787,#4788,#4789,#4790,#4791,
    #4792,#4793,#4794,#4795,#4796,#4797,#4798,#4799,#4800,#4801,#4802,
    #4803,#4804,#4805,#4806,#4807,#4808,#4809,#4810,#4811,#4812,#4813,
    #4814,#4815,#4816,#4817,#4818,#4819,#4820,#4821,#4822,#4823,#4824,
    #4825,#4826,#4827,#4828,#4829,#4830,#4831,#4832,#4833,#4834,#4835,
    #4836,#4837,#4838,#4839,#4840,#4841,#4842,#4843,#4844,#4845,#4846,
    #4847,#4848,#4849,#4850,#4851,#4852,#4853,#4854,#4855,#4856,#4857,
    #4858,#4859,#4860,#4861,#4862,#4863,#4864,#4865,#4866,#4867,#4868,
    #4869,#4870,#4871,#4872,#4873,#4874,#4875,#4876,#4877,#4878,#4879,
    #4880,#4881,#4882,#4883,#4884,#4885,#4886,#4887,#4888,#4889,#4890,
    #4891,#4892,#4893,#4894,#4895,#4896,#4897,#4898,#4899,#4900,#4901,
    #4902,#4903,#4904,#4905,#4906,#4907,#4908,#4909,#4910,#4911,#4912,
    #4913,#4914,#4915,#4916,#4917,#4918,#4919,#4920,#4921,#4922,#4923,
    #4924,#4925,#4926,#4927,#4928,#4929,#4930,#4931,#4932,#4933,#4934,
    #4935,#4936,#4937,#4938,#4939,#4940,#4941,#4942,#4943,#4944,#4945,
    #4946,#4947,#4948,#4949,#4950,#4951,#4952,#4953,#4954,#4955,#4956,
    #4957,#4958,#4959,#4960,#4961,#4962,#4963,#4964,#4965,#4966,#4967,
    #4968,#4969,#4970,#4971,#4972,#4973,#4974,#4975,#4976,#4977,#4978,
    #4979,#4980,#4981,#4982,#4983,#4984,#4985,#4986,#4987,#4988,#4989,
    #4990,#4991),.UNSPECIFIED.,.F.,.F.,(9,7,7,7,7,7,7,7,7,7,7,7,7,7,7,7,
    7,7,7,7,7,7,7,7,7,7,7,7,7,9),(0.,3.495383645194E-02,5.7476628414E-02
    ,8.749335844192E-02,0.164928306451,0.217717815403,0.25020311542,
    0.27585250697,0.307989027579,0.33552439477,0.385501507941,
    0.442581939344,0.465104017565,0.476891513933,0.500331706919,
    0.522844463907,0.53461334615,0.557088050689,0.587131241286,
    0.664575280238,0.690486707837,0.722496322192,0.750694696353,
    0.776193896376,0.808205959138,0.835711818073,0.885678476489,
    0.942788580769,0.965281564949,1.),.UNSPECIFIED.);
#4787 = CARTESIAN_POINT('',(6.28318530718,0.380110497238));
#4788 = CARTESIAN_POINT('',(6.246490901665,0.380110497238));
#4789 = CARTESIAN_POINT('',(6.209784065956,0.379617699392));
#4790 = CARTESIAN_POINT('',(6.173227593064,0.378631563561));
#4791 = CARTESIAN_POINT('',(6.136950370766,0.377165121799));
#4792 = CARTESIAN_POINT('',(6.101056685212,0.375241195359));
#4793 = CARTESIAN_POINT('',(6.065632877131,0.372889334963));
#4794 = CARTESIAN_POINT('',(6.030751350625,0.370143484351));
#4795 = CARTESIAN_POINT('',(5.974383710921,0.365040847964));
#4796 = CARTESIAN_POINT('',(5.952537400296,0.362892242248));
#4797 = CARTESIAN_POINT('',(5.93094220925,0.36060356612));
#4798 = CARTESIAN_POINT('',(5.909604095759,0.358183828185));
#4799 = CARTESIAN_POINT('',(5.888526059217,0.355641865769));
#4800 = CARTESIAN_POINT('',(5.867708430453,0.352986181203));
#4801 = CARTESIAN_POINT('',(5.847149161736,0.350224778112));
#4802 = CARTESIAN_POINT('',(5.799783037798,0.343553691509));
#4803 = CARTESIAN_POINT('',(5.773176346367,0.339568069606));
#4804 = CARTESIAN_POINT('',(5.747011800407,0.335425372929));
#4805 = CARTESIAN_POINT('',(5.721275801456,0.331141560125));
#4806 = CARTESIAN_POINT('',(5.695953209836,0.326731237935));
#4807 = CARTESIAN_POINT('',(5.671027159818,0.322207591558));
#4808 = CARTESIAN_POINT('',(5.646478874783,0.317582315031));
#4809 = CARTESIAN_POINT('',(5.559880311086,0.300697557104));
#4810 = CARTESIAN_POINT('',(5.499925119129,0.287935730742));
#4811 = CARTESIAN_POINT('',(5.441983436545,0.274743096916));
#4812 = CARTESIAN_POINT('',(5.385767164982,0.261254933371));
#4813 = CARTESIAN_POINT('',(5.331017280099,0.24759159311));
#4814 = CARTESIAN_POINT('',(5.277485467583,0.233867481017));
#4815 = CARTESIAN_POINT('',(5.224905262628,0.22019437872));
#4816 = CARTESIAN_POINT('',(5.13748017314,0.19755073921));
#4817 = CARTESIAN_POINT('',(5.102376253681,0.188483924751));
#4818 = CARTESIAN_POINT('',(5.06747149927,0.179573427652));
#4819 = CARTESIAN_POINT('',(5.032655108671,0.170883068845));
#4820 = CARTESIAN_POINT('',(4.997824057977,0.162507499766));
#4821 = CARTESIAN_POINT('',(4.962874532128,0.15457513578));
#4822 = CARTESIAN_POINT('',(4.927668625938,0.147282864766));
#4823 = CARTESIAN_POINT('',(4.870069890769,0.136979651099));
#4824 = CARTESIAN_POINT('',(4.847958485162,0.133401033522));
#4825 = CARTESIAN_POINT('',(4.825659455903,0.130237234784));
#4826 = CARTESIAN_POINT('',(4.803169058468,0.127569126077));
#4827 = CARTESIAN_POINT('',(4.780498420146,0.125484326));
#4828 = CARTESIAN_POINT('',(4.757674689282,0.124068291301));
#4829 = CARTESIAN_POINT('',(4.734754826184,0.123368082134));
#4830 = CARTESIAN_POINT('',(4.69373803383,0.123395160819));
#4831 = CARTESIAN_POINT('',(4.675639626657,0.123853051123));
#4832 = CARTESIAN_POINT('',(4.657587182083,0.124756830189));
#4833 = CARTESIAN_POINT('',(4.639613735931,0.126087603243));
#4834 = CARTESIAN_POINT('',(4.62174077147,0.127811374099));
#4835 = CARTESIAN_POINT('',(4.603981013463,0.129886911966));
#4836 = CARTESIAN_POINT('',(4.586340347757,0.132273055589));
#4837 = CARTESIAN_POINT('',(4.546864232249,0.138260648827));
#4838 = CARTESIAN_POINT('',(4.525094496884,0.142017145787));
#4839 = CARTESIAN_POINT('',(4.503482171384,0.146127572821));
#4840 = CARTESIAN_POINT('',(4.481998817141,0.150526536073));
#4841 = CARTESIAN_POINT('',(4.460616605235,0.155160533066));
#4842 = CARTESIAN_POINT('',(4.439306961444,0.159987294216));
#4843 = CARTESIAN_POINT('',(4.41803792812,0.164973396792));
#4844 = CARTESIAN_POINT('',(4.37855199191,0.1744808751));
#4845 = CARTESIAN_POINT('',(4.360339666377,0.178965223181));
#4846 = CARTESIAN_POINT('',(4.342117073229,0.183529649629));
#4847 = CARTESIAN_POINT('',(4.323867959375,0.188160041804));
#4848 = CARTESIAN_POINT('',(4.305577542491,0.192844558749));
#4849 = CARTESIAN_POINT('',(4.28723181824,0.197573096419));
#4850 = CARTESIAN_POINT('',(4.268817029018,0.202336913569));
#4851 = CARTESIAN_POINT('',(4.216745622297,0.215825072839));
#4852 = CARTESIAN_POINT('',(4.182905379242,0.224611193222));
#4853 = CARTESIAN_POINT('',(4.148713768102,0.233441794607));
#4854 = CARTESIAN_POINT('',(4.114097768561,0.242280532818));
#4855 = CARTESIAN_POINT('',(4.078988004005,0.251094642585));
#4856 = CARTESIAN_POINT('',(4.043314317569,0.259852680219));
#4857 = CARTESIAN_POINT('',(4.007001501647,0.268523438886));
#4858 = CARTESIAN_POINT('',(3.927657218738,0.286840731448));
#4859 = CARTESIAN_POINT('',(3.884437922982,0.296443061739));
#4860 = CARTESIAN_POINT('',(3.840149743104,0.30583930275));
#4861 = CARTESIAN_POINT('',(3.794660570399,0.314974580575));
#4862 = CARTESIAN_POINT('',(3.747850826392,0.323779719411));
#4863 = CARTESIAN_POINT('',(3.699608024872,0.332171263994));
#4864 = CARTESIAN_POINT('',(3.649818188687,0.3400514811));
#4865 = CARTESIAN_POINT('',(3.57803822697,0.350169478893));
#4866 = CARTESIAN_POINT('',(3.55747502183,0.352933837461));
#4867 = CARTESIAN_POINT('',(3.536653279012,0.355592508116));
#4868 = CARTESIAN_POINT('',(3.515570923005,0.358137483432));
#4869 = CARTESIAN_POINT('',(3.49422825589,0.360560255664));
#4870 = CARTESIAN_POINT('',(3.472628246953,0.362851980306));
#4871 = CARTESIAN_POINT('',(3.450776822287,0.36500363965));
#4872 = CARTESIAN_POINT('',(3.417119877362,0.368054300011));
#4873 = CARTESIAN_POINT('',(3.405490431658,0.369061540201));
#4874 = CARTESIAN_POINT('',(3.393796306196,0.37002662715));
#4875 = CARTESIAN_POINT('',(3.382039269462,0.370948264277));
#4876 = CARTESIAN_POINT('',(3.370221393658,0.371825171371));
#4877 = CARTESIAN_POINT('',(3.358345078849,0.372656097775));
#4878 = CARTESIAN_POINT('',(3.346413077106,0.37343983558));
#4879 = CARTESIAN_POINT('',(3.310596449054,0.375637617395));
#4880 = CARTESIAN_POINT('',(3.28655289413,0.376909070815));
#4881 = CARTESIAN_POINT('',(3.262326662168,0.377980175374));
#4882 = CARTESIAN_POINT('',(3.237948710647,0.378842860082));
#4883 = CARTESIAN_POINT('',(3.213452582126,0.379490639016));
#4884 = CARTESIAN_POINT('',(3.188875039718,0.379918900602));
#4885 = CARTESIAN_POINT('',(3.164256900155,0.380125247813));
#4886 = CARTESIAN_POINT('',(3.116005061549,0.380095138409));
#4887 = CARTESIAN_POINT('',(3.092366003921,0.379875867036));
#4888 = CARTESIAN_POINT('',(3.068767085008,0.37945213939));
#4889 = CARTESIAN_POINT('',(3.045244444012,0.37882616512));
#4890 = CARTESIAN_POINT('',(3.021830751899,0.378002039745));
#4891 = CARTESIAN_POINT('',(2.99855579743,0.376985485102));
#4892 = CARTESIAN_POINT('',(2.97544707319,0.3757835898));
#4893 = CARTESIAN_POINT('',(2.940550306043,0.373683635704));
#4894 = CARTESIAN_POINT('',(2.928621904427,0.372914264115));
#4895 = CARTESIAN_POINT('',(2.916748339616,0.372097569557));
#4896 = CARTESIAN_POINT('',(2.904932418751,0.371234744804));
#4897 = CARTESIAN_POINT('',(2.893176597429,0.370327027525));
#4898 = CARTESIAN_POINT('',(2.881483003872,0.369375687065));
#4899 = CARTESIAN_POINT('',(2.869853463085,0.368382011227));
#4900 = CARTESIAN_POINT('',(2.836206185006,0.365371320744));
#4901 = CARTESIAN_POINT('',(2.814362739296,0.363245720822));
#4902 = CARTESIAN_POINT('',(2.792768748768,0.360979461768));
#4903 = CARTESIAN_POINT('',(2.771430486937,0.358581523116));
#4904 = CARTESIAN_POINT('',(2.750351231985,0.356060728922));
#4905 = CARTESIAN_POINT('',(2.729531562784,0.353425581234));
#4906 = CARTESIAN_POINT('',(2.708969654925,0.350684093572));
#4907 = CARTESIAN_POINT('',(2.661514636387,0.344046610877));
#4908 = CARTESIAN_POINT('',(2.634824132964,0.340073143663));
#4909 = CARTESIAN_POINT('',(2.608578118573,0.335940655876));
#4910 = CARTESIAN_POINT('',(2.58276319013,0.331665292993));
#4911 = CARTESIAN_POINT('',(2.55736431505,0.327261837912));
#4912 = CARTESIAN_POINT('',(2.532364656935,0.322743635998));
#4913 = CARTESIAN_POINT('',(2.507745401251,0.318122520153));
#4914 = CARTESIAN_POINT('',(2.420949664365,0.301257746346));
#4915 = CARTESIAN_POINT('',(2.360879982359,0.288506203317));
#4916 = CARTESIAN_POINT('',(2.302836036618,0.275318596982));
#4917 = CARTESIAN_POINT('',(2.246528918715,0.261831171332));
#4918 = CARTESIAN_POINT('',(2.19169874673,0.248164919769));
#4919 = CARTESIAN_POINT('',(2.138096563205,0.234434412675));
#4920 = CARTESIAN_POINT('',(2.085455169119,0.220751139467));
#4921 = CARTESIAN_POINT('',(2.016006875337,0.202761215842));
#4922 = CARTESIAN_POINT('',(1.998669655384,0.198275443287));
#4923 = CARTESIAN_POINT('',(1.981394585727,0.193820352057));
#4924 = CARTESIAN_POINT('',(1.964170262415,0.189403167597));
#4925 = CARTESIAN_POINT('',(1.946985061443,0.185032158537));
#4926 = CARTESIAN_POINT('',(1.929826753456,0.180716906505));
#4927 = CARTESIAN_POINT('',(1.912682008835,0.176468684909));
#4928 = CARTESIAN_POINT('',(1.874354260361,0.167152342158));
#4929 = CARTESIAN_POINT('',(1.85317734529,0.16212824507));
#4930 = CARTESIAN_POINT('',(1.831969892355,0.15725216778));
#4931 = CARTESIAN_POINT('',(1.810700951336,0.152555146571));
#4932 = CARTESIAN_POINT('',(1.789342277129,0.148076381395));
#4933 = CARTESIAN_POINT('',(1.767865837919,0.143865490689));
#4934 = CARTESIAN_POINT('',(1.746242227096,0.139983547432));
#4935 = CARTESIAN_POINT('',(1.705237191051,0.133431340629));
#4936 = CARTESIAN_POINT('',(1.68589083818,0.130671073125));
#4937 = CARTESIAN_POINT('',(1.666399444908,0.128269911418));
#4938 = CARTESIAN_POINT('',(1.646768564343,0.126282451334));
#4939 = CARTESIAN_POINT('',(1.627012776976,0.124765340663));
#4940 = CARTESIAN_POINT('',(1.607158640493,0.123765718892));
#4941 = CARTESIAN_POINT('',(1.587249287519,0.123308387408));
#4942 = CARTESIAN_POINT('',(1.549354486693,0.123464006917));
#4943 = CARTESIAN_POINT('',(1.531362882295,0.123978727984));
#4944 = CARTESIAN_POINT('',(1.513420547003,0.124932459831));
#4945 = CARTESIAN_POINT('',(1.495559218377,0.126305131674));
#4946 = CARTESIAN_POINT('',(1.477799295033,0.128062439351));
#4947 = CARTESIAN_POINT('',(1.460152445132,0.130163553389));
#4948 = CARTESIAN_POINT('',(1.442623357213,0.132568116289));
#4949 = CARTESIAN_POINT('',(1.403348971183,0.138590116802));
#4950 = CARTESIAN_POINT('',(1.381669654837,0.142360620228));
#4951 = CARTESIAN_POINT('',(1.360144947034,0.146478174825));
#4952 = CARTESIAN_POINT('',(1.338746449748,0.150878773585));
#4953 = CARTESIAN_POINT('',(1.317446507602,0.155510087496));
#4954 = CARTESIAN_POINT('',(1.29621682723,0.160330743063));
#4955 = CARTESIAN_POINT('',(1.275025906712,0.165307998891));
#4956 = CARTESIAN_POINT('',(1.235631741964,0.174807119603));
#4957 = CARTESIAN_POINT('',(1.217433281102,0.179293137286));
#4958 = CARTESIAN_POINT('',(1.199223677432,0.183858315541));
#4959 = CARTESIAN_POINT('',(1.18098676689,0.18848868796));
#4960 = CARTESIAN_POINT('',(1.162707840832,0.193172528817));
#4961 = CARTESIAN_POINT('',(1.1443729607,0.197899824913));
#4962 = CARTESIAN_POINT('',(1.125968432361,0.202661906302));
#4963 = CARTESIAN_POINT('',(1.073895479321,0.21615144755));
#4964 = CARTESIAN_POINT('',(1.040041741501,0.224939838626));
#4965 = CARTESIAN_POINT('',(1.005834536561,0.233771653358));
#4966 = CARTESIAN_POINT('',(0.971200862864,0.242610667149));
#4967 = CARTESIAN_POINT('',(0.936071319772,0.251424168539));
#4968 = CARTESIAN_POINT('',(0.900375699836,0.260180720172));
#4969 = CARTESIAN_POINT('',(0.864038713047,0.268849079525));
#4970 = CARTESIAN_POINT('',(0.784606705453,0.287166239305));
#4971 = CARTESIAN_POINT('',(0.741322015597,0.296770252402));
#4972 = CARTESIAN_POINT('',(0.696963466539,0.30616646402));
#4973 = CARTESIAN_POINT('',(0.651398445667,0.315299684805));
#4974 = CARTESIAN_POINT('',(0.604507115745,0.324100271573));
#4975 = CARTESIAN_POINT('',(0.556176954432,0.332484169287));
#4976 = CARTESIAN_POINT('',(0.50629420008,0.340352939955));
#4977 = CARTESIAN_POINT('',(0.434414594954,0.350443436723));
#4978 = CARTESIAN_POINT('',(0.413849848162,0.353195946341));
#4979 = CARTESIAN_POINT('',(0.393026916545,0.355842398406));
#4980 = CARTESIAN_POINT('',(0.371943857082,0.358374779492));
#4981 = CARTESIAN_POINT('',(0.350601119135,0.360784581869));
#4982 = CARTESIAN_POINT('',(0.329001837657,0.363062968732));
#4983 = CARTESIAN_POINT('',(0.307152126397,0.365200939439));
#4984 = CARTESIAN_POINT('',(0.250963785522,0.370258875307));
#4985 = CARTESIAN_POINT('',(0.216272948278,0.372974031673));
#4986 = CARTESIAN_POINT('',(0.181048248167,0.375298934613));
#4987 = CARTESIAN_POINT('',(0.14536131496,0.377200333332));
#4988 = CARTESIAN_POINT('',(0.109297378857,0.378649323903));
#4989 = CARTESIAN_POINT('',(7.295918672452E-02,0.379623615898));
#4990 = CARTESIAN_POINT('',(3.647347510263E-02,0.380110497238));
#4991 = CARTESIAN_POINT('',(0.,0.380110497238));
#4992 = ( GEOMETRIC_REPRESENTATION_CONTEXT(2) 
PARAMETRIC_REPRESENTATION_CONTEXT() REPRESENTATION_CONTEXT('2D SPACE',''
  ) );
#4993 = ADVANCED_FACE('',(#4994),#4754,.T.);
#4994 = FACE_BOUND('',#4995,.T.);
#4995 = EDGE_LOOP('',(#4996,#4997,#5019,#5104,#5192,#5448,#5536,#5676,
    #5759,#6010,#6093,#6171));
#4996 = ORIENTED_EDGE('',*,*,#4334,.F.);
#4997 = ORIENTED_EDGE('',*,*,#4998,.T.);
#4998 = EDGE_CURVE('',#4335,#4999,#5001,.T.);
#4999 = VERTEX_POINT('',#5000);
#5000 = CARTESIAN_POINT('',(52.7,-17.99513812154,4.761260883896E-16));
#5001 = SEAM_CURVE('',#5002,(#5005,#5012),.PCURVE_S1.);
#5002 = B_SPLINE_CURVE_WITH_KNOTS('',1,(#5003,#5004),.UNSPECIFIED.,.F.,
  .F.,(2,2),(0.,1.),.PIECEWISE_BEZIER_KNOTS.);
#5003 = CARTESIAN_POINT('',(36.2,-17.12,-2.603327410609E-15));
#5004 = CARTESIAN_POINT('',(54.3,-18.08,7.747397610198E-16));
#5005 = PCURVE('',#4754,#5006);
#5006 = DEFINITIONAL_REPRESENTATION('',(#5007),#5011);
#5007 = LINE('',#5008,#5009);
#5008 = CARTESIAN_POINT('',(0.,0.));
#5009 = VECTOR('',#5010,1.);
#5010 = DIRECTION('',(0.,1.));
#5011 = ( GEOMETRIC_REPRESENTATION_CONTEXT(2) 
PARAMETRIC_REPRESENTATION_CONTEXT() REPRESENTATION_CONTEXT('2D SPACE',''
  ) );
#5012 = PCURVE('',#4754,#5013);
#5013 = DEFINITIONAL_REPRESENTATION('',(#5014),#5018);
#5014 = LINE('',#5015,#5016);
#5015 = CARTESIAN_POINT('',(6.28318530718,0.));
#5016 = VECTOR('',#5017,1.);
#5017 = DIRECTION('',(0.,1.));
#5018 = ( GEOMETRIC_REPRESENTATION_CONTEXT(2) 
PARAMETRIC_REPRESENTATION_CONTEXT() REPRESENTATION_CONTEXT('2D SPACE',''
  ) );
#5019 = ORIENTED_EDGE('',*,*,#5020,.T.);
#5020 = EDGE_CURVE('',#4999,#5021,#5023,.T.);
#5021 = VERTEX_POINT('',#5022);
#5022 = CARTESIAN_POINT('',(53.24568257526,-18.15,-1.203501046069));
#5023 = SURFACE_CURVE('',#5024,(#5047,#5073),.PCURVE_S1.);
#5024 = B_SPLINE_CURVE_WITH_KNOTS('',6,(#5025,#5026,#5027,#5028,#5029,
    #5030,#5031,#5032,#5033,#5034,#5035,#5036,#5037,#5038,#5039,#5040,
    #5041,#5042,#5043,#5044,#5045,#5046),.UNSPECIFIED.,.F.,.F.,(7,5,5,5,
    7),(0.,0.266531769379,0.532691193651,0.704651241341,1.),
  .UNSPECIFIED.);
#5025 = CARTESIAN_POINT('',(52.7,-17.99513812154,1.110223024625E-15));
#5026 = CARTESIAN_POINT('',(52.7,-17.99513812154,-0.112551636916));
#5027 = CARTESIAN_POINT('',(52.709500977484,-17.99824990196,
    -0.225123596752));
#5028 = CARTESIAN_POINT('',(52.728508823801,-18.00447568111,
    -0.336523135371));
#5029 = CARTESIAN_POINT('',(52.756783970386,-18.01363017435,
    -0.445659837196));
#5030 = CARTESIAN_POINT('',(52.793938743856,-18.0253780181,
    -0.55154971984));
#5031 = CARTESIAN_POINT('',(52.884913515537,-18.05317266934,
    -0.754932542496));
#5032 = CARTESIAN_POINT('',(52.938716646259,-18.06921539147,
    -0.852451205544));
#5033 = CARTESIAN_POINT('',(53.000386172471,-18.08699027119,
    -0.945051233564));
#5034 = CARTESIAN_POINT('',(53.069370815346,-18.10599036127,
    -1.032044409134));
#5035 = CARTESIAN_POINT('',(53.145099575417,-18.12567477935,
    -1.112831467362));
#5036 = CARTESIAN_POINT('',(53.279907630114,-18.15831628554,
    -1.234706204568));
#5037 = CARTESIAN_POINT('',(53.335391386406,-18.17118804015,
    -1.279722740664));
#5038 = CARTESIAN_POINT('',(53.393290324717,-18.18397445682,
    -1.321773981601));
#5039 = CARTESIAN_POINT('',(53.453438102436,-18.19652801258,
    -1.360715666649));
#5040 = CARTESIAN_POINT('',(53.51565557035,-18.20870423727,
    -1.396408078586));
#5041 = CARTESIAN_POINT('',(53.689827671518,-18.24039788878,
    -1.484212593945));
#5042 = CARTESIAN_POINT('',(53.805464702149,-18.25891876932,
    -1.5297438767));
#5043 = CARTESIAN_POINT('',(53.925613606718,-18.27522857605,
    -1.564599152693));
#5044 = CARTESIAN_POINT('',(54.049065241749,-18.28870109592,
    -1.588169486595));
#5045 = CARTESIAN_POINT('',(54.174406535684,-18.29890804322,-1.6));
#5046 = CARTESIAN_POINT('',(54.3,-18.3057249325,-1.6));
#5047 = PCURVE('',#4754,#5048);
#5048 = DEFINITIONAL_REPRESENTATION('',(#5049),#5072);
#5049 = B_SPLINE_CURVE_WITH_KNOTS('',6,(#5050,#5051,#5052,#5053,#5054,
    #5055,#5056,#5057,#5058,#5059,#5060,#5061,#5062,#5063,#5064,#5065,
    #5066,#5067,#5068,#5069,#5070,#5071),.UNSPECIFIED.,.F.,.F.,(7,5,5,5,
    7),(0.,0.266531769379,0.532691193651,0.704651241341,1.),
  .UNSPECIFIED.);
#5050 = CARTESIAN_POINT('',(6.28318530718,0.911602209945));
#5051 = CARTESIAN_POINT('',(6.264161311025,0.911602209945));
#5052 = CARTESIAN_POINT('',(6.245133878248,0.912127125828));
#5053 = CARTESIAN_POINT('',(6.226286535697,0.913177283083));
#5054 = CARTESIAN_POINT('',(6.207785417252,0.914739445878));
#5055 = CARTESIAN_POINT('',(6.189784005758,0.916792195793));
#5056 = CARTESIAN_POINT('',(6.155090609257,0.921818426273));
#5057 = CARTESIAN_POINT('',(6.138394408212,0.924790974931));
#5058 = CARTESIAN_POINT('',(6.122468586831,0.928198131076));
#5059 = CARTESIAN_POINT('',(6.107429940825,0.932009437312));
#5060 = CARTESIAN_POINT('',(6.093387541505,0.936193346708));
#5061 = CARTESIAN_POINT('',(6.072084261005,0.943641305531));
#5062 = CARTESIAN_POINT('',(6.064182597439,0.946706706431));
#5063 = CARTESIAN_POINT('',(6.056768926664,0.949905542802));
#5064 = CARTESIAN_POINT('',(6.049872052106,0.953228624444));
#5065 = CARTESIAN_POINT('',(6.043520669841,0.95666605361));
#5066 = CARTESIAN_POINT('',(6.027818697292,0.966288821631));
#5067 = CARTESIAN_POINT('',(6.019583633841,0.972677607854));
#5068 = CARTESIAN_POINT('',(6.013185611345,0.979315668879));
#5069 = CARTESIAN_POINT('',(6.008758265872,0.986136201202));
#5070 = CARTESIAN_POINT('',(6.006403923237,0.993061134568));
#5071 = CARTESIAN_POINT('',(6.006150969412,1.));
#5072 = ( GEOMETRIC_REPRESENTATION_CONTEXT(2) 
PARAMETRIC_REPRESENTATION_CONTEXT() REPRESENTATION_CONTEXT('2D SPACE',''
  ) );
#5073 = PCURVE('',#5074,#5079);
#5074 = CYLINDRICAL_SURFACE('',#5075,1.6);
#5075 = AXIS2_PLACEMENT_3D('',#5076,#5077,#5078);
#5076 = CARTESIAN_POINT('',(54.3,-35.7,0.));
#5077 = DIRECTION('',(0.,1.,0.));
#5078 = DIRECTION('',(0.,-0.,1.));
#5079 = DEFINITIONAL_REPRESENTATION('',(#5080),#5103);
#5080 = B_SPLINE_CURVE_WITH_KNOTS('',6,(#5081,#5082,#5083,#5084,#5085,
    #5086,#5087,#5088,#5089,#5090,#5091,#5092,#5093,#5094,#5095,#5096,
    #5097,#5098,#5099,#5100,#5101,#5102),.UNSPECIFIED.,.F.,.F.,(7,5,5,5,
    7),(0.,0.266531769379,0.532691193651,0.704651241341,1.),
  .UNSPECIFIED.);
#5081 = CARTESIAN_POINT('',(4.712388980385,17.704861878453));
#5082 = CARTESIAN_POINT('',(4.642044207312,17.704861878453));
#5083 = CARTESIAN_POINT('',(4.571686805862,17.701750098034));
#5084 = CARTESIAN_POINT('',(4.501435151296,17.695524318885));
#5085 = CARTESIAN_POINT('',(4.43134497638,17.686369825643));
#5086 = CARTESIAN_POINT('',(4.361450412765,17.674621981894));
#5087 = CARTESIAN_POINT('',(4.222198811515,17.646827330657));
#5088 = CARTESIAN_POINT('',(4.152831509094,17.630784608526));
#5089 = CARTESIAN_POINT('',(4.083656479333,17.613009728802));
#5090 = CARTESIAN_POINT('',(4.014619718737,17.594009638721));
#5091 = CARTESIAN_POINT('',(3.945649005985,17.574325220643));
#5092 = CARTESIAN_POINT('',(3.832066259476,17.541683714452));
#5093 = CARTESIAN_POINT('',(3.787474443732,17.528811959848));
#5094 = CARTESIAN_POINT('',(3.742846399007,17.516025543179));
#5095 = CARTESIAN_POINT('',(3.69815958398,17.503471987411));
#5096 = CARTESIAN_POINT('',(3.65339445412,17.491295762725));
#5097 = CARTESIAN_POINT('',(3.53148651988,17.45960211122));
#5098 = CARTESIAN_POINT('',(3.454140306169,17.441081230675));
#5099 = CARTESIAN_POINT('',(3.376455388028,17.424771423948));
#5100 = CARTESIAN_POINT('',(3.298426722605,17.411298904076));
#5101 = CARTESIAN_POINT('',(3.220088568787,17.401091956779));
#5102 = CARTESIAN_POINT('',(3.14159265359,17.394275067497));
#5103 = ( GEOMETRIC_REPRESENTATION_CONTEXT(2) 
PARAMETRIC_REPRESENTATION_CONTEXT() REPRESENTATION_CONTEXT('2D SPACE',''
  ) );
#5104 = ORIENTED_EDGE('',*,*,#5105,.F.);
#5105 = EDGE_CURVE('',#5106,#5021,#5108,.T.);
#5106 = VERTEX_POINT('',#5107);
#5107 = CARTESIAN_POINT('',(48.746915840465,-18.15,-2.051744700765));
#5108 = SURFACE_CURVE('',#5109,(#5133,#5160),.PCURVE_S1.);
#5109 = B_SPLINE_CURVE_WITH_KNOTS('',8,(#5110,#5111,#5112,#5113,#5114,
    #5115,#5116,#5117,#5118,#5119,#5120,#5121,#5122,#5123,#5124,#5125,
    #5126,#5127,#5128,#5129,#5130,#5131,#5132),.UNSPECIFIED.,.F.,.F.,(9,
    7,7,9),(0.,0.64428370181,0.960919088647,1.),.UNSPECIFIED.);
#5110 = CARTESIAN_POINT('',(48.38,-18.15,-2.106172107028));
#5111 = CARTESIAN_POINT('',(48.862183722891,-18.15,-2.035542356766));
#5112 = CARTESIAN_POINT('',(49.343936066285,-18.15,-1.962352883613));
#5113 = CARTESIAN_POINT('',(49.82523990233,-18.15,-1.886263811806));
#5114 = CARTESIAN_POINT('',(50.30602372648,-18.15,-1.806835468522));
#5115 = CARTESIAN_POINT('',(50.786166926507,-18.15,-1.723548563218));
#5116 = CARTESIAN_POINT('',(51.26546096822,-18.15,-1.635606893406));
#5117 = CARTESIAN_POINT('',(51.743628386823,-18.15,-1.542029976454));
#5118 = CARTESIAN_POINT('',(52.454349667734,-18.15,-1.391000742003));
#5119 = CARTESIAN_POINT('',(52.688088044185,-18.15,-1.339389992719));
#5120 = CARTESIAN_POINT('',(52.92135592568,-18.15,-1.285685417819));
#5121 = CARTESIAN_POINT('',(53.154077883404,-18.15,-1.229568987554));
#5122 = CARTESIAN_POINT('',(53.38612586878,-18.15,-1.170669104827));
#5123 = CARTESIAN_POINT('',(53.617278271343,-18.15,-1.108419412109));
#5124 = CARTESIAN_POINT('',(53.847240666285,-18.15,-1.04212753342));
#5125 = CARTESIAN_POINT('',(54.103641944553,-18.15,-0.961480427351));
#5126 = CARTESIAN_POINT('',(54.131784576143,-18.15,-0.952536554143));
#5127 = CARTESIAN_POINT('',(54.159899053853,-18.15,-0.943506498969));
#5128 = CARTESIAN_POINT('',(54.187984096796,-18.15,-0.934387417138));
#5129 = CARTESIAN_POINT('',(54.216038301137,-18.15,-0.925176254122));
#5130 = CARTESIAN_POINT('',(54.244060140095,-18.15,-0.915869745566));
#5131 = CARTESIAN_POINT('',(54.272047963941,-18.15,-0.906464417283));
#5132 = CARTESIAN_POINT('',(54.3,-18.15,-0.896956585255));
#5133 = PCURVE('',#4754,#5134);
#5134 = DEFINITIONAL_REPRESENTATION('',(#5135),#5159);
#5135 = B_SPLINE_CURVE_WITH_KNOTS('',8,(#5136,#5137,#5138,#5139,#5140,
    #5141,#5142,#5143,#5144,#5145,#5146,#5147,#5148,#5149,#5150,#5151,
    #5152,#5153,#5154,#5155,#5156,#5157,#5158),.UNSPECIFIED.,.F.,.F.,(9,
    7,7,9),(0.,0.64428370181,0.960919088647,1.),.UNSPECIFIED.);
#5136 = CARTESIAN_POINT('',(5.930371007856,0.672928176796));
#5137 = CARTESIAN_POINT('',(5.941512170921,0.699568161486));
#5138 = CARTESIAN_POINT('',(5.953133078141,0.726184313054));
#5139 = CARTESIAN_POINT('',(5.965294684239,0.752775685212));
#5140 = CARTESIAN_POINT('',(5.978074322221,0.77933832743));
#5141 = CARTESIAN_POINT('',(5.991565392859,0.80586557605));
#5142 = CARTESIAN_POINT('',(6.00590781296,0.832345909846));
#5143 = CARTESIAN_POINT('',(6.021275339075,0.858763999272));
#5144 = CARTESIAN_POINT('',(6.046260475173,0.898030368383));
#5145 = CARTESIAN_POINT('',(6.054825901304,0.910944090839));
#5146 = CARTESIAN_POINT('',(6.063767435747,0.923831819098));
#5147 = CARTESIAN_POINT('',(6.073140749962,0.936689385824));
#5148 = CARTESIAN_POINT('',(6.083010938205,0.949509716507));
#5149 = CARTESIAN_POINT('',(6.09347694995,0.962280567478));
#5150 = CARTESIAN_POINT('',(6.104659729773,0.97498567217));
#5151 = CARTESIAN_POINT('',(6.118311895149,0.989151488649));
#5152 = CARTESIAN_POINT('',(6.119826537468,0.990706330174));
#5153 = CARTESIAN_POINT('',(6.121356380201,0.992259616235));
#5154 = CARTESIAN_POINT('',(6.122901918369,0.993811276066));
#5155 = CARTESIAN_POINT('',(6.124463683392,0.995361232107));
#5156 = CARTESIAN_POINT('',(6.126042243086,0.996909400005));
#5157 = CARTESIAN_POINT('',(6.127638201661,0.998455688616));
#5158 = CARTESIAN_POINT('',(6.129252199728,1.));
#5159 = ( GEOMETRIC_REPRESENTATION_CONTEXT(2) 
PARAMETRIC_REPRESENTATION_CONTEXT() REPRESENTATION_CONTEXT('2D SPACE',''
  ) );
#5160 = PCURVE('',#5161,#5166);
#5161 = PLANE('',#5162);
#5162 = AXIS2_PLACEMENT_3D('',#5163,#5164,#5165);
#5163 = CARTESIAN_POINT('',(54.3,-18.15,0.));
#5164 = DIRECTION('',(0.,1.,0.));
#5165 = DIRECTION('',(0.,-0.,1.));
#5166 = DEFINITIONAL_REPRESENTATION('',(#5167),#5191);
#5167 = B_SPLINE_CURVE_WITH_KNOTS('',8,(#5168,#5169,#5170,#5171,#5172,
    #5173,#5174,#5175,#5176,#5177,#5178,#5179,#5180,#5181,#5182,#5183,
    #5184,#5185,#5186,#5187,#5188,#5189,#5190),.UNSPECIFIED.,.F.,.F.,(9,
    7,7,9),(0.,0.64428370181,0.960919088647,1.),.UNSPECIFIED.);
#5168 = CARTESIAN_POINT('',(-2.106172107028,-5.92));
#5169 = CARTESIAN_POINT('',(-2.035542356766,-5.437816277109));
#5170 = CARTESIAN_POINT('',(-1.962352883613,-4.956063933715));
#5171 = CARTESIAN_POINT('',(-1.886263811806,-4.47476009767));
#5172 = CARTESIAN_POINT('',(-1.806835468522,-3.99397627352));
#5173 = CARTESIAN_POINT('',(-1.723548563218,-3.513833073493));
#5174 = CARTESIAN_POINT('',(-1.635606893406,-3.03453903178));
#5175 = CARTESIAN_POINT('',(-1.542029976454,-2.556371613177));
#5176 = CARTESIAN_POINT('',(-1.391000742003,-1.845650332266));
#5177 = CARTESIAN_POINT('',(-1.339389992719,-1.611911955815));
#5178 = CARTESIAN_POINT('',(-1.285685417819,-1.37864407432));
#5179 = CARTESIAN_POINT('',(-1.229568987554,-1.145922116596));
#5180 = CARTESIAN_POINT('',(-1.170669104827,-0.91387413122));
#5181 = CARTESIAN_POINT('',(-1.108419412109,-0.682721728657));
#5182 = CARTESIAN_POINT('',(-1.04212753342,-0.452759333715));
#5183 = CARTESIAN_POINT('',(-0.961480427351,-0.196358055447));
#5184 = CARTESIAN_POINT('',(-0.952536554143,-0.168215423857));
#5185 = CARTESIAN_POINT('',(-0.943506498969,-0.140100946147));
#5186 = CARTESIAN_POINT('',(-0.934387417138,-0.112015903204));
#5187 = CARTESIAN_POINT('',(-0.925176254122,-8.396169886323E-02));
#5188 = CARTESIAN_POINT('',(-0.915869745566,-5.593985990502E-02));
#5189 = CARTESIAN_POINT('',(-0.906464417283,-2.79520360586E-02));
#5190 = CARTESIAN_POINT('',(-0.896956585255,-1.918465386552E-13));
#5191 = ( GEOMETRIC_REPRESENTATION_CONTEXT(2) 
PARAMETRIC_REPRESENTATION_CONTEXT() REPRESENTATION_CONTEXT('2D SPACE',''
  ) );
#5192 = ORIENTED_EDGE('',*,*,#5193,.T.);
#5193 = EDGE_CURVE('',#5106,#5194,#5196,.T.);
#5194 = VERTEX_POINT('',#5195);
#5195 = CARTESIAN_POINT('',(48.746915836423,-29.85,-2.051744689826));
#5196 = SURFACE_CURVE('',#5197,(#5277,#5360),.PCURVE_S1.);
#5197 = B_SPLINE_CURVE_WITH_KNOTS('',8,(#5198,#5199,#5200,#5201,#5202,
    #5203,#5204,#5205,#5206,#5207,#5208,#5209,#5210,#5211,#5212,#5213,
    #5214,#5215,#5216,#5217,#5218,#5219,#5220,#5221,#5222,#5223,#5224,
    #5225,#5226,#5227,#5228,#5229,#5230,#5231,#5232,#5233,#5234,#5235,
    #5236,#5237,#5238,#5239,#5240,#5241,#5242,#5243,#5244,#5245,#5246,
    #5247,#5248,#5249,#5250,#5251,#5252,#5253,#5254,#5255,#5256,#5257,
    #5258,#5259,#5260,#5261,#5262,#5263,#5264,#5265,#5266,#5267,#5268,
    #5269,#5270,#5271,#5272,#5273,#5274,#5275,#5276),.UNSPECIFIED.,.F.,
  .F.,(9,7,7,7,7,7,7,7,7,7,7,9),(0.,8.247866017176E-02,0.216257795656,
    0.339867365078,0.447893315513,0.500512560969,0.537005294775,
    0.586242222047,0.659922473005,0.783263599825,0.917914181755,1.),
  .UNSPECIFIED.);
#5198 = CARTESIAN_POINT('',(48.746915267254,-18.1499994,-2.051743149358)
  );
#5199 = CARTESIAN_POINT('',(48.814686729928,-18.22093815166,
    -2.235167997059));
#5200 = CARTESIAN_POINT('',(48.887978561627,-18.29766257414,
    -2.412234505908));
#5201 = CARTESIAN_POINT('',(48.966189792884,-18.37954684696,
    -2.58286183367));
#5202 = CARTESIAN_POINT('',(49.048761871514,-18.4660103621,
    -2.747060014846));
#5203 = CARTESIAN_POINT('',(49.135190212911,-18.5565298558,
    -2.904911815209));
#5204 = CARTESIAN_POINT('',(49.225033453983,-18.65064923994,
    -3.056557685239));
#5205 = CARTESIAN_POINT('',(49.317920410718,-18.747987133,
    -3.202183812469));
#5206 = CARTESIAN_POINT('',(49.568672169587,-19.0108541107,
    -3.568814535846));
#5207 = CARTESIAN_POINT('',(49.730901801828,-19.18101914566,
    -3.780196603174));
#5208 = CARTESIAN_POINT('',(49.898979261834,-19.35745115266,
    -3.977173231464));
#5209 = CARTESIAN_POINT('',(50.071867406967,-19.53911187509,
    -4.160553341827));
#5210 = CARTESIAN_POINT('',(50.248702856179,-19.72516077537,
    -4.331069230352));
#5211 = CARTESIAN_POINT('',(50.428781075966,-19.91494215578,
    -4.489409324019));
#5212 = CARTESIAN_POINT('',(50.611550937103,-20.10799084288,
    -4.636209343965));
#5213 = CARTESIAN_POINT('',(50.967562181206,-20.48518176474,
    -4.897575418309));
#5214 = CARTESIAN_POINT('',(51.140391205647,-20.66879957591,
    -5.013683911102));
#5215 = CARTESIAN_POINT('',(51.314681919897,-20.85461729506,
    -5.120817156792));
#5216 = CARTESIAN_POINT('',(51.490059098776,-21.04241180781,
    -5.219328440775));
#5217 = CARTESIAN_POINT('',(51.666124153063,-21.23202198958,
    -5.30951766074));
#5218 = CARTESIAN_POINT('',(51.842453540892,-21.42334545989,
    -5.39164460707));
#5219 = CARTESIAN_POINT('',(52.018542488467,-21.61636343857,
    -5.465934324521));
#5220 = CARTESIAN_POINT('',(52.34658397729,-21.98154110953,
    -5.590828484345));
#5221 = CARTESIAN_POINT('',(52.498509819218,-22.15296310024,
    -5.643135295549));
#5222 = CARTESIAN_POINT('',(52.649104849967,-22.32587658715,
    -5.689766630591));
#5223 = CARTESIAN_POINT('',(52.797729238861,-22.50061498825,
    -5.73084418063));
#5224 = CARTESIAN_POINT('',(52.94337290679,-22.67746200944,
    -5.766440714261));
#5225 = CARTESIAN_POINT('',(53.084031871036,-22.85689992168,
    -5.796553720273));
#5226 = CARTESIAN_POINT('',(53.216841251972,-23.03953269211,
    -5.821269936051));
#5227 = CARTESIAN_POINT('',(53.390539532228,-23.31964541971,
    -5.850009169862));
#5228 = CARTESIAN_POINT('',(53.443626400453,-23.41274156615,
    -5.858142182756));
#5229 = CARTESIAN_POINT('',(53.491946950206,-23.50742604793,
    -5.864990482758));
#5230 = CARTESIAN_POINT('',(53.534044348326,-23.60380113087,
    -5.870523435575));
#5231 = CARTESIAN_POINT('',(53.568178986069,-23.70182093882,
    -5.874702213548));
#5232 = CARTESIAN_POINT('',(53.591896238735,-23.80135687894,
    -5.87750967937));
#5233 = CARTESIAN_POINT('',(53.60363214393,-23.90197789423,
    -5.87890056844));
#5234 = CARTESIAN_POINT('',(53.603143062662,-24.07266538751,
    -5.878842611396));
#5235 = CARTESIAN_POINT('',(53.597159488283,-24.14255514394,
    -5.878133444845));
#5236 = CARTESIAN_POINT('',(53.585397371814,-24.2120962969,
    -5.876739173396));
#5237 = CARTESIAN_POINT('',(53.568233221232,-24.28106172946,
    -5.874669885529));
#5238 = CARTESIAN_POINT('',(53.546296014061,-24.34931138244,
    -5.871936630474));
#5239 = CARTESIAN_POINT('',(53.520279578591,-24.41676876693,
    -5.868550942046));
#5240 = CARTESIAN_POINT('',(53.490796793972,-24.48340551629,
    -5.864525753691));
#5241 = CARTESIAN_POINT('',(53.414655952976,-24.63806671008,
    -5.853590151362));
#5242 = CARTESIAN_POINT('',(53.365587450823,-24.72544588117,
    -5.846162208267));
#5243 = CARTESIAN_POINT('',(53.312414609569,-24.81158022821,
    -5.837599390274));
#5244 = CARTESIAN_POINT('',(53.256094191857,-24.89663008284,
    -5.827906892711));
#5245 = CARTESIAN_POINT('',(53.197321059635,-24.98072275186,
    -5.817089699486));
#5246 = CARTESIAN_POINT('',(53.136592806732,-25.06397432243,
    -5.805150694393));
#5247 = CARTESIAN_POINT('',(53.074272620562,-25.14651001515,
    -5.792084990932));
#5248 = CARTESIAN_POINT('',(52.915316728755,-25.35111518938,
    -5.756612129821));
#5249 = CARTESIAN_POINT('',(52.817096231252,-25.47235325254,
    -5.732807799971));
#5250 = CARTESIAN_POINT('',(52.716873364501,-25.59249959071,
    -5.706440547737));
#5251 = CARTESIAN_POINT('',(52.615205045056,-25.7117209319,
    -5.677486077861));
#5252 = CARTESIAN_POINT('',(52.512478972064,-25.83012374205,
    -5.645918499011));
#5253 = CARTESIAN_POINT('',(52.408985901925,-25.94778517532,
    -5.611708022521));
#5254 = CARTESIAN_POINT('',(52.30493451184,-26.06475915488,
    -5.574817683635));
#5255 = CARTESIAN_POINT('',(52.02564458403,-26.3758323949,
    -5.468882507799));
#5256 = CARTESIAN_POINT('',(51.849745211489,-26.5687182568,
    -5.394943390755));
#5257 = CARTESIAN_POINT('',(51.673588778056,-26.75991274555,
    -5.313189284126));
#5258 = CARTESIAN_POINT('',(51.497681814914,-26.94939927367,
    -5.223396807562));
#5259 = CARTESIAN_POINT('',(51.322448245046,-27.13707760774,
    -5.125308079193));
#5260 = CARTESIAN_POINT('',(51.14828621982,-27.32278899056,
    -5.01862535437));
#5261 = CARTESIAN_POINT('',(50.975569550868,-27.50631287088,
    -4.902997850285));
#5262 = CARTESIAN_POINT('',(50.618144233114,-27.88504617462,
    -4.641525727776));
#5263 = CARTESIAN_POINT('',(50.433885509444,-28.07968019468,
    -4.49395439701));
#5264 = CARTESIAN_POINT('',(50.25234486433,-28.27100958526,
    -4.334680535768));
#5265 = CARTESIAN_POINT('',(50.074083787196,-28.45856143126,
    -4.163055050934));
#5266 = CARTESIAN_POINT('',(49.899821608828,-28.64166662767,
    -3.978374398009));
#5267 = CARTESIAN_POINT('',(49.730441027565,-28.81946594913,
    -3.779890154587));
#5268 = CARTESIAN_POINT('',(49.567003487943,-28.99089670535,
    -3.566775136146));
#5269 = CARTESIAN_POINT('',(49.315583278878,-29.25446198785,
    -3.198516804243));
#5270 = CARTESIAN_POINT('',(49.223095846463,-29.35138059061,
    -3.053284880666));
#5271 = CARTESIAN_POINT('',(49.133637007411,-29.44509687405,
    -2.902073284722));
#5272 = CARTESIAN_POINT('',(49.047574793628,-29.53523266181,
    -2.744698256615));
#5273 = CARTESIAN_POINT('',(48.965346454182,-29.62133609813,
    -2.581021339509));
#5274 = CARTESIAN_POINT('',(48.88745158386,-29.70288908345,
    -2.410961165051));
#5275 = CARTESIAN_POINT('',(48.814442985087,-29.77931698182,
    -2.234508297778));
#5276 = CARTESIAN_POINT('',(48.746915263212,-29.8500006,-2.051743138419)
  );
#5277 = PCURVE('',#4754,#5278);
#5278 = DEFINITIONAL_REPRESENTATION('',(#5279),#5359);
#5279 = B_SPLINE_CURVE_WITH_KNOTS('',8,(#5280,#5281,#5282,#5283,#5284,
    #5285,#5286,#5287,#5288,#5289,#5290,#5291,#5292,#5293,#5294,#5295,
    #5296,#5297,#5298,#5299,#5300,#5301,#5302,#5303,#5304,#5305,#5306,
    #5307,#5308,#5309,#5310,#5311,#5312,#5313,#5314,#5315,#5316,#5317,
    #5318,#5319,#5320,#5321,#5322,#5323,#5324,#5325,#5326,#5327,#5328,
    #5329,#5330,#5331,#5332,#5333,#5334,#5335,#5336,#5337,#5338,#5339,
    #5340,#5341,#5342,#5343,#5344,#5345,#5346,#5347,#5348,#5349,#5350,
    #5351,#5352,#5353,#5354,#5355,#5356,#5357,#5358),.UNSPECIFIED.,.F.,
  .F.,(9,7,7,7,7,7,7,7,7,7,7,9),(0.,8.247866017176E-02,0.216257795656,
    0.339867365078,0.447893315513,0.500512560969,0.537005294775,
    0.586242222047,0.659922473005,0.783263599825,0.917914181755,1.),
  .UNSPECIFIED.);
#5280 = CARTESIAN_POINT('',(5.93897629416,0.693199738522));
#5281 = CARTESIAN_POINT('',(5.906762814731,0.696944018228));
#5282 = CARTESIAN_POINT('',(5.875187627594,0.700993290698));
#5283 = CARTESIAN_POINT('',(5.844241985152,0.705314353198));
#5284 = CARTESIAN_POINT('',(5.813910457918,0.709876346492));
#5285 = CARTESIAN_POINT('',(5.784171857019,0.714651392979));
#5286 = CARTESIAN_POINT('',(5.754999530448,0.719615107955));
#5287 = CARTESIAN_POINT('',(5.726361033085,0.724746984018));
#5288 = CARTESIAN_POINT('',(5.652568252273,0.738600672353));
#5289 = CARTESIAN_POINT('',(5.608254680431,0.74756363546));
#5290 = CARTESIAN_POINT('',(5.565101249588,0.756849682974));
#5291 = CARTESIAN_POINT('',(5.522977426484,0.766401514197));
#5292 = CARTESIAN_POINT('',(5.481769570344,0.776171428518));
#5293 = CARTESIAN_POINT('',(5.441369648422,0.786120501435));
#5294 = CARTESIAN_POINT('',(5.40167011788,0.796218283818));
#5295 = CARTESIAN_POINT('',(5.326412636153,0.815887413326));
#5296 = CARTESIAN_POINT('',(5.290786436375,0.825435978213));
#5297 = CARTESIAN_POINT('',(5.25559524681,0.835065299442));
#5298 = CARTESIAN_POINT('',(5.220769489775,0.844754646341));
#5299 = CARTESIAN_POINT('',(5.186242514547,0.854481997407));
#5300 = CARTESIAN_POINT('',(5.151947763202,0.864223952535));
#5301 = CARTESIAN_POINT('',(5.117812709483,0.873952623672));
#5302 = CARTESIAN_POINT('',(5.05396453672,0.892076462834));
#5303 = CARTESIAN_POINT('',(5.024288857477,0.900470155758));
#5304 = CARTESIAN_POINT('',(4.994600856237,0.908790323202));
#5305 = CARTESIAN_POINT('',(4.964802687269,0.917001615407));
#5306 = CARTESIAN_POINT('',(4.934807558303,0.925048226894));
#5307 = CARTESIAN_POINT('',(4.904497161168,0.932819440389));
#5308 = CARTESIAN_POINT('',(4.873732310255,0.940156975247));
#5309 = CARTESIAN_POINT('',(4.826626151722,0.949753565316));
#5310 = CARTESIAN_POINT('',(4.810982589175,0.952686541462));
#5311 = CARTESIAN_POINT('',(4.795080591571,0.955356185094));
#5312 = CARTESIAN_POINT('',(4.778899782127,0.957682008195));
#5313 = CARTESIAN_POINT('',(4.762444791207,0.959567899783));
#5314 = CARTESIAN_POINT('',(4.745735423969,0.960878245234));
#5315 = CARTESIAN_POINT('',(4.728844064631,0.961526637786));
#5316 = CARTESIAN_POINT('',(4.700190557876,0.961499616722));
#5317 = CARTESIAN_POINT('',(4.688458083481,0.961169032502));
#5318 = CARTESIAN_POINT('',(4.676784077122,0.960519191813));
#5319 = CARTESIAN_POINT('',(4.665206638982,0.959570896201));
#5320 = CARTESIAN_POINT('',(4.653748976555,0.958358895804));
#5321 = CARTESIAN_POINT('',(4.642423309172,0.956921523679));
#5322 = CARTESIAN_POINT('',(4.631233553821,0.955292640551));
#5323 = CARTESIAN_POINT('',(4.605255843053,0.951085964253));
#5324 = CARTESIAN_POINT('',(4.590573886313,0.948374997283));
#5325 = CARTESIAN_POINT('',(4.576093313319,0.945437271247));
#5326 = CARTESIAN_POINT('',(4.561784239071,0.942325645959));
#5327 = CARTESIAN_POINT('',(4.547622095218,0.939078511582));
#5328 = CARTESIAN_POINT('',(4.53358410737,0.935723359488));
#5329 = CARTESIAN_POINT('',(4.519645862009,0.93228025528));
#5330 = CARTESIAN_POINT('',(4.485031517668,0.92349816181));
#5331 = CARTESIAN_POINT('',(4.464465294725,0.918071614986));
#5332 = CARTESIAN_POINT('',(4.444016706492,0.912534440028));
#5333 = CARTESIAN_POINT('',(4.423645421148,0.906917405804));
#5334 = CARTESIAN_POINT('',(4.40332081024,0.901241932158));
#5335 = CARTESIAN_POINT('',(4.383016671733,0.895524082979));
#5336 = CARTESIAN_POINT('',(4.362710014066,0.889775387394));
#5337 = CARTESIAN_POINT('',(4.30834278011,0.874345004643));
#5338 = CARTESIAN_POINT('',(4.274246916715,0.864626807265));
#5339 = CARTESIAN_POINT('',(4.239993982972,0.854894407627));
#5340 = CARTESIAN_POINT('',(4.205511504087,0.845175790879));
#5341 = CARTESIAN_POINT('',(4.170733060736,0.835494378179));
#5342 = CARTESIAN_POINT('',(4.135592198591,0.825872166841));
#5343 = CARTESIAN_POINT('',(4.100019632616,0.81632980944));
#5344 = CARTESIAN_POINT('',(4.024541637936,0.796582554316));
#5345 = CARTESIAN_POINT('',(3.984558743939,0.786402514334));
#5346 = CARTESIAN_POINT('',(3.943867208004,0.776372644438));
#5347 = CARTESIAN_POINT('',(3.90235713773,0.766523966143));
#5348 = CARTESIAN_POINT('',(3.859918167989,0.756896221482));
#5349 = CARTESIAN_POINT('',(3.816434220762,0.747538178318));
#5350 = CARTESIAN_POINT('',(3.771771826106,0.738508479997));
#5351 = CARTESIAN_POINT('',(3.697695955402,0.724617860711));
#5352 = CARTESIAN_POINT('',(3.669148957596,0.719508057816));
#5353 = CARTESIAN_POINT('',(3.640071415836,0.71456558052));
#5354 = CARTESIAN_POINT('',(3.610431271787,0.709810762079));
#5355 = CARTESIAN_POINT('',(3.580202196666,0.7052677599));
#5356 = CARTESIAN_POINT('',(3.549363272206,0.700964175904));
#5357 = CARTESIAN_POINT('',(3.517899289663,0.696930551662));
#5358 = CARTESIAN_POINT('',(3.485801666845,0.693199738299));
#5359 = ( GEOMETRIC_REPRESENTATION_CONTEXT(2) 
PARAMETRIC_REPRESENTATION_CONTEXT() REPRESENTATION_CONTEXT('2D SPACE',''
  ) );
#5360 = PCURVE('',#5361,#5366);
#5361 = CYLINDRICAL_SURFACE('',#5362,5.92);
#5362 = AXIS2_PLACEMENT_3D('',#5363,#5364,#5365);
#5363 = CARTESIAN_POINT('',(54.3,-29.85,0.));
#5364 = DIRECTION('',(0.,1.,0.));
#5365 = DIRECTION('',(0.,-0.,1.));
#5366 = DEFINITIONAL_REPRESENTATION('',(#5367),#5447);
#5367 = B_SPLINE_CURVE_WITH_KNOTS('',8,(#5368,#5369,#5370,#5371,#5372,
    #5373,#5374,#5375,#5376,#5377,#5378,#5379,#5380,#5381,#5382,#5383,
    #5384,#5385,#5386,#5387,#5388,#5389,#5390,#5391,#5392,#5393,#5394,
    #5395,#5396,#5397,#5398,#5399,#5400,#5401,#5402,#5403,#5404,#5405,
    #5406,#5407,#5408,#5409,#5410,#5411,#5412,#5413,#5414,#5415,#5416,
    #5417,#5418,#5419,#5420,#5421,#5422,#5423,#5424,#5425,#5426,#5427,
    #5428,#5429,#5430,#5431,#5432,#5433,#5434,#5435,#5436,#5437,#5438,
    #5439,#5440,#5441,#5442,#5443,#5444,#5445,#5446),.UNSPECIFIED.,.F.,
  .F.,(9,7,7,7,7,7,7,7,7,7,7,9),(0.,8.247866017176E-02,0.216257795656,
    0.339867365078,0.447893315513,0.500512560969,0.537005294775,
    0.586242222047,0.659922473005,0.783263599825,0.917914181755,1.),
  .UNSPECIFIED.);
#5368 = CARTESIAN_POINT('',(10.64165350914,11.7000006));
#5369 = CARTESIAN_POINT('',(10.608622346006,11.629061848338));
#5370 = CARTESIAN_POINT('',(10.576275483142,11.552337425852));
#5371 = CARTESIAN_POINT('',(10.544605962629,11.470453153032));
#5372 = CARTESIAN_POINT('',(10.513599598602,11.383989637896));
#5373 = CARTESIAN_POINT('',(10.483236041685,11.293470144199));
#5374 = CARTESIAN_POINT('',(10.453489229947,11.199350760057));
#5375 = CARTESIAN_POINT('',(10.424327226352,11.102012867));
#5376 = CARTESIAN_POINT('',(10.349297075839,10.839145889297));
#5377 = CARTESIAN_POINT('',(10.304354333228,10.668980854336));
#5378 = CARTESIAN_POINT('',(10.260710229919,10.492548847334));
#5379 = CARTESIAN_POINT('',(10.218238625676,10.310888124909));
#5380 = CARTESIAN_POINT('',(10.176832947955,10.124839224621));
#5381 = CARTESIAN_POINT('',(10.136395383979,9.935057844218));
#5382 = CARTESIAN_POINT('',(10.096833897271,9.742009157115));
#5383 = CARTESIAN_POINT('',(10.0222305683,9.364818235251));
#5384 = CARTESIAN_POINT('',(9.987090696243,9.181200424086));
#5385 = CARTESIAN_POINT('',(9.952579007457,8.99538270494));
#5386 = CARTESIAN_POINT('',(9.918652245014,8.807588192186));
#5387 = CARTESIAN_POINT('',(9.885284462207,8.617978010411));
#5388 = CARTESIAN_POINT('',(9.852463902032,8.426654540107));
#5389 = CARTESIAN_POINT('',(9.820200664824,8.233636561425));
#5390 = CARTESIAN_POINT('',(9.760908014146,7.868458890469));
#5391 = CARTESIAN_POINT('',(9.733780503969,7.697036899759));
#5392 = CARTESIAN_POINT('',(9.707171996561,7.524123412847));
#5393 = CARTESIAN_POINT('',(9.68114904526,7.349385011746));
#5394 = CARTESIAN_POINT('',(9.655844325733,7.172537990557));
#5395 = CARTESIAN_POINT('',(9.631560597891,6.993100078312));
#5396 = CARTESIAN_POINT('',(9.608745963519,6.810467307884));
#5397 = CARTESIAN_POINT('',(9.579006140618,6.530354580289));
#5398 = CARTESIAN_POINT('',(9.569934790018,6.437258433845));
#5399 = CARTESIAN_POINT('',(9.561691750902,6.342573952063));
#5400 = CARTESIAN_POINT('',(9.554520179332,6.246198869121));
#5401 = CARTESIAN_POINT('',(9.548711195289,6.14817906118));
#5402 = CARTESIAN_POINT('',(9.544676927117,6.048643121058));
#5403 = CARTESIAN_POINT('',(9.542680637909,5.948022105764));
#5404 = CARTESIAN_POINT('',(9.542763831035,5.777334612488));
#5405 = CARTESIAN_POINT('',(9.543781643225,5.707444856054));
#5406 = CARTESIAN_POINT('',(9.5457824006,5.637903703093));
#5407 = CARTESIAN_POINT('',(9.548702734354,5.568938270531));
#5408 = CARTESIAN_POINT('',(9.552436928961,5.500688617558));
#5409 = CARTESIAN_POINT('',(9.556868517575,5.433231233065));
#5410 = CARTESIAN_POINT('',(9.561894797382,5.366594483703));
#5411 = CARTESIAN_POINT('',(9.574888401501,5.211933289919));
#5412 = CARTESIAN_POINT('',(9.583271190711,5.124554118822));
#5413 = CARTESIAN_POINT('',(9.59236811911,5.038419771788));
#5414 = CARTESIAN_POINT('',(9.602020397864,4.953369917154));
#5415 = CARTESIAN_POINT('',(9.612113620478,4.869277248133));
#5416 = CARTESIAN_POINT('',(9.62256679597,4.78602567757));
#5417 = CARTESIAN_POINT('',(9.633321827739,4.703489984848));
#5418 = CARTESIAN_POINT('',(9.660832958476,4.498884810616));
#5419 = CARTESIAN_POINT('',(9.677901732657,4.377646747452));
#5420 = CARTESIAN_POINT('',(9.69540175807,4.25750040929));
#5421 = CARTESIAN_POINT('',(9.713250936913,4.138279068096));
#5422 = CARTESIAN_POINT('',(9.731396222478,4.019876257941));
#5423 = CARTESIAN_POINT('',(9.749801498599,3.902214824676));
#5424 = CARTESIAN_POINT('',(9.768445272412,3.785240845118));
#5425 = CARTESIAN_POINT('',(9.818902324825,3.474167605097));
#5426 = CARTESIAN_POINT('',(9.851113167759,3.281281743193));
#5427 = CARTESIAN_POINT('',(9.883880860384,3.090087254445));
#5428 = CARTESIAN_POINT('',(9.917194583503,2.900600726324));
#5429 = CARTESIAN_POINT('',(9.951065529616,2.712922392256));
#5430 = CARTESIAN_POINT('',(9.985519126137,2.52721100944));
#5431 = CARTESIAN_POINT('',(10.020598148106,2.343687129119));
#5432 = CARTESIAN_POINT('',(10.095404731671,1.964953825371));
#5433 = CARTESIAN_POINT('',(10.135243151752,1.770319805316));
#5434 = CARTESIAN_POINT('',(10.175968983226,1.578990414734));
#5435 = CARTESIAN_POINT('',(10.217676162431,1.391438568738));
#5436 = CARTESIAN_POINT('',(10.260464566126,1.20833337233));
#5437 = CARTESIAN_POINT('',(10.304443027567,1.030534050866));
#5438 = CARTESIAN_POINT('',(10.349740534189,0.859103294642));
#5439 = CARTESIAN_POINT('',(10.425061387425,0.595538012146));
#5440 = CARTESIAN_POINT('',(10.454131105147,0.498619409384));
#5441 = CARTESIAN_POINT('',(10.483781970108,0.404903125948));
#5442 = CARTESIAN_POINT('',(10.514045537624,0.314767338185));
#5443 = CARTESIAN_POINT('',(10.544947550714,0.228663901864));
#5444 = CARTESIAN_POINT('',(10.576508094469,0.147110916541));
#5445 = CARTESIAN_POINT('',(10.608741144736,7.068301817459E-02));
#5446 = CARTESIAN_POINT('',(10.64165351111,-6.E-07));
#5447 = ( GEOMETRIC_REPRESENTATION_CONTEXT(2) 
PARAMETRIC_REPRESENTATION_CONTEXT() REPRESENTATION_CONTEXT('2D SPACE',''
  ) );
#5448 = ORIENTED_EDGE('',*,*,#5449,.T.);
#5449 = EDGE_CURVE('',#5194,#5450,#5452,.T.);
#5450 = VERTEX_POINT('',#5451);
#5451 = CARTESIAN_POINT('',(53.24568254784,-29.85,-1.203501022048));
#5452 = SURFACE_CURVE('',#5453,(#5477,#5504),.PCURVE_S1.);
#5453 = B_SPLINE_CURVE_WITH_KNOTS('',8,(#5454,#5455,#5456,#5457,#5458,
    #5459,#5460,#5461,#5462,#5463,#5464,#5465,#5466,#5467,#5468,#5469,
    #5470,#5471,#5472,#5473,#5474,#5475,#5476),.UNSPECIFIED.,.F.,.F.,(9,
    7,7,9),(0.,0.644283701796,0.960919088653,1.),.UNSPECIFIED.);
#5454 = CARTESIAN_POINT('',(48.38,-29.85,-2.106172096855));
#5455 = CARTESIAN_POINT('',(48.862183722988,-29.85,-2.035542344809));
#5456 = CARTESIAN_POINT('',(49.343936066437,-29.85,-1.962352869771));
#5457 = CARTESIAN_POINT('',(49.82523990256,-29.85,-1.886263795973));
#5458 = CARTESIAN_POINT('',(50.306023726676,-29.85,-1.806835450611));
#5459 = CARTESIAN_POINT('',(50.786166926727,-29.85,-1.723548543139));
#5460 = CARTESIAN_POINT('',(51.26546096836,-29.85,-1.63560687111));
#5461 = CARTESIAN_POINT('',(51.743628386893,-29.85,-1.542029951924));
#5462 = CARTESIAN_POINT('',(52.454349667671,-29.85,-1.391000714287));
#5463 = CARTESIAN_POINT('',(52.688088044139,-29.85,-1.339389963963));
#5464 = CARTESIAN_POINT('',(52.921355925505,-29.85,-1.28568538809));
#5465 = CARTESIAN_POINT('',(53.15407788336,-29.85,-1.229568956851));
#5466 = CARTESIAN_POINT('',(53.386125868564,-29.85,-1.170669073291));
#5467 = CARTESIAN_POINT('',(53.617278271208,-29.85,-1.108419379795));
#5468 = CARTESIAN_POINT('',(53.847240666143,-29.85,-1.042127500505));
#5469 = CARTESIAN_POINT('',(54.103641944496,-29.85,-0.961480393993));
#5470 = CARTESIAN_POINT('',(54.131784576092,-29.85,-0.952536520742));
#5471 = CARTESIAN_POINT('',(54.159899053807,-29.85,-0.943506465528));
#5472 = CARTESIAN_POINT('',(54.187984096757,-29.85,-0.93438738366));
#5473 = CARTESIAN_POINT('',(54.216038301106,-29.85,-0.925176220611));
#5474 = CARTESIAN_POINT('',(54.244060140073,-29.85,-0.915869712026));
#5475 = CARTESIAN_POINT('',(54.27204796393,-29.85,-0.906464383717));
#5476 = CARTESIAN_POINT('',(54.3,-29.85,-0.896956551668));
#5477 = PCURVE('',#4754,#5478);
#5478 = DEFINITIONAL_REPRESENTATION('',(#5479),#5503);
#5479 = B_SPLINE_CURVE_WITH_KNOTS('',8,(#5480,#5481,#5482,#5483,#5484,
    #5485,#5486,#5487,#5488,#5489,#5490,#5491,#5492,#5493,#5494,#5495,
    #5496,#5497,#5498,#5499,#5500,#5501,#5502),.UNSPECIFIED.,.F.,.F.,(9,
    7,7,9),(0.,0.644283701796,0.960919088653,1.),.UNSPECIFIED.);
#5480 = CARTESIAN_POINT('',(3.494406953115,0.672928176796));
#5481 = CARTESIAN_POINT('',(3.48326578997,0.699568161491));
#5482 = CARTESIAN_POINT('',(3.471644882658,0.726184313063));
#5483 = CARTESIAN_POINT('',(3.459483276454,0.752775685224));
#5484 = CARTESIAN_POINT('',(3.446703638349,0.779338327441));
#5485 = CARTESIAN_POINT('',(3.433212567568,0.805865576062));
#5486 = CARTESIAN_POINT('',(3.418870147302,0.832345909854));
#5487 = CARTESIAN_POINT('',(3.403502620994,0.858763999276));
#5488 = CARTESIAN_POINT('',(3.378517484557,0.89803036838));
#5489 = CARTESIAN_POINT('',(3.369952058303,0.910944090836));
#5490 = CARTESIAN_POINT('',(3.361010523734,0.923831819089));
#5491 = CARTESIAN_POINT('',(3.351637209373,0.93668938582));
#5492 = CARTESIAN_POINT('',(3.341767020984,0.949509716496));
#5493 = CARTESIAN_POINT('',(3.331301009072,0.96228056747));
#5494 = CARTESIAN_POINT('',(3.320118229073,0.974985672163));
#5495 = CARTESIAN_POINT('',(3.306466063477,0.989151488646));
#5496 = CARTESIAN_POINT('',(3.304951421133,0.990706330171));
#5497 = CARTESIAN_POINT('',(3.303421578376,0.992259616232));
#5498 = CARTESIAN_POINT('',(3.301876040183,0.993811276064));
#5499 = CARTESIAN_POINT('',(3.300314275135,0.995361232105));
#5500 = CARTESIAN_POINT('',(3.298735715416,0.996909400004));
#5501 = CARTESIAN_POINT('',(3.297139756815,0.998455688615));
#5502 = CARTESIAN_POINT('',(3.295525758722,1.));
#5503 = ( GEOMETRIC_REPRESENTATION_CONTEXT(2) 
PARAMETRIC_REPRESENTATION_CONTEXT() REPRESENTATION_CONTEXT('2D SPACE',''
  ) );
#5504 = PCURVE('',#5505,#5510);
#5505 = PLANE('',#5506);
#5506 = AXIS2_PLACEMENT_3D('',#5507,#5508,#5509);
#5507 = CARTESIAN_POINT('',(54.3,-29.85,0.));
#5508 = DIRECTION('',(0.,1.,0.));
#5509 = DIRECTION('',(0.,-0.,1.));
#5510 = DEFINITIONAL_REPRESENTATION('',(#5511),#5535);
#5511 = B_SPLINE_CURVE_WITH_KNOTS('',8,(#5512,#5513,#5514,#5515,#5516,
    #5517,#5518,#5519,#5520,#5521,#5522,#5523,#5524,#5525,#5526,#5527,
    #5528,#5529,#5530,#5531,#5532,#5533,#5534),.UNSPECIFIED.,.F.,.F.,(9,
    7,7,9),(0.,0.644283701796,0.960919088653,1.),.UNSPECIFIED.);
#5512 = CARTESIAN_POINT('',(-2.106172096855,-5.92));
#5513 = CARTESIAN_POINT('',(-2.035542344809,-5.437816277012));
#5514 = CARTESIAN_POINT('',(-1.962352869771,-4.956063933563));
#5515 = CARTESIAN_POINT('',(-1.886263795973,-4.47476009744));
#5516 = CARTESIAN_POINT('',(-1.806835450611,-3.993976273324));
#5517 = CARTESIAN_POINT('',(-1.723548543139,-3.513833073273));
#5518 = CARTESIAN_POINT('',(-1.63560687111,-3.03453903164));
#5519 = CARTESIAN_POINT('',(-1.542029951924,-2.556371613107));
#5520 = CARTESIAN_POINT('',(-1.391000714287,-1.845650332329));
#5521 = CARTESIAN_POINT('',(-1.339389963963,-1.611911955861));
#5522 = CARTESIAN_POINT('',(-1.28568538809,-1.378644074495));
#5523 = CARTESIAN_POINT('',(-1.229568956851,-1.14592211664));
#5524 = CARTESIAN_POINT('',(-1.170669073291,-0.913874131436));
#5525 = CARTESIAN_POINT('',(-1.108419379795,-0.682721728792));
#5526 = CARTESIAN_POINT('',(-1.042127500505,-0.452759333857));
#5527 = CARTESIAN_POINT('',(-0.961480393993,-0.196358055504));
#5528 = CARTESIAN_POINT('',(-0.952536520742,-0.168215423908));
#5529 = CARTESIAN_POINT('',(-0.943506465528,-0.140100946193));
#5530 = CARTESIAN_POINT('',(-0.93438738366,-0.112015903243));
#5531 = CARTESIAN_POINT('',(-0.925176220611,-8.396169889399E-02));
#5532 = CARTESIAN_POINT('',(-0.915869712026,-5.593985992667E-02));
#5533 = CARTESIAN_POINT('',(-0.906464383717,-2.795203606997E-02));
#5534 = CARTESIAN_POINT('',(-0.896956551668,7.105427357601E-15));
#5535 = ( GEOMETRIC_REPRESENTATION_CONTEXT(2) 
PARAMETRIC_REPRESENTATION_CONTEXT() REPRESENTATION_CONTEXT('2D SPACE',''
  ) );
#5536 = ORIENTED_EDGE('',*,*,#5537,.T.);
#5537 = EDGE_CURVE('',#5450,#5538,#5540,.T.);
#5538 = VERTEX_POINT('',#5539);
#5539 = CARTESIAN_POINT('',(53.24568254784,-29.85,1.203501022048));
#5540 = SURFACE_CURVE('',#5541,(#5584,#5630),.PCURVE_S1.);
#5541 = B_SPLINE_CURVE_WITH_KNOTS('',6,(#5542,#5543,#5544,#5545,#5546,
    #5547,#5548,#5549,#5550,#5551,#5552,#5553,#5554,#5555,#5556,#5557,
    #5558,#5559,#5560,#5561,#5562,#5563,#5564,#5565,#5566,#5567,#5568,
    #5569,#5570,#5571,#5572,#5573,#5574,#5575,#5576,#5577,#5578,#5579,
    #5580,#5581,#5582,#5583),.UNSPECIFIED.,.F.,.F.,(7,5,5,5,5,5,5,5,7),(
    0.,0.104449178562,0.237169371408,0.366644904878,0.502406462387,
    0.634675268173,0.762749332406,0.852959115397,1.),.UNSPECIFIED.);
#5542 = CARTESIAN_POINT('',(54.3,-29.69427506124,-1.6));
#5543 = CARTESIAN_POINT('',(54.211173318017,-29.69909634441,-1.6));
#5544 = CARTESIAN_POINT('',(54.122474971111,-29.70561320445,
    -1.594082035506));
#5545 = CARTESIAN_POINT('',(54.034477851694,-29.71378203269,
    -1.582279812027));
#5546 = CARTESIAN_POINT('',(53.947705525125,-29.72348290479,
    -1.564712062056));
#5547 = CARTESIAN_POINT('',(53.862634292486,-29.73453852458,
    -1.541558814369));
#5548 = CARTESIAN_POINT('',(53.674307298974,-29.76222850651,
    -1.476796759187));
#5549 = CARTESIAN_POINT('',(53.5723618315,-29.77956309032,
    -1.431889172369));
#5550 = CARTESIAN_POINT('',(53.474698458982,-29.79830192631,
    -1.378749106424));
#5551 = CARTESIAN_POINT('',(53.382029053832,-29.81792090784,
    -1.317883973022));
#5552 = CARTESIAN_POINT('',(53.294979353368,-29.83787393751,
    -1.249822240631));
#5553 = CARTESIAN_POINT('',(53.135232314962,-29.87689831554,
    -1.102203660763));
#5554 = CARTESIAN_POINT('',(53.062244289552,-29.89597722428,
    -1.02297554162));
#5555 = CARTESIAN_POINT('',(52.995680076577,-29.91436915436,
    -0.937917567161));
#5556 = CARTESIAN_POINT('',(52.936069068657,-29.9315759369,
    -0.847584683952));
#5557 = CARTESIAN_POINT('',(52.883913579709,-29.94713424961,
    -0.752615244142));
#5558 = CARTESIAN_POINT('',(52.793256117274,-29.97482905023,
    -0.55010908185));
#5559 = CARTESIAN_POINT('',(52.755531357506,-29.98676537622,
    -0.442168425101));
#5560 = CARTESIAN_POINT('',(52.727031549339,-29.99600272757,
    -0.330872827435));
#5561 = CARTESIAN_POINT('',(52.7081637735,-30.00218827283,
    -0.217265296571));
#5562 = CARTESIAN_POINT('',(52.699175117554,-30.00513204229,
    -0.102501551718));
#5563 = CARTESIAN_POINT('',(52.700894813386,-30.00456880896,
    0.123861674072));
#5564 = CARTESIAN_POINT('',(52.711102668958,-30.00122571449,
    0.235507308217));
#5565 = CARTESIAN_POINT('',(52.730663506692,-29.99482481498,
    0.345926918802));
#5566 = CARTESIAN_POINT('',(52.75933435302,-29.9855549183,0.454058285492
    ));
#5567 = CARTESIAN_POINT('',(52.796730407907,-29.97374872505,
    0.55894493035));
#5568 = CARTESIAN_POINT('',(52.886516103611,-29.94635871019,
    0.757323050291));
#5569 = CARTESIAN_POINT('',(52.938399098886,-29.93090458032,
    0.851083399289));
#5570 = CARTESIAN_POINT('',(52.997562542701,-29.9138509258,
    0.940288454938));
#5571 = CARTESIAN_POINT('',(53.063519912381,-29.89564677718,
    1.02432206076));
#5572 = CARTESIAN_POINT('',(53.135759026877,-29.87677418976,
    1.102647499033));
#5573 = CARTESIAN_POINT('',(53.268717324479,-29.84428626807,
    1.225584144462));
#5574 = CARTESIAN_POINT('',(53.326525422341,-29.83076699085,
    1.27331424757));
#5575 = CARTESIAN_POINT('',(53.387013980137,-29.81732243215,
    1.317798742229));
#5576 = CARTESIAN_POINT('',(53.44999186762,-29.8041233054,1.358870538122
    ));
#5577 = CARTESIAN_POINT('',(53.515252742331,-29.79133679098,
    1.396368102959));
#5578 = CARTESIAN_POINT('',(53.692298368999,-29.75920692992,
    1.48518309035));
#5579 = CARTESIAN_POINT('',(53.807518001291,-29.74080286326,
    1.530338219196));
#5580 = CARTESIAN_POINT('',(53.927195868046,-29.72459891419,
    1.564900611353));
#5581 = CARTESIAN_POINT('',(54.050136301651,-29.71121174253,
    1.588270370644));
#5582 = CARTESIAN_POINT('',(54.174943152293,-29.70106282434,1.6));
#5583 = CARTESIAN_POINT('',(54.3,-29.69427506124,1.6));
#5584 = PCURVE('',#4754,#5585);
#5585 = DEFINITIONAL_REPRESENTATION('',(#5586),#5629);
#5586 = B_SPLINE_CURVE_WITH_KNOTS('',6,(#5587,#5588,#5589,#5590,#5591,
    #5592,#5593,#5594,#5595,#5596,#5597,#5598,#5599,#5600,#5601,#5602,
    #5603,#5604,#5605,#5606,#5607,#5608,#5609,#5610,#5611,#5612,#5613,
    #5614,#5615,#5616,#5617,#5618,#5619,#5620,#5621,#5622,#5623,#5624,
    #5625,#5626,#5627,#5628),.UNSPECIFIED.,.F.,.F.,(7,5,5,5,5,5,5,5,7),(
    0.,0.104449178562,0.237169371408,0.366644904878,0.502406462387,
    0.634675268173,0.762749332406,0.852959115397,1.),.UNSPECIFIED.);
#5587 = CARTESIAN_POINT('',(3.418626994702,1.));
#5588 = CARTESIAN_POINT('',(3.418448091694,0.995092448509));
#5589 = CARTESIAN_POINT('',(3.417218021779,0.990191987354));
#5590 = CARTESIAN_POINT('',(3.414947080617,0.985330268049));
#5591 = CARTESIAN_POINT('',(3.411663064097,0.980536216858));
#5592 = CARTESIAN_POINT('',(3.407405945721,0.975836148756));
#5593 = CARTESIAN_POINT('',(3.395636185767,0.965431342485));
#5594 = CARTESIAN_POINT('',(3.38755430249,0.959798996215));
#5595 = CARTESIAN_POINT('',(3.37807064295,0.954403229778));
#5596 = CARTESIAN_POINT('',(3.367292318441,0.94928337314));
#5597 = CARTESIAN_POINT('',(3.355326330086,0.944473997424));
#5598 = CARTESIAN_POINT('',(3.329543717775,0.935648194197));
#5599 = CARTESIAN_POINT('',(3.315780680541,0.931615706605));
#5600 = CARTESIAN_POINT('',(3.301082878217,0.927938125778));
#5601 = CARTESIAN_POINT('',(3.285550560558,0.924644699926));
#5602 = CARTESIAN_POINT('',(3.26929228623,0.921763181199));
#5603 = CARTESIAN_POINT('',(3.234747980577,0.916754481617));
#5604 = CARTESIAN_POINT('',(3.216398859367,0.914670240746));
#5605 = CARTESIAN_POINT('',(3.197533535954,0.913095665709));
#5606 = CARTESIAN_POINT('',(3.178314603142,0.912053247155));
#5607 = CARTESIAN_POINT('',(3.158917995753,0.911556636329));
#5608 = CARTESIAN_POINT('',(3.120656922441,0.911651647148));
#5609 = CARTESIAN_POINT('',(3.101784720189,0.912215617069));
#5610 = CARTESIAN_POINT('',(3.083100790375,0.913296326337));
#5611 = CARTESIAN_POINT('',(3.06476708875,0.914880350996));
#5612 = CARTESIAN_POINT('',(3.046932978707,0.916946431376));
#5613 = CARTESIAN_POINT('',(3.013086956317,0.92190696705));
#5614 = CARTESIAN_POINT('',(2.997033016171,0.924773430878));
#5615 = CARTESIAN_POINT('',(2.981692559821,0.928042129431));
#5616 = CARTESIAN_POINT('',(2.967170484261,0.931686183004));
#5617 = CARTESIAN_POINT('',(2.953563797851,0.935677294303));
#5618 = CARTESIAN_POINT('',(2.932092519905,0.943023056601));
#5619 = CARTESIAN_POINT('',(2.923720025263,0.946216874162));
#5620 = CARTESIAN_POINT('',(2.91588099176,0.949558783433));
#5621 = CARTESIAN_POINT('',(2.908608710335,0.95303822473));
#5622 = CARTESIAN_POINT('',(2.901936344344,0.956643797919));
#5623 = CARTESIAN_POINT('',(2.886050492332,0.966425324254));
#5624 = CARTESIAN_POINT('',(2.877881869502,0.972791049795));
#5625 = CARTESIAN_POINT('',(2.87153632185,0.979403086632));
#5626 = CARTESIAN_POINT('',(2.86714552824,0.986195375782));
#5627 = CARTESIAN_POINT('',(2.864810185516,0.993090781895));
#5628 = CARTESIAN_POINT('',(2.864558312477,1.));
#5629 = ( GEOMETRIC_REPRESENTATION_CONTEXT(2) 
PARAMETRIC_REPRESENTATION_CONTEXT() REPRESENTATION_CONTEXT('2D SPACE',''
  ) );
#5630 = PCURVE('',#5074,#5631);
#5631 = DEFINITIONAL_REPRESENTATION('',(#5632),#5675);
#5632 = B_SPLINE_CURVE_WITH_KNOTS('',6,(#5633,#5634,#5635,#5636,#5637,
    #5638,#5639,#5640,#5641,#5642,#5643,#5644,#5645,#5646,#5647,#5648,
    #5649,#5650,#5651,#5652,#5653,#5654,#5655,#5656,#5657,#5658,#5659,
    #5660,#5661,#5662,#5663,#5664,#5665,#5666,#5667,#5668,#5669,#5670,
    #5671,#5672,#5673,#5674),.UNSPECIFIED.,.F.,.F.,(7,5,5,5,5,5,5,5,7),(
    0.,0.104449178562,0.237169371408,0.366644904878,0.502406462387,
    0.634675268173,0.762749332406,0.852959115397,1.),.UNSPECIFIED.);
#5633 = CARTESIAN_POINT('',(3.14159265359,6.005724938757));
#5634 = CARTESIAN_POINT('',(3.197109329829,6.00090365559));
#5635 = CARTESIAN_POINT('',(3.252545603631,5.994386795545));
#5636 = CARTESIAN_POINT('',(3.307852374333,5.986217967305));
#5637 = CARTESIAN_POINT('',(3.363003883092,5.976517095203));
#5638 = CARTESIAN_POINT('',(3.417989546213,5.96546147542));
#5639 = CARTESIAN_POINT('',(3.542459014539,5.937771493482));
#5640 = CARTESIAN_POINT('',(3.611839054187,5.920436909673));
#5641 = CARTESIAN_POINT('',(3.680969872679,5.90169807369));
#5642 = CARTESIAN_POINT('',(3.749911296804,5.882079092154));
#5643 = CARTESIAN_POINT('',(3.818739041925,5.862126062483));
#5644 = CARTESIAN_POINT('',(3.954682448982,5.823101684455));
#5645 = CARTESIAN_POINT('',(4.021792529845,5.804022775711));
#5646 = CARTESIAN_POINT('',(4.08896960221,5.785630845632));
#5647 = CARTESIAN_POINT('',(4.156282347735,5.768424063098));
#5648 = CARTESIAN_POINT('',(4.22377606691,5.752865750388));
#5649 = CARTESIAN_POINT('',(4.36244654139,5.725170949767));
#5650 = CARTESIAN_POINT('',(4.433654712971,5.713234623779));
#5651 = CARTESIAN_POINT('',(4.505065063629,5.703997272426));
#5652 = CARTESIAN_POINT('',(4.576641008603,5.697811727161));
#5653 = CARTESIAN_POINT('',(4.648323515713,5.694867957706));
#5654 = CARTESIAN_POINT('',(4.789804614473,5.695431191035));
#5655 = CARTESIAN_POINT('',(4.859629519738,5.698774285509));
#5656 = CARTESIAN_POINT('',(4.929345631346,5.705175185019));
#5657 = CARTESIAN_POINT('',(4.998899271575,5.714445081692));
#5658 = CARTESIAN_POINT('',(5.068258472725,5.726251274948));
#5659 = CARTESIAN_POINT('',(5.204352634786,5.753641289805));
#5660 = CARTESIAN_POINT('',(5.271109644774,5.769095419673));
#5661 = CARTESIAN_POINT('',(5.33769083412,5.786149074198));
#5662 = CARTESIAN_POINT('',(5.404140590108,5.804353222814));
#5663 = CARTESIAN_POINT('',(5.470525546063,5.823225810237));
#5664 = CARTESIAN_POINT('',(5.583702895295,5.855713731929));
#5665 = CARTESIAN_POINT('',(5.630483234685,5.869233009149));
#5666 = CARTESIAN_POINT('',(5.677300539683,5.882677567844));
#5667 = CARTESIAN_POINT('',(5.724181008403,5.895876694598));
#5668 = CARTESIAN_POINT('',(5.771147353481,5.90866320902));
#5669 = CARTESIAN_POINT('',(5.894943518966,5.94079307008));
#5670 = CARTESIAN_POINT('',(5.971965063531,5.959197136732));
#5671 = CARTESIAN_POINT('',(6.049322615569,5.97540108581));
#5672 = CARTESIAN_POINT('',(6.127020646388,5.988788257461));
#5673 = CARTESIAN_POINT('',(6.205024777363,5.998937175652));
#5674 = CARTESIAN_POINT('',(6.28318530718,6.005724938757));
#5675 = ( GEOMETRIC_REPRESENTATION_CONTEXT(2) 
PARAMETRIC_REPRESENTATION_CONTEXT() REPRESENTATION_CONTEXT('2D SPACE',''
  ) );
#5676 = ORIENTED_EDGE('',*,*,#5677,.F.);
#5677 = EDGE_CURVE('',#5678,#5538,#5680,.T.);
#5678 = VERTEX_POINT('',#5679);
#5679 = CARTESIAN_POINT('',(48.746915836423,-29.85,2.051744689826));
#5680 = SURFACE_CURVE('',#5681,(#5705,#5732),.PCURVE_S1.);
#5681 = B_SPLINE_CURVE_WITH_KNOTS('',8,(#5682,#5683,#5684,#5685,#5686,
    #5687,#5688,#5689,#5690,#5691,#5692,#5693,#5694,#5695,#5696,#5697,
    #5698,#5699,#5700,#5701,#5702,#5703,#5704),.UNSPECIFIED.,.F.,.F.,(9,
    7,7,9),(0.,0.644283701786,0.960919088651,1.),.UNSPECIFIED.);
#5682 = CARTESIAN_POINT('',(48.38,-29.85,2.106172096855));
#5683 = CARTESIAN_POINT('',(48.862183722994,-29.85,2.035542344808));
#5684 = CARTESIAN_POINT('',(49.343936066409,-29.85,1.962352869775));
#5685 = CARTESIAN_POINT('',(49.82523990262,-29.85,1.886263795965));
#5686 = CARTESIAN_POINT('',(50.306023726603,-29.85,1.806835450621));
#5687 = CARTESIAN_POINT('',(50.786166926779,-29.85,1.723548543132));
#5688 = CARTESIAN_POINT('',(51.265460968339,-29.85,1.635606871113));
#5689 = CARTESIAN_POINT('',(51.743628386897,-29.85,1.542029951923));
#5690 = CARTESIAN_POINT('',(52.454349667679,-29.85,1.391000714285));
#5691 = CARTESIAN_POINT('',(52.688088044102,-29.85,1.339389963972));
#5692 = CARTESIAN_POINT('',(52.921355925586,-29.85,1.285685388069));
#5693 = CARTESIAN_POINT('',(53.154077883258,-29.85,1.229568956879));
#5694 = CARTESIAN_POINT('',(53.386125868641,-29.85,1.170669073269));
#5695 = CARTESIAN_POINT('',(53.617278271174,-29.85,1.108419379805));
#5696 = CARTESIAN_POINT('',(53.84724066615,-29.85,1.042127500503));
#5697 = CARTESIAN_POINT('',(54.103641944496,-29.85,0.961480393993));
#5698 = CARTESIAN_POINT('',(54.131784576092,-29.85,0.952536520742));
#5699 = CARTESIAN_POINT('',(54.159899053807,-29.85,0.943506465528));
#5700 = CARTESIAN_POINT('',(54.187984096757,-29.85,0.93438738366));
#5701 = CARTESIAN_POINT('',(54.216038301106,-29.85,0.925176220611));
#5702 = CARTESIAN_POINT('',(54.244060140073,-29.85,0.915869712026));
#5703 = CARTESIAN_POINT('',(54.27204796393,-29.85,0.906464383717));
#5704 = CARTESIAN_POINT('',(54.3,-29.85,0.896956551668));
#5705 = PCURVE('',#4754,#5706);
#5706 = DEFINITIONAL_REPRESENTATION('',(#5707),#5731);
#5707 = B_SPLINE_CURVE_WITH_KNOTS('',8,(#5708,#5709,#5710,#5711,#5712,
    #5713,#5714,#5715,#5716,#5717,#5718,#5719,#5720,#5721,#5722,#5723,
    #5724,#5725,#5726,#5727,#5728,#5729,#5730),.UNSPECIFIED.,.F.,.F.,(9,
    7,7,9),(0.,0.644283701786,0.960919088651,1.),.UNSPECIFIED.);
#5708 = CARTESIAN_POINT('',(2.788778354065,0.672928176796));
#5709 = CARTESIAN_POINT('',(2.79991951721,0.699568161491));
#5710 = CARTESIAN_POINT('',(2.811540424521,0.726184313062));
#5711 = CARTESIAN_POINT('',(2.823702030727,0.752775685227));
#5712 = CARTESIAN_POINT('',(2.836481668829,0.779338327438));
#5713 = CARTESIAN_POINT('',(2.849972739613,0.805865576064));
#5714 = CARTESIAN_POINT('',(2.864315159877,0.832345909853));
#5715 = CARTESIAN_POINT('',(2.879682686186,0.858763999276));
#5716 = CARTESIAN_POINT('',(2.904667822623,0.89803036838));
#5717 = CARTESIAN_POINT('',(2.913233248875,0.910944090834));
#5718 = CARTESIAN_POINT('',(2.922174783449,0.923831819095));
#5719 = CARTESIAN_POINT('',(2.931548097802,0.936689385813));
#5720 = CARTESIAN_POINT('',(2.941418286199,0.949509716501));
#5721 = CARTESIAN_POINT('',(2.951884298106,0.962280567468));
#5722 = CARTESIAN_POINT('',(2.963067078107,0.974985672163));
#5723 = CARTESIAN_POINT('',(2.976719243703,0.989151488646));
#5724 = CARTESIAN_POINT('',(2.978233886046,0.990706330171));
#5725 = CARTESIAN_POINT('',(2.979763728804,0.992259616232));
#5726 = CARTESIAN_POINT('',(2.981309266997,0.993811276064));
#5727 = CARTESIAN_POINT('',(2.982871032045,0.995361232105));
#5728 = CARTESIAN_POINT('',(2.984449591763,0.996909400004));
#5729 = CARTESIAN_POINT('',(2.986045550365,0.998455688615));
#5730 = CARTESIAN_POINT('',(2.987659548458,1.));
#5731 = ( GEOMETRIC_REPRESENTATION_CONTEXT(2) 
PARAMETRIC_REPRESENTATION_CONTEXT() REPRESENTATION_CONTEXT('2D SPACE',''
  ) );
#5732 = PCURVE('',#5505,#5733);
#5733 = DEFINITIONAL_REPRESENTATION('',(#5734),#5758);
#5734 = B_SPLINE_CURVE_WITH_KNOTS('',8,(#5735,#5736,#5737,#5738,#5739,
    #5740,#5741,#5742,#5743,#5744,#5745,#5746,#5747,#5748,#5749,#5750,
    #5751,#5752,#5753,#5754,#5755,#5756,#5757),.UNSPECIFIED.,.F.,.F.,(9,
    7,7,9),(0.,0.644283701786,0.960919088651,1.),.UNSPECIFIED.);
#5735 = CARTESIAN_POINT('',(2.106172096855,-5.92));
#5736 = CARTESIAN_POINT('',(2.035542344808,-5.437816277006));
#5737 = CARTESIAN_POINT('',(1.962352869775,-4.956063933591));
#5738 = CARTESIAN_POINT('',(1.886263795965,-4.47476009738));
#5739 = CARTESIAN_POINT('',(1.806835450621,-3.993976273397));
#5740 = CARTESIAN_POINT('',(1.723548543132,-3.513833073221));
#5741 = CARTESIAN_POINT('',(1.635606871113,-3.034539031661));
#5742 = CARTESIAN_POINT('',(1.542029951923,-2.556371613103));
#5743 = CARTESIAN_POINT('',(1.391000714285,-1.845650332321));
#5744 = CARTESIAN_POINT('',(1.339389963972,-1.611911955898));
#5745 = CARTESIAN_POINT('',(1.285685388069,-1.378644074414));
#5746 = CARTESIAN_POINT('',(1.229568956879,-1.145922116742));
#5747 = CARTESIAN_POINT('',(1.170669073269,-0.913874131359));
#5748 = CARTESIAN_POINT('',(1.108419379805,-0.682721728826));
#5749 = CARTESIAN_POINT('',(1.042127500503,-0.45275933385));
#5750 = CARTESIAN_POINT('',(0.961480393993,-0.196358055504));
#5751 = CARTESIAN_POINT('',(0.952536520742,-0.168215423908));
#5752 = CARTESIAN_POINT('',(0.943506465528,-0.140100946193));
#5753 = CARTESIAN_POINT('',(0.93438738366,-0.112015903243));
#5754 = CARTESIAN_POINT('',(0.925176220611,-8.396169889397E-02));
#5755 = CARTESIAN_POINT('',(0.915869712026,-5.593985992669E-02));
#5756 = CARTESIAN_POINT('',(0.906464383717,-2.795203607001E-02));
#5757 = CARTESIAN_POINT('',(0.896956551668,7.105427357601E-15));
#5758 = ( GEOMETRIC_REPRESENTATION_CONTEXT(2) 
PARAMETRIC_REPRESENTATION_CONTEXT() REPRESENTATION_CONTEXT('2D SPACE',''
  ) );
#5759 = ORIENTED_EDGE('',*,*,#5760,.T.);
#5760 = EDGE_CURVE('',#5678,#5761,#5763,.T.);
#5761 = VERTEX_POINT('',#5762);
#5762 = CARTESIAN_POINT('',(48.746915840465,-18.15,2.051744700765));
#5763 = SURFACE_CURVE('',#5764,(#5844,#5927),.PCURVE_S1.);
#5764 = B_SPLINE_CURVE_WITH_KNOTS('',8,(#5765,#5766,#5767,#5768,#5769,
    #5770,#5771,#5772,#5773,#5774,#5775,#5776,#5777,#5778,#5779,#5780,
    #5781,#5782,#5783,#5784,#5785,#5786,#5787,#5788,#5789,#5790,#5791,
    #5792,#5793,#5794,#5795,#5796,#5797,#5798,#5799,#5800,#5801,#5802,
    #5803,#5804,#5805,#5806,#5807,#5808,#5809,#5810,#5811,#5812,#5813,
    #5814,#5815,#5816,#5817,#5818,#5819,#5820,#5821,#5822,#5823,#5824,
    #5825,#5826,#5827,#5828,#5829,#5830,#5831,#5832,#5833,#5834,#5835,
    #5836,#5837,#5838,#5839,#5840,#5841,#5842,#5843),.UNSPECIFIED.,.F.,
  .F.,(9,7,7,7,7,7,7,7,7,7,7,9),(0.,8.168291718537E-02,0.217054533704,
    0.340666587413,0.448940257865,0.501886447366,0.537027968153,
    0.586275814157,0.659946525037,0.783264733044,0.917883942341,1.),
  .UNSPECIFIED.);
#5765 = CARTESIAN_POINT('',(48.746915263212,-29.8500006,2.051743138419)
  );
#5766 = CARTESIAN_POINT('',(48.814021434671,-29.77975823332,
    2.233367362962));
#5767 = CARTESIAN_POINT('',(48.886540598328,-29.70384273416,
    2.408758762705));
#5768 = CARTESIAN_POINT('',(48.96388902184,-29.62286197362,
    2.577837534774));
#5769 = CARTESIAN_POINT('',(49.045523717791,-29.53738039361,
    2.740612006181));
#5770 = CARTESIAN_POINT('',(49.130953617488,-29.44790726991,
    2.89716112651));
#5771 = CARTESIAN_POINT('',(49.21974852547,-29.35488720144,
    3.047619955713));
#5772 = CARTESIAN_POINT('',(49.311545854724,-29.25869282593,
    3.192168147004));
#5773 = CARTESIAN_POINT('',(49.562683670574,-28.99542777029,
    3.561140442769));
#5774 = CARTESIAN_POINT('',(49.726640876463,-28.8234549907,
    3.775441745723));
#5775 = CARTESIAN_POINT('',(49.896609552234,-28.64504175789,
    3.974979631291));
#5776 = CARTESIAN_POINT('',(50.071511999339,-28.46126742762,
    4.160591496703));
#5777 = CARTESIAN_POINT('',(50.250452634421,-28.2730041496,
    4.333035179145));
#5778 = CARTESIAN_POINT('',(50.432702356896,-28.08093048321,
    4.493023408585));
#5779 = CARTESIAN_POINT('',(50.617693071421,-27.88552509203,
    4.641213704836));
#5780 = CARTESIAN_POINT('',(50.976018129544,-27.50583676383,
    4.903309521523));
#5781 = CARTESIAN_POINT('',(51.148886209447,-27.32215060628,
    5.019013930773));
#5782 = CARTESIAN_POINT('',(51.323201253002,-27.1362737406,5.12575912441
    ));
#5783 = CARTESIAN_POINT('',(51.498588573892,-26.94842715913,
    5.22389667057));
#5784 = CARTESIAN_POINT('',(51.674648906222,-26.758769829,5.313724930458
    ));
#5785 = CARTESIAN_POINT('',(51.850957077414,-26.5674020249,
    5.395502285495));
#5786 = CARTESIAN_POINT('',(52.02700485024,-26.3743400609,5.469452516627
    ));
#5787 = CARTESIAN_POINT('',(52.355261753426,-26.00868455769,
    5.59385911091));
#5788 = CARTESIAN_POINT('',(52.507432082549,-25.83684066782,
    5.645983795523));
#5789 = CARTESIAN_POINT('',(52.658235435476,-25.66349191416,
    5.69241578491));
#5790 = CARTESIAN_POINT('',(52.807025855109,-25.48829081636,
    5.733277499375));
#5791 = CARTESIAN_POINT('',(52.952763425193,-25.31094319132,
    5.768640926704));
#5792 = CARTESIAN_POINT('',(53.093392115048,-25.13095958591,
    5.798498534826));
#5793 = CARTESIAN_POINT('',(53.225942101806,-24.94772325718,
    5.822939247326));
#5794 = CARTESIAN_POINT('',(53.39869127301,-24.66615789611,5.85126889811
    ));
#5795 = CARTESIAN_POINT('',(53.451475180157,-24.57227719075,
    5.859278771111));
#5796 = CARTESIAN_POINT('',(53.499284179914,-24.47675965745,
    5.865985878089));
#5797 = CARTESIAN_POINT('',(53.540580477174,-24.37952371031,
    5.871356451708));
#5798 = CARTESIAN_POINT('',(53.573548288199,-24.28064114464,
    5.875351102692));
#5799 = CARTESIAN_POINT('',(53.595651140142,-24.18026737793,
    5.877953261635));
#5800 = CARTESIAN_POINT('',(53.605448561692,-24.07888951834,
    5.879115916944));
#5801 = CARTESIAN_POINT('',(53.601516120394,-23.9101891514,
    5.878649740004));
#5802 = CARTESIAN_POINT('',(53.594591802698,-23.84295305218,
    5.877828331722));
#5803 = CARTESIAN_POINT('',(53.582369932429,-23.7760749074,
    5.876372999628));
#5804 = CARTESIAN_POINT('',(53.565219557043,-23.70975168506,
    5.874292945462));
#5805 = CARTESIAN_POINT('',(53.543709504677,-23.6441043072,
    5.871598385029));
#5806 = CARTESIAN_POINT('',(53.518454228386,-23.57919634715,
    5.868299887459));
#5807 = CARTESIAN_POINT('',(53.489997377403,-23.51504640858,
    5.864408598705));
#5808 = CARTESIAN_POINT('',(53.415112378679,-23.36275551045,
    5.853658945908));
#5809 = CARTESIAN_POINT('',(53.366058845145,-23.27533092626,
    5.84623731726));
#5810 = CARTESIAN_POINT('',(53.312890635927,-23.18915322568,
    5.837679844125));
#5811 = CARTESIAN_POINT('',(53.256567426662,-23.10406188238,
    5.827991754358));
#5812 = CARTESIAN_POINT('',(53.197786130216,-23.01992940955,
    5.817178067674));
#5813 = CARTESIAN_POINT('',(53.137045677057,-22.93663951277,
    5.805241700304));
#5814 = CARTESIAN_POINT('',(53.07471019303,-22.8540666451,5.792177768234
    ));
#5815 = CARTESIAN_POINT('',(52.915743015338,-22.64941355076,
    5.756714508969));
#5816 = CARTESIAN_POINT('',(52.817525714858,-22.52816513782,
    5.732918735507));
#5817 = CARTESIAN_POINT('',(52.717303845651,-22.4080091617,
    5.706559859037));
#5818 = CARTESIAN_POINT('',(52.615634972736,-22.28877870388,
    5.677613591515));
#5819 = CARTESIAN_POINT('',(52.512907203676,-22.17036717519,
    5.646054051658));
#5820 = CARTESIAN_POINT('',(52.409411574749,-22.05269731995,
    5.611851460007));
#5821 = CARTESIAN_POINT('',(52.305356926558,-21.93571513084,
    5.574968853915));
#5822 = CARTESIAN_POINT('',(52.026066549638,-21.62463124138,
    5.469057664608));
#5823 = CARTESIAN_POINT('',(51.850169110581,-21.43174304029,
    5.395135396904));
#5824 = CARTESIAN_POINT('',(51.674013613838,-21.24054619952,
    5.313398629775));
#5825 = CARTESIAN_POINT('',(51.498106765193,-21.05105718364,
    5.223624045052));
#5826 = CARTESIAN_POINT('',(51.322872570524,-20.86337612156,
    5.125553830162));
#5827 = CARTESIAN_POINT('',(51.148709216524,-20.67766166364,
    5.018890315978));
#5828 = CARTESIAN_POINT('',(50.975990489464,-20.4941342564,
    4.903282804021));
#5829 = CARTESIAN_POINT('',(50.618568036223,-20.11540170059,
    4.641860786511));
#5830 = CARTESIAN_POINT('',(50.434313817783,-19.92077150555,
    4.494320735167));
#5831 = CARTESIAN_POINT('',(50.252776408677,-19.72944478293,
    4.335080462067));
#5832 = CARTESIAN_POINT('',(50.074517093302,-19.5418941972,
    4.163491130027));
#5833 = CARTESIAN_POINT('',(49.900254869854,-19.35878847983,
    3.978849441675));
#5834 = CARTESIAN_POINT('',(49.730871986677,-19.18098636569,
    3.780407192143));
#5835 = CARTESIAN_POINT('',(49.567429316996,-19.00954993211,
    3.567337387438));
#5836 = CARTESIAN_POINT('',(49.315937844653,-18.74590957241,
    3.199073502626));
#5837 = CARTESIAN_POINT('',(49.223389801735,-18.64892736014,
    3.053781698774));
#5838 = CARTESIAN_POINT('',(49.133872648362,-18.55514992494,
    2.902504148908));
#5839 = CARTESIAN_POINT('',(49.047754896379,-18.4649559313,
    2.745056730681));
#5840 = CARTESIAN_POINT('',(48.965474416894,-18.37879787498,
    2.581300686833));
#5841 = CARTESIAN_POINT('',(48.887531556904,-18.29719463415,
    2.411154434334));
#5842 = CARTESIAN_POINT('',(48.814479985156,-18.2207217447,
    2.234608438112));
#5843 = CARTESIAN_POINT('',(48.746915267254,-18.1499994,2.051743149358)
  );
#5844 = PCURVE('',#4754,#5845);
#5845 = DEFINITIONAL_REPRESENTATION('',(#5846),#5926);
#5846 = B_SPLINE_CURVE_WITH_KNOTS('',8,(#5847,#5848,#5849,#5850,#5851,
    #5852,#5853,#5854,#5855,#5856,#5857,#5858,#5859,#5860,#5861,#5862,
    #5863,#5864,#5865,#5866,#5867,#5868,#5869,#5870,#5871,#5872,#5873,
    #5874,#5875,#5876,#5877,#5878,#5879,#5880,#5881,#5882,#5883,#5884,
    #5885,#5886,#5887,#5888,#5889,#5890,#5891,#5892,#5893,#5894,#5895,
    #5896,#5897,#5898,#5899,#5900,#5901,#5902,#5903,#5904,#5905,#5906,
    #5907,#5908,#5909,#5910,#5911,#5912,#5913,#5914,#5915,#5916,#5917,
    #5918,#5919,#5920,#5921,#5922,#5923,#5924,#5925),.UNSPECIFIED.,.F.,
  .F.,(9,7,7,7,7,7,7,7,7,7,7,9),(0.,8.168291718537E-02,0.217054533704,
    0.340666587413,0.448940257865,0.501886447366,0.537027968153,
    0.586275814157,0.659946525037,0.783264733044,0.917883942341,1.),
  .UNSPECIFIED.);
#5847 = CARTESIAN_POINT('',(2.797383640334,0.693199738299));
#5848 = CARTESIAN_POINT('',(2.76548639102,0.696907261584));
#5849 = CARTESIAN_POINT('',(2.734214737015,0.700913845211));
#5850 = CARTESIAN_POINT('',(2.703560405346,0.705187238776));
#5851 = CARTESIAN_POINT('',(2.673508580643,0.709697442972));
#5852 = CARTESIAN_POINT('',(2.644038814986,0.714417326933));
#5853 = CARTESIAN_POINT('',(2.615125332552,0.719323122954));
#5854 = CARTESIAN_POINT('',(2.586736729074,0.724394798604));
#5855 = CARTESIAN_POINT('',(2.51259414632,0.738269816054));
#5856 = CARTESIAN_POINT('',(2.467726053131,0.747328225219));
#5857 = CARTESIAN_POINT('',(2.424048270168,0.756718759792));
#5858 = CARTESIAN_POINT('',(2.38142565369,0.766381878417));
#5859 = CARTESIAN_POINT('',(2.3397407225,0.776268101349));
#5860 = CARTESIAN_POINT('',(2.298881744472,0.78633714679));
#5861 = CARTESIAN_POINT('',(2.258737428851,0.796557628255));
#5862 = CARTESIAN_POINT('',(2.183072331316,0.816354592792));
#5863 = CARTESIAN_POINT('',(2.147470500194,0.825905315439));
#5864 = CARTESIAN_POINT('',(2.112300947816,0.835535980829));
#5865 = CARTESIAN_POINT('',(2.077494222479,0.84522588806));
#5866 = CARTESIAN_POINT('',(2.042983702121,0.854952978244));
#5867 = CARTESIAN_POINT('',(2.008702796917,0.864693761183));
#5868 = CARTESIAN_POINT('',(1.974578828576,0.874420157472));
#5869 = CARTESIAN_POINT('',(1.910677506759,0.892555897979));
#5870 = CARTESIAN_POINT('',(1.880941601511,0.900963098483));
#5871 = CARTESIAN_POINT('',(1.851190167249,0.909294775441));
#5872 = CARTESIAN_POINT('',(1.821322885925,0.917515240614));
#5873 = CARTESIAN_POINT('',(1.791251090757,0.925567040066));
#5874 = CARTESIAN_POINT('',(1.760855129811,0.933336580942));
#5875 = CARTESIAN_POINT('',(1.729993429928,0.94065978463));
#5876 = CARTESIAN_POINT('',(1.682647737393,0.950203937735));
#5877 = CARTESIAN_POINT('',(1.666873546043,0.953120175699));
#5878 = CARTESIAN_POINT('',(1.650832487565,0.955761556901));
#5879 = CARTESIAN_POINT('',(1.63450765029,0.958043120286));
#5880 = CARTESIAN_POINT('',(1.617907987462,0.959864546309));
#5881 = CARTESIAN_POINT('',(1.601057996091,0.96108569835));
#5882 = CARTESIAN_POINT('',(1.584039603387,0.961626992359));
#5883 = CARTESIAN_POINT('',(1.555719674159,0.961409730409));
#5884 = CARTESIAN_POINT('',(1.544432661455,0.96102717142));
#5885 = CARTESIAN_POINT('',(1.533205681552,0.960351929968));
#5886 = CARTESIAN_POINT('',(1.522071743431,0.959404395417));
#5887 = CARTESIAN_POINT('',(1.511050844573,0.958215994734));
#5888 = CARTESIAN_POINT('',(1.500153088972,0.956820675601));
#5889 = CARTESIAN_POINT('',(1.489380844719,0.95524847389));
#5890 = CARTESIAN_POINT('',(1.463801338885,0.951111181142));
#5891 = CARTESIAN_POINT('',(1.449111813142,0.948401041168));
#5892 = CARTESIAN_POINT('',(1.434624030947,0.945463571046));
#5893 = CARTESIAN_POINT('',(1.420308072619,0.942351791528));
#5894 = CARTESIAN_POINT('',(1.406139336524,0.939104206089));
#5895 = CARTESIAN_POINT('',(1.392095010177,0.935748379948));
#5896 = CARTESIAN_POINT('',(1.378150621879,0.932304430554));
#5897 = CARTESIAN_POINT('',(1.343528528145,0.923521713555));
#5898 = CARTESIAN_POINT('',(1.322960800878,0.918095343362));
#5899 = CARTESIAN_POINT('',(1.302510861171,0.912558223517));
#5900 = CARTESIAN_POINT('',(1.282138344552,0.906941158715));
#5901 = CARTESIAN_POINT('',(1.261812601332,0.901265591363));
#5902 = CARTESIAN_POINT('',(1.24150741207,0.895547600815));
#5903 = CARTESIAN_POINT('',(1.221199770749,0.889798725224));
#5904 = CARTESIAN_POINT('',(1.166831962318,0.87436831766));
#5905 = CARTESIAN_POINT('',(1.132736622993,0.864650227104));
#5906 = CARTESIAN_POINT('',(1.098484350642,0.854917879218));
#5907 = CARTESIAN_POINT('',(1.06400266266,0.845199268795));
#5908 = CARTESIAN_POINT('',(1.029225137931,0.835517821576));
#5909 = CARTESIAN_POINT('',(0.994085323346,0.825895536825));
#5910 = CARTESIAN_POINT('',(0.958513939923,0.816353065716));
#5911 = CARTESIAN_POINT('',(0.883040580781,0.796605968852));
#5912 = CARTESIAN_POINT('',(0.843061211279,0.786426177778));
#5913 = CARTESIAN_POINT('',(0.80237345868,0.776396486667));
#5914 = CARTESIAN_POINT('',(0.760867465794,0.766547905707));
#5915 = CARTESIAN_POINT('',(0.71843289971,0.756920158555));
#5916 = CARTESIAN_POINT('',(0.67495371286,0.747561988214));
#5917 = CARTESIAN_POINT('',(0.630296469408,0.738532006464));
#5918 = CARTESIAN_POINT('',(0.556212733131,0.724637449981));
#5919 = CARTESIAN_POINT('',(0.52765184456,0.719524298438));
#5920 = CARTESIAN_POINT('',(0.498559913934,0.714578599357));
#5921 = CARTESIAN_POINT('',(0.468904825223,0.709820712507));
#5922 = CARTESIAN_POINT('',(0.438660200806,0.705274829663));
#5923 = CARTESIAN_POINT('',(0.407805080783,0.700968594304));
#5924 = CARTESIAN_POINT('',(0.376324221462,0.696932595865));
#5925 = CARTESIAN_POINT('',(0.34420901302,0.693199738522));
#5926 = ( GEOMETRIC_REPRESENTATION_CONTEXT(2) 
PARAMETRIC_REPRESENTATION_CONTEXT() REPRESENTATION_CONTEXT('2D SPACE',''
  ) );
#5927 = PCURVE('',#5361,#5928);
#5928 = DEFINITIONAL_REPRESENTATION('',(#5929),#6009);
#5929 = B_SPLINE_CURVE_WITH_KNOTS('',8,(#5930,#5931,#5932,#5933,#5934,
    #5935,#5936,#5937,#5938,#5939,#5940,#5941,#5942,#5943,#5944,#5945,
    #5946,#5947,#5948,#5949,#5950,#5951,#5952,#5953,#5954,#5955,#5956,
    #5957,#5958,#5959,#5960,#5961,#5962,#5963,#5964,#5965,#5966,#5967,
    #5968,#5969,#5970,#5971,#5972,#5973,#5974,#5975,#5976,#5977,#5978,
    #5979,#5980,#5981,#5982,#5983,#5984,#5985,#5986,#5987,#5988,#5989,
    #5990,#5991,#5992,#5993,#5994,#5995,#5996,#5997,#5998,#5999,#6000,
    #6001,#6002,#6003,#6004,#6005,#6006,#6007,#6008),.UNSPECIFIED.,.F.,
  .F.,(9,7,7,7,7,7,7,7,7,7,7,9),(0.,8.168291718537E-02,0.217054533704,
    0.340666587413,0.448940257865,0.501886447366,0.537027968153,
    0.586275814157,0.659946525037,0.783264733044,0.917883942341,1.),
  .UNSPECIFIED.);
#5930 = CARTESIAN_POINT('',(5.066309756839,-6.E-07));
#5931 = CARTESIAN_POINT('',(5.099016663568,7.024176667366E-02));
#5932 = CARTESIAN_POINT('',(5.131052871698,0.146157265832));
#5933 = CARTESIAN_POINT('',(5.162424910209,0.227138026376));
#5934 = CARTESIAN_POINT('',(5.193146379641,0.312619606383));
#5935 = CARTESIAN_POINT('',(5.223236905541,0.402092730087));
#5936 = CARTESIAN_POINT('',(5.252721685455,0.495112798554));
#5937 = CARTESIAN_POINT('',(5.281631629447,0.591307174063));
#5938 = CARTESIAN_POINT('',(5.357025265157,0.854572229705));
#5939 = CARTESIAN_POINT('',(5.402534209192,1.026545009295));
#5940 = CARTESIAN_POINT('',(5.44671120354,1.204958242107));
#5941 = CARTESIAN_POINT('',(5.489686891916,1.38873257238));
#5942 = CARTESIAN_POINT('',(5.531571461271,1.576995850394));
#5943 = CARTESIAN_POINT('',(5.572466073097,1.769069516785));
#5944 = CARTESIAN_POINT('',(5.612465908601,1.964474907963));
#5945 = CARTESIAN_POINT('',(5.687457360285,2.344163236165));
#5946 = CARTESIAN_POINT('',(5.722564786726,2.527849393717));
#5947 = CARTESIAN_POINT('',(5.757045824685,2.713726259397));
#5948 = CARTESIAN_POINT('',(5.79094334125,2.901572840864));
#5949 = CARTESIAN_POINT('',(5.82428277733,3.091230170996));
#5950 = CARTESIAN_POINT('',(5.857075290347,3.282597975095));
#5951 = CARTESIAN_POINT('',(5.889309928655,3.475659939096));
#5952 = CARTESIAN_POINT('',(5.94860734952,3.841315442307));
#5953 = CARTESIAN_POINT('',(5.975763870699,4.013159332172));
#5954 = CARTESIAN_POINT('',(6.002395997135,4.186508085833));
#5955 = CARTESIAN_POINT('',(6.028436257044,4.361709183633));
#5956 = CARTESIAN_POINT('',(6.053747015727,4.539056808677));
#5957 = CARTESIAN_POINT('',(6.078016808118,4.719040414081));
#5958 = CARTESIAN_POINT('',(6.1007799997,4.902276742816));
#5959 = CARTESIAN_POINT('',(6.130350386791,5.183842103889));
#5960 = CARTESIAN_POINT('',(6.139368015205,5.277722809246));
#5961 = CARTESIAN_POINT('',(6.147522173032,5.373240342542));
#5962 = CARTESIAN_POINT('',(6.154556038807,5.470476289687));
#5963 = CARTESIAN_POINT('',(6.160165648968,5.569358855353));
#5964 = CARTESIAN_POINT('',(6.163925024753,5.669732622062));
#5965 = CARTESIAN_POINT('',(6.165591606175,5.771110481655));
#5966 = CARTESIAN_POINT('',(6.164922691191,5.939810848597));
#5967 = CARTESIAN_POINT('',(6.163744842451,6.007046947818));
#5968 = CARTESIAN_POINT('',(6.161665750325,6.073925092592));
#5969 = CARTESIAN_POINT('',(6.158747511553,6.140248314937));
#5970 = CARTESIAN_POINT('',(6.15508572277,6.205895692795));
#5971 = CARTESIAN_POINT('',(6.150783519148,6.270803652845));
#5972 = CARTESIAN_POINT('',(6.145931992167,6.33495359142));
#5973 = CARTESIAN_POINT('',(6.133152834325,6.487244489547));
#5974 = CARTESIAN_POINT('',(6.124772704165,6.574669073734));
#5975 = CARTESIAN_POINT('',(6.115676691167,6.660846774316));
#5976 = CARTESIAN_POINT('',(6.106024074022,6.745938117615));
#5977 = CARTESIAN_POINT('',(6.095929603011,6.830070590443));
#5978 = CARTESIAN_POINT('',(6.08547449216,6.913360487225));
#5979 = CARTESIAN_POINT('',(6.074716993402,6.995933354892));
#5980 = CARTESIAN_POINT('',(6.047204355225,7.200586449239));
#5981 = CARTESIAN_POINT('',(6.030136445443,7.321834862175));
#5982 = CARTESIAN_POINT('',(6.012636942261,7.441990838298));
#5983 = CARTESIAN_POINT('',(5.994788052632,7.561221296115));
#5984 = CARTESIAN_POINT('',(5.976642891962,7.679632824807));
#5985 = CARTESIAN_POINT('',(5.958237623522,7.797302680046));
#5986 = CARTESIAN_POINT('',(5.939593767544,7.914284869156));
#5987 = CARTESIAN_POINT('',(5.889138081006,8.225368758611));
#5988 = CARTESIAN_POINT('',(5.856928638966,8.418256959703));
#5989 = CARTESIAN_POINT('',(5.824162318238,8.609453800476));
#5990 = CARTESIAN_POINT('',(5.790849980548,8.798942816355));
#5991 = CARTESIAN_POINT('',(5.756980463277,8.986623878434));
#5992 = CARTESIAN_POINT('',(5.722528364163,9.172338336351));
#5993 = CARTESIAN_POINT('',(5.687450927451,9.355865743595));
#5994 = CARTESIAN_POINT('',(5.612649731287,9.734598299407));
#5995 = CARTESIAN_POINT('',(5.572815197265,9.929228494442));
#5996 = CARTESIAN_POINT('',(5.532093498203,10.120555217064));
#5997 = CARTESIAN_POINT('',(5.49039074007,10.308105802791));
#5998 = CARTESIAN_POINT('',(5.447607083681,10.491211520166));
#5999 = CARTESIAN_POINT('',(5.403633730358,10.669013634305));
#6000 = CARTESIAN_POINT('',(5.358341729772,10.84045006789));
#6001 = CARTESIAN_POINT('',(5.283013313821,11.104090427581));
#6002 = CARTESIAN_POINT('',(5.253929585695,11.201072639852));
#6003 = CARTESIAN_POINT('',(5.224264155402,11.294850075057));
#6004 = CARTESIAN_POINT('',(5.19398541072,11.385044068698));
#6005 = CARTESIAN_POINT('',(5.163067560453,11.471202125011));
#6006 = CARTESIAN_POINT('',(5.131490478802,11.552805365848));
#6007 = CARTESIAN_POINT('',(5.099240156517,11.629278255295));
#6008 = CARTESIAN_POINT('',(5.066309758809,11.7000006));
#6009 = ( GEOMETRIC_REPRESENTATION_CONTEXT(2) 
PARAMETRIC_REPRESENTATION_CONTEXT() REPRESENTATION_CONTEXT('2D SPACE',''
  ) );
#6010 = ORIENTED_EDGE('',*,*,#6011,.T.);
#6011 = EDGE_CURVE('',#5761,#6012,#6014,.T.);
#6012 = VERTEX_POINT('',#6013);
#6013 = CARTESIAN_POINT('',(53.24568257526,-18.15,1.203501046069));
#6014 = SURFACE_CURVE('',#6015,(#6039,#6066),.PCURVE_S1.);
#6015 = B_SPLINE_CURVE_WITH_KNOTS('',8,(#6016,#6017,#6018,#6019,#6020,
    #6021,#6022,#6023,#6024,#6025,#6026,#6027,#6028,#6029,#6030,#6031,
    #6032,#6033,#6034,#6035,#6036,#6037,#6038),.UNSPECIFIED.,.F.,.F.,(9,
    7,7,9),(0.,0.644283701808,0.960919088647,1.),.UNSPECIFIED.);
#6016 = CARTESIAN_POINT('',(48.38,-18.15,2.106172107028));
#6017 = CARTESIAN_POINT('',(48.862183722893,-18.15,2.035542356766));
#6018 = CARTESIAN_POINT('',(49.343936066283,-18.15,1.962352883613));
#6019 = CARTESIAN_POINT('',(49.825239902326,-18.15,1.886263811808));
#6020 = CARTESIAN_POINT('',(50.306023726492,-18.15,1.806835468518));
#6021 = CARTESIAN_POINT('',(50.786166926493,-18.15,1.723548563223));
#6022 = CARTESIAN_POINT('',(51.26546096823,-18.15,1.635606893404));
#6023 = CARTESIAN_POINT('',(51.743628386821,-18.15,1.542029976455));
#6024 = CARTESIAN_POINT('',(52.454349667737,-18.15,1.391000742002));
#6025 = CARTESIAN_POINT('',(52.688088044171,-18.15,1.339389992722));
#6026 = CARTESIAN_POINT('',(52.921355925708,-18.15,1.285685417812));
#6027 = CARTESIAN_POINT('',(53.154077883371,-18.15,1.229568987563));
#6028 = CARTESIAN_POINT('',(53.386125868806,-18.15,1.17066910482));
#6029 = CARTESIAN_POINT('',(53.617278271331,-18.15,1.108419412113));
#6030 = CARTESIAN_POINT('',(53.847240666287,-18.15,1.04212753342));
#6031 = CARTESIAN_POINT('',(54.103641944553,-18.15,0.961480427351));
#6032 = CARTESIAN_POINT('',(54.131784576143,-18.15,0.952536554143));
#6033 = CARTESIAN_POINT('',(54.159899053853,-18.15,0.94350649897));
#6034 = CARTESIAN_POINT('',(54.187984096796,-18.15,0.934387417138));
#6035 = CARTESIAN_POINT('',(54.216038301137,-18.15,0.925176254122));
#6036 = CARTESIAN_POINT('',(54.244060140095,-18.15,0.915869745566));
#6037 = CARTESIAN_POINT('',(54.272047963942,-18.15,0.906464417283));
#6038 = CARTESIAN_POINT('',(54.3,-18.15,0.896956585255));
#6039 = PCURVE('',#4754,#6040);
#6040 = DEFINITIONAL_REPRESENTATION('',(#6041),#6065);
#6041 = B_SPLINE_CURVE_WITH_KNOTS('',8,(#6042,#6043,#6044,#6045,#6046,
    #6047,#6048,#6049,#6050,#6051,#6052,#6053,#6054,#6055,#6056,#6057,
    #6058,#6059,#6060,#6061,#6062,#6063,#6064),.UNSPECIFIED.,.F.,.F.,(9,
    7,7,9),(0.,0.644283701808,0.960919088647,1.),.UNSPECIFIED.);
#6042 = CARTESIAN_POINT('',(0.352814299323,0.672928176796));
#6043 = CARTESIAN_POINT('',(0.341673136258,0.699568161486));
#6044 = CARTESIAN_POINT('',(0.330052229038,0.726184313055));
#6045 = CARTESIAN_POINT('',(0.317890622941,0.752775685211));
#6046 = CARTESIAN_POINT('',(0.305110984958,0.779338327432));
#6047 = CARTESIAN_POINT('',(0.291619914321,0.805865576049));
#6048 = CARTESIAN_POINT('',(0.277277494219,0.832345909847));
#6049 = CARTESIAN_POINT('',(0.261909968104,0.858763999272));
#6050 = CARTESIAN_POINT('',(0.236924832006,0.898030368383));
#6051 = CARTESIAN_POINT('',(0.228359405876,0.910944090838));
#6052 = CARTESIAN_POINT('',(0.219417871432,0.9238318191));
#6053 = CARTESIAN_POINT('',(0.210044557219,0.936689385822));
#6054 = CARTESIAN_POINT('',(0.200174368973,0.949509716509));
#6055 = CARTESIAN_POINT('',(0.18970835723,0.962280567477));
#6056 = CARTESIAN_POINT('',(0.178525577407,0.974985672171));
#6057 = CARTESIAN_POINT('',(0.164873412031,0.989151488649));
#6058 = CARTESIAN_POINT('',(0.163358769711,0.990706330174));
#6059 = CARTESIAN_POINT('',(0.161828926979,0.992259616235));
#6060 = CARTESIAN_POINT('',(0.16028338881,0.993811276066));
#6061 = CARTESIAN_POINT('',(0.158721623787,0.995361232107));
#6062 = CARTESIAN_POINT('',(0.157143064094,0.996909400005));
#6063 = CARTESIAN_POINT('',(0.155547105518,0.998455688616));
#6064 = CARTESIAN_POINT('',(0.153933107451,1.));
#6065 = ( GEOMETRIC_REPRESENTATION_CONTEXT(2) 
PARAMETRIC_REPRESENTATION_CONTEXT() REPRESENTATION_CONTEXT('2D SPACE',''
  ) );
#6066 = PCURVE('',#5161,#6067);
#6067 = DEFINITIONAL_REPRESENTATION('',(#6068),#6092);
#6068 = B_SPLINE_CURVE_WITH_KNOTS('',8,(#6069,#6070,#6071,#6072,#6073,
    #6074,#6075,#6076,#6077,#6078,#6079,#6080,#6081,#6082,#6083,#6084,
    #6085,#6086,#6087,#6088,#6089,#6090,#6091),.UNSPECIFIED.,.F.,.F.,(9,
    7,7,9),(0.,0.644283701808,0.960919088647,1.),.UNSPECIFIED.);
#6069 = CARTESIAN_POINT('',(2.106172107028,-5.92));
#6070 = CARTESIAN_POINT('',(2.035542356766,-5.437816277107));
#6071 = CARTESIAN_POINT('',(1.962352883613,-4.956063933717));
#6072 = CARTESIAN_POINT('',(1.886263811808,-4.474760097674));
#6073 = CARTESIAN_POINT('',(1.806835468518,-3.993976273508));
#6074 = CARTESIAN_POINT('',(1.723548563223,-3.513833073507));
#6075 = CARTESIAN_POINT('',(1.635606893404,-3.03453903177));
#6076 = CARTESIAN_POINT('',(1.542029976455,-2.556371613179));
#6077 = CARTESIAN_POINT('',(1.391000742002,-1.845650332263));
#6078 = CARTESIAN_POINT('',(1.339389992722,-1.611911955829));
#6079 = CARTESIAN_POINT('',(1.285685417812,-1.378644074292));
#6080 = CARTESIAN_POINT('',(1.229568987563,-1.145922116629));
#6081 = CARTESIAN_POINT('',(1.17066910482,-0.913874131194));
#6082 = CARTESIAN_POINT('',(1.108419412113,-0.682721728669));
#6083 = CARTESIAN_POINT('',(1.04212753342,-0.452759333713));
#6084 = CARTESIAN_POINT('',(0.961480427351,-0.196358055447));
#6085 = CARTESIAN_POINT('',(0.952536554143,-0.168215423857));
#6086 = CARTESIAN_POINT('',(0.94350649897,-0.140100946147));
#6087 = CARTESIAN_POINT('',(0.934387417138,-0.112015903204));
#6088 = CARTESIAN_POINT('',(0.925176254122,-8.396169886294E-02));
#6089 = CARTESIAN_POINT('',(0.915869745566,-5.593985990472E-02));
#6090 = CARTESIAN_POINT('',(0.906464417283,-2.795203605832E-02));
#6091 = CARTESIAN_POINT('',(0.896956585255,1.136868377216E-13));
#6092 = ( GEOMETRIC_REPRESENTATION_CONTEXT(2) 
PARAMETRIC_REPRESENTATION_CONTEXT() REPRESENTATION_CONTEXT('2D SPACE',''
  ) );
#6093 = ORIENTED_EDGE('',*,*,#6094,.T.);
#6094 = EDGE_CURVE('',#6012,#4999,#6095,.T.);
#6095 = SURFACE_CURVE('',#6096,(#6119,#6145),.PCURVE_S1.);
#6096 = B_SPLINE_CURVE_WITH_KNOTS('',6,(#6097,#6098,#6099,#6100,#6101,
    #6102,#6103,#6104,#6105,#6106,#6107,#6108,#6109,#6110,#6111,#6112,
    #6113,#6114,#6115,#6116,#6117,#6118),.UNSPECIFIED.,.F.,.F.,(7,5,5,5,
    7),(0.,0.208894611004,0.474330236654,0.733276659779,1.),
  .UNSPECIFIED.);
#6097 = CARTESIAN_POINT('',(54.3,-18.3057249325,1.6));
#6098 = CARTESIAN_POINT('',(54.211173318018,-18.30090364932,1.6));
#6099 = CARTESIAN_POINT('',(54.122474971115,-18.29438678925,
    1.594082035506));
#6100 = CARTESIAN_POINT('',(54.034477851705,-18.28621796096,
    1.582279812028));
#6101 = CARTESIAN_POINT('',(53.947705525147,-18.27651708879,
    1.56471206206));
#6102 = CARTESIAN_POINT('',(53.862634292522,-18.26546146894,
    1.541558814378));
#6103 = CARTESIAN_POINT('',(53.674307299033,-18.23777148685,
    1.476796759211));
#6104 = CARTESIAN_POINT('',(53.572361831568,-18.22043690296,
    1.431889172402));
#6105 = CARTESIAN_POINT('',(53.474698459054,-18.20169806693,
    1.378749106466));
#6106 = CARTESIAN_POINT('',(53.382029053893,-18.18207908539,
    1.317883973068));
#6107 = CARTESIAN_POINT('',(53.294979353402,-18.16212605581,
    1.249822240664));
#6108 = CARTESIAN_POINT('',(53.135232314951,-18.12310167816,
    1.102203660752));
#6109 = CARTESIAN_POINT('',(53.062244289519,-18.1040227697,
    1.022975541586));
#6110 = CARTESIAN_POINT('',(52.995680076503,-18.08563084003,
    0.937917567075));
#6111 = CARTESIAN_POINT('',(52.936069068536,-18.06842405802,
    0.847584683782));
#6112 = CARTESIAN_POINT('',(52.88391357955,-18.05286574593,0.75261524386
    ));
#6113 = CARTESIAN_POINT('',(52.794075575926,-18.0254212818,
    0.551939548043));
#6114 = CARTESIAN_POINT('',(52.756867331576,-18.01365716179,
    0.445981379133));
#6115 = CARTESIAN_POINT('',(52.728550877436,-18.00448945684,
    0.336769423042));
#6116 = CARTESIAN_POINT('',(52.709514962944,-17.99825448173,
    0.225289515896));
#6117 = CARTESIAN_POINT('',(52.7,-17.99513812154,0.112634435097));
#6118 = CARTESIAN_POINT('',(52.7,-17.99513812154,5.322016615006E-15));
#6119 = PCURVE('',#4754,#6120);
#6120 = DEFINITIONAL_REPRESENTATION('',(#6121),#6144);
#6121 = B_SPLINE_CURVE_WITH_KNOTS('',6,(#6122,#6123,#6124,#6125,#6126,
    #6127,#6128,#6129,#6130,#6131,#6132,#6133,#6134,#6135,#6136,#6137,
    #6138,#6139,#6140,#6141,#6142,#6143),.UNSPECIFIED.,.F.,.F.,(7,5,5,5,
    7),(0.,0.208894611004,0.474330236654,0.733276659779,1.),
  .UNSPECIFIED.);
#6122 = CARTESIAN_POINT('',(0.277034337767,1.));
#6123 = CARTESIAN_POINT('',(0.276855434756,0.995092448509));
#6124 = CARTESIAN_POINT('',(0.275625364824,0.990191987354));
#6125 = CARTESIAN_POINT('',(0.273354423631,0.98533026805));
#6126 = CARTESIAN_POINT('',(0.270070407068,0.980536216859));
#6127 = CARTESIAN_POINT('',(0.265813288639,0.975836148758));
#6128 = CARTESIAN_POINT('',(0.254043528556,0.965431342488));
#6129 = CARTESIAN_POINT('',(0.245961645199,0.959798996219));
#6130 = CARTESIAN_POINT('',(0.236477985581,0.954403229782));
#6131 = CARTESIAN_POINT('',(0.225699661008,0.949283373143));
#6132 = CARTESIAN_POINT('',(0.213733672621,0.944473997425));
#6133 = CARTESIAN_POINT('',(0.187951060348,0.935648194196));
#6134 = CARTESIAN_POINT('',(0.174188023184,0.931615706603));
#6135 = CARTESIAN_POINT('',(0.159490220992,0.927938125774));
#6136 = CARTESIAN_POINT('',(0.143957903547,0.924644699919));
#6137 = CARTESIAN_POINT('',(0.127699629527,0.921763181191));
#6138 = CARTESIAN_POINT('',(9.346757294508E-02,0.916799755576));
#6139 = CARTESIAN_POINT('',(7.545439879772E-02,0.914744051468));
#6140 = CARTESIAN_POINT('',(5.694044008826E-02,0.913179606488));
#6141 = CARTESIAN_POINT('',(3.807947337027E-02,0.912127898505));
#6142 = CARTESIAN_POINT('',(1.903799108417E-02,0.911602209945));
#6143 = CARTESIAN_POINT('',(0.,0.911602209945));
#6144 = ( GEOMETRIC_REPRESENTATION_CONTEXT(2) 
PARAMETRIC_REPRESENTATION_CONTEXT() REPRESENTATION_CONTEXT('2D SPACE',''
  ) );
#6145 = PCURVE('',#5074,#6146);
#6146 = DEFINITIONAL_REPRESENTATION('',(#6147),#6170);
#6147 = B_SPLINE_CURVE_WITH_KNOTS('',6,(#6148,#6149,#6150,#6151,#6152,
    #6153,#6154,#6155,#6156,#6157,#6158,#6159,#6160,#6161,#6162,#6163,
    #6164,#6165,#6166,#6167,#6168,#6169),.UNSPECIFIED.,.F.,.F.,(7,5,5,5,
    7),(0.,0.208894611004,0.474330236654,0.733276659779,1.),
  .UNSPECIFIED.);
#6148 = CARTESIAN_POINT('',(6.28318530718,17.394275067497));
#6149 = CARTESIAN_POINT('',(6.227668630941,17.399096350672));
#6150 = CARTESIAN_POINT('',(6.172232357141,17.405613210746));
#6151 = CARTESIAN_POINT('',(6.116925586443,17.413782039035));
#6152 = CARTESIAN_POINT('',(6.061774077692,17.423482911201));
#6153 = CARTESIAN_POINT('',(6.00678841458,17.434538531054));
#6154 = CARTESIAN_POINT('',(5.88231894627,17.462228513145));
#6155 = CARTESIAN_POINT('',(5.812938906629,17.479563097034));
#6156 = CARTESIAN_POINT('',(5.743808088142,17.49830193307));
#6157 = CARTESIAN_POINT('',(5.674866664013,17.517920914605));
#6158 = CARTESIAN_POINT('',(5.606038918874,17.53787394419));
#6159 = CARTESIAN_POINT('',(5.470095511777,17.576898321838));
#6160 = CARTESIAN_POINT('',(5.402985430894,17.595977230293));
#6161 = CARTESIAN_POINT('',(5.33580835849,17.614369159968));
#6162 = CARTESIAN_POINT('',(5.268495612906,17.63157594198));
#6163 = CARTESIAN_POINT('',(5.201001893658,17.647134254065));
#6164 = CARTESIAN_POINT('',(5.063584870703,17.674578718191));
#6165 = CARTESIAN_POINT('',(4.993639495009,17.686342838205));
#6166 = CARTESIAN_POINT('',(4.923498127263,17.695510543158));
#6167 = CARTESIAN_POINT('',(4.8531948527,17.701745518261));
#6168 = CARTESIAN_POINT('',(4.78278550232,17.704861878453));
#6169 = CARTESIAN_POINT('',(4.712388980385,17.704861878453));
#6170 = ( GEOMETRIC_REPRESENTATION_CONTEXT(2) 
PARAMETRIC_REPRESENTATION_CONTEXT() REPRESENTATION_CONTEXT('2D SPACE',''
  ) );
#6171 = ORIENTED_EDGE('',*,*,#4998,.F.);
#6172 = ADVANCED_FACE('',(#6173),#5074,.F.);
#6173 = FACE_BOUND('',#6174,.F.);
#6174 = EDGE_LOOP('',(#6175,#6199,#6222,#6244,#6245,#6267,#6268,#6290,
    #6291));
#6175 = ORIENTED_EDGE('',*,*,#6176,.F.);
#6176 = EDGE_CURVE('',#6177,#5021,#6179,.T.);
#6177 = VERTEX_POINT('',#6178);
#6178 = CARTESIAN_POINT('',(54.3,-18.15,1.6));
#6179 = SURFACE_CURVE('',#6180,(#6185,#6192),.PCURVE_S1.);
#6180 = CIRCLE('',#6181,1.6);
#6181 = AXIS2_PLACEMENT_3D('',#6182,#6183,#6184);
#6182 = CARTESIAN_POINT('',(54.3,-18.15,0.));
#6183 = DIRECTION('',(0.,1.,0.));
#6184 = DIRECTION('',(0.,-0.,1.));
#6185 = PCURVE('',#5074,#6186);
#6186 = DEFINITIONAL_REPRESENTATION('',(#6187),#6191);
#6187 = LINE('',#6188,#6189);
#6188 = CARTESIAN_POINT('',(0.,17.55));
#6189 = VECTOR('',#6190,1.);
#6190 = DIRECTION('',(1.,0.));
#6191 = ( GEOMETRIC_REPRESENTATION_CONTEXT(2) 
PARAMETRIC_REPRESENTATION_CONTEXT() REPRESENTATION_CONTEXT('2D SPACE',''
  ) );
#6192 = PCURVE('',#5161,#6193);
#6193 = DEFINITIONAL_REPRESENTATION('',(#6194),#6198);
#6194 = CIRCLE('',#6195,1.6);
#6195 = AXIS2_PLACEMENT_2D('',#6196,#6197);
#6196 = CARTESIAN_POINT('',(0.,0.));
#6197 = DIRECTION('',(1.,0.));
#6198 = ( GEOMETRIC_REPRESENTATION_CONTEXT(2) 
PARAMETRIC_REPRESENTATION_CONTEXT() REPRESENTATION_CONTEXT('2D SPACE',''
  ) );
#6199 = ORIENTED_EDGE('',*,*,#6200,.F.);
#6200 = EDGE_CURVE('',#6201,#6177,#6203,.T.);
#6201 = VERTEX_POINT('',#6202);
#6202 = CARTESIAN_POINT('',(54.3,-29.85,1.6));
#6203 = SEAM_CURVE('',#6204,(#6208,#6215),.PCURVE_S1.);
#6204 = LINE('',#6205,#6206);
#6205 = CARTESIAN_POINT('',(54.3,-35.7,1.6));
#6206 = VECTOR('',#6207,1.);
#6207 = DIRECTION('',(0.,1.,0.));
#6208 = PCURVE('',#5074,#6209);
#6209 = DEFINITIONAL_REPRESENTATION('',(#6210),#6214);
#6210 = LINE('',#6211,#6212);
#6211 = CARTESIAN_POINT('',(6.28318530718,-0.));
#6212 = VECTOR('',#6213,1.);
#6213 = DIRECTION('',(0.,1.));
#6214 = ( GEOMETRIC_REPRESENTATION_CONTEXT(2) 
PARAMETRIC_REPRESENTATION_CONTEXT() REPRESENTATION_CONTEXT('2D SPACE',''
  ) );
#6215 = PCURVE('',#5074,#6216);
#6216 = DEFINITIONAL_REPRESENTATION('',(#6217),#6221);
#6217 = LINE('',#6218,#6219);
#6218 = CARTESIAN_POINT('',(0.,-0.));
#6219 = VECTOR('',#6220,1.);
#6220 = DIRECTION('',(0.,1.));
#6221 = ( GEOMETRIC_REPRESENTATION_CONTEXT(2) 
PARAMETRIC_REPRESENTATION_CONTEXT() REPRESENTATION_CONTEXT('2D SPACE',''
  ) );
#6222 = ORIENTED_EDGE('',*,*,#6223,.T.);
#6223 = EDGE_CURVE('',#6201,#5450,#6224,.T.);
#6224 = SURFACE_CURVE('',#6225,(#6230,#6237),.PCURVE_S1.);
#6225 = CIRCLE('',#6226,1.6);
#6226 = AXIS2_PLACEMENT_3D('',#6227,#6228,#6229);
#6227 = CARTESIAN_POINT('',(54.3,-29.85,0.));
#6228 = DIRECTION('',(0.,1.,0.));
#6229 = DIRECTION('',(0.,-0.,1.));
#6230 = PCURVE('',#5074,#6231);
#6231 = DEFINITIONAL_REPRESENTATION('',(#6232),#6236);
#6232 = LINE('',#6233,#6234);
#6233 = CARTESIAN_POINT('',(0.,5.85));
#6234 = VECTOR('',#6235,1.);
#6235 = DIRECTION('',(1.,0.));
#6236 = ( GEOMETRIC_REPRESENTATION_CONTEXT(2) 
PARAMETRIC_REPRESENTATION_CONTEXT() REPRESENTATION_CONTEXT('2D SPACE',''
  ) );
#6237 = PCURVE('',#5505,#6238);
#6238 = DEFINITIONAL_REPRESENTATION('',(#6239),#6243);
#6239 = CIRCLE('',#6240,1.6);
#6240 = AXIS2_PLACEMENT_2D('',#6241,#6242);
#6241 = CARTESIAN_POINT('',(0.,0.));
#6242 = DIRECTION('',(1.,0.));
#6243 = ( GEOMETRIC_REPRESENTATION_CONTEXT(2) 
PARAMETRIC_REPRESENTATION_CONTEXT() REPRESENTATION_CONTEXT('2D SPACE',''
  ) );
#6244 = ORIENTED_EDGE('',*,*,#5537,.T.);
#6245 = ORIENTED_EDGE('',*,*,#6246,.T.);
#6246 = EDGE_CURVE('',#5538,#6201,#6247,.T.);
#6247 = SURFACE_CURVE('',#6248,(#6253,#6260),.PCURVE_S1.);
#6248 = CIRCLE('',#6249,1.6);
#6249 = AXIS2_PLACEMENT_3D('',#6250,#6251,#6252);
#6250 = CARTESIAN_POINT('',(54.3,-29.85,0.));
#6251 = DIRECTION('',(0.,1.,0.));
#6252 = DIRECTION('',(0.,-0.,1.));
#6253 = PCURVE('',#5074,#6254);
#6254 = DEFINITIONAL_REPRESENTATION('',(#6255),#6259);
#6255 = LINE('',#6256,#6257);
#6256 = CARTESIAN_POINT('',(0.,5.85));
#6257 = VECTOR('',#6258,1.);
#6258 = DIRECTION('',(1.,0.));
#6259 = ( GEOMETRIC_REPRESENTATION_CONTEXT(2) 
PARAMETRIC_REPRESENTATION_CONTEXT() REPRESENTATION_CONTEXT('2D SPACE',''
  ) );
#6260 = PCURVE('',#5505,#6261);
#6261 = DEFINITIONAL_REPRESENTATION('',(#6262),#6266);
#6262 = CIRCLE('',#6263,1.6);
#6263 = AXIS2_PLACEMENT_2D('',#6264,#6265);
#6264 = CARTESIAN_POINT('',(0.,0.));
#6265 = DIRECTION('',(1.,0.));
#6266 = ( GEOMETRIC_REPRESENTATION_CONTEXT(2) 
PARAMETRIC_REPRESENTATION_CONTEXT() REPRESENTATION_CONTEXT('2D SPACE',''
  ) );
#6267 = ORIENTED_EDGE('',*,*,#6200,.T.);
#6268 = ORIENTED_EDGE('',*,*,#6269,.F.);
#6269 = EDGE_CURVE('',#6012,#6177,#6270,.T.);
#6270 = SURFACE_CURVE('',#6271,(#6276,#6283),.PCURVE_S1.);
#6271 = CIRCLE('',#6272,1.6);
#6272 = AXIS2_PLACEMENT_3D('',#6273,#6274,#6275);
#6273 = CARTESIAN_POINT('',(54.3,-18.15,0.));
#6274 = DIRECTION('',(0.,1.,0.));
#6275 = DIRECTION('',(0.,-0.,1.));
#6276 = PCURVE('',#5074,#6277);
#6277 = DEFINITIONAL_REPRESENTATION('',(#6278),#6282);
#6278 = LINE('',#6279,#6280);
#6279 = CARTESIAN_POINT('',(0.,17.55));
#6280 = VECTOR('',#6281,1.);
#6281 = DIRECTION('',(1.,0.));
#6282 = ( GEOMETRIC_REPRESENTATION_CONTEXT(2) 
PARAMETRIC_REPRESENTATION_CONTEXT() REPRESENTATION_CONTEXT('2D SPACE',''
  ) );
#6283 = PCURVE('',#5161,#6284);
#6284 = DEFINITIONAL_REPRESENTATION('',(#6285),#6289);
#6285 = CIRCLE('',#6286,1.6);
#6286 = AXIS2_PLACEMENT_2D('',#6287,#6288);
#6287 = CARTESIAN_POINT('',(0.,0.));
#6288 = DIRECTION('',(1.,0.));
#6289 = ( GEOMETRIC_REPRESENTATION_CONTEXT(2) 
PARAMETRIC_REPRESENTATION_CONTEXT() REPRESENTATION_CONTEXT('2D SPACE',''
  ) );
#6290 = ORIENTED_EDGE('',*,*,#6094,.T.);
#6291 = ORIENTED_EDGE('',*,*,#5020,.T.);
#6292 = ADVANCED_FACE('',(#6293),#5161,.T.);
#6293 = FACE_BOUND('',#6294,.T.);
#6294 = EDGE_LOOP('',(#6295,#6296,#6318,#6319,#6320));
#6295 = ORIENTED_EDGE('',*,*,#6011,.F.);
#6296 = ORIENTED_EDGE('',*,*,#6297,.T.);
#6297 = EDGE_CURVE('',#5761,#5106,#6298,.T.);
#6298 = SURFACE_CURVE('',#6299,(#6304,#6311),.PCURVE_S1.);
#6299 = CIRCLE('',#6300,5.92);
#6300 = AXIS2_PLACEMENT_3D('',#6301,#6302,#6303);
#6301 = CARTESIAN_POINT('',(54.3,-18.15,0.));
#6302 = DIRECTION('',(0.,1.,-0.));
#6303 = DIRECTION('',(-0.938020972894,0.,0.346578496751));
#6304 = PCURVE('',#5161,#6305);
#6305 = DEFINITIONAL_REPRESENTATION('',(#6306),#6310);
#6306 = CIRCLE('',#6307,5.92);
#6307 = AXIS2_PLACEMENT_2D('',#6308,#6309);
#6308 = CARTESIAN_POINT('',(0.,0.));
#6309 = DIRECTION('',(0.346578496751,-0.938020972894));
#6310 = ( GEOMETRIC_REPRESENTATION_CONTEXT(2) 
PARAMETRIC_REPRESENTATION_CONTEXT() REPRESENTATION_CONTEXT('2D SPACE',''
  ) );
#6311 = PCURVE('',#5361,#6312);
#6312 = DEFINITIONAL_REPRESENTATION('',(#6313),#6317);
#6313 = LINE('',#6314,#6315);
#6314 = CARTESIAN_POINT('',(5.066310038187,11.7));
#6315 = VECTOR('',#6316,1.);
#6316 = DIRECTION('',(1.,0.));
#6317 = ( GEOMETRIC_REPRESENTATION_CONTEXT(2) 
PARAMETRIC_REPRESENTATION_CONTEXT() REPRESENTATION_CONTEXT('2D SPACE',''
  ) );
#6318 = ORIENTED_EDGE('',*,*,#5105,.T.);
#6319 = ORIENTED_EDGE('',*,*,#6176,.F.);
#6320 = ORIENTED_EDGE('',*,*,#6269,.F.);
#6321 = ADVANCED_FACE('',(#6322),#5361,.T.);
#6322 = FACE_BOUND('',#6323,.T.);
#6323 = EDGE_LOOP('',(#6324,#6346,#6347,#6348));
#6324 = ORIENTED_EDGE('',*,*,#6325,.T.);
#6325 = EDGE_CURVE('',#5678,#5194,#6326,.T.);
#6326 = SURFACE_CURVE('',#6327,(#6332,#6339),.PCURVE_S1.);
#6327 = CIRCLE('',#6328,5.92);
#6328 = AXIS2_PLACEMENT_3D('',#6329,#6330,#6331);
#6329 = CARTESIAN_POINT('',(54.3,-29.85,0.));
#6330 = DIRECTION('',(0.,1.,-0.));
#6331 = DIRECTION('',(-0.938020973577,0.,0.346578494903));
#6332 = PCURVE('',#5361,#6333);
#6333 = DEFINITIONAL_REPRESENTATION('',(#6334),#6338);
#6334 = LINE('',#6335,#6336);
#6335 = CARTESIAN_POINT('',(5.066310036217,0.));
#6336 = VECTOR('',#6337,1.);
#6337 = DIRECTION('',(1.,0.));
#6338 = ( GEOMETRIC_REPRESENTATION_CONTEXT(2) 
PARAMETRIC_REPRESENTATION_CONTEXT() REPRESENTATION_CONTEXT('2D SPACE',''
  ) );
#6339 = PCURVE('',#5505,#6340);
#6340 = DEFINITIONAL_REPRESENTATION('',(#6341),#6345);
#6341 = CIRCLE('',#6342,5.92);
#6342 = AXIS2_PLACEMENT_2D('',#6343,#6344);
#6343 = CARTESIAN_POINT('',(0.,0.));
#6344 = DIRECTION('',(0.346578494903,-0.938020973577));
#6345 = ( GEOMETRIC_REPRESENTATION_CONTEXT(2) 
PARAMETRIC_REPRESENTATION_CONTEXT() REPRESENTATION_CONTEXT('2D SPACE',''
  ) );
#6346 = ORIENTED_EDGE('',*,*,#5193,.F.);
#6347 = ORIENTED_EDGE('',*,*,#6297,.F.);
#6348 = ORIENTED_EDGE('',*,*,#5760,.F.);
#6349 = ADVANCED_FACE('',(#6350),#5505,.F.);
#6350 = FACE_BOUND('',#6351,.F.);
#6351 = EDGE_LOOP('',(#6352,#6353,#6354,#6355,#6356));
#6352 = ORIENTED_EDGE('',*,*,#5677,.F.);
#6353 = ORIENTED_EDGE('',*,*,#6325,.T.);
#6354 = ORIENTED_EDGE('',*,*,#5449,.T.);
#6355 = ORIENTED_EDGE('',*,*,#6223,.F.);
#6356 = ORIENTED_EDGE('',*,*,#6246,.F.);
#6357 = ( GEOMETRIC_REPRESENTATION_CONTEXT(3) 
GLOBAL_UNCERTAINTY_ASSIGNED_CONTEXT((#6361)) 
GLOBAL_UNIT_ASSIGNED_CONTEXT((#6358,#6359,#6360)) REPRESENTATION_CONTEXT
('Context #1','3D Context with UNIT and UNCERTAINTY') );
#6358 = ( LENGTH_UNIT() NAMED_UNIT(*) SI_UNIT(.MILLI.,.METRE.) );
#6359 = ( NAMED_UNIT(*) PLANE_ANGLE_UNIT() SI_UNIT($,.RADIAN.) );
#6360 = ( NAMED_UNIT(*) SI_UNIT($,.STERADIAN.) SOLID_ANGLE_UNIT() );
#6361 = UNCERTAINTY_MEASURE_WITH_UNIT(LENGTH_MEASURE(2.E-06),#6358,
  'distance_accuracy_value','confusion accuracy');
#6362 = CONTEXT_DEPENDENT_SHAPE_REPRESENTATION(#6363,#6365);
#6363 = ( REPRESENTATION_RELATIONSHIP('','',#2877,#10) 
REPRESENTATION_RELATIONSHIP_WITH_TRANSFORMATION(#6364) 
SHAPE_REPRESENTATION_RELATIONSHIP() );
#6364 = ITEM_DEFINED_TRANSFORMATION('','',#11,#19);
#6365 = PRODUCT_DEFINITION_SHAPE('Placement','Placement of an item',
  #6366);
#6366 = NEXT_ASSEMBLY_USAGE_OCCURRENCE('36','','',#5,#2872,$);
#6367 = PRODUCT_RELATED_PRODUCT_CATEGORY('part',$,(#2874));
#6368 = SHAPE_DEFINITION_REPRESENTATION(#6369,#6375);
#6369 = PRODUCT_DEFINITION_SHAPE('','',#6370);
#6370 = PRODUCT_DEFINITION('design','',#6371,#6374);
#6371 = PRODUCT_DEFINITION_FORMATION('','',#6372);
#6372 = PRODUCT('Open CASCADE STEP translator 7.8 6.3',
  'Open CASCADE STEP translator 7.8 6.3','',(#6373));
#6373 = PRODUCT_CONTEXT('',#2,'mechanical');
#6374 = PRODUCT_DEFINITION_CONTEXT('part definition',#2,'design');
#6375 = ADVANCED_BREP_SHAPE_REPRESENTATION('',(#11,#6376),#7809);
#6376 = MANIFOLD_SOLID_BREP('',#6377);
#6377 = CLOSED_SHELL('',(#6378,#6446,#7226,#7276,#7283,#7698,#7778,#7803
    ));
#6378 = ADVANCED_FACE('',(#6379,#6415),#6392,.T.);
#6379 = FACE_BOUND('',#6380,.T.);
#6380 = EDGE_LOOP('',(#6381));
#6381 = ORIENTED_EDGE('',*,*,#6382,.T.);
#6382 = EDGE_CURVE('',#6383,#6383,#6385,.T.);
#6383 = VERTEX_POINT('',#6384);
#6384 = CARTESIAN_POINT('',(56.8,-18.15,5.92));
#6385 = SURFACE_CURVE('',#6386,(#6391,#6403),.PCURVE_S1.);
#6386 = CIRCLE('',#6387,5.92);
#6387 = AXIS2_PLACEMENT_3D('',#6388,#6389,#6390);
#6388 = CARTESIAN_POINT('',(56.8,-18.15,0.));
#6389 = DIRECTION('',(0.,1.,0.));
#6390 = DIRECTION('',(0.,-0.,1.));
#6391 = PCURVE('',#6392,#6397);
#6392 = PLANE('',#6393);
#6393 = AXIS2_PLACEMENT_3D('',#6394,#6395,#6396);
#6394 = CARTESIAN_POINT('',(56.8,-18.15,0.));
#6395 = DIRECTION('',(0.,1.,0.));
#6396 = DIRECTION('',(0.,-0.,1.));
#6397 = DEFINITIONAL_REPRESENTATION('',(#6398),#6402);
#6398 = CIRCLE('',#6399,5.92);
#6399 = AXIS2_PLACEMENT_2D('',#6400,#6401);
#6400 = CARTESIAN_POINT('',(0.,0.));
#6401 = DIRECTION('',(1.,0.));
#6402 = ( GEOMETRIC_REPRESENTATION_CONTEXT(2) 
PARAMETRIC_REPRESENTATION_CONTEXT() REPRESENTATION_CONTEXT('2D SPACE',''
  ) );
#6403 = PCURVE('',#6404,#6409);
#6404 = CYLINDRICAL_SURFACE('',#6405,5.92);
#6405 = AXIS2_PLACEMENT_3D('',#6406,#6407,#6408);
#6406 = CARTESIAN_POINT('',(56.8,-29.85,0.));
#6407 = DIRECTION('',(0.,1.,0.));
#6408 = DIRECTION('',(0.,-0.,1.));
#6409 = DEFINITIONAL_REPRESENTATION('',(#6410),#6414);
#6410 = LINE('',#6411,#6412);
#6411 = CARTESIAN_POINT('',(0.,11.7));
#6412 = VECTOR('',#6413,1.);
#6413 = DIRECTION('',(1.,0.));
#6414 = ( GEOMETRIC_REPRESENTATION_CONTEXT(2) 
PARAMETRIC_REPRESENTATION_CONTEXT() REPRESENTATION_CONTEXT('2D SPACE',''
  ) );
#6415 = FACE_BOUND('',#6416,.T.);
#6416 = EDGE_LOOP('',(#6417));
#6417 = ORIENTED_EDGE('',*,*,#6418,.F.);
#6418 = EDGE_CURVE('',#6419,#6419,#6421,.T.);
#6419 = VERTEX_POINT('',#6420);
#6420 = CARTESIAN_POINT('',(56.8,-18.15,1.6));
#6421 = SURFACE_CURVE('',#6422,(#6427,#6434),.PCURVE_S1.);
#6422 = CIRCLE('',#6423,1.6);
#6423 = AXIS2_PLACEMENT_3D('',#6424,#6425,#6426);
#6424 = CARTESIAN_POINT('',(56.8,-18.15,0.));
#6425 = DIRECTION('',(0.,1.,0.));
#6426 = DIRECTION('',(0.,-0.,1.));
#6427 = PCURVE('',#6392,#6428);
#6428 = DEFINITIONAL_REPRESENTATION('',(#6429),#6433);
#6429 = CIRCLE('',#6430,1.6);
#6430 = AXIS2_PLACEMENT_2D('',#6431,#6432);
#6431 = CARTESIAN_POINT('',(0.,0.));
#6432 = DIRECTION('',(1.,0.));
#6433 = ( GEOMETRIC_REPRESENTATION_CONTEXT(2) 
PARAMETRIC_REPRESENTATION_CONTEXT() REPRESENTATION_CONTEXT('2D SPACE',''
  ) );
#6434 = PCURVE('',#6435,#6440);
#6435 = CYLINDRICAL_SURFACE('',#6436,1.6);
#6436 = AXIS2_PLACEMENT_3D('',#6437,#6438,#6439);
#6437 = CARTESIAN_POINT('',(56.8,-35.7,0.));
#6438 = DIRECTION('',(0.,1.,0.));
#6439 = DIRECTION('',(0.,-0.,1.));
#6440 = DEFINITIONAL_REPRESENTATION('',(#6441),#6445);
#6441 = LINE('',#6442,#6443);
#6442 = CARTESIAN_POINT('',(0.,17.55));
#6443 = VECTOR('',#6444,1.);
#6444 = DIRECTION('',(1.,0.));
#6445 = ( GEOMETRIC_REPRESENTATION_CONTEXT(2) 
PARAMETRIC_REPRESENTATION_CONTEXT() REPRESENTATION_CONTEXT('2D SPACE',''
  ) );
#6446 = ADVANCED_FACE('',(#6447,#6501),#6404,.T.);
#6447 = FACE_BOUND('',#6448,.T.);
#6448 = EDGE_LOOP('',(#6449,#6472,#6473,#6474));
#6449 = ORIENTED_EDGE('',*,*,#6450,.T.);
#6450 = EDGE_CURVE('',#6451,#6383,#6453,.T.);
#6451 = VERTEX_POINT('',#6452);
#6452 = CARTESIAN_POINT('',(56.8,-29.85,5.92));
#6453 = SEAM_CURVE('',#6454,(#6458,#6465),.PCURVE_S1.);
#6454 = LINE('',#6455,#6456);
#6455 = CARTESIAN_POINT('',(56.8,-29.85,5.92));
#6456 = VECTOR('',#6457,1.);
#6457 = DIRECTION('',(0.,1.,0.));
#6458 = PCURVE('',#6404,#6459);
#6459 = DEFINITIONAL_REPRESENTATION('',(#6460),#6464);
#6460 = LINE('',#6461,#6462);
#6461 = CARTESIAN_POINT('',(6.28318530718,-0.));
#6462 = VECTOR('',#6463,1.);
#6463 = DIRECTION('',(0.,1.));
#6464 = ( GEOMETRIC_REPRESENTATION_CONTEXT(2) 
PARAMETRIC_REPRESENTATION_CONTEXT() REPRESENTATION_CONTEXT('2D SPACE',''
  ) );
#6465 = PCURVE('',#6404,#6466);
#6466 = DEFINITIONAL_REPRESENTATION('',(#6467),#6471);
#6467 = LINE('',#6468,#6469);
#6468 = CARTESIAN_POINT('',(0.,-0.));
#6469 = VECTOR('',#6470,1.);
#6470 = DIRECTION('',(0.,1.));
#6471 = ( GEOMETRIC_REPRESENTATION_CONTEXT(2) 
PARAMETRIC_REPRESENTATION_CONTEXT() REPRESENTATION_CONTEXT('2D SPACE',''
  ) );
#6472 = ORIENTED_EDGE('',*,*,#6382,.F.);
#6473 = ORIENTED_EDGE('',*,*,#6450,.F.);
#6474 = ORIENTED_EDGE('',*,*,#6475,.T.);
#6475 = EDGE_CURVE('',#6451,#6451,#6476,.T.);
#6476 = SURFACE_CURVE('',#6477,(#6482,#6489),.PCURVE_S1.);
#6477 = CIRCLE('',#6478,5.92);
#6478 = AXIS2_PLACEMENT_3D('',#6479,#6480,#6481);
#6479 = CARTESIAN_POINT('',(56.8,-29.85,0.));
#6480 = DIRECTION('',(0.,1.,0.));
#6481 = DIRECTION('',(0.,-0.,1.));
#6482 = PCURVE('',#6404,#6483);
#6483 = DEFINITIONAL_REPRESENTATION('',(#6484),#6488);
#6484 = LINE('',#6485,#6486);
#6485 = CARTESIAN_POINT('',(0.,0.));
#6486 = VECTOR('',#6487,1.);
#6487 = DIRECTION('',(1.,0.));
#6488 = ( GEOMETRIC_REPRESENTATION_CONTEXT(2) 
PARAMETRIC_REPRESENTATION_CONTEXT() REPRESENTATION_CONTEXT('2D SPACE',''
  ) );
#6489 = PCURVE('',#6490,#6495);
#6490 = PLANE('',#6491);
#6491 = AXIS2_PLACEMENT_3D('',#6492,#6493,#6494);
#6492 = CARTESIAN_POINT('',(56.8,-29.85,0.));
#6493 = DIRECTION('',(0.,1.,0.));
#6494 = DIRECTION('',(0.,-0.,1.));
#6495 = DEFINITIONAL_REPRESENTATION('',(#6496),#6500);
#6496 = CIRCLE('',#6497,5.92);
#6497 = AXIS2_PLACEMENT_2D('',#6498,#6499);
#6498 = CARTESIAN_POINT('',(0.,0.));
#6499 = DIRECTION('',(1.,0.));
#6500 = ( GEOMETRIC_REPRESENTATION_CONTEXT(2) 
PARAMETRIC_REPRESENTATION_CONTEXT() REPRESENTATION_CONTEXT('2D SPACE',''
  ) );
#6501 = FACE_BOUND('',#6502,.T.);
#6502 = EDGE_LOOP('',(#6503));
#6503 = ORIENTED_EDGE('',*,*,#6504,.T.);
#6504 = EDGE_CURVE('',#6505,#6505,#6507,.T.);
#6505 = VERTEX_POINT('',#6506);
#6506 = CARTESIAN_POINT('',(62.72,-18.49964556962,-5.661659456487E-16));
#6507 = SURFACE_CURVE('',#6508,(#6735,#6965),.PCURVE_S1.);
#6508 = B_SPLINE_CURVE_WITH_KNOTS('',8,(#6509,#6510,#6511,#6512,#6513,
    #6514,#6515,#6516,#6517,#6518,#6519,#6520,#6521,#6522,#6523,#6524,
    #6525,#6526,#6527,#6528,#6529,#6530,#6531,#6532,#6533,#6534,#6535,
    #6536,#6537,#6538,#6539,#6540,#6541,#6542,#6543,#6544,#6545,#6546,
    #6547,#6548,#6549,#6550,#6551,#6552,#6553,#6554,#6555,#6556,#6557,
    #6558,#6559,#6560,#6561,#6562,#6563,#6564,#6565,#6566,#6567,#6568,
    #6569,#6570,#6571,#6572,#6573,#6574,#6575,#6576,#6577,#6578,#6579,
    #6580,#6581,#6582,#6583,#6584,#6585,#6586,#6587,#6588,#6589,#6590,
    #6591,#6592,#6593,#6594,#6595,#6596,#6597,#6598,#6599,#6600,#6601,
    #6602,#6603,#6604,#6605,#6606,#6607,#6608,#6609,#6610,#6611,#6612,
    #6613,#6614,#6615,#6616,#6617,#6618,#6619,#6620,#6621,#6622,#6623,
    #6624,#6625,#6626,#6627,#6628,#6629,#6630,#6631,#6632,#6633,#6634,
    #6635,#6636,#6637,#6638,#6639,#6640,#6641,#6642,#6643,#6644,#6645,
    #6646,#6647,#6648,#6649,#6650,#6651,#6652,#6653,#6654,#6655,#6656,
    #6657,#6658,#6659,#6660,#6661,#6662,#6663,#6664,#6665,#6666,#6667,
    #6668,#6669,#6670,#6671,#6672,#6673,#6674,#6675,#6676,#6677,#6678,
    #6679,#6680,#6681,#6682,#6683,#6684,#6685,#6686,#6687,#6688,#6689,
    #6690,#6691,#6692,#6693,#6694,#6695,#6696,#6697,#6698,#6699,#6700,
    #6701,#6702,#6703,#6704,#6705,#6706,#6707,#6708,#6709,#6710,#6711,
    #6712,#6713,#6714,#6715,#6716,#6717,#6718,#6719,#6720,#6721,#6722,
    #6723,#6724,#6725,#6726,#6727,#6728,#6729,#6730,#6731,#6732,#6733,
    #6734),.UNSPECIFIED.,.T.,.F.,(9,7,7,7,7,7,7,7,7,7,7,7,7,7,7,7,7,7,7,
    7,7,7,7,7,7,7,7,7,7,7,7,7,9),(0.,3.601931786853E-02,
    5.918138708767E-02,9.163506014139E-02,0.136348643978,0.178103869518,
    0.219056521974,0.237622885721,0.252451216592,0.26801249882,
    0.295262213009,0.322266289241,0.376907694894,0.440848150305,
    0.464011909677,0.476439842829,0.500311563287,0.523866710808,
    0.535511996834,0.559490311455,0.591909599306,0.635916989438,
    0.677680697404,0.719335040933,0.7368895723,0.752286749854,
    0.767922874451,0.795205494075,0.82221253154,0.876848895938,
    0.940769811762,0.963939616175,1.),.UNSPECIFIED.);
#6509 = CARTESIAN_POINT('',(62.72,-18.49964556962,-3.37507799486E-14));
#6510 = CARTESIAN_POINT('',(62.72,-18.49964556962,-0.207129614393));
#6511 = CARTESIAN_POINT('',(62.711717437627,-18.50830604128,
    -0.414331487131));
#6512 = CARTESIAN_POINT('',(62.695143076159,-18.52563663065,
    -0.620264096603));
#6513 = CARTESIAN_POINT('',(62.670500875085,-18.55140472679,
    -0.823791006447));
#6514 = CARTESIAN_POINT('',(62.638180589684,-18.58520585034,
    -1.023958054138));
#6515 = CARTESIAN_POINT('',(62.598683666621,-18.62652009009,
    -1.21997425331));
#6516 = CARTESIAN_POINT('',(62.552582435567,-18.67475458769,
    -1.411196409791));
#6517 = CARTESIAN_POINT('',(62.466996447491,-18.76432930586,
    -1.716673186719));
#6518 = CARTESIAN_POINT('',(62.431010751731,-18.80199842803,
    -1.834082991462));
#6519 = CARTESIAN_POINT('',(62.39268495438,-18.842124941,-1.949249524918
    ));
#6520 = CARTESIAN_POINT('',(62.352167651679,-18.88455540662,
    -2.062102972217));
#6521 = CARTESIAN_POINT('',(62.30960388144,-18.92914029137,
    -2.172598081636));
#6522 = CARTESIAN_POINT('',(62.265132413223,-18.9757368131,
    -2.28071120193));
#6523 = CARTESIAN_POINT('',(62.218883038505,-19.02421178787,
    -2.386437319665));
#6524 = CARTESIAN_POINT('',(62.103845627465,-19.14482831192,
    -2.634596260071));
#6525 = CARTESIAN_POINT('',(62.033467986305,-19.21865330465,
    -2.774721069222));
#6526 = CARTESIAN_POINT('',(61.960162419619,-19.29559101709,
    -2.910207667978));
#6527 = CARTESIAN_POINT('',(61.884223356453,-19.3753420287,
    -3.041125229216));
#6528 = CARTESIAN_POINT('',(61.805916855616,-19.45763763287,
    -3.167562918448));
#6529 = CARTESIAN_POINT('',(61.725479288667,-19.54224153351,
    -3.289626857565));
#6530 = CARTESIAN_POINT('',(61.643116022889,-19.62895154166,
    -3.407437088577));
#6531 = CARTESIAN_POINT('',(61.443108008706,-19.8397399017,
    -3.677759296796));
#6532 = CARTESIAN_POINT('',(61.323918442671,-19.96552969961,
    -3.826528643766));
#6533 = CARTESIAN_POINT('',(61.20188823656,-20.0945307737,
    -3.967778845364));
#6534 = CARTESIAN_POINT('',(61.077420115945,-20.22636856569,
    -4.101816048802));
#6535 = CARTESIAN_POINT('',(60.950868944428,-20.36072764917,
    -4.228921612443));
#6536 = CARTESIAN_POINT('',(60.822548064651,-20.4973493003,
    -4.349360959117));
#6537 = CARTESIAN_POINT('',(60.692735737462,-20.63603284139,
    -4.463385951699));
#6538 = CARTESIAN_POINT('',(60.439298472842,-20.90794571502,
    -4.671940356137));
#6539 = CARTESIAN_POINT('',(60.315852537588,-21.04090724206,
    -4.76724411279));
#6540 = CARTESIAN_POINT('',(60.191558179104,-21.17540249089,
    -4.857328553323));
#6541 = CARTESIAN_POINT('',(60.066629829431,-21.31133193029,
    -4.942352310529));
#6542 = CARTESIAN_POINT('',(59.941294573797,-21.448622758,
    -5.022452471995));
#6543 = CARTESIAN_POINT('',(59.815799310403,-21.58723093229,
    -5.097748091452));
#6544 = CARTESIAN_POINT('',(59.690432723311,-21.72715127015,
    -5.168339944043));
#6545 = CARTESIAN_POINT('',(59.443131512541,-22.00702305551,
    -5.299003282109));
#6546 = CARTESIAN_POINT('',(59.321255351623,-22.14683418047,
    -5.359209684638));
#6547 = CARTESIAN_POINT('',(59.200247297152,-22.28801266201,
    -5.415045282675));
#6548 = CARTESIAN_POINT('',(59.080555493288,-22.43069857946,
    -5.466562681613));
#6549 = CARTESIAN_POINT('',(58.962821946442,-22.57505045838,
    -5.513766260412));
#6550 = CARTESIAN_POINT('',(58.848045412553,-22.72131200108,
    -5.556597627447));
#6551 = CARTESIAN_POINT('',(58.737691865821,-22.86985404397,
    -5.594952262946));
#6552 = CARTESIAN_POINT('',(58.587967612012,-23.09038975955,
    -5.643756279489));
#6553 = CARTESIAN_POINT('',(58.542800125387,-23.15979737267,
    -5.657989087834));
#6554 = CARTESIAN_POINT('',(58.49942595041,-23.22991948517,-5.671209001)
  );
#6555 = CARTESIAN_POINT('',(58.458195427184,-23.30083757659,
    -5.683374658506));
#6556 = CARTESIAN_POINT('',(58.419556918877,-23.37261517161,
    -5.694428397837));
#6557 = CARTESIAN_POINT('',(58.384079659815,-23.44530448565,
    -5.704296072406));
#6558 = CARTESIAN_POINT('',(58.352446857941,-23.51894508235,
    -5.712888415542));
#6559 = CARTESIAN_POINT('',(58.303744534873,-23.65311875383,
    -5.725875766073));
#6560 = CARTESIAN_POINT('',(58.285020293256,-23.7133188458,
    -5.730768836042));
#6561 = CARTESIAN_POINT('',(58.269587037608,-23.77407477242,
    -5.734731657964));
#6562 = CARTESIAN_POINT('',(58.25782669675,-23.83529666099,
    -5.737710412221));
#6563 = CARTESIAN_POINT('',(58.25007606244,-23.89686926734,
    -5.739658689608));
#6564 = CARTESIAN_POINT('',(58.246549925815,-23.95864604058,
    -5.740546090301));
#6565 = CARTESIAN_POINT('',(58.247279484513,-24.02044348844,
    -5.740366454643));
#6566 = CARTESIAN_POINT('',(58.257201623345,-24.14668075963,
    -5.737855949329));
#6567 = CARTESIAN_POINT('',(58.266812019175,-24.2111200849,
    -5.735418808032));
#6568 = CARTESIAN_POINT('',(58.280795982604,-24.27515105862,
    -5.731852748625));
#6569 = CARTESIAN_POINT('',(58.298806156733,-24.33863709494,
    -5.727207466149));
#6570 = CARTESIAN_POINT('',(58.320393061794,-24.40149547948,
    -5.721545210792));
#6571 = CARTESIAN_POINT('',(58.345093502099,-24.46368447889,
    -5.714929652984));
#6572 = CARTESIAN_POINT('',(58.372491156128,-24.52519538339,
    -5.707418450344));
#6573 = CARTESIAN_POINT('',(58.454285055388,-24.69261678026,
    -5.684423077813));
#6574 = CARTESIAN_POINT('',(58.513472839229,-24.79710713606,
    -5.667196850479));
#6575 = CARTESIAN_POINT('',(58.577915232835,-24.8998500307,
    -5.647618703752));
#6576 = CARTESIAN_POINT('',(58.646224272377,-25.00108274252,
    -5.625852571124));
#6577 = CARTESIAN_POINT('',(58.717435259907,-25.10098114473,
    -5.602012449245));
#6578 = CARTESIAN_POINT('',(58.790883858149,-25.19970263111,
    -5.576172936856));
#6579 = CARTESIAN_POINT('',(58.866099204383,-25.29742115799,
    -5.548369380505));
#6580 = CARTESIAN_POINT('',(59.018795102225,-25.49037089999,
    -5.489079660429));
#6581 = CARTESIAN_POINT('',(59.096184299295,-25.58553628493,
    -5.457653821947));
#6582 = CARTESIAN_POINT('',(59.174608551434,-25.67994036122,
    -5.424332436392));
#6583 = CARTESIAN_POINT('',(59.25381402571,-25.77365455414,
    -5.389122079888));
#6584 = CARTESIAN_POINT('',(59.333609766627,-25.86672602905,
    -5.352020202654));
#6585 = CARTESIAN_POINT('',(59.413843855044,-25.95918828341,
    -5.313017392747));
#6586 = CARTESIAN_POINT('',(59.494390879579,-26.05106663564,
    -5.27209795496));
#6587 = CARTESIAN_POINT('',(59.738564243317,-26.32714385209,
    -5.142515445615));
#6588 = CARTESIAN_POINT('',(59.902809672264,-26.50954828372,
    -5.047870520869));
#6589 = CARTESIAN_POINT('',(60.067046228482,-26.68973824422,
    -4.945121826803));
#6590 = CARTESIAN_POINT('',(60.230701585963,-26.86766210513,
    -4.834021500255));
#6591 = CARTESIAN_POINT('',(60.393274663248,-27.04316615356,
    -4.714273588102));
#6592 = CARTESIAN_POINT('',(60.554278931519,-27.21602072456,
    -4.585534971964));
#6593 = CARTESIAN_POINT('',(60.713236341246,-27.38591659749,
    -4.447398841512));
#6594 = CARTESIAN_POINT('',(61.052643507814,-27.74737162067,
    -4.126127237176));
#6595 = CARTESIAN_POINT('',(61.231960937442,-27.93749794892,
    -3.939511324212));
#6596 = CARTESIAN_POINT('',(61.406933152119,-28.12242038865,
    -3.738598294097));
#6597 = CARTESIAN_POINT('',(61.576602683139,-28.30129321604,
    -3.522462759338));
#6598 = CARTESIAN_POINT('',(61.739677992098,-28.47288121052,
    -3.29020340295));
#6599 = CARTESIAN_POINT('',(61.894542651001,-28.63558629452,
    -3.040993404025));
#6600 = CARTESIAN_POINT('',(62.039252336838,-28.78744617654,
    -2.774085980176));
#6601 = CARTESIAN_POINT('',(62.219369370609,-28.97629797338,
    -2.385333864573));
#6602 = CARTESIAN_POINT('',(62.265607112921,-29.0247606133,
    -2.279575539517));
#6603 = CARTESIAN_POINT('',(62.310065597702,-29.07134340385,
    -2.171429766078));
#6604 = CARTESIAN_POINT('',(62.352614937012,-29.1159130596,
    -2.060901666674));
#6605 = CARTESIAN_POINT('',(62.393116267725,-29.15832670001,
    -1.948015031574));
#6606 = CARTESIAN_POINT('',(62.431424467489,-29.19843470255,
    -1.832815286007));
#6607 = CARTESIAN_POINT('',(62.467390870699,-29.23608355594,
    -1.715372457268));
#6608 = CARTESIAN_POINT('',(62.518826215752,-29.28991594675,
    -1.531622035561));
#6609 = CARTESIAN_POINT('',(62.53606903708,-29.30796052096,
    -1.466843476228));
#6610 = CARTESIAN_POINT('',(62.552571241143,-29.32522844088,
    -1.401464615922));
#6611 = CARTESIAN_POINT('',(62.568309611731,-29.34169568706,
    -1.3355041673));
#6612 = CARTESIAN_POINT('',(62.583261180515,-29.3573384836,
    -1.268983578671));
#6613 = CARTESIAN_POINT('',(62.597403483842,-29.37213356618,
    -1.201927209095));
#6614 = CARTESIAN_POINT('',(62.610714819528,-29.38605845005,
    -1.134362503483));
#6615 = CARTESIAN_POINT('',(62.647107211747,-29.42412611428,
    -0.935623647259));
#6616 = CARTESIAN_POINT('',(62.667901294367,-29.44587454377,
    -0.80314460275));
#6617 = CARTESIAN_POINT('',(62.685404844515,-29.46417949991,
    -0.669123693615));
#6618 = CARTESIAN_POINT('',(62.69948657762,-29.47890481935,
    -0.533825573537));
#6619 = CARTESIAN_POINT('',(62.710041048266,-29.48994109898,
    -0.397539937841));
#6620 = CARTESIAN_POINT('',(62.716993866917,-29.497211133,
    -0.260582570905));
#6621 = CARTESIAN_POINT('',(62.720306916648,-29.50067534998,
    -0.123296393567));
#6622 = CARTESIAN_POINT('',(62.71966451113,-29.50000363343,0.14937132357
    ));
#6623 = CARTESIAN_POINT('',(62.715804798621,-29.49596781137,
    0.284784376138));
#6624 = CARTESIAN_POINT('',(62.708406085864,-29.48823150115,
    0.419831258061));
#6625 = CARTESIAN_POINT('',(62.697509068784,-29.47683695007,
    0.554184187745));
#6626 = CARTESIAN_POINT('',(62.683188456011,-29.46186169297,
    0.687541952868));
#6627 = CARTESIAN_POINT('',(62.665547939181,-29.44341331011,
    0.819628872153));
#6628 = CARTESIAN_POINT('',(62.644715163238,-29.42162418484,
    0.950193757129));
#6629 = CARTESIAN_POINT('',(62.609031567002,-29.38429757794,
    1.142692995518));
#6630 = CARTESIAN_POINT('',(62.596481214882,-29.37116865755,
    1.205954013575));
#6631 = CARTESIAN_POINT('',(62.583202755724,-29.35727723823,
    1.26876696826));
#6632 = CARTESIAN_POINT('',(62.569214072028,-29.34264184685,
    1.331109403768));
#6633 = CARTESIAN_POINT('',(62.55453362719,-29.32728160486,
    1.392961241458));
#6634 = CARTESIAN_POINT('',(62.539180279264,-29.31121603394,
    1.454304653006));
#6635 = CARTESIAN_POINT('',(62.523173094713,-29.2944648616,
    1.515123933559));
#6636 = CARTESIAN_POINT('',(62.472264464586,-29.24118514913,
    1.699528334403));
#6637 = CARTESIAN_POINT('',(62.435307910565,-29.20250075855,
    1.821366329291));
#6638 = CARTESIAN_POINT('',(62.395826793646,-29.16116556438,
    1.940807019092));
#6639 = CARTESIAN_POINT('',(62.353986782741,-29.11735065047,
    2.057771219312));
#6640 = CARTESIAN_POINT('',(62.309949473976,-29.07122263497,
    2.172208059059));
#6641 = CARTESIAN_POINT('',(62.263868766784,-29.02293987436,
    2.28409096817));
#6642 = CARTESIAN_POINT('',(62.21588806425,-28.97264951165,
    2.393414493816));
#6643 = CARTESIAN_POINT('',(62.098875355023,-28.84995812824,
    2.644557763498));
#6644 = CARTESIAN_POINT('',(62.028387446791,-28.77601496786,
    2.78425031999));
#6645 = CARTESIAN_POINT('',(61.954993561111,-28.6989817001,
    2.919317535055));
#6646 = CARTESIAN_POINT('',(61.878985749246,-28.61915524011,
    3.049829721106));
#6647 = CARTESIAN_POINT('',(61.800627868231,-28.53680197026,
    3.175876641048));
#6648 = CARTESIAN_POINT('',(61.720154323499,-28.45215610451,
    3.297564565333));
#6649 = CARTESIAN_POINT('',(61.637768811493,-28.36541805288,
    3.41501332902));
#6650 = CARTESIAN_POINT('',(61.439447010761,-28.15639459001,
    3.682206251116));
#6651 = CARTESIAN_POINT('',(61.322072083725,-28.03251431097,
    3.828451164708));
#6652 = CARTESIAN_POINT('',(61.201952382892,-27.9055295966,
    3.967417165871));
#6653 = CARTESIAN_POINT('',(61.079471323999,-27.77579687702,
    4.099396043194));
#6654 = CARTESIAN_POINT('',(60.954967408283,-27.64361701393,
    4.224656381584));
#6655 = CARTESIAN_POINT('',(60.828740068124,-27.50923752431,
    4.343451706057));
#6656 = CARTESIAN_POINT('',(60.701055586841,-27.37285137866,
    4.456022725341));
#6657 = CARTESIAN_POINT('',(60.449822590724,-27.10338239537,
    4.663731189151));
#6658 = CARTESIAN_POINT('',(60.326414581724,-26.97050654854,
    4.759448913289));
#6659 = CARTESIAN_POINT('',(60.202143840553,-26.83608949315,
    4.849934536821));
#6660 = CARTESIAN_POINT('',(60.077224804469,-26.70023243299,
    4.93534781025));
#6661 = CARTESIAN_POINT('',(59.951883866843,-26.5630098433,5.01582693969
    ));
#6662 = CARTESIAN_POINT('',(59.826366465749,-26.4244674844,
    5.091492117157));
#6663 = CARTESIAN_POINT('',(59.700958587345,-26.28461253093,
    5.162445324076));
#6664 = CARTESIAN_POINT('',(59.451453132395,-26.00253058197,
    5.294912096977));
#6665 = CARTESIAN_POINT('',(59.327437830474,-25.86040627943,
    5.356404910504));
#6666 = CARTESIAN_POINT('',(59.204296808894,-25.7168725969,
    5.413374410148));
#6667 = CARTESIAN_POINT('',(59.08249392345,-25.57178321526,5.46587747257
    ));
#6668 = CARTESIAN_POINT('',(58.962696249682,-25.42497425333,
    5.513919742056));
#6669 = CARTESIAN_POINT('',(58.845952176677,-25.27619134569,
    5.557439178373));
#6670 = CARTESIAN_POINT('',(58.733801927703,-25.12504832906,
    5.596326470483));
#6671 = CARTESIAN_POINT('',(58.585343620281,-24.90545553152,
    5.644562876101));
#6672 = CARTESIAN_POINT('',(58.542721897033,-24.83979249542,
    5.657976575849));
#6673 = CARTESIAN_POINT('',(58.501717079309,-24.77348975025,
    5.670482668735));
#6674 = CARTESIAN_POINT('',(58.462627053174,-24.70647924944,
    5.682046031265));
#6675 = CARTESIAN_POINT('',(58.425828237831,-24.63870623086,
    5.692618563886));
#6676 = CARTESIAN_POINT('',(58.391791502628,-24.57012455826,
    5.702139141527));
#6677 = CARTESIAN_POINT('',(58.361078190828,-24.50069747355,5.7105345197
    ));
#6678 = CARTESIAN_POINT('',(58.310782823809,-24.36876527131,
    5.724030689801));
#6679 = CARTESIAN_POINT('',(58.290288130027,-24.30643613111,
    5.729411840921));
#6680 = CARTESIAN_POINT('',(58.273233953952,-24.24348899952,
    5.733805027177));
#6681 = CARTESIAN_POINT('',(58.260054597318,-24.18001435381,
    5.737149025267));
#6682 = CARTESIAN_POINT('',(58.251147370504,-24.11613208639,
    5.739389236683));
#6683 = CARTESIAN_POINT('',(58.246778844181,-24.05199945105,
    5.740488087461));
#6684 = CARTESIAN_POINT('',(58.247004941718,-23.98781899674,
    5.740435515237));
#6685 = CARTESIAN_POINT('',(58.256417772902,-23.85887079517,
    5.738054653153));
#6686 = CARTESIAN_POINT('',(58.265744678948,-23.79408985906,
    5.735690713896));
#6687 = CARTESIAN_POINT('',(58.279508234019,-23.72971149566,
    5.732183918737));
#6688 = CARTESIAN_POINT('',(58.297362715988,-23.66587710207,
    5.727583825231));
#6689 = CARTESIAN_POINT('',(58.318853917235,-23.60267294003,
    5.72195334867));
#6690 = CARTESIAN_POINT('',(58.343510746773,-23.54014336968,
    5.715357241951));
#6691 = CARTESIAN_POINT('',(58.370908916795,-23.4782991017,
    5.707854342604));
#6692 = CARTESIAN_POINT('',(58.452617233194,-23.31036835014,
    5.684906936199));
#6693 = CARTESIAN_POINT('',(58.511743211234,-23.20570300669,
    5.667718276353));
#6694 = CARTESIAN_POINT('',(58.576168452075,-23.10279433036,
    5.648167948611));
#6695 = CARTESIAN_POINT('',(58.644490804827,-23.00140398883,
    5.626421714752));
#6696 = CARTESIAN_POINT('',(58.715736198935,-22.9013552826,
    5.602594865416));
#6697 = CARTESIAN_POINT('',(58.789234616799,-22.80248988959,
    5.576762845968));
#6698 = CARTESIAN_POINT('',(58.864511271526,-22.70463225341,
    5.548961438927));
#6699 = CARTESIAN_POINT('',(59.017265610041,-22.51151631818,
    5.489697330517));
#6700 = CARTESIAN_POINT('',(59.09464779199,-22.41632303412,5.45829958932
    ));
#6701 = CARTESIAN_POINT('',(59.173069328549,-22.3218924179,
    5.425005592947));
#6702 = CARTESIAN_POINT('',(59.252275403986,-22.2281527293,
    5.389822053391));
#6703 = CARTESIAN_POINT('',(59.332074396429,-22.13505658315,
    5.352746519164));
#6704 = CARTESIAN_POINT('',(59.412313906753,-22.0425703027,
    5.313769653018));
#6705 = CARTESIAN_POINT('',(59.4928681664,-21.95066840423,5.272875814455
    ));
#6706 = CARTESIAN_POINT('',(59.737035191042,-21.6745583083,
    5.143387244832));
#6707 = CARTESIAN_POINT('',(59.901271492527,-21.49214472556,
    5.048812920032));
#6708 = CARTESIAN_POINT('',(60.065503267542,-21.31194519858,
    4.946137251646));
#6709 = CARTESIAN_POINT('',(60.229157584475,-21.134010799,4.835112766713
    ));
#6710 = CARTESIAN_POINT('',(60.391733141823,-20.95849471904,
    4.715443890703));
#6711 = CARTESIAN_POINT('',(60.552743415077,-20.78562606166,
    4.586787883326));
#6712 = CARTESIAN_POINT('',(60.711710617536,-20.61571345198,
    4.448738317161));
#6713 = CARTESIAN_POINT('',(61.051109111002,-20.25425640533,
    4.127701073498));
#6714 = CARTESIAN_POINT('',(61.230411544777,-20.06414115879,
    3.941239844667));
#6715 = CARTESIAN_POINT('',(61.405377075445,-19.8792218952,3.74049448384
    ));
#6716 = CARTESIAN_POINT('',(61.575050007255,-19.70034232901,
    3.524541020282));
#6717 = CARTESIAN_POINT('',(61.738141577137,-19.52873467607,
    3.292479035595));
#6718 = CARTESIAN_POINT('',(61.893039009209,-19.36599312375,
    3.043481868863));
#6719 = CARTESIAN_POINT('',(62.037802379026,-19.21407531256,
    2.776801870827));
#6720 = CARTESIAN_POINT('',(62.21805500206,-19.02507970688,
    2.388317720621));
#6721 = CARTESIAN_POINT('',(62.264350310541,-18.97655634877,
    2.282586427275));
#6722 = CARTESIAN_POINT('',(62.308867987992,-18.92991120519,
    2.174466179824));
#6723 = CARTESIAN_POINT('',(62.351478183227,-18.88527751712,
    2.063961816982));
#6724 = CARTESIAN_POINT('',(62.392042041764,-18.84279815065,
    1.951096808009));
#6725 = CARTESIAN_POINT('',(62.430414413618,-18.80262275217,
    1.835916216483));
#6726 = CARTESIAN_POINT('',(62.466446561095,-18.76490490358,
    1.718489664082));
#6727 = CARTESIAN_POINT('',(62.552192518772,-18.67516254755,
    1.412812864619));
#6728 = CARTESIAN_POINT('',(62.598397365757,-18.62681956428,
    1.221394303589));
#6729 = CARTESIAN_POINT('',(62.637985318132,-18.58541006884,
    1.025166573548));
#6730 = CARTESIAN_POINT('',(62.670381726863,-18.55152931886,
    0.824774290398));
#6731 = CARTESIAN_POINT('',(62.695082959429,-18.52569949027,
    0.621010491315));
#6732 = CARTESIAN_POINT('',(62.71169741805,-18.5083269743,0.414832194901
    ));
#6733 = CARTESIAN_POINT('',(62.72,-18.49964556962,0.207379753831));
#6734 = CARTESIAN_POINT('',(62.72,-18.49964556962,2.6645352591E-15));
#6735 = PCURVE('',#6404,#6736);
#6736 = DEFINITIONAL_REPRESENTATION('',(#6737),#6964);
#6737 = B_SPLINE_CURVE_WITH_KNOTS('',8,(#6738,#6739,#6740,#6741,#6742,
    #6743,#6744,#6745,#6746,#6747,#6748,#6749,#6750,#6751,#6752,#6753,
    #6754,#6755,#6756,#6757,#6758,#6759,#6760,#6761,#6762,#6763,#6764,
    #6765,#6766,#6767,#6768,#6769,#6770,#6771,#6772,#6773,#6774,#6775,
    #6776,#6777,#6778,#6779,#6780,#6781,#6782,#6783,#6784,#6785,#6786,
    #6787,#6788,#6789,#6790,#6791,#6792,#6793,#6794,#6795,#6796,#6797,
    #6798,#6799,#6800,#6801,#6802,#6803,#6804,#6805,#6806,#6807,#6808,
    #6809,#6810,#6811,#6812,#6813,#6814,#6815,#6816,#6817,#6818,#6819,
    #6820,#6821,#6822,#6823,#6824,#6825,#6826,#6827,#6828,#6829,#6830,
    #6831,#6832,#6833,#6834,#6835,#6836,#6837,#6838,#6839,#6840,#6841,
    #6842,#6843,#6844,#6845,#6846,#6847,#6848,#6849,#6850,#6851,#6852,
    #6853,#6854,#6855,#6856,#6857,#6858,#6859,#6860,#6861,#6862,#6863,
    #6864,#6865,#6866,#6867,#6868,#6869,#6870,#6871,#6872,#6873,#6874,
    #6875,#6876,#6877,#6878,#6879,#6880,#6881,#6882,#6883,#6884,#6885,
    #6886,#6887,#6888,#6889,#6890,#6891,#6892,#6893,#6894,#6895,#6896,
    #6897,#6898,#6899,#6900,#6901,#6902,#6903,#6904,#6905,#6906,#6907,
    #6908,#6909,#6910,#6911,#6912,#6913,#6914,#6915,#6916,#6917,#6918,
    #6919,#6920,#6921,#6922,#6923,#6924,#6925,#6926,#6927,#6928,#6929,
    #6930,#6931,#6932,#6933,#6934,#6935,#6936,#6937,#6938,#6939,#6940,
    #6941,#6942,#6943,#6944,#6945,#6946,#6947,#6948,#6949,#6950,#6951,
    #6952,#6953,#6954,#6955,#6956,#6957,#6958,#6959,#6960,#6961,#6962,
    #6963),.UNSPECIFIED.,.F.,.F.,(9,7,7,7,7,7,7,7,7,7,7,7,7,7,7,7,7,7,7,
    7,7,7,7,7,7,7,7,7,7,7,7,7,9),(0.,3.601931786853E-02,
    5.918138708767E-02,9.163506014139E-02,0.136348643978,0.178103869518,
    0.219056521974,0.237622885721,0.252451216592,0.26801249882,
    0.295262213009,0.322266289241,0.376907694894,0.440848150305,
    0.464011909677,0.476439842829,0.500311563287,0.523866710808,
    0.535511996834,0.559490311455,0.591909599306,0.635916989438,
    0.677680697404,0.719335040933,0.7368895723,0.752286749854,
    0.767922874451,0.795205494075,0.82221253154,0.876848895938,
    0.940769811762,0.963939616175,1.),.UNSPECIFIED.);
#6738 = CARTESIAN_POINT('',(1.570796326795,11.35035443038));
#6739 = CARTESIAN_POINT('',(1.605784437334,11.35035443038));
#6740 = CARTESIAN_POINT('',(1.640784722252,11.341693958717));
#6741 = CARTESIAN_POINT('',(1.675635986584,11.32436336935));
#6742 = CARTESIAN_POINT('',(1.710211466877,11.298595273205));
#6743 = CARTESIAN_POINT('',(1.744409212228,11.264794149652));
#6744 = CARTESIAN_POINT('',(1.778145238268,11.223479909901));
#6745 = CARTESIAN_POINT('',(1.811349454085,11.175245412309));
#6746 = CARTESIAN_POINT('',(1.864937240007,11.085670694131));
#6747 = CARTESIAN_POINT('',(1.885674503612,11.048001571961));
#6748 = CARTESIAN_POINT('',(1.906167630219,11.007875058999));
#6749 = CARTESIAN_POINT('',(1.92641116759,10.965444593373));
#6750 = CARTESIAN_POINT('',(1.946402454274,10.920859708624));
#6751 = CARTESIAN_POINT('',(1.966141339946,10.874263186896));
#6752 = CARTESIAN_POINT('',(1.985629905746,10.825788212125));
#6753 = CARTESIAN_POINT('',(2.03183361979,10.705171688074));
#6754 = CARTESIAN_POINT('',(2.058308007993,10.631346695343));
#6755 = CARTESIAN_POINT('',(2.08430944947,10.554408982903));
#6756 = CARTESIAN_POINT('',(2.109852959793,10.474657971292));
#6757 = CARTESIAN_POINT('',(2.134954718097,10.392362367123));
#6758 = CARTESIAN_POINT('',(2.159632315295,10.307758466484));
#6759 = CARTESIAN_POINT('',(2.183905002306,10.221048458337));
#6760 = CARTESIAN_POINT('',(2.240707314199,10.0102600983));
#6761 = CARTESIAN_POINT('',(2.27288394577,9.884470300381));
#6762 = CARTESIAN_POINT('',(2.304379222449,9.755469226296));
#6763 = CARTESIAN_POINT('',(2.335238494158,9.623631434303));
#6764 = CARTESIAN_POINT('',(2.365500829596,9.489272350825));
#6765 = CARTESIAN_POINT('',(2.395201337138,9.352650699694));
#6766 = CARTESIAN_POINT('',(2.424372048321,9.213967158605));
#6767 = CARTESIAN_POINT('',(2.479813848617,8.942054284971));
#6768 = CARTESIAN_POINT('',(2.50614472239,8.809092757934));
#6769 = CARTESIAN_POINT('',(2.532055277276,8.674597509109));
#6770 = CARTESIAN_POINT('',(2.557559796362,8.538668069705));
#6771 = CARTESIAN_POINT('',(2.582665175484,8.401377241993));
#6772 = CARTESIAN_POINT('',(2.607370757938,8.26276906771));
#6773 = CARTESIAN_POINT('',(2.631665251759,8.122848729845));
#6774 = CARTESIAN_POINT('',(2.678911482868,7.842976944483));
#6775 = CARTESIAN_POINT('',(2.701865133612,7.70316581953));
#6776 = CARTESIAN_POINT('',(2.724363730291,7.561987337986));
#6777 = CARTESIAN_POINT('',(2.746360912296,7.419301420534));
#6778 = CARTESIAN_POINT('',(2.767774461897,7.274949541616));
#6779 = CARTESIAN_POINT('',(2.78845938948,7.128687998913));
#6780 = CARTESIAN_POINT('',(2.808190281425,6.980145956024));
#6781 = CARTESIAN_POINT('',(2.834791221851,6.759610240448));
#6782 = CARTESIAN_POINT('',(2.842790308502,6.690202627322));
#6783 = CARTESIAN_POINT('',(2.850449232908,6.620080514826));
#6784 = CARTESIAN_POINT('',(2.857710165071,6.549162423402));
#6785 = CARTESIAN_POINT('',(2.86449838303,6.477384828387));
#6786 = CARTESIAN_POINT('',(2.870718459489,6.404695514344));
#6787 = CARTESIAN_POINT('',(2.876255392837,6.331054917641));
#6788 = CARTESIAN_POINT('',(2.884769622795,6.196881246165));
#6789 = CARTESIAN_POINT('',(2.88803867312,6.136681154194));
#6790 = CARTESIAN_POINT('',(2.890730177797,6.075925227571));
#6791 = CARTESIAN_POINT('',(2.89277944808,6.014703339007));
#6792 = CARTESIAN_POINT('',(2.894129410222,5.95313073266));
#6793 = CARTESIAN_POINT('',(2.894743611863,5.891353959414));
#6794 = CARTESIAN_POINT('',(2.894616697563,5.829556511555));
#6795 = CARTESIAN_POINT('',(2.892887843365,5.703319240369));
#6796 = CARTESIAN_POINT('',(2.891213079865,5.638879915095));
#6797 = CARTESIAN_POINT('',(2.888775329136,5.574848941377));
#6798 = CARTESIAN_POINT('',(2.885633530207,5.511362905059));
#6799 = CARTESIAN_POINT('',(2.881863812516,5.44850452052));
#6800 = CARTESIAN_POINT('',(2.877544499148,5.386315521101));
#6801 = CARTESIAN_POINT('',(2.872745846286,5.324804616605));
#6802 = CARTESIAN_POINT('',(2.858393672319,5.157383219731));
#6803 = CARTESIAN_POINT('',(2.847981331141,5.052892863932));
#6804 = CARTESIAN_POINT('',(2.836605844179,4.950149969293));
#6805 = CARTESIAN_POINT('',(2.824497828547,4.848917257476));
#6806 = CARTESIAN_POINT('',(2.811815582484,4.749018855261));
#6807 = CARTESIAN_POINT('',(2.798666002364,4.650297368884));
#6808 = CARTESIAN_POINT('',(2.785122249665,4.552578842006));
#6809 = CARTESIAN_POINT('',(2.757452883123,4.359629100002));
#6810 = CARTESIAN_POINT('',(2.743345349151,4.264463715068));
#6811 = CARTESIAN_POINT('',(2.728954946873,4.170059638775));
#6812 = CARTESIAN_POINT('',(2.714317267135,4.076345445853));
#6813 = CARTESIAN_POINT('',(2.699456838907,3.983273970948));
#6814 = CARTESIAN_POINT('',(2.684391130324,3.890811716582));
#6815 = CARTESIAN_POINT('',(2.669132583574,3.798933364351));
#6816 = CARTESIAN_POINT('',(2.622438719926,3.522856147908));
#6817 = CARTESIAN_POINT('',(2.590437369359,3.340451716273));
#6818 = CARTESIAN_POINT('',(2.557749086392,3.160261755773));
#6819 = CARTESIAN_POINT('',(2.524383936139,2.98233789487));
#6820 = CARTESIAN_POINT('',(2.490328803184,2.80683384644));
#6821 = CARTESIAN_POINT('',(2.455554835733,2.633979275431));
#6822 = CARTESIAN_POINT('',(2.420013984141,2.464083402509));
#6823 = CARTESIAN_POINT('',(2.341070333527,2.102628379328));
#6824 = CARTESIAN_POINT('',(2.29740231502,1.912502051075));
#6825 = CARTESIAN_POINT('',(2.252489419122,1.727579611347));
#6826 = CARTESIAN_POINT('',(2.206199203805,1.548706783957));
#6827 = CARTESIAN_POINT('',(2.158405469484,1.377118789479));
#6828 = CARTESIAN_POINT('',(2.108984113154,1.214413705474));
#6829 = CARTESIAN_POINT('',(2.057799745244,1.062553823454));
#6830 = CARTESIAN_POINT('',(1.985426247016,0.873702026617));
#6831 = CARTESIAN_POINT('',(1.965933486815,0.825239386695));
#6832 = CARTESIAN_POINT('',(1.946190339289,0.778656596147));
#6833 = CARTESIAN_POINT('',(1.926194735007,0.734086940393));
#6834 = CARTESIAN_POINT('',(1.905946839585,0.691673299987));
#6835 = CARTESIAN_POINT('',(1.885449334052,0.651565297444));
#6836 = CARTESIAN_POINT('',(1.86470769521,0.613916444058));
#6837 = CARTESIAN_POINT('',(1.832475676038,0.560084053247));
#6838 = CARTESIAN_POINT('',(1.821153265052,0.542039479034));
#6839 = CARTESIAN_POINT('',(1.80976475816,0.524771559114));
#6840 = CARTESIAN_POINT('',(1.798311971837,0.508304312939));
#6841 = CARTESIAN_POINT('',(1.786797051413,0.492661516398));
#6842 = CARTESIAN_POINT('',(1.775222498582,0.477866433813));
#6843 = CARTESIAN_POINT('',(1.76359119891,0.463941549943));
#6844 = CARTESIAN_POINT('',(1.72946224466,0.425873885711));
#6845 = CARTESIAN_POINT('',(1.70681731622,0.404125456222));
#6846 = CARTESIAN_POINT('',(1.683999177464,0.385820500081));
#6847 = CARTESIAN_POINT('',(1.661037177031,0.371095180645));
#6848 = CARTESIAN_POINT('',(1.637963187442,0.360058901016));
#6849 = CARTESIAN_POINT('',(1.614812293797,0.352788866991));
#6850 = CARTESIAN_POINT('',(1.591623482465,0.349324650015));
#6851 = CARTESIAN_POINT('',(1.545564618632,0.349996366568));
#6852 = CARTESIAN_POINT('',(1.52268935622,0.354032188628));
#6853 = CARTESIAN_POINT('',(1.499856214903,0.361768498843));
#6854 = CARTESIAN_POINT('',(1.47710243763,0.37316304993));
#6855 = CARTESIAN_POINT('',(1.454461480212,0.388138307023));
#6856 = CARTESIAN_POINT('',(1.43196365361,0.40658668989));
#6857 = CARTESIAN_POINT('',(1.409636766205,0.42837581516));
#6858 = CARTESIAN_POINT('',(1.376566050015,0.46570242206));
#6859 = CARTESIAN_POINT('',(1.365672663755,0.478831342443));
#6860 = CARTESIAN_POINT('',(1.354829281978,0.492722761764));
#6861 = CARTESIAN_POINT('',(1.344038263713,0.507358153147));
#6862 = CARTESIAN_POINT('',(1.333301672327,0.522718395134));
#6863 = CARTESIAN_POINT('',(1.322621295503,0.538783966054));
#6864 = CARTESIAN_POINT('',(1.311998665213,0.555535138394));
#6865 = CARTESIAN_POINT('',(1.279684042616,0.608814850866));
#6866 = CARTESIAN_POINT('',(1.258184150812,0.647499241447));
#6867 = CARTESIAN_POINT('',(1.236945435695,0.688834435612));
#6868 = CARTESIAN_POINT('',(1.21597409257,0.732649349526));
#6869 = CARTESIAN_POINT('',(1.195273117968,0.778777365029));
#6870 = CARTESIAN_POINT('',(1.174842754154,0.827060125639));
#6871 = CARTESIAN_POINT('',(1.154680738821,0.877350488346));
#6872 = CARTESIAN_POINT('',(1.107879248485,1.000041871755));
#6873 = CARTESIAN_POINT('',(1.081461617386,1.073985032131));
#6874 = CARTESIAN_POINT('',(1.055515213847,1.151018299899));
#6875 = CARTESIAN_POINT('',(1.030024932698,1.230844759883));
#6876 = CARTESIAN_POINT('',(1.004974562465,1.313198029732));
#6877 = CARTESIAN_POINT('',(0.980346531414,1.397843895484));
#6878 = CARTESIAN_POINT('',(0.956121653585,1.48458194712));
#6879 = CARTESIAN_POINT('',(0.89991362143,1.693605409986));
#6880 = CARTESIAN_POINT('',(0.868260248983,1.817485689025));
#6881 = CARTESIAN_POINT('',(0.837266227115,1.9444704034));
#6882 = CARTESIAN_POINT('',(0.80688835084,2.074203122975));
#6883 = CARTESIAN_POINT('',(0.77708929402,2.206382986065));
#6884 = CARTESIAN_POINT('',(0.747835469654,2.340762475688));
#6885 = CARTESIAN_POINT('',(0.719096197013,2.47714862134));
#6886 = CARTESIAN_POINT('',(0.664032561283,2.746617604625));
#6887 = CARTESIAN_POINT('',(0.637664015922,2.879493451459));
#6888 = CARTESIAN_POINT('',(0.611716942611,3.013910506848));
#6889 = CARTESIAN_POINT('',(0.586176735819,3.149767567004));
#6890 = CARTESIAN_POINT('',(0.561036103475,3.286990156697));
#6891 = CARTESIAN_POINT('',(0.536295211706,3.425532515595));
#6892 = CARTESIAN_POINT('',(0.511964682845,3.565387469061));
#6893 = CARTESIAN_POINT('',(0.464246831893,3.847469418024));
#6894 = CARTESIAN_POINT('',(0.440873430101,3.989593720562));
#6895 = CARTESIAN_POINT('',(0.417968145596,4.133127403097));
#6896 = CARTESIAN_POINT('',(0.395578370829,4.27821678474));
#6897 = CARTESIAN_POINT('',(0.373789160708,4.425025746661));
#6898 = CARTESIAN_POINT('',(0.352752676572,4.573808654308));
#6899 = CARTESIAN_POINT('',(0.332705707777,4.724951670934));
#6900 = CARTESIAN_POINT('',(0.306337783832,4.944544468472));
#6901 = CARTESIAN_POINT('',(0.298790363403,5.010207504578));
#6902 = CARTESIAN_POINT('',(0.29154934759,5.076510249748));
#6903 = CARTESIAN_POINT('',(0.284663913367,5.143520750555));
#6904 = CARTESIAN_POINT('',(0.278196770516,5.211293769134));
#6905 = CARTESIAN_POINT('',(0.272226815736,5.279875441736));
#6906 = CARTESIAN_POINT('',(0.266848484393,5.349302526449));
#6907 = CARTESIAN_POINT('',(0.258052088577,5.481234728682));
#6908 = CARTESIAN_POINT('',(0.254472855621,5.543563868885));
#6909 = CARTESIAN_POINT('',(0.251498080527,5.60651100048));
#6910 = CARTESIAN_POINT('',(0.249201304263,5.669985646186));
#6911 = CARTESIAN_POINT('',(0.247649843761,5.733867913608));
#6912 = CARTESIAN_POINT('',(0.246888932243,5.798000548949));
#6913 = CARTESIAN_POINT('',(0.24692813587,5.862181003255));
#6914 = CARTESIAN_POINT('',(0.248568215011,5.991129204822));
#6915 = CARTESIAN_POINT('',(0.250193521546,6.055910140931));
#6916 = CARTESIAN_POINT('',(0.252592722521,6.120288504339));
#6917 = CARTESIAN_POINT('',(0.255707150556,6.184122897929));
#6918 = CARTESIAN_POINT('',(0.259459870479,6.247327059969));
#6919 = CARTESIAN_POINT('',(0.263771218145,6.309856630312));
#6920 = CARTESIAN_POINT('',(0.268569583969,6.371700898297));
#6921 = CARTESIAN_POINT('',(0.282905648556,6.539631649859));
#6922 = CARTESIAN_POINT('',(0.293306196437,6.644296993304));
#6923 = CARTESIAN_POINT('',(0.304677549793,6.747205669634));
#6924 = CARTESIAN_POINT('',(0.316786687817,6.848596011168));
#6925 = CARTESIAN_POINT('',(0.329473729334,6.948644717399));
#6926 = CARTESIAN_POINT('',(0.342630823354,7.047510110407));
#6927 = CARTESIAN_POINT('',(0.356184159748,7.145367746587));
#6928 = CARTESIAN_POINT('',(0.383861163773,7.338483681811));
#6929 = CARTESIAN_POINT('',(0.39796581618,7.433676965875));
#6930 = CARTESIAN_POINT('',(0.412353989344,7.528107582091));
#6931 = CARTESIAN_POINT('',(0.426989923795,7.6218472707));
#6932 = CARTESIAN_POINT('',(0.441848975615,7.714943416845));
#6933 = CARTESIAN_POINT('',(0.45691359325,7.807429697298));
#6934 = CARTESIAN_POINT('',(0.472171271993,7.899331595767));
#6935 = CARTESIAN_POINT('',(0.518856753126,8.175441691693));
#6936 = CARTESIAN_POINT('',(0.550850829735,8.357855274436));
#6937 = CARTESIAN_POINT('',(0.583531910802,8.538054801416));
#6938 = CARTESIAN_POINT('',(0.616889752241,8.715989200998));
#6939 = CARTESIAN_POINT('',(0.650937340907,8.89150528096));
#6940 = CARTESIAN_POINT('',(0.685703420972,9.064373938336));
#6941 = CARTESIAN_POINT('',(0.721235955581,9.234286548014));
#6942 = CARTESIAN_POINT('',(0.800151332833,9.595743594663));
#6943 = CARTESIAN_POINT('',(0.843798824946,9.785858841205));
#6944 = CARTESIAN_POINT('',(0.88868975229,9.970778104792));
#6945 = CARTESIAN_POINT('',(0.934956321243,10.149657670981));
#6946 = CARTESIAN_POINT('',(0.982724584991,10.32126532393));
#6947 = CARTESIAN_POINT('',(1.032118574443,10.484006876244));
#6948 = CARTESIAN_POINT('',(1.083273678364,10.635924687434));
#6949 = CARTESIAN_POINT('',(1.155615745652,10.82492029312));
#6950 = CARTESIAN_POINT('',(1.175108220576,10.873443651228));
#6951 = CARTESIAN_POINT('',(1.194851185309,10.920088794809));
#6952 = CARTESIAN_POINT('',(1.214846744168,10.964722482875));
#6953 = CARTESIAN_POINT('',(1.23509477083,11.007201849346));
#6954 = CARTESIAN_POINT('',(1.255592629023,11.04737724783));
#6955 = CARTESIAN_POINT('',(1.276334893198,11.085095096411));
#6956 = CARTESIAN_POINT('',(1.329962506623,11.174837452444));
#6957 = CARTESIAN_POINT('',(1.363203007831,11.22318043572));
#6958 = CARTESIAN_POINT('',(1.396976967428,11.264589931152));
#6959 = CARTESIAN_POINT('',(1.431214142983,11.298470681131));
#6960 = CARTESIAN_POINT('',(1.465830349417,11.324300509722));
#6961 = CARTESIAN_POINT('',(1.500723352714,11.341673025694));
#6962 = CARTESIAN_POINT('',(1.535765962972,11.35035443038));
#6963 = CARTESIAN_POINT('',(1.570796326795,11.35035443038));
#6964 = ( GEOMETRIC_REPRESENTATION_CONTEXT(2) 
PARAMETRIC_REPRESENTATION_CONTEXT() REPRESENTATION_CONTEXT('2D SPACE',''
  ) );
#6965 = PCURVE('',#6966,#6997);
#6966 = B_SPLINE_SURFACE_WITH_KNOTS('',14,1,(
    (#6967,#6968)
    ,(#6969,#6970)
    ,(#6971,#6972)
    ,(#6973,#6974)
    ,(#6975,#6976)
    ,(#6977,#6978)
    ,(#6979,#6980)
    ,(#6981,#6982)
    ,(#6983,#6984)
    ,(#6985,#6986)
    ,(#6987,#6988)
    ,(#6989,#6990)
    ,(#6991,#6992)
    ,(#6993,#6994)
    ,(#6995,#6996
    )),.UNSPECIFIED.,.T.,.F.,.F.,(15,15),(2,2),(0.,6.28318530718),(0.,1.
    ),.PIECEWISE_BEZIER_KNOTS.);
#6967 = CARTESIAN_POINT('',(56.8,-18.08,7.747397610198E-16));
#6968 = CARTESIAN_POINT('',(72.6,-19.2,-2.804028847994E-15));
#6969 = CARTESIAN_POINT('',(56.8,-18.07999999999,2.625473860502));
#6970 = CARTESIAN_POINT('',(72.6,-19.19999999999,2.086915119886));
#6971 = CARTESIAN_POINT('',(56.8,-19.3641330183,5.250948690121));
#6972 = CARTESIAN_POINT('',(72.600000000003,-20.24118893376,
    4.173831010097));
#6973 = CARTESIAN_POINT('',(56.8,-21.93240069652,7.211993177456));
#6974 = CARTESIAN_POINT('',(72.599999999988,-22.32356813232,
    5.732609961567));
#6975 = CARTESIAN_POINT('',(56.8,-25.40073483928,7.844250935576));
#6976 = CARTESIAN_POINT('',(72.600000000037,-25.13573095076,
    6.235173820588));
#6977 = CARTESIAN_POINT('',(56.8,-29.00107190953,6.721514636919));
#6978 = CARTESIAN_POINT('',(72.59999999992,-28.0549231699,5.342742403702
    ));
#6979 = CARTESIAN_POINT('',(56.8,-31.74952687388,3.895428684785));
#6980 = CARTESIAN_POINT('',(72.60000000013,-30.283400168,3.096366390474)
  );
#6981 = CARTESIAN_POINT('',(56.8,-32.78426532405,8.928680017562E-11));
#6982 = CARTESIAN_POINT('',(72.599999999837,-31.12237728977,
    6.716227574089E-11));
#6983 = CARTESIAN_POINT('',(56.8,-31.74952687388,-3.895428684948));
#6984 = CARTESIAN_POINT('',(72.600000000162,-30.28340016801,
    -3.096366390597));
#6985 = CARTESIAN_POINT('',(56.8,-29.00107190953,-6.721514636794));
#6986 = CARTESIAN_POINT('',(72.599999999872,-28.05492316989,
    -5.342742403607));
#6987 = CARTESIAN_POINT('',(56.8,-25.40073483928,-7.844250935654));
#6988 = CARTESIAN_POINT('',(72.600000000081,-25.13573095077,
    -6.235173820647));
#6989 = CARTESIAN_POINT('',(56.8,-21.93240069652,-7.211993177418));
#6990 = CARTESIAN_POINT('',(72.599999999961,-22.32356813231,
    -5.732609961537));
#6991 = CARTESIAN_POINT('',(56.8,-19.3641330183,-5.250948690135));
#6992 = CARTESIAN_POINT('',(72.600000000014,-20.24118893376,
    -4.173831010107));
#6993 = CARTESIAN_POINT('',(56.8,-18.07999999999,-2.625473860499));
#6994 = CARTESIAN_POINT('',(72.599999999997,-19.19999999999,
    -2.086915119884));
#6995 = CARTESIAN_POINT('',(56.8,-18.08,-3.834158845517E-15));
#6996 = CARTESIAN_POINT('',(72.6,-19.2,1.366676782114E-15));
#6997 = DEFINITIONAL_REPRESENTATION('',(#6998),#7225);
#6998 = B_SPLINE_CURVE_WITH_KNOTS('',8,(#6999,#7000,#7001,#7002,#7003,
    #7004,#7005,#7006,#7007,#7008,#7009,#7010,#7011,#7012,#7013,#7014,
    #7015,#7016,#7017,#7018,#7019,#7020,#7021,#7022,#7023,#7024,#7025,
    #7026,#7027,#7028,#7029,#7030,#7031,#7032,#7033,#7034,#7035,#7036,
    #7037,#7038,#7039,#7040,#7041,#7042,#7043,#7044,#7045,#7046,#7047,
    #7048,#7049,#7050,#7051,#7052,#7053,#7054,#7055,#7056,#7057,#7058,
    #7059,#7060,#7061,#7062,#7063,#7064,#7065,#7066,#7067,#7068,#7069,
    #7070,#7071,#7072,#7073,#7074,#7075,#7076,#7077,#7078,#7079,#7080,
    #7081,#7082,#7083,#7084,#7085,#7086,#7087,#7088,#7089,#7090,#7091,
    #7092,#7093,#7094,#7095,#7096,#7097,#7098,#7099,#7100,#7101,#7102,
    #7103,#7104,#7105,#7106,#7107,#7108,#7109,#7110,#7111,#7112,#7113,
    #7114,#7115,#7116,#7117,#7118,#7119,#7120,#7121,#7122,#7123,#7124,
    #7125,#7126,#7127,#7128,#7129,#7130,#7131,#7132,#7133,#7134,#7135,
    #7136,#7137,#7138,#7139,#7140,#7141,#7142,#7143,#7144,#7145,#7146,
    #7147,#7148,#7149,#7150,#7151,#7152,#7153,#7154,#7155,#7156,#7157,
    #7158,#7159,#7160,#7161,#7162,#7163,#7164,#7165,#7166,#7167,#7168,
    #7169,#7170,#7171,#7172,#7173,#7174,#7175,#7176,#7177,#7178,#7179,
    #7180,#7181,#7182,#7183,#7184,#7185,#7186,#7187,#7188,#7189,#7190,
    #7191,#7192,#7193,#7194,#7195,#7196,#7197,#7198,#7199,#7200,#7201,
    #7202,#7203,#7204,#7205,#7206,#7207,#7208,#7209,#7210,#7211,#7212,
    #7213,#7214,#7215,#7216,#7217,#7218,#7219,#7220,#7221,#7222,#7223,
    #7224),.UNSPECIFIED.,.F.,.F.,(9,7,7,7,7,7,7,7,7,7,7,7,7,7,7,7,7,7,7,
    7,7,7,7,7,7,7,7,7,7,7,7,7,9),(0.,3.601931786853E-02,
    5.918138708767E-02,9.163506014139E-02,0.136348643978,0.178103869518,
    0.219056521974,0.237622885721,0.252451216592,0.26801249882,
    0.295262213009,0.322266289241,0.376907694894,0.440848150305,
    0.464011909677,0.476439842829,0.500311563287,0.523866710808,
    0.535511996834,0.559490311455,0.591909599306,0.635916989438,
    0.677680697404,0.719335040933,0.7368895723,0.752286749854,
    0.767922874451,0.795205494075,0.82221253154,0.876848895938,
    0.940769811762,0.963939616175,1.),.UNSPECIFIED.);
#6999 = CARTESIAN_POINT('',(6.28318530718,0.374683544304));
#7000 = CARTESIAN_POINT('',(6.244830668413,0.374683544304));
#7001 = CARTESIAN_POINT('',(6.206462684013,0.374159331495));
#7002 = CARTESIAN_POINT('',(6.168261502175,0.373110321276));
#7003 = CARTESIAN_POINT('',(6.130369525095,0.371550688297));
#7004 = CARTESIAN_POINT('',(6.092901519152,0.369505100613));
#7005 = CARTESIAN_POINT('',(6.055951844418,0.367005295356));
#7006 = CARTESIAN_POINT('',(6.019598803496,0.364087495922));
#7007 = CARTESIAN_POINT('',(5.960954074686,0.358670661234));
#7008 = CARTESIAN_POINT('',(5.938266267015,0.356393085553));
#7009 = CARTESIAN_POINT('',(5.91585223193,0.353967402176));
#7010 = CARTESIAN_POINT('',(5.893718023837,0.351403015929));
#7011 = CARTESIAN_POINT('',(5.871866522947,0.34870910642));
#7012 = CARTESIAN_POINT('',(5.850297751911,0.345894456533));
#7013 = CARTESIAN_POINT('',(5.829009192473,0.342967280918));
#7014 = CARTESIAN_POINT('',(5.778553483742,0.335686432118));
#7015 = CARTESIAN_POINT('',(5.749655534666,0.331232151032));
#7016 = CARTESIAN_POINT('',(5.721285901572,0.326592558204));
#7017 = CARTESIAN_POINT('',(5.693426911205,0.321786288383));
#7018 = CARTESIAN_POINT('',(5.666059292478,0.316830180735));
#7019 = CARTESIAN_POINT('',(5.639161898595,0.311739195485));
#7020 = CARTESIAN_POINT('',(5.612711429178,0.306526330563));
#7021 = CARTESIAN_POINT('',(5.550819886563,0.293867595488));
#7022 = CARTESIAN_POINT('',(5.515766149367,0.286323952068));
#7023 = CARTESIAN_POINT('',(5.48145359993,0.278600521301));
#7024 = CARTESIAN_POINT('',(5.447824211065,0.270722792148));
#7025 = CARTESIAN_POINT('',(5.414825175229,0.262713224331));
#7026 = CARTESIAN_POINT('',(5.382405702914,0.254591649661));
#7027 = CARTESIAN_POINT('',(5.35051471346,0.246375679586));
#7028 = CARTESIAN_POINT('',(5.289762634659,0.230335346382));
#7029 = CARTESIAN_POINT('',(5.260845466824,0.222522312506));
#7030 = CARTESIAN_POINT('',(5.232306771805,0.214655580956));
#7031 = CARTESIAN_POINT('',(5.20410898086,0.206748723382));
#7032 = CARTESIAN_POINT('',(5.176215611502,0.198816112266));
#7033 = CARTESIAN_POINT('',(5.148589790251,0.190873374076));
#7034 = CARTESIAN_POINT('',(5.121191812651,0.182938779956));
#7035 = CARTESIAN_POINT('',(5.067278876833,0.167286804591));
#7036 = CARTESIAN_POINT('',(5.040774027379,0.15957312352));
#7037 = CARTESIAN_POINT('',(5.014398359644,0.151914385896));
#7038 = CARTESIAN_POINT('',(4.988095725017,0.144338955271));
#7039 = CARTESIAN_POINT('',(4.961810182602,0.136887464965));
#7040 = CARTESIAN_POINT('',(4.935472638291,0.129623127377));
#7041 = CARTESIAN_POINT('',(4.908993422785,0.122638725685));
#7042 = CARTESIAN_POINT('',(4.870033969068,0.113162507089));
#7043 = CARTESIAN_POINT('',(4.857821466407,0.110303805404));
#7044 = CARTESIAN_POINT('',(4.8455293982,0.107558604456));
#7045 = CARTESIAN_POINT('',(4.833141213656,0.10494907767));
#7046 = CARTESIAN_POINT('',(4.820643345418,0.102503602461));
#7047 = CARTESIAN_POINT('',(4.808023754017,0.100258206317));
#7048 = CARTESIAN_POINT('',(4.795271845398,9.825613024941E-02));
#7049 = CARTESIAN_POINT('',(4.772087400534,9.517370473883E-02));
#7050 = CARTESIAN_POINT('',(4.761702540687,9.398862615543E-02));
#7051 = CARTESIAN_POINT('',(4.75123656163,9.301183782326E-02));
#7052 = CARTESIAN_POINT('',(4.740702014696,9.226751245253E-02));
#7053 = CARTESIAN_POINT('',(4.730115224691,9.177696597719E-02));
#7054 = CARTESIAN_POINT('',(4.719497421387,9.155379277309E-02));
#7055 = CARTESIAN_POINT('',(4.708875998984,9.159996737421E-02));
#7056 = CARTESIAN_POINT('',(4.687170937862,9.222795084462E-02));
#7057 = CARTESIAN_POINT('',(4.676086984323,9.283620374526E-02));
#7058 = CARTESIAN_POINT('',(4.665064402465,9.372126472176E-02));
#7059 = CARTESIAN_POINT('',(4.654122461282,9.48611491603E-02));
#7060 = CARTESIAN_POINT('',(4.643271845751,9.622740897428E-02));
#7061 = CARTESIAN_POINT('',(4.632516880222,9.779072798093E-02));
#7062 = CARTESIAN_POINT('',(4.62185670635,9.952475671693E-02));
#7063 = CARTESIAN_POINT('',(4.592773585576,0.104701585784));
#7064 = CARTESIAN_POINT('',(4.574545640884,0.108447648052));
#7065 = CARTESIAN_POINT('',(4.556533913309,0.112526280559));
#7066 = CARTESIAN_POINT('',(4.538689068627,0.116849637492));
#7067 = CARTESIAN_POINT('',(4.520973360917,0.121356662019));
#7068 = CARTESIAN_POINT('',(4.503352447543,0.126005307478));
#7069 = CARTESIAN_POINT('',(4.48578871166,0.130765772429));
#7070 = CARTESIAN_POINT('',(4.450847712141,0.140430069761));
#7071 = CARTESIAN_POINT('',(4.433484742059,0.145328120209));
#7072 = CARTESIAN_POINT('',(4.416123104849,0.150291680471));
#7073 = CARTESIAN_POINT('',(4.398742323562,0.155304685172));
#7074 = CARTESIAN_POINT('',(4.381325757061,0.160355048521));
#7075 = CARTESIAN_POINT('',(4.363858673974,0.165433155383));
#7076 = CARTESIAN_POINT('',(4.346327185711,0.170531068328));
#7077 = CARTESIAN_POINT('',(4.293086804684,0.185985078691));
#7078 = CARTESIAN_POINT('',(4.257145701964,0.196380359004));
#7079 = CARTESIAN_POINT('',(4.220785307538,0.206775077752));
#7080 = CARTESIAN_POINT('',(4.183920730798,0.21713301177));
#7081 = CARTESIAN_POINT('',(4.146472562158,0.227422447041));
#7082 = CARTESIAN_POINT('',(4.108360052482,0.237612590602));
#7083 = CARTESIAN_POINT('',(4.069496929061,0.247673186155));
#7084 = CARTESIAN_POINT('',(3.983304467932,0.269154652393));
#7085 = CARTESIAN_POINT('',(3.935707400668,0.2805038568));
#7086 = CARTESIAN_POINT('',(3.88678796282,0.291578047602));
#7087 = CARTESIAN_POINT('',(3.83637307433,0.302316625515));
#7088 = CARTESIAN_POINT('',(3.784303159965,0.312637847601));
#7089 = CARTESIAN_POINT('',(3.730425528698,0.322439408291));
#7090 = CARTESIAN_POINT('',(3.674580351774,0.331598249167));
#7091 = CARTESIAN_POINT('',(3.595546307898,0.342998061431));
#7092 = CARTESIAN_POINT('',(3.574253105401,0.345924500818));
#7093 = CARTESIAN_POINT('',(3.552679614287,0.348738328968));
#7094 = CARTESIAN_POINT('',(3.530823329671,0.351431325127));
#7095 = CARTESIAN_POINT('',(3.508684291585,0.353994700489));
#7096 = CARTESIAN_POINT('',(3.486265402399,0.356419270094));
#7097 = CARTESIAN_POINT('',(3.463572744243,0.358695624728));
#7098 = CARTESIAN_POINT('',(3.428298976465,0.361951026313));
#7099 = CARTESIAN_POINT('',(3.41590622914,0.363042344119));
#7100 = CARTESIAN_POINT('',(3.40343934619,0.364086787414));
#7101 = CARTESIAN_POINT('',(3.390900360172,0.365082886818));
#7102 = CARTESIAN_POINT('',(3.37829167461,0.36602918864));
#7103 = CARTESIAN_POINT('',(3.365616094137,0.366924271129));
#7104 = CARTESIAN_POINT('',(3.352876854652,0.36776676073));
#7105 = CARTESIAN_POINT('',(3.315492796968,0.370070076693));
#7106 = CARTESIAN_POINT('',(3.29068285815,0.371386157871));
#7107 = CARTESIAN_POINT('',(3.265678570671,0.372493977501));
#7108 = CARTESIAN_POINT('',(3.240512842766,0.373385226432));
#7109 = CARTESIAN_POINT('',(3.215221474441,0.374053230903));
#7110 = CARTESIAN_POINT('',(3.189843874655,0.374493282716));
#7111 = CARTESIAN_POINT('',(3.164423778523,0.374702969408));
#7112 = CARTESIAN_POINT('',(3.113933173771,0.374662310831));
#7113 = CARTESIAN_POINT('',(3.088856946605,0.374418025229));
#7114 = CARTESIAN_POINT('',(3.063827934645,0.37394975227));
#7115 = CARTESIAN_POINT('',(3.038887917597,0.373260067645));
#7116 = CARTESIAN_POINT('',(3.014074472785,0.372353699748));
#7117 = CARTESIAN_POINT('',(2.989421644696,0.371237211341));
#7118 = CARTESIAN_POINT('',(2.964960614534,0.369918681218));
#7119 = CARTESIAN_POINT('',(2.928736382685,0.36766022576));
#7120 = CARTESIAN_POINT('',(2.916805491511,0.366865899676));
#7121 = CARTESIAN_POINT('',(2.904930695666,0.366025490869));
#7122 = CARTESIAN_POINT('',(2.893114640505,0.365140131141));
#7123 = CARTESIAN_POINT('',(2.881359639215,0.364210989063));
#7124 = CARTESIAN_POINT('',(2.8696676947,0.363239258181));
#7125 = CARTESIAN_POINT('',(2.858040521479,0.362226145235));
#7126 = CARTESIAN_POINT('',(2.822674897658,0.359004080037));
#7127 = CARTESIAN_POINT('',(2.799151874832,0.356665057631));
#7128 = CARTESIAN_POINT('',(2.775921737002,0.354166252762));
#7129 = CARTESIAN_POINT('',(2.752991372312,0.351518150806));
#7130 = CARTESIAN_POINT('',(2.730364029484,0.348730979366));
#7131 = CARTESIAN_POINT('',(2.708039816201,0.34581447891));
#7132 = CARTESIAN_POINT('',(2.686015985522,0.342777725585));
#7133 = CARTESIAN_POINT('',(2.634908886282,0.335371857913));
#7134 = CARTESIAN_POINT('',(2.606073643537,0.330910597898));
#7135 = CARTESIAN_POINT('',(2.577764748958,0.32626541526));
#7136 = CARTESIAN_POINT('',(2.54996442107,0.321454794256));
#7137 = CARTESIAN_POINT('',(2.522653345051,0.316495434698));
#7138 = CARTESIAN_POINT('',(2.495810387717,0.311402172373));
#7139 = CARTESIAN_POINT('',(2.46941231252,0.306187899462));
#7140 = CARTESIAN_POINT('',(2.408168686014,0.293635886757));
#7141 = CARTESIAN_POINT('',(2.3736848978,0.286207093907));
#7142 = CARTESIAN_POINT('',(2.33991818537,0.278604581196));
#7143 = CARTESIAN_POINT('',(2.306813241443,0.270852615443));
#7144 = CARTESIAN_POINT('',(2.274319626948,0.262972620777));
#7145 = CARTESIAN_POINT('',(2.242388816918,0.254983548615));
#7146 = CARTESIAN_POINT('',(2.210972061316,0.246902252332));
#7147 = CARTESIAN_POINT('',(2.15064417463,0.231001429793));
#7148 = CARTESIAN_POINT('',(2.121691601468,0.223190796312));
#7149 = CARTESIAN_POINT('',(2.09312009439,0.215325559529));
#7150 = CARTESIAN_POINT('',(2.064892021934,0.207419291422));
#7151 = CARTESIAN_POINT('',(2.036970886755,0.199486320686));
#7152 = CARTESIAN_POINT('',(2.009319847066,0.191542181376));
#7153 = CARTESIAN_POINT('',(1.981899311012,0.183604973883));
#7154 = CARTESIAN_POINT('',(1.927495363164,0.167813489392));
#7155 = CARTESIAN_POINT('',(1.900529418924,0.15996441965));
#7156 = CARTESIAN_POINT('',(1.873699508028,0.152170684107));
#7157 = CARTESIAN_POINT('',(1.84694664167,0.144461640725));
#7158 = CARTESIAN_POINT('',(1.820212468588,0.136879509474));
#7159 = CARTESIAN_POINT('',(1.793424650771,0.129490644093));
#7160 = CARTESIAN_POINT('',(1.766489585551,0.12239252707));
#7161 = CARTESIAN_POINT('',(1.727712232784,0.112996431663));
#7162 = CARTESIAN_POINT('',(1.716160487573,0.110298854243));
#7163 = CARTESIAN_POINT('',(1.704537391203,0.107703612615));
#7164 = CARTESIAN_POINT('',(1.692829083543,0.105229560327));
#7165 = CARTESIAN_POINT('',(1.681023899872,0.102900521382));
#7166 = CARTESIAN_POINT('',(1.669111340151,0.100746297635));
#7167 = CARTESIAN_POINT('',(1.65708196526,9.880241714104E-02));
#7168 = CARTESIAN_POINT('',(1.634270939924,9.561916606386E-02));
#7169 = CARTESIAN_POINT('',(1.623513843798,9.432203354604E-02));
#7170 = CARTESIAN_POINT('',(1.61266687653,9.324265531342E-02));
#7171 = CARTESIAN_POINT('',(1.601742476721,9.240851881761E-02));
#7172 = CARTESIAN_POINT('',(1.590757455043,9.184477028509E-02));
#7173 = CARTESIAN_POINT('',(1.579734455004,9.156828127727E-02));
#7174 = CARTESIAN_POINT('',(1.568703639956,9.1582591248E-02));
#7175 = CARTESIAN_POINT('',(1.546533130686,9.217834005711E-02));
#7176 = CARTESIAN_POINT('',(1.535391044188,9.276865056632E-02));
#7177 = CARTESIAN_POINT('',(1.524309522326,9.363976164676E-02));
#7178 = CARTESIAN_POINT('',(1.513308566502,9.476979215111E-02));
#7179 = CARTESIAN_POINT('',(1.502399386287,9.612999476171E-02));
#7180 = CARTESIAN_POINT('',(1.491586690226,9.769055359325E-02));
#7181 = CARTESIAN_POINT('',(1.480869913834,9.9424614987E-02));
#7182 = CARTESIAN_POINT('',(1.451701450641,0.104596027417));
#7183 = CARTESIAN_POINT('',(1.433445154359,0.108338177926));
#7184 = CARTESIAN_POINT('',(1.415406630716,0.112415724815));
#7185 = CARTESIAN_POINT('',(1.397536313467,0.116739924356));
#7186 = CARTESIAN_POINT('',(1.379796284039,0.121249126515));
#7187 = CARTESIAN_POINT('',(1.362152017809,0.125900925114));
#7188 = CARTESIAN_POINT('',(1.344565598913,0.13066527035));
#7189 = CARTESIAN_POINT('',(1.309599052509,0.140333266458));
#7190 = CARTESIAN_POINT('',(1.292233357612,0.145230872911));
#7191 = CARTESIAN_POINT('',(1.274869310433,0.150194261301));
#7192 = CARTESIAN_POINT('',(1.257486380612,0.15520730405));
#7193 = CARTESIAN_POINT('',(1.240067890687,0.160257873192));
#7194 = CARTESIAN_POINT('',(1.222599080293,0.165336323212));
#7195 = CARTESIAN_POINT('',(1.205066034266,0.170434694076));
#7196 = CARTESIAN_POINT('',(1.15182857731,0.185888303231));
#7197 = CARTESIAN_POINT('',(1.115892551687,0.196283005856));
#7198 = CARTESIAN_POINT('',(1.079537885341,0.206677421996));
#7199 = CARTESIAN_POINT('',(1.042679674834,0.217035290157));
#7200 = CARTESIAN_POINT('',(1.005238520184,0.227324882394));
#7201 = CARTESIAN_POINT('',(0.967133692977,0.237515406018));
#7202 = CARTESIAN_POINT('',(0.928278959776,0.247576621363));
#7203 = CARTESIAN_POINT('',(0.842116285783,0.269057538671));
#7204 = CARTESIAN_POINT('',(0.794541275208,0.280405793973));
#7205 = CARTESIAN_POINT('',(0.745645653713,0.291479561737));
#7206 = CARTESIAN_POINT('',(0.69525657353,0.30221835489));
#7207 = CARTESIAN_POINT('',(0.643214602887,0.312540606148));
#7208 = CARTESIAN_POINT('',(0.589367114606,0.322344241089));
#7209 = CARTESIAN_POINT('',(0.533554262061,0.331506479685));
#7210 = CARTESIAN_POINT('',(0.454555153527,0.342914873548));
#7211 = CARTESIAN_POINT('',(0.433262428609,0.345844956363));
#7212 = CARTESIAN_POINT('',(0.411689304473,0.348662530886));
#7213 = CARTESIAN_POINT('',(0.389833236142,0.351359378685));
#7214 = CARTESIAN_POINT('',(0.367694218706,0.353926711504));
#7215 = CARTESIAN_POINT('',(0.34527510362,0.356355342634));
#7216 = CARTESIAN_POINT('',(0.322581914993,0.358635858297));
#7217 = CARTESIAN_POINT('',(0.26389381486,0.364062817644));
#7218 = CARTESIAN_POINT('',(0.227501151933,0.366987175048));
#7219 = CARTESIAN_POINT('',(0.190510006479,0.369492741654));
#7220 = CARTESIAN_POINT('',(0.152998848634,0.37154314727));
#7221 = CARTESIAN_POINT('',(0.115062264262,0.37310651642));
#7222 = CARTESIAN_POINT('',(7.681533989332E-02,0.374158064434));
#7223 = CARTESIAN_POINT('',(3.840095762745E-02,0.374683544304));
#7224 = CARTESIAN_POINT('',(0.,0.374683544304));
#7225 = ( GEOMETRIC_REPRESENTATION_CONTEXT(2) 
PARAMETRIC_REPRESENTATION_CONTEXT() REPRESENTATION_CONTEXT('2D SPACE',''
  ) );
#7226 = ADVANCED_FACE('',(#7227),#6435,.F.);
#7227 = FACE_BOUND('',#7228,.F.);
#7228 = EDGE_LOOP('',(#7229,#7230,#7253,#7275));
#7229 = ORIENTED_EDGE('',*,*,#6418,.F.);
#7230 = ORIENTED_EDGE('',*,*,#7231,.F.);
#7231 = EDGE_CURVE('',#7232,#6419,#7234,.T.);
#7232 = VERTEX_POINT('',#7233);
#7233 = CARTESIAN_POINT('',(56.8,-29.85,1.6));
#7234 = SEAM_CURVE('',#7235,(#7239,#7246),.PCURVE_S1.);
#7235 = LINE('',#7236,#7237);
#7236 = CARTESIAN_POINT('',(56.8,-35.7,1.6));
#7237 = VECTOR('',#7238,1.);
#7238 = DIRECTION('',(0.,1.,0.));
#7239 = PCURVE('',#6435,#7240);
#7240 = DEFINITIONAL_REPRESENTATION('',(#7241),#7245);
#7241 = LINE('',#7242,#7243);
#7242 = CARTESIAN_POINT('',(6.28318530718,-0.));
#7243 = VECTOR('',#7244,1.);
#7244 = DIRECTION('',(0.,1.));
#7245 = ( GEOMETRIC_REPRESENTATION_CONTEXT(2) 
PARAMETRIC_REPRESENTATION_CONTEXT() REPRESENTATION_CONTEXT('2D SPACE',''
  ) );
#7246 = PCURVE('',#6435,#7247);
#7247 = DEFINITIONAL_REPRESENTATION('',(#7248),#7252);
#7248 = LINE('',#7249,#7250);
#7249 = CARTESIAN_POINT('',(0.,-0.));
#7250 = VECTOR('',#7251,1.);
#7251 = DIRECTION('',(0.,1.));
#7252 = ( GEOMETRIC_REPRESENTATION_CONTEXT(2) 
PARAMETRIC_REPRESENTATION_CONTEXT() REPRESENTATION_CONTEXT('2D SPACE',''
  ) );
#7253 = ORIENTED_EDGE('',*,*,#7254,.T.);
#7254 = EDGE_CURVE('',#7232,#7232,#7255,.T.);
#7255 = SURFACE_CURVE('',#7256,(#7261,#7268),.PCURVE_S1.);
#7256 = CIRCLE('',#7257,1.6);
#7257 = AXIS2_PLACEMENT_3D('',#7258,#7259,#7260);
#7258 = CARTESIAN_POINT('',(56.8,-29.85,0.));
#7259 = DIRECTION('',(0.,1.,0.));
#7260 = DIRECTION('',(0.,-0.,1.));
#7261 = PCURVE('',#6435,#7262);
#7262 = DEFINITIONAL_REPRESENTATION('',(#7263),#7267);
#7263 = LINE('',#7264,#7265);
#7264 = CARTESIAN_POINT('',(0.,5.85));
#7265 = VECTOR('',#7266,1.);
#7266 = DIRECTION('',(1.,0.));
#7267 = ( GEOMETRIC_REPRESENTATION_CONTEXT(2) 
PARAMETRIC_REPRESENTATION_CONTEXT() REPRESENTATION_CONTEXT('2D SPACE',''
  ) );
#7268 = PCURVE('',#6490,#7269);
#7269 = DEFINITIONAL_REPRESENTATION('',(#7270),#7274);
#7270 = CIRCLE('',#7271,1.6);
#7271 = AXIS2_PLACEMENT_2D('',#7272,#7273);
#7272 = CARTESIAN_POINT('',(0.,0.));
#7273 = DIRECTION('',(1.,0.));
#7274 = ( GEOMETRIC_REPRESENTATION_CONTEXT(2) 
PARAMETRIC_REPRESENTATION_CONTEXT() REPRESENTATION_CONTEXT('2D SPACE',''
  ) );
#7275 = ORIENTED_EDGE('',*,*,#7231,.T.);
#7276 = ADVANCED_FACE('',(#7277,#7280),#6490,.F.);
#7277 = FACE_BOUND('',#7278,.F.);
#7278 = EDGE_LOOP('',(#7279));
#7279 = ORIENTED_EDGE('',*,*,#6475,.T.);
#7280 = FACE_BOUND('',#7281,.F.);
#7281 = EDGE_LOOP('',(#7282));
#7282 = ORIENTED_EDGE('',*,*,#7254,.F.);
#7283 = ADVANCED_FACE('',(#7284),#6966,.T.);
#7284 = FACE_BOUND('',#7285,.T.);
#7285 = EDGE_LOOP('',(#7286,#7308,#7309,#7310,#7339));
#7286 = ORIENTED_EDGE('',*,*,#7287,.F.);
#7287 = EDGE_CURVE('',#6505,#7288,#7290,.T.);
#7288 = VERTEX_POINT('',#7289);
#7289 = CARTESIAN_POINT('',(72.6,-19.2,0.));
#7290 = SEAM_CURVE('',#7291,(#7294,#7301),.PCURVE_S1.);
#7291 = B_SPLINE_CURVE_WITH_KNOTS('',1,(#7292,#7293),.UNSPECIFIED.,.F.,
  .F.,(2,2),(0.,1.),.PIECEWISE_BEZIER_KNOTS.);
#7292 = CARTESIAN_POINT('',(56.8,-18.08,7.747397610198E-16));
#7293 = CARTESIAN_POINT('',(72.6,-19.2,-2.804028847994E-15));
#7294 = PCURVE('',#6966,#7295);
#7295 = DEFINITIONAL_REPRESENTATION('',(#7296),#7300);
#7296 = LINE('',#7297,#7298);
#7297 = CARTESIAN_POINT('',(0.,0.));
#7298 = VECTOR('',#7299,1.);
#7299 = DIRECTION('',(0.,1.));
#7300 = ( GEOMETRIC_REPRESENTATION_CONTEXT(2) 
PARAMETRIC_REPRESENTATION_CONTEXT() REPRESENTATION_CONTEXT('2D SPACE',''
  ) );
#7301 = PCURVE('',#6966,#7302);
#7302 = DEFINITIONAL_REPRESENTATION('',(#7303),#7307);
#7303 = LINE('',#7304,#7305);
#7304 = CARTESIAN_POINT('',(6.28318530718,0.));
#7305 = VECTOR('',#7306,1.);
#7306 = DIRECTION('',(0.,1.));
#7307 = ( GEOMETRIC_REPRESENTATION_CONTEXT(2) 
PARAMETRIC_REPRESENTATION_CONTEXT() REPRESENTATION_CONTEXT('2D SPACE',''
  ) );
#7308 = ORIENTED_EDGE('',*,*,#6504,.F.);
#7309 = ORIENTED_EDGE('',*,*,#7287,.T.);
#7310 = ORIENTED_EDGE('',*,*,#7311,.F.);
#7311 = EDGE_CURVE('',#7312,#7288,#7314,.T.);
#7312 = VERTEX_POINT('',#7313);
#7313 = CARTESIAN_POINT('',(72.6,-28.8,-8.025084782551E-14));
#7314 = SURFACE_CURVE('',#7315,(#7320,#7327),.PCURVE_S1.);
#7315 = ELLIPSE('',#7316,4.8,4.65);
#7316 = AXIS2_PLACEMENT_3D('',#7317,#7318,#7319);
#7317 = CARTESIAN_POINT('',(72.6,-24.,0.));
#7318 = DIRECTION('',(1.,0.,0.));
#7319 = DIRECTION('',(0.,1.,0.));
#7320 = PCURVE('',#6966,#7321);
#7321 = DEFINITIONAL_REPRESENTATION('',(#7322),#7326);
#7322 = LINE('',#7323,#7324);
#7323 = CARTESIAN_POINT('',(0.,1.));
#7324 = VECTOR('',#7325,1.);
#7325 = DIRECTION('',(1.,0.));
#7326 = ( GEOMETRIC_REPRESENTATION_CONTEXT(2) 
PARAMETRIC_REPRESENTATION_CONTEXT() REPRESENTATION_CONTEXT('2D SPACE',''
  ) );
#7327 = PCURVE('',#7328,#7333);
#7328 = PLANE('',#7329);
#7329 = AXIS2_PLACEMENT_3D('',#7330,#7331,#7332);
#7330 = CARTESIAN_POINT('',(72.6,-24.,0.));
#7331 = DIRECTION('',(1.,0.,0.));
#7332 = DIRECTION('',(0.,1.,0.));
#7333 = DEFINITIONAL_REPRESENTATION('',(#7334),#7338);
#7334 = ELLIPSE('',#7335,4.8,4.65);
#7335 = AXIS2_PLACEMENT_2D('',#7336,#7337);
#7336 = CARTESIAN_POINT('',(0.,0.));
#7337 = DIRECTION('',(1.,0.));
#7338 = ( GEOMETRIC_REPRESENTATION_CONTEXT(2) 
PARAMETRIC_REPRESENTATION_CONTEXT() REPRESENTATION_CONTEXT('2D SPACE',''
  ) );
#7339 = ORIENTED_EDGE('',*,*,#7340,.F.);
#7340 = EDGE_CURVE('',#7288,#7312,#7341,.T.);
#7341 = SURFACE_CURVE('',#7342,(#7457,#7575),.PCURVE_S1.);
#7342 = B_SPLINE_CURVE_WITH_KNOTS('',8,(#7343,#7344,#7345,#7346,#7347,
    #7348,#7349,#7350,#7351,#7352,#7353,#7354,#7355,#7356,#7357,#7358,
    #7359,#7360,#7361,#7362,#7363,#7364,#7365,#7366,#7367,#7368,#7369,
    #7370,#7371,#7372,#7373,#7374,#7375,#7376,#7377,#7378,#7379,#7380,
    #7381,#7382,#7383,#7384,#7385,#7386,#7387,#7388,#7389,#7390,#7391,
    #7392,#7393,#7394,#7395,#7396,#7397,#7398,#7399,#7400,#7401,#7402,
    #7403,#7404,#7405,#7406,#7407,#7408,#7409,#7410,#7411,#7412,#7413,
    #7414,#7415,#7416,#7417,#7418,#7419,#7420,#7421,#7422,#7423,#7424,
    #7425,#7426,#7427,#7428,#7429,#7430,#7431,#7432,#7433,#7434,#7435,
    #7436,#7437,#7438,#7439,#7440,#7441,#7442,#7443,#7444,#7445,#7446,
    #7447,#7448,#7449,#7450,#7451,#7452,#7453,#7454,#7455,#7456),
  .UNSPECIFIED.,.F.,.F.,(9,7,7,7,7,7,7,7,7,7,7,7,7,7,7,7,9),(0.,
    4.229196117861E-02,9.307679405104E-02,0.165427393801,0.276961315398,
    0.321534006806,0.364586751556,0.434983628645,0.499507050638,
    0.566153218124,0.610516825642,0.656037606265,0.698801323523,
    0.83342979849,0.90760799862,0.958331039521,1.),.UNSPECIFIED.);
#7343 = CARTESIAN_POINT('',(72.6,-19.2,7.49400541622E-16));
#7344 = CARTESIAN_POINT('',(72.600000000001,-19.2,8.330096193154E-02));
#7345 = CARTESIAN_POINT('',(72.59847249983,-19.20165218759,
    0.166604117945));
#7346 = CARTESIAN_POINT('',(72.595415337882,-19.20495656483,
    0.249833925172));
#7347 = CARTESIAN_POINT('',(72.590879450141,-19.20991105244,
    0.332923571645));
#7348 = CARTESIAN_POINT('',(72.584957291025,-19.21651224554,
    0.415813693728));
#7349 = CARTESIAN_POINT('',(72.577769089667,-19.22475574455,
    0.49845129989));
#7350 = CARTESIAN_POINT('',(72.569446941621,-19.23463606132,
    0.580788900809));
#7351 = CARTESIAN_POINT('',(72.548912882595,-19.25996753105,
    0.76124462803));
#7352 = CARTESIAN_POINT('',(72.536255510187,-19.27613918323,
    0.859212709507));
#7353 = CARTESIAN_POINT('',(72.522365575894,-19.29465125017,
    0.956629199848));
#7354 = CARTESIAN_POINT('',(72.50745539083,-19.3154925313,1.053440025231
    ));
#7355 = CARTESIAN_POINT('',(72.491713647744,-19.33864974802,
    1.149594112026));
#7356 = CARTESIAN_POINT('',(72.475298965554,-19.36410755965,1.2450425655
    ));
#7357 = CARTESIAN_POINT('',(72.458341950752,-19.39184927968,
    1.339738843648));
#7358 = CARTESIAN_POINT('',(72.416186565628,-19.46461062448,
    1.567416080351));
#7359 = CARTESIAN_POINT('',(72.390547476871,-19.51196160103,
    1.699568650666));
#7360 = CARTESIAN_POINT('',(72.364363630227,-19.56385887989,
    1.829963428043));
#7361 = CARTESIAN_POINT('',(72.337877637812,-19.62024002213,
    1.958456445034));
#7362 = CARTESIAN_POINT('',(72.311275904527,-19.68103296988,
    2.084899003727));
#7363 = CARTESIAN_POINT('',(72.284707731059,-19.74615660569,
    2.209141249134));
#7364 = CARTESIAN_POINT('',(72.25829721839,-19.8155213933,2.331034288001
    ));
#7365 = CARTESIAN_POINT('',(72.191836935568,-20.00234933024,
    2.634489688367));
#7366 = CARTESIAN_POINT('',(72.15214777703,-20.12551431887,
    2.812612491644));
#7367 = CARTESIAN_POINT('',(72.113462543166,-20.25816307809,
    2.984252626105));
#7368 = CARTESIAN_POINT('',(72.076056078794,-20.39988469584,
    3.148871971761));
#7369 = CARTESIAN_POINT('',(72.040149375172,-20.55022029018,
    3.305951373752));
#7370 = CARTESIAN_POINT('',(72.005929458949,-20.70866229429,
    3.454995468939));
#7371 = CARTESIAN_POINT('',(71.973554262565,-20.87464879251,
    3.595536730977));
#7372 = CARTESIAN_POINT('',(71.931014715343,-21.116646595,3.779738077366
    ));
#7373 = CARTESIAN_POINT('',(71.919185191097,-21.18684690094,
    3.830904963539));
#7374 = CARTESIAN_POINT('',(71.907680972229,-21.25811059059,
    3.880617070629));
#7375 = CARTESIAN_POINT('',(71.896510307123,-21.33039525142,
    3.928847421567));
#7376 = CARTESIAN_POINT('',(71.885681047046,-21.40365560969,
    3.975569484714));
#7377 = CARTESIAN_POINT('',(71.875200630466,-21.47784312575,
    4.020757434375));
#7378 = CARTESIAN_POINT('',(71.865076067376,-21.55290558931,
    4.064386411319));
#7379 = CARTESIAN_POINT('',(71.845884672879,-21.70208026346,
    4.147045357121));
#7380 = CARTESIAN_POINT('',(71.83679401198,-21.77613399504,4.1861794076)
  );
#7381 = CARTESIAN_POINT('',(71.828047412178,-21.85089963688,
    4.223815512053));
#7382 = CARTESIAN_POINT('',(71.81965059464,-21.92632127923,4.25993255355
    ));
#7383 = CARTESIAN_POINT('',(71.811609279211,-22.00233430036,
    4.294508882545));
#7384 = CARTESIAN_POINT('',(71.80392893318,-22.0788642918,4.32752347851)
  );
#7385 = CARTESIAN_POINT('',(71.796614520054,-22.15582598338,
    4.358957111571));
#7386 = CARTESIAN_POINT('',(71.778315454418,-22.35951155601,
    4.437579914224));
#7387 = CARTESIAN_POINT('',(71.767944008773,-22.48686451993,
    4.482122832721));
#7388 = CARTESIAN_POINT('',(71.758578500582,-22.6147335356,
    4.522332988891));
#7389 = CARTESIAN_POINT('',(71.750246512684,-22.74243765102,
    4.55809744905));
#7390 = CARTESIAN_POINT('',(71.742966320953,-22.86910356605,
    4.589341788592));
#7391 = CARTESIAN_POINT('',(71.736732590166,-22.99359145168,
    4.616091692906));
#7392 = CARTESIAN_POINT('',(71.731497613368,-23.11479519711,
    4.638553735556));
#7393 = CARTESIAN_POINT('',(71.723233405272,-23.33915496157,
    4.674011108632));
#7394 = CARTESIAN_POINT('',(71.720059555218,-23.4428909118,
    4.687627163305));
#7395 = CARTESIAN_POINT('',(71.717606767312,-23.54233437286,
    4.698149199842));
#7396 = CARTESIAN_POINT('',(71.715775155636,-23.63743306843,
    4.706006250996));
#7397 = CARTESIAN_POINT('',(71.714463796569,-23.72888033369,
    4.711631458167));
#7398 = CARTESIAN_POINT('',(71.713605795057,-23.81769588349,
    4.715311904849));
#7399 = CARTESIAN_POINT('',(71.713162059803,-23.9050685711,
    4.717215330698));
#7400 = CARTESIAN_POINT('',(71.713097618018,-24.08245533321,
    4.717491758416));
#7401 = CARTESIAN_POINT('',(71.713504450321,-24.17252128083,
    4.715746631074));
#7402 = CARTESIAN_POINT('',(71.714348957422,-24.26399775947,
    4.712124077029));
#7403 = CARTESIAN_POINT('',(71.715671686416,-24.35820912325,
    4.706450111972));
#7404 = CARTESIAN_POINT('',(71.717544613594,-24.45629816965,
    4.698415847904));
#7405 = CARTESIAN_POINT('',(71.720080075253,-24.55905750111,
    4.687539178258));
#7406 = CARTESIAN_POINT('',(71.723389425426,-24.66641476802,
    4.673341813439));
#7407 = CARTESIAN_POINT('',(71.730291842587,-24.8514840751,
    4.643726997966));
#7408 = CARTESIAN_POINT('',(71.733420233289,-24.92710979927,
    4.630304019851));
#7409 = CARTESIAN_POINT('',(71.736937514756,-25.00417410165,
    4.615211571071));
#7410 = CARTESIAN_POINT('',(71.740857415483,-25.08240459447,
    4.598390325559));
#7411 = CARTESIAN_POINT('',(71.745187735358,-25.16151447308,
    4.579806263774));
#7412 = CARTESIAN_POINT('',(71.749930673567,-25.24122688573,
    4.559449241019));
#7413 = CARTESIAN_POINT('',(71.755084180502,-25.32129231558,
    4.53732715847));
#7414 = CARTESIAN_POINT('',(71.766349516996,-25.4837977315,
    4.488961657064));
#7415 = CARTESIAN_POINT('',(71.772483644617,-25.56625709068,
    4.462622320914));
#7416 = CARTESIAN_POINT('',(71.779044992528,-25.64868203779,
    4.434443919345));
#7417 = CARTESIAN_POINT('',(71.786029332323,-25.73090280057,
    4.404443129021));
#7418 = CARTESIAN_POINT('',(71.793430954436,-25.81277583925,
    4.372642684923));
#7419 = CARTESIAN_POINT('',(71.801243591035,-25.89418340064,
    4.339067356188));
#7420 = CARTESIAN_POINT('',(71.809461238591,-25.97503163602,
    4.303740325239));
#7421 = CARTESIAN_POINT('',(71.826174575758,-26.13060449782,
    4.231864254771));
#7422 = CARTESIAN_POINT('',(71.834622365915,-26.20539489522,
    4.195522756935));
#7423 = CARTESIAN_POINT('',(71.84341722845,-26.27955166985,4.15767440726
    ));
#7424 = CARTESIAN_POINT('',(71.852553683782,-26.35301452054,
    4.118339699645));
#7425 = CARTESIAN_POINT('',(71.86202588869,-26.42572899686,
    4.077540179584));
#7426 = CARTESIAN_POINT('',(71.871827730114,-26.49764584579,
    4.035297932439));
#7427 = CARTESIAN_POINT('',(71.881952918963,-26.56872035828,
    3.991635071706));
#7428 = CARTESIAN_POINT('',(71.925269044216,-26.85988772171,
    3.804709802365));
#7429 = CARTESIAN_POINT('',(71.961279663827,-27.07207828173,
    3.649001948572));
#7430 = CARTESIAN_POINT('',(72.000225304443,-27.27421045081,
    3.480137362428));
#7431 = CARTESIAN_POINT('',(72.041861378783,-27.46520132057,
    3.29889790511));
#7432 = CARTESIAN_POINT('',(72.085900732515,-27.64409130114,
    3.106130932712));
#7433 = CARTESIAN_POINT('',(72.131987945414,-27.81003372527,
    2.902735703692));
#7434 = CARTESIAN_POINT('',(72.179685658529,-27.96228260598,
    2.689654180371));
#7435 = CARTESIAN_POINT('',(72.255135345046,-28.17618571282,
    2.345627933097));
#7436 = CARTESIAN_POINT('',(72.282225834199,-28.24782052371,
    2.220766355587));
#7437 = CARTESIAN_POINT('',(72.309493362766,-28.31499551661,
    2.093416984801));
#7438 = CARTESIAN_POINT('',(72.336805556334,-28.37761326741,
    1.963740769244));
#7439 = CARTESIAN_POINT('',(72.36400275892,-28.43558567378,1.83189984635
    ));
#7440 = CARTESIAN_POINT('',(72.390884674508,-28.48883468019,
    1.698055166157));
#7441 = CARTESIAN_POINT('',(72.417188640005,-28.53729291231,
    1.562362426753));
#7442 = CARTESIAN_POINT('',(72.459908139727,-28.61072562642,
    1.331014887589));
#7443 = CARTESIAN_POINT('',(72.476819874611,-28.63827913454,
    1.236271851882));
#7444 = CARTESIAN_POINT('',(72.493180426619,-28.66354826795,
    1.140780106136));
#7445 = CARTESIAN_POINT('',(72.508857923363,-28.68651644977,
    1.044586163033));
#7446 = CARTESIAN_POINT('',(72.523692229246,-28.70716843767,
    0.947738980223));
#7447 = CARTESIAN_POINT('',(72.537493049902,-28.72549104715,
    0.850289811495));
#7448 = CARTESIAN_POINT('',(72.550046839522,-28.74147316426,
    0.752293085035));
#7449 = CARTESIAN_POINT('',(72.570239386438,-28.76630363501,
    0.572903099317));
#7450 = CARTESIAN_POINT('',(72.57835543171,-28.77591625784,
    0.491667837444));
#7451 = CARTESIAN_POINT('',(72.585359723161,-28.78393618805,
    0.410143752419));
#7452 = CARTESIAN_POINT('',(72.591126020734,-28.79035820868,
    0.328376735731));
#7453 = CARTESIAN_POINT('',(72.59553995307,-28.79517813184,
    0.246417961695));
#7454 = CARTESIAN_POINT('',(72.598513961065,-28.79839271838,
    0.164324682574));
#7455 = CARTESIAN_POINT('',(72.599999999964,-28.79999999936,
    8.216119822292E-02));
#7456 = CARTESIAN_POINT('',(72.6,-28.79999999936,2.617703831476E-10));
#7457 = PCURVE('',#6966,#7458);
#7458 = DEFINITIONAL_REPRESENTATION('',(#7459),#7574);
#7459 = B_SPLINE_CURVE_WITH_KNOTS('',8,(#7460,#7461,#7462,#7463,#7464,
    #7465,#7466,#7467,#7468,#7469,#7470,#7471,#7472,#7473,#7474,#7475,
    #7476,#7477,#7478,#7479,#7480,#7481,#7482,#7483,#7484,#7485,#7486,
    #7487,#7488,#7489,#7490,#7491,#7492,#7493,#7494,#7495,#7496,#7497,
    #7498,#7499,#7500,#7501,#7502,#7503,#7504,#7505,#7506,#7507,#7508,
    #7509,#7510,#7511,#7512,#7513,#7514,#7515,#7516,#7517,#7518,#7519,
    #7520,#7521,#7522,#7523,#7524,#7525,#7526,#7527,#7528,#7529,#7530,
    #7531,#7532,#7533,#7534,#7535,#7536,#7537,#7538,#7539,#7540,#7541,
    #7542,#7543,#7544,#7545,#7546,#7547,#7548,#7549,#7550,#7551,#7552,
    #7553,#7554,#7555,#7556,#7557,#7558,#7559,#7560,#7561,#7562,#7563,
    #7564,#7565,#7566,#7567,#7568,#7569,#7570,#7571,#7572,#7573),
  .UNSPECIFIED.,.F.,.F.,(9,7,7,7,7,7,7,7,7,7,7,7,7,7,7,7,9),(0.,
    4.229196117861E-02,9.307679405104E-02,0.165427393801,0.276961315398,
    0.321534006806,0.364586751556,0.434983628645,0.499507050638,
    0.566153218124,0.610516825642,0.656037606265,0.698801323523,
    0.83342979849,0.90760799862,0.958331039521,1.),.UNSPECIFIED.);
#7460 = CARTESIAN_POINT('',(4.831468468382E-19,1.));
#7461 = CARTESIAN_POINT('',(1.791418536161E-02,1.));
#7462 = CARTESIAN_POINT('',(3.582884155213E-02,0.999903322774));
#7463 = CARTESIAN_POINT('',(5.373469909326E-02,0.999709831512));
#7464 = CARTESIAN_POINT('',(7.162435383578E-02,0.999422750009));
#7465 = CARTESIAN_POINT('',(8.949207537366E-02,0.999047929812));
#7466 = CARTESIAN_POINT('',(0.107333618287,0.998592980359));
#7467 = CARTESIAN_POINT('',(0.125146036216,0.998066262128));
#7468 = CARTESIAN_POINT('',(0.164279750546,0.996766638139));
#7469 = CARTESIAN_POINT('',(0.185587670213,0.995965538619));
#7470 = CARTESIAN_POINT('',(0.206851328063,0.995086428854));
#7471 = CARTESIAN_POINT('',(0.228072064784,0.994142746255));
#7472 = CARTESIAN_POINT('',(0.249251987888,0.993146433401));
#7473 = CARTESIAN_POINT('',(0.27039372274,0.992107529465));
#7474 = CARTESIAN_POINT('',(0.291500418162,0.991034300681));
#7475 = CARTESIAN_POINT('',(0.342601338581,0.988366238331));
#7476 = CARTESIAN_POINT('',(0.372561373596,0.986743511194));
#7477 = CARTESIAN_POINT('',(0.402465234877,0.985086305711));
#7478 = CARTESIAN_POINT('',(0.432319720514,0.983409977077));
#7479 = CARTESIAN_POINT('',(0.462130126413,0.981726323071));
#7480 = CARTESIAN_POINT('',(0.491900821148,0.980044793105));
#7481 = CARTESIAN_POINT('',(0.521635572707,0.97837324167));
#7482 = CARTESIAN_POINT('',(0.59712559054,0.974166894656));
#7483 = CARTESIAN_POINT('',(0.642835032799,0.971654922597));
#7484 = CARTESIAN_POINT('',(0.688475923785,0.969206490074));
#7485 = CARTESIAN_POINT('',(0.734054640217,0.966838992329));
#7486 = CARTESIAN_POINT('',(0.779574749296,0.96456641615));
#7487 = CARTESIAN_POINT('',(0.825036840993,0.962400598668));
#7488 = CARTESIAN_POINT('',(0.870437099002,0.960351535605));
#7489 = CARTESIAN_POINT('',(0.933878568352,0.957659159199));
#7490 = CARTESIAN_POINT('',(0.951980925502,0.956910455133));
#7491 = CARTESIAN_POINT('',(0.97007073765,0.956182340014));
#7492 = CARTESIAN_POINT('',(0.988146984756,0.955475335894));
#7493 = CARTESIAN_POINT('',(1.006208191545,0.954789939686));
#7494 = CARTESIAN_POINT('',(1.024252358239,0.954126622181));
#7495 = CARTESIAN_POINT('',(1.042276891279,0.953485827049));
#7496 = CARTESIAN_POINT('',(1.077666313591,0.952271181828));
#7497 = CARTESIAN_POINT('',(1.095031889571,0.951695823543));
#7498 = CARTESIAN_POINT('',(1.112372921317,0.951142241277));
#7499 = CARTESIAN_POINT('',(1.129685507354,0.950610797129));
#7500 = CARTESIAN_POINT('',(1.146964019029,0.950101853115));
#7501 = CARTESIAN_POINT('',(1.16420093413,0.949615755265));
#7502 = CARTESIAN_POINT('',(1.181386670505,0.949152817725));
#7503 = CARTESIAN_POINT('',(1.226507357472,0.947994649014));
#7504 = CARTESIAN_POINT('',(1.254352220433,0.947338228403));
#7505 = CARTESIAN_POINT('',(1.281986528415,0.94674547472));
#7506 = CARTESIAN_POINT('',(1.309304701166,0.946218133714));
#7507 = CARTESIAN_POINT('',(1.336164616953,0.945757362086));
#7508 = CARTESIAN_POINT('',(1.362373305101,0.945362822162));
#7509 = CARTESIAN_POINT('',(1.387744380687,0.945031494517));
#7510 = CARTESIAN_POINT('',(1.434497425751,0.944508443372));
#7511 = CARTESIAN_POINT('',(1.456018500788,0.944307566786));
#7512 = CARTESIAN_POINT('',(1.476579584576,0.944152327045));
#7513 = CARTESIAN_POINT('',(1.49619717022,0.944036402255));
#7514 = CARTESIAN_POINT('',(1.515032151487,0.943953404846));
#7515 = CARTESIAN_POINT('',(1.53330664589,0.943899100953));
#7516 = CARTESIAN_POINT('',(1.551274602192,0.943871016443));
#7517 = CARTESIAN_POINT('',(1.587752466158,0.943866937849));
#7518 = CARTESIAN_POINT('',(1.606273006706,0.943892686729));
#7519 = CARTESIAN_POINT('',(1.625093115404,0.943946136546));
#7520 = CARTESIAN_POINT('',(1.644495277678,0.944029853571));
#7521 = CARTESIAN_POINT('',(1.664727848413,0.944148393265));
#7522 = CARTESIAN_POINT('',(1.685973749114,0.944308865522));
#7523 = CARTESIAN_POINT('',(1.708248547999,0.944518318065));
#7524 = CARTESIAN_POINT('',(1.746826815328,0.944955179911));
#7525 = CARTESIAN_POINT('',(1.762637390846,0.945153179322));
#7526 = CARTESIAN_POINT('',(1.778803939872,0.945375792073));
#7527 = CARTESIAN_POINT('',(1.795280447756,0.945623887056));
#7528 = CARTESIAN_POINT('',(1.81201808363,0.945897957934));
#7529 = CARTESIAN_POINT('',(1.828969844076,0.946198143897));
#7530 = CARTESIAN_POINT('',(1.846093943082,0.946524315222));
#7531 = CARTESIAN_POINT('',(1.881068212808,0.947237311202));
#7532 = CARTESIAN_POINT('',(1.898928239766,0.947625547128));
#7533 = CARTESIAN_POINT('',(1.916906192043,0.948040822312));
#7534 = CARTESIAN_POINT('',(1.93497715158,0.948482869134));
#7535 = CARTESIAN_POINT('',(1.95312127625,0.94895132623));
#7536 = CARTESIAN_POINT('',(1.971323771296,0.949445796901));
#7537 = CARTESIAN_POINT('',(1.989574675335,0.949965901177));
#7538 = CARTESIAN_POINT('',(2.025054244315,0.951023707326));
#7539 = CARTESIAN_POINT('',(2.0422759217,0.95155837759));
#7540 = CARTESIAN_POINT('',(2.05952746317,0.952115014459));
#7541 = CARTESIAN_POINT('',(2.076804003252,0.952693271125));
#7542 = CARTESIAN_POINT('',(2.09410173474,0.953292777765));
#7543 = CARTESIAN_POINT('',(2.1114178025,0.953913147476));
#7544 = CARTESIAN_POINT('',(2.128750197284,0.954553982213));
#7545 = CARTESIAN_POINT('',(2.200710793389,0.957295509128));
#7546 = CARTESIAN_POINT('',(2.255465188591,0.959574662268));
#7547 = CARTESIAN_POINT('',(2.310320361335,0.962039576231));
#7548 = CARTESIAN_POINT('',(2.365261381903,0.964674770809));
#7549 = CARTESIAN_POINT('',(2.420284011816,0.967462071678));
#7550 = CARTESIAN_POINT('',(2.47539280225,0.970378983887));
#7551 = CARTESIAN_POINT('',(2.530597845244,0.973397826489));
#7552 = CARTESIAN_POINT('',(2.616398588445,0.978173123104));
#7553 = CARTESIAN_POINT('',(2.646913245186,0.979887711025));
#7554 = CARTESIAN_POINT('',(2.677465448085,0.981613503973));
#7555 = CARTESIAN_POINT('',(2.708059219813,0.983342123819));
#7556 = CARTESIAN_POINT('',(2.738699231723,0.985063465754));
#7557 = CARTESIAN_POINT('',(2.769391169051,0.986764852817));
#7558 = CARTESIAN_POINT('',(2.800142384368,0.98842966076));
#7559 = CARTESIAN_POINT('',(2.852037861252,0.991133426565));
#7560 = CARTESIAN_POINT('',(2.873144168101,0.992203789532));
#7561 = CARTESIAN_POINT('',(2.894285716354,0.993239267508));
#7562 = CARTESIAN_POINT('',(2.915465655461,0.994231514137));
#7563 = CARTESIAN_POINT('',(2.936686588768,0.995170394256));
#7564 = CARTESIAN_POINT('',(2.957950573357,0.996043863918));
#7565 = CARTESIAN_POINT('',(2.979258858792,0.996838407565));
#7566 = CARTESIAN_POINT('',(3.018152440961,0.998116416863));
#7567 = CARTESIAN_POINT('',(3.035723509947,0.998630090615));
#7568 = CARTESIAN_POINT('',(3.053322744468,0.9990734002));
#7569 = CARTESIAN_POINT('',(3.070947241277,0.999438355743));
#7570 = CARTESIAN_POINT('',(3.088592851676,0.999717718549));
#7571 = CARTESIAN_POINT('',(3.106254012653,0.999905946903));
#7572 = CARTESIAN_POINT('',(3.123923578586,0.999999999998));
#7573 = CARTESIAN_POINT('',(3.141592653533,1.));
#7574 = ( GEOMETRIC_REPRESENTATION_CONTEXT(2) 
PARAMETRIC_REPRESENTATION_CONTEXT() REPRESENTATION_CONTEXT('2D SPACE',''
  ) );
#7575 = PCURVE('',#7576,#7581);
#7576 = SPHERICAL_SURFACE('',#7577,4.8);
#7577 = AXIS2_PLACEMENT_3D('',#7578,#7579,#7580);
#7578 = CARTESIAN_POINT('',(72.6,-24.,0.));
#7579 = DIRECTION('',(0.,0.,1.));
#7580 = DIRECTION('',(1.,0.,-0.));
#7581 = DEFINITIONAL_REPRESENTATION('',(#7582),#7697);
#7582 = B_SPLINE_CURVE_WITH_KNOTS('',8,(#7583,#7584,#7585,#7586,#7587,
    #7588,#7589,#7590,#7591,#7592,#7593,#7594,#7595,#7596,#7597,#7598,
    #7599,#7600,#7601,#7602,#7603,#7604,#7605,#7606,#7607,#7608,#7609,
    #7610,#7611,#7612,#7613,#7614,#7615,#7616,#7617,#7618,#7619,#7620,
    #7621,#7622,#7623,#7624,#7625,#7626,#7627,#7628,#7629,#7630,#7631,
    #7632,#7633,#7634,#7635,#7636,#7637,#7638,#7639,#7640,#7641,#7642,
    #7643,#7644,#7645,#7646,#7647,#7648,#7649,#7650,#7651,#7652,#7653,
    #7654,#7655,#7656,#7657,#7658,#7659,#7660,#7661,#7662,#7663,#7664,
    #7665,#7666,#7667,#7668,#7669,#7670,#7671,#7672,#7673,#7674,#7675,
    #7676,#7677,#7678,#7679,#7680,#7681,#7682,#7683,#7684,#7685,#7686,
    #7687,#7688,#7689,#7690,#7691,#7692,#7693,#7694,#7695,#7696),
  .UNSPECIFIED.,.F.,.F.,(9,7,7,7,7,7,7,7,7,7,7,7,7,7,7,7,9),(0.,
    4.229196117861E-02,9.307679405104E-02,0.165427393801,0.276961315398,
    0.321534006806,0.364586751556,0.434983628645,0.499507050638,
    0.566153218124,0.610516825642,0.656037606265,0.698801323523,
    0.83342979849,0.90760799862,0.958331039521,1.),.UNSPECIFIED.);
#7583 = CARTESIAN_POINT('',(1.570796326795,0.));
#7584 = CARTESIAN_POINT('',(1.570796326795,1.735436706907E-02));
#7585 = CARTESIAN_POINT('',(1.571114561829,3.47091908473E-02));
#7586 = CARTESIAN_POINT('',(1.57175145551,5.205669954868E-02));
#7587 = CARTESIAN_POINT('',(1.572697667699,6.939093698009E-02));
#7588 = CARTESIAN_POINT('',(1.573936372937,8.670742326595E-02));
#7589 = CARTESIAN_POINT('',(1.575445933165,0.104002885328));
#7590 = CARTESIAN_POINT('',(1.577202964727,0.121275057122));
#7591 = CARTESIAN_POINT('',(1.581566818129,0.159233602028));
#7592 = CARTESIAN_POINT('',(1.584273429192,0.179909361257));
#7593 = CARTESIAN_POINT('',(1.587267558093,0.200550567464));
#7594 = CARTESIAN_POINT('',(1.590513926229,0.221158737523));
#7595 = CARTESIAN_POINT('',(1.593982778268,0.241735792266));
#7596 = CARTESIAN_POINT('',(1.597651018808,0.262283907252));
#7597 = CARTESIAN_POINT('',(1.601501758557,0.282805587085));
#7598 = CARTESIAN_POINT('',(1.611250090769,0.332506969881));
#7599 = CARTESIAN_POINT('',(1.61732219928,0.361660577083));
#7600 = CARTESIAN_POINT('',(1.623702109785,0.390771633097));
#7601 = CARTESIAN_POINT('',(1.630372393111,0.419844164794));
#7602 = CARTESIAN_POINT('',(1.637329488875,0.448880313791));
#7603 = CARTESIAN_POINT('',(1.644580450137,0.477880929095));
#7604 = CARTESIAN_POINT('',(1.652141620538,0.506845816268));
#7605 = CARTESIAN_POINT('',(1.672214027732,0.580368076181));
#7606 = CARTESIAN_POINT('',(1.685187977034,0.624873660327));
#7607 = CARTESIAN_POINT('',(1.699057392482,0.669283562382));
#7608 = CARTESIAN_POINT('',(1.713969809324,0.71358433418));
#7609 = CARTESIAN_POINT('',(1.730135613091,0.757754383892));
#7610 = CARTESIAN_POINT('',(1.747838412006,0.801762532109));
#7611 = CARTESIAN_POINT('',(1.767481004786,0.845561786576));
#7612 = CARTESIAN_POINT('',(1.798584748928,0.906462195559));
#7613 = CARTESIAN_POINT('',(1.807877542658,0.923804777692));
#7614 = CARTESIAN_POINT('',(1.817623624907,0.941096202981));
#7615 = CARTESIAN_POINT('',(1.827869715773,0.958330552044));
#7616 = CARTESIAN_POINT('',(1.838669982718,0.975500674151));
#7617 = CARTESIAN_POINT('',(1.850088229041,0.992597862376));
#7618 = CARTESIAN_POINT('',(1.862200082361,1.009611528758));
#7619 = CARTESIAN_POINT('',(1.88755055572,1.042869341708));
#7620 = CARTESIAN_POINT('',(1.900736133598,1.059119162976));
#7621 = CARTESIAN_POINT('',(1.914733840699,1.075267198786));
#7622 = CARTESIAN_POINT('',(1.929637518168,1.091299521459));
#7623 = CARTESIAN_POINT('',(1.945556345904,1.107198697768));
#7624 = CARTESIAN_POINT('',(1.962618264136,1.1229430666));
#7625 = CARTESIAN_POINT('',(1.980973395003,1.138506016619));
#7626 = CARTESIAN_POINT('',(2.033212413886,1.178953293846));
#7627 = CARTESIAN_POINT('',(2.069573394216,1.203493561171));
#7628 = CARTESIAN_POINT('',(2.110644462038,1.227328585393));
#7629 = CARTESIAN_POINT('',(2.15736151526,1.250238676223));
#7630 = CARTESIAN_POINT('',(2.21073821794,1.271941264383));
#7631 = CARTESIAN_POINT('',(2.272001361679,1.292064167707));
#7632 = CARTESIAN_POINT('',(2.341864308366,1.310224071722));
#7633 = CARTESIAN_POINT('',(2.491417202975,1.340720074582));
#7634 = CARTESIAN_POINT('',(2.569747511937,1.353404415383));
#7635 = CARTESIAN_POINT('',(2.654483619907,1.363963164279));
#7636 = CARTESIAN_POINT('',(2.744759238821,1.372312201704));
#7637 = CARTESIAN_POINT('',(2.839169184124,1.378514004433));
#7638 = CARTESIAN_POINT('',(2.936226893106,1.382657883109));
#7639 = CARTESIAN_POINT('',(3.034558907364,1.384803733474));
#7640 = CARTESIAN_POINT('',(3.23455903518,1.385115411042));
#7641 = CARTESIAN_POINT('',(3.336298396341,1.383148082843));
#7642 = CARTESIAN_POINT('',(3.436820579974,1.37905564025));
#7643 = CARTESIAN_POINT('',(3.534618109135,1.3727748333));
#7644 = CARTESIAN_POINT('',(3.628049755942,1.364205366946));
#7645 = CARTESIAN_POINT('',(3.715547990018,1.353271854763));
#7646 = CARTESIAN_POINT('',(3.796174584788,1.340069724851));
#7647 = CARTESIAN_POINT('',(3.918330690207,1.314728658868));
#7648 = CARTESIAN_POINT('',(3.963922354698,1.30370967635));
#7649 = CARTESIAN_POINT('',(4.006176101941,1.291871481831));
#7650 = CARTESIAN_POINT('',(4.045165640999,1.279303359701));
#7651 = CARTESIAN_POINT('',(4.08107615677,1.266099227051));
#7652 = CARTESIAN_POINT('',(4.114147387777,1.252348924479));
#7653 = CARTESIAN_POINT('',(4.144633503767,1.238132905132));
#7654 = CARTESIAN_POINT('',(4.201660225395,1.208526586551));
#7655 = CARTESIAN_POINT('',(4.228081551052,1.193113126417));
#7656 = CARTESIAN_POINT('',(4.252322790143,1.177348283816));
#7657 = CARTESIAN_POINT('',(4.274642419597,1.161289489714));
#7658 = CARTESIAN_POINT('',(4.295270122248,1.144983833886));
#7659 = CARTESIAN_POINT('',(4.314404056952,1.128468873551));
#7660 = CARTESIAN_POINT('',(4.332213639777,1.111773680545));
#7661 = CARTESIAN_POINT('',(4.364474547072,1.079087344963));
#7662 = CARTESIAN_POINT('',(4.379062144272,1.063116622072));
#7663 = CARTESIAN_POINT('',(4.392731829327,1.047027321045));
#7664 = CARTESIAN_POINT('',(4.405586222184,1.030835434588));
#7665 = CARTESIAN_POINT('',(4.417712149445,1.014554054765));
#7666 = CARTESIAN_POINT('',(4.429183432536,0.998193842352));
#7667 = CARTESIAN_POINT('',(4.440063675876,0.981763496195));
#7668 = CARTESIAN_POINT('',(4.482978314973,0.913346198701));
#7669 = CARTESIAN_POINT('',(4.510240185039,0.860805837811));
#7670 = CARTESIAN_POINT('',(4.533931783827,0.807872179573));
#7671 = CARTESIAN_POINT('',(4.554946639497,0.754653141257));
#7672 = CARTESIAN_POINT('',(4.573910148175,0.70122145079));
#7673 = CARTESIAN_POINT('',(4.591229118863,0.647619339593));
#7674 = CARTESIAN_POINT('',(4.607197825057,0.593874424048));
#7675 = CARTESIAN_POINT('',(4.63013972465,0.510312218299));
#7676 = CARTESIAN_POINT('',(4.637932304948,0.480587671435));
#7677 = CARTESIAN_POINT('',(4.645396736231,0.45082546197));
#7678 = CARTESIAN_POINT('',(4.652551332769,0.421025880812));
#7679 = CARTESIAN_POINT('',(4.659404185542,0.391188075795));
#7680 = CARTESIAN_POINT('',(4.665951712716,0.361309777502));
#7681 = CARTESIAN_POINT('',(4.672174958449,0.331386625667));
#7682 = CARTESIAN_POINT('',(4.682039805489,0.28091383407));
#7683 = CARTESIAN_POINT('',(4.68587536331,0.260393141219));
#7684 = CARTESIAN_POINT('',(4.68952731861,0.239845853895));
#7685 = CARTESIAN_POINT('',(4.692978489659,0.219269457157));
#7686 = CARTESIAN_POINT('',(4.696205437176,0.198661784202));
#7687 = CARTESIAN_POINT('',(4.699178040781,0.178020946437));
#7688 = CARTESIAN_POINT('',(4.701860722595,0.157345494249));
#7689 = CARTESIAN_POINT('',(4.706149617278,0.119620987314));
#7690 = CARTESIAN_POINT('',(4.70786249587,0.102583244065));
#7691 = CARTESIAN_POINT('',(4.7093331043,8.552296643362E-02));
#7692 = CARTESIAN_POINT('',(4.710539074117,6.844238960075E-02));
#7693 = CARTESIAN_POINT('',(4.71145981233,5.134471797713E-02));
#7694 = CARTESIAN_POINT('',(4.712079383628,3.42343086112E-02));
#7695 = CARTESIAN_POINT('',(4.712388980377,1.711691624191E-02));
#7696 = CARTESIAN_POINT('',(4.712388980385,0.));
#7697 = ( GEOMETRIC_REPRESENTATION_CONTEXT(2) 
PARAMETRIC_REPRESENTATION_CONTEXT() REPRESENTATION_CONTEXT('2D SPACE',''
  ) );
#7698 = ADVANCED_FACE('',(#7699),#7576,.T.);
#7699 = FACE_BOUND('',#7700,.T.);
#7700 = EDGE_LOOP('',(#7701,#7727,#7728,#7755,#7756));
#7701 = ORIENTED_EDGE('',*,*,#7702,.T.);
#7702 = EDGE_CURVE('',#7703,#7705,#7707,.T.);
#7703 = VERTEX_POINT('',#7704);
#7704 = CARTESIAN_POINT('',(77.4,-24.,0.));
#7705 = VERTEX_POINT('',#7706);
#7706 = CARTESIAN_POINT('',(72.6,-24.,4.8));
#7707 = SEAM_CURVE('',#7708,(#7713,#7720),.PCURVE_S1.);
#7708 = CIRCLE('',#7709,4.8);
#7709 = AXIS2_PLACEMENT_3D('',#7710,#7711,#7712);
#7710 = CARTESIAN_POINT('',(72.6,-24.,0.));
#7711 = DIRECTION('',(-2.449293598295E-16,-1.,0.));
#7712 = DIRECTION('',(1.,-2.449293598295E-16,0.));
#7713 = PCURVE('',#7576,#7714);
#7714 = DEFINITIONAL_REPRESENTATION('',(#7715),#7719);
#7715 = LINE('',#7716,#7717);
#7716 = CARTESIAN_POINT('',(6.28318530718,-6.28318530718));
#7717 = VECTOR('',#7718,1.);
#7718 = DIRECTION('',(0.,1.));
#7719 = ( GEOMETRIC_REPRESENTATION_CONTEXT(2) 
PARAMETRIC_REPRESENTATION_CONTEXT() REPRESENTATION_CONTEXT('2D SPACE',''
  ) );
#7720 = PCURVE('',#7576,#7721);
#7721 = DEFINITIONAL_REPRESENTATION('',(#7722),#7726);
#7722 = LINE('',#7723,#7724);
#7723 = CARTESIAN_POINT('',(0.,-6.28318530718));
#7724 = VECTOR('',#7725,1.);
#7725 = DIRECTION('',(0.,1.));
#7726 = ( GEOMETRIC_REPRESENTATION_CONTEXT(2) 
PARAMETRIC_REPRESENTATION_CONTEXT() REPRESENTATION_CONTEXT('2D SPACE',''
  ) );
#7727 = ORIENTED_EDGE('',*,*,#7702,.F.);
#7728 = ORIENTED_EDGE('',*,*,#7729,.T.);
#7729 = EDGE_CURVE('',#7703,#7288,#7730,.T.);
#7730 = SURFACE_CURVE('',#7731,(#7736,#7743),.PCURVE_S1.);
#7731 = CIRCLE('',#7732,4.8);
#7732 = AXIS2_PLACEMENT_3D('',#7733,#7734,#7735);
#7733 = CARTESIAN_POINT('',(72.6,-24.,0.));
#7734 = DIRECTION('',(0.,0.,1.));
#7735 = DIRECTION('',(1.,0.,-0.));
#7736 = PCURVE('',#7576,#7737);
#7737 = DEFINITIONAL_REPRESENTATION('',(#7738),#7742);
#7738 = LINE('',#7739,#7740);
#7739 = CARTESIAN_POINT('',(0.,0.));
#7740 = VECTOR('',#7741,1.);
#7741 = DIRECTION('',(1.,0.));
#7742 = ( GEOMETRIC_REPRESENTATION_CONTEXT(2) 
PARAMETRIC_REPRESENTATION_CONTEXT() REPRESENTATION_CONTEXT('2D SPACE',''
  ) );
#7743 = PCURVE('',#7744,#7749);
#7744 = PLANE('',#7745);
#7745 = AXIS2_PLACEMENT_3D('',#7746,#7747,#7748);
#7746 = CARTESIAN_POINT('',(72.6,-24.,0.));
#7747 = DIRECTION('',(0.,0.,1.));
#7748 = DIRECTION('',(1.,0.,-0.));
#7749 = DEFINITIONAL_REPRESENTATION('',(#7750),#7754);
#7750 = CIRCLE('',#7751,4.8);
#7751 = AXIS2_PLACEMENT_2D('',#7752,#7753);
#7752 = CARTESIAN_POINT('',(0.,0.));
#7753 = DIRECTION('',(1.,0.));
#7754 = ( GEOMETRIC_REPRESENTATION_CONTEXT(2) 
PARAMETRIC_REPRESENTATION_CONTEXT() REPRESENTATION_CONTEXT('2D SPACE',''
  ) );
#7755 = ORIENTED_EDGE('',*,*,#7340,.T.);
#7756 = ORIENTED_EDGE('',*,*,#7757,.T.);
#7757 = EDGE_CURVE('',#7312,#7703,#7758,.T.);
#7758 = SURFACE_CURVE('',#7759,(#7764,#7771),.PCURVE_S1.);
#7759 = CIRCLE('',#7760,4.8);
#7760 = AXIS2_PLACEMENT_3D('',#7761,#7762,#7763);
#7761 = CARTESIAN_POINT('',(72.6,-24.,0.));
#7762 = DIRECTION('',(0.,0.,1.));
#7763 = DIRECTION('',(1.,0.,-0.));
#7764 = PCURVE('',#7576,#7765);
#7765 = DEFINITIONAL_REPRESENTATION('',(#7766),#7770);
#7766 = LINE('',#7767,#7768);
#7767 = CARTESIAN_POINT('',(0.,0.));
#7768 = VECTOR('',#7769,1.);
#7769 = DIRECTION('',(1.,0.));
#7770 = ( GEOMETRIC_REPRESENTATION_CONTEXT(2) 
PARAMETRIC_REPRESENTATION_CONTEXT() REPRESENTATION_CONTEXT('2D SPACE',''
  ) );
#7771 = PCURVE('',#7744,#7772);
#7772 = DEFINITIONAL_REPRESENTATION('',(#7773),#7777);
#7773 = CIRCLE('',#7774,4.8);
#7774 = AXIS2_PLACEMENT_2D('',#7775,#7776);
#7775 = CARTESIAN_POINT('',(0.,0.));
#7776 = DIRECTION('',(1.,0.));
#7777 = ( GEOMETRIC_REPRESENTATION_CONTEXT(2) 
PARAMETRIC_REPRESENTATION_CONTEXT() REPRESENTATION_CONTEXT('2D SPACE',''
  ) );
#7778 = ADVANCED_FACE('',(#7779),#7328,.T.);
#7779 = FACE_BOUND('',#7780,.T.);
#7780 = EDGE_LOOP('',(#7781,#7782));
#7781 = ORIENTED_EDGE('',*,*,#7311,.T.);
#7782 = ORIENTED_EDGE('',*,*,#7783,.T.);
#7783 = EDGE_CURVE('',#7288,#7312,#7784,.T.);
#7784 = SURFACE_CURVE('',#7785,(#7789,#7796),.PCURVE_S1.);
#7785 = LINE('',#7786,#7787);
#7786 = CARTESIAN_POINT('',(72.6,-24.,0.));
#7787 = VECTOR('',#7788,1.);
#7788 = DIRECTION('',(0.,-1.,0.));
#7789 = PCURVE('',#7328,#7790);
#7790 = DEFINITIONAL_REPRESENTATION('',(#7791),#7795);
#7791 = LINE('',#7792,#7793);
#7792 = CARTESIAN_POINT('',(0.,0.));
#7793 = VECTOR('',#7794,1.);
#7794 = DIRECTION('',(-1.,0.));
#7795 = ( GEOMETRIC_REPRESENTATION_CONTEXT(2) 
PARAMETRIC_REPRESENTATION_CONTEXT() REPRESENTATION_CONTEXT('2D SPACE',''
  ) );
#7796 = PCURVE('',#7744,#7797);
#7797 = DEFINITIONAL_REPRESENTATION('',(#7798),#7802);
#7798 = LINE('',#7799,#7800);
#7799 = CARTESIAN_POINT('',(0.,0.));
#7800 = VECTOR('',#7801,1.);
#7801 = DIRECTION('',(0.,-1.));
#7802 = ( GEOMETRIC_REPRESENTATION_CONTEXT(2) 
PARAMETRIC_REPRESENTATION_CONTEXT() REPRESENTATION_CONTEXT('2D SPACE',''
  ) );
#7803 = ADVANCED_FACE('',(#7804),#7744,.F.);
#7804 = FACE_BOUND('',#7805,.F.);
#7805 = EDGE_LOOP('',(#7806,#7807,#7808));
#7806 = ORIENTED_EDGE('',*,*,#7757,.T.);
#7807 = ORIENTED_EDGE('',*,*,#7729,.T.);
#7808 = ORIENTED_EDGE('',*,*,#7783,.T.);
#7809 = ( GEOMETRIC_REPRESENTATION_CONTEXT(3) 
GLOBAL_UNCERTAINTY_ASSIGNED_CONTEXT((#7813)) 
GLOBAL_UNIT_ASSIGNED_CONTEXT((#7810,#7811,#7812)) REPRESENTATION_CONTEXT
('Context #1','3D Context with UNIT and UNCERTAINTY') );
#7810 = ( LENGTH_UNIT() NAMED_UNIT(*) SI_UNIT(.MILLI.,.METRE.) );
#7811 = ( NAMED_UNIT(*) PLANE_ANGLE_UNIT() SI_UNIT($,.RADIAN.) );
#7812 = ( NAMED_UNIT(*) SI_UNIT($,.STERADIAN.) SOLID_ANGLE_UNIT() );
#7813 = UNCERTAINTY_MEASURE_WITH_UNIT(LENGTH_MEASURE(2.E-06),#7810,
  'distance_accuracy_value','confusion accuracy');
#7814 = CONTEXT_DEPENDENT_SHAPE_REPRESENTATION(#7815,#7817);
#7815 = ( REPRESENTATION_RELATIONSHIP('','',#6375,#10) 
REPRESENTATION_RELATIONSHIP_WITH_TRANSFORMATION(#7816) 
SHAPE_REPRESENTATION_RELATIONSHIP() );
#7816 = ITEM_DEFINED_TRANSFORMATION('','',#11,#23);
#7817 = PRODUCT_DEFINITION_SHAPE('Placement','Placement of an item',
  #7818);
#7818 = NEXT_ASSEMBLY_USAGE_OCCURRENCE('37','','',#5,#6370,$);
#7819 = PRODUCT_RELATED_PRODUCT_CATEGORY('part',$,(#6372));
#7820 = SHAPE_DEFINITION_REPRESENTATION(#7821,#7827);
#7821 = PRODUCT_DEFINITION_SHAPE('','',#7822);
#7822 = PRODUCT_DEFINITION('design','',#7823,#7826);
#7823 = PRODUCT_DEFINITION_FORMATION('','',#7824);
#7824 = PRODUCT('Open CASCADE STEP translator 7.8 6.4',
  'Open CASCADE STEP translator 7.8 6.4','',(#7825));
#7825 = PRODUCT_CONTEXT('',#2,'mechanical');
#7826 = PRODUCT_DEFINITION_CONTEXT('part definition',#2,'design');
#7827 = ADVANCED_BREP_SHAPE_REPRESENTATION('',(#11,#7828),#8350);
#7828 = MANIFOLD_SOLID_BREP('',#7829);
#7829 = CLOSED_SHELL('',(#7830,#7950,#8028,#8105,#8202,#8289,#8296,#8323
    ));
#7830 = ADVANCED_FACE('',(#7831),#7845,.F.);
#7831 = FACE_BOUND('',#7832,.F.);
#7832 = EDGE_LOOP('',(#7833,#7868,#7896,#7924));
#7833 = ORIENTED_EDGE('',*,*,#7834,.T.);
#7834 = EDGE_CURVE('',#7835,#7837,#7839,.T.);
#7835 = VERTEX_POINT('',#7836);
#7836 = CARTESIAN_POINT('',(1.,-16.,9.));
#7837 = VERTEX_POINT('',#7838);
#7838 = CARTESIAN_POINT('',(1.,-16.,12.));
#7839 = SURFACE_CURVE('',#7840,(#7844,#7856),.PCURVE_S1.);
#7840 = LINE('',#7841,#7842);
#7841 = CARTESIAN_POINT('',(1.,-16.,9.));
#7842 = VECTOR('',#7843,1.);
#7843 = DIRECTION('',(0.,0.,1.));
#7844 = PCURVE('',#7845,#7850);
#7845 = PLANE('',#7846);
#7846 = AXIS2_PLACEMENT_3D('',#7847,#7848,#7849);
#7847 = CARTESIAN_POINT('',(1.,-16.,9.));
#7848 = DIRECTION('',(0.,1.,0.));
#7849 = DIRECTION('',(1.,0.,0.));
#7850 = DEFINITIONAL_REPRESENTATION('',(#7851),#7855);
#7851 = LINE('',#7852,#7853);
#7852 = CARTESIAN_POINT('',(0.,0.));
#7853 = VECTOR('',#7854,1.);
#7854 = DIRECTION('',(0.,-1.));
#7855 = ( GEOMETRIC_REPRESENTATION_CONTEXT(2) 
PARAMETRIC_REPRESENTATION_CONTEXT() REPRESENTATION_CONTEXT('2D SPACE',''
  ) );
#7856 = PCURVE('',#7857,#7862);
#7857 = CYLINDRICAL_SURFACE('',#7858,3.);
#7858 = AXIS2_PLACEMENT_3D('',#7859,#7860,#7861);
#7859 = CARTESIAN_POINT('',(1.,-13.,9.));
#7860 = DIRECTION('',(-0.,-0.,-1.));
#7861 = DIRECTION('',(1.,0.,0.));
#7862 = DEFINITIONAL_REPRESENTATION('',(#7863),#7867);
#7863 = LINE('',#7864,#7865);
#7864 = CARTESIAN_POINT('',(-4.712388980385,0.));
#7865 = VECTOR('',#7866,1.);
#7866 = DIRECTION('',(-0.,-1.));
#7867 = ( GEOMETRIC_REPRESENTATION_CONTEXT(2) 
PARAMETRIC_REPRESENTATION_CONTEXT() REPRESENTATION_CONTEXT('2D SPACE',''
  ) );
#7868 = ORIENTED_EDGE('',*,*,#7869,.T.);
#7869 = EDGE_CURVE('',#7837,#7870,#7872,.T.);
#7870 = VERTEX_POINT('',#7871);
#7871 = CARTESIAN_POINT('',(36.2,-16.,12.));
#7872 = SURFACE_CURVE('',#7873,(#7877,#7884),.PCURVE_S1.);
#7873 = LINE('',#7874,#7875);
#7874 = CARTESIAN_POINT('',(1.,-16.,12.));
#7875 = VECTOR('',#7876,1.);
#7876 = DIRECTION('',(1.,0.,0.));
#7877 = PCURVE('',#7845,#7878);
#7878 = DEFINITIONAL_REPRESENTATION('',(#7879),#7883);
#7879 = LINE('',#7880,#7881);
#7880 = CARTESIAN_POINT('',(0.,-3.));
#7881 = VECTOR('',#7882,1.);
#7882 = DIRECTION('',(1.,0.));
#7883 = ( GEOMETRIC_REPRESENTATION_CONTEXT(2) 
PARAMETRIC_REPRESENTATION_CONTEXT() REPRESENTATION_CONTEXT('2D SPACE',''
  ) );
#7884 = PCURVE('',#7885,#7890);
#7885 = PLANE('',#7886);
#7886 = AXIS2_PLACEMENT_3D('',#7887,#7888,#7889);
#7887 = CARTESIAN_POINT('',(18.6,-13.,12.));
#7888 = DIRECTION('',(0.,0.,1.));
#7889 = DIRECTION('',(1.,0.,-0.));
#7890 = DEFINITIONAL_REPRESENTATION('',(#7891),#7895);
#7891 = LINE('',#7892,#7893);
#7892 = CARTESIAN_POINT('',(-17.6,-3.));
#7893 = VECTOR('',#7894,1.);
#7894 = DIRECTION('',(1.,0.));
#7895 = ( GEOMETRIC_REPRESENTATION_CONTEXT(2) 
PARAMETRIC_REPRESENTATION_CONTEXT() REPRESENTATION_CONTEXT('2D SPACE',''
  ) );
#7896 = ORIENTED_EDGE('',*,*,#7897,.F.);
#7897 = EDGE_CURVE('',#7898,#7870,#7900,.T.);
#7898 = VERTEX_POINT('',#7899);
#7899 = CARTESIAN_POINT('',(36.2,-16.,9.));
#7900 = SURFACE_CURVE('',#7901,(#7905,#7912),.PCURVE_S1.);
#7901 = LINE('',#7902,#7903);
#7902 = CARTESIAN_POINT('',(36.2,-16.,9.));
#7903 = VECTOR('',#7904,1.);
#7904 = DIRECTION('',(0.,0.,1.));
#7905 = PCURVE('',#7845,#7906);
#7906 = DEFINITIONAL_REPRESENTATION('',(#7907),#7911);
#7907 = LINE('',#7908,#7909);
#7908 = CARTESIAN_POINT('',(35.2,0.));
#7909 = VECTOR('',#7910,1.);
#7910 = DIRECTION('',(0.,-1.));
#7911 = ( GEOMETRIC_REPRESENTATION_CONTEXT(2) 
PARAMETRIC_REPRESENTATION_CONTEXT() REPRESENTATION_CONTEXT('2D SPACE',''
  ) );
#7912 = PCURVE('',#7913,#7918);
#7913 = CYLINDRICAL_SURFACE('',#7914,3.);
#7914 = AXIS2_PLACEMENT_3D('',#7915,#7916,#7917);
#7915 = CARTESIAN_POINT('',(36.2,-13.,9.));
#7916 = DIRECTION('',(-0.,-0.,-1.));
#7917 = DIRECTION('',(1.,0.,0.));
#7918 = DEFINITIONAL_REPRESENTATION('',(#7919),#7923);
#7919 = LINE('',#7920,#7921);
#7920 = CARTESIAN_POINT('',(-4.712388980385,0.));
#7921 = VECTOR('',#7922,1.);
#7922 = DIRECTION('',(-0.,-1.));
#7923 = ( GEOMETRIC_REPRESENTATION_CONTEXT(2) 
PARAMETRIC_REPRESENTATION_CONTEXT() REPRESENTATION_CONTEXT('2D SPACE',''
  ) );
#7924 = ORIENTED_EDGE('',*,*,#7925,.F.);
#7925 = EDGE_CURVE('',#7835,#7898,#7926,.T.);
#7926 = SURFACE_CURVE('',#7927,(#7931,#7938),.PCURVE_S1.);
#7927 = LINE('',#7928,#7929);
#7928 = CARTESIAN_POINT('',(1.,-16.,9.));
#7929 = VECTOR('',#7930,1.);
#7930 = DIRECTION('',(1.,0.,0.));
#7931 = PCURVE('',#7845,#7932);
#7932 = DEFINITIONAL_REPRESENTATION('',(#7933),#7937);
#7933 = LINE('',#7934,#7935);
#7934 = CARTESIAN_POINT('',(0.,0.));
#7935 = VECTOR('',#7936,1.);
#7936 = DIRECTION('',(1.,0.));
#7937 = ( GEOMETRIC_REPRESENTATION_CONTEXT(2) 
PARAMETRIC_REPRESENTATION_CONTEXT() REPRESENTATION_CONTEXT('2D SPACE',''
  ) );
#7938 = PCURVE('',#7939,#7944);
#7939 = PLANE('',#7940);
#7940 = AXIS2_PLACEMENT_3D('',#7941,#7942,#7943);
#7941 = CARTESIAN_POINT('',(18.6,-13.,9.));
#7942 = DIRECTION('',(0.,0.,1.));
#7943 = DIRECTION('',(1.,0.,-0.));
#7944 = DEFINITIONAL_REPRESENTATION('',(#7945),#7949);
#7945 = LINE('',#7946,#7947);
#7946 = CARTESIAN_POINT('',(-17.6,-3.));
#7947 = VECTOR('',#7948,1.);
#7948 = DIRECTION('',(1.,0.));
#7949 = ( GEOMETRIC_REPRESENTATION_CONTEXT(2) 
PARAMETRIC_REPRESENTATION_CONTEXT() REPRESENTATION_CONTEXT('2D SPACE',''
  ) );
#7950 = ADVANCED_FACE('',(#7951),#7857,.T.);
#7951 = FACE_BOUND('',#7952,.F.);
#7952 = EDGE_LOOP('',(#7953,#7977,#8005,#8027));
#7953 = ORIENTED_EDGE('',*,*,#7954,.F.);
#7954 = EDGE_CURVE('',#7955,#7835,#7957,.T.);
#7955 = VERTEX_POINT('',#7956);
#7956 = CARTESIAN_POINT('',(1.,-10.,9.));
#7957 = SURFACE_CURVE('',#7958,(#7963,#7970),.PCURVE_S1.);
#7958 = CIRCLE('',#7959,3.);
#7959 = AXIS2_PLACEMENT_3D('',#7960,#7961,#7962);
#7960 = CARTESIAN_POINT('',(1.,-13.,9.));
#7961 = DIRECTION('',(0.,0.,1.));
#7962 = DIRECTION('',(1.,0.,0.));
#7963 = PCURVE('',#7857,#7964);
#7964 = DEFINITIONAL_REPRESENTATION('',(#7965),#7969);
#7965 = LINE('',#7966,#7967);
#7966 = CARTESIAN_POINT('',(-0.,0.));
#7967 = VECTOR('',#7968,1.);
#7968 = DIRECTION('',(-1.,0.));
#7969 = ( GEOMETRIC_REPRESENTATION_CONTEXT(2) 
PARAMETRIC_REPRESENTATION_CONTEXT() REPRESENTATION_CONTEXT('2D SPACE',''
  ) );
#7970 = PCURVE('',#7939,#7971);
#7971 = DEFINITIONAL_REPRESENTATION('',(#7972),#7976);
#7972 = CIRCLE('',#7973,3.);
#7973 = AXIS2_PLACEMENT_2D('',#7974,#7975);
#7974 = CARTESIAN_POINT('',(-17.6,0.));
#7975 = DIRECTION('',(1.,0.));
#7976 = ( GEOMETRIC_REPRESENTATION_CONTEXT(2) 
PARAMETRIC_REPRESENTATION_CONTEXT() REPRESENTATION_CONTEXT('2D SPACE',''
  ) );
#7977 = ORIENTED_EDGE('',*,*,#7978,.T.);
#7978 = EDGE_CURVE('',#7955,#7979,#7981,.T.);
#7979 = VERTEX_POINT('',#7980);
#7980 = CARTESIAN_POINT('',(1.,-10.,12.));
#7981 = SURFACE_CURVE('',#7982,(#7986,#7993),.PCURVE_S1.);
#7982 = LINE('',#7983,#7984);
#7983 = CARTESIAN_POINT('',(1.,-10.,9.));
#7984 = VECTOR('',#7985,1.);
#7985 = DIRECTION('',(0.,0.,1.));
#7986 = PCURVE('',#7857,#7987);
#7987 = DEFINITIONAL_REPRESENTATION('',(#7988),#7992);
#7988 = LINE('',#7989,#7990);
#7989 = CARTESIAN_POINT('',(-1.570796326795,0.));
#7990 = VECTOR('',#7991,1.);
#7991 = DIRECTION('',(-0.,-1.));
#7992 = ( GEOMETRIC_REPRESENTATION_CONTEXT(2) 
PARAMETRIC_REPRESENTATION_CONTEXT() REPRESENTATION_CONTEXT('2D SPACE',''
  ) );
#7993 = PCURVE('',#7994,#7999);
#7994 = PLANE('',#7995);
#7995 = AXIS2_PLACEMENT_3D('',#7996,#7997,#7998);
#7996 = CARTESIAN_POINT('',(36.2,-10.,9.));
#7997 = DIRECTION('',(0.,-1.,0.));
#7998 = DIRECTION('',(-1.,0.,0.));
#7999 = DEFINITIONAL_REPRESENTATION('',(#8000),#8004);
#8000 = LINE('',#8001,#8002);
#8001 = CARTESIAN_POINT('',(35.2,0.));
#8002 = VECTOR('',#8003,1.);
#8003 = DIRECTION('',(0.,-1.));
#8004 = ( GEOMETRIC_REPRESENTATION_CONTEXT(2) 
PARAMETRIC_REPRESENTATION_CONTEXT() REPRESENTATION_CONTEXT('2D SPACE',''
  ) );
#8005 = ORIENTED_EDGE('',*,*,#8006,.T.);
#8006 = EDGE_CURVE('',#7979,#7837,#8007,.T.);
#8007 = SURFACE_CURVE('',#8008,(#8013,#8020),.PCURVE_S1.);
#8008 = CIRCLE('',#8009,3.);
#8009 = AXIS2_PLACEMENT_3D('',#8010,#8011,#8012);
#8010 = CARTESIAN_POINT('',(1.,-13.,12.));
#8011 = DIRECTION('',(0.,0.,1.));
#8012 = DIRECTION('',(1.,0.,0.));
#8013 = PCURVE('',#7857,#8014);
#8014 = DEFINITIONAL_REPRESENTATION('',(#8015),#8019);
#8015 = LINE('',#8016,#8017);
#8016 = CARTESIAN_POINT('',(-0.,-3.));
#8017 = VECTOR('',#8018,1.);
#8018 = DIRECTION('',(-1.,0.));
#8019 = ( GEOMETRIC_REPRESENTATION_CONTEXT(2) 
PARAMETRIC_REPRESENTATION_CONTEXT() REPRESENTATION_CONTEXT('2D SPACE',''
  ) );
#8020 = PCURVE('',#7885,#8021);
#8021 = DEFINITIONAL_REPRESENTATION('',(#8022),#8026);
#8022 = CIRCLE('',#8023,3.);
#8023 = AXIS2_PLACEMENT_2D('',#8024,#8025);
#8024 = CARTESIAN_POINT('',(-17.6,0.));
#8025 = DIRECTION('',(1.,0.));
#8026 = ( GEOMETRIC_REPRESENTATION_CONTEXT(2) 
PARAMETRIC_REPRESENTATION_CONTEXT() REPRESENTATION_CONTEXT('2D SPACE',''
  ) );
#8027 = ORIENTED_EDGE('',*,*,#7834,.F.);
#8028 = ADVANCED_FACE('',(#8029),#7913,.T.);
#8029 = FACE_BOUND('',#8030,.F.);
#8030 = EDGE_LOOP('',(#8031,#8059,#8082,#8104));
#8031 = ORIENTED_EDGE('',*,*,#8032,.F.);
#8032 = EDGE_CURVE('',#8033,#7870,#8035,.T.);
#8033 = VERTEX_POINT('',#8034);
#8034 = CARTESIAN_POINT('',(36.2,-10.,12.));
#8035 = SURFACE_CURVE('',#8036,(#8041,#8048),.PCURVE_S1.);
#8036 = CIRCLE('',#8037,3.);
#8037 = AXIS2_PLACEMENT_3D('',#8038,#8039,#8040);
#8038 = CARTESIAN_POINT('',(36.2,-13.,12.));
#8039 = DIRECTION('',(0.,0.,-1.));
#8040 = DIRECTION('',(0.,1.,0.));
#8041 = PCURVE('',#7913,#8042);
#8042 = DEFINITIONAL_REPRESENTATION('',(#8043),#8047);
#8043 = LINE('',#8044,#8045);
#8044 = CARTESIAN_POINT('',(-7.853981633974,-3.));
#8045 = VECTOR('',#8046,1.);
#8046 = DIRECTION('',(1.,-0.));
#8047 = ( GEOMETRIC_REPRESENTATION_CONTEXT(2) 
PARAMETRIC_REPRESENTATION_CONTEXT() REPRESENTATION_CONTEXT('2D SPACE',''
  ) );
#8048 = PCURVE('',#7885,#8049);
#8049 = DEFINITIONAL_REPRESENTATION('',(#8050),#8058);
#8050 = ( BOUNDED_CURVE() B_SPLINE_CURVE(2,(#8051,#8052,#8053,#8054,
#8055,#8056,#8057),.UNSPECIFIED.,.T.,.F.) B_SPLINE_CURVE_WITH_KNOTS((1,2
    ,2,2,2,1),(-2.094395102393,0.,2.094395102393,4.188790204786,
6.28318530718,8.377580409573),.UNSPECIFIED.) CURVE() 
GEOMETRIC_REPRESENTATION_ITEM() RATIONAL_B_SPLINE_CURVE((1.,0.5,1.,0.5,
1.,0.5,1.)) REPRESENTATION_ITEM('') );
#8051 = CARTESIAN_POINT('',(17.6,3.));
#8052 = CARTESIAN_POINT('',(22.796152422707,3.));
#8053 = CARTESIAN_POINT('',(20.198076211353,-1.5));
#8054 = CARTESIAN_POINT('',(17.6,-6.));
#8055 = CARTESIAN_POINT('',(15.001923788647,-1.5));
#8056 = CARTESIAN_POINT('',(12.403847577293,3.));
#8057 = CARTESIAN_POINT('',(17.6,3.));
#8058 = ( GEOMETRIC_REPRESENTATION_CONTEXT(2) 
PARAMETRIC_REPRESENTATION_CONTEXT() REPRESENTATION_CONTEXT('2D SPACE',''
  ) );
#8059 = ORIENTED_EDGE('',*,*,#8060,.F.);
#8060 = EDGE_CURVE('',#8061,#8033,#8063,.T.);
#8061 = VERTEX_POINT('',#8062);
#8062 = CARTESIAN_POINT('',(36.2,-10.,9.));
#8063 = SURFACE_CURVE('',#8064,(#8068,#8075),.PCURVE_S1.);
#8064 = LINE('',#8065,#8066);
#8065 = CARTESIAN_POINT('',(36.2,-10.,9.));
#8066 = VECTOR('',#8067,1.);
#8067 = DIRECTION('',(0.,0.,1.));
#8068 = PCURVE('',#7913,#8069);
#8069 = DEFINITIONAL_REPRESENTATION('',(#8070),#8074);
#8070 = LINE('',#8071,#8072);
#8071 = CARTESIAN_POINT('',(-7.853981633974,0.));
#8072 = VECTOR('',#8073,1.);
#8073 = DIRECTION('',(-0.,-1.));
#8074 = ( GEOMETRIC_REPRESENTATION_CONTEXT(2) 
PARAMETRIC_REPRESENTATION_CONTEXT() REPRESENTATION_CONTEXT('2D SPACE',''
  ) );
#8075 = PCURVE('',#7994,#8076);
#8076 = DEFINITIONAL_REPRESENTATION('',(#8077),#8081);
#8077 = LINE('',#8078,#8079);
#8078 = CARTESIAN_POINT('',(0.,-0.));
#8079 = VECTOR('',#8080,1.);
#8080 = DIRECTION('',(0.,-1.));
#8081 = ( GEOMETRIC_REPRESENTATION_CONTEXT(2) 
PARAMETRIC_REPRESENTATION_CONTEXT() REPRESENTATION_CONTEXT('2D SPACE',''
  ) );
#8082 = ORIENTED_EDGE('',*,*,#8083,.F.);
#8083 = EDGE_CURVE('',#7898,#8061,#8084,.T.);
#8084 = SURFACE_CURVE('',#8085,(#8090,#8097),.PCURVE_S1.);
#8085 = CIRCLE('',#8086,3.);
#8086 = AXIS2_PLACEMENT_3D('',#8087,#8088,#8089);
#8087 = CARTESIAN_POINT('',(36.2,-13.,9.));
#8088 = DIRECTION('',(0.,0.,1.));
#8089 = DIRECTION('',(0.,-1.,0.));
#8090 = PCURVE('',#7913,#8091);
#8091 = DEFINITIONAL_REPRESENTATION('',(#8092),#8096);
#8092 = LINE('',#8093,#8094);
#8093 = CARTESIAN_POINT('',(-4.712388980385,0.));
#8094 = VECTOR('',#8095,1.);
#8095 = DIRECTION('',(-1.,0.));
#8096 = ( GEOMETRIC_REPRESENTATION_CONTEXT(2) 
PARAMETRIC_REPRESENTATION_CONTEXT() REPRESENTATION_CONTEXT('2D SPACE',''
  ) );
#8097 = PCURVE('',#7939,#8098);
#8098 = DEFINITIONAL_REPRESENTATION('',(#8099),#8103);
#8099 = CIRCLE('',#8100,3.);
#8100 = AXIS2_PLACEMENT_2D('',#8101,#8102);
#8101 = CARTESIAN_POINT('',(17.6,0.));
#8102 = DIRECTION('',(0.,-1.));
#8103 = ( GEOMETRIC_REPRESENTATION_CONTEXT(2) 
PARAMETRIC_REPRESENTATION_CONTEXT() REPRESENTATION_CONTEXT('2D SPACE',''
  ) );
#8104 = ORIENTED_EDGE('',*,*,#7897,.T.);
#8105 = ADVANCED_FACE('',(#8106,#8132,#8167),#7939,.F.);
#8106 = FACE_BOUND('',#8107,.F.);
#8107 = EDGE_LOOP('',(#8108,#8109,#8110,#8131));
#8108 = ORIENTED_EDGE('',*,*,#7925,.T.);
#8109 = ORIENTED_EDGE('',*,*,#8083,.T.);
#8110 = ORIENTED_EDGE('',*,*,#8111,.T.);
#8111 = EDGE_CURVE('',#8061,#7955,#8112,.T.);
#8112 = SURFACE_CURVE('',#8113,(#8117,#8124),.PCURVE_S1.);
#8113 = LINE('',#8114,#8115);
#8114 = CARTESIAN_POINT('',(36.2,-10.,9.));
#8115 = VECTOR('',#8116,1.);
#8116 = DIRECTION('',(-1.,0.,0.));
#8117 = PCURVE('',#7939,#8118);
#8118 = DEFINITIONAL_REPRESENTATION('',(#8119),#8123);
#8119 = LINE('',#8120,#8121);
#8120 = CARTESIAN_POINT('',(17.6,3.));
#8121 = VECTOR('',#8122,1.);
#8122 = DIRECTION('',(-1.,0.));
#8123 = ( GEOMETRIC_REPRESENTATION_CONTEXT(2) 
PARAMETRIC_REPRESENTATION_CONTEXT() REPRESENTATION_CONTEXT('2D SPACE',''
  ) );
#8124 = PCURVE('',#7994,#8125);
#8125 = DEFINITIONAL_REPRESENTATION('',(#8126),#8130);
#8126 = LINE('',#8127,#8128);
#8127 = CARTESIAN_POINT('',(0.,-0.));
#8128 = VECTOR('',#8129,1.);
#8129 = DIRECTION('',(1.,0.));
#8130 = ( GEOMETRIC_REPRESENTATION_CONTEXT(2) 
PARAMETRIC_REPRESENTATION_CONTEXT() REPRESENTATION_CONTEXT('2D SPACE',''
  ) );
#8131 = ORIENTED_EDGE('',*,*,#7954,.T.);
#8132 = FACE_BOUND('',#8133,.F.);
#8133 = EDGE_LOOP('',(#8134));
#8134 = ORIENTED_EDGE('',*,*,#8135,.T.);
#8135 = EDGE_CURVE('',#8136,#8136,#8138,.T.);
#8136 = VERTEX_POINT('',#8137);
#8137 = CARTESIAN_POINT('',(-0.6,-13.,9.));
#8138 = SURFACE_CURVE('',#8139,(#8144,#8155),.PCURVE_S1.);
#8139 = CIRCLE('',#8140,1.6);
#8140 = AXIS2_PLACEMENT_3D('',#8141,#8142,#8143);
#8141 = CARTESIAN_POINT('',(1.,-13.,9.));
#8142 = DIRECTION('',(0.,0.,-1.));
#8143 = DIRECTION('',(-1.,0.,0.));
#8144 = PCURVE('',#7939,#8145);
#8145 = DEFINITIONAL_REPRESENTATION('',(#8146),#8154);
#8146 = ( BOUNDED_CURVE() B_SPLINE_CURVE(2,(#8147,#8148,#8149,#8150,
#8151,#8152,#8153),.UNSPECIFIED.,.T.,.F.) B_SPLINE_CURVE_WITH_KNOTS((1,2
    ,2,2,2,1),(-2.094395102393,0.,2.094395102393,4.188790204786,
6.28318530718,8.377580409573),.UNSPECIFIED.) CURVE() 
GEOMETRIC_REPRESENTATION_ITEM() RATIONAL_B_SPLINE_CURVE((1.,0.5,1.,0.5,
1.,0.5,1.)) REPRESENTATION_ITEM('') );
#8147 = CARTESIAN_POINT('',(-19.2,0.));
#8148 = CARTESIAN_POINT('',(-19.2,2.77128129211));
#8149 = CARTESIAN_POINT('',(-16.8,1.385640646055));
#8150 = CARTESIAN_POINT('',(-14.4,3.918869757272E-16));
#8151 = CARTESIAN_POINT('',(-16.8,-1.385640646055));
#8152 = CARTESIAN_POINT('',(-19.2,-2.77128129211));
#8153 = CARTESIAN_POINT('',(-19.2,0.));
#8154 = ( GEOMETRIC_REPRESENTATION_CONTEXT(2) 
PARAMETRIC_REPRESENTATION_CONTEXT() REPRESENTATION_CONTEXT('2D SPACE',''
  ) );
#8155 = PCURVE('',#8156,#8161);
#8156 = CYLINDRICAL_SURFACE('',#8157,1.6);
#8157 = AXIS2_PLACEMENT_3D('',#8158,#8159,#8160);
#8158 = CARTESIAN_POINT('',(1.,-13.,12.));
#8159 = DIRECTION('',(0.,0.,-1.));
#8160 = DIRECTION('',(-1.,0.,0.));
#8161 = DEFINITIONAL_REPRESENTATION('',(#8162),#8166);
#8162 = LINE('',#8163,#8164);
#8163 = CARTESIAN_POINT('',(0.,3.));
#8164 = VECTOR('',#8165,1.);
#8165 = DIRECTION('',(1.,0.));
#8166 = ( GEOMETRIC_REPRESENTATION_CONTEXT(2) 
PARAMETRIC_REPRESENTATION_CONTEXT() REPRESENTATION_CONTEXT('2D SPACE',''
  ) );
#8167 = FACE_BOUND('',#8168,.F.);
#8168 = EDGE_LOOP('',(#8169));
#8169 = ORIENTED_EDGE('',*,*,#8170,.T.);
#8170 = EDGE_CURVE('',#8171,#8171,#8173,.T.);
#8171 = VERTEX_POINT('',#8172);
#8172 = CARTESIAN_POINT('',(34.6,-13.,9.));
#8173 = SURFACE_CURVE('',#8174,(#8179,#8190),.PCURVE_S1.);
#8174 = CIRCLE('',#8175,1.6);
#8175 = AXIS2_PLACEMENT_3D('',#8176,#8177,#8178);
#8176 = CARTESIAN_POINT('',(36.2,-13.,9.));
#8177 = DIRECTION('',(0.,0.,-1.));
#8178 = DIRECTION('',(-1.,0.,0.));
#8179 = PCURVE('',#7939,#8180);
#8180 = DEFINITIONAL_REPRESENTATION('',(#8181),#8189);
#8181 = ( BOUNDED_CURVE() B_SPLINE_CURVE(2,(#8182,#8183,#8184,#8185,
#8186,#8187,#8188),.UNSPECIFIED.,.T.,.F.) B_SPLINE_CURVE_WITH_KNOTS((1,2
    ,2,2,2,1),(-2.094395102393,0.,2.094395102393,4.188790204786,
6.28318530718,8.377580409573),.UNSPECIFIED.) CURVE() 
GEOMETRIC_REPRESENTATION_ITEM() RATIONAL_B_SPLINE_CURVE((1.,0.5,1.,0.5,
1.,0.5,1.)) REPRESENTATION_ITEM('') );
#8182 = CARTESIAN_POINT('',(16.,0.));
#8183 = CARTESIAN_POINT('',(16.,2.77128129211));
#8184 = CARTESIAN_POINT('',(18.4,1.385640646055));
#8185 = CARTESIAN_POINT('',(20.8,3.918869757272E-16));
#8186 = CARTESIAN_POINT('',(18.4,-1.385640646055));
#8187 = CARTESIAN_POINT('',(16.,-2.77128129211));
#8188 = CARTESIAN_POINT('',(16.,0.));
#8189 = ( GEOMETRIC_REPRESENTATION_CONTEXT(2) 
PARAMETRIC_REPRESENTATION_CONTEXT() REPRESENTATION_CONTEXT('2D SPACE',''
  ) );
#8190 = PCURVE('',#8191,#8196);
#8191 = CYLINDRICAL_SURFACE('',#8192,1.6);
#8192 = AXIS2_PLACEMENT_3D('',#8193,#8194,#8195);
#8193 = CARTESIAN_POINT('',(36.2,-13.,12.));
#8194 = DIRECTION('',(0.,0.,-1.));
#8195 = DIRECTION('',(-1.,0.,0.));
#8196 = DEFINITIONAL_REPRESENTATION('',(#8197),#8201);
#8197 = LINE('',#8198,#8199);
#8198 = CARTESIAN_POINT('',(0.,3.));
#8199 = VECTOR('',#8200,1.);
#8200 = DIRECTION('',(1.,0.));
#8201 = ( GEOMETRIC_REPRESENTATION_CONTEXT(2) 
PARAMETRIC_REPRESENTATION_CONTEXT() REPRESENTATION_CONTEXT('2D SPACE',''
  ) );
#8202 = ADVANCED_FACE('',(#8203,#8229,#8259),#7885,.T.);
#8203 = FACE_BOUND('',#8204,.T.);
#8204 = EDGE_LOOP('',(#8205,#8206,#8207,#8228));
#8205 = ORIENTED_EDGE('',*,*,#7869,.T.);
#8206 = ORIENTED_EDGE('',*,*,#8032,.F.);
#8207 = ORIENTED_EDGE('',*,*,#8208,.T.);
#8208 = EDGE_CURVE('',#8033,#7979,#8209,.T.);
#8209 = SURFACE_CURVE('',#8210,(#8214,#8221),.PCURVE_S1.);
#8210 = LINE('',#8211,#8212);
#8211 = CARTESIAN_POINT('',(36.2,-10.,12.));
#8212 = VECTOR('',#8213,1.);
#8213 = DIRECTION('',(-1.,0.,0.));
#8214 = PCURVE('',#7885,#8215);
#8215 = DEFINITIONAL_REPRESENTATION('',(#8216),#8220);
#8216 = LINE('',#8217,#8218);
#8217 = CARTESIAN_POINT('',(17.6,3.));
#8218 = VECTOR('',#8219,1.);
#8219 = DIRECTION('',(-1.,0.));
#8220 = ( GEOMETRIC_REPRESENTATION_CONTEXT(2) 
PARAMETRIC_REPRESENTATION_CONTEXT() REPRESENTATION_CONTEXT('2D SPACE',''
  ) );
#8221 = PCURVE('',#7994,#8222);
#8222 = DEFINITIONAL_REPRESENTATION('',(#8223),#8227);
#8223 = LINE('',#8224,#8225);
#8224 = CARTESIAN_POINT('',(0.,-3.));
#8225 = VECTOR('',#8226,1.);
#8226 = DIRECTION('',(1.,0.));
#8227 = ( GEOMETRIC_REPRESENTATION_CONTEXT(2) 
PARAMETRIC_REPRESENTATION_CONTEXT() REPRESENTATION_CONTEXT('2D SPACE',''
  ) );
#8228 = ORIENTED_EDGE('',*,*,#8006,.T.);
#8229 = FACE_BOUND('',#8230,.T.);
#8230 = EDGE_LOOP('',(#8231));
#8231 = ORIENTED_EDGE('',*,*,#8232,.T.);
#8232 = EDGE_CURVE('',#8233,#8233,#8235,.T.);
#8233 = VERTEX_POINT('',#8234);
#8234 = CARTESIAN_POINT('',(-0.6,-13.,12.));
#8235 = SURFACE_CURVE('',#8236,(#8241,#8252),.PCURVE_S1.);
#8236 = CIRCLE('',#8237,1.6);
#8237 = AXIS2_PLACEMENT_3D('',#8238,#8239,#8240);
#8238 = CARTESIAN_POINT('',(1.,-13.,12.));
#8239 = DIRECTION('',(0.,0.,-1.));
#8240 = DIRECTION('',(-1.,0.,0.));
#8241 = PCURVE('',#7885,#8242);
#8242 = DEFINITIONAL_REPRESENTATION('',(#8243),#8251);
#8243 = ( BOUNDED_CURVE() B_SPLINE_CURVE(2,(#8244,#8245,#8246,#8247,
#8248,#8249,#8250),.UNSPECIFIED.,.T.,.F.) B_SPLINE_CURVE_WITH_KNOTS((1,2
    ,2,2,2,1),(-2.094395102393,0.,2.094395102393,4.188790204786,
6.28318530718,8.377580409573),.UNSPECIFIED.) CURVE() 
GEOMETRIC_REPRESENTATION_ITEM() RATIONAL_B_SPLINE_CURVE((1.,0.5,1.,0.5,
1.,0.5,1.)) REPRESENTATION_ITEM('') );
#8244 = CARTESIAN_POINT('',(-19.2,0.));
#8245 = CARTESIAN_POINT('',(-19.2,2.77128129211));
#8246 = CARTESIAN_POINT('',(-16.8,1.385640646055));
#8247 = CARTESIAN_POINT('',(-14.4,3.918869757272E-16));
#8248 = CARTESIAN_POINT('',(-16.8,-1.385640646055));
#8249 = CARTESIAN_POINT('',(-19.2,-2.77128129211));
#8250 = CARTESIAN_POINT('',(-19.2,0.));
#8251 = ( GEOMETRIC_REPRESENTATION_CONTEXT(2) 
PARAMETRIC_REPRESENTATION_CONTEXT() REPRESENTATION_CONTEXT('2D SPACE',''
  ) );
#8252 = PCURVE('',#8156,#8253);
#8253 = DEFINITIONAL_REPRESENTATION('',(#8254),#8258);
#8254 = LINE('',#8255,#8256);
#8255 = CARTESIAN_POINT('',(0.,0.));
#8256 = VECTOR('',#8257,1.);
#8257 = DIRECTION('',(1.,0.));
#8258 = ( GEOMETRIC_REPRESENTATION_CONTEXT(2) 
PARAMETRIC_REPRESENTATION_CONTEXT() REPRESENTATION_CONTEXT('2D SPACE',''
  ) );
#8259 = FACE_BOUND('',#8260,.T.);
#8260 = EDGE_LOOP('',(#8261));
#8261 = ORIENTED_EDGE('',*,*,#8262,.T.);
#8262 = EDGE_CURVE('',#8263,#8263,#8265,.T.);
#8263 = VERTEX_POINT('',#8264);
#8264 = CARTESIAN_POINT('',(34.6,-13.,12.));
#8265 = SURFACE_CURVE('',#8266,(#8271,#8282),.PCURVE_S1.);
#8266 = CIRCLE('',#8267,1.6);
#8267 = AXIS2_PLACEMENT_3D('',#8268,#8269,#8270);
#8268 = CARTESIAN_POINT('',(36.2,-13.,12.));
#8269 = DIRECTION('',(0.,0.,-1.));
#8270 = DIRECTION('',(-1.,0.,0.));
#8271 = PCURVE('',#7885,#8272);
#8272 = DEFINITIONAL_REPRESENTATION('',(#8273),#8281);
#8273 = ( BOUNDED_CURVE() B_SPLINE_CURVE(2,(#8274,#8275,#8276,#8277,
#8278,#8279,#8280),.UNSPECIFIED.,.T.,.F.) B_SPLINE_CURVE_WITH_KNOTS((1,2
    ,2,2,2,1),(-2.094395102393,0.,2.094395102393,4.188790204786,
6.28318530718,8.377580409573),.UNSPECIFIED.) CURVE() 
GEOMETRIC_REPRESENTATION_ITEM() RATIONAL_B_SPLINE_CURVE((1.,0.5,1.,0.5,
1.,0.5,1.)) REPRESENTATION_ITEM('') );
#8274 = CARTESIAN_POINT('',(16.,0.));
#8275 = CARTESIAN_POINT('',(16.,2.77128129211));
#8276 = CARTESIAN_POINT('',(18.4,1.385640646055));
#8277 = CARTESIAN_POINT('',(20.8,3.918869757272E-16));
#8278 = CARTESIAN_POINT('',(18.4,-1.385640646055));
#8279 = CARTESIAN_POINT('',(16.,-2.77128129211));
#8280 = CARTESIAN_POINT('',(16.,0.));
#8281 = ( GEOMETRIC_REPRESENTATION_CONTEXT(2) 
PARAMETRIC_REPRESENTATION_CONTEXT() REPRESENTATION_CONTEXT('2D SPACE',''
  ) );
#8282 = PCURVE('',#8191,#8283);
#8283 = DEFINITIONAL_REPRESENTATION('',(#8284),#8288);
#8284 = LINE('',#8285,#8286);
#8285 = CARTESIAN_POINT('',(0.,0.));
#8286 = VECTOR('',#8287,1.);
#8287 = DIRECTION('',(1.,0.));
#8288 = ( GEOMETRIC_REPRESENTATION_CONTEXT(2) 
PARAMETRIC_REPRESENTATION_CONTEXT() REPRESENTATION_CONTEXT('2D SPACE',''
  ) );
#8289 = ADVANCED_FACE('',(#8290),#7994,.F.);
#8290 = FACE_BOUND('',#8291,.F.);
#8291 = EDGE_LOOP('',(#8292,#8293,#8294,#8295));
#8292 = ORIENTED_EDGE('',*,*,#8060,.T.);
#8293 = ORIENTED_EDGE('',*,*,#8208,.T.);
#8294 = ORIENTED_EDGE('',*,*,#7978,.F.);
#8295 = ORIENTED_EDGE('',*,*,#8111,.F.);
#8296 = ADVANCED_FACE('',(#8297),#8156,.F.);
#8297 = FACE_BOUND('',#8298,.F.);
#8298 = EDGE_LOOP('',(#8299,#8300,#8321,#8322));
#8299 = ORIENTED_EDGE('',*,*,#8135,.F.);
#8300 = ORIENTED_EDGE('',*,*,#8301,.F.);
#8301 = EDGE_CURVE('',#8233,#8136,#8302,.T.);
#8302 = SEAM_CURVE('',#8303,(#8307,#8314),.PCURVE_S1.);
#8303 = LINE('',#8304,#8305);
#8304 = CARTESIAN_POINT('',(-0.6,-13.,12.));
#8305 = VECTOR('',#8306,1.);
#8306 = DIRECTION('',(0.,0.,-1.));
#8307 = PCURVE('',#8156,#8308);
#8308 = DEFINITIONAL_REPRESENTATION('',(#8309),#8313);
#8309 = LINE('',#8310,#8311);
#8310 = CARTESIAN_POINT('',(6.28318530718,-0.));
#8311 = VECTOR('',#8312,1.);
#8312 = DIRECTION('',(0.,1.));
#8313 = ( GEOMETRIC_REPRESENTATION_CONTEXT(2) 
PARAMETRIC_REPRESENTATION_CONTEXT() REPRESENTATION_CONTEXT('2D SPACE',''
  ) );
#8314 = PCURVE('',#8156,#8315);
#8315 = DEFINITIONAL_REPRESENTATION('',(#8316),#8320);
#8316 = LINE('',#8317,#8318);
#8317 = CARTESIAN_POINT('',(0.,-0.));
#8318 = VECTOR('',#8319,1.);
#8319 = DIRECTION('',(0.,1.));
#8320 = ( GEOMETRIC_REPRESENTATION_CONTEXT(2) 
PARAMETRIC_REPRESENTATION_CONTEXT() REPRESENTATION_CONTEXT('2D SPACE',''
  ) );
#8321 = ORIENTED_EDGE('',*,*,#8232,.T.);
#8322 = ORIENTED_EDGE('',*,*,#8301,.T.);
#8323 = ADVANCED_FACE('',(#8324),#8191,.F.);
#8324 = FACE_BOUND('',#8325,.F.);
#8325 = EDGE_LOOP('',(#8326,#8327,#8348,#8349));
#8326 = ORIENTED_EDGE('',*,*,#8170,.F.);
#8327 = ORIENTED_EDGE('',*,*,#8328,.F.);
#8328 = EDGE_CURVE('',#8263,#8171,#8329,.T.);
#8329 = SEAM_CURVE('',#8330,(#8334,#8341),.PCURVE_S1.);
#8330 = LINE('',#8331,#8332);
#8331 = CARTESIAN_POINT('',(34.6,-13.,12.));
#8332 = VECTOR('',#8333,1.);
#8333 = DIRECTION('',(0.,0.,-1.));
#8334 = PCURVE('',#8191,#8335);
#8335 = DEFINITIONAL_REPRESENTATION('',(#8336),#8340);
#8336 = LINE('',#8337,#8338);
#8337 = CARTESIAN_POINT('',(6.28318530718,-0.));
#8338 = VECTOR('',#8339,1.);
#8339 = DIRECTION('',(0.,1.));
#8340 = ( GEOMETRIC_REPRESENTATION_CONTEXT(2) 
PARAMETRIC_REPRESENTATION_CONTEXT() REPRESENTATION_CONTEXT('2D SPACE',''
  ) );
#8341 = PCURVE('',#8191,#8342);
#8342 = DEFINITIONAL_REPRESENTATION('',(#8343),#8347);
#8343 = LINE('',#8344,#8345);
#8344 = CARTESIAN_POINT('',(0.,-0.));
#8345 = VECTOR('',#8346,1.);
#8346 = DIRECTION('',(0.,1.));
#8347 = ( GEOMETRIC_REPRESENTATION_CONTEXT(2) 
PARAMETRIC_REPRESENTATION_CONTEXT() REPRESENTATION_CONTEXT('2D SPACE',''
  ) );
#8348 = ORIENTED_EDGE('',*,*,#8262,.T.);
#8349 = ORIENTED_EDGE('',*,*,#8328,.T.);
#8350 = ( GEOMETRIC_REPRESENTATION_CONTEXT(3) 
GLOBAL_UNCERTAINTY_ASSIGNED_CONTEXT((#8354)) 
GLOBAL_UNIT_ASSIGNED_CONTEXT((#8351,#8352,#8353)) REPRESENTATION_CONTEXT
('Context #1','3D Context with UNIT and UNCERTAINTY') );
#8351 = ( LENGTH_UNIT() NAMED_UNIT(*) SI_UNIT(.MILLI.,.METRE.) );
#8352 = ( NAMED_UNIT(*) PLANE_ANGLE_UNIT() SI_UNIT($,.RADIAN.) );
#8353 = ( NAMED_UNIT(*) SI_UNIT($,.STERADIAN.) SOLID_ANGLE_UNIT() );
#8354 = UNCERTAINTY_MEASURE_WITH_UNIT(LENGTH_MEASURE(1.E-07),#8351,
  'distance_accuracy_value','confusion accuracy');
#8355 = CONTEXT_DEPENDENT_SHAPE_REPRESENTATION(#8356,#8358);
#8356 = ( REPRESENTATION_RELATIONSHIP('','',#7827,#10) 
REPRESENTATION_RELATIONSHIP_WITH_TRANSFORMATION(#8357) 
SHAPE_REPRESENTATION_RELATIONSHIP() );
#8357 = ITEM_DEFINED_TRANSFORMATION('','',#11,#27);
#8358 = PRODUCT_DEFINITION_SHAPE('Placement','Placement of an item',
  #8359);
#8359 = NEXT_ASSEMBLY_USAGE_OCCURRENCE('38','','',#5,#7822,$);
#8360 = PRODUCT_RELATED_PRODUCT_CATEGORY('part',$,(#7824));
ENDSEC;
END-ISO-10303-21;
