ISO-10303-21;
HEADER;
FILE_DESCRIPTION(('Open CASCADE Model'),'2;1');
FILE_NAME('Open CASCADE Shape Model','2026-06-21T17:53:07',('Author'),(
    'Open CASCADE'),'Open CASCADE STEP processor 7.8','Open CASCADE 7.8'
  ,'Unknown');
FILE_SCHEMA(('AUTOMOTIVE_DESIGN { 1 0 10303 214 1 1 1 1 }'));
ENDSEC;
DATA;
#1 = APPLICATION_PROTOCOL_DEFINITION('international standard',
  'automotive_design',2000,#2);
#2 = APPLICATION_CONTEXT(
  'core data for automotive mechanical design processes');
#3 = SHAPE_DEFINITION_REPRESENTATION(#4,#10);
#4 = PRODUCT_DEFINITION_SHAPE('','',#5);
#5 = PRODUCT_DEFINITION('design','',#6,#9);
#6 = PRODUCT_DEFINITION_FORMATION('','',#7);
#7 = PRODUCT('Open CASCADE STEP translator 7.8 2',
  'Open CASCADE STEP translator 7.8 2','',(#8));
#8 = PRODUCT_CONTEXT('',#2,'mechanical');
#9 = PRODUCT_DEFINITION_CONTEXT('part definition',#2,'design');
#10 = ADVANCED_BREP_SHAPE_REPRESENTATION('',(#11,#15),#4752);
#11 = AXIS2_PLACEMENT_3D('',#12,#13,#14);
#12 = CARTESIAN_POINT('',(0.,0.,0.));
#13 = DIRECTION('',(0.,0.,1.));
#14 = DIRECTION('',(1.,0.,-0.));
#15 = MANIFOLD_SOLID_BREP('',#16);
#16 = CLOSED_SHELL('',(#17,#212,#293,#775,#857,#908,#985,#1033,#1085,
    #1139,#1367,#1420,#1523,#1555,#1626,#1674,#1722,#1880,#1931,#2178,
    #2279,#2397,#2445,#2493,#2541,#2568,#2780,#2860,#2887,#2914,#2987,
    #3062,#3114,#3166,#3218,#3266,#3360,#3850,#3943,#4297,#4304,#4353,
    #4381,#4388,#4395,#4421,#4449,#4454,#4482,#4487,#4492,#4523,#4558,
    #4588,#4640,#4671,#4748));
#17 = ADVANCED_FACE('',(#18),#32,.F.);
#18 = FACE_BOUND('',#19,.F.);
#19 = EDGE_LOOP('',(#20,#53,#81,#107,#135,#163,#186));
#20 = ORIENTED_EDGE('',*,*,#21,.F.);
#21 = EDGE_CURVE('',#22,#24,#26,.T.);
#22 = VERTEX_POINT('',#23);
#23 = CARTESIAN_POINT('',(-91.,32.,15.));
#24 = VERTEX_POINT('',#25);
#25 = CARTESIAN_POINT('',(-97.,32.,9.));
#26 = SURFACE_CURVE('',#27,(#31,#42),.PCURVE_S1.);
#27 = LINE('',#28,#29);
#28 = CARTESIAN_POINT('',(-97.,32.,9.));
#29 = VECTOR('',#30,1.);
#30 = DIRECTION('',(-0.707106781187,4.329780281177E-17,-0.707106781187)
  );
#31 = PCURVE('',#32,#37);
#32 = PLANE('',#33);
#33 = AXIS2_PLACEMENT_3D('',#34,#35,#36);
#34 = CARTESIAN_POINT('',(-94.,32.,12.));
#35 = DIRECTION('',(0.707106781187,0.,-0.707106781187));
#36 = DIRECTION('',(0.,-1.,-0.));
#37 = DEFINITIONAL_REPRESENTATION('',(#38),#41);
#38 = B_SPLINE_CURVE_WITH_KNOTS('',1,(#39,#40),.UNSPECIFIED.,.F.,.F.,(2,
    2),(-8.485281374239,0.),.PIECEWISE_BEZIER_KNOTS.);
#39 = CARTESIAN_POINT('',(0.,-4.242640687119));
#40 = CARTESIAN_POINT('',(0.,4.242640687119));
#41 = ( GEOMETRIC_REPRESENTATION_CONTEXT(2) 
PARAMETRIC_REPRESENTATION_CONTEXT() REPRESENTATION_CONTEXT('2D SPACE',''
  ) );
#42 = PCURVE('',#43,#48);
#43 = CONICAL_SURFACE('',#44,10.,0.785398163397);
#44 = AXIS2_PLACEMENT_3D('',#45,#46,#47);
#45 = CARTESIAN_POINT('',(-87.,32.,9.));
#46 = DIRECTION('',(-0.,-0.,-1.));
#47 = DIRECTION('',(0.,1.,-0.));
#48 = DEFINITIONAL_REPRESENTATION('',(#49),#52);
#49 = B_SPLINE_CURVE_WITH_KNOTS('',1,(#50,#51),.UNSPECIFIED.,.F.,.F.,(2,
    2),(-8.485281374239,0.),.PIECEWISE_BEZIER_KNOTS.);
#50 = CARTESIAN_POINT('',(-1.570796326795,-6.));
#51 = CARTESIAN_POINT('',(-1.570796326795,0.));
#52 = ( GEOMETRIC_REPRESENTATION_CONTEXT(2) 
PARAMETRIC_REPRESENTATION_CONTEXT() REPRESENTATION_CONTEXT('2D SPACE',''
  ) );
#53 = ORIENTED_EDGE('',*,*,#54,.T.);
#54 = EDGE_CURVE('',#22,#55,#57,.T.);
#55 = VERTEX_POINT('',#56);
#56 = CARTESIAN_POINT('',(-91.,-32.,15.));
#57 = SURFACE_CURVE('',#58,(#62,#69),.PCURVE_S1.);
#58 = LINE('',#59,#60);
#59 = CARTESIAN_POINT('',(-91.,32.,15.));
#60 = VECTOR('',#61,1.);
#61 = DIRECTION('',(-0.,-1.,-0.));
#62 = PCURVE('',#32,#63);
#63 = DEFINITIONAL_REPRESENTATION('',(#64),#68);
#64 = LINE('',#65,#66);
#65 = CARTESIAN_POINT('',(0.,-4.242640687119));
#66 = VECTOR('',#67,1.);
#67 = DIRECTION('',(1.,0.));
#68 = ( GEOMETRIC_REPRESENTATION_CONTEXT(2) 
PARAMETRIC_REPRESENTATION_CONTEXT() REPRESENTATION_CONTEXT('2D SPACE',''
  ) );
#69 = PCURVE('',#70,#75);
#70 = PLANE('',#71);
#71 = AXIS2_PLACEMENT_3D('',#72,#73,#74);
#72 = CARTESIAN_POINT('',(-97.,-42.,15.));
#73 = DIRECTION('',(0.,0.,1.));
#74 = DIRECTION('',(1.,0.,0.));
#75 = DEFINITIONAL_REPRESENTATION('',(#76),#80);
#76 = LINE('',#77,#78);
#77 = CARTESIAN_POINT('',(6.,74.));
#78 = VECTOR('',#79,1.);
#79 = DIRECTION('',(-0.,-1.));
#80 = ( GEOMETRIC_REPRESENTATION_CONTEXT(2) 
PARAMETRIC_REPRESENTATION_CONTEXT() REPRESENTATION_CONTEXT('2D SPACE',''
  ) );
#81 = ORIENTED_EDGE('',*,*,#82,.T.);
#82 = EDGE_CURVE('',#55,#83,#85,.T.);
#83 = VERTEX_POINT('',#84);
#84 = CARTESIAN_POINT('',(-97.,-32.,9.));
#85 = SURFACE_CURVE('',#86,(#90,#96),.PCURVE_S1.);
#86 = LINE('',#87,#88);
#87 = CARTESIAN_POINT('',(-94.,-32.,12.));
#88 = VECTOR('',#89,1.);
#89 = DIRECTION('',(-0.707106781187,0.,-0.707106781187));
#90 = PCURVE('',#32,#91);
#91 = DEFINITIONAL_REPRESENTATION('',(#92),#95);
#92 = B_SPLINE_CURVE_WITH_KNOTS('',1,(#93,#94),.UNSPECIFIED.,.F.,.F.,(2,
    2),(-4.242640687119,4.242640687119),.PIECEWISE_BEZIER_KNOTS.);
#93 = CARTESIAN_POINT('',(64.,-4.242640687119));
#94 = CARTESIAN_POINT('',(64.,4.242640687119));
#95 = ( GEOMETRIC_REPRESENTATION_CONTEXT(2) 
PARAMETRIC_REPRESENTATION_CONTEXT() REPRESENTATION_CONTEXT('2D SPACE',''
  ) );
#96 = PCURVE('',#97,#102);
#97 = CONICAL_SURFACE('',#98,10.,0.785398163397);
#98 = AXIS2_PLACEMENT_3D('',#99,#100,#101);
#99 = CARTESIAN_POINT('',(-87.,-32.,9.));
#100 = DIRECTION('',(-0.,-0.,-1.));
#101 = DIRECTION('',(-1.,3.552713678801E-16,0.));
#102 = DEFINITIONAL_REPRESENTATION('',(#103),#106);
#103 = B_SPLINE_CURVE_WITH_KNOTS('',1,(#104,#105),.UNSPECIFIED.,.F.,.F.,
  (2,2),(-4.242640687119,4.242640687119),.PIECEWISE_BEZIER_KNOTS.);
#104 = CARTESIAN_POINT('',(0.,-6.));
#105 = CARTESIAN_POINT('',(0.,-6.280369834735E-15));
#106 = ( GEOMETRIC_REPRESENTATION_CONTEXT(2) 
PARAMETRIC_REPRESENTATION_CONTEXT() REPRESENTATION_CONTEXT('2D SPACE',''
  ) );
#107 = ORIENTED_EDGE('',*,*,#108,.F.);
#108 = EDGE_CURVE('',#109,#83,#111,.T.);
#109 = VERTEX_POINT('',#110);
#110 = CARTESIAN_POINT('',(-97.,-13.22875655532,9.));
#111 = SURFACE_CURVE('',#112,(#116,#123),.PCURVE_S1.);
#112 = LINE('',#113,#114);
#113 = CARTESIAN_POINT('',(-97.,32.,9.));
#114 = VECTOR('',#115,1.);
#115 = DIRECTION('',(-0.,-1.,-0.));
#116 = PCURVE('',#32,#117);
#117 = DEFINITIONAL_REPRESENTATION('',(#118),#122);
#118 = LINE('',#119,#120);
#119 = CARTESIAN_POINT('',(0.,4.242640687119));
#120 = VECTOR('',#121,1.);
#121 = DIRECTION('',(1.,0.));
#122 = ( GEOMETRIC_REPRESENTATION_CONTEXT(2) 
PARAMETRIC_REPRESENTATION_CONTEXT() REPRESENTATION_CONTEXT('2D SPACE',''
  ) );
#123 = PCURVE('',#124,#129);
#124 = PLANE('',#125);
#125 = AXIS2_PLACEMENT_3D('',#126,#127,#128);
#126 = CARTESIAN_POINT('',(-97.,-42.,-15.));
#127 = DIRECTION('',(1.,0.,0.));
#128 = DIRECTION('',(0.,0.,1.));
#129 = DEFINITIONAL_REPRESENTATION('',(#130),#134);
#130 = LINE('',#131,#132);
#131 = CARTESIAN_POINT('',(24.,-74.));
#132 = VECTOR('',#133,1.);
#133 = DIRECTION('',(-0.,1.));
#134 = ( GEOMETRIC_REPRESENTATION_CONTEXT(2) 
PARAMETRIC_REPRESENTATION_CONTEXT() REPRESENTATION_CONTEXT('2D SPACE',''
  ) );
#135 = ORIENTED_EDGE('',*,*,#136,.F.);
#136 = EDGE_CURVE('',#137,#109,#139,.T.);
#137 = VERTEX_POINT('',#138);
#138 = CARTESIAN_POINT('',(-97.,2.878538958633E-15,9.));
#139 = SURFACE_CURVE('',#140,(#144,#151),.PCURVE_S1.);
#140 = LINE('',#141,#142);
#141 = CARTESIAN_POINT('',(-97.,32.,9.));
#142 = VECTOR('',#143,1.);
#143 = DIRECTION('',(-0.,-1.,-0.));
#144 = PCURVE('',#32,#145);
#145 = DEFINITIONAL_REPRESENTATION('',(#146),#150);
#146 = LINE('',#147,#148);
#147 = CARTESIAN_POINT('',(0.,4.242640687119));
#148 = VECTOR('',#149,1.);
#149 = DIRECTION('',(1.,0.));
#150 = ( GEOMETRIC_REPRESENTATION_CONTEXT(2) 
PARAMETRIC_REPRESENTATION_CONTEXT() REPRESENTATION_CONTEXT('2D SPACE',''
  ) );
#151 = PCURVE('',#152,#157);
#152 = PLANE('',#153);
#153 = AXIS2_PLACEMENT_3D('',#154,#155,#156);
#154 = CARTESIAN_POINT('',(-97.,0.,0.));
#155 = DIRECTION('',(1.,0.,0.));
#156 = DIRECTION('',(-0.,0.,1.));
#157 = DEFINITIONAL_REPRESENTATION('',(#158),#162);
#158 = LINE('',#159,#160);
#159 = CARTESIAN_POINT('',(9.,-32.));
#160 = VECTOR('',#161,1.);
#161 = DIRECTION('',(0.,1.));
#162 = ( GEOMETRIC_REPRESENTATION_CONTEXT(2) 
PARAMETRIC_REPRESENTATION_CONTEXT() REPRESENTATION_CONTEXT('2D SPACE',''
  ) );
#163 = ORIENTED_EDGE('',*,*,#164,.F.);
#164 = EDGE_CURVE('',#165,#137,#167,.T.);
#165 = VERTEX_POINT('',#166);
#166 = CARTESIAN_POINT('',(-97.,13.228756555323,9.));
#167 = SURFACE_CURVE('',#168,(#172,#179),.PCURVE_S1.);
#168 = LINE('',#169,#170);
#169 = CARTESIAN_POINT('',(-97.,32.,9.));
#170 = VECTOR('',#171,1.);
#171 = DIRECTION('',(-0.,-1.,-0.));
#172 = PCURVE('',#32,#173);
#173 = DEFINITIONAL_REPRESENTATION('',(#174),#178);
#174 = LINE('',#175,#176);
#175 = CARTESIAN_POINT('',(0.,4.242640687119));
#176 = VECTOR('',#177,1.);
#177 = DIRECTION('',(1.,0.));
#178 = ( GEOMETRIC_REPRESENTATION_CONTEXT(2) 
PARAMETRIC_REPRESENTATION_CONTEXT() REPRESENTATION_CONTEXT('2D SPACE',''
  ) );
#179 = PCURVE('',#152,#180);
#180 = DEFINITIONAL_REPRESENTATION('',(#181),#185);
#181 = LINE('',#182,#183);
#182 = CARTESIAN_POINT('',(9.,-32.));
#183 = VECTOR('',#184,1.);
#184 = DIRECTION('',(0.,1.));
#185 = ( GEOMETRIC_REPRESENTATION_CONTEXT(2) 
PARAMETRIC_REPRESENTATION_CONTEXT() REPRESENTATION_CONTEXT('2D SPACE',''
  ) );
#186 = ORIENTED_EDGE('',*,*,#187,.F.);
#187 = EDGE_CURVE('',#24,#165,#188,.T.);
#188 = SURFACE_CURVE('',#189,(#193,#200),.PCURVE_S1.);
#189 = LINE('',#190,#191);
#190 = CARTESIAN_POINT('',(-97.,32.,9.));
#191 = VECTOR('',#192,1.);
#192 = DIRECTION('',(-0.,-1.,-0.));
#193 = PCURVE('',#32,#194);
#194 = DEFINITIONAL_REPRESENTATION('',(#195),#199);
#195 = LINE('',#196,#197);
#196 = CARTESIAN_POINT('',(0.,4.242640687119));
#197 = VECTOR('',#198,1.);
#198 = DIRECTION('',(1.,0.));
#199 = ( GEOMETRIC_REPRESENTATION_CONTEXT(2) 
PARAMETRIC_REPRESENTATION_CONTEXT() REPRESENTATION_CONTEXT('2D SPACE',''
  ) );
#200 = PCURVE('',#201,#206);
#201 = PLANE('',#202);
#202 = AXIS2_PLACEMENT_3D('',#203,#204,#205);
#203 = CARTESIAN_POINT('',(-97.,-42.,-15.));
#204 = DIRECTION('',(1.,0.,0.));
#205 = DIRECTION('',(0.,0.,1.));
#206 = DEFINITIONAL_REPRESENTATION('',(#207),#211);
#207 = LINE('',#208,#209);
#208 = CARTESIAN_POINT('',(24.,-74.));
#209 = VECTOR('',#210,1.);
#210 = DIRECTION('',(-0.,1.));
#211 = ( GEOMETRIC_REPRESENTATION_CONTEXT(2) 
PARAMETRIC_REPRESENTATION_CONTEXT() REPRESENTATION_CONTEXT('2D SPACE',''
  ) );
#212 = ADVANCED_FACE('',(#213),#43,.T.);
#213 = FACE_BOUND('',#214,.F.);
#214 = EDGE_LOOP('',(#215,#243,#265,#266));
#215 = ORIENTED_EDGE('',*,*,#216,.F.);
#216 = EDGE_CURVE('',#217,#219,#221,.T.);
#217 = VERTEX_POINT('',#218);
#218 = CARTESIAN_POINT('',(-87.,36.,15.));
#219 = VERTEX_POINT('',#220);
#220 = CARTESIAN_POINT('',(-87.,42.,9.));
#221 = SURFACE_CURVE('',#222,(#226,#232),.PCURVE_S1.);
#222 = LINE('',#223,#224);
#223 = CARTESIAN_POINT('',(-87.,39.,12.));
#224 = VECTOR('',#225,1.);
#225 = DIRECTION('',(-0.,0.707106781187,-0.707106781187));
#226 = PCURVE('',#43,#227);
#227 = DEFINITIONAL_REPRESENTATION('',(#228),#231);
#228 = B_SPLINE_CURVE_WITH_KNOTS('',1,(#229,#230),.UNSPECIFIED.,.F.,.F.,
  (2,2),(-4.242640687119,4.242640687119),.PIECEWISE_BEZIER_KNOTS.);
#229 = CARTESIAN_POINT('',(0.,-6.));
#230 = CARTESIAN_POINT('',(0.,-1.256073966947E-15));
#231 = ( GEOMETRIC_REPRESENTATION_CONTEXT(2) 
PARAMETRIC_REPRESENTATION_CONTEXT() REPRESENTATION_CONTEXT('2D SPACE',''
  ) );
#232 = PCURVE('',#233,#238);
#233 = PLANE('',#234);
#234 = AXIS2_PLACEMENT_3D('',#235,#236,#237);
#235 = CARTESIAN_POINT('',(-10.,39.,12.));
#236 = DIRECTION('',(0.,0.707106781187,0.707106781187));
#237 = DIRECTION('',(1.,-0.,-0.));
#238 = DEFINITIONAL_REPRESENTATION('',(#239),#242);
#239 = B_SPLINE_CURVE_WITH_KNOTS('',1,(#240,#241),.UNSPECIFIED.,.F.,.F.,
  (2,2),(-4.242640687119,4.242640687119),.PIECEWISE_BEZIER_KNOTS.);
#240 = CARTESIAN_POINT('',(-77.,-4.242640687119));
#241 = CARTESIAN_POINT('',(-77.,4.242640687119));
#242 = ( GEOMETRIC_REPRESENTATION_CONTEXT(2) 
PARAMETRIC_REPRESENTATION_CONTEXT() REPRESENTATION_CONTEXT('2D SPACE',''
  ) );
#243 = ORIENTED_EDGE('',*,*,#244,.T.);
#244 = EDGE_CURVE('',#217,#22,#245,.T.);
#245 = SURFACE_CURVE('',#246,(#251,#258),.PCURVE_S1.);
#246 = CIRCLE('',#247,4.);
#247 = AXIS2_PLACEMENT_3D('',#248,#249,#250);
#248 = CARTESIAN_POINT('',(-87.,32.,15.));
#249 = DIRECTION('',(0.,0.,1.));
#250 = DIRECTION('',(0.,1.,-0.));
#251 = PCURVE('',#43,#252);
#252 = DEFINITIONAL_REPRESENTATION('',(#253),#257);
#253 = LINE('',#254,#255);
#254 = CARTESIAN_POINT('',(-0.,-6.));
#255 = VECTOR('',#256,1.);
#256 = DIRECTION('',(-1.,0.));
#257 = ( GEOMETRIC_REPRESENTATION_CONTEXT(2) 
PARAMETRIC_REPRESENTATION_CONTEXT() REPRESENTATION_CONTEXT('2D SPACE',''
  ) );
#258 = PCURVE('',#70,#259);
#259 = DEFINITIONAL_REPRESENTATION('',(#260),#264);
#260 = CIRCLE('',#261,4.);
#261 = AXIS2_PLACEMENT_2D('',#262,#263);
#262 = CARTESIAN_POINT('',(10.,74.));
#263 = DIRECTION('',(0.,1.));
#264 = ( GEOMETRIC_REPRESENTATION_CONTEXT(2) 
PARAMETRIC_REPRESENTATION_CONTEXT() REPRESENTATION_CONTEXT('2D SPACE',''
  ) );
#265 = ORIENTED_EDGE('',*,*,#21,.T.);
#266 = ORIENTED_EDGE('',*,*,#267,.F.);
#267 = EDGE_CURVE('',#219,#24,#268,.T.);
#268 = SURFACE_CURVE('',#269,(#274,#281),.PCURVE_S1.);
#269 = CIRCLE('',#270,10.);
#270 = AXIS2_PLACEMENT_3D('',#271,#272,#273);
#271 = CARTESIAN_POINT('',(-87.,32.,9.));
#272 = DIRECTION('',(0.,0.,1.));
#273 = DIRECTION('',(0.,1.,-0.));
#274 = PCURVE('',#43,#275);
#275 = DEFINITIONAL_REPRESENTATION('',(#276),#280);
#276 = LINE('',#277,#278);
#277 = CARTESIAN_POINT('',(-0.,0.));
#278 = VECTOR('',#279,1.);
#279 = DIRECTION('',(-1.,0.));
#280 = ( GEOMETRIC_REPRESENTATION_CONTEXT(2) 
PARAMETRIC_REPRESENTATION_CONTEXT() REPRESENTATION_CONTEXT('2D SPACE',''
  ) );
#281 = PCURVE('',#282,#287);
#282 = CYLINDRICAL_SURFACE('',#283,10.);
#283 = AXIS2_PLACEMENT_3D('',#284,#285,#286);
#284 = CARTESIAN_POINT('',(-87.,32.,-15.));
#285 = DIRECTION('',(0.,0.,1.));
#286 = DIRECTION('',(-1.,-0.,0.));
#287 = DEFINITIONAL_REPRESENTATION('',(#288),#292);
#288 = LINE('',#289,#290);
#289 = CARTESIAN_POINT('',(-1.570796326795,24.));
#290 = VECTOR('',#291,1.);
#291 = DIRECTION('',(1.,-0.));
#292 = ( GEOMETRIC_REPRESENTATION_CONTEXT(2) 
PARAMETRIC_REPRESENTATION_CONTEXT() REPRESENTATION_CONTEXT('2D SPACE',''
  ) );
#293 = ADVANCED_FACE('',(#294,#457),#70,.T.);
#294 = FACE_BOUND('',#295,.T.);
#295 = EDGE_LOOP('',(#296,#326,#355,#376,#377,#378,#402,#430));
#296 = ORIENTED_EDGE('',*,*,#297,.T.);
#297 = EDGE_CURVE('',#298,#300,#302,.T.);
#298 = VERTEX_POINT('',#299);
#299 = CARTESIAN_POINT('',(-6.,-32.,15.));
#300 = VERTEX_POINT('',#301);
#301 = CARTESIAN_POINT('',(-6.,32.,15.));
#302 = SURFACE_CURVE('',#303,(#307,#314),.PCURVE_S1.);
#303 = LINE('',#304,#305);
#304 = CARTESIAN_POINT('',(-6.,-32.,15.));
#305 = VECTOR('',#306,1.);
#306 = DIRECTION('',(0.,1.,0.));
#307 = PCURVE('',#70,#308);
#308 = DEFINITIONAL_REPRESENTATION('',(#309),#313);
#309 = LINE('',#310,#311);
#310 = CARTESIAN_POINT('',(91.,10.));
#311 = VECTOR('',#312,1.);
#312 = DIRECTION('',(0.,1.));
#313 = ( GEOMETRIC_REPRESENTATION_CONTEXT(2) 
PARAMETRIC_REPRESENTATION_CONTEXT() REPRESENTATION_CONTEXT('2D SPACE',''
  ) );
#314 = PCURVE('',#315,#320);
#315 = PLANE('',#316);
#316 = AXIS2_PLACEMENT_3D('',#317,#318,#319);
#317 = CARTESIAN_POINT('',(-3.,-32.,12.));
#318 = DIRECTION('',(0.707106781187,0.,0.707106781187));
#319 = DIRECTION('',(0.,-1.,-0.));
#320 = DEFINITIONAL_REPRESENTATION('',(#321),#325);
#321 = LINE('',#322,#323);
#322 = CARTESIAN_POINT('',(-0.,-4.242640687119));
#323 = VECTOR('',#324,1.);
#324 = DIRECTION('',(-1.,0.));
#325 = ( GEOMETRIC_REPRESENTATION_CONTEXT(2) 
PARAMETRIC_REPRESENTATION_CONTEXT() REPRESENTATION_CONTEXT('2D SPACE',''
  ) );
#326 = ORIENTED_EDGE('',*,*,#327,.T.);
#327 = EDGE_CURVE('',#300,#328,#330,.T.);
#328 = VERTEX_POINT('',#329);
#329 = CARTESIAN_POINT('',(-10.,36.,15.));
#330 = SURFACE_CURVE('',#331,(#336,#343),.PCURVE_S1.);
#331 = CIRCLE('',#332,4.);
#332 = AXIS2_PLACEMENT_3D('',#333,#334,#335);
#333 = CARTESIAN_POINT('',(-10.,32.,15.));
#334 = DIRECTION('',(0.,0.,1.));
#335 = DIRECTION('',(1.,0.,-0.));
#336 = PCURVE('',#70,#337);
#337 = DEFINITIONAL_REPRESENTATION('',(#338),#342);
#338 = CIRCLE('',#339,4.);
#339 = AXIS2_PLACEMENT_2D('',#340,#341);
#340 = CARTESIAN_POINT('',(87.,74.));
#341 = DIRECTION('',(1.,0.));
#342 = ( GEOMETRIC_REPRESENTATION_CONTEXT(2) 
PARAMETRIC_REPRESENTATION_CONTEXT() REPRESENTATION_CONTEXT('2D SPACE',''
  ) );
#343 = PCURVE('',#344,#349);
#344 = CONICAL_SURFACE('',#345,10.,0.785398163397);
#345 = AXIS2_PLACEMENT_3D('',#346,#347,#348);
#346 = CARTESIAN_POINT('',(-10.,32.,9.));
#347 = DIRECTION('',(-0.,-0.,-1.));
#348 = DIRECTION('',(1.,0.,0.));
#349 = DEFINITIONAL_REPRESENTATION('',(#350),#354);
#350 = LINE('',#351,#352);
#351 = CARTESIAN_POINT('',(-0.,-6.));
#352 = VECTOR('',#353,1.);
#353 = DIRECTION('',(-1.,0.));
#354 = ( GEOMETRIC_REPRESENTATION_CONTEXT(2) 
PARAMETRIC_REPRESENTATION_CONTEXT() REPRESENTATION_CONTEXT('2D SPACE',''
  ) );
#355 = ORIENTED_EDGE('',*,*,#356,.T.);
#356 = EDGE_CURVE('',#328,#217,#357,.T.);
#357 = SURFACE_CURVE('',#358,(#362,#369),.PCURVE_S1.);
#358 = LINE('',#359,#360);
#359 = CARTESIAN_POINT('',(-10.,36.,15.));
#360 = VECTOR('',#361,1.);
#361 = DIRECTION('',(-1.,-0.,-0.));
#362 = PCURVE('',#70,#363);
#363 = DEFINITIONAL_REPRESENTATION('',(#364),#368);
#364 = LINE('',#365,#366);
#365 = CARTESIAN_POINT('',(87.,78.));
#366 = VECTOR('',#367,1.);
#367 = DIRECTION('',(-1.,-0.));
#368 = ( GEOMETRIC_REPRESENTATION_CONTEXT(2) 
PARAMETRIC_REPRESENTATION_CONTEXT() REPRESENTATION_CONTEXT('2D SPACE',''
  ) );
#369 = PCURVE('',#233,#370);
#370 = DEFINITIONAL_REPRESENTATION('',(#371),#375);
#371 = LINE('',#372,#373);
#372 = CARTESIAN_POINT('',(-0.,-4.242640687119));
#373 = VECTOR('',#374,1.);
#374 = DIRECTION('',(-1.,0.));
#375 = ( GEOMETRIC_REPRESENTATION_CONTEXT(2) 
PARAMETRIC_REPRESENTATION_CONTEXT() REPRESENTATION_CONTEXT('2D SPACE',''
  ) );
#376 = ORIENTED_EDGE('',*,*,#244,.T.);
#377 = ORIENTED_EDGE('',*,*,#54,.T.);
#378 = ORIENTED_EDGE('',*,*,#379,.T.);
#379 = EDGE_CURVE('',#55,#380,#382,.T.);
#380 = VERTEX_POINT('',#381);
#381 = CARTESIAN_POINT('',(-87.,-36.,15.));
#382 = SURFACE_CURVE('',#383,(#388,#395),.PCURVE_S1.);
#383 = CIRCLE('',#384,4.);
#384 = AXIS2_PLACEMENT_3D('',#385,#386,#387);
#385 = CARTESIAN_POINT('',(-87.,-32.,15.));
#386 = DIRECTION('',(0.,0.,1.));
#387 = DIRECTION('',(-1.,3.552713678801E-16,0.));
#388 = PCURVE('',#70,#389);
#389 = DEFINITIONAL_REPRESENTATION('',(#390),#394);
#390 = CIRCLE('',#391,4.);
#391 = AXIS2_PLACEMENT_2D('',#392,#393);
#392 = CARTESIAN_POINT('',(10.,10.));
#393 = DIRECTION('',(-1.,3.552713678801E-16));
#394 = ( GEOMETRIC_REPRESENTATION_CONTEXT(2) 
PARAMETRIC_REPRESENTATION_CONTEXT() REPRESENTATION_CONTEXT('2D SPACE',''
  ) );
#395 = PCURVE('',#97,#396);
#396 = DEFINITIONAL_REPRESENTATION('',(#397),#401);
#397 = LINE('',#398,#399);
#398 = CARTESIAN_POINT('',(-0.,-6.));
#399 = VECTOR('',#400,1.);
#400 = DIRECTION('',(-1.,0.));
#401 = ( GEOMETRIC_REPRESENTATION_CONTEXT(2) 
PARAMETRIC_REPRESENTATION_CONTEXT() REPRESENTATION_CONTEXT('2D SPACE',''
  ) );
#402 = ORIENTED_EDGE('',*,*,#403,.T.);
#403 = EDGE_CURVE('',#380,#404,#406,.T.);
#404 = VERTEX_POINT('',#405);
#405 = CARTESIAN_POINT('',(-10.,-36.,15.));
#406 = SURFACE_CURVE('',#407,(#411,#418),.PCURVE_S1.);
#407 = LINE('',#408,#409);
#408 = CARTESIAN_POINT('',(-87.,-36.,15.));
#409 = VECTOR('',#410,1.);
#410 = DIRECTION('',(1.,0.,0.));
#411 = PCURVE('',#70,#412);
#412 = DEFINITIONAL_REPRESENTATION('',(#413),#417);
#413 = LINE('',#414,#415);
#414 = CARTESIAN_POINT('',(10.,6.));
#415 = VECTOR('',#416,1.);
#416 = DIRECTION('',(1.,0.));
#417 = ( GEOMETRIC_REPRESENTATION_CONTEXT(2) 
PARAMETRIC_REPRESENTATION_CONTEXT() REPRESENTATION_CONTEXT('2D SPACE',''
  ) );
#418 = PCURVE('',#419,#424);
#419 = PLANE('',#420);
#420 = AXIS2_PLACEMENT_3D('',#421,#422,#423);
#421 = CARTESIAN_POINT('',(-87.,-39.,12.));
#422 = DIRECTION('',(0.,0.707106781187,-0.707106781187));
#423 = DIRECTION('',(1.,0.,0.));
#424 = DEFINITIONAL_REPRESENTATION('',(#425),#429);
#425 = LINE('',#426,#427);
#426 = CARTESIAN_POINT('',(0.,-4.242640687119));
#427 = VECTOR('',#428,1.);
#428 = DIRECTION('',(1.,0.));
#429 = ( GEOMETRIC_REPRESENTATION_CONTEXT(2) 
PARAMETRIC_REPRESENTATION_CONTEXT() REPRESENTATION_CONTEXT('2D SPACE',''
  ) );
#430 = ORIENTED_EDGE('',*,*,#431,.T.);
#431 = EDGE_CURVE('',#404,#298,#432,.T.);
#432 = SURFACE_CURVE('',#433,(#438,#445),.PCURVE_S1.);
#433 = CIRCLE('',#434,4.);
#434 = AXIS2_PLACEMENT_3D('',#435,#436,#437);
#435 = CARTESIAN_POINT('',(-10.,-32.,15.));
#436 = DIRECTION('',(0.,0.,1.));
#437 = DIRECTION('',(3.552713678801E-16,-1.,0.));
#438 = PCURVE('',#70,#439);
#439 = DEFINITIONAL_REPRESENTATION('',(#440),#444);
#440 = CIRCLE('',#441,4.);
#441 = AXIS2_PLACEMENT_2D('',#442,#443);
#442 = CARTESIAN_POINT('',(87.,10.));
#443 = DIRECTION('',(0.,-1.));
#444 = ( GEOMETRIC_REPRESENTATION_CONTEXT(2) 
PARAMETRIC_REPRESENTATION_CONTEXT() REPRESENTATION_CONTEXT('2D SPACE',''
  ) );
#445 = PCURVE('',#446,#451);
#446 = CONICAL_SURFACE('',#447,10.,0.785398163397);
#447 = AXIS2_PLACEMENT_3D('',#448,#449,#450);
#448 = CARTESIAN_POINT('',(-10.,-32.,9.));
#449 = DIRECTION('',(-0.,-0.,-1.));
#450 = DIRECTION('',(3.552713678801E-16,-1.,0.));
#451 = DEFINITIONAL_REPRESENTATION('',(#452),#456);
#452 = LINE('',#453,#454);
#453 = CARTESIAN_POINT('',(-0.,-6.));
#454 = VECTOR('',#455,1.);
#455 = DIRECTION('',(-1.,0.));
#456 = ( GEOMETRIC_REPRESENTATION_CONTEXT(2) 
PARAMETRIC_REPRESENTATION_CONTEXT() REPRESENTATION_CONTEXT('2D SPACE',''
  ) );
#457 = FACE_BOUND('',#458,.T.);
#458 = EDGE_LOOP('',(#459,#487,#515,#541,#567,#593,#619,#645,#673,#699,
    #725,#751));
#459 = ORIENTED_EDGE('',*,*,#460,.F.);
#460 = EDGE_CURVE('',#461,#463,#465,.T.);
#461 = VERTEX_POINT('',#462);
#462 = CARTESIAN_POINT('',(-36.50375655532,-14.,15.));
#463 = VERTEX_POINT('',#464);
#464 = CARTESIAN_POINT('',(-38.82875655532,-14.,15.));
#465 = SURFACE_CURVE('',#466,(#470,#476),.PCURVE_S1.);
#466 = LINE('',#467,#468);
#467 = CARTESIAN_POINT('',(-61.3,-14.,15.));
#468 = VECTOR('',#469,1.);
#469 = DIRECTION('',(-1.,0.,0.));
#470 = PCURVE('',#70,#471);
#471 = DEFINITIONAL_REPRESENTATION('',(#472),#475);
#472 = B_SPLINE_CURVE_WITH_KNOTS('',1,(#473,#474),.UNSPECIFIED.,.F.,.F.,
  (2,2),(-55.3,-15.7),.PIECEWISE_BEZIER_KNOTS.);
#473 = CARTESIAN_POINT('',(91.,28.));
#474 = CARTESIAN_POINT('',(51.4,28.));
#475 = ( GEOMETRIC_REPRESENTATION_CONTEXT(2) 
PARAMETRIC_REPRESENTATION_CONTEXT() REPRESENTATION_CONTEXT('2D SPACE',''
  ) );
#476 = PCURVE('',#477,#482);
#477 = PLANE('',#478);
#478 = AXIS2_PLACEMENT_3D('',#479,#480,#481);
#479 = CARTESIAN_POINT('',(-25.6,-14.,0.));
#480 = DIRECTION('',(0.,1.,0.));
#481 = DIRECTION('',(0.,-0.,1.));
#482 = DEFINITIONAL_REPRESENTATION('',(#483),#486);
#483 = B_SPLINE_CURVE_WITH_KNOTS('',1,(#484,#485),.UNSPECIFIED.,.F.,.F.,
  (2,2),(-55.3,-15.7),.PIECEWISE_BEZIER_KNOTS.);
#484 = CARTESIAN_POINT('',(15.,19.6));
#485 = CARTESIAN_POINT('',(15.,-20.));
#486 = ( GEOMETRIC_REPRESENTATION_CONTEXT(2) 
PARAMETRIC_REPRESENTATION_CONTEXT() REPRESENTATION_CONTEXT('2D SPACE',''
  ) );
#487 = ORIENTED_EDGE('',*,*,#488,.T.);
#488 = EDGE_CURVE('',#461,#489,#491,.T.);
#489 = VERTEX_POINT('',#490);
#490 = CARTESIAN_POINT('',(-36.50375655532,15.5,15.));
#491 = SURFACE_CURVE('',#492,(#496,#503),.PCURVE_S1.);
#492 = LINE('',#493,#494);
#493 = CARTESIAN_POINT('',(-36.50375655532,-18.5,15.));
#494 = VECTOR('',#495,1.);
#495 = DIRECTION('',(4.17966315153E-16,1.,2.612289469706E-16));
#496 = PCURVE('',#70,#497);
#497 = DEFINITIONAL_REPRESENTATION('',(#498),#502);
#498 = LINE('',#499,#500);
#499 = CARTESIAN_POINT('',(60.496243444677,23.5));
#500 = VECTOR('',#501,1.);
#501 = DIRECTION('',(4.17966315153E-16,1.));
#502 = ( GEOMETRIC_REPRESENTATION_CONTEXT(2) 
PARAMETRIC_REPRESENTATION_CONTEXT() REPRESENTATION_CONTEXT('2D SPACE',''
  ) );
#503 = PCURVE('',#504,#509);
#504 = CYLINDRICAL_SURFACE('',#505,20.);
#505 = AXIS2_PLACEMENT_3D('',#506,#507,#508);
#506 = CARTESIAN_POINT('',(-23.275,-1.5,0.));
#507 = DIRECTION('',(0.,1.,0.));
#508 = DIRECTION('',(0.,-0.,1.));
#509 = DEFINITIONAL_REPRESENTATION('',(#510),#514);
#510 = LINE('',#511,#512);
#511 = CARTESIAN_POINT('',(5.560451059366,-17.));
#512 = VECTOR('',#513,1.);
#513 = DIRECTION('',(0.,1.));
#514 = ( GEOMETRIC_REPRESENTATION_CONTEXT(2) 
PARAMETRIC_REPRESENTATION_CONTEXT() REPRESENTATION_CONTEXT('2D SPACE',''
  ) );
#515 = ORIENTED_EDGE('',*,*,#516,.T.);
#516 = EDGE_CURVE('',#489,#517,#519,.T.);
#517 = VERTEX_POINT('',#518);
#518 = CARTESIAN_POINT('',(-39.05375655532,15.5,15.));
#519 = SURFACE_CURVE('',#520,(#524,#530),.PCURVE_S1.);
#520 = LINE('',#521,#522);
#521 = CARTESIAN_POINT('',(-61.4125,15.5,15.));
#522 = VECTOR('',#523,1.);
#523 = DIRECTION('',(-1.,0.,0.));
#524 = PCURVE('',#70,#525);
#525 = DEFINITIONAL_REPRESENTATION('',(#526),#529);
#526 = B_SPLINE_CURVE_WITH_KNOTS('',1,(#527,#528),.UNSPECIFIED.,.F.,.F.,
  (2,2),(-55.4125,-15.5875),.PIECEWISE_BEZIER_KNOTS.);
#527 = CARTESIAN_POINT('',(91.,57.5));
#528 = CARTESIAN_POINT('',(51.175,57.5));
#529 = ( GEOMETRIC_REPRESENTATION_CONTEXT(2) 
PARAMETRIC_REPRESENTATION_CONTEXT() REPRESENTATION_CONTEXT('2D SPACE',''
  ) );
#530 = PCURVE('',#531,#536);
#531 = PLANE('',#532);
#532 = AXIS2_PLACEMENT_3D('',#533,#534,#535);
#533 = CARTESIAN_POINT('',(-25.825,15.5,0.));
#534 = DIRECTION('',(0.,1.,0.));
#535 = DIRECTION('',(0.,-0.,1.));
#536 = DEFINITIONAL_REPRESENTATION('',(#537),#540);
#537 = B_SPLINE_CURVE_WITH_KNOTS('',1,(#538,#539),.UNSPECIFIED.,.F.,.F.,
  (2,2),(-55.4125,-15.5875),.PIECEWISE_BEZIER_KNOTS.);
#538 = CARTESIAN_POINT('',(15.,19.825));
#539 = CARTESIAN_POINT('',(15.,-20.));
#540 = ( GEOMETRIC_REPRESENTATION_CONTEXT(2) 
PARAMETRIC_REPRESENTATION_CONTEXT() REPRESENTATION_CONTEXT('2D SPACE',''
  ) );
#541 = ORIENTED_EDGE('',*,*,#542,.T.);
#542 = EDGE_CURVE('',#517,#543,#545,.T.);
#543 = VERTEX_POINT('',#544);
#544 = CARTESIAN_POINT('',(-39.05375655532,35.5,15.));
#545 = SURFACE_CURVE('',#546,(#550,#556),.PCURVE_S1.);
#546 = LINE('',#547,#548);
#547 = CARTESIAN_POINT('',(-39.05375655532,15.5,15.));
#548 = VECTOR('',#549,1.);
#549 = DIRECTION('',(0.,1.,0.));
#550 = PCURVE('',#70,#551);
#551 = DEFINITIONAL_REPRESENTATION('',(#552),#555);
#552 = B_SPLINE_CURVE_WITH_KNOTS('',1,(#553,#554),.UNSPECIFIED.,.F.,.F.,
  (2,2),(-5.999999999062E-07,20.0000006),.PIECEWISE_BEZIER_KNOTS.);
#553 = CARTESIAN_POINT('',(57.946243444677,57.4999994));
#554 = CARTESIAN_POINT('',(57.946243444677,77.5000006));
#555 = ( GEOMETRIC_REPRESENTATION_CONTEXT(2) 
PARAMETRIC_REPRESENTATION_CONTEXT() REPRESENTATION_CONTEXT('2D SPACE',''
  ) );
#556 = PCURVE('',#557,#562);
#557 = CYLINDRICAL_SURFACE('',#558,20.);
#558 = AXIS2_PLACEMENT_3D('',#559,#560,#561);
#559 = CARTESIAN_POINT('',(-25.825,15.5,0.));
#560 = DIRECTION('',(0.,1.,0.));
#561 = DIRECTION('',(0.,-0.,1.));
#562 = DEFINITIONAL_REPRESENTATION('',(#563),#566);
#563 = B_SPLINE_CURVE_WITH_KNOTS('',1,(#564,#565),.UNSPECIFIED.,.F.,.F.,
  (2,2),(-5.999999999062E-07,20.0000006),.PIECEWISE_BEZIER_KNOTS.);
#564 = CARTESIAN_POINT('',(5.560451059366,-5.999999999062E-07));
#565 = CARTESIAN_POINT('',(5.560451059366,20.0000006));
#566 = ( GEOMETRIC_REPRESENTATION_CONTEXT(2) 
PARAMETRIC_REPRESENTATION_CONTEXT() REPRESENTATION_CONTEXT('2D SPACE',''
  ) );
#567 = ORIENTED_EDGE('',*,*,#568,.F.);
#568 = EDGE_CURVE('',#569,#543,#571,.T.);
#569 = VERTEX_POINT('',#570);
#570 = CARTESIAN_POINT('',(-12.59624344467,35.5,15.));
#571 = SURFACE_CURVE('',#572,(#576,#582),.PCURVE_S1.);
#572 = LINE('',#573,#574);
#573 = CARTESIAN_POINT('',(-61.4125,35.5,15.));
#574 = VECTOR('',#575,1.);
#575 = DIRECTION('',(-1.,0.,0.));
#576 = PCURVE('',#70,#577);
#577 = DEFINITIONAL_REPRESENTATION('',(#578),#581);
#578 = B_SPLINE_CURVE_WITH_KNOTS('',1,(#579,#580),.UNSPECIFIED.,.F.,.F.,
  (2,2),(-55.4125,-15.5875),.PIECEWISE_BEZIER_KNOTS.);
#579 = CARTESIAN_POINT('',(91.,77.5));
#580 = CARTESIAN_POINT('',(51.175,77.5));
#581 = ( GEOMETRIC_REPRESENTATION_CONTEXT(2) 
PARAMETRIC_REPRESENTATION_CONTEXT() REPRESENTATION_CONTEXT('2D SPACE',''
  ) );
#582 = PCURVE('',#583,#588);
#583 = PLANE('',#584);
#584 = AXIS2_PLACEMENT_3D('',#585,#586,#587);
#585 = CARTESIAN_POINT('',(-25.825,35.5,0.));
#586 = DIRECTION('',(0.,1.,0.));
#587 = DIRECTION('',(0.,-0.,1.));
#588 = DEFINITIONAL_REPRESENTATION('',(#589),#592);
#589 = B_SPLINE_CURVE_WITH_KNOTS('',1,(#590,#591),.UNSPECIFIED.,.F.,.F.,
  (2,2),(-55.4125,-15.5875),.PIECEWISE_BEZIER_KNOTS.);
#590 = CARTESIAN_POINT('',(15.,19.825));
#591 = CARTESIAN_POINT('',(15.,-20.));
#592 = ( GEOMETRIC_REPRESENTATION_CONTEXT(2) 
PARAMETRIC_REPRESENTATION_CONTEXT() REPRESENTATION_CONTEXT('2D SPACE',''
  ) );
#593 = ORIENTED_EDGE('',*,*,#594,.F.);
#594 = EDGE_CURVE('',#595,#569,#597,.T.);
#595 = VERTEX_POINT('',#596);
#596 = CARTESIAN_POINT('',(-12.59624344467,18.5,15.));
#597 = SURFACE_CURVE('',#598,(#602,#608),.PCURVE_S1.);
#598 = LINE('',#599,#600);
#599 = CARTESIAN_POINT('',(-12.59624344467,15.5,15.));
#600 = VECTOR('',#601,1.);
#601 = DIRECTION('',(0.,1.,0.));
#602 = PCURVE('',#70,#603);
#603 = DEFINITIONAL_REPRESENTATION('',(#604),#607);
#604 = B_SPLINE_CURVE_WITH_KNOTS('',1,(#605,#606),.UNSPECIFIED.,.F.,.F.,
  (2,2),(-5.999999999062E-07,20.0000006),.PIECEWISE_BEZIER_KNOTS.);
#605 = CARTESIAN_POINT('',(84.403756555323,57.4999994));
#606 = CARTESIAN_POINT('',(84.403756555323,77.5000006));
#607 = ( GEOMETRIC_REPRESENTATION_CONTEXT(2) 
PARAMETRIC_REPRESENTATION_CONTEXT() REPRESENTATION_CONTEXT('2D SPACE',''
  ) );
#608 = PCURVE('',#609,#614);
#609 = CYLINDRICAL_SURFACE('',#610,20.);
#610 = AXIS2_PLACEMENT_3D('',#611,#612,#613);
#611 = CARTESIAN_POINT('',(-25.825,15.5,0.));
#612 = DIRECTION('',(0.,1.,0.));
#613 = DIRECTION('',(0.,-0.,1.));
#614 = DEFINITIONAL_REPRESENTATION('',(#615),#618);
#615 = B_SPLINE_CURVE_WITH_KNOTS('',1,(#616,#617),.UNSPECIFIED.,.F.,.F.,
  (2,2),(-5.999999999062E-07,20.0000006),.PIECEWISE_BEZIER_KNOTS.);
#616 = CARTESIAN_POINT('',(0.722734247813,-5.999999999062E-07));
#617 = CARTESIAN_POINT('',(0.722734247813,20.0000006));
#618 = ( GEOMETRIC_REPRESENTATION_CONTEXT(2) 
PARAMETRIC_REPRESENTATION_CONTEXT() REPRESENTATION_CONTEXT('2D SPACE',''
  ) );
#619 = ORIENTED_EDGE('',*,*,#620,.F.);
#620 = EDGE_CURVE('',#621,#595,#623,.T.);
#621 = VERTEX_POINT('',#622);
#622 = CARTESIAN_POINT('',(-10.04624344467,18.5,15.));
#623 = SURFACE_CURVE('',#624,(#628,#634),.PCURVE_S1.);
#624 = LINE('',#625,#626);
#625 = CARTESIAN_POINT('',(-60.1375,18.5,15.));
#626 = VECTOR('',#627,1.);
#627 = DIRECTION('',(-1.,0.,0.));
#628 = PCURVE('',#70,#629);
#629 = DEFINITIONAL_REPRESENTATION('',(#630),#633);
#630 = B_SPLINE_CURVE_WITH_KNOTS('',1,(#631,#632),.UNSPECIFIED.,.F.,.F.,
  (2,2),(-54.1375,-16.8625),.PIECEWISE_BEZIER_KNOTS.);
#631 = CARTESIAN_POINT('',(91.,60.5));
#632 = CARTESIAN_POINT('',(53.725,60.5));
#633 = ( GEOMETRIC_REPRESENTATION_CONTEXT(2) 
PARAMETRIC_REPRESENTATION_CONTEXT() REPRESENTATION_CONTEXT('2D SPACE',''
  ) );
#634 = PCURVE('',#635,#640);
#635 = PLANE('',#636);
#636 = AXIS2_PLACEMENT_3D('',#637,#638,#639);
#637 = CARTESIAN_POINT('',(-23.275,18.5,0.));
#638 = DIRECTION('',(0.,1.,0.));
#639 = DIRECTION('',(0.,-0.,1.));
#640 = DEFINITIONAL_REPRESENTATION('',(#641),#644);
#641 = B_SPLINE_CURVE_WITH_KNOTS('',1,(#642,#643),.UNSPECIFIED.,.F.,.F.,
  (2,2),(-54.1375,-16.8625),.PIECEWISE_BEZIER_KNOTS.);
#642 = CARTESIAN_POINT('',(15.,17.275));
#643 = CARTESIAN_POINT('',(15.,-20.));
#644 = ( GEOMETRIC_REPRESENTATION_CONTEXT(2) 
PARAMETRIC_REPRESENTATION_CONTEXT() REPRESENTATION_CONTEXT('2D SPACE',''
  ) );
#645 = ORIENTED_EDGE('',*,*,#646,.T.);
#646 = EDGE_CURVE('',#621,#647,#649,.T.);
#647 = VERTEX_POINT('',#648);
#648 = CARTESIAN_POINT('',(-10.04624344467,-18.5,15.));
#649 = SURFACE_CURVE('',#650,(#654,#661),.PCURVE_S1.);
#650 = LINE('',#651,#652);
#651 = CARTESIAN_POINT('',(-10.04624344467,18.5,15.));
#652 = VECTOR('',#653,1.);
#653 = DIRECTION('',(0.,-1.,0.));
#654 = PCURVE('',#70,#655);
#655 = DEFINITIONAL_REPRESENTATION('',(#656),#660);
#656 = LINE('',#657,#658);
#657 = CARTESIAN_POINT('',(86.953756555323,60.5));
#658 = VECTOR('',#659,1.);
#659 = DIRECTION('',(0.,-1.));
#660 = ( GEOMETRIC_REPRESENTATION_CONTEXT(2) 
PARAMETRIC_REPRESENTATION_CONTEXT() REPRESENTATION_CONTEXT('2D SPACE',''
  ) );
#661 = PCURVE('',#662,#667);
#662 = CYLINDRICAL_SURFACE('',#663,20.);
#663 = AXIS2_PLACEMENT_3D('',#664,#665,#666);
#664 = CARTESIAN_POINT('',(-23.275,-18.5,0.));
#665 = DIRECTION('',(0.,1.,0.));
#666 = DIRECTION('',(0.,-0.,1.));
#667 = DEFINITIONAL_REPRESENTATION('',(#668),#672);
#668 = LINE('',#669,#670);
#669 = CARTESIAN_POINT('',(0.722734247813,37.));
#670 = VECTOR('',#671,1.);
#671 = DIRECTION('',(-0.,-1.));
#672 = ( GEOMETRIC_REPRESENTATION_CONTEXT(2) 
PARAMETRIC_REPRESENTATION_CONTEXT() REPRESENTATION_CONTEXT('2D SPACE',''
  ) );
#673 = ORIENTED_EDGE('',*,*,#674,.T.);
#674 = EDGE_CURVE('',#647,#675,#677,.T.);
#675 = VERTEX_POINT('',#676);
#676 = CARTESIAN_POINT('',(-12.37124344467,-18.5,15.));
#677 = SURFACE_CURVE('',#678,(#682,#688),.PCURVE_S1.);
#678 = LINE('',#679,#680);
#679 = CARTESIAN_POINT('',(-60.1375,-18.5,15.));
#680 = VECTOR('',#681,1.);
#681 = DIRECTION('',(-1.,0.,0.));
#682 = PCURVE('',#70,#683);
#683 = DEFINITIONAL_REPRESENTATION('',(#684),#687);
#684 = B_SPLINE_CURVE_WITH_KNOTS('',1,(#685,#686),.UNSPECIFIED.,.F.,.F.,
  (2,2),(-54.1375,-16.8625),.PIECEWISE_BEZIER_KNOTS.);
#685 = CARTESIAN_POINT('',(91.,23.5));
#686 = CARTESIAN_POINT('',(53.725,23.5));
#687 = ( GEOMETRIC_REPRESENTATION_CONTEXT(2) 
PARAMETRIC_REPRESENTATION_CONTEXT() REPRESENTATION_CONTEXT('2D SPACE',''
  ) );
#688 = PCURVE('',#689,#694);
#689 = PLANE('',#690);
#690 = AXIS2_PLACEMENT_3D('',#691,#692,#693);
#691 = CARTESIAN_POINT('',(-23.275,-18.5,0.));
#692 = DIRECTION('',(0.,1.,0.));
#693 = DIRECTION('',(0.,-0.,1.));
#694 = DEFINITIONAL_REPRESENTATION('',(#695),#698);
#695 = B_SPLINE_CURVE_WITH_KNOTS('',1,(#696,#697),.UNSPECIFIED.,.F.,.F.,
  (2,2),(-54.1375,-16.8625),.PIECEWISE_BEZIER_KNOTS.);
#696 = CARTESIAN_POINT('',(15.,17.275));
#697 = CARTESIAN_POINT('',(15.,-20.));
#698 = ( GEOMETRIC_REPRESENTATION_CONTEXT(2) 
PARAMETRIC_REPRESENTATION_CONTEXT() REPRESENTATION_CONTEXT('2D SPACE',''
  ) );
#699 = ORIENTED_EDGE('',*,*,#700,.F.);
#700 = EDGE_CURVE('',#701,#675,#703,.T.);
#701 = VERTEX_POINT('',#702);
#702 = CARTESIAN_POINT('',(-12.37124344467,-34.,15.));
#703 = SURFACE_CURVE('',#704,(#708,#714),.PCURVE_S1.);
#704 = LINE('',#705,#706);
#705 = CARTESIAN_POINT('',(-12.37124344467,-34.,15.));
#706 = VECTOR('',#707,1.);
#707 = DIRECTION('',(0.,1.,0.));
#708 = PCURVE('',#70,#709);
#709 = DEFINITIONAL_REPRESENTATION('',(#710),#713);
#710 = B_SPLINE_CURVE_WITH_KNOTS('',1,(#711,#712),.UNSPECIFIED.,.F.,.F.,
  (2,2),(-5.999999999062E-07,20.0000006),.PIECEWISE_BEZIER_KNOTS.);
#711 = CARTESIAN_POINT('',(84.628756555323,7.9999994));
#712 = CARTESIAN_POINT('',(84.628756555323,28.0000006));
#713 = ( GEOMETRIC_REPRESENTATION_CONTEXT(2) 
PARAMETRIC_REPRESENTATION_CONTEXT() REPRESENTATION_CONTEXT('2D SPACE',''
  ) );
#714 = PCURVE('',#715,#720);
#715 = CYLINDRICAL_SURFACE('',#716,20.);
#716 = AXIS2_PLACEMENT_3D('',#717,#718,#719);
#717 = CARTESIAN_POINT('',(-25.6,-34.,0.));
#718 = DIRECTION('',(0.,1.,0.));
#719 = DIRECTION('',(0.,-0.,1.));
#720 = DEFINITIONAL_REPRESENTATION('',(#721),#724);
#721 = B_SPLINE_CURVE_WITH_KNOTS('',1,(#722,#723),.UNSPECIFIED.,.F.,.F.,
  (2,2),(-5.999999999062E-07,20.0000006),.PIECEWISE_BEZIER_KNOTS.);
#722 = CARTESIAN_POINT('',(0.722734247813,-5.999999999062E-07));
#723 = CARTESIAN_POINT('',(0.722734247813,20.0000006));
#724 = ( GEOMETRIC_REPRESENTATION_CONTEXT(2) 
PARAMETRIC_REPRESENTATION_CONTEXT() REPRESENTATION_CONTEXT('2D SPACE',''
  ) );
#725 = ORIENTED_EDGE('',*,*,#726,.T.);
#726 = EDGE_CURVE('',#701,#727,#729,.T.);
#727 = VERTEX_POINT('',#728);
#728 = CARTESIAN_POINT('',(-38.82875655532,-34.,15.));
#729 = SURFACE_CURVE('',#730,(#734,#740),.PCURVE_S1.);
#730 = LINE('',#731,#732);
#731 = CARTESIAN_POINT('',(-61.3,-34.,15.));
#732 = VECTOR('',#733,1.);
#733 = DIRECTION('',(-1.,0.,0.));
#734 = PCURVE('',#70,#735);
#735 = DEFINITIONAL_REPRESENTATION('',(#736),#739);
#736 = B_SPLINE_CURVE_WITH_KNOTS('',1,(#737,#738),.UNSPECIFIED.,.F.,.F.,
  (2,2),(-55.3,-15.7),.PIECEWISE_BEZIER_KNOTS.);
#737 = CARTESIAN_POINT('',(91.,8.));
#738 = CARTESIAN_POINT('',(51.4,8.));
#739 = ( GEOMETRIC_REPRESENTATION_CONTEXT(2) 
PARAMETRIC_REPRESENTATION_CONTEXT() REPRESENTATION_CONTEXT('2D SPACE',''
  ) );
#740 = PCURVE('',#741,#746);
#741 = PLANE('',#742);
#742 = AXIS2_PLACEMENT_3D('',#743,#744,#745);
#743 = CARTESIAN_POINT('',(-25.6,-34.,0.));
#744 = DIRECTION('',(0.,1.,0.));
#745 = DIRECTION('',(0.,-0.,1.));
#746 = DEFINITIONAL_REPRESENTATION('',(#747),#750);
#747 = B_SPLINE_CURVE_WITH_KNOTS('',1,(#748,#749),.UNSPECIFIED.,.F.,.F.,
  (2,2),(-55.3,-15.7),.PIECEWISE_BEZIER_KNOTS.);
#748 = CARTESIAN_POINT('',(15.,19.6));
#749 = CARTESIAN_POINT('',(15.,-20.));
#750 = ( GEOMETRIC_REPRESENTATION_CONTEXT(2) 
PARAMETRIC_REPRESENTATION_CONTEXT() REPRESENTATION_CONTEXT('2D SPACE',''
  ) );
#751 = ORIENTED_EDGE('',*,*,#752,.T.);
#752 = EDGE_CURVE('',#727,#463,#753,.T.);
#753 = SURFACE_CURVE('',#754,(#758,#764),.PCURVE_S1.);
#754 = LINE('',#755,#756);
#755 = CARTESIAN_POINT('',(-38.82875655532,-34.,15.));
#756 = VECTOR('',#757,1.);
#757 = DIRECTION('',(0.,1.,0.));
#758 = PCURVE('',#70,#759);
#759 = DEFINITIONAL_REPRESENTATION('',(#760),#763);
#760 = B_SPLINE_CURVE_WITH_KNOTS('',1,(#761,#762),.UNSPECIFIED.,.F.,.F.,
  (2,2),(-5.999999999062E-07,20.0000006),.PIECEWISE_BEZIER_KNOTS.);
#761 = CARTESIAN_POINT('',(58.171243444677,7.9999994));
#762 = CARTESIAN_POINT('',(58.171243444677,28.0000006));
#763 = ( GEOMETRIC_REPRESENTATION_CONTEXT(2) 
PARAMETRIC_REPRESENTATION_CONTEXT() REPRESENTATION_CONTEXT('2D SPACE',''
  ) );
#764 = PCURVE('',#765,#770);
#765 = CYLINDRICAL_SURFACE('',#766,20.);
#766 = AXIS2_PLACEMENT_3D('',#767,#768,#769);
#767 = CARTESIAN_POINT('',(-25.6,-34.,0.));
#768 = DIRECTION('',(0.,1.,0.));
#769 = DIRECTION('',(0.,-0.,1.));
#770 = DEFINITIONAL_REPRESENTATION('',(#771),#774);
#771 = B_SPLINE_CURVE_WITH_KNOTS('',1,(#772,#773),.UNSPECIFIED.,.F.,.F.,
  (2,2),(-5.999999999062E-07,20.0000006),.PIECEWISE_BEZIER_KNOTS.);
#772 = CARTESIAN_POINT('',(5.560451059366,-5.999999999062E-07));
#773 = CARTESIAN_POINT('',(5.560451059366,20.0000006));
#774 = ( GEOMETRIC_REPRESENTATION_CONTEXT(2) 
PARAMETRIC_REPRESENTATION_CONTEXT() REPRESENTATION_CONTEXT('2D SPACE',''
  ) );
#775 = ADVANCED_FACE('',(#776),#201,.F.);
#776 = FACE_BOUND('',#777,.F.);
#777 = EDGE_LOOP('',(#778,#779,#808,#836));
#778 = ORIENTED_EDGE('',*,*,#187,.T.);
#779 = ORIENTED_EDGE('',*,*,#780,.F.);
#780 = EDGE_CURVE('',#781,#165,#783,.T.);
#781 = VERTEX_POINT('',#782);
#782 = CARTESIAN_POINT('',(-97.,5.56776436283,-15.));
#783 = SURFACE_CURVE('',#784,(#789,#796),.PCURVE_S1.);
#784 = CIRCLE('',#785,16.);
#785 = AXIS2_PLACEMENT_3D('',#786,#787,#788);
#786 = CARTESIAN_POINT('',(-97.,0.,0.));
#787 = DIRECTION('',(1.,0.,0.));
#788 = DIRECTION('',(-0.,0.,1.));
#789 = PCURVE('',#201,#790);
#790 = DEFINITIONAL_REPRESENTATION('',(#791),#795);
#791 = CIRCLE('',#792,16.);
#792 = AXIS2_PLACEMENT_2D('',#793,#794);
#793 = CARTESIAN_POINT('',(15.,-42.));
#794 = DIRECTION('',(1.,0.));
#795 = ( GEOMETRIC_REPRESENTATION_CONTEXT(2) 
PARAMETRIC_REPRESENTATION_CONTEXT() REPRESENTATION_CONTEXT('2D SPACE',''
  ) );
#796 = PCURVE('',#797,#802);
#797 = CYLINDRICAL_SURFACE('',#798,16.);
#798 = AXIS2_PLACEMENT_3D('',#799,#800,#801);
#799 = CARTESIAN_POINT('',(-109.,0.,0.));
#800 = DIRECTION('',(1.,0.,0.));
#801 = DIRECTION('',(-0.,0.,1.));
#802 = DEFINITIONAL_REPRESENTATION('',(#803),#807);
#803 = LINE('',#804,#805);
#804 = CARTESIAN_POINT('',(0.,12.));
#805 = VECTOR('',#806,1.);
#806 = DIRECTION('',(1.,0.));
#807 = ( GEOMETRIC_REPRESENTATION_CONTEXT(2) 
PARAMETRIC_REPRESENTATION_CONTEXT() REPRESENTATION_CONTEXT('2D SPACE',''
  ) );
#808 = ORIENTED_EDGE('',*,*,#809,.T.);
#809 = EDGE_CURVE('',#781,#810,#812,.T.);
#810 = VERTEX_POINT('',#811);
#811 = CARTESIAN_POINT('',(-97.,32.,-15.));
#812 = SURFACE_CURVE('',#813,(#817,#824),.PCURVE_S1.);
#813 = LINE('',#814,#815);
#814 = CARTESIAN_POINT('',(-97.,-42.,-15.));
#815 = VECTOR('',#816,1.);
#816 = DIRECTION('',(0.,1.,0.));
#817 = PCURVE('',#201,#818);
#818 = DEFINITIONAL_REPRESENTATION('',(#819),#823);
#819 = LINE('',#820,#821);
#820 = CARTESIAN_POINT('',(0.,0.));
#821 = VECTOR('',#822,1.);
#822 = DIRECTION('',(0.,-1.));
#823 = ( GEOMETRIC_REPRESENTATION_CONTEXT(2) 
PARAMETRIC_REPRESENTATION_CONTEXT() REPRESENTATION_CONTEXT('2D SPACE',''
  ) );
#824 = PCURVE('',#825,#830);
#825 = PLANE('',#826);
#826 = AXIS2_PLACEMENT_3D('',#827,#828,#829);
#827 = CARTESIAN_POINT('',(-97.,-42.,-15.));
#828 = DIRECTION('',(0.,0.,1.));
#829 = DIRECTION('',(1.,0.,0.));
#830 = DEFINITIONAL_REPRESENTATION('',(#831),#835);
#831 = LINE('',#832,#833);
#832 = CARTESIAN_POINT('',(0.,0.));
#833 = VECTOR('',#834,1.);
#834 = DIRECTION('',(0.,1.));
#835 = ( GEOMETRIC_REPRESENTATION_CONTEXT(2) 
PARAMETRIC_REPRESENTATION_CONTEXT() REPRESENTATION_CONTEXT('2D SPACE',''
  ) );
#836 = ORIENTED_EDGE('',*,*,#837,.T.);
#837 = EDGE_CURVE('',#810,#24,#838,.T.);
#838 = SURFACE_CURVE('',#839,(#843,#850),.PCURVE_S1.);
#839 = LINE('',#840,#841);
#840 = CARTESIAN_POINT('',(-97.,32.,-15.));
#841 = VECTOR('',#842,1.);
#842 = DIRECTION('',(0.,0.,1.));
#843 = PCURVE('',#201,#844);
#844 = DEFINITIONAL_REPRESENTATION('',(#845),#849);
#845 = LINE('',#846,#847);
#846 = CARTESIAN_POINT('',(0.,-74.));
#847 = VECTOR('',#848,1.);
#848 = DIRECTION('',(1.,0.));
#849 = ( GEOMETRIC_REPRESENTATION_CONTEXT(2) 
PARAMETRIC_REPRESENTATION_CONTEXT() REPRESENTATION_CONTEXT('2D SPACE',''
  ) );
#850 = PCURVE('',#282,#851);
#851 = DEFINITIONAL_REPRESENTATION('',(#852),#856);
#852 = LINE('',#853,#854);
#853 = CARTESIAN_POINT('',(-0.,0.));
#854 = VECTOR('',#855,1.);
#855 = DIRECTION('',(-0.,1.));
#856 = ( GEOMETRIC_REPRESENTATION_CONTEXT(2) 
PARAMETRIC_REPRESENTATION_CONTEXT() REPRESENTATION_CONTEXT('2D SPACE',''
  ) );
#857 = ADVANCED_FACE('',(#858),#152,.T.);
#858 = FACE_BOUND('',#859,.T.);
#859 = EDGE_LOOP('',(#860,#884,#906,#907));
#860 = ORIENTED_EDGE('',*,*,#861,.T.);
#861 = EDGE_CURVE('',#165,#862,#864,.T.);
#862 = VERTEX_POINT('',#863);
#863 = CARTESIAN_POINT('',(-97.,3.918869757272E-15,16.));
#864 = SURFACE_CURVE('',#865,(#870,#877),.PCURVE_S1.);
#865 = CIRCLE('',#866,16.);
#866 = AXIS2_PLACEMENT_3D('',#867,#868,#869);
#867 = CARTESIAN_POINT('',(-97.,0.,0.));
#868 = DIRECTION('',(1.,0.,0.));
#869 = DIRECTION('',(-0.,0.,1.));
#870 = PCURVE('',#152,#871);
#871 = DEFINITIONAL_REPRESENTATION('',(#872),#876);
#872 = CIRCLE('',#873,16.);
#873 = AXIS2_PLACEMENT_2D('',#874,#875);
#874 = CARTESIAN_POINT('',(0.,0.));
#875 = DIRECTION('',(1.,0.));
#876 = ( GEOMETRIC_REPRESENTATION_CONTEXT(2) 
PARAMETRIC_REPRESENTATION_CONTEXT() REPRESENTATION_CONTEXT('2D SPACE',''
  ) );
#877 = PCURVE('',#797,#878);
#878 = DEFINITIONAL_REPRESENTATION('',(#879),#883);
#879 = LINE('',#880,#881);
#880 = CARTESIAN_POINT('',(0.,12.));
#881 = VECTOR('',#882,1.);
#882 = DIRECTION('',(1.,0.));
#883 = ( GEOMETRIC_REPRESENTATION_CONTEXT(2) 
PARAMETRIC_REPRESENTATION_CONTEXT() REPRESENTATION_CONTEXT('2D SPACE',''
  ) );
#884 = ORIENTED_EDGE('',*,*,#885,.T.);
#885 = EDGE_CURVE('',#862,#109,#886,.T.);
#886 = SURFACE_CURVE('',#887,(#892,#899),.PCURVE_S1.);
#887 = CIRCLE('',#888,16.);
#888 = AXIS2_PLACEMENT_3D('',#889,#890,#891);
#889 = CARTESIAN_POINT('',(-97.,0.,0.));
#890 = DIRECTION('',(1.,0.,0.));
#891 = DIRECTION('',(-0.,0.,1.));
#892 = PCURVE('',#152,#893);
#893 = DEFINITIONAL_REPRESENTATION('',(#894),#898);
#894 = CIRCLE('',#895,16.);
#895 = AXIS2_PLACEMENT_2D('',#896,#897);
#896 = CARTESIAN_POINT('',(0.,0.));
#897 = DIRECTION('',(1.,0.));
#898 = ( GEOMETRIC_REPRESENTATION_CONTEXT(2) 
PARAMETRIC_REPRESENTATION_CONTEXT() REPRESENTATION_CONTEXT('2D SPACE',''
  ) );
#899 = PCURVE('',#797,#900);
#900 = DEFINITIONAL_REPRESENTATION('',(#901),#905);
#901 = LINE('',#902,#903);
#902 = CARTESIAN_POINT('',(0.,12.));
#903 = VECTOR('',#904,1.);
#904 = DIRECTION('',(1.,0.));
#905 = ( GEOMETRIC_REPRESENTATION_CONTEXT(2) 
PARAMETRIC_REPRESENTATION_CONTEXT() REPRESENTATION_CONTEXT('2D SPACE',''
  ) );
#906 = ORIENTED_EDGE('',*,*,#136,.F.);
#907 = ORIENTED_EDGE('',*,*,#164,.F.);
#908 = ADVANCED_FACE('',(#909),#124,.F.);
#909 = FACE_BOUND('',#910,.F.);
#910 = EDGE_LOOP('',(#911,#912,#940,#963));
#911 = ORIENTED_EDGE('',*,*,#108,.T.);
#912 = ORIENTED_EDGE('',*,*,#913,.F.);
#913 = EDGE_CURVE('',#914,#83,#916,.T.);
#914 = VERTEX_POINT('',#915);
#915 = CARTESIAN_POINT('',(-97.,-32.,-15.));
#916 = SURFACE_CURVE('',#917,(#921,#928),.PCURVE_S1.);
#917 = LINE('',#918,#919);
#918 = CARTESIAN_POINT('',(-97.,-32.,-15.));
#919 = VECTOR('',#920,1.);
#920 = DIRECTION('',(0.,0.,1.));
#921 = PCURVE('',#124,#922);
#922 = DEFINITIONAL_REPRESENTATION('',(#923),#927);
#923 = LINE('',#924,#925);
#924 = CARTESIAN_POINT('',(0.,-10.));
#925 = VECTOR('',#926,1.);
#926 = DIRECTION('',(1.,0.));
#927 = ( GEOMETRIC_REPRESENTATION_CONTEXT(2) 
PARAMETRIC_REPRESENTATION_CONTEXT() REPRESENTATION_CONTEXT('2D SPACE',''
  ) );
#928 = PCURVE('',#929,#934);
#929 = CYLINDRICAL_SURFACE('',#930,10.);
#930 = AXIS2_PLACEMENT_3D('',#931,#932,#933);
#931 = CARTESIAN_POINT('',(-87.,-32.,-15.));
#932 = DIRECTION('',(0.,0.,1.));
#933 = DIRECTION('',(-1.,-0.,0.));
#934 = DEFINITIONAL_REPRESENTATION('',(#935),#939);
#935 = LINE('',#936,#937);
#936 = CARTESIAN_POINT('',(0.,0.));
#937 = VECTOR('',#938,1.);
#938 = DIRECTION('',(0.,1.));
#939 = ( GEOMETRIC_REPRESENTATION_CONTEXT(2) 
PARAMETRIC_REPRESENTATION_CONTEXT() REPRESENTATION_CONTEXT('2D SPACE',''
  ) );
#940 = ORIENTED_EDGE('',*,*,#941,.T.);
#941 = EDGE_CURVE('',#914,#942,#944,.T.);
#942 = VERTEX_POINT('',#943);
#943 = CARTESIAN_POINT('',(-97.,-5.567764362829,-15.));
#944 = SURFACE_CURVE('',#945,(#949,#956),.PCURVE_S1.);
#945 = LINE('',#946,#947);
#946 = CARTESIAN_POINT('',(-97.,-42.,-15.));
#947 = VECTOR('',#948,1.);
#948 = DIRECTION('',(0.,1.,0.));
#949 = PCURVE('',#124,#950);
#950 = DEFINITIONAL_REPRESENTATION('',(#951),#955);
#951 = LINE('',#952,#953);
#952 = CARTESIAN_POINT('',(0.,0.));
#953 = VECTOR('',#954,1.);
#954 = DIRECTION('',(0.,-1.));
#955 = ( GEOMETRIC_REPRESENTATION_CONTEXT(2) 
PARAMETRIC_REPRESENTATION_CONTEXT() REPRESENTATION_CONTEXT('2D SPACE',''
  ) );
#956 = PCURVE('',#825,#957);
#957 = DEFINITIONAL_REPRESENTATION('',(#958),#962);
#958 = LINE('',#959,#960);
#959 = CARTESIAN_POINT('',(0.,0.));
#960 = VECTOR('',#961,1.);
#961 = DIRECTION('',(0.,1.));
#962 = ( GEOMETRIC_REPRESENTATION_CONTEXT(2) 
PARAMETRIC_REPRESENTATION_CONTEXT() REPRESENTATION_CONTEXT('2D SPACE',''
  ) );
#963 = ORIENTED_EDGE('',*,*,#964,.F.);
#964 = EDGE_CURVE('',#109,#942,#965,.T.);
#965 = SURFACE_CURVE('',#966,(#971,#978),.PCURVE_S1.);
#966 = CIRCLE('',#967,16.);
#967 = AXIS2_PLACEMENT_3D('',#968,#969,#970);
#968 = CARTESIAN_POINT('',(-97.,0.,0.));
#969 = DIRECTION('',(1.,0.,0.));
#970 = DIRECTION('',(-0.,0.,1.));
#971 = PCURVE('',#124,#972);
#972 = DEFINITIONAL_REPRESENTATION('',(#973),#977);
#973 = CIRCLE('',#974,16.);
#974 = AXIS2_PLACEMENT_2D('',#975,#976);
#975 = CARTESIAN_POINT('',(15.,-42.));
#976 = DIRECTION('',(1.,0.));
#977 = ( GEOMETRIC_REPRESENTATION_CONTEXT(2) 
PARAMETRIC_REPRESENTATION_CONTEXT() REPRESENTATION_CONTEXT('2D SPACE',''
  ) );
#978 = PCURVE('',#797,#979);
#979 = DEFINITIONAL_REPRESENTATION('',(#980),#984);
#980 = LINE('',#981,#982);
#981 = CARTESIAN_POINT('',(0.,12.));
#982 = VECTOR('',#983,1.);
#983 = DIRECTION('',(1.,0.));
#984 = ( GEOMETRIC_REPRESENTATION_CONTEXT(2) 
PARAMETRIC_REPRESENTATION_CONTEXT() REPRESENTATION_CONTEXT('2D SPACE',''
  ) );
#985 = ADVANCED_FACE('',(#986),#97,.T.);
#986 = FACE_BOUND('',#987,.F.);
#987 = EDGE_LOOP('',(#988,#989,#990,#1011));
#988 = ORIENTED_EDGE('',*,*,#82,.F.);
#989 = ORIENTED_EDGE('',*,*,#379,.T.);
#990 = ORIENTED_EDGE('',*,*,#991,.T.);
#991 = EDGE_CURVE('',#380,#992,#994,.T.);
#992 = VERTEX_POINT('',#993);
#993 = CARTESIAN_POINT('',(-87.,-42.,9.));
#994 = SURFACE_CURVE('',#995,(#999,#1005),.PCURVE_S1.);
#995 = LINE('',#996,#997);
#996 = CARTESIAN_POINT('',(-87.,-42.,9.));
#997 = VECTOR('',#998,1.);
#998 = DIRECTION('',(-2.945125962012E-16,-0.707106781187,-0.707106781187
    ));
#999 = PCURVE('',#97,#1000);
#1000 = DEFINITIONAL_REPRESENTATION('',(#1001),#1004);
#1001 = B_SPLINE_CURVE_WITH_KNOTS('',1,(#1002,#1003),.UNSPECIFIED.,.F.,
  .F.,(2,2),(-8.485281374239,0.),.PIECEWISE_BEZIER_KNOTS.);
#1002 = CARTESIAN_POINT('',(-1.570796326795,-6.));
#1003 = CARTESIAN_POINT('',(-1.570796326795,0.));
#1004 = ( GEOMETRIC_REPRESENTATION_CONTEXT(2) 
PARAMETRIC_REPRESENTATION_CONTEXT() REPRESENTATION_CONTEXT('2D SPACE',''
  ) );
#1005 = PCURVE('',#419,#1006);
#1006 = DEFINITIONAL_REPRESENTATION('',(#1007),#1010);
#1007 = B_SPLINE_CURVE_WITH_KNOTS('',1,(#1008,#1009),.UNSPECIFIED.,.F.,
  .F.,(2,2),(-8.485281374239,0.),.PIECEWISE_BEZIER_KNOTS.);
#1008 = CARTESIAN_POINT('',(0.,-4.242640687119));
#1009 = CARTESIAN_POINT('',(0.,4.242640687119));
#1010 = ( GEOMETRIC_REPRESENTATION_CONTEXT(2) 
PARAMETRIC_REPRESENTATION_CONTEXT() REPRESENTATION_CONTEXT('2D SPACE',''
  ) );
#1011 = ORIENTED_EDGE('',*,*,#1012,.F.);
#1012 = EDGE_CURVE('',#83,#992,#1013,.T.);
#1013 = SURFACE_CURVE('',#1014,(#1019,#1026),.PCURVE_S1.);
#1014 = CIRCLE('',#1015,10.);
#1015 = AXIS2_PLACEMENT_3D('',#1016,#1017,#1018);
#1016 = CARTESIAN_POINT('',(-87.,-32.,9.));
#1017 = DIRECTION('',(0.,0.,1.));
#1018 = DIRECTION('',(-1.,3.552713678801E-16,0.));
#1019 = PCURVE('',#97,#1020);
#1020 = DEFINITIONAL_REPRESENTATION('',(#1021),#1025);
#1021 = LINE('',#1022,#1023);
#1022 = CARTESIAN_POINT('',(-0.,0.));
#1023 = VECTOR('',#1024,1.);
#1024 = DIRECTION('',(-1.,0.));
#1025 = ( GEOMETRIC_REPRESENTATION_CONTEXT(2) 
PARAMETRIC_REPRESENTATION_CONTEXT() REPRESENTATION_CONTEXT('2D SPACE',''
  ) );
#1026 = PCURVE('',#929,#1027);
#1027 = DEFINITIONAL_REPRESENTATION('',(#1028),#1032);
#1028 = LINE('',#1029,#1030);
#1029 = CARTESIAN_POINT('',(0.,24.));
#1030 = VECTOR('',#1031,1.);
#1031 = DIRECTION('',(1.,0.));
#1032 = ( GEOMETRIC_REPRESENTATION_CONTEXT(2) 
PARAMETRIC_REPRESENTATION_CONTEXT() REPRESENTATION_CONTEXT('2D SPACE',''
  ) );
#1033 = ADVANCED_FACE('',(#1034),#233,.T.);
#1034 = FACE_BOUND('',#1035,.F.);
#1035 = EDGE_LOOP('',(#1036,#1057,#1058,#1059));
#1036 = ORIENTED_EDGE('',*,*,#1037,.F.);
#1037 = EDGE_CURVE('',#328,#1038,#1040,.T.);
#1038 = VERTEX_POINT('',#1039);
#1039 = CARTESIAN_POINT('',(-10.,42.,9.));
#1040 = SURFACE_CURVE('',#1041,(#1045,#1051),.PCURVE_S1.);
#1041 = LINE('',#1042,#1043);
#1042 = CARTESIAN_POINT('',(-10.,42.,9.));
#1043 = VECTOR('',#1044,1.);
#1044 = DIRECTION('',(4.329780281177E-17,0.707106781187,-0.707106781187)
  );
#1045 = PCURVE('',#233,#1046);
#1046 = DEFINITIONAL_REPRESENTATION('',(#1047),#1050);
#1047 = B_SPLINE_CURVE_WITH_KNOTS('',1,(#1048,#1049),.UNSPECIFIED.,.F.,
  .F.,(2,2),(-8.485281374239,0.),.PIECEWISE_BEZIER_KNOTS.);
#1048 = CARTESIAN_POINT('',(0.,-4.242640687119));
#1049 = CARTESIAN_POINT('',(0.,4.242640687119));
#1050 = ( GEOMETRIC_REPRESENTATION_CONTEXT(2) 
PARAMETRIC_REPRESENTATION_CONTEXT() REPRESENTATION_CONTEXT('2D SPACE',''
  ) );
#1051 = PCURVE('',#344,#1052);
#1052 = DEFINITIONAL_REPRESENTATION('',(#1053),#1056);
#1053 = B_SPLINE_CURVE_WITH_KNOTS('',1,(#1054,#1055),.UNSPECIFIED.,.F.,
  .F.,(2,2),(-8.485281374239,0.),.PIECEWISE_BEZIER_KNOTS.);
#1054 = CARTESIAN_POINT('',(-1.570796326795,-6.));
#1055 = CARTESIAN_POINT('',(-1.570796326795,0.));
#1056 = ( GEOMETRIC_REPRESENTATION_CONTEXT(2) 
PARAMETRIC_REPRESENTATION_CONTEXT() REPRESENTATION_CONTEXT('2D SPACE',''
  ) );
#1057 = ORIENTED_EDGE('',*,*,#356,.T.);
#1058 = ORIENTED_EDGE('',*,*,#216,.T.);
#1059 = ORIENTED_EDGE('',*,*,#1060,.F.);
#1060 = EDGE_CURVE('',#1038,#219,#1061,.T.);
#1061 = SURFACE_CURVE('',#1062,(#1066,#1073),.PCURVE_S1.);
#1062 = LINE('',#1063,#1064);
#1063 = CARTESIAN_POINT('',(-10.,42.,9.));
#1064 = VECTOR('',#1065,1.);
#1065 = DIRECTION('',(-1.,-0.,-0.));
#1066 = PCURVE('',#233,#1067);
#1067 = DEFINITIONAL_REPRESENTATION('',(#1068),#1072);
#1068 = LINE('',#1069,#1070);
#1069 = CARTESIAN_POINT('',(-0.,4.242640687119));
#1070 = VECTOR('',#1071,1.);
#1071 = DIRECTION('',(-1.,0.));
#1072 = ( GEOMETRIC_REPRESENTATION_CONTEXT(2) 
PARAMETRIC_REPRESENTATION_CONTEXT() REPRESENTATION_CONTEXT('2D SPACE',''
  ) );
#1073 = PCURVE('',#1074,#1079);
#1074 = PLANE('',#1075);
#1075 = AXIS2_PLACEMENT_3D('',#1076,#1077,#1078);
#1076 = CARTESIAN_POINT('',(-97.,42.,-15.));
#1077 = DIRECTION('',(0.,1.,0.));
#1078 = DIRECTION('',(0.,0.,1.));
#1079 = DEFINITIONAL_REPRESENTATION('',(#1080),#1084);
#1080 = LINE('',#1081,#1082);
#1081 = CARTESIAN_POINT('',(24.,87.));
#1082 = VECTOR('',#1083,1.);
#1083 = DIRECTION('',(-0.,-1.));
#1084 = ( GEOMETRIC_REPRESENTATION_CONTEXT(2) 
PARAMETRIC_REPRESENTATION_CONTEXT() REPRESENTATION_CONTEXT('2D SPACE',''
  ) );
#1085 = ADVANCED_FACE('',(#1086),#282,.T.);
#1086 = FACE_BOUND('',#1087,.F.);
#1087 = EDGE_LOOP('',(#1088,#1089,#1117,#1138));
#1088 = ORIENTED_EDGE('',*,*,#837,.F.);
#1089 = ORIENTED_EDGE('',*,*,#1090,.T.);
#1090 = EDGE_CURVE('',#810,#1091,#1093,.T.);
#1091 = VERTEX_POINT('',#1092);
#1092 = CARTESIAN_POINT('',(-87.,42.,-15.));
#1093 = SURFACE_CURVE('',#1094,(#1099,#1106),.PCURVE_S1.);
#1094 = CIRCLE('',#1095,10.);
#1095 = AXIS2_PLACEMENT_3D('',#1096,#1097,#1098);
#1096 = CARTESIAN_POINT('',(-87.,32.,-15.));
#1097 = DIRECTION('',(-0.,-0.,-1.));
#1098 = DIRECTION('',(0.,-1.,0.));
#1099 = PCURVE('',#282,#1100);
#1100 = DEFINITIONAL_REPRESENTATION('',(#1101),#1105);
#1101 = LINE('',#1102,#1103);
#1102 = CARTESIAN_POINT('',(1.570796326795,-0.));
#1103 = VECTOR('',#1104,1.);
#1104 = DIRECTION('',(-1.,0.));
#1105 = ( GEOMETRIC_REPRESENTATION_CONTEXT(2) 
PARAMETRIC_REPRESENTATION_CONTEXT() REPRESENTATION_CONTEXT('2D SPACE',''
  ) );
#1106 = PCURVE('',#825,#1107);
#1107 = DEFINITIONAL_REPRESENTATION('',(#1108),#1116);
#1108 = ( BOUNDED_CURVE() B_SPLINE_CURVE(2,(#1109,#1110,#1111,#1112,
#1113,#1114,#1115),.UNSPECIFIED.,.T.,.F.) B_SPLINE_CURVE_WITH_KNOTS((1,2
    ,2,2,2,1),(-2.094395102393,0.,2.094395102393,4.188790204786,
6.28318530718,8.377580409573),.UNSPECIFIED.) CURVE() 
GEOMETRIC_REPRESENTATION_ITEM() RATIONAL_B_SPLINE_CURVE((1.,0.5,1.,0.5,
1.,0.5,1.)) REPRESENTATION_ITEM('') );
#1109 = CARTESIAN_POINT('',(10.,64.));
#1110 = CARTESIAN_POINT('',(-7.320508075689,64.));
#1111 = CARTESIAN_POINT('',(1.339745962156,79.));
#1112 = CARTESIAN_POINT('',(10.,94.));
#1113 = CARTESIAN_POINT('',(18.660254037844,79.));
#1114 = CARTESIAN_POINT('',(27.320508075689,64.));
#1115 = CARTESIAN_POINT('',(10.,64.));
#1116 = ( GEOMETRIC_REPRESENTATION_CONTEXT(2) 
PARAMETRIC_REPRESENTATION_CONTEXT() REPRESENTATION_CONTEXT('2D SPACE',''
  ) );
#1117 = ORIENTED_EDGE('',*,*,#1118,.T.);
#1118 = EDGE_CURVE('',#1091,#219,#1119,.T.);
#1119 = SURFACE_CURVE('',#1120,(#1124,#1131),.PCURVE_S1.);
#1120 = LINE('',#1121,#1122);
#1121 = CARTESIAN_POINT('',(-87.,42.,-15.));
#1122 = VECTOR('',#1123,1.);
#1123 = DIRECTION('',(0.,0.,1.));
#1124 = PCURVE('',#282,#1125);
#1125 = DEFINITIONAL_REPRESENTATION('',(#1126),#1130);
#1126 = LINE('',#1127,#1128);
#1127 = CARTESIAN_POINT('',(-1.570796326795,0.));
#1128 = VECTOR('',#1129,1.);
#1129 = DIRECTION('',(-0.,1.));
#1130 = ( GEOMETRIC_REPRESENTATION_CONTEXT(2) 
PARAMETRIC_REPRESENTATION_CONTEXT() REPRESENTATION_CONTEXT('2D SPACE',''
  ) );
#1131 = PCURVE('',#1074,#1132);
#1132 = DEFINITIONAL_REPRESENTATION('',(#1133),#1137);
#1133 = LINE('',#1134,#1135);
#1134 = CARTESIAN_POINT('',(0.,10.));
#1135 = VECTOR('',#1136,1.);
#1136 = DIRECTION('',(1.,0.));
#1137 = ( GEOMETRIC_REPRESENTATION_CONTEXT(2) 
PARAMETRIC_REPRESENTATION_CONTEXT() REPRESENTATION_CONTEXT('2D SPACE',''
  ) );
#1138 = ORIENTED_EDGE('',*,*,#267,.T.);
#1139 = ADVANCED_FACE('',(#1140),#315,.T.);
#1140 = FACE_BOUND('',#1141,.F.);
#1141 = EDGE_LOOP('',(#1142,#1163,#1164,#1185,#1211,#1237,#1263,#1289,
    #1315,#1341));
#1142 = ORIENTED_EDGE('',*,*,#1143,.F.);
#1143 = EDGE_CURVE('',#298,#1144,#1146,.T.);
#1144 = VERTEX_POINT('',#1145);
#1145 = CARTESIAN_POINT('',(0.,-32.,9.));
#1146 = SURFACE_CURVE('',#1147,(#1151,#1157),.PCURVE_S1.);
#1147 = LINE('',#1148,#1149);
#1148 = CARTESIAN_POINT('',(-3.,-32.,12.));
#1149 = VECTOR('',#1150,1.);
#1150 = DIRECTION('',(0.707106781187,0.,-0.707106781187));
#1151 = PCURVE('',#315,#1152);
#1152 = DEFINITIONAL_REPRESENTATION('',(#1153),#1156);
#1153 = B_SPLINE_CURVE_WITH_KNOTS('',1,(#1154,#1155),.UNSPECIFIED.,.F.,
  .F.,(2,2),(-4.242640687119,4.242640687119),.PIECEWISE_BEZIER_KNOTS.);
#1154 = CARTESIAN_POINT('',(0.,-4.242640687119));
#1155 = CARTESIAN_POINT('',(0.,4.242640687119));
#1156 = ( GEOMETRIC_REPRESENTATION_CONTEXT(2) 
PARAMETRIC_REPRESENTATION_CONTEXT() REPRESENTATION_CONTEXT('2D SPACE',''
  ) );
#1157 = PCURVE('',#446,#1158);
#1158 = DEFINITIONAL_REPRESENTATION('',(#1159),#1162);
#1159 = B_SPLINE_CURVE_WITH_KNOTS('',1,(#1160,#1161),.UNSPECIFIED.,.F.,
  .F.,(2,2),(-4.242640687119,4.242640687119),.PIECEWISE_BEZIER_KNOTS.);
#1160 = CARTESIAN_POINT('',(-1.570796326795,-6.));
#1161 = CARTESIAN_POINT('',(-1.570796326795,6.280369834735E-16));
#1162 = ( GEOMETRIC_REPRESENTATION_CONTEXT(2) 
PARAMETRIC_REPRESENTATION_CONTEXT() REPRESENTATION_CONTEXT('2D SPACE',''
  ) );
#1163 = ORIENTED_EDGE('',*,*,#297,.T.);
#1164 = ORIENTED_EDGE('',*,*,#1165,.T.);
#1165 = EDGE_CURVE('',#300,#1166,#1168,.T.);
#1166 = VERTEX_POINT('',#1167);
#1167 = CARTESIAN_POINT('',(-0.343681451128,32.,9.343681451128));
#1168 = SURFACE_CURVE('',#1169,(#1173,#1179),.PCURVE_S1.);
#1169 = LINE('',#1170,#1171);
#1170 = CARTESIAN_POINT('',(-3.,32.,12.));
#1171 = VECTOR('',#1172,1.);
#1172 = DIRECTION('',(0.707106781187,0.,-0.707106781187));
#1173 = PCURVE('',#315,#1174);
#1174 = DEFINITIONAL_REPRESENTATION('',(#1175),#1178);
#1175 = B_SPLINE_CURVE_WITH_KNOTS('',1,(#1176,#1177),.UNSPECIFIED.,.F.,
  .F.,(2,2),(-4.242640687119,4.242640687119),.PIECEWISE_BEZIER_KNOTS.);
#1176 = CARTESIAN_POINT('',(-64.,-4.242640687119));
#1177 = CARTESIAN_POINT('',(-64.,4.242640687119));
#1178 = ( GEOMETRIC_REPRESENTATION_CONTEXT(2) 
PARAMETRIC_REPRESENTATION_CONTEXT() REPRESENTATION_CONTEXT('2D SPACE',''
  ) );
#1179 = PCURVE('',#344,#1180);
#1180 = DEFINITIONAL_REPRESENTATION('',(#1181),#1184);
#1181 = B_SPLINE_CURVE_WITH_KNOTS('',1,(#1182,#1183),.UNSPECIFIED.,.F.,
  .F.,(2,2),(-4.242640687119,4.242640687119),.PIECEWISE_BEZIER_KNOTS.);
#1182 = CARTESIAN_POINT('',(0.,-6.));
#1183 = CARTESIAN_POINT('',(0.,6.280369834735E-16));
#1184 = ( GEOMETRIC_REPRESENTATION_CONTEXT(2) 
PARAMETRIC_REPRESENTATION_CONTEXT() REPRESENTATION_CONTEXT('2D SPACE',''
  ) );
#1185 = ORIENTED_EDGE('',*,*,#1186,.F.);
#1186 = EDGE_CURVE('',#1187,#1166,#1189,.T.);
#1187 = VERTEX_POINT('',#1188);
#1188 = CARTESIAN_POINT('',(-0.343681451128,20.5,9.343681451128));
#1189 = SURFACE_CURVE('',#1190,(#1194,#1200),.PCURVE_S1.);
#1190 = LINE('',#1191,#1192);
#1191 = CARTESIAN_POINT('',(-0.343681451128,14.,9.343681451128));
#1192 = VECTOR('',#1193,1.);
#1193 = DIRECTION('',(0.,1.,0.));
#1194 = PCURVE('',#315,#1195);
#1195 = DEFINITIONAL_REPRESENTATION('',(#1196),#1199);
#1196 = B_SPLINE_CURVE_WITH_KNOTS('',1,(#1197,#1198),.UNSPECIFIED.,.F.,
  .F.,(2,2),(-5.999999999062E-07,23.0000006),.PIECEWISE_BEZIER_KNOTS.);
#1197 = CARTESIAN_POINT('',(-45.9999994,3.756601717798));
#1198 = CARTESIAN_POINT('',(-69.0000006,3.756601717798));
#1199 = ( GEOMETRIC_REPRESENTATION_CONTEXT(2) 
PARAMETRIC_REPRESENTATION_CONTEXT() REPRESENTATION_CONTEXT('2D SPACE',''
  ) );
#1200 = PCURVE('',#1201,#1206);
#1201 = CYLINDRICAL_SURFACE('',#1202,9.35);
#1202 = AXIS2_PLACEMENT_3D('',#1203,#1204,#1205);
#1203 = CARTESIAN_POINT('',(0.,14.,0.));
#1204 = DIRECTION('',(0.,1.,0.));
#1205 = DIRECTION('',(0.,-0.,1.));
#1206 = DEFINITIONAL_REPRESENTATION('',(#1207),#1210);
#1207 = B_SPLINE_CURVE_WITH_KNOTS('',1,(#1208,#1209),.UNSPECIFIED.,.F.,
  .F.,(2,2),(0.,18.),.PIECEWISE_BEZIER_KNOTS.);
#1208 = CARTESIAN_POINT('',(6.246419650515,0.));
#1209 = CARTESIAN_POINT('',(6.246419650515,18.));
#1210 = ( GEOMETRIC_REPRESENTATION_CONTEXT(2) 
PARAMETRIC_REPRESENTATION_CONTEXT() REPRESENTATION_CONTEXT('2D SPACE',''
  ) );
#1211 = ORIENTED_EDGE('',*,*,#1212,.F.);
#1212 = EDGE_CURVE('',#1213,#1187,#1215,.T.);
#1213 = VERTEX_POINT('',#1214);
#1214 = CARTESIAN_POINT('',(-0.862368879516,20.5,9.862368879516));
#1215 = SURFACE_CURVE('',#1216,(#1220,#1226),.PCURVE_S1.);
#1216 = LINE('',#1217,#1218);
#1217 = CARTESIAN_POINT('',(0.75,20.5,8.25));
#1218 = VECTOR('',#1219,1.);
#1219 = DIRECTION('',(0.707106781187,0.,-0.707106781187));
#1220 = PCURVE('',#315,#1221);
#1221 = DEFINITIONAL_REPRESENTATION('',(#1222),#1225);
#1222 = B_SPLINE_CURVE_WITH_KNOTS('',1,(#1223,#1224),.UNSPECIFIED.,.F.,
  .F.,(2,2),(-2.333452377916,-1.06066017178),.PIECEWISE_BEZIER_KNOTS.);
#1223 = CARTESIAN_POINT('',(-52.5,2.969848480983));
#1224 = CARTESIAN_POINT('',(-52.5,4.242640687119));
#1225 = ( GEOMETRIC_REPRESENTATION_CONTEXT(2) 
PARAMETRIC_REPRESENTATION_CONTEXT() REPRESENTATION_CONTEXT('2D SPACE',''
  ) );
#1226 = PCURVE('',#1227,#1232);
#1227 = PLANE('',#1228);
#1228 = AXIS2_PLACEMENT_3D('',#1229,#1230,#1231);
#1229 = CARTESIAN_POINT('',(0.,20.5,0.));
#1230 = DIRECTION('',(0.,1.,0.));
#1231 = DIRECTION('',(0.,-0.,1.));
#1232 = DEFINITIONAL_REPRESENTATION('',(#1233),#1236);
#1233 = B_SPLINE_CURVE_WITH_KNOTS('',1,(#1234,#1235),.UNSPECIFIED.,.F.,
  .F.,(2,2),(-2.333452377916,-1.06066017178),.PIECEWISE_BEZIER_KNOTS.);
#1234 = CARTESIAN_POINT('',(9.9,-0.9));
#1235 = CARTESIAN_POINT('',(9.,0.));
#1236 = ( GEOMETRIC_REPRESENTATION_CONTEXT(2) 
PARAMETRIC_REPRESENTATION_CONTEXT() REPRESENTATION_CONTEXT('2D SPACE',''
  ) );
#1237 = ORIENTED_EDGE('',*,*,#1238,.F.);
#1238 = EDGE_CURVE('',#1239,#1213,#1241,.T.);
#1239 = VERTEX_POINT('',#1240);
#1240 = CARTESIAN_POINT('',(-0.862368879516,-3.5,9.862368879516));
#1241 = SURFACE_CURVE('',#1242,(#1246,#1252),.PCURVE_S1.);
#1242 = LINE('',#1243,#1244);
#1243 = CARTESIAN_POINT('',(-0.862368879516,-3.5,9.862368879516));
#1244 = VECTOR('',#1245,1.);
#1245 = DIRECTION('',(0.,1.,0.));
#1246 = PCURVE('',#315,#1247);
#1247 = DEFINITIONAL_REPRESENTATION('',(#1248),#1251);
#1248 = B_SPLINE_CURVE_WITH_KNOTS('',1,(#1249,#1250),.UNSPECIFIED.,.F.,
  .F.,(2,2),(-5.999999999062E-07,24.0000006),.PIECEWISE_BEZIER_KNOTS.);
#1249 = CARTESIAN_POINT('',(-28.4999994,3.023066921939));
#1250 = CARTESIAN_POINT('',(-52.5000006,3.023066921939));
#1251 = ( GEOMETRIC_REPRESENTATION_CONTEXT(2) 
PARAMETRIC_REPRESENTATION_CONTEXT() REPRESENTATION_CONTEXT('2D SPACE',''
  ) );
#1252 = PCURVE('',#1253,#1258);
#1253 = CYLINDRICAL_SURFACE('',#1254,9.9);
#1254 = AXIS2_PLACEMENT_3D('',#1255,#1256,#1257);
#1255 = CARTESIAN_POINT('',(0.,-3.5,0.));
#1256 = DIRECTION('',(0.,1.,0.));
#1257 = DIRECTION('',(0.,-0.,1.));
#1258 = DEFINITIONAL_REPRESENTATION('',(#1259),#1262);
#1259 = B_SPLINE_CURVE_WITH_KNOTS('',1,(#1260,#1261),.UNSPECIFIED.,.F.,
  .F.,(2,2),(0.,24.),.PIECEWISE_BEZIER_KNOTS.);
#1260 = CARTESIAN_POINT('',(6.195966802092,0.));
#1261 = CARTESIAN_POINT('',(6.195966802092,24.));
#1262 = ( GEOMETRIC_REPRESENTATION_CONTEXT(2) 
PARAMETRIC_REPRESENTATION_CONTEXT() REPRESENTATION_CONTEXT('2D SPACE',''
  ) );
#1263 = ORIENTED_EDGE('',*,*,#1264,.T.);
#1264 = EDGE_CURVE('',#1239,#1265,#1267,.T.);
#1265 = VERTEX_POINT('',#1266);
#1266 = CARTESIAN_POINT('',(-0.343681451128,-3.5,9.343681451128));
#1267 = SURFACE_CURVE('',#1268,(#1272,#1278),.PCURVE_S1.);
#1268 = LINE('',#1269,#1270);
#1269 = CARTESIAN_POINT('',(0.75,-3.5,8.25));
#1270 = VECTOR('',#1271,1.);
#1271 = DIRECTION('',(0.707106781187,0.,-0.707106781187));
#1272 = PCURVE('',#315,#1273);
#1273 = DEFINITIONAL_REPRESENTATION('',(#1274),#1277);
#1274 = B_SPLINE_CURVE_WITH_KNOTS('',1,(#1275,#1276),.UNSPECIFIED.,.F.,
  .F.,(2,2),(-2.333452377916,-1.06066017178),.PIECEWISE_BEZIER_KNOTS.);
#1275 = CARTESIAN_POINT('',(-28.5,2.969848480983));
#1276 = CARTESIAN_POINT('',(-28.5,4.242640687119));
#1277 = ( GEOMETRIC_REPRESENTATION_CONTEXT(2) 
PARAMETRIC_REPRESENTATION_CONTEXT() REPRESENTATION_CONTEXT('2D SPACE',''
  ) );
#1278 = PCURVE('',#1279,#1284);
#1279 = PLANE('',#1280);
#1280 = AXIS2_PLACEMENT_3D('',#1281,#1282,#1283);
#1281 = CARTESIAN_POINT('',(0.,-3.5,0.));
#1282 = DIRECTION('',(0.,1.,0.));
#1283 = DIRECTION('',(0.,-0.,1.));
#1284 = DEFINITIONAL_REPRESENTATION('',(#1285),#1288);
#1285 = B_SPLINE_CURVE_WITH_KNOTS('',1,(#1286,#1287),.UNSPECIFIED.,.F.,
  .F.,(2,2),(-2.333452377916,-1.06066017178),.PIECEWISE_BEZIER_KNOTS.);
#1286 = CARTESIAN_POINT('',(9.9,-0.9));
#1287 = CARTESIAN_POINT('',(9.,0.));
#1288 = ( GEOMETRIC_REPRESENTATION_CONTEXT(2) 
PARAMETRIC_REPRESENTATION_CONTEXT() REPRESENTATION_CONTEXT('2D SPACE',''
  ) );
#1289 = ORIENTED_EDGE('',*,*,#1290,.F.);
#1290 = EDGE_CURVE('',#1291,#1265,#1293,.T.);
#1291 = VERTEX_POINT('',#1292);
#1292 = CARTESIAN_POINT('',(-0.343681451128,-20.,9.343681451128));
#1293 = SURFACE_CURVE('',#1294,(#1298,#1304),.PCURVE_S1.);
#1294 = LINE('',#1295,#1296);
#1295 = CARTESIAN_POINT('',(-0.343681451128,-20.,9.343681451128));
#1296 = VECTOR('',#1297,1.);
#1297 = DIRECTION('',(0.,1.,0.));
#1298 = PCURVE('',#315,#1299);
#1299 = DEFINITIONAL_REPRESENTATION('',(#1300),#1303);
#1300 = B_SPLINE_CURVE_WITH_KNOTS('',1,(#1301,#1302),.UNSPECIFIED.,.F.,
  .F.,(2,2),(-5.999999999062E-07,23.0000006),.PIECEWISE_BEZIER_KNOTS.);
#1301 = CARTESIAN_POINT('',(-11.9999994,3.756601717798));
#1302 = CARTESIAN_POINT('',(-35.0000006,3.756601717798));
#1303 = ( GEOMETRIC_REPRESENTATION_CONTEXT(2) 
PARAMETRIC_REPRESENTATION_CONTEXT() REPRESENTATION_CONTEXT('2D SPACE',''
  ) );
#1304 = PCURVE('',#1305,#1310);
#1305 = CYLINDRICAL_SURFACE('',#1306,9.35);
#1306 = AXIS2_PLACEMENT_3D('',#1307,#1308,#1309);
#1307 = CARTESIAN_POINT('',(0.,-20.,0.));
#1308 = DIRECTION('',(0.,1.,0.));
#1309 = DIRECTION('',(0.,-0.,1.));
#1310 = DEFINITIONAL_REPRESENTATION('',(#1311),#1314);
#1311 = B_SPLINE_CURVE_WITH_KNOTS('',1,(#1312,#1313),.UNSPECIFIED.,.F.,
  .F.,(2,2),(0.,16.5),.PIECEWISE_BEZIER_KNOTS.);
#1312 = CARTESIAN_POINT('',(6.246419650515,0.));
#1313 = CARTESIAN_POINT('',(6.246419650515,16.5));
#1314 = ( GEOMETRIC_REPRESENTATION_CONTEXT(2) 
PARAMETRIC_REPRESENTATION_CONTEXT() REPRESENTATION_CONTEXT('2D SPACE',''
  ) );
#1315 = ORIENTED_EDGE('',*,*,#1316,.T.);
#1316 = EDGE_CURVE('',#1291,#1317,#1319,.T.);
#1317 = VERTEX_POINT('',#1318);
#1318 = CARTESIAN_POINT('',(0.,-20.,9.));
#1319 = SURFACE_CURVE('',#1320,(#1324,#1330),.PCURVE_S1.);
#1320 = LINE('',#1321,#1322);
#1321 = CARTESIAN_POINT('',(0.75,-20.,8.25));
#1322 = VECTOR('',#1323,1.);
#1323 = DIRECTION('',(0.707106781187,0.,-0.707106781187));
#1324 = PCURVE('',#315,#1325);
#1325 = DEFINITIONAL_REPRESENTATION('',(#1326),#1329);
#1326 = B_SPLINE_CURVE_WITH_KNOTS('',1,(#1327,#1328),.UNSPECIFIED.,.F.,
  .F.,(2,2),(-1.55563491861,-1.06066017178),.PIECEWISE_BEZIER_KNOTS.);
#1327 = CARTESIAN_POINT('',(-12.,3.747665940289));
#1328 = CARTESIAN_POINT('',(-12.,4.242640687119));
#1329 = ( GEOMETRIC_REPRESENTATION_CONTEXT(2) 
PARAMETRIC_REPRESENTATION_CONTEXT() REPRESENTATION_CONTEXT('2D SPACE',''
  ) );
#1330 = PCURVE('',#1331,#1336);
#1331 = PLANE('',#1332);
#1332 = AXIS2_PLACEMENT_3D('',#1333,#1334,#1335);
#1333 = CARTESIAN_POINT('',(0.,-20.,0.));
#1334 = DIRECTION('',(0.,1.,0.));
#1335 = DIRECTION('',(0.,-0.,1.));
#1336 = DEFINITIONAL_REPRESENTATION('',(#1337),#1340);
#1337 = B_SPLINE_CURVE_WITH_KNOTS('',1,(#1338,#1339),.UNSPECIFIED.,.F.,
  .F.,(2,2),(-1.55563491861,-1.06066017178),.PIECEWISE_BEZIER_KNOTS.);
#1338 = CARTESIAN_POINT('',(9.35,-0.35));
#1339 = CARTESIAN_POINT('',(9.,0.));
#1340 = ( GEOMETRIC_REPRESENTATION_CONTEXT(2) 
PARAMETRIC_REPRESENTATION_CONTEXT() REPRESENTATION_CONTEXT('2D SPACE',''
  ) );
#1341 = ORIENTED_EDGE('',*,*,#1342,.F.);
#1342 = EDGE_CURVE('',#1144,#1317,#1343,.T.);
#1343 = SURFACE_CURVE('',#1344,(#1348,#1355),.PCURVE_S1.);
#1344 = LINE('',#1345,#1346);
#1345 = CARTESIAN_POINT('',(0.,-32.,9.));
#1346 = VECTOR('',#1347,1.);
#1347 = DIRECTION('',(0.,1.,0.));
#1348 = PCURVE('',#315,#1349);
#1349 = DEFINITIONAL_REPRESENTATION('',(#1350),#1354);
#1350 = LINE('',#1351,#1352);
#1351 = CARTESIAN_POINT('',(-0.,4.242640687119));
#1352 = VECTOR('',#1353,1.);
#1353 = DIRECTION('',(-1.,0.));
#1354 = ( GEOMETRIC_REPRESENTATION_CONTEXT(2) 
PARAMETRIC_REPRESENTATION_CONTEXT() REPRESENTATION_CONTEXT('2D SPACE',''
  ) );
#1355 = PCURVE('',#1356,#1361);
#1356 = PLANE('',#1357);
#1357 = AXIS2_PLACEMENT_3D('',#1358,#1359,#1360);
#1358 = CARTESIAN_POINT('',(0.,-42.,-15.));
#1359 = DIRECTION('',(1.,0.,0.));
#1360 = DIRECTION('',(0.,0.,1.));
#1361 = DEFINITIONAL_REPRESENTATION('',(#1362),#1366);
#1362 = LINE('',#1363,#1364);
#1363 = CARTESIAN_POINT('',(24.,-10.));
#1364 = VECTOR('',#1365,1.);
#1365 = DIRECTION('',(0.,-1.));
#1366 = ( GEOMETRIC_REPRESENTATION_CONTEXT(2) 
PARAMETRIC_REPRESENTATION_CONTEXT() REPRESENTATION_CONTEXT('2D SPACE',''
  ) );
#1367 = ADVANCED_FACE('',(#1368),#446,.T.);
#1368 = FACE_BOUND('',#1369,.F.);
#1369 = EDGE_LOOP('',(#1370,#1391,#1392,#1393));
#1370 = ORIENTED_EDGE('',*,*,#1371,.F.);
#1371 = EDGE_CURVE('',#404,#1372,#1374,.T.);
#1372 = VERTEX_POINT('',#1373);
#1373 = CARTESIAN_POINT('',(-10.,-42.,9.));
#1374 = SURFACE_CURVE('',#1375,(#1379,#1385),.PCURVE_S1.);
#1375 = LINE('',#1376,#1377);
#1376 = CARTESIAN_POINT('',(-10.,-39.,12.));
#1377 = VECTOR('',#1378,1.);
#1378 = DIRECTION('',(0.,-0.707106781187,-0.707106781187));
#1379 = PCURVE('',#446,#1380);
#1380 = DEFINITIONAL_REPRESENTATION('',(#1381),#1384);
#1381 = B_SPLINE_CURVE_WITH_KNOTS('',1,(#1382,#1383),.UNSPECIFIED.,.F.,
  .F.,(2,2),(-4.242640687119,4.242640687119),.PIECEWISE_BEZIER_KNOTS.);
#1382 = CARTESIAN_POINT('',(2.22044604925E-16,-6.));
#1383 = CARTESIAN_POINT('',(2.22044604925E-16,-1.256073966947E-15));
#1384 = ( GEOMETRIC_REPRESENTATION_CONTEXT(2) 
PARAMETRIC_REPRESENTATION_CONTEXT() REPRESENTATION_CONTEXT('2D SPACE',''
  ) );
#1385 = PCURVE('',#419,#1386);
#1386 = DEFINITIONAL_REPRESENTATION('',(#1387),#1390);
#1387 = B_SPLINE_CURVE_WITH_KNOTS('',1,(#1388,#1389),.UNSPECIFIED.,.F.,
  .F.,(2,2),(-4.242640687119,4.242640687119),.PIECEWISE_BEZIER_KNOTS.);
#1388 = CARTESIAN_POINT('',(77.,-4.242640687119));
#1389 = CARTESIAN_POINT('',(77.,4.242640687119));
#1390 = ( GEOMETRIC_REPRESENTATION_CONTEXT(2) 
PARAMETRIC_REPRESENTATION_CONTEXT() REPRESENTATION_CONTEXT('2D SPACE',''
  ) );
#1391 = ORIENTED_EDGE('',*,*,#431,.T.);
#1392 = ORIENTED_EDGE('',*,*,#1143,.T.);
#1393 = ORIENTED_EDGE('',*,*,#1394,.F.);
#1394 = EDGE_CURVE('',#1372,#1144,#1395,.T.);
#1395 = SURFACE_CURVE('',#1396,(#1401,#1408),.PCURVE_S1.);
#1396 = CIRCLE('',#1397,10.);
#1397 = AXIS2_PLACEMENT_3D('',#1398,#1399,#1400);
#1398 = CARTESIAN_POINT('',(-10.,-32.,9.));
#1399 = DIRECTION('',(0.,0.,1.));
#1400 = DIRECTION('',(3.552713678801E-16,-1.,0.));
#1401 = PCURVE('',#446,#1402);
#1402 = DEFINITIONAL_REPRESENTATION('',(#1403),#1407);
#1403 = LINE('',#1404,#1405);
#1404 = CARTESIAN_POINT('',(-0.,0.));
#1405 = VECTOR('',#1406,1.);
#1406 = DIRECTION('',(-1.,0.));
#1407 = ( GEOMETRIC_REPRESENTATION_CONTEXT(2) 
PARAMETRIC_REPRESENTATION_CONTEXT() REPRESENTATION_CONTEXT('2D SPACE',''
  ) );
#1408 = PCURVE('',#1409,#1414);
#1409 = CYLINDRICAL_SURFACE('',#1410,10.);
#1410 = AXIS2_PLACEMENT_3D('',#1411,#1412,#1413);
#1411 = CARTESIAN_POINT('',(-10.,-32.,-15.));
#1412 = DIRECTION('',(0.,0.,1.));
#1413 = DIRECTION('',(1.,0.,-0.));
#1414 = DEFINITIONAL_REPRESENTATION('',(#1415),#1419);
#1415 = LINE('',#1416,#1417);
#1416 = CARTESIAN_POINT('',(-1.570796326795,24.));
#1417 = VECTOR('',#1418,1.);
#1418 = DIRECTION('',(1.,-0.));
#1419 = ( GEOMETRIC_REPRESENTATION_CONTEXT(2) 
PARAMETRIC_REPRESENTATION_CONTEXT() REPRESENTATION_CONTEXT('2D SPACE',''
  ) );
#1420 = ADVANCED_FACE('',(#1421),#344,.T.);
#1421 = FACE_BOUND('',#1422,.F.);
#1422 = EDGE_LOOP('',(#1423,#1424,#1425,#1426,#1455,#1487));
#1423 = ORIENTED_EDGE('',*,*,#1165,.F.);
#1424 = ORIENTED_EDGE('',*,*,#327,.T.);
#1425 = ORIENTED_EDGE('',*,*,#1037,.T.);
#1426 = ORIENTED_EDGE('',*,*,#1427,.F.);
#1427 = EDGE_CURVE('',#1428,#1038,#1430,.T.);
#1428 = VERTEX_POINT('',#1429);
#1429 = CARTESIAN_POINT('',(-1.339745962156,37.,9.));
#1430 = SURFACE_CURVE('',#1431,(#1436,#1443),.PCURVE_S1.);
#1431 = CIRCLE('',#1432,10.);
#1432 = AXIS2_PLACEMENT_3D('',#1433,#1434,#1435);
#1433 = CARTESIAN_POINT('',(-10.,32.,9.));
#1434 = DIRECTION('',(0.,0.,1.));
#1435 = DIRECTION('',(1.,0.,-0.));
#1436 = PCURVE('',#344,#1437);
#1437 = DEFINITIONAL_REPRESENTATION('',(#1438),#1442);
#1438 = LINE('',#1439,#1440);
#1439 = CARTESIAN_POINT('',(-0.,0.));
#1440 = VECTOR('',#1441,1.);
#1441 = DIRECTION('',(-1.,0.));
#1442 = ( GEOMETRIC_REPRESENTATION_CONTEXT(2) 
PARAMETRIC_REPRESENTATION_CONTEXT() REPRESENTATION_CONTEXT('2D SPACE',''
  ) );
#1443 = PCURVE('',#1444,#1449);
#1444 = CYLINDRICAL_SURFACE('',#1445,10.);
#1445 = AXIS2_PLACEMENT_3D('',#1446,#1447,#1448);
#1446 = CARTESIAN_POINT('',(-10.,32.,-15.));
#1447 = DIRECTION('',(0.,0.,1.));
#1448 = DIRECTION('',(1.,0.,-0.));
#1449 = DEFINITIONAL_REPRESENTATION('',(#1450),#1454);
#1450 = LINE('',#1451,#1452);
#1451 = CARTESIAN_POINT('',(0.,24.));
#1452 = VECTOR('',#1453,1.);
#1453 = DIRECTION('',(1.,0.));
#1454 = ( GEOMETRIC_REPRESENTATION_CONTEXT(2) 
PARAMETRIC_REPRESENTATION_CONTEXT() REPRESENTATION_CONTEXT('2D SPACE',''
  ) );
#1455 = ORIENTED_EDGE('',*,*,#1456,.T.);
#1456 = EDGE_CURVE('',#1428,#1457,#1459,.T.);
#1457 = VERTEX_POINT('',#1458);
#1458 = CARTESIAN_POINT('',(-1.58795502817,37.,9.214168374222));
#1459 = SURFACE_CURVE('',#1460,(#1465,#1475),.PCURVE_S1.);
#1460 = HYPERBOLA('',#1461,5.,5.);
#1461 = AXIS2_PLACEMENT_3D('',#1462,#1463,#1464);
#1462 = CARTESIAN_POINT('',(-10.,37.,19.));
#1463 = DIRECTION('',(0.,1.,0.));
#1464 = DIRECTION('',(0.,0.,-1.));
#1465 = PCURVE('',#344,#1466);
#1466 = DEFINITIONAL_REPRESENTATION('',(#1467),#1474);
#1467 = B_SPLINE_CURVE_WITH_KNOTS('',5,(#1468,#1469,#1470,#1471,#1472,
    #1473),.UNSPECIFIED.,.F.,.F.,(6,6),(-1.316957896925,-1.01091489042),
  .PIECEWISE_BEZIER_KNOTS.);
#1468 = CARTESIAN_POINT('',(-0.523598775598,0.));
#1469 = CARTESIAN_POINT('',(-0.554203076249,-0.530082036568));
#1470 = CARTESIAN_POINT('',(-0.586835294046,-1.01333313513));
#1471 = CARTESIAN_POINT('',(-0.621614413048,-1.453889214016));
#1472 = CARTESIAN_POINT('',(-0.658645631644,-1.855161820258));
#1473 = CARTESIAN_POINT('',(-0.69798277901,-2.22));
#1474 = ( GEOMETRIC_REPRESENTATION_CONTEXT(2) 
PARAMETRIC_REPRESENTATION_CONTEXT() REPRESENTATION_CONTEXT('2D SPACE',''
  ) );
#1475 = PCURVE('',#1476,#1481);
#1476 = PLANE('',#1477);
#1477 = AXIS2_PLACEMENT_3D('',#1478,#1479,#1480);
#1478 = CARTESIAN_POINT('',(0.,37.,0.));
#1479 = DIRECTION('',(0.,1.,0.));
#1480 = DIRECTION('',(0.,-0.,1.));
#1481 = DEFINITIONAL_REPRESENTATION('',(#1482),#1486);
#1482 = ( BOUNDED_CURVE() B_SPLINE_CURVE(2,(#1483,#1484,#1485),
.UNSPECIFIED.,.F.,.F.) B_SPLINE_CURVE_WITH_KNOTS((3,3),(-1.316957896925,
-1.01091489042),.PIECEWISE_BEZIER_KNOTS.) CURVE() 
GEOMETRIC_REPRESENTATION_ITEM() RATIONAL_B_SPLINE_CURVE((1.,
1.01173065346,1.)) REPRESENTATION_ITEM('') );
#1483 = CARTESIAN_POINT('',(9.,-1.339745962156));
#1484 = CARTESIAN_POINT('',(10.314957579161,-2.858128186759));
#1485 = CARTESIAN_POINT('',(11.22,-4.0394295575));
#1486 = ( GEOMETRIC_REPRESENTATION_CONTEXT(2) 
PARAMETRIC_REPRESENTATION_CONTEXT() REPRESENTATION_CONTEXT('2D SPACE',''
  ) );
#1487 = ORIENTED_EDGE('',*,*,#1488,.F.);
#1488 = EDGE_CURVE('',#1166,#1457,#1489,.T.);
#1489 = SURFACE_CURVE('',#1490,(#1499,#1511),.PCURVE_S1.);
#1490 = B_SPLINE_CURVE_WITH_KNOTS('',7,(#1491,#1492,#1493,#1494,#1495,
    #1496,#1497,#1498),.UNSPECIFIED.,.F.,.F.,(8,8),(0.,1.),
  .PIECEWISE_BEZIER_KNOTS.);
#1491 = CARTESIAN_POINT('',(-0.343681451128,32.,9.343681451128));
#1492 = CARTESIAN_POINT('',(-0.343681451128,32.730876193064,
    9.343681451128));
#1493 = CARTESIAN_POINT('',(-0.405928933554,33.460639165007,
    9.341389952285));
#1494 = CARTESIAN_POINT('',(-0.530091202915,34.18667635848,
    9.336828232703));
#1495 = CARTESIAN_POINT('',(-0.714389593949,34.90631191361,
    9.327426955741));
#1496 = CARTESIAN_POINT('',(-0.95559747574,35.616780553306,
    9.308169121922));
#1497 = CARTESIAN_POINT('',(-1.249006932355,36.315425286636,
    9.272582157741));
#1498 = CARTESIAN_POINT('',(-1.587955325244,37.0000006,9.214168323025));
#1499 = PCURVE('',#344,#1500);
#1500 = DEFINITIONAL_REPRESENTATION('',(#1501),#1510);
#1501 = B_SPLINE_CURVE_WITH_KNOTS('',7,(#1502,#1503,#1504,#1505,#1506,
    #1507,#1508,#1509),.UNSPECIFIED.,.F.,.F.,(8,8),(0.,1.),
  .PIECEWISE_BEZIER_KNOTS.);
#1502 = CARTESIAN_POINT('',(0.,-0.343681451128));
#1503 = CARTESIAN_POINT('',(-7.568890663303E-02,-0.343681451128));
#1504 = CARTESIAN_POINT('',(-0.151262082949,-0.341389952285));
#1505 = CARTESIAN_POINT('',(-0.227084064192,-0.336828232703));
#1506 = CARTESIAN_POINT('',(-0.30349660733,-0.327426955741));
#1507 = CARTESIAN_POINT('',(-0.380674264267,-0.308169121922));
#1508 = CARTESIAN_POINT('',(-0.458448899438,-0.272582157741));
#1509 = CARTESIAN_POINT('',(-0.536281246774,-0.214168323025));
#1510 = ( GEOMETRIC_REPRESENTATION_CONTEXT(2) 
PARAMETRIC_REPRESENTATION_CONTEXT() REPRESENTATION_CONTEXT('2D SPACE',''
  ) );
#1511 = PCURVE('',#1201,#1512);
#1512 = DEFINITIONAL_REPRESENTATION('',(#1513),#1522);
#1513 = B_SPLINE_CURVE_WITH_KNOTS('',7,(#1514,#1515,#1516,#1517,#1518,
    #1519,#1520,#1521),.UNSPECIFIED.,.F.,.F.,(8,8),(0.,0.999999874792),
  .PIECEWISE_BEZIER_KNOTS.);
#1514 = CARTESIAN_POINT('',(6.246419650515,18.));
#1515 = CARTESIAN_POINT('',(6.246419650515,18.730876101553));
#1516 = CARTESIAN_POINT('',(6.239757542676,19.460638982263));
#1517 = CARTESIAN_POINT('',(6.226469598336,20.186676085763));
#1518 = CARTESIAN_POINT('',(6.206734064424,20.906311553194));
#1519 = CARTESIAN_POINT('',(6.180880075534,21.616780108524));
#1520 = CARTESIAN_POINT('',(6.149308871003,22.315424761781));
#1521 = CARTESIAN_POINT('',(6.112523313971,23.));
#1522 = ( GEOMETRIC_REPRESENTATION_CONTEXT(2) 
PARAMETRIC_REPRESENTATION_CONTEXT() REPRESENTATION_CONTEXT('2D SPACE',''
  ) );
#1523 = ADVANCED_FACE('',(#1524),#419,.F.);
#1524 = FACE_BOUND('',#1525,.F.);
#1525 = EDGE_LOOP('',(#1526,#1527,#1528,#1529));
#1526 = ORIENTED_EDGE('',*,*,#991,.F.);
#1527 = ORIENTED_EDGE('',*,*,#403,.T.);
#1528 = ORIENTED_EDGE('',*,*,#1371,.T.);
#1529 = ORIENTED_EDGE('',*,*,#1530,.F.);
#1530 = EDGE_CURVE('',#992,#1372,#1531,.T.);
#1531 = SURFACE_CURVE('',#1532,(#1536,#1543),.PCURVE_S1.);
#1532 = LINE('',#1533,#1534);
#1533 = CARTESIAN_POINT('',(-87.,-42.,9.));
#1534 = VECTOR('',#1535,1.);
#1535 = DIRECTION('',(1.,0.,0.));
#1536 = PCURVE('',#419,#1537);
#1537 = DEFINITIONAL_REPRESENTATION('',(#1538),#1542);
#1538 = LINE('',#1539,#1540);
#1539 = CARTESIAN_POINT('',(0.,4.242640687119));
#1540 = VECTOR('',#1541,1.);
#1541 = DIRECTION('',(1.,0.));
#1542 = ( GEOMETRIC_REPRESENTATION_CONTEXT(2) 
PARAMETRIC_REPRESENTATION_CONTEXT() REPRESENTATION_CONTEXT('2D SPACE',''
  ) );
#1543 = PCURVE('',#1544,#1549);
#1544 = PLANE('',#1545);
#1545 = AXIS2_PLACEMENT_3D('',#1546,#1547,#1548);
#1546 = CARTESIAN_POINT('',(-97.,-42.,-15.));
#1547 = DIRECTION('',(0.,1.,0.));
#1548 = DIRECTION('',(0.,0.,1.));
#1549 = DEFINITIONAL_REPRESENTATION('',(#1550),#1554);
#1550 = LINE('',#1551,#1552);
#1551 = CARTESIAN_POINT('',(24.,10.));
#1552 = VECTOR('',#1553,1.);
#1553 = DIRECTION('',(0.,1.));
#1554 = ( GEOMETRIC_REPRESENTATION_CONTEXT(2) 
PARAMETRIC_REPRESENTATION_CONTEXT() REPRESENTATION_CONTEXT('2D SPACE',''
  ) );
#1555 = ADVANCED_FACE('',(#1556),#477,.F.);
#1556 = FACE_BOUND('',#1557,.F.);
#1557 = EDGE_LOOP('',(#1558,#1582,#1583,#1607));
#1558 = ORIENTED_EDGE('',*,*,#1559,.T.);
#1559 = EDGE_CURVE('',#1560,#463,#1562,.T.);
#1560 = VERTEX_POINT('',#1561);
#1561 = CARTESIAN_POINT('',(-38.82875655532,-14.,-15.));
#1562 = SURFACE_CURVE('',#1563,(#1568,#1575),.PCURVE_S1.);
#1563 = CIRCLE('',#1564,20.);
#1564 = AXIS2_PLACEMENT_3D('',#1565,#1566,#1567);
#1565 = CARTESIAN_POINT('',(-25.6,-14.,0.));
#1566 = DIRECTION('',(0.,1.,0.));
#1567 = DIRECTION('',(0.,-0.,1.));
#1568 = PCURVE('',#477,#1569);
#1569 = DEFINITIONAL_REPRESENTATION('',(#1570),#1574);
#1570 = CIRCLE('',#1571,20.);
#1571 = AXIS2_PLACEMENT_2D('',#1572,#1573);
#1572 = CARTESIAN_POINT('',(0.,0.));
#1573 = DIRECTION('',(1.,0.));
#1574 = ( GEOMETRIC_REPRESENTATION_CONTEXT(2) 
PARAMETRIC_REPRESENTATION_CONTEXT() REPRESENTATION_CONTEXT('2D SPACE',''
  ) );
#1575 = PCURVE('',#765,#1576);
#1576 = DEFINITIONAL_REPRESENTATION('',(#1577),#1581);
#1577 = LINE('',#1578,#1579);
#1578 = CARTESIAN_POINT('',(0.,20.));
#1579 = VECTOR('',#1580,1.);
#1580 = DIRECTION('',(1.,0.));
#1581 = ( GEOMETRIC_REPRESENTATION_CONTEXT(2) 
PARAMETRIC_REPRESENTATION_CONTEXT() REPRESENTATION_CONTEXT('2D SPACE',''
  ) );
#1582 = ORIENTED_EDGE('',*,*,#460,.F.);
#1583 = ORIENTED_EDGE('',*,*,#1584,.F.);
#1584 = EDGE_CURVE('',#1585,#461,#1587,.T.);
#1585 = VERTEX_POINT('',#1586);
#1586 = CARTESIAN_POINT('',(-36.50375655532,-14.,-15.));
#1587 = SURFACE_CURVE('',#1588,(#1593,#1600),.PCURVE_S1.);
#1588 = CIRCLE('',#1589,20.);
#1589 = AXIS2_PLACEMENT_3D('',#1590,#1591,#1592);
#1590 = CARTESIAN_POINT('',(-23.275,-14.,0.));
#1591 = DIRECTION('',(0.,1.,0.));
#1592 = DIRECTION('',(0.,-0.,1.));
#1593 = PCURVE('',#477,#1594);
#1594 = DEFINITIONAL_REPRESENTATION('',(#1595),#1599);
#1595 = CIRCLE('',#1596,20.);
#1596 = AXIS2_PLACEMENT_2D('',#1597,#1598);
#1597 = CARTESIAN_POINT('',(0.,2.325));
#1598 = DIRECTION('',(1.,0.));
#1599 = ( GEOMETRIC_REPRESENTATION_CONTEXT(2) 
PARAMETRIC_REPRESENTATION_CONTEXT() REPRESENTATION_CONTEXT('2D SPACE',''
  ) );
#1600 = PCURVE('',#504,#1601);
#1601 = DEFINITIONAL_REPRESENTATION('',(#1602),#1606);
#1602 = LINE('',#1603,#1604);
#1603 = CARTESIAN_POINT('',(0.,-12.5));
#1604 = VECTOR('',#1605,1.);
#1605 = DIRECTION('',(1.,0.));
#1606 = ( GEOMETRIC_REPRESENTATION_CONTEXT(2) 
PARAMETRIC_REPRESENTATION_CONTEXT() REPRESENTATION_CONTEXT('2D SPACE',''
  ) );
#1607 = ORIENTED_EDGE('',*,*,#1608,.T.);
#1608 = EDGE_CURVE('',#1585,#1560,#1609,.T.);
#1609 = SURFACE_CURVE('',#1610,(#1614,#1620),.PCURVE_S1.);
#1610 = LINE('',#1611,#1612);
#1611 = CARTESIAN_POINT('',(-61.3,-14.,-15.));
#1612 = VECTOR('',#1613,1.);
#1613 = DIRECTION('',(-1.,0.,0.));
#1614 = PCURVE('',#477,#1615);
#1615 = DEFINITIONAL_REPRESENTATION('',(#1616),#1619);
#1616 = B_SPLINE_CURVE_WITH_KNOTS('',1,(#1617,#1618),.UNSPECIFIED.,.F.,
  .F.,(2,2),(-55.7,-15.7),.PIECEWISE_BEZIER_KNOTS.);
#1617 = CARTESIAN_POINT('',(-15.,20.));
#1618 = CARTESIAN_POINT('',(-15.,-20.));
#1619 = ( GEOMETRIC_REPRESENTATION_CONTEXT(2) 
PARAMETRIC_REPRESENTATION_CONTEXT() REPRESENTATION_CONTEXT('2D SPACE',''
  ) );
#1620 = PCURVE('',#825,#1621);
#1621 = DEFINITIONAL_REPRESENTATION('',(#1622),#1625);
#1622 = B_SPLINE_CURVE_WITH_KNOTS('',1,(#1623,#1624),.UNSPECIFIED.,.F.,
  .F.,(2,2),(-55.7,-15.7),.PIECEWISE_BEZIER_KNOTS.);
#1623 = CARTESIAN_POINT('',(91.4,28.));
#1624 = CARTESIAN_POINT('',(51.4,28.));
#1625 = ( GEOMETRIC_REPRESENTATION_CONTEXT(2) 
PARAMETRIC_REPRESENTATION_CONTEXT() REPRESENTATION_CONTEXT('2D SPACE',''
  ) );
#1626 = ADVANCED_FACE('',(#1627),#765,.F.);
#1627 = FACE_BOUND('',#1628,.F.);
#1628 = EDGE_LOOP('',(#1629,#1630,#1631,#1652));
#1629 = ORIENTED_EDGE('',*,*,#752,.T.);
#1630 = ORIENTED_EDGE('',*,*,#1559,.F.);
#1631 = ORIENTED_EDGE('',*,*,#1632,.F.);
#1632 = EDGE_CURVE('',#1633,#1560,#1635,.T.);
#1633 = VERTEX_POINT('',#1634);
#1634 = CARTESIAN_POINT('',(-38.82875655532,-34.,-15.));
#1635 = SURFACE_CURVE('',#1636,(#1640,#1646),.PCURVE_S1.);
#1636 = LINE('',#1637,#1638);
#1637 = CARTESIAN_POINT('',(-38.82875655532,-34.,-15.));
#1638 = VECTOR('',#1639,1.);
#1639 = DIRECTION('',(0.,1.,0.));
#1640 = PCURVE('',#765,#1641);
#1641 = DEFINITIONAL_REPRESENTATION('',(#1642),#1645);
#1642 = B_SPLINE_CURVE_WITH_KNOTS('',1,(#1643,#1644),.UNSPECIFIED.,.F.,
  .F.,(2,2),(-5.999999999062E-07,20.0000006),.PIECEWISE_BEZIER_KNOTS.);
#1643 = CARTESIAN_POINT('',(3.864326901403,-5.999999999062E-07));
#1644 = CARTESIAN_POINT('',(3.864326901403,20.0000006));
#1645 = ( GEOMETRIC_REPRESENTATION_CONTEXT(2) 
PARAMETRIC_REPRESENTATION_CONTEXT() REPRESENTATION_CONTEXT('2D SPACE',''
  ) );
#1646 = PCURVE('',#825,#1647);
#1647 = DEFINITIONAL_REPRESENTATION('',(#1648),#1651);
#1648 = B_SPLINE_CURVE_WITH_KNOTS('',1,(#1649,#1650),.UNSPECIFIED.,.F.,
  .F.,(2,2),(-5.999999999062E-07,20.0000006),.PIECEWISE_BEZIER_KNOTS.);
#1649 = CARTESIAN_POINT('',(58.171243444677,7.9999994));
#1650 = CARTESIAN_POINT('',(58.171243444677,28.0000006));
#1651 = ( GEOMETRIC_REPRESENTATION_CONTEXT(2) 
PARAMETRIC_REPRESENTATION_CONTEXT() REPRESENTATION_CONTEXT('2D SPACE',''
  ) );
#1652 = ORIENTED_EDGE('',*,*,#1653,.T.);
#1653 = EDGE_CURVE('',#1633,#727,#1654,.T.);
#1654 = SURFACE_CURVE('',#1655,(#1660,#1667),.PCURVE_S1.);
#1655 = CIRCLE('',#1656,20.);
#1656 = AXIS2_PLACEMENT_3D('',#1657,#1658,#1659);
#1657 = CARTESIAN_POINT('',(-25.6,-34.,0.));
#1658 = DIRECTION('',(0.,1.,0.));
#1659 = DIRECTION('',(0.,-0.,1.));
#1660 = PCURVE('',#765,#1661);
#1661 = DEFINITIONAL_REPRESENTATION('',(#1662),#1666);
#1662 = LINE('',#1663,#1664);
#1663 = CARTESIAN_POINT('',(0.,0.));
#1664 = VECTOR('',#1665,1.);
#1665 = DIRECTION('',(1.,0.));
#1666 = ( GEOMETRIC_REPRESENTATION_CONTEXT(2) 
PARAMETRIC_REPRESENTATION_CONTEXT() REPRESENTATION_CONTEXT('2D SPACE',''
  ) );
#1667 = PCURVE('',#741,#1668);
#1668 = DEFINITIONAL_REPRESENTATION('',(#1669),#1673);
#1669 = CIRCLE('',#1670,20.);
#1670 = AXIS2_PLACEMENT_2D('',#1671,#1672);
#1671 = CARTESIAN_POINT('',(0.,0.));
#1672 = DIRECTION('',(1.,0.));
#1673 = ( GEOMETRIC_REPRESENTATION_CONTEXT(2) 
PARAMETRIC_REPRESENTATION_CONTEXT() REPRESENTATION_CONTEXT('2D SPACE',''
  ) );
#1674 = ADVANCED_FACE('',(#1675),#741,.T.);
#1675 = FACE_BOUND('',#1676,.T.);
#1676 = EDGE_LOOP('',(#1677,#1678,#1702,#1721));
#1677 = ORIENTED_EDGE('',*,*,#726,.F.);
#1678 = ORIENTED_EDGE('',*,*,#1679,.T.);
#1679 = EDGE_CURVE('',#701,#1680,#1682,.T.);
#1680 = VERTEX_POINT('',#1681);
#1681 = CARTESIAN_POINT('',(-12.37124344467,-34.,-15.));
#1682 = SURFACE_CURVE('',#1683,(#1688,#1695),.PCURVE_S1.);
#1683 = CIRCLE('',#1684,20.);
#1684 = AXIS2_PLACEMENT_3D('',#1685,#1686,#1687);
#1685 = CARTESIAN_POINT('',(-25.6,-34.,0.));
#1686 = DIRECTION('',(0.,1.,0.));
#1687 = DIRECTION('',(0.,-0.,1.));
#1688 = PCURVE('',#741,#1689);
#1689 = DEFINITIONAL_REPRESENTATION('',(#1690),#1694);
#1690 = CIRCLE('',#1691,20.);
#1691 = AXIS2_PLACEMENT_2D('',#1692,#1693);
#1692 = CARTESIAN_POINT('',(0.,0.));
#1693 = DIRECTION('',(1.,0.));
#1694 = ( GEOMETRIC_REPRESENTATION_CONTEXT(2) 
PARAMETRIC_REPRESENTATION_CONTEXT() REPRESENTATION_CONTEXT('2D SPACE',''
  ) );
#1695 = PCURVE('',#715,#1696);
#1696 = DEFINITIONAL_REPRESENTATION('',(#1697),#1701);
#1697 = LINE('',#1698,#1699);
#1698 = CARTESIAN_POINT('',(0.,0.));
#1699 = VECTOR('',#1700,1.);
#1700 = DIRECTION('',(1.,0.));
#1701 = ( GEOMETRIC_REPRESENTATION_CONTEXT(2) 
PARAMETRIC_REPRESENTATION_CONTEXT() REPRESENTATION_CONTEXT('2D SPACE',''
  ) );
#1702 = ORIENTED_EDGE('',*,*,#1703,.T.);
#1703 = EDGE_CURVE('',#1680,#1633,#1704,.T.);
#1704 = SURFACE_CURVE('',#1705,(#1709,#1715),.PCURVE_S1.);
#1705 = LINE('',#1706,#1707);
#1706 = CARTESIAN_POINT('',(-61.3,-34.,-15.));
#1707 = VECTOR('',#1708,1.);
#1708 = DIRECTION('',(-1.,0.,0.));
#1709 = PCURVE('',#741,#1710);
#1710 = DEFINITIONAL_REPRESENTATION('',(#1711),#1714);
#1711 = B_SPLINE_CURVE_WITH_KNOTS('',1,(#1712,#1713),.UNSPECIFIED.,.F.,
  .F.,(2,2),(-55.7,-15.7),.PIECEWISE_BEZIER_KNOTS.);
#1712 = CARTESIAN_POINT('',(-15.,20.));
#1713 = CARTESIAN_POINT('',(-15.,-20.));
#1714 = ( GEOMETRIC_REPRESENTATION_CONTEXT(2) 
PARAMETRIC_REPRESENTATION_CONTEXT() REPRESENTATION_CONTEXT('2D SPACE',''
  ) );
#1715 = PCURVE('',#825,#1716);
#1716 = DEFINITIONAL_REPRESENTATION('',(#1717),#1720);
#1717 = B_SPLINE_CURVE_WITH_KNOTS('',1,(#1718,#1719),.UNSPECIFIED.,.F.,
  .F.,(2,2),(-55.7,-15.7),.PIECEWISE_BEZIER_KNOTS.);
#1718 = CARTESIAN_POINT('',(91.4,8.));
#1719 = CARTESIAN_POINT('',(51.4,8.));
#1720 = ( GEOMETRIC_REPRESENTATION_CONTEXT(2) 
PARAMETRIC_REPRESENTATION_CONTEXT() REPRESENTATION_CONTEXT('2D SPACE',''
  ) );
#1721 = ORIENTED_EDGE('',*,*,#1653,.T.);
#1722 = ADVANCED_FACE('',(#1723),#715,.F.);
#1723 = FACE_BOUND('',#1724,.F.);
#1724 = EDGE_LOOP('',(#1725,#1756,#1782,#1804,#1805,#1806,#1827,#1856));
#1725 = ORIENTED_EDGE('',*,*,#1726,.F.);
#1726 = EDGE_CURVE('',#1727,#1729,#1731,.T.);
#1727 = VERTEX_POINT('',#1728);
#1728 = CARTESIAN_POINT('',(-6.316845703125,-14.,5.306595929871));
#1729 = VERTEX_POINT('',#1730);
#1730 = CARTESIAN_POINT('',(-6.316845703125,-14.,-5.306595929871));
#1731 = SURFACE_CURVE('',#1732,(#1737,#1744),.PCURVE_S1.);
#1732 = CIRCLE('',#1733,20.);
#1733 = AXIS2_PLACEMENT_3D('',#1734,#1735,#1736);
#1734 = CARTESIAN_POINT('',(-25.6,-14.,0.));
#1735 = DIRECTION('',(0.,1.,0.));
#1736 = DIRECTION('',(0.,-0.,1.));
#1737 = PCURVE('',#715,#1738);
#1738 = DEFINITIONAL_REPRESENTATION('',(#1739),#1743);
#1739 = LINE('',#1740,#1741);
#1740 = CARTESIAN_POINT('',(0.,20.));
#1741 = VECTOR('',#1742,1.);
#1742 = DIRECTION('',(1.,0.));
#1743 = ( GEOMETRIC_REPRESENTATION_CONTEXT(2) 
PARAMETRIC_REPRESENTATION_CONTEXT() REPRESENTATION_CONTEXT('2D SPACE',''
  ) );
#1744 = PCURVE('',#1745,#1750);
#1745 = PLANE('',#1746);
#1746 = AXIS2_PLACEMENT_3D('',#1747,#1748,#1749);
#1747 = CARTESIAN_POINT('',(0.,-14.,0.));
#1748 = DIRECTION('',(0.,1.,0.));
#1749 = DIRECTION('',(0.,-0.,1.));
#1750 = DEFINITIONAL_REPRESENTATION('',(#1751),#1755);
#1751 = CIRCLE('',#1752,20.);
#1752 = AXIS2_PLACEMENT_2D('',#1753,#1754);
#1753 = CARTESIAN_POINT('',(0.,-25.6));
#1754 = DIRECTION('',(1.,0.));
#1755 = ( GEOMETRIC_REPRESENTATION_CONTEXT(2) 
PARAMETRIC_REPRESENTATION_CONTEXT() REPRESENTATION_CONTEXT('2D SPACE',''
  ) );
#1756 = ORIENTED_EDGE('',*,*,#1757,.F.);
#1757 = EDGE_CURVE('',#1758,#1727,#1760,.T.);
#1758 = VERTEX_POINT('',#1759);
#1759 = CARTESIAN_POINT('',(-6.316845703125,-18.5,5.30659592987));
#1760 = SURFACE_CURVE('',#1761,(#1765,#1771),.PCURVE_S1.);
#1761 = LINE('',#1762,#1763);
#1762 = CARTESIAN_POINT('',(-6.316845703125,-34.,5.30659592987));
#1763 = VECTOR('',#1764,1.);
#1764 = DIRECTION('',(0.,1.,0.));
#1765 = PCURVE('',#715,#1766);
#1766 = DEFINITIONAL_REPRESENTATION('',(#1767),#1770);
#1767 = B_SPLINE_CURVE_WITH_KNOTS('',1,(#1768,#1769),.UNSPECIFIED.,.F.,
  .F.,(2,2),(15.4999994,20.0000006),.PIECEWISE_BEZIER_KNOTS.);
#1768 = CARTESIAN_POINT('',(1.302250363983,15.4999994));
#1769 = CARTESIAN_POINT('',(1.302250363983,20.0000006));
#1770 = ( GEOMETRIC_REPRESENTATION_CONTEXT(2) 
PARAMETRIC_REPRESENTATION_CONTEXT() REPRESENTATION_CONTEXT('2D SPACE',''
  ) );
#1771 = PCURVE('',#1772,#1777);
#1772 = CYLINDRICAL_SURFACE('',#1773,8.25);
#1773 = AXIS2_PLACEMENT_3D('',#1774,#1775,#1776);
#1774 = CARTESIAN_POINT('',(0.,-34.,0.));
#1775 = DIRECTION('',(0.,1.,0.));
#1776 = DIRECTION('',(0.,-0.,1.));
#1777 = DEFINITIONAL_REPRESENTATION('',(#1778),#1781);
#1778 = B_SPLINE_CURVE_WITH_KNOTS('',1,(#1779,#1780),.UNSPECIFIED.,.F.,
  .F.,(2,2),(15.4999994,20.0000006),.PIECEWISE_BEZIER_KNOTS.);
#1779 = CARTESIAN_POINT('',(5.411090156811,15.4999994));
#1780 = CARTESIAN_POINT('',(5.411090156811,20.0000006));
#1781 = ( GEOMETRIC_REPRESENTATION_CONTEXT(2) 
PARAMETRIC_REPRESENTATION_CONTEXT() REPRESENTATION_CONTEXT('2D SPACE',''
  ) );
#1782 = ORIENTED_EDGE('',*,*,#1783,.F.);
#1783 = EDGE_CURVE('',#675,#1758,#1784,.T.);
#1784 = SURFACE_CURVE('',#1785,(#1790,#1797),.PCURVE_S1.);
#1785 = CIRCLE('',#1786,20.);
#1786 = AXIS2_PLACEMENT_3D('',#1787,#1788,#1789);
#1787 = CARTESIAN_POINT('',(-25.6,-18.5,0.));
#1788 = DIRECTION('',(0.,1.,0.));
#1789 = DIRECTION('',(0.,-0.,1.));
#1790 = PCURVE('',#715,#1791);
#1791 = DEFINITIONAL_REPRESENTATION('',(#1792),#1796);
#1792 = LINE('',#1793,#1794);
#1793 = CARTESIAN_POINT('',(0.,15.5));
#1794 = VECTOR('',#1795,1.);
#1795 = DIRECTION('',(1.,0.));
#1796 = ( GEOMETRIC_REPRESENTATION_CONTEXT(2) 
PARAMETRIC_REPRESENTATION_CONTEXT() REPRESENTATION_CONTEXT('2D SPACE',''
  ) );
#1797 = PCURVE('',#689,#1798);
#1798 = DEFINITIONAL_REPRESENTATION('',(#1799),#1803);
#1799 = CIRCLE('',#1800,20.);
#1800 = AXIS2_PLACEMENT_2D('',#1801,#1802);
#1801 = CARTESIAN_POINT('',(0.,-2.325));
#1802 = DIRECTION('',(1.,0.));
#1803 = ( GEOMETRIC_REPRESENTATION_CONTEXT(2) 
PARAMETRIC_REPRESENTATION_CONTEXT() REPRESENTATION_CONTEXT('2D SPACE',''
  ) );
#1804 = ORIENTED_EDGE('',*,*,#700,.F.);
#1805 = ORIENTED_EDGE('',*,*,#1679,.T.);
#1806 = ORIENTED_EDGE('',*,*,#1807,.T.);
#1807 = EDGE_CURVE('',#1680,#1808,#1810,.T.);
#1808 = VERTEX_POINT('',#1809);
#1809 = CARTESIAN_POINT('',(-12.37124344467,-18.5,-15.));
#1810 = SURFACE_CURVE('',#1811,(#1815,#1821),.PCURVE_S1.);
#1811 = LINE('',#1812,#1813);
#1812 = CARTESIAN_POINT('',(-12.37124344467,-34.,-15.));
#1813 = VECTOR('',#1814,1.);
#1814 = DIRECTION('',(0.,1.,0.));
#1815 = PCURVE('',#715,#1816);
#1816 = DEFINITIONAL_REPRESENTATION('',(#1817),#1820);
#1817 = B_SPLINE_CURVE_WITH_KNOTS('',1,(#1818,#1819),.UNSPECIFIED.,.F.,
  .F.,(2,2),(-5.999999999062E-07,20.0000006),.PIECEWISE_BEZIER_KNOTS.);
#1818 = CARTESIAN_POINT('',(2.418858405776,-5.999999999062E-07));
#1819 = CARTESIAN_POINT('',(2.418858405776,20.0000006));
#1820 = ( GEOMETRIC_REPRESENTATION_CONTEXT(2) 
PARAMETRIC_REPRESENTATION_CONTEXT() REPRESENTATION_CONTEXT('2D SPACE',''
  ) );
#1821 = PCURVE('',#825,#1822);
#1822 = DEFINITIONAL_REPRESENTATION('',(#1823),#1826);
#1823 = B_SPLINE_CURVE_WITH_KNOTS('',1,(#1824,#1825),.UNSPECIFIED.,.F.,
  .F.,(2,2),(-5.999999999062E-07,20.0000006),.PIECEWISE_BEZIER_KNOTS.);
#1824 = CARTESIAN_POINT('',(84.628756555323,7.9999994));
#1825 = CARTESIAN_POINT('',(84.628756555323,28.0000006));
#1826 = ( GEOMETRIC_REPRESENTATION_CONTEXT(2) 
PARAMETRIC_REPRESENTATION_CONTEXT() REPRESENTATION_CONTEXT('2D SPACE',''
  ) );
#1827 = ORIENTED_EDGE('',*,*,#1828,.F.);
#1828 = EDGE_CURVE('',#1829,#1808,#1831,.T.);
#1829 = VERTEX_POINT('',#1830);
#1830 = CARTESIAN_POINT('',(-6.316845703125,-18.5,-5.30659592987));
#1831 = SURFACE_CURVE('',#1832,(#1837,#1844),.PCURVE_S1.);
#1832 = CIRCLE('',#1833,20.);
#1833 = AXIS2_PLACEMENT_3D('',#1834,#1835,#1836);
#1834 = CARTESIAN_POINT('',(-25.6,-18.5,0.));
#1835 = DIRECTION('',(0.,1.,0.));
#1836 = DIRECTION('',(0.,-0.,1.));
#1837 = PCURVE('',#715,#1838);
#1838 = DEFINITIONAL_REPRESENTATION('',(#1839),#1843);
#1839 = LINE('',#1840,#1841);
#1840 = CARTESIAN_POINT('',(0.,15.5));
#1841 = VECTOR('',#1842,1.);
#1842 = DIRECTION('',(1.,0.));
#1843 = ( GEOMETRIC_REPRESENTATION_CONTEXT(2) 
PARAMETRIC_REPRESENTATION_CONTEXT() REPRESENTATION_CONTEXT('2D SPACE',''
  ) );
#1844 = PCURVE('',#1845,#1850);
#1845 = PLANE('',#1846);
#1846 = AXIS2_PLACEMENT_3D('',#1847,#1848,#1849);
#1847 = CARTESIAN_POINT('',(-23.275,-18.5,0.));
#1848 = DIRECTION('',(0.,1.,0.));
#1849 = DIRECTION('',(0.,-0.,1.));
#1850 = DEFINITIONAL_REPRESENTATION('',(#1851),#1855);
#1851 = CIRCLE('',#1852,20.);
#1852 = AXIS2_PLACEMENT_2D('',#1853,#1854);
#1853 = CARTESIAN_POINT('',(0.,-2.325));
#1854 = DIRECTION('',(1.,0.));
#1855 = ( GEOMETRIC_REPRESENTATION_CONTEXT(2) 
PARAMETRIC_REPRESENTATION_CONTEXT() REPRESENTATION_CONTEXT('2D SPACE',''
  ) );
#1856 = ORIENTED_EDGE('',*,*,#1857,.T.);
#1857 = EDGE_CURVE('',#1829,#1729,#1858,.T.);
#1858 = SURFACE_CURVE('',#1859,(#1863,#1869),.PCURVE_S1.);
#1859 = LINE('',#1860,#1861);
#1860 = CARTESIAN_POINT('',(-6.316845703125,-34.,-5.30659592987));
#1861 = VECTOR('',#1862,1.);
#1862 = DIRECTION('',(0.,1.,0.));
#1863 = PCURVE('',#715,#1864);
#1864 = DEFINITIONAL_REPRESENTATION('',(#1865),#1868);
#1865 = B_SPLINE_CURVE_WITH_KNOTS('',1,(#1866,#1867),.UNSPECIFIED.,.F.,
  .F.,(2,2),(15.4999994,20.0000006),.PIECEWISE_BEZIER_KNOTS.);
#1866 = CARTESIAN_POINT('',(1.839342289607,15.4999994));
#1867 = CARTESIAN_POINT('',(1.839342289607,20.0000006));
#1868 = ( GEOMETRIC_REPRESENTATION_CONTEXT(2) 
PARAMETRIC_REPRESENTATION_CONTEXT() REPRESENTATION_CONTEXT('2D SPACE',''
  ) );
#1869 = PCURVE('',#1870,#1875);
#1870 = CYLINDRICAL_SURFACE('',#1871,8.25);
#1871 = AXIS2_PLACEMENT_3D('',#1872,#1873,#1874);
#1872 = CARTESIAN_POINT('',(0.,-34.,0.));
#1873 = DIRECTION('',(0.,1.,0.));
#1874 = DIRECTION('',(0.,-0.,1.));
#1875 = DEFINITIONAL_REPRESENTATION('',(#1876),#1879);
#1876 = B_SPLINE_CURVE_WITH_KNOTS('',1,(#1877,#1878),.UNSPECIFIED.,.F.,
  .F.,(2,2),(15.4999994,20.0000006),.PIECEWISE_BEZIER_KNOTS.);
#1877 = CARTESIAN_POINT('',(4.013687803958,15.4999994));
#1878 = CARTESIAN_POINT('',(4.013687803958,20.0000006));
#1879 = ( GEOMETRIC_REPRESENTATION_CONTEXT(2) 
PARAMETRIC_REPRESENTATION_CONTEXT() REPRESENTATION_CONTEXT('2D SPACE',''
  ) );
#1880 = ADVANCED_FACE('',(#1881),#689,.T.);
#1881 = FACE_BOUND('',#1882,.T.);
#1882 = EDGE_LOOP('',(#1883,#1884,#1908,#1930));
#1883 = ORIENTED_EDGE('',*,*,#674,.F.);
#1884 = ORIENTED_EDGE('',*,*,#1885,.T.);
#1885 = EDGE_CURVE('',#647,#1886,#1888,.T.);
#1886 = VERTEX_POINT('',#1887);
#1887 = CARTESIAN_POINT('',(-4.506726638024,-18.5,6.910276044423));
#1888 = SURFACE_CURVE('',#1889,(#1894,#1901),.PCURVE_S1.);
#1889 = CIRCLE('',#1890,20.);
#1890 = AXIS2_PLACEMENT_3D('',#1891,#1892,#1893);
#1891 = CARTESIAN_POINT('',(-23.275,-18.5,0.));
#1892 = DIRECTION('',(0.,1.,0.));
#1893 = DIRECTION('',(0.,-0.,1.));
#1894 = PCURVE('',#689,#1895);
#1895 = DEFINITIONAL_REPRESENTATION('',(#1896),#1900);
#1896 = CIRCLE('',#1897,20.);
#1897 = AXIS2_PLACEMENT_2D('',#1898,#1899);
#1898 = CARTESIAN_POINT('',(0.,0.));
#1899 = DIRECTION('',(1.,0.));
#1900 = ( GEOMETRIC_REPRESENTATION_CONTEXT(2) 
PARAMETRIC_REPRESENTATION_CONTEXT() REPRESENTATION_CONTEXT('2D SPACE',''
  ) );
#1901 = PCURVE('',#662,#1902);
#1902 = DEFINITIONAL_REPRESENTATION('',(#1903),#1907);
#1903 = LINE('',#1904,#1905);
#1904 = CARTESIAN_POINT('',(0.,0.));
#1905 = VECTOR('',#1906,1.);
#1906 = DIRECTION('',(1.,0.));
#1907 = ( GEOMETRIC_REPRESENTATION_CONTEXT(2) 
PARAMETRIC_REPRESENTATION_CONTEXT() REPRESENTATION_CONTEXT('2D SPACE',''
  ) );
#1908 = ORIENTED_EDGE('',*,*,#1909,.F.);
#1909 = EDGE_CURVE('',#1758,#1886,#1910,.T.);
#1910 = SURFACE_CURVE('',#1911,(#1916,#1923),.PCURVE_S1.);
#1911 = CIRCLE('',#1912,8.25);
#1912 = AXIS2_PLACEMENT_3D('',#1913,#1914,#1915);
#1913 = CARTESIAN_POINT('',(0.,-18.5,0.));
#1914 = DIRECTION('',(0.,1.,0.));
#1915 = DIRECTION('',(0.,-0.,1.));
#1916 = PCURVE('',#689,#1917);
#1917 = DEFINITIONAL_REPRESENTATION('',(#1918),#1922);
#1918 = CIRCLE('',#1919,8.25);
#1919 = AXIS2_PLACEMENT_2D('',#1920,#1921);
#1920 = CARTESIAN_POINT('',(0.,23.275));
#1921 = DIRECTION('',(1.,0.));
#1922 = ( GEOMETRIC_REPRESENTATION_CONTEXT(2) 
PARAMETRIC_REPRESENTATION_CONTEXT() REPRESENTATION_CONTEXT('2D SPACE',''
  ) );
#1923 = PCURVE('',#1772,#1924);
#1924 = DEFINITIONAL_REPRESENTATION('',(#1925),#1929);
#1925 = LINE('',#1926,#1927);
#1926 = CARTESIAN_POINT('',(0.,15.5));
#1927 = VECTOR('',#1928,1.);
#1928 = DIRECTION('',(1.,0.));
#1929 = ( GEOMETRIC_REPRESENTATION_CONTEXT(2) 
PARAMETRIC_REPRESENTATION_CONTEXT() REPRESENTATION_CONTEXT('2D SPACE',''
  ) );
#1930 = ORIENTED_EDGE('',*,*,#1783,.F.);
#1931 = ADVANCED_FACE('',(#1932,#2071),#662,.F.);
#1932 = FACE_BOUND('',#1933,.F.);
#1933 = EDGE_LOOP('',(#1934,#1959,#1981,#1982,#1983,#2004,#2028,#2049));
#1934 = ORIENTED_EDGE('',*,*,#1935,.F.);
#1935 = EDGE_CURVE('',#1936,#1938,#1940,.T.);
#1936 = VERTEX_POINT('',#1937);
#1937 = CARTESIAN_POINT('',(-10.04624344467,18.5,-15.));
#1938 = VERTEX_POINT('',#1939);
#1939 = CARTESIAN_POINT('',(-10.04624344467,-18.5,-15.));
#1940 = SURFACE_CURVE('',#1941,(#1945,#1952),.PCURVE_S1.);
#1941 = LINE('',#1942,#1943);
#1942 = CARTESIAN_POINT('',(-10.04624344467,18.5,-15.));
#1943 = VECTOR('',#1944,1.);
#1944 = DIRECTION('',(0.,-1.,0.));
#1945 = PCURVE('',#662,#1946);
#1946 = DEFINITIONAL_REPRESENTATION('',(#1947),#1951);
#1947 = LINE('',#1948,#1949);
#1948 = CARTESIAN_POINT('',(2.418858405776,37.));
#1949 = VECTOR('',#1950,1.);
#1950 = DIRECTION('',(-0.,-1.));
#1951 = ( GEOMETRIC_REPRESENTATION_CONTEXT(2) 
PARAMETRIC_REPRESENTATION_CONTEXT() REPRESENTATION_CONTEXT('2D SPACE',''
  ) );
#1952 = PCURVE('',#825,#1953);
#1953 = DEFINITIONAL_REPRESENTATION('',(#1954),#1958);
#1954 = LINE('',#1955,#1956);
#1955 = CARTESIAN_POINT('',(86.953756555323,60.5));
#1956 = VECTOR('',#1957,1.);
#1957 = DIRECTION('',(0.,-1.));
#1958 = ( GEOMETRIC_REPRESENTATION_CONTEXT(2) 
PARAMETRIC_REPRESENTATION_CONTEXT() REPRESENTATION_CONTEXT('2D SPACE',''
  ) );
#1959 = ORIENTED_EDGE('',*,*,#1960,.F.);
#1960 = EDGE_CURVE('',#621,#1936,#1961,.T.);
#1961 = SURFACE_CURVE('',#1962,(#1967,#1974),.PCURVE_S1.);
#1962 = CIRCLE('',#1963,20.);
#1963 = AXIS2_PLACEMENT_3D('',#1964,#1965,#1966);
#1964 = CARTESIAN_POINT('',(-23.275,18.5,0.));
#1965 = DIRECTION('',(0.,1.,0.));
#1966 = DIRECTION('',(0.,-0.,1.));
#1967 = PCURVE('',#662,#1968);
#1968 = DEFINITIONAL_REPRESENTATION('',(#1969),#1973);
#1969 = LINE('',#1970,#1971);
#1970 = CARTESIAN_POINT('',(0.,37.));
#1971 = VECTOR('',#1972,1.);
#1972 = DIRECTION('',(1.,0.));
#1973 = ( GEOMETRIC_REPRESENTATION_CONTEXT(2) 
PARAMETRIC_REPRESENTATION_CONTEXT() REPRESENTATION_CONTEXT('2D SPACE',''
  ) );
#1974 = PCURVE('',#635,#1975);
#1975 = DEFINITIONAL_REPRESENTATION('',(#1976),#1980);
#1976 = CIRCLE('',#1977,20.);
#1977 = AXIS2_PLACEMENT_2D('',#1978,#1979);
#1978 = CARTESIAN_POINT('',(0.,0.));
#1979 = DIRECTION('',(1.,0.));
#1980 = ( GEOMETRIC_REPRESENTATION_CONTEXT(2) 
PARAMETRIC_REPRESENTATION_CONTEXT() REPRESENTATION_CONTEXT('2D SPACE',''
  ) );
#1981 = ORIENTED_EDGE('',*,*,#646,.T.);
#1982 = ORIENTED_EDGE('',*,*,#1885,.T.);
#1983 = ORIENTED_EDGE('',*,*,#1984,.T.);
#1984 = EDGE_CURVE('',#1886,#1985,#1987,.T.);
#1985 = VERTEX_POINT('',#1986);
#1986 = CARTESIAN_POINT('',(-4.506726638024,-14.,6.910276044423));
#1987 = SURFACE_CURVE('',#1988,(#1992,#1998),.PCURVE_S1.);
#1988 = LINE('',#1989,#1990);
#1989 = CARTESIAN_POINT('',(-4.506726638024,-18.5,6.910276044423));
#1990 = VECTOR('',#1991,1.);
#1991 = DIRECTION('',(0.,1.,0.));
#1992 = PCURVE('',#662,#1993);
#1993 = DEFINITIONAL_REPRESENTATION('',(#1994),#1997);
#1994 = B_SPLINE_CURVE_WITH_KNOTS('',1,(#1995,#1996),.UNSPECIFIED.,.F.,
  .F.,(2,2),(-5.999999999062E-07,4.5000006),.PIECEWISE_BEZIER_KNOTS.);
#1995 = CARTESIAN_POINT('',(1.218010074748,-5.999999999062E-07));
#1996 = CARTESIAN_POINT('',(1.218010074748,4.5000006));
#1997 = ( GEOMETRIC_REPRESENTATION_CONTEXT(2) 
PARAMETRIC_REPRESENTATION_CONTEXT() REPRESENTATION_CONTEXT('2D SPACE',''
  ) );
#1998 = PCURVE('',#1772,#1999);
#1999 = DEFINITIONAL_REPRESENTATION('',(#2000),#2003);
#2000 = B_SPLINE_CURVE_WITH_KNOTS('',1,(#2001,#2002),.UNSPECIFIED.,.F.,
  .F.,(2,2),(-5.999999999062E-07,4.5000006),.PIECEWISE_BEZIER_KNOTS.);
#2001 = CARTESIAN_POINT('',(5.70528084521,15.4999994));
#2002 = CARTESIAN_POINT('',(5.70528084521,20.0000006));
#2003 = ( GEOMETRIC_REPRESENTATION_CONTEXT(2) 
PARAMETRIC_REPRESENTATION_CONTEXT() REPRESENTATION_CONTEXT('2D SPACE',''
  ) );
#2004 = ORIENTED_EDGE('',*,*,#2005,.T.);
#2005 = EDGE_CURVE('',#1985,#2006,#2008,.T.);
#2006 = VERTEX_POINT('',#2007);
#2007 = CARTESIAN_POINT('',(-4.506726638024,-14.,-6.910276044423));
#2008 = SURFACE_CURVE('',#2009,(#2014,#2021),.PCURVE_S1.);
#2009 = CIRCLE('',#2010,20.);
#2010 = AXIS2_PLACEMENT_3D('',#2011,#2012,#2013);
#2011 = CARTESIAN_POINT('',(-23.275,-14.,0.));
#2012 = DIRECTION('',(0.,1.,0.));
#2013 = DIRECTION('',(0.,-0.,1.));
#2014 = PCURVE('',#662,#2015);
#2015 = DEFINITIONAL_REPRESENTATION('',(#2016),#2020);
#2016 = LINE('',#2017,#2018);
#2017 = CARTESIAN_POINT('',(0.,4.5));
#2018 = VECTOR('',#2019,1.);
#2019 = DIRECTION('',(1.,0.));
#2020 = ( GEOMETRIC_REPRESENTATION_CONTEXT(2) 
PARAMETRIC_REPRESENTATION_CONTEXT() REPRESENTATION_CONTEXT('2D SPACE',''
  ) );
#2021 = PCURVE('',#1745,#2022);
#2022 = DEFINITIONAL_REPRESENTATION('',(#2023),#2027);
#2023 = CIRCLE('',#2024,20.);
#2024 = AXIS2_PLACEMENT_2D('',#2025,#2026);
#2025 = CARTESIAN_POINT('',(0.,-23.275));
#2026 = DIRECTION('',(1.,0.));
#2027 = ( GEOMETRIC_REPRESENTATION_CONTEXT(2) 
PARAMETRIC_REPRESENTATION_CONTEXT() REPRESENTATION_CONTEXT('2D SPACE',''
  ) );
#2028 = ORIENTED_EDGE('',*,*,#2029,.F.);
#2029 = EDGE_CURVE('',#2030,#2006,#2032,.T.);
#2030 = VERTEX_POINT('',#2031);
#2031 = CARTESIAN_POINT('',(-4.506726638024,-18.5,-6.910276044423));
#2032 = SURFACE_CURVE('',#2033,(#2037,#2043),.PCURVE_S1.);
#2033 = LINE('',#2034,#2035);
#2034 = CARTESIAN_POINT('',(-4.506726638024,-18.5,-6.910276044423));
#2035 = VECTOR('',#2036,1.);
#2036 = DIRECTION('',(0.,1.,0.));
#2037 = PCURVE('',#662,#2038);
#2038 = DEFINITIONAL_REPRESENTATION('',(#2039),#2042);
#2039 = B_SPLINE_CURVE_WITH_KNOTS('',1,(#2040,#2041),.UNSPECIFIED.,.F.,
  .F.,(2,2),(-5.999999999062E-07,4.5000006),.PIECEWISE_BEZIER_KNOTS.);
#2040 = CARTESIAN_POINT('',(1.923582578841,-5.999999999062E-07));
#2041 = CARTESIAN_POINT('',(1.923582578841,4.5000006));
#2042 = ( GEOMETRIC_REPRESENTATION_CONTEXT(2) 
PARAMETRIC_REPRESENTATION_CONTEXT() REPRESENTATION_CONTEXT('2D SPACE',''
  ) );
#2043 = PCURVE('',#1870,#2044);
#2044 = DEFINITIONAL_REPRESENTATION('',(#2045),#2048);
#2045 = B_SPLINE_CURVE_WITH_KNOTS('',1,(#2046,#2047),.UNSPECIFIED.,.F.,
  .F.,(2,2),(-5.999999999062E-07,4.5000006),.PIECEWISE_BEZIER_KNOTS.);
#2046 = CARTESIAN_POINT('',(3.719497115559,15.4999994));
#2047 = CARTESIAN_POINT('',(3.719497115559,20.0000006));
#2048 = ( GEOMETRIC_REPRESENTATION_CONTEXT(2) 
PARAMETRIC_REPRESENTATION_CONTEXT() REPRESENTATION_CONTEXT('2D SPACE',''
  ) );
#2049 = ORIENTED_EDGE('',*,*,#2050,.T.);
#2050 = EDGE_CURVE('',#2030,#1938,#2051,.T.);
#2051 = SURFACE_CURVE('',#2052,(#2057,#2064),.PCURVE_S1.);
#2052 = CIRCLE('',#2053,20.);
#2053 = AXIS2_PLACEMENT_3D('',#2054,#2055,#2056);
#2054 = CARTESIAN_POINT('',(-23.275,-18.5,0.));
#2055 = DIRECTION('',(0.,1.,0.));
#2056 = DIRECTION('',(0.,-0.,1.));
#2057 = PCURVE('',#662,#2058);
#2058 = DEFINITIONAL_REPRESENTATION('',(#2059),#2063);
#2059 = LINE('',#2060,#2061);
#2060 = CARTESIAN_POINT('',(0.,0.));
#2061 = VECTOR('',#2062,1.);
#2062 = DIRECTION('',(1.,0.));
#2063 = ( GEOMETRIC_REPRESENTATION_CONTEXT(2) 
PARAMETRIC_REPRESENTATION_CONTEXT() REPRESENTATION_CONTEXT('2D SPACE',''
  ) );
#2064 = PCURVE('',#1845,#2065);
#2065 = DEFINITIONAL_REPRESENTATION('',(#2066),#2070);
#2066 = CIRCLE('',#2067,20.);
#2067 = AXIS2_PLACEMENT_2D('',#2068,#2069);
#2068 = CARTESIAN_POINT('',(0.,0.));
#2069 = DIRECTION('',(1.,0.));
#2070 = ( GEOMETRIC_REPRESENTATION_CONTEXT(2) 
PARAMETRIC_REPRESENTATION_CONTEXT() REPRESENTATION_CONTEXT('2D SPACE',''
  ) );
#2071 = FACE_BOUND('',#2072,.F.);
#2072 = EDGE_LOOP('',(#2073,#2104,#2130,#2159));
#2073 = ORIENTED_EDGE('',*,*,#2074,.F.);
#2074 = EDGE_CURVE('',#2075,#2077,#2079,.T.);
#2075 = VERTEX_POINT('',#2076);
#2076 = CARTESIAN_POINT('',(-4.922623523094,1.5,7.949231261568));
#2077 = VERTEX_POINT('',#2078);
#2078 = CARTESIAN_POINT('',(-4.922623523093,1.5,-7.949231261568));
#2079 = SURFACE_CURVE('',#2080,(#2085,#2092),.PCURVE_S1.);
#2080 = CIRCLE('',#2081,20.);
#2081 = AXIS2_PLACEMENT_3D('',#2082,#2083,#2084);
#2082 = CARTESIAN_POINT('',(-23.275,1.5,0.));
#2083 = DIRECTION('',(0.,1.,0.));
#2084 = DIRECTION('',(0.,-0.,1.));
#2085 = PCURVE('',#662,#2086);
#2086 = DEFINITIONAL_REPRESENTATION('',(#2087),#2091);
#2087 = LINE('',#2088,#2089);
#2088 = CARTESIAN_POINT('',(0.,20.));
#2089 = VECTOR('',#2090,1.);
#2090 = DIRECTION('',(1.,0.));
#2091 = ( GEOMETRIC_REPRESENTATION_CONTEXT(2) 
PARAMETRIC_REPRESENTATION_CONTEXT() REPRESENTATION_CONTEXT('2D SPACE',''
  ) );
#2092 = PCURVE('',#2093,#2098);
#2093 = PLANE('',#2094);
#2094 = AXIS2_PLACEMENT_3D('',#2095,#2096,#2097);
#2095 = CARTESIAN_POINT('',(-23.275,1.5,0.));
#2096 = DIRECTION('',(0.,1.,0.));
#2097 = DIRECTION('',(0.,-0.,1.));
#2098 = DEFINITIONAL_REPRESENTATION('',(#2099),#2103);
#2099 = CIRCLE('',#2100,20.);
#2100 = AXIS2_PLACEMENT_2D('',#2101,#2102);
#2101 = CARTESIAN_POINT('',(0.,0.));
#2102 = DIRECTION('',(1.,0.));
#2103 = ( GEOMETRIC_REPRESENTATION_CONTEXT(2) 
PARAMETRIC_REPRESENTATION_CONTEXT() REPRESENTATION_CONTEXT('2D SPACE',''
  ) );
#2104 = ORIENTED_EDGE('',*,*,#2105,.T.);
#2105 = EDGE_CURVE('',#2075,#2106,#2108,.T.);
#2106 = VERTEX_POINT('',#2107);
#2107 = CARTESIAN_POINT('',(-4.922623523093,3.,7.949231261568));
#2108 = SURFACE_CURVE('',#2109,(#2113,#2119),.PCURVE_S1.);
#2109 = LINE('',#2110,#2111);
#2110 = CARTESIAN_POINT('',(-4.922623523093,-1.5,7.949231261568));
#2111 = VECTOR('',#2112,1.);
#2112 = DIRECTION('',(0.,1.,0.));
#2113 = PCURVE('',#662,#2114);
#2114 = DEFINITIONAL_REPRESENTATION('',(#2115),#2118);
#2115 = B_SPLINE_CURVE_WITH_KNOTS('',1,(#2116,#2117),.UNSPECIFIED.,.F.,
  .F.,(2,2),(-5.999999999062E-07,4.5000006),.PIECEWISE_BEZIER_KNOTS.);
#2116 = CARTESIAN_POINT('',(1.162047474072,16.9999994));
#2117 = CARTESIAN_POINT('',(1.162047474072,21.5000006));
#2118 = ( GEOMETRIC_REPRESENTATION_CONTEXT(2) 
PARAMETRIC_REPRESENTATION_CONTEXT() REPRESENTATION_CONTEXT('2D SPACE',''
  ) );
#2119 = PCURVE('',#2120,#2125);
#2120 = CYLINDRICAL_SURFACE('',#2121,9.35);
#2121 = AXIS2_PLACEMENT_3D('',#2122,#2123,#2124);
#2122 = CARTESIAN_POINT('',(0.,-20.,0.));
#2123 = DIRECTION('',(0.,1.,0.));
#2124 = DIRECTION('',(0.,-0.,1.));
#2125 = DEFINITIONAL_REPRESENTATION('',(#2126),#2129);
#2126 = B_SPLINE_CURVE_WITH_KNOTS('',1,(#2127,#2128),.UNSPECIFIED.,.F.,
  .F.,(2,2),(-5.999999999062E-07,4.5000006),.PIECEWISE_BEZIER_KNOTS.);
#2127 = CARTESIAN_POINT('',(5.72872586929,18.4999994));
#2128 = CARTESIAN_POINT('',(5.72872586929,23.0000006));
#2129 = ( GEOMETRIC_REPRESENTATION_CONTEXT(2) 
PARAMETRIC_REPRESENTATION_CONTEXT() REPRESENTATION_CONTEXT('2D SPACE',''
  ) );
#2130 = ORIENTED_EDGE('',*,*,#2131,.T.);
#2131 = EDGE_CURVE('',#2106,#2132,#2134,.T.);
#2132 = VERTEX_POINT('',#2133);
#2133 = CARTESIAN_POINT('',(-4.922623523093,3.,-7.949231261568));
#2134 = SURFACE_CURVE('',#2135,(#2140,#2147),.PCURVE_S1.);
#2135 = CIRCLE('',#2136,20.);
#2136 = AXIS2_PLACEMENT_3D('',#2137,#2138,#2139);
#2137 = CARTESIAN_POINT('',(-23.275,3.,0.));
#2138 = DIRECTION('',(0.,1.,0.));
#2139 = DIRECTION('',(0.,-0.,1.));
#2140 = PCURVE('',#662,#2141);
#2141 = DEFINITIONAL_REPRESENTATION('',(#2142),#2146);
#2142 = LINE('',#2143,#2144);
#2143 = CARTESIAN_POINT('',(0.,21.5));
#2144 = VECTOR('',#2145,1.);
#2145 = DIRECTION('',(1.,0.));
#2146 = ( GEOMETRIC_REPRESENTATION_CONTEXT(2) 
PARAMETRIC_REPRESENTATION_CONTEXT() REPRESENTATION_CONTEXT('2D SPACE',''
  ) );
#2147 = PCURVE('',#2148,#2153);
#2148 = PLANE('',#2149);
#2149 = AXIS2_PLACEMENT_3D('',#2150,#2151,#2152);
#2150 = CARTESIAN_POINT('',(0.,3.,0.));
#2151 = DIRECTION('',(0.,1.,0.));
#2152 = DIRECTION('',(0.,-0.,1.));
#2153 = DEFINITIONAL_REPRESENTATION('',(#2154),#2158);
#2154 = CIRCLE('',#2155,20.);
#2155 = AXIS2_PLACEMENT_2D('',#2156,#2157);
#2156 = CARTESIAN_POINT('',(0.,-23.275));
#2157 = DIRECTION('',(1.,0.));
#2158 = ( GEOMETRIC_REPRESENTATION_CONTEXT(2) 
PARAMETRIC_REPRESENTATION_CONTEXT() REPRESENTATION_CONTEXT('2D SPACE',''
  ) );
#2159 = ORIENTED_EDGE('',*,*,#2160,.F.);
#2160 = EDGE_CURVE('',#2077,#2132,#2161,.T.);
#2161 = SURFACE_CURVE('',#2162,(#2166,#2172),.PCURVE_S1.);
#2162 = LINE('',#2163,#2164);
#2163 = CARTESIAN_POINT('',(-4.922623523093,-1.5,-7.949231261568));
#2164 = VECTOR('',#2165,1.);
#2165 = DIRECTION('',(0.,1.,0.));
#2166 = PCURVE('',#662,#2167);
#2167 = DEFINITIONAL_REPRESENTATION('',(#2168),#2171);
#2168 = B_SPLINE_CURVE_WITH_KNOTS('',1,(#2169,#2170),.UNSPECIFIED.,.F.,
  .F.,(2,2),(-5.999999999062E-07,4.5000006),.PIECEWISE_BEZIER_KNOTS.);
#2169 = CARTESIAN_POINT('',(1.979545179518,16.9999994));
#2170 = CARTESIAN_POINT('',(1.979545179518,21.5000006));
#2171 = ( GEOMETRIC_REPRESENTATION_CONTEXT(2) 
PARAMETRIC_REPRESENTATION_CONTEXT() REPRESENTATION_CONTEXT('2D SPACE',''
  ) );
#2172 = PCURVE('',#2120,#2173);
#2173 = DEFINITIONAL_REPRESENTATION('',(#2174),#2177);
#2174 = B_SPLINE_CURVE_WITH_KNOTS('',1,(#2175,#2176),.UNSPECIFIED.,.F.,
  .F.,(2,2),(-5.999999999062E-07,4.5000006),.PIECEWISE_BEZIER_KNOTS.);
#2175 = CARTESIAN_POINT('',(3.696052091479,18.4999994));
#2176 = CARTESIAN_POINT('',(3.696052091479,23.0000006));
#2177 = ( GEOMETRIC_REPRESENTATION_CONTEXT(2) 
PARAMETRIC_REPRESENTATION_CONTEXT() REPRESENTATION_CONTEXT('2D SPACE',''
  ) );
#2178 = ADVANCED_FACE('',(#2179),#635,.F.);
#2179 = FACE_BOUND('',#2180,.F.);
#2180 = EDGE_LOOP('',(#2181,#2182,#2183,#2204,#2228,#2257));
#2181 = ORIENTED_EDGE('',*,*,#620,.F.);
#2182 = ORIENTED_EDGE('',*,*,#1960,.T.);
#2183 = ORIENTED_EDGE('',*,*,#2184,.T.);
#2184 = EDGE_CURVE('',#1936,#2185,#2187,.T.);
#2185 = VERTEX_POINT('',#2186);
#2186 = CARTESIAN_POINT('',(-12.59624344467,18.5,-15.));
#2187 = SURFACE_CURVE('',#2188,(#2192,#2198),.PCURVE_S1.);
#2188 = LINE('',#2189,#2190);
#2189 = CARTESIAN_POINT('',(-60.1375,18.5,-15.));
#2190 = VECTOR('',#2191,1.);
#2191 = DIRECTION('',(-1.,0.,0.));
#2192 = PCURVE('',#635,#2193);
#2193 = DEFINITIONAL_REPRESENTATION('',(#2194),#2197);
#2194 = B_SPLINE_CURVE_WITH_KNOTS('',1,(#2195,#2196),.UNSPECIFIED.,.F.,
  .F.,(2,2),(-56.8625,-16.8625),.PIECEWISE_BEZIER_KNOTS.);
#2195 = CARTESIAN_POINT('',(-15.,20.));
#2196 = CARTESIAN_POINT('',(-15.,-20.));
#2197 = ( GEOMETRIC_REPRESENTATION_CONTEXT(2) 
PARAMETRIC_REPRESENTATION_CONTEXT() REPRESENTATION_CONTEXT('2D SPACE',''
  ) );
#2198 = PCURVE('',#825,#2199);
#2199 = DEFINITIONAL_REPRESENTATION('',(#2200),#2203);
#2200 = B_SPLINE_CURVE_WITH_KNOTS('',1,(#2201,#2202),.UNSPECIFIED.,.F.,
  .F.,(2,2),(-56.8625,-16.8625),.PIECEWISE_BEZIER_KNOTS.);
#2201 = CARTESIAN_POINT('',(93.725,60.5));
#2202 = CARTESIAN_POINT('',(53.725,60.5));
#2203 = ( GEOMETRIC_REPRESENTATION_CONTEXT(2) 
PARAMETRIC_REPRESENTATION_CONTEXT() REPRESENTATION_CONTEXT('2D SPACE',''
  ) );
#2204 = ORIENTED_EDGE('',*,*,#2205,.F.);
#2205 = EDGE_CURVE('',#2206,#2185,#2208,.T.);
#2206 = VERTEX_POINT('',#2207);
#2207 = CARTESIAN_POINT('',(-7.065646176186,18.5,-6.934453411261));
#2208 = SURFACE_CURVE('',#2209,(#2214,#2221),.PCURVE_S1.);
#2209 = CIRCLE('',#2210,20.);
#2210 = AXIS2_PLACEMENT_3D('',#2211,#2212,#2213);
#2211 = CARTESIAN_POINT('',(-25.825,18.5,0.));
#2212 = DIRECTION('',(0.,1.,0.));
#2213 = DIRECTION('',(0.,-0.,1.));
#2214 = PCURVE('',#635,#2215);
#2215 = DEFINITIONAL_REPRESENTATION('',(#2216),#2220);
#2216 = CIRCLE('',#2217,20.);
#2217 = AXIS2_PLACEMENT_2D('',#2218,#2219);
#2218 = CARTESIAN_POINT('',(0.,-2.55));
#2219 = DIRECTION('',(1.,0.));
#2220 = ( GEOMETRIC_REPRESENTATION_CONTEXT(2) 
PARAMETRIC_REPRESENTATION_CONTEXT() REPRESENTATION_CONTEXT('2D SPACE',''
  ) );
#2221 = PCURVE('',#609,#2222);
#2222 = DEFINITIONAL_REPRESENTATION('',(#2223),#2227);
#2223 = LINE('',#2224,#2225);
#2224 = CARTESIAN_POINT('',(0.,3.));
#2225 = VECTOR('',#2226,1.);
#2226 = DIRECTION('',(1.,0.));
#2227 = ( GEOMETRIC_REPRESENTATION_CONTEXT(2) 
PARAMETRIC_REPRESENTATION_CONTEXT() REPRESENTATION_CONTEXT('2D SPACE',''
  ) );
#2228 = ORIENTED_EDGE('',*,*,#2229,.T.);
#2229 = EDGE_CURVE('',#2206,#2230,#2232,.T.);
#2230 = VERTEX_POINT('',#2231);
#2231 = CARTESIAN_POINT('',(-7.065646176186,18.5,6.934453411261));
#2232 = SURFACE_CURVE('',#2233,(#2238,#2245),.PCURVE_S1.);
#2233 = CIRCLE('',#2234,9.9);
#2234 = AXIS2_PLACEMENT_3D('',#2235,#2236,#2237);
#2235 = CARTESIAN_POINT('',(0.,18.5,0.));
#2236 = DIRECTION('',(0.,1.,0.));
#2237 = DIRECTION('',(0.,-0.,1.));
#2238 = PCURVE('',#635,#2239);
#2239 = DEFINITIONAL_REPRESENTATION('',(#2240),#2244);
#2240 = CIRCLE('',#2241,9.9);
#2241 = AXIS2_PLACEMENT_2D('',#2242,#2243);
#2242 = CARTESIAN_POINT('',(0.,23.275));
#2243 = DIRECTION('',(1.,0.));
#2244 = ( GEOMETRIC_REPRESENTATION_CONTEXT(2) 
PARAMETRIC_REPRESENTATION_CONTEXT() REPRESENTATION_CONTEXT('2D SPACE',''
  ) );
#2245 = PCURVE('',#2246,#2251);
#2246 = CYLINDRICAL_SURFACE('',#2247,9.9);
#2247 = AXIS2_PLACEMENT_3D('',#2248,#2249,#2250);
#2248 = CARTESIAN_POINT('',(0.,-3.5,0.));
#2249 = DIRECTION('',(0.,1.,0.));
#2250 = DIRECTION('',(0.,-0.,1.));
#2251 = DEFINITIONAL_REPRESENTATION('',(#2252),#2256);
#2252 = LINE('',#2253,#2254);
#2253 = CARTESIAN_POINT('',(0.,22.));
#2254 = VECTOR('',#2255,1.);
#2255 = DIRECTION('',(1.,0.));
#2256 = ( GEOMETRIC_REPRESENTATION_CONTEXT(2) 
PARAMETRIC_REPRESENTATION_CONTEXT() REPRESENTATION_CONTEXT('2D SPACE',''
  ) );
#2257 = ORIENTED_EDGE('',*,*,#2258,.F.);
#2258 = EDGE_CURVE('',#595,#2230,#2259,.T.);
#2259 = SURFACE_CURVE('',#2260,(#2265,#2272),.PCURVE_S1.);
#2260 = CIRCLE('',#2261,20.);
#2261 = AXIS2_PLACEMENT_3D('',#2262,#2263,#2264);
#2262 = CARTESIAN_POINT('',(-25.825,18.5,0.));
#2263 = DIRECTION('',(0.,1.,0.));
#2264 = DIRECTION('',(0.,-0.,1.));
#2265 = PCURVE('',#635,#2266);
#2266 = DEFINITIONAL_REPRESENTATION('',(#2267),#2271);
#2267 = CIRCLE('',#2268,20.);
#2268 = AXIS2_PLACEMENT_2D('',#2269,#2270);
#2269 = CARTESIAN_POINT('',(0.,-2.55));
#2270 = DIRECTION('',(1.,0.));
#2271 = ( GEOMETRIC_REPRESENTATION_CONTEXT(2) 
PARAMETRIC_REPRESENTATION_CONTEXT() REPRESENTATION_CONTEXT('2D SPACE',''
  ) );
#2272 = PCURVE('',#609,#2273);
#2273 = DEFINITIONAL_REPRESENTATION('',(#2274),#2278);
#2274 = LINE('',#2275,#2276);
#2275 = CARTESIAN_POINT('',(0.,3.));
#2276 = VECTOR('',#2277,1.);
#2277 = DIRECTION('',(1.,0.));
#2278 = ( GEOMETRIC_REPRESENTATION_CONTEXT(2) 
PARAMETRIC_REPRESENTATION_CONTEXT() REPRESENTATION_CONTEXT('2D SPACE',''
  ) );
#2279 = ADVANCED_FACE('',(#2280),#609,.F.);
#2280 = FACE_BOUND('',#2281,.F.);
#2281 = EDGE_LOOP('',(#2282,#2306,#2307,#2308,#2329,#2358,#2377,#2378));
#2282 = ORIENTED_EDGE('',*,*,#2283,.F.);
#2283 = EDGE_CURVE('',#569,#2284,#2286,.T.);
#2284 = VERTEX_POINT('',#2285);
#2285 = CARTESIAN_POINT('',(-12.59624344467,35.5,-15.));
#2286 = SURFACE_CURVE('',#2287,(#2292,#2299),.PCURVE_S1.);
#2287 = CIRCLE('',#2288,20.);
#2288 = AXIS2_PLACEMENT_3D('',#2289,#2290,#2291);
#2289 = CARTESIAN_POINT('',(-25.825,35.5,0.));
#2290 = DIRECTION('',(0.,1.,0.));
#2291 = DIRECTION('',(0.,-0.,1.));
#2292 = PCURVE('',#609,#2293);
#2293 = DEFINITIONAL_REPRESENTATION('',(#2294),#2298);
#2294 = LINE('',#2295,#2296);
#2295 = CARTESIAN_POINT('',(0.,20.));
#2296 = VECTOR('',#2297,1.);
#2297 = DIRECTION('',(1.,0.));
#2298 = ( GEOMETRIC_REPRESENTATION_CONTEXT(2) 
PARAMETRIC_REPRESENTATION_CONTEXT() REPRESENTATION_CONTEXT('2D SPACE',''
  ) );
#2299 = PCURVE('',#583,#2300);
#2300 = DEFINITIONAL_REPRESENTATION('',(#2301),#2305);
#2301 = CIRCLE('',#2302,20.);
#2302 = AXIS2_PLACEMENT_2D('',#2303,#2304);
#2303 = CARTESIAN_POINT('',(0.,0.));
#2304 = DIRECTION('',(1.,0.));
#2305 = ( GEOMETRIC_REPRESENTATION_CONTEXT(2) 
PARAMETRIC_REPRESENTATION_CONTEXT() REPRESENTATION_CONTEXT('2D SPACE',''
  ) );
#2306 = ORIENTED_EDGE('',*,*,#594,.F.);
#2307 = ORIENTED_EDGE('',*,*,#2258,.T.);
#2308 = ORIENTED_EDGE('',*,*,#2309,.T.);
#2309 = EDGE_CURVE('',#2230,#2310,#2312,.T.);
#2310 = VERTEX_POINT('',#2311);
#2311 = CARTESIAN_POINT('',(-7.065646176186,20.5,6.934453411261));
#2312 = SURFACE_CURVE('',#2313,(#2317,#2323),.PCURVE_S1.);
#2313 = LINE('',#2314,#2315);
#2314 = CARTESIAN_POINT('',(-7.065646176186,15.5,6.934453411261));
#2315 = VECTOR('',#2316,1.);
#2316 = DIRECTION('',(0.,1.,0.));
#2317 = PCURVE('',#609,#2318);
#2318 = DEFINITIONAL_REPRESENTATION('',(#2319),#2322);
#2319 = B_SPLINE_CURVE_WITH_KNOTS('',1,(#2320,#2321),.UNSPECIFIED.,.F.,
  .F.,(2,2),(-5.999999999062E-07,5.0000006),.PIECEWISE_BEZIER_KNOTS.);
#2320 = CARTESIAN_POINT('',(1.21672156464,-5.999999999062E-07));
#2321 = CARTESIAN_POINT('',(1.21672156464,5.0000006));
#2322 = ( GEOMETRIC_REPRESENTATION_CONTEXT(2) 
PARAMETRIC_REPRESENTATION_CONTEXT() REPRESENTATION_CONTEXT('2D SPACE',''
  ) );
#2323 = PCURVE('',#2246,#2324);
#2324 = DEFINITIONAL_REPRESENTATION('',(#2325),#2328);
#2325 = B_SPLINE_CURVE_WITH_KNOTS('',1,(#2326,#2327),.UNSPECIFIED.,.F.,
  .F.,(2,2),(-5.999999999062E-07,5.0000006),.PIECEWISE_BEZIER_KNOTS.);
#2326 = CARTESIAN_POINT('',(5.488416572939,18.9999994));
#2327 = CARTESIAN_POINT('',(5.488416572939,24.0000006));
#2328 = ( GEOMETRIC_REPRESENTATION_CONTEXT(2) 
PARAMETRIC_REPRESENTATION_CONTEXT() REPRESENTATION_CONTEXT('2D SPACE',''
  ) );
#2329 = ORIENTED_EDGE('',*,*,#2330,.T.);
#2330 = EDGE_CURVE('',#2310,#2331,#2333,.T.);
#2331 = VERTEX_POINT('',#2332);
#2332 = CARTESIAN_POINT('',(-7.065646176186,20.5,-6.934453411261));
#2333 = SURFACE_CURVE('',#2334,(#2339,#2346),.PCURVE_S1.);
#2334 = CIRCLE('',#2335,20.);
#2335 = AXIS2_PLACEMENT_3D('',#2336,#2337,#2338);
#2336 = CARTESIAN_POINT('',(-25.825,20.5,0.));
#2337 = DIRECTION('',(0.,1.,0.));
#2338 = DIRECTION('',(0.,-0.,1.));
#2339 = PCURVE('',#609,#2340);
#2340 = DEFINITIONAL_REPRESENTATION('',(#2341),#2345);
#2341 = LINE('',#2342,#2343);
#2342 = CARTESIAN_POINT('',(0.,5.));
#2343 = VECTOR('',#2344,1.);
#2344 = DIRECTION('',(1.,0.));
#2345 = ( GEOMETRIC_REPRESENTATION_CONTEXT(2) 
PARAMETRIC_REPRESENTATION_CONTEXT() REPRESENTATION_CONTEXT('2D SPACE',''
  ) );
#2346 = PCURVE('',#2347,#2352);
#2347 = PLANE('',#2348);
#2348 = AXIS2_PLACEMENT_3D('',#2349,#2350,#2351);
#2349 = CARTESIAN_POINT('',(0.,20.5,0.));
#2350 = DIRECTION('',(0.,1.,0.));
#2351 = DIRECTION('',(0.,-0.,1.));
#2352 = DEFINITIONAL_REPRESENTATION('',(#2353),#2357);
#2353 = CIRCLE('',#2354,20.);
#2354 = AXIS2_PLACEMENT_2D('',#2355,#2356);
#2355 = CARTESIAN_POINT('',(0.,-25.825));
#2356 = DIRECTION('',(1.,0.));
#2357 = ( GEOMETRIC_REPRESENTATION_CONTEXT(2) 
PARAMETRIC_REPRESENTATION_CONTEXT() REPRESENTATION_CONTEXT('2D SPACE',''
  ) );
#2358 = ORIENTED_EDGE('',*,*,#2359,.F.);
#2359 = EDGE_CURVE('',#2206,#2331,#2360,.T.);
#2360 = SURFACE_CURVE('',#2361,(#2365,#2371),.PCURVE_S1.);
#2361 = LINE('',#2362,#2363);
#2362 = CARTESIAN_POINT('',(-7.065646176186,15.5,-6.934453411261));
#2363 = VECTOR('',#2364,1.);
#2364 = DIRECTION('',(0.,1.,0.));
#2365 = PCURVE('',#609,#2366);
#2366 = DEFINITIONAL_REPRESENTATION('',(#2367),#2370);
#2367 = B_SPLINE_CURVE_WITH_KNOTS('',1,(#2368,#2369),.UNSPECIFIED.,.F.,
  .F.,(2,2),(-5.999999999062E-07,5.0000006),.PIECEWISE_BEZIER_KNOTS.);
#2368 = CARTESIAN_POINT('',(1.92487108895,-5.999999999062E-07));
#2369 = CARTESIAN_POINT('',(1.92487108895,5.0000006));
#2370 = ( GEOMETRIC_REPRESENTATION_CONTEXT(2) 
PARAMETRIC_REPRESENTATION_CONTEXT() REPRESENTATION_CONTEXT('2D SPACE',''
  ) );
#2371 = PCURVE('',#2246,#2372);
#2372 = DEFINITIONAL_REPRESENTATION('',(#2373),#2376);
#2373 = B_SPLINE_CURVE_WITH_KNOTS('',1,(#2374,#2375),.UNSPECIFIED.,.F.,
  .F.,(2,2),(-5.999999999062E-07,5.0000006),.PIECEWISE_BEZIER_KNOTS.);
#2374 = CARTESIAN_POINT('',(3.93636138783,18.9999994));
#2375 = CARTESIAN_POINT('',(3.93636138783,24.0000006));
#2376 = ( GEOMETRIC_REPRESENTATION_CONTEXT(2) 
PARAMETRIC_REPRESENTATION_CONTEXT() REPRESENTATION_CONTEXT('2D SPACE',''
  ) );
#2377 = ORIENTED_EDGE('',*,*,#2205,.T.);
#2378 = ORIENTED_EDGE('',*,*,#2379,.T.);
#2379 = EDGE_CURVE('',#2185,#2284,#2380,.T.);
#2380 = SURFACE_CURVE('',#2381,(#2385,#2391),.PCURVE_S1.);
#2381 = LINE('',#2382,#2383);
#2382 = CARTESIAN_POINT('',(-12.59624344467,15.5,-15.));
#2383 = VECTOR('',#2384,1.);
#2384 = DIRECTION('',(0.,1.,0.));
#2385 = PCURVE('',#609,#2386);
#2386 = DEFINITIONAL_REPRESENTATION('',(#2387),#2390);
#2387 = B_SPLINE_CURVE_WITH_KNOTS('',1,(#2388,#2389),.UNSPECIFIED.,.F.,
  .F.,(2,2),(-5.999999999062E-07,20.0000006),.PIECEWISE_BEZIER_KNOTS.);
#2388 = CARTESIAN_POINT('',(2.418858405776,-5.999999999062E-07));
#2389 = CARTESIAN_POINT('',(2.418858405776,20.0000006));
#2390 = ( GEOMETRIC_REPRESENTATION_CONTEXT(2) 
PARAMETRIC_REPRESENTATION_CONTEXT() REPRESENTATION_CONTEXT('2D SPACE',''
  ) );
#2391 = PCURVE('',#825,#2392);
#2392 = DEFINITIONAL_REPRESENTATION('',(#2393),#2396);
#2393 = B_SPLINE_CURVE_WITH_KNOTS('',1,(#2394,#2395),.UNSPECIFIED.,.F.,
  .F.,(2,2),(-5.999999999062E-07,20.0000006),.PIECEWISE_BEZIER_KNOTS.);
#2394 = CARTESIAN_POINT('',(84.403756555323,57.4999994));
#2395 = CARTESIAN_POINT('',(84.403756555323,77.5000006));
#2396 = ( GEOMETRIC_REPRESENTATION_CONTEXT(2) 
PARAMETRIC_REPRESENTATION_CONTEXT() REPRESENTATION_CONTEXT('2D SPACE',''
  ) );
#2397 = ADVANCED_FACE('',(#2398),#583,.F.);
#2398 = FACE_BOUND('',#2399,.F.);
#2399 = EDGE_LOOP('',(#2400,#2401,#2402,#2423));
#2400 = ORIENTED_EDGE('',*,*,#568,.F.);
#2401 = ORIENTED_EDGE('',*,*,#2283,.T.);
#2402 = ORIENTED_EDGE('',*,*,#2403,.T.);
#2403 = EDGE_CURVE('',#2284,#2404,#2406,.T.);
#2404 = VERTEX_POINT('',#2405);
#2405 = CARTESIAN_POINT('',(-39.05375655532,35.5,-15.));
#2406 = SURFACE_CURVE('',#2407,(#2411,#2417),.PCURVE_S1.);
#2407 = LINE('',#2408,#2409);
#2408 = CARTESIAN_POINT('',(-61.4125,35.5,-15.));
#2409 = VECTOR('',#2410,1.);
#2410 = DIRECTION('',(-1.,0.,0.));
#2411 = PCURVE('',#583,#2412);
#2412 = DEFINITIONAL_REPRESENTATION('',(#2413),#2416);
#2413 = B_SPLINE_CURVE_WITH_KNOTS('',1,(#2414,#2415),.UNSPECIFIED.,.F.,
  .F.,(2,2),(-55.5875,-15.5875),.PIECEWISE_BEZIER_KNOTS.);
#2414 = CARTESIAN_POINT('',(-15.,20.));
#2415 = CARTESIAN_POINT('',(-15.,-20.));
#2416 = ( GEOMETRIC_REPRESENTATION_CONTEXT(2) 
PARAMETRIC_REPRESENTATION_CONTEXT() REPRESENTATION_CONTEXT('2D SPACE',''
  ) );
#2417 = PCURVE('',#825,#2418);
#2418 = DEFINITIONAL_REPRESENTATION('',(#2419),#2422);
#2419 = B_SPLINE_CURVE_WITH_KNOTS('',1,(#2420,#2421),.UNSPECIFIED.,.F.,
  .F.,(2,2),(-55.5875,-15.5875),.PIECEWISE_BEZIER_KNOTS.);
#2420 = CARTESIAN_POINT('',(91.175,77.5));
#2421 = CARTESIAN_POINT('',(51.175,77.5));
#2422 = ( GEOMETRIC_REPRESENTATION_CONTEXT(2) 
PARAMETRIC_REPRESENTATION_CONTEXT() REPRESENTATION_CONTEXT('2D SPACE',''
  ) );
#2423 = ORIENTED_EDGE('',*,*,#2424,.T.);
#2424 = EDGE_CURVE('',#2404,#543,#2425,.T.);
#2425 = SURFACE_CURVE('',#2426,(#2431,#2438),.PCURVE_S1.);
#2426 = CIRCLE('',#2427,20.);
#2427 = AXIS2_PLACEMENT_3D('',#2428,#2429,#2430);
#2428 = CARTESIAN_POINT('',(-25.825,35.5,0.));
#2429 = DIRECTION('',(0.,1.,0.));
#2430 = DIRECTION('',(0.,-0.,1.));
#2431 = PCURVE('',#583,#2432);
#2432 = DEFINITIONAL_REPRESENTATION('',(#2433),#2437);
#2433 = CIRCLE('',#2434,20.);
#2434 = AXIS2_PLACEMENT_2D('',#2435,#2436);
#2435 = CARTESIAN_POINT('',(0.,0.));
#2436 = DIRECTION('',(1.,0.));
#2437 = ( GEOMETRIC_REPRESENTATION_CONTEXT(2) 
PARAMETRIC_REPRESENTATION_CONTEXT() REPRESENTATION_CONTEXT('2D SPACE',''
  ) );
#2438 = PCURVE('',#557,#2439);
#2439 = DEFINITIONAL_REPRESENTATION('',(#2440),#2444);
#2440 = LINE('',#2441,#2442);
#2441 = CARTESIAN_POINT('',(0.,20.));
#2442 = VECTOR('',#2443,1.);
#2443 = DIRECTION('',(1.,0.));
#2444 = ( GEOMETRIC_REPRESENTATION_CONTEXT(2) 
PARAMETRIC_REPRESENTATION_CONTEXT() REPRESENTATION_CONTEXT('2D SPACE',''
  ) );
#2445 = ADVANCED_FACE('',(#2446),#557,.F.);
#2446 = FACE_BOUND('',#2447,.F.);
#2447 = EDGE_LOOP('',(#2448,#2449,#2450,#2471));
#2448 = ORIENTED_EDGE('',*,*,#542,.T.);
#2449 = ORIENTED_EDGE('',*,*,#2424,.F.);
#2450 = ORIENTED_EDGE('',*,*,#2451,.F.);
#2451 = EDGE_CURVE('',#2452,#2404,#2454,.T.);
#2452 = VERTEX_POINT('',#2453);
#2453 = CARTESIAN_POINT('',(-39.05375655532,15.5,-15.));
#2454 = SURFACE_CURVE('',#2455,(#2459,#2465),.PCURVE_S1.);
#2455 = LINE('',#2456,#2457);
#2456 = CARTESIAN_POINT('',(-39.05375655532,15.5,-15.));
#2457 = VECTOR('',#2458,1.);
#2458 = DIRECTION('',(0.,1.,0.));
#2459 = PCURVE('',#557,#2460);
#2460 = DEFINITIONAL_REPRESENTATION('',(#2461),#2464);
#2461 = B_SPLINE_CURVE_WITH_KNOTS('',1,(#2462,#2463),.UNSPECIFIED.,.F.,
  .F.,(2,2),(-5.999999999062E-07,20.0000006),.PIECEWISE_BEZIER_KNOTS.);
#2462 = CARTESIAN_POINT('',(3.864326901403,-5.999999999062E-07));
#2463 = CARTESIAN_POINT('',(3.864326901403,20.0000006));
#2464 = ( GEOMETRIC_REPRESENTATION_CONTEXT(2) 
PARAMETRIC_REPRESENTATION_CONTEXT() REPRESENTATION_CONTEXT('2D SPACE',''
  ) );
#2465 = PCURVE('',#825,#2466);
#2466 = DEFINITIONAL_REPRESENTATION('',(#2467),#2470);
#2467 = B_SPLINE_CURVE_WITH_KNOTS('',1,(#2468,#2469),.UNSPECIFIED.,.F.,
  .F.,(2,2),(-5.999999999062E-07,20.0000006),.PIECEWISE_BEZIER_KNOTS.);
#2468 = CARTESIAN_POINT('',(57.946243444677,57.4999994));
#2469 = CARTESIAN_POINT('',(57.946243444677,77.5000006));
#2470 = ( GEOMETRIC_REPRESENTATION_CONTEXT(2) 
PARAMETRIC_REPRESENTATION_CONTEXT() REPRESENTATION_CONTEXT('2D SPACE',''
  ) );
#2471 = ORIENTED_EDGE('',*,*,#2472,.T.);
#2472 = EDGE_CURVE('',#2452,#517,#2473,.T.);
#2473 = SURFACE_CURVE('',#2474,(#2479,#2486),.PCURVE_S1.);
#2474 = CIRCLE('',#2475,20.);
#2475 = AXIS2_PLACEMENT_3D('',#2476,#2477,#2478);
#2476 = CARTESIAN_POINT('',(-25.825,15.5,0.));
#2477 = DIRECTION('',(0.,1.,0.));
#2478 = DIRECTION('',(0.,-0.,1.));
#2479 = PCURVE('',#557,#2480);
#2480 = DEFINITIONAL_REPRESENTATION('',(#2481),#2485);
#2481 = LINE('',#2482,#2483);
#2482 = CARTESIAN_POINT('',(0.,0.));
#2483 = VECTOR('',#2484,1.);
#2484 = DIRECTION('',(1.,0.));
#2485 = ( GEOMETRIC_REPRESENTATION_CONTEXT(2) 
PARAMETRIC_REPRESENTATION_CONTEXT() REPRESENTATION_CONTEXT('2D SPACE',''
  ) );
#2486 = PCURVE('',#531,#2487);
#2487 = DEFINITIONAL_REPRESENTATION('',(#2488),#2492);
#2488 = CIRCLE('',#2489,20.);
#2489 = AXIS2_PLACEMENT_2D('',#2490,#2491);
#2490 = CARTESIAN_POINT('',(0.,0.));
#2491 = DIRECTION('',(1.,0.));
#2492 = ( GEOMETRIC_REPRESENTATION_CONTEXT(2) 
PARAMETRIC_REPRESENTATION_CONTEXT() REPRESENTATION_CONTEXT('2D SPACE',''
  ) );
#2493 = ADVANCED_FACE('',(#2494),#531,.T.);
#2494 = FACE_BOUND('',#2495,.T.);
#2495 = EDGE_LOOP('',(#2496,#2497,#2521,#2540));
#2496 = ORIENTED_EDGE('',*,*,#516,.F.);
#2497 = ORIENTED_EDGE('',*,*,#2498,.F.);
#2498 = EDGE_CURVE('',#2499,#489,#2501,.T.);
#2499 = VERTEX_POINT('',#2500);
#2500 = CARTESIAN_POINT('',(-36.50375655532,15.5,-15.));
#2501 = SURFACE_CURVE('',#2502,(#2507,#2514),.PCURVE_S1.);
#2502 = CIRCLE('',#2503,20.);
#2503 = AXIS2_PLACEMENT_3D('',#2504,#2505,#2506);
#2504 = CARTESIAN_POINT('',(-23.275,15.5,0.));
#2505 = DIRECTION('',(0.,1.,0.));
#2506 = DIRECTION('',(0.,-0.,1.));
#2507 = PCURVE('',#531,#2508);
#2508 = DEFINITIONAL_REPRESENTATION('',(#2509),#2513);
#2509 = CIRCLE('',#2510,20.);
#2510 = AXIS2_PLACEMENT_2D('',#2511,#2512);
#2511 = CARTESIAN_POINT('',(0.,2.55));
#2512 = DIRECTION('',(1.,0.));
#2513 = ( GEOMETRIC_REPRESENTATION_CONTEXT(2) 
PARAMETRIC_REPRESENTATION_CONTEXT() REPRESENTATION_CONTEXT('2D SPACE',''
  ) );
#2514 = PCURVE('',#504,#2515);
#2515 = DEFINITIONAL_REPRESENTATION('',(#2516),#2520);
#2516 = LINE('',#2517,#2518);
#2517 = CARTESIAN_POINT('',(0.,17.));
#2518 = VECTOR('',#2519,1.);
#2519 = DIRECTION('',(1.,0.));
#2520 = ( GEOMETRIC_REPRESENTATION_CONTEXT(2) 
PARAMETRIC_REPRESENTATION_CONTEXT() REPRESENTATION_CONTEXT('2D SPACE',''
  ) );
#2521 = ORIENTED_EDGE('',*,*,#2522,.T.);
#2522 = EDGE_CURVE('',#2499,#2452,#2523,.T.);
#2523 = SURFACE_CURVE('',#2524,(#2528,#2534),.PCURVE_S1.);
#2524 = LINE('',#2525,#2526);
#2525 = CARTESIAN_POINT('',(-61.4125,15.5,-15.));
#2526 = VECTOR('',#2527,1.);
#2527 = DIRECTION('',(-1.,0.,0.));
#2528 = PCURVE('',#531,#2529);
#2529 = DEFINITIONAL_REPRESENTATION('',(#2530),#2533);
#2530 = B_SPLINE_CURVE_WITH_KNOTS('',1,(#2531,#2532),.UNSPECIFIED.,.F.,
  .F.,(2,2),(-55.5875,-15.5875),.PIECEWISE_BEZIER_KNOTS.);
#2531 = CARTESIAN_POINT('',(-15.,20.));
#2532 = CARTESIAN_POINT('',(-15.,-20.));
#2533 = ( GEOMETRIC_REPRESENTATION_CONTEXT(2) 
PARAMETRIC_REPRESENTATION_CONTEXT() REPRESENTATION_CONTEXT('2D SPACE',''
  ) );
#2534 = PCURVE('',#825,#2535);
#2535 = DEFINITIONAL_REPRESENTATION('',(#2536),#2539);
#2536 = B_SPLINE_CURVE_WITH_KNOTS('',1,(#2537,#2538),.UNSPECIFIED.,.F.,
  .F.,(2,2),(-55.5875,-15.5875),.PIECEWISE_BEZIER_KNOTS.);
#2537 = CARTESIAN_POINT('',(91.175,57.5));
#2538 = CARTESIAN_POINT('',(51.175,57.5));
#2539 = ( GEOMETRIC_REPRESENTATION_CONTEXT(2) 
PARAMETRIC_REPRESENTATION_CONTEXT() REPRESENTATION_CONTEXT('2D SPACE',''
  ) );
#2540 = ORIENTED_EDGE('',*,*,#2472,.T.);
#2541 = ADVANCED_FACE('',(#2542),#504,.F.);
#2542 = FACE_BOUND('',#2543,.F.);
#2543 = EDGE_LOOP('',(#2544,#2565,#2566,#2567));
#2544 = ORIENTED_EDGE('',*,*,#2545,.F.);
#2545 = EDGE_CURVE('',#1585,#2499,#2546,.T.);
#2546 = SURFACE_CURVE('',#2547,(#2551,#2558),.PCURVE_S1.);
#2547 = LINE('',#2548,#2549);
#2548 = CARTESIAN_POINT('',(-36.50375655532,-18.5,-15.));
#2549 = VECTOR('',#2550,1.);
#2550 = DIRECTION('',(0.,1.,5.224578939413E-17));
#2551 = PCURVE('',#504,#2552);
#2552 = DEFINITIONAL_REPRESENTATION('',(#2553),#2557);
#2553 = LINE('',#2554,#2555);
#2554 = CARTESIAN_POINT('',(3.864326901403,-17.));
#2555 = VECTOR('',#2556,1.);
#2556 = DIRECTION('',(0.,1.));
#2557 = ( GEOMETRIC_REPRESENTATION_CONTEXT(2) 
PARAMETRIC_REPRESENTATION_CONTEXT() REPRESENTATION_CONTEXT('2D SPACE',''
  ) );
#2558 = PCURVE('',#825,#2559);
#2559 = DEFINITIONAL_REPRESENTATION('',(#2560),#2564);
#2560 = LINE('',#2561,#2562);
#2561 = CARTESIAN_POINT('',(60.496243444677,23.5));
#2562 = VECTOR('',#2563,1.);
#2563 = DIRECTION('',(0.,1.));
#2564 = ( GEOMETRIC_REPRESENTATION_CONTEXT(2) 
PARAMETRIC_REPRESENTATION_CONTEXT() REPRESENTATION_CONTEXT('2D SPACE',''
  ) );
#2565 = ORIENTED_EDGE('',*,*,#1584,.T.);
#2566 = ORIENTED_EDGE('',*,*,#488,.T.);
#2567 = ORIENTED_EDGE('',*,*,#2498,.F.);
#2568 = ADVANCED_FACE('',(#2569,#2748),#825,.F.);
#2569 = FACE_BOUND('',#2570,.F.);
#2570 = EDGE_LOOP('',(#2571,#2572,#2596,#2619,#2647,#2675,#2699,#2720,
    #2721,#2722));
#2571 = ORIENTED_EDGE('',*,*,#941,.F.);
#2572 = ORIENTED_EDGE('',*,*,#2573,.T.);
#2573 = EDGE_CURVE('',#914,#2574,#2576,.T.);
#2574 = VERTEX_POINT('',#2575);
#2575 = CARTESIAN_POINT('',(-87.,-42.,-15.));
#2576 = SURFACE_CURVE('',#2577,(#2582,#2589),.PCURVE_S1.);
#2577 = CIRCLE('',#2578,10.);
#2578 = AXIS2_PLACEMENT_3D('',#2579,#2580,#2581);
#2579 = CARTESIAN_POINT('',(-87.,-32.,-15.));
#2580 = DIRECTION('',(0.,0.,1.));
#2581 = DIRECTION('',(0.,-1.,0.));
#2582 = PCURVE('',#825,#2583);
#2583 = DEFINITIONAL_REPRESENTATION('',(#2584),#2588);
#2584 = CIRCLE('',#2585,10.);
#2585 = AXIS2_PLACEMENT_2D('',#2586,#2587);
#2586 = CARTESIAN_POINT('',(10.,10.));
#2587 = DIRECTION('',(0.,-1.));
#2588 = ( GEOMETRIC_REPRESENTATION_CONTEXT(2) 
PARAMETRIC_REPRESENTATION_CONTEXT() REPRESENTATION_CONTEXT('2D SPACE',''
  ) );
#2589 = PCURVE('',#929,#2590);
#2590 = DEFINITIONAL_REPRESENTATION('',(#2591),#2595);
#2591 = LINE('',#2592,#2593);
#2592 = CARTESIAN_POINT('',(-4.712388980385,0.));
#2593 = VECTOR('',#2594,1.);
#2594 = DIRECTION('',(1.,0.));
#2595 = ( GEOMETRIC_REPRESENTATION_CONTEXT(2) 
PARAMETRIC_REPRESENTATION_CONTEXT() REPRESENTATION_CONTEXT('2D SPACE',''
  ) );
#2596 = ORIENTED_EDGE('',*,*,#2597,.T.);
#2597 = EDGE_CURVE('',#2574,#2598,#2600,.T.);
#2598 = VERTEX_POINT('',#2599);
#2599 = CARTESIAN_POINT('',(-10.,-42.,-15.));
#2600 = SURFACE_CURVE('',#2601,(#2605,#2612),.PCURVE_S1.);
#2601 = LINE('',#2602,#2603);
#2602 = CARTESIAN_POINT('',(-97.,-42.,-15.));
#2603 = VECTOR('',#2604,1.);
#2604 = DIRECTION('',(1.,0.,0.));
#2605 = PCURVE('',#825,#2606);
#2606 = DEFINITIONAL_REPRESENTATION('',(#2607),#2611);
#2607 = LINE('',#2608,#2609);
#2608 = CARTESIAN_POINT('',(0.,0.));
#2609 = VECTOR('',#2610,1.);
#2610 = DIRECTION('',(1.,0.));
#2611 = ( GEOMETRIC_REPRESENTATION_CONTEXT(2) 
PARAMETRIC_REPRESENTATION_CONTEXT() REPRESENTATION_CONTEXT('2D SPACE',''
  ) );
#2612 = PCURVE('',#1544,#2613);
#2613 = DEFINITIONAL_REPRESENTATION('',(#2614),#2618);
#2614 = LINE('',#2615,#2616);
#2615 = CARTESIAN_POINT('',(0.,0.));
#2616 = VECTOR('',#2617,1.);
#2617 = DIRECTION('',(0.,1.));
#2618 = ( GEOMETRIC_REPRESENTATION_CONTEXT(2) 
PARAMETRIC_REPRESENTATION_CONTEXT() REPRESENTATION_CONTEXT('2D SPACE',''
  ) );
#2619 = ORIENTED_EDGE('',*,*,#2620,.F.);
#2620 = EDGE_CURVE('',#2621,#2598,#2623,.T.);
#2621 = VERTEX_POINT('',#2622);
#2622 = CARTESIAN_POINT('',(1.7763568394E-15,-32.,-15.));
#2623 = SURFACE_CURVE('',#2624,(#2629,#2640),.PCURVE_S1.);
#2624 = CIRCLE('',#2625,10.);
#2625 = AXIS2_PLACEMENT_3D('',#2626,#2627,#2628);
#2626 = CARTESIAN_POINT('',(-10.,-32.,-15.));
#2627 = DIRECTION('',(-0.,-0.,-1.));
#2628 = DIRECTION('',(0.,-1.,0.));
#2629 = PCURVE('',#825,#2630);
#2630 = DEFINITIONAL_REPRESENTATION('',(#2631),#2639);
#2631 = ( BOUNDED_CURVE() B_SPLINE_CURVE(2,(#2632,#2633,#2634,#2635,
#2636,#2637,#2638),.UNSPECIFIED.,.T.,.F.) B_SPLINE_CURVE_WITH_KNOTS((1,2
    ,2,2,2,1),(-2.094395102393,0.,2.094395102393,4.188790204786,
6.28318530718,8.377580409573),.UNSPECIFIED.) CURVE() 
GEOMETRIC_REPRESENTATION_ITEM() RATIONAL_B_SPLINE_CURVE((1.,0.5,1.,0.5,
1.,0.5,1.)) REPRESENTATION_ITEM('') );
#2632 = CARTESIAN_POINT('',(87.,0.));
#2633 = CARTESIAN_POINT('',(69.679491924311,0.));
#2634 = CARTESIAN_POINT('',(78.339745962156,15.));
#2635 = CARTESIAN_POINT('',(87.,30.));
#2636 = CARTESIAN_POINT('',(95.660254037844,15.));
#2637 = CARTESIAN_POINT('',(104.32050807568,1.59872115546E-14));
#2638 = CARTESIAN_POINT('',(87.,0.));
#2639 = ( GEOMETRIC_REPRESENTATION_CONTEXT(2) 
PARAMETRIC_REPRESENTATION_CONTEXT() REPRESENTATION_CONTEXT('2D SPACE',''
  ) );
#2640 = PCURVE('',#1409,#2641);
#2641 = DEFINITIONAL_REPRESENTATION('',(#2642),#2646);
#2642 = LINE('',#2643,#2644);
#2643 = CARTESIAN_POINT('',(4.712388980385,-0.));
#2644 = VECTOR('',#2645,1.);
#2645 = DIRECTION('',(-1.,0.));
#2646 = ( GEOMETRIC_REPRESENTATION_CONTEXT(2) 
PARAMETRIC_REPRESENTATION_CONTEXT() REPRESENTATION_CONTEXT('2D SPACE',''
  ) );
#2647 = ORIENTED_EDGE('',*,*,#2648,.T.);
#2648 = EDGE_CURVE('',#2621,#2649,#2651,.T.);
#2649 = VERTEX_POINT('',#2650);
#2650 = CARTESIAN_POINT('',(1.7763568394E-15,32.,-15.));
#2651 = SURFACE_CURVE('',#2652,(#2656,#2663),.PCURVE_S1.);
#2652 = LINE('',#2653,#2654);
#2653 = CARTESIAN_POINT('',(0.,-42.,-15.));
#2654 = VECTOR('',#2655,1.);
#2655 = DIRECTION('',(0.,1.,0.));
#2656 = PCURVE('',#825,#2657);
#2657 = DEFINITIONAL_REPRESENTATION('',(#2658),#2662);
#2658 = LINE('',#2659,#2660);
#2659 = CARTESIAN_POINT('',(97.,0.));
#2660 = VECTOR('',#2661,1.);
#2661 = DIRECTION('',(0.,1.));
#2662 = ( GEOMETRIC_REPRESENTATION_CONTEXT(2) 
PARAMETRIC_REPRESENTATION_CONTEXT() REPRESENTATION_CONTEXT('2D SPACE',''
  ) );
#2663 = PCURVE('',#2664,#2669);
#2664 = PLANE('',#2665);
#2665 = AXIS2_PLACEMENT_3D('',#2666,#2667,#2668);
#2666 = CARTESIAN_POINT('',(0.,-42.,-15.));
#2667 = DIRECTION('',(1.,0.,0.));
#2668 = DIRECTION('',(0.,0.,1.));
#2669 = DEFINITIONAL_REPRESENTATION('',(#2670),#2674);
#2670 = LINE('',#2671,#2672);
#2671 = CARTESIAN_POINT('',(0.,0.));
#2672 = VECTOR('',#2673,1.);
#2673 = DIRECTION('',(0.,-1.));
#2674 = ( GEOMETRIC_REPRESENTATION_CONTEXT(2) 
PARAMETRIC_REPRESENTATION_CONTEXT() REPRESENTATION_CONTEXT('2D SPACE',''
  ) );
#2675 = ORIENTED_EDGE('',*,*,#2676,.T.);
#2676 = EDGE_CURVE('',#2649,#2677,#2679,.T.);
#2677 = VERTEX_POINT('',#2678);
#2678 = CARTESIAN_POINT('',(-10.,42.,-15.));
#2679 = SURFACE_CURVE('',#2680,(#2685,#2692),.PCURVE_S1.);
#2680 = CIRCLE('',#2681,10.);
#2681 = AXIS2_PLACEMENT_3D('',#2682,#2683,#2684);
#2682 = CARTESIAN_POINT('',(-10.,32.,-15.));
#2683 = DIRECTION('',(0.,0.,1.));
#2684 = DIRECTION('',(0.,-1.,0.));
#2685 = PCURVE('',#825,#2686);
#2686 = DEFINITIONAL_REPRESENTATION('',(#2687),#2691);
#2687 = CIRCLE('',#2688,10.);
#2688 = AXIS2_PLACEMENT_2D('',#2689,#2690);
#2689 = CARTESIAN_POINT('',(87.,74.));
#2690 = DIRECTION('',(0.,-1.));
#2691 = ( GEOMETRIC_REPRESENTATION_CONTEXT(2) 
PARAMETRIC_REPRESENTATION_CONTEXT() REPRESENTATION_CONTEXT('2D SPACE',''
  ) );
#2692 = PCURVE('',#1444,#2693);
#2693 = DEFINITIONAL_REPRESENTATION('',(#2694),#2698);
#2694 = LINE('',#2695,#2696);
#2695 = CARTESIAN_POINT('',(-1.570796326795,0.));
#2696 = VECTOR('',#2697,1.);
#2697 = DIRECTION('',(1.,0.));
#2698 = ( GEOMETRIC_REPRESENTATION_CONTEXT(2) 
PARAMETRIC_REPRESENTATION_CONTEXT() REPRESENTATION_CONTEXT('2D SPACE',''
  ) );
#2699 = ORIENTED_EDGE('',*,*,#2700,.F.);
#2700 = EDGE_CURVE('',#1091,#2677,#2701,.T.);
#2701 = SURFACE_CURVE('',#2702,(#2706,#2713),.PCURVE_S1.);
#2702 = LINE('',#2703,#2704);
#2703 = CARTESIAN_POINT('',(-97.,42.,-15.));
#2704 = VECTOR('',#2705,1.);
#2705 = DIRECTION('',(1.,0.,0.));
#2706 = PCURVE('',#825,#2707);
#2707 = DEFINITIONAL_REPRESENTATION('',(#2708),#2712);
#2708 = LINE('',#2709,#2710);
#2709 = CARTESIAN_POINT('',(0.,84.));
#2710 = VECTOR('',#2711,1.);
#2711 = DIRECTION('',(1.,0.));
#2712 = ( GEOMETRIC_REPRESENTATION_CONTEXT(2) 
PARAMETRIC_REPRESENTATION_CONTEXT() REPRESENTATION_CONTEXT('2D SPACE',''
  ) );
#2713 = PCURVE('',#1074,#2714);
#2714 = DEFINITIONAL_REPRESENTATION('',(#2715),#2719);
#2715 = LINE('',#2716,#2717);
#2716 = CARTESIAN_POINT('',(0.,0.));
#2717 = VECTOR('',#2718,1.);
#2718 = DIRECTION('',(0.,1.));
#2719 = ( GEOMETRIC_REPRESENTATION_CONTEXT(2) 
PARAMETRIC_REPRESENTATION_CONTEXT() REPRESENTATION_CONTEXT('2D SPACE',''
  ) );
#2720 = ORIENTED_EDGE('',*,*,#1090,.F.);
#2721 = ORIENTED_EDGE('',*,*,#809,.F.);
#2722 = ORIENTED_EDGE('',*,*,#2723,.F.);
#2723 = EDGE_CURVE('',#942,#781,#2724,.T.);
#2724 = SURFACE_CURVE('',#2725,(#2729,#2736),.PCURVE_S1.);
#2725 = LINE('',#2726,#2727);
#2726 = CARTESIAN_POINT('',(-97.,-42.,-15.));
#2727 = VECTOR('',#2728,1.);
#2728 = DIRECTION('',(0.,1.,0.));
#2729 = PCURVE('',#825,#2730);
#2730 = DEFINITIONAL_REPRESENTATION('',(#2731),#2735);
#2731 = LINE('',#2732,#2733);
#2732 = CARTESIAN_POINT('',(0.,0.));
#2733 = VECTOR('',#2734,1.);
#2734 = DIRECTION('',(0.,1.));
#2735 = ( GEOMETRIC_REPRESENTATION_CONTEXT(2) 
PARAMETRIC_REPRESENTATION_CONTEXT() REPRESENTATION_CONTEXT('2D SPACE',''
  ) );
#2736 = PCURVE('',#2737,#2742);
#2737 = PLANE('',#2738);
#2738 = AXIS2_PLACEMENT_3D('',#2739,#2740,#2741);
#2739 = CARTESIAN_POINT('',(-97.,0.,0.));
#2740 = DIRECTION('',(1.,0.,0.));
#2741 = DIRECTION('',(-0.,0.,1.));
#2742 = DEFINITIONAL_REPRESENTATION('',(#2743),#2747);
#2743 = LINE('',#2744,#2745);
#2744 = CARTESIAN_POINT('',(-15.,42.));
#2745 = VECTOR('',#2746,1.);
#2746 = DIRECTION('',(0.,-1.));
#2747 = ( GEOMETRIC_REPRESENTATION_CONTEXT(2) 
PARAMETRIC_REPRESENTATION_CONTEXT() REPRESENTATION_CONTEXT('2D SPACE',''
  ) );
#2748 = FACE_BOUND('',#2749,.F.);
#2749 = EDGE_LOOP('',(#2750,#2751,#2752,#2753,#2754,#2755,#2756,#2757,
    #2758,#2777,#2778,#2779));
#2750 = ORIENTED_EDGE('',*,*,#1608,.F.);
#2751 = ORIENTED_EDGE('',*,*,#2545,.T.);
#2752 = ORIENTED_EDGE('',*,*,#2522,.T.);
#2753 = ORIENTED_EDGE('',*,*,#2451,.T.);
#2754 = ORIENTED_EDGE('',*,*,#2403,.F.);
#2755 = ORIENTED_EDGE('',*,*,#2379,.F.);
#2756 = ORIENTED_EDGE('',*,*,#2184,.F.);
#2757 = ORIENTED_EDGE('',*,*,#1935,.T.);
#2758 = ORIENTED_EDGE('',*,*,#2759,.T.);
#2759 = EDGE_CURVE('',#1938,#1808,#2760,.T.);
#2760 = SURFACE_CURVE('',#2761,(#2765,#2771),.PCURVE_S1.);
#2761 = LINE('',#2762,#2763);
#2762 = CARTESIAN_POINT('',(-60.1375,-18.5,-15.));
#2763 = VECTOR('',#2764,1.);
#2764 = DIRECTION('',(-1.,0.,0.));
#2765 = PCURVE('',#825,#2766);
#2766 = DEFINITIONAL_REPRESENTATION('',(#2767),#2770);
#2767 = B_SPLINE_CURVE_WITH_KNOTS('',1,(#2768,#2769),.UNSPECIFIED.,.F.,
  .F.,(2,2),(-56.8625,-16.8625),.PIECEWISE_BEZIER_KNOTS.);
#2768 = CARTESIAN_POINT('',(93.725,23.5));
#2769 = CARTESIAN_POINT('',(53.725,23.5));
#2770 = ( GEOMETRIC_REPRESENTATION_CONTEXT(2) 
PARAMETRIC_REPRESENTATION_CONTEXT() REPRESENTATION_CONTEXT('2D SPACE',''
  ) );
#2771 = PCURVE('',#1845,#2772);
#2772 = DEFINITIONAL_REPRESENTATION('',(#2773),#2776);
#2773 = B_SPLINE_CURVE_WITH_KNOTS('',1,(#2774,#2775),.UNSPECIFIED.,.F.,
  .F.,(2,2),(-56.8625,-16.8625),.PIECEWISE_BEZIER_KNOTS.);
#2774 = CARTESIAN_POINT('',(-15.,20.));
#2775 = CARTESIAN_POINT('',(-15.,-20.));
#2776 = ( GEOMETRIC_REPRESENTATION_CONTEXT(2) 
PARAMETRIC_REPRESENTATION_CONTEXT() REPRESENTATION_CONTEXT('2D SPACE',''
  ) );
#2777 = ORIENTED_EDGE('',*,*,#1807,.F.);
#2778 = ORIENTED_EDGE('',*,*,#1703,.T.);
#2779 = ORIENTED_EDGE('',*,*,#1632,.T.);
#2780 = ADVANCED_FACE('',(#2781),#797,.T.);
#2781 = FACE_BOUND('',#2782,.T.);
#2782 = EDGE_LOOP('',(#2783,#2806,#2807,#2808,#2830,#2831,#2832,#2833));
#2783 = ORIENTED_EDGE('',*,*,#2784,.T.);
#2784 = EDGE_CURVE('',#2785,#862,#2787,.T.);
#2785 = VERTEX_POINT('',#2786);
#2786 = CARTESIAN_POINT('',(-109.,3.918869757272E-15,16.));
#2787 = SEAM_CURVE('',#2788,(#2792,#2799),.PCURVE_S1.);
#2788 = LINE('',#2789,#2790);
#2789 = CARTESIAN_POINT('',(-109.,3.918869757272E-15,16.));
#2790 = VECTOR('',#2791,1.);
#2791 = DIRECTION('',(1.,0.,0.));
#2792 = PCURVE('',#797,#2793);
#2793 = DEFINITIONAL_REPRESENTATION('',(#2794),#2798);
#2794 = LINE('',#2795,#2796);
#2795 = CARTESIAN_POINT('',(6.28318530718,-0.));
#2796 = VECTOR('',#2797,1.);
#2797 = DIRECTION('',(0.,1.));
#2798 = ( GEOMETRIC_REPRESENTATION_CONTEXT(2) 
PARAMETRIC_REPRESENTATION_CONTEXT() REPRESENTATION_CONTEXT('2D SPACE',''
  ) );
#2799 = PCURVE('',#797,#2800);
#2800 = DEFINITIONAL_REPRESENTATION('',(#2801),#2805);
#2801 = LINE('',#2802,#2803);
#2802 = CARTESIAN_POINT('',(0.,-0.));
#2803 = VECTOR('',#2804,1.);
#2804 = DIRECTION('',(0.,1.));
#2805 = ( GEOMETRIC_REPRESENTATION_CONTEXT(2) 
PARAMETRIC_REPRESENTATION_CONTEXT() REPRESENTATION_CONTEXT('2D SPACE',''
  ) );
#2806 = ORIENTED_EDGE('',*,*,#861,.F.);
#2807 = ORIENTED_EDGE('',*,*,#780,.F.);
#2808 = ORIENTED_EDGE('',*,*,#2809,.F.);
#2809 = EDGE_CURVE('',#942,#781,#2810,.T.);
#2810 = SURFACE_CURVE('',#2811,(#2816,#2823),.PCURVE_S1.);
#2811 = CIRCLE('',#2812,16.);
#2812 = AXIS2_PLACEMENT_3D('',#2813,#2814,#2815);
#2813 = CARTESIAN_POINT('',(-97.,0.,0.));
#2814 = DIRECTION('',(1.,0.,0.));
#2815 = DIRECTION('',(-0.,0.,1.));
#2816 = PCURVE('',#797,#2817);
#2817 = DEFINITIONAL_REPRESENTATION('',(#2818),#2822);
#2818 = LINE('',#2819,#2820);
#2819 = CARTESIAN_POINT('',(0.,12.));
#2820 = VECTOR('',#2821,1.);
#2821 = DIRECTION('',(1.,0.));
#2822 = ( GEOMETRIC_REPRESENTATION_CONTEXT(2) 
PARAMETRIC_REPRESENTATION_CONTEXT() REPRESENTATION_CONTEXT('2D SPACE',''
  ) );
#2823 = PCURVE('',#2737,#2824);
#2824 = DEFINITIONAL_REPRESENTATION('',(#2825),#2829);
#2825 = CIRCLE('',#2826,16.);
#2826 = AXIS2_PLACEMENT_2D('',#2827,#2828);
#2827 = CARTESIAN_POINT('',(0.,0.));
#2828 = DIRECTION('',(1.,0.));
#2829 = ( GEOMETRIC_REPRESENTATION_CONTEXT(2) 
PARAMETRIC_REPRESENTATION_CONTEXT() REPRESENTATION_CONTEXT('2D SPACE',''
  ) );
#2830 = ORIENTED_EDGE('',*,*,#964,.F.);
#2831 = ORIENTED_EDGE('',*,*,#885,.F.);
#2832 = ORIENTED_EDGE('',*,*,#2784,.F.);
#2833 = ORIENTED_EDGE('',*,*,#2834,.T.);
#2834 = EDGE_CURVE('',#2785,#2785,#2835,.T.);
#2835 = SURFACE_CURVE('',#2836,(#2841,#2848),.PCURVE_S1.);
#2836 = CIRCLE('',#2837,16.);
#2837 = AXIS2_PLACEMENT_3D('',#2838,#2839,#2840);
#2838 = CARTESIAN_POINT('',(-109.,0.,0.));
#2839 = DIRECTION('',(1.,0.,0.));
#2840 = DIRECTION('',(-0.,0.,1.));
#2841 = PCURVE('',#797,#2842);
#2842 = DEFINITIONAL_REPRESENTATION('',(#2843),#2847);
#2843 = LINE('',#2844,#2845);
#2844 = CARTESIAN_POINT('',(0.,0.));
#2845 = VECTOR('',#2846,1.);
#2846 = DIRECTION('',(1.,0.));
#2847 = ( GEOMETRIC_REPRESENTATION_CONTEXT(2) 
PARAMETRIC_REPRESENTATION_CONTEXT() REPRESENTATION_CONTEXT('2D SPACE',''
  ) );
#2848 = PCURVE('',#2849,#2854);
#2849 = PLANE('',#2850);
#2850 = AXIS2_PLACEMENT_3D('',#2851,#2852,#2853);
#2851 = CARTESIAN_POINT('',(-109.,0.,0.));
#2852 = DIRECTION('',(1.,0.,0.));
#2853 = DIRECTION('',(-0.,0.,1.));
#2854 = DEFINITIONAL_REPRESENTATION('',(#2855),#2859);
#2855 = CIRCLE('',#2856,16.);
#2856 = AXIS2_PLACEMENT_2D('',#2857,#2858);
#2857 = CARTESIAN_POINT('',(0.,0.));
#2858 = DIRECTION('',(1.,0.));
#2859 = ( GEOMETRIC_REPRESENTATION_CONTEXT(2) 
PARAMETRIC_REPRESENTATION_CONTEXT() REPRESENTATION_CONTEXT('2D SPACE',''
  ) );
#2860 = ADVANCED_FACE('',(#2861),#929,.T.);
#2861 = FACE_BOUND('',#2862,.T.);
#2862 = EDGE_LOOP('',(#2863,#2864,#2865,#2886));
#2863 = ORIENTED_EDGE('',*,*,#913,.F.);
#2864 = ORIENTED_EDGE('',*,*,#2573,.T.);
#2865 = ORIENTED_EDGE('',*,*,#2866,.T.);
#2866 = EDGE_CURVE('',#2574,#992,#2867,.T.);
#2867 = SURFACE_CURVE('',#2868,(#2872,#2879),.PCURVE_S1.);
#2868 = LINE('',#2869,#2870);
#2869 = CARTESIAN_POINT('',(-87.,-42.,-15.));
#2870 = VECTOR('',#2871,1.);
#2871 = DIRECTION('',(0.,0.,1.));
#2872 = PCURVE('',#929,#2873);
#2873 = DEFINITIONAL_REPRESENTATION('',(#2874),#2878);
#2874 = LINE('',#2875,#2876);
#2875 = CARTESIAN_POINT('',(1.570796326795,0.));
#2876 = VECTOR('',#2877,1.);
#2877 = DIRECTION('',(0.,1.));
#2878 = ( GEOMETRIC_REPRESENTATION_CONTEXT(2) 
PARAMETRIC_REPRESENTATION_CONTEXT() REPRESENTATION_CONTEXT('2D SPACE',''
  ) );
#2879 = PCURVE('',#1544,#2880);
#2880 = DEFINITIONAL_REPRESENTATION('',(#2881),#2885);
#2881 = LINE('',#2882,#2883);
#2882 = CARTESIAN_POINT('',(0.,10.));
#2883 = VECTOR('',#2884,1.);
#2884 = DIRECTION('',(1.,0.));
#2885 = ( GEOMETRIC_REPRESENTATION_CONTEXT(2) 
PARAMETRIC_REPRESENTATION_CONTEXT() REPRESENTATION_CONTEXT('2D SPACE',''
  ) );
#2886 = ORIENTED_EDGE('',*,*,#1012,.F.);
#2887 = ADVANCED_FACE('',(#2888),#1074,.T.);
#2888 = FACE_BOUND('',#2889,.T.);
#2889 = EDGE_LOOP('',(#2890,#2891,#2892,#2913));
#2890 = ORIENTED_EDGE('',*,*,#1118,.T.);
#2891 = ORIENTED_EDGE('',*,*,#1060,.F.);
#2892 = ORIENTED_EDGE('',*,*,#2893,.F.);
#2893 = EDGE_CURVE('',#2677,#1038,#2894,.T.);
#2894 = SURFACE_CURVE('',#2895,(#2899,#2906),.PCURVE_S1.);
#2895 = LINE('',#2896,#2897);
#2896 = CARTESIAN_POINT('',(-10.,42.,-15.));
#2897 = VECTOR('',#2898,1.);
#2898 = DIRECTION('',(0.,0.,1.));
#2899 = PCURVE('',#1074,#2900);
#2900 = DEFINITIONAL_REPRESENTATION('',(#2901),#2905);
#2901 = LINE('',#2902,#2903);
#2902 = CARTESIAN_POINT('',(0.,87.));
#2903 = VECTOR('',#2904,1.);
#2904 = DIRECTION('',(1.,0.));
#2905 = ( GEOMETRIC_REPRESENTATION_CONTEXT(2) 
PARAMETRIC_REPRESENTATION_CONTEXT() REPRESENTATION_CONTEXT('2D SPACE',''
  ) );
#2906 = PCURVE('',#1444,#2907);
#2907 = DEFINITIONAL_REPRESENTATION('',(#2908),#2912);
#2908 = LINE('',#2909,#2910);
#2909 = CARTESIAN_POINT('',(1.570796326795,0.));
#2910 = VECTOR('',#2911,1.);
#2911 = DIRECTION('',(0.,1.));
#2912 = ( GEOMETRIC_REPRESENTATION_CONTEXT(2) 
PARAMETRIC_REPRESENTATION_CONTEXT() REPRESENTATION_CONTEXT('2D SPACE',''
  ) );
#2913 = ORIENTED_EDGE('',*,*,#2700,.F.);
#2914 = ADVANCED_FACE('',(#2915),#1356,.T.);
#2915 = FACE_BOUND('',#2916,.T.);
#2916 = EDGE_LOOP('',(#2917,#2918,#2941,#2968));
#2917 = ORIENTED_EDGE('',*,*,#1342,.F.);
#2918 = ORIENTED_EDGE('',*,*,#2919,.F.);
#2919 = EDGE_CURVE('',#2920,#1144,#2922,.T.);
#2920 = VERTEX_POINT('',#2921);
#2921 = CARTESIAN_POINT('',(-1.221551895964E-16,-32.,8.25));
#2922 = SURFACE_CURVE('',#2923,(#2927,#2934),.PCURVE_S1.);
#2923 = LINE('',#2924,#2925);
#2924 = CARTESIAN_POINT('',(1.7763568394E-15,-32.,-15.));
#2925 = VECTOR('',#2926,1.);
#2926 = DIRECTION('',(0.,0.,1.));
#2927 = PCURVE('',#1356,#2928);
#2928 = DEFINITIONAL_REPRESENTATION('',(#2929),#2933);
#2929 = LINE('',#2930,#2931);
#2930 = CARTESIAN_POINT('',(0.,-10.));
#2931 = VECTOR('',#2932,1.);
#2932 = DIRECTION('',(1.,0.));
#2933 = ( GEOMETRIC_REPRESENTATION_CONTEXT(2) 
PARAMETRIC_REPRESENTATION_CONTEXT() REPRESENTATION_CONTEXT('2D SPACE',''
  ) );
#2934 = PCURVE('',#1409,#2935);
#2935 = DEFINITIONAL_REPRESENTATION('',(#2936),#2940);
#2936 = LINE('',#2937,#2938);
#2937 = CARTESIAN_POINT('',(-0.,0.));
#2938 = VECTOR('',#2939,1.);
#2939 = DIRECTION('',(-0.,1.));
#2940 = ( GEOMETRIC_REPRESENTATION_CONTEXT(2) 
PARAMETRIC_REPRESENTATION_CONTEXT() REPRESENTATION_CONTEXT('2D SPACE',''
  ) );
#2941 = ORIENTED_EDGE('',*,*,#2942,.T.);
#2942 = EDGE_CURVE('',#2920,#2943,#2945,.T.);
#2943 = VERTEX_POINT('',#2944);
#2944 = CARTESIAN_POINT('',(-1.010333609297E-15,-20.,8.25));
#2945 = SURFACE_CURVE('',#2946,(#2950,#2957),.PCURVE_S1.);
#2946 = LINE('',#2947,#2948);
#2947 = CARTESIAN_POINT('',(-2.020667218593E-15,-34.,8.25));
#2948 = VECTOR('',#2949,1.);
#2949 = DIRECTION('',(0.,1.,0.));
#2950 = PCURVE('',#1356,#2951);
#2951 = DEFINITIONAL_REPRESENTATION('',(#2952),#2956);
#2952 = LINE('',#2953,#2954);
#2953 = CARTESIAN_POINT('',(23.25,-8.));
#2954 = VECTOR('',#2955,1.);
#2955 = DIRECTION('',(0.,-1.));
#2956 = ( GEOMETRIC_REPRESENTATION_CONTEXT(2) 
PARAMETRIC_REPRESENTATION_CONTEXT() REPRESENTATION_CONTEXT('2D SPACE',''
  ) );
#2957 = PCURVE('',#2958,#2963);
#2958 = CYLINDRICAL_SURFACE('',#2959,8.25);
#2959 = AXIS2_PLACEMENT_3D('',#2960,#2961,#2962);
#2960 = CARTESIAN_POINT('',(0.,-34.,0.));
#2961 = DIRECTION('',(0.,1.,0.));
#2962 = DIRECTION('',(0.,-0.,1.));
#2963 = DEFINITIONAL_REPRESENTATION('',(#2964),#2967);
#2964 = B_SPLINE_CURVE_WITH_KNOTS('',1,(#2965,#2966),.UNSPECIFIED.,.F.,
  .F.,(2,2),(2.,14.),.PIECEWISE_BEZIER_KNOTS.);
#2965 = CARTESIAN_POINT('',(6.28318530718,2.));
#2966 = CARTESIAN_POINT('',(6.28318530718,14.));
#2967 = ( GEOMETRIC_REPRESENTATION_CONTEXT(2) 
PARAMETRIC_REPRESENTATION_CONTEXT() REPRESENTATION_CONTEXT('2D SPACE',''
  ) );
#2968 = ORIENTED_EDGE('',*,*,#2969,.T.);
#2969 = EDGE_CURVE('',#2943,#1317,#2970,.T.);
#2970 = SURFACE_CURVE('',#2971,(#2975,#2981),.PCURVE_S1.);
#2971 = LINE('',#2972,#2973);
#2972 = CARTESIAN_POINT('',(0.,-20.,-7.5));
#2973 = VECTOR('',#2974,1.);
#2974 = DIRECTION('',(0.,0.,1.));
#2975 = PCURVE('',#1356,#2976);
#2976 = DEFINITIONAL_REPRESENTATION('',(#2977),#2980);
#2977 = B_SPLINE_CURVE_WITH_KNOTS('',1,(#2978,#2979),.UNSPECIFIED.,.F.,
  .F.,(2,2),(-1.85,16.5),.PIECEWISE_BEZIER_KNOTS.);
#2978 = CARTESIAN_POINT('',(5.65,-22.));
#2979 = CARTESIAN_POINT('',(24.,-22.));
#2980 = ( GEOMETRIC_REPRESENTATION_CONTEXT(2) 
PARAMETRIC_REPRESENTATION_CONTEXT() REPRESENTATION_CONTEXT('2D SPACE',''
  ) );
#2981 = PCURVE('',#1331,#2982);
#2982 = DEFINITIONAL_REPRESENTATION('',(#2983),#2986);
#2983 = B_SPLINE_CURVE_WITH_KNOTS('',1,(#2984,#2985),.UNSPECIFIED.,.F.,
  .F.,(2,2),(-1.85,16.5),.PIECEWISE_BEZIER_KNOTS.);
#2984 = CARTESIAN_POINT('',(-9.35,0.));
#2985 = CARTESIAN_POINT('',(9.,0.));
#2986 = ( GEOMETRIC_REPRESENTATION_CONTEXT(2) 
PARAMETRIC_REPRESENTATION_CONTEXT() REPRESENTATION_CONTEXT('2D SPACE',''
  ) );
#2987 = ADVANCED_FACE('',(#2988),#1331,.F.);
#2988 = FACE_BOUND('',#2989,.F.);
#2989 = EDGE_LOOP('',(#2990,#2991,#3019,#3040,#3061));
#2990 = ORIENTED_EDGE('',*,*,#1316,.F.);
#2991 = ORIENTED_EDGE('',*,*,#2992,.F.);
#2992 = EDGE_CURVE('',#2993,#1291,#2995,.T.);
#2993 = VERTEX_POINT('',#2994);
#2994 = CARTESIAN_POINT('',(1.145044757203E-15,-20.,-9.35));
#2995 = SURFACE_CURVE('',#2996,(#3001,#3012),.PCURVE_S1.);
#2996 = CIRCLE('',#2997,9.35);
#2997 = AXIS2_PLACEMENT_3D('',#2998,#2999,#3000);
#2998 = CARTESIAN_POINT('',(0.,-20.,0.));
#2999 = DIRECTION('',(0.,-1.,0.));
#3000 = DIRECTION('',(1.224646799147E-16,0.,-1.));
#3001 = PCURVE('',#1331,#3002);
#3002 = DEFINITIONAL_REPRESENTATION('',(#3003),#3011);
#3003 = ( BOUNDED_CURVE() B_SPLINE_CURVE(2,(#3004,#3005,#3006,#3007,
#3008,#3009,#3010),.UNSPECIFIED.,.T.,.F.) B_SPLINE_CURVE_WITH_KNOTS((1,2
    ,2,2,2,1),(-2.094395102393,0.,2.094395102393,4.188790204786,
6.28318530718,8.377580409573),.UNSPECIFIED.) CURVE() 
GEOMETRIC_REPRESENTATION_ITEM() RATIONAL_B_SPLINE_CURVE((1.,0.5,1.,0.5,
1.,0.5,1.)) REPRESENTATION_ITEM('') );
#3004 = CARTESIAN_POINT('',(-9.35,1.145044757203E-15));
#3005 = CARTESIAN_POINT('',(-9.35,16.194675050769));
#3006 = CARTESIAN_POINT('',(4.675,8.097337525385));
#3007 = CARTESIAN_POINT('',(18.7,0.));
#3008 = CARTESIAN_POINT('',(4.675,-8.097337525384));
#3009 = CARTESIAN_POINT('',(-9.35,-16.19467505076));
#3010 = CARTESIAN_POINT('',(-9.35,1.145044757203E-15));
#3011 = ( GEOMETRIC_REPRESENTATION_CONTEXT(2) 
PARAMETRIC_REPRESENTATION_CONTEXT() REPRESENTATION_CONTEXT('2D SPACE',''
  ) );
#3012 = PCURVE('',#1305,#3013);
#3013 = DEFINITIONAL_REPRESENTATION('',(#3014),#3018);
#3014 = LINE('',#3015,#3016);
#3015 = CARTESIAN_POINT('',(9.424777960769,0.));
#3016 = VECTOR('',#3017,1.);
#3017 = DIRECTION('',(-1.,-0.));
#3018 = ( GEOMETRIC_REPRESENTATION_CONTEXT(2) 
PARAMETRIC_REPRESENTATION_CONTEXT() REPRESENTATION_CONTEXT('2D SPACE',''
  ) );
#3019 = ORIENTED_EDGE('',*,*,#3020,.T.);
#3020 = EDGE_CURVE('',#2993,#3021,#3023,.T.);
#3021 = VERTEX_POINT('',#3022);
#3022 = CARTESIAN_POINT('',(0.,-20.,-8.25));
#3023 = SURFACE_CURVE('',#3024,(#3028,#3034),.PCURVE_S1.);
#3024 = LINE('',#3025,#3026);
#3025 = CARTESIAN_POINT('',(0.,-20.,-7.5));
#3026 = VECTOR('',#3027,1.);
#3027 = DIRECTION('',(0.,0.,1.));
#3028 = PCURVE('',#1331,#3029);
#3029 = DEFINITIONAL_REPRESENTATION('',(#3030),#3033);
#3030 = B_SPLINE_CURVE_WITH_KNOTS('',1,(#3031,#3032),.UNSPECIFIED.,.F.,
  .F.,(2,2),(-1.85,16.5),.PIECEWISE_BEZIER_KNOTS.);
#3031 = CARTESIAN_POINT('',(-9.35,0.));
#3032 = CARTESIAN_POINT('',(9.,0.));
#3033 = ( GEOMETRIC_REPRESENTATION_CONTEXT(2) 
PARAMETRIC_REPRESENTATION_CONTEXT() REPRESENTATION_CONTEXT('2D SPACE',''
  ) );
#3034 = PCURVE('',#2664,#3035);
#3035 = DEFINITIONAL_REPRESENTATION('',(#3036),#3039);
#3036 = B_SPLINE_CURVE_WITH_KNOTS('',1,(#3037,#3038),.UNSPECIFIED.,.F.,
  .F.,(2,2),(-1.85,16.5),.PIECEWISE_BEZIER_KNOTS.);
#3037 = CARTESIAN_POINT('',(5.65,-22.));
#3038 = CARTESIAN_POINT('',(24.,-22.));
#3039 = ( GEOMETRIC_REPRESENTATION_CONTEXT(2) 
PARAMETRIC_REPRESENTATION_CONTEXT() REPRESENTATION_CONTEXT('2D SPACE',''
  ) );
#3040 = ORIENTED_EDGE('',*,*,#3041,.F.);
#3041 = EDGE_CURVE('',#2943,#3021,#3042,.T.);
#3042 = SURFACE_CURVE('',#3043,(#3048,#3055),.PCURVE_S1.);
#3043 = CIRCLE('',#3044,8.25);
#3044 = AXIS2_PLACEMENT_3D('',#3045,#3046,#3047);
#3045 = CARTESIAN_POINT('',(0.,-20.,0.));
#3046 = DIRECTION('',(0.,1.,0.));
#3047 = DIRECTION('',(0.,-0.,1.));
#3048 = PCURVE('',#1331,#3049);
#3049 = DEFINITIONAL_REPRESENTATION('',(#3050),#3054);
#3050 = CIRCLE('',#3051,8.25);
#3051 = AXIS2_PLACEMENT_2D('',#3052,#3053);
#3052 = CARTESIAN_POINT('',(0.,0.));
#3053 = DIRECTION('',(1.,0.));
#3054 = ( GEOMETRIC_REPRESENTATION_CONTEXT(2) 
PARAMETRIC_REPRESENTATION_CONTEXT() REPRESENTATION_CONTEXT('2D SPACE',''
  ) );
#3055 = PCURVE('',#2958,#3056);
#3056 = DEFINITIONAL_REPRESENTATION('',(#3057),#3060);
#3057 = B_SPLINE_CURVE_WITH_KNOTS('',1,(#3058,#3059),.UNSPECIFIED.,.F.,
  .F.,(2,2),(0.,3.14159265359),.PIECEWISE_BEZIER_KNOTS.);
#3058 = CARTESIAN_POINT('',(6.28318530718,14.));
#3059 = CARTESIAN_POINT('',(9.424777960769,14.));
#3060 = ( GEOMETRIC_REPRESENTATION_CONTEXT(2) 
PARAMETRIC_REPRESENTATION_CONTEXT() REPRESENTATION_CONTEXT('2D SPACE',''
  ) );
#3061 = ORIENTED_EDGE('',*,*,#2969,.T.);
#3062 = ADVANCED_FACE('',(#3063),#1305,.T.);
#3063 = FACE_BOUND('',#3064,.T.);
#3064 = EDGE_LOOP('',(#3065,#3066,#3087,#3113));
#3065 = ORIENTED_EDGE('',*,*,#2992,.F.);
#3066 = ORIENTED_EDGE('',*,*,#3067,.T.);
#3067 = EDGE_CURVE('',#2993,#3068,#3070,.T.);
#3068 = VERTEX_POINT('',#3069);
#3069 = CARTESIAN_POINT('',(0.,-3.5,-9.35));
#3070 = SURFACE_CURVE('',#3071,(#3075,#3081),.PCURVE_S1.);
#3071 = LINE('',#3072,#3073);
#3072 = CARTESIAN_POINT('',(0.,-20.,-9.35));
#3073 = VECTOR('',#3074,1.);
#3074 = DIRECTION('',(0.,1.,0.));
#3075 = PCURVE('',#1305,#3076);
#3076 = DEFINITIONAL_REPRESENTATION('',(#3077),#3080);
#3077 = B_SPLINE_CURVE_WITH_KNOTS('',1,(#3078,#3079),.UNSPECIFIED.,.F.,
  .F.,(2,2),(0.,16.5),.PIECEWISE_BEZIER_KNOTS.);
#3078 = CARTESIAN_POINT('',(9.424777960769,0.));
#3079 = CARTESIAN_POINT('',(9.424777960769,16.5));
#3080 = ( GEOMETRIC_REPRESENTATION_CONTEXT(2) 
PARAMETRIC_REPRESENTATION_CONTEXT() REPRESENTATION_CONTEXT('2D SPACE',''
  ) );
#3081 = PCURVE('',#2664,#3082);
#3082 = DEFINITIONAL_REPRESENTATION('',(#3083),#3086);
#3083 = B_SPLINE_CURVE_WITH_KNOTS('',1,(#3084,#3085),.UNSPECIFIED.,.F.,
  .F.,(2,2),(-5.999999999062E-07,23.0000006),.PIECEWISE_BEZIER_KNOTS.);
#3084 = CARTESIAN_POINT('',(5.65,-21.9999994));
#3085 = CARTESIAN_POINT('',(5.65,-45.0000006));
#3086 = ( GEOMETRIC_REPRESENTATION_CONTEXT(2) 
PARAMETRIC_REPRESENTATION_CONTEXT() REPRESENTATION_CONTEXT('2D SPACE',''
  ) );
#3087 = ORIENTED_EDGE('',*,*,#3088,.T.);
#3088 = EDGE_CURVE('',#3068,#1265,#3089,.T.);
#3089 = SURFACE_CURVE('',#3090,(#3095,#3102),.PCURVE_S1.);
#3090 = CIRCLE('',#3091,9.35);
#3091 = AXIS2_PLACEMENT_3D('',#3092,#3093,#3094);
#3092 = CARTESIAN_POINT('',(0.,-3.5,0.));
#3093 = DIRECTION('',(0.,-1.,0.));
#3094 = DIRECTION('',(0.,0.,-1.));
#3095 = PCURVE('',#1305,#3096);
#3096 = DEFINITIONAL_REPRESENTATION('',(#3097),#3101);
#3097 = LINE('',#3098,#3099);
#3098 = CARTESIAN_POINT('',(9.424777960769,16.5));
#3099 = VECTOR('',#3100,1.);
#3100 = DIRECTION('',(-1.,-0.));
#3101 = ( GEOMETRIC_REPRESENTATION_CONTEXT(2) 
PARAMETRIC_REPRESENTATION_CONTEXT() REPRESENTATION_CONTEXT('2D SPACE',''
  ) );
#3102 = PCURVE('',#1279,#3103);
#3103 = DEFINITIONAL_REPRESENTATION('',(#3104),#3112);
#3104 = ( BOUNDED_CURVE() B_SPLINE_CURVE(2,(#3105,#3106,#3107,#3108,
#3109,#3110,#3111),.UNSPECIFIED.,.T.,.F.) B_SPLINE_CURVE_WITH_KNOTS((1,2
    ,2,2,2,1),(-2.094395102393,0.,2.094395102393,4.188790204786,
6.28318530718,8.377580409573),.UNSPECIFIED.) CURVE() 
GEOMETRIC_REPRESENTATION_ITEM() RATIONAL_B_SPLINE_CURVE((1.,0.5,1.,0.5,
1.,0.5,1.)) REPRESENTATION_ITEM('') );
#3105 = CARTESIAN_POINT('',(-9.35,0.));
#3106 = CARTESIAN_POINT('',(-9.35,16.194675050769));
#3107 = CARTESIAN_POINT('',(4.675,8.097337525385));
#3108 = CARTESIAN_POINT('',(18.7,2.290089514406E-15));
#3109 = CARTESIAN_POINT('',(4.675,-8.097337525384));
#3110 = CARTESIAN_POINT('',(-9.35,-16.19467505076));
#3111 = CARTESIAN_POINT('',(-9.35,0.));
#3112 = ( GEOMETRIC_REPRESENTATION_CONTEXT(2) 
PARAMETRIC_REPRESENTATION_CONTEXT() REPRESENTATION_CONTEXT('2D SPACE',''
  ) );
#3113 = ORIENTED_EDGE('',*,*,#1290,.F.);
#3114 = ADVANCED_FACE('',(#3115),#1279,.F.);
#3115 = FACE_BOUND('',#3116,.F.);
#3116 = EDGE_LOOP('',(#3117,#3118,#3146,#3165));
#3117 = ORIENTED_EDGE('',*,*,#1264,.F.);
#3118 = ORIENTED_EDGE('',*,*,#3119,.F.);
#3119 = EDGE_CURVE('',#3120,#1239,#3122,.T.);
#3120 = VERTEX_POINT('',#3121);
#3121 = CARTESIAN_POINT('',(1.212400331156E-15,-3.5,-9.9));
#3122 = SURFACE_CURVE('',#3123,(#3128,#3139),.PCURVE_S1.);
#3123 = CIRCLE('',#3124,9.9);
#3124 = AXIS2_PLACEMENT_3D('',#3125,#3126,#3127);
#3125 = CARTESIAN_POINT('',(0.,-3.5,0.));
#3126 = DIRECTION('',(0.,-1.,0.));
#3127 = DIRECTION('',(1.224646799147E-16,0.,-1.));
#3128 = PCURVE('',#1279,#3129);
#3129 = DEFINITIONAL_REPRESENTATION('',(#3130),#3138);
#3130 = ( BOUNDED_CURVE() B_SPLINE_CURVE(2,(#3131,#3132,#3133,#3134,
#3135,#3136,#3137),.UNSPECIFIED.,.T.,.F.) B_SPLINE_CURVE_WITH_KNOTS((1,2
    ,2,2,2,1),(-2.094395102393,0.,2.094395102393,4.188790204786,
6.28318530718,8.377580409573),.UNSPECIFIED.) CURVE() 
GEOMETRIC_REPRESENTATION_ITEM() RATIONAL_B_SPLINE_CURVE((1.,0.5,1.,0.5,
1.,0.5,1.)) REPRESENTATION_ITEM('') );
#3131 = CARTESIAN_POINT('',(-9.9,1.212400331156E-15));
#3132 = CARTESIAN_POINT('',(-9.9,17.147302994932));
#3133 = CARTESIAN_POINT('',(4.95,8.573651497466));
#3134 = CARTESIAN_POINT('',(19.8,0.));
#3135 = CARTESIAN_POINT('',(4.95,-8.573651497466));
#3136 = CARTESIAN_POINT('',(-9.9,-17.14730299493));
#3137 = CARTESIAN_POINT('',(-9.9,1.212400331156E-15));
#3138 = ( GEOMETRIC_REPRESENTATION_CONTEXT(2) 
PARAMETRIC_REPRESENTATION_CONTEXT() REPRESENTATION_CONTEXT('2D SPACE',''
  ) );
#3139 = PCURVE('',#1253,#3140);
#3140 = DEFINITIONAL_REPRESENTATION('',(#3141),#3145);
#3141 = LINE('',#3142,#3143);
#3142 = CARTESIAN_POINT('',(9.424777960769,0.));
#3143 = VECTOR('',#3144,1.);
#3144 = DIRECTION('',(-1.,-0.));
#3145 = ( GEOMETRIC_REPRESENTATION_CONTEXT(2) 
PARAMETRIC_REPRESENTATION_CONTEXT() REPRESENTATION_CONTEXT('2D SPACE',''
  ) );
#3146 = ORIENTED_EDGE('',*,*,#3147,.T.);
#3147 = EDGE_CURVE('',#3120,#3068,#3148,.T.);
#3148 = SURFACE_CURVE('',#3149,(#3153,#3159),.PCURVE_S1.);
#3149 = LINE('',#3150,#3151);
#3150 = CARTESIAN_POINT('',(0.,-3.5,-7.5));
#3151 = VECTOR('',#3152,1.);
#3152 = DIRECTION('',(0.,0.,1.));
#3153 = PCURVE('',#1279,#3154);
#3154 = DEFINITIONAL_REPRESENTATION('',(#3155),#3158);
#3155 = B_SPLINE_CURVE_WITH_KNOTS('',1,(#3156,#3157),.UNSPECIFIED.,.F.,
  .F.,(2,2),(-2.4,16.5),.PIECEWISE_BEZIER_KNOTS.);
#3156 = CARTESIAN_POINT('',(-9.9,0.));
#3157 = CARTESIAN_POINT('',(9.,0.));
#3158 = ( GEOMETRIC_REPRESENTATION_CONTEXT(2) 
PARAMETRIC_REPRESENTATION_CONTEXT() REPRESENTATION_CONTEXT('2D SPACE',''
  ) );
#3159 = PCURVE('',#2664,#3160);
#3160 = DEFINITIONAL_REPRESENTATION('',(#3161),#3164);
#3161 = B_SPLINE_CURVE_WITH_KNOTS('',1,(#3162,#3163),.UNSPECIFIED.,.F.,
  .F.,(2,2),(-2.4,16.5),.PIECEWISE_BEZIER_KNOTS.);
#3162 = CARTESIAN_POINT('',(5.1,-38.5));
#3163 = CARTESIAN_POINT('',(24.,-38.5));
#3164 = ( GEOMETRIC_REPRESENTATION_CONTEXT(2) 
PARAMETRIC_REPRESENTATION_CONTEXT() REPRESENTATION_CONTEXT('2D SPACE',''
  ) );
#3165 = ORIENTED_EDGE('',*,*,#3088,.T.);
#3166 = ADVANCED_FACE('',(#3167),#1253,.T.);
#3167 = FACE_BOUND('',#3168,.T.);
#3168 = EDGE_LOOP('',(#3169,#3170,#3191,#3217));
#3169 = ORIENTED_EDGE('',*,*,#3119,.F.);
#3170 = ORIENTED_EDGE('',*,*,#3171,.T.);
#3171 = EDGE_CURVE('',#3120,#3172,#3174,.T.);
#3172 = VERTEX_POINT('',#3173);
#3173 = CARTESIAN_POINT('',(1.212400331156E-15,20.5,-9.9));
#3174 = SURFACE_CURVE('',#3175,(#3179,#3185),.PCURVE_S1.);
#3175 = LINE('',#3176,#3177);
#3176 = CARTESIAN_POINT('',(0.,-3.5,-9.9));
#3177 = VECTOR('',#3178,1.);
#3178 = DIRECTION('',(0.,1.,0.));
#3179 = PCURVE('',#1253,#3180);
#3180 = DEFINITIONAL_REPRESENTATION('',(#3181),#3184);
#3181 = B_SPLINE_CURVE_WITH_KNOTS('',1,(#3182,#3183),.UNSPECIFIED.,.F.,
  .F.,(2,2),(0.,24.),.PIECEWISE_BEZIER_KNOTS.);
#3182 = CARTESIAN_POINT('',(9.424777960769,0.));
#3183 = CARTESIAN_POINT('',(9.424777960769,24.));
#3184 = ( GEOMETRIC_REPRESENTATION_CONTEXT(2) 
PARAMETRIC_REPRESENTATION_CONTEXT() REPRESENTATION_CONTEXT('2D SPACE',''
  ) );
#3185 = PCURVE('',#2664,#3186);
#3186 = DEFINITIONAL_REPRESENTATION('',(#3187),#3190);
#3187 = B_SPLINE_CURVE_WITH_KNOTS('',1,(#3188,#3189),.UNSPECIFIED.,.F.,
  .F.,(2,2),(-5.999999999062E-07,24.0000006),.PIECEWISE_BEZIER_KNOTS.);
#3188 = CARTESIAN_POINT('',(5.1,-38.4999994));
#3189 = CARTESIAN_POINT('',(5.1,-62.5000006));
#3190 = ( GEOMETRIC_REPRESENTATION_CONTEXT(2) 
PARAMETRIC_REPRESENTATION_CONTEXT() REPRESENTATION_CONTEXT('2D SPACE',''
  ) );
#3191 = ORIENTED_EDGE('',*,*,#3192,.T.);
#3192 = EDGE_CURVE('',#3172,#1213,#3193,.T.);
#3193 = SURFACE_CURVE('',#3194,(#3199,#3206),.PCURVE_S1.);
#3194 = CIRCLE('',#3195,9.9);
#3195 = AXIS2_PLACEMENT_3D('',#3196,#3197,#3198);
#3196 = CARTESIAN_POINT('',(0.,20.5,0.));
#3197 = DIRECTION('',(0.,-1.,0.));
#3198 = DIRECTION('',(1.224646799147E-16,0.,-1.));
#3199 = PCURVE('',#1253,#3200);
#3200 = DEFINITIONAL_REPRESENTATION('',(#3201),#3205);
#3201 = LINE('',#3202,#3203);
#3202 = CARTESIAN_POINT('',(9.424777960769,24.));
#3203 = VECTOR('',#3204,1.);
#3204 = DIRECTION('',(-1.,-0.));
#3205 = ( GEOMETRIC_REPRESENTATION_CONTEXT(2) 
PARAMETRIC_REPRESENTATION_CONTEXT() REPRESENTATION_CONTEXT('2D SPACE',''
  ) );
#3206 = PCURVE('',#1227,#3207);
#3207 = DEFINITIONAL_REPRESENTATION('',(#3208),#3216);
#3208 = ( BOUNDED_CURVE() B_SPLINE_CURVE(2,(#3209,#3210,#3211,#3212,
#3213,#3214,#3215),.UNSPECIFIED.,.T.,.F.) B_SPLINE_CURVE_WITH_KNOTS((1,2
    ,2,2,2,1),(-2.094395102393,0.,2.094395102393,4.188790204786,
6.28318530718,8.377580409573),.UNSPECIFIED.) CURVE() 
GEOMETRIC_REPRESENTATION_ITEM() RATIONAL_B_SPLINE_CURVE((1.,0.5,1.,0.5,
1.,0.5,1.)) REPRESENTATION_ITEM('') );
#3209 = CARTESIAN_POINT('',(-9.9,1.212400331156E-15));
#3210 = CARTESIAN_POINT('',(-9.9,17.147302994932));
#3211 = CARTESIAN_POINT('',(4.95,8.573651497466));
#3212 = CARTESIAN_POINT('',(19.8,0.));
#3213 = CARTESIAN_POINT('',(4.95,-8.573651497466));
#3214 = CARTESIAN_POINT('',(-9.9,-17.14730299493));
#3215 = CARTESIAN_POINT('',(-9.9,1.212400331156E-15));
#3216 = ( GEOMETRIC_REPRESENTATION_CONTEXT(2) 
PARAMETRIC_REPRESENTATION_CONTEXT() REPRESENTATION_CONTEXT('2D SPACE',''
  ) );
#3217 = ORIENTED_EDGE('',*,*,#1238,.F.);
#3218 = ADVANCED_FACE('',(#3219),#1227,.T.);
#3219 = FACE_BOUND('',#3220,.T.);
#3220 = EDGE_LOOP('',(#3221,#3222,#3223,#3244));
#3221 = ORIENTED_EDGE('',*,*,#1212,.F.);
#3222 = ORIENTED_EDGE('',*,*,#3192,.F.);
#3223 = ORIENTED_EDGE('',*,*,#3224,.T.);
#3224 = EDGE_CURVE('',#3172,#3225,#3227,.T.);
#3225 = VERTEX_POINT('',#3226);
#3226 = CARTESIAN_POINT('',(0.,20.5,-9.35));
#3227 = SURFACE_CURVE('',#3228,(#3232,#3238),.PCURVE_S1.);
#3228 = LINE('',#3229,#3230);
#3229 = CARTESIAN_POINT('',(0.,20.5,-7.5));
#3230 = VECTOR('',#3231,1.);
#3231 = DIRECTION('',(0.,0.,1.));
#3232 = PCURVE('',#1227,#3233);
#3233 = DEFINITIONAL_REPRESENTATION('',(#3234),#3237);
#3234 = B_SPLINE_CURVE_WITH_KNOTS('',1,(#3235,#3236),.UNSPECIFIED.,.F.,
  .F.,(2,2),(-2.4,16.5),.PIECEWISE_BEZIER_KNOTS.);
#3235 = CARTESIAN_POINT('',(-9.9,0.));
#3236 = CARTESIAN_POINT('',(9.,0.));
#3237 = ( GEOMETRIC_REPRESENTATION_CONTEXT(2) 
PARAMETRIC_REPRESENTATION_CONTEXT() REPRESENTATION_CONTEXT('2D SPACE',''
  ) );
#3238 = PCURVE('',#2664,#3239);
#3239 = DEFINITIONAL_REPRESENTATION('',(#3240),#3243);
#3240 = B_SPLINE_CURVE_WITH_KNOTS('',1,(#3241,#3242),.UNSPECIFIED.,.F.,
  .F.,(2,2),(-2.4,16.5),.PIECEWISE_BEZIER_KNOTS.);
#3241 = CARTESIAN_POINT('',(5.1,-62.5));
#3242 = CARTESIAN_POINT('',(24.,-62.5));
#3243 = ( GEOMETRIC_REPRESENTATION_CONTEXT(2) 
PARAMETRIC_REPRESENTATION_CONTEXT() REPRESENTATION_CONTEXT('2D SPACE',''
  ) );
#3244 = ORIENTED_EDGE('',*,*,#3245,.F.);
#3245 = EDGE_CURVE('',#1187,#3225,#3246,.T.);
#3246 = SURFACE_CURVE('',#3247,(#3252,#3259),.PCURVE_S1.);
#3247 = CIRCLE('',#3248,9.35);
#3248 = AXIS2_PLACEMENT_3D('',#3249,#3250,#3251);
#3249 = CARTESIAN_POINT('',(0.,20.5,0.));
#3250 = DIRECTION('',(0.,1.,0.));
#3251 = DIRECTION('',(0.,-0.,1.));
#3252 = PCURVE('',#1227,#3253);
#3253 = DEFINITIONAL_REPRESENTATION('',(#3254),#3258);
#3254 = CIRCLE('',#3255,9.35);
#3255 = AXIS2_PLACEMENT_2D('',#3256,#3257);
#3256 = CARTESIAN_POINT('',(0.,0.));
#3257 = DIRECTION('',(1.,0.));
#3258 = ( GEOMETRIC_REPRESENTATION_CONTEXT(2) 
PARAMETRIC_REPRESENTATION_CONTEXT() REPRESENTATION_CONTEXT('2D SPACE',''
  ) );
#3259 = PCURVE('',#1201,#3260);
#3260 = DEFINITIONAL_REPRESENTATION('',(#3261),#3265);
#3261 = LINE('',#3262,#3263);
#3262 = CARTESIAN_POINT('',(0.,6.5));
#3263 = VECTOR('',#3264,1.);
#3264 = DIRECTION('',(1.,0.));
#3265 = ( GEOMETRIC_REPRESENTATION_CONTEXT(2) 
PARAMETRIC_REPRESENTATION_CONTEXT() REPRESENTATION_CONTEXT('2D SPACE',''
  ) );
#3266 = ADVANCED_FACE('',(#3267),#1201,.T.);
#3267 = FACE_BOUND('',#3268,.T.);
#3268 = EDGE_LOOP('',(#3269,#3270,#3291,#3332,#3358,#3359));
#3269 = ORIENTED_EDGE('',*,*,#3245,.T.);
#3270 = ORIENTED_EDGE('',*,*,#3271,.T.);
#3271 = EDGE_CURVE('',#3225,#3272,#3274,.T.);
#3272 = VERTEX_POINT('',#3273);
#3273 = CARTESIAN_POINT('',(1.7763568394E-15,32.,-9.35));
#3274 = SURFACE_CURVE('',#3275,(#3279,#3285),.PCURVE_S1.);
#3275 = LINE('',#3276,#3277);
#3276 = CARTESIAN_POINT('',(0.,14.,-9.35));
#3277 = VECTOR('',#3278,1.);
#3278 = DIRECTION('',(0.,1.,0.));
#3279 = PCURVE('',#1201,#3280);
#3280 = DEFINITIONAL_REPRESENTATION('',(#3281),#3284);
#3281 = B_SPLINE_CURVE_WITH_KNOTS('',1,(#3282,#3283),.UNSPECIFIED.,.F.,
  .F.,(2,2),(0.,18.),.PIECEWISE_BEZIER_KNOTS.);
#3282 = CARTESIAN_POINT('',(9.424777960769,0.));
#3283 = CARTESIAN_POINT('',(9.424777960769,18.));
#3284 = ( GEOMETRIC_REPRESENTATION_CONTEXT(2) 
PARAMETRIC_REPRESENTATION_CONTEXT() REPRESENTATION_CONTEXT('2D SPACE',''
  ) );
#3285 = PCURVE('',#2664,#3286);
#3286 = DEFINITIONAL_REPRESENTATION('',(#3287),#3290);
#3287 = B_SPLINE_CURVE_WITH_KNOTS('',1,(#3288,#3289),.UNSPECIFIED.,.F.,
  .F.,(2,2),(-5.999999999062E-07,23.0000006),.PIECEWISE_BEZIER_KNOTS.);
#3288 = CARTESIAN_POINT('',(5.65,-55.9999994));
#3289 = CARTESIAN_POINT('',(5.65,-79.0000006));
#3290 = ( GEOMETRIC_REPRESENTATION_CONTEXT(2) 
PARAMETRIC_REPRESENTATION_CONTEXT() REPRESENTATION_CONTEXT('2D SPACE',''
  ) );
#3291 = ORIENTED_EDGE('',*,*,#3292,.T.);
#3292 = EDGE_CURVE('',#3272,#3293,#3295,.T.);
#3293 = VERTEX_POINT('',#3294);
#3294 = CARTESIAN_POINT('',(-1.339745962156,37.,-9.253517210061));
#3295 = SURFACE_CURVE('',#3296,(#3306,#3319),.PCURVE_S1.);
#3296 = B_SPLINE_CURVE_WITH_KNOTS('',8,(#3297,#3298,#3299,#3300,#3301,
    #3302,#3303,#3304,#3305),.UNSPECIFIED.,.F.,.F.,(9,9),(0.,1.),
  .PIECEWISE_BEZIER_KNOTS.);
#3297 = CARTESIAN_POINT('',(1.554312234475E-15,32.,-9.35));
#3298 = CARTESIAN_POINT('',(1.554312234475E-15,32.640404084838,-9.35));
#3299 = CARTESIAN_POINT('',(-4.687050005359E-02,33.280920470575,
    -9.349999893913));
#3300 = CARTESIAN_POINT('',(-0.140640687516,33.919529590994,
    -9.350000442168));
#3301 = CARTESIAN_POINT('',(-0.281740396934,34.554174860043,
    -9.348683248738));
#3302 = CARTESIAN_POINT('',(-0.47098606641,35.182571655141,
    -9.343418810722));
#3303 = CARTESIAN_POINT('',(-0.70950588307,35.802026523366,
    -9.330095500966));
#3304 = CARTESIAN_POINT('',(-0.998663412668,36.409227789236,
    -9.302899955961));
#3305 = CARTESIAN_POINT('',(-1.339746308566,37.0000006,-9.253517159907)
  );
#3306 = PCURVE('',#1201,#3307);
#3307 = DEFINITIONAL_REPRESENTATION('',(#3308),#3318);
#3308 = B_SPLINE_CURVE_WITH_KNOTS('',8,(#3309,#3310,#3311,#3312,#3313,
    #3314,#3315,#3316,#3317),.UNSPECIFIED.,.F.,.F.,(9,9),(0.,
    0.999999873048),.PIECEWISE_BEZIER_KNOTS.);
#3309 = CARTESIAN_POINT('',(9.424777960769,18.));
#3310 = CARTESIAN_POINT('',(9.424777960769,18.640404003537));
#3311 = CARTESIAN_POINT('',(9.429790864371,19.280920307945));
#3312 = CARTESIAN_POINT('',(9.439819669993,19.919529347775));
#3313 = CARTESIAN_POINT('',(9.454910777277,20.554174537764));
#3314 = CARTESIAN_POINT('',(9.475150519156,21.182571256259));
#3315 = CARTESIAN_POINT('',(9.500677816155,21.802026051519));
#3316 = CARTESIAN_POINT('',(9.531701405811,22.409227249637));
#3317 = CARTESIAN_POINT('',(9.568561207193,23.));
#3318 = ( GEOMETRIC_REPRESENTATION_CONTEXT(2) 
PARAMETRIC_REPRESENTATION_CONTEXT() REPRESENTATION_CONTEXT('2D SPACE',''
  ) );
#3319 = PCURVE('',#1444,#3320);
#3320 = DEFINITIONAL_REPRESENTATION('',(#3321),#3331);
#3321 = B_SPLINE_CURVE_WITH_KNOTS('',8,(#3322,#3323,#3324,#3325,#3326,
    #3327,#3328,#3329,#3330),.UNSPECIFIED.,.F.,.F.,(9,9),(0.,1.),
  .PIECEWISE_BEZIER_KNOTS.);
#3322 = CARTESIAN_POINT('',(0.,5.65));
#3323 = CARTESIAN_POINT('',(6.404040848378E-02,5.65));
#3324 = CARTESIAN_POINT('',(0.128092040741,5.650000106087));
#3325 = CARTESIAN_POINT('',(0.19235320006,5.649999557832));
#3326 = CARTESIAN_POINT('',(0.257018874847,5.651316751262));
#3327 = CARTESIAN_POINT('',(0.322283126768,5.656581189278));
#3328 = CARTESIAN_POINT('',(0.388339228588,5.669904499034));
#3329 = CARTESIAN_POINT('',(0.455382273887,5.697100044039));
#3330 = CARTESIAN_POINT('',(0.52359884488,5.746482840093));
#3331 = ( GEOMETRIC_REPRESENTATION_CONTEXT(2) 
PARAMETRIC_REPRESENTATION_CONTEXT() REPRESENTATION_CONTEXT('2D SPACE',''
  ) );
#3332 = ORIENTED_EDGE('',*,*,#3333,.T.);
#3333 = EDGE_CURVE('',#3293,#1457,#3334,.T.);
#3334 = SURFACE_CURVE('',#3335,(#3340,#3347),.PCURVE_S1.);
#3335 = CIRCLE('',#3336,9.35);
#3336 = AXIS2_PLACEMENT_3D('',#3337,#3338,#3339);
#3337 = CARTESIAN_POINT('',(0.,37.,0.));
#3338 = DIRECTION('',(0.,-1.,-0.));
#3339 = DIRECTION('',(-0.143288338198,0.,-0.989680985033));
#3340 = PCURVE('',#1201,#3341);
#3341 = DEFINITIONAL_REPRESENTATION('',(#3342),#3346);
#3342 = LINE('',#3343,#3344);
#3343 = CARTESIAN_POINT('',(9.568561207193,23.));
#3344 = VECTOR('',#3345,1.);
#3345 = DIRECTION('',(-1.,-0.));
#3346 = ( GEOMETRIC_REPRESENTATION_CONTEXT(2) 
PARAMETRIC_REPRESENTATION_CONTEXT() REPRESENTATION_CONTEXT('2D SPACE',''
  ) );
#3347 = PCURVE('',#1476,#3348);
#3348 = DEFINITIONAL_REPRESENTATION('',(#3349),#3357);
#3349 = ( BOUNDED_CURVE() B_SPLINE_CURVE(2,(#3350,#3351,#3352,#3353,
#3354,#3355,#3356),.UNSPECIFIED.,.T.,.F.) B_SPLINE_CURVE_WITH_KNOTS((1,2
    ,2,2,2,1),(-2.094395102393,0.,2.094395102393,4.188790204786,
6.28318530718,8.377580409573),.UNSPECIFIED.) CURVE() 
GEOMETRIC_REPRESENTATION_ITEM() RATIONAL_B_SPLINE_CURVE((1.,0.5,1.,0.5,
1.,0.5,1.)) REPRESENTATION_ITEM('') );
#3350 = CARTESIAN_POINT('',(-9.253517210061,-1.339745962156));
#3351 = CARTESIAN_POINT('',(-11.57402528574,14.687815994382));
#3352 = CARTESIAN_POINT('',(3.466504567186,8.683653959347));
#3353 = CARTESIAN_POINT('',(18.507034420121,2.679491924311));
#3354 = CARTESIAN_POINT('',(5.787012642875,-7.343907997191));
#3355 = CARTESIAN_POINT('',(-6.933009134372,-17.36730791869));
#3356 = CARTESIAN_POINT('',(-9.253517210061,-1.339745962156));
#3357 = ( GEOMETRIC_REPRESENTATION_CONTEXT(2) 
PARAMETRIC_REPRESENTATION_CONTEXT() REPRESENTATION_CONTEXT('2D SPACE',''
  ) );
#3358 = ORIENTED_EDGE('',*,*,#1488,.F.);
#3359 = ORIENTED_EDGE('',*,*,#1186,.F.);
#3360 = ADVANCED_FACE('',(#3361),#1409,.T.);
#3361 = FACE_BOUND('',#3362,.F.);
#3362 = EDGE_LOOP('',(#3363,#3364,#3396,#3422,#3753,#3774,#3806,#3827,
    #3828,#3849));
#3363 = ORIENTED_EDGE('',*,*,#2919,.F.);
#3364 = ORIENTED_EDGE('',*,*,#3365,.F.);
#3365 = EDGE_CURVE('',#3366,#2920,#3368,.T.);
#3366 = VERTEX_POINT('',#3367);
#3367 = CARTESIAN_POINT('',(-0.202041028867,-34.,8.247525654562));
#3368 = SURFACE_CURVE('',#3369,(#3376,#3386),.PCURVE_S1.);
#3369 = B_SPLINE_CURVE_WITH_KNOTS('',5,(#3370,#3371,#3372,#3373,#3374,
    #3375),.UNSPECIFIED.,.F.,.F.,(6,6),(0.,1.),
  .PIECEWISE_BEZIER_KNOTS.);
#3370 = CARTESIAN_POINT('',(-0.202041151342,-34.0000006,8.247525651561)
  );
#3371 = CARTESIAN_POINT('',(-0.120965401095,-33.60281228688,
    8.249511779113));
#3372 = CARTESIAN_POINT('',(-6.04174357607E-02,-33.20348327084,
    8.249998562492));
#3373 = CARTESIAN_POINT('',(-2.013922978439E-02,-32.80277439201,
    8.250000492261));
#3374 = CARTESIAN_POINT('',(-1.110223024625E-16,-32.40139402503,8.25));
#3375 = CARTESIAN_POINT('',(-1.110223024625E-16,-32.,8.25));
#3376 = PCURVE('',#1409,#3377);
#3377 = DEFINITIONAL_REPRESENTATION('',(#3378),#3385);
#3378 = B_SPLINE_CURVE_WITH_KNOTS('',5,(#3379,#3380,#3381,#3382,#3383,
    #3384),.UNSPECIFIED.,.F.,.F.,(6,6),(0.,1.),
  .PIECEWISE_BEZIER_KNOTS.);
#3379 = CARTESIAN_POINT('',(-0.201357982028,23.247525651561));
#3380 = CARTESIAN_POINT('',(-0.160820119065,23.249511779113));
#3381 = CARTESIAN_POINT('',(-0.120483065952,23.249998562492));
#3382 = CARTESIAN_POINT('',(-8.027743475149E-02,23.250000492261));
#3383 = CARTESIAN_POINT('',(-4.013940250302E-02,23.25));
#3384 = CARTESIAN_POINT('',(0.,23.25));
#3385 = ( GEOMETRIC_REPRESENTATION_CONTEXT(2) 
PARAMETRIC_REPRESENTATION_CONTEXT() REPRESENTATION_CONTEXT('2D SPACE',''
  ) );
#3386 = PCURVE('',#2958,#3387);
#3387 = DEFINITIONAL_REPRESENTATION('',(#3388),#3395);
#3388 = B_SPLINE_CURVE_WITH_KNOTS('',5,(#3389,#3390,#3391,#3392,#3393,
    #3394),.UNSPECIFIED.,.F.,.F.,(6,6),(3.02123686858E-07,1.),
  .PIECEWISE_BEZIER_KNOTS.);
#3389 = CARTESIAN_POINT('',(6.25869303687,-1.039295699053E-14));
#3390 = CARTESIAN_POINT('',(6.268523342873,0.397188195702));
#3391 = CARTESIAN_POINT('',(6.275861779919,0.79651709235));
#3392 = CARTESIAN_POINT('',(6.280744259478,1.197225850515));
#3393 = CARTESIAN_POINT('',(6.28318530718,1.59860609624));
#3394 = CARTESIAN_POINT('',(6.28318530718,2.));
#3395 = ( GEOMETRIC_REPRESENTATION_CONTEXT(2) 
PARAMETRIC_REPRESENTATION_CONTEXT() REPRESENTATION_CONTEXT('2D SPACE',''
  ) );
#3396 = ORIENTED_EDGE('',*,*,#3397,.F.);
#3397 = EDGE_CURVE('',#3398,#3366,#3400,.T.);
#3398 = VERTEX_POINT('',#3399);
#3399 = CARTESIAN_POINT('',(-0.202041028867,-34.,2.59213800224));
#3400 = SURFACE_CURVE('',#3401,(#3405,#3411),.PCURVE_S1.);
#3401 = LINE('',#3402,#3403);
#3402 = CARTESIAN_POINT('',(-0.202041028867,-34.,-15.));
#3403 = VECTOR('',#3404,1.);
#3404 = DIRECTION('',(0.,0.,1.));
#3405 = PCURVE('',#1409,#3406);
#3406 = DEFINITIONAL_REPRESENTATION('',(#3407),#3410);
#3407 = B_SPLINE_CURVE_WITH_KNOTS('',1,(#3408,#3409),.UNSPECIFIED.,.F.,
  .F.,(2,2),(5.1,24.0000006),.PIECEWISE_BEZIER_KNOTS.);
#3408 = CARTESIAN_POINT('',(-0.20135792079,5.1));
#3409 = CARTESIAN_POINT('',(-0.20135792079,24.0000006));
#3410 = ( GEOMETRIC_REPRESENTATION_CONTEXT(2) 
PARAMETRIC_REPRESENTATION_CONTEXT() REPRESENTATION_CONTEXT('2D SPACE',''
  ) );
#3411 = PCURVE('',#3412,#3417);
#3412 = PLANE('',#3413);
#3413 = AXIS2_PLACEMENT_3D('',#3414,#3415,#3416);
#3414 = CARTESIAN_POINT('',(0.,-34.,0.));
#3415 = DIRECTION('',(0.,1.,0.));
#3416 = DIRECTION('',(0.,-0.,1.));
#3417 = DEFINITIONAL_REPRESENTATION('',(#3418),#3421);
#3418 = B_SPLINE_CURVE_WITH_KNOTS('',1,(#3419,#3420),.UNSPECIFIED.,.F.,
  .F.,(2,2),(5.1,24.0000006),.PIECEWISE_BEZIER_KNOTS.);
#3419 = CARTESIAN_POINT('',(-9.9,-0.202041028867));
#3420 = CARTESIAN_POINT('',(9.0000006,-0.202041028867));
#3421 = ( GEOMETRIC_REPRESENTATION_CONTEXT(2) 
PARAMETRIC_REPRESENTATION_CONTEXT() REPRESENTATION_CONTEXT('2D SPACE',''
  ) );
#3422 = ORIENTED_EDGE('',*,*,#3423,.F.);
#3423 = EDGE_CURVE('',#3424,#3398,#3426,.T.);
#3424 = VERTEX_POINT('',#3425);
#3425 = CARTESIAN_POINT('',(-0.202041028867,-34.,-2.59213800224));
#3426 = SURFACE_CURVE('',#3427,(#3532,#3640),.PCURVE_S1.);
#3427 = B_SPLINE_CURVE_WITH_KNOTS('',7,(#3428,#3429,#3430,#3431,#3432,
    #3433,#3434,#3435,#3436,#3437,#3438,#3439,#3440,#3441,#3442,#3443,
    #3444,#3445,#3446,#3447,#3448,#3449,#3450,#3451,#3452,#3453,#3454,
    #3455,#3456,#3457,#3458,#3459,#3460,#3461,#3462,#3463,#3464,#3465,
    #3466,#3467,#3468,#3469,#3470,#3471,#3472,#3473,#3474,#3475,#3476,
    #3477,#3478,#3479,#3480,#3481,#3482,#3483,#3484,#3485,#3486,#3487,
    #3488,#3489,#3490,#3491,#3492,#3493,#3494,#3495,#3496,#3497,#3498,
    #3499,#3500,#3501,#3502,#3503,#3504,#3505,#3506,#3507,#3508,#3509,
    #3510,#3511,#3512,#3513,#3514,#3515,#3516,#3517,#3518,#3519,#3520,
    #3521,#3522,#3523,#3524,#3525,#3526,#3527,#3528,#3529,#3530,#3531),
  .UNSPECIFIED.,.F.,.F.,(8,6,6,6,6,6,6,6,6,6,6,6,6,6,6,6,6,8),(0.,
    0.178514565469,0.310648056584,0.373705430111,0.406157623948,
    0.42830675242,0.445643647535,0.459408415707,0.500958330123,
    0.537320214726,0.550024915007,0.566027573669,0.586274980216,
    0.615240529138,0.664817466908,0.727551676717,0.852770350004,1.),
  .UNSPECIFIED.);
#3428 = CARTESIAN_POINT('',(8.881784197001E-16,-32.,-2.6));
#3429 = CARTESIAN_POINT('',(8.881784197001E-16,-32.42951632356,-2.6));
#3430 = CARTESIAN_POINT('',(-2.152325575739E-02,-32.85883363418,
    -2.600000426592));
#3431 = CARTESIAN_POINT('',(-6.453321636722E-02,-33.2873971189,
    -2.599998178271));
#3432 = CARTESIAN_POINT('',(-0.129121283781,-33.71459017007,
    -2.598881839806));
#3433 = CARTESIAN_POINT('',(-0.215463159271,-34.13966327268,
    -2.594388796399));
#3434 = CARTESIAN_POINT('',(-0.323775755157,-34.56156266628,
    -2.583145575209));
#3435 = CARTESIAN_POINT('',(-0.550262125703,-35.28740826463,
    -2.542987198371));
#3436 = CARTESIAN_POINT('',(-0.658575332319,-35.59356286862,
    -2.519420111509));
#3437 = CARTESIAN_POINT('',(-0.778901092638,-35.89674333657,
    -2.48728470453));
#3438 = CARTESIAN_POINT('',(-0.911095651784,-36.19594691728,
    -2.443973683532));
#3439 = CARTESIAN_POINT('',(-1.054608503128,-36.48961076267,
    -2.386220951466));
#3440 = CARTESIAN_POINT('',(-1.208179427763,-36.77549570252,
    -2.310002749684));
#3441 = CARTESIAN_POINT('',(-1.44583037963,-37.18163013165,
    -2.162806061614));
#3442 = CARTESIAN_POINT('',(-1.524342223016,-37.31046485169,
    -2.109872576482));
#3443 = CARTESIAN_POINT('',(-1.604121632655,-37.43627574478,
    -2.051109819264));
#3444 = CARTESIAN_POINT('',(-1.684628001412,-37.55844344423,
    -1.986068127081));
#3445 = CARTESIAN_POINT('',(-1.765238191313,-37.67636490139,
    -1.914308534612));
#3446 = CARTESIAN_POINT('',(-1.84523464727,-37.78943425811,
    -1.835414730008));
#3447 = CARTESIAN_POINT('',(-1.964223476791,-37.95239415159,
    -1.704534637225));
#3448 = CARTESIAN_POINT('',(-2.004249500466,-38.00628146036,
    -1.658099110331));
#3449 = CARTESIAN_POINT('',(-2.043729111431,-38.05856052664,
    -1.609684357259));
#3450 = CARTESIAN_POINT('',(-2.08251634414,-38.10911425124,
    -1.559286513525));
#3451 = CARTESIAN_POINT('',(-2.120463182515,-38.15783306343,
    -1.506912107409));
#3452 = CARTESIAN_POINT('',(-2.157421004558,-38.20461442987,
    -1.452578244344));
#3453 = CARTESIAN_POINT('',(-2.217690433473,-38.27990352616,
    -1.357910742005));
#3454 = CARTESIAN_POINT('',(-2.241606063703,-38.30949342069,
    -1.318613950809));
#3455 = CARTESIAN_POINT('',(-2.264937689653,-38.33809632908,
    -1.278438705156));
#3456 = CARTESIAN_POINT('',(-2.287634890717,-38.3656789761,
    -1.237404561229));
#3457 = CARTESIAN_POINT('',(-2.309648386997,-38.39221041143,
    -1.195534356484));
#3458 = CARTESIAN_POINT('',(-2.330930372627,-38.41766189174,
    -1.152854222165));
#3459 = CARTESIAN_POINT('',(-2.367484417739,-38.46106234223,
    -1.075375448287));
#3460 = CARTESIAN_POINT('',(-2.383057182665,-38.47943932498,
    -1.040880176243));
#3461 = CARTESIAN_POINT('',(-2.398130549727,-38.49712449407,
    -1.005922905669));
#3462 = CARTESIAN_POINT('',(-2.412682853791,-38.51410549188,
    -0.970520091209));
#3463 = CARTESIAN_POINT('',(-2.426693358736,-38.53037082018,
    -0.934689516181));
#3464 = CARTESIAN_POINT('',(-2.44014225745,-38.54590984014,
    -0.898450292577));
#3465 = CARTESIAN_POINT('',(-2.463227653574,-38.57246568007,
    -0.832742215417));
#3466 = CARTESIAN_POINT('',(-2.473078793241,-38.58375460076,
    -0.803416765472));
#3467 = CARTESIAN_POINT('',(-2.482554693829,-38.59457466116,
    -0.773856716409));
#3468 = CARTESIAN_POINT('',(-2.491646473297,-38.60492134174,
    -0.744072656412));
#3469 = CARTESIAN_POINT('',(-2.500345764572,-38.61479047665,
    -0.714075556676));
#3470 = CARTESIAN_POINT('',(-2.508644715551,-38.62417825372,
    -0.683876771403));
#3471 = CARTESIAN_POINT('',(-2.540356349644,-38.65995542345,
    -0.561757522309));
#3472 = CARTESIAN_POINT('',(-2.560459548433,-38.68240874631,
    -0.468307134775));
#3473 = CARTESIAN_POINT('',(-2.576648443434,-38.70035135706,
    -0.373447665603));
#3474 = CARTESIAN_POINT('',(-2.588770487776,-38.71371675961,
    -0.277519992991));
#3475 = CARTESIAN_POINT('',(-2.596721945198,-38.72246170329,
    -0.180886140091));
#3476 = CARTESIAN_POINT('',(-2.600452105515,-38.72656609841,
    -8.392033214945E-02));
#3477 = CARTESIAN_POINT('',(-2.599543403706,-38.72556633778,
    9.781850808933E-02));
#3478 = CARTESIAN_POINT('',(-2.595891003741,-38.72154770703,
    0.18261894786));
#3479 = CARTESIAN_POINT('',(-2.589012291267,-38.71397797292,
    0.267144063498));
#3480 = CARTESIAN_POINT('',(-2.578941721714,-38.70287078974,
    0.351145018717));
#3481 = CARTESIAN_POINT('',(-2.565744659794,-38.68825314533,
    0.434381936638));
#3482 = CARTESIAN_POINT('',(-2.549515824448,-38.67016597381,
    0.516624493322));
#3483 = CARTESIAN_POINT('',(-2.523690959772,-38.64115233108,
    0.625963383929));
#3484 = CARTESIAN_POINT('',(-2.516649127075,-38.63322325752,
    0.654125614678));
#3485 = CARTESIAN_POINT('',(-2.50925752867,-38.62487998627,
    0.682129739399));
#3486 = CARTESIAN_POINT('',(-2.501521851313,-38.61612520866,
    0.709966542233));
#3487 = CARTESIAN_POINT('',(-2.493448175563,-38.6069618687,
    0.737627055623));
#3488 = CARTESIAN_POINT('',(-2.485042975778,-38.59739316304,
    0.765102560319));
#3489 = CARTESIAN_POINT('',(-2.465317118855,-38.57486368812,
    0.82674863371));
#3490 = CARTESIAN_POINT('',(-2.453805959859,-38.5616671596,0.86080581684
    ));
#3491 = CARTESIAN_POINT('',(-2.441793431377,-38.54783986884,
    0.894539161596));
#3492 = CARTESIAN_POINT('',(-2.429294100038,-38.53338937263,
    0.927932574399));
#3493 = CARTESIAN_POINT('',(-2.416323310848,-38.51832387112,
    0.960970841261));
#3494 = CARTESIAN_POINT('',(-2.402897187192,-38.50265220785,
    0.993639627787));
#3495 = CARTESIAN_POINT('',(-2.37149046393,-38.46580031153,
    1.066775238728));
#3496 = CARTESIAN_POINT('',(-2.353246106344,-38.44426142305,
    1.107012198341));
#3497 = CARTESIAN_POINT('',(-2.33433402462,-38.42178655864,
    1.146609116948));
#3498 = CARTESIAN_POINT('',(-2.314789664064,-38.39839641097,
    1.185541620156));
#3499 = CARTESIAN_POINT('',(-2.294649448741,-38.374113011,1.223788200241
    ));
#3500 = CARTESIAN_POINT('',(-2.273950781478,-38.34895972799,
    1.261330216147));
#3501 = CARTESIAN_POINT('',(-2.222376927462,-38.28576837672,
    1.350828274232));
#3502 = CARTESIAN_POINT('',(-2.190962055427,-38.2468517653,
    1.402021851683));
#3503 = CARTESIAN_POINT('',(-2.158593991342,-38.20627800665,
    1.451696264632));
#3504 = CARTESIAN_POINT('',(-2.125381443249,-38.1641186361,
    1.499823227821));
#3505 = CARTESIAN_POINT('',(-2.091434250624,-38.12045049881,
    1.546382439087));
#3506 = CARTESIAN_POINT('',(-2.056862371352,-38.07535609583,
    1.591361486508));
#3507 = CARTESIAN_POINT('',(-1.96171969972,-37.94945142981,
    1.709028643694));
#3508 = CARTESIAN_POINT('',(-1.900192903964,-37.86611145157,
    1.778610682699));
#3509 = CARTESIAN_POINT('',(-1.837652115197,-37.77923356373,
    1.843604161551));
#3510 = CARTESIAN_POINT('',(-1.774523410978,-37.68915087489,
    1.904141940381));
#3511 = CARTESIAN_POINT('',(-1.711202201236,-37.59620768624,
    1.960381971715));
#3512 = CARTESIAN_POINT('',(-1.648054116844,-37.50076714402,
    2.012501821742));
#3513 = CARTESIAN_POINT('',(-1.506154061377,-37.27978221361,
    2.121674116197));
#3514 = CARTESIAN_POINT('',(-1.42766877643,-37.15290810287,
    2.176395687437));
#3515 = CARTESIAN_POINT('',(-1.35043627362,-37.02305759457,2.22539383638
    ));
#3516 = CARTESIAN_POINT('',(-1.274836771433,-36.89064758142,
    2.269176901793));
#3517 = CARTESIAN_POINT('',(-1.201170348129,-36.75605856426,
    2.308224099042));
#3518 = CARTESIAN_POINT('',(-1.129672813311,-36.61964240224,
    2.342983989021));
#3519 = CARTESIAN_POINT('',(-0.922524364688,-36.20645441707,
    2.435527893562));
#3520 = CARTESIAN_POINT('',(-0.793689651108,-35.92479080612,
    2.481856593666));
#3521 = CARTESIAN_POINT('',(-0.675179043301,-35.63857458821,
    2.516254814923));
#3522 = CARTESIAN_POINT('',(-0.567438940413,-35.34909667583,
    2.541444358607));
#3523 = CARTESIAN_POINT('',(-0.470572806929,-35.05718892943,
    2.559620810346));
#3524 = CARTESIAN_POINT('',(-0.384511286176,-34.76326648231,
    2.572529908735));
#3525 = CARTESIAN_POINT('',(-0.220566098543,-34.11934127498,
    2.59216362584));
#3526 = CARTESIAN_POINT('',(-0.146874860129,-33.76893849284,
    2.59739076606));
#3527 = CARTESIAN_POINT('',(-8.805543739149E-02,-33.41679013716,
    2.599479222214));
#3528 = CARTESIAN_POINT('',(-4.401335799164E-02,-33.06341673573,
    2.59999962557));
#3529 = CARTESIAN_POINT('',(-1.467401815251E-02,-32.70924380527,
    2.60000007496));
#3530 = CARTESIAN_POINT('',(4.440892098501E-16,-32.35465083313,2.6));
#3531 = CARTESIAN_POINT('',(4.440892098501E-16,-32.,2.6));
#3532 = PCURVE('',#1409,#3533);
#3533 = DEFINITIONAL_REPRESENTATION('',(#3534),#3639);
#3534 = B_SPLINE_CURVE_WITH_KNOTS('',7,(#3535,#3536,#3537,#3538,#3539,
    #3540,#3541,#3542,#3543,#3544,#3545,#3546,#3547,#3548,#3549,#3550,
    #3551,#3552,#3553,#3554,#3555,#3556,#3557,#3558,#3559,#3560,#3561,
    #3562,#3563,#3564,#3565,#3566,#3567,#3568,#3569,#3570,#3571,#3572,
    #3573,#3574,#3575,#3576,#3577,#3578,#3579,#3580,#3581,#3582,#3583,
    #3584,#3585,#3586,#3587,#3588,#3589,#3590,#3591,#3592,#3593,#3594,
    #3595,#3596,#3597,#3598,#3599,#3600,#3601,#3602,#3603,#3604,#3605,
    #3606,#3607,#3608,#3609,#3610,#3611,#3612,#3613,#3614,#3615,#3616,
    #3617,#3618,#3619,#3620,#3621,#3622,#3623,#3624,#3625,#3626,#3627,
    #3628,#3629,#3630,#3631,#3632,#3633,#3634,#3635,#3636,#3637,#3638),
  .UNSPECIFIED.,.F.,.F.,(8,6,6,6,6,6,6,6,6,6,6,6,6,6,6,6,6,8),(0.,
    0.178514565469,0.310648056584,0.373705430111,0.406157623948,
    0.42830675242,0.445643647535,0.459408415707,0.500958330123,
    0.537320214726,0.550024915007,0.566027573669,0.586274980216,
    0.615240529138,0.664817466908,0.727551676717,0.852770350004,1.),
  .UNSPECIFIED.);
#3535 = CARTESIAN_POINT('',(0.,12.4));
#3536 = CARTESIAN_POINT('',(-4.295163235623E-02,12.4));
#3537 = CARTESIAN_POINT('',(-8.588337528825E-02,12.399999573408));
#3538 = CARTESIAN_POINT('',(-0.128869085045,12.400001821729));
#3539 = CARTESIAN_POINT('',(-0.171976290053,12.401118160194));
#3540 = CARTESIAN_POINT('',(-0.215262227085,12.405611203601));
#3541 = CARTESIAN_POINT('',(-0.258763320097,12.416854424791));
#3542 = CARTESIAN_POINT('',(-0.334799358177,12.457012801629));
#3543 = CARTESIAN_POINT('',(-0.367251401436,12.480579888491));
#3544 = CARTESIAN_POINT('',(-0.399832562321,12.51271529547));
#3545 = CARTESIAN_POINT('',(-0.432499955693,12.556026316468));
#3546 = CARTESIAN_POINT('',(-0.465146747555,12.613779048534));
#3547 = CARTESIAN_POINT('',(-0.497577297639,12.689997250316));
#3548 = CARTESIAN_POINT('',(-0.544632918924,12.837193938386));
#3549 = CARTESIAN_POINT('',(-0.559717744797,12.890127423518));
#3550 = CARTESIAN_POINT('',(-0.574611365942,12.948890180736));
#3551 = CARTESIAN_POINT('',(-0.58923832697,13.013931872919));
#3552 = CARTESIAN_POINT('',(-0.603519349456,13.085691465388));
#3553 = CARTESIAN_POINT('',(-0.617368484712,13.164585269992));
#3554 = CARTESIAN_POINT('',(-0.637546261704,13.295465362775));
#3555 = CARTESIAN_POINT('',(-0.644258654906,13.341900889669));
#3556 = CARTESIAN_POINT('',(-0.650809470859,13.390315642741));
#3557 = CARTESIAN_POINT('',(-0.657181066319,13.440713486475));
#3558 = CARTESIAN_POINT('',(-0.66335616699,13.493087892591));
#3559 = CARTESIAN_POINT('',(-0.669317904396,13.547421755656));
#3560 = CARTESIAN_POINT('',(-0.67896199693,13.642089257995));
#3561 = CARTESIAN_POINT('',(-0.682766582641,13.681386049191));
#3562 = CARTESIAN_POINT('',(-0.686457718368,13.721561294844));
#3563 = CARTESIAN_POINT('',(-0.690029728381,13.762595438771));
#3564 = CARTESIAN_POINT('',(-0.69347716586,13.804465643516));
#3565 = CARTESIAN_POINT('',(-0.696794825992,13.847145777835));
#3566 = CARTESIAN_POINT('',(-0.702469151782,13.924624551713));
#3567 = CARTESIAN_POINT('',(-0.704877926288,13.959119823757));
#3568 = CARTESIAN_POINT('',(-0.707201640406,13.994077094331));
#3569 = CARTESIAN_POINT('',(-0.709437971183,14.029479908791));
#3570 = CARTESIAN_POINT('',(-0.711584714904,14.065310483819));
#3571 = CARTESIAN_POINT('',(-0.713639787092,14.101549707423));
#3572 = CARTESIAN_POINT('',(-0.717158520029,14.167257784583));
#3573 = CARTESIAN_POINT('',(-0.71865679881,14.196583234528));
#3574 = CARTESIAN_POINT('',(-0.720095080341,14.226143283591));
#3575 = CARTESIAN_POINT('',(-0.721472444961,14.255927343588));
#3576 = CARTESIAN_POINT('',(-0.722788031864,14.285924443324));
#3577 = CARTESIAN_POINT('',(-0.724041039091,14.316123228597));
#3578 = CARTESIAN_POINT('',(-0.728821869156,14.438242477691));
#3579 = CARTESIAN_POINT('',(-0.731835619986,14.531692865225));
#3580 = CARTESIAN_POINT('',(-0.734252242042,14.626552334397));
#3581 = CARTESIAN_POINT('',(-0.736056617989,14.722480007009));
#3582 = CARTESIAN_POINT('',(-0.737238570518,14.819113859909));
#3583 = CARTESIAN_POINT('',(-0.737793185728,14.916079667851));
#3584 = CARTESIAN_POINT('',(-0.737658083533,15.097818508089));
#3585 = CARTESIAN_POINT('',(-0.737115043394,15.18261894786));
#3586 = CARTESIAN_POINT('',(-0.736092213306,15.267144063498));
#3587 = CARTESIAN_POINT('',(-0.734592928645,15.351145018717));
#3588 = CARTESIAN_POINT('',(-0.732623580826,15.434381936638));
#3589 = CARTESIAN_POINT('',(-0.730193535182,15.516624493322));
#3590 = CARTESIAN_POINT('',(-0.726309316985,15.625963383929));
#3591 = CARTESIAN_POINT('',(-0.725248857191,15.654125614678));
#3592 = CARTESIAN_POINT('',(-0.724134202123,15.682129739399));
#3593 = CARTESIAN_POINT('',(-0.722965928374,15.709966542233));
#3594 = CARTESIAN_POINT('',(-0.721744656473,15.737627055623));
#3595 = CARTESIAN_POINT('',(-0.720471050887,15.765102560319));
#3596 = CARTESIAN_POINT('',(-0.717476578193,15.82674863371));
#3597 = CARTESIAN_POINT('',(-0.715725423732,15.86080581684));
#3598 = CARTESIAN_POINT('',(-0.713893778195,15.894539161596));
#3599 = CARTESIAN_POINT('',(-0.711983158538,15.927932574399));
#3600 = CARTESIAN_POINT('',(-0.709995177119,15.960970841261));
#3601 = CARTESIAN_POINT('',(-0.707931541701,15.993639627787));
#3602 = CARTESIAN_POINT('',(-0.703089595265,16.066775238728));
#3603 = CARTESIAN_POINT('',(-0.700266877904,16.107012198341));
#3604 = CARTESIAN_POINT('',(-0.697329581079,16.146609116948));
#3605 = CARTESIAN_POINT('',(-0.694281533242,16.185541620156));
#3606 = CARTESIAN_POINT('',(-0.691126713579,16.223788200241));
#3607 = CARTESIAN_POINT('',(-0.687869252015,16.261330216147));
#3608 = CARTESIAN_POINT('',(-0.679712653893,16.350828274232));
#3609 = CARTESIAN_POINT('',(-0.6747113289,16.402021851683));
#3610 = CARTESIAN_POINT('',(-0.669521171395,16.451696264632));
#3611 = CARTESIAN_POINT('',(-0.664154345343,16.499823227821));
#3612 = CARTESIAN_POINT('',(-0.658623429397,16.546382439087));
#3613 = CARTESIAN_POINT('',(-0.652941384792,16.591361486508));
#3614 = CARTESIAN_POINT('',(-0.637160347788,16.709028643694));
#3615 = CARTESIAN_POINT('',(-0.626801886343,16.778610682699));
#3616 = CARTESIAN_POINT('',(-0.616098434778,16.843604161551));
#3617 = CARTESIAN_POINT('',(-0.605100029534,16.904141940381));
#3618 = CARTESIAN_POINT('',(-0.593855306428,16.960381971715));
#3619 = CARTESIAN_POINT('',(-0.582412359471,17.012501821742));
#3620 = CARTESIAN_POINT('',(-0.556150226045,17.121674116197));
#3621 = CARTESIAN_POINT('',(-0.541233574231,17.176395687437));
#3622 = CARTESIAN_POINT('',(-0.526128980631,17.22539383638));
#3623 = CARTESIAN_POINT('',(-0.510886172206,17.269176901793));
#3624 = CARTESIAN_POINT('',(-0.495547121954,17.308224099042));
#3625 = CARTESIAN_POINT('',(-0.480147904371,17.342983989021));
#3626 = CARTESIAN_POINT('',(-0.433927260622,17.435527893562));
#3627 = CARTESIAN_POINT('',(-0.402974009959,17.481856593666));
#3628 = CARTESIAN_POINT('',(-0.372028768462,17.516254814923));
#3629 = CARTESIAN_POINT('',(-0.341177099447,17.541444358607));
#3630 = CARTESIAN_POINT('',(-0.310452294,17.559620810346));
#3631 = CARTESIAN_POINT('',(-0.279845331422,17.572529908735));
#3632 = CARTESIAN_POINT('',(-0.213398533367,17.59216362584));
#3633 = CARTESIAN_POINT('',(-0.177623371015,17.59739076606));
#3634 = CARTESIAN_POINT('',(-0.141970354407,17.599479222214));
#3635 = CARTESIAN_POINT('',(-0.106414525619,17.59999962557));
#3636 = CARTESIAN_POINT('',(-7.092438175155E-02,17.60000007496));
#3637 = CARTESIAN_POINT('',(-3.546508331306E-02,17.6));
#3638 = CARTESIAN_POINT('',(0.,17.6));
#3639 = ( GEOMETRIC_REPRESENTATION_CONTEXT(2) 
PARAMETRIC_REPRESENTATION_CONTEXT() REPRESENTATION_CONTEXT('2D SPACE',''
  ) );
#3640 = PCURVE('',#3641,#3646);
#3641 = CYLINDRICAL_SURFACE('',#3642,2.6);
#3642 = AXIS2_PLACEMENT_3D('',#3643,#3644,#3645);
#3643 = CARTESIAN_POINT('',(0.,-27.5,0.));
#3644 = DIRECTION('',(0.,1.,0.));
#3645 = DIRECTION('',(0.,-0.,1.));
#3646 = DEFINITIONAL_REPRESENTATION('',(#3647),#3752);
#3647 = B_SPLINE_CURVE_WITH_KNOTS('',7,(#3648,#3649,#3650,#3651,#3652,
    #3653,#3654,#3655,#3656,#3657,#3658,#3659,#3660,#3661,#3662,#3663,
    #3664,#3665,#3666,#3667,#3668,#3669,#3670,#3671,#3672,#3673,#3674,
    #3675,#3676,#3677,#3678,#3679,#3680,#3681,#3682,#3683,#3684,#3685,
    #3686,#3687,#3688,#3689,#3690,#3691,#3692,#3693,#3694,#3695,#3696,
    #3697,#3698,#3699,#3700,#3701,#3702,#3703,#3704,#3705,#3706,#3707,
    #3708,#3709,#3710,#3711,#3712,#3713,#3714,#3715,#3716,#3717,#3718,
    #3719,#3720,#3721,#3722,#3723,#3724,#3725,#3726,#3727,#3728,#3729,
    #3730,#3731,#3732,#3733,#3734,#3735,#3736,#3737,#3738,#3739,#3740,
    #3741,#3742,#3743,#3744,#3745,#3746,#3747,#3748,#3749,#3750,#3751),
  .UNSPECIFIED.,.F.,.F.,(8,6,6,6,6,6,6,6,6,6,6,6,6,6,6,6,6,8),(0.,
    0.178514565469,0.310648056584,0.373705430111,0.406157623948,
    0.42830675242,0.445643647535,0.459408415707,0.500958330123,
    0.537320214726,0.550024915007,0.566027573669,0.586274980216,
    0.615240529138,0.664817466908,0.727551676717,0.852770350004,1.),
  .UNSPECIFIED.);
#3648 = CARTESIAN_POINT('',(3.14159265359,-4.5));
#3649 = CARTESIAN_POINT('',(3.14159265359,-4.929516323562));
#3650 = CARTESIAN_POINT('',(3.149870619824,-5.358833634182));
#3651 = CARTESIAN_POINT('',(3.166413977536,-5.787397118902));
#3652 = CARTESIAN_POINT('',(3.191252840467,-6.214590170079));
#3653 = CARTESIAN_POINT('',(3.224466236121,-6.639663272683));
#3654 = CARTESIAN_POINT('',(3.266240306641,-7.061562666284));
#3655 = CARTESIAN_POINT('',(3.354709178639,-7.787408264631));
#3656 = CARTESIAN_POINT('',(3.397310619004,-8.093562868625));
#3657 = CARTESIAN_POINT('',(3.445124812754,-8.396743336573));
#3658 = CARTESIAN_POINT('',(3.498458433921,-8.695946917285));
#3659 = CARTESIAN_POINT('',(3.557708529014,-8.989610762671));
#3660 = CARTESIAN_POINT('',(3.623358705862,-9.275495702523));
#3661 = CARTESIAN_POINT('',(3.730875623412,-9.681630131655));
#3662 = CARTESIAN_POINT('',(3.767267183488,-9.810464851695));
#3663 = CARTESIAN_POINT('',(3.80532272183,-9.936275744789));
#3664 = CARTESIAN_POINT('',(3.845053633207,-10.05844344423));
#3665 = CARTESIAN_POINT('',(3.886479075244,-10.17636490139));
#3666 = CARTESIAN_POINT('',(3.929628626293,-10.28943425811));
#3667 = CARTESIAN_POINT('',(3.997660923963,-10.45239415159));
#3668 = CARTESIAN_POINT('',(4.021231654073,-10.50628146036));
#3669 = CARTESIAN_POINT('',(4.045244421204,-10.55856052664));
#3670 = CARTESIAN_POINT('',(4.069686346008,-10.60911425124));
#3671 = CARTESIAN_POINT('',(4.09454461939,-10.65783306343));
#3672 = CARTESIAN_POINT('',(4.119806739667,-10.70461442987));
#3673 = CARTESIAN_POINT('',(4.162970011743,-10.77990352616));
#3674 = CARTESIAN_POINT('',(4.180659521558,-10.80949342069));
#3675 = CARTESIAN_POINT('',(4.19852217419,-10.83809632908));
#3676 = CARTESIAN_POINT('',(4.216550798172,-10.8656789761));
#3677 = CARTESIAN_POINT('',(4.234738139168,-10.89221041143));
#3678 = CARTESIAN_POINT('',(4.253076843572,-10.91766189174));
#3679 = CARTESIAN_POINT('',(4.286026416429,-10.96106234223));
#3680 = CARTESIAN_POINT('',(4.300581089306,-10.97943932498));
#3681 = CARTESIAN_POINT('',(4.315219479209,-10.99712449407));
#3682 = CARTESIAN_POINT('',(4.329937513636,-11.01410549188));
#3683 = CARTESIAN_POINT('',(4.344731029123,-11.03037082018));
#3684 = CARTESIAN_POINT('',(4.359595771249,-11.04590984014));
#3685 = CARTESIAN_POINT('',(4.386382477853,-11.07246568007));
#3686 = CARTESIAN_POINT('',(4.398279746186,-11.08375460076));
#3687 = CARTESIAN_POINT('',(4.410217035721,-11.09457466116));
#3688 = CARTESIAN_POINT('',(4.422192176811,-11.10492134174));
#3689 = CARTESIAN_POINT('',(4.434202994071,-11.11479047665));
#3690 = CARTESIAN_POINT('',(4.446247306382,-11.12417825372));
#3691 = CARTESIAN_POINT('',(4.494774031063,-11.15995542345));
#3692 = CARTESIAN_POINT('',(4.531506082342,-11.18240874631));
#3693 = CARTESIAN_POINT('',(4.568463309341,-11.20035135706));
#3694 = CARTESIAN_POINT('',(4.605588832328,-11.21371675961));
#3695 = CARTESIAN_POINT('',(4.64282462636,-11.22246170329));
#3696 = CARTESIAN_POINT('',(4.680111484424,-11.22656609841));
#3697 = CARTESIAN_POINT('',(4.750011912115,-11.22556633778));
#3698 = CARTESIAN_POINT('',(4.782634068909,-11.22154770703));
#3699 = CARTESIAN_POINT('',(4.8152132866,-11.21397797292));
#3700 = CARTESIAN_POINT('',(4.847710408652,-11.20287078974));
#3701 = CARTESIAN_POINT('',(4.880087694982,-11.18825314533));
#3702 = CARTESIAN_POINT('',(4.912307230595,-11.17016597381));
#3703 = CARTESIAN_POINT('',(4.955517731994,-11.14115233108));
#3704 = CARTESIAN_POINT('',(4.966681876996,-11.13322325752));
#3705 = CARTESIAN_POINT('',(4.977820057133,-11.12487998627));
#3706 = CARTESIAN_POINT('',(4.98893056009,-11.11612520866));
#3707 = CARTESIAN_POINT('',(5.000011673319,-11.1069618687));
#3708 = CARTESIAN_POINT('',(5.011061684044,-11.09739316304));
#3709 = CARTESIAN_POINT('',(5.035955980686,-11.07486368812));
#3710 = CARTESIAN_POINT('',(5.04978104449,-11.0616671596));
#3711 = CARTESIAN_POINT('',(5.063550631669,-11.04783986884));
#3712 = CARTESIAN_POINT('',(5.077261348408,-11.03338937263));
#3713 = CARTESIAN_POINT('',(5.090909846078,-11.01832387112));
#3714 = CARTESIAN_POINT('',(5.104492821236,-11.00265220785));
#3715 = CARTESIAN_POINT('',(5.135105886122,-10.96580031153));
#3716 = CARTESIAN_POINT('',(5.152094728906,-10.94426142305));
#3717 = CARTESIAN_POINT('',(5.168966919158,-10.92178655864));
#3718 = CARTESIAN_POINT('',(5.185716132597,-10.89839641097));
#3719 = CARTESIAN_POINT('',(5.202336345484,-10.874113011));
#3720 = CARTESIAN_POINT('',(5.218821834621,-10.84895972799));
#3721 = CARTESIAN_POINT('',(5.258550509111,-10.78576837672));
#3722 = CARTESIAN_POINT('',(5.281643208272,-10.7468517653));
#3723 = CARTESIAN_POINT('',(5.30443360049,-10.70627800665));
#3724 = CARTESIAN_POINT('',(5.326909902843,-10.6641186361));
#3725 = CARTESIAN_POINT('',(5.349060304038,-10.62045049881));
#3726 = CARTESIAN_POINT('',(5.370873044627,-10.57535609583));
#3727 = CARTESIAN_POINT('',(5.429072975295,-10.44945142981));
#3728 = CARTESIAN_POINT('',(5.464762411543,-10.36611145157));
#3729 = CARTESIAN_POINT('',(5.499405654898,-10.27923356373));
#3730 = CARTESIAN_POINT('',(5.532999685809,-10.18915087489));
#3731 = CARTESIAN_POINT('',(5.565538088396,-10.09620768624));
#3732 = CARTESIAN_POINT('',(5.597011522603,-10.00076714402));
#3733 = CARTESIAN_POINT('',(5.665871873115,-9.779782213619));
#3734 = CARTESIAN_POINT('',(5.702631089709,-9.652908102878));
#3735 = CARTESIAN_POINT('',(5.737758273173,-9.52305759457));
#3736 = CARTESIAN_POINT('',(5.771314016946,-9.390647581427));
#3737 = CARTESIAN_POINT('',(5.803349698922,-9.256058564264));
#3738 = CARTESIAN_POINT('',(5.833910099496,-9.119642402241));
#3739 = CARTESIAN_POINT('',(5.921171908886,-8.706454417078));
#3740 = CARTESIAN_POINT('',(5.973682377533,-8.424790806126));
#3741 = CARTESIAN_POINT('',(6.021016141242,-8.138574588212));
#3742 = CARTESIAN_POINT('',(6.063487088257,-7.849096675837));
#3743 = CARTESIAN_POINT('',(6.101351198415,-7.557188929435));
#3744 = CARTESIAN_POINT('',(6.134807262386,-7.263266482311));
#3745 = CARTESIAN_POINT('',(6.198313665404,-6.619341274986));
#3746 = CARTESIAN_POINT('',(6.226694460442,-6.268938492839));
#3747 = CARTESIAN_POINT('',(6.249318119399,-5.91679013717));
#3748 = CARTESIAN_POINT('',(6.266256969792,-5.563416735738));
#3749 = CARTESIAN_POINT('',(6.277541479945,-5.209243805271));
#3750 = CARTESIAN_POINT('',(6.28318530718,-4.854650833131));
#3751 = CARTESIAN_POINT('',(6.28318530718,-4.5));
#3752 = ( GEOMETRIC_REPRESENTATION_CONTEXT(2) 
PARAMETRIC_REPRESENTATION_CONTEXT() REPRESENTATION_CONTEXT('2D SPACE',''
  ) );
#3753 = ORIENTED_EDGE('',*,*,#3754,.F.);
#3754 = EDGE_CURVE('',#3755,#3424,#3757,.T.);
#3755 = VERTEX_POINT('',#3756);
#3756 = CARTESIAN_POINT('',(-0.202041028867,-34.,-8.247525654562));
#3757 = SURFACE_CURVE('',#3758,(#3762,#3768),.PCURVE_S1.);
#3758 = LINE('',#3759,#3760);
#3759 = CARTESIAN_POINT('',(-0.202041028867,-34.,-15.));
#3760 = VECTOR('',#3761,1.);
#3761 = DIRECTION('',(0.,0.,1.));
#3762 = PCURVE('',#1409,#3763);
#3763 = DEFINITIONAL_REPRESENTATION('',(#3764),#3767);
#3764 = B_SPLINE_CURVE_WITH_KNOTS('',1,(#3765,#3766),.UNSPECIFIED.,.F.,
  .F.,(2,2),(5.1,24.0000006),.PIECEWISE_BEZIER_KNOTS.);
#3765 = CARTESIAN_POINT('',(-0.20135792079,5.1));
#3766 = CARTESIAN_POINT('',(-0.20135792079,24.0000006));
#3767 = ( GEOMETRIC_REPRESENTATION_CONTEXT(2) 
PARAMETRIC_REPRESENTATION_CONTEXT() REPRESENTATION_CONTEXT('2D SPACE',''
  ) );
#3768 = PCURVE('',#3412,#3769);
#3769 = DEFINITIONAL_REPRESENTATION('',(#3770),#3773);
#3770 = B_SPLINE_CURVE_WITH_KNOTS('',1,(#3771,#3772),.UNSPECIFIED.,.F.,
  .F.,(2,2),(5.1,24.0000006),.PIECEWISE_BEZIER_KNOTS.);
#3771 = CARTESIAN_POINT('',(-9.9,-0.202041028867));
#3772 = CARTESIAN_POINT('',(9.0000006,-0.202041028867));
#3773 = ( GEOMETRIC_REPRESENTATION_CONTEXT(2) 
PARAMETRIC_REPRESENTATION_CONTEXT() REPRESENTATION_CONTEXT('2D SPACE',''
  ) );
#3774 = ORIENTED_EDGE('',*,*,#3775,.F.);
#3775 = EDGE_CURVE('',#3776,#3755,#3778,.T.);
#3776 = VERTEX_POINT('',#3777);
#3777 = CARTESIAN_POINT('',(1.7763568394E-15,-32.,-8.25));
#3778 = SURFACE_CURVE('',#3779,(#3786,#3796),.PCURVE_S1.);
#3779 = B_SPLINE_CURVE_WITH_KNOTS('',5,(#3780,#3781,#3782,#3783,#3784,
    #3785),.UNSPECIFIED.,.F.,.F.,(6,6),(0.,1.),
  .PIECEWISE_BEZIER_KNOTS.);
#3780 = CARTESIAN_POINT('',(1.387778780781E-15,-32.,-8.25));
#3781 = CARTESIAN_POINT('',(1.387778780781E-15,-32.40139348503,-8.25));
#3782 = CARTESIAN_POINT('',(-2.013919703349E-02,-32.8027741014,
    -8.250000466036));
#3783 = CARTESIAN_POINT('',(-6.041740770923E-02,-33.20348326123,
    -8.249998591411));
#3784 = CARTESIAN_POINT('',(-0.12096540641,-33.60281231292,
    -8.249511778982));
#3785 = CARTESIAN_POINT('',(-0.202041151342,-34.0000006,-8.247525651561)
  );
#3786 = PCURVE('',#1409,#3787);
#3787 = DEFINITIONAL_REPRESENTATION('',(#3788),#3795);
#3788 = B_SPLINE_CURVE_WITH_KNOTS('',5,(#3789,#3790,#3791,#3792,#3793,
    #3794),.UNSPECIFIED.,.F.,.F.,(6,6),(0.,1.),
  .PIECEWISE_BEZIER_KNOTS.);
#3789 = CARTESIAN_POINT('',(0.,6.75));
#3790 = CARTESIAN_POINT('',(-4.01393485033E-02,6.75));
#3791 = CARTESIAN_POINT('',(-8.027740596495E-02,6.749999533964));
#3792 = CARTESIAN_POINT('',(-0.120483064405,6.750001408589));
#3793 = CARTESIAN_POINT('',(-0.160820121723,6.750488221018));
#3794 = CARTESIAN_POINT('',(-0.201357982028,6.752474348439));
#3795 = ( GEOMETRIC_REPRESENTATION_CONTEXT(2) 
PARAMETRIC_REPRESENTATION_CONTEXT() REPRESENTATION_CONTEXT('2D SPACE',''
  ) );
#3796 = PCURVE('',#2958,#3797);
#3797 = DEFINITIONAL_REPRESENTATION('',(#3798),#3805);
#3798 = B_SPLINE_CURVE_WITH_KNOTS('',5,(#3799,#3800,#3801,#3802,#3803,
    #3804),.UNSPECIFIED.,.F.,.F.,(6,6),(0.,0.999999697876),
  .PIECEWISE_BEZIER_KNOTS.);
#3799 = CARTESIAN_POINT('',(9.424777960769,2.));
#3800 = CARTESIAN_POINT('',(9.424777960769,1.598606636238));
#3801 = CARTESIAN_POINT('',(9.427219008095,1.197226141129));
#3802 = CARTESIAN_POINT('',(9.432101480707,0.796517101961));
#3803 = CARTESIAN_POINT('',(9.439439925721,0.397188169663));
#3804 = CARTESIAN_POINT('',(9.449270231079,5.172587004547E-15));
#3805 = ( GEOMETRIC_REPRESENTATION_CONTEXT(2) 
PARAMETRIC_REPRESENTATION_CONTEXT() REPRESENTATION_CONTEXT('2D SPACE',''
  ) );
#3806 = ORIENTED_EDGE('',*,*,#3807,.F.);
#3807 = EDGE_CURVE('',#2621,#3776,#3808,.T.);
#3808 = SURFACE_CURVE('',#3809,(#3813,#3820),.PCURVE_S1.);
#3809 = LINE('',#3810,#3811);
#3810 = CARTESIAN_POINT('',(1.7763568394E-15,-32.,-15.));
#3811 = VECTOR('',#3812,1.);
#3812 = DIRECTION('',(0.,0.,1.));
#3813 = PCURVE('',#1409,#3814);
#3814 = DEFINITIONAL_REPRESENTATION('',(#3815),#3819);
#3815 = LINE('',#3816,#3817);
#3816 = CARTESIAN_POINT('',(-0.,0.));
#3817 = VECTOR('',#3818,1.);
#3818 = DIRECTION('',(-0.,1.));
#3819 = ( GEOMETRIC_REPRESENTATION_CONTEXT(2) 
PARAMETRIC_REPRESENTATION_CONTEXT() REPRESENTATION_CONTEXT('2D SPACE',''
  ) );
#3820 = PCURVE('',#2664,#3821);
#3821 = DEFINITIONAL_REPRESENTATION('',(#3822),#3826);
#3822 = LINE('',#3823,#3824);
#3823 = CARTESIAN_POINT('',(0.,-10.));
#3824 = VECTOR('',#3825,1.);
#3825 = DIRECTION('',(1.,0.));
#3826 = ( GEOMETRIC_REPRESENTATION_CONTEXT(2) 
PARAMETRIC_REPRESENTATION_CONTEXT() REPRESENTATION_CONTEXT('2D SPACE',''
  ) );
#3827 = ORIENTED_EDGE('',*,*,#2620,.T.);
#3828 = ORIENTED_EDGE('',*,*,#3829,.T.);
#3829 = EDGE_CURVE('',#2598,#1372,#3830,.T.);
#3830 = SURFACE_CURVE('',#3831,(#3835,#3842),.PCURVE_S1.);
#3831 = LINE('',#3832,#3833);
#3832 = CARTESIAN_POINT('',(-10.,-42.,-15.));
#3833 = VECTOR('',#3834,1.);
#3834 = DIRECTION('',(0.,0.,1.));
#3835 = PCURVE('',#1409,#3836);
#3836 = DEFINITIONAL_REPRESENTATION('',(#3837),#3841);
#3837 = LINE('',#3838,#3839);
#3838 = CARTESIAN_POINT('',(-1.570796326795,0.));
#3839 = VECTOR('',#3840,1.);
#3840 = DIRECTION('',(-0.,1.));
#3841 = ( GEOMETRIC_REPRESENTATION_CONTEXT(2) 
PARAMETRIC_REPRESENTATION_CONTEXT() REPRESENTATION_CONTEXT('2D SPACE',''
  ) );
#3842 = PCURVE('',#1544,#3843);
#3843 = DEFINITIONAL_REPRESENTATION('',(#3844),#3848);
#3844 = LINE('',#3845,#3846);
#3845 = CARTESIAN_POINT('',(0.,87.));
#3846 = VECTOR('',#3847,1.);
#3847 = DIRECTION('',(1.,0.));
#3848 = ( GEOMETRIC_REPRESENTATION_CONTEXT(2) 
PARAMETRIC_REPRESENTATION_CONTEXT() REPRESENTATION_CONTEXT('2D SPACE',''
  ) );
#3849 = ORIENTED_EDGE('',*,*,#1394,.T.);
#3850 = ADVANCED_FACE('',(#3851),#1476,.T.);
#3851 = FACE_BOUND('',#3852,.T.);
#3852 = EDGE_LOOP('',(#3853,#3874,#3875,#3876,#3897,#3921));
#3853 = ORIENTED_EDGE('',*,*,#3854,.T.);
#3854 = EDGE_CURVE('',#3855,#1428,#3857,.T.);
#3855 = VERTEX_POINT('',#3856);
#3856 = CARTESIAN_POINT('',(-1.339745962156,37.,2.228246116767));
#3857 = SURFACE_CURVE('',#3858,(#3862,#3868),.PCURVE_S1.);
#3858 = LINE('',#3859,#3860);
#3859 = CARTESIAN_POINT('',(-1.339745962156,37.,-15.));
#3860 = VECTOR('',#3861,1.);
#3861 = DIRECTION('',(0.,0.,1.));
#3862 = PCURVE('',#1476,#3863);
#3863 = DEFINITIONAL_REPRESENTATION('',(#3864),#3867);
#3864 = B_SPLINE_CURVE_WITH_KNOTS('',1,(#3865,#3866),.UNSPECIFIED.,.F.,
  .F.,(2,2),(3.78,24.0000006),.PIECEWISE_BEZIER_KNOTS.);
#3865 = CARTESIAN_POINT('',(-11.22,-1.339745962156));
#3866 = CARTESIAN_POINT('',(9.0000006,-1.339745962156));
#3867 = ( GEOMETRIC_REPRESENTATION_CONTEXT(2) 
PARAMETRIC_REPRESENTATION_CONTEXT() REPRESENTATION_CONTEXT('2D SPACE',''
  ) );
#3868 = PCURVE('',#1444,#3869);
#3869 = DEFINITIONAL_REPRESENTATION('',(#3870),#3873);
#3870 = B_SPLINE_CURVE_WITH_KNOTS('',1,(#3871,#3872),.UNSPECIFIED.,.F.,
  .F.,(2,2),(3.78,24.0000006),.PIECEWISE_BEZIER_KNOTS.);
#3871 = CARTESIAN_POINT('',(0.523598775598,3.78));
#3872 = CARTESIAN_POINT('',(0.523598775598,24.0000006));
#3873 = ( GEOMETRIC_REPRESENTATION_CONTEXT(2) 
PARAMETRIC_REPRESENTATION_CONTEXT() REPRESENTATION_CONTEXT('2D SPACE',''
  ) );
#3874 = ORIENTED_EDGE('',*,*,#1456,.T.);
#3875 = ORIENTED_EDGE('',*,*,#3333,.F.);
#3876 = ORIENTED_EDGE('',*,*,#3877,.T.);
#3877 = EDGE_CURVE('',#3293,#3878,#3880,.T.);
#3878 = VERTEX_POINT('',#3879);
#3879 = CARTESIAN_POINT('',(-1.339745962156,37.,-2.228246116767));
#3880 = SURFACE_CURVE('',#3881,(#3885,#3891),.PCURVE_S1.);
#3881 = LINE('',#3882,#3883);
#3882 = CARTESIAN_POINT('',(-1.339745962156,37.,-15.));
#3883 = VECTOR('',#3884,1.);
#3884 = DIRECTION('',(0.,0.,1.));
#3885 = PCURVE('',#1476,#3886);
#3886 = DEFINITIONAL_REPRESENTATION('',(#3887),#3890);
#3887 = B_SPLINE_CURVE_WITH_KNOTS('',1,(#3888,#3889),.UNSPECIFIED.,.F.,
  .F.,(2,2),(3.78,24.0000006),.PIECEWISE_BEZIER_KNOTS.);
#3888 = CARTESIAN_POINT('',(-11.22,-1.339745962156));
#3889 = CARTESIAN_POINT('',(9.0000006,-1.339745962156));
#3890 = ( GEOMETRIC_REPRESENTATION_CONTEXT(2) 
PARAMETRIC_REPRESENTATION_CONTEXT() REPRESENTATION_CONTEXT('2D SPACE',''
  ) );
#3891 = PCURVE('',#1444,#3892);
#3892 = DEFINITIONAL_REPRESENTATION('',(#3893),#3896);
#3893 = B_SPLINE_CURVE_WITH_KNOTS('',1,(#3894,#3895),.UNSPECIFIED.,.F.,
  .F.,(2,2),(3.78,24.0000006),.PIECEWISE_BEZIER_KNOTS.);
#3894 = CARTESIAN_POINT('',(0.523598775598,3.78));
#3895 = CARTESIAN_POINT('',(0.523598775598,24.0000006));
#3896 = ( GEOMETRIC_REPRESENTATION_CONTEXT(2) 
PARAMETRIC_REPRESENTATION_CONTEXT() REPRESENTATION_CONTEXT('2D SPACE',''
  ) );
#3897 = ORIENTED_EDGE('',*,*,#3898,.F.);
#3898 = EDGE_CURVE('',#3899,#3878,#3901,.T.);
#3899 = VERTEX_POINT('',#3900);
#3900 = CARTESIAN_POINT('',(-6.368163355566E-16,37.,2.6));
#3901 = SURFACE_CURVE('',#3902,(#3907,#3914),.PCURVE_S1.);
#3902 = CIRCLE('',#3903,2.6);
#3903 = AXIS2_PLACEMENT_3D('',#3904,#3905,#3906);
#3904 = CARTESIAN_POINT('',(0.,37.,0.));
#3905 = DIRECTION('',(0.,1.,0.));
#3906 = DIRECTION('',(0.,-0.,1.));
#3907 = PCURVE('',#1476,#3908);
#3908 = DEFINITIONAL_REPRESENTATION('',(#3909),#3913);
#3909 = CIRCLE('',#3910,2.6);
#3910 = AXIS2_PLACEMENT_2D('',#3911,#3912);
#3911 = CARTESIAN_POINT('',(0.,0.));
#3912 = DIRECTION('',(1.,0.));
#3913 = ( GEOMETRIC_REPRESENTATION_CONTEXT(2) 
PARAMETRIC_REPRESENTATION_CONTEXT() REPRESENTATION_CONTEXT('2D SPACE',''
  ) );
#3914 = PCURVE('',#3641,#3915);
#3915 = DEFINITIONAL_REPRESENTATION('',(#3916),#3920);
#3916 = LINE('',#3917,#3918);
#3917 = CARTESIAN_POINT('',(0.,64.5));
#3918 = VECTOR('',#3919,1.);
#3919 = DIRECTION('',(1.,0.));
#3920 = ( GEOMETRIC_REPRESENTATION_CONTEXT(2) 
PARAMETRIC_REPRESENTATION_CONTEXT() REPRESENTATION_CONTEXT('2D SPACE',''
  ) );
#3921 = ORIENTED_EDGE('',*,*,#3922,.F.);
#3922 = EDGE_CURVE('',#3855,#3899,#3923,.T.);
#3923 = SURFACE_CURVE('',#3924,(#3929,#3936),.PCURVE_S1.);
#3924 = CIRCLE('',#3925,2.6);
#3925 = AXIS2_PLACEMENT_3D('',#3926,#3927,#3928);
#3926 = CARTESIAN_POINT('',(0.,37.,0.));
#3927 = DIRECTION('',(0.,1.,0.));
#3928 = DIRECTION('',(0.,-0.,1.));
#3929 = PCURVE('',#1476,#3930);
#3930 = DEFINITIONAL_REPRESENTATION('',(#3931),#3935);
#3931 = CIRCLE('',#3932,2.6);
#3932 = AXIS2_PLACEMENT_2D('',#3933,#3934);
#3933 = CARTESIAN_POINT('',(0.,0.));
#3934 = DIRECTION('',(1.,0.));
#3935 = ( GEOMETRIC_REPRESENTATION_CONTEXT(2) 
PARAMETRIC_REPRESENTATION_CONTEXT() REPRESENTATION_CONTEXT('2D SPACE',''
  ) );
#3936 = PCURVE('',#3641,#3937);
#3937 = DEFINITIONAL_REPRESENTATION('',(#3938),#3942);
#3938 = LINE('',#3939,#3940);
#3939 = CARTESIAN_POINT('',(0.,64.5));
#3940 = VECTOR('',#3941,1.);
#3941 = DIRECTION('',(1.,0.));
#3942 = ( GEOMETRIC_REPRESENTATION_CONTEXT(2) 
PARAMETRIC_REPRESENTATION_CONTEXT() REPRESENTATION_CONTEXT('2D SPACE',''
  ) );
#3943 = ADVANCED_FACE('',(#3944),#1444,.T.);
#3944 = FACE_BOUND('',#3945,.T.);
#3945 = EDGE_LOOP('',(#3946,#3967,#3968,#3969,#3970,#3971,#4295,#4296));
#3946 = ORIENTED_EDGE('',*,*,#3947,.F.);
#3947 = EDGE_CURVE('',#2649,#3272,#3948,.T.);
#3948 = SURFACE_CURVE('',#3949,(#3953,#3960),.PCURVE_S1.);
#3949 = LINE('',#3950,#3951);
#3950 = CARTESIAN_POINT('',(1.7763568394E-15,32.,-15.));
#3951 = VECTOR('',#3952,1.);
#3952 = DIRECTION('',(0.,0.,1.));
#3953 = PCURVE('',#1444,#3954);
#3954 = DEFINITIONAL_REPRESENTATION('',(#3955),#3959);
#3955 = LINE('',#3956,#3957);
#3956 = CARTESIAN_POINT('',(0.,0.));
#3957 = VECTOR('',#3958,1.);
#3958 = DIRECTION('',(0.,1.));
#3959 = ( GEOMETRIC_REPRESENTATION_CONTEXT(2) 
PARAMETRIC_REPRESENTATION_CONTEXT() REPRESENTATION_CONTEXT('2D SPACE',''
  ) );
#3960 = PCURVE('',#2664,#3961);
#3961 = DEFINITIONAL_REPRESENTATION('',(#3962),#3966);
#3962 = LINE('',#3963,#3964);
#3963 = CARTESIAN_POINT('',(0.,-74.));
#3964 = VECTOR('',#3965,1.);
#3965 = DIRECTION('',(1.,0.));
#3966 = ( GEOMETRIC_REPRESENTATION_CONTEXT(2) 
PARAMETRIC_REPRESENTATION_CONTEXT() REPRESENTATION_CONTEXT('2D SPACE',''
  ) );
#3967 = ORIENTED_EDGE('',*,*,#2676,.T.);
#3968 = ORIENTED_EDGE('',*,*,#2893,.T.);
#3969 = ORIENTED_EDGE('',*,*,#1427,.F.);
#3970 = ORIENTED_EDGE('',*,*,#3854,.F.);
#3971 = ORIENTED_EDGE('',*,*,#3972,.F.);
#3972 = EDGE_CURVE('',#3878,#3855,#3973,.T.);
#3973 = SURFACE_CURVE('',#3974,(#4079,#4187),.PCURVE_S1.);
#3974 = B_SPLINE_CURVE_WITH_KNOTS('',7,(#3975,#3976,#3977,#3978,#3979,
    #3980,#3981,#3982,#3983,#3984,#3985,#3986,#3987,#3988,#3989,#3990,
    #3991,#3992,#3993,#3994,#3995,#3996,#3997,#3998,#3999,#4000,#4001,
    #4002,#4003,#4004,#4005,#4006,#4007,#4008,#4009,#4010,#4011,#4012,
    #4013,#4014,#4015,#4016,#4017,#4018,#4019,#4020,#4021,#4022,#4023,
    #4024,#4025,#4026,#4027,#4028,#4029,#4030,#4031,#4032,#4033,#4034,
    #4035,#4036,#4037,#4038,#4039,#4040,#4041,#4042,#4043,#4044,#4045,
    #4046,#4047,#4048,#4049,#4050,#4051,#4052,#4053,#4054,#4055,#4056,
    #4057,#4058,#4059,#4060,#4061,#4062,#4063,#4064,#4065,#4066,#4067,
    #4068,#4069,#4070,#4071,#4072,#4073,#4074,#4075,#4076,#4077,#4078),
  .UNSPECIFIED.,.F.,.F.,(8,6,6,6,6,6,6,6,6,6,6,6,6,6,6,6,6,8),(0.,
    0.177469677582,0.312871735779,0.374487477655,0.406771749298,
    0.428847241333,0.446144292408,0.459886684986,0.500146070236,
    0.537303408348,0.550007871903,0.566010232387,0.586257261664,
    0.615222270871,0.664798286548,0.724856044838,0.836932670454,1.),
  .UNSPECIFIED.);
#3975 = CARTESIAN_POINT('',(8.881784197001E-16,32.,-2.6));
#3976 = CARTESIAN_POINT('',(8.881784197001E-16,32.427030783242,-2.6));
#3977 = CARTESIAN_POINT('',(-2.127487075998E-02,32.853867910733,
    -2.600000415609));
#3978 = CARTESIAN_POINT('',(-6.378925875995E-02,33.279963967081,
    -2.599998234863));
#3979 = CARTESIAN_POINT('',(-0.127632104253,33.704711198276,
    -2.598907439411));
#3980 = CARTESIAN_POINT('',(-0.212974515174,34.127373057716,
    -2.594517491582));
#3981 = CARTESIAN_POINT('',(-0.320028016145,34.546919863102,
    -2.583532349862));
#3982 = CARTESIAN_POINT('',(-0.54682279508,35.278301382069,
    -2.543799129312));
#3983 = CARTESIAN_POINT('',(-0.657542652919,35.592099024754,
    -2.519878620073));
#3984 = CARTESIAN_POINT('',(-0.780881663073,35.902805340041,
    -2.487009539226));
#3985 = CARTESIAN_POINT('',(-0.916697814556,36.209349833321,
    -2.442392167527));
#3986 = CARTESIAN_POINT('',(-1.064395056234,36.510033543386,
    -2.382498096873));
#3987 = CARTESIAN_POINT('',(-1.222583431808,36.802405050408,
    -2.302964494761));
#3988 = CARTESIAN_POINT('',(-1.463534277567,37.21063636404,
    -2.150816129245));
#3989 = CARTESIAN_POINT('',(-1.540484836001,37.33596525241,
    -2.098010624853));
#3990 = CARTESIAN_POINT('',(-1.618575478906,37.458329388028,
    -2.039565929511));
#3991 = CARTESIAN_POINT('',(-1.697286054438,37.57714090419,
    -1.975066271997));
#3992 = CARTESIAN_POINT('',(-1.77602106127,37.691829002052,
    -1.904108058676));
#3993 = CARTESIAN_POINT('',(-1.854099427689,37.801822323724,
    -1.826310950824));
#3994 = CARTESIAN_POINT('',(-1.97090324196,37.961394802606,
    -1.696801647842));
#3995 = CARTESIAN_POINT('',(-2.010646378545,38.01477715043,
    -1.65032655155));
#3996 = CARTESIAN_POINT('',(-2.049832532899,38.066555051937,
    -1.601891127055));
#3997 = CARTESIAN_POINT('',(-2.088317240468,38.116613158448,
    -1.551493003414));
#3998 = CARTESIAN_POINT('',(-2.125954173001,38.164843602199,
    -1.499140143701));
#3999 = CARTESIAN_POINT('',(-2.162596571858,38.211145509031,
    -1.444851023944));
#4000 = CARTESIAN_POINT('',(-2.222374481752,38.285701816632,
    -1.350228700407));
#4001 = CARTESIAN_POINT('',(-2.246114148086,38.315029297893,
    -1.310915871331));
#4002 = CARTESIAN_POINT('',(-2.269266577665,38.343371898999,
    -1.270732889528));
#4003 = CARTESIAN_POINT('',(-2.291781996654,38.370696808448,
    -1.229699575025));
#4004 = CARTESIAN_POINT('',(-2.313611960061,38.396973459095,
    -1.187839003206));
#4005 = CARTESIAN_POINT('',(-2.334709351731,38.422173528157,
    -1.145177504809));
#4006 = CARTESIAN_POINT('',(-2.370949177622,38.465152242982,
    -1.067713259911));
#4007 = CARTESIAN_POINT('',(-2.386391786711,38.48335597222,
    -1.033209323763));
#4008 = CARTESIAN_POINT('',(-2.401333861348,38.500869100961,
    -0.998248070456));
#4009 = CARTESIAN_POINT('',(-2.415753986832,38.517679460282,
    -0.962846018365));
#4010 = CARTESIAN_POINT('',(-2.429631684037,38.533775736298,
    -0.927020991272));
#4011 = CARTESIAN_POINT('',(-2.44294740941,38.549147470165,
    -0.890792118365));
#4012 = CARTESIAN_POINT('',(-2.465800543815,38.575414524775,
    -0.825091616858));
#4013 = CARTESIAN_POINT('',(-2.475552135087,38.586580603154,
    -0.795761293085));
#4014 = CARTESIAN_POINT('',(-2.484928047308,38.59727849745,
    -0.766199085114));
#4015 = CARTESIAN_POINT('',(-2.493919514249,38.607503762779,
    -0.736415590706));
#4016 = CARTESIAN_POINT('',(-2.50251828492,38.617252305133,
    -0.706421783195));
#4017 = CARTESIAN_POINT('',(-2.510716623579,38.626520381387,
    -0.676229011482));
#4018 = CARTESIAN_POINT('',(-2.541330717896,38.661038634382,
    -0.556848443711));
#4019 = CARTESIAN_POINT('',(-2.560653385844,38.682617172355,
    -0.466250178227));
#4020 = CARTESIAN_POINT('',(-2.57629775143,38.69995934524,
    -0.374338553304));
#4021 = CARTESIAN_POINT('',(-2.588125795554,38.71300498618,
    -0.281424061392));
#4022 = CARTESIAN_POINT('',(-2.596042615786,38.721714492423,
    -0.187835697235));
#4023 = CARTESIAN_POINT('',(-2.6,38.72606868832,-9.391331743222E-02));
#4024 = CARTESIAN_POINT('',(-2.6,38.72606868832,8.667715285102E-02));
#4025 = CARTESIAN_POINT('',(-2.596628687124,38.722359393471,
    0.173363895915));
#4026 = CARTESIAN_POINT('',(-2.589885211214,38.71494059074,
    0.259785552945));
#4027 = CARTESIAN_POINT('',(-2.579804171658,38.703825916198,
    0.345676319347));
#4028 = CARTESIAN_POINT('',(-2.566453918611,38.68904352213,
    0.430779938737));
#4029 = CARTESIAN_POINT('',(-2.549934854212,38.670636744135,
    0.514850379494));
#4030 = CARTESIAN_POINT('',(-2.523690959772,38.641152331084,
    0.625963383929));
#4031 = CARTESIAN_POINT('',(-2.516649127075,38.633223257529,
    0.654125614678));
#4032 = CARTESIAN_POINT('',(-2.50925752867,38.62487998627,0.682129739399
    ));
#4033 = CARTESIAN_POINT('',(-2.501521851313,38.61612520866,
    0.709966542233));
#4034 = CARTESIAN_POINT('',(-2.493448175563,38.606961868702,
    0.737627055623));
#4035 = CARTESIAN_POINT('',(-2.485042975778,38.597393163044,
    0.765102560319));
#4036 = CARTESIAN_POINT('',(-2.465317118855,38.574863688124,
    0.82674863371));
#4037 = CARTESIAN_POINT('',(-2.453805959859,38.561667159605,
    0.86080581684));
#4038 = CARTESIAN_POINT('',(-2.441793431377,38.547839868844,
    0.894539161596));
#4039 = CARTESIAN_POINT('',(-2.429294100038,38.533389372631,
    0.927932574399));
#4040 = CARTESIAN_POINT('',(-2.416323310848,38.518323871126,
    0.960970841261));
#4041 = CARTESIAN_POINT('',(-2.402897187192,38.502652207859,
    0.993639627787));
#4042 = CARTESIAN_POINT('',(-2.37149046393,38.46580031153,1.066775238728
    ));
#4043 = CARTESIAN_POINT('',(-2.353246106344,38.444261423052,
    1.107012198341));
#4044 = CARTESIAN_POINT('',(-2.33433402462,38.421786558648,
    1.146609116948));
#4045 = CARTESIAN_POINT('',(-2.314789664064,38.398396410977,
    1.185541620156));
#4046 = CARTESIAN_POINT('',(-2.294649448741,38.374113011002,
    1.223788200241));
#4047 = CARTESIAN_POINT('',(-2.273950781478,38.34895972799,
    1.261330216147));
#4048 = CARTESIAN_POINT('',(-2.222376927462,38.285768376729,
    1.350828274232));
#4049 = CARTESIAN_POINT('',(-2.190962055427,38.246851765302,
    1.402021851683));
#4050 = CARTESIAN_POINT('',(-2.158593991342,38.206278006657,
    1.451696264632));
#4051 = CARTESIAN_POINT('',(-2.125381443249,38.164118636102,
    1.499823227821));
#4052 = CARTESIAN_POINT('',(-2.091434250624,38.120450498816,
    1.546382439087));
#4053 = CARTESIAN_POINT('',(-2.056862371352,38.075356095837,
    1.591361486508));
#4054 = CARTESIAN_POINT('',(-1.961719697692,37.949451427132,
    1.709028646203));
#4055 = CARTESIAN_POINT('',(-1.900192906114,37.866111454699,
    1.77861068062));
#4056 = CARTESIAN_POINT('',(-1.837652116833,37.77923356591,
    1.843604159555));
#4057 = CARTESIAN_POINT('',(-1.7745234092,37.68915087216,1.904141941798)
  );
#4058 = CARTESIAN_POINT('',(-1.71120219911,37.596207683237,
    1.960381973921));
#4059 = CARTESIAN_POINT('',(-1.648054119057,37.500767147469,
    2.01250182004));
#4060 = CARTESIAN_POINT('',(-1.509534222802,37.285046233671,
    2.119073553589));
#4061 = CARTESIAN_POINT('',(-1.434360527416,37.163717285091,
    2.171719893217));
#4062 = CARTESIAN_POINT('',(-1.36031447866,37.039638489101,
    2.219100279949));
#4063 = CARTESIAN_POINT('',(-1.287735120573,36.913179868446,
    2.261660350154));
#4064 = CARTESIAN_POINT('',(-1.216893698137,36.784681501908,
    2.299821909486));
#4065 = CARTESIAN_POINT('',(-1.148006480813,36.654460000547,
    2.333981535289));
#4066 = CARTESIAN_POINT('',(-0.956665652522,36.277145986983,
    2.421478259997));
#4067 = CARTESIAN_POINT('',(-0.839345004687,36.026223752134,
    2.465868186822));
#4068 = CARTESIAN_POINT('',(-0.73015046529,35.77139696682,2.50015940959)
  );
#4069 = CARTESIAN_POINT('',(-0.6294864547,35.513668870633,2.526395953069
    ));
#4070 = CARTESIAN_POINT('',(-0.537482569986,35.253714156234,
    2.546263272103));
#4071 = CARTESIAN_POINT('',(-0.454131638813,34.991899828897,
    2.561146966543));
#4072 = CARTESIAN_POINT('',(-0.270619749899,34.344796645176,
    2.588213887548));
#4073 = CARTESIAN_POINT('',(-0.180152554881,33.957836433011,
    2.596075531083));
#4074 = CARTESIAN_POINT('',(-0.107986168725,33.568484725001,
    2.599217382144));
#4075 = CARTESIAN_POINT('',(-5.397325653163E-02,33.177486109229,
    2.599999060421));
#4076 = CARTESIAN_POINT('',(-1.799745956632E-02,32.785413835718,
    2.600000220377));
#4077 = CARTESIAN_POINT('',(4.440892098501E-16,32.392764081766,2.6));
#4078 = CARTESIAN_POINT('',(4.440892098501E-16,32.,2.6));
#4079 = PCURVE('',#1444,#4080);
#4080 = DEFINITIONAL_REPRESENTATION('',(#4081),#4186);
#4081 = B_SPLINE_CURVE_WITH_KNOTS('',7,(#4082,#4083,#4084,#4085,#4086,
    #4087,#4088,#4089,#4090,#4091,#4092,#4093,#4094,#4095,#4096,#4097,
    #4098,#4099,#4100,#4101,#4102,#4103,#4104,#4105,#4106,#4107,#4108,
    #4109,#4110,#4111,#4112,#4113,#4114,#4115,#4116,#4117,#4118,#4119,
    #4120,#4121,#4122,#4123,#4124,#4125,#4126,#4127,#4128,#4129,#4130,
    #4131,#4132,#4133,#4134,#4135,#4136,#4137,#4138,#4139,#4140,#4141,
    #4142,#4143,#4144,#4145,#4146,#4147,#4148,#4149,#4150,#4151,#4152,
    #4153,#4154,#4155,#4156,#4157,#4158,#4159,#4160,#4161,#4162,#4163,
    #4164,#4165,#4166,#4167,#4168,#4169,#4170,#4171,#4172,#4173,#4174,
    #4175,#4176,#4177,#4178,#4179,#4180,#4181,#4182,#4183,#4184,#4185),
  .UNSPECIFIED.,.F.,.F.,(8,6,6,6,6,6,6,6,6,6,6,6,6,6,6,6,6,8),(0.,
    0.177469677582,0.312871735779,0.374487477655,0.406771749298,
    0.428847241333,0.446144292408,0.459886684986,0.500146070236,
    0.537303408348,0.550007871903,0.566010232387,0.586257261664,
    0.615222270871,0.664798286548,0.724856044838,0.836932670454,1.),
  .UNSPECIFIED.);
#4082 = CARTESIAN_POINT('',(0.,12.4));
#4083 = CARTESIAN_POINT('',(4.270307832418E-02,12.4));
#4084 = CARTESIAN_POINT('',(8.538680245216E-02,12.399999584391));
#4085 = CARTESIAN_POINT('',(0.12812353835,12.400001765137));
#4086 = CARTESIAN_POINT('',(0.170979471704,12.401092560589));
#4087 = CARTESIAN_POINT('',(0.214010835058,12.405482508418));
#4088 = CARTESIAN_POINT('',(0.257253805651,12.416467650138));
#4089 = CARTESIAN_POINT('',(0.333827613056,12.456200870688));
#4090 = CARTESIAN_POINT('',(0.367078739333,12.480121379927));
#4091 = CARTESIAN_POINT('',(0.400467750619,12.512990460774));
#4092 = CARTESIAN_POINT('',(0.433949652043,12.557607832473));
#4093 = CARTESIAN_POINT('',(0.46740790381,12.617501903127));
#4094 = CARTESIAN_POINT('',(0.500627068917,12.697035505239));
#4095 = CARTESIAN_POINT('',(0.548030667462,12.849183870755));
#4096 = CARTESIAN_POINT('',(0.562735128087,12.901989375147));
#4097 = CARTESIAN_POINT('',(0.577247566396,12.960434070489));
#4098 = CARTESIAN_POINT('',(0.591495812346,13.024933728003));
#4099 = CARTESIAN_POINT('',(0.605404344123,13.095891941324));
#4100 = CARTESIAN_POINT('',(0.618891719947,13.173689049176));
#4101 = CARTESIAN_POINT('',(0.638667085189,13.303198352158));
#4102 = CARTESIAN_POINT('',(0.645322082942,13.34967344845));
#4103 = CARTESIAN_POINT('',(0.651815232237,13.398108872945));
#4104 = CARTESIAN_POINT('',(0.65812910243,13.448506996586));
#4105 = CARTESIAN_POINT('',(0.664246640473,13.500859856299));
#4106 = CARTESIAN_POINT('',(0.670151208259,13.555148976056));
#4107 = CARTESIAN_POINT('',(0.679707379832,13.649771299593));
#4108 = CARTESIAN_POINT('',(0.683480498517,13.689084128669));
#4109 = CARTESIAN_POINT('',(0.687140138445,13.729267110472));
#4110 = CARTESIAN_POINT('',(0.690680697585,13.770300424975));
#4111 = CARTESIAN_POINT('',(0.694096809445,13.812160996794));
#4112 = CARTESIAN_POINT('',(0.69738334307,13.854822495191));
#4113 = CARTESIAN_POINT('',(0.703005170983,13.932286740089));
#4114 = CARTESIAN_POINT('',(0.705392313777,13.966790676237));
#4115 = CARTESIAN_POINT('',(0.707694418573,14.001751929544));
#4116 = CARTESIAN_POINT('',(0.709909191989,14.037153981635));
#4117 = CARTESIAN_POINT('',(0.712034460111,14.072979008728));
#4118 = CARTESIAN_POINT('',(0.714068168498,14.109207881635));
#4119 = CARTESIAN_POINT('',(0.717549869102,14.174908383142));
#4120 = CARTESIAN_POINT('',(0.719032347153,14.204238706915));
#4121 = CARTESIAN_POINT('',(0.720454850905,14.233800914886));
#4122 = CARTESIAN_POINT('',(0.721816473636,14.263584409294));
#4123 = CARTESIAN_POINT('',(0.723116367328,14.293578216805));
#4124 = CARTESIAN_POINT('',(0.724353742667,14.323770988518));
#4125 = CARTESIAN_POINT('',(0.72896756165,14.443151556289));
#4126 = CARTESIAN_POINT('',(0.731864078728,14.533749821773));
#4127 = CARTESIAN_POINT('',(0.734199645807,14.625661446696));
#4128 = CARTESIAN_POINT('',(0.735960584854,14.718575938608));
#4129 = CARTESIAN_POINT('',(0.737137584197,14.812164302765));
#4130 = CARTESIAN_POINT('',(0.737725968453,14.906086682568));
#4131 = CARTESIAN_POINT('',(0.737725968453,15.086677152851));
#4132 = CARTESIAN_POINT('',(0.737224725503,15.173363895915));
#4133 = CARTESIAN_POINT('',(0.736222160017,15.259785552945));
#4134 = CARTESIAN_POINT('',(0.734721616857,15.345676319347));
#4135 = CARTESIAN_POINT('',(0.732729775439,15.430779938737));
#4136 = CARTESIAN_POINT('',(0.730256559831,15.514850379494));
#4137 = CARTESIAN_POINT('',(0.726309316985,15.625963383929));
#4138 = CARTESIAN_POINT('',(0.725248857191,15.654125614678));
#4139 = CARTESIAN_POINT('',(0.724134202123,15.682129739399));
#4140 = CARTESIAN_POINT('',(0.722965928374,15.709966542233));
#4141 = CARTESIAN_POINT('',(0.721744656473,15.737627055623));
#4142 = CARTESIAN_POINT('',(0.720471050887,15.765102560319));
#4143 = CARTESIAN_POINT('',(0.717476578193,15.82674863371));
#4144 = CARTESIAN_POINT('',(0.715725423732,15.86080581684));
#4145 = CARTESIAN_POINT('',(0.713893778195,15.894539161596));
#4146 = CARTESIAN_POINT('',(0.711983158538,15.927932574399));
#4147 = CARTESIAN_POINT('',(0.709995177119,15.960970841261));
#4148 = CARTESIAN_POINT('',(0.707931541701,15.993639627787));
#4149 = CARTESIAN_POINT('',(0.703089595265,16.066775238728));
#4150 = CARTESIAN_POINT('',(0.700266877904,16.107012198341));
#4151 = CARTESIAN_POINT('',(0.697329581079,16.146609116948));
#4152 = CARTESIAN_POINT('',(0.694281533242,16.185541620156));
#4153 = CARTESIAN_POINT('',(0.691126713579,16.223788200241));
#4154 = CARTESIAN_POINT('',(0.687869252015,16.261330216147));
#4155 = CARTESIAN_POINT('',(0.679712653893,16.350828274232));
#4156 = CARTESIAN_POINT('',(0.6747113289,16.402021851683));
#4157 = CARTESIAN_POINT('',(0.669521171395,16.451696264632));
#4158 = CARTESIAN_POINT('',(0.664154345343,16.499823227821));
#4159 = CARTESIAN_POINT('',(0.658623429397,16.546382439087));
#4160 = CARTESIAN_POINT('',(0.652941384792,16.591361486508));
#4161 = CARTESIAN_POINT('',(0.637160347452,16.709028646203));
#4162 = CARTESIAN_POINT('',(0.626801886722,16.77861068062));
#4163 = CARTESIAN_POINT('',(0.61609843505,16.843604159555));
#4164 = CARTESIAN_POINT('',(0.605100029208,16.904141941798));
#4165 = CARTESIAN_POINT('',(0.593855306059,16.960381973921));
#4166 = CARTESIAN_POINT('',(0.58241235988,17.01250182004));
#4167 = CARTESIAN_POINT('',(0.55677580896,17.119073553589));
#4168 = CARTESIAN_POINT('',(0.542504689729,17.171719893217));
#4169 = CARTESIAN_POINT('',(0.528058568803,17.219100279949));
#4170 = CARTESIAN_POINT('',(0.513481749065,17.261660350154));
#4171 = CARTESIAN_POINT('',(0.49881203372,17.299821909486));
#4172 = CARTESIAN_POINT('',(0.484082250549,17.333981535289));
#4173 = CARTESIAN_POINT('',(0.441776556203,17.421478259997));
#4174 = CARTESIAN_POINT('',(0.414091241715,17.465868186822));
#4175 = CARTESIAN_POINT('',(0.386391019322,17.50015940959));
#4176 = CARTESIAN_POINT('',(0.358748141177,17.526395953069));
#4177 = CARTESIAN_POINT('',(0.331195089376,17.546263272103));
#4178 = CARTESIAN_POINT('',(0.303732871795,17.561146966543));
#4179 = CARTESIAN_POINT('',(0.236470761826,17.588213887548));
#4180 = CARTESIAN_POINT('',(0.196774569247,17.596075531083));
#4181 = CARTESIAN_POINT('',(0.15724411008,17.599217382144));
#4182 = CARTESIAN_POINT('',(0.117847552943,17.599999060421));
#4183 = CARTESIAN_POINT('',(7.85413883808E-02,17.600000220378));
#4184 = CARTESIAN_POINT('',(3.927640817657E-02,17.6));
#4185 = CARTESIAN_POINT('',(0.,17.6));
#4186 = ( GEOMETRIC_REPRESENTATION_CONTEXT(2) 
PARAMETRIC_REPRESENTATION_CONTEXT() REPRESENTATION_CONTEXT('2D SPACE',''
  ) );
#4187 = PCURVE('',#3641,#4188);
#4188 = DEFINITIONAL_REPRESENTATION('',(#4189),#4294);
#4189 = B_SPLINE_CURVE_WITH_KNOTS('',7,(#4190,#4191,#4192,#4193,#4194,
    #4195,#4196,#4197,#4198,#4199,#4200,#4201,#4202,#4203,#4204,#4205,
    #4206,#4207,#4208,#4209,#4210,#4211,#4212,#4213,#4214,#4215,#4216,
    #4217,#4218,#4219,#4220,#4221,#4222,#4223,#4224,#4225,#4226,#4227,
    #4228,#4229,#4230,#4231,#4232,#4233,#4234,#4235,#4236,#4237,#4238,
    #4239,#4240,#4241,#4242,#4243,#4244,#4245,#4246,#4247,#4248,#4249,
    #4250,#4251,#4252,#4253,#4254,#4255,#4256,#4257,#4258,#4259,#4260,
    #4261,#4262,#4263,#4264,#4265,#4266,#4267,#4268,#4269,#4270,#4271,
    #4272,#4273,#4274,#4275,#4276,#4277,#4278,#4279,#4280,#4281,#4282,
    #4283,#4284,#4285,#4286,#4287,#4288,#4289,#4290,#4291,#4292,#4293),
  .UNSPECIFIED.,.F.,.F.,(8,6,6,6,6,6,6,6,6,6,6,6,6,6,6,6,6,8),(0.,
    0.177469677582,0.312871735779,0.374487477655,0.406771749298,
    0.428847241333,0.446144292408,0.459886684986,0.500146070236,
    0.537303408348,0.550007871903,0.566010232387,0.586257261664,
    0.615222270871,0.664798286548,0.724856044838,0.836932670454,1.),
  .UNSPECIFIED.);
#4190 = CARTESIAN_POINT('',(3.14159265359,59.5));
#4191 = CARTESIAN_POINT('',(3.14159265359,59.927030783242));
#4192 = CARTESIAN_POINT('',(3.149775094607,60.353867910733));
#4193 = CARTESIAN_POINT('',(3.1661278044,60.779963967081));
#4194 = CARTESIAN_POINT('',(3.190680168132,61.204711198276));
#4195 = CARTESIAN_POINT('',(3.223508901042,61.627373057716));
#4196 = CARTESIAN_POINT('',(3.264794927872,62.046919863102));
#4197 = CARTESIAN_POINT('',(3.353352234368,62.778301382069));
#4198 = CARTESIAN_POINT('',(3.396885362617,63.092099024754));
#4199 = CARTESIAN_POINT('',(3.445886424165,63.40280534004));
#4200 = CARTESIAN_POINT('',(3.500686413924,63.709349833322));
#4201 = CARTESIAN_POINT('',(3.561714560814,64.010033543385));
#4202 = CARTESIAN_POINT('',(3.629491155147,64.302405050408));
#4203 = CARTESIAN_POINT('',(3.739094012192,64.71063636404));
#4204 = CARTESIAN_POINT('',(3.774962425153,64.83596525241));
#4205 = CARTESIAN_POINT('',(3.812425823695,64.958329388028));
#4206 = CARTESIAN_POINT('',(3.851493063329,65.07714090419));
#4207 = CARTESIAN_POINT('',(3.892180172019,65.191829002052));
#4208 = CARTESIAN_POINT('',(3.934512657045,65.301822323724));
#4209 = CARTESIAN_POINT('',(4.001590054921,65.461394802606));
#4210 = CARTESIAN_POINT('',(4.02510151279,65.51477715043));
#4211 = CARTESIAN_POINT('',(4.049049402676,65.566555051937));
#4212 = CARTESIAN_POINT('',(4.07342077475,65.616613158448));
#4213 = CARTESIAN_POINT('',(4.098202737363,65.664843602199));
#4214 = CARTESIAN_POINT('',(4.12338268227,65.711145509031));
#4215 = CARTESIAN_POINT('',(4.166430032392,65.785701816632));
#4216 = CARTESIAN_POINT('',(4.18408970917,65.815029297893));
#4217 = CARTESIAN_POINT('',(4.201920473464,65.843371898999));
#4218 = CARTESIAN_POINT('',(4.219915166039,65.870696808448));
#4219 = CARTESIAN_POINT('',(4.238066535138,65.896973459095));
#4220 = CARTESIAN_POINT('',(4.256367236478,65.922173528157));
#4221 = CARTESIAN_POINT('',(4.289260362273,65.965152242982));
#4222 = CARTESIAN_POINT('',(4.303797557513,65.98335597222));
#4223 = CARTESIAN_POINT('',(4.318417447395,66.000869100961));
#4224 = CARTESIAN_POINT('',(4.333115973151,66.017679460282));
#4225 = CARTESIAN_POINT('',(4.347888988823,66.033775736298));
#4226 = CARTESIAN_POINT('',(4.362732261264,66.049147470165));
#4227 = CARTESIAN_POINT('',(4.389486737885,66.075414524775));
#4228 = CARTESIAN_POINT('',(4.401373650922,66.086580603154));
#4229 = CARTESIAN_POINT('',(4.413300053515,66.09727849745));
#4230 = CARTESIAN_POINT('',(4.425263785024,66.107503762779));
#4231 = CARTESIAN_POINT('',(4.437262679895,66.117252305133));
#4232 = CARTESIAN_POINT('',(4.449294567664,66.126520381387));
#4233 = CARTESIAN_POINT('',(4.496695886417,66.161038634382));
#4234 = CARTESIAN_POINT('',(4.532295307477,66.182617172354));
#4235 = CARTESIAN_POINT('',(4.568104616135,66.19995934524));
#4236 = CARTESIAN_POINT('',(4.604071959095,66.21300498618));
#4237 = CARTESIAN_POINT('',(4.640144517334,66.221714492423));
#4238 = CARTESIAN_POINT('',(4.67626847368,66.22606868832));
#4239 = CARTESIAN_POINT('',(4.745726346866,66.22606868832));
#4240 = CARTESIAN_POINT('',(4.779067387403,66.222359393471));
#4241 = CARTESIAN_POINT('',(4.81236703329,66.21494059074));
#4242 = CARTESIAN_POINT('',(4.845583537069,66.203825916198));
#4243 = CARTESIAN_POINT('',(4.87867670083,66.18904352213));
#4244 = CARTESIAN_POINT('',(4.911606104513,66.170636744135));
#4245 = CARTESIAN_POINT('',(4.955517731994,66.141152331084));
#4246 = CARTESIAN_POINT('',(4.966681876996,66.133223257529));
#4247 = CARTESIAN_POINT('',(4.977820057133,66.12487998627));
#4248 = CARTESIAN_POINT('',(4.98893056009,66.11612520866));
#4249 = CARTESIAN_POINT('',(5.000011673319,66.106961868702));
#4250 = CARTESIAN_POINT('',(5.011061684044,66.097393163044));
#4251 = CARTESIAN_POINT('',(5.035955980686,66.074863688124));
#4252 = CARTESIAN_POINT('',(5.04978104449,66.061667159605));
#4253 = CARTESIAN_POINT('',(5.063550631669,66.047839868844));
#4254 = CARTESIAN_POINT('',(5.077261348408,66.033389372631));
#4255 = CARTESIAN_POINT('',(5.090909846078,66.018323871126));
#4256 = CARTESIAN_POINT('',(5.104492821236,66.002652207859));
#4257 = CARTESIAN_POINT('',(5.135105886122,65.96580031153));
#4258 = CARTESIAN_POINT('',(5.152094728906,65.944261423052));
#4259 = CARTESIAN_POINT('',(5.168966919158,65.921786558648));
#4260 = CARTESIAN_POINT('',(5.185716132597,65.898396410977));
#4261 = CARTESIAN_POINT('',(5.202336345484,65.874113011002));
#4262 = CARTESIAN_POINT('',(5.218821834621,65.84895972799));
#4263 = CARTESIAN_POINT('',(5.258550509111,65.785768376729));
#4264 = CARTESIAN_POINT('',(5.281643208272,65.746851765302));
#4265 = CARTESIAN_POINT('',(5.30443360049,65.706278006657));
#4266 = CARTESIAN_POINT('',(5.326909902843,65.664118636102));
#4267 = CARTESIAN_POINT('',(5.349060304038,65.620450498816));
#4268 = CARTESIAN_POINT('',(5.370873044627,65.575356095837));
#4269 = CARTESIAN_POINT('',(5.429072976536,65.449451427132));
#4270 = CARTESIAN_POINT('',(5.464762410386,65.366111454699));
#4271 = CARTESIAN_POINT('',(5.499405653905,65.27923356591));
#4272 = CARTESIAN_POINT('',(5.532999686684,65.18915087216));
#4273 = CARTESIAN_POINT('',(5.565538089581,65.096207683237));
#4274 = CARTESIAN_POINT('',(5.59701152153,65.000767147469));
#4275 = CARTESIAN_POINT('',(5.664231570017,64.785046233671));
#4276 = CARTESIAN_POINT('',(5.69949453319,64.663717285091));
#4277 = CARTESIAN_POINT('',(5.733259683816,64.539638489101));
#4278 = CARTESIAN_POINT('',(5.765579714284,64.413179868446));
#4279 = CARTESIAN_POINT('',(5.796499541642,64.284681501908));
#4280 = CARTESIAN_POINT('',(5.826058437806,64.154460000547));
#4281 = CARTESIAN_POINT('',(5.906980444787,63.777145986983));
#4282 = CARTESIAN_POINT('',(5.955117211447,63.526223752134));
#4283 = CARTESIAN_POINT('',(5.999033682235,63.27139696682));
#4284 = CARTESIAN_POINT('',(6.038973446331,63.013668870633));
#4285 = CARTESIAN_POINT('',(6.075134916919,62.753714156234));
#4286 = CARTESIAN_POINT('',(6.107685434083,62.491899828897));
#4287 = CARTESIAN_POINT('',(6.179030532132,61.844796645176));
#4288 = CARTESIAN_POINT('',(6.213894495279,61.457836433011));
#4289 = CARTESIAN_POINT('',(6.241652970032,61.068484725001));
#4290 = CARTESIAN_POINT('',(6.2624259869,60.677486109229));
#4291 = CARTESIAN_POINT('',(6.276263299728,60.285413835718));
#4292 = CARTESIAN_POINT('',(6.28318530718,59.892764081766));
#4293 = CARTESIAN_POINT('',(6.28318530718,59.5));
#4294 = ( GEOMETRIC_REPRESENTATION_CONTEXT(2) 
PARAMETRIC_REPRESENTATION_CONTEXT() REPRESENTATION_CONTEXT('2D SPACE',''
  ) );
#4295 = ORIENTED_EDGE('',*,*,#3877,.F.);
#4296 = ORIENTED_EDGE('',*,*,#3292,.F.);
#4297 = ADVANCED_FACE('',(#4298),#1544,.F.);
#4298 = FACE_BOUND('',#4299,.F.);
#4299 = EDGE_LOOP('',(#4300,#4301,#4302,#4303));
#4300 = ORIENTED_EDGE('',*,*,#2866,.T.);
#4301 = ORIENTED_EDGE('',*,*,#1530,.T.);
#4302 = ORIENTED_EDGE('',*,*,#3829,.F.);
#4303 = ORIENTED_EDGE('',*,*,#2597,.F.);
#4304 = ADVANCED_FACE('',(#4305),#1745,.T.);
#4305 = FACE_BOUND('',#4306,.T.);
#4306 = EDGE_LOOP('',(#4307,#4329,#4330,#4352));
#4307 = ORIENTED_EDGE('',*,*,#4308,.T.);
#4308 = EDGE_CURVE('',#1727,#1985,#4309,.T.);
#4309 = SURFACE_CURVE('',#4310,(#4315,#4322),.PCURVE_S1.);
#4310 = CIRCLE('',#4311,8.25);
#4311 = AXIS2_PLACEMENT_3D('',#4312,#4313,#4314);
#4312 = CARTESIAN_POINT('',(0.,-14.,0.));
#4313 = DIRECTION('',(0.,1.,0.));
#4314 = DIRECTION('',(0.,-0.,1.));
#4315 = PCURVE('',#1745,#4316);
#4316 = DEFINITIONAL_REPRESENTATION('',(#4317),#4321);
#4317 = CIRCLE('',#4318,8.25);
#4318 = AXIS2_PLACEMENT_2D('',#4319,#4320);
#4319 = CARTESIAN_POINT('',(0.,0.));
#4320 = DIRECTION('',(1.,0.));
#4321 = ( GEOMETRIC_REPRESENTATION_CONTEXT(2) 
PARAMETRIC_REPRESENTATION_CONTEXT() REPRESENTATION_CONTEXT('2D SPACE',''
  ) );
#4322 = PCURVE('',#1772,#4323);
#4323 = DEFINITIONAL_REPRESENTATION('',(#4324),#4328);
#4324 = LINE('',#4325,#4326);
#4325 = CARTESIAN_POINT('',(0.,20.));
#4326 = VECTOR('',#4327,1.);
#4327 = DIRECTION('',(1.,0.));
#4328 = ( GEOMETRIC_REPRESENTATION_CONTEXT(2) 
PARAMETRIC_REPRESENTATION_CONTEXT() REPRESENTATION_CONTEXT('2D SPACE',''
  ) );
#4329 = ORIENTED_EDGE('',*,*,#2005,.T.);
#4330 = ORIENTED_EDGE('',*,*,#4331,.T.);
#4331 = EDGE_CURVE('',#2006,#1729,#4332,.T.);
#4332 = SURFACE_CURVE('',#4333,(#4338,#4345),.PCURVE_S1.);
#4333 = CIRCLE('',#4334,8.25);
#4334 = AXIS2_PLACEMENT_3D('',#4335,#4336,#4337);
#4335 = CARTESIAN_POINT('',(0.,-14.,0.));
#4336 = DIRECTION('',(0.,1.,0.));
#4337 = DIRECTION('',(0.,-0.,1.));
#4338 = PCURVE('',#1745,#4339);
#4339 = DEFINITIONAL_REPRESENTATION('',(#4340),#4344);
#4340 = CIRCLE('',#4341,8.25);
#4341 = AXIS2_PLACEMENT_2D('',#4342,#4343);
#4342 = CARTESIAN_POINT('',(0.,0.));
#4343 = DIRECTION('',(1.,0.));
#4344 = ( GEOMETRIC_REPRESENTATION_CONTEXT(2) 
PARAMETRIC_REPRESENTATION_CONTEXT() REPRESENTATION_CONTEXT('2D SPACE',''
  ) );
#4345 = PCURVE('',#1870,#4346);
#4346 = DEFINITIONAL_REPRESENTATION('',(#4347),#4351);
#4347 = LINE('',#4348,#4349);
#4348 = CARTESIAN_POINT('',(0.,20.));
#4349 = VECTOR('',#4350,1.);
#4350 = DIRECTION('',(1.,0.));
#4351 = ( GEOMETRIC_REPRESENTATION_CONTEXT(2) 
PARAMETRIC_REPRESENTATION_CONTEXT() REPRESENTATION_CONTEXT('2D SPACE',''
  ) );
#4352 = ORIENTED_EDGE('',*,*,#1726,.F.);
#4353 = ADVANCED_FACE('',(#4354),#1870,.T.);
#4354 = FACE_BOUND('',#4355,.T.);
#4355 = EDGE_LOOP('',(#4356,#4357,#4358,#4380));
#4356 = ORIENTED_EDGE('',*,*,#4331,.F.);
#4357 = ORIENTED_EDGE('',*,*,#2029,.F.);
#4358 = ORIENTED_EDGE('',*,*,#4359,.T.);
#4359 = EDGE_CURVE('',#2030,#1829,#4360,.T.);
#4360 = SURFACE_CURVE('',#4361,(#4366,#4373),.PCURVE_S1.);
#4361 = CIRCLE('',#4362,8.25);
#4362 = AXIS2_PLACEMENT_3D('',#4363,#4364,#4365);
#4363 = CARTESIAN_POINT('',(0.,-18.5,0.));
#4364 = DIRECTION('',(0.,1.,0.));
#4365 = DIRECTION('',(0.,-0.,1.));
#4366 = PCURVE('',#1870,#4367);
#4367 = DEFINITIONAL_REPRESENTATION('',(#4368),#4372);
#4368 = LINE('',#4369,#4370);
#4369 = CARTESIAN_POINT('',(0.,15.5));
#4370 = VECTOR('',#4371,1.);
#4371 = DIRECTION('',(1.,0.));
#4372 = ( GEOMETRIC_REPRESENTATION_CONTEXT(2) 
PARAMETRIC_REPRESENTATION_CONTEXT() REPRESENTATION_CONTEXT('2D SPACE',''
  ) );
#4373 = PCURVE('',#1845,#4374);
#4374 = DEFINITIONAL_REPRESENTATION('',(#4375),#4379);
#4375 = CIRCLE('',#4376,8.25);
#4376 = AXIS2_PLACEMENT_2D('',#4377,#4378);
#4377 = CARTESIAN_POINT('',(0.,23.275));
#4378 = DIRECTION('',(1.,0.));
#4379 = ( GEOMETRIC_REPRESENTATION_CONTEXT(2) 
PARAMETRIC_REPRESENTATION_CONTEXT() REPRESENTATION_CONTEXT('2D SPACE',''
  ) );
#4380 = ORIENTED_EDGE('',*,*,#1857,.T.);
#4381 = ADVANCED_FACE('',(#4382),#1845,.T.);
#4382 = FACE_BOUND('',#4383,.T.);
#4383 = EDGE_LOOP('',(#4384,#4385,#4386,#4387));
#4384 = ORIENTED_EDGE('',*,*,#1828,.F.);
#4385 = ORIENTED_EDGE('',*,*,#4359,.F.);
#4386 = ORIENTED_EDGE('',*,*,#2050,.T.);
#4387 = ORIENTED_EDGE('',*,*,#2759,.T.);
#4388 = ADVANCED_FACE('',(#4389),#1772,.T.);
#4389 = FACE_BOUND('',#4390,.T.);
#4390 = EDGE_LOOP('',(#4391,#4392,#4393,#4394));
#4391 = ORIENTED_EDGE('',*,*,#4308,.F.);
#4392 = ORIENTED_EDGE('',*,*,#1757,.F.);
#4393 = ORIENTED_EDGE('',*,*,#1909,.T.);
#4394 = ORIENTED_EDGE('',*,*,#1984,.T.);
#4395 = ADVANCED_FACE('',(#4396),#2093,.F.);
#4396 = FACE_BOUND('',#4397,.F.);
#4397 = EDGE_LOOP('',(#4398,#4420));
#4398 = ORIENTED_EDGE('',*,*,#4399,.T.);
#4399 = EDGE_CURVE('',#2077,#2075,#4400,.T.);
#4400 = SURFACE_CURVE('',#4401,(#4406,#4413),.PCURVE_S1.);
#4401 = CIRCLE('',#4402,9.35);
#4402 = AXIS2_PLACEMENT_3D('',#4403,#4404,#4405);
#4403 = CARTESIAN_POINT('',(0.,1.5,0.));
#4404 = DIRECTION('',(0.,1.,0.));
#4405 = DIRECTION('',(0.,-0.,1.));
#4406 = PCURVE('',#2093,#4407);
#4407 = DEFINITIONAL_REPRESENTATION('',(#4408),#4412);
#4408 = CIRCLE('',#4409,9.35);
#4409 = AXIS2_PLACEMENT_2D('',#4410,#4411);
#4410 = CARTESIAN_POINT('',(0.,23.275));
#4411 = DIRECTION('',(1.,0.));
#4412 = ( GEOMETRIC_REPRESENTATION_CONTEXT(2) 
PARAMETRIC_REPRESENTATION_CONTEXT() REPRESENTATION_CONTEXT('2D SPACE',''
  ) );
#4413 = PCURVE('',#2120,#4414);
#4414 = DEFINITIONAL_REPRESENTATION('',(#4415),#4419);
#4415 = LINE('',#4416,#4417);
#4416 = CARTESIAN_POINT('',(0.,21.5));
#4417 = VECTOR('',#4418,1.);
#4418 = DIRECTION('',(1.,0.));
#4419 = ( GEOMETRIC_REPRESENTATION_CONTEXT(2) 
PARAMETRIC_REPRESENTATION_CONTEXT() REPRESENTATION_CONTEXT('2D SPACE',''
  ) );
#4420 = ORIENTED_EDGE('',*,*,#2074,.T.);
#4421 = ADVANCED_FACE('',(#4422),#2120,.T.);
#4422 = FACE_BOUND('',#4423,.T.);
#4423 = EDGE_LOOP('',(#4424,#4446,#4447,#4448));
#4424 = ORIENTED_EDGE('',*,*,#4425,.F.);
#4425 = EDGE_CURVE('',#2132,#2106,#4426,.T.);
#4426 = SURFACE_CURVE('',#4427,(#4432,#4439),.PCURVE_S1.);
#4427 = CIRCLE('',#4428,9.35);
#4428 = AXIS2_PLACEMENT_3D('',#4429,#4430,#4431);
#4429 = CARTESIAN_POINT('',(0.,3.,0.));
#4430 = DIRECTION('',(0.,1.,0.));
#4431 = DIRECTION('',(0.,-0.,1.));
#4432 = PCURVE('',#2120,#4433);
#4433 = DEFINITIONAL_REPRESENTATION('',(#4434),#4438);
#4434 = LINE('',#4435,#4436);
#4435 = CARTESIAN_POINT('',(0.,23.));
#4436 = VECTOR('',#4437,1.);
#4437 = DIRECTION('',(1.,0.));
#4438 = ( GEOMETRIC_REPRESENTATION_CONTEXT(2) 
PARAMETRIC_REPRESENTATION_CONTEXT() REPRESENTATION_CONTEXT('2D SPACE',''
  ) );
#4439 = PCURVE('',#2148,#4440);
#4440 = DEFINITIONAL_REPRESENTATION('',(#4441),#4445);
#4441 = CIRCLE('',#4442,9.35);
#4442 = AXIS2_PLACEMENT_2D('',#4443,#4444);
#4443 = CARTESIAN_POINT('',(0.,0.));
#4444 = DIRECTION('',(1.,0.));
#4445 = ( GEOMETRIC_REPRESENTATION_CONTEXT(2) 
PARAMETRIC_REPRESENTATION_CONTEXT() REPRESENTATION_CONTEXT('2D SPACE',''
  ) );
#4446 = ORIENTED_EDGE('',*,*,#2160,.F.);
#4447 = ORIENTED_EDGE('',*,*,#4399,.T.);
#4448 = ORIENTED_EDGE('',*,*,#2105,.T.);
#4449 = ADVANCED_FACE('',(#4450),#2148,.T.);
#4450 = FACE_BOUND('',#4451,.T.);
#4451 = EDGE_LOOP('',(#4452,#4453));
#4452 = ORIENTED_EDGE('',*,*,#2131,.T.);
#4453 = ORIENTED_EDGE('',*,*,#4425,.T.);
#4454 = ADVANCED_FACE('',(#4455),#2246,.T.);
#4455 = FACE_BOUND('',#4456,.T.);
#4456 = EDGE_LOOP('',(#4457,#4479,#4480,#4481));
#4457 = ORIENTED_EDGE('',*,*,#4458,.F.);
#4458 = EDGE_CURVE('',#2331,#2310,#4459,.T.);
#4459 = SURFACE_CURVE('',#4460,(#4465,#4472),.PCURVE_S1.);
#4460 = CIRCLE('',#4461,9.9);
#4461 = AXIS2_PLACEMENT_3D('',#4462,#4463,#4464);
#4462 = CARTESIAN_POINT('',(0.,20.5,0.));
#4463 = DIRECTION('',(0.,1.,0.));
#4464 = DIRECTION('',(0.,-0.,1.));
#4465 = PCURVE('',#2246,#4466);
#4466 = DEFINITIONAL_REPRESENTATION('',(#4467),#4471);
#4467 = LINE('',#4468,#4469);
#4468 = CARTESIAN_POINT('',(0.,24.));
#4469 = VECTOR('',#4470,1.);
#4470 = DIRECTION('',(1.,0.));
#4471 = ( GEOMETRIC_REPRESENTATION_CONTEXT(2) 
PARAMETRIC_REPRESENTATION_CONTEXT() REPRESENTATION_CONTEXT('2D SPACE',''
  ) );
#4472 = PCURVE('',#2347,#4473);
#4473 = DEFINITIONAL_REPRESENTATION('',(#4474),#4478);
#4474 = CIRCLE('',#4475,9.9);
#4475 = AXIS2_PLACEMENT_2D('',#4476,#4477);
#4476 = CARTESIAN_POINT('',(0.,0.));
#4477 = DIRECTION('',(1.,0.));
#4478 = ( GEOMETRIC_REPRESENTATION_CONTEXT(2) 
PARAMETRIC_REPRESENTATION_CONTEXT() REPRESENTATION_CONTEXT('2D SPACE',''
  ) );
#4479 = ORIENTED_EDGE('',*,*,#2359,.F.);
#4480 = ORIENTED_EDGE('',*,*,#2229,.T.);
#4481 = ORIENTED_EDGE('',*,*,#2309,.T.);
#4482 = ADVANCED_FACE('',(#4483),#2347,.T.);
#4483 = FACE_BOUND('',#4484,.T.);
#4484 = EDGE_LOOP('',(#4485,#4486));
#4485 = ORIENTED_EDGE('',*,*,#2330,.T.);
#4486 = ORIENTED_EDGE('',*,*,#4458,.T.);
#4487 = ADVANCED_FACE('',(#4488),#2737,.T.);
#4488 = FACE_BOUND('',#4489,.T.);
#4489 = EDGE_LOOP('',(#4490,#4491));
#4490 = ORIENTED_EDGE('',*,*,#2723,.F.);
#4491 = ORIENTED_EDGE('',*,*,#2809,.T.);
#4492 = ADVANCED_FACE('',(#4493),#2664,.T.);
#4493 = FACE_BOUND('',#4494,.T.);
#4494 = EDGE_LOOP('',(#4495,#4514,#4515,#4516,#4517,#4518,#4519,#4520,
    #4521,#4522));
#4495 = ORIENTED_EDGE('',*,*,#4496,.F.);
#4496 = EDGE_CURVE('',#3776,#3021,#4497,.T.);
#4497 = SURFACE_CURVE('',#4498,(#4502,#4508),.PCURVE_S1.);
#4498 = LINE('',#4499,#4500);
#4499 = CARTESIAN_POINT('',(0.,-34.,-8.25));
#4500 = VECTOR('',#4501,1.);
#4501 = DIRECTION('',(0.,1.,0.));
#4502 = PCURVE('',#2664,#4503);
#4503 = DEFINITIONAL_REPRESENTATION('',(#4504),#4507);
#4504 = B_SPLINE_CURVE_WITH_KNOTS('',1,(#4505,#4506),.UNSPECIFIED.,.F.,
  .F.,(2,2),(-5.999999999062E-07,20.0000006),.PIECEWISE_BEZIER_KNOTS.);
#4505 = CARTESIAN_POINT('',(6.75,-7.9999994));
#4506 = CARTESIAN_POINT('',(6.75,-28.0000006));
#4507 = ( GEOMETRIC_REPRESENTATION_CONTEXT(2) 
PARAMETRIC_REPRESENTATION_CONTEXT() REPRESENTATION_CONTEXT('2D SPACE',''
  ) );
#4508 = PCURVE('',#2958,#4509);
#4509 = DEFINITIONAL_REPRESENTATION('',(#4510),#4513);
#4510 = B_SPLINE_CURVE_WITH_KNOTS('',1,(#4511,#4512),.UNSPECIFIED.,.F.,
  .F.,(2,2),(2.,14.),.PIECEWISE_BEZIER_KNOTS.);
#4511 = CARTESIAN_POINT('',(9.424777960769,2.));
#4512 = CARTESIAN_POINT('',(9.424777960769,14.));
#4513 = ( GEOMETRIC_REPRESENTATION_CONTEXT(2) 
PARAMETRIC_REPRESENTATION_CONTEXT() REPRESENTATION_CONTEXT('2D SPACE',''
  ) );
#4514 = ORIENTED_EDGE('',*,*,#3807,.F.);
#4515 = ORIENTED_EDGE('',*,*,#2648,.T.);
#4516 = ORIENTED_EDGE('',*,*,#3947,.T.);
#4517 = ORIENTED_EDGE('',*,*,#3271,.F.);
#4518 = ORIENTED_EDGE('',*,*,#3224,.F.);
#4519 = ORIENTED_EDGE('',*,*,#3171,.F.);
#4520 = ORIENTED_EDGE('',*,*,#3147,.T.);
#4521 = ORIENTED_EDGE('',*,*,#3067,.F.);
#4522 = ORIENTED_EDGE('',*,*,#3020,.T.);
#4523 = ADVANCED_FACE('',(#4524,#4527),#2849,.F.);
#4524 = FACE_BOUND('',#4525,.F.);
#4525 = EDGE_LOOP('',(#4526));
#4526 = ORIENTED_EDGE('',*,*,#2834,.T.);
#4527 = FACE_BOUND('',#4528,.F.);
#4528 = EDGE_LOOP('',(#4529));
#4529 = ORIENTED_EDGE('',*,*,#4530,.F.);
#4530 = EDGE_CURVE('',#4531,#4531,#4533,.T.);
#4531 = VERTEX_POINT('',#4532);
#4532 = CARTESIAN_POINT('',(-109.,2.204364238465E-15,9.));
#4533 = SURFACE_CURVE('',#4534,(#4539,#4546),.PCURVE_S1.);
#4534 = CIRCLE('',#4535,9.);
#4535 = AXIS2_PLACEMENT_3D('',#4536,#4537,#4538);
#4536 = CARTESIAN_POINT('',(-109.,0.,0.));
#4537 = DIRECTION('',(1.,0.,0.));
#4538 = DIRECTION('',(-0.,0.,1.));
#4539 = PCURVE('',#2849,#4540);
#4540 = DEFINITIONAL_REPRESENTATION('',(#4541),#4545);
#4541 = CIRCLE('',#4542,9.);
#4542 = AXIS2_PLACEMENT_2D('',#4543,#4544);
#4543 = CARTESIAN_POINT('',(0.,0.));
#4544 = DIRECTION('',(1.,0.));
#4545 = ( GEOMETRIC_REPRESENTATION_CONTEXT(2) 
PARAMETRIC_REPRESENTATION_CONTEXT() REPRESENTATION_CONTEXT('2D SPACE',''
  ) );
#4546 = PCURVE('',#4547,#4552);
#4547 = CYLINDRICAL_SURFACE('',#4548,9.);
#4548 = AXIS2_PLACEMENT_3D('',#4549,#4550,#4551);
#4549 = CARTESIAN_POINT('',(-109.,0.,0.));
#4550 = DIRECTION('',(1.,0.,0.));
#4551 = DIRECTION('',(-0.,0.,1.));
#4552 = DEFINITIONAL_REPRESENTATION('',(#4553),#4557);
#4553 = LINE('',#4554,#4555);
#4554 = CARTESIAN_POINT('',(0.,0.));
#4555 = VECTOR('',#4556,1.);
#4556 = DIRECTION('',(1.,0.));
#4557 = ( GEOMETRIC_REPRESENTATION_CONTEXT(2) 
PARAMETRIC_REPRESENTATION_CONTEXT() REPRESENTATION_CONTEXT('2D SPACE',''
  ) );
#4558 = ADVANCED_FACE('',(#4559),#2958,.T.);
#4559 = FACE_BOUND('',#4560,.T.);
#4560 = EDGE_LOOP('',(#4561,#4562,#4563,#4564,#4586,#4587));
#4561 = ORIENTED_EDGE('',*,*,#3041,.F.);
#4562 = ORIENTED_EDGE('',*,*,#2942,.F.);
#4563 = ORIENTED_EDGE('',*,*,#3365,.F.);
#4564 = ORIENTED_EDGE('',*,*,#4565,.T.);
#4565 = EDGE_CURVE('',#3366,#3755,#4566,.T.);
#4566 = SURFACE_CURVE('',#4567,(#4572,#4579),.PCURVE_S1.);
#4567 = CIRCLE('',#4568,8.25);
#4568 = AXIS2_PLACEMENT_3D('',#4569,#4570,#4571);
#4569 = CARTESIAN_POINT('',(0.,-34.,0.));
#4570 = DIRECTION('',(0.,1.,0.));
#4571 = DIRECTION('',(-2.448982168088E-02,0.,0.999700079341));
#4572 = PCURVE('',#2958,#4573);
#4573 = DEFINITIONAL_REPRESENTATION('',(#4574),#4578);
#4574 = LINE('',#4575,#4576);
#4575 = CARTESIAN_POINT('',(6.25869303687,0.));
#4576 = VECTOR('',#4577,1.);
#4577 = DIRECTION('',(1.,0.));
#4578 = ( GEOMETRIC_REPRESENTATION_CONTEXT(2) 
PARAMETRIC_REPRESENTATION_CONTEXT() REPRESENTATION_CONTEXT('2D SPACE',''
  ) );
#4579 = PCURVE('',#3412,#4580);
#4580 = DEFINITIONAL_REPRESENTATION('',(#4581),#4585);
#4581 = CIRCLE('',#4582,8.25);
#4582 = AXIS2_PLACEMENT_2D('',#4583,#4584);
#4583 = CARTESIAN_POINT('',(0.,0.));
#4584 = DIRECTION('',(0.999700079341,-2.448982168088E-02));
#4585 = ( GEOMETRIC_REPRESENTATION_CONTEXT(2) 
PARAMETRIC_REPRESENTATION_CONTEXT() REPRESENTATION_CONTEXT('2D SPACE',''
  ) );
#4586 = ORIENTED_EDGE('',*,*,#3775,.F.);
#4587 = ORIENTED_EDGE('',*,*,#4496,.T.);
#4588 = ADVANCED_FACE('',(#4589),#3412,.F.);
#4589 = FACE_BOUND('',#4590,.F.);
#4590 = EDGE_LOOP('',(#4591,#4592,#4593,#4594,#4618));
#4591 = ORIENTED_EDGE('',*,*,#3397,.T.);
#4592 = ORIENTED_EDGE('',*,*,#4565,.T.);
#4593 = ORIENTED_EDGE('',*,*,#3754,.T.);
#4594 = ORIENTED_EDGE('',*,*,#4595,.F.);
#4595 = EDGE_CURVE('',#4596,#3424,#4598,.T.);
#4596 = VERTEX_POINT('',#4597);
#4597 = CARTESIAN_POINT('',(-6.368163355566E-16,-34.,2.6));
#4598 = SURFACE_CURVE('',#4599,(#4604,#4611),.PCURVE_S1.);
#4599 = CIRCLE('',#4600,2.6);
#4600 = AXIS2_PLACEMENT_3D('',#4601,#4602,#4603);
#4601 = CARTESIAN_POINT('',(0.,-34.,0.));
#4602 = DIRECTION('',(0.,1.,0.));
#4603 = DIRECTION('',(0.,-0.,1.));
#4604 = PCURVE('',#3412,#4605);
#4605 = DEFINITIONAL_REPRESENTATION('',(#4606),#4610);
#4606 = CIRCLE('',#4607,2.6);
#4607 = AXIS2_PLACEMENT_2D('',#4608,#4609);
#4608 = CARTESIAN_POINT('',(0.,0.));
#4609 = DIRECTION('',(1.,0.));
#4610 = ( GEOMETRIC_REPRESENTATION_CONTEXT(2) 
PARAMETRIC_REPRESENTATION_CONTEXT() REPRESENTATION_CONTEXT('2D SPACE',''
  ) );
#4611 = PCURVE('',#3641,#4612);
#4612 = DEFINITIONAL_REPRESENTATION('',(#4613),#4617);
#4613 = LINE('',#4614,#4615);
#4614 = CARTESIAN_POINT('',(0.,-6.5));
#4615 = VECTOR('',#4616,1.);
#4616 = DIRECTION('',(1.,0.));
#4617 = ( GEOMETRIC_REPRESENTATION_CONTEXT(2) 
PARAMETRIC_REPRESENTATION_CONTEXT() REPRESENTATION_CONTEXT('2D SPACE',''
  ) );
#4618 = ORIENTED_EDGE('',*,*,#4619,.F.);
#4619 = EDGE_CURVE('',#3398,#4596,#4620,.T.);
#4620 = SURFACE_CURVE('',#4621,(#4626,#4633),.PCURVE_S1.);
#4621 = CIRCLE('',#4622,2.6);
#4622 = AXIS2_PLACEMENT_3D('',#4623,#4624,#4625);
#4623 = CARTESIAN_POINT('',(0.,-34.,0.));
#4624 = DIRECTION('',(0.,1.,0.));
#4625 = DIRECTION('',(0.,-0.,1.));
#4626 = PCURVE('',#3412,#4627);
#4627 = DEFINITIONAL_REPRESENTATION('',(#4628),#4632);
#4628 = CIRCLE('',#4629,2.6);
#4629 = AXIS2_PLACEMENT_2D('',#4630,#4631);
#4630 = CARTESIAN_POINT('',(0.,0.));
#4631 = DIRECTION('',(1.,0.));
#4632 = ( GEOMETRIC_REPRESENTATION_CONTEXT(2) 
PARAMETRIC_REPRESENTATION_CONTEXT() REPRESENTATION_CONTEXT('2D SPACE',''
  ) );
#4633 = PCURVE('',#3641,#4634);
#4634 = DEFINITIONAL_REPRESENTATION('',(#4635),#4639);
#4635 = LINE('',#4636,#4637);
#4636 = CARTESIAN_POINT('',(0.,-6.5));
#4637 = VECTOR('',#4638,1.);
#4638 = DIRECTION('',(1.,0.));
#4639 = ( GEOMETRIC_REPRESENTATION_CONTEXT(2) 
PARAMETRIC_REPRESENTATION_CONTEXT() REPRESENTATION_CONTEXT('2D SPACE',''
  ) );
#4640 = ADVANCED_FACE('',(#4641),#3641,.F.);
#4641 = FACE_BOUND('',#4642,.F.);
#4642 = EDGE_LOOP('',(#4643,#4644,#4645,#4646,#4667,#4668,#4669,#4670));
#4643 = ORIENTED_EDGE('',*,*,#3922,.F.);
#4644 = ORIENTED_EDGE('',*,*,#3972,.F.);
#4645 = ORIENTED_EDGE('',*,*,#3898,.F.);
#4646 = ORIENTED_EDGE('',*,*,#4647,.F.);
#4647 = EDGE_CURVE('',#4596,#3899,#4648,.T.);
#4648 = SEAM_CURVE('',#4649,(#4653,#4660),.PCURVE_S1.);
#4649 = LINE('',#4650,#4651);
#4650 = CARTESIAN_POINT('',(-6.368163355566E-16,-34.,2.6));
#4651 = VECTOR('',#4652,1.);
#4652 = DIRECTION('',(0.,1.,0.));
#4653 = PCURVE('',#3641,#4654);
#4654 = DEFINITIONAL_REPRESENTATION('',(#4655),#4659);
#4655 = LINE('',#4656,#4657);
#4656 = CARTESIAN_POINT('',(0.,-6.5));
#4657 = VECTOR('',#4658,1.);
#4658 = DIRECTION('',(0.,1.));
#4659 = ( GEOMETRIC_REPRESENTATION_CONTEXT(2) 
PARAMETRIC_REPRESENTATION_CONTEXT() REPRESENTATION_CONTEXT('2D SPACE',''
  ) );
#4660 = PCURVE('',#3641,#4661);
#4661 = DEFINITIONAL_REPRESENTATION('',(#4662),#4666);
#4662 = LINE('',#4663,#4664);
#4663 = CARTESIAN_POINT('',(6.28318530718,-6.5));
#4664 = VECTOR('',#4665,1.);
#4665 = DIRECTION('',(0.,1.));
#4666 = ( GEOMETRIC_REPRESENTATION_CONTEXT(2) 
PARAMETRIC_REPRESENTATION_CONTEXT() REPRESENTATION_CONTEXT('2D SPACE',''
  ) );
#4667 = ORIENTED_EDGE('',*,*,#4595,.T.);
#4668 = ORIENTED_EDGE('',*,*,#3423,.T.);
#4669 = ORIENTED_EDGE('',*,*,#4619,.T.);
#4670 = ORIENTED_EDGE('',*,*,#4647,.T.);
#4671 = ADVANCED_FACE('',(#4672),#4547,.F.);
#4672 = FACE_BOUND('',#4673,.F.);
#4673 = EDGE_LOOP('',(#4674,#4703,#4724,#4745,#4746,#4747));
#4674 = ORIENTED_EDGE('',*,*,#4675,.F.);
#4675 = EDGE_CURVE('',#4676,#4676,#4678,.T.);
#4676 = VERTEX_POINT('',#4677);
#4677 = CARTESIAN_POINT('',(-69.,2.204364238465E-15,9.));
#4678 = SURFACE_CURVE('',#4679,(#4684,#4691),.PCURVE_S1.);
#4679 = CIRCLE('',#4680,9.);
#4680 = AXIS2_PLACEMENT_3D('',#4681,#4682,#4683);
#4681 = CARTESIAN_POINT('',(-69.,0.,0.));
#4682 = DIRECTION('',(1.,0.,0.));
#4683 = DIRECTION('',(-0.,0.,1.));
#4684 = PCURVE('',#4547,#4685);
#4685 = DEFINITIONAL_REPRESENTATION('',(#4686),#4690);
#4686 = LINE('',#4687,#4688);
#4687 = CARTESIAN_POINT('',(0.,40.));
#4688 = VECTOR('',#4689,1.);
#4689 = DIRECTION('',(1.,0.));
#4690 = ( GEOMETRIC_REPRESENTATION_CONTEXT(2) 
PARAMETRIC_REPRESENTATION_CONTEXT() REPRESENTATION_CONTEXT('2D SPACE',''
  ) );
#4691 = PCURVE('',#4692,#4697);
#4692 = PLANE('',#4693);
#4693 = AXIS2_PLACEMENT_3D('',#4694,#4695,#4696);
#4694 = CARTESIAN_POINT('',(-69.,0.,0.));
#4695 = DIRECTION('',(1.,0.,0.));
#4696 = DIRECTION('',(-0.,0.,1.));
#4697 = DEFINITIONAL_REPRESENTATION('',(#4698),#4702);
#4698 = CIRCLE('',#4699,9.);
#4699 = AXIS2_PLACEMENT_2D('',#4700,#4701);
#4700 = CARTESIAN_POINT('',(0.,0.));
#4701 = DIRECTION('',(1.,0.));
#4702 = ( GEOMETRIC_REPRESENTATION_CONTEXT(2) 
PARAMETRIC_REPRESENTATION_CONTEXT() REPRESENTATION_CONTEXT('2D SPACE',''
  ) );
#4703 = ORIENTED_EDGE('',*,*,#4704,.F.);
#4704 = EDGE_CURVE('',#137,#4676,#4705,.T.);
#4705 = SEAM_CURVE('',#4706,(#4710,#4717),.PCURVE_S1.);
#4706 = LINE('',#4707,#4708);
#4707 = CARTESIAN_POINT('',(-109.,2.204364238465E-15,9.));
#4708 = VECTOR('',#4709,1.);
#4709 = DIRECTION('',(1.,0.,0.));
#4710 = PCURVE('',#4547,#4711);
#4711 = DEFINITIONAL_REPRESENTATION('',(#4712),#4716);
#4712 = LINE('',#4713,#4714);
#4713 = CARTESIAN_POINT('',(6.28318530718,-0.));
#4714 = VECTOR('',#4715,1.);
#4715 = DIRECTION('',(0.,1.));
#4716 = ( GEOMETRIC_REPRESENTATION_CONTEXT(2) 
PARAMETRIC_REPRESENTATION_CONTEXT() REPRESENTATION_CONTEXT('2D SPACE',''
  ) );
#4717 = PCURVE('',#4547,#4718);
#4718 = DEFINITIONAL_REPRESENTATION('',(#4719),#4723);
#4719 = LINE('',#4720,#4721);
#4720 = CARTESIAN_POINT('',(0.,-0.));
#4721 = VECTOR('',#4722,1.);
#4722 = DIRECTION('',(0.,1.));
#4723 = ( GEOMETRIC_REPRESENTATION_CONTEXT(2) 
PARAMETRIC_REPRESENTATION_CONTEXT() REPRESENTATION_CONTEXT('2D SPACE',''
  ) );
#4724 = ORIENTED_EDGE('',*,*,#4725,.F.);
#4725 = EDGE_CURVE('',#4531,#137,#4726,.T.);
#4726 = SEAM_CURVE('',#4727,(#4731,#4738),.PCURVE_S1.);
#4727 = LINE('',#4728,#4729);
#4728 = CARTESIAN_POINT('',(-109.,2.204364238465E-15,9.));
#4729 = VECTOR('',#4730,1.);
#4730 = DIRECTION('',(1.,0.,0.));
#4731 = PCURVE('',#4547,#4732);
#4732 = DEFINITIONAL_REPRESENTATION('',(#4733),#4737);
#4733 = LINE('',#4734,#4735);
#4734 = CARTESIAN_POINT('',(6.28318530718,-0.));
#4735 = VECTOR('',#4736,1.);
#4736 = DIRECTION('',(0.,1.));
#4737 = ( GEOMETRIC_REPRESENTATION_CONTEXT(2) 
PARAMETRIC_REPRESENTATION_CONTEXT() REPRESENTATION_CONTEXT('2D SPACE',''
  ) );
#4738 = PCURVE('',#4547,#4739);
#4739 = DEFINITIONAL_REPRESENTATION('',(#4740),#4744);
#4740 = LINE('',#4741,#4742);
#4741 = CARTESIAN_POINT('',(0.,-0.));
#4742 = VECTOR('',#4743,1.);
#4743 = DIRECTION('',(0.,1.));
#4744 = ( GEOMETRIC_REPRESENTATION_CONTEXT(2) 
PARAMETRIC_REPRESENTATION_CONTEXT() REPRESENTATION_CONTEXT('2D SPACE',''
  ) );
#4745 = ORIENTED_EDGE('',*,*,#4530,.T.);
#4746 = ORIENTED_EDGE('',*,*,#4725,.T.);
#4747 = ORIENTED_EDGE('',*,*,#4704,.T.);
#4748 = ADVANCED_FACE('',(#4749),#4692,.F.);
#4749 = FACE_BOUND('',#4750,.F.);
#4750 = EDGE_LOOP('',(#4751));
#4751 = ORIENTED_EDGE('',*,*,#4675,.T.);
#4752 = ( GEOMETRIC_REPRESENTATION_CONTEXT(3) 
GLOBAL_UNCERTAINTY_ASSIGNED_CONTEXT((#4756)) 
GLOBAL_UNIT_ASSIGNED_CONTEXT((#4753,#4754,#4755)) REPRESENTATION_CONTEXT
('Context #1','3D Context with UNIT and UNCERTAINTY') );
#4753 = ( LENGTH_UNIT() NAMED_UNIT(*) SI_UNIT(.MILLI.,.METRE.) );
#4754 = ( NAMED_UNIT(*) PLANE_ANGLE_UNIT() SI_UNIT($,.RADIAN.) );
#4755 = ( NAMED_UNIT(*) SI_UNIT($,.STERADIAN.) SOLID_ANGLE_UNIT() );
#4756 = UNCERTAINTY_MEASURE_WITH_UNIT(LENGTH_MEASURE(1.E-07),#4753,
  'distance_accuracy_value','confusion accuracy');
#4757 = PRODUCT_RELATED_PRODUCT_CATEGORY('part',$,(#7));
ENDSEC;
END-ISO-10303-21;
