ISO-10303-21;
HEADER;
FILE_DESCRIPTION(('Open CASCADE Model'),'2;1');
FILE_NAME('Open CASCADE Shape Model','2026-06-21T17:53:07',('Author'),(
    'Open CASCADE'),'Open CASCADE STEP processor 7.8','Open CASCADE 7.8'
  ,'Unknown');
FILE_SCHEMA(('AUTOMOTIVE_DESIGN { 1 0 10303 214 1 1 1 1 }'));
ENDSEC;
DATA;
#1 = APPLICATION_PROTOCOL_DEFINITION('international standard',
  'automotive_design',2000,#2);
#2 = APPLICATION_CONTEXT(
  'core data for automotive mechanical design processes');
#3 = SHAPE_DEFINITION_REPRESENTATION(#4,#10);
#4 = PRODUCT_DEFINITION_SHAPE('','',#5);
#5 = PRODUCT_DEFINITION('design','',#6,#9);
#6 = PRODUCT_DEFINITION_FORMATION('','',#7);
#7 = PRODUCT('Open CASCADE STEP translator 7.8 3',
  'Open CASCADE STEP translator 7.8 3','',(#8));
#8 = PRODUCT_CONTEXT('',#2,'mechanical');
#9 = PRODUCT_DEFINITION_CONTEXT('part definition',#2,'design');
#10 = SHAPE_REPRESENTATION('',(#11,#15,#19,#23,#27),#31);
#11 = AXIS2_PLACEMENT_3D('',#12,#13,#14);
#12 = CARTESIAN_POINT('',(0.,0.,0.));
#13 = DIRECTION('',(0.,0.,1.));
#14 = DIRECTION('',(1.,0.,-0.));
#15 = AXIS2_PLACEMENT_3D('',#16,#17,#18);
#16 = CARTESIAN_POINT('',(0.,0.,0.));
#17 = DIRECTION('',(0.,0.,1.));
#18 = DIRECTION('',(1.,0.,-0.));
#19 = AXIS2_PLACEMENT_3D('',#20,#21,#22);
#20 = CARTESIAN_POINT('',(0.,0.,0.));
#21 = DIRECTION('',(0.,0.,1.));
#22 = DIRECTION('',(1.,0.,-0.));
#23 = AXIS2_PLACEMENT_3D('',#24,#25,#26);
#24 = CARTESIAN_POINT('',(0.,0.,0.));
#25 = DIRECTION('',(0.,0.,1.));
#26 = DIRECTION('',(1.,0.,-0.));
#27 = AXIS2_PLACEMENT_3D('',#28,#29,#30);
#28 = CARTESIAN_POINT('',(0.,0.,0.));
#29 = DIRECTION('',(0.,0.,1.));
#30 = DIRECTION('',(1.,0.,-0.));
#31 = ( GEOMETRIC_REPRESENTATION_CONTEXT(3) 
GLOBAL_UNCERTAINTY_ASSIGNED_CONTEXT((#35)) GLOBAL_UNIT_ASSIGNED_CONTEXT(
(#32,#33,#34)) REPRESENTATION_CONTEXT('Context #1',
  '3D Context with UNIT and UNCERTAINTY') );
#32 = ( LENGTH_UNIT() NAMED_UNIT(*) SI_UNIT(.MILLI.,.METRE.) );
#33 = ( NAMED_UNIT(*) PLANE_ANGLE_UNIT() SI_UNIT($,.RADIAN.) );
#34 = ( NAMED_UNIT(*) SI_UNIT($,.STERADIAN.) SOLID_ANGLE_UNIT() );
#35 = UNCERTAINTY_MEASURE_WITH_UNIT(LENGTH_MEASURE(2.E-06),#32,
  'distance_accuracy_value','confusion accuracy');
#36 = PRODUCT_RELATED_PRODUCT_CATEGORY('part',$,(#7));
#37 = SHAPE_DEFINITION_REPRESENTATION(#38,#44);
#38 = PRODUCT_DEFINITION_SHAPE('','',#39);
#39 = PRODUCT_DEFINITION('design','',#40,#43);
#40 = PRODUCT_DEFINITION_FORMATION('','',#41);
#41 = PRODUCT('Open CASCADE STEP translator 7.8 3.1',
  'Open CASCADE STEP translator 7.8 3.1','',(#42));
#42 = PRODUCT_CONTEXT('',#2,'mechanical');
#43 = PRODUCT_DEFINITION_CONTEXT('part definition',#2,'design');
#44 = ADVANCED_BREP_SHAPE_REPRESENTATION('',(#11,#45),#2508);
#45 = MANIFOLD_SOLID_BREP('',#46);
#46 = CLOSED_SHELL('',(#47,#1838,#1933,#1961,#2035,#2061,#2155,#2161,
    #2167,#2331,#2357,#2407,#2435,#2484,#2490,#2496,#2502));
#47 = ADVANCED_FACE('',(#48),#66,.T.);
#48 = FACE_BOUND('',#49,.T.);
#49 = EDGE_LOOP('',(#50,#123,#152,#219,#241,#302,#331,#371,#564,#604,
    #633,#725,#754,#789,#977,#1012,#1041,#1095,#1096,#1158,#1187,#1222,
    #1415,#1455,#1484,#1588,#1617,#1652));
#50 = ORIENTED_EDGE('',*,*,#51,.F.);
#51 = EDGE_CURVE('',#52,#54,#56,.T.);
#52 = VERTEX_POINT('',#53);
#53 = CARTESIAN_POINT('',(1.,34.,-3.79604693058));
#54 = VERTEX_POINT('',#55);
#55 = CARTESIAN_POINT('',(9.957041355707,34.,-3.165661092436));
#56 = SURFACE_CURVE('',#57,(#65,#107),.PCURVE_S1.);
#57 = B_SPLINE_CURVE_WITH_KNOTS('',6,(#58,#59,#60,#61,#62,#63,#64),
  .UNSPECIFIED.,.F.,.F.,(7,7),(0.,1.),.PIECEWISE_BEZIER_KNOTS.);
#58 = CARTESIAN_POINT('',(1.,34.,-3.796046916389));
#59 = CARTESIAN_POINT('',(2.583967537312,34.,-3.693021644723));
#60 = CARTESIAN_POINT('',(4.167734991745,34.,-3.587000849837));
#61 = CARTESIAN_POINT('',(5.751274990874,34.,-3.477618062968));
#62 = CARTESIAN_POINT('',(7.334544559323,34.,-3.364399742031));
#63 = CARTESIAN_POINT('',(8.917483939894,34.,-3.24674711431));
#64 = CARTESIAN_POINT('',(10.5,34.,-3.123709210728));
#65 = PCURVE('',#66,#97);
#66 = B_SPLINE_SURFACE_WITH_KNOTS('',14,1,(
    (#67,#68)
    ,(#69,#70)
    ,(#71,#72)
    ,(#73,#74)
    ,(#75,#76)
    ,(#77,#78)
    ,(#79,#80)
    ,(#81,#82)
    ,(#83,#84)
    ,(#85,#86)
    ,(#87,#88)
    ,(#89,#90)
    ,(#91,#92)
    ,(#93,#94)
    ,(#95,#96
    )),.UNSPECIFIED.,.T.,.F.,.F.,(15,15),(2,2),(0.,6.28318530718),(0.,1.
    ),.PIECEWISE_BEZIER_KNOTS.);
#67 = CARTESIAN_POINT('',(1.,35.,-5.752967793236E-15));
#68 = CARTESIAN_POINT('',(40.8,33.67,-2.412335644269E-15));
#69 = CARTESIAN_POINT('',(1.,35.000000000003,3.814791079362));
#70 = CARTESIAN_POINT('',(40.8,33.670000000001,3.357016149838));
#71 = CARTESIAN_POINT('',(1.,32.939313568593,7.62958356684));
#72 = CARTESIAN_POINT('',(40.800000000004,31.897809668997,6.714033538822
    ));
#73 = CARTESIAN_POINT('',(1.,28.817938071453,10.478964445883));
#74 = CARTESIAN_POINT('',(40.799999999975,28.35342674143,9.22148871237)
  );
#75 = CARTESIAN_POINT('',(1.,23.252199159937,11.397629564498));
#76 = CARTESIAN_POINT('',(40.800000000084,23.566891277589,
    10.029914016773));
#77 = CARTESIAN_POINT('',(1.,17.474631226242,9.766303318625));
#78 = CARTESIAN_POINT('',(40.799999999806,18.598182854493,8.594346920365
    ));
#79 = CARTESIAN_POINT('',(1.,13.064103834148,5.660024584697));
#80 = CARTESIAN_POINT('',(40.800000000331,14.805129297471,4.980821634564
    ));
#81 = CARTESIAN_POINT('',(1.,11.40362828064,1.651780934253E-10));
#82 = CARTESIAN_POINT('',(40.799999999567,13.377120321235,
    1.144400130215E-10));
#83 = CARTESIAN_POINT('',(1.,13.064103834154,-5.660024584999));
#84 = CARTESIAN_POINT('',(40.800000000446,14.805129297476,
    -4.980821634774));
#85 = CARTESIAN_POINT('',(1.,17.474631226234,-9.766303318396));
#86 = CARTESIAN_POINT('',(40.799999999636,18.598182854486,
    -8.594346920204));
#87 = CARTESIAN_POINT('',(1.,23.252199159944,-11.39762956464));
#88 = CARTESIAN_POINT('',(40.800000000234,23.566891277596,
    -10.02991401687));
#89 = CARTESIAN_POINT('',(1.,28.817938071449,-10.47896444581));
#90 = CARTESIAN_POINT('',(40.799999999883,28.353426741426,-9.22148871232
    ));
#91 = CARTESIAN_POINT('',(1.,32.939313568595,-7.629583566866));
#92 = CARTESIAN_POINT('',(40.800000000042,31.897809668998,-6.71403353884
    ));
#93 = CARTESIAN_POINT('',(1.,35.000000000003,-3.814791079357));
#94 = CARTESIAN_POINT('',(40.799999999991,33.670000000001,
    -3.357016149834));
#95 = CARTESIAN_POINT('',(1.,35.,3.704561386344E-15));
#96 = CARTESIAN_POINT('',(40.8,33.67,1.362816524896E-15));
#97 = DEFINITIONAL_REPRESENTATION('',(#98),#106);
#98 = B_SPLINE_CURVE_WITH_KNOTS('',6,(#99,#100,#101,#102,#103,#104,#105)
  ,.UNSPECIFIED.,.F.,.F.,(7,7),(0.,1.),.PIECEWISE_BEZIER_KNOTS.);
#99 = CARTESIAN_POINT('',(5.820230579637,0.));
#100 = CARTESIAN_POINT('',(5.831393399419,3.979817932945E-02));
#101 = CARTESIAN_POINT('',(5.843003706388,7.959133145089E-02));
#102 = CARTESIAN_POINT('',(5.855112203786,0.119378768615));
#103 = CARTESIAN_POINT('',(5.867783970958,0.159159411038));
#104 = CARTESIAN_POINT('',(5.881100931332,0.198931757284));
#105 = CARTESIAN_POINT('',(5.895191784352,0.238693467337));
#106 = ( GEOMETRIC_REPRESENTATION_CONTEXT(2) 
PARAMETRIC_REPRESENTATION_CONTEXT() REPRESENTATION_CONTEXT('2D SPACE',''
  ) );
#107 = PCURVE('',#108,#113);
#108 = PLANE('',#109);
#109 = AXIS2_PLACEMENT_3D('',#110,#111,#112);
#110 = CARTESIAN_POINT('',(1.,34.,0.));
#111 = DIRECTION('',(0.,1.,0.));
#112 = DIRECTION('',(0.,-0.,1.));
#113 = DEFINITIONAL_REPRESENTATION('',(#114),#122);
#114 = B_SPLINE_CURVE_WITH_KNOTS('',6,(#115,#116,#117,#118,#119,#120,
    #121),.UNSPECIFIED.,.F.,.F.,(7,7),(0.,1.),.PIECEWISE_BEZIER_KNOTS.);
#115 = CARTESIAN_POINT('',(-3.796046916389,0.));
#116 = CARTESIAN_POINT('',(-3.693021644723,1.583967537312));
#117 = CARTESIAN_POINT('',(-3.587000849837,3.167734991745));
#118 = CARTESIAN_POINT('',(-3.477618062968,4.751274990874));
#119 = CARTESIAN_POINT('',(-3.364399742031,6.334544559323));
#120 = CARTESIAN_POINT('',(-3.24674711431,7.917483939894));
#121 = CARTESIAN_POINT('',(-3.123709210728,9.5));
#122 = ( GEOMETRIC_REPRESENTATION_CONTEXT(2) 
PARAMETRIC_REPRESENTATION_CONTEXT() REPRESENTATION_CONTEXT('2D SPACE',''
  ) );
#123 = ORIENTED_EDGE('',*,*,#124,.T.);
#124 = EDGE_CURVE('',#52,#125,#127,.T.);
#125 = VERTEX_POINT('',#126);
#126 = CARTESIAN_POINT('',(1.,34.830177626009,-1.6));
#127 = SURFACE_CURVE('',#128,(#133,#140),.PCURVE_S1.);
#128 = ELLIPSE('',#129,9.5,8.5);
#129 = AXIS2_PLACEMENT_3D('',#130,#131,#132);
#130 = CARTESIAN_POINT('',(1.,25.5,0.));
#131 = DIRECTION('',(1.,0.,0.));
#132 = DIRECTION('',(0.,1.,0.));
#133 = PCURVE('',#66,#134);
#134 = DEFINITIONAL_REPRESENTATION('',(#135),#139);
#135 = LINE('',#136,#137);
#136 = CARTESIAN_POINT('',(0.,0.));
#137 = VECTOR('',#138,1.);
#138 = DIRECTION('',(1.,0.));
#139 = ( GEOMETRIC_REPRESENTATION_CONTEXT(2) 
PARAMETRIC_REPRESENTATION_CONTEXT() REPRESENTATION_CONTEXT('2D SPACE',''
  ) );
#140 = PCURVE('',#141,#146);
#141 = PLANE('',#142);
#142 = AXIS2_PLACEMENT_3D('',#143,#144,#145);
#143 = CARTESIAN_POINT('',(1.,25.5,0.));
#144 = DIRECTION('',(1.,0.,0.));
#145 = DIRECTION('',(0.,1.,0.));
#146 = DEFINITIONAL_REPRESENTATION('',(#147),#151);
#147 = ELLIPSE('',#148,9.5,8.5);
#148 = AXIS2_PLACEMENT_2D('',#149,#150);
#149 = CARTESIAN_POINT('',(0.,0.));
#150 = DIRECTION('',(1.,0.));
#151 = ( GEOMETRIC_REPRESENTATION_CONTEXT(2) 
PARAMETRIC_REPRESENTATION_CONTEXT() REPRESENTATION_CONTEXT('2D SPACE',''
  ) );
#152 = ORIENTED_EDGE('',*,*,#153,.T.);
#153 = EDGE_CURVE('',#125,#154,#156,.T.);
#154 = VERTEX_POINT('',#155);
#155 = CARTESIAN_POINT('',(2.6,34.946532663317,-5.618671023428E-15));
#156 = SURFACE_CURVE('',#157,(#174,#194),.PCURVE_S1.);
#157 = B_SPLINE_CURVE_WITH_KNOTS('',8,(#158,#159,#160,#161,#162,#163,
    #164,#165,#166,#167,#168,#169,#170,#171,#172,#173),.UNSPECIFIED.,.F.
  ,.F.,(9,7,9),(0.,0.376123904371,1.),.UNSPECIFIED.);
#158 = CARTESIAN_POINT('',(1.,34.830177633292,-1.6));
#159 = CARTESIAN_POINT('',(1.118593083358,34.826162890441,-1.6));
#160 = CARTESIAN_POINT('',(1.23732669009,34.824295151943,-1.589953820911
    ));
#161 = CARTESIAN_POINT('',(1.355068265587,34.824625022441,
    -1.569821009718));
#162 = CARTESIAN_POINT('',(1.470745524517,34.827081470964,
    -1.539741301408));
#163 = CARTESIAN_POINT('',(1.583346777092,34.831483613861,
    -1.499994608351));
#164 = CARTESIAN_POINT('',(1.691922769259,34.837559308777,
    -1.450976591549));
#165 = CARTESIAN_POINT('',(1.795590036788,34.844970559663,
    -1.393189813749));
#166 = CARTESIAN_POINT('',(2.055998203788,34.867237618665,
    -1.217877001769));
#167 = CARTESIAN_POINT('',(2.202946307292,34.883800478332,
    -1.085920298361));
#168 = CARTESIAN_POINT('',(2.330726384491,34.90135961814,-0.933993065904
    ));
#169 = CARTESIAN_POINT('',(2.436425617708,34.917989581246,
    -0.765276811895));
#170 = CARTESIAN_POINT('',(2.517636965856,34.931887094463,
    -0.583319534768));
#171 = CARTESIAN_POINT('',(2.57255869292,34.94165332602,-0.392091047656)
  );
#172 = CARTESIAN_POINT('',(2.6,34.946532663317,-0.196004059709));
#173 = CARTESIAN_POINT('',(2.6,34.946532663317,4.662936703426E-15));
#174 = PCURVE('',#66,#175);
#175 = DEFINITIONAL_REPRESENTATION('',(#176),#193);
#176 = B_SPLINE_CURVE_WITH_KNOTS('',8,(#177,#178,#179,#180,#181,#182,
    #183,#184,#185,#186,#187,#188,#189,#190,#191,#192),.UNSPECIFIED.,.F.
  ,.F.,(9,7,9),(0.,0.376123904371,1.),.UNSPECIFIED.);
#177 = CARTESIAN_POINT('',(6.093820299848,0.));
#178 = CARTESIAN_POINT('',(6.093751768025,2.979725712505E-03));
#179 = CARTESIAN_POINT('',(6.094886503542,5.962982163069E-03));
#180 = CARTESIAN_POINT('',(6.097231837395,8.92131320571E-03));
#181 = CARTESIAN_POINT('',(6.100771827726,1.18277769979E-02));
#182 = CARTESIAN_POINT('',(6.105472039354,1.46569541983E-02));
#183 = CARTESIAN_POINT('',(6.111282784758,1.738499420249E-02));
#184 = CARTESIAN_POINT('',(6.118140826504,1.998969941679E-02));
#185 = CARTESIAN_POINT('',(6.138955017069,2.653261818564E-02));
#186 = CARTESIAN_POINT('',(6.154629249816,3.022478159026E-02));
#187 = CARTESIAN_POINT('',(6.172666043243,3.343533629373E-02));
#188 = CARTESIAN_POINT('',(6.192671263245,3.609109592233E-02));
#189 = CARTESIAN_POINT('',(6.214215564697,3.813158205668E-02));
#190 = CARTESIAN_POINT('',(6.236833341795,3.951152494775E-02));
#191 = CARTESIAN_POINT('',(6.260014225947,4.020100502513E-02));
#192 = CARTESIAN_POINT('',(6.28318530718,4.020100502513E-02));
#193 = ( GEOMETRIC_REPRESENTATION_CONTEXT(2) 
PARAMETRIC_REPRESENTATION_CONTEXT() REPRESENTATION_CONTEXT('2D SPACE',''
  ) );
#194 = PCURVE('',#195,#200);
#195 = CYLINDRICAL_SURFACE('',#196,1.6);
#196 = AXIS2_PLACEMENT_3D('',#197,#198,#199);
#197 = CARTESIAN_POINT('',(1.,8.5,0.));
#198 = DIRECTION('',(0.,1.,0.));
#199 = DIRECTION('',(0.,-0.,1.));
#200 = DEFINITIONAL_REPRESENTATION('',(#201),#218);
#201 = B_SPLINE_CURVE_WITH_KNOTS('',8,(#202,#203,#204,#205,#206,#207,
    #208,#209,#210,#211,#212,#213,#214,#215,#216,#217),.UNSPECIFIED.,.F.
  ,.F.,(9,7,9),(0.,0.376123904371,1.),.UNSPECIFIED.);
#202 = CARTESIAN_POINT('',(3.14159265359,26.330177633292));
#203 = CARTESIAN_POINT('',(3.067471976491,26.326162890441));
#204 = CARTESIAN_POINT('',(2.993263791697,26.324295151943));
#205 = CARTESIAN_POINT('',(2.919053921995,26.324625022441));
#206 = CARTESIAN_POINT('',(2.844888602638,26.327081470964));
#207 = CARTESIAN_POINT('',(2.770791476935,26.331483613861));
#208 = CARTESIAN_POINT('',(2.696777053761,26.337559308777));
#209 = CARTESIAN_POINT('',(2.622860626975,26.344970559663));
#210 = CARTESIAN_POINT('',(2.426659403454,26.367237618665));
#211 = CARTESIAN_POINT('',(2.304415550242,26.383800478332));
#212 = CARTESIAN_POINT('',(2.182342415368,26.40135961814));
#213 = CARTESIAN_POINT('',(2.060305688667,26.417989581246));
#214 = CARTESIAN_POINT('',(1.938173761751,26.431887094463));
#215 = CARTESIAN_POINT('',(1.815852960932,26.44165332602));
#216 = CARTESIAN_POINT('',(1.693298864113,26.446532663317));
#217 = CARTESIAN_POINT('',(1.570796326795,26.446532663317));
#218 = ( GEOMETRIC_REPRESENTATION_CONTEXT(2) 
PARAMETRIC_REPRESENTATION_CONTEXT() REPRESENTATION_CONTEXT('2D SPACE',''
  ) );
#219 = ORIENTED_EDGE('',*,*,#220,.T.);
#220 = EDGE_CURVE('',#154,#221,#223,.T.);
#221 = VERTEX_POINT('',#222);
#222 = CARTESIAN_POINT('',(39.2,33.723467336683,-2.546632414077E-15));
#223 = SEAM_CURVE('',#224,(#227,#234),.PCURVE_S1.);
#224 = B_SPLINE_CURVE_WITH_KNOTS('',1,(#225,#226),.UNSPECIFIED.,.F.,.F.,
  (2,2),(0.,1.),.PIECEWISE_BEZIER_KNOTS.);
#225 = CARTESIAN_POINT('',(1.,35.,-5.752967793236E-15));
#226 = CARTESIAN_POINT('',(40.8,33.67,-2.412335644269E-15));
#227 = PCURVE('',#66,#228);
#228 = DEFINITIONAL_REPRESENTATION('',(#229),#233);
#229 = LINE('',#230,#231);
#230 = CARTESIAN_POINT('',(0.,0.));
#231 = VECTOR('',#232,1.);
#232 = DIRECTION('',(0.,1.));
#233 = ( GEOMETRIC_REPRESENTATION_CONTEXT(2) 
PARAMETRIC_REPRESENTATION_CONTEXT() REPRESENTATION_CONTEXT('2D SPACE',''
  ) );
#234 = PCURVE('',#66,#235);
#235 = DEFINITIONAL_REPRESENTATION('',(#236),#240);
#236 = LINE('',#237,#238);
#237 = CARTESIAN_POINT('',(6.28318530718,0.));
#238 = VECTOR('',#239,1.);
#239 = DIRECTION('',(0.,1.));
#240 = ( GEOMETRIC_REPRESENTATION_CONTEXT(2) 
PARAMETRIC_REPRESENTATION_CONTEXT() REPRESENTATION_CONTEXT('2D SPACE',''
  ) );
#241 = ORIENTED_EDGE('',*,*,#242,.T.);
#242 = EDGE_CURVE('',#221,#243,#245,.T.);
#243 = VERTEX_POINT('',#244);
#244 = CARTESIAN_POINT('',(40.8,33.480903248947,-1.6));
#245 = SURFACE_CURVE('',#246,(#261,#279),.PCURVE_S1.);
#246 = B_SPLINE_CURVE_WITH_KNOTS('',7,(#247,#248,#249,#250,#251,#252,
    #253,#254,#255,#256,#257,#258,#259,#260),.UNSPECIFIED.,.F.,.F.,(8,6,
    8),(0.,0.51108830537,1.),.UNSPECIFIED.);
#247 = CARTESIAN_POINT('',(39.2,33.723467336683,-1.221245327088E-14));
#248 = CARTESIAN_POINT('',(39.2,33.723467336683,-0.184402579104));
#249 = CARTESIAN_POINT('',(39.22479540005,33.716871408044,
    -0.368864861681));
#250 = CARTESIAN_POINT('',(39.274410464263,33.703671129396,
    -0.548728469849));
#251 = CARTESIAN_POINT('',(39.34755538785,33.684750202584,-0.7199825884)
  );
#252 = CARTESIAN_POINT('',(39.442405634622,33.661638100842,
    -0.879193571335));
#253 = CARTESIAN_POINT('',(39.556669676862,33.636201011115,
    -1.023395788355));
#254 = CARTESIAN_POINT('',(39.81296709259,33.585569428619,-1.27128117918
    ));
#255 = CARTESIAN_POINT('',(39.953805521146,33.560367505805,
    -1.376668900698));
#256 = CARTESIAN_POINT('',(40.107973121378,33.53635555872,
    -1.464010437044));
#257 = CARTESIAN_POINT('',(40.272901328769,33.515209658439,
    -1.531346216845));
#258 = CARTESIAN_POINT('',(40.445627823459,33.498418919081,
    -1.577073329333));
#259 = CARTESIAN_POINT('',(40.622681883874,33.486924050252,-1.6));
#260 = CARTESIAN_POINT('',(40.799999999999,33.480903255441,-1.6));
#261 = PCURVE('',#66,#262);
#262 = DEFINITIONAL_REPRESENTATION('',(#263),#278);
#263 = B_SPLINE_CURVE_WITH_KNOTS('',7,(#264,#265,#266,#267,#268,#269,
    #270,#271,#272,#273,#274,#275,#276,#277),.UNSPECIFIED.,.F.,.F.,(8,6,
    8),(0.,0.51108830537,1.),.UNSPECIFIED.);
#264 = CARTESIAN_POINT('',(6.28318530718,0.959798994975));
#265 = CARTESIAN_POINT('',(6.25866696442,0.959798994975));
#266 = CARTESIAN_POINT('',(6.234140676182,0.960421994976));
#267 = CARTESIAN_POINT('',(6.210193109813,0.96166860463));
#268 = CARTESIAN_POINT('',(6.187324444086,0.96350641678));
#269 = CARTESIAN_POINT('',(6.16597649799,0.96588958881));
#270 = CARTESIAN_POINT('',(6.146552576665,0.968760544645));
#271 = CARTESIAN_POINT('',(6.113008817617,0.975200178206));
#272 = CARTESIAN_POINT('',(6.098665915222,0.97873883219));
#273 = CARTESIAN_POINT('',(6.086698033214,0.982612389984));
#274 = CARTESIAN_POINT('',(6.077398149146,0.986756314793));
#275 = CARTESIAN_POINT('',(6.071019200306,0.991096176469));
#276 = CARTESIAN_POINT('',(6.067748881417,0.995544770952));
#277 = CARTESIAN_POINT('',(6.067615849145,1.));
#278 = ( GEOMETRIC_REPRESENTATION_CONTEXT(2) 
PARAMETRIC_REPRESENTATION_CONTEXT() REPRESENTATION_CONTEXT('2D SPACE',''
  ) );
#279 = PCURVE('',#280,#285);
#280 = CYLINDRICAL_SURFACE('',#281,1.6);
#281 = AXIS2_PLACEMENT_3D('',#282,#283,#284);
#282 = CARTESIAN_POINT('',(40.8,10.54,0.));
#283 = DIRECTION('',(0.,1.,0.));
#284 = DIRECTION('',(0.,-0.,1.));
#285 = DEFINITIONAL_REPRESENTATION('',(#286),#301);
#286 = B_SPLINE_CURVE_WITH_KNOTS('',7,(#287,#288,#289,#290,#291,#292,
    #293,#294,#295,#296,#297,#298,#299,#300),.UNSPECIFIED.,.F.,.F.,(8,6,
    8),(0.,0.51108830537,1.),.UNSPECIFIED.);
#287 = CARTESIAN_POINT('',(4.712388980385,23.183467336683));
#288 = CARTESIAN_POINT('',(4.597137368445,23.183467336683));
#289 = CARTESIAN_POINT('',(4.481848785057,23.176871408044));
#290 = CARTESIAN_POINT('',(4.366931540895,23.163671129396));
#291 = CARTESIAN_POINT('',(4.252396027501,23.144750202584));
#292 = CARTESIAN_POINT('',(4.13819503282,23.121638100842));
#293 = CARTESIAN_POINT('',(4.02420414317,23.096201011115));
#294 = CARTESIAN_POINT('',(3.801353706101,23.045569428619));
#295 = CARTESIAN_POINT('',(3.692289491653,23.020367505805));
#296 = CARTESIAN_POINT('',(3.582968093428,22.99635555872));
#297 = CARTESIAN_POINT('',(3.473253950355,22.975209658439));
#298 = CARTESIAN_POINT('',(3.363074966115,22.958418919081));
#299 = CARTESIAN_POINT('',(3.252416476169,22.946924050252));
#300 = CARTESIAN_POINT('',(3.14159265359,22.940903255441));
#301 = ( GEOMETRIC_REPRESENTATION_CONTEXT(2) 
PARAMETRIC_REPRESENTATION_CONTEXT() REPRESENTATION_CONTEXT('2D SPACE',''
  ) );
#302 = ORIENTED_EDGE('',*,*,#303,.F.);
#303 = EDGE_CURVE('',#304,#243,#306,.T.);
#304 = VERTEX_POINT('',#305);
#305 = CARTESIAN_POINT('',(40.8,32.98,-3.008577876734));
#306 = SURFACE_CURVE('',#307,(#312,#319),.PCURVE_S1.);
#307 = ELLIPSE('',#308,8.17,7.48);
#308 = AXIS2_PLACEMENT_3D('',#309,#310,#311);
#309 = CARTESIAN_POINT('',(40.8,25.5,0.));
#310 = DIRECTION('',(1.,0.,0.));
#311 = DIRECTION('',(0.,1.,0.));
#312 = PCURVE('',#66,#313);
#313 = DEFINITIONAL_REPRESENTATION('',(#314),#318);
#314 = LINE('',#315,#316);
#315 = CARTESIAN_POINT('',(0.,1.));
#316 = VECTOR('',#317,1.);
#317 = DIRECTION('',(1.,0.));
#318 = ( GEOMETRIC_REPRESENTATION_CONTEXT(2) 
PARAMETRIC_REPRESENTATION_CONTEXT() REPRESENTATION_CONTEXT('2D SPACE',''
  ) );
#319 = PCURVE('',#320,#325);
#320 = PLANE('',#321);
#321 = AXIS2_PLACEMENT_3D('',#322,#323,#324);
#322 = CARTESIAN_POINT('',(40.8,25.5,0.));
#323 = DIRECTION('',(1.,0.,0.));
#324 = DIRECTION('',(0.,1.,0.));
#325 = DEFINITIONAL_REPRESENTATION('',(#326),#330);
#326 = ELLIPSE('',#327,8.17,7.48);
#327 = AXIS2_PLACEMENT_2D('',#328,#329);
#328 = CARTESIAN_POINT('',(0.,0.));
#329 = DIRECTION('',(1.,0.));
#330 = ( GEOMETRIC_REPRESENTATION_CONTEXT(2) 
PARAMETRIC_REPRESENTATION_CONTEXT() REPRESENTATION_CONTEXT('2D SPACE',''
  ) );
#331 = ORIENTED_EDGE('',*,*,#332,.F.);
#332 = EDGE_CURVE('',#333,#304,#335,.T.);
#333 = VERTEX_POINT('',#334);
#334 = CARTESIAN_POINT('',(33.425089310094,32.98,-3.515621184927));
#335 = SURFACE_CURVE('',#336,(#344,#355),.PCURVE_S1.);
#336 = B_SPLINE_CURVE_WITH_KNOTS('',6,(#337,#338,#339,#340,#341,#342,
    #343),.UNSPECIFIED.,.F.,.F.,(7,7),(0.,1.),.PIECEWISE_BEZIER_KNOTS.);
#337 = CARTESIAN_POINT('',(32.63,32.98,-3.56634647163));
#338 = CARTESIAN_POINT('',(33.992117536736,32.98,-3.480001810947));
#339 = CARTESIAN_POINT('',(35.354089047266,32.98,-3.391413081596));
#340 = CARTESIAN_POINT('',(36.715895776899,32.98,-3.300333703956));
#341 = CARTESIAN_POINT('',(38.077510486305,32.98,-3.20645523754));
#342 = CARTESIAN_POINT('',(39.438896411679,32.98,-3.109392009519));
#343 = CARTESIAN_POINT('',(40.8,32.98,-3.008577869708));
#344 = PCURVE('',#66,#345);
#345 = DEFINITIONAL_REPRESENTATION('',(#346),#354);
#346 = B_SPLINE_CURVE_WITH_KNOTS('',6,(#347,#348,#349,#350,#351,#352,
    #353),.UNSPECIFIED.,.F.,.F.,(7,7),(0.,1.),.PIECEWISE_BEZIER_KNOTS.);
#347 = CARTESIAN_POINT('',(5.800904059229,0.79472361809));
#348 = CARTESIAN_POINT('',(5.811202163571,0.828947676802));
#349 = CARTESIAN_POINT('',(5.821875388191,0.863168066514));
#350 = CARTESIAN_POINT('',(5.832962296412,0.897384316002));
#351 = CARTESIAN_POINT('',(5.844509554779,0.931595740862));
#352 = CARTESIAN_POINT('',(5.856576645001,0.965801417379));
#353 = CARTESIAN_POINT('',(5.86924900704,1.));
#354 = ( GEOMETRIC_REPRESENTATION_CONTEXT(2) 
PARAMETRIC_REPRESENTATION_CONTEXT() REPRESENTATION_CONTEXT('2D SPACE',''
  ) );
#355 = PCURVE('',#356,#361);
#356 = PLANE('',#357);
#357 = AXIS2_PLACEMENT_3D('',#358,#359,#360);
#358 = CARTESIAN_POINT('',(40.8,32.98,0.));
#359 = DIRECTION('',(0.,1.,0.));
#360 = DIRECTION('',(0.,-0.,1.));
#361 = DEFINITIONAL_REPRESENTATION('',(#362),#370);
#362 = B_SPLINE_CURVE_WITH_KNOTS('',6,(#363,#364,#365,#366,#367,#368,
    #369),.UNSPECIFIED.,.F.,.F.,(7,7),(0.,1.),.PIECEWISE_BEZIER_KNOTS.);
#363 = CARTESIAN_POINT('',(-3.56634647163,-8.17));
#364 = CARTESIAN_POINT('',(-3.480001810947,-6.807882463264));
#365 = CARTESIAN_POINT('',(-3.391413081596,-5.445910952734));
#366 = CARTESIAN_POINT('',(-3.300333703956,-4.084104223101));
#367 = CARTESIAN_POINT('',(-3.20645523754,-2.722489513695));
#368 = CARTESIAN_POINT('',(-3.109392009519,-1.361103588321));
#369 = CARTESIAN_POINT('',(-3.008577869708,-7.815970093361E-14));
#370 = ( GEOMETRIC_REPRESENTATION_CONTEXT(2) 
PARAMETRIC_REPRESENTATION_CONTEXT() REPRESENTATION_CONTEXT('2D SPACE',''
  ) );
#371 = ORIENTED_EDGE('',*,*,#372,.T.);
#372 = EDGE_CURVE('',#333,#373,#375,.T.);
#373 = VERTEX_POINT('',#374);
#374 = CARTESIAN_POINT('',(33.425089313474,18.02,-3.515621192018));
#375 = SURFACE_CURVE('',#376,(#435,#497),.PCURVE_S1.);
#376 = B_SPLINE_CURVE_WITH_KNOTS('',8,(#377,#378,#379,#380,#381,#382,
    #383,#384,#385,#386,#387,#388,#389,#390,#391,#392,#393,#394,#395,
    #396,#397,#398,#399,#400,#401,#402,#403,#404,#405,#406,#407,#408,
    #409,#410,#411,#412,#413,#414,#415,#416,#417,#418,#419,#420,#421,
    #422,#423,#424,#425,#426,#427,#428,#429,#430,#431,#432,#433,#434),
  .UNSPECIFIED.,.F.,.F.,(9,7,7,7,7,7,7,7,9),(0.,6.921834416198E-02,
    0.254710391305,0.407190744916,0.501865404938,0.592812503959,
    0.745271724211,0.930766707262,1.),.UNSPECIFIED.);
#377 = CARTESIAN_POINT('',(33.425088819839,32.9800006,-3.515620156492));
#378 = CARTESIAN_POINT('',(33.499464660618,32.888975522245,
    -3.671642478381));
#379 = CARTESIAN_POINT('',(33.576222129261,32.794807643873,
    -3.822949380707));
#380 = CARTESIAN_POINT('',(33.655108376978,32.697769190167,-3.969645387)
  );
#381 = CARTESIAN_POINT('',(33.735891914854,32.598105757128,
    -4.111841041895));
#382 = CARTESIAN_POINT('',(33.818362362937,32.49603603085,
    -4.249652476885));
#383 = CARTESIAN_POINT('',(33.902330199326,32.391751506876,
    -4.383200976079));
#384 = CARTESIAN_POINT('',(33.987626509253,32.285416209573,
    -4.512612541954));
#385 = CARTESIAN_POINT('',(34.305842631802,31.887077463362,
    -4.974078883238));
#386 = CARTESIAN_POINT('',(34.54583709947,31.583513125378,
    -5.281049274812));
#387 = CARTESIAN_POINT('',(34.79139105389,31.268897479144,
    -5.561797813487));
#388 = CARTESIAN_POINT('',(35.040219212079,30.944992819226,
    -5.818237160589));
#389 = CARTESIAN_POINT('',(35.290211492476,30.613118470461,
    -6.052017223387));
#390 = CARTESIAN_POINT('',(35.539341581577,30.274111468839,
    -6.264511093447));
#391 = CARTESIAN_POINT('',(35.785522558824,29.928328953529,
    -6.456924067293));
#392 = CARTESIAN_POINT('',(36.224038255897,29.28539647378,
    -6.772658765269));
#393 = CARTESIAN_POINT('',(36.417896934648,28.990927273114,
    -6.901993978671));
#394 = CARTESIAN_POINT('',(36.606403133782,28.691854144151,
    -7.018833645297));
#395 = CARTESIAN_POINT('',(36.787751415016,28.388019011585,
    -7.123495709947));
#396 = CARTESIAN_POINT('',(36.959554474364,28.079287137964,
    -7.216113183413));
#397 = CARTESIAN_POINT('',(37.118761457255,27.765530576123,
    -7.296690531778));
#398 = CARTESIAN_POINT('',(37.261349778134,27.446540058964,
    -7.365104277296));
#399 = CARTESIAN_POINT('',(37.458367086474,26.920766093252,
    -7.455822733642));
#400 = CARTESIAN_POINT('',(37.525711737923,26.717325724512,
    -7.485768960786));
#401 = CARTESIAN_POINT('',(37.583813509359,26.511981586783,
    -7.510817399145));
#402 = CARTESIAN_POINT('',(37.631523790667,26.304939787584,
    -7.530865140345));
#403 = CARTESIAN_POINT('',(37.667732956027,26.096484678181,
    -7.54581138055));
#404 = CARTESIAN_POINT('',(37.691566150495,25.886997465412,
    -7.555569453477));
#405 = CARTESIAN_POINT('',(37.702578856239,25.676976758182,
    -7.560085042506));
#406 = CARTESIAN_POINT('',(37.699140813796,25.265391054665,
    -7.558675520342));
#407 = CARTESIAN_POINT('',(37.685675093516,25.0637659524,-7.553154298867
    ));
#408 = CARTESIAN_POINT('',(37.660463091206,24.862720659342,
    -7.542804914862));
#409 = CARTESIAN_POINT('',(37.623958832377,24.662686500598,
    -7.527680325211));
#410 = CARTESIAN_POINT('',(37.576963312441,24.463992815192,
    -7.507859583037));
#411 = CARTESIAN_POINT('',(37.52046306606,24.266883770211,
    -7.483432545836));
#412 = CARTESIAN_POINT('',(37.455473414473,24.071533412957,
    -7.454489340264));
#413 = CARTESIAN_POINT('',(37.261456644655,23.55370868295,
    -7.365155118159));
#414 = CARTESIAN_POINT('',(37.11889472427,23.234745992639,-7.29675660161
    ));
#415 = CARTESIAN_POINT('',(36.959714858092,22.921016306906,
    -7.216196756559));
#416 = CARTESIAN_POINT('',(36.787938928384,22.612310505568,
    -7.123599129821));
#417 = CARTESIAN_POINT('',(36.606617434422,22.30850067635,
    -7.018959359539));
#418 = CARTESIAN_POINT('',(36.418137424525,22.009452073884,
    -6.902144582886));
#419 = CARTESIAN_POINT('',(36.224304172566,21.715006574508,
    -6.772837060627));
#420 = CARTESIAN_POINT('',(35.785805659576,21.072070122972,
    -6.457143900358));
#421 = CARTESIAN_POINT('',(35.539614197274,20.726261556651,
    -6.26474026171));
#422 = CARTESIAN_POINT('',(35.290471403892,20.387228939623,-6.0522544208
    ));
#423 = CARTESIAN_POINT('',(35.040464739773,20.055329253208,
    -5.818481095811));
#424 = CARTESIAN_POINT('',(34.791620879223,19.731399412585,
    -5.562047172275));
#425 = CARTESIAN_POINT('',(34.54605014348,19.416758645409,
    -5.281302656074));
#426 = CARTESIAN_POINT('',(34.306037977563,19.113169156456,
    -4.974334737776));
#427 = CARTESIAN_POINT('',(33.987779148218,18.714774068453,
    -4.512844117087));
#428 = CARTESIAN_POINT('',(33.902458995744,18.608408442463,
    -4.383405816711));
#429 = CARTESIAN_POINT('',(33.818467777821,18.504094426075,
    -4.249828624799));
#430 = CARTESIAN_POINT('',(33.735974520831,18.401996145229,
    -4.111986442216));
#431 = CARTESIAN_POINT('',(33.655168877193,18.30230522296,
    -3.969757890438));
#432 = CARTESIAN_POINT('',(33.576261376887,18.20524049871,
    -3.823026745827));
#433 = CARTESIAN_POINT('',(33.499483678993,18.11104774765,
    -3.671682373895));
#434 = CARTESIAN_POINT('',(33.425088823219,18.0199994,-3.515620163583));
#435 = PCURVE('',#66,#436);
#436 = DEFINITIONAL_REPRESENTATION('',(#437),#496);
#437 = B_SPLINE_CURVE_WITH_KNOTS('',8,(#438,#439,#440,#441,#442,#443,
    #444,#445,#446,#447,#448,#449,#450,#451,#452,#453,#454,#455,#456,
    #457,#458,#459,#460,#461,#462,#463,#464,#465,#466,#467,#468,#469,
    #470,#471,#472,#473,#474,#475,#476,#477,#478,#479,#480,#481,#482,
    #483,#484,#485,#486,#487,#488,#489,#490,#491,#492,#493,#494,#495),
  .UNSPECIFIED.,.F.,.F.,(9,7,7,7,7,7,7,7,9),(0.,6.921834416198E-02,
    0.254710391305,0.407190744916,0.501865404938,0.592812503959,
    0.745271724211,0.930766707262,1.),.UNSPECIFIED.);
#438 = CARTESIAN_POINT('',(5.806969498416,0.814700724117));
#439 = CARTESIAN_POINT('',(5.783949759643,0.816569463835));
#440 = CARTESIAN_POINT('',(5.761292304711,0.818498043449));
#441 = CARTESIAN_POINT('',(5.738980785497,0.820480109974));
#442 = CARTESIAN_POINT('',(5.716999288198,0.822509847107));
#443 = CARTESIAN_POINT('',(5.695331989997,0.824581968918));
#444 = CARTESIAN_POINT('',(5.673962815731,0.826691713551));
#445 = CARTESIAN_POINT('',(5.652875094555,0.828834836916));
#446 = CARTESIAN_POINT('',(5.576247169337,0.836830216879));
#447 = CARTESIAN_POINT('',(5.52239061752,0.84286022863));
#448 = CARTESIAN_POINT('',(5.470091755343,0.849029925977));
#449 = CARTESIAN_POINT('',(5.419092797449,0.855281889751));
#450 = CARTESIAN_POINT('',(5.369166447315,0.861563102826));
#451 = CARTESIAN_POINT('',(5.320103609067,0.867822652803));
#452 = CARTESIAN_POINT('',(5.271684847659,0.874008104493));
#453 = CARTESIAN_POINT('',(5.18416736639,0.885026086832));
#454 = CARTESIAN_POINT('',(5.144995760672,0.889896907906));
#455 = CARTESIAN_POINT('',(5.105985138082,0.894633244567));
#456 = CARTESIAN_POINT('',(5.067014503137,0.899189734046));
#457 = CARTESIAN_POINT('',(5.027977731468,0.903506393828));
#458 = CARTESIAN_POINT('',(4.988776668704,0.907506569278));
#459 = CARTESIAN_POINT('',(4.949308013427,0.911089190405));
#460 = CARTESIAN_POINT('',(4.884746624782,0.916039374032));
#461 = CARTESIAN_POINT('',(4.859880764978,0.917731450702));
#462 = CARTESIAN_POINT('',(4.834878017989,0.919191294205));
#463 = CARTESIAN_POINT('',(4.809745013418,0.920390044992));
#464 = CARTESIAN_POINT('',(4.784497446769,0.921299823016));
#465 = CARTESIAN_POINT('',(4.759162175074,0.921898646997));
#466 = CARTESIAN_POINT('',(4.733779770797,0.922175348147));
#467 = CARTESIAN_POINT('',(4.684032353457,0.922088965171));
#468 = CARTESIAN_POINT('',(4.659660256773,0.92175063049));
#469 = CARTESIAN_POINT('',(4.635338672811,0.921117163096));
#470 = CARTESIAN_POINT('',(4.611102341821,0.920199970663));
#471 = CARTESIAN_POINT('',(4.586974092014,0.919019178705));
#472 = CARTESIAN_POINT('',(4.562966918542,0.917599574524));
#473 = CARTESIAN_POINT('',(4.539085663272,0.915966668705));
#474 = CARTESIAN_POINT('',(4.475500668155,0.911091875494));
#475 = CARTESIAN_POINT('',(4.436035705004,0.907509917695));
#476 = CARTESIAN_POINT('',(4.396838338277,0.90351042357));
#477 = CARTESIAN_POINT('',(4.357805309504,0.899194445437));
#478 = CARTESIAN_POINT('',(4.318838497205,0.894638629006));
#479 = CARTESIAN_POINT('',(4.279831809513,0.889902950365));
#480 = CARTESIAN_POINT('',(4.240664285607,0.885032768155));
#481 = CARTESIAN_POINT('',(4.153148860758,0.874015217577));
#482 = CARTESIAN_POINT('',(4.104728027238,0.867829502444));
#483 = CARTESIAN_POINT('',(4.055663222586,0.861569633264));
#484 = CARTESIAN_POINT('',(4.005734985837,0.855288058788));
#485 = CARTESIAN_POINT('',(3.954734198807,0.849035700483));
#486 = CARTESIAN_POINT('',(3.902433541308,0.842865581494));
#487 = CARTESIAN_POINT('',(3.848575201088,0.836835125064));
#488 = CARTESIAN_POINT('',(3.771940600294,0.828838672066));
#489 = CARTESIAN_POINT('',(3.750847920274,0.826694949642));
#490 = CARTESIAN_POINT('',(3.729473663996,0.824584617533));
#491 = CARTESIAN_POINT('',(3.707801148012,0.822511922634));
#492 = CARTESIAN_POINT('',(3.685814285007,0.82048163008));
#493 = CARTESIAN_POINT('',(3.66349724,0.81849902957));
#494 = CARTESIAN_POINT('',(3.640834086548,0.816569941683));
#495 = CARTESIAN_POINT('',(3.617808462948,0.814700724201));
#496 = ( GEOMETRIC_REPRESENTATION_CONTEXT(2) 
PARAMETRIC_REPRESENTATION_CONTEXT() REPRESENTATION_CONTEXT('2D SPACE',''
  ) );
#497 = PCURVE('',#498,#503);
#498 = CYLINDRICAL_SURFACE('',#499,8.17);
#499 = AXIS2_PLACEMENT_3D('',#500,#501,#502);
#500 = CARTESIAN_POINT('',(40.8,18.02,0.));
#501 = DIRECTION('',(0.,1.,0.));
#502 = DIRECTION('',(0.,-0.,1.));
#503 = DEFINITIONAL_REPRESENTATION('',(#504),#563);
#504 = B_SPLINE_CURVE_WITH_KNOTS('',8,(#505,#506,#507,#508,#509,#510,
    #511,#512,#513,#514,#515,#516,#517,#518,#519,#520,#521,#522,#523,
    #524,#525,#526,#527,#528,#529,#530,#531,#532,#533,#534,#535,#536,
    #537,#538,#539,#540,#541,#542,#543,#544,#545,#546,#547,#548,#549,
    #550,#551,#552,#553,#554,#555,#556,#557,#558,#559,#560,#561,#562),
  .UNSPECIFIED.,.F.,.F.,(9,7,7,7,7,7,7,7,9),(0.,6.921834416198E-02,
    0.254710391305,0.407190744916,0.501865404938,0.592812503959,
    0.745271724211,0.930766707262,1.),.UNSPECIFIED.);
#505 = CARTESIAN_POINT('',(10.5507398182,14.9600006));
#506 = CARTESIAN_POINT('',(10.529583994343,14.868975522245));
#507 = CARTESIAN_POINT('',(10.508823718315,14.774807643873));
#508 = CARTESIAN_POINT('',(10.488446356311,14.677769190167));
#509 = CARTESIAN_POINT('',(10.468439701615,14.578105757128));
#510 = CARTESIAN_POINT('',(10.448791753656,14.47603603085));
#511 = CARTESIAN_POINT('',(10.429490497058,14.371751506876));
#512 = CARTESIAN_POINT('',(10.410523680696,14.265416209573));
#513 = CARTESIAN_POINT('',(10.341913304556,13.867077463362));
#514 = CARTESIAN_POINT('',(10.294305767755,13.563513125378));
#515 = CARTESIAN_POINT('',(10.248764173607,13.248897479144));
#516 = CARTESIAN_POINT('',(10.205139362866,12.924992819226));
#517 = CARTESIAN_POINT('',(10.1633365436,12.593118470461));
#518 = CARTESIAN_POINT('',(10.123320199029,12.254111468839));
#519 = CARTESIAN_POINT('',(10.085105713992,11.908328953529));
#520 = CARTESIAN_POINT('',(10.018966690297,11.26539647378));
#521 = CARTESIAN_POINT('',(9.990460676967,10.970927273114));
#522 = CARTESIAN_POINT('',(9.963339528002,10.671854144152));
#523 = CARTESIAN_POINT('',(9.937734464634,10.368019011585));
#524 = CARTESIAN_POINT('',(9.913861879871,10.059287137964));
#525 = CARTESIAN_POINT('',(9.892029694073,9.745530576123));
#526 = CARTESIAN_POINT('',(9.872674543462,9.426540058964));
#527 = CARTESIAN_POINT('',(9.846126182275,8.900766093252));
#528 = CARTESIAN_POINT('',(9.837105823643,8.697325724512));
#529 = CARTESIAN_POINT('',(9.829362224878,8.491981586783));
#530 = CARTESIAN_POINT('',(9.823028223714,8.284939787584));
#531 = CARTESIAN_POINT('',(9.818233546813,8.076484678181));
#532 = CARTESIAN_POINT('',(9.815081344872,7.866997465412));
#533 = CARTESIAN_POINT('',(9.813624487781,7.656976758182));
#534 = CARTESIAN_POINT('',(9.814079293433,7.245391054665));
#535 = CARTESIAN_POINT('',(9.81586064827,7.0437659524));
#536 = CARTESIAN_POINT('',(9.819196456412,6.842720659342));
#537 = CARTESIAN_POINT('',(9.824032831331,6.642686500598));
#538 = CARTESIAN_POINT('',(9.830275420327,6.443992815192));
#539 = CARTESIAN_POINT('',(9.83780897372,6.246883770211));
#540 = CARTESIAN_POINT('',(9.846516158593,6.051533412957));
#541 = CARTESIAN_POINT('',(9.87266005944,5.53370868295));
#542 = CARTESIAN_POINT('',(9.892011491849,5.214745992639));
#543 = CARTESIAN_POINT('',(9.913839753683,4.901016306906));
#544 = CARTESIAN_POINT('',(9.937708271655,4.592310505568));
#545 = CARTESIAN_POINT('',(9.963309142508,4.28850067635));
#546 = CARTESIAN_POINT('',(9.990425973303,3.989452073884));
#547 = CARTESIAN_POINT('',(10.018927525119,3.695006574508));
#548 = CARTESIAN_POINT('',(10.085061871243,3.052070122972));
#549 = CARTESIAN_POINT('',(10.123276664199,2.706261556651));
#550 = CARTESIAN_POINT('',(10.16329355214,2.367228939623));
#551 = CARTESIAN_POINT('',(10.205097089431,2.035329253208));
#552 = CARTESIAN_POINT('',(10.248722755372,1.711399412585));
#553 = CARTESIAN_POINT('',(10.294265323868,1.396758645409));
#554 = CARTESIAN_POINT('',(10.341873950038,1.093169156456));
#555 = CARTESIAN_POINT('',(10.410489740184,0.694774068453));
#556 = CARTESIAN_POINT('',(10.429460891959,0.588408442463));
#557 = CARTESIAN_POINT('',(10.448766639871,0.484094426075));
#558 = CARTESIAN_POINT('',(10.468419243971,0.381996145229));
#559 = CARTESIAN_POINT('',(10.488430728529,0.28230522296));
#560 = CARTESIAN_POINT('',(10.508813103285,0.18524049871));
#561 = CARTESIAN_POINT('',(10.529578584707,9.104774765012E-02));
#562 = CARTESIAN_POINT('',(10.550739817239,-6.E-07));
#563 = ( GEOMETRIC_REPRESENTATION_CONTEXT(2) 
PARAMETRIC_REPRESENTATION_CONTEXT() REPRESENTATION_CONTEXT('2D SPACE',''
  ) );
#564 = ORIENTED_EDGE('',*,*,#565,.T.);
#565 = EDGE_CURVE('',#373,#566,#568,.T.);
#566 = VERTEX_POINT('',#567);
#567 = CARTESIAN_POINT('',(40.8,18.02,-3.008577876734));
#568 = SURFACE_CURVE('',#569,(#577,#588),.PCURVE_S1.);
#569 = B_SPLINE_CURVE_WITH_KNOTS('',6,(#570,#571,#572,#573,#574,#575,
    #576),.UNSPECIFIED.,.F.,.F.,(7,7),(0.,1.),.PIECEWISE_BEZIER_KNOTS.);
#570 = CARTESIAN_POINT('',(32.63,18.02,-3.56634647961));
#571 = CARTESIAN_POINT('',(33.992117536772,18.02,-3.480001817811));
#572 = CARTESIAN_POINT('',(35.354089047326,18.02,-3.391413087195));
#573 = CARTESIAN_POINT('',(36.715895776972,18.02,-3.300333708122));
#574 = CARTESIAN_POINT('',(38.077510486372,18.02,-3.20645524009));
#575 = CARTESIAN_POINT('',(39.438896411724,18.02,-3.109392010245));
#576 = CARTESIAN_POINT('',(40.8,18.02,-3.008577868386));
#577 = PCURVE('',#66,#578);
#578 = DEFINITIONAL_REPRESENTATION('',(#579),#587);
#579 = B_SPLINE_CURVE_WITH_KNOTS('',6,(#580,#581,#582,#583,#584,#585,
    #586),.UNSPECIFIED.,.F.,.F.,(7,7),(0.,1.),.PIECEWISE_BEZIER_KNOTS.);
#580 = CARTESIAN_POINT('',(3.623873902162,0.79472361809));
#581 = CARTESIAN_POINT('',(3.613575797819,0.828947676803));
#582 = CARTESIAN_POINT('',(3.602902573192,0.863168066516));
#583 = CARTESIAN_POINT('',(3.591815664959,0.897384316004));
#584 = CARTESIAN_POINT('',(3.580268406572,0.931595740864));
#585 = CARTESIAN_POINT('',(3.568201316321,0.96580141738));
#586 = CARTESIAN_POINT('',(3.555528954241,1.));
#587 = ( GEOMETRIC_REPRESENTATION_CONTEXT(2) 
PARAMETRIC_REPRESENTATION_CONTEXT() REPRESENTATION_CONTEXT('2D SPACE',''
  ) );
#588 = PCURVE('',#589,#594);
#589 = PLANE('',#590);
#590 = AXIS2_PLACEMENT_3D('',#591,#592,#593);
#591 = CARTESIAN_POINT('',(40.8,18.02,0.));
#592 = DIRECTION('',(0.,1.,0.));
#593 = DIRECTION('',(0.,-0.,1.));
#594 = DEFINITIONAL_REPRESENTATION('',(#595),#603);
#595 = B_SPLINE_CURVE_WITH_KNOTS('',6,(#596,#597,#598,#599,#600,#601,
    #602),.UNSPECIFIED.,.F.,.F.,(7,7),(0.,1.),.PIECEWISE_BEZIER_KNOTS.);
#596 = CARTESIAN_POINT('',(-3.56634647961,-8.17));
#597 = CARTESIAN_POINT('',(-3.480001817811,-6.807882463228));
#598 = CARTESIAN_POINT('',(-3.391413087195,-5.445910952674));
#599 = CARTESIAN_POINT('',(-3.300333708122,-4.084104223028));
#600 = CARTESIAN_POINT('',(-3.20645524009,-2.722489513628));
#601 = CARTESIAN_POINT('',(-3.109392010245,-1.361103588276));
#602 = CARTESIAN_POINT('',(-3.008577868386,7.105427357601E-15));
#603 = ( GEOMETRIC_REPRESENTATION_CONTEXT(2) 
PARAMETRIC_REPRESENTATION_CONTEXT() REPRESENTATION_CONTEXT('2D SPACE',''
  ) );
#604 = ORIENTED_EDGE('',*,*,#605,.F.);
#605 = EDGE_CURVE('',#606,#566,#608,.T.);
#606 = VERTEX_POINT('',#607);
#607 = CARTESIAN_POINT('',(40.8,17.519096751053,-1.6));
#608 = SURFACE_CURVE('',#609,(#614,#621),.PCURVE_S1.);
#609 = ELLIPSE('',#610,8.17,7.48);
#610 = AXIS2_PLACEMENT_3D('',#611,#612,#613);
#611 = CARTESIAN_POINT('',(40.8,25.5,0.));
#612 = DIRECTION('',(1.,0.,0.));
#613 = DIRECTION('',(0.,1.,0.));
#614 = PCURVE('',#66,#615);
#615 = DEFINITIONAL_REPRESENTATION('',(#616),#620);
#616 = LINE('',#617,#618);
#617 = CARTESIAN_POINT('',(0.,1.));
#618 = VECTOR('',#619,1.);
#619 = DIRECTION('',(1.,0.));
#620 = ( GEOMETRIC_REPRESENTATION_CONTEXT(2) 
PARAMETRIC_REPRESENTATION_CONTEXT() REPRESENTATION_CONTEXT('2D SPACE',''
  ) );
#621 = PCURVE('',#622,#627);
#622 = PLANE('',#623);
#623 = AXIS2_PLACEMENT_3D('',#624,#625,#626);
#624 = CARTESIAN_POINT('',(40.8,25.5,0.));
#625 = DIRECTION('',(1.,0.,0.));
#626 = DIRECTION('',(0.,1.,0.));
#627 = DEFINITIONAL_REPRESENTATION('',(#628),#632);
#628 = ELLIPSE('',#629,8.17,7.48);
#629 = AXIS2_PLACEMENT_2D('',#630,#631);
#630 = CARTESIAN_POINT('',(0.,0.));
#631 = DIRECTION('',(1.,0.));
#632 = ( GEOMETRIC_REPRESENTATION_CONTEXT(2) 
PARAMETRIC_REPRESENTATION_CONTEXT() REPRESENTATION_CONTEXT('2D SPACE',''
  ) );
#633 = ORIENTED_EDGE('',*,*,#634,.T.);
#634 = EDGE_CURVE('',#606,#635,#637,.T.);
#635 = VERTEX_POINT('',#636);
#636 = CARTESIAN_POINT('',(40.8,17.519096751053,1.6));
#637 = SURFACE_CURVE('',#638,(#665,#695),.PCURVE_S1.);
#638 = B_SPLINE_CURVE_WITH_KNOTS('',7,(#639,#640,#641,#642,#643,#644,
    #645,#646,#647,#648,#649,#650,#651,#652,#653,#654,#655,#656,#657,
    #658,#659,#660,#661,#662,#663,#664),.UNSPECIFIED.,.F.,.F.,(8,6,6,6,8
    ),(0.,0.2452611295,0.502550234026,0.761869973477,1.),.UNSPECIFIED.);
#639 = CARTESIAN_POINT('',(40.8,17.519096753669,-1.6));
#640 = CARTESIAN_POINT('',(40.622095686075,17.513056054654,-1.6));
#641 = CARTESIAN_POINT('',(40.444458473962,17.501505075049,
    -1.576921484428));
#642 = CARTESIAN_POINT('',(40.271191413377,17.484623888841,
    -1.530892589992));
#643 = CARTESIAN_POINT('',(40.105797003322,17.463365108765,
    -1.463120282343));
#644 = CARTESIAN_POINT('',(39.951263253644,17.439236060017,
    -1.375225947963));
#645 = CARTESIAN_POINT('',(39.810180252349,17.413931335038,
    -1.269191454067));
#646 = CARTESIAN_POINT('',(39.553204914569,17.363059493074,
    -1.019394934885));
#647 = CARTESIAN_POINT('',(39.43863001464,17.337489068726,
    -0.873787446874));
#648 = CARTESIAN_POINT('',(39.343794948125,17.314318477703,
    -0.713024518748));
#649 = CARTESIAN_POINT('',(39.271032176524,17.29545045388,
    -0.540149496379));
#650 = CARTESIAN_POINT('',(39.22218700985,17.282434155341,-0.3586823073)
  );
#651 = CARTESIAN_POINT('',(39.198552082952,17.276147493858,
    -0.172733076239));
#652 = CARTESIAN_POINT('',(39.201564210717,17.276948771437,
    0.200053640613));
#653 = CARTESIAN_POINT('',(39.228610553416,17.284142921551,
    0.387004968375));
#654 = CARTESIAN_POINT('',(39.281162356478,17.298101172873,
    0.568926734481));
#655 = CARTESIAN_POINT('',(39.357815143209,17.317854073279,
    0.741667744232));
#656 = CARTESIAN_POINT('',(39.456624934538,17.341765013828,0.90168828512
    ));
#657 = CARTESIAN_POINT('',(39.575168564783,17.367860956791,
    1.045939313205));
#658 = CARTESIAN_POINT('',(39.834997560439,17.418336137651,
    1.287482200434));
#659 = CARTESIAN_POINT('',(39.973846665253,17.442723180331,
    1.387846771931));
#660 = CARTESIAN_POINT('',(40.125094711129,17.465818026783,
    1.470901723371));
#661 = CARTESIAN_POINT('',(40.286337418809,17.486085363562,
    1.534856283545));
#662 = CARTESIAN_POINT('',(40.454808937512,17.502173627979,
    1.578247574938));
#663 = CARTESIAN_POINT('',(40.62728224779,17.513232163134,1.6));
#664 = CARTESIAN_POINT('',(40.8,17.519096753669,1.6));
#665 = PCURVE('',#66,#666);
#666 = DEFINITIONAL_REPRESENTATION('',(#667),#694);
#667 = B_SPLINE_CURVE_WITH_KNOTS('',7,(#668,#669,#670,#671,#672,#673,
    #674,#675,#676,#677,#678,#679,#680,#681,#682,#683,#684,#685,#686,
    #687,#688,#689,#690,#691,#692,#693),.UNSPECIFIED.,.F.,.F.,(8,6,6,6,8
    ),(0.,0.2452611295,0.502550234026,0.761869973477,1.),.UNSPECIFIED.);
#668 = CARTESIAN_POINT('',(3.357162115481,1.));
#669 = CARTESIAN_POINT('',(3.357028643417,0.995530042364));
#670 = CARTESIAN_POINT('',(3.353737107421,0.991066795828));
#671 = CARTESIAN_POINT('',(3.347316536788,0.986713352095));
#672 = CARTESIAN_POINT('',(3.337956995813,0.982557713651));
#673 = CARTESIAN_POINT('',(3.325914337174,0.978674956122));
#674 = CARTESIAN_POINT('',(3.31148475524,0.975130157094));
#675 = CARTESIAN_POINT('',(3.277685721575,0.968673490316));
#676 = CARTESIAN_POINT('',(3.258074850554,0.965794723986));
#677 = CARTESIAN_POINT('',(3.23652178847,0.96341193337));
#678 = CARTESIAN_POINT('',(3.213440005563,0.961583723028));
#679 = CARTESIAN_POINT('',(3.189281838358,0.960356457534));
#680 = CARTESIAN_POINT('',(3.164559456767,0.95976261515));
#681 = CARTESIAN_POINT('',(3.114993279401,0.959838296752));
#682 = CARTESIAN_POINT('',(3.090134303976,0.960517853101));
#683 = CARTESIAN_POINT('',(3.06590818673,0.961838250163));
#684 = CARTESIAN_POINT('',(3.042832832079,0.963764199578));
#685 = CARTESIAN_POINT('',(3.021365048687,0.966246857652));
#686 = CARTESIAN_POINT('',(3.0019215351,0.969225340824));
#687 = CARTESIAN_POINT('',(2.969210445434,0.975753707549));
#688 = CARTESIAN_POINT('',(2.95554112983,0.979242378524));
#689 = CARTESIAN_POINT('',(2.944153361476,0.983042580682));
#690 = CARTESIAN_POINT('',(2.93531569147,0.987093904995));
#691 = CARTESIAN_POINT('',(2.929258961965,0.991326857726));
#692 = CARTESIAN_POINT('',(2.926152772564,0.995660357985));
#693 = CARTESIAN_POINT('',(2.926023191698,1.));
#694 = ( GEOMETRIC_REPRESENTATION_CONTEXT(2) 
PARAMETRIC_REPRESENTATION_CONTEXT() REPRESENTATION_CONTEXT('2D SPACE',''
  ) );
#695 = PCURVE('',#280,#696);
#696 = DEFINITIONAL_REPRESENTATION('',(#697),#724);
#697 = B_SPLINE_CURVE_WITH_KNOTS('',7,(#698,#699,#700,#701,#702,#703,
    #704,#705,#706,#707,#708,#709,#710,#711,#712,#713,#714,#715,#716,
    #717,#718,#719,#720,#721,#722,#723),.UNSPECIFIED.,.F.,.F.,(8,6,6,6,8
    ),(0.,0.2452611295,0.502550234026,0.761869973477,1.),.UNSPECIFIED.);
#698 = CARTESIAN_POINT('',(3.14159265359,6.979096753669));
#699 = CARTESIAN_POINT('',(3.252782849793,6.973056054654));
#700 = CARTESIAN_POINT('',(3.363805803383,6.961505075049));
#701 = CARTESIAN_POINT('',(3.474344799445,6.944623888841));
#702 = CARTESIAN_POINT('',(3.584416018388,6.923365108765));
#703 = CARTESIAN_POINT('',(3.694092991689,6.899236060017));
#704 = CARTESIAN_POINT('',(3.80351335957,6.873931335038));
#705 = CARTESIAN_POINT('',(4.027499465116,6.823059493074));
#706 = CARTESIAN_POINT('',(4.14227962656,6.797489068726));
#707 = CARTESIAN_POINT('',(4.257275510112,6.774318477703));
#708 = CARTESIAN_POINT('',(4.372611328233,6.75545045388));
#709 = CARTESIAN_POINT('',(4.48833235001,6.742434155341));
#710 = CARTESIAN_POINT('',(4.604427107833,6.736147493858));
#711 = CARTESIAN_POINT('',(4.837426411392,6.736948771437));
#712 = CARTESIAN_POINT('',(4.954403371674,6.744142921551));
#713 = CARTESIAN_POINT('',(5.070981566344,6.758101172873));
#714 = CARTESIAN_POINT('',(5.18716386683,6.777854073279));
#715 = CARTESIAN_POINT('',(5.303009324195,6.801765013828));
#716 = CARTESIAN_POINT('',(5.418658523407,6.827860956791));
#717 = CARTESIAN_POINT('',(5.640383008757,6.878336137651));
#718 = CARTESIAN_POINT('',(5.746651492262,6.902723180331));
#719 = CARTESIAN_POINT('',(5.853180834902,6.925818026783));
#720 = CARTESIAN_POINT('',(5.960090395666,6.946085363562));
#721 = CARTESIAN_POINT('',(6.067441141585,6.962173627979));
#722 = CARTESIAN_POINT('',(6.175236712048,6.973232163134));
#723 = CARTESIAN_POINT('',(6.28318530718,6.979096753669));
#724 = ( GEOMETRIC_REPRESENTATION_CONTEXT(2) 
PARAMETRIC_REPRESENTATION_CONTEXT() REPRESENTATION_CONTEXT('2D SPACE',''
  ) );
#725 = ORIENTED_EDGE('',*,*,#726,.F.);
#726 = EDGE_CURVE('',#727,#635,#729,.T.);
#727 = VERTEX_POINT('',#728);
#728 = CARTESIAN_POINT('',(40.8,18.02,3.008577876734));
#729 = SURFACE_CURVE('',#730,(#735,#742),.PCURVE_S1.);
#730 = ELLIPSE('',#731,8.17,7.48);
#731 = AXIS2_PLACEMENT_3D('',#732,#733,#734);
#732 = CARTESIAN_POINT('',(40.8,25.5,0.));
#733 = DIRECTION('',(1.,0.,0.));
#734 = DIRECTION('',(0.,1.,0.));
#735 = PCURVE('',#66,#736);
#736 = DEFINITIONAL_REPRESENTATION('',(#737),#741);
#737 = LINE('',#738,#739);
#738 = CARTESIAN_POINT('',(0.,1.));
#739 = VECTOR('',#740,1.);
#740 = DIRECTION('',(1.,0.));
#741 = ( GEOMETRIC_REPRESENTATION_CONTEXT(2) 
PARAMETRIC_REPRESENTATION_CONTEXT() REPRESENTATION_CONTEXT('2D SPACE',''
  ) );
#742 = PCURVE('',#743,#748);
#743 = PLANE('',#744);
#744 = AXIS2_PLACEMENT_3D('',#745,#746,#747);
#745 = CARTESIAN_POINT('',(40.8,25.5,0.));
#746 = DIRECTION('',(1.,0.,0.));
#747 = DIRECTION('',(0.,1.,0.));
#748 = DEFINITIONAL_REPRESENTATION('',(#749),#753);
#749 = ELLIPSE('',#750,8.17,7.48);
#750 = AXIS2_PLACEMENT_2D('',#751,#752);
#751 = CARTESIAN_POINT('',(0.,0.));
#752 = DIRECTION('',(1.,0.));
#753 = ( GEOMETRIC_REPRESENTATION_CONTEXT(2) 
PARAMETRIC_REPRESENTATION_CONTEXT() REPRESENTATION_CONTEXT('2D SPACE',''
  ) );
#754 = ORIENTED_EDGE('',*,*,#755,.F.);
#755 = EDGE_CURVE('',#756,#727,#758,.T.);
#756 = VERTEX_POINT('',#757);
#757 = CARTESIAN_POINT('',(33.425089313474,18.02,3.515621192018));
#758 = SURFACE_CURVE('',#759,(#767,#778),.PCURVE_S1.);
#759 = B_SPLINE_CURVE_WITH_KNOTS('',6,(#760,#761,#762,#763,#764,#765,
    #766),.UNSPECIFIED.,.F.,.F.,(7,7),(0.,1.),.PIECEWISE_BEZIER_KNOTS.);
#760 = CARTESIAN_POINT('',(32.63,18.02,3.56634647961));
#761 = CARTESIAN_POINT('',(33.992117536772,18.02,3.480001817811));
#762 = CARTESIAN_POINT('',(35.354089047325,18.02,3.391413087195));
#763 = CARTESIAN_POINT('',(36.715895776973,18.02,3.300333708122));
#764 = CARTESIAN_POINT('',(38.077510486371,18.02,3.20645524009));
#765 = CARTESIAN_POINT('',(39.438896411725,18.02,3.109392010245));
#766 = CARTESIAN_POINT('',(40.8,18.02,3.008577868386));
#767 = PCURVE('',#66,#768);
#768 = DEFINITIONAL_REPRESENTATION('',(#769),#777);
#769 = B_SPLINE_CURVE_WITH_KNOTS('',6,(#770,#771,#772,#773,#774,#775,
    #776),.UNSPECIFIED.,.F.,.F.,(7,7),(0.,1.),.PIECEWISE_BEZIER_KNOTS.);
#770 = CARTESIAN_POINT('',(2.659311405018,0.79472361809));
#771 = CARTESIAN_POINT('',(2.669609509361,0.828947676803));
#772 = CARTESIAN_POINT('',(2.680282733988,0.863168066516));
#773 = CARTESIAN_POINT('',(2.691369642221,0.897384316004));
#774 = CARTESIAN_POINT('',(2.702916900608,0.931595740864));
#775 = CARTESIAN_POINT('',(2.714983990858,0.96580141738));
#776 = CARTESIAN_POINT('',(2.727656352939,1.));
#777 = ( GEOMETRIC_REPRESENTATION_CONTEXT(2) 
PARAMETRIC_REPRESENTATION_CONTEXT() REPRESENTATION_CONTEXT('2D SPACE',''
  ) );
#778 = PCURVE('',#589,#779);
#779 = DEFINITIONAL_REPRESENTATION('',(#780),#788);
#780 = B_SPLINE_CURVE_WITH_KNOTS('',6,(#781,#782,#783,#784,#785,#786,
    #787),.UNSPECIFIED.,.F.,.F.,(7,7),(0.,1.),.PIECEWISE_BEZIER_KNOTS.);
#781 = CARTESIAN_POINT('',(3.56634647961,-8.17));
#782 = CARTESIAN_POINT('',(3.480001817811,-6.807882463228));
#783 = CARTESIAN_POINT('',(3.391413087195,-5.445910952675));
#784 = CARTESIAN_POINT('',(3.300333708122,-4.084104223027));
#785 = CARTESIAN_POINT('',(3.20645524009,-2.722489513629));
#786 = CARTESIAN_POINT('',(3.109392010245,-1.361103588275));
#787 = CARTESIAN_POINT('',(3.008577868386,2.13162820728E-14));
#788 = ( GEOMETRIC_REPRESENTATION_CONTEXT(2) 
PARAMETRIC_REPRESENTATION_CONTEXT() REPRESENTATION_CONTEXT('2D SPACE',''
  ) );
#789 = ORIENTED_EDGE('',*,*,#790,.T.);
#790 = EDGE_CURVE('',#756,#791,#793,.T.);
#791 = VERTEX_POINT('',#792);
#792 = CARTESIAN_POINT('',(33.425089310094,32.98,3.515621184927));
#793 = SURFACE_CURVE('',#794,(#853,#915),.PCURVE_S1.);
#794 = B_SPLINE_CURVE_WITH_KNOTS('',8,(#795,#796,#797,#798,#799,#800,
    #801,#802,#803,#804,#805,#806,#807,#808,#809,#810,#811,#812,#813,
    #814,#815,#816,#817,#818,#819,#820,#821,#822,#823,#824,#825,#826,
    #827,#828,#829,#830,#831,#832,#833,#834,#835,#836,#837,#838,#839,
    #840,#841,#842,#843,#844,#845,#846,#847,#848,#849,#850,#851,#852),
  .UNSPECIFIED.,.F.,.F.,(9,7,7,7,7,7,7,7,9),(0.,7.042712496592E-02,
    0.256111712605,0.405566493623,0.500282406919,0.594341157627,
    0.743779374343,0.93209933792,1.),.UNSPECIFIED.);
#795 = CARTESIAN_POINT('',(33.425088823219,18.0199994,3.515620163583));
#796 = CARTESIAN_POINT('',(33.500764473825,18.112615251907,
    3.674369168167));
#797 = CARTESIAN_POINT('',(33.578905489779,18.20848442281,3.828236025678
    ));
#798 = CARTESIAN_POINT('',(33.659245741528,18.307320427173,
    3.977331328624));
#799 = CARTESIAN_POINT('',(33.741541914938,18.408865217303,
    4.121771859231));
#800 = CARTESIAN_POINT('',(33.825573217065,18.512889467902,
    4.261680152159));
#801 = CARTESIAN_POINT('',(33.911141081931,18.619192860621,
    4.397184057219));
#802 = CARTESIAN_POINT('',(33.998068876291,18.727604368616,
    4.528416302093));
#803 = CARTESIAN_POINT('',(34.318567891422,19.129000035446,
    4.990613547729));
#804 = CARTESIAN_POINT('',(34.559090435736,19.433414029542,
    5.296655230232));
#805 = CARTESIAN_POINT('',(34.805086879703,19.748823752081,
    5.576504461394));
#806 = CARTESIAN_POINT('',(35.054277646741,20.07348471875,5.8320703991)
  );
#807 = CARTESIAN_POINT('',(35.304552353528,20.406092415874,
    6.064997203121));
#808 = CARTESIAN_POINT('',(35.5538765498,20.745821732292,6.276651089366)
  );
#809 = CARTESIAN_POINT('',(35.800145358894,21.09232569258,6.468229302334
    ));
#810 = CARTESIAN_POINT('',(36.234438543485,21.730527639763,
    6.779478091415));
#811 = CARTESIAN_POINT('',(36.424208689076,22.019370248154,
    6.905711426466));
#812 = CARTESIAN_POINT('',(36.608767766799,22.312638039953,
    7.019945575137));
#813 = CARTESIAN_POINT('',(36.786400482399,22.61047989231,7.122477315971
    ));
#814 = CARTESIAN_POINT('',(36.95485400934,22.913024437916,7.213433160679
    ));
#815 = CARTESIAN_POINT('',(37.111260179735,23.220396112908,
    7.292819646012));
#816 = CARTESIAN_POINT('',(37.251867245893,23.532791832981,7.36052467305
    ));
#817 = CARTESIAN_POINT('',(37.449000794395,24.051613893676,
    7.451630756339));
#818 = CARTESIAN_POINT('',(37.517448718236,24.254913409856,
    7.482170494941));
#819 = CARTESIAN_POINT('',(37.576761717806,24.460133536623,
    7.507818134365));
#820 = CARTESIAN_POINT('',(37.625789171743,24.667078734832,
    7.528471469724));
#821 = CARTESIAN_POINT('',(37.663407831035,24.875474466136,
    7.544028870701));
#822 = CARTESIAN_POINT('',(37.688715190612,25.084948350993,
    7.554401391538));
#823 = CARTESIAN_POINT('',(37.70122763692,25.295008917094,7.559531065195
    ));
#824 = CARTESIAN_POINT('',(37.700693664265,25.71359698671,7.559312159182
    ));
#825 = CARTESIAN_POINT('',(37.687823901375,25.922179754826,7.55403600388
    ));
#826 = CARTESIAN_POINT('',(37.662350225468,26.13017041741,7.543591104844
    ));
#827 = CARTESIAN_POINT('',(37.624755835881,26.337089310367,
    7.528034958503));
#828 = CARTESIAN_POINT('',(37.575928032721,26.542572883714,
    7.507454982876));
#829 = CARTESIAN_POINT('',(37.516966680469,26.746353247994,
    7.481950769313));
#830 = CARTESIAN_POINT('',(37.448998007173,26.948240046991,
    7.451622234783));
#831 = CARTESIAN_POINT('',(37.252544391174,27.465668226927,
    7.360849039505));
#832 = CARTESIAN_POINT('',(37.112023008852,27.778053636756,
    7.293201617924));
#833 = CARTESIAN_POINT('',(36.95569130141,28.085415566811,7.213874500627
    ));
#834 = CARTESIAN_POINT('',(36.787302650801,28.387950511277,
    7.122980290032));
#835 = CARTESIAN_POINT('',(36.609726826641,28.685782812445,
    7.020512946897));
#836 = CARTESIAN_POINT('',(36.425217872074,28.979041240823,
    6.906346498184));
#837 = CARTESIAN_POINT('',(36.235491926643,29.267875039654,
    6.780184701592));
#838 = CARTESIAN_POINT('',(35.797844107707,29.911117933887,
    6.466640638325));
#839 = CARTESIAN_POINT('',(35.54802119231,30.262452131788,6.272154491844
    ));
#840 = CARTESIAN_POINT('',(35.295087084347,30.606823630089,
    6.057012177294));
#841 = CARTESIAN_POINT('',(35.041224906251,30.943868583392,5.81995651023
    ));
#842 = CARTESIAN_POINT('',(34.788553285946,31.272714656654,
    5.559555682335));
#843 = CARTESIAN_POINT('',(34.539280783977,31.59197602545,5.27408262061)
  );
#844 = CARTESIAN_POINT('',(34.295802219473,31.89979899425,4.961539132294
    ));
#845 = CARTESIAN_POINT('',(33.976278710295,32.299560036462,
    4.495348828528));
#846 = CARTESIAN_POINT('',(33.892754614363,32.403642061139,
    4.367935142501));
#847 = CARTESIAN_POINT('',(33.810524605797,32.50573530329,4.236529155829
    ));
#848 = CARTESIAN_POINT('',(33.729749416704,32.605683202781,
    4.101011940236));
#849 = CARTESIAN_POINT('',(33.650609005854,32.703303618348,3.96126910861
    ));
#850 = CARTESIAN_POINT('',(33.573302767701,32.798389102267,
    3.817191243224));
#851 = CARTESIAN_POINT('',(33.498049741403,32.890707175027,
    3.668674323952));
#852 = CARTESIAN_POINT('',(33.425088819839,32.9800006,3.515620156492));
#853 = PCURVE('',#66,#854);
#854 = DEFINITIONAL_REPRESENTATION('',(#855),#914);
#855 = B_SPLINE_CURVE_WITH_KNOTS('',8,(#856,#857,#858,#859,#860,#861,
    #862,#863,#864,#865,#866,#867,#868,#869,#870,#871,#872,#873,#874,
    #875,#876,#877,#878,#879,#880,#881,#882,#883,#884,#885,#886,#887,
    #888,#889,#890,#891,#892,#893,#894,#895,#896,#897,#898,#899,#900,
    #901,#902,#903,#904,#905,#906,#907,#908,#909,#910,#911,#912,#913),
  .UNSPECIFIED.,.F.,.F.,(9,7,7,7,7,7,7,7,9),(0.,7.042712496592E-02,
    0.256111712605,0.405566493623,0.500282406919,0.594341157627,
    0.743779374343,0.93209933792,1.),.UNSPECIFIED.);
#856 = CARTESIAN_POINT('',(2.665376844232,0.814700724201));
#857 = CARTESIAN_POINT('',(2.641954807474,0.816602122458));
#858 = CARTESIAN_POINT('',(2.618907897651,0.818565464567));
#859 = CARTESIAN_POINT('',(2.596218825012,0.820584063857));
#860 = CARTESIAN_POINT('',(2.573870798962,0.822651806908));
#861 = CARTESIAN_POINT('',(2.551847152176,0.824763146157));
#862 = CARTESIAN_POINT('',(2.530130964709,0.826913092511));
#863 = CARTESIAN_POINT('',(2.508704688108,0.829097207947));
#864 = CARTESIAN_POINT('',(2.431773783557,0.837149947021));
#865 = CARTESIAN_POINT('',(2.377936900107,0.843193227029));
#866 = CARTESIAN_POINT('',(2.325649815092,0.849374042204));
#867 = CARTESIAN_POINT('',(2.274654772883,0.855635116752));
#868 = CARTESIAN_POINT('',(2.22472452663,0.861923425968));
#869 = CARTESIAN_POINT('',(2.175649928946,0.86818785301));
#870 = CARTESIAN_POINT('',(2.127211432743,0.87437551153));
#871 = CARTESIAN_POINT('',(2.040466687211,0.88528740059));
#872 = CARTESIAN_POINT('',(2.002076092592,0.8900554947));
#873 = CARTESIAN_POINT('',(1.963836776186,0.894692657457));
#874 = CARTESIAN_POINT('',(1.92563491449,0.899155791015));
#875 = CARTESIAN_POINT('',(1.887370278825,0.903388291692));
#876 = CARTESIAN_POINT('',(1.848949818343,0.907318094968));
#877 = CARTESIAN_POINT('',(1.810276102543,0.910850935826));
#878 = CARTESIAN_POINT('',(1.746532582809,0.91580404006));
#879 = CARTESIAN_POINT('',(1.721672130548,0.917523837142));
#880 = CARTESIAN_POINT('',(1.696674692088,0.919014113513));
#881 = CARTESIAN_POINT('',(1.671545624512,0.920245959089));
#882 = CARTESIAN_POINT('',(1.646299457996,0.921191151534));
#883 = CARTESIAN_POINT('',(1.620962002926,0.92182701484));
#884 = CARTESIAN_POINT('',(1.595572975954,0.922141397913));
#885 = CARTESIAN_POINT('',(1.544979508177,0.922127981514));
#886 = CARTESIAN_POINT('',(1.519768395592,0.921804620638));
#887 = CARTESIAN_POINT('',(1.494609215049,0.921164578529));
#888 = CARTESIAN_POINT('',(1.469540673823,0.920219995876));
#889 = CARTESIAN_POINT('',(1.444587920838,0.918993166651));
#890 = CARTESIAN_POINT('',(1.419765072892,0.91751172564));
#891 = CARTESIAN_POINT('',(1.395077239232,0.915803970029));
#892 = CARTESIAN_POINT('',(1.331506977349,0.910867949527));
#893 = CARTESIAN_POINT('',(1.292836079009,0.907337261529));
#894 = CARTESIAN_POINT('',(1.25441871115,0.903409329181));
#895 = CARTESIAN_POINT('',(1.216157529409,0.899178458563));
#896 = CARTESIAN_POINT('',(1.17795953945,0.894716754438));
#897 = CARTESIAN_POINT('',(1.139724553575,0.890080851057));
#898 = CARTESIAN_POINT('',(1.101338776674,0.885313867504));
#899 = CARTESIAN_POINT('',(1.013918551167,0.874317691148));
#900 = CARTESIAN_POINT('',(0.964791317058,0.868040733475));
#901 = CARTESIAN_POINT('',(0.915007001341,0.861685605134));
#902 = CARTESIAN_POINT('',(0.8643361115,0.855307158449));
#903 = CARTESIAN_POINT('',(0.812560641408,0.848958625275));
#904 = CARTESIAN_POINT('',(0.75944310543,0.842695497085));
#905 = CARTESIAN_POINT('',(0.704714414293,0.836577945213));
#906 = CARTESIAN_POINT('',(0.627500059768,0.828549716339));
#907 = CARTESIAN_POINT('',(0.606781881558,0.826451120964));
#908 = CARTESIAN_POINT('',(0.585791371813,0.824385040347));
#909 = CARTESIAN_POINT('',(0.564512783017,0.822355512983));
#910 = CARTESIAN_POINT('',(0.542930928831,0.820367060449));
#911 = CARTESIAN_POINT('',(0.521030873645,0.818424692656));
#912 = CARTESIAN_POINT('',(0.498797622124,0.816533913101));
#913 = CARTESIAN_POINT('',(0.476215808764,0.814700724117));
#914 = ( GEOMETRIC_REPRESENTATION_CONTEXT(2) 
PARAMETRIC_REPRESENTATION_CONTEXT() REPRESENTATION_CONTEXT('2D SPACE',''
  ) );
#915 = PCURVE('',#498,#916);
#916 = DEFINITIONAL_REPRESENTATION('',(#917),#976);
#917 = B_SPLINE_CURVE_WITH_KNOTS('',8,(#918,#919,#920,#921,#922,#923,
    #924,#925,#926,#927,#928,#929,#930,#931,#932,#933,#934,#935,#936,
    #937,#938,#939,#940,#941,#942,#943,#944,#945,#946,#947,#948,#949,
    #950,#951,#952,#953,#954,#955,#956,#957,#958,#959,#960,#961,#962,
    #963,#964,#965,#966,#967,#968,#969,#970,#971,#972,#973,#974,#975),
  .UNSPECIFIED.,.F.,.F.,(9,7,7,7,7,7,7,7,9),(0.,7.042712496592E-02,
    0.256111712605,0.405566493623,0.500282406919,0.594341157627,
    0.743779374343,0.93209933792,1.),.UNSPECIFIED.);
#918 = CARTESIAN_POINT('',(5.15722345071,-6.E-07));
#919 = CARTESIAN_POINT('',(5.178748998718,9.261525190675E-02));
#920 = CARTESIAN_POINT('',(5.199864988966,0.18848442281));
#921 = CARTESIAN_POINT('',(5.220584792875,0.287320427173));
#922 = CARTESIAN_POINT('',(5.240921293193,0.388865217303));
#923 = CARTESIAN_POINT('',(5.26088712647,0.492889467902));
#924 = CARTESIAN_POINT('',(5.280494925531,0.599192860621));
#925 = CARTESIAN_POINT('',(5.299757561945,0.707604368616));
#926 = CARTESIAN_POINT('',(5.368600446177,1.109000035446));
#927 = CARTESIAN_POINT('',(5.416158669631,1.413414029542));
#928 = CARTESIAN_POINT('',(5.461653542243,1.728823752081));
#929 = CARTESIAN_POINT('',(5.50523299862,2.05348471875));
#930 = CARTESIAN_POINT('',(5.54699013872,2.386092415874));
#931 = CARTESIAN_POINT('',(5.586958192326,2.725821732292));
#932 = CARTESIAN_POINT('',(5.625118497737,3.07232569258));
#933 = CARTESIAN_POINT('',(5.690517427232,3.710527639763));
#934 = CARTESIAN_POINT('',(5.718397682509,3.999370248154));
#935 = CARTESIAN_POINT('',(5.744941738442,4.292638039953));
#936 = CARTESIAN_POINT('',(5.770023996236,4.59047989231));
#937 = CARTESIAN_POINT('',(5.793440147032,4.893024437916));
#938 = CARTESIAN_POINT('',(5.81490096828,5.200396112908));
#939 = CARTESIAN_POINT('',(5.834000004781,5.512791832981));
#940 = CARTESIAN_POINT('',(5.860581159315,6.031613893676));
#941 = CARTESIAN_POINT('',(5.869754401849,6.234913409856));
#942 = CARTESIAN_POINT('',(5.877663139514,6.440133536623));
#943 = CARTESIAN_POINT('',(5.884174457734,6.647078734832));
#944 = CARTESIAN_POINT('',(5.889157133878,6.855474466136));
#945 = CARTESIAN_POINT('',(5.892504816318,7.064948350993));
#946 = CARTESIAN_POINT('',(5.894160032144,7.275008917094));
#947 = CARTESIAN_POINT('',(5.894089395433,7.69359698671));
#948 = CARTESIAN_POINT('',(5.892386912,7.902179754826));
#949 = CARTESIAN_POINT('',(5.889017033589,8.11017041741));
#950 = CARTESIAN_POINT('',(5.884037164584,8.317089310367));
#951 = CARTESIAN_POINT('',(5.877551850558,8.522572883714));
#952 = CARTESIAN_POINT('',(5.869689570617,8.726353247994));
#953 = CARTESIAN_POINT('',(5.860580412095,8.928240046991));
#954 = CARTESIAN_POINT('',(5.834091896308,9.445668226927));
#955 = CARTESIAN_POINT('',(5.815005361456,9.758053636756));
#956 = CARTESIAN_POINT('',(5.793555940091,10.065415566811));
#957 = CARTESIAN_POINT('',(5.770150337995,10.367950511277));
#958 = CARTESIAN_POINT('',(5.745078026572,10.665782812445));
#959 = CARTESIAN_POINT('',(5.718543525022,10.959041240823));
#960 = CARTESIAN_POINT('',(5.690672607721,11.247875039654));
#961 = CARTESIAN_POINT('',(5.624776279021,11.891117933887));
#962 = CARTESIAN_POINT('',(5.586055297701,12.242452131788));
#963 = CARTESIAN_POINT('',(5.545476863433,12.586823630089));
#964 = CARTESIAN_POINT('',(5.503058186486,12.923868583392));
#965 = CARTESIAN_POINT('',(5.458763007632,13.252714656654));
#966 = CARTESIAN_POINT('',(5.412491954411,13.57197602545));
#967 = CARTESIAN_POINT('',(5.364088953595,13.87979899425));
#968 = CARTESIAN_POINT('',(5.294911449043,14.279560036462));
#969 = CARTESIAN_POINT('',(5.276267921612,14.383642061139));
#970 = CARTESIAN_POINT('',(5.257301471658,14.48573530329));
#971 = CARTESIAN_POINT('',(5.23800050326,14.585683202781));
#972 = CARTESIAN_POINT('',(5.218353652118,14.683303618348));
#973 = CARTESIAN_POINT('',(5.198349586327,14.778389102267));
#974 = CARTESIAN_POINT('',(5.177976807141,14.870707175027));
#975 = CARTESIAN_POINT('',(5.157223449749,14.9600006));
#976 = ( GEOMETRIC_REPRESENTATION_CONTEXT(2) 
PARAMETRIC_REPRESENTATION_CONTEXT() REPRESENTATION_CONTEXT('2D SPACE',''
  ) );
#977 = ORIENTED_EDGE('',*,*,#978,.T.);
#978 = EDGE_CURVE('',#791,#979,#981,.T.);
#979 = VERTEX_POINT('',#980);
#980 = CARTESIAN_POINT('',(40.8,32.98,3.008577876734));
#981 = SURFACE_CURVE('',#982,(#990,#1001),.PCURVE_S1.);
#982 = B_SPLINE_CURVE_WITH_KNOTS('',6,(#983,#984,#985,#986,#987,#988,
    #989),.UNSPECIFIED.,.F.,.F.,(7,7),(0.,1.),.PIECEWISE_BEZIER_KNOTS.);
#983 = CARTESIAN_POINT('',(32.63,32.98,3.56634647163));
#984 = CARTESIAN_POINT('',(33.992117536736,32.98,3.480001810947));
#985 = CARTESIAN_POINT('',(35.354089047265,32.98,3.391413081596));
#986 = CARTESIAN_POINT('',(36.7158957769,32.98,3.300333703955));
#987 = CARTESIAN_POINT('',(38.077510486305,32.98,3.20645523754));
#988 = CARTESIAN_POINT('',(39.438896411679,32.98,3.109392009519));
#989 = CARTESIAN_POINT('',(40.8,32.98,3.008577869708));
#990 = PCURVE('',#66,#991);
#991 = DEFINITIONAL_REPRESENTATION('',(#992),#1000);
#992 = B_SPLINE_CURVE_WITH_KNOTS('',6,(#993,#994,#995,#996,#997,#998,
    #999),.UNSPECIFIED.,.F.,.F.,(7,7),(0.,1.),.PIECEWISE_BEZIER_KNOTS.);
#993 = CARTESIAN_POINT('',(0.48228124795,0.79472361809));
#994 = CARTESIAN_POINT('',(0.471983143609,0.828947676802));
#995 = CARTESIAN_POINT('',(0.461309918988,0.863168066514));
#996 = CARTESIAN_POINT('',(0.450223010768,0.897384316003));
#997 = CARTESIAN_POINT('',(0.4386757524,0.931595740862));
#998 = CARTESIAN_POINT('',(0.426608662179,0.965801417379));
#999 = CARTESIAN_POINT('',(0.413936300139,1.));
#1000 = ( GEOMETRIC_REPRESENTATION_CONTEXT(2) 
PARAMETRIC_REPRESENTATION_CONTEXT() REPRESENTATION_CONTEXT('2D SPACE',''
  ) );
#1001 = PCURVE('',#356,#1002);
#1002 = DEFINITIONAL_REPRESENTATION('',(#1003),#1011);
#1003 = B_SPLINE_CURVE_WITH_KNOTS('',6,(#1004,#1005,#1006,#1007,#1008,
    #1009,#1010),.UNSPECIFIED.,.F.,.F.,(7,7),(0.,1.),
  .PIECEWISE_BEZIER_KNOTS.);
#1004 = CARTESIAN_POINT('',(3.56634647163,-8.17));
#1005 = CARTESIAN_POINT('',(3.480001810947,-6.807882463264));
#1006 = CARTESIAN_POINT('',(3.391413081596,-5.445910952735));
#1007 = CARTESIAN_POINT('',(3.300333703955,-4.0841042231));
#1008 = CARTESIAN_POINT('',(3.20645523754,-2.722489513695));
#1009 = CARTESIAN_POINT('',(3.109392009519,-1.361103588321));
#1010 = CARTESIAN_POINT('',(3.008577869708,0.));
#1011 = ( GEOMETRIC_REPRESENTATION_CONTEXT(2) 
PARAMETRIC_REPRESENTATION_CONTEXT() REPRESENTATION_CONTEXT('2D SPACE',''
  ) );
#1012 = ORIENTED_EDGE('',*,*,#1013,.F.);
#1013 = EDGE_CURVE('',#1014,#979,#1016,.T.);
#1014 = VERTEX_POINT('',#1015);
#1015 = CARTESIAN_POINT('',(40.8,33.480903248947,1.6));
#1016 = SURFACE_CURVE('',#1017,(#1022,#1029),.PCURVE_S1.);
#1017 = ELLIPSE('',#1018,8.17,7.48);
#1018 = AXIS2_PLACEMENT_3D('',#1019,#1020,#1021);
#1019 = CARTESIAN_POINT('',(40.8,25.5,0.));
#1020 = DIRECTION('',(1.,0.,0.));
#1021 = DIRECTION('',(0.,1.,0.));
#1022 = PCURVE('',#66,#1023);
#1023 = DEFINITIONAL_REPRESENTATION('',(#1024),#1028);
#1024 = LINE('',#1025,#1026);
#1025 = CARTESIAN_POINT('',(0.,1.));
#1026 = VECTOR('',#1027,1.);
#1027 = DIRECTION('',(1.,0.));
#1028 = ( GEOMETRIC_REPRESENTATION_CONTEXT(2) 
PARAMETRIC_REPRESENTATION_CONTEXT() REPRESENTATION_CONTEXT('2D SPACE',''
  ) );
#1029 = PCURVE('',#1030,#1035);
#1030 = PLANE('',#1031);
#1031 = AXIS2_PLACEMENT_3D('',#1032,#1033,#1034);
#1032 = CARTESIAN_POINT('',(40.8,25.5,0.));
#1033 = DIRECTION('',(1.,0.,0.));
#1034 = DIRECTION('',(0.,1.,0.));
#1035 = DEFINITIONAL_REPRESENTATION('',(#1036),#1040);
#1036 = ELLIPSE('',#1037,8.17,7.48);
#1037 = AXIS2_PLACEMENT_2D('',#1038,#1039);
#1038 = CARTESIAN_POINT('',(0.,0.));
#1039 = DIRECTION('',(1.,0.));
#1040 = ( GEOMETRIC_REPRESENTATION_CONTEXT(2) 
PARAMETRIC_REPRESENTATION_CONTEXT() REPRESENTATION_CONTEXT('2D SPACE',''
  ) );
#1041 = ORIENTED_EDGE('',*,*,#1042,.T.);
#1042 = EDGE_CURVE('',#1014,#221,#1043,.T.);
#1043 = SURFACE_CURVE('',#1044,(#1059,#1077),.PCURVE_S1.);
#1044 = B_SPLINE_CURVE_WITH_KNOTS('',7,(#1045,#1046,#1047,#1048,#1049,
    #1050,#1051,#1052,#1053,#1054,#1055,#1056,#1057,#1058),
  .UNSPECIFIED.,.F.,.F.,(8,6,8),(0.,0.490523297658,1.),.UNSPECIFIED.);
#1045 = CARTESIAN_POINT('',(40.8,33.480903255441,1.6));
#1046 = CARTESIAN_POINT('',(40.622095686072,33.48694395446,1.6));
#1047 = CARTESIAN_POINT('',(40.444458473961,33.498494934033,
    1.576921484427));
#1048 = CARTESIAN_POINT('',(40.271191413374,33.515376120168,
    1.530892589993));
#1049 = CARTESIAN_POINT('',(40.105797003294,33.536634900096,
    1.463120282339));
#1050 = CARTESIAN_POINT('',(39.951263253563,33.56076394855,
    1.375225947934));
#1051 = CARTESIAN_POINT('',(39.810180252185,33.586068673019,
    1.269191453963));
#1052 = CARTESIAN_POINT('',(39.55450949886,33.636682252843,
    1.020663074479));
#1053 = CARTESIAN_POINT('',(39.440911411315,33.662002284494,
    0.876680695939));
#1054 = CARTESIAN_POINT('',(39.346633564092,33.684988688403,
    0.717820599586));
#1055 = CARTESIAN_POINT('',(39.273941721077,33.703795836388,
    0.547025872924));
#1056 = CARTESIAN_POINT('',(39.224639019086,33.716913008878,
    0.367700984673));
#1057 = CARTESIAN_POINT('',(39.2,33.723467336683,0.183820138508));
#1058 = CARTESIAN_POINT('',(39.2,33.723467336683,-2.102938147461E-15));
#1059 = PCURVE('',#66,#1060);
#1060 = DEFINITIONAL_REPRESENTATION('',(#1061),#1076);
#1061 = B_SPLINE_CURVE_WITH_KNOTS('',7,(#1062,#1063,#1064,#1065,#1066,
    #1067,#1068,#1069,#1070,#1071,#1072,#1073,#1074,#1075),
  .UNSPECIFIED.,.F.,.F.,(8,6,8),(0.,0.490523297658,1.),.UNSPECIFIED.);
#1062 = CARTESIAN_POINT('',(0.215569458034,1.));
#1063 = CARTESIAN_POINT('',(0.21543598597,0.995530042364));
#1064 = CARTESIAN_POINT('',(0.212144449968,0.991066795828));
#1065 = CARTESIAN_POINT('',(0.205723879323,0.986713352095));
#1066 = CARTESIAN_POINT('',(0.196364338347,0.982557713651));
#1067 = CARTESIAN_POINT('',(0.184321679742,0.97867495612));
#1068 = CARTESIAN_POINT('',(0.169892097919,0.97513015709));
#1069 = CARTESIAN_POINT('',(0.136264651975,0.968706268816));
#1070 = CARTESIAN_POINT('',(0.116871877759,0.96585204551));
#1071 = CARTESIAN_POINT('',(9.557216261118E-02,0.963483255379));
#1072 = CARTESIAN_POINT('',(7.276550988623E-02,0.961656827163));
#1073 = CARTESIAN_POINT('',(4.888988063985E-02,0.960418065806));
#1074 = CARTESIAN_POINT('',(2.444090090272E-02,0.959798994975));
#1075 = CARTESIAN_POINT('',(0.,0.959798994975));
#1076 = ( GEOMETRIC_REPRESENTATION_CONTEXT(2) 
PARAMETRIC_REPRESENTATION_CONTEXT() REPRESENTATION_CONTEXT('2D SPACE',''
  ) );
#1077 = PCURVE('',#280,#1078);
#1078 = DEFINITIONAL_REPRESENTATION('',(#1079),#1094);
#1079 = B_SPLINE_CURVE_WITH_KNOTS('',7,(#1080,#1081,#1082,#1083,#1084,
    #1085,#1086,#1087,#1088,#1089,#1090,#1091,#1092,#1093),
  .UNSPECIFIED.,.F.,.F.,(8,6,8),(0.,0.490523297658,1.),.UNSPECIFIED.);
#1080 = CARTESIAN_POINT('',(6.28318530718,22.940903255441));
#1081 = CARTESIAN_POINT('',(6.171995110975,22.94694395446));
#1082 = CARTESIAN_POINT('',(6.060972157386,22.958494934033));
#1083 = CARTESIAN_POINT('',(5.950433161322,22.975376120168));
#1084 = CARTESIAN_POINT('',(5.840361942364,22.996634900096));
#1085 = CARTESIAN_POINT('',(5.730684969028,23.02076394855));
#1086 = CARTESIAN_POINT('',(5.62126460108,23.046068673019));
#1087 = CARTESIAN_POINT('',(5.398415603794,23.096682252843));
#1088 = CARTESIAN_POINT('',(5.284781200757,23.122002284494));
#1089 = CARTESIAN_POINT('',(5.170936361723,23.144988688403));
#1090 = CARTESIAN_POINT('',(5.056758661797,23.163795836388));
#1091 = CARTESIAN_POINT('',(4.942201753727,23.176913008878));
#1092 = CARTESIAN_POINT('',(4.827276566952,23.183467336683));
#1093 = CARTESIAN_POINT('',(4.712388980385,23.183467336683));
#1094 = ( GEOMETRIC_REPRESENTATION_CONTEXT(2) 
PARAMETRIC_REPRESENTATION_CONTEXT() REPRESENTATION_CONTEXT('2D SPACE',''
  ) );
#1095 = ORIENTED_EDGE('',*,*,#220,.F.);
#1096 = ORIENTED_EDGE('',*,*,#1097,.F.);
#1097 = EDGE_CURVE('',#1098,#154,#1100,.T.);
#1098 = VERTEX_POINT('',#1099);
#1099 = CARTESIAN_POINT('',(1.,34.830177626009,1.6));
#1100 = SURFACE_CURVE('',#1101,(#1118,#1138),.PCURVE_S1.);
#1101 = B_SPLINE_CURVE_WITH_KNOTS('',8,(#1102,#1103,#1104,#1105,#1106,
    #1107,#1108,#1109,#1110,#1111,#1112,#1113,#1114,#1115,#1116,#1117),
  .UNSPECIFIED.,.F.,.F.,(9,7,9),(0.,0.37612390437,1.),.UNSPECIFIED.);
#1102 = CARTESIAN_POINT('',(1.,34.830177633292,1.6));
#1103 = CARTESIAN_POINT('',(1.118593083358,34.826162890441,1.6));
#1104 = CARTESIAN_POINT('',(1.23732669009,34.824295151943,1.589953820911
    ));
#1105 = CARTESIAN_POINT('',(1.355068265587,34.824625022441,
    1.569821009718));
#1106 = CARTESIAN_POINT('',(1.470745524516,34.827081470964,
    1.539741301408));
#1107 = CARTESIAN_POINT('',(1.583346777091,34.831483613861,
    1.499994608351));
#1108 = CARTESIAN_POINT('',(1.691922769258,34.837559308777,
    1.450976591549));
#1109 = CARTESIAN_POINT('',(1.795590036787,34.844970559663,
    1.393189813749));
#1110 = CARTESIAN_POINT('',(2.055998203787,34.867237618665,1.21787700177
    ));
#1111 = CARTESIAN_POINT('',(2.202946307292,34.883800478332,
    1.085920298363));
#1112 = CARTESIAN_POINT('',(2.33072638449,34.90135961814,0.933993065905)
  );
#1113 = CARTESIAN_POINT('',(2.436425617709,34.917989581246,
    0.765276811897));
#1114 = CARTESIAN_POINT('',(2.517636965856,34.931887094463,
    0.583319534768));
#1115 = CARTESIAN_POINT('',(2.57255869292,34.94165332602,0.392091047657)
  );
#1116 = CARTESIAN_POINT('',(2.6,34.946532663317,0.196004059709));
#1117 = CARTESIAN_POINT('',(2.6,34.946532663317,-5.446578419991E-15));
#1118 = PCURVE('',#66,#1119);
#1119 = DEFINITIONAL_REPRESENTATION('',(#1120),#1137);
#1120 = B_SPLINE_CURVE_WITH_KNOTS('',8,(#1121,#1122,#1123,#1124,#1125,
    #1126,#1127,#1128,#1129,#1130,#1131,#1132,#1133,#1134,#1135,#1136),
  .UNSPECIFIED.,.F.,.F.,(9,7,9),(0.,0.37612390437,1.),.UNSPECIFIED.);
#1121 = CARTESIAN_POINT('',(0.189365007331,0.));
#1122 = CARTESIAN_POINT('',(0.189433539154,2.9797257125E-03));
#1123 = CARTESIAN_POINT('',(0.188298803638,5.962982163059E-03));
#1124 = CARTESIAN_POINT('',(0.185953469784,8.921313205695E-03));
#1125 = CARTESIAN_POINT('',(0.182413479453,1.182777699788E-02));
#1126 = CARTESIAN_POINT('',(0.177713267825,1.465695419827E-02));
#1127 = CARTESIAN_POINT('',(0.171902522422,1.738499420246E-02));
#1128 = CARTESIAN_POINT('',(0.165044480676,1.998969941676E-02));
#1129 = CARTESIAN_POINT('',(0.144230290111,2.653261818561E-02));
#1130 = CARTESIAN_POINT('',(0.128556057364,3.022478159024E-02));
#1131 = CARTESIAN_POINT('',(0.110519263937,3.343533629372E-02));
#1132 = CARTESIAN_POINT('',(9.051404393477E-02,3.609109592231E-02));
#1133 = CARTESIAN_POINT('',(6.896974248299E-02,3.813158205668E-02));
#1134 = CARTESIAN_POINT('',(4.635196538508E-02,3.951152494774E-02));
#1135 = CARTESIAN_POINT('',(2.317108123256E-02,4.020100502513E-02));
#1136 = CARTESIAN_POINT('',(0.,4.020100502513E-02));
#1137 = ( GEOMETRIC_REPRESENTATION_CONTEXT(2) 
PARAMETRIC_REPRESENTATION_CONTEXT() REPRESENTATION_CONTEXT('2D SPACE',''
  ) );
#1138 = PCURVE('',#195,#1139);
#1139 = DEFINITIONAL_REPRESENTATION('',(#1140),#1157);
#1140 = B_SPLINE_CURVE_WITH_KNOTS('',8,(#1141,#1142,#1143,#1144,#1145,
    #1146,#1147,#1148,#1149,#1150,#1151,#1152,#1153,#1154,#1155,#1156),
  .UNSPECIFIED.,.F.,.F.,(9,7,9),(0.,0.37612390437,1.),.UNSPECIFIED.);
#1141 = CARTESIAN_POINT('',(0.,26.330177633292));
#1142 = CARTESIAN_POINT('',(7.412067709845E-02,26.326162890441));
#1143 = CARTESIAN_POINT('',(0.148328861893,26.324295151943));
#1144 = CARTESIAN_POINT('',(0.222538731594,26.324625022441));
#1145 = CARTESIAN_POINT('',(0.296704050952,26.327081470964));
#1146 = CARTESIAN_POINT('',(0.370801176655,26.331483613861));
#1147 = CARTESIAN_POINT('',(0.444815599828,26.337559308777));
#1148 = CARTESIAN_POINT('',(0.518732026614,26.344970559663));
#1149 = CARTESIAN_POINT('',(0.714933250135,26.367237618665));
#1150 = CARTESIAN_POINT('',(0.837177103347,26.383800478332));
#1151 = CARTESIAN_POINT('',(0.959250238221,26.40135961814));
#1152 = CARTESIAN_POINT('',(1.081286964921,26.417989581246));
#1153 = CARTESIAN_POINT('',(1.203418891839,26.431887094463));
#1154 = CARTESIAN_POINT('',(1.325739692657,26.44165332602));
#1155 = CARTESIAN_POINT('',(1.448293789477,26.446532663317));
#1156 = CARTESIAN_POINT('',(1.570796326795,26.446532663317));
#1157 = ( GEOMETRIC_REPRESENTATION_CONTEXT(2) 
PARAMETRIC_REPRESENTATION_CONTEXT() REPRESENTATION_CONTEXT('2D SPACE',''
  ) );
#1158 = ORIENTED_EDGE('',*,*,#1159,.T.);
#1159 = EDGE_CURVE('',#1098,#1160,#1162,.T.);
#1160 = VERTEX_POINT('',#1161);
#1161 = CARTESIAN_POINT('',(1.,34.,3.79604693058));
#1162 = SURFACE_CURVE('',#1163,(#1168,#1175),.PCURVE_S1.);
#1163 = ELLIPSE('',#1164,9.5,8.5);
#1164 = AXIS2_PLACEMENT_3D('',#1165,#1166,#1167);
#1165 = CARTESIAN_POINT('',(1.,25.5,0.));
#1166 = DIRECTION('',(1.,0.,0.));
#1167 = DIRECTION('',(0.,1.,0.));
#1168 = PCURVE('',#66,#1169);
#1169 = DEFINITIONAL_REPRESENTATION('',(#1170),#1174);
#1170 = LINE('',#1171,#1172);
#1171 = CARTESIAN_POINT('',(0.,0.));
#1172 = VECTOR('',#1173,1.);
#1173 = DIRECTION('',(1.,0.));
#1174 = ( GEOMETRIC_REPRESENTATION_CONTEXT(2) 
PARAMETRIC_REPRESENTATION_CONTEXT() REPRESENTATION_CONTEXT('2D SPACE',''
  ) );
#1175 = PCURVE('',#1176,#1181);
#1176 = PLANE('',#1177);
#1177 = AXIS2_PLACEMENT_3D('',#1178,#1179,#1180);
#1178 = CARTESIAN_POINT('',(1.,25.5,0.));
#1179 = DIRECTION('',(1.,0.,0.));
#1180 = DIRECTION('',(0.,1.,0.));
#1181 = DEFINITIONAL_REPRESENTATION('',(#1182),#1186);
#1182 = ELLIPSE('',#1183,9.5,8.5);
#1183 = AXIS2_PLACEMENT_2D('',#1184,#1185);
#1184 = CARTESIAN_POINT('',(0.,0.));
#1185 = DIRECTION('',(1.,0.));
#1186 = ( GEOMETRIC_REPRESENTATION_CONTEXT(2) 
PARAMETRIC_REPRESENTATION_CONTEXT() REPRESENTATION_CONTEXT('2D SPACE',''
  ) );
#1187 = ORIENTED_EDGE('',*,*,#1188,.T.);
#1188 = EDGE_CURVE('',#1160,#1189,#1191,.T.);
#1189 = VERTEX_POINT('',#1190);
#1190 = CARTESIAN_POINT('',(9.957041355707,34.,3.165661092436));
#1191 = SURFACE_CURVE('',#1192,(#1200,#1211),.PCURVE_S1.);
#1192 = B_SPLINE_CURVE_WITH_KNOTS('',6,(#1193,#1194,#1195,#1196,#1197,
    #1198,#1199),.UNSPECIFIED.,.F.,.F.,(7,7),(0.,1.),
  .PIECEWISE_BEZIER_KNOTS.);
#1193 = CARTESIAN_POINT('',(1.,34.,3.796046916389));
#1194 = CARTESIAN_POINT('',(2.583967537312,34.,3.693021644723));
#1195 = CARTESIAN_POINT('',(4.167734991746,34.,3.587000849837));
#1196 = CARTESIAN_POINT('',(5.751274990874,34.,3.477618062968));
#1197 = CARTESIAN_POINT('',(7.334544559323,34.,3.364399742031));
#1198 = CARTESIAN_POINT('',(8.917483939894,34.,3.24674711431));
#1199 = CARTESIAN_POINT('',(10.5,34.,3.123709210728));
#1200 = PCURVE('',#66,#1201);
#1201 = DEFINITIONAL_REPRESENTATION('',(#1202),#1210);
#1202 = B_SPLINE_CURVE_WITH_KNOTS('',6,(#1203,#1204,#1205,#1206,#1207,
    #1208,#1209),.UNSPECIFIED.,.F.,.F.,(7,7),(0.,1.),
  .PIECEWISE_BEZIER_KNOTS.);
#1203 = CARTESIAN_POINT('',(0.462954727543,0.));
#1204 = CARTESIAN_POINT('',(0.451791907761,3.979817932944E-02));
#1205 = CARTESIAN_POINT('',(0.440181600792,7.959133145091E-02));
#1206 = CARTESIAN_POINT('',(0.428073103393,0.119378768615));
#1207 = CARTESIAN_POINT('',(0.415401336222,0.159159411038));
#1208 = CARTESIAN_POINT('',(0.402084375848,0.198931757284));
#1209 = CARTESIAN_POINT('',(0.387993522828,0.238693467337));
#1210 = ( GEOMETRIC_REPRESENTATION_CONTEXT(2) 
PARAMETRIC_REPRESENTATION_CONTEXT() REPRESENTATION_CONTEXT('2D SPACE',''
  ) );
#1211 = PCURVE('',#108,#1212);
#1212 = DEFINITIONAL_REPRESENTATION('',(#1213),#1221);
#1213 = B_SPLINE_CURVE_WITH_KNOTS('',6,(#1214,#1215,#1216,#1217,#1218,
    #1219,#1220),.UNSPECIFIED.,.F.,.F.,(7,7),(0.,1.),
  .PIECEWISE_BEZIER_KNOTS.);
#1214 = CARTESIAN_POINT('',(3.796046916389,0.));
#1215 = CARTESIAN_POINT('',(3.693021644723,1.583967537312));
#1216 = CARTESIAN_POINT('',(3.587000849837,3.167734991746));
#1217 = CARTESIAN_POINT('',(3.477618062968,4.751274990874));
#1218 = CARTESIAN_POINT('',(3.364399742031,6.334544559323));
#1219 = CARTESIAN_POINT('',(3.24674711431,7.917483939894));
#1220 = CARTESIAN_POINT('',(3.123709210728,9.5));
#1221 = ( GEOMETRIC_REPRESENTATION_CONTEXT(2) 
PARAMETRIC_REPRESENTATION_CONTEXT() REPRESENTATION_CONTEXT('2D SPACE',''
  ) );
#1222 = ORIENTED_EDGE('',*,*,#1223,.F.);
#1223 = EDGE_CURVE('',#1224,#1189,#1226,.T.);
#1224 = VERTEX_POINT('',#1225);
#1225 = CARTESIAN_POINT('',(9.957041357683,17.,3.165661086843));
#1226 = SURFACE_CURVE('',#1227,(#1286,#1348),.PCURVE_S1.);
#1227 = B_SPLINE_CURVE_WITH_KNOTS('',8,(#1228,#1229,#1230,#1231,#1232,
    #1233,#1234,#1235,#1236,#1237,#1238,#1239,#1240,#1241,#1242,#1243,
    #1244,#1245,#1246,#1247,#1248,#1249,#1250,#1251,#1252,#1253,#1254,
    #1255,#1256,#1257,#1258,#1259,#1260,#1261,#1262,#1263,#1264,#1265,
    #1266,#1267,#1268,#1269,#1270,#1271,#1272,#1273,#1274,#1275,#1276,
    #1277,#1278,#1279,#1280,#1281,#1282,#1283,#1284,#1285),
  .UNSPECIFIED.,.F.,.F.,(9,7,7,7,7,7,7,7,9),(0.,6.939886655764E-02,
    0.262896919934,0.402120987484,0.500282178478,0.597804732045,
    0.737016369998,0.930536947684,1.),.UNSPECIFIED.);
#1228 = CARTESIAN_POINT('',(9.957041830587,16.9999994,3.165659748791));
#1229 = CARTESIAN_POINT('',(9.885785126267,17.090406812846,
    3.367276262235));
#1230 = CARTESIAN_POINT('',(9.810746386694,17.185881955471,
    3.563084829312));
#1231 = CARTESIAN_POINT('',(9.732325688739,17.285978980714,
    3.753095320388));
#1232 = CARTESIAN_POINT('',(9.650895683469,17.390286997716,
    3.937358756052));
#1233 = CARTESIAN_POINT('',(9.566799132698,17.498433806369,
    4.115961992982));
#1234 = CARTESIAN_POINT('',(9.480346445538,17.610089631749,
    4.289022409816));
#1235 = CARTESIAN_POINT('',(9.391813214949,17.72497085856,4.456682593026
    ));
#1236 = CARTESIAN_POINT('',(9.049452720868,18.171497231893,
    5.071971554227));
#1237 = CARTESIAN_POINT('',(8.78358156911,18.522841784779,5.483342747211
    ));
#1238 = CARTESIAN_POINT('',(8.508657352303,18.892229242692,
    5.857761759375));
#1239 = CARTESIAN_POINT('',(8.22859209757,19.276379841267,6.198015211248
    ));
#1240 = CARTESIAN_POINT('',(7.946904794858,19.672807364844,
    6.506644667804));
#1241 = CARTESIAN_POINT('',(7.666795928014,20.079945533825,
    6.785745127608));
#1242 = CARTESIAN_POINT('',(7.391394584946,20.497090925459,
    7.037195641123));
#1243 = CARTESIAN_POINT('',(6.932168781274,21.232393013491,
    7.424456680815));
#1244 = CARTESIAN_POINT('',(6.744593351953,21.54506772314,7.572694838092
    ));
#1245 = CARTESIAN_POINT('',(6.563008972564,21.862755763119,
    7.707653049273));
#1246 = CARTESIAN_POINT('',(6.38914484448,22.185456342743,7.8295979277)
  );
#1247 = CARTESIAN_POINT('',(6.225080652922,22.513141911374,
    7.938625588394));
#1248 = CARTESIAN_POINT('',(6.073342126735,22.845776515902,
    8.034694834936));
#1249 = CARTESIAN_POINT('',(5.936879664879,23.183310560237,
    8.117635668975));
#1250 = CARTESIAN_POINT('',(5.735456658978,23.766937815557,
    8.236187876464));
#1251 = CARTESIAN_POINT('',(5.661285189446,24.010616921751,
    8.278539277185));
#1252 = CARTESIAN_POINT('',(5.597350366164,24.256444118477,
    8.314093190468));
#1253 = CARTESIAN_POINT('',(5.544769053333,24.504157653604,
    8.342711532933));
#1254 = CARTESIAN_POINT('',(5.504583576328,24.753422174599,
    8.364258776535));
#1255 = CARTESIAN_POINT('',(5.477604184792,25.00381390068,8.378620361213
    ));
#1256 = CARTESIAN_POINT('',(5.464257503975,25.254805021077,
    8.385726267536));
#1257 = CARTESIAN_POINT('',(5.464802266537,25.755070795505,
    8.385436232858));
#1258 = CARTESIAN_POINT('',(5.478517132968,26.004408696416,
    8.378134303217));
#1259 = CARTESIAN_POINT('',(5.505675929784,26.253140918763,
    8.363672689624));
#1260 = CARTESIAN_POINT('',(5.545851899098,26.500751287029,
    8.342121049325));
#1261 = CARTESIAN_POINT('',(5.598246920786,26.746825252854,
    8.313592141218));
#1262 = CARTESIAN_POINT('',(5.661838454757,26.991034831826,
    8.278218931977));
#1263 = CARTESIAN_POINT('',(5.735531727191,27.233124298935,
    8.236136658372));
#1264 = CARTESIAN_POINT('',(5.936283685251,27.815183225779,
    8.117996435857));
#1265 = CARTESIAN_POINT('',(6.072672911032,28.152707765861,
    8.035114127575));
#1266 = CARTESIAN_POINT('',(6.224345754347,28.485334082067,7.93910490305
    ));
#1267 = CARTESIAN_POINT('',(6.388351354624,28.813012194315,
    7.830139163652));
#1268 = CARTESIAN_POINT('',(6.562163269185,29.135706026781,
    7.708258565492));
#1269 = CARTESIAN_POINT('',(6.743701166366,29.453388090124,
    7.573367481156));
#1270 = CARTESIAN_POINT('',(6.931235363055,29.766057817361,
    7.425199826095));
#1271 = CARTESIAN_POINT('',(7.390429424403,30.501439268984,
    7.038070450119));
#1272 = CARTESIAN_POINT('',(7.665848565748,30.918666235055,
    6.786673677729));
#1273 = CARTESIAN_POINT('',(7.945985158184,31.325885462729,
    6.507624428524));
#1274 = CARTESIAN_POINT('',(8.227708216388,31.722394333941,
    6.199044217054));
#1275 = CARTESIAN_POINT('',(8.507816248326,32.106627494966,
    5.858838373416));
#1276 = CARTESIAN_POINT('',(8.782789915816,32.476099844548,
    5.484465312398));
#1277 = CARTESIAN_POINT('',(9.048717335666,32.827532921705,5.07313799832
    ));
#1278 = CARTESIAN_POINT('',(9.391237401477,33.274281943547,
    4.457772865672));
#1279 = CARTESIAN_POINT('',(9.479864494491,33.389287900709,
    4.289987045983));
#1280 = CARTESIAN_POINT('',(9.566408468764,33.501063793843,
    4.116791590065));
#1281 = CARTESIAN_POINT('',(9.65059307347,33.609325364629,3.938043453556
    ));
#1282 = CARTESIAN_POINT('',(9.732107119595,33.713742030582,
    3.753624864991));
#1283 = CARTESIAN_POINT('',(9.810606950655,33.813940632091,
    3.563448658595));
#1284 = CARTESIAN_POINT('',(9.885718913416,33.909509179469,
    3.367463607071));
#1285 = CARTESIAN_POINT('',(9.95704182861,34.0000006,3.165659754383));
#1286 = PCURVE('',#66,#1287);
#1287 = DEFINITIONAL_REPRESENTATION('',(#1288),#1347);
#1288 = B_SPLINE_CURVE_WITH_KNOTS('',8,(#1289,#1290,#1291,#1292,#1293,
    #1294,#1295,#1296,#1297,#1298,#1299,#1300,#1301,#1302,#1303,#1304,
    #1305,#1306,#1307,#1308,#1309,#1310,#1311,#1312,#1313,#1314,#1315,
    #1316,#1317,#1318,#1319,#1320,#1321,#1322,#1323,#1324,#1325,#1326,
    #1327,#1328,#1329,#1330,#1331,#1332,#1333,#1334,#1335,#1336,#1337,
    #1338,#1339,#1340,#1341,#1342,#1343,#1344,#1345,#1346),
  .UNSPECIFIED.,.F.,.F.,(9,7,7,7,7,7,7,7,9),(0.,6.939886655764E-02,
    0.262896919934,0.402120987484,0.500282178478,0.597804732045,
    0.737016369998,0.930536947684,1.),.UNSPECIFIED.);
#1289 = CARTESIAN_POINT('',(2.748802421512,0.225051302276));
#1290 = CARTESIAN_POINT('',(2.722506413351,0.223260932821));
#1291 = CARTESIAN_POINT('',(2.696661255727,0.221375537354));
#1292 = CARTESIAN_POINT('',(2.671257617098,0.219405168059));
#1293 = CARTESIAN_POINT('',(2.646283882117,0.217359188027));
#1294 = CARTESIAN_POINT('',(2.621726084542,0.215246209364));
#1295 = CARTESIAN_POINT('',(2.597567840152,0.213074031295));
#1296 = CARTESIAN_POINT('',(2.573790279655,0.210849578265));
#1297 = CARTESIAN_POINT('',(2.485077037888,0.202247555801));
#1298 = CARTESIAN_POINT('',(2.422686999758,0.195567376108));
#1299 = CARTESIAN_POINT('',(2.362608577408,0.18865973247));
#1300 = CARTESIAN_POINT('',(2.304490214361,0.181622917024));
#1301 = CARTESIAN_POINT('',(2.248013547613,0.174545346604));
#1302 = CARTESIAN_POINT('',(2.19289222905,0.167507435377));
#1303 = CARTESIAN_POINT('',(2.138818456477,0.160587803642));
#1304 = CARTESIAN_POINT('',(2.047009994561,0.149049466866));
#1305 = CARTESIAN_POINT('',(2.009000032212,0.144336516381));
#1306 = CARTESIAN_POINT('',(1.971274363724,0.139774094788));
#1307 = CARTESIAN_POINT('',(1.933734548371,0.135405649359));
#1308 = CARTESIAN_POINT('',(1.896295779992,0.131283433491));
#1309 = CARTESIAN_POINT('',(1.858879336732,0.127470907707));
#1310 = CARTESIAN_POINT('',(1.821409711695,0.124042202635));
#1311 = CARTESIAN_POINT('',(1.757314821775,0.11898132309));
#1312 = CARTESIAN_POINT('',(1.730752977241,0.117117718328));
#1313 = CARTESIAN_POINT('',(1.704125203906,0.115511315733));
#1314 = CARTESIAN_POINT('',(1.677429534041,0.114190177219));
#1315 = CARTESIAN_POINT('',(1.650670225037,0.113180491868));
#1316 = CARTESIAN_POINT('',(1.62385918612,0.112502617708));
#1317 = CARTESIAN_POINT('',(1.597018127189,0.112167273969));
#1318 = CARTESIAN_POINT('',(1.543518380466,0.112180961471));
#1319 = CARTESIAN_POINT('',(1.516852936183,0.112525556105));
#1320 = CARTESIAN_POINT('',(1.490217670771,0.113207937934));
#1321 = CARTESIAN_POINT('',(1.463633751698,0.114217384399));
#1322 = CARTESIAN_POINT('',(1.4371127777,0.115533842231));
#1323 = CARTESIAN_POINT('',(1.410658848143,0.117131619466));
#1324 = CARTESIAN_POINT('',(1.38426993377,0.118983209226));
#1325 = CARTESIAN_POINT('',(1.320349885228,0.124027228273));
#1326 = CARTESIAN_POINT('',(1.282883179663,0.127454093242));
#1327 = CARTESIAN_POINT('',(1.245469877732,0.131264968702));
#1328 = CARTESIAN_POINT('',(1.208034536223,0.135385712428));
#1329 = CARTESIAN_POINT('',(1.170498480803,0.139752845959));
#1330 = CARTESIAN_POINT('',(1.132776945572,0.144314099657));
#1331 = CARTESIAN_POINT('',(1.094771527203,0.149026014147));
#1332 = CARTESIAN_POINT('',(1.002964023874,0.160563553377));
#1333 = CARTESIAN_POINT('',(0.948886763928,0.167483632305));
#1334 = CARTESIAN_POINT('',(0.893762444761,0.174522240155));
#1335 = CARTESIAN_POINT('',(0.83728322648,0.181600708954));
#1336 = CARTESIAN_POINT('',(0.779162722461,0.188638599204));
#1337 = CARTESIAN_POINT('',(0.719082518222,0.195547485322));
#1338 = CARTESIAN_POINT('',(0.656690986531,0.202229078786));
#1339 = CARTESIAN_POINT('',(0.567957005058,0.21083511059));
#1340 = CARTESIAN_POINT('',(0.544159477329,0.213061921972));
#1341 = CARTESIAN_POINT('',(0.519980642108,0.215236393688));
#1342 = CARTESIAN_POINT('',(0.495401572996,0.217351584761));
#1343 = CARTESIAN_POINT('',(0.47040583581,0.219399676372));
#1344 = CARTESIAN_POINT('',(0.444979420702,0.221372033936));
#1345 = CARTESIAN_POINT('',(0.419110674268,0.223259269181));
#1346 = CARTESIAN_POINT('',(0.392790231665,0.225051302226));
#1347 = ( GEOMETRIC_REPRESENTATION_CONTEXT(2) 
PARAMETRIC_REPRESENTATION_CONTEXT() REPRESENTATION_CONTEXT('2D SPACE',''
  ) );
#1348 = PCURVE('',#1349,#1354);
#1349 = CYLINDRICAL_SURFACE('',#1350,9.5);
#1350 = AXIS2_PLACEMENT_3D('',#1351,#1352,#1353);
#1351 = CARTESIAN_POINT('',(1.,17.,0.));
#1352 = DIRECTION('',(0.,1.,0.));
#1353 = DIRECTION('',(0.,-0.,1.));
#1354 = DEFINITIONAL_REPRESENTATION('',(#1355),#1414);
#1355 = B_SPLINE_CURVE_WITH_KNOTS('',8,(#1356,#1357,#1358,#1359,#1360,
    #1361,#1362,#1363,#1364,#1365,#1366,#1367,#1368,#1369,#1370,#1371,
    #1372,#1373,#1374,#1375,#1376,#1377,#1378,#1379,#1380,#1381,#1382,
    #1383,#1384,#1385,#1386,#1387,#1388,#1389,#1390,#1391,#1392,#1393,
    #1394,#1395,#1396,#1397,#1398,#1399,#1400,#1401,#1402,#1403,#1404,
    #1405,#1406,#1407,#1408,#1409,#1410,#1411,#1412,#1413),
  .UNSPECIFIED.,.F.,.F.,(9,7,7,7,7,7,7,7,9),(0.,6.939886655764E-02,
    0.262896919934,0.402120987484,0.500282178478,0.597804732045,
    0.737016369998,0.930536947684,1.),.UNSPECIFIED.);
#1356 = CARTESIAN_POINT('',(7.514257143096,-6.E-07));
#1357 = CARTESIAN_POINT('',(7.491747868576,9.040681284561E-02));
#1358 = CARTESIAN_POINT('',(7.469682361343,0.185881955471));
#1359 = CARTESIAN_POINT('',(7.448056272874,0.285978980714));
#1360 = CARTESIAN_POINT('',(7.426863134022,0.390286997716));
#1361 = CARTESIAN_POINT('',(7.406094436903,0.498433806369));
#1362 = CARTESIAN_POINT('',(7.385739716785,0.610089631749));
#1363 = CARTESIAN_POINT('',(7.365786633986,0.72497085856));
#1364 = CARTESIAN_POINT('',(7.291668272876,1.171497231893));
#1365 = CARTESIAN_POINT('',(7.240221602174,1.522841784779));
#1366 = CARTESIAN_POINT('',(7.191463400673,1.892229242692));
#1367 = CARTESIAN_POINT('',(7.145207271762,2.276379841267));
#1368 = CARTESIAN_POINT('',(7.101325955293,2.672807364844));
#1369 = CARTESIAN_POINT('',(7.059770457029,3.079945533825));
#1370 = CARTESIAN_POINT('',(7.020545557069,3.497090925459));
#1371 = CARTESIAN_POINT('',(6.957312316781,4.232393013491));
#1372 = CARTESIAN_POINT('',(6.932158760199,4.54506772314));
#1373 = CARTESIAN_POINT('',(6.908360224737,4.862755763119));
#1374 = CARTESIAN_POINT('',(6.886021313466,5.185456342743));
#1375 = CARTESIAN_POINT('',(6.86529657501,5.513141911374));
#1376 = CARTESIAN_POINT('',(6.846397347363,5.845776515902));
#1377 = CARTESIAN_POINT('',(6.82958946279,6.183310560237));
#1378 = CARTESIAN_POINT('',(6.804987174041,6.766937815557));
#1379 = CARTESIAN_POINT('',(6.795997313501,7.010616921751));
#1380 = CARTESIAN_POINT('',(6.788297430428,7.256444118477));
#1381 = CARTESIAN_POINT('',(6.781996148282,7.504157653604));
#1382 = CARTESIAN_POINT('',(6.777196402854,7.753422174599));
#1383 = CARTESIAN_POINT('',(6.773979165084,8.00381390068));
#1384 = CARTESIAN_POINT('',(6.772387539983,8.254805021077));
#1385 = CARTESIAN_POINT('',(6.772452504185,8.755070795505));
#1386 = CARTESIAN_POINT('',(6.774088036231,9.004408696416));
#1387 = CARTESIAN_POINT('',(6.777326891802,9.253140918763));
#1388 = CARTESIAN_POINT('',(6.782125970966,9.500751287029));
#1389 = CARTESIAN_POINT('',(6.788405530181,9.746825252854));
#1390 = CARTESIAN_POINT('',(6.796064600763,9.991034831826));
#1391 = CARTESIAN_POINT('',(6.804996718651,10.233124298935));
#1392 = CARTESIAN_POINT('',(6.829516135083,10.815183225779));
#1393 = CARTESIAN_POINT('',(6.84631423611,11.152707765861));
#1394 = CARTESIAN_POINT('',(6.865204252131,11.485334082067));
#1395 = CARTESIAN_POINT('',(6.885920260884,11.813012194315));
#1396 = CARTESIAN_POINT('',(6.908250803982,12.135706026781));
#1397 = CARTESIAN_POINT('',(6.932041213581,12.453388090124));
#1398 = CARTESIAN_POINT('',(6.957186774919,12.766057817361));
#1399 = CARTESIAN_POINT('',(7.020408526823,13.501439268984));
#1400 = CARTESIAN_POINT('',(7.059631006201,13.918666235055));
#1401 = CARTESIAN_POINT('',(7.101184778273,14.325885462729));
#1402 = CARTESIAN_POINT('',(7.145064812801,14.722394333941));
#1403 = CARTESIAN_POINT('',(7.191319941843,15.106627494966));
#1404 = CARTESIAN_POINT('',(7.240077332177,15.476099844548));
#1405 = CARTESIAN_POINT('',(7.291523341723,15.827532921705));
#1406 = CARTESIAN_POINT('',(7.365656877146,16.274281943547));
#1407 = CARTESIAN_POINT('',(7.385626256838,16.389287900709));
#1408 = CARTESIAN_POINT('',(7.405997966146,16.501063793843));
#1409 = CARTESIAN_POINT('',(7.426784382116,16.609325364629));
#1410 = CARTESIAN_POINT('',(7.447996002006,16.713742030582));
#1411 = CARTESIAN_POINT('',(7.469641361454,16.813940632091));
#1412 = CARTESIAN_POINT('',(7.491726952644,16.909509179469));
#1413 = CARTESIAN_POINT('',(7.514257142471,17.0000006));
#1414 = ( GEOMETRIC_REPRESENTATION_CONTEXT(2) 
PARAMETRIC_REPRESENTATION_CONTEXT() REPRESENTATION_CONTEXT('2D SPACE',''
  ) );
#1415 = ORIENTED_EDGE('',*,*,#1416,.F.);
#1416 = EDGE_CURVE('',#1417,#1224,#1419,.T.);
#1417 = VERTEX_POINT('',#1418);
#1418 = CARTESIAN_POINT('',(1.,17.,3.79604693058));
#1419 = SURFACE_CURVE('',#1420,(#1428,#1439),.PCURVE_S1.);
#1420 = B_SPLINE_CURVE_WITH_KNOTS('',6,(#1421,#1422,#1423,#1424,#1425,
    #1426,#1427),.UNSPECIFIED.,.F.,.F.,(7,7),(0.,1.),
  .PIECEWISE_BEZIER_KNOTS.);
#1421 = CARTESIAN_POINT('',(1.,17.,3.796046922777));
#1422 = CARTESIAN_POINT('',(2.583967537363,17.,3.693021649557));
#1423 = CARTESIAN_POINT('',(4.167734991832,17.,3.587000852917));
#1424 = CARTESIAN_POINT('',(5.751274990976,17.,3.477618064074));
#1425 = CARTESIAN_POINT('',(7.334544559419,17.,3.364399740917));
#1426 = CARTESIAN_POINT('',(8.917483939958,17.,3.246747110705));
#1427 = CARTESIAN_POINT('',(10.5,17.,3.123709204347));
#1428 = PCURVE('',#66,#1429);
#1429 = DEFINITIONAL_REPRESENTATION('',(#1430),#1438);
#1430 = B_SPLINE_CURVE_WITH_KNOTS('',6,(#1431,#1432,#1433,#1434,#1435,
    #1436,#1437),.UNSPECIFIED.,.F.,.F.,(7,7),(0.,1.),
  .PIECEWISE_BEZIER_KNOTS.);
#1431 = CARTESIAN_POINT('',(2.678637925435,0.));
#1432 = CARTESIAN_POINT('',(2.689800745228,3.979817933072E-02));
#1433 = CARTESIAN_POINT('',(2.701411052214,7.959133145306E-02));
#1434 = CARTESIAN_POINT('',(2.713519549638,0.119378768617));
#1435 = CARTESIAN_POINT('',(2.726191316845,0.159159411041));
#1436 = CARTESIAN_POINT('',(2.739508277268,0.198931757285));
#1437 = CARTESIAN_POINT('',(2.753599130355,0.238693467337));
#1438 = ( GEOMETRIC_REPRESENTATION_CONTEXT(2) 
PARAMETRIC_REPRESENTATION_CONTEXT() REPRESENTATION_CONTEXT('2D SPACE',''
  ) );
#1439 = PCURVE('',#1440,#1445);
#1440 = PLANE('',#1441);
#1441 = AXIS2_PLACEMENT_3D('',#1442,#1443,#1444);
#1442 = CARTESIAN_POINT('',(1.,17.,0.));
#1443 = DIRECTION('',(0.,1.,0.));
#1444 = DIRECTION('',(0.,-0.,1.));
#1445 = DEFINITIONAL_REPRESENTATION('',(#1446),#1454);
#1446 = B_SPLINE_CURVE_WITH_KNOTS('',6,(#1447,#1448,#1449,#1450,#1451,
    #1452,#1453),.UNSPECIFIED.,.F.,.F.,(7,7),(0.,1.),
  .PIECEWISE_BEZIER_KNOTS.);
#1447 = CARTESIAN_POINT('',(3.796046922777,0.));
#1448 = CARTESIAN_POINT('',(3.693021649557,1.583967537363));
#1449 = CARTESIAN_POINT('',(3.587000852917,3.167734991832));
#1450 = CARTESIAN_POINT('',(3.477618064074,4.751274990976));
#1451 = CARTESIAN_POINT('',(3.364399740917,6.334544559419));
#1452 = CARTESIAN_POINT('',(3.246747110705,7.917483939958));
#1453 = CARTESIAN_POINT('',(3.123709204347,9.5));
#1454 = ( GEOMETRIC_REPRESENTATION_CONTEXT(2) 
PARAMETRIC_REPRESENTATION_CONTEXT() REPRESENTATION_CONTEXT('2D SPACE',''
  ) );
#1455 = ORIENTED_EDGE('',*,*,#1456,.T.);
#1456 = EDGE_CURVE('',#1417,#1457,#1459,.T.);
#1457 = VERTEX_POINT('',#1458);
#1458 = CARTESIAN_POINT('',(1.,16.169822373991,1.6));
#1459 = SURFACE_CURVE('',#1460,(#1465,#1472),.PCURVE_S1.);
#1460 = ELLIPSE('',#1461,9.5,8.5);
#1461 = AXIS2_PLACEMENT_3D('',#1462,#1463,#1464);
#1462 = CARTESIAN_POINT('',(1.,25.5,0.));
#1463 = DIRECTION('',(1.,0.,0.));
#1464 = DIRECTION('',(0.,1.,0.));
#1465 = PCURVE('',#66,#1466);
#1466 = DEFINITIONAL_REPRESENTATION('',(#1467),#1471);
#1467 = LINE('',#1468,#1469);
#1468 = CARTESIAN_POINT('',(0.,0.));
#1469 = VECTOR('',#1470,1.);
#1470 = DIRECTION('',(1.,0.));
#1471 = ( GEOMETRIC_REPRESENTATION_CONTEXT(2) 
PARAMETRIC_REPRESENTATION_CONTEXT() REPRESENTATION_CONTEXT('2D SPACE',''
  ) );
#1472 = PCURVE('',#1473,#1478);
#1473 = PLANE('',#1474);
#1474 = AXIS2_PLACEMENT_3D('',#1475,#1476,#1477);
#1475 = CARTESIAN_POINT('',(1.,25.5,0.));
#1476 = DIRECTION('',(1.,0.,0.));
#1477 = DIRECTION('',(0.,1.,0.));
#1478 = DEFINITIONAL_REPRESENTATION('',(#1479),#1483);
#1479 = ELLIPSE('',#1480,9.5,8.5);
#1480 = AXIS2_PLACEMENT_2D('',#1481,#1482);
#1481 = CARTESIAN_POINT('',(0.,0.));
#1482 = DIRECTION('',(1.,0.));
#1483 = ( GEOMETRIC_REPRESENTATION_CONTEXT(2) 
PARAMETRIC_REPRESENTATION_CONTEXT() REPRESENTATION_CONTEXT('2D SPACE',''
  ) );
#1484 = ORIENTED_EDGE('',*,*,#1485,.T.);
#1485 = EDGE_CURVE('',#1457,#1486,#1488,.T.);
#1486 = VERTEX_POINT('',#1487);
#1487 = CARTESIAN_POINT('',(1.,16.169822373991,-1.6));
#1488 = SURFACE_CURVE('',#1489,(#1520,#1554),.PCURVE_S1.);
#1489 = B_SPLINE_CURVE_WITH_KNOTS('',8,(#1490,#1491,#1492,#1493,#1494,
    #1495,#1496,#1497,#1498,#1499,#1500,#1501,#1502,#1503,#1504,#1505,
    #1506,#1507,#1508,#1509,#1510,#1511,#1512,#1513,#1514,#1515,#1516,
    #1517,#1518,#1519),.UNSPECIFIED.,.F.,.F.,(9,7,7,7,9),(0.,
    0.188062250385,0.498877208329,0.810241832391,1.),.UNSPECIFIED.);
#1490 = CARTESIAN_POINT('',(1.,16.169822376689,1.6));
#1491 = CARTESIAN_POINT('',(1.118593083333,16.173837119537,1.6));
#1492 = CARTESIAN_POINT('',(1.237326690043,16.175704857994,
    1.589953820915));
#1493 = CARTESIAN_POINT('',(1.355068265518,16.175374987417,1.56982100973
    ));
#1494 = CARTESIAN_POINT('',(1.470745524423,16.172918538773,
    1.539741301431));
#1495 = CARTESIAN_POINT('',(1.583346776969,16.168516395703,
    1.499994608392));
#1496 = CARTESIAN_POINT('',(1.691922769102,16.162440700551,
    1.450976591617));
#1497 = CARTESIAN_POINT('',(1.795590036591,16.155029449353,
    1.393189813856));
#1498 = CARTESIAN_POINT('',(2.05541302324,16.132812427079,1.218270958917
    ));
#1499 = CARTESIAN_POINT('',(2.201884930183,16.11631903049,1.086872344263
    ));
#1500 = CARTESIAN_POINT('',(2.329340356724,16.098830700607,
    0.935638842293));
#1501 = CARTESIAN_POINT('',(2.434896018383,16.082250898701,0.76771433648
    ));
#1502 = CARTESIAN_POINT('',(2.516167135002,16.068364263853,
    0.586604888302));
#1503 = CARTESIAN_POINT('',(2.571363998451,16.058559003133,
    0.396232809273));
#1504 = CARTESIAN_POINT('',(2.599298845006,16.053592011209,
    0.200957787407));
#1505 = CARTESIAN_POINT('',(2.600682339072,16.053346010358,
    -0.189978678397));
#1506 = CARTESIAN_POINT('',(2.574035136033,16.058084046513,
    -0.385806255299));
#1507 = CARTESIAN_POINT('',(2.519988431482,16.067704175325,
    -0.576903138474));
#1508 = CARTESIAN_POINT('',(2.439708018057,16.08146910141,
    -0.758870216275));
#1509 = CARTESIAN_POINT('',(2.334972186559,16.097998775738,
    -0.927748404389));
#1510 = CARTESIAN_POINT('',(2.20816275472,16.115507180087,
    -1.079997709081));
#1511 = CARTESIAN_POINT('',(2.062164097021,16.132080678367,
    -1.212442716325));
#1512 = CARTESIAN_POINT('',(1.802131035104,16.154558966803,
    -1.389524247141));
#1513 = CARTESIAN_POINT('',(1.697796976419,16.162109698125,
    -1.448311075875));
#1514 = CARTESIAN_POINT('',(1.588425579553,16.168316138389,
    -1.498192943708));
#1515 = CARTESIAN_POINT('',(1.474921328358,16.172828760878,
    -1.538650193678));
#1516 = CARTESIAN_POINT('',(1.358257083129,16.175365501803,
    -1.569273216567));
#1517 = CARTESIAN_POINT('',(1.239470719399,16.17573843004,
    -1.589771635001));
#1518 = CARTESIAN_POINT('',(1.119663474229,16.173873355582,-1.6));
#1519 = CARTESIAN_POINT('',(1.,16.169822376689,-1.6));
#1520 = PCURVE('',#66,#1521);
#1521 = DEFINITIONAL_REPRESENTATION('',(#1522),#1553);
#1522 = B_SPLINE_CURVE_WITH_KNOTS('',8,(#1523,#1524,#1525,#1526,#1527,
    #1528,#1529,#1530,#1531,#1532,#1533,#1534,#1535,#1536,#1537,#1538,
    #1539,#1540,#1541,#1542,#1543,#1544,#1545,#1546,#1547,#1548,#1549,
    #1550,#1551,#1552),.UNSPECIFIED.,.F.,.F.,(9,7,7,7,9),(0.,
    0.188062250385,0.498877208329,0.810241832391,1.),.UNSPECIFIED.);
#1523 = CARTESIAN_POINT('',(2.952227642437,0.));
#1524 = CARTESIAN_POINT('',(2.952159110613,2.979725711877E-03));
#1525 = CARTESIAN_POINT('',(2.953293846135,5.962982161882E-03));
#1526 = CARTESIAN_POINT('',(2.955639179998,8.921313203966E-03));
#1527 = CARTESIAN_POINT('',(2.959179170346,1.182777699554E-02));
#1528 = CARTESIAN_POINT('',(2.963879382002,1.465695419521E-02));
#1529 = CARTESIAN_POINT('',(2.96969012745,1.738499419853E-02));
#1530 = CARTESIAN_POINT('',(2.976548169263,1.998969941182E-02));
#1531 = CARTESIAN_POINT('',(2.997315587154,2.65179151568E-02));
#1532 = CARTESIAN_POINT('',(3.012923506301,3.019811382368E-02));
#1533 = CARTESIAN_POINT('',(3.030877999592,3.340051147549E-02));
#1534 = CARTESIAN_POINT('',(3.050789580681,3.605266377843E-02));
#1535 = CARTESIAN_POINT('',(3.072233910441,3.809465163324E-02));
#1536 = CARTESIAN_POINT('',(3.094750811141,3.948150749876E-02));
#1537 = CARTESIAN_POINT('',(3.117835952522,4.018338806547E-02));
#1538 = CARTESIAN_POINT('',(3.164051433383,4.021814922291E-02));
#1539 = CARTESIAN_POINT('',(3.187201411519,3.954862150837E-02));
#1540 = CARTESIAN_POINT('',(3.2098030851,3.819066410758E-02));
#1541 = CARTESIAN_POINT('',(3.23134773815,3.617356829289E-02));
#1542 = CARTESIAN_POINT('',(3.251371244463,3.354201473766E-02));
#1543 = CARTESIAN_POINT('',(3.269445537823,3.035584810855E-02));
#1544 = CARTESIAN_POINT('',(3.285177473114,2.668754012616E-02));
#1545 = CARTESIAN_POINT('',(3.306202102391,2.015404610813E-02));
#1546 = CARTESIAN_POINT('',(3.313179188404,1.753258734722E-02));
#1547 = CARTESIAN_POINT('',(3.3190928571,1.478456230034E-02));
#1548 = CARTESIAN_POINT('',(3.323877714805,1.193269669241E-02));
#1549 = CARTESIAN_POINT('',(3.327482303866,9.001434249467E-03));
#1550 = CARTESIAN_POINT('',(3.329870878138,6.016852246207E-03));
#1551 = CARTESIAN_POINT('',(3.331026815117,3.006619955512E-03));
#1552 = CARTESIAN_POINT('',(3.330957664743,0.));
#1553 = ( GEOMETRIC_REPRESENTATION_CONTEXT(2) 
PARAMETRIC_REPRESENTATION_CONTEXT() REPRESENTATION_CONTEXT('2D SPACE',''
  ) );
#1554 = PCURVE('',#195,#1555);
#1555 = DEFINITIONAL_REPRESENTATION('',(#1556),#1587);
#1556 = B_SPLINE_CURVE_WITH_KNOTS('',8,(#1557,#1558,#1559,#1560,#1561,
    #1562,#1563,#1564,#1565,#1566,#1567,#1568,#1569,#1570,#1571,#1572,
    #1573,#1574,#1575,#1576,#1577,#1578,#1579,#1580,#1581,#1582,#1583,
    #1584,#1585,#1586),.UNSPECIFIED.,.F.,.F.,(9,7,7,7,9),(0.,
    0.188062250385,0.498877208329,0.810241832391,1.),.UNSPECIFIED.);
#1557 = CARTESIAN_POINT('',(0.,7.669822376689));
#1558 = CARTESIAN_POINT('',(7.412067708293E-02,7.673837119537));
#1559 = CARTESIAN_POINT('',(0.148328861863,7.675704857994));
#1560 = CARTESIAN_POINT('',(0.222538731551,7.675374987417));
#1561 = CARTESIAN_POINT('',(0.296704050892,7.672918538773));
#1562 = CARTESIAN_POINT('',(0.370801176575,7.668516395703));
#1563 = CARTESIAN_POINT('',(0.444815599722,7.662440700551));
#1564 = CARTESIAN_POINT('',(0.518732026475,7.655029449353));
#1565 = CARTESIAN_POINT('',(0.714492353275,7.632812427079));
#1566 = CARTESIAN_POINT('',(0.836294534133,7.61631903049));
#1567 = CARTESIAN_POINT('',(0.957927069267,7.598830700607));
#1568 = CARTESIAN_POINT('',(1.079522981297,7.582250898701));
#1569 = CARTESIAN_POINT('',(1.201212672835,7.568364263853));
#1570 = CARTESIAN_POINT('',(1.323089288941,7.558559003133));
#1571 = CARTESIAN_POINT('',(1.445196937944,7.553592011209));
#1572 = CARTESIAN_POINT('',(1.689533759092,7.553346010358));
#1573 = CARTESIAN_POINT('',(1.811866033079,7.558084046513));
#1574 = CARTESIAN_POINT('',(1.933968738339,7.567704175325));
#1575 = CARTESIAN_POINT('',(2.055883002019,7.58146910141));
#1576 = CARTESIAN_POINT('',(2.177700031591,7.597998775738));
#1577 = CARTESIAN_POINT('',(2.299549438477,7.615507180087));
#1578 = CARTESIAN_POINT('',(2.421564122372,7.632080678367));
#1579 = CARTESIAN_POINT('',(2.618191011515,7.654558966803));
#1580 = CARTESIAN_POINT('',(2.692769467799,7.662109698125));
#1581 = CARTESIAN_POINT('',(2.767447749378,7.668316138389));
#1582 = CARTESIAN_POINT('',(2.842210659502,7.672828760878));
#1583 = CARTESIAN_POINT('',(2.917043919122,7.675365501803));
#1584 = CARTESIAN_POINT('',(2.991923799158,7.67573843004));
#1585 = CARTESIAN_POINT('',(3.066802982196,7.673873355582));
#1586 = CARTESIAN_POINT('',(3.14159265359,7.669822376689));
#1587 = ( GEOMETRIC_REPRESENTATION_CONTEXT(2) 
PARAMETRIC_REPRESENTATION_CONTEXT() REPRESENTATION_CONTEXT('2D SPACE',''
  ) );
#1588 = ORIENTED_EDGE('',*,*,#1589,.T.);
#1589 = EDGE_CURVE('',#1486,#1590,#1592,.T.);
#1590 = VERTEX_POINT('',#1591);
#1591 = CARTESIAN_POINT('',(1.,17.,-3.79604693058));
#1592 = SURFACE_CURVE('',#1593,(#1598,#1605),.PCURVE_S1.);
#1593 = ELLIPSE('',#1594,9.5,8.5);
#1594 = AXIS2_PLACEMENT_3D('',#1595,#1596,#1597);
#1595 = CARTESIAN_POINT('',(1.,25.5,0.));
#1596 = DIRECTION('',(1.,0.,0.));
#1597 = DIRECTION('',(0.,1.,0.));
#1598 = PCURVE('',#66,#1599);
#1599 = DEFINITIONAL_REPRESENTATION('',(#1600),#1604);
#1600 = LINE('',#1601,#1602);
#1601 = CARTESIAN_POINT('',(0.,0.));
#1602 = VECTOR('',#1603,1.);
#1603 = DIRECTION('',(1.,0.));
#1604 = ( GEOMETRIC_REPRESENTATION_CONTEXT(2) 
PARAMETRIC_REPRESENTATION_CONTEXT() REPRESENTATION_CONTEXT('2D SPACE',''
  ) );
#1605 = PCURVE('',#1606,#1611);
#1606 = PLANE('',#1607);
#1607 = AXIS2_PLACEMENT_3D('',#1608,#1609,#1610);
#1608 = CARTESIAN_POINT('',(1.,25.5,0.));
#1609 = DIRECTION('',(1.,0.,0.));
#1610 = DIRECTION('',(0.,1.,0.));
#1611 = DEFINITIONAL_REPRESENTATION('',(#1612),#1616);
#1612 = ELLIPSE('',#1613,9.5,8.5);
#1613 = AXIS2_PLACEMENT_2D('',#1614,#1615);
#1614 = CARTESIAN_POINT('',(0.,0.));
#1615 = DIRECTION('',(1.,0.));
#1616 = ( GEOMETRIC_REPRESENTATION_CONTEXT(2) 
PARAMETRIC_REPRESENTATION_CONTEXT() REPRESENTATION_CONTEXT('2D SPACE',''
  ) );
#1617 = ORIENTED_EDGE('',*,*,#1618,.F.);
#1618 = EDGE_CURVE('',#1619,#1590,#1621,.T.);
#1619 = VERTEX_POINT('',#1620);
#1620 = CARTESIAN_POINT('',(9.957041357683,17.,-3.165661086843));
#1621 = SURFACE_CURVE('',#1622,(#1630,#1641),.PCURVE_S1.);
#1622 = B_SPLINE_CURVE_WITH_KNOTS('',6,(#1623,#1624,#1625,#1626,#1627,
    #1628,#1629),.UNSPECIFIED.,.F.,.F.,(7,7),(0.,1.),
  .PIECEWISE_BEZIER_KNOTS.);
#1623 = CARTESIAN_POINT('',(10.5,17.,-3.123709204347));
#1624 = CARTESIAN_POINT('',(8.91748394049,17.,-3.246747117993));
#1625 = CARTESIAN_POINT('',(7.33454455925,17.,-3.364399725545));
#1626 = CARTESIAN_POINT('',(5.751274991189,17.,-3.477618077902));
#1627 = CARTESIAN_POINT('',(4.167734991887,17.,-3.587000847788));
#1628 = CARTESIAN_POINT('',(2.5839675374,17.,-3.693021649555));
#1629 = CARTESIAN_POINT('',(1.,17.,-3.796046922777));
#1630 = PCURVE('',#66,#1631);
#1631 = DEFINITIONAL_REPRESENTATION('',(#1632),#1640);
#1632 = B_SPLINE_CURVE_WITH_KNOTS('',6,(#1633,#1634,#1635,#1636,#1637,
    #1638,#1639),.UNSPECIFIED.,.F.,.F.,(7,7),(0.,1.),
  .PIECEWISE_BEZIER_KNOTS.);
#1633 = CARTESIAN_POINT('',(3.529586153483,0.238693467337));
#1634 = CARTESIAN_POINT('',(3.543677007504,0.198931757299));
#1635 = CARTESIAN_POINT('',(3.556994080945,0.159159411036));
#1636 = CARTESIAN_POINT('',(3.569665662929,0.119378768623));
#1637 = CARTESIAN_POINT('',(3.581774292425,7.959133145444E-02));
#1638 = CARTESIAN_POINT('',(3.593384561951,3.979817933166E-02));
#1639 = CARTESIAN_POINT('',(3.604547381744,0.));
#1640 = ( GEOMETRIC_REPRESENTATION_CONTEXT(2) 
PARAMETRIC_REPRESENTATION_CONTEXT() REPRESENTATION_CONTEXT('2D SPACE',''
  ) );
#1641 = PCURVE('',#1440,#1642);
#1642 = DEFINITIONAL_REPRESENTATION('',(#1643),#1651);
#1643 = B_SPLINE_CURVE_WITH_KNOTS('',6,(#1644,#1645,#1646,#1647,#1648,
    #1649,#1650),.UNSPECIFIED.,.F.,.F.,(7,7),(0.,1.),
  .PIECEWISE_BEZIER_KNOTS.);
#1644 = CARTESIAN_POINT('',(-3.123709204347,9.5));
#1645 = CARTESIAN_POINT('',(-3.246747117993,7.91748394049));
#1646 = CARTESIAN_POINT('',(-3.364399725545,6.33454455925));
#1647 = CARTESIAN_POINT('',(-3.477618077902,4.751274991189));
#1648 = CARTESIAN_POINT('',(-3.587000847788,3.167734991887));
#1649 = CARTESIAN_POINT('',(-3.693021649555,1.5839675374));
#1650 = CARTESIAN_POINT('',(-3.796046922777,0.));
#1651 = ( GEOMETRIC_REPRESENTATION_CONTEXT(2) 
PARAMETRIC_REPRESENTATION_CONTEXT() REPRESENTATION_CONTEXT('2D SPACE',''
  ) );
#1652 = ORIENTED_EDGE('',*,*,#1653,.F.);
#1653 = EDGE_CURVE('',#54,#1619,#1654,.T.);
#1654 = SURFACE_CURVE('',#1655,(#1714,#1776),.PCURVE_S1.);
#1655 = B_SPLINE_CURVE_WITH_KNOTS('',8,(#1656,#1657,#1658,#1659,#1660,
    #1661,#1662,#1663,#1664,#1665,#1666,#1667,#1668,#1669,#1670,#1671,
    #1672,#1673,#1674,#1675,#1676,#1677,#1678,#1679,#1680,#1681,#1682,
    #1683,#1684,#1685,#1686,#1687,#1688,#1689,#1690,#1691,#1692,#1693,
    #1694,#1695,#1696,#1697,#1698,#1699,#1700,#1701,#1702,#1703,#1704,
    #1705,#1706,#1707,#1708,#1709,#1710,#1711,#1712,#1713),
  .UNSPECIFIED.,.F.,.F.,(9,7,7,7,7,7,7,7,9),(0.,7.064855922168E-02,
    0.264426729383,0.400774852161,0.5018258222,0.599222221628,
    0.735553828379,0.929338959551,1.),.UNSPECIFIED.);
#1656 = CARTESIAN_POINT('',(9.95704182861,34.0000006,-3.165659754383));
#1657 = CARTESIAN_POINT('',(9.884503017147,33.907966503033,
    -3.370903911648));
#1658 = CARTESIAN_POINT('',(9.808045458444,33.810681272172,
    -3.570128339858));
#1659 = CARTESIAN_POINT('',(9.728090225162,33.708614572264,
    -3.763343866578));
#1660 = CARTESIAN_POINT('',(9.645030258871,33.602199173203,
    -3.950606175557));
#1661 = CARTESIAN_POINT('',(9.559226238429,33.491826257175,
    -4.132008639067));
#1662 = CARTESIAN_POINT('',(9.471003487065,33.377841225542,
    -4.307676103246));
#1663 = CARTESIAN_POINT('',(9.380649918168,33.260540005387,
    -4.477759626467));
#1664 = CARTESIAN_POINT('',(9.035428829684,32.809998011961,
    -5.094103721483));
#1665 = CARTESIAN_POINT('',(8.768723695861,32.457278996751,
    -5.504292648472));
#1666 = CARTESIAN_POINT('',(8.493109260659,32.086615079181,
    -5.87755148912));
#1667 = CARTESIAN_POINT('',(8.212485688715,31.701253948088,
    -6.216668530012));
#1668 = CARTESIAN_POINT('',(7.930370201112,31.303655228229,
    -6.524179588717));
#1669 = CARTESIAN_POINT('',(7.649974746047,30.895365042219,
    -6.802169192691));
#1670 = CARTESIAN_POINT('',(7.374456369106,30.477071298279,
    -7.052501922062));
#1671 = CARTESIAN_POINT('',(6.919650284877,29.746588724859,
    -7.43423724071));
#1672 = CARTESIAN_POINT('',(6.736294632614,29.440097914055,
    -7.578688633405));
#1673 = CARTESIAN_POINT('',(6.558764320895,29.128801439616,
    -7.710411225313));
#1674 = CARTESIAN_POINT('',(6.388694285898,28.812699518111,
    -7.829651716085));
#1675 = CARTESIAN_POINT('',(6.228044483433,28.491816513183,
    -7.936499745032));
#1676 = CARTESIAN_POINT('',(6.079183211196,28.16618508994,-8.030917917)
  );
#1677 = CARTESIAN_POINT('',(5.944867340851,27.835851232447,
    -8.112750029651));
#1678 = CARTESIAN_POINT('',(5.741318806919,27.252734932545,
    -8.23286200413));
#1679 = CARTESIAN_POINT('',(5.664242318701,27.002024750078,
    -8.276930245315));
#1680 = CARTESIAN_POINT('',(5.597951618471,26.749023331613,
    -8.313802459411));
#1681 = CARTESIAN_POINT('',(5.543669792357,26.49401421932,
    -8.343327648666));
#1682 = CARTESIAN_POINT('',(5.502541374387,26.237361862139,
    -8.36535743281));
#1683 = CARTESIAN_POINT('',(5.475449108603,25.979528740213,
    -8.379766948048));
#1684 = CARTESIAN_POINT('',(5.462838402721,25.721093423428,
    -8.386481839526));
#1685 = CARTESIAN_POINT('',(5.466413465232,25.213771731965,
    -8.384578385881));
#1686 = CARTESIAN_POINT('',(5.481574729332,24.964815467558,
    -8.376505555588));
#1687 = CARTESIAN_POINT('',(5.510110758942,24.716512685058,
    -8.361296950922));
#1688 = CARTESIAN_POINT('',(5.551566343247,24.469371725229,
    -8.33902595525));
#1689 = CARTESIAN_POINT('',(5.60512487238,24.223798703496,
    -8.309807434633));
#1690 = CARTESIAN_POINT('',(5.669756228917,23.980112606962,
    -8.273774805772));
#1691 = CARTESIAN_POINT('',(5.744366996374,23.738559453135,
    -8.231062035831));
#1692 = CARTESIAN_POINT('',(5.944752589785,23.164440163145,
    -8.112819507791));
#1693 = CARTESIAN_POINT('',(6.079043782662,22.834134009261,
    -8.031005052817));
#1694 = CARTESIAN_POINT('',(6.227879550167,22.508529322685,
    -7.936606785044));
#1695 = CARTESIAN_POINT('',(6.388503585259,22.187672160352,
    -7.829780950196));
#1696 = CARTESIAN_POINT('',(6.558547977081,21.871595203765,
    -7.710565033621));
#1697 = CARTESIAN_POINT('',(6.736053041916,21.560322792311,
    -7.578869527813));
#1698 = CARTESIAN_POINT('',(6.91938406339,21.253855090896,
    -7.434447919841));
#1699 = CARTESIAN_POINT('',(7.37417437008,20.523358612524,
    -7.052756742232));
#1700 = CARTESIAN_POINT('',(7.649705235866,20.105029919825,
    -6.802433013313));
#1701 = CARTESIAN_POINT('',(7.930116336633,19.696705454627,
    -6.524450189769));
#1702 = CARTESIAN_POINT('',(8.212249836389,19.299072943513,
    -6.216943684296));
#1703 = CARTESIAN_POINT('',(8.492893230623,18.913678393547,
    -5.877828888234));
#1704 = CARTESIAN_POINT('',(8.768528876853,18.542981379679,
    -5.504569747333));
#1705 = CARTESIAN_POINT('',(9.035256279885,18.190229571551,
    -5.094377642287));
#1706 = CARTESIAN_POINT('',(9.380521700524,17.739626442686,
    -4.478000977107));
#1707 = CARTESIAN_POINT('',(9.470896178717,17.622297409089,
    -4.307889767286));
#1708 = CARTESIAN_POINT('',(9.559139270151,17.508285605361,
    -4.13219249924));
#1709 = CARTESIAN_POINT('',(9.644962912239,17.397887104154,
    -3.950758009111));
#1710 = CARTESIAN_POINT('',(9.728041603955,17.291447490769,
    -3.763461359967));
#1711 = CARTESIAN_POINT('',(9.808014461227,17.18935816691,
    -3.570209107526));
#1712 = CARTESIAN_POINT('',(9.884488311943,17.092052154559,
    -3.370945519537));
#1713 = CARTESIAN_POINT('',(9.957041830587,16.9999994,-3.165659748791));
#1714 = PCURVE('',#66,#1715);
#1715 = DEFINITIONAL_REPRESENTATION('',(#1716),#1775);
#1716 = B_SPLINE_CURVE_WITH_KNOTS('',8,(#1717,#1718,#1719,#1720,#1721,
    #1722,#1723,#1724,#1725,#1726,#1727,#1728,#1729,#1730,#1731,#1732,
    #1733,#1734,#1735,#1736,#1737,#1738,#1739,#1740,#1741,#1742,#1743,
    #1744,#1745,#1746,#1747,#1748,#1749,#1750,#1751,#1752,#1753,#1754,
    #1755,#1756,#1757,#1758,#1759,#1760,#1761,#1762,#1763,#1764,#1765,
    #1766,#1767,#1768,#1769,#1770,#1771,#1772,#1773,#1774),
  .UNSPECIFIED.,.F.,.F.,(9,7,7,7,7,7,7,7,9),(0.,7.064855922168E-02,
    0.264426729383,0.400774852161,0.5018258222,0.599222221628,
    0.735553828379,0.929338959551,1.),.UNSPECIFIED.);
#1717 = CARTESIAN_POINT('',(5.890395075514,0.225051302226));
#1718 = CARTESIAN_POINT('',(5.863625928202,0.223228719024));
#1719 = CARTESIAN_POINT('',(5.83732411465,0.221307674835));
#1720 = CARTESIAN_POINT('',(5.81147975639,0.219298749376));
#1721 = CARTESIAN_POINT('',(5.7860804024,0.21721181555));
#1722 = CARTESIAN_POINT('',(5.761111167016,0.215055935639));
#1723 = CARTESIAN_POINT('',(5.736554725439,0.212839283595));
#1724 = CARTESIAN_POINT('',(5.712391166852,0.210569093421));
#1725 = CARTESIAN_POINT('',(5.623335886329,0.201895196726));
#1726 = CARTESIAN_POINT('',(5.560970322041,0.19519406271));
#1727 = CARTESIAN_POINT('',(5.500907174968,0.188269076901));
#1728 = CARTESIAN_POINT('',(5.442794328608,0.181218233385));
#1729 = CARTESIAN_POINT('',(5.386313202502,0.174129904551));
#1730 = CARTESIAN_POINT('',(5.331177335591,0.167084792614));
#1731 = CARTESIAN_POINT('',(5.277078933278,0.160162220329));
#1732 = CARTESIAN_POINT('',(5.186058902965,0.148734931781));
#1733 = CARTESIAN_POINT('',(5.148848537599,0.144128005845));
#1734 = CARTESIAN_POINT('',(5.111907088314,0.139667445249));
#1735 = CARTESIAN_POINT('',(5.075142246856,0.135394328791));
#1736 = CARTESIAN_POINT('',(5.038474149145,0.131357901594));
#1737 = CARTESIAN_POINT('',(5.001828634525,0.127617668623));
#1738 = CARTESIAN_POINT('',(4.965134635476,0.124242898011));
#1739 = CARTESIAN_POINT('',(4.901049144482,0.119128613239));
#1740 = CARTESIAN_POINT('',(4.873709734057,0.117192018058));
#1741 = CARTESIAN_POINT('',(4.846300582948,0.115526422575));
#1742 = CARTESIAN_POINT('',(4.81881940377,0.114162557597));
#1743 = CARTESIAN_POINT('',(4.791270709554,0.113129180261));
#1744 = CARTESIAN_POINT('',(4.76366745622,0.112448470065));
#1745 = CARTESIAN_POINT('',(4.736033536932,0.112131618159));
#1746 = CARTESIAN_POINT('',(4.681778717297,0.11222144385));
#1747 = CARTESIAN_POINT('',(4.655150632721,0.112602380134));
#1748 = CARTESIAN_POINT('',(4.628554762667,0.113319365803));
#1749 = CARTESIAN_POINT('',(4.602011648356,0.114360963398));
#1750 = CARTESIAN_POINT('',(4.575532239059,0.115706655085));
#1751 = CARTESIAN_POINT('',(4.549119926843,0.117330558515));
#1752 = CARTESIAN_POINT('',(4.522771863173,0.119205200914));
#1753 = CARTESIAN_POINT('',(4.45967561744,0.124240014819));
#1754 = CARTESIAN_POINT('',(4.422985050888,0.127614165394));
#1755 = CARTESIAN_POINT('',(4.38634300376,0.131353757542));
#1756 = CARTESIAN_POINT('',(4.349678438231,0.135389537318));
#1757 = CARTESIAN_POINT('',(4.312917220197,0.139662009474));
#1758 = CARTESIAN_POINT('',(4.275979511798,0.144121935727));
#1759 = CARTESIAN_POINT('',(4.23877303436,0.148728242799));
#1760 = CARTESIAN_POINT('',(4.147754474541,0.160155134927));
#1761 = CARTESIAN_POINT('',(4.093653608014,0.167078021002));
#1762 = CARTESIAN_POINT('',(4.038515361103,0.174123526046));
#1763 = CARTESIAN_POINT('',(3.982031901691,0.181212307447));
#1764 = CARTESIAN_POINT('',(3.923916735568,0.188263649011));
#1765 = CARTESIAN_POINT('',(3.863851240746,0.19518916776));
#1766 = CARTESIAN_POINT('',(3.801483254132,0.201890861304));
#1767 = CARTESIAN_POINT('',(3.712421081085,0.210565871872));
#1768 = CARTESIAN_POINT('',(3.688253102091,0.212836587405));
#1769 = CARTESIAN_POINT('',(3.663692100225,0.215053750506));
#1770 = CARTESIAN_POINT('',(3.638718151561,0.217210123423));
#1771 = CARTESIAN_POINT('',(3.613313919817,0.219297527738));
#1772 = CARTESIAN_POINT('',(3.587464509221,0.221306896011));
#1773 = CARTESIAN_POINT('',(3.561157459886,0.223228349546));
#1774 = CARTESIAN_POINT('',(3.534382885667,0.225051302276));
#1775 = ( GEOMETRIC_REPRESENTATION_CONTEXT(2) 
PARAMETRIC_REPRESENTATION_CONTEXT() REPRESENTATION_CONTEXT('2D SPACE',''
  ) );
#1776 = PCURVE('',#1349,#1777);
#1777 = DEFINITIONAL_REPRESENTATION('',(#1778),#1837);
#1778 = B_SPLINE_CURVE_WITH_KNOTS('',8,(#1779,#1780,#1781,#1782,#1783,
    #1784,#1785,#1786,#1787,#1788,#1789,#1790,#1791,#1792,#1793,#1794,
    #1795,#1796,#1797,#1798,#1799,#1800,#1801,#1802,#1803,#1804,#1805,
    #1806,#1807,#1808,#1809,#1810,#1811,#1812,#1813,#1814,#1815,#1816,
    #1817,#1818,#1819,#1820,#1821,#1822,#1823,#1824,#1825,#1826,#1827,
    #1828,#1829,#1830,#1831,#1832,#1833,#1834,#1835,#1836),
  .UNSPECIFIED.,.F.,.F.,(9,7,7,7,7,7,7,7,9),(0.,7.064855922168E-02,
    0.264426729383,0.400774852161,0.5018258222,0.599222221628,
    0.735553828379,0.929338959551,1.),.UNSPECIFIED.);
#1779 = CARTESIAN_POINT('',(1.910520818298,17.0000006));
#1780 = CARTESIAN_POINT('',(1.933435097498,16.907966503033));
#1781 = CARTESIAN_POINT('',(1.955889391592,16.810681272172));
#1782 = CARTESIAN_POINT('',(1.977888344916,16.708614572264));
#1783 = CARTESIAN_POINT('',(1.999438932432,16.602199173203));
#1784 = CARTESIAN_POINT('',(2.020550246808,16.491826257175));
#1785 = CARTESIAN_POINT('',(2.041233369421,16.377841225542));
#1786 = CARTESIAN_POINT('',(2.061501325295,16.260540005387));
#1787 = CARTESIAN_POINT('',(2.135863443208,15.809998011961));
#1788 = CARTESIAN_POINT('',(2.187253797349,15.457278996751));
#1789 = CARTESIAN_POINT('',(2.235957194002,15.086615079181));
#1790 = CARTESIAN_POINT('',(2.28215891861,14.701253948088));
#1791 = CARTESIAN_POINT('',(2.325984196703,14.303655228229));
#1792 = CARTESIAN_POINT('',(2.367478994423,13.895365042219));
#1793 = CARTESIAN_POINT('',(2.406634002262,13.477071298279));
#1794 = CARTESIAN_POINT('',(2.4691367825,12.746588724859));
#1795 = CARTESIAN_POINT('',(2.493695635722,12.440097914055));
#1796 = CARTESIAN_POINT('',(2.51694964662,12.128801439616));
#1797 = CARTESIAN_POINT('',(2.538799129943,11.812699518111));
#1798 = CARTESIAN_POINT('',(2.559098179148,11.491816513183));
#1799 = CARTESIAN_POINT('',(2.577648785786,11.16618508994));
#1800 = CARTESIAN_POINT('',(2.594203014069,10.835851232447));
#1801 = CARTESIAN_POINT('',(2.619081420214,10.252734932545));
#1802 = CARTESIAN_POINT('',(2.628426343741,10.002024750078));
#1803 = CARTESIAN_POINT('',(2.636410311542,9.749023331613));
#1804 = CARTESIAN_POINT('',(2.642914426616,9.49401421932));
#1805 = CARTESIAN_POINT('',(2.647825658062,9.237361862139));
#1806 = CARTESIAN_POINT('',(2.651055754622,8.979528740213));
#1807 = CARTESIAN_POINT('',(2.652559653613,8.721093423428));
#1808 = CARTESIAN_POINT('',(2.652133315631,8.213771731965));
#1809 = CARTESIAN_POINT('',(2.650325256361,7.964815467558));
#1810 = CARTESIAN_POINT('',(2.646921482008,7.716512685058));
#1811 = CARTESIAN_POINT('',(2.641967922018,7.469371725229));
#1812 = CARTESIAN_POINT('',(2.635546110004,7.223798703496));
#1813 = CARTESIAN_POINT('',(2.627757672282,6.980112606962));
#1814 = CARTESIAN_POINT('',(2.618708792447,6.738559453135));
#1815 = CARTESIAN_POINT('',(2.594217133742,6.164440163145));
#1816 = CARTESIAN_POINT('',(2.577666089846,5.834134009261));
#1817 = CARTESIAN_POINT('',(2.559118869548,5.508529322685));
#1818 = CARTESIAN_POINT('',(2.538823367129,5.187672160352));
#1819 = CARTESIAN_POINT('',(2.516977571739,4.871595203765));
#1820 = CARTESIAN_POINT('',(2.49372738649,4.560322792311));
#1821 = CARTESIAN_POINT('',(2.469172504422,4.253855090896));
#1822 = CARTESIAN_POINT('',(2.406673983387,3.523358612524));
#1823 = CARTESIAN_POINT('',(2.367518638975,3.105029919825));
#1824 = CARTESIAN_POINT('',(2.326023176486,2.696705454627));
#1825 = CARTESIAN_POINT('',(2.282196975909,2.299072943513));
#1826 = CARTESIAN_POINT('',(2.235994113322,1.913678393547));
#1827 = CARTESIAN_POINT('',(2.187289376509,1.542981379679));
#1828 = CARTESIAN_POINT('',(2.135897475592,1.190229571551));
#1829 = CARTESIAN_POINT('',(2.061530086016,0.739626442686));
#1830 = CARTESIAN_POINT('',(2.041258526412,0.622297409089));
#1831 = CARTESIAN_POINT('',(2.020571644222,0.508285605361));
#1832 = CARTESIAN_POINT('',(1.999456405841,0.397887104154));
#1833 = CARTESIAN_POINT('',(1.977901722402,0.291447490769));
#1834 = CARTESIAN_POINT('',(1.955898494815,0.18935816691));
#1835 = CARTESIAN_POINT('',(1.933439742764,9.205215455921E-02));
#1836 = CARTESIAN_POINT('',(1.910520817674,-6.E-07));
#1837 = ( GEOMETRIC_REPRESENTATION_CONTEXT(2) 
PARAMETRIC_REPRESENTATION_CONTEXT() REPRESENTATION_CONTEXT('2D SPACE',''
  ) );
#1838 = ADVANCED_FACE('',(#1839),#108,.T.);
#1839 = FACE_BOUND('',#1840,.T.);
#1840 = EDGE_LOOP('',(#1841,#1842,#1864,#1865,#1888,#1912));
#1841 = ORIENTED_EDGE('',*,*,#51,.T.);
#1842 = ORIENTED_EDGE('',*,*,#1843,.T.);
#1843 = EDGE_CURVE('',#54,#1189,#1844,.T.);
#1844 = SURFACE_CURVE('',#1845,(#1850,#1857),.PCURVE_S1.);
#1845 = CIRCLE('',#1846,9.5);
#1846 = AXIS2_PLACEMENT_3D('',#1847,#1848,#1849);
#1847 = CARTESIAN_POINT('',(1.,34.,0.));
#1848 = DIRECTION('',(0.,1.,0.));
#1849 = DIRECTION('',(0.942846458495,0.,-0.333227483414));
#1850 = PCURVE('',#108,#1851);
#1851 = DEFINITIONAL_REPRESENTATION('',(#1852),#1856);
#1852 = CIRCLE('',#1853,9.5);
#1853 = AXIS2_PLACEMENT_2D('',#1854,#1855);
#1854 = CARTESIAN_POINT('',(0.,0.));
#1855 = DIRECTION('',(-0.333227483414,0.942846458495));
#1856 = ( GEOMETRIC_REPRESENTATION_CONTEXT(2) 
PARAMETRIC_REPRESENTATION_CONTEXT() REPRESENTATION_CONTEXT('2D SPACE',''
  ) );
#1857 = PCURVE('',#1349,#1858);
#1858 = DEFINITIONAL_REPRESENTATION('',(#1859),#1863);
#1859 = LINE('',#1860,#1861);
#1860 = CARTESIAN_POINT('',(1.910520967684,17.));
#1861 = VECTOR('',#1862,1.);
#1862 = DIRECTION('',(1.,0.));
#1863 = ( GEOMETRIC_REPRESENTATION_CONTEXT(2) 
PARAMETRIC_REPRESENTATION_CONTEXT() REPRESENTATION_CONTEXT('2D SPACE',''
  ) );
#1864 = ORIENTED_EDGE('',*,*,#1188,.F.);
#1865 = ORIENTED_EDGE('',*,*,#1866,.F.);
#1866 = EDGE_CURVE('',#1867,#1160,#1869,.T.);
#1867 = VERTEX_POINT('',#1868);
#1868 = CARTESIAN_POINT('',(1.,34.,1.6));
#1869 = SURFACE_CURVE('',#1870,(#1874,#1881),.PCURVE_S1.);
#1870 = LINE('',#1871,#1872);
#1871 = CARTESIAN_POINT('',(1.,34.,0.));
#1872 = VECTOR('',#1873,1.);
#1873 = DIRECTION('',(0.,0.,1.));
#1874 = PCURVE('',#108,#1875);
#1875 = DEFINITIONAL_REPRESENTATION('',(#1876),#1880);
#1876 = LINE('',#1877,#1878);
#1877 = CARTESIAN_POINT('',(0.,0.));
#1878 = VECTOR('',#1879,1.);
#1879 = DIRECTION('',(1.,0.));
#1880 = ( GEOMETRIC_REPRESENTATION_CONTEXT(2) 
PARAMETRIC_REPRESENTATION_CONTEXT() REPRESENTATION_CONTEXT('2D SPACE',''
  ) );
#1881 = PCURVE('',#1176,#1882);
#1882 = DEFINITIONAL_REPRESENTATION('',(#1883),#1887);
#1883 = LINE('',#1884,#1885);
#1884 = CARTESIAN_POINT('',(8.5,0.));
#1885 = VECTOR('',#1886,1.);
#1886 = DIRECTION('',(0.,1.));
#1887 = ( GEOMETRIC_REPRESENTATION_CONTEXT(2) 
PARAMETRIC_REPRESENTATION_CONTEXT() REPRESENTATION_CONTEXT('2D SPACE',''
  ) );
#1888 = ORIENTED_EDGE('',*,*,#1889,.F.);
#1889 = EDGE_CURVE('',#1890,#1867,#1892,.T.);
#1890 = VERTEX_POINT('',#1891);
#1891 = CARTESIAN_POINT('',(1.,34.,-1.6));
#1892 = SURFACE_CURVE('',#1893,(#1898,#1905),.PCURVE_S1.);
#1893 = CIRCLE('',#1894,1.6);
#1894 = AXIS2_PLACEMENT_3D('',#1895,#1896,#1897);
#1895 = CARTESIAN_POINT('',(1.,34.,0.));
#1896 = DIRECTION('',(0.,1.,0.));
#1897 = DIRECTION('',(0.,-0.,1.));
#1898 = PCURVE('',#108,#1899);
#1899 = DEFINITIONAL_REPRESENTATION('',(#1900),#1904);
#1900 = CIRCLE('',#1901,1.6);
#1901 = AXIS2_PLACEMENT_2D('',#1902,#1903);
#1902 = CARTESIAN_POINT('',(0.,0.));
#1903 = DIRECTION('',(1.,0.));
#1904 = ( GEOMETRIC_REPRESENTATION_CONTEXT(2) 
PARAMETRIC_REPRESENTATION_CONTEXT() REPRESENTATION_CONTEXT('2D SPACE',''
  ) );
#1905 = PCURVE('',#195,#1906);
#1906 = DEFINITIONAL_REPRESENTATION('',(#1907),#1911);
#1907 = LINE('',#1908,#1909);
#1908 = CARTESIAN_POINT('',(0.,25.5));
#1909 = VECTOR('',#1910,1.);
#1910 = DIRECTION('',(1.,0.));
#1911 = ( GEOMETRIC_REPRESENTATION_CONTEXT(2) 
PARAMETRIC_REPRESENTATION_CONTEXT() REPRESENTATION_CONTEXT('2D SPACE',''
  ) );
#1912 = ORIENTED_EDGE('',*,*,#1913,.F.);
#1913 = EDGE_CURVE('',#52,#1890,#1914,.T.);
#1914 = SURFACE_CURVE('',#1915,(#1919,#1926),.PCURVE_S1.);
#1915 = LINE('',#1916,#1917);
#1916 = CARTESIAN_POINT('',(1.,34.,0.));
#1917 = VECTOR('',#1918,1.);
#1918 = DIRECTION('',(0.,0.,1.));
#1919 = PCURVE('',#108,#1920);
#1920 = DEFINITIONAL_REPRESENTATION('',(#1921),#1925);
#1921 = LINE('',#1922,#1923);
#1922 = CARTESIAN_POINT('',(0.,0.));
#1923 = VECTOR('',#1924,1.);
#1924 = DIRECTION('',(1.,0.));
#1925 = ( GEOMETRIC_REPRESENTATION_CONTEXT(2) 
PARAMETRIC_REPRESENTATION_CONTEXT() REPRESENTATION_CONTEXT('2D SPACE',''
  ) );
#1926 = PCURVE('',#141,#1927);
#1927 = DEFINITIONAL_REPRESENTATION('',(#1928),#1932);
#1928 = LINE('',#1929,#1930);
#1929 = CARTESIAN_POINT('',(8.5,0.));
#1930 = VECTOR('',#1931,1.);
#1931 = DIRECTION('',(0.,1.));
#1932 = ( GEOMETRIC_REPRESENTATION_CONTEXT(2) 
PARAMETRIC_REPRESENTATION_CONTEXT() REPRESENTATION_CONTEXT('2D SPACE',''
  ) );
#1933 = ADVANCED_FACE('',(#1934),#1349,.T.);
#1934 = FACE_BOUND('',#1935,.T.);
#1935 = EDGE_LOOP('',(#1936,#1958,#1959,#1960));
#1936 = ORIENTED_EDGE('',*,*,#1937,.T.);
#1937 = EDGE_CURVE('',#1619,#1224,#1938,.T.);
#1938 = SURFACE_CURVE('',#1939,(#1944,#1951),.PCURVE_S1.);
#1939 = CIRCLE('',#1940,9.5);
#1940 = AXIS2_PLACEMENT_3D('',#1941,#1942,#1943);
#1941 = CARTESIAN_POINT('',(1.,17.,0.));
#1942 = DIRECTION('',(0.,1.,0.));
#1943 = DIRECTION('',(0.942846458703,0.,-0.333227482826));
#1944 = PCURVE('',#1349,#1945);
#1945 = DEFINITIONAL_REPRESENTATION('',(#1946),#1950);
#1946 = LINE('',#1947,#1948);
#1947 = CARTESIAN_POINT('',(1.910520967059,0.));
#1948 = VECTOR('',#1949,1.);
#1949 = DIRECTION('',(1.,0.));
#1950 = ( GEOMETRIC_REPRESENTATION_CONTEXT(2) 
PARAMETRIC_REPRESENTATION_CONTEXT() REPRESENTATION_CONTEXT('2D SPACE',''
  ) );
#1951 = PCURVE('',#1440,#1952);
#1952 = DEFINITIONAL_REPRESENTATION('',(#1953),#1957);
#1953 = CIRCLE('',#1954,9.5);
#1954 = AXIS2_PLACEMENT_2D('',#1955,#1956);
#1955 = CARTESIAN_POINT('',(0.,0.));
#1956 = DIRECTION('',(-0.333227482826,0.942846458703));
#1957 = ( GEOMETRIC_REPRESENTATION_CONTEXT(2) 
PARAMETRIC_REPRESENTATION_CONTEXT() REPRESENTATION_CONTEXT('2D SPACE',''
  ) );
#1958 = ORIENTED_EDGE('',*,*,#1223,.T.);
#1959 = ORIENTED_EDGE('',*,*,#1843,.F.);
#1960 = ORIENTED_EDGE('',*,*,#1653,.T.);
#1961 = ADVANCED_FACE('',(#1962),#1440,.F.);
#1962 = FACE_BOUND('',#1963,.F.);
#1963 = EDGE_LOOP('',(#1964,#1965,#1966,#1967,#1990,#2014));
#1964 = ORIENTED_EDGE('',*,*,#1618,.F.);
#1965 = ORIENTED_EDGE('',*,*,#1937,.T.);
#1966 = ORIENTED_EDGE('',*,*,#1416,.F.);
#1967 = ORIENTED_EDGE('',*,*,#1968,.F.);
#1968 = EDGE_CURVE('',#1969,#1417,#1971,.T.);
#1969 = VERTEX_POINT('',#1970);
#1970 = CARTESIAN_POINT('',(1.,17.,1.6));
#1971 = SURFACE_CURVE('',#1972,(#1976,#1983),.PCURVE_S1.);
#1972 = LINE('',#1973,#1974);
#1973 = CARTESIAN_POINT('',(1.,17.,0.));
#1974 = VECTOR('',#1975,1.);
#1975 = DIRECTION('',(0.,0.,1.));
#1976 = PCURVE('',#1440,#1977);
#1977 = DEFINITIONAL_REPRESENTATION('',(#1978),#1982);
#1978 = LINE('',#1979,#1980);
#1979 = CARTESIAN_POINT('',(0.,0.));
#1980 = VECTOR('',#1981,1.);
#1981 = DIRECTION('',(1.,0.));
#1982 = ( GEOMETRIC_REPRESENTATION_CONTEXT(2) 
PARAMETRIC_REPRESENTATION_CONTEXT() REPRESENTATION_CONTEXT('2D SPACE',''
  ) );
#1983 = PCURVE('',#1473,#1984);
#1984 = DEFINITIONAL_REPRESENTATION('',(#1985),#1989);
#1985 = LINE('',#1986,#1987);
#1986 = CARTESIAN_POINT('',(-8.5,0.));
#1987 = VECTOR('',#1988,1.);
#1988 = DIRECTION('',(0.,1.));
#1989 = ( GEOMETRIC_REPRESENTATION_CONTEXT(2) 
PARAMETRIC_REPRESENTATION_CONTEXT() REPRESENTATION_CONTEXT('2D SPACE',''
  ) );
#1990 = ORIENTED_EDGE('',*,*,#1991,.F.);
#1991 = EDGE_CURVE('',#1992,#1969,#1994,.T.);
#1992 = VERTEX_POINT('',#1993);
#1993 = CARTESIAN_POINT('',(1.,17.,-1.6));
#1994 = SURFACE_CURVE('',#1995,(#2000,#2007),.PCURVE_S1.);
#1995 = CIRCLE('',#1996,1.6);
#1996 = AXIS2_PLACEMENT_3D('',#1997,#1998,#1999);
#1997 = CARTESIAN_POINT('',(1.,17.,0.));
#1998 = DIRECTION('',(0.,1.,0.));
#1999 = DIRECTION('',(0.,-0.,1.));
#2000 = PCURVE('',#1440,#2001);
#2001 = DEFINITIONAL_REPRESENTATION('',(#2002),#2006);
#2002 = CIRCLE('',#2003,1.6);
#2003 = AXIS2_PLACEMENT_2D('',#2004,#2005);
#2004 = CARTESIAN_POINT('',(0.,0.));
#2005 = DIRECTION('',(1.,0.));
#2006 = ( GEOMETRIC_REPRESENTATION_CONTEXT(2) 
PARAMETRIC_REPRESENTATION_CONTEXT() REPRESENTATION_CONTEXT('2D SPACE',''
  ) );
#2007 = PCURVE('',#195,#2008);
#2008 = DEFINITIONAL_REPRESENTATION('',(#2009),#2013);
#2009 = LINE('',#2010,#2011);
#2010 = CARTESIAN_POINT('',(0.,8.5));
#2011 = VECTOR('',#2012,1.);
#2012 = DIRECTION('',(1.,0.));
#2013 = ( GEOMETRIC_REPRESENTATION_CONTEXT(2) 
PARAMETRIC_REPRESENTATION_CONTEXT() REPRESENTATION_CONTEXT('2D SPACE',''
  ) );
#2014 = ORIENTED_EDGE('',*,*,#2015,.F.);
#2015 = EDGE_CURVE('',#1590,#1992,#2016,.T.);
#2016 = SURFACE_CURVE('',#2017,(#2021,#2028),.PCURVE_S1.);
#2017 = LINE('',#2018,#2019);
#2018 = CARTESIAN_POINT('',(1.,17.,0.));
#2019 = VECTOR('',#2020,1.);
#2020 = DIRECTION('',(0.,0.,1.));
#2021 = PCURVE('',#1440,#2022);
#2022 = DEFINITIONAL_REPRESENTATION('',(#2023),#2027);
#2023 = LINE('',#2024,#2025);
#2024 = CARTESIAN_POINT('',(0.,0.));
#2025 = VECTOR('',#2026,1.);
#2026 = DIRECTION('',(1.,0.));
#2027 = ( GEOMETRIC_REPRESENTATION_CONTEXT(2) 
PARAMETRIC_REPRESENTATION_CONTEXT() REPRESENTATION_CONTEXT('2D SPACE',''
  ) );
#2028 = PCURVE('',#1606,#2029);
#2029 = DEFINITIONAL_REPRESENTATION('',(#2030),#2034);
#2030 = LINE('',#2031,#2032);
#2031 = CARTESIAN_POINT('',(-8.5,0.));
#2032 = VECTOR('',#2033,1.);
#2033 = DIRECTION('',(0.,1.));
#2034 = ( GEOMETRIC_REPRESENTATION_CONTEXT(2) 
PARAMETRIC_REPRESENTATION_CONTEXT() REPRESENTATION_CONTEXT('2D SPACE',''
  ) );
#2035 = ADVANCED_FACE('',(#2036),#1606,.F.);
#2036 = FACE_BOUND('',#2037,.F.);
#2037 = EDGE_LOOP('',(#2038,#2039,#2060));
#2038 = ORIENTED_EDGE('',*,*,#2015,.T.);
#2039 = ORIENTED_EDGE('',*,*,#2040,.F.);
#2040 = EDGE_CURVE('',#1486,#1992,#2041,.T.);
#2041 = SURFACE_CURVE('',#2042,(#2046,#2053),.PCURVE_S1.);
#2042 = LINE('',#2043,#2044);
#2043 = CARTESIAN_POINT('',(1.,8.5,-1.6));
#2044 = VECTOR('',#2045,1.);
#2045 = DIRECTION('',(0.,1.,0.));
#2046 = PCURVE('',#1606,#2047);
#2047 = DEFINITIONAL_REPRESENTATION('',(#2048),#2052);
#2048 = LINE('',#2049,#2050);
#2049 = CARTESIAN_POINT('',(-17.,-1.6));
#2050 = VECTOR('',#2051,1.);
#2051 = DIRECTION('',(1.,0.));
#2052 = ( GEOMETRIC_REPRESENTATION_CONTEXT(2) 
PARAMETRIC_REPRESENTATION_CONTEXT() REPRESENTATION_CONTEXT('2D SPACE',''
  ) );
#2053 = PCURVE('',#195,#2054);
#2054 = DEFINITIONAL_REPRESENTATION('',(#2055),#2059);
#2055 = LINE('',#2056,#2057);
#2056 = CARTESIAN_POINT('',(3.14159265359,0.));
#2057 = VECTOR('',#2058,1.);
#2058 = DIRECTION('',(0.,1.));
#2059 = ( GEOMETRIC_REPRESENTATION_CONTEXT(2) 
PARAMETRIC_REPRESENTATION_CONTEXT() REPRESENTATION_CONTEXT('2D SPACE',''
  ) );
#2060 = ORIENTED_EDGE('',*,*,#1589,.T.);
#2061 = ADVANCED_FACE('',(#2062),#195,.F.);
#2062 = FACE_BOUND('',#2063,.F.);
#2063 = EDGE_LOOP('',(#2064,#2065,#2086,#2107,#2128,#2129,#2130,#2131,
    #2132,#2133,#2154));
#2064 = ORIENTED_EDGE('',*,*,#1097,.F.);
#2065 = ORIENTED_EDGE('',*,*,#2066,.F.);
#2066 = EDGE_CURVE('',#1867,#1098,#2067,.T.);
#2067 = SURFACE_CURVE('',#2068,(#2072,#2079),.PCURVE_S1.);
#2068 = LINE('',#2069,#2070);
#2069 = CARTESIAN_POINT('',(1.,8.5,1.6));
#2070 = VECTOR('',#2071,1.);
#2071 = DIRECTION('',(0.,1.,0.));
#2072 = PCURVE('',#195,#2073);
#2073 = DEFINITIONAL_REPRESENTATION('',(#2074),#2078);
#2074 = LINE('',#2075,#2076);
#2075 = CARTESIAN_POINT('',(0.,-0.));
#2076 = VECTOR('',#2077,1.);
#2077 = DIRECTION('',(0.,1.));
#2078 = ( GEOMETRIC_REPRESENTATION_CONTEXT(2) 
PARAMETRIC_REPRESENTATION_CONTEXT() REPRESENTATION_CONTEXT('2D SPACE',''
  ) );
#2079 = PCURVE('',#1176,#2080);
#2080 = DEFINITIONAL_REPRESENTATION('',(#2081),#2085);
#2081 = LINE('',#2082,#2083);
#2082 = CARTESIAN_POINT('',(-17.,1.6));
#2083 = VECTOR('',#2084,1.);
#2084 = DIRECTION('',(1.,0.));
#2085 = ( GEOMETRIC_REPRESENTATION_CONTEXT(2) 
PARAMETRIC_REPRESENTATION_CONTEXT() REPRESENTATION_CONTEXT('2D SPACE',''
  ) );
#2086 = ORIENTED_EDGE('',*,*,#2087,.F.);
#2087 = EDGE_CURVE('',#1969,#1867,#2088,.T.);
#2088 = SEAM_CURVE('',#2089,(#2093,#2100),.PCURVE_S1.);
#2089 = LINE('',#2090,#2091);
#2090 = CARTESIAN_POINT('',(1.,8.5,1.6));
#2091 = VECTOR('',#2092,1.);
#2092 = DIRECTION('',(0.,1.,0.));
#2093 = PCURVE('',#195,#2094);
#2094 = DEFINITIONAL_REPRESENTATION('',(#2095),#2099);
#2095 = LINE('',#2096,#2097);
#2096 = CARTESIAN_POINT('',(6.28318530718,-0.));
#2097 = VECTOR('',#2098,1.);
#2098 = DIRECTION('',(0.,1.));
#2099 = ( GEOMETRIC_REPRESENTATION_CONTEXT(2) 
PARAMETRIC_REPRESENTATION_CONTEXT() REPRESENTATION_CONTEXT('2D SPACE',''
  ) );
#2100 = PCURVE('',#195,#2101);
#2101 = DEFINITIONAL_REPRESENTATION('',(#2102),#2106);
#2102 = LINE('',#2103,#2104);
#2103 = CARTESIAN_POINT('',(0.,-0.));
#2104 = VECTOR('',#2105,1.);
#2105 = DIRECTION('',(0.,1.));
#2106 = ( GEOMETRIC_REPRESENTATION_CONTEXT(2) 
PARAMETRIC_REPRESENTATION_CONTEXT() REPRESENTATION_CONTEXT('2D SPACE',''
  ) );
#2107 = ORIENTED_EDGE('',*,*,#2108,.F.);
#2108 = EDGE_CURVE('',#1457,#1969,#2109,.T.);
#2109 = SURFACE_CURVE('',#2110,(#2114,#2121),.PCURVE_S1.);
#2110 = LINE('',#2111,#2112);
#2111 = CARTESIAN_POINT('',(1.,8.5,1.6));
#2112 = VECTOR('',#2113,1.);
#2113 = DIRECTION('',(0.,1.,0.));
#2114 = PCURVE('',#195,#2115);
#2115 = DEFINITIONAL_REPRESENTATION('',(#2116),#2120);
#2116 = LINE('',#2117,#2118);
#2117 = CARTESIAN_POINT('',(0.,-0.));
#2118 = VECTOR('',#2119,1.);
#2119 = DIRECTION('',(0.,1.));
#2120 = ( GEOMETRIC_REPRESENTATION_CONTEXT(2) 
PARAMETRIC_REPRESENTATION_CONTEXT() REPRESENTATION_CONTEXT('2D SPACE',''
  ) );
#2121 = PCURVE('',#1473,#2122);
#2122 = DEFINITIONAL_REPRESENTATION('',(#2123),#2127);
#2123 = LINE('',#2124,#2125);
#2124 = CARTESIAN_POINT('',(-17.,1.6));
#2125 = VECTOR('',#2126,1.);
#2126 = DIRECTION('',(1.,0.));
#2127 = ( GEOMETRIC_REPRESENTATION_CONTEXT(2) 
PARAMETRIC_REPRESENTATION_CONTEXT() REPRESENTATION_CONTEXT('2D SPACE',''
  ) );
#2128 = ORIENTED_EDGE('',*,*,#1485,.T.);
#2129 = ORIENTED_EDGE('',*,*,#2040,.T.);
#2130 = ORIENTED_EDGE('',*,*,#1991,.T.);
#2131 = ORIENTED_EDGE('',*,*,#2087,.T.);
#2132 = ORIENTED_EDGE('',*,*,#1889,.F.);
#2133 = ORIENTED_EDGE('',*,*,#2134,.T.);
#2134 = EDGE_CURVE('',#1890,#125,#2135,.T.);
#2135 = SURFACE_CURVE('',#2136,(#2140,#2147),.PCURVE_S1.);
#2136 = LINE('',#2137,#2138);
#2137 = CARTESIAN_POINT('',(1.,8.5,-1.6));
#2138 = VECTOR('',#2139,1.);
#2139 = DIRECTION('',(0.,1.,0.));
#2140 = PCURVE('',#195,#2141);
#2141 = DEFINITIONAL_REPRESENTATION('',(#2142),#2146);
#2142 = LINE('',#2143,#2144);
#2143 = CARTESIAN_POINT('',(3.14159265359,0.));
#2144 = VECTOR('',#2145,1.);
#2145 = DIRECTION('',(0.,1.));
#2146 = ( GEOMETRIC_REPRESENTATION_CONTEXT(2) 
PARAMETRIC_REPRESENTATION_CONTEXT() REPRESENTATION_CONTEXT('2D SPACE',''
  ) );
#2147 = PCURVE('',#141,#2148);
#2148 = DEFINITIONAL_REPRESENTATION('',(#2149),#2153);
#2149 = LINE('',#2150,#2151);
#2150 = CARTESIAN_POINT('',(-17.,-1.6));
#2151 = VECTOR('',#2152,1.);
#2152 = DIRECTION('',(1.,0.));
#2153 = ( GEOMETRIC_REPRESENTATION_CONTEXT(2) 
PARAMETRIC_REPRESENTATION_CONTEXT() REPRESENTATION_CONTEXT('2D SPACE',''
  ) );
#2154 = ORIENTED_EDGE('',*,*,#153,.T.);
#2155 = ADVANCED_FACE('',(#2156),#1473,.F.);
#2156 = FACE_BOUND('',#2157,.F.);
#2157 = EDGE_LOOP('',(#2158,#2159,#2160));
#2158 = ORIENTED_EDGE('',*,*,#2108,.T.);
#2159 = ORIENTED_EDGE('',*,*,#1968,.T.);
#2160 = ORIENTED_EDGE('',*,*,#1456,.T.);
#2161 = ADVANCED_FACE('',(#2162),#1176,.F.);
#2162 = FACE_BOUND('',#2163,.F.);
#2163 = EDGE_LOOP('',(#2164,#2165,#2166));
#2164 = ORIENTED_EDGE('',*,*,#1866,.F.);
#2165 = ORIENTED_EDGE('',*,*,#2066,.T.);
#2166 = ORIENTED_EDGE('',*,*,#1159,.T.);
#2167 = ADVANCED_FACE('',(#2168),#280,.F.);
#2168 = FACE_BOUND('',#2169,.F.);
#2169 = EDGE_LOOP('',(#2170,#2193,#2194,#2195,#2218,#2240,#2263,#2287,
    #2308,#2309,#2330));
#2170 = ORIENTED_EDGE('',*,*,#2171,.T.);
#2171 = EDGE_CURVE('',#2172,#1014,#2174,.T.);
#2172 = VERTEX_POINT('',#2173);
#2173 = CARTESIAN_POINT('',(40.8,32.98,1.6));
#2174 = SURFACE_CURVE('',#2175,(#2179,#2186),.PCURVE_S1.);
#2175 = LINE('',#2176,#2177);
#2176 = CARTESIAN_POINT('',(40.8,10.54,1.6));
#2177 = VECTOR('',#2178,1.);
#2178 = DIRECTION('',(0.,1.,0.));
#2179 = PCURVE('',#280,#2180);
#2180 = DEFINITIONAL_REPRESENTATION('',(#2181),#2185);
#2181 = LINE('',#2182,#2183);
#2182 = CARTESIAN_POINT('',(6.28318530718,-0.));
#2183 = VECTOR('',#2184,1.);
#2184 = DIRECTION('',(0.,1.));
#2185 = ( GEOMETRIC_REPRESENTATION_CONTEXT(2) 
PARAMETRIC_REPRESENTATION_CONTEXT() REPRESENTATION_CONTEXT('2D SPACE',''
  ) );
#2186 = PCURVE('',#1030,#2187);
#2187 = DEFINITIONAL_REPRESENTATION('',(#2188),#2192);
#2188 = LINE('',#2189,#2190);
#2189 = CARTESIAN_POINT('',(-14.96,1.6));
#2190 = VECTOR('',#2191,1.);
#2191 = DIRECTION('',(1.,0.));
#2192 = ( GEOMETRIC_REPRESENTATION_CONTEXT(2) 
PARAMETRIC_REPRESENTATION_CONTEXT() REPRESENTATION_CONTEXT('2D SPACE',''
  ) );
#2193 = ORIENTED_EDGE('',*,*,#1042,.T.);
#2194 = ORIENTED_EDGE('',*,*,#242,.T.);
#2195 = ORIENTED_EDGE('',*,*,#2196,.F.);
#2196 = EDGE_CURVE('',#2197,#243,#2199,.T.);
#2197 = VERTEX_POINT('',#2198);
#2198 = CARTESIAN_POINT('',(40.8,32.98,-1.6));
#2199 = SURFACE_CURVE('',#2200,(#2204,#2211),.PCURVE_S1.);
#2200 = LINE('',#2201,#2202);
#2201 = CARTESIAN_POINT('',(40.8,10.54,-1.6));
#2202 = VECTOR('',#2203,1.);
#2203 = DIRECTION('',(0.,1.,0.));
#2204 = PCURVE('',#280,#2205);
#2205 = DEFINITIONAL_REPRESENTATION('',(#2206),#2210);
#2206 = LINE('',#2207,#2208);
#2207 = CARTESIAN_POINT('',(3.14159265359,0.));
#2208 = VECTOR('',#2209,1.);
#2209 = DIRECTION('',(0.,1.));
#2210 = ( GEOMETRIC_REPRESENTATION_CONTEXT(2) 
PARAMETRIC_REPRESENTATION_CONTEXT() REPRESENTATION_CONTEXT('2D SPACE',''
  ) );
#2211 = PCURVE('',#320,#2212);
#2212 = DEFINITIONAL_REPRESENTATION('',(#2213),#2217);
#2213 = LINE('',#2214,#2215);
#2214 = CARTESIAN_POINT('',(-14.96,-1.6));
#2215 = VECTOR('',#2216,1.);
#2216 = DIRECTION('',(1.,0.));
#2217 = ( GEOMETRIC_REPRESENTATION_CONTEXT(2) 
PARAMETRIC_REPRESENTATION_CONTEXT() REPRESENTATION_CONTEXT('2D SPACE',''
  ) );
#2218 = ORIENTED_EDGE('',*,*,#2219,.F.);
#2219 = EDGE_CURVE('',#2172,#2197,#2220,.T.);
#2220 = SURFACE_CURVE('',#2221,(#2226,#2233),.PCURVE_S1.);
#2221 = CIRCLE('',#2222,1.6);
#2222 = AXIS2_PLACEMENT_3D('',#2223,#2224,#2225);
#2223 = CARTESIAN_POINT('',(40.8,32.98,0.));
#2224 = DIRECTION('',(0.,1.,0.));
#2225 = DIRECTION('',(0.,-0.,1.));
#2226 = PCURVE('',#280,#2227);
#2227 = DEFINITIONAL_REPRESENTATION('',(#2228),#2232);
#2228 = LINE('',#2229,#2230);
#2229 = CARTESIAN_POINT('',(0.,22.44));
#2230 = VECTOR('',#2231,1.);
#2231 = DIRECTION('',(1.,0.));
#2232 = ( GEOMETRIC_REPRESENTATION_CONTEXT(2) 
PARAMETRIC_REPRESENTATION_CONTEXT() REPRESENTATION_CONTEXT('2D SPACE',''
  ) );
#2233 = PCURVE('',#356,#2234);
#2234 = DEFINITIONAL_REPRESENTATION('',(#2235),#2239);
#2235 = CIRCLE('',#2236,1.6);
#2236 = AXIS2_PLACEMENT_2D('',#2237,#2238);
#2237 = CARTESIAN_POINT('',(0.,0.));
#2238 = DIRECTION('',(1.,0.));
#2239 = ( GEOMETRIC_REPRESENTATION_CONTEXT(2) 
PARAMETRIC_REPRESENTATION_CONTEXT() REPRESENTATION_CONTEXT('2D SPACE',''
  ) );
#2240 = ORIENTED_EDGE('',*,*,#2241,.F.);
#2241 = EDGE_CURVE('',#2242,#2172,#2244,.T.);
#2242 = VERTEX_POINT('',#2243);
#2243 = CARTESIAN_POINT('',(40.8,18.02,1.6));
#2244 = SEAM_CURVE('',#2245,(#2249,#2256),.PCURVE_S1.);
#2245 = LINE('',#2246,#2247);
#2246 = CARTESIAN_POINT('',(40.8,10.54,1.6));
#2247 = VECTOR('',#2248,1.);
#2248 = DIRECTION('',(0.,1.,0.));
#2249 = PCURVE('',#280,#2250);
#2250 = DEFINITIONAL_REPRESENTATION('',(#2251),#2255);
#2251 = LINE('',#2252,#2253);
#2252 = CARTESIAN_POINT('',(6.28318530718,-0.));
#2253 = VECTOR('',#2254,1.);
#2254 = DIRECTION('',(0.,1.));
#2255 = ( GEOMETRIC_REPRESENTATION_CONTEXT(2) 
PARAMETRIC_REPRESENTATION_CONTEXT() REPRESENTATION_CONTEXT('2D SPACE',''
  ) );
#2256 = PCURVE('',#280,#2257);
#2257 = DEFINITIONAL_REPRESENTATION('',(#2258),#2262);
#2258 = LINE('',#2259,#2260);
#2259 = CARTESIAN_POINT('',(0.,-0.));
#2260 = VECTOR('',#2261,1.);
#2261 = DIRECTION('',(0.,1.));
#2262 = ( GEOMETRIC_REPRESENTATION_CONTEXT(2) 
PARAMETRIC_REPRESENTATION_CONTEXT() REPRESENTATION_CONTEXT('2D SPACE',''
  ) );
#2263 = ORIENTED_EDGE('',*,*,#2264,.T.);
#2264 = EDGE_CURVE('',#2242,#2265,#2267,.T.);
#2265 = VERTEX_POINT('',#2266);
#2266 = CARTESIAN_POINT('',(40.8,18.02,-1.6));
#2267 = SURFACE_CURVE('',#2268,(#2273,#2280),.PCURVE_S1.);
#2268 = CIRCLE('',#2269,1.6);
#2269 = AXIS2_PLACEMENT_3D('',#2270,#2271,#2272);
#2270 = CARTESIAN_POINT('',(40.8,18.02,0.));
#2271 = DIRECTION('',(0.,1.,0.));
#2272 = DIRECTION('',(0.,-0.,1.));
#2273 = PCURVE('',#280,#2274);
#2274 = DEFINITIONAL_REPRESENTATION('',(#2275),#2279);
#2275 = LINE('',#2276,#2277);
#2276 = CARTESIAN_POINT('',(0.,7.48));
#2277 = VECTOR('',#2278,1.);
#2278 = DIRECTION('',(1.,0.));
#2279 = ( GEOMETRIC_REPRESENTATION_CONTEXT(2) 
PARAMETRIC_REPRESENTATION_CONTEXT() REPRESENTATION_CONTEXT('2D SPACE',''
  ) );
#2280 = PCURVE('',#589,#2281);
#2281 = DEFINITIONAL_REPRESENTATION('',(#2282),#2286);
#2282 = CIRCLE('',#2283,1.6);
#2283 = AXIS2_PLACEMENT_2D('',#2284,#2285);
#2284 = CARTESIAN_POINT('',(0.,0.));
#2285 = DIRECTION('',(1.,0.));
#2286 = ( GEOMETRIC_REPRESENTATION_CONTEXT(2) 
PARAMETRIC_REPRESENTATION_CONTEXT() REPRESENTATION_CONTEXT('2D SPACE',''
  ) );
#2287 = ORIENTED_EDGE('',*,*,#2288,.F.);
#2288 = EDGE_CURVE('',#606,#2265,#2289,.T.);
#2289 = SURFACE_CURVE('',#2290,(#2294,#2301),.PCURVE_S1.);
#2290 = LINE('',#2291,#2292);
#2291 = CARTESIAN_POINT('',(40.8,10.54,-1.6));
#2292 = VECTOR('',#2293,1.);
#2293 = DIRECTION('',(0.,1.,0.));
#2294 = PCURVE('',#280,#2295);
#2295 = DEFINITIONAL_REPRESENTATION('',(#2296),#2300);
#2296 = LINE('',#2297,#2298);
#2297 = CARTESIAN_POINT('',(3.14159265359,0.));
#2298 = VECTOR('',#2299,1.);
#2299 = DIRECTION('',(0.,1.));
#2300 = ( GEOMETRIC_REPRESENTATION_CONTEXT(2) 
PARAMETRIC_REPRESENTATION_CONTEXT() REPRESENTATION_CONTEXT('2D SPACE',''
  ) );
#2301 = PCURVE('',#622,#2302);
#2302 = DEFINITIONAL_REPRESENTATION('',(#2303),#2307);
#2303 = LINE('',#2304,#2305);
#2304 = CARTESIAN_POINT('',(-14.96,-1.6));
#2305 = VECTOR('',#2306,1.);
#2306 = DIRECTION('',(1.,0.));
#2307 = ( GEOMETRIC_REPRESENTATION_CONTEXT(2) 
PARAMETRIC_REPRESENTATION_CONTEXT() REPRESENTATION_CONTEXT('2D SPACE',''
  ) );
#2308 = ORIENTED_EDGE('',*,*,#634,.T.);
#2309 = ORIENTED_EDGE('',*,*,#2310,.T.);
#2310 = EDGE_CURVE('',#635,#2242,#2311,.T.);
#2311 = SURFACE_CURVE('',#2312,(#2316,#2323),.PCURVE_S1.);
#2312 = LINE('',#2313,#2314);
#2313 = CARTESIAN_POINT('',(40.8,10.54,1.6));
#2314 = VECTOR('',#2315,1.);
#2315 = DIRECTION('',(0.,1.,0.));
#2316 = PCURVE('',#280,#2317);
#2317 = DEFINITIONAL_REPRESENTATION('',(#2318),#2322);
#2318 = LINE('',#2319,#2320);
#2319 = CARTESIAN_POINT('',(6.28318530718,-0.));
#2320 = VECTOR('',#2321,1.);
#2321 = DIRECTION('',(0.,1.));
#2322 = ( GEOMETRIC_REPRESENTATION_CONTEXT(2) 
PARAMETRIC_REPRESENTATION_CONTEXT() REPRESENTATION_CONTEXT('2D SPACE',''
  ) );
#2323 = PCURVE('',#743,#2324);
#2324 = DEFINITIONAL_REPRESENTATION('',(#2325),#2329);
#2325 = LINE('',#2326,#2327);
#2326 = CARTESIAN_POINT('',(-14.96,1.6));
#2327 = VECTOR('',#2328,1.);
#2328 = DIRECTION('',(1.,0.));
#2329 = ( GEOMETRIC_REPRESENTATION_CONTEXT(2) 
PARAMETRIC_REPRESENTATION_CONTEXT() REPRESENTATION_CONTEXT('2D SPACE',''
  ) );
#2330 = ORIENTED_EDGE('',*,*,#2241,.T.);
#2331 = ADVANCED_FACE('',(#2332),#1030,.T.);
#2332 = FACE_BOUND('',#2333,.T.);
#2333 = EDGE_LOOP('',(#2334,#2355,#2356));
#2334 = ORIENTED_EDGE('',*,*,#2335,.F.);
#2335 = EDGE_CURVE('',#2172,#979,#2336,.T.);
#2336 = SURFACE_CURVE('',#2337,(#2341,#2348),.PCURVE_S1.);
#2337 = LINE('',#2338,#2339);
#2338 = CARTESIAN_POINT('',(40.8,32.98,0.));
#2339 = VECTOR('',#2340,1.);
#2340 = DIRECTION('',(0.,0.,1.));
#2341 = PCURVE('',#1030,#2342);
#2342 = DEFINITIONAL_REPRESENTATION('',(#2343),#2347);
#2343 = LINE('',#2344,#2345);
#2344 = CARTESIAN_POINT('',(7.48,0.));
#2345 = VECTOR('',#2346,1.);
#2346 = DIRECTION('',(0.,1.));
#2347 = ( GEOMETRIC_REPRESENTATION_CONTEXT(2) 
PARAMETRIC_REPRESENTATION_CONTEXT() REPRESENTATION_CONTEXT('2D SPACE',''
  ) );
#2348 = PCURVE('',#356,#2349);
#2349 = DEFINITIONAL_REPRESENTATION('',(#2350),#2354);
#2350 = LINE('',#2351,#2352);
#2351 = CARTESIAN_POINT('',(0.,0.));
#2352 = VECTOR('',#2353,1.);
#2353 = DIRECTION('',(1.,0.));
#2354 = ( GEOMETRIC_REPRESENTATION_CONTEXT(2) 
PARAMETRIC_REPRESENTATION_CONTEXT() REPRESENTATION_CONTEXT('2D SPACE',''
  ) );
#2355 = ORIENTED_EDGE('',*,*,#2171,.T.);
#2356 = ORIENTED_EDGE('',*,*,#1013,.T.);
#2357 = ADVANCED_FACE('',(#2358),#356,.T.);
#2358 = FACE_BOUND('',#2359,.T.);
#2359 = EDGE_LOOP('',(#2360,#2361,#2383,#2384,#2405,#2406));
#2360 = ORIENTED_EDGE('',*,*,#978,.F.);
#2361 = ORIENTED_EDGE('',*,*,#2362,.T.);
#2362 = EDGE_CURVE('',#791,#333,#2363,.T.);
#2363 = SURFACE_CURVE('',#2364,(#2369,#2376),.PCURVE_S1.);
#2364 = CIRCLE('',#2365,8.17);
#2365 = AXIS2_PLACEMENT_3D('',#2366,#2367,#2368);
#2366 = CARTESIAN_POINT('',(40.8,32.98,0.));
#2367 = DIRECTION('',(0.,1.,-0.));
#2368 = DIRECTION('',(-0.90268184699,0.,0.430308590566));
#2369 = PCURVE('',#356,#2370);
#2370 = DEFINITIONAL_REPRESENTATION('',(#2371),#2375);
#2371 = CIRCLE('',#2372,8.17);
#2372 = AXIS2_PLACEMENT_2D('',#2373,#2374);
#2373 = CARTESIAN_POINT('',(0.,0.));
#2374 = DIRECTION('',(0.430308590566,-0.90268184699));
#2375 = ( GEOMETRIC_REPRESENTATION_CONTEXT(2) 
PARAMETRIC_REPRESENTATION_CONTEXT() REPRESENTATION_CONTEXT('2D SPACE',''
  ) );
#2376 = PCURVE('',#498,#2377);
#2377 = DEFINITIONAL_REPRESENTATION('',(#2378),#2382);
#2378 = LINE('',#2379,#2380);
#2379 = CARTESIAN_POINT('',(5.157223589199,14.96));
#2380 = VECTOR('',#2381,1.);
#2381 = DIRECTION('',(1.,0.));
#2382 = ( GEOMETRIC_REPRESENTATION_CONTEXT(2) 
PARAMETRIC_REPRESENTATION_CONTEXT() REPRESENTATION_CONTEXT('2D SPACE',''
  ) );
#2383 = ORIENTED_EDGE('',*,*,#332,.T.);
#2384 = ORIENTED_EDGE('',*,*,#2385,.T.);
#2385 = EDGE_CURVE('',#304,#2197,#2386,.T.);
#2386 = SURFACE_CURVE('',#2387,(#2391,#2398),.PCURVE_S1.);
#2387 = LINE('',#2388,#2389);
#2388 = CARTESIAN_POINT('',(40.8,32.98,0.));
#2389 = VECTOR('',#2390,1.);
#2390 = DIRECTION('',(0.,0.,1.));
#2391 = PCURVE('',#356,#2392);
#2392 = DEFINITIONAL_REPRESENTATION('',(#2393),#2397);
#2393 = LINE('',#2394,#2395);
#2394 = CARTESIAN_POINT('',(0.,0.));
#2395 = VECTOR('',#2396,1.);
#2396 = DIRECTION('',(1.,0.));
#2397 = ( GEOMETRIC_REPRESENTATION_CONTEXT(2) 
PARAMETRIC_REPRESENTATION_CONTEXT() REPRESENTATION_CONTEXT('2D SPACE',''
  ) );
#2398 = PCURVE('',#320,#2399);
#2399 = DEFINITIONAL_REPRESENTATION('',(#2400),#2404);
#2400 = LINE('',#2401,#2402);
#2401 = CARTESIAN_POINT('',(7.48,0.));
#2402 = VECTOR('',#2403,1.);
#2403 = DIRECTION('',(0.,1.));
#2404 = ( GEOMETRIC_REPRESENTATION_CONTEXT(2) 
PARAMETRIC_REPRESENTATION_CONTEXT() REPRESENTATION_CONTEXT('2D SPACE',''
  ) );
#2405 = ORIENTED_EDGE('',*,*,#2219,.F.);
#2406 = ORIENTED_EDGE('',*,*,#2335,.T.);
#2407 = ADVANCED_FACE('',(#2408),#498,.T.);
#2408 = FACE_BOUND('',#2409,.T.);
#2409 = EDGE_LOOP('',(#2410,#2432,#2433,#2434));
#2410 = ORIENTED_EDGE('',*,*,#2411,.T.);
#2411 = EDGE_CURVE('',#756,#373,#2412,.T.);
#2412 = SURFACE_CURVE('',#2413,(#2418,#2425),.PCURVE_S1.);
#2413 = CIRCLE('',#2414,8.17);
#2414 = AXIS2_PLACEMENT_3D('',#2415,#2416,#2417);
#2415 = CARTESIAN_POINT('',(40.8,18.02,0.));
#2416 = DIRECTION('',(0.,1.,-0.));
#2417 = DIRECTION('',(-0.902681846576,0.,0.430308591434));
#2418 = PCURVE('',#498,#2419);
#2419 = DEFINITIONAL_REPRESENTATION('',(#2420),#2424);
#2420 = LINE('',#2421,#2422);
#2421 = CARTESIAN_POINT('',(5.157223590161,0.));
#2422 = VECTOR('',#2423,1.);
#2423 = DIRECTION('',(1.,0.));
#2424 = ( GEOMETRIC_REPRESENTATION_CONTEXT(2) 
PARAMETRIC_REPRESENTATION_CONTEXT() REPRESENTATION_CONTEXT('2D SPACE',''
  ) );
#2425 = PCURVE('',#589,#2426);
#2426 = DEFINITIONAL_REPRESENTATION('',(#2427),#2431);
#2427 = CIRCLE('',#2428,8.17);
#2428 = AXIS2_PLACEMENT_2D('',#2429,#2430);
#2429 = CARTESIAN_POINT('',(0.,0.));
#2430 = DIRECTION('',(0.430308591434,-0.902681846576));
#2431 = ( GEOMETRIC_REPRESENTATION_CONTEXT(2) 
PARAMETRIC_REPRESENTATION_CONTEXT() REPRESENTATION_CONTEXT('2D SPACE',''
  ) );
#2432 = ORIENTED_EDGE('',*,*,#372,.F.);
#2433 = ORIENTED_EDGE('',*,*,#2362,.F.);
#2434 = ORIENTED_EDGE('',*,*,#790,.F.);
#2435 = ADVANCED_FACE('',(#2436),#589,.F.);
#2436 = FACE_BOUND('',#2437,.F.);
#2437 = EDGE_LOOP('',(#2438,#2439,#2440,#2441,#2462,#2463));
#2438 = ORIENTED_EDGE('',*,*,#755,.F.);
#2439 = ORIENTED_EDGE('',*,*,#2411,.T.);
#2440 = ORIENTED_EDGE('',*,*,#565,.T.);
#2441 = ORIENTED_EDGE('',*,*,#2442,.T.);
#2442 = EDGE_CURVE('',#566,#2265,#2443,.T.);
#2443 = SURFACE_CURVE('',#2444,(#2448,#2455),.PCURVE_S1.);
#2444 = LINE('',#2445,#2446);
#2445 = CARTESIAN_POINT('',(40.8,18.02,0.));
#2446 = VECTOR('',#2447,1.);
#2447 = DIRECTION('',(0.,0.,1.));
#2448 = PCURVE('',#589,#2449);
#2449 = DEFINITIONAL_REPRESENTATION('',(#2450),#2454);
#2450 = LINE('',#2451,#2452);
#2451 = CARTESIAN_POINT('',(0.,0.));
#2452 = VECTOR('',#2453,1.);
#2453 = DIRECTION('',(1.,0.));
#2454 = ( GEOMETRIC_REPRESENTATION_CONTEXT(2) 
PARAMETRIC_REPRESENTATION_CONTEXT() REPRESENTATION_CONTEXT('2D SPACE',''
  ) );
#2455 = PCURVE('',#622,#2456);
#2456 = DEFINITIONAL_REPRESENTATION('',(#2457),#2461);
#2457 = LINE('',#2458,#2459);
#2458 = CARTESIAN_POINT('',(-7.48,0.));
#2459 = VECTOR('',#2460,1.);
#2460 = DIRECTION('',(0.,1.));
#2461 = ( GEOMETRIC_REPRESENTATION_CONTEXT(2) 
PARAMETRIC_REPRESENTATION_CONTEXT() REPRESENTATION_CONTEXT('2D SPACE',''
  ) );
#2462 = ORIENTED_EDGE('',*,*,#2264,.F.);
#2463 = ORIENTED_EDGE('',*,*,#2464,.T.);
#2464 = EDGE_CURVE('',#2242,#727,#2465,.T.);
#2465 = SURFACE_CURVE('',#2466,(#2470,#2477),.PCURVE_S1.);
#2466 = LINE('',#2467,#2468);
#2467 = CARTESIAN_POINT('',(40.8,18.02,0.));
#2468 = VECTOR('',#2469,1.);
#2469 = DIRECTION('',(0.,0.,1.));
#2470 = PCURVE('',#589,#2471);
#2471 = DEFINITIONAL_REPRESENTATION('',(#2472),#2476);
#2472 = LINE('',#2473,#2474);
#2473 = CARTESIAN_POINT('',(0.,0.));
#2474 = VECTOR('',#2475,1.);
#2475 = DIRECTION('',(1.,0.));
#2476 = ( GEOMETRIC_REPRESENTATION_CONTEXT(2) 
PARAMETRIC_REPRESENTATION_CONTEXT() REPRESENTATION_CONTEXT('2D SPACE',''
  ) );
#2477 = PCURVE('',#743,#2478);
#2478 = DEFINITIONAL_REPRESENTATION('',(#2479),#2483);
#2479 = LINE('',#2480,#2481);
#2480 = CARTESIAN_POINT('',(-7.48,0.));
#2481 = VECTOR('',#2482,1.);
#2482 = DIRECTION('',(0.,1.));
#2483 = ( GEOMETRIC_REPRESENTATION_CONTEXT(2) 
PARAMETRIC_REPRESENTATION_CONTEXT() REPRESENTATION_CONTEXT('2D SPACE',''
  ) );
#2484 = ADVANCED_FACE('',(#2485),#743,.T.);
#2485 = FACE_BOUND('',#2486,.T.);
#2486 = EDGE_LOOP('',(#2487,#2488,#2489));
#2487 = ORIENTED_EDGE('',*,*,#2310,.T.);
#2488 = ORIENTED_EDGE('',*,*,#2464,.T.);
#2489 = ORIENTED_EDGE('',*,*,#726,.T.);
#2490 = ADVANCED_FACE('',(#2491),#622,.T.);
#2491 = FACE_BOUND('',#2492,.T.);
#2492 = EDGE_LOOP('',(#2493,#2494,#2495));
#2493 = ORIENTED_EDGE('',*,*,#2442,.T.);
#2494 = ORIENTED_EDGE('',*,*,#2288,.F.);
#2495 = ORIENTED_EDGE('',*,*,#605,.T.);
#2496 = ADVANCED_FACE('',(#2497),#320,.T.);
#2497 = FACE_BOUND('',#2498,.T.);
#2498 = EDGE_LOOP('',(#2499,#2500,#2501));
#2499 = ORIENTED_EDGE('',*,*,#2385,.F.);
#2500 = ORIENTED_EDGE('',*,*,#303,.T.);
#2501 = ORIENTED_EDGE('',*,*,#2196,.F.);
#2502 = ADVANCED_FACE('',(#2503),#141,.F.);
#2503 = FACE_BOUND('',#2504,.F.);
#2504 = EDGE_LOOP('',(#2505,#2506,#2507));
#2505 = ORIENTED_EDGE('',*,*,#1913,.F.);
#2506 = ORIENTED_EDGE('',*,*,#124,.T.);
#2507 = ORIENTED_EDGE('',*,*,#2134,.F.);
#2508 = ( GEOMETRIC_REPRESENTATION_CONTEXT(3) 
GLOBAL_UNCERTAINTY_ASSIGNED_CONTEXT((#2512)) 
GLOBAL_UNIT_ASSIGNED_CONTEXT((#2509,#2510,#2511)) REPRESENTATION_CONTEXT
('Context #1','3D Context with UNIT and UNCERTAINTY') );
#2509 = ( LENGTH_UNIT() NAMED_UNIT(*) SI_UNIT(.MILLI.,.METRE.) );
#2510 = ( NAMED_UNIT(*) PLANE_ANGLE_UNIT() SI_UNIT($,.RADIAN.) );
#2511 = ( NAMED_UNIT(*) SI_UNIT($,.STERADIAN.) SOLID_ANGLE_UNIT() );
#2512 = UNCERTAINTY_MEASURE_WITH_UNIT(LENGTH_MEASURE(2.E-06),#2509,
  'distance_accuracy_value','confusion accuracy');
#2513 = CONTEXT_DEPENDENT_SHAPE_REPRESENTATION(#2514,#2516);
#2514 = ( REPRESENTATION_RELATIONSHIP('','',#44,#10) 
REPRESENTATION_RELATIONSHIP_WITH_TRANSFORMATION(#2515) 
SHAPE_REPRESENTATION_RELATIONSHIP() );
#2515 = ITEM_DEFINED_TRANSFORMATION('','',#11,#15);
#2516 = PRODUCT_DEFINITION_SHAPE('Placement','Placement of an item',
  #2517);
#2517 = NEXT_ASSEMBLY_USAGE_OCCURRENCE('23','','',#5,#39,$);
#2518 = PRODUCT_RELATED_PRODUCT_CATEGORY('part',$,(#41));
#2519 = SHAPE_DEFINITION_REPRESENTATION(#2520,#2526);
#2520 = PRODUCT_DEFINITION_SHAPE('','',#2521);
#2521 = PRODUCT_DEFINITION('design','',#2522,#2525);
#2522 = PRODUCT_DEFINITION_FORMATION('','',#2523);
#2523 = PRODUCT('Open CASCADE STEP translator 7.8 3.2',
  'Open CASCADE STEP translator 7.8 3.2','',(#2524));
#2524 = PRODUCT_CONTEXT('',#2,'mechanical');
#2525 = PRODUCT_DEFINITION_CONTEXT('part definition',#2,'design');
#2526 = ADVANCED_BREP_SHAPE_REPRESENTATION('',(#11,#2527),#5347);
#2527 = MANIFOLD_SOLID_BREP('',#2528);
#2528 = CLOSED_SHELL('',(#2529,#4677,#4772,#4800,#4874,#4900,#4994,#5000
    ,#5006,#5170,#5196,#5246,#5274,#5323,#5329,#5335,#5341));
#2529 = ADVANCED_FACE('',(#2530),#2557,.T.);
#2530 = FACE_BOUND('',#2531,.T.);
#2531 = EDGE_LOOP('',(#2532,#2632,#2661,#2731,#2753,#2823,#2852,#2898,
    #3112,#3158,#3187,#3333,#3362,#3403,#3612,#3653,#3682,#3760,#3761,
    #3826,#3855,#3917,#4152,#4219,#4248,#4358,#4387,#4449));
#2532 = ORIENTED_EDGE('',*,*,#2533,.F.);
#2533 = EDGE_CURVE('',#2534,#2536,#2538,.T.);
#2534 = VERTEX_POINT('',#2535);
#2535 = CARTESIAN_POINT('',(43.3,32.98,-3.008577876734));
#2536 = VERTEX_POINT('',#2537);
#2537 = CARTESIAN_POINT('',(51.238724761849,32.98,-1.930168167703));
#2538 = SURFACE_CURVE('',#2539,(#2556,#2607),.PCURVE_S1.);
#2539 = B_SPLINE_CURVE_WITH_KNOTS('',8,(#2540,#2541,#2542,#2543,#2544,
    #2545,#2546,#2547,#2548,#2549,#2550,#2551,#2552,#2553,#2554,#2555),
  .UNSPECIFIED.,.F.,.F.,(9,7,9),(0.,0.865695636316,1.),.UNSPECIFIED.);
#2540 = CARTESIAN_POINT('',(43.3,32.98,-3.008577869708));
#2541 = CARTESIAN_POINT('',(44.186967468822,32.98,-2.908912551287));
#2542 = CARTESIAN_POINT('',(45.073486687128,32.98,-2.805733413039));
#2543 = CARTESIAN_POINT('',(45.959538109753,32.98,-2.698576105855));
#2544 = CARTESIAN_POINT('',(46.845047145509,32.98,-2.586838206811));
#2545 = CARTESIAN_POINT('',(47.729889057344,32.98,-2.469803713873));
#2546 = CARTESIAN_POINT('',(48.613849922796,32.98,-2.346379509348));
#2547 = CARTESIAN_POINT('',(49.496644532369,32.98,-2.21521077626));
#2548 = CARTESIAN_POINT('',(50.514444780573,32.98,-2.051509905582));
#2549 = CARTESIAN_POINT('',(50.651098194558,32.98,-2.029270466547));
#2550 = CARTESIAN_POINT('',(50.787707770538,32.98,-2.006766855142));
#2551 = CARTESIAN_POINT('',(50.924271013654,32.98,-1.983987811924));
#2552 = CARTESIAN_POINT('',(51.060785140309,32.98,-1.960921111973));
#2553 = CARTESIAN_POINT('',(51.197247047006,32.98,-1.937553384257));
#2554 = CARTESIAN_POINT('',(51.333653279174,32.98,-1.913869930998));
#2555 = CARTESIAN_POINT('',(51.47,32.98,-1.889854547036));
#2556 = PCURVE('',#2557,#2588);
#2557 = B_SPLINE_SURFACE_WITH_KNOTS('',14,1,(
    (#2558,#2559)
    ,(#2560,#2561)
    ,(#2562,#2563)
    ,(#2564,#2565)
    ,(#2566,#2567)
    ,(#2568,#2569)
    ,(#2570,#2571)
    ,(#2572,#2573)
    ,(#2574,#2575)
    ,(#2576,#2577)
    ,(#2578,#2579)
    ,(#2580,#2581)
    ,(#2582,#2583)
    ,(#2584,#2585)
    ,(#2586,#2587
    )),.UNSPECIFIED.,.T.,.F.,.F.,(15,15),(2,2),(0.,6.28318530718),(0.,1.
    ),.PIECEWISE_BEZIER_KNOTS.);
#2558 = CARTESIAN_POINT('',(43.3,33.67,-2.412335644269E-15));
#2559 = CARTESIAN_POINT('',(65.7,32.53,9.585395327885E-16));
#2560 = CARTESIAN_POINT('',(43.3,33.670000000001,3.357016149838));
#2561 = CARTESIAN_POINT('',(65.699999999997,32.530000000001,
    2.975537041902));
#2562 = CARTESIAN_POINT('',(43.3,31.897809668997,6.714033538822));
#2563 = CARTESIAN_POINT('',(65.700000000015,31.005092040766,
    5.951075182139));
#2564 = CARTESIAN_POINT('',(43.3,28.35342674143,9.22148871237));
#2565 = CARTESIAN_POINT('',(65.699999999952,27.955274172854,
    8.173592267779));
#2566 = CARTESIAN_POINT('',(43.3,23.566891277589,10.029914016773));
#2567 = CARTESIAN_POINT('',(65.700000000118,23.836627378397,
    8.89015106033));
#2568 = CARTESIAN_POINT('',(43.3,18.598182854493,8.594346920365));
#2569 = CARTESIAN_POINT('',(65.69999999978,19.561227107348,
    7.617716588491));
#2570 = CARTESIAN_POINT('',(43.3,14.805129297471,4.980821634564));
#2571 = CARTESIAN_POINT('',(65.700000000325,16.297436837363,
    4.414819176112));
#2572 = CARTESIAN_POINT('',(43.3,13.377120321235,1.144400130215E-10));
#2573 = CARTESIAN_POINT('',(65.699999999617,15.068684927574,
    7.623235376287E-11));
#2574 = CARTESIAN_POINT('',(43.3,14.805129297476,-4.980821634774));
#2575 = CARTESIAN_POINT('',(65.700000000364,16.297436837361,
    -4.414819176252));
#2576 = CARTESIAN_POINT('',(43.3,18.598182854486,-8.594346920204));
#2577 = CARTESIAN_POINT('',(65.69999999972,19.561227107351,
    -7.617716588383));
#2578 = CARTESIAN_POINT('',(43.3,23.566891277596,-10.02991401687));
#2579 = CARTESIAN_POINT('',(65.700000000173,23.836627378394,
    -8.890151060398));
#2580 = CARTESIAN_POINT('',(43.3,28.353426741426,-9.22148871232));
#2581 = CARTESIAN_POINT('',(65.699999999916,27.955274172856,
    -8.173592267744));
#2582 = CARTESIAN_POINT('',(43.3,31.897809668998,-6.71403353884));
#2583 = CARTESIAN_POINT('',(65.70000000003,31.005092040766,
    -5.951075182152));
#2584 = CARTESIAN_POINT('',(43.3,33.670000000001,-3.357016149834));
#2585 = CARTESIAN_POINT('',(65.699999999994,32.530000000001,
    -2.975537041899));
#2586 = CARTESIAN_POINT('',(43.3,33.67,1.362816524896E-15));
#2587 = CARTESIAN_POINT('',(65.7,32.53,2.366853312474E-15));
#2588 = DEFINITIONAL_REPRESENTATION('',(#2589),#2606);
#2589 = B_SPLINE_CURVE_WITH_KNOTS('',8,(#2590,#2591,#2592,#2593,#2594,
    #2595,#2596,#2597,#2598,#2599,#2600,#2601,#2602,#2603,#2604,#2605),
  .UNSPECIFIED.,.F.,.F.,(9,7,9),(0.,0.865695636316,1.),.UNSPECIFIED.);
#2590 = CARTESIAN_POINT('',(5.86924900704,0.));
#2591 = CARTESIAN_POINT('',(5.881825580986,3.959676200098E-02));
#2592 = CARTESIAN_POINT('',(5.894966183043,7.917351281829E-02));
#2593 = CARTESIAN_POINT('',(5.908740703469,0.1187293799));
#2594 = CARTESIAN_POINT('',(5.923239447501,0.158261033282));
#2595 = CARTESIAN_POINT('',(5.938569680071,0.197762904346));
#2596 = CARTESIAN_POINT('',(5.954893845105,0.237225442982));
#2597 = CARTESIAN_POINT('',(5.972413100086,0.276635916624));
#2598 = CARTESIAN_POINT('',(5.994506363463,0.322073427704));
#2599 = CARTESIAN_POINT('',(5.997512239564,0.328174026543));
#2600 = CARTESIAN_POINT('',(6.00055830953,0.334272668328));
#2601 = CARTESIAN_POINT('',(6.003646227214,0.340369241681));
#2602 = CARTESIAN_POINT('',(6.006777787021,0.346463622335));
#2603 = CARTESIAN_POINT('',(6.009954950039,0.352555671741));
#2604 = CARTESIAN_POINT('',(6.013179870186,0.358645235677));
#2605 = CARTESIAN_POINT('',(6.016454920342,0.364732142857));
#2606 = ( GEOMETRIC_REPRESENTATION_CONTEXT(2) 
PARAMETRIC_REPRESENTATION_CONTEXT() REPRESENTATION_CONTEXT('2D SPACE',''
  ) );
#2607 = PCURVE('',#2608,#2613);
#2608 = PLANE('',#2609);
#2609 = AXIS2_PLACEMENT_3D('',#2610,#2611,#2612);
#2610 = CARTESIAN_POINT('',(43.3,32.98,0.));
#2611 = DIRECTION('',(0.,1.,0.));
#2612 = DIRECTION('',(0.,-0.,1.));
#2613 = DEFINITIONAL_REPRESENTATION('',(#2614),#2631);
#2614 = B_SPLINE_CURVE_WITH_KNOTS('',8,(#2615,#2616,#2617,#2618,#2619,
    #2620,#2621,#2622,#2623,#2624,#2625,#2626,#2627,#2628,#2629,#2630),
  .UNSPECIFIED.,.F.,.F.,(9,7,9),(0.,0.865695636316,1.),.UNSPECIFIED.);
#2615 = CARTESIAN_POINT('',(-3.008577869708,0.));
#2616 = CARTESIAN_POINT('',(-2.908912551287,0.886967468822));
#2617 = CARTESIAN_POINT('',(-2.805733413039,1.773486687128));
#2618 = CARTESIAN_POINT('',(-2.698576105855,2.659538109753));
#2619 = CARTESIAN_POINT('',(-2.586838206811,3.545047145509));
#2620 = CARTESIAN_POINT('',(-2.469803713873,4.429889057344));
#2621 = CARTESIAN_POINT('',(-2.346379509348,5.313849922796));
#2622 = CARTESIAN_POINT('',(-2.21521077626,6.196644532369));
#2623 = CARTESIAN_POINT('',(-2.051509905582,7.214444780573));
#2624 = CARTESIAN_POINT('',(-2.029270466547,7.351098194558));
#2625 = CARTESIAN_POINT('',(-2.006766855142,7.487707770538));
#2626 = CARTESIAN_POINT('',(-1.983987811924,7.624271013654));
#2627 = CARTESIAN_POINT('',(-1.960921111973,7.760785140309));
#2628 = CARTESIAN_POINT('',(-1.937553384257,7.897247047006));
#2629 = CARTESIAN_POINT('',(-1.913869930998,8.033653279174));
#2630 = CARTESIAN_POINT('',(-1.889854547036,8.17));
#2631 = ( GEOMETRIC_REPRESENTATION_CONTEXT(2) 
PARAMETRIC_REPRESENTATION_CONTEXT() REPRESENTATION_CONTEXT('2D SPACE',''
  ) );
#2632 = ORIENTED_EDGE('',*,*,#2633,.T.);
#2633 = EDGE_CURVE('',#2534,#2634,#2636,.T.);
#2634 = VERTEX_POINT('',#2635);
#2635 = CARTESIAN_POINT('',(43.3,33.480903248947,-1.6));
#2636 = SURFACE_CURVE('',#2637,(#2642,#2649),.PCURVE_S1.);
#2637 = ELLIPSE('',#2638,8.17,7.48);
#2638 = AXIS2_PLACEMENT_3D('',#2639,#2640,#2641);
#2639 = CARTESIAN_POINT('',(43.3,25.5,0.));
#2640 = DIRECTION('',(1.,0.,0.));
#2641 = DIRECTION('',(0.,1.,0.));
#2642 = PCURVE('',#2557,#2643);
#2643 = DEFINITIONAL_REPRESENTATION('',(#2644),#2648);
#2644 = LINE('',#2645,#2646);
#2645 = CARTESIAN_POINT('',(0.,0.));
#2646 = VECTOR('',#2647,1.);
#2647 = DIRECTION('',(1.,0.));
#2648 = ( GEOMETRIC_REPRESENTATION_CONTEXT(2) 
PARAMETRIC_REPRESENTATION_CONTEXT() REPRESENTATION_CONTEXT('2D SPACE',''
  ) );
#2649 = PCURVE('',#2650,#2655);
#2650 = PLANE('',#2651);
#2651 = AXIS2_PLACEMENT_3D('',#2652,#2653,#2654);
#2652 = CARTESIAN_POINT('',(43.3,25.5,0.));
#2653 = DIRECTION('',(1.,0.,0.));
#2654 = DIRECTION('',(0.,1.,0.));
#2655 = DEFINITIONAL_REPRESENTATION('',(#2656),#2660);
#2656 = ELLIPSE('',#2657,8.17,7.48);
#2657 = AXIS2_PLACEMENT_2D('',#2658,#2659);
#2658 = CARTESIAN_POINT('',(0.,0.));
#2659 = DIRECTION('',(1.,0.));
#2660 = ( GEOMETRIC_REPRESENTATION_CONTEXT(2) 
PARAMETRIC_REPRESENTATION_CONTEXT() REPRESENTATION_CONTEXT('2D SPACE',''
  ) );
#2661 = ORIENTED_EDGE('',*,*,#2662,.T.);
#2662 = EDGE_CURVE('',#2634,#2663,#2665,.T.);
#2663 = VERTEX_POINT('',#2664);
#2664 = CARTESIAN_POINT('',(44.9,33.588571428571,-2.171558845908E-15));
#2665 = SURFACE_CURVE('',#2666,(#2684,#2705),.PCURVE_S1.);
#2666 = B_SPLINE_CURVE_WITH_KNOTS('',6,(#2667,#2668,#2669,#2670,#2671,
    #2672,#2673,#2674,#2675,#2676,#2677,#2678,#2679,#2680,#2681,#2682,
    #2683),.UNSPECIFIED.,.F.,.F.,(7,5,5,7),(0.,0.30374859637,
    0.580580029312,1.),.UNSPECIFIED.);
#2667 = CARTESIAN_POINT('',(43.3,33.480903255441,-1.6));
#2668 = CARTESIAN_POINT('',(43.427641970853,33.474309749442,-1.6));
#2669 = CARTESIAN_POINT('',(43.555536046714,33.470625556183,
    -1.587780552548));
#2670 = CARTESIAN_POINT('',(43.682002753348,33.469966525198,
    -1.563251863201));
#2671 = CARTESIAN_POINT('',(43.805456715048,33.472177457908,
    -1.526692126757));
#2672 = CARTESIAN_POINT('',(43.924419546187,33.476859236315,
    -1.47863131878));
#2673 = CARTESIAN_POINT('',(44.140645283987,33.489515689642,
    -1.366313787143));
#2674 = CARTESIAN_POINT('',(44.238925183521,33.497163374473,
    -1.303854959869));
#2675 = CARTESIAN_POINT('',(44.331420649757,33.506026753204,
    -1.233057431518));
#2676 = CARTESIAN_POINT('',(44.417306989603,33.515625028523,
    -1.154600650434));
#2677 = CARTESIAN_POINT('',(44.495865828167,33.525464927993,
    -1.069231998049));
#2678 = CARTESIAN_POINT('',(44.673465309746,33.54967391567,
    -0.839191392434));
#2679 = CARTESIAN_POINT('',(44.762265443208,33.563772208236,
    -0.686555577763));
#2680 = CARTESIAN_POINT('',(44.83060802206,33.575786971154,
    -0.522789109926));
#2681 = CARTESIAN_POINT('',(44.876876758983,33.584312086588,
    -0.351226370626));
#2682 = CARTESIAN_POINT('',(44.9,33.588571428572,-0.175584555894));
#2683 = CARTESIAN_POINT('',(44.9,33.588571428572,3.01980662698E-14));
#2684 = PCURVE('',#2557,#2685);
#2685 = DEFINITIONAL_REPRESENTATION('',(#2686),#2704);
#2686 = B_SPLINE_CURVE_WITH_KNOTS('',6,(#2687,#2688,#2689,#2690,#2691,
    #2692,#2693,#2694,#2695,#2696,#2697,#2698,#2699,#2700,#2701,#2702,
    #2703),.UNSPECIFIED.,.F.,.F.,(7,5,5,7),(0.,0.30374859637,
    0.580580029312,1.),.UNSPECIFIED.);
#2687 = CARTESIAN_POINT('',(6.067615849145,0.));
#2688 = CARTESIAN_POINT('',(6.067474057315,5.698302270221E-03));
#2689 = CARTESIAN_POINT('',(6.06900407638,1.140785922828E-02));
#2690 = CARTESIAN_POINT('',(6.072225204294,1.70536943459E-02));
#2691 = CARTESIAN_POINT('',(6.077101657985,2.256503192177E-02));
#2692 = CARTESIAN_POINT('',(6.083557466213,2.787587259764E-02));
#2693 = CARTESIAN_POINT('',(6.098697138005,3.752880732086E-02));
#2694 = CARTESIAN_POINT('',(6.107134842561,4.191630283575E-02));
#2695 = CARTESIAN_POINT('',(6.1167102066,4.60455647213E-02));
#2696 = CARTESIAN_POINT('',(6.127325059377,4.987977632157E-02));
#2697 = CARTESIAN_POINT('',(6.138872922688,5.338686732888E-02));
#2698 = CARTESIAN_POINT('',(6.169976944621,6.131541561364E-02));
#2699 = CARTESIAN_POINT('',(6.190603334579,6.527970728607E-02));
#2700 = CARTESIAN_POINT('',(6.212710604814,6.833071527056E-02));
#2701 = CARTESIAN_POINT('',(6.235845636938,7.039628388316E-02));
#2702 = CARTESIAN_POINT('',(6.259519342199,7.142857142857E-02));
#2703 = CARTESIAN_POINT('',(6.28318530718,7.142857142857E-02));
#2704 = ( GEOMETRIC_REPRESENTATION_CONTEXT(2) 
PARAMETRIC_REPRESENTATION_CONTEXT() REPRESENTATION_CONTEXT('2D SPACE',''
  ) );
#2705 = PCURVE('',#2706,#2711);
#2706 = CYLINDRICAL_SURFACE('',#2707,1.6);
#2707 = AXIS2_PLACEMENT_3D('',#2708,#2709,#2710);
#2708 = CARTESIAN_POINT('',(43.3,10.54,0.));
#2709 = DIRECTION('',(0.,1.,0.));
#2710 = DIRECTION('',(0.,-0.,1.));
#2711 = DEFINITIONAL_REPRESENTATION('',(#2712),#2730);
#2712 = B_SPLINE_CURVE_WITH_KNOTS('',6,(#2713,#2714,#2715,#2716,#2717,
    #2718,#2719,#2720,#2721,#2722,#2723,#2724,#2725,#2726,#2727,#2728,
    #2729),.UNSPECIFIED.,.F.,.F.,(7,5,5,7),(0.,0.30374859637,
    0.580580029312,1.),.UNSPECIFIED.);
#2713 = CARTESIAN_POINT('',(3.14159265359,22.940903255441));
#2714 = CARTESIAN_POINT('',(3.061816421807,22.934309749442));
#2715 = CARTESIAN_POINT('',(2.981882779861,22.930625556183));
#2716 = CARTESIAN_POINT('',(2.901926415525,22.929966525198));
#2717 = CARTESIAN_POINT('',(2.822010217851,22.932177457908));
#2718 = CARTESIAN_POINT('',(2.742182802328,22.936859236315));
#2719 = CARTESIAN_POINT('',(2.589897095308,22.949515689642));
#2720 = CARTESIAN_POINT('',(2.517392940829,22.957163374473));
#2721 = CARTESIAN_POINT('',(2.445005202768,22.966026753204));
#2722 = CARTESIAN_POINT('',(2.372709433806,22.975625028523));
#2723 = CARTESIAN_POINT('',(2.300471233002,22.985464927993));
#2724 = CARTESIAN_POINT('',(2.118833440858,23.00967391567));
#2725 = CARTESIAN_POINT('',(2.009406301343,23.023772208236));
#2726 = CARTESIAN_POINT('',(1.899922337796,23.035786971154));
#2727 = CARTESIAN_POINT('',(1.790311837784,23.044312086588));
#2728 = CARTESIAN_POINT('',(1.680536674229,23.048571428572));
#2729 = CARTESIAN_POINT('',(1.570796326795,23.048571428572));
#2730 = ( GEOMETRIC_REPRESENTATION_CONTEXT(2) 
PARAMETRIC_REPRESENTATION_CONTEXT() REPRESENTATION_CONTEXT('2D SPACE',''
  ) );
#2731 = ORIENTED_EDGE('',*,*,#2732,.T.);
#2732 = EDGE_CURVE('',#2663,#2733,#2735,.T.);
#2733 = VERTEX_POINT('',#2734);
#2734 = CARTESIAN_POINT('',(64.1,32.611428571429,7.177627344273E-16));
#2735 = SEAM_CURVE('',#2736,(#2739,#2746),.PCURVE_S1.);
#2736 = B_SPLINE_CURVE_WITH_KNOTS('',1,(#2737,#2738),.UNSPECIFIED.,.F.,
  .F.,(2,2),(0.,1.),.PIECEWISE_BEZIER_KNOTS.);
#2737 = CARTESIAN_POINT('',(43.3,33.67,-2.412335644269E-15));
#2738 = CARTESIAN_POINT('',(65.7,32.53,9.585395327885E-16));
#2739 = PCURVE('',#2557,#2740);
#2740 = DEFINITIONAL_REPRESENTATION('',(#2741),#2745);
#2741 = LINE('',#2742,#2743);
#2742 = CARTESIAN_POINT('',(0.,0.));
#2743 = VECTOR('',#2744,1.);
#2744 = DIRECTION('',(0.,1.));
#2745 = ( GEOMETRIC_REPRESENTATION_CONTEXT(2) 
PARAMETRIC_REPRESENTATION_CONTEXT() REPRESENTATION_CONTEXT('2D SPACE',''
  ) );
#2746 = PCURVE('',#2557,#2747);
#2747 = DEFINITIONAL_REPRESENTATION('',(#2748),#2752);
#2748 = LINE('',#2749,#2750);
#2749 = CARTESIAN_POINT('',(6.28318530718,0.));
#2750 = VECTOR('',#2751,1.);
#2751 = DIRECTION('',(0.,1.));
#2752 = ( GEOMETRIC_REPRESENTATION_CONTEXT(2) 
PARAMETRIC_REPRESENTATION_CONTEXT() REPRESENTATION_CONTEXT('2D SPACE',''
  ) );
#2753 = ORIENTED_EDGE('',*,*,#2754,.T.);
#2754 = EDGE_CURVE('',#2733,#2755,#2757,.T.);
#2755 = VERTEX_POINT('',#2756);
#2756 = CARTESIAN_POINT('',(65.7,32.32221978811,-1.6));
#2757 = SURFACE_CURVE('',#2758,(#2776,#2797),.PCURVE_S1.);
#2758 = B_SPLINE_CURVE_WITH_KNOTS('',6,(#2759,#2760,#2761,#2762,#2763,
    #2764,#2765,#2766,#2767,#2768,#2769,#2770,#2771,#2772,#2773,#2774,
    #2775),.UNSPECIFIED.,.F.,.F.,(7,5,5,7),(0.,0.359336931829,
    0.786525238362,1.),.UNSPECIFIED.);
#2759 = CARTESIAN_POINT('',(64.1,32.611428571429,3.064215547965E-14));
#2760 = CARTESIAN_POINT('',(64.1,32.611428571429,-0.151642575287));
#2761 = CARTESIAN_POINT('',(64.117247182439,32.606167298615,
    -0.303337384688));
#2762 = CARTESIAN_POINT('',(64.151759555197,32.595637231206,
    -0.452168301387));
#2763 = CARTESIAN_POINT('',(64.202759462253,32.580412810969,
    -0.595595100837));
#2764 = CARTESIAN_POINT('',(64.269118731456,32.561473531556,
    -0.731435765043));
#2765 = CARTESIAN_POINT('',(64.44483173496,32.514432676422,
    -1.008086369681));
#2766 = CARTESIAN_POINT('',(64.559957496375,32.485271182004,
    -1.145022116676));
#2767 = CARTESIAN_POINT('',(64.692625712326,32.454382543532,
    -1.265893265472));
#2768 = CARTESIAN_POINT('',(64.840393963332,32.423966783891,
    -1.368319631893));
#2769 = CARTESIAN_POINT('',(65.000506209396,32.396218445868,
    -1.450112575439));
#2770 = CARTESIAN_POINT('',(65.254080295265,32.361072298066,
    -1.539212835882));
#2771 = CARTESIAN_POINT('',(65.340793808108,32.350440932599,
    -1.563305796801));
#2772 = CARTESIAN_POINT('',(65.429268117042,32.341099186192,
    -1.581578533621));
#2773 = CARTESIAN_POINT('',(65.519000179266,32.333217757421,
    -1.593849127802));
#2774 = CARTESIAN_POINT('',(65.609442133597,32.326910990959,-1.6));
#2775 = CARTESIAN_POINT('',(65.7,32.322219793496,-1.6));
#2776 = PCURVE('',#2557,#2777);
#2777 = DEFINITIONAL_REPRESENTATION('',(#2778),#2796);
#2778 = B_SPLINE_CURVE_WITH_KNOTS('',6,(#2779,#2780,#2781,#2782,#2783,
    #2784,#2785,#2786,#2787,#2788,#2789,#2790,#2791,#2792,#2793,#2794,
    #2795),.UNSPECIFIED.,.F.,.F.,(7,5,5,7),(0.,0.359336931829,
    0.786525238362,1.),.UNSPECIFIED.);
#2779 = CARTESIAN_POINT('',(6.28318530718,0.928571428571));
#2780 = CARTESIAN_POINT('',(6.260520675451,0.928571428571));
#2781 = CARTESIAN_POINT('',(6.237848231233,0.929341392073));
#2782 = CARTESIAN_POINT('',(6.215572933467,0.930882123));
#2783 = CARTESIAN_POINT('',(6.194043224661,0.933158904565));
#2784 = CARTESIAN_POINT('',(6.173570940853,0.93612137194));
#2785 = CARTESIAN_POINT('',(6.131689157709,0.943965702454));
#2786 = CARTESIAN_POINT('',(6.110827968621,0.949105245374));
#2787 = CARTESIAN_POINT('',(6.092265448761,0.955027933586));
#2788 = CARTESIAN_POINT('',(6.076391397906,0.961624730506));
#2789 = CARTESIAN_POINT('',(6.063595831632,0.968772598634));
#2790 = CARTESIAN_POINT('',(6.049501196039,0.980092870324));
#2791 = CARTESIAN_POINT('',(6.045654222296,0.983964009291));
#2792 = CARTESIAN_POINT('',(6.042697578357,0.987913755225));
#2793 = CARTESIAN_POINT('',(6.04066539476,0.99191965086));
#2794 = CARTESIAN_POINT('',(6.039580855831,0.995957238107));
#2795 = CARTESIAN_POINT('',(6.039451965708,1.));
#2796 = ( GEOMETRIC_REPRESENTATION_CONTEXT(2) 
PARAMETRIC_REPRESENTATION_CONTEXT() REPRESENTATION_CONTEXT('2D SPACE',''
  ) );
#2797 = PCURVE('',#2798,#2803);
#2798 = CYLINDRICAL_SURFACE('',#2799,1.6);
#2799 = AXIS2_PLACEMENT_3D('',#2800,#2801,#2802);
#2800 = CARTESIAN_POINT('',(65.7,12.24,0.));
#2801 = DIRECTION('',(0.,1.,0.));
#2802 = DIRECTION('',(0.,-0.,1.));
#2803 = DEFINITIONAL_REPRESENTATION('',(#2804),#2822);
#2804 = B_SPLINE_CURVE_WITH_KNOTS('',6,(#2805,#2806,#2807,#2808,#2809,
    #2810,#2811,#2812,#2813,#2814,#2815,#2816,#2817,#2818,#2819,#2820,
    #2821),.UNSPECIFIED.,.F.,.F.,(7,5,5,7),(0.,0.359336931829,
    0.786525238362,1.),.UNSPECIFIED.);
#2805 = CARTESIAN_POINT('',(4.712388980385,20.371428571429));
#2806 = CARTESIAN_POINT('',(4.61761237083,20.371428571429));
#2807 = CARTESIAN_POINT('',(4.52280360925,20.366167298615));
#2808 = CARTESIAN_POINT('',(4.428249307074,20.355637231206));
#2809 = CARTESIAN_POINT('',(4.334012815949,20.340412810969));
#2810 = CARTESIAN_POINT('',(4.240110360515,20.321473531556));
#2811 = CARTESIAN_POINT('',(4.035275617057,20.274432676422));
#2812 = CARTESIAN_POINT('',(3.924454334549,20.245271182004));
#2813 = CARTESIAN_POINT('',(3.813748111048,20.214382543532));
#2814 = CARTESIAN_POINT('',(3.702861515,20.183966783891));
#2815 = CARTESIAN_POINT('',(3.591503653998,20.156218445868));
#2816 = CARTESIAN_POINT('',(3.423520822105,20.121072298066));
#2817 = CARTESIAN_POINT('',(3.367397433808,20.110440932599));
#2818 = CARTESIAN_POINT('',(3.311126797791,20.101099186192));
#2819 = CARTESIAN_POINT('',(3.254717361244,20.093217757421));
#2820 = CARTESIAN_POINT('',(3.198191320092,20.086910990959));
#2821 = CARTESIAN_POINT('',(3.14159265359,20.082219793496));
#2822 = ( GEOMETRIC_REPRESENTATION_CONTEXT(2) 
PARAMETRIC_REPRESENTATION_CONTEXT() REPRESENTATION_CONTEXT('2D SPACE',''
  ) );
#2823 = ORIENTED_EDGE('',*,*,#2824,.F.);
#2824 = EDGE_CURVE('',#2825,#2755,#2827,.T.);
#2825 = VERTEX_POINT('',#2826);
#2826 = CARTESIAN_POINT('',(65.7,32.13,-2.204517489897));
#2827 = SURFACE_CURVE('',#2828,(#2833,#2840),.PCURVE_S1.);
#2828 = ELLIPSE('',#2829,7.03,6.63);
#2829 = AXIS2_PLACEMENT_3D('',#2830,#2831,#2832);
#2830 = CARTESIAN_POINT('',(65.7,25.5,0.));
#2831 = DIRECTION('',(1.,0.,0.));
#2832 = DIRECTION('',(0.,1.,0.));
#2833 = PCURVE('',#2557,#2834);
#2834 = DEFINITIONAL_REPRESENTATION('',(#2835),#2839);
#2835 = LINE('',#2836,#2837);
#2836 = CARTESIAN_POINT('',(0.,1.));
#2837 = VECTOR('',#2838,1.);
#2838 = DIRECTION('',(1.,0.));
#2839 = ( GEOMETRIC_REPRESENTATION_CONTEXT(2) 
PARAMETRIC_REPRESENTATION_CONTEXT() REPRESENTATION_CONTEXT('2D SPACE',''
  ) );
#2840 = PCURVE('',#2841,#2846);
#2841 = PLANE('',#2842);
#2842 = AXIS2_PLACEMENT_3D('',#2843,#2844,#2845);
#2843 = CARTESIAN_POINT('',(65.7,25.5,0.));
#2844 = DIRECTION('',(1.,0.,0.));
#2845 = DIRECTION('',(0.,1.,0.));
#2846 = DEFINITIONAL_REPRESENTATION('',(#2847),#2851);
#2847 = ELLIPSE('',#2848,7.03,6.63);
#2848 = AXIS2_PLACEMENT_2D('',#2849,#2850);
#2849 = CARTESIAN_POINT('',(0.,0.));
#2850 = DIRECTION('',(1.,0.));
#2851 = ( GEOMETRIC_REPRESENTATION_CONTEXT(2) 
PARAMETRIC_REPRESENTATION_CONTEXT() REPRESENTATION_CONTEXT('2D SPACE',''
  ) );
#2852 = ORIENTED_EDGE('',*,*,#2853,.F.);
#2853 = EDGE_CURVE('',#2854,#2825,#2856,.T.);
#2854 = VERTEX_POINT('',#2855);
#2855 = CARTESIAN_POINT('',(59.329849036601,32.13,-2.973562964443));
#2856 = SURFACE_CURVE('',#2857,(#2867,#2880),.PCURVE_S1.);
#2857 = B_SPLINE_CURVE_WITH_KNOTS('',8,(#2858,#2859,#2860,#2861,#2862,
    #2863,#2864,#2865,#2866),.UNSPECIFIED.,.F.,.F.,(9,9),(0.,1.),
  .PIECEWISE_BEZIER_KNOTS.);
#2858 = CARTESIAN_POINT('',(58.67,32.13,-3.042578405342));
#2859 = CARTESIAN_POINT('',(59.550365490027,32.13,-2.951482691509));
#2860 = CARTESIAN_POINT('',(60.430403425816,32.13,-2.857488319808));
#2861 = CARTESIAN_POINT('',(61.310088701126,32.13,-2.760245650208));
#2862 = CARTESIAN_POINT('',(62.189367100121,32.13,-2.65931863528));
#2863 = CARTESIAN_POINT('',(63.068154434896,32.13,-2.554175502307));
#2864 = CARTESIAN_POINT('',(63.946322416055,32.13,-2.444079939121));
#2865 = CARTESIAN_POINT('',(64.823697982609,32.13,-2.328082645682));
#2866 = CARTESIAN_POINT('',(65.7,32.13,-2.204517494644));
#2867 = PCURVE('',#2557,#2868);
#2868 = DEFINITIONAL_REPRESENTATION('',(#2869),#2879);
#2869 = B_SPLINE_CURVE_WITH_KNOTS('',8,(#2870,#2871,#2872,#2873,#2874,
    #2875,#2876,#2877,#2878),.UNSPECIFIED.,.F.,.F.,(9,9),(0.,1.),
  .PIECEWISE_BEZIER_KNOTS.);
#2870 = CARTESIAN_POINT('',(5.826294115514,0.686160714286));
#2871 = CARTESIAN_POINT('',(5.838631111153,0.72546274509));
#2872 = CARTESIAN_POINT('',(5.851488227671,0.764750152938));
#2873 = CARTESIAN_POINT('',(5.864924718884,0.804021817015));
#2874 = CARTESIAN_POINT('',(5.879011507241,0.84327531697));
#2875 = CARTESIAN_POINT('',(5.893838970397,0.882506894415));
#2876 = CARTESIAN_POINT('',(5.909526792767,0.921710822145));
#2877 = CARTESIAN_POINT('',(5.926231936919,0.960879374224));
#2878 = CARTESIAN_POINT('',(5.944225347913,1.));
#2879 = ( GEOMETRIC_REPRESENTATION_CONTEXT(2) 
PARAMETRIC_REPRESENTATION_CONTEXT() REPRESENTATION_CONTEXT('2D SPACE',''
  ) );
#2880 = PCURVE('',#2881,#2886);
#2881 = PLANE('',#2882);
#2882 = AXIS2_PLACEMENT_3D('',#2883,#2884,#2885);
#2883 = CARTESIAN_POINT('',(65.7,32.13,0.));
#2884 = DIRECTION('',(0.,1.,0.));
#2885 = DIRECTION('',(0.,-0.,1.));
#2886 = DEFINITIONAL_REPRESENTATION('',(#2887),#2897);
#2887 = B_SPLINE_CURVE_WITH_KNOTS('',8,(#2888,#2889,#2890,#2891,#2892,
    #2893,#2894,#2895,#2896),.UNSPECIFIED.,.F.,.F.,(9,9),(0.,1.),
  .PIECEWISE_BEZIER_KNOTS.);
#2888 = CARTESIAN_POINT('',(-3.042578405342,-7.03));
#2889 = CARTESIAN_POINT('',(-2.951482691509,-6.149634509973));
#2890 = CARTESIAN_POINT('',(-2.857488319808,-5.269596574184));
#2891 = CARTESIAN_POINT('',(-2.760245650208,-4.389911298874));
#2892 = CARTESIAN_POINT('',(-2.65931863528,-3.510632899879));
#2893 = CARTESIAN_POINT('',(-2.554175502307,-2.631845565104));
#2894 = CARTESIAN_POINT('',(-2.444079939121,-1.753677583945));
#2895 = CARTESIAN_POINT('',(-2.328082645682,-0.876302017391));
#2896 = CARTESIAN_POINT('',(-2.204517494644,-1.989519660128E-13));
#2897 = ( GEOMETRIC_REPRESENTATION_CONTEXT(2) 
PARAMETRIC_REPRESENTATION_CONTEXT() REPRESENTATION_CONTEXT('2D SPACE',''
  ) );
#2898 = ORIENTED_EDGE('',*,*,#2899,.T.);
#2899 = EDGE_CURVE('',#2854,#2900,#2902,.T.);
#2900 = VERTEX_POINT('',#2901);
#2901 = CARTESIAN_POINT('',(59.329849038098,18.87,-2.973562967649));
#2902 = SURFACE_CURVE('',#2903,(#2969,#3038),.PCURVE_S1.);
#2903 = B_SPLINE_CURVE_WITH_KNOTS('',8,(#2904,#2905,#2906,#2907,#2908,
    #2909,#2910,#2911,#2912,#2913,#2914,#2915,#2916,#2917,#2918,#2919,
    #2920,#2921,#2922,#2923,#2924,#2925,#2926,#2927,#2928,#2929,#2930,
    #2931,#2932,#2933,#2934,#2935,#2936,#2937,#2938,#2939,#2940,#2941,
    #2942,#2943,#2944,#2945,#2946,#2947,#2948,#2949,#2950,#2951,#2952,
    #2953,#2954,#2955,#2956,#2957,#2958,#2959,#2960,#2961,#2962,#2963,
    #2964,#2965,#2966,#2967,#2968),.UNSPECIFIED.,.F.,.F.,(9,7,7,7,7,7,7,
    7,7,9),(0.,7.29749417635E-02,0.273391569517,0.419355877173,
    0.50131934168,0.576372033638,0.683662260774,0.726177325464,
    0.92600313873,1.),.UNSPECIFIED.);
#2904 = CARTESIAN_POINT('',(59.329848517021,32.1300006,-2.973561851366)
  );
#2905 = CARTESIAN_POINT('',(59.401456699802,32.047309032884,
    -3.126965410644));
#2906 = CARTESIAN_POINT('',(59.475916323987,31.961196904129,
    -3.275462344319));
#2907 = CARTESIAN_POINT('',(59.552927164162,31.871985765076,
    -3.419146823722));
#2908 = CARTESIAN_POINT('',(59.632215682825,31.779965702414,
    -3.558125689159));
#2909 = CARTESIAN_POINT('',(59.713535242139,31.685394584636,
    -3.692517085606));
#2910 = CARTESIAN_POINT('',(59.796666315687,31.58849730849,-3.8224490984
    ));
#2911 = CARTESIAN_POINT('',(59.88141670023,31.489465045437,
    -3.948058388937));
#2912 = CARTESIAN_POINT('',(60.204373144236,31.11104151896,
    -4.40298247886));
#2913 = CARTESIAN_POINT('',(60.451784058469,30.819072109177,
    -4.704517389669));
#2914 = CARTESIAN_POINT('',(60.706668148971,30.5155365158,
    -4.977590932453));
#2915 = CARTESIAN_POINT('',(60.96644162889,30.202550429678,
    -5.224389635426));
#2916 = CARTESIAN_POINT('',(61.228791559737,29.881696646097,
    -5.446839166461));
#2917 = CARTESIAN_POINT('',(61.49153021851,29.553926728027,
    -5.646514895721));
#2918 = CARTESIAN_POINT('',(61.752472991577,29.219605350741,
    -5.824816923637));
#2919 = CARTESIAN_POINT('',(62.195106458323,28.629394290759,
    -6.097922403903));
#2920 = CARTESIAN_POINT('',(62.378724311267,28.377332153168,
    -6.202038459787));
#2921 = CARTESIAN_POINT('',(62.558376607535,28.121563072889,
    -6.295741076681));
#2922 = CARTESIAN_POINT('',(62.732536375625,27.8617936421,
    -6.379304282562));
#2923 = CARTESIAN_POINT('',(62.898946088029,27.597738690447,
    -6.452835885871));
#2924 = CARTESIAN_POINT('',(63.05459258823,27.329112360817,
    -6.516336789522));
#2925 = CARTESIAN_POINT('',(63.194879140698,27.055378717572,
    -6.569727442686));
#2926 = CARTESIAN_POINT('',(63.380960219691,26.618866982959,
    -6.636867866602));
#2927 = CARTESIAN_POINT('',(63.441199274033,26.460106254653,
    -6.65772800502));
#2928 = CARTESIAN_POINT('',(63.493668394724,26.299612505464,
    -6.675229714481));
#2929 = CARTESIAN_POINT('',(63.537189092779,26.137522531918,
    -6.689286578977));
#2930 = CARTESIAN_POINT('',(63.570537351558,25.974058313337,
    -6.699812600335));
#2931 = CARTESIAN_POINT('',(63.592691418024,25.809552110255,
    -6.706730637519));
#2932 = CARTESIAN_POINT('',(63.603106421756,25.644477772457,
    -6.709988010317));
#2933 = CARTESIAN_POINT('',(63.600669070032,25.328383755924,
    -6.709225822442));
#2934 = CARTESIAN_POINT('',(63.589703992956,25.177318106207,
    -6.705796576147));
#2935 = CARTESIAN_POINT('',(63.568966262702,25.026756536279,
    -6.699304000685));
#2936 = CARTESIAN_POINT('',(63.538894292811,24.877063411649,
    -6.6897885763));
#2937 = CARTESIAN_POINT('',(63.500252865093,24.728502229969,
    -6.67730891573));
#2938 = CARTESIAN_POINT('',(63.453957886653,24.581254285527,
    -6.661930845278));
#2939 = CARTESIAN_POINT('',(63.400915416064,24.435434407803,
    -6.643720629937));
#2940 = CARTESIAN_POINT('',(63.257729476632,24.084759173626,
    -6.592739388564));
#2941 = CARTESIAN_POINT('',(63.161443192907,23.881470980874,
    -6.557076812893));
#2942 = CARTESIAN_POINT('',(63.05549250493,23.681075212257,
    -6.515876706191));
#2943 = CARTESIAN_POINT('',(62.941957204185,23.48339738704,
    -6.469215448237));
#2944 = CARTESIAN_POINT('',(62.822468277644,23.288282303598,
    -6.417132641564));
#2945 = CARTESIAN_POINT('',(62.698264574231,23.095576801161,
    -6.359628795634));
#2946 = CARTESIAN_POINT('',(62.570306874527,22.905098878885,
    -6.296649147561));
#2947 = CARTESIAN_POINT('',(62.387377218708,22.641953189226,
    -6.20087609514));
#2948 = CARTESIAN_POINT('',(62.334991213394,22.567601813761,
    -6.172819180009));
#2949 = CARTESIAN_POINT('',(62.282183607758,22.493573528628,
    -6.14388042028));
#2950 = CARTESIAN_POINT('',(62.228998825537,22.419862869334,
    -6.114053636557));
#2951 = CARTESIAN_POINT('',(62.175477585742,22.346465600314,
    -6.08333196385));
#2952 = CARTESIAN_POINT('',(62.12165734861,22.273378560277,
    -6.051707817211));
#2953 = CARTESIAN_POINT('',(62.06757276155,22.200599507558,
    -6.019172857373));
#2954 = CARTESIAN_POINT('',(61.757961420061,21.787497478735,
    -5.828475980015));
#2955 = CARTESIAN_POINT('',(61.497810058857,21.453999543222,
    -5.65107730168));
#2956 = CARTESIAN_POINT('',(61.235830718052,21.12701329726,
    -5.452445549204));
#2957 = CARTESIAN_POINT('',(60.974198001588,20.806894765094,
    -5.231199231668));
#2958 = CARTESIAN_POINT('',(60.715082068992,20.494578489112,
    -4.985782222056));
#2959 = CARTESIAN_POINT('',(60.460770406556,20.191619244904,
    -4.714292880429));
#2960 = CARTESIAN_POINT('',(60.213813745758,19.900096420293,
    -4.414567787116));
#2961 = CARTESIAN_POINT('',(59.889785248117,19.520314745953,
    -3.960433453052));
#2962 = CARTESIAN_POINT('',(59.803702022065,19.419704118596,
    -3.833424064733));
#2963 = CARTESIAN_POINT('',(59.719270027499,19.321275094193,
    -3.701978847221));
#2964 = CARTESIAN_POINT('',(59.636688355948,19.225225350487,
    -3.565955151824));
#2965 = CARTESIAN_POINT('',(59.556184839585,19.131788078749,
    -3.425219174697));
#2966 = CARTESIAN_POINT('',(59.478015854347,19.041231207066,
    -3.279647369574));
#2967 = CARTESIAN_POINT('',(59.402466123051,18.953856623625,
    -3.129127860502));
#2968 = CARTESIAN_POINT('',(59.329848518517,18.8699994,-2.973561854572)
  );
#2969 = PCURVE('',#2557,#2970);
#2970 = DEFINITIONAL_REPRESENTATION('',(#2971),#3037);
#2971 = B_SPLINE_CURVE_WITH_KNOTS('',8,(#2972,#2973,#2974,#2975,#2976,
    #2977,#2978,#2979,#2980,#2981,#2982,#2983,#2984,#2985,#2986,#2987,
    #2988,#2989,#2990,#2991,#2992,#2993,#2994,#2995,#2996,#2997,#2998,
    #2999,#3000,#3001,#3002,#3003,#3004,#3005,#3006,#3007,#3008,#3009,
    #3010,#3011,#3012,#3013,#3014,#3015,#3016,#3017,#3018,#3019,#3020,
    #3021,#3022,#3023,#3024,#3025,#3026,#3027,#3028,#3029,#3030,#3031,
    #3032,#3033,#3034,#3035,#3036),.UNSPECIFIED.,.F.,.F.,(9,7,7,7,7,7,7,
    7,7,9),(0.,7.29749417635E-02,0.273391569517,0.419355877173,
    0.50131934168,0.576372033638,0.683662260774,0.726177325464,
    0.92600313873,1.),.UNSPECIFIED.);
#2972 = CARTESIAN_POINT('',(5.835672889563,0.715618237367));
#2973 = CARTESIAN_POINT('',(5.810720770054,0.718815031241));
#2974 = CARTESIAN_POINT('',(5.786189028149,0.722139121607));
#2975 = CARTESIAN_POINT('',(5.762059354102,0.725577105543));
#2976 = CARTESIAN_POINT('',(5.738313611371,0.729116771555));
#2977 = CARTESIAN_POINT('',(5.7149334079,0.732747109024));
#2978 = CARTESIAN_POINT('',(5.69189966742,0.736458317665));
#2979 = CARTESIAN_POINT('',(5.669192200732,0.740241816975));
#2980 = CARTESIAN_POINT('',(5.585262425205,0.754659515368));
#2981 = CARTESIAN_POINT('',(5.526113647151,0.765704645467));
#2982 = CARTESIAN_POINT('',(5.468813223462,0.777083399508));
#2983 = CARTESIAN_POINT('',(5.413035921091,0.788680429861));
#2984 = CARTESIAN_POINT('',(5.358492189742,0.800392480345));
#2985 = CARTESIAN_POINT('',(5.30491559713,0.812121884755));
#2986 = CARTESIAN_POINT('',(5.25202017696,0.823771115695));
#2987 = CARTESIAN_POINT('',(5.161142563081,0.843531538318));
#2988 = CARTESIAN_POINT('',(5.123083640239,0.851728763896));
#2989 = CARTESIAN_POINT('',(5.085096278294,0.859748955694));
#2990 = CARTESIAN_POINT('',(5.047048130047,0.86752394534));
#2991 = CARTESIAN_POINT('',(5.00881855442,0.874952950358));
#2992 = CARTESIAN_POINT('',(4.970292380276,0.881901454832));
#2993 = CARTESIAN_POINT('',(4.931324751886,0.888164247353));
#2994 = CARTESIAN_POINT('',(4.86953127517,0.896471438379));
#2995 = CARTESIAN_POINT('',(4.847125316158,0.899160681876));
#2996 = CARTESIAN_POINT('',(4.824531133965,0.901503053336));
#2997 = CARTESIAN_POINT('',(4.801756656832,0.903445941642));
#2998 = CARTESIAN_POINT('',(4.778821868159,0.904934703195));
#2999 = CARTESIAN_POINT('',(4.755762262698,0.905923724019));
#3000 = CARTESIAN_POINT('',(4.732633153163,0.906388679543));
#3001 = CARTESIAN_POINT('',(4.688342185262,0.906279869198));
#3002 = CARTESIAN_POINT('',(4.667174057931,0.905790356828));
#3003 = CARTESIAN_POINT('',(4.646067142422,0.904864565299));
#3004 = CARTESIAN_POINT('',(4.625063977583,0.903522066643));
#3005 = CARTESIAN_POINT('',(4.604192986221,0.901797002906));
#3006 = CARTESIAN_POINT('',(4.583471041324,0.899730262797));
#3007 = CARTESIAN_POINT('',(4.562905625956,0.89736229536));
#3008 = CARTESIAN_POINT('',(4.513318587312,0.890970065921));
#3009 = CARTESIAN_POINT('',(4.484462039244,0.886671571112));
#3010 = CARTESIAN_POINT('',(4.455878240069,0.881941629684));
#3011 = CARTESIAN_POINT('',(4.427515849996,0.876873089473));
#3012 = CARTESIAN_POINT('',(4.399324915772,0.871538762395));
#3013 = CARTESIAN_POINT('',(4.371254281899,0.865993954207));
#3014 = CARTESIAN_POINT('',(4.343246327187,0.860281556899));
#3015 = CARTESIAN_POINT('',(4.304133835294,0.852115054407));
#3016 = CARTESIAN_POINT('',(4.293034992838,0.849776393455));
#3017 = CARTESIAN_POINT('',(4.281934339882,0.847418911061));
#3018 = CARTESIAN_POINT('',(4.27082882156,0.845044590426));
#3019 = CARTESIAN_POINT('',(4.259715475155,0.842655249364));
#3020 = CARTESIAN_POINT('',(4.24859139957,0.840252560206));
#3021 = CARTESIAN_POINT('',(4.237453724803,0.837838069712));
#3022 = CARTESIAN_POINT('',(4.173873793348,0.824016134824));
#3023 = CARTESIAN_POINT('',(4.121139571459,0.81240223477));
#3024 = CARTESIAN_POINT('',(4.067732817695,0.800706728484));
#3025 = CARTESIAN_POINT('',(4.013370268983,0.789026696499));
#3026 = CARTESIAN_POINT('',(3.957787871293,0.777459020937));
#3027 = CARTESIAN_POINT('',(3.900698994527,0.766105821721));
#3028 = CARTESIAN_POINT('',(3.841781483598,0.755080970793));
#3029 = CARTESIAN_POINT('',(3.757824805343,0.740615412862));
#3030 = CARTESIAN_POINT('',(3.734825204899,0.736772411699));
#3031 = CARTESIAN_POINT('',(3.711491480363,0.733003126228));
#3032 = CARTESIAN_POINT('',(3.687802579094,0.729316444462));
#3033 = CARTESIAN_POINT('',(3.663738609478,0.725722537481));
#3034 = CARTESIAN_POINT('',(3.639280378164,0.72223285064));
#3035 = CARTESIAN_POINT('',(3.6144089273,0.718860094779));
#3036 = CARTESIAN_POINT('',(3.589105071778,0.715618237434));
#3037 = ( GEOMETRIC_REPRESENTATION_CONTEXT(2) 
PARAMETRIC_REPRESENTATION_CONTEXT() REPRESENTATION_CONTEXT('2D SPACE',''
  ) );
#3038 = PCURVE('',#3039,#3044);
#3039 = CYLINDRICAL_SURFACE('',#3040,7.03);
#3040 = AXIS2_PLACEMENT_3D('',#3041,#3042,#3043);
#3041 = CARTESIAN_POINT('',(65.7,18.87,0.));
#3042 = DIRECTION('',(0.,1.,0.));
#3043 = DIRECTION('',(0.,-0.,1.));
#3044 = DEFINITIONAL_REPRESENTATION('',(#3045),#3111);
#3045 = B_SPLINE_CURVE_WITH_KNOTS('',8,(#3046,#3047,#3048,#3049,#3050,
    #3051,#3052,#3053,#3054,#3055,#3056,#3057,#3058,#3059,#3060,#3061,
    #3062,#3063,#3064,#3065,#3066,#3067,#3068,#3069,#3070,#3071,#3072,
    #3073,#3074,#3075,#3076,#3077,#3078,#3079,#3080,#3081,#3082,#3083,
    #3084,#3085,#3086,#3087,#3088,#3089,#3090,#3091,#3092,#3093,#3094,
    #3095,#3096,#3097,#3098,#3099,#3100,#3101,#3102,#3103,#3104,#3105,
    #3106,#3107,#3108,#3109,#3110),.UNSPECIFIED.,.F.,.F.,(9,7,7,7,7,7,7,
    7,7,9),(0.,7.29749417635E-02,0.273391569517,0.419355877173,
    0.50131934168,0.576372033638,0.683662260774,0.726177325464,
    0.92600313873,1.),.UNSPECIFIED.);
#3046 = CARTESIAN_POINT('',(10.558840848756,13.2600006));
#3047 = CARTESIAN_POINT('',(10.534759230024,13.177309032884));
#3048 = CARTESIAN_POINT('',(10.511138480698,13.091196904129));
#3049 = CARTESIAN_POINT('',(10.487963274746,13.001985765076));
#3050 = CARTESIAN_POINT('',(10.46521841316,12.909965702414));
#3051 = CARTESIAN_POINT('',(10.442888529009,12.815394584636));
#3052 = CARTESIAN_POINT('',(10.420957792493,12.71849730849));
#3053 = CARTESIAN_POINT('',(10.399409615991,12.619465045437));
#3054 = CARTESIAN_POINT('',(10.320049171113,12.24104151896));
#3055 = CARTESIAN_POINT('',(10.264701143894,11.949072109177));
#3056 = CARTESIAN_POINT('',(10.211739152723,11.6455365158));
#3057 = CARTESIAN_POINT('',(10.160943881082,11.332550429678));
#3058 = CARTESIAN_POINT('',(10.112160085133,11.011696646097));
#3059 = CARTESIAN_POINT('',(10.065319477623,10.683926728027));
#3060 = CARTESIAN_POINT('',(10.020412013143,10.349605350741));
#3061 = CARTESIAN_POINT('',(9.946428128439,9.759394290759));
#3062 = CARTESIAN_POINT('',(9.916422763612,9.507332153168));
#3063 = CARTESIAN_POINT('',(9.88762919576,9.251563072889));
#3064 = CARTESIAN_POINT('',(9.860179801284,8.9917936421));
#3065 = CARTESIAN_POINT('',(9.834322827711,8.727738690447));
#3066 = CARTESIAN_POINT('',(9.810422074785,8.459112360817));
#3067 = CARTESIAN_POINT('',(9.789073531231,8.185378717572));
#3068 = CARTESIAN_POINT('',(9.760933678503,7.748866982959));
#3069 = CARTESIAN_POINT('',(9.751866343764,7.590106254653));
#3070 = CARTESIAN_POINT('',(9.743999245875,7.429612505464));
#3071 = CARTESIAN_POINT('',(9.737493953512,7.267522531918));
#3072 = CARTESIAN_POINT('',(9.732519578478,7.104058313337));
#3073 = CARTESIAN_POINT('',(9.729218134571,6.939552110255));
#3074 = CARTESIAN_POINT('',(9.727665860264,6.774477772457));
#3075 = CARTESIAN_POINT('',(9.72802912414,6.458383755924));
#3076 = CARTESIAN_POINT('',(9.72966337688,6.307318106207));
#3077 = CARTESIAN_POINT('',(9.732754465649,6.156756536279));
#3078 = CARTESIAN_POINT('',(9.73724113678,6.007063411649));
#3079 = CARTESIAN_POINT('',(9.743017100459,5.858502229969));
#3080 = CARTESIAN_POINT('',(9.749955739562,5.711254285527));
#3081 = CARTESIAN_POINT('',(9.757932658109,5.565434407803));
#3082 = CARTESIAN_POINT('',(9.779553016416,5.214759173626));
#3083 = CARTESIAN_POINT('',(9.794157606741,5.011470980874));
#3084 = CARTESIAN_POINT('',(9.810324619137,4.811075212257));
#3085 = CARTESIAN_POINT('',(9.827778815252,4.61339738704));
#3086 = CARTESIAN_POINT('',(9.846311443582,4.418282303598));
#3087 = CARTESIAN_POINT('',(9.865771908894,4.225576801161));
#3088 = CARTESIAN_POINT('',(9.886052509816,4.035098878885));
#3089 = CARTESIAN_POINT('',(9.915424377288,3.771953189226));
#3090 = CARTESIAN_POINT('',(9.92387724576,3.697601813761));
#3091 = CARTESIAN_POINT('',(9.932442310789,3.623573528628));
#3092 = CARTESIAN_POINT('',(9.941115367445,3.549862869334));
#3093 = CARTESIAN_POINT('',(9.949892822732,3.476465600314));
#3094 = CARTESIAN_POINT('',(9.958771639831,3.403378560277));
#3095 = CARTESIAN_POINT('',(9.967749282341,3.330599507558));
#3096 = CARTESIAN_POINT('',(10.019474295739,2.917497478735));
#3097 = CARTESIAN_POINT('',(10.064216866706,2.583999543222));
#3098 = CARTESIAN_POINT('',(10.110882762998,2.25701329726));
#3099 = CARTESIAN_POINT('',(10.159479693867,1.936894765094));
#3100 = CARTESIAN_POINT('',(10.210073916632,1.624578489112));
#3101 = CARTESIAN_POINT('',(10.262817838163,1.321619244904));
#3102 = CARTESIAN_POINT('',(10.317927840796,1.030096420293));
#3103 = CARTESIAN_POINT('',(10.39728518372,0.650314745953));
#3104 = CARTESIAN_POINT('',(10.41910431656,0.549704118596));
#3105 = CARTESIAN_POINT('',(10.441315716781,0.451275094193));
#3106 = CARTESIAN_POINT('',(10.463936663124,0.355225350487));
#3107 = CARTESIAN_POINT('',(10.48698365309,0.261788078749));
#3108 = CARTESIAN_POINT('',(10.510472722328,0.171231207066));
#3109 = CARTESIAN_POINT('',(10.534419764016,8.385662362481E-02));
#3110 = CARTESIAN_POINT('',(10.558840848253,-6.E-07));
#3111 = ( GEOMETRIC_REPRESENTATION_CONTEXT(2) 
PARAMETRIC_REPRESENTATION_CONTEXT() REPRESENTATION_CONTEXT('2D SPACE',''
  ) );
#3112 = ORIENTED_EDGE('',*,*,#3113,.T.);
#3113 = EDGE_CURVE('',#2900,#3114,#3116,.T.);
#3114 = VERTEX_POINT('',#3115);
#3115 = CARTESIAN_POINT('',(65.7,18.87,-2.204517489897));
#3116 = SURFACE_CURVE('',#3117,(#3127,#3140),.PCURVE_S1.);
#3117 = B_SPLINE_CURVE_WITH_KNOTS('',8,(#3118,#3119,#3120,#3121,#3122,
    #3123,#3124,#3125,#3126),.UNSPECIFIED.,.F.,.F.,(9,9),(0.,1.),
  .PIECEWISE_BEZIER_KNOTS.);
#3118 = CARTESIAN_POINT('',(58.67,18.87,-3.04257840984));
#3119 = CARTESIAN_POINT('',(59.550365490151,18.87,-2.951482694545));
#3120 = CARTESIAN_POINT('',(60.430403426031,18.87,-2.857488321195));
#3121 = CARTESIAN_POINT('',(61.31008870143,18.87,-2.760245649734));
#3122 = CARTESIAN_POINT('',(62.189367100432,18.87,-2.659318632719));
#3123 = CARTESIAN_POINT('',(63.068154435233,18.87,-2.554175497406));
#3124 = CARTESIAN_POINT('',(63.946322416325,18.87,-2.444079931616));
#3125 = CARTESIAN_POINT('',(64.82369798278,18.87,-2.328082635291));
#3126 = CARTESIAN_POINT('',(65.7,18.87,-2.204517481113));
#3127 = PCURVE('',#2557,#3128);
#3128 = DEFINITIONAL_REPRESENTATION('',(#3129),#3139);
#3129 = B_SPLINE_CURVE_WITH_KNOTS('',8,(#3130,#3131,#3132,#3133,#3134,
    #3135,#3136,#3137,#3138),.UNSPECIFIED.,.F.,.F.,(9,9),(0.,1.),
  .PIECEWISE_BEZIER_KNOTS.);
#3130 = CARTESIAN_POINT('',(3.598483845861,0.686160714286));
#3131 = CARTESIAN_POINT('',(3.586146850206,0.725462745096));
#3132 = CARTESIAN_POINT('',(3.573289733664,0.764750152948));
#3133 = CARTESIAN_POINT('',(3.559853242417,0.804021817028));
#3134 = CARTESIAN_POINT('',(3.545766454014,0.843275316983));
#3135 = CARTESIAN_POINT('',(3.530938990795,0.88250689443));
#3136 = CARTESIAN_POINT('',(3.515251168345,0.921710822157));
#3137 = CARTESIAN_POINT('',(3.498546024088,0.960879374231));
#3138 = CARTESIAN_POINT('',(3.480552612956,1.));
#3139 = ( GEOMETRIC_REPRESENTATION_CONTEXT(2) 
PARAMETRIC_REPRESENTATION_CONTEXT() REPRESENTATION_CONTEXT('2D SPACE',''
  ) );
#3140 = PCURVE('',#3141,#3146);
#3141 = PLANE('',#3142);
#3142 = AXIS2_PLACEMENT_3D('',#3143,#3144,#3145);
#3143 = CARTESIAN_POINT('',(65.7,18.87,0.));
#3144 = DIRECTION('',(0.,1.,0.));
#3145 = DIRECTION('',(0.,-0.,1.));
#3146 = DEFINITIONAL_REPRESENTATION('',(#3147),#3157);
#3147 = B_SPLINE_CURVE_WITH_KNOTS('',8,(#3148,#3149,#3150,#3151,#3152,
    #3153,#3154,#3155,#3156),.UNSPECIFIED.,.F.,.F.,(9,9),(0.,1.),
  .PIECEWISE_BEZIER_KNOTS.);
#3148 = CARTESIAN_POINT('',(-3.04257840984,-7.03));
#3149 = CARTESIAN_POINT('',(-2.951482694545,-6.149634509849));
#3150 = CARTESIAN_POINT('',(-2.857488321195,-5.269596573969));
#3151 = CARTESIAN_POINT('',(-2.760245649734,-4.38991129857));
#3152 = CARTESIAN_POINT('',(-2.659318632719,-3.510632899568));
#3153 = CARTESIAN_POINT('',(-2.554175497406,-2.631845564767));
#3154 = CARTESIAN_POINT('',(-2.444079931616,-1.753677583675));
#3155 = CARTESIAN_POINT('',(-2.328082635291,-0.87630201722));
#3156 = CARTESIAN_POINT('',(-2.204517481113,1.42108547152E-14));
#3157 = ( GEOMETRIC_REPRESENTATION_CONTEXT(2) 
PARAMETRIC_REPRESENTATION_CONTEXT() REPRESENTATION_CONTEXT('2D SPACE',''
  ) );
#3158 = ORIENTED_EDGE('',*,*,#3159,.F.);
#3159 = EDGE_CURVE('',#3160,#3114,#3162,.T.);
#3160 = VERTEX_POINT('',#3161);
#3161 = CARTESIAN_POINT('',(65.7,18.67778021189,-1.6));
#3162 = SURFACE_CURVE('',#3163,(#3168,#3175),.PCURVE_S1.);
#3163 = ELLIPSE('',#3164,7.03,6.63);
#3164 = AXIS2_PLACEMENT_3D('',#3165,#3166,#3167);
#3165 = CARTESIAN_POINT('',(65.7,25.5,0.));
#3166 = DIRECTION('',(1.,0.,0.));
#3167 = DIRECTION('',(0.,1.,0.));
#3168 = PCURVE('',#2557,#3169);
#3169 = DEFINITIONAL_REPRESENTATION('',(#3170),#3174);
#3170 = LINE('',#3171,#3172);
#3171 = CARTESIAN_POINT('',(0.,1.));
#3172 = VECTOR('',#3173,1.);
#3173 = DIRECTION('',(1.,0.));
#3174 = ( GEOMETRIC_REPRESENTATION_CONTEXT(2) 
PARAMETRIC_REPRESENTATION_CONTEXT() REPRESENTATION_CONTEXT('2D SPACE',''
  ) );
#3175 = PCURVE('',#3176,#3181);
#3176 = PLANE('',#3177);
#3177 = AXIS2_PLACEMENT_3D('',#3178,#3179,#3180);
#3178 = CARTESIAN_POINT('',(65.7,25.5,0.));
#3179 = DIRECTION('',(1.,0.,0.));
#3180 = DIRECTION('',(0.,1.,0.));
#3181 = DEFINITIONAL_REPRESENTATION('',(#3182),#3186);
#3182 = ELLIPSE('',#3183,7.03,6.63);
#3183 = AXIS2_PLACEMENT_2D('',#3184,#3185);
#3184 = CARTESIAN_POINT('',(0.,0.));
#3185 = DIRECTION('',(1.,0.));
#3186 = ( GEOMETRIC_REPRESENTATION_CONTEXT(2) 
PARAMETRIC_REPRESENTATION_CONTEXT() REPRESENTATION_CONTEXT('2D SPACE',''
  ) );
#3187 = ORIENTED_EDGE('',*,*,#3188,.T.);
#3188 = EDGE_CURVE('',#3160,#3189,#3191,.T.);
#3189 = VERTEX_POINT('',#3190);
#3190 = CARTESIAN_POINT('',(65.7,18.67778021189,1.6));
#3191 = SURFACE_CURVE('',#3192,(#3237,#3285),.PCURVE_S1.);
#3192 = B_SPLINE_CURVE_WITH_KNOTS('',7,(#3193,#3194,#3195,#3196,#3197,
    #3198,#3199,#3200,#3201,#3202,#3203,#3204,#3205,#3206,#3207,#3208,
    #3209,#3210,#3211,#3212,#3213,#3214,#3215,#3216,#3217,#3218,#3219,
    #3220,#3221,#3222,#3223,#3224,#3225,#3226,#3227,#3228,#3229,#3230,
    #3231,#3232,#3233,#3234,#3235,#3236),.UNSPECIFIED.,.F.,.F.,(8,6,6,6,
    6,6,6,8),(0.,0.102480507134,0.236766937428,0.372663078401,
    0.591189471475,0.766643990511,0.894219331645,1.),.UNSPECIFIED.);
#3193 = CARTESIAN_POINT('',(65.7,18.677780214414,-1.6));
#3194 = CARTESIAN_POINT('',(65.625485678872,18.673920125747,-1.6));
#3195 = CARTESIAN_POINT('',(65.551047993967,18.668996592281,
    -1.595951202987));
#3196 = CARTESIAN_POINT('',(65.476986760066,18.66303031256,
    -1.587869328957));
#3197 = CARTESIAN_POINT('',(65.403585340062,18.656068659251,
    -1.575801554516));
#3198 = CARTESIAN_POINT('',(65.331110882714,18.64818176038,
    -1.559821405312));
#3199 = CARTESIAN_POINT('',(65.259814560402,18.639458580563,
    -1.540023648458));
#3200 = CARTESIAN_POINT('',(65.098360192218,18.617612783911,
    -1.485719859447));
#3201 = CARTESIAN_POINT('',(65.009215315463,18.603964839257,
    -1.448556023826));
#3202 = CARTESIAN_POINT('',(64.923005537228,18.589289401975,
    -1.405271533434));
#3203 = CARTESIAN_POINT('',(64.840185087338,18.573856093427,
    -1.356147717202));
#3204 = CARTESIAN_POINT('',(64.761164819085,18.557956186792,
    -1.301488228219));
#3205 = CARTESIAN_POINT('',(64.686321128242,18.541888317176,
    -1.241609846578));
#3206 = CARTESIAN_POINT('',(64.544842032397,18.509815874987,
    -1.111292207812));
#3207 = CARTESIAN_POINT('',(64.47832001999,18.493815337932,
    -1.040738863256));
#3208 = CARTESIAN_POINT('',(64.416799161205,18.478252212231,
    -0.965519499563));
#3209 = CARTESIAN_POINT('',(64.3606332088,18.46343369244,-0.886004257642
    ));
#3210 = CARTESIAN_POINT('',(64.310163685241,18.449656430071,
    -0.802601396853));
#3211 = CARTESIAN_POINT('',(64.265709846113,18.437193003476,
    -0.715767226221));
#3212 = CARTESIAN_POINT('',(64.166193784983,18.408722092767,
    -0.481696872068));
#3213 = CARTESIAN_POINT('',(64.121029634947,18.395142641036,
    -0.329633368894));
#3214 = CARTESIAN_POINT('',(64.093470587863,18.386574208748,
    -0.172318509132));
#3215 = CARTESIAN_POINT('',(64.084270203282,18.383689243781,
    -1.242661199558E-02));
#3216 = CARTESIAN_POINT('',(64.093650769957,18.386672444438,
    0.147283194435));
#3217 = CARTESIAN_POINT('',(64.121278039814,18.395177856449,
    0.303977157506));
#3218 = CARTESIAN_POINT('',(64.20193527024,18.418994507285,0.57599202676
    ));
#3219 = CARTESIAN_POINT('',(64.248919753458,18.432644150058,
    0.693496546807));
#3220 = CARTESIAN_POINT('',(64.306477233295,18.448942483985,
    0.806110637249));
#3221 = CARTESIAN_POINT('',(64.373960671355,18.467347763265,
    0.912764604278));
#3222 = CARTESIAN_POINT('',(64.450644238543,18.487231136952,
    1.012535100216));
#3223 = CARTESIAN_POINT('',(64.535766480862,18.507927561343,
    1.104610922804));
#3224 = CARTESIAN_POINT('',(64.695997204463,18.54393774548,
    1.249091127301));
#3225 = CARTESIAN_POINT('',(64.767498481625,18.559178693671,
    1.30546324047));
#3226 = CARTESIAN_POINT('',(64.842742448652,18.574247847619,
    1.357104040604));
#3227 = CARTESIAN_POINT('',(64.921405365064,18.588888825202,
    1.403741146938));
#3228 = CARTESIAN_POINT('',(65.003134526761,18.602852453254,
    1.445114489867));
#3229 = CARTESIAN_POINT('',(65.087541468606,18.615907876394,
    1.480983633086));
#3230 = CARTESIAN_POINT('',(65.246045150326,18.637758664589,
    1.536135553077));
#3231 = CARTESIAN_POINT('',(65.319440866658,18.646901137455,
    1.557205488421));
#3232 = CARTESIAN_POINT('',(65.394126032377,18.65516489552,
    1.574220854077));
#3233 = CARTESIAN_POINT('',(65.469826409198,18.662450139072,
    1.587075257781));
#3234 = CARTESIAN_POINT('',(65.546249465916,18.668678104785,
    1.59568598146));
#3235 = CARTESIAN_POINT('',(65.623084040134,18.673795712905,1.6));
#3236 = CARTESIAN_POINT('',(65.7,18.677780214414,1.6));
#3237 = PCURVE('',#2557,#3238);
#3238 = DEFINITIONAL_REPRESENTATION('',(#3239),#3284);
#3239 = B_SPLINE_CURVE_WITH_KNOTS('',7,(#3240,#3241,#3242,#3243,#3244,
    #3245,#3246,#3247,#3248,#3249,#3250,#3251,#3252,#3253,#3254,#3255,
    #3256,#3257,#3258,#3259,#3260,#3261,#3262,#3263,#3264,#3265,#3266,
    #3267,#3268,#3269,#3270,#3271,#3272,#3273,#3274,#3275,#3276,#3277,
    #3278,#3279,#3280,#3281,#3282,#3283),.UNSPECIFIED.,.F.,.F.,(8,6,6,6,
    6,6,6,8),(0.,0.102480507134,0.236766937428,0.372663078401,
    0.591189471475,0.766643990511,0.894219331645,1.),.UNSPECIFIED.);
#3240 = CARTESIAN_POINT('',(3.385325998776,1.));
#3241 = CARTESIAN_POINT('',(3.385219943274,0.996673467807));
#3242 = CARTESIAN_POINT('',(3.384484833967,0.993350356874));
#3243 = CARTESIAN_POINT('',(3.38312471431,0.990044051789));
#3244 = CARTESIAN_POINT('',(3.381149150284,0.986767202681));
#3245 = CARTESIAN_POINT('',(3.378572252132,0.983531735835));
#3246 = CARTESIAN_POINT('',(3.375411696094,0.980348864304));
#3247 = CARTESIAN_POINT('',(3.366808028434,0.97314108001));
#3248 = CARTESIAN_POINT('',(3.360960942389,0.969161398012));
#3249 = CARTESIAN_POINT('',(3.354191134101,0.965312747198));
#3250 = CARTESIAN_POINT('',(3.346549262108,0.961615405685));
#3251 = CARTESIAN_POINT('',(3.338088768266,0.958087715138));
#3252 = CARTESIAN_POINT('',(3.328863809082,0.954746478939));
#3253 = CARTESIAN_POINT('',(3.308873788124,0.948430447875));
#3254 = CARTESIAN_POINT('',(3.298092191259,0.945460715178));
#3255 = CARTESIAN_POINT('',(3.286639743638,0.942714248268));
#3256 = CARTESIAN_POINT('',(3.274575447558,0.940206839679));
#3257 = CARTESIAN_POINT('',(3.261961826803,0.937953735948));
#3258 = CARTESIAN_POINT('',(3.248866253793,0.935969189559));
#3259 = CARTESIAN_POINT('',(3.213648965409,0.931526508258));
#3260 = CARTESIAN_POINT('',(3.190849878834,0.92951025156));
#3261 = CARTESIAN_POINT('',(3.167326517689,0.928279936958));
#3262 = CARTESIAN_POINT('',(3.143451467722,0.927869205504));
#3263 = CARTESIAN_POINT('',(3.119599384083,0.928287980802));
#3264 = CARTESIAN_POINT('',(3.096160063241,0.929521341063));
#3265 = CARTESIAN_POINT('',(3.055363680178,0.933122110279));
#3266 = CARTESIAN_POINT('',(3.037700948541,0.935219631851));
#3267 = CARTESIAN_POINT('',(3.020720607137,0.937789162201));
#3268 = CARTESIAN_POINT('',(3.004576728322,0.940801815686));
#3269 = CARTESIAN_POINT('',(2.989408222886,0.944225189221));
#3270 = CARTESIAN_POINT('',(2.975343742644,0.948025289324));
#3271 = CARTESIAN_POINT('',(2.953167638551,0.955178446628));
#3272 = CARTESIAN_POINT('',(2.94447914209,0.95837046793));
#3273 = CARTESIAN_POINT('',(2.936484218287,0.961729573601));
#3274 = CARTESIAN_POINT('',(2.929229533042,0.96524131094));
#3275 = CARTESIAN_POINT('',(2.922760838956,0.96888993423));
#3276 = CARTESIAN_POINT('',(2.917121342268,0.972658101277));
#3277 = CARTESIAN_POINT('',(2.908393910315,0.979734158497));
#3278 = CARTESIAN_POINT('',(2.90503458054,0.983010752976));
#3279 = CARTESIAN_POINT('',(2.902294696149,0.98634491216));
#3280 = CARTESIAN_POINT('',(2.900194061556,0.989724393268));
#3281 = CARTESIAN_POINT('',(2.898748516415,0.993136136871));
#3282 = CARTESIAN_POINT('',(2.897968782134,0.996566251792));
#3283 = CARTESIAN_POINT('',(2.897859308404,1.));
#3284 = ( GEOMETRIC_REPRESENTATION_CONTEXT(2) 
PARAMETRIC_REPRESENTATION_CONTEXT() REPRESENTATION_CONTEXT('2D SPACE',''
  ) );
#3285 = PCURVE('',#2798,#3286);
#3286 = DEFINITIONAL_REPRESENTATION('',(#3287),#3332);
#3287 = B_SPLINE_CURVE_WITH_KNOTS('',7,(#3288,#3289,#3290,#3291,#3292,
    #3293,#3294,#3295,#3296,#3297,#3298,#3299,#3300,#3301,#3302,#3303,
    #3304,#3305,#3306,#3307,#3308,#3309,#3310,#3311,#3312,#3313,#3314,
    #3315,#3316,#3317,#3318,#3319,#3320,#3321,#3322,#3323,#3324,#3325,
    #3326,#3327,#3328,#3329,#3330,#3331),.UNSPECIFIED.,.F.,.F.,(8,6,6,6,
    6,6,6,8),(0.,0.102480507134,0.236766937428,0.372663078401,
    0.591189471475,0.766643990511,0.894219331645,1.),.UNSPECIFIED.);
#3288 = CARTESIAN_POINT('',(3.14159265359,6.437780214414));
#3289 = CARTESIAN_POINT('',(3.188164104295,6.433920125747));
#3290 = CARTESIAN_POINT('',(3.234687556888,6.428996592281));
#3291 = CARTESIAN_POINT('',(3.281141009812,6.42303031256));
#3292 = CARTESIAN_POINT('',(3.327510263637,6.416068659251));
#3293 = CARTESIAN_POINT('',(3.373787023761,6.40818176038));
#3294 = CARTESIAN_POINT('',(3.419967003111,6.399458580563));
#3295 = CARTESIAN_POINT('',(3.526430785294,6.377612783911));
#3296 = CARTESIAN_POINT('',(3.586644048652,6.363964839257));
#3297 = CARTESIAN_POINT('',(3.646697795113,6.349289401975));
#3298 = CARTESIAN_POINT('',(3.706617077566,6.333856093427));
#3299 = CARTESIAN_POINT('',(3.766436256073,6.317956186792));
#3300 = CARTESIAN_POINT('',(3.826196766123,6.301888317176));
#3301 = CARTESIAN_POINT('',(3.946416326874,6.269815874987));
#3302 = CARTESIAN_POINT('',(4.006871506303,6.253815337932));
#3303 = CARTESIAN_POINT('',(4.067364633716,6.238252212231));
#3304 = CARTESIAN_POINT('',(4.127936493919,6.22343369244));
#3305 = CARTESIAN_POINT('',(4.188619403555,6.209656430071));
#3306 = CARTESIAN_POINT('',(4.249434870248,6.197193003476));
#3307 = CARTESIAN_POINT('',(4.408401721544,6.168722092767));
#3308 = CARTESIAN_POINT('',(4.50690923431,6.155142641036));
#3309 = CARTESIAN_POINT('',(4.605669730059,6.146574208748));
#3310 = CARTESIAN_POINT('',(4.70456927201,6.143689243781));
#3311 = CARTESIAN_POINT('',(4.803490347366,6.146672444438));
#3312 = CARTESIAN_POINT('',(4.902292075528,6.155177856449));
#3313 = CARTESIAN_POINT('',(5.079617779914,6.178994507285));
#3314 = CARTESIAN_POINT('',(5.158375886362,6.192644150058));
#3315 = CARTESIAN_POINT('',(5.236887320496,6.208942483985));
#3316 = CARTESIAN_POINT('',(5.315178588913,6.227347763265));
#3317 = CARTESIAN_POINT('',(5.393308301486,6.247231136952));
#3318 = CARTESIAN_POINT('',(5.471356289511,6.267927561343));
#3319 = CARTESIAN_POINT('',(5.606200549037,6.30393774548));
#3320 = CARTESIAN_POINT('',(5.662983217335,6.319178693671));
#3321 = CARTESIAN_POINT('',(5.719820949312,6.334247847619));
#3322 = CARTESIAN_POINT('',(5.776750077226,6.348888825202));
#3323 = CARTESIAN_POINT('',(5.833799944641,6.362852453254));
#3324 = CARTESIAN_POINT('',(5.890991311774,6.375907876394));
#3325 = CARTESIAN_POINT('',(5.995881789248,6.397758664589));
#3326 = CARTESIAN_POINT('',(6.043534087503,6.406901137455));
#3327 = CARTESIAN_POINT('',(6.091289933198,6.41516489552));
#3328 = CARTESIAN_POINT('',(6.139145237638,6.422450139072));
#3329 = CARTESIAN_POINT('',(6.187091345131,6.428678104785));
#3330 = CARTESIAN_POINT('',(6.235112832264,6.433795712905));
#3331 = CARTESIAN_POINT('',(6.28318530718,6.437780214414));
#3332 = ( GEOMETRIC_REPRESENTATION_CONTEXT(2) 
PARAMETRIC_REPRESENTATION_CONTEXT() REPRESENTATION_CONTEXT('2D SPACE',''
  ) );
#3333 = ORIENTED_EDGE('',*,*,#3334,.F.);
#3334 = EDGE_CURVE('',#3335,#3189,#3337,.T.);
#3335 = VERTEX_POINT('',#3336);
#3336 = CARTESIAN_POINT('',(65.7,18.87,2.204517489897));
#3337 = SURFACE_CURVE('',#3338,(#3343,#3350),.PCURVE_S1.);
#3338 = ELLIPSE('',#3339,7.03,6.63);
#3339 = AXIS2_PLACEMENT_3D('',#3340,#3341,#3342);
#3340 = CARTESIAN_POINT('',(65.7,25.5,0.));
#3341 = DIRECTION('',(1.,0.,0.));
#3342 = DIRECTION('',(0.,1.,0.));
#3343 = PCURVE('',#2557,#3344);
#3344 = DEFINITIONAL_REPRESENTATION('',(#3345),#3349);
#3345 = LINE('',#3346,#3347);
#3346 = CARTESIAN_POINT('',(0.,1.));
#3347 = VECTOR('',#3348,1.);
#3348 = DIRECTION('',(1.,0.));
#3349 = ( GEOMETRIC_REPRESENTATION_CONTEXT(2) 
PARAMETRIC_REPRESENTATION_CONTEXT() REPRESENTATION_CONTEXT('2D SPACE',''
  ) );
#3350 = PCURVE('',#3351,#3356);
#3351 = PLANE('',#3352);
#3352 = AXIS2_PLACEMENT_3D('',#3353,#3354,#3355);
#3353 = CARTESIAN_POINT('',(65.7,25.5,0.));
#3354 = DIRECTION('',(1.,0.,0.));
#3355 = DIRECTION('',(0.,1.,0.));
#3356 = DEFINITIONAL_REPRESENTATION('',(#3357),#3361);
#3357 = ELLIPSE('',#3358,7.03,6.63);
#3358 = AXIS2_PLACEMENT_2D('',#3359,#3360);
#3359 = CARTESIAN_POINT('',(0.,0.));
#3360 = DIRECTION('',(1.,0.));
#3361 = ( GEOMETRIC_REPRESENTATION_CONTEXT(2) 
PARAMETRIC_REPRESENTATION_CONTEXT() REPRESENTATION_CONTEXT('2D SPACE',''
  ) );
#3362 = ORIENTED_EDGE('',*,*,#3363,.F.);
#3363 = EDGE_CURVE('',#3364,#3335,#3366,.T.);
#3364 = VERTEX_POINT('',#3365);
#3365 = CARTESIAN_POINT('',(59.329849038098,18.87,2.973562967649));
#3366 = SURFACE_CURVE('',#3367,(#3377,#3390),.PCURVE_S1.);
#3367 = B_SPLINE_CURVE_WITH_KNOTS('',8,(#3368,#3369,#3370,#3371,#3372,
    #3373,#3374,#3375,#3376),.UNSPECIFIED.,.F.,.F.,(9,9),(0.,1.),
  .PIECEWISE_BEZIER_KNOTS.);
#3368 = CARTESIAN_POINT('',(58.67,18.87,3.04257840984));
#3369 = CARTESIAN_POINT('',(59.550365490154,18.87,2.951482694545));
#3370 = CARTESIAN_POINT('',(60.430403426019,18.87,2.857488321197));
#3371 = CARTESIAN_POINT('',(61.310088701456,18.87,2.760245649731));
#3372 = CARTESIAN_POINT('',(62.189367100397,18.87,2.659318632724));
#3373 = CARTESIAN_POINT('',(63.068154435261,18.87,2.554175497402));
#3374 = CARTESIAN_POINT('',(63.946322416312,18.87,2.444079931618));
#3375 = CARTESIAN_POINT('',(64.823697982783,18.87,2.328082635291));
#3376 = CARTESIAN_POINT('',(65.7,18.87,2.204517481113));
#3377 = PCURVE('',#2557,#3378);
#3378 = DEFINITIONAL_REPRESENTATION('',(#3379),#3389);
#3379 = B_SPLINE_CURVE_WITH_KNOTS('',8,(#3380,#3381,#3382,#3383,#3384,
    #3385,#3386,#3387,#3388),.UNSPECIFIED.,.F.,.F.,(9,9),(0.,1.),
  .PIECEWISE_BEZIER_KNOTS.);
#3380 = CARTESIAN_POINT('',(2.684701461319,0.686160714286));
#3381 = CARTESIAN_POINT('',(2.697038456974,0.725462745096));
#3382 = CARTESIAN_POINT('',(2.709895573516,0.764750152947));
#3383 = CARTESIAN_POINT('',(2.723332064763,0.804021817029));
#3384 = CARTESIAN_POINT('',(2.737418853166,0.843275316982));
#3385 = CARTESIAN_POINT('',(2.752246316385,0.882506894431));
#3386 = CARTESIAN_POINT('',(2.767934138835,0.921710822157));
#3387 = CARTESIAN_POINT('',(2.784639283092,0.960879374231));
#3388 = CARTESIAN_POINT('',(2.802632694224,1.));
#3389 = ( GEOMETRIC_REPRESENTATION_CONTEXT(2) 
PARAMETRIC_REPRESENTATION_CONTEXT() REPRESENTATION_CONTEXT('2D SPACE',''
  ) );
#3390 = PCURVE('',#3141,#3391);
#3391 = DEFINITIONAL_REPRESENTATION('',(#3392),#3402);
#3392 = B_SPLINE_CURVE_WITH_KNOTS('',8,(#3393,#3394,#3395,#3396,#3397,
    #3398,#3399,#3400,#3401),.UNSPECIFIED.,.F.,.F.,(9,9),(0.,1.),
  .PIECEWISE_BEZIER_KNOTS.);
#3393 = CARTESIAN_POINT('',(3.04257840984,-7.03));
#3394 = CARTESIAN_POINT('',(2.951482694545,-6.149634509846));
#3395 = CARTESIAN_POINT('',(2.857488321197,-5.26959657398));
#3396 = CARTESIAN_POINT('',(2.760245649731,-4.389911298544));
#3397 = CARTESIAN_POINT('',(2.659318632724,-3.510632899603));
#3398 = CARTESIAN_POINT('',(2.554175497402,-2.631845564739));
#3399 = CARTESIAN_POINT('',(2.444079931618,-1.753677583688));
#3400 = CARTESIAN_POINT('',(2.328082635291,-0.876302017217));
#3401 = CARTESIAN_POINT('',(2.204517481113,2.84217094304E-14));
#3402 = ( GEOMETRIC_REPRESENTATION_CONTEXT(2) 
PARAMETRIC_REPRESENTATION_CONTEXT() REPRESENTATION_CONTEXT('2D SPACE',''
  ) );
#3403 = ORIENTED_EDGE('',*,*,#3404,.T.);
#3404 = EDGE_CURVE('',#3364,#3405,#3407,.T.);
#3405 = VERTEX_POINT('',#3406);
#3406 = CARTESIAN_POINT('',(59.329849036601,32.13,2.973562964443));
#3407 = SURFACE_CURVE('',#3408,(#3474,#3543),.PCURVE_S1.);
#3408 = B_SPLINE_CURVE_WITH_KNOTS('',8,(#3409,#3410,#3411,#3412,#3413,
    #3414,#3415,#3416,#3417,#3418,#3419,#3420,#3421,#3422,#3423,#3424,
    #3425,#3426,#3427,#3428,#3429,#3430,#3431,#3432,#3433,#3434,#3435,
    #3436,#3437,#3438,#3439,#3440,#3441,#3442,#3443,#3444,#3445,#3446,
    #3447,#3448,#3449,#3450,#3451,#3452,#3453,#3454,#3455,#3456,#3457,
    #3458,#3459,#3460,#3461,#3462,#3463,#3464,#3465,#3466,#3467,#3468,
    #3469,#3470,#3471,#3472,#3473),.UNSPECIFIED.,.F.,.F.,(9,7,7,7,7,7,7,
    7,7,9),(0.,7.431554179989E-02,0.272431087073,0.418085866633,
    0.500099540888,0.575353687172,0.682849114468,0.727594010515,
    0.927534867354,1.),.UNSPECIFIED.);
#3409 = CARTESIAN_POINT('',(59.329848518517,18.8699994,2.973561854572));
#3410 = CARTESIAN_POINT('',(59.402773083867,18.954211095271,
    3.129785451295));
#3411 = CARTESIAN_POINT('',(59.478654532993,19.041969851463,
    3.280919622401));
#3412 = CARTESIAN_POINT('',(59.557176078364,19.132936412181,
    3.427064597257));
#3413 = CARTESIAN_POINT('',(59.638049539009,19.226805241193,
    3.568333815119));
#3414 = CARTESIAN_POINT('',(59.721015532444,19.323305306117,
    3.704852497647));
#3415 = CARTESIAN_POINT('',(59.805843666589,19.422200862103,
    3.83675622141));
#3416 = CARTESIAN_POINT('',(59.892332731694,19.523292235521,
    3.964189490405));
#3417 = CARTESIAN_POINT('',(60.214849197849,19.901332738496,
    4.415512362222));
#3418 = CARTESIAN_POINT('',(60.459672174619,20.190348539223,
    4.712612817854));
#3419 = CARTESIAN_POINT('',(60.711725186227,20.490607867107,
    4.981953380433));
#3420 = CARTESIAN_POINT('',(60.968519425394,20.800080430134,
    5.225649071729));
#3421 = CARTESIAN_POINT('',(61.227822768167,21.11724708557,
    5.445556361549));
#3422 = CARTESIAN_POINT('',(61.487520723838,21.441188299683,
    5.643199274475));
#3423 = CARTESIAN_POINT('',(61.745496434843,21.77154686842,
    5.819930574258));
#3424 = CARTESIAN_POINT('',(62.185085430893,22.356924143831,
    6.092148109746));
#3425 = CARTESIAN_POINT('',(62.368499073851,22.608286360658,
    6.19655049456));
#3426 = CARTESIAN_POINT('',(62.548026023841,22.863331910923,
    6.290569713547));
#3427 = CARTESIAN_POINT('',(62.72216245271,23.122344736044,
    6.374481510484));
#3428 = CARTESIAN_POINT('',(62.888694114663,23.38560382091,
    6.448398739517));
#3429 = CARTESIAN_POINT('',(63.04466584718,23.65339359549,6.512328134048
    ));
#3430 = CARTESIAN_POINT('',(63.185582922538,23.92624520762,
    6.566197312907));
#3431 = CARTESIAN_POINT('',(63.37344447764,24.361750275568,
    6.634246005871));
#3432 = CARTESIAN_POINT('',(63.434529099222,24.520420765962,
    6.655476508937));
#3433 = CARTESIAN_POINT('',(63.487940373656,24.680832686183,
    6.673351837769));
#3434 = CARTESIAN_POINT('',(63.53250280761,24.842859665358,
    6.687786353206));
#3435 = CARTESIAN_POINT('',(63.566984109617,25.006289729964,
    6.698693634283));
#3436 = CARTESIAN_POINT('',(63.590337462465,25.170800260577,
    6.705994963116));
#3437 = CARTESIAN_POINT('',(63.601977122207,25.335925984393,
    6.709634864042));
#3438 = CARTESIAN_POINT('',(63.601854245219,25.652532083321,
    6.709596440583));
#3439 = CARTESIAN_POINT('',(63.591941170757,25.804048648049,
    6.706496552815));
#3440 = CARTESIAN_POINT('',(63.572169344553,25.955094445948,
    6.700313856696));
#3441 = CARTESIAN_POINT('',(63.542952402728,26.105296325402,
    6.691087284643));
#3442 = CARTESIAN_POINT('',(63.505043988541,26.254382588456,
    6.678874737921));
#3443 = CARTESIAN_POINT('',(63.459361304359,26.402163589559,
    6.663742100017));
#3444 = CARTESIAN_POINT('',(63.40681974589,26.548515229803,
    6.645756689921));
#3445 = CARTESIAN_POINT('',(63.264679492875,26.900294758888,
    6.595300240687));
#3446 = CARTESIAN_POINT('',(63.168852447872,27.104155550064,
    6.559926302321));
#3447 = CARTESIAN_POINT('',(63.063205322228,27.305105315398,
    6.518988502162));
#3448 = CARTESIAN_POINT('',(62.949852324179,27.50331679248,
    6.472566182362));
#3449 = CARTESIAN_POINT('',(62.830452638995,27.69894520927,
    6.420701506885));
#3450 = CARTESIAN_POINT('',(62.70626544585,27.892145045248,
    6.363397049796));
#3451 = CARTESIAN_POINT('',(62.578266680713,28.083101541989,
    6.300599303412));
#3452 = CARTESIAN_POINT('',(62.392591830149,28.350676581697,
    6.203687657893));
#3453 = CARTESIAN_POINT('',(62.337493283506,28.428953151705,
    6.174234469592));
#3454 = CARTESIAN_POINT('',(62.281924896803,28.506871552486,
    6.143804984831));
#3455 = CARTESIAN_POINT('',(62.225938622231,28.584438209188,
    6.112392036128));
#3456 = CARTESIAN_POINT('',(62.169581856772,28.661658031153,
    6.079987617391));
#3457 = CARTESIAN_POINT('',(62.112898016045,28.738534610787,
    6.046582839432));
#3458 = CARTESIAN_POINT('',(62.055927108139,28.815070422431,
    6.012167885478));
#3459 = CARTESIAN_POINT('',(61.743017347909,29.231748609044,
    5.818387918713));
#3460 = CARTESIAN_POINT('',(61.482613248127,29.565091235661,
    5.639827649586));
#3461 = CARTESIAN_POINT('',(61.220484511453,29.891902140902,
    5.439958747672));
#3462 = CARTESIAN_POINT('',(60.958794250848,30.211810762162,
    5.217383074783));
#3463 = CARTESIAN_POINT('',(60.699714459742,30.523862018463,
    4.970528452497));
#3464 = CARTESIAN_POINT('',(60.445547597605,30.826472554841,
    4.697475830399));
#3465 = CARTESIAN_POINT('',(60.198868673323,31.1175272294,4.39604743306)
  );
#3466 = CARTESIAN_POINT('',(59.877315977837,31.494256563298,
    3.941973927991));
#3467 = CARTESIAN_POINT('',(59.79321850623,31.592515909338,3.81705501043
    ));
#3468 = CARTESIAN_POINT('',(59.7107246677,31.68866307237,3.687868423224)
  );
#3469 = CARTESIAN_POINT('',(59.63002333973,31.782510028658,
    3.554280394471));
#3470 = CARTESIAN_POINT('',(59.551330039446,31.873835889811,
    3.416165590025));
#3471 = CARTESIAN_POINT('',(59.474886706782,31.962387643318,
    3.273408451777));
#3472 = CARTESIAN_POINT('',(59.400961487634,32.047880893091,
    3.125904535948));
#3473 = CARTESIAN_POINT('',(59.329848517021,32.1300006,2.973561851366));
#3474 = PCURVE('',#2557,#3475);
#3475 = DEFINITIONAL_REPRESENTATION('',(#3476),#3542);
#3476 = B_SPLINE_CURVE_WITH_KNOTS('',8,(#3477,#3478,#3479,#3480,#3481,
    #3482,#3483,#3484,#3485,#3486,#3487,#3488,#3489,#3490,#3491,#3492,
    #3493,#3494,#3495,#3496,#3497,#3498,#3499,#3500,#3501,#3502,#3503,
    #3504,#3505,#3506,#3507,#3508,#3509,#3510,#3511,#3512,#3513,#3514,
    #3515,#3516,#3517,#3518,#3519,#3520,#3521,#3522,#3523,#3524,#3525,
    #3526,#3527,#3528,#3529,#3530,#3531,#3532,#3533,#3534,#3535,#3536,
    #3537,#3538,#3539,#3540,#3541),.UNSPECIFIED.,.F.,.F.,(9,7,7,7,7,7,7,
    7,7,9),(0.,7.431554179989E-02,0.272431087073,0.418085866633,
    0.500099540888,0.575353687172,0.682849114468,0.727594010515,
    0.927534867354,1.),.UNSPECIFIED.);
#3477 = CARTESIAN_POINT('',(2.694080235402,0.715618237434));
#3478 = CARTESIAN_POINT('',(2.668669418321,0.718873798387));
#3479 = CARTESIAN_POINT('',(2.643694697696,0.72226136308));
#3480 = CARTESIAN_POINT('',(2.619136616558,0.725766789213));
#3481 = CARTESIAN_POINT('',(2.594975962412,0.729377211563));
#3482 = CARTESIAN_POINT('',(2.571193293716,0.733081050556));
#3483 = CARTESIAN_POINT('',(2.547768466342,0.73686802083));
#3484 = CARTESIAN_POINT('',(2.524680160049,0.740729139808));
#3485 = CARTESIAN_POINT('',(2.441190877197,0.755127196333));
#3486 = CARTESIAN_POINT('',(2.382781807671,0.76605679351));
#3487 = CARTESIAN_POINT('',(2.326171379994,0.777309160099));
#3488 = CARTESIAN_POINT('',(2.271044700079,0.788773188634));
#3489 = CARTESIAN_POINT('',(2.217121907937,0.800349230722));
#3490 = CARTESIAN_POINT('',(2.164144970316,0.811942889457));
#3491 = CARTESIAN_POINT('',(2.11183757155,0.82345966227));
#3492 = CARTESIAN_POINT('',(2.021623008986,0.843084171022));
#3493 = CARTESIAN_POINT('',(1.983638490774,0.851272280083));
#3494 = CARTESIAN_POINT('',(1.945730384511,0.859286876064));
#3495 = CARTESIAN_POINT('',(1.907767799209,0.867060823782));
#3496 = CARTESIAN_POINT('',(1.869631094091,0.874495272976));
#3497 = CARTESIAN_POINT('',(1.8312055242,0.881458296749));
#3498 = CARTESIAN_POINT('',(1.792347116615,0.887749237613));
#3499 = CARTESIAN_POINT('',(1.730675499898,0.89613591418));
#3500 = CARTESIAN_POINT('',(1.708276027254,0.898862906215));
#3501 = CARTESIAN_POINT('',(1.685688247236,0.90124733811));
#3502 = CARTESIAN_POINT('',(1.662918600443,0.903236732483));
#3503 = CARTESIAN_POINT('',(1.639985642716,0.904776076322));
#3504 = CARTESIAN_POINT('',(1.616923495428,0.905818636717));
#3505 = CARTESIAN_POINT('',(1.593786256531,0.906338264384));
#3506 = CARTESIAN_POINT('',(1.549423643942,0.906332778804));
#3507 = CARTESIAN_POINT('',(1.528193212552,0.905890230837));
#3508 = CARTESIAN_POINT('',(1.507020082071,0.905007560025));
#3509 = CARTESIAN_POINT('',(1.485947949983,0.903703232265));
#3510 = CARTESIAN_POINT('',(1.465006321089,0.902010892346));
#3511 = CARTESIAN_POINT('',(1.444213171311,0.899971486802));
#3512 = CARTESIAN_POINT('',(1.423577214922,0.897625881513));
#3513 = CARTESIAN_POINT('',(1.373846353559,0.891280334503));
#3514 = CARTESIAN_POINT('',(1.344917125777,0.887002341423));
#3515 = CARTESIAN_POINT('',(1.316264204658,0.882285951885));
#3516 = CARTESIAN_POINT('',(1.287836403922,0.877225550187));
#3517 = CARTESIAN_POINT('',(1.259583678883,0.871895207098));
#3518 = CARTESIAN_POINT('',(1.231454612807,0.866351135975));
#3519 = CARTESIAN_POINT('',(1.203391059955,0.860636905389));
#3520 = CARTESIAN_POINT('',(1.163642814332,0.85234784956));
#3521 = CARTESIAN_POINT('',(1.151962337082,0.849888093014));
#3522 = CARTESIAN_POINT('',(1.140280056266,0.847407361464));
#3523 = CARTESIAN_POINT('',(1.128592407495,0.844907974207));
#3524 = CARTESIAN_POINT('',(1.116895940864,0.842392047177));
#3525 = CARTESIAN_POINT('',(1.105187281632,0.839861518573));
#3526 = CARTESIAN_POINT('',(1.093463090894,0.83731817447));
#3527 = CARTESIAN_POINT('',(1.029246590993,0.823348988746));
#3528 = CARTESIAN_POINT('',(0.976452584095,0.81172380572));
#3529 = CARTESIAN_POINT('',(0.922973351617,0.800021629976));
#3530 = CARTESIAN_POINT('',(0.868524531595,0.788339029056));
#3531 = CARTESIAN_POINT('',(0.812841071418,0.776772966953));
#3532 = CARTESIAN_POINT('',(0.755634841507,0.765426232036));
#3533 = CARTESIAN_POINT('',(0.696582173943,0.754413780059));
#3534 = CARTESIAN_POINT('',(0.61289362257,0.740058749011));
#3535 = CARTESIAN_POINT('',(0.590329719857,0.7363043976));
#3536 = CARTESIAN_POINT('',(0.567443374633,0.732621636951));
#3537 = CARTESIAN_POINT('',(0.544214814889,0.729018899095));
#3538 = CARTESIAN_POINT('',(0.520625357126,0.725505805332));
#3539 = CARTESIAN_POINT('',(0.496656993458,0.722093156553));
#3540 = CARTESIAN_POINT('',(0.472291978729,0.718792923555));
#3541 = CARTESIAN_POINT('',(0.447512417617,0.715618237367));
#3542 = ( GEOMETRIC_REPRESENTATION_CONTEXT(2) 
PARAMETRIC_REPRESENTATION_CONTEXT() REPRESENTATION_CONTEXT('2D SPACE',''
  ) );
#3543 = PCURVE('',#3039,#3544);
#3544 = DEFINITIONAL_REPRESENTATION('',(#3545),#3611);
#3545 = B_SPLINE_CURVE_WITH_KNOTS('',8,(#3546,#3547,#3548,#3549,#3550,
    #3551,#3552,#3553,#3554,#3555,#3556,#3557,#3558,#3559,#3560,#3561,
    #3562,#3563,#3564,#3565,#3566,#3567,#3568,#3569,#3570,#3571,#3572,
    #3573,#3574,#3575,#3576,#3577,#3578,#3579,#3580,#3581,#3582,#3583,
    #3584,#3585,#3586,#3587,#3588,#3589,#3590,#3591,#3592,#3593,#3594,
    #3595,#3596,#3597,#3598,#3599,#3600,#3601,#3602,#3603,#3604,#3605,
    #3606,#3607,#3608,#3609,#3610),.UNSPECIFIED.,.F.,.F.,(9,7,7,7,7,7,7,
    7,7,9),(0.,7.431554179989E-02,0.272431087073,0.418085866633,
    0.500099540888,0.575353687172,0.682849114468,0.727594010515,
    0.927534867354,1.),.UNSPECIFIED.);
#3546 = CARTESIAN_POINT('',(5.149122419696,-6.E-07));
#3547 = CARTESIAN_POINT('',(5.173646733942,8.421109527074E-02));
#3548 = CARTESIAN_POINT('',(5.19769296219,0.171969851463));
#3549 = CARTESIAN_POINT('',(5.221277405732,0.262936412181));
#3550 = CARTESIAN_POINT('',(5.244416173017,0.356805241193));
#3551 = CARTESIAN_POINT('',(5.267125506783,0.453305306117));
#3552 = CARTESIAN_POINT('',(5.289422111191,0.552200862103));
#3553 = CARTESIAN_POINT('',(5.311323478953,0.653292235521));
#3554 = CARTESIAN_POINT('',(5.390230367652,1.031332738496));
#3555 = CARTESIAN_POINT('',(5.444862908278,1.320348539223));
#3556 = CARTESIAN_POINT('',(5.497168375125,1.620607867106));
#3557 = CARTESIAN_POINT('',(5.547358619324,1.930080430134));
#3558 = CARTESIAN_POINT('',(5.59558276983,2.247247085569));
#3559 = CARTESIAN_POINT('',(5.641907290832,2.571188299683));
#3560 = CARTESIAN_POINT('',(5.686341645581,2.90154686842));
#3561 = CARTESIAN_POINT('',(5.759890744299,3.486924143831));
#3562 = CARTESIAN_POINT('',(5.789891004662,3.738286360658));
#3563 = CARTESIAN_POINT('',(5.818689642124,3.993331910923));
#3564 = CARTESIAN_POINT('',(5.846157498241,4.252344736044));
#3565 = CARTESIAN_POINT('',(5.872052454709,4.51560382091));
#3566 = CARTESIAN_POINT('',(5.896018918362,4.78339359549));
#3567 = CARTESIAN_POINT('',(5.917475420594,5.05624520762));
#3568 = CARTESIAN_POINT('',(5.945897380413,5.491750275568));
#3569 = CARTESIAN_POINT('',(5.955095593627,5.650420765962));
#3570 = CARTESIAN_POINT('',(5.963106608884,5.810832686183));
#3571 = CARTESIAN_POINT('',(5.969769395067,5.972859665358));
#3572 = CARTESIAN_POINT('',(5.974913779614,6.136289729964));
#3573 = CARTESIAN_POINT('',(5.978394317619,6.300800260577));
#3574 = CARTESIAN_POINT('',(5.980129096372,6.465925984393));
#3575 = CARTESIAN_POINT('',(5.980110782804,6.782532083321));
#3576 = CARTESIAN_POINT('',(5.978633337222,6.934048648049));
#3577 = CARTESIAN_POINT('',(5.975686540105,7.085094445948));
#3578 = CARTESIAN_POINT('',(5.971328213919,7.235296325402));
#3579 = CARTESIAN_POINT('',(5.965663132111,7.384382588456));
#3580 = CARTESIAN_POINT('',(5.958818136128,7.532163589559));
#3581 = CARTESIAN_POINT('',(5.950918980898,7.678515229803));
#3582 = CARTESIAN_POINT('',(5.929463781368,8.030294758888));
#3583 = CARTESIAN_POINT('',(5.91493467059,8.234155550064));
#3584 = CARTESIAN_POINT('',(5.898821358718,8.435105315398));
#3585 = CARTESIAN_POINT('',(5.881404006948,8.63331679248));
#3586 = CARTESIAN_POINT('',(5.862895373242,8.82894520927));
#3587 = CARTESIAN_POINT('',(5.843448929488,9.022145045248));
#3588 = CARTESIAN_POINT('',(5.823174500214,9.213101541989));
#3589 = CARTESIAN_POINT('',(5.793381535153,9.480676581697));
#3590 = CARTESIAN_POINT('',(5.784494810346,9.558953151705));
#3591 = CARTESIAN_POINT('',(5.775483553554,9.636871552486));
#3592 = CARTESIAN_POINT('',(5.766352694882,9.714438209188));
#3593 = CARTESIAN_POINT('',(5.757106412537,9.791658031153));
#3594 = CARTESIAN_POINT('',(5.747748204506,9.868534610787));
#3595 = CARTESIAN_POINT('',(5.738280960253,9.945070422431));
#3596 = CARTESIAN_POINT('',(5.685926301893,10.361748609044));
#3597 = CARTESIAN_POINT('',(5.641061244524,10.695091235661));
#3598 = CARTESIAN_POINT('',(5.594272703785,11.021902140902));
#3599 = CARTESIAN_POINT('',(5.545548298448,11.341810762162));
#3600 = CARTESIAN_POINT('',(5.494818340863,11.653862018463));
#3601 = CARTESIAN_POINT('',(5.441927391232,11.956472554841));
#3602 = CARTESIAN_POINT('',(5.386656476491,12.2475272294));
#3603 = CARTESIAN_POINT('',(5.30751022693,12.624256563298));
#3604 = CARTESIAN_POINT('',(5.286095281507,12.722515909338));
#3605 = CARTESIAN_POINT('',(5.264302504638,12.81866307237));
#3606 = CARTESIAN_POINT('',(5.242115643442,12.912510028658));
#3607 = CARTESIAN_POINT('',(5.219519190135,13.003835889811));
#3608 = CARTESIAN_POINT('',(5.196498098366,13.092387643318));
#3609 = CARTESIAN_POINT('',(5.173037499547,13.177880893091));
#3610 = CARTESIAN_POINT('',(5.149122419193,13.2600006));
#3611 = ( GEOMETRIC_REPRESENTATION_CONTEXT(2) 
PARAMETRIC_REPRESENTATION_CONTEXT() REPRESENTATION_CONTEXT('2D SPACE',''
  ) );
#3612 = ORIENTED_EDGE('',*,*,#3613,.T.);
#3613 = EDGE_CURVE('',#3405,#3614,#3616,.T.);
#3614 = VERTEX_POINT('',#3615);
#3615 = CARTESIAN_POINT('',(65.7,32.13,2.204517489897));
#3616 = SURFACE_CURVE('',#3617,(#3627,#3640),.PCURVE_S1.);
#3617 = B_SPLINE_CURVE_WITH_KNOTS('',8,(#3618,#3619,#3620,#3621,#3622,
    #3623,#3624,#3625,#3626),.UNSPECIFIED.,.F.,.F.,(9,9),(0.,1.),
  .PIECEWISE_BEZIER_KNOTS.);
#3618 = CARTESIAN_POINT('',(58.67,32.13,3.042578405342));
#3619 = CARTESIAN_POINT('',(59.550365490029,32.13,2.951482691508));
#3620 = CARTESIAN_POINT('',(60.430403425806,32.13,2.857488319809));
#3621 = CARTESIAN_POINT('',(61.310088701147,32.13,2.760245650206));
#3622 = CARTESIAN_POINT('',(62.189367100094,32.13,2.659318635281));
#3623 = CARTESIAN_POINT('',(63.068154434918,32.13,2.554175502305));
#3624 = CARTESIAN_POINT('',(63.946322416045,32.13,2.444079939122));
#3625 = CARTESIAN_POINT('',(64.823697982612,32.13,2.328082645682));
#3626 = CARTESIAN_POINT('',(65.7,32.13,2.204517494644));
#3627 = PCURVE('',#2557,#3628);
#3628 = DEFINITIONAL_REPRESENTATION('',(#3629),#3639);
#3629 = B_SPLINE_CURVE_WITH_KNOTS('',8,(#3630,#3631,#3632,#3633,#3634,
    #3635,#3636,#3637,#3638),.UNSPECIFIED.,.F.,.F.,(9,9),(0.,1.),
  .PIECEWISE_BEZIER_KNOTS.);
#3630 = CARTESIAN_POINT('',(0.456891191665,0.686160714286));
#3631 = CARTESIAN_POINT('',(0.444554196026,0.725462745091));
#3632 = CARTESIAN_POINT('',(0.431697079509,0.764750152938));
#3633 = CARTESIAN_POINT('',(0.418260588296,0.804021817015));
#3634 = CARTESIAN_POINT('',(0.404173799939,0.843275316969));
#3635 = CARTESIAN_POINT('',(0.389346336782,0.882506894416));
#3636 = CARTESIAN_POINT('',(0.373658514412,0.921710822145));
#3637 = CARTESIAN_POINT('',(0.356953370261,0.960879374224));
#3638 = CARTESIAN_POINT('',(0.338959959267,1.));
#3639 = ( GEOMETRIC_REPRESENTATION_CONTEXT(2) 
PARAMETRIC_REPRESENTATION_CONTEXT() REPRESENTATION_CONTEXT('2D SPACE',''
  ) );
#3640 = PCURVE('',#2881,#3641);
#3641 = DEFINITIONAL_REPRESENTATION('',(#3642),#3652);
#3642 = B_SPLINE_CURVE_WITH_KNOTS('',8,(#3643,#3644,#3645,#3646,#3647,
    #3648,#3649,#3650,#3651),.UNSPECIFIED.,.F.,.F.,(9,9),(0.,1.),
  .PIECEWISE_BEZIER_KNOTS.);
#3643 = CARTESIAN_POINT('',(3.042578405342,-7.03));
#3644 = CARTESIAN_POINT('',(2.951482691508,-6.149634509971));
#3645 = CARTESIAN_POINT('',(2.857488319809,-5.269596574194));
#3646 = CARTESIAN_POINT('',(2.760245650206,-4.389911298853));
#3647 = CARTESIAN_POINT('',(2.659318635281,-3.510632899906));
#3648 = CARTESIAN_POINT('',(2.554175502305,-2.631845565082));
#3649 = CARTESIAN_POINT('',(2.444079939122,-1.753677583955));
#3650 = CARTESIAN_POINT('',(2.328082645682,-0.876302017388));
#3651 = CARTESIAN_POINT('',(2.204517494644,-5.684341886081E-14));
#3652 = ( GEOMETRIC_REPRESENTATION_CONTEXT(2) 
PARAMETRIC_REPRESENTATION_CONTEXT() REPRESENTATION_CONTEXT('2D SPACE',''
  ) );
#3653 = ORIENTED_EDGE('',*,*,#3654,.F.);
#3654 = EDGE_CURVE('',#3655,#3614,#3657,.T.);
#3655 = VERTEX_POINT('',#3656);
#3656 = CARTESIAN_POINT('',(65.7,32.32221978811,1.6));
#3657 = SURFACE_CURVE('',#3658,(#3663,#3670),.PCURVE_S1.);
#3658 = ELLIPSE('',#3659,7.03,6.63);
#3659 = AXIS2_PLACEMENT_3D('',#3660,#3661,#3662);
#3660 = CARTESIAN_POINT('',(65.7,25.5,0.));
#3661 = DIRECTION('',(1.,0.,0.));
#3662 = DIRECTION('',(0.,1.,0.));
#3663 = PCURVE('',#2557,#3664);
#3664 = DEFINITIONAL_REPRESENTATION('',(#3665),#3669);
#3665 = LINE('',#3666,#3667);
#3666 = CARTESIAN_POINT('',(0.,1.));
#3667 = VECTOR('',#3668,1.);
#3668 = DIRECTION('',(1.,0.));
#3669 = ( GEOMETRIC_REPRESENTATION_CONTEXT(2) 
PARAMETRIC_REPRESENTATION_CONTEXT() REPRESENTATION_CONTEXT('2D SPACE',''
  ) );
#3670 = PCURVE('',#3671,#3676);
#3671 = PLANE('',#3672);
#3672 = AXIS2_PLACEMENT_3D('',#3673,#3674,#3675);
#3673 = CARTESIAN_POINT('',(65.7,25.5,0.));
#3674 = DIRECTION('',(1.,0.,0.));
#3675 = DIRECTION('',(0.,1.,0.));
#3676 = DEFINITIONAL_REPRESENTATION('',(#3677),#3681);
#3677 = ELLIPSE('',#3678,7.03,6.63);
#3678 = AXIS2_PLACEMENT_2D('',#3679,#3680);
#3679 = CARTESIAN_POINT('',(0.,0.));
#3680 = DIRECTION('',(1.,0.));
#3681 = ( GEOMETRIC_REPRESENTATION_CONTEXT(2) 
PARAMETRIC_REPRESENTATION_CONTEXT() REPRESENTATION_CONTEXT('2D SPACE',''
  ) );
#3682 = ORIENTED_EDGE('',*,*,#3683,.T.);
#3683 = EDGE_CURVE('',#3655,#2733,#3684,.T.);
#3684 = SURFACE_CURVE('',#3685,(#3708,#3734),.PCURVE_S1.);
#3685 = B_SPLINE_CURVE_WITH_KNOTS('',6,(#3686,#3687,#3688,#3689,#3690,
    #3691,#3692,#3693,#3694,#3695,#3696,#3697,#3698,#3699,#3700,#3701,
    #3702,#3703,#3704,#3705,#3706,#3707),.UNSPECIFIED.,.F.,.F.,(7,5,5,5,
    7),(0.,0.20493599927,0.473476081183,0.745235192763,1.),
  .UNSPECIFIED.);
#3686 = CARTESIAN_POINT('',(65.7,32.322219793496,1.6));
#3687 = CARTESIAN_POINT('',(65.613066625356,32.32672323028,1.6));
#3688 = CARTESIAN_POINT('',(65.526240541424,32.332715489786,
    1.594331684182));
#3689 = CARTESIAN_POINT('',(65.440046424073,32.340160349564,
    1.58302256254));
#3690 = CARTESIAN_POINT('',(65.354970561429,32.348959347535,
    1.566173543826));
#3691 = CARTESIAN_POINT('',(65.271461686021,32.358965497679,
    1.543941059049));
#3692 = CARTESIAN_POINT('',(65.083098256483,32.384452260425,
    1.480586638544));
#3693 = CARTESIAN_POINT('',(64.979662139117,32.400668331961,
    1.435743777968));
#3694 = CARTESIAN_POINT('',(64.880513085882,32.418242311344,
    1.382417350074));
#3695 = CARTESIAN_POINT('',(64.786414422677,32.436679385022,
    1.321121540086));
#3696 = CARTESIAN_POINT('',(64.698040810119,32.455454910373,
    1.252404948579));
#3697 = CARTESIAN_POINT('',(64.532981864487,32.49287275902,1.10036770289
    ));
#3698 = CARTESIAN_POINT('',(64.456455281104,32.511509432586,
    1.016887326242));
#3699 = CARTESIAN_POINT('',(64.387057069413,32.529426565137,
    0.926993627269));
#3700 = CARTESIAN_POINT('',(64.325401391612,32.546085977701,
    0.83135176051));
#3701 = CARTESIAN_POINT('',(64.272069414172,32.560987568987,
    0.730725479222));
#3702 = CARTESIAN_POINT('',(64.185819284496,32.585663179877,
    0.527857737981));
#3703 = CARTESIAN_POINT('',(64.15182847922,32.595700875352,
    0.426100118997));
#3704 = CARTESIAN_POINT('',(64.126006481336,32.603494739225,
    0.321531561997));
#3705 = CARTESIAN_POINT('',(64.108667365451,32.608784467345,
    0.215017263916));
#3706 = CARTESIAN_POINT('',(64.1,32.611428571429,0.107500809883));
#3707 = CARTESIAN_POINT('',(64.1,32.611428571429,2.418700160791E-16));
#3708 = PCURVE('',#2557,#3709);
#3709 = DEFINITIONAL_REPRESENTATION('',(#3710),#3733);
#3710 = B_SPLINE_CURVE_WITH_KNOTS('',6,(#3711,#3712,#3713,#3714,#3715,
    #3716,#3717,#3718,#3719,#3720,#3721,#3722,#3723,#3724,#3725,#3726,
    #3727,#3728,#3729,#3730,#3731,#3732),.UNSPECIFIED.,.F.,.F.,(7,5,5,5,
    7),(0.,0.20493599927,0.473476081183,0.745235192763,1.),
  .UNSPECIFIED.);
#3711 = CARTESIAN_POINT('',(0.243733341471,1.));
#3712 = CARTESIAN_POINT('',(0.243609610052,0.996119045775));
#3713 = CARTESIAN_POINT('',(0.242605203297,0.992242881314));
#3714 = CARTESIAN_POINT('',(0.240727197255,0.988394929646));
#3715 = CARTESIAN_POINT('',(0.237995553868,0.984596900064));
#3716 = CARTESIAN_POINT('',(0.234439697048,0.980868825269));
#3717 = CARTESIAN_POINT('',(0.224402084727,0.972459743593));
#3718 = CARTESIAN_POINT('',(0.217354765036,0.967842059782));
#3719 = CARTESIAN_POINT('',(0.209031260346,0.963415762763));
#3720 = CARTESIAN_POINT('',(0.199523730369,0.959214929584));
#3721 = CARTESIAN_POINT('',(0.188927061916,0.955269679023));
#3722 = CARTESIAN_POINT('',(0.16560537091,0.947900976093));
#3723 = CARTESIAN_POINT('',(0.152857199223,0.944484610764));
#3724 = CARTESIAN_POINT('',(0.139189501884,0.941386476313));
#3725 = CARTESIAN_POINT('',(0.124707175346,0.938633990697));
#3726 = CARTESIAN_POINT('',(0.109524156418,0.936253098847));
#3727 = CARTESIAN_POINT('',(7.900148907945E-02,0.932402646629));
#3728 = CARTESIAN_POINT('',(6.372940469364E-02,0.930885199965));
#3729 = CARTESIAN_POINT('',(4.806740273183E-02,0.929732432203));
#3730 = CARTESIAN_POINT('',(3.213666899453E-02,0.928958364529));
#3731 = CARTESIAN_POINT('',(1.606716492327E-02,0.928571428571));
#3732 = CARTESIAN_POINT('',(0.,0.928571428571));
#3733 = ( GEOMETRIC_REPRESENTATION_CONTEXT(2) 
PARAMETRIC_REPRESENTATION_CONTEXT() REPRESENTATION_CONTEXT('2D SPACE',''
  ) );
#3734 = PCURVE('',#2798,#3735);
#3735 = DEFINITIONAL_REPRESENTATION('',(#3736),#3759);
#3736 = B_SPLINE_CURVE_WITH_KNOTS('',6,(#3737,#3738,#3739,#3740,#3741,
    #3742,#3743,#3744,#3745,#3746,#3747,#3748,#3749,#3750,#3751,#3752,
    #3753,#3754,#3755,#3756,#3757,#3758),.UNSPECIFIED.,.F.,.F.,(7,5,5,5,
    7),(0.,0.20493599927,0.473476081183,0.745235192763,1.),
  .UNSPECIFIED.);
#3737 = CARTESIAN_POINT('',(6.28318530718,20.082219793496));
#3738 = CARTESIAN_POINT('',(6.228851948027,20.08672323028));
#3739 = CARTESIAN_POINT('',(6.174585786231,20.092715489786));
#3740 = CARTESIAN_POINT('',(6.120425324518,20.100160349564));
#3741 = CARTESIAN_POINT('',(6.066390860649,20.108959347535));
#3742 = CARTESIAN_POINT('',(6.012491127968,20.118965497679));
#3743 = CARTESIAN_POINT('',(5.888283382095,20.144452260425));
#3744 = CARTESIAN_POINT('',(5.818074124169,20.160668331961));
#3745 = CARTESIAN_POINT('',(5.748084696824,20.178242311344));
#3746 = CARTESIAN_POINT('',(5.678262465093,20.196679385022));
#3747 = CARTESIAN_POINT('',(5.608539803722,20.215454910373));
#3748 = CARTESIAN_POINT('',(5.468283649097,20.25287275902));
#3749 = CARTESIAN_POINT('',(5.397755575622,20.271509432586));
#3750 = CARTESIAN_POINT('',(5.32715663879,20.289426565137));
#3751 = CARTESIAN_POINT('',(5.256421234325,20.306085977701));
#3752 = CARTESIAN_POINT('',(5.185501858262,20.320987568987));
#3753 = CARTESIAN_POINT('',(5.047725991099,20.345663179877));
#3754 = CARTESIAN_POINT('',(4.980885577329,20.355700875352));
#3755 = CARTESIAN_POINT('',(4.913892360249,20.363494739225));
#3756 = CARTESIAN_POINT('',(4.846774718463,20.368784467345));
#3757 = CARTESIAN_POINT('',(4.779576986562,20.371428571429));
#3758 = CARTESIAN_POINT('',(4.712388980385,20.371428571429));
#3759 = ( GEOMETRIC_REPRESENTATION_CONTEXT(2) 
PARAMETRIC_REPRESENTATION_CONTEXT() REPRESENTATION_CONTEXT('2D SPACE',''
  ) );
#3760 = ORIENTED_EDGE('',*,*,#2732,.F.);
#3761 = ORIENTED_EDGE('',*,*,#3762,.F.);
#3762 = EDGE_CURVE('',#3763,#2663,#3765,.T.);
#3763 = VERTEX_POINT('',#3764);
#3764 = CARTESIAN_POINT('',(43.3,33.480903248947,1.6));
#3765 = SURFACE_CURVE('',#3766,(#3784,#3805),.PCURVE_S1.);
#3766 = B_SPLINE_CURVE_WITH_KNOTS('',6,(#3767,#3768,#3769,#3770,#3771,
    #3772,#3773,#3774,#3775,#3776,#3777,#3778,#3779,#3780,#3781,#3782,
    #3783),.UNSPECIFIED.,.F.,.F.,(7,5,5,7),(0.,0.303748596332,
    0.580580029256,1.),.UNSPECIFIED.);
#3767 = CARTESIAN_POINT('',(43.3,33.480903255441,1.6));
#3768 = CARTESIAN_POINT('',(43.427641970837,33.474309749443,1.6));
#3769 = CARTESIAN_POINT('',(43.555536046681,33.470625556184,
    1.587780552551));
#3770 = CARTESIAN_POINT('',(43.6820027533,33.469966525199,1.563251863211
    ));
#3771 = CARTESIAN_POINT('',(43.805456714984,33.472177457907,
    1.526692126776));
#3772 = CARTESIAN_POINT('',(43.924419546111,33.476859236312,
    1.478631318811));
#3773 = CARTESIAN_POINT('',(44.140645283897,33.489515689635,
    1.366313787198));
#3774 = CARTESIAN_POINT('',(44.238925183429,33.497163374465,
    1.303854959934));
#3775 = CARTESIAN_POINT('',(44.331420649664,33.506026753194,
    1.233057431594));
#3776 = CARTESIAN_POINT('',(44.417306989511,33.515625028513,
    1.154600650521));
#3777 = CARTESIAN_POINT('',(44.495865828077,33.525464927981,
    1.069231998149));
#3778 = CARTESIAN_POINT('',(44.673465309686,33.54967391566,
    0.839191392536));
#3779 = CARTESIAN_POINT('',(44.762265443171,33.563772208229,
    0.686555577851));
#3780 = CARTESIAN_POINT('',(44.830608022042,33.57578697115,
    0.522789109995));
#3781 = CARTESIAN_POINT('',(44.876876758976,33.584312086586,
    0.351226370673));
#3782 = CARTESIAN_POINT('',(44.9,33.588571428571,0.175584555918));
#3783 = CARTESIAN_POINT('',(44.9,33.588571428571,-3.350494485029E-15));
#3784 = PCURVE('',#2557,#3785);
#3785 = DEFINITIONAL_REPRESENTATION('',(#3786),#3804);
#3786 = B_SPLINE_CURVE_WITH_KNOTS('',6,(#3787,#3788,#3789,#3790,#3791,
    #3792,#3793,#3794,#3795,#3796,#3797,#3798,#3799,#3800,#3801,#3802,
    #3803),.UNSPECIFIED.,.F.,.F.,(7,5,5,7),(0.,0.303748596332,
    0.580580029256,1.),.UNSPECIFIED.);
#3787 = CARTESIAN_POINT('',(0.215569458034,0.));
#3788 = CARTESIAN_POINT('',(0.215711249865,5.698302269491E-03));
#3789 = CARTESIAN_POINT('',(0.2141812308,1.140785922682E-02));
#3790 = CARTESIAN_POINT('',(0.210960102887,1.705369434373E-02));
#3791 = CARTESIAN_POINT('',(0.206083649197,2.256503191895E-02));
#3792 = CARTESIAN_POINT('',(0.199627840971,2.787587259424E-02));
#3793 = CARTESIAN_POINT('',(0.184488169182,3.752880731684E-02));
#3794 = CARTESIAN_POINT('',(0.176050464627,4.191630283165E-02));
#3795 = CARTESIAN_POINT('',(0.16647510059,4.604556471716E-02));
#3796 = CARTESIAN_POINT('',(0.155860247815,4.987977631747E-02));
#3797 = CARTESIAN_POINT('',(0.144312384505,5.338686732487E-02));
#3798 = CARTESIAN_POINT('',(0.113208362572,6.131541561098E-02));
#3799 = CARTESIAN_POINT('',(9.258197261262E-02,6.527970728443E-02));
#3800 = CARTESIAN_POINT('',(7.047470237476E-02,6.833071526972E-02));
#3801 = CARTESIAN_POINT('',(4.733967024834E-02,7.039628388288E-02));
#3802 = CARTESIAN_POINT('',(2.36659649836E-02,7.142857142857E-02));
#3803 = CARTESIAN_POINT('',(0.,7.142857142857E-02));
#3804 = ( GEOMETRIC_REPRESENTATION_CONTEXT(2) 
PARAMETRIC_REPRESENTATION_CONTEXT() REPRESENTATION_CONTEXT('2D SPACE',''
  ) );
#3805 = PCURVE('',#2706,#3806);
#3806 = DEFINITIONAL_REPRESENTATION('',(#3807),#3825);
#3807 = B_SPLINE_CURVE_WITH_KNOTS('',6,(#3808,#3809,#3810,#3811,#3812,
    #3813,#3814,#3815,#3816,#3817,#3818,#3819,#3820,#3821,#3822,#3823,
    #3824),.UNSPECIFIED.,.F.,.F.,(7,5,5,7),(0.,0.303748596332,
    0.580580029256,1.),.UNSPECIFIED.);
#3808 = CARTESIAN_POINT('',(0.,22.940903255441));
#3809 = CARTESIAN_POINT('',(7.977623177287E-02,22.934309749443));
#3810 = CARTESIAN_POINT('',(0.159709873709,22.930625556184));
#3811 = CARTESIAN_POINT('',(0.239666238034,22.929966525199));
#3812 = CARTESIAN_POINT('',(0.319582435698,22.932177457907));
#3813 = CARTESIAN_POINT('',(0.399409851211,22.936859236312));
#3814 = CARTESIAN_POINT('',(0.551695558216,22.949515689635));
#3815 = CARTESIAN_POINT('',(0.624199712691,22.957163374465));
#3816 = CARTESIAN_POINT('',(0.696587450747,22.966026753194));
#3817 = CARTESIAN_POINT('',(0.768883219704,22.975625028513));
#3818 = CARTESIAN_POINT('',(0.841121420504,22.985464927981));
#3819 = CARTESIAN_POINT('',(1.022759212658,23.00967391566));
#3820 = CARTESIAN_POINT('',(1.132186352188,23.023772208229));
#3821 = CARTESIAN_POINT('',(1.24167031575,23.03578697115));
#3822 = CARTESIAN_POINT('',(1.351280815777,23.044312086586));
#3823 = CARTESIAN_POINT('',(1.461055979346,23.048571428571));
#3824 = CARTESIAN_POINT('',(1.570796326795,23.048571428571));
#3825 = ( GEOMETRIC_REPRESENTATION_CONTEXT(2) 
PARAMETRIC_REPRESENTATION_CONTEXT() REPRESENTATION_CONTEXT('2D SPACE',''
  ) );
#3826 = ORIENTED_EDGE('',*,*,#3827,.T.);
#3827 = EDGE_CURVE('',#3763,#3828,#3830,.T.);
#3828 = VERTEX_POINT('',#3829);
#3829 = CARTESIAN_POINT('',(43.3,32.98,3.008577876734));
#3830 = SURFACE_CURVE('',#3831,(#3836,#3843),.PCURVE_S1.);
#3831 = ELLIPSE('',#3832,8.17,7.48);
#3832 = AXIS2_PLACEMENT_3D('',#3833,#3834,#3835);
#3833 = CARTESIAN_POINT('',(43.3,25.5,0.));
#3834 = DIRECTION('',(1.,0.,0.));
#3835 = DIRECTION('',(0.,1.,0.));
#3836 = PCURVE('',#2557,#3837);
#3837 = DEFINITIONAL_REPRESENTATION('',(#3838),#3842);
#3838 = LINE('',#3839,#3840);
#3839 = CARTESIAN_POINT('',(0.,0.));
#3840 = VECTOR('',#3841,1.);
#3841 = DIRECTION('',(1.,0.));
#3842 = ( GEOMETRIC_REPRESENTATION_CONTEXT(2) 
PARAMETRIC_REPRESENTATION_CONTEXT() REPRESENTATION_CONTEXT('2D SPACE',''
  ) );
#3843 = PCURVE('',#3844,#3849);
#3844 = PLANE('',#3845);
#3845 = AXIS2_PLACEMENT_3D('',#3846,#3847,#3848);
#3846 = CARTESIAN_POINT('',(43.3,25.5,0.));
#3847 = DIRECTION('',(1.,0.,0.));
#3848 = DIRECTION('',(0.,1.,0.));
#3849 = DEFINITIONAL_REPRESENTATION('',(#3850),#3854);
#3850 = ELLIPSE('',#3851,8.17,7.48);
#3851 = AXIS2_PLACEMENT_2D('',#3852,#3853);
#3852 = CARTESIAN_POINT('',(0.,0.));
#3853 = DIRECTION('',(1.,0.));
#3854 = ( GEOMETRIC_REPRESENTATION_CONTEXT(2) 
PARAMETRIC_REPRESENTATION_CONTEXT() REPRESENTATION_CONTEXT('2D SPACE',''
  ) );
#3855 = ORIENTED_EDGE('',*,*,#3856,.T.);
#3856 = EDGE_CURVE('',#3828,#3857,#3859,.T.);
#3857 = VERTEX_POINT('',#3858);
#3858 = CARTESIAN_POINT('',(51.238724761849,32.98,1.930168167703));
#3859 = SURFACE_CURVE('',#3860,(#3877,#3897),.PCURVE_S1.);
#3860 = B_SPLINE_CURVE_WITH_KNOTS('',8,(#3861,#3862,#3863,#3864,#3865,
    #3866,#3867,#3868,#3869,#3870,#3871,#3872,#3873,#3874,#3875,#3876),
  .UNSPECIFIED.,.F.,.F.,(9,7,9),(0.,0.865695636317,1.),.UNSPECIFIED.);
#3861 = CARTESIAN_POINT('',(43.3,32.98,3.008577869708));
#3862 = CARTESIAN_POINT('',(44.186967468818,32.98,2.908912551287));
#3863 = CARTESIAN_POINT('',(45.073486687145,32.98,2.805733413036));
#3864 = CARTESIAN_POINT('',(45.959538109721,32.98,2.698576105859));
#3865 = CARTESIAN_POINT('',(46.845047145546,32.98,2.586838206805));
#3866 = CARTESIAN_POINT('',(47.729889057317,32.98,2.469803713877));
#3867 = CARTESIAN_POINT('',(48.613849922806,32.98,2.346379509346));
#3868 = CARTESIAN_POINT('',(49.496644532366,32.98,2.21521077626));
#3869 = CARTESIAN_POINT('',(50.514444780573,32.98,2.051509905582));
#3870 = CARTESIAN_POINT('',(50.651098194558,32.98,2.029270466547));
#3871 = CARTESIAN_POINT('',(50.787707770538,32.98,2.006766855142));
#3872 = CARTESIAN_POINT('',(50.924271013654,32.98,1.983987811924));
#3873 = CARTESIAN_POINT('',(51.060785140309,32.98,1.960921111973));
#3874 = CARTESIAN_POINT('',(51.197247047006,32.98,1.937553384257));
#3875 = CARTESIAN_POINT('',(51.333653279174,32.98,1.913869930998));
#3876 = CARTESIAN_POINT('',(51.47,32.98,1.889854547036));
#3877 = PCURVE('',#2557,#3878);
#3878 = DEFINITIONAL_REPRESENTATION('',(#3879),#3896);
#3879 = B_SPLINE_CURVE_WITH_KNOTS('',8,(#3880,#3881,#3882,#3883,#3884,
    #3885,#3886,#3887,#3888,#3889,#3890,#3891,#3892,#3893,#3894,#3895),
  .UNSPECIFIED.,.F.,.F.,(9,7,9),(0.,0.865695636317,1.),.UNSPECIFIED.);
#3880 = CARTESIAN_POINT('',(0.413936300139,0.));
#3881 = CARTESIAN_POINT('',(0.401359726194,3.95967620008E-02));
#3882 = CARTESIAN_POINT('',(0.388219124136,7.917351281893E-02));
#3883 = CARTESIAN_POINT('',(0.374444603711,0.118729379898));
#3884 = CARTESIAN_POINT('',(0.359945859678,0.158261033283));
#3885 = CARTESIAN_POINT('',(0.344615627109,0.197762904345));
#3886 = CARTESIAN_POINT('',(0.328291462074,0.237225442982));
#3887 = CARTESIAN_POINT('',(0.310772207094,0.276635916624));
#3888 = CARTESIAN_POINT('',(0.288678943716,0.322073427704));
#3889 = CARTESIAN_POINT('',(0.285673067615,0.328174026543));
#3890 = CARTESIAN_POINT('',(0.28262699765,0.334272668328));
#3891 = CARTESIAN_POINT('',(0.279539079965,0.340369241681));
#3892 = CARTESIAN_POINT('',(0.276407520159,0.346463622335));
#3893 = CARTESIAN_POINT('',(0.27323035714,0.352555671741));
#3894 = CARTESIAN_POINT('',(0.270005436993,0.358645235677));
#3895 = CARTESIAN_POINT('',(0.266730386838,0.364732142857));
#3896 = ( GEOMETRIC_REPRESENTATION_CONTEXT(2) 
PARAMETRIC_REPRESENTATION_CONTEXT() REPRESENTATION_CONTEXT('2D SPACE',''
  ) );
#3897 = PCURVE('',#2608,#3898);
#3898 = DEFINITIONAL_REPRESENTATION('',(#3899),#3916);
#3899 = B_SPLINE_CURVE_WITH_KNOTS('',8,(#3900,#3901,#3902,#3903,#3904,
    #3905,#3906,#3907,#3908,#3909,#3910,#3911,#3912,#3913,#3914,#3915),
  .UNSPECIFIED.,.F.,.F.,(9,7,9),(0.,0.865695636317,1.),.UNSPECIFIED.);
#3900 = CARTESIAN_POINT('',(3.008577869708,0.));
#3901 = CARTESIAN_POINT('',(2.908912551287,0.886967468818));
#3902 = CARTESIAN_POINT('',(2.805733413036,1.773486687145));
#3903 = CARTESIAN_POINT('',(2.698576105859,2.659538109721));
#3904 = CARTESIAN_POINT('',(2.586838206805,3.545047145546));
#3905 = CARTESIAN_POINT('',(2.469803713877,4.429889057317));
#3906 = CARTESIAN_POINT('',(2.346379509346,5.313849922806));
#3907 = CARTESIAN_POINT('',(2.21521077626,6.196644532366));
#3908 = CARTESIAN_POINT('',(2.051509905582,7.214444780573));
#3909 = CARTESIAN_POINT('',(2.029270466547,7.351098194558));
#3910 = CARTESIAN_POINT('',(2.006766855142,7.487707770538));
#3911 = CARTESIAN_POINT('',(1.983987811924,7.624271013654));
#3912 = CARTESIAN_POINT('',(1.960921111973,7.760785140309));
#3913 = CARTESIAN_POINT('',(1.937553384257,7.897247047006));
#3914 = CARTESIAN_POINT('',(1.913869930998,8.033653279174));
#3915 = CARTESIAN_POINT('',(1.889854547036,8.17));
#3916 = ( GEOMETRIC_REPRESENTATION_CONTEXT(2) 
PARAMETRIC_REPRESENTATION_CONTEXT() REPRESENTATION_CONTEXT('2D SPACE',''
  ) );
#3917 = ORIENTED_EDGE('',*,*,#3918,.F.);
#3918 = EDGE_CURVE('',#3919,#3857,#3921,.T.);
#3919 = VERTEX_POINT('',#3920);
#3920 = CARTESIAN_POINT('',(51.238724768842,18.02,1.930168138939));
#3921 = SURFACE_CURVE('',#3922,(#3995,#4071),.PCURVE_S1.);
#3922 = B_SPLINE_CURVE_WITH_KNOTS('',8,(#3923,#3924,#3925,#3926,#3927,
    #3928,#3929,#3930,#3931,#3932,#3933,#3934,#3935,#3936,#3937,#3938,
    #3939,#3940,#3941,#3942,#3943,#3944,#3945,#3946,#3947,#3948,#3949,
    #3950,#3951,#3952,#3953,#3954,#3955,#3956,#3957,#3958,#3959,#3960,
    #3961,#3962,#3963,#3964,#3965,#3966,#3967,#3968,#3969,#3970,#3971,
    #3972,#3973,#3974,#3975,#3976,#3977,#3978,#3979,#3980,#3981,#3982,
    #3983,#3984,#3985,#3986,#3987,#3988,#3989,#3990,#3991,#3992,#3993,
    #3994),.UNSPECIFIED.,.F.,.F.,(9,7,7,7,7,7,7,7,7,7,9),(0.,
    7.896617838167E-02,0.13693995415,0.284783890703,0.414351152093,
    0.499711277884,0.586142775116,0.716089482611,0.863606513636,
    0.921413574666,1.),.UNSPECIFIED.);
#3923 = CARTESIAN_POINT('',(51.23872527306,18.0199994,1.930166065104));
#3924 = CARTESIAN_POINT('',(51.181290913701,18.088344080384,
    2.166392164208));
#3925 = CARTESIAN_POINT('',(51.116920506328,18.165088654026,
    2.396150810009));
#3926 = CARTESIAN_POINT('',(51.046294862928,18.249489709734,
    2.618987507458));
#3927 = CARTESIAN_POINT('',(50.970098705111,18.340805458651,
    2.834642196513));
#3928 = CARTESIAN_POINT('',(50.888986529009,18.438332881945,
    3.043007807238));
#3929 = CARTESIAN_POINT('',(50.803557355935,18.541436410951,
    3.244097934889));
#3930 = CARTESIAN_POINT('',(50.714338368787,18.649568139764,
    3.438023634994));
#3931 = CARTESIAN_POINT('',(50.553822938042,18.845027745919,
    3.762234657723));
#3932 = CARTESIAN_POINT('',(50.484074897665,18.930234879218,
    3.895717359468));
#3933 = CARTESIAN_POINT('',(50.412714737123,19.017718441318,
    4.025497691539));
#3934 = CARTESIAN_POINT('',(50.33991096431,19.107312124075,4.15165015999
    ));
#3935 = CARTESIAN_POINT('',(50.265819367567,19.19886611294,
    4.274253161622));
#3936 = CARTESIAN_POINT('',(50.190583212278,19.292247359838,
    4.39338861657));
#3937 = CARTESIAN_POINT('',(50.114333437465,19.387339856053,
    4.509141600891));
#3938 = CARTESIAN_POINT('',(49.840455777981,19.730660809405,
    4.908389809893));
#3939 = CARTESIAN_POINT('',(49.638026251519,19.987609890433,
    5.173574552713));
#3940 = CARTESIAN_POINT('',(49.43177216267,20.25337619004,5.41881396966)
  );
#3941 = CARTESIAN_POINT('',(49.223362628559,20.526800589447,
    5.645326124046));
#3942 = CARTESIAN_POINT('',(49.014380965858,20.807008941332,
    5.854134124421));
#3943 = CARTESIAN_POINT('',(48.806385378627,21.093402548202,
    6.046136103685));
#3944 = CARTESIAN_POINT('',(48.601002140425,21.385698598259,
    6.222088322032));
#3945 = CARTESIAN_POINT('',(48.224108812025,21.94544029329,6.52325264126
    ));
#3946 = CARTESIAN_POINT('',(48.051721780359,22.211236056481,
    6.651910741723));
#3947 = CARTESIAN_POINT('',(47.884219953099,22.481504122619,
    6.769034225166));
#3948 = CARTESIAN_POINT('',(47.723182386433,22.756325347495,
    6.874835666409));
#3949 = CARTESIAN_POINT('',(47.57061983975,23.035761880883,
    6.969355338347));
#3950 = CARTESIAN_POINT('',(47.429038573894,23.319869201509,
    7.052499244993));
#3951 = CARTESIAN_POINT('',(47.301587045345,23.608739661728,
    7.12403177478));
#3952 = CARTESIAN_POINT('',(47.119255605923,24.095870235983,
    7.22280897329));
#3953 = CARTESIAN_POINT('',(47.054462280075,24.29138898859,
    7.256831221187));
#3954 = CARTESIAN_POINT('',(46.998315785259,24.488820424276,
    7.285511743983));
#3955 = CARTESIAN_POINT('',(46.951867143362,24.687959359413,
    7.308704198656));
#3956 = CARTESIAN_POINT('',(46.916130407214,24.888526999529,
    7.326263735673));
#3957 = CARTESIAN_POINT('',(46.891917459289,25.090154370095,
    7.338066634997));
#3958 = CARTESIAN_POINT('',(46.879669891436,25.292363859237,
    7.344035918122));
#3959 = CARTESIAN_POINT('',(46.879102628289,25.699287602138,
    7.344312389664));
#3960 = CARTESIAN_POINT('',(46.891085098075,25.904057725972,
    7.338472303882));
#3961 = CARTESIAN_POINT('',(46.915349945894,26.108243722251,
    7.326648759839));
#3962 = CARTESIAN_POINT('',(46.951446753183,26.311348421014,
    7.308920715967));
#3963 = CARTESIAN_POINT('',(46.998532769047,26.512988326059,
    7.285416586975));
#3964 = CARTESIAN_POINT('',(47.055552163833,26.712874336046,
    7.256287060941));
#3965 = CARTESIAN_POINT('',(47.121412628477,26.910794393775,
    7.221684221361));
#3966 = CARTESIAN_POINT('',(47.305761205554,27.40100338576,7.12170200844
    ));
#3967 = CARTESIAN_POINT('',(47.434028619641,27.690573073904,
    7.049611396855));
#3968 = CARTESIAN_POINT('',(47.576423065077,27.975352604075,
    6.965849458568));
#3969 = CARTESIAN_POINT('',(47.729782461882,28.255438092521,
    6.870649639183));
#3970 = CARTESIAN_POINT('',(47.891593962817,28.530885859577,
    6.764102503067));
#3971 = CARTESIAN_POINT('',(48.059842168082,28.801757415244,
    6.646163159512));
#3972 = CARTESIAN_POINT('',(48.232944748126,29.068131632562,
    6.516612990208));
#3973 = CARTESIAN_POINT('',(48.610263532681,29.627519322686,6.2141851697
    ));
#3974 = CARTESIAN_POINT('',(48.815298905887,29.918934309726,
    6.037996838289));
#3975 = CARTESIAN_POINT('',(49.022878677853,30.204463311736,
    5.845806682858));
#3976 = CARTESIAN_POINT('',(49.231392343593,30.483819691787,
    5.636858046798));
#3977 = CARTESIAN_POINT('',(49.43929299583,30.756402324054,
    5.410254015822));
#3978 = CARTESIAN_POINT('',(49.645005835278,31.021335383911,
    5.164974139099));
#3979 = CARTESIAN_POINT('',(49.8468683002,31.27745874047,4.89980515781)
  );
#3980 = CARTESIAN_POINT('',(50.119877387717,31.619576300913,
    4.500744745144));
#3981 = CARTESIAN_POINT('',(50.195843954762,31.714287179053,
    4.385112745869));
#3982 = CARTESIAN_POINT('',(50.270795763354,31.807290500469,
    4.266113267379));
#3983 = CARTESIAN_POINT('',(50.344602549236,31.898470612727,
    4.143661966362));
#3984 = CARTESIAN_POINT('',(50.417121792172,31.987694952344,
    4.017677709468));
#3985 = CARTESIAN_POINT('',(50.488198531663,32.074814322809,
    3.888082952297));
#3986 = CARTESIAN_POINT('',(50.557665182666,32.159663172606,
    3.754804118399));
#3987 = CARTESIAN_POINT('',(50.717344440202,32.354074946259,
    3.431482174616));
#3988 = CARTESIAN_POINT('',(50.806024455952,32.461540973348,
    3.238284588704));
#3989 = CARTESIAN_POINT('',(50.890938428153,32.564013964742,
    3.037988960747));
#3990 = CARTESIAN_POINT('',(50.971565581509,32.660952457723,
    2.830487314858));
#3991 = CARTESIAN_POINT('',(51.047314743387,32.751729088706,
    2.615767808375));
#3992 = CARTESIAN_POINT('',(51.117540433998,32.835650448377,
    2.393937494074));
#3993 = CARTESIAN_POINT('',(51.181567639221,32.911985219872,
    2.16525399528));
#3994 = CARTESIAN_POINT('',(51.238725266067,32.9800006,1.930166093868));
#3995 = PCURVE('',#2557,#3996);
#3996 = DEFINITIONAL_REPRESENTATION('',(#3997),#4070);
#3997 = B_SPLINE_CURVE_WITH_KNOTS('',8,(#3998,#3999,#4000,#4001,#4002,
    #4003,#4004,#4005,#4006,#4007,#4008,#4009,#4010,#4011,#4012,#4013,
    #4014,#4015,#4016,#4017,#4018,#4019,#4020,#4021,#4022,#4023,#4024,
    #4025,#4026,#4027,#4028,#4029,#4030,#4031,#4032,#4033,#4034,#4035,
    #4036,#4037,#4038,#4039,#4040,#4041,#4042,#4043,#4044,#4045,#4046,
    #4047,#4048,#4049,#4050,#4051,#4052,#4053,#4054,#4055,#4056,#4057,
    #4058,#4059,#4060,#4061,#4062,#4063,#4064,#4065,#4066,#4067,#4068,
    #4069),.UNSPECIFIED.,.F.,.F.,(9,7,7,7,7,7,7,7,7,7,9),(0.,
    7.896617838167E-02,0.13693995415,0.284783890703,0.414351152093,
    0.499711277884,0.586142775116,0.716089482611,0.863606513636,
    0.921413574666,1.),.UNSPECIFIED.);
#3998 = CARTESIAN_POINT('',(2.869370910268,0.354407378262));
#3999 = CARTESIAN_POINT('',(2.835291305131,0.351843344362));
#4000 = CARTESIAN_POINT('',(2.801810423761,0.348969665461));
#4001 = CARTESIAN_POINT('',(2.768959240596,0.345816734952));
#4002 = CARTESIAN_POINT('',(2.736750568042,0.342415120764));
#4003 = CARTESIAN_POINT('',(2.70518341462,0.338794041474));
#4004 = CARTESIAN_POINT('',(2.674245652895,0.334980239104));
#4005 = CARTESIAN_POINT('',(2.643914997177,0.330997248607));
#4006 = CARTESIAN_POINT('',(2.592312120307,0.323831381163));
#4007 = CARTESIAN_POINT('',(2.570777830639,0.32071762936));
#4008 = CARTESIAN_POINT('',(2.549543482495,0.317531907907));
#4009 = CARTESIAN_POINT('',(2.528597266899,0.314281739478));
#4010 = CARTESIAN_POINT('',(2.50792731563,0.310974078909));
#4011 = CARTESIAN_POINT('',(2.487521511436,0.307615321977));
#4012 = CARTESIAN_POINT('',(2.467367298273,0.304211314173));
#4013 = CARTESIAN_POINT('',(2.39666247129,0.291984632946));
#4014 = CARTESIAN_POINT('',(2.347455593788,0.282947600514));
#4015 = CARTESIAN_POINT('',(2.299580801516,0.273739828691));
#4016 = CARTESIAN_POINT('',(2.252853321763,0.264435831632));
#4017 = CARTESIAN_POINT('',(2.207110911107,0.255106293119));
#4018 = CARTESIAN_POINT('',(2.162197034647,0.245820775832));
#4019 = CARTESIAN_POINT('',(2.117951275211,0.236651881269));
#4020 = CARTESIAN_POINT('',(2.035835304848,0.219826286251));
#4021 = CARTESIAN_POINT('',(1.997890582704,0.212130436623));
#4022 = CARTESIAN_POINT('',(1.96022111424,0.204652676478));
#4023 = CARTESIAN_POINT('',(1.92272035081,0.197463499394));
#4024 = CARTESIAN_POINT('',(1.88529429923,0.190652671417));
#4025 = CARTESIAN_POINT('',(1.847854681008,0.184332079192));
#4026 = CARTESIAN_POINT('',(1.810308472689,0.17864227881));
#4027 = CARTESIAN_POINT('',(1.747699458177,0.170502482407));
#4028 = CARTESIAN_POINT('',(1.722751959398,0.167609923218));
#4029 = CARTESIAN_POINT('',(1.697715488735,0.16510338327));
#4030 = CARTESIAN_POINT('',(1.672589707212,0.163029783186));
#4031 = CARTESIAN_POINT('',(1.647381275679,0.161434393179));
#4032 = CARTESIAN_POINT('',(1.622105723466,0.160353458004));
#4033 = CARTESIAN_POINT('',(1.59679037961,0.159806691582));
#4034 = CARTESIAN_POINT('',(1.545847430514,0.159781367334));
#4035 = CARTESIAN_POINT('',(1.520212845889,0.160316299021));
#4036 = CARTESIAN_POINT('',(1.494618395177,0.161399551156));
#4037 = CARTESIAN_POINT('',(1.469092570299,0.163011015767));
#4038 = CARTESIAN_POINT('',(1.443651519054,0.165113070047));
#4039 = CARTESIAN_POINT('',(1.41830212584,0.167658578743));
#4040 = CARTESIAN_POINT('',(1.393043962327,0.170598778057));
#4041 = CARTESIAN_POINT('',(1.330020467259,0.178828625248));
#4042 = CARTESIAN_POINT('',(1.292368612452,0.184554849091));
#4043 = CARTESIAN_POINT('',(1.254821724599,0.190911743977));
#4044 = CARTESIAN_POINT('',(1.217285623147,0.19775814562));
#4045 = CARTESIAN_POINT('',(1.179671119537,0.20498187334));
#4046 = CARTESIAN_POINT('',(1.141883337101,0.212492953932));
#4047 = CARTESIAN_POINT('',(1.103814790311,0.220220747684));
#4048 = CARTESIAN_POINT('',(1.021644357001,0.23706533628));
#4049 = CARTESIAN_POINT('',(0.977471299403,0.246218701156));
#4050 = CARTESIAN_POINT('',(0.93262793155,0.255485655261));
#4051 = CARTESIAN_POINT('',(0.886954673606,0.264794301053));
#4052 = CARTESIAN_POINT('',(0.840295752155,0.274075580171));
#4053 = CARTESIAN_POINT('',(0.792489708448,0.283259189075));
#4054 = CARTESIAN_POINT('',(0.743352700696,0.292270906259));
#4055 = CARTESIAN_POINT('',(0.672761924804,0.304458811952));
#4056 = CARTESIAN_POINT('',(0.652650032138,0.307850176552));
#4057 = CARTESIAN_POINT('',(0.632287334748,0.311196239435));
#4058 = CARTESIAN_POINT('',(0.611661381653,0.314491185234));
#4059 = CARTESIAN_POINT('',(0.590760163874,0.317728651436));
#4060 = CARTESIAN_POINT('',(0.569571928393,0.320901720164));
#4061 = CARTESIAN_POINT('',(0.548084992101,0.32400290994));
#4062 = CARTESIAN_POINT('',(0.496654798541,0.331131448223));
#4063 = CARTESIAN_POINT('',(0.466452788534,0.335090377498));
#4064 = CARTESIAN_POINT('',(0.435648998644,0.338881179828));
#4065 = CARTESIAN_POINT('',(0.404221600697,0.342480606317));
#4066 = CARTESIAN_POINT('',(0.372158780524,0.34586226533));
#4067 = CARTESIAN_POINT('',(0.339459705632,0.348997340803));
#4068 = CARTESIAN_POINT('',(0.306137145436,0.35185569818));
#4069 = CARTESIAN_POINT('',(0.272221744061,0.354407377949));
#4070 = ( GEOMETRIC_REPRESENTATION_CONTEXT(2) 
PARAMETRIC_REPRESENTATION_CONTEXT() REPRESENTATION_CONTEXT('2D SPACE',''
  ) );
#4071 = PCURVE('',#4072,#4077);
#4072 = CYLINDRICAL_SURFACE('',#4073,8.17);
#4073 = AXIS2_PLACEMENT_3D('',#4074,#4075,#4076);
#4074 = CARTESIAN_POINT('',(43.3,18.02,0.));
#4075 = DIRECTION('',(0.,1.,0.));
#4076 = DIRECTION('',(0.,-0.,1.));
#4077 = DEFINITIONAL_REPRESENTATION('',(#4078),#4151);
#4078 = B_SPLINE_CURVE_WITH_KNOTS('',8,(#4079,#4080,#4081,#4082,#4083,
    #4084,#4085,#4086,#4087,#4088,#4089,#4090,#4091,#4092,#4093,#4094,
    #4095,#4096,#4097,#4098,#4099,#4100,#4101,#4102,#4103,#4104,#4105,
    #4106,#4107,#4108,#4109,#4110,#4111,#4112,#4113,#4114,#4115,#4116,
    #4117,#4118,#4119,#4120,#4121,#4122,#4123,#4124,#4125,#4126,#4127,
    #4128,#4129,#4130,#4131,#4132,#4133,#4134,#4135,#4136,#4137,#4138,
    #4139,#4140,#4141,#4142,#4143,#4144,#4145,#4146,#4147,#4148,#4149,
    #4150),.UNSPECIFIED.,.F.,.F.,(9,7,7,7,7,7,7,7,7,7,9),(0.,
    7.896617838167E-02,0.13693995415,0.284783890703,0.414351152093,
    0.499711277884,0.586142775116,0.716089482611,0.863606513636,
    0.921413574666,1.),.UNSPECIFIED.);
#4079 = CARTESIAN_POINT('',(7.615476402106,-6.E-07));
#4080 = CARTESIAN_POINT('',(7.58572022703,6.83440803838E-02));
#4081 = CARTESIAN_POINT('',(7.556532702383,0.145088654026));
#4082 = CARTESIAN_POINT('',(7.527947337587,0.229489709734));
#4083 = CARTESIAN_POINT('',(7.499981316627,0.320805458651));
#4084 = CARTESIAN_POINT('',(7.472639444692,0.418332881945));
#4085 = CARTESIAN_POINT('',(7.445916713177,0.521436410951));
#4086 = CARTESIAN_POINT('',(7.419799483052,0.629568139764));
#4087 = CARTESIAN_POINT('',(7.375519111838,0.825027745919));
#4088 = CARTESIAN_POINT('',(7.357089353563,0.910234879218));
#4089 = CARTESIAN_POINT('',(7.338968132887,0.997718441318));
#4090 = CARTESIAN_POINT('',(7.32114780253,1.087312124075));
#4091 = CARTESIAN_POINT('',(7.303620844767,1.17886611294));
#4092 = CARTESIAN_POINT('',(7.286379769393,1.272247359838));
#4093 = CARTESIAN_POINT('',(7.269417011672,1.367339856053));
#4094 = CARTESIAN_POINT('',(7.210156655795,1.710660809405));
#4095 = CARTESIAN_POINT('',(7.169374709523,1.967609890433));
#4096 = CARTESIAN_POINT('',(7.130223733476,2.23337619004));
#4097 = CARTESIAN_POINT('',(7.092619641158,2.506800589447));
#4098 = CARTESIAN_POINT('',(7.056519342944,2.787008941332));
#4099 = CARTESIAN_POINT('',(7.021912525453,3.073402548202));
#4100 = CARTESIAN_POINT('',(6.988829494338,3.365698598259));
#4101 = CARTESIAN_POINT('',(6.929779288595,3.92544029329));
#4102 = CARTESIAN_POINT('',(6.903464992117,4.191236056481));
#4103 = CARTESIAN_POINT('',(6.878467196924,4.461504122619));
#4104 = CARTESIAN_POINT('',(6.854900976434,4.736325347495));
#4105 = CARTESIAN_POINT('',(6.832947142418,5.015761880883));
#4106 = CARTESIAN_POINT('',(6.812857024511,5.299869201509));
#4107 = CARTESIAN_POINT('',(6.794970001662,5.588739661728));
#4108 = CARTESIAN_POINT('',(6.7695883021,6.075870235983));
#4109 = CARTESIAN_POINT('',(6.760631578066,6.27138898859));
#4110 = CARTESIAN_POINT('',(6.752915324838,6.468820424276));
#4111 = CARTESIAN_POINT('',(6.746561044547,6.667959359413));
#4112 = CARTESIAN_POINT('',(6.741687419835,6.868526999529));
#4113 = CARTESIAN_POINT('',(6.73839041503,7.070154370095));
#4114 = CARTESIAN_POINT('',(6.736722753412,7.272363859237));
#4115 = CARTESIAN_POINT('',(6.736645513521,7.679287602138));
#4116 = CARTESIAN_POINT('',(6.738277078993,7.884057725972));
#4117 = CARTESIAN_POINT('',(6.741580901436,8.088243722251));
#4118 = CARTESIAN_POINT('',(6.746503179902,8.291348421014));
#4119 = CARTESIAN_POINT('',(6.752944288369,8.492988326059));
#4120 = CARTESIAN_POINT('',(6.760780652802,8.692874336046));
#4121 = CARTESIAN_POINT('',(6.769886018321,8.890794393775));
#4122 = CARTESIAN_POINT('',(6.795555063075,9.38100338576));
#4123 = CARTESIAN_POINT('',(6.813562560055,9.670573073904));
#4124 = CARTESIAN_POINT('',(6.833776682476,9.955352604075));
#4125 = CARTESIAN_POINT('',(6.855857046113,10.235438092521));
#4126 = CARTESIAN_POINT('',(6.879552273374,10.510885859577));
#4127 = CARTESIAN_POINT('',(6.90468188188,10.781757415244));
#4128 = CARTESIAN_POINT('',(6.931131480114,11.048131632562));
#4129 = CARTESIAN_POINT('',(6.990318975664,11.607519322686));
#4130 = CARTESIAN_POINT('',(7.023388510038,11.898934309726));
#4131 = CARTESIAN_POINT('',(7.057973648829,12.184463311736));
#4132 = CARTESIAN_POINT('',(7.094045766973,12.463819691787));
#4133 = CARTESIAN_POINT('',(7.131616194098,12.736402324054));
#4134 = CARTESIAN_POINT('',(7.170728575568,13.001335383911));
#4135 = CARTESIAN_POINT('',(7.211467093846,13.25745874047));
#4136 = CARTESIAN_POINT('',(7.270648403212,13.599576300913));
#4137 = CARTESIAN_POINT('',(7.287579754487,13.694287179053));
#4138 = CARTESIAN_POINT('',(7.304788215887,13.787290500469));
#4139 = CARTESIAN_POINT('',(7.322281303036,13.878470612727));
#4140 = CARTESIAN_POINT('',(7.34006644879,13.967694952344));
#4141 = CARTESIAN_POINT('',(7.358151103015,14.054814322809));
#4142 = CARTESIAN_POINT('',(7.376542832356,14.139663172606));
#4143 = CARTESIAN_POINT('',(7.420680290022,14.334074946259));
#4144 = CARTESIAN_POINT('',(7.446689122558,14.441540973348));
#4145 = CARTESIAN_POINT('',(7.473297942401,14.544013964742));
#4146 = CARTESIAN_POINT('',(7.500520076719,14.640952457723));
#4147 = CARTESIAN_POINT('',(7.52836033993,14.731729088706));
#4148 = CARTESIAN_POINT('',(7.556813867145,14.815650448377));
#4149 = CARTESIAN_POINT('',(7.585863596233,14.891985219872));
#4150 = CARTESIAN_POINT('',(7.615476398482,14.9600006));
#4151 = ( GEOMETRIC_REPRESENTATION_CONTEXT(2) 
PARAMETRIC_REPRESENTATION_CONTEXT() REPRESENTATION_CONTEXT('2D SPACE',''
  ) );
#4152 = ORIENTED_EDGE('',*,*,#4153,.F.);
#4153 = EDGE_CURVE('',#4154,#3919,#4156,.T.);
#4154 = VERTEX_POINT('',#4155);
#4155 = CARTESIAN_POINT('',(43.3,18.02,3.008577876734));
#4156 = SURFACE_CURVE('',#4157,(#4174,#4194),.PCURVE_S1.);
#4157 = B_SPLINE_CURVE_WITH_KNOTS('',8,(#4158,#4159,#4160,#4161,#4162,
    #4163,#4164,#4165,#4166,#4167,#4168,#4169,#4170,#4171,#4172,#4173),
  .UNSPECIFIED.,.F.,.F.,(9,7,9),(0.,0.865695636285,1.),.UNSPECIFIED.);
#4158 = CARTESIAN_POINT('',(43.3,18.02,3.008577868386));
#4159 = CARTESIAN_POINT('',(44.186967468965,18.02,2.908912547914));
#4160 = CARTESIAN_POINT('',(45.073486687411,18.02,2.805733407401));
#4161 = CARTESIAN_POINT('',(45.959538110058,18.02,2.69857609774));
#4162 = CARTESIAN_POINT('',(46.845047145938,18.02,2.58683819596));
#4163 = CARTESIAN_POINT('',(47.729889057679,18.02,2.469803700066));
#4164 = CARTESIAN_POINT('',(48.613849923113,18.02,2.346379492324));
#4165 = CARTESIAN_POINT('',(49.496644532539,18.02,2.215210755804));
#4166 = CARTESIAN_POINT('',(50.514444780561,18.02,2.051509881017));
#4167 = CARTESIAN_POINT('',(50.651098194552,18.02,2.029270441422));
#4168 = CARTESIAN_POINT('',(50.787707770537,18.02,2.006766829456));
#4169 = CARTESIAN_POINT('',(50.924271013655,18.02,1.983987785673));
#4170 = CARTESIAN_POINT('',(51.060785140312,18.02,1.960921085155));
#4171 = CARTESIAN_POINT('',(51.197247047009,18.02,1.937553356872));
#4172 = CARTESIAN_POINT('',(51.333653279176,18.02,1.913869903046));
#4173 = CARTESIAN_POINT('',(51.47,18.02,1.889854518516));
#4174 = PCURVE('',#2557,#4175);
#4175 = DEFINITIONAL_REPRESENTATION('',(#4176),#4193);
#4176 = B_SPLINE_CURVE_WITH_KNOTS('',8,(#4177,#4178,#4179,#4180,#4181,
    #4182,#4183,#4184,#4185,#4186,#4187,#4188,#4189,#4190,#4191,#4192),
  .UNSPECIFIED.,.F.,.F.,(9,7,9),(0.,0.865695636285,1.),.UNSPECIFIED.);
#4177 = CARTESIAN_POINT('',(2.727656352939,0.));
#4178 = CARTESIAN_POINT('',(2.740232926927,3.959676200737E-02));
#4179 = CARTESIAN_POINT('',(2.75337352904,7.917351283088E-02));
#4180 = CARTESIAN_POINT('',(2.767148049534,0.118729379913));
#4181 = CARTESIAN_POINT('',(2.781646793653,0.158261033301));
#4182 = CARTESIAN_POINT('',(2.796977026326,0.197762904361));
#4183 = CARTESIAN_POINT('',(2.813301191494,0.237225442996));
#4184 = CARTESIAN_POINT('',(2.830820446638,0.276635916631));
#4185 = CARTESIAN_POINT('',(2.852913710255,0.322073427704));
#4186 = CARTESIAN_POINT('',(2.85591958639,0.328174026542));
#4187 = CARTESIAN_POINT('',(2.85896565639,0.334272668328));
#4188 = CARTESIAN_POINT('',(2.862053574111,0.340369241681));
#4189 = CARTESIAN_POINT('',(2.865185133955,0.346463622335));
#4190 = CARTESIAN_POINT('',(2.868362297012,0.352555671741));
#4191 = CARTESIAN_POINT('',(2.871587217199,0.358645235678));
#4192 = CARTESIAN_POINT('',(2.874862267395,0.364732142857));
#4193 = ( GEOMETRIC_REPRESENTATION_CONTEXT(2) 
PARAMETRIC_REPRESENTATION_CONTEXT() REPRESENTATION_CONTEXT('2D SPACE',''
  ) );
#4194 = PCURVE('',#4195,#4200);
#4195 = PLANE('',#4196);
#4196 = AXIS2_PLACEMENT_3D('',#4197,#4198,#4199);
#4197 = CARTESIAN_POINT('',(43.3,18.02,0.));
#4198 = DIRECTION('',(0.,1.,0.));
#4199 = DIRECTION('',(0.,-0.,1.));
#4200 = DEFINITIONAL_REPRESENTATION('',(#4201),#4218);
#4201 = B_SPLINE_CURVE_WITH_KNOTS('',8,(#4202,#4203,#4204,#4205,#4206,
    #4207,#4208,#4209,#4210,#4211,#4212,#4213,#4214,#4215,#4216,#4217),
  .UNSPECIFIED.,.F.,.F.,(9,7,9),(0.,0.865695636285,1.),.UNSPECIFIED.);
#4202 = CARTESIAN_POINT('',(3.008577868386,0.));
#4203 = CARTESIAN_POINT('',(2.908912547914,0.886967468965));
#4204 = CARTESIAN_POINT('',(2.805733407401,1.773486687411));
#4205 = CARTESIAN_POINT('',(2.69857609774,2.659538110058));
#4206 = CARTESIAN_POINT('',(2.58683819596,3.545047145938));
#4207 = CARTESIAN_POINT('',(2.469803700066,4.429889057679));
#4208 = CARTESIAN_POINT('',(2.346379492324,5.313849923113));
#4209 = CARTESIAN_POINT('',(2.215210755804,6.196644532539));
#4210 = CARTESIAN_POINT('',(2.051509881017,7.214444780561));
#4211 = CARTESIAN_POINT('',(2.029270441422,7.351098194552));
#4212 = CARTESIAN_POINT('',(2.006766829456,7.487707770537));
#4213 = CARTESIAN_POINT('',(1.983987785673,7.624271013655));
#4214 = CARTESIAN_POINT('',(1.960921085155,7.760785140312));
#4215 = CARTESIAN_POINT('',(1.937553356872,7.897247047009));
#4216 = CARTESIAN_POINT('',(1.913869903046,8.033653279176));
#4217 = CARTESIAN_POINT('',(1.889854518516,8.17));
#4218 = ( GEOMETRIC_REPRESENTATION_CONTEXT(2) 
PARAMETRIC_REPRESENTATION_CONTEXT() REPRESENTATION_CONTEXT('2D SPACE',''
  ) );
#4219 = ORIENTED_EDGE('',*,*,#4220,.T.);
#4220 = EDGE_CURVE('',#4154,#4221,#4223,.T.);
#4221 = VERTEX_POINT('',#4222);
#4222 = CARTESIAN_POINT('',(43.3,17.519096751053,1.6));
#4223 = SURFACE_CURVE('',#4224,(#4229,#4236),.PCURVE_S1.);
#4224 = ELLIPSE('',#4225,8.17,7.48);
#4225 = AXIS2_PLACEMENT_3D('',#4226,#4227,#4228);
#4226 = CARTESIAN_POINT('',(43.3,25.5,0.));
#4227 = DIRECTION('',(1.,0.,0.));
#4228 = DIRECTION('',(0.,1.,0.));
#4229 = PCURVE('',#2557,#4230);
#4230 = DEFINITIONAL_REPRESENTATION('',(#4231),#4235);
#4231 = LINE('',#4232,#4233);
#4232 = CARTESIAN_POINT('',(0.,0.));
#4233 = VECTOR('',#4234,1.);
#4234 = DIRECTION('',(1.,0.));
#4235 = ( GEOMETRIC_REPRESENTATION_CONTEXT(2) 
PARAMETRIC_REPRESENTATION_CONTEXT() REPRESENTATION_CONTEXT('2D SPACE',''
  ) );
#4236 = PCURVE('',#4237,#4242);
#4237 = PLANE('',#4238);
#4238 = AXIS2_PLACEMENT_3D('',#4239,#4240,#4241);
#4239 = CARTESIAN_POINT('',(43.3,25.5,0.));
#4240 = DIRECTION('',(1.,0.,0.));
#4241 = DIRECTION('',(0.,1.,0.));
#4242 = DEFINITIONAL_REPRESENTATION('',(#4243),#4247);
#4243 = ELLIPSE('',#4244,8.17,7.48);
#4244 = AXIS2_PLACEMENT_2D('',#4245,#4246);
#4245 = CARTESIAN_POINT('',(0.,0.));
#4246 = DIRECTION('',(1.,0.));
#4247 = ( GEOMETRIC_REPRESENTATION_CONTEXT(2) 
PARAMETRIC_REPRESENTATION_CONTEXT() REPRESENTATION_CONTEXT('2D SPACE',''
  ) );
#4248 = ORIENTED_EDGE('',*,*,#4249,.T.);
#4249 = EDGE_CURVE('',#4221,#4250,#4252,.T.);
#4250 = VERTEX_POINT('',#4251);
#4251 = CARTESIAN_POINT('',(43.3,17.519096751053,-1.6));
#4252 = SURFACE_CURVE('',#4253,(#4286,#4322),.PCURVE_S1.);
#4253 = B_SPLINE_CURVE_WITH_KNOTS('',6,(#4254,#4255,#4256,#4257,#4258,
    #4259,#4260,#4261,#4262,#4263,#4264,#4265,#4266,#4267,#4268,#4269,
    #4270,#4271,#4272,#4273,#4274,#4275,#4276,#4277,#4278,#4279,#4280,
    #4281,#4282,#4283,#4284,#4285),.UNSPECIFIED.,.F.,.F.,(7,5,5,5,5,5,7)
  ,(0.,0.151874530752,0.290290459197,0.500608792234,0.711966194801,
    0.848535408467,1.),.UNSPECIFIED.);
#4254 = CARTESIAN_POINT('',(43.3,17.519096753669,1.6));
#4255 = CARTESIAN_POINT('',(43.427641970833,17.525690259661,1.6));
#4256 = CARTESIAN_POINT('',(43.555536046676,17.529374452895,
    1.587780552551));
#4257 = CARTESIAN_POINT('',(43.682002753293,17.530033483834,
    1.563251863212));
#4258 = CARTESIAN_POINT('',(43.805456714975,17.52782255105,
    1.526692126778));
#4259 = CARTESIAN_POINT('',(43.924419546093,17.523140772511,
    1.478631318817));
#4260 = CARTESIAN_POINT('',(44.140645283853,17.510484318779,
    1.366313787225));
#4261 = CARTESIAN_POINT('',(44.238925183368,17.502836633688,
    1.303854959975));
#4262 = CARTESIAN_POINT('',(44.331420649576,17.493973254615,
    1.233057431661));
#4263 = CARTESIAN_POINT('',(44.417306989385,17.484374978853,
    1.154600650632));
#4264 = CARTESIAN_POINT('',(44.495865827911,17.474535078837,
    1.069231998325));
#4265 = CARTESIAN_POINT('',(44.673775499181,17.45028380691,
    0.838789611134));
#4266 = CARTESIAN_POINT('',(44.762780931362,17.436145951986,
    0.685669442082));
#4267 = CARTESIAN_POINT('',(44.83120264617,17.424108434212,
    0.521362557649));
#4268 = CARTESIAN_POINT('',(44.877412593779,17.415589171424,
    0.349234311917));
#4269 = CARTESIAN_POINT('',(44.900333596486,17.411367119077,
    0.173036250242));
#4270 = CARTESIAN_POINT('',(44.899658897809,17.411491408588,
    -0.180021472628));
#4271 = CARTESIAN_POINT('',(44.875832593198,17.415880224779,
    -0.356996610057));
#4272 = CARTESIAN_POINT('',(44.828504578089,17.424595418025,
    -0.529749092206));
#4273 = CARTESIAN_POINT('',(44.758788069624,17.436829583565,
    -0.694480580106));
#4274 = CARTESIAN_POINT('',(44.668352241867,17.451129215626,
    -0.847788967636));
#4275 = CARTESIAN_POINT('',(44.489230264725,17.475365241266,
    -1.076443330724));
#4276 = CARTESIAN_POINT('',(44.411225990767,17.485058072998,
    -1.160209049112));
#4277 = CARTESIAN_POINT('',(44.326124470406,17.494490895208,
    -1.237208292875));
#4278 = CARTESIAN_POINT('',(44.234619234916,17.503190223422,
    -1.306725554079));
#4279 = CARTESIAN_POINT('',(44.137505325267,17.510695609522,
    -1.368110186467));
#4280 = CARTESIAN_POINT('',(43.922812105866,17.523203837182,
    -1.479279727166));
#4281 = CARTESIAN_POINT('',(43.80412251727,17.527846310643,
    -1.52708664963));
#4282 = CARTESIAN_POINT('',(43.680977872902,17.530028071264,
    -1.563450340689));
#4283 = CARTESIAN_POINT('',(43.554845047991,17.529354543509,
    -1.587846555164));
#4284 = CARTESIAN_POINT('',(43.427296759269,17.525672427325,-1.6));
#4285 = CARTESIAN_POINT('',(43.3,17.519096753669,-1.6));
#4286 = PCURVE('',#2557,#4287);
#4287 = DEFINITIONAL_REPRESENTATION('',(#4288),#4321);
#4288 = B_SPLINE_CURVE_WITH_KNOTS('',6,(#4289,#4290,#4291,#4292,#4293,
    #4294,#4295,#4296,#4297,#4298,#4299,#4300,#4301,#4302,#4303,#4304,
    #4305,#4306,#4307,#4308,#4309,#4310,#4311,#4312,#4313,#4314,#4315,
    #4316,#4317,#4318,#4319,#4320),.UNSPECIFIED.,.F.,.F.,(7,5,5,5,5,5,7)
  ,(0.,0.151874530752,0.290290459197,0.500608792234,0.711966194801,
    0.848535408467,1.),.UNSPECIFIED.);
#4289 = CARTESIAN_POINT('',(2.926023191698,0.));
#4290 = CARTESIAN_POINT('',(2.925881399868,5.698302269347E-03));
#4291 = CARTESIAN_POINT('',(2.927411418931,1.14078592266E-02));
#4292 = CARTESIAN_POINT('',(2.930632546837,1.705369434344E-02));
#4293 = CARTESIAN_POINT('',(2.935509000522,2.256503191852E-02));
#4294 = CARTESIAN_POINT('',(2.941964808754,2.787587259343E-02));
#4295 = CARTESIAN_POINT('',(2.957104480602,3.752880731485E-02));
#4296 = CARTESIAN_POINT('',(2.965542185205,4.191630282892E-02));
#4297 = CARTESIAN_POINT('',(2.97511754932,4.60455647132E-02));
#4298 = CARTESIAN_POINT('',(2.985732402215,4.987977631185E-02));
#4299 = CARTESIAN_POINT('',(2.997280265699,5.338686731744E-02));
#4300 = CARTESIAN_POINT('',(3.028438613533,6.132926335628E-02));
#4301 = CARTESIAN_POINT('',(3.049130426746,6.530272015009E-02));
#4302 = CARTESIAN_POINT('',(3.071310522228,6.835726098972E-02));
#4303 = CARTESIAN_POINT('',(3.094521608913,7.042020507944E-02));
#4304 = CARTESIAN_POINT('',(3.118270157993,7.144346412883E-02));
#4305 = CARTESIAN_POINT('',(3.165856644476,7.14133436522E-02));
#4306 = CARTESIAN_POINT('',(3.18971019521,7.034966933921E-02));
#4307 = CARTESIAN_POINT('',(3.213006116377,6.823681152182E-02));
#4308 = CARTESIAN_POINT('',(3.235244596748,6.512446739393E-02));
#4309 = CARTESIAN_POINT('',(3.255962907331,6.108715365478E-02));
#4310 = CARTESIAN_POINT('',(3.286880512535,5.309063681809E-02));
#4311 = CARTESIAN_POINT('',(3.298211678853,4.960830315926E-02));
#4312 = CARTESIAN_POINT('',(3.308629184494,4.58091281431E-02));
#4313 = CARTESIAN_POINT('',(3.318031040451,4.172407298732E-02));
#4314 = CARTESIAN_POINT('',(3.326323240457,3.738863059228E-02));
#4315 = CARTESIAN_POINT('',(3.341307593939,2.780411186903E-02));
#4316 = CARTESIAN_POINT('',(3.347728926903,2.250546952098E-02));
#4317 = CARTESIAN_POINT('',(3.352578822892,1.700794075457E-02));
#4318 = CARTESIAN_POINT('',(3.355782152354,1.137701107102E-02));
#4319 = CARTESIAN_POINT('',(3.357303523831,5.682891038789E-03));
#4320 = CARTESIAN_POINT('',(3.357162115481,0.));
#4321 = ( GEOMETRIC_REPRESENTATION_CONTEXT(2) 
PARAMETRIC_REPRESENTATION_CONTEXT() REPRESENTATION_CONTEXT('2D SPACE',''
  ) );
#4322 = PCURVE('',#2706,#4323);
#4323 = DEFINITIONAL_REPRESENTATION('',(#4324),#4357);
#4324 = B_SPLINE_CURVE_WITH_KNOTS('',6,(#4325,#4326,#4327,#4328,#4329,
    #4330,#4331,#4332,#4333,#4334,#4335,#4336,#4337,#4338,#4339,#4340,
    #4341,#4342,#4343,#4344,#4345,#4346,#4347,#4348,#4349,#4350,#4351,
    #4352,#4353,#4354,#4355,#4356),.UNSPECIFIED.,.F.,.F.,(7,5,5,5,5,5,7)
  ,(0.,0.151874530752,0.290290459197,0.500608792234,0.711966194801,
    0.848535408467,1.),.UNSPECIFIED.);
#4325 = CARTESIAN_POINT('',(0.,6.979096753669));
#4326 = CARTESIAN_POINT('',(7.977623177086E-02,6.985690259661));
#4327 = CARTESIAN_POINT('',(0.159709873706,6.989374452895));
#4328 = CARTESIAN_POINT('',(0.23966623803,6.990033483834));
#4329 = CARTESIAN_POINT('',(0.319582435692,6.98782255105));
#4330 = CARTESIAN_POINT('',(0.399409851199,6.983140772511));
#4331 = CARTESIAN_POINT('',(0.551695558184,6.970484318779));
#4332 = CARTESIAN_POINT('',(0.624199712645,6.962836633688));
#4333 = CARTESIAN_POINT('',(0.696587450678,6.953973254615));
#4334 = CARTESIAN_POINT('',(0.768883219601,6.944374978853));
#4335 = CARTESIAN_POINT('',(0.841121420353,6.934535078837));
#4336 = CARTESIAN_POINT('',(1.023076455305,6.91028380691));
#4337 = CARTESIAN_POINT('',(1.132821604581,6.896145951986));
#4338 = CARTESIAN_POINT('',(1.242623820066,6.884108434212));
#4339 = CARTESIAN_POINT('',(1.352553250687,6.875589171424));
#4340 = CARTESIAN_POINT('',(1.462648470591,6.871367119077));
#4341 = CARTESIAN_POINT('',(1.683309950309,6.871491408588));
#4342 = CARTESIAN_POINT('',(1.79394665809,6.875880224779));
#4343 = CARTESIAN_POINT('',(1.904413808474,6.884595418025));
#4344 = CARTESIAN_POINT('',(2.014752824829,6.896829583565));
#4345 = CARTESIAN_POINT('',(2.125037014897,6.911129215626));
#4346 = CARTESIAN_POINT('',(2.306575040844,6.935365241266));
#4347 = CARTESIAN_POINT('',(2.377853265377,6.945058072998));
#4348 = CARTESIAN_POINT('',(2.449189372674,6.954490895208));
#4349 = CARTESIAN_POINT('',(2.520616038138,6.963190223422));
#4350 = CARTESIAN_POINT('',(2.592156119752,6.970695609522));
#4351 = CARTESIAN_POINT('',(2.743261222397,6.983203837182));
#4352 = CARTESIAN_POINT('',(2.82287379872,6.987846310643));
#4353 = CARTESIAN_POINT('',(2.90257436312,6.990028071264));
#4354 = CARTESIAN_POINT('',(2.982314654739,6.989354543509));
#4355 = CARTESIAN_POINT('',(3.062032179047,6.985672427325));
#4356 = CARTESIAN_POINT('',(3.14159265359,6.979096753669));
#4357 = ( GEOMETRIC_REPRESENTATION_CONTEXT(2) 
PARAMETRIC_REPRESENTATION_CONTEXT() REPRESENTATION_CONTEXT('2D SPACE',''
  ) );
#4358 = ORIENTED_EDGE('',*,*,#4359,.T.);
#4359 = EDGE_CURVE('',#4250,#4360,#4362,.T.);
#4360 = VERTEX_POINT('',#4361);
#4361 = CARTESIAN_POINT('',(43.3,18.02,-3.008577876734));
#4362 = SURFACE_CURVE('',#4363,(#4368,#4375),.PCURVE_S1.);
#4363 = ELLIPSE('',#4364,8.17,7.48);
#4364 = AXIS2_PLACEMENT_3D('',#4365,#4366,#4367);
#4365 = CARTESIAN_POINT('',(43.3,25.5,0.));
#4366 = DIRECTION('',(1.,0.,0.));
#4367 = DIRECTION('',(0.,1.,0.));
#4368 = PCURVE('',#2557,#4369);
#4369 = DEFINITIONAL_REPRESENTATION('',(#4370),#4374);
#4370 = LINE('',#4371,#4372);
#4371 = CARTESIAN_POINT('',(0.,0.));
#4372 = VECTOR('',#4373,1.);
#4373 = DIRECTION('',(1.,0.));
#4374 = ( GEOMETRIC_REPRESENTATION_CONTEXT(2) 
PARAMETRIC_REPRESENTATION_CONTEXT() REPRESENTATION_CONTEXT('2D SPACE',''
  ) );
#4375 = PCURVE('',#4376,#4381);
#4376 = PLANE('',#4377);
#4377 = AXIS2_PLACEMENT_3D('',#4378,#4379,#4380);
#4378 = CARTESIAN_POINT('',(43.3,25.5,0.));
#4379 = DIRECTION('',(1.,0.,0.));
#4380 = DIRECTION('',(0.,1.,0.));
#4381 = DEFINITIONAL_REPRESENTATION('',(#4382),#4386);
#4382 = ELLIPSE('',#4383,8.17,7.48);
#4383 = AXIS2_PLACEMENT_2D('',#4384,#4385);
#4384 = CARTESIAN_POINT('',(0.,0.));
#4385 = DIRECTION('',(1.,0.));
#4386 = ( GEOMETRIC_REPRESENTATION_CONTEXT(2) 
PARAMETRIC_REPRESENTATION_CONTEXT() REPRESENTATION_CONTEXT('2D SPACE',''
  ) );
#4387 = ORIENTED_EDGE('',*,*,#4388,.F.);
#4388 = EDGE_CURVE('',#4389,#4360,#4391,.T.);
#4389 = VERTEX_POINT('',#4390);
#4390 = CARTESIAN_POINT('',(51.238724768842,18.02,-1.930168138939));
#4391 = SURFACE_CURVE('',#4392,(#4409,#4429),.PCURVE_S1.);
#4392 = B_SPLINE_CURVE_WITH_KNOTS('',8,(#4393,#4394,#4395,#4396,#4397,
    #4398,#4399,#4400,#4401,#4402,#4403,#4404,#4405,#4406,#4407,#4408),
  .UNSPECIFIED.,.F.,.F.,(9,7,9),(0.,0.729525130818,1.),.UNSPECIFIED.);
#4393 = CARTESIAN_POINT('',(51.47,18.02,-1.889854518516));
#4394 = CARTESIAN_POINT('',(50.729385180533,18.02,-2.020302464534));
#4395 = CARTESIAN_POINT('',(49.987051862489,18.02,-2.140950783968));
#4396 = CARTESIAN_POINT('',(49.24353444351,18.02,-2.254411014232));
#4397 = CARTESIAN_POINT('',(48.499123351735,18.02,-2.361938535034));
#4398 = CARTESIAN_POINT('',(47.754036643069,18.02,-2.464549020448));
#4399 = CARTESIAN_POINT('',(47.008400913712,18.02,-2.562905707121));
#4400 = CARTESIAN_POINT('',(46.262291607011,18.02,-2.657567980212));
#4401 = CARTESIAN_POINT('',(45.238935666902,18.02,-2.782853607682));
#4402 = CARTESIAN_POINT('',(44.962087626245,18.02,-2.816290955143));
#4403 = CARTESIAN_POINT('',(44.685187162386,18.02,-2.849300906177));
#4404 = CARTESIAN_POINT('',(44.408237479381,18.02,-2.881903322833));
#4405 = CARTESIAN_POINT('',(44.131241460321,18.02,-2.914116296066));
#4406 = CARTESIAN_POINT('',(43.854201695752,18.02,-2.945956382404));
#4407 = CARTESIAN_POINT('',(43.577120512083,18.02,-2.977438840617));
#4408 = CARTESIAN_POINT('',(43.3,18.02,-3.008577868386));
#4409 = PCURVE('',#2557,#4410);
#4410 = DEFINITIONAL_REPRESENTATION('',(#4411),#4428);
#4411 = B_SPLINE_CURVE_WITH_KNOTS('',8,(#4412,#4413,#4414,#4415,#4416,
    #4417,#4418,#4419,#4420,#4421,#4422,#4423,#4424,#4425,#4426,#4427),
  .UNSPECIFIED.,.F.,.F.,(9,7,9),(0.,0.729525130818,1.),.UNSPECIFIED.);
#4412 = CARTESIAN_POINT('',(3.408323039784,0.364732142857));
#4413 = CARTESIAN_POINT('',(3.426112618407,0.331668981274));
#4414 = CARTESIAN_POINT('',(3.442422295716,0.298529101004));
#4415 = CARTESIAN_POINT('',(3.457634342054,0.265336359085));
#4416 = CARTESIAN_POINT('',(3.471934150409,0.23210372106));
#4417 = CARTESIAN_POINT('',(3.485471811882,0.198840921566));
#4418 = CARTESIAN_POINT('',(3.498346003818,0.165553612219));
#4419 = CARTESIAN_POINT('',(3.510639977129,0.132245161027));
#4420 = CARTESIAN_POINT('',(3.526784893275,8.655962798671E-02));
#4421 = CARTESIAN_POINT('',(3.531080689969,7.420034045736E-02));
#4422 = CARTESIAN_POINT('',(3.535308760029,6.183871260653E-02));
#4423 = CARTESIAN_POINT('',(3.539472078942,4.947488747236E-02));
#4424 = CARTESIAN_POINT('',(3.543573361495,3.710899376435E-02));
#4425 = CARTESIAN_POINT('',(3.547615096342,2.474114713181E-02));
#4426 = CARTESIAN_POINT('',(3.551599580565,1.237145143228E-02));
#4427 = CARTESIAN_POINT('',(3.555528954241,0.));
#4428 = ( GEOMETRIC_REPRESENTATION_CONTEXT(2) 
PARAMETRIC_REPRESENTATION_CONTEXT() REPRESENTATION_CONTEXT('2D SPACE',''
  ) );
#4429 = PCURVE('',#4195,#4430);
#4430 = DEFINITIONAL_REPRESENTATION('',(#4431),#4448);
#4431 = B_SPLINE_CURVE_WITH_KNOTS('',8,(#4432,#4433,#4434,#4435,#4436,
    #4437,#4438,#4439,#4440,#4441,#4442,#4443,#4444,#4445,#4446,#4447),
  .UNSPECIFIED.,.F.,.F.,(9,7,9),(0.,0.729525130818,1.),.UNSPECIFIED.);
#4432 = CARTESIAN_POINT('',(-1.889854518516,8.17));
#4433 = CARTESIAN_POINT('',(-2.020302464534,7.429385180533));
#4434 = CARTESIAN_POINT('',(-2.140950783968,6.687051862489));
#4435 = CARTESIAN_POINT('',(-2.254411014232,5.94353444351));
#4436 = CARTESIAN_POINT('',(-2.361938535034,5.199123351735));
#4437 = CARTESIAN_POINT('',(-2.464549020448,4.454036643069));
#4438 = CARTESIAN_POINT('',(-2.562905707121,3.708400913712));
#4439 = CARTESIAN_POINT('',(-2.657567980212,2.962291607011));
#4440 = CARTESIAN_POINT('',(-2.782853607682,1.938935666902));
#4441 = CARTESIAN_POINT('',(-2.816290955143,1.662087626245));
#4442 = CARTESIAN_POINT('',(-2.849300906177,1.385187162386));
#4443 = CARTESIAN_POINT('',(-2.881903322833,1.108237479381));
#4444 = CARTESIAN_POINT('',(-2.914116296066,0.831241460321));
#4445 = CARTESIAN_POINT('',(-2.945956382404,0.554201695752));
#4446 = CARTESIAN_POINT('',(-2.977438840617,0.277120512083));
#4447 = CARTESIAN_POINT('',(-3.008577868386,0.));
#4448 = ( GEOMETRIC_REPRESENTATION_CONTEXT(2) 
PARAMETRIC_REPRESENTATION_CONTEXT() REPRESENTATION_CONTEXT('2D SPACE',''
  ) );
#4449 = ORIENTED_EDGE('',*,*,#4450,.F.);
#4450 = EDGE_CURVE('',#2536,#4389,#4451,.T.);
#4451 = SURFACE_CURVE('',#4452,(#4525,#4601),.PCURVE_S1.);
#4452 = B_SPLINE_CURVE_WITH_KNOTS('',8,(#4453,#4454,#4455,#4456,#4457,
    #4458,#4459,#4460,#4461,#4462,#4463,#4464,#4465,#4466,#4467,#4468,
    #4469,#4470,#4471,#4472,#4473,#4474,#4475,#4476,#4477,#4478,#4479,
    #4480,#4481,#4482,#4483,#4484,#4485,#4486,#4487,#4488,#4489,#4490,
    #4491,#4492,#4493,#4494,#4495,#4496,#4497,#4498,#4499,#4500,#4501,
    #4502,#4503,#4504,#4505,#4506,#4507,#4508,#4509,#4510,#4511,#4512,
    #4513,#4514,#4515,#4516,#4517,#4518,#4519,#4520,#4521,#4522,#4523,
    #4524),.UNSPECIFIED.,.F.,.F.,(9,7,7,7,7,7,7,7,7,7,9),(0.,
    7.831263801477E-02,0.136277363923,0.284141648264,0.413510740766,
    0.501534519352,0.5858397734,0.71585732478,0.86336619141,
    0.921174308454,1.),.UNSPECIFIED.);
#4453 = CARTESIAN_POINT('',(51.238725266067,32.9800006,-1.930166093868)
  );
#4454 = CARTESIAN_POINT('',(51.181767854553,32.912223468426,
    -2.164430514585));
#4455 = CARTESIAN_POINT('',(51.117988760591,32.83618495305,
    -2.392335936295));
#4456 = CARTESIAN_POINT('',(51.048052102401,32.752610244112,
    -2.613437696881));
#4457 = CARTESIAN_POINT('',(50.972625925243,32.662223139821,
    -2.827479940752));
#4458 = CARTESIAN_POINT('',(50.89234923277,32.565710145934,
    -3.034355643985));
#4459 = CARTESIAN_POINT('',(50.807807555911,32.463692726278,
    -3.234075404413));
#4460 = CARTESIAN_POINT('',(50.719517059277,32.356707704232,
    -3.42674499666));
#4461 = CARTESIAN_POINT('',(50.560117635319,32.162657973864,
    -3.750080377759));
#4462 = CARTESIAN_POINT('',(50.490512622236,32.077649354776,
    -3.883833580746));
#4463 = CARTESIAN_POINT('',(50.419284370972,31.990353521426,
    -4.013880858794));
#4464 = CARTESIAN_POINT('',(50.346602139578,31.900937769321,
    -4.140296229328));
#4465 = CARTESIAN_POINT('',(50.272622401604,31.809552840091,
    -4.263157777556));
#4466 = CARTESIAN_POINT('',(50.197489028666,31.716332635649,
    -4.382547264533));
#4467 = CARTESIAN_POINT('',(50.121333473015,31.621393932355,
    -4.498549735226));
#4468 = CARTESIAN_POINT('',(49.847703618762,31.278523268391,
    -4.898752222703));
#4469 = CARTESIAN_POINT('',(49.64537998193,31.021829023915,
    -5.164603016729));
#4470 = CARTESIAN_POINT('',(49.439183994337,30.756281381754,
    -5.410469629663));
#4471 = CARTESIAN_POINT('',(49.230789815144,30.483048931034,
    -5.637573738962));
#4472 = CARTESIAN_POINT('',(49.021783157438,30.20301348549,
    -5.846942507132));
#4473 = CARTESIAN_POINT('',(48.813721728649,29.916779831446,
    -6.039478633283));
#4474 = CARTESIAN_POINT('',(48.608227770213,29.624635383376,
    -6.215943215977));
#4475 = CARTESIAN_POINT('',(48.231320424318,29.065604606279,
    -6.517802916842));
#4476 = CARTESIAN_POINT('',(48.059030023913,28.800382875533,
    -6.646687891422));
#4477 = CARTESIAN_POINT('',(47.891561427466,28.530703898431,
    -6.764065657129));
#4478 = CARTESIAN_POINT('',(47.730477937094,28.256489986681,
    -6.870151508481));
#4479 = CARTESIAN_POINT('',(47.57776815357,27.977680184508,
    -6.964990169911));
#4480 = CARTESIAN_POINT('',(47.43590929286,27.694218246779,
    -7.048493076896));
#4481 = CARTESIAN_POINT('',(47.308014438501,27.406009024857,
    -7.120431338164));
#4482 = CARTESIAN_POINT('',(47.122243932149,26.9136579212,
    -7.221265559703));
#4483 = CARTESIAN_POINT('',(47.055061434445,26.712107507986,
    -7.256565475424));
#4484 = CARTESIAN_POINT('',(46.997041728108,26.508515232607,
    -7.286189452812));
#4485 = CARTESIAN_POINT('',(46.949340340611,26.303107190853,
    -7.309976361496));
#4486 = CARTESIAN_POINT('',(46.913073788166,26.096190478509,
    -7.327767085303));
#4487 = CARTESIAN_POINT('',(46.889124974681,25.88817238991,
    -7.339427005534));
#4488 = CARTESIAN_POINT('',(46.877947231691,25.679581757034,
    -7.344875530449));
#4489 = CARTESIAN_POINT('',(46.880970165158,25.271391556186,
    -7.34340216676));
#4490 = CARTESIAN_POINT('',(46.894119114897,25.071730766181,
    -7.336992937891));
#4491 = CARTESIAN_POINT('',(46.918908184267,24.872671773213,
    -7.324898643671));
#4492 = CARTESIAN_POINT('',(46.954890040229,24.674670641663,
    -7.30719632303));
#4493 = CARTESIAN_POINT('',(47.001271877071,24.478079579183,
    -7.284006614761));
#4494 = CARTESIAN_POINT('',(47.05707421073,24.283163807474,
    -7.255469480978));
#4495 = CARTESIAN_POINT('',(47.121285287776,24.090116714942,
    -7.221725385327));
#4496 = CARTESIAN_POINT('',(47.303396264619,23.604423696556,
    -7.123026632431));
#4497 = CARTESIAN_POINT('',(47.431499482804,23.314610636486,
    -7.051086139249));
#4498 = CARTESIAN_POINT('',(47.573791124875,23.029593591498,
    -6.967457060713));
#4499 = CARTESIAN_POINT('',(47.727095952944,22.749277478667,
    -6.872375343264));
#4500 = CARTESIAN_POINT('',(47.888890337375,22.473606260247,
    -6.765933570301));
#4501 = CARTESIAN_POINT('',(48.057150663188,22.202517978816,
    -6.648088507194));
#4502 = CARTESIAN_POINT('',(48.230288772134,21.93593257871,
    -6.518622546474));
#4503 = CARTESIAN_POINT('',(48.607605027039,21.376280310281,
    -6.216449450819));
#4504 = CARTESIAN_POINT('',(48.81260219978,21.084806646544,
    -6.040447453909));
#4505 = CARTESIAN_POINT('',(49.020160225655,20.799216001516,
    -5.848451304067));
#4506 = CARTESIAN_POINT('',(49.228667095221,20.51979333515,
    -5.639706087095));
#4507 = CARTESIAN_POINT('',(49.436575683939,20.247137567249,
    -5.413316525557));
#4508 = CARTESIAN_POINT('',(49.642312025746,19.98212175198,
    -5.168263614642));
#4509 = CARTESIAN_POINT('',(49.84421535092,19.72590260392,
    -4.903335373609));
#4510 = CARTESIAN_POINT('',(50.117315140014,19.383620430713,
    -4.504623069459));
#4511 = CARTESIAN_POINT('',(50.193314321572,19.288855637482,
    -4.389084922837));
#4512 = CARTESIAN_POINT('',(50.268301912252,19.195795678328,
    -4.27018111251));
#4513 = CARTESIAN_POINT('',(50.342147843626,19.104555918535,
    -4.147827289744));
#4514 = CARTESIAN_POINT('',(50.414709826178,19.015268601547,
    -4.021942268991));
#4515 = CARTESIAN_POINT('',(50.485833159969,18.92808257567,
    -3.892448397973));
#4516 = CARTESIAN_POINT('',(50.555350545301,18.843163020763,
    -3.759271927745));
#4517 = CARTESIAN_POINT('',(50.715438652696,18.648234644382,
    -3.435631069681));
#4518 = CARTESIAN_POINT('',(50.80446036254,18.540346599651,
    -3.241971546678));
#4519 = CARTESIAN_POINT('',(50.889700950612,18.437473887622,
    -3.041171914051));
#4520 = CARTESIAN_POINT('',(50.970635583173,18.340162052498,
    -2.833122247814));
#4521 = CARTESIAN_POINT('',(51.046668117349,18.249043654058,
    -2.617809598295));
#4522 = CARTESIAN_POINT('',(51.117147364534,18.164818186136,
    -2.395341032537));
#4523 = CARTESIAN_POINT('',(51.181392164907,18.088223595341,
    -2.165975720505));
#4524 = CARTESIAN_POINT('',(51.23872527306,18.0199994,-1.930166065104));
#4525 = PCURVE('',#2557,#4526);
#4526 = DEFINITIONAL_REPRESENTATION('',(#4527),#4600);
#4527 = B_SPLINE_CURVE_WITH_KNOTS('',8,(#4528,#4529,#4530,#4531,#4532,
    #4533,#4534,#4535,#4536,#4537,#4538,#4539,#4540,#4541,#4542,#4543,
    #4544,#4545,#4546,#4547,#4548,#4549,#4550,#4551,#4552,#4553,#4554,
    #4555,#4556,#4557,#4558,#4559,#4560,#4561,#4562,#4563,#4564,#4565,
    #4566,#4567,#4568,#4569,#4570,#4571,#4572,#4573,#4574,#4575,#4576,
    #4577,#4578,#4579,#4580,#4581,#4582,#4583,#4584,#4585,#4586,#4587,
    #4588,#4589,#4590,#4591,#4592,#4593,#4594,#4595,#4596,#4597,#4598,
    #4599),.UNSPECIFIED.,.F.,.F.,(9,7,7,7,7,7,7,7,7,7,9),(0.,
    7.831263801477E-02,0.136277363923,0.284141648264,0.413510740766,
    0.501534519352,0.5858397734,0.71585732478,0.86336619141,
    0.921174308454,1.),.UNSPECIFIED.);
#4528 = CARTESIAN_POINT('',(6.010963563118,0.354407377949));
#4529 = CARTESIAN_POINT('',(5.977166962746,0.351864636364));
#4530 = CARTESIAN_POINT('',(5.943958968767,0.349017355384));
#4531 = CARTESIAN_POINT('',(5.911369985377,0.345895183143));
#4532 = CARTESIAN_POINT('',(5.879412748833,0.342527943091));
#4533 = CARTESIAN_POINT('',(5.84808653907,0.338944162177));
#4534 = CARTESIAN_POINT('',(5.817379765655,0.335169980175));
#4535 = CARTESIAN_POINT('',(5.78727092809,0.331228440146));
#4536 = CARTESIAN_POINT('',(5.73586110182,0.324112394434));
#4537 = CARTESIAN_POINT('',(5.714306749426,0.321005027778));
#4538 = CARTESIAN_POINT('',(5.693053014925,0.317825195133));
#4539 = CARTESIAN_POINT('',(5.672088132938,0.31458045266));
#4540 = CARTESIAN_POINT('',(5.651400262957,0.311277785786));
#4541 = CARTESIAN_POINT('',(5.630977301263,0.307923617351));
#4542 = CARTESIAN_POINT('',(5.610806692825,0.30452381576));
#4543 = CARTESIAN_POINT('',(5.540031398341,0.292308197266));
#4544 = CARTESIAN_POINT('',(5.490775727623,0.28327589205));
#4545 = CARTESIAN_POINT('',(5.442857561801,0.274070714033));
#4546 = CARTESIAN_POINT('',(5.396091797174,0.264767402462));
#4547 = CARTESIAN_POINT('',(5.350315917079,0.2554367481));
#4548 = CARTESIAN_POINT('',(5.305373119498,0.246148291458));
#4549 = CARTESIAN_POINT('',(5.261102747333,0.236974454027));
#4550 = CARTESIAN_POINT('',(5.179012229214,0.220148233229));
#4551 = CARTESIAN_POINT('',(5.141115148837,0.212456697496));
#4552 = CARTESIAN_POINT('',(5.103495841964,0.204980420869));
#4553 = CARTESIAN_POINT('',(5.066048272257,0.19778919362));
#4554 = CARTESIAN_POINT('',(5.028678755697,0.19097179257));
#4555 = CARTESIAN_POINT('',(4.991299162001,0.184638807717));
#4556 = CARTESIAN_POINT('',(4.953816518809,0.178929216005));
#4557 = CARTESIAN_POINT('',(4.890504108107,0.170635889828));
#4558 = CARTESIAN_POINT('',(4.864781355856,0.167636671181));
#4559 = CARTESIAN_POINT('',(4.838963836823,0.165046505719));
#4560 = CARTESIAN_POINT('',(4.813051373782,0.162916979492));
#4561 = CARTESIAN_POINT('',(4.787051406098,0.161297936972));
#4562 = CARTESIAN_POINT('',(4.760981165532,0.160228793513));
#4563 = CARTESIAN_POINT('',(4.734871100993,0.159729787129));
#4564 = CARTESIAN_POINT('',(4.68376917963,0.159864739516));
#4565 = CARTESIAN_POINT('',(4.658769962688,0.160451746201));
#4566 = CARTESIAN_POINT('',(4.63381145292,0.161558401083));
#4567 = CARTESIAN_POINT('',(4.608919566713,0.163164733939));
#4568 = CARTESIAN_POINT('',(4.584108968205,0.165235351655));
#4569 = CARTESIAN_POINT('',(4.559385739259,0.167726527265));
#4570 = CARTESIAN_POINT('',(4.534749058951,0.170593093204));
#4571 = CARTESIAN_POINT('',(4.472317914737,0.178723047528));
#4572 = CARTESIAN_POINT('',(4.43464269535,0.184441941197));
#4573 = CARTESIAN_POINT('',(4.397073756104,0.190794246646));
#4574 = CARTESIAN_POINT('',(4.359516897276,0.197638212185));
#4575 = CARTESIAN_POINT('',(4.321882875834,0.204861175776));
#4576 = CARTESIAN_POINT('',(4.284076700749,0.212372797464));
#4577 = CARTESIAN_POINT('',(4.245990696621,0.220102177327));
#4578 = CARTESIAN_POINT('',(4.16381054115,0.236946652993));
#4579 = CARTESIAN_POINT('',(4.119646090428,0.24609831249));
#4580 = CARTESIAN_POINT('',(4.074812893468,0.255364295788));
#4581 = CARTESIAN_POINT('',(4.029151453482,0.26467263818));
#4582 = CARTESIAN_POINT('',(3.982506090054,0.273954271604));
#4583 = CARTESIAN_POINT('',(3.934715439519,0.283138929721));
#4584 = CARTESIAN_POINT('',(3.885595775277,0.292152471023));
#4585 = CARTESIAN_POINT('',(3.815030688695,0.304344425893));
#4586 = CARTESIAN_POINT('',(3.794925262856,0.307737246499));
#4587 = CARTESIAN_POINT('',(3.774569321809,0.311084906797));
#4588 = CARTESIAN_POINT('',(3.753950415083,0.314381600162));
#4589 = CARTESIAN_POINT('',(3.733056529624,0.317620974383));
#4590 = CARTESIAN_POINT('',(3.711875903161,0.320796123213));
#4591 = CARTESIAN_POINT('',(3.690396837569,0.323899577915));
#4592 = CARTESIAN_POINT('',(3.638896137335,0.331046368424));
#4593 = CARTESIAN_POINT('',(3.608612532408,0.335020551899));
#4594 = CARTESIAN_POINT('',(3.577723771973,0.338825935295));
#4595 = CARTESIAN_POINT('',(3.546207738318,0.342439088535));
#4596 = CARTESIAN_POINT('',(3.514052419162,0.345833398096));
#4597 = CARTESIAN_POINT('',(3.481256881695,0.34897979306));
#4598 = CARTESIAN_POINT('',(3.44783392301,0.351847864505));
#4599 = CARTESIAN_POINT('',(3.413814396912,0.354407378262));
#4600 = ( GEOMETRIC_REPRESENTATION_CONTEXT(2) 
PARAMETRIC_REPRESENTATION_CONTEXT() REPRESENTATION_CONTEXT('2D SPACE',''
  ) );
#4601 = PCURVE('',#4072,#4602);
#4602 = DEFINITIONAL_REPRESENTATION('',(#4603),#4676);
#4603 = B_SPLINE_CURVE_WITH_KNOTS('',8,(#4604,#4605,#4606,#4607,#4608,
    #4609,#4610,#4611,#4612,#4613,#4614,#4615,#4616,#4617,#4618,#4619,
    #4620,#4621,#4622,#4623,#4624,#4625,#4626,#4627,#4628,#4629,#4630,
    #4631,#4632,#4633,#4634,#4635,#4636,#4637,#4638,#4639,#4640,#4641,
    #4642,#4643,#4644,#4645,#4646,#4647,#4648,#4649,#4650,#4651,#4652,
    #4653,#4654,#4655,#4656,#4657,#4658,#4659,#4660,#4661,#4662,#4663,
    #4664,#4665,#4666,#4667,#4668,#4669,#4670,#4671,#4672,#4673,#4674,
    #4675),.UNSPECIFIED.,.F.,.F.,(9,7,7,7,7,7,7,7,7,7,9),(0.,
    7.831263801477E-02,0.136277363923,0.284141648264,0.413510740766,
    0.501534519352,0.5858397734,0.71585732478,0.86336619141,
    0.921174308454,1.),.UNSPECIFIED.);
#4604 = CARTESIAN_POINT('',(1.809301562287,14.9600006));
#4605 = CARTESIAN_POINT('',(1.838810634949,14.892223468426));
#4606 = CARTESIAN_POINT('',(1.867760649831,14.81618495305));
#4607 = CARTESIAN_POINT('',(1.896118753886,14.732610244112));
#4608 = CARTESIAN_POINT('',(1.923867974395,14.642223139821));
#4609 = CARTESIAN_POINT('',(1.951003405049,14.545710145934));
#4610 = CARTESIAN_POINT('',(1.9775297218,14.443692726278));
#4611 = CARTESIAN_POINT('',(2.003460028485,14.336707704232));
#4612 = CARTESIAN_POINT('',(2.047583805123,14.142657973864));
#4613 = CARTESIAN_POINT('',(2.06603481107,14.057649354776));
#4614 = CARTESIAN_POINT('',(2.084176885038,13.970353521426));
#4615 = CARTESIAN_POINT('',(2.102017647945,13.880937769321));
#4616 = CARTESIAN_POINT('',(2.119564607376,13.789552840091));
#4617 = CARTESIAN_POINT('',(2.136825258319,13.696332635649));
#4618 = CARTESIAN_POINT('',(2.153807183901,13.601393932355));
#4619 = CARTESIAN_POINT('',(2.213146770504,13.258523268391));
#4620 = CARTESIAN_POINT('',(2.253985472502,13.001829023915));
#4621 = CARTESIAN_POINT('',(2.293190369474,12.736281381754));
#4622 = CARTESIAN_POINT('',(2.330846255698,12.463048931034));
#4623 = CARTESIAN_POINT('',(2.36699701624,12.18301348549));
#4624 = CARTESIAN_POINT('',(2.401653947155,11.896779831446));
#4625 = CARTESIAN_POINT('',(2.434787991168,11.604635383376));
#4626 = CARTESIAN_POINT('',(2.493892706101,11.045604606279));
#4627 = CARTESIAN_POINT('',(2.520214151461,10.780382875533));
#4628 = CARTESIAN_POINT('',(2.545226445641,10.510703898431));
#4629 = CARTESIAN_POINT('',(2.568816449057,10.236489986681));
#4630 = CARTESIAN_POINT('',(2.59080610485,9.957680184508));
#4631 = CARTESIAN_POINT('',(2.610947701393,9.674218246779));
#4632 = CARTESIAN_POINT('',(2.628906315235,9.386009024857));
#4633 = CARTESIAN_POINT('',(2.65477806969,8.8936579212));
#4634 = CARTESIAN_POINT('',(2.664066313035,8.692107507986));
#4635 = CARTESIAN_POINT('',(2.672039198217,8.488515232607));
#4636 = CARTESIAN_POINT('',(2.678563149642,8.283107190853));
#4637 = CARTESIAN_POINT('',(2.683507467777,8.076190478509));
#4638 = CARTESIAN_POINT('',(2.686767743661,7.86817238991));
#4639 = CARTESIAN_POINT('',(2.688289770174,7.659581757034));
#4640 = CARTESIAN_POINT('',(2.687878157585,7.251391556186));
#4641 = CARTESIAN_POINT('',(2.686087727784,7.051730766181));
#4642 = CARTESIAN_POINT('',(2.682711707989,6.852671773213));
#4643 = CARTESIAN_POINT('',(2.677803456522,6.654670641663));
#4644 = CARTESIAN_POINT('',(2.671456644492,6.458079579183));
#4645 = CARTESIAN_POINT('',(2.663785870967,6.263163807474));
#4646 = CARTESIAN_POINT('',(2.654908045994,6.070116714942));
#4647 = CARTESIAN_POINT('',(2.629554646061,5.584423696556));
#4648 = CARTESIAN_POINT('',(2.611573654882,5.294610636486));
#4649 = CARTESIAN_POINT('',(2.591378591182,5.009593591498));
#4650 = CARTESIAN_POINT('',(2.56931149694,4.729277478667));
#4651 = CARTESIAN_POINT('',(2.545625093344,4.453606260247));
#4652 = CARTESIAN_POINT('',(2.520500884825,4.182517978816));
#4653 = CARTESIAN_POINT('',(2.49405397918,3.91593257871));
#4654 = CARTESIAN_POINT('',(2.434886219604,3.356280310281));
#4655 = CARTESIAN_POINT('',(2.401835055794,3.064806646544));
#4656 = CARTESIAN_POINT('',(2.367267934533,2.779216001516));
#4657 = CARTESIAN_POINT('',(2.331213936246,2.49979333515));
#4658 = CARTESIAN_POINT('',(2.293662088651,2.227137567249));
#4659 = CARTESIAN_POINT('',(2.254569034663,1.96212175198));
#4660 = CARTESIAN_POINT('',(2.213850846693,1.70590260392));
#4661 = CARTESIAN_POINT('',(2.154698425637,1.363620430713));
#4662 = CARTESIAN_POINT('',(2.137774476779,1.268855637482));
#4663 = CARTESIAN_POINT('',(2.120573579493,1.175795678328));
#4664 = CARTESIAN_POINT('',(2.103088225354,1.084555918535));
#4665 = CARTESIAN_POINT('',(2.085310983755,0.995268601547));
#4666 = CARTESIAN_POINT('',(2.067234401672,0.90808257567));
#4667 = CARTESIAN_POINT('',(2.048850903423,0.823163020763));
#4668 = CARTESIAN_POINT('',(2.004656278431,0.628234644382));
#4669 = CARTESIAN_POINT('',(1.978578689972,0.520346599651));
#4670 = CARTESIAN_POINT('',(1.951897619861,0.417473887622));
#4671 = CARTESIAN_POINT('',(1.924599543568,0.320162052498));
#4672 = CARTESIAN_POINT('',(1.896679523923,0.229043654058));
#4673 = CARTESIAN_POINT('',(1.868142388328,0.144818186136));
#4674 = CARTESIAN_POINT('',(1.839005276489,6.82235953407E-02));
#4675 = CARTESIAN_POINT('',(1.809301558664,-6.E-07));
#4676 = ( GEOMETRIC_REPRESENTATION_CONTEXT(2) 
PARAMETRIC_REPRESENTATION_CONTEXT() REPRESENTATION_CONTEXT('2D SPACE',''
  ) );
#4677 = ADVANCED_FACE('',(#4678),#2608,.T.);
#4678 = FACE_BOUND('',#4679,.T.);
#4679 = EDGE_LOOP('',(#4680,#4681,#4703,#4704,#4727,#4751));
#4680 = ORIENTED_EDGE('',*,*,#2533,.T.);
#4681 = ORIENTED_EDGE('',*,*,#4682,.T.);
#4682 = EDGE_CURVE('',#2536,#3857,#4683,.T.);
#4683 = SURFACE_CURVE('',#4684,(#4689,#4696),.PCURVE_S1.);
#4684 = CIRCLE('',#4685,8.17);
#4685 = AXIS2_PLACEMENT_3D('',#4686,#4687,#4688);
#4686 = CARTESIAN_POINT('',(43.3,32.98,0.));
#4687 = DIRECTION('',(0.,1.,0.));
#4688 = DIRECTION('',(0.971692137313,0.,-0.236250693721));
#4689 = PCURVE('',#2608,#4690);
#4690 = DEFINITIONAL_REPRESENTATION('',(#4691),#4695);
#4691 = CIRCLE('',#4692,8.17);
#4692 = AXIS2_PLACEMENT_2D('',#4693,#4694);
#4693 = CARTESIAN_POINT('',(0.,0.));
#4694 = DIRECTION('',(-0.236250693721,0.971692137313));
#4695 = ( GEOMETRIC_REPRESENTATION_CONTEXT(2) 
PARAMETRIC_REPRESENTATION_CONTEXT() REPRESENTATION_CONTEXT('2D SPACE',''
  ) );
#4696 = PCURVE('',#4072,#4697);
#4697 = DEFINITIONAL_REPRESENTATION('',(#4698),#4702);
#4698 = LINE('',#4699,#4700);
#4699 = CARTESIAN_POINT('',(1.809301823517,14.96));
#4700 = VECTOR('',#4701,1.);
#4701 = DIRECTION('',(1.,0.));
#4702 = ( GEOMETRIC_REPRESENTATION_CONTEXT(2) 
PARAMETRIC_REPRESENTATION_CONTEXT() REPRESENTATION_CONTEXT('2D SPACE',''
  ) );
#4703 = ORIENTED_EDGE('',*,*,#3856,.F.);
#4704 = ORIENTED_EDGE('',*,*,#4705,.F.);
#4705 = EDGE_CURVE('',#4706,#3828,#4708,.T.);
#4706 = VERTEX_POINT('',#4707);
#4707 = CARTESIAN_POINT('',(43.3,32.98,1.6));
#4708 = SURFACE_CURVE('',#4709,(#4713,#4720),.PCURVE_S1.);
#4709 = LINE('',#4710,#4711);
#4710 = CARTESIAN_POINT('',(43.3,32.98,0.));
#4711 = VECTOR('',#4712,1.);
#4712 = DIRECTION('',(0.,0.,1.));
#4713 = PCURVE('',#2608,#4714);
#4714 = DEFINITIONAL_REPRESENTATION('',(#4715),#4719);
#4715 = LINE('',#4716,#4717);
#4716 = CARTESIAN_POINT('',(0.,0.));
#4717 = VECTOR('',#4718,1.);
#4718 = DIRECTION('',(1.,0.));
#4719 = ( GEOMETRIC_REPRESENTATION_CONTEXT(2) 
PARAMETRIC_REPRESENTATION_CONTEXT() REPRESENTATION_CONTEXT('2D SPACE',''
  ) );
#4720 = PCURVE('',#3844,#4721);
#4721 = DEFINITIONAL_REPRESENTATION('',(#4722),#4726);
#4722 = LINE('',#4723,#4724);
#4723 = CARTESIAN_POINT('',(7.48,0.));
#4724 = VECTOR('',#4725,1.);
#4725 = DIRECTION('',(0.,1.));
#4726 = ( GEOMETRIC_REPRESENTATION_CONTEXT(2) 
PARAMETRIC_REPRESENTATION_CONTEXT() REPRESENTATION_CONTEXT('2D SPACE',''
  ) );
#4727 = ORIENTED_EDGE('',*,*,#4728,.F.);
#4728 = EDGE_CURVE('',#4729,#4706,#4731,.T.);
#4729 = VERTEX_POINT('',#4730);
#4730 = CARTESIAN_POINT('',(43.3,32.98,-1.6));
#4731 = SURFACE_CURVE('',#4732,(#4737,#4744),.PCURVE_S1.);
#4732 = CIRCLE('',#4733,1.6);
#4733 = AXIS2_PLACEMENT_3D('',#4734,#4735,#4736);
#4734 = CARTESIAN_POINT('',(43.3,32.98,0.));
#4735 = DIRECTION('',(0.,1.,0.));
#4736 = DIRECTION('',(0.,-0.,1.));
#4737 = PCURVE('',#2608,#4738);
#4738 = DEFINITIONAL_REPRESENTATION('',(#4739),#4743);
#4739 = CIRCLE('',#4740,1.6);
#4740 = AXIS2_PLACEMENT_2D('',#4741,#4742);
#4741 = CARTESIAN_POINT('',(0.,0.));
#4742 = DIRECTION('',(1.,0.));
#4743 = ( GEOMETRIC_REPRESENTATION_CONTEXT(2) 
PARAMETRIC_REPRESENTATION_CONTEXT() REPRESENTATION_CONTEXT('2D SPACE',''
  ) );
#4744 = PCURVE('',#2706,#4745);
#4745 = DEFINITIONAL_REPRESENTATION('',(#4746),#4750);
#4746 = LINE('',#4747,#4748);
#4747 = CARTESIAN_POINT('',(0.,22.44));
#4748 = VECTOR('',#4749,1.);
#4749 = DIRECTION('',(1.,0.));
#4750 = ( GEOMETRIC_REPRESENTATION_CONTEXT(2) 
PARAMETRIC_REPRESENTATION_CONTEXT() REPRESENTATION_CONTEXT('2D SPACE',''
  ) );
#4751 = ORIENTED_EDGE('',*,*,#4752,.F.);
#4752 = EDGE_CURVE('',#2534,#4729,#4753,.T.);
#4753 = SURFACE_CURVE('',#4754,(#4758,#4765),.PCURVE_S1.);
#4754 = LINE('',#4755,#4756);
#4755 = CARTESIAN_POINT('',(43.3,32.98,0.));
#4756 = VECTOR('',#4757,1.);
#4757 = DIRECTION('',(0.,0.,1.));
#4758 = PCURVE('',#2608,#4759);
#4759 = DEFINITIONAL_REPRESENTATION('',(#4760),#4764);
#4760 = LINE('',#4761,#4762);
#4761 = CARTESIAN_POINT('',(0.,0.));
#4762 = VECTOR('',#4763,1.);
#4763 = DIRECTION('',(1.,0.));
#4764 = ( GEOMETRIC_REPRESENTATION_CONTEXT(2) 
PARAMETRIC_REPRESENTATION_CONTEXT() REPRESENTATION_CONTEXT('2D SPACE',''
  ) );
#4765 = PCURVE('',#2650,#4766);
#4766 = DEFINITIONAL_REPRESENTATION('',(#4767),#4771);
#4767 = LINE('',#4768,#4769);
#4768 = CARTESIAN_POINT('',(7.48,0.));
#4769 = VECTOR('',#4770,1.);
#4770 = DIRECTION('',(0.,1.));
#4771 = ( GEOMETRIC_REPRESENTATION_CONTEXT(2) 
PARAMETRIC_REPRESENTATION_CONTEXT() REPRESENTATION_CONTEXT('2D SPACE',''
  ) );
#4772 = ADVANCED_FACE('',(#4773),#4072,.T.);
#4773 = FACE_BOUND('',#4774,.T.);
#4774 = EDGE_LOOP('',(#4775,#4797,#4798,#4799));
#4775 = ORIENTED_EDGE('',*,*,#4776,.T.);
#4776 = EDGE_CURVE('',#4389,#3919,#4777,.T.);
#4777 = SURFACE_CURVE('',#4778,(#4783,#4790),.PCURVE_S1.);
#4778 = CIRCLE('',#4779,8.17);
#4779 = AXIS2_PLACEMENT_3D('',#4780,#4781,#4782);
#4780 = CARTESIAN_POINT('',(43.3,18.02,0.));
#4781 = DIRECTION('',(0.,1.,0.));
#4782 = DIRECTION('',(0.971692138169,0.,-0.236250690201));
#4783 = PCURVE('',#4072,#4784);
#4784 = DEFINITIONAL_REPRESENTATION('',(#4785),#4789);
#4785 = LINE('',#4786,#4787);
#4786 = CARTESIAN_POINT('',(1.809301819894,0.));
#4787 = VECTOR('',#4788,1.);
#4788 = DIRECTION('',(1.,0.));
#4789 = ( GEOMETRIC_REPRESENTATION_CONTEXT(2) 
PARAMETRIC_REPRESENTATION_CONTEXT() REPRESENTATION_CONTEXT('2D SPACE',''
  ) );
#4790 = PCURVE('',#4195,#4791);
#4791 = DEFINITIONAL_REPRESENTATION('',(#4792),#4796);
#4792 = CIRCLE('',#4793,8.17);
#4793 = AXIS2_PLACEMENT_2D('',#4794,#4795);
#4794 = CARTESIAN_POINT('',(0.,0.));
#4795 = DIRECTION('',(-0.236250690201,0.971692138169));
#4796 = ( GEOMETRIC_REPRESENTATION_CONTEXT(2) 
PARAMETRIC_REPRESENTATION_CONTEXT() REPRESENTATION_CONTEXT('2D SPACE',''
  ) );
#4797 = ORIENTED_EDGE('',*,*,#3918,.T.);
#4798 = ORIENTED_EDGE('',*,*,#4682,.F.);
#4799 = ORIENTED_EDGE('',*,*,#4450,.T.);
#4800 = ADVANCED_FACE('',(#4801),#4195,.F.);
#4801 = FACE_BOUND('',#4802,.F.);
#4802 = EDGE_LOOP('',(#4803,#4804,#4805,#4806,#4829,#4853));
#4803 = ORIENTED_EDGE('',*,*,#4388,.F.);
#4804 = ORIENTED_EDGE('',*,*,#4776,.T.);
#4805 = ORIENTED_EDGE('',*,*,#4153,.F.);
#4806 = ORIENTED_EDGE('',*,*,#4807,.F.);
#4807 = EDGE_CURVE('',#4808,#4154,#4810,.T.);
#4808 = VERTEX_POINT('',#4809);
#4809 = CARTESIAN_POINT('',(43.3,18.02,1.6));
#4810 = SURFACE_CURVE('',#4811,(#4815,#4822),.PCURVE_S1.);
#4811 = LINE('',#4812,#4813);
#4812 = CARTESIAN_POINT('',(43.3,18.02,0.));
#4813 = VECTOR('',#4814,1.);
#4814 = DIRECTION('',(0.,0.,1.));
#4815 = PCURVE('',#4195,#4816);
#4816 = DEFINITIONAL_REPRESENTATION('',(#4817),#4821);
#4817 = LINE('',#4818,#4819);
#4818 = CARTESIAN_POINT('',(0.,0.));
#4819 = VECTOR('',#4820,1.);
#4820 = DIRECTION('',(1.,0.));
#4821 = ( GEOMETRIC_REPRESENTATION_CONTEXT(2) 
PARAMETRIC_REPRESENTATION_CONTEXT() REPRESENTATION_CONTEXT('2D SPACE',''
  ) );
#4822 = PCURVE('',#4237,#4823);
#4823 = DEFINITIONAL_REPRESENTATION('',(#4824),#4828);
#4824 = LINE('',#4825,#4826);
#4825 = CARTESIAN_POINT('',(-7.48,0.));
#4826 = VECTOR('',#4827,1.);
#4827 = DIRECTION('',(0.,1.));
#4828 = ( GEOMETRIC_REPRESENTATION_CONTEXT(2) 
PARAMETRIC_REPRESENTATION_CONTEXT() REPRESENTATION_CONTEXT('2D SPACE',''
  ) );
#4829 = ORIENTED_EDGE('',*,*,#4830,.F.);
#4830 = EDGE_CURVE('',#4831,#4808,#4833,.T.);
#4831 = VERTEX_POINT('',#4832);
#4832 = CARTESIAN_POINT('',(43.3,18.02,-1.6));
#4833 = SURFACE_CURVE('',#4834,(#4839,#4846),.PCURVE_S1.);
#4834 = CIRCLE('',#4835,1.6);
#4835 = AXIS2_PLACEMENT_3D('',#4836,#4837,#4838);
#4836 = CARTESIAN_POINT('',(43.3,18.02,0.));
#4837 = DIRECTION('',(0.,1.,0.));
#4838 = DIRECTION('',(0.,-0.,1.));
#4839 = PCURVE('',#4195,#4840);
#4840 = DEFINITIONAL_REPRESENTATION('',(#4841),#4845);
#4841 = CIRCLE('',#4842,1.6);
#4842 = AXIS2_PLACEMENT_2D('',#4843,#4844);
#4843 = CARTESIAN_POINT('',(0.,0.));
#4844 = DIRECTION('',(1.,0.));
#4845 = ( GEOMETRIC_REPRESENTATION_CONTEXT(2) 
PARAMETRIC_REPRESENTATION_CONTEXT() REPRESENTATION_CONTEXT('2D SPACE',''
  ) );
#4846 = PCURVE('',#2706,#4847);
#4847 = DEFINITIONAL_REPRESENTATION('',(#4848),#4852);
#4848 = LINE('',#4849,#4850);
#4849 = CARTESIAN_POINT('',(0.,7.48));
#4850 = VECTOR('',#4851,1.);
#4851 = DIRECTION('',(1.,0.));
#4852 = ( GEOMETRIC_REPRESENTATION_CONTEXT(2) 
PARAMETRIC_REPRESENTATION_CONTEXT() REPRESENTATION_CONTEXT('2D SPACE',''
  ) );
#4853 = ORIENTED_EDGE('',*,*,#4854,.F.);
#4854 = EDGE_CURVE('',#4360,#4831,#4855,.T.);
#4855 = SURFACE_CURVE('',#4856,(#4860,#4867),.PCURVE_S1.);
#4856 = LINE('',#4857,#4858);
#4857 = CARTESIAN_POINT('',(43.3,18.02,0.));
#4858 = VECTOR('',#4859,1.);
#4859 = DIRECTION('',(0.,0.,1.));
#4860 = PCURVE('',#4195,#4861);
#4861 = DEFINITIONAL_REPRESENTATION('',(#4862),#4866);
#4862 = LINE('',#4863,#4864);
#4863 = CARTESIAN_POINT('',(0.,0.));
#4864 = VECTOR('',#4865,1.);
#4865 = DIRECTION('',(1.,0.));
#4866 = ( GEOMETRIC_REPRESENTATION_CONTEXT(2) 
PARAMETRIC_REPRESENTATION_CONTEXT() REPRESENTATION_CONTEXT('2D SPACE',''
  ) );
#4867 = PCURVE('',#4376,#4868);
#4868 = DEFINITIONAL_REPRESENTATION('',(#4869),#4873);
#4869 = LINE('',#4870,#4871);
#4870 = CARTESIAN_POINT('',(-7.48,0.));
#4871 = VECTOR('',#4872,1.);
#4872 = DIRECTION('',(0.,1.));
#4873 = ( GEOMETRIC_REPRESENTATION_CONTEXT(2) 
PARAMETRIC_REPRESENTATION_CONTEXT() REPRESENTATION_CONTEXT('2D SPACE',''
  ) );
#4874 = ADVANCED_FACE('',(#4875),#4376,.F.);
#4875 = FACE_BOUND('',#4876,.F.);
#4876 = EDGE_LOOP('',(#4877,#4878,#4899));
#4877 = ORIENTED_EDGE('',*,*,#4854,.T.);
#4878 = ORIENTED_EDGE('',*,*,#4879,.F.);
#4879 = EDGE_CURVE('',#4250,#4831,#4880,.T.);
#4880 = SURFACE_CURVE('',#4881,(#4885,#4892),.PCURVE_S1.);
#4881 = LINE('',#4882,#4883);
#4882 = CARTESIAN_POINT('',(43.3,10.54,-1.6));
#4883 = VECTOR('',#4884,1.);
#4884 = DIRECTION('',(0.,1.,0.));
#4885 = PCURVE('',#4376,#4886);
#4886 = DEFINITIONAL_REPRESENTATION('',(#4887),#4891);
#4887 = LINE('',#4888,#4889);
#4888 = CARTESIAN_POINT('',(-14.96,-1.6));
#4889 = VECTOR('',#4890,1.);
#4890 = DIRECTION('',(1.,0.));
#4891 = ( GEOMETRIC_REPRESENTATION_CONTEXT(2) 
PARAMETRIC_REPRESENTATION_CONTEXT() REPRESENTATION_CONTEXT('2D SPACE',''
  ) );
#4892 = PCURVE('',#2706,#4893);
#4893 = DEFINITIONAL_REPRESENTATION('',(#4894),#4898);
#4894 = LINE('',#4895,#4896);
#4895 = CARTESIAN_POINT('',(3.14159265359,0.));
#4896 = VECTOR('',#4897,1.);
#4897 = DIRECTION('',(0.,1.));
#4898 = ( GEOMETRIC_REPRESENTATION_CONTEXT(2) 
PARAMETRIC_REPRESENTATION_CONTEXT() REPRESENTATION_CONTEXT('2D SPACE',''
  ) );
#4899 = ORIENTED_EDGE('',*,*,#4359,.T.);
#4900 = ADVANCED_FACE('',(#4901),#2706,.F.);
#4901 = FACE_BOUND('',#4902,.F.);
#4902 = EDGE_LOOP('',(#4903,#4904,#4925,#4946,#4967,#4968,#4969,#4970,
    #4971,#4972,#4993));
#4903 = ORIENTED_EDGE('',*,*,#3762,.F.);
#4904 = ORIENTED_EDGE('',*,*,#4905,.F.);
#4905 = EDGE_CURVE('',#4706,#3763,#4906,.T.);
#4906 = SURFACE_CURVE('',#4907,(#4911,#4918),.PCURVE_S1.);
#4907 = LINE('',#4908,#4909);
#4908 = CARTESIAN_POINT('',(43.3,10.54,1.6));
#4909 = VECTOR('',#4910,1.);
#4910 = DIRECTION('',(0.,1.,0.));
#4911 = PCURVE('',#2706,#4912);
#4912 = DEFINITIONAL_REPRESENTATION('',(#4913),#4917);
#4913 = LINE('',#4914,#4915);
#4914 = CARTESIAN_POINT('',(0.,-0.));
#4915 = VECTOR('',#4916,1.);
#4916 = DIRECTION('',(0.,1.));
#4917 = ( GEOMETRIC_REPRESENTATION_CONTEXT(2) 
PARAMETRIC_REPRESENTATION_CONTEXT() REPRESENTATION_CONTEXT('2D SPACE',''
  ) );
#4918 = PCURVE('',#3844,#4919);
#4919 = DEFINITIONAL_REPRESENTATION('',(#4920),#4924);
#4920 = LINE('',#4921,#4922);
#4921 = CARTESIAN_POINT('',(-14.96,1.6));
#4922 = VECTOR('',#4923,1.);
#4923 = DIRECTION('',(1.,0.));
#4924 = ( GEOMETRIC_REPRESENTATION_CONTEXT(2) 
PARAMETRIC_REPRESENTATION_CONTEXT() REPRESENTATION_CONTEXT('2D SPACE',''
  ) );
#4925 = ORIENTED_EDGE('',*,*,#4926,.F.);
#4926 = EDGE_CURVE('',#4808,#4706,#4927,.T.);
#4927 = SEAM_CURVE('',#4928,(#4932,#4939),.PCURVE_S1.);
#4928 = LINE('',#4929,#4930);
#4929 = CARTESIAN_POINT('',(43.3,10.54,1.6));
#4930 = VECTOR('',#4931,1.);
#4931 = DIRECTION('',(0.,1.,0.));
#4932 = PCURVE('',#2706,#4933);
#4933 = DEFINITIONAL_REPRESENTATION('',(#4934),#4938);
#4934 = LINE('',#4935,#4936);
#4935 = CARTESIAN_POINT('',(6.28318530718,-0.));
#4936 = VECTOR('',#4937,1.);
#4937 = DIRECTION('',(0.,1.));
#4938 = ( GEOMETRIC_REPRESENTATION_CONTEXT(2) 
PARAMETRIC_REPRESENTATION_CONTEXT() REPRESENTATION_CONTEXT('2D SPACE',''
  ) );
#4939 = PCURVE('',#2706,#4940);
#4940 = DEFINITIONAL_REPRESENTATION('',(#4941),#4945);
#4941 = LINE('',#4942,#4943);
#4942 = CARTESIAN_POINT('',(0.,-0.));
#4943 = VECTOR('',#4944,1.);
#4944 = DIRECTION('',(0.,1.));
#4945 = ( GEOMETRIC_REPRESENTATION_CONTEXT(2) 
PARAMETRIC_REPRESENTATION_CONTEXT() REPRESENTATION_CONTEXT('2D SPACE',''
  ) );
#4946 = ORIENTED_EDGE('',*,*,#4947,.F.);
#4947 = EDGE_CURVE('',#4221,#4808,#4948,.T.);
#4948 = SURFACE_CURVE('',#4949,(#4953,#4960),.PCURVE_S1.);
#4949 = LINE('',#4950,#4951);
#4950 = CARTESIAN_POINT('',(43.3,10.54,1.6));
#4951 = VECTOR('',#4952,1.);
#4952 = DIRECTION('',(0.,1.,0.));
#4953 = PCURVE('',#2706,#4954);
#4954 = DEFINITIONAL_REPRESENTATION('',(#4955),#4959);
#4955 = LINE('',#4956,#4957);
#4956 = CARTESIAN_POINT('',(0.,-0.));
#4957 = VECTOR('',#4958,1.);
#4958 = DIRECTION('',(0.,1.));
#4959 = ( GEOMETRIC_REPRESENTATION_CONTEXT(2) 
PARAMETRIC_REPRESENTATION_CONTEXT() REPRESENTATION_CONTEXT('2D SPACE',''
  ) );
#4960 = PCURVE('',#4237,#4961);
#4961 = DEFINITIONAL_REPRESENTATION('',(#4962),#4966);
#4962 = LINE('',#4963,#4964);
#4963 = CARTESIAN_POINT('',(-14.96,1.6));
#4964 = VECTOR('',#4965,1.);
#4965 = DIRECTION('',(1.,0.));
#4966 = ( GEOMETRIC_REPRESENTATION_CONTEXT(2) 
PARAMETRIC_REPRESENTATION_CONTEXT() REPRESENTATION_CONTEXT('2D SPACE',''
  ) );
#4967 = ORIENTED_EDGE('',*,*,#4249,.T.);
#4968 = ORIENTED_EDGE('',*,*,#4879,.T.);
#4969 = ORIENTED_EDGE('',*,*,#4830,.T.);
#4970 = ORIENTED_EDGE('',*,*,#4926,.T.);
#4971 = ORIENTED_EDGE('',*,*,#4728,.F.);
#4972 = ORIENTED_EDGE('',*,*,#4973,.T.);
#4973 = EDGE_CURVE('',#4729,#2634,#4974,.T.);
#4974 = SURFACE_CURVE('',#4975,(#4979,#4986),.PCURVE_S1.);
#4975 = LINE('',#4976,#4977);
#4976 = CARTESIAN_POINT('',(43.3,10.54,-1.6));
#4977 = VECTOR('',#4978,1.);
#4978 = DIRECTION('',(0.,1.,0.));
#4979 = PCURVE('',#2706,#4980);
#4980 = DEFINITIONAL_REPRESENTATION('',(#4981),#4985);
#4981 = LINE('',#4982,#4983);
#4982 = CARTESIAN_POINT('',(3.14159265359,0.));
#4983 = VECTOR('',#4984,1.);
#4984 = DIRECTION('',(0.,1.));
#4985 = ( GEOMETRIC_REPRESENTATION_CONTEXT(2) 
PARAMETRIC_REPRESENTATION_CONTEXT() REPRESENTATION_CONTEXT('2D SPACE',''
  ) );
#4986 = PCURVE('',#2650,#4987);
#4987 = DEFINITIONAL_REPRESENTATION('',(#4988),#4992);
#4988 = LINE('',#4989,#4990);
#4989 = CARTESIAN_POINT('',(-14.96,-1.6));
#4990 = VECTOR('',#4991,1.);
#4991 = DIRECTION('',(1.,0.));
#4992 = ( GEOMETRIC_REPRESENTATION_CONTEXT(2) 
PARAMETRIC_REPRESENTATION_CONTEXT() REPRESENTATION_CONTEXT('2D SPACE',''
  ) );
#4993 = ORIENTED_EDGE('',*,*,#2662,.T.);
#4994 = ADVANCED_FACE('',(#4995),#4237,.F.);
#4995 = FACE_BOUND('',#4996,.F.);
#4996 = EDGE_LOOP('',(#4997,#4998,#4999));
#4997 = ORIENTED_EDGE('',*,*,#4947,.T.);
#4998 = ORIENTED_EDGE('',*,*,#4807,.T.);
#4999 = ORIENTED_EDGE('',*,*,#4220,.T.);
#5000 = ADVANCED_FACE('',(#5001),#3844,.F.);
#5001 = FACE_BOUND('',#5002,.F.);
#5002 = EDGE_LOOP('',(#5003,#5004,#5005));
#5003 = ORIENTED_EDGE('',*,*,#4705,.F.);
#5004 = ORIENTED_EDGE('',*,*,#4905,.T.);
#5005 = ORIENTED_EDGE('',*,*,#3827,.T.);
#5006 = ADVANCED_FACE('',(#5007),#2798,.F.);
#5007 = FACE_BOUND('',#5008,.F.);
#5008 = EDGE_LOOP('',(#5009,#5032,#5033,#5034,#5057,#5079,#5102,#5126,
    #5147,#5148,#5169));
#5009 = ORIENTED_EDGE('',*,*,#5010,.T.);
#5010 = EDGE_CURVE('',#5011,#3655,#5013,.T.);
#5011 = VERTEX_POINT('',#5012);
#5012 = CARTESIAN_POINT('',(65.7,32.13,1.6));
#5013 = SURFACE_CURVE('',#5014,(#5018,#5025),.PCURVE_S1.);
#5014 = LINE('',#5015,#5016);
#5015 = CARTESIAN_POINT('',(65.7,12.24,1.6));
#5016 = VECTOR('',#5017,1.);
#5017 = DIRECTION('',(0.,1.,0.));
#5018 = PCURVE('',#2798,#5019);
#5019 = DEFINITIONAL_REPRESENTATION('',(#5020),#5024);
#5020 = LINE('',#5021,#5022);
#5021 = CARTESIAN_POINT('',(6.28318530718,-0.));
#5022 = VECTOR('',#5023,1.);
#5023 = DIRECTION('',(0.,1.));
#5024 = ( GEOMETRIC_REPRESENTATION_CONTEXT(2) 
PARAMETRIC_REPRESENTATION_CONTEXT() REPRESENTATION_CONTEXT('2D SPACE',''
  ) );
#5025 = PCURVE('',#3671,#5026);
#5026 = DEFINITIONAL_REPRESENTATION('',(#5027),#5031);
#5027 = LINE('',#5028,#5029);
#5028 = CARTESIAN_POINT('',(-13.26,1.6));
#5029 = VECTOR('',#5030,1.);
#5030 = DIRECTION('',(1.,0.));
#5031 = ( GEOMETRIC_REPRESENTATION_CONTEXT(2) 
PARAMETRIC_REPRESENTATION_CONTEXT() REPRESENTATION_CONTEXT('2D SPACE',''
  ) );
#5032 = ORIENTED_EDGE('',*,*,#3683,.T.);
#5033 = ORIENTED_EDGE('',*,*,#2754,.T.);
#5034 = ORIENTED_EDGE('',*,*,#5035,.F.);
#5035 = EDGE_CURVE('',#5036,#2755,#5038,.T.);
#5036 = VERTEX_POINT('',#5037);
#5037 = CARTESIAN_POINT('',(65.7,32.13,-1.6));
#5038 = SURFACE_CURVE('',#5039,(#5043,#5050),.PCURVE_S1.);
#5039 = LINE('',#5040,#5041);
#5040 = CARTESIAN_POINT('',(65.7,12.24,-1.6));
#5041 = VECTOR('',#5042,1.);
#5042 = DIRECTION('',(0.,1.,0.));
#5043 = PCURVE('',#2798,#5044);
#5044 = DEFINITIONAL_REPRESENTATION('',(#5045),#5049);
#5045 = LINE('',#5046,#5047);
#5046 = CARTESIAN_POINT('',(3.14159265359,0.));
#5047 = VECTOR('',#5048,1.);
#5048 = DIRECTION('',(0.,1.));
#5049 = ( GEOMETRIC_REPRESENTATION_CONTEXT(2) 
PARAMETRIC_REPRESENTATION_CONTEXT() REPRESENTATION_CONTEXT('2D SPACE',''
  ) );
#5050 = PCURVE('',#2841,#5051);
#5051 = DEFINITIONAL_REPRESENTATION('',(#5052),#5056);
#5052 = LINE('',#5053,#5054);
#5053 = CARTESIAN_POINT('',(-13.26,-1.6));
#5054 = VECTOR('',#5055,1.);
#5055 = DIRECTION('',(1.,0.));
#5056 = ( GEOMETRIC_REPRESENTATION_CONTEXT(2) 
PARAMETRIC_REPRESENTATION_CONTEXT() REPRESENTATION_CONTEXT('2D SPACE',''
  ) );
#5057 = ORIENTED_EDGE('',*,*,#5058,.F.);
#5058 = EDGE_CURVE('',#5011,#5036,#5059,.T.);
#5059 = SURFACE_CURVE('',#5060,(#5065,#5072),.PCURVE_S1.);
#5060 = CIRCLE('',#5061,1.6);
#5061 = AXIS2_PLACEMENT_3D('',#5062,#5063,#5064);
#5062 = CARTESIAN_POINT('',(65.7,32.13,0.));
#5063 = DIRECTION('',(0.,1.,0.));
#5064 = DIRECTION('',(0.,-0.,1.));
#5065 = PCURVE('',#2798,#5066);
#5066 = DEFINITIONAL_REPRESENTATION('',(#5067),#5071);
#5067 = LINE('',#5068,#5069);
#5068 = CARTESIAN_POINT('',(0.,19.89));
#5069 = VECTOR('',#5070,1.);
#5070 = DIRECTION('',(1.,0.));
#5071 = ( GEOMETRIC_REPRESENTATION_CONTEXT(2) 
PARAMETRIC_REPRESENTATION_CONTEXT() REPRESENTATION_CONTEXT('2D SPACE',''
  ) );
#5072 = PCURVE('',#2881,#5073);
#5073 = DEFINITIONAL_REPRESENTATION('',(#5074),#5078);
#5074 = CIRCLE('',#5075,1.6);
#5075 = AXIS2_PLACEMENT_2D('',#5076,#5077);
#5076 = CARTESIAN_POINT('',(0.,0.));
#5077 = DIRECTION('',(1.,0.));
#5078 = ( GEOMETRIC_REPRESENTATION_CONTEXT(2) 
PARAMETRIC_REPRESENTATION_CONTEXT() REPRESENTATION_CONTEXT('2D SPACE',''
  ) );
#5079 = ORIENTED_EDGE('',*,*,#5080,.F.);
#5080 = EDGE_CURVE('',#5081,#5011,#5083,.T.);
#5081 = VERTEX_POINT('',#5082);
#5082 = CARTESIAN_POINT('',(65.7,18.87,1.6));
#5083 = SEAM_CURVE('',#5084,(#5088,#5095),.PCURVE_S1.);
#5084 = LINE('',#5085,#5086);
#5085 = CARTESIAN_POINT('',(65.7,12.24,1.6));
#5086 = VECTOR('',#5087,1.);
#5087 = DIRECTION('',(0.,1.,0.));
#5088 = PCURVE('',#2798,#5089);
#5089 = DEFINITIONAL_REPRESENTATION('',(#5090),#5094);
#5090 = LINE('',#5091,#5092);
#5091 = CARTESIAN_POINT('',(6.28318530718,-0.));
#5092 = VECTOR('',#5093,1.);
#5093 = DIRECTION('',(0.,1.));
#5094 = ( GEOMETRIC_REPRESENTATION_CONTEXT(2) 
PARAMETRIC_REPRESENTATION_CONTEXT() REPRESENTATION_CONTEXT('2D SPACE',''
  ) );
#5095 = PCURVE('',#2798,#5096);
#5096 = DEFINITIONAL_REPRESENTATION('',(#5097),#5101);
#5097 = LINE('',#5098,#5099);
#5098 = CARTESIAN_POINT('',(0.,-0.));
#5099 = VECTOR('',#5100,1.);
#5100 = DIRECTION('',(0.,1.));
#5101 = ( GEOMETRIC_REPRESENTATION_CONTEXT(2) 
PARAMETRIC_REPRESENTATION_CONTEXT() REPRESENTATION_CONTEXT('2D SPACE',''
  ) );
#5102 = ORIENTED_EDGE('',*,*,#5103,.T.);
#5103 = EDGE_CURVE('',#5081,#5104,#5106,.T.);
#5104 = VERTEX_POINT('',#5105);
#5105 = CARTESIAN_POINT('',(65.7,18.87,-1.6));
#5106 = SURFACE_CURVE('',#5107,(#5112,#5119),.PCURVE_S1.);
#5107 = CIRCLE('',#5108,1.6);
#5108 = AXIS2_PLACEMENT_3D('',#5109,#5110,#5111);
#5109 = CARTESIAN_POINT('',(65.7,18.87,0.));
#5110 = DIRECTION('',(0.,1.,0.));
#5111 = DIRECTION('',(0.,-0.,1.));
#5112 = PCURVE('',#2798,#5113);
#5113 = DEFINITIONAL_REPRESENTATION('',(#5114),#5118);
#5114 = LINE('',#5115,#5116);
#5115 = CARTESIAN_POINT('',(0.,6.63));
#5116 = VECTOR('',#5117,1.);
#5117 = DIRECTION('',(1.,0.));
#5118 = ( GEOMETRIC_REPRESENTATION_CONTEXT(2) 
PARAMETRIC_REPRESENTATION_CONTEXT() REPRESENTATION_CONTEXT('2D SPACE',''
  ) );
#5119 = PCURVE('',#3141,#5120);
#5120 = DEFINITIONAL_REPRESENTATION('',(#5121),#5125);
#5121 = CIRCLE('',#5122,1.6);
#5122 = AXIS2_PLACEMENT_2D('',#5123,#5124);
#5123 = CARTESIAN_POINT('',(0.,0.));
#5124 = DIRECTION('',(1.,0.));
#5125 = ( GEOMETRIC_REPRESENTATION_CONTEXT(2) 
PARAMETRIC_REPRESENTATION_CONTEXT() REPRESENTATION_CONTEXT('2D SPACE',''
  ) );
#5126 = ORIENTED_EDGE('',*,*,#5127,.F.);
#5127 = EDGE_CURVE('',#3160,#5104,#5128,.T.);
#5128 = SURFACE_CURVE('',#5129,(#5133,#5140),.PCURVE_S1.);
#5129 = LINE('',#5130,#5131);
#5130 = CARTESIAN_POINT('',(65.7,12.24,-1.6));
#5131 = VECTOR('',#5132,1.);
#5132 = DIRECTION('',(0.,1.,0.));
#5133 = PCURVE('',#2798,#5134);
#5134 = DEFINITIONAL_REPRESENTATION('',(#5135),#5139);
#5135 = LINE('',#5136,#5137);
#5136 = CARTESIAN_POINT('',(3.14159265359,0.));
#5137 = VECTOR('',#5138,1.);
#5138 = DIRECTION('',(0.,1.));
#5139 = ( GEOMETRIC_REPRESENTATION_CONTEXT(2) 
PARAMETRIC_REPRESENTATION_CONTEXT() REPRESENTATION_CONTEXT('2D SPACE',''
  ) );
#5140 = PCURVE('',#3176,#5141);
#5141 = DEFINITIONAL_REPRESENTATION('',(#5142),#5146);
#5142 = LINE('',#5143,#5144);
#5143 = CARTESIAN_POINT('',(-13.26,-1.6));
#5144 = VECTOR('',#5145,1.);
#5145 = DIRECTION('',(1.,0.));
#5146 = ( GEOMETRIC_REPRESENTATION_CONTEXT(2) 
PARAMETRIC_REPRESENTATION_CONTEXT() REPRESENTATION_CONTEXT('2D SPACE',''
  ) );
#5147 = ORIENTED_EDGE('',*,*,#3188,.T.);
#5148 = ORIENTED_EDGE('',*,*,#5149,.T.);
#5149 = EDGE_CURVE('',#3189,#5081,#5150,.T.);
#5150 = SURFACE_CURVE('',#5151,(#5155,#5162),.PCURVE_S1.);
#5151 = LINE('',#5152,#5153);
#5152 = CARTESIAN_POINT('',(65.7,12.24,1.6));
#5153 = VECTOR('',#5154,1.);
#5154 = DIRECTION('',(0.,1.,0.));
#5155 = PCURVE('',#2798,#5156);
#5156 = DEFINITIONAL_REPRESENTATION('',(#5157),#5161);
#5157 = LINE('',#5158,#5159);
#5158 = CARTESIAN_POINT('',(6.28318530718,-0.));
#5159 = VECTOR('',#5160,1.);
#5160 = DIRECTION('',(0.,1.));
#5161 = ( GEOMETRIC_REPRESENTATION_CONTEXT(2) 
PARAMETRIC_REPRESENTATION_CONTEXT() REPRESENTATION_CONTEXT('2D SPACE',''
  ) );
#5162 = PCURVE('',#3351,#5163);
#5163 = DEFINITIONAL_REPRESENTATION('',(#5164),#5168);
#5164 = LINE('',#5165,#5166);
#5165 = CARTESIAN_POINT('',(-13.26,1.6));
#5166 = VECTOR('',#5167,1.);
#5167 = DIRECTION('',(1.,0.));
#5168 = ( GEOMETRIC_REPRESENTATION_CONTEXT(2) 
PARAMETRIC_REPRESENTATION_CONTEXT() REPRESENTATION_CONTEXT('2D SPACE',''
  ) );
#5169 = ORIENTED_EDGE('',*,*,#5080,.T.);
#5170 = ADVANCED_FACE('',(#5171),#3671,.T.);
#5171 = FACE_BOUND('',#5172,.T.);
#5172 = EDGE_LOOP('',(#5173,#5194,#5195));
#5173 = ORIENTED_EDGE('',*,*,#5174,.F.);
#5174 = EDGE_CURVE('',#5011,#3614,#5175,.T.);
#5175 = SURFACE_CURVE('',#5176,(#5180,#5187),.PCURVE_S1.);
#5176 = LINE('',#5177,#5178);
#5177 = CARTESIAN_POINT('',(65.7,32.13,0.));
#5178 = VECTOR('',#5179,1.);
#5179 = DIRECTION('',(0.,0.,1.));
#5180 = PCURVE('',#3671,#5181);
#5181 = DEFINITIONAL_REPRESENTATION('',(#5182),#5186);
#5182 = LINE('',#5183,#5184);
#5183 = CARTESIAN_POINT('',(6.63,0.));
#5184 = VECTOR('',#5185,1.);
#5185 = DIRECTION('',(0.,1.));
#5186 = ( GEOMETRIC_REPRESENTATION_CONTEXT(2) 
PARAMETRIC_REPRESENTATION_CONTEXT() REPRESENTATION_CONTEXT('2D SPACE',''
  ) );
#5187 = PCURVE('',#2881,#5188);
#5188 = DEFINITIONAL_REPRESENTATION('',(#5189),#5193);
#5189 = LINE('',#5190,#5191);
#5190 = CARTESIAN_POINT('',(0.,0.));
#5191 = VECTOR('',#5192,1.);
#5192 = DIRECTION('',(1.,0.));
#5193 = ( GEOMETRIC_REPRESENTATION_CONTEXT(2) 
PARAMETRIC_REPRESENTATION_CONTEXT() REPRESENTATION_CONTEXT('2D SPACE',''
  ) );
#5194 = ORIENTED_EDGE('',*,*,#5010,.T.);
#5195 = ORIENTED_EDGE('',*,*,#3654,.T.);
#5196 = ADVANCED_FACE('',(#5197),#2881,.T.);
#5197 = FACE_BOUND('',#5198,.T.);
#5198 = EDGE_LOOP('',(#5199,#5200,#5222,#5223,#5244,#5245));
#5199 = ORIENTED_EDGE('',*,*,#3613,.F.);
#5200 = ORIENTED_EDGE('',*,*,#5201,.T.);
#5201 = EDGE_CURVE('',#3405,#2854,#5202,.T.);
#5202 = SURFACE_CURVE('',#5203,(#5208,#5215),.PCURVE_S1.);
#5203 = CIRCLE('',#5204,7.03);
#5204 = AXIS2_PLACEMENT_3D('',#5205,#5206,#5207);
#5205 = CARTESIAN_POINT('',(65.7,32.13,0.));
#5206 = DIRECTION('',(0.,1.,-0.));
#5207 = DIRECTION('',(-0.906138117126,0.,0.422981929508));
#5208 = PCURVE('',#2881,#5209);
#5209 = DEFINITIONAL_REPRESENTATION('',(#5210),#5214);
#5210 = CIRCLE('',#5211,7.03);
#5211 = AXIS2_PLACEMENT_2D('',#5212,#5213);
#5212 = CARTESIAN_POINT('',(0.,0.));
#5213 = DIRECTION('',(0.422981929508,-0.906138117126));
#5214 = ( GEOMETRIC_REPRESENTATION_CONTEXT(2) 
PARAMETRIC_REPRESENTATION_CONTEXT() REPRESENTATION_CONTEXT('2D SPACE',''
  ) );
#5215 = PCURVE('',#3039,#5216);
#5216 = DEFINITIONAL_REPRESENTATION('',(#5217),#5221);
#5217 = LINE('',#5218,#5219);
#5218 = CARTESIAN_POINT('',(5.149122593926,13.26));
#5219 = VECTOR('',#5220,1.);
#5220 = DIRECTION('',(1.,0.));
#5221 = ( GEOMETRIC_REPRESENTATION_CONTEXT(2) 
PARAMETRIC_REPRESENTATION_CONTEXT() REPRESENTATION_CONTEXT('2D SPACE',''
  ) );
#5222 = ORIENTED_EDGE('',*,*,#2853,.T.);
#5223 = ORIENTED_EDGE('',*,*,#5224,.T.);
#5224 = EDGE_CURVE('',#2825,#5036,#5225,.T.);
#5225 = SURFACE_CURVE('',#5226,(#5230,#5237),.PCURVE_S1.);
#5226 = LINE('',#5227,#5228);
#5227 = CARTESIAN_POINT('',(65.7,32.13,0.));
#5228 = VECTOR('',#5229,1.);
#5229 = DIRECTION('',(0.,0.,1.));
#5230 = PCURVE('',#2881,#5231);
#5231 = DEFINITIONAL_REPRESENTATION('',(#5232),#5236);
#5232 = LINE('',#5233,#5234);
#5233 = CARTESIAN_POINT('',(0.,0.));
#5234 = VECTOR('',#5235,1.);
#5235 = DIRECTION('',(1.,0.));
#5236 = ( GEOMETRIC_REPRESENTATION_CONTEXT(2) 
PARAMETRIC_REPRESENTATION_CONTEXT() REPRESENTATION_CONTEXT('2D SPACE',''
  ) );
#5237 = PCURVE('',#2841,#5238);
#5238 = DEFINITIONAL_REPRESENTATION('',(#5239),#5243);
#5239 = LINE('',#5240,#5241);
#5240 = CARTESIAN_POINT('',(6.63,0.));
#5241 = VECTOR('',#5242,1.);
#5242 = DIRECTION('',(0.,1.));
#5243 = ( GEOMETRIC_REPRESENTATION_CONTEXT(2) 
PARAMETRIC_REPRESENTATION_CONTEXT() REPRESENTATION_CONTEXT('2D SPACE',''
  ) );
#5244 = ORIENTED_EDGE('',*,*,#5058,.F.);
#5245 = ORIENTED_EDGE('',*,*,#5174,.T.);
#5246 = ADVANCED_FACE('',(#5247),#3039,.T.);
#5247 = FACE_BOUND('',#5248,.T.);
#5248 = EDGE_LOOP('',(#5249,#5271,#5272,#5273));
#5249 = ORIENTED_EDGE('',*,*,#5250,.T.);
#5250 = EDGE_CURVE('',#3364,#2900,#5251,.T.);
#5251 = SURFACE_CURVE('',#5252,(#5257,#5264),.PCURVE_S1.);
#5252 = CIRCLE('',#5253,7.03);
#5253 = AXIS2_PLACEMENT_3D('',#5254,#5255,#5256);
#5254 = CARTESIAN_POINT('',(65.7,18.87,0.));
#5255 = DIRECTION('',(0.,1.,-0.));
#5256 = DIRECTION('',(-0.906138116914,0.,0.422981929964));
#5257 = PCURVE('',#3039,#5258);
#5258 = DEFINITIONAL_REPRESENTATION('',(#5259),#5263);
#5259 = LINE('',#5260,#5261);
#5260 = CARTESIAN_POINT('',(5.149122594429,0.));
#5261 = VECTOR('',#5262,1.);
#5262 = DIRECTION('',(1.,0.));
#5263 = ( GEOMETRIC_REPRESENTATION_CONTEXT(2) 
PARAMETRIC_REPRESENTATION_CONTEXT() REPRESENTATION_CONTEXT('2D SPACE',''
  ) );
#5264 = PCURVE('',#3141,#5265);
#5265 = DEFINITIONAL_REPRESENTATION('',(#5266),#5270);
#5266 = CIRCLE('',#5267,7.03);
#5267 = AXIS2_PLACEMENT_2D('',#5268,#5269);
#5268 = CARTESIAN_POINT('',(0.,0.));
#5269 = DIRECTION('',(0.422981929964,-0.906138116914));
#5270 = ( GEOMETRIC_REPRESENTATION_CONTEXT(2) 
PARAMETRIC_REPRESENTATION_CONTEXT() REPRESENTATION_CONTEXT('2D SPACE',''
  ) );
#5271 = ORIENTED_EDGE('',*,*,#2899,.F.);
#5272 = ORIENTED_EDGE('',*,*,#5201,.F.);
#5273 = ORIENTED_EDGE('',*,*,#3404,.F.);
#5274 = ADVANCED_FACE('',(#5275),#3141,.F.);
#5275 = FACE_BOUND('',#5276,.F.);
#5276 = EDGE_LOOP('',(#5277,#5278,#5279,#5280,#5301,#5302));
#5277 = ORIENTED_EDGE('',*,*,#3363,.F.);
#5278 = ORIENTED_EDGE('',*,*,#5250,.T.);
#5279 = ORIENTED_EDGE('',*,*,#3113,.T.);
#5280 = ORIENTED_EDGE('',*,*,#5281,.T.);
#5281 = EDGE_CURVE('',#3114,#5104,#5282,.T.);
#5282 = SURFACE_CURVE('',#5283,(#5287,#5294),.PCURVE_S1.);
#5283 = LINE('',#5284,#5285);
#5284 = CARTESIAN_POINT('',(65.7,18.87,0.));
#5285 = VECTOR('',#5286,1.);
#5286 = DIRECTION('',(0.,0.,1.));
#5287 = PCURVE('',#3141,#5288);
#5288 = DEFINITIONAL_REPRESENTATION('',(#5289),#5293);
#5289 = LINE('',#5290,#5291);
#5290 = CARTESIAN_POINT('',(0.,0.));
#5291 = VECTOR('',#5292,1.);
#5292 = DIRECTION('',(1.,0.));
#5293 = ( GEOMETRIC_REPRESENTATION_CONTEXT(2) 
PARAMETRIC_REPRESENTATION_CONTEXT() REPRESENTATION_CONTEXT('2D SPACE',''
  ) );
#5294 = PCURVE('',#3176,#5295);
#5295 = DEFINITIONAL_REPRESENTATION('',(#5296),#5300);
#5296 = LINE('',#5297,#5298);
#5297 = CARTESIAN_POINT('',(-6.63,0.));
#5298 = VECTOR('',#5299,1.);
#5299 = DIRECTION('',(0.,1.));
#5300 = ( GEOMETRIC_REPRESENTATION_CONTEXT(2) 
PARAMETRIC_REPRESENTATION_CONTEXT() REPRESENTATION_CONTEXT('2D SPACE',''
  ) );
#5301 = ORIENTED_EDGE('',*,*,#5103,.F.);
#5302 = ORIENTED_EDGE('',*,*,#5303,.T.);
#5303 = EDGE_CURVE('',#5081,#3335,#5304,.T.);
#5304 = SURFACE_CURVE('',#5305,(#5309,#5316),.PCURVE_S1.);
#5305 = LINE('',#5306,#5307);
#5306 = CARTESIAN_POINT('',(65.7,18.87,0.));
#5307 = VECTOR('',#5308,1.);
#5308 = DIRECTION('',(0.,0.,1.));
#5309 = PCURVE('',#3141,#5310);
#5310 = DEFINITIONAL_REPRESENTATION('',(#5311),#5315);
#5311 = LINE('',#5312,#5313);
#5312 = CARTESIAN_POINT('',(0.,0.));
#5313 = VECTOR('',#5314,1.);
#5314 = DIRECTION('',(1.,0.));
#5315 = ( GEOMETRIC_REPRESENTATION_CONTEXT(2) 
PARAMETRIC_REPRESENTATION_CONTEXT() REPRESENTATION_CONTEXT('2D SPACE',''
  ) );
#5316 = PCURVE('',#3351,#5317);
#5317 = DEFINITIONAL_REPRESENTATION('',(#5318),#5322);
#5318 = LINE('',#5319,#5320);
#5319 = CARTESIAN_POINT('',(-6.63,0.));
#5320 = VECTOR('',#5321,1.);
#5321 = DIRECTION('',(0.,1.));
#5322 = ( GEOMETRIC_REPRESENTATION_CONTEXT(2) 
PARAMETRIC_REPRESENTATION_CONTEXT() REPRESENTATION_CONTEXT('2D SPACE',''
  ) );
#5323 = ADVANCED_FACE('',(#5324),#3351,.T.);
#5324 = FACE_BOUND('',#5325,.T.);
#5325 = EDGE_LOOP('',(#5326,#5327,#5328));
#5326 = ORIENTED_EDGE('',*,*,#5149,.T.);
#5327 = ORIENTED_EDGE('',*,*,#5303,.T.);
#5328 = ORIENTED_EDGE('',*,*,#3334,.T.);
#5329 = ADVANCED_FACE('',(#5330),#3176,.T.);
#5330 = FACE_BOUND('',#5331,.T.);
#5331 = EDGE_LOOP('',(#5332,#5333,#5334));
#5332 = ORIENTED_EDGE('',*,*,#5281,.T.);
#5333 = ORIENTED_EDGE('',*,*,#5127,.F.);
#5334 = ORIENTED_EDGE('',*,*,#3159,.T.);
#5335 = ADVANCED_FACE('',(#5336),#2841,.T.);
#5336 = FACE_BOUND('',#5337,.T.);
#5337 = EDGE_LOOP('',(#5338,#5339,#5340));
#5338 = ORIENTED_EDGE('',*,*,#5224,.F.);
#5339 = ORIENTED_EDGE('',*,*,#2824,.T.);
#5340 = ORIENTED_EDGE('',*,*,#5035,.F.);
#5341 = ADVANCED_FACE('',(#5342),#2650,.F.);
#5342 = FACE_BOUND('',#5343,.F.);
#5343 = EDGE_LOOP('',(#5344,#5345,#5346));
#5344 = ORIENTED_EDGE('',*,*,#4752,.F.);
#5345 = ORIENTED_EDGE('',*,*,#2633,.T.);
#5346 = ORIENTED_EDGE('',*,*,#4973,.F.);
#5347 = ( GEOMETRIC_REPRESENTATION_CONTEXT(3) 
GLOBAL_UNCERTAINTY_ASSIGNED_CONTEXT((#5351)) 
GLOBAL_UNIT_ASSIGNED_CONTEXT((#5348,#5349,#5350)) REPRESENTATION_CONTEXT
('Context #1','3D Context with UNIT and UNCERTAINTY') );
#5348 = ( LENGTH_UNIT() NAMED_UNIT(*) SI_UNIT(.MILLI.,.METRE.) );
#5349 = ( NAMED_UNIT(*) PLANE_ANGLE_UNIT() SI_UNIT($,.RADIAN.) );
#5350 = ( NAMED_UNIT(*) SI_UNIT($,.STERADIAN.) SOLID_ANGLE_UNIT() );
#5351 = UNCERTAINTY_MEASURE_WITH_UNIT(LENGTH_MEASURE(2.E-06),#5348,
  'distance_accuracy_value','confusion accuracy');
#5352 = CONTEXT_DEPENDENT_SHAPE_REPRESENTATION(#5353,#5355);
#5353 = ( REPRESENTATION_RELATIONSHIP('','',#2526,#10) 
REPRESENTATION_RELATIONSHIP_WITH_TRANSFORMATION(#5354) 
SHAPE_REPRESENTATION_RELATIONSHIP() );
#5354 = ITEM_DEFINED_TRANSFORMATION('','',#11,#19);
#5355 = PRODUCT_DEFINITION_SHAPE('Placement','Placement of an item',
  #5356);
#5356 = NEXT_ASSEMBLY_USAGE_OCCURRENCE('24','','',#5,#2521,$);
#5357 = PRODUCT_RELATED_PRODUCT_CATEGORY('part',$,(#2523));
#5358 = SHAPE_DEFINITION_REPRESENTATION(#5359,#5365);
#5359 = PRODUCT_DEFINITION_SHAPE('','',#5360);
#5360 = PRODUCT_DEFINITION('design','',#5361,#5364);
#5361 = PRODUCT_DEFINITION_FORMATION('','',#5362);
#5362 = PRODUCT('Open CASCADE STEP translator 7.8 3.3',
  'Open CASCADE STEP translator 7.8 3.3','',(#5363));
#5363 = PRODUCT_CONTEXT('',#2,'mechanical');
#5364 = PRODUCT_DEFINITION_CONTEXT('part definition',#2,'design');
#5365 = ADVANCED_BREP_SHAPE_REPRESENTATION('',(#11,#5366),#7824);
#5366 = MANIFOLD_SOLID_BREP('',#5367);
#5367 = CLOSED_SHELL('',(#5368,#5863,#5911,#6263,#6289,#6328,#6611,#6638
    ,#6666,#6672,#7298,#7713,#7793,#7818));
#5368 = ADVANCED_FACE('',(#5369),#5384,.T.);
#5369 = FACE_BOUND('',#5370,.T.);
#5370 = EDGE_LOOP('',(#5371,#5433,#5542,#5646,#5675));
#5371 = ORIENTED_EDGE('',*,*,#5372,.T.);
#5372 = EDGE_CURVE('',#5373,#5375,#5377,.T.);
#5373 = VERTEX_POINT('',#5374);
#5374 = CARTESIAN_POINT('',(68.2,32.32221978811,1.6));
#5375 = VERTEX_POINT('',#5376);
#5376 = CARTESIAN_POINT('',(68.2,32.13,2.204517489897));
#5377 = SURFACE_CURVE('',#5378,(#5383,#5421),.PCURVE_S1.);
#5378 = ELLIPSE('',#5379,7.03,6.63);
#5379 = AXIS2_PLACEMENT_3D('',#5380,#5381,#5382);
#5380 = CARTESIAN_POINT('',(68.2,25.5,0.));
#5381 = DIRECTION('',(1.,0.,0.));
#5382 = DIRECTION('',(0.,1.,0.));
#5383 = PCURVE('',#5384,#5415);
#5384 = B_SPLINE_SURFACE_WITH_KNOTS('',14,1,(
    (#5385,#5386)
    ,(#5387,#5388)
    ,(#5389,#5390)
    ,(#5391,#5392)
    ,(#5393,#5394)
    ,(#5395,#5396)
    ,(#5397,#5398)
    ,(#5399,#5400)
    ,(#5401,#5402)
    ,(#5403,#5404)
    ,(#5405,#5406)
    ,(#5407,#5408)
    ,(#5409,#5410)
    ,(#5411,#5412)
    ,(#5413,#5414
    )),.UNSPECIFIED.,.T.,.F.,.F.,(1,14,14,1),(2,2),(-6.28318530718,0.,
    6.28318530718,12.566370614359),(0.,1.),.UNSPECIFIED.);
#5385 = CARTESIAN_POINT('',(68.2,32.53,9.585395327885E-16));
#5386 = CARTESIAN_POINT('',(84.,31.2,-2.8065920263E-15));
#5387 = CARTESIAN_POINT('',(68.2,32.530000000001,2.975537041902));
#5388 = CARTESIAN_POINT('',(84.,31.2,2.365170469204));
#5389 = CARTESIAN_POINT('',(68.2,31.005092040766,5.951075182139));
#5390 = CARTESIAN_POINT('',(84.000000000003,29.963588141162,
    4.730341811445));
#5391 = CARTESIAN_POINT('',(68.2,27.955274172854,8.173592267779));
#5392 = CARTESIAN_POINT('',(83.999999999988,27.490762842854,
    6.496957956437));
#5393 = CARTESIAN_POINT('',(68.2,23.836627378397,8.89015106033));
#5394 = CARTESIAN_POINT('',(84.000000000037,24.151319495999,
    7.06653033001));
#5395 = CARTESIAN_POINT('',(68.2,19.561227107348,7.617716588491));
#5396 = CARTESIAN_POINT('',(83.99999999992,20.684778735684,
    6.055108057514));
#5397 = CARTESIAN_POINT('',(68.2,16.297436837363,4.414819176112));
#5398 = CARTESIAN_POINT('',(84.00000000013,18.038462300569,
    3.509215242555));
#5399 = CARTESIAN_POINT('',(68.2,15.068684927574,7.623235376287E-11));
#5400 = CARTESIAN_POINT('',(83.999999999837,17.042176968299,
    5.836753302902E-11));
#5401 = CARTESIAN_POINT('',(68.2,16.297436837361,-4.414819176252));
#5402 = CARTESIAN_POINT('',(84.000000000162,18.038462300566,
    -3.509215242662));
#5403 = CARTESIAN_POINT('',(68.2,19.561227107351,-7.617716588383));
#5404 = CARTESIAN_POINT('',(83.999999999872,20.684778735689,
    -6.055108057431));
#5405 = CARTESIAN_POINT('',(68.2,23.836627378394,-8.890151060398));
#5406 = CARTESIAN_POINT('',(84.000000000081,24.151319495995,
    -7.066530330062));
#5407 = CARTESIAN_POINT('',(68.2,27.955274172856,-8.173592267744));
#5408 = CARTESIAN_POINT('',(83.999999999961,27.490762842857,
    -6.496957956411));
#5409 = CARTESIAN_POINT('',(68.2,31.005092040766,-5.951075182152));
#5410 = CARTESIAN_POINT('',(84.000000000014,29.963588141161,
    -4.730341811454));
#5411 = CARTESIAN_POINT('',(68.2,32.530000000001,-2.975537041899));
#5412 = CARTESIAN_POINT('',(83.999999999997,31.200000000001,
    -2.365170469202));
#5413 = CARTESIAN_POINT('',(68.2,32.53,9.585395327885E-16));
#5414 = CARTESIAN_POINT('',(84.,31.2,-2.8065920263E-15));
#5415 = DEFINITIONAL_REPRESENTATION('',(#5416),#5420);
#5416 = LINE('',#5417,#5418);
#5417 = CARTESIAN_POINT('',(6.28318530718,0.));
#5418 = VECTOR('',#5419,1.);
#5419 = DIRECTION('',(1.,0.));
#5420 = ( GEOMETRIC_REPRESENTATION_CONTEXT(2) 
PARAMETRIC_REPRESENTATION_CONTEXT() REPRESENTATION_CONTEXT('2D SPACE',''
  ) );
#5421 = PCURVE('',#5422,#5427);
#5422 = PLANE('',#5423);
#5423 = AXIS2_PLACEMENT_3D('',#5424,#5425,#5426);
#5424 = CARTESIAN_POINT('',(68.2,25.5,0.));
#5425 = DIRECTION('',(1.,0.,0.));
#5426 = DIRECTION('',(0.,1.,0.));
#5427 = DEFINITIONAL_REPRESENTATION('',(#5428),#5432);
#5428 = ELLIPSE('',#5429,7.03,6.63);
#5429 = AXIS2_PLACEMENT_2D('',#5430,#5431);
#5430 = CARTESIAN_POINT('',(0.,0.));
#5431 = DIRECTION('',(1.,0.));
#5432 = ( GEOMETRIC_REPRESENTATION_CONTEXT(2) 
PARAMETRIC_REPRESENTATION_CONTEXT() REPRESENTATION_CONTEXT('2D SPACE',''
  ) );
#5433 = ORIENTED_EDGE('',*,*,#5434,.T.);
#5434 = EDGE_CURVE('',#5375,#5435,#5437,.T.);
#5435 = VERTEX_POINT('',#5436);
#5436 = CARTESIAN_POINT('',(72.951879699248,32.13,-1.738308609224E-16));
#5437 = SURFACE_CURVE('',#5438,(#5469,#5503),.PCURVE_S1.);
#5438 = B_SPLINE_CURVE_WITH_KNOTS('',8,(#5439,#5440,#5441,#5442,#5443,
    #5444,#5445,#5446,#5447,#5448,#5449,#5450,#5451,#5452,#5453,#5454,
    #5455,#5456,#5457,#5458,#5459,#5460,#5461,#5462,#5463,#5464,#5465,
    #5466,#5467,#5468),.UNSPECIFIED.,.F.,.F.,(9,7,7,7,9),(0.,
    0.489628818121,0.741518573317,0.877079111011,1.),.UNSPECIFIED.);
#5439 = CARTESIAN_POINT('',(68.2,32.13,2.204517494644));
#5440 = CARTESIAN_POINT('',(68.523299383706,32.13,2.126609115581));
#5441 = CARTESIAN_POINT('',(68.845907178874,32.13,2.046170841691));
#5442 = CARTESIAN_POINT('',(69.167787686032,32.13,1.962854181908));
#5443 = CARTESIAN_POINT('',(69.488823498563,32.13,1.876219726136));
#5444 = CARTESIAN_POINT('',(69.80882124602,32.13,1.785749658448));
#5445 = CARTESIAN_POINT('',(70.127456745081,32.13,1.690674463702));
#5446 = CARTESIAN_POINT('',(70.444297100431,32.13,1.590038728233));
#5447 = CARTESIAN_POINT('',(70.920237998281,32.13,1.426286990962));
#5448 = CARTESIAN_POINT('',(71.081140069641,32.13,1.368709893607));
#5449 = CARTESIAN_POINT('',(71.241234035828,32.13,1.30890038259));
#5450 = CARTESIAN_POINT('',(71.400387018888,32.13,1.246516777951));
#5451 = CARTESIAN_POINT('',(71.55837589074,32.13,1.181166593194));
#5452 = CARTESIAN_POINT('',(71.714827590936,32.13,1.112279775518));
#5453 = CARTESIAN_POINT('',(71.869244882935,32.13,1.039160156281));
#5454 = CARTESIAN_POINT('',(72.102284674874,32.13,0.918021686643));
#5455 = CARTESIAN_POINT('',(72.182862632966,32.13,0.874064672312));
#5456 = CARTESIAN_POINT('',(72.262437300921,32.13,0.828279441564));
#5457 = CARTESIAN_POINT('',(72.340833312612,32.13,0.780383392771));
#5458 = CARTESIAN_POINT('',(72.417751704769,32.13,0.73007069161));
#5459 = CARTESIAN_POINT('',(72.49271185086,32.13,0.676936369692));
#5460 = CARTESIAN_POINT('',(72.565074424447,32.13,0.620503558925));
#5461 = CARTESIAN_POINT('',(72.696095485119,32.13,0.504884309157));
#5462 = CARTESIAN_POINT('',(72.755258407701,32.13,0.446573612459));
#5463 = CARTESIAN_POINT('',(72.810852250791,32.13,0.383978885261));
#5464 = CARTESIAN_POINT('',(72.861351206792,32.13,0.316462031776));
#5465 = CARTESIAN_POINT('',(72.904024996837,32.13,0.243697341993));
#5466 = CARTESIAN_POINT('',(72.935586210855,32.13,0.165897139691));
#5467 = CARTESIAN_POINT('',(72.951879699248,32.13,8.369322358326E-02));
#5468 = CARTESIAN_POINT('',(72.951879699248,32.13,2.117562599788E-15));
#5469 = PCURVE('',#5384,#5470);
#5470 = DEFINITIONAL_REPRESENTATION('',(#5471),#5502);
#5471 = B_SPLINE_CURVE_WITH_KNOTS('',8,(#5472,#5473,#5474,#5475,#5476,
    #5477,#5478,#5479,#5480,#5481,#5482,#5483,#5484,#5485,#5486,#5487,
    #5488,#5489,#5490,#5491,#5492,#5493,#5494,#5495,#5496,#5497,#5498,
    #5499,#5500,#5501),.UNSPECIFIED.,.F.,.F.,(9,7,7,7,9),(0.,
    0.489628818121,0.741518573317,0.877079111011,1.),.UNSPECIFIED.);
#5472 = CARTESIAN_POINT('',(6.622145266447,0.));
#5473 = CARTESIAN_POINT('',(6.61116526781,2.046198631048E-02));
#5474 = CARTESIAN_POINT('',(6.599720735709,4.088020119457E-02));
#5475 = CARTESIAN_POINT('',(6.587752729808,6.125238519186E-02));
#5476 = CARTESIAN_POINT('',(6.575186907027,8.157110750402E-02));
#5477 = CARTESIAN_POINT('',(6.56193551776,0.101824129495));
#5478 = CARTESIAN_POINT('',(6.547869275171,0.121990933233));
#5479 = CARTESIAN_POINT('',(6.532827887707,0.14204412028));
#5480 = CARTESIAN_POINT('',(6.508088057443,0.172166961917));
#5481 = CARTESIAN_POINT('',(6.499346143724,0.182350637319));
#5482 = CARTESIAN_POINT('',(6.490220186579,0.192483166825));
#5483 = CARTESIAN_POINT('',(6.480653854193,0.202556140436));
#5484 = CARTESIAN_POINT('',(6.47058223874,0.212555436123));
#5485 = CARTESIAN_POINT('',(6.459911441994,0.222457442464));
#5486 = CARTESIAN_POINT('',(6.448526884336,0.232230688793));
#5487 = CARTESIAN_POINT('',(6.429565659909,0.246980042714));
#5488 = CARTESIAN_POINT('',(6.422667753304,0.252079913479));
#5489 = CARTESIAN_POINT('',(6.415464799478,0.257116284869));
#5490 = CARTESIAN_POINT('',(6.407910778097,0.26207805776));
#5491 = CARTESIAN_POINT('',(6.399955691154,0.266946310429));
#5492 = CARTESIAN_POINT('',(6.391533449582,0.271690623472));
#5493 = CARTESIAN_POINT('',(6.382566338313,0.276270533193));
#5494 = CARTESIAN_POINT('',(6.36415004316,0.284563005387));
#5495 = CARTESIAN_POINT('',(6.354844211119,0.288307494158));
#5496 = CARTESIAN_POINT('',(6.344836615602,0.291826091822));
#5497 = CARTESIAN_POINT('',(6.334023110628,0.295022228278));
#5498 = CARTESIAN_POINT('',(6.322350337309,0.297723101066));
#5499 = CARTESIAN_POINT('',(6.309852688306,0.299720646257));
#5500 = CARTESIAN_POINT('',(6.296638695227,0.300751879699));
#5501 = CARTESIAN_POINT('',(6.28318530718,0.300751879699));
#5502 = ( GEOMETRIC_REPRESENTATION_CONTEXT(2) 
PARAMETRIC_REPRESENTATION_CONTEXT() REPRESENTATION_CONTEXT('2D SPACE',''
  ) );
#5503 = PCURVE('',#5504,#5509);
#5504 = PLANE('',#5505);
#5505 = AXIS2_PLACEMENT_3D('',#5506,#5507,#5508);
#5506 = CARTESIAN_POINT('',(68.2,32.13,0.));
#5507 = DIRECTION('',(0.,1.,0.));
#5508 = DIRECTION('',(0.,-0.,1.));
#5509 = DEFINITIONAL_REPRESENTATION('',(#5510),#5541);
#5510 = B_SPLINE_CURVE_WITH_KNOTS('',8,(#5511,#5512,#5513,#5514,#5515,
    #5516,#5517,#5518,#5519,#5520,#5521,#5522,#5523,#5524,#5525,#5526,
    #5527,#5528,#5529,#5530,#5531,#5532,#5533,#5534,#5535,#5536,#5537,
    #5538,#5539,#5540),.UNSPECIFIED.,.F.,.F.,(9,7,7,7,9),(0.,
    0.489628818121,0.741518573317,0.877079111011,1.),.UNSPECIFIED.);
#5511 = CARTESIAN_POINT('',(2.204517494644,0.));
#5512 = CARTESIAN_POINT('',(2.126609115581,0.323299383706));
#5513 = CARTESIAN_POINT('',(2.046170841691,0.645907178874));
#5514 = CARTESIAN_POINT('',(1.962854181908,0.967787686032));
#5515 = CARTESIAN_POINT('',(1.876219726136,1.288823498563));
#5516 = CARTESIAN_POINT('',(1.785749658448,1.60882124602));
#5517 = CARTESIAN_POINT('',(1.690674463702,1.927456745081));
#5518 = CARTESIAN_POINT('',(1.590038728233,2.244297100431));
#5519 = CARTESIAN_POINT('',(1.426286990962,2.720237998281));
#5520 = CARTESIAN_POINT('',(1.368709893607,2.881140069641));
#5521 = CARTESIAN_POINT('',(1.30890038259,3.041234035828));
#5522 = CARTESIAN_POINT('',(1.246516777951,3.200387018888));
#5523 = CARTESIAN_POINT('',(1.181166593194,3.35837589074));
#5524 = CARTESIAN_POINT('',(1.112279775518,3.514827590936));
#5525 = CARTESIAN_POINT('',(1.039160156281,3.669244882935));
#5526 = CARTESIAN_POINT('',(0.918021686643,3.902284674874));
#5527 = CARTESIAN_POINT('',(0.874064672312,3.982862632966));
#5528 = CARTESIAN_POINT('',(0.828279441564,4.062437300921));
#5529 = CARTESIAN_POINT('',(0.780383392771,4.140833312612));
#5530 = CARTESIAN_POINT('',(0.73007069161,4.217751704769));
#5531 = CARTESIAN_POINT('',(0.676936369692,4.29271185086));
#5532 = CARTESIAN_POINT('',(0.620503558925,4.365074424447));
#5533 = CARTESIAN_POINT('',(0.504884309157,4.496095485119));
#5534 = CARTESIAN_POINT('',(0.446573612459,4.555258407701));
#5535 = CARTESIAN_POINT('',(0.383978885261,4.610852250791));
#5536 = CARTESIAN_POINT('',(0.316462031776,4.661351206792));
#5537 = CARTESIAN_POINT('',(0.243697341993,4.704024996837));
#5538 = CARTESIAN_POINT('',(0.165897139691,4.735586210855));
#5539 = CARTESIAN_POINT('',(8.369322358326E-02,4.751879699248));
#5540 = CARTESIAN_POINT('',(2.117562599788E-15,4.751879699248));
#5541 = ( GEOMETRIC_REPRESENTATION_CONTEXT(2) 
PARAMETRIC_REPRESENTATION_CONTEXT() REPRESENTATION_CONTEXT('2D SPACE',''
  ) );
#5542 = ORIENTED_EDGE('',*,*,#5543,.F.);
#5543 = EDGE_CURVE('',#5544,#5435,#5546,.T.);
#5544 = VERTEX_POINT('',#5545);
#5545 = CARTESIAN_POINT('',(68.2,32.13,-2.204517489897));
#5546 = SURFACE_CURVE('',#5547,(#5578,#5612),.PCURVE_S1.);
#5547 = B_SPLINE_CURVE_WITH_KNOTS('',8,(#5548,#5549,#5550,#5551,#5552,
    #5553,#5554,#5555,#5556,#5557,#5558,#5559,#5560,#5561,#5562,#5563,
    #5564,#5565,#5566,#5567,#5568,#5569,#5570,#5571,#5572,#5573,#5574,
    #5575,#5576,#5577),.UNSPECIFIED.,.F.,.F.,(9,7,7,7,9),(0.,
    0.489628818119,0.741518573314,0.877079111009,1.),.UNSPECIFIED.);
#5548 = CARTESIAN_POINT('',(68.2,32.13,-2.204517494644));
#5549 = CARTESIAN_POINT('',(68.523299383705,32.13,-2.126609115581));
#5550 = CARTESIAN_POINT('',(68.845907178877,32.13,-2.04617084169));
#5551 = CARTESIAN_POINT('',(69.167787686026,32.13,-1.96285418191));
#5552 = CARTESIAN_POINT('',(69.48882349857,32.13,-1.876219726132));
#5553 = CARTESIAN_POINT('',(69.808821246015,32.13,-1.785749658451));
#5554 = CARTESIAN_POINT('',(70.127456745084,32.13,-1.690674463701));
#5555 = CARTESIAN_POINT('',(70.444297100431,32.13,-1.590038728233));
#5556 = CARTESIAN_POINT('',(70.920237998281,32.13,-1.426286990962));
#5557 = CARTESIAN_POINT('',(71.081140069642,32.13,-1.368709893607));
#5558 = CARTESIAN_POINT('',(71.241234035827,32.13,-1.308900382592));
#5559 = CARTESIAN_POINT('',(71.40038701889,32.13,-1.246516777949));
#5560 = CARTESIAN_POINT('',(71.558375890738,32.13,-1.181166593195));
#5561 = CARTESIAN_POINT('',(71.714827590937,32.13,-1.112279775517));
#5562 = CARTESIAN_POINT('',(71.869244882935,32.13,-1.039160156281));
#5563 = CARTESIAN_POINT('',(72.102284674875,32.13,-0.918021686643));
#5564 = CARTESIAN_POINT('',(72.182862632962,32.13,-0.874064672314));
#5565 = CARTESIAN_POINT('',(72.262437300929,32.13,-0.82827944156));
#5566 = CARTESIAN_POINT('',(72.340833312602,32.13,-0.780383392777));
#5567 = CARTESIAN_POINT('',(72.417751704776,32.13,-0.730070691606));
#5568 = CARTESIAN_POINT('',(72.492711850857,32.13,-0.676936369695));
#5569 = CARTESIAN_POINT('',(72.565074424447,32.13,-0.620503558925));
#5570 = CARTESIAN_POINT('',(72.696095485119,32.13,-0.504884309157));
#5571 = CARTESIAN_POINT('',(72.755258407701,32.13,-0.44657361246));
#5572 = CARTESIAN_POINT('',(72.810852250792,32.13,-0.38397888526));
#5573 = CARTESIAN_POINT('',(72.86135120679,32.13,-0.316462031779));
#5574 = CARTESIAN_POINT('',(72.904024996838,32.13,-0.243697341989));
#5575 = CARTESIAN_POINT('',(72.935586210855,32.13,-0.165897139693));
#5576 = CARTESIAN_POINT('',(72.951879699249,32.13,-8.369322358293E-02));
#5577 = CARTESIAN_POINT('',(72.951879699248,32.13,-8.304468224196E-14));
#5578 = PCURVE('',#5384,#5579);
#5579 = DEFINITIONAL_REPRESENTATION('',(#5580),#5611);
#5580 = B_SPLINE_CURVE_WITH_KNOTS('',8,(#5581,#5582,#5583,#5584,#5585,
    #5586,#5587,#5588,#5589,#5590,#5591,#5592,#5593,#5594,#5595,#5596,
    #5597,#5598,#5599,#5600,#5601,#5602,#5603,#5604,#5605,#5606,#5607,
    #5608,#5609,#5610),.UNSPECIFIED.,.F.,.F.,(9,7,7,7,9),(0.,
    0.489628818119,0.741518573314,0.877079111009,1.),.UNSPECIFIED.);
#5581 = CARTESIAN_POINT('',(5.944225347913,0.));
#5582 = CARTESIAN_POINT('',(5.955205346549,2.046198631044E-02));
#5583 = CARTESIAN_POINT('',(5.96664987865,4.088020119472E-02));
#5584 = CARTESIAN_POINT('',(5.978617884551,6.125238519157E-02));
#5585 = CARTESIAN_POINT('',(5.991183707332,8.157110750441E-02));
#5586 = CARTESIAN_POINT('',(6.004435096599,0.101824129495));
#5587 = CARTESIAN_POINT('',(6.018501339189,0.121990933233));
#5588 = CARTESIAN_POINT('',(6.033542726652,0.14204412028));
#5589 = CARTESIAN_POINT('',(6.058282556917,0.172166961917));
#5590 = CARTESIAN_POINT('',(6.067024470635,0.182350637319));
#5591 = CARTESIAN_POINT('',(6.07615042778,0.192483166824));
#5592 = CARTESIAN_POINT('',(6.085716760166,0.202556140436));
#5593 = CARTESIAN_POINT('',(6.095788375619,0.212555436123));
#5594 = CARTESIAN_POINT('',(6.106459172365,0.222457442464));
#5595 = CARTESIAN_POINT('',(6.117843730023,0.232230688793));
#5596 = CARTESIAN_POINT('',(6.13680495445,0.246980042714));
#5597 = CARTESIAN_POINT('',(6.143702861055,0.252079913479));
#5598 = CARTESIAN_POINT('',(6.150905814881,0.257116284869));
#5599 = CARTESIAN_POINT('',(6.158459836261,0.26207805776));
#5600 = CARTESIAN_POINT('',(6.166414923205,0.266946310429));
#5601 = CARTESIAN_POINT('',(6.174837164777,0.271690623472));
#5602 = CARTESIAN_POINT('',(6.183804276046,0.276270533193));
#5603 = CARTESIAN_POINT('',(6.202220571199,0.284563005387));
#5604 = CARTESIAN_POINT('',(6.21152640324,0.288307494158));
#5605 = CARTESIAN_POINT('',(6.221533998758,0.291826091822));
#5606 = CARTESIAN_POINT('',(6.232347503731,0.295022228278));
#5607 = CARTESIAN_POINT('',(6.244020277051,0.297723101066));
#5608 = CARTESIAN_POINT('',(6.256517926053,0.299720646257));
#5609 = CARTESIAN_POINT('',(6.269731919132,0.300751879699));
#5610 = CARTESIAN_POINT('',(6.28318530718,0.300751879699));
#5611 = ( GEOMETRIC_REPRESENTATION_CONTEXT(2) 
PARAMETRIC_REPRESENTATION_CONTEXT() REPRESENTATION_CONTEXT('2D SPACE',''
  ) );
#5612 = PCURVE('',#5504,#5613);
#5613 = DEFINITIONAL_REPRESENTATION('',(#5614),#5645);
#5614 = B_SPLINE_CURVE_WITH_KNOTS('',8,(#5615,#5616,#5617,#5618,#5619,
    #5620,#5621,#5622,#5623,#5624,#5625,#5626,#5627,#5628,#5629,#5630,
    #5631,#5632,#5633,#5634,#5635,#5636,#5637,#5638,#5639,#5640,#5641,
    #5642,#5643,#5644),.UNSPECIFIED.,.F.,.F.,(9,7,7,7,9),(0.,
    0.489628818119,0.741518573314,0.877079111009,1.),.UNSPECIFIED.);
#5615 = CARTESIAN_POINT('',(-2.204517494644,0.));
#5616 = CARTESIAN_POINT('',(-2.126609115581,0.323299383705));
#5617 = CARTESIAN_POINT('',(-2.04617084169,0.645907178877));
#5618 = CARTESIAN_POINT('',(-1.96285418191,0.967787686026));
#5619 = CARTESIAN_POINT('',(-1.876219726132,1.28882349857));
#5620 = CARTESIAN_POINT('',(-1.785749658451,1.608821246015));
#5621 = CARTESIAN_POINT('',(-1.690674463701,1.927456745084));
#5622 = CARTESIAN_POINT('',(-1.590038728233,2.244297100431));
#5623 = CARTESIAN_POINT('',(-1.426286990962,2.720237998281));
#5624 = CARTESIAN_POINT('',(-1.368709893607,2.881140069642));
#5625 = CARTESIAN_POINT('',(-1.308900382592,3.041234035827));
#5626 = CARTESIAN_POINT('',(-1.246516777949,3.20038701889));
#5627 = CARTESIAN_POINT('',(-1.181166593195,3.358375890738));
#5628 = CARTESIAN_POINT('',(-1.112279775517,3.514827590937));
#5629 = CARTESIAN_POINT('',(-1.039160156281,3.669244882935));
#5630 = CARTESIAN_POINT('',(-0.918021686643,3.902284674875));
#5631 = CARTESIAN_POINT('',(-0.874064672314,3.982862632962));
#5632 = CARTESIAN_POINT('',(-0.82827944156,4.062437300929));
#5633 = CARTESIAN_POINT('',(-0.780383392777,4.140833312602));
#5634 = CARTESIAN_POINT('',(-0.730070691606,4.217751704776));
#5635 = CARTESIAN_POINT('',(-0.676936369695,4.292711850857));
#5636 = CARTESIAN_POINT('',(-0.620503558925,4.365074424447));
#5637 = CARTESIAN_POINT('',(-0.504884309157,4.496095485119));
#5638 = CARTESIAN_POINT('',(-0.44657361246,4.555258407701));
#5639 = CARTESIAN_POINT('',(-0.38397888526,4.610852250792));
#5640 = CARTESIAN_POINT('',(-0.316462031779,4.66135120679));
#5641 = CARTESIAN_POINT('',(-0.243697341989,4.704024996838));
#5642 = CARTESIAN_POINT('',(-0.165897139693,4.735586210855));
#5643 = CARTESIAN_POINT('',(-8.369322358293E-02,4.751879699249));
#5644 = CARTESIAN_POINT('',(-8.304468224196E-14,4.751879699248));
#5645 = ( GEOMETRIC_REPRESENTATION_CONTEXT(2) 
PARAMETRIC_REPRESENTATION_CONTEXT() REPRESENTATION_CONTEXT('2D SPACE',''
  ) );
#5646 = ORIENTED_EDGE('',*,*,#5647,.T.);
#5647 = EDGE_CURVE('',#5544,#5648,#5650,.T.);
#5648 = VERTEX_POINT('',#5649);
#5649 = CARTESIAN_POINT('',(68.2,32.32221978811,-1.6));
#5650 = SURFACE_CURVE('',#5651,(#5656,#5663),.PCURVE_S1.);
#5651 = ELLIPSE('',#5652,7.03,6.63);
#5652 = AXIS2_PLACEMENT_3D('',#5653,#5654,#5655);
#5653 = CARTESIAN_POINT('',(68.2,25.5,0.));
#5654 = DIRECTION('',(1.,0.,0.));
#5655 = DIRECTION('',(0.,1.,0.));
#5656 = PCURVE('',#5384,#5657);
#5657 = DEFINITIONAL_REPRESENTATION('',(#5658),#5662);
#5658 = LINE('',#5659,#5660);
#5659 = CARTESIAN_POINT('',(0.,0.));
#5660 = VECTOR('',#5661,1.);
#5661 = DIRECTION('',(1.,0.));
#5662 = ( GEOMETRIC_REPRESENTATION_CONTEXT(2) 
PARAMETRIC_REPRESENTATION_CONTEXT() REPRESENTATION_CONTEXT('2D SPACE',''
  ) );
#5663 = PCURVE('',#5664,#5669);
#5664 = PLANE('',#5665);
#5665 = AXIS2_PLACEMENT_3D('',#5666,#5667,#5668);
#5666 = CARTESIAN_POINT('',(68.2,25.5,0.));
#5667 = DIRECTION('',(1.,0.,0.));
#5668 = DIRECTION('',(0.,1.,0.));
#5669 = DEFINITIONAL_REPRESENTATION('',(#5670),#5674);
#5670 = ELLIPSE('',#5671,7.03,6.63);
#5671 = AXIS2_PLACEMENT_2D('',#5672,#5673);
#5672 = CARTESIAN_POINT('',(0.,0.));
#5673 = DIRECTION('',(1.,0.));
#5674 = ( GEOMETRIC_REPRESENTATION_CONTEXT(2) 
PARAMETRIC_REPRESENTATION_CONTEXT() REPRESENTATION_CONTEXT('2D SPACE',''
  ) );
#5675 = ORIENTED_EDGE('',*,*,#5676,.T.);
#5676 = EDGE_CURVE('',#5648,#5373,#5677,.T.);
#5677 = SURFACE_CURVE('',#5678,(#5736,#5797),.PCURVE_S1.);
#5678 = B_SPLINE_CURVE_WITH_KNOTS('',6,(#5679,#5680,#5681,#5682,#5683,
    #5684,#5685,#5686,#5687,#5688,#5689,#5690,#5691,#5692,#5693,#5694,
    #5695,#5696,#5697,#5698,#5699,#5700,#5701,#5702,#5703,#5704,#5705,
    #5706,#5707,#5708,#5709,#5710,#5711,#5712,#5713,#5714,#5715,#5716,
    #5717,#5718,#5719,#5720,#5721,#5722,#5723,#5724,#5725,#5726,#5727,
    #5728,#5729,#5730,#5731,#5732,#5733,#5734,#5735),.UNSPECIFIED.,.F.,
  .F.,(7,5,5,5,5,5,5,5,5,5,5,7),(0.,4.983665246838E-02,0.169350669143,
    0.211595635491,0.305558433929,0.399253495151,0.500071955962,
    0.600663649835,0.694311655876,0.82975089909,0.949852633803,1.),
  .UNSPECIFIED.);
#5679 = CARTESIAN_POINT('',(68.2,32.322219793496,-1.6));
#5680 = CARTESIAN_POINT('',(68.24175314862,32.318580315565,-1.6));
#5681 = CARTESIAN_POINT('',(68.283549629375,32.315281627681,
    -1.598692545411));
#5682 = CARTESIAN_POINT('',(68.325332825639,32.312331004863,
    -1.596072437573));
#5683 = CARTESIAN_POINT('',(68.3670456138,32.309732455726,
    -1.592138429636));
#5684 = CARTESIAN_POINT('',(68.408630363261,32.307486722484,
    -1.586893226559));
#5685 = CARTESIAN_POINT('',(68.549307469803,32.301045794448,
    -1.564636452851));
#5686 = CARTESIAN_POINT('',(68.647526809222,32.298513969539,
    -1.541425016152));
#5687 = CARTESIAN_POINT('',(68.7438654548,32.297963863575,
    -1.510805564516));
#5688 = CARTESIAN_POINT('',(68.837564193234,32.299244274747,
    -1.473004423783));
#5689 = CARTESIAN_POINT('',(68.927927822797,32.302117532701,
    -1.42835412393));
#5690 = CARTESIAN_POINT('',(69.044866603236,32.307767952444,
    -1.359212695551));
#5691 = CARTESIAN_POINT('',(69.07491243185,32.309406372569,
    -1.340350990627));
#5692 = CARTESIAN_POINT('',(69.104437482272,32.311194673273,
    -1.320702369719));
#5693 = CARTESIAN_POINT('',(69.133416147122,32.313119456578,
    -1.300285475285));
#5694 = CARTESIAN_POINT('',(69.161824093525,32.315166802797,
    -1.279119774606));
#5695 = CARTESIAN_POINT('',(69.251503555878,32.32211654065,
    -1.208527646829));
#5696 = CARTESIAN_POINT('',(69.310430396731,32.327445912116,
    -1.156226019404));
#5697 = CARTESIAN_POINT('',(69.366166637623,32.333152785398,
    -1.100542172456));
#5698 = CARTESIAN_POINT('',(69.418486596689,32.339072622352,
    -1.041714219837));
#5699 = CARTESIAN_POINT('',(69.467188627651,32.345043249265,
    -0.979994774267));
#5700 = CARTESIAN_POINT('',(69.556868801328,32.356768341997,
    -0.851486227383));
#5701 = CARTESIAN_POINT('',(69.597868290928,32.362523327568,
    -0.784712460602));
#5702 = CARTESIAN_POINT('',(69.634912325362,32.368029430053,
    -0.715591994479));
#5703 = CARTESIAN_POINT('',(69.667841584609,32.373148015484,
    -0.644405416652));
#5704 = CARTESIAN_POINT('',(69.696519805283,32.377758524851,
    -0.571450805463));
#5705 = CARTESIAN_POINT('',(69.747003643754,32.386077108057,
    -0.416982517275));
#5706 = CARTESIAN_POINT('',(69.76812199766,32.389690155758,
    -0.335236604603));
#5707 = CARTESIAN_POINT('',(69.784054170826,32.392484688805,
    -0.25220777596));
#5708 = CARTESIAN_POINT('',(69.794703251092,32.394376036039,
    -0.168311835197));
#5709 = CARTESIAN_POINT('',(69.800018456398,32.395319732974,
    -8.397836114072E-02));
#5710 = CARTESIAN_POINT('',(69.799981508242,32.395313172139,
    8.449049841664E-02));
#5711 = CARTESIAN_POINT('',(69.794653321409,32.394367168504,
    0.168631855353));
#5712 = CARTESIAN_POINT('',(69.784015437099,32.392477956435,
    0.252336246562));
#5713 = CARTESIAN_POINT('',(69.768118381133,32.389689773727,
    0.335177005059));
#5714 = CARTESIAN_POINT('',(69.74705839264,32.386086702814,
    0.416741124387));
#5715 = CARTESIAN_POINT('',(69.696687560936,32.377785636204,
    0.571005920142));
#5716 = CARTESIAN_POINT('',(69.668045746401,32.373180190215,
    0.643932525242));
#5717 = CARTESIAN_POINT('',(69.635156623972,32.368066707496,
    0.715094154745));
#5718 = CARTESIAN_POINT('',(69.598156173179,32.362565495421,
    0.784193119424));
#5719 = CARTESIAN_POINT('',(69.557203392678,32.356814916697,
    0.850949188292));
#5720 = CARTESIAN_POINT('',(69.447790477987,32.342503006812,
    1.007874318708));
#5721 = CARTESIAN_POINT('',(69.375211201226,32.333832569571,
    1.095196756954));
#5722 = CARTESIAN_POINT('',(69.29527608773,32.325404160595,
    1.176272101686));
#5723 = CARTESIAN_POINT('',(69.20861975154,32.317716880297,1.25036164683
    ));
#5724 = CARTESIAN_POINT('',(69.115980936907,32.311269139248,
    1.316782581281));
#5725 = CARTESIAN_POINT('',(68.931561230084,32.302237879525,
    1.426531239018));
#5726 = CARTESIAN_POINT('',(68.840863203429,32.29929908641,
    1.471627137355));
#5727 = CARTESIAN_POINT('',(68.746779457436,32.297961665436,
    1.509812675897));
#5728 = CARTESIAN_POINT('',(68.650014631448,32.298470743445,
    1.540753690061));
#5729 = CARTESIAN_POINT('',(68.551337597346,32.300978803998,
    1.564213917711));
#5730 = CARTESIAN_POINT('',(68.409931107927,32.307416612951,
    1.586728638986));
#5731 = CARTESIAN_POINT('',(68.368089440032,32.309667510923,
    1.592039674309));
#5732 = CARTESIAN_POINT('',(68.326117030669,32.312275666921,
    1.59602310889));
#5733 = CARTESIAN_POINT('',(68.284072601272,32.315240366755,
    1.598676135634));
#5734 = CARTESIAN_POINT('',(68.242014359652,32.3185575467,1.6));
#5735 = CARTESIAN_POINT('',(68.2,32.322219793496,1.6));
#5736 = PCURVE('',#5384,#5737);
#5737 = DEFINITIONAL_REPRESENTATION('',(#5738),#5796);
#5738 = B_SPLINE_CURVE_WITH_KNOTS('',6,(#5739,#5740,#5741,#5742,#5743,
    #5744,#5745,#5746,#5747,#5748,#5749,#5750,#5751,#5752,#5753,#5754,
    #5755,#5756,#5757,#5758,#5759,#5760,#5761,#5762,#5763,#5764,#5765,
    #5766,#5767,#5768,#5769,#5770,#5771,#5772,#5773,#5774,#5775,#5776,
    #5777,#5778,#5779,#5780,#5781,#5782,#5783,#5784,#5785,#5786,#5787,
    #5788,#5789,#5790,#5791,#5792,#5793,#5794,#5795),.UNSPECIFIED.,.F.,
  .F.,(7,5,5,5,5,5,5,5,5,5,5,7),(0.,4.983665246838E-02,0.169350669143,
    0.211595635491,0.305558433929,0.399253495151,0.500071955962,
    0.600663649835,0.694311655876,0.82975089909,0.949852633803,1.),
  .UNSPECIFIED.);
#5739 = CARTESIAN_POINT('',(6.039451965708,0.));
#5740 = CARTESIAN_POINT('',(6.039317164557,2.642604343038E-03));
#5741 = CARTESIAN_POINT('',(6.039385249184,5.287951226271E-03));
#5742 = CARTESIAN_POINT('',(6.039657743144,7.932457318937E-03));
#5743 = CARTESIAN_POINT('',(6.0401354763,1.057250720256E-02));
#5744 = CARTESIAN_POINT('',(6.040818584823,1.320445337095E-02));
#5745 = CARTESIAN_POINT('',(6.043835860614,2.210806770905E-02));
#5746 = CARTESIAN_POINT('',(6.047143352331,2.832448159634E-02));
#5747 = CARTESIAN_POINT('',(6.051620711255,3.442186422783E-02));
#5748 = CARTESIAN_POINT('',(6.057235850252,4.035216412873E-02));
#5749 = CARTESIAN_POINT('',(6.063937323228,4.607138118971E-02));
#5750 = CARTESIAN_POINT('',(6.074388103326,5.347256982506E-02));
#5751 = CARTESIAN_POINT('',(6.07724499804,5.537420454745E-02));
#5752 = CARTESIAN_POINT('',(6.08022660965,5.72428786248E-02));
#5753 = CARTESIAN_POINT('',(6.083329936488,5.907697133681E-02));
#5754 = CARTESIAN_POINT('',(6.086551827929,6.087494262815E-02));
#5755 = CARTESIAN_POINT('',(6.097311609792,6.655085796696E-02));
#5756 = CARTESIAN_POINT('',(6.10530442648,7.028040485642E-02));
#5757 = CARTESIAN_POINT('',(6.113831435866,7.380801503944E-02));
#5758 = CARTESIAN_POINT('',(6.122853784949,7.711940485374E-02));
#5759 = CARTESIAN_POINT('',(6.132330399586,8.020181187665E-02));
#5760 = CARTESIAN_POINT('',(6.152078660476,8.587777223598E-02));
#5761 = CARTESIAN_POINT('',(6.162347905163,8.847267664104E-02));
#5762 = CARTESIAN_POINT('',(6.172983750229,9.081723578241E-02));
#5763 = CARTESIAN_POINT('',(6.183941429845,9.290136611449E-02));
#5764 = CARTESIAN_POINT('',(6.195173846141,9.471644337233E-02));
#5765 = CARTESIAN_POINT('',(6.218960045779,9.791162302238E-02));
#5766 = CARTESIAN_POINT('',(6.231549856083,9.924822769999E-02));
#5767 = CARTESIAN_POINT('',(6.244338146361,0.10025659309));
#5768 = CARTESIAN_POINT('',(6.257260384142,0.100930585512));
#5769 = CARTESIAN_POINT('',(6.270250193355,0.101266990911));
#5770 = CARTESIAN_POINT('',(6.296199305063,0.10126465242));
#5771 = CARTESIAN_POINT('',(6.309159521631,0.100927425406));
#5772 = CARTESIAN_POINT('',(6.322052254301,0.100254141589));
#5773 = CARTESIAN_POINT('',(6.334811576174,9.924799880587E-02));
#5774 = CARTESIAN_POINT('',(6.347373388665,9.791508814177E-02));
#5775 = CARTESIAN_POINT('',(6.371128269182,9.472706081871E-02));
#5776 = CARTESIAN_POINT('',(6.382356385403,9.29142877469E-02));
#5777 = CARTESIAN_POINT('',(6.393310242649,9.083269771974E-02));
#5778 = CARTESIAN_POINT('',(6.403942806132,8.849089703662E-02));
#5779 = CARTESIAN_POINT('',(6.414209368717,8.589894890366E-02));
#5780 = CARTESIAN_POINT('',(6.43832462253,7.897408088523E-02));
#5781 = CARTESIAN_POINT('',(6.451727228017,7.438045577383E-02));
#5782 = CARTESIAN_POINT('',(6.464147424655,6.932127137531E-02));
#5783 = CARTESIAN_POINT('',(6.475464658775,6.383669313544E-02));
#5784 = CARTESIAN_POINT('',(6.485567097613,5.797347701942E-02));
#5785 = CARTESIAN_POINT('',(6.50215951887,4.630134367621E-02));
#5786 = CARTESIAN_POINT('',(6.508929756255,4.056096224237E-02));
#5787 = CARTESIAN_POINT('',(6.514604038257,3.460629477445E-02));
#5788 = CARTESIAN_POINT('',(6.519130362135,2.848193869923E-02));
#5789 = CARTESIAN_POINT('',(6.522475347355,2.223655679408E-02));
#5790 = CARTESIAN_POINT('',(6.525530580839,1.328677898269E-02));
#5791 = CARTESIAN_POINT('',(6.52622313479,1.063857215392E-02));
#5792 = CARTESIAN_POINT('',(6.526707733095,7.982090548687E-03));
#5793 = CARTESIAN_POINT('',(6.526984505484,5.321050713405E-03));
#5794 = CARTESIAN_POINT('',(6.527054293129,2.659136686815E-03));
#5795 = CARTESIAN_POINT('',(6.526918648651,0.));
#5796 = ( GEOMETRIC_REPRESENTATION_CONTEXT(2) 
PARAMETRIC_REPRESENTATION_CONTEXT() REPRESENTATION_CONTEXT('2D SPACE',''
  ) );
#5797 = PCURVE('',#5798,#5803);
#5798 = CYLINDRICAL_SURFACE('',#5799,1.6);
#5799 = AXIS2_PLACEMENT_3D('',#5800,#5801,#5802);
#5800 = CARTESIAN_POINT('',(68.2,12.24,0.));
#5801 = DIRECTION('',(0.,1.,0.));
#5802 = DIRECTION('',(0.,-0.,1.));
#5803 = DEFINITIONAL_REPRESENTATION('',(#5804),#5862);
#5804 = B_SPLINE_CURVE_WITH_KNOTS('',6,(#5805,#5806,#5807,#5808,#5809,
    #5810,#5811,#5812,#5813,#5814,#5815,#5816,#5817,#5818,#5819,#5820,
    #5821,#5822,#5823,#5824,#5825,#5826,#5827,#5828,#5829,#5830,#5831,
    #5832,#5833,#5834,#5835,#5836,#5837,#5838,#5839,#5840,#5841,#5842,
    #5843,#5844,#5845,#5846,#5847,#5848,#5849,#5850,#5851,#5852,#5853,
    #5854,#5855,#5856,#5857,#5858,#5859,#5860,#5861),.UNSPECIFIED.,.F.,
  .F.,(7,5,5,5,5,5,5,5,5,5,5,7),(0.,4.983665246838E-02,0.169350669143,
    0.211595635491,0.305558433929,0.399253495151,0.500071955962,
    0.600663649835,0.694311655876,0.82975089909,0.949852633803,1.),
  .UNSPECIFIED.);
#5805 = CARTESIAN_POINT('',(3.14159265359,20.082219793496));
#5806 = CARTESIAN_POINT('',(3.115496935702,20.078580315565));
#5807 = CARTESIAN_POINT('',(3.089374192235,20.075281627681));
#5808 = CARTESIAN_POINT('',(3.063227651527,20.072331004863));
#5809 = CARTESIAN_POINT('',(3.037060804785,20.069732455726));
#5810 = CARTESIAN_POINT('',(3.010877406086,20.067486722484));
#5811 = CARTESIAN_POINT('',(2.921860614568,20.061045794448));
#5812 = CARTESIAN_POINT('',(2.858960883917,20.058513969539));
#5813 = CARTESIAN_POINT('',(2.79605153449,20.057963863575));
#5814 = CARTESIAN_POINT('',(2.733173864076,20.059244274747));
#5815 = CARTESIAN_POINT('',(2.670355237633,20.062117532701));
#5816 = CARTESIAN_POINT('',(2.585449003761,20.067767952444));
#5817 = CARTESIAN_POINT('',(2.563284639077,20.069406372569));
#5818 = CARTESIAN_POINT('',(2.541130487681,20.071194673273));
#5819 = CARTESIAN_POINT('',(2.518986743908,20.073119456578));
#5820 = CARTESIAN_POINT('',(2.49685332542,20.075166802797));
#5821 = CARTESIAN_POINT('',(2.425522082068,20.08211654065));
#5822 = CARTESIAN_POINT('',(2.376364281768,20.087445912116));
#5823 = CARTESIAN_POINT('',(2.327251348053,20.093152785398));
#5824 = CARTESIAN_POINT('',(2.278174109262,20.099072622352));
#5825 = CARTESIAN_POINT('',(2.229121116574,20.105043249265));
#5826 = CARTESIAN_POINT('',(2.131179448321,20.116768341997));
#5827 = CARTESIAN_POINT('',(2.082290934739,20.122523327568));
#5828 = CARTESIAN_POINT('',(2.033404059887,20.128029430053));
#5829 = CARTESIAN_POINT('',(1.984509388357,20.133148015484));
#5830 = CARTESIAN_POINT('',(1.935600640463,20.137758524851));
#5831 = CARTESIAN_POINT('',(1.834032717525,20.146077108057));
#5832 = CARTESIAN_POINT('',(1.781368996675,20.149690155758));
#5833 = CARTESIAN_POINT('',(1.728687611617,20.152484688805));
#5834 = CARTESIAN_POINT('',(1.675990462059,20.154376036039));
#5835 = CARTESIAN_POINT('',(1.623282803774,20.155319732974));
#5836 = CARTESIAN_POINT('',(1.517989764018,20.155313172139));
#5837 = CARTESIAN_POINT('',(1.465400719606,20.154367168504));
#5838 = CARTESIAN_POINT('',(1.412822146292,20.152477956435));
#5839 = CARTESIAN_POINT('',(1.360259266524,20.149689773727));
#5840 = CARTESIAN_POINT('',(1.307713973945,20.146086702814));
#5841 = CARTESIAN_POINT('',(1.206288878632,20.137785636204));
#5842 = CARTESIAN_POINT('',(1.157404616759,20.133180190215));
#5843 = CARTESIAN_POINT('',(1.108534436278,20.128066707496));
#5844 = CARTESIAN_POINT('',(1.059672079743,20.122565495421));
#5845 = CARTESIAN_POINT('',(1.010808136631,20.116814916697));
#5846 = CARTESIAN_POINT('',(0.891244015403,20.102503006812));
#5847 = CARTESIAN_POINT('',(0.820530845555,20.093832569571));
#5848 = CARTESIAN_POINT('',(0.74975499941,20.085404160595));
#5849 = CARTESIAN_POINT('',(0.678885077887,20.077716880297));
#5850 = CARTESIAN_POINT('',(0.607900033215,20.071269139248));
#5851 = CARTESIAN_POINT('',(0.473771776993,20.062237879525));
#5852 = CARTESIAN_POINT('',(0.410645089621,20.05929908641));
#5853 = CARTESIAN_POINT('',(0.347457555745,20.057961665436));
#5854 = CARTESIAN_POINT('',(0.284238055541,20.058470743445));
#5855 = CARTESIAN_POINT('',(0.221026579409,20.060978803998));
#5856 = CARTESIAN_POINT('',(0.131534287658,20.067416612951));
#5857 = CARTESIAN_POINT('',(0.105186666896,20.069667510923));
#5858 = CARTESIAN_POINT('',(7.885573421046E-02,20.072275666921));
#5859 = CARTESIAN_POINT('',(5.254531691924E-02,20.075240366755));
#5860 = CARTESIAN_POINT('',(2.62589747823E-02,20.0785575467));
#5861 = CARTESIAN_POINT('',(0.,20.082219793496));
#5862 = ( GEOMETRIC_REPRESENTATION_CONTEXT(2) 
PARAMETRIC_REPRESENTATION_CONTEXT() REPRESENTATION_CONTEXT('2D SPACE',''
  ) );
#5863 = ADVANCED_FACE('',(#5864),#5422,.F.);
#5864 = FACE_BOUND('',#5865,.F.);
#5865 = EDGE_LOOP('',(#5866,#5889,#5910));
#5866 = ORIENTED_EDGE('',*,*,#5867,.F.);
#5867 = EDGE_CURVE('',#5868,#5375,#5870,.T.);
#5868 = VERTEX_POINT('',#5869);
#5869 = CARTESIAN_POINT('',(68.2,32.13,1.6));
#5870 = SURFACE_CURVE('',#5871,(#5875,#5882),.PCURVE_S1.);
#5871 = LINE('',#5872,#5873);
#5872 = CARTESIAN_POINT('',(68.2,32.13,0.));
#5873 = VECTOR('',#5874,1.);
#5874 = DIRECTION('',(0.,0.,1.));
#5875 = PCURVE('',#5422,#5876);
#5876 = DEFINITIONAL_REPRESENTATION('',(#5877),#5881);
#5877 = LINE('',#5878,#5879);
#5878 = CARTESIAN_POINT('',(6.63,0.));
#5879 = VECTOR('',#5880,1.);
#5880 = DIRECTION('',(0.,1.));
#5881 = ( GEOMETRIC_REPRESENTATION_CONTEXT(2) 
PARAMETRIC_REPRESENTATION_CONTEXT() REPRESENTATION_CONTEXT('2D SPACE',''
  ) );
#5882 = PCURVE('',#5504,#5883);
#5883 = DEFINITIONAL_REPRESENTATION('',(#5884),#5888);
#5884 = LINE('',#5885,#5886);
#5885 = CARTESIAN_POINT('',(0.,0.));
#5886 = VECTOR('',#5887,1.);
#5887 = DIRECTION('',(1.,0.));
#5888 = ( GEOMETRIC_REPRESENTATION_CONTEXT(2) 
PARAMETRIC_REPRESENTATION_CONTEXT() REPRESENTATION_CONTEXT('2D SPACE',''
  ) );
#5889 = ORIENTED_EDGE('',*,*,#5890,.T.);
#5890 = EDGE_CURVE('',#5868,#5373,#5891,.T.);
#5891 = SURFACE_CURVE('',#5892,(#5896,#5903),.PCURVE_S1.);
#5892 = LINE('',#5893,#5894);
#5893 = CARTESIAN_POINT('',(68.2,12.24,1.6));
#5894 = VECTOR('',#5895,1.);
#5895 = DIRECTION('',(0.,1.,0.));
#5896 = PCURVE('',#5422,#5897);
#5897 = DEFINITIONAL_REPRESENTATION('',(#5898),#5902);
#5898 = LINE('',#5899,#5900);
#5899 = CARTESIAN_POINT('',(-13.26,1.6));
#5900 = VECTOR('',#5901,1.);
#5901 = DIRECTION('',(1.,0.));
#5902 = ( GEOMETRIC_REPRESENTATION_CONTEXT(2) 
PARAMETRIC_REPRESENTATION_CONTEXT() REPRESENTATION_CONTEXT('2D SPACE',''
  ) );
#5903 = PCURVE('',#5798,#5904);
#5904 = DEFINITIONAL_REPRESENTATION('',(#5905),#5909);
#5905 = LINE('',#5906,#5907);
#5906 = CARTESIAN_POINT('',(0.,-0.));
#5907 = VECTOR('',#5908,1.);
#5908 = DIRECTION('',(0.,1.));
#5909 = ( GEOMETRIC_REPRESENTATION_CONTEXT(2) 
PARAMETRIC_REPRESENTATION_CONTEXT() REPRESENTATION_CONTEXT('2D SPACE',''
  ) );
#5910 = ORIENTED_EDGE('',*,*,#5372,.T.);
#5911 = ADVANCED_FACE('',(#5912),#5798,.F.);
#5912 = FACE_BOUND('',#5913,.F.);
#5913 = EDGE_LOOP('',(#5914,#5915,#5916,#5939,#5967,#6162,#6190,#6217,
    #6218,#6242));
#5914 = ORIENTED_EDGE('',*,*,#5676,.T.);
#5915 = ORIENTED_EDGE('',*,*,#5890,.F.);
#5916 = ORIENTED_EDGE('',*,*,#5917,.F.);
#5917 = EDGE_CURVE('',#5918,#5868,#5920,.T.);
#5918 = VERTEX_POINT('',#5919);
#5919 = CARTESIAN_POINT('',(68.2,18.87,1.6));
#5920 = SEAM_CURVE('',#5921,(#5925,#5932),.PCURVE_S1.);
#5921 = LINE('',#5922,#5923);
#5922 = CARTESIAN_POINT('',(68.2,12.24,1.6));
#5923 = VECTOR('',#5924,1.);
#5924 = DIRECTION('',(0.,1.,0.));
#5925 = PCURVE('',#5798,#5926);
#5926 = DEFINITIONAL_REPRESENTATION('',(#5927),#5931);
#5927 = LINE('',#5928,#5929);
#5928 = CARTESIAN_POINT('',(6.28318530718,-0.));
#5929 = VECTOR('',#5930,1.);
#5930 = DIRECTION('',(0.,1.));
#5931 = ( GEOMETRIC_REPRESENTATION_CONTEXT(2) 
PARAMETRIC_REPRESENTATION_CONTEXT() REPRESENTATION_CONTEXT('2D SPACE',''
  ) );
#5932 = PCURVE('',#5798,#5933);
#5933 = DEFINITIONAL_REPRESENTATION('',(#5934),#5938);
#5934 = LINE('',#5935,#5936);
#5935 = CARTESIAN_POINT('',(0.,-0.));
#5936 = VECTOR('',#5937,1.);
#5937 = DIRECTION('',(0.,1.));
#5938 = ( GEOMETRIC_REPRESENTATION_CONTEXT(2) 
PARAMETRIC_REPRESENTATION_CONTEXT() REPRESENTATION_CONTEXT('2D SPACE',''
  ) );
#5939 = ORIENTED_EDGE('',*,*,#5940,.F.);
#5940 = EDGE_CURVE('',#5941,#5918,#5943,.T.);
#5941 = VERTEX_POINT('',#5942);
#5942 = CARTESIAN_POINT('',(68.2,18.67778021189,1.6));
#5943 = SURFACE_CURVE('',#5944,(#5948,#5955),.PCURVE_S1.);
#5944 = LINE('',#5945,#5946);
#5945 = CARTESIAN_POINT('',(68.2,12.24,1.6));
#5946 = VECTOR('',#5947,1.);
#5947 = DIRECTION('',(0.,1.,0.));
#5948 = PCURVE('',#5798,#5949);
#5949 = DEFINITIONAL_REPRESENTATION('',(#5950),#5954);
#5950 = LINE('',#5951,#5952);
#5951 = CARTESIAN_POINT('',(0.,-0.));
#5952 = VECTOR('',#5953,1.);
#5953 = DIRECTION('',(0.,1.));
#5954 = ( GEOMETRIC_REPRESENTATION_CONTEXT(2) 
PARAMETRIC_REPRESENTATION_CONTEXT() REPRESENTATION_CONTEXT('2D SPACE',''
  ) );
#5955 = PCURVE('',#5956,#5961);
#5956 = PLANE('',#5957);
#5957 = AXIS2_PLACEMENT_3D('',#5958,#5959,#5960);
#5958 = CARTESIAN_POINT('',(68.2,25.5,0.));
#5959 = DIRECTION('',(1.,0.,0.));
#5960 = DIRECTION('',(0.,1.,0.));
#5961 = DEFINITIONAL_REPRESENTATION('',(#5962),#5966);
#5962 = LINE('',#5963,#5964);
#5963 = CARTESIAN_POINT('',(-13.26,1.6));
#5964 = VECTOR('',#5965,1.);
#5965 = DIRECTION('',(1.,0.));
#5966 = ( GEOMETRIC_REPRESENTATION_CONTEXT(2) 
PARAMETRIC_REPRESENTATION_CONTEXT() REPRESENTATION_CONTEXT('2D SPACE',''
  ) );
#5967 = ORIENTED_EDGE('',*,*,#5968,.T.);
#5968 = EDGE_CURVE('',#5941,#5969,#5971,.T.);
#5969 = VERTEX_POINT('',#5970);
#5970 = CARTESIAN_POINT('',(68.2,18.67778021189,-1.6));
#5971 = SURFACE_CURVE('',#5972,(#6023,#6077),.PCURVE_S1.);
#5972 = B_SPLINE_CURVE_WITH_KNOTS('',5,(#5973,#5974,#5975,#5976,#5977,
    #5978,#5979,#5980,#5981,#5982,#5983,#5984,#5985,#5986,#5987,#5988,
    #5989,#5990,#5991,#5992,#5993,#5994,#5995,#5996,#5997,#5998,#5999,
    #6000,#6001,#6002,#6003,#6004,#6005,#6006,#6007,#6008,#6009,#6010,
    #6011,#6012,#6013,#6014,#6015,#6016,#6017,#6018,#6019,#6020,#6021,
    #6022),.UNSPECIFIED.,.F.,.F.,(6,4,4,4,4,4,4,4,4,4,4,4,6),(0.,
    4.994383918909E-02,0.169702661722,0.212060236638,0.304940525507,
    0.399645569567,0.499566696832,0.600941620201,0.694634647459,
    0.787564884811,0.830192818085,0.949482932505,1.),.UNSPECIFIED.);
#5973 = CARTESIAN_POINT('',(68.2,18.677780214414,1.6));
#5974 = CARTESIAN_POINT('',(68.250211755961,18.682156999963,1.6));
#5975 = CARTESIAN_POINT('',(68.300488793221,18.686020395028,
    1.598030356252));
#5976 = CARTESIAN_POINT('',(68.350717139733,18.689355754776,
    1.59408060329));
#5977 = CARTESIAN_POINT('',(68.400781295185,18.692158318916,
    1.588152234534));
#5978 = CARTESIAN_POINT('',(68.569937228219,18.699888108362,
    1.561331039865));
#5979 = CARTESIAN_POINT('',(68.687710641802,18.702310293649,
    1.531100995034));
#5980 = CARTESIAN_POINT('',(68.802231301157,18.701764630229,
    1.489763304609));
#5981 = CARTESIAN_POINT('',(68.912034948446,18.698676687246,
    1.437905584854));
#5982 = CARTESIAN_POINT('',(69.052577073477,18.691849931556,
    1.354597551888));
#5983 = CARTESIAN_POINT('',(69.088551587355,18.689821446536,
    1.331618269813));
#5984 = CARTESIAN_POINT('',(69.123725813047,18.687574160895,
    1.30746229851));
#5985 = CARTESIAN_POINT('',(69.158049484283,18.685135641725,
    1.282168101394));
#5986 = CARTESIAN_POINT('',(69.264773181287,18.676832479402,
    1.197906297026));
#5987 = CARTESIAN_POINT('',(69.333756103135,18.670350238023,
    1.134760608657));
#5988 = CARTESIAN_POINT('',(69.397938636015,18.663392938782,
    1.066767925642));
#5989 = CARTESIAN_POINT('',(69.456910224893,18.656284825722,
    0.994404124766));
#5990 = CARTESIAN_POINT('',(69.564783659032,18.642212402951,
    0.840459500321));
#5991 = CARTESIAN_POINT('',(69.61346451526,18.635253727343,
    0.758726084154));
#5992 = CARTESIAN_POINT('',(69.65599464779,18.628750639639,
    0.673525907006));
#5993 = CARTESIAN_POINT('',(69.692064877118,18.622978432413,
    0.585454974238));
#5994 = CARTESIAN_POINT('',(69.752452354727,18.613021966269,
    0.39990900537));
#5995 = CARTESIAN_POINT('',(69.776014311902,18.608942347959,
    0.302178593145));
#5996 = CARTESIAN_POINT('',(69.791867113739,18.606127519438,
    0.20275709057));
#5997 = CARTESIAN_POINT('',(69.799862230327,18.604708008766,
    0.102469029086));
#5998 = CARTESIAN_POINT('',(69.800136798002,18.604659254207,
    -9.957972807071E-02));
#5999 = CARTESIAN_POINT('',(69.792185903853,18.606070897042,
    -0.20134965575));
#6000 = CARTESIAN_POINT('',(69.776144373358,18.608921069863,
    -0.302237193011));
#6001 = CARTESIAN_POINT('',(69.752167082184,18.613073616403,
    -0.401381129777));
#6002 = CARTESIAN_POINT('',(69.691301023046,18.623099978012,
    -0.58723467322));
#6003 = CARTESIAN_POINT('',(69.655527000744,18.628819825327,
    -0.674321439935));
#6004 = CARTESIAN_POINT('',(69.613433172181,18.635252541517,
    -0.758594099915));
#6005 = CARTESIAN_POINT('',(69.565318916489,18.64213169668,
    -0.839475607383));
#6006 = CARTESIAN_POINT('',(69.458203152876,18.656126707926,
    -0.992772338675));
#6007 = CARTESIAN_POINT('',(69.399293856748,18.663240114819,
    -1.065250574818));
#6008 = CARTESIAN_POINT('',(69.335162849392,18.670206675934,
    -1.133359374134));
#6009 = CARTESIAN_POINT('',(69.266220785837,18.676701691775,
    -1.196621782883));
#6010 = CARTESIAN_POINT('',(69.159345988468,18.685042840056,
    -1.281207353919));
#6011 = CARTESIAN_POINT('',(69.124828199918,18.687502421116,
    -1.306696101776));
#6012 = CARTESIAN_POINT('',(69.089447949896,18.689768889214,
    -1.33103284116));
#6013 = CARTESIAN_POINT('',(69.053256428791,18.691814128867,
    -1.354178339549));
#6014 = CARTESIAN_POINT('',(68.912914403854,18.698641748387,
    -1.437430114703));
#6015 = CARTESIAN_POINT('',(68.803581639192,18.701733507748,
    -1.489158243803));
#6016 = CARTESIAN_POINT('',(68.689560004549,18.70230645723,
    -1.530453721609));
#6017 = CARTESIAN_POINT('',(68.572295388066,18.699938760125,
    -1.560734113087));
#6018 = CARTESIAN_POINT('',(68.40307950722,18.692286557321,
    -1.587878508395));
#6019 = CARTESIAN_POINT('',(68.352446538935,18.68947038648,
    -1.593943827329));
#6020 = CARTESIAN_POINT('',(68.301642868899,18.686109008654,
    -1.597984887308));
#6021 = CARTESIAN_POINT('',(68.25078803422,18.68220723215,-1.6));
#6022 = CARTESIAN_POINT('',(68.2,18.677780214414,-1.6));
#6023 = PCURVE('',#5798,#6024);
#6024 = DEFINITIONAL_REPRESENTATION('',(#6025),#6076);
#6025 = B_SPLINE_CURVE_WITH_KNOTS('',5,(#6026,#6027,#6028,#6029,#6030,
    #6031,#6032,#6033,#6034,#6035,#6036,#6037,#6038,#6039,#6040,#6041,
    #6042,#6043,#6044,#6045,#6046,#6047,#6048,#6049,#6050,#6051,#6052,
    #6053,#6054,#6055,#6056,#6057,#6058,#6059,#6060,#6061,#6062,#6063,
    #6064,#6065,#6066,#6067,#6068,#6069,#6070,#6071,#6072,#6073,#6074,
    #6075),.UNSPECIFIED.,.F.,.F.,(6,4,4,4,4,4,4,4,4,4,4,4,6),(0.,
    4.994383918909E-02,0.169702661722,0.212060236638,0.304940525507,
    0.399645569567,0.499566696832,0.600941620201,0.694634647459,
    0.787564884811,0.830192818085,0.949482932505,1.),.UNSPECIFIED.);
#6026 = CARTESIAN_POINT('',(0.,6.437780214414));
#6027 = CARTESIAN_POINT('',(3.138234747561E-02,6.442156999963));
#6028 = CARTESIAN_POINT('',(6.280540931431E-02,6.446020395028));
#6029 = CARTESIAN_POINT('',(9.426268532286E-02,6.449355754776));
#6030 = CARTESIAN_POINT('',(0.125746881631,6.452158318916));
#6031 = CARTESIAN_POINT('',(0.232790071958,6.459888108362));
#6032 = CARTESIAN_POINT('',(0.308448762554,6.462310293649));
#6033 = CARTESIAN_POINT('',(0.384086570422,6.461764630229));
#6034 = CARTESIAN_POINT('',(0.459648781702,6.458676687246));
#6035 = CARTESIAN_POINT('',(0.561759929142,6.451849931556));
#6036 = CARTESIAN_POINT('',(0.588424688475,6.449821446536));
#6037 = CARTESIAN_POINT('',(0.615073797925,6.447574160895));
#6038 = CARTESIAN_POINT('',(0.641707161135,6.445135641725));
#6039 = CARTESIAN_POINT('',(0.726693371362,6.436832479402));
#6040 = CARTESIAN_POINT('',(0.784988103005,6.430350238023));
#6041 = CARTESIAN_POINT('',(0.843219717924,6.423392938782));
#6042 = CARTESIAN_POINT('',(0.901409782505,6.416284825722));
#6043 = CARTESIAN_POINT('',(1.018895860784,6.402212402951));
#6044 = CARTESIAN_POINT('',(1.078190811385,6.395253727343));
#6045 = CARTESIAN_POINT('',(1.137488626221,6.388750639639));
#6046 = CARTESIAN_POINT('',(1.19680745156,6.382978432413));
#6047 = CARTESIAN_POINT('',(1.318760878273,6.373021966269));
#6048 = CARTESIAN_POINT('',(1.381401182313,6.368942347959));
#6049 = CARTESIAN_POINT('',(1.44406640168,6.366127519438));
#6050 = CARTESIAN_POINT('',(1.50675312532,6.364708008766));
#6051 = CARTESIAN_POINT('',(1.633033715141,6.364659254207));
#6052 = CARTESIAN_POINT('',(1.696633057199,6.366070897042));
#6053 = CARTESIAN_POINT('',(1.760210203315,6.368921069863));
#6054 = CARTESIAN_POINT('',(1.823761755021,6.373073616403));
#6055 = CARTESIAN_POINT('',(1.945990754951,6.383099978012));
#6056 = CARTESIAN_POINT('',(2.004675411141,6.388819825327));
#6057 = CARTESIAN_POINT('',(2.063339703831,6.395252541517));
#6058 = CARTESIAN_POINT('',(2.122001162473,6.40213169668));
#6059 = CARTESIAN_POINT('',(2.238883974109,6.416126707926));
#6060 = CARTESIAN_POINT('',(2.297104689615,6.423240114819));
#6061 = CARTESIAN_POINT('',(2.355366695975,6.430206675934));
#6062 = CARTESIAN_POINT('',(2.413691650397,6.436701691775));
#6063 = CARTESIAN_POINT('',(2.498877433441,6.445042840056));
#6064 = CARTESIAN_POINT('',(2.525680329046,6.447502421116));
#6065 = CARTESIAN_POINT('',(2.552499171547,6.449768889214));
#6066 = CARTESIAN_POINT('',(2.579333872451,6.451814128867));
#6067 = CARTESIAN_POINT('',(2.681319514113,6.458641748387));
#6068 = CARTESIAN_POINT('',(2.756584936265,6.461733507748));
#6069 = CARTESIAN_POINT('',(2.831925899445,6.46230645723));
#6070 = CARTESIAN_POINT('',(2.907288367404,6.459938760125));
#6071 = CARTESIAN_POINT('',(3.014400371661,6.452286557321));
#6072 = CARTESIAN_POINT('',(3.046246846283,6.44947038648));
#6073 = CARTESIAN_POINT('',(3.078065952133,6.446109008654));
#6074 = CARTESIAN_POINT('',(3.109850132202,6.44220723215));
#6075 = CARTESIAN_POINT('',(3.14159265359,6.437780214414));
#6076 = ( GEOMETRIC_REPRESENTATION_CONTEXT(2) 
PARAMETRIC_REPRESENTATION_CONTEXT() REPRESENTATION_CONTEXT('2D SPACE',''
  ) );
#6077 = PCURVE('',#6078,#6109);
#6078 = B_SPLINE_SURFACE_WITH_KNOTS('',14,1,(
    (#6079,#6080)
    ,(#6081,#6082)
    ,(#6083,#6084)
    ,(#6085,#6086)
    ,(#6087,#6088)
    ,(#6089,#6090)
    ,(#6091,#6092)
    ,(#6093,#6094)
    ,(#6095,#6096)
    ,(#6097,#6098)
    ,(#6099,#6100)
    ,(#6101,#6102)
    ,(#6103,#6104)
    ,(#6105,#6106)
    ,(#6107,#6108
    )),.UNSPECIFIED.,.T.,.F.,.F.,(1,14,14,1),(2,2),(-6.28318530718,0.,
    6.28318530718,12.566370614359),(0.,1.),.UNSPECIFIED.);
#6079 = CARTESIAN_POINT('',(68.2,32.53,9.585395327885E-16));
#6080 = CARTESIAN_POINT('',(84.,31.2,-2.8065920263E-15));
#6081 = CARTESIAN_POINT('',(68.2,32.530000000001,2.975537041902));
#6082 = CARTESIAN_POINT('',(84.,31.2,2.365170469204));
#6083 = CARTESIAN_POINT('',(68.2,31.005092040766,5.951075182139));
#6084 = CARTESIAN_POINT('',(84.000000000003,29.963588141162,
    4.730341811445));
#6085 = CARTESIAN_POINT('',(68.2,27.955274172854,8.173592267779));
#6086 = CARTESIAN_POINT('',(83.999999999988,27.490762842854,
    6.496957956437));
#6087 = CARTESIAN_POINT('',(68.2,23.836627378397,8.89015106033));
#6088 = CARTESIAN_POINT('',(84.000000000037,24.151319495999,
    7.06653033001));
#6089 = CARTESIAN_POINT('',(68.2,19.561227107348,7.617716588491));
#6090 = CARTESIAN_POINT('',(83.99999999992,20.684778735684,
    6.055108057514));
#6091 = CARTESIAN_POINT('',(68.2,16.297436837363,4.414819176112));
#6092 = CARTESIAN_POINT('',(84.00000000013,18.038462300569,
    3.509215242555));
#6093 = CARTESIAN_POINT('',(68.2,15.068684927574,7.623235376287E-11));
#6094 = CARTESIAN_POINT('',(83.999999999837,17.042176968299,
    5.836753302902E-11));
#6095 = CARTESIAN_POINT('',(68.2,16.297436837361,-4.414819176252));
#6096 = CARTESIAN_POINT('',(84.000000000162,18.038462300566,
    -3.509215242662));
#6097 = CARTESIAN_POINT('',(68.2,19.561227107351,-7.617716588383));
#6098 = CARTESIAN_POINT('',(83.999999999872,20.684778735689,
    -6.055108057431));
#6099 = CARTESIAN_POINT('',(68.2,23.836627378394,-8.890151060398));
#6100 = CARTESIAN_POINT('',(84.000000000081,24.151319495995,
    -7.066530330062));
#6101 = CARTESIAN_POINT('',(68.2,27.955274172856,-8.173592267744));
#6102 = CARTESIAN_POINT('',(83.999999999961,27.490762842857,
    -6.496957956411));
#6103 = CARTESIAN_POINT('',(68.2,31.005092040766,-5.951075182152));
#6104 = CARTESIAN_POINT('',(84.000000000014,29.963588141161,
    -4.730341811454));
#6105 = CARTESIAN_POINT('',(68.2,32.530000000001,-2.975537041899));
#6106 = CARTESIAN_POINT('',(83.999999999997,31.200000000001,
    -2.365170469202));
#6107 = CARTESIAN_POINT('',(68.2,32.53,9.585395327885E-16));
#6108 = CARTESIAN_POINT('',(84.,31.2,-2.8065920263E-15));
#6109 = DEFINITIONAL_REPRESENTATION('',(#6110),#6161);
#6110 = B_SPLINE_CURVE_WITH_KNOTS('',5,(#6111,#6112,#6113,#6114,#6115,
    #6116,#6117,#6118,#6119,#6120,#6121,#6122,#6123,#6124,#6125,#6126,
    #6127,#6128,#6129,#6130,#6131,#6132,#6133,#6134,#6135,#6136,#6137,
    #6138,#6139,#6140,#6141,#6142,#6143,#6144,#6145,#6146,#6147,#6148,
    #6149,#6150,#6151,#6152,#6153,#6154,#6155,#6156,#6157,#6158,#6159,
    #6160),.UNSPECIFIED.,.F.,.F.,(6,4,4,4,4,4,4,4,4,4,4,4,6),(0.,
    4.994383918909E-02,0.169702661722,0.212060236638,0.304940525507,
    0.399645569567,0.499566696832,0.600941620201,0.694634647459,
    0.787564884811,0.830192818085,0.949482932505,1.),.UNSPECIFIED.);
#6111 = CARTESIAN_POINT('',(2.897859308404,0.));
#6112 = CARTESIAN_POINT('',(2.897697198415,3.177959238037E-03));
#6113 = CARTESIAN_POINT('',(2.897840730141,6.360050203891E-03));
#6114 = CARTESIAN_POINT('',(2.898292970628,9.53905947676E-03));
#6115 = CARTESIAN_POINT('',(2.899054887615,1.270767691045E-02));
#6116 = CARTESIAN_POINT('',(2.902692177844,2.341374862145E-02));
#6117 = CARTESIAN_POINT('',(2.907033441512,3.086776213938E-02));
#6118 = CARTESIAN_POINT('',(2.913132353992,3.81159051365E-02));
#6119 = CARTESIAN_POINT('',(2.920900119204,4.506550306623E-02));
#6120 = CARTESIAN_POINT('',(2.933493332436,5.396057427071E-02));
#6121 = CARTESIAN_POINT('',(2.936975906503,5.623744223767E-02));
#6122 = CARTESIAN_POINT('',(2.940644954723,5.846365905362E-02));
#6123 = CARTESIAN_POINT('',(2.944494266795,6.063604330908E-02));
#6124 = CARTESIAN_POINT('',(2.957338499307,6.739070767636E-02));
#6125 = CARTESIAN_POINT('',(2.966994471605,7.175671538827E-02));
#6126 = CARTESIAN_POINT('',(2.97741547612,7.581890101363E-02));
#6127 = CARTESIAN_POINT('',(2.988523734753,7.955128005652E-02));
#6128 = CARTESIAN_POINT('',(3.012180198732,8.637871259694E-02));
#6129 = CARTESIAN_POINT('',(3.024752321636,8.945977944682E-02));
#6130 = CARTESIAN_POINT('',(3.037865373099,9.215155998672E-02));
#6131 = CARTESIAN_POINT('',(3.051424679879,9.443448589352E-02));
#6132 = CARTESIAN_POINT('',(3.079996545424,9.825647814726E-02));
#6133 = CARTESIAN_POINT('',(3.095048717644,9.974774125961E-02));
#6134 = CARTESIAN_POINT('',(3.110362164044,0.100751083148));
#6135 = CARTESIAN_POINT('',(3.125809438222,0.101257103185));
#6136 = CARTESIAN_POINT('',(3.156930832435,0.101274480886));
#6137 = CARTESIAN_POINT('',(3.172606366538,0.100771259738));
#6138 = CARTESIAN_POINT('',(3.188145629405,9.975597299734E-02));
#6139 = CARTESIAN_POINT('',(3.203415518761,9.823842292307E-02));
#6140 = CARTESIAN_POINT('',(3.232034615506,9.438614069915E-02));
#6141 = CARTESIAN_POINT('',(3.245442333578,9.212196207241E-02));
#6142 = CARTESIAN_POINT('',(3.258412581153,8.945779570767E-02));
#6143 = CARTESIAN_POINT('',(3.270853695554,8.641258965121E-02));
#6144 = CARTESIAN_POINT('',(3.294411030746,7.963311094153E-02));
#6145 = CARTESIAN_POINT('',(3.305537129008,7.590467447772E-02));
#6146 = CARTESIAN_POINT('',(3.315976271632,7.184574996155E-02));
#6147 = CARTESIAN_POINT('',(3.325650508969,6.748232821754E-02));
#6148 = CARTESIAN_POINT('',(3.338544812165,6.071810053598E-02));
#6149 = CARTESIAN_POINT('',(3.342423935675,5.853343037456E-02));
#6150 = CARTESIAN_POINT('',(3.346120615194,5.629417404404E-02));
#6151 = CARTESIAN_POINT('',(3.349628515718,5.400357144244E-02));
#6152 = CARTESIAN_POINT('',(3.362213560854,4.512116480089E-02));
#6153 = CARTESIAN_POINT('',(3.369962558761,3.820136956908E-02));
#6154 = CARTESIAN_POINT('',(3.376056565659,3.098481041447E-02));
#6155 = CARTESIAN_POINT('',(3.380407512256,2.356299924468E-02));
#6156 = CARTESIAN_POINT('',(3.384095196127,1.285313336834E-02));
#6157 = CARTESIAN_POINT('',(3.384876643595,9.648515122496E-03));
#6158 = CARTESIAN_POINT('',(3.385341242554,6.433092968261E-03));
#6159 = CARTESIAN_POINT('',(3.385489969294,3.21443254558E-03));
#6160 = CARTESIAN_POINT('',(3.385325998776,0.));
#6161 = ( GEOMETRIC_REPRESENTATION_CONTEXT(2) 
PARAMETRIC_REPRESENTATION_CONTEXT() REPRESENTATION_CONTEXT('2D SPACE',''
  ) );
#6162 = ORIENTED_EDGE('',*,*,#6163,.T.);
#6163 = EDGE_CURVE('',#5969,#6164,#6166,.T.);
#6164 = VERTEX_POINT('',#6165);
#6165 = CARTESIAN_POINT('',(68.2,18.87,-1.6));
#6166 = SURFACE_CURVE('',#6167,(#6171,#6178),.PCURVE_S1.);
#6167 = LINE('',#6168,#6169);
#6168 = CARTESIAN_POINT('',(68.2,12.24,-1.6));
#6169 = VECTOR('',#6170,1.);
#6170 = DIRECTION('',(0.,1.,0.));
#6171 = PCURVE('',#5798,#6172);
#6172 = DEFINITIONAL_REPRESENTATION('',(#6173),#6177);
#6173 = LINE('',#6174,#6175);
#6174 = CARTESIAN_POINT('',(3.14159265359,0.));
#6175 = VECTOR('',#6176,1.);
#6176 = DIRECTION('',(0.,1.));
#6177 = ( GEOMETRIC_REPRESENTATION_CONTEXT(2) 
PARAMETRIC_REPRESENTATION_CONTEXT() REPRESENTATION_CONTEXT('2D SPACE',''
  ) );
#6178 = PCURVE('',#6179,#6184);
#6179 = PLANE('',#6180);
#6180 = AXIS2_PLACEMENT_3D('',#6181,#6182,#6183);
#6181 = CARTESIAN_POINT('',(68.2,25.5,0.));
#6182 = DIRECTION('',(1.,0.,0.));
#6183 = DIRECTION('',(0.,1.,0.));
#6184 = DEFINITIONAL_REPRESENTATION('',(#6185),#6189);
#6185 = LINE('',#6186,#6187);
#6186 = CARTESIAN_POINT('',(-13.26,-1.6));
#6187 = VECTOR('',#6188,1.);
#6188 = DIRECTION('',(1.,0.));
#6189 = ( GEOMETRIC_REPRESENTATION_CONTEXT(2) 
PARAMETRIC_REPRESENTATION_CONTEXT() REPRESENTATION_CONTEXT('2D SPACE',''
  ) );
#6190 = ORIENTED_EDGE('',*,*,#6191,.T.);
#6191 = EDGE_CURVE('',#6164,#5918,#6192,.T.);
#6192 = SURFACE_CURVE('',#6193,(#6198,#6205),.PCURVE_S1.);
#6193 = CIRCLE('',#6194,1.6);
#6194 = AXIS2_PLACEMENT_3D('',#6195,#6196,#6197);
#6195 = CARTESIAN_POINT('',(68.2,18.87,0.));
#6196 = DIRECTION('',(0.,1.,0.));
#6197 = DIRECTION('',(0.,-0.,1.));
#6198 = PCURVE('',#5798,#6199);
#6199 = DEFINITIONAL_REPRESENTATION('',(#6200),#6204);
#6200 = LINE('',#6201,#6202);
#6201 = CARTESIAN_POINT('',(0.,6.63));
#6202 = VECTOR('',#6203,1.);
#6203 = DIRECTION('',(1.,0.));
#6204 = ( GEOMETRIC_REPRESENTATION_CONTEXT(2) 
PARAMETRIC_REPRESENTATION_CONTEXT() REPRESENTATION_CONTEXT('2D SPACE',''
  ) );
#6205 = PCURVE('',#6206,#6211);
#6206 = PLANE('',#6207);
#6207 = AXIS2_PLACEMENT_3D('',#6208,#6209,#6210);
#6208 = CARTESIAN_POINT('',(68.2,18.87,0.));
#6209 = DIRECTION('',(0.,1.,0.));
#6210 = DIRECTION('',(0.,-0.,1.));
#6211 = DEFINITIONAL_REPRESENTATION('',(#6212),#6216);
#6212 = CIRCLE('',#6213,1.6);
#6213 = AXIS2_PLACEMENT_2D('',#6214,#6215);
#6214 = CARTESIAN_POINT('',(0.,0.));
#6215 = DIRECTION('',(1.,0.));
#6216 = ( GEOMETRIC_REPRESENTATION_CONTEXT(2) 
PARAMETRIC_REPRESENTATION_CONTEXT() REPRESENTATION_CONTEXT('2D SPACE',''
  ) );
#6217 = ORIENTED_EDGE('',*,*,#5917,.T.);
#6218 = ORIENTED_EDGE('',*,*,#6219,.F.);
#6219 = EDGE_CURVE('',#6220,#5868,#6222,.T.);
#6220 = VERTEX_POINT('',#6221);
#6221 = CARTESIAN_POINT('',(68.2,32.13,-1.6));
#6222 = SURFACE_CURVE('',#6223,(#6228,#6235),.PCURVE_S1.);
#6223 = CIRCLE('',#6224,1.6);
#6224 = AXIS2_PLACEMENT_3D('',#6225,#6226,#6227);
#6225 = CARTESIAN_POINT('',(68.2,32.13,0.));
#6226 = DIRECTION('',(0.,1.,0.));
#6227 = DIRECTION('',(0.,-0.,1.));
#6228 = PCURVE('',#5798,#6229);
#6229 = DEFINITIONAL_REPRESENTATION('',(#6230),#6234);
#6230 = LINE('',#6231,#6232);
#6231 = CARTESIAN_POINT('',(0.,19.89));
#6232 = VECTOR('',#6233,1.);
#6233 = DIRECTION('',(1.,0.));
#6234 = ( GEOMETRIC_REPRESENTATION_CONTEXT(2) 
PARAMETRIC_REPRESENTATION_CONTEXT() REPRESENTATION_CONTEXT('2D SPACE',''
  ) );
#6235 = PCURVE('',#5504,#6236);
#6236 = DEFINITIONAL_REPRESENTATION('',(#6237),#6241);
#6237 = CIRCLE('',#6238,1.6);
#6238 = AXIS2_PLACEMENT_2D('',#6239,#6240);
#6239 = CARTESIAN_POINT('',(0.,0.));
#6240 = DIRECTION('',(1.,0.));
#6241 = ( GEOMETRIC_REPRESENTATION_CONTEXT(2) 
PARAMETRIC_REPRESENTATION_CONTEXT() REPRESENTATION_CONTEXT('2D SPACE',''
  ) );
#6242 = ORIENTED_EDGE('',*,*,#6243,.T.);
#6243 = EDGE_CURVE('',#6220,#5648,#6244,.T.);
#6244 = SURFACE_CURVE('',#6245,(#6249,#6256),.PCURVE_S1.);
#6245 = LINE('',#6246,#6247);
#6246 = CARTESIAN_POINT('',(68.2,12.24,-1.6));
#6247 = VECTOR('',#6248,1.);
#6248 = DIRECTION('',(0.,1.,0.));
#6249 = PCURVE('',#5798,#6250);
#6250 = DEFINITIONAL_REPRESENTATION('',(#6251),#6255);
#6251 = LINE('',#6252,#6253);
#6252 = CARTESIAN_POINT('',(3.14159265359,0.));
#6253 = VECTOR('',#6254,1.);
#6254 = DIRECTION('',(0.,1.));
#6255 = ( GEOMETRIC_REPRESENTATION_CONTEXT(2) 
PARAMETRIC_REPRESENTATION_CONTEXT() REPRESENTATION_CONTEXT('2D SPACE',''
  ) );
#6256 = PCURVE('',#5664,#6257);
#6257 = DEFINITIONAL_REPRESENTATION('',(#6258),#6262);
#6258 = LINE('',#6259,#6260);
#6259 = CARTESIAN_POINT('',(-13.26,-1.6));
#6260 = VECTOR('',#6261,1.);
#6261 = DIRECTION('',(1.,0.));
#6262 = ( GEOMETRIC_REPRESENTATION_CONTEXT(2) 
PARAMETRIC_REPRESENTATION_CONTEXT() REPRESENTATION_CONTEXT('2D SPACE',''
  ) );
#6263 = ADVANCED_FACE('',(#6264),#5664,.F.);
#6264 = FACE_BOUND('',#6265,.F.);
#6265 = EDGE_LOOP('',(#6266,#6287,#6288));
#6266 = ORIENTED_EDGE('',*,*,#6267,.F.);
#6267 = EDGE_CURVE('',#5544,#6220,#6268,.T.);
#6268 = SURFACE_CURVE('',#6269,(#6273,#6280),.PCURVE_S1.);
#6269 = LINE('',#6270,#6271);
#6270 = CARTESIAN_POINT('',(68.2,32.13,0.));
#6271 = VECTOR('',#6272,1.);
#6272 = DIRECTION('',(0.,0.,1.));
#6273 = PCURVE('',#5664,#6274);
#6274 = DEFINITIONAL_REPRESENTATION('',(#6275),#6279);
#6275 = LINE('',#6276,#6277);
#6276 = CARTESIAN_POINT('',(6.63,0.));
#6277 = VECTOR('',#6278,1.);
#6278 = DIRECTION('',(0.,1.));
#6279 = ( GEOMETRIC_REPRESENTATION_CONTEXT(2) 
PARAMETRIC_REPRESENTATION_CONTEXT() REPRESENTATION_CONTEXT('2D SPACE',''
  ) );
#6280 = PCURVE('',#5504,#6281);
#6281 = DEFINITIONAL_REPRESENTATION('',(#6282),#6286);
#6282 = LINE('',#6283,#6284);
#6283 = CARTESIAN_POINT('',(0.,0.));
#6284 = VECTOR('',#6285,1.);
#6285 = DIRECTION('',(1.,0.));
#6286 = ( GEOMETRIC_REPRESENTATION_CONTEXT(2) 
PARAMETRIC_REPRESENTATION_CONTEXT() REPRESENTATION_CONTEXT('2D SPACE',''
  ) );
#6287 = ORIENTED_EDGE('',*,*,#5647,.T.);
#6288 = ORIENTED_EDGE('',*,*,#6243,.F.);
#6289 = ADVANCED_FACE('',(#6290,#6321),#5504,.T.);
#6290 = FACE_BOUND('',#6291,.T.);
#6291 = EDGE_LOOP('',(#6292));
#6292 = ORIENTED_EDGE('',*,*,#6293,.T.);
#6293 = EDGE_CURVE('',#6294,#6294,#6296,.T.);
#6294 = VERTEX_POINT('',#6295);
#6295 = CARTESIAN_POINT('',(68.2,32.13,7.03));
#6296 = SURFACE_CURVE('',#6297,(#6302,#6309),.PCURVE_S1.);
#6297 = CIRCLE('',#6298,7.03);
#6298 = AXIS2_PLACEMENT_3D('',#6299,#6300,#6301);
#6299 = CARTESIAN_POINT('',(68.2,32.13,0.));
#6300 = DIRECTION('',(0.,1.,0.));
#6301 = DIRECTION('',(0.,-0.,1.));
#6302 = PCURVE('',#5504,#6303);
#6303 = DEFINITIONAL_REPRESENTATION('',(#6304),#6308);
#6304 = CIRCLE('',#6305,7.03);
#6305 = AXIS2_PLACEMENT_2D('',#6306,#6307);
#6306 = CARTESIAN_POINT('',(0.,0.));
#6307 = DIRECTION('',(1.,0.));
#6308 = ( GEOMETRIC_REPRESENTATION_CONTEXT(2) 
PARAMETRIC_REPRESENTATION_CONTEXT() REPRESENTATION_CONTEXT('2D SPACE',''
  ) );
#6309 = PCURVE('',#6310,#6315);
#6310 = CYLINDRICAL_SURFACE('',#6311,7.03);
#6311 = AXIS2_PLACEMENT_3D('',#6312,#6313,#6314);
#6312 = CARTESIAN_POINT('',(68.2,18.87,0.));
#6313 = DIRECTION('',(0.,1.,0.));
#6314 = DIRECTION('',(0.,-0.,1.));
#6315 = DEFINITIONAL_REPRESENTATION('',(#6316),#6320);
#6316 = LINE('',#6317,#6318);
#6317 = CARTESIAN_POINT('',(0.,13.26));
#6318 = VECTOR('',#6319,1.);
#6319 = DIRECTION('',(1.,0.));
#6320 = ( GEOMETRIC_REPRESENTATION_CONTEXT(2) 
PARAMETRIC_REPRESENTATION_CONTEXT() REPRESENTATION_CONTEXT('2D SPACE',''
  ) );
#6321 = FACE_BOUND('',#6322,.T.);
#6322 = EDGE_LOOP('',(#6323,#6324,#6325,#6326,#6327));
#6323 = ORIENTED_EDGE('',*,*,#5434,.F.);
#6324 = ORIENTED_EDGE('',*,*,#5867,.F.);
#6325 = ORIENTED_EDGE('',*,*,#6219,.F.);
#6326 = ORIENTED_EDGE('',*,*,#6267,.F.);
#6327 = ORIENTED_EDGE('',*,*,#5543,.T.);
#6328 = ADVANCED_FACE('',(#6329,#6355),#6206,.F.);
#6329 = FACE_BOUND('',#6330,.F.);
#6330 = EDGE_LOOP('',(#6331));
#6331 = ORIENTED_EDGE('',*,*,#6332,.T.);
#6332 = EDGE_CURVE('',#6333,#6333,#6335,.T.);
#6333 = VERTEX_POINT('',#6334);
#6334 = CARTESIAN_POINT('',(68.2,18.87,7.03));
#6335 = SURFACE_CURVE('',#6336,(#6341,#6348),.PCURVE_S1.);
#6336 = CIRCLE('',#6337,7.03);
#6337 = AXIS2_PLACEMENT_3D('',#6338,#6339,#6340);
#6338 = CARTESIAN_POINT('',(68.2,18.87,0.));
#6339 = DIRECTION('',(0.,1.,0.));
#6340 = DIRECTION('',(0.,-0.,1.));
#6341 = PCURVE('',#6206,#6342);
#6342 = DEFINITIONAL_REPRESENTATION('',(#6343),#6347);
#6343 = CIRCLE('',#6344,7.03);
#6344 = AXIS2_PLACEMENT_2D('',#6345,#6346);
#6345 = CARTESIAN_POINT('',(0.,0.));
#6346 = DIRECTION('',(1.,0.));
#6347 = ( GEOMETRIC_REPRESENTATION_CONTEXT(2) 
PARAMETRIC_REPRESENTATION_CONTEXT() REPRESENTATION_CONTEXT('2D SPACE',''
  ) );
#6348 = PCURVE('',#6310,#6349);
#6349 = DEFINITIONAL_REPRESENTATION('',(#6350),#6354);
#6350 = LINE('',#6351,#6352);
#6351 = CARTESIAN_POINT('',(0.,0.));
#6352 = VECTOR('',#6353,1.);
#6353 = DIRECTION('',(1.,0.));
#6354 = ( GEOMETRIC_REPRESENTATION_CONTEXT(2) 
PARAMETRIC_REPRESENTATION_CONTEXT() REPRESENTATION_CONTEXT('2D SPACE',''
  ) );
#6355 = FACE_BOUND('',#6356,.F.);
#6356 = EDGE_LOOP('',(#6357,#6568,#6589,#6590));
#6357 = ORIENTED_EDGE('',*,*,#6358,.F.);
#6358 = EDGE_CURVE('',#6359,#6361,#6363,.T.);
#6359 = VERTEX_POINT('',#6360);
#6360 = CARTESIAN_POINT('',(68.2,18.87,2.204517489897));
#6361 = VERTEX_POINT('',#6362);
#6362 = CARTESIAN_POINT('',(68.2,18.87,-2.204517489897));
#6363 = SURFACE_CURVE('',#6364,(#6430,#6499),.PCURVE_S1.);
#6364 = B_SPLINE_CURVE_WITH_KNOTS('',8,(#6365,#6366,#6367,#6368,#6369,
    #6370,#6371,#6372,#6373,#6374,#6375,#6376,#6377,#6378,#6379,#6380,
    #6381,#6382,#6383,#6384,#6385,#6386,#6387,#6388,#6389,#6390,#6391,
    #6392,#6393,#6394,#6395,#6396,#6397,#6398,#6399,#6400,#6401,#6402,
    #6403,#6404,#6405,#6406,#6407,#6408,#6409,#6410,#6411,#6412,#6413,
    #6414,#6415,#6416,#6417,#6418,#6419,#6420,#6421,#6422,#6423,#6424,
    #6425,#6426,#6427,#6428,#6429),.UNSPECIFIED.,.F.,.F.,(9,7,7,7,7,7,7,
    7,7,9),(0.,0.245261571196,0.371436491523,0.439340563166,
    0.469799417299,0.516123555928,0.567998509196,0.640326738551,
    0.774969135218,1.),.UNSPECIFIED.);
#6365 = CARTESIAN_POINT('',(68.2,18.87,2.204517481113));
#6366 = CARTESIAN_POINT('',(68.523299383825,18.87,2.126609100106));
#6367 = CARTESIAN_POINT('',(68.845907179083,18.87,2.046170824185));
#6368 = CARTESIAN_POINT('',(69.167787686286,18.87,1.962854162294));
#6369 = CARTESIAN_POINT('',(69.488823498832,18.87,1.876219704346));
#6370 = CARTESIAN_POINT('',(69.808821246248,18.87,1.78574963444));
#6371 = CARTESIAN_POINT('',(70.127456745242,18.87,1.690674437465));
#6372 = CARTESIAN_POINT('',(70.444297100494,18.87,1.590038699814));
#6373 = CARTESIAN_POINT('',(70.920237998171,18.87,1.426286959499));
#6374 = CARTESIAN_POINT('',(71.08114006946,18.87,1.368709861159));
#6375 = CARTESIAN_POINT('',(71.241234035579,18.87,1.308900349221));
#6376 = CARTESIAN_POINT('',(71.400387018589,18.87,1.246516743735));
#6377 = CARTESIAN_POINT('',(71.558375890401,18.87,1.181166558247));
#6378 = CARTESIAN_POINT('',(71.714827590613,18.87,1.11227973997));
#6379 = CARTESIAN_POINT('',(71.869244882689,18.87,1.039160120319));
#6380 = CARTESIAN_POINT('',(72.102284674623,18.87,0.91802165053));
#6381 = CARTESIAN_POINT('',(72.182862632559,18.87,0.874064636321));
#6382 = CARTESIAN_POINT('',(72.262437300403,18.87,0.828279405778));
#6383 = CARTESIAN_POINT('',(72.340833312035,18.87,0.780383357277));
#6384 = CARTESIAN_POINT('',(72.417751704207,18.87,0.730070656504));
#6385 = CARTESIAN_POINT('',(72.492711850388,18.87,0.676936335058));
#6386 = CARTESIAN_POINT('',(72.565074424149,18.87,0.620503524848));
#6387 = CARTESIAN_POINT('',(72.664610536694,18.87,0.532668100084));
#6388 = CARTESIAN_POINT('',(72.694667554108,18.87,0.504650828029));
#6389 = CARTESIAN_POINT('',(72.72387216661,18.87,0.475731226844));
#6390 = CARTESIAN_POINT('',(72.752094306174,18.87,0.445831043275));
#6391 = CARTESIAN_POINT('',(72.779159939214,18.87,0.414876800858));
#6392 = CARTESIAN_POINT('',(72.80484988736,18.87,0.382798842292));
#6393 = CARTESIAN_POINT('',(72.828898648255,18.87,0.349530371824));
#6394 = CARTESIAN_POINT('',(72.884596313471,18.87,0.262499967742));
#6395 = CARTESIAN_POINT('',(72.914175252568,18.87,0.206313642329));
#6396 = CARTESIAN_POINT('',(72.937795931633,18.87,0.147003133761));
#6397 = CARTESIAN_POINT('',(72.953638427757,18.87,8.528155676877E-02));
#6398 = CARTESIAN_POINT('',(72.960281797377,18.87,2.205455575613E-02));
#6399 = CARTESIAN_POINT('',(72.957021342874,18.87,-4.152088243103E-02));
#6400 = CARTESIAN_POINT('',(72.94446913853,18.87,-0.103948200106));
#6401 = CARTESIAN_POINT('',(72.902650786368,18.87,-0.229816430639));
#6402 = CARTESIAN_POINT('',(72.871471391144,18.87,-0.292754077055));
#6403 = CARTESIAN_POINT('',(72.833199559541,18.87,-0.35196719901));
#6404 = CARTESIAN_POINT('',(72.789720367566,18.87,-0.407601602205));
#6405 = CARTESIAN_POINT('',(72.742464038427,18.87,-0.459888525819));
#6406 = CARTESIAN_POINT('',(72.692458963019,18.87,-0.509175532272));
#6407 = CARTESIAN_POINT('',(72.640268669472,18.87,-0.555894808354));
#6408 = CARTESIAN_POINT('',(72.510354185727,18.87,-0.662855584646));
#6409 = CARTESIAN_POINT('',(72.431154081031,18.87,-0.720772087999));
#6410 = CARTESIAN_POINT('',(72.349442184386,18.87,-0.775290853217));
#6411 = CARTESIAN_POINT('',(72.2658377211,18.87,-0.826916097978));
#6412 = CARTESIAN_POINT('',(72.180806126006,18.87,-0.876073479839));
#6413 = CARTESIAN_POINT('',(72.094634145939,18.87,-0.923078346431));
#6414 = CARTESIAN_POINT('',(72.00748995652,18.87,-0.968219264767));
#6415 = CARTESIAN_POINT('',(71.75546345474,18.87,-1.092791720645));
#6416 = CARTESIAN_POINT('',(71.588676297468,18.87,-1.168070258414));
#6417 = CARTESIAN_POINT('',(71.419907220784,18.87,-1.239023276676));
#6418 = CARTESIAN_POINT('',(71.249638562315,18.87,-1.306365710269));
#6419 = CARTESIAN_POINT('',(71.078231905414,18.87,-1.370680610751));
#6420 = CARTESIAN_POINT('',(70.905904017355,18.87,-1.432368838293));
#6421 = CARTESIAN_POINT('',(70.732784534395,18.87,-1.491777613932));
#6422 = CARTESIAN_POINT('',(70.268308411767,18.87,-1.645147178065));
#6423 = CARTESIAN_POINT('',(69.975833902597,18.87,-1.735453357583));
#6424 = CARTESIAN_POINT('',(69.681978216657,18.87,-1.821350265876));
#6425 = CARTESIAN_POINT('',(69.387047822548,18.87,-1.903557406278));
#6426 = CARTESIAN_POINT('',(69.091260571823,18.87,-1.98260166876));
#6427 = CARTESIAN_POINT('',(68.7947707964,18.87,-2.058905336317));
#6428 = CARTESIAN_POINT('',(68.497668657934,18.87,-2.13278556829));
#6429 = CARTESIAN_POINT('',(68.2,18.87,-2.204517481113));
#6430 = PCURVE('',#6206,#6431);
#6431 = DEFINITIONAL_REPRESENTATION('',(#6432),#6498);
#6432 = B_SPLINE_CURVE_WITH_KNOTS('',8,(#6433,#6434,#6435,#6436,#6437,
    #6438,#6439,#6440,#6441,#6442,#6443,#6444,#6445,#6446,#6447,#6448,
    #6449,#6450,#6451,#6452,#6453,#6454,#6455,#6456,#6457,#6458,#6459,
    #6460,#6461,#6462,#6463,#6464,#6465,#6466,#6467,#6468,#6469,#6470,
    #6471,#6472,#6473,#6474,#6475,#6476,#6477,#6478,#6479,#6480,#6481,
    #6482,#6483,#6484,#6485,#6486,#6487,#6488,#6489,#6490,#6491,#6492,
    #6493,#6494,#6495,#6496,#6497),.UNSPECIFIED.,.F.,.F.,(9,7,7,7,7,7,7,
    7,7,9),(0.,0.245261571196,0.371436491523,0.439340563166,
    0.469799417299,0.516123555928,0.567998509196,0.640326738551,
    0.774969135218,1.),.UNSPECIFIED.);
#6433 = CARTESIAN_POINT('',(2.204517481113,0.));
#6434 = CARTESIAN_POINT('',(2.126609100106,0.323299383825));
#6435 = CARTESIAN_POINT('',(2.046170824185,0.645907179083));
#6436 = CARTESIAN_POINT('',(1.962854162294,0.967787686286));
#6437 = CARTESIAN_POINT('',(1.876219704346,1.288823498832));
#6438 = CARTESIAN_POINT('',(1.78574963444,1.608821246248));
#6439 = CARTESIAN_POINT('',(1.690674437465,1.927456745242));
#6440 = CARTESIAN_POINT('',(1.590038699814,2.244297100494));
#6441 = CARTESIAN_POINT('',(1.426286959499,2.720237998171));
#6442 = CARTESIAN_POINT('',(1.368709861159,2.88114006946));
#6443 = CARTESIAN_POINT('',(1.308900349221,3.041234035579));
#6444 = CARTESIAN_POINT('',(1.246516743735,3.200387018589));
#6445 = CARTESIAN_POINT('',(1.181166558247,3.358375890401));
#6446 = CARTESIAN_POINT('',(1.11227973997,3.514827590613));
#6447 = CARTESIAN_POINT('',(1.039160120319,3.669244882689));
#6448 = CARTESIAN_POINT('',(0.91802165053,3.902284674623));
#6449 = CARTESIAN_POINT('',(0.874064636321,3.982862632559));
#6450 = CARTESIAN_POINT('',(0.828279405778,4.062437300403));
#6451 = CARTESIAN_POINT('',(0.780383357277,4.140833312035));
#6452 = CARTESIAN_POINT('',(0.730070656504,4.217751704207));
#6453 = CARTESIAN_POINT('',(0.676936335058,4.292711850388));
#6454 = CARTESIAN_POINT('',(0.620503524848,4.365074424149));
#6455 = CARTESIAN_POINT('',(0.532668100084,4.464610536694));
#6456 = CARTESIAN_POINT('',(0.504650828029,4.494667554108));
#6457 = CARTESIAN_POINT('',(0.475731226844,4.52387216661));
#6458 = CARTESIAN_POINT('',(0.445831043275,4.552094306174));
#6459 = CARTESIAN_POINT('',(0.414876800858,4.579159939214));
#6460 = CARTESIAN_POINT('',(0.382798842292,4.604849887361));
#6461 = CARTESIAN_POINT('',(0.349530371824,4.628898648255));
#6462 = CARTESIAN_POINT('',(0.262499967742,4.684596313471));
#6463 = CARTESIAN_POINT('',(0.206313642329,4.714175252568));
#6464 = CARTESIAN_POINT('',(0.147003133761,4.737795931633));
#6465 = CARTESIAN_POINT('',(8.528155676877E-02,4.753638427757));
#6466 = CARTESIAN_POINT('',(2.205455575613E-02,4.760281797377));
#6467 = CARTESIAN_POINT('',(-4.152088243103E-02,4.757021342874));
#6468 = CARTESIAN_POINT('',(-0.103948200106,4.74446913853));
#6469 = CARTESIAN_POINT('',(-0.229816430639,4.702650786368));
#6470 = CARTESIAN_POINT('',(-0.292754077055,4.671471391144));
#6471 = CARTESIAN_POINT('',(-0.35196719901,4.633199559541));
#6472 = CARTESIAN_POINT('',(-0.407601602205,4.589720367566));
#6473 = CARTESIAN_POINT('',(-0.459888525819,4.542464038427));
#6474 = CARTESIAN_POINT('',(-0.509175532272,4.492458963019));
#6475 = CARTESIAN_POINT('',(-0.555894808354,4.440268669472));
#6476 = CARTESIAN_POINT('',(-0.662855584646,4.310354185727));
#6477 = CARTESIAN_POINT('',(-0.720772087999,4.231154081031));
#6478 = CARTESIAN_POINT('',(-0.775290853217,4.149442184386));
#6479 = CARTESIAN_POINT('',(-0.826916097978,4.0658377211));
#6480 = CARTESIAN_POINT('',(-0.876073479839,3.980806126006));
#6481 = CARTESIAN_POINT('',(-0.923078346431,3.894634145939));
#6482 = CARTESIAN_POINT('',(-0.968219264767,3.80748995652));
#6483 = CARTESIAN_POINT('',(-1.092791720645,3.55546345474));
#6484 = CARTESIAN_POINT('',(-1.168070258414,3.388676297468));
#6485 = CARTESIAN_POINT('',(-1.239023276676,3.219907220784));
#6486 = CARTESIAN_POINT('',(-1.306365710269,3.049638562315));
#6487 = CARTESIAN_POINT('',(-1.370680610751,2.878231905414));
#6488 = CARTESIAN_POINT('',(-1.432368838293,2.705904017355));
#6489 = CARTESIAN_POINT('',(-1.491777613932,2.532784534395));
#6490 = CARTESIAN_POINT('',(-1.645147178065,2.068308411767));
#6491 = CARTESIAN_POINT('',(-1.735453357583,1.775833902597));
#6492 = CARTESIAN_POINT('',(-1.821350265876,1.481978216657));
#6493 = CARTESIAN_POINT('',(-1.903557406278,1.187047822548));
#6494 = CARTESIAN_POINT('',(-1.98260166876,0.891260571823));
#6495 = CARTESIAN_POINT('',(-2.058905336317,0.5947707964));
#6496 = CARTESIAN_POINT('',(-2.13278556829,0.297668657934));
#6497 = CARTESIAN_POINT('',(-2.204517481113,0.));
#6498 = ( GEOMETRIC_REPRESENTATION_CONTEXT(2) 
PARAMETRIC_REPRESENTATION_CONTEXT() REPRESENTATION_CONTEXT('2D SPACE',''
  ) );
#6499 = PCURVE('',#6078,#6500);
#6500 = DEFINITIONAL_REPRESENTATION('',(#6501),#6567);
#6501 = B_SPLINE_CURVE_WITH_KNOTS('',8,(#6502,#6503,#6504,#6505,#6506,
    #6507,#6508,#6509,#6510,#6511,#6512,#6513,#6514,#6515,#6516,#6517,
    #6518,#6519,#6520,#6521,#6522,#6523,#6524,#6525,#6526,#6527,#6528,
    #6529,#6530,#6531,#6532,#6533,#6534,#6535,#6536,#6537,#6538,#6539,
    #6540,#6541,#6542,#6543,#6544,#6545,#6546,#6547,#6548,#6549,#6550,
    #6551,#6552,#6553,#6554,#6555,#6556,#6557,#6558,#6559,#6560,#6561,
    #6562,#6563,#6564,#6565,#6566),.UNSPECIFIED.,.F.,.F.,(9,7,7,7,7,7,7,
    7,7,9),(0.,0.245261571196,0.371436491523,0.439340563166,
    0.469799417299,0.516123555928,0.567998509196,0.640326738551,
    0.774969135218,1.),.UNSPECIFIED.);
#6502 = CARTESIAN_POINT('',(2.802632694224,0.));
#6503 = CARTESIAN_POINT('',(2.813612692951,2.046198631804E-02));
#6504 = CARTESIAN_POINT('',(2.825057225155,4.088020120779E-02));
#6505 = CARTESIAN_POINT('',(2.837025231172,6.125238520803E-02));
#6506 = CARTESIAN_POINT('',(2.849591054086,8.157110752096E-02));
#6507 = CARTESIAN_POINT('',(2.862842443503,0.101824129509));
#6508 = CARTESIAN_POINT('',(2.876908686265,0.121990933243));
#6509 = CARTESIAN_POINT('',(2.891950073926,0.142044120284));
#6510 = CARTESIAN_POINT('',(2.916689904536,0.17216696191));
#6511 = CARTESIAN_POINT('',(2.92543181838,0.182350637308));
#6512 = CARTESIAN_POINT('',(2.934557775658,0.192483166809));
#6513 = CARTESIAN_POINT('',(2.944124108189,0.202556140417));
#6514 = CARTESIAN_POINT('',(2.954195723797,0.212555436101));
#6515 = CARTESIAN_POINT('',(2.964866520711,0.222457442444));
#6516 = CARTESIAN_POINT('',(2.976251078554,0.232230688778));
#6517 = CARTESIAN_POINT('',(2.995212303277,0.246980042698));
#6518 = CARTESIAN_POINT('',(3.002110209975,0.252079913453));
#6519 = CARTESIAN_POINT('',(3.009313163899,0.257116284836));
#6520 = CARTESIAN_POINT('',(3.016867185386,0.262078057724));
#6521 = CARTESIAN_POINT('',(3.024822272443,0.266946310393));
#6522 = CARTESIAN_POINT('',(3.033244514144,0.271690623442));
#6523 = CARTESIAN_POINT('',(3.042211625557,0.276270533174));
#6524 = CARTESIAN_POINT('',(3.056202402655,0.282570287133));
#6525 = CARTESIAN_POINT('',(3.060669479626,0.284472630007));
#6526 = CARTESIAN_POINT('',(3.065284841287,0.286321023203));
#6527 = CARTESIAN_POINT('',(3.070061167574,0.288107234568));
#6528 = CARTESIAN_POINT('',(3.075010375035,0.289820249317));
#6529 = CARTESIAN_POINT('',(3.080143735476,0.291446195403));
#6530 = CARTESIAN_POINT('',(3.085471994606,0.292968268877));
#6531 = CARTESIAN_POINT('',(3.099421251751,0.296493437561));
#6532 = CARTESIAN_POINT('',(3.108436106228,0.298365522314));
#6533 = CARTESIAN_POINT('',(3.11796124802,0.299860502002));
#6534 = CARTESIAN_POINT('',(3.127881043938,0.30086319163));
#6535 = CARTESIAN_POINT('',(3.138047202835,0.301283658062));
#6536 = CARTESIAN_POINT('',(3.148269255584,0.301077300182));
#6537 = CARTESIAN_POINT('',(3.158302574722,0.300282856869));
#6538 = CARTESIAN_POINT('',(3.17851963483,0.29763612572));
#6539 = CARTESIAN_POINT('',(3.188620967302,0.295662746275));
#6540 = CARTESIAN_POINT('',(3.198113546822,0.293240478452));
#6541 = CARTESIAN_POINT('',(3.207019979918,0.290488630859));
#6542 = CARTESIAN_POINT('',(3.215377869178,0.287497723951));
#6543 = CARTESIAN_POINT('',(3.223243823155,0.284332845761));
#6544 = CARTESIAN_POINT('',(3.230687894966,0.281029662625));
#6545 = CARTESIAN_POINT('',(3.247701736063,0.272807226945));
#6546 = CARTESIAN_POINT('',(3.256889768438,0.267794562091));
#6547 = CARTESIAN_POINT('',(3.265515596641,0.262622923062));
#6548 = CARTESIAN_POINT('',(3.273661469328,0.257331501335));
#6549 = CARTESIAN_POINT('',(3.281396903329,0.25194975481));
#6550 = CARTESIAN_POINT('',(3.288773499765,0.246495832021));
#6551 = CARTESIAN_POINT('',(3.295838295974,0.240980376995));
#6552 = CARTESIAN_POINT('',(3.315281141743,0.225029332579));
#6553 = CARTESIAN_POINT('',(3.326963293284,0.214473183384));
#6554 = CARTESIAN_POINT('',(3.337913685701,0.203791596252));
#6555 = CARTESIAN_POINT('',(3.348250158556,0.193015098881));
#6556 = CARTESIAN_POINT('',(3.358068897711,0.182166576292));
#6557 = CARTESIAN_POINT('',(3.367436317336,0.171259747934));
#6558 = CARTESIAN_POINT('',(3.37640977867,0.160302818633));
#6559 = CARTESIAN_POINT('',(3.399453258089,0.130905595681));
#6560 = CARTESIAN_POINT('',(3.412889181632,0.112394550797));
#6561 = CARTESIAN_POINT('',(3.425549607635,9.379608966183E-02));
#6562 = CARTESIAN_POINT('',(3.437555138209,7.512960902204E-02));
#6563 = CARTESIAN_POINT('',(3.448994579488,5.64088969508E-02));
#6564 = CARTESIAN_POINT('',(3.459939281923,3.764372129113E-02));
#6565 = CARTESIAN_POINT('',(3.47044309327,1.883978847687E-02));
#6566 = CARTESIAN_POINT('',(3.480552612956,0.));
#6567 = ( GEOMETRIC_REPRESENTATION_CONTEXT(2) 
PARAMETRIC_REPRESENTATION_CONTEXT() REPRESENTATION_CONTEXT('2D SPACE',''
  ) );
#6568 = ORIENTED_EDGE('',*,*,#6569,.F.);
#6569 = EDGE_CURVE('',#5918,#6359,#6570,.T.);
#6570 = SURFACE_CURVE('',#6571,(#6575,#6582),.PCURVE_S1.);
#6571 = LINE('',#6572,#6573);
#6572 = CARTESIAN_POINT('',(68.2,18.87,0.));
#6573 = VECTOR('',#6574,1.);
#6574 = DIRECTION('',(0.,0.,1.));
#6575 = PCURVE('',#6206,#6576);
#6576 = DEFINITIONAL_REPRESENTATION('',(#6577),#6581);
#6577 = LINE('',#6578,#6579);
#6578 = CARTESIAN_POINT('',(0.,0.));
#6579 = VECTOR('',#6580,1.);
#6580 = DIRECTION('',(1.,0.));
#6581 = ( GEOMETRIC_REPRESENTATION_CONTEXT(2) 
PARAMETRIC_REPRESENTATION_CONTEXT() REPRESENTATION_CONTEXT('2D SPACE',''
  ) );
#6582 = PCURVE('',#5956,#6583);
#6583 = DEFINITIONAL_REPRESENTATION('',(#6584),#6588);
#6584 = LINE('',#6585,#6586);
#6585 = CARTESIAN_POINT('',(-6.63,0.));
#6586 = VECTOR('',#6587,1.);
#6587 = DIRECTION('',(0.,1.));
#6588 = ( GEOMETRIC_REPRESENTATION_CONTEXT(2) 
PARAMETRIC_REPRESENTATION_CONTEXT() REPRESENTATION_CONTEXT('2D SPACE',''
  ) );
#6589 = ORIENTED_EDGE('',*,*,#6191,.F.);
#6590 = ORIENTED_EDGE('',*,*,#6591,.F.);
#6591 = EDGE_CURVE('',#6361,#6164,#6592,.T.);
#6592 = SURFACE_CURVE('',#6593,(#6597,#6604),.PCURVE_S1.);
#6593 = LINE('',#6594,#6595);
#6594 = CARTESIAN_POINT('',(68.2,18.87,0.));
#6595 = VECTOR('',#6596,1.);
#6596 = DIRECTION('',(0.,0.,1.));
#6597 = PCURVE('',#6206,#6598);
#6598 = DEFINITIONAL_REPRESENTATION('',(#6599),#6603);
#6599 = LINE('',#6600,#6601);
#6600 = CARTESIAN_POINT('',(0.,0.));
#6601 = VECTOR('',#6602,1.);
#6602 = DIRECTION('',(1.,0.));
#6603 = ( GEOMETRIC_REPRESENTATION_CONTEXT(2) 
PARAMETRIC_REPRESENTATION_CONTEXT() REPRESENTATION_CONTEXT('2D SPACE',''
  ) );
#6604 = PCURVE('',#6179,#6605);
#6605 = DEFINITIONAL_REPRESENTATION('',(#6606),#6610);
#6606 = LINE('',#6607,#6608);
#6607 = CARTESIAN_POINT('',(-6.63,0.));
#6608 = VECTOR('',#6609,1.);
#6609 = DIRECTION('',(0.,1.));
#6610 = ( GEOMETRIC_REPRESENTATION_CONTEXT(2) 
PARAMETRIC_REPRESENTATION_CONTEXT() REPRESENTATION_CONTEXT('2D SPACE',''
  ) );
#6611 = ADVANCED_FACE('',(#6612),#6179,.F.);
#6612 = FACE_BOUND('',#6613,.F.);
#6613 = EDGE_LOOP('',(#6614,#6615,#6616));
#6614 = ORIENTED_EDGE('',*,*,#6591,.T.);
#6615 = ORIENTED_EDGE('',*,*,#6163,.F.);
#6616 = ORIENTED_EDGE('',*,*,#6617,.T.);
#6617 = EDGE_CURVE('',#5969,#6361,#6618,.T.);
#6618 = SURFACE_CURVE('',#6619,(#6624,#6631),.PCURVE_S1.);
#6619 = ELLIPSE('',#6620,7.03,6.63);
#6620 = AXIS2_PLACEMENT_3D('',#6621,#6622,#6623);
#6621 = CARTESIAN_POINT('',(68.2,25.5,0.));
#6622 = DIRECTION('',(1.,0.,0.));
#6623 = DIRECTION('',(0.,1.,0.));
#6624 = PCURVE('',#6179,#6625);
#6625 = DEFINITIONAL_REPRESENTATION('',(#6626),#6630);
#6626 = ELLIPSE('',#6627,7.03,6.63);
#6627 = AXIS2_PLACEMENT_2D('',#6628,#6629);
#6628 = CARTESIAN_POINT('',(0.,0.));
#6629 = DIRECTION('',(1.,0.));
#6630 = ( GEOMETRIC_REPRESENTATION_CONTEXT(2) 
PARAMETRIC_REPRESENTATION_CONTEXT() REPRESENTATION_CONTEXT('2D SPACE',''
  ) );
#6631 = PCURVE('',#6078,#6632);
#6632 = DEFINITIONAL_REPRESENTATION('',(#6633),#6637);
#6633 = LINE('',#6634,#6635);
#6634 = CARTESIAN_POINT('',(0.,0.));
#6635 = VECTOR('',#6636,1.);
#6636 = DIRECTION('',(1.,0.));
#6637 = ( GEOMETRIC_REPRESENTATION_CONTEXT(2) 
PARAMETRIC_REPRESENTATION_CONTEXT() REPRESENTATION_CONTEXT('2D SPACE',''
  ) );
#6638 = ADVANCED_FACE('',(#6639),#6078,.T.);
#6639 = FACE_BOUND('',#6640,.T.);
#6640 = EDGE_LOOP('',(#6641,#6642,#6664,#6665));
#6641 = ORIENTED_EDGE('',*,*,#6358,.F.);
#6642 = ORIENTED_EDGE('',*,*,#6643,.T.);
#6643 = EDGE_CURVE('',#6359,#5941,#6644,.T.);
#6644 = SURFACE_CURVE('',#6645,(#6650,#6657),.PCURVE_S1.);
#6645 = ELLIPSE('',#6646,7.03,6.63);
#6646 = AXIS2_PLACEMENT_3D('',#6647,#6648,#6649);
#6647 = CARTESIAN_POINT('',(68.2,25.5,0.));
#6648 = DIRECTION('',(1.,0.,0.));
#6649 = DIRECTION('',(0.,1.,0.));
#6650 = PCURVE('',#6078,#6651);
#6651 = DEFINITIONAL_REPRESENTATION('',(#6652),#6656);
#6652 = LINE('',#6653,#6654);
#6653 = CARTESIAN_POINT('',(0.,0.));
#6654 = VECTOR('',#6655,1.);
#6655 = DIRECTION('',(1.,0.));
#6656 = ( GEOMETRIC_REPRESENTATION_CONTEXT(2) 
PARAMETRIC_REPRESENTATION_CONTEXT() REPRESENTATION_CONTEXT('2D SPACE',''
  ) );
#6657 = PCURVE('',#5956,#6658);
#6658 = DEFINITIONAL_REPRESENTATION('',(#6659),#6663);
#6659 = ELLIPSE('',#6660,7.03,6.63);
#6660 = AXIS2_PLACEMENT_2D('',#6661,#6662);
#6661 = CARTESIAN_POINT('',(0.,0.));
#6662 = DIRECTION('',(1.,0.));
#6663 = ( GEOMETRIC_REPRESENTATION_CONTEXT(2) 
PARAMETRIC_REPRESENTATION_CONTEXT() REPRESENTATION_CONTEXT('2D SPACE',''
  ) );
#6664 = ORIENTED_EDGE('',*,*,#5968,.T.);
#6665 = ORIENTED_EDGE('',*,*,#6617,.T.);
#6666 = ADVANCED_FACE('',(#6667),#5956,.F.);
#6667 = FACE_BOUND('',#6668,.F.);
#6668 = EDGE_LOOP('',(#6669,#6670,#6671));
#6669 = ORIENTED_EDGE('',*,*,#5940,.T.);
#6670 = ORIENTED_EDGE('',*,*,#6569,.T.);
#6671 = ORIENTED_EDGE('',*,*,#6643,.T.);
#6672 = ADVANCED_FACE('',(#6673,#6699),#6310,.T.);
#6673 = FACE_BOUND('',#6674,.T.);
#6674 = EDGE_LOOP('',(#6675,#6696,#6697,#6698));
#6675 = ORIENTED_EDGE('',*,*,#6676,.T.);
#6676 = EDGE_CURVE('',#6333,#6294,#6677,.T.);
#6677 = SEAM_CURVE('',#6678,(#6682,#6689),.PCURVE_S1.);
#6678 = LINE('',#6679,#6680);
#6679 = CARTESIAN_POINT('',(68.2,18.87,7.03));
#6680 = VECTOR('',#6681,1.);
#6681 = DIRECTION('',(0.,1.,0.));
#6682 = PCURVE('',#6310,#6683);
#6683 = DEFINITIONAL_REPRESENTATION('',(#6684),#6688);
#6684 = LINE('',#6685,#6686);
#6685 = CARTESIAN_POINT('',(6.28318530718,-0.));
#6686 = VECTOR('',#6687,1.);
#6687 = DIRECTION('',(0.,1.));
#6688 = ( GEOMETRIC_REPRESENTATION_CONTEXT(2) 
PARAMETRIC_REPRESENTATION_CONTEXT() REPRESENTATION_CONTEXT('2D SPACE',''
  ) );
#6689 = PCURVE('',#6310,#6690);
#6690 = DEFINITIONAL_REPRESENTATION('',(#6691),#6695);
#6691 = LINE('',#6692,#6693);
#6692 = CARTESIAN_POINT('',(0.,-0.));
#6693 = VECTOR('',#6694,1.);
#6694 = DIRECTION('',(0.,1.));
#6695 = ( GEOMETRIC_REPRESENTATION_CONTEXT(2) 
PARAMETRIC_REPRESENTATION_CONTEXT() REPRESENTATION_CONTEXT('2D SPACE',''
  ) );
#6696 = ORIENTED_EDGE('',*,*,#6293,.F.);
#6697 = ORIENTED_EDGE('',*,*,#6676,.F.);
#6698 = ORIENTED_EDGE('',*,*,#6332,.T.);
#6699 = FACE_BOUND('',#6700,.T.);
#6700 = EDGE_LOOP('',(#6701));
#6701 = ORIENTED_EDGE('',*,*,#6702,.T.);
#6702 = EDGE_CURVE('',#6703,#6703,#6705,.T.);
#6703 = VERTEX_POINT('',#6704);
#6704 = CARTESIAN_POINT('',(75.23,31.938234177215,-7.167057115402E-16));
#6705 = SURFACE_CURVE('',#6706,(#6891,#7079),.PCURVE_S1.);
#6706 = B_SPLINE_CURVE_WITH_KNOTS('',8,(#6707,#6708,#6709,#6710,#6711,
    #6712,#6713,#6714,#6715,#6716,#6717,#6718,#6719,#6720,#6721,#6722,
    #6723,#6724,#6725,#6726,#6727,#6728,#6729,#6730,#6731,#6732,#6733,
    #6734,#6735,#6736,#6737,#6738,#6739,#6740,#6741,#6742,#6743,#6744,
    #6745,#6746,#6747,#6748,#6749,#6750,#6751,#6752,#6753,#6754,#6755,
    #6756,#6757,#6758,#6759,#6760,#6761,#6762,#6763,#6764,#6765,#6766,
    #6767,#6768,#6769,#6770,#6771,#6772,#6773,#6774,#6775,#6776,#6777,
    #6778,#6779,#6780,#6781,#6782,#6783,#6784,#6785,#6786,#6787,#6788,
    #6789,#6790,#6791,#6792,#6793,#6794,#6795,#6796,#6797,#6798,#6799,
    #6800,#6801,#6802,#6803,#6804,#6805,#6806,#6807,#6808,#6809,#6810,
    #6811,#6812,#6813,#6814,#6815,#6816,#6817,#6818,#6819,#6820,#6821,
    #6822,#6823,#6824,#6825,#6826,#6827,#6828,#6829,#6830,#6831,#6832,
    #6833,#6834,#6835,#6836,#6837,#6838,#6839,#6840,#6841,#6842,#6843,
    #6844,#6845,#6846,#6847,#6848,#6849,#6850,#6851,#6852,#6853,#6854,
    #6855,#6856,#6857,#6858,#6859,#6860,#6861,#6862,#6863,#6864,#6865,
    #6866,#6867,#6868,#6869,#6870,#6871,#6872,#6873,#6874,#6875,#6876,
    #6877,#6878,#6879,#6880,#6881,#6882,#6883,#6884,#6885,#6886,#6887,
    #6888,#6889,#6890),.UNSPECIFIED.,.T.,.F.,(9,7,7,7,7,7,7,7,7,7,7,7,7,
    7,7,7,7,7,7,7,7,7,7,7,7,7,9),(0.,3.366470397753E-02,
    5.498925910122E-02,8.363772849252E-02,0.158185534525,0.216492156096,
    0.250123758538,0.283565277283,0.34143925322,0.416513517617,
    0.445009709246,0.466338498483,0.47794000369,0.500283666772,
    0.522225583804,0.533830969882,0.555168499426,0.583803060541,
    0.658335551432,0.716719583072,0.750358875367,0.782760209423,
    0.841651331948,0.915963058176,0.944401084983,0.966566380144,1.),
  .UNSPECIFIED.);
#6707 = CARTESIAN_POINT('',(75.23,31.938234177215,-8.348877145181E-14));
#6708 = CARTESIAN_POINT('',(75.23,31.938234177215,-0.216155489122));
#6709 = CARTESIAN_POINT('',(75.222404166297,31.929402460839,
    -0.432379728402));
#6710 = CARTESIAN_POINT('',(75.207204538147,31.911729894668,
    -0.647410131176));
#6711 = CARTESIAN_POINT('',(75.184594373945,31.885432724059,
    -0.860167689044));
#6712 = CARTESIAN_POINT('',(75.154914061694,31.850890399823,
    -1.06973748012));
#6713 = CARTESIAN_POINT('',(75.118606683046,31.808595124808,
    -1.275352267501));
#6714 = CARTESIAN_POINT('',(75.076183230898,31.759113120371,
    -1.476379187941));
#6715 = CARTESIAN_POINT('',(74.997801408172,31.667549836939,
    -1.796419560023));
#6716 = CARTESIAN_POINT('',(74.96516317201,31.629392426439,
    -1.918525841727));
#6717 = CARTESIAN_POINT('',(74.93041269431,31.588728490742,
    -2.038531930508));
#6718 = CARTESIAN_POINT('',(74.893680271791,31.545701064427,
    -2.156366451368));
#6719 = CARTESIAN_POINT('',(74.855094263201,31.500450443444,
    -2.271980543749));
#6720 = CARTESIAN_POINT('',(74.814778776875,31.453111521393,
    -2.385345305606));
#6721 = CARTESIAN_POINT('',(74.77285135829,31.403811125794,
    -2.496449237482));
#6722 = CARTESIAN_POINT('',(74.671073738236,31.283953577788,
    -2.751525427232));
#6723 = CARTESIAN_POINT('',(74.610019363464,31.211917958645,
    -2.893666808122));
#6724 = CARTESIAN_POINT('',(74.546519080013,31.136837388663,
    -3.03174072406));
#6725 = CARTESIAN_POINT('',(74.480816349302,31.058968613226,
    -3.1657898472));
#6726 = CARTESIAN_POINT('',(74.413135425557,30.978544424972,
    -3.295875920625));
#6727 = CARTESIAN_POINT('',(74.343680213883,30.895771857377,
    -3.422077051934));
#6728 = CARTESIAN_POINT('',(74.272633128348,30.810830378347,
    -3.544485006823));
#6729 = CARTESIAN_POINT('',(74.011551772016,30.49758577238,
    -3.97212402769));
#6730 = CARTESIAN_POINT('',(73.8134787518,30.257902286615,
    -4.255688129809));
#6731 = CARTESIAN_POINT('',(73.608582677142,30.00726867158,
    -4.516156246735));
#6732 = CARTESIAN_POINT('',(73.399084224067,29.747486564804,
    -4.755045956119));
#6733 = CARTESIAN_POINT('',(73.186998002844,29.479923869978,
    -4.973703595835));
#6734 = CARTESIAN_POINT('',(72.974228389478,29.205459425461,
    -5.173261896171));
#6735 = CARTESIAN_POINT('',(72.762680329694,28.924490142173,
    -5.354717506905));
#6736 = CARTESIAN_POINT('',(72.392129736891,28.411563930328,
    -5.647110994432));
#6737 = CARTESIAN_POINT('',(72.231992113745,28.182641464461,
    -5.764585052094));
#6738 = CARTESIAN_POINT('',(72.07541189328,27.94967085879,
    -5.871668940395));
#6739 = CARTESIAN_POINT('',(71.923858076449,27.712459807294,
    -5.968507102446));
#6740 = CARTESIAN_POINT('',(71.779380139096,27.470829720105,
    -6.055021013811));
#6741 = CARTESIAN_POINT('',(71.644664477845,27.224602945573,
    -6.130958474142));
#6742 = CARTESIAN_POINT('',(71.523525369008,26.973449327993,
    -6.195847349338));
#6743 = CARTESIAN_POINT('',(71.361002088407,26.569074974963,
    -6.27960501154));
#6744 = CARTESIAN_POINT('',(71.307577786538,26.419432005776,
    -6.306319370735));
#6745 = CARTESIAN_POINT('',(71.261100647465,26.26815225985,
    -6.328942614554));
#6746 = CARTESIAN_POINT('',(71.22254049708,26.115385686139,
    -6.34729299215));
#6747 = CARTESIAN_POINT('',(71.192871229427,25.961354521878,
    -6.36118807144));
#6748 = CARTESIAN_POINT('',(71.172893288898,25.806372096048,
    -6.370472175581));
#6749 = CARTESIAN_POINT('',(71.163042804182,25.650865167661,
    -6.375051170328));
#6750 = CARTESIAN_POINT('',(71.163566060087,25.340794134975,
    -6.374807941442));
#6751 = CARTESIAN_POINT('',(71.173825881939,25.186188618853,
    -6.37003867324));
#6752 = CARTESIAN_POINT('',(71.1940833028,25.032118135716,
    -6.360620639294));
#6753 = CARTESIAN_POINT('',(71.223897698301,24.878999775556,
    -6.346648485462));
#6754 = CARTESIAN_POINT('',(71.262476743386,24.72713943333,
    -6.328276251843));
#6755 = CARTESIAN_POINT('',(71.308862153148,24.576753479548,
    -6.305683483463));
#6756 = CARTESIAN_POINT('',(71.362101242919,24.427986940651,
    -6.279048526983));
#6757 = CARTESIAN_POINT('',(71.523727599582,24.026403245417,
    -6.195725674039));
#6758 = CARTESIAN_POINT('',(71.643938418279,23.77710311912,
    -6.131324523674));
#6759 = CARTESIAN_POINT('',(71.777534879957,23.532658795075,
    -6.05603544628));
#6760 = CARTESIAN_POINT('',(71.920785575179,23.292748468805,
    -5.970321511219));
#6761 = CARTESIAN_POINT('',(72.071051611278,23.057196294041,
    -5.87443177076));
#6762 = CARTESIAN_POINT('',(72.226318196163,22.825825887675,
    -5.768445616721));
#6763 = CARTESIAN_POINT('',(72.385137090349,22.598447128179,
    -5.652225510455));
#6764 = CARTESIAN_POINT('',(72.755711568945,22.084745083319,
    -5.360716224067));
#6765 = CARTESIAN_POINT('',(72.968722167653,21.801611325428,
    -5.178490799064));
#6766 = CARTESIAN_POINT('',(73.183016702213,21.525061643523,
    -4.977928142791));
#6767 = CARTESIAN_POINT('',(73.396649094101,21.25549520851,
    -4.758013720512));
#6768 = CARTESIAN_POINT('',(73.607674917784,20.993805246897,
    -4.517594214386));
#6769 = CARTESIAN_POINT('',(73.814037820322,20.741387793991,
    -4.255295780908));
#6770 = CARTESIAN_POINT('',(74.013470519815,20.50008281709,
    -3.969571187349));
#6771 = CARTESIAN_POINT('',(74.275305753507,20.185974459181,
    -3.539876711084));
#6772 = CARTESIAN_POINT('',(74.345924451557,20.10155365622,
    -3.417996909448));
#6773 = CARTESIAN_POINT('',(74.414963239423,20.019283621138,
    -3.292361750268));
#6774 = CARTESIAN_POINT('',(74.482242201011,19.939341488148,
    -3.162881106432));
#6775 = CARTESIAN_POINT('',(74.547560354137,19.861931400119,
    -3.02947830811));
#6776 = CARTESIAN_POINT('',(74.61069677423,19.787282737228,
    -2.892092794949));
#6777 = CARTESIAN_POINT('',(74.671411718039,19.715648345598,
    -2.750682768252));
#6778 = CARTESIAN_POINT('',(74.772886472519,19.596147563078,
    -2.496357946416));
#6779 = CARTESIAN_POINT('',(74.814821270333,19.546838544623,
    -2.385229644577));
#6780 = CARTESIAN_POINT('',(74.855143401831,19.49949188214,
    -2.271839593138));
#6781 = CARTESIAN_POINT('',(74.893735245114,19.454234486171,
    -2.156199307568));
#6782 = CARTESIAN_POINT('',(74.930472610628,19.411201339262,
    -2.038337722099));
#6783 = CARTESIAN_POINT('',(74.965227056464,19.370532828967,
    -1.918303748499));
#6784 = CARTESIAN_POINT('',(74.997868203657,19.332372080859,
    -1.796168834848));
#6785 = CARTESIAN_POINT('',(75.044800547928,19.277547223963,
    -1.604505632468));
#6786 = CARTESIAN_POINT('',(75.060671149177,19.259016698143,
    -1.536389606642));
#6787 = CARTESIAN_POINT('',(75.075856856399,19.241293856957,
    -1.467697893884));
#6788 = CARTESIAN_POINT('',(75.090336772101,19.224401774582,
    -1.398449311733));
#6789 = CARTESIAN_POINT('',(75.104090318103,19.208363209623,
    -1.32866519926));
#6790 = CARTESIAN_POINT('',(75.117097453511,19.193200358225,
    -1.258369568093));
#6791 = CARTESIAN_POINT('',(75.129338892697,19.178934607189,
    -1.187589253453));
#6792 = CARTESIAN_POINT('',(75.162862508992,19.139878384373,
    -0.979160225444));
#6793 = CARTESIAN_POINT('',(75.182023507123,19.117570105738,
    -0.840260763846));
#6794 = CARTESIAN_POINT('',(75.198144211006,19.09881164035,
    -0.699889456976));
#6795 = CARTESIAN_POINT('',(75.211108509933,19.083732197717,
    -0.558301647308));
#6796 = CARTESIAN_POINT('',(75.220823595472,19.07243515375,
    -0.415775173852));
#6797 = CARTESIAN_POINT('',(75.227224267775,19.064993196812,
    -0.272611302799));
#6798 = CARTESIAN_POINT('',(75.230277241909,19.061443473783,
    -0.129135658165));
#6799 = CARTESIAN_POINT('',(75.229698912854,19.062115898403,
    0.15515832006));
#6800 = CARTESIAN_POINT('',(75.226186757794,19.066199509559,
    0.296005597158));
#6801 = CARTESIAN_POINT('',(75.21945033737,19.074032038336,
    0.436511457047));
#6802 = CARTESIAN_POINT('',(75.209524454276,19.085574647962,
    0.576368893271));
#6803 = CARTESIAN_POINT('',(75.196473321905,19.100755754554,
    0.715294221019));
#6804 = CARTESIAN_POINT('',(75.180386520737,19.119475585538,
    0.853026183406));
#6805 = CARTESIAN_POINT('',(75.161374954727,19.141610738066,
    0.989325057763));
#6806 = CARTESIAN_POINT('',(75.128032174429,19.180457382817,
    1.195188282507));
#6807 = CARTESIAN_POINT('',(75.115714472923,19.194812447059,
    1.265947247718));
#6808 = CARTESIAN_POINT('',(75.102632102573,19.210063504491,
    1.336219005547));
#6809 = CARTESIAN_POINT('',(75.088804423165,19.226189087846,
    1.405976880005));
#6810 = CARTESIAN_POINT('',(75.074251537252,19.243166934747,
    1.475197019452));
#6811 = CARTESIAN_POINT('',(75.058994072543,19.260974234199,
    1.543858244912));
#6812 = CARTESIAN_POINT('',(75.043052964288,19.279587873082,
    1.611941898402));
#6813 = CARTESIAN_POINT('',(74.99592181661,19.334647433918,
    1.803517649185));
#6814 = CARTESIAN_POINT('',(74.963155086654,19.372956894193,
    1.925593041093));
#6815 = CARTESIAN_POINT('',(74.928279233052,19.413769683891,
    2.045562295669));
#6816 = CARTESIAN_POINT('',(74.891424720516,19.456942607038,
    2.163354830632));
#6817 = CARTESIAN_POINT('',(74.852719994642,19.502335299913,
    2.278922501676));
#6818 = CARTESIAN_POINT('',(74.812289183339,19.549812879691,
    2.392237051422));
#6819 = CARTESIAN_POINT('',(74.770249798258,19.599248593087,
    2.503287558369));
#6820 = CARTESIAN_POINT('',(74.668281435777,19.719340399342,
    2.758072447891));
#6821 = CARTESIAN_POINT('',(74.607156847576,19.791465100744,2.8999827383
    ));
#6822 = CARTESIAN_POINT('',(74.543597191615,19.866622855495,
    3.037830688817));
#6823 = CARTESIAN_POINT('',(74.477844943101,19.944558073874,
    3.171659693851));
#6824 = CARTESIAN_POINT('',(74.410123419834,20.025039064186,
    3.301531947245));
#6825 = CARTESIAN_POINT('',(74.340635669607,20.107859806809,
    3.427525779033));
#6826 = CARTESIAN_POINT('',(74.269563357589,20.192841728237,
    3.549732992204));
#6827 = CARTESIAN_POINT('',(74.008362413908,20.506270258653,
    3.976758565907));
#6828 = CARTESIAN_POINT('',(73.810227516609,20.746065418419,
    4.25993515613));
#6829 = CARTESIAN_POINT('',(73.605300733638,20.996782323751,
    4.52004443172));
#6830 = CARTESIAN_POINT('',(73.395797393657,21.256627132406,
    4.758601846658));
#6831 = CARTESIAN_POINT('',(73.183728673757,21.524238236502,
    4.97695076393));
#6832 = CARTESIAN_POINT('',(72.970997915142,21.798741458287,
    5.176220635478));
#6833 = CARTESIAN_POINT('',(72.759511688852,22.079743222783,
    5.357404393156));
#6834 = CARTESIAN_POINT('',(72.388873183577,22.593065576456,
    5.649532032589));
#6835 = CARTESIAN_POINT('',(72.22858325019,22.822363469443,
    5.766973530115));
#6836 = CARTESIAN_POINT('',(72.071882523258,23.055722201913,
    5.874000461232));
#6837 = CARTESIAN_POINT('',(71.920250420265,23.293337225531,
    5.970755848723));
#6838 = CARTESIAN_POINT('',(71.775753762746,23.535388947115,
    6.057157579193));
#6839 = CARTESIAN_POINT('',(71.641102633607,23.782055269352,
    6.132948728801));
#6840 = CARTESIAN_POINT('',(71.520148125723,24.033667050728,
    6.197650178547));
#6841 = CARTESIAN_POINT('',(71.358218045933,24.438623650297,
    6.281002394355));
#6842 = CARTESIAN_POINT('',(71.305088578164,24.588377456377,
    6.307539789863));
#6843 = CARTESIAN_POINT('',(71.258946677772,24.739764932841,
    6.329977269665));
#6844 = CARTESIAN_POINT('',(71.220763662553,24.892632181532,
    6.348132535802));
#6845 = CARTESIAN_POINT('',(71.191511089369,25.046753117426,
    6.361823488335));
#6846 = CARTESIAN_POINT('',(71.171981565359,25.201810678729,
    6.370895837192));
#6847 = CARTESIAN_POINT('',(71.162598078433,25.35737470506,
    6.375257899106));
#6848 = CARTESIAN_POINT('',(71.164038281139,25.662674592682,
    6.374588431822));
#6849 = CARTESIAN_POINT('',(71.174131272645,25.812454475395,
    6.369896592866));
#6850 = CARTESIAN_POINT('',(71.193596688602,25.961733079137,
    6.360843259562));
#6851 = CARTESIAN_POINT('',(71.222035410805,26.110129358833,
    6.347513752955));
#6852 = CARTESIAN_POINT('',(71.258738454199,26.257360523429,
    6.330046235585));
#6853 = CARTESIAN_POINT('',(71.302844559538,26.403223743657,
    6.308602620015));
#6854 = CARTESIAN_POINT('',(71.353487492066,26.547580540866,
    6.283345344251));
#6855 = CARTESIAN_POINT('',(71.512264894462,26.94984499279,6.20185900796
    ));
#6856 = CARTESIAN_POINT('',(71.633486953382,27.203929850849,6.1372247347
    ));
#6857 = CARTESIAN_POINT('',(71.768835554818,27.452971264614,
    6.061281073776));
#6858 = CARTESIAN_POINT('',(71.914308047602,27.697308499978,
    5.974530635855));
#6859 = CARTESIAN_POINT('',(72.067101838706,27.9371213226,5.877243848141
    ));
#6860 = CARTESIAN_POINT('',(72.225082358913,28.172595911749,
    5.769510657122));
#6861 = CARTESIAN_POINT('',(72.386729577386,28.403936517306,
    5.651186160639));
#6862 = CARTESIAN_POINT('',(72.758159299918,28.918420322211,
    5.358514810546));
#6863 = CARTESIAN_POINT('',(72.969013635737,29.198643441237,
    5.177965285691));
#6864 = CARTESIAN_POINT('',(73.181117881178,29.47240578006,
    4.979438883871));
#6865 = CARTESIAN_POINT('',(73.392578948082,29.739318871791,
    4.761953945783));
#6866 = CARTESIAN_POINT('',(73.601509810758,29.99851976758,
    4.524392798255));
#6867 = CARTESIAN_POINT('',(73.805919160921,30.248665171534,
    4.265426083735));
#6868 = CARTESIAN_POINT('',(74.003615692051,30.487985187819,
    3.983552220057));
#6869 = CARTESIAN_POINT('',(74.264080942215,30.800597374759,
    3.559048049722));
#6870 = CARTESIAN_POINT('',(74.334772549318,30.885142791582,
    3.437928869043));
#6871 = CARTESIAN_POINT('',(74.403911434229,30.967566434376,
    3.313079963858));
#6872 = CARTESIAN_POINT('',(74.471320503181,31.047694511154,
    3.184411151412));
#6873 = CARTESIAN_POINT('',(74.536802006216,31.12532667676,
    3.051845032901));
#6874 = CARTESIAN_POINT('',(74.600138556115,31.200237687843,
    2.915319489419));
#6875 = CARTESIAN_POINT('',(74.661094147332,31.272179057834,
    2.774790177909));
#6876 = CARTESIAN_POINT('',(74.764872013388,31.394428465119,
    2.517561640431));
#6877 = CARTESIAN_POINT('',(74.808724895231,31.44600399583,
    2.402451529849));
#6878 = CARTESIAN_POINT('',(74.850853014312,31.495478429378,
    2.284896772361));
#6879 = CARTESIAN_POINT('',(74.891125008005,31.542710137565,
    2.164908400356));
#6880 = CARTESIAN_POINT('',(74.929401730706,31.587547934572,
    2.042517471658));
#6881 = CARTESIAN_POINT('',(74.965539027331,31.629834272848,
    1.917778139566));
#6882 = CARTESIAN_POINT('',(74.999390506822,31.669408439006,
    1.790770722892));
#6883 = CARTESIAN_POINT('',(75.078203230413,31.76146916006,1.46677384163
    ));
#6884 = CARTESIAN_POINT('',(75.120088164577,31.81032091423,
    1.266933295764));
#6885 = CARTESIAN_POINT('',(75.155923286894,31.852064942189,
    1.062587145431));
#6886 = CARTESIAN_POINT('',(75.185209481078,31.886148133365,
    0.854360133997));
#6887 = CARTESIAN_POINT('',(75.207514683262,31.912090498863,
    0.643007605665));
#6888 = CARTESIAN_POINT('',(75.222507484743,31.929522590578,
    0.429428351109));
#6889 = CARTESIAN_POINT('',(75.23,31.938234177215,0.214680434222));
#6890 = CARTESIAN_POINT('',(75.23,31.938234177215,1.7763568394E-15));
#6891 = PCURVE('',#6310,#6892);
#6892 = DEFINITIONAL_REPRESENTATION('',(#6893),#7078);
#6893 = B_SPLINE_CURVE_WITH_KNOTS('',8,(#6894,#6895,#6896,#6897,#6898,
    #6899,#6900,#6901,#6902,#6903,#6904,#6905,#6906,#6907,#6908,#6909,
    #6910,#6911,#6912,#6913,#6914,#6915,#6916,#6917,#6918,#6919,#6920,
    #6921,#6922,#6923,#6924,#6925,#6926,#6927,#6928,#6929,#6930,#6931,
    #6932,#6933,#6934,#6935,#6936,#6937,#6938,#6939,#6940,#6941,#6942,
    #6943,#6944,#6945,#6946,#6947,#6948,#6949,#6950,#6951,#6952,#6953,
    #6954,#6955,#6956,#6957,#6958,#6959,#6960,#6961,#6962,#6963,#6964,
    #6965,#6966,#6967,#6968,#6969,#6970,#6971,#6972,#6973,#6974,#6975,
    #6976,#6977,#6978,#6979,#6980,#6981,#6982,#6983,#6984,#6985,#6986,
    #6987,#6988,#6989,#6990,#6991,#6992,#6993,#6994,#6995,#6996,#6997,
    #6998,#6999,#7000,#7001,#7002,#7003,#7004,#7005,#7006,#7007,#7008,
    #7009,#7010,#7011,#7012,#7013,#7014,#7015,#7016,#7017,#7018,#7019,
    #7020,#7021,#7022,#7023,#7024,#7025,#7026,#7027,#7028,#7029,#7030,
    #7031,#7032,#7033,#7034,#7035,#7036,#7037,#7038,#7039,#7040,#7041,
    #7042,#7043,#7044,#7045,#7046,#7047,#7048,#7049,#7050,#7051,#7052,
    #7053,#7054,#7055,#7056,#7057,#7058,#7059,#7060,#7061,#7062,#7063,
    #7064,#7065,#7066,#7067,#7068,#7069,#7070,#7071,#7072,#7073,#7074,
    #7075,#7076,#7077),.UNSPECIFIED.,.F.,.F.,(9,7,7,7,7,7,7,7,7,7,7,7,7,
    7,7,7,7,7,7,7,7,7,7,7,7,7,9),(0.,3.366470397753E-02,
    5.498925910122E-02,8.363772849252E-02,0.158185534525,0.216492156096,
    0.250123758538,0.283565277283,0.34143925322,0.416513517617,
    0.445009709246,0.466338498483,0.47794000369,0.500283666772,
    0.522225583804,0.533830969882,0.555168499426,0.583803060541,
    0.658335551432,0.716719583072,0.750358875367,0.782760209423,
    0.841651331948,0.915963058176,0.944401084983,0.966566380144,1.),
  .UNSPECIFIED.);
#6894 = CARTESIAN_POINT('',(1.570796326795,13.068234177215));
#6895 = CARTESIAN_POINT('',(1.60154390704,13.068234177215));
#6896 = CARTESIAN_POINT('',(1.632301250276,13.059402460839));
#6897 = CARTESIAN_POINT('',(1.66293312926,13.041729894668));
#6898 = CARTESIAN_POINT('',(1.693330340557,13.015432724059));
#6899 = CARTESIAN_POINT('',(1.723403115098,12.980890399823));
#6900 = CARTESIAN_POINT('',(1.753076335759,12.938595124808));
#6901 = CARTESIAN_POINT('',(1.782286561976,12.889113120371));
#6902 = CARTESIAN_POINT('',(1.829156965621,12.797549836939));
#6903 = CARTESIAN_POINT('',(1.847132082191,12.759392426439));
#6904 = CARTESIAN_POINT('',(1.864897679901,12.718728490742));
#6905 = CARTESIAN_POINT('',(1.882447753514,12.675701064427));
#6906 = CARTESIAN_POINT('',(1.899778586892,12.630450443444));
#6907 = CARTESIAN_POINT('',(1.916888516146,12.583111521393));
#6908 = CARTESIAN_POINT('',(1.933777692797,12.533811125794));
#6909 = CARTESIAN_POINT('',(1.972843362226,12.413953577788));
#6910 = CARTESIAN_POINT('',(1.994841452223,12.341917958645));
#6911 = CARTESIAN_POINT('',(2.016448218649,12.266837388663));
#6912 = CARTESIAN_POINT('',(2.037671018537,12.188968613226));
#6913 = CARTESIAN_POINT('',(2.058518467983,12.108544424972));
#6914 = CARTESIAN_POINT('',(2.079000445898,12.025771857377));
#6915 = CARTESIAN_POINT('',(2.099128097769,11.940830378347));
#6916 = CARTESIAN_POINT('',(2.170399439209,11.62758577238));
#6917 = CARTESIAN_POINT('',(2.219508427999,11.387902286615));
#6918 = CARTESIAN_POINT('',(2.266526968245,11.137268671581));
#6919 = CARTESIAN_POINT('',(2.311602480761,10.877486564804));
#6920 = CARTESIAN_POINT('',(2.354833071161,10.609923869977));
#6921 = CARTESIAN_POINT('',(2.396258460844,10.335459425461));
#6922 = CARTESIAN_POINT('',(2.435870938437,10.054490142173));
#6923 = CARTESIAN_POINT('',(2.503014429562,9.541563930328));
#6924 = CARTESIAN_POINT('',(2.531248161631,9.312641464461));
#6925 = CARTESIAN_POINT('',(2.558208053974,9.07967085879));
#6926 = CARTESIAN_POINT('',(2.583768261286,8.842459807294));
#6927 = CARTESIAN_POINT('',(2.60770534326,8.600829720105));
#6928 = CARTESIAN_POINT('',(2.629694501811,8.354602945573));
#6929 = CARTESIAN_POINT('',(2.649240198606,8.103449327993));
#6930 = CARTESIAN_POINT('',(2.675248226636,7.699074974963));
#6931 = CARTESIAN_POINT('',(2.683744210303,7.549432005776));
#6932 = CARTESIAN_POINT('',(2.691096471848,7.39815225985));
#6933 = CARTESIAN_POINT('',(2.697170726485,7.245385686139));
#6934 = CARTESIAN_POINT('',(2.701830994338,7.091354521878));
#6935 = CARTESIAN_POINT('',(2.704964685385,6.936372096048));
#6936 = CARTESIAN_POINT('',(2.706509882503,6.780865167661));
#6937 = CARTESIAN_POINT('',(2.706427802234,6.470794134975));
#6938 = CARTESIAN_POINT('',(2.704818394756,6.316188618853));
#6939 = CARTESIAN_POINT('',(2.701640622254,6.162118135716));
#6940 = CARTESIAN_POINT('',(2.696957012971,6.008999775556));
#6941 = CARTESIAN_POINT('',(2.690878997752,5.85713943333));
#6942 = CARTESIAN_POINT('',(2.683540359618,5.706753479548));
#6943 = CARTESIAN_POINT('',(2.675072982804,5.557986940651));
#6944 = CARTESIAN_POINT('',(2.649206698831,5.156403245417));
#6945 = CARTESIAN_POINT('',(2.629810119375,4.90710311912));
#6946 = CARTESIAN_POINT('',(2.608004742253,4.662658795075));
#6947 = CARTESIAN_POINT('',(2.584275436868,4.422748468805));
#6948 = CARTESIAN_POINT('',(2.558941618995,4.187196294041));
#6949 = CARTESIAN_POINT('',(2.532223468543,3.955825887675));
#6950 = CARTESIAN_POINT('',(2.504245994531,3.728447128179));
#6951 = CARTESIAN_POINT('',(2.437177672261,3.214745083319));
#6952 = CARTESIAN_POINT('',(2.397336460193,2.931611325428));
#6953 = CARTESIAN_POINT('',(2.355656337461,2.655061643523));
#6954 = CARTESIAN_POINT('',(2.312146190551,2.38549520851));
#6955 = CARTESIAN_POINT('',(2.266766324472,2.123805246897));
#6956 = CARTESIAN_POINT('',(2.219416776413,1.871387793991));
#6957 = CARTESIAN_POINT('',(2.169947296979,1.63008281709));
#6958 = CARTESIAN_POINT('',(2.09837049911,1.315974459181));
#6959 = CARTESIAN_POINT('',(2.078338339227,1.23155365622));
#6960 = CARTESIAN_POINT('',(2.057955322815,1.149283621138));
#6961 = CARTESIAN_POINT('',(2.037210490429,1.069341488148));
#6962 = CARTESIAN_POINT('',(2.016094130908,0.991931400119));
#6963 = CARTESIAN_POINT('',(1.994597779198,0.917282737228));
#6964 = CARTESIAN_POINT('',(1.972714214188,0.845648345598));
#6965 = CARTESIAN_POINT('',(1.933763780449,0.726147563078));
#6966 = CARTESIAN_POINT('',(1.916870991743,0.676838544623));
#6967 = CARTESIAN_POINT('',(1.899757359745,0.62949188214));
#6968 = CARTESIAN_POINT('',(1.882422733759,0.584234486171));
#6969 = CARTESIAN_POINT('',(1.864868780187,0.541201339262));
#6970 = CARTESIAN_POINT('',(1.847099219659,0.500532828967));
#6971 = CARTESIAN_POINT('',(1.829120064169,0.462372080859));
#6972 = CARTESIAN_POINT('',(1.801050975921,0.407547223963));
#6973 = CARTESIAN_POINT('',(1.791102745627,0.389016698143));
#6974 = CARTESIAN_POINT('',(1.781096674772,0.371293856957));
#6975 = CARTESIAN_POINT('',(1.771034520845,0.354401774582));
#6976 = CARTESIAN_POINT('',(1.760918308279,0.338363209623));
#6977 = CARTESIAN_POINT('',(1.750750349369,0.323200358225));
#6978 = CARTESIAN_POINT('',(1.740533265183,0.308934607189));
#6979 = CARTESIAN_POINT('',(1.71050370974,0.269878384373));
#6980 = CARTESIAN_POINT('',(1.690563469625,0.247570105738));
#6981 = CARTESIAN_POINT('',(1.67047348419,0.22881164035));
#6982 = CARTESIAN_POINT('',(1.650259538296,0.213732197717));
#6983 = CARTESIAN_POINT('',(1.629949480038,0.20243515375));
#6984 = CARTESIAN_POINT('',(1.60957369717,0.194993196812));
#6985 = CARTESIAN_POINT('',(1.589165593521,0.191443473783));
#6986 = CARTESIAN_POINT('',(1.548725399146,0.192115898403));
#6987 = CARTESIAN_POINT('',(1.528689271861,0.196199509559));
#6988 = CARTESIAN_POINT('',(1.508688470185,0.204032038336));
#6989 = CARTESIAN_POINT('',(1.48875447746,0.215574647962));
#6990 = CARTESIAN_POINT('',(1.468915909056,0.230755754554));
#6991 = CARTESIAN_POINT('',(1.449198947668,0.249475585538));
#6992 = CARTESIAN_POINT('',(1.429627778608,0.271610738066));
#6993 = CARTESIAN_POINT('',(1.399962638053,0.310457382817));
#6994 = CARTESIAN_POINT('',(1.3897466913,0.324812447059));
#6995 = CARTESIAN_POINT('',(1.379580117929,0.340063504491));
#6996 = CARTESIAN_POINT('',(1.369465521408,0.356189087846));
#6997 = CARTESIAN_POINT('',(1.359405196497,0.373166934747));
#6998 = CARTESIAN_POINT('',(1.349401150156,0.390974234199));
#6999 = CARTESIAN_POINT('',(1.339455122446,0.409587873082));
#7000 = CARTESIAN_POINT('',(1.311391374499,0.464647433918));
#7001 = CARTESIAN_POINT('',(1.293415774008,0.502956894193));
#7002 = CARTESIAN_POINT('',(1.275650239189,0.543769683891));
#7003 = CARTESIAN_POINT('',(1.258100688675,0.586942607038));
#7004 = CARTESIAN_POINT('',(1.240770761967,0.632335299913));
#7005 = CARTESIAN_POINT('',(1.223662054892,0.679812879691));
#7006 = CARTESIAN_POINT('',(1.206774355065,0.729248593087));
#7007 = CARTESIAN_POINT('',(1.167737095482,0.849340399342));
#7008 = CARTESIAN_POINT('',(1.145765229248,0.921465100744));
#7009 = CARTESIAN_POINT('',(1.124184085723,0.996622855495));
#7010 = CARTESIAN_POINT('',(1.102986247349,1.074558073874));
#7011 = CARTESIAN_POINT('',(1.082163064865,1.155039064186));
#7012 = CARTESIAN_POINT('',(1.061704650242,1.237859806809));
#7013 = CARTESIAN_POINT('',(1.041599869617,1.322841728237));
#7014 = CARTESIAN_POINT('',(0.970394116944,1.636270258653));
#7015 = CARTESIAN_POINT('',(0.921325023941,1.876065418419));
#7016 = CARTESIAN_POINT('',(0.874343597628,2.126782323751));
#7017 = CARTESIAN_POINT('',(0.829302873944,2.386627132406));
#7018 = CARTESIAN_POINT('',(0.786105306513,2.654238236502));
#7019 = CARTESIAN_POINT('',(0.744711846194,2.928741458287));
#7020 = CARTESIAN_POINT('',(0.705131124993,3.209743222783));
#7021 = CARTESIAN_POINT('',(0.638001231708,3.723065576456));
#7022 = CARTESIAN_POINT('',(0.609752801798,3.952363469443));
#7023 = CARTESIAN_POINT('',(0.582783363912,4.185722201913));
#7024 = CARTESIAN_POINT('',(0.557220124666,4.42333722553));
#7025 = CARTESIAN_POINT('',(0.533288937055,4.665388947115));
#7026 = CARTESIAN_POINT('',(0.511317940039,4.912055269352));
#7027 = CARTESIAN_POINT('',(0.49180794625,5.163667050728));
#7028 = CARTESIAN_POINT('',(0.465901342141,5.568623650297));
#7029 = CARTESIAN_POINT('',(0.457454119208,5.718377456377));
#7030 = CARTESIAN_POINT('',(0.450156287604,5.869764932841));
#7031 = CARTESIAN_POINT('',(0.444142389876,6.022632181532));
#7032 = CARTESIAN_POINT('',(0.439548111041,6.176753117426));
#7033 = CARTESIAN_POINT('',(0.436484959725,6.331810678729));
#7034 = CARTESIAN_POINT('',(0.435013009192,6.48737470506));
#7035 = CARTESIAN_POINT('',(0.435238926287,6.792674592682));
#7036 = CARTESIAN_POINT('',(0.436822171537,6.942454475395));
#7037 = CARTESIAN_POINT('',(0.439875912368,7.091733079137));
#7038 = CARTESIAN_POINT('',(0.444343538114,7.240129358833));
#7039 = CARTESIAN_POINT('',(0.450125326774,7.387360523429));
#7040 = CARTESIAN_POINT('',(0.457100988751,7.533223743657));
#7041 = CARTESIAN_POINT('',(0.465150504778,7.677580540866));
#7042 = CARTESIAN_POINT('',(0.490536918105,8.07984499279));
#7043 = CARTESIAN_POINT('',(0.51007602046,8.333929850849));
#7044 = CARTESIAN_POINT('',(0.532144108338,8.582971264614));
#7045 = CARTESIAN_POINT('',(0.556219586838,8.827308499978));
#7046 = CARTESIAN_POINT('',(0.58196229023,9.0671213226));
#7047 = CARTESIAN_POINT('',(0.609138150853,9.302595911749));
#7048 = CARTESIAN_POINT('',(0.637616100052,9.533936517306));
#7049 = CARTESIAN_POINT('',(0.704882262859,10.048420322211));
#7050 = CARTESIAN_POINT('',(0.744336330282,10.328643441237));
#7051 = CARTESIAN_POINT('',(0.785593120357,10.602405780061));
#7052 = CARTESIAN_POINT('',(0.828643307463,10.869318871789));
#7053 = CARTESIAN_POINT('',(0.873525113372,11.128519767581));
#7054 = CARTESIAN_POINT('',(0.920334690209,11.378665171534));
#7055 = CARTESIAN_POINT('',(0.969217355287,11.617985187819));
#7056 = CARTESIAN_POINT('',(1.040062604763,11.930597374759));
#7057 = CARTESIAN_POINT('',(1.060006509745,12.015142791582));
#7058 = CARTESIAN_POINT('',(1.080298590526,12.097566434376));
#7059 = CARTESIAN_POINT('',(1.100949755365,12.177694511154));
#7060 = CARTESIAN_POINT('',(1.121969739507,12.25532667676));
#7061 = CARTESIAN_POINT('',(1.14336711903,12.330237687843));
#7062 = CARTESIAN_POINT('',(1.165149324679,12.402179057834));
#7063 = CARTESIAN_POINT('',(1.204605093422,12.524428465119));
#7064 = CARTESIAN_POINT('',(1.22212389104,12.57600399583));
#7065 = CARTESIAN_POINT('',(1.239881213303,12.625478429378));
#7066 = CARTESIAN_POINT('',(1.257877419339,12.672710137565));
#7067 = CARTESIAN_POINT('',(1.276110779671,12.717547934572));
#7068 = CARTESIAN_POINT('',(1.294577193228,12.759834272848));
#7069 = CARTESIAN_POINT('',(1.313269904343,12.799408439006));
#7070 = CARTESIAN_POINT('',(1.360701594917,12.89146916006));
#7071 = CARTESIAN_POINT('',(1.389731178182,12.94032091423));
#7072 = CARTESIAN_POINT('',(1.419215534219,12.982064942189));
#7073 = CARTESIAN_POINT('',(1.44909202962,13.016148133365));
#7074 = CARTESIAN_POINT('',(1.479286674613,13.042090498863));
#7075 = CARTESIAN_POINT('',(1.509711228583,13.059522590578));
#7076 = CARTESIAN_POINT('',(1.540258569438,13.068234177215));
#7077 = CARTESIAN_POINT('',(1.570796326795,13.068234177215));
#7078 = ( GEOMETRIC_REPRESENTATION_CONTEXT(2) 
PARAMETRIC_REPRESENTATION_CONTEXT() REPRESENTATION_CONTEXT('2D SPACE',''
  ) );
#7079 = PCURVE('',#7080,#7111);
#7080 = B_SPLINE_SURFACE_WITH_KNOTS('',14,1,(
    (#7081,#7082)
    ,(#7083,#7084)
    ,(#7085,#7086)
    ,(#7087,#7088)
    ,(#7089,#7090)
    ,(#7091,#7092)
    ,(#7093,#7094)
    ,(#7095,#7096)
    ,(#7097,#7098)
    ,(#7099,#7100)
    ,(#7101,#7102)
    ,(#7103,#7104)
    ,(#7105,#7106)
    ,(#7107,#7108)
    ,(#7109,#7110
    )),.UNSPECIFIED.,.T.,.F.,.F.,(1,14,14,1),(2,2),(-6.28318530718,0.,
    6.28318530718,12.566370614359),(0.,1.),.UNSPECIFIED.);
#7081 = CARTESIAN_POINT('',(68.2,32.53,9.585395327885E-16));
#7082 = CARTESIAN_POINT('',(84.,31.2,-2.8065920263E-15));
#7083 = CARTESIAN_POINT('',(68.2,32.530000000001,2.975537041902));
#7084 = CARTESIAN_POINT('',(84.,31.2,2.365170469204));
#7085 = CARTESIAN_POINT('',(68.2,31.005092040766,5.951075182139));
#7086 = CARTESIAN_POINT('',(84.000000000003,29.963588141162,
    4.730341811445));
#7087 = CARTESIAN_POINT('',(68.2,27.955274172854,8.173592267779));
#7088 = CARTESIAN_POINT('',(83.999999999988,27.490762842854,
    6.496957956437));
#7089 = CARTESIAN_POINT('',(68.2,23.836627378397,8.89015106033));
#7090 = CARTESIAN_POINT('',(84.000000000037,24.151319495999,
    7.06653033001));
#7091 = CARTESIAN_POINT('',(68.2,19.561227107348,7.617716588491));
#7092 = CARTESIAN_POINT('',(83.99999999992,20.684778735684,
    6.055108057514));
#7093 = CARTESIAN_POINT('',(68.2,16.297436837363,4.414819176112));
#7094 = CARTESIAN_POINT('',(84.00000000013,18.038462300569,
    3.509215242555));
#7095 = CARTESIAN_POINT('',(68.2,15.068684927574,7.623235376287E-11));
#7096 = CARTESIAN_POINT('',(83.999999999837,17.042176968299,
    5.836753302902E-11));
#7097 = CARTESIAN_POINT('',(68.2,16.297436837361,-4.414819176252));
#7098 = CARTESIAN_POINT('',(84.000000000162,18.038462300566,
    -3.509215242662));
#7099 = CARTESIAN_POINT('',(68.2,19.561227107351,-7.617716588383));
#7100 = CARTESIAN_POINT('',(83.999999999872,20.684778735689,
    -6.055108057431));
#7101 = CARTESIAN_POINT('',(68.2,23.836627378394,-8.890151060398));
#7102 = CARTESIAN_POINT('',(84.000000000081,24.151319495995,
    -7.066530330062));
#7103 = CARTESIAN_POINT('',(68.2,27.955274172856,-8.173592267744));
#7104 = CARTESIAN_POINT('',(83.999999999961,27.490762842857,
    -6.496957956411));
#7105 = CARTESIAN_POINT('',(68.2,31.005092040766,-5.951075182152));
#7106 = CARTESIAN_POINT('',(84.000000000014,29.963588141161,
    -4.730341811454));
#7107 = CARTESIAN_POINT('',(68.2,32.530000000001,-2.975537041899));
#7108 = CARTESIAN_POINT('',(83.999999999997,31.200000000001,
    -2.365170469202));
#7109 = CARTESIAN_POINT('',(68.2,32.53,9.585395327885E-16));
#7110 = CARTESIAN_POINT('',(84.,31.2,-2.8065920263E-15));
#7111 = DEFINITIONAL_REPRESENTATION('',(#7112),#7297);
#7112 = B_SPLINE_CURVE_WITH_KNOTS('',8,(#7113,#7114,#7115,#7116,#7117,
    #7118,#7119,#7120,#7121,#7122,#7123,#7124,#7125,#7126,#7127,#7128,
    #7129,#7130,#7131,#7132,#7133,#7134,#7135,#7136,#7137,#7138,#7139,
    #7140,#7141,#7142,#7143,#7144,#7145,#7146,#7147,#7148,#7149,#7150,
    #7151,#7152,#7153,#7154,#7155,#7156,#7157,#7158,#7159,#7160,#7161,
    #7162,#7163,#7164,#7165,#7166,#7167,#7168,#7169,#7170,#7171,#7172,
    #7173,#7174,#7175,#7176,#7177,#7178,#7179,#7180,#7181,#7182,#7183,
    #7184,#7185,#7186,#7187,#7188,#7189,#7190,#7191,#7192,#7193,#7194,
    #7195,#7196,#7197,#7198,#7199,#7200,#7201,#7202,#7203,#7204,#7205,
    #7206,#7207,#7208,#7209,#7210,#7211,#7212,#7213,#7214,#7215,#7216,
    #7217,#7218,#7219,#7220,#7221,#7222,#7223,#7224,#7225,#7226,#7227,
    #7228,#7229,#7230,#7231,#7232,#7233,#7234,#7235,#7236,#7237,#7238,
    #7239,#7240,#7241,#7242,#7243,#7244,#7245,#7246,#7247,#7248,#7249,
    #7250,#7251,#7252,#7253,#7254,#7255,#7256,#7257,#7258,#7259,#7260,
    #7261,#7262,#7263,#7264,#7265,#7266,#7267,#7268,#7269,#7270,#7271,
    #7272,#7273,#7274,#7275,#7276,#7277,#7278,#7279,#7280,#7281,#7282,
    #7283,#7284,#7285,#7286,#7287,#7288,#7289,#7290,#7291,#7292,#7293,
    #7294,#7295,#7296),.UNSPECIFIED.,.F.,.F.,(9,7,7,7,7,7,7,7,7,7,7,7,7,
    7,7,7,7,7,7,7,7,7,7,7,7,7,9),(0.,3.366470397753E-02,
    5.498925910122E-02,8.363772849252E-02,0.158185534525,0.216492156096,
    0.250123758538,0.283565277283,0.34143925322,0.416513517617,
    0.445009709246,0.466338498483,0.47794000369,0.500283666772,
    0.522225583804,0.533830969882,0.555168499426,0.583803060541,
    0.658335551432,0.716719583072,0.750358875367,0.782760209423,
    0.841651331948,0.915963058176,0.944401084983,0.966566380144,1.),
  .UNSPECIFIED.);
#7113 = CARTESIAN_POINT('',(6.28318530718,0.444936708861));
#7114 = CARTESIAN_POINT('',(6.247308199065,0.444936708861));
#7115 = CARTESIAN_POINT('',(6.211419703074,0.444455959892));
#7116 = CARTESIAN_POINT('',(6.175674481214,0.443493958111));
#7117 = CARTESIAN_POINT('',(6.140196861663,0.44206293506));
#7118 = CARTESIAN_POINT('',(6.105088449312,0.440184434284));
#7119 = CARTESIAN_POINT('',(6.0704336527,0.437886498927));
#7120 = CARTESIAN_POINT('',(6.036303127346,0.43520147031));
#7121 = CARTESIAN_POINT('',(5.981504510406,0.430240595454));
#7122 = CARTESIAN_POINT('',(5.960480580729,0.428174884304));
#7123 = CARTESIAN_POINT('',(5.939692390312,0.425975486982));
#7124 = CARTESIAN_POINT('',(5.919146002703,0.423650650113));
#7125 = CARTESIAN_POINT('',(5.898844767233,0.421208497671));
#7126 = CARTESIAN_POINT('',(5.878789585134,0.418656884612));
#7127 = CARTESIAN_POINT('',(5.858979175645,0.416003250525));
#7128 = CARTESIAN_POINT('',(5.813120596573,0.409561629002));
#7129 = CARTESIAN_POINT('',(5.78726935675,0.405697428067));
#7130 = CARTESIAN_POINT('',(5.761846615413,0.401678422786));
#7131 = CARTESIAN_POINT('',(5.736840698875,0.397520022108));
#7132 = CARTESIAN_POINT('',(5.712238186827,0.393236419339));
#7133 = CARTESIAN_POINT('',(5.688023832179,0.388840519866));
#7134 = CARTESIAN_POINT('',(5.664180480883,0.384343868883));
#7135 = CARTESIAN_POINT('',(5.579560456445,0.367819732406));
#7136 = CARTESIAN_POINT('',(5.520887349136,0.355283465304));
#7137 = CARTESIAN_POINT('',(5.464253616944,0.342315359313));
#7138 = CARTESIAN_POINT('',(5.409381110342,0.329055963548));
#7139 = CARTESIAN_POINT('',(5.356019301033,0.31563278499));
#7140 = CARTESIAN_POINT('',(5.303931419474,0.302166353764));
#7141 = CARTESIAN_POINT('',(5.252864802373,0.288777236057));
#7142 = CARTESIAN_POINT('',(5.163119974397,0.265324666892));
#7143 = CARTESIAN_POINT('',(5.124232460043,0.255189374288));
#7144 = CARTESIAN_POINT('',(5.085674880493,0.245279233752));
#7145 = CARTESIAN_POINT('',(5.047315204465,0.235687220028));
#7146 = CARTESIAN_POINT('',(5.009035888505,0.226543046778));
#7147 = CARTESIAN_POINT('',(4.970724219024,0.218016739104));
#7148 = CARTESIAN_POINT('',(4.932242809538,0.210349706899));
#7149 = CARTESIAN_POINT('',(4.87104988398,0.200063423317));
#7150 = CARTESIAN_POINT('',(4.848562829948,0.196682138388));
#7151 = CARTESIAN_POINT('',(4.825966601068,0.193740547308));
#7152 = CARTESIAN_POINT('',(4.803262035475,0.191300031461));
#7153 = CARTESIAN_POINT('',(4.780457684786,0.189422229711));
#7154 = CARTESIAN_POINT('',(4.757572244174,0.188157803095));
#7155 = CARTESIAN_POINT('',(4.73463865897,0.187534354695));
#7156 = CARTESIAN_POINT('',(4.688909211621,0.187567472157));
#7157 = CARTESIAN_POINT('',(4.666107245697,0.188216827971));
#7158 = CARTESIAN_POINT('',(4.643354158269,0.189498943215));
#7159 = CARTESIAN_POINT('',(4.620682042687,0.191385930272));
#7160 = CARTESIAN_POINT('',(4.598109044724,0.193827641986));
#7161 = CARTESIAN_POINT('',(4.575643324995,0.196763427414));
#7162 = CARTESIAN_POINT('',(4.553285388116,0.200132990058));
#7163 = CARTESIAN_POINT('',(4.492509474549,0.210362506303));
#7164 = CARTESIAN_POINT('',(4.454311596443,0.217970785967));
#7165 = CARTESIAN_POINT('',(4.416281385939,0.226426258225));
#7166 = CARTESIAN_POINT('',(4.37828458087,0.235492757923));
#7167 = CARTESIAN_POINT('',(4.340210622829,0.245003266537));
#7168 = CARTESIAN_POINT('',(4.301944372704,0.25483026558));
#7169 = CARTESIAN_POINT('',(4.263356631696,0.264882094326));
#7170 = CARTESIAN_POINT('',(4.173594649473,0.28833617525));
#7171 = CARTESIAN_POINT('',(4.122197037254,0.301817858712));
#7172 = CARTESIAN_POINT('',(4.069768996721,0.315380803938));
#7173 = CARTESIAN_POINT('',(4.016052654332,0.328901841399));
#7174 = CARTESIAN_POINT('',(3.960806645688,0.342257906189));
#7175 = CARTESIAN_POINT('',(3.903775426742,0.355318849387));
#7176 = CARTESIAN_POINT('',(3.844675401552,0.36794117214));
#7177 = CARTESIAN_POINT('',(3.75970004832,0.384513022374));
#7178 = CARTESIAN_POINT('',(3.735971379758,0.388982560225));
#7179 = CARTESIAN_POINT('',(3.711875196804,0.393352103761));
#7180 = CARTESIAN_POINT('',(3.687394637149,0.397610265887));
#7181 = CARTESIAN_POINT('',(3.662514713818,0.401744326211));
#7182 = CARTESIAN_POINT('',(3.637222238961,0.405740302166));
#7183 = CARTESIAN_POINT('',(3.611505747644,0.409583020129));
#7184 = CARTESIAN_POINT('',(3.565782462599,0.416005472944));
#7185 = CARTESIAN_POINT('',(3.54596782764,0.418659574072));
#7186 = CARTESIAN_POINT('',(3.525908318748,0.421211607711));
#7187 = CARTESIAN_POINT('',(3.505602655474,0.423654129438));
#7188 = CARTESIAN_POINT('',(3.485051741378,0.425979279154));
#7189 = CARTESIAN_POINT('',(3.464258930462,0.428178927624));
#7190 = CARTESIAN_POINT('',(3.443230293607,0.430244823016));
#7191 = CARTESIAN_POINT('',(3.410413294209,0.433215224552));
#7192 = CARTESIAN_POINT('',(3.39878476523,0.434219692986));
#7193 = CARTESIAN_POINT('',(3.387090915549,0.435180813696));
#7194 = CARTESIAN_POINT('',(3.375333652743,0.436097264057));
#7195 = CARTESIAN_POINT('',(3.363515198563,0.436967741652));
#7196 = CARTESIAN_POINT('',(3.351638113009,0.43779097807));
#7197 = CARTESIAN_POINT('',(3.339705318399,0.438565752702));
#7198 = CARTESIAN_POINT('',(3.304637501548,0.440687500569));
#7199 = CARTESIAN_POINT('',(3.281357395588,0.44190022197));
#7200 = CARTESIAN_POINT('',(3.257907084444,0.442920519684));
#7201 = CARTESIAN_POINT('',(3.234315717759,0.443741044932));
#7202 = CARTESIAN_POINT('',(3.210614866961,0.444355923764));
#7203 = CARTESIAN_POINT('',(3.186839076278,0.444761029606));
#7204 = CARTESIAN_POINT('',(3.16302641376,0.444954255817));
#7205 = CARTESIAN_POINT('',(3.115839695181,0.444917652712));
#7206 = CARTESIAN_POINT('',(3.092460931307,0.444695364417));
#7207 = CARTESIAN_POINT('',(3.06912246002,0.444269008694));
#7208 = CARTESIAN_POINT('',(3.045860156221,0.443640788245));
#7209 = CARTESIAN_POINT('',(3.022706543764,0.442814767209));
#7210 = CARTESIAN_POINT('',(2.999691298855,0.441796615237));
#7211 = CARTESIAN_POINT('',(2.976841753448,0.440593351565));
#7212 = CARTESIAN_POINT('',(2.942199078633,0.438483049015));
#7213 = CARTESIAN_POINT('',(2.93026745731,0.437703447653));
#7214 = CARTESIAN_POINT('',(2.918391822505,0.43687544953));
#7215 = CARTESIAN_POINT('',(2.906575075727,0.436000279947));
#7216 = CARTESIAN_POINT('',(2.894819756229,0.435079211218));
#7217 = CARTESIAN_POINT('',(2.88312806506,0.434113548895));
#7218 = CARTESIAN_POINT('',(2.871501889128,0.433104617993));
#7219 = CARTESIAN_POINT('',(2.838690463187,0.430121633963));
#7220 = CARTESIAN_POINT('',(2.817665500099,0.428047790295));
#7221 = CARTESIAN_POINT('',(2.796876862533,0.425840457788));
#7222 = CARTESIAN_POINT('',(2.776330509672,0.423507893704));
#7223 = CARTESIAN_POINT('',(2.756029697759,0.421058227509));
#7224 = CARTESIAN_POINT('',(2.735975244532,0.418499315401));
#7225 = CARTESIAN_POINT('',(2.716165793647,0.415838594826));
#7226 = CARTESIAN_POINT('',(2.67033857625,0.409384900999));
#7227 = CARTESIAN_POINT('',(2.644516909057,0.405516256176));
#7228 = CARTESIAN_POINT('',(2.619122960932,0.40149349314));
#7229 = CARTESIAN_POINT('',(2.59414498403,0.397331958424));
#7230 = CARTESIAN_POINT('',(2.569569515153,0.393045786065));
#7231 = CARTESIAN_POINT('',(2.545381291644,0.38864782719));
#7232 = CARTESIAN_POINT('',(2.521563167281,0.384149579594));
#7233 = CARTESIAN_POINT('',(2.437013746341,0.367617874298));
#7234 = CARTESIAN_POINT('',(2.378381947911,0.355077690925));
#7235 = CARTESIAN_POINT('',(2.321785213339,0.342107641369));
#7236 = CARTESIAN_POINT('',(2.266945672543,0.328847936308));
#7237 = CARTESIAN_POINT('',(2.213613097406,0.315425865428));
#7238 = CARTESIAN_POINT('',(2.161550982589,0.301961893363));
#7239 = CARTESIAN_POINT('',(2.110506961462,0.288576689168));
#7240 = CARTESIAN_POINT('',(2.020736823777,0.265118555923));
#7241 = CARTESIAN_POINT('',(1.981804284977,0.25497362343));
#7242 = CARTESIAN_POINT('',(1.943200521736,0.245055855902));
#7243 = CARTESIAN_POINT('',(1.904792831861,0.235458887359));
#7244 = CARTESIAN_POINT('',(1.866463198044,0.226313529288));
#7245 = CARTESIAN_POINT('',(1.82809860718,0.217791305924));
#7246 = CARTESIAN_POINT('',(1.789561152036,0.210135957324));
#7247 = CARTESIAN_POINT('',(1.728299475513,0.199887218097));
#7248 = CARTESIAN_POINT('',(1.705802043327,0.196524593555));
#7249 = CARTESIAN_POINT('',(1.683195147816,0.193604220112));
#7250 = CARTESIAN_POINT('',(1.66048011005,0.191187573579));
#7251 = CARTESIAN_POINT('',(1.637665923507,0.189336144897));
#7252 = CARTESIAN_POINT('',(1.614771712559,0.188100099073));
#7253 = CARTESIAN_POINT('',(1.591830841695,0.187506207496));
#7254 = CARTESIAN_POINT('',(1.546804930107,0.187597359566));
#7255 = CARTESIAN_POINT('',(1.524713527744,0.188236156496));
#7256 = CARTESIAN_POINT('',(1.502667614293,0.189468144848));
#7257 = CARTESIAN_POINT('',(1.480696682217,0.191268063975));
#7258 = CARTESIAN_POINT('',(1.458817855058,0.193591041405));
#7259 = CARTESIAN_POINT('',(1.437039268857,0.196382567059));
#7260 = CARTESIAN_POINT('',(1.415362118921,0.199587815954));
#7261 = CARTESIAN_POINT('',(1.35455546526,0.209637018637));
#7262 = CARTESIAN_POINT('',(1.315672227657,0.217309300847));
#7263 = CARTESIAN_POINT('',(1.276970787991,0.225875668026));
#7264 = CARTESIAN_POINT('',(1.238309543978,0.235082787823));
#7265 = CARTESIAN_POINT('',(1.199573125585,0.244753280931));
#7266 = CARTESIAN_POINT('',(1.160640571203,0.254752048032));
#7267 = CARTESIAN_POINT('',(1.121375459141,0.264982884645));
#7268 = CARTESIAN_POINT('',(1.031412692691,0.288491094931));
#7269 = CARTESIAN_POINT('',(0.980522477422,0.301836306059));
#7270 = CARTESIAN_POINT('',(0.928621611216,0.315260625391));
#7271 = CARTESIAN_POINT('',(0.87546003494,0.32864423722));
#7272 = CARTESIAN_POINT('',(0.820803292383,0.341867709542));
#7273 = CARTESIAN_POINT('',(0.76440341282,0.354805010185));
#7274 = CARTESIAN_POINT('',(0.705984937149,0.367317448864));
#7275 = CARTESIAN_POINT('',(0.621851643854,0.383802591279));
#7276 = CARTESIAN_POINT('',(0.598220732179,0.388276743628));
#7277 = CARTESIAN_POINT('',(0.574225761997,0.39265262242));
#7278 = CARTESIAN_POINT('',(0.549849913162,0.396919019189));
#7279 = CARTESIAN_POINT('',(0.525078155511,0.401063418115));
#7280 = CARTESIAN_POINT('',(0.499897158879,0.405072060514));
#7281 = CARTESIAN_POINT('',(0.47429520311,0.408930009325));
#7282 = CARTESIAN_POINT('',(0.427971240077,0.415498228695));
#7283 = CARTESIAN_POINT('',(0.407419932356,0.418273727546));
#7284 = CARTESIAN_POINT('',(0.386604304011,0.420940064197));
#7285 = CARTESIAN_POINT('',(0.365522688762,0.423488924557));
#7286 = CARTESIAN_POINT('',(0.344175932678,0.425911501943));
#7287 = CARTESIAN_POINT('',(0.322567711915,0.428198672616));
#7288 = CARTESIAN_POINT('',(0.300704850455,0.430341171318));
#7289 = CARTESIAN_POINT('',(0.245251628376,0.435329318381));
#7290 = CARTESIAN_POINT('',(0.21133285109,0.437980263581));
#7291 = CARTESIAN_POINT('',(0.176899065146,0.440248309297));
#7292 = CARTESIAN_POINT('',(0.142020056668,0.442101865891));
#7293 = CARTESIAN_POINT('',(0.106778986642,0.443513587548));
#7294 = CARTESIAN_POINT('',(7.127574074068E-02,0.444462499034));
#7295 = CARTESIAN_POINT('',(3.563228109479E-02,0.444936708861));
#7296 = CARTESIAN_POINT('',(0.,0.444936708861));
#7297 = ( GEOMETRIC_REPRESENTATION_CONTEXT(2) 
PARAMETRIC_REPRESENTATION_CONTEXT() REPRESENTATION_CONTEXT('2D SPACE',''
  ) );
#7298 = ADVANCED_FACE('',(#7299),#7080,.T.);
#7299 = FACE_BOUND('',#7300,.T.);
#7300 = EDGE_LOOP('',(#7301,#7323,#7324,#7325,#7354));
#7301 = ORIENTED_EDGE('',*,*,#7302,.F.);
#7302 = EDGE_CURVE('',#6703,#7303,#7305,.T.);
#7303 = VERTEX_POINT('',#7304);
#7304 = CARTESIAN_POINT('',(84.,31.2,0.));
#7305 = SEAM_CURVE('',#7306,(#7309,#7316),.PCURVE_S1.);
#7306 = B_SPLINE_CURVE_WITH_KNOTS('',1,(#7307,#7308),.UNSPECIFIED.,.F.,
  .F.,(2,2),(0.,1.),.PIECEWISE_BEZIER_KNOTS.);
#7307 = CARTESIAN_POINT('',(68.2,32.53,9.585395327885E-16));
#7308 = CARTESIAN_POINT('',(84.,31.2,-2.8065920263E-15));
#7309 = PCURVE('',#7080,#7310);
#7310 = DEFINITIONAL_REPRESENTATION('',(#7311),#7315);
#7311 = LINE('',#7312,#7313);
#7312 = CARTESIAN_POINT('',(0.,0.));
#7313 = VECTOR('',#7314,1.);
#7314 = DIRECTION('',(0.,1.));
#7315 = ( GEOMETRIC_REPRESENTATION_CONTEXT(2) 
PARAMETRIC_REPRESENTATION_CONTEXT() REPRESENTATION_CONTEXT('2D SPACE',''
  ) );
#7316 = PCURVE('',#7080,#7317);
#7317 = DEFINITIONAL_REPRESENTATION('',(#7318),#7322);
#7318 = LINE('',#7319,#7320);
#7319 = CARTESIAN_POINT('',(6.28318530718,0.));
#7320 = VECTOR('',#7321,1.);
#7321 = DIRECTION('',(0.,1.));
#7322 = ( GEOMETRIC_REPRESENTATION_CONTEXT(2) 
PARAMETRIC_REPRESENTATION_CONTEXT() REPRESENTATION_CONTEXT('2D SPACE',''
  ) );
#7323 = ORIENTED_EDGE('',*,*,#6702,.F.);
#7324 = ORIENTED_EDGE('',*,*,#7302,.T.);
#7325 = ORIENTED_EDGE('',*,*,#7326,.F.);
#7326 = EDGE_CURVE('',#7327,#7303,#7329,.T.);
#7327 = VERTEX_POINT('',#7328);
#7328 = CARTESIAN_POINT('',(84.,19.8,8.106477412046E-14));
#7329 = SURFACE_CURVE('',#7330,(#7335,#7342),.PCURVE_S1.);
#7330 = ELLIPSE('',#7331,5.7,5.27);
#7331 = AXIS2_PLACEMENT_3D('',#7332,#7333,#7334);
#7332 = CARTESIAN_POINT('',(84.,25.5,0.));
#7333 = DIRECTION('',(1.,0.,0.));
#7334 = DIRECTION('',(0.,1.,0.));
#7335 = PCURVE('',#7080,#7336);
#7336 = DEFINITIONAL_REPRESENTATION('',(#7337),#7341);
#7337 = LINE('',#7338,#7339);
#7338 = CARTESIAN_POINT('',(0.,1.));
#7339 = VECTOR('',#7340,1.);
#7340 = DIRECTION('',(1.,0.));
#7341 = ( GEOMETRIC_REPRESENTATION_CONTEXT(2) 
PARAMETRIC_REPRESENTATION_CONTEXT() REPRESENTATION_CONTEXT('2D SPACE',''
  ) );
#7342 = PCURVE('',#7343,#7348);
#7343 = PLANE('',#7344);
#7344 = AXIS2_PLACEMENT_3D('',#7345,#7346,#7347);
#7345 = CARTESIAN_POINT('',(84.,25.5,0.));
#7346 = DIRECTION('',(1.,0.,0.));
#7347 = DIRECTION('',(0.,1.,0.));
#7348 = DEFINITIONAL_REPRESENTATION('',(#7349),#7353);
#7349 = ELLIPSE('',#7350,5.7,5.27);
#7350 = AXIS2_PLACEMENT_2D('',#7351,#7352);
#7351 = CARTESIAN_POINT('',(0.,0.));
#7352 = DIRECTION('',(1.,0.));
#7353 = ( GEOMETRIC_REPRESENTATION_CONTEXT(2) 
PARAMETRIC_REPRESENTATION_CONTEXT() REPRESENTATION_CONTEXT('2D SPACE',''
  ) );
#7354 = ORIENTED_EDGE('',*,*,#7355,.F.);
#7355 = EDGE_CURVE('',#7303,#7327,#7356,.T.);
#7356 = SURFACE_CURVE('',#7357,(#7472,#7590),.PCURVE_S1.);
#7357 = B_SPLINE_CURVE_WITH_KNOTS('',8,(#7358,#7359,#7360,#7361,#7362,
    #7363,#7364,#7365,#7366,#7367,#7368,#7369,#7370,#7371,#7372,#7373,
    #7374,#7375,#7376,#7377,#7378,#7379,#7380,#7381,#7382,#7383,#7384,
    #7385,#7386,#7387,#7388,#7389,#7390,#7391,#7392,#7393,#7394,#7395,
    #7396,#7397,#7398,#7399,#7400,#7401,#7402,#7403,#7404,#7405,#7406,
    #7407,#7408,#7409,#7410,#7411,#7412,#7413,#7414,#7415,#7416,#7417,
    #7418,#7419,#7420,#7421,#7422,#7423,#7424,#7425,#7426,#7427,#7428,
    #7429,#7430,#7431,#7432,#7433,#7434,#7435,#7436,#7437,#7438,#7439,
    #7440,#7441,#7442,#7443,#7444,#7445,#7446,#7447,#7448,#7449,#7450,
    #7451,#7452,#7453,#7454,#7455,#7456,#7457,#7458,#7459,#7460,#7461,
    #7462,#7463,#7464,#7465,#7466,#7467,#7468,#7469,#7470,#7471),
  .UNSPECIFIED.,.F.,.F.,(9,7,7,7,7,7,7,7,7,7,7,7,7,7,7,7,9),(0.,
    5.116099257025E-02,0.100699761134,0.161051059296,0.275846920031,
    0.334014651349,0.366462827342,0.424602787104,0.499667447436,
    0.575357332172,0.63349703615,0.66594423389,0.72410951947,
    0.838902549266,0.899254591077,0.948794617148,1.),.UNSPECIFIED.);
#7358 = CARTESIAN_POINT('',(84.,31.2,-1.08246744901E-15));
#7359 = CARTESIAN_POINT('',(84.,31.2,0.116907756248));
#7360 = CARTESIAN_POINT('',(83.994470793815,31.197259690151,
    0.233783169214));
#7361 = CARTESIAN_POINT('',(83.983418070647,31.191781490718,
    0.350216291532));
#7362 = CARTESIAN_POINT('',(83.967318887395,31.183585562294,
    0.465938349022));
#7363 = CARTESIAN_POINT('',(83.947089816909,31.172674576872,
    0.580800226706));
#7364 = CARTESIAN_POINT('',(83.92350559987,31.159065161342,
    0.694695273426));
#7365 = CARTESIAN_POINT('',(83.897247299469,31.142778242453,
    0.807572884392));
#7366 = CARTESIAN_POINT('',(83.841355086353,31.105478577274,
    1.027748220253));
#7367 = CARTESIAN_POINT('',(83.811848529418,31.084628219677,
    1.135132422126));
#7368 = CARTESIAN_POINT('',(83.780814039177,31.06128316417,
    1.241613060236));
#7369 = CARTESIAN_POINT('',(83.748623537415,31.035452299511,
    1.34719622116));
#7370 = CARTESIAN_POINT('',(83.715562623582,31.007147834669,
    1.45187530831));
#7371 = CARTESIAN_POINT('',(83.681851696735,30.976384625156,
    1.555637246106));
#7372 = CARTESIAN_POINT('',(83.647663728343,30.943178127441,
    1.658467214374));
#7373 = CARTESIAN_POINT('',(83.571078069824,30.864125529577,
    1.884474373065));
#7374 = CARTESIAN_POINT('',(83.528522826312,30.817108631987,
    2.007176888492));
#7375 = CARTESIAN_POINT('',(83.485730278655,30.766522318149,
    2.128415318537));
#7376 = CARTESIAN_POINT('',(83.442891425669,30.712405328858,
    2.248126865411));
#7377 = CARTESIAN_POINT('',(83.400154937486,30.654802327384,
    2.36623802951));
#7378 = CARTESIAN_POINT('',(83.357643484961,30.593763252256,
    2.482669985586));
#7379 = CARTESIAN_POINT('',(83.315462402744,30.529342811714,
    2.597341379821));
#7380 = CARTESIAN_POINT('',(83.194264578357,30.332744886173,
    2.924780200896));
#7381 = CARTESIAN_POINT('',(83.116347251206,30.191870363933,
    3.13271806212));
#7382 = CARTESIAN_POINT('',(83.040569647204,30.039390850055,
    3.333396294718));
#7383 = CARTESIAN_POINT('',(82.967375133796,29.875786026105,
    3.526205711284));
#7384 = CARTESIAN_POINT('',(82.897129574961,29.701596770116,
    3.710547459469));
#7385 = CARTESIAN_POINT('',(82.830151509396,29.517426268449,
    3.885844291711));
#7386 = CARTESIAN_POINT('',(82.766713876893,29.323946975227,
    4.051545525045));
#7387 = CARTESIAN_POINT('',(82.676831126638,29.019542664763,
    4.285983334462));
#7388 = CARTESIAN_POINT('',(82.647575036239,28.914976453534,
    4.36222938638));
#7389 = CARTESIAN_POINT('',(82.619321380708,28.808312687268,
    4.435814657057));
#7390 = CARTESIAN_POINT('',(82.592099469965,28.699655508662,
    4.506675003739));
#7391 = CARTESIAN_POINT('',(82.565936823893,28.5891166423,4.574748410317
    ));
#7392 = CARTESIAN_POINT('',(82.540858989605,28.47681618789,
    4.639975960946));
#7393 = CARTESIAN_POINT('',(82.516889358703,28.362883413501,
    4.702302813673));
#7394 = CARTESIAN_POINT('',(82.481307753911,28.183068605176,
    4.794801569375));
#7395 = CARTESIAN_POINT('',(82.468918052884,28.118215712488,
    4.827005488542));
#7396 = CARTESIAN_POINT('',(82.456883546338,28.052923252577,
    4.858282240648));
#7397 = CARTESIAN_POINT('',(82.445207746128,27.987217075971,
    4.888623417979));
#7398 = CARTESIAN_POINT('',(82.433893958012,27.921124513847,
    4.918021046906));
#7399 = CARTESIAN_POINT('',(82.422945228565,27.854674390001,
    4.946467738782));
#7400 = CARTESIAN_POINT('',(82.412364292097,27.787897032815,
    4.973956840842));
#7401 = CARTESIAN_POINT('',(82.383858066374,27.600644751398,
    5.048010861721));
#7402 = CARTESIAN_POINT('',(82.366749772182,27.4795085862,5.092449523179
    ));
#7403 = CARTESIAN_POINT('',(82.350843807262,27.357607714948,
    5.13376137781));
#7404 = CARTESIAN_POINT('',(82.33615142305,27.235150270578,
    5.171918756126));
#7405 = CARTESIAN_POINT('',(82.322678048463,27.112358588084,
    5.206908626475));
#7406 = CARTESIAN_POINT('',(82.310422004313,26.989462593914,
    5.238736073734));
#7407 = CARTESIAN_POINT('',(82.299373833826,26.866688592344,
    5.267426143042));
#7408 = CARTESIAN_POINT('',(82.276789094996,26.586154190638,
    5.326073574048));
#7409 = CARTESIAN_POINT('',(82.266043762583,26.428577409617,
    5.353975954242));
#7410 = CARTESIAN_POINT('',(82.257249240565,26.2720148589,5.376812413663
    ));
#7411 = CARTESIAN_POINT('',(82.250337607742,26.116758307274,
    5.39475956932));
#7412 = CARTESIAN_POINT('',(82.245220842823,25.962836537088,
    5.40804604576));
#7413 = CARTESIAN_POINT('',(82.241821049266,25.809958951087,
    5.416874134653));
#7414 = CARTESIAN_POINT('',(82.240096263699,25.657656543645,
    5.421352806611));
#7415 = CARTESIAN_POINT('',(82.23999206171,25.351869191574,
    5.421623384074));
#7416 = CARTESIAN_POINT('',(82.241640609224,25.198328052992,
    5.417342676907));
#7417 = CARTESIAN_POINT('',(82.244990293818,25.044224919559,
    5.408644704831));
#7418 = CARTESIAN_POINT('',(82.250082794559,24.889071772575,
    5.395421235549));
#7419 = CARTESIAN_POINT('',(82.256997612475,24.732561023798,
    5.377465811829));
#7420 = CARTESIAN_POINT('',(82.265825436877,24.5747165133,5.354542882724
    ));
#7421 = CARTESIAN_POINT('',(82.276636265373,24.415835115309,
    5.326470437766));
#7422 = CARTESIAN_POINT('',(82.29931376418,24.13398805363,5.267582133766
    ));
#7423 = CARTESIAN_POINT('',(82.310356072721,24.011215306819,
    5.238907289225));
#7424 = CARTESIAN_POINT('',(82.322606199462,23.888319641007,
    5.207095212408));
#7425 = CARTESIAN_POINT('',(82.33607363037,23.765527320809,
    5.172120783176));
#7426 = CARTESIAN_POINT('',(82.350760071293,23.643068282704,
    5.133978848522));
#7427 = CARTESIAN_POINT('',(82.366660114619,23.5211649093,5.092682386237
    ));
#7428 = CARTESIAN_POINT('',(82.3837625236,23.4000254056,5.048259029566)
  );
#7429 = CARTESIAN_POINT('',(82.412259386478,23.212768474746,
    4.974229371376));
#7430 = CARTESIAN_POINT('',(82.422836796303,23.145990303885,
    4.946749448143));
#7431 = CARTESIAN_POINT('',(82.433781997216,23.079539117372,
    4.918311943486));
#7432 = CARTESIAN_POINT('',(82.445092257031,23.013445251167,
    4.888923505173));
#7433 = CARTESIAN_POINT('',(82.456764531111,22.947737536341,
    4.858591517391));
#7434 = CARTESIAN_POINT('',(82.468795515501,22.882443310895,
    4.827323949745));
#7435 = CARTESIAN_POINT('',(82.481181700052,22.817588431591,
    4.795129206261));
#7436 = CARTESIAN_POINT('',(82.516753233398,22.637768846786,
    4.702656747021));
#7437 = CARTESIAN_POINT('',(82.54071629849,22.523832771473,
    4.640347058687));
#7438 = CARTESIAN_POINT('',(82.565787574053,22.411528314539,
    4.575136681435));
#7439 = CARTESIAN_POINT('',(82.591943678491,22.300984765351,
    4.507080437201));
#7440 = CARTESIAN_POINT('',(82.619159074596,22.192322241349,
    4.436237223391));
#7441 = CARTESIAN_POINT('',(82.647406252768,22.085652481446,
    4.362669038452));
#7442 = CARTESIAN_POINT('',(82.676655914231,21.981079639428,
    4.28644000745));
#7443 = CARTESIAN_POINT('',(82.766520765937,21.676650228463,
    4.052049857773));
#7444 = CARTESIAN_POINT('',(82.82994723344,21.483150953355,
    3.886378678381));
#7445 = CARTESIAN_POINT('',(82.896914585018,21.298958428547,
    3.711111116948));
#7446 = CARTESIAN_POINT('',(82.967149970422,21.124745197012,
    3.526797754417));
#7447 = CARTESIAN_POINT('',(83.040334970598,20.961114529135,
    3.334015751625));
#7448 = CARTESIAN_POINT('',(83.116103869008,20.808607386784,
    3.133363885096));
#7449 = CARTESIAN_POINT('',(83.194013508979,20.66770354064,2.92545128716
    ));
#7450 = CARTESIAN_POINT('',(83.315203334041,20.471055939741,
    2.598045172542));
#7451 = CARTESIAN_POINT('',(83.357383100253,20.406616544083,
    2.483381872861));
#7452 = CARTESIAN_POINT('',(83.39989371266,20.345558342366,2.36695758569
    ));
#7453 = CARTESIAN_POINT('',(83.442629902444,20.287936065103,
    2.248853683529));
#7454 = CARTESIAN_POINT('',(83.485469083549,20.233799672355,
    2.129149013859));
#7455 = CARTESIAN_POINT('',(83.528262701241,20.183193849233,
    2.007917105542));
#7456 = CARTESIAN_POINT('',(83.570819925048,20.136157359521,
    1.885220799728));
#7457 = CARTESIAN_POINT('',(83.647411760984,20.057068516038,
    1.659223172752));
#7458 = CARTESIAN_POINT('',(83.68160354483,20.023845439862,
    1.556396554694));
#7459 = CARTESIAN_POINT('',(83.715319204422,19.993065692616,
    1.452637815744));
#7460 = CARTESIAN_POINT('',(83.74838593325,19.964744743016,
    1.347961823186));
#7461 = CARTESIAN_POINT('',(83.780583570296,19.938897455023,
    1.24238169131));
#7462 = CARTESIAN_POINT('',(83.811626843732,19.915536045941,
    1.135904049869));
#7463 = CARTESIAN_POINT('',(83.841144239532,19.894669412355,
    1.028522836637));
#7464 = CARTESIAN_POINT('',(83.897087512284,19.857320850706,
    0.808259359331));
#7465 = CARTESIAN_POINT('',(83.923382604873,19.841005786496,
    0.695288828511));
#7466 = CARTESIAN_POINT('',(83.947001976425,19.8273728165,0.581298913178
    ));
#7467 = CARTESIAN_POINT('',(83.967262803602,19.816442918311,
    0.466340353069));
#7468 = CARTESIAN_POINT('',(83.983389310773,19.808232814499,
    0.350519756179));
#7469 = CARTESIAN_POINT('',(83.994461088017,19.802745079705,
    0.233986484044));
#7470 = CARTESIAN_POINT('',(83.999999999952,19.800000000758,
    0.117009555769));
#7471 = CARTESIAN_POINT('',(84.,19.800000000755,2.966082934819E-10));
#7472 = PCURVE('',#7080,#7473);
#7473 = DEFINITIONAL_REPRESENTATION('',(#7474),#7589);
#7474 = B_SPLINE_CURVE_WITH_KNOTS('',8,(#7475,#7476,#7477,#7478,#7479,
    #7480,#7481,#7482,#7483,#7484,#7485,#7486,#7487,#7488,#7489,#7490,
    #7491,#7492,#7493,#7494,#7495,#7496,#7497,#7498,#7499,#7500,#7501,
    #7502,#7503,#7504,#7505,#7506,#7507,#7508,#7509,#7510,#7511,#7512,
    #7513,#7514,#7515,#7516,#7517,#7518,#7519,#7520,#7521,#7522,#7523,
    #7524,#7525,#7526,#7527,#7528,#7529,#7530,#7531,#7532,#7533,#7534,
    #7535,#7536,#7537,#7538,#7539,#7540,#7541,#7542,#7543,#7544,#7545,
    #7546,#7547,#7548,#7549,#7550,#7551,#7552,#7553,#7554,#7555,#7556,
    #7557,#7558,#7559,#7560,#7561,#7562,#7563,#7564,#7565,#7566,#7567,
    #7568,#7569,#7570,#7571,#7572,#7573,#7574,#7575,#7576,#7577,#7578,
    #7579,#7580,#7581,#7582,#7583,#7584,#7585,#7586,#7587,#7588),
  .UNSPECIFIED.,.F.,.F.,(9,7,7,7,7,7,7,7,7,7,7,7,7,7,7,7,9),(0.,
    5.116099257025E-02,0.100699761134,0.161051059296,0.275846920031,
    0.334014651349,0.366462827342,0.424602787104,0.499667447436,
    0.575357332172,0.63349703615,0.66594423389,0.72410951947,
    0.838902549266,0.899254591077,0.948794617148,1.),.UNSPECIFIED.);
#7475 = CARTESIAN_POINT('',(4.796368554345E-28,1.));
#7476 = CARTESIAN_POINT('',(2.218363496175E-02,1.));
#7477 = CARTESIAN_POINT('',(4.436112930849E-02,0.999650050241));
#7478 = CARTESIAN_POINT('',(6.646333946623E-02,0.9989505108));
#7479 = CARTESIAN_POINT('',(8.844777598964E-02,0.997931575152));
#7480 = CARTESIAN_POINT('',(0.110295777902,0.996651254235));
#7481 = CARTESIAN_POINT('',(0.131998269296,0.99515858227));
#7482 = CARTESIAN_POINT('',(0.153557068671,0.993496664523));
#7483 = CARTESIAN_POINT('',(0.195732223297,0.989959182681));
#7484 = CARTESIAN_POINT('',(0.216361195996,0.988091679077));
#7485 = CARTESIAN_POINT('',(0.236887262032,0.986127470834));
#7486 = CARTESIAN_POINT('',(0.257322946727,0.984090097305));
#7487 = CARTESIAN_POINT('',(0.277678519683,0.981997634404));
#7488 = CARTESIAN_POINT('',(0.297963044705,0.979864031439));
#7489 = CARTESIAN_POINT('',(0.318185273313,0.977700235971));
#7490 = CARTESIAN_POINT('',(0.362925680622,0.972853042394));
#7491 = CARTESIAN_POINT('',(0.387414771107,0.970159672551));
#7492 = CARTESIAN_POINT('',(0.411834174027,0.967451283459));
#7493 = CARTESIAN_POINT('',(0.436192741922,0.96473996365));
#7494 = CARTESIAN_POINT('',(0.460497071663,0.962035122626));
#7495 = CARTESIAN_POINT('',(0.484752452932,0.959344524365));
#7496 = CARTESIAN_POINT('',(0.508963352693,0.956674835617));
#7497 = CARTESIAN_POINT('',(0.579108013765,0.949004087238));
#7498 = CARTESIAN_POINT('',(0.624934643277,0.944072610836));
#7499 = CARTESIAN_POINT('',(0.670636290166,0.93927655995));
#7500 = CARTESIAN_POINT('',(0.716226123733,0.93464399581));
#7501 = CARTESIAN_POINT('',(0.76171243085,0.930198074365));
#7502 = CARTESIAN_POINT('',(0.807099358656,0.925958956291));
#7503 = CARTESIAN_POINT('',(0.852385436139,0.921943916259));
#7504 = CARTESIAN_POINT('',(0.92045296451,0.916255134597));
#7505 = CARTESIAN_POINT('',(0.943315661113,0.914403483306));
#7506 = CARTESIAN_POINT('',(0.966148961966,0.91261527726));
#7507 = CARTESIAN_POINT('',(0.98895111107,0.910892371517));
#7508 = CARTESIAN_POINT('',(1.011719437813,0.909236507841));
#7509 = CARTESIAN_POINT('',(1.034450245429,0.90764930314));
#7510 = CARTESIAN_POINT('',(1.057138699462,0.906132237893));
#7511 = CARTESIAN_POINT('',(1.092408179877,0.903880237589));
#7512 = CARTESIAN_POINT('',(1.105022437196,0.903096079296));
#7513 = CARTESIAN_POINT('',(1.11762038876,0.902334401667));
#7514 = CARTESIAN_POINT('',(1.130200718047,0.90159542697));
#7515 = CARTESIAN_POINT('',(1.142761890987,0.900879364431));
#7516 = CARTESIAN_POINT('',(1.155302155511,0.900186406871));
#7517 = CARTESIAN_POINT('',(1.167819541099,0.899516727348));
#7518 = CARTESIAN_POINT('',(1.202695329788,0.897712535846));
#7519 = CARTESIAN_POINT('',(1.22499986305,0.896629732417));
#7520 = CARTESIAN_POINT('',(1.247211158483,0.895623025776));
#7521 = CARTESIAN_POINT('',(1.269312635022,0.894693128041));
#7522 = CARTESIAN_POINT('',(1.29128572495,0.893840382814));
#7523 = CARTESIAN_POINT('',(1.313110829443,0.893064683817));
#7524 = CARTESIAN_POINT('',(1.334768934863,0.892365432521));
#7525 = CARTESIAN_POINT('',(1.383970262589,0.890936018671));
#7526 = CARTESIAN_POINT('',(1.411397598942,0.890255934341));
#7527 = CARTESIAN_POINT('',(1.43848107773,0.889699319023));
#7528 = CARTESIAN_POINT('',(1.465211729792,0.889261873908));
#7529 = CARTESIAN_POINT('',(1.491622137223,0.888938028027));
#7530 = CARTESIAN_POINT('',(1.517794307446,0.888722851219));
#7531 = CARTESIAN_POINT('',(1.543837944516,0.888613687576));
#7532 = CARTESIAN_POINT('',(1.596125862345,0.888607092513));
#7533 = CARTESIAN_POINT('',(1.622379739285,0.888711430964));
#7534 = CARTESIAN_POINT('',(1.648759058194,0.888923436318));
#7535 = CARTESIAN_POINT('',(1.675377415282,0.889245746491));
#7536 = CARTESIAN_POINT('',(1.702320390196,0.889683393195));
#7537 = CARTESIAN_POINT('',(1.729622286182,0.890242116258));
#7538 = CARTESIAN_POINT('',(1.757274286733,0.89092634591));
#7539 = CARTESIAN_POINT('',(1.806704442644,0.892361630644));
#7540 = CARTESIAN_POINT('',(1.828361639172,0.893060510932));
#7541 = CARTESIAN_POINT('',(1.850185910874,0.893835835409));
#7542 = CARTESIAN_POINT('',(1.87215825033,0.894688204454));
#7543 = CARTESIAN_POINT('',(1.894259057364,0.895617726031));
#7544 = CARTESIAN_POINT('',(1.916469757045,0.896624057887));
#7545 = CARTESIAN_POINT('',(1.938773757011,0.897706488835));
#7546 = CARTESIAN_POINT('',(1.973648469358,0.899510087752));
#7547 = CARTESIAN_POINT('',(1.986165278136,0.90017954407));
#7548 = CARTESIAN_POINT('',(1.998704979621,0.900872278305));
#7549 = CARTESIAN_POINT('',(2.011265601936,0.901588117534));
#7550 = CARTESIAN_POINT('',(2.023845391714,0.902326869058));
#7551 = CARTESIAN_POINT('',(2.036442813676,0.903088323766));
#7552 = CARTESIAN_POINT('',(2.049056550195,0.903872259497));
#7553 = CARTESIAN_POINT('',(2.084324328679,0.906123622367));
#7554 = CARTESIAN_POINT('',(2.107011617448,0.907640272056));
#7555 = CARTESIAN_POINT('',(2.129741278414,0.909227061649));
#7556 = CARTESIAN_POINT('',(2.152508472744,0.910882511297));
#7557 = CARTESIAN_POINT('',(2.175309499974,0.912605004721));
#7558 = CARTESIAN_POINT('',(2.198141686466,0.914392800808));
#7559 = CARTESIAN_POINT('',(2.221003273857,0.916244045205));
#7560 = CARTESIAN_POINT('',(2.289068299571,0.921931694047));
#7561 = CARTESIAN_POINT('',(2.33435299492,0.925946027433));
#7562 = CARTESIAN_POINT('',(2.379738541856,0.930184467406));
#7563 = CARTESIAN_POINT('',(2.425223458814,0.934629744963));
#7564 = CARTESIAN_POINT('',(2.47081188283,0.939261707));
#7565 = CARTESIAN_POINT('',(2.51651209083,0.944057206899));
#7566 = CARTESIAN_POINT('',(2.56233724,0.948988196771));
#7567 = CARTESIAN_POINT('',(2.632480438271,0.956658438863));
#7568 = CARTESIAN_POINT('',(2.65669140561,0.95932804432));
#7569 = CARTESIAN_POINT('',(2.680946836412,0.962018589409));
#7570 = CARTESIAN_POINT('',(2.705251193463,0.964723411547));
#7571 = CARTESIAN_POINT('',(2.729609761827,0.967434752123));
#7572 = CARTESIAN_POINT('',(2.75402913262,0.970143208939));
#7573 = CARTESIAN_POINT('',(2.778518150194,0.972836704117));
#7574 = CARTESIAN_POINT('',(2.823258591107,0.97768428867));
#7575 = CARTESIAN_POINT('',(2.843480950211,0.979848325622));
#7576 = CARTESIAN_POINT('',(2.863765564641,0.981982228128));
#7577 = CARTESIAN_POINT('',(2.8841211779,0.984075059066));
#7578 = CARTESIAN_POINT('',(2.904556847608,0.986112884196));
#7579 = CARTESIAN_POINT('',(2.925082838475,0.988077648337));
#7580 = CARTESIAN_POINT('',(2.945711673047,0.989945837945));
#7581 = CARTESIAN_POINT('',(2.98790446904,0.99348655141));
#7582 = CARTESIAN_POINT('',(3.009481280095,0.995150797777));
#7583 = CARTESIAN_POINT('',(3.031202017014,0.99664569471));
#7584 = CARTESIAN_POINT('',(3.053068504221,0.997928025544));
#7585 = CARTESIAN_POINT('',(3.075071706609,0.998948690555));
#7586 = CARTESIAN_POINT('',(3.097192943931,0.99964943595));
#7587 = CARTESIAN_POINT('',(3.119389701684,0.999999999997));
#7588 = CARTESIAN_POINT('',(3.141592653534,1.));
#7589 = ( GEOMETRIC_REPRESENTATION_CONTEXT(2) 
PARAMETRIC_REPRESENTATION_CONTEXT() REPRESENTATION_CONTEXT('2D SPACE',''
  ) );
#7590 = PCURVE('',#7591,#7596);
#7591 = SPHERICAL_SURFACE('',#7592,5.7);
#7592 = AXIS2_PLACEMENT_3D('',#7593,#7594,#7595);
#7593 = CARTESIAN_POINT('',(84.,25.5,0.));
#7594 = DIRECTION('',(0.,0.,1.));
#7595 = DIRECTION('',(1.,0.,-0.));
#7596 = DEFINITIONAL_REPRESENTATION('',(#7597),#7712);
#7597 = B_SPLINE_CURVE_WITH_KNOTS('',8,(#7598,#7599,#7600,#7601,#7602,
    #7603,#7604,#7605,#7606,#7607,#7608,#7609,#7610,#7611,#7612,#7613,
    #7614,#7615,#7616,#7617,#7618,#7619,#7620,#7621,#7622,#7623,#7624,
    #7625,#7626,#7627,#7628,#7629,#7630,#7631,#7632,#7633,#7634,#7635,
    #7636,#7637,#7638,#7639,#7640,#7641,#7642,#7643,#7644,#7645,#7646,
    #7647,#7648,#7649,#7650,#7651,#7652,#7653,#7654,#7655,#7656,#7657,
    #7658,#7659,#7660,#7661,#7662,#7663,#7664,#7665,#7666,#7667,#7668,
    #7669,#7670,#7671,#7672,#7673,#7674,#7675,#7676,#7677,#7678,#7679,
    #7680,#7681,#7682,#7683,#7684,#7685,#7686,#7687,#7688,#7689,#7690,
    #7691,#7692,#7693,#7694,#7695,#7696,#7697,#7698,#7699,#7700,#7701,
    #7702,#7703,#7704,#7705,#7706,#7707,#7708,#7709,#7710,#7711),
  .UNSPECIFIED.,.F.,.F.,(9,7,7,7,7,7,7,7,7,7,7,7,7,7,7,7,9),(0.,
    5.116099257025E-02,0.100699761134,0.161051059296,0.275846920031,
    0.334014651349,0.366462827342,0.424602787104,0.499667447436,
    0.575357332172,0.63349703615,0.66594423389,0.72410951947,
    0.838902549266,0.899254591077,0.948794617148,1.),.UNSPECIFIED.);
#7598 = CARTESIAN_POINT('',(1.570796326795,0.));
#7599 = CARTESIAN_POINT('',(1.570796326795,2.051013267517E-02));
#7600 = CARTESIAN_POINT('',(1.5717663626,4.101459109954E-02));
#7601 = CARTESIAN_POINT('',(1.57370544064,6.145460165818E-02));
#7602 = CARTESIAN_POINT('',(1.576535061063,8.179613055424E-02));
#7603 = CARTESIAN_POINT('',(1.580104974951,0.102025278907));
#7604 = CARTESIAN_POINT('',(1.584291255616,0.122134872947));
#7605 = CARTESIAN_POINT('',(1.588987260842,0.142126868185));
#7606 = CARTESIAN_POINT('',(1.599074908997,0.181266666215));
#7607 = CARTESIAN_POINT('',(1.604440866164,0.200425233187));
#7608 = CARTESIAN_POINT('',(1.610137781155,0.219502091507));
#7609 = CARTESIAN_POINT('',(1.616113134964,0.238507791881));
#7610 = CARTESIAN_POINT('',(1.622329844874,0.257450440178));
#7611 = CARTESIAN_POINT('',(1.628762535303,0.276336826613));
#7612 = CARTESIAN_POINT('',(1.635394553014,0.295173317794));
#7613 = CARTESIAN_POINT('',(1.650525716998,0.336861583052));
#7614 = CARTESIAN_POINT('',(1.659115325135,0.359689258194));
#7615 = CARTESIAN_POINT('',(1.667965148629,0.382457682425));
#7616 = CARTESIAN_POINT('',(1.677068514278,0.405171277004));
#7617 = CARTESIAN_POINT('',(1.686427510543,0.427832058505));
#7618 = CARTESIAN_POINT('',(1.696050476953,0.450440486668));
#7619 = CARTESIAN_POINT('',(1.705950950513,0.472995840681));
#7620 = CARTESIAN_POINT('',(1.73554428834,0.538294530138));
#7621 = CARTESIAN_POINT('',(1.756013496582,0.580893446295));
#7622 = CARTESIAN_POINT('',(1.777685657235,0.623276977668));
#7623 = CARTESIAN_POINT('',(1.80075711799,0.665413489953));
#7624 = CARTESIAN_POINT('',(1.825488148537,0.707256823756));
#7625 = CARTESIAN_POINT('',(1.852218277837,0.748743490945));
#7626 = CARTESIAN_POINT('',(1.881402757615,0.789783513706));
#7627 = CARTESIAN_POINT('',(1.930025241045,0.850743405271));
#7628 = CARTESIAN_POINT('',(1.947169252848,0.871094875121));
#7629 = CARTESIAN_POINT('',(1.965187737968,0.891279513734));
#7630 = CARTESIAN_POINT('',(1.984174507456,0.911276902437));
#7631 = CARTESIAN_POINT('',(2.004236975515,0.931062699234));
#7632 = CARTESIAN_POINT('',(2.025498175463,0.950607671146));
#7633 = CARTESIAN_POINT('',(2.048098775695,0.969876726562));
#7634 = CARTESIAN_POINT('',(2.085643172036,0.999399660458));
#7635 = CARTESIAN_POINT('',(2.099553798153,1.009872339652));
#7636 = CARTESIAN_POINT('',(2.113958540865,1.020238649462));
#7637 = CARTESIAN_POINT('',(2.128886866844,1.030490482616));
#7638 = CARTESIAN_POINT('',(2.144369916155,1.040618903084));
#7639 = CARTESIAN_POINT('',(2.160440275846,1.050614088886));
#7640 = CARTESIAN_POINT('',(2.177131753535,1.06046527491));
#7641 = CARTESIAN_POINT('',(2.225561853175,1.087532746962));
#7642 = CARTESIAN_POINT('',(2.258752385638,1.104405970989));
#7643 = CARTESIAN_POINT('',(2.294248193141,1.1207110664));
#7644 = CARTESIAN_POINT('',(2.332252836352,1.13636929398));
#7645 = CARTESIAN_POINT('',(2.37296639496,1.151290932412));
#7646 = CARTESIAN_POINT('',(2.416561269171,1.165376665548));
#7647 = CARTESIAN_POINT('',(2.463143379581,1.17852190122));
#7648 = CARTESIAN_POINT('',(2.576679858999,1.206249102201));
#7649 = CARTESIAN_POINT('',(2.645631959713,1.220138970823));
#7650 = CARTESIAN_POINT('',(2.719509099123,1.232066319782));
#7651 = CARTESIAN_POINT('',(2.797992330123,1.241829146895));
#7652 = CARTESIAN_POINT('',(2.880388560012,1.249266464715));
#7653 = CARTESIAN_POINT('',(2.965520335738,1.254280090792));
#7654 = CARTESIAN_POINT('',(3.052013545939,1.2568248348));
#7655 = CARTESIAN_POINT('',(3.225759288409,1.256978575148));
#7656 = CARTESIAN_POINT('',(3.313044503908,1.254546313908));
#7657 = CARTESIAN_POINT('',(3.39900753006,1.249601904639));
#7658 = CARTESIAN_POINT('',(3.482233132115,1.24218978421));
#7659 = CARTESIAN_POINT('',(3.561501382723,1.232408813088));
#7660 = CARTESIAN_POINT('',(3.636094086376,1.220423077253));
#7661 = CARTESIAN_POINT('',(3.705680808721,1.206439363148));
#7662 = CARTESIAN_POINT('',(3.819783013574,1.178593637809));
#7663 = CARTESIAN_POINT('',(3.866379326529,1.165453067888));
#7664 = CARTESIAN_POINT('',(3.909988080269,1.151371575901));
#7665 = CARTESIAN_POINT('',(3.95071492814,1.136453765039));
#7666 = CARTESIAN_POINT('',(3.988732113274,1.120798977679));
#7667 = CARTESIAN_POINT('',(4.024239646392,1.104496969961));
#7668 = CARTESIAN_POINT('',(4.057441077614,1.087626519598));
#7669 = CARTESIAN_POINT('',(4.105886439955,1.060563190231));
#7670 = CARTESIAN_POINT('',(4.122582879574,1.05071356974));
#7671 = CARTESIAN_POINT('',(4.138657983936,1.040719876188));
#7672 = CARTESIAN_POINT('',(4.154145564588,1.030592879806));
#7673 = CARTESIAN_POINT('',(4.169078214668,1.020342407481));
#7674 = CARTESIAN_POINT('',(4.183487081796,1.009977399889));
#7675 = CARTESIAN_POINT('',(4.197401640953,0.999505968619));
#7676 = CARTESIAN_POINT('',(4.234956222914,0.969986604568));
#7677 = CARTESIAN_POINT('',(4.257562705545,0.950719767408));
#7678 = CARTESIAN_POINT('',(4.278829280577,0.931176880862));
#7679 = CARTESIAN_POINT('',(4.298896662468,0.911393054655));
#7680 = CARTESIAN_POINT('',(4.317887929339,0.891397537144));
#7681 = CARTESIAN_POINT('',(4.335910537483,0.871214683251));
#7682 = CARTESIAN_POINT('',(4.353058335878,0.850864922405));
#7683 = CARTESIAN_POINT('',(4.401691735741,0.789909210456));
#7684 = CARTESIAN_POINT('',(4.430882357028,0.748871446754));
#7685 = CARTESIAN_POINT('',(4.457617626863,0.707386835389));
#7686 = CARTESIAN_POINT('',(4.482353009054,0.665545404294));
#7687 = CARTESIAN_POINT('',(4.505428192757,0.623410678941));
#7688 = CARTESIAN_POINT('',(4.527103574194,0.581028848282));
#7689 = CARTESIAN_POINT('',(4.547575612823,0.538431572631));
#7690 = CARTESIAN_POINT('',(4.577173243664,0.473134511666));
#7691 = CARTESIAN_POINT('',(4.587075349123,0.450579161184));
#7692 = CARTESIAN_POINT('',(4.596699872852,0.427970730092));
#7693 = CARTESIAN_POINT('',(4.606060373239,0.405309944974));
#7694 = CARTESIAN_POINT('',(4.615165213003,0.382596351991));
#7695 = CARTESIAN_POINT('',(4.624016507883,0.359827941329));
#7696 = CARTESIAN_POINT('',(4.632607620175,0.337000300667));
#7697 = CARTESIAN_POINT('',(4.647741762283,0.295311914508));
#7698 = CARTESIAN_POINT('',(4.654375223461,0.276475250907));
#7699 = CARTESIAN_POINT('',(4.660809436067,0.257588720723));
#7700 = CARTESIAN_POINT('',(4.667027778901,0.238645965685));
#7701 = CARTESIAN_POINT('',(4.673004920835,0.219640202289));
#7702 = CARTESIAN_POINT('',(4.678703838969,0.200563330438));
#7703 = CARTESIAN_POINT('',(4.684072088223,0.181404803829));
#7704 = CARTESIAN_POINT('',(4.694169469816,0.14224845215));
#7705 = CARTESIAN_POINT('',(4.698872219427,0.122239673011));
#7706 = CARTESIAN_POINT('',(4.703064830545,0.102113106039));
#7707 = CARTESIAN_POINT('',(4.706640388631,8.186679539683E-02));
#7708 = CARTESIAN_POINT('',(4.709474820969,6.150787479473E-02));
#7709 = CARTESIAN_POINT('',(4.7114172418,4.105026071862E-02));
#7710 = CARTESIAN_POINT('',(4.712388980376,2.052799218808E-02));
#7711 = CARTESIAN_POINT('',(4.712388980385,0.));
#7712 = ( GEOMETRIC_REPRESENTATION_CONTEXT(2) 
PARAMETRIC_REPRESENTATION_CONTEXT() REPRESENTATION_CONTEXT('2D SPACE',''
  ) );
#7713 = ADVANCED_FACE('',(#7714),#7591,.T.);
#7714 = FACE_BOUND('',#7715,.T.);
#7715 = EDGE_LOOP('',(#7716,#7742,#7743,#7770,#7771));
#7716 = ORIENTED_EDGE('',*,*,#7717,.T.);
#7717 = EDGE_CURVE('',#7718,#7720,#7722,.T.);
#7718 = VERTEX_POINT('',#7719);
#7719 = CARTESIAN_POINT('',(89.7,25.5,0.));
#7720 = VERTEX_POINT('',#7721);
#7721 = CARTESIAN_POINT('',(84.,25.5,5.7));
#7722 = SEAM_CURVE('',#7723,(#7728,#7735),.PCURVE_S1.);
#7723 = CIRCLE('',#7724,5.7);
#7724 = AXIS2_PLACEMENT_3D('',#7725,#7726,#7727);
#7725 = CARTESIAN_POINT('',(84.,25.5,0.));
#7726 = DIRECTION('',(-2.449293598295E-16,-1.,0.));
#7727 = DIRECTION('',(1.,-2.449293598295E-16,0.));
#7728 = PCURVE('',#7591,#7729);
#7729 = DEFINITIONAL_REPRESENTATION('',(#7730),#7734);
#7730 = LINE('',#7731,#7732);
#7731 = CARTESIAN_POINT('',(6.28318530718,-6.28318530718));
#7732 = VECTOR('',#7733,1.);
#7733 = DIRECTION('',(0.,1.));
#7734 = ( GEOMETRIC_REPRESENTATION_CONTEXT(2) 
PARAMETRIC_REPRESENTATION_CONTEXT() REPRESENTATION_CONTEXT('2D SPACE',''
  ) );
#7735 = PCURVE('',#7591,#7736);
#7736 = DEFINITIONAL_REPRESENTATION('',(#7737),#7741);
#7737 = LINE('',#7738,#7739);
#7738 = CARTESIAN_POINT('',(0.,-6.28318530718));
#7739 = VECTOR('',#7740,1.);
#7740 = DIRECTION('',(0.,1.));
#7741 = ( GEOMETRIC_REPRESENTATION_CONTEXT(2) 
PARAMETRIC_REPRESENTATION_CONTEXT() REPRESENTATION_CONTEXT('2D SPACE',''
  ) );
#7742 = ORIENTED_EDGE('',*,*,#7717,.F.);
#7743 = ORIENTED_EDGE('',*,*,#7744,.T.);
#7744 = EDGE_CURVE('',#7718,#7303,#7745,.T.);
#7745 = SURFACE_CURVE('',#7746,(#7751,#7758),.PCURVE_S1.);
#7746 = CIRCLE('',#7747,5.7);
#7747 = AXIS2_PLACEMENT_3D('',#7748,#7749,#7750);
#7748 = CARTESIAN_POINT('',(84.,25.5,0.));
#7749 = DIRECTION('',(0.,0.,1.));
#7750 = DIRECTION('',(1.,0.,-0.));
#7751 = PCURVE('',#7591,#7752);
#7752 = DEFINITIONAL_REPRESENTATION('',(#7753),#7757);
#7753 = LINE('',#7754,#7755);
#7754 = CARTESIAN_POINT('',(0.,0.));
#7755 = VECTOR('',#7756,1.);
#7756 = DIRECTION('',(1.,0.));
#7757 = ( GEOMETRIC_REPRESENTATION_CONTEXT(2) 
PARAMETRIC_REPRESENTATION_CONTEXT() REPRESENTATION_CONTEXT('2D SPACE',''
  ) );
#7758 = PCURVE('',#7759,#7764);
#7759 = PLANE('',#7760);
#7760 = AXIS2_PLACEMENT_3D('',#7761,#7762,#7763);
#7761 = CARTESIAN_POINT('',(84.,25.5,0.));
#7762 = DIRECTION('',(0.,0.,1.));
#7763 = DIRECTION('',(1.,0.,-0.));
#7764 = DEFINITIONAL_REPRESENTATION('',(#7765),#7769);
#7765 = CIRCLE('',#7766,5.7);
#7766 = AXIS2_PLACEMENT_2D('',#7767,#7768);
#7767 = CARTESIAN_POINT('',(0.,0.));
#7768 = DIRECTION('',(1.,0.));
#7769 = ( GEOMETRIC_REPRESENTATION_CONTEXT(2) 
PARAMETRIC_REPRESENTATION_CONTEXT() REPRESENTATION_CONTEXT('2D SPACE',''
  ) );
#7770 = ORIENTED_EDGE('',*,*,#7355,.T.);
#7771 = ORIENTED_EDGE('',*,*,#7772,.T.);
#7772 = EDGE_CURVE('',#7327,#7718,#7773,.T.);
#7773 = SURFACE_CURVE('',#7774,(#7779,#7786),.PCURVE_S1.);
#7774 = CIRCLE('',#7775,5.7);
#7775 = AXIS2_PLACEMENT_3D('',#7776,#7777,#7778);
#7776 = CARTESIAN_POINT('',(84.,25.5,0.));
#7777 = DIRECTION('',(0.,0.,1.));
#7778 = DIRECTION('',(1.,0.,-0.));
#7779 = PCURVE('',#7591,#7780);
#7780 = DEFINITIONAL_REPRESENTATION('',(#7781),#7785);
#7781 = LINE('',#7782,#7783);
#7782 = CARTESIAN_POINT('',(0.,0.));
#7783 = VECTOR('',#7784,1.);
#7784 = DIRECTION('',(1.,0.));
#7785 = ( GEOMETRIC_REPRESENTATION_CONTEXT(2) 
PARAMETRIC_REPRESENTATION_CONTEXT() REPRESENTATION_CONTEXT('2D SPACE',''
  ) );
#7786 = PCURVE('',#7759,#7787);
#7787 = DEFINITIONAL_REPRESENTATION('',(#7788),#7792);
#7788 = CIRCLE('',#7789,5.7);
#7789 = AXIS2_PLACEMENT_2D('',#7790,#7791);
#7790 = CARTESIAN_POINT('',(0.,0.));
#7791 = DIRECTION('',(1.,0.));
#7792 = ( GEOMETRIC_REPRESENTATION_CONTEXT(2) 
PARAMETRIC_REPRESENTATION_CONTEXT() REPRESENTATION_CONTEXT('2D SPACE',''
  ) );
#7793 = ADVANCED_FACE('',(#7794),#7343,.T.);
#7794 = FACE_BOUND('',#7795,.T.);
#7795 = EDGE_LOOP('',(#7796,#7797));
#7796 = ORIENTED_EDGE('',*,*,#7326,.T.);
#7797 = ORIENTED_EDGE('',*,*,#7798,.T.);
#7798 = EDGE_CURVE('',#7303,#7327,#7799,.T.);
#7799 = SURFACE_CURVE('',#7800,(#7804,#7811),.PCURVE_S1.);
#7800 = LINE('',#7801,#7802);
#7801 = CARTESIAN_POINT('',(84.,25.5,0.));
#7802 = VECTOR('',#7803,1.);
#7803 = DIRECTION('',(0.,-1.,0.));
#7804 = PCURVE('',#7343,#7805);
#7805 = DEFINITIONAL_REPRESENTATION('',(#7806),#7810);
#7806 = LINE('',#7807,#7808);
#7807 = CARTESIAN_POINT('',(0.,0.));
#7808 = VECTOR('',#7809,1.);
#7809 = DIRECTION('',(-1.,0.));
#7810 = ( GEOMETRIC_REPRESENTATION_CONTEXT(2) 
PARAMETRIC_REPRESENTATION_CONTEXT() REPRESENTATION_CONTEXT('2D SPACE',''
  ) );
#7811 = PCURVE('',#7759,#7812);
#7812 = DEFINITIONAL_REPRESENTATION('',(#7813),#7817);
#7813 = LINE('',#7814,#7815);
#7814 = CARTESIAN_POINT('',(0.,0.));
#7815 = VECTOR('',#7816,1.);
#7816 = DIRECTION('',(0.,-1.));
#7817 = ( GEOMETRIC_REPRESENTATION_CONTEXT(2) 
PARAMETRIC_REPRESENTATION_CONTEXT() REPRESENTATION_CONTEXT('2D SPACE',''
  ) );
#7818 = ADVANCED_FACE('',(#7819),#7759,.F.);
#7819 = FACE_BOUND('',#7820,.F.);
#7820 = EDGE_LOOP('',(#7821,#7822,#7823));
#7821 = ORIENTED_EDGE('',*,*,#7772,.T.);
#7822 = ORIENTED_EDGE('',*,*,#7744,.T.);
#7823 = ORIENTED_EDGE('',*,*,#7798,.T.);
#7824 = ( GEOMETRIC_REPRESENTATION_CONTEXT(3) 
GLOBAL_UNCERTAINTY_ASSIGNED_CONTEXT((#7828)) 
GLOBAL_UNIT_ASSIGNED_CONTEXT((#7825,#7826,#7827)) REPRESENTATION_CONTEXT
('Context #1','3D Context with UNIT and UNCERTAINTY') );
#7825 = ( LENGTH_UNIT() NAMED_UNIT(*) SI_UNIT(.MILLI.,.METRE.) );
#7826 = ( NAMED_UNIT(*) PLANE_ANGLE_UNIT() SI_UNIT($,.RADIAN.) );
#7827 = ( NAMED_UNIT(*) SI_UNIT($,.STERADIAN.) SOLID_ANGLE_UNIT() );
#7828 = UNCERTAINTY_MEASURE_WITH_UNIT(LENGTH_MEASURE(2.E-06),#7825,
  'distance_accuracy_value','confusion accuracy');
#7829 = CONTEXT_DEPENDENT_SHAPE_REPRESENTATION(#7830,#7832);
#7830 = ( REPRESENTATION_RELATIONSHIP('','',#5365,#10) 
REPRESENTATION_RELATIONSHIP_WITH_TRANSFORMATION(#7831) 
SHAPE_REPRESENTATION_RELATIONSHIP() );
#7831 = ITEM_DEFINED_TRANSFORMATION('','',#11,#23);
#7832 = PRODUCT_DEFINITION_SHAPE('Placement','Placement of an item',
  #7833);
#7833 = NEXT_ASSEMBLY_USAGE_OCCURRENCE('25','','',#5,#5360,$);
#7834 = PRODUCT_RELATED_PRODUCT_CATEGORY('part',$,(#5362));
#7835 = SHAPE_DEFINITION_REPRESENTATION(#7836,#7842);
#7836 = PRODUCT_DEFINITION_SHAPE('','',#7837);
#7837 = PRODUCT_DEFINITION('design','',#7838,#7841);
#7838 = PRODUCT_DEFINITION_FORMATION('','',#7839);
#7839 = PRODUCT('Open CASCADE STEP translator 7.8 3.4',
  'Open CASCADE STEP translator 7.8 3.4','',(#7840));
#7840 = PRODUCT_CONTEXT('',#2,'mechanical');
#7841 = PRODUCT_DEFINITION_CONTEXT('part definition',#2,'design');
#7842 = ADVANCED_BREP_SHAPE_REPRESENTATION('',(#11,#7843),#8365);
#7843 = MANIFOLD_SOLID_BREP('',#7844);
#7844 = CLOSED_SHELL('',(#7845,#7965,#8043,#8120,#8217,#8304,#8311,#8338
    ));
#7845 = ADVANCED_FACE('',(#7846),#7860,.F.);
#7846 = FACE_BOUND('',#7847,.F.);
#7847 = EDGE_LOOP('',(#7848,#7883,#7911,#7939));
#7848 = ORIENTED_EDGE('',*,*,#7849,.T.);
#7849 = EDGE_CURVE('',#7850,#7852,#7854,.T.);
#7850 = VERTEX_POINT('',#7851);
#7851 = CARTESIAN_POINT('',(1.,35.,10.));
#7852 = VERTEX_POINT('',#7853);
#7853 = CARTESIAN_POINT('',(1.,35.,13.));
#7854 = SURFACE_CURVE('',#7855,(#7859,#7871),.PCURVE_S1.);
#7855 = LINE('',#7856,#7857);
#7856 = CARTESIAN_POINT('',(1.,35.,10.));
#7857 = VECTOR('',#7858,1.);
#7858 = DIRECTION('',(0.,0.,1.));
#7859 = PCURVE('',#7860,#7865);
#7860 = PLANE('',#7861);
#7861 = AXIS2_PLACEMENT_3D('',#7862,#7863,#7864);
#7862 = CARTESIAN_POINT('',(1.,35.,10.));
#7863 = DIRECTION('',(0.,1.,0.));
#7864 = DIRECTION('',(1.,0.,0.));
#7865 = DEFINITIONAL_REPRESENTATION('',(#7866),#7870);
#7866 = LINE('',#7867,#7868);
#7867 = CARTESIAN_POINT('',(0.,0.));
#7868 = VECTOR('',#7869,1.);
#7869 = DIRECTION('',(0.,-1.));
#7870 = ( GEOMETRIC_REPRESENTATION_CONTEXT(2) 
PARAMETRIC_REPRESENTATION_CONTEXT() REPRESENTATION_CONTEXT('2D SPACE',''
  ) );
#7871 = PCURVE('',#7872,#7877);
#7872 = CYLINDRICAL_SURFACE('',#7873,3.);
#7873 = AXIS2_PLACEMENT_3D('',#7874,#7875,#7876);
#7874 = CARTESIAN_POINT('',(1.,38.,10.));
#7875 = DIRECTION('',(-0.,-0.,-1.));
#7876 = DIRECTION('',(1.,0.,0.));
#7877 = DEFINITIONAL_REPRESENTATION('',(#7878),#7882);
#7878 = LINE('',#7879,#7880);
#7879 = CARTESIAN_POINT('',(-4.712388980385,0.));
#7880 = VECTOR('',#7881,1.);
#7881 = DIRECTION('',(-0.,-1.));
#7882 = ( GEOMETRIC_REPRESENTATION_CONTEXT(2) 
PARAMETRIC_REPRESENTATION_CONTEXT() REPRESENTATION_CONTEXT('2D SPACE',''
  ) );
#7883 = ORIENTED_EDGE('',*,*,#7884,.T.);
#7884 = EDGE_CURVE('',#7852,#7885,#7887,.T.);
#7885 = VERTEX_POINT('',#7886);
#7886 = CARTESIAN_POINT('',(43.3,35.,13.));
#7887 = SURFACE_CURVE('',#7888,(#7892,#7899),.PCURVE_S1.);
#7888 = LINE('',#7889,#7890);
#7889 = CARTESIAN_POINT('',(1.,35.,13.));
#7890 = VECTOR('',#7891,1.);
#7891 = DIRECTION('',(1.,0.,0.));
#7892 = PCURVE('',#7860,#7893);
#7893 = DEFINITIONAL_REPRESENTATION('',(#7894),#7898);
#7894 = LINE('',#7895,#7896);
#7895 = CARTESIAN_POINT('',(0.,-3.));
#7896 = VECTOR('',#7897,1.);
#7897 = DIRECTION('',(1.,0.));
#7898 = ( GEOMETRIC_REPRESENTATION_CONTEXT(2) 
PARAMETRIC_REPRESENTATION_CONTEXT() REPRESENTATION_CONTEXT('2D SPACE',''
  ) );
#7899 = PCURVE('',#7900,#7905);
#7900 = PLANE('',#7901);
#7901 = AXIS2_PLACEMENT_3D('',#7902,#7903,#7904);
#7902 = CARTESIAN_POINT('',(22.15,38.,13.));
#7903 = DIRECTION('',(0.,0.,1.));
#7904 = DIRECTION('',(1.,0.,-0.));
#7905 = DEFINITIONAL_REPRESENTATION('',(#7906),#7910);
#7906 = LINE('',#7907,#7908);
#7907 = CARTESIAN_POINT('',(-21.15,-3.));
#7908 = VECTOR('',#7909,1.);
#7909 = DIRECTION('',(1.,0.));
#7910 = ( GEOMETRIC_REPRESENTATION_CONTEXT(2) 
PARAMETRIC_REPRESENTATION_CONTEXT() REPRESENTATION_CONTEXT('2D SPACE',''
  ) );
#7911 = ORIENTED_EDGE('',*,*,#7912,.F.);
#7912 = EDGE_CURVE('',#7913,#7885,#7915,.T.);
#7913 = VERTEX_POINT('',#7914);
#7914 = CARTESIAN_POINT('',(43.3,35.,10.));
#7915 = SURFACE_CURVE('',#7916,(#7920,#7927),.PCURVE_S1.);
#7916 = LINE('',#7917,#7918);
#7917 = CARTESIAN_POINT('',(43.3,35.,10.));
#7918 = VECTOR('',#7919,1.);
#7919 = DIRECTION('',(0.,0.,1.));
#7920 = PCURVE('',#7860,#7921);
#7921 = DEFINITIONAL_REPRESENTATION('',(#7922),#7926);
#7922 = LINE('',#7923,#7924);
#7923 = CARTESIAN_POINT('',(42.3,0.));
#7924 = VECTOR('',#7925,1.);
#7925 = DIRECTION('',(0.,-1.));
#7926 = ( GEOMETRIC_REPRESENTATION_CONTEXT(2) 
PARAMETRIC_REPRESENTATION_CONTEXT() REPRESENTATION_CONTEXT('2D SPACE',''
  ) );
#7927 = PCURVE('',#7928,#7933);
#7928 = CYLINDRICAL_SURFACE('',#7929,3.);
#7929 = AXIS2_PLACEMENT_3D('',#7930,#7931,#7932);
#7930 = CARTESIAN_POINT('',(43.3,38.,10.));
#7931 = DIRECTION('',(-0.,-0.,-1.));
#7932 = DIRECTION('',(1.,0.,0.));
#7933 = DEFINITIONAL_REPRESENTATION('',(#7934),#7938);
#7934 = LINE('',#7935,#7936);
#7935 = CARTESIAN_POINT('',(-4.712388980385,0.));
#7936 = VECTOR('',#7937,1.);
#7937 = DIRECTION('',(-0.,-1.));
#7938 = ( GEOMETRIC_REPRESENTATION_CONTEXT(2) 
PARAMETRIC_REPRESENTATION_CONTEXT() REPRESENTATION_CONTEXT('2D SPACE',''
  ) );
#7939 = ORIENTED_EDGE('',*,*,#7940,.F.);
#7940 = EDGE_CURVE('',#7850,#7913,#7941,.T.);
#7941 = SURFACE_CURVE('',#7942,(#7946,#7953),.PCURVE_S1.);
#7942 = LINE('',#7943,#7944);
#7943 = CARTESIAN_POINT('',(1.,35.,10.));
#7944 = VECTOR('',#7945,1.);
#7945 = DIRECTION('',(1.,0.,0.));
#7946 = PCURVE('',#7860,#7947);
#7947 = DEFINITIONAL_REPRESENTATION('',(#7948),#7952);
#7948 = LINE('',#7949,#7950);
#7949 = CARTESIAN_POINT('',(0.,0.));
#7950 = VECTOR('',#7951,1.);
#7951 = DIRECTION('',(1.,0.));
#7952 = ( GEOMETRIC_REPRESENTATION_CONTEXT(2) 
PARAMETRIC_REPRESENTATION_CONTEXT() REPRESENTATION_CONTEXT('2D SPACE',''
  ) );
#7953 = PCURVE('',#7954,#7959);
#7954 = PLANE('',#7955);
#7955 = AXIS2_PLACEMENT_3D('',#7956,#7957,#7958);
#7956 = CARTESIAN_POINT('',(22.15,38.,10.));
#7957 = DIRECTION('',(0.,0.,1.));
#7958 = DIRECTION('',(1.,0.,-0.));
#7959 = DEFINITIONAL_REPRESENTATION('',(#7960),#7964);
#7960 = LINE('',#7961,#7962);
#7961 = CARTESIAN_POINT('',(-21.15,-3.));
#7962 = VECTOR('',#7963,1.);
#7963 = DIRECTION('',(1.,0.));
#7964 = ( GEOMETRIC_REPRESENTATION_CONTEXT(2) 
PARAMETRIC_REPRESENTATION_CONTEXT() REPRESENTATION_CONTEXT('2D SPACE',''
  ) );
#7965 = ADVANCED_FACE('',(#7966),#7872,.T.);
#7966 = FACE_BOUND('',#7967,.F.);
#7967 = EDGE_LOOP('',(#7968,#7992,#8020,#8042));
#7968 = ORIENTED_EDGE('',*,*,#7969,.F.);
#7969 = EDGE_CURVE('',#7970,#7850,#7972,.T.);
#7970 = VERTEX_POINT('',#7971);
#7971 = CARTESIAN_POINT('',(1.,41.,10.));
#7972 = SURFACE_CURVE('',#7973,(#7978,#7985),.PCURVE_S1.);
#7973 = CIRCLE('',#7974,3.);
#7974 = AXIS2_PLACEMENT_3D('',#7975,#7976,#7977);
#7975 = CARTESIAN_POINT('',(1.,38.,10.));
#7976 = DIRECTION('',(0.,0.,1.));
#7977 = DIRECTION('',(1.,0.,0.));
#7978 = PCURVE('',#7872,#7979);
#7979 = DEFINITIONAL_REPRESENTATION('',(#7980),#7984);
#7980 = LINE('',#7981,#7982);
#7981 = CARTESIAN_POINT('',(-0.,0.));
#7982 = VECTOR('',#7983,1.);
#7983 = DIRECTION('',(-1.,0.));
#7984 = ( GEOMETRIC_REPRESENTATION_CONTEXT(2) 
PARAMETRIC_REPRESENTATION_CONTEXT() REPRESENTATION_CONTEXT('2D SPACE',''
  ) );
#7985 = PCURVE('',#7954,#7986);
#7986 = DEFINITIONAL_REPRESENTATION('',(#7987),#7991);
#7987 = CIRCLE('',#7988,3.);
#7988 = AXIS2_PLACEMENT_2D('',#7989,#7990);
#7989 = CARTESIAN_POINT('',(-21.15,0.));
#7990 = DIRECTION('',(1.,0.));
#7991 = ( GEOMETRIC_REPRESENTATION_CONTEXT(2) 
PARAMETRIC_REPRESENTATION_CONTEXT() REPRESENTATION_CONTEXT('2D SPACE',''
  ) );
#7992 = ORIENTED_EDGE('',*,*,#7993,.T.);
#7993 = EDGE_CURVE('',#7970,#7994,#7996,.T.);
#7994 = VERTEX_POINT('',#7995);
#7995 = CARTESIAN_POINT('',(1.,41.,13.));
#7996 = SURFACE_CURVE('',#7997,(#8001,#8008),.PCURVE_S1.);
#7997 = LINE('',#7998,#7999);
#7998 = CARTESIAN_POINT('',(1.,41.,10.));
#7999 = VECTOR('',#8000,1.);
#8000 = DIRECTION('',(0.,0.,1.));
#8001 = PCURVE('',#7872,#8002);
#8002 = DEFINITIONAL_REPRESENTATION('',(#8003),#8007);
#8003 = LINE('',#8004,#8005);
#8004 = CARTESIAN_POINT('',(-1.570796326795,0.));
#8005 = VECTOR('',#8006,1.);
#8006 = DIRECTION('',(-0.,-1.));
#8007 = ( GEOMETRIC_REPRESENTATION_CONTEXT(2) 
PARAMETRIC_REPRESENTATION_CONTEXT() REPRESENTATION_CONTEXT('2D SPACE',''
  ) );
#8008 = PCURVE('',#8009,#8014);
#8009 = PLANE('',#8010);
#8010 = AXIS2_PLACEMENT_3D('',#8011,#8012,#8013);
#8011 = CARTESIAN_POINT('',(43.3,41.,10.));
#8012 = DIRECTION('',(0.,-1.,0.));
#8013 = DIRECTION('',(-1.,0.,0.));
#8014 = DEFINITIONAL_REPRESENTATION('',(#8015),#8019);
#8015 = LINE('',#8016,#8017);
#8016 = CARTESIAN_POINT('',(42.3,0.));
#8017 = VECTOR('',#8018,1.);
#8018 = DIRECTION('',(0.,-1.));
#8019 = ( GEOMETRIC_REPRESENTATION_CONTEXT(2) 
PARAMETRIC_REPRESENTATION_CONTEXT() REPRESENTATION_CONTEXT('2D SPACE',''
  ) );
#8020 = ORIENTED_EDGE('',*,*,#8021,.T.);
#8021 = EDGE_CURVE('',#7994,#7852,#8022,.T.);
#8022 = SURFACE_CURVE('',#8023,(#8028,#8035),.PCURVE_S1.);
#8023 = CIRCLE('',#8024,3.);
#8024 = AXIS2_PLACEMENT_3D('',#8025,#8026,#8027);
#8025 = CARTESIAN_POINT('',(1.,38.,13.));
#8026 = DIRECTION('',(0.,0.,1.));
#8027 = DIRECTION('',(1.,0.,0.));
#8028 = PCURVE('',#7872,#8029);
#8029 = DEFINITIONAL_REPRESENTATION('',(#8030),#8034);
#8030 = LINE('',#8031,#8032);
#8031 = CARTESIAN_POINT('',(-0.,-3.));
#8032 = VECTOR('',#8033,1.);
#8033 = DIRECTION('',(-1.,0.));
#8034 = ( GEOMETRIC_REPRESENTATION_CONTEXT(2) 
PARAMETRIC_REPRESENTATION_CONTEXT() REPRESENTATION_CONTEXT('2D SPACE',''
  ) );
#8035 = PCURVE('',#7900,#8036);
#8036 = DEFINITIONAL_REPRESENTATION('',(#8037),#8041);
#8037 = CIRCLE('',#8038,3.);
#8038 = AXIS2_PLACEMENT_2D('',#8039,#8040);
#8039 = CARTESIAN_POINT('',(-21.15,0.));
#8040 = DIRECTION('',(1.,0.));
#8041 = ( GEOMETRIC_REPRESENTATION_CONTEXT(2) 
PARAMETRIC_REPRESENTATION_CONTEXT() REPRESENTATION_CONTEXT('2D SPACE',''
  ) );
#8042 = ORIENTED_EDGE('',*,*,#7849,.F.);
#8043 = ADVANCED_FACE('',(#8044),#7928,.T.);
#8044 = FACE_BOUND('',#8045,.F.);
#8045 = EDGE_LOOP('',(#8046,#8074,#8097,#8119));
#8046 = ORIENTED_EDGE('',*,*,#8047,.F.);
#8047 = EDGE_CURVE('',#8048,#7885,#8050,.T.);
#8048 = VERTEX_POINT('',#8049);
#8049 = CARTESIAN_POINT('',(43.3,41.,13.));
#8050 = SURFACE_CURVE('',#8051,(#8056,#8063),.PCURVE_S1.);
#8051 = CIRCLE('',#8052,3.);
#8052 = AXIS2_PLACEMENT_3D('',#8053,#8054,#8055);
#8053 = CARTESIAN_POINT('',(43.3,38.,13.));
#8054 = DIRECTION('',(0.,0.,-1.));
#8055 = DIRECTION('',(0.,1.,0.));
#8056 = PCURVE('',#7928,#8057);
#8057 = DEFINITIONAL_REPRESENTATION('',(#8058),#8062);
#8058 = LINE('',#8059,#8060);
#8059 = CARTESIAN_POINT('',(-7.853981633974,-3.));
#8060 = VECTOR('',#8061,1.);
#8061 = DIRECTION('',(1.,-0.));
#8062 = ( GEOMETRIC_REPRESENTATION_CONTEXT(2) 
PARAMETRIC_REPRESENTATION_CONTEXT() REPRESENTATION_CONTEXT('2D SPACE',''
  ) );
#8063 = PCURVE('',#7900,#8064);
#8064 = DEFINITIONAL_REPRESENTATION('',(#8065),#8073);
#8065 = ( BOUNDED_CURVE() B_SPLINE_CURVE(2,(#8066,#8067,#8068,#8069,
#8070,#8071,#8072),.UNSPECIFIED.,.T.,.F.) B_SPLINE_CURVE_WITH_KNOTS((1,2
    ,2,2,2,1),(-2.094395102393,0.,2.094395102393,4.188790204786,
6.28318530718,8.377580409573),.UNSPECIFIED.) CURVE() 
GEOMETRIC_REPRESENTATION_ITEM() RATIONAL_B_SPLINE_CURVE((1.,0.5,1.,0.5,
1.,0.5,1.)) REPRESENTATION_ITEM('') );
#8066 = CARTESIAN_POINT('',(21.15,3.));
#8067 = CARTESIAN_POINT('',(26.346152422707,3.));
#8068 = CARTESIAN_POINT('',(23.748076211353,-1.5));
#8069 = CARTESIAN_POINT('',(21.15,-6.));
#8070 = CARTESIAN_POINT('',(18.551923788647,-1.5));
#8071 = CARTESIAN_POINT('',(15.953847577293,3.));
#8072 = CARTESIAN_POINT('',(21.15,3.));
#8073 = ( GEOMETRIC_REPRESENTATION_CONTEXT(2) 
PARAMETRIC_REPRESENTATION_CONTEXT() REPRESENTATION_CONTEXT('2D SPACE',''
  ) );
#8074 = ORIENTED_EDGE('',*,*,#8075,.F.);
#8075 = EDGE_CURVE('',#8076,#8048,#8078,.T.);
#8076 = VERTEX_POINT('',#8077);
#8077 = CARTESIAN_POINT('',(43.3,41.,10.));
#8078 = SURFACE_CURVE('',#8079,(#8083,#8090),.PCURVE_S1.);
#8079 = LINE('',#8080,#8081);
#8080 = CARTESIAN_POINT('',(43.3,41.,10.));
#8081 = VECTOR('',#8082,1.);
#8082 = DIRECTION('',(0.,0.,1.));
#8083 = PCURVE('',#7928,#8084);
#8084 = DEFINITIONAL_REPRESENTATION('',(#8085),#8089);
#8085 = LINE('',#8086,#8087);
#8086 = CARTESIAN_POINT('',(-7.853981633974,0.));
#8087 = VECTOR('',#8088,1.);
#8088 = DIRECTION('',(-0.,-1.));
#8089 = ( GEOMETRIC_REPRESENTATION_CONTEXT(2) 
PARAMETRIC_REPRESENTATION_CONTEXT() REPRESENTATION_CONTEXT('2D SPACE',''
  ) );
#8090 = PCURVE('',#8009,#8091);
#8091 = DEFINITIONAL_REPRESENTATION('',(#8092),#8096);
#8092 = LINE('',#8093,#8094);
#8093 = CARTESIAN_POINT('',(0.,-0.));
#8094 = VECTOR('',#8095,1.);
#8095 = DIRECTION('',(0.,-1.));
#8096 = ( GEOMETRIC_REPRESENTATION_CONTEXT(2) 
PARAMETRIC_REPRESENTATION_CONTEXT() REPRESENTATION_CONTEXT('2D SPACE',''
  ) );
#8097 = ORIENTED_EDGE('',*,*,#8098,.F.);
#8098 = EDGE_CURVE('',#7913,#8076,#8099,.T.);
#8099 = SURFACE_CURVE('',#8100,(#8105,#8112),.PCURVE_S1.);
#8100 = CIRCLE('',#8101,3.);
#8101 = AXIS2_PLACEMENT_3D('',#8102,#8103,#8104);
#8102 = CARTESIAN_POINT('',(43.3,38.,10.));
#8103 = DIRECTION('',(0.,0.,1.));
#8104 = DIRECTION('',(0.,-1.,0.));
#8105 = PCURVE('',#7928,#8106);
#8106 = DEFINITIONAL_REPRESENTATION('',(#8107),#8111);
#8107 = LINE('',#8108,#8109);
#8108 = CARTESIAN_POINT('',(-4.712388980385,0.));
#8109 = VECTOR('',#8110,1.);
#8110 = DIRECTION('',(-1.,0.));
#8111 = ( GEOMETRIC_REPRESENTATION_CONTEXT(2) 
PARAMETRIC_REPRESENTATION_CONTEXT() REPRESENTATION_CONTEXT('2D SPACE',''
  ) );
#8112 = PCURVE('',#7954,#8113);
#8113 = DEFINITIONAL_REPRESENTATION('',(#8114),#8118);
#8114 = CIRCLE('',#8115,3.);
#8115 = AXIS2_PLACEMENT_2D('',#8116,#8117);
#8116 = CARTESIAN_POINT('',(21.15,0.));
#8117 = DIRECTION('',(0.,-1.));
#8118 = ( GEOMETRIC_REPRESENTATION_CONTEXT(2) 
PARAMETRIC_REPRESENTATION_CONTEXT() REPRESENTATION_CONTEXT('2D SPACE',''
  ) );
#8119 = ORIENTED_EDGE('',*,*,#7912,.T.);
#8120 = ADVANCED_FACE('',(#8121,#8147,#8182),#7954,.F.);
#8121 = FACE_BOUND('',#8122,.F.);
#8122 = EDGE_LOOP('',(#8123,#8124,#8125,#8146));
#8123 = ORIENTED_EDGE('',*,*,#7940,.T.);
#8124 = ORIENTED_EDGE('',*,*,#8098,.T.);
#8125 = ORIENTED_EDGE('',*,*,#8126,.T.);
#8126 = EDGE_CURVE('',#8076,#7970,#8127,.T.);
#8127 = SURFACE_CURVE('',#8128,(#8132,#8139),.PCURVE_S1.);
#8128 = LINE('',#8129,#8130);
#8129 = CARTESIAN_POINT('',(43.3,41.,10.));
#8130 = VECTOR('',#8131,1.);
#8131 = DIRECTION('',(-1.,0.,0.));
#8132 = PCURVE('',#7954,#8133);
#8133 = DEFINITIONAL_REPRESENTATION('',(#8134),#8138);
#8134 = LINE('',#8135,#8136);
#8135 = CARTESIAN_POINT('',(21.15,3.));
#8136 = VECTOR('',#8137,1.);
#8137 = DIRECTION('',(-1.,0.));
#8138 = ( GEOMETRIC_REPRESENTATION_CONTEXT(2) 
PARAMETRIC_REPRESENTATION_CONTEXT() REPRESENTATION_CONTEXT('2D SPACE',''
  ) );
#8139 = PCURVE('',#8009,#8140);
#8140 = DEFINITIONAL_REPRESENTATION('',(#8141),#8145);
#8141 = LINE('',#8142,#8143);
#8142 = CARTESIAN_POINT('',(0.,-0.));
#8143 = VECTOR('',#8144,1.);
#8144 = DIRECTION('',(1.,0.));
#8145 = ( GEOMETRIC_REPRESENTATION_CONTEXT(2) 
PARAMETRIC_REPRESENTATION_CONTEXT() REPRESENTATION_CONTEXT('2D SPACE',''
  ) );
#8146 = ORIENTED_EDGE('',*,*,#7969,.T.);
#8147 = FACE_BOUND('',#8148,.F.);
#8148 = EDGE_LOOP('',(#8149));
#8149 = ORIENTED_EDGE('',*,*,#8150,.T.);
#8150 = EDGE_CURVE('',#8151,#8151,#8153,.T.);
#8151 = VERTEX_POINT('',#8152);
#8152 = CARTESIAN_POINT('',(-0.6,38.,10.));
#8153 = SURFACE_CURVE('',#8154,(#8159,#8170),.PCURVE_S1.);
#8154 = CIRCLE('',#8155,1.6);
#8155 = AXIS2_PLACEMENT_3D('',#8156,#8157,#8158);
#8156 = CARTESIAN_POINT('',(1.,38.,10.));
#8157 = DIRECTION('',(0.,0.,-1.));
#8158 = DIRECTION('',(-1.,0.,0.));
#8159 = PCURVE('',#7954,#8160);
#8160 = DEFINITIONAL_REPRESENTATION('',(#8161),#8169);
#8161 = ( BOUNDED_CURVE() B_SPLINE_CURVE(2,(#8162,#8163,#8164,#8165,
#8166,#8167,#8168),.UNSPECIFIED.,.T.,.F.) B_SPLINE_CURVE_WITH_KNOTS((1,2
    ,2,2,2,1),(-2.094395102393,0.,2.094395102393,4.188790204786,
6.28318530718,8.377580409573),.UNSPECIFIED.) CURVE() 
GEOMETRIC_REPRESENTATION_ITEM() RATIONAL_B_SPLINE_CURVE((1.,0.5,1.,0.5,
1.,0.5,1.)) REPRESENTATION_ITEM('') );
#8162 = CARTESIAN_POINT('',(-22.75,0.));
#8163 = CARTESIAN_POINT('',(-22.75,2.77128129211));
#8164 = CARTESIAN_POINT('',(-20.35,1.385640646055));
#8165 = CARTESIAN_POINT('',(-17.95,3.918869757272E-16));
#8166 = CARTESIAN_POINT('',(-20.35,-1.385640646055));
#8167 = CARTESIAN_POINT('',(-22.75,-2.77128129211));
#8168 = CARTESIAN_POINT('',(-22.75,0.));
#8169 = ( GEOMETRIC_REPRESENTATION_CONTEXT(2) 
PARAMETRIC_REPRESENTATION_CONTEXT() REPRESENTATION_CONTEXT('2D SPACE',''
  ) );
#8170 = PCURVE('',#8171,#8176);
#8171 = CYLINDRICAL_SURFACE('',#8172,1.6);
#8172 = AXIS2_PLACEMENT_3D('',#8173,#8174,#8175);
#8173 = CARTESIAN_POINT('',(1.,38.,13.));
#8174 = DIRECTION('',(0.,0.,-1.));
#8175 = DIRECTION('',(-1.,0.,0.));
#8176 = DEFINITIONAL_REPRESENTATION('',(#8177),#8181);
#8177 = LINE('',#8178,#8179);
#8178 = CARTESIAN_POINT('',(0.,3.));
#8179 = VECTOR('',#8180,1.);
#8180 = DIRECTION('',(1.,0.));
#8181 = ( GEOMETRIC_REPRESENTATION_CONTEXT(2) 
PARAMETRIC_REPRESENTATION_CONTEXT() REPRESENTATION_CONTEXT('2D SPACE',''
  ) );
#8182 = FACE_BOUND('',#8183,.F.);
#8183 = EDGE_LOOP('',(#8184));
#8184 = ORIENTED_EDGE('',*,*,#8185,.T.);
#8185 = EDGE_CURVE('',#8186,#8186,#8188,.T.);
#8186 = VERTEX_POINT('',#8187);
#8187 = CARTESIAN_POINT('',(41.7,38.,10.));
#8188 = SURFACE_CURVE('',#8189,(#8194,#8205),.PCURVE_S1.);
#8189 = CIRCLE('',#8190,1.6);
#8190 = AXIS2_PLACEMENT_3D('',#8191,#8192,#8193);
#8191 = CARTESIAN_POINT('',(43.3,38.,10.));
#8192 = DIRECTION('',(0.,0.,-1.));
#8193 = DIRECTION('',(-1.,0.,0.));
#8194 = PCURVE('',#7954,#8195);
#8195 = DEFINITIONAL_REPRESENTATION('',(#8196),#8204);
#8196 = ( BOUNDED_CURVE() B_SPLINE_CURVE(2,(#8197,#8198,#8199,#8200,
#8201,#8202,#8203),.UNSPECIFIED.,.T.,.F.) B_SPLINE_CURVE_WITH_KNOTS((1,2
    ,2,2,2,1),(-2.094395102393,0.,2.094395102393,4.188790204786,
6.28318530718,8.377580409573),.UNSPECIFIED.) CURVE() 
GEOMETRIC_REPRESENTATION_ITEM() RATIONAL_B_SPLINE_CURVE((1.,0.5,1.,0.5,
1.,0.5,1.)) REPRESENTATION_ITEM('') );
#8197 = CARTESIAN_POINT('',(19.55,0.));
#8198 = CARTESIAN_POINT('',(19.55,2.77128129211));
#8199 = CARTESIAN_POINT('',(21.95,1.385640646055));
#8200 = CARTESIAN_POINT('',(24.35,3.918869757272E-16));
#8201 = CARTESIAN_POINT('',(21.95,-1.385640646055));
#8202 = CARTESIAN_POINT('',(19.55,-2.77128129211));
#8203 = CARTESIAN_POINT('',(19.55,0.));
#8204 = ( GEOMETRIC_REPRESENTATION_CONTEXT(2) 
PARAMETRIC_REPRESENTATION_CONTEXT() REPRESENTATION_CONTEXT('2D SPACE',''
  ) );
#8205 = PCURVE('',#8206,#8211);
#8206 = CYLINDRICAL_SURFACE('',#8207,1.6);
#8207 = AXIS2_PLACEMENT_3D('',#8208,#8209,#8210);
#8208 = CARTESIAN_POINT('',(43.3,38.,13.));
#8209 = DIRECTION('',(0.,0.,-1.));
#8210 = DIRECTION('',(-1.,0.,0.));
#8211 = DEFINITIONAL_REPRESENTATION('',(#8212),#8216);
#8212 = LINE('',#8213,#8214);
#8213 = CARTESIAN_POINT('',(0.,3.));
#8214 = VECTOR('',#8215,1.);
#8215 = DIRECTION('',(1.,0.));
#8216 = ( GEOMETRIC_REPRESENTATION_CONTEXT(2) 
PARAMETRIC_REPRESENTATION_CONTEXT() REPRESENTATION_CONTEXT('2D SPACE',''
  ) );
#8217 = ADVANCED_FACE('',(#8218,#8244,#8274),#7900,.T.);
#8218 = FACE_BOUND('',#8219,.T.);
#8219 = EDGE_LOOP('',(#8220,#8221,#8222,#8243));
#8220 = ORIENTED_EDGE('',*,*,#7884,.T.);
#8221 = ORIENTED_EDGE('',*,*,#8047,.F.);
#8222 = ORIENTED_EDGE('',*,*,#8223,.T.);
#8223 = EDGE_CURVE('',#8048,#7994,#8224,.T.);
#8224 = SURFACE_CURVE('',#8225,(#8229,#8236),.PCURVE_S1.);
#8225 = LINE('',#8226,#8227);
#8226 = CARTESIAN_POINT('',(43.3,41.,13.));
#8227 = VECTOR('',#8228,1.);
#8228 = DIRECTION('',(-1.,0.,0.));
#8229 = PCURVE('',#7900,#8230);
#8230 = DEFINITIONAL_REPRESENTATION('',(#8231),#8235);
#8231 = LINE('',#8232,#8233);
#8232 = CARTESIAN_POINT('',(21.15,3.));
#8233 = VECTOR('',#8234,1.);
#8234 = DIRECTION('',(-1.,0.));
#8235 = ( GEOMETRIC_REPRESENTATION_CONTEXT(2) 
PARAMETRIC_REPRESENTATION_CONTEXT() REPRESENTATION_CONTEXT('2D SPACE',''
  ) );
#8236 = PCURVE('',#8009,#8237);
#8237 = DEFINITIONAL_REPRESENTATION('',(#8238),#8242);
#8238 = LINE('',#8239,#8240);
#8239 = CARTESIAN_POINT('',(0.,-3.));
#8240 = VECTOR('',#8241,1.);
#8241 = DIRECTION('',(1.,0.));
#8242 = ( GEOMETRIC_REPRESENTATION_CONTEXT(2) 
PARAMETRIC_REPRESENTATION_CONTEXT() REPRESENTATION_CONTEXT('2D SPACE',''
  ) );
#8243 = ORIENTED_EDGE('',*,*,#8021,.T.);
#8244 = FACE_BOUND('',#8245,.T.);
#8245 = EDGE_LOOP('',(#8246));
#8246 = ORIENTED_EDGE('',*,*,#8247,.T.);
#8247 = EDGE_CURVE('',#8248,#8248,#8250,.T.);
#8248 = VERTEX_POINT('',#8249);
#8249 = CARTESIAN_POINT('',(-0.6,38.,13.));
#8250 = SURFACE_CURVE('',#8251,(#8256,#8267),.PCURVE_S1.);
#8251 = CIRCLE('',#8252,1.6);
#8252 = AXIS2_PLACEMENT_3D('',#8253,#8254,#8255);
#8253 = CARTESIAN_POINT('',(1.,38.,13.));
#8254 = DIRECTION('',(0.,0.,-1.));
#8255 = DIRECTION('',(-1.,0.,0.));
#8256 = PCURVE('',#7900,#8257);
#8257 = DEFINITIONAL_REPRESENTATION('',(#8258),#8266);
#8258 = ( BOUNDED_CURVE() B_SPLINE_CURVE(2,(#8259,#8260,#8261,#8262,
#8263,#8264,#8265),.UNSPECIFIED.,.T.,.F.) B_SPLINE_CURVE_WITH_KNOTS((1,2
    ,2,2,2,1),(-2.094395102393,0.,2.094395102393,4.188790204786,
6.28318530718,8.377580409573),.UNSPECIFIED.) CURVE() 
GEOMETRIC_REPRESENTATION_ITEM() RATIONAL_B_SPLINE_CURVE((1.,0.5,1.,0.5,
1.,0.5,1.)) REPRESENTATION_ITEM('') );
#8259 = CARTESIAN_POINT('',(-22.75,0.));
#8260 = CARTESIAN_POINT('',(-22.75,2.77128129211));
#8261 = CARTESIAN_POINT('',(-20.35,1.385640646055));
#8262 = CARTESIAN_POINT('',(-17.95,3.918869757272E-16));
#8263 = CARTESIAN_POINT('',(-20.35,-1.385640646055));
#8264 = CARTESIAN_POINT('',(-22.75,-2.77128129211));
#8265 = CARTESIAN_POINT('',(-22.75,0.));
#8266 = ( GEOMETRIC_REPRESENTATION_CONTEXT(2) 
PARAMETRIC_REPRESENTATION_CONTEXT() REPRESENTATION_CONTEXT('2D SPACE',''
  ) );
#8267 = PCURVE('',#8171,#8268);
#8268 = DEFINITIONAL_REPRESENTATION('',(#8269),#8273);
#8269 = LINE('',#8270,#8271);
#8270 = CARTESIAN_POINT('',(0.,0.));
#8271 = VECTOR('',#8272,1.);
#8272 = DIRECTION('',(1.,0.));
#8273 = ( GEOMETRIC_REPRESENTATION_CONTEXT(2) 
PARAMETRIC_REPRESENTATION_CONTEXT() REPRESENTATION_CONTEXT('2D SPACE',''
  ) );
#8274 = FACE_BOUND('',#8275,.T.);
#8275 = EDGE_LOOP('',(#8276));
#8276 = ORIENTED_EDGE('',*,*,#8277,.T.);
#8277 = EDGE_CURVE('',#8278,#8278,#8280,.T.);
#8278 = VERTEX_POINT('',#8279);
#8279 = CARTESIAN_POINT('',(41.7,38.,13.));
#8280 = SURFACE_CURVE('',#8281,(#8286,#8297),.PCURVE_S1.);
#8281 = CIRCLE('',#8282,1.6);
#8282 = AXIS2_PLACEMENT_3D('',#8283,#8284,#8285);
#8283 = CARTESIAN_POINT('',(43.3,38.,13.));
#8284 = DIRECTION('',(0.,0.,-1.));
#8285 = DIRECTION('',(-1.,0.,0.));
#8286 = PCURVE('',#7900,#8287);
#8287 = DEFINITIONAL_REPRESENTATION('',(#8288),#8296);
#8288 = ( BOUNDED_CURVE() B_SPLINE_CURVE(2,(#8289,#8290,#8291,#8292,
#8293,#8294,#8295),.UNSPECIFIED.,.T.,.F.) B_SPLINE_CURVE_WITH_KNOTS((1,2
    ,2,2,2,1),(-2.094395102393,0.,2.094395102393,4.188790204786,
6.28318530718,8.377580409573),.UNSPECIFIED.) CURVE() 
GEOMETRIC_REPRESENTATION_ITEM() RATIONAL_B_SPLINE_CURVE((1.,0.5,1.,0.5,
1.,0.5,1.)) REPRESENTATION_ITEM('') );
#8289 = CARTESIAN_POINT('',(19.55,0.));
#8290 = CARTESIAN_POINT('',(19.55,2.77128129211));
#8291 = CARTESIAN_POINT('',(21.95,1.385640646055));
#8292 = CARTESIAN_POINT('',(24.35,3.918869757272E-16));
#8293 = CARTESIAN_POINT('',(21.95,-1.385640646055));
#8294 = CARTESIAN_POINT('',(19.55,-2.77128129211));
#8295 = CARTESIAN_POINT('',(19.55,0.));
#8296 = ( GEOMETRIC_REPRESENTATION_CONTEXT(2) 
PARAMETRIC_REPRESENTATION_CONTEXT() REPRESENTATION_CONTEXT('2D SPACE',''
  ) );
#8297 = PCURVE('',#8206,#8298);
#8298 = DEFINITIONAL_REPRESENTATION('',(#8299),#8303);
#8299 = LINE('',#8300,#8301);
#8300 = CARTESIAN_POINT('',(0.,0.));
#8301 = VECTOR('',#8302,1.);
#8302 = DIRECTION('',(1.,0.));
#8303 = ( GEOMETRIC_REPRESENTATION_CONTEXT(2) 
PARAMETRIC_REPRESENTATION_CONTEXT() REPRESENTATION_CONTEXT('2D SPACE',''
  ) );
#8304 = ADVANCED_FACE('',(#8305),#8009,.F.);
#8305 = FACE_BOUND('',#8306,.F.);
#8306 = EDGE_LOOP('',(#8307,#8308,#8309,#8310));
#8307 = ORIENTED_EDGE('',*,*,#8075,.T.);
#8308 = ORIENTED_EDGE('',*,*,#8223,.T.);
#8309 = ORIENTED_EDGE('',*,*,#7993,.F.);
#8310 = ORIENTED_EDGE('',*,*,#8126,.F.);
#8311 = ADVANCED_FACE('',(#8312),#8171,.F.);
#8312 = FACE_BOUND('',#8313,.F.);
#8313 = EDGE_LOOP('',(#8314,#8315,#8336,#8337));
#8314 = ORIENTED_EDGE('',*,*,#8150,.F.);
#8315 = ORIENTED_EDGE('',*,*,#8316,.F.);
#8316 = EDGE_CURVE('',#8248,#8151,#8317,.T.);
#8317 = SEAM_CURVE('',#8318,(#8322,#8329),.PCURVE_S1.);
#8318 = LINE('',#8319,#8320);
#8319 = CARTESIAN_POINT('',(-0.6,38.,13.));
#8320 = VECTOR('',#8321,1.);
#8321 = DIRECTION('',(0.,0.,-1.));
#8322 = PCURVE('',#8171,#8323);
#8323 = DEFINITIONAL_REPRESENTATION('',(#8324),#8328);
#8324 = LINE('',#8325,#8326);
#8325 = CARTESIAN_POINT('',(6.28318530718,-0.));
#8326 = VECTOR('',#8327,1.);
#8327 = DIRECTION('',(0.,1.));
#8328 = ( GEOMETRIC_REPRESENTATION_CONTEXT(2) 
PARAMETRIC_REPRESENTATION_CONTEXT() REPRESENTATION_CONTEXT('2D SPACE',''
  ) );
#8329 = PCURVE('',#8171,#8330);
#8330 = DEFINITIONAL_REPRESENTATION('',(#8331),#8335);
#8331 = LINE('',#8332,#8333);
#8332 = CARTESIAN_POINT('',(0.,-0.));
#8333 = VECTOR('',#8334,1.);
#8334 = DIRECTION('',(0.,1.));
#8335 = ( GEOMETRIC_REPRESENTATION_CONTEXT(2) 
PARAMETRIC_REPRESENTATION_CONTEXT() REPRESENTATION_CONTEXT('2D SPACE',''
  ) );
#8336 = ORIENTED_EDGE('',*,*,#8247,.T.);
#8337 = ORIENTED_EDGE('',*,*,#8316,.T.);
#8338 = ADVANCED_FACE('',(#8339),#8206,.F.);
#8339 = FACE_BOUND('',#8340,.F.);
#8340 = EDGE_LOOP('',(#8341,#8342,#8363,#8364));
#8341 = ORIENTED_EDGE('',*,*,#8185,.F.);
#8342 = ORIENTED_EDGE('',*,*,#8343,.F.);
#8343 = EDGE_CURVE('',#8278,#8186,#8344,.T.);
#8344 = SEAM_CURVE('',#8345,(#8349,#8356),.PCURVE_S1.);
#8345 = LINE('',#8346,#8347);
#8346 = CARTESIAN_POINT('',(41.7,38.,13.));
#8347 = VECTOR('',#8348,1.);
#8348 = DIRECTION('',(0.,0.,-1.));
#8349 = PCURVE('',#8206,#8350);
#8350 = DEFINITIONAL_REPRESENTATION('',(#8351),#8355);
#8351 = LINE('',#8352,#8353);
#8352 = CARTESIAN_POINT('',(6.28318530718,-0.));
#8353 = VECTOR('',#8354,1.);
#8354 = DIRECTION('',(0.,1.));
#8355 = ( GEOMETRIC_REPRESENTATION_CONTEXT(2) 
PARAMETRIC_REPRESENTATION_CONTEXT() REPRESENTATION_CONTEXT('2D SPACE',''
  ) );
#8356 = PCURVE('',#8206,#8357);
#8357 = DEFINITIONAL_REPRESENTATION('',(#8358),#8362);
#8358 = LINE('',#8359,#8360);
#8359 = CARTESIAN_POINT('',(0.,-0.));
#8360 = VECTOR('',#8361,1.);
#8361 = DIRECTION('',(0.,1.));
#8362 = ( GEOMETRIC_REPRESENTATION_CONTEXT(2) 
PARAMETRIC_REPRESENTATION_CONTEXT() REPRESENTATION_CONTEXT('2D SPACE',''
  ) );
#8363 = ORIENTED_EDGE('',*,*,#8277,.T.);
#8364 = ORIENTED_EDGE('',*,*,#8343,.T.);
#8365 = ( GEOMETRIC_REPRESENTATION_CONTEXT(3) 
GLOBAL_UNCERTAINTY_ASSIGNED_CONTEXT((#8369)) 
GLOBAL_UNIT_ASSIGNED_CONTEXT((#8366,#8367,#8368)) REPRESENTATION_CONTEXT
('Context #1','3D Context with UNIT and UNCERTAINTY') );
#8366 = ( LENGTH_UNIT() NAMED_UNIT(*) SI_UNIT(.MILLI.,.METRE.) );
#8367 = ( NAMED_UNIT(*) PLANE_ANGLE_UNIT() SI_UNIT($,.RADIAN.) );
#8368 = ( NAMED_UNIT(*) SI_UNIT($,.STERADIAN.) SOLID_ANGLE_UNIT() );
#8369 = UNCERTAINTY_MEASURE_WITH_UNIT(LENGTH_MEASURE(1.E-07),#8366,
  'distance_accuracy_value','confusion accuracy');
#8370 = CONTEXT_DEPENDENT_SHAPE_REPRESENTATION(#8371,#8373);
#8371 = ( REPRESENTATION_RELATIONSHIP('','',#7842,#10) 
REPRESENTATION_RELATIONSHIP_WITH_TRANSFORMATION(#8372) 
SHAPE_REPRESENTATION_RELATIONSHIP() );
#8372 = ITEM_DEFINED_TRANSFORMATION('','',#11,#27);
#8373 = PRODUCT_DEFINITION_SHAPE('Placement','Placement of an item',
  #8374);
#8374 = NEXT_ASSEMBLY_USAGE_OCCURRENCE('26','','',#5,#7837,$);
#8375 = PRODUCT_RELATED_PRODUCT_CATEGORY('part',$,(#7839));
ENDSEC;
END-ISO-10303-21;
