ISO-10303-21;
HEADER;
FILE_DESCRIPTION(('Open CASCADE Model'),'2;1');
FILE_NAME('Open CASCADE Shape Model','2026-06-21T17:53:07',('Author'),(
    'Open CASCADE'),'Open CASCADE STEP processor 7.8','Open CASCADE 7.8'
  ,'Unknown');
FILE_SCHEMA(('AUTOMOTIVE_DESIGN { 1 0 10303 214 1 1 1 1 }'));
ENDSEC;
DATA;
#1 = APPLICATION_PROTOCOL_DEFINITION('international standard',
  'automotive_design',2000,#2);
#2 = APPLICATION_CONTEXT(
  'core data for automotive mechanical design processes');
#3 = SHAPE_DEFINITION_REPRESENTATION(#4,#10);
#4 = PRODUCT_DEFINITION_SHAPE('','',#5);
#5 = PRODUCT_DEFINITION('design','',#6,#9);
#6 = PRODUCT_DEFINITION_FORMATION('','',#7);
#7 = PRODUCT('Open CASCADE STEP translator 7.8 4',
  'Open CASCADE STEP translator 7.8 4','',(#8));
#8 = PRODUCT_CONTEXT('',#2,'mechanical');
#9 = PRODUCT_DEFINITION_CONTEXT('part definition',#2,'design');
#10 = SHAPE_REPRESENTATION('',(#11,#15,#19,#23,#27),#31);
#11 = AXIS2_PLACEMENT_3D('',#12,#13,#14);
#12 = CARTESIAN_POINT('',(0.,0.,0.));
#13 = DIRECTION('',(0.,0.,1.));
#14 = DIRECTION('',(1.,0.,-0.));
#15 = AXIS2_PLACEMENT_3D('',#16,#17,#18);
#16 = CARTESIAN_POINT('',(0.,0.,0.));
#17 = DIRECTION('',(0.,0.,1.));
#18 = DIRECTION('',(1.,0.,-0.));
#19 = AXIS2_PLACEMENT_3D('',#20,#21,#22);
#20 = CARTESIAN_POINT('',(0.,0.,0.));
#21 = DIRECTION('',(0.,0.,1.));
#22 = DIRECTION('',(1.,0.,-0.));
#23 = AXIS2_PLACEMENT_3D('',#24,#25,#26);
#24 = CARTESIAN_POINT('',(0.,0.,0.));
#25 = DIRECTION('',(0.,0.,1.));
#26 = DIRECTION('',(1.,0.,-0.));
#27 = AXIS2_PLACEMENT_3D('',#28,#29,#30);
#28 = CARTESIAN_POINT('',(0.,0.,0.));
#29 = DIRECTION('',(0.,0.,1.));
#30 = DIRECTION('',(1.,0.,-0.));
#31 = ( GEOMETRIC_REPRESENTATION_CONTEXT(3) 
GLOBAL_UNCERTAINTY_ASSIGNED_CONTEXT((#35)) GLOBAL_UNIT_ASSIGNED_CONTEXT(
(#32,#33,#34)) REPRESENTATION_CONTEXT('Context #1',
  '3D Context with UNIT and UNCERTAINTY') );
#32 = ( LENGTH_UNIT() NAMED_UNIT(*) SI_UNIT(.MILLI.,.METRE.) );
#33 = ( NAMED_UNIT(*) PLANE_ANGLE_UNIT() SI_UNIT($,.RADIAN.) );
#34 = ( NAMED_UNIT(*) SI_UNIT($,.STERADIAN.) SOLID_ANGLE_UNIT() );
#35 = UNCERTAINTY_MEASURE_WITH_UNIT(LENGTH_MEASURE(2.E-06),#32,
  'distance_accuracy_value','confusion accuracy');
#36 = PRODUCT_RELATED_PRODUCT_CATEGORY('part',$,(#7));
#37 = SHAPE_DEFINITION_REPRESENTATION(#38,#44);
#38 = PRODUCT_DEFINITION_SHAPE('','',#39);
#39 = PRODUCT_DEFINITION('design','',#40,#43);
#40 = PRODUCT_DEFINITION_FORMATION('','',#41);
#41 = PRODUCT('Open CASCADE STEP translator 7.8 4.1',
  'Open CASCADE STEP translator 7.8 4.1','',(#42));
#42 = PRODUCT_CONTEXT('',#2,'mechanical');
#43 = PRODUCT_DEFINITION_CONTEXT('part definition',#2,'design');
#44 = ADVANCED_BREP_SHAPE_REPRESENTATION('',(#11,#45),#2484);
#45 = MANIFOLD_SOLID_BREP('',#46);
#46 = CLOSED_SHELL('',(#47,#1814,#1909,#1937,#2011,#2037,#2131,#2137,
    #2143,#2307,#2333,#2383,#2411,#2460,#2466,#2472,#2478));
#47 = ADVANCED_FACE('',(#48),#66,.T.);
#48 = FACE_BOUND('',#49,.T.);
#49 = EDGE_LOOP('',(#50,#123,#152,#213,#235,#296,#325,#365,#558,#598,
    #627,#719,#748,#783,#971,#1006,#1035,#1089,#1090,#1146,#1175,#1210,
    #1403,#1443,#1472,#1564,#1593,#1628));
#50 = ORIENTED_EDGE('',*,*,#51,.F.);
#51 = EDGE_CURVE('',#52,#54,#56,.T.);
#52 = VERTEX_POINT('',#53);
#53 = CARTESIAN_POINT('',(1.,17.5,-3.923009049187));
#54 = VERTEX_POINT('',#55);
#55 = CARTESIAN_POINT('',(10.447200697399,17.5,-3.278780105933));
#56 = SURFACE_CURVE('',#57,(#65,#107),.PCURVE_S1.);
#57 = B_SPLINE_CURVE_WITH_KNOTS('',6,(#58,#59,#60,#61,#62,#63,#64),
  .UNSPECIFIED.,.F.,.F.,(7,7),(0.,1.),.PIECEWISE_BEZIER_KNOTS.);
#58 = CARTESIAN_POINT('',(1.,17.5,-3.923009035487));
#59 = CARTESIAN_POINT('',(2.667287054184,17.5,-3.817881052904));
#60 = CARTESIAN_POINT('',(4.334377806523,17.5,-3.709714803071));
#61 = CARTESIAN_POINT('',(6.001245577086,17.5,-3.598143483553));
#62 = CARTESIAN_POINT('',(7.667848836107,17.5,-3.482694773651));
#63 = CARTESIAN_POINT('',(9.334130001797,17.5,-3.362771916893));
#64 = CARTESIAN_POINT('',(11.,17.5,-3.237435274955));
#65 = PCURVE('',#66,#97);
#66 = B_SPLINE_SURFACE_WITH_KNOTS('',14,1,(
    (#67,#68)
    ,(#69,#70)
    ,(#71,#72)
    ,(#73,#74)
    ,(#75,#76)
    ,(#77,#78)
    ,(#79,#80)
    ,(#81,#82)
    ,(#83,#84)
    ,(#85,#86)
    ,(#87,#88)
    ,(#89,#90)
    ,(#91,#92)
    ,(#93,#94)
    ,(#95,#96
    )),.UNSPECIFIED.,.T.,.F.,.F.,(15,15),(2,2),(0.,6.28318530718),(0.,1.
    ),.PIECEWISE_BEZIER_KNOTS.);
#67 = CARTESIAN_POINT('',(1.,18.5,1.212472766326E-14));
#68 = CARTESIAN_POINT('',(45.6,17.1,4.791590018803E-15));
#69 = CARTESIAN_POINT('',(1.,18.500000000001,4.039190554619));
#70 = CARTESIAN_POINT('',(45.599999999994,17.100000000002,3.554487688064
    ));
#71 = CARTESIAN_POINT('',(1.,16.330856388001,8.078382600185));
#72 = CARTESIAN_POINT('',(45.60000000003,15.234536493679,7.108976688167)
  );
#73 = CARTESIAN_POINT('',(1.,11.992566390978,11.095374119168));
#74 = CARTESIAN_POINT('',(45.599999999901,11.503607096249,9.763929224854
    ));
#75 = CARTESIAN_POINT('',(1.,6.133893852619,12.068078362414));
#76 = CARTESIAN_POINT('',(45.600000000241,6.465148713235,10.619908958952
    ));
#77 = CARTESIAN_POINT('',(1.,5.224339595397E-02,10.340791749126));
#78 = CARTESIAN_POINT('',(45.599999999546,1.234929320551,9.099896739186)
  );
#79 = CARTESIAN_POINT('',(1.,-4.590417016564,5.99296720733));
#80 = CARTESIAN_POINT('',(45.600000000676,-2.757758634291,5.273811142511
    ));
#81 = CARTESIAN_POINT('',(1.,-6.338286020513,1.765307899859E-10));
#82 = CARTESIAN_POINT('',(45.599999999193,-4.260925977586,
    8.813749730053E-11));
#83 = CARTESIAN_POINT('',(1.,-4.590417016561,-5.992967207652));
#84 = CARTESIAN_POINT('',(45.600000000778,-2.757758634296,
    -5.273811142672));
#85 = CARTESIAN_POINT('',(1.,5.224339594927E-02,-10.34079174888));
#86 = CARTESIAN_POINT('',(45.599999999394,1.234929320559,-9.099896739062
    ));
#87 = CARTESIAN_POINT('',(1.,6.133893852623,-12.06807836256));
#88 = CARTESIAN_POINT('',(45.600000000378,6.465148713229,-10.61990895902
    ));
#89 = CARTESIAN_POINT('',(1.,11.992566390977,-11.09537411909));
#90 = CARTESIAN_POINT('',(45.599999999816,11.503607096253,
    -9.763929224816));
#91 = CARTESIAN_POINT('',(1.,16.330856388002,-8.078382600212));
#92 = CARTESIAN_POINT('',(45.600000000065,15.234536493677,
    -7.108976688182));
#93 = CARTESIAN_POINT('',(1.,18.500000000001,-4.039190554613));
#94 = CARTESIAN_POINT('',(45.599999999986,17.100000000002,-3.55448768806
    ));
#95 = CARTESIAN_POINT('',(1.,18.5,-3.984312608359E-15));
#96 = CARTESIAN_POINT('',(45.6,17.1,-6.257977382885E-15));
#97 = DEFINITIONAL_REPRESENTATION('',(#98),#106);
#98 = B_SPLINE_CURVE_WITH_KNOTS('',6,(#99,#100,#101,#102,#103,#104,#105)
  ,.UNSPECIFIED.,.F.,.F.,(7,7),(0.,1.),.PIECEWISE_BEZIER_KNOTS.);
#99 = CARTESIAN_POINT('',(5.832158495776,0.));
#100 = CARTESIAN_POINT('',(5.84296460278,3.738311780682E-02));
#101 = CARTESIAN_POINT('',(5.854194536115,7.476183422697E-02));
#102 = CARTESIAN_POINT('',(5.865895805493,0.112135551056));
#103 = CARTESIAN_POINT('',(5.878129206339,0.149503337132));
#104 = CARTESIAN_POINT('',(5.890971224607,0.186863901386));
#105 = CARTESIAN_POINT('',(5.904541082535,0.224215246637));
#106 = ( GEOMETRIC_REPRESENTATION_CONTEXT(2) 
PARAMETRIC_REPRESENTATION_CONTEXT() REPRESENTATION_CONTEXT('2D SPACE',''
  ) );
#107 = PCURVE('',#108,#113);
#108 = PLANE('',#109);
#109 = AXIS2_PLACEMENT_3D('',#110,#111,#112);
#110 = CARTESIAN_POINT('',(1.,17.5,0.));
#111 = DIRECTION('',(0.,1.,0.));
#112 = DIRECTION('',(0.,-0.,1.));
#113 = DEFINITIONAL_REPRESENTATION('',(#114),#122);
#114 = B_SPLINE_CURVE_WITH_KNOTS('',6,(#115,#116,#117,#118,#119,#120,
    #121),.UNSPECIFIED.,.F.,.F.,(7,7),(0.,1.),.PIECEWISE_BEZIER_KNOTS.);
#115 = CARTESIAN_POINT('',(-3.923009035487,0.));
#116 = CARTESIAN_POINT('',(-3.817881052904,1.667287054184));
#117 = CARTESIAN_POINT('',(-3.709714803071,3.334377806523));
#118 = CARTESIAN_POINT('',(-3.598143483553,5.001245577086));
#119 = CARTESIAN_POINT('',(-3.482694773651,6.667848836107));
#120 = CARTESIAN_POINT('',(-3.362771916893,8.334130001797));
#121 = CARTESIAN_POINT('',(-3.237435274955,10.));
#122 = ( GEOMETRIC_REPRESENTATION_CONTEXT(2) 
PARAMETRIC_REPRESENTATION_CONTEXT() REPRESENTATION_CONTEXT('2D SPACE',''
  ) );
#123 = ORIENTED_EDGE('',*,*,#124,.T.);
#124 = EDGE_CURVE('',#52,#125,#127,.T.);
#125 = VERTEX_POINT('',#126);
#126 = CARTESIAN_POINT('',(1.,18.340706589104,-1.6));
#127 = SURFACE_CURVE('',#128,(#133,#140),.PCURVE_S1.);
#128 = ELLIPSE('',#129,10.,9.);
#129 = AXIS2_PLACEMENT_3D('',#130,#131,#132);
#130 = CARTESIAN_POINT('',(1.,8.5,0.));
#131 = DIRECTION('',(1.,0.,0.));
#132 = DIRECTION('',(0.,1.,0.));
#133 = PCURVE('',#66,#134);
#134 = DEFINITIONAL_REPRESENTATION('',(#135),#139);
#135 = LINE('',#136,#137);
#136 = CARTESIAN_POINT('',(0.,0.));
#137 = VECTOR('',#138,1.);
#138 = DIRECTION('',(1.,0.));
#139 = ( GEOMETRIC_REPRESENTATION_CONTEXT(2) 
PARAMETRIC_REPRESENTATION_CONTEXT() REPRESENTATION_CONTEXT('2D SPACE',''
  ) );
#140 = PCURVE('',#141,#146);
#141 = PLANE('',#142);
#142 = AXIS2_PLACEMENT_3D('',#143,#144,#145);
#143 = CARTESIAN_POINT('',(1.,8.5,0.));
#144 = DIRECTION('',(1.,0.,0.));
#145 = DIRECTION('',(0.,1.,0.));
#146 = DEFINITIONAL_REPRESENTATION('',(#147),#151);
#147 = ELLIPSE('',#148,10.,9.);
#148 = AXIS2_PLACEMENT_2D('',#149,#150);
#149 = CARTESIAN_POINT('',(0.,0.));
#150 = DIRECTION('',(1.,0.));
#151 = ( GEOMETRIC_REPRESENTATION_CONTEXT(2) 
PARAMETRIC_REPRESENTATION_CONTEXT() REPRESENTATION_CONTEXT('2D SPACE',''
  ) );
#152 = ORIENTED_EDGE('',*,*,#153,.T.);
#153 = EDGE_CURVE('',#125,#154,#156,.T.);
#154 = VERTEX_POINT('',#155);
#155 = CARTESIAN_POINT('',(2.6,18.449775784753,1.186165546077E-14));
#156 = SURFACE_CURVE('',#157,(#172,#190),.PCURVE_S1.);
#157 = B_SPLINE_CURVE_WITH_KNOTS('',7,(#158,#159,#160,#161,#162,#163,
    #164,#165,#166,#167,#168,#169,#170,#171),.UNSPECIFIED.,.F.,.F.,(8,6,
    8),(0.,0.549751197588,1.),.UNSPECIFIED.);
#158 = CARTESIAN_POINT('',(1.,18.340706596513,-1.6));
#159 = CARTESIAN_POINT('',(1.198086436554,18.33441651378,-1.6));
#160 = CARTESIAN_POINT('',(1.396581209477,18.333856310553,
    -1.571387896746));
#161 = CARTESIAN_POINT('',(1.589748707994,18.339263076029,
    -1.513958282422));
#162 = CARTESIAN_POINT('',(1.772535653565,18.349828075772,
    -1.429218104803));
#163 = CARTESIAN_POINT('',(1.94054600733,18.363897536622,-1.319464714687
    ));
#164 = CARTESIAN_POINT('',(2.089925367402,18.379515824269,
    -1.187762708041));
#165 = CARTESIAN_POINT('',(2.322132469018,18.407428918843,
    -0.915388583259));
#166 = CARTESIAN_POINT('',(2.412282988736,18.419834310167,
    -0.780454625883));
#167 = CARTESIAN_POINT('',(2.486306637619,18.431082612976,
    -0.635239061482));
#168 = CARTESIAN_POINT('',(2.542862036799,18.440241921928,
    -0.482007509118));
#169 = CARTESIAN_POINT('',(2.580960836167,18.446599128298,
    -0.323226961229));
#170 = CARTESIAN_POINT('',(2.6,18.449775784753,-0.16158780211));
#171 = CARTESIAN_POINT('',(2.6,18.449775784753,-1.709743457923E-14));
#172 = PCURVE('',#66,#173);
#173 = DEFINITIONAL_REPRESENTATION('',(#174),#189);
#174 = B_SPLINE_CURVE_WITH_KNOTS('',7,(#175,#176,#177,#178,#179,#180,
    #181,#182,#183,#184,#185,#186,#187,#188),.UNSPECIFIED.,.F.,.F.,(8,6,
    8),(0.,0.549751197588,1.),.UNSPECIFIED.);
#175 = CARTESIAN_POINT('',(6.10445751512,0.));
#176 = CARTESIAN_POINT('',(6.104361231521,4.441399922742E-03));
#177 = CARTESIAN_POINT('',(6.1074952082,8.891955369443E-03));
#178 = CARTESIAN_POINT('',(6.113892912534,1.322306520165E-02));
#179 = CARTESIAN_POINT('',(6.123382374286,1.732142720998E-02));
#180 = CARTESIAN_POINT('',(6.135686662036,2.108847550067E-02));
#181 = CARTESIAN_POINT('',(6.150445357365,2.443778850677E-02));
#182 = CARTESIAN_POINT('',(6.180940941364,2.964422576273E-02));
#183 = CARTESIAN_POINT('',(6.196039674705,3.166553786404E-02));
#184 = CARTESIAN_POINT('',(6.212275266076,3.332526093316E-02));
#185 = CARTESIAN_POINT('',(6.229391693747,3.459331921073E-02));
#186 = CARTESIAN_POINT('',(6.247115922366,3.544755238043E-02));
#187 = CARTESIAN_POINT('',(6.265153481147,3.587443946188E-02));
#188 = CARTESIAN_POINT('',(6.28318530718,3.587443946188E-02));
#189 = ( GEOMETRIC_REPRESENTATION_CONTEXT(2) 
PARAMETRIC_REPRESENTATION_CONTEXT() REPRESENTATION_CONTEXT('2D SPACE',''
  ) );
#190 = PCURVE('',#191,#196);
#191 = CYLINDRICAL_SURFACE('',#192,1.6);
#192 = AXIS2_PLACEMENT_3D('',#193,#194,#195);
#193 = CARTESIAN_POINT('',(1.,-9.5,0.));
#194 = DIRECTION('',(0.,1.,0.));
#195 = DIRECTION('',(0.,-0.,1.));
#196 = DEFINITIONAL_REPRESENTATION('',(#197),#212);
#197 = B_SPLINE_CURVE_WITH_KNOTS('',7,(#198,#199,#200,#201,#202,#203,
    #204,#205,#206,#207,#208,#209,#210,#211),.UNSPECIFIED.,.F.,.F.,(8,6,
    8),(0.,0.549751197588,1.),.UNSPECIFIED.);
#198 = CARTESIAN_POINT('',(3.14159265359,27.840706596513));
#199 = CARTESIAN_POINT('',(3.017788630743,27.83441651378));
#200 = CARTESIAN_POINT('',(2.893729694581,27.833856310553));
#201 = CARTESIAN_POINT('',(2.769898669855,27.839263076029));
#202 = CARTESIAN_POINT('',(2.646308353656,27.849828075772));
#203 = CARTESIAN_POINT('',(2.522947620946,27.863897536622));
#204 = CARTESIAN_POINT('',(2.399737189637,27.879515824269));
#205 = CARTESIAN_POINT('',(2.176036250627,27.907428918843));
#206 = CARTESIAN_POINT('',(2.075305094574,27.919834310167));
#207 = CARTESIAN_POINT('',(1.974554458272,27.931082612976));
#208 = CARTESIAN_POINT('',(1.873733718739,27.940241921928));
#209 = CARTESIAN_POINT('',(1.772813130596,27.946599128298));
#210 = CARTESIAN_POINT('',(1.671788703114,27.949775784753));
#211 = CARTESIAN_POINT('',(1.570796326795,27.949775784753));
#212 = ( GEOMETRIC_REPRESENTATION_CONTEXT(2) 
PARAMETRIC_REPRESENTATION_CONTEXT() REPRESENTATION_CONTEXT('2D SPACE',''
  ) );
#213 = ORIENTED_EDGE('',*,*,#214,.T.);
#214 = EDGE_CURVE('',#154,#215,#217,.T.);
#215 = VERTEX_POINT('',#216);
#216 = CARTESIAN_POINT('',(44.,17.150224215247,5.054662221295E-15));
#217 = SEAM_CURVE('',#218,(#221,#228),.PCURVE_S1.);
#218 = B_SPLINE_CURVE_WITH_KNOTS('',1,(#219,#220),.UNSPECIFIED.,.F.,.F.,
  (2,2),(0.,1.),.PIECEWISE_BEZIER_KNOTS.);
#219 = CARTESIAN_POINT('',(1.,18.5,1.212472766326E-14));
#220 = CARTESIAN_POINT('',(45.6,17.1,4.791590018803E-15));
#221 = PCURVE('',#66,#222);
#222 = DEFINITIONAL_REPRESENTATION('',(#223),#227);
#223 = LINE('',#224,#225);
#224 = CARTESIAN_POINT('',(0.,0.));
#225 = VECTOR('',#226,1.);
#226 = DIRECTION('',(0.,1.));
#227 = ( GEOMETRIC_REPRESENTATION_CONTEXT(2) 
PARAMETRIC_REPRESENTATION_CONTEXT() REPRESENTATION_CONTEXT('2D SPACE',''
  ) );
#228 = PCURVE('',#66,#229);
#229 = DEFINITIONAL_REPRESENTATION('',(#230),#234);
#230 = LINE('',#231,#232);
#231 = CARTESIAN_POINT('',(6.28318530718,0.));
#232 = VECTOR('',#233,1.);
#233 = DIRECTION('',(0.,1.));
#234 = ( GEOMETRIC_REPRESENTATION_CONTEXT(2) 
PARAMETRIC_REPRESENTATION_CONTEXT() REPRESENTATION_CONTEXT('2D SPACE',''
  ) );
#235 = ORIENTED_EDGE('',*,*,#236,.T.);
#236 = EDGE_CURVE('',#215,#237,#239,.T.);
#237 = VERTEX_POINT('',#238);
#238 = CARTESIAN_POINT('',(45.6,16.922679650603,-1.6));
#239 = SURFACE_CURVE('',#240,(#255,#273),.PCURVE_S1.);
#240 = B_SPLINE_CURVE_WITH_KNOTS('',7,(#241,#242,#243,#244,#245,#246,
    #247,#248,#249,#250,#251,#252,#253,#254),.UNSPECIFIED.,.F.,.F.,(8,6,
    8),(0.,0.522996092457,1.),.UNSPECIFIED.);
#241 = CARTESIAN_POINT('',(44.,17.150224215247,-3.130828929443E-14));
#242 = CARTESIAN_POINT('',(44.,17.150224215247,-0.188583532608));
#243 = CARTESIAN_POINT('',(44.025932559129,17.143744096631,
    -0.377232474271));
#244 = CARTESIAN_POINT('',(44.077824885205,17.130775012965,
    -0.56102046412));
#245 = CARTESIAN_POINT('',(44.154313574158,17.112216575697,
    -0.735682936791));
#246 = CARTESIAN_POINT('',(44.253453885795,17.08963421095,
    -0.897550566621));
#247 = CARTESIAN_POINT('',(44.37277736991,17.064936015013,
    -1.043435707624));
#248 = CARTESIAN_POINT('',(44.633879679755,17.017310108066,
    -1.286696495436));
#249 = CARTESIAN_POINT('',(44.772971139937,16.994379112589,
    -1.387405859984));
#250 = CARTESIAN_POINT('',(44.924489210967,16.972673485284,
    -1.470698321322));
#251 = CARTESIAN_POINT('',(45.085976889088,16.953643752391,
    -1.53478585683));
#252 = CARTESIAN_POINT('',(45.254630941144,16.938551523854,
    -1.578230371206));
#253 = CARTESIAN_POINT('',(45.427213903172,16.928180930571,-1.6));
#254 = CARTESIAN_POINT('',(45.599999999999,16.922679657382,-1.6));
#255 = PCURVE('',#66,#256);
#256 = DEFINITIONAL_REPRESENTATION('',(#257),#272);
#257 = B_SPLINE_CURVE_WITH_KNOTS('',7,(#258,#259,#260,#261,#262,#263,
    #264,#265,#266,#267,#268,#269,#270,#271),.UNSPECIFIED.,.F.,.F.,(8,6,
    8),(0.,0.522996092457,1.),.UNSPECIFIED.);
#258 = CARTESIAN_POINT('',(6.28318530718,0.964125560538));
#259 = CARTESIAN_POINT('',(6.259490170955,0.964125560538));
#260 = CARTESIAN_POINT('',(6.235786808698,0.964707008052));
#261 = CARTESIAN_POINT('',(6.212664686984,0.965870513121));
#262 = CARTESIAN_POINT('',(6.190629727305,0.967585506147));
#263 = CARTESIAN_POINT('',(6.170130332443,0.96980838309));
#264 = CARTESIAN_POINT('',(6.151576696977,0.972483797532));
#265 = CARTESIAN_POINT('',(6.120507825657,0.978338109412));
#266 = CARTESIAN_POINT('',(6.10758002705,0.981456752017));
#267 = CARTESIAN_POINT('',(6.096823848067,0.984854018183));
#268 = CARTESIAN_POINT('',(6.088489850094,0.988474818141));
#269 = CARTESIAN_POINT('',(6.082789326227,0.992256299129));
#270 = CARTESIAN_POINT('',(6.079874065632,0.996125872268));
#271 = CARTESIAN_POINT('',(6.079765093492,1.));
#272 = ( GEOMETRIC_REPRESENTATION_CONTEXT(2) 
PARAMETRIC_REPRESENTATION_CONTEXT() REPRESENTATION_CONTEXT('2D SPACE',''
  ) );
#273 = PCURVE('',#274,#279);
#274 = CYLINDRICAL_SURFACE('',#275,1.6);
#275 = AXIS2_PLACEMENT_3D('',#276,#277,#278);
#276 = CARTESIAN_POINT('',(45.6,-7.34,0.));
#277 = DIRECTION('',(0.,1.,0.));
#278 = DIRECTION('',(0.,-0.,1.));
#279 = DEFINITIONAL_REPRESENTATION('',(#280),#295);
#280 = B_SPLINE_CURVE_WITH_KNOTS('',7,(#281,#282,#283,#284,#285,#286,
    #287,#288,#289,#290,#291,#292,#293,#294),.UNSPECIFIED.,.F.,.F.,(8,6,
    8),(0.,0.522996092457,1.),.UNSPECIFIED.);
#281 = CARTESIAN_POINT('',(4.712388980385,24.490224215247));
#282 = CARTESIAN_POINT('',(4.594524272505,24.490224215247));
#283 = CARTESIAN_POINT('',(4.476619028397,24.483744096631));
#284 = CARTESIAN_POINT('',(4.359075048101,24.470775012965));
#285 = CARTESIAN_POINT('',(4.241886626072,24.452216575697));
#286 = CARTESIAN_POINT('',(4.124998481456,24.42963421095));
#287 = CARTESIAN_POINT('',(4.008279476275,24.404936015013));
#288 = CARTESIAN_POINT('',(3.785240953911,24.357310108066));
#289 = CARTESIAN_POINT('',(3.678729258684,24.334379112589));
#290 = CARTESIAN_POINT('',(3.571990141174,24.312673485284));
#291 = CARTESIAN_POINT('',(3.464915180188,24.293643752391));
#292 = CARTESIAN_POINT('',(3.357448101083,24.278551523854));
#293 = CARTESIAN_POINT('',(3.249583964107,24.268180930571));
#294 = CARTESIAN_POINT('',(3.141592653591,24.262679657382));
#295 = ( GEOMETRIC_REPRESENTATION_CONTEXT(2) 
PARAMETRIC_REPRESENTATION_CONTEXT() REPRESENTATION_CONTEXT('2D SPACE',''
  ) );
#296 = ORIENTED_EDGE('',*,*,#297,.F.);
#297 = EDGE_CURVE('',#298,#237,#300,.T.);
#298 = VERTEX_POINT('',#299);
#299 = CARTESIAN_POINT('',(45.6,16.42,-3.086641622226));
#300 = SURFACE_CURVE('',#301,(#306,#313),.PCURVE_S1.);
#301 = ELLIPSE('',#302,8.6,7.92);
#302 = AXIS2_PLACEMENT_3D('',#303,#304,#305);
#303 = CARTESIAN_POINT('',(45.6,8.5,0.));
#304 = DIRECTION('',(1.,0.,0.));
#305 = DIRECTION('',(0.,1.,0.));
#306 = PCURVE('',#66,#307);
#307 = DEFINITIONAL_REPRESENTATION('',(#308),#312);
#308 = LINE('',#309,#310);
#309 = CARTESIAN_POINT('',(0.,1.));
#310 = VECTOR('',#311,1.);
#311 = DIRECTION('',(1.,0.));
#312 = ( GEOMETRIC_REPRESENTATION_CONTEXT(2) 
PARAMETRIC_REPRESENTATION_CONTEXT() REPRESENTATION_CONTEXT('2D SPACE',''
  ) );
#313 = PCURVE('',#314,#319);
#314 = PLANE('',#315);
#315 = AXIS2_PLACEMENT_3D('',#316,#317,#318);
#316 = CARTESIAN_POINT('',(45.6,8.5,0.));
#317 = DIRECTION('',(1.,0.,0.));
#318 = DIRECTION('',(0.,1.,0.));
#319 = DEFINITIONAL_REPRESENTATION('',(#320),#324);
#320 = ELLIPSE('',#321,8.6,7.92);
#321 = AXIS2_PLACEMENT_2D('',#322,#323);
#322 = CARTESIAN_POINT('',(0.,0.));
#323 = DIRECTION('',(1.,0.));
#324 = ( GEOMETRIC_REPRESENTATION_CONTEXT(2) 
PARAMETRIC_REPRESENTATION_CONTEXT() REPRESENTATION_CONTEXT('2D SPACE',''
  ) );
#325 = ORIENTED_EDGE('',*,*,#326,.F.);
#326 = EDGE_CURVE('',#327,#298,#329,.T.);
#327 = VERTEX_POINT('',#328);
#328 = CARTESIAN_POINT('',(37.79451564246,16.42,-3.610320476661));
#329 = SURFACE_CURVE('',#330,(#338,#349),.PCURVE_S1.);
#330 = B_SPLINE_CURVE_WITH_KNOTS('',6,(#331,#332,#333,#334,#335,#336,
    #337),.UNSPECIFIED.,.F.,.F.,(7,7),(0.,1.),.PIECEWISE_BEZIER_KNOTS.);
#331 = CARTESIAN_POINT('',(37.,16.42,-3.659754952876));
#332 = CARTESIAN_POINT('',(38.433788283743,16.42,-3.571091559635));
#333 = CARTESIAN_POINT('',(39.86742926258,16.42,-3.480102991257));
#334 = CARTESIAN_POINT('',(41.300904015553,16.42,-3.386534012059));
#335 = CARTESIAN_POINT('',(42.734185014735,16.42,-3.290065148404));
#336 = CARTESIAN_POINT('',(44.167235082603,16.42,-3.190296831359));
#337 = CARTESIAN_POINT('',(45.6,16.42,-3.08664161683));
#338 = PCURVE('',#66,#339);
#339 = DEFINITIONAL_REPRESENTATION('',(#340),#348);
#340 = B_SPLINE_CURVE_WITH_KNOTS('',6,(#341,#342,#343,#344,#345,#346,
    #347),.UNSPECIFIED.,.F.,.F.,(7,7),(0.,1.),.PIECEWISE_BEZIER_KNOTS.);
#341 = CARTESIAN_POINT('',(5.816138661098,0.807174887892));
#342 = CARTESIAN_POINT('',(5.826201155816,0.839322607259));
#343 = CARTESIAN_POINT('',(5.836626018271,0.871467023825));
#344 = CARTESIAN_POINT('',(5.847450534506,0.903607713353));
#345 = CARTESIAN_POINT('',(5.858719994745,0.935744058626));
#346 = CARTESIAN_POINT('',(5.870492019057,0.967875226067));
#347 = CARTESIAN_POINT('',(5.882849654157,1.));
#348 = ( GEOMETRIC_REPRESENTATION_CONTEXT(2) 
PARAMETRIC_REPRESENTATION_CONTEXT() REPRESENTATION_CONTEXT('2D SPACE',''
  ) );
#349 = PCURVE('',#350,#355);
#350 = PLANE('',#351);
#351 = AXIS2_PLACEMENT_3D('',#352,#353,#354);
#352 = CARTESIAN_POINT('',(45.6,16.42,0.));
#353 = DIRECTION('',(0.,1.,0.));
#354 = DIRECTION('',(0.,-0.,1.));
#355 = DEFINITIONAL_REPRESENTATION('',(#356),#364);
#356 = B_SPLINE_CURVE_WITH_KNOTS('',6,(#357,#358,#359,#360,#361,#362,
    #363),.UNSPECIFIED.,.F.,.F.,(7,7),(0.,1.),.PIECEWISE_BEZIER_KNOTS.);
#357 = CARTESIAN_POINT('',(-3.659754952876,-8.6));
#358 = CARTESIAN_POINT('',(-3.571091559635,-7.166211716257));
#359 = CARTESIAN_POINT('',(-3.480102991257,-5.73257073742));
#360 = CARTESIAN_POINT('',(-3.386534012059,-4.299095984447));
#361 = CARTESIAN_POINT('',(-3.290065148404,-2.865814985265));
#362 = CARTESIAN_POINT('',(-3.190296831359,-1.432764917397));
#363 = CARTESIAN_POINT('',(-3.08664161683,-1.563194018672E-13));
#364 = ( GEOMETRIC_REPRESENTATION_CONTEXT(2) 
PARAMETRIC_REPRESENTATION_CONTEXT() REPRESENTATION_CONTEXT('2D SPACE',''
  ) );
#365 = ORIENTED_EDGE('',*,*,#366,.T.);
#366 = EDGE_CURVE('',#327,#367,#369,.T.);
#367 = VERTEX_POINT('',#368);
#368 = CARTESIAN_POINT('',(37.79451564511,0.58,-3.61032048239));
#369 = SURFACE_CURVE('',#370,(#429,#491),.PCURVE_S1.);
#370 = B_SPLINE_CURVE_WITH_KNOTS('',8,(#371,#372,#373,#374,#375,#376,
    #377,#378,#379,#380,#381,#382,#383,#384,#385,#386,#387,#388,#389,
    #390,#391,#392,#393,#394,#395,#396,#397,#398,#399,#400,#401,#402,
    #403,#404,#405,#406,#407,#408,#409,#410,#411,#412,#413,#414,#415,
    #416,#417,#418,#419,#420,#421,#422,#423,#424,#425,#426,#427,#428),
  .UNSPECIFIED.,.F.,.F.,(9,7,7,7,7,7,7,7,9),(0.,6.879353429954E-02,
    0.260480425691,0.408385027234,0.501841624304,0.591622851408,
    0.739506878692,0.931194527567,1.),.UNSPECIFIED.);
#371 = CARTESIAN_POINT('',(37.794515145161,16.4200006,-3.610319401504));
#372 = CARTESIAN_POINT('',(37.872487546789,16.325925570613,
    -3.778895178968));
#373 = CARTESIAN_POINT('',(37.953169946104,16.228366901904,
    -3.942409803416));
#374 = CARTESIAN_POINT('',(38.03627998217,16.127628503052,
    -4.100963536306));
#375 = CARTESIAN_POINT('',(38.121558902705,16.023985322472,-4.2546664578
    ));
#376 = CARTESIAN_POINT('',(38.208771553247,15.917682786511,
    -4.403637542665));
#377 = CARTESIAN_POINT('',(38.297706366329,15.808936238161,
    -4.548003736165));
#378 = CARTESIAN_POINT('',(38.388175350649,15.697930375758,
    -4.687899029961));
#379 = CARTESIAN_POINT('',(38.735914300578,15.26964332934,
    -5.201201640779));
#380 = CARTESIAN_POINT('',(39.002161337903,14.938472182403,
    -5.544890246399));
#381 = CARTESIAN_POINT('',(39.275424032376,14.594356312524,
    -5.858075561199));
#382 = CARTESIAN_POINT('',(39.552931283488,14.239483889669,
    -6.143049753996));
#383 = CARTESIAN_POINT('',(39.832151286734,13.875490771768,
    -6.401812318569));
#384 = CARTESIAN_POINT('',(40.110678727783,13.503394238569,
    -6.636015625653));
#385 = CARTESIAN_POINT('',(40.386058960306,13.123607668977,
    -6.847118529992));
#386 = CARTESIAN_POINT('',(40.862872186377,12.436336733896,
    -7.182203408453));
#387 = CARTESIAN_POINT('',(41.066533578469,12.132576995691,
    -7.314863948352));
#388 = CARTESIAN_POINT('',(41.264814789649,11.824155642853,
    -7.43485505801));
#389 = CARTESIAN_POINT('',(41.455891721253,11.510884596244,
    -7.54249118409));
#390 = CARTESIAN_POINT('',(41.637327915813,11.192596193991,
    -7.637900923311));
#391 = CARTESIAN_POINT('',(41.805991460484,10.869125199019,
    -7.721083441116));
#392 = CARTESIAN_POINT('',(41.957688656546,10.540203144471,
    -7.791909642438));
#393 = CARTESIAN_POINT('',(42.169856188421,9.994162060589,
    -7.886837994557));
#394 = CARTESIAN_POINT('',(42.243340185293,9.7804920101,-7.918536859658)
  );
#395 = CARTESIAN_POINT('',(42.306893945027,9.564713140784,
    -7.945072211033));
#396 = CARTESIAN_POINT('',(42.359204809415,9.347039466837,
    -7.966326144387));
#397 = CARTESIAN_POINT('',(42.398980351874,9.127775925852,-7.98218202108
    ));
#398 = CARTESIAN_POINT('',(42.425187096993,8.90734151158,-7.992538474164
    ));
#399 = CARTESIAN_POINT('',(42.437295438609,8.686295614825,
    -7.997331064015));
#400 = CARTESIAN_POINT('',(42.433519330545,8.253103704396,-7.99583667475
    ));
#401 = CARTESIAN_POINT('',(42.418716519284,8.040894578607,
    -7.989977814845));
#402 = CARTESIAN_POINT('',(42.391002621348,7.829348005685,
    -7.978995466099));
#403 = CARTESIAN_POINT('',(42.350917619022,7.618947078562,
    -7.962952293077));
#404 = CARTESIAN_POINT('',(42.299405982835,7.41005305631,-7.94194067208)
  );
#405 = CARTESIAN_POINT('',(42.23761507353,7.202926895361,-7.916064508001
    ));
#406 = CARTESIAN_POINT('',(42.166704677133,6.99774794116,-7.885426939513
    ));
#407 = CARTESIAN_POINT('',(41.95779552262,6.460037598734,-7.791959103378
    ));
#408 = CARTESIAN_POINT('',(41.806123926929,6.131141802943,
    -7.721147409414));
#409 = CARTESIAN_POINT('',(41.637486536408,5.807696194698,-7.63798151746
    ));
#410 = CARTESIAN_POINT('',(41.456076423999,5.489432449619,
    -7.542590589683));
#411 = CARTESIAN_POINT('',(41.265025195844,5.176185365478,
    -7.434975557562));
#412 = CARTESIAN_POINT('',(41.066769089909,4.867787274591,
    -7.315007960754));
#413 = CARTESIAN_POINT('',(40.863132065673,4.564050053214,
    -7.182373539811));
#414 = CARTESIAN_POINT('',(40.386334308781,3.876773431512,
    -6.847328218187));
#415 = CARTESIAN_POINT('',(40.110942690863,3.496960293768,
    -6.636234323573));
#416 = CARTESIAN_POINT('',(39.832401589422,3.124837671639,
    -6.402038579695));
#417 = CARTESIAN_POINT('',(39.55316623807,2.76081877351,-6.143282135044)
  );
#418 = CARTESIAN_POINT('',(39.275642344859,2.405920755494,
    -5.858312582303));
#419 = CARTESIAN_POINT('',(39.002361974289,2.061779386771,
    -5.545130312451));
#420 = CARTESIAN_POINT('',(38.736096408746,1.730582761508,
    -5.201442975497));
#421 = CARTESIAN_POINT('',(38.388315747321,1.30224188054,-4.688116122744
    ));
#422 = CARTESIAN_POINT('',(38.297824666241,1.191208404304,
    -4.548195764761));
#423 = CARTESIAN_POINT('',(38.208868226017,1.082435036688,
    -4.403802669182));
#424 = CARTESIAN_POINT('',(38.121634525011,0.976106575256,
    -4.254802753474));
#425 = CARTESIAN_POINT('',(38.036335256825,0.872438487602,
    -4.101068985146));
#426 = CARTESIAN_POINT('',(37.953205721443,0.771676349747,
    -3.942482306371));
#427 = CARTESIAN_POINT('',(37.872504836377,0.67409528453,-3.77893255861)
  );
#428 = CARTESIAN_POINT('',(37.79451514781,0.5799994,-3.610319407232));
#429 = PCURVE('',#66,#430);
#430 = DEFINITIONAL_REPRESENTATION('',(#431),#490);
#431 = B_SPLINE_CURVE_WITH_KNOTS('',8,(#432,#433,#434,#435,#436,#437,
    #438,#439,#440,#441,#442,#443,#444,#445,#446,#447,#448,#449,#450,
    #451,#452,#453,#454,#455,#456,#457,#458,#459,#460,#461,#462,#463,
    #464,#465,#466,#467,#468,#469,#470,#471,#472,#473,#474,#475,#476,
    #477,#478,#479,#480,#481,#482,#483,#484,#485,#486,#487,#488,#489),
  .UNSPECIFIED.,.F.,.F.,(9,7,7,7,7,7,7,7,9),(0.,6.879353429954E-02,
    0.260480425691,0.408385027234,0.501841624304,0.591622851408,
    0.739506878692,0.931194527567,1.),.UNSPECIFIED.);
#432 = CARTESIAN_POINT('',(5.821761895663,0.824989128815));
#433 = CARTESIAN_POINT('',(5.798429414305,0.826737388941));
#434 = CARTESIAN_POINT('',(5.775468167936,0.828546411348));
#435 = CARTESIAN_POINT('',(5.752862513852,0.830409865071));
#436 = CARTESIAN_POINT('',(5.730596993606,0.832321948491));
#437 = CARTESIAN_POINT('',(5.708656010947,0.834277389086));
#438 = CARTESIAN_POINT('',(5.68702350975,0.836271443191));
#439 = CARTESIAN_POINT('',(5.665682651956,0.838299895754));
#440 = CARTESIAN_POINT('',(5.585913790864,0.846096733197));
#441 = CARTESIAN_POINT('',(5.529403139479,0.852066397711));
#442 = CARTESIAN_POINT('',(5.474627214266,0.858193363955));
#443 = CARTESIAN_POINT('',(5.421295414723,0.86441549963));
#444 = CARTESIAN_POINT('',(5.369150254508,0.870676037819));
#445 = CARTESIAN_POINT('',(5.317955849519,0.876921047708));
#446 = CARTESIAN_POINT('',(5.267461931091,0.883095492384));
#447 = CARTESIAN_POINT('',(5.178713416112,0.893786371892));
#448 = CARTESIAN_POINT('',(5.140352449044,0.898352770818));
#449 = CARTESIAN_POINT('',(5.102137873276,0.902798537885));
#450 = CARTESIAN_POINT('',(5.063952673016,0.907082774019));
#451 = CARTESIAN_POINT('',(5.025693307568,0.91115085013));
#452 = CARTESIAN_POINT('',(4.987262995903,0.914932543957));
#453 = CARTESIAN_POINT('',(4.948557359745,0.91833382638));
#454 = CARTESIAN_POINT('',(4.884782998225,0.923090945929));
#455 = CARTESIAN_POINT('',(4.859943182557,0.924738569177));
#456 = CARTESIAN_POINT('',(4.834954472818,0.926163541368));
#457 = CARTESIAN_POINT('',(4.809823270157,0.927336430704));
#458 = CARTESIAN_POINT('',(4.784565962488,0.928228259011));
#459 = CARTESIAN_POINT('',(4.759211410397,0.928815854193));
#460 = CARTESIAN_POINT('',(4.7338040618,0.929087341673));
#461 = CARTESIAN_POINT('',(4.684007759466,0.929002675573));
#462 = CARTESIAN_POINT('',(4.659611733674,0.928670773975));
#463 = CARTESIAN_POINT('',(4.635272141071,0.928049386129));
#464 = CARTESIAN_POINT('',(4.61102698568,0.927150619261));
#465 = CARTESIAN_POINT('',(4.58690074897,0.925995649839));
#466 = CARTESIAN_POINT('',(4.562906922859,0.924610203442));
#467 = CARTESIAN_POINT('',(4.539050000713,0.923020284241));
#468 = CARTESIAN_POINT('',(4.476248879852,0.91833622248));
#469 = CARTESIAN_POINT('',(4.437546559273,0.914935514057));
#470 = CARTESIAN_POINT('',(4.399119568047,0.911154406646));
#471 = CARTESIAN_POINT('',(4.360863566099,0.907086915336));
#472 = CARTESIAN_POINT('',(4.322681801191,0.902803255512));
#473 = CARTESIAN_POINT('',(4.284470760773,0.898358051343));
#474 = CARTESIAN_POINT('',(4.246113458706,0.893792198782));
#475 = CARTESIAN_POINT('',(4.157366578082,0.883101666116));
#476 = CARTESIAN_POINT('',(4.10687060887,0.876926966163));
#477 = CARTESIAN_POINT('',(4.055674254673,0.870681649987));
#478 = CARTESIAN_POINT('',(4.003527218348,0.86442076767));
#479 = CARTESIAN_POINT('',(3.950193591552,0.858198258853));
#480 = CARTESIAN_POINT('',(3.895415861869,0.852070896285));
#481 = CARTESIAN_POINT('',(3.83890339947,0.84610081634));
#482 = CARTESIAN_POINT('',(3.759128424662,0.838303043662));
#483 = CARTESIAN_POINT('',(3.737783223996,0.836274095656));
#484 = CARTESIAN_POINT('',(3.716146268752,0.834279556637));
#485 = CARTESIAN_POINT('',(3.694200709674,0.832323644059));
#486 = CARTESIAN_POINT('',(3.671930479997,0.830411104413));
#487 = CARTESIAN_POINT('',(3.649319973,0.828547213485));
#488 = CARTESIAN_POINT('',(3.62635371956,0.8267377766));
#489 = CARTESIAN_POINT('',(3.603016065698,0.824989128875));
#490 = ( GEOMETRIC_REPRESENTATION_CONTEXT(2) 
PARAMETRIC_REPRESENTATION_CONTEXT() REPRESENTATION_CONTEXT('2D SPACE',''
  ) );
#491 = PCURVE('',#492,#497);
#492 = CYLINDRICAL_SURFACE('',#493,8.6);
#493 = AXIS2_PLACEMENT_3D('',#494,#495,#496);
#494 = CARTESIAN_POINT('',(45.6,0.58,0.));
#495 = DIRECTION('',(0.,1.,0.));
#496 = DIRECTION('',(0.,-0.,1.));
#497 = DEFINITIONAL_REPRESENTATION('',(#498),#557);
#498 = B_SPLINE_CURVE_WITH_KNOTS('',8,(#499,#500,#501,#502,#503,#504,
    #505,#506,#507,#508,#509,#510,#511,#512,#513,#514,#515,#516,#517,
    #518,#519,#520,#521,#522,#523,#524,#525,#526,#527,#528,#529,#530,
    #531,#532,#533,#534,#535,#536,#537,#538,#539,#540,#541,#542,#543,
    #544,#545,#546,#547,#548,#549,#550,#551,#552,#553,#554,#555,#556),
  .UNSPECIFIED.,.F.,.F.,(9,7,7,7,7,7,7,7,9),(0.,6.879353429954E-02,
    0.260480425691,0.408385027234,0.501841624304,0.591622851408,
    0.739506878692,0.931194527567,1.),.UNSPECIFIED.);
#499 = CARTESIAN_POINT('',(10.562344288161,15.8400006));
#500 = CARTESIAN_POINT('',(10.540747195783,15.745925570613));
#501 = CARTESIAN_POINT('',(10.519551946499,15.648366901904));
#502 = CARTESIAN_POINT('',(10.498746413635,15.547628503052));
#503 = CARTESIAN_POINT('',(10.478318640427,15.443985322472));
#504 = CARTESIAN_POINT('',(10.458256637373,15.337682786511));
#505 = CARTESIAN_POINT('',(10.43854817959,15.228936238161));
#506 = CARTESIAN_POINT('',(10.419180604166,15.117930375758));
#507 = CARTESIAN_POINT('',(10.347087398281,14.68964332934));
#508 = CARTESIAN_POINT('',(10.296637259145,14.358472182403));
#509 = CARTESIAN_POINT('',(10.248438669179,14.014356312524));
#510 = CARTESIAN_POINT('',(10.202317212498,13.659483889669));
#511 = CARTESIAN_POINT('',(10.158158153833,13.295490771768));
#512 = CARTESIAN_POINT('',(10.115916731221,12.923394238569));
#513 = CARTESIAN_POINT('',(10.075604257567,12.543607668977));
#514 = CARTESIAN_POINT('',(10.007839121343,11.856336733896));
#515 = CARTESIAN_POINT('',(9.979594197401,11.552576995691));
#516 = CARTESIAN_POINT('',(9.952669018086,11.244155642853));
#517 = CARTESIAN_POINT('',(9.927190968574,10.930884596244));
#518 = CARTESIAN_POINT('',(9.903371524037,10.612596193991));
#519 = CARTESIAN_POINT('',(9.881512466401,10.289125199019));
#520 = CARTESIAN_POINT('',(9.862047918335,9.960203144471));
#521 = CARTESIAN_POINT('',(9.835020486599,9.414162060589));
#522 = CARTESIAN_POINT('',(9.82571557301,9.2004920101));
#523 = CARTESIAN_POINT('',(9.817708133709,8.984713140784));
#524 = CARTESIAN_POINT('',(9.811142907244,8.767039466837));
#525 = CARTESIAN_POINT('',(9.806163921499,8.547775925852));
#526 = CARTESIAN_POINT('',(9.802887302605,8.32734151158));
#527 = CARTESIAN_POINT('',(9.801373080636,8.106295614825));
#528 = CARTESIAN_POINT('',(9.801845296673,7.673103704396));
#529 = CARTESIAN_POINT('',(9.803696469304,7.460894578607));
#530 = CARTESIAN_POINT('',(9.807162823013,7.249348005685));
#531 = CARTESIAN_POINT('',(9.812183279363,7.038947078562));
#532 = CARTESIAN_POINT('',(9.81865180923,6.83005305631));
#533 = CARTESIAN_POINT('',(9.82644064312,6.622926895361));
#534 = CARTESIAN_POINT('',(9.835421996372,6.41774794116));
#535 = CARTESIAN_POINT('',(9.862034226761,5.880037598734));
#536 = CARTESIAN_POINT('',(9.881495365364,5.551141802943));
#537 = CARTESIAN_POINT('',(9.903350844904,5.227696194698));
#538 = CARTESIAN_POINT('',(9.927166595158,4.909432449619));
#539 = CARTESIAN_POINT('',(9.95264084687,4.596185365478));
#540 = CARTESIAN_POINT('',(9.979562123307,4.287787274591));
#541 = CARTESIAN_POINT('',(10.007803022835,3.984050053214));
#542 = CARTESIAN_POINT('',(10.075564042758,3.296773431512));
#543 = CARTESIAN_POINT('',(10.115876929895,2.916960293768));
#544 = CARTESIAN_POINT('',(10.158118999458,2.544837671639));
#545 = CARTESIAN_POINT('',(10.20227887757,2.18081877351));
#546 = CARTESIAN_POINT('',(10.248401289319,1.825920755494));
#547 = CARTESIAN_POINT('',(10.296600954825,1.481779386771));
#548 = CARTESIAN_POINT('',(10.347052288841,1.150582761508));
#549 = CARTESIAN_POINT('',(10.419150548799,0.72224188054));
#550 = CARTESIAN_POINT('',(10.438521964197,0.611208404304));
#551 = CARTESIAN_POINT('',(10.458234399594,0.502435036688));
#552 = CARTESIAN_POINT('',(10.478300526078,0.396106575256));
#553 = CARTESIAN_POINT('',(10.498732576512,0.292438487602));
#554 = CARTESIAN_POINT('',(10.51954254842,0.191676349747));
#555 = CARTESIAN_POINT('',(10.540742406881,9.409528452953E-02));
#556 = CARTESIAN_POINT('',(10.562344287427,-6.E-07));
#557 = ( GEOMETRIC_REPRESENTATION_CONTEXT(2) 
PARAMETRIC_REPRESENTATION_CONTEXT() REPRESENTATION_CONTEXT('2D SPACE',''
  ) );
#558 = ORIENTED_EDGE('',*,*,#559,.T.);
#559 = EDGE_CURVE('',#367,#560,#562,.T.);
#560 = VERTEX_POINT('',#561);
#561 = CARTESIAN_POINT('',(45.6,0.58,-3.086641622226));
#562 = SURFACE_CURVE('',#563,(#571,#582),.PCURVE_S1.);
#563 = B_SPLINE_CURVE_WITH_KNOTS('',6,(#564,#565,#566,#567,#568,#569,
    #570),.UNSPECIFIED.,.F.,.F.,(7,7),(0.,1.),.PIECEWISE_BEZIER_KNOTS.);
#564 = CARTESIAN_POINT('',(37.,0.58,-3.659754959509));
#565 = CARTESIAN_POINT('',(38.43378828378,0.58,-3.571091564969));
#566 = CARTESIAN_POINT('',(39.867429262641,0.58,-3.480102995137));
#567 = CARTESIAN_POINT('',(41.300904015627,0.58,-3.386534014314));
#568 = CARTESIAN_POINT('',(42.734185014802,0.58,-3.290065148847));
#569 = CARTESIAN_POINT('',(44.167235082649,0.58,-3.190296829785));
#570 = CARTESIAN_POINT('',(45.6,0.58,-3.086641613019));
#571 = PCURVE('',#66,#572);
#572 = DEFINITIONAL_REPRESENTATION('',(#573),#581);
#573 = B_SPLINE_CURVE_WITH_KNOTS('',6,(#574,#575,#576,#577,#578,#579,
    #580),.UNSPECIFIED.,.F.,.F.,(7,7),(0.,1.),.PIECEWISE_BEZIER_KNOTS.);
#574 = CARTESIAN_POINT('',(3.608639300287,0.807174887892));
#575 = CARTESIAN_POINT('',(3.598576805561,0.83932260726));
#576 = CARTESIAN_POINT('',(3.588151943093,0.871467023826));
#577 = CARTESIAN_POINT('',(3.577327426839,0.903607713355));
#578 = CARTESIAN_POINT('',(3.566057966573,0.935744058628));
#579 = CARTESIAN_POINT('',(3.554285942224,0.967875226068));
#580 = CARTESIAN_POINT('',(3.541928307074,1.));
#581 = ( GEOMETRIC_REPRESENTATION_CONTEXT(2) 
PARAMETRIC_REPRESENTATION_CONTEXT() REPRESENTATION_CONTEXT('2D SPACE',''
  ) );
#582 = PCURVE('',#583,#588);
#583 = PLANE('',#584);
#584 = AXIS2_PLACEMENT_3D('',#585,#586,#587);
#585 = CARTESIAN_POINT('',(45.6,0.58,0.));
#586 = DIRECTION('',(0.,1.,0.));
#587 = DIRECTION('',(0.,-0.,1.));
#588 = DEFINITIONAL_REPRESENTATION('',(#589),#597);
#589 = B_SPLINE_CURVE_WITH_KNOTS('',6,(#590,#591,#592,#593,#594,#595,
    #596),.UNSPECIFIED.,.F.,.F.,(7,7),(0.,1.),.PIECEWISE_BEZIER_KNOTS.);
#590 = CARTESIAN_POINT('',(-3.659754959509,-8.6));
#591 = CARTESIAN_POINT('',(-3.571091564969,-7.16621171622));
#592 = CARTESIAN_POINT('',(-3.480102995137,-5.732570737359));
#593 = CARTESIAN_POINT('',(-3.386534014314,-4.299095984373));
#594 = CARTESIAN_POINT('',(-3.290065148847,-2.865814985198));
#595 = CARTESIAN_POINT('',(-3.190296829785,-1.432764917351));
#596 = CARTESIAN_POINT('',(-3.086641613019,1.42108547152E-14));
#597 = ( GEOMETRIC_REPRESENTATION_CONTEXT(2) 
PARAMETRIC_REPRESENTATION_CONTEXT() REPRESENTATION_CONTEXT('2D SPACE',''
  ) );
#598 = ORIENTED_EDGE('',*,*,#599,.F.);
#599 = EDGE_CURVE('',#600,#560,#602,.T.);
#600 = VERTEX_POINT('',#601);
#601 = CARTESIAN_POINT('',(45.6,7.732034939687E-02,-1.6));
#602 = SURFACE_CURVE('',#603,(#608,#615),.PCURVE_S1.);
#603 = ELLIPSE('',#604,8.6,7.92);
#604 = AXIS2_PLACEMENT_3D('',#605,#606,#607);
#605 = CARTESIAN_POINT('',(45.6,8.5,0.));
#606 = DIRECTION('',(1.,0.,0.));
#607 = DIRECTION('',(0.,1.,0.));
#608 = PCURVE('',#66,#609);
#609 = DEFINITIONAL_REPRESENTATION('',(#610),#614);
#610 = LINE('',#611,#612);
#611 = CARTESIAN_POINT('',(0.,1.));
#612 = VECTOR('',#613,1.);
#613 = DIRECTION('',(1.,0.));
#614 = ( GEOMETRIC_REPRESENTATION_CONTEXT(2) 
PARAMETRIC_REPRESENTATION_CONTEXT() REPRESENTATION_CONTEXT('2D SPACE',''
  ) );
#615 = PCURVE('',#616,#621);
#616 = PLANE('',#617);
#617 = AXIS2_PLACEMENT_3D('',#618,#619,#620);
#618 = CARTESIAN_POINT('',(45.6,8.5,0.));
#619 = DIRECTION('',(1.,0.,0.));
#620 = DIRECTION('',(0.,1.,0.));
#621 = DEFINITIONAL_REPRESENTATION('',(#622),#626);
#622 = ELLIPSE('',#623,8.6,7.92);
#623 = AXIS2_PLACEMENT_2D('',#624,#625);
#624 = CARTESIAN_POINT('',(0.,0.));
#625 = DIRECTION('',(1.,0.));
#626 = ( GEOMETRIC_REPRESENTATION_CONTEXT(2) 
PARAMETRIC_REPRESENTATION_CONTEXT() REPRESENTATION_CONTEXT('2D SPACE',''
  ) );
#627 = ORIENTED_EDGE('',*,*,#628,.T.);
#628 = EDGE_CURVE('',#600,#629,#631,.T.);
#629 = VERTEX_POINT('',#630);
#630 = CARTESIAN_POINT('',(45.6,7.73203493969E-02,1.6));
#631 = SURFACE_CURVE('',#632,(#659,#689),.PCURVE_S1.);
#632 = B_SPLINE_CURVE_WITH_KNOTS('',7,(#633,#634,#635,#636,#637,#638,
    #639,#640,#641,#642,#643,#644,#645,#646,#647,#648,#649,#650,#651,
    #652,#653,#654,#655,#656,#657,#658),.UNSPECIFIED.,.F.,.F.,(8,6,6,6,8
    ),(0.,0.244661538753,0.49731964202,0.758604540869,1.),
  .UNSPECIFIED.);
#633 = CARTESIAN_POINT('',(45.6,7.732035200498E-02,-1.6));
#634 = CARTESIAN_POINT('',(45.422736811625,7.16765343428E-02,-1.6));
#635 = CARTESIAN_POINT('',(45.245692727705,6.090797300243E-02,
    -1.577087551081));
#636 = CARTESIAN_POINT('',(45.072889188563,4.517453434025E-02,
    -1.531367754656));
#637 = CARTESIAN_POINT('',(44.907803472527,2.534112329816E-02,
    -1.463981273865));
#638 = CARTESIAN_POINT('',(44.753434592578,2.79496757487E-03,
    -1.376501929941));
#639 = CARTESIAN_POINT('',(44.612404552139,-2.088289426125E-02,
    -1.270883973174));
#640 = CARTESIAN_POINT('',(44.357421945223,-6.816101569962E-02,
    -1.02397086323));
#641 = CARTESIAN_POINT('',(44.244279732114,-9.177550572148E-02,
    -0.881404157246));
#642 = CARTESIAN_POINT('',(44.15016058773,-0.113267179051,
    -0.724169429243));
#643 = CARTESIAN_POINT('',(44.077266569301,-0.130936771054,
    -0.555167838627));
#644 = CARTESIAN_POINT('',(44.027338067985,-0.143393372527,
    -0.377727146707));
#645 = CARTESIAN_POINT('',(44.001594408798,-0.149825793213,
    -0.195695268824));
#646 = CARTESIAN_POINT('',(43.998467023595,-0.150607283462,
    0.174913896208));
#647 = CARTESIAN_POINT('',(44.022763422665,-0.144536586936,
    0.363640456057));
#648 = CARTESIAN_POINT('',(44.073028804517,-0.131952752218,
    0.547751296234));
#649 = CARTESIAN_POINT('',(44.14794221369,-0.113720184602,0.722963867938
    ));
#650 = CARTESIAN_POINT('',(44.245588218671,-9.137952183614E-02,
    0.885588942827));
#651 = CARTESIAN_POINT('',(44.363520072598,-6.682401500706E-02,
    1.032419821257));
#652 = CARTESIAN_POINT('',(44.62378973541,-1.898064904999E-02,
    1.279333541102));
#653 = CARTESIAN_POINT('',(44.763803671776,4.301647140649E-03,
    1.382330474971));
#654 = CARTESIAN_POINT('',(44.916666458303,2.640048309573E-02,
    1.467572707219));
#655 = CARTESIAN_POINT('',(45.079844650372,4.580510725675E-02,
    1.533195682962));
#656 = CARTESIAN_POINT('',(45.250444332429,6.119613455795E-02,
    1.577698753324));
#657 = CARTESIAN_POINT('',(45.42511698494,7.175231580829E-02,1.6));
#658 = CARTESIAN_POINT('',(45.6,7.732035200498E-02,1.6));
#659 = PCURVE('',#66,#660);
#660 = DEFINITIONAL_REPRESENTATION('',(#661),#688);
#661 = B_SPLINE_CURVE_WITH_KNOTS('',7,(#662,#663,#664,#665,#666,#667,
    #668,#669,#670,#671,#672,#673,#674,#675,#676,#677,#678,#679,#680,
    #681,#682,#683,#684,#685,#686,#687),.UNSPECIFIED.,.F.,.F.,(8,6,6,6,8
    ),(0.,0.244661538753,0.49731964202,0.758604540869,1.),
  .UNSPECIFIED.);
#662 = CARTESIAN_POINT('',(3.345012871139,1.));
#663 = CARTESIAN_POINT('',(3.344901075402,0.99602548905));
#664 = CARTESIAN_POINT('',(3.341835676274,0.992055890756));
#665 = CARTESIAN_POINT('',(3.335839730664,0.988181371941));
#666 = CARTESIAN_POINT('',(3.327080839876,0.984479898487));
#667 = CARTESIAN_POINT('',(3.315790218121,0.981018712838));
#668 = CARTESIAN_POINT('',(3.302240973367,0.977856604308));
#669 = CARTESIAN_POINT('',(3.270727064581,0.972139505498));
#670 = CARTESIAN_POINT('',(3.252604697774,0.969602684577));
#671 = CARTESIAN_POINT('',(3.232698139634,0.967492389859));
#672 = CARTESIAN_POINT('',(3.211379375171,0.965857994827));
#673 = CARTESIAN_POINT('',(3.189054808377,0.964738521704));
#674 = CARTESIAN_POINT('',(3.166181411077,0.964161309614));
#675 = CARTESIAN_POINT('',(3.119615033886,0.96409118887));
#676 = CARTESIAN_POINT('',(3.095903382057,0.964635951181));
#677 = CARTESIAN_POINT('',(3.072743755791,0.96576297768));
#678 = CARTESIAN_POINT('',(3.050643924325,0.967442650531));
#679 = CARTESIAN_POINT('',(3.030053932948,0.96963202284));
#680 = CARTESIAN_POINT('',(3.011385528194,0.972276234812));
#681 = CARTESIAN_POINT('',(2.979860191843,0.978111877476));
#682 = CARTESIAN_POINT('',(2.966642708804,0.981251203403));
#683 = CARTESIAN_POINT('',(2.955637599584,0.984678620141));
#684 = CARTESIAN_POINT('',(2.947105819434,0.988337323999));
#685 = CARTESIAN_POINT('',(2.941267841941,0.992162428978));
#686 = CARTESIAN_POINT('',(2.938282730658,0.996078856165));
#687 = CARTESIAN_POINT('',(2.93817243604,1.));
#688 = ( GEOMETRIC_REPRESENTATION_CONTEXT(2) 
PARAMETRIC_REPRESENTATION_CONTEXT() REPRESENTATION_CONTEXT('2D SPACE',''
  ) );
#689 = PCURVE('',#274,#690);
#690 = DEFINITIONAL_REPRESENTATION('',(#691),#718);
#691 = B_SPLINE_CURVE_WITH_KNOTS('',7,(#692,#693,#694,#695,#696,#697,
    #698,#699,#700,#701,#702,#703,#704,#705,#706,#707,#708,#709,#710,
    #711,#712,#713,#714,#715,#716,#717),.UNSPECIFIED.,.F.,.F.,(8,6,6,6,8
    ),(0.,0.244661538753,0.49731964202,0.758604540869,1.),
  .UNSPECIFIED.);
#692 = CARTESIAN_POINT('',(3.14159265359,7.417320352005));
#693 = CARTESIAN_POINT('',(3.252382146324,7.411676534343));
#694 = CARTESIAN_POINT('',(3.363034444467,7.400907973002));
#695 = CARTESIAN_POINT('',(3.473259273965,7.38517453434));
#696 = CARTESIAN_POINT('',(3.583071476956,7.365341123298));
#697 = CARTESIAN_POINT('',(3.69253711343,7.342794967575));
#698 = CARTESIAN_POINT('',(3.801778998009,7.319117105739));
#699 = CARTESIAN_POINT('',(4.023616330808,7.2718389843));
#700 = CARTESIAN_POINT('',(4.136401508946,7.248224494279));
#701 = CARTESIAN_POINT('',(4.2493587155,7.226732820949));
#702 = CARTESIAN_POINT('',(4.362600524357,7.209063228946));
#703 = CARTESIAN_POINT('',(4.476173918345,7.196606627473));
#704 = CARTESIAN_POINT('',(4.59007528301,7.190174206787));
#705 = CARTESIAN_POINT('',(4.82171425802,7.189392716538));
#706 = CARTESIAN_POINT('',(4.939535692271,7.195463413064));
#707 = CARTESIAN_POINT('',(5.057005330264,7.208047247782));
#708 = CARTESIAN_POINT('',(5.174121586179,7.226279815398));
#709 = CARTESIAN_POINT('',(5.290933669493,7.248620478164));
#710 = CARTESIAN_POINT('',(5.407567117788,7.273175984993));
#711 = CARTESIAN_POINT('',(5.631790327611,7.32101935095));
#712 = CARTESIAN_POINT('',(5.739580711584,7.344301647141));
#713 = CARTESIAN_POINT('',(5.847596990205,7.366400483096));
#714 = CARTESIAN_POINT('',(5.955954234437,7.385805107257));
#715 = CARTESIAN_POINT('',(6.064713247719,7.401196134558));
#716 = CARTESIAN_POINT('',(6.173883422767,7.411752315808));
#717 = CARTESIAN_POINT('',(6.28318530718,7.417320352005));
#718 = ( GEOMETRIC_REPRESENTATION_CONTEXT(2) 
PARAMETRIC_REPRESENTATION_CONTEXT() REPRESENTATION_CONTEXT('2D SPACE',''
  ) );
#719 = ORIENTED_EDGE('',*,*,#720,.F.);
#720 = EDGE_CURVE('',#721,#629,#723,.T.);
#721 = VERTEX_POINT('',#722);
#722 = CARTESIAN_POINT('',(45.6,0.58,3.086641622226));
#723 = SURFACE_CURVE('',#724,(#729,#736),.PCURVE_S1.);
#724 = ELLIPSE('',#725,8.6,7.92);
#725 = AXIS2_PLACEMENT_3D('',#726,#727,#728);
#726 = CARTESIAN_POINT('',(45.6,8.5,0.));
#727 = DIRECTION('',(1.,0.,0.));
#728 = DIRECTION('',(0.,1.,0.));
#729 = PCURVE('',#66,#730);
#730 = DEFINITIONAL_REPRESENTATION('',(#731),#735);
#731 = LINE('',#732,#733);
#732 = CARTESIAN_POINT('',(0.,1.));
#733 = VECTOR('',#734,1.);
#734 = DIRECTION('',(1.,0.));
#735 = ( GEOMETRIC_REPRESENTATION_CONTEXT(2) 
PARAMETRIC_REPRESENTATION_CONTEXT() REPRESENTATION_CONTEXT('2D SPACE',''
  ) );
#736 = PCURVE('',#737,#742);
#737 = PLANE('',#738);
#738 = AXIS2_PLACEMENT_3D('',#739,#740,#741);
#739 = CARTESIAN_POINT('',(45.6,8.5,0.));
#740 = DIRECTION('',(1.,0.,0.));
#741 = DIRECTION('',(0.,1.,0.));
#742 = DEFINITIONAL_REPRESENTATION('',(#743),#747);
#743 = ELLIPSE('',#744,8.6,7.92);
#744 = AXIS2_PLACEMENT_2D('',#745,#746);
#745 = CARTESIAN_POINT('',(0.,0.));
#746 = DIRECTION('',(1.,0.));
#747 = ( GEOMETRIC_REPRESENTATION_CONTEXT(2) 
PARAMETRIC_REPRESENTATION_CONTEXT() REPRESENTATION_CONTEXT('2D SPACE',''
  ) );
#748 = ORIENTED_EDGE('',*,*,#749,.F.);
#749 = EDGE_CURVE('',#750,#721,#752,.T.);
#750 = VERTEX_POINT('',#751);
#751 = CARTESIAN_POINT('',(37.79451564511,0.58,3.61032048239));
#752 = SURFACE_CURVE('',#753,(#761,#772),.PCURVE_S1.);
#753 = B_SPLINE_CURVE_WITH_KNOTS('',6,(#754,#755,#756,#757,#758,#759,
    #760),.UNSPECIFIED.,.F.,.F.,(7,7),(0.,1.),.PIECEWISE_BEZIER_KNOTS.);
#754 = CARTESIAN_POINT('',(37.,0.58,3.659754959509));
#755 = CARTESIAN_POINT('',(38.43378828378,0.58,3.571091564969));
#756 = CARTESIAN_POINT('',(39.867429262641,0.58,3.480102995137));
#757 = CARTESIAN_POINT('',(41.300904015628,0.58,3.386534014314));
#758 = CARTESIAN_POINT('',(42.734185014802,0.58,3.290065148847));
#759 = CARTESIAN_POINT('',(44.167235082649,0.58,3.190296829785));
#760 = CARTESIAN_POINT('',(45.6,0.58,3.086641613019));
#761 = PCURVE('',#66,#762);
#762 = DEFINITIONAL_REPRESENTATION('',(#763),#771);
#763 = B_SPLINE_CURVE_WITH_KNOTS('',6,(#764,#765,#766,#767,#768,#769,
    #770),.UNSPECIFIED.,.F.,.F.,(7,7),(0.,1.),.PIECEWISE_BEZIER_KNOTS.);
#764 = CARTESIAN_POINT('',(2.674546006893,0.807174887892));
#765 = CARTESIAN_POINT('',(2.684608501619,0.83932260726));
#766 = CARTESIAN_POINT('',(2.695033364087,0.871467023826));
#767 = CARTESIAN_POINT('',(2.705857880341,0.903607713355));
#768 = CARTESIAN_POINT('',(2.717127340607,0.935744058628));
#769 = CARTESIAN_POINT('',(2.728899364956,0.967875226068));
#770 = CARTESIAN_POINT('',(2.741257000105,1.));
#771 = ( GEOMETRIC_REPRESENTATION_CONTEXT(2) 
PARAMETRIC_REPRESENTATION_CONTEXT() REPRESENTATION_CONTEXT('2D SPACE',''
  ) );
#772 = PCURVE('',#583,#773);
#773 = DEFINITIONAL_REPRESENTATION('',(#774),#782);
#774 = B_SPLINE_CURVE_WITH_KNOTS('',6,(#775,#776,#777,#778,#779,#780,
    #781),.UNSPECIFIED.,.F.,.F.,(7,7),(0.,1.),.PIECEWISE_BEZIER_KNOTS.);
#775 = CARTESIAN_POINT('',(3.659754959509,-8.6));
#776 = CARTESIAN_POINT('',(3.571091564969,-7.16621171622));
#777 = CARTESIAN_POINT('',(3.480102995137,-5.732570737359));
#778 = CARTESIAN_POINT('',(3.386534014314,-4.299095984372));
#779 = CARTESIAN_POINT('',(3.290065148847,-2.865814985198));
#780 = CARTESIAN_POINT('',(3.190296829785,-1.432764917351));
#781 = CARTESIAN_POINT('',(3.086641613019,4.263256414561E-14));
#782 = ( GEOMETRIC_REPRESENTATION_CONTEXT(2) 
PARAMETRIC_REPRESENTATION_CONTEXT() REPRESENTATION_CONTEXT('2D SPACE',''
  ) );
#783 = ORIENTED_EDGE('',*,*,#784,.T.);
#784 = EDGE_CURVE('',#750,#785,#787,.T.);
#785 = VERTEX_POINT('',#786);
#786 = CARTESIAN_POINT('',(37.79451564246,16.42,3.610320476661));
#787 = SURFACE_CURVE('',#788,(#847,#909),.PCURVE_S1.);
#788 = B_SPLINE_CURVE_WITH_KNOTS('',8,(#789,#790,#791,#792,#793,#794,
    #795,#796,#797,#798,#799,#800,#801,#802,#803,#804,#805,#806,#807,
    #808,#809,#810,#811,#812,#813,#814,#815,#816,#817,#818,#819,#820,
    #821,#822,#823,#824,#825,#826,#827,#828,#829,#830,#831,#832,#833,
    #834,#835,#836,#837,#838,#839,#840,#841,#842,#843,#844,#845,#846),
  .UNSPECIFIED.,.F.,.F.,(9,7,7,7,7,7,7,7,9),(0.,6.997103024463E-02,
    0.261855196497,0.409741328781,0.500270950665,0.590137864281,
    0.7380078554,0.929916889042,1.),.UNSPECIFIED.);
#789 = CARTESIAN_POINT('',(37.79451514781,0.5799994,3.610319407232));
#790 = CARTESIAN_POINT('',(37.873823969477,0.675686841031,3.781784514981
    ));
#791 = CARTESIAN_POINT('',(37.955936239785,0.77497806517,3.948012983226)
  );
#792 = CARTESIAN_POINT('',(38.040555045801,0.877553537145,4.109110857565
    ));
#793 = CARTESIAN_POINT('',(38.127408666768,0.983124617929,4.265194398716
    ));
#794 = CARTESIAN_POINT('',(38.216250536931,1.091434149395,4.416389119826
    ));
#795 = CARTESIAN_POINT('',(38.306859208357,1.202257038961,4.562828823793
    ));
#796 = CARTESIAN_POINT('',(38.399038313761,1.315400844247,4.704654640576
    ));
#797 = CARTESIAN_POINT('',(38.749239560497,1.746912968367,5.218699936458
    ));
#798 = CARTESIAN_POINT('',(39.01609546247,2.079021163666,5.561372496276)
  );
#799 = CARTESIAN_POINT('',(39.289869580728,2.424008251381,5.873574426058
    ));
#800 = CARTESIAN_POINT('',(39.567798582753,2.779707472684,6.157594496813
    ));
#801 = CARTESIAN_POINT('',(39.847351260659,3.144500758101,6.415425688698
    ));
#802 = CARTESIAN_POINT('',(40.126113084889,3.517385053983,6.648712369644
    ));
#803 = CARTESIAN_POINT('',(40.401608129604,3.897959049263,6.858903909641
    ));
#804 = CARTESIAN_POINT('',(40.878095916317,4.586302511447,7.192195621534
    ));
#805 = CARTESIAN_POINT('',(41.081391445478,4.890329136117,7.324007660076
    ));
#806 = CARTESIAN_POINT('',(41.279206821482,5.199023123287,7.443172661166
    ));
#807 = CARTESIAN_POINT('',(41.469697878347,5.512579325262,7.549998513106
    ));
#808 = CARTESIAN_POINT('',(41.650398144321,5.831168340197,7.644605957738
    ));
#809 = CARTESIAN_POINT('',(41.818135340593,6.15495445306,7.726986300173)
  );
#810 = CARTESIAN_POINT('',(41.968665803449,6.484201074179,7.797001637701
    ));
#811 = CARTESIAN_POINT('',(42.175965766349,7.024153968655,7.889449779411
    ));
#812 = CARTESIAN_POINT('',(42.246441783184,7.231269326051,7.919798462488
    ));
#813 = CARTESIAN_POINT('',(42.307530559137,7.440351752632,7.945296087765
    ));
#814 = CARTESIAN_POINT('',(42.358041657021,7.65120493307,7.965835799305)
  );
#815 = CARTESIAN_POINT('',(42.396809175881,7.863550232909,7.981311810265
    ));
#816 = CARTESIAN_POINT('',(42.422893901988,8.077006895641,7.991631836583
    ));
#817 = CARTESIAN_POINT('',(42.43579154492,8.29106958369,7.996735892839)
  );
#818 = CARTESIAN_POINT('',(42.435244967091,8.717550465334,7.996519597139
    ));
#819 = CARTESIAN_POINT('',(42.421992807685,8.930025326389,7.99127525266)
  );
#820 = CARTESIAN_POINT('',(42.395760474319,9.141889510383,7.980892670063
    ));
#821 = CARTESIAN_POINT('',(42.357050901671,9.352650326367,7.965431248049
    ));
#822 = CARTESIAN_POINT('',(42.306785997797,9.56193634898,7.944981556916)
  );
#823 = CARTESIAN_POINT('',(42.246105780259,9.769475863855,7.919647134542
    ));
#824 = CARTESIAN_POINT('',(42.176174063679,9.975077860822,7.889532338008
    ));
#825 = CARTESIAN_POINT('',(41.969671001808,10.513548648851,
    7.797466773337));
#826 = CARTESIAN_POINT('',(41.819263175895,10.842795152484,
    7.727532744728));
#827 = CARTESIAN_POINT('',(41.651629352475,11.166581293236,
    7.645235130086));
#828 = CARTESIAN_POINT('',(41.471016648164,11.485169896938,
    7.550712622881));
#829 = CARTESIAN_POINT('',(41.280600364785,11.79872512157,7.443974661521
    ));
#830 = CARTESIAN_POINT('',(41.082849231466,12.107417801647,
    7.324901288471));
#831 = CARTESIAN_POINT('',(40.879608940041,12.411443383969,
    7.193185345305));
#832 = CARTESIAN_POINT('',(40.403164951627,13.099880081697,6.86008130868
    ));
#833 = CARTESIAN_POINT('',(40.127649737469,13.480545204438,
    6.649974173714));
#834 = CARTESIAN_POINT('',(39.84885553213,13.853520156743,6.416770910472
    ));
#835 = CARTESIAN_POINT('',(39.569260631321,14.218404795914,6.15902294162
    ));
#836 = CARTESIAN_POINT('',(39.291280734981,14.574197367591,
    5.875086531846));
#837 = CARTESIAN_POINT('',(39.017447272484,14.919281361294,
    5.562969136149));
#838 = CARTESIAN_POINT('',(38.75052312256,15.251491865442,5.220382099308
    ));
#839 = CARTESIAN_POINT('',(38.400077139466,15.683324033206,
    4.706252582207));
#840 = CARTESIAN_POINT('',(38.307734455989,15.796672426296,
    4.564243084973));
#841 = CARTESIAN_POINT('',(38.216965665331,15.907693999013,
    4.417605943043));
#842 = CARTESIAN_POINT('',(38.127967946256,16.016195560453,4.26619933353
    ));
#843 = CARTESIAN_POINT('',(38.04096370447,16.121951074148,4.109888786508
    ));
#844 = CARTESIAN_POINT('',(37.956200612673,16.2247022447,3.948548151011)
  );
#845 = CARTESIAN_POINT('',(37.873951650619,16.324159104428,3.78206056103
    ));
#846 = CARTESIAN_POINT('',(37.794515145161,16.4200006,3.610319401504));
#847 = PCURVE('',#66,#848);
#848 = DEFINITIONAL_REPRESENTATION('',(#849),#908);
#849 = B_SPLINE_CURVE_WITH_KNOTS('',8,(#850,#851,#852,#853,#854,#855,
    #856,#857,#858,#859,#860,#861,#862,#863,#864,#865,#866,#867,#868,
    #869,#870,#871,#872,#873,#874,#875,#876,#877,#878,#879,#880,#881,
    #882,#883,#884,#885,#886,#887,#888,#889,#890,#891,#892,#893,#894,
    #895,#896,#897,#898,#899,#900,#901,#902,#903,#904,#905,#906,#907),
  .UNSPECIFIED.,.F.,.F.,(9,7,7,7,7,7,7,7,9),(0.,6.997103024463E-02,
    0.261855196497,0.409741328781,0.500270950665,0.590137864281,
    0.7380078554,0.929916889042,1.),.UNSPECIFIED.);
#850 = CARTESIAN_POINT('',(2.680169241481,0.824989128875));
#851 = CARTESIAN_POINT('',(2.656436849902,0.826767353576));
#852 = CARTESIAN_POINT('',(2.63308859829,0.82860843587));
#853 = CARTESIAN_POINT('',(2.610107954264,0.830505718516));
#854 = CARTESIAN_POINT('',(2.587478618098,0.83245310912));
#855 = CARTESIAN_POINT('',(2.565184170035,0.834445079303));
#856 = CARTESIAN_POINT('',(2.543207717603,0.836476663865));
#857 = CARTESIAN_POINT('',(2.521531542925,0.83854345995));
#858 = CARTESIAN_POINT('',(2.441465011464,0.846395505841));
#859 = CARTESIAN_POINT('',(2.384975423806,0.852378822028));
#860 = CARTESIAN_POINT('',(2.330212186786,0.858517255173));
#861 = CARTESIAN_POINT('',(2.276884674669,0.864748847147));
#862 = CARTESIAN_POINT('',(2.22473543571,0.871016844409));
#863 = CARTESIAN_POINT('',(2.173528496718,0.877267109527));
#864 = CARTESIAN_POINT('',(2.12301344218,0.883444128466));
#865 = CARTESIAN_POINT('',(2.034255674411,0.894127711128));
#866 = CARTESIAN_POINT('',(1.9959099393,0.898685906849));
#867 = CARTESIAN_POINT('',(1.957704209422,0.903121229181));
#868 = CARTESIAN_POINT('',(1.919521313718,0.907392329111));
#869 = CARTESIAN_POINT('',(1.881257846111,0.911443904581));
#870 = CARTESIAN_POINT('',(1.842817458396,0.915204828264));
#871 = CARTESIAN_POINT('',(1.804096554319,0.91857995075));
#872 = CARTESIAN_POINT('',(1.741063196584,0.923227931981));
#873 = CARTESIAN_POINT('',(1.716991672792,0.924808111731));
#874 = CARTESIAN_POINT('',(1.692780809174,0.926177815227));
#875 = CARTESIAN_POINT('',(1.668436612788,0.927310351054));
#876 = CARTESIAN_POINT('',(1.643974141382,0.928179577935));
#877 = CARTESIAN_POINT('',(1.619419632924,0.928764437264));
#878 = CARTESIAN_POINT('',(1.594813160529,0.929053622083));
#879 = CARTESIAN_POINT('',(1.545788606741,0.929041366975));
#880 = CARTESIAN_POINT('',(1.521364018765,0.928744233356));
#881 = CARTESIAN_POINT('',(1.496991683938,0.928156064447));
#882 = CARTESIAN_POINT('',(1.472710625107,0.927288136809));
#883 = CARTESIAN_POINT('',(1.448546398415,0.926161121027));
#884 = CARTESIAN_POINT('',(1.424513640405,0.924800578033));
#885 = CARTESIAN_POINT('',(1.400618109611,0.923232602325));
#886 = CARTESIAN_POINT('',(1.33776046103,0.91860248883));
#887 = CARTESIAN_POINT('',(1.299041665897,0.915230116051));
#888 = CARTESIAN_POINT('',(1.260603813226,0.911471510145));
#889 = CARTESIAN_POINT('',(1.222343412218,0.907421897941));
#890 = CARTESIAN_POINT('',(1.184164180599,0.903152474547));
#891 = CARTESIAN_POINT('',(1.145962752707,0.898718592634));
#892 = CARTESIAN_POINT('',(1.107621975163,0.894161635427));
#893 = CARTESIAN_POINT('',(1.018865136421,0.88347903479));
#894 = CARTESIAN_POINT('',(0.968346313724,0.87730156362));
#895 = CARTESIAN_POINT('',(0.917136421291,0.871050572469));
#896 = CARTESIAN_POINT('',(0.864985003058,0.864781628505));
#897 = CARTESIAN_POINT('',(0.811656054516,0.858548895403));
#898 = CARTESIAN_POINT('',(0.756892101382,0.85240913167));
#899 = CARTESIAN_POINT('',(0.70040248735,0.846424285259));
#900 = CARTESIAN_POINT('',(0.620305358644,0.838566752006));
#901 = CARTESIAN_POINT('',(0.598597193636,0.836496288251));
#902 = CARTESIAN_POINT('',(0.576587921975,0.834461113572));
#903 = CARTESIAN_POINT('',(0.554259740418,0.832465649019));
#904 = CARTESIAN_POINT('',(0.531595675204,0.830514881266));
#905 = CARTESIAN_POINT('',(0.508579226305,0.828614363513));
#906 = CARTESIAN_POINT('',(0.485194011678,0.826770216382));
#907 = CARTESIAN_POINT('',(0.461423411517,0.824989128815));
#908 = ( GEOMETRIC_REPRESENTATION_CONTEXT(2) 
PARAMETRIC_REPRESENTATION_CONTEXT() REPRESENTATION_CONTEXT('2D SPACE',''
  ) );
#909 = PCURVE('',#492,#910);
#910 = DEFINITIONAL_REPRESENTATION('',(#911),#970);
#911 = B_SPLINE_CURVE_WITH_KNOTS('',8,(#912,#913,#914,#915,#916,#917,
    #918,#919,#920,#921,#922,#923,#924,#925,#926,#927,#928,#929,#930,
    #931,#932,#933,#934,#935,#936,#937,#938,#939,#940,#941,#942,#943,
    #944,#945,#946,#947,#948,#949,#950,#951,#952,#953,#954,#955,#956,
    #957,#958,#959,#960,#961,#962,#963,#964,#965,#966,#967,#968,#969),
  .UNSPECIFIED.,.F.,.F.,(9,7,7,7,7,7,7,7,9),(0.,6.997103024463E-02,
    0.261855196497,0.409741328781,0.500270950665,0.590137864281,
    0.7380078554,0.929916889042,1.),.UNSPECIFIED.);
#912 = CARTESIAN_POINT('',(5.145618980522,-6.E-07));
#913 = CARTESIAN_POINT('',(5.167586239571,9.568684103122E-02));
#914 = CARTESIAN_POINT('',(5.189137697878,0.19497806517));
#915 = CARTESIAN_POINT('',(5.210286182322,0.297553537145));
#916 = CARTESIAN_POINT('',(5.231044305153,0.403124617929));
#917 = CARTESIAN_POINT('',(5.251424686665,0.511434149395));
#918 = CARTESIAN_POINT('',(5.271440177866,0.622257038961));
#919 = CARTESIAN_POINT('',(5.291104083154,0.735400844247));
#920 = CARTESIAN_POINT('',(5.363429615891,1.166912968367));
#921 = CARTESIAN_POINT('',(5.4138301931,1.499021163666));
#922 = CARTESIAN_POINT('',(5.461982244909,1.844008251381));
#923 = CARTESIAN_POINT('',(5.508058934411,2.199707472684));
#924 = CARTESIAN_POINT('',(5.552173188516,2.564500758101));
#925 = CARTESIAN_POINT('',(5.594367255992,2.937385053983));
#926 = CARTESIAN_POINT('',(5.634626149758,3.317959049263));
#927 = CARTESIAN_POINT('',(5.702240601743,4.006302511447));
#928 = CARTESIAN_POINT('',(5.730396236968,4.310329136117));
#929 = CARTESIAN_POINT('',(5.757225623398,4.619023123287));
#930 = CARTESIAN_POINT('',(5.782598383267,4.932579325262));
#931 = CARTESIAN_POINT('',(5.806298972833,5.251168340197));
#932 = CARTESIAN_POINT('',(5.828020415712,5.57495445306));
#933 = CARTESIAN_POINT('',(5.847322261697,5.904201074179));
#934 = CARTESIAN_POINT('',(5.873715288315,6.444153968655));
#935 = CARTESIAN_POINT('',(5.882636962702,6.651269326051));
#936 = CARTESIAN_POINT('',(5.890333510786,6.860351752632));
#937 = CARTESIAN_POINT('',(5.896673621546,7.07120493307));
#938 = CARTESIAN_POINT('',(5.901527364013,7.283550232909));
#939 = CARTESIAN_POINT('',(5.904789230841,7.497006895641));
#940 = CARTESIAN_POINT('',(5.906402119623,7.71106958369));
#941 = CARTESIAN_POINT('',(5.906333768579,8.137550465334));
#942 = CARTESIAN_POINT('',(5.904676546669,8.350025326389));
#943 = CARTESIAN_POINT('',(5.901396043892,8.561889510383));
#944 = CARTESIAN_POINT('',(5.896549191081,8.772650326367));
#945 = CARTESIAN_POINT('',(5.890239539145,8.98193634898));
#946 = CARTESIAN_POINT('',(5.882594125619,9.189475863855));
#947 = CARTESIAN_POINT('',(5.87374131895,9.395077860822));
#948 = CARTESIAN_POINT('',(5.847451039709,9.933548648851));
#949 = CARTESIAN_POINT('',(5.82816610168,10.262795152484));
#950 = CARTESIAN_POINT('',(5.806459665858,10.586581293236));
#951 = CARTESIAN_POINT('',(5.782772647081,10.905169896938));
#952 = CARTESIAN_POINT('',(5.757412437528,11.21872512157));
#953 = CARTESIAN_POINT('',(5.73059491817,11.527417801647));
#954 = CARTESIAN_POINT('',(5.702450731132,11.831443383969));
#955 = CARTESIAN_POINT('',(5.634852958933,12.519880081697));
#956 = CARTESIAN_POINT('',(5.594598136596,12.900545204438));
#957 = CARTESIAN_POINT('',(5.552407386265,13.273520156743));
#958 = CARTESIAN_POINT('',(5.508296062622,13.638404795914));
#959 = CARTESIAN_POINT('',(5.462222163553,13.994197367591));
#960 = CARTESIAN_POINT('',(5.414072928752,14.339281361294));
#961 = CARTESIAN_POINT('',(5.363675301715,14.671491865442));
#962 = CARTESIAN_POINT('',(5.291325650873,15.103324033206));
#963 = CARTESIAN_POINT('',(5.271633491198,15.216672426296));
#964 = CARTESIAN_POINT('',(5.251588716184,15.327693999013));
#965 = CARTESIAN_POINT('',(5.231177959333,15.436195560453));
#966 = CARTESIAN_POINT('',(5.210388308852,15.541951074148));
#967 = CARTESIAN_POINT('',(5.189207082963,15.6447022447));
#968 = CARTESIAN_POINT('',(5.167621605214,15.744159104428));
#969 = CARTESIAN_POINT('',(5.145618979788,15.8400006));
#970 = ( GEOMETRIC_REPRESENTATION_CONTEXT(2) 
PARAMETRIC_REPRESENTATION_CONTEXT() REPRESENTATION_CONTEXT('2D SPACE',''
  ) );
#971 = ORIENTED_EDGE('',*,*,#972,.T.);
#972 = EDGE_CURVE('',#785,#973,#975,.T.);
#973 = VERTEX_POINT('',#974);
#974 = CARTESIAN_POINT('',(45.6,16.42,3.086641622226));
#975 = SURFACE_CURVE('',#976,(#984,#995),.PCURVE_S1.);
#976 = B_SPLINE_CURVE_WITH_KNOTS('',6,(#977,#978,#979,#980,#981,#982,
    #983),.UNSPECIFIED.,.F.,.F.,(7,7),(0.,1.),.PIECEWISE_BEZIER_KNOTS.);
#977 = CARTESIAN_POINT('',(37.,16.42,3.659754952876));
#978 = CARTESIAN_POINT('',(38.433788283743,16.42,3.571091559635));
#979 = CARTESIAN_POINT('',(39.867429262581,16.42,3.480102991257));
#980 = CARTESIAN_POINT('',(41.300904015553,16.42,3.386534012059));
#981 = CARTESIAN_POINT('',(42.734185014735,16.42,3.290065148404));
#982 = CARTESIAN_POINT('',(44.167235082603,16.42,3.190296831359));
#983 = CARTESIAN_POINT('',(45.6,16.42,3.08664161683));
#984 = PCURVE('',#66,#985);
#985 = DEFINITIONAL_REPRESENTATION('',(#986),#994);
#986 = B_SPLINE_CURVE_WITH_KNOTS('',6,(#987,#988,#989,#990,#991,#992,
    #993),.UNSPECIFIED.,.F.,.F.,(7,7),(0.,1.),.PIECEWISE_BEZIER_KNOTS.);
#987 = CARTESIAN_POINT('',(0.467046646082,0.807174887892));
#988 = CARTESIAN_POINT('',(0.456984151363,0.839322607259));
#989 = CARTESIAN_POINT('',(0.446559288908,0.871467023825));
#990 = CARTESIAN_POINT('',(0.435734772674,0.903607713353));
#991 = CARTESIAN_POINT('',(0.424465312435,0.935744058626));
#992 = CARTESIAN_POINT('',(0.412693288123,0.967875226067));
#993 = CARTESIAN_POINT('',(0.400335653022,1.));
#994 = ( GEOMETRIC_REPRESENTATION_CONTEXT(2) 
PARAMETRIC_REPRESENTATION_CONTEXT() REPRESENTATION_CONTEXT('2D SPACE',''
  ) );
#995 = PCURVE('',#350,#996);
#996 = DEFINITIONAL_REPRESENTATION('',(#997),#1005);
#997 = B_SPLINE_CURVE_WITH_KNOTS('',6,(#998,#999,#1000,#1001,#1002,#1003
    ,#1004),.UNSPECIFIED.,.F.,.F.,(7,7),(0.,1.),
  .PIECEWISE_BEZIER_KNOTS.);
#998 = CARTESIAN_POINT('',(3.659754952876,-8.6));
#999 = CARTESIAN_POINT('',(3.571091559635,-7.166211716257));
#1000 = CARTESIAN_POINT('',(3.480102991257,-5.732570737419));
#1001 = CARTESIAN_POINT('',(3.386534012059,-4.299095984447));
#1002 = CARTESIAN_POINT('',(3.290065148404,-2.865814985265));
#1003 = CARTESIAN_POINT('',(3.190296831359,-1.432764917397));
#1004 = CARTESIAN_POINT('',(3.08664161683,-4.973799150321E-14));
#1005 = ( GEOMETRIC_REPRESENTATION_CONTEXT(2) 
PARAMETRIC_REPRESENTATION_CONTEXT() REPRESENTATION_CONTEXT('2D SPACE',''
  ) );
#1006 = ORIENTED_EDGE('',*,*,#1007,.F.);
#1007 = EDGE_CURVE('',#1008,#973,#1010,.T.);
#1008 = VERTEX_POINT('',#1009);
#1009 = CARTESIAN_POINT('',(45.6,16.922679650603,1.6));
#1010 = SURFACE_CURVE('',#1011,(#1016,#1023),.PCURVE_S1.);
#1011 = ELLIPSE('',#1012,8.6,7.92);
#1012 = AXIS2_PLACEMENT_3D('',#1013,#1014,#1015);
#1013 = CARTESIAN_POINT('',(45.6,8.5,0.));
#1014 = DIRECTION('',(1.,0.,0.));
#1015 = DIRECTION('',(0.,1.,0.));
#1016 = PCURVE('',#66,#1017);
#1017 = DEFINITIONAL_REPRESENTATION('',(#1018),#1022);
#1018 = LINE('',#1019,#1020);
#1019 = CARTESIAN_POINT('',(0.,1.));
#1020 = VECTOR('',#1021,1.);
#1021 = DIRECTION('',(1.,0.));
#1022 = ( GEOMETRIC_REPRESENTATION_CONTEXT(2) 
PARAMETRIC_REPRESENTATION_CONTEXT() REPRESENTATION_CONTEXT('2D SPACE',''
  ) );
#1023 = PCURVE('',#1024,#1029);
#1024 = PLANE('',#1025);
#1025 = AXIS2_PLACEMENT_3D('',#1026,#1027,#1028);
#1026 = CARTESIAN_POINT('',(45.6,8.5,0.));
#1027 = DIRECTION('',(1.,0.,0.));
#1028 = DIRECTION('',(0.,1.,0.));
#1029 = DEFINITIONAL_REPRESENTATION('',(#1030),#1034);
#1030 = ELLIPSE('',#1031,8.6,7.92);
#1031 = AXIS2_PLACEMENT_2D('',#1032,#1033);
#1032 = CARTESIAN_POINT('',(0.,0.));
#1033 = DIRECTION('',(1.,0.));
#1034 = ( GEOMETRIC_REPRESENTATION_CONTEXT(2) 
PARAMETRIC_REPRESENTATION_CONTEXT() REPRESENTATION_CONTEXT('2D SPACE',''
  ) );
#1035 = ORIENTED_EDGE('',*,*,#1036,.T.);
#1036 = EDGE_CURVE('',#1008,#215,#1037,.T.);
#1037 = SURFACE_CURVE('',#1038,(#1053,#1071),.PCURVE_S1.);
#1038 = B_SPLINE_CURVE_WITH_KNOTS('',7,(#1039,#1040,#1041,#1042,#1043,
    #1044,#1045,#1046,#1047,#1048,#1049,#1050,#1051,#1052),
  .UNSPECIFIED.,.F.,.F.,(8,6,8),(0.,0.4893355227,1.),.UNSPECIFIED.);
#1039 = CARTESIAN_POINT('',(45.6,16.922679657382,1.6));
#1040 = CARTESIAN_POINT('',(45.42273681161,16.928323475048,1.6));
#1041 = CARTESIAN_POINT('',(45.245692727679,16.939092036333,
    1.577087551076));
#1042 = CARTESIAN_POINT('',(45.072889188514,16.954825474878,
    1.531367754646));
#1043 = CARTESIAN_POINT('',(44.907803472438,16.974658885712,
    1.463981273837));
#1044 = CARTESIAN_POINT('',(44.753434592419,16.997205041075,
    1.376501929869));
#1045 = CARTESIAN_POINT('',(44.612404551891,17.020882902344,
    1.270883973006));
#1046 = CARTESIAN_POINT('',(44.356054208345,17.068414623881,
    1.022646411381));
#1047 = CARTESIAN_POINT('',(44.241885733257,17.092275367803,
    0.878385255071));
#1048 = CARTESIAN_POINT('',(44.147175321395,17.113949608047,
    0.719167951928));
#1049 = CARTESIAN_POINT('',(44.074192833561,17.131682821553,
    0.54799870486));
#1050 = CARTESIAN_POINT('',(44.024721848307,17.144046610197,
    0.368323531768));
#1051 = CARTESIAN_POINT('',(44.,17.150224215247,0.184128948725));
#1052 = CARTESIAN_POINT('',(44.,17.150224215247,1.155341393059E-14));
#1053 = PCURVE('',#66,#1054);
#1054 = DEFINITIONAL_REPRESENTATION('',(#1055),#1070);
#1055 = B_SPLINE_CURVE_WITH_KNOTS('',7,(#1056,#1057,#1058,#1059,#1060,
    #1061,#1062,#1063,#1064,#1065,#1066,#1067,#1068,#1069),
  .UNSPECIFIED.,.F.,.F.,(8,6,8),(0.,0.4893355227,1.),.UNSPECIFIED.);
#1056 = CARTESIAN_POINT('',(0.203420213688,1.));
#1057 = CARTESIAN_POINT('',(0.203308417951,0.99602548905));
#1058 = CARTESIAN_POINT('',(0.200243018826,0.992055890755));
#1059 = CARTESIAN_POINT('',(0.194247073221,0.98818137194));
#1060 = CARTESIAN_POINT('',(0.185488182456,0.984479898485));
#1061 = CARTESIAN_POINT('',(0.174197560763,0.981018712835));
#1062 = CARTESIAN_POINT('',(0.160648316145,0.977856604302));
#1063 = CARTESIAN_POINT('',(0.128965366024,0.972108838752));
#1064 = CARTESIAN_POINT('',(0.110628298069,0.969549007472));
#1065 = CARTESIAN_POINT('',(9.047229644503E-02,0.967425455637));
#1066 = CARTESIAN_POINT('',(6.888242159247E-02,0.965789076986));
#1067 = CARTESIAN_POINT('',(4.627910681891E-02,0.96467986207));
#1068 = CARTESIAN_POINT('',(2.313542684562E-02,0.964125560538));
#1069 = CARTESIAN_POINT('',(0.,0.964125560538));
#1070 = ( GEOMETRIC_REPRESENTATION_CONTEXT(2) 
PARAMETRIC_REPRESENTATION_CONTEXT() REPRESENTATION_CONTEXT('2D SPACE',''
  ) );
#1071 = PCURVE('',#274,#1072);
#1072 = DEFINITIONAL_REPRESENTATION('',(#1073),#1088);
#1073 = B_SPLINE_CURVE_WITH_KNOTS('',7,(#1074,#1075,#1076,#1077,#1078,
    #1079,#1080,#1081,#1082,#1083,#1084,#1085,#1086,#1087),
  .UNSPECIFIED.,.F.,.F.,(8,6,8),(0.,0.4893355227,1.),.UNSPECIFIED.);
#1074 = CARTESIAN_POINT('',(6.28318530718,24.262679657382));
#1075 = CARTESIAN_POINT('',(6.172395814436,24.268323475048));
#1076 = CARTESIAN_POINT('',(6.061743516285,24.279092036333));
#1077 = CARTESIAN_POINT('',(5.951518686776,24.294825474878));
#1078 = CARTESIAN_POINT('',(5.841706483754,24.314658885712));
#1079 = CARTESIAN_POINT('',(5.732240847234,24.337205041075));
#1080 = CARTESIAN_POINT('',(5.622998962576,24.360882902344));
#1081 = CARTESIAN_POINT('',(5.399971685624,24.408414623881));
#1082 = CARTESIAN_POINT('',(5.285988983381,24.432275367803));
#1083 = CARTESIAN_POINT('',(5.171829623367,24.453949608047));
#1084 = CARTESIAN_POINT('',(5.05737898451,24.471682821553));
#1085 = CARTESIAN_POINT('',(4.942590890117,24.484046610197));
#1086 = CARTESIAN_POINT('',(4.827469573338,24.490224215247));
#1087 = CARTESIAN_POINT('',(4.712388980385,24.490224215247));
#1088 = ( GEOMETRIC_REPRESENTATION_CONTEXT(2) 
PARAMETRIC_REPRESENTATION_CONTEXT() REPRESENTATION_CONTEXT('2D SPACE',''
  ) );
#1089 = ORIENTED_EDGE('',*,*,#214,.F.);
#1090 = ORIENTED_EDGE('',*,*,#1091,.F.);
#1091 = EDGE_CURVE('',#1092,#154,#1094,.T.);
#1092 = VERTEX_POINT('',#1093);
#1093 = CARTESIAN_POINT('',(1.,18.340706589104,1.6));
#1094 = SURFACE_CURVE('',#1095,(#1110,#1128),.PCURVE_S1.);
#1095 = B_SPLINE_CURVE_WITH_KNOTS('',7,(#1096,#1097,#1098,#1099,#1100,
    #1101,#1102,#1103,#1104,#1105,#1106,#1107,#1108,#1109),
  .UNSPECIFIED.,.F.,.F.,(8,6,8),(0.,0.549751197588,1.),.UNSPECIFIED.);
#1096 = CARTESIAN_POINT('',(1.,18.340706596513,1.6));
#1097 = CARTESIAN_POINT('',(1.198086436554,18.33441651378,1.6));
#1098 = CARTESIAN_POINT('',(1.396581209477,18.333856310553,
    1.571387896746));
#1099 = CARTESIAN_POINT('',(1.589748707994,18.339263076029,
    1.513958282421));
#1100 = CARTESIAN_POINT('',(1.772535653565,18.349828075772,
    1.429218104803));
#1101 = CARTESIAN_POINT('',(1.94054600733,18.363897536622,1.319464714687
    ));
#1102 = CARTESIAN_POINT('',(2.089925367402,18.379515824269,
    1.187762708041));
#1103 = CARTESIAN_POINT('',(2.322132469017,18.407428918843,
    0.915388583259));
#1104 = CARTESIAN_POINT('',(2.412282988736,18.419834310167,
    0.780454625883));
#1105 = CARTESIAN_POINT('',(2.486306637619,18.431082612976,
    0.635239061482));
#1106 = CARTESIAN_POINT('',(2.542862036799,18.440241921928,
    0.482007509118));
#1107 = CARTESIAN_POINT('',(2.580960836167,18.446599128298,
    0.323226961229));
#1108 = CARTESIAN_POINT('',(2.6,18.449775784753,0.16158780211));
#1109 = CARTESIAN_POINT('',(2.6,18.449775784753,1.820056312937E-14));
#1110 = PCURVE('',#66,#1111);
#1111 = DEFINITIONAL_REPRESENTATION('',(#1112),#1127);
#1112 = B_SPLINE_CURVE_WITH_KNOTS('',7,(#1113,#1114,#1115,#1116,#1117,
    #1118,#1119,#1120,#1121,#1122,#1123,#1124,#1125,#1126),
  .UNSPECIFIED.,.F.,.F.,(8,6,8),(0.,0.549751197588,1.),.UNSPECIFIED.);
#1113 = CARTESIAN_POINT('',(0.178727792059,0.));
#1114 = CARTESIAN_POINT('',(0.178824075658,4.441399922742E-03));
#1115 = CARTESIAN_POINT('',(0.17569009898,8.891955369438E-03));
#1116 = CARTESIAN_POINT('',(0.169292394646,1.322306520165E-02));
#1117 = CARTESIAN_POINT('',(0.159802932894,1.732142720997E-02));
#1118 = CARTESIAN_POINT('',(0.147498645143,2.108847550067E-02));
#1119 = CARTESIAN_POINT('',(0.132739949814,2.443778850677E-02));
#1120 = CARTESIAN_POINT('',(0.102244365816,2.964422576272E-02));
#1121 = CARTESIAN_POINT('',(8.714563247453E-02,3.166553786404E-02));
#1122 = CARTESIAN_POINT('',(7.091004110319E-02,3.332526093316E-02));
#1123 = CARTESIAN_POINT('',(5.379361343209E-02,3.459331921074E-02));
#1124 = CARTESIAN_POINT('',(3.606938481384E-02,3.544755238042E-02));
#1125 = CARTESIAN_POINT('',(1.803182603258E-02,3.587443946188E-02));
#1126 = CARTESIAN_POINT('',(0.,3.587443946188E-02));
#1127 = ( GEOMETRIC_REPRESENTATION_CONTEXT(2) 
PARAMETRIC_REPRESENTATION_CONTEXT() REPRESENTATION_CONTEXT('2D SPACE',''
  ) );
#1128 = PCURVE('',#191,#1129);
#1129 = DEFINITIONAL_REPRESENTATION('',(#1130),#1145);
#1130 = B_SPLINE_CURVE_WITH_KNOTS('',7,(#1131,#1132,#1133,#1134,#1135,
    #1136,#1137,#1138,#1139,#1140,#1141,#1142,#1143,#1144),
  .UNSPECIFIED.,.F.,.F.,(8,6,8),(0.,0.549751197588,1.),.UNSPECIFIED.);
#1131 = CARTESIAN_POINT('',(0.,27.840706596513));
#1132 = CARTESIAN_POINT('',(0.123804022846,27.83441651378));
#1133 = CARTESIAN_POINT('',(0.247862959009,27.833856310553));
#1134 = CARTESIAN_POINT('',(0.371693983734,27.839263076029));
#1135 = CARTESIAN_POINT('',(0.495284299934,27.849828075772));
#1136 = CARTESIAN_POINT('',(0.618645032643,27.863897536622));
#1137 = CARTESIAN_POINT('',(0.741855463952,27.879515824269));
#1138 = CARTESIAN_POINT('',(0.965556402962,27.907428918843));
#1139 = CARTESIAN_POINT('',(1.066287559016,27.919834310167));
#1140 = CARTESIAN_POINT('',(1.167038195317,27.931082612976));
#1141 = CARTESIAN_POINT('',(1.267858934851,27.940241921928));
#1142 = CARTESIAN_POINT('',(1.368779522993,27.946599128298));
#1143 = CARTESIAN_POINT('',(1.469803950476,27.949775784753));
#1144 = CARTESIAN_POINT('',(1.570796326795,27.949775784753));
#1145 = ( GEOMETRIC_REPRESENTATION_CONTEXT(2) 
PARAMETRIC_REPRESENTATION_CONTEXT() REPRESENTATION_CONTEXT('2D SPACE',''
  ) );
#1146 = ORIENTED_EDGE('',*,*,#1147,.T.);
#1147 = EDGE_CURVE('',#1092,#1148,#1150,.T.);
#1148 = VERTEX_POINT('',#1149);
#1149 = CARTESIAN_POINT('',(1.,17.5,3.923009049187));
#1150 = SURFACE_CURVE('',#1151,(#1156,#1163),.PCURVE_S1.);
#1151 = ELLIPSE('',#1152,10.,9.);
#1152 = AXIS2_PLACEMENT_3D('',#1153,#1154,#1155);
#1153 = CARTESIAN_POINT('',(1.,8.5,0.));
#1154 = DIRECTION('',(1.,0.,0.));
#1155 = DIRECTION('',(0.,1.,0.));
#1156 = PCURVE('',#66,#1157);
#1157 = DEFINITIONAL_REPRESENTATION('',(#1158),#1162);
#1158 = LINE('',#1159,#1160);
#1159 = CARTESIAN_POINT('',(0.,0.));
#1160 = VECTOR('',#1161,1.);
#1161 = DIRECTION('',(1.,0.));
#1162 = ( GEOMETRIC_REPRESENTATION_CONTEXT(2) 
PARAMETRIC_REPRESENTATION_CONTEXT() REPRESENTATION_CONTEXT('2D SPACE',''
  ) );
#1163 = PCURVE('',#1164,#1169);
#1164 = PLANE('',#1165);
#1165 = AXIS2_PLACEMENT_3D('',#1166,#1167,#1168);
#1166 = CARTESIAN_POINT('',(1.,8.5,0.));
#1167 = DIRECTION('',(1.,0.,0.));
#1168 = DIRECTION('',(0.,1.,0.));
#1169 = DEFINITIONAL_REPRESENTATION('',(#1170),#1174);
#1170 = ELLIPSE('',#1171,10.,9.);
#1171 = AXIS2_PLACEMENT_2D('',#1172,#1173);
#1172 = CARTESIAN_POINT('',(0.,0.));
#1173 = DIRECTION('',(1.,0.));
#1174 = ( GEOMETRIC_REPRESENTATION_CONTEXT(2) 
PARAMETRIC_REPRESENTATION_CONTEXT() REPRESENTATION_CONTEXT('2D SPACE',''
  ) );
#1175 = ORIENTED_EDGE('',*,*,#1176,.T.);
#1176 = EDGE_CURVE('',#1148,#1177,#1179,.T.);
#1177 = VERTEX_POINT('',#1178);
#1178 = CARTESIAN_POINT('',(10.447200697399,17.5,3.278780105933));
#1179 = SURFACE_CURVE('',#1180,(#1188,#1199),.PCURVE_S1.);
#1180 = B_SPLINE_CURVE_WITH_KNOTS('',6,(#1181,#1182,#1183,#1184,#1185,
    #1186,#1187),.UNSPECIFIED.,.F.,.F.,(7,7),(0.,1.),
  .PIECEWISE_BEZIER_KNOTS.);
#1181 = CARTESIAN_POINT('',(1.,17.5,3.923009035487));
#1182 = CARTESIAN_POINT('',(2.667287054185,17.5,3.817881052904));
#1183 = CARTESIAN_POINT('',(4.334377806522,17.5,3.709714803072));
#1184 = CARTESIAN_POINT('',(6.001245577087,17.5,3.598143483552));
#1185 = CARTESIAN_POINT('',(7.667848836106,17.5,3.482694773651));
#1186 = CARTESIAN_POINT('',(9.334130001797,17.5,3.362771916893));
#1187 = CARTESIAN_POINT('',(11.,17.5,3.237435274955));
#1188 = PCURVE('',#66,#1189);
#1189 = DEFINITIONAL_REPRESENTATION('',(#1190),#1198);
#1190 = B_SPLINE_CURVE_WITH_KNOTS('',6,(#1191,#1192,#1193,#1194,#1195,
    #1196,#1197),.UNSPECIFIED.,.F.,.F.,(7,7),(0.,1.),
  .PIECEWISE_BEZIER_KNOTS.);
#1191 = CARTESIAN_POINT('',(0.451026811404,0.));
#1192 = CARTESIAN_POINT('',(0.4402207044,3.738311780683E-02));
#1193 = CARTESIAN_POINT('',(0.428990771064,7.476183422695E-02));
#1194 = CARTESIAN_POINT('',(0.417289501686,0.112135551056));
#1195 = CARTESIAN_POINT('',(0.405056100841,0.149503337132));
#1196 = CARTESIAN_POINT('',(0.392214082572,0.186863901386));
#1197 = CARTESIAN_POINT('',(0.378644224644,0.224215246637));
#1198 = ( GEOMETRIC_REPRESENTATION_CONTEXT(2) 
PARAMETRIC_REPRESENTATION_CONTEXT() REPRESENTATION_CONTEXT('2D SPACE',''
  ) );
#1199 = PCURVE('',#108,#1200);
#1200 = DEFINITIONAL_REPRESENTATION('',(#1201),#1209);
#1201 = B_SPLINE_CURVE_WITH_KNOTS('',6,(#1202,#1203,#1204,#1205,#1206,
    #1207,#1208),.UNSPECIFIED.,.F.,.F.,(7,7),(0.,1.),
  .PIECEWISE_BEZIER_KNOTS.);
#1202 = CARTESIAN_POINT('',(3.923009035487,0.));
#1203 = CARTESIAN_POINT('',(3.817881052904,1.667287054185));
#1204 = CARTESIAN_POINT('',(3.709714803072,3.334377806522));
#1205 = CARTESIAN_POINT('',(3.598143483552,5.001245577087));
#1206 = CARTESIAN_POINT('',(3.482694773651,6.667848836106));
#1207 = CARTESIAN_POINT('',(3.362771916893,8.334130001797));
#1208 = CARTESIAN_POINT('',(3.237435274955,10.));
#1209 = ( GEOMETRIC_REPRESENTATION_CONTEXT(2) 
PARAMETRIC_REPRESENTATION_CONTEXT() REPRESENTATION_CONTEXT('2D SPACE',''
  ) );
#1210 = ORIENTED_EDGE('',*,*,#1211,.F.);
#1211 = EDGE_CURVE('',#1212,#1177,#1214,.T.);
#1212 = VERTEX_POINT('',#1213);
#1213 = CARTESIAN_POINT('',(10.447200700186,-0.5,3.278780097904));
#1214 = SURFACE_CURVE('',#1215,(#1274,#1336),.PCURVE_S1.);
#1215 = B_SPLINE_CURVE_WITH_KNOTS('',8,(#1216,#1217,#1218,#1219,#1220,
    #1221,#1222,#1223,#1224,#1225,#1226,#1227,#1228,#1229,#1230,#1231,
    #1232,#1233,#1234,#1235,#1236,#1237,#1238,#1239,#1240,#1241,#1242,
    #1243,#1244,#1245,#1246,#1247,#1248,#1249,#1250,#1251,#1252,#1253,
    #1254,#1255,#1256,#1257,#1258,#1259,#1260,#1261,#1262,#1263,#1264,
    #1265,#1266,#1267,#1268,#1269,#1270,#1271,#1272,#1273),
  .UNSPECIFIED.,.F.,.F.,(9,7,7,7,7,7,7,7,9),(0.,6.990118572942E-02,
    0.267512955542,0.402998595425,0.50027059337,0.596897692432,
    0.732372371876,0.930011663676,1.),.UNSPECIFIED.);
#1216 = CARTESIAN_POINT('',(10.447201179603,-0.5000006,3.278778716552));
#1217 = CARTESIAN_POINT('',(10.371401110197,-0.405135301647,
    3.49718275263));
#1218 = CARTESIAN_POINT('',(10.291322499471,-0.304650210637,
    3.709285318565));
#1219 = CARTESIAN_POINT('',(10.207413901813,-0.199043441542,
    3.915077699268));
#1220 = CARTESIAN_POINT('',(10.120095386286,-8.877609521692E-02,
    4.114603237234));
#1221 = CARTESIAN_POINT('',(10.029753437655,2.57335020816E-02,
    4.307948766506));
#1222 = CARTESIAN_POINT('',(9.93673710315,0.144114827581,4.495237305717)
  );
#1223 = CARTESIAN_POINT('',(9.841355384954,0.266049458881,4.676622010222
    ));
#1224 = CARTESIAN_POINT('',(9.468299754715,0.745288225003,5.348873239877
    ));
#1225 = CARTESIAN_POINT('',(9.176482924752,1.124925952482,5.798764188878
    ));
#1226 = CARTESIAN_POINT('',(8.87404167262,1.524770382447,6.207243105731)
  );
#1227 = CARTESIAN_POINT('',(8.565470073619,1.941039805626,6.577475660811
    ));
#1228 = CARTESIAN_POINT('',(8.254797862142,2.370869884395,6.912386090408
    ));
#1229 = CARTESIAN_POINT('',(7.945672200259,2.812489012917,7.214367360075
    ));
#1230 = CARTESIAN_POINT('',(7.641652841944,3.265137383153,7.485577665995
    ));
#1231 = CARTESIAN_POINT('',(7.14491839647,4.047842811108,7.893563060826)
  );
#1232 = CARTESIAN_POINT('',(6.947555050943,4.371237509842,8.045555005913
    ));
#1233 = CARTESIAN_POINT('',(6.756294695894,4.699715244305,8.184110217271
    ));
#1234 = CARTESIAN_POINT('',(6.572899269084,5.033304565503,8.309487758293
    ));
#1235 = CARTESIAN_POINT('',(6.399501108195,5.372006308619,8.42177594945)
  );
#1236 = CARTESIAN_POINT('',(6.238711720048,5.715815925686,8.520924916068
    ));
#1237 = CARTESIAN_POINT('',(6.093615578603,6.064722247069,8.606753781049
    ));
#1238 = CARTESIAN_POINT('',(5.876879405883,6.672718634804,8.730804026202
    ));
#1239 = CARTESIAN_POINT('',(5.796069534024,6.92936745502,8.775621677924)
  );
#1240 = CARTESIAN_POINT('',(5.726282376528,7.188378449987,8.813272446089
    ));
#1241 = CARTESIAN_POINT('',(5.668786760907,7.449476350051,8.843599046922
    ));
#1242 = CARTESIAN_POINT('',(5.624783608179,7.712300755719,8.866445870622
    ));
#1243 = CARTESIAN_POINT('',(5.595216383227,7.976387955808,8.881680317962
    ));
#1244 = CARTESIAN_POINT('',(5.580584840688,8.241151348826,8.889220585817
    ));
#1245 = CARTESIAN_POINT('',(5.581161867566,8.768831970591,8.888923222067
    ));
#1246 = CARTESIAN_POINT('',(5.59617332219,9.031818037456,8.881187172925)
  );
#1247 = CARTESIAN_POINT('',(5.625909553382,9.294122018682,8.865860756773
    ));
#1248 = CARTESIAN_POINT('',(5.66987144409,9.555170452197,8.843025229271)
  );
#1249 = CARTESIAN_POINT('',(5.727130614223,9.81450983257,8.812810992635)
  );
#1250 = CARTESIAN_POINT('',(5.796509811732,10.071787734301,
    8.775370629611));
#1251 = CARTESIAN_POINT('',(5.876765880467,10.326735288314,
    8.730858124944));
#1252 = CARTESIAN_POINT('',(6.092714544849,10.93306686956,8.607284630785
    ));
#1253 = CARTESIAN_POINT('',(6.237709877185,11.281975107645,
    8.521536364017));
#1254 = CARTESIAN_POINT('',(6.398411154835,11.625787766292,
    8.422468916099));
#1255 = CARTESIAN_POINT('',(6.571732654092,11.964493139147,
    8.310263772622));
#1256 = CARTESIAN_POINT('',(6.755061398527,12.298086508907,
    8.184971464058));
#1257 = CARTESIAN_POINT('',(6.946263806048,12.626568797878,
    8.046504334346));
#1258 = CARTESIAN_POINT('',(7.14357700149,12.949968880233,7.894604003529
    ));
#1259 = CARTESIAN_POINT('',(7.640270766806,13.73279320138,7.486800989503
    ));
#1260 = CARTESIAN_POINT('',(7.944312178565,14.185551787793,
    7.215672919089));
#1261 = CARTESIAN_POINT('',(8.253474458843,14.627280587535,
    6.913771100247));
#1262 = CARTESIAN_POINT('',(8.564195054697,15.057221072221,
    6.578938311237));
#1263 = CARTESIAN_POINT('',(8.872825440231,15.473603157826,
    6.208782208688));
#1264 = CARTESIAN_POINT('',(9.175335609632,15.873564397553,
    5.800378662765));
#1265 = CARTESIAN_POINT('',(9.4672320124,16.253325315756,5.350561481826)
  );
#1266 = CARTESIAN_POINT('',(9.840519527656,16.73288196461,4.678211189101
    ));
#1267 = CARTESIAN_POINT('',(9.936038426831,16.854995950891,
    4.496643823764));
#1268 = CARTESIAN_POINT('',(10.029187972527,16.973549749424,
    4.309158756409));
#1269 = CARTESIAN_POINT('',(10.119658173417,17.088223966,4.115602154625)
  );
#1270 = CARTESIAN_POINT('',(10.20709880215,17.198646854117,
    3.915850428616));
#1271 = CARTESIAN_POINT('',(10.291122012807,17.304398632034,
    3.709816308515));
#1272 = CARTESIAN_POINT('',(10.37130621103,17.405016534621,
    3.497456186622));
#1273 = CARTESIAN_POINT('',(10.447201176816,17.5000006,3.278778724581));
#1274 = PCURVE('',#66,#1275);
#1275 = DEFINITIONAL_REPRESENTATION('',(#1276),#1335);
#1276 = B_SPLINE_CURVE_WITH_KNOTS('',8,(#1277,#1278,#1279,#1280,#1281,
    #1282,#1283,#1284,#1285,#1286,#1287,#1288,#1289,#1290,#1291,#1292,
    #1293,#1294,#1295,#1296,#1297,#1298,#1299,#1300,#1301,#1302,#1303,
    #1304,#1305,#1306,#1307,#1308,#1309,#1310,#1311,#1312,#1313,#1314,
    #1315,#1316,#1317,#1318,#1319,#1320,#1321,#1322,#1323,#1324,#1325,
    #1326,#1327,#1328,#1329,#1330,#1331,#1332,#1333,#1334),
  .UNSPECIFIED.,.F.,.F.,(9,7,7,7,7,7,7,7,9),(0.,6.990118572942E-02,
    0.267512955542,0.402998595425,0.50027059337,0.596897692432,
    0.732372371876,0.930011663676,1.),.UNSPECIFIED.);
#1277 = CARTESIAN_POINT('',(2.758478748227,0.211820654251));
#1278 = CARTESIAN_POINT('',(2.731716836289,0.210121101125));
#1279 = CARTESIAN_POINT('',(2.705417178887,0.20832561658));
#1280 = CARTESIAN_POINT('',(2.679571687189,0.206444257888));
#1281 = CARTESIAN_POINT('',(2.654169285735,0.204486443639));
#1282 = CARTESIAN_POINT('',(2.629196161944,0.202460839409));
#1283 = CARTESIAN_POINT('',(2.604635839923,0.200375271371));
#1284 = CARTESIAN_POINT('',(2.580469078559,0.198236667824));
#1285 = CARTESIAN_POINT('',(2.489403378331,0.18987219181));
#1286 = CARTESIAN_POINT('',(2.425228286453,0.183329213559));
#1287 = CARTESIAN_POINT('',(2.363496080031,0.176548019565));
#1288 = CARTESIAN_POINT('',(2.30383108994,0.169629373848));
#1289 = CARTESIAN_POINT('',(2.245890118546,0.162663629196));
#1290 = CARTESIAN_POINT('',(2.189365726297,0.155732560544));
#1291 = CARTESIAN_POINT('',(2.133924090797,0.148915983003));
#1292 = CARTESIAN_POINT('',(2.041614765152,0.137778439383));
#1293 = CARTESIAN_POINT('',(2.004442133636,0.133353252263));
#1294 = CARTESIAN_POINT('',(1.967527161651,0.129064903495));
#1295 = CARTESIAN_POINT('',(1.930775566102,0.12495289841));
#1296 = CARTESIAN_POINT('',(1.894105707775,0.121065047269));
#1297 = CARTESIAN_POINT('',(1.857441239362,0.117459904037));
#1298 = CARTESIAN_POINT('',(1.820708054334,0.114206627323));
#1299 = CARTESIAN_POINT('',(1.757367240844,0.109347071881));
#1300 = CARTESIAN_POINT('',(1.730827748022,0.107535191346));
#1301 = CARTESIAN_POINT('',(1.704211348895,0.105970456873));
#1302 = CARTESIAN_POINT('',(1.677516454308,0.104681317509));
#1303 = CARTESIAN_POINT('',(1.650748357078,0.103694699735));
#1304 = CARTESIAN_POINT('',(1.623920874818,0.103031757471));
#1305 = CARTESIAN_POINT('',(1.597058836885,0.10270369598));
#1306 = CARTESIAN_POINT('',(1.543520919712,0.102716633802));
#1307 = CARTESIAN_POINT('',(1.516838063421,0.103053213502));
#1308 = CARTESIAN_POINT('',(1.490189900208,0.103719945143));
#1309 = CARTESIAN_POINT('',(1.463600641694,0.10470563776));
#1310 = CARTESIAN_POINT('',(1.437083755915,0.105989475655));
#1311 = CARTESIAN_POINT('',(1.410644360236,0.107545063043));
#1312 = CARTESIAN_POINT('',(1.384280799138,0.109344526468));
#1313 = CARTESIAN_POINT('',(1.3211170205,0.114186424772));
#1314 = CARTESIAN_POINT('',(1.284386160006,0.117437441192));
#1315 = CARTESIAN_POINT('',(1.247724328432,0.121040608853));
#1316 = CARTESIAN_POINT('',(1.211057493525,0.124926741123));
#1317 = CARTESIAN_POINT('',(1.174309359918,0.129037251088));
#1318 = CARTESIAN_POINT('',(1.137398329359,0.133324300584));
#1319 = CARTESIAN_POINT('',(1.100230152094,0.137748363262));
#1320 = CARTESIAN_POINT('',(1.007921060038,0.148884994771));
#1321 = CARTESIAN_POINT('',(0.952475467236,0.155702066784));
#1322 = CARTESIAN_POINT('',(0.895947844607,0.162633956476));
#1323 = CARTESIAN_POINT('',(0.838004329392,0.16960078598));
#1324 = CARTESIAN_POINT('',(0.778337438836,0.176520749781));
#1325 = CARTESIAN_POINT('',(0.716603916566,0.183303489005));
#1326 = CARTESIAN_POINT('',(0.652428006465,0.189848251399));
#1327 = CARTESIAN_POINT('',(0.561335323696,0.198217926629));
#1328 = CARTESIAN_POINT('',(0.537141269434,0.200359605983));
#1329 = CARTESIAN_POINT('',(0.512552784419,0.202448160819));
#1330 = CARTESIAN_POINT('',(0.487550548,0.20447664066));
#1331 = CARTESIAN_POINT('',(0.462118015526,0.206437192873));
#1332 = CARTESIAN_POINT('',(0.436241315202,0.208321121363));
#1333 = CARTESIAN_POINT('',(0.40990932148,0.210118973341));
#1334 = CARTESIAN_POINT('',(0.383113905002,0.211820654189));
#1335 = ( GEOMETRIC_REPRESENTATION_CONTEXT(2) 
PARAMETRIC_REPRESENTATION_CONTEXT() REPRESENTATION_CONTEXT('2D SPACE',''
  ) );
#1336 = PCURVE('',#1337,#1342);
#1337 = CYLINDRICAL_SURFACE('',#1338,10.);
#1338 = AXIS2_PLACEMENT_3D('',#1339,#1340,#1341);
#1339 = CARTESIAN_POINT('',(1.,-0.5,0.));
#1340 = DIRECTION('',(0.,1.,0.));
#1341 = DIRECTION('',(0.,-0.,1.));
#1342 = DEFINITIONAL_REPRESENTATION('',(#1343),#1402);
#1343 = B_SPLINE_CURVE_WITH_KNOTS('',8,(#1344,#1345,#1346,#1347,#1348,
    #1349,#1350,#1351,#1352,#1353,#1354,#1355,#1356,#1357,#1358,#1359,
    #1360,#1361,#1362,#1363,#1364,#1365,#1366,#1367,#1368,#1369,#1370,
    #1371,#1372,#1373,#1374,#1375,#1376,#1377,#1378,#1379,#1380,#1381,
    #1382,#1383,#1384,#1385,#1386,#1387,#1388,#1389,#1390,#1391,#1392,
    #1393,#1394,#1395,#1396,#1397,#1398,#1399,#1400,#1401),
  .UNSPECIFIED.,.F.,.F.,(9,7,7,7,7,7,7,7,9),(0.,6.990118572942E-02,
    0.267512955542,0.402998595425,0.50027059337,0.596897692432,
    0.732372371876,0.930011663676,1.),.UNSPECIFIED.);
#1344 = CARTESIAN_POINT('',(7.519925240768,-6.E-07));
#1345 = CARTESIAN_POINT('',(7.496806855552,9.486469835311E-02));
#1346 = CARTESIAN_POINT('',(7.474143500495,0.195349789363));
#1347 = CARTESIAN_POINT('',(7.451931870956,0.300956558458));
#1348 = CARTESIAN_POINT('',(7.430165943355,0.411223904783));
#1349 = CARTESIAN_POINT('',(7.408837282237,0.525733502082));
#1350 = CARTESIAN_POINT('',(7.38793523161,0.644114827581));
#1351 = CARTESIAN_POINT('',(7.367446990545,0.766049458881));
#1352 = CARTESIAN_POINT('',(7.290564468537,1.245288225003));
#1353 = CARTESIAN_POINT('',(7.237066748128,1.624925952482));
#1354 = CARTESIAN_POINT('',(7.186395689671,2.024770382447));
#1355 = CARTESIAN_POINT('',(7.138347910964,2.441039805626));
#1356 = CARTESIAN_POINT('',(7.092781375167,2.870869884395));
#1357 = CARTESIAN_POINT('',(7.049642519006,3.312489012917));
#1358 = CARTESIAN_POINT('',(7.008935390596,3.765137383153));
#1359 = CARTESIAN_POINT('',(6.944654974316,4.547842811108));
#1360 = CARTESIAN_POINT('',(6.919756624308,4.871237509842));
#1361 = CARTESIAN_POINT('',(6.896155450848,5.199715244305));
#1362 = CARTESIAN_POINT('',(6.873954936102,5.533304565503));
#1363 = CARTESIAN_POINT('',(6.853307597624,5.872006308619));
#1364 = CARTESIAN_POINT('',(6.834422886544,6.215815925686));
#1365 = CARTESIAN_POINT('',(6.817566536144,6.564722247069));
#1366 = CARTESIAN_POINT('',(6.792593944791,7.172718634804));
#1367 = CARTESIAN_POINT('',(6.783354187581,7.42936745502));
#1368 = CARTESIAN_POINT('',(6.775425378435,7.688378449987));
#1369 = CARTESIAN_POINT('',(6.768925348142,7.949476350051));
#1370 = CARTESIAN_POINT('',(6.763967291717,8.212300755719));
#1371 = CARTESIAN_POINT('',(6.760641167035,8.476387955808));
#1372 = CARTESIAN_POINT('',(6.758995149293,8.741151348826));
#1373 = CARTESIAN_POINT('',(6.759060063484,9.268831970591));
#1374 = CARTESIAN_POINT('',(6.760748820382,9.531818037456));
#1375 = CARTESIAN_POINT('',(6.764094181168,9.794122018682));
#1376 = CARTESIAN_POINT('',(6.769048051976,10.055170452197));
#1377 = CARTESIAN_POINT('',(6.775521928475,10.31450983257));
#1378 = CARTESIAN_POINT('',(6.783404858696,10.571787734301));
#1379 = CARTESIAN_POINT('',(6.792581404589,10.826735288314));
#1380 = CARTESIAN_POINT('',(6.8174619661,11.43306686956));
#1381 = CARTESIAN_POINT('',(6.834305541821,11.781975107645));
#1382 = CARTESIAN_POINT('',(6.85317848723,12.125787766292));
#1383 = CARTESIAN_POINT('',(6.873814895145,12.464493139147));
#1384 = CARTESIAN_POINT('',(6.89600511535,12.798086508907));
#1385 = CARTESIAN_POINT('',(6.919596447657,13.126568797878));
#1386 = CARTESIAN_POINT('',(6.944485247784,13.449968880233));
#1387 = CARTESIAN_POINT('',(7.008750945847,14.23279320138));
#1388 = CARTESIAN_POINT('',(7.049454262023,14.685551787793));
#1389 = CARTESIAN_POINT('',(7.09259020501,15.127280587535));
#1390 = CARTESIAN_POINT('',(7.138154357812,15.557221072221));
#1391 = CARTESIAN_POINT('',(7.186200045735,15.973603157826));
#1392 = CARTESIAN_POINT('',(7.236869165913,16.373564397553));
#1393 = CARTESIAN_POINT('',(7.290365039744,16.753325315756));
#1394 = CARTESIAN_POINT('',(7.367267476973,17.23288196461));
#1395 = CARTESIAN_POINT('',(7.387778253509,17.354995950891));
#1396 = CARTESIAN_POINT('',(7.408703800079,17.473549749424));
#1397 = CARTESIAN_POINT('',(7.430056970846,17.588223966));
#1398 = CARTESIAN_POINT('',(7.451848467419,17.698646854117));
#1399 = CARTESIAN_POINT('',(7.474086763301,17.804398632034));
#1400 = CARTESIAN_POINT('',(7.496777912159,17.905016534621));
#1401 = CARTESIAN_POINT('',(7.519925239918,18.0000006));
#1402 = ( GEOMETRIC_REPRESENTATION_CONTEXT(2) 
PARAMETRIC_REPRESENTATION_CONTEXT() REPRESENTATION_CONTEXT('2D SPACE',''
  ) );
#1403 = ORIENTED_EDGE('',*,*,#1404,.F.);
#1404 = EDGE_CURVE('',#1405,#1212,#1407,.T.);
#1405 = VERTEX_POINT('',#1406);
#1406 = CARTESIAN_POINT('',(1.,-0.5,3.923009049187));
#1407 = SURFACE_CURVE('',#1408,(#1416,#1427),.PCURVE_S1.);
#1408 = B_SPLINE_CURVE_WITH_KNOTS('',6,(#1409,#1410,#1411,#1412,#1413,
    #1414,#1415),.UNSPECIFIED.,.F.,.F.,(7,7),(0.,1.),
  .PIECEWISE_BEZIER_KNOTS.);
#1409 = CARTESIAN_POINT('',(1.,-0.5,3.923009040452));
#1410 = CARTESIAN_POINT('',(2.667287054234,-0.5,3.817881056145));
#1411 = CARTESIAN_POINT('',(4.334377806606,-0.5,3.709714804387));
#1412 = CARTESIAN_POINT('',(6.001245577186,-0.5,3.598143482722));
#1413 = CARTESIAN_POINT('',(7.667848836199,-0.5,3.482694770436));
#1414 = CARTESIAN_POINT('',(9.334130001859,-0.5,3.362771911031));
#1415 = CARTESIAN_POINT('',(11.,-0.5,3.237435266176));
#1416 = PCURVE('',#66,#1417);
#1417 = DEFINITIONAL_REPRESENTATION('',(#1418),#1426);
#1418 = B_SPLINE_CURVE_WITH_KNOTS('',6,(#1419,#1420,#1421,#1422,#1423,
    #1424,#1425),.UNSPECIFIED.,.F.,.F.,(7,7),(0.,1.),
  .PIECEWISE_BEZIER_KNOTS.);
#1419 = CARTESIAN_POINT('',(2.690565841588,0.));
#1420 = CARTESIAN_POINT('',(2.701371948608,3.738311780794E-02));
#1421 = CARTESIAN_POINT('',(2.712601881966,7.476183422883E-02));
#1422 = CARTESIAN_POINT('',(2.724303151375,0.112135551058));
#1423 = CARTESIAN_POINT('',(2.736536552262,0.149503337135));
#1424 = CARTESIAN_POINT('',(2.749378570585,0.186863901387));
#1425 = CARTESIAN_POINT('',(2.762948428585,0.224215246637));
#1426 = ( GEOMETRIC_REPRESENTATION_CONTEXT(2) 
PARAMETRIC_REPRESENTATION_CONTEXT() REPRESENTATION_CONTEXT('2D SPACE',''
  ) );
#1427 = PCURVE('',#1428,#1433);
#1428 = PLANE('',#1429);
#1429 = AXIS2_PLACEMENT_3D('',#1430,#1431,#1432);
#1430 = CARTESIAN_POINT('',(1.,-0.5,0.));
#1431 = DIRECTION('',(0.,1.,0.));
#1432 = DIRECTION('',(0.,-0.,1.));
#1433 = DEFINITIONAL_REPRESENTATION('',(#1434),#1442);
#1434 = B_SPLINE_CURVE_WITH_KNOTS('',6,(#1435,#1436,#1437,#1438,#1439,
    #1440,#1441),.UNSPECIFIED.,.F.,.F.,(7,7),(0.,1.),
  .PIECEWISE_BEZIER_KNOTS.);
#1435 = CARTESIAN_POINT('',(3.923009040452,0.));
#1436 = CARTESIAN_POINT('',(3.817881056145,1.667287054234));
#1437 = CARTESIAN_POINT('',(3.709714804387,3.334377806606));
#1438 = CARTESIAN_POINT('',(3.598143482722,5.001245577186));
#1439 = CARTESIAN_POINT('',(3.482694770436,6.667848836199));
#1440 = CARTESIAN_POINT('',(3.362771911031,8.334130001859));
#1441 = CARTESIAN_POINT('',(3.237435266176,10.));
#1442 = ( GEOMETRIC_REPRESENTATION_CONTEXT(2) 
PARAMETRIC_REPRESENTATION_CONTEXT() REPRESENTATION_CONTEXT('2D SPACE',''
  ) );
#1443 = ORIENTED_EDGE('',*,*,#1444,.T.);
#1444 = EDGE_CURVE('',#1405,#1445,#1447,.T.);
#1445 = VERTEX_POINT('',#1446);
#1446 = CARTESIAN_POINT('',(1.,-1.340706589104,1.6));
#1447 = SURFACE_CURVE('',#1448,(#1453,#1460),.PCURVE_S1.);
#1448 = ELLIPSE('',#1449,10.,9.);
#1449 = AXIS2_PLACEMENT_3D('',#1450,#1451,#1452);
#1450 = CARTESIAN_POINT('',(1.,8.5,0.));
#1451 = DIRECTION('',(1.,0.,0.));
#1452 = DIRECTION('',(0.,1.,0.));
#1453 = PCURVE('',#66,#1454);
#1454 = DEFINITIONAL_REPRESENTATION('',(#1455),#1459);
#1455 = LINE('',#1456,#1457);
#1456 = CARTESIAN_POINT('',(0.,0.));
#1457 = VECTOR('',#1458,1.);
#1458 = DIRECTION('',(1.,0.));
#1459 = ( GEOMETRIC_REPRESENTATION_CONTEXT(2) 
PARAMETRIC_REPRESENTATION_CONTEXT() REPRESENTATION_CONTEXT('2D SPACE',''
  ) );
#1460 = PCURVE('',#1461,#1466);
#1461 = PLANE('',#1462);
#1462 = AXIS2_PLACEMENT_3D('',#1463,#1464,#1465);
#1463 = CARTESIAN_POINT('',(1.,8.5,0.));
#1464 = DIRECTION('',(1.,0.,0.));
#1465 = DIRECTION('',(0.,1.,0.));
#1466 = DEFINITIONAL_REPRESENTATION('',(#1467),#1471);
#1467 = ELLIPSE('',#1468,10.,9.);
#1468 = AXIS2_PLACEMENT_2D('',#1469,#1470);
#1469 = CARTESIAN_POINT('',(0.,0.));
#1470 = DIRECTION('',(1.,0.));
#1471 = ( GEOMETRIC_REPRESENTATION_CONTEXT(2) 
PARAMETRIC_REPRESENTATION_CONTEXT() REPRESENTATION_CONTEXT('2D SPACE',''
  ) );
#1472 = ORIENTED_EDGE('',*,*,#1473,.T.);
#1473 = EDGE_CURVE('',#1445,#1474,#1476,.T.);
#1474 = VERTEX_POINT('',#1475);
#1475 = CARTESIAN_POINT('',(1.,-1.340706589104,-1.6));
#1476 = SURFACE_CURVE('',#1477,(#1504,#1534),.PCURVE_S1.);
#1477 = B_SPLINE_CURVE_WITH_KNOTS('',7,(#1478,#1479,#1480,#1481,#1482,
    #1483,#1484,#1485,#1486,#1487,#1488,#1489,#1490,#1491,#1492,#1493,
    #1494,#1495,#1496,#1497,#1498,#1499,#1500,#1501,#1502,#1503),
  .UNSPECIFIED.,.F.,.F.,(8,6,6,6,8),(0.,0.274878471978,0.494194200498,
    0.718672061001,1.),.UNSPECIFIED.);
#1478 = CARTESIAN_POINT('',(1.,-1.340706586407,1.6));
#1479 = CARTESIAN_POINT('',(1.19808643649,-1.334416503679,1.6));
#1480 = CARTESIAN_POINT('',(1.396581209363,-1.333856300584,
    1.571387896765));
#1481 = CARTESIAN_POINT('',(1.589748707821,-1.339263066325,
    1.513958282469));
#1482 = CARTESIAN_POINT('',(1.772535653314,-1.349828066491,
    1.429218104907));
#1483 = CARTESIAN_POINT('',(1.940546006984,-1.363897528004,
    1.319464714892));
#1484 = CARTESIAN_POINT('',(2.089925366961,-1.379515816574,
    1.187762708411));
#1485 = CARTESIAN_POINT('',(2.319433773736,-1.40710450907,0.918554097094
    ));
#1486 = CARTESIAN_POINT('',(2.407615516438,-1.41919312542,0.787417185822
    ));
#1487 = CARTESIAN_POINT('',(2.48053394414,-1.43020849207,0.6464769528));
#1488 = CARTESIAN_POINT('',(2.536948319306,-1.43928666462,0.497813008159
    ));
#1489 = CARTESIAN_POINT('',(2.575916559256,-1.445759594522,
    0.343701085771));
#1490 = CARTESIAN_POINT('',(2.596858115399,-1.449251651324,
    0.186610876779));
#1491 = CARTESIAN_POINT('',(2.602675799659,-1.450222154854,
    -0.131870996482));
#1492 = CARTESIAN_POINT('',(2.58669375379,-1.447557306139,
    -0.293374463378));
#1493 = CARTESIAN_POINT('',(2.551708016661,-1.44169486863,-0.45240196946
    ));
#1494 = CARTESIAN_POINT('',(2.498262219406,-1.432971433592,
    -0.606266041946));
#1495 = CARTESIAN_POINT('',(2.427292124592,-1.422063143627,
    -0.752492893044));
#1496 = CARTESIAN_POINT('',(2.34009161202,-1.409873983067,
    -0.888803966545));
#1497 = CARTESIAN_POINT('',(2.110829764711,-1.381729677338,
    -1.169020204772));
#1498 = CARTESIAN_POINT('',(1.960194953145,-1.365568816622,
    -1.306438141729));
#1499 = CARTESIAN_POINT('',(1.78967732254,-1.350838074015,
    -1.421161940674));
#1500 = CARTESIAN_POINT('',(1.60336117023,-1.339654828512,
    -1.509858760322));
#1501 = CARTESIAN_POINT('',(1.405918212377,-1.333833055219,
    -1.570026252882));
#1502 = CARTESIAN_POINT('',(1.202744640699,-1.33426858598,-1.6));
#1503 = CARTESIAN_POINT('',(1.,-1.340706586407,-1.6));
#1504 = PCURVE('',#66,#1505);
#1505 = DEFINITIONAL_REPRESENTATION('',(#1506),#1533);
#1506 = B_SPLINE_CURVE_WITH_KNOTS('',7,(#1507,#1508,#1509,#1510,#1511,
    #1512,#1513,#1514,#1515,#1516,#1517,#1518,#1519,#1520,#1521,#1522,
    #1523,#1524,#1525,#1526,#1527,#1528,#1529,#1530,#1531,#1532),
  .UNSPECIFIED.,.F.,.F.,(8,6,6,6,8),(0.,0.274878471978,0.494194200498,
    0.718672061001,1.),.UNSPECIFIED.);
#1507 = CARTESIAN_POINT('',(2.962864857773,0.));
#1508 = CARTESIAN_POINT('',(2.962768574174,4.441399921293E-03));
#1509 = CARTESIAN_POINT('',(2.965902550873,8.89195536688E-03));
#1510 = CARTESIAN_POINT('',(2.972300255251,1.322306519778E-02));
#1511 = CARTESIAN_POINT('',(2.981789717084,1.732142720435E-02));
#1512 = CARTESIAN_POINT('',(2.994094004983,2.10884754929E-02));
#1513 = CARTESIAN_POINT('',(3.008852700567,2.443778849688E-02));
#1514 = CARTESIAN_POINT('',(3.03899386767,2.95837168999E-02));
#1515 = CARTESIAN_POINT('',(3.053667932534,3.156088601879E-02));
#1516 = CARTESIAN_POINT('',(3.069426125302,3.319582834395E-02));
#1517 = CARTESIAN_POINT('',(3.086033484994,3.446072464812E-02));
#1518 = CARTESIAN_POINT('',(3.103237710732,3.533445200125E-02));
#1519 = CARTESIAN_POINT('',(3.120768406046,3.580399361881E-02));
#1520 = CARTESIAN_POINT('',(3.156308389913,3.593443496993E-02));
#1521 = CARTESIAN_POINT('',(3.174330134267,3.55760931343E-02));
#1522 = CARTESIAN_POINT('',(3.192080459578,3.479165956639E-02));
#1523 = CARTESIAN_POINT('',(3.20926539913,3.359332330506E-02));
#1524 = CARTESIAN_POINT('',(3.225611644787,3.200206557382E-02));
#1525 = CARTESIAN_POINT('',(3.240862278824,3.004689713049E-02));
#1526 = CARTESIAN_POINT('',(3.272232343519,2.490649696662E-02));
#1527 = CARTESIAN_POINT('',(3.287630855066,2.152903482388E-02));
#1528 = CARTESIAN_POINT('',(3.300493329328,1.770576956367E-02));
#1529 = CARTESIAN_POINT('',(3.310428265762,1.352827735942E-02));
#1530 = CARTESIAN_POINT('',(3.317133559029,9.101305210251E-03));
#1531 = CARTESIAN_POINT('',(3.320418997213,4.545843961858E-03));
#1532 = CARTESIAN_POINT('',(3.320320449406,0.));
#1533 = ( GEOMETRIC_REPRESENTATION_CONTEXT(2) 
PARAMETRIC_REPRESENTATION_CONTEXT() REPRESENTATION_CONTEXT('2D SPACE',''
  ) );
#1534 = PCURVE('',#191,#1535);
#1535 = DEFINITIONAL_REPRESENTATION('',(#1536),#1563);
#1536 = B_SPLINE_CURVE_WITH_KNOTS('',7,(#1537,#1538,#1539,#1540,#1541,
    #1542,#1543,#1544,#1545,#1546,#1547,#1548,#1549,#1550,#1551,#1552,
    #1553,#1554,#1555,#1556,#1557,#1558,#1559,#1560,#1561,#1562),
  .UNSPECIFIED.,.F.,.F.,(8,6,6,6,8),(0.,0.274878471978,0.494194200498,
    0.718672061001,1.),.UNSPECIFIED.);
#1537 = CARTESIAN_POINT('',(0.,8.159293413593));
#1538 = CARTESIAN_POINT('',(0.123804022806,8.165583496321));
#1539 = CARTESIAN_POINT('',(0.247862958938,8.166143699416));
#1540 = CARTESIAN_POINT('',(0.371693983624,8.160736933675));
#1541 = CARTESIAN_POINT('',(0.495284299766,8.150171933509));
#1542 = CARTESIAN_POINT('',(0.618645032397,8.136102471996));
#1543 = CARTESIAN_POINT('',(0.741855463598,8.120484183426));
#1544 = CARTESIAN_POINT('',(0.962956565673,8.09289549093));
#1545 = CARTESIAN_POINT('',(1.061082417584,8.08080687458));
#1546 = CARTESIAN_POINT('',(1.159229275826,8.06979150793));
#1547 = CARTESIAN_POINT('',(1.257436541065,8.06071333538));
#1548 = CARTESIAN_POINT('',(1.355743938191,8.054240405478));
#1549 = CARTESIAN_POINT('',(1.454147102917,8.050748348676));
#1550 = CARTESIAN_POINT('',(1.653231480684,8.049777845146));
#1551 = CARTESIAN_POINT('',(1.753971843348,8.052442693861));
#1552 = CARTESIAN_POINT('',(1.854616218018,8.05830513137));
#1553 = CARTESIAN_POINT('',(1.955163802897,8.067028566408));
#1554 = CARTESIAN_POINT('',(2.055639389168,8.077936856373));
#1555 = CARTESIAN_POINT('',(2.15608812915,8.090126016933));
#1556 = CARTESIAN_POINT('',(2.382371046988,8.118270322662));
#1557 = CARTESIAN_POINT('',(2.508460961952,8.134431183378));
#1558 = CARTESIAN_POINT('',(2.634694821319,8.149161925985));
#1559 = CARTESIAN_POINT('',(2.761166713834,8.160345171488));
#1560 = CARTESIAN_POINT('',(2.887894128466,8.166166944781));
#1561 = CARTESIAN_POINT('',(3.014877253153,8.16573141402));
#1562 = CARTESIAN_POINT('',(3.14159265359,8.159293413593));
#1563 = ( GEOMETRIC_REPRESENTATION_CONTEXT(2) 
PARAMETRIC_REPRESENTATION_CONTEXT() REPRESENTATION_CONTEXT('2D SPACE',''
  ) );
#1564 = ORIENTED_EDGE('',*,*,#1565,.T.);
#1565 = EDGE_CURVE('',#1474,#1566,#1568,.T.);
#1566 = VERTEX_POINT('',#1567);
#1567 = CARTESIAN_POINT('',(1.,-0.5,-3.923009049187));
#1568 = SURFACE_CURVE('',#1569,(#1574,#1581),.PCURVE_S1.);
#1569 = ELLIPSE('',#1570,10.,9.);
#1570 = AXIS2_PLACEMENT_3D('',#1571,#1572,#1573);
#1571 = CARTESIAN_POINT('',(1.,8.5,0.));
#1572 = DIRECTION('',(1.,0.,0.));
#1573 = DIRECTION('',(0.,1.,0.));
#1574 = PCURVE('',#66,#1575);
#1575 = DEFINITIONAL_REPRESENTATION('',(#1576),#1580);
#1576 = LINE('',#1577,#1578);
#1577 = CARTESIAN_POINT('',(0.,0.));
#1578 = VECTOR('',#1579,1.);
#1579 = DIRECTION('',(1.,0.));
#1580 = ( GEOMETRIC_REPRESENTATION_CONTEXT(2) 
PARAMETRIC_REPRESENTATION_CONTEXT() REPRESENTATION_CONTEXT('2D SPACE',''
  ) );
#1581 = PCURVE('',#1582,#1587);
#1582 = PLANE('',#1583);
#1583 = AXIS2_PLACEMENT_3D('',#1584,#1585,#1586);
#1584 = CARTESIAN_POINT('',(1.,8.5,0.));
#1585 = DIRECTION('',(1.,0.,0.));
#1586 = DIRECTION('',(0.,1.,0.));
#1587 = DEFINITIONAL_REPRESENTATION('',(#1588),#1592);
#1588 = ELLIPSE('',#1589,10.,9.);
#1589 = AXIS2_PLACEMENT_2D('',#1590,#1591);
#1590 = CARTESIAN_POINT('',(0.,0.));
#1591 = DIRECTION('',(1.,0.));
#1592 = ( GEOMETRIC_REPRESENTATION_CONTEXT(2) 
PARAMETRIC_REPRESENTATION_CONTEXT() REPRESENTATION_CONTEXT('2D SPACE',''
  ) );
#1593 = ORIENTED_EDGE('',*,*,#1594,.F.);
#1594 = EDGE_CURVE('',#1595,#1566,#1597,.T.);
#1595 = VERTEX_POINT('',#1596);
#1596 = CARTESIAN_POINT('',(10.447200700186,-0.5,-3.278780097904));
#1597 = SURFACE_CURVE('',#1598,(#1606,#1617),.PCURVE_S1.);
#1598 = B_SPLINE_CURVE_WITH_KNOTS('',6,(#1599,#1600,#1601,#1602,#1603,
    #1604,#1605),.UNSPECIFIED.,.F.,.F.,(7,7),(0.,1.),
  .PIECEWISE_BEZIER_KNOTS.);
#1599 = CARTESIAN_POINT('',(11.,-0.5,-3.237435266176));
#1600 = CARTESIAN_POINT('',(9.334130002041,-0.5,-3.362771913578));
#1601 = CARTESIAN_POINT('',(7.667848836103,-0.5,-3.48269476507));
#1602 = CARTESIAN_POINT('',(6.001245577292,-0.5,-3.598143487548));
#1603 = CARTESIAN_POINT('',(4.334377806604,-0.5,-3.709714802598));
#1604 = CARTESIAN_POINT('',(2.667287054245,-0.5,-3.817881056144));
#1605 = CARTESIAN_POINT('',(1.,-0.5,-3.923009040452));
#1606 = PCURVE('',#66,#1607);
#1607 = DEFINITIONAL_REPRESENTATION('',(#1608),#1616);
#1608 = B_SPLINE_CURVE_WITH_KNOTS('',6,(#1609,#1610,#1611,#1612,#1613,
    #1614,#1615),.UNSPECIFIED.,.F.,.F.,(7,7),(0.,1.),
  .PIECEWISE_BEZIER_KNOTS.);
#1609 = CARTESIAN_POINT('',(3.520236870786,0.224215246637));
#1610 = CARTESIAN_POINT('',(3.533806729093,0.186863901391));
#1611 = CARTESIAN_POINT('',(3.546648785239,0.149503337132));
#1612 = CARTESIAN_POINT('',(3.558882124145,0.11213555106));
#1613 = CARTESIAN_POINT('',(3.570583437748,7.47618342288E-02));
#1614 = CARTESIAN_POINT('',(3.581813358572,3.738311780818E-02));
#1615 = CARTESIAN_POINT('',(3.592619465592,0.));
#1616 = ( GEOMETRIC_REPRESENTATION_CONTEXT(2) 
PARAMETRIC_REPRESENTATION_CONTEXT() REPRESENTATION_CONTEXT('2D SPACE',''
  ) );
#1617 = PCURVE('',#1428,#1618);
#1618 = DEFINITIONAL_REPRESENTATION('',(#1619),#1627);
#1619 = B_SPLINE_CURVE_WITH_KNOTS('',6,(#1620,#1621,#1622,#1623,#1624,
    #1625,#1626),.UNSPECIFIED.,.F.,.F.,(7,7),(0.,1.),
  .PIECEWISE_BEZIER_KNOTS.);
#1620 = CARTESIAN_POINT('',(-3.237435266176,10.));
#1621 = CARTESIAN_POINT('',(-3.362771913578,8.334130002041));
#1622 = CARTESIAN_POINT('',(-3.48269476507,6.667848836103));
#1623 = CARTESIAN_POINT('',(-3.598143487548,5.001245577292));
#1624 = CARTESIAN_POINT('',(-3.709714802598,3.334377806604));
#1625 = CARTESIAN_POINT('',(-3.817881056144,1.667287054245));
#1626 = CARTESIAN_POINT('',(-3.923009040452,0.));
#1627 = ( GEOMETRIC_REPRESENTATION_CONTEXT(2) 
PARAMETRIC_REPRESENTATION_CONTEXT() REPRESENTATION_CONTEXT('2D SPACE',''
  ) );
#1628 = ORIENTED_EDGE('',*,*,#1629,.F.);
#1629 = EDGE_CURVE('',#54,#1595,#1630,.T.);
#1630 = SURFACE_CURVE('',#1631,(#1690,#1752),.PCURVE_S1.);
#1631 = B_SPLINE_CURVE_WITH_KNOTS('',8,(#1632,#1633,#1634,#1635,#1636,
    #1637,#1638,#1639,#1640,#1641,#1642,#1643,#1644,#1645,#1646,#1647,
    #1648,#1649,#1650,#1651,#1652,#1653,#1654,#1655,#1656,#1657,#1658,
    #1659,#1660,#1661,#1662,#1663,#1664,#1665,#1666,#1667,#1668,#1669,
    #1670,#1671,#1672,#1673,#1674,#1675,#1676,#1677,#1678,#1679,#1680,
    #1681,#1682,#1683,#1684,#1685,#1686,#1687,#1688,#1689),
  .UNSPECIFIED.,.F.,.F.,(9,7,7,7,7,7,7,7,9),(0.,7.114734450894E-02,
    0.266204466994,0.404557183306,0.501808326482,0.595442012562,
    0.733778738661,0.928841875496,1.),.UNSPECIFIED.);
#1632 = CARTESIAN_POINT('',(10.447201176816,17.5000006,-3.278778724581)
  );
#1633 = CARTESIAN_POINT('',(10.370050911747,17.403445502498,
    -3.501073101902));
#1634 = CARTESIAN_POINT('',(10.288468759224,17.301069167131,
    -3.716838261409));
#1635 = CARTESIAN_POINT('',(10.202927349994,17.193396406855,
    -3.926066335578));
#1636 = CARTESIAN_POINT('',(10.11386878439,17.080912353157,
    -4.128804559241));
#1637 = CARTESIAN_POINT('',(10.021699189541,16.96405632482,
    -4.325146112889));
#1638 = CARTESIAN_POINT('',(9.926784622865,16.843216467456,
    -4.515222307579));
#1639 = CARTESIAN_POINT('',(9.829448321853,16.718725163801,
    -4.69919611145));
#1640 = CARTESIAN_POINT('',(9.457238225624,16.240287748343,
    -5.365427704617));
#1641 = CARTESIAN_POINT('',(9.168899391053,15.864964680558,
    -5.808265895593));
#1642 = CARTESIAN_POINT('',(8.87031630091,15.470042102014,
    -6.210812980472));
#1643 = CARTESIAN_POINT('',(8.565802880283,15.059140103963,
    -6.576127291166));
#1644 = CARTESIAN_POINT('',(8.259230168622,14.635000795,-6.907017265101)
  );
#1645 = CARTESIAN_POINT('',(7.954109848924,14.199333456322,
    -7.205791804297));
#1646 = CARTESIAN_POINT('',(7.653871047365,13.752883911685,
    -7.474529283203));
#1647 = CARTESIAN_POINT('',(7.155925598981,12.970319402339,
    -7.885195975952));
#1648 = CARTESIAN_POINT('',(6.954089964269,12.640336245226,
    -8.041028029786));
#1649 = CARTESIAN_POINT('',(6.75854507018,12.305051356282,
    -8.182844072671));
#1650 = CARTESIAN_POINT('',(6.571156459331,11.964434229268,
    -8.310922962481));
#1651 = CARTESIAN_POINT('',(6.394189513042,11.618485785636,
    -8.425358125605));
#1652 = CARTESIAN_POINT('',(6.230433806088,11.267212691859,
    -8.526093572169));
#1653 = CARTESIAN_POINT('',(6.08319603675,10.910628577889,
    -8.612931292881));
#1654 = CARTESIAN_POINT('',(5.866484753535,10.294535776379,
    -8.736585898866));
#1655 = CARTESIAN_POINT('',(5.786910483337,10.037679519389,
    -8.780594856409));
#1656 = CARTESIAN_POINT('',(5.718474415123,9.778483901655,
    -8.817425642782));
#1657 = CARTESIAN_POINT('',(5.662441244603,9.517234913291,
    -8.846920195706));
#1658 = CARTESIAN_POINT('',(5.619996449153,9.254302800893,
    -8.868924240703));
#1659 = CARTESIAN_POINT('',(5.592055267396,8.990159951451,
    -8.883308555155));
#1660 = CARTESIAN_POINT('',(5.579079234957,8.725399800464,
    -8.889996518593));
#1661 = CARTESIAN_POINT('',(5.582878037674,8.205940447024,
    -8.888038776148));
#1662 = CARTESIAN_POINT('',(5.59856465967,7.95116850061,-8.879953935914)
  );
#1663 = CARTESIAN_POINT('',(5.628040416232,7.69706776256,-8.864747759964
    ));
#1664 = CARTESIAN_POINT('',(5.67083339033,7.444157512456,-8.842495892783
    ));
#1665 = CARTESIAN_POINT('',(5.726098950718,7.192850835649,
    -8.813316977679));
#1666 = CARTESIAN_POINT('',(5.792773521913,6.943470337522,
    -8.777349364202));
#1667 = CARTESIAN_POINT('',(5.869730253548,6.696262838953,
    -8.734732876151));
#1668 = CARTESIAN_POINT('',(6.083085048596,6.089649582063,
    -8.612996324553));
#1669 = CARTESIAN_POINT('',(6.230297837368,5.733093165755,
    -8.526175910394));
#1670 = CARTESIAN_POINT('',(6.394027722608,5.381846781943,
    -8.425460054083));
#1671 = CARTESIAN_POINT('',(6.570968614849,5.035924148467,
    -8.311046808255));
#1672 = CARTESIAN_POINT('',(6.758331340709,4.695331954025,
    -8.182992256113));
#1673 = CARTESIAN_POINT('',(6.953850792239,4.360071097282,
    -8.041203107974));
#1674 = CARTESIAN_POINT('',(7.155661646424,4.030111020661,
    -7.885400701195));
#1675 = CARTESIAN_POINT('',(7.653592054272,3.247532597325,
    -7.474777630899));
#1676 = CARTESIAN_POINT('',(7.953844183593,2.801048186031,
    -7.206048644198));
#1677 = CARTESIAN_POINT('',(8.258980923638,2.365346674569,-6.90728031296
    ));
#1678 = CARTESIAN_POINT('',(8.565572347791,1.94117370046,-6.576394238039
    ));
#1679 = CARTESIAN_POINT('',(8.870106207375,1.530238433541,
    -6.211081419938));
#1680 = CARTESIAN_POINT('',(9.168711030041,1.135282951371,
    -5.808533159259));
#1681 = CARTESIAN_POINT('',(9.45707254354,0.759927350516,-5.365690770372
    ));
#1682 = CARTESIAN_POINT('',(9.829326358924,0.281430814057,
    -4.699426623696));
#1683 = CARTESIAN_POINT('',(9.926682685108,0.156913304488,
    -4.515426443027));
#1684 = CARTESIAN_POINT('',(10.021616702119,3.604824782033E-02,
    -4.32532182631));
#1685 = CARTESIAN_POINT('',(10.113805024956,-8.083182883235E-02,
    -4.128949703161));
#1686 = CARTESIAN_POINT('',(10.202881419727,-0.193338597254,
    -3.926178675899));
#1687 = CARTESIAN_POINT('',(10.288439555306,-0.301032520867,
    -3.716915497468));
#1688 = CARTESIAN_POINT('',(10.370037102342,-0.403428218617,
    -3.501112891786));
#1689 = CARTESIAN_POINT('',(10.447201179603,-0.5000006,-3.278778716552)
  );
#1690 = PCURVE('',#66,#1691);
#1691 = DEFINITIONAL_REPRESENTATION('',(#1692),#1751);
#1692 = B_SPLINE_CURVE_WITH_KNOTS('',8,(#1693,#1694,#1695,#1696,#1697,
    #1698,#1699,#1700,#1701,#1702,#1703,#1704,#1705,#1706,#1707,#1708,
    #1709,#1710,#1711,#1712,#1713,#1714,#1715,#1716,#1717,#1718,#1719,
    #1720,#1721,#1722,#1723,#1724,#1725,#1726,#1727,#1728,#1729,#1730,
    #1731,#1732,#1733,#1734,#1735,#1736,#1737,#1738,#1739,#1740,#1741,
    #1742,#1743,#1744,#1745,#1746,#1747,#1748,#1749,#1750),
  .UNSPECIFIED.,.F.,.F.,(9,7,7,7,7,7,7,7,9),(0.,7.114734450894E-02,
    0.266204466994,0.404557183306,0.501808326482,0.595442012562,
    0.733778738661,0.928841875496,1.),.UNSPECIFIED.);
#1693 = CARTESIAN_POINT('',(5.900071402178,0.211820654189));
#1694 = CARTESIAN_POINT('',(5.872832790729,0.210090827618));
#1695 = CARTESIAN_POINT('',(5.846073202415,0.208261631373));
#1696 = CARTESIAN_POINT('',(5.819783953026,0.206343662556));
#1697 = CARTESIAN_POINT('',(5.7939532373,0.204346833731));
#1698 = CARTESIAN_POINT('',(5.768566383312,0.202280250887));
#1699 = CARTESIAN_POINT('',(5.743605919259,0.200152121589));
#1700 = CARTESIAN_POINT('',(5.719051452656,0.197969693315));
#1701 = CARTESIAN_POINT('',(5.628609306568,0.189624175462));
#1702 = CARTESIAN_POINT('',(5.565334024399,0.183159179172));
#1703 = CARTESIAN_POINT('',(5.504432462549,0.176464491052));
#1704 = CARTESIAN_POINT('',(5.445541533243,0.169636835881));
#1705 = CARTESIAN_POINT('',(5.388330923478,0.162763008265));
#1706 = CARTESIAN_POINT('',(5.332503730444,0.155921745492));
#1707 = CARTESIAN_POINT('',(5.277738900318,0.149189933797));
#1708 = CARTESIAN_POINT('',(5.185285057901,0.138025237645));
#1709 = CARTESIAN_POINT('',(5.147316487372,0.133499774984));
#1710 = CARTESIAN_POINT('',(5.109619632135,0.129115360318));
#1711 = CARTESIAN_POINT('',(5.072093967754,0.124913821958));
#1712 = CARTESIAN_POINT('',(5.034652870882,0.120945953207));
#1713 = CARTESIAN_POINT('',(4.997215381252,0.117274300585));
#1714 = CARTESIAN_POINT('',(4.959702862075,0.113973005308));
#1715 = CARTESIAN_POINT('',(4.895571897753,0.109114007927));
#1716 = CARTESIAN_POINT('',(4.869029927989,0.107329831465));
#1717 = CARTESIAN_POINT('',(4.842410485238,0.105795390474));
#1718 = CARTESIAN_POINT('',(4.815712962391,0.104539041359));
#1719 = CARTESIAN_POINT('',(4.788943514201,0.103587364331));
#1720 = CARTESIAN_POINT('',(4.762116718307,0.102960880435));
#1721 = CARTESIAN_POINT('',(4.735258038208,0.102669938004));
#1722 = CARTESIAN_POINT('',(4.682553762953,0.102755112952));
#1723 = CARTESIAN_POINT('',(4.656701067773,0.103106830934));
#1724 = CARTESIAN_POINT('',(4.63088202418,0.103767722337));
#1725 = CARTESIAN_POINT('',(4.605118486259,0.104727206061));
#1726 = CARTESIAN_POINT('',(4.579422797034,0.105966344187));
#1727 = CARTESIAN_POINT('',(4.553799787467,0.107461289729));
#1728 = CARTESIAN_POINT('',(4.528248102004,0.109186776985));
#1729 = CARTESIAN_POINT('',(4.465104291059,0.113970516785));
#1730 = CARTESIAN_POINT('',(4.427595005619,0.117271251959));
#1731 = CARTESIAN_POINT('',(4.390160779791,0.120942325619));
#1732 = CARTESIAN_POINT('',(4.352723006898,0.124909610198));
#1733 = CARTESIAN_POINT('',(4.315200753006,0.129110568177));
#1734 = CARTESIAN_POINT('',(4.277507420492,0.133494412382));
#1735 = CARTESIAN_POINT('',(4.239542513999,0.138019319427));
#1736 = CARTESIAN_POINT('',(4.14709001355,0.149183678347));
#1737 = CARTESIAN_POINT('',(4.092322815525,0.15591578887));
#1738 = CARTESIAN_POINT('',(4.036493331604,0.162757419813));
#1739 = CARTESIAN_POINT('',(3.979280470121,0.169631666991));
#1740 = CARTESIAN_POINT('',(3.920387295164,0.176459780434));
#1741 = CARTESIAN_POINT('',(3.859483452317,0.183154955831));
#1742 = CARTESIAN_POINT('',(3.796205808021,0.189620460617));
#1743 = CARTESIAN_POINT('',(3.705757272689,0.19796695872));
#1744 = CARTESIAN_POINT('',(3.68119884703,0.200149835989));
#1745 = CARTESIAN_POINT('',(3.656234296108,0.202278401393));
#1746 = CARTESIAN_POINT('',(3.630843215462,0.204345404147));
#1747 = CARTESIAN_POINT('',(3.605008122913,0.206342632729));
#1748 = CARTESIAN_POINT('',(3.578714337546,0.208260976576));
#1749 = CARTESIAN_POINT('',(3.551950046414,0.21009051799));
#1750 = CARTESIAN_POINT('',(3.524706558953,0.211820654251));
#1751 = ( GEOMETRIC_REPRESENTATION_CONTEXT(2) 
PARAMETRIC_REPRESENTATION_CONTEXT() REPRESENTATION_CONTEXT('2D SPACE',''
  ) );
#1752 = PCURVE('',#1337,#1753);
#1753 = DEFINITIONAL_REPRESENTATION('',(#1754),#1813);
#1754 = B_SPLINE_CURVE_WITH_KNOTS('',8,(#1755,#1756,#1757,#1758,#1759,
    #1760,#1761,#1762,#1763,#1764,#1765,#1766,#1767,#1768,#1769,#1770,
    #1771,#1772,#1773,#1774,#1775,#1776,#1777,#1778,#1779,#1780,#1781,
    #1782,#1783,#1784,#1785,#1786,#1787,#1788,#1789,#1790,#1791,#1792,
    #1793,#1794,#1795,#1796,#1797,#1798,#1799,#1800,#1801,#1802,#1803,
    #1804,#1805,#1806,#1807,#1808,#1809,#1810,#1811,#1812),
  .UNSPECIFIED.,.F.,.F.,(9,7,7,7,7,7,7,7,9),(0.,7.114734450894E-02,
    0.266204466994,0.404557183306,0.501808326482,0.595442012562,
    0.733778738661,0.928841875496,1.),.UNSPECIFIED.);
#1755 = CARTESIAN_POINT('',(1.904852720851,18.0000006));
#1756 = CARTESIAN_POINT('',(1.928382904359,17.903445502498));
#1757 = CARTESIAN_POINT('',(1.951441569676,17.801069167131));
#1758 = CARTESIAN_POINT('',(1.974032336887,17.693396406855));
#1759 = CARTESIAN_POINT('',(1.996161669186,17.580912353157));
#1760 = CARTESIAN_POINT('',(2.017838554674,17.46405632482));
#1761 = CARTESIAN_POINT('',(2.039074310075,17.343216467456));
#1762 = CARTESIAN_POINT('',(2.059882506379,17.218725163801));
#1763 = CARTESIAN_POINT('',(2.13619796297,16.740287748343));
#1764 = CARTESIAN_POINT('',(2.188920663359,16.364964680558));
#1765 = CARTESIAN_POINT('',(2.238891770266,15.970042102014));
#1766 = CARTESIAN_POINT('',(2.286307781007,15.559140103963));
#1767 = CARTESIAN_POINT('',(2.331304866282,15.135000795));
#1768 = CARTESIAN_POINT('',(2.373935680546,14.699333456322));
#1769 = CARTESIAN_POINT('',(2.414197078957,14.252883911685));
#1770 = CARTESIAN_POINT('',(2.478741389481,13.470319402339));
#1771 = CARTESIAN_POINT('',(2.504227466647,13.140336245226));
#1772 = CARTESIAN_POINT('',(2.528365761194,12.805051356282));
#1773 = CARTESIAN_POINT('',(2.551047351465,12.464434229268));
#1774 = CARTESIAN_POINT('',(2.572110306417,12.118485785636));
#1775 = CARTESIAN_POINT('',(2.59133055991,11.767212691859));
#1776 = CARTESIAN_POINT('',(2.608422585378,11.410628577889));
#1777 = CARTESIAN_POINT('',(2.633373385336,10.794535776379));
#1778 = CARTESIAN_POINT('',(2.642465902253,10.537679519389));
#1779 = CARTESIAN_POINT('',(2.65023691445,10.278483901655));
#1780 = CARTESIAN_POINT('',(2.656568805656,10.017234913291));
#1781 = CARTESIAN_POINT('',(2.661349734751,9.754302800893));
#1782 = CARTESIAN_POINT('',(2.664492374879,9.490159951451));
#1783 = CARTESIAN_POINT('',(2.66595219035,9.225399800464));
#1784 = CARTESIAN_POINT('',(2.665524830343,8.705940447024));
#1785 = CARTESIAN_POINT('',(2.663760079525,8.45116850061));
#1786 = CARTESIAN_POINT('',(2.660443380842,8.19706776256));
#1787 = CARTESIAN_POINT('',(2.655620151849,7.944157512456));
#1788 = CARTESIAN_POINT('',(2.649370884016,7.692850835649));
#1789 = CARTESIAN_POINT('',(2.641795821707,7.443470337522));
#1790 = CARTESIAN_POINT('',(2.63299966134,7.196262838953));
#1791 = CARTESIAN_POINT('',(2.608435448232,6.589649582063));
#1792 = CARTESIAN_POINT('',(2.591346452641,6.233093165755));
#1793 = CARTESIAN_POINT('',(2.572129421885,5.881846781943));
#1794 = CARTESIAN_POINT('',(2.551069839293,5.535924148467));
#1795 = CARTESIAN_POINT('',(2.528391751945,5.195331954025));
#1796 = CARTESIAN_POINT('',(2.504257088324,4.860071097282));
#1797 = CARTESIAN_POINT('',(2.478774778626,4.530111020661));
#1798 = CARTESIAN_POINT('',(2.414234403904,3.747532597325));
#1799 = CARTESIAN_POINT('',(2.373972578375,3.301048186031));
#1800 = CARTESIAN_POINT('',(2.331341028119,2.865346674569));
#1801 = CARTESIAN_POINT('',(2.286342963944,2.44117370046));
#1802 = CARTESIAN_POINT('',(2.238925770329,2.030238433541));
#1803 = CARTESIAN_POINT('',(2.188953286677,1.635282951371));
#1804 = CARTESIAN_POINT('',(2.136229009294,1.259927350516));
#1805 = CARTESIAN_POINT('',(2.059908578464,0.781430814057));
#1806 = CARTESIAN_POINT('',(2.039097116677,0.656913304488));
#1807 = CARTESIAN_POINT('',(2.017857954188,0.53604824782));
#1808 = CARTESIAN_POINT('',(1.996177512005,0.419168171168));
#1809 = CARTESIAN_POINT('',(1.97404446652,0.306661402746));
#1810 = CARTESIAN_POINT('',(1.951449823852,0.198967479133));
#1811 = CARTESIAN_POINT('',(1.928387116169,9.657178138295E-02));
#1812 = CARTESIAN_POINT('',(1.904852720001,-6.E-07));
#1813 = ( GEOMETRIC_REPRESENTATION_CONTEXT(2) 
PARAMETRIC_REPRESENTATION_CONTEXT() REPRESENTATION_CONTEXT('2D SPACE',''
  ) );
#1814 = ADVANCED_FACE('',(#1815),#108,.T.);
#1815 = FACE_BOUND('',#1816,.T.);
#1816 = EDGE_LOOP('',(#1817,#1818,#1840,#1841,#1864,#1888));
#1817 = ORIENTED_EDGE('',*,*,#51,.T.);
#1818 = ORIENTED_EDGE('',*,*,#1819,.T.);
#1819 = EDGE_CURVE('',#54,#1177,#1820,.T.);
#1820 = SURFACE_CURVE('',#1821,(#1826,#1833),.PCURVE_S1.);
#1821 = CIRCLE('',#1822,10.);
#1822 = AXIS2_PLACEMENT_3D('',#1823,#1824,#1825);
#1823 = CARTESIAN_POINT('',(1.,17.5,0.));
#1824 = DIRECTION('',(0.,1.,0.));
#1825 = DIRECTION('',(0.94472006974,0.,-0.327878010593));
#1826 = PCURVE('',#108,#1827);
#1827 = DEFINITIONAL_REPRESENTATION('',(#1828),#1832);
#1828 = CIRCLE('',#1829,10.);
#1829 = AXIS2_PLACEMENT_2D('',#1830,#1831);
#1830 = CARTESIAN_POINT('',(0.,0.));
#1831 = DIRECTION('',(-0.327878010593,0.94472006974));
#1832 = ( GEOMETRIC_REPRESENTATION_CONTEXT(2) 
PARAMETRIC_REPRESENTATION_CONTEXT() REPRESENTATION_CONTEXT('2D SPACE',''
  ) );
#1833 = PCURVE('',#1337,#1834);
#1834 = DEFINITIONAL_REPRESENTATION('',(#1835),#1839);
#1835 = LINE('',#1836,#1837);
#1836 = CARTESIAN_POINT('',(1.904852867069,18.));
#1837 = VECTOR('',#1838,1.);
#1838 = DIRECTION('',(1.,0.));
#1839 = ( GEOMETRIC_REPRESENTATION_CONTEXT(2) 
PARAMETRIC_REPRESENTATION_CONTEXT() REPRESENTATION_CONTEXT('2D SPACE',''
  ) );
#1840 = ORIENTED_EDGE('',*,*,#1176,.F.);
#1841 = ORIENTED_EDGE('',*,*,#1842,.F.);
#1842 = EDGE_CURVE('',#1843,#1148,#1845,.T.);
#1843 = VERTEX_POINT('',#1844);
#1844 = CARTESIAN_POINT('',(1.,17.5,1.6));
#1845 = SURFACE_CURVE('',#1846,(#1850,#1857),.PCURVE_S1.);
#1846 = LINE('',#1847,#1848);
#1847 = CARTESIAN_POINT('',(1.,17.5,0.));
#1848 = VECTOR('',#1849,1.);
#1849 = DIRECTION('',(0.,0.,1.));
#1850 = PCURVE('',#108,#1851);
#1851 = DEFINITIONAL_REPRESENTATION('',(#1852),#1856);
#1852 = LINE('',#1853,#1854);
#1853 = CARTESIAN_POINT('',(0.,0.));
#1854 = VECTOR('',#1855,1.);
#1855 = DIRECTION('',(1.,0.));
#1856 = ( GEOMETRIC_REPRESENTATION_CONTEXT(2) 
PARAMETRIC_REPRESENTATION_CONTEXT() REPRESENTATION_CONTEXT('2D SPACE',''
  ) );
#1857 = PCURVE('',#1164,#1858);
#1858 = DEFINITIONAL_REPRESENTATION('',(#1859),#1863);
#1859 = LINE('',#1860,#1861);
#1860 = CARTESIAN_POINT('',(9.,0.));
#1861 = VECTOR('',#1862,1.);
#1862 = DIRECTION('',(0.,1.));
#1863 = ( GEOMETRIC_REPRESENTATION_CONTEXT(2) 
PARAMETRIC_REPRESENTATION_CONTEXT() REPRESENTATION_CONTEXT('2D SPACE',''
  ) );
#1864 = ORIENTED_EDGE('',*,*,#1865,.F.);
#1865 = EDGE_CURVE('',#1866,#1843,#1868,.T.);
#1866 = VERTEX_POINT('',#1867);
#1867 = CARTESIAN_POINT('',(1.,17.5,-1.6));
#1868 = SURFACE_CURVE('',#1869,(#1874,#1881),.PCURVE_S1.);
#1869 = CIRCLE('',#1870,1.6);
#1870 = AXIS2_PLACEMENT_3D('',#1871,#1872,#1873);
#1871 = CARTESIAN_POINT('',(1.,17.5,0.));
#1872 = DIRECTION('',(0.,1.,0.));
#1873 = DIRECTION('',(0.,-0.,1.));
#1874 = PCURVE('',#108,#1875);
#1875 = DEFINITIONAL_REPRESENTATION('',(#1876),#1880);
#1876 = CIRCLE('',#1877,1.6);
#1877 = AXIS2_PLACEMENT_2D('',#1878,#1879);
#1878 = CARTESIAN_POINT('',(0.,0.));
#1879 = DIRECTION('',(1.,0.));
#1880 = ( GEOMETRIC_REPRESENTATION_CONTEXT(2) 
PARAMETRIC_REPRESENTATION_CONTEXT() REPRESENTATION_CONTEXT('2D SPACE',''
  ) );
#1881 = PCURVE('',#191,#1882);
#1882 = DEFINITIONAL_REPRESENTATION('',(#1883),#1887);
#1883 = LINE('',#1884,#1885);
#1884 = CARTESIAN_POINT('',(0.,27.));
#1885 = VECTOR('',#1886,1.);
#1886 = DIRECTION('',(1.,0.));
#1887 = ( GEOMETRIC_REPRESENTATION_CONTEXT(2) 
PARAMETRIC_REPRESENTATION_CONTEXT() REPRESENTATION_CONTEXT('2D SPACE',''
  ) );
#1888 = ORIENTED_EDGE('',*,*,#1889,.F.);
#1889 = EDGE_CURVE('',#52,#1866,#1890,.T.);
#1890 = SURFACE_CURVE('',#1891,(#1895,#1902),.PCURVE_S1.);
#1891 = LINE('',#1892,#1893);
#1892 = CARTESIAN_POINT('',(1.,17.5,0.));
#1893 = VECTOR('',#1894,1.);
#1894 = DIRECTION('',(0.,0.,1.));
#1895 = PCURVE('',#108,#1896);
#1896 = DEFINITIONAL_REPRESENTATION('',(#1897),#1901);
#1897 = LINE('',#1898,#1899);
#1898 = CARTESIAN_POINT('',(0.,0.));
#1899 = VECTOR('',#1900,1.);
#1900 = DIRECTION('',(1.,0.));
#1901 = ( GEOMETRIC_REPRESENTATION_CONTEXT(2) 
PARAMETRIC_REPRESENTATION_CONTEXT() REPRESENTATION_CONTEXT('2D SPACE',''
  ) );
#1902 = PCURVE('',#141,#1903);
#1903 = DEFINITIONAL_REPRESENTATION('',(#1904),#1908);
#1904 = LINE('',#1905,#1906);
#1905 = CARTESIAN_POINT('',(9.,0.));
#1906 = VECTOR('',#1907,1.);
#1907 = DIRECTION('',(0.,1.));
#1908 = ( GEOMETRIC_REPRESENTATION_CONTEXT(2) 
PARAMETRIC_REPRESENTATION_CONTEXT() REPRESENTATION_CONTEXT('2D SPACE',''
  ) );
#1909 = ADVANCED_FACE('',(#1910),#1337,.T.);
#1910 = FACE_BOUND('',#1911,.T.);
#1911 = EDGE_LOOP('',(#1912,#1934,#1935,#1936));
#1912 = ORIENTED_EDGE('',*,*,#1913,.T.);
#1913 = EDGE_CURVE('',#1595,#1212,#1914,.T.);
#1914 = SURFACE_CURVE('',#1915,(#1920,#1927),.PCURVE_S1.);
#1915 = CIRCLE('',#1916,10.);
#1916 = AXIS2_PLACEMENT_3D('',#1917,#1918,#1919);
#1917 = CARTESIAN_POINT('',(1.,-0.5,0.));
#1918 = DIRECTION('',(0.,1.,0.));
#1919 = DIRECTION('',(0.944720070019,0.,-0.32787800979));
#1920 = PCURVE('',#1337,#1921);
#1921 = DEFINITIONAL_REPRESENTATION('',(#1922),#1926);
#1922 = LINE('',#1923,#1924);
#1923 = CARTESIAN_POINT('',(1.90485286622,0.));
#1924 = VECTOR('',#1925,1.);
#1925 = DIRECTION('',(1.,0.));
#1926 = ( GEOMETRIC_REPRESENTATION_CONTEXT(2) 
PARAMETRIC_REPRESENTATION_CONTEXT() REPRESENTATION_CONTEXT('2D SPACE',''
  ) );
#1927 = PCURVE('',#1428,#1928);
#1928 = DEFINITIONAL_REPRESENTATION('',(#1929),#1933);
#1929 = CIRCLE('',#1930,10.);
#1930 = AXIS2_PLACEMENT_2D('',#1931,#1932);
#1931 = CARTESIAN_POINT('',(0.,0.));
#1932 = DIRECTION('',(-0.32787800979,0.944720070019));
#1933 = ( GEOMETRIC_REPRESENTATION_CONTEXT(2) 
PARAMETRIC_REPRESENTATION_CONTEXT() REPRESENTATION_CONTEXT('2D SPACE',''
  ) );
#1934 = ORIENTED_EDGE('',*,*,#1211,.T.);
#1935 = ORIENTED_EDGE('',*,*,#1819,.F.);
#1936 = ORIENTED_EDGE('',*,*,#1629,.T.);
#1937 = ADVANCED_FACE('',(#1938),#1428,.F.);
#1938 = FACE_BOUND('',#1939,.F.);
#1939 = EDGE_LOOP('',(#1940,#1941,#1942,#1943,#1966,#1990));
#1940 = ORIENTED_EDGE('',*,*,#1594,.F.);
#1941 = ORIENTED_EDGE('',*,*,#1913,.T.);
#1942 = ORIENTED_EDGE('',*,*,#1404,.F.);
#1943 = ORIENTED_EDGE('',*,*,#1944,.F.);
#1944 = EDGE_CURVE('',#1945,#1405,#1947,.T.);
#1945 = VERTEX_POINT('',#1946);
#1946 = CARTESIAN_POINT('',(1.,-0.5,1.6));
#1947 = SURFACE_CURVE('',#1948,(#1952,#1959),.PCURVE_S1.);
#1948 = LINE('',#1949,#1950);
#1949 = CARTESIAN_POINT('',(1.,-0.5,0.));
#1950 = VECTOR('',#1951,1.);
#1951 = DIRECTION('',(0.,0.,1.));
#1952 = PCURVE('',#1428,#1953);
#1953 = DEFINITIONAL_REPRESENTATION('',(#1954),#1958);
#1954 = LINE('',#1955,#1956);
#1955 = CARTESIAN_POINT('',(0.,0.));
#1956 = VECTOR('',#1957,1.);
#1957 = DIRECTION('',(1.,0.));
#1958 = ( GEOMETRIC_REPRESENTATION_CONTEXT(2) 
PARAMETRIC_REPRESENTATION_CONTEXT() REPRESENTATION_CONTEXT('2D SPACE',''
  ) );
#1959 = PCURVE('',#1461,#1960);
#1960 = DEFINITIONAL_REPRESENTATION('',(#1961),#1965);
#1961 = LINE('',#1962,#1963);
#1962 = CARTESIAN_POINT('',(-9.,0.));
#1963 = VECTOR('',#1964,1.);
#1964 = DIRECTION('',(0.,1.));
#1965 = ( GEOMETRIC_REPRESENTATION_CONTEXT(2) 
PARAMETRIC_REPRESENTATION_CONTEXT() REPRESENTATION_CONTEXT('2D SPACE',''
  ) );
#1966 = ORIENTED_EDGE('',*,*,#1967,.F.);
#1967 = EDGE_CURVE('',#1968,#1945,#1970,.T.);
#1968 = VERTEX_POINT('',#1969);
#1969 = CARTESIAN_POINT('',(1.,-0.5,-1.6));
#1970 = SURFACE_CURVE('',#1971,(#1976,#1983),.PCURVE_S1.);
#1971 = CIRCLE('',#1972,1.6);
#1972 = AXIS2_PLACEMENT_3D('',#1973,#1974,#1975);
#1973 = CARTESIAN_POINT('',(1.,-0.5,0.));
#1974 = DIRECTION('',(0.,1.,0.));
#1975 = DIRECTION('',(0.,-0.,1.));
#1976 = PCURVE('',#1428,#1977);
#1977 = DEFINITIONAL_REPRESENTATION('',(#1978),#1982);
#1978 = CIRCLE('',#1979,1.6);
#1979 = AXIS2_PLACEMENT_2D('',#1980,#1981);
#1980 = CARTESIAN_POINT('',(0.,0.));
#1981 = DIRECTION('',(1.,0.));
#1982 = ( GEOMETRIC_REPRESENTATION_CONTEXT(2) 
PARAMETRIC_REPRESENTATION_CONTEXT() REPRESENTATION_CONTEXT('2D SPACE',''
  ) );
#1983 = PCURVE('',#191,#1984);
#1984 = DEFINITIONAL_REPRESENTATION('',(#1985),#1989);
#1985 = LINE('',#1986,#1987);
#1986 = CARTESIAN_POINT('',(0.,9.));
#1987 = VECTOR('',#1988,1.);
#1988 = DIRECTION('',(1.,0.));
#1989 = ( GEOMETRIC_REPRESENTATION_CONTEXT(2) 
PARAMETRIC_REPRESENTATION_CONTEXT() REPRESENTATION_CONTEXT('2D SPACE',''
  ) );
#1990 = ORIENTED_EDGE('',*,*,#1991,.F.);
#1991 = EDGE_CURVE('',#1566,#1968,#1992,.T.);
#1992 = SURFACE_CURVE('',#1993,(#1997,#2004),.PCURVE_S1.);
#1993 = LINE('',#1994,#1995);
#1994 = CARTESIAN_POINT('',(1.,-0.5,0.));
#1995 = VECTOR('',#1996,1.);
#1996 = DIRECTION('',(0.,0.,1.));
#1997 = PCURVE('',#1428,#1998);
#1998 = DEFINITIONAL_REPRESENTATION('',(#1999),#2003);
#1999 = LINE('',#2000,#2001);
#2000 = CARTESIAN_POINT('',(0.,0.));
#2001 = VECTOR('',#2002,1.);
#2002 = DIRECTION('',(1.,0.));
#2003 = ( GEOMETRIC_REPRESENTATION_CONTEXT(2) 
PARAMETRIC_REPRESENTATION_CONTEXT() REPRESENTATION_CONTEXT('2D SPACE',''
  ) );
#2004 = PCURVE('',#1582,#2005);
#2005 = DEFINITIONAL_REPRESENTATION('',(#2006),#2010);
#2006 = LINE('',#2007,#2008);
#2007 = CARTESIAN_POINT('',(-9.,0.));
#2008 = VECTOR('',#2009,1.);
#2009 = DIRECTION('',(0.,1.));
#2010 = ( GEOMETRIC_REPRESENTATION_CONTEXT(2) 
PARAMETRIC_REPRESENTATION_CONTEXT() REPRESENTATION_CONTEXT('2D SPACE',''
  ) );
#2011 = ADVANCED_FACE('',(#2012),#1582,.F.);
#2012 = FACE_BOUND('',#2013,.F.);
#2013 = EDGE_LOOP('',(#2014,#2015,#2036));
#2014 = ORIENTED_EDGE('',*,*,#1991,.T.);
#2015 = ORIENTED_EDGE('',*,*,#2016,.F.);
#2016 = EDGE_CURVE('',#1474,#1968,#2017,.T.);
#2017 = SURFACE_CURVE('',#2018,(#2022,#2029),.PCURVE_S1.);
#2018 = LINE('',#2019,#2020);
#2019 = CARTESIAN_POINT('',(1.,-9.5,-1.6));
#2020 = VECTOR('',#2021,1.);
#2021 = DIRECTION('',(0.,1.,0.));
#2022 = PCURVE('',#1582,#2023);
#2023 = DEFINITIONAL_REPRESENTATION('',(#2024),#2028);
#2024 = LINE('',#2025,#2026);
#2025 = CARTESIAN_POINT('',(-18.,-1.6));
#2026 = VECTOR('',#2027,1.);
#2027 = DIRECTION('',(1.,0.));
#2028 = ( GEOMETRIC_REPRESENTATION_CONTEXT(2) 
PARAMETRIC_REPRESENTATION_CONTEXT() REPRESENTATION_CONTEXT('2D SPACE',''
  ) );
#2029 = PCURVE('',#191,#2030);
#2030 = DEFINITIONAL_REPRESENTATION('',(#2031),#2035);
#2031 = LINE('',#2032,#2033);
#2032 = CARTESIAN_POINT('',(3.14159265359,0.));
#2033 = VECTOR('',#2034,1.);
#2034 = DIRECTION('',(0.,1.));
#2035 = ( GEOMETRIC_REPRESENTATION_CONTEXT(2) 
PARAMETRIC_REPRESENTATION_CONTEXT() REPRESENTATION_CONTEXT('2D SPACE',''
  ) );
#2036 = ORIENTED_EDGE('',*,*,#1565,.T.);
#2037 = ADVANCED_FACE('',(#2038),#191,.F.);
#2038 = FACE_BOUND('',#2039,.F.);
#2039 = EDGE_LOOP('',(#2040,#2041,#2062,#2083,#2104,#2105,#2106,#2107,
    #2108,#2109,#2130));
#2040 = ORIENTED_EDGE('',*,*,#1091,.F.);
#2041 = ORIENTED_EDGE('',*,*,#2042,.F.);
#2042 = EDGE_CURVE('',#1843,#1092,#2043,.T.);
#2043 = SURFACE_CURVE('',#2044,(#2048,#2055),.PCURVE_S1.);
#2044 = LINE('',#2045,#2046);
#2045 = CARTESIAN_POINT('',(1.,-9.5,1.6));
#2046 = VECTOR('',#2047,1.);
#2047 = DIRECTION('',(0.,1.,0.));
#2048 = PCURVE('',#191,#2049);
#2049 = DEFINITIONAL_REPRESENTATION('',(#2050),#2054);
#2050 = LINE('',#2051,#2052);
#2051 = CARTESIAN_POINT('',(0.,-0.));
#2052 = VECTOR('',#2053,1.);
#2053 = DIRECTION('',(0.,1.));
#2054 = ( GEOMETRIC_REPRESENTATION_CONTEXT(2) 
PARAMETRIC_REPRESENTATION_CONTEXT() REPRESENTATION_CONTEXT('2D SPACE',''
  ) );
#2055 = PCURVE('',#1164,#2056);
#2056 = DEFINITIONAL_REPRESENTATION('',(#2057),#2061);
#2057 = LINE('',#2058,#2059);
#2058 = CARTESIAN_POINT('',(-18.,1.6));
#2059 = VECTOR('',#2060,1.);
#2060 = DIRECTION('',(1.,0.));
#2061 = ( GEOMETRIC_REPRESENTATION_CONTEXT(2) 
PARAMETRIC_REPRESENTATION_CONTEXT() REPRESENTATION_CONTEXT('2D SPACE',''
  ) );
#2062 = ORIENTED_EDGE('',*,*,#2063,.F.);
#2063 = EDGE_CURVE('',#1945,#1843,#2064,.T.);
#2064 = SEAM_CURVE('',#2065,(#2069,#2076),.PCURVE_S1.);
#2065 = LINE('',#2066,#2067);
#2066 = CARTESIAN_POINT('',(1.,-9.5,1.6));
#2067 = VECTOR('',#2068,1.);
#2068 = DIRECTION('',(0.,1.,0.));
#2069 = PCURVE('',#191,#2070);
#2070 = DEFINITIONAL_REPRESENTATION('',(#2071),#2075);
#2071 = LINE('',#2072,#2073);
#2072 = CARTESIAN_POINT('',(6.28318530718,-0.));
#2073 = VECTOR('',#2074,1.);
#2074 = DIRECTION('',(0.,1.));
#2075 = ( GEOMETRIC_REPRESENTATION_CONTEXT(2) 
PARAMETRIC_REPRESENTATION_CONTEXT() REPRESENTATION_CONTEXT('2D SPACE',''
  ) );
#2076 = PCURVE('',#191,#2077);
#2077 = DEFINITIONAL_REPRESENTATION('',(#2078),#2082);
#2078 = LINE('',#2079,#2080);
#2079 = CARTESIAN_POINT('',(0.,-0.));
#2080 = VECTOR('',#2081,1.);
#2081 = DIRECTION('',(0.,1.));
#2082 = ( GEOMETRIC_REPRESENTATION_CONTEXT(2) 
PARAMETRIC_REPRESENTATION_CONTEXT() REPRESENTATION_CONTEXT('2D SPACE',''
  ) );
#2083 = ORIENTED_EDGE('',*,*,#2084,.F.);
#2084 = EDGE_CURVE('',#1445,#1945,#2085,.T.);
#2085 = SURFACE_CURVE('',#2086,(#2090,#2097),.PCURVE_S1.);
#2086 = LINE('',#2087,#2088);
#2087 = CARTESIAN_POINT('',(1.,-9.5,1.6));
#2088 = VECTOR('',#2089,1.);
#2089 = DIRECTION('',(0.,1.,0.));
#2090 = PCURVE('',#191,#2091);
#2091 = DEFINITIONAL_REPRESENTATION('',(#2092),#2096);
#2092 = LINE('',#2093,#2094);
#2093 = CARTESIAN_POINT('',(0.,-0.));
#2094 = VECTOR('',#2095,1.);
#2095 = DIRECTION('',(0.,1.));
#2096 = ( GEOMETRIC_REPRESENTATION_CONTEXT(2) 
PARAMETRIC_REPRESENTATION_CONTEXT() REPRESENTATION_CONTEXT('2D SPACE',''
  ) );
#2097 = PCURVE('',#1461,#2098);
#2098 = DEFINITIONAL_REPRESENTATION('',(#2099),#2103);
#2099 = LINE('',#2100,#2101);
#2100 = CARTESIAN_POINT('',(-18.,1.6));
#2101 = VECTOR('',#2102,1.);
#2102 = DIRECTION('',(1.,0.));
#2103 = ( GEOMETRIC_REPRESENTATION_CONTEXT(2) 
PARAMETRIC_REPRESENTATION_CONTEXT() REPRESENTATION_CONTEXT('2D SPACE',''
  ) );
#2104 = ORIENTED_EDGE('',*,*,#1473,.T.);
#2105 = ORIENTED_EDGE('',*,*,#2016,.T.);
#2106 = ORIENTED_EDGE('',*,*,#1967,.T.);
#2107 = ORIENTED_EDGE('',*,*,#2063,.T.);
#2108 = ORIENTED_EDGE('',*,*,#1865,.F.);
#2109 = ORIENTED_EDGE('',*,*,#2110,.T.);
#2110 = EDGE_CURVE('',#1866,#125,#2111,.T.);
#2111 = SURFACE_CURVE('',#2112,(#2116,#2123),.PCURVE_S1.);
#2112 = LINE('',#2113,#2114);
#2113 = CARTESIAN_POINT('',(1.,-9.5,-1.6));
#2114 = VECTOR('',#2115,1.);
#2115 = DIRECTION('',(0.,1.,0.));
#2116 = PCURVE('',#191,#2117);
#2117 = DEFINITIONAL_REPRESENTATION('',(#2118),#2122);
#2118 = LINE('',#2119,#2120);
#2119 = CARTESIAN_POINT('',(3.14159265359,0.));
#2120 = VECTOR('',#2121,1.);
#2121 = DIRECTION('',(0.,1.));
#2122 = ( GEOMETRIC_REPRESENTATION_CONTEXT(2) 
PARAMETRIC_REPRESENTATION_CONTEXT() REPRESENTATION_CONTEXT('2D SPACE',''
  ) );
#2123 = PCURVE('',#141,#2124);
#2124 = DEFINITIONAL_REPRESENTATION('',(#2125),#2129);
#2125 = LINE('',#2126,#2127);
#2126 = CARTESIAN_POINT('',(-18.,-1.6));
#2127 = VECTOR('',#2128,1.);
#2128 = DIRECTION('',(1.,0.));
#2129 = ( GEOMETRIC_REPRESENTATION_CONTEXT(2) 
PARAMETRIC_REPRESENTATION_CONTEXT() REPRESENTATION_CONTEXT('2D SPACE',''
  ) );
#2130 = ORIENTED_EDGE('',*,*,#153,.T.);
#2131 = ADVANCED_FACE('',(#2132),#1461,.F.);
#2132 = FACE_BOUND('',#2133,.F.);
#2133 = EDGE_LOOP('',(#2134,#2135,#2136));
#2134 = ORIENTED_EDGE('',*,*,#2084,.T.);
#2135 = ORIENTED_EDGE('',*,*,#1944,.T.);
#2136 = ORIENTED_EDGE('',*,*,#1444,.T.);
#2137 = ADVANCED_FACE('',(#2138),#1164,.F.);
#2138 = FACE_BOUND('',#2139,.F.);
#2139 = EDGE_LOOP('',(#2140,#2141,#2142));
#2140 = ORIENTED_EDGE('',*,*,#1842,.F.);
#2141 = ORIENTED_EDGE('',*,*,#2042,.T.);
#2142 = ORIENTED_EDGE('',*,*,#1147,.T.);
#2143 = ADVANCED_FACE('',(#2144),#274,.F.);
#2144 = FACE_BOUND('',#2145,.F.);
#2145 = EDGE_LOOP('',(#2146,#2169,#2170,#2171,#2194,#2216,#2239,#2263,
    #2284,#2285,#2306));
#2146 = ORIENTED_EDGE('',*,*,#2147,.T.);
#2147 = EDGE_CURVE('',#2148,#1008,#2150,.T.);
#2148 = VERTEX_POINT('',#2149);
#2149 = CARTESIAN_POINT('',(45.6,16.42,1.6));
#2150 = SURFACE_CURVE('',#2151,(#2155,#2162),.PCURVE_S1.);
#2151 = LINE('',#2152,#2153);
#2152 = CARTESIAN_POINT('',(45.6,-7.34,1.6));
#2153 = VECTOR('',#2154,1.);
#2154 = DIRECTION('',(0.,1.,0.));
#2155 = PCURVE('',#274,#2156);
#2156 = DEFINITIONAL_REPRESENTATION('',(#2157),#2161);
#2157 = LINE('',#2158,#2159);
#2158 = CARTESIAN_POINT('',(6.28318530718,-0.));
#2159 = VECTOR('',#2160,1.);
#2160 = DIRECTION('',(0.,1.));
#2161 = ( GEOMETRIC_REPRESENTATION_CONTEXT(2) 
PARAMETRIC_REPRESENTATION_CONTEXT() REPRESENTATION_CONTEXT('2D SPACE',''
  ) );
#2162 = PCURVE('',#1024,#2163);
#2163 = DEFINITIONAL_REPRESENTATION('',(#2164),#2168);
#2164 = LINE('',#2165,#2166);
#2165 = CARTESIAN_POINT('',(-15.84,1.6));
#2166 = VECTOR('',#2167,1.);
#2167 = DIRECTION('',(1.,0.));
#2168 = ( GEOMETRIC_REPRESENTATION_CONTEXT(2) 
PARAMETRIC_REPRESENTATION_CONTEXT() REPRESENTATION_CONTEXT('2D SPACE',''
  ) );
#2169 = ORIENTED_EDGE('',*,*,#1036,.T.);
#2170 = ORIENTED_EDGE('',*,*,#236,.T.);
#2171 = ORIENTED_EDGE('',*,*,#2172,.F.);
#2172 = EDGE_CURVE('',#2173,#237,#2175,.T.);
#2173 = VERTEX_POINT('',#2174);
#2174 = CARTESIAN_POINT('',(45.6,16.42,-1.6));
#2175 = SURFACE_CURVE('',#2176,(#2180,#2187),.PCURVE_S1.);
#2176 = LINE('',#2177,#2178);
#2177 = CARTESIAN_POINT('',(45.6,-7.34,-1.6));
#2178 = VECTOR('',#2179,1.);
#2179 = DIRECTION('',(0.,1.,0.));
#2180 = PCURVE('',#274,#2181);
#2181 = DEFINITIONAL_REPRESENTATION('',(#2182),#2186);
#2182 = LINE('',#2183,#2184);
#2183 = CARTESIAN_POINT('',(3.14159265359,0.));
#2184 = VECTOR('',#2185,1.);
#2185 = DIRECTION('',(0.,1.));
#2186 = ( GEOMETRIC_REPRESENTATION_CONTEXT(2) 
PARAMETRIC_REPRESENTATION_CONTEXT() REPRESENTATION_CONTEXT('2D SPACE',''
  ) );
#2187 = PCURVE('',#314,#2188);
#2188 = DEFINITIONAL_REPRESENTATION('',(#2189),#2193);
#2189 = LINE('',#2190,#2191);
#2190 = CARTESIAN_POINT('',(-15.84,-1.6));
#2191 = VECTOR('',#2192,1.);
#2192 = DIRECTION('',(1.,0.));
#2193 = ( GEOMETRIC_REPRESENTATION_CONTEXT(2) 
PARAMETRIC_REPRESENTATION_CONTEXT() REPRESENTATION_CONTEXT('2D SPACE',''
  ) );
#2194 = ORIENTED_EDGE('',*,*,#2195,.F.);
#2195 = EDGE_CURVE('',#2148,#2173,#2196,.T.);
#2196 = SURFACE_CURVE('',#2197,(#2202,#2209),.PCURVE_S1.);
#2197 = CIRCLE('',#2198,1.6);
#2198 = AXIS2_PLACEMENT_3D('',#2199,#2200,#2201);
#2199 = CARTESIAN_POINT('',(45.6,16.42,0.));
#2200 = DIRECTION('',(0.,1.,0.));
#2201 = DIRECTION('',(0.,-0.,1.));
#2202 = PCURVE('',#274,#2203);
#2203 = DEFINITIONAL_REPRESENTATION('',(#2204),#2208);
#2204 = LINE('',#2205,#2206);
#2205 = CARTESIAN_POINT('',(0.,23.76));
#2206 = VECTOR('',#2207,1.);
#2207 = DIRECTION('',(1.,0.));
#2208 = ( GEOMETRIC_REPRESENTATION_CONTEXT(2) 
PARAMETRIC_REPRESENTATION_CONTEXT() REPRESENTATION_CONTEXT('2D SPACE',''
  ) );
#2209 = PCURVE('',#350,#2210);
#2210 = DEFINITIONAL_REPRESENTATION('',(#2211),#2215);
#2211 = CIRCLE('',#2212,1.6);
#2212 = AXIS2_PLACEMENT_2D('',#2213,#2214);
#2213 = CARTESIAN_POINT('',(0.,0.));
#2214 = DIRECTION('',(1.,0.));
#2215 = ( GEOMETRIC_REPRESENTATION_CONTEXT(2) 
PARAMETRIC_REPRESENTATION_CONTEXT() REPRESENTATION_CONTEXT('2D SPACE',''
  ) );
#2216 = ORIENTED_EDGE('',*,*,#2217,.F.);
#2217 = EDGE_CURVE('',#2218,#2148,#2220,.T.);
#2218 = VERTEX_POINT('',#2219);
#2219 = CARTESIAN_POINT('',(45.6,0.58,1.6));
#2220 = SEAM_CURVE('',#2221,(#2225,#2232),.PCURVE_S1.);
#2221 = LINE('',#2222,#2223);
#2222 = CARTESIAN_POINT('',(45.6,-7.34,1.6));
#2223 = VECTOR('',#2224,1.);
#2224 = DIRECTION('',(0.,1.,0.));
#2225 = PCURVE('',#274,#2226);
#2226 = DEFINITIONAL_REPRESENTATION('',(#2227),#2231);
#2227 = LINE('',#2228,#2229);
#2228 = CARTESIAN_POINT('',(6.28318530718,-0.));
#2229 = VECTOR('',#2230,1.);
#2230 = DIRECTION('',(0.,1.));
#2231 = ( GEOMETRIC_REPRESENTATION_CONTEXT(2) 
PARAMETRIC_REPRESENTATION_CONTEXT() REPRESENTATION_CONTEXT('2D SPACE',''
  ) );
#2232 = PCURVE('',#274,#2233);
#2233 = DEFINITIONAL_REPRESENTATION('',(#2234),#2238);
#2234 = LINE('',#2235,#2236);
#2235 = CARTESIAN_POINT('',(0.,-0.));
#2236 = VECTOR('',#2237,1.);
#2237 = DIRECTION('',(0.,1.));
#2238 = ( GEOMETRIC_REPRESENTATION_CONTEXT(2) 
PARAMETRIC_REPRESENTATION_CONTEXT() REPRESENTATION_CONTEXT('2D SPACE',''
  ) );
#2239 = ORIENTED_EDGE('',*,*,#2240,.T.);
#2240 = EDGE_CURVE('',#2218,#2241,#2243,.T.);
#2241 = VERTEX_POINT('',#2242);
#2242 = CARTESIAN_POINT('',(45.6,0.58,-1.6));
#2243 = SURFACE_CURVE('',#2244,(#2249,#2256),.PCURVE_S1.);
#2244 = CIRCLE('',#2245,1.6);
#2245 = AXIS2_PLACEMENT_3D('',#2246,#2247,#2248);
#2246 = CARTESIAN_POINT('',(45.6,0.58,0.));
#2247 = DIRECTION('',(0.,1.,0.));
#2248 = DIRECTION('',(0.,-0.,1.));
#2249 = PCURVE('',#274,#2250);
#2250 = DEFINITIONAL_REPRESENTATION('',(#2251),#2255);
#2251 = LINE('',#2252,#2253);
#2252 = CARTESIAN_POINT('',(0.,7.92));
#2253 = VECTOR('',#2254,1.);
#2254 = DIRECTION('',(1.,0.));
#2255 = ( GEOMETRIC_REPRESENTATION_CONTEXT(2) 
PARAMETRIC_REPRESENTATION_CONTEXT() REPRESENTATION_CONTEXT('2D SPACE',''
  ) );
#2256 = PCURVE('',#583,#2257);
#2257 = DEFINITIONAL_REPRESENTATION('',(#2258),#2262);
#2258 = CIRCLE('',#2259,1.6);
#2259 = AXIS2_PLACEMENT_2D('',#2260,#2261);
#2260 = CARTESIAN_POINT('',(0.,0.));
#2261 = DIRECTION('',(1.,0.));
#2262 = ( GEOMETRIC_REPRESENTATION_CONTEXT(2) 
PARAMETRIC_REPRESENTATION_CONTEXT() REPRESENTATION_CONTEXT('2D SPACE',''
  ) );
#2263 = ORIENTED_EDGE('',*,*,#2264,.F.);
#2264 = EDGE_CURVE('',#600,#2241,#2265,.T.);
#2265 = SURFACE_CURVE('',#2266,(#2270,#2277),.PCURVE_S1.);
#2266 = LINE('',#2267,#2268);
#2267 = CARTESIAN_POINT('',(45.6,-7.34,-1.6));
#2268 = VECTOR('',#2269,1.);
#2269 = DIRECTION('',(0.,1.,0.));
#2270 = PCURVE('',#274,#2271);
#2271 = DEFINITIONAL_REPRESENTATION('',(#2272),#2276);
#2272 = LINE('',#2273,#2274);
#2273 = CARTESIAN_POINT('',(3.14159265359,0.));
#2274 = VECTOR('',#2275,1.);
#2275 = DIRECTION('',(0.,1.));
#2276 = ( GEOMETRIC_REPRESENTATION_CONTEXT(2) 
PARAMETRIC_REPRESENTATION_CONTEXT() REPRESENTATION_CONTEXT('2D SPACE',''
  ) );
#2277 = PCURVE('',#616,#2278);
#2278 = DEFINITIONAL_REPRESENTATION('',(#2279),#2283);
#2279 = LINE('',#2280,#2281);
#2280 = CARTESIAN_POINT('',(-15.84,-1.6));
#2281 = VECTOR('',#2282,1.);
#2282 = DIRECTION('',(1.,0.));
#2283 = ( GEOMETRIC_REPRESENTATION_CONTEXT(2) 
PARAMETRIC_REPRESENTATION_CONTEXT() REPRESENTATION_CONTEXT('2D SPACE',''
  ) );
#2284 = ORIENTED_EDGE('',*,*,#628,.T.);
#2285 = ORIENTED_EDGE('',*,*,#2286,.T.);
#2286 = EDGE_CURVE('',#629,#2218,#2287,.T.);
#2287 = SURFACE_CURVE('',#2288,(#2292,#2299),.PCURVE_S1.);
#2288 = LINE('',#2289,#2290);
#2289 = CARTESIAN_POINT('',(45.6,-7.34,1.6));
#2290 = VECTOR('',#2291,1.);
#2291 = DIRECTION('',(0.,1.,0.));
#2292 = PCURVE('',#274,#2293);
#2293 = DEFINITIONAL_REPRESENTATION('',(#2294),#2298);
#2294 = LINE('',#2295,#2296);
#2295 = CARTESIAN_POINT('',(6.28318530718,-0.));
#2296 = VECTOR('',#2297,1.);
#2297 = DIRECTION('',(0.,1.));
#2298 = ( GEOMETRIC_REPRESENTATION_CONTEXT(2) 
PARAMETRIC_REPRESENTATION_CONTEXT() REPRESENTATION_CONTEXT('2D SPACE',''
  ) );
#2299 = PCURVE('',#737,#2300);
#2300 = DEFINITIONAL_REPRESENTATION('',(#2301),#2305);
#2301 = LINE('',#2302,#2303);
#2302 = CARTESIAN_POINT('',(-15.84,1.6));
#2303 = VECTOR('',#2304,1.);
#2304 = DIRECTION('',(1.,0.));
#2305 = ( GEOMETRIC_REPRESENTATION_CONTEXT(2) 
PARAMETRIC_REPRESENTATION_CONTEXT() REPRESENTATION_CONTEXT('2D SPACE',''
  ) );
#2306 = ORIENTED_EDGE('',*,*,#2217,.T.);
#2307 = ADVANCED_FACE('',(#2308),#1024,.T.);
#2308 = FACE_BOUND('',#2309,.T.);
#2309 = EDGE_LOOP('',(#2310,#2331,#2332));
#2310 = ORIENTED_EDGE('',*,*,#2311,.F.);
#2311 = EDGE_CURVE('',#2148,#973,#2312,.T.);
#2312 = SURFACE_CURVE('',#2313,(#2317,#2324),.PCURVE_S1.);
#2313 = LINE('',#2314,#2315);
#2314 = CARTESIAN_POINT('',(45.6,16.42,0.));
#2315 = VECTOR('',#2316,1.);
#2316 = DIRECTION('',(0.,0.,1.));
#2317 = PCURVE('',#1024,#2318);
#2318 = DEFINITIONAL_REPRESENTATION('',(#2319),#2323);
#2319 = LINE('',#2320,#2321);
#2320 = CARTESIAN_POINT('',(7.92,0.));
#2321 = VECTOR('',#2322,1.);
#2322 = DIRECTION('',(0.,1.));
#2323 = ( GEOMETRIC_REPRESENTATION_CONTEXT(2) 
PARAMETRIC_REPRESENTATION_CONTEXT() REPRESENTATION_CONTEXT('2D SPACE',''
  ) );
#2324 = PCURVE('',#350,#2325);
#2325 = DEFINITIONAL_REPRESENTATION('',(#2326),#2330);
#2326 = LINE('',#2327,#2328);
#2327 = CARTESIAN_POINT('',(0.,0.));
#2328 = VECTOR('',#2329,1.);
#2329 = DIRECTION('',(1.,0.));
#2330 = ( GEOMETRIC_REPRESENTATION_CONTEXT(2) 
PARAMETRIC_REPRESENTATION_CONTEXT() REPRESENTATION_CONTEXT('2D SPACE',''
  ) );
#2331 = ORIENTED_EDGE('',*,*,#2147,.T.);
#2332 = ORIENTED_EDGE('',*,*,#1007,.T.);
#2333 = ADVANCED_FACE('',(#2334),#350,.T.);
#2334 = FACE_BOUND('',#2335,.T.);
#2335 = EDGE_LOOP('',(#2336,#2337,#2359,#2360,#2381,#2382));
#2336 = ORIENTED_EDGE('',*,*,#972,.F.);
#2337 = ORIENTED_EDGE('',*,*,#2338,.T.);
#2338 = EDGE_CURVE('',#785,#327,#2339,.T.);
#2339 = SURFACE_CURVE('',#2340,(#2345,#2352),.PCURVE_S1.);
#2340 = CIRCLE('',#2341,8.6);
#2341 = AXIS2_PLACEMENT_3D('',#2342,#2343,#2344);
#2342 = CARTESIAN_POINT('',(45.6,16.42,0.));
#2343 = DIRECTION('',(0.,1.,-0.));
#2344 = DIRECTION('',(-0.907614460179,0.,0.419804706589));
#2345 = PCURVE('',#350,#2346);
#2346 = DEFINITIONAL_REPRESENTATION('',(#2347),#2351);
#2347 = CIRCLE('',#2348,8.6);
#2348 = AXIS2_PLACEMENT_2D('',#2349,#2350);
#2349 = CARTESIAN_POINT('',(0.,0.));
#2350 = DIRECTION('',(0.419804706589,-0.907614460179));
#2351 = ( GEOMETRIC_REPRESENTATION_CONTEXT(2) 
PARAMETRIC_REPRESENTATION_CONTEXT() REPRESENTATION_CONTEXT('2D SPACE',''
  ) );
#2352 = PCURVE('',#492,#2353);
#2353 = DEFINITIONAL_REPRESENTATION('',(#2354),#2358);
#2354 = LINE('',#2355,#2356);
#2355 = CARTESIAN_POINT('',(5.145619117532,15.84));
#2356 = VECTOR('',#2357,1.);
#2357 = DIRECTION('',(1.,0.));
#2358 = ( GEOMETRIC_REPRESENTATION_CONTEXT(2) 
PARAMETRIC_REPRESENTATION_CONTEXT() REPRESENTATION_CONTEXT('2D SPACE',''
  ) );
#2359 = ORIENTED_EDGE('',*,*,#326,.T.);
#2360 = ORIENTED_EDGE('',*,*,#2361,.T.);
#2361 = EDGE_CURVE('',#298,#2173,#2362,.T.);
#2362 = SURFACE_CURVE('',#2363,(#2367,#2374),.PCURVE_S1.);
#2363 = LINE('',#2364,#2365);
#2364 = CARTESIAN_POINT('',(45.6,16.42,0.));
#2365 = VECTOR('',#2366,1.);
#2366 = DIRECTION('',(0.,0.,1.));
#2367 = PCURVE('',#350,#2368);
#2368 = DEFINITIONAL_REPRESENTATION('',(#2369),#2373);
#2369 = LINE('',#2370,#2371);
#2370 = CARTESIAN_POINT('',(0.,0.));
#2371 = VECTOR('',#2372,1.);
#2372 = DIRECTION('',(1.,0.));
#2373 = ( GEOMETRIC_REPRESENTATION_CONTEXT(2) 
PARAMETRIC_REPRESENTATION_CONTEXT() REPRESENTATION_CONTEXT('2D SPACE',''
  ) );
#2374 = PCURVE('',#314,#2375);
#2375 = DEFINITIONAL_REPRESENTATION('',(#2376),#2380);
#2376 = LINE('',#2377,#2378);
#2377 = CARTESIAN_POINT('',(7.92,0.));
#2378 = VECTOR('',#2379,1.);
#2379 = DIRECTION('',(0.,1.));
#2380 = ( GEOMETRIC_REPRESENTATION_CONTEXT(2) 
PARAMETRIC_REPRESENTATION_CONTEXT() REPRESENTATION_CONTEXT('2D SPACE',''
  ) );
#2381 = ORIENTED_EDGE('',*,*,#2195,.F.);
#2382 = ORIENTED_EDGE('',*,*,#2311,.T.);
#2383 = ADVANCED_FACE('',(#2384),#492,.T.);
#2384 = FACE_BOUND('',#2385,.T.);
#2385 = EDGE_LOOP('',(#2386,#2408,#2409,#2410));
#2386 = ORIENTED_EDGE('',*,*,#2387,.T.);
#2387 = EDGE_CURVE('',#750,#367,#2388,.T.);
#2388 = SURFACE_CURVE('',#2389,(#2394,#2401),.PCURVE_S1.);
#2389 = CIRCLE('',#2390,8.6);
#2390 = AXIS2_PLACEMENT_3D('',#2391,#2392,#2393);
#2391 = CARTESIAN_POINT('',(45.6,0.58,0.));
#2392 = DIRECTION('',(0.,1.,-0.));
#2393 = DIRECTION('',(-0.907614459871,0.,0.419804707255));
#2394 = PCURVE('',#492,#2395);
#2395 = DEFINITIONAL_REPRESENTATION('',(#2396),#2400);
#2396 = LINE('',#2397,#2398);
#2397 = CARTESIAN_POINT('',(5.145619118266,0.));
#2398 = VECTOR('',#2399,1.);
#2399 = DIRECTION('',(1.,0.));
#2400 = ( GEOMETRIC_REPRESENTATION_CONTEXT(2) 
PARAMETRIC_REPRESENTATION_CONTEXT() REPRESENTATION_CONTEXT('2D SPACE',''
  ) );
#2401 = PCURVE('',#583,#2402);
#2402 = DEFINITIONAL_REPRESENTATION('',(#2403),#2407);
#2403 = CIRCLE('',#2404,8.6);
#2404 = AXIS2_PLACEMENT_2D('',#2405,#2406);
#2405 = CARTESIAN_POINT('',(0.,0.));
#2406 = DIRECTION('',(0.419804707255,-0.907614459871));
#2407 = ( GEOMETRIC_REPRESENTATION_CONTEXT(2) 
PARAMETRIC_REPRESENTATION_CONTEXT() REPRESENTATION_CONTEXT('2D SPACE',''
  ) );
#2408 = ORIENTED_EDGE('',*,*,#366,.F.);
#2409 = ORIENTED_EDGE('',*,*,#2338,.F.);
#2410 = ORIENTED_EDGE('',*,*,#784,.F.);
#2411 = ADVANCED_FACE('',(#2412),#583,.F.);
#2412 = FACE_BOUND('',#2413,.F.);
#2413 = EDGE_LOOP('',(#2414,#2415,#2416,#2417,#2438,#2439));
#2414 = ORIENTED_EDGE('',*,*,#749,.F.);
#2415 = ORIENTED_EDGE('',*,*,#2387,.T.);
#2416 = ORIENTED_EDGE('',*,*,#559,.T.);
#2417 = ORIENTED_EDGE('',*,*,#2418,.T.);
#2418 = EDGE_CURVE('',#560,#2241,#2419,.T.);
#2419 = SURFACE_CURVE('',#2420,(#2424,#2431),.PCURVE_S1.);
#2420 = LINE('',#2421,#2422);
#2421 = CARTESIAN_POINT('',(45.6,0.58,0.));
#2422 = VECTOR('',#2423,1.);
#2423 = DIRECTION('',(0.,0.,1.));
#2424 = PCURVE('',#583,#2425);
#2425 = DEFINITIONAL_REPRESENTATION('',(#2426),#2430);
#2426 = LINE('',#2427,#2428);
#2427 = CARTESIAN_POINT('',(0.,0.));
#2428 = VECTOR('',#2429,1.);
#2429 = DIRECTION('',(1.,0.));
#2430 = ( GEOMETRIC_REPRESENTATION_CONTEXT(2) 
PARAMETRIC_REPRESENTATION_CONTEXT() REPRESENTATION_CONTEXT('2D SPACE',''
  ) );
#2431 = PCURVE('',#616,#2432);
#2432 = DEFINITIONAL_REPRESENTATION('',(#2433),#2437);
#2433 = LINE('',#2434,#2435);
#2434 = CARTESIAN_POINT('',(-7.92,0.));
#2435 = VECTOR('',#2436,1.);
#2436 = DIRECTION('',(0.,1.));
#2437 = ( GEOMETRIC_REPRESENTATION_CONTEXT(2) 
PARAMETRIC_REPRESENTATION_CONTEXT() REPRESENTATION_CONTEXT('2D SPACE',''
  ) );
#2438 = ORIENTED_EDGE('',*,*,#2240,.F.);
#2439 = ORIENTED_EDGE('',*,*,#2440,.T.);
#2440 = EDGE_CURVE('',#2218,#721,#2441,.T.);
#2441 = SURFACE_CURVE('',#2442,(#2446,#2453),.PCURVE_S1.);
#2442 = LINE('',#2443,#2444);
#2443 = CARTESIAN_POINT('',(45.6,0.58,0.));
#2444 = VECTOR('',#2445,1.);
#2445 = DIRECTION('',(0.,0.,1.));
#2446 = PCURVE('',#583,#2447);
#2447 = DEFINITIONAL_REPRESENTATION('',(#2448),#2452);
#2448 = LINE('',#2449,#2450);
#2449 = CARTESIAN_POINT('',(0.,0.));
#2450 = VECTOR('',#2451,1.);
#2451 = DIRECTION('',(1.,0.));
#2452 = ( GEOMETRIC_REPRESENTATION_CONTEXT(2) 
PARAMETRIC_REPRESENTATION_CONTEXT() REPRESENTATION_CONTEXT('2D SPACE',''
  ) );
#2453 = PCURVE('',#737,#2454);
#2454 = DEFINITIONAL_REPRESENTATION('',(#2455),#2459);
#2455 = LINE('',#2456,#2457);
#2456 = CARTESIAN_POINT('',(-7.92,0.));
#2457 = VECTOR('',#2458,1.);
#2458 = DIRECTION('',(0.,1.));
#2459 = ( GEOMETRIC_REPRESENTATION_CONTEXT(2) 
PARAMETRIC_REPRESENTATION_CONTEXT() REPRESENTATION_CONTEXT('2D SPACE',''
  ) );
#2460 = ADVANCED_FACE('',(#2461),#737,.T.);
#2461 = FACE_BOUND('',#2462,.T.);
#2462 = EDGE_LOOP('',(#2463,#2464,#2465));
#2463 = ORIENTED_EDGE('',*,*,#2286,.T.);
#2464 = ORIENTED_EDGE('',*,*,#2440,.T.);
#2465 = ORIENTED_EDGE('',*,*,#720,.T.);
#2466 = ADVANCED_FACE('',(#2467),#616,.T.);
#2467 = FACE_BOUND('',#2468,.T.);
#2468 = EDGE_LOOP('',(#2469,#2470,#2471));
#2469 = ORIENTED_EDGE('',*,*,#2418,.T.);
#2470 = ORIENTED_EDGE('',*,*,#2264,.F.);
#2471 = ORIENTED_EDGE('',*,*,#599,.T.);
#2472 = ADVANCED_FACE('',(#2473),#314,.T.);
#2473 = FACE_BOUND('',#2474,.T.);
#2474 = EDGE_LOOP('',(#2475,#2476,#2477));
#2475 = ORIENTED_EDGE('',*,*,#2361,.F.);
#2476 = ORIENTED_EDGE('',*,*,#297,.T.);
#2477 = ORIENTED_EDGE('',*,*,#2172,.F.);
#2478 = ADVANCED_FACE('',(#2479),#141,.F.);
#2479 = FACE_BOUND('',#2480,.F.);
#2480 = EDGE_LOOP('',(#2481,#2482,#2483));
#2481 = ORIENTED_EDGE('',*,*,#1889,.F.);
#2482 = ORIENTED_EDGE('',*,*,#124,.T.);
#2483 = ORIENTED_EDGE('',*,*,#2110,.F.);
#2484 = ( GEOMETRIC_REPRESENTATION_CONTEXT(3) 
GLOBAL_UNCERTAINTY_ASSIGNED_CONTEXT((#2488)) 
GLOBAL_UNIT_ASSIGNED_CONTEXT((#2485,#2486,#2487)) REPRESENTATION_CONTEXT
('Context #1','3D Context with UNIT and UNCERTAINTY') );
#2485 = ( LENGTH_UNIT() NAMED_UNIT(*) SI_UNIT(.MILLI.,.METRE.) );
#2486 = ( NAMED_UNIT(*) PLANE_ANGLE_UNIT() SI_UNIT($,.RADIAN.) );
#2487 = ( NAMED_UNIT(*) SI_UNIT($,.STERADIAN.) SOLID_ANGLE_UNIT() );
#2488 = UNCERTAINTY_MEASURE_WITH_UNIT(LENGTH_MEASURE(2.E-06),#2485,
  'distance_accuracy_value','confusion accuracy');
#2489 = CONTEXT_DEPENDENT_SHAPE_REPRESENTATION(#2490,#2492);
#2490 = ( REPRESENTATION_RELATIONSHIP('','',#44,#10) 
REPRESENTATION_RELATIONSHIP_WITH_TRANSFORMATION(#2491) 
SHAPE_REPRESENTATION_RELATIONSHIP() );
#2491 = ITEM_DEFINED_TRANSFORMATION('','',#11,#15);
#2492 = PRODUCT_DEFINITION_SHAPE('Placement','Placement of an item',
  #2493);
#2493 = NEXT_ASSEMBLY_USAGE_OCCURRENCE('27','','',#5,#39,$);
#2494 = PRODUCT_RELATED_PRODUCT_CATEGORY('part',$,(#41));
#2495 = SHAPE_DEFINITION_REPRESENTATION(#2496,#2502);
#2496 = PRODUCT_DEFINITION_SHAPE('','',#2497);
#2497 = PRODUCT_DEFINITION('design','',#2498,#2501);
#2498 = PRODUCT_DEFINITION_FORMATION('','',#2499);
#2499 = PRODUCT('Open CASCADE STEP translator 7.8 4.2',
  'Open CASCADE STEP translator 7.8 4.2','',(#2500));
#2500 = PRODUCT_CONTEXT('',#2,'mechanical');
#2501 = PRODUCT_DEFINITION_CONTEXT('part definition',#2,'design');
#2502 = ADVANCED_BREP_SHAPE_REPRESENTATION('',(#11,#2503),#5332);
#2503 = MANIFOLD_SOLID_BREP('',#2504);
#2504 = CLOSED_SHELL('',(#2505,#4662,#4757,#4785,#4859,#4885,#4979,#4985
    ,#4991,#5155,#5181,#5231,#5259,#5308,#5314,#5320,#5326));
#2505 = ADVANCED_FACE('',(#2506),#2533,.T.);
#2506 = FACE_BOUND('',#2507,.T.);
#2507 = EDGE_LOOP('',(#2508,#2608,#2637,#2707,#2729,#2799,#2828,#2874,
    #3109,#3155,#3184,#3312,#3341,#3382,#3612,#3653,#3682,#3745,#3746,
    #3811,#3840,#3902,#4137,#4204,#4233,#4343,#4372,#4434));
#2508 = ORIENTED_EDGE('',*,*,#2509,.F.);
#2509 = EDGE_CURVE('',#2510,#2512,#2514,.T.);
#2510 = VERTEX_POINT('',#2511);
#2511 = CARTESIAN_POINT('',(48.1,16.42,-3.086641622226));
#2512 = VERTEX_POINT('',#2513);
#2513 = CARTESIAN_POINT('',(56.45460547275,16.42,-2.039746894764));
#2514 = SURFACE_CURVE('',#2515,(#2532,#2583),.PCURVE_S1.);
#2515 = B_SPLINE_CURVE_WITH_KNOTS('',8,(#2516,#2517,#2518,#2519,#2520,
    #2521,#2522,#2523,#2524,#2525,#2526,#2527,#2528,#2529,#2530,#2531),
  .UNSPECIFIED.,.F.,.F.,(9,7,9),(0.,0.904749165082,1.),.UNSPECIFIED.);
#2516 = CARTESIAN_POINT('',(48.1,16.42,-3.08664161683));
#2517 = CARTESIAN_POINT('',(49.075159129536,16.42,-2.984465947158));
#2518 = CARTESIAN_POINT('',(50.049887660499,16.42,-2.878667731339));
#2519 = CARTESIAN_POINT('',(51.024167300881,16.42,-2.768769085358));
#2520 = CARTESIAN_POINT('',(51.997926553307,16.42,-2.654148682));
#2521 = CARTESIAN_POINT('',(52.971045648768,16.42,-2.534068467861));
#2522 = CARTESIAN_POINT('',(53.943318419979,16.42,-2.407397570154));
#2523 = CARTESIAN_POINT('',(54.91447019208,16.42,-2.272736315363));
#2524 = CARTESIAN_POINT('',(55.986065730486,16.42,-2.111851912526));
#2525 = CARTESIAN_POINT('',(56.08811766007,16.42,-2.096406767552));
#2526 = CARTESIAN_POINT('',(56.190150472971,16.42,-2.080837508819));
#2527 = CARTESIAN_POINT('',(56.292163433957,16.42,-2.065140563695));
#2528 = CARTESIAN_POINT('',(56.394155749108,16.42,-2.049312129397));
#2529 = CARTESIAN_POINT('',(56.496126565814,16.42,-2.033348172994));
#2530 = CARTESIAN_POINT('',(56.598074972774,16.42,-2.017244431404));
#2531 = CARTESIAN_POINT('',(56.7,16.42,-2.000996411394));
#2532 = PCURVE('',#2533,#2564);
#2533 = B_SPLINE_SURFACE_WITH_KNOTS('',14,1,(
    (#2534,#2535)
    ,(#2536,#2537)
    ,(#2538,#2539)
    ,(#2540,#2541)
    ,(#2542,#2543)
    ,(#2544,#2545)
    ,(#2546,#2547)
    ,(#2548,#2549)
    ,(#2550,#2551)
    ,(#2552,#2553)
    ,(#2554,#2555)
    ,(#2556,#2557)
    ,(#2558,#2559)
    ,(#2560,#2561)
    ,(#2562,#2563
    )),.UNSPECIFIED.,.T.,.F.,.F.,(15,15),(2,2),(0.,6.28318530718),(0.,1.
    ),.PIECEWISE_BEZIER_KNOTS.);
#2534 = CARTESIAN_POINT('',(48.1,17.1,4.791590018803E-15));
#2535 = CARTESIAN_POINT('',(74.4,15.9,-6.117932992715E-15));
#2536 = CARTESIAN_POINT('',(48.1,17.100000000002,3.554487688064));
#2537 = CARTESIAN_POINT('',(74.4,15.900000000001,3.150568632602));
#2538 = CARTESIAN_POINT('',(48.1,15.234536493679,7.108976688167));
#2539 = CARTESIAN_POINT('',(74.400000000001,14.29483372712,
    6.301138428148));
#2540 = CARTESIAN_POINT('',(48.1,11.503607096249,9.763929224854));
#2541 = CARTESIAN_POINT('',(74.399999999988,11.084499129328,
    8.654391812939));
#2542 = CARTESIAN_POINT('',(48.1,6.465148713235,10.619908958952));
#2543 = CARTESIAN_POINT('',(74.400000000048,6.749081450929,
    9.413101122707));
#2544 = CARTESIAN_POINT('',(48.1,1.234929320551,9.099896739186));
#2545 = CARTESIAN_POINT('',(74.399999999881,2.248660113022,
    8.065817564279));
#2546 = CARTESIAN_POINT('',(48.1,-2.757758634291,5.273811142511));
#2547 = CARTESIAN_POINT('',(74.400000000209,-1.186908592282,
    4.674514421771));
#2548 = CARTESIAN_POINT('',(48.1,-4.260925977586,8.813749730053E-11));
#2549 = CARTESIAN_POINT('',(74.399999999722,-2.48033165515,
    7.863931728025E-11));
#2550 = CARTESIAN_POINT('',(48.1,-2.757758634296,-5.273811142672));
#2551 = CARTESIAN_POINT('',(74.400000000289,-1.186908592285,
    -4.674514421915));
#2552 = CARTESIAN_POINT('',(48.1,1.234929320559,-9.099896739062));
#2553 = CARTESIAN_POINT('',(74.399999999762,2.248660113027,
    -8.065817564168));
#2554 = CARTESIAN_POINT('',(48.1,6.465148713229,-10.61990895902));
#2555 = CARTESIAN_POINT('',(74.400000000154,6.749081450925,
    -9.413101122777));
#2556 = CARTESIAN_POINT('',(48.1,11.503607096253,-9.763929224816));
#2557 = CARTESIAN_POINT('',(74.399999999923,11.08449912933,
    -8.654391812905));
#2558 = CARTESIAN_POINT('',(48.1,15.234536493677,-7.108976688182));
#2559 = CARTESIAN_POINT('',(74.400000000028,14.294833727119,
    -6.301138428161));
#2560 = CARTESIAN_POINT('',(48.1,17.100000000002,-3.55448768806));
#2561 = CARTESIAN_POINT('',(74.399999999994,15.900000000001,
    -3.150568632599));
#2562 = CARTESIAN_POINT('',(48.1,17.1,-6.257977382885E-15));
#2563 = CARTESIAN_POINT('',(74.4,15.9,5.404414337683E-15));
#2564 = DEFINITIONAL_REPRESENTATION('',(#2565),#2582);
#2565 = B_SPLINE_CURVE_WITH_KNOTS('',8,(#2566,#2567,#2568,#2569,#2570,
    #2571,#2572,#2573,#2574,#2575,#2576,#2577,#2578,#2579,#2580,#2581),
  .UNSPECIFIED.,.F.,.F.,(9,7,9),(0.,0.904749165082,1.),.UNSPECIFIED.);
#2566 = CARTESIAN_POINT('',(5.882849654157,0.));
#2567 = CARTESIAN_POINT('',(5.895075199475,3.70782938987E-02));
#2568 = CARTESIAN_POINT('',(5.907843647846,7.414021522814E-02));
#2569 = CARTESIAN_POINT('',(5.921222386677,0.111185068474));
#2570 = CARTESIAN_POINT('',(5.935298685151,0.148210135107));
#2571 = CARTESIAN_POINT('',(5.95017614454,0.18521086117));
#2572 = CARTESIAN_POINT('',(5.966012309959,0.222179407604));
#2573 = CARTESIAN_POINT('',(5.983002027032,0.259105330497));
#2574 = CARTESIAN_POINT('',(6.003498602123,0.299850408003));
#2575 = CARTESIAN_POINT('',(6.005468139514,0.303730709508));
#2576 = CARTESIAN_POINT('',(6.00745536623,0.307610284143));
#2577 = CARTESIAN_POINT('',(6.009460778534,0.311489103953));
#2578 = CARTESIAN_POINT('',(6.011484901132,0.315367138749));
#2579 = CARTESIAN_POINT('',(6.013528287173,0.319244356115));
#2580 = CARTESIAN_POINT('',(6.015591518245,0.323120721398));
#2581 = CARTESIAN_POINT('',(6.017675204381,0.326996197719));
#2582 = ( GEOMETRIC_REPRESENTATION_CONTEXT(2) 
PARAMETRIC_REPRESENTATION_CONTEXT() REPRESENTATION_CONTEXT('2D SPACE',''
  ) );
#2583 = PCURVE('',#2584,#2589);
#2584 = PLANE('',#2585);
#2585 = AXIS2_PLACEMENT_3D('',#2586,#2587,#2588);
#2586 = CARTESIAN_POINT('',(48.1,16.42,0.));
#2587 = DIRECTION('',(0.,1.,0.));
#2588 = DIRECTION('',(0.,-0.,1.));
#2589 = DEFINITIONAL_REPRESENTATION('',(#2590),#2607);
#2590 = B_SPLINE_CURVE_WITH_KNOTS('',8,(#2591,#2592,#2593,#2594,#2595,
    #2596,#2597,#2598,#2599,#2600,#2601,#2602,#2603,#2604,#2605,#2606),
  .UNSPECIFIED.,.F.,.F.,(9,7,9),(0.,0.904749165082,1.),.UNSPECIFIED.);
#2591 = CARTESIAN_POINT('',(-3.08664161683,0.));
#2592 = CARTESIAN_POINT('',(-2.984465947158,0.975159129536));
#2593 = CARTESIAN_POINT('',(-2.878667731339,1.949887660499));
#2594 = CARTESIAN_POINT('',(-2.768769085358,2.924167300881));
#2595 = CARTESIAN_POINT('',(-2.654148682,3.897926553307));
#2596 = CARTESIAN_POINT('',(-2.534068467861,4.871045648768));
#2597 = CARTESIAN_POINT('',(-2.407397570154,5.843318419979));
#2598 = CARTESIAN_POINT('',(-2.272736315363,6.81447019208));
#2599 = CARTESIAN_POINT('',(-2.111851912526,7.886065730486));
#2600 = CARTESIAN_POINT('',(-2.096406767552,7.98811766007));
#2601 = CARTESIAN_POINT('',(-2.080837508819,8.090150472971));
#2602 = CARTESIAN_POINT('',(-2.065140563695,8.192163433957));
#2603 = CARTESIAN_POINT('',(-2.049312129397,8.294155749108));
#2604 = CARTESIAN_POINT('',(-2.033348172994,8.396126565814));
#2605 = CARTESIAN_POINT('',(-2.017244431404,8.498074972774));
#2606 = CARTESIAN_POINT('',(-2.000996411394,8.6));
#2607 = ( GEOMETRIC_REPRESENTATION_CONTEXT(2) 
PARAMETRIC_REPRESENTATION_CONTEXT() REPRESENTATION_CONTEXT('2D SPACE',''
  ) );
#2608 = ORIENTED_EDGE('',*,*,#2609,.T.);
#2609 = EDGE_CURVE('',#2510,#2610,#2612,.T.);
#2610 = VERTEX_POINT('',#2611);
#2611 = CARTESIAN_POINT('',(48.1,16.922679650603,-1.6));
#2612 = SURFACE_CURVE('',#2613,(#2618,#2625),.PCURVE_S1.);
#2613 = ELLIPSE('',#2614,8.6,7.92);
#2614 = AXIS2_PLACEMENT_3D('',#2615,#2616,#2617);
#2615 = CARTESIAN_POINT('',(48.1,8.5,0.));
#2616 = DIRECTION('',(1.,0.,0.));
#2617 = DIRECTION('',(0.,1.,0.));
#2618 = PCURVE('',#2533,#2619);
#2619 = DEFINITIONAL_REPRESENTATION('',(#2620),#2624);
#2620 = LINE('',#2621,#2622);
#2621 = CARTESIAN_POINT('',(0.,0.));
#2622 = VECTOR('',#2623,1.);
#2623 = DIRECTION('',(1.,0.));
#2624 = ( GEOMETRIC_REPRESENTATION_CONTEXT(2) 
PARAMETRIC_REPRESENTATION_CONTEXT() REPRESENTATION_CONTEXT('2D SPACE',''
  ) );
#2625 = PCURVE('',#2626,#2631);
#2626 = PLANE('',#2627);
#2627 = AXIS2_PLACEMENT_3D('',#2628,#2629,#2630);
#2628 = CARTESIAN_POINT('',(48.1,8.5,0.));
#2629 = DIRECTION('',(1.,0.,0.));
#2630 = DIRECTION('',(0.,1.,0.));
#2631 = DEFINITIONAL_REPRESENTATION('',(#2632),#2636);
#2632 = ELLIPSE('',#2633,8.6,7.92);
#2633 = AXIS2_PLACEMENT_2D('',#2634,#2635);
#2634 = CARTESIAN_POINT('',(0.,0.));
#2635 = DIRECTION('',(1.,0.));
#2636 = ( GEOMETRIC_REPRESENTATION_CONTEXT(2) 
PARAMETRIC_REPRESENTATION_CONTEXT() REPRESENTATION_CONTEXT('2D SPACE',''
  ) );
#2637 = ORIENTED_EDGE('',*,*,#2638,.T.);
#2638 = EDGE_CURVE('',#2610,#2639,#2641,.T.);
#2639 = VERTEX_POINT('',#2640);
#2640 = CARTESIAN_POINT('',(49.7,17.026996197719,4.127892801372E-15));
#2641 = SURFACE_CURVE('',#2642,(#2660,#2681),.PCURVE_S1.);
#2642 = B_SPLINE_CURVE_WITH_KNOTS('',6,(#2643,#2644,#2645,#2646,#2647,
    #2648,#2649,#2650,#2651,#2652,#2653,#2654,#2655,#2656,#2657,#2658,
    #2659),.UNSPECIFIED.,.F.,.F.,(7,5,5,7),(0.,0.307016443472,
    0.576732667023,1.),.UNSPECIFIED.);
#2643 = CARTESIAN_POINT('',(48.1,16.922679657382,-1.6));
#2644 = CARTESIAN_POINT('',(48.2290040231,16.916715149413,-1.6));
#2645 = CARTESIAN_POINT('',(48.358226860545,16.913536041853,
    -1.587518380562));
#2646 = CARTESIAN_POINT('',(48.485957412836,16.913245369876,
    -1.562476451926));
#2647 = CARTESIAN_POINT('',(48.610579121038,16.9156859085,
    -1.525165076358));
#2648 = CARTESIAN_POINT('',(48.730582577971,16.920466747014,
    -1.476128920184));
#2649 = CARTESIAN_POINT('',(48.944748014261,16.932872439661,
    -1.363526786739));
#2650 = CARTESIAN_POINT('',(49.040304300811,16.940082647513,
    -1.30243610014));
#2651 = CARTESIAN_POINT('',(49.130371486004,16.9483547257,-1.23343537682
    ));
#2652 = CARTESIAN_POINT('',(49.214181907642,16.957272476931,
    -1.157149392156));
#2653 = CARTESIAN_POINT('',(49.291062508971,16.966407203065,
    -1.074268677693));
#2654 = CARTESIAN_POINT('',(49.469295203322,16.989409748715,
    -0.84632474516));
#2655 = CARTESIAN_POINT('',(49.559715204378,17.003018293139,
    -0.692654267819));
#2656 = CARTESIAN_POINT('',(49.629321552141,17.014632175937,
    -0.527555778333));
#2657 = CARTESIAN_POINT('',(49.676448289707,17.022876954404,
    -0.354466690175));
#2658 = CARTESIAN_POINT('',(49.7,17.026996197719,-0.177203979607));
#2659 = CARTESIAN_POINT('',(49.7,17.026996197719,7.105427357601E-14));
#2660 = PCURVE('',#2533,#2661);
#2661 = DEFINITIONAL_REPRESENTATION('',(#2662),#2680);
#2662 = B_SPLINE_CURVE_WITH_KNOTS('',6,(#2663,#2664,#2665,#2666,#2667,
    #2668,#2669,#2670,#2671,#2672,#2673,#2674,#2675,#2676,#2677,#2678,
    #2679),.UNSPECIFIED.,.F.,.F.,(7,5,5,7),(0.,0.307016443472,
    0.576732667023,1.),.UNSPECIFIED.);
#2663 = CARTESIAN_POINT('',(6.079765093492,0.));
#2664 = CARTESIAN_POINT('',(6.079650117331,4.905095935345E-03));
#2665 = CARTESIAN_POINT('',(6.081143924489,9.818511807783E-03));
#2666 = CARTESIAN_POINT('',(6.084262425018,1.467518679983E-02));
#2667 = CARTESIAN_POINT('',(6.088969752808,1.941365479233E-02));
#2668 = CARTESIAN_POINT('',(6.095192417044,2.397652387722E-02));
#2669 = CARTESIAN_POINT('',(6.109521655967,3.211969635972E-02));
#2670 = CARTESIAN_POINT('',(6.117309246765,3.575301523996E-02));
#2671 = CARTESIAN_POINT('',(6.126112936827,3.917762304196E-02));
#2672 = CARTESIAN_POINT('',(6.135848149746,4.236433108905E-02));
#2673 = CARTESIAN_POINT('',(6.146422596927,4.528754786962E-02));
#2674 = CARTESIAN_POINT('',(6.175492554679,5.206445640009E-02));
#2675 = CARTESIAN_POINT('',(6.195079083733,5.550247925392E-02));
#2676 = CARTESIAN_POINT('',(6.216100920933,5.814910844643E-02));
#2677 = CARTESIAN_POINT('',(6.238117829379,5.994099960862E-02));
#2678 = CARTESIAN_POINT('',(6.260655312093,6.083650190114E-02));
#2679 = CARTESIAN_POINT('',(6.28318530718,6.083650190114E-02));
#2680 = ( GEOMETRIC_REPRESENTATION_CONTEXT(2) 
PARAMETRIC_REPRESENTATION_CONTEXT() REPRESENTATION_CONTEXT('2D SPACE',''
  ) );
#2681 = PCURVE('',#2682,#2687);
#2682 = CYLINDRICAL_SURFACE('',#2683,1.6);
#2683 = AXIS2_PLACEMENT_3D('',#2684,#2685,#2686);
#2684 = CARTESIAN_POINT('',(48.1,-7.34,0.));
#2685 = DIRECTION('',(0.,1.,0.));
#2686 = DIRECTION('',(0.,-0.,1.));
#2687 = DEFINITIONAL_REPRESENTATION('',(#2688),#2706);
#2688 = B_SPLINE_CURVE_WITH_KNOTS('',6,(#2689,#2690,#2691,#2692,#2693,
    #2694,#2695,#2696,#2697,#2698,#2699,#2700,#2701,#2702,#2703,#2704,
    #2705),.UNSPECIFIED.,.F.,.F.,(7,5,5,7),(0.,0.307016443472,
    0.576732667023,1.),.UNSPECIFIED.);
#2689 = CARTESIAN_POINT('',(3.14159265359,24.262679657382));
#2690 = CARTESIAN_POINT('',(3.060965139153,24.256715149413));
#2691 = CARTESIAN_POINT('',(2.980201022739,24.253536041853));
#2692 = CARTESIAN_POINT('',(2.899425172963,24.253245369876));
#2693 = CARTESIAN_POINT('',(2.818692518062,24.2556859085));
#2694 = CARTESIAN_POINT('',(2.738044585009,24.260466747014));
#2695 = CARTESIAN_POINT('',(2.586817734304,24.272872439661));
#2696 = CARTESIAN_POINT('',(2.516187656851,24.280082647513));
#2697 = CARTESIAN_POINT('',(2.445656486709,24.2883547257));
#2698 = CARTESIAN_POINT('',(2.37520328345,24.297272476931));
#2699 = CARTESIAN_POINT('',(2.304798928433,24.306407203065));
#2700 = CARTESIAN_POINT('',(2.123953118639,24.329409748715));
#2701 = CARTESIAN_POINT('',(2.013483583749,24.343018293139));
#2702 = CARTESIAN_POINT('',(1.902968122682,24.354632175937));
#2703 = CARTESIAN_POINT('',(1.792336991597,24.362876954404));
#2704 = CARTESIAN_POINT('',(1.681548814049,24.366996197719));
#2705 = CARTESIAN_POINT('',(1.570796326795,24.366996197719));
#2706 = ( GEOMETRIC_REPRESENTATION_CONTEXT(2) 
PARAMETRIC_REPRESENTATION_CONTEXT() REPRESENTATION_CONTEXT('2D SPACE',''
  ) );
#2707 = ORIENTED_EDGE('',*,*,#2708,.T.);
#2708 = EDGE_CURVE('',#2639,#2709,#2711,.T.);
#2709 = VERTEX_POINT('',#2710);
#2710 = CARTESIAN_POINT('',(72.8,15.973003802281,-5.454235775285E-15));
#2711 = SEAM_CURVE('',#2712,(#2715,#2722),.PCURVE_S1.);
#2712 = B_SPLINE_CURVE_WITH_KNOTS('',1,(#2713,#2714),.UNSPECIFIED.,.F.,
  .F.,(2,2),(0.,1.),.PIECEWISE_BEZIER_KNOTS.);
#2713 = CARTESIAN_POINT('',(48.1,17.1,4.791590018803E-15));
#2714 = CARTESIAN_POINT('',(74.4,15.9,-6.117932992715E-15));
#2715 = PCURVE('',#2533,#2716);
#2716 = DEFINITIONAL_REPRESENTATION('',(#2717),#2721);
#2717 = LINE('',#2718,#2719);
#2718 = CARTESIAN_POINT('',(0.,0.));
#2719 = VECTOR('',#2720,1.);
#2720 = DIRECTION('',(0.,1.));
#2721 = ( GEOMETRIC_REPRESENTATION_CONTEXT(2) 
PARAMETRIC_REPRESENTATION_CONTEXT() REPRESENTATION_CONTEXT('2D SPACE',''
  ) );
#2722 = PCURVE('',#2533,#2723);
#2723 = DEFINITIONAL_REPRESENTATION('',(#2724),#2728);
#2724 = LINE('',#2725,#2726);
#2725 = CARTESIAN_POINT('',(6.28318530718,0.));
#2726 = VECTOR('',#2727,1.);
#2727 = DIRECTION('',(0.,1.));
#2728 = ( GEOMETRIC_REPRESENTATION_CONTEXT(2) 
PARAMETRIC_REPRESENTATION_CONTEXT() REPRESENTATION_CONTEXT('2D SPACE',''
  ) );
#2729 = ORIENTED_EDGE('',*,*,#2730,.T.);
#2730 = EDGE_CURVE('',#2709,#2731,#2733,.T.);
#2731 = VERTEX_POINT('',#2732);
#2732 = CARTESIAN_POINT('',(74.4,15.705230583752,-1.6));
#2733 = SURFACE_CURVE('',#2734,(#2752,#2773),.PCURVE_S1.);
#2734 = B_SPLINE_CURVE_WITH_KNOTS('',6,(#2735,#2736,#2737,#2738,#2739,
    #2740,#2741,#2742,#2743,#2744,#2745,#2746,#2747,#2748,#2749,#2750,
    #2751),.UNSPECIFIED.,.F.,.F.,(7,5,5,7),(0.,0.344200668303,
    0.783081164599,1.),.UNSPECIFIED.);
#2735 = CARTESIAN_POINT('',(72.8,15.973003802281,7.016609515631E-14));
#2736 = CARTESIAN_POINT('',(72.8,15.973003802281,-0.145074511332));
#2737 = CARTESIAN_POINT('',(72.81578533163,15.968512822751,
    -0.29019220437));
#2738 = CARTESIAN_POINT('',(72.847370866518,15.95952535635,
    -0.432852610398));
#2739 = CARTESIAN_POINT('',(72.894139317765,15.946483501766,
    -0.570831615603));
#2740 = CARTESIAN_POINT('',(72.955159620844,15.930160807035,
    -0.702176149092));
#2741 = CARTESIAN_POINT('',(73.123628554518,15.887697406075,
    -0.982034654725));
#2742 = CARTESIAN_POINT('',(73.239243281787,15.860088153525,
    -1.125353199792));
#2743 = CARTESIAN_POINT('',(73.373763321048,15.830556717132,
    -1.251994018733));
#2744 = CARTESIAN_POINT('',(73.524502416865,15.801365951365,
    -1.359290448852));
#2745 = CARTESIAN_POINT('',(73.688419526235,15.774769526254,
    -1.444834305727));
#2746 = CARTESIAN_POINT('',(73.947481698612,15.741391976089,
    -1.537370099432));
#2747 = CARTESIAN_POINT('',(74.035464841326,15.7313941574,
    -1.562202996693));
#2748 = CARTESIAN_POINT('',(74.125256507621,15.72264392204,
    -1.581030004491));
#2749 = CARTESIAN_POINT('',(74.216329882436,15.715306152477,
    -1.593667580922));
#2750 = CARTESIAN_POINT('',(74.308115363413,15.709489535562,-1.6));
#2751 = CARTESIAN_POINT('',(74.399999999999,15.705230589583,-1.6));
#2752 = PCURVE('',#2533,#2753);
#2753 = DEFINITIONAL_REPRESENTATION('',(#2754),#2772);
#2754 = B_SPLINE_CURVE_WITH_KNOTS('',6,(#2755,#2756,#2757,#2758,#2759,
    #2760,#2761,#2762,#2763,#2764,#2765,#2766,#2767,#2768,#2769,#2770,
    #2771),.UNSPECIFIED.,.F.,.F.,(7,5,5,7),(0.,0.344200668303,
    0.783081164599,1.),.UNSPECIFIED.);
#2755 = CARTESIAN_POINT('',(6.28318530718,0.939163498099));
#2756 = CARTESIAN_POINT('',(6.262679359569,0.939163498099));
#2757 = CARTESIAN_POINT('',(6.242167303455,0.939763700822));
#2758 = CARTESIAN_POINT('',(6.221980046357,0.940964671731));
#2759 = CARTESIAN_POINT('',(6.202409178743,0.942742939839));
#2760 = CARTESIAN_POINT('',(6.183719231975,0.945063103454));
#2761 = CARTESIAN_POINT('',(6.143749290902,0.951468766331));
#2762 = CARTESIAN_POINT('',(6.123168195952,0.955864763566));
#2763 = CARTESIAN_POINT('',(6.104851929681,0.960979593956));
#2764 = CARTESIAN_POINT('',(6.08920686959,0.966711118512));
#2765 = CARTESIAN_POINT('',(6.076630760111,0.972943708222));
#2766 = CARTESIAN_POINT('',(6.062895447621,0.982793980936));
#2767 = CARTESIAN_POINT('',(6.059179790891,0.986139347579));
#2768 = CARTESIAN_POINT('',(6.056330687272,0.989553479377));
#2769 = CARTESIAN_POINT('',(6.054380049891,0.99301634534));
#2770 = CARTESIAN_POINT('',(6.05334900232,0.996506287582));
#2771 = CARTESIAN_POINT('',(6.053244154535,1.));
#2772 = ( GEOMETRIC_REPRESENTATION_CONTEXT(2) 
PARAMETRIC_REPRESENTATION_CONTEXT() REPRESENTATION_CONTEXT('2D SPACE',''
  ) );
#2773 = PCURVE('',#2774,#2779);
#2774 = CYLINDRICAL_SURFACE('',#2775,1.6);
#2775 = AXIS2_PLACEMENT_3D('',#2776,#2777,#2778);
#2776 = CARTESIAN_POINT('',(74.4,-5.54,0.));
#2777 = DIRECTION('',(0.,1.,0.));
#2778 = DIRECTION('',(0.,-0.,1.));
#2779 = DEFINITIONAL_REPRESENTATION('',(#2780),#2798);
#2780 = B_SPLINE_CURVE_WITH_KNOTS('',6,(#2781,#2782,#2783,#2784,#2785,
    #2786,#2787,#2788,#2789,#2790,#2791,#2792,#2793,#2794,#2795,#2796,
    #2797),.UNSPECIFIED.,.F.,.F.,(7,5,5,7),(0.,0.344200668303,
    0.783081164599,1.),.UNSPECIFIED.);
#2781 = CARTESIAN_POINT('',(4.712388980385,21.513003802281));
#2782 = CARTESIAN_POINT('',(4.621717410802,21.513003802281));
#2783 = CARTESIAN_POINT('',(4.531019201921,21.508512822751));
#2784 = CARTESIAN_POINT('',(4.44051285058,21.49952535635));
#2785 = CARTESIAN_POINT('',(4.350251999955,21.486483501766));
#2786 = CARTESIAN_POINT('',(4.260252800624,21.470160807035));
#2787 = CARTESIAN_POINT('',(4.056094309813,21.427697406075));
#2788 = CARTESIAN_POINT('',(3.942085980573,21.400088153525));
#2789 = CARTESIAN_POINT('',(3.828212940411,21.370556717132));
#2790 = CARTESIAN_POINT('',(3.714187880624,21.341365951365));
#2791 = CARTESIAN_POINT('',(3.599725838491,21.314769526254));
#2792 = CARTESIAN_POINT('',(3.427792800252,21.281391976089));
#2793 = CARTESIAN_POINT('',(3.370786766638,21.2713941574));
#2794 = CARTESIAN_POINT('',(3.313648589229,21.26264392204));
#2795 = CARTESIAN_POINT('',(3.256386308443,21.255306152477));
#2796 = CARTESIAN_POINT('',(3.199020551457,21.249489535562));
#2797 = CARTESIAN_POINT('',(3.14159265359,21.245230589583));
#2798 = ( GEOMETRIC_REPRESENTATION_CONTEXT(2) 
PARAMETRIC_REPRESENTATION_CONTEXT() REPRESENTATION_CONTEXT('2D SPACE',''
  ) );
#2799 = ORIENTED_EDGE('',*,*,#2800,.F.);
#2800 = EDGE_CURVE('',#2801,#2731,#2803,.T.);
#2801 = VERTEX_POINT('',#2802);
#2802 = CARTESIAN_POINT('',(74.4,15.52,-2.220648500626));
#2803 = SURFACE_CURVE('',#2804,(#2809,#2816),.PCURVE_S1.);
#2804 = ELLIPSE('',#2805,7.4,7.02);
#2805 = AXIS2_PLACEMENT_3D('',#2806,#2807,#2808);
#2806 = CARTESIAN_POINT('',(74.4,8.5,0.));
#2807 = DIRECTION('',(1.,0.,0.));
#2808 = DIRECTION('',(0.,1.,0.));
#2809 = PCURVE('',#2533,#2810);
#2810 = DEFINITIONAL_REPRESENTATION('',(#2811),#2815);
#2811 = LINE('',#2812,#2813);
#2812 = CARTESIAN_POINT('',(0.,1.));
#2813 = VECTOR('',#2814,1.);
#2814 = DIRECTION('',(1.,0.));
#2815 = ( GEOMETRIC_REPRESENTATION_CONTEXT(2) 
PARAMETRIC_REPRESENTATION_CONTEXT() REPRESENTATION_CONTEXT('2D SPACE',''
  ) );
#2816 = PCURVE('',#2817,#2822);
#2817 = PLANE('',#2818);
#2818 = AXIS2_PLACEMENT_3D('',#2819,#2820,#2821);
#2819 = CARTESIAN_POINT('',(74.4,8.5,0.));
#2820 = DIRECTION('',(1.,0.,0.));
#2821 = DIRECTION('',(0.,1.,0.));
#2822 = DEFINITIONAL_REPRESENTATION('',(#2823),#2827);
#2823 = ELLIPSE('',#2824,7.4,7.02);
#2824 = AXIS2_PLACEMENT_2D('',#2825,#2826);
#2825 = CARTESIAN_POINT('',(0.,0.));
#2826 = DIRECTION('',(1.,0.));
#2827 = ( GEOMETRIC_REPRESENTATION_CONTEXT(2) 
PARAMETRIC_REPRESENTATION_CONTEXT() REPRESENTATION_CONTEXT('2D SPACE',''
  ) );
#2828 = ORIENTED_EDGE('',*,*,#2829,.F.);
#2829 = EDGE_CURVE('',#2830,#2801,#2832,.T.);
#2830 = VERTEX_POINT('',#2831);
#2831 = CARTESIAN_POINT('',(67.633654568725,15.52,-2.996092372518));
#2832 = SURFACE_CURVE('',#2833,(#2843,#2856),.PCURVE_S1.);
#2833 = B_SPLINE_CURVE_WITH_KNOTS('',8,(#2834,#2835,#2836,#2837,#2838,
    #2839,#2840,#2841,#2842),.UNSPECIFIED.,.F.,.F.,(9,9),(0.,1.),
  .PIECEWISE_BEZIER_KNOTS.);
#2834 = CARTESIAN_POINT('',(67.,15.52,-3.059013304835));
#2835 = CARTESIAN_POINT('',(67.926534935396,15.52,-2.967908556143));
#2836 = CARTESIAN_POINT('',(68.852758240581,15.52,-2.873892836749));
#2837 = CARTESIAN_POINT('',(69.77864592253,15.52,-2.776617628234));
#2838 = CARTESIAN_POINT('',(70.704146595646,15.52,-2.675648650643));
#2839 = CARTESIAN_POINT('',(71.629180547455,15.52,-2.570455767228));
#2840 = CARTESIAN_POINT('',(72.553626624065,15.52,-2.460306334558));
#2841 = CARTESIAN_POINT('',(73.477321382691,15.52,-2.344255134669));
#2842 = CARTESIAN_POINT('',(74.4,15.52,-2.220648508702));
#2843 = PCURVE('',#2533,#2844);
#2844 = DEFINITIONAL_REPRESENTATION('',(#2845),#2855);
#2845 = B_SPLINE_CURVE_WITH_KNOTS('',8,(#2846,#2847,#2848,#2849,#2850,
    #2851,#2852,#2853,#2854),.UNSPECIFIED.,.F.,.F.,(9,9),(0.,1.),
  .PIECEWISE_BEZIER_KNOTS.);
#2846 = CARTESIAN_POINT('',(5.84909515914,0.718631178707));
#2847 = CARTESIAN_POINT('',(5.860880799731,0.753860643931));
#2848 = CARTESIAN_POINT('',(5.873151785301,0.789078260098));
#2849 = CARTESIAN_POINT('',(5.885964023035,0.824283114925));
#2850 = CARTESIAN_POINT('',(5.899382031332,0.859473254587));
#2851 = CARTESIAN_POINT('',(5.913491928953,0.894645648192));
#2852 = CARTESIAN_POINT('',(5.928403585044,0.929795689128));
#2853 = CARTESIAN_POINT('',(5.944264104155,0.96491716284));
#2854 = CARTESIAN_POINT('',(5.961325199679,1.));
#2855 = ( GEOMETRIC_REPRESENTATION_CONTEXT(2) 
PARAMETRIC_REPRESENTATION_CONTEXT() REPRESENTATION_CONTEXT('2D SPACE',''
  ) );
#2856 = PCURVE('',#2857,#2862);
#2857 = PLANE('',#2858);
#2858 = AXIS2_PLACEMENT_3D('',#2859,#2860,#2861);
#2859 = CARTESIAN_POINT('',(74.4,15.52,0.));
#2860 = DIRECTION('',(0.,1.,0.));
#2861 = DIRECTION('',(0.,-0.,1.));
#2862 = DEFINITIONAL_REPRESENTATION('',(#2863),#2873);
#2863 = B_SPLINE_CURVE_WITH_KNOTS('',8,(#2864,#2865,#2866,#2867,#2868,
    #2869,#2870,#2871,#2872),.UNSPECIFIED.,.F.,.F.,(9,9),(0.,1.),
  .PIECEWISE_BEZIER_KNOTS.);
#2864 = CARTESIAN_POINT('',(-3.059013304835,-7.4));
#2865 = CARTESIAN_POINT('',(-2.967908556143,-6.473465064604));
#2866 = CARTESIAN_POINT('',(-2.873892836749,-5.547241759419));
#2867 = CARTESIAN_POINT('',(-2.776617628234,-4.62135407747));
#2868 = CARTESIAN_POINT('',(-2.675648650643,-3.695853404354));
#2869 = CARTESIAN_POINT('',(-2.570455767228,-2.770819452545));
#2870 = CARTESIAN_POINT('',(-2.460306334558,-1.846373375935));
#2871 = CARTESIAN_POINT('',(-2.344255134669,-0.922678617309));
#2872 = CARTESIAN_POINT('',(-2.220648508702,-2.557953848736E-13));
#2873 = ( GEOMETRIC_REPRESENTATION_CONTEXT(2) 
PARAMETRIC_REPRESENTATION_CONTEXT() REPRESENTATION_CONTEXT('2D SPACE',''
  ) );
#2874 = ORIENTED_EDGE('',*,*,#2875,.T.);
#2875 = EDGE_CURVE('',#2830,#2876,#2878,.T.);
#2876 = VERTEX_POINT('',#2877);
#2877 = CARTESIAN_POINT('',(67.633654568958,1.48,-2.996092373044));
#2878 = SURFACE_CURVE('',#2879,(#2952,#3028),.PCURVE_S1.);
#2879 = B_SPLINE_CURVE_WITH_KNOTS('',8,(#2880,#2881,#2882,#2883,#2884,
    #2885,#2886,#2887,#2888,#2889,#2890,#2891,#2892,#2893,#2894,#2895,
    #2896,#2897,#2898,#2899,#2900,#2901,#2902,#2903,#2904,#2905,#2906,
    #2907,#2908,#2909,#2910,#2911,#2912,#2913,#2914,#2915,#2916,#2917,
    #2918,#2919,#2920,#2921,#2922,#2923,#2924,#2925,#2926,#2927,#2928,
    #2929,#2930,#2931,#2932,#2933,#2934,#2935,#2936,#2937,#2938,#2939,
    #2940,#2941,#2942,#2943,#2944,#2945,#2946,#2947,#2948,#2949,#2950,
    #2951),.UNSPECIFIED.,.F.,.F.,(9,7,7,7,7,7,7,7,7,7,9),(0.,
    7.528485190973E-02,0.280538288444,0.367664585813,0.466889709103,
    0.517519944305,0.570413306035,0.659719539729,0.720697802343,
    0.925416798536,1.),.UNSPECIFIED.);
#2880 = CARTESIAN_POINT('',(67.6336540413,15.5200006,-2.996091181388));
#2881 = CARTESIAN_POINT('',(67.710708279102,15.432343357099,
    -3.170109793969));
#2882 = CARTESIAN_POINT('',(67.791350302417,15.340483696733,
    -3.33841501779));
#2883 = CARTESIAN_POINT('',(67.875194659971,15.244833338365,
    -3.501094563548));
#2884 = CARTESIAN_POINT('',(67.961890112998,15.145764380929,
    -3.65825935566));
#2885 = CARTESIAN_POINT('',(68.051120575375,15.043607654445,
    -3.810040677113));
#2886 = CARTESIAN_POINT('',(68.142606053751,14.938651071633,
    -3.956587314302));
#2887 = CARTESIAN_POINT('',(68.236103587683,14.831137979527,
    -4.098062701881));
#2888 = CARTESIAN_POINT('',(68.591242626558,14.421713859546,
    -4.607006274537));
#2889 = CARTESIAN_POINT('',(68.864100574137,14.105094521982,
    -4.9423946343));
#2890 = CARTESIAN_POINT('',(69.146102702444,13.77509567373,
    -5.245041560033));
#2891 = CARTESIAN_POINT('',(69.434166015948,13.434294845318,
    -5.517509143855));
#2892 = CARTESIAN_POINT('',(69.725571122364,13.084628389964,
    -5.762091562872));
#2893 = CARTESIAN_POINT('',(70.017775994614,12.727239295718,
    -5.980649488224));
#2894 = CARTESIAN_POINT('',(70.308311550929,12.362565380141,
    -6.174848804773));
#2895 = CARTESIAN_POINT('',(70.714700785901,11.83152739518,
    -6.418606633377));
#2896 = CARTESIAN_POINT('',(70.834780789899,11.671917467613,
    -6.487041003681));
#2897 = CARTESIAN_POINT('',(70.953547138577,11.510910042731,
    -6.551366323012));
#2898 = CARTESIAN_POINT('',(71.070646964924,11.348463952615,
    -6.611654042554));
#2899 = CARTESIAN_POINT('',(71.185655498825,11.18452505043,
    -6.667958460262));
#2900 = CARTESIAN_POINT('',(71.298053569112,11.01901874086,
    -6.720319420658));
#2901 = CARTESIAN_POINT('',(71.407195290899,10.851838540658,
    -6.768762294327));
#2902 = CARTESIAN_POINT('',(71.631927260334,10.490353456626,
    -6.864012263736));
#2903 = CARTESIAN_POINT('',(71.74623682249,10.295620669722,
    -6.909627507434));
#2904 = CARTESIAN_POINT('',(71.854078475068,10.098286952601,
    -6.950196833619));
#2905 = CARTESIAN_POINT('',(71.953903764272,9.89813035906,
    -6.985668054316));
#2906 = CARTESIAN_POINT('',(72.043703362729,9.695049478406,
    -7.015932037333));
#2907 = CARTESIAN_POINT('',(72.120955991172,9.489044738193,
    -7.040839291388));
#2908 = CARTESIAN_POINT('',(72.182890340967,9.280267705394,
    -7.060211916671));
#2909 = CARTESIAN_POINT('',(72.25010454468,8.961534931702,
    -7.080855448118));
#2910 = CARTESIAN_POINT('',(72.268268354612,8.853289552273,
    -7.086343011082));
#2911 = CARTESIAN_POINT('',(72.281598708588,8.74461456167,
    -7.090318821342));
#2912 = CARTESIAN_POINT('',(72.289865702106,8.63564539885,
    -7.092765209686));
#2913 = CARTESIAN_POINT('',(72.29292950455,8.526525367359,
    -7.093671507836));
#2914 = CARTESIAN_POINT('',(72.290757943289,8.417406387735,
    -7.093034601707));
#2915 = CARTESIAN_POINT('',(72.283429921979,8.308449584074,
    -7.090860045627));
#2916 = CARTESIAN_POINT('',(72.25826939045,8.086346434606,
    -7.083302207715));
#2917 = CARTESIAN_POINT('',(72.239979594171,7.973208106105,
    -7.077779056997));
#2918 = CARTESIAN_POINT('',(72.216450209601,7.860575630058,
    -7.070610371879));
#2919 = CARTESIAN_POINT('',(72.187984686335,7.748572470605,
    -7.061819975989));
#2920 = CARTESIAN_POINT('',(72.154949292758,7.637287350375,
    -7.051435541548));
#2921 = CARTESIAN_POINT('',(72.117735631425,7.526779530148,
    -7.039485417818));
#2922 = CARTESIAN_POINT('',(72.07673137525,7.41708266304,-7.025996176513
    ));
#2923 = CARTESIAN_POINT('',(71.957279072488,7.124379703967,
    -6.98565561482));
#2924 = CARTESIAN_POINT('',(71.872511477975,6.942953675765,
    -6.956006566582));
#2925 = CARTESIAN_POINT('',(71.779704182264,6.763838959019,
    -6.922140310933));
#2926 = CARTESIAN_POINT('',(71.680387968966,6.58691745129,
    -6.884124137017));
#2927 = CARTESIAN_POINT('',(71.575805678394,6.41207099659,
    -6.842001593182));
#2928 = CARTESIAN_POINT('',(71.466932627607,6.239174989674,
    -6.795790665712));
#2929 = CARTESIAN_POINT('',(71.354538575099,6.068081574704,
    -6.745475222743));
#2930 = CARTESIAN_POINT('',(71.160449168547,5.782905470545,
    -6.653788118538));
#2931 = CARTESIAN_POINT('',(71.080344309919,5.667981593646,
    -6.61465110623));
#2932 = CARTESIAN_POINT('',(70.999085785133,5.553809451594,
    -6.573566808614));
#2933 = CARTESIAN_POINT('',(70.916845717218,5.440362204549,
    -6.530519591045));
#2934 = CARTESIAN_POINT('',(70.833773257378,5.327620020124,
    -6.485490486037));
#2935 = CARTESIAN_POINT('',(70.749998481989,5.215568705304,
    -6.438456979286));
#2936 = CARTESIAN_POINT('',(70.6656362896,5.104198338374,-6.389392795693
    ));
#2937 = CARTESIAN_POINT('',(70.295941476355,4.621866786883,
    -6.166628140169));
#2938 = CARTESIAN_POINT('',(70.006005172042,4.258308080137,
    -5.971979932031));
#2939 = CARTESIAN_POINT('',(69.714492453603,3.902014931526,
    -5.753039298864));
#2940 = CARTESIAN_POINT('',(69.423846683868,3.553433881456,
    -5.508140584888));
#2941 = CARTESIAN_POINT('',(69.136591696338,3.213715068387,
    -5.235424803251));
#2942 = CARTESIAN_POINT('',(68.855437436227,2.88479907938,-4.93260379004
    ));
#2943 = CARTESIAN_POINT('',(68.583460216314,2.569267505855,
    -4.597124334394));
#2944 = CARTESIAN_POINT('',(68.230202522704,2.162076776979,
    -4.08911967806));
#2945 = CARTESIAN_POINT('',(68.137656734441,2.055671078171,
    -3.948648387968));
#2946 = CARTESIAN_POINT('',(68.047097780734,1.951786932621,
    -3.803189957586));
#2947 = CARTESIAN_POINT('',(67.958763203907,1.850662495229,
    -3.652585544834));
#2948 = CARTESIAN_POINT('',(67.872926375611,1.752579012845,
    -3.496690640677));
#2949 = CARTESIAN_POINT('',(67.789895568405,1.657859217435,
    -3.335377845165));
#2950 = CARTESIAN_POINT('',(67.710013027339,1.56686571925,
    -3.168539643468));
#2951 = CARTESIAN_POINT('',(67.633654041534,1.4799994,-2.996091181915));
#2952 = PCURVE('',#2533,#2953);
#2953 = DEFINITIONAL_REPRESENTATION('',(#2954),#3027);
#2954 = B_SPLINE_CURVE_WITH_KNOTS('',8,(#2955,#2956,#2957,#2958,#2959,
    #2960,#2961,#2962,#2963,#2964,#2965,#2966,#2967,#2968,#2969,#2970,
    #2971,#2972,#2973,#2974,#2975,#2976,#2977,#2978,#2979,#2980,#2981,
    #2982,#2983,#2984,#2985,#2986,#2987,#2988,#2989,#2990,#2991,#2992,
    #2993,#2994,#2995,#2996,#2997,#2998,#2999,#3000,#3001,#3002,#3003,
    #3004,#3005,#3006,#3007,#3008,#3009,#3010,#3011,#3012,#3013,#3014,
    #3015,#3016,#3017,#3018,#3019,#3020,#3021,#3022,#3023,#3024,#3025,
    #3026),.UNSPECIFIED.,.F.,.F.,(9,7,7,7,7,7,7,7,7,7,9),(0.,
    7.528485190973E-02,0.280538288444,0.367664585813,0.466889709103,
    0.517519944305,0.570413306035,0.659719539729,0.720697802343,
    0.925416798536,1.),.UNSPECIFIED.);
#2955 = CARTESIAN_POINT('',(5.857257644206,0.742724488262));
#2956 = CARTESIAN_POINT('',(5.830740842051,0.74565430719));
#2957 = CARTESIAN_POINT('',(5.804694916137,0.748720543818));
#2958 = CARTESIAN_POINT('',(5.779101072604,0.751908542204));
#2959 = CARTESIAN_POINT('',(5.753940143889,0.755204947262));
#2960 = CARTESIAN_POINT('',(5.729192133453,0.758597740509));
#2961 = CARTESIAN_POINT('',(5.70483576052,0.762076275808));
#2962 = CARTESIAN_POINT('',(5.680848004806,0.765631315121));
#2963 = CARTESIAN_POINT('',(5.592740685629,0.77913470063));
#2964 = CARTESIAN_POINT('',(5.530931229254,0.789509527534));
#2965 = CARTESIAN_POINT('',(5.471166210775,0.800232041918));
#2966 = CARTESIAN_POINT('',(5.413086708103,0.811185019618));
#2967 = CARTESIAN_POINT('',(5.356370853482,0.822265061687));
#2968 = CARTESIAN_POINT('',(5.300723829278,0.833375513103));
#2969 = CARTESIAN_POINT('',(5.245827266876,0.844422492431));
#2970 = CARTESIAN_POINT('',(5.168095539396,0.859874554597));
#2971 = CARTESIAN_POINT('',(5.145005586665,0.864440334217));
#2972 = CARTESIAN_POINT('',(5.121960737147,0.868956164965));
#2973 = CARTESIAN_POINT('',(5.098933721258,0.873408629845));
#2974 = CARTESIAN_POINT('',(5.075897206864,0.877781577902));
#2975 = CARTESIAN_POINT('',(5.052822399056,0.882055268788));
#2976 = CARTESIAN_POINT('',(5.029677270254,0.886205144141));
#2977 = CARTESIAN_POINT('',(4.979942555357,0.894750085944));
#2978 = CARTESIAN_POINT('',(4.953336788067,0.899096457129));
#2979 = CARTESIAN_POINT('',(4.926535194551,0.903196900193));
#2980 = CARTESIAN_POINT('',(4.899485536631,0.906992538565));
#2981 = CARTESIAN_POINT('',(4.872152432905,0.910406971967));
#2982 = CARTESIAN_POINT('',(4.844514407929,0.913344334265));
#2983 = CARTESIAN_POINT('',(4.816570631026,0.915699252508));
#2984 = CARTESIAN_POINT('',(4.773976157627,0.918254925653));
#2985 = CARTESIAN_POINT('',(4.759521890217,0.918945564814));
#2986 = CARTESIAN_POINT('',(4.745018681781,0.91945242238));
#2987 = CARTESIAN_POINT('',(4.730481758554,0.919766756734));
#2988 = CARTESIAN_POINT('',(4.715927378567,0.919883251124));
#2989 = CARTESIAN_POINT('',(4.70137294313,0.919800682254));
#2990 = CARTESIAN_POINT('',(4.686837086117,0.919522050265));
#2991 = CARTESIAN_POINT('',(4.657194377585,0.918565376063));
#2992 = CARTESIAN_POINT('',(4.64208805602,0.917869946546));
#2993 = CARTESIAN_POINT('',(4.627039531958,0.916975293141));
#2994 = CARTESIAN_POINT('',(4.612062049567,0.915892953853));
#2995 = CARTESIAN_POINT('',(4.597164234525,0.914636855238));
#2996 = CARTESIAN_POINT('',(4.58235078917,0.913221887126));
#2997 = CARTESIAN_POINT('',(4.567622989847,0.911662789933));
#2998 = CARTESIAN_POINT('',(4.528253751707,0.907120877281));
#2999 = CARTESIAN_POINT('',(4.503775440483,0.903897774828));
#3000 = CARTESIAN_POINT('',(4.479516323064,0.900368980314));
#3001 = CARTESIAN_POINT('',(4.455444511622,0.89659269844));
#3002 = CARTESIAN_POINT('',(4.431527568018,0.89261618549));
#3003 = CARTESIAN_POINT('',(4.407731540296,0.888476525765));
#3004 = CARTESIAN_POINT('',(4.384018283721,0.884202987646));
#3005 = CARTESIAN_POINT('',(4.344179077155,0.876823162302));
#3006 = CARTESIAN_POINT('',(4.328036266314,0.873777350187));
#3007 = CARTESIAN_POINT('',(4.311904423716,0.870687672439));
#3008 = CARTESIAN_POINT('',(4.295773344988,0.867560673658));
#3009 = CARTESIAN_POINT('',(4.279633449217,0.864402024995));
#3010 = CARTESIAN_POINT('',(4.263475540791,0.861216672319));
#3011 = CARTESIAN_POINT('',(4.24729057124,0.858008984395));
#3012 = CARTESIAN_POINT('',(4.176610950937,0.84395214739));
#3013 = CARTESIAN_POINT('',(4.121814714677,0.83292795331));
#3014 = CARTESIAN_POINT('',(4.066262046869,0.821843819529));
#3015 = CARTESIAN_POINT('',(4.009636230668,0.810792649577));
#3016 = CARTESIAN_POINT('',(3.951643905204,0.799870406705));
#3017 = CARTESIAN_POINT('',(3.89196462358,0.789180130655));
#3018 = CARTESIAN_POINT('',(3.830241053249,0.778838791495));
#3019 = CARTESIAN_POINT('',(3.742414464276,0.765406940027));
#3020 = CARTESIAN_POINT('',(3.718623316248,0.761888088762));
#3021 = CARTESIAN_POINT('',(3.694469193061,0.758444782537));
#3022 = CARTESIAN_POINT('',(3.669929700686,0.75508605338));
#3023 = CARTESIAN_POINT('',(3.644984137376,0.751822295651));
#3024 = CARTESIAN_POINT('',(3.619613061691,0.748665230738));
#3025 = CARTESIAN_POINT('',(3.593797860519,0.745627871762));
#3026 = CARTESIAN_POINT('',(3.567520317107,0.742724488271));
#3027 = ( GEOMETRIC_REPRESENTATION_CONTEXT(2) 
PARAMETRIC_REPRESENTATION_CONTEXT() REPRESENTATION_CONTEXT('2D SPACE',''
  ) );
#3028 = PCURVE('',#3029,#3034);
#3029 = CYLINDRICAL_SURFACE('',#3030,7.4);
#3030 = AXIS2_PLACEMENT_3D('',#3031,#3032,#3033);
#3031 = CARTESIAN_POINT('',(74.4,1.48,0.));
#3032 = DIRECTION('',(0.,1.,0.));
#3033 = DIRECTION('',(0.,-0.,1.));
#3034 = DEFINITIONAL_REPRESENTATION('',(#3035),#3108);
#3035 = B_SPLINE_CURVE_WITH_KNOTS('',8,(#3036,#3037,#3038,#3039,#3040,
    #3041,#3042,#3043,#3044,#3045,#3046,#3047,#3048,#3049,#3050,#3051,
    #3052,#3053,#3054,#3055,#3056,#3057,#3058,#3059,#3060,#3061,#3062,
    #3063,#3064,#3065,#3066,#3067,#3068,#3069,#3070,#3071,#3072,#3073,
    #3074,#3075,#3076,#3077,#3078,#3079,#3080,#3081,#3082,#3083,#3084,
    #3085,#3086,#3087,#3088,#3089,#3090,#3091,#3092,#3093,#3094,#3095,
    #3096,#3097,#3098,#3099,#3100,#3101,#3102,#3103,#3104,#3105,#3106,
    #3107),.UNSPECIFIED.,.F.,.F.,(9,7,7,7,7,7,7,7,7,7,9),(0.,
    7.528485190973E-02,0.280538288444,0.367664585813,0.466889709103,
    0.517519944305,0.570413306035,0.659719539729,0.720697802343,
    0.925416798536,1.),.UNSPECIFIED.);
#3036 = CARTESIAN_POINT('',(10.578729775474,14.0400006));
#3037 = CARTESIAN_POINT('',(10.553011520209,13.952343357099));
#3038 = CARTESIAN_POINT('',(10.527802927147,13.860483696733));
#3039 = CARTESIAN_POINT('',(10.503088346591,13.764833338365));
#3040 = CARTESIAN_POINT('',(10.478851665352,13.665764380929));
#3041 = CARTESIAN_POINT('',(10.455076008045,13.563607654445));
#3042 = CARTESIAN_POINT('',(10.43174343838,13.458651071633));
#3043 = CARTESIAN_POINT('',(10.408834660452,13.351137979527));
#3044 = CARTESIAN_POINT('',(10.324969475814,12.941713859546));
#3045 = CARTESIAN_POINT('',(10.266700802994,12.625094521983));
#3046 = CARTESIAN_POINT('',(10.211001688056,12.295095673729));
#3047 = CARTESIAN_POINT('',(10.157622200225,11.954294845319));
#3048 = CARTESIAN_POINT('',(10.106377621261,11.604628389963));
#3049 = CARTESIAN_POINT('',(10.05718467721,11.247239295719));
#3050 = CARTESIAN_POINT('',(10.010016434277,10.882565380141));
#3051 = CARTESIAN_POINT('',(9.945977479319,10.35152739518));
#3052 = CARTESIAN_POINT('',(9.927304860404,10.191917467613));
#3053 = CARTESIAN_POINT('',(9.909059514519,10.030910042731));
#3054 = CARTESIAN_POINT('',(9.891268682796,9.868463952615));
#3055 = CARTESIAN_POINT('',(9.873971084453,9.70452505043));
#3056 = CARTESIAN_POINT('',(9.857219596452,9.53901874086));
#3057 = CARTESIAN_POINT('',(9.841085465329,9.371838540658));
#3058 = CARTESIAN_POINT('',(9.808101136658,9.010353456626));
#3059 = CARTESIAN_POINT('',(9.791473127597,8.815620669722));
#3060 = CARTESIAN_POINT('',(9.775907722043,8.618286952601));
#3061 = CARTESIAN_POINT('',(9.76159572373,8.41813035906));
#3062 = CARTESIAN_POINT('',(9.748792410304,8.215049478406));
#3063 = CARTESIAN_POINT('',(9.737824326413,8.009044738194));
#3064 = CARTESIAN_POINT('',(9.729055063115,7.800267705394));
#3065 = CARTESIAN_POINT('',(9.719553319233,7.481534931702));
#3066 = CARTESIAN_POINT('',(9.716989205387,7.373289552273));
#3067 = CARTESIAN_POINT('',(9.71510940039,7.26461456167));
#3068 = CARTESIAN_POINT('',(9.713944348709,7.15564539885));
#3069 = CARTESIAN_POINT('',(9.713512586827,7.046525367359));
#3070 = CARTESIAN_POINT('',(9.713818402914,6.937406387735));
#3071 = CARTESIAN_POINT('',(9.714851351671,6.828449584074));
#3072 = CARTESIAN_POINT('',(9.718401506918,6.606346434606));
#3073 = CARTESIAN_POINT('',(9.720983333383,6.493208106105));
#3074 = CARTESIAN_POINT('',(9.724307265396,6.380575630058));
#3075 = CARTESIAN_POINT('',(9.728333134356,6.268572470605));
#3076 = CARTESIAN_POINT('',(9.733012600831,6.157287350375));
#3077 = CARTESIAN_POINT('',(9.738294199408,6.046779530148));
#3078 = CARTESIAN_POINT('',(9.74412726897,5.93708266304));
#3079 = CARTESIAN_POINT('',(9.761165132077,5.644379703967));
#3080 = CARTESIAN_POINT('',(9.773299993237,5.462953675765));
#3081 = CARTESIAN_POINT('',(9.786648388492,5.283838959019));
#3082 = CARTESIAN_POINT('',(9.801015415934,5.10691745129));
#3083 = CARTESIAN_POINT('',(9.816246530966,4.93207099659));
#3084 = CARTESIAN_POINT('',(9.832224619154,4.759174989674));
#3085 = CARTESIAN_POINT('',(9.848862024673,4.588081574704));
#3086 = CARTESIAN_POINT('',(9.877869599945,4.302905470545));
#3087 = CARTESIAN_POINT('',(9.889916437086,4.187981593646));
#3088 = CARTESIAN_POINT('',(9.902219131486,4.073809451594));
#3089 = CARTESIAN_POINT('',(9.914760519089,3.960362204549));
#3090 = CARTESIAN_POINT('',(9.92752688494,3.847620020124));
#3091 = CARTESIAN_POINT('',(9.940507483466,3.735568705304));
#3092 = CARTESIAN_POINT('',(9.953694058769,3.624198338374));
#3093 = CARTESIAN_POINT('',(10.012021480645,3.141866786883));
#3094 = CARTESIAN_POINT('',(10.05915623921,2.778308080137));
#3095 = CARTESIAN_POINT('',(10.108305658846,2.422014931525));
#3096 = CARTESIAN_POINT('',(10.159499704117,2.073433881456));
#3097 = CARTESIAN_POINT('',(10.212823632151,1.733715068386));
#3098 = CARTESIAN_POINT('',(10.268462587699,1.40479907938));
#3099 = CARTESIAN_POINT('',(10.326666349265,1.089267505855));
#3100 = CARTESIAN_POINT('',(10.410282105903,0.682076776979));
#3101 = CARTESIAN_POINT('',(10.433006965254,0.575671078171));
#3102 = CARTESIAN_POINT('',(10.4561488203,0.471786932621));
#3103 = CARTESIAN_POINT('',(10.479726451749,0.370662495229));
#3104 = CARTESIAN_POINT('',(10.503757311498,0.272579012845));
#3105 = CARTESIAN_POINT('',(10.528257804918,0.177859217435));
#3106 = CARTESIAN_POINT('',(10.553243573152,8.686571925045E-02));
#3107 = CARTESIAN_POINT('',(10.578729775397,-6.E-07));
#3108 = ( GEOMETRIC_REPRESENTATION_CONTEXT(2) 
PARAMETRIC_REPRESENTATION_CONTEXT() REPRESENTATION_CONTEXT('2D SPACE',''
  ) );
#3109 = ORIENTED_EDGE('',*,*,#3110,.T.);
#3110 = EDGE_CURVE('',#2876,#3111,#3113,.T.);
#3111 = VERTEX_POINT('',#3112);
#3112 = CARTESIAN_POINT('',(74.4,1.48,-2.220648500626));
#3113 = SURFACE_CURVE('',#3114,(#3124,#3137),.PCURVE_S1.);
#3114 = B_SPLINE_CURVE_WITH_KNOTS('',8,(#3115,#3116,#3117,#3118,#3119,
    #3120,#3121,#3122,#3123),.UNSPECIFIED.,.F.,.F.,(9,9),(0.,1.),
  .PIECEWISE_BEZIER_KNOTS.);
#3115 = CARTESIAN_POINT('',(67.,1.48,-3.059013306571));
#3116 = CARTESIAN_POINT('',(67.92653493551,1.48,-2.967908556191));
#3117 = CARTESIAN_POINT('',(68.852758240775,1.48,-2.873892834925));
#3118 = CARTESIAN_POINT('',(69.778645922811,1.48,-2.776617624338));
#3119 = CARTESIAN_POINT('',(70.704146595922,1.48,-2.675648644466));
#3120 = CARTESIAN_POINT('',(71.629180547759,1.48,-2.570455758537));
#3121 = CARTESIAN_POINT('',(72.553626624302,1.48,-2.460306323122));
#3122 = CARTESIAN_POINT('',(73.477321382841,1.48,-2.344255120249));
#3123 = CARTESIAN_POINT('',(74.4,1.48,-2.220648491101));
#3124 = PCURVE('',#2533,#3125);
#3125 = DEFINITIONAL_REPRESENTATION('',(#3126),#3136);
#3126 = B_SPLINE_CURVE_WITH_KNOTS('',8,(#3127,#3128,#3129,#3130,#3131,
    #3132,#3133,#3134,#3135),.UNSPECIFIED.,.F.,.F.,(9,9),(0.,1.),
  .PIECEWISE_BEZIER_KNOTS.);
#3127 = CARTESIAN_POINT('',(3.575682802196,0.718631178707));
#3128 = CARTESIAN_POINT('',(3.563897161578,0.753860643936));
#3129 = CARTESIAN_POINT('',(3.551626175971,0.789078260105));
#3130 = CARTESIAN_POINT('',(3.53881393819,0.824283114936));
#3131 = CARTESIAN_POINT('',(3.525395929833,0.859473254598));
#3132 = CARTESIAN_POINT('',(3.511286032137,0.894645648204));
#3133 = CARTESIAN_POINT('',(3.496374375951,0.929795689137));
#3134 = CARTESIAN_POINT('',(3.48051385672,0.964917162846));
#3135 = CARTESIAN_POINT('',(3.463452761045,1.));
#3136 = ( GEOMETRIC_REPRESENTATION_CONTEXT(2) 
PARAMETRIC_REPRESENTATION_CONTEXT() REPRESENTATION_CONTEXT('2D SPACE',''
  ) );
#3137 = PCURVE('',#3138,#3143);
#3138 = PLANE('',#3139);
#3139 = AXIS2_PLACEMENT_3D('',#3140,#3141,#3142);
#3140 = CARTESIAN_POINT('',(74.4,1.48,0.));
#3141 = DIRECTION('',(0.,1.,0.));
#3142 = DIRECTION('',(0.,-0.,1.));
#3143 = DEFINITIONAL_REPRESENTATION('',(#3144),#3154);
#3144 = B_SPLINE_CURVE_WITH_KNOTS('',8,(#3145,#3146,#3147,#3148,#3149,
    #3150,#3151,#3152,#3153),.UNSPECIFIED.,.F.,.F.,(9,9),(0.,1.),
  .PIECEWISE_BEZIER_KNOTS.);
#3145 = CARTESIAN_POINT('',(-3.059013306571,-7.4));
#3146 = CARTESIAN_POINT('',(-2.967908556191,-6.47346506449));
#3147 = CARTESIAN_POINT('',(-2.873892834925,-5.547241759225));
#3148 = CARTESIAN_POINT('',(-2.776617624338,-4.621354077189));
#3149 = CARTESIAN_POINT('',(-2.675648644466,-3.695853404078));
#3150 = CARTESIAN_POINT('',(-2.570455758537,-2.770819452241));
#3151 = CARTESIAN_POINT('',(-2.460306323122,-1.846373375698));
#3152 = CARTESIAN_POINT('',(-2.344255120249,-0.922678617159));
#3153 = CARTESIAN_POINT('',(-2.220648491101,0.));
#3154 = ( GEOMETRIC_REPRESENTATION_CONTEXT(2) 
PARAMETRIC_REPRESENTATION_CONTEXT() REPRESENTATION_CONTEXT('2D SPACE',''
  ) );
#3155 = ORIENTED_EDGE('',*,*,#3156,.F.);
#3156 = EDGE_CURVE('',#3157,#3111,#3159,.T.);
#3157 = VERTEX_POINT('',#3158);
#3158 = CARTESIAN_POINT('',(74.4,1.294769416248,-1.6));
#3159 = SURFACE_CURVE('',#3160,(#3165,#3172),.PCURVE_S1.);
#3160 = ELLIPSE('',#3161,7.4,7.02);
#3161 = AXIS2_PLACEMENT_3D('',#3162,#3163,#3164);
#3162 = CARTESIAN_POINT('',(74.4,8.5,0.));
#3163 = DIRECTION('',(1.,0.,0.));
#3164 = DIRECTION('',(0.,1.,0.));
#3165 = PCURVE('',#2533,#3166);
#3166 = DEFINITIONAL_REPRESENTATION('',(#3167),#3171);
#3167 = LINE('',#3168,#3169);
#3168 = CARTESIAN_POINT('',(0.,1.));
#3169 = VECTOR('',#3170,1.);
#3170 = DIRECTION('',(1.,0.));
#3171 = ( GEOMETRIC_REPRESENTATION_CONTEXT(2) 
PARAMETRIC_REPRESENTATION_CONTEXT() REPRESENTATION_CONTEXT('2D SPACE',''
  ) );
#3172 = PCURVE('',#3173,#3178);
#3173 = PLANE('',#3174);
#3174 = AXIS2_PLACEMENT_3D('',#3175,#3176,#3177);
#3175 = CARTESIAN_POINT('',(74.4,8.5,0.));
#3176 = DIRECTION('',(1.,0.,0.));
#3177 = DIRECTION('',(0.,1.,0.));
#3178 = DEFINITIONAL_REPRESENTATION('',(#3179),#3183);
#3179 = ELLIPSE('',#3180,7.4,7.02);
#3180 = AXIS2_PLACEMENT_2D('',#3181,#3182);
#3181 = CARTESIAN_POINT('',(0.,0.));
#3182 = DIRECTION('',(1.,0.));
#3183 = ( GEOMETRIC_REPRESENTATION_CONTEXT(2) 
PARAMETRIC_REPRESENTATION_CONTEXT() REPRESENTATION_CONTEXT('2D SPACE',''
  ) );
#3184 = ORIENTED_EDGE('',*,*,#3185,.T.);
#3185 = EDGE_CURVE('',#3157,#3186,#3188,.T.);
#3186 = VERTEX_POINT('',#3187);
#3187 = CARTESIAN_POINT('',(74.4,1.294769416248,1.6));
#3188 = SURFACE_CURVE('',#3189,(#3228,#3270),.PCURVE_S1.);
#3189 = B_SPLINE_CURVE_WITH_KNOTS('',7,(#3190,#3191,#3192,#3193,#3194,
    #3195,#3196,#3197,#3198,#3199,#3200,#3201,#3202,#3203,#3204,#3205,
    #3206,#3207,#3208,#3209,#3210,#3211,#3212,#3213,#3214,#3215,#3216,
    #3217,#3218,#3219,#3220,#3221,#3222,#3223,#3224,#3225,#3226,#3227),
  .UNSPECIFIED.,.F.,.F.,(8,6,6,6,6,6,8),(0.,0.149108023561,
    0.367037744346,0.627098769877,0.761887115795,0.893996735843,1.),
  .UNSPECIFIED.);
#3190 = CARTESIAN_POINT('',(74.4,1.294769418765,-1.6));
#3191 = CARTESIAN_POINT('',(74.291753481178,1.289752082976,-1.6));
#3192 = CARTESIAN_POINT('',(74.183636895928,1.282632694029,
    -1.59145600851));
#3193 = CARTESIAN_POINT('',(74.076569160279,1.273466213965,
    -1.57440564516));
#3194 = CARTESIAN_POINT('',(73.971393141716,1.262416747721,
    -1.549031668618));
#3195 = CARTESIAN_POINT('',(73.868878390673,1.249737356984,
    -1.515613814447));
#3196 = CARTESIAN_POINT('',(73.769725788459,1.235745396965,
    -1.474500246561));
#3197 = CARTESIAN_POINT('',(73.535504611014,1.198940160805,
    -1.355356939726));
#3198 = CARTESIAN_POINT('',(73.404986292604,1.175036928083,
    -1.269049141853));
#3199 = CARTESIAN_POINT('',(73.284845549552,1.150159981349,
    -1.168363448684));
#3200 = CARTESIAN_POINT('',(73.176720102919,1.125540990305,
    -1.054656764703));
#3201 = CARTESIAN_POINT('',(73.082119213304,1.10243380388,
    -0.929449235123));
#3202 = CARTESIAN_POINT('',(73.002413081246,1.081986571837,
    -0.794466620957));
#3203 = CARTESIAN_POINT('',(72.862782391915,1.044990885455,
    -0.481399875648));
#3204 = CARTESIAN_POINT('',(72.809510614043,1.029919992021,
    -0.29969042462));
#3205 = CARTESIAN_POINT('',(72.781446544287,1.021612966639,
    -0.110865709549));
#3206 = CARTESIAN_POINT('',(72.779645496361,1.02107869807,
    8.051735633647E-02));
#3207 = CARTESIAN_POINT('',(72.804165560923,1.02836570736,0.269890545415
    ));
#3208 = CARTESIAN_POINT('',(72.854061610462,1.042547727463,
    0.452653225838));
#3209 = CARTESIAN_POINT('',(72.964636325832,1.07203101959,0.713501879255
    ));
#3210 = CARTESIAN_POINT('',(73.00859063958,1.083515138564,0.799715509508
    ));
#3211 = CARTESIAN_POINT('',(73.058485941016,1.09620686377,0.882588701315
    ));
#3212 = CARTESIAN_POINT('',(73.114015578747,1.109857304455,
    0.961667430108));
#3213 = CARTESIAN_POINT('',(73.174847844511,1.124194470772,
    1.036542776306));
#3214 = CARTESIAN_POINT('',(73.240634831676,1.138935777482,
    1.106842686885));
#3215 = CARTESIAN_POINT('',(73.379997216938,1.168367162669,1.23630881852
    ));
#3216 = CARTESIAN_POINT('',(73.453389094371,1.183051849299,
    1.295665982712));
#3217 = CARTESIAN_POINT('',(73.530851169594,1.197587809828,
    1.349976182563));
#3218 = CARTESIAN_POINT('',(73.612016817882,1.211706970665,
    1.398932696721));
#3219 = CARTESIAN_POINT('',(73.69648729356,1.225148672228,1.442245087247
    ));
#3220 = CARTESIAN_POINT('',(73.783824670006,1.237672131871,
    1.479646788134));
#3221 = CARTESIAN_POINT('',(73.945532079683,1.258217857346,
    1.535991705375));
#3222 = CARTESIAN_POINT('',(74.019055289782,1.266640796821,
    1.557122258966));
#3223 = CARTESIAN_POINT('',(74.093852516807,1.274232142261,
    1.574178322307));
#3224 = CARTESIAN_POINT('',(74.169647131443,1.280899996218,
    1.587057366376));
#3225 = CARTESIAN_POINT('',(74.246145945003,1.286572567711,
    1.595680956089));
#3226 = CARTESIAN_POINT('',(74.32303910655,1.291202203401,1.6));
#3227 = CARTESIAN_POINT('',(74.4,1.294769418765,1.6));
#3228 = PCURVE('',#2533,#3229);
#3229 = DEFINITIONAL_REPRESENTATION('',(#3230),#3269);
#3230 = B_SPLINE_CURVE_WITH_KNOTS('',7,(#3231,#3232,#3233,#3234,#3235,
    #3236,#3237,#3238,#3239,#3240,#3241,#3242,#3243,#3244,#3245,#3246,
    #3247,#3248,#3249,#3250,#3251,#3252,#3253,#3254,#3255,#3256,#3257,
    #3258,#3259,#3260,#3261,#3262,#3263,#3264,#3265,#3266,#3267,#3268),
  .UNSPECIFIED.,.F.,.F.,(8,6,6,6,6,6,8),(0.,0.149108023561,
    0.367037744346,0.627098769877,0.761887115795,0.893996735843,1.),
  .UNSPECIFIED.);
#3231 = CARTESIAN_POINT('',(3.371533810041,1.));
#3232 = CARTESIAN_POINT('',(3.371410292028,0.995884162782));
#3233 = CARTESIAN_POINT('',(3.370037091772,0.991773266005));
#3234 = CARTESIAN_POINT('',(3.367423648657,0.98770224944));
#3235 = CARTESIAN_POINT('',(3.363602917291,0.983703161282));
#3236 = CARTESIAN_POINT('',(3.358623575458,0.979805262003));
#3237 = CARTESIAN_POINT('',(3.352544778594,0.976035201082));
#3238 = CARTESIAN_POINT('',(3.33503987186,0.96712945289));
#3239 = CARTESIAN_POINT('',(3.32244102675,0.962166779186));
#3240 = CARTESIAN_POINT('',(3.307833470112,0.957598690097));
#3241 = CARTESIAN_POINT('',(3.291435592382,0.953487456385));
#3242 = CARTESIAN_POINT('',(3.273478765692,0.949890464384));
#3243 = CARTESIAN_POINT('',(3.254210008726,0.946859812975));
#3244 = CARTESIAN_POINT('',(3.209677110859,0.94155066129));
#3245 = CARTESIAN_POINT('',(3.183926070493,0.939525118405));
#3246 = CARTESIAN_POINT('',(3.157242188846,0.938458043509));
#3247 = CARTESIAN_POINT('',(3.130228686604,0.938389562599));
#3248 = CARTESIAN_POINT('',(3.103473193317,0.939321884446));
#3249 = CARTESIAN_POINT('',(3.077583225924,0.941219072641));
#3250 = CARTESIAN_POINT('',(3.040498037295,0.945423434442));
#3251 = CARTESIAN_POINT('',(3.028215781123,0.947094701125));
#3252 = CARTESIAN_POINT('',(3.016380473449,0.948991860875));
#3253 = CARTESIAN_POINT('',(3.005055609872,0.951103253945));
#3254 = CARTESIAN_POINT('',(2.99430021623,0.953416267852));
#3255 = CARTESIAN_POINT('',(2.984169891121,0.955917674208));
#3256 = CARTESIAN_POINT('',(2.965452550731,0.961216624218));
#3257 = CARTESIAN_POINT('',(2.956839236795,0.9640071899));
#3258 = CARTESIAN_POINT('',(2.948926792124,0.966952515954));
#3259 = CARTESIAN_POINT('',(2.941763988587,0.970038662277));
#3260 = CARTESIAN_POINT('',(2.935398258594,0.973250467436));
#3261 = CARTESIAN_POINT('',(2.929874076062,0.976571280228));
#3262 = CARTESIAN_POINT('',(2.921504345624,0.982719850939));
#3263 = CARTESIAN_POINT('',(2.918345144229,0.985515410258));
#3264 = CARTESIAN_POINT('',(2.915773323159,0.988359411285));
#3265 = CARTESIAN_POINT('',(2.913806585342,0.991241335796));
#3266 = CARTESIAN_POINT('',(2.912458851762,0.994150035932));
#3267 = CARTESIAN_POINT('',(2.911739315728,0.997073730287));
#3268 = CARTESIAN_POINT('',(2.911651497139,1.));
#3269 = ( GEOMETRIC_REPRESENTATION_CONTEXT(2) 
PARAMETRIC_REPRESENTATION_CONTEXT() REPRESENTATION_CONTEXT('2D SPACE',''
  ) );
#3270 = PCURVE('',#2774,#3271);
#3271 = DEFINITIONAL_REPRESENTATION('',(#3272),#3311);
#3272 = B_SPLINE_CURVE_WITH_KNOTS('',7,(#3273,#3274,#3275,#3276,#3277,
    #3278,#3279,#3280,#3281,#3282,#3283,#3284,#3285,#3286,#3287,#3288,
    #3289,#3290,#3291,#3292,#3293,#3294,#3295,#3296,#3297,#3298,#3299,
    #3300,#3301,#3302,#3303,#3304,#3305,#3306,#3307,#3308,#3309,#3310),
  .UNSPECIFIED.,.F.,.F.,(8,6,6,6,6,6,8),(0.,0.149108023561,
    0.367037744346,0.627098769877,0.761887115795,0.893996735843,1.),
  .UNSPECIFIED.);
#3273 = CARTESIAN_POINT('',(3.14159265359,6.834769418765));
#3274 = CARTESIAN_POINT('',(3.209246727854,6.829752082976));
#3275 = CARTESIAN_POINT('',(3.276819495393,6.822632694029));
#3276 = CARTESIAN_POINT('',(3.344242969072,6.813466213965));
#3277 = CARTESIAN_POINT('',(3.411489236778,6.802416747721));
#3278 = CARTESIAN_POINT('',(3.478552232097,6.789737356984));
#3279 = CARTESIAN_POINT('',(3.545437368182,6.775745396965));
#3280 = CARTESIAN_POINT('',(3.709676484458,6.738940160805));
#3281 = CARTESIAN_POINT('',(3.806840813807,6.715036928083));
#3282 = CARTESIAN_POINT('',(3.90381520343,6.690159981349));
#3283 = CARTESIAN_POINT('',(4.000762041545,6.665540990305));
#3284 = CARTESIAN_POINT('',(4.097838352947,6.64243380388));
#3285 = CARTESIAN_POINT('',(4.195177713465,6.621986571837));
#3286 = CARTESIAN_POINT('',(4.40942377201,6.584990885455));
#3287 = CARTESIAN_POINT('',(4.52670570847,6.569919992021));
#3288 = CARTESIAN_POINT('',(4.644218139704,6.561612966639));
#3289 = CARTESIAN_POINT('',(4.761821561989,6.56107869807));
#3290 = CARTESIAN_POINT('',(4.879365289323,6.56836570736));
#3291 = CARTESIAN_POINT('',(4.996704219536,6.582547727463));
#3292 = CARTESIAN_POINT('',(5.173777637031,6.61203101959));
#3293 = CARTESIAN_POINT('',(5.234109548016,6.623515138564));
#3294 = CARTESIAN_POINT('',(5.294329284922,6.63620686377));
#3295 = CARTESIAN_POINT('',(5.354455012006,6.649857304455));
#3296 = CARTESIAN_POINT('',(5.414514555359,6.664194470772));
#3297 = CARTESIAN_POINT('',(5.47454292899,6.678935777482));
#3298 = CARTESIAN_POINT('',(5.59342994479,6.708367162669));
#3299 = CARTESIAN_POINT('',(5.652285726914,6.723051849299));
#3300 = CARTESIAN_POINT('',(5.711191306536,6.737587809828));
#3301 = CARTESIAN_POINT('',(5.770181353416,6.751706970665));
#3302 = CARTESIAN_POINT('',(5.829284828125,6.765148672228));
#3303 = CARTESIAN_POINT('',(5.888522749847,6.777672131871));
#3304 = CARTESIAN_POINT('',(5.995549389425,6.798217857346));
#3305 = CARTESIAN_POINT('',(6.043288239158,6.806640796821));
#3306 = CARTESIAN_POINT('',(6.091117436057,6.814232142261));
#3307 = CARTESIAN_POINT('',(6.139032886308,6.820899996218));
#3308 = CARTESIAN_POINT('',(6.187026627752,6.826572567711));
#3309 = CARTESIAN_POINT('',(6.235084748773,6.831202203401));
#3310 = CARTESIAN_POINT('',(6.28318530718,6.834769418765));
#3311 = ( GEOMETRIC_REPRESENTATION_CONTEXT(2) 
PARAMETRIC_REPRESENTATION_CONTEXT() REPRESENTATION_CONTEXT('2D SPACE',''
  ) );
#3312 = ORIENTED_EDGE('',*,*,#3313,.F.);
#3313 = EDGE_CURVE('',#3314,#3186,#3316,.T.);
#3314 = VERTEX_POINT('',#3315);
#3315 = CARTESIAN_POINT('',(74.4,1.48,2.220648500626));
#3316 = SURFACE_CURVE('',#3317,(#3322,#3329),.PCURVE_S1.);
#3317 = ELLIPSE('',#3318,7.4,7.02);
#3318 = AXIS2_PLACEMENT_3D('',#3319,#3320,#3321);
#3319 = CARTESIAN_POINT('',(74.4,8.5,0.));
#3320 = DIRECTION('',(1.,0.,0.));
#3321 = DIRECTION('',(0.,1.,0.));
#3322 = PCURVE('',#2533,#3323);
#3323 = DEFINITIONAL_REPRESENTATION('',(#3324),#3328);
#3324 = LINE('',#3325,#3326);
#3325 = CARTESIAN_POINT('',(0.,1.));
#3326 = VECTOR('',#3327,1.);
#3327 = DIRECTION('',(1.,0.));
#3328 = ( GEOMETRIC_REPRESENTATION_CONTEXT(2) 
PARAMETRIC_REPRESENTATION_CONTEXT() REPRESENTATION_CONTEXT('2D SPACE',''
  ) );
#3329 = PCURVE('',#3330,#3335);
#3330 = PLANE('',#3331);
#3331 = AXIS2_PLACEMENT_3D('',#3332,#3333,#3334);
#3332 = CARTESIAN_POINT('',(74.4,8.5,0.));
#3333 = DIRECTION('',(1.,0.,0.));
#3334 = DIRECTION('',(0.,1.,0.));
#3335 = DEFINITIONAL_REPRESENTATION('',(#3336),#3340);
#3336 = ELLIPSE('',#3337,7.4,7.02);
#3337 = AXIS2_PLACEMENT_2D('',#3338,#3339);
#3338 = CARTESIAN_POINT('',(0.,0.));
#3339 = DIRECTION('',(1.,0.));
#3340 = ( GEOMETRIC_REPRESENTATION_CONTEXT(2) 
PARAMETRIC_REPRESENTATION_CONTEXT() REPRESENTATION_CONTEXT('2D SPACE',''
  ) );
#3341 = ORIENTED_EDGE('',*,*,#3342,.F.);
#3342 = EDGE_CURVE('',#3343,#3314,#3345,.T.);
#3343 = VERTEX_POINT('',#3344);
#3344 = CARTESIAN_POINT('',(67.633654568958,1.48,2.996092373044));
#3345 = SURFACE_CURVE('',#3346,(#3356,#3369),.PCURVE_S1.);
#3346 = B_SPLINE_CURVE_WITH_KNOTS('',8,(#3347,#3348,#3349,#3350,#3351,
    #3352,#3353,#3354,#3355),.UNSPECIFIED.,.F.,.F.,(9,9),(0.,1.),
  .PIECEWISE_BEZIER_KNOTS.);
#3347 = CARTESIAN_POINT('',(67.,1.48,3.059013306571));
#3348 = CARTESIAN_POINT('',(67.926534935507,1.48,2.967908556191));
#3349 = CARTESIAN_POINT('',(68.852758240791,1.48,2.873892834923));
#3350 = CARTESIAN_POINT('',(69.778645922773,1.48,2.776617624342));
#3351 = CARTESIAN_POINT('',(70.704146595973,1.48,2.67564864446));
#3352 = CARTESIAN_POINT('',(71.629180547716,1.48,2.570455758542));
#3353 = CARTESIAN_POINT('',(72.553626624324,1.48,2.46030632312));
#3354 = CARTESIAN_POINT('',(73.477321382836,1.48,2.34425512025));
#3355 = CARTESIAN_POINT('',(74.4,1.48,2.220648491101));
#3356 = PCURVE('',#2533,#3357);
#3357 = DEFINITIONAL_REPRESENTATION('',(#3358),#3368);
#3358 = B_SPLINE_CURVE_WITH_KNOTS('',8,(#3359,#3360,#3361,#3362,#3363,
    #3364,#3365,#3366,#3367),.UNSPECIFIED.,.F.,.F.,(9,9),(0.,1.),
  .PIECEWISE_BEZIER_KNOTS.);
#3359 = CARTESIAN_POINT('',(2.707502504983,0.718631178707));
#3360 = CARTESIAN_POINT('',(2.719288145602,0.753860643936));
#3361 = CARTESIAN_POINT('',(2.731559131209,0.789078260106));
#3362 = CARTESIAN_POINT('',(2.744371368989,0.824283114935));
#3363 = CARTESIAN_POINT('',(2.757789377347,0.859473254599));
#3364 = CARTESIAN_POINT('',(2.771899275042,0.894645648202));
#3365 = CARTESIAN_POINT('',(2.786810931229,0.929795689138));
#3366 = CARTESIAN_POINT('',(2.80267145046,0.964917162845));
#3367 = CARTESIAN_POINT('',(2.819732546135,1.));
#3368 = ( GEOMETRIC_REPRESENTATION_CONTEXT(2) 
PARAMETRIC_REPRESENTATION_CONTEXT() REPRESENTATION_CONTEXT('2D SPACE',''
  ) );
#3369 = PCURVE('',#3138,#3370);
#3370 = DEFINITIONAL_REPRESENTATION('',(#3371),#3381);
#3371 = B_SPLINE_CURVE_WITH_KNOTS('',8,(#3372,#3373,#3374,#3375,#3376,
    #3377,#3378,#3379,#3380),.UNSPECIFIED.,.F.,.F.,(9,9),(0.,1.),
  .PIECEWISE_BEZIER_KNOTS.);
#3372 = CARTESIAN_POINT('',(3.059013306571,-7.4));
#3373 = CARTESIAN_POINT('',(2.967908556191,-6.473465064493));
#3374 = CARTESIAN_POINT('',(2.873892834923,-5.547241759209));
#3375 = CARTESIAN_POINT('',(2.776617624342,-4.621354077227));
#3376 = CARTESIAN_POINT('',(2.67564864446,-3.695853404027));
#3377 = CARTESIAN_POINT('',(2.570455758542,-2.770819452284));
#3378 = CARTESIAN_POINT('',(2.46030632312,-1.846373375676));
#3379 = CARTESIAN_POINT('',(2.34425512025,-0.922678617164));
#3380 = CARTESIAN_POINT('',(2.220648491101,1.42108547152E-14));
#3381 = ( GEOMETRIC_REPRESENTATION_CONTEXT(2) 
PARAMETRIC_REPRESENTATION_CONTEXT() REPRESENTATION_CONTEXT('2D SPACE',''
  ) );
#3382 = ORIENTED_EDGE('',*,*,#3383,.T.);
#3383 = EDGE_CURVE('',#3343,#3384,#3386,.T.);
#3384 = VERTEX_POINT('',#3385);
#3385 = CARTESIAN_POINT('',(67.633654568725,15.52,2.996092372518));
#3386 = SURFACE_CURVE('',#3387,(#3460,#3536),.PCURVE_S1.);
#3387 = B_SPLINE_CURVE_WITH_KNOTS('',8,(#3388,#3389,#3390,#3391,#3392,
    #3393,#3394,#3395,#3396,#3397,#3398,#3399,#3400,#3401,#3402,#3403,
    #3404,#3405,#3406,#3407,#3408,#3409,#3410,#3411,#3412,#3413,#3414,
    #3415,#3416,#3417,#3418,#3419,#3420,#3421,#3422,#3423,#3424,#3425,
    #3426,#3427,#3428,#3429,#3430,#3431,#3432,#3433,#3434,#3435,#3436,
    #3437,#3438,#3439,#3440,#3441,#3442,#3443,#3444,#3445,#3446,#3447,
    #3448,#3449,#3450,#3451,#3452,#3453,#3454,#3455,#3456,#3457,#3458,
    #3459),.UNSPECIFIED.,.F.,.F.,(9,7,7,7,7,7,7,7,7,7,9),(0.,
    7.517156598408E-02,0.280430169251,0.367540297008,0.466763094527,
    0.516973618193,0.569848356008,0.661758592787,0.72022626997,
    0.924919112461,1.),.UNSPECIFIED.);
#3388 = CARTESIAN_POINT('',(67.633654041534,1.4799994,2.996091181915));
#3389 = CARTESIAN_POINT('',(67.710592607231,1.567525051894,
    3.169848561596));
#3390 = CARTESIAN_POINT('',(67.7911082343,1.659240559084,3.337909780879)
  );
#3391 = CARTESIAN_POINT('',(67.874817173482,1.754736017271,
    3.500362066871));
#3392 = CARTESIAN_POINT('',(67.961369691693,1.853640915968,
    3.657315769642));
#3393 = CARTESIAN_POINT('',(68.050451010435,1.955625780154,
    3.808901520046));
#3394 = CARTESIAN_POINT('',(68.141782244198,2.060403811932,
    3.955267387534));
#3395 = CARTESIAN_POINT('',(68.235121338869,2.167732532188,
    4.096576037978));
#3396 = CARTESIAN_POINT('',(68.59005441838,2.576908409001,4.605517479991
    ));
#3397 = CARTESIAN_POINT('',(68.862883395033,2.893483935209,
    4.941043740465));
#3398 = CARTESIAN_POINT('',(69.144867964992,3.223449260719,5.24381731486
    ));
#3399 = CARTESIAN_POINT('',(69.43292295149,3.564223700057,5.516401388749
    ));
#3400 = CARTESIAN_POINT('',(69.724327581917,3.913868372097,
    5.761091604662));
#3401 = CARTESIAN_POINT('',(70.016539713294,4.27123847704,5.979749995082
    ));
#3402 = CARTESIAN_POINT('',(70.307091320898,4.635894935867,6.17404388527
    ));
#3403 = CARTESIAN_POINT('',(70.713495942834,5.166875115225,
    6.417914719694));
#3404 = CARTESIAN_POINT('',(70.833565285468,5.326443845346,
    6.486372932783));
#3405 = CARTESIAN_POINT('',(70.952324059639,5.487409313397,
    6.550723024025));
#3406 = CARTESIAN_POINT('',(71.069419967649,5.649812506419,6.61103649087
    ));
#3407 = CARTESIAN_POINT('',(71.18442900532,5.813707396679,6.66736770233)
  );
#3408 = CARTESIAN_POINT('',(71.296833016706,5.9791683953,6.719756593441)
  );
#3409 = CARTESIAN_POINT('',(71.405987444896,6.146301771593,
    6.768228647177));
#3410 = CARTESIAN_POINT('',(71.630784140284,6.507714103193,
    6.863552240753));
#3411 = CARTESIAN_POINT('',(71.745146346888,6.702420982524,
    6.909210611392));
#3412 = CARTESIAN_POINT('',(71.853051930899,6.899726943532,
    6.949823465865));
#3413 = CARTESIAN_POINT('',(71.952954995557,7.099854209723,
    6.985339001053));
#3414 = CARTESIAN_POINT('',(72.042849556249,7.302904798442,7.01564843323
    ));
#3415 = CARTESIAN_POINT('',(72.120217418012,7.508879388108,
    7.040602591975));
#3416 = CARTESIAN_POINT('',(72.182288028122,7.717628355543,
    7.060023808525));
#3417 = CARTESIAN_POINT('',(72.249545003748,8.035436701397,
    7.080685151113));
#3418 = CARTESIAN_POINT('',(72.267677548479,8.142772056364,
    7.086165247821));
#3419 = CARTESIAN_POINT('',(72.281062324401,8.250532751108,
    7.090159049961));
#3420 = CARTESIAN_POINT('',(72.289473718694,8.358587327016,7.09264919903
    ));
#3421 = CARTESIAN_POINT('',(72.292772615196,8.466796388687,
    7.093625058447));
#3422 = CARTESIAN_POINT('',(72.290923574785,8.575011855011,7.09308327847
    ));
#3423 = CARTESIAN_POINT('',(72.283998638836,8.683076377394,7.09102889752
    ));
#3424 = CARTESIAN_POINT('',(72.259709115708,8.904286598579,
    7.083736594398));
#3425 = CARTESIAN_POINT('',(72.241807830442,9.017419693753,
    7.078334784693));
#3426 = CARTESIAN_POINT('',(72.218653168302,9.13005565555,7.071287195432
    ));
#3427 = CARTESIAN_POINT('',(72.190544311239,9.242069318376,
    7.062617371152));
#3428 = CARTESIAN_POINT('',(72.157844885333,9.353370283855,
    7.052352846605));
#3429 = CARTESIAN_POINT('',(72.120945439726,9.463897684965,
    7.040521962096));
#3430 = CARTESIAN_POINT('',(72.080233873979,9.573616336564,
    7.027151403826));
#3431 = CARTESIAN_POINT('',(71.959311984863,9.8718075998,6.986387051396)
  );
#3432 = CARTESIAN_POINT('',(71.872158504767,10.058552201805,
    6.955937118693));
#3433 = CARTESIAN_POINT('',(71.776480129637,10.24284809995,
    6.921020730512));
#3434 = CARTESIAN_POINT('',(71.673947681224,10.424825546014,
    6.88171079442));
#3435 = CARTESIAN_POINT('',(71.565907171026,10.604612826435,
    6.838053959855));
#3436 = CARTESIAN_POINT('',(71.45340563213,10.782344317537,
    6.790068649986));
#3437 = CARTESIAN_POINT('',(71.337264551452,10.958180412593,
    6.737735121119));
#3438 = CARTESIAN_POINT('',(71.142284640778,11.243082145769,
    6.644873305551));
#3439 = CARTESIAN_POINT('',(71.065268486178,11.353135996169,
    6.606987185043));
#3440 = CARTESIAN_POINT('',(70.987216588179,11.462502458071,
    6.567308511764));
#3441 = CARTESIAN_POINT('',(70.908278059479,11.57120453498,
    6.525823085334));
#3442 = CARTESIAN_POINT('',(70.828582993188,11.679259368528,
    6.482513896966));
#3443 = CARTESIAN_POINT('',(70.748245587492,11.786679338067,
    6.437360955703));
#3444 = CARTESIAN_POINT('',(70.667367270326,11.893473160262,
    6.390341114661));
#3445 = CARTESIAN_POINT('',(70.301315905535,12.371357030602,
    6.170184810704));
#3446 = CARTESIAN_POINT('',(70.011449382675,12.734992146325,
    5.975952911981));
#3447 = CARTESIAN_POINT('',(69.71996803878,13.091368578474,
    5.757454585344));
#3448 = CARTESIAN_POINT('',(69.429319761143,13.440045324216,
    5.513030496881));
#3449 = CARTESIAN_POINT('',(69.142027785623,13.779880203268,
    5.240827629068));
#3450 = CARTESIAN_POINT('',(68.86079594712,14.108943738356,
    4.938564233118));
#3451 = CARTESIAN_POINT('',(68.588690938971,14.42466820072,
    4.603691881803));
#3452 = CARTESIAN_POINT('',(68.234526459931,14.832951492651,
    4.095675296695));
#3453 = CARTESIAN_POINT('',(68.141283316799,14.9401685614,3.954467703666
    ));
#3454 = CARTESIAN_POINT('',(68.050045493667,15.044838466745,
    3.808211386091));
#3455 = CARTESIAN_POINT('',(67.961054496514,15.146719254622,
    3.656744142724));
#3456 = CARTESIAN_POINT('',(67.87458854098,15.245524801282,
    3.499918337302));
#3457 = CARTESIAN_POINT('',(67.790961615027,15.340926450853,
    3.337603732857));
#3458 = CARTESIAN_POINT('',(67.710522541602,15.432554652904,
    3.169690326032));
#3459 = CARTESIAN_POINT('',(67.633654041301,15.5200006,2.996091181388));
#3460 = PCURVE('',#2533,#3461);
#3461 = DEFINITIONAL_REPRESENTATION('',(#3462),#3535);
#3462 = B_SPLINE_CURVE_WITH_KNOTS('',8,(#3463,#3464,#3465,#3466,#3467,
    #3468,#3469,#3470,#3471,#3472,#3473,#3474,#3475,#3476,#3477,#3478,
    #3479,#3480,#3481,#3482,#3483,#3484,#3485,#3486,#3487,#3488,#3489,
    #3490,#3491,#3492,#3493,#3494,#3495,#3496,#3497,#3498,#3499,#3500,
    #3501,#3502,#3503,#3504,#3505,#3506,#3507,#3508,#3509,#3510,#3511,
    #3512,#3513,#3514,#3515,#3516,#3517,#3518,#3519,#3520,#3521,#3522,
    #3523,#3524,#3525,#3526,#3527,#3528,#3529,#3530,#3531,#3532,#3533,
    #3534),.UNSPECIFIED.,.F.,.F.,(9,7,7,7,7,7,7,7,7,7,9),(0.,
    7.517156598408E-02,0.280430169251,0.367540297008,0.466763094527,
    0.516973618193,0.569848356008,0.661758592787,0.72022626997,
    0.924919112461,1.),.UNSPECIFIED.);
#3463 = CARTESIAN_POINT('',(2.715664990072,0.742724488271));
#3464 = CARTESIAN_POINT('',(2.689187994878,0.74564990902));
#3465 = CARTESIAN_POINT('',(2.663180449838,0.748711339707));
#3466 = CARTESIAN_POINT('',(2.637623658477,0.751894189106));
#3467 = CARTESIAN_POINT('',(2.612498546535,0.75518515938));
#3468 = CARTESIAN_POINT('',(2.587785210653,0.758572281766));
#3469 = CARTESIAN_POINT('',(2.563462467063,0.762044952251));
#3470 = CARTESIAN_POINT('',(2.539507400276,0.765593967257));
#3471 = CARTESIAN_POINT('',(2.451420181921,0.779089521611));
#3472 = CARTESIAN_POINT('',(2.389600706663,0.789463246959));
#3473 = CARTESIAN_POINT('',(2.329827065265,0.800185093726));
#3474 = CARTESIAN_POINT('',(2.271740230124,0.81113775481));
#3475 = CARTESIAN_POINT('',(2.215018217354,0.82221777878));
#3476 = CARTESIAN_POINT('',(2.159366139436,0.833328506209));
#3477 = CARTESIAN_POINT('',(2.104465543305,0.844376095852));
#3478 = CARTESIAN_POINT('',(2.026734380393,0.859828743074));
#3479 = CARTESIAN_POINT('',(2.003648179638,0.864394117318));
#3480 = CARTESIAN_POINT('',(1.980607267011,0.868909660062));
#3481 = CARTESIAN_POINT('',(1.957584398368,0.873361975956));
#3482 = CARTESIAN_POINT('',(1.934552266252,0.877734943168));
#3483 = CARTESIAN_POINT('',(1.91148210215,0.882008859951));
#3484 = CARTESIAN_POINT('',(1.888341909352,0.886159218437));
#3485 = CARTESIAN_POINT('',(1.838614165329,0.894706621304));
#3486 = CARTESIAN_POINT('',(1.812010516962,0.899054994178));
#3487 = CARTESIAN_POINT('',(1.785211457578,0.903157868095));
#3488 = CARTESIAN_POINT('',(1.758164704771,0.906956463709));
#3489 = CARTESIAN_POINT('',(1.730834792734,0.910374507842));
#3490 = CARTESIAN_POINT('',(1.703200096994,0.913316251635));
#3491 = CARTESIAN_POINT('',(1.67525952708,0.915676350879));
#3492 = CARTESIAN_POINT('',(1.632788013291,0.918233650333));
#3493 = CARTESIAN_POINT('',(1.618455019151,0.918923100703));
#3494 = CARTESIAN_POINT('',(1.604073579804,0.919432027544));
#3495 = CARTESIAN_POINT('',(1.589658460997,0.919751852422));
#3496 = CARTESIAN_POINT('',(1.575225470405,0.919877285749));
#3497 = CARTESIAN_POINT('',(1.560791568087,0.91980698003));
#3498 = CARTESIAN_POINT('',(1.546374954611,0.91954367448));
#3499 = CARTESIAN_POINT('',(1.51685231337,0.918620118468));
#3500 = CARTESIAN_POINT('',(1.501747354244,0.917939461234));
#3501 = CARTESIAN_POINT('',(1.486699236827,0.917059055829));
#3502 = CARTESIAN_POINT('',(1.471721434776,0.915990277994));
#3503 = CARTESIAN_POINT('',(1.456822800026,0.914746953815));
#3504 = CARTESIAN_POINT('',(1.442008252431,0.913343933069));
#3505 = CARTESIAN_POINT('',(1.427279277035,0.91179596479));
#3506 = CARTESIAN_POINT('',(1.387177273776,0.907198174329));
#3507 = CARTESIAN_POINT('',(1.361983171984,0.903884353793));
#3508 = CARTESIAN_POINT('',(1.337021482504,0.900246392762));
#3509 = CARTESIAN_POINT('',(1.312257245252,0.896347820579));
#3510 = CARTESIAN_POINT('',(1.287655151241,0.892239816389));
#3511 = CARTESIAN_POINT('',(1.263178350011,0.887962191336));
#3512 = CARTESIAN_POINT('',(1.238785286231,0.883546180664));
#3513 = CARTESIAN_POINT('',(1.198933312705,0.876132495847));
#3514 = CARTESIAN_POINT('',(1.183456931789,0.87320412495));
#3515 = CARTESIAN_POINT('',(1.167989163232,0.870236372174));
#3516 = CARTESIAN_POINT('',(1.152521062903,0.867234907205));
#3517 = CARTESIAN_POINT('',(1.137044201926,0.864204676547));
#3518 = CARTESIAN_POINT('',(1.121550474807,0.861150022338));
#3519 = CARTESIAN_POINT('',(1.106031907554,0.858074801153));
#3520 = CARTESIAN_POINT('',(1.036035531959,0.844156498309));
#3521 = CARTESIAN_POINT('',(0.981257199493,0.833134957516));
#3522 = CARTESIAN_POINT('',(0.925726911003,0.822052016684));
#3523 = CARTESIAN_POINT('',(0.869128323775,0.811000751374));
#3524 = CARTESIAN_POINT('',(0.81116838703,0.800077102115));
#3525 = CARTESIAN_POINT('',(0.751527164259,0.789383876316));
#3526 = CARTESIAN_POINT('',(0.689847788025,0.779037678288));
#3527 = CARTESIAN_POINT('',(0.601932567051,0.765571348286));
#3528 = CARTESIAN_POINT('',(0.577997304559,0.762025981627));
#3529 = CARTESIAN_POINT('',(0.553694934505,0.758556862877));
#3530 = CARTESIAN_POINT('',(0.529002604723,0.755173174772));
#3531 = CARTESIAN_POINT('',(0.50389919006,0.751885495855));
#3532 = CARTESIAN_POINT('',(0.478364843447,0.74870576483));
#3533 = CARTESIAN_POINT('',(0.452380546976,0.745647244928));
#3534 = CARTESIAN_POINT('',(0.425927662974,0.742724488262));
#3535 = ( GEOMETRIC_REPRESENTATION_CONTEXT(2) 
PARAMETRIC_REPRESENTATION_CONTEXT() REPRESENTATION_CONTEXT('2D SPACE',''
  ) );
#3536 = PCURVE('',#3029,#3537);
#3537 = DEFINITIONAL_REPRESENTATION('',(#3538),#3611);
#3538 = B_SPLINE_CURVE_WITH_KNOTS('',8,(#3539,#3540,#3541,#3542,#3543,
    #3544,#3545,#3546,#3547,#3548,#3549,#3550,#3551,#3552,#3553,#3554,
    #3555,#3556,#3557,#3558,#3559,#3560,#3561,#3562,#3563,#3564,#3565,
    #3566,#3567,#3568,#3569,#3570,#3571,#3572,#3573,#3574,#3575,#3576,
    #3577,#3578,#3579,#3580,#3581,#3582,#3583,#3584,#3585,#3586,#3587,
    #3588,#3589,#3590,#3591,#3592,#3593,#3594,#3595,#3596,#3597,#3598,
    #3599,#3600,#3601,#3602,#3603,#3604,#3605,#3606,#3607,#3608,#3609,
    #3610),.UNSPECIFIED.,.F.,.F.,(9,7,7,7,7,7,7,7,7,7,9),(0.,
    7.517156598408E-02,0.280430169251,0.367540297008,0.466763094527,
    0.516973618193,0.569848356008,0.661758592787,0.72022626997,
    0.924919112461,1.),.UNSPECIFIED.);
#3539 = CARTESIAN_POINT('',(5.129233492552,-6.E-07));
#3540 = CARTESIAN_POINT('',(5.154913140142,8.752505189369E-02));
#3541 = CARTESIAN_POINT('',(5.180084667479,0.179240559084));
#3542 = CARTESIAN_POINT('',(5.204763641394,0.274736017271));
#3543 = CARTESIAN_POINT('',(5.228966095584,0.373640915968));
#3544 = CARTESIAN_POINT('',(5.252708826531,0.475625780154));
#3545 = CARTESIAN_POINT('',(5.276009689399,0.580403811932));
#3546 = CARTESIAN_POINT('',(5.298887893953,0.687732532188));
#3547 = CARTESIAN_POINT('',(5.382736918501,1.096908409001));
#3548 = CARTESIAN_POINT('',(5.441017472278,1.413483935209));
#3549 = CARTESIAN_POINT('',(5.496727374737,1.743449260719));
#3550 = CARTESIAN_POINT('',(5.550116751741,2.084223700057));
#3551 = CARTESIAN_POINT('',(5.60137056205,2.433868372097));
#3552 = CARTESIAN_POINT('',(5.650572361943,2.79123847704));
#3553 = CARTESIAN_POINT('',(5.697749473726,3.155894935867));
#3554 = CARTESIAN_POINT('',(5.761798068062,3.686875115225));
#3555 = CARTESIAN_POINT('',(5.780471030956,3.846443845346));
#3556 = CARTESIAN_POINT('',(5.798717070987,4.007409313397));
#3557 = CARTESIAN_POINT('',(5.816509023713,4.169812506419));
#3558 = CARTESIAN_POINT('',(5.833808273544,4.333707396679));
#3559 = CARTESIAN_POINT('',(5.850562080949,4.4991683953));
#3560 = CARTESIAN_POINT('',(5.866699379404,4.666301771593));
#3561 = CARTESIAN_POINT('',(5.899695644368,5.027714103193));
#3562 = CARTESIAN_POINT('',(5.91633241645,5.222420982524));
#3563 = CARTESIAN_POINT('',(5.931907971943,5.419726943532));
#3564 = CARTESIAN_POINT('',(5.94623186875,5.619854209723));
#3565 = CARTESIAN_POINT('',(5.959049294817,5.822904798442));
#3566 = CARTESIAN_POINT('',(5.970034138805,6.028879388108));
#3567 = CARTESIAN_POINT('',(5.978822935028,6.237628355543));
#3568 = CARTESIAN_POINT('',(5.98833091085,6.555436701397));
#3569 = CARTESIAN_POINT('',(5.990890688937,6.662772056364));
#3570 = CARTESIAN_POINT('',(5.992778236177,6.770532751108));
#3571 = CARTESIAN_POINT('',(5.993963677189,6.878587327016));
#3572 = CARTESIAN_POINT('',(5.994428570192,6.986796388687));
#3573 = CARTESIAN_POINT('',(5.994168194317,7.095011855011));
#3574 = CARTESIAN_POINT('',(5.99319208529,7.203076377394));
#3575 = CARTESIAN_POINT('',(5.989764980949,7.424286598579));
#3576 = CARTESIAN_POINT('',(5.987238154306,7.537419693753));
#3577 = CARTESIAN_POINT('',(5.983967430019,7.65005565555));
#3578 = CARTESIAN_POINT('',(5.979992417772,7.762069318376));
#3579 = CARTESIAN_POINT('',(5.975361117329,7.873370283855));
#3580 = CARTESIAN_POINT('',(5.97012486828,7.983897684965));
#3581 = CARTESIAN_POINT('',(5.964334378647,8.093616336564));
#3582 = CARTESIAN_POINT('',(5.947090036303,8.3918075998));
#3583 = CARTESIAN_POINT('',(5.934615150285,8.578552201805));
#3584 = CARTESIAN_POINT('',(5.920853812955,8.76284809995));
#3585 = CARTESIAN_POINT('',(5.90601875229,8.944825546014));
#3586 = CARTESIAN_POINT('',(5.89027719608,9.124612826435));
#3587 = CARTESIAN_POINT('',(5.873754558888,9.302344317537));
#3588 = CARTESIAN_POINT('',(5.856543890318,9.478180412593));
#3589 = CARTESIAN_POINT('',(5.82735955565,9.763082145769));
#3590 = CARTESIAN_POINT('',(5.815761798979,9.873135996169));
#3591 = CARTESIAN_POINT('',(5.803931283936,9.982502458071));
#3592 = CARTESIAN_POINT('',(5.791882746843,10.09120453498));
#3593 = CARTESIAN_POINT('',(5.779628059856,10.199259368528));
#3594 = CARTESIAN_POINT('',(5.767176615022,10.306679338067));
#3595 = CARTESIAN_POINT('',(5.754535708342,10.413473160262));
#3596 = CARTESIAN_POINT('',(5.696811900594,10.891357030602));
#3597 = CARTESIAN_POINT('',(5.649716146379,11.254992146325));
#3598 = CARTESIAN_POINT('',(5.600605717008,11.611368578474));
#3599 = CARTESIAN_POINT('',(5.549452340826,11.960045324216));
#3600 = CARTESIAN_POINT('',(5.496171991578,12.299880203268));
#3601 = CARTESIAN_POINT('',(5.440580575403,12.628943738356));
#3602 = CARTESIAN_POINT('',(5.382429167131,12.94466820072));
#3603 = CARTESIAN_POINT('',(5.298742068497,13.352951492651));
#3604 = CARTESIAN_POINT('',(5.27588238781,13.4601685614));
#3605 = CARTESIAN_POINT('',(5.252600734856,13.564838466745));
#3606 = CARTESIAN_POINT('',(5.228877951942,13.666719254622));
#3607 = CARTESIAN_POINT('',(5.204696232931,13.765524801282));
#3608 = CARTESIAN_POINT('',(5.180038829008,13.860926450853));
#3609 = CARTESIAN_POINT('',(5.154889754466,13.952554652904));
#3610 = CARTESIAN_POINT('',(5.129233492475,14.0400006));
#3611 = ( GEOMETRIC_REPRESENTATION_CONTEXT(2) 
PARAMETRIC_REPRESENTATION_CONTEXT() REPRESENTATION_CONTEXT('2D SPACE',''
  ) );
#3612 = ORIENTED_EDGE('',*,*,#3613,.T.);
#3613 = EDGE_CURVE('',#3384,#3614,#3616,.T.);
#3614 = VERTEX_POINT('',#3615);
#3615 = CARTESIAN_POINT('',(74.4,15.52,2.220648500626));
#3616 = SURFACE_CURVE('',#3617,(#3627,#3640),.PCURVE_S1.);
#3617 = B_SPLINE_CURVE_WITH_KNOTS('',8,(#3618,#3619,#3620,#3621,#3622,
    #3623,#3624,#3625,#3626),.UNSPECIFIED.,.F.,.F.,(9,9),(0.,1.),
  .PIECEWISE_BEZIER_KNOTS.);
#3618 = CARTESIAN_POINT('',(67.,15.52,3.059013304835));
#3619 = CARTESIAN_POINT('',(67.926534935396,15.52,2.967908556144));
#3620 = CARTESIAN_POINT('',(68.85275824058,15.52,2.873892836749));
#3621 = CARTESIAN_POINT('',(69.77864592253,15.52,2.776617628235));
#3622 = CARTESIAN_POINT('',(70.704146595651,15.52,2.675648650642));
#3623 = CARTESIAN_POINT('',(71.629180547449,15.52,2.57045576723));
#3624 = CARTESIAN_POINT('',(72.553626624069,15.52,2.460306334558));
#3625 = CARTESIAN_POINT('',(73.47732138269,15.52,2.344255134669));
#3626 = CARTESIAN_POINT('',(74.4,15.52,2.220648508702));
#3627 = PCURVE('',#2533,#3628);
#3628 = DEFINITIONAL_REPRESENTATION('',(#3629),#3639);
#3629 = B_SPLINE_CURVE_WITH_KNOTS('',8,(#3630,#3631,#3632,#3633,#3634,
    #3635,#3636,#3637,#3638),.UNSPECIFIED.,.F.,.F.,(9,9),(0.,1.),
  .PIECEWISE_BEZIER_KNOTS.);
#3630 = CARTESIAN_POINT('',(0.43409014804,0.718631178707));
#3631 = CARTESIAN_POINT('',(0.422304507449,0.753860643931));
#3632 = CARTESIAN_POINT('',(0.410033521878,0.789078260098));
#3633 = CARTESIAN_POINT('',(0.397221284145,0.824283114925));
#3634 = CARTESIAN_POINT('',(0.383803275847,0.859473254587));
#3635 = CARTESIAN_POINT('',(0.369693378227,0.894645648192));
#3636 = CARTESIAN_POINT('',(0.354781722136,0.929795689128));
#3637 = CARTESIAN_POINT('',(0.338921203024,0.96491716284));
#3638 = CARTESIAN_POINT('',(0.321860107501,1.));
#3639 = ( GEOMETRIC_REPRESENTATION_CONTEXT(2) 
PARAMETRIC_REPRESENTATION_CONTEXT() REPRESENTATION_CONTEXT('2D SPACE',''
  ) );
#3640 = PCURVE('',#2857,#3641);
#3641 = DEFINITIONAL_REPRESENTATION('',(#3642),#3652);
#3642 = B_SPLINE_CURVE_WITH_KNOTS('',8,(#3643,#3644,#3645,#3646,#3647,
    #3648,#3649,#3650,#3651),.UNSPECIFIED.,.F.,.F.,(9,9),(0.,1.),
  .PIECEWISE_BEZIER_KNOTS.);
#3643 = CARTESIAN_POINT('',(3.059013304835,-7.4));
#3644 = CARTESIAN_POINT('',(2.967908556144,-6.473465064604));
#3645 = CARTESIAN_POINT('',(2.873892836749,-5.54724175942));
#3646 = CARTESIAN_POINT('',(2.776617628235,-4.62135407747));
#3647 = CARTESIAN_POINT('',(2.675648650642,-3.695853404349));
#3648 = CARTESIAN_POINT('',(2.57045576723,-2.770819452551));
#3649 = CARTESIAN_POINT('',(2.460306334558,-1.846373375931));
#3650 = CARTESIAN_POINT('',(2.344255134669,-0.92267861731));
#3651 = CARTESIAN_POINT('',(2.220648508702,4.263256414561E-14));
#3652 = ( GEOMETRIC_REPRESENTATION_CONTEXT(2) 
PARAMETRIC_REPRESENTATION_CONTEXT() REPRESENTATION_CONTEXT('2D SPACE',''
  ) );
#3653 = ORIENTED_EDGE('',*,*,#3654,.F.);
#3654 = EDGE_CURVE('',#3655,#3614,#3657,.T.);
#3655 = VERTEX_POINT('',#3656);
#3656 = CARTESIAN_POINT('',(74.4,15.705230583752,1.6));
#3657 = SURFACE_CURVE('',#3658,(#3663,#3670),.PCURVE_S1.);
#3658 = ELLIPSE('',#3659,7.4,7.02);
#3659 = AXIS2_PLACEMENT_3D('',#3660,#3661,#3662);
#3660 = CARTESIAN_POINT('',(74.4,8.5,0.));
#3661 = DIRECTION('',(1.,0.,0.));
#3662 = DIRECTION('',(0.,1.,0.));
#3663 = PCURVE('',#2533,#3664);
#3664 = DEFINITIONAL_REPRESENTATION('',(#3665),#3669);
#3665 = LINE('',#3666,#3667);
#3666 = CARTESIAN_POINT('',(0.,1.));
#3667 = VECTOR('',#3668,1.);
#3668 = DIRECTION('',(1.,0.));
#3669 = ( GEOMETRIC_REPRESENTATION_CONTEXT(2) 
PARAMETRIC_REPRESENTATION_CONTEXT() REPRESENTATION_CONTEXT('2D SPACE',''
  ) );
#3670 = PCURVE('',#3671,#3676);
#3671 = PLANE('',#3672);
#3672 = AXIS2_PLACEMENT_3D('',#3673,#3674,#3675);
#3673 = CARTESIAN_POINT('',(74.4,8.5,0.));
#3674 = DIRECTION('',(1.,0.,0.));
#3675 = DIRECTION('',(0.,1.,0.));
#3676 = DEFINITIONAL_REPRESENTATION('',(#3677),#3681);
#3677 = ELLIPSE('',#3678,7.4,7.02);
#3678 = AXIS2_PLACEMENT_2D('',#3679,#3680);
#3679 = CARTESIAN_POINT('',(0.,0.));
#3680 = DIRECTION('',(1.,0.));
#3681 = ( GEOMETRIC_REPRESENTATION_CONTEXT(2) 
PARAMETRIC_REPRESENTATION_CONTEXT() REPRESENTATION_CONTEXT('2D SPACE',''
  ) );
#3682 = ORIENTED_EDGE('',*,*,#3683,.T.);
#3683 = EDGE_CURVE('',#3655,#2709,#3684,.T.);
#3684 = SURFACE_CURVE('',#3685,(#3703,#3724),.PCURVE_S1.);
#3685 = B_SPLINE_CURVE_WITH_KNOTS('',6,(#3686,#3687,#3688,#3689,#3690,
    #3691,#3692,#3693,#3694,#3695,#3696,#3697,#3698,#3699,#3700,#3701,
    #3702),.UNSPECIFIED.,.F.,.F.,(7,5,5,7),(0.,0.298136046245,
    0.733878563383,1.),.UNSPECIFIED.);
#3686 = CARTESIAN_POINT('',(74.4,15.705230589583,1.6));
#3687 = CARTESIAN_POINT('',(74.273712394712,15.711084148009,1.6));
#3688 = CARTESIAN_POINT('',(74.147606696426,15.719880580852,
    1.588038411915));
#3689 = CARTESIAN_POINT('',(74.023291008194,15.731523704539,
    1.564181070098));
#3690 = CARTESIAN_POINT('',(73.902195986453,15.745662668728,
    1.528832466655));
#3691 = CARTESIAN_POINT('',(73.78558440128,15.761762607813,1.48256718395
    ));
#3692 = CARTESIAN_POINT('',(73.512326360384,15.80470204974,
    1.343566659031));
#3693 = CARTESIAN_POINT('',(73.362050264259,15.833067491736,
    1.239242134171));
#3694 = CARTESIAN_POINT('',(73.226942011313,15.862419426928,
    1.115204432742));
#3695 = CARTESIAN_POINT('',(73.10975755471,15.890511802903,
    0.973926536839));
#3696 = CARTESIAN_POINT('',(73.01302335351,15.915202200724,
    0.818255972632));
#3697 = CARTESIAN_POINT('',(72.893391275875,15.946899176455,
    0.550028223913));
#3698 = CARTESIAN_POINT('',(72.856416617375,15.957046261536,
    0.444294046764));
#3699 = CARTESIAN_POINT('',(72.828312909784,15.964948248317,
    0.335410906435));
#3700 = CARTESIAN_POINT('',(72.809435920108,15.970319176268,
    0.224349110588));
#3701 = CARTESIAN_POINT('',(72.8,15.973003802281,0.112165725704));
#3702 = CARTESIAN_POINT('',(72.8,15.973003802281,-1.596420503185E-15));
#3703 = PCURVE('',#2533,#3704);
#3704 = DEFINITIONAL_REPRESENTATION('',(#3705),#3723);
#3705 = B_SPLINE_CURVE_WITH_KNOTS('',6,(#3706,#3707,#3708,#3709,#3710,
    #3711,#3712,#3713,#3714,#3715,#3716,#3717,#3718,#3719,#3720,#3721,
    #3722),.UNSPECIFIED.,.F.,.F.,(7,5,5,7),(0.,0.298136046245,
    0.733878563383,1.),.UNSPECIFIED.);
#3706 = CARTESIAN_POINT('',(0.229941152645,1.));
#3707 = CARTESIAN_POINT('',(0.229797048296,0.995198189913));
#3708 = CARTESIAN_POINT('',(0.227903388798,0.990403296442));
#3709 = CARTESIAN_POINT('',(0.224276693072,0.98567646419));
#3710 = CARTESIAN_POINT('',(0.218988348904,0.98107209074));
#3711 = CARTESIAN_POINT('',(0.212137340769,0.976638190163));
#3712 = CARTESIAN_POINT('',(0.191714949558,0.966248150585));
#3713 = CARTESIAN_POINT('',(0.17650173715,0.96053423058));
#3714 = CARTESIAN_POINT('',(0.158545119301,0.955397034651));
#3715 = CARTESIAN_POINT('',(0.138240022701,0.95094135189));
#3716 = CARTESIAN_POINT('',(0.116001323251,0.947263245381));
#3717 = CARTESIAN_POINT('',(7.784665242656E-02,0.942714497182));
#3718 = CARTESIAN_POINT('',(6.284168771864E-02,0.94130861663));
#3719 = CARTESIAN_POINT('',(4.741998137952E-02,0.940240034593));
#3720 = CARTESIAN_POINT('',(3.171123055893E-02,0.939522278331));
#3721 = CARTESIAN_POINT('',(1.585436665496E-02,0.939163498099));
#3722 = CARTESIAN_POINT('',(0.,0.939163498099));
#3723 = ( GEOMETRIC_REPRESENTATION_CONTEXT(2) 
PARAMETRIC_REPRESENTATION_CONTEXT() REPRESENTATION_CONTEXT('2D SPACE',''
  ) );
#3724 = PCURVE('',#2774,#3725);
#3725 = DEFINITIONAL_REPRESENTATION('',(#3726),#3744);
#3726 = B_SPLINE_CURVE_WITH_KNOTS('',6,(#3727,#3728,#3729,#3730,#3731,
    #3732,#3733,#3734,#3735,#3736,#3737,#3738,#3739,#3740,#3741,#3742,
    #3743),.UNSPECIFIED.,.F.,.F.,(7,5,5,7),(0.,0.298136046245,
    0.733878563383,1.),.UNSPECIFIED.);
#3727 = CARTESIAN_POINT('',(6.28318530718,21.245230589583));
#3728 = CARTESIAN_POINT('',(6.204255553875,21.251084148009));
#3729 = CARTESIAN_POINT('',(6.125439629985,21.259880580852));
#3730 = CARTESIAN_POINT('',(6.046856512996,21.271523704539));
#3731 = CARTESIAN_POINT('',(5.96853167201,21.285662668728));
#3732 = CARTESIAN_POINT('',(5.890460870368,21.301762607813));
#3733 = CARTESIAN_POINT('',(5.698848567663,21.34470204974));
#3734 = CARTESIAN_POINT('',(5.585572577765,21.373067491736));
#3735 = CARTESIAN_POINT('',(5.472505390245,21.402419426928));
#3736 = CARTESIAN_POINT('',(5.359363287922,21.430511802903));
#3737 = CARTESIAN_POINT('',(5.245880401186,21.455202200724));
#3738 = CARTESIAN_POINT('',(5.062319742805,21.486899176455));
#3739 = CARTESIAN_POINT('',(4.992553631214,21.497046261536));
#3740 = CARTESIAN_POINT('',(4.922641204146,21.504948248317));
#3741 = CARTESIAN_POINT('',(4.852607109702,21.510319176268));
#3742 = CARTESIAN_POINT('',(4.78249255895,21.513003802281));
#3743 = CARTESIAN_POINT('',(4.712388980385,21.513003802281));
#3744 = ( GEOMETRIC_REPRESENTATION_CONTEXT(2) 
PARAMETRIC_REPRESENTATION_CONTEXT() REPRESENTATION_CONTEXT('2D SPACE',''
  ) );
#3745 = ORIENTED_EDGE('',*,*,#2708,.F.);
#3746 = ORIENTED_EDGE('',*,*,#3747,.F.);
#3747 = EDGE_CURVE('',#3748,#2639,#3750,.T.);
#3748 = VERTEX_POINT('',#3749);
#3749 = CARTESIAN_POINT('',(48.1,16.922679650603,1.6));
#3750 = SURFACE_CURVE('',#3751,(#3769,#3790),.PCURVE_S1.);
#3751 = B_SPLINE_CURVE_WITH_KNOTS('',6,(#3752,#3753,#3754,#3755,#3756,
    #3757,#3758,#3759,#3760,#3761,#3762,#3763,#3764,#3765,#3766,#3767,
    #3768),.UNSPECIFIED.,.F.,.F.,(7,5,5,7),(0.,0.307016443489,
    0.576732667048,1.),.UNSPECIFIED.);
#3752 = CARTESIAN_POINT('',(48.1,16.922679657382,1.6));
#3753 = CARTESIAN_POINT('',(48.229004023107,16.916715149413,1.6));
#3754 = CARTESIAN_POINT('',(48.358226860559,16.913536041852,
    1.58751838056));
#3755 = CARTESIAN_POINT('',(48.485957412857,16.913245369876,
    1.562476451922));
#3756 = CARTESIAN_POINT('',(48.610579121066,16.915685908501,
    1.52516507635));
#3757 = CARTESIAN_POINT('',(48.730582578004,16.920466747015,
    1.47612892017));
#3758 = CARTESIAN_POINT('',(48.9447480143,16.932872439664,1.363526786714
    ));
#3759 = CARTESIAN_POINT('',(49.040304300852,16.940082647516,
    1.302436100111));
#3760 = CARTESIAN_POINT('',(49.130371486044,16.948354725704,
    1.233435376787));
#3761 = CARTESIAN_POINT('',(49.214181907683,16.957272476936,
    1.157149392117));
#3762 = CARTESIAN_POINT('',(49.291062509011,16.96640720307,1.07426867765
    ));
#3763 = CARTESIAN_POINT('',(49.469295203349,16.989409748719,
    0.846324745115));
#3764 = CARTESIAN_POINT('',(49.559715204394,17.003018293141,
    0.69265426778));
#3765 = CARTESIAN_POINT('',(49.629321552149,17.014632175939,
    0.527555778302));
#3766 = CARTESIAN_POINT('',(49.67644828971,17.022876954404,
    0.354466690155));
#3767 = CARTESIAN_POINT('',(49.7,17.026996197719,0.177203979597));
#3768 = CARTESIAN_POINT('',(49.7,17.026996197719,7.813669441086E-15));
#3769 = PCURVE('',#2533,#3770);
#3770 = DEFINITIONAL_REPRESENTATION('',(#3771),#3789);
#3771 = B_SPLINE_CURVE_WITH_KNOTS('',6,(#3772,#3773,#3774,#3775,#3776,
    #3777,#3778,#3779,#3780,#3781,#3782,#3783,#3784,#3785,#3786,#3787,
    #3788),.UNSPECIFIED.,.F.,.F.,(7,5,5,7),(0.,0.307016443489,
    0.576732667048,1.),.UNSPECIFIED.);
#3772 = CARTESIAN_POINT('',(0.203420213688,0.));
#3773 = CARTESIAN_POINT('',(0.203535189849,4.90509593562E-03));
#3774 = CARTESIAN_POINT('',(0.202041382691,9.818511808336E-03));
#3775 = CARTESIAN_POINT('',(0.198922882161,1.467518680065E-02));
#3776 = CARTESIAN_POINT('',(0.194215554371,1.94136547934E-02));
#3777 = CARTESIAN_POINT('',(0.187992890134,2.39765238785E-02));
#3778 = CARTESIAN_POINT('',(0.173663651209,3.211969636123E-02));
#3779 = CARTESIAN_POINT('',(0.165876060411,3.57530152415E-02));
#3780 = CARTESIAN_POINT('',(0.157072370348,3.917762304351E-02));
#3781 = CARTESIAN_POINT('',(0.147337157428,4.236433109059E-02));
#3782 = CARTESIAN_POINT('',(0.136762710247,4.528754787112E-02));
#3783 = CARTESIAN_POINT('',(0.107692752495,5.206445640109E-02));
#3784 = CARTESIAN_POINT('',(8.810622344119E-02,5.550247925454E-02));
#3785 = CARTESIAN_POINT('',(6.708438624281E-02,5.814910844674E-02));
#3786 = CARTESIAN_POINT('',(4.506747779787E-02,5.994099960873E-02));
#3787 = CARTESIAN_POINT('',(2.252999508544E-02,6.083650190114E-02));
#3788 = CARTESIAN_POINT('',(0.,6.083650190114E-02));
#3789 = ( GEOMETRIC_REPRESENTATION_CONTEXT(2) 
PARAMETRIC_REPRESENTATION_CONTEXT() REPRESENTATION_CONTEXT('2D SPACE',''
  ) );
#3790 = PCURVE('',#2682,#3791);
#3791 = DEFINITIONAL_REPRESENTATION('',(#3792),#3810);
#3792 = B_SPLINE_CURVE_WITH_KNOTS('',6,(#3793,#3794,#3795,#3796,#3797,
    #3798,#3799,#3800,#3801,#3802,#3803,#3804,#3805,#3806,#3807,#3808,
    #3809),.UNSPECIFIED.,.F.,.F.,(7,5,5,7),(0.,0.307016443489,
    0.576732667048,1.),.UNSPECIFIED.);
#3793 = CARTESIAN_POINT('',(0.,24.262679657382));
#3794 = CARTESIAN_POINT('',(8.062751444175E-02,24.256715149413));
#3795 = CARTESIAN_POINT('',(0.16139163086,24.253536041852));
#3796 = CARTESIAN_POINT('',(0.242167480641,24.253245369876));
#3797 = CARTESIAN_POINT('',(0.322900135546,24.255685908501));
#3798 = CARTESIAN_POINT('',(0.403548068604,24.260466747015));
#3799 = CARTESIAN_POINT('',(0.554774919315,24.272872439664));
#3800 = CARTESIAN_POINT('',(0.62540499677,24.280082647516));
#3801 = CARTESIAN_POINT('',(0.695936166913,24.288354725704));
#3802 = CARTESIAN_POINT('',(0.766389370175,24.297272476936));
#3803 = CARTESIAN_POINT('',(0.836793725194,24.30640720307));
#3804 = CARTESIAN_POINT('',(1.017639534983,24.329409748719));
#3805 = CARTESIAN_POINT('',(1.128109069866,24.343018293141));
#3806 = CARTESIAN_POINT('',(1.238624530927,24.354632175939));
#3807 = CARTESIAN_POINT('',(1.349255662006,24.362876954404));
#3808 = CARTESIAN_POINT('',(1.460043839547,24.366996197719));
#3809 = CARTESIAN_POINT('',(1.570796326795,24.366996197719));
#3810 = ( GEOMETRIC_REPRESENTATION_CONTEXT(2) 
PARAMETRIC_REPRESENTATION_CONTEXT() REPRESENTATION_CONTEXT('2D SPACE',''
  ) );
#3811 = ORIENTED_EDGE('',*,*,#3812,.T.);
#3812 = EDGE_CURVE('',#3748,#3813,#3815,.T.);
#3813 = VERTEX_POINT('',#3814);
#3814 = CARTESIAN_POINT('',(48.1,16.42,3.086641622226));
#3815 = SURFACE_CURVE('',#3816,(#3821,#3828),.PCURVE_S1.);
#3816 = ELLIPSE('',#3817,8.6,7.92);
#3817 = AXIS2_PLACEMENT_3D('',#3818,#3819,#3820);
#3818 = CARTESIAN_POINT('',(48.1,8.5,0.));
#3819 = DIRECTION('',(1.,0.,0.));
#3820 = DIRECTION('',(0.,1.,0.));
#3821 = PCURVE('',#2533,#3822);
#3822 = DEFINITIONAL_REPRESENTATION('',(#3823),#3827);
#3823 = LINE('',#3824,#3825);
#3824 = CARTESIAN_POINT('',(0.,0.));
#3825 = VECTOR('',#3826,1.);
#3826 = DIRECTION('',(1.,0.));
#3827 = ( GEOMETRIC_REPRESENTATION_CONTEXT(2) 
PARAMETRIC_REPRESENTATION_CONTEXT() REPRESENTATION_CONTEXT('2D SPACE',''
  ) );
#3828 = PCURVE('',#3829,#3834);
#3829 = PLANE('',#3830);
#3830 = AXIS2_PLACEMENT_3D('',#3831,#3832,#3833);
#3831 = CARTESIAN_POINT('',(48.1,8.5,0.));
#3832 = DIRECTION('',(1.,0.,0.));
#3833 = DIRECTION('',(0.,1.,0.));
#3834 = DEFINITIONAL_REPRESENTATION('',(#3835),#3839);
#3835 = ELLIPSE('',#3836,8.6,7.92);
#3836 = AXIS2_PLACEMENT_2D('',#3837,#3838);
#3837 = CARTESIAN_POINT('',(0.,0.));
#3838 = DIRECTION('',(1.,0.));
#3839 = ( GEOMETRIC_REPRESENTATION_CONTEXT(2) 
PARAMETRIC_REPRESENTATION_CONTEXT() REPRESENTATION_CONTEXT('2D SPACE',''
  ) );
#3840 = ORIENTED_EDGE('',*,*,#3841,.T.);
#3841 = EDGE_CURVE('',#3813,#3842,#3844,.T.);
#3842 = VERTEX_POINT('',#3843);
#3843 = CARTESIAN_POINT('',(56.45460547275,16.42,2.039746894764));
#3844 = SURFACE_CURVE('',#3845,(#3862,#3882),.PCURVE_S1.);
#3845 = B_SPLINE_CURVE_WITH_KNOTS('',8,(#3846,#3847,#3848,#3849,#3850,
    #3851,#3852,#3853,#3854,#3855,#3856,#3857,#3858,#3859,#3860,#3861),
  .UNSPECIFIED.,.F.,.F.,(9,7,9),(0.,0.904749165082,1.),.UNSPECIFIED.);
#3846 = CARTESIAN_POINT('',(48.1,16.42,3.08664161683));
#3847 = CARTESIAN_POINT('',(49.075159129536,16.42,2.984465947158));
#3848 = CARTESIAN_POINT('',(50.049887660499,16.42,2.878667731338));
#3849 = CARTESIAN_POINT('',(51.024167300881,16.42,2.76876908536));
#3850 = CARTESIAN_POINT('',(51.997926553309,16.42,2.654148681999));
#3851 = CARTESIAN_POINT('',(52.971045648765,16.42,2.534068467862));
#3852 = CARTESIAN_POINT('',(53.943318419981,16.42,2.407397570154));
#3853 = CARTESIAN_POINT('',(54.914470192079,16.42,2.272736315363));
#3854 = CARTESIAN_POINT('',(55.986065730486,16.42,2.111851912526));
#3855 = CARTESIAN_POINT('',(56.08811766007,16.42,2.096406767553));
#3856 = CARTESIAN_POINT('',(56.190150472971,16.42,2.08083750882));
#3857 = CARTESIAN_POINT('',(56.292163433957,16.42,2.065140563695));
#3858 = CARTESIAN_POINT('',(56.394155749108,16.42,2.049312129397));
#3859 = CARTESIAN_POINT('',(56.496126565814,16.42,2.033348172994));
#3860 = CARTESIAN_POINT('',(56.598074972774,16.42,2.017244431404));
#3861 = CARTESIAN_POINT('',(56.7,16.42,2.000996411394));
#3862 = PCURVE('',#2533,#3863);
#3863 = DEFINITIONAL_REPRESENTATION('',(#3864),#3881);
#3864 = B_SPLINE_CURVE_WITH_KNOTS('',8,(#3865,#3866,#3867,#3868,#3869,
    #3870,#3871,#3872,#3873,#3874,#3875,#3876,#3877,#3878,#3879,#3880),
  .UNSPECIFIED.,.F.,.F.,(9,7,9),(0.,0.904749165082,1.),.UNSPECIFIED.);
#3865 = CARTESIAN_POINT('',(0.400335653022,0.));
#3866 = CARTESIAN_POINT('',(0.388110107705,3.70782938987E-02));
#3867 = CARTESIAN_POINT('',(0.375341659334,7.41402152281E-02));
#3868 = CARTESIAN_POINT('',(0.361962920503,0.111185068475));
#3869 = CARTESIAN_POINT('',(0.347886622029,0.148210135107));
#3870 = CARTESIAN_POINT('',(0.333009162639,0.18521086117));
#3871 = CARTESIAN_POINT('',(0.317172997221,0.222179407604));
#3872 = CARTESIAN_POINT('',(0.300183280148,0.259105330497));
#3873 = CARTESIAN_POINT('',(0.279686705057,0.299850408003));
#3874 = CARTESIAN_POINT('',(0.277717167665,0.303730709508));
#3875 = CARTESIAN_POINT('',(0.275729940949,0.307610284143));
#3876 = CARTESIAN_POINT('',(0.273724528645,0.311489103953));
#3877 = CARTESIAN_POINT('',(0.271700406047,0.315367138749));
#3878 = CARTESIAN_POINT('',(0.269657020007,0.319244356115));
#3879 = CARTESIAN_POINT('',(0.267593788935,0.323120721398));
#3880 = CARTESIAN_POINT('',(0.265510102799,0.326996197719));
#3881 = ( GEOMETRIC_REPRESENTATION_CONTEXT(2) 
PARAMETRIC_REPRESENTATION_CONTEXT() REPRESENTATION_CONTEXT('2D SPACE',''
  ) );
#3882 = PCURVE('',#2584,#3883);
#3883 = DEFINITIONAL_REPRESENTATION('',(#3884),#3901);
#3884 = B_SPLINE_CURVE_WITH_KNOTS('',8,(#3885,#3886,#3887,#3888,#3889,
    #3890,#3891,#3892,#3893,#3894,#3895,#3896,#3897,#3898,#3899,#3900),
  .UNSPECIFIED.,.F.,.F.,(9,7,9),(0.,0.904749165082,1.),.UNSPECIFIED.);
#3885 = CARTESIAN_POINT('',(3.08664161683,0.));
#3886 = CARTESIAN_POINT('',(2.984465947158,0.975159129536));
#3887 = CARTESIAN_POINT('',(2.878667731338,1.949887660499));
#3888 = CARTESIAN_POINT('',(2.76876908536,2.924167300881));
#3889 = CARTESIAN_POINT('',(2.654148681999,3.897926553309));
#3890 = CARTESIAN_POINT('',(2.534068467862,4.871045648765));
#3891 = CARTESIAN_POINT('',(2.407397570154,5.843318419981));
#3892 = CARTESIAN_POINT('',(2.272736315363,6.814470192079));
#3893 = CARTESIAN_POINT('',(2.111851912526,7.886065730486));
#3894 = CARTESIAN_POINT('',(2.096406767553,7.98811766007));
#3895 = CARTESIAN_POINT('',(2.08083750882,8.090150472971));
#3896 = CARTESIAN_POINT('',(2.065140563695,8.192163433957));
#3897 = CARTESIAN_POINT('',(2.049312129397,8.294155749108));
#3898 = CARTESIAN_POINT('',(2.033348172994,8.396126565814));
#3899 = CARTESIAN_POINT('',(2.017244431404,8.498074972774));
#3900 = CARTESIAN_POINT('',(2.000996411394,8.6));
#3901 = ( GEOMETRIC_REPRESENTATION_CONTEXT(2) 
PARAMETRIC_REPRESENTATION_CONTEXT() REPRESENTATION_CONTEXT('2D SPACE',''
  ) );
#3902 = ORIENTED_EDGE('',*,*,#3903,.F.);
#3903 = EDGE_CURVE('',#3904,#3842,#3906,.T.);
#3904 = VERTEX_POINT('',#3905);
#3905 = CARTESIAN_POINT('',(56.454605480275,0.58,2.039746863943));
#3906 = SURFACE_CURVE('',#3907,(#3980,#4056),.PCURVE_S1.);
#3907 = B_SPLINE_CURVE_WITH_KNOTS('',8,(#3908,#3909,#3910,#3911,#3912,
    #3913,#3914,#3915,#3916,#3917,#3918,#3919,#3920,#3921,#3922,#3923,
    #3924,#3925,#3926,#3927,#3928,#3929,#3930,#3931,#3932,#3933,#3934,
    #3935,#3936,#3937,#3938,#3939,#3940,#3941,#3942,#3943,#3944,#3945,
    #3946,#3947,#3948,#3949,#3950,#3951,#3952,#3953,#3954,#3955,#3956,
    #3957,#3958,#3959,#3960,#3961,#3962,#3963,#3964,#3965,#3966,#3967,
    #3968,#3969,#3970,#3971,#3972,#3973,#3974,#3975,#3976,#3977,#3978,
    #3979),.UNSPECIFIED.,.F.,.F.,(9,7,7,7,7,7,7,7,7,7,9),(0.,
    7.943699146683E-02,0.136200508808,0.286078886079,0.415877796764,
    0.500781284489,0.552284780586,0.714545802178,0.864087098875,
    0.92084361391,1.),.UNSPECIFIED.);
#3908 = CARTESIAN_POINT('',(56.4546059905,0.5799994,2.039744774109));
#3909 = CARTESIAN_POINT('',(56.39284056602,0.652632540987,2.292730241663
    ));
#3910 = CARTESIAN_POINT('',(56.323502143405,0.734316010199,
    2.538735523562));
#3911 = CARTESIAN_POINT('',(56.247335334349,0.824241219734,
    2.777262244441));
#3912 = CARTESIAN_POINT('',(56.165089218275,0.921600814696,
    3.008026305779));
#3913 = CARTESIAN_POINT('',(56.077479333288,1.025629815285,
    3.230911841627));
#3914 = CARTESIAN_POINT('',(55.985159556535,1.135637311866,3.44593537052
    ));
#3915 = CARTESIAN_POINT('',(55.88870387395,1.251028713032,3.65322014358)
  );
#3916 = CARTESIAN_POINT('',(55.71706512798,1.457274395812,3.995724150823
    ));
#3917 = CARTESIAN_POINT('',(55.643676362436,1.545721847203,
    4.134609480098));
#3918 = CARTESIAN_POINT('',(55.568613518674,1.636478365365,
    4.269707658869));
#3919 = CARTESIAN_POINT('',(55.49204549057,1.729377402023,4.401093884244
    ));
#3920 = CARTESIAN_POINT('',(55.41412846557,1.82426865879,4.528847214508)
  );
#3921 = CARTESIAN_POINT('',(55.335006100284,1.921018349885,
    4.653050215415));
#3922 = CARTESIAN_POINT('',(55.254809696083,2.019509464844,4.77378860649
    ));
#3923 = CARTESIAN_POINT('',(54.959386445585,2.384032034982,
    5.201034297649));
#3924 = CARTESIAN_POINT('',(54.738597071073,2.659693040142,5.48717860138
    ));
#3925 = CARTESIAN_POINT('',(54.513366016008,2.944926743859,
    5.751450901346));
#3926 = CARTESIAN_POINT('',(54.285530697021,3.238439221699,
    5.995213423936));
#3927 = CARTESIAN_POINT('',(54.056827606601,3.539258579713,
    6.219610817229));
#3928 = CARTESIAN_POINT('',(53.828958893672,3.846723571889,
    6.425650360168));
#3929 = CARTESIAN_POINT('',(53.603700779835,4.160532042372,
    6.614181217467));
#3930 = CARTESIAN_POINT('',(53.192177563107,4.758232108732,
    6.934573861543));
#3931 = CARTESIAN_POINT('',(53.004935113488,5.040203823159,
    7.070484953243));
#3932 = CARTESIAN_POINT('',(52.82275187937,5.326906247874,7.194132749053
    ));
#3933 = CARTESIAN_POINT('',(52.647326015056,5.618459034099,
    7.305752775346));
#3934 = CARTESIAN_POINT('',(52.480860511033,5.914963154601,
    7.405389664158));
#3935 = CARTESIAN_POINT('',(52.3261370367,6.216515877642,7.492941237601)
  );
#3936 = CARTESIAN_POINT('',(52.186743314671,6.523278461923,7.56814720644
    ));
#3937 = CARTESIAN_POINT('',(51.988077100997,7.039504421101,
    7.671420747935));
#3938 = CARTESIAN_POINT('',(51.917779031132,7.24589353503,7.706789733045
    ));
#3939 = CARTESIAN_POINT('',(51.856918126029,7.454389003631,
    7.736537156242));
#3940 = CARTESIAN_POINT('',(51.806707446153,7.664769901732,
    7.760496909232));
#3941 = CARTESIAN_POINT('',(51.76833120837,7.876729448403,7.778504136468
    ));
#3942 = CARTESIAN_POINT('',(51.74273767719,8.089854274792,7.790418192873
    ));
#3943 = CARTESIAN_POINT('',(51.730426600746,8.303600955607,
    7.796153138974));
#3944 = CARTESIAN_POINT('',(51.731932885509,8.646900779073,
    7.795451488451));
#3945 = CARTESIAN_POINT('',(51.737376881019,8.776515630516,7.79291547553
    ));
#3946 = CARTESIAN_POINT('',(51.747692115251,8.905979937523,
    7.788108784655));
#3947 = CARTESIAN_POINT('',(51.762803439038,9.035164268583,
    7.781043472744));
#3948 = CARTESIAN_POINT('',(51.782573012766,9.163953804816,
    7.771740785874));
#3949 = CARTESIAN_POINT('',(51.806811545245,9.292247414428,
    7.760228909868));
#3950 = CARTESIAN_POINT('',(51.835292338136,9.419956655765,
    7.746540928043));
#3951 = CARTESIAN_POINT('',(51.970082668508,9.94726776809,7.680847283392
    ));
#3952 = CARTESIAN_POINT('',(52.111819244251,10.340076798685,
    7.609851987673));
#3953 = CARTESIAN_POINT('',(52.285356898751,10.724750888202,
    7.518818373764));
#3954 = CARTESIAN_POINT('',(52.481821900241,11.101419764859,
    7.408639635637));
#3955 = CARTESIAN_POINT('',(52.694769843653,11.47009494173,
    7.279767214735));
#3956 = CARTESIAN_POINT('',(52.919401832809,11.83094535948,
    7.132356706569));
#3957 = CARTESIAN_POINT('',(53.152317509741,12.184325735406,
    6.966053666773));
#3958 = CARTESIAN_POINT('',(53.611337171463,12.850128711719,
    6.607809600244));
#3959 = CARTESIAN_POINT('',(53.836123984059,13.162982118152,
    6.419228022571));
#3960 = CARTESIAN_POINT('',(54.06346280926,13.469515023533,
    6.213203836639));
#3961 = CARTESIAN_POINT('',(54.291594362667,13.769422622207,
    5.988889716732));
#3962 = CARTESIAN_POINT('',(54.518829577934,14.062043483198,
    5.745282033502));
#3963 = CARTESIAN_POINT('',(54.743443057695,14.346407189262,
    5.481241254899));
#3964 = CARTESIAN_POINT('',(54.963607324071,14.621222970751,
    5.195412651124));
#3965 = CARTESIAN_POINT('',(55.258345155263,14.984834584881,
    4.768486733228));
#3966 = CARTESIAN_POINT('',(55.338474834012,15.083227290069,
    4.647654489864));
#3967 = CARTESIAN_POINT('',(55.417526879414,15.179875895405,
    4.523357088036));
#3968 = CARTESIAN_POINT('',(55.495369836085,15.274663111626,
    4.39550888666));
#3969 = CARTESIAN_POINT('',(55.571859862631,15.367454850999,
    4.264027453933));
#3970 = CARTESIAN_POINT('',(55.646840562558,15.458100495488,
    4.128833931577));
#3971 = CARTESIAN_POINT('',(55.720142815176,15.546433164918,
    3.98985339908));
#3972 = CARTESIAN_POINT('',(55.891222049257,15.751983686348,
    3.647803700297));
#3973 = CARTESIAN_POINT('',(55.987225361987,15.866824204323,
    3.441119919399));
#3974 = CARTESIAN_POINT('',(56.07911288764,15.976309842199,
    3.226752903859));
#3975 = CARTESIAN_POINT('',(56.166316033182,16.079851420209,
    3.004582023519));
#3976 = CARTESIAN_POINT('',(56.248187550957,16.176764934433,
    2.774592267572));
#3977 = CARTESIAN_POINT('',(56.324019535503,16.266293503882,
    2.536899518971));
#3978 = CARTESIAN_POINT('',(56.393071135798,16.347638605915,
    2.291785845133));
#3979 = CARTESIAN_POINT('',(56.454605982975,16.4200006,2.039744804931));
#3980 = PCURVE('',#2533,#3981);
#3981 = DEFINITIONAL_REPRESENTATION('',(#3982),#4055);
#3982 = B_SPLINE_CURVE_WITH_KNOTS('',8,(#3983,#3984,#3985,#3986,#3987,
    #3988,#3989,#3990,#3991,#3992,#3993,#3994,#3995,#3996,#3997,#3998,
    #3999,#4000,#4001,#4002,#4003,#4004,#4005,#4006,#4007,#4008,#4009,
    #4010,#4011,#4012,#4013,#4014,#4015,#4016,#4017,#4018,#4019,#4020,
    #4021,#4022,#4023,#4024,#4025,#4026,#4027,#4028,#4029,#4030,#4031,
    #4032,#4033,#4034,#4035,#4036,#4037,#4038,#4039,#4040,#4041,#4042,
    #4043,#4044,#4045,#4046,#4047,#4048,#4049,#4050,#4051,#4052,#4053,
    #4054),.UNSPECIFIED.,.F.,.F.,(9,7,7,7,7,7,7,7,7,7,9),(0.,
    7.943699146683E-02,0.136200508808,0.286078886079,0.415877796764,
    0.500781284489,0.552284780586,0.714545802178,0.864087098875,
    0.92084361391,1.),.UNSPECIFIED.);
#3983 = CARTESIAN_POINT('',(2.871118268051,0.317665627015));
#3984 = CARTESIAN_POINT('',(2.836805924832,0.315317131788));
#3985 = CARTESIAN_POINT('',(2.803100483067,0.312680689863));
#3986 = CARTESIAN_POINT('',(2.770033828125,0.309784613473));
#3987 = CARTESIAN_POINT('',(2.737619080475,0.306657384725));
#3988 = CARTESIAN_POINT('',(2.705855147633,0.303326210391));
#3989 = CARTESIAN_POINT('',(2.674729499021,0.29981595272));
#3990 = CARTESIAN_POINT('',(2.644219163752,0.296148436272));
#3991 = CARTESIAN_POINT('',(2.592903348719,0.289622248212));
#3992 = CARTESIAN_POINT('',(2.571815899746,0.286831800853));
#3993 = CARTESIAN_POINT('',(2.551016332225,0.28397770033));
#3994 = CARTESIAN_POINT('',(2.530493492435,0.281066368463));
#3995 = CARTESIAN_POINT('',(2.510236170947,0.278103743938));
#3996 = CARTESIAN_POINT('',(2.490232928447,0.275095288984));
#3997 = CARTESIAN_POINT('',(2.470471921569,0.272045996049));
#3998 = CARTESIAN_POINT('',(2.399370571915,0.260813172836));
#3999 = CARTESIAN_POINT('',(2.349436247497,0.252418139585));
#4000 = CARTESIAN_POINT('',(2.300874378918,0.243854221141));
#4001 = CARTESIAN_POINT('',(2.253492137105,0.235191281256));
#4002 = CARTESIAN_POINT('',(2.207120410033,0.226495346259));
#4003 = CARTESIAN_POINT('',(2.161595822402,0.217831136642));
#4004 = CARTESIAN_POINT('',(2.116750446213,0.209266189347));
#4005 = CARTESIAN_POINT('',(2.033968948058,0.193618918749));
#4006 = CARTESIAN_POINT('',(1.995953083599,0.186499433973));
#4007 = CARTESIAN_POINT('',(1.958202146742,0.179572314805));
#4008 = CARTESIAN_POINT('',(1.920605584192,0.17290212985));
#4009 = CARTESIAN_POINT('',(1.883065576822,0.166572643005));
#4010 = CARTESIAN_POINT('',(1.845489761764,0.160689621167));
#4011 = CARTESIAN_POINT('',(1.807778267612,0.155389479645));
#4012 = CARTESIAN_POINT('',(1.745009505444,0.147835631217));
#4013 = CARTESIAN_POINT('',(1.720090478989,0.145162700804));
#4014 = CARTESIAN_POINT('',(1.695067326787,0.142848597948));
#4015 = CARTESIAN_POINT('',(1.669940863932,0.140939446622));
#4016 = CARTESIAN_POINT('',(1.644719760061,0.139480274083));
#4017 = CARTESIAN_POINT('',(1.619422756472,0.138507136015));
#4018 = CARTESIAN_POINT('',(1.594082115331,0.138039034249));
#4019 = CARTESIAN_POINT('',(1.553379239868,0.138096307434));
#4020 = CARTESIAN_POINT('',(1.538010916697,0.138303303461));
#4021 = CARTESIAN_POINT('',(1.522652574894,0.13869551769));
#4022 = CARTESIAN_POINT('',(1.507312414248,0.139270092739));
#4023 = CARTESIAN_POINT('',(1.491997056497,0.140021787558));
#4024 = CARTESIAN_POINT('',(1.47671175653,0.140943404762));
#4025 = CARTESIAN_POINT('',(1.461460575635,0.142026324644));
#4026 = CARTESIAN_POINT('',(1.398314843883,0.147151432263));
#4027 = CARTESIAN_POINT('',(1.350858382182,0.152540655675));
#4028 = CARTESIAN_POINT('',(1.303768097331,0.15913904558));
#4029 = CARTESIAN_POINT('',(1.256865359738,0.166609197728));
#4030 = CARTESIAN_POINT('',(1.20999864001,0.174706077705));
#4031 = CARTESIAN_POINT('',(1.162991270145,0.183247217978));
#4032 = CARTESIAN_POINT('',(1.115626367509,0.192103327367));
#4033 = CARTESIAN_POINT('',(1.023320911343,0.209556546443));
#4034 = CARTESIAN_POINT('',(0.978565803865,0.218103573538));
#4035 = CARTESIAN_POINT('',(0.933130804305,0.226747635333));
#4036 = CARTESIAN_POINT('',(0.886849046591,0.235421838885));
#4037 = CARTESIAN_POINT('',(0.839558134073,0.244061961138));
#4038 = CARTESIAN_POINT('',(0.79108995808,0.252602397631));
#4039 = CARTESIAN_POINT('',(0.741252879918,0.260973662512));
#4040 = CARTESIAN_POINT('',(0.670251576706,0.272180424154));
#4041 = CARTESIAN_POINT('',(0.650487697863,0.27522718));
#4042 = CARTESIAN_POINT('',(0.63048135431,0.278232961194));
#4043 = CARTESIAN_POINT('',(0.610220711708,0.281192769433));
#4044 = CARTESIAN_POINT('',(0.589694344702,0.284101135461));
#4045 = CARTESIAN_POINT('',(0.56889106366,0.286952112645));
#4046 = CARTESIAN_POINT('',(0.547799741413,0.289739270539));
#4047 = CARTESIAN_POINT('',(0.496576393837,0.296244184382));
#4048 = CARTESIAN_POINT('',(0.466166201919,0.299894500456));
#4049 = CARTESIAN_POINT('',(0.435144873374,0.303388322724));
#4050 = CARTESIAN_POINT('',(0.403489800768,0.30670403168));
#4051 = CARTESIAN_POINT('',(0.371188703753,0.309817017147));
#4052 = CARTESIAN_POINT('',(0.338240619168,0.312700362567));
#4053 = CARTESIAN_POINT('',(0.304658637582,0.3153258987));
#4054 = CARTESIAN_POINT('',(0.270474386287,0.317665626729));
#4055 = ( GEOMETRIC_REPRESENTATION_CONTEXT(2) 
PARAMETRIC_REPRESENTATION_CONTEXT() REPRESENTATION_CONTEXT('2D SPACE',''
  ) );
#4056 = PCURVE('',#4057,#4062);
#4057 = CYLINDRICAL_SURFACE('',#4058,8.6);
#4058 = AXIS2_PLACEMENT_3D('',#4059,#4060,#4061);
#4059 = CARTESIAN_POINT('',(48.1,0.58,0.));
#4060 = DIRECTION('',(0.,1.,0.));
#4061 = DIRECTION('',(0.,-0.,1.));
#4062 = DEFINITIONAL_REPRESENTATION('',(#4063),#4136);
#4063 = B_SPLINE_CURVE_WITH_KNOTS('',8,(#4064,#4065,#4066,#4067,#4068,
    #4069,#4070,#4071,#4072,#4073,#4074,#4075,#4076,#4077,#4078,#4079,
    #4080,#4081,#4082,#4083,#4084,#4085,#4086,#4087,#4088,#4089,#4090,
    #4091,#4092,#4093,#4094,#4095,#4096,#4097,#4098,#4099,#4100,#4101,
    #4102,#4103,#4104,#4105,#4106,#4107,#4108,#4109,#4110,#4111,#4112,
    #4113,#4114,#4115,#4116,#4117,#4118,#4119,#4120,#4121,#4122,#4123,
    #4124,#4125,#4126,#4127,#4128,#4129,#4130,#4131,#4132,#4133,#4134,
    #4135),.UNSPECIFIED.,.F.,.F.,(9,7,7,7,7,7,7,7,7,7,9),(0.,
    7.943699146683E-02,0.136200508808,0.286078886079,0.415877796764,
    0.500781284489,0.552284780586,0.714545802178,0.864087098875,
    0.92084361391,1.),.UNSPECIFIED.);
#4064 = CARTESIAN_POINT('',(7.614520032676,-6.E-07));
#4065 = CARTESIAN_POINT('',(7.58423907534,7.26325409869E-02));
#4066 = CARTESIAN_POINT('',(7.55453777083,0.154316010199));
#4067 = CARTESIAN_POINT('',(7.525450551135,0.244241219734));
#4068 = CARTESIAN_POINT('',(7.49699483,0.341600814696));
#4069 = CARTESIAN_POINT('',(7.469175159855,0.445629815285));
#4070 = CARTESIAN_POINT('',(7.441985915474,0.555637311866));
#4071 = CARTESIAN_POINT('',(7.415412504352,0.671028713032));
#4072 = CARTESIAN_POINT('',(7.3708655004,0.877274395812));
#4073 = CARTESIAN_POINT('',(7.352604288661,0.965721847203));
#4074 = CARTESIAN_POINT('',(7.334639819349,1.056478365365));
#4075 = CARTESIAN_POINT('',(7.31696465591,1.149377402023));
#4076 = CARTESIAN_POINT('',(7.29957147718,1.24426865879));
#4077 = CARTESIAN_POINT('',(7.282452980076,1.341018349885));
#4078 = CARTESIAN_POINT('',(7.265601782294,1.439509464844));
#4079 = CARTESIAN_POINT('',(7.205202245233,1.804032034982));
#4080 = CARTESIAN_POINT('',(7.163233560298,2.079693040142));
#4081 = CARTESIAN_POINT('',(7.122935100701,2.364926743859));
#4082 = CARTESIAN_POINT('',(7.08421445032,2.658439221699));
#4083 = CARTESIAN_POINT('',(7.047022693878,2.959258579713));
#4084 = CARTESIAN_POINT('',(7.011345152054,3.266723571889));
#4085 = CARTESIAN_POINT('',(6.977210333301,3.580532042372));
#4086 = CARTESIAN_POINT('',(6.916566277383,4.178232108732));
#4087 = CARTESIAN_POINT('',(6.88967815389,4.460203823159));
#4088 = CARTESIAN_POINT('',(6.86409625554,4.746906247874));
#4089 = CARTESIAN_POINT('',(6.839938282658,5.038459034099));
#4090 = CARTESIAN_POINT('',(6.817393694744,5.334963154601));
#4091 = CARTESIAN_POINT('',(6.796729078892,5.636515877642));
#4092 = CARTESIAN_POINT('',(6.778314123272,5.943278461923));
#4093 = CARTESIAN_POINT('',(6.752278595888,6.459504421101));
#4094 = CARTESIAN_POINT('',(6.74312890189,6.66589353503));
#4095 = CARTESIAN_POINT('',(6.735252706261,6.874389003631));
#4096 = CARTESIAN_POINT('',(6.728783908547,7.084769901733));
#4097 = CARTESIAN_POINT('',(6.723854744781,7.296729448403));
#4098 = CARTESIAN_POINT('',(6.720572099078,7.509854274792));
#4099 = CARTESIAN_POINT('',(6.718992877211,7.723600955607));
#4100 = CARTESIAN_POINT('',(6.719186096754,8.066900779073));
#4101 = CARTESIAN_POINT('',(6.719884433428,8.196515630516));
#4102 = CARTESIAN_POINT('',(6.721207711076,8.325979937523));
#4103 = CARTESIAN_POINT('',(6.723147411674,8.455164268583));
#4104 = CARTESIAN_POINT('',(6.725687966551,8.583953804816));
#4105 = CARTESIAN_POINT('',(6.728808081963,8.712247414428));
#4106 = CARTESIAN_POINT('',(6.732482364198,8.839956655765));
#4107 = CARTESIAN_POINT('',(6.749918056173,9.36726776809));
#4108 = CARTESIAN_POINT('',(6.768349876804,9.760076798685));
#4109 = CARTESIAN_POINT('',(6.791130198806,10.144750888202));
#4110 = CARTESIAN_POINT('',(6.817300518737,10.521419764859));
#4111 = CARTESIAN_POINT('',(6.846208613433,10.89009494173));
#4112 = CARTESIAN_POINT('',(6.87741239417,11.25094535948));
#4113 = CARTESIAN_POINT('',(6.910660377596,11.604325735406));
#4114 = CARTESIAN_POINT('',(6.978366142439,12.270128711719));
#4115 = CARTESIAN_POINT('',(7.012462791914,12.582982118152));
#4116 = CARTESIAN_POINT('',(7.048093611987,12.889515023533));
#4117 = CARTESIAN_POINT('',(7.08523144878,13.189422622207));
#4118 = CARTESIAN_POINT('',(7.123891680433,13.482043483198));
#4119 = CARTESIAN_POINT('',(7.164123480756,13.766407189262));
#4120 = CARTESIAN_POINT('',(7.206019033893,14.041222970751));
#4121 = CARTESIAN_POINT('',(7.266342675237,14.404834584881));
#4122 = CARTESIAN_POINT('',(7.28319867283,14.503227290069));
#4123 = CARTESIAN_POINT('',(7.300322034888,14.599875895405));
#4124 = CARTESIAN_POINT('',(7.317720146237,14.694663111626));
#4125 = CARTESIAN_POINT('',(7.335400306711,14.787454850999));
#4126 = CARTESIAN_POINT('',(7.353369827797,14.878100495488));
#4127 = CARTESIAN_POINT('',(7.371636129283,14.966433164918));
#4128 = CARTESIAN_POINT('',(7.416106770417,15.171983686348));
#4129 = CARTESIAN_POINT('',(7.442594741416,15.286824204323));
#4130 = CARTESIAN_POINT('',(7.469694211957,15.396309842199));
#4131 = CARTESIAN_POINT('',(7.497419520305,15.499851420209));
#4132 = CARTESIAN_POINT('',(7.525776130857,15.596764934433));
#4133 = CARTESIAN_POINT('',(7.554759436776,15.686293503882));
#4134 = CARTESIAN_POINT('',(7.58435211434,15.767638605915));
#4135 = CARTESIAN_POINT('',(7.614520028987,15.8400006));
#4136 = ( GEOMETRIC_REPRESENTATION_CONTEXT(2) 
PARAMETRIC_REPRESENTATION_CONTEXT() REPRESENTATION_CONTEXT('2D SPACE',''
  ) );
#4137 = ORIENTED_EDGE('',*,*,#4138,.F.);
#4138 = EDGE_CURVE('',#4139,#3904,#4141,.T.);
#4139 = VERTEX_POINT('',#4140);
#4140 = CARTESIAN_POINT('',(48.1,0.58,3.086641622226));
#4141 = SURFACE_CURVE('',#4142,(#4159,#4179),.PCURVE_S1.);
#4142 = B_SPLINE_CURVE_WITH_KNOTS('',8,(#4143,#4144,#4145,#4146,#4147,
    #4148,#4149,#4150,#4151,#4152,#4153,#4154,#4155,#4156,#4157,#4158),
  .UNSPECIFIED.,.F.,.F.,(9,7,9),(0.,0.904749165062,1.),.UNSPECIFIED.);
#4143 = CARTESIAN_POINT('',(48.1,0.58,3.086641613019));
#4144 = CARTESIAN_POINT('',(49.075159129672,0.58,2.984465941116));
#4145 = CARTESIAN_POINT('',(50.049887660723,0.58,2.878667722863));
#4146 = CARTESIAN_POINT('',(51.024167301218,0.58,2.768769074229));
#4147 = CARTESIAN_POINT('',(51.99792655361,0.58,2.654148668));
#4148 = CARTESIAN_POINT('',(52.97104564912,0.58,2.534068450752));
#4149 = CARTESIAN_POINT('',(53.94331842023,0.58,2.407397549731));
#4150 = CARTESIAN_POINT('',(54.914470192227,0.58,2.27273629143));
#4151 = CARTESIAN_POINT('',(55.986065730465,0.58,2.111851884636));
#4152 = CARTESIAN_POINT('',(56.088117660054,0.58,2.096406739282));
#4153 = CARTESIAN_POINT('',(56.190150472959,0.58,2.080837480167));
#4154 = CARTESIAN_POINT('',(56.292163433949,0.58,2.065140534661));
#4155 = CARTESIAN_POINT('',(56.394155749102,0.58,2.04931209998));
#4156 = CARTESIAN_POINT('',(56.496126565811,0.58,2.033348143195));
#4157 = CARTESIAN_POINT('',(56.598074972773,0.58,2.017244401222));
#4158 = CARTESIAN_POINT('',(56.7,0.58,2.000996380829));
#4159 = PCURVE('',#2533,#4160);
#4160 = DEFINITIONAL_REPRESENTATION('',(#4161),#4178);
#4161 = B_SPLINE_CURVE_WITH_KNOTS('',8,(#4162,#4163,#4164,#4165,#4166,
    #4167,#4168,#4169,#4170,#4171,#4172,#4173,#4174,#4175,#4176,#4177),
  .UNSPECIFIED.,.F.,.F.,(9,7,9),(0.,0.904749165062,1.),.UNSPECIFIED.);
#4162 = CARTESIAN_POINT('',(2.741257000105,0.));
#4163 = CARTESIAN_POINT('',(2.753482545474,3.707829390387E-02));
#4164 = CARTESIAN_POINT('',(2.766250993908,7.414021523667E-02));
#4165 = CARTESIAN_POINT('',(2.779629732816,0.111185068487));
#4166 = CARTESIAN_POINT('',(2.793706031383,0.148210135118));
#4167 = CARTESIAN_POINT('',(2.808583490888,0.185210861183));
#4168 = CARTESIAN_POINT('',(2.824419656446,0.222179407613));
#4169 = CARTESIAN_POINT('',(2.841409373691,0.259105330503));
#4170 = CARTESIAN_POINT('',(2.861905949018,0.299850408002));
#4171 = CARTESIAN_POINT('',(2.863875486433,0.303730709508));
#4172 = CARTESIAN_POINT('',(2.865862713173,0.307610284143));
#4173 = CARTESIAN_POINT('',(2.867868125501,0.311489103952));
#4174 = CARTESIAN_POINT('',(2.869892248124,0.315367138749));
#4175 = CARTESIAN_POINT('',(2.87193563419,0.319244356114));
#4176 = CARTESIAN_POINT('',(2.873998865288,0.323120721398));
#4177 = CARTESIAN_POINT('',(2.87608255145,0.326996197719));
#4178 = ( GEOMETRIC_REPRESENTATION_CONTEXT(2) 
PARAMETRIC_REPRESENTATION_CONTEXT() REPRESENTATION_CONTEXT('2D SPACE',''
  ) );
#4179 = PCURVE('',#4180,#4185);
#4180 = PLANE('',#4181);
#4181 = AXIS2_PLACEMENT_3D('',#4182,#4183,#4184);
#4182 = CARTESIAN_POINT('',(48.1,0.58,0.));
#4183 = DIRECTION('',(0.,1.,0.));
#4184 = DIRECTION('',(0.,-0.,1.));
#4185 = DEFINITIONAL_REPRESENTATION('',(#4186),#4203);
#4186 = B_SPLINE_CURVE_WITH_KNOTS('',8,(#4187,#4188,#4189,#4190,#4191,
    #4192,#4193,#4194,#4195,#4196,#4197,#4198,#4199,#4200,#4201,#4202),
  .UNSPECIFIED.,.F.,.F.,(9,7,9),(0.,0.904749165062,1.),.UNSPECIFIED.);
#4187 = CARTESIAN_POINT('',(3.086641613019,0.));
#4188 = CARTESIAN_POINT('',(2.984465941116,0.975159129672));
#4189 = CARTESIAN_POINT('',(2.878667722863,1.949887660723));
#4190 = CARTESIAN_POINT('',(2.768769074229,2.924167301218));
#4191 = CARTESIAN_POINT('',(2.654148668,3.89792655361));
#4192 = CARTESIAN_POINT('',(2.534068450752,4.87104564912));
#4193 = CARTESIAN_POINT('',(2.407397549731,5.84331842023));
#4194 = CARTESIAN_POINT('',(2.27273629143,6.814470192227));
#4195 = CARTESIAN_POINT('',(2.111851884636,7.886065730465));
#4196 = CARTESIAN_POINT('',(2.096406739282,7.988117660054));
#4197 = CARTESIAN_POINT('',(2.080837480167,8.090150472959));
#4198 = CARTESIAN_POINT('',(2.065140534661,8.192163433949));
#4199 = CARTESIAN_POINT('',(2.04931209998,8.294155749102));
#4200 = CARTESIAN_POINT('',(2.033348143195,8.396126565811));
#4201 = CARTESIAN_POINT('',(2.017244401222,8.498074972773));
#4202 = CARTESIAN_POINT('',(2.000996380829,8.6));
#4203 = ( GEOMETRIC_REPRESENTATION_CONTEXT(2) 
PARAMETRIC_REPRESENTATION_CONTEXT() REPRESENTATION_CONTEXT('2D SPACE',''
  ) );
#4204 = ORIENTED_EDGE('',*,*,#4205,.T.);
#4205 = EDGE_CURVE('',#4139,#4206,#4208,.T.);
#4206 = VERTEX_POINT('',#4207);
#4207 = CARTESIAN_POINT('',(48.1,7.73203493969E-02,1.6));
#4208 = SURFACE_CURVE('',#4209,(#4214,#4221),.PCURVE_S1.);
#4209 = ELLIPSE('',#4210,8.6,7.92);
#4210 = AXIS2_PLACEMENT_3D('',#4211,#4212,#4213);
#4211 = CARTESIAN_POINT('',(48.1,8.5,0.));
#4212 = DIRECTION('',(1.,0.,0.));
#4213 = DIRECTION('',(0.,1.,0.));
#4214 = PCURVE('',#2533,#4215);
#4215 = DEFINITIONAL_REPRESENTATION('',(#4216),#4220);
#4216 = LINE('',#4217,#4218);
#4217 = CARTESIAN_POINT('',(0.,0.));
#4218 = VECTOR('',#4219,1.);
#4219 = DIRECTION('',(1.,0.));
#4220 = ( GEOMETRIC_REPRESENTATION_CONTEXT(2) 
PARAMETRIC_REPRESENTATION_CONTEXT() REPRESENTATION_CONTEXT('2D SPACE',''
  ) );
#4221 = PCURVE('',#4222,#4227);
#4222 = PLANE('',#4223);
#4223 = AXIS2_PLACEMENT_3D('',#4224,#4225,#4226);
#4224 = CARTESIAN_POINT('',(48.1,8.5,0.));
#4225 = DIRECTION('',(1.,0.,0.));
#4226 = DIRECTION('',(0.,1.,0.));
#4227 = DEFINITIONAL_REPRESENTATION('',(#4228),#4232);
#4228 = ELLIPSE('',#4229,8.6,7.92);
#4229 = AXIS2_PLACEMENT_2D('',#4230,#4231);
#4230 = CARTESIAN_POINT('',(0.,0.));
#4231 = DIRECTION('',(1.,0.));
#4232 = ( GEOMETRIC_REPRESENTATION_CONTEXT(2) 
PARAMETRIC_REPRESENTATION_CONTEXT() REPRESENTATION_CONTEXT('2D SPACE',''
  ) );
#4233 = ORIENTED_EDGE('',*,*,#4234,.T.);
#4234 = EDGE_CURVE('',#4206,#4235,#4237,.T.);
#4235 = VERTEX_POINT('',#4236);
#4236 = CARTESIAN_POINT('',(48.1,7.732034939687E-02,-1.6));
#4237 = SURFACE_CURVE('',#4238,(#4271,#4307),.PCURVE_S1.);
#4238 = B_SPLINE_CURVE_WITH_KNOTS('',6,(#4239,#4240,#4241,#4242,#4243,
    #4244,#4245,#4246,#4247,#4248,#4249,#4250,#4251,#4252,#4253,#4254,
    #4255,#4256,#4257,#4258,#4259,#4260,#4261,#4262,#4263,#4264,#4265,
    #4266,#4267,#4268,#4269,#4270),.UNSPECIFIED.,.F.,.F.,(7,5,5,5,5,5,7)
  ,(0.,0.153508179324,0.288366253842,0.498257763154,0.712986538561,
    0.846087997805,1.),.UNSPECIFIED.);
#4239 = CARTESIAN_POINT('',(48.1,7.732035200498E-02,1.6));
#4240 = CARTESIAN_POINT('',(48.229004023098,8.328485996936E-02,1.6));
#4241 = CARTESIAN_POINT('',(48.358226860543,8.646396749266E-02,
    1.587518380562));
#4242 = CARTESIAN_POINT('',(48.485957412834,8.675463939972E-02,
    1.562476451926));
#4243 = CARTESIAN_POINT('',(48.610579121034,8.431410066116E-02,
    1.525165076359));
#4244 = CARTESIAN_POINT('',(48.730582577956,7.953326196739E-02,
    1.476128920188));
#4245 = CARTESIAN_POINT('',(48.944748014211,6.712756882167E-02,
    1.363526786768));
#4246 = CARTESIAN_POINT('',(49.040304300738,5.991736067143E-02,
    1.302436100188));
#4247 = CARTESIAN_POINT('',(49.130371485898,5.164528210758E-02,
    1.233435376899));
#4248 = CARTESIAN_POINT('',(49.214181907498,4.272753041136E-02,
    1.157149392283));
#4249 = CARTESIAN_POINT('',(49.291062508786,3.359280372433E-02,
    1.074268677889));
#4250 = CARTESIAN_POINT('',(49.468399080683,1.070590920944E-02,
    0.847470807224));
#4251 = CARTESIAN_POINT('',(49.558223738056,-2.794016182374E-03,
    0.695185267492));
#4252 = CARTESIAN_POINT('',(49.627596719262,-1.434463334285E-02,
    0.531634729392));
#4253 = CARTESIAN_POINT('',(49.67488645606,-2.260397621839E-02,
    0.360167567243));
#4254 = CARTESIAN_POINT('',(49.699013939297,-2.682372327238E-02,
    0.184501328579));
#4255 = CARTESIAN_POINT('',(49.700960283843,-2.716416116094E-02,
    -0.171033728732));
#4256 = CARTESIAN_POINT('',(49.67769968673,-2.309609132753E-02,
    -0.35102711721));
#4257 = CARTESIAN_POINT('',(49.630141978966,-1.476188710283E-02,
    -0.526795063757));
#4258 = CARTESIAN_POINT('',(49.559427362659,-2.945527223458E-03,
    -0.694346265237));
#4259 = CARTESIAN_POINT('',(49.467297226236,1.091036126567E-02,
    -0.850090749414));
#4260 = CARTESIAN_POINT('',(49.28740547805,3.402425363059E-02,
    -1.078157387018));
#4261 = CARTESIAN_POINT('',(49.211274363873,4.303062702169E-02,
    -1.159713871301));
#4262 = CARTESIAN_POINT('',(49.128410901305,5.181423581237E-02,
    -1.23482831768));
#4263 = CARTESIAN_POINT('',(49.039463679286,5.996325524004E-02,
    -1.302837947314));
#4264 = CARTESIAN_POINT('',(48.945171393084,6.707812960891E-02,
    -1.363142639937));
#4265 = CARTESIAN_POINT('',(48.732157838069,7.947033989901E-02,
    -1.475484359487));
#4266 = CARTESIAN_POINT('',(48.611888330146,8.428833293521E-02,
    -1.524772444833));
#4267 = CARTESIAN_POINT('',(48.486964418058,8.675684214079E-02,
    -1.562278670388));
#4268 = CARTESIAN_POINT('',(48.358906146263,8.648069029227E-02,
    -1.587452800521));
#4269 = CARTESIAN_POINT('',(48.229342434343,8.330050643153E-02,-1.6));
#4270 = CARTESIAN_POINT('',(48.1,7.732035200498E-02,-1.6));
#4271 = PCURVE('',#2533,#4272);
#4272 = DEFINITIONAL_REPRESENTATION('',(#4273),#4306);
#4273 = B_SPLINE_CURVE_WITH_KNOTS('',6,(#4274,#4275,#4276,#4277,#4278,
    #4279,#4280,#4281,#4282,#4283,#4284,#4285,#4286,#4287,#4288,#4289,
    #4290,#4291,#4292,#4293,#4294,#4295,#4296,#4297,#4298,#4299,#4300,
    #4301,#4302,#4303,#4304,#4305),.UNSPECIFIED.,.F.,.F.,(7,5,5,5,5,5,7)
  ,(0.,0.153508179324,0.288366253842,0.498257763154,0.712986538561,
    0.846087997805,1.),.UNSPECIFIED.);
#4274 = CARTESIAN_POINT('',(2.93817243604,0.));
#4275 = CARTESIAN_POINT('',(2.938057459879,4.905095935272E-03));
#4276 = CARTESIAN_POINT('',(2.939551267038,9.818511807726E-03));
#4277 = CARTESIAN_POINT('',(2.942669767571,1.467518679978E-02));
#4278 = CARTESIAN_POINT('',(2.94737709537,1.941365479216E-02));
#4279 = CARTESIAN_POINT('',(2.953599759631,2.397652387666E-02));
#4280 = CARTESIAN_POINT('',(2.967928998652,3.211969635782E-02));
#4281 = CARTESIAN_POINT('',(2.975716589516,3.575301523719E-02));
#4282 = CARTESIAN_POINT('',(2.984520279673,3.917762303796E-02));
#4283 = CARTESIAN_POINT('',(2.994255492725,4.236433108356E-02));
#4284 = CARTESIAN_POINT('',(3.004829940085,4.528754786259E-02));
#4285 = CARTESIAN_POINT('',(3.033753739829,5.203038329593E-02));
#4286 = CARTESIAN_POINT('',(3.053163830179,5.544576950782E-02));
#4287 = CARTESIAN_POINT('',(3.073988894918,5.808352544723E-02));
#4288 = CARTESIAN_POINT('',(3.095800013625,5.988161429886E-02));
#4289 = CARTESIAN_POINT('',(3.118134854846,6.079900909873E-02));
#4290 = CARTESIAN_POINT('',(3.163338160242,6.087301459479E-02));
#4291 = CARTESIAN_POINT('',(3.186222489276,5.998858124447E-02));
#4292 = CARTESIAN_POINT('',(3.208579747999,5.818030338273E-02));
#4293 = CARTESIAN_POINT('',(3.229913990526,5.549153470187E-02));
#4294 = CARTESIAN_POINT('',(3.249765337527,5.198848768957E-02));
#4295 = CARTESIAN_POINT('',(3.278851529374,4.514849726427E-02));
#4296 = CARTESIAN_POINT('',(3.289257091984,4.225377809402E-02));
#4297 = CARTESIAN_POINT('',(3.298842731163,3.910307609526E-02));
#4298 = CARTESIAN_POINT('',(3.307519851224,3.572105244432E-02));
#4299 = CARTESIAN_POINT('',(3.315207223565,3.213579441386E-02));
#4300 = CARTESIAN_POINT('',(3.329503751243,2.403641969845E-02));
#4301 = CARTESIAN_POINT('',(3.335758674418,1.94634346063E-02));
#4302 = CARTESIAN_POINT('',(3.340490907568,1.471347597179E-02));
#4303 = CARTESIAN_POINT('',(3.343626192013,9.844340162104E-03));
#4304 = CARTESIAN_POINT('',(3.345128148913,4.917963282993E-03));
#4305 = CARTESIAN_POINT('',(3.345012871139,0.));
#4306 = ( GEOMETRIC_REPRESENTATION_CONTEXT(2) 
PARAMETRIC_REPRESENTATION_CONTEXT() REPRESENTATION_CONTEXT('2D SPACE',''
  ) );
#4307 = PCURVE('',#2682,#4308);
#4308 = DEFINITIONAL_REPRESENTATION('',(#4309),#4342);
#4309 = B_SPLINE_CURVE_WITH_KNOTS('',6,(#4310,#4311,#4312,#4313,#4314,
    #4315,#4316,#4317,#4318,#4319,#4320,#4321,#4322,#4323,#4324,#4325,
    #4326,#4327,#4328,#4329,#4330,#4331,#4332,#4333,#4334,#4335,#4336,
    #4337,#4338,#4339,#4340,#4341),.UNSPECIFIED.,.F.,.F.,(7,5,5,5,5,5,7)
  ,(0.,0.153508179324,0.288366253842,0.498257763154,0.712986538561,
    0.846087997805,1.),.UNSPECIFIED.);
#4310 = CARTESIAN_POINT('',(0.,7.417320352005));
#4311 = CARTESIAN_POINT('',(8.062751443604E-02,7.423284859969));
#4312 = CARTESIAN_POINT('',(0.16139163085,7.426463967493));
#4313 = CARTESIAN_POINT('',(0.242167480626,7.4267546394));
#4314 = CARTESIAN_POINT('',(0.322900135525,7.424314100661));
#4315 = CARTESIAN_POINT('',(0.403548068572,7.419533261967));
#4316 = CARTESIAN_POINT('',(0.55477491925,7.407127568822));
#4317 = CARTESIAN_POINT('',(0.625404996685,7.399917360671));
#4318 = CARTESIAN_POINT('',(0.695936166799,7.391645282108));
#4319 = CARTESIAN_POINT('',(0.766389370021,7.382727530411));
#4320 = CARTESIAN_POINT('',(0.836793724989,7.373592803724));
#4321 = CARTESIAN_POINT('',(1.016730273995,7.350705909209));
#4322 = CARTESIAN_POINT('',(1.126288792219,7.337205983818));
#4323 = CARTESIAN_POINT('',(1.235892553462,7.325655366657));
#4324 = CARTESIAN_POINT('',(1.34560997613,7.317396023782));
#4325 = CARTESIAN_POINT('',(1.455481323211,7.313176276728));
#4326 = CARTESIAN_POINT('',(1.67769406372,7.312835838839));
#4327 = CARTESIAN_POINT('',(1.790107571491,7.316903908672));
#4328 = CARTESIAN_POINT('',(1.902357917261,7.325238112897));
#4329 = CARTESIAN_POINT('',(2.014489494755,7.337054472777));
#4330 = CARTESIAN_POINT('',(2.126575523355,7.350910361266));
#4331 = CARTESIAN_POINT('',(2.308122082738,7.374024253631));
#4332 = CARTESIAN_POINT('',(2.377611085639,7.383030627022));
#4333 = CARTESIAN_POINT('',(2.447148451318,7.391814235812));
#4334 = CARTESIAN_POINT('',(2.51676203244,7.39996325524));
#4335 = CARTESIAN_POINT('',(2.586471734181,7.407078129609));
#4336 = CARTESIAN_POINT('',(2.736985744861,7.419470339899));
#4337 = CARTESIAN_POINT('',(2.817844275329,7.424288332935));
#4338 = CARTESIAN_POINT('',(2.898788325422,7.426756842141));
#4339 = CARTESIAN_POINT('',(2.979776477861,7.426480690292));
#4340 = CARTESIAN_POINT('',(3.060753632126,7.423300506432));
#4341 = CARTESIAN_POINT('',(3.14159265359,7.417320352005));
#4342 = ( GEOMETRIC_REPRESENTATION_CONTEXT(2) 
PARAMETRIC_REPRESENTATION_CONTEXT() REPRESENTATION_CONTEXT('2D SPACE',''
  ) );
#4343 = ORIENTED_EDGE('',*,*,#4344,.T.);
#4344 = EDGE_CURVE('',#4235,#4345,#4347,.T.);
#4345 = VERTEX_POINT('',#4346);
#4346 = CARTESIAN_POINT('',(48.1,0.58,-3.086641622226));
#4347 = SURFACE_CURVE('',#4348,(#4353,#4360),.PCURVE_S1.);
#4348 = ELLIPSE('',#4349,8.6,7.92);
#4349 = AXIS2_PLACEMENT_3D('',#4350,#4351,#4352);
#4350 = CARTESIAN_POINT('',(48.1,8.5,0.));
#4351 = DIRECTION('',(1.,0.,0.));
#4352 = DIRECTION('',(0.,1.,0.));
#4353 = PCURVE('',#2533,#4354);
#4354 = DEFINITIONAL_REPRESENTATION('',(#4355),#4359);
#4355 = LINE('',#4356,#4357);
#4356 = CARTESIAN_POINT('',(0.,0.));
#4357 = VECTOR('',#4358,1.);
#4358 = DIRECTION('',(1.,0.));
#4359 = ( GEOMETRIC_REPRESENTATION_CONTEXT(2) 
PARAMETRIC_REPRESENTATION_CONTEXT() REPRESENTATION_CONTEXT('2D SPACE',''
  ) );
#4360 = PCURVE('',#4361,#4366);
#4361 = PLANE('',#4362);
#4362 = AXIS2_PLACEMENT_3D('',#4363,#4364,#4365);
#4363 = CARTESIAN_POINT('',(48.1,8.5,0.));
#4364 = DIRECTION('',(1.,0.,0.));
#4365 = DIRECTION('',(0.,1.,0.));
#4366 = DEFINITIONAL_REPRESENTATION('',(#4367),#4371);
#4367 = ELLIPSE('',#4368,8.6,7.92);
#4368 = AXIS2_PLACEMENT_2D('',#4369,#4370);
#4369 = CARTESIAN_POINT('',(0.,0.));
#4370 = DIRECTION('',(1.,0.));
#4371 = ( GEOMETRIC_REPRESENTATION_CONTEXT(2) 
PARAMETRIC_REPRESENTATION_CONTEXT() REPRESENTATION_CONTEXT('2D SPACE',''
  ) );
#4372 = ORIENTED_EDGE('',*,*,#4373,.F.);
#4373 = EDGE_CURVE('',#4374,#4345,#4376,.T.);
#4374 = VERTEX_POINT('',#4375);
#4375 = CARTESIAN_POINT('',(56.454605480275,0.58,-2.039746863943));
#4376 = SURFACE_CURVE('',#4377,(#4394,#4414),.PCURVE_S1.);
#4377 = B_SPLINE_CURVE_WITH_KNOTS('',8,(#4378,#4379,#4380,#4381,#4382,
    #4383,#4384,#4385,#4386,#4387,#4388,#4389,#4390,#4391,#4392,#4393),
  .UNSPECIFIED.,.F.,.F.,(9,7,9),(0.,0.80511182582,1.),.UNSPECIFIED.);
#4378 = CARTESIAN_POINT('',(56.7,0.58,-2.000996380829));
#4379 = CARTESIAN_POINT('',(55.838477170405,0.58,-2.138333007831));
#4380 = CARTESIAN_POINT('',(54.975319992896,0.58,-2.265355162049));
#4381 = CARTESIAN_POINT('',(54.111036568282,0.58,-2.384813055898));
#4382 = CARTESIAN_POINT('',(53.245902943441,0.58,-2.49802912345));
#4383 = CARTESIAN_POINT('',(52.380126345987,0.58,-2.606072514967));
#4384 = CARTESIAN_POINT('',(51.513827096869,0.58,-2.709640933671));
#4385 = CARTESIAN_POINT('',(50.647076946101,0.58,-2.809322182985));
#4386 = CARTESIAN_POINT('',(49.569980765279,0.58,-2.928866393765));
#4387 = CARTESIAN_POINT('',(49.36004472981,0.58,-2.951962665527));
#4388 = CARTESIAN_POINT('',(49.150086908719,0.58,-2.974863798477));
#4389 = CARTESIAN_POINT('',(48.940108186894,0.58,-2.997575809985));
#4390 = CARTESIAN_POINT('',(48.730109392368,0.58,-3.020104392394));
#4391 = CARTESIAN_POINT('',(48.520091296312,0.58,-3.042454913018));
#4392 = CARTESIAN_POINT('',(48.310054613038,0.58,-3.06463241414));
#4393 = CARTESIAN_POINT('',(48.1,0.58,-3.086641613019));
#4394 = PCURVE('',#2533,#4395);
#4395 = DEFINITIONAL_REPRESENTATION('',(#4396),#4413);
#4396 = B_SPLINE_CURVE_WITH_KNOTS('',8,(#4397,#4398,#4399,#4400,#4401,
    #4402,#4403,#4404,#4405,#4406,#4407,#4408,#4409,#4410,#4411,#4412),
  .UNSPECIFIED.,.F.,.F.,(9,7,9),(0.,0.80511182582,1.),.UNSPECIFIED.);
#4397 = CARTESIAN_POINT('',(3.407102775727,0.326996197719));
#4398 = CARTESIAN_POINT('',(3.424715163044,0.294238675681));
#4399 = CARTESIAN_POINT('',(3.440864609564,0.261419011137));
#4400 = CARTESIAN_POINT('',(3.455929381959,0.228556523509));
#4401 = CARTESIAN_POINT('',(3.470092938101,0.195661708876));
#4402 = CARTESIAN_POINT('',(3.483503694424,0.162742446616));
#4403 = CARTESIAN_POINT('',(3.496259154354,0.129803311668));
#4404 = CARTESIAN_POINT('',(3.508441499025,9.684703217114E-02));
#4405 = CARTESIAN_POINT('',(3.52293971876,5.589280476346E-02));
#4406 = CARTESIAN_POINT('',(3.525735361464,4.791044600039E-02));
#4407 = CARTESIAN_POINT('',(3.528502006432,3.992725888664E-02));
#4408 = CARTESIAN_POINT('',(3.531240499828,3.194327706823E-02));
#4409 = CARTESIAN_POINT('',(3.533951642848,2.395853202921E-02));
#4410 = CARTESIAN_POINT('',(3.536636191719,1.597305309171E-02));
#4411 = CARTESIAN_POINT('',(3.539294857698,7.986867415904E-03));
#4412 = CARTESIAN_POINT('',(3.541928307074,0.));
#4413 = ( GEOMETRIC_REPRESENTATION_CONTEXT(2) 
PARAMETRIC_REPRESENTATION_CONTEXT() REPRESENTATION_CONTEXT('2D SPACE',''
  ) );
#4414 = PCURVE('',#4180,#4415);
#4415 = DEFINITIONAL_REPRESENTATION('',(#4416),#4433);
#4416 = B_SPLINE_CURVE_WITH_KNOTS('',8,(#4417,#4418,#4419,#4420,#4421,
    #4422,#4423,#4424,#4425,#4426,#4427,#4428,#4429,#4430,#4431,#4432),
  .UNSPECIFIED.,.F.,.F.,(9,7,9),(0.,0.80511182582,1.),.UNSPECIFIED.);
#4417 = CARTESIAN_POINT('',(-2.000996380829,8.6));
#4418 = CARTESIAN_POINT('',(-2.138333007831,7.738477170405));
#4419 = CARTESIAN_POINT('',(-2.265355162049,6.875319992896));
#4420 = CARTESIAN_POINT('',(-2.384813055898,6.011036568282));
#4421 = CARTESIAN_POINT('',(-2.49802912345,5.145902943441));
#4422 = CARTESIAN_POINT('',(-2.606072514967,4.280126345987));
#4423 = CARTESIAN_POINT('',(-2.709640933671,3.413827096869));
#4424 = CARTESIAN_POINT('',(-2.809322182985,2.547076946101));
#4425 = CARTESIAN_POINT('',(-2.928866393765,1.469980765279));
#4426 = CARTESIAN_POINT('',(-2.951962665527,1.26004472981));
#4427 = CARTESIAN_POINT('',(-2.974863798477,1.050086908719));
#4428 = CARTESIAN_POINT('',(-2.997575809985,0.840108186894));
#4429 = CARTESIAN_POINT('',(-3.020104392394,0.630109392368));
#4430 = CARTESIAN_POINT('',(-3.042454913018,0.420091296312));
#4431 = CARTESIAN_POINT('',(-3.06463241414,0.210054613038));
#4432 = CARTESIAN_POINT('',(-3.086641613019,0.));
#4433 = ( GEOMETRIC_REPRESENTATION_CONTEXT(2) 
PARAMETRIC_REPRESENTATION_CONTEXT() REPRESENTATION_CONTEXT('2D SPACE',''
  ) );
#4434 = ORIENTED_EDGE('',*,*,#4435,.F.);
#4435 = EDGE_CURVE('',#2512,#4374,#4436,.T.);
#4436 = SURFACE_CURVE('',#4437,(#4510,#4586),.PCURVE_S1.);
#4437 = B_SPLINE_CURVE_WITH_KNOTS('',8,(#4438,#4439,#4440,#4441,#4442,
    #4443,#4444,#4445,#4446,#4447,#4448,#4449,#4450,#4451,#4452,#4453,
    #4454,#4455,#4456,#4457,#4458,#4459,#4460,#4461,#4462,#4463,#4464,
    #4465,#4466,#4467,#4468,#4469,#4470,#4471,#4472,#4473,#4474,#4475,
    #4476,#4477,#4478,#4479,#4480,#4481,#4482,#4483,#4484,#4485,#4486,
    #4487,#4488,#4489,#4490,#4491,#4492,#4493,#4494,#4495,#4496,#4497,
    #4498,#4499,#4500,#4501,#4502,#4503,#4504,#4505,#4506,#4507,#4508,
    #4509),.UNSPECIFIED.,.F.,.F.,(9,7,7,7,7,7,7,7,7,7,9),(0.,
    7.88379072524E-02,0.137836021888,0.285462668632,0.417837757557,
    0.500084593635,0.584159857174,0.714323277904,0.863853372638,
    0.92062820201,1.),.UNSPECIFIED.);
#4438 = CARTESIAN_POINT('',(56.454605982975,16.4200006,-2.03974480493));
#4439 = CARTESIAN_POINT('',(56.393315355547,16.347925796488,
    -2.290785543639));
#4440 = CARTESIAN_POINT('',(56.324567328316,16.266938820823,
    -2.534954602815));
#4441 = CARTESIAN_POINT('',(56.249089604588,16.177829907018,
    -2.771763519717));
#4442 = CARTESIAN_POINT('',(56.167614380522,16.081388286389,
    -3.000932391455));
#4443 = CARTESIAN_POINT('',(56.080841529097,15.978362315005,
    -3.222345339775));
#4444 = CARTESIAN_POINT('',(55.989411317232,15.869428722906,
    -3.436015804482));
#4445 = CARTESIAN_POINT('',(55.893886656072,15.755170985104,
    -3.642061665508));
#4446 = CARTESIAN_POINT('',(55.720552432971,15.546935560579,
    -3.989333264952));
#4447 = CARTESIAN_POINT('',(55.644343085593,15.455100773801,
    -4.133804628957));
#4448 = CARTESIAN_POINT('',(55.566321530518,15.360768158708,
    -4.274183905529));
#4449 = CARTESIAN_POINT('',(55.486677470591,15.264124849943,
    -4.410555511093));
#4450 = CARTESIAN_POINT('',(55.405585847852,15.165339104463,
    -4.543008247141));
#4451 = CARTESIAN_POINT('',(55.323207068077,15.064559993892,
    -4.671634888761));
#4452 = CARTESIAN_POINT('',(55.239687225337,14.961917096869,
    -4.796531773169));
#4453 = CARTESIAN_POINT('',(54.943647874742,14.596295486501,
    -5.221234927802));
#4454 = CARTESIAN_POINT('',(54.725951625199,14.324251711632,
    -5.501752734839));
#4455 = CARTESIAN_POINT('',(54.504036909422,14.042986259332,
    -5.761117478127));
#4456 = CARTESIAN_POINT('',(54.279653104517,13.753720566756,
    -6.000626993882));
#4457 = CARTESIAN_POINT('',(54.054457258864,13.457374149268,
    -6.221372820375));
#4458 = CARTESIAN_POINT('',(53.830077187839,13.154574639296,
    -6.424314822647));
#4459 = CARTESIAN_POINT('',(53.608213071482,12.845613357588,
    -6.610263870723));
#4460 = CARTESIAN_POINT('',(53.195997292664,12.247668305397,
    -6.931949158198));
#4461 = CARTESIAN_POINT('',(53.004972815163,11.960229680383,
    -7.070720277915));
#4462 = CARTESIAN_POINT('',(52.819182675027,11.667871692299,
    -7.196744051675));
#4463 = CARTESIAN_POINT('',(52.640420854573,11.370464969852,
    -7.310270280669));
#4464 = CARTESIAN_POINT('',(52.47103032754,11.067903181919,
    -7.411341407809));
#4465 = CARTESIAN_POINT('',(52.313981209858,10.760087541432,
    -7.499842433145));
#4466 = CARTESIAN_POINT('',(52.173129795131,10.446849599497,
    -7.575486848206));
#4467 = CARTESIAN_POINT('',(51.977876925529,9.930030721988,
    -7.676533637291));
#4468 = CARTESIAN_POINT('',(51.910951348444,9.729883249294,
    -7.710106560586));
#4469 = CARTESIAN_POINT('',(51.85299480465,9.52777934176,-7.738390438059
    ));
#4470 = CARTESIAN_POINT('',(51.805106344496,9.32392645183,
    -7.761234309102));
#4471 = CARTESIAN_POINT('',(51.768348869709,9.118609337074,
    -7.778489483509));
#4472 = CARTESIAN_POINT('',(51.743572552032,8.912207713775,
    -7.790029546913));
#4473 = CARTESIAN_POINT('',(51.731234999241,8.705215972063,
    -7.795776573922));
#4474 = CARTESIAN_POINT('',(51.731420297543,8.28669573823,
    -7.795690260219));
#4475 = CARTESIAN_POINT('',(51.744501896284,8.075110114122,
    -7.789596627206));
#4476 = CARTESIAN_POINT('',(51.770576645801,7.864163995184,
    -7.777450357173));
#4477 = CARTESIAN_POINT('',(51.809138983036,7.654380962214,
    -7.759337511407));
#4478 = CARTESIAN_POINT('',(51.859259316255,7.446158926163,
    -7.735395827799));
#4479 = CARTESIAN_POINT('',(51.919786811209,7.23979245979,
    -7.705785552627));
#4480 = CARTESIAN_POINT('',(51.989545121955,7.035492449482,
    -7.670667407535));
#4481 = CARTESIAN_POINT('',(52.187928010646,6.520508121867,
    -7.56751608579));
#4482 = CARTESIAN_POINT('',(52.327830226778,6.212976736003,
    -7.492008187208));
#4483 = CARTESIAN_POINT('',(52.483115029408,5.910682024635,
    -7.404092002954));
#4484 = CARTESIAN_POINT('',(52.650171066656,5.613460247274,
    -7.304028318246));
#4485 = CARTESIAN_POINT('',(52.826201740635,5.321213579971,
    -7.191918368533));
#4486 = CARTESIAN_POINT('',(53.00899306566,5.033841021105,
    -7.067715315986));
#4487 = CARTESIAN_POINT('',(53.196839326577,4.75122332293,
    -6.931179693593));
#4488 = CARTESIAN_POINT('',(53.60850989422,4.153827768974,
    -6.610159772608));
#4489 = CARTESIAN_POINT('',(53.833258460691,3.840913488237,
    -6.421775254283));
#4490 = CARTESIAN_POINT('',(54.060576547829,3.534316657204,
    -6.215956465891));
#4491 = CARTESIAN_POINT('',(54.288703192404,3.234340228105,
    -5.991857967258));
#4492 = CARTESIAN_POINT('',(54.515949110796,2.941643213383,
    -5.748477907922));
#4493 = CARTESIAN_POINT('',(54.740589856473,2.657192997686,
    -5.48467832772));
#4494 = CARTESIAN_POINT('',(54.960799970565,2.38227661351,
    -5.199105885793));
#4495 = CARTESIAN_POINT('',(55.255663394291,2.018460399018,
    -4.772509666201));
#4496 = CARTESIAN_POINT('',(55.335853422094,1.919981106942,
    -4.651733936662));
#4497 = CARTESIAN_POINT('',(55.414968280379,1.823244308116,
    -4.527492621394));
#4498 = CARTESIAN_POINT('',(55.492876582672,1.728367123242,
    -4.399699988043));
#4499 = CARTESIAN_POINT('',(55.569434573449,1.635483462489,
    -4.268273473425));
#4500 = CARTESIAN_POINT('',(55.644485954063,1.544743761256,
    -4.133134040094));
#4501 = CARTESIAN_POINT('',(55.717861708661,1.456314715934,
    -3.994206532908));
#4502 = CARTESIAN_POINT('',(55.889363142512,1.250240028509,
    -3.65180303725));
#4503 = CARTESIAN_POINT('',(55.985700391304,1.134992863022,
    -3.444675429995));
#4504 = CARTESIAN_POINT('',(56.077906997077,1.025122005476,
    -3.229823612945));
#4505 = CARTESIAN_POINT('',(56.165410388085,0.921220628385,
    -3.00712502281));
#4506 = CARTESIAN_POINT('',(56.247558425746,0.823977830522,
    -2.776563537924));
#4507 = CARTESIAN_POINT('',(56.323637573886,0.734156467563,-2.5382550311
    ));
#4508 = CARTESIAN_POINT('',(56.392900911709,0.652561577385,
    -2.292483071298));
#4509 = CARTESIAN_POINT('',(56.4546059905,0.5799994,-2.039744774109));
#4510 = PCURVE('',#2533,#4511);
#4511 = DEFINITIONAL_REPRESENTATION('',(#4512),#4585);
#4512 = B_SPLINE_CURVE_WITH_KNOTS('',8,(#4513,#4514,#4515,#4516,#4517,
    #4518,#4519,#4520,#4521,#4522,#4523,#4524,#4525,#4526,#4527,#4528,
    #4529,#4530,#4531,#4532,#4533,#4534,#4535,#4536,#4537,#4538,#4539,
    #4540,#4541,#4542,#4543,#4544,#4545,#4546,#4547,#4548,#4549,#4550,
    #4551,#4552,#4553,#4554,#4555,#4556,#4557,#4558,#4559,#4560,#4561,
    #4562,#4563,#4564,#4565,#4566,#4567,#4568,#4569,#4570,#4571,#4572,
    #4573,#4574,#4575,#4576,#4577,#4578,#4579,#4580,#4581,#4582,#4583,
    #4584),.UNSPECIFIED.,.F.,.F.,(9,7,7,7,7,7,7,7,7,7,9),(0.,
    7.88379072524E-02,0.137836021888,0.285462668632,0.417837757557,
    0.500084593635,0.584159857174,0.714323277904,0.863853372638,
    0.92062820201,1.),.UNSPECIFIED.);
#4513 = CARTESIAN_POINT('',(6.012710920893,0.317665626729));
#4514 = CARTESIAN_POINT('',(5.978662340191,0.315335184622));
#4515 = CARTESIAN_POINT('',(5.945211148236,0.312721191191));
#4516 = CARTESIAN_POINT('',(5.912388696561,0.309851315764));
#4517 = CARTESIAN_POINT('',(5.880208040796,0.306753398499));
#4518 = CARTESIAN_POINT('',(5.848668351394,0.303454050536));
#4519 = CARTESIAN_POINT('',(5.817757609943,0.299977616625));
#4520 = CARTESIAN_POINT('',(5.787453591077,0.296345500231));
#4521 = CARTESIAN_POINT('',(5.735474427377,0.28975484536));
#4522 = CARTESIAN_POINT('',(5.713549603267,0.286857151543));
#4523 = CARTESIAN_POINT('',(5.691935968441,0.283890552491));
#4524 = CARTESIAN_POINT('',(5.670620999159,0.280862261239));
#4525 = CARTESIAN_POINT('',(5.64959212534,0.277778929576));
#4526 = CARTESIAN_POINT('',(5.628836518751,0.274646656581));
#4527 = CARTESIAN_POINT('',(5.608340881195,0.271470997161));
#4528 = CARTESIAN_POINT('',(5.537422025338,0.260214748089));
#4529 = CARTESIAN_POINT('',(5.488324586275,0.251937324152));
#4530 = CARTESIAN_POINT('',(5.440549799481,0.243499502259));
#4531 = CARTESIAN_POINT('',(5.393913579183,0.234967798651));
#4532 = CARTESIAN_POINT('',(5.348254162223,0.226405218968));
#4533 = CARTESIAN_POINT('',(5.303415347817,0.217873657332));
#4534 = CARTESIAN_POINT('',(5.259236709718,0.209437759372));
#4535 = CARTESIAN_POINT('',(5.176342129217,0.193764155615));
#4536 = CARTESIAN_POINT('',(5.137576594856,0.186500867497));
#4537 = CARTESIAN_POINT('',(5.099087053722,0.179436603613));
#4538 = CARTESIAN_POINT('',(5.060756173581,0.172639576219));
#4539 = CARTESIAN_POINT('',(5.022480633719,0.16619887177));
#4540 = CARTESIAN_POINT('',(4.984163299766,0.160227422428));
#4541 = CARTESIAN_POINT('',(4.945698605895,0.154871855328));
#4542 = CARTESIAN_POINT('',(4.882926799592,0.147447791845));
#4543 = CARTESIAN_POINT('',(4.858779194311,0.144903093097));
#4544 = CARTESIAN_POINT('',(4.834533746302,0.14269942223));
#4545 = CARTESIAN_POINT('',(4.810191826989,0.140878568232));
#4546 = CARTESIAN_POINT('',(4.785761914433,0.139480945616));
#4547 = CARTESIAN_POINT('',(4.761261511385,0.138538880305));
#4548 = CARTESIAN_POINT('',(4.736720067001,0.138069771834));
#4549 = CARTESIAN_POINT('',(4.687098919452,0.138076817397));
#4550 = CARTESIAN_POINT('',(4.662012432891,0.138574216589));
#4551 = CARTESIAN_POINT('',(4.636970481925,0.139565651932));
#4552 = CARTESIAN_POINT('',(4.612004001755,0.141031900496));
#4553 = CARTESIAN_POINT('',(4.587130883144,0.142937616588));
#4554 = CARTESIAN_POINT('',(4.562359231185,0.145239042251));
#4555 = CARTESIAN_POINT('',(4.537689446587,0.147891449504));
#4556 = CARTESIAN_POINT('',(4.475067899772,0.15543452512));
#4557 = CARTESIAN_POINT('',(4.437258043453,0.160754001018));
#4558 = CARTESIAN_POINT('',(4.399583875423,0.166658366137));
#4559 = CARTESIAN_POINT('',(4.361944601019,0.173010306717));
#4560 = CARTESIAN_POINT('',(4.324247120223,0.179703488237));
#4561 = CARTESIAN_POINT('',(4.286392847435,0.186653728732));
#4562 = CARTESIAN_POINT('',(4.248270361857,0.193796172113));
#4563 = CARTESIAN_POINT('',(4.165477182015,0.209449045408));
#4564 = CARTESIAN_POINT('',(4.120730570325,0.217994618277));
#4565 = CARTESIAN_POINT('',(4.075305655097,0.226637891552));
#4566 = CARTESIAN_POINT('',(4.029035650963,0.235311908456));
#4567 = CARTESIAN_POINT('',(3.981758254737,0.243952437673));
#4568 = CARTESIAN_POINT('',(3.933305454019,0.252493910893));
#4569 = CARTESIAN_POINT('',(3.883485728582,0.260866919033));
#4570 = CARTESIAN_POINT('',(3.812503638987,0.272078456057));
#4571 = CARTESIAN_POINT('',(3.792739541221,0.275127506543));
#4572 = CARTESIAN_POINT('',(3.772733093312,0.27813567606));
#4573 = CARTESIAN_POINT('',(3.752472449704,0.281097968923));
#4574 = CARTESIAN_POINT('',(3.731946170349,0.284008919143));
#4575 = CARTESIAN_POINT('',(3.711143046656,0.286862583805));
#4576 = CARTESIAN_POINT('',(3.690051927442,0.289652536451));
#4577 = CARTESIAN_POINT('',(3.638757569066,0.296173503518));
#4578 = CARTESIAN_POINT('',(3.608273433474,0.29983651678));
#4579 = CARTESIAN_POINT('',(3.577175078529,0.303342471372));
#4580 = CARTESIAN_POINT('',(3.545439628664,0.306669596505));
#4581 = CARTESIAN_POINT('',(3.513054619057,0.309793096036));
#4582 = CARTESIAN_POINT('',(3.4800189914,0.312685839311));
#4583 = CARTESIAN_POINT('',(3.446345858705,0.315319426301));
#4584 = CARTESIAN_POINT('',(3.412067039129,0.317665627015));
#4585 = ( GEOMETRIC_REPRESENTATION_CONTEXT(2) 
PARAMETRIC_REPRESENTATION_CONTEXT() REPRESENTATION_CONTEXT('2D SPACE',''
  ) );
#4586 = PCURVE('',#4057,#4587);
#4587 = DEFINITIONAL_REPRESENTATION('',(#4588),#4661);
#4588 = B_SPLINE_CURVE_WITH_KNOTS('',8,(#4589,#4590,#4591,#4592,#4593,
    #4594,#4595,#4596,#4597,#4598,#4599,#4600,#4601,#4602,#4603,#4604,
    #4605,#4606,#4607,#4608,#4609,#4610,#4611,#4612,#4613,#4614,#4615,
    #4616,#4617,#4618,#4619,#4620,#4621,#4622,#4623,#4624,#4625,#4626,
    #4627,#4628,#4629,#4630,#4631,#4632,#4633,#4634,#4635,#4636,#4637,
    #4638,#4639,#4640,#4641,#4642,#4643,#4644,#4645,#4646,#4647,#4648,
    #4649,#4650,#4651,#4652,#4653,#4654,#4655,#4656,#4657,#4658,#4659,
    #4660),.UNSPECIFIED.,.F.,.F.,(9,7,7,7,7,7,7,7,7,7,9),(0.,
    7.88379072524E-02,0.137836021888,0.285462668632,0.417837757557,
    0.500084593635,0.584159857174,0.714323277904,0.863853372638,
    0.92062820201,1.),.UNSPECIFIED.);
#4589 = CARTESIAN_POINT('',(1.810257931783,15.8400006));
#4590 = CARTESIAN_POINT('',(1.840306115889,15.767925796488));
#4591 = CARTESIAN_POINT('',(1.869783716863,15.686938820823));
#4592 = CARTESIAN_POINT('',(1.898656916655,15.597829907018));
#4593 = CARTESIAN_POINT('',(1.926908489191,15.501388286389));
#4594 = CARTESIAN_POINT('',(1.954533772445,15.398362315005));
#4595 = CARTESIAN_POINT('',(1.98153806266,15.289428722906));
#4596 = CARTESIAN_POINT('',(2.007935430732,15.175170985104));
#4597 = CARTESIAN_POINT('',(2.053066439578,14.966935560579));
#4598 = CARTESIAN_POINT('',(2.072054637321,14.875100773801));
#4599 = CARTESIAN_POINT('',(2.090722178418,14.780768158708));
#4600 = CARTESIAN_POINT('',(2.109077418527,14.684124849943));
#4601 = CARTESIAN_POINT('',(2.127128562951,14.585339104463));
#4602 = CARTESIAN_POINT('',(2.144883785063,14.484559993892));
#4603 = CARTESIAN_POINT('',(2.162351344721,14.381917096869));
#4604 = CARTESIAN_POINT('',(2.222548881754,14.016295486501));
#4605 = CARTESIAN_POINT('',(2.263783146484,13.744251711632));
#4606 = CARTESIAN_POINT('',(2.303401138072,13.462986259332));
#4607 = CARTESIAN_POINT('',(2.341490173229,13.173720566756));
#4608 = CARTESIAN_POINT('',(2.37809643514,12.877374149268));
#4609 = CARTESIAN_POINT('',(2.413233420598,12.574574639296));
#4610 = CARTESIAN_POINT('',(2.446873773897,12.265613357588));
#4611 = CARTESIAN_POINT('',(2.507673749222,11.667668305397));
#4612 = CARTESIAN_POINT('',(2.535112120248,11.380229680383));
#4613 = CARTESIAN_POINT('',(2.561194932138,11.087871692299));
#4614 = CARTESIAN_POINT('',(2.585798042866,10.790464969852));
#4615 = CARTESIAN_POINT('',(2.608719426424,10.487903181919));
#4616 = CARTESIAN_POINT('',(2.629673608612,10.180087541432));
#4617 = CARTESIAN_POINT('',(2.648261983956,9.866849599497));
#4618 = CARTESIAN_POINT('',(2.673825967637,9.350030721988));
#4619 = CARTESIAN_POINT('',(2.682531602983,9.149883249294));
#4620 = CARTESIAN_POINT('',(2.690029765072,8.94777934176));
#4621 = CARTESIAN_POINT('',(2.696199021634,8.74392645183));
#4622 = CARTESIAN_POINT('',(2.700920635652,8.538609337074));
#4623 = CARTESIAN_POINT('',(2.704098779688,8.332207713775));
#4624 = CARTESIAN_POINT('',(2.705681385745,8.125215972063));
#4625 = CARTESIAN_POINT('',(2.705657616552,7.70669573823));
#4626 = CARTESIAN_POINT('',(2.703979566995,7.495110114122));
#4627 = CARTESIAN_POINT('',(2.700634797113,7.284163995184));
#4628 = CARTESIAN_POINT('',(2.695680833028,7.074380962214));
#4629 = CARTESIAN_POINT('',(2.689222423206,6.866158926163));
#4630 = CARTESIAN_POINT('',(2.681388044428,6.65979245979));
#4631 = CARTESIAN_POINT('',(2.672307503344,6.455492449482));
#4632 = CARTESIAN_POINT('',(2.646307761878,5.940508121867));
#4633 = CARTESIAN_POINT('',(2.627824122395,5.632976736003));
#4634 = CARTESIAN_POINT('',(2.607081900523,5.330682024635));
#4635 = CARTESIAN_POINT('',(2.58445306759,5.033460247274));
#4636 = CARTESIAN_POINT('',(2.560205393556,4.741213579971));
#4637 = CARTESIAN_POINT('',(2.534528954245,4.453841021105));
#4638 = CARTESIAN_POINT('',(2.507541517144,4.17122332293));
#4639 = CARTESIAN_POINT('',(2.446839115349,3.573827768974));
#4640 = CARTESIAN_POINT('',(2.412760557979,3.260913488237));
#4641 = CARTESIAN_POINT('',(2.377147491633,2.954316657204));
#4642 = CARTESIAN_POINT('',(2.340027544508,2.654340228105));
#4643 = CARTESIAN_POINT('',(2.301385706657,2.361643213383));
#4644 = CARTESIAN_POINT('',(2.261173099682,2.077192997686));
#4645 = CARTESIAN_POINT('',(2.219297799895,1.80227661351));
#4646 = CARTESIAN_POINT('',(2.15899740113,1.438460399018));
#4647 = CARTESIAN_POINT('',(2.142142998374,1.339981106942));
#4648 = CARTESIAN_POINT('',(2.125021215492,1.243244308116));
#4649 = CARTESIAN_POINT('',(2.107624666811,1.148367123242));
#4650 = CARTESIAN_POINT('',(2.089946047372,1.055483462489));
#4651 = CARTESIAN_POINT('',(2.071978035733,0.964743761256));
#4652 = CARTESIAN_POINT('',(2.053713196768,0.876314715934));
#4653 = CARTESIAN_POINT('',(2.009183794037,0.670240028509));
#4654 = CARTESIAN_POINT('',(1.982632734135,0.554992863022));
#4655 = CARTESIAN_POINT('',(1.955466976278,0.445122005476));
#4656 = CARTESIAN_POINT('',(1.927671994622,0.341220628385));
#4657 = CARTESIAN_POINT('',(1.899242206226,0.243977830522));
#4658 = CARTESIAN_POINT('',(1.870182178026,0.154156467563));
#4659 = CARTESIAN_POINT('',(1.840509300507,7.256157738514E-02));
#4660 = CARTESIAN_POINT('',(1.810257928094,-6.E-07));
#4661 = ( GEOMETRIC_REPRESENTATION_CONTEXT(2) 
PARAMETRIC_REPRESENTATION_CONTEXT() REPRESENTATION_CONTEXT('2D SPACE',''
  ) );
#4662 = ADVANCED_FACE('',(#4663),#2584,.T.);
#4663 = FACE_BOUND('',#4664,.T.);
#4664 = EDGE_LOOP('',(#4665,#4666,#4688,#4689,#4712,#4736));
#4665 = ORIENTED_EDGE('',*,*,#2509,.T.);
#4666 = ORIENTED_EDGE('',*,*,#4667,.T.);
#4667 = EDGE_CURVE('',#2512,#3842,#4668,.T.);
#4668 = SURFACE_CURVE('',#4669,(#4674,#4681),.PCURVE_S1.);
#4669 = CIRCLE('',#4670,8.6);
#4670 = AXIS2_PLACEMENT_3D('',#4671,#4672,#4673);
#4671 = CARTESIAN_POINT('',(48.1,16.42,0.));
#4672 = DIRECTION('',(0.,1.,0.));
#4673 = DIRECTION('',(0.971465752645,0.,-0.237179871484));
#4674 = PCURVE('',#2584,#4675);
#4675 = DEFINITIONAL_REPRESENTATION('',(#4676),#4680);
#4676 = CIRCLE('',#4677,8.6);
#4677 = AXIS2_PLACEMENT_2D('',#4678,#4679);
#4678 = CARTESIAN_POINT('',(0.,0.));
#4679 = DIRECTION('',(-0.237179871484,0.971465752645));
#4680 = ( GEOMETRIC_REPRESENTATION_CONTEXT(2) 
PARAMETRIC_REPRESENTATION_CONTEXT() REPRESENTATION_CONTEXT('2D SPACE',''
  ) );
#4681 = PCURVE('',#4057,#4682);
#4682 = DEFINITIONAL_REPRESENTATION('',(#4683),#4687);
#4683 = LINE('',#4684,#4685);
#4684 = CARTESIAN_POINT('',(1.810258181924,15.84));
#4685 = VECTOR('',#4686,1.);
#4686 = DIRECTION('',(1.,0.));
#4687 = ( GEOMETRIC_REPRESENTATION_CONTEXT(2) 
PARAMETRIC_REPRESENTATION_CONTEXT() REPRESENTATION_CONTEXT('2D SPACE',''
  ) );
#4688 = ORIENTED_EDGE('',*,*,#3841,.F.);
#4689 = ORIENTED_EDGE('',*,*,#4690,.F.);
#4690 = EDGE_CURVE('',#4691,#3813,#4693,.T.);
#4691 = VERTEX_POINT('',#4692);
#4692 = CARTESIAN_POINT('',(48.1,16.42,1.6));
#4693 = SURFACE_CURVE('',#4694,(#4698,#4705),.PCURVE_S1.);
#4694 = LINE('',#4695,#4696);
#4695 = CARTESIAN_POINT('',(48.1,16.42,0.));
#4696 = VECTOR('',#4697,1.);
#4697 = DIRECTION('',(0.,0.,1.));
#4698 = PCURVE('',#2584,#4699);
#4699 = DEFINITIONAL_REPRESENTATION('',(#4700),#4704);
#4700 = LINE('',#4701,#4702);
#4701 = CARTESIAN_POINT('',(0.,0.));
#4702 = VECTOR('',#4703,1.);
#4703 = DIRECTION('',(1.,0.));
#4704 = ( GEOMETRIC_REPRESENTATION_CONTEXT(2) 
PARAMETRIC_REPRESENTATION_CONTEXT() REPRESENTATION_CONTEXT('2D SPACE',''
  ) );
#4705 = PCURVE('',#3829,#4706);
#4706 = DEFINITIONAL_REPRESENTATION('',(#4707),#4711);
#4707 = LINE('',#4708,#4709);
#4708 = CARTESIAN_POINT('',(7.92,0.));
#4709 = VECTOR('',#4710,1.);
#4710 = DIRECTION('',(0.,1.));
#4711 = ( GEOMETRIC_REPRESENTATION_CONTEXT(2) 
PARAMETRIC_REPRESENTATION_CONTEXT() REPRESENTATION_CONTEXT('2D SPACE',''
  ) );
#4712 = ORIENTED_EDGE('',*,*,#4713,.F.);
#4713 = EDGE_CURVE('',#4714,#4691,#4716,.T.);
#4714 = VERTEX_POINT('',#4715);
#4715 = CARTESIAN_POINT('',(48.1,16.42,-1.6));
#4716 = SURFACE_CURVE('',#4717,(#4722,#4729),.PCURVE_S1.);
#4717 = CIRCLE('',#4718,1.6);
#4718 = AXIS2_PLACEMENT_3D('',#4719,#4720,#4721);
#4719 = CARTESIAN_POINT('',(48.1,16.42,0.));
#4720 = DIRECTION('',(0.,1.,0.));
#4721 = DIRECTION('',(0.,-0.,1.));
#4722 = PCURVE('',#2584,#4723);
#4723 = DEFINITIONAL_REPRESENTATION('',(#4724),#4728);
#4724 = CIRCLE('',#4725,1.6);
#4725 = AXIS2_PLACEMENT_2D('',#4726,#4727);
#4726 = CARTESIAN_POINT('',(0.,0.));
#4727 = DIRECTION('',(1.,0.));
#4728 = ( GEOMETRIC_REPRESENTATION_CONTEXT(2) 
PARAMETRIC_REPRESENTATION_CONTEXT() REPRESENTATION_CONTEXT('2D SPACE',''
  ) );
#4729 = PCURVE('',#2682,#4730);
#4730 = DEFINITIONAL_REPRESENTATION('',(#4731),#4735);
#4731 = LINE('',#4732,#4733);
#4732 = CARTESIAN_POINT('',(0.,23.76));
#4733 = VECTOR('',#4734,1.);
#4734 = DIRECTION('',(1.,0.));
#4735 = ( GEOMETRIC_REPRESENTATION_CONTEXT(2) 
PARAMETRIC_REPRESENTATION_CONTEXT() REPRESENTATION_CONTEXT('2D SPACE',''
  ) );
#4736 = ORIENTED_EDGE('',*,*,#4737,.F.);
#4737 = EDGE_CURVE('',#2510,#4714,#4738,.T.);
#4738 = SURFACE_CURVE('',#4739,(#4743,#4750),.PCURVE_S1.);
#4739 = LINE('',#4740,#4741);
#4740 = CARTESIAN_POINT('',(48.1,16.42,0.));
#4741 = VECTOR('',#4742,1.);
#4742 = DIRECTION('',(0.,0.,1.));
#4743 = PCURVE('',#2584,#4744);
#4744 = DEFINITIONAL_REPRESENTATION('',(#4745),#4749);
#4745 = LINE('',#4746,#4747);
#4746 = CARTESIAN_POINT('',(0.,0.));
#4747 = VECTOR('',#4748,1.);
#4748 = DIRECTION('',(1.,0.));
#4749 = ( GEOMETRIC_REPRESENTATION_CONTEXT(2) 
PARAMETRIC_REPRESENTATION_CONTEXT() REPRESENTATION_CONTEXT('2D SPACE',''
  ) );
#4750 = PCURVE('',#2626,#4751);
#4751 = DEFINITIONAL_REPRESENTATION('',(#4752),#4756);
#4752 = LINE('',#4753,#4754);
#4753 = CARTESIAN_POINT('',(7.92,0.));
#4754 = VECTOR('',#4755,1.);
#4755 = DIRECTION('',(0.,1.));
#4756 = ( GEOMETRIC_REPRESENTATION_CONTEXT(2) 
PARAMETRIC_REPRESENTATION_CONTEXT() REPRESENTATION_CONTEXT('2D SPACE',''
  ) );
#4757 = ADVANCED_FACE('',(#4758),#4057,.T.);
#4758 = FACE_BOUND('',#4759,.T.);
#4759 = EDGE_LOOP('',(#4760,#4782,#4783,#4784));
#4760 = ORIENTED_EDGE('',*,*,#4761,.T.);
#4761 = EDGE_CURVE('',#4374,#3904,#4762,.T.);
#4762 = SURFACE_CURVE('',#4763,(#4768,#4775),.PCURVE_S1.);
#4763 = CIRCLE('',#4764,8.6);
#4764 = AXIS2_PLACEMENT_3D('',#4765,#4766,#4767);
#4765 = CARTESIAN_POINT('',(48.1,0.58,0.));
#4766 = DIRECTION('',(0.,1.,0.));
#4767 = DIRECTION('',(0.97146575352,0.,-0.2371798679));
#4768 = PCURVE('',#4057,#4769);
#4769 = DEFINITIONAL_REPRESENTATION('',(#4770),#4774);
#4770 = LINE('',#4771,#4772);
#4771 = CARTESIAN_POINT('',(1.810258178235,0.));
#4772 = VECTOR('',#4773,1.);
#4773 = DIRECTION('',(1.,0.));
#4774 = ( GEOMETRIC_REPRESENTATION_CONTEXT(2) 
PARAMETRIC_REPRESENTATION_CONTEXT() REPRESENTATION_CONTEXT('2D SPACE',''
  ) );
#4775 = PCURVE('',#4180,#4776);
#4776 = DEFINITIONAL_REPRESENTATION('',(#4777),#4781);
#4777 = CIRCLE('',#4778,8.6);
#4778 = AXIS2_PLACEMENT_2D('',#4779,#4780);
#4779 = CARTESIAN_POINT('',(0.,0.));
#4780 = DIRECTION('',(-0.2371798679,0.97146575352));
#4781 = ( GEOMETRIC_REPRESENTATION_CONTEXT(2) 
PARAMETRIC_REPRESENTATION_CONTEXT() REPRESENTATION_CONTEXT('2D SPACE',''
  ) );
#4782 = ORIENTED_EDGE('',*,*,#3903,.T.);
#4783 = ORIENTED_EDGE('',*,*,#4667,.F.);
#4784 = ORIENTED_EDGE('',*,*,#4435,.T.);
#4785 = ADVANCED_FACE('',(#4786),#4180,.F.);
#4786 = FACE_BOUND('',#4787,.F.);
#4787 = EDGE_LOOP('',(#4788,#4789,#4790,#4791,#4814,#4838));
#4788 = ORIENTED_EDGE('',*,*,#4373,.F.);
#4789 = ORIENTED_EDGE('',*,*,#4761,.T.);
#4790 = ORIENTED_EDGE('',*,*,#4138,.F.);
#4791 = ORIENTED_EDGE('',*,*,#4792,.F.);
#4792 = EDGE_CURVE('',#4793,#4139,#4795,.T.);
#4793 = VERTEX_POINT('',#4794);
#4794 = CARTESIAN_POINT('',(48.1,0.58,1.6));
#4795 = SURFACE_CURVE('',#4796,(#4800,#4807),.PCURVE_S1.);
#4796 = LINE('',#4797,#4798);
#4797 = CARTESIAN_POINT('',(48.1,0.58,0.));
#4798 = VECTOR('',#4799,1.);
#4799 = DIRECTION('',(0.,0.,1.));
#4800 = PCURVE('',#4180,#4801);
#4801 = DEFINITIONAL_REPRESENTATION('',(#4802),#4806);
#4802 = LINE('',#4803,#4804);
#4803 = CARTESIAN_POINT('',(0.,0.));
#4804 = VECTOR('',#4805,1.);
#4805 = DIRECTION('',(1.,0.));
#4806 = ( GEOMETRIC_REPRESENTATION_CONTEXT(2) 
PARAMETRIC_REPRESENTATION_CONTEXT() REPRESENTATION_CONTEXT('2D SPACE',''
  ) );
#4807 = PCURVE('',#4222,#4808);
#4808 = DEFINITIONAL_REPRESENTATION('',(#4809),#4813);
#4809 = LINE('',#4810,#4811);
#4810 = CARTESIAN_POINT('',(-7.92,0.));
#4811 = VECTOR('',#4812,1.);
#4812 = DIRECTION('',(0.,1.));
#4813 = ( GEOMETRIC_REPRESENTATION_CONTEXT(2) 
PARAMETRIC_REPRESENTATION_CONTEXT() REPRESENTATION_CONTEXT('2D SPACE',''
  ) );
#4814 = ORIENTED_EDGE('',*,*,#4815,.F.);
#4815 = EDGE_CURVE('',#4816,#4793,#4818,.T.);
#4816 = VERTEX_POINT('',#4817);
#4817 = CARTESIAN_POINT('',(48.1,0.58,-1.6));
#4818 = SURFACE_CURVE('',#4819,(#4824,#4831),.PCURVE_S1.);
#4819 = CIRCLE('',#4820,1.6);
#4820 = AXIS2_PLACEMENT_3D('',#4821,#4822,#4823);
#4821 = CARTESIAN_POINT('',(48.1,0.58,0.));
#4822 = DIRECTION('',(0.,1.,0.));
#4823 = DIRECTION('',(0.,-0.,1.));
#4824 = PCURVE('',#4180,#4825);
#4825 = DEFINITIONAL_REPRESENTATION('',(#4826),#4830);
#4826 = CIRCLE('',#4827,1.6);
#4827 = AXIS2_PLACEMENT_2D('',#4828,#4829);
#4828 = CARTESIAN_POINT('',(0.,0.));
#4829 = DIRECTION('',(1.,0.));
#4830 = ( GEOMETRIC_REPRESENTATION_CONTEXT(2) 
PARAMETRIC_REPRESENTATION_CONTEXT() REPRESENTATION_CONTEXT('2D SPACE',''
  ) );
#4831 = PCURVE('',#2682,#4832);
#4832 = DEFINITIONAL_REPRESENTATION('',(#4833),#4837);
#4833 = LINE('',#4834,#4835);
#4834 = CARTESIAN_POINT('',(0.,7.92));
#4835 = VECTOR('',#4836,1.);
#4836 = DIRECTION('',(1.,0.));
#4837 = ( GEOMETRIC_REPRESENTATION_CONTEXT(2) 
PARAMETRIC_REPRESENTATION_CONTEXT() REPRESENTATION_CONTEXT('2D SPACE',''
  ) );
#4838 = ORIENTED_EDGE('',*,*,#4839,.F.);
#4839 = EDGE_CURVE('',#4345,#4816,#4840,.T.);
#4840 = SURFACE_CURVE('',#4841,(#4845,#4852),.PCURVE_S1.);
#4841 = LINE('',#4842,#4843);
#4842 = CARTESIAN_POINT('',(48.1,0.58,0.));
#4843 = VECTOR('',#4844,1.);
#4844 = DIRECTION('',(0.,0.,1.));
#4845 = PCURVE('',#4180,#4846);
#4846 = DEFINITIONAL_REPRESENTATION('',(#4847),#4851);
#4847 = LINE('',#4848,#4849);
#4848 = CARTESIAN_POINT('',(0.,0.));
#4849 = VECTOR('',#4850,1.);
#4850 = DIRECTION('',(1.,0.));
#4851 = ( GEOMETRIC_REPRESENTATION_CONTEXT(2) 
PARAMETRIC_REPRESENTATION_CONTEXT() REPRESENTATION_CONTEXT('2D SPACE',''
  ) );
#4852 = PCURVE('',#4361,#4853);
#4853 = DEFINITIONAL_REPRESENTATION('',(#4854),#4858);
#4854 = LINE('',#4855,#4856);
#4855 = CARTESIAN_POINT('',(-7.92,0.));
#4856 = VECTOR('',#4857,1.);
#4857 = DIRECTION('',(0.,1.));
#4858 = ( GEOMETRIC_REPRESENTATION_CONTEXT(2) 
PARAMETRIC_REPRESENTATION_CONTEXT() REPRESENTATION_CONTEXT('2D SPACE',''
  ) );
#4859 = ADVANCED_FACE('',(#4860),#4361,.F.);
#4860 = FACE_BOUND('',#4861,.F.);
#4861 = EDGE_LOOP('',(#4862,#4863,#4884));
#4862 = ORIENTED_EDGE('',*,*,#4839,.T.);
#4863 = ORIENTED_EDGE('',*,*,#4864,.F.);
#4864 = EDGE_CURVE('',#4235,#4816,#4865,.T.);
#4865 = SURFACE_CURVE('',#4866,(#4870,#4877),.PCURVE_S1.);
#4866 = LINE('',#4867,#4868);
#4867 = CARTESIAN_POINT('',(48.1,-7.34,-1.6));
#4868 = VECTOR('',#4869,1.);
#4869 = DIRECTION('',(0.,1.,0.));
#4870 = PCURVE('',#4361,#4871);
#4871 = DEFINITIONAL_REPRESENTATION('',(#4872),#4876);
#4872 = LINE('',#4873,#4874);
#4873 = CARTESIAN_POINT('',(-15.84,-1.6));
#4874 = VECTOR('',#4875,1.);
#4875 = DIRECTION('',(1.,0.));
#4876 = ( GEOMETRIC_REPRESENTATION_CONTEXT(2) 
PARAMETRIC_REPRESENTATION_CONTEXT() REPRESENTATION_CONTEXT('2D SPACE',''
  ) );
#4877 = PCURVE('',#2682,#4878);
#4878 = DEFINITIONAL_REPRESENTATION('',(#4879),#4883);
#4879 = LINE('',#4880,#4881);
#4880 = CARTESIAN_POINT('',(3.14159265359,0.));
#4881 = VECTOR('',#4882,1.);
#4882 = DIRECTION('',(0.,1.));
#4883 = ( GEOMETRIC_REPRESENTATION_CONTEXT(2) 
PARAMETRIC_REPRESENTATION_CONTEXT() REPRESENTATION_CONTEXT('2D SPACE',''
  ) );
#4884 = ORIENTED_EDGE('',*,*,#4344,.T.);
#4885 = ADVANCED_FACE('',(#4886),#2682,.F.);
#4886 = FACE_BOUND('',#4887,.F.);
#4887 = EDGE_LOOP('',(#4888,#4889,#4910,#4931,#4952,#4953,#4954,#4955,
    #4956,#4957,#4978));
#4888 = ORIENTED_EDGE('',*,*,#3747,.F.);
#4889 = ORIENTED_EDGE('',*,*,#4890,.F.);
#4890 = EDGE_CURVE('',#4691,#3748,#4891,.T.);
#4891 = SURFACE_CURVE('',#4892,(#4896,#4903),.PCURVE_S1.);
#4892 = LINE('',#4893,#4894);
#4893 = CARTESIAN_POINT('',(48.1,-7.34,1.6));
#4894 = VECTOR('',#4895,1.);
#4895 = DIRECTION('',(0.,1.,0.));
#4896 = PCURVE('',#2682,#4897);
#4897 = DEFINITIONAL_REPRESENTATION('',(#4898),#4902);
#4898 = LINE('',#4899,#4900);
#4899 = CARTESIAN_POINT('',(0.,-0.));
#4900 = VECTOR('',#4901,1.);
#4901 = DIRECTION('',(0.,1.));
#4902 = ( GEOMETRIC_REPRESENTATION_CONTEXT(2) 
PARAMETRIC_REPRESENTATION_CONTEXT() REPRESENTATION_CONTEXT('2D SPACE',''
  ) );
#4903 = PCURVE('',#3829,#4904);
#4904 = DEFINITIONAL_REPRESENTATION('',(#4905),#4909);
#4905 = LINE('',#4906,#4907);
#4906 = CARTESIAN_POINT('',(-15.84,1.6));
#4907 = VECTOR('',#4908,1.);
#4908 = DIRECTION('',(1.,0.));
#4909 = ( GEOMETRIC_REPRESENTATION_CONTEXT(2) 
PARAMETRIC_REPRESENTATION_CONTEXT() REPRESENTATION_CONTEXT('2D SPACE',''
  ) );
#4910 = ORIENTED_EDGE('',*,*,#4911,.F.);
#4911 = EDGE_CURVE('',#4793,#4691,#4912,.T.);
#4912 = SEAM_CURVE('',#4913,(#4917,#4924),.PCURVE_S1.);
#4913 = LINE('',#4914,#4915);
#4914 = CARTESIAN_POINT('',(48.1,-7.34,1.6));
#4915 = VECTOR('',#4916,1.);
#4916 = DIRECTION('',(0.,1.,0.));
#4917 = PCURVE('',#2682,#4918);
#4918 = DEFINITIONAL_REPRESENTATION('',(#4919),#4923);
#4919 = LINE('',#4920,#4921);
#4920 = CARTESIAN_POINT('',(6.28318530718,-0.));
#4921 = VECTOR('',#4922,1.);
#4922 = DIRECTION('',(0.,1.));
#4923 = ( GEOMETRIC_REPRESENTATION_CONTEXT(2) 
PARAMETRIC_REPRESENTATION_CONTEXT() REPRESENTATION_CONTEXT('2D SPACE',''
  ) );
#4924 = PCURVE('',#2682,#4925);
#4925 = DEFINITIONAL_REPRESENTATION('',(#4926),#4930);
#4926 = LINE('',#4927,#4928);
#4927 = CARTESIAN_POINT('',(0.,-0.));
#4928 = VECTOR('',#4929,1.);
#4929 = DIRECTION('',(0.,1.));
#4930 = ( GEOMETRIC_REPRESENTATION_CONTEXT(2) 
PARAMETRIC_REPRESENTATION_CONTEXT() REPRESENTATION_CONTEXT('2D SPACE',''
  ) );
#4931 = ORIENTED_EDGE('',*,*,#4932,.F.);
#4932 = EDGE_CURVE('',#4206,#4793,#4933,.T.);
#4933 = SURFACE_CURVE('',#4934,(#4938,#4945),.PCURVE_S1.);
#4934 = LINE('',#4935,#4936);
#4935 = CARTESIAN_POINT('',(48.1,-7.34,1.6));
#4936 = VECTOR('',#4937,1.);
#4937 = DIRECTION('',(0.,1.,0.));
#4938 = PCURVE('',#2682,#4939);
#4939 = DEFINITIONAL_REPRESENTATION('',(#4940),#4944);
#4940 = LINE('',#4941,#4942);
#4941 = CARTESIAN_POINT('',(0.,-0.));
#4942 = VECTOR('',#4943,1.);
#4943 = DIRECTION('',(0.,1.));
#4944 = ( GEOMETRIC_REPRESENTATION_CONTEXT(2) 
PARAMETRIC_REPRESENTATION_CONTEXT() REPRESENTATION_CONTEXT('2D SPACE',''
  ) );
#4945 = PCURVE('',#4222,#4946);
#4946 = DEFINITIONAL_REPRESENTATION('',(#4947),#4951);
#4947 = LINE('',#4948,#4949);
#4948 = CARTESIAN_POINT('',(-15.84,1.6));
#4949 = VECTOR('',#4950,1.);
#4950 = DIRECTION('',(1.,0.));
#4951 = ( GEOMETRIC_REPRESENTATION_CONTEXT(2) 
PARAMETRIC_REPRESENTATION_CONTEXT() REPRESENTATION_CONTEXT('2D SPACE',''
  ) );
#4952 = ORIENTED_EDGE('',*,*,#4234,.T.);
#4953 = ORIENTED_EDGE('',*,*,#4864,.T.);
#4954 = ORIENTED_EDGE('',*,*,#4815,.T.);
#4955 = ORIENTED_EDGE('',*,*,#4911,.T.);
#4956 = ORIENTED_EDGE('',*,*,#4713,.F.);
#4957 = ORIENTED_EDGE('',*,*,#4958,.T.);
#4958 = EDGE_CURVE('',#4714,#2610,#4959,.T.);
#4959 = SURFACE_CURVE('',#4960,(#4964,#4971),.PCURVE_S1.);
#4960 = LINE('',#4961,#4962);
#4961 = CARTESIAN_POINT('',(48.1,-7.34,-1.6));
#4962 = VECTOR('',#4963,1.);
#4963 = DIRECTION('',(0.,1.,0.));
#4964 = PCURVE('',#2682,#4965);
#4965 = DEFINITIONAL_REPRESENTATION('',(#4966),#4970);
#4966 = LINE('',#4967,#4968);
#4967 = CARTESIAN_POINT('',(3.14159265359,0.));
#4968 = VECTOR('',#4969,1.);
#4969 = DIRECTION('',(0.,1.));
#4970 = ( GEOMETRIC_REPRESENTATION_CONTEXT(2) 
PARAMETRIC_REPRESENTATION_CONTEXT() REPRESENTATION_CONTEXT('2D SPACE',''
  ) );
#4971 = PCURVE('',#2626,#4972);
#4972 = DEFINITIONAL_REPRESENTATION('',(#4973),#4977);
#4973 = LINE('',#4974,#4975);
#4974 = CARTESIAN_POINT('',(-15.84,-1.6));
#4975 = VECTOR('',#4976,1.);
#4976 = DIRECTION('',(1.,0.));
#4977 = ( GEOMETRIC_REPRESENTATION_CONTEXT(2) 
PARAMETRIC_REPRESENTATION_CONTEXT() REPRESENTATION_CONTEXT('2D SPACE',''
  ) );
#4978 = ORIENTED_EDGE('',*,*,#2638,.T.);
#4979 = ADVANCED_FACE('',(#4980),#4222,.F.);
#4980 = FACE_BOUND('',#4981,.F.);
#4981 = EDGE_LOOP('',(#4982,#4983,#4984));
#4982 = ORIENTED_EDGE('',*,*,#4932,.T.);
#4983 = ORIENTED_EDGE('',*,*,#4792,.T.);
#4984 = ORIENTED_EDGE('',*,*,#4205,.T.);
#4985 = ADVANCED_FACE('',(#4986),#3829,.F.);
#4986 = FACE_BOUND('',#4987,.F.);
#4987 = EDGE_LOOP('',(#4988,#4989,#4990));
#4988 = ORIENTED_EDGE('',*,*,#4690,.F.);
#4989 = ORIENTED_EDGE('',*,*,#4890,.T.);
#4990 = ORIENTED_EDGE('',*,*,#3812,.T.);
#4991 = ADVANCED_FACE('',(#4992),#2774,.F.);
#4992 = FACE_BOUND('',#4993,.F.);
#4993 = EDGE_LOOP('',(#4994,#5017,#5018,#5019,#5042,#5064,#5087,#5111,
    #5132,#5133,#5154));
#4994 = ORIENTED_EDGE('',*,*,#4995,.T.);
#4995 = EDGE_CURVE('',#4996,#3655,#4998,.T.);
#4996 = VERTEX_POINT('',#4997);
#4997 = CARTESIAN_POINT('',(74.4,15.52,1.6));
#4998 = SURFACE_CURVE('',#4999,(#5003,#5010),.PCURVE_S1.);
#4999 = LINE('',#5000,#5001);
#5000 = CARTESIAN_POINT('',(74.4,-5.54,1.6));
#5001 = VECTOR('',#5002,1.);
#5002 = DIRECTION('',(0.,1.,0.));
#5003 = PCURVE('',#2774,#5004);
#5004 = DEFINITIONAL_REPRESENTATION('',(#5005),#5009);
#5005 = LINE('',#5006,#5007);
#5006 = CARTESIAN_POINT('',(6.28318530718,-0.));
#5007 = VECTOR('',#5008,1.);
#5008 = DIRECTION('',(0.,1.));
#5009 = ( GEOMETRIC_REPRESENTATION_CONTEXT(2) 
PARAMETRIC_REPRESENTATION_CONTEXT() REPRESENTATION_CONTEXT('2D SPACE',''
  ) );
#5010 = PCURVE('',#3671,#5011);
#5011 = DEFINITIONAL_REPRESENTATION('',(#5012),#5016);
#5012 = LINE('',#5013,#5014);
#5013 = CARTESIAN_POINT('',(-14.04,1.6));
#5014 = VECTOR('',#5015,1.);
#5015 = DIRECTION('',(1.,0.));
#5016 = ( GEOMETRIC_REPRESENTATION_CONTEXT(2) 
PARAMETRIC_REPRESENTATION_CONTEXT() REPRESENTATION_CONTEXT('2D SPACE',''
  ) );
#5017 = ORIENTED_EDGE('',*,*,#3683,.T.);
#5018 = ORIENTED_EDGE('',*,*,#2730,.T.);
#5019 = ORIENTED_EDGE('',*,*,#5020,.F.);
#5020 = EDGE_CURVE('',#5021,#2731,#5023,.T.);
#5021 = VERTEX_POINT('',#5022);
#5022 = CARTESIAN_POINT('',(74.4,15.52,-1.6));
#5023 = SURFACE_CURVE('',#5024,(#5028,#5035),.PCURVE_S1.);
#5024 = LINE('',#5025,#5026);
#5025 = CARTESIAN_POINT('',(74.4,-5.54,-1.6));
#5026 = VECTOR('',#5027,1.);
#5027 = DIRECTION('',(0.,1.,0.));
#5028 = PCURVE('',#2774,#5029);
#5029 = DEFINITIONAL_REPRESENTATION('',(#5030),#5034);
#5030 = LINE('',#5031,#5032);
#5031 = CARTESIAN_POINT('',(3.14159265359,0.));
#5032 = VECTOR('',#5033,1.);
#5033 = DIRECTION('',(0.,1.));
#5034 = ( GEOMETRIC_REPRESENTATION_CONTEXT(2) 
PARAMETRIC_REPRESENTATION_CONTEXT() REPRESENTATION_CONTEXT('2D SPACE',''
  ) );
#5035 = PCURVE('',#2817,#5036);
#5036 = DEFINITIONAL_REPRESENTATION('',(#5037),#5041);
#5037 = LINE('',#5038,#5039);
#5038 = CARTESIAN_POINT('',(-14.04,-1.6));
#5039 = VECTOR('',#5040,1.);
#5040 = DIRECTION('',(1.,0.));
#5041 = ( GEOMETRIC_REPRESENTATION_CONTEXT(2) 
PARAMETRIC_REPRESENTATION_CONTEXT() REPRESENTATION_CONTEXT('2D SPACE',''
  ) );
#5042 = ORIENTED_EDGE('',*,*,#5043,.F.);
#5043 = EDGE_CURVE('',#4996,#5021,#5044,.T.);
#5044 = SURFACE_CURVE('',#5045,(#5050,#5057),.PCURVE_S1.);
#5045 = CIRCLE('',#5046,1.6);
#5046 = AXIS2_PLACEMENT_3D('',#5047,#5048,#5049);
#5047 = CARTESIAN_POINT('',(74.4,15.52,0.));
#5048 = DIRECTION('',(0.,1.,0.));
#5049 = DIRECTION('',(0.,-0.,1.));
#5050 = PCURVE('',#2774,#5051);
#5051 = DEFINITIONAL_REPRESENTATION('',(#5052),#5056);
#5052 = LINE('',#5053,#5054);
#5053 = CARTESIAN_POINT('',(0.,21.06));
#5054 = VECTOR('',#5055,1.);
#5055 = DIRECTION('',(1.,0.));
#5056 = ( GEOMETRIC_REPRESENTATION_CONTEXT(2) 
PARAMETRIC_REPRESENTATION_CONTEXT() REPRESENTATION_CONTEXT('2D SPACE',''
  ) );
#5057 = PCURVE('',#2857,#5058);
#5058 = DEFINITIONAL_REPRESENTATION('',(#5059),#5063);
#5059 = CIRCLE('',#5060,1.6);
#5060 = AXIS2_PLACEMENT_2D('',#5061,#5062);
#5061 = CARTESIAN_POINT('',(0.,0.));
#5062 = DIRECTION('',(1.,0.));
#5063 = ( GEOMETRIC_REPRESENTATION_CONTEXT(2) 
PARAMETRIC_REPRESENTATION_CONTEXT() REPRESENTATION_CONTEXT('2D SPACE',''
  ) );
#5064 = ORIENTED_EDGE('',*,*,#5065,.F.);
#5065 = EDGE_CURVE('',#5066,#4996,#5068,.T.);
#5066 = VERTEX_POINT('',#5067);
#5067 = CARTESIAN_POINT('',(74.4,1.48,1.6));
#5068 = SEAM_CURVE('',#5069,(#5073,#5080),.PCURVE_S1.);
#5069 = LINE('',#5070,#5071);
#5070 = CARTESIAN_POINT('',(74.4,-5.54,1.6));
#5071 = VECTOR('',#5072,1.);
#5072 = DIRECTION('',(0.,1.,0.));
#5073 = PCURVE('',#2774,#5074);
#5074 = DEFINITIONAL_REPRESENTATION('',(#5075),#5079);
#5075 = LINE('',#5076,#5077);
#5076 = CARTESIAN_POINT('',(6.28318530718,-0.));
#5077 = VECTOR('',#5078,1.);
#5078 = DIRECTION('',(0.,1.));
#5079 = ( GEOMETRIC_REPRESENTATION_CONTEXT(2) 
PARAMETRIC_REPRESENTATION_CONTEXT() REPRESENTATION_CONTEXT('2D SPACE',''
  ) );
#5080 = PCURVE('',#2774,#5081);
#5081 = DEFINITIONAL_REPRESENTATION('',(#5082),#5086);
#5082 = LINE('',#5083,#5084);
#5083 = CARTESIAN_POINT('',(0.,-0.));
#5084 = VECTOR('',#5085,1.);
#5085 = DIRECTION('',(0.,1.));
#5086 = ( GEOMETRIC_REPRESENTATION_CONTEXT(2) 
PARAMETRIC_REPRESENTATION_CONTEXT() REPRESENTATION_CONTEXT('2D SPACE',''
  ) );
#5087 = ORIENTED_EDGE('',*,*,#5088,.T.);
#5088 = EDGE_CURVE('',#5066,#5089,#5091,.T.);
#5089 = VERTEX_POINT('',#5090);
#5090 = CARTESIAN_POINT('',(74.4,1.48,-1.6));
#5091 = SURFACE_CURVE('',#5092,(#5097,#5104),.PCURVE_S1.);
#5092 = CIRCLE('',#5093,1.6);
#5093 = AXIS2_PLACEMENT_3D('',#5094,#5095,#5096);
#5094 = CARTESIAN_POINT('',(74.4,1.48,0.));
#5095 = DIRECTION('',(0.,1.,0.));
#5096 = DIRECTION('',(0.,-0.,1.));
#5097 = PCURVE('',#2774,#5098);
#5098 = DEFINITIONAL_REPRESENTATION('',(#5099),#5103);
#5099 = LINE('',#5100,#5101);
#5100 = CARTESIAN_POINT('',(0.,7.02));
#5101 = VECTOR('',#5102,1.);
#5102 = DIRECTION('',(1.,0.));
#5103 = ( GEOMETRIC_REPRESENTATION_CONTEXT(2) 
PARAMETRIC_REPRESENTATION_CONTEXT() REPRESENTATION_CONTEXT('2D SPACE',''
  ) );
#5104 = PCURVE('',#3138,#5105);
#5105 = DEFINITIONAL_REPRESENTATION('',(#5106),#5110);
#5106 = CIRCLE('',#5107,1.6);
#5107 = AXIS2_PLACEMENT_2D('',#5108,#5109);
#5108 = CARTESIAN_POINT('',(0.,0.));
#5109 = DIRECTION('',(1.,0.));
#5110 = ( GEOMETRIC_REPRESENTATION_CONTEXT(2) 
PARAMETRIC_REPRESENTATION_CONTEXT() REPRESENTATION_CONTEXT('2D SPACE',''
  ) );
#5111 = ORIENTED_EDGE('',*,*,#5112,.F.);
#5112 = EDGE_CURVE('',#3157,#5089,#5113,.T.);
#5113 = SURFACE_CURVE('',#5114,(#5118,#5125),.PCURVE_S1.);
#5114 = LINE('',#5115,#5116);
#5115 = CARTESIAN_POINT('',(74.4,-5.54,-1.6));
#5116 = VECTOR('',#5117,1.);
#5117 = DIRECTION('',(0.,1.,0.));
#5118 = PCURVE('',#2774,#5119);
#5119 = DEFINITIONAL_REPRESENTATION('',(#5120),#5124);
#5120 = LINE('',#5121,#5122);
#5121 = CARTESIAN_POINT('',(3.14159265359,0.));
#5122 = VECTOR('',#5123,1.);
#5123 = DIRECTION('',(0.,1.));
#5124 = ( GEOMETRIC_REPRESENTATION_CONTEXT(2) 
PARAMETRIC_REPRESENTATION_CONTEXT() REPRESENTATION_CONTEXT('2D SPACE',''
  ) );
#5125 = PCURVE('',#3173,#5126);
#5126 = DEFINITIONAL_REPRESENTATION('',(#5127),#5131);
#5127 = LINE('',#5128,#5129);
#5128 = CARTESIAN_POINT('',(-14.04,-1.6));
#5129 = VECTOR('',#5130,1.);
#5130 = DIRECTION('',(1.,0.));
#5131 = ( GEOMETRIC_REPRESENTATION_CONTEXT(2) 
PARAMETRIC_REPRESENTATION_CONTEXT() REPRESENTATION_CONTEXT('2D SPACE',''
  ) );
#5132 = ORIENTED_EDGE('',*,*,#3185,.T.);
#5133 = ORIENTED_EDGE('',*,*,#5134,.T.);
#5134 = EDGE_CURVE('',#3186,#5066,#5135,.T.);
#5135 = SURFACE_CURVE('',#5136,(#5140,#5147),.PCURVE_S1.);
#5136 = LINE('',#5137,#5138);
#5137 = CARTESIAN_POINT('',(74.4,-5.54,1.6));
#5138 = VECTOR('',#5139,1.);
#5139 = DIRECTION('',(0.,1.,0.));
#5140 = PCURVE('',#2774,#5141);
#5141 = DEFINITIONAL_REPRESENTATION('',(#5142),#5146);
#5142 = LINE('',#5143,#5144);
#5143 = CARTESIAN_POINT('',(6.28318530718,-0.));
#5144 = VECTOR('',#5145,1.);
#5145 = DIRECTION('',(0.,1.));
#5146 = ( GEOMETRIC_REPRESENTATION_CONTEXT(2) 
PARAMETRIC_REPRESENTATION_CONTEXT() REPRESENTATION_CONTEXT('2D SPACE',''
  ) );
#5147 = PCURVE('',#3330,#5148);
#5148 = DEFINITIONAL_REPRESENTATION('',(#5149),#5153);
#5149 = LINE('',#5150,#5151);
#5150 = CARTESIAN_POINT('',(-14.04,1.6));
#5151 = VECTOR('',#5152,1.);
#5152 = DIRECTION('',(1.,0.));
#5153 = ( GEOMETRIC_REPRESENTATION_CONTEXT(2) 
PARAMETRIC_REPRESENTATION_CONTEXT() REPRESENTATION_CONTEXT('2D SPACE',''
  ) );
#5154 = ORIENTED_EDGE('',*,*,#5065,.T.);
#5155 = ADVANCED_FACE('',(#5156),#3671,.T.);
#5156 = FACE_BOUND('',#5157,.T.);
#5157 = EDGE_LOOP('',(#5158,#5179,#5180));
#5158 = ORIENTED_EDGE('',*,*,#5159,.F.);
#5159 = EDGE_CURVE('',#4996,#3614,#5160,.T.);
#5160 = SURFACE_CURVE('',#5161,(#5165,#5172),.PCURVE_S1.);
#5161 = LINE('',#5162,#5163);
#5162 = CARTESIAN_POINT('',(74.4,15.52,0.));
#5163 = VECTOR('',#5164,1.);
#5164 = DIRECTION('',(0.,0.,1.));
#5165 = PCURVE('',#3671,#5166);
#5166 = DEFINITIONAL_REPRESENTATION('',(#5167),#5171);
#5167 = LINE('',#5168,#5169);
#5168 = CARTESIAN_POINT('',(7.02,0.));
#5169 = VECTOR('',#5170,1.);
#5170 = DIRECTION('',(0.,1.));
#5171 = ( GEOMETRIC_REPRESENTATION_CONTEXT(2) 
PARAMETRIC_REPRESENTATION_CONTEXT() REPRESENTATION_CONTEXT('2D SPACE',''
  ) );
#5172 = PCURVE('',#2857,#5173);
#5173 = DEFINITIONAL_REPRESENTATION('',(#5174),#5178);
#5174 = LINE('',#5175,#5176);
#5175 = CARTESIAN_POINT('',(0.,0.));
#5176 = VECTOR('',#5177,1.);
#5177 = DIRECTION('',(1.,0.));
#5178 = ( GEOMETRIC_REPRESENTATION_CONTEXT(2) 
PARAMETRIC_REPRESENTATION_CONTEXT() REPRESENTATION_CONTEXT('2D SPACE',''
  ) );
#5179 = ORIENTED_EDGE('',*,*,#4995,.T.);
#5180 = ORIENTED_EDGE('',*,*,#3654,.T.);
#5181 = ADVANCED_FACE('',(#5182),#2857,.T.);
#5182 = FACE_BOUND('',#5183,.T.);
#5183 = EDGE_LOOP('',(#5184,#5185,#5207,#5208,#5229,#5230));
#5184 = ORIENTED_EDGE('',*,*,#3613,.F.);
#5185 = ORIENTED_EDGE('',*,*,#5186,.T.);
#5186 = EDGE_CURVE('',#3384,#2830,#5187,.T.);
#5187 = SURFACE_CURVE('',#5188,(#5193,#5200),.PCURVE_S1.);
#5188 = CIRCLE('',#5189,7.4);
#5189 = AXIS2_PLACEMENT_3D('',#5190,#5191,#5192);
#5190 = CARTESIAN_POINT('',(74.4,15.52,0.));
#5191 = DIRECTION('',(0.,1.,0.));
#5192 = DIRECTION('',(-0.914371004226,0.,0.404877347638));
#5193 = PCURVE('',#2857,#5194);
#5194 = DEFINITIONAL_REPRESENTATION('',(#5195),#5199);
#5195 = CIRCLE('',#5196,7.4);
#5196 = AXIS2_PLACEMENT_2D('',#5197,#5198);
#5197 = CARTESIAN_POINT('',(0.,0.));
#5198 = DIRECTION('',(0.404877347638,-0.914371004226));
#5199 = ( GEOMETRIC_REPRESENTATION_CONTEXT(2) 
PARAMETRIC_REPRESENTATION_CONTEXT() REPRESENTATION_CONTEXT('2D SPACE',''
  ) );
#5200 = PCURVE('',#3029,#5201);
#5201 = DEFINITIONAL_REPRESENTATION('',(#5202),#5206);
#5202 = LINE('',#5203,#5204);
#5203 = CARTESIAN_POINT('',(5.129233668512,14.04));
#5204 = VECTOR('',#5205,1.);
#5205 = DIRECTION('',(1.,0.));
#5206 = ( GEOMETRIC_REPRESENTATION_CONTEXT(2) 
PARAMETRIC_REPRESENTATION_CONTEXT() REPRESENTATION_CONTEXT('2D SPACE',''
  ) );
#5207 = ORIENTED_EDGE('',*,*,#2829,.T.);
#5208 = ORIENTED_EDGE('',*,*,#5209,.T.);
#5209 = EDGE_CURVE('',#2801,#5021,#5210,.T.);
#5210 = SURFACE_CURVE('',#5211,(#5215,#5222),.PCURVE_S1.);
#5211 = LINE('',#5212,#5213);
#5212 = CARTESIAN_POINT('',(74.4,15.52,0.));
#5213 = VECTOR('',#5214,1.);
#5214 = DIRECTION('',(0.,0.,1.));
#5215 = PCURVE('',#2857,#5216);
#5216 = DEFINITIONAL_REPRESENTATION('',(#5217),#5221);
#5217 = LINE('',#5218,#5219);
#5218 = CARTESIAN_POINT('',(0.,0.));
#5219 = VECTOR('',#5220,1.);
#5220 = DIRECTION('',(1.,0.));
#5221 = ( GEOMETRIC_REPRESENTATION_CONTEXT(2) 
PARAMETRIC_REPRESENTATION_CONTEXT() REPRESENTATION_CONTEXT('2D SPACE',''
  ) );
#5222 = PCURVE('',#2817,#5223);
#5223 = DEFINITIONAL_REPRESENTATION('',(#5224),#5228);
#5224 = LINE('',#5225,#5226);
#5225 = CARTESIAN_POINT('',(7.02,0.));
#5226 = VECTOR('',#5227,1.);
#5227 = DIRECTION('',(0.,1.));
#5228 = ( GEOMETRIC_REPRESENTATION_CONTEXT(2) 
PARAMETRIC_REPRESENTATION_CONTEXT() REPRESENTATION_CONTEXT('2D SPACE',''
  ) );
#5229 = ORIENTED_EDGE('',*,*,#5043,.F.);
#5230 = ORIENTED_EDGE('',*,*,#5159,.T.);
#5231 = ADVANCED_FACE('',(#5232),#3029,.T.);
#5232 = FACE_BOUND('',#5233,.T.);
#5233 = EDGE_LOOP('',(#5234,#5256,#5257,#5258));
#5234 = ORIENTED_EDGE('',*,*,#5235,.T.);
#5235 = EDGE_CURVE('',#3343,#2876,#5236,.T.);
#5236 = SURFACE_CURVE('',#5237,(#5242,#5249),.PCURVE_S1.);
#5237 = CIRCLE('',#5238,7.4);
#5238 = AXIS2_PLACEMENT_3D('',#5239,#5240,#5241);
#5239 = CARTESIAN_POINT('',(74.4,1.48,0.));
#5240 = DIRECTION('',(0.,1.,0.));
#5241 = DIRECTION('',(-0.914371004195,0.,0.404877347709));
#5242 = PCURVE('',#3029,#5243);
#5243 = DEFINITIONAL_REPRESENTATION('',(#5244),#5248);
#5244 = LINE('',#5245,#5246);
#5245 = CARTESIAN_POINT('',(5.12923366859,0.));
#5246 = VECTOR('',#5247,1.);
#5247 = DIRECTION('',(1.,0.));
#5248 = ( GEOMETRIC_REPRESENTATION_CONTEXT(2) 
PARAMETRIC_REPRESENTATION_CONTEXT() REPRESENTATION_CONTEXT('2D SPACE',''
  ) );
#5249 = PCURVE('',#3138,#5250);
#5250 = DEFINITIONAL_REPRESENTATION('',(#5251),#5255);
#5251 = CIRCLE('',#5252,7.4);
#5252 = AXIS2_PLACEMENT_2D('',#5253,#5254);
#5253 = CARTESIAN_POINT('',(0.,0.));
#5254 = DIRECTION('',(0.404877347709,-0.914371004195));
#5255 = ( GEOMETRIC_REPRESENTATION_CONTEXT(2) 
PARAMETRIC_REPRESENTATION_CONTEXT() REPRESENTATION_CONTEXT('2D SPACE',''
  ) );
#5256 = ORIENTED_EDGE('',*,*,#2875,.F.);
#5257 = ORIENTED_EDGE('',*,*,#5186,.F.);
#5258 = ORIENTED_EDGE('',*,*,#3383,.F.);
#5259 = ADVANCED_FACE('',(#5260),#3138,.F.);
#5260 = FACE_BOUND('',#5261,.F.);
#5261 = EDGE_LOOP('',(#5262,#5263,#5264,#5265,#5286,#5287));
#5262 = ORIENTED_EDGE('',*,*,#3342,.F.);
#5263 = ORIENTED_EDGE('',*,*,#5235,.T.);
#5264 = ORIENTED_EDGE('',*,*,#3110,.T.);
#5265 = ORIENTED_EDGE('',*,*,#5266,.T.);
#5266 = EDGE_CURVE('',#3111,#5089,#5267,.T.);
#5267 = SURFACE_CURVE('',#5268,(#5272,#5279),.PCURVE_S1.);
#5268 = LINE('',#5269,#5270);
#5269 = CARTESIAN_POINT('',(74.4,1.48,0.));
#5270 = VECTOR('',#5271,1.);
#5271 = DIRECTION('',(0.,0.,1.));
#5272 = PCURVE('',#3138,#5273);
#5273 = DEFINITIONAL_REPRESENTATION('',(#5274),#5278);
#5274 = LINE('',#5275,#5276);
#5275 = CARTESIAN_POINT('',(0.,0.));
#5276 = VECTOR('',#5277,1.);
#5277 = DIRECTION('',(1.,0.));
#5278 = ( GEOMETRIC_REPRESENTATION_CONTEXT(2) 
PARAMETRIC_REPRESENTATION_CONTEXT() REPRESENTATION_CONTEXT('2D SPACE',''
  ) );
#5279 = PCURVE('',#3173,#5280);
#5280 = DEFINITIONAL_REPRESENTATION('',(#5281),#5285);
#5281 = LINE('',#5282,#5283);
#5282 = CARTESIAN_POINT('',(-7.02,0.));
#5283 = VECTOR('',#5284,1.);
#5284 = DIRECTION('',(0.,1.));
#5285 = ( GEOMETRIC_REPRESENTATION_CONTEXT(2) 
PARAMETRIC_REPRESENTATION_CONTEXT() REPRESENTATION_CONTEXT('2D SPACE',''
  ) );
#5286 = ORIENTED_EDGE('',*,*,#5088,.F.);
#5287 = ORIENTED_EDGE('',*,*,#5288,.T.);
#5288 = EDGE_CURVE('',#5066,#3314,#5289,.T.);
#5289 = SURFACE_CURVE('',#5290,(#5294,#5301),.PCURVE_S1.);
#5290 = LINE('',#5291,#5292);
#5291 = CARTESIAN_POINT('',(74.4,1.48,0.));
#5292 = VECTOR('',#5293,1.);
#5293 = DIRECTION('',(0.,0.,1.));
#5294 = PCURVE('',#3138,#5295);
#5295 = DEFINITIONAL_REPRESENTATION('',(#5296),#5300);
#5296 = LINE('',#5297,#5298);
#5297 = CARTESIAN_POINT('',(0.,0.));
#5298 = VECTOR('',#5299,1.);
#5299 = DIRECTION('',(1.,0.));
#5300 = ( GEOMETRIC_REPRESENTATION_CONTEXT(2) 
PARAMETRIC_REPRESENTATION_CONTEXT() REPRESENTATION_CONTEXT('2D SPACE',''
  ) );
#5301 = PCURVE('',#3330,#5302);
#5302 = DEFINITIONAL_REPRESENTATION('',(#5303),#5307);
#5303 = LINE('',#5304,#5305);
#5304 = CARTESIAN_POINT('',(-7.02,0.));
#5305 = VECTOR('',#5306,1.);
#5306 = DIRECTION('',(0.,1.));
#5307 = ( GEOMETRIC_REPRESENTATION_CONTEXT(2) 
PARAMETRIC_REPRESENTATION_CONTEXT() REPRESENTATION_CONTEXT('2D SPACE',''
  ) );
#5308 = ADVANCED_FACE('',(#5309),#3330,.T.);
#5309 = FACE_BOUND('',#5310,.T.);
#5310 = EDGE_LOOP('',(#5311,#5312,#5313));
#5311 = ORIENTED_EDGE('',*,*,#5134,.T.);
#5312 = ORIENTED_EDGE('',*,*,#5288,.T.);
#5313 = ORIENTED_EDGE('',*,*,#3313,.T.);
#5314 = ADVANCED_FACE('',(#5315),#3173,.T.);
#5315 = FACE_BOUND('',#5316,.T.);
#5316 = EDGE_LOOP('',(#5317,#5318,#5319));
#5317 = ORIENTED_EDGE('',*,*,#5266,.T.);
#5318 = ORIENTED_EDGE('',*,*,#5112,.F.);
#5319 = ORIENTED_EDGE('',*,*,#3156,.T.);
#5320 = ADVANCED_FACE('',(#5321),#2817,.T.);
#5321 = FACE_BOUND('',#5322,.T.);
#5322 = EDGE_LOOP('',(#5323,#5324,#5325));
#5323 = ORIENTED_EDGE('',*,*,#5209,.F.);
#5324 = ORIENTED_EDGE('',*,*,#2800,.T.);
#5325 = ORIENTED_EDGE('',*,*,#5020,.F.);
#5326 = ADVANCED_FACE('',(#5327),#2626,.F.);
#5327 = FACE_BOUND('',#5328,.F.);
#5328 = EDGE_LOOP('',(#5329,#5330,#5331));
#5329 = ORIENTED_EDGE('',*,*,#4737,.F.);
#5330 = ORIENTED_EDGE('',*,*,#2609,.T.);
#5331 = ORIENTED_EDGE('',*,*,#4958,.F.);
#5332 = ( GEOMETRIC_REPRESENTATION_CONTEXT(3) 
GLOBAL_UNCERTAINTY_ASSIGNED_CONTEXT((#5336)) 
GLOBAL_UNIT_ASSIGNED_CONTEXT((#5333,#5334,#5335)) REPRESENTATION_CONTEXT
('Context #1','3D Context with UNIT and UNCERTAINTY') );
#5333 = ( LENGTH_UNIT() NAMED_UNIT(*) SI_UNIT(.MILLI.,.METRE.) );
#5334 = ( NAMED_UNIT(*) PLANE_ANGLE_UNIT() SI_UNIT($,.RADIAN.) );
#5335 = ( NAMED_UNIT(*) SI_UNIT($,.STERADIAN.) SOLID_ANGLE_UNIT() );
#5336 = UNCERTAINTY_MEASURE_WITH_UNIT(LENGTH_MEASURE(2.E-06),#5333,
  'distance_accuracy_value','confusion accuracy');
#5337 = CONTEXT_DEPENDENT_SHAPE_REPRESENTATION(#5338,#5340);
#5338 = ( REPRESENTATION_RELATIONSHIP('','',#2502,#10) 
REPRESENTATION_RELATIONSHIP_WITH_TRANSFORMATION(#5339) 
SHAPE_REPRESENTATION_RELATIONSHIP() );
#5339 = ITEM_DEFINED_TRANSFORMATION('','',#11,#19);
#5340 = PRODUCT_DEFINITION_SHAPE('Placement','Placement of an item',
  #5341);
#5341 = NEXT_ASSEMBLY_USAGE_OCCURRENCE('28','','',#5,#2497,$);
#5342 = PRODUCT_RELATED_PRODUCT_CATEGORY('part',$,(#2499));
#5343 = SHAPE_DEFINITION_REPRESENTATION(#5344,#5350);
#5344 = PRODUCT_DEFINITION_SHAPE('','',#5345);
#5345 = PRODUCT_DEFINITION('design','',#5346,#5349);
#5346 = PRODUCT_DEFINITION_FORMATION('','',#5347);
#5347 = PRODUCT('Open CASCADE STEP translator 7.8 4.3',
  'Open CASCADE STEP translator 7.8 4.3','',(#5348));
#5348 = PRODUCT_CONTEXT('',#2,'mechanical');
#5349 = PRODUCT_DEFINITION_CONTEXT('part definition',#2,'design');
#5350 = ADVANCED_BREP_SHAPE_REPRESENTATION('',(#11,#5351),#7864);
#5351 = MANIFOLD_SOLID_BREP('',#5352);
#5352 = CLOSED_SHELL('',(#5353,#5675,#5723,#6193,#6324,#6383,#6389,#6672
    ,#6699,#6727,#6733,#7359,#7753,#7833,#7858));
#5353 = ADVANCED_FACE('',(#5354),#5369,.T.);
#5354 = FACE_BOUND('',#5355,.T.);
#5355 = EDGE_LOOP('',(#5356,#5418,#5527,#5580));
#5356 = ORIENTED_EDGE('',*,*,#5357,.T.);
#5357 = EDGE_CURVE('',#5358,#5360,#5362,.T.);
#5358 = VERTEX_POINT('',#5359);
#5359 = CARTESIAN_POINT('',(76.9,15.705230583752,1.6));
#5360 = VERTEX_POINT('',#5361);
#5361 = CARTESIAN_POINT('',(76.9,15.52,2.220648500626));
#5362 = SURFACE_CURVE('',#5363,(#5368,#5406),.PCURVE_S1.);
#5363 = ELLIPSE('',#5364,7.4,7.02);
#5364 = AXIS2_PLACEMENT_3D('',#5365,#5366,#5367);
#5365 = CARTESIAN_POINT('',(76.9,8.5,0.));
#5366 = DIRECTION('',(1.,0.,0.));
#5367 = DIRECTION('',(0.,1.,0.));
#5368 = PCURVE('',#5369,#5400);
#5369 = B_SPLINE_SURFACE_WITH_KNOTS('',14,1,(
    (#5370,#5371)
    ,(#5372,#5373)
    ,(#5374,#5375)
    ,(#5376,#5377)
    ,(#5378,#5379)
    ,(#5380,#5381)
    ,(#5382,#5383)
    ,(#5384,#5385)
    ,(#5386,#5387)
    ,(#5388,#5389)
    ,(#5390,#5391)
    ,(#5392,#5393)
    ,(#5394,#5395)
    ,(#5396,#5397)
    ,(#5398,#5399
    )),.UNSPECIFIED.,.T.,.F.,.F.,(15,15),(2,2),(0.,6.28318530718),(0.,1.
    ),.PIECEWISE_BEZIER_KNOTS.);
#5370 = CARTESIAN_POINT('',(76.9,15.9,-6.117932992715E-15));
#5371 = CARTESIAN_POINT('',(94.3,14.5,8.021416244079E-16));
#5372 = CARTESIAN_POINT('',(76.9,15.900000000001,3.150568632602));
#5373 = CARTESIAN_POINT('',(94.299999999994,14.500000000002,
    2.504298143863));
#5374 = CARTESIAN_POINT('',(76.9,14.29483372712,6.301138428148));
#5375 = CARTESIAN_POINT('',(94.300000000029,13.198513832795,
    5.008597212116));
#5376 = CARTESIAN_POINT('',(76.9,11.084499129328,8.654391812939));
#5377 = CARTESIAN_POINT('',(94.29999999991,10.595539834604,6.87913195388
    ));
#5378 = CARTESIAN_POINT('',(76.9,6.749081450929,9.413101122707));
#5379 = CARTESIAN_POINT('',(94.300000000205,7.080336311534,
    7.482208584706));
#5380 = CARTESIAN_POINT('',(76.9,2.248660113022,8.065817564279));
#5381 = CARTESIAN_POINT('',(94.299999999633,3.431346037636,
    6.411290884444));
#5382 = CARTESIAN_POINT('',(76.9,-1.186908592282,4.674514421771));
#5383 = CARTESIAN_POINT('',(94.30000000053,0.645749789973,3.715639668565
    ));
#5384 = CARTESIAN_POINT('',(76.9,-2.48033165515,7.863931728025E-11));
#5385 = CARTESIAN_POINT('',(94.299999999376,-0.402971612207,
    8.587264233029E-11));
#5386 = CARTESIAN_POINT('',(76.9,-1.186908592285,-4.674514421915));
#5387 = CARTESIAN_POINT('',(94.3000000006,0.645749789969,-3.715639668721
    ));
#5388 = CARTESIAN_POINT('',(76.9,2.248660113027,-8.065817564168));
#5389 = CARTESIAN_POINT('',(94.29999999953,3.431346037642,
    -6.411290884326));
#5390 = CARTESIAN_POINT('',(76.9,6.749081450925,-9.413101122777));
#5391 = CARTESIAN_POINT('',(94.300000000296,7.080336311528,
    -7.482208584778));
#5392 = CARTESIAN_POINT('',(76.9,11.08449912933,-8.654391812905));
#5393 = CARTESIAN_POINT('',(94.299999999855,10.595539834608,
    -6.879131953844));
#5394 = CARTESIAN_POINT('',(76.9,14.294833727119,-6.301138428161));
#5395 = CARTESIAN_POINT('',(94.300000000052,13.198513832793,
    -5.008597212129));
#5396 = CARTESIAN_POINT('',(76.9,15.900000000001,-3.150568632599));
#5397 = CARTESIAN_POINT('',(94.299999999989,14.500000000002,
    -2.504298143861));
#5398 = CARTESIAN_POINT('',(76.9,15.9,5.404414337683E-15));
#5399 = CARTESIAN_POINT('',(94.3,14.5,-3.430067184344E-15));
#5400 = DEFINITIONAL_REPRESENTATION('',(#5401),#5405);
#5401 = LINE('',#5402,#5403);
#5402 = CARTESIAN_POINT('',(0.,0.));
#5403 = VECTOR('',#5404,1.);
#5404 = DIRECTION('',(1.,0.));
#5405 = ( GEOMETRIC_REPRESENTATION_CONTEXT(2) 
PARAMETRIC_REPRESENTATION_CONTEXT() REPRESENTATION_CONTEXT('2D SPACE',''
  ) );
#5406 = PCURVE('',#5407,#5412);
#5407 = PLANE('',#5408);
#5408 = AXIS2_PLACEMENT_3D('',#5409,#5410,#5411);
#5409 = CARTESIAN_POINT('',(76.9,8.5,0.));
#5410 = DIRECTION('',(1.,0.,0.));
#5411 = DIRECTION('',(0.,1.,0.));
#5412 = DEFINITIONAL_REPRESENTATION('',(#5413),#5417);
#5413 = ELLIPSE('',#5414,7.4,7.02);
#5414 = AXIS2_PLACEMENT_2D('',#5415,#5416);
#5415 = CARTESIAN_POINT('',(0.,0.));
#5416 = DIRECTION('',(1.,0.));
#5417 = ( GEOMETRIC_REPRESENTATION_CONTEXT(2) 
PARAMETRIC_REPRESENTATION_CONTEXT() REPRESENTATION_CONTEXT('2D SPACE',''
  ) );
#5418 = ORIENTED_EDGE('',*,*,#5419,.T.);
#5419 = EDGE_CURVE('',#5360,#5420,#5422,.T.);
#5420 = VERTEX_POINT('',#5421);
#5421 = CARTESIAN_POINT('',(81.622857142857,15.52,-4.23962702521E-15));
#5422 = SURFACE_CURVE('',#5423,(#5454,#5488),.PCURVE_S1.);
#5423 = B_SPLINE_CURVE_WITH_KNOTS('',8,(#5424,#5425,#5426,#5427,#5428,
    #5429,#5430,#5431,#5432,#5433,#5434,#5435,#5436,#5437,#5438,#5439,
    #5440,#5441,#5442,#5443,#5444,#5445,#5446,#5447,#5448,#5449,#5450,
    #5451,#5452,#5453),.UNSPECIFIED.,.F.,.F.,(9,7,7,7,9),(0.,
    0.491371659012,0.742454678747,0.877643500309,1.),.UNSPECIFIED.);
#5424 = CARTESIAN_POINT('',(76.9,15.52,2.220648508702));
#5425 = CARTESIAN_POINT('',(77.223177076572,15.52,2.142011323724));
#5426 = CARTESIAN_POINT('',(77.545637591115,15.52,2.060779196884));
#5427 = CARTESIAN_POINT('',(77.867346072158,15.52,1.976593969825));
#5428 = CARTESIAN_POINT('',(78.18818103904,15.52,1.889003830228));
#5429 = CARTESIAN_POINT('',(78.507941505806,15.52,1.797477602909));
#5430 = CARTESIAN_POINT('',(78.826288763414,15.52,1.701223154303));
#5431 = CARTESIAN_POINT('',(79.142770953388,15.52,1.599259909537));
#5432 = CARTESIAN_POINT('',(79.616919385156,15.52,1.43355638947));
#5433 = CARTESIAN_POINT('',(79.776472760252,15.52,1.375539930024));
#5434 = CARTESIAN_POINT('',(79.935195470167,15.52,1.315259627024));
#5435 = CARTESIAN_POINT('',(80.092950814565,15.52,1.252369761323));
#5436 = CARTESIAN_POINT('',(80.249509116031,15.52,1.186473687213));
#5437 = CARTESIAN_POINT('',(80.404487021717,15.52,1.116996969584));
#5438 = CARTESIAN_POINT('',(80.557373523761,15.52,1.043238466544));
#5439 = CARTESIAN_POINT('',(80.787974835439,15.52,0.921012050429));
#5440 = CARTESIAN_POINT('',(80.867699545642,15.52,0.87664546916));
#5441 = CARTESIAN_POINT('',(80.94639322623,15.52,0.830432517144));
#5442 = CARTESIAN_POINT('',(81.023875214983,15.52,0.782090012241));
#5443 = CARTESIAN_POINT('',(81.09983872154,15.52,0.731312178706));
#5444 = CARTESIAN_POINT('',(81.173794437412,15.52,0.677698330754));
#5445 = CARTESIAN_POINT('',(81.245091413591,15.52,0.620776849998));
#5446 = CARTESIAN_POINT('',(81.373834876815,15.52,0.504352823249));
#5447 = CARTESIAN_POINT('',(81.43184534319,15.52,0.445706905144));
#5448 = CARTESIAN_POINT('',(81.486210290413,15.52,0.382833063929));
#5449 = CARTESIAN_POINT('',(81.535397005461,15.52,0.315147541069));
#5450 = CARTESIAN_POINT('',(81.576783206443,15.52,0.242380702017));
#5451 = CARTESIAN_POINT('',(81.607210571129,15.52,0.164774741209));
#5452 = CARTESIAN_POINT('',(81.622857142857,15.52,8.303812387671E-02));
#5453 = CARTESIAN_POINT('',(81.622857142857,15.52,7.105427357601E-16));
#5454 = PCURVE('',#5369,#5455);
#5455 = DEFINITIONAL_REPRESENTATION('',(#5456),#5487);
#5456 = B_SPLINE_CURVE_WITH_KNOTS('',8,(#5457,#5458,#5459,#5460,#5461,
    #5462,#5463,#5464,#5465,#5466,#5467,#5468,#5469,#5470,#5471,#5472,
    #5473,#5474,#5475,#5476,#5477,#5478,#5479,#5480,#5481,#5482,#5483,
    #5484,#5485,#5486),.UNSPECIFIED.,.F.,.F.,(9,7,7,7,9),(0.,
    0.491371659012,0.742454678747,0.877643500309,1.),.UNSPECIFIED.);
#5457 = CARTESIAN_POINT('',(0.321860107501,0.));
#5458 = CARTESIAN_POINT('',(0.311322299139,1.857339520527E-02));
#5459 = CARTESIAN_POINT('',(0.300342565339,3.71056086848E-02));
#5460 = CARTESIAN_POINT('',(0.288864391059,5.559460184807E-02));
#5461 = CARTESIAN_POINT('',(0.276816439951,7.403339304838E-02));
#5462 = CARTESIAN_POINT('',(0.264114702397,9.241043136809E-02));
#5463 = CARTESIAN_POINT('',(0.250634865627,0.110706250771));
#5464 = CARTESIAN_POINT('',(0.236223223331,0.128894882379));
#5465 = CARTESIAN_POINT('',(0.21257318638,0.15614479225));
#5466 = CARTESIAN_POINT('',(0.204255950415,0.165314526451));
#5467 = CARTESIAN_POINT('',(0.195575650101,0.174436521274));
#5468 = CARTESIAN_POINT('',(0.186478942662,0.183502920377));
#5469 = CARTESIAN_POINT('',(0.176904451053,0.19250052391));
#5470 = CARTESIAN_POINT('',(0.166763599494,0.201407300099));
#5471 = CARTESIAN_POINT('',(0.155948355266,0.210193880676));
#5472 = CARTESIAN_POINT('',(0.137941114091,0.223446829623));
#5473 = CARTESIAN_POINT('',(0.13138982969,0.22802870952));
#5474 = CARTESIAN_POINT('',(0.124550490691,0.232551334841));
#5475 = CARTESIAN_POINT('',(0.117379878082,0.2370043227));
#5476 = CARTESIAN_POINT('',(0.109831159138,0.241370041468));
#5477 = CARTESIAN_POINT('',(0.101843057937,0.245620369966));
#5478 = CARTESIAN_POINT('',(9.33435504939E-02,0.249717897333));
#5479 = CARTESIAN_POINT('',(7.592176931195E-02,0.257116946943));
#5480 = CARTESIAN_POINT('',(6.713098276226E-02,0.260450881793));
#5481 = CARTESIAN_POINT('',(5.769132355075E-02,0.263575304047));
#5482 = CARTESIAN_POINT('',(4.75134906693E-02,0.266402126751));
#5483 = CARTESIAN_POINT('',(3.655609058677E-02,0.268780644048));
#5484 = CARTESIAN_POINT('',(2.485611948765E-02,0.270529343168));
#5485 = CARTESIAN_POINT('',(1.252622332421E-02,0.271428571429));
#5486 = CARTESIAN_POINT('',(0.,0.271428571429));
#5487 = ( GEOMETRIC_REPRESENTATION_CONTEXT(2) 
PARAMETRIC_REPRESENTATION_CONTEXT() REPRESENTATION_CONTEXT('2D SPACE',''
  ) );
#5488 = PCURVE('',#5489,#5494);
#5489 = PLANE('',#5490);
#5490 = AXIS2_PLACEMENT_3D('',#5491,#5492,#5493);
#5491 = CARTESIAN_POINT('',(76.9,15.52,0.));
#5492 = DIRECTION('',(0.,1.,0.));
#5493 = DIRECTION('',(0.,-0.,1.));
#5494 = DEFINITIONAL_REPRESENTATION('',(#5495),#5526);
#5495 = B_SPLINE_CURVE_WITH_KNOTS('',8,(#5496,#5497,#5498,#5499,#5500,
    #5501,#5502,#5503,#5504,#5505,#5506,#5507,#5508,#5509,#5510,#5511,
    #5512,#5513,#5514,#5515,#5516,#5517,#5518,#5519,#5520,#5521,#5522,
    #5523,#5524,#5525),.UNSPECIFIED.,.F.,.F.,(9,7,7,7,9),(0.,
    0.491371659012,0.742454678747,0.877643500309,1.),.UNSPECIFIED.);
#5496 = CARTESIAN_POINT('',(2.220648508702,0.));
#5497 = CARTESIAN_POINT('',(2.142011323724,0.323177076572));
#5498 = CARTESIAN_POINT('',(2.060779196884,0.645637591115));
#5499 = CARTESIAN_POINT('',(1.976593969825,0.967346072158));
#5500 = CARTESIAN_POINT('',(1.889003830228,1.28818103904));
#5501 = CARTESIAN_POINT('',(1.797477602909,1.607941505806));
#5502 = CARTESIAN_POINT('',(1.701223154303,1.926288763414));
#5503 = CARTESIAN_POINT('',(1.599259909537,2.242770953388));
#5504 = CARTESIAN_POINT('',(1.43355638947,2.716919385156));
#5505 = CARTESIAN_POINT('',(1.375539930024,2.876472760252));
#5506 = CARTESIAN_POINT('',(1.315259627024,3.035195470167));
#5507 = CARTESIAN_POINT('',(1.252369761323,3.192950814565));
#5508 = CARTESIAN_POINT('',(1.186473687213,3.349509116031));
#5509 = CARTESIAN_POINT('',(1.116996969584,3.504487021717));
#5510 = CARTESIAN_POINT('',(1.043238466544,3.657373523761));
#5511 = CARTESIAN_POINT('',(0.921012050429,3.887974835439));
#5512 = CARTESIAN_POINT('',(0.87664546916,3.967699545642));
#5513 = CARTESIAN_POINT('',(0.830432517144,4.04639322623));
#5514 = CARTESIAN_POINT('',(0.782090012241,4.123875214983));
#5515 = CARTESIAN_POINT('',(0.731312178706,4.19983872154));
#5516 = CARTESIAN_POINT('',(0.677698330754,4.273794437412));
#5517 = CARTESIAN_POINT('',(0.620776849998,4.345091413591));
#5518 = CARTESIAN_POINT('',(0.504352823249,4.473834876815));
#5519 = CARTESIAN_POINT('',(0.445706905144,4.53184534319));
#5520 = CARTESIAN_POINT('',(0.382833063929,4.586210290413));
#5521 = CARTESIAN_POINT('',(0.315147541069,4.635397005461));
#5522 = CARTESIAN_POINT('',(0.242380702017,4.676783206443));
#5523 = CARTESIAN_POINT('',(0.164774741209,4.707210571129));
#5524 = CARTESIAN_POINT('',(8.303812387671E-02,4.722857142857));
#5525 = CARTESIAN_POINT('',(7.105427357601E-16,4.722857142857));
#5526 = ( GEOMETRIC_REPRESENTATION_CONTEXT(2) 
PARAMETRIC_REPRESENTATION_CONTEXT() REPRESENTATION_CONTEXT('2D SPACE',''
  ) );
#5527 = ORIENTED_EDGE('',*,*,#5528,.F.);
#5528 = EDGE_CURVE('',#5529,#5420,#5531,.T.);
#5529 = VERTEX_POINT('',#5530);
#5530 = CARTESIAN_POINT('',(78.5,15.771264367816,-5.48160429229E-15));
#5531 = SURFACE_CURVE('',#5532,(#5535,#5542),.PCURVE_S1.);
#5532 = B_SPLINE_CURVE_WITH_KNOTS('',1,(#5533,#5534),.UNSPECIFIED.,.F.,
  .F.,(2,2),(0.,1.),.PIECEWISE_BEZIER_KNOTS.);
#5533 = CARTESIAN_POINT('',(76.9,15.9,-6.117932992715E-15));
#5534 = CARTESIAN_POINT('',(94.3,14.5,8.021416244079E-16));
#5535 = PCURVE('',#5369,#5536);
#5536 = DEFINITIONAL_REPRESENTATION('',(#5537),#5541);
#5537 = LINE('',#5538,#5539);
#5538 = CARTESIAN_POINT('',(0.,0.));
#5539 = VECTOR('',#5540,1.);
#5540 = DIRECTION('',(0.,1.));
#5541 = ( GEOMETRIC_REPRESENTATION_CONTEXT(2) 
PARAMETRIC_REPRESENTATION_CONTEXT() REPRESENTATION_CONTEXT('2D SPACE',''
  ) );
#5542 = PCURVE('',#5543,#5574);
#5543 = B_SPLINE_SURFACE_WITH_KNOTS('',14,1,(
    (#5544,#5545)
    ,(#5546,#5547)
    ,(#5548,#5549)
    ,(#5550,#5551)
    ,(#5552,#5553)
    ,(#5554,#5555)
    ,(#5556,#5557)
    ,(#5558,#5559)
    ,(#5560,#5561)
    ,(#5562,#5563)
    ,(#5564,#5565)
    ,(#5566,#5567)
    ,(#5568,#5569)
    ,(#5570,#5571)
    ,(#5572,#5573
    )),.UNSPECIFIED.,.T.,.F.,.F.,(15,15),(2,2),(0.,6.28318530718),(0.,1.
    ),.PIECEWISE_BEZIER_KNOTS.);
#5544 = CARTESIAN_POINT('',(76.9,15.9,-6.117932992715E-15));
#5545 = CARTESIAN_POINT('',(94.3,14.5,8.021416244079E-16));
#5546 = CARTESIAN_POINT('',(76.9,15.900000000001,3.150568632602));
#5547 = CARTESIAN_POINT('',(94.299999999994,14.500000000002,
    2.504298143863));
#5548 = CARTESIAN_POINT('',(76.9,14.29483372712,6.301138428148));
#5549 = CARTESIAN_POINT('',(94.300000000029,13.198513832795,
    5.008597212116));
#5550 = CARTESIAN_POINT('',(76.9,11.084499129328,8.654391812939));
#5551 = CARTESIAN_POINT('',(94.29999999991,10.595539834604,6.87913195388
    ));
#5552 = CARTESIAN_POINT('',(76.9,6.749081450929,9.413101122707));
#5553 = CARTESIAN_POINT('',(94.300000000205,7.080336311534,
    7.482208584706));
#5554 = CARTESIAN_POINT('',(76.9,2.248660113022,8.065817564279));
#5555 = CARTESIAN_POINT('',(94.299999999633,3.431346037636,
    6.411290884444));
#5556 = CARTESIAN_POINT('',(76.9,-1.186908592282,4.674514421771));
#5557 = CARTESIAN_POINT('',(94.30000000053,0.645749789973,3.715639668565
    ));
#5558 = CARTESIAN_POINT('',(76.9,-2.48033165515,7.863931728025E-11));
#5559 = CARTESIAN_POINT('',(94.299999999376,-0.402971612207,
    8.587264233029E-11));
#5560 = CARTESIAN_POINT('',(76.9,-1.186908592285,-4.674514421915));
#5561 = CARTESIAN_POINT('',(94.3000000006,0.645749789969,-3.715639668721
    ));
#5562 = CARTESIAN_POINT('',(76.9,2.248660113027,-8.065817564168));
#5563 = CARTESIAN_POINT('',(94.29999999953,3.431346037642,
    -6.411290884326));
#5564 = CARTESIAN_POINT('',(76.9,6.749081450925,-9.413101122777));
#5565 = CARTESIAN_POINT('',(94.300000000296,7.080336311528,
    -7.482208584778));
#5566 = CARTESIAN_POINT('',(76.9,11.08449912933,-8.654391812905));
#5567 = CARTESIAN_POINT('',(94.299999999855,10.595539834608,
    -6.879131953844));
#5568 = CARTESIAN_POINT('',(76.9,14.294833727119,-6.301138428161));
#5569 = CARTESIAN_POINT('',(94.300000000052,13.198513832793,
    -5.008597212129));
#5570 = CARTESIAN_POINT('',(76.9,15.900000000001,-3.150568632599));
#5571 = CARTESIAN_POINT('',(94.299999999989,14.500000000002,
    -2.504298143861));
#5572 = CARTESIAN_POINT('',(76.9,15.9,5.404414337683E-15));
#5573 = CARTESIAN_POINT('',(94.3,14.5,-3.430067184344E-15));
#5574 = DEFINITIONAL_REPRESENTATION('',(#5575),#5579);
#5575 = LINE('',#5576,#5577);
#5576 = CARTESIAN_POINT('',(6.28318530718,0.));
#5577 = VECTOR('',#5578,1.);
#5578 = DIRECTION('',(0.,1.));
#5579 = ( GEOMETRIC_REPRESENTATION_CONTEXT(2) 
PARAMETRIC_REPRESENTATION_CONTEXT() REPRESENTATION_CONTEXT('2D SPACE',''
  ) );
#5580 = ORIENTED_EDGE('',*,*,#5581,.F.);
#5581 = EDGE_CURVE('',#5358,#5529,#5582,.T.);
#5582 = SURFACE_CURVE('',#5583,(#5610,#5640),.PCURVE_S1.);
#5583 = B_SPLINE_CURVE_WITH_KNOTS('',5,(#5584,#5585,#5586,#5587,#5588,
    #5589,#5590,#5591,#5592,#5593,#5594,#5595,#5596,#5597,#5598,#5599,
    #5600,#5601,#5602,#5603,#5604,#5605,#5606,#5607,#5608,#5609),
  .UNSPECIFIED.,.F.,.F.,(6,4,4,4,4,4,6),(0.,0.100483381949,
    0.340279730597,0.426806348272,0.613545965453,0.800892258193,1.),
  .UNSPECIFIED.);
#5584 = CARTESIAN_POINT('',(76.9,15.705230589583,1.6));
#5585 = CARTESIAN_POINT('',(76.950505745854,15.701038795185,1.6));
#5586 = CARTESIAN_POINT('',(77.001070374941,15.697333625445,
    1.598007216665));
#5587 = CARTESIAN_POINT('',(77.051579188462,15.694128611262,
    1.594012160814));
#5588 = CARTESIAN_POINT('',(77.10191619052,15.691427972368,
    1.588017109627));
#5589 = CARTESIAN_POINT('',(77.271399788538,15.683973242191,
    1.560990018254));
#5590 = CARTESIAN_POINT('',(77.389205274631,15.681562161762,
    1.530630887782));
#5591 = CARTESIAN_POINT('',(77.503750197244,15.681929549467,1.4891580739
    ));
#5592 = CARTESIAN_POINT('',(77.613579727348,15.684680601966,
    1.437149048413));
#5593 = CARTESIAN_POINT('',(77.75489937943,15.690924027505,
    1.353161900234));
#5594 = CARTESIAN_POINT('',(77.791594404697,15.692818878218,1.3296269595
    ));
#5595 = CARTESIAN_POINT('',(77.827454933597,15.694927364133,
    1.304864728373));
#5596 = CARTESIAN_POINT('',(77.862427261782,15.697222139852,
    1.278915973331));
#5597 = CARTESIAN_POINT('',(77.969913969116,15.70496632099,
    1.193355734538));
#5598 = CARTESIAN_POINT('',(78.038996794607,15.710991501485,
    1.129564168702));
#5599 = CARTESIAN_POINT('',(78.103213008109,15.717461131774,
    1.060885096154));
#5600 = CARTESIAN_POINT('',(78.162142011122,15.724067391937,
    0.987805130366));
#5601 = CARTESIAN_POINT('',(78.268887505206,15.737022281509,
    0.833645878221));
#5602 = CARTESIAN_POINT('',(78.316667169523,15.743369984726,
    0.752541526649));
#5603 = CARTESIAN_POINT('',(78.358407610166,15.749297971858,
    0.668071840412));
#5604 = CARTESIAN_POINT('',(78.393811801689,15.754558270508,
    0.580819221589));
#5605 = CARTESIAN_POINT('',(78.453327951271,15.763667185296,
    0.396408544056));
#5606 = CARTESIAN_POINT('',(78.476592829045,15.767406737569,
    0.298968118595));
#5607 = CARTESIAN_POINT('',(78.492197635865,15.769978826696,
    0.199871889282));
#5608 = CARTESIAN_POINT('',(78.5,15.771264367816,9.993397212292E-02));
#5609 = CARTESIAN_POINT('',(78.5,15.771264367816,-4.750350815135E-16));
#5610 = PCURVE('',#5369,#5611);
#5611 = DEFINITIONAL_REPRESENTATION('',(#5612),#5639);
#5612 = B_SPLINE_CURVE_WITH_KNOTS('',5,(#5613,#5614,#5615,#5616,#5617,
    #5618,#5619,#5620,#5621,#5622,#5623,#5624,#5625,#5626,#5627,#5628,
    #5629,#5630,#5631,#5632,#5633,#5634,#5635,#5636,#5637,#5638),
  .UNSPECIFIED.,.F.,.F.,(6,4,4,4,4,4,6),(0.,0.100483381949,
    0.340279730597,0.426806348272,0.613545965453,0.800892258193,1.),
  .UNSPECIFIED.);
#5613 = CARTESIAN_POINT('',(0.229941152645,0.));
#5614 = CARTESIAN_POINT('',(0.230080527244,2.902629072059E-03));
#5615 = CARTESIAN_POINT('',(0.229928734707,5.808642238015E-03));
#5616 = CARTESIAN_POINT('',(0.22948314364,8.711447612764E-03));
#5617 = CARTESIAN_POINT('',(0.228743051498,1.160437876552E-02));
#5618 = CARTESIAN_POINT('',(0.225243628945,2.134481543324E-02));
#5619 = CARTESIAN_POINT('',(0.221107021543,2.811524566845E-02));
#5620 = CARTESIAN_POINT('',(0.215317568676,3.469828719792E-02));
#5621 = CARTESIAN_POINT('',(0.207957428736,4.101032915791E-02));
#5622 = CARTESIAN_POINT('',(0.195972965842,4.913214824309E-02));
#5623 = CARTESIAN_POINT('',(0.192606691868,5.124105774123E-02));
#5624 = CARTESIAN_POINT('',(0.189057593415,5.330200767797E-02));
#5625 = CARTESIAN_POINT('',(0.185331837195,5.531191159668E-02));
#5626 = CARTESIAN_POINT('',(0.173028302077,6.148930856988E-02));
#5627 = CARTESIAN_POINT('',(0.163828687682,6.545958589695E-02));
#5628 = CARTESIAN_POINT('',(0.153903496467,6.91501728798E-02));
#5629 = CARTESIAN_POINT('',(0.143327167713,7.253689719092E-02));
#5630 = CARTESIAN_POINT('',(0.120994912655,7.867169570149E-02));
#5631 = CARTESIAN_POINT('',(0.109235286958,8.141765342086E-02));
#5632 = CARTESIAN_POINT('',(9.698099139417E-02,8.381652931987E-02));
#5633 = CARTESIAN_POINT('',(8.431894878643E-02,8.585125297065E-02));
#5634 = CARTESIAN_POINT('',(5.75522897601E-02,8.927172133741E-02));
#5635 = CARTESIAN_POINT('',(4.340637744739E-02,9.060878327846E-02));
#5636 = CARTESIAN_POINT('',(2.901914551584E-02,9.150561125662E-02));
#5637 = CARTESIAN_POINT('',(1.450928803226E-02,9.195402298851E-02));
#5638 = CARTESIAN_POINT('',(0.,9.195402298851E-02));
#5639 = ( GEOMETRIC_REPRESENTATION_CONTEXT(2) 
PARAMETRIC_REPRESENTATION_CONTEXT() REPRESENTATION_CONTEXT('2D SPACE',''
  ) );
#5640 = PCURVE('',#5641,#5646);
#5641 = CYLINDRICAL_SURFACE('',#5642,1.6);
#5642 = AXIS2_PLACEMENT_3D('',#5643,#5644,#5645);
#5643 = CARTESIAN_POINT('',(76.9,-5.54,0.));
#5644 = DIRECTION('',(0.,1.,0.));
#5645 = DIRECTION('',(0.,-0.,1.));
#5646 = DEFINITIONAL_REPRESENTATION('',(#5647),#5674);
#5647 = B_SPLINE_CURVE_WITH_KNOTS('',5,(#5648,#5649,#5650,#5651,#5652,
    #5653,#5654,#5655,#5656,#5657,#5658,#5659,#5660,#5661,#5662,#5663,
    #5664,#5665,#5666,#5667,#5668,#5669,#5670,#5671,#5672,#5673),
  .UNSPECIFIED.,.F.,.F.,(6,4,4,4,4,4,6),(0.,0.100483381949,
    0.340279730597,0.426806348272,0.613545965453,0.800892258193,1.),
  .UNSPECIFIED.);
#5648 = CARTESIAN_POINT('',(0.,21.245230589583));
#5649 = CARTESIAN_POINT('',(3.156609115864E-02,21.241038795185));
#5650 = CARTESIAN_POINT('',(6.316890143427E-02,21.237333625445));
#5651 = CARTESIAN_POINT('',(9.480260090118E-02,21.234128611262));
#5652 = CARTESIAN_POINT('',(0.126460652793,21.231427972368));
#5653 = CARTESIAN_POINT('',(0.233726301537,21.223973242191));
#5654 = CARTESIAN_POINT('',(0.309423822277,21.221562161762));
#5655 = CARTESIAN_POINT('',(0.385104162296,21.221929549467));
#5656 = CARTESIAN_POINT('',(0.460720374688,21.224680601966));
#5657 = CARTESIAN_POINT('',(0.563466050395,21.230924027505));
#5658 = CARTESIAN_POINT('',(0.590696347043,21.232818878218));
#5659 = CARTESIAN_POINT('',(0.617912355418,21.234927364133));
#5660 = CARTESIAN_POINT('',(0.645113955996,21.237222139852));
#5661 = CARTESIAN_POINT('',(0.730978008055,21.24496632099));
#5662 = CARTESIAN_POINT('',(0.789589471185,21.250991501485));
#5663 = CARTESIAN_POINT('',(0.848144635672,21.257461131774));
#5664 = CARTESIAN_POINT('',(0.906663014455,21.264067391937));
#5665 = CARTESIAN_POINT('',(1.023856223531,21.277022281509));
#5666 = CARTESIAN_POINT('',(1.082530911037,21.283369984726));
#5667 = CARTESIAN_POINT('',(1.141207043092,21.289297971858));
#5668 = CARTESIAN_POINT('',(1.199900277926,21.294558270508));
#5669 = CARTESIAN_POINT('',(1.321010813133,21.303667185296));
#5670 = CARTESIAN_POINT('',(1.383433476282,21.307406737569));
#5671 = CARTESIAN_POINT('',(1.445876434793,21.309978826696));
#5672 = CARTESIAN_POINT('',(1.508337594218,21.311264367816));
#5673 = CARTESIAN_POINT('',(1.570796326795,21.311264367816));
#5674 = ( GEOMETRIC_REPRESENTATION_CONTEXT(2) 
PARAMETRIC_REPRESENTATION_CONTEXT() REPRESENTATION_CONTEXT('2D SPACE',''
  ) );
#5675 = ADVANCED_FACE('',(#5676),#5407,.F.);
#5676 = FACE_BOUND('',#5677,.F.);
#5677 = EDGE_LOOP('',(#5678,#5701,#5722));
#5678 = ORIENTED_EDGE('',*,*,#5679,.F.);
#5679 = EDGE_CURVE('',#5680,#5360,#5682,.T.);
#5680 = VERTEX_POINT('',#5681);
#5681 = CARTESIAN_POINT('',(76.9,15.52,1.6));
#5682 = SURFACE_CURVE('',#5683,(#5687,#5694),.PCURVE_S1.);
#5683 = LINE('',#5684,#5685);
#5684 = CARTESIAN_POINT('',(76.9,15.52,0.));
#5685 = VECTOR('',#5686,1.);
#5686 = DIRECTION('',(0.,0.,1.));
#5687 = PCURVE('',#5407,#5688);
#5688 = DEFINITIONAL_REPRESENTATION('',(#5689),#5693);
#5689 = LINE('',#5690,#5691);
#5690 = CARTESIAN_POINT('',(7.02,0.));
#5691 = VECTOR('',#5692,1.);
#5692 = DIRECTION('',(0.,1.));
#5693 = ( GEOMETRIC_REPRESENTATION_CONTEXT(2) 
PARAMETRIC_REPRESENTATION_CONTEXT() REPRESENTATION_CONTEXT('2D SPACE',''
  ) );
#5694 = PCURVE('',#5489,#5695);
#5695 = DEFINITIONAL_REPRESENTATION('',(#5696),#5700);
#5696 = LINE('',#5697,#5698);
#5697 = CARTESIAN_POINT('',(0.,0.));
#5698 = VECTOR('',#5699,1.);
#5699 = DIRECTION('',(1.,0.));
#5700 = ( GEOMETRIC_REPRESENTATION_CONTEXT(2) 
PARAMETRIC_REPRESENTATION_CONTEXT() REPRESENTATION_CONTEXT('2D SPACE',''
  ) );
#5701 = ORIENTED_EDGE('',*,*,#5702,.T.);
#5702 = EDGE_CURVE('',#5680,#5358,#5703,.T.);
#5703 = SURFACE_CURVE('',#5704,(#5708,#5715),.PCURVE_S1.);
#5704 = LINE('',#5705,#5706);
#5705 = CARTESIAN_POINT('',(76.9,-5.54,1.6));
#5706 = VECTOR('',#5707,1.);
#5707 = DIRECTION('',(0.,1.,0.));
#5708 = PCURVE('',#5407,#5709);
#5709 = DEFINITIONAL_REPRESENTATION('',(#5710),#5714);
#5710 = LINE('',#5711,#5712);
#5711 = CARTESIAN_POINT('',(-14.04,1.6));
#5712 = VECTOR('',#5713,1.);
#5713 = DIRECTION('',(1.,0.));
#5714 = ( GEOMETRIC_REPRESENTATION_CONTEXT(2) 
PARAMETRIC_REPRESENTATION_CONTEXT() REPRESENTATION_CONTEXT('2D SPACE',''
  ) );
#5715 = PCURVE('',#5641,#5716);
#5716 = DEFINITIONAL_REPRESENTATION('',(#5717),#5721);
#5717 = LINE('',#5718,#5719);
#5718 = CARTESIAN_POINT('',(0.,-0.));
#5719 = VECTOR('',#5720,1.);
#5720 = DIRECTION('',(0.,1.));
#5721 = ( GEOMETRIC_REPRESENTATION_CONTEXT(2) 
PARAMETRIC_REPRESENTATION_CONTEXT() REPRESENTATION_CONTEXT('2D SPACE',''
  ) );
#5722 = ORIENTED_EDGE('',*,*,#5357,.T.);
#5723 = ADVANCED_FACE('',(#5724),#5641,.F.);
#5724 = FACE_BOUND('',#5725,.F.);
#5725 = EDGE_LOOP('',(#5726,#5727,#5728,#5751,#5779,#5995,#6023,#6050,
    #6051,#6075,#6103));
#5726 = ORIENTED_EDGE('',*,*,#5581,.F.);
#5727 = ORIENTED_EDGE('',*,*,#5702,.F.);
#5728 = ORIENTED_EDGE('',*,*,#5729,.F.);
#5729 = EDGE_CURVE('',#5730,#5680,#5732,.T.);
#5730 = VERTEX_POINT('',#5731);
#5731 = CARTESIAN_POINT('',(76.9,1.48,1.6));
#5732 = SEAM_CURVE('',#5733,(#5737,#5744),.PCURVE_S1.);
#5733 = LINE('',#5734,#5735);
#5734 = CARTESIAN_POINT('',(76.9,-5.54,1.6));
#5735 = VECTOR('',#5736,1.);
#5736 = DIRECTION('',(0.,1.,0.));
#5737 = PCURVE('',#5641,#5738);
#5738 = DEFINITIONAL_REPRESENTATION('',(#5739),#5743);
#5739 = LINE('',#5740,#5741);
#5740 = CARTESIAN_POINT('',(6.28318530718,-0.));
#5741 = VECTOR('',#5742,1.);
#5742 = DIRECTION('',(0.,1.));
#5743 = ( GEOMETRIC_REPRESENTATION_CONTEXT(2) 
PARAMETRIC_REPRESENTATION_CONTEXT() REPRESENTATION_CONTEXT('2D SPACE',''
  ) );
#5744 = PCURVE('',#5641,#5745);
#5745 = DEFINITIONAL_REPRESENTATION('',(#5746),#5750);
#5746 = LINE('',#5747,#5748);
#5747 = CARTESIAN_POINT('',(0.,-0.));
#5748 = VECTOR('',#5749,1.);
#5749 = DIRECTION('',(0.,1.));
#5750 = ( GEOMETRIC_REPRESENTATION_CONTEXT(2) 
PARAMETRIC_REPRESENTATION_CONTEXT() REPRESENTATION_CONTEXT('2D SPACE',''
  ) );
#5751 = ORIENTED_EDGE('',*,*,#5752,.F.);
#5752 = EDGE_CURVE('',#5753,#5730,#5755,.T.);
#5753 = VERTEX_POINT('',#5754);
#5754 = CARTESIAN_POINT('',(76.9,1.294769416248,1.6));
#5755 = SURFACE_CURVE('',#5756,(#5760,#5767),.PCURVE_S1.);
#5756 = LINE('',#5757,#5758);
#5757 = CARTESIAN_POINT('',(76.9,-5.54,1.6));
#5758 = VECTOR('',#5759,1.);
#5759 = DIRECTION('',(0.,1.,0.));
#5760 = PCURVE('',#5641,#5761);
#5761 = DEFINITIONAL_REPRESENTATION('',(#5762),#5766);
#5762 = LINE('',#5763,#5764);
#5763 = CARTESIAN_POINT('',(0.,-0.));
#5764 = VECTOR('',#5765,1.);
#5765 = DIRECTION('',(0.,1.));
#5766 = ( GEOMETRIC_REPRESENTATION_CONTEXT(2) 
PARAMETRIC_REPRESENTATION_CONTEXT() REPRESENTATION_CONTEXT('2D SPACE',''
  ) );
#5767 = PCURVE('',#5768,#5773);
#5768 = PLANE('',#5769);
#5769 = AXIS2_PLACEMENT_3D('',#5770,#5771,#5772);
#5770 = CARTESIAN_POINT('',(76.9,8.5,0.));
#5771 = DIRECTION('',(1.,0.,0.));
#5772 = DIRECTION('',(0.,1.,0.));
#5773 = DEFINITIONAL_REPRESENTATION('',(#5774),#5778);
#5774 = LINE('',#5775,#5776);
#5775 = CARTESIAN_POINT('',(-14.04,1.6));
#5776 = VECTOR('',#5777,1.);
#5777 = DIRECTION('',(1.,0.));
#5778 = ( GEOMETRIC_REPRESENTATION_CONTEXT(2) 
PARAMETRIC_REPRESENTATION_CONTEXT() REPRESENTATION_CONTEXT('2D SPACE',''
  ) );
#5779 = ORIENTED_EDGE('',*,*,#5780,.T.);
#5780 = EDGE_CURVE('',#5753,#5781,#5783,.T.);
#5781 = VERTEX_POINT('',#5782);
#5782 = CARTESIAN_POINT('',(76.9,1.294769416248,-1.6));
#5783 = SURFACE_CURVE('',#5784,(#5842,#5903),.PCURVE_S1.);
#5784 = B_SPLINE_CURVE_WITH_KNOTS('',6,(#5785,#5786,#5787,#5788,#5789,
    #5790,#5791,#5792,#5793,#5794,#5795,#5796,#5797,#5798,#5799,#5800,
    #5801,#5802,#5803,#5804,#5805,#5806,#5807,#5808,#5809,#5810,#5811,
    #5812,#5813,#5814,#5815,#5816,#5817,#5818,#5819,#5820,#5821,#5822,
    #5823,#5824,#5825,#5826,#5827,#5828,#5829,#5830,#5831,#5832,#5833,
    #5834,#5835,#5836,#5837,#5838,#5839,#5840,#5841),.UNSPECIFIED.,.F.,
  .F.,(7,5,5,5,5,5,5,5,5,5,5,7),(0.,5.059496143612E-02,0.170879960996,
    0.213105769788,0.307244311314,0.400394857772,0.500106462398,
    0.599643580665,0.692769432228,0.829479565522,0.949258326834,1.),
  .UNSPECIFIED.);
#5785 = CARTESIAN_POINT('',(76.9,1.294769418765,1.6));
#5786 = CARTESIAN_POINT('',(76.942383958356,1.298287134146,1.6));
#5787 = CARTESIAN_POINT('',(76.984807731779,1.301475856892,
    1.598652736281));
#5788 = CARTESIAN_POINT('',(77.027212744635,1.304328677168,
    1.595953362363));
#5789 = CARTESIAN_POINT('',(77.069539983002,1.306841877578,
    1.591901066218));
#5790 = CARTESIAN_POINT('',(77.111729994661,1.309014933169,1.58649907028
    ));
#5791 = CARTESIAN_POINT('',(77.253557243079,1.315214434708,
    1.563720330781));
#5792 = CARTESIAN_POINT('',(77.352288248367,1.317671669033,
    1.540096450977));
#5793 = CARTESIAN_POINT('',(77.449093171238,1.318255365628,
    1.508984820673));
#5794 = CARTESIAN_POINT('',(77.543208680132,1.3171103416,1.470614769846)
  );
#5795 = CARTESIAN_POINT('',(77.633933062962,1.314462667209,
    1.425321471453));
#5796 = CARTESIAN_POINT('',(77.751062684903,1.309229498867,
    1.355340983568));
#5797 = CARTESIAN_POINT('',(77.781001736737,1.307718564174,
    1.336355418574));
#5798 = CARTESIAN_POINT('',(77.810418834006,1.306068440506,
    1.316585265476));
#5799 = CARTESIAN_POINT('',(77.839288423656,1.304291605942,
    1.296049060648));
#5800 = CARTESIAN_POINT('',(77.867586165519,1.302401025194,
    1.274766199447));
#5801 = CARTESIAN_POINT('',(77.957049692754,1.295971676329,
    1.203689316192));
#5802 = CARTESIAN_POINT('',(78.01585259645,1.291034516833,1.1510115542)
  );
#5803 = CARTESIAN_POINT('',(78.071442605545,1.285746527375,
    1.094946650673));
#5804 = CARTESIAN_POINT('',(78.123591076416,1.280262222204,1.03573523293
    ));
#5805 = CARTESIAN_POINT('',(78.172093750792,1.274733912224,
    0.973633551062));
#5806 = CARTESIAN_POINT('',(78.260974873627,1.263928774794,
    0.844868662393));
#5807 = CARTESIAN_POINT('',(78.301433166279,1.258649933488,
    0.778260291582));
#5808 = CARTESIAN_POINT('',(78.3379671444,1.253603574888,0.709349343908)
  );
#5809 = CARTESIAN_POINT('',(78.370420738187,1.248916617907,
    0.638414460661));
#5810 = CARTESIAN_POINT('',(78.398661367063,1.244699213414,0.56575091584
    ));
#5811 = CARTESIAN_POINT('',(78.448189590819,1.23711955587,0.412374487476
    ));
#5812 = CARTESIAN_POINT('',(78.46884826582,1.233838260665,0.331452184999
    ));
#5813 = CARTESIAN_POINT('',(78.484427753561,1.231301958816,
    0.249293041644));
#5814 = CARTESIAN_POINT('',(78.49483662649,1.229586364377,0.166299178675
    ));
#5815 = CARTESIAN_POINT('',(78.500027283439,1.228731137307,
    8.28848789922E-02));
#5816 = CARTESIAN_POINT('',(78.499972592181,1.228740149484,
    -8.378894617346E-02));
#5817 = CARTESIAN_POINT('',(78.494745489245,1.229601383363,
    -0.167053754746));
#5818 = CARTESIAN_POINT('',(78.48431871517,1.231319730327,-0.24989684697
    ));
#5819 = CARTESIAN_POINT('',(78.468739825621,1.233855570645,
    -0.331906152842));
#5820 = CARTESIAN_POINT('',(78.448099883465,1.237133492228,
    -0.412681706587));
#5821 = CARTESIAN_POINT('',(78.398606165235,1.244707466505,
    -0.565894279151));
#5822 = CARTESIAN_POINT('',(78.370366279221,1.248924512445,
    -0.63853583366));
#5823 = CARTESIAN_POINT('',(78.33791582157,1.253610729677,
    -0.709449279093));
#5824 = CARTESIAN_POINT('',(78.301387287664,1.258656039768,
    -0.778339590361));
#5825 = CARTESIAN_POINT('',(78.26093663536,1.263933617099,-0.84492835751
    ));
#5826 = CARTESIAN_POINT('',(78.15185920423,1.277193509457,
    -1.002941664332));
#5827 = CARTESIAN_POINT('',(78.078905680842,1.285285782271,
    -1.091404725963));
#5828 = CARTESIAN_POINT('',(77.998435493141,1.293150027749,
    -1.173514689077));
#5829 = CARTESIAN_POINT('',(77.911108111799,1.300306128718,
    -1.248507593769));
#5830 = CARTESIAN_POINT('',(77.817689940115,1.30627621034,
    -1.315682602012));
#5831 = CARTESIAN_POINT('',(77.632695300789,1.314497019901,
    -1.425928356814));
#5832 = CARTESIAN_POINT('',(77.542316015434,1.317117364373,
    -1.470958097157));
#5833 = CARTESIAN_POINT('',(77.448579338535,1.31824596454,-1.50912006218
    ));
#5834 = CARTESIAN_POINT('',(77.352178529743,1.317659995223,
    -1.540083768891));
#5835 = CARTESIAN_POINT('',(77.253867410943,1.315216590964,
    -1.563622870572));
#5836 = CARTESIAN_POINT('',(77.112345624651,1.309046613634,
    -1.586420128151));
#5837 = CARTESIAN_POINT('',(77.070034096183,1.30687119873,
    -1.591853691794));
#5838 = CARTESIAN_POINT('',(77.027584014407,1.304353646081,
    -1.595929694471));
#5839 = CARTESIAN_POINT('',(76.985055354041,1.301494466277,
    -1.59864486139));
#5840 = CARTESIAN_POINT('',(76.942507650521,1.298297400149,-1.6));
#5841 = CARTESIAN_POINT('',(76.9,1.294769418765,-1.6));
#5842 = PCURVE('',#5641,#5843);
#5843 = DEFINITIONAL_REPRESENTATION('',(#5844),#5902);
#5844 = B_SPLINE_CURVE_WITH_KNOTS('',6,(#5845,#5846,#5847,#5848,#5849,
    #5850,#5851,#5852,#5853,#5854,#5855,#5856,#5857,#5858,#5859,#5860,
    #5861,#5862,#5863,#5864,#5865,#5866,#5867,#5868,#5869,#5870,#5871,
    #5872,#5873,#5874,#5875,#5876,#5877,#5878,#5879,#5880,#5881,#5882,
    #5883,#5884,#5885,#5886,#5887,#5888,#5889,#5890,#5891,#5892,#5893,
    #5894,#5895,#5896,#5897,#5898,#5899,#5900,#5901),.UNSPECIFIED.,.F.,
  .F.,(7,5,5,5,5,5,5,5,5,5,5,7),(0.,5.059496143612E-02,0.170879960996,
    0.213105769788,0.307244311314,0.400394857772,0.500106462398,
    0.599643580665,0.692769432228,0.829479565522,0.949258326834,1.),
  .UNSPECIFIED.);
#5845 = CARTESIAN_POINT('',(0.,6.834769418765));
#5846 = CARTESIAN_POINT('',(2.648997397275E-02,6.838287134146));
#5847 = CARTESIAN_POINT('',(5.300477507003E-02,6.841475856892));
#5848 = CARTESIAN_POINT('',(7.954142367503E-02,6.844328677168));
#5849 = CARTESIAN_POINT('',(0.106096699765,6.846841877578));
#5850 = CARTESIAN_POINT('',(0.132667142913,6.849014933169));
#5851 = CARTESIAN_POINT('',(0.222445166409,6.855214434708));
#5852 = CARTESIAN_POINT('',(0.285712440694,6.857671669033));
#5853 = CARTESIAN_POINT('',(0.348988313232,6.858255365628));
#5854 = CARTESIAN_POINT('',(0.412236258247,6.8571103416));
#5855 = CARTESIAN_POINT('',(0.475432240429,6.854462667209));
#5856 = CARTESIAN_POINT('',(0.560708943131,6.849229498867));
#5857 = CARTESIAN_POINT('',(0.582858193591,6.847718564174));
#5858 = CARTESIAN_POINT('',(0.604998508961,6.846068440506));
#5859 = CARTESIAN_POINT('',(0.627129717672,6.844291605942));
#5860 = CARTESIAN_POINT('',(0.649251888273,6.842401025194));
#5861 = CARTESIAN_POINT('',(0.720665204495,6.835971676329));
#5862 = CARTESIAN_POINT('',(0.769921178296,6.831034516833));
#5863 = CARTESIAN_POINT('',(0.819137519541,6.825746527375));
#5864 = CARTESIAN_POINT('',(0.868322331942,6.820262222204));
#5865 = CARTESIAN_POINT('',(0.917485712502,6.814733912224));
#5866 = CARTESIAN_POINT('',(1.015274249004,6.803928774794));
#5867 = CARTESIAN_POINT('',(1.063899601774,6.798649933488));
#5868 = CARTESIAN_POINT('',(1.112522994208,6.793603574888));
#5869 = CARTESIAN_POINT('',(1.161152545801,6.788916617907));
#5870 = CARTESIAN_POINT('',(1.209793692775,6.784699213414));
#5871 = CARTESIAN_POINT('',(1.310528054399,6.77711955587));
#5872 = CARTESIAN_POINT('',(1.362625047335,6.773838260665));
#5873 = CARTESIAN_POINT('',(1.414736303423,6.771301958816));
#5874 = CARTESIAN_POINT('',(1.466860430729,6.769586364377));
#5875 = CARTESIAN_POINT('',(1.518993274624,6.768731137307));
#5876 = CARTESIAN_POINT('',(1.623164420961,6.768740149484));
#5877 = CARTESIAN_POINT('',(1.675205969618,6.769601383363));
#5878 = CARTESIAN_POINT('',(1.727238801153,6.771319730327));
#5879 = CARTESIAN_POINT('',(1.779258787224,6.773855570645));
#5880 = CARTESIAN_POINT('',(1.831264549336,6.777133492228));
#5881 = CARTESIAN_POINT('',(1.93189482974,6.784707466505));
#5882 = CARTESIAN_POINT('',(1.980523064304,6.788924512445));
#5883 = CARTESIAN_POINT('',(2.029139715703,6.793610729677));
#5884 = CARTESIAN_POINT('',(2.077750218139,6.798656039768));
#5885 = CARTESIAN_POINT('',(2.126362685759,6.803933617099));
#5886 = CARTESIAN_POINT('',(2.246366089217,6.817193509457));
#5887 = CARTESIAN_POINT('',(2.31777001532,6.825285782271));
#5888 = CARTESIAN_POINT('',(2.389230010989,6.833150027749));
#5889 = CARTESIAN_POINT('',(2.460774659716,6.840306128718));
#5890 = CARTESIAN_POINT('',(2.53242313861,6.84627621034));
#5891 = CARTESIAN_POINT('',(2.667019095074,6.854497019901));
#5892 = CARTESIAN_POINT('',(2.729950789371,6.857117364373));
#5893 = CARTESIAN_POINT('',(2.792933848441,6.85824596454));
#5894 = CARTESIAN_POINT('',(2.855944432052,6.857659995223));
#5895 = CARTESIAN_POINT('',(2.918946419017,6.855216590964));
#5896 = CARTESIAN_POINT('',(3.008537789426,6.849046613634));
#5897 = CARTESIAN_POINT('',(3.035185953525,6.84687119873));
#5898 = CARTESIAN_POINT('',(3.061818892839,6.844353646081));
#5899 = CARTESIAN_POINT('',(3.088433115667,6.841494466277));
#5900 = CARTESIAN_POINT('',(3.115025372014,6.838297400149));
#5901 = CARTESIAN_POINT('',(3.14159265359,6.834769418765));
#5902 = ( GEOMETRIC_REPRESENTATION_CONTEXT(2) 
PARAMETRIC_REPRESENTATION_CONTEXT() REPRESENTATION_CONTEXT('2D SPACE',''
  ) );
#5903 = PCURVE('',#5904,#5935);
#5904 = B_SPLINE_SURFACE_WITH_KNOTS('',14,1,(
    (#5905,#5906)
    ,(#5907,#5908)
    ,(#5909,#5910)
    ,(#5911,#5912)
    ,(#5913,#5914)
    ,(#5915,#5916)
    ,(#5917,#5918)
    ,(#5919,#5920)
    ,(#5921,#5922)
    ,(#5923,#5924)
    ,(#5925,#5926)
    ,(#5927,#5928)
    ,(#5929,#5930)
    ,(#5931,#5932)
    ,(#5933,#5934
    )),.UNSPECIFIED.,.T.,.F.,.F.,(15,15),(2,2),(0.,6.28318530718),(0.,1.
    ),.PIECEWISE_BEZIER_KNOTS.);
#5905 = CARTESIAN_POINT('',(76.9,15.9,-6.117932992715E-15));
#5906 = CARTESIAN_POINT('',(94.3,14.5,8.021416244079E-16));
#5907 = CARTESIAN_POINT('',(76.9,15.900000000001,3.150568632602));
#5908 = CARTESIAN_POINT('',(94.299999999994,14.500000000002,
    2.504298143863));
#5909 = CARTESIAN_POINT('',(76.9,14.29483372712,6.301138428148));
#5910 = CARTESIAN_POINT('',(94.300000000029,13.198513832795,
    5.008597212116));
#5911 = CARTESIAN_POINT('',(76.9,11.084499129328,8.654391812939));
#5912 = CARTESIAN_POINT('',(94.29999999991,10.595539834604,6.87913195388
    ));
#5913 = CARTESIAN_POINT('',(76.9,6.749081450929,9.413101122707));
#5914 = CARTESIAN_POINT('',(94.300000000205,7.080336311534,
    7.482208584706));
#5915 = CARTESIAN_POINT('',(76.9,2.248660113022,8.065817564279));
#5916 = CARTESIAN_POINT('',(94.299999999633,3.431346037636,
    6.411290884444));
#5917 = CARTESIAN_POINT('',(76.9,-1.186908592282,4.674514421771));
#5918 = CARTESIAN_POINT('',(94.30000000053,0.645749789973,3.715639668565
    ));
#5919 = CARTESIAN_POINT('',(76.9,-2.48033165515,7.863931728025E-11));
#5920 = CARTESIAN_POINT('',(94.299999999376,-0.402971612207,
    8.587264233029E-11));
#5921 = CARTESIAN_POINT('',(76.9,-1.186908592285,-4.674514421915));
#5922 = CARTESIAN_POINT('',(94.3000000006,0.645749789969,-3.715639668721
    ));
#5923 = CARTESIAN_POINT('',(76.9,2.248660113027,-8.065817564168));
#5924 = CARTESIAN_POINT('',(94.29999999953,3.431346037642,
    -6.411290884326));
#5925 = CARTESIAN_POINT('',(76.9,6.749081450925,-9.413101122777));
#5926 = CARTESIAN_POINT('',(94.300000000296,7.080336311528,
    -7.482208584778));
#5927 = CARTESIAN_POINT('',(76.9,11.08449912933,-8.654391812905));
#5928 = CARTESIAN_POINT('',(94.299999999855,10.595539834608,
    -6.879131953844));
#5929 = CARTESIAN_POINT('',(76.9,14.294833727119,-6.301138428161));
#5930 = CARTESIAN_POINT('',(94.300000000052,13.198513832793,
    -5.008597212129));
#5931 = CARTESIAN_POINT('',(76.9,15.900000000001,-3.150568632599));
#5932 = CARTESIAN_POINT('',(94.299999999989,14.500000000002,
    -2.504298143861));
#5933 = CARTESIAN_POINT('',(76.9,15.9,5.404414337683E-15));
#5934 = CARTESIAN_POINT('',(94.3,14.5,-3.430067184344E-15));
#5935 = DEFINITIONAL_REPRESENTATION('',(#5936),#5994);
#5936 = B_SPLINE_CURVE_WITH_KNOTS('',6,(#5937,#5938,#5939,#5940,#5941,
    #5942,#5943,#5944,#5945,#5946,#5947,#5948,#5949,#5950,#5951,#5952,
    #5953,#5954,#5955,#5956,#5957,#5958,#5959,#5960,#5961,#5962,#5963,
    #5964,#5965,#5966,#5967,#5968,#5969,#5970,#5971,#5972,#5973,#5974,
    #5975,#5976,#5977,#5978,#5979,#5980,#5981,#5982,#5983,#5984,#5985,
    #5986,#5987,#5988,#5989,#5990,#5991,#5992,#5993),.UNSPECIFIED.,.F.,
  .F.,(7,5,5,5,5,5,5,5,5,5,5,7),(0.,5.059496143612E-02,0.170879960996,
    0.213105769788,0.307244311314,0.400394857772,0.500106462398,
    0.599643580665,0.692769432228,0.829479565522,0.949258326834,1.),
  .UNSPECIFIED.);
#5937 = CARTESIAN_POINT('',(2.911651497139,0.));
#5938 = CARTESIAN_POINT('',(2.911534535255,2.435859675655E-03));
#5939 = CARTESIAN_POINT('',(2.911614423075,4.874007573483E-03));
#5940 = CARTESIAN_POINT('',(2.9118925045,7.311077277879E-03));
#5941 = CARTESIAN_POINT('',(2.912369462003,9.743677183995E-03));
#5942 = CARTESIAN_POINT('',(2.913045316625,1.216839049774E-02));
#5943 = CARTESIAN_POINT('',(2.915997549599,2.031938178615E-02));
#5944 = CARTESIAN_POINT('',(2.919196461574,2.599357749233E-02));
#5945 = CARTESIAN_POINT('',(2.923507028736,3.15570788068E-02));
#5946 = CARTESIAN_POINT('',(2.928898375949,3.696601609954E-02));
#5947 = CARTESIAN_POINT('',(2.93532170594,4.218006108978E-02));
#5948 = CARTESIAN_POINT('',(2.945309208338,4.891164855764E-02));
#5949 = CARTESIAN_POINT('',(2.948023836143,5.063228372054E-02));
#5950 = CARTESIAN_POINT('',(2.950855346064,5.232292149458E-02));
#5951 = CARTESIAN_POINT('',(2.953800940467,5.398209331357E-02));
#5952 = CARTESIAN_POINT('',(2.956857678586,5.560840031716E-02));
#5953 = CARTESIAN_POINT('',(2.967078101287,6.074998234221E-02));
#5954 = CARTESIAN_POINT('',(2.974670782863,6.41294595661E-02));
#5955 = CARTESIAN_POINT('',(2.982766584885,6.732428767498E-02));
#5956 = CARTESIAN_POINT('',(2.991328754936,7.032132623078E-02));
#5957 = CARTESIAN_POINT('',(3.000318273372,7.310883625242E-02));
#5958 = CARTESIAN_POINT('',(3.018972127347,7.821694676017E-02));
#5959 = CARTESIAN_POINT('',(3.028628373053,8.054213599305E-02));
#5960 = CARTESIAN_POINT('',(3.038623420292,8.264178990805E-02));
#5961 = CARTESIAN_POINT('',(3.04891552788,8.450693897629E-02));
#5962 = CARTESIAN_POINT('',(3.05946082698,8.612996362429E-02));
#5963 = CARTESIAN_POINT('',(3.081722948766,8.897641326544E-02));
#5964 = CARTESIAN_POINT('',(3.093470399444,9.016369343792E-02));
#5965 = CARTESIAN_POINT('',(3.10539832327,9.105906629662E-02));
#5966 = CARTESIAN_POINT('',(3.117447885505,9.165727738447E-02));
#5967 = CARTESIAN_POINT('',(3.129558701922,9.195559100225E-02));
#5968 = CARTESIAN_POINT('',(3.153757865638,9.195244782647E-02));
#5969 = CARTESIAN_POINT('',(3.165846975803,9.165203961177E-02));
#5970 = CARTESIAN_POINT('',(3.177874645253,9.105279972239E-02));
#5971 = CARTESIAN_POINT('',(3.189780811315,9.015746124259E-02));
#5972 = CARTESIAN_POINT('',(3.201506953496,8.897125767041E-02));
#5973 = CARTESIAN_POINT('',(3.223745285982,8.612679110543E-02));
#5974 = CARTESIAN_POINT('',(3.234287390092,8.450380915065E-02));
#5975 = CARTESIAN_POINT('',(3.244576382907,8.26388403201E-02));
#5976 = CARTESIAN_POINT('',(3.25456843226,8.053949929106E-02));
#5977 = CARTESIAN_POINT('',(3.264221831401,7.82147491586E-02));
#5978 = CARTESIAN_POINT('',(3.287112822969,7.194593127759E-02));
#5979 = CARTESIAN_POINT('',(3.299913484667,6.775320004841E-02));
#5980 = CARTESIAN_POINT('',(3.311773964598,6.312847661731E-02));
#5981 = CARTESIAN_POINT('',(3.322577536259,5.810966159762E-02));
#5982 = CARTESIAN_POINT('',(3.332216801733,5.274080115601E-02));
#5983 = CARTESIAN_POINT('',(3.347949606284,4.210892533272E-02));
#5984 = CARTESIAN_POINT('',(3.35433502517,3.691471353069E-02));
#5985 = CARTESIAN_POINT('',(3.359696740154,3.152754819165E-02));
#5986 = CARTESIAN_POINT('',(3.363986649498,2.598727182432E-02));
#5987 = CARTESIAN_POINT('',(3.367174284775,2.033720752547E-02));
#5988 = CARTESIAN_POINT('',(3.370130111348,1.220377153165E-02));
#5989 = CARTESIAN_POINT('',(3.370810267162,9.772074493257E-03));
#5990 = CARTESIAN_POINT('',(3.371290363032,7.332414621072E-03));
#5991 = CARTESIAN_POINT('',(3.371570416213,4.88823873798E-03));
#5992 = CARTESIAN_POINT('',(3.371651113263,2.442968420743E-03));
#5993 = CARTESIAN_POINT('',(3.371533810041,0.));
#5994 = ( GEOMETRIC_REPRESENTATION_CONTEXT(2) 
PARAMETRIC_REPRESENTATION_CONTEXT() REPRESENTATION_CONTEXT('2D SPACE',''
  ) );
#5995 = ORIENTED_EDGE('',*,*,#5996,.T.);
#5996 = EDGE_CURVE('',#5781,#5997,#5999,.T.);
#5997 = VERTEX_POINT('',#5998);
#5998 = CARTESIAN_POINT('',(76.9,1.48,-1.6));
#5999 = SURFACE_CURVE('',#6000,(#6004,#6011),.PCURVE_S1.);
#6000 = LINE('',#6001,#6002);
#6001 = CARTESIAN_POINT('',(76.9,-5.54,-1.6));
#6002 = VECTOR('',#6003,1.);
#6003 = DIRECTION('',(0.,1.,0.));
#6004 = PCURVE('',#5641,#6005);
#6005 = DEFINITIONAL_REPRESENTATION('',(#6006),#6010);
#6006 = LINE('',#6007,#6008);
#6007 = CARTESIAN_POINT('',(3.14159265359,0.));
#6008 = VECTOR('',#6009,1.);
#6009 = DIRECTION('',(0.,1.));
#6010 = ( GEOMETRIC_REPRESENTATION_CONTEXT(2) 
PARAMETRIC_REPRESENTATION_CONTEXT() REPRESENTATION_CONTEXT('2D SPACE',''
  ) );
#6011 = PCURVE('',#6012,#6017);
#6012 = PLANE('',#6013);
#6013 = AXIS2_PLACEMENT_3D('',#6014,#6015,#6016);
#6014 = CARTESIAN_POINT('',(76.9,8.5,0.));
#6015 = DIRECTION('',(1.,0.,0.));
#6016 = DIRECTION('',(0.,1.,0.));
#6017 = DEFINITIONAL_REPRESENTATION('',(#6018),#6022);
#6018 = LINE('',#6019,#6020);
#6019 = CARTESIAN_POINT('',(-14.04,-1.6));
#6020 = VECTOR('',#6021,1.);
#6021 = DIRECTION('',(1.,0.));
#6022 = ( GEOMETRIC_REPRESENTATION_CONTEXT(2) 
PARAMETRIC_REPRESENTATION_CONTEXT() REPRESENTATION_CONTEXT('2D SPACE',''
  ) );
#6023 = ORIENTED_EDGE('',*,*,#6024,.T.);
#6024 = EDGE_CURVE('',#5997,#5730,#6025,.T.);
#6025 = SURFACE_CURVE('',#6026,(#6031,#6038),.PCURVE_S1.);
#6026 = CIRCLE('',#6027,1.6);
#6027 = AXIS2_PLACEMENT_3D('',#6028,#6029,#6030);
#6028 = CARTESIAN_POINT('',(76.9,1.48,0.));
#6029 = DIRECTION('',(0.,1.,0.));
#6030 = DIRECTION('',(0.,-0.,1.));
#6031 = PCURVE('',#5641,#6032);
#6032 = DEFINITIONAL_REPRESENTATION('',(#6033),#6037);
#6033 = LINE('',#6034,#6035);
#6034 = CARTESIAN_POINT('',(0.,7.02));
#6035 = VECTOR('',#6036,1.);
#6036 = DIRECTION('',(1.,0.));
#6037 = ( GEOMETRIC_REPRESENTATION_CONTEXT(2) 
PARAMETRIC_REPRESENTATION_CONTEXT() REPRESENTATION_CONTEXT('2D SPACE',''
  ) );
#6038 = PCURVE('',#6039,#6044);
#6039 = PLANE('',#6040);
#6040 = AXIS2_PLACEMENT_3D('',#6041,#6042,#6043);
#6041 = CARTESIAN_POINT('',(76.9,1.48,0.));
#6042 = DIRECTION('',(0.,1.,0.));
#6043 = DIRECTION('',(0.,-0.,1.));
#6044 = DEFINITIONAL_REPRESENTATION('',(#6045),#6049);
#6045 = CIRCLE('',#6046,1.6);
#6046 = AXIS2_PLACEMENT_2D('',#6047,#6048);
#6047 = CARTESIAN_POINT('',(0.,0.));
#6048 = DIRECTION('',(1.,0.));
#6049 = ( GEOMETRIC_REPRESENTATION_CONTEXT(2) 
PARAMETRIC_REPRESENTATION_CONTEXT() REPRESENTATION_CONTEXT('2D SPACE',''
  ) );
#6050 = ORIENTED_EDGE('',*,*,#5729,.T.);
#6051 = ORIENTED_EDGE('',*,*,#6052,.F.);
#6052 = EDGE_CURVE('',#6053,#5680,#6055,.T.);
#6053 = VERTEX_POINT('',#6054);
#6054 = CARTESIAN_POINT('',(76.9,15.52,-1.6));
#6055 = SURFACE_CURVE('',#6056,(#6061,#6068),.PCURVE_S1.);
#6056 = CIRCLE('',#6057,1.6);
#6057 = AXIS2_PLACEMENT_3D('',#6058,#6059,#6060);
#6058 = CARTESIAN_POINT('',(76.9,15.52,0.));
#6059 = DIRECTION('',(0.,1.,0.));
#6060 = DIRECTION('',(0.,-0.,1.));
#6061 = PCURVE('',#5641,#6062);
#6062 = DEFINITIONAL_REPRESENTATION('',(#6063),#6067);
#6063 = LINE('',#6064,#6065);
#6064 = CARTESIAN_POINT('',(0.,21.06));
#6065 = VECTOR('',#6066,1.);
#6066 = DIRECTION('',(1.,0.));
#6067 = ( GEOMETRIC_REPRESENTATION_CONTEXT(2) 
PARAMETRIC_REPRESENTATION_CONTEXT() REPRESENTATION_CONTEXT('2D SPACE',''
  ) );
#6068 = PCURVE('',#5489,#6069);
#6069 = DEFINITIONAL_REPRESENTATION('',(#6070),#6074);
#6070 = CIRCLE('',#6071,1.6);
#6071 = AXIS2_PLACEMENT_2D('',#6072,#6073);
#6072 = CARTESIAN_POINT('',(0.,0.));
#6073 = DIRECTION('',(1.,0.));
#6074 = ( GEOMETRIC_REPRESENTATION_CONTEXT(2) 
PARAMETRIC_REPRESENTATION_CONTEXT() REPRESENTATION_CONTEXT('2D SPACE',''
  ) );
#6075 = ORIENTED_EDGE('',*,*,#6076,.T.);
#6076 = EDGE_CURVE('',#6053,#6077,#6079,.T.);
#6077 = VERTEX_POINT('',#6078);
#6078 = CARTESIAN_POINT('',(76.9,15.705230583752,-1.6));
#6079 = SURFACE_CURVE('',#6080,(#6084,#6091),.PCURVE_S1.);
#6080 = LINE('',#6081,#6082);
#6081 = CARTESIAN_POINT('',(76.9,-5.54,-1.6));
#6082 = VECTOR('',#6083,1.);
#6083 = DIRECTION('',(0.,1.,0.));
#6084 = PCURVE('',#5641,#6085);
#6085 = DEFINITIONAL_REPRESENTATION('',(#6086),#6090);
#6086 = LINE('',#6087,#6088);
#6087 = CARTESIAN_POINT('',(3.14159265359,0.));
#6088 = VECTOR('',#6089,1.);
#6089 = DIRECTION('',(0.,1.));
#6090 = ( GEOMETRIC_REPRESENTATION_CONTEXT(2) 
PARAMETRIC_REPRESENTATION_CONTEXT() REPRESENTATION_CONTEXT('2D SPACE',''
  ) );
#6091 = PCURVE('',#6092,#6097);
#6092 = PLANE('',#6093);
#6093 = AXIS2_PLACEMENT_3D('',#6094,#6095,#6096);
#6094 = CARTESIAN_POINT('',(76.9,8.5,0.));
#6095 = DIRECTION('',(1.,0.,0.));
#6096 = DIRECTION('',(0.,1.,0.));
#6097 = DEFINITIONAL_REPRESENTATION('',(#6098),#6102);
#6098 = LINE('',#6099,#6100);
#6099 = CARTESIAN_POINT('',(-14.04,-1.6));
#6100 = VECTOR('',#6101,1.);
#6101 = DIRECTION('',(1.,0.));
#6102 = ( GEOMETRIC_REPRESENTATION_CONTEXT(2) 
PARAMETRIC_REPRESENTATION_CONTEXT() REPRESENTATION_CONTEXT('2D SPACE',''
  ) );
#6103 = ORIENTED_EDGE('',*,*,#6104,.T.);
#6104 = EDGE_CURVE('',#6077,#5529,#6105,.T.);
#6105 = SURFACE_CURVE('',#6106,(#6133,#6163),.PCURVE_S1.);
#6106 = B_SPLINE_CURVE_WITH_KNOTS('',5,(#6107,#6108,#6109,#6110,#6111,
    #6112,#6113,#6114,#6115,#6116,#6117,#6118,#6119,#6120,#6121,#6122,
    #6123,#6124,#6125,#6126,#6127,#6128,#6129,#6130,#6131,#6132),
  .UNSPECIFIED.,.F.,.F.,(6,4,4,4,4,4,6),(0.,0.100483381954,
    0.340279730602,0.426806348276,0.613545965456,0.800892258195,1.),
  .UNSPECIFIED.);
#6107 = CARTESIAN_POINT('',(76.9,15.705230589583,-1.6));
#6108 = CARTESIAN_POINT('',(76.950505745856,15.701038795185,-1.6));
#6109 = CARTESIAN_POINT('',(77.001070374947,15.697333625445,
    -1.598007216664));
#6110 = CARTESIAN_POINT('',(77.05157918847,15.694128611262,
    -1.594012160813));
#6111 = CARTESIAN_POINT('',(77.10191619053,15.691427972368,
    -1.588017109626));
#6112 = CARTESIAN_POINT('',(77.271399788551,15.68397324219,
    -1.560990018251));
#6113 = CARTESIAN_POINT('',(77.389205274643,15.681562161762,
    -1.530630887779));
#6114 = CARTESIAN_POINT('',(77.503750197255,15.681929549468,
    -1.489158073895));
#6115 = CARTESIAN_POINT('',(77.613579727358,15.684680601966,
    -1.437149048408));
#6116 = CARTESIAN_POINT('',(77.754899379439,15.690924027506,
    -1.353161900228));
#6117 = CARTESIAN_POINT('',(77.791594404706,15.692818878218,
    -1.329626959494));
#6118 = CARTESIAN_POINT('',(77.827454933605,15.694927364134,
    -1.304864728367));
#6119 = CARTESIAN_POINT('',(77.86242726179,15.697222139853,
    -1.278915973325));
#6120 = CARTESIAN_POINT('',(77.969913969123,15.704966320991,
    -1.193355734532));
#6121 = CARTESIAN_POINT('',(78.038996794613,15.710991501486,
    -1.129564168696));
#6122 = CARTESIAN_POINT('',(78.103213008114,15.717461131775,
    -1.060885096148));
#6123 = CARTESIAN_POINT('',(78.162142011127,15.724067391938,
    -0.98780513036));
#6124 = CARTESIAN_POINT('',(78.268887505209,15.737022281509,
    -0.833645878215));
#6125 = CARTESIAN_POINT('',(78.316667169526,15.743369984727,
    -0.752541526643));
#6126 = CARTESIAN_POINT('',(78.358407610168,15.749297971858,
    -0.668071840407));
#6127 = CARTESIAN_POINT('',(78.393811801691,15.754558270508,
    -0.580819221583));
#6128 = CARTESIAN_POINT('',(78.453327951272,15.763667185296,
    -0.396408544051));
#6129 = CARTESIAN_POINT('',(78.476592829046,15.767406737569,
    -0.298968118592));
#6130 = CARTESIAN_POINT('',(78.492197635865,15.769978826697,
    -0.19987188928));
#6131 = CARTESIAN_POINT('',(78.5,15.771264367816,-9.993397212182E-02));
#6132 = CARTESIAN_POINT('',(78.5,15.771264367816,-1.532107773983E-14));
#6133 = PCURVE('',#5641,#6134);
#6134 = DEFINITIONAL_REPRESENTATION('',(#6135),#6162);
#6135 = B_SPLINE_CURVE_WITH_KNOTS('',5,(#6136,#6137,#6138,#6139,#6140,
    #6141,#6142,#6143,#6144,#6145,#6146,#6147,#6148,#6149,#6150,#6151,
    #6152,#6153,#6154,#6155,#6156,#6157,#6158,#6159,#6160,#6161),
  .UNSPECIFIED.,.F.,.F.,(6,4,4,4,4,4,6),(0.,0.100483381954,
    0.340279730602,0.426806348276,0.613545965456,0.800892258195,1.),
  .UNSPECIFIED.);
#6136 = CARTESIAN_POINT('',(3.14159265359,21.245230589583));
#6137 = CARTESIAN_POINT('',(3.11002656243,21.241038795185));
#6138 = CARTESIAN_POINT('',(3.078423752152,21.237333625445));
#6139 = CARTESIAN_POINT('',(3.046790052684,21.234128611262));
#6140 = CARTESIAN_POINT('',(3.01513200079,21.231427972368));
#6141 = CARTESIAN_POINT('',(2.907866352045,21.22397324219));
#6142 = CARTESIAN_POINT('',(2.832168831305,21.221562161762));
#6143 = CARTESIAN_POINT('',(2.756488491286,21.221929549468));
#6144 = CARTESIAN_POINT('',(2.680872278894,21.224680601966));
#6145 = CARTESIAN_POINT('',(2.578126603187,21.230924027506));
#6146 = CARTESIAN_POINT('',(2.55089630654,21.232818878218));
#6147 = CARTESIAN_POINT('',(2.523680298165,21.234927364134));
#6148 = CARTESIAN_POINT('',(2.496478697587,21.237222139853));
#6149 = CARTESIAN_POINT('',(2.410614645529,21.244966320991));
#6150 = CARTESIAN_POINT('',(2.352003182399,21.250991501486));
#6151 = CARTESIAN_POINT('',(2.293448017913,21.257461131775));
#6152 = CARTESIAN_POINT('',(2.23492963913,21.264067391938));
#6153 = CARTESIAN_POINT('',(2.117736430055,21.277022281509));
#6154 = CARTESIAN_POINT('',(2.059061742549,21.283369984727));
#6155 = CARTESIAN_POINT('',(2.000385610494,21.289297971858));
#6156 = CARTESIAN_POINT('',(1.94169237566,21.294558270508));
#6157 = CARTESIAN_POINT('',(1.820581840454,21.303667185296));
#6158 = CARTESIAN_POINT('',(1.758159177306,21.307406737569));
#6159 = CARTESIAN_POINT('',(1.695716218795,21.309978826697));
#6160 = CARTESIAN_POINT('',(1.633255059371,21.311264367816));
#6161 = CARTESIAN_POINT('',(1.570796326795,21.311264367816));
#6162 = ( GEOMETRIC_REPRESENTATION_CONTEXT(2) 
PARAMETRIC_REPRESENTATION_CONTEXT() REPRESENTATION_CONTEXT('2D SPACE',''
  ) );
#6163 = PCURVE('',#5543,#6164);
#6164 = DEFINITIONAL_REPRESENTATION('',(#6165),#6192);
#6165 = B_SPLINE_CURVE_WITH_KNOTS('',5,(#6166,#6167,#6168,#6169,#6170,
    #6171,#6172,#6173,#6174,#6175,#6176,#6177,#6178,#6179,#6180,#6181,
    #6182,#6183,#6184,#6185,#6186,#6187,#6188,#6189,#6190,#6191),
  .UNSPECIFIED.,.F.,.F.,(6,4,4,4,4,4,6),(0.,0.100483381954,
    0.340279730602,0.426806348276,0.613545965456,0.800892258195,1.),
  .UNSPECIFIED.);
#6166 = CARTESIAN_POINT('',(6.053244154535,0.));
#6167 = CARTESIAN_POINT('',(6.053104779936,2.902629072205E-03));
#6168 = CARTESIAN_POINT('',(6.053256572473,5.808642238307E-03));
#6169 = CARTESIAN_POINT('',(6.05370216354,8.711447613202E-03));
#6170 = CARTESIAN_POINT('',(6.054442255682,1.16043787661E-02));
#6171 = CARTESIAN_POINT('',(6.057941678235,2.134481543395E-02));
#6172 = CARTESIAN_POINT('',(6.062078285637,2.811524566914E-02));
#6173 = CARTESIAN_POINT('',(6.067867738504,3.469828719857E-02));
#6174 = CARTESIAN_POINT('',(6.075227878445,4.101032915853E-02));
#6175 = CARTESIAN_POINT('',(6.087212341338,4.913214824365E-02));
#6176 = CARTESIAN_POINT('',(6.090578615313,5.124105774175E-02));
#6177 = CARTESIAN_POINT('',(6.094127713766,5.330200767847E-02));
#6178 = CARTESIAN_POINT('',(6.097853469985,5.531191159715E-02));
#6179 = CARTESIAN_POINT('',(6.110157005103,6.148930857026E-02));
#6180 = CARTESIAN_POINT('',(6.119356619498,6.54595858973E-02));
#6181 = CARTESIAN_POINT('',(6.129281810714,6.915017288011E-02));
#6182 = CARTESIAN_POINT('',(6.139858139467,7.253689719119E-02));
#6183 = CARTESIAN_POINT('',(6.162190394525,7.86716957017E-02));
#6184 = CARTESIAN_POINT('',(6.173950020223,8.141765342103E-02));
#6185 = CARTESIAN_POINT('',(6.186204315786,8.381652932002E-02));
#6186 = CARTESIAN_POINT('',(6.198866358394,8.585125297078E-02));
#6187 = CARTESIAN_POINT('',(6.22563301742,8.927172133748E-02));
#6188 = CARTESIAN_POINT('',(6.239778929733,9.060878327849E-02));
#6189 = CARTESIAN_POINT('',(6.254166161664,9.150561125664E-02));
#6190 = CARTESIAN_POINT('',(6.268676019147,9.195402298851E-02));
#6191 = CARTESIAN_POINT('',(6.28318530718,9.195402298851E-02));
#6192 = ( GEOMETRIC_REPRESENTATION_CONTEXT(2) 
PARAMETRIC_REPRESENTATION_CONTEXT() REPRESENTATION_CONTEXT('2D SPACE',''
  ) );
#6193 = ADVANCED_FACE('',(#6194),#5543,.T.);
#6194 = FACE_BOUND('',#6195,.T.);
#6195 = EDGE_LOOP('',(#6196,#6300,#6322,#6323));
#6196 = ORIENTED_EDGE('',*,*,#6197,.F.);
#6197 = EDGE_CURVE('',#6198,#5420,#6200,.T.);
#6198 = VERTEX_POINT('',#6199);
#6199 = CARTESIAN_POINT('',(76.9,15.52,-2.220648500626));
#6200 = SURFACE_CURVE('',#6201,(#6232,#6266),.PCURVE_S1.);
#6201 = B_SPLINE_CURVE_WITH_KNOTS('',8,(#6202,#6203,#6204,#6205,#6206,
    #6207,#6208,#6209,#6210,#6211,#6212,#6213,#6214,#6215,#6216,#6217,
    #6218,#6219,#6220,#6221,#6222,#6223,#6224,#6225,#6226,#6227,#6228,
    #6229,#6230,#6231),.UNSPECIFIED.,.F.,.F.,(9,7,7,7,9),(0.,
    0.491371659012,0.742454678747,0.877643500309,1.),.UNSPECIFIED.);
#6202 = CARTESIAN_POINT('',(76.9,15.52,-2.220648508702));
#6203 = CARTESIAN_POINT('',(77.223177076572,15.52,-2.142011323724));
#6204 = CARTESIAN_POINT('',(77.545637591114,15.52,-2.060779196887));
#6205 = CARTESIAN_POINT('',(77.86734607216,15.52,-1.97659396982));
#6206 = CARTESIAN_POINT('',(78.188181039036,15.52,-1.889003830233));
#6207 = CARTESIAN_POINT('',(78.50794150581,15.52,-1.797477602905));
#6208 = CARTESIAN_POINT('',(78.826288763412,15.52,-1.701223154304));
#6209 = CARTESIAN_POINT('',(79.142770953389,15.52,-1.599259909537));
#6210 = CARTESIAN_POINT('',(79.616919385156,15.52,-1.43355638947));
#6211 = CARTESIAN_POINT('',(79.776472760253,15.52,-1.375539930024));
#6212 = CARTESIAN_POINT('',(79.935195470167,15.52,-1.315259627024));
#6213 = CARTESIAN_POINT('',(80.092950814564,15.52,-1.252369761324));
#6214 = CARTESIAN_POINT('',(80.249509116033,15.52,-1.186473687212));
#6215 = CARTESIAN_POINT('',(80.404487021716,15.52,-1.116996969586));
#6216 = CARTESIAN_POINT('',(80.557373523762,15.52,-1.043238466544));
#6217 = CARTESIAN_POINT('',(80.787974835439,15.52,-0.92101205043));
#6218 = CARTESIAN_POINT('',(80.867699545644,15.52,-0.876645469159));
#6219 = CARTESIAN_POINT('',(80.946393226225,15.52,-0.830432517147));
#6220 = CARTESIAN_POINT('',(81.023875214988,15.52,-0.782090012239));
#6221 = CARTESIAN_POINT('',(81.099838721537,15.52,-0.731312178708));
#6222 = CARTESIAN_POINT('',(81.173794437413,15.52,-0.677698330755));
#6223 = CARTESIAN_POINT('',(81.245091413591,15.52,-0.620776849999));
#6224 = CARTESIAN_POINT('',(81.373834876816,15.52,-0.50435282325));
#6225 = CARTESIAN_POINT('',(81.431845343191,15.52,-0.445706905144));
#6226 = CARTESIAN_POINT('',(81.486210290413,15.52,-0.38283306393));
#6227 = CARTESIAN_POINT('',(81.535397005463,15.52,-0.315147541071));
#6228 = CARTESIAN_POINT('',(81.576783206444,15.52,-0.242380702017));
#6229 = CARTESIAN_POINT('',(81.607210571131,15.52,-0.164774741211));
#6230 = CARTESIAN_POINT('',(81.622857142859,15.52,-8.303812387674E-02));
#6231 = CARTESIAN_POINT('',(81.622857142859,15.52,-1.68753899743E-14));
#6232 = PCURVE('',#5543,#6233);
#6233 = DEFINITIONAL_REPRESENTATION('',(#6234),#6265);
#6234 = B_SPLINE_CURVE_WITH_KNOTS('',8,(#6235,#6236,#6237,#6238,#6239,
    #6240,#6241,#6242,#6243,#6244,#6245,#6246,#6247,#6248,#6249,#6250,
    #6251,#6252,#6253,#6254,#6255,#6256,#6257,#6258,#6259,#6260,#6261,
    #6262,#6263,#6264),.UNSPECIFIED.,.F.,.F.,(9,7,7,7,9),(0.,
    0.491371659012,0.742454678747,0.877643500309,1.),.UNSPECIFIED.);
#6235 = CARTESIAN_POINT('',(5.961325199679,0.));
#6236 = CARTESIAN_POINT('',(5.97186300804,1.857339520529E-02));
#6237 = CARTESIAN_POINT('',(5.98284274184,3.710560868474E-02));
#6238 = CARTESIAN_POINT('',(5.994320916121,5.559460184827E-02));
#6239 = CARTESIAN_POINT('',(6.006368867227,7.40333930481E-02));
#6240 = CARTESIAN_POINT('',(6.019070604784,9.241043136837E-02));
#6241 = CARTESIAN_POINT('',(6.032550441552,0.110706250771));
#6242 = CARTESIAN_POINT('',(6.046962083848,0.128894882379));
#6243 = CARTESIAN_POINT('',(6.0706121208,0.15614479225));
#6244 = CARTESIAN_POINT('',(6.078929356764,0.165314526451));
#6245 = CARTESIAN_POINT('',(6.087609657079,0.174436521274));
#6246 = CARTESIAN_POINT('',(6.096706364517,0.183502920377));
#6247 = CARTESIAN_POINT('',(6.106280856126,0.19250052391));
#6248 = CARTESIAN_POINT('',(6.116421707685,0.201407300099));
#6249 = CARTESIAN_POINT('',(6.127236951914,0.210193880676));
#6250 = CARTESIAN_POINT('',(6.145244193088,0.223446829623));
#6251 = CARTESIAN_POINT('',(6.151795477489,0.22802870952));
#6252 = CARTESIAN_POINT('',(6.158634816489,0.232551334841));
#6253 = CARTESIAN_POINT('',(6.165805429098,0.2370043227));
#6254 = CARTESIAN_POINT('',(6.173354148041,0.241370041468));
#6255 = CARTESIAN_POINT('',(6.181342249242,0.245620369966));
#6256 = CARTESIAN_POINT('',(6.189841756686,0.249717897333));
#6257 = CARTESIAN_POINT('',(6.207263537867,0.257116946943));
#6258 = CARTESIAN_POINT('',(6.216054324417,0.260450881793));
#6259 = CARTESIAN_POINT('',(6.225493983629,0.263575304047));
#6260 = CARTESIAN_POINT('',(6.23567181651,0.266402126751));
#6261 = CARTESIAN_POINT('',(6.246629216593,0.268780644049));
#6262 = CARTESIAN_POINT('',(6.258329187692,0.270529343168));
#6263 = CARTESIAN_POINT('',(6.270659083855,0.271428571429));
#6264 = CARTESIAN_POINT('',(6.28318530718,0.271428571429));
#6265 = ( GEOMETRIC_REPRESENTATION_CONTEXT(2) 
PARAMETRIC_REPRESENTATION_CONTEXT() REPRESENTATION_CONTEXT('2D SPACE',''
  ) );
#6266 = PCURVE('',#5489,#6267);
#6267 = DEFINITIONAL_REPRESENTATION('',(#6268),#6299);
#6268 = B_SPLINE_CURVE_WITH_KNOTS('',8,(#6269,#6270,#6271,#6272,#6273,
    #6274,#6275,#6276,#6277,#6278,#6279,#6280,#6281,#6282,#6283,#6284,
    #6285,#6286,#6287,#6288,#6289,#6290,#6291,#6292,#6293,#6294,#6295,
    #6296,#6297,#6298),.UNSPECIFIED.,.F.,.F.,(9,7,7,7,9),(0.,
    0.491371659012,0.742454678747,0.877643500309,1.),.UNSPECIFIED.);
#6269 = CARTESIAN_POINT('',(-2.220648508702,0.));
#6270 = CARTESIAN_POINT('',(-2.142011323724,0.323177076572));
#6271 = CARTESIAN_POINT('',(-2.060779196887,0.645637591114));
#6272 = CARTESIAN_POINT('',(-1.97659396982,0.96734607216));
#6273 = CARTESIAN_POINT('',(-1.889003830233,1.288181039036));
#6274 = CARTESIAN_POINT('',(-1.797477602905,1.60794150581));
#6275 = CARTESIAN_POINT('',(-1.701223154304,1.926288763412));
#6276 = CARTESIAN_POINT('',(-1.599259909537,2.242770953389));
#6277 = CARTESIAN_POINT('',(-1.43355638947,2.716919385156));
#6278 = CARTESIAN_POINT('',(-1.375539930024,2.876472760253));
#6279 = CARTESIAN_POINT('',(-1.315259627024,3.035195470167));
#6280 = CARTESIAN_POINT('',(-1.252369761324,3.192950814564));
#6281 = CARTESIAN_POINT('',(-1.186473687212,3.349509116033));
#6282 = CARTESIAN_POINT('',(-1.116996969586,3.504487021716));
#6283 = CARTESIAN_POINT('',(-1.043238466544,3.657373523762));
#6284 = CARTESIAN_POINT('',(-0.92101205043,3.887974835439));
#6285 = CARTESIAN_POINT('',(-0.876645469159,3.967699545644));
#6286 = CARTESIAN_POINT('',(-0.830432517147,4.046393226225));
#6287 = CARTESIAN_POINT('',(-0.782090012239,4.123875214988));
#6288 = CARTESIAN_POINT('',(-0.731312178708,4.199838721537));
#6289 = CARTESIAN_POINT('',(-0.677698330755,4.273794437413));
#6290 = CARTESIAN_POINT('',(-0.620776849999,4.345091413591));
#6291 = CARTESIAN_POINT('',(-0.50435282325,4.473834876816));
#6292 = CARTESIAN_POINT('',(-0.445706905144,4.531845343191));
#6293 = CARTESIAN_POINT('',(-0.38283306393,4.586210290413));
#6294 = CARTESIAN_POINT('',(-0.315147541071,4.635397005463));
#6295 = CARTESIAN_POINT('',(-0.242380702017,4.676783206444));
#6296 = CARTESIAN_POINT('',(-0.164774741211,4.707210571131));
#6297 = CARTESIAN_POINT('',(-8.303812387674E-02,4.722857142859));
#6298 = CARTESIAN_POINT('',(-1.68753899743E-14,4.722857142859));
#6299 = ( GEOMETRIC_REPRESENTATION_CONTEXT(2) 
PARAMETRIC_REPRESENTATION_CONTEXT() REPRESENTATION_CONTEXT('2D SPACE',''
  ) );
#6300 = ORIENTED_EDGE('',*,*,#6301,.T.);
#6301 = EDGE_CURVE('',#6198,#6077,#6302,.T.);
#6302 = SURFACE_CURVE('',#6303,(#6308,#6315),.PCURVE_S1.);
#6303 = ELLIPSE('',#6304,7.4,7.02);
#6304 = AXIS2_PLACEMENT_3D('',#6305,#6306,#6307);
#6305 = CARTESIAN_POINT('',(76.9,8.5,0.));
#6306 = DIRECTION('',(1.,0.,0.));
#6307 = DIRECTION('',(0.,1.,0.));
#6308 = PCURVE('',#5543,#6309);
#6309 = DEFINITIONAL_REPRESENTATION('',(#6310),#6314);
#6310 = LINE('',#6311,#6312);
#6311 = CARTESIAN_POINT('',(0.,0.));
#6312 = VECTOR('',#6313,1.);
#6313 = DIRECTION('',(1.,0.));
#6314 = ( GEOMETRIC_REPRESENTATION_CONTEXT(2) 
PARAMETRIC_REPRESENTATION_CONTEXT() REPRESENTATION_CONTEXT('2D SPACE',''
  ) );
#6315 = PCURVE('',#6092,#6316);
#6316 = DEFINITIONAL_REPRESENTATION('',(#6317),#6321);
#6317 = ELLIPSE('',#6318,7.4,7.02);
#6318 = AXIS2_PLACEMENT_2D('',#6319,#6320);
#6319 = CARTESIAN_POINT('',(0.,0.));
#6320 = DIRECTION('',(1.,0.));
#6321 = ( GEOMETRIC_REPRESENTATION_CONTEXT(2) 
PARAMETRIC_REPRESENTATION_CONTEXT() REPRESENTATION_CONTEXT('2D SPACE',''
  ) );
#6322 = ORIENTED_EDGE('',*,*,#6104,.T.);
#6323 = ORIENTED_EDGE('',*,*,#5528,.T.);
#6324 = ADVANCED_FACE('',(#6325,#6356),#5489,.T.);
#6325 = FACE_BOUND('',#6326,.T.);
#6326 = EDGE_LOOP('',(#6327));
#6327 = ORIENTED_EDGE('',*,*,#6328,.T.);
#6328 = EDGE_CURVE('',#6329,#6329,#6331,.T.);
#6329 = VERTEX_POINT('',#6330);
#6330 = CARTESIAN_POINT('',(76.9,15.52,7.4));
#6331 = SURFACE_CURVE('',#6332,(#6337,#6344),.PCURVE_S1.);
#6332 = CIRCLE('',#6333,7.4);
#6333 = AXIS2_PLACEMENT_3D('',#6334,#6335,#6336);
#6334 = CARTESIAN_POINT('',(76.9,15.52,0.));
#6335 = DIRECTION('',(0.,1.,0.));
#6336 = DIRECTION('',(0.,-0.,1.));
#6337 = PCURVE('',#5489,#6338);
#6338 = DEFINITIONAL_REPRESENTATION('',(#6339),#6343);
#6339 = CIRCLE('',#6340,7.4);
#6340 = AXIS2_PLACEMENT_2D('',#6341,#6342);
#6341 = CARTESIAN_POINT('',(0.,0.));
#6342 = DIRECTION('',(1.,0.));
#6343 = ( GEOMETRIC_REPRESENTATION_CONTEXT(2) 
PARAMETRIC_REPRESENTATION_CONTEXT() REPRESENTATION_CONTEXT('2D SPACE',''
  ) );
#6344 = PCURVE('',#6345,#6350);
#6345 = CYLINDRICAL_SURFACE('',#6346,7.4);
#6346 = AXIS2_PLACEMENT_3D('',#6347,#6348,#6349);
#6347 = CARTESIAN_POINT('',(76.9,1.48,0.));
#6348 = DIRECTION('',(0.,1.,0.));
#6349 = DIRECTION('',(0.,-0.,1.));
#6350 = DEFINITIONAL_REPRESENTATION('',(#6351),#6355);
#6351 = LINE('',#6352,#6353);
#6352 = CARTESIAN_POINT('',(0.,14.04));
#6353 = VECTOR('',#6354,1.);
#6354 = DIRECTION('',(1.,0.));
#6355 = ( GEOMETRIC_REPRESENTATION_CONTEXT(2) 
PARAMETRIC_REPRESENTATION_CONTEXT() REPRESENTATION_CONTEXT('2D SPACE',''
  ) );
#6356 = FACE_BOUND('',#6357,.T.);
#6357 = EDGE_LOOP('',(#6358,#6359,#6360,#6361,#6382));
#6358 = ORIENTED_EDGE('',*,*,#5419,.F.);
#6359 = ORIENTED_EDGE('',*,*,#5679,.F.);
#6360 = ORIENTED_EDGE('',*,*,#6052,.F.);
#6361 = ORIENTED_EDGE('',*,*,#6362,.F.);
#6362 = EDGE_CURVE('',#6198,#6053,#6363,.T.);
#6363 = SURFACE_CURVE('',#6364,(#6368,#6375),.PCURVE_S1.);
#6364 = LINE('',#6365,#6366);
#6365 = CARTESIAN_POINT('',(76.9,15.52,0.));
#6366 = VECTOR('',#6367,1.);
#6367 = DIRECTION('',(0.,0.,1.));
#6368 = PCURVE('',#5489,#6369);
#6369 = DEFINITIONAL_REPRESENTATION('',(#6370),#6374);
#6370 = LINE('',#6371,#6372);
#6371 = CARTESIAN_POINT('',(0.,0.));
#6372 = VECTOR('',#6373,1.);
#6373 = DIRECTION('',(1.,0.));
#6374 = ( GEOMETRIC_REPRESENTATION_CONTEXT(2) 
PARAMETRIC_REPRESENTATION_CONTEXT() REPRESENTATION_CONTEXT('2D SPACE',''
  ) );
#6375 = PCURVE('',#6092,#6376);
#6376 = DEFINITIONAL_REPRESENTATION('',(#6377),#6381);
#6377 = LINE('',#6378,#6379);
#6378 = CARTESIAN_POINT('',(7.02,0.));
#6379 = VECTOR('',#6380,1.);
#6380 = DIRECTION('',(0.,1.));
#6381 = ( GEOMETRIC_REPRESENTATION_CONTEXT(2) 
PARAMETRIC_REPRESENTATION_CONTEXT() REPRESENTATION_CONTEXT('2D SPACE',''
  ) );
#6382 = ORIENTED_EDGE('',*,*,#6197,.T.);
#6383 = ADVANCED_FACE('',(#6384),#6092,.F.);
#6384 = FACE_BOUND('',#6385,.F.);
#6385 = EDGE_LOOP('',(#6386,#6387,#6388));
#6386 = ORIENTED_EDGE('',*,*,#6362,.F.);
#6387 = ORIENTED_EDGE('',*,*,#6301,.T.);
#6388 = ORIENTED_EDGE('',*,*,#6076,.F.);
#6389 = ADVANCED_FACE('',(#6390,#6416),#6039,.F.);
#6390 = FACE_BOUND('',#6391,.F.);
#6391 = EDGE_LOOP('',(#6392));
#6392 = ORIENTED_EDGE('',*,*,#6393,.T.);
#6393 = EDGE_CURVE('',#6394,#6394,#6396,.T.);
#6394 = VERTEX_POINT('',#6395);
#6395 = CARTESIAN_POINT('',(76.9,1.48,7.4));
#6396 = SURFACE_CURVE('',#6397,(#6402,#6409),.PCURVE_S1.);
#6397 = CIRCLE('',#6398,7.4);
#6398 = AXIS2_PLACEMENT_3D('',#6399,#6400,#6401);
#6399 = CARTESIAN_POINT('',(76.9,1.48,0.));
#6400 = DIRECTION('',(0.,1.,0.));
#6401 = DIRECTION('',(0.,-0.,1.));
#6402 = PCURVE('',#6039,#6403);
#6403 = DEFINITIONAL_REPRESENTATION('',(#6404),#6408);
#6404 = CIRCLE('',#6405,7.4);
#6405 = AXIS2_PLACEMENT_2D('',#6406,#6407);
#6406 = CARTESIAN_POINT('',(0.,0.));
#6407 = DIRECTION('',(1.,0.));
#6408 = ( GEOMETRIC_REPRESENTATION_CONTEXT(2) 
PARAMETRIC_REPRESENTATION_CONTEXT() REPRESENTATION_CONTEXT('2D SPACE',''
  ) );
#6409 = PCURVE('',#6345,#6410);
#6410 = DEFINITIONAL_REPRESENTATION('',(#6411),#6415);
#6411 = LINE('',#6412,#6413);
#6412 = CARTESIAN_POINT('',(0.,0.));
#6413 = VECTOR('',#6414,1.);
#6414 = DIRECTION('',(1.,0.));
#6415 = ( GEOMETRIC_REPRESENTATION_CONTEXT(2) 
PARAMETRIC_REPRESENTATION_CONTEXT() REPRESENTATION_CONTEXT('2D SPACE',''
  ) );
#6416 = FACE_BOUND('',#6417,.F.);
#6417 = EDGE_LOOP('',(#6418,#6629,#6650,#6651));
#6418 = ORIENTED_EDGE('',*,*,#6419,.F.);
#6419 = EDGE_CURVE('',#6420,#6422,#6424,.T.);
#6420 = VERTEX_POINT('',#6421);
#6421 = CARTESIAN_POINT('',(76.9,1.48,2.220648500626));
#6422 = VERTEX_POINT('',#6423);
#6423 = CARTESIAN_POINT('',(76.9,1.48,-2.220648500626));
#6424 = SURFACE_CURVE('',#6425,(#6491,#6560),.PCURVE_S1.);
#6425 = B_SPLINE_CURVE_WITH_KNOTS('',8,(#6426,#6427,#6428,#6429,#6430,
    #6431,#6432,#6433,#6434,#6435,#6436,#6437,#6438,#6439,#6440,#6441,
    #6442,#6443,#6444,#6445,#6446,#6447,#6448,#6449,#6450,#6451,#6452,
    #6453,#6454,#6455,#6456,#6457,#6458,#6459,#6460,#6461,#6462,#6463,
    #6464,#6465,#6466,#6467,#6468,#6469,#6470,#6471,#6472,#6473,#6474,
    #6475,#6476,#6477,#6478,#6479,#6480,#6481,#6482,#6483,#6484,#6485,
    #6486,#6487,#6488,#6489,#6490),.UNSPECIFIED.,.F.,.F.,(9,7,7,7,7,7,7,
    7,7,9),(0.,0.246032983937,0.37175188408,0.43944180558,0.471347039907
    ,0.524718347582,0.570521829059,0.646451913784,0.788186813387,1.),
  .UNSPECIFIED.);
#6426 = CARTESIAN_POINT('',(76.9,1.48,2.220648491101));
#6427 = CARTESIAN_POINT('',(77.223177076665,1.48,2.142011304141));
#6428 = CARTESIAN_POINT('',(77.545637591279,1.48,2.060779175252));
#6429 = CARTESIAN_POINT('',(77.867346072345,1.48,1.976593946089));
#6430 = CARTESIAN_POINT('',(78.188181039237,1.48,1.88900380435));
#6431 = CARTESIAN_POINT('',(78.507941505955,1.48,1.797477574873));
#6432 = CARTESIAN_POINT('',(78.826288763505,1.48,1.701223124139));
#6433 = CARTESIAN_POINT('',(79.142770953405,1.48,1.599259877331));
#6434 = CARTESIAN_POINT('',(79.616919385018,1.48,1.433556354521));
#6435 = CARTESIAN_POINT('',(79.77647276002,1.48,1.375539894222));
#6436 = CARTESIAN_POINT('',(79.935195469867,1.48,1.315259590435));
#6437 = CARTESIAN_POINT('',(80.092950814186,1.48,1.252369724051));
#6438 = CARTESIAN_POINT('',(80.249509115641,1.48,1.186473649361));
#6439 = CARTESIAN_POINT('',(80.404487021336,1.48,1.116996931313));
#6440 = CARTESIAN_POINT('',(80.557373523486,1.48,1.043238428031));
#6441 = CARTESIAN_POINT('',(80.787974835186,1.48,0.921012012039));
#6442 = CARTESIAN_POINT('',(80.867699545234,1.48,0.876645430993));
#6443 = CARTESIAN_POINT('',(80.946393225718,1.48,0.83043247928));
#6444 = CARTESIAN_POINT('',(81.023875214416,1.48,0.782089974764));
#6445 = CARTESIAN_POINT('',(81.099838721001,1.48,0.731312141699));
#6446 = CARTESIAN_POINT('',(81.173794436962,1.48,0.677698294295));
#6447 = CARTESIAN_POINT('',(81.245091413311,1.48,0.620776814148));
#6448 = CARTESIAN_POINT('',(81.344523490342,1.48,0.53085937395));
#6449 = CARTESIAN_POINT('',(81.375514318435,1.48,0.501155789673));
#6450 = CARTESIAN_POINT('',(81.405543347237,1.48,0.470457586486));
#6451 = CARTESIAN_POINT('',(81.434457347759,1.48,0.43867662177));
#6452 = CARTESIAN_POINT('',(81.462049618805,1.48,0.405732635046));
#6453 = CARTESIAN_POINT('',(81.488060108518,1.48,0.371553252803));
#6454 = CARTESIAN_POINT('',(81.512175535936,1.48,0.336073993323));
#6455 = CARTESIAN_POINT('',(81.570587003311,1.48,0.237619208555));
#6456 = CARTESIAN_POINT('',(81.601696052596,1.48,0.170723144627));
#6457 = CARTESIAN_POINT('',(81.623879372068,1.48,0.100039290331));
#6458 = CARTESIAN_POINT('',(81.634490924288,1.48,2.709767422975E-02));
#6459 = CARTESIAN_POINT('',(81.632150990865,1.48,-4.647566198948E-02));
#6460 = CARTESIAN_POINT('',(81.617174769261,1.48,-0.118919776973));
#6461 = CARTESIAN_POINT('',(81.591747425669,1.48,-0.188305769969));
#6462 = CARTESIAN_POINT('',(81.53200821472,1.48,-0.307590023731));
#6463 = CARTESIAN_POINT('',(81.4989999622,1.48,-0.359788472627));
#6464 = CARTESIAN_POINT('',(81.461769671539,1.48,-0.409252067523));
#6465 = CARTESIAN_POINT('',(81.421295247952,1.48,-0.456160924236));
#6466 = CARTESIAN_POINT('',(81.378338789611,1.48,-0.500719813426));
#6467 = CARTESIAN_POINT('',(81.333448773052,1.48,-0.543160354371));
#6468 = CARTESIAN_POINT('',(81.286962238589,1.48,-0.583743208734));
#6469 = CARTESIAN_POINT('',(81.159509805311,1.48,-0.687440272485));
#6470 = CARTESIAN_POINT('',(81.076337526425,1.48,-0.747524258406));
#6471 = CARTESIAN_POINT('',(80.990572848036,1.48,-0.804051129296));
#6472 = CARTESIAN_POINT('',(80.902858607184,1.48,-0.857552849535));
#6473 = CARTESIAN_POINT('',(80.81367834122,1.48,-0.9084794538));
#6474 = CARTESIAN_POINT('',(80.723327652386,1.48,-0.957161712571));
#6475 = CARTESIAN_POINT('',(80.631979067174,1.48,-1.003902370759));
#6476 = CARTESIAN_POINT('',(80.367373178636,1.48,-1.133093378226));
#6477 = CARTESIAN_POINT('',(80.192149010706,1.48,-1.211187274773));
#6478 = CARTESIAN_POINT('',(80.014885547861,1.48,-1.284763703719));
#6479 = CARTESIAN_POINT('',(79.836080713892,1.48,-1.35457155835));
#6480 = CARTESIAN_POINT('',(79.656108040284,1.48,-1.421222582872));
#6481 = CARTESIAN_POINT('',(79.475190409028,1.48,-1.48513547225));
#6482 = CARTESIAN_POINT('',(79.293460762371,1.48,-1.546673069212));
#6483 = CARTESIAN_POINT('',(78.838212606705,1.48,-1.694987885244));
#6484 = CARTESIAN_POINT('',(78.563929960175,1.48,-1.779139210932));
#6485 = CARTESIAN_POINT('',(78.288474153206,1.48,-1.859510685844));
#6486 = CARTESIAN_POINT('',(78.012085996396,1.48,-1.936676137607));
#6487 = CARTESIAN_POINT('',(77.734940178938,1.48,-2.011063229455));
#6488 = CARTESIAN_POINT('',(77.457163067274,1.48,-2.083015810622));
#6489 = CARTESIAN_POINT('',(77.178834511845,1.48,-2.152800975847));
#6490 = CARTESIAN_POINT('',(76.9,1.48,-2.220648491101));
#6491 = PCURVE('',#6039,#6492);
#6492 = DEFINITIONAL_REPRESENTATION('',(#6493),#6559);
#6493 = B_SPLINE_CURVE_WITH_KNOTS('',8,(#6494,#6495,#6496,#6497,#6498,
    #6499,#6500,#6501,#6502,#6503,#6504,#6505,#6506,#6507,#6508,#6509,
    #6510,#6511,#6512,#6513,#6514,#6515,#6516,#6517,#6518,#6519,#6520,
    #6521,#6522,#6523,#6524,#6525,#6526,#6527,#6528,#6529,#6530,#6531,
    #6532,#6533,#6534,#6535,#6536,#6537,#6538,#6539,#6540,#6541,#6542,
    #6543,#6544,#6545,#6546,#6547,#6548,#6549,#6550,#6551,#6552,#6553,
    #6554,#6555,#6556,#6557,#6558),.UNSPECIFIED.,.F.,.F.,(9,7,7,7,7,7,7,
    7,7,9),(0.,0.246032983937,0.37175188408,0.43944180558,0.471347039907
    ,0.524718347582,0.570521829059,0.646451913784,0.788186813387,1.),
  .UNSPECIFIED.);
#6494 = CARTESIAN_POINT('',(2.220648491101,0.));
#6495 = CARTESIAN_POINT('',(2.142011304141,0.323177076665));
#6496 = CARTESIAN_POINT('',(2.060779175252,0.645637591279));
#6497 = CARTESIAN_POINT('',(1.976593946089,0.967346072345));
#6498 = CARTESIAN_POINT('',(1.88900380435,1.288181039237));
#6499 = CARTESIAN_POINT('',(1.797477574873,1.607941505955));
#6500 = CARTESIAN_POINT('',(1.701223124139,1.926288763505));
#6501 = CARTESIAN_POINT('',(1.599259877331,2.242770953405));
#6502 = CARTESIAN_POINT('',(1.433556354521,2.716919385018));
#6503 = CARTESIAN_POINT('',(1.375539894222,2.87647276002));
#6504 = CARTESIAN_POINT('',(1.315259590435,3.035195469867));
#6505 = CARTESIAN_POINT('',(1.252369724051,3.192950814186));
#6506 = CARTESIAN_POINT('',(1.186473649361,3.349509115641));
#6507 = CARTESIAN_POINT('',(1.116996931313,3.504487021336));
#6508 = CARTESIAN_POINT('',(1.043238428031,3.657373523486));
#6509 = CARTESIAN_POINT('',(0.921012012039,3.887974835186));
#6510 = CARTESIAN_POINT('',(0.876645430993,3.967699545234));
#6511 = CARTESIAN_POINT('',(0.83043247928,4.046393225718));
#6512 = CARTESIAN_POINT('',(0.782089974764,4.123875214416));
#6513 = CARTESIAN_POINT('',(0.731312141699,4.199838721001));
#6514 = CARTESIAN_POINT('',(0.677698294295,4.273794436962));
#6515 = CARTESIAN_POINT('',(0.620776814148,4.345091413311));
#6516 = CARTESIAN_POINT('',(0.53085937395,4.444523490342));
#6517 = CARTESIAN_POINT('',(0.501155789673,4.475514318435));
#6518 = CARTESIAN_POINT('',(0.470457586486,4.505543347237));
#6519 = CARTESIAN_POINT('',(0.43867662177,4.534457347759));
#6520 = CARTESIAN_POINT('',(0.405732635046,4.562049618805));
#6521 = CARTESIAN_POINT('',(0.371553252803,4.588060108518));
#6522 = CARTESIAN_POINT('',(0.336073993323,4.612175535936));
#6523 = CARTESIAN_POINT('',(0.237619208555,4.670587003311));
#6524 = CARTESIAN_POINT('',(0.170723144627,4.701696052596));
#6525 = CARTESIAN_POINT('',(0.100039290331,4.723879372068));
#6526 = CARTESIAN_POINT('',(2.709767422975E-02,4.734490924288));
#6527 = CARTESIAN_POINT('',(-4.647566198948E-02,4.732150990865));
#6528 = CARTESIAN_POINT('',(-0.118919776973,4.717174769261));
#6529 = CARTESIAN_POINT('',(-0.188305769969,4.691747425669));
#6530 = CARTESIAN_POINT('',(-0.307590023731,4.63200821472));
#6531 = CARTESIAN_POINT('',(-0.359788472627,4.5989999622));
#6532 = CARTESIAN_POINT('',(-0.409252067523,4.561769671539));
#6533 = CARTESIAN_POINT('',(-0.456160924236,4.521295247952));
#6534 = CARTESIAN_POINT('',(-0.500719813426,4.478338789611));
#6535 = CARTESIAN_POINT('',(-0.543160354371,4.433448773052));
#6536 = CARTESIAN_POINT('',(-0.583743208734,4.386962238589));
#6537 = CARTESIAN_POINT('',(-0.687440272485,4.259509805311));
#6538 = CARTESIAN_POINT('',(-0.747524258406,4.176337526425));
#6539 = CARTESIAN_POINT('',(-0.804051129296,4.090572848036));
#6540 = CARTESIAN_POINT('',(-0.857552849535,4.002858607184));
#6541 = CARTESIAN_POINT('',(-0.9084794538,3.91367834122));
#6542 = CARTESIAN_POINT('',(-0.957161712571,3.823327652386));
#6543 = CARTESIAN_POINT('',(-1.003902370759,3.731979067174));
#6544 = CARTESIAN_POINT('',(-1.133093378226,3.467373178636));
#6545 = CARTESIAN_POINT('',(-1.211187274773,3.292149010706));
#6546 = CARTESIAN_POINT('',(-1.284763703719,3.114885547861));
#6547 = CARTESIAN_POINT('',(-1.35457155835,2.936080713892));
#6548 = CARTESIAN_POINT('',(-1.421222582872,2.756108040284));
#6549 = CARTESIAN_POINT('',(-1.48513547225,2.575190409028));
#6550 = CARTESIAN_POINT('',(-1.546673069212,2.393460762371));
#6551 = CARTESIAN_POINT('',(-1.694987885244,1.938212606705));
#6552 = CARTESIAN_POINT('',(-1.779139210932,1.663929960175));
#6553 = CARTESIAN_POINT('',(-1.859510685844,1.388474153206));
#6554 = CARTESIAN_POINT('',(-1.936676137607,1.112085996396));
#6555 = CARTESIAN_POINT('',(-2.011063229455,0.834940178938));
#6556 = CARTESIAN_POINT('',(-2.083015810622,0.557163067274));
#6557 = CARTESIAN_POINT('',(-2.152800975847,0.278834511845));
#6558 = CARTESIAN_POINT('',(-2.220648491101,0.));
#6559 = ( GEOMETRIC_REPRESENTATION_CONTEXT(2) 
PARAMETRIC_REPRESENTATION_CONTEXT() REPRESENTATION_CONTEXT('2D SPACE',''
  ) );
#6560 = PCURVE('',#5904,#6561);
#6561 = DEFINITIONAL_REPRESENTATION('',(#6562),#6628);
#6562 = B_SPLINE_CURVE_WITH_KNOTS('',8,(#6563,#6564,#6565,#6566,#6567,
    #6568,#6569,#6570,#6571,#6572,#6573,#6574,#6575,#6576,#6577,#6578,
    #6579,#6580,#6581,#6582,#6583,#6584,#6585,#6586,#6587,#6588,#6589,
    #6590,#6591,#6592,#6593,#6594,#6595,#6596,#6597,#6598,#6599,#6600,
    #6601,#6602,#6603,#6604,#6605,#6606,#6607,#6608,#6609,#6610,#6611,
    #6612,#6613,#6614,#6615,#6616,#6617,#6618,#6619,#6620,#6621,#6622,
    #6623,#6624,#6625,#6626,#6627),.UNSPECIFIED.,.F.,.F.,(9,7,7,7,7,7,7,
    7,7,9),(0.,0.246032983937,0.37175188408,0.43944180558,0.471347039907
    ,0.524718347582,0.570521829059,0.646451913784,0.788186813387,1.),
  .UNSPECIFIED.);
#6563 = CARTESIAN_POINT('',(2.819732546135,0.));
#6564 = CARTESIAN_POINT('',(2.830270354595,1.857339521062E-02));
#6565 = CARTESIAN_POINT('',(2.841250088505,3.710560869418E-02));
#6566 = CARTESIAN_POINT('',(2.852728262908,5.559460185894E-02));
#6567 = CARTESIAN_POINT('',(2.864776214155,7.403339305956E-02));
#6568 = CARTESIAN_POINT('',(2.877477951865,9.241043137676E-02));
#6569 = CARTESIAN_POINT('',(2.890957788811,0.110706250776));
#6570 = CARTESIAN_POINT('',(2.905369431307,0.12889488238));
#6571 = CARTESIAN_POINT('',(2.929019468603,0.156144792242));
#6572 = CARTESIAN_POINT('',(2.937336704689,0.165314526438));
#6573 = CARTESIAN_POINT('',(2.946017005133,0.174436521257));
#6574 = CARTESIAN_POINT('',(2.95511371271,0.183502920355));
#6575 = CARTESIAN_POINT('',(2.964688204468,0.192500523888));
#6576 = CARTESIAN_POINT('',(2.974829056187,0.201407300077));
#6577 = CARTESIAN_POINT('',(2.985644300592,0.21019388066));
#6578 = CARTESIAN_POINT('',(3.003651542047,0.223446829608));
#6579 = CARTESIAN_POINT('',(3.010202826534,0.228028709496));
#6580 = CARTESIAN_POINT('',(3.017042165626,0.232551334811));
#6581 = CARTESIAN_POINT('',(3.024212778334,0.237004322667));
#6582 = CARTESIAN_POINT('',(3.031761497387,0.241370041437));
#6583 = CARTESIAN_POINT('',(3.039749598708,0.24562036994));
#6584 = CARTESIAN_POINT('',(3.04824910629,0.249717897317));
#6585 = CARTESIAN_POINT('',(3.061704421788,0.255432384502));
#6586 = CARTESIAN_POINT('',(3.06615334919,0.257213466577));
#6587 = CARTESIAN_POINT('',(3.070755341163,0.25893927283));
#6588 = CARTESIAN_POINT('',(3.075523788293,0.260600996998));
#6589 = CARTESIAN_POINT('',(3.080470894078,0.262186759701));
#6590 = CARTESIAN_POINT('',(3.085607634773,0.263681615432));
#6591 = CARTESIAN_POINT('',(3.090943719225,0.265067559537));
#6592 = CARTESIAN_POINT('',(3.105761306946,0.26842454042));
#6593 = CARTESIAN_POINT('',(3.115839323771,0.270212416816));
#6594 = CARTESIAN_POINT('',(3.126497713227,0.271487320234));
#6595 = CARTESIAN_POINT('',(3.137503599986,0.272097179557));
#6596 = CARTESIAN_POINT('',(3.14860643705,0.271962700624));
#6597 = CARTESIAN_POINT('',(3.159534598026,0.271101998233));
#6598 = CARTESIAN_POINT('',(3.169993440831,0.269640656648));
#6599 = CARTESIAN_POINT('',(3.187957813787,0.266207368662));
#6600 = CARTESIAN_POINT('',(3.195812164199,0.264310342655));
#6601 = CARTESIAN_POINT('',(3.203247169117,0.262170670778));
#6602 = CARTESIAN_POINT('',(3.210289881956,0.25984455448));
#6603 = CARTESIAN_POINT('',(3.216971441469,0.257375792506));
#6604 = CARTESIAN_POINT('',(3.223327181881,0.254795906497));
#6605 = CARTESIAN_POINT('',(3.229396743031,0.252124266586));
#6606 = CARTESIAN_POINT('',(3.24488453398,0.244799414098));
#6607 = CARTESIAN_POINT('',(3.253835771887,0.24001939807));
#6608 = CARTESIAN_POINT('',(3.262235692788,0.235090393565));
#6609 = CARTESIAN_POINT('',(3.270165654675,0.23004934524));
#6610 = CARTESIAN_POINT('',(3.277694555802,0.224924042599));
#6611 = CARTESIAN_POINT('',(3.2848731302,0.219731474275));
#6612 = CARTESIAN_POINT('',(3.291747644277,0.214481555585));
#6613 = CARTESIAN_POINT('',(3.310699517183,0.199274320611));
#6614 = CARTESIAN_POINT('',(3.322093528906,0.189203966132));
#6615 = CARTESIAN_POINT('',(3.332772476386,0.179016410797));
#6616 = CARTESIAN_POINT('',(3.342852016379,0.168740270913));
#6617 = CARTESIAN_POINT('',(3.352426696203,0.158397013809));
#6618 = CARTESIAN_POINT('',(3.361561492333,0.147999448795));
#6619 = CARTESIAN_POINT('',(3.370312560232,0.137555216228));
#6620 = CARTESIAN_POINT('',(3.391298204238,0.111391529121));
#6621 = CARTESIAN_POINT('',(3.40310713584,9.562815863074E-02));
#6622 = CARTESIAN_POINT('',(3.414296123276,7.979736512677E-02));
#6623 = CARTESIAN_POINT('',(3.424955074969,6.391298829863E-02));
#6624 = CARTESIAN_POINT('',(3.435151320891,4.798506775508E-02));
#6625 = CARTESIAN_POINT('',(3.444939134131,3.20208659353E-02));
#6626 = CARTESIAN_POINT('',(3.454360826963,1.602497194514E-02));
#6627 = CARTESIAN_POINT('',(3.463452761045,0.));
#6628 = ( GEOMETRIC_REPRESENTATION_CONTEXT(2) 
PARAMETRIC_REPRESENTATION_CONTEXT() REPRESENTATION_CONTEXT('2D SPACE',''
  ) );
#6629 = ORIENTED_EDGE('',*,*,#6630,.F.);
#6630 = EDGE_CURVE('',#5730,#6420,#6631,.T.);
#6631 = SURFACE_CURVE('',#6632,(#6636,#6643),.PCURVE_S1.);
#6632 = LINE('',#6633,#6634);
#6633 = CARTESIAN_POINT('',(76.9,1.48,0.));
#6634 = VECTOR('',#6635,1.);
#6635 = DIRECTION('',(0.,0.,1.));
#6636 = PCURVE('',#6039,#6637);
#6637 = DEFINITIONAL_REPRESENTATION('',(#6638),#6642);
#6638 = LINE('',#6639,#6640);
#6639 = CARTESIAN_POINT('',(0.,0.));
#6640 = VECTOR('',#6641,1.);
#6641 = DIRECTION('',(1.,0.));
#6642 = ( GEOMETRIC_REPRESENTATION_CONTEXT(2) 
PARAMETRIC_REPRESENTATION_CONTEXT() REPRESENTATION_CONTEXT('2D SPACE',''
  ) );
#6643 = PCURVE('',#5768,#6644);
#6644 = DEFINITIONAL_REPRESENTATION('',(#6645),#6649);
#6645 = LINE('',#6646,#6647);
#6646 = CARTESIAN_POINT('',(-7.02,0.));
#6647 = VECTOR('',#6648,1.);
#6648 = DIRECTION('',(0.,1.));
#6649 = ( GEOMETRIC_REPRESENTATION_CONTEXT(2) 
PARAMETRIC_REPRESENTATION_CONTEXT() REPRESENTATION_CONTEXT('2D SPACE',''
  ) );
#6650 = ORIENTED_EDGE('',*,*,#6024,.F.);
#6651 = ORIENTED_EDGE('',*,*,#6652,.F.);
#6652 = EDGE_CURVE('',#6422,#5997,#6653,.T.);
#6653 = SURFACE_CURVE('',#6654,(#6658,#6665),.PCURVE_S1.);
#6654 = LINE('',#6655,#6656);
#6655 = CARTESIAN_POINT('',(76.9,1.48,0.));
#6656 = VECTOR('',#6657,1.);
#6657 = DIRECTION('',(0.,0.,1.));
#6658 = PCURVE('',#6039,#6659);
#6659 = DEFINITIONAL_REPRESENTATION('',(#6660),#6664);
#6660 = LINE('',#6661,#6662);
#6661 = CARTESIAN_POINT('',(0.,0.));
#6662 = VECTOR('',#6663,1.);
#6663 = DIRECTION('',(1.,0.));
#6664 = ( GEOMETRIC_REPRESENTATION_CONTEXT(2) 
PARAMETRIC_REPRESENTATION_CONTEXT() REPRESENTATION_CONTEXT('2D SPACE',''
  ) );
#6665 = PCURVE('',#6012,#6666);
#6666 = DEFINITIONAL_REPRESENTATION('',(#6667),#6671);
#6667 = LINE('',#6668,#6669);
#6668 = CARTESIAN_POINT('',(-7.02,0.));
#6669 = VECTOR('',#6670,1.);
#6670 = DIRECTION('',(0.,1.));
#6671 = ( GEOMETRIC_REPRESENTATION_CONTEXT(2) 
PARAMETRIC_REPRESENTATION_CONTEXT() REPRESENTATION_CONTEXT('2D SPACE',''
  ) );
#6672 = ADVANCED_FACE('',(#6673),#6012,.F.);
#6673 = FACE_BOUND('',#6674,.F.);
#6674 = EDGE_LOOP('',(#6675,#6676,#6677));
#6675 = ORIENTED_EDGE('',*,*,#6652,.T.);
#6676 = ORIENTED_EDGE('',*,*,#5996,.F.);
#6677 = ORIENTED_EDGE('',*,*,#6678,.T.);
#6678 = EDGE_CURVE('',#5781,#6422,#6679,.T.);
#6679 = SURFACE_CURVE('',#6680,(#6685,#6692),.PCURVE_S1.);
#6680 = ELLIPSE('',#6681,7.4,7.02);
#6681 = AXIS2_PLACEMENT_3D('',#6682,#6683,#6684);
#6682 = CARTESIAN_POINT('',(76.9,8.5,0.));
#6683 = DIRECTION('',(1.,0.,0.));
#6684 = DIRECTION('',(0.,1.,0.));
#6685 = PCURVE('',#6012,#6686);
#6686 = DEFINITIONAL_REPRESENTATION('',(#6687),#6691);
#6687 = ELLIPSE('',#6688,7.4,7.02);
#6688 = AXIS2_PLACEMENT_2D('',#6689,#6690);
#6689 = CARTESIAN_POINT('',(0.,0.));
#6690 = DIRECTION('',(1.,0.));
#6691 = ( GEOMETRIC_REPRESENTATION_CONTEXT(2) 
PARAMETRIC_REPRESENTATION_CONTEXT() REPRESENTATION_CONTEXT('2D SPACE',''
  ) );
#6692 = PCURVE('',#5904,#6693);
#6693 = DEFINITIONAL_REPRESENTATION('',(#6694),#6698);
#6694 = LINE('',#6695,#6696);
#6695 = CARTESIAN_POINT('',(0.,0.));
#6696 = VECTOR('',#6697,1.);
#6697 = DIRECTION('',(1.,0.));
#6698 = ( GEOMETRIC_REPRESENTATION_CONTEXT(2) 
PARAMETRIC_REPRESENTATION_CONTEXT() REPRESENTATION_CONTEXT('2D SPACE',''
  ) );
#6699 = ADVANCED_FACE('',(#6700),#5904,.T.);
#6700 = FACE_BOUND('',#6701,.T.);
#6701 = EDGE_LOOP('',(#6702,#6703,#6725,#6726));
#6702 = ORIENTED_EDGE('',*,*,#6419,.F.);
#6703 = ORIENTED_EDGE('',*,*,#6704,.T.);
#6704 = EDGE_CURVE('',#6420,#5753,#6705,.T.);
#6705 = SURFACE_CURVE('',#6706,(#6711,#6718),.PCURVE_S1.);
#6706 = ELLIPSE('',#6707,7.4,7.02);
#6707 = AXIS2_PLACEMENT_3D('',#6708,#6709,#6710);
#6708 = CARTESIAN_POINT('',(76.9,8.5,0.));
#6709 = DIRECTION('',(1.,0.,0.));
#6710 = DIRECTION('',(0.,1.,0.));
#6711 = PCURVE('',#5904,#6712);
#6712 = DEFINITIONAL_REPRESENTATION('',(#6713),#6717);
#6713 = LINE('',#6714,#6715);
#6714 = CARTESIAN_POINT('',(0.,0.));
#6715 = VECTOR('',#6716,1.);
#6716 = DIRECTION('',(1.,0.));
#6717 = ( GEOMETRIC_REPRESENTATION_CONTEXT(2) 
PARAMETRIC_REPRESENTATION_CONTEXT() REPRESENTATION_CONTEXT('2D SPACE',''
  ) );
#6718 = PCURVE('',#5768,#6719);
#6719 = DEFINITIONAL_REPRESENTATION('',(#6720),#6724);
#6720 = ELLIPSE('',#6721,7.4,7.02);
#6721 = AXIS2_PLACEMENT_2D('',#6722,#6723);
#6722 = CARTESIAN_POINT('',(0.,0.));
#6723 = DIRECTION('',(1.,0.));
#6724 = ( GEOMETRIC_REPRESENTATION_CONTEXT(2) 
PARAMETRIC_REPRESENTATION_CONTEXT() REPRESENTATION_CONTEXT('2D SPACE',''
  ) );
#6725 = ORIENTED_EDGE('',*,*,#5780,.T.);
#6726 = ORIENTED_EDGE('',*,*,#6678,.T.);
#6727 = ADVANCED_FACE('',(#6728),#5768,.F.);
#6728 = FACE_BOUND('',#6729,.F.);
#6729 = EDGE_LOOP('',(#6730,#6731,#6732));
#6730 = ORIENTED_EDGE('',*,*,#5752,.T.);
#6731 = ORIENTED_EDGE('',*,*,#6630,.T.);
#6732 = ORIENTED_EDGE('',*,*,#6704,.T.);
#6733 = ADVANCED_FACE('',(#6734,#6760),#6345,.T.);
#6734 = FACE_BOUND('',#6735,.T.);
#6735 = EDGE_LOOP('',(#6736,#6757,#6758,#6759));
#6736 = ORIENTED_EDGE('',*,*,#6737,.T.);
#6737 = EDGE_CURVE('',#6394,#6329,#6738,.T.);
#6738 = SEAM_CURVE('',#6739,(#6743,#6750),.PCURVE_S1.);
#6739 = LINE('',#6740,#6741);
#6740 = CARTESIAN_POINT('',(76.9,1.48,7.4));
#6741 = VECTOR('',#6742,1.);
#6742 = DIRECTION('',(0.,1.,0.));
#6743 = PCURVE('',#6345,#6744);
#6744 = DEFINITIONAL_REPRESENTATION('',(#6745),#6749);
#6745 = LINE('',#6746,#6747);
#6746 = CARTESIAN_POINT('',(6.28318530718,-0.));
#6747 = VECTOR('',#6748,1.);
#6748 = DIRECTION('',(0.,1.));
#6749 = ( GEOMETRIC_REPRESENTATION_CONTEXT(2) 
PARAMETRIC_REPRESENTATION_CONTEXT() REPRESENTATION_CONTEXT('2D SPACE',''
  ) );
#6750 = PCURVE('',#6345,#6751);
#6751 = DEFINITIONAL_REPRESENTATION('',(#6752),#6756);
#6752 = LINE('',#6753,#6754);
#6753 = CARTESIAN_POINT('',(0.,-0.));
#6754 = VECTOR('',#6755,1.);
#6755 = DIRECTION('',(0.,1.));
#6756 = ( GEOMETRIC_REPRESENTATION_CONTEXT(2) 
PARAMETRIC_REPRESENTATION_CONTEXT() REPRESENTATION_CONTEXT('2D SPACE',''
  ) );
#6757 = ORIENTED_EDGE('',*,*,#6328,.F.);
#6758 = ORIENTED_EDGE('',*,*,#6737,.F.);
#6759 = ORIENTED_EDGE('',*,*,#6393,.T.);
#6760 = FACE_BOUND('',#6761,.T.);
#6761 = EDGE_LOOP('',(#6762));
#6762 = ORIENTED_EDGE('',*,*,#6763,.T.);
#6763 = EDGE_CURVE('',#6764,#6764,#6766,.T.);
#6764 = VERTEX_POINT('',#6765);
#6765 = CARTESIAN_POINT('',(84.3,15.304597701149,-3.174912753249E-15));
#6766 = SURFACE_CURVE('',#6767,(#6952,#7140),.PCURVE_S1.);
#6767 = B_SPLINE_CURVE_WITH_KNOTS('',8,(#6768,#6769,#6770,#6771,#6772,
    #6773,#6774,#6775,#6776,#6777,#6778,#6779,#6780,#6781,#6782,#6783,
    #6784,#6785,#6786,#6787,#6788,#6789,#6790,#6791,#6792,#6793,#6794,
    #6795,#6796,#6797,#6798,#6799,#6800,#6801,#6802,#6803,#6804,#6805,
    #6806,#6807,#6808,#6809,#6810,#6811,#6812,#6813,#6814,#6815,#6816,
    #6817,#6818,#6819,#6820,#6821,#6822,#6823,#6824,#6825,#6826,#6827,
    #6828,#6829,#6830,#6831,#6832,#6833,#6834,#6835,#6836,#6837,#6838,
    #6839,#6840,#6841,#6842,#6843,#6844,#6845,#6846,#6847,#6848,#6849,
    #6850,#6851,#6852,#6853,#6854,#6855,#6856,#6857,#6858,#6859,#6860,
    #6861,#6862,#6863,#6864,#6865,#6866,#6867,#6868,#6869,#6870,#6871,
    #6872,#6873,#6874,#6875,#6876,#6877,#6878,#6879,#6880,#6881,#6882,
    #6883,#6884,#6885,#6886,#6887,#6888,#6889,#6890,#6891,#6892,#6893,
    #6894,#6895,#6896,#6897,#6898,#6899,#6900,#6901,#6902,#6903,#6904,
    #6905,#6906,#6907,#6908,#6909,#6910,#6911,#6912,#6913,#6914,#6915,
    #6916,#6917,#6918,#6919,#6920,#6921,#6922,#6923,#6924,#6925,#6926,
    #6927,#6928,#6929,#6930,#6931,#6932,#6933,#6934,#6935,#6936,#6937,
    #6938,#6939,#6940,#6941,#6942,#6943,#6944,#6945,#6946,#6947,#6948,
    #6949,#6950,#6951),.UNSPECIFIED.,.T.,.F.,(9,7,7,7,7,7,7,7,7,7,7,7,7,
    7,7,7,7,7,7,7,7,7,7,7,7,7,9),(0.,3.366850641511E-02,
    5.585430812777E-02,8.485498048012E-02,0.159264946853,0.218424979137,
    0.249670587249,0.281628013175,0.340358266887,0.41530683004,
    0.444165437447,0.466353403842,0.477955669455,0.500301317059,
    0.522229305815,0.533836980254,0.555179831989,0.584228841238,
    0.659422942439,0.718671402909,0.749917398864,0.781760637739,
    0.840444916974,0.91540222714,0.944268224585,0.966449007422,1.),
  .UNSPECIFIED.);
#6768 = CARTESIAN_POINT('',(84.3,15.30459770115,-1.86517468137E-14));
#6769 = CARTESIAN_POINT('',(84.3,15.30459770115,-0.229890571497));
#6770 = CARTESIAN_POINT('',(84.291837764236,15.295243941448,
    -0.459854565183));
#6771 = CARTESIAN_POINT('',(84.275504726984,15.276526721008,
    -0.688544788791));
#6772 = CARTESIAN_POINT('',(84.251208314438,15.248675711493,
    -0.914810290123));
#6773 = CARTESIAN_POINT('',(84.219313656061,15.212093835008,
    -1.137675357379));
#6774 = CARTESIAN_POINT('',(84.180295810141,15.167303655647,
    -1.35632188922));
#6775 = CARTESIAN_POINT('',(84.134702503573,15.114906284842,
    -1.570075134568));
#6776 = CARTESIAN_POINT('',(84.049142054834,15.01644192882,
    -1.915663354301));
#6777 = CARTESIAN_POINT('',(84.012547412116,14.974296899515,
    -2.05062076811));
#6778 = CARTESIAN_POINT('',(83.973500103249,14.929288682725,
    -2.183149982144));
#6779 = CARTESIAN_POINT('',(83.932157116648,14.881588069112,
    -2.313166947556));
#6780 = CARTESIAN_POINT('',(83.888672834905,14.831362313131,
    -2.440615363047));
#6781 = CARTESIAN_POINT('',(83.843196086103,14.778771776294,
    -2.565463409827));
#6782 = CARTESIAN_POINT('',(83.795867195142,14.723966570422,
    -2.68770048659));
#6783 = CARTESIAN_POINT('',(83.682695394863,14.592726818267,
    -2.963715523995));
#6784 = CARTESIAN_POINT('',(83.615637864719,14.514827239279,
    -3.115632711727));
#6785 = CARTESIAN_POINT('',(83.545928358856,14.433686801113,
    -3.263115420387));
#6786 = CARTESIAN_POINT('',(83.473832303068,14.34958315209,
    -3.406216081936));
#6787 = CARTESIAN_POINT('',(83.399593496023,14.262767419814,
    -3.545006850655));
#6788 = CARTESIAN_POINT('',(83.323432970588,14.173462379284,
    -3.679576806212));
#6789 = CARTESIAN_POINT('',(83.245547855153,14.08186062102,
    -3.810029156735));
#6790 = CARTESIAN_POINT('',(82.962289076055,13.747609877304,
    -4.260922197573));
#6791 = CARTESIAN_POINT('',(82.748484079882,13.493312798737,
    -4.558637256329));
#6792 = CARTESIAN_POINT('',(82.527432074927,13.227748528045,
    -4.832006163611));
#6793 = CARTESIAN_POINT('',(82.301427597831,12.952771372971,
    -5.082633550665));
#6794 = CARTESIAN_POINT('',(82.072547675078,12.669789160961,
    -5.311939917597));
#6795 = CARTESIAN_POINT('',(81.842760256974,12.379703033257,
    -5.521120210915));
#6796 = CARTESIAN_POINT('',(81.614031727436,12.082916589526,
    -5.711226304682));
#6797 = CARTESIAN_POINT('',(81.209887762937,11.537454981175,
    -6.019598289693));
#6798 = CARTESIAN_POINT('',(81.033489029855,11.291839412554,
    -6.144346187431));
#6799 = CARTESIAN_POINT('',(80.860830442831,11.041871106227,
    -6.257810032706));
#6800 = CARTESIAN_POINT('',(80.693530251402,10.787285962524,
    -6.360159358573));
#6801 = CARTESIAN_POINT('',(80.533944373524,10.527837435995,
    -6.451296662019));
#6802 = CARTESIAN_POINT('',(80.385198182093,10.263289462204,
    -6.530924249674));
#6803 = CARTESIAN_POINT('',(80.251959922018,9.993173916213,
    -6.598477777726));
#6804 = CARTESIAN_POINT('',(80.08066570442,9.571023090295,
    -6.681893572017));
#6805 = CARTESIAN_POINT('',(80.027385814441,9.423469692425,
    -6.707094493565));
#6806 = CARTESIAN_POINT('',(79.980913748977,9.274336555545,
    -6.728509836113));
#6807 = CARTESIAN_POINT('',(79.94218634352,9.123759975733,
    -6.745968490315));
#6808 = CARTESIAN_POINT('',(79.912147642626,8.971946360783,
    -6.759298414957));
#6809 = CARTESIAN_POINT('',(79.891582646524,8.819190065186,
    -6.768351690031));
#6810 = CARTESIAN_POINT('',(79.880935893516,8.66589481053,
    -6.773036380156));
#6811 = CARTESIAN_POINT('',(79.879492016105,8.355792626295,
    -6.773671675107));
#6812 = CARTESIAN_POINT('',(79.889152413559,8.198942488233,
    -6.769420963957));
#6813 = CARTESIAN_POINT('',(79.909232917259,8.042612822534,
    -6.76059121597));
#6814 = CARTESIAN_POINT('',(79.939289240467,7.887242631459,
    -6.747275400797));
#6815 = CARTESIAN_POINT('',(79.978491296712,7.733152694637,
    -6.729630017987));
#6816 = CARTESIAN_POINT('',(80.025826894936,7.580568255719,
    -6.707839463083));
#6817 = CARTESIAN_POINT('',(80.080291869656,7.429638213284,
    -6.68208757943));
#6818 = CARTESIAN_POINT('',(80.252389980135,7.006250605008,
    -6.598246069601));
#6819 = CARTESIAN_POINT('',(80.384643023337,6.738099628521,
    -6.53117576479));
#6820 = CARTESIAN_POINT('',(80.532185609355,6.475437612184,
    -6.452204281168));
#6821 = CARTESIAN_POINT('',(80.690450330076,6.217807556166,
    -6.361885162324));
#6822 = CARTESIAN_POINT('',(80.856364801303,5.964975384413,-6.2605122428
    ));
#6823 = CARTESIAN_POINT('',(81.027612261214,5.716697855472,
    -6.148183574643));
#6824 = CARTESIAN_POINT('',(81.202595768041,5.47271428074,
    -6.024737350094));
#6825 = CARTESIAN_POINT('',(81.606828158747,4.926405765592,
    -5.717241931415));
#6826 = CARTESIAN_POINT('',(81.837181386713,4.627302675793,
    -5.526279780605));
#6827 = CARTESIAN_POINT('',(82.068652740085,4.334983883549,
    -5.315989750297));
#6828 = CARTESIAN_POINT('',(82.299233047499,4.049855746578,
    -5.085300166641));
#6829 = CARTESIAN_POINT('',(82.526911988613,3.772834986941,
    -4.832993491322));
#6830 = CARTESIAN_POINT('',(82.749568370992,3.505359810547,
    -4.557619261297));
#6831 = CARTESIAN_POINT('',(82.964857857138,3.24932578528,
    -4.257540540327));
#6832 = CARTESIAN_POINT('',(83.248959963079,2.914126206598,
    -3.804316063423));
#6833 = CARTESIAN_POINT('',(83.326397210122,2.8230612871,-3.674351113718
    ));
#6834 = CARTESIAN_POINT('',(83.402120597994,2.734276600549,
    -3.540305846495));
#6835 = CARTESIAN_POINT('',(83.475935379546,2.647962567404,
    -3.402078774564));
#6836 = CARTESIAN_POINT('',(83.54762332396,2.564339244632,
    -3.259582384022));
#6837 = CARTESIAN_POINT('',(83.616943845132,2.483654520332,
    -3.112745888034));
#6838 = CARTESIAN_POINT('',(83.683635130053,2.406182308363,
    -2.961517980625));
#6839 = CARTESIAN_POINT('',(83.796452683281,2.275355326553,
    -2.68619918498));
#6840 = CARTESIAN_POINT('',(83.843765370267,2.2205696596,-2.563924720018
    ));
#6841 = CARTESIAN_POINT('',(83.889224357862,2.16800036063,
    -2.439038962524));
#6842 = CARTESIAN_POINT('',(83.932689223514,2.117797654771,
    -2.311552662236));
#6843 = CARTESIAN_POINT('',(83.974011048082,2.070122009296,
    -2.181497821492));
#6844 = CARTESIAN_POINT('',(84.013035371521,2.025140769161,
    -2.048930965042));
#6845 = CARTESIAN_POINT('',(84.049605148568,1.983024792541,
    -1.91393640986));
#6846 = CARTESIAN_POINT('',(84.101320905688,1.923509994523,
    -1.704830668632));
#6847 = CARTESIAN_POINT('',(84.118363887096,1.903905383396,
    -1.632400671263));
#6848 = CARTESIAN_POINT('',(84.134670158873,1.885155813075,
    -1.559357096159));
#6849 = CARTESIAN_POINT('',(84.150217337911,1.867285768936,
    -1.485720025985));
#6850 = CARTESIAN_POINT('',(84.164983381861,1.850319399517,
    -1.41151223418));
#6851 = CARTESIAN_POINT('',(84.178946823216,1.834280254391,
    -1.336759346401));
#6852 = CARTESIAN_POINT('',(84.1920870034,1.819191022041,-1.261490001952
    ));
#6853 = CARTESIAN_POINT('',(84.228068578414,1.777882857405,
    -1.03983589978));
#6854 = CARTESIAN_POINT('',(84.248629388003,1.754292499931,
    -0.892118378124));
#6855 = CARTESIAN_POINT('',(84.265921973393,1.734461531312,
    -0.742833014468));
#6856 = CARTESIAN_POINT('',(84.279821969893,1.718526969939,
    -0.592252332583));
#6857 = CARTESIAN_POINT('',(84.290230025325,1.706598371617,
    -0.440672815595));
#6858 = CARTESIAN_POINT('',(84.297076414994,1.698752684573,
    -0.288415905782));
#6859 = CARTESIAN_POINT('',(84.300325656661,1.695029104484,
    -0.135829004384));
#6860 = CARTESIAN_POINT('',(84.299643033942,1.695811374883,
    0.166404914035));
#6861 = CARTESIAN_POINT('',(84.295844196242,1.700164777081,
    0.316082907329));
#6862 = CARTESIAN_POINT('',(84.288586279423,1.708482269974,
    0.465395042313));
#6863 = CARTESIAN_POINT('',(84.277906712087,1.720722512104,
    0.614014661027));
#6864 = CARTESIAN_POINT('',(84.263874353117,1.736809515978,0.76163996014
    ));
#6865 = CARTESIAN_POINT('',(84.246585160356,1.756637477405,
    0.907993037377));
#6866 = CARTESIAN_POINT('',(84.22615785929,1.780075604813,1.052818937937
    ));
#6867 = CARTESIAN_POINT('',(84.190327768899,1.821211172303,
    1.271617173163));
#6868 = CARTESIAN_POINT('',(84.177084231979,1.836419616184,
    1.346861374769));
#6869 = CARTESIAN_POINT('',(84.163018735992,1.852576585454,
    1.421585698044));
#6870 = CARTESIAN_POINT('',(84.148152041849,1.869659281394,
    1.495761712835));
#6871 = CARTESIAN_POINT('',(84.132505702698,1.887644062991,
    1.569364004182));
#6872 = CARTESIAN_POINT('',(84.116101830277,1.906506708598,
    1.642370009995));
#6873 = CARTESIAN_POINT('',(84.098962861264,1.926222677595,
    1.714759858713));
#6874 = CARTESIAN_POINT('',(84.048287977032,1.984542584471,
    1.918453496398));
#6875 = CARTESIAN_POINT('',(84.013056269457,2.025118743831,
    2.048245782686));
#6876 = CARTESIAN_POINT('',(83.975555702427,2.068343606054,
    2.175791315145));
#6877 = CARTESIAN_POINT('',(83.935926022776,2.114065138208,2.30101499876
    ));
#6878 = CARTESIAN_POINT('',(83.894304755153,2.162134326176,2.42386567059
    ));
#6879 = CARTESIAN_POINT('',(83.850824734527,2.212407982327,
    2.544313376156));
#6880 = CARTESIAN_POINT('',(83.805611638696,2.264751553192,
    2.662346645833));
#6881 = CARTESIAN_POINT('',(83.695042684736,2.392934656859,2.9353403645)
  );
#6882 = CARTESIAN_POINT('',(83.628314890461,2.470426172365,
    3.088230450066));
#6883 = CARTESIAN_POINT('',(83.558888394894,2.55120909986,3.236665364852
    ));
#6884 = CARTESIAN_POINT('',(83.487032879208,2.63500084555,3.380694348065
    ));
#6885 = CARTESIAN_POINT('',(83.412996180324,2.721545568205,
    3.520387553108));
#6886 = CARTESIAN_POINT('',(83.337003022396,2.81061615173,3.655833059469
    ));
#6887 = CARTESIAN_POINT('',(83.259253748299,2.902016177728,
    3.787133884619));
#6888 = CARTESIAN_POINT('',(82.9745735185,3.237779151145,4.243849512967)
  );
#6889 = CARTESIAN_POINT('',(82.758877537089,3.494193692354,
    4.545894365171));
#6890 = CARTESIAN_POINT('',(82.535683895877,3.7621934244,4.823016508444)
  );
#6891 = CARTESIAN_POINT('',(82.307371019659,4.039845650135,
    5.076871510458));
#6892 = CARTESIAN_POINT('',(82.07608680761,4.325683284874,5.308929781298
    ));
#6893 = CARTESIAN_POINT('',(81.843860934023,4.618770865651,
    5.520426592764));
#6894 = CARTESIAN_POINT('',(81.612714816929,4.918691784626,
    5.712451370509));
#6895 = CARTESIAN_POINT('',(81.206034159995,5.467881735756,
    6.022361987835));
#6896 = CARTESIAN_POINT('',(81.029444846848,5.713939788106,
    6.147072431563));
#6897 = CARTESIAN_POINT('',(80.85663336233,5.964366255261,6.26046975094)
  );
#6898 = CARTESIAN_POINT('',(80.689230644239,6.219429779882,
    6.362721869442));
#6899 = CARTESIAN_POINT('',(80.529615642221,6.47937967446,6.453726570003
    ));
#6900 = CARTESIAN_POINT('',(80.380944923488,6.744452317994,
    6.533180080754));
#6901 = CARTESIAN_POINT('',(80.247939980523,7.015117804026,
    6.600508596553));
#6902 = CARTESIAN_POINT('',(80.077397557186,7.437923170928,6.68344463898
    ));
#6903 = CARTESIAN_POINT('',(80.024473155182,7.585561492028,
    6.708445715489));
#6904 = CARTESIAN_POINT('',(79.978398685454,7.734775405712,
    6.729653639984));
#6905 = CARTESIAN_POINT('',(79.940111936195,7.8854243674,6.746896868756)
  );
#6906 = CARTESIAN_POINT('',(79.910553710612,8.037297865744,
    6.760003846562));
#6907 = CARTESIAN_POINT('',(79.890499936551,8.190097611203,
    6.768828223806));
#6908 = CARTESIAN_POINT('',(79.880380600478,8.343416365657,
    6.773280705649));
#6909 = CARTESIAN_POINT('',(79.880005370836,8.652958515953,
    6.773445801998));
#6910 = CARTESIAN_POINT('',(79.89013276395,8.809223504897,6.768989760351
    ));
#6911 = CARTESIAN_POINT('',(79.910589599816,8.964952485714,
    6.759990775134));
#6912 = CARTESIAN_POINT('',(79.940922262516,9.119714738777,
    6.746543360905));
#6913 = CARTESIAN_POINT('',(79.980302651044,9.273196659017,
    6.728803522312));
#6914 = CARTESIAN_POINT('',(80.027728125128,9.425178749623,
    6.706953802026));
#6915 = CARTESIAN_POINT('',(80.082206111101,9.575516366236,
    6.681175683863));
#6916 = CARTESIAN_POINT('',(80.254468825087,9.998023304698,
    6.597194301598));
#6917 = CARTESIAN_POINT('',(80.386835093386,10.265884162859,
    6.530011624463));
#6918 = CARTESIAN_POINT('',(80.534410321092,10.528269236885,
    6.450954313257));
#6919 = CARTESIAN_POINT('',(80.692654130215,10.785634493463,
    6.36057113224));
#6920 = CARTESIAN_POINT('',(80.858510099488,11.038213805691,
    6.259152838205));
#6921 = CARTESIAN_POINT('',(81.029673236153,11.286249006681,
    6.146795124145));
#6922 = CARTESIAN_POINT('',(81.204553145034,11.529998492854,
    6.023335396298));
#6923 = CARTESIAN_POINT('',(81.608717243792,12.076060356675,
    5.715692764388));
#6924 = CARTESIAN_POINT('',(81.839104701496,12.375144258235,
    5.524572704653));
#6925 = CARTESIAN_POINT('',(82.070596910368,12.66744038813,
    5.314115162777));
#6926 = CARTESIAN_POINT('',(82.301185721452,12.952540428272,
    5.083246312484));
#6927 = CARTESIAN_POINT('',(82.528860266292,13.229524950791,
    4.830746703039));
#6928 = CARTESIAN_POINT('',(82.751497365128,13.496952122364,
    4.555164122057));
#6929 = CARTESIAN_POINT('',(82.966749577285,13.752921887351,
    4.254860362909));
#6930 = CARTESIAN_POINT('',(83.250779661549,14.088014613508,
    3.801280991641));
#6931 = CARTESIAN_POINT('',(83.328200970828,14.179055231019,
    3.671201007526));
#6932 = CARTESIAN_POINT('',(83.40390420976,14.267811222161,
    3.537036954061));
#6933 = CARTESIAN_POINT('',(83.477694198844,14.354091654461,
    3.398687359812));
#6934 = CARTESIAN_POINT('',(83.549352210631,14.437675889314,
    3.256064832485));
#6935 = CARTESIAN_POINT('',(83.618637114816,14.518315405517,
    3.109098837551));
#6936 = CARTESIAN_POINT('',(83.685286523328,14.595735622807,
    2.957738476876));
#6937 = CARTESIAN_POINT('',(83.797989484538,14.726424486078,
    2.682250637477));
#6938 = CARTESIAN_POINT('',(83.845234261361,14.781129500154,
    2.559943581527));
#6939 = CARTESIAN_POINT('',(83.890623242551,14.83361606571,
    2.435027195828));
#6940 = CARTESIAN_POINT('',(83.934015978274,14.883733905399,
    2.307512601085));
#6941 = CARTESIAN_POINT('',(83.975263557665,14.931322541439,
    2.177432215732));
#6942 = CARTESIAN_POINT('',(84.014211574278,14.976214670603,
    2.044843029281));
#6943 = CARTESIAN_POINT('',(84.05070309154,15.018239539219,
    1.909829875671));
#6944 = CARTESIAN_POINT('',(84.135826772525,15.1161983184,1.564794598526
    ));
#6945 = CARTESIAN_POINT('',(84.181120375032,15.168250202231,
    1.35169292923));
#6946 = CARTESIAN_POINT('',(84.219875382973,15.212738111486,
    1.133743468817));
#6947 = CARTESIAN_POINT('',(84.25155068287,15.24906816804,0.911616501627
    ));
#6948 = CARTESIAN_POINT('',(84.275677357397,15.27672455046,
    0.686123532356));
#6949 = CARTESIAN_POINT('',(84.291895276103,15.295309849313,
    0.458231320991));
#6950 = CARTESIAN_POINT('',(84.3,15.30459770115,0.229079246605));
#6951 = CARTESIAN_POINT('',(84.3,15.304597701149,1.7763568394E-15));
#6952 = PCURVE('',#6345,#6953);
#6953 = DEFINITIONAL_REPRESENTATION('',(#6954),#7139);
#6954 = B_SPLINE_CURVE_WITH_KNOTS('',8,(#6955,#6956,#6957,#6958,#6959,
    #6960,#6961,#6962,#6963,#6964,#6965,#6966,#6967,#6968,#6969,#6970,
    #6971,#6972,#6973,#6974,#6975,#6976,#6977,#6978,#6979,#6980,#6981,
    #6982,#6983,#6984,#6985,#6986,#6987,#6988,#6989,#6990,#6991,#6992,
    #6993,#6994,#6995,#6996,#6997,#6998,#6999,#7000,#7001,#7002,#7003,
    #7004,#7005,#7006,#7007,#7008,#7009,#7010,#7011,#7012,#7013,#7014,
    #7015,#7016,#7017,#7018,#7019,#7020,#7021,#7022,#7023,#7024,#7025,
    #7026,#7027,#7028,#7029,#7030,#7031,#7032,#7033,#7034,#7035,#7036,
    #7037,#7038,#7039,#7040,#7041,#7042,#7043,#7044,#7045,#7046,#7047,
    #7048,#7049,#7050,#7051,#7052,#7053,#7054,#7055,#7056,#7057,#7058,
    #7059,#7060,#7061,#7062,#7063,#7064,#7065,#7066,#7067,#7068,#7069,
    #7070,#7071,#7072,#7073,#7074,#7075,#7076,#7077,#7078,#7079,#7080,
    #7081,#7082,#7083,#7084,#7085,#7086,#7087,#7088,#7089,#7090,#7091,
    #7092,#7093,#7094,#7095,#7096,#7097,#7098,#7099,#7100,#7101,#7102,
    #7103,#7104,#7105,#7106,#7107,#7108,#7109,#7110,#7111,#7112,#7113,
    #7114,#7115,#7116,#7117,#7118,#7119,#7120,#7121,#7122,#7123,#7124,
    #7125,#7126,#7127,#7128,#7129,#7130,#7131,#7132,#7133,#7134,#7135,
    #7136,#7137,#7138),.UNSPECIFIED.,.F.,.F.,(9,7,7,7,7,7,7,7,7,7,7,7,7,
    7,7,7,7,7,7,7,7,7,7,7,7,7,9),(0.,3.366850641511E-02,
    5.585430812777E-02,8.485498048012E-02,0.159264946853,0.218424979137,
    0.249670587249,0.281628013175,0.340358266887,0.41530683004,
    0.444165437447,0.466353403842,0.477955669455,0.500301317059,
    0.522229305815,0.533836980254,0.555179831989,0.584228841238,
    0.659422942439,0.718671402909,0.749917398864,0.781760637739,
    0.840444916974,0.91540222714,0.944268224585,0.966449007422,1.),
  .UNSPECIFIED.);
#6955 = CARTESIAN_POINT('',(1.570796326795,13.82459770115));
#6956 = CARTESIAN_POINT('',(1.60186262024,13.82459770115));
#6957 = CARTESIAN_POINT('',(1.632938818281,13.815243941448));
#6958 = CARTESIAN_POINT('',(1.663888635908,13.796526721008));
#6959 = CARTESIAN_POINT('',(1.694602211265,13.768675711493));
#6960 = CARTESIAN_POINT('',(1.724989347269,13.732093835008));
#6961 = CARTESIAN_POINT('',(1.754974613382,13.687303655647));
#6962 = CARTESIAN_POINT('',(1.784494307561,13.634906284842));
#6963 = CARTESIAN_POINT('',(1.832605415881,13.53644192882));
#6964 = CARTESIAN_POINT('',(1.851496853113,13.494296899515));
#6965 = CARTESIAN_POINT('',(1.870160095223,13.449288682725));
#6966 = CARTESIAN_POINT('',(1.888588586356,13.401588069112));
#6967 = CARTESIAN_POINT('',(1.906778428329,13.351362313131));
#6968 = CARTESIAN_POINT('',(1.924728099326,13.298771776294));
#6969 = CARTESIAN_POINT('',(1.94243817259,13.243966570422));
#6970 = CARTESIAN_POINT('',(1.98275108246,13.112726818267));
#6971 = CARTESIAN_POINT('',(2.005183544751,13.03482723928));
#6972 = CARTESIAN_POINT('',(2.027215668683,12.953686801113));
#6973 = CARTESIAN_POINT('',(2.0488558287,12.86958315209));
#6974 = CARTESIAN_POINT('',(2.070113563154,12.782767419814));
#6975 = CARTESIAN_POINT('',(2.090999610456,12.693462379284));
#6976 = CARTESIAN_POINT('',(2.11152594523,12.60186062102));
#6977 = CARTESIAN_POINT('',(2.183483351648,12.267609877304));
#6978 = CARTESIAN_POINT('',(2.232920070285,12.013312798737));
#6979 = CARTESIAN_POINT('',(2.280303291791,11.747748528043));
#6980 = CARTESIAN_POINT('',(2.32578329883,11.472771372973));
#6981 = CARTESIAN_POINT('',(2.36946149489,11.189789160959));
#6982 = CARTESIAN_POINT('',(2.411380810588,10.899703033257));
#6983 = CARTESIAN_POINT('',(2.451537488366,10.602916589526));
#6984 = CARTESIAN_POINT('',(2.520234218865,10.057454981175));
#6985 = CARTESIAN_POINT('',(2.54941129293,9.811839412554));
#6986 = CARTESIAN_POINT('',(2.577304406989,9.561871106229));
#6987 = CARTESIAN_POINT('',(2.603782043542,9.307285962522));
#6988 = CARTESIAN_POINT('',(2.628597089917,9.047837435996));
#6989 = CARTESIAN_POINT('',(2.651387421924,8.783289462203));
#6990 = CARTESIAN_POINT('',(2.671571997529,8.513173916213));
#6991 = CARTESIAN_POINT('',(2.697318664578,8.091023090295));
#6992 = CARTESIAN_POINT('',(2.70528291384,7.943469692425));
#6993 = CARTESIAN_POINT('',(2.712197134253,7.794336555545));
#6994 = CARTESIAN_POINT('',(2.717937551737,7.643759975733));
#6995 = CARTESIAN_POINT('',(2.722378540791,7.491946360783));
#6996 = CARTESIAN_POINT('',(2.725414971199,7.339190065186));
#6997 = CARTESIAN_POINT('',(2.726986840099,7.18589481053));
#6998 = CARTESIAN_POINT('',(2.727200010438,6.875792626295));
#6999 = CARTESIAN_POINT('',(2.72577376404,6.718942488233));
#7000 = CARTESIAN_POINT('',(2.722809426239,6.562612822534));
#7001 = CARTESIAN_POINT('',(2.718367024787,6.407242631459));
#7002 = CARTESIAN_POINT('',(2.712557764923,6.253152694637));
#7003 = CARTESIAN_POINT('',(2.705516376088,6.100568255719));
#7004 = CARTESIAN_POINT('',(2.697375562154,5.949638213284));
#7005 = CARTESIAN_POINT('',(2.671506038441,5.526250605008));
#7006 = CARTESIAN_POINT('',(2.651469699967,5.258099628521));
#7007 = CARTESIAN_POINT('',(2.628864400361,4.995437612183));
#7008 = CARTESIAN_POINT('',(2.604258715926,4.737807556167));
#7009 = CARTESIAN_POINT('',(2.578009013576,4.484975384413));
#7010 = CARTESIAN_POINT('',(2.550358815586,4.236697855472));
#7011 = CARTESIAN_POINT('',(2.521438919843,3.99271428074));
#7012 = CARTESIAN_POINT('',(2.452804470072,3.446405765592));
#7013 = CARTESIAN_POINT('',(2.412405527711,3.147302675793));
#7014 = CARTESIAN_POINT('',(2.370218312136,2.854983883549));
#7015 = CARTESIAN_POINT('',(2.32624752908,2.569855746578));
#7016 = CARTESIAN_POINT('',(2.280450118124,2.292834986941));
#7017 = CARTESIAN_POINT('',(2.23272262531,2.025359810547));
#7018 = CARTESIAN_POINT('',(2.182911758975,1.76932578528));
#7019 = CARTESIAN_POINT('',(2.110626911213,1.434126206598));
#7020 = CARTESIAN_POINT('',(2.090188080657,1.3430612871));
#7021 = CARTESIAN_POINT('',(2.069392708485,1.254276600549));
#7022 = CARTESIAN_POINT('',(2.048229003806,1.167962567404));
#7023 = CARTESIAN_POINT('',(2.026686399343,1.084339244632));
#7024 = CARTESIAN_POINT('',(2.004755518201,1.003654520332));
#7025 = CARTESIAN_POINT('',(1.982428140621,0.926182308363));
#7026 = CARTESIAN_POINT('',(1.942220444008,0.795355326553));
#7027 = CARTESIAN_POINT('',(1.924506451586,0.7405696596));
#7028 = CARTESIAN_POINT('',(1.906552817446,0.68800036063));
#7029 = CARTESIAN_POINT('',(1.888358982157,0.637797654771));
#7030 = CARTESIAN_POINT('',(1.869926484862,0.590122009296));
#7031 = CARTESIAN_POINT('',(1.851259245249,0.545140769161));
#7032 = CARTESIAN_POINT('',(1.832363845518,0.503024792541));
#7033 = CARTESIAN_POINT('',(1.80325493108,0.443509994523));
#7034 = CARTESIAN_POINT('',(1.793200427736,0.423905383396));
#7035 = CARTESIAN_POINT('',(1.78308781543,0.405155813075));
#7036 = CARTESIAN_POINT('',(1.772918855503,0.387285768936));
#7037 = CARTESIAN_POINT('',(1.762695578742,0.370319399517));
#7038 = CARTESIAN_POINT('',(1.752420306607,0.354280254391));
#7039 = CARTESIAN_POINT('',(1.742095672448,0.339191022041));
#7040 = CARTESIAN_POINT('',(1.711750321921,0.297882857405));
#7041 = CARTESIAN_POINT('',(1.691601185685,0.274292499931));
#7042 = CARTESIAN_POINT('',(1.671301598547,0.254461531312));
#7043 = CARTESIAN_POINT('',(1.650877506291,0.238526969939));
#7044 = CARTESIAN_POINT('',(1.630356925138,0.226598371617));
#7045 = CARTESIAN_POINT('',(1.60977043093,0.218752684573));
#7046 = CARTESIAN_POINT('',(1.589151648315,0.215029104484));
#7047 = CARTESIAN_POINT('',(1.548309122734,0.215811374883));
#7048 = CARTESIAN_POINT('',(1.528081281688,0.220164777081));
#7049 = CARTESIAN_POINT('',(1.507889161081,0.228482269974));
#7050 = CARTESIAN_POINT('',(1.487764364845,0.240722512104));
#7051 = CARTESIAN_POINT('',(1.46773560061,0.256809515978));
#7052 = CARTESIAN_POINT('',(1.447829123782,0.276637477405));
#7053 = CARTESIAN_POINT('',(1.428069181606,0.300075604813));
#7054 = CARTESIAN_POINT('',(1.398108023675,0.341211172303));
#7055 = CARTESIAN_POINT('',(1.38778432452,0.356419616184));
#7056 = CARTESIAN_POINT('',(1.377510304248,0.372576585454));
#7057 = CARTESIAN_POINT('',(1.367288574266,0.389659281394));
#7058 = CARTESIAN_POINT('',(1.357121434123,0.407644062991));
#7059 = CARTESIAN_POINT('',(1.34701089272,0.426506708598));
#7060 = CARTESIAN_POINT('',(1.336958689525,0.446222677595));
#7061 = CARTESIAN_POINT('',(1.308593492481,0.504542584471));
#7062 = CARTESIAN_POINT('',(1.290423401297,0.545118743831));
#7063 = CARTESIAN_POINT('',(1.272464445074,0.588343606054));
#7064 = CARTESIAN_POINT('',(1.254722492072,0.634065138208));
#7065 = CARTESIAN_POINT('',(1.237201112303,0.682134326176));
#7066 = CARTESIAN_POINT('',(1.21990181388,0.732407982327));
#7067 = CARTESIAN_POINT('',(1.202824279358,0.784751553192));
#7068 = CARTESIAN_POINT('',(1.163022206958,0.912934656859));
#7069 = CARTESIAN_POINT('',(1.14048737662,0.990426172365));
#7070 = CARTESIAN_POINT('',(1.118355244967,1.07120909986));
#7071 = CARTESIAN_POINT('',(1.096617690572,1.15500084555));
#7072 = CARTESIAN_POINT('',(1.075265314322,1.241545568205));
#7073 = CARTESIAN_POINT('',(1.054287417049,1.33061615173));
#7074 = CARTESIAN_POINT('',(1.033671977171,1.422016177728));
#7075 = CARTESIAN_POINT('',(0.960945667528,1.757779151145));
#7076 = CARTESIAN_POINT('',(0.910888317385,2.014193692354));
#7077 = CARTESIAN_POINT('',(0.862933263788,2.2821934244));
#7078 = CARTESIAN_POINT('',(0.816924839324,2.559845650135));
#7079 = CARTESIAN_POINT('',(0.772757337669,2.845683284874));
#7080 = CARTESIAN_POINT('',(0.730385913809,3.138770865651));
#7081 = CARTESIAN_POINT('',(0.689813269881,3.438691784626));
#7082 = CARTESIAN_POINT('',(0.620717874807,3.987881735756));
#7083 = CARTESIAN_POINT('',(0.591522736767,4.233939788105));
#7084 = CARTESIAN_POINT('',(0.563617332773,4.484366255261));
#7085 = CARTESIAN_POINT('',(0.537134751682,4.739429779881));
#7086 = CARTESIAN_POINT('',(0.512325156443,4.999379674461));
#7087 = CARTESIAN_POINT('',(0.489554848253,5.264452317994));
#7088 = CARTESIAN_POINT('',(0.469412102748,5.535117804026));
#7089 = CARTESIAN_POINT('',(0.44378515564,5.957923170928));
#7090 = CARTESIAN_POINT('',(0.435875870873,6.105561492028));
#7091 = CARTESIAN_POINT('',(0.429022166476,6.254775405712));
#7092 = CARTESIAN_POINT('',(0.42334798986,6.4054243674));
#7093 = CARTESIAN_POINT('',(0.418978564651,6.557297865744));
#7094 = CARTESIAN_POINT('',(0.416017825803,6.710097611203));
#7095 = CARTESIAN_POINT('',(0.414523831413,6.863416365657));
#7096 = CARTESIAN_POINT('',(0.414468433575,7.172958515953));
#7097 = CARTESIAN_POINT('',(0.415963618104,7.329223504897));
#7098 = CARTESIAN_POINT('',(0.41898371573,7.484952485714));
#7099 = CARTESIAN_POINT('',(0.423467459292,7.639714738777));
#7100 = CARTESIAN_POINT('',(0.429303928625,7.793196659017));
#7101 = CARTESIAN_POINT('',(0.436359692545,7.945178749623));
#7102 = CARTESIAN_POINT('',(0.444503613534,8.095516366236));
#7103 = CARTESIAN_POINT('',(0.470401413457,8.518023304698));
#7104 = CARTESIAN_POINT('',(0.490458248785,8.785884162858));
#7105 = CARTESIAN_POINT('',(0.513072880952,9.048269236887));
#7106 = CARTESIAN_POINT('',(0.537680399905,9.305634493461));
#7107 = CARTESIAN_POINT('',(0.563926570299,9.558213805693));
#7108 = CARTESIAN_POINT('',(0.591569420882,9.806249006681));
#7109 = CARTESIAN_POINT('',(0.62047895638,10.049998492854));
#7110 = CARTESIAN_POINT('',(0.689118108694,10.596060356675));
#7111 = CARTESIAN_POINT('',(0.729534182567,10.895144258235));
#7112 = CARTESIAN_POINT('',(0.771738618118,11.18744038813));
#7113 = CARTESIAN_POINT('',(0.815727225587,11.472540428272));
#7114 = CARTESIAN_POINT('',(0.861543441994,11.749524950791));
#7115 = CARTESIAN_POINT('',(0.909291031923,12.016952122364));
#7116 = CARTESIAN_POINT('',(0.95912354252,12.272921887351));
#7117 = CARTESIAN_POINT('',(1.031443864038,12.608014613508));
#7118 = CARTESIAN_POINT('',(1.051894939829,12.699055231019));
#7119 = CARTESIAN_POINT('',(1.072702934591,12.787811222161));
#7120 = CARTESIAN_POINT('',(1.093879646385,12.874091654461));
#7121 = CARTESIAN_POINT('',(1.115435638397,12.957675889314));
#7122 = CARTESIAN_POINT('',(1.137380270422,13.038315405517));
#7123 = CARTESIAN_POINT('',(1.159721730355,13.115735622807));
#7124 = CARTESIAN_POINT('',(1.199944699837,13.246424486078));
#7125 = CARTESIAN_POINT('',(1.217659490402,13.301129500154));
#7126 = CARTESIAN_POINT('',(1.235613780013,13.35361606571));
#7127 = CARTESIAN_POINT('',(1.253808091088,13.403733905399));
#7128 = CARTESIAN_POINT('',(1.272240842904,13.451322541439));
#7129 = CARTESIAN_POINT('',(1.290908068689,13.496214670603));
#7130 = CARTESIAN_POINT('',(1.309803132714,13.538239539219));
#7131 = CARTESIAN_POINT('',(1.357827540531,13.6361983184));
#7132 = CARTESIAN_POINT('',(1.387252823965,13.688250202231));
#7133 = CARTESIAN_POINT('',(1.417139393816,13.732738111486));
#7134 = CARTESIAN_POINT('',(1.447423965251,13.76906816804));
#7135 = CARTESIAN_POINT('',(1.478031697186,13.79672455046));
#7136 = CARTESIAN_POINT('',(1.508873192227,13.815309849313));
#7137 = CARTESIAN_POINT('',(1.539839671848,13.82459770115));
#7138 = CARTESIAN_POINT('',(1.570796326795,13.824597701149));
#7139 = ( GEOMETRIC_REPRESENTATION_CONTEXT(2) 
PARAMETRIC_REPRESENTATION_CONTEXT() REPRESENTATION_CONTEXT('2D SPACE',''
  ) );
#7140 = PCURVE('',#7141,#7172);
#7141 = B_SPLINE_SURFACE_WITH_KNOTS('',14,1,(
    (#7142,#7143)
    ,(#7144,#7145)
    ,(#7146,#7147)
    ,(#7148,#7149)
    ,(#7150,#7151)
    ,(#7152,#7153)
    ,(#7154,#7155)
    ,(#7156,#7157)
    ,(#7158,#7159)
    ,(#7160,#7161)
    ,(#7162,#7163)
    ,(#7164,#7165)
    ,(#7166,#7167)
    ,(#7168,#7169)
    ,(#7170,#7171
    )),.UNSPECIFIED.,.T.,.F.,.F.,(15,15),(2,2),(0.,6.28318530718),(0.,1.
    ),.PIECEWISE_BEZIER_KNOTS.);
#7142 = CARTESIAN_POINT('',(76.9,15.9,-6.117932992715E-15));
#7143 = CARTESIAN_POINT('',(94.3,14.5,8.021416244079E-16));
#7144 = CARTESIAN_POINT('',(76.9,15.900000000001,3.150568632602));
#7145 = CARTESIAN_POINT('',(94.299999999994,14.500000000002,
    2.504298143863));
#7146 = CARTESIAN_POINT('',(76.9,14.29483372712,6.301138428148));
#7147 = CARTESIAN_POINT('',(94.300000000029,13.198513832795,
    5.008597212116));
#7148 = CARTESIAN_POINT('',(76.9,11.084499129328,8.654391812939));
#7149 = CARTESIAN_POINT('',(94.29999999991,10.595539834604,6.87913195388
    ));
#7150 = CARTESIAN_POINT('',(76.9,6.749081450929,9.413101122707));
#7151 = CARTESIAN_POINT('',(94.300000000205,7.080336311534,
    7.482208584706));
#7152 = CARTESIAN_POINT('',(76.9,2.248660113022,8.065817564279));
#7153 = CARTESIAN_POINT('',(94.299999999633,3.431346037636,
    6.411290884444));
#7154 = CARTESIAN_POINT('',(76.9,-1.186908592282,4.674514421771));
#7155 = CARTESIAN_POINT('',(94.30000000053,0.645749789973,3.715639668565
    ));
#7156 = CARTESIAN_POINT('',(76.9,-2.48033165515,7.863931728025E-11));
#7157 = CARTESIAN_POINT('',(94.299999999376,-0.402971612207,
    8.587264233029E-11));
#7158 = CARTESIAN_POINT('',(76.9,-1.186908592285,-4.674514421915));
#7159 = CARTESIAN_POINT('',(94.3000000006,0.645749789969,-3.715639668721
    ));
#7160 = CARTESIAN_POINT('',(76.9,2.248660113027,-8.065817564168));
#7161 = CARTESIAN_POINT('',(94.29999999953,3.431346037642,
    -6.411290884326));
#7162 = CARTESIAN_POINT('',(76.9,6.749081450925,-9.413101122777));
#7163 = CARTESIAN_POINT('',(94.300000000296,7.080336311528,
    -7.482208584778));
#7164 = CARTESIAN_POINT('',(76.9,11.08449912933,-8.654391812905));
#7165 = CARTESIAN_POINT('',(94.299999999855,10.595539834608,
    -6.879131953844));
#7166 = CARTESIAN_POINT('',(76.9,14.294833727119,-6.301138428161));
#7167 = CARTESIAN_POINT('',(94.300000000052,13.198513832793,
    -5.008597212129));
#7168 = CARTESIAN_POINT('',(76.9,15.900000000001,-3.150568632599));
#7169 = CARTESIAN_POINT('',(94.299999999989,14.500000000002,
    -2.504298143861));
#7170 = CARTESIAN_POINT('',(76.9,15.9,5.404414337683E-15));
#7171 = CARTESIAN_POINT('',(94.3,14.5,-3.430067184344E-15));
#7172 = DEFINITIONAL_REPRESENTATION('',(#7173),#7358);
#7173 = B_SPLINE_CURVE_WITH_KNOTS('',8,(#7174,#7175,#7176,#7177,#7178,
    #7179,#7180,#7181,#7182,#7183,#7184,#7185,#7186,#7187,#7188,#7189,
    #7190,#7191,#7192,#7193,#7194,#7195,#7196,#7197,#7198,#7199,#7200,
    #7201,#7202,#7203,#7204,#7205,#7206,#7207,#7208,#7209,#7210,#7211,
    #7212,#7213,#7214,#7215,#7216,#7217,#7218,#7219,#7220,#7221,#7222,
    #7223,#7224,#7225,#7226,#7227,#7228,#7229,#7230,#7231,#7232,#7233,
    #7234,#7235,#7236,#7237,#7238,#7239,#7240,#7241,#7242,#7243,#7244,
    #7245,#7246,#7247,#7248,#7249,#7250,#7251,#7252,#7253,#7254,#7255,
    #7256,#7257,#7258,#7259,#7260,#7261,#7262,#7263,#7264,#7265,#7266,
    #7267,#7268,#7269,#7270,#7271,#7272,#7273,#7274,#7275,#7276,#7277,
    #7278,#7279,#7280,#7281,#7282,#7283,#7284,#7285,#7286,#7287,#7288,
    #7289,#7290,#7291,#7292,#7293,#7294,#7295,#7296,#7297,#7298,#7299,
    #7300,#7301,#7302,#7303,#7304,#7305,#7306,#7307,#7308,#7309,#7310,
    #7311,#7312,#7313,#7314,#7315,#7316,#7317,#7318,#7319,#7320,#7321,
    #7322,#7323,#7324,#7325,#7326,#7327,#7328,#7329,#7330,#7331,#7332,
    #7333,#7334,#7335,#7336,#7337,#7338,#7339,#7340,#7341,#7342,#7343,
    #7344,#7345,#7346,#7347,#7348,#7349,#7350,#7351,#7352,#7353,#7354,
    #7355,#7356,#7357),.UNSPECIFIED.,.F.,.F.,(9,7,7,7,7,7,7,7,7,7,7,7,7,
    7,7,7,7,7,7,7,7,7,7,7,7,7,9),(0.,3.366850641511E-02,
    5.585430812777E-02,8.485498048012E-02,0.159264946853,0.218424979137,
    0.249670587249,0.281628013175,0.340358266887,0.41530683004,
    0.444165437447,0.466353403842,0.477955669455,0.500301317059,
    0.522229305815,0.533836980254,0.555179831989,0.584228841238,
    0.659422942439,0.718671402909,0.749917398864,0.781760637739,
    0.840444916974,0.91540222714,0.944268224585,0.966449007422,1.),
  .UNSPECIFIED.);
#7174 = CARTESIAN_POINT('',(6.28318530718,0.425287356322));
#7175 = CARTESIAN_POINT('',(6.247307433036,0.425287356322));
#7176 = CARTESIAN_POINT('',(6.211418123738,0.424818262312));
#7177 = CARTESIAN_POINT('',(6.175672278563,0.423879582011));
#7178 = CARTESIAN_POINT('',(6.140194309241,0.422483236462));
#7179 = CARTESIAN_POINT('',(6.105085843031,0.420650210118));
#7180 = CARTESIAN_POINT('',(6.070431310907,0.418407805181));
#7181 = CARTESIAN_POINT('',(6.036301420861,0.415787500205));
#7182 = CARTESIAN_POINT('',(5.980648843938,0.410870233036));
#7183 = CARTESIAN_POINT('',(5.95878875208,0.40876709265));
#7184 = CARTESIAN_POINT('',(5.93718431678,0.40652299444));
#7185 = CARTESIAN_POINT('',(5.915842174725,0.404146960727));
#7186 = CARTESIAN_POINT('',(5.894765837636,0.401647864075));
#7187 = CARTESIAN_POINT('',(5.873956006643,0.399034257822));
#7188 = CARTESIAN_POINT('',(5.85341088666,0.396314206617));
#7189 = CARTESIAN_POINT('',(5.806611307101,0.389810080165));
#7190 = CARTESIAN_POINT('',(5.780544262986,0.385956199122));
#7191 = CARTESIAN_POINT('',(5.754914242766,0.381949905681));
#7192 = CARTESIAN_POINT('',(5.729708602902,0.377806454199));
#7193 = CARTESIAN_POINT('',(5.704913065743,0.373539856093));
#7194 = CARTESIAN_POINT('',(5.680511603298,0.369162814402));
#7195 = CARTESIAN_POINT('',(5.656486321011,0.364686658342));
#7196 = CARTESIAN_POINT('',(5.57208744032,0.348407418164));
#7197 = CARTESIAN_POINT('',(5.513773393754,0.336119774706));
#7198 = CARTESIAN_POINT('',(5.457465965925,0.32341563649));
#7199 = CARTESIAN_POINT('',(5.402890723938,0.310426873439));
#7200 = CARTESIAN_POINT('',(5.349800959481,0.297272854889));
#7201 = CARTESIAN_POINT('',(5.297963122437,0.284066681435));
#7202 = CARTESIAN_POINT('',(5.247128298975,0.270921363646));
#7203 = CARTESIAN_POINT('',(5.157119580272,0.247694699019));
#7204 = CARTESIAN_POINT('',(5.117765905951,0.237556840796));
#7205 = CARTESIAN_POINT('',(5.078737921872,0.227633933496));
#7206 = CARTESIAN_POINT('',(5.03989238177,0.218018979966));
#7207 = CARTESIAN_POINT('',(5.001101932095,0.208847377789));
#7208 = CARTESIAN_POINT('',(4.962245308392,0.200298746097));
#7209 = CARTESIAN_POINT('',(4.923166460894,0.192641374829));
#7210 = CARTESIAN_POINT('',(4.862823941487,0.182796879564));
#7211 = CARTESIAN_POINT('',(4.841863206527,0.179734816922));
#7212 = CARTESIAN_POINT('',(4.820791611822,0.177064008562));
#7213 = CARTESIAN_POINT('',(4.799610987532,0.174838295605));
#7214 = CARTESIAN_POINT('',(4.778330507208,0.173111933484));
#7215 = CARTESIAN_POINT('',(4.756968885368,0.171930037157));
#7216 = CARTESIAN_POINT('',(4.735558008793,0.1713181548));
#7217 = CARTESIAN_POINT('',(4.69224883479,0.171235173339));
#7218 = CARTESIAN_POINT('',(4.670344568917,0.171790368595));
#7219 = CARTESIAN_POINT('',(4.648488355446,0.172944420532));
#7220 = CARTESIAN_POINT('',(4.626715122385,0.174671795429));
#7221 = CARTESIAN_POINT('',(4.605045529696,0.176924787167));
#7222 = CARTESIAN_POINT('',(4.583489908501,0.179645223847));
#7223 = CARTESIAN_POINT('',(4.562050640774,0.182775394808));
#7224 = CARTESIAN_POINT('',(4.501525339019,0.192666090812));
#7225 = CARTESIAN_POINT('',(4.462729467851,0.200266840422));
#7226 = CARTESIAN_POINT('',(4.424152989695,0.208746299388));
#7227 = CARTESIAN_POINT('',(4.385643301142,0.217841972993));
#7228 = CARTESIAN_POINT('',(4.347081305624,0.227377287431));
#7229 = CARTESIAN_POINT('',(4.308342178352,0.237219095472));
#7230 = CARTESIAN_POINT('',(4.269285668239,0.247275618853));
#7231 = CARTESIAN_POINT('',(4.179250019624,0.270507365445));
#7232 = CARTESIAN_POINT('',(4.128076597148,0.283746056708));
#7233 = CARTESIAN_POINT('',(4.075890599628,0.297049008051));
#7234 = CARTESIAN_POINT('',(4.022437857775,0.310300749856));
#7235 = CARTESIAN_POINT('',(3.967480160474,0.323385746472));
#7236 = CARTESIAN_POINT('',(3.910765738752,0.336182090287));
#7237 = CARTESIAN_POINT('',(3.852014640972,0.348555049261));
#7238 = CARTESIAN_POINT('',(3.767239333318,0.364882756499));
#7239 = CARTESIAN_POINT('',(3.743318156933,0.369333172996));
#7240 = CARTESIAN_POINT('',(3.719023949889,0.373685091839));
#7241 = CARTESIAN_POINT('',(3.694339100446,0.377927320664));
#7242 = CARTESIAN_POINT('',(3.669247838818,0.382047317469));
#7243 = CARTESIAN_POINT('',(3.643736126308,0.386031255467));
#7244 = CARTESIAN_POINT('',(3.617791544441,0.389864087934));
#7245 = CARTESIAN_POINT('',(3.5711144694,0.396347855361));
#7246 = CARTESIAN_POINT('',(3.550564947977,0.399066975303));
#7247 = CARTESIAN_POINT('',(3.529750655972,0.401679560797));
#7248 = CARTESIAN_POINT('',(3.508669814591,0.404177541581));
#7249 = CARTESIAN_POINT('',(3.487323145259,0.406552359085));
#7250 = CARTESIAN_POINT('',(3.465714184767,0.408795136294));
#7251 = CARTESIAN_POINT('',(3.443849600426,0.410896847619));
#7252 = CARTESIAN_POINT('',(3.410177959065,0.413869017568));
#7253 = CARTESIAN_POINT('',(3.398549466844,0.414848499258));
#7254 = CARTESIAN_POINT('',(3.386855649306,0.415785641315));
#7255 = CARTESIAN_POINT('',(3.375098417403,0.416679157351));
#7256 = CARTESIAN_POINT('',(3.363279996484,0.417527780567));
#7257 = CARTESIAN_POINT('',(3.351402950503,0.418330277196));
#7258 = CARTESIAN_POINT('',(3.339470206225,0.419085459966));
#7259 = CARTESIAN_POINT('',(3.304402045763,0.421153366575));
#7260 = CARTESIAN_POINT('',(3.281121561248,0.422335022299));
#7261 = CARTESIAN_POINT('',(3.25767096285,0.423328849046));
#7262 = CARTESIAN_POINT('',(3.234079445205,0.424127699419));
#7263 = CARTESIAN_POINT('',(3.210378616314,0.424725863524));
#7264 = CARTESIAN_POINT('',(3.186603055238,0.425119334195));
#7265 = CARTESIAN_POINT('',(3.162790869796,0.425306072222));
#7266 = CARTESIAN_POINT('',(3.115622604277,0.425266841031));
#7267 = CARTESIAN_POINT('',(3.092261793004,0.425048517025));
#7268 = CARTESIAN_POINT('',(3.068941492616,0.424631395369));
#7269 = CARTESIAN_POINT('',(3.045697516336,0.424017627131));
#7270 = CARTESIAN_POINT('',(3.022562324669,0.423211169719));
#7271 = CARTESIAN_POINT('',(2.999565531646,0.422217537951));
#7272 = CARTESIAN_POINT('',(2.976734411061,0.421043555132));
#7273 = CARTESIAN_POINT('',(2.942109817669,0.418984354534));
#7274 = CARTESIAN_POINT('',(2.930177996048,0.418223231723));
#7275 = CARTESIAN_POINT('',(2.918302225891,0.417414869885));
#7276 = CARTESIAN_POINT('',(2.906485408244,0.416560462175));
#7277 = CARTESIAN_POINT('',(2.894730081358,0.415661247281));
#7278 = CARTESIAN_POINT('',(2.883038444876,0.414718495993));
#7279 = CARTESIAN_POINT('',(2.871412384029,0.413733497774));
#7280 = CARTESIAN_POINT('',(2.838600340916,0.410821148105));
#7281 = CARTESIAN_POINT('',(2.817574812047,0.408796337325));
#7282 = CARTESIAN_POINT('',(2.796785818362,0.406641132323));
#7283 = CARTESIAN_POINT('',(2.776239304797,0.404363564527));
#7284 = CARTESIAN_POINT('',(2.755938514429,0.401971537652));
#7285 = CARTESIAN_POINT('',(2.735884252814,0.399472685892));
#7286 = CARTESIAN_POINT('',(2.716075152329,0.396874232109));
#7287 = CARTESIAN_POINT('',(2.669875683239,0.390519694525));
#7288 = CARTESIAN_POINT('',(2.643694173103,0.38668476382));
#7289 = CARTESIAN_POINT('',(2.617952736407,0.382694735339));
#7290 = CARTESIAN_POINT('',(2.592639040428,0.378565108));
#7291 = CARTESIAN_POINT('',(2.567738989674,0.374310125306));
#7292 = CARTESIAN_POINT('',(2.543236626139,0.369942702437));
#7293 = CARTESIAN_POINT('',(2.519114029558,0.365474353351));
#7294 = CARTESIAN_POINT('',(2.433840573083,0.349113420603));
#7295 = CARTESIAN_POINT('',(2.374815063964,0.336717099833));
#7296 = CARTESIAN_POINT('',(2.317848964916,0.323889879073));
#7297 = CARTESIAN_POINT('',(2.262659423125,0.310768449406));
#7298 = CARTESIAN_POINT('',(2.208991907742,0.297476253311));
#7299 = CARTESIAN_POINT('',(2.1566057272,0.284129938737));
#7300 = CARTESIAN_POINT('',(2.105243930861,0.270845679134));
#7301 = CARTESIAN_POINT('',(2.014667404598,0.247473227586));
#7302 = CARTESIAN_POINT('',(1.975263124382,0.237324416486));
#7303 = CARTESIAN_POINT('',(1.936183138389,0.227392721973));
#7304 = CARTESIAN_POINT('',(1.897283337444,0.217771876106));
#7305 = CARTESIAN_POINT('',(1.858435759405,0.208598600128));
#7306 = CARTESIAN_POINT('',(1.819518804467,0.200054305948));
#7307 = CARTESIAN_POINT('',(1.780375668375,0.192410343708));
#7308 = CARTESIAN_POINT('',(1.71995963549,0.182609055011));
#7309 = CARTESIAN_POINT('',(1.698992961904,0.179567422712));
#7310 = CARTESIAN_POINT('',(1.677915236693,0.176919464681));
#7311 = CARTESIAN_POINT('',(1.656728800742,0.174719076793));
#7312 = CARTESIAN_POINT('',(1.6354432963,0.173020328196));
#7313 = CARTESIAN_POINT('',(1.614077889564,0.171867812445));
#7314 = CARTESIAN_POINT('',(1.592664898361,0.171286241407));
#7315 = CARTESIAN_POINT('',(1.549434041364,0.171264676485));
#7316 = CARTESIAN_POINT('',(1.527610378355,0.171846710572));
#7317 = CARTESIAN_POINT('',(1.505836044151,0.173022390794));
#7318 = CARTESIAN_POINT('',(1.484145155593,0.174765647271));
#7319 = CARTESIAN_POINT('',(1.462557717779,0.177028887991));
#7320 = CARTESIAN_POINT('',(1.441083563185,0.17975448995));
#7321 = CARTESIAN_POINT('',(1.41972472446,0.182885408684));
#7322 = CARTESIAN_POINT('',(1.359314897266,0.19278556466));
#7323 = CARTESIAN_POINT('',(1.320553176971,0.200392821459));
#7324 = CARTESIAN_POINT('',(1.282008832998,0.208874156385));
#7325 = CARTESIAN_POINT('',(1.243529654969,0.217968628173));
#7326 = CARTESIAN_POINT('',(1.2049967303,0.22750058043));
#7327 = CARTESIAN_POINT('',(1.166285552683,0.237337542308));
#7328 = CARTESIAN_POINT('',(1.127256318364,0.247388111784));
#7329 = CARTESIAN_POINT('',(1.037237538902,0.270615933551));
#7330 = CARTESIAN_POINT('',(0.986051992434,0.28385659204));
#7331 = CARTESIAN_POINT('',(0.933852129672,0.297160741975));
#7332 = CARTESIAN_POINT('',(0.880383626488,0.310412972497));
#7333 = CARTESIAN_POINT('',(0.825408132105,0.323497716454));
#7334 = CARTESIAN_POINT('',(0.768673713313,0.336292952019));
#7335 = CARTESIAN_POINT('',(0.70990026368,0.348663768809));
#7336 = CARTESIAN_POINT('',(0.625086956486,0.364987336871));
#7337 = CARTESIAN_POINT('',(0.601152370411,0.369436837404));
#7338 = CARTESIAN_POINT('',(0.576844264844,0.373787598262));
#7339 = CARTESIAN_POINT('',(0.552145023203,0.378028402232));
#7340 = CARTESIAN_POINT('',(0.527038883403,0.382146678772));
#7341 = CARTESIAN_POINT('',(0.501511829083,0.386128569817));
#7342 = CARTESIAN_POINT('',(0.475551480828,0.389958995594));
#7343 = CARTESIAN_POINT('',(0.428857637072,0.396436177272));
#7344 = CARTESIAN_POINT('',(0.408307567431,0.399151394331));
#7345 = CARTESIAN_POINT('',(0.387492856207,0.401759956468));
#7346 = CARTESIAN_POINT('',(0.366411770075,0.404253791855));
#7347 = CARTESIAN_POINT('',(0.345065080923,0.406624342395));
#7348 = CARTESIAN_POINT('',(0.323456382129,0.408862734154));
#7349 = CARTESIAN_POINT('',(0.301592404829,0.41095994779));
#7350 = CARTESIAN_POINT('',(0.246040814591,0.415852113364));
#7351 = CARTESIAN_POINT('',(0.212020366836,0.418455193967));
#7352 = CARTESIAN_POINT('',(0.177480084224,0.420682493274));
#7353 = CARTESIAN_POINT('',(0.142490225782,0.422502912809));
#7354 = CARTESIAN_POINT('',(0.107134571514,0.423889503299));
#7355 = CARTESIAN_POINT('',(7.151385233728E-02,0.424821567592));
#7356 = CARTESIAN_POINT('',(3.575125471722E-02,0.425287356322));
#7357 = CARTESIAN_POINT('',(0.,0.425287356322));
#7358 = ( GEOMETRIC_REPRESENTATION_CONTEXT(2) 
PARAMETRIC_REPRESENTATION_CONTEXT() REPRESENTATION_CONTEXT('2D SPACE',''
  ) );
#7359 = ADVANCED_FACE('',(#7360),#7141,.T.);
#7360 = FACE_BOUND('',#7361,.T.);
#7361 = EDGE_LOOP('',(#7362,#7384,#7385,#7386,#7415));
#7362 = ORIENTED_EDGE('',*,*,#7363,.F.);
#7363 = EDGE_CURVE('',#6764,#7364,#7366,.T.);
#7364 = VERTEX_POINT('',#7365);
#7365 = CARTESIAN_POINT('',(94.3,14.5,0.));
#7366 = SEAM_CURVE('',#7367,(#7370,#7377),.PCURVE_S1.);
#7367 = B_SPLINE_CURVE_WITH_KNOTS('',1,(#7368,#7369),.UNSPECIFIED.,.F.,
  .F.,(2,2),(0.,1.),.PIECEWISE_BEZIER_KNOTS.);
#7368 = CARTESIAN_POINT('',(76.9,15.9,-6.117932992715E-15));
#7369 = CARTESIAN_POINT('',(94.3,14.5,8.021416244079E-16));
#7370 = PCURVE('',#7141,#7371);
#7371 = DEFINITIONAL_REPRESENTATION('',(#7372),#7376);
#7372 = LINE('',#7373,#7374);
#7373 = CARTESIAN_POINT('',(0.,0.));
#7374 = VECTOR('',#7375,1.);
#7375 = DIRECTION('',(0.,1.));
#7376 = ( GEOMETRIC_REPRESENTATION_CONTEXT(2) 
PARAMETRIC_REPRESENTATION_CONTEXT() REPRESENTATION_CONTEXT('2D SPACE',''
  ) );
#7377 = PCURVE('',#7141,#7378);
#7378 = DEFINITIONAL_REPRESENTATION('',(#7379),#7383);
#7379 = LINE('',#7380,#7381);
#7380 = CARTESIAN_POINT('',(6.28318530718,0.));
#7381 = VECTOR('',#7382,1.);
#7382 = DIRECTION('',(0.,1.));
#7383 = ( GEOMETRIC_REPRESENTATION_CONTEXT(2) 
PARAMETRIC_REPRESENTATION_CONTEXT() REPRESENTATION_CONTEXT('2D SPACE',''
  ) );
#7384 = ORIENTED_EDGE('',*,*,#6763,.F.);
#7385 = ORIENTED_EDGE('',*,*,#7363,.T.);
#7386 = ORIENTED_EDGE('',*,*,#7387,.F.);
#7387 = EDGE_CURVE('',#7388,#7364,#7390,.T.);
#7388 = VERTEX_POINT('',#7389);
#7389 = CARTESIAN_POINT('',(94.3,2.5,8.087725466327E-14));
#7390 = SURFACE_CURVE('',#7391,(#7396,#7403),.PCURVE_S1.);
#7391 = ELLIPSE('',#7392,6.,5.58);
#7392 = AXIS2_PLACEMENT_3D('',#7393,#7394,#7395);
#7393 = CARTESIAN_POINT('',(94.3,8.5,0.));
#7394 = DIRECTION('',(1.,0.,0.));
#7395 = DIRECTION('',(0.,1.,0.));
#7396 = PCURVE('',#7141,#7397);
#7397 = DEFINITIONAL_REPRESENTATION('',(#7398),#7402);
#7398 = LINE('',#7399,#7400);
#7399 = CARTESIAN_POINT('',(0.,1.));
#7400 = VECTOR('',#7401,1.);
#7401 = DIRECTION('',(1.,0.));
#7402 = ( GEOMETRIC_REPRESENTATION_CONTEXT(2) 
PARAMETRIC_REPRESENTATION_CONTEXT() REPRESENTATION_CONTEXT('2D SPACE',''
  ) );
#7403 = PCURVE('',#7404,#7409);
#7404 = PLANE('',#7405);
#7405 = AXIS2_PLACEMENT_3D('',#7406,#7407,#7408);
#7406 = CARTESIAN_POINT('',(94.3,8.5,0.));
#7407 = DIRECTION('',(1.,0.,0.));
#7408 = DIRECTION('',(0.,1.,0.));
#7409 = DEFINITIONAL_REPRESENTATION('',(#7410),#7414);
#7410 = ELLIPSE('',#7411,6.,5.58);
#7411 = AXIS2_PLACEMENT_2D('',#7412,#7413);
#7412 = CARTESIAN_POINT('',(0.,0.));
#7413 = DIRECTION('',(1.,0.));
#7414 = ( GEOMETRIC_REPRESENTATION_CONTEXT(2) 
PARAMETRIC_REPRESENTATION_CONTEXT() REPRESENTATION_CONTEXT('2D SPACE',''
  ) );
#7415 = ORIENTED_EDGE('',*,*,#7416,.F.);
#7416 = EDGE_CURVE('',#7364,#7388,#7417,.T.);
#7417 = SURFACE_CURVE('',#7418,(#7526,#7637),.PCURVE_S1.);
#7418 = B_SPLINE_CURVE_WITH_KNOTS('',8,(#7419,#7420,#7421,#7422,#7423,
    #7424,#7425,#7426,#7427,#7428,#7429,#7430,#7431,#7432,#7433,#7434,
    #7435,#7436,#7437,#7438,#7439,#7440,#7441,#7442,#7443,#7444,#7445,
    #7446,#7447,#7448,#7449,#7450,#7451,#7452,#7453,#7454,#7455,#7456,
    #7457,#7458,#7459,#7460,#7461,#7462,#7463,#7464,#7465,#7466,#7467,
    #7468,#7469,#7470,#7471,#7472,#7473,#7474,#7475,#7476,#7477,#7478,
    #7479,#7480,#7481,#7482,#7483,#7484,#7485,#7486,#7487,#7488,#7489,
    #7490,#7491,#7492,#7493,#7494,#7495,#7496,#7497,#7498,#7499,#7500,
    #7501,#7502,#7503,#7504,#7505,#7506,#7507,#7508,#7509,#7510,#7511,
    #7512,#7513,#7514,#7515,#7516,#7517,#7518,#7519,#7520,#7521,#7522,
    #7523,#7524,#7525),.UNSPECIFIED.,.F.,.F.,(9,7,7,7,7,7,7,7,7,7,7,7,7,
    7,7,9),(0.,5.048814784972E-02,8.858827048279E-02,0.160591402077,
    0.285372044303,0.341555018821,0.371971706619,0.427997491351,
    0.500744265832,0.57191018216,0.627937795267,0.68651852945,
    0.8393236709,0.911331661205,0.96627257248,1.),.UNSPECIFIED.);
#7419 = CARTESIAN_POINT('',(94.3,14.5,2.467176647952E-07));
#7420 = CARTESIAN_POINT('',(94.299999990315,14.499999995011,
    0.12133788544));
#7421 = CARTESIAN_POINT('',(94.294555647955,14.497195666621,
    0.242649127842));
#7422 = CARTESIAN_POINT('',(94.283671674598,14.491588935499,
    0.363542732195));
#7423 = CARTESIAN_POINT('',(94.267799304236,14.483198580951,
    0.483756386561));
#7424 = CARTESIAN_POINT('',(94.247814904357,14.472028471967,
    0.603139111842));
#7425 = CARTESIAN_POINT('',(94.224474108899,14.458094659461,
    0.721583136703));
#7426 = CARTESIAN_POINT('',(94.198443203405,14.441417426543,
    0.839033534995));
#7427 = CARTESIAN_POINT('',(94.148978606181,14.407366403265,
    1.04336199809));
#7428 = CARTESIAN_POINT('',(94.126470897943,14.3911650255,1.130686337796
    ));
#7429 = CARTESIAN_POINT('',(94.102955634773,14.373410254683,
    1.217463518862));
#7430 = CARTESIAN_POINT('',(94.078620321376,14.354106716804,
    1.303694813476));
#7431 = CARTESIAN_POINT('',(94.053619076682,14.333259965488,
    1.389377926836));
#7432 = CARTESIAN_POINT('',(94.028078118444,14.310876073782,
    1.474508427855));
#7433 = CARTESIAN_POINT('',(94.002101247831,14.286961225948,
    1.559081179865));
#7434 = CARTESIAN_POINT('',(93.92602357196,14.213443939866,
    1.801858338312));
#7435 = CARTESIAN_POINT('',(93.87503121279,14.159925371446,1.95859773286
    ));
#7436 = CARTESIAN_POINT('',(93.823389601196,14.101012174888,
    2.113259367225));
#7437 = CARTESIAN_POINT('',(93.77148820265,14.036765796731,
    2.265736686253));
#7438 = CARTESIAN_POINT('',(93.719615336309,13.967260994903,
    2.415899663776));
#7439 = CARTESIAN_POINT('',(93.66799994703,13.89258357909,2.563607708333
    ));
#7440 = CARTESIAN_POINT('',(93.616825574138,13.812828437778,
    2.708713494922));
#7441 = CARTESIAN_POINT('',(93.478596725878,13.581263354294,
    3.097767460287));
#7442 = CARTESIAN_POINT('',(93.392740283709,13.419493236285,
    3.336196296874));
#7443 = CARTESIAN_POINT('',(93.309492082287,13.243344687624,
    3.565550936738));
#7444 = CARTESIAN_POINT('',(93.22941251454,13.053467643683,
    3.784999745632));
#7445 = CARTESIAN_POINT('',(93.15296065135,12.85059912733,3.993732133804
    ));
#7446 = CARTESIAN_POINT('',(93.080535534274,12.635564734109,
    4.190973286284));
#7447 = CARTESIAN_POINT('',(93.01247411412,12.409289953957,
    4.375990508904));
#7448 = CARTESIAN_POINT('',(92.920526700596,12.066352883489,
    4.625617544448));
#7449 = CARTESIAN_POINT('',(92.89292540771,11.957818099328,
    4.700503589531));
#7450 = CARTESIAN_POINT('',(92.866295860174,11.847313509751,
    4.772715147596));
#7451 = CARTESIAN_POINT('',(92.840663344982,11.734940636698,
    4.842193294084));
#7452 = CARTESIAN_POINT('',(92.816051684919,11.620808481869,
    4.908881087086));
#7453 = CARTESIAN_POINT('',(92.79248301836,11.505034306272,
    4.972724545228));
#7454 = CARTESIAN_POINT('',(92.769977579087,11.387744409761,
    5.033673625545));
#7455 = CARTESIAN_POINT('',(92.736954762107,11.204828879839,
    5.123088785924));
#7456 = CARTESIAN_POINT('',(92.725673101024,11.140179164609,
    5.153632487954));
#7457 = CARTESIAN_POINT('',(92.714711381518,11.075147589918,
    5.18330709219));
#7458 = CARTESIAN_POINT('',(92.704072373613,11.009757296536,
    5.212105623198));
#7459 = CARTESIAN_POINT('',(92.693758683958,10.944032746845,
    5.240021475378));
#7460 = CARTESIAN_POINT('',(92.683772711098,10.877999730696,
    5.267048542965));
#7461 = CARTESIAN_POINT('',(92.674116600756,10.811685371278,
    5.293181350038));
#7462 = CARTESIAN_POINT('',(92.647617194686,10.622505113421,
    5.364894440972));
#7463 = CARTESIAN_POINT('',(92.631566433838,10.499025639623,
    5.408326852838));
#7464 = CARTESIAN_POINT('',(92.616652910967,10.374866421817,
    5.448679031538));
#7465 = CARTESIAN_POINT('',(92.602886064728,10.25023022844,
    5.485926673754));
#7466 = CARTESIAN_POINT('',(92.59026997619,10.125333738356,5.52005957971
    ));
#7467 = CARTESIAN_POINT('',(92.578802161566,10.000400797037,
    5.551085033543));
#7468 = CARTESIAN_POINT('',(92.568472961506,9.875651074702,
    5.579029541769));
#7469 = CARTESIAN_POINT('',(92.547310118039,9.589799653035,
    5.636282566701));
#7470 = CARTESIAN_POINT('',(92.537243431006,9.42892540096,5.66351595685)
  );
#7471 = CARTESIAN_POINT('',(92.529034271637,9.269154827189,
    5.685724024716));
#7472 = CARTESIAN_POINT('',(92.522616746464,9.110763281823,
    5.703085199219));
#7473 = CARTESIAN_POINT('',(92.517906432273,8.953753657405,
    5.715827895861));
#7474 = CARTESIAN_POINT('',(92.514830014477,8.797799302946,
    5.724150453999));
#7475 = CARTESIAN_POINT('',(92.513349830549,8.642396959155,
    5.728154759624));
#7476 = CARTESIAN_POINT('',(92.513581349044,8.334952322862,
    5.727528439354));
#7477 = CARTESIAN_POINT('',(92.515224425292,8.182858553359,
    5.723083466057));
#7478 = CARTESIAN_POINT('',(92.518399021885,8.030188175134,
    5.714495308595));
#7479 = CARTESIAN_POINT('',(92.523143079088,7.876476051096,
    5.701661327588));
#7480 = CARTESIAN_POINT('',(92.529525930602,7.721449920414,
    5.684393953943));
#7481 = CARTESIAN_POINT('',(92.537625791149,7.565108660844,
    5.662481561556));
#7482 = CARTESIAN_POINT('',(92.547503616448,7.407724375096,
    5.635759084945));
#7483 = CARTESIAN_POINT('',(92.568387981561,7.125389222599,
    5.579259447134));
#7484 = CARTESIAN_POINT('',(92.578709050594,7.000639114337,
    5.551336939243));
#7485 = CARTESIAN_POINT('',(92.59016870068,6.875704421329,5.520333578305
    ));
#7486 = CARTESIAN_POINT('',(92.60277663251,6.750804764947,5.486222746907
    ));
#7487 = CARTESIAN_POINT('',(92.616535367087,6.626164018094,5.44899706151
    ));
#7488 = CARTESIAN_POINT('',(92.631440852429,6.501998944024,
    5.408666644893));
#7489 = CARTESIAN_POINT('',(92.647483669129,6.378512432013,
    5.365255750494));
#7490 = CARTESIAN_POINT('',(92.68260029062,6.127682509441,5.270222682653
    ));
#7491 = CARTESIAN_POINT('',(92.701779631326,6.000414342881,
    5.218314495747));
#7492 = CARTESIAN_POINT('',(92.722176179616,5.874285705691,
    5.163105463074));
#7493 = CARTESIAN_POINT('',(92.743772995709,5.749479829128,
    5.104638741834));
#7494 = CARTESIAN_POINT('',(92.766549969607,5.626163929177,
    5.042965246027));
#7495 = CARTESIAN_POINT('',(92.790484726284,5.504489622603,
    4.978140946151));
#7496 = CARTESIAN_POINT('',(92.815553343764,5.384594130092,4.91022458384
    ));
#7497 = CARTESIAN_POINT('',(92.910013789887,4.958825935946,
    4.654209177087));
#7498 = CARTESIAN_POINT('',(92.985831162655,4.664048999266,
    4.448538184831));
#7499 = CARTESIAN_POINT('',(93.068736933927,4.384482197416,
    4.223335475401));
#7500 = CARTESIAN_POINT('',(93.158174151802,4.121999660612,
    3.979865394458));
#7501 = CARTESIAN_POINT('',(93.253510509066,3.878232728008,3.71951385683
    ));
#7502 = CARTESIAN_POINT('',(93.353950070119,3.654604943534,
    3.443744193411));
#7503 = CARTESIAN_POINT('',(93.458578659915,3.45234747275,3.154096057771
    ));
#7504 = CARTESIAN_POINT('',(93.616477267069,3.187719489977,
    2.709700269263));
#7505 = CARTESIAN_POINT('',(93.667649731745,3.107932817075,
    2.564607682278));
#7506 = CARTESIAN_POINT('',(93.719264149,3.033223544155,2.41691198631));
#7507 = CARTESIAN_POINT('',(93.771137131776,2.963686613358,
    2.266760552261));
#7508 = CARTESIAN_POINT('',(93.823039954237,2.899407882439,
    2.114294027204));
#7509 = CARTESIAN_POINT('',(93.874684611776,2.84046215834,1.959642509376
    ));
#7510 = CARTESIAN_POINT('',(93.925682126808,2.786910942407,
    1.802912665204));
#7511 = CARTESIAN_POINT('',(94.013407942869,2.702093665535,
    1.523026021053));
#7512 = CARTESIAN_POINT('',(94.050641060721,2.66856532695,1.400753762748
    ));
#7513 = CARTESIAN_POINT('',(94.086894760414,2.638221891666,
    1.277325255931));
#7514 = CARTESIAN_POINT('',(94.121829386291,2.61108059909,1.152740452702
    ));
#7515 = CARTESIAN_POINT('',(94.155017807707,2.587163135781,
    1.027013825541));
#7516 = CARTESIAN_POINT('',(94.185869696321,2.566485995638,
    0.900157317507));
#7517 = CARTESIAN_POINT('',(94.213589999332,2.549057321674,
    0.772169952147));
#7518 = CARTESIAN_POINT('',(94.251834449378,2.526192244982,
    0.563799862574));
#7519 = CARTESIAN_POINT('',(94.26486492851,2.518724424781,0.48412289789)
  );
#7520 = CARTESIAN_POINT('',(94.276167770275,2.512491801796,
    0.404058376238));
#7521 = CARTESIAN_POINT('',(94.285524285826,2.507499510504,
    0.323649434922));
#7522 = CARTESIAN_POINT('',(94.292717293439,2.503751242094,
    0.242953217513));
#7523 = CARTESIAN_POINT('',(94.297572642436,2.501250329052,
    0.162044544367));
#7524 = CARTESIAN_POINT('',(94.299999994779,2.500000003484,
    8.102000009222E-02));
#7525 = CARTESIAN_POINT('',(94.3,2.500000000795,1.991553137846E-07));
#7526 = PCURVE('',#7141,#7527);
#7527 = DEFINITIONAL_REPRESENTATION('',(#7528),#7636);
#7528 = B_SPLINE_CURVE_WITH_KNOTS('',8,(#7529,#7530,#7531,#7532,#7533,
    #7534,#7535,#7536,#7537,#7538,#7539,#7540,#7541,#7542,#7543,#7544,
    #7545,#7546,#7547,#7548,#7549,#7550,#7551,#7552,#7553,#7554,#7555,
    #7556,#7557,#7558,#7559,#7560,#7561,#7562,#7563,#7564,#7565,#7566,
    #7567,#7568,#7569,#7570,#7571,#7572,#7573,#7574,#7575,#7576,#7577,
    #7578,#7579,#7580,#7581,#7582,#7583,#7584,#7585,#7586,#7587,#7588,
    #7589,#7590,#7591,#7592,#7593,#7594,#7595,#7596,#7597,#7598,#7599,
    #7600,#7601,#7602,#7603,#7604,#7605,#7606,#7607,#7608,#7609,#7610,
    #7611,#7612,#7613,#7614,#7615,#7616,#7617,#7618,#7619,#7620,#7621,
    #7622,#7623,#7624,#7625,#7626,#7627,#7628,#7629,#7630,#7631,#7632,
    #7633,#7634,#7635),.UNSPECIFIED.,.F.,.F.,(9,7,7,7,7,7,7,7,7,7,7,7,7,
    7,7,9),(0.,5.048814784972E-02,8.858827048279E-02,0.160591402077,
    0.285372044303,0.341555018821,0.371971706619,0.427997491351,
    0.500744265832,0.57191018216,0.627937795267,0.68651852945,
    0.8393236709,0.911331661205,0.96627257248,1.),.UNSPECIFIED.);
#7529 = CARTESIAN_POINT('',(4.421463413231E-08,1.));
#7530 = CARTESIAN_POINT('',(2.174514075992E-02,0.999999999443));
#7531 = CARTESIAN_POINT('',(4.34855040101E-02,0.999687106204));
#7532 = CARTESIAN_POINT('',(6.515968279445E-02,0.999061590494));
#7533 = CARTESIAN_POINT('',(8.672922415754E-02,0.998149385301));
#7534 = CARTESIAN_POINT('',(0.108176542738,0.997000856572));
#7535 = CARTESIAN_POINT('',(0.129493109154,0.995659431546));
#7536 = CARTESIAN_POINT('',(0.150680102548,0.994163402495));
#7537 = CARTESIAN_POINT('',(0.187646504656,0.991320609551));
#7538 = CARTESIAN_POINT('',(0.203480068371,0.9900270631));
#7539 = CARTESIAN_POINT('',(0.219254781479,0.988675611194));
#7540 = CARTESIAN_POINT('',(0.234975970855,0.987277029964));
#7541 = CARTESIAN_POINT('',(0.250648396289,0.985840176821));
#7542 = CARTESIAN_POINT('',(0.266276485493,0.984372305658));
#7543 = CARTESIAN_POINT('',(0.281864569111,0.982879382059));
#7544 = CARTESIAN_POINT('',(0.326808938741,0.978507101837));
#7545 = CARTESIAN_POINT('',(0.356070269854,0.975576506482));
#7546 = CARTESIAN_POINT('',(0.385227462894,0.97260859777));
#7547 = CARTESIAN_POINT('',(0.414296806453,0.969625758773));
#7548 = CARTESIAN_POINT('',(0.4432899607,0.966644559558));
#7549 = CARTESIAN_POINT('',(0.472216123129,0.963678157875));
#7550 = CARTESIAN_POINT('',(0.501082672637,0.960737101962));
#7551 = CARTESIAN_POINT('',(0.579829294997,0.95279291528));
#7552 = CARTESIAN_POINT('',(0.629601154178,0.947858636995));
#7553 = CARTESIAN_POINT('',(0.67923899035,0.943074257603));
#7554 = CARTESIAN_POINT('',(0.728757840145,0.938471983594));
#7555 = CARTESIAN_POINT('',(0.778166980563,0.934078198353));
#7556 = CARTESIAN_POINT('',(0.827470658582,0.929915835303));
#7557 = CARTESIAN_POINT('',(0.876665602663,0.926004259432));
#7558 = CARTESIAN_POINT('',(0.947832958065,0.920719925322));
#7559 = CARTESIAN_POINT('',(0.969902785072,0.919133644121));
#7560 = CARTESIAN_POINT('',(0.991946339122,0.917603210355));
#7561 = CARTESIAN_POINT('',(1.01396174302,0.916130077298));
#7562 = CARTESIAN_POINT('',(1.035946223802,0.914715614076));
#7563 = CARTESIAN_POINT('',(1.057896008592,0.913361093009));
#7564 = CARTESIAN_POINT('',(1.079806220451,0.912067676959));
#7565 = CARTESIAN_POINT('',(1.113507942195,0.910169813914));
#7566 = CARTESIAN_POINT('',(1.125331602388,0.909521442588));
#7567 = CARTESIAN_POINT('',(1.137140746312,0.908891458708));
#7568 = CARTESIAN_POINT('',(1.148934176724,0.908280021472));
#7569 = CARTESIAN_POINT('',(1.160710507974,0.907687280687));
#7570 = CARTESIAN_POINT('',(1.172468166335,0.907113374201));
#7571 = CARTESIAN_POINT('',(1.184205390342,0.906558425331));
#7572 = CARTESIAN_POINT('',(1.217498292219,0.905035470959));
#7573 = CARTESIAN_POINT('',(1.239001906337,0.904113013439));
#7574 = CARTESIAN_POINT('',(1.260417269377,0.903255914423));
#7575 = CARTESIAN_POINT('',(1.281728381356,0.902464716364));
#7576 = CARTESIAN_POINT('',(1.302917353466,0.901739653804));
#7577 = CARTESIAN_POINT('',(1.323965351213,0.901080583998));
#7578 = CARTESIAN_POINT('',(1.344854173629,0.900486951811));
#7579 = CARTESIAN_POINT('',(1.392464979683,0.899270696439));
#7580 = CARTESIAN_POINT('',(1.41907309443,0.898692151207));
#7581 = CARTESIAN_POINT('',(1.445349654886,0.898220360439));
#7582 = CARTESIAN_POINT('',(1.471286885584,0.897851537153));
#7583 = CARTESIAN_POINT('',(1.496918202268,0.897580829441));
#7584 = CARTESIAN_POINT('',(1.522325932122,0.897404023821));
#7585 = CARTESIAN_POINT('',(1.547618714331,0.897318955779));
#7586 = CARTESIAN_POINT('',(1.597660734872,0.897332261439));
#7587 = CARTESIAN_POINT('',(1.622418272843,0.897426691109));
#7588 = CARTESIAN_POINT('',(1.647296385323,0.897609139189));
#7589 = CARTESIAN_POINT('',(1.67239587657,0.897881786154));
#7590 = CARTESIAN_POINT('',(1.69778882709,0.898248616701));
#7591 = CARTESIAN_POINT('',(1.723507068814,0.898714125928));
#7592 = CARTESIAN_POINT('',(1.74954109833,0.899281817037));
#7593 = CARTESIAN_POINT('',(1.796564403876,0.900482067906));
#7594 = CARTESIAN_POINT('',(1.817452372228,0.901075232793));
#7595 = CARTESIAN_POINT('',(1.838499632918,0.901733833372));
#7596 = CARTESIAN_POINT('',(1.859687993248,0.902458427156));
#7597 = CARTESIAN_POINT('',(1.880998615819,0.903249159028));
#7598 = CARTESIAN_POINT('',(1.902413600382,0.904105796117));
#7599 = CARTESIAN_POINT('',(1.923916929672,0.905027797076));
#7600 = CARTESIAN_POINT('',(1.968055909335,0.907045993714));
#7601 = CARTESIAN_POINT('',(1.990699460603,0.908148254674));
#7602 = CARTESIAN_POINT('',(2.013412261651,0.909320470093));
#7603 = CARTESIAN_POINT('',(2.036183304594,0.91056166642));
#7604 = CARTESIAN_POINT('',(2.059003744049,0.911870687908));
#7605 = CARTESIAN_POINT('',(2.08186683406,0.913246248637));
#7606 = CARTESIAN_POINT('',(2.104767802956,0.91468697378));
#7607 = CARTESIAN_POINT('',(2.187530806598,0.920115735051));
#7608 = CARTESIAN_POINT('',(2.247586224489,0.924473055325));
#7609 = CARTESIAN_POINT('',(2.3078161753,0.929237754823));
#7610 = CARTESIAN_POINT('',(2.368202377233,0.934377824816));
#7611 = CARTESIAN_POINT('',(2.428743714437,0.939856925808));
#7612 = CARTESIAN_POINT('',(2.489454111477,0.945629314375));
#7613 = CARTESIAN_POINT('',(2.550355746265,0.951642451719));
#7614 = CARTESIAN_POINT('',(2.64031325486,0.960717084314));
#7615 = CARTESIAN_POINT('',(2.66917994024,0.96365803056));
#7616 = CARTESIAN_POINT('',(2.698106205354,0.966624376379));
#7617 = CARTESIAN_POINT('',(2.727099419572,0.969605582286));
#7618 = CARTESIAN_POINT('',(2.756168769832,0.972588503117));
#7619 = CARTESIAN_POINT('',(2.785325903253,0.975556586884));
#7620 = CARTESIAN_POINT('',(2.814587088927,0.978487478552));
#7621 = CARTESIAN_POINT('',(2.866403919788,0.983529192119));
#7622 = CARTESIAN_POINT('',(2.888898175837,0.985669026478));
#7623 = CARTESIAN_POINT('',(2.911479900209,0.987752572438));
#7624 = CARTESIAN_POINT('',(2.934164691516,0.989760309557));
#7625 = CARTESIAN_POINT('',(2.956965456803,0.991667690098));
#7626 = CARTESIAN_POINT('',(2.979895413055,0.993440787145));
#7627 = CARTESIAN_POINT('',(3.002969556207,0.995033908008));
#7628 = CARTESIAN_POINT('',(3.040461251364,0.997231864907));
#7629 = CARTESIAN_POINT('',(3.054780223058,0.997980743018));
#7630 = CARTESIAN_POINT('',(3.069154926338,0.998630331625));
#7631 = CARTESIAN_POINT('',(3.083580669834,0.999168062404));
#7632 = CARTESIAN_POINT('',(3.098050074485,0.999581453646));
#7633 = CARTESIAN_POINT('',(3.112552413109,0.999860496692));
#7634 = CARTESIAN_POINT('',(3.127072940216,0.9999999997));
#7635 = CARTESIAN_POINT('',(3.141592617899,1.));
#7636 = ( GEOMETRIC_REPRESENTATION_CONTEXT(2) 
PARAMETRIC_REPRESENTATION_CONTEXT() REPRESENTATION_CONTEXT('2D SPACE',''
  ) );
#7637 = PCURVE('',#7638,#7643);
#7638 = SPHERICAL_SURFACE('',#7639,6.);
#7639 = AXIS2_PLACEMENT_3D('',#7640,#7641,#7642);
#7640 = CARTESIAN_POINT('',(94.3,8.5,0.));
#7641 = DIRECTION('',(0.,0.,1.));
#7642 = DIRECTION('',(1.,0.,-0.));
#7643 = DEFINITIONAL_REPRESENTATION('',(#7644),#7752);
#7644 = B_SPLINE_CURVE_WITH_KNOTS('',8,(#7645,#7646,#7647,#7648,#7649,
    #7650,#7651,#7652,#7653,#7654,#7655,#7656,#7657,#7658,#7659,#7660,
    #7661,#7662,#7663,#7664,#7665,#7666,#7667,#7668,#7669,#7670,#7671,
    #7672,#7673,#7674,#7675,#7676,#7677,#7678,#7679,#7680,#7681,#7682,
    #7683,#7684,#7685,#7686,#7687,#7688,#7689,#7690,#7691,#7692,#7693,
    #7694,#7695,#7696,#7697,#7698,#7699,#7700,#7701,#7702,#7703,#7704,
    #7705,#7706,#7707,#7708,#7709,#7710,#7711,#7712,#7713,#7714,#7715,
    #7716,#7717,#7718,#7719,#7720,#7721,#7722,#7723,#7724,#7725,#7726,
    #7727,#7728,#7729,#7730,#7731,#7732,#7733,#7734,#7735,#7736,#7737,
    #7738,#7739,#7740,#7741,#7742,#7743,#7744,#7745,#7746,#7747,#7748,
    #7749,#7750,#7751),.UNSPECIFIED.,.F.,.F.,(9,7,7,7,7,7,7,7,7,7,7,7,7,
    7,7,9),(0.,5.048814784972E-02,8.858827048279E-02,0.160591402077,
    0.285372044303,0.341555018821,0.371971706619,0.427997491351,
    0.500744265832,0.57191018216,0.627937795267,0.68651852945,
    0.8393236709,0.911331661205,0.96627257248,1.),.UNSPECIFIED.);
#7645 = CARTESIAN_POINT('',(1.570796326795,4.111961079919E-08));
#7646 = CARTESIAN_POINT('',(1.570796328409,2.022298090674E-02));
#7647 = CARTESIAN_POINT('',(1.571703718329,4.044152135477E-02));
#7648 = CARTESIAN_POINT('',(1.573517718116,6.060305779153E-02));
#7649 = CARTESIAN_POINT('',(1.57616784225,8.067645415396E-02));
#7650 = CARTESIAN_POINT('',(1.579517638203,0.100648384707));
#7651 = CARTESIAN_POINT('',(1.583452209277,0.120512072317));
#7652 = CARTESIAN_POINT('',(1.587872382438,0.140268921501));
#7653 = CARTESIAN_POINT('',(1.596346960202,0.17476386526));
#7654 = CARTESIAN_POINT('',(1.600225659934,0.189546624776));
#7655 = CARTESIAN_POINT('',(1.604305976469,0.204282058028));
#7656 = CARTESIAN_POINT('',(1.608562178932,0.218974768394));
#7657 = CARTESIAN_POINT('',(1.612974224079,0.233628688639));
#7658 = CARTESIAN_POINT('',(1.617526845857,0.248247337408));
#7659 = CARTESIAN_POINT('',(1.622208644964,0.262834075718));
#7660 = CARTESIAN_POINT('',(1.636087197711,0.304905196389));
#7661 = CARTESIAN_POINT('',(1.645593353379,0.332313058963));
#7662 = CARTESIAN_POINT('',(1.65547181968,0.35963562987));
#7663 = CARTESIAN_POINT('',(1.665700195423,0.386882481908));
#7664 = CARTESIAN_POINT('',(1.676275215941,0.414058331268));
#7665 = CARTESIAN_POINT('',(1.687206525015,0.441165005115));
#7666 = CARTESIAN_POINT('',(1.698515408998,0.468201857561));
#7667 = CARTESIAN_POINT('',(1.730540538058,0.541895560093));
#7668 = CARTESIAN_POINT('',(1.752075577168,0.588405935252));
#7669 = CARTESIAN_POINT('',(1.775001171975,0.634678475013));
#7670 = CARTESIAN_POINT('',(1.799570324285,0.680674166837));
#7671 = CARTESIAN_POINT('',(1.826125272275,0.726334764501));
#7672 = CARTESIAN_POINT('',(1.855121525891,0.771578877627));
#7673 = CARTESIAN_POINT('',(1.887190569691,0.816287266451));
#7674 = CARTESIAN_POINT('',(1.939492801997,0.880075170533));
#7675 = CARTESIAN_POINT('',(1.956540600538,0.89973200232));
#7676 = CARTESIAN_POINT('',(1.974482328032,0.919224483631));
#7677 = CARTESIAN_POINT('',(1.993414068486,0.93853244951));
#7678 = CARTESIAN_POINT('',(2.01344587201,0.957631844195));
#7679 = CARTESIAN_POINT('',(2.03470381029,0.976493761749));
#7680 = CARTESIAN_POINT('',(2.05733203207,0.99508348669));
#7681 = CARTESIAN_POINT('',(2.094576218132,1.02325393499));
#7682 = CARTESIAN_POINT('',(2.108107255417,1.033056275988));
#7683 = CARTESIAN_POINT('',(2.122113747862,1.042759918172));
#7684 = CARTESIAN_POINT('',(2.136623224856,1.052357543175));
#7685 = CARTESIAN_POINT('',(2.151664720263,1.061841105726));
#7686 = CARTESIAN_POINT('',(2.167268564892,1.071201785659));
#7687 = CARTESIAN_POINT('',(2.183466178965,1.08042993994));
#7688 = CARTESIAN_POINT('',(2.231278123239,1.106249312056));
#7689 = CARTESIAN_POINT('',(2.264392524014,1.122499483845));
#7690 = CARTESIAN_POINT('',(2.299832244581,1.138198311453));
#7691 = CARTESIAN_POINT('',(2.337802584902,1.153269350308));
#7692 = CARTESIAN_POINT('',(2.37850511071,1.16762546726));
#7693 = CARTESIAN_POINT('',(2.422112981328,1.181170202439));
#7694 = CARTESIAN_POINT('',(2.468731461812,1.19380199558));
#7695 = CARTESIAN_POINT('',(2.582762608985,1.220508352063));
#7696 = CARTESIAN_POINT('',(2.652243165788,1.233891711765));
#7697 = CARTESIAN_POINT('',(2.726732710915,1.245347307384));
#7698 = CARTESIAN_POINT('',(2.805893061148,1.254676036304));
#7699 = CARTESIAN_POINT('',(2.888994812108,1.261719797107));
#7700 = CARTESIAN_POINT('',(2.974803165384,1.266383369949));
#7701 = CARTESIAN_POINT('',(3.061890915917,1.268624591065));
#7702 = CARTESIAN_POINT('',(3.233972811719,1.268274021775));
#7703 = CARTESIAN_POINT('',(3.318998987239,1.265786057308));
#7704 = CARTESIAN_POINT('',(3.402666450433,1.26098480478));
#7705 = CARTESIAN_POINT('',(3.483636004459,1.253912399348));
#7706 = CARTESIAN_POINT('',(3.560809964451,1.244663762383));
#7707 = CARTESIAN_POINT('',(3.633489802182,1.233386143594));
#7708 = CARTESIAN_POINT('',(3.701381078923,1.220267923299));
#7709 = CARTESIAN_POINT('',(3.814061770359,1.193906303026));
#7710 = CARTESIAN_POINT('',(3.860702923215,1.181281081879));
#7711 = CARTESIAN_POINT('',(3.904332851252,1.167742255415));
#7712 = CARTESIAN_POINT('',(3.945056414972,1.153391406662));
#7713 = CARTESIAN_POINT('',(3.983046544176,1.138325040193));
#7714 = CARTESIAN_POINT('',(4.018504712293,1.122630345625));
#7715 = CARTESIAN_POINT('',(4.051636216241,1.106383828412));
#7716 = CARTESIAN_POINT('',(4.115057130126,1.072159371986));
#7717 = CARTESIAN_POINT('',(4.145149437974,1.054135461828));
#7718 = CARTESIAN_POINT('',(4.173149309504,1.035655735343));
#7719 = CARTESIAN_POINT('',(4.199276473819,1.016783010742));
#7720 = CARTESIAN_POINT('',(4.223730339347,0.997569744147));
#7721 = CARTESIAN_POINT('',(4.246686605836,0.978059473672));
#7722 = CARTESIAN_POINT('',(4.268298414032,0.958288230017));
#7723 = CARTESIAN_POINT('',(4.341923931463,0.886110794276));
#7724 = CARTESIAN_POINT('',(4.386915749883,0.832371361737));
#7725 = CARTESIAN_POINT('',(4.42608965749,0.77759887097));
#7726 = CARTESIAN_POINT('',(4.460933918951,0.72207671744));
#7727 = CARTESIAN_POINT('',(4.492431586442,0.665991632471));
#7728 = CARTESIAN_POINT('',(4.52128644473,0.609462497189));
#7729 = CARTESIAN_POINT('',(4.547999986045,0.552570896573));
#7730 = CARTESIAN_POINT('',(4.584592463029,0.468386095706));
#7731 = CARTESIAN_POINT('',(4.595903814247,0.441349206324));
#7732 = CARTESIAN_POINT('',(4.606837461732,0.414242486661));
#7733 = CARTESIAN_POINT('',(4.617414738109,0.387066595306));
#7734 = CARTESIAN_POINT('',(4.627645340814,0.35981971818));
#7735 = CARTESIAN_POINT('',(4.637526071553,0.33249715405));
#7736 = CARTESIAN_POINT('',(4.647034621749,0.305089350944));
#7737 = CARTESIAN_POINT('',(4.663040206925,0.256584940508));
#7738 = CARTESIAN_POINT('',(4.669714619598,0.235538628134));
#7739 = CARTESIAN_POINT('',(4.676113863063,0.214422634537));
#7740 = CARTESIAN_POINT('',(4.682198717016,0.193224325118));
#7741 = CARTESIAN_POINT('',(4.687914808897,0.17193331049));
#7742 = CARTESIAN_POINT('',(4.693180351708,0.150538426452));
#7743 = CARTESIAN_POINT('',(4.697878938102,0.129025910236));
#7744 = CARTESIAN_POINT('',(4.704329880532,9.40963680887E-02));
#7745 = CARTESIAN_POINT('',(4.706519214878,8.076168881725E-02));
#7746 = CARTESIAN_POINT('',(4.708412217385,6.738049314939E-02));
#7747 = CARTESIAN_POINT('',(4.709975417143,5.395658191934E-02));
#7748 = CARTESIAN_POINT('',(4.711175196542,4.049595490014E-02));
#7749 = CARTESIAN_POINT('',(4.711984420541,2.700742404153E-02));
#7750 = CARTESIAN_POINT('',(4.712388979515,1.35033333487E-02));
#7751 = CARTESIAN_POINT('',(4.712388980385,3.319255230184E-08));
#7752 = ( GEOMETRIC_REPRESENTATION_CONTEXT(2) 
PARAMETRIC_REPRESENTATION_CONTEXT() REPRESENTATION_CONTEXT('2D SPACE',''
  ) );
#7753 = ADVANCED_FACE('',(#7754),#7638,.T.);
#7754 = FACE_BOUND('',#7755,.T.);
#7755 = EDGE_LOOP('',(#7756,#7782,#7783,#7810,#7811));
#7756 = ORIENTED_EDGE('',*,*,#7757,.T.);
#7757 = EDGE_CURVE('',#7758,#7760,#7762,.T.);
#7758 = VERTEX_POINT('',#7759);
#7759 = CARTESIAN_POINT('',(100.3,8.5,0.));
#7760 = VERTEX_POINT('',#7761);
#7761 = CARTESIAN_POINT('',(94.3,8.5,6.));
#7762 = SEAM_CURVE('',#7763,(#7768,#7775),.PCURVE_S1.);
#7763 = CIRCLE('',#7764,6.);
#7764 = AXIS2_PLACEMENT_3D('',#7765,#7766,#7767);
#7765 = CARTESIAN_POINT('',(94.3,8.5,0.));
#7766 = DIRECTION('',(-2.449293598295E-16,-1.,0.));
#7767 = DIRECTION('',(1.,-2.449293598295E-16,0.));
#7768 = PCURVE('',#7638,#7769);
#7769 = DEFINITIONAL_REPRESENTATION('',(#7770),#7774);
#7770 = LINE('',#7771,#7772);
#7771 = CARTESIAN_POINT('',(6.28318530718,-6.28318530718));
#7772 = VECTOR('',#7773,1.);
#7773 = DIRECTION('',(0.,1.));
#7774 = ( GEOMETRIC_REPRESENTATION_CONTEXT(2) 
PARAMETRIC_REPRESENTATION_CONTEXT() REPRESENTATION_CONTEXT('2D SPACE',''
  ) );
#7775 = PCURVE('',#7638,#7776);
#7776 = DEFINITIONAL_REPRESENTATION('',(#7777),#7781);
#7777 = LINE('',#7778,#7779);
#7778 = CARTESIAN_POINT('',(0.,-6.28318530718));
#7779 = VECTOR('',#7780,1.);
#7780 = DIRECTION('',(0.,1.));
#7781 = ( GEOMETRIC_REPRESENTATION_CONTEXT(2) 
PARAMETRIC_REPRESENTATION_CONTEXT() REPRESENTATION_CONTEXT('2D SPACE',''
  ) );
#7782 = ORIENTED_EDGE('',*,*,#7757,.F.);
#7783 = ORIENTED_EDGE('',*,*,#7784,.T.);
#7784 = EDGE_CURVE('',#7758,#7364,#7785,.T.);
#7785 = SURFACE_CURVE('',#7786,(#7791,#7798),.PCURVE_S1.);
#7786 = CIRCLE('',#7787,6.);
#7787 = AXIS2_PLACEMENT_3D('',#7788,#7789,#7790);
#7788 = CARTESIAN_POINT('',(94.3,8.5,0.));
#7789 = DIRECTION('',(0.,0.,1.));
#7790 = DIRECTION('',(1.,0.,-0.));
#7791 = PCURVE('',#7638,#7792);
#7792 = DEFINITIONAL_REPRESENTATION('',(#7793),#7797);
#7793 = LINE('',#7794,#7795);
#7794 = CARTESIAN_POINT('',(0.,0.));
#7795 = VECTOR('',#7796,1.);
#7796 = DIRECTION('',(1.,0.));
#7797 = ( GEOMETRIC_REPRESENTATION_CONTEXT(2) 
PARAMETRIC_REPRESENTATION_CONTEXT() REPRESENTATION_CONTEXT('2D SPACE',''
  ) );
#7798 = PCURVE('',#7799,#7804);
#7799 = PLANE('',#7800);
#7800 = AXIS2_PLACEMENT_3D('',#7801,#7802,#7803);
#7801 = CARTESIAN_POINT('',(94.3,8.5,0.));
#7802 = DIRECTION('',(0.,0.,1.));
#7803 = DIRECTION('',(1.,0.,-0.));
#7804 = DEFINITIONAL_REPRESENTATION('',(#7805),#7809);
#7805 = CIRCLE('',#7806,6.);
#7806 = AXIS2_PLACEMENT_2D('',#7807,#7808);
#7807 = CARTESIAN_POINT('',(0.,0.));
#7808 = DIRECTION('',(1.,0.));
#7809 = ( GEOMETRIC_REPRESENTATION_CONTEXT(2) 
PARAMETRIC_REPRESENTATION_CONTEXT() REPRESENTATION_CONTEXT('2D SPACE',''
  ) );
#7810 = ORIENTED_EDGE('',*,*,#7416,.T.);
#7811 = ORIENTED_EDGE('',*,*,#7812,.T.);
#7812 = EDGE_CURVE('',#7388,#7758,#7813,.T.);
#7813 = SURFACE_CURVE('',#7814,(#7819,#7826),.PCURVE_S1.);
#7814 = CIRCLE('',#7815,6.);
#7815 = AXIS2_PLACEMENT_3D('',#7816,#7817,#7818);
#7816 = CARTESIAN_POINT('',(94.3,8.5,0.));
#7817 = DIRECTION('',(0.,0.,1.));
#7818 = DIRECTION('',(1.,0.,-0.));
#7819 = PCURVE('',#7638,#7820);
#7820 = DEFINITIONAL_REPRESENTATION('',(#7821),#7825);
#7821 = LINE('',#7822,#7823);
#7822 = CARTESIAN_POINT('',(0.,0.));
#7823 = VECTOR('',#7824,1.);
#7824 = DIRECTION('',(1.,0.));
#7825 = ( GEOMETRIC_REPRESENTATION_CONTEXT(2) 
PARAMETRIC_REPRESENTATION_CONTEXT() REPRESENTATION_CONTEXT('2D SPACE',''
  ) );
#7826 = PCURVE('',#7799,#7827);
#7827 = DEFINITIONAL_REPRESENTATION('',(#7828),#7832);
#7828 = CIRCLE('',#7829,6.);
#7829 = AXIS2_PLACEMENT_2D('',#7830,#7831);
#7830 = CARTESIAN_POINT('',(0.,0.));
#7831 = DIRECTION('',(1.,0.));
#7832 = ( GEOMETRIC_REPRESENTATION_CONTEXT(2) 
PARAMETRIC_REPRESENTATION_CONTEXT() REPRESENTATION_CONTEXT('2D SPACE',''
  ) );
#7833 = ADVANCED_FACE('',(#7834),#7404,.T.);
#7834 = FACE_BOUND('',#7835,.T.);
#7835 = EDGE_LOOP('',(#7836,#7837));
#7836 = ORIENTED_EDGE('',*,*,#7387,.T.);
#7837 = ORIENTED_EDGE('',*,*,#7838,.T.);
#7838 = EDGE_CURVE('',#7364,#7388,#7839,.T.);
#7839 = SURFACE_CURVE('',#7840,(#7844,#7851),.PCURVE_S1.);
#7840 = LINE('',#7841,#7842);
#7841 = CARTESIAN_POINT('',(94.3,8.5,0.));
#7842 = VECTOR('',#7843,1.);
#7843 = DIRECTION('',(0.,-1.,0.));
#7844 = PCURVE('',#7404,#7845);
#7845 = DEFINITIONAL_REPRESENTATION('',(#7846),#7850);
#7846 = LINE('',#7847,#7848);
#7847 = CARTESIAN_POINT('',(0.,0.));
#7848 = VECTOR('',#7849,1.);
#7849 = DIRECTION('',(-1.,0.));
#7850 = ( GEOMETRIC_REPRESENTATION_CONTEXT(2) 
PARAMETRIC_REPRESENTATION_CONTEXT() REPRESENTATION_CONTEXT('2D SPACE',''
  ) );
#7851 = PCURVE('',#7799,#7852);
#7852 = DEFINITIONAL_REPRESENTATION('',(#7853),#7857);
#7853 = LINE('',#7854,#7855);
#7854 = CARTESIAN_POINT('',(0.,0.));
#7855 = VECTOR('',#7856,1.);
#7856 = DIRECTION('',(0.,-1.));
#7857 = ( GEOMETRIC_REPRESENTATION_CONTEXT(2) 
PARAMETRIC_REPRESENTATION_CONTEXT() REPRESENTATION_CONTEXT('2D SPACE',''
  ) );
#7858 = ADVANCED_FACE('',(#7859),#7799,.F.);
#7859 = FACE_BOUND('',#7860,.F.);
#7860 = EDGE_LOOP('',(#7861,#7862,#7863));
#7861 = ORIENTED_EDGE('',*,*,#7812,.T.);
#7862 = ORIENTED_EDGE('',*,*,#7784,.T.);
#7863 = ORIENTED_EDGE('',*,*,#7838,.T.);
#7864 = ( GEOMETRIC_REPRESENTATION_CONTEXT(3) 
GLOBAL_UNCERTAINTY_ASSIGNED_CONTEXT((#7868)) 
GLOBAL_UNIT_ASSIGNED_CONTEXT((#7865,#7866,#7867)) REPRESENTATION_CONTEXT
('Context #1','3D Context with UNIT and UNCERTAINTY') );
#7865 = ( LENGTH_UNIT() NAMED_UNIT(*) SI_UNIT(.MILLI.,.METRE.) );
#7866 = ( NAMED_UNIT(*) PLANE_ANGLE_UNIT() SI_UNIT($,.RADIAN.) );
#7867 = ( NAMED_UNIT(*) SI_UNIT($,.STERADIAN.) SOLID_ANGLE_UNIT() );
#7868 = UNCERTAINTY_MEASURE_WITH_UNIT(LENGTH_MEASURE(2.E-06),#7865,
  'distance_accuracy_value','confusion accuracy');
#7869 = CONTEXT_DEPENDENT_SHAPE_REPRESENTATION(#7870,#7872);
#7870 = ( REPRESENTATION_RELATIONSHIP('','',#5350,#10) 
REPRESENTATION_RELATIONSHIP_WITH_TRANSFORMATION(#7871) 
SHAPE_REPRESENTATION_RELATIONSHIP() );
#7871 = ITEM_DEFINED_TRANSFORMATION('','',#11,#23);
#7872 = PRODUCT_DEFINITION_SHAPE('Placement','Placement of an item',
  #7873);
#7873 = NEXT_ASSEMBLY_USAGE_OCCURRENCE('29','','',#5,#5345,$);
#7874 = PRODUCT_RELATED_PRODUCT_CATEGORY('part',$,(#5347));
#7875 = SHAPE_DEFINITION_REPRESENTATION(#7876,#7882);
#7876 = PRODUCT_DEFINITION_SHAPE('','',#7877);
#7877 = PRODUCT_DEFINITION('design','',#7878,#7881);
#7878 = PRODUCT_DEFINITION_FORMATION('','',#7879);
#7879 = PRODUCT('Open CASCADE STEP translator 7.8 4.4',
  'Open CASCADE STEP translator 7.8 4.4','',(#7880));
#7880 = PRODUCT_CONTEXT('',#2,'mechanical');
#7881 = PRODUCT_DEFINITION_CONTEXT('part definition',#2,'design');
#7882 = ADVANCED_BREP_SHAPE_REPRESENTATION('',(#11,#7883),#8405);
#7883 = MANIFOLD_SOLID_BREP('',#7884);
#7884 = CLOSED_SHELL('',(#7885,#8005,#8083,#8160,#8257,#8344,#8351,#8378
    ));
#7885 = ADVANCED_FACE('',(#7886),#7900,.F.);
#7886 = FACE_BOUND('',#7887,.F.);
#7887 = EDGE_LOOP('',(#7888,#7923,#7951,#7979));
#7888 = ORIENTED_EDGE('',*,*,#7889,.T.);
#7889 = EDGE_CURVE('',#7890,#7892,#7894,.T.);
#7890 = VERTEX_POINT('',#7891);
#7891 = CARTESIAN_POINT('',(1.,18.5,10.5));
#7892 = VERTEX_POINT('',#7893);
#7893 = CARTESIAN_POINT('',(1.,18.5,13.5));
#7894 = SURFACE_CURVE('',#7895,(#7899,#7911),.PCURVE_S1.);
#7895 = LINE('',#7896,#7897);
#7896 = CARTESIAN_POINT('',(1.,18.5,10.5));
#7897 = VECTOR('',#7898,1.);
#7898 = DIRECTION('',(0.,0.,1.));
#7899 = PCURVE('',#7900,#7905);
#7900 = PLANE('',#7901);
#7901 = AXIS2_PLACEMENT_3D('',#7902,#7903,#7904);
#7902 = CARTESIAN_POINT('',(1.,18.5,10.5));
#7903 = DIRECTION('',(0.,1.,0.));
#7904 = DIRECTION('',(1.,0.,0.));
#7905 = DEFINITIONAL_REPRESENTATION('',(#7906),#7910);
#7906 = LINE('',#7907,#7908);
#7907 = CARTESIAN_POINT('',(0.,0.));
#7908 = VECTOR('',#7909,1.);
#7909 = DIRECTION('',(0.,-1.));
#7910 = ( GEOMETRIC_REPRESENTATION_CONTEXT(2) 
PARAMETRIC_REPRESENTATION_CONTEXT() REPRESENTATION_CONTEXT('2D SPACE',''
  ) );
#7911 = PCURVE('',#7912,#7917);
#7912 = CYLINDRICAL_SURFACE('',#7913,3.);
#7913 = AXIS2_PLACEMENT_3D('',#7914,#7915,#7916);
#7914 = CARTESIAN_POINT('',(1.,21.5,10.5));
#7915 = DIRECTION('',(-0.,-0.,-1.));
#7916 = DIRECTION('',(1.,0.,0.));
#7917 = DEFINITIONAL_REPRESENTATION('',(#7918),#7922);
#7918 = LINE('',#7919,#7920);
#7919 = CARTESIAN_POINT('',(-4.712388980385,0.));
#7920 = VECTOR('',#7921,1.);
#7921 = DIRECTION('',(-0.,-1.));
#7922 = ( GEOMETRIC_REPRESENTATION_CONTEXT(2) 
PARAMETRIC_REPRESENTATION_CONTEXT() REPRESENTATION_CONTEXT('2D SPACE',''
  ) );
#7923 = ORIENTED_EDGE('',*,*,#7924,.T.);
#7924 = EDGE_CURVE('',#7892,#7925,#7927,.T.);
#7925 = VERTEX_POINT('',#7926);
#7926 = CARTESIAN_POINT('',(48.1,18.5,13.5));
#7927 = SURFACE_CURVE('',#7928,(#7932,#7939),.PCURVE_S1.);
#7928 = LINE('',#7929,#7930);
#7929 = CARTESIAN_POINT('',(1.,18.5,13.5));
#7930 = VECTOR('',#7931,1.);
#7931 = DIRECTION('',(1.,0.,0.));
#7932 = PCURVE('',#7900,#7933);
#7933 = DEFINITIONAL_REPRESENTATION('',(#7934),#7938);
#7934 = LINE('',#7935,#7936);
#7935 = CARTESIAN_POINT('',(0.,-3.));
#7936 = VECTOR('',#7937,1.);
#7937 = DIRECTION('',(1.,0.));
#7938 = ( GEOMETRIC_REPRESENTATION_CONTEXT(2) 
PARAMETRIC_REPRESENTATION_CONTEXT() REPRESENTATION_CONTEXT('2D SPACE',''
  ) );
#7939 = PCURVE('',#7940,#7945);
#7940 = PLANE('',#7941);
#7941 = AXIS2_PLACEMENT_3D('',#7942,#7943,#7944);
#7942 = CARTESIAN_POINT('',(24.55,21.5,13.5));
#7943 = DIRECTION('',(0.,0.,1.));
#7944 = DIRECTION('',(1.,0.,-0.));
#7945 = DEFINITIONAL_REPRESENTATION('',(#7946),#7950);
#7946 = LINE('',#7947,#7948);
#7947 = CARTESIAN_POINT('',(-23.55,-3.));
#7948 = VECTOR('',#7949,1.);
#7949 = DIRECTION('',(1.,0.));
#7950 = ( GEOMETRIC_REPRESENTATION_CONTEXT(2) 
PARAMETRIC_REPRESENTATION_CONTEXT() REPRESENTATION_CONTEXT('2D SPACE',''
  ) );
#7951 = ORIENTED_EDGE('',*,*,#7952,.F.);
#7952 = EDGE_CURVE('',#7953,#7925,#7955,.T.);
#7953 = VERTEX_POINT('',#7954);
#7954 = CARTESIAN_POINT('',(48.1,18.5,10.5));
#7955 = SURFACE_CURVE('',#7956,(#7960,#7967),.PCURVE_S1.);
#7956 = LINE('',#7957,#7958);
#7957 = CARTESIAN_POINT('',(48.1,18.5,10.5));
#7958 = VECTOR('',#7959,1.);
#7959 = DIRECTION('',(0.,0.,1.));
#7960 = PCURVE('',#7900,#7961);
#7961 = DEFINITIONAL_REPRESENTATION('',(#7962),#7966);
#7962 = LINE('',#7963,#7964);
#7963 = CARTESIAN_POINT('',(47.1,0.));
#7964 = VECTOR('',#7965,1.);
#7965 = DIRECTION('',(0.,-1.));
#7966 = ( GEOMETRIC_REPRESENTATION_CONTEXT(2) 
PARAMETRIC_REPRESENTATION_CONTEXT() REPRESENTATION_CONTEXT('2D SPACE',''
  ) );
#7967 = PCURVE('',#7968,#7973);
#7968 = CYLINDRICAL_SURFACE('',#7969,3.);
#7969 = AXIS2_PLACEMENT_3D('',#7970,#7971,#7972);
#7970 = CARTESIAN_POINT('',(48.1,21.5,10.5));
#7971 = DIRECTION('',(-0.,-0.,-1.));
#7972 = DIRECTION('',(1.,0.,0.));
#7973 = DEFINITIONAL_REPRESENTATION('',(#7974),#7978);
#7974 = LINE('',#7975,#7976);
#7975 = CARTESIAN_POINT('',(-4.712388980385,0.));
#7976 = VECTOR('',#7977,1.);
#7977 = DIRECTION('',(-0.,-1.));
#7978 = ( GEOMETRIC_REPRESENTATION_CONTEXT(2) 
PARAMETRIC_REPRESENTATION_CONTEXT() REPRESENTATION_CONTEXT('2D SPACE',''
  ) );
#7979 = ORIENTED_EDGE('',*,*,#7980,.F.);
#7980 = EDGE_CURVE('',#7890,#7953,#7981,.T.);
#7981 = SURFACE_CURVE('',#7982,(#7986,#7993),.PCURVE_S1.);
#7982 = LINE('',#7983,#7984);
#7983 = CARTESIAN_POINT('',(1.,18.5,10.5));
#7984 = VECTOR('',#7985,1.);
#7985 = DIRECTION('',(1.,0.,0.));
#7986 = PCURVE('',#7900,#7987);
#7987 = DEFINITIONAL_REPRESENTATION('',(#7988),#7992);
#7988 = LINE('',#7989,#7990);
#7989 = CARTESIAN_POINT('',(0.,0.));
#7990 = VECTOR('',#7991,1.);
#7991 = DIRECTION('',(1.,0.));
#7992 = ( GEOMETRIC_REPRESENTATION_CONTEXT(2) 
PARAMETRIC_REPRESENTATION_CONTEXT() REPRESENTATION_CONTEXT('2D SPACE',''
  ) );
#7993 = PCURVE('',#7994,#7999);
#7994 = PLANE('',#7995);
#7995 = AXIS2_PLACEMENT_3D('',#7996,#7997,#7998);
#7996 = CARTESIAN_POINT('',(24.55,21.5,10.5));
#7997 = DIRECTION('',(0.,0.,1.));
#7998 = DIRECTION('',(1.,0.,-0.));
#7999 = DEFINITIONAL_REPRESENTATION('',(#8000),#8004);
#8000 = LINE('',#8001,#8002);
#8001 = CARTESIAN_POINT('',(-23.55,-3.));
#8002 = VECTOR('',#8003,1.);
#8003 = DIRECTION('',(1.,0.));
#8004 = ( GEOMETRIC_REPRESENTATION_CONTEXT(2) 
PARAMETRIC_REPRESENTATION_CONTEXT() REPRESENTATION_CONTEXT('2D SPACE',''
  ) );
#8005 = ADVANCED_FACE('',(#8006),#7912,.T.);
#8006 = FACE_BOUND('',#8007,.F.);
#8007 = EDGE_LOOP('',(#8008,#8032,#8060,#8082));
#8008 = ORIENTED_EDGE('',*,*,#8009,.F.);
#8009 = EDGE_CURVE('',#8010,#7890,#8012,.T.);
#8010 = VERTEX_POINT('',#8011);
#8011 = CARTESIAN_POINT('',(1.,24.5,10.5));
#8012 = SURFACE_CURVE('',#8013,(#8018,#8025),.PCURVE_S1.);
#8013 = CIRCLE('',#8014,3.);
#8014 = AXIS2_PLACEMENT_3D('',#8015,#8016,#8017);
#8015 = CARTESIAN_POINT('',(1.,21.5,10.5));
#8016 = DIRECTION('',(0.,0.,1.));
#8017 = DIRECTION('',(1.,0.,0.));
#8018 = PCURVE('',#7912,#8019);
#8019 = DEFINITIONAL_REPRESENTATION('',(#8020),#8024);
#8020 = LINE('',#8021,#8022);
#8021 = CARTESIAN_POINT('',(-0.,0.));
#8022 = VECTOR('',#8023,1.);
#8023 = DIRECTION('',(-1.,0.));
#8024 = ( GEOMETRIC_REPRESENTATION_CONTEXT(2) 
PARAMETRIC_REPRESENTATION_CONTEXT() REPRESENTATION_CONTEXT('2D SPACE',''
  ) );
#8025 = PCURVE('',#7994,#8026);
#8026 = DEFINITIONAL_REPRESENTATION('',(#8027),#8031);
#8027 = CIRCLE('',#8028,3.);
#8028 = AXIS2_PLACEMENT_2D('',#8029,#8030);
#8029 = CARTESIAN_POINT('',(-23.55,0.));
#8030 = DIRECTION('',(1.,0.));
#8031 = ( GEOMETRIC_REPRESENTATION_CONTEXT(2) 
PARAMETRIC_REPRESENTATION_CONTEXT() REPRESENTATION_CONTEXT('2D SPACE',''
  ) );
#8032 = ORIENTED_EDGE('',*,*,#8033,.T.);
#8033 = EDGE_CURVE('',#8010,#8034,#8036,.T.);
#8034 = VERTEX_POINT('',#8035);
#8035 = CARTESIAN_POINT('',(1.,24.5,13.5));
#8036 = SURFACE_CURVE('',#8037,(#8041,#8048),.PCURVE_S1.);
#8037 = LINE('',#8038,#8039);
#8038 = CARTESIAN_POINT('',(1.,24.5,10.5));
#8039 = VECTOR('',#8040,1.);
#8040 = DIRECTION('',(0.,0.,1.));
#8041 = PCURVE('',#7912,#8042);
#8042 = DEFINITIONAL_REPRESENTATION('',(#8043),#8047);
#8043 = LINE('',#8044,#8045);
#8044 = CARTESIAN_POINT('',(-1.570796326795,0.));
#8045 = VECTOR('',#8046,1.);
#8046 = DIRECTION('',(-0.,-1.));
#8047 = ( GEOMETRIC_REPRESENTATION_CONTEXT(2) 
PARAMETRIC_REPRESENTATION_CONTEXT() REPRESENTATION_CONTEXT('2D SPACE',''
  ) );
#8048 = PCURVE('',#8049,#8054);
#8049 = PLANE('',#8050);
#8050 = AXIS2_PLACEMENT_3D('',#8051,#8052,#8053);
#8051 = CARTESIAN_POINT('',(48.1,24.5,10.5));
#8052 = DIRECTION('',(0.,-1.,0.));
#8053 = DIRECTION('',(-1.,0.,0.));
#8054 = DEFINITIONAL_REPRESENTATION('',(#8055),#8059);
#8055 = LINE('',#8056,#8057);
#8056 = CARTESIAN_POINT('',(47.1,0.));
#8057 = VECTOR('',#8058,1.);
#8058 = DIRECTION('',(0.,-1.));
#8059 = ( GEOMETRIC_REPRESENTATION_CONTEXT(2) 
PARAMETRIC_REPRESENTATION_CONTEXT() REPRESENTATION_CONTEXT('2D SPACE',''
  ) );
#8060 = ORIENTED_EDGE('',*,*,#8061,.T.);
#8061 = EDGE_CURVE('',#8034,#7892,#8062,.T.);
#8062 = SURFACE_CURVE('',#8063,(#8068,#8075),.PCURVE_S1.);
#8063 = CIRCLE('',#8064,3.);
#8064 = AXIS2_PLACEMENT_3D('',#8065,#8066,#8067);
#8065 = CARTESIAN_POINT('',(1.,21.5,13.5));
#8066 = DIRECTION('',(0.,0.,1.));
#8067 = DIRECTION('',(1.,0.,0.));
#8068 = PCURVE('',#7912,#8069);
#8069 = DEFINITIONAL_REPRESENTATION('',(#8070),#8074);
#8070 = LINE('',#8071,#8072);
#8071 = CARTESIAN_POINT('',(-0.,-3.));
#8072 = VECTOR('',#8073,1.);
#8073 = DIRECTION('',(-1.,0.));
#8074 = ( GEOMETRIC_REPRESENTATION_CONTEXT(2) 
PARAMETRIC_REPRESENTATION_CONTEXT() REPRESENTATION_CONTEXT('2D SPACE',''
  ) );
#8075 = PCURVE('',#7940,#8076);
#8076 = DEFINITIONAL_REPRESENTATION('',(#8077),#8081);
#8077 = CIRCLE('',#8078,3.);
#8078 = AXIS2_PLACEMENT_2D('',#8079,#8080);
#8079 = CARTESIAN_POINT('',(-23.55,0.));
#8080 = DIRECTION('',(1.,0.));
#8081 = ( GEOMETRIC_REPRESENTATION_CONTEXT(2) 
PARAMETRIC_REPRESENTATION_CONTEXT() REPRESENTATION_CONTEXT('2D SPACE',''
  ) );
#8082 = ORIENTED_EDGE('',*,*,#7889,.F.);
#8083 = ADVANCED_FACE('',(#8084),#7968,.T.);
#8084 = FACE_BOUND('',#8085,.F.);
#8085 = EDGE_LOOP('',(#8086,#8114,#8137,#8159));
#8086 = ORIENTED_EDGE('',*,*,#8087,.F.);
#8087 = EDGE_CURVE('',#8088,#7925,#8090,.T.);
#8088 = VERTEX_POINT('',#8089);
#8089 = CARTESIAN_POINT('',(48.1,24.5,13.5));
#8090 = SURFACE_CURVE('',#8091,(#8096,#8103),.PCURVE_S1.);
#8091 = CIRCLE('',#8092,3.);
#8092 = AXIS2_PLACEMENT_3D('',#8093,#8094,#8095);
#8093 = CARTESIAN_POINT('',(48.1,21.5,13.5));
#8094 = DIRECTION('',(0.,0.,-1.));
#8095 = DIRECTION('',(0.,1.,0.));
#8096 = PCURVE('',#7968,#8097);
#8097 = DEFINITIONAL_REPRESENTATION('',(#8098),#8102);
#8098 = LINE('',#8099,#8100);
#8099 = CARTESIAN_POINT('',(-7.853981633974,-3.));
#8100 = VECTOR('',#8101,1.);
#8101 = DIRECTION('',(1.,-0.));
#8102 = ( GEOMETRIC_REPRESENTATION_CONTEXT(2) 
PARAMETRIC_REPRESENTATION_CONTEXT() REPRESENTATION_CONTEXT('2D SPACE',''
  ) );
#8103 = PCURVE('',#7940,#8104);
#8104 = DEFINITIONAL_REPRESENTATION('',(#8105),#8113);
#8105 = ( BOUNDED_CURVE() B_SPLINE_CURVE(2,(#8106,#8107,#8108,#8109,
#8110,#8111,#8112),.UNSPECIFIED.,.T.,.F.) B_SPLINE_CURVE_WITH_KNOTS((1,2
    ,2,2,2,1),(-2.094395102393,0.,2.094395102393,4.188790204786,
6.28318530718,8.377580409573),.UNSPECIFIED.) CURVE() 
GEOMETRIC_REPRESENTATION_ITEM() RATIONAL_B_SPLINE_CURVE((1.,0.5,1.,0.5,
1.,0.5,1.)) REPRESENTATION_ITEM('') );
#8106 = CARTESIAN_POINT('',(23.55,3.));
#8107 = CARTESIAN_POINT('',(28.746152422707,3.));
#8108 = CARTESIAN_POINT('',(26.148076211353,-1.5));
#8109 = CARTESIAN_POINT('',(23.55,-6.));
#8110 = CARTESIAN_POINT('',(20.951923788647,-1.5));
#8111 = CARTESIAN_POINT('',(18.353847577293,3.));
#8112 = CARTESIAN_POINT('',(23.55,3.));
#8113 = ( GEOMETRIC_REPRESENTATION_CONTEXT(2) 
PARAMETRIC_REPRESENTATION_CONTEXT() REPRESENTATION_CONTEXT('2D SPACE',''
  ) );
#8114 = ORIENTED_EDGE('',*,*,#8115,.F.);
#8115 = EDGE_CURVE('',#8116,#8088,#8118,.T.);
#8116 = VERTEX_POINT('',#8117);
#8117 = CARTESIAN_POINT('',(48.1,24.5,10.5));
#8118 = SURFACE_CURVE('',#8119,(#8123,#8130),.PCURVE_S1.);
#8119 = LINE('',#8120,#8121);
#8120 = CARTESIAN_POINT('',(48.1,24.5,10.5));
#8121 = VECTOR('',#8122,1.);
#8122 = DIRECTION('',(0.,0.,1.));
#8123 = PCURVE('',#7968,#8124);
#8124 = DEFINITIONAL_REPRESENTATION('',(#8125),#8129);
#8125 = LINE('',#8126,#8127);
#8126 = CARTESIAN_POINT('',(-7.853981633974,0.));
#8127 = VECTOR('',#8128,1.);
#8128 = DIRECTION('',(-0.,-1.));
#8129 = ( GEOMETRIC_REPRESENTATION_CONTEXT(2) 
PARAMETRIC_REPRESENTATION_CONTEXT() REPRESENTATION_CONTEXT('2D SPACE',''
  ) );
#8130 = PCURVE('',#8049,#8131);
#8131 = DEFINITIONAL_REPRESENTATION('',(#8132),#8136);
#8132 = LINE('',#8133,#8134);
#8133 = CARTESIAN_POINT('',(0.,-0.));
#8134 = VECTOR('',#8135,1.);
#8135 = DIRECTION('',(0.,-1.));
#8136 = ( GEOMETRIC_REPRESENTATION_CONTEXT(2) 
PARAMETRIC_REPRESENTATION_CONTEXT() REPRESENTATION_CONTEXT('2D SPACE',''
  ) );
#8137 = ORIENTED_EDGE('',*,*,#8138,.F.);
#8138 = EDGE_CURVE('',#7953,#8116,#8139,.T.);
#8139 = SURFACE_CURVE('',#8140,(#8145,#8152),.PCURVE_S1.);
#8140 = CIRCLE('',#8141,3.);
#8141 = AXIS2_PLACEMENT_3D('',#8142,#8143,#8144);
#8142 = CARTESIAN_POINT('',(48.1,21.5,10.5));
#8143 = DIRECTION('',(0.,0.,1.));
#8144 = DIRECTION('',(0.,-1.,0.));
#8145 = PCURVE('',#7968,#8146);
#8146 = DEFINITIONAL_REPRESENTATION('',(#8147),#8151);
#8147 = LINE('',#8148,#8149);
#8148 = CARTESIAN_POINT('',(-4.712388980385,0.));
#8149 = VECTOR('',#8150,1.);
#8150 = DIRECTION('',(-1.,0.));
#8151 = ( GEOMETRIC_REPRESENTATION_CONTEXT(2) 
PARAMETRIC_REPRESENTATION_CONTEXT() REPRESENTATION_CONTEXT('2D SPACE',''
  ) );
#8152 = PCURVE('',#7994,#8153);
#8153 = DEFINITIONAL_REPRESENTATION('',(#8154),#8158);
#8154 = CIRCLE('',#8155,3.);
#8155 = AXIS2_PLACEMENT_2D('',#8156,#8157);
#8156 = CARTESIAN_POINT('',(23.55,0.));
#8157 = DIRECTION('',(0.,-1.));
#8158 = ( GEOMETRIC_REPRESENTATION_CONTEXT(2) 
PARAMETRIC_REPRESENTATION_CONTEXT() REPRESENTATION_CONTEXT('2D SPACE',''
  ) );
#8159 = ORIENTED_EDGE('',*,*,#7952,.T.);
#8160 = ADVANCED_FACE('',(#8161,#8187,#8222),#7994,.F.);
#8161 = FACE_BOUND('',#8162,.F.);
#8162 = EDGE_LOOP('',(#8163,#8164,#8165,#8186));
#8163 = ORIENTED_EDGE('',*,*,#7980,.T.);
#8164 = ORIENTED_EDGE('',*,*,#8138,.T.);
#8165 = ORIENTED_EDGE('',*,*,#8166,.T.);
#8166 = EDGE_CURVE('',#8116,#8010,#8167,.T.);
#8167 = SURFACE_CURVE('',#8168,(#8172,#8179),.PCURVE_S1.);
#8168 = LINE('',#8169,#8170);
#8169 = CARTESIAN_POINT('',(48.1,24.5,10.5));
#8170 = VECTOR('',#8171,1.);
#8171 = DIRECTION('',(-1.,0.,0.));
#8172 = PCURVE('',#7994,#8173);
#8173 = DEFINITIONAL_REPRESENTATION('',(#8174),#8178);
#8174 = LINE('',#8175,#8176);
#8175 = CARTESIAN_POINT('',(23.55,3.));
#8176 = VECTOR('',#8177,1.);
#8177 = DIRECTION('',(-1.,0.));
#8178 = ( GEOMETRIC_REPRESENTATION_CONTEXT(2) 
PARAMETRIC_REPRESENTATION_CONTEXT() REPRESENTATION_CONTEXT('2D SPACE',''
  ) );
#8179 = PCURVE('',#8049,#8180);
#8180 = DEFINITIONAL_REPRESENTATION('',(#8181),#8185);
#8181 = LINE('',#8182,#8183);
#8182 = CARTESIAN_POINT('',(0.,-0.));
#8183 = VECTOR('',#8184,1.);
#8184 = DIRECTION('',(1.,0.));
#8185 = ( GEOMETRIC_REPRESENTATION_CONTEXT(2) 
PARAMETRIC_REPRESENTATION_CONTEXT() REPRESENTATION_CONTEXT('2D SPACE',''
  ) );
#8186 = ORIENTED_EDGE('',*,*,#8009,.T.);
#8187 = FACE_BOUND('',#8188,.F.);
#8188 = EDGE_LOOP('',(#8189));
#8189 = ORIENTED_EDGE('',*,*,#8190,.T.);
#8190 = EDGE_CURVE('',#8191,#8191,#8193,.T.);
#8191 = VERTEX_POINT('',#8192);
#8192 = CARTESIAN_POINT('',(-0.6,21.5,10.5));
#8193 = SURFACE_CURVE('',#8194,(#8199,#8210),.PCURVE_S1.);
#8194 = CIRCLE('',#8195,1.6);
#8195 = AXIS2_PLACEMENT_3D('',#8196,#8197,#8198);
#8196 = CARTESIAN_POINT('',(1.,21.5,10.5));
#8197 = DIRECTION('',(0.,0.,-1.));
#8198 = DIRECTION('',(-1.,0.,0.));
#8199 = PCURVE('',#7994,#8200);
#8200 = DEFINITIONAL_REPRESENTATION('',(#8201),#8209);
#8201 = ( BOUNDED_CURVE() B_SPLINE_CURVE(2,(#8202,#8203,#8204,#8205,
#8206,#8207,#8208),.UNSPECIFIED.,.T.,.F.) B_SPLINE_CURVE_WITH_KNOTS((1,2
    ,2,2,2,1),(-2.094395102393,0.,2.094395102393,4.188790204786,
6.28318530718,8.377580409573),.UNSPECIFIED.) CURVE() 
GEOMETRIC_REPRESENTATION_ITEM() RATIONAL_B_SPLINE_CURVE((1.,0.5,1.,0.5,
1.,0.5,1.)) REPRESENTATION_ITEM('') );
#8202 = CARTESIAN_POINT('',(-25.15,0.));
#8203 = CARTESIAN_POINT('',(-25.15,2.77128129211));
#8204 = CARTESIAN_POINT('',(-22.75,1.385640646055));
#8205 = CARTESIAN_POINT('',(-20.35,3.918869757272E-16));
#8206 = CARTESIAN_POINT('',(-22.75,-1.385640646055));
#8207 = CARTESIAN_POINT('',(-25.15,-2.77128129211));
#8208 = CARTESIAN_POINT('',(-25.15,0.));
#8209 = ( GEOMETRIC_REPRESENTATION_CONTEXT(2) 
PARAMETRIC_REPRESENTATION_CONTEXT() REPRESENTATION_CONTEXT('2D SPACE',''
  ) );
#8210 = PCURVE('',#8211,#8216);
#8211 = CYLINDRICAL_SURFACE('',#8212,1.6);
#8212 = AXIS2_PLACEMENT_3D('',#8213,#8214,#8215);
#8213 = CARTESIAN_POINT('',(1.,21.5,13.5));
#8214 = DIRECTION('',(0.,0.,-1.));
#8215 = DIRECTION('',(-1.,0.,0.));
#8216 = DEFINITIONAL_REPRESENTATION('',(#8217),#8221);
#8217 = LINE('',#8218,#8219);
#8218 = CARTESIAN_POINT('',(0.,3.));
#8219 = VECTOR('',#8220,1.);
#8220 = DIRECTION('',(1.,0.));
#8221 = ( GEOMETRIC_REPRESENTATION_CONTEXT(2) 
PARAMETRIC_REPRESENTATION_CONTEXT() REPRESENTATION_CONTEXT('2D SPACE',''
  ) );
#8222 = FACE_BOUND('',#8223,.F.);
#8223 = EDGE_LOOP('',(#8224));
#8224 = ORIENTED_EDGE('',*,*,#8225,.T.);
#8225 = EDGE_CURVE('',#8226,#8226,#8228,.T.);
#8226 = VERTEX_POINT('',#8227);
#8227 = CARTESIAN_POINT('',(46.5,21.5,10.5));
#8228 = SURFACE_CURVE('',#8229,(#8234,#8245),.PCURVE_S1.);
#8229 = CIRCLE('',#8230,1.6);
#8230 = AXIS2_PLACEMENT_3D('',#8231,#8232,#8233);
#8231 = CARTESIAN_POINT('',(48.1,21.5,10.5));
#8232 = DIRECTION('',(0.,0.,-1.));
#8233 = DIRECTION('',(-1.,0.,0.));
#8234 = PCURVE('',#7994,#8235);
#8235 = DEFINITIONAL_REPRESENTATION('',(#8236),#8244);
#8236 = ( BOUNDED_CURVE() B_SPLINE_CURVE(2,(#8237,#8238,#8239,#8240,
#8241,#8242,#8243),.UNSPECIFIED.,.T.,.F.) B_SPLINE_CURVE_WITH_KNOTS((1,2
    ,2,2,2,1),(-2.094395102393,0.,2.094395102393,4.188790204786,
6.28318530718,8.377580409573),.UNSPECIFIED.) CURVE() 
GEOMETRIC_REPRESENTATION_ITEM() RATIONAL_B_SPLINE_CURVE((1.,0.5,1.,0.5,
1.,0.5,1.)) REPRESENTATION_ITEM('') );
#8237 = CARTESIAN_POINT('',(21.95,0.));
#8238 = CARTESIAN_POINT('',(21.95,2.77128129211));
#8239 = CARTESIAN_POINT('',(24.35,1.385640646055));
#8240 = CARTESIAN_POINT('',(26.75,3.918869757272E-16));
#8241 = CARTESIAN_POINT('',(24.35,-1.385640646055));
#8242 = CARTESIAN_POINT('',(21.95,-2.77128129211));
#8243 = CARTESIAN_POINT('',(21.95,0.));
#8244 = ( GEOMETRIC_REPRESENTATION_CONTEXT(2) 
PARAMETRIC_REPRESENTATION_CONTEXT() REPRESENTATION_CONTEXT('2D SPACE',''
  ) );
#8245 = PCURVE('',#8246,#8251);
#8246 = CYLINDRICAL_SURFACE('',#8247,1.6);
#8247 = AXIS2_PLACEMENT_3D('',#8248,#8249,#8250);
#8248 = CARTESIAN_POINT('',(48.1,21.5,13.5));
#8249 = DIRECTION('',(0.,0.,-1.));
#8250 = DIRECTION('',(-1.,0.,0.));
#8251 = DEFINITIONAL_REPRESENTATION('',(#8252),#8256);
#8252 = LINE('',#8253,#8254);
#8253 = CARTESIAN_POINT('',(0.,3.));
#8254 = VECTOR('',#8255,1.);
#8255 = DIRECTION('',(1.,0.));
#8256 = ( GEOMETRIC_REPRESENTATION_CONTEXT(2) 
PARAMETRIC_REPRESENTATION_CONTEXT() REPRESENTATION_CONTEXT('2D SPACE',''
  ) );
#8257 = ADVANCED_FACE('',(#8258,#8284,#8314),#7940,.T.);
#8258 = FACE_BOUND('',#8259,.T.);
#8259 = EDGE_LOOP('',(#8260,#8261,#8262,#8283));
#8260 = ORIENTED_EDGE('',*,*,#7924,.T.);
#8261 = ORIENTED_EDGE('',*,*,#8087,.F.);
#8262 = ORIENTED_EDGE('',*,*,#8263,.T.);
#8263 = EDGE_CURVE('',#8088,#8034,#8264,.T.);
#8264 = SURFACE_CURVE('',#8265,(#8269,#8276),.PCURVE_S1.);
#8265 = LINE('',#8266,#8267);
#8266 = CARTESIAN_POINT('',(48.1,24.5,13.5));
#8267 = VECTOR('',#8268,1.);
#8268 = DIRECTION('',(-1.,0.,0.));
#8269 = PCURVE('',#7940,#8270);
#8270 = DEFINITIONAL_REPRESENTATION('',(#8271),#8275);
#8271 = LINE('',#8272,#8273);
#8272 = CARTESIAN_POINT('',(23.55,3.));
#8273 = VECTOR('',#8274,1.);
#8274 = DIRECTION('',(-1.,0.));
#8275 = ( GEOMETRIC_REPRESENTATION_CONTEXT(2) 
PARAMETRIC_REPRESENTATION_CONTEXT() REPRESENTATION_CONTEXT('2D SPACE',''
  ) );
#8276 = PCURVE('',#8049,#8277);
#8277 = DEFINITIONAL_REPRESENTATION('',(#8278),#8282);
#8278 = LINE('',#8279,#8280);
#8279 = CARTESIAN_POINT('',(0.,-3.));
#8280 = VECTOR('',#8281,1.);
#8281 = DIRECTION('',(1.,0.));
#8282 = ( GEOMETRIC_REPRESENTATION_CONTEXT(2) 
PARAMETRIC_REPRESENTATION_CONTEXT() REPRESENTATION_CONTEXT('2D SPACE',''
  ) );
#8283 = ORIENTED_EDGE('',*,*,#8061,.T.);
#8284 = FACE_BOUND('',#8285,.T.);
#8285 = EDGE_LOOP('',(#8286));
#8286 = ORIENTED_EDGE('',*,*,#8287,.T.);
#8287 = EDGE_CURVE('',#8288,#8288,#8290,.T.);
#8288 = VERTEX_POINT('',#8289);
#8289 = CARTESIAN_POINT('',(-0.6,21.5,13.5));
#8290 = SURFACE_CURVE('',#8291,(#8296,#8307),.PCURVE_S1.);
#8291 = CIRCLE('',#8292,1.6);
#8292 = AXIS2_PLACEMENT_3D('',#8293,#8294,#8295);
#8293 = CARTESIAN_POINT('',(1.,21.5,13.5));
#8294 = DIRECTION('',(0.,0.,-1.));
#8295 = DIRECTION('',(-1.,0.,0.));
#8296 = PCURVE('',#7940,#8297);
#8297 = DEFINITIONAL_REPRESENTATION('',(#8298),#8306);
#8298 = ( BOUNDED_CURVE() B_SPLINE_CURVE(2,(#8299,#8300,#8301,#8302,
#8303,#8304,#8305),.UNSPECIFIED.,.T.,.F.) B_SPLINE_CURVE_WITH_KNOTS((1,2
    ,2,2,2,1),(-2.094395102393,0.,2.094395102393,4.188790204786,
6.28318530718,8.377580409573),.UNSPECIFIED.) CURVE() 
GEOMETRIC_REPRESENTATION_ITEM() RATIONAL_B_SPLINE_CURVE((1.,0.5,1.,0.5,
1.,0.5,1.)) REPRESENTATION_ITEM('') );
#8299 = CARTESIAN_POINT('',(-25.15,0.));
#8300 = CARTESIAN_POINT('',(-25.15,2.77128129211));
#8301 = CARTESIAN_POINT('',(-22.75,1.385640646055));
#8302 = CARTESIAN_POINT('',(-20.35,3.918869757272E-16));
#8303 = CARTESIAN_POINT('',(-22.75,-1.385640646055));
#8304 = CARTESIAN_POINT('',(-25.15,-2.77128129211));
#8305 = CARTESIAN_POINT('',(-25.15,0.));
#8306 = ( GEOMETRIC_REPRESENTATION_CONTEXT(2) 
PARAMETRIC_REPRESENTATION_CONTEXT() REPRESENTATION_CONTEXT('2D SPACE',''
  ) );
#8307 = PCURVE('',#8211,#8308);
#8308 = DEFINITIONAL_REPRESENTATION('',(#8309),#8313);
#8309 = LINE('',#8310,#8311);
#8310 = CARTESIAN_POINT('',(0.,0.));
#8311 = VECTOR('',#8312,1.);
#8312 = DIRECTION('',(1.,0.));
#8313 = ( GEOMETRIC_REPRESENTATION_CONTEXT(2) 
PARAMETRIC_REPRESENTATION_CONTEXT() REPRESENTATION_CONTEXT('2D SPACE',''
  ) );
#8314 = FACE_BOUND('',#8315,.T.);
#8315 = EDGE_LOOP('',(#8316));
#8316 = ORIENTED_EDGE('',*,*,#8317,.T.);
#8317 = EDGE_CURVE('',#8318,#8318,#8320,.T.);
#8318 = VERTEX_POINT('',#8319);
#8319 = CARTESIAN_POINT('',(46.5,21.5,13.5));
#8320 = SURFACE_CURVE('',#8321,(#8326,#8337),.PCURVE_S1.);
#8321 = CIRCLE('',#8322,1.6);
#8322 = AXIS2_PLACEMENT_3D('',#8323,#8324,#8325);
#8323 = CARTESIAN_POINT('',(48.1,21.5,13.5));
#8324 = DIRECTION('',(0.,0.,-1.));
#8325 = DIRECTION('',(-1.,0.,0.));
#8326 = PCURVE('',#7940,#8327);
#8327 = DEFINITIONAL_REPRESENTATION('',(#8328),#8336);
#8328 = ( BOUNDED_CURVE() B_SPLINE_CURVE(2,(#8329,#8330,#8331,#8332,
#8333,#8334,#8335),.UNSPECIFIED.,.T.,.F.) B_SPLINE_CURVE_WITH_KNOTS((1,2
    ,2,2,2,1),(-2.094395102393,0.,2.094395102393,4.188790204786,
6.28318530718,8.377580409573),.UNSPECIFIED.) CURVE() 
GEOMETRIC_REPRESENTATION_ITEM() RATIONAL_B_SPLINE_CURVE((1.,0.5,1.,0.5,
1.,0.5,1.)) REPRESENTATION_ITEM('') );
#8329 = CARTESIAN_POINT('',(21.95,0.));
#8330 = CARTESIAN_POINT('',(21.95,2.77128129211));
#8331 = CARTESIAN_POINT('',(24.35,1.385640646055));
#8332 = CARTESIAN_POINT('',(26.75,3.918869757272E-16));
#8333 = CARTESIAN_POINT('',(24.35,-1.385640646055));
#8334 = CARTESIAN_POINT('',(21.95,-2.77128129211));
#8335 = CARTESIAN_POINT('',(21.95,0.));
#8336 = ( GEOMETRIC_REPRESENTATION_CONTEXT(2) 
PARAMETRIC_REPRESENTATION_CONTEXT() REPRESENTATION_CONTEXT('2D SPACE',''
  ) );
#8337 = PCURVE('',#8246,#8338);
#8338 = DEFINITIONAL_REPRESENTATION('',(#8339),#8343);
#8339 = LINE('',#8340,#8341);
#8340 = CARTESIAN_POINT('',(0.,0.));
#8341 = VECTOR('',#8342,1.);
#8342 = DIRECTION('',(1.,0.));
#8343 = ( GEOMETRIC_REPRESENTATION_CONTEXT(2) 
PARAMETRIC_REPRESENTATION_CONTEXT() REPRESENTATION_CONTEXT('2D SPACE',''
  ) );
#8344 = ADVANCED_FACE('',(#8345),#8049,.F.);
#8345 = FACE_BOUND('',#8346,.F.);
#8346 = EDGE_LOOP('',(#8347,#8348,#8349,#8350));
#8347 = ORIENTED_EDGE('',*,*,#8115,.T.);
#8348 = ORIENTED_EDGE('',*,*,#8263,.T.);
#8349 = ORIENTED_EDGE('',*,*,#8033,.F.);
#8350 = ORIENTED_EDGE('',*,*,#8166,.F.);
#8351 = ADVANCED_FACE('',(#8352),#8211,.F.);
#8352 = FACE_BOUND('',#8353,.F.);
#8353 = EDGE_LOOP('',(#8354,#8355,#8376,#8377));
#8354 = ORIENTED_EDGE('',*,*,#8190,.F.);
#8355 = ORIENTED_EDGE('',*,*,#8356,.F.);
#8356 = EDGE_CURVE('',#8288,#8191,#8357,.T.);
#8357 = SEAM_CURVE('',#8358,(#8362,#8369),.PCURVE_S1.);
#8358 = LINE('',#8359,#8360);
#8359 = CARTESIAN_POINT('',(-0.6,21.5,13.5));
#8360 = VECTOR('',#8361,1.);
#8361 = DIRECTION('',(0.,0.,-1.));
#8362 = PCURVE('',#8211,#8363);
#8363 = DEFINITIONAL_REPRESENTATION('',(#8364),#8368);
#8364 = LINE('',#8365,#8366);
#8365 = CARTESIAN_POINT('',(6.28318530718,-0.));
#8366 = VECTOR('',#8367,1.);
#8367 = DIRECTION('',(0.,1.));
#8368 = ( GEOMETRIC_REPRESENTATION_CONTEXT(2) 
PARAMETRIC_REPRESENTATION_CONTEXT() REPRESENTATION_CONTEXT('2D SPACE',''
  ) );
#8369 = PCURVE('',#8211,#8370);
#8370 = DEFINITIONAL_REPRESENTATION('',(#8371),#8375);
#8371 = LINE('',#8372,#8373);
#8372 = CARTESIAN_POINT('',(0.,-0.));
#8373 = VECTOR('',#8374,1.);
#8374 = DIRECTION('',(0.,1.));
#8375 = ( GEOMETRIC_REPRESENTATION_CONTEXT(2) 
PARAMETRIC_REPRESENTATION_CONTEXT() REPRESENTATION_CONTEXT('2D SPACE',''
  ) );
#8376 = ORIENTED_EDGE('',*,*,#8287,.T.);
#8377 = ORIENTED_EDGE('',*,*,#8356,.T.);
#8378 = ADVANCED_FACE('',(#8379),#8246,.F.);
#8379 = FACE_BOUND('',#8380,.F.);
#8380 = EDGE_LOOP('',(#8381,#8382,#8403,#8404));
#8381 = ORIENTED_EDGE('',*,*,#8225,.F.);
#8382 = ORIENTED_EDGE('',*,*,#8383,.F.);
#8383 = EDGE_CURVE('',#8318,#8226,#8384,.T.);
#8384 = SEAM_CURVE('',#8385,(#8389,#8396),.PCURVE_S1.);
#8385 = LINE('',#8386,#8387);
#8386 = CARTESIAN_POINT('',(46.5,21.5,13.5));
#8387 = VECTOR('',#8388,1.);
#8388 = DIRECTION('',(0.,0.,-1.));
#8389 = PCURVE('',#8246,#8390);
#8390 = DEFINITIONAL_REPRESENTATION('',(#8391),#8395);
#8391 = LINE('',#8392,#8393);
#8392 = CARTESIAN_POINT('',(6.28318530718,-0.));
#8393 = VECTOR('',#8394,1.);
#8394 = DIRECTION('',(0.,1.));
#8395 = ( GEOMETRIC_REPRESENTATION_CONTEXT(2) 
PARAMETRIC_REPRESENTATION_CONTEXT() REPRESENTATION_CONTEXT('2D SPACE',''
  ) );
#8396 = PCURVE('',#8246,#8397);
#8397 = DEFINITIONAL_REPRESENTATION('',(#8398),#8402);
#8398 = LINE('',#8399,#8400);
#8399 = CARTESIAN_POINT('',(0.,-0.));
#8400 = VECTOR('',#8401,1.);
#8401 = DIRECTION('',(0.,1.));
#8402 = ( GEOMETRIC_REPRESENTATION_CONTEXT(2) 
PARAMETRIC_REPRESENTATION_CONTEXT() REPRESENTATION_CONTEXT('2D SPACE',''
  ) );
#8403 = ORIENTED_EDGE('',*,*,#8317,.T.);
#8404 = ORIENTED_EDGE('',*,*,#8383,.T.);
#8405 = ( GEOMETRIC_REPRESENTATION_CONTEXT(3) 
GLOBAL_UNCERTAINTY_ASSIGNED_CONTEXT((#8409)) 
GLOBAL_UNIT_ASSIGNED_CONTEXT((#8406,#8407,#8408)) REPRESENTATION_CONTEXT
('Context #1','3D Context with UNIT and UNCERTAINTY') );
#8406 = ( LENGTH_UNIT() NAMED_UNIT(*) SI_UNIT(.MILLI.,.METRE.) );
#8407 = ( NAMED_UNIT(*) PLANE_ANGLE_UNIT() SI_UNIT($,.RADIAN.) );
#8408 = ( NAMED_UNIT(*) SI_UNIT($,.STERADIAN.) SOLID_ANGLE_UNIT() );
#8409 = UNCERTAINTY_MEASURE_WITH_UNIT(LENGTH_MEASURE(1.E-07),#8406,
  'distance_accuracy_value','confusion accuracy');
#8410 = CONTEXT_DEPENDENT_SHAPE_REPRESENTATION(#8411,#8413);
#8411 = ( REPRESENTATION_RELATIONSHIP('','',#7882,#10) 
REPRESENTATION_RELATIONSHIP_WITH_TRANSFORMATION(#8412) 
SHAPE_REPRESENTATION_RELATIONSHIP() );
#8412 = ITEM_DEFINED_TRANSFORMATION('','',#11,#27);
#8413 = PRODUCT_DEFINITION_SHAPE('Placement','Placement of an item',
  #8414);
#8414 = NEXT_ASSEMBLY_USAGE_OCCURRENCE('30','','',#5,#7877,$);
#8415 = PRODUCT_RELATED_PRODUCT_CATEGORY('part',$,(#7879));
ENDSEC;
END-ISO-10303-21;
