-3.370649,-15.051265,0.013561,0.013561,0.012903,0.850615,1.383554,3.252618,0.641516,0.014547,0.015205,0.012903,-0.000576,0.368964,0.001067,0.445239,0.621461,1.799121,0.049384,-0.002162,2.200481,2.118651,2.552286,1.061627,0.004603,2.201448,3.541334,0.010402,2.332569,2.871552,2.202414,1.622194,0.990106,0.006858
-4.11558,-14.223041,0.013232,0.011588,0.015205,0.770394,1.319772,3.251303,0.591214,0.01389,0.01389,0.011917,0.000739,0.295647,-0.000248,0.40217,0.532363,1.637694,0.000093,-0.00474,2.15119,2.145069,2.529412,1.060016,0.004281,2.166976,3.54069,0.014913,2.33128,2.835791,2.129927,1.816138,0.991395,0.004281
-5.785367,-15.439133,0.011917,0.012903,0.012574,0.740805,1.278018,3.24407,0.384087,0.011259,0.012246,0.011917,-0.000248,0.204906,0.001067,0.256852,0.445896,1.537419,0.047129,-0.000874,2.168909,2.159244,2.642492,1.10222,0.003315,2.116074,3.531347,0.014913,2.351255,2.875418,2.205314,1.956924,1.064204,0.00267
-4.878049,-13.930263,0.011259,0.013232,0.010931,0.639214,1.226072,3.241769,0.173015,0.009944,0.012246,0.011588,-0.000576,-0.000576,-0.000576,0.114823,0.404142,1.515062,-0.000229,-0.005062,2.191783,2.14829,2.61833,1.117362,0.00557,2.089334,3.510406,0.01298,2.444038,2.83998,2.190816,1.962079,1.014913,0.003637
-7.195268,-13.419761,0.012574,0.010931,0.010602,0.46628,1.052152,3.194426,0.067151,0.010602,0.011259,0.010602,0.000739,0.000081,0.00041,-0.000248,0.263428,1.329964,0.000415,-0.005384,2.091912,2.027478,2.480443,1.070003,0.004603,2.013625,3.419878,0.013624,2.49784,2.791655,2.156022,1.864785,0.967555,0.004281
-3.432351,-7.385272,0.008629,0.010602,0.010602,0.31636,1.091605,3.228618,0.010931,0.005341,0.010273,0.009615,-0.000576,0.009287,0.006657,0.010273,0.007314,1.247114,0.000093,-0.005706,2.235597,2.024257,2.740108,1.141202,0.004281,1.857375,3.459504,0.01459,2.604799,2.850933,2.214012,1.769424,0.992361,0.003959
6.832173,-1.019649,0.009944,0.009615,0.008958,0.238112,0.819381,3.200672,0.009944,0.010273,0.067151,0.009615,0.000081,-0.000248,0.000081,-0.000905,-0.000248,0.850944,0.000415,-0.005062,2.149257,1.828058,2.724644,0.947903,0.004281,1.295841,3.494942,0.013624,2.410211,2.78199,2.10512,2.128638,1.19146,0.004281
19.360137,4.726484,0.009287,0.009287,0.007314,0.05663,0.665516,3.096123,0.008958,0.007643,0.054986,0.008629,0.00041,0.346936,0.001396,0.000739,0.000081,0.807874,0.000737,-0.004417,2.126705,1.411821,2.638948,0.703379,0.002992,0.803573,3.516205,0.013624,2.102221,2.494618,1.849965,2.047131,1.225931,0.004281
20.139972,5.962137,0.007314,0.007643,0.0083,0.007972,0.527761,3.036287,0.008629,0.007972,0.007972,0.007972,-0.000576,1.075166,-0.000248,0.00041,0.000739,0.774011,-0.000229,-0.005384,2.024257,1.076124,2.521036,0.184371,0.000737,0.693714,3.525226,0.01459,1.973355,1.877994,1.20789,1.931473,0.992684,0.004925
21.124307,6.230055,0.0083,0.007972,0.007972,0.0083,0.641845,3.056342,0.008629,0.0083,0.008629,0.010602,0.000081,1.253031,0.00567,0.000081,-0.000248,0.739819,0.000737,-0.005384,1.958213,1.235274,2.457891,0.039719,0.000415,0.928573,3.468203,0.013946,1.885726,1.739785,0.941137,1.351576,0.798096,0.002348
21.004875,6.087278,0.009615,0.008629,0.008629,0.078986,0.771381,3.05963,0.008629,0.007643,0.0083,0.008629,0.001067,1.198784,0.000739,0.001725,0.000081,0.755271,0.000093,-0.005062,1.933406,1.276511,2.383793,0.051639,0.000415,0.958534,3.480767,0.015879,1.845133,1.624127,0.905055,1.346421,0.767168,0.00267
21.329967,6.226836,0.004684,0.008958,0.009287,0.191427,0.839765,3.105,0.010273,0.009615,0.053671,0.007643,-0.001234,1.049193,0.00041,0.000739,0.001396,0.717791,0.000737,-0.005706,1.914076,1.360274,2.36253,0.051639,-0.000229,1.035209,3.49752,0.013624,1.829025,1.55164,0.839011,1.414398,0.707245,0.002992
20.88021,5.848253,0.010273,0.010273,0.008629,0.382115,0.979165,3.106973,0.011917,0.011259,0.090494,0.005341,0.004026,0.967,-0.000576,-0.000576,0.00041,0.729955,-0.000229,-0.004417,1.914398,1.400223,2.291654,0.138946,-0.000551,1.222065,3.515561,0.014268,1.78972,1.500094,0.799385,1.436949,0.608341,0.002026
21.729142,5.734006,0.010931,0.014876,0.011259,0.419923,1.074508,3.124726,0.010931,0.010273,0.16118,0.010931,0.001067,0.986069,-0.00222,-0.000248,0.000081,0.78486,0.000093,-0.005384,1.957891,1.540042,2.326448,0.225608,0.001059,1.13798,3.529736,0.013946,1.72722,1.426962,0.764591,1.45048,0.619616,-0.000229
21.43915,7.061818,0.011259,0.011588,0.011917,0.523158,1.29084,3.162206,0.011588,0.010931,0.202934,0.010273,-0.000576,0.940041,0.001067,0.000739,0.00041,0.761846,0.000415,-0.007317,1.94436,1.705313,2.468201,0.302284,0.001704,1.614463,3.543589,0.013946,1.74655,1.411498,0.750738,1.431473,0.692426,0.002992
21.889722,7.924853,0.012246,0.011917,0.012903,0.715489,1.354622,3.201659,0.013561,0.012246,0.227263,0.011917,-0.000576,0.807217,0.006985,-0.00222,-0.000248,0.801299,-0.000229,-0.005062,1.907955,1.886692,2.397969,0.302928,0.000737,1.715622,3.535535,0.013624,1.665365,1.383792,0.752348,1.367684,0.595132,0.000415
20.83646,8.400484,0.012903,0.012574,0.010931,0.825957,1.413801,3.22533,0.01389,0.01389,0.263099,0.013561,0.00041,0.738175,0.00041,0.000081,-0.000248,0.831875,0.000737,-0.005062,1.944682,1.884759,2.460791,0.335467,0.002026,1.800352,3.553254,0.013946,1.692427,1.421486,0.772001,1.46079,0.619294,0.00267
19.998062,9.530706,0.013232,0.013232,0.013232,0.693133,1.429582,3.249988,0.012246,0.009944,0.232523,0.012246,0.00041,0.779271,0.000081,-0.001234,-0.000248,0.852587,0.000415,-0.00474,1.948548,2.062917,2.464335,0.390879,0.001382,1.947904,3.568396,0.014913,1.614785,1.394101,0.78231,1.428895,0.660854,0.001059
18.999571,10.310769,0.011588,0.011917,0.011917,0.64842,1.477582,3.235851,0.012574,0.011917,0.253565,0.012574,0.000081,0.663872,0.00041,-0.000248,0.000081,0.829902,-0.000874,-0.004417,1.912788,2.083213,2.342234,0.414075,0.002026,1.976254,3.573229,0.013946,1.672452,1.363818,0.792297,1.385725,0.576446,0.002026
19.419818,9.816579,0.012246,0.010931,0.011259,0.49587,1.479226,3.226645,0.012903,0.012574,0.221345,0.011588,-0.000905,0.604365,0.000081,-0.000905,-0.008467,0.834834,0.000415,-0.005062,1.940816,2.097388,2.348033,0.413431,0.001382,1.956602,3.566141,0.014913,1.635081,1.355442,0.785209,1.348354,0.583534,0.00267
19.947734,11.043874,0.012246,0.011917,0.011917,0.408088,1.495665,3.223358,0.011917,0.012246,0.242058,0.012246,0.001067,0.611598,0.002711,0.000739,-0.000248,0.830231,-0.000229,-0.004417,1.95338,2.184695,2.357376,0.411176,0.002026,1.858986,3.587726,0.01459,1.706924,1.343844,0.78682,1.330313,0.70048,0.000737
19.632726,13.111493,0.014876,0.010931,0.012574,0.486007,1.569638,3.240454,0.012903,0.011917,0.272305,0.011588,0.000081,0.606008,0.000739,0.205235,0.09148,0.784532,0.000415,-0.00474,1.966267,2.281023,2.358987,0.424062,0.001704,1.791976,3.613177,0.015235,1.686305,1.34771,0.819359,1.3403,0.818392,0.004281
19.884064,14.839135,0.012574,0.010273,0.013561,0.496527,1.708709,3.301605,0.014218,0.012903,0.275592,0.012574,-0.001234,0.626721,-0.000576,0.311429,0.245674,0.8733,0.000415,-0.004417,1.996551,2.337079,2.327737,0.432438,0.001382,1.789076,3.608022,0.014913,1.647968,1.288431,0.877671,1.274256,0.799062,0.003315
19.658314,16.364984,0.013561,0.012574,0.013232,0.527432,1.75112,3.384126,0.15559,0.013561,0.389348,0.013561,0.00041,0.699708,-0.000576,0.406444,0.438663,1.168537,0.066781,0.000737,2.060339,2.391203,2.328381,0.460145,0.001704,1.907955,3.630252,0.014913,1.645713,1.446292,0.949514,1.261369,0.968843,0.003637
18.912471,19.262506,0.014876,0.014876,0.014218,0.631981,1.731394,3.393332,0.537624,0.015205,0.395265,0.014547,0.00041,0.701681,0.003698,0.498171,0.528747,1.28558,0.127348,0.004925,2.109308,2.467234,2.284566,0.447902,0.002026,2.089012,3.648615,0.01459,1.672774,1.54423,1.026833,1.250416,0.960145,0.002026
18.675807,20.819125,0.015205,0.014547,0.015205,0.638228,1.756381,3.407798,0.498829,0.015205,0.341018,0.015205,0.001067,0.614228,0.004684,0.505075,0.542227,1.276374,0.226897,0.015235,2.169231,2.485275,2.242685,0.454346,0.002026,2.101254,3.673744,0.01459,1.69146,1.545197,1.050673,1.187271,0.976898,0.003959
18.388306,21.795912,0.014876,0.015205,0.066164,0.637242,1.840875,3.398264,0.319319,0.014218,0.32721,0.014218,-0.000248,0.659269,0.036904,0.532692,0.568857,1.282621,0.429861,0.032632,2.216912,2.482698,2.268458,0.546163,0.002992,2.086435,3.713693,0.014913,1.724321,1.577091,1.095777,1.262014,1.015235,0.004281
18.287772,21.777065,0.013561,0.01389,0.054657,0.63757,1.864218,3.456456,0.361731,0.014547,0.343977,0.017506,0.000081,0.664859,0.116467,0.624748,0.659269,1.433527,0.523289,0.040686,2.231731,2.486564,2.254605,0.709178,0.003315,2.05454,3.711115,0.023289,1.736885,1.590622,1.085145,1.340944,1.033276,0.003315
18.070689,21.652488,0.021123,0.01389,0.022109,0.625406,1.966137,3.480785,0.625406,0.015862,0.322936,0.015533,0.11285,0.677352,0.235811,0.677352,0.72338,1.55846,0.679539,0.053895,2.254605,2.476899,2.220133,0.74075,0.002992,2.172775,3.729801,0.016523,1.833535,1.692104,1.151511,1.517491,1.015557,0.003637
17.896825,22.035794,0.018164,0.017177,0.020136,0.649735,2.263017,3.520566,0.947602,0.016848,0.379813,0.018164,0.486993,0.794066,0.574446,0.887766,0.85982,1.70049,0.791975,0.062593,2.284244,2.498162,2.356409,0.785531,0.00267,2.178574,3.761051,0.015879,1.844811,1.73012,1.22722,1.679862,1.116395,0.003959
17.292805,23.196382,0.018821,0.018492,0.227592,0.727983,2.404389,3.5518,1.053138,0.020794,0.445568,0.017835,0.613899,0.98311,0.839436,1.179715,1.104098,1.793532,0.913109,0.073869,2.33128,2.510727,2.394747,0.765235,0.00267,2.182762,3.784891,0.015235,1.875739,1.764592,1.327091,1.764592,1.1499,0.30615
16.314704,24.424914,0.019479,0.018821,0.395594,0.730942,2.567459,3.601444,1.191551,0.078329,0.40743,0.018821,1.068919,0.992315,0.927547,1.375663,1.239552,1.910574,0.991717,0.080634,2.354154,2.526835,2.429219,0.788431,0.00267,2.308729,3.823229,0.015557,1.851576,1.800996,1.348354,1.781344,1.110596,0.302284
15.31965,23.965851,0.011588,0.016848,0.358114,0.72338,2.549706,3.590595,1.169852,0.063863,0.406444,0.019807,1.053796,0.975877,0.904533,1.35232,1.198455,1.905643,1.068392,0.088688,2.375095,2.546487,2.456281,0.884436,0.004281,2.29842,3.829995,0.015557,1.900867,1.852543,1.4028,1.816782,1.238496,0.409243
14.364503,23.58348,0.020136,0.01915,0.236797,0.670776,2.544117,3.575142,1.16788,0.064849,0.438006,0.020136,1.045248,0.954835,0.904862,1.340813,1.185962,1.907616,1.125738,0.091588,2.380894,2.565817,2.51266,0.938882,0.004281,2.234631,3.809054,0.009758,1.927285,1.888947,1.396357,1.957569,1.352542,0.400222
13.800619,23.060967,0.021451,0.019479,0.272962,0.690174,2.729872,3.593225,1.200757,0.114165,0.419923,0.020465,1.2241,0.964699,0.967658,1.391773,1.270128,1.963178,1.2153,0.098998,2.363497,2.570005,2.536822,0.965944,0.003959,2.219489,3.822585,0.015557,1.960468,1.874772,1.474643,2.005571,1.579024,0.707245
15.195301,22.723358,0.020136,0.020136,0.245345,0.687215,2.773599,3.621828,1.308594,0.137179,0.473842,0.020136,1.298731,0.981137,1.115934,1.446678,1.345416,2.023014,1.276189,0.105763,2.416332,2.571938,2.545198,1.136047,0.004925,2.215945,3.831605,0.016523,1.98463,1.817104,1.58579,2.129283,1.639914,0.800029
15.558166,22.866185,0.027698,0.021451,0.418608,0.779929,2.938313,3.641883,1.504213,0.553076,0.497185,0.02178,1.526241,1.037028,1.466075,1.46476,1.4595,2.167345,1.257826,0.102219,2.407311,2.538433,2.534889,1.143135,0.069036,1.934695,3.854157,0.016201,1.933084,1.846422,1.620906,2.26137,1.851254,0.8999
16.328916,21.89709,0.026383,0.310771,0.898944,0.905848,3.055684,3.680349,1.73238,0.827601,0.637242,0.026712,1.606461,1.279004,1.687339,1.490076,1.751778,2.215017,1.288109,0.10673,2.406345,2.636049,2.637982,1.221421,0.21691,1.958213,3.888307,0.017168,1.950481,1.853831,1.637336,2.281023,2.046808,1.039398
16.404216,23.217388,0.105617,0.476143,1.378293,1.105413,3.177987,3.708295,1.929972,0.984754,0.753298,0.029999,2.061809,1.59331,1.936219,1.625858,1.836601,2.190688,1.317426,0.107052,2.428252,2.755894,2.571938,1.336112,0.171485,2.234631,3.909247,0.015879,2.049708,1.908277,1.749772,2.407634,2.056473,1.349965
15.51345,24.07305,0.270661,0.629022,1.592981,1.351005,3.23059,3.732952,2.183455,1.08207,0.767764,0.03263,2.269264,1.797148,2.228168,1.877697,1.978301,2.315292,1.308083,0.106407,2.402479,2.757183,2.586435,1.377349,0.390557,2.192749,3.937276,0.015557,2.12735,1.998806,1.766202,2.402479,2.114463,1.4653
14.081233,24.263287,0.395594,0.663872,1.705092,1.41413,3.268728,3.764514,2.24099,1.166893,0.795381,0.032958,2.344553,1.966794,2.284059,1.966794,2.128879,2.309703,1.367362,0.111884,2.420842,2.776513,2.591912,1.487852,0.50557,2.220455,3.93792,0.016523,2.152801,2.044553,1.773612,2.384116,2.239463,1.572581
13.598979,25.473793,0.520528,0.781901,1.811943,1.451609,3.282865,3.797391,2.286689,1.200428,0.791765,0.115809,2.450417,2.028275,2.304442,2.084823,2.208441,2.421485,1.389269,0.113495,2.419554,2.774902,2.600289,1.619617,0.569036,2.270391,3.966593,0.016201,2.142169,2.12445,1.760081,2.380572,2.332569,1.704024
13.230585,26.454778,0.630666,0.895656,1.964493,1.542679,3.331852,3.825666,2.424773,1.360869,0.855218,0.39132,2.585213,2.20614,2.405375,2.155509,2.332388,2.452718,1.406988,0.114462,2.437917,2.782312,2.557441,1.737207,0.778444,2.298097,3.985279,0.016201,2.166654,2.268136,1.833213,2.406989,2.414721,1.899257
13.718747,26.626667,0.848971,0.966671,2.038138,1.589365,3.366702,3.869392,2.464883,1.432212,0.87593,0.675051,2.739078,2.299511,2.417211,2.206469,2.372169,2.49513,1.45338,0.117039,2.403768,2.763949,2.510404,1.767169,1.425674,2.225288,3.983346,0.015235,2.279734,2.314528,2.004283,2.445327,2.388626,1.937594
14.018322,26.535461,1.159003,1.204044,2.211729,1.7646,3.43147,3.908187,2.518472,1.59331,0.998891,1.022891,2.922861,2.333703,2.45502,2.333046,2.467184,2.549048,1.505248,0.122194,2.456925,2.791977,2.505572,1.80905,1.86994,2.311306,4.046812,0.017812,2.375095,2.409244,2.148935,2.438884,2.448871,2.129605
13.880586,24.977372,1.191551,1.350677,2.27288,1.868163,3.474538,3.933174,2.616775,1.793532,1.142564,1.274073,3.021492,2.627296,2.576336,2.422143,2.507623,2.636173,1.575481,0.126704,2.433085,2.762016,2.499451,1.80454,1.938883,2.309051,4.054544,0.016523,2.395069,2.438884,2.139914,2.452092,2.508794,2.183406
13.876116,25.52476,1.28558,1.553857,2.362306,2.000987,3.513005,3.942051,2.738749,1.83956,1.22936,1.323389,3.049766,2.724612,2.769325,2.496774,2.592117,2.685159,1.611241,0.131536,2.473033,2.800998,2.464013,1.828702,1.94146,2.362208,4.073874,0.015879,2.469489,2.460791,2.215945,2.453381,2.562917,2.185339
14.641803,25.563803,1.332594,1.650845,2.416225,2.141043,3.548841,3.962106,2.885381,2.159454,1.292484,1.538734,3.206919,2.846586,2.869271,2.625981,2.668392,2.82423,1.656022,0.132181,2.473355,2.88766,2.456603,2.047453,2.38025,2.356409,4.098681,0.017812,2.642814,2.544232,2.291332,2.507183,2.633794,2.326448
14.621847,26.018605,1.331937,1.813587,2.515185,2.314634,3.609006,3.991366,2.991903,2.219291,1.355279,1.582789,3.270043,2.900504,2.934697,2.690749,2.760119,2.823901,1.793909,0.483018,2.505894,2.980766,2.420198,2.14378,2.598678,2.365752,4.096748,0.016523,2.750418,2.673098,2.357698,2.533922,2.631216,2.358987
14.600135,26.506618,1.47298,1.990795,2.548062,2.356717,3.611636,4.00912,3.075082,2.397485,1.373691,1.971397,3.341386,2.921546,2.971519,2.744667,2.780832,2.910696,1.871228,0.696614,2.541332,3.041977,2.438561,2.219489,2.650869,2.47561,4.09997,0.016523,2.845779,2.77748,2.439528,2.540366,2.699838,2.482698
14.742631,29.128788,1.652489,2.061481,2.672337,2.418855,3.607691,4.020298,3.184563,2.470801,1.723175,2.162413,3.453497,3.061273,3.00341,2.778859,2.847572,3.010643,1.899257,1.166653,2.556796,3.102867,2.418265,2.225932,2.7865,2.50235,4.103191,0.015235,2.870263,2.855766,2.489786,2.605765,2.81034,2.547453
14.456555,30.284939,1.710353,2.079234,2.749599,2.536884,3.681007,4.034764,3.21744,2.613816,1.852053,2.285045,3.521881,3.097767,3.076397,2.825216,2.921875,3.090205,1.887659,1.55905,2.530056,3.158279,2.28811,2.10802,2.873485,2.486886,4.09707,0.01749,2.900225,2.905057,2.550031,2.537788,2.863498,2.637982
12.942901,31.923449,1.797148,2.047343,2.77064,2.590802,3.716514,4.066326,3.287797,2.81601,1.89578,2.399129,3.534046,3.152672,3.189165,2.93634,2.928121,3.196727,1.868007,1.48463,2.495585,3.088047,2.302608,2.04262,2.997519,2.445005,4.099647,0.01749,2.944683,2.906024,2.509438,2.648936,2.870585,2.700804
12.065563,32.609114,1.84219,2.076275,2.801873,2.626967,3.699747,4.080463,3.322646,2.8696,2.003946,2.499404,3.576457,3.207905,3.214152,2.986971,2.959026,3.218097,1.895068,1.363496,2.484309,3.112532,2.336113,2.078058,3.079993,2.598356,4.10158,0.01749,2.916011,2.90248,2.545843,2.704992,2.859632,2.816139
11.053557,33.250784,1.892821,2.124276,2.765051,2.709488,3.727363,4.091313,3.373606,2.884395,2.081207,2.496445,3.625444,3.273988,3.260837,3.036616,3.007684,3.224673,1.877672,1.24204,2.466268,3.099967,2.284566,2.135082,3.170844,2.657312,4.094171,0.017168,2.911178,2.948872,2.599,2.749773,2.917944,2.898936
9.539003,32.649986,1.960876,2.191674,2.80549,2.76538,3.709281,4.097888,3.393661,2.979081,2.221263,2.558583,3.643855,3.278591,3.28681,3.061602,3.005054,3.200672,1.928574,1.49204,2.617685,3.110277,2.389592,2.279734,3.416334,2.610598,4.09707,0.016201,2.926642,2.961114,2.616075,2.709825,2.94114,2.949194
8.361681,31.701927,2.253483,2.317265,2.879792,2.920559,3.737884,4.142601,3.437716,3.092178,2.2811,2.665762,3.731309,3.368674,3.355852,3.086589,3.088561,3.300947,2.110597,1.676318,2.707892,3.140882,2.446293,2.460791,3.507185,2.838047,4.089982,0.022322,2.946616,3.047776,2.69275,2.70757,2.981732,2.954026
6.554625,31.772793,2.667406,2.559898,2.992889,3.18522,3.849337,4.200793,3.54358,3.251961,2.477047,2.735461,3.803967,3.445607,3.441333,3.244399,3.195412,3.369989,2.27619,1.750416,2.830637,3.172132,2.705959,2.601255,3.674711,2.845456,4.10448,0.019745,3.086758,3.099967,2.876384,2.718845,3.161501,3.073872
4.452629,29.948729,2.979409,2.801544,3.068178,3.286482,3.919365,4.267862,3.61065,3.339742,2.582254,2.773928,3.8352,3.47947,3.496895,3.382811,3.307523,3.461388,2.528123,1.971744,2.960792,3.215947,2.969812,2.898936,3.743654,2.940817,4.138629,0.018134,3.190174,3.174065,2.997196,2.762982,3.323872,3.283602
3.840998,22.000686,3.187193,3.050424,3.109274,3.560019,3.997942,4.309945,3.635965,3.336783,2.738092,2.932066,3.88616,3.491306,3.603088,3.500511,3.390702,3.579416,2.675353,2.188883,3.115431,3.478512,3.293589,3.072261,3.84417,3.010727,4.207251,0.017812,3.221746,3.239465,3.172132,3.084503,3.396682,3.430831
2.785679,2.377856,3.528786,3.434757,3.387085,3.909502,4.173176,4.389508,3.842104,3.623143,3.179631,3.345989,4.020627,3.669171,3.764843,3.667856,3.525498,3.755638,2.9144,2.413433,3.195328,3.655381,3.424066,3.349968,3.970459,3.17632,4.236568,0.018456,3.346746,3.418911,3.253962,3.268138,3.456282,3.413757
-3.566689,-10.221532,3.929886,3.73887,3.635965,4.047915,4.273452,4.410878,4.101833,3.972955,3.456456,3.58106,4.12945,3.802323,3.901612,3.874653,3.756624,3.87794,3.061952,3.131217,3.346102,3.803577,3.611888,3.54069,4.001065,3.17471,4.27555,0.334178,3.468525,3.543267,3.312597,3.592236,3.476901,3.457249
-0.304331,-13.163646,4.037394,3.870379,3.740514,4.107751,4.310274,4.457563,4.240574,4.037723,3.592567,3.735911,4.116299,3.804953,3.996627,3.995311,3.883201,4.052846,3.144426,3.147326,3.573873,3.904093,3.795845,3.601579,3.950485,3.338048,4.315176,0.34642,3.68953,3.612533,3.459826,3.77426,3.598357,3.551321
-4.225318,-14.416972,3.973284,3.734267,3.595855,4.041668,4.248794,4.440796,4.2363,4.034435,3.496566,3.756624,3.982818,3.721774,3.869063,3.872022,3.801337,4.009777,3.067106,3.030702,3.497842,3.859312,3.774582,3.44694,3.766528,3.468525,4.314854,0.018134,3.722391,3.705961,3.626064,3.780381,3.705639,3.764273
-2.264898,-15.162355,3.927256,3.693829,3.562978,3.992024,4.223478,4.421398,4.217889,4.028189,3.410428,3.705336,3.953886,3.693829,3.849337,3.818433,3.780624,3.958818,3.058086,2.841913,3.467236,3.845459,3.749775,3.406347,3.747842,3.456605,4.316143,0.01749,3.650226,3.666012,3.524582,3.732056,3.63444,3.744621
-3.153415,-17.411785,3.91805,3.648787,3.513991,3.942051,4.174163,4.40759,4.190273,3.981174,3.331523,3.665554,3.929557,3.657335,3.77635,3.783583,3.737226,3.909174,3.032635,2.65409,3.503319,3.836438,3.756541,3.39797,3.75944,3.440496,4.307122,0.01749,3.624453,3.657314,3.511695,3.705639,3.624131,3.685342
-3.901705,-18.032073,3.841775,3.566594,3.505772,3.919037,4.162656,4.39411,4.170217,3.964078,3.260837,3.636294,3.901283,3.690212,3.740185,3.793446,3.756624,3.897009,3.033601,2.494296,3.502352,3.816786,3.76975,3.40087,3.729801,3.431476,4.308089,0.017812,3.602868,3.643783,3.478512,3.675677,3.581283,3.679543
-4.131531,-18.854643,3.775364,3.537662,3.458429,3.874653,4.131094,4.382603,4.138984,3.921338,3.207905,3.609992,3.863146,3.651746,3.685938,3.739528,3.677719,3.863803,3.020392,2.370907,3.486244,3.790368,3.77136,3.419233,3.716592,3.463048,4.306478,0.018134,3.592881,3.641206,3.456282,3.664079,3.549388,3.628641
-4.671704,-19.464167,3.67739,3.483744,3.390373,3.837501,4.115642,4.358274,4.08408,3.871365,3.143137,3.576457,3.798378,3.613609,3.648787,3.68265,3.629061,3.805282,2.986565,2.320649,3.470458,3.748165,3.760407,3.358666,3.676966,3.50944,4.283604,0.017812,3.585793,3.637017,3.437275,3.643138,3.512017,3.56743
-4.847584,-20.398129,3.560348,3.416346,3.277276,3.778652,4.077175,4.323096,4.030819,3.829611,3.046808,3.498868,3.739199,3.529772,3.616567,3.641225,3.622814,3.751364,2.973356,2.073548,3.453705,3.709505,3.747842,3.335148,3.594169,3.455638,4.275872,0.016846,3.561953,3.617687,3.412146,3.620265,3.471746,3.531025
-5.173985,-19.10287,3.499854,3.314427,3.273659,3.733281,4.072901,4.303698,3.98512,3.744131,2.949163,3.452511,3.683966,3.491963,3.582047,3.608677,3.585005,3.708952,2.939851,1.996228,3.411179,3.672778,3.736889,3.283602,3.536179,3.410535,4.279416,0.017812,3.521682,3.601257,3.395715,3.593203,3.432764,3.503963
-5.495145,-18.353838,3.425552,3.211522,3.21744,3.681664,4.042983,4.290876,3.942708,3.657664,2.879463,3.378209,3.620842,3.432785,3.546211,3.564622,3.530758,3.665883,2.946616,1.961112,3.361888,3.622198,3.715948,3.194684,3.477545,3.414401,4.259119,0.01749,3.506218,3.57194,3.368653,3.566785,3.401836,3.464981
-6.776597,-17.570514,3.310153,3.078698,3.162206,3.604403,3.987092,4.272794,3.917722,3.528128,2.778859,3.291084,3.526813,3.331852,3.444949,3.489991,3.46073,3.640239,2.877673,1.767491,3.24623,3.539401,3.675677,3.102222,3.390561,3.347713,4.2414,0.01749,3.469169,3.538757,3.296488,3.517816,3.330638,3.41279
-7.11835,-18.611618,3.153001,2.953437,3.144453,3.523197,3.967366,4.240246,3.892077,3.462045,2.724283,3.201001,3.411086,3.255577,3.352236,3.427195,3.42588,3.576129,2.801642,1.693393,3.201449,3.399581,3.59578,3.033279,3.159246,3.376385,4.22497,0.01749,3.409568,3.512984,3.199194,3.421166,3.276192,3.373486
-7.271391,-17.639152,3.015246,2.737105,3.056671,3.422921,3.9289,4.206054,3.832241,3.371304,2.612501,3.060945,3.338756,3.113548,3.290427,3.341386,3.334482,3.534704,2.745907,1.548096,3.161501,3.299388,3.554865,2.987854,3.030702,3.313563,4.214016,0.016846,3.361566,3.4798,3.160857,3.352223,3.260728,3.286501
-7.201946,-18.097066,2.821599,2.536555,2.957053,3.316071,3.876296,4.178437,3.76024,3.341386,2.507294,2.875847,3.237495,2.930751,3.184563,3.30818,3.295687,3.443963,2.69726,1.111885,3.103833,3.222712,3.511695,2.883794,2.812918,3.281346,4.197264,0.017812,3.288112,3.454027,3.07806,3.27748,3.192751,3.303254
-7.469431,-17.359983,2.610857,2.415238,2.81601,3.231906,3.799693,4.135368,3.665554,3.271358,2.372498,2.798585,3.123411,2.705872,3.09974,3.245056,3.189494,3.385113,2.596745,0.861885,3.070006,3.168911,3.47819,2.815495,2.70016,3.206926,4.175356,0.016846,3.232699,3.403447,3.06614,3.236888,3.099967,3.238821
-7.388107,-16.583116,2.349813,2.299182,2.718694,3.103685,3.746761,4.109724,3.561663,3.197385,2.245264,2.760119,2.982368,2.524719,3.026424,3.152343,3.095466,3.338756,2.479476,0.583212,3.028769,3.081604,3.465625,2.796165,2.493007,3.181153,4.153771,0.016201,3.1673,3.341269,3.033279,3.163756,3.020715,3.15248
-6.852693,-16.463748,2,2.163071,2.655899,3.044506,3.723418,4.093943,3.521881,3.002423,2.070357,2.617433,2.779845,2.348498,2.888011,3.110589,3.05404,3.32429,2.455314,0.392812,2.988176,3.013627,3.439852,2.724967,2.260726,3.139594,4.150872,0.01749,3.139594,3.315496,2.981088,3.113498,3.003962,3.138949
-7.245806,-16.385696,1.753093,2.024329,2.602638,2.900504,3.704349,4.08671,3.465333,2.894587,1.889204,2.469486,2.558254,2.106851,2.81864,3.039575,3.037931,3.28944,2.371551,0.286498,2.963047,2.969168,3.418267,2.657956,2.059373,3.073227,4.137341,0.017812,3.127996,3.297133,2.954671,3.074516,2.951449,3.123807
-7.568231,-15.765601,1.696873,1.921424,2.559569,2.735461,3.641225,4.079806,3.410757,2.744667,1.588378,2.317593,2.360662,1.789915,2.715735,2.943573,3.039575,3.218097,2.247517,0.178895,2.919877,2.92181,3.406669,2.584502,1.822259,2.984632,4.144106,0.016846,3.050676,3.270715,2.928897,3.018782,2.883472,3.010083
-8.259339,-16.202614,1.612708,1.781367,2.424444,2.646693,3.545882,4.064025,3.332181,2.519459,1.434842,2.230469,2.179838,1.549912,2.697981,2.910039,3.028396,3.188179,2.214012,0.177928,2.90989,2.885405,3.383151,2.541654,1.595455,2.850933,4.134441,0.017168,3.026191,3.17471,2.843201,2.955637,2.804219,2.970457
-8.456664,-15.808557,1.388814,1.715284,2.327456,2.548391,3.57054,4.043312,3.288125,2.474088,1.29084,2.157482,2.010192,1.261579,2.65557,2.827189,2.975793,3.120452,2.147324,0.173418,2.883794,2.829026,3.366076,2.480121,1.312916,2.806152,4.130897,0.017168,2.965302,3.1019,2.827415,2.925031,2.778768,2.931152
-8.369148,-15.753778,1.231332,1.514405,2.208441,2.485267,3.577773,4.018983,3.213166,2.306086,1.22936,2.035836,1.818847,1.127112,2.563514,2.782147,2.951135,3.073109,2.113819,0.170196,2.829993,2.792621,3.350612,2.424064,1.13347,2.713691,4.125743,0.017812,2.989142,3.113176,2.778124,2.885405,2.727866,2.862209
-8.79117,-16.010593,1.171167,1.399992,2.137755,2.420499,3.488676,3.996955,3.14511,2.152879,1.101468,1.864546,1.567995,1.011055,2.496116,2.661488,2.897546,3.047794,2.073226,0.168907,2.810985,2.76266,3.336437,2.360597,0.924062,2.651835,4.10448,0.016846,2.986887,3.115109,2.754606,2.817428,2.66601,2.806152
-8.62594,-15.865889,1.139605,1.184318,2.009535,2.277483,3.407798,3.967366,3.051082,1.919451,0.87856,1.591995,1.301032,0.941356,2.435293,2.567459,2.882751,2.966259,2.063883,0.166652,2.792299,2.778768,3.316785,2.328381,0.737529,2.541977,4.094171,0.016201,2.956926,3.080315,2.724322,2.794232,2.645392,2.761371
-7.324812,-15.783837,0.978836,0.938397,1.85567,2.123618,3.393003,3.956516,2.94456,1.676489,0.787491,1.44076,1.223771,0.814779,2.395841,2.509267,2.81864,2.948505,1.950159,0.157954,2.769103,2.749773,3.278769,2.239785,0.500415,2.531345,4.077096,0.01749,2.910534,3.040367,2.65409,2.74333,2.600933,2.665688
-7.575896,-15.72642,0.738832,0.761846,1.603831,1.920766,3.315413,3.930215,2.717708,1.501583,0.644803,1.349033,1.123167,0.657297,2.288333,2.421485,2.590145,2.84823,1.744939,0.142168,2.732376,2.711113,3.23431,2.140236,0.203379,2.35351,4.04939,0.017168,2.870585,2.982699,2.567105,2.734632,2.517492,2.611886
-7.018092,-15.510898,0.496856,0.625406,1.353636,1.758353,3.22533,3.905557,2.550692,1.474624,0.515925,1.130071,0.960753,0.577734,2.222907,2.297867,2.492171,2.731845,1.634115,0.132825,2.729799,2.679219,3.164078,2.007504,0.009436,2.305507,4.021039,0.015879,2.859954,2.949194,2.470778,2.605443,2.440172,2.502028
-6.856823,-16.391564,0.328196,0.460034,1.14355,1.647229,3.153329,3.869063,2.448444,1.332594,0.468582,0.956151,0.803929,0.512308,2.118687,2.223565,2.43891,2.692064,1.576447,0.129281,2.663433,2.656023,3.113498,1.865107,0.008469,2.245907,4.001709,0.016523,2.858665,2.920199,2.413755,2.552608,2.37735,2.433085
-7.65282,-17.569013,0.158878,0.237784,0.914725,1.508487,3.018533,3.815474,2.373156,1.158674,0.335429,0.634283,0.665516,0.438992,1.964822,2.102577,2.338963,2.569103,1.528767,0.123804,2.663433,2.652479,3.032635,1.856086,0.008147,2.293265,3.969492,0.016201,2.803897,2.870908,2.329347,2.491397,2.334502,2.236242
-7.302517,-17.431716,0.114494,0.028027,0.72338,1.40591,2.902477,3.788186,2.32384,1.077139,0.213783,0.387375,0.536966,0.363703,1.853697,1.966137,2.170961,2.483294,1.430828,0.116072,2.64217,2.670521,2.964658,1.811628,0.007181,2.210468,3.943397,0.016201,2.734632,2.836436,2.309373,2.479476,2.224966,2.127994
-7.417636,-18.162647,0.028684,0.025725,0.523158,1.38454,2.791024,3.734267,2.294908,1.02059,0.120741,0.024739,0.343319,0.240414,1.773806,1.786299,2.093371,2.279456,1.314527,0.107052,2.63476,2.638304,2.873485,1.675674,0.007503,2.077736,3.913113,0.015557,2.634116,2.777157,2.259115,2.425997,2.10061,1.920842
-6.579717,-17.643594,0.026054,0.02441,0.40217,1.367115,2.755845,3.713884,2.242962,0.998562,0.054657,0.024739,0.219044,0.025068,1.577858,1.676818,2.075946,2.23277,1.230764,0.102864,2.622518,2.630572,2.869941,1.594488,0.007181,1.9682,3.892495,0.015235,2.566783,2.778124,2.24945,2.411177,1.937594,1.656022
-6.775791,-17.95313,0.024081,0.023424,0.277236,1.341142,2.683516,3.680349,2.209099,0.845354,0.026383,0.023753,0.013232,-0.000905,1.415116,1.631448,2.075289,2.252497,1.200158,0.098353,2.565172,2.536822,2.830315,1.478831,0.005892,2.039721,3.866722,0.016201,2.470134,2.723356,2.212724,2.387015,1.85061,1.486241
-5.020379,-18.453963,0.02441,0.02441,0.35647,1.326019,2.648995,3.674431,2.184441,0.810176,0.024739,0.024739,0.013232,0.000739,1.262237,1.589694,2.062467,2.296552,1.168586,0.095132,2.480765,2.519425,2.804219,1.443715,0.006214,1.964656,3.841593,0.016523,2.471745,2.715624,2.156345,2.28811,1.741396,1.377993
-6.065733,-18.199397,0.023753,0.025397,0.298935,1.324375,2.633871,3.688897,2.170304,0.776312,0.023424,0.024081,0.018164,0.000739,1.211935,1.570296,2.021699,2.290634,1.133792,0.092876,2.465301,2.446293,2.780701,1.423096,0.004603,2.258149,3.834183,0.015557,2.495263,2.717879,2.165687,2.298097,1.762659,1.19597
-5.425015,-18.081052,0.023095,0.026383,0.361073,1.287224,2.604611,3.673116,2.170961,0.592857,0.036904,0.022438,-0.000576,0.272633,1.173797,1.551556,1.972383,2.268278,0.970132,0.079023,2.422131,2.320649,2.714013,1.294552,0.004281,2.257505,3.794556,0.016201,2.478832,2.670521,2.046808,2.16311,1.532633,0.890879
-5.540667,-17.885246,0.022438,0.031314,0.583323,1.215223,2.544445,3.645171,2.134139,0.560638,0.023424,0.022109,-0.000576,0.24403,1.111331,1.485144,1.899396,2.172276,0.868006,0.070003,2.369618,2.284566,2.666332,1.183405,0.004603,2.352221,3.770394,0.015879,2.421165,2.612209,2.104154,2.14668,1.576125,0.680183
-5.732089,-17.86043,0.019479,0.017506,0.236797,1.096865,1.934904,3.523854,1.480541,0.281181,0.018821,0.018821,-0.000576,-0.000576,0.788806,1.38454,1.602516,2.149591,0.752993,0.060982,2.30293,2.252672,2.590946,1.142168,0.005248,2.371873,3.726579,0.014913,2.380894,2.558407,2.017813,2.049708,1.372194,0.348031
-5.209202,-17.33038,0.017835,0.011917,0.199646,1.041631,1.697531,3.442648,1.382567,0.109891,0.018492,0.018164,0.00041,0.00304,0.678996,1.230675,1.453253,2.031234,0.640557,0.050029,2.204992,2.195004,2.456281,1.034243,0.004281,2.282633,3.669234,0.014913,2.333536,2.533278,1.945004,1.998161,1.24655,0.029732
-4.914896,-16.731973,0.01652,0.016848,0.040849,1.023878,1.608105,3.39925,1.179387,0.01389,0.016191,0.015533,-0.001234,0.000739,0.586611,1.155715,1.370403,1.999014,0.62606,0.049384,2.17052,2.146357,2.427608,0.994294,0.004281,2.272646,3.644427,0.01459,2.389592,2.601899,1.949837,2.00235,1.173418,0.004925
-4.517085,-16.347658,0.015862,0.015862,0.165125,0.946287,1.529857,3.345003,1.049522,0.019479,0.015205,0.015533,0.005341,0.226276,0.598118,1.09818,1.319772,1.985863,0.546163,0.041974,2.106087,2.116396,2.355121,0.965944,0.004281,2.264914,3.593203,0.015557,2.367363,2.58418,1.922453,1.875739,1.162143,0.004925
-3.965594,-16.227869,0.015862,0.014547,0.234825,0.819381,1.494679,3.276947,0.956151,0.014218,0.015205,0.015205,0.001396,0.403485,0.615214,1.011713,1.237908,1.935561,0.381536,0.027799,2.106731,2.106409,2.313883,0.952091,0.002348,2.229476,3.546167,0.013624,2.357698,2.642814,1.880249,1.850288,1.082246,0.003637
-4.357128,-16.122186,0.013561,0.01389,0.222989,0.701352,1.38191,3.240125,0.708914,0.012903,0.012246,0.012903,-0.000576,0.456746,0.562939,0.88941,1.091605,1.893478,0.114462,0.005248,2.075159,2.068716,2.312595,0.942748,0.003959,2.174064,3.498164,0.014268,2.289721,2.635405,1.871228,1.811628,1.023611,0.004281
-3.341409,-16.205171,0.012574,0.012574,0.020794,0.578063,1.353307,3.221385,0.643817,0.012903,0.012574,0.011588,-0.000576,0.460034,0.505075,0.72864,0.982452,1.847779,0.133469,0.006536,1.977865,2.034244,2.266203,0.923096,0.002992,2.049708,3.49913,0.01459,2.233986,2.614786,1.859952,1.813561,0.949514,0.003637
-3.984794,-15.749315,0.012574,0.011917,0.046109,0.632968,1.322731,3.183247,0.579049,0.013232,0.012903,0.008629,0.000081,0.505733,0.485349,0.690174,0.864752,1.773477,0.128315,0.00557,1.982053,2.012981,2.2807,0.918263,0.003959,1.991074,3.489788,0.014268,2.227543,2.588691,1.823548,1.761048,0.961434,0.002992
-4.129751,-16.373222,0.011588,0.011917,0.009287,0.510664,1.292484,3.165823,0.483705,0.011917,0.011917,0.011588,-0.000248,0.577734,0.084247,0.561295,0.706941,1.615338,-0.000874,-0.005384,1.983342,2.014592,2.266847,0.897967,0.003637,1.907311,3.492365,0.013624,2.335469,2.622518,1.864463,1.7778,0.952091,0.002992
-5.723196,-16.649705,0.010931,0.010931,0.011259,0.471869,1.183332,3.15037,0.382772,0.011917,0.011259,0.010602,-0.000576,0.578063,0.069123,0.471212,0.540912,1.4835,0.000093,-0.005062,2.016525,1.955958,2.263948,0.905055,0.002992,1.7182,3.480445,0.015235,2.325804,2.672776,1.874128,1.723354,0.927606,0.003315
-4.607166,-17.228853,0.010931,0.009944,0.010602,0.390005,1.183332,3.14511,0.360416,0.011259,0.010931,0.011588,-0.000576,0.465294,0.002382,0.431759,0.484034,1.444377,0.000093,-0.005384,1.993973,1.997839,2.308729,0.9624,0.004281,1.619295,3.473035,0.011047,2.290688,2.675997,2.009759,1.833857,0.918586,0.003637
-5.603449,-17.312597,0.009944,0.009944,0.009615,0.356142,1.148482,3.103685,0.115151,0.011259,0.007972,0.010602,-0.000576,0.423211,0.000739,0.376525,0.449513,1.402294,-0.000229,-0.008928,1.92954,1.917298,2.246873,0.929539,0.002992,1.56356,3.448873,0.013946,2.392814,2.69726,1.994295,1.723677,0.954024,0.003637
-6.016001,-17.907276,0.009287,0.009615,0.009615,0.261126,1.071549,3.152672,0.010931,0.010273,0.009944,0.009615,-0.000576,0.365676,-0.000576,0.245345,0.345621,1.309251,0.000737,-0.002162,1.930185,1.930185,2.251383,0.928895,0.003959,1.510725,3.439208,0.013946,2.248806,2.698549,1.98012,1.781666,0.930184,0.004281
-5.914215,-17.897117,0.011588,0.005999,0.009615,0.214112,0.992644,3.131959,0.011259,0.009944,0.010602,0.007643,0.000081,0.277565,-0.002549,0.167426,0.312086,1.294785,0.000093,-0.005384,1.959502,1.979154,2.273935,0.95499,0.004281,1.535854,3.449839,0.013624,2.329992,2.726577,2.134437,1.938239,0.950802,0.00267
-7.625563,-21.351157,0.010273,0.009287,0.008629,0.078,0.940369,3.113219,0.010273,0.009615,0.008958,0.008629,0.000739,0.213783,0.003369,0.061562,0.133234,1.165249,-0.000551,-0.003451,1.939205,2.046164,2.244296,0.933405,0.004281,1.511692,3.435342,0.016523,2.342878,2.773936,2.158278,1.819682,0.940493,0.002992
-10.060306,-19.875454,0.008629,0.010273,0.004355,0.011917,0.951548,3.129,0.009615,0.008958,0.009944,0.009287,0.000081,0.048411,-0.000248,-0.000905,0.010931,0.900588,0.000093,-0.005384,2.130571,2.114785,2.487208,1.113173,0.00557,1.53972,3.451772,0.01459,2.536822,2.846101,2.246229,2.060661,0.917941,0.002992
-10.326773,-17.104662,0.010273,0.010273,0.008629,0.008629,0.975877,3.162206,0.015862,0.009615,0.010273,0.008958,0.00041,-0.000248,-0.000576,-0.000576,-0.007152,0.991987,0.000737,-0.004417,2.175352,2.141525,2.585147,1.273612,0.004925,1.382181,3.469813,0.014913,2.61833,2.905057,2.34159,2.121229,1.027477,0.003315
-4.349012,-13.391808,0.01389,0.010931,0.007972,0.007643,0.770723,3.151357,0.009944,0.008958,0.007643,0.008629,0.000081,-0.000248,0.002054,-0.000248,0.000081,0.88941,0.000415,-0.005062,2.187272,2.116718,2.581603,1.28682,0.00557,1.219166,3.507507,0.013624,2.62574,2.979799,2.467879,1.999772,0.921485,0.003637
2.086756,5.240359,0.0083,0.007643,0.006328,0.006985,0.440636,3.032342,0.005013,0.009944,0.007643,0.007314,0.000081,-0.000905,-0.000576,-0.000576,-0.000248,0.737188,0.000093,-0.005384,2.23753,1.931473,2.56775,1.176962,0.004281,0.868006,3.517816,0.013946,2.509438,2.955315,2.429863,2.212401,1.097387,0.004281
14.354948,13.597416,0.0083,0.007314,0.006985,0.006985,0.444581,2.957382,0.008958,0.007643,0.0083,0.007972,0.000739,0.290058,-0.000248,-0.004522,-0.001892,0.792093,-0.000229,-0.005062,2.250739,1.740751,2.548098,0.920196,0.003315,1.023934,3.543267,0.015235,2.159244,2.750095,2.087079,2.136692,1.116717,0.004925
14.63273,14.301226,0.0083,0.007972,0.007643,0.007972,0.696421,3.050753,0.009944,0.009287,0.0083,0.007643,-0.000248,1.235935,-0.000248,-0.000905,0.002711,0.781244,0.001059,-0.005706,2.295842,1.100931,2.565817,0.506536,0.088688,0.781988,3.691786,0.01459,2.040365,2.313239,1.763625,2.233986,1.572903,0.004925
15.289205,14.218674,0.007643,0.008629,0.007643,0.0083,0.622118,3.030698,0.009287,0.008629,0.0083,0.007314,-0.001234,1.305306,-0.000248,0.00041,0.00041,0.710558,0.000093,-0.005062,2.167943,1.100287,2.550353,0.417297,0.001382,0.854797,3.658602,0.014913,1.993651,1.977543,1.402156,2.17793,1.320003,0.004603
16.377227,16.444675,0.007972,0.006985,0.007972,0.005999,0.534336,3.019848,0.009287,0.007972,0.008629,0.007314,0.000081,1.322073,-0.000248,0.000081,0.001396,0.663872,0.000737,-0.005062,2.098677,1.335145,2.523935,0.482374,0.001704,0.822903,3.612855,0.015235,1.966911,1.910532,1.252349,1.976898,1.089978,0.004603
16.799039,18.30639,0.008629,0.006985,0.006985,0.007972,0.518555,3.023465,0.009615,0.0083,0.009944,0.007972,-0.000905,1.245141,-0.001234,-0.000248,0.001067,0.636255,-0.000229,-0.00474,2.053896,1.383792,2.46208,0.440493,0.002026,0.874771,3.574195,0.014268,1.910855,1.868329,1.113818,1.93244,0.988173,0.002992
16.929715,19.019132,0.007972,0.007972,0.007643,0.007972,0.677681,3.03267,0.009944,0.008629,0.095754,0.0083,-0.000576,1.246456,0.000081,0.00041,0.001067,0.689188,-0.000229,-0.00635,2.047131,1.361563,2.438239,0.424062,0.001704,0.930828,3.589981,0.015557,1.894424,1.848355,1.102864,1.919553,0.958856,0.002026
17.285718,20.291465,0.008629,0.007643,0.0083,0.018492,0.77434,3.03004,0.010273,0.008958,0.180248,0.0083,0.001067,1.21325,-0.000905,0.000739,0.000081,0.704311,-0.000229,-0.005062,2.022646,1.510403,2.406345,0.421485,0.002026,0.965944,3.572906,0.015557,1.869295,1.745584,1.047452,1.80744,0.900544,0.003637
16.783995,21.775552,0.008958,0.0083,0.0083,0.0083,0.789792,3.020177,0.010931,0.005999,0.249619,0.002382,-0.000248,1.176756,-0.000248,-0.000248,0.000081,0.691489,-0.000874,-0.005384,1.990429,1.579669,2.327092,0.390557,0.002026,1.014269,3.566141,0.014268,1.876383,1.685661,1.010403,1.897001,0.896678,0.00267
16.579658,22.212035,0.008958,0.008629,0.0083,0.006657,0.821025,3.04615,0.010931,0.009615,0.247647,0.007643,0.00041,1.06859,0.000081,0.000081,-0.000576,0.711873,-0.000551,-0.00474,1.977865,1.58579,2.361242,0.40731,0.001382,1.011047,3.583216,0.015235,1.857375,1.617362,0.997194,1.939849,0.882825,0.002992
16.47705,22.509993,0.009615,0.008629,0.008958,0.008629,0.968644,3.065547,0.011259,0.010273,0.248304,0.010602,0.000081,1.023549,-0.000576,0.000081,0.000081,0.697407,0.000737,-0.005062,1.928574,1.569682,2.288432,0.388946,0.002026,1.149256,3.596424,0.01459,1.835468,1.60222,1.00847,1.914721,0.897645,0.002992
16.60506,23.070927,0.005999,0.008629,0.009287,0.014547,1.018946,3.083301,0.009615,0.009944,0.230222,0.010931,0.00041,0.96963,0.000081,-0.000248,0.002054,0.7099,-0.000874,-0.00635,1.90119,1.5903,2.232376,0.416975,0.001059,1.111885,3.582249,0.014913,1.727543,1.552285,0.97432,1.819037,0.861885,0.003315
16.491689,22.608232,0.008958,0.009944,0.003698,0.009287,1.089961,3.092507,0.010273,0.010602,0.274606,0.010273,0.00041,0.935438,0.00041,0.000081,-0.000248,0.759874,0.000737,-0.00474,1.972388,1.746228,2.216267,0.41182,0.001704,1.290686,3.624453,0.015235,1.685983,1.519746,0.994617,1.792942,0.878315,0.002992
16.857165,22.842832,0.010602,0.010273,0.003698,0.0083,1.108701,3.088561,0.010602,0.009287,0.245017,0.010273,0.000739,0.898615,0.00041,0.000081,-0.003864,0.738832,-0.000551,-0.005706,1.95338,1.830958,2.24945,0.336433,0.001382,1.310016,3.606734,0.013946,1.580957,1.405377,0.982374,1.802285,0.856086,0.003637
17.061357,22.797192,0.009287,0.013561,0.009615,0.009615,1.120865,3.094151,0.010273,0.010273,0.217728,0.009944,-0.000248,0.82234,-0.000248,-0.000905,-0.000248,0.740805,0.000737,-0.005062,1.949192,1.91311,2.329025,0.3374,0.000737,1.327091,3.614144,0.015235,1.567104,1.36865,0.964333,1.805829,0.892168,0.003315
17.353036,23.561168,0.009615,0.008958,0.009287,0.008958,1.149468,3.085274,0.011259,0.010931,0.236797,0.010931,-0.000576,0.671434,0.001396,-0.000248,0.00041,0.745736,0.000415,-0.004417,1.914721,1.918587,2.368007,0.370905,0.001704,1.45338,3.638306,0.013946,1.561627,1.368328,0.980119,1.856731,0.905699,0.003959
17.357918,22.718408,0.010931,0.010273,0.009944,0.04315,1.275059,3.129658,0.011917,0.008958,0.236797,0.010931,0.000081,0.625735,-0.000576,-0.000905,-0.000248,0.719435,-0.000229,-0.005384,2.077414,2.043265,2.35061,0.410209,0.001382,1.53521,3.656025,0.01459,1.551962,1.387658,0.988818,1.94887,0.925351,0.001382
17.66493,22.834846,0.010931,0.010273,0.010273,0.108576,1.410184,3.172398,0.012574,0.011259,0.271647,0.012246,0.000081,0.624748,0.000081,-0.000905,-0.000248,0.726996,0.006536,-0.004417,2.037788,2.068393,2.385082,0.434049,0.001704,1.471099,3.671167,0.014913,1.462723,1.322903,0.999449,1.932762,0.956923,0.003637
18.036794,23.525523,0.012246,0.012246,0.010931,0.431102,1.513419,3.229604,0.013561,0.012903,0.294004,0.012246,-0.000248,0.691489,-0.000248,0.201619,0.030986,0.719435,0.021678,-0.003129,2.132182,2.172775,2.434695,0.442103,0.001382,1.529733,3.692108,0.014913,1.442426,1.527478,1.078702,1.9682,1.100609,0.004603
17.964613,23.631393,0.013561,0.011917,0.018492,0.492253,1.633091,3.282208,0.013561,0.013232,0.330169,0.013232,0.000081,0.705626,0.000081,0.326552,0.307812,0.870341,0.177606,0.01008,2.241718,2.22561,2.47561,0.442748,0.001382,1.732375,3.69984,0.015557,1.505248,1.618651,1.108985,1.945648,1.063238,0.004281
17.466647,23.915381,0.014876,0.014547,0.025397,0.597132,1.733367,3.371304,0.292688,0.014547,0.389019,0.014547,0.001396,0.808532,-0.000248,0.454773,0.435376,1.088646,0.542941,0.041652,2.280378,2.202092,2.529412,0.63798,0.003959,1.757182,3.732701,0.015235,1.558406,1.739463,1.108663,1.9711,1.069037,0.004281
16.122323,24.329103,0.01652,0.01652,0.135864,0.637242,1.841532,3.408127,0.584309,0.015862,0.446883,0.015533,0.051698,0.823984,0.092466,0.602392,0.536309,1.404924,0.584823,0.046163,2.245907,2.204347,2.549709,0.71691,0.00267,1.818715,3.764595,0.016523,1.699514,1.75396,1.118328,2.006216,1.058728,0.010402
15.373625,24.33544,0.015205,0.015862,0.151974,0.633954,1.891834,3.452182,0.681955,0.018164,0.428143,0.015205,0.292031,0.882177,0.258496,0.691489,0.649735,1.49961,0.728186,0.058405,2.300353,2.193071,2.52458,0.768457,0.003637,2.02619,3.792946,0.014913,1.756537,1.754927,1.182439,1.985919,1.092877,0.004603
15.204857,25.636055,0.016191,0.015862,0.140467,0.625406,1.950027,3.451196,0.840423,0.016848,0.44228,0.01652,0.481075,0.949904,0.450828,0.707599,0.686886,1.51835,0.774256,0.061304,2.291976,2.155378,2.475288,0.792619,0.00267,1.972388,3.786502,0.016201,1.778445,1.757826,1.228509,2.017169,1.121872,0.003637
14.946075,26.095426,0.016848,0.01652,0.134549,0.623762,2.143345,3.475196,0.923931,0.016848,0.450499,0.017835,0.543213,0.972589,0.531377,0.794724,0.779929,1.51835,0.826769,0.066137,2.318072,2.171486,2.434695,0.788753,0.004281,1.970133,3.764273,0.014913,1.808728,1.795197,1.274256,2.021035,1.16472,0.005892
14.516345,25.968769,0.018164,0.017835,0.116467,0.64842,2.227181,3.489004,0.976206,0.017177,0.454116,0.017506,0.642831,0.979165,0.743106,0.915383,0.866396,1.757696,0.884436,0.070325,2.351899,2.218845,2.491074,0.846743,0.00267,2.033277,3.791979,0.015879,1.819037,1.826447,1.295197,2.011692,1.203058,0.077413
13.285136,25.925096,0.016848,0.017506,0.130933,0.654995,2.3291,3.519251,1.003494,0.017835,0.410389,0.01652,0.652365,0.982452,0.786833,1.092262,0.970288,1.845807,1.002993,0.080634,2.339335,2.211757,2.533922,0.855441,0.003959,2.074837,3.791335,0.015235,1.808084,1.893135,1.312594,2.025868,1.218844,0.119938
13.348732,25.276565,0.018164,0.017506,0.108905,0.650721,2.459622,3.539635,1.074508,0.018492,0.423869,0.017835,0.986398,0.993302,0.849628,1.208318,1.060042,1.856985,1.050351,0.084822,2.352543,2.196293,2.505894,0.822258,0.00267,2.082569,3.818719,0.015557,1.930507,1.880571,1.331601,2.043265,1.243006,0.133791
13.139524,25.491585,0.019807,0.018821,0.19307,0.662886,2.579295,3.560676,1.207661,0.020794,0.459705,0.019479,1.17314,1.012371,0.936753,1.30695,1.165907,1.959561,1.125738,0.091588,2.358987,2.184373,2.472389,0.895068,0.004281,2.043909,3.81743,0.015235,1.962401,1.859308,1.400867,2.087079,1.392168,0.282632
13.313681,25.667443,0.021123,0.020465,0.250606,0.743764,2.671022,3.584019,1.291498,0.06452,0.513952,0.021123,1.282621,1.031768,1.110344,1.383225,1.293799,1.929643,1.218844,0.098998,2.323871,2.222066,2.496551,0.934372,0.004281,2.03521,3.800355,0.017168,1.955636,1.912465,1.449192,2.14668,1.626705,0.487851
13.737605,26.996223,0.022438,0.022438,0.569843,0.78223,2.782804,3.600458,1.370403,0.45017,0.556693,0.023753,1.425637,1.091933,1.275388,1.430239,1.394403,2.05885,1.25847,0.102541,2.372195,2.212079,2.510404,1.136047,0.004603,2.190172,3.827095,0.014268,2.053896,1.958535,1.580635,2.18985,1.810661,0.661498
13.304248,27.330674,0.02441,0.024081,0.770066,0.857848,2.816668,3.654047,1.546624,0.730942,0.622447,0.02441,1.523939,1.420047,1.508816,1.462459,1.485473,2.175893,1.264913,0.104152,2.373162,2.234953,2.458536,1.276189,0.006214,2.185017,3.861245,0.015879,2.111241,1.956924,1.647968,2.200159,1.924708,0.799062
12.74799,28.172046,0.02704,0.024739,0.890396,0.925246,2.908066,3.67213,1.67616,0.859492,0.678009,0.025068,1.779066,1.536433,1.715942,1.510788,1.613036,2.176879,1.312594,0.107696,2.415688,2.216267,2.47561,1.309372,0.004925,1.96079,3.876386,0.016523,2.161177,2.012337,1.66762,2.218845,2.144747,1.07097
11.551774,28.703393,0.026712,0.22266,1.286237,1.080426,3.018533,3.691198,1.775121,0.950233,0.716147,0.027369,1.926684,1.712325,1.777093,1.57194,1.757696,2.163728,1.345132,0.111562,2.471422,2.226899,2.435984,1.459501,0.006536,2.248806,3.905381,0.015557,2.174386,2.037143,1.775223,2.323548,2.174064,1.178895
10.964491,28.947912,0.141124,0.361731,1.346731,1.195496,3.136233,3.714541,2.055234,1.068262,0.757572,0.029671,2.126906,1.847779,2.014795,1.786628,1.901369,2.198249,1.323225,0.108018,2.489786,2.430185,2.366396,1.472388,0.006536,2.325159,3.906348,0.016523,2.263303,2.013625,1.805829,2.325159,2.193071,1.357697
10.661453,28.652123,0.360087,0.48239,1.47824,1.366458,3.198371,3.729665,2.249209,1.148482,0.76349,0.03263,2.299511,2.002302,2.204825,1.924383,1.967781,2.240661,1.315815,0.107374,2.455958,2.484953,2.323548,1.540687,0.006858,2.27909,3.893461,0.016846,2.278445,1.999772,1.877994,2.305829,2.285855,1.464978
10.945529,29.683731,0.46102,0.760202,1.574899,1.48087,3.296345,3.777994,2.287018,1.277689,0.826943,0.034602,2.396498,2.145317,2.252825,2.071344,2.198578,2.322525,1.372839,0.112206,2.464335,2.483342,2.414721,1.6528,0.354152,2.236564,3.920845,0.016201,2.234953,2.070649,1.911821,2.359309,2.347389,1.571615
10.897404,29.140172,0.6619,0.731928,1.784326,1.535446,3.313441,3.818104,2.391896,1.447993,0.887437,0.277894,2.54313,2.238688,2.350142,2.172605,2.336333,2.394855,1.417942,0.116717,2.479799,2.56485,2.447904,1.688238,0.662787,2.169231,3.937276,0.016523,2.254927,2.150546,1.946615,2.450482,2.388626,1.670519
11.042732,28.689369,0.89467,0.957466,2.052275,1.695229,3.362428,3.881228,2.460609,1.49435,0.992315,0.627707,2.736119,2.395841,2.405704,2.258414,2.374142,2.421814,1.418908,0.117039,2.433407,2.569361,2.482698,1.686305,0.887658,2.160533,3.980768,0.016523,2.410211,2.172131,2.042298,2.474966,2.454348,1.802285
10.491467,28.61846,1.172482,1.161962,2.213044,1.754737,3.448237,3.906543,2.512883,1.697531,1.066947,1.006124,2.835408,2.610528,2.472116,2.368882,2.438581,2.539185,1.470132,0.120583,2.415043,2.559374,2.452737,1.709823,1.269746,2.171809,4.013629,0.016523,2.468523,2.297775,2.120262,2.503639,2.548742,1.937916
10.31673,28.066554,1.225415,1.383225,2.295237,1.909917,3.471251,3.912132,2.696009,1.871779,1.183989,1.159989,2.954094,2.688118,2.605926,2.43628,2.484609,2.671022,1.507181,0.12316,2.381538,2.613175,2.445327,1.799063,1.58289,2.102865,4.030382,0.017812,2.512982,2.451126,2.172453,2.498162,2.542621,2.091589
9.821834,27.845834,1.292813,1.599885,2.357375,2.013151,3.497552,3.915091,2.756832,1.861588,1.285251,1.352649,3.018204,2.782804,2.723626,2.480335,2.544117,2.661159,1.549707,0.126704,2.402157,2.595456,2.441139,1.839656,1.607053,2.209502,4.045201,0.016201,2.577737,2.429219,2.234953,2.549709,2.553897,2.143136
10.191297,29.072314,1.30958,1.749476,2.409649,2.189701,3.51695,3.927585,2.869929,2.161756,1.426294,1.471007,3.159247,2.858093,2.909052,2.583569,2.676611,2.783791,1.581602,0.129603,2.404412,2.670198,2.489464,1.894102,1.933084,2.169553,4.058732,0.01749,2.604799,2.544554,2.260082,2.57677,2.573549,2.267492
9.958456,29.131005,1.39802,1.824108,2.471787,2.290634,3.548183,3.96638,3.007026,2.20877,1.587721,1.621913,3.245385,2.884395,2.915957,2.677598,2.7759,2.825873,1.661821,0.137657,2.38186,2.717879,2.498484,1.929218,2.301319,2.249773,4.071619,0.015557,2.685018,2.601577,2.342556,2.660856,2.637338,2.319682
10.216892,29.14124,1.514734,1.988493,2.55661,2.346854,3.558046,3.99564,3.13722,2.319566,1.739285,2.037151,3.307852,2.95245,2.920231,2.742366,2.811736,2.882093,1.733019,0.143456,2.455958,2.811951,2.525224,2.109953,2.647647,2.317749,4.085472,0.119616,2.710147,2.639593,2.3461,2.702737,2.660211,2.394103
10.409861,28.891832,1.6469,2.062467,2.647351,2.453047,3.606376,4.008791,3.195083,2.485595,1.798135,2.162742,3.433771,3.04615,2.990588,2.811736,2.826531,2.981711,1.815816,0.150544,2.510727,2.905379,2.465301,2.124772,2.735276,2.43244,4.094493,0.332889,2.825482,2.790688,2.450482,2.783601,2.779735,2.479476
10.075719,30.628005,1.702462,2.079892,2.734146,2.524062,3.636623,4.007805,3.252618,2.617104,1.941808,2.246907,3.480128,3.072123,3.008013,2.847901,2.83212,3.05141,1.870262,0.2095,2.527801,2.935985,2.470456,2.176963,2.869297,2.421165,4.093526,0.148611,2.857699,2.78199,2.443072,2.781023,2.811307,2.575804
9.555816,31.347902,1.748161,2.047672,2.83475,2.531295,3.645828,4.020627,3.26018,2.67168,1.974356,2.384663,3.521224,3.091192,3.127028,2.866641,2.853161,3.079027,1.887981,0.427606,2.529734,2.973678,2.426319,2.208535,2.950482,2.452092,4.091915,0.144101,2.847712,2.772325,2.535855,2.79391,2.848678,2.587724
10.044745,32.100323,1.748161,2.020055,2.832778,2.564172,3.620842,4.018325,3.281879,2.87749,1.988493,2.454691,3.59191,3.117165,3.157275,2.92319,2.859408,3.115521,1.850932,0.546163,2.505572,3.016849,2.425675,2.296487,3.098034,2.493007,4.090949,0.415364,2.876384,2.822583,2.606088,2.820328,2.849967,2.658923
9.741281,32.011883,1.875396,2.188386,2.790037,2.6582,3.641554,4.021942,3.323304,2.886039,2.09896,2.593104,3.642869,3.191796,3.211522,2.992232,2.909381,3.194097,1.994618,0.780699,2.591912,3.10931,2.467556,2.357376,3.234632,2.512982,4.09707,0.457245,2.916011,2.913756,2.675031,2.944039,2.920199,2.77748
10.03092,31.256943,1.953972,2.228168,2.817983,2.678913,3.656678,4.031147,3.355523,2.879792,2.174249,2.668392,3.686924,3.198042,3.270372,2.993875,2.941272,3.189823,2.137981,0.915364,2.727866,3.124452,2.6586,2.472711,3.390561,2.547453,4.108024,0.412142,2.936307,2.998163,2.76717,2.997196,3.02748,2.906346
9.36154,30.700101,2.174907,2.372498,2.863025,2.740064,3.703363,4.057449,3.415688,3.012287,2.257428,2.729215,3.723418,3.226974,3.343359,3.05963,2.958368,3.277605,2.184373,1.127349,2.737531,3.088691,2.693717,2.547453,3.49752,2.700804,4.123488,0.381536,2.95757,3.038756,2.852222,3.035212,3.068717,2.967557
8.948801,29.883351,2.493157,2.414581,2.986642,2.929436,3.76846,4.092299,3.472237,3.124726,2.356388,2.767023,3.786871,3.261824,3.433442,3.125384,3.07278,3.312783,2.338368,1.404411,2.831603,3.278447,2.858021,2.672131,3.550033,2.849322,4.139274,0.019101,3.03489,3.088691,3.041011,3.081604,3.193717,3.07065
8.967563,27.896265,2.691406,2.705872,3.050424,3.141822,3.821392,4.156409,3.536676,3.312783,2.518801,2.748283,3.793117,3.324619,3.49295,3.222042,3.193111,3.391031,2.336113,1.750738,2.858343,3.431798,2.859632,2.750418,3.624453,2.894748,4.141529,0.019101,3.071939,3.107055,3.074838,3.169233,3.245586,3.160857
10.187237,24.561608,3.101055,3.138535,3.132288,3.531745,3.93679,4.254712,3.649773,3.327249,2.779845,2.987629,3.876954,3.399907,3.598485,3.43673,3.371633,3.512018,2.562273,1.982697,2.94275,3.510406,3.046488,3.012983,3.705639,2.946294,4.178256,0.01749,3.170844,3.193073,3.165367,3.368976,3.406347,3.306798
12.105085,15.136331,3.436072,3.496237,3.366044,3.833227,4.113011,4.305014,3.841775,3.580403,3.146096,3.405168,3.979859,3.592238,3.734925,3.625116,3.536347,3.692514,2.609953,2.198548,2.925031,3.647004,3.103189,3.102867,3.764917,2.898292,4.185666,0.017812,3.259117,3.228189,3.200483,3.415045,3.373808,3.312274
4.736865,6.110401,3.796405,3.732624,3.590266,3.981174,4.210985,4.342493,4.057449,3.897667,3.390702,3.607362,4.093943,3.75761,3.87531,3.8352,3.726048,3.857228,2.717879,2.367685,3.088691,3.716914,3.303576,3.269749,3.898938,3.010405,4.215627,0.355119,3.314207,3.312597,3.212725,3.511051,3.40828,3.365754
-1.177795,-7.514918,4.036079,3.918379,3.818104,4.140299,4.309616,4.40496,4.235643,4.062381,3.570211,3.825008,4.159697,3.825008,3.948626,3.996627,3.856241,4.021284,3.086436,2.954348,3.368009,3.938887,3.585149,3.583216,3.987534,3.181475,4.292947,0.359307,3.379607,3.464337,3.264916,3.673422,3.469491,3.483022
-4.37426,-13.865726,4.069942,3.928571,3.805282,4.131094,4.317836,4.452303,4.25504,4.096244,3.623472,3.881886,4.094271,3.824022,3.964736,3.984791,3.913119,4.048901,3.301643,3.12413,3.716592,4.048745,3.825806,3.731734,3.952418,3.3548,4.355447,0.46691,3.546811,3.594169,3.445007,3.819363,3.675033,3.714337
-5.444311,-15.946335,4.004517,3.832241,3.725719,4.082436,4.296137,4.465782,4.265561,4.08408,3.561992,3.938105,4.016682,3.817118,3.936133,3.933831,3.864461,4.064025,3.251707,2.814851,3.678577,3.95725,3.814531,3.630896,3.822263,3.527803,4.344171,0.018456,3.70435,3.64185,3.672778,3.877353,3.770716,3.835794
-5.800237,-15.913204,3.959147,3.797063,3.660623,4.077504,4.271808,4.461508,4.26589,4.065997,3.539635,3.913448,3.988407,3.827967,3.895694,3.914105,3.850981,4.030819,3.227223,2.765882,3.658602,3.945008,3.813886,3.608345,3.823873,3.636051,4.359635,0.018779,3.706283,3.652803,3.714015,3.88283,3.806477,3.871876
-5.449472,-15.86482,3.920352,3.755638,3.619526,4.040024,4.254383,4.444084,4.249451,4.066655,3.484073,3.879584,3.945338,3.801008,3.873666,3.868077,3.809885,3.995969,3.207571,2.796165,3.623164,3.937276,3.804544,3.593203,3.785858,3.645071,4.349648,0.018134,3.684054,3.646038,3.706605,3.860923,3.785214,3.848358
-5.722289,-16.380907,3.873666,3.694815,3.580731,3.999257,4.229067,4.42896,4.21756,4.030819,3.401551,3.816789,3.911146,3.782268,3.801994,3.826981,3.782926,3.942379,3.170199,2.651191,3.570973,3.913113,3.785536,3.550999,3.770716,3.635084,4.346426,0.018134,3.640883,3.627352,3.683409,3.839015,3.762662,3.822585
-7.007719,-15.560185,3.816131,3.612293,3.497552,3.916078,4.192903,4.401672,4.182053,3.949941,3.303249,3.751364,3.859529,3.713884,3.707637,3.784241,3.766487,3.895365,3.1048,2.562273,3.529736,3.875742,3.765561,3.486888,3.752031,3.579672,4.328385,0.019423,3.59127,3.592236,3.632185,3.792623,3.69694,3.769105
-6.596099,-15.571771,3.715856,3.566594,3.415031,3.869392,4.159368,4.387206,4.135368,3.919037,3.263468,3.697774,3.814159,3.659308,3.645828,3.764514,3.716843,3.849666,3.066462,2.416332,3.474324,3.827417,3.722069,3.38605,3.668912,3.534891,4.300679,0.016523,3.579028,3.587404,3.556154,3.74301,3.664401,3.723358
-5.497178,-15.697152,3.588951,3.487689,3.283194,3.802323,4.112683,4.360247,4.064682,3.810213,3.164179,3.625116,3.735583,3.583362,3.599143,3.714541,3.657335,3.796405,3.006539,2.306474,3.36962,3.755574,3.696296,3.301965,3.547455,3.503641,4.291336,0.017168,3.551321,3.565497,3.495587,3.697585,3.598035,3.66569
-6.405917,-16.094506,3.504128,3.413387,3.222371,3.75761,4.084408,4.341836,4.066326,3.745446,3.076397,3.556074,3.688897,3.520895,3.577115,3.681664,3.646157,3.755638,2.973356,2.064205,3.295844,3.693396,3.668912,3.24172,3.496875,3.522649,4.291336,0.01749,3.508795,3.585149,3.445651,3.649904,3.542945,3.585149
-5.768025,-15.871288,3.444292,3.331523,3.186864,3.712569,4.071915,4.334932,4.043312,3.699747,2.965601,3.489662,3.655034,3.489004,3.53832,3.645171,3.605061,3.766816,2.932763,1.945326,3.300032,3.661824,3.654414,3.227867,3.448228,3.492365,4.264918,0.018134,3.470136,3.562275,3.404092,3.625419,3.493654,3.536824
-6.321004,-15.956045,3.397606,3.266427,3.158918,3.637938,4.061394,4.331644,4.000243,3.633664,2.917929,3.432127,3.596841,3.433442,3.469936,3.586321,3.564622,3.750706,2.922454,1.827736,3.278125,3.637662,3.639273,3.159568,3.406347,3.44404,4.256542,0.016846,3.438241,3.563886,3.385406,3.592558,3.478512,3.472713
-6.336601,-15.941078,3.345003,3.165494,3.11026,3.585992,4.009449,4.310603,3.930872,3.499196,2.812723,3.362756,3.527799,3.371962,3.417004,3.509388,3.49558,3.668513,2.854799,1.711112,3.2298,3.579994,3.631863,3.134761,3.343202,3.410213,4.248166,0.016846,3.402481,3.533602,3.305187,3.551321,3.364143,3.488177
-6.800584,-16.452398,3.260837,3.068506,3.108288,3.542265,4.003859,4.286931,3.946653,3.513662,2.777544,3.283523,3.45547,3.304893,3.363414,3.491963,3.466319,3.66391,2.822583,1.574836,3.21047,3.543267,3.602868,3.087081,3.247197,3.459504,4.230125,0.018456,3.338048,3.515561,3.279736,3.512661,3.354478,3.434375
-6.98903,-16.689618,3.119795,2.972834,3.059958,3.488347,3.97953,4.28463,3.918379,3.455799,2.722968,3.251961,3.392675,3.262481,3.309824,3.429826,3.423908,3.664897,2.75074,1.309372,3.19855,3.474646,3.576772,3.019426,3.147003,3.452094,4.214338,0.024577,3.297777,3.4798,3.238821,3.475612,3.321939,3.396682
-7.927338,-16.690634,2.976779,2.763078,3.056342,3.382483,3.953558,4.272136,3.877612,3.37788,2.661817,3.182919,3.318372,3.136233,3.261166,3.366044,3.371962,3.626102,2.724644,0.97722,3.14797,3.355767,3.543267,2.992364,3.01105,3.420844,4.214338,0.018134,3.237532,3.448873,3.20596,3.422455,3.26395,3.333859
-7.479396,-16.023023,2.802202,2.6342,2.982368,3.257878,3.91016,4.254383,3.844406,3.322318,2.552665,2.949163,3.212179,3.023136,3.205933,3.300619,3.322646,3.561663,2.678253,0.872516,3.093202,3.248163,3.47078,2.906668,2.792943,3.387017,4.19823,0.016846,3.173099,3.391205,3.190174,3.37703,3.224323,3.340947
-9.122168,-15.750178,2.610528,2.459951,2.85349,3.166809,3.87531,4.220191,3.790487,3.258536,2.428718,2.896888,3.145768,2.8696,3.078698,3.264125,3.273331,3.51958,2.681796,0.56517,3.065818,3.157957,3.42761,2.777802,2.62574,3.228511,4.174712,0.016523,3.120908,3.346102,3.118331,3.324194,3.164078,3.311952
-8.867181,-15.62023,2.324169,2.341594,2.748612,3.059958,3.818762,4.167587,3.694486,3.213823,2.277483,2.829161,3.038259,2.626967,3.015246,3.19048,3.199686,3.42062,2.5336,0.235918,3.036178,3.034568,3.384439,2.720456,2.501706,3.150225,4.167947,0.017812,3.071295,3.288112,3.070328,3.235599,3.075483,3.252029
-8.485549,-14.851469,1.976658,2.244935,2.677926,2.969546,3.753665,4.150491,3.61854,3.101712,2.155838,2.746968,2.930423,2.488554,2.935025,3.120781,3.14511,3.402866,2.484953,0.198869,2.996874,3.006861,3.361566,2.635405,2.296487,3.1019,4.159248,0.017812,3.060341,3.265883,3.024258,3.192751,3.025547,3.184375
-8.205995,-14.921831,1.796491,2.060494,2.567788,2.852833,3.725062,4.133066,3.563635,2.997492,1.967123,2.560884,2.653269,2.327456,2.833764,3.040561,3.106315,3.339414,2.310017,0.18566,2.970135,2.911178,3.325805,2.529412,2.04262,3.032635,4.136052,0.016523,3.021037,3.187274,2.999774,3.104478,2.975933,3.153125
-8.59391,-15.303078,1.723504,1.954959,2.481979,2.705872,3.67213,4.129121,3.493607,2.838696,1.727778,2.424444,2.429376,1.904657,2.776229,2.974478,3.102041,3.301276,2.23753,0.18115,2.89507,2.866397,3.31163,2.435662,1.752671,2.995586,4.129287,0.016846,2.923421,3.136372,2.957248,3.049065,2.917622,3.045199
-9.19918,-15.760191,1.613365,1.89578,2.41754,2.590802,3.584677,4.107751,3.446922,2.666748,1.534789,2.263346,2.271565,1.688983,2.701927,2.908395,3.103027,3.283851,2.163432,0.176962,2.811951,2.838369,3.297455,2.359309,1.525545,2.859632,4.115111,0.016846,2.849967,3.062274,2.878317,2.993975,2.833214,2.990753
-9.618082,-16.496337,1.394732,1.719887,2.378745,2.503349,3.574485,4.101504,3.390373,2.382361,1.428595,2.16603,2.123618,1.46213,2.607569,2.8456,3.079685,3.27892,2.155378,0.175673,2.806152,2.756539,3.297777,2.305185,1.246872,2.825804,4.112856,0.01749,2.871874,3.024903,2.826127,2.968202,2.849645,2.986565
-8.953048,-15.449839,1.223771,1.599885,2.25151,2.436608,3.545882,4.096244,3.334811,2.214688,1.274402,2.073974,1.973041,1.230017,2.491184,2.77327,2.980725,3.257221,2.108664,0.172451,2.769103,2.734632,3.266849,2.246229,1.203702,2.694039,4.100936,0.012013,2.833214,3.04391,2.782312,2.948227,2.789722,2.928253
-8.940114,-15.287667,1.191551,1.453253,2.135454,2.365594,3.49558,4.070271,3.226645,2.205811,1.13303,1.920766,1.771504,1.08733,2.451732,2.692721,2.92319,3.175028,2.046808,0.166652,2.690495,2.686629,3.238498,2.14378,0.801318,2.595778,4.083217,0.013624,2.810985,2.980122,2.682441,2.874129,2.735276,2.800031
-8.999859,-14.511333,1.118564,1.261908,2.005589,2.20877,3.459415,4.027531,3.136233,1.788929,0.908807,1.683722,1.41676,0.898287,2.363292,2.549048,2.843298,3.075739,1.956602,0.163753,2.647969,2.678253,3.189529,2.03521,0.600931,2.525224,4.053256,0.017168,2.742686,2.891204,2.58418,2.795199,2.614786,2.695327
-9.14436,-14.458365,0.87856,1.011384,1.777093,1.955616,3.382483,3.993996,3.045821,1.602844,0.737846,1.426623,1.180044,0.785518,2.296552,2.416553,2.768339,3.017547,1.783599,0.147322,2.559696,2.667621,3.120908,1.973033,0.463366,2.397969,4.026194,0.016846,2.74784,2.851578,2.545198,2.771358,2.590946,2.605443
-8.921722,-15.025926,0.608967,0.755928,1.493363,1.744216,3.312783,3.952571,2.767023,1.42728,0.669133,1.329964,1.029138,0.621461,2.188715,2.280442,2.601323,2.947847,1.599965,0.132181,2.626384,2.670521,3.032312,1.791653,0.312915,2.36994,4.001387,0.016201,2.704348,2.871552,2.485598,2.654734,2.496551,2.524257
-7.822581,-14.79562,0.449184,0.684256,1.333909,1.652489,3.269385,3.953229,2.723626,1.360211,0.617515,1.238894,0.991329,0.579707,2.095673,2.193318,2.551678,2.926149,1.574514,0.130248,2.617685,2.646358,2.987209,1.766847,0.008147,2.24494,3.981735,0.016523,2.719168,2.877029,2.374773,2.610276,2.458858,2.474644
-6.421998,-13.202368,0.376525,0.579707,1.233634,1.613365,3.207577,3.927913,2.609871,1.291826,0.541569,1.063988,0.873629,0.547487,2.030247,2.105536,2.452389,2.825545,1.486885,0.120905,2.595778,2.598033,2.925031,1.704991,0.008147,2.141203,3.94243,0.016846,2.6586,2.75815,2.263948,2.497196,2.326448,2.344167
-7.332477,-13.931361,0.116795,0.370936,0.967,1.427609,2.96067,3.818762,2.417211,1.111002,0.318333,0.597789,0.673735,0.438992,1.827395,2.000329,2.360005,2.596062,1.345455,0.113173,2.581281,2.491074,2.836114,1.523612,0.006214,2.144424,3.922134,0.019423,2.530056,2.711436,2.185017,2.375417,2.246873,2.096422
-7.668312,-14.070067,0.034273,0.028684,0.821683,1.356923,2.881765,3.782268,2.315292,1.034069,0.198331,0.281181,0.580364,0.30847,1.580817,1.80208,2.131838,2.54576,1.260081,0.10383,2.533922,2.337079,2.767492,1.435983,0.006214,2.037143,3.894428,0.016523,2.389592,2.64217,2.141525,2.31936,2.117685,1.966267
-8.749222,-14.479625,0.025068,0.024739,0.379156,1.280648,2.7519,3.737884,2.287675,0.96437,0.099042,0.02441,0.399211,0.100357,1.451281,1.636379,1.990795,2.360334,1.122194,0.092876,2.507827,2.202736,2.744941,1.35963,0.00557,1.825803,3.8635,0.016523,2.276512,2.597067,2.046486,2.282956,2.009759,1.860919
-9.207235,-14.899272,0.023753,0.026383,0.172029,1.223771,2.714091,3.703363,2.201537,0.844368,0.024081,0.023753,0.183536,0.000081,1.187606,1.493692,1.961205,2.271565,1.002671,0.082567,2.422131,2.178896,2.704992,1.288753,0.00557,1.766525,3.840626,0.015879,2.29552,2.582569,1.907311,2.266847,1.920842,1.572581
-8.383973,-14.020331,0.022438,0.02178,0.090494,1.155386,2.601652,3.687582,2.148276,0.607652,0.023424,0.022438,0.065178,0.000081,1.096865,1.477254,1.927999,2.201866,0.910532,0.075157,2.36994,2.132827,2.676964,1.211756,0.005248,1.701125,3.82194,0.016201,2.215945,2.568072,1.906022,2.136048,1.835468,1.508148
-8.260169,-15.078474,0.021123,0.021451,0.023095,1.162619,2.483623,3.645828,2.05885,0.477458,0.02178,0.021451,0.001067,0.00041,1.041302,1.435828,1.876053,2.153536,0.848998,0.069681,2.30293,2.103187,2.584825,1.159243,0.004925,1.760726,3.787147,0.022644,2.300353,2.560662,1.818071,2.009437,1.763947,1.300351
-8.125059,-15.924567,0.02178,0.02178,0.02178,1.146509,2.388937,3.603088,1.999014,0.38869,0.022438,0.022109,0.00041,0.000081,0.85982,1.385855,1.793203,2.159454,0.746872,0.060016,2.230443,2.130894,2.564528,1.093521,0.004281,1.586434,3.772327,0.015235,2.287788,2.499451,1.818071,2.004605,1.591589,1.148612
-8.715705,-16.201161,0.018164,0.018821,0.035589,1.093248,1.967123,3.552128,1.572597,0.253565,0.018164,0.014218,-0.000576,0.001396,0.690503,1.321745,1.538405,2.139728,0.54874,0.044874,2.160211,2.061628,2.531667,1.032632,0.004603,1.334823,3.700484,0.014913,2.186628,2.438561,1.818715,2.008793,1.53972,1.03972
-8.75152,-17.169251,0.015862,0.01652,0.01652,0.863437,1.691284,3.466319,1.362184,0.016848,0.016848,0.016848,0.00041,0.00041,0.609954,1.214565,1.366458,2.088769,0.229474,0.01459,2.116718,2.103509,2.507505,0.988495,0.003959,1.143457,3.625742,0.013624,2.139592,2.409244,1.796808,1.891847,1.377349,0.750738
-8.912257,-16.792856,0.017506,0.015862,0.015862,0.684256,1.648544,3.430154,1.201414,0.015862,0.016191,0.015533,0.001396,0.000739,0.573131,1.008096,1.291169,2.026302,0.139268,0.007181,2.059373,2.025545,2.524257,0.951124,0.003959,1.15731,3.604801,0.014268,2.072904,2.453059,1.863496,1.911499,1.33579,0.332245
-7.894838,-16.956769,0.014876,0.014547,0.014218,0.662557,1.547282,3.403853,0.994617,0.014876,0.015205,0.015205,0.000739,-0.000248,0.523815,0.789792,1.218182,2.000987,0.088366,0.002348,2.038432,2.003316,2.502672,0.972387,0.004603,1.341911,3.572584,0.014268,2.08418,2.536822,1.813561,1.799708,1.190815,0.022322
-7.358626,-15.948642,0.01652,0.015205,0.015205,0.588255,1.49435,3.386428,1.065632,0.01389,0.014218,0.014876,0.001067,0.001396,0.477458,0.68064,1.172482,1.977315,0.000415,-0.00474,2.010082,2.014914,2.480765,0.978508,0.004603,1.345455,3.563886,0.014268,2.106409,2.515559,1.860275,1.875094,1.19307,0.004925
-7.950766,-16.079846,0.01389,0.01389,0.013561,0.291045,1.4595,3.295687,0.873629,0.013232,0.013232,0.013561,0.001067,0.001067,0.025397,0.604365,1.055111,1.77249,-0.000551,-0.005384,1.949837,1.946615,2.408922,0.948869,0.003959,1.373161,3.512017,0.014913,2.095133,2.517814,1.83869,1.823226,1.120583,0.005248
-8.466121,-16.367746,0.011259,0.011917,0.011588,0.113508,1.26684,3.201987,0.511651,0.010273,0.010602,0.010931,0.00041,0.000739,0.00041,0.464636,0.739161,1.56109,-0.000551,-0.00474,1.831602,1.944038,2.341268,0.916008,0.003959,1.258792,3.49011,0.01298,2.121229,2.543265,1.880249,1.61704,1.056795,0.003959
-9.715721,-17.016164,0.010273,0.011259,0.011588,0.021123,1.137633,3.144453,0.406444,0.009615,0.009944,0.010931,0.003698,0.00041,0.00041,0.42091,0.621789,1.511117,-0.001196,-0.005384,1.861563,1.947904,2.348033,0.940815,0.003959,1.16021,3.473357,0.013946,2.255249,2.603188,1.930507,1.653122,1.043586,0.00267
-9.626379,-16.618678,0.009287,0.009287,0.009944,0.009615,1.056097,3.118808,0.121398,0.009287,0.009615,0.009287,-0.000248,0.000081,0.000739,0.406115,0.546829,1.452267,0.000737,-0.005062,1.846099,1.950159,2.340945,0.936627,0.003959,0.96981,3.481411,0.013946,2.283922,2.664077,1.965623,1.621872,1.10673,0.00557
-10.345102,-17.081225,0.013232,0.006328,0.017177,0.010273,1.021576,3.120123,0.010273,0.0083,0.0083,0.008958,0.000739,0.228907,0.000739,0.387046,0.487322,1.368102,0.000415,-0.006673,1.821293,1.927929,2.329025,0.926962,0.003959,0.93405,3.472391,0.014268,2.260404,2.69565,1.952736,1.618651,1.040364,0.004603
-7.603158,-15.217605,0.008958,0.009615,0.009615,0.009615,0.994946,3.073109,0.009615,0.012246,0.004026,0.008629,-0.000576,0.271318,0.00041,0.336744,0.434718,1.295772,0.000415,-0.005384,1.836434,1.973033,2.331925,0.975931,0.003959,0.955635,3.447262,0.013302,2.291976,2.749129,1.951125,1.547452,0.976253,0.004603
-8.984718,-17.047783,0.009287,0.009287,0.009944,0.009615,0.895328,3.097438,0.010273,0.007972,0.0083,0.008958,-0.001234,0.264085,0.000739,0.271318,0.350224,1.212264,0.000415,-0.003773,1.812594,1.9711,2.327092,0.991395,0.004603,0.855119,3.432442,0.014268,2.311628,2.723678,1.93244,1.607697,0.994294,0.003315
-8.742217,-17.829131,0.009944,0.007314,0.004684,0.008629,0.81182,3.074424,0.0083,0.008629,0.008958,0.009287,0.000739,0.414663,0.000081,0.162823,0.250277,1.172154,0.000737,-0.004095,1.944682,2.001383,2.368974,1.116073,0.005248,0.837078,3.441463,0.01298,2.268136,2.740108,2.079669,1.980442,1.126704,0.002348
-9.529313,-19.151717,0.0083,0.007972,0.007972,0.007972,0.654338,3.031027,0.0083,0.001067,0.005013,0.002382,0.000739,0.331484,0.000081,-0.000248,0.185837,1.165907,0.000093,-0.003129,1.971744,1.968522,2.449837,1.105119,0.004603,0.478508,3.446617,0.013946,2.318394,2.732376,2.122517,2.227865,1.193393,0.005248
-9.489004,-18.247882,0.007972,0.007314,0.007972,-0.002549,0.613241,3.026753,0.009615,0.0083,0.010273,0.007972,0.00041,0.317346,0.000739,0.000081,0.087863,1.135989,0.000093,-0.005062,1.963045,2.019424,2.446293,1.121228,0.006214,0.623482,3.431798,0.012657,2.339012,2.804219,2.125739,2.229154,1.146356,0.005248
-9.710817,-19.079297,0.008629,0.0083,0.007972,0.007972,0.666174,3.027081,0.006657,0.007972,0.007643,0.008629,0.00041,0.287099,-0.000576,-0.001234,0.00041,1.038343,0.000093,-0.005706,2.065816,1.992685,2.513948,1.116395,0.003959,0.720776,3.456282,0.013624,2.324837,2.830959,2.199515,2.226254,1.16021,0.003637
-11.832291,-19.692898,0.008958,0.010273,0.0083,0.007643,0.646447,3.051739,0.008629,0.007314,0.0083,0.0083,0.000081,0.322278,0.00041,-0.000248,-0.000248,1.050837,0.000093,-0.005062,2.086435,1.986241,2.555508,1.15731,0.003959,0.676317,3.459504,0.013624,2.343845,2.816784,2.226254,2.176319,1.134758,0.004281
-11.086054,-20.773183,0.008958,0.000081,0.003369,0.0083,0.607981,3.038259,0.005341,0.01652,0.007972,0.00567,-0.000576,0.315374,-0.000248,0.001067,0.008958,0.991658,0.000093,-0.00474,2.065816,2.108986,2.508149,1.238496,0.004281,0.754604,3.401192,0.013946,2.399902,2.807441,2.19726,2.128961,1.123483,0.004603
-9.855865,-13.267402,0.007972,0.008958,0.008629,0.007314,0.633954,3.122096,0.008629,0.007972,0.007972,0.0083,0.00041,0.265072,0.000739,0.00041,0.000739,0.930178,0.000093,-0.004417,2.112208,2.102221,2.545198,1.338045,0.00557,0.846098,3.404092,0.014913,2.404734,2.817106,2.235597,2.159566,1.097709,0.004925
-3.667262,-3.293895,0.007972,0.0083,0.008629,0.002711,0.609296,3.090534,0.0083,0.007972,0.007314,0.007643,-0.000248,0.271318,0.00041,0.00041,-0.000248,0.918013,0.000093,-0.00474,2.120262,2.082569,2.522647,1.405055,0.005248,0.740106,3.392816,0.014268,2.338368,2.810985,2.140558,1.988819,1.064849,0.004603
-2.119647,1.660522,0.007314,0.007314,0.0083,0.008629,0.416307,2.943573,0.006985,0.007314,0.0083,0.006985,-0.000576,0.284798,0.000081,0.00041,0.001067,0.839765,0.000093,-0.00474,2.074837,1.859308,2.544876,1.263302,0.00557,0.436627,3.399259,0.013624,2.183729,2.82065,2.04552,1.704669,0.928573,0.004281
5.469222,8.301526,0.005999,0.004026,0.00567,0.00567,0.006657,2.790695,0.0083,0.007314,0.009615,0.00567,-0.000576,0.720421,-0.000576,-0.000248,0.004355,0.614228,-0.000551,-0.004417,2.099321,1.834179,2.629606,1.319037,0.006536,-0.000551,3.555187,0.013624,2.217878,2.704348,2.019424,2.121229,1.509437,0.005892
8.349534,11.380559,0.005013,0.005341,0.006328,0.006985,0.006985,2.742037,0.005999,0.005999,0.00567,0.00304,-0.000576,1.147824,-0.000248,0.001067,0.00041,0.354826,-0.000229,-0.004095,2.298097,1.266846,2.678897,1.107374,0.005248,0.431794,3.659891,0.014913,1.899257,2.343201,1.626705,2.118651,1.451769,0.006536
9.523345,10.850809,0.005999,0.004355,0.006657,0.006657,0.007314,2.750256,0.006657,0.005999,0.00567,0.006985,0.000081,1.21851,0.000739,0.000081,0.000081,0.385074,-0.000229,-0.003451,2.354798,0.698869,2.657312,0.913753,0.004281,0.31066,3.650226,0.014268,1.825481,2.285211,1.47271,2.236242,1.329668,0.00557
10.065742,11.994322,0.006328,0.006657,0.006657,0.007314,0.116795,2.776558,0.007314,0.005999,0.006328,0.005999,-0.000576,1.230675,0.000081,-0.000576,0.000081,0.421896,-0.000229,-0.006028,2.315816,0.740106,2.612531,0.784243,0.00267,0.271678,3.653126,0.015235,1.795842,2.183084,1.405377,2.22851,1.206601,0.004281
12.01342,13.137629,0.006985,0.006985,0.007314,0.007314,0.390663,2.769982,0.0083,0.007314,0.006985,0.006657,-0.000248,1.284922,0.001396,0.000739,0.000081,0.501459,0.000737,-0.00474,2.236242,0.703379,2.5961,0.666653,0.002992,0.000415,3.663435,0.01459,1.77329,2.041332,1.374127,2.191461,1.178895,0.008791
13.085292,14.386354,0.007314,0.007314,0.007643,0.006657,0.251592,2.791024,0.007972,0.006328,0.006328,0.005013,0.000739,1.233963,0.001067,0.00041,0.000739,0.464308,-0.000874,-0.005706,2.263626,0.900222,2.541977,0.624771,0.00267,0.136691,3.608989,0.013624,1.855442,1.901512,1.274256,2.060661,1.092233,0.003315
14.371296,15.916202,0.005999,0.006328,0.006985,0.0083,0.133234,2.848887,0.007643,0.006328,0.077014,0.005999,-0.000576,1.317142,0.000081,0.009615,0.007972,0.464308,-0.000551,-0.005062,2.240108,1.134436,2.498484,0.570325,0.002026,0.49075,3.535535,0.016846,1.964334,1.873806,1.13057,1.817427,1.074514,0.003959
14.268382,15.964752,0.006657,0.006657,0.0083,0.007972,0.451485,2.854477,0.007972,0.006985,0.067479,0.006328,-0.000248,1.224428,0.005013,0.001067,0.000739,0.53072,-0.000229,-0.005062,2.079025,1.228509,2.450804,0.483985,0.001382,0.537142,3.493009,0.01459,1.917942,1.783277,1.037465,1.728831,0.82999,0.003315
15.224848,17.161603,0.007972,0.007972,0.008629,0.010602,0.508692,2.918587,0.010273,0.007972,0.239427,0.007314,0.000081,1.136975,0.00041,0.000081,-0.00222,0.574117,-0.000229,-0.005062,2.091912,1.25847,2.437917,0.478186,0.001704,0.693714,3.484311,0.014913,1.933406,1.766202,1.035532,1.721099,0.774578,0.003637
14.967074,17.237754,0.004684,0.007314,0.007972,0.008958,0.435704,2.93108,0.008958,0.007972,0.293017,0.007643,-0.000576,1.125797,-0.000248,0.00041,0.001396,0.577734,0.000093,-0.005062,2.091589,1.307439,2.453703,0.45789,0.002026,0.787142,3.484955,0.013946,1.915043,1.729153,0.976898,1.757826,0.755892,0.003315
14.482375,17.424683,0.006657,0.002711,0.008629,0.009287,0.517897,2.96593,0.011917,0.007314,0.343319,0.0083,-0.000248,1.134016,0.000081,0.00041,-0.004193,0.61357,0.000093,-0.004095,2.057762,1.407632,2.432118,0.4595,0.001382,0.86865,3.493331,0.01459,1.897968,1.701769,0.991717,1.731731,0.756859,0.002026
14.36401,18.669998,0.0083,0.008629,0.008629,0.008958,0.645132,2.980396,0.010602,0.007972,0.408088,0.0083,0.00041,1.086344,0.00041,0.00041,0.001067,0.646776,0.000415,-0.005062,2.018136,1.521679,2.409244,0.458212,0.003315,0.955312,3.519427,0.014268,1.9057,1.663432,0.956601,1.707568,0.68566,0.001059
14.59132,18.731062,0.007643,0.008958,0.009615,0.008958,0.590885,2.962971,0.009287,0.007972,0.344306,0.007643,-0.000576,1.061358,0.001725,-0.000248,0.000739,0.654338,-0.000874,-0.005706,2.049386,1.584179,2.400224,0.570325,0.00267,1.034243,3.550677,0.013946,1.901512,1.587078,0.955635,1.664076,0.703702,0.002026
14.231001,19.185113,0.0083,0.009287,0.008958,0.008958,0.662886,2.936669,0.008958,0.007314,0.314059,0.008629,0.000081,1.007768,0.00041,0.00041,0.000081,0.638228,0.000415,-0.006028,2.025545,1.578058,2.300675,0.443392,0.001382,1.105119,3.515239,0.015235,1.880249,1.526511,0.951124,1.604798,0.61865,0.002348
14.473603,19.535276,0.009615,0.009944,0.009944,0.008958,0.782559,2.935025,0.009287,0.005013,0.318004,0.009615,0.000739,0.941027,0.000081,0.000081,-0.001234,0.68327,0.000415,-0.007639,2.038432,1.538754,2.263626,0.444681,0.000737,1.359952,3.519749,0.015235,1.858986,1.512014,0.912787,1.522001,0.615106,0.005892
13.973752,18.707379,0.010602,0.009944,0.0083,0.008629,1.006124,3.009656,0.010273,0.009944,0.27625,0.009615,0.00041,0.859492,0.004355,0.002382,-0.000905,0.725353,0.000415,-0.005384,2.038754,1.643457,2.301319,0.570647,0.002026,1.463689,3.587404,0.013624,1.801963,1.483663,0.933727,1.72722,0.671163,0.002992
14.153037,18.490373,0.009944,0.008629,0.009944,0.007972,1.112975,3.045164,0.010602,0.009615,0.318662,0.009287,-0.000576,0.776312,-0.000576,0.00041,0.000081,0.756915,0.000093,-0.005062,2.072904,1.688238,2.251706,0.530055,0.00267,1.454024,3.592558,0.014913,1.776189,1.425352,0.894423,1.703058,0.674062,0.004281
13.778964,19.148705,0.009287,0.008958,0.011259,0.011259,1.222456,3.080342,0.010931,0.009615,0.322278,0.011588,-0.000248,0.605022,0.00041,-0.001892,-0.002549,0.795052,-0.000551,-0.005384,2.145391,1.785532,2.336113,0.461111,0.001382,1.516846,3.652159,0.01459,1.744939,1.415042,0.94597,1.748805,0.779732,0.002348
13.910772,18.366707,0.011917,0.011259,0.011259,0.123042,1.263881,3.119466,0.011259,0.003369,0.273948,0.009615,-0.005179,0.560638,0.000739,0.00041,0.00041,0.777627,-0.000229,-0.005384,2.160855,1.83869,2.32967,0.640879,0.00267,1.569037,3.676644,0.014913,1.619939,1.381537,0.969488,1.757182,0.809372,0.005892
14.118418,18.070548,0.010931,0.010602,0.010931,0.081288,1.315498,3.145439,0.011259,0.008958,0.261455,0.009944,0.000739,0.54387,0.00041,0.000081,0.000081,0.742449,-0.000874,-0.00474,2.148935,1.876383,2.333858,0.664075,0.003315,1.536821,3.656992,0.01459,1.585145,1.344488,0.944359,1.770068,0.828057,0.002992
14.004675,18.004209,0.011917,0.011259,0.012246,0.211811,1.36843,3.183576,0.012246,0.011259,0.264085,0.011588,0.001067,0.540912,0.00041,-0.000248,-0.000248,0.758887,-0.001196,-0.005384,2.231087,1.92052,2.331603,0.634758,0.002992,1.642169,3.664079,0.014913,1.583535,1.374127,1.015557,1.845455,0.893135,0.002992
14.253267,18.846148,0.010602,0.009944,0.010931,0.232852,1.467062,3.227632,0.012574,0.011917,0.275592,0.011259,-0.005179,0.572474,-0.000905,0.189454,-0.000248,0.777299,0.197902,0.012335,2.254283,2.036177,2.366396,0.601897,0.002026,1.761048,3.675677,0.014913,1.57387,1.372194,1.021034,1.871228,0.910532,0.003315
13.73952,18.474944,0.010931,0.011259,0.011917,0.211811,1.559447,3.239796,0.012246,0.011588,0.26014,0.010602,-0.000905,0.573789,0.000739,0.300908,0.100685,0.776641,0.093843,0.003637,2.245262,2.078703,2.365108,0.609629,0.002026,1.723677,3.696296,0.015879,1.534243,1.385081,1.067748,1.881215,0.907954,0.003959
14.028707,17.62027,0.012246,0.011917,0.012246,0.197673,1.623886,3.287139,0.008629,0.009944,0.247647,0.009615,0.00041,0.582337,0.001396,0.428471,0.334443,0.967,0.512658,0.040041,2.279412,2.170198,2.402801,0.699513,0.002992,1.790043,3.712082,0.015557,1.567749,1.478187,1.063238,1.92052,0.961434,0.003959
14.220165,16.613337,0.011917,0.012246,0.012246,0.179262,1.692928,3.311797,0.014547,0.012574,0.198988,0.011259,0.015533,0.652694,0.120412,0.506719,0.444581,0.945959,0.622194,0.049706,2.269747,2.20918,2.452092,0.655699,0.003315,1.685339,3.732056,0.014268,1.584179,1.522001,1.086112,1.997195,1.00106,0.003637
14.450624,16.569508,0.012574,0.012903,0.012246,0.178276,1.723175,3.328235,0.012246,0.010273,0.144083,0.012246,0.105288,0.58135,0.397567,0.545186,0.477458,1.069577,0.754281,0.06066,2.320327,2.405056,2.465301,0.636047,0.002992,1.808084,3.735278,0.015235,1.608341,1.502027,1.110596,2.015558,1.072903,0.003315
14.322283,16.043399,0.01389,0.013561,0.012574,0.217071,1.86619,3.387414,0.111535,0.012574,0.126658,0.009615,0.001067,0.571159,0.497842,0.731271,0.628694,1.341471,0.861562,0.070325,2.38025,2.470778,2.536178,0.694037,0.002348,1.802285,3.745909,0.015557,1.589334,1.502027,1.138302,2.027801,1.170841,0.004603
14.219866,15.673869,0.012903,0.012903,0.012246,0.16118,2.016768,3.406483,0.212797,0.011917,0.013561,0.013561,0.066164,0.615872,0.631653,0.761189,0.680311,1.383225,0.913431,0.07548,2.370907,2.481409,2.538433,0.721421,0.002992,1.80454,3.742043,0.015879,1.610274,1.458535,1.183083,2.021679,1.089011,0.003959
14.034089,16.28591,0.014218,0.013232,0.011588,0.203591,2.244935,3.466319,0.521843,0.01389,0.014547,0.012574,0.63231,0.698065,0.738832,0.920972,0.833847,1.61731,0.967233,0.07999,2.38476,2.537144,2.616397,0.731086,0.002992,1.80454,3.764273,0.015879,1.752994,1.483986,1.202735,2.113497,1.107697,0.004281
13.95141,17.67482,0.015205,0.014876,0.014547,0.328196,2.376772,3.498539,0.858834,0.015862,0.01652,0.015533,1.14092,0.703325,0.817738,1.118235,1.054453,1.811286,1.050673,0.087722,2.357698,2.549064,2.638948,0.738818,0.003315,1.849643,3.798745,0.015235,1.802929,1.580313,1.263302,2.167943,1.097709,0.004603
13.490494,17.658262,0.016191,0.016191,0.071425,0.386389,2.572062,3.527142,0.98311,0.015533,0.016848,0.01652,1.34443,0.750997,0.88678,1.225743,1.155386,1.976,1.080957,0.090299,2.345778,2.527801,2.675353,0.75847,0.003315,1.750094,3.818397,0.015879,1.81646,1.586756,1.281344,2.185984,1.238174,0.003637
14.040685,17.385037,0.01389,0.015862,0.083261,0.470883,2.674639,3.557718,1.070234,0.014547,0.024081,0.016848,1.43287,0.769079,1.015001,1.321416,1.243826,1.922081,1.159243,0.096742,2.391525,2.498162,2.648291,0.8374,0.002992,1.573548,3.832894,0.015557,1.873483,1.566782,1.299385,2.172453,1.494939,0.004925
13.1219,18.198861,0.015862,0.007972,0.016191,0.571816,2.703571,3.590923,1.197469,0.09937,0.101672,0.017506,1.377307,0.781573,1.220812,1.447007,1.402623,2.149262,1.206601,0.100608,2.390559,2.495907,2.707247,0.863495,0.002992,1.628638,3.863822,0.016201,1.877994,1.709823,1.322581,2.275868,1.685983,0.302284
12.395738,18.80008,0.019807,0.020136,0.222989,0.601734,2.780174,3.612951,1.307608,0.151974,0.167426,0.019479,1.443719,0.831875,1.44076,1.442733,1.474624,2.135783,1.239784,0.102864,2.405701,2.448549,2.666977,0.960145,0.004925,1.914398,3.846103,0.015557,1.930185,1.776834,1.405055,2.234309,1.638303,0.34932
12.240049,18.689918,0.028684,0.205235,0.317675,0.646776,2.81601,3.633335,1.457199,0.253236,0.240085,0.020136,1.571282,0.880204,1.603831,1.53709,1.597255,2.181811,1.192748,0.097387,2.409244,2.49494,2.629606,1.042619,0.003959,2.001383,3.862856,0.015879,1.978831,1.762659,1.440493,2.269425,1.703058,0.384436
11.816003,19.031329,0.102987,0.378498,0.523815,0.73686,2.936012,3.643198,1.756052,0.74212,0.29236,0.024081,1.648544,0.922945,1.725476,1.568652,1.733038,2.232442,1.241073,0.104797,2.407311,2.482376,2.696294,1.192748,0.004925,2.026512,3.883474,0.016523,1.945648,1.849965,1.5307,2.348677,1.850288,0.729475
11.893401,19.769425,0.22266,0.55472,0.815107,0.799984,3.096452,3.667198,1.910574,0.832861,0.346936,0.026712,1.853039,1.038343,1.897424,1.653804,1.860272,2.250195,1.2778,0.107374,2.393458,2.446616,2.674709,1.267491,0.00557,2.123806,3.893139,0.016201,1.987852,1.877672,1.589334,2.369618,1.906989,0.836756
11.037217,20.364657,0.377183,0.616529,0.98311,0.873629,3.167466,3.692842,2.147619,0.996589,0.455431,0.029013,1.975342,1.137304,2.030576,1.83693,1.90104,2.242633,1.370583,0.115428,2.419554,2.498484,2.714013,1.412787,0.006214,2.132182,3.927611,0.015557,2.064527,1.890236,1.72271,2.398291,2.037466,1.049707
10.826668,20.128092,0.535322,0.786833,1.110673,0.978507,3.22533,3.72835,2.234743,1.122838,0.548802,0.046109,2.173263,1.423993,2.173263,1.942794,1.973699,2.345868,1.401511,0.119938,2.425997,2.50235,2.668265,1.472065,0.006214,2.139592,3.955639,0.016523,2.147002,2.037788,1.736563,2.426319,2.142814,1.148612
10.621839,20.364336,0.627379,0.88941,1.398677,1.17051,3.258865,3.765501,2.36658,1.142893,0.688201,0.033945,2.376115,1.623886,2.15255,2.101591,2.136112,2.334032,1.395712,0.117039,2.435984,2.530379,2.666977,1.545841,0.132503,2.079991,3.982701,0.016523,2.196615,2.099643,1.735597,2.460147,2.240108,1.410532
10.560856,21.335678,0.792093,1.045248,1.737641,1.419719,3.309167,3.801337,2.376115,1.281963,0.756586,0.261455,2.56187,1.784326,2.338963,2.204496,2.297209,2.351457,1.425674,0.119616,2.446938,2.545198,2.666655,1.701125,0.456923,2.00235,4.029415,0.01749,2.185662,2.214979,1.812916,2.488175,2.365108,1.654089
10.878115,21.418421,1.049522,1.202072,1.980274,1.493035,3.418319,3.842433,2.409978,1.402951,0.840752,0.635927,2.754859,2.02137,2.355073,2.259072,2.347183,2.423129,1.513947,0.126382,2.471745,2.598356,2.678253,1.786499,0.527155,2.180829,4.054544,0.016846,2.260082,2.283922,1.936306,2.514915,2.400868,1.844166
10.536829,21.412138,1.188592,1.379609,2.104221,1.561419,3.439689,3.877612,2.444828,1.471007,0.900588,0.783545,2.802202,2.199893,2.384991,2.31858,2.388608,2.505322,1.53231,0.127348,2.433407,2.64668,2.647647,1.812916,0.637658,2.314528,4.078707,0.017168,2.373162,2.299064,2.042298,2.487853,2.449515,1.869617
10.945108,21.59735,1.297087,1.556159,2.204496,1.696216,3.463032,3.898982,2.532281,1.568652,0.934452,1.127769,2.859079,2.314306,2.551678,2.406362,2.458965,2.588501,1.589334,0.132825,2.447582,2.737531,2.680186,1.877672,1.229797,2.275224,4.092882,0.018134,2.406989,2.349644,2.131216,2.586758,2.521036,1.987208
10.694097,21.705722,1.346403,1.733695,2.267291,1.795176,3.466977,3.918379,2.605268,1.744216,1.100481,1.269141,2.936012,2.385649,2.681872,2.456335,2.557925,2.668392,1.649256,0.137335,2.460147,2.807119,2.650224,1.859308,1.42664,2.296809,4.100614,0.016523,2.501062,2.361886,2.130894,2.597067,2.52458,2.082569
10.512152,20.12253,1.284922,1.832327,2.386964,1.948054,3.515635,3.928242,2.770969,1.873752,1.227058,1.358896,3.053383,2.446472,2.774585,2.524719,2.563843,2.752557,1.619295,0.134436,2.42052,2.999129,2.611886,1.877672,1.639269,2.400546,4.106735,0.018456,2.540688,2.415688,2.234631,2.623162,2.527479,2.17503
10.320375,19.989231,1.482843,2.002302,2.483623,2.167674,3.585663,3.953558,2.895244,2.096001,1.347389,1.508487,3.175357,2.663461,2.793983,2.668721,2.719352,2.835737,1.81195,0.150222,2.527801,3.030702,2.674709,1.92954,1.962723,2.454992,4.127354,0.017168,2.61092,2.467556,2.309373,2.66891,2.617041,2.303896
10.618865,20.073879,1.562406,2.036823,2.500061,2.268278,3.586649,3.987421,2.988286,2.13381,1.36843,1.808327,3.242426,2.813051,2.831134,2.711132,2.77327,2.940943,1.821937,0.150866,2.590301,3.134439,2.764915,2.023935,2.31485,2.499451,4.131864,0.017168,2.63025,2.556152,2.375739,2.72851,2.653768,2.313883
10.778736,20.275242,1.665969,2.044056,2.565158,2.354744,3.617883,3.986106,3.097438,2.134139,1.541693,2.009863,3.305221,2.846257,2.935683,2.726585,2.787078,2.981711,1.83128,0.153121,2.609953,3.144748,2.717879,2.077092,2.512982,2.549064,4.135086,0.01749,2.68534,2.595134,2.432762,2.734632,2.649902,2.339012
10.541895,20.34929,1.684051,2.042741,2.668392,2.410964,3.633006,3.992681,3.129329,2.346854,1.736326,2.114413,3.354537,2.877819,3.016889,2.826531,2.844613,2.997821,1.834824,0.166974,2.616397,3.192107,2.741075,2.037466,2.694361,2.49043,4.131542,0.016846,2.71949,2.67793,2.506861,2.773614,2.696938,2.482698
10.692698,20.688817,1.718901,2.018411,2.727242,2.463896,3.619855,4.017668,3.154316,2.531623,1.92241,2.268606,3.411414,2.915299,3.089877,2.842312,2.840339,3.087575,1.926319,0.416008,2.68824,3.236243,2.769103,2.1557,2.899258,2.468201,4.134763,0.01749,2.741397,2.725289,2.589657,2.852222,2.819361,2.573549
11.340025,21.157279,1.817203,2.174907,2.752886,2.521103,3.610978,4.037723,3.19048,2.542802,2.002302,2.341265,3.450867,2.977766,3.085931,2.908395,2.872559,3.087575,1.99494,0.629926,2.696294,3.252352,2.753317,2.259438,3.095457,2.41311,4.133475,0.017812,2.806152,2.742363,2.603832,2.854155,2.809052,2.605121
11.204542,21.583578,1.913862,2.282744,2.742366,2.623022,3.651746,4.075532,3.250646,2.648666,2.11507,2.448444,3.503799,3.043191,3.201659,3.000122,2.854805,3.114206,2.001061,0.878637,2.694361,3.408924,2.706925,2.316461,3.203705,2.413755,4.131864,0.016846,2.826449,2.786178,2.613819,2.886694,2.825482,2.615108
10.957041,21.535532,2.249538,2.415238,2.884723,2.681214,3.657664,4.111696,3.368345,2.829819,2.260716,2.578966,3.551471,3.091849,3.301934,3.090205,2.946204,3.228947,2.043265,1.196292,2.648613,3.464014,2.668265,2.393458,3.302609,2.442427,4.132508,0.01749,2.88025,2.826127,2.642492,2.917299,2.908279,2.691461
10.213453,21.29682,2.562199,2.440882,2.993547,2.847244,3.719473,4.146546,3.403195,3.168782,2.361649,2.728228,3.600786,3.140178,3.323304,3.195741,3.00341,3.30818,2.063883,1.409565,2.695005,3.511051,2.744619,2.428897,3.430831,2.412144,4.146684,0.01749,2.917944,2.872841,2.659245,2.948227,2.962403,2.745263
9.835339,19.95402,2.798585,2.767352,3.059301,3.192782,3.774049,4.185998,3.521224,3.252289,2.447129,2.827846,3.693829,3.217111,3.355852,3.275303,3.055684,3.357496,2.267492,1.659888,2.788111,3.565174,2.993975,2.598678,3.540045,2.398935,4.161181,0.01749,2.977544,2.968524,2.750418,2.951449,3.035212,2.792943
9.363996,16.793427,3.176015,3.155302,3.204289,3.5061,3.897667,4.258986,3.680678,3.369003,2.736776,3.127685,3.791474,3.370318,3.442319,3.43147,3.243084,3.508402,2.414077,1.852221,2.846101,3.624453,3.074194,2.723034,3.676966,2.614464,4.180189,0.018134,2.983665,3.052931,2.96047,2.996552,3.152158,2.938884
8.452276,12.405781,3.423908,3.382811,3.366044,3.689883,4.059751,4.314219,3.823036,3.487689,2.942258,3.384784,3.869063,3.440675,3.58369,3.531745,3.317386,3.616567,2.539399,1.978187,2.917944,3.683087,3.135405,2.972712,3.728835,2.784245,4.187599,0.013946,3.079026,3.101578,3.008794,3.235921,3.289078,3.112532
5.181976,4.098219,3.694486,3.571197,3.528786,3.837501,4.161012,4.372083,3.974599,3.804953,3.19607,3.546211,3.972955,3.595197,3.695144,3.668513,3.50347,3.75498,2.757505,2.35351,3.1019,3.835149,3.354478,3.169233,3.812598,2.852866,4.230769,0.018779,3.204027,3.267816,3.146359,3.419878,3.3548,3.215947
-0.447312,-2.322238,3.890762,3.690541,3.580074,3.913776,4.229725,4.403973,4.109724,3.978544,3.391031,3.685609,4.041997,3.686924,3.748405,3.82731,3.660294,3.897667,2.905379,2.571616,3.212081,3.893139,3.415045,3.389594,3.901193,2.959181,4.263952,0.016201,3.320006,3.465947,3.214658,3.581283,3.435986,3.255573
-5.423576,-10.060962,3.903913,3.743473,3.585005,3.922324,4.228739,4.409891,4.170217,4.019312,3.422921,3.712569,4.008134,3.685281,3.795748,3.847365,3.723418,3.952242,3.031346,2.746874,3.369298,3.970781,3.69694,3.547777,3.905704,3.062918,4.318076,0.372516,3.476901,3.545844,3.31453,3.684376,3.496553,3.526837
-6.544544,-11.72265,3.914763,3.729336,3.561992,3.890105,4.205725,4.428303,4.198163,3.996627,3.344345,3.805611,3.944023,3.648458,3.761227,3.811529,3.716514,3.960791,3.120908,2.775224,3.517172,4.012018,3.813242,3.625419,3.912469,3.409891,4.312921,0.184371,3.631218,3.613499,3.570007,3.792301,3.658925,3.685664
-6.724511,-11.264605,3.865447,3.716185,3.553772,3.862817,4.217889,4.434878,4.191916,3.987421,3.353551,3.793775,3.919365,3.669171,3.729665,3.822049,3.755309,3.977558,3.084825,2.394425,3.463692,3.924711,3.78908,3.540045,3.817752,3.554865,4.334506,0.018779,3.650548,3.6702,3.662146,3.799711,3.717559,3.821618
-6.596121,-10.611303,3.780953,3.596184,3.419305,3.834871,4.202108,4.427645,4.161012,3.946653,3.262481,3.757939,3.883201,3.61854,3.687253,3.781939,3.716185,3.947968,3.045521,1.942749,3.439852,3.853191,3.776193,3.440818,3.801322,3.539401,4.329674,0.018456,3.619943,3.636373,3.621231,3.768783,3.684376,3.764917
-7.155292,-10.96052,3.660623,3.566923,3.352893,3.795748,4.143916,4.397069,4.128792,3.850652,3.152672,3.682979,3.81646,3.592567,3.623143,3.736569,3.692842,3.894379,3.077738,1.907311,3.396037,3.807765,3.749775,3.386695,3.777159,3.521682,4.312277,0.017812,3.592236,3.602868,3.559375,3.728512,3.649582,3.729801
-7.644313,-10.867744,3.57317,3.516292,3.311468,3.758268,4.12945,4.382932,4.086381,3.801994,3.108288,3.646814,3.775035,3.587307,3.584348,3.6935,3.651417,3.830597,2.99333,1.910855,3.39797,3.774904,3.717881,3.346424,3.74011,3.509762,4.293591,0.01749,3.56904,3.577095,3.508151,3.684376,3.600613,3.693719
-6.840652,-11.478,3.472566,3.437716,3.251961,3.702705,4.100189,4.369453,4.045942,3.737555,3.015903,3.607033,3.714212,3.506758,3.535361,3.653719,3.590923,3.801337,2.975289,1.859308,3.345135,3.724646,3.685987,3.269104,3.676966,3.420522,4.294236,0.01749,3.515883,3.554865,3.441141,3.644749,3.524582,3.607378
-6.252684,-11.570954,3.415031,3.34566,3.217111,3.636294,4.074216,4.342493,3.980846,3.679363,2.934697,3.55443,3.66391,3.466977,3.479799,3.595855,3.530101,3.754322,2.918588,1.83128,3.283279,3.661824,3.634118,3.222712,3.584504,3.385728,4.277161,0.017812,3.492687,3.512984,3.406991,3.620265,3.49462,3.581283
-5.743182,-11.222581,3.348948,3.253276,3.173713,3.585005,4.021613,4.313233,3.934818,3.606047,2.839353,3.498539,3.610321,3.394976,3.470593,3.551142,3.492292,3.69613,2.876707,1.861885,3.258151,3.594491,3.589981,3.151836,3.450806,3.395715,4.257509,0.019423,3.455316,3.525226,3.341269,3.552288,3.449517,3.513628
-6.713607,-11.991942,3.301934,3.148727,3.164508,3.53832,3.993668,4.291534,3.909831,3.464675,2.757489,3.44199,3.548512,3.358482,3.381496,3.513333,3.453168,3.677061,2.833214,1.83869,3.22529,3.544234,3.580316,3.090624,3.392816,3.362854,4.254609,0.016523,3.397648,3.511373,3.313885,3.511695,3.38154,3.475935
-6.791934,-12.22539,3.188179,3.066863,3.100726,3.47421,3.969339,4.26852,3.893393,3.467306,2.685159,3.360784,3.465333,3.294701,3.352236,3.488018,3.39662,3.609335,2.791655,1.783277,3.179542,3.502674,3.552288,3.091591,3.334504,3.349001,4.243011,0.016846,3.363821,3.486566,3.261694,3.478834,3.373808,3.446295
-6.510594,-12.544836,3.083301,2.974149,3.063575,3.409771,3.931859,4.245506,3.860515,3.406812,2.626967,3.286482,3.378866,3.248015,3.321002,3.432127,3.330208,3.568567,2.748485,1.692749,3.161179,3.447906,3.498486,3.012016,3.257506,3.327094,4.228836,0.017168,3.324517,3.457249,3.201127,3.417945,3.34739,3.363499
-6.83973,-11.925043,2.988615,2.811736,2.996177,3.327907,3.910489,4.219533,3.791474,3.325605,2.5165,3.172727,3.285166,3.125055,3.241769,3.360126,3.296673,3.527471,2.669876,1.604475,3.12864,3.335148,3.452416,2.952415,3.103511,3.304542,4.225614,0.01749,3.258473,3.427932,3.169555,3.349001,3.297777,3.346102
-7.504547,-12.102303,2.846586,2.630255,2.9633,3.219741,3.852625,4.188629,3.782926,3.355852,2.441869,3.043849,3.235851,3.002752,3.189494,3.306208,3.274646,3.483087,2.63025,1.430828,3.05422,3.263627,3.430187,2.872841,2.899258,3.247519,4.212728,0.01749,3.231733,3.397004,3.138949,3.294877,3.227545,3.295522
-7.746209,-12.78905,2.720667,2.464554,2.929108,3.117493,3.822049,4.169889,3.721117,3.321331,2.388608,3.005054,3.182919,2.775571,3.095137,3.267413,3.214152,3.443634,2.597067,1.173418,3.047776,3.210148,3.413757,2.83257,2.774902,3.207893,4.21305,0.01749,3.152802,3.383795,3.078382,3.238821,3.199194,3.2269
-7.606879,-12.87028,2.496445,2.417869,2.789051,3.036287,3.780953,4.147532,3.655362,3.259851,2.313648,2.967245,3.112562,2.679899,3.023136,3.208892,3.116836,3.399579,2.546809,0.854797,3.050676,3.158279,3.403769,2.783279,2.647325,3.178253,4.201774,0.01749,3.09739,3.310986,3.060663,3.199839,3.1644,3.196939
-8.075248,-13.039555,2.27288,2.349813,2.753215,2.997163,3.750048,4.13208,3.591252,3.179302,2.214359,2.870586,3.005711,2.552665,2.939299,3.161549,3.091849,3.366702,2.510404,0.685982,3.029735,3.108344,3.374774,2.725289,2.481087,3.123807,4.194042,0.017812,3.065173,3.260084,2.994297,3.132828,3.110277,3.170199
-8.108497,-13.064937,1.911561,2.227839,2.711461,2.906751,3.694815,4.109724,3.540621,3.074096,2.050302,2.763078,2.861709,2.396827,2.859079,3.116836,3.02215,3.320674,2.438561,0.416975,2.956926,2.995908,3.322584,2.600933,2.0336,3.029091,4.184055,0.01749,3.033923,3.192751,2.94114,3.080637,3.032312,3.201449
-8.348995,-13.157702,1.683722,2.040768,2.608885,2.737763,3.636294,4.093285,3.475525,2.922861,1.879999,2.533925,2.51913,2.141043,2.740722,3.00078,3.042205,3.289769,2.292298,0.187271,2.868008,2.932119,3.282635,2.450804,1.954991,2.935663,4.172135,0.01749,2.982055,3.148614,2.89056,2.991397,2.969812,3.130573
-8.278159,-12.599298,1.648872,1.946082,2.485267,2.613816,3.595855,4.08671,3.43147,2.774914,1.600872,2.384663,2.35047,1.757696,2.720667,2.946204,3.021163,3.258536,2.178574,0.179539,2.782956,2.864786,3.260728,2.344811,1.560983,2.802608,4.168591,0.016201,2.94114,3.079671,2.855121,2.966913,2.925354,3.00364
-8.095732,-12.430977,1.560104,1.862245,2.381046,2.501048,3.515635,4.05449,3.351249,2.53524,1.374019,2.233428,2.122303,1.481856,2.665433,2.845928,2.956724,3.13163,2.01137,0.164719,2.774902,2.830637,3.189207,2.298742,1.464656,2.712402,4.162148,0.016846,2.858665,3.046488,2.686951,2.936307,2.849322,2.985598
-8.032474,-12.824647,1.364814,1.701805,2.288661,2.3988,3.472237,4.014709,3.244399,2.30247,1.144208,2.034192,1.941479,1.224757,2.527349,2.780174,2.919244,3.047465,1.92503,0.158276,2.64217,2.727866,3.144748,2.148935,1.182439,2.656023,4.134441,0.016523,2.807119,2.95757,2.594167,2.888304,2.678575,2.818395
-8.376097,-13.198008,1.192866,1.504542,2.229483,2.249538,3.419634,3.97953,3.159905,2.204167,1.031768,1.863231,1.704106,0.990343,2.362964,2.670036,2.880778,3.025437,1.91021,0.15892,2.567105,2.667621,3.139271,2.041009,0.731086,2.599644,4.110279,0.016523,2.783279,2.887016,2.490752,2.81775,2.592557,2.704348
-8.327774,-13.045514,1.182674,1.298731,2.072988,2.072001,3.370318,3.961119,3.08626,1.926684,0.782888,1.616653,1.379609,0.900917,2.295894,2.588501,2.816668,2.986971,1.750094,0.145389,2.519747,2.637982,3.098356,1.930829,0.554539,2.561629,4.070975,0.016201,2.76266,2.784567,2.409244,2.766204,2.534567,2.561307
-7.490629,-13.046906,1.077467,0.995932,1.834957,1.752435,3.326592,3.91016,2.889984,1.650516,0.662557,1.386184,1.177414,0.812477,2.258743,2.42543,2.661817,2.908724,1.651512,0.137335,2.595456,2.623484,3.000096,1.85963,0.374771,2.409567,4.056155,0.016846,2.683085,2.699838,2.265559,2.679541,2.529412,2.560984
-7.991324,-12.782897,0.79571,0.860807,1.476596,1.675174,3.230919,3.892735,2.724612,1.494021,0.574775,1.293799,1.056097,0.609954,2.171619,2.338635,2.551678,2.838696,1.597066,0.133791,2.589335,2.59449,2.920199,1.806151,0.117039,2.358664,4.026194,0.017168,2.611886,2.661822,2.203703,2.633794,2.435018,2.538433
-7.526603,-12.463217,0.518226,0.723709,1.080426,1.469692,3.162206,3.866762,2.529979,1.377307,0.470225,1.05544,0.874615,0.502445,2.064768,2.160112,2.480335,2.7759,1.508792,0.126059,2.589013,2.54391,2.832248,1.688561,0.007503,2.27168,3.988822,0.017168,2.512337,2.633149,2.147646,2.553575,2.347066,2.414399
-6.828629,-11.886959,0.276907,0.594173,0.898615,1.366129,3.055356,3.831255,2.415896,1.160647,0.335758,0.691818,0.745408,0.438663,1.904985,2.067727,2.397485,2.67957,1.458212,0.119938,2.583858,2.494296,2.746229,1.571292,0.006214,2.171164,3.958539,0.016846,2.433407,2.659245,2.065172,2.51717,2.243651,2.254927
-7.147554,-12.089423,0.114494,0.345292,0.562282,1.217853,2.881765,3.78161,2.376772,1.095879,0.228907,0.125672,0.560309,0.345292,1.664325,1.843176,2.34258,2.588501,1.330313,0.110596,2.54552,2.337724,2.72851,1.406666,0.006214,2.01878,3.929866,0.016523,2.264914,2.563884,1.916654,2.408278,2.07387,2.043265
-7.599406,-11.886101,0.02704,0.060904,0.197345,1.111988,2.803188,3.746103,2.300497,0.963712,0.081617,0.025397,0.467267,0.129946,1.548268,1.718243,2.095673,2.597378,1.240751,0.102864,2.519747,2.187595,2.708536,1.312272,0.00557,1.978831,3.904415,0.015557,2.222388,2.52909,1.841911,2.33128,1.982375,1.835468
-8.022297,-11.900407,0.024739,0.036904,0.20129,1.050179,2.733489,3.703034,2.236387,0.899602,0.025397,0.023424,0.29499,0.037232,1.436157,1.610077,2.004603,2.488554,1.199192,0.098675,2.484309,2.222388,2.691139,1.286498,0.005892,1.990107,3.892817,0.015235,2.23302,2.531667,1.830313,2.302286,1.966911,1.652478
-8.092207,-11.981289,0.021451,0.022766,0.098713,0.908479,2.699625,3.672787,2.146303,0.863108,0.020794,0.022109,0.172687,0.000081,1.305635,1.491391,2.003946,2.322525,1.098676,0.090299,2.428574,2.168587,2.666977,1.22722,0.005248,1.89088,3.867044,0.015235,2.258149,2.47851,1.760403,2.245584,1.863496,1.611241
-7.908726,-12.297001,0.020794,0.021123,0.082274,0.748695,2.583569,3.649116,1.998356,0.521514,0.021451,0.021123,0.000739,-0.000248,1.077796,1.386513,1.975014,2.250195,0.93405,0.07709,2.339979,2.171164,2.632183,1.216588,0.004925,1.760403,3.847714,0.015879,2.290365,2.482698,1.786499,2.229476,1.820648,1.453702
-8.296213,-11.353782,0.020794,0.020794,0.016191,0.715489,2.533267,3.639253,1.985206,0.458061,0.027698,0.021123,0.000081,-0.000248,0.930835,1.337526,1.923725,2.265976,0.846743,0.068392,2.285211,2.128638,2.582247,1.166975,0.005248,1.728187,3.809376,0.014913,2.270713,2.43985,1.77329,2.226899,1.735919,1.316138
-7.944422,-11.247524,0.019807,0.019479,0.019479,0.687544,2.393539,3.612293,1.907287,0.363375,0.020136,0.020794,0.00041,-0.000248,0.79571,1.276374,1.823779,2.179509,0.691459,0.05615,2.208858,2.114463,2.494296,1.099642,0.003637,1.568393,3.764917,0.016201,2.27909,2.452737,1.683084,2.17052,1.615429,1.267168
-8.359072,-11.615202,0.018492,0.017835,0.017835,0.549131,2.218633,3.554759,1.504542,0.227263,0.021451,0.025068,0.001396,-0.000248,0.669133,1.211277,1.556159,2.109481,0.537786,0.042619,2.078058,2.125739,2.426641,1.071614,0.004925,1.485596,3.726257,0.015557,2.242041,2.477866,1.638303,2.140236,1.392168,1.112207
-8.574486,-11.507981,0.016848,0.015205,0.015533,0.318662,1.841861,3.46073,1.36054,0.074055,0.01652,0.009944,0.00041,0.00041,0.577076,1.085029,1.387828,2.039124,0.496227,0.039397,2.016203,2.087401,2.33869,1.04423,0.00557,1.430184,3.678899,0.015235,2.205314,2.420842,1.578702,1.965301,1.322903,0.664075
-9.099786,-11.658864,0.014547,0.015205,0.014547,0.129946,1.64427,3.428182,1.217524,0.013561,0.01389,0.015533,0.001067,0.000739,0.555706,0.877245,1.313197,1.988822,0.42825,0.032632,1.964012,2.034566,2.27909,1.015235,0.004281,1.409888,3.653448,0.013946,2.158922,2.4086,1.533277,1.796164,1.197903,0.104474
-9.116348,-12.126662,0.013561,0.013561,0.011259,0.012246,1.506514,3.335797,0.937739,0.012574,0.011588,0.012246,0.000739,0.000739,0.531048,0.682612,1.232976,1.907944,0.366717,0.028443,1.924386,1.98302,2.266847,0.989784,0.004603,1.509437,3.65087,0.014268,2.087723,2.370585,1.532955,1.782955,1.166009,0.006214
-9.801266,-12.333037,0.011917,0.012903,0.012903,0.012574,1.457856,3.266098,0.634612,0.011259,0.013232,0.012246,0.000081,0.004355,0.083918,0.604693,1.131715,1.825751,0.189526,0.011369,1.916009,1.945971,2.270713,0.97722,0.004281,1.543264,3.624131,0.014268,2.063239,2.415688,1.669875,1.813561,1.161176,0.006214
-10.148209,-12.194089,0.011259,0.011588,0.011259,0.011588,1.366129,3.227632,0.598775,0.011259,0.010273,0.011588,0.00041,0.00041,0.068137,0.57346,1.090289,1.82082,0.129925,0.006536,1.921164,1.955313,2.245907,0.980119,0.004281,1.694682,3.613499,0.014268,2.011048,2.405378,1.64378,1.818715,1.16182,0.003315
-9.169852,-11.616275,0.011917,0.010602,0.012574,0.011259,1.315827,3.208892,0.536637,0.010273,0.010602,0.010931,0.001067,-0.000576,0.000739,0.537295,1.028809,1.77249,0.095132,0.003315,1.899901,1.923419,2.2211,0.995583,0.004281,1.943393,3.599002,0.015557,2.055829,2.424386,1.676963,1.754604,1.107374,0.005248
-9.458637,-11.432166,0.011917,0.011259,0.010931,0.010273,1.252374,3.198371,0.438663,0.010273,0.010602,0.010602,0.00041,-0.002549,0.00041,0.479431,0.831875,1.723832,0.008791,-0.004417,1.912465,1.908599,2.227221,1.009758,0.004281,1.91762,3.592558,0.012335,2.072904,2.438239,1.677607,1.70789,1.195648,0.004281
-9.694364,-11.834042,0.010602,0.010602,0.010931,0.011259,1.234291,3.203303,0.397896,0.009944,0.009944,0.010273,0.00041,0.000081,0.001067,0.402827,0.772696,1.679777,0.009114,-0.004417,1.871228,1.85061,2.211435,0.97432,0.003959,1.998806,3.56453,0.014913,2.116396,2.427608,1.669553,1.664398,1.182439,0.005248
-10.138054,-11.910398,0.010602,0.011259,0.011588,0.011259,1.217853,3.163192,0.347265,0.009615,0.009944,0.009615,0.000739,0.001067,0.001067,0.398553,0.696092,1.56668,-0.000229,-0.005384,1.874772,1.893458,2.204347,0.964011,0.003959,1.912465,3.551321,0.01459,2.214012,2.484631,1.768458,1.55454,1.187916,0.00557
-9.442331,-11.568569,0.009287,0.009944,0.010273,0.010273,1.103112,3.163521,0.010273,0.009944,0.008629,0.008958,-0.000905,-0.006166,0.000739,0.336744,0.552747,1.449308,0.000737,-0.00635,1.856731,1.89829,2.203703,0.974642,0.003637,1.653767,3.526192,0.016846,2.23302,2.519747,1.80905,1.525867,1.030699,0.003637
-10.04834,-12.282076,0.006985,0.009615,0.009615,0.009944,1.073522,3.138863,0.010602,0.009287,0.009287,0.008958,0.000081,0.000081,0.000739,0.314059,0.475486,1.313197,0.001059,-0.005384,1.845455,1.868007,2.199837,0.973354,0.004281,1.522001,3.488499,0.013946,2.258149,2.599322,1.81646,1.506859,1.127993,0.004603
-9.662396,-12.414973,0.008958,0.009615,0.012574,0.009615,1.02585,3.143795,0.010931,0.008958,0.012246,0.005999,0.00041,0.261784,0.001725,0.231208,0.399868,1.217853,-0.000874,-0.00474,1.815494,1.842878,2.205636,0.943715,0.004281,1.394424,3.474646,0.013946,2.239785,2.622518,1.762981,1.750416,1.156021,0.003637
-8.823445,-12.224602,0.008958,0.008629,0.009287,0.009287,0.931821,3.119795,0.009615,0.009287,0.006657,0.0083,-0.000905,0.340689,-0.000248,0.14507,0.254222,1.100481,-0.000229,-0.005706,1.792942,1.816138,2.206602,0.956601,0.003315,1.368328,3.470136,0.013302,2.261693,2.626706,1.803251,1.772001,1.165042,0.001704
-9.112751,-12.664317,0.0083,0.0083,0.0083,0.009615,0.891382,3.106973,0.009615,0.008629,0.007972,0.0083,-0.000248,0.400855,0.000081,0.114165,0.242715,1.110673,0.000093,-0.005384,1.836112,1.806151,2.206602,0.969166,0.004925,1.216588,3.470136,0.01298,2.286822,2.620907,1.826447,1.8403,1.199514,0.006536
-9.193402,-13.022953,0.009287,0.009944,0.009944,0.009615,0.850944,3.112562,0.009615,0.008629,0.009615,0.007972,0.000081,0.440965,0.00041,0.007314,0.198988,1.031439,-0.000229,-0.00474,1.821937,1.757182,2.205314,0.923096,0.003959,1.242362,3.460471,0.014268,2.274257,2.656023,1.846744,1.82387,1.159565,0.004603
-9.100231,-12.866074,0.001396,0.008958,0.008629,0.0083,0.827929,3.095466,0.009287,0.007972,0.0083,0.007972,-0.000248,0.424855,0.000739,0.000739,0.073069,1.03111,0.000415,-0.005062,1.848999,1.724643,2.211757,0.912787,0.004281,1.132503,3.454349,0.014268,2.236242,2.653446,1.883148,1.933728,1.201125,0.004925
-9.245548,-15.224338,0.010273,0.008958,0.009615,0.009287,0.730284,3.083959,0.008629,0.007972,0.0083,0.0083,0.000081,0.411704,0.001067,0.00041,0.015862,1.015001,0.000415,-0.005062,1.845455,1.760081,2.206925,0.92374,0.003959,1.138624,3.447584,0.013946,2.277157,2.710147,1.942749,1.907955,1.077735,0.004925
-8.087754,-15.0441,0.009287,0.002054,0.005999,0.007643,0.582337,3.053383,0.008629,0.006985,0.009615,0.005999,0.000739,0.405457,-0.000905,-0.000248,0.000739,0.907821,0.000415,-0.005062,1.839012,1.727543,2.203059,0.947581,0.003959,1.031343,3.425677,0.013624,2.314528,2.704348,1.990429,1.860597,1.013624,0.004925
-8.12626,-13.478605,0.0083,0.007972,0.007972,0.0083,0.472856,3.010643,0.007972,0.006985,0.006657,0.009615,0.000739,0.33773,0.001396,0.00041,-0.000248,0.865409,0.000737,-0.005062,1.721421,1.660532,2.175997,0.898934,0.003959,0.839333,3.364143,0.013624,2.26427,2.684374,1.800352,1.579024,0.921163,0.003959
-6.654687,-7.839244,0.007972,0.0083,0.0083,0.007643,0.46628,2.967903,0.0083,0.007972,0.006985,0.006985,0.000739,0.270003,0.000739,0.00041,0.00041,0.776641,0.000737,-0.005706,1.920842,1.736241,2.301319,1.10673,0.004603,0.278121,3.406025,0.013624,2.227865,2.678575,1.938561,2.007504,0.976253,0.006214
-7.107852,-4.556621,0.007314,0.012574,0.006985,0.007314,0.22529,2.87223,0.007314,0.006328,0.005999,0.006657,0.00041,0.757244,0.011259,0.007643,0.001396,0.68064,0.000737,-0.00635,1.945326,1.562916,2.32967,1.142168,0.004925,0.144101,3.388628,0.013946,2.18985,2.716268,1.9711,2.012659,0.964011,0.003637
-1.964303,1.628982,0.007314,0.013561,-0.001892,0.006657,0.067479,2.834093,0.006328,0.005341,0.006328,0.006657,0.001067,0.796696,-0.000576,-0.000248,-0.004193,0.617187,0.000093,-0.00635,1.849643,1.569682,2.273935,1.093521,0.004281,0.000093,3.356089,0.014268,2.09771,2.584825,1.766202,1.831924,0.926962,0.003637
1.503714,2.964566,0.00567,0.006657,0.004026,0.006657,0.062548,2.790037,0.006985,0.009287,0.007643,0.006985,0.002054,1.143879,0.002382,0.000081,0.000081,0.414005,0.000415,-0.005062,1.860919,1.274578,2.191783,1.080313,0.003959,0.000093,3.350612,0.01459,1.901512,2.27909,1.603831,1.555184,0.886369,0.000415
4.697225,7.21436,0.007314,0.006985,0.00567,0.005013,0.005999,2.714091,0.006657,0.006985,0.007643,0.006328,0.001067,1.152099,0.000081,-0.000576,-0.000576,0.271976,-0.000229,-0.005384,2.046164,1.303895,2.418909,1.183405,0.004603,0.465944,3.588692,0.015557,1.835468,2.284244,1.622194,2.072259,0.976898,0.003315
7.269466,9.070764,0.00567,0.004355,0.00567,0.005013,0.005341,2.637159,0.006985,0.006657,0.005999,0.006328,0.000081,1.222456,-0.000576,0.006657,-0.001892,0.192413,0.24075,0.016523,2.406345,1.014269,2.675353,1.42213,0.00557,0.598354,3.782958,0.015235,1.802929,2.202092,1.545519,2.223999,1.310661,0.006214
10.098125,10.35861,0.00567,0.005999,0.005999,0.00567,0.00567,2.666091,0.006985,0.005999,0.005999,0.005999,-0.000248,1.217524,-0.000576,0.00041,0.001725,0.200303,0.079668,0.001704,2.354798,0.626704,2.658278,1.221421,0.004281,0.596743,3.772649,0.015235,1.759115,2.209824,1.472388,2.310662,1.246872,0.004925
10.845103,11.867607,0.005013,0.004684,0.00567,0.006985,0.006985,2.596391,0.007643,0.00567,0.010602,0.004355,-0.000576,1.176756,0.000081,0.00041,-0.001234,0.00041,-0.000551,-0.004417,2.291654,0.650866,2.662466,1.193715,0.00557,0.824191,3.701773,0.01459,1.946293,2.133471,1.382826,2.258471,1.039075,0.003959
11.914078,13.608202,0.005013,0.003698,0.005013,0.005999,0.005999,2.639131,0.005999,0.006985,0.005999,0.00567,-0.000248,1.201414,-0.000905,0.000081,0.000739,0.172029,0.000093,-0.005062,2.36092,0.947258,2.670198,1.233019,0.00557,0.938238,3.697585,0.01459,2.01137,2.048419,1.321292,2.174064,1.058083,0.003959
11.887587,12.29024,0.004026,0.005341,0.005013,0.005999,0.006657,2.591131,0.007314,0.006657,0.123371,0.006328,0.00041,1.152099,-0.000576,-0.000248,-0.000905,0.208523,0.000737,-0.00474,2.356731,1.149256,2.667621,1.152155,0.004603,0.980764,3.737855,0.01459,2.004605,2.029734,1.306795,2.138948,1.009436,0.004925
11.662283,12.427606,0.006657,0.009287,0.005013,0.006328,0.005999,2.548062,0.007314,0.006657,0.113508,0.005999,0.002054,1.071549,-0.000576,-0.000248,0.000081,0.177947,0.000415,-0.005706,2.355765,1.219166,2.6615,1.163109,0.004603,0.914398,3.727868,0.01459,1.984308,1.938883,1.263625,2.105442,0.953379,0.007181
12.228046,13.276991,0.005013,0.005013,0.005013,0.005341,0.005999,2.49513,0.006657,0.005999,0.015533,0.007643,-0.000248,0.995274,-0.000248,-0.000576,0.000081,0.187481,0.000415,-0.005062,2.350932,1.23914,2.665366,1.110596,0.004925,0.850931,3.726902,0.016201,1.983664,1.91762,1.226253,2.106087,1.062271,0.004603
12.303026,14.176956,0.005341,0.006985,0.004684,0.005341,0.005341,2.487897,0.006985,0.006985,0.005999,0.00567,-0.000248,0.737846,-0.000576,0.000081,0.000081,0.189125,0.000415,-0.00635,2.347389,1.253637,2.595778,1.042941,0.004281,1.038431,3.698873,0.015879,1.974643,1.890558,1.120905,2.022324,1.020068,0.003959
12.625432,13.835741,0.00567,0.004684,0.005341,0.005999,0.00567,2.556939,0.006985,0.00567,0.005013,0.005999,0.000081,0.647105,-0.000248,-0.000248,0.000081,0.237455,-0.00184,-0.005062,2.328059,1.337078,2.593201,0.967555,0.003637,1.201769,3.703706,0.01298,1.956602,1.787465,1.098676,1.957891,1.018457,0.003637
13.106736,14.099536,0.007643,0.009944,0.005999,0.00567,0.293346,2.68779,0.007972,0.007972,0.174988,0.007643,0.000081,0.710229,-0.001563,-0.001234,-0.000248,0.355813,0.022,-0.003773,2.368652,1.466911,2.54101,0.935983,0.003315,1.329991,3.676322,0.014913,1.97271,1.842233,1.075158,1.98753,0.971743,0.003637
13.648379,14.577836,0.007643,0.007643,0.007972,0.006985,0.447869,2.798914,0.008629,0.008958,0.298606,0.008629,-0.000248,0.649406,0.000739,-0.000248,-0.000248,0.57083,0.009758,-0.004095,2.291976,1.493328,2.522969,0.883792,0.00267,1.424385,3.681798,0.015235,1.916654,1.868651,1.051962,1.932762,0.992361,0.003637
13.792838,14.794387,0.009287,0.007972,0.007972,0.007643,0.531048,2.85349,0.009287,0.00567,0.253565,0.009615,0.001067,0.630338,0.001067,-0.000576,-0.001563,0.624091,0.11575,0.004925,2.331603,1.74655,2.526835,0.87316,0.003315,1.668264,3.69984,0.015235,1.937272,1.852221,1.038109,2.020713,0.920196,0.003315
13.596608,14.262242,0.007972,0.012574,0.013232,0.006657,0.51724,2.855792,0.009615,0.008629,0.181563,0.007643,0.000081,0.555049,-0.000248,0.000081,0.00041,0.623105,0.157632,0.008791,2.324837,1.791976,2.473678,0.85383,0.003959,1.660532,3.704028,0.015235,1.913432,1.856409,1.066137,2.001705,0.8999,0.003959
13.604563,14.917116,-0.004193,0.011588,0.007972,0.007972,0.518226,2.802202,0.007972,0.007314,0.09411,0.007314,-0.000576,0.518884,0.00041,0.001067,0.00041,0.609954,0.215299,0.013624,2.345134,1.866396,2.491397,0.870905,0.004603,1.674385,3.710149,0.014913,1.906344,1.833213,1.055506,2.011692,0.90441,0.002348
13.816927,14.711341,0.007972,0.0083,0.007972,0.007972,0.560967,2.824887,0.007972,0.006985,0.087206,0.006985,-0.000248,0.501788,0.001396,0.001396,0.001067,0.630338,0.243005,0.016201,2.328381,1.89088,2.477543,0.865106,0.003637,1.687916,3.721425,0.015557,1.893135,1.854153,1.060016,2.000417,0.972387,0.003637
13.785171,14.146733,0.008629,0.010602,0.007643,0.008629,0.743764,2.856449,0.008629,0.010273,0.074384,0.0083,-0.000248,0.470883,-0.000576,0.000081,0.000081,0.636913,0.344165,0.025222,2.337724,1.885726,2.456925,0.852864,0.003315,1.627671,3.746876,0.016523,1.842556,1.833535,1.061305,1.983986,0.988173,0.003959
14.223715,14.432433,0.0083,0.0083,0.0083,0.007972,0.87067,2.902806,0.009287,0.008958,0.008629,0.008629,0.001725,0.46102,0.000081,-0.000576,-0.003207,0.685571,0.42374,0.032954,2.286822,2.075481,2.498484,0.870583,0.003315,1.62896,3.774904,0.016201,1.659888,1.844166,1.047452,2.002672,1.004926,0.004281
14.290954,14.714475,0.024739,0.012903,0.009287,0.008958,1.099495,2.987629,0.010273,0.009287,0.045123,0.009615,0.001725,0.464965,-0.000576,-0.000248,0.000081,0.739819,0.545841,0.043263,2.281667,2.180829,2.514593,0.865106,0.003315,1.635081,3.804221,0.015879,1.703702,1.855442,1.069037,2.057762,1.075802,0.00267
13.754191,13.519019,0.008958,0.009287,0.009615,0.009944,1.244812,3.071465,0.010931,0.009944,0.009287,0.008958,-0.000905,0.478116,-0.00222,0.000739,0.001067,0.751326,0.639913,0.051639,2.326126,2.393458,2.512015,0.875738,0.003637,1.896679,3.81002,0.015557,1.743651,1.805829,1.092877,2.123162,1.078057,0.003959
13.837085,12.705494,0.010602,0.010602,0.011259,0.010602,1.339827,3.146096,0.010273,0.009615,0.028027,0.009615,0.00041,0.493897,0.002711,0.00041,0.00041,0.785518,0.775544,0.063237,2.308729,2.441461,2.506538,0.902477,0.003315,1.954025,3.819685,0.015557,1.845455,1.796164,1.127349,2.164399,1.078057,0.00267
13.81513,12.657894,0.010931,0.009944,0.009944,0.010273,1.407554,3.20396,0.010602,0.009615,0.067808,0.011917,0.001396,0.506062,0.000739,0.259482,0.098713,0.827929,0.887658,0.073869,2.295198,2.477866,2.537144,0.912787,0.003959,2.022968,3.829028,0.015879,1.765558,1.812272,1.17664,2.206602,1.090622,0.001704
13.422557,11.812974,0.010931,0.011259,0.011259,0.010273,1.570954,3.247029,0.010931,0.011259,0.06452,0.012246,0.00041,0.505075,0.006985,0.319319,0.331155,0.930178,0.913431,0.076124,2.35802,2.509438,2.567105,0.979475,0.004925,2.062594,3.841593,0.015235,1.729153,1.82097,1.173096,2.184695,1.101575,0.004281
13.139574,12.630775,0.008958,0.010273,0.010602,0.010931,1.700818,3.294701,0.011588,0.010602,0.035589,0.010602,0.00041,0.520856,0.00041,0.391649,0.42354,0.996261,0.952735,0.078701,2.34159,2.506216,2.579992,1.026511,0.005248,2.043265,3.863822,0.015557,1.732697,1.824836,1.232052,2.243651,1.128315,0.004925
12.43957,13.492578,0.011917,0.011588,0.011259,0.010931,1.711668,3.310811,0.012574,0.014876,0.053671,0.012246,0.000739,0.527103,0.012246,0.458718,0.449513,1.042618,0.992039,0.081923,2.343845,2.483665,2.598678,1.023611,0.004281,1.924386,3.883796,0.016201,1.73012,1.781666,1.246872,2.260726,1.198869,0.004925
11.722471,14.686129,0.011917,0.010931,0.010602,0.012574,1.775449,3.320016,0.011259,0.010273,0.021451,0.011917,0.000739,0.619488,0.433074,0.573789,0.548802,1.41413,0.983663,0.081923,2.320327,2.489786,2.634116,1.082568,0.004281,1.906666,3.883474,0.016523,1.794875,1.769424,1.261369,2.273291,1.30164,0.00557
11.868293,15.293622,0.012903,0.013561,0.012574,0.012246,2.003617,3.380839,0.257181,0.012574,0.038547,0.012574,0.166111,0.700366,0.641845,0.736202,0.709243,1.589694,0.95789,0.077735,2.306151,2.44436,2.613497,1.139591,0.004925,1.910855,3.900227,0.015879,1.849321,1.738174,1.295197,2.275546,1.29423,0.005248
11.502015,15.115032,0.014876,0.014547,0.020794,0.132576,2.202195,3.451196,0.53861,0.013561,0.085562,0.01389,0.449513,0.84108,0.732914,0.875601,0.834834,1.631448,1.031021,0.0845,2.319038,2.313561,2.623162,1.223354,0.005248,1.945971,3.929544,0.185338,1.9682,1.764269,1.368006,2.327414,1.6557,0.007181
10.905713,15.181245,0.015862,0.016191,0.015862,0.220359,2.489541,3.510703,0.854231,0.013561,0.146056,0.016191,0.74738,0.879875,0.846998,1.140592,1.014672,1.802737,1.112851,0.091588,2.358987,2.316139,2.632183,1.312594,0.00557,1.956602,3.931799,0.17374,1.995584,1.782955,1.471743,2.256538,1.69146,0.011047
10.229264,15.701721,0.006657,0.01652,0.017835,0.392635,2.632227,3.560348,1.168208,0.021451,0.221674,0.017835,1.01796,0.930178,0.953192,1.334238,1.183003,1.948712,1.191137,0.099964,2.33869,2.272324,2.656667,1.36414,0.004281,1.70789,3.972392,0.082245,2.0307,1.810661,1.589011,2.359309,1.903445,0.352219
9.658039,15.791165,0.017835,0.017177,0.017835,0.391978,2.676283,3.576786,1.225086,0.041178,0.236468,0.017177,1.069906,0.913081,1.0367,1.355608,1.237579,1.970411,1.24204,0.102541,2.387337,2.269102,2.623484,1.375738,0.006214,1.618973,3.982701,0.134436,2.069038,1.852221,1.619295,2.38025,1.888625,0.478186
9.605731,17.109727,0.018821,0.018821,0.018164,0.406444,2.745325,3.587964,1.354293,0.172687,0.276907,0.018821,1.180702,0.988699,1.227387,1.406897,1.356266,2.070029,1.281021,0.105441,2.390559,2.402479,2.619296,1.440815,0.005892,1.82097,3.993333,0.244616,2.085146,1.872839,1.674385,2.388626,1.963045,0.553895
9.311481,17.317838,0.019479,0.019479,0.01915,0.443924,2.786421,3.593225,1.467391,0.153618,0.296634,0.025068,1.223771,0.935767,1.362184,1.428924,1.374348,2.028932,1.303251,0.104474,2.346422,2.520391,2.61092,1.489462,0.005892,1.895713,3.997521,0.250415,2.10061,1.857375,1.713367,2.415688,2.034566,0.602542
9.221104,17.226686,0.020465,0.053671,0.020465,0.481733,2.826531,3.598156,1.540049,0.313401,0.262441,0.017506,1.375992,1.045576,1.49172,1.425308,1.481528,2.098303,1.334823,0.109307,2.358987,2.561307,2.582247,1.540042,0.006214,1.818071,4.001065,0.427606,2.128961,1.905056,1.735919,2.397646,2.070326,0.686627
8.572334,16.768633,0.030328,0.40743,0.252578,0.617187,2.897546,3.627746,1.858629,0.526774,0.341018,0.023424,1.437472,1.122838,1.693914,1.490733,1.668927,2.065097,1.374772,0.114462,2.386693,2.57967,2.625095,1.603187,0.006536,1.877994,4.020072,0.538109,2.155056,1.950481,1.778122,2.484953,2.24784,0.902477
8.740181,17.24473,0.10759,0.57609,0.390005,0.691489,3.068506,3.645499,1.989808,0.795052,0.384416,0.026054,1.567008,1.229689,1.751449,1.526898,1.72712,2.050631,1.406666,0.11575,2.357698,2.603832,2.623484,1.684695,0.008147,1.800674,4.016851,0.568392,2.118973,1.915687,1.80454,2.492363,2.280056,1.027155
8.917942,16.106085,0.347922,0.674722,0.732257,0.770394,3.148398,3.668185,2.123618,1.004809,0.471541,0.028027,1.757367,1.358567,1.992767,1.667284,1.792546,2.132495,1.409243,0.116395,2.303574,2.670521,2.593523,1.70338,0.007503,1.739463,4.042624,0.606408,2.139914,2.022968,1.806473,2.534245,2.29552,1.283599
8.725113,16.153554,0.745079,0.930506,0.956151,0.860807,3.288454,3.688568,2.277483,1.108372,0.51198,0.031314,2.140057,1.56668,2.082851,1.923397,1.919451,2.227181,1.442426,0.119616,2.382505,2.708536,2.642814,1.704024,0.007503,1.839334,4.077096,0.622516,2.193071,2.109953,1.819037,2.563884,2.349644,1.548096
8.28348,15.446916,0.957466,1.001521,1.413801,1.112646,3.320345,3.769775,2.351128,1.210949,0.566885,0.218386,2.47376,1.748819,2.102248,2.044384,2.096001,2.339292,1.505893,0.125093,2.387337,2.862531,2.643137,1.734308,0.006858,1.889914,4.089016,0.656343,2.222711,2.239141,1.891525,2.586113,2.368974,1.637336
8.284947,15.660988,1.137633,1.309909,1.790902,1.284594,3.358811,3.820405,2.482965,1.401965,0.680311,0.535651,2.651625,2.044056,2.272552,2.169317,2.2811,2.435293,1.544875,0.127026,2.412466,2.964658,2.703381,1.810983,0.061304,2.113497,4.104802,0.71691,2.411177,2.333858,2.0307,2.582569,2.42793,1.830958
7.827229,14.884157,1.136646,1.427938,1.875396,1.388485,3.436401,3.864789,2.472773,1.451281,0.786504,0.730942,2.786092,2.20877,2.265647,2.266305,2.340936,2.491513,1.639914,0.134758,2.424064,2.998163,2.802608,1.898934,0.589977,2.208535,4.119944,0.915686,2.433407,2.379605,2.18695,2.674709,2.472067,2.106087
8.073394,15.032737,1.217853,1.549912,2.059179,1.469034,3.510046,3.886817,2.520774,1.50224,0.796367,0.936095,2.822586,2.323182,2.269593,2.383348,2.384991,2.513541,1.623161,0.132503,2.412144,3.01105,2.811951,2.04552,1.009114,2.329347,4.126387,1.015557,2.456281,2.437917,2.272002,2.750095,2.513626,2.292298
8.418785,14.888481,1.20799,1.674845,2.121646,1.547611,3.54358,3.913776,2.561541,1.527227,0.831546,1.062673,2.900504,2.495459,2.388608,2.435622,2.384005,2.558254,1.682117,0.140557,2.442105,3.010083,2.866075,2.160533,1.417942,2.37284,4.124454,1.083534,2.499129,2.458214,2.294876,2.838691,2.565495,2.30293
8.69862,15.13289,1.237579,1.731065,2.209756,1.744874,3.574156,3.921009,2.605597,1.536761,1.023878,1.16229,2.942916,2.678913,2.592117,2.496774,2.492828,2.661159,1.761692,0.145067,2.465623,3.11672,2.855444,2.213368,1.754282,2.447582,4.126387,1.153122,2.63025,2.539399,2.348355,2.854155,2.546165,2.405056
8.279279,15.298185,1.30958,1.82871,2.330087,1.966466,3.5998,3.942708,2.722639,1.655777,1.202401,1.462788,3.037602,2.774256,2.708173,2.584884,2.612172,2.780174,1.940816,0.159887,2.547776,3.220779,2.984954,2.284566,2.063883,2.490108,4.130575,1.173096,2.648613,2.629606,2.452415,2.891526,2.721101,2.438239
9.068543,15.780253,1.320758,1.989808,2.367238,2.1177,3.604732,3.957832,2.903135,1.856656,1.307279,1.610406,3.084287,2.93634,2.772613,2.627296,2.663132,2.779188,2.03811,0.337078,2.640559,3.341914,3.047132,2.404734,2.457247,2.602866,4.154416,1.238496,2.724322,2.744296,2.565172,2.969812,2.816784,2.500095
9.330738,15.326335,1.503555,1.927013,2.478034,2.261702,3.613609,3.96638,2.983355,2.078905,1.453911,1.996055,3.198042,2.985985,2.765051,2.669707,2.768667,2.866312,2.129927,0.698869,2.732054,3.420522,3.094168,2.434051,2.717235,2.687273,4.136696,1.236885,2.766204,2.828704,2.679863,3.035534,2.939529,2.678575
9.699284,16.08682,1.546953,1.905972,2.59409,2.346525,3.629718,3.988736,3.071465,2.268278,1.563063,2.132495,3.270701,2.996177,2.849216,2.748941,2.685817,2.90182,2.181796,1.040042,2.777157,3.47529,3.146359,2.483665,2.835469,2.796487,4.147972,1.260081,2.89507,2.949516,2.818717,3.060019,3.074838,2.762016
