-77.134209,-0.213292,3.128672,3.168782,3.483087,3.891749,4.134381,2.728228,2.331402,3.056999,2.598035,2.394855,2.787078,3.394647,3.545882,3.876625,3.998270,2.829348,4.214338,3.603512,4.438888,3.838693,4.270395,3.959827,3.820652,4.184377,3.550999,4.501066,4.494945,4.168591,4.167947,3.991722,3.959183,-188.315699
-80.080389,-0.211648,3.139521,3.164179,3.486374,3.935146,4.166272,2.582254,2.273538,3.078698,2.584555,2.372169,2.775571,3.408784,3.538320,3.882872,4.017997,2.819361,4.269107,3.610278,4.446620,3.849647,4.279738,3.982057,3.865755,4.203707,3.507185,4.512342,4.511698,4.184055,4.186310,3.996232,3.951451,-195.508562
-83.739630,-0.272800,3.102041,3.142480,3.489004,3.969339,4.183368,2.522089,2.173592,3.110260,2.601323,2.333046,2.742366,3.404510,3.539964,3.887146,4.033449,2.810018,4.281671,3.648615,4.451775,3.861245,4.298424,3.989145,3.872520,4.222715,3.464981,4.512986,4.515886,4.185988,4.181800,4.065498,3.946296,-204.442219
-84.996374,-0.261622,3.074753,3.141165,3.498868,3.993996,4.198821,2.467184,2.143016,3.090534,2.628940,2.292607,2.672337,3.401223,3.541279,3.894708,4.049559,2.784889,4.298102,3.653126,4.458862,3.859312,4.317754,4.026194,3.877031,4.225936,3.443396,4.512342,4.519107,4.198552,4.185021,4.074518,3.965949,-207.510559
-89.480306,-0.332637,3.050095,3.120452,3.487689,3.993339,4.201122,2.437266,2.065426,3.064232,2.612501,2.228496,2.622693,3.377551,3.532402,3.890762,4.063038,2.729799,4.303901,3.661502,4.473682,3.858345,4.325163,4.037147,3.857701,4.209828,3.443396,4.510731,4.519430,4.203063,4.172779,4.093848,3.958217,-218.457859
-93.911634,-0.397076,3.032670,3.093164,3.477169,4.000243,4.214930,2.423786,2.002959,3.082315,2.647680,2.166687,2.588172,3.364729,3.534375,3.882872,4.061723,2.659245,4.304867,3.680510,4.479481,3.867366,4.335795,4.041013,3.827095,4.200163,3.409246,4.509442,4.524262,4.217238,4.176001,4.066142,3.949840,-219.726371
-94.256840,-0.379651,3.030698,3.072780,3.450867,4.001558,4.218876,2.362635,1.776765,3.029383,2.666091,2.099618,2.542144,3.337441,3.537991,3.880570,4.052189,2.705959,4.315176,3.678899,4.480447,3.887984,4.341272,4.045201,3.810987,4.194042,3.344491,4.505899,4.521685,4.214016,4.170202,4.118655,3.929866,-219.726371
-97.661264,-0.336582,2.985985,3.053054,3.417661,3.998928,4.215588,2.312333,1.758682,2.994533,2.694694,2.048330,2.473760,3.317386,3.545882,3.863474,4.040024,2.713369,4.302934,3.674389,4.484636,3.902482,4.341594,4.031670,3.776837,4.198552,3.296166,4.500744,4.521363,4.209828,4.166014,4.076129,3.905704,-219.726371
-98.554543,-0.291211,2.907409,3.005382,3.360455,3.989065,4.211314,2.266634,1.651174,2.912669,2.662145,1.939506,2.415238,3.283523,3.543909,3.849995,4.031805,2.646680,4.303256,3.672456,4.480125,3.899582,4.341272,4.025227,3.751708,4.214983,3.270071,4.496234,4.522007,4.210472,4.160537,4.089660,3.900871,-219.726371
-100.718038,-0.228745,2.817325,2.949491,3.312454,3.985448,4.214602,2.216332,1.623228,2.798914,2.645049,1.850738,2.301812,3.271029,3.545224,3.839145,4.016024,2.480121,4.302934,3.623809,4.472071,3.888629,4.333218,4.006864,3.696940,4.196297,3.225934,4.482380,4.514919,4.200807,4.129287,4.046812,3.874453,-219.726371
-103.417512,-0.213950,2.700940,2.923518,3.271358,3.988736,4.212629,2.150249,1.611064,2.748612,2.624666,1.763942,2.246579,3.237823,3.540621,3.823693,4.009777,2.513948,4.313566,3.635729,4.473038,3.896683,4.335795,4.002031,3.645394,4.203385,3.201772,4.478837,4.515241,4.199519,4.127031,4.047779,3.855446,-219.726371
-103.314694,-0.159045,2.669707,2.882751,3.253933,3.986435,4.224793,2.129207,1.589036,2.675296,2.640775,1.711339,2.229483,3.225659,3.530430,3.809556,3.979202,2.539721,4.312921,3.625742,4.470782,3.907637,4.339339,4.016529,3.603834,4.197908,3.179864,4.480447,4.516208,4.199197,4.119944,4.036503,3.848680,-219.726371
-110.080016,-0.175155,2.583240,2.827517,3.223029,3.977558,4.226109,2.096330,1.541364,2.615789,2.608227,1.702462,2.194304,3.247358,3.530101,3.805611,3.938105,2.550997,4.310666,3.620587,4.467561,3.895716,4.327741,4.001709,3.562275,4.188887,3.158601,4.481414,4.509120,4.184055,4.105769,3.995910,3.836116,-219.726371
-108.866828,-0.167264,2.591460,2.781818,3.153658,3.957832,4.218547,1.997041,1.541693,2.586199,2.592446,1.722517,2.195619,3.196398,3.499525,3.786213,3.921667,2.545843,4.294236,3.648937,4.456285,3.902160,4.313566,3.980124,3.474968,4.172457,3.134117,4.461117,4.493656,4.170846,4.099325,3.969170,3.798422,-219.726371
-107.306655,-0.054166,2.476390,2.763407,3.069822,3.932516,4.197834,1.840875,1.374348,2.415896,2.519788,1.752764,2.210743,3.195083,3.484073,3.745117,3.886160,2.467879,4.259764,3.635407,4.425035,3.883474,4.276516,3.951451,3.431798,4.173101,3.062596,4.414081,4.487213,4.169235,4.074841,3.933732,3.748809,-219.726371
-105.834946,-0.024906,2.426088,2.722639,2.977437,3.911146,4.180081,1.720216,1.324375,2.302470,2.420170,1.705750,2.226524,3.176015,3.438045,3.701719,3.843748,2.618330,4.230125,3.612211,4.402161,3.868332,4.244300,3.905059,3.329349,4.188243,2.915366,4.394107,4.484313,4.165047,4.041658,3.909570,3.703383,-219.726371
-104.590639,-0.091318,2.426088,2.693379,2.853490,3.891091,4.167259,1.635722,1.214236,2.259072,2.376443,1.779066,2.264004,3.135576,3.418319,3.672459,3.780624,2.688562,4.207573,3.549066,4.387341,3.860278,4.215305,3.864789,3.334504,4.201130,2.878640,4.378643,4.472715,4.155060,4.013629,3.825484,3.667945,-219.726371
-99.806197,-0.123209,2.412279,2.666748,2.792339,3.864461,4.158711,1.294128,1.092920,2.228825,2.283072,1.830683,2.188715,3.097109,3.376236,3.646486,3.742158,2.651191,4.196941,3.566463,4.372844,3.866722,4.206929,3.842237,3.242687,4.197264,2.881539,4.361246,4.468205,4.134119,3.974647,3.802933,3.627352,-219.726371
-93.394581,-0.246827,2.367567,2.534911,2.762092,3.846707,4.149505,1.221798,1.005466,2.153865,2.306086,1.915835,2.099947,3.056013,3.370976,3.614595,3.643198,2.746874,4.179867,3.575162,4.351903,3.848680,4.180833,3.820007,3.070006,4.155382,2.908923,4.338372,4.454030,4.118011,3.915369,3.705639,3.597391,-219.726371
-88.233113,-0.245183,2.340607,2.426745,2.730530,3.826981,4.123532,1.104098,0.883163,2.054248,2.252497,1.918465,1.932602,2.959683,3.311139,3.569553,3.543580,2.693394,4.147650,3.582249,4.290692,3.795201,4.092560,3.747842,3.022003,4.132508,2.826127,4.278127,4.416981,4.063565,3.805510,3.593203,3.533924,-215.412836
-91.263987,-0.217566,2.329429,2.356388,2.710804,3.784898,4.100189,1.056097,0.873629,1.936876,2.206140,1.933588,2.064439,2.908724,3.186864,3.505443,3.463689,2.750418,4.083217,3.580961,4.225936,3.752997,4.021683,3.685664,3.047132,4.181155,2.721745,4.219815,4.379287,4.022972,3.725935,3.475612,3.489465,-219.726371
-88.081170,-0.253731,2.326799,2.232442,2.687461,3.764186,4.063367,0.922945,0.820368,1.876382,2.144331,1.969425,2.230469,2.917601,3.123082,3.384126,3.362428,2.845456,4.080640,3.579672,4.212083,3.738822,3.996554,3.668912,3.139271,4.177289,2.721745,4.203707,4.364146,4.021039,3.621553,3.424066,3.465625,-215.041758
-85.737523,-0.247156,2.304442,2.188386,2.669050,3.727034,4.026216,0.823984,0.782559,1.820491,2.096659,1.899725,2.252825,2.873216,3.017876,3.308509,3.268399,2.924709,4.071619,3.570329,4.184377,3.696618,3.941786,3.618010,3.098356,4.175034,2.686629,4.184377,4.344493,3.994299,3.522971,3.363499,3.441463,-209.320309
-78.030979,-0.202772,2.288990,2.195948,2.478362,3.661609,3.986763,0.816751,0.729298,1.717586,2.059179,1.956931,2.219291,2.787407,2.970204,3.239796,3.149713,3.004928,4.049067,3.550999,4.162148,3.657314,3.878642,3.576772,3.099645,4.171168,2.647003,4.172457,4.329996,3.966271,3.446295,3.247197,3.428254,-190.505457
-71.193324,-0.260636,2.261373,2.127564,2.387293,3.545882,3.920023,0.682283,0.654009,1.665311,1.924712,1.822793,2.100276,2.762749,2.871244,3.059301,2.949491,2.977222,4.002353,3.496231,4.117366,3.567107,3.782314,3.448550,2.983021,4.161825,2.747196,4.157637,4.293591,3.895716,3.281024,3.219813,3.384762,-173.811902
-64.433198,-0.340856,2.203181,1.900711,2.085152,3.181932,3.731309,0.227920,0.354498,1.561090,1.677147,1.838245,1.851724,2.575021,2.643734,2.735461,2.515514,2.945650,3.952095,3.417623,4.046812,3.399903,3.621876,3.306153,2.917299,4.151838,2.688240,4.099647,4.238501,3.728190,2.905701,3.091913,3.311308,-157.307855
-54.429405,-0.612751,2.131838,1.774792,1.911561,2.924834,3.567909,0.125015,0.100028,1.436486,1.717586,1.600543,1.575885,2.290634,2.493486,2.507623,1.938520,2.912145,3.905059,3.360599,3.993010,3.296166,3.555509,3.231411,2.960147,4.117366,2.690495,4.118333,4.199197,3.603834,2.746552,2.926642,3.303576,-132.884168
-46.525089,-0.891551,2.029590,1.683065,1.860601,2.765708,3.435744,0.186824,0.097069,1.473637,1.685695,1.579173,1.288210,2.048658,2.210085,1.946411,1.710681,2.894103,3.867044,3.340303,3.978191,3.277803,3.530058,3.164400,2.914400,4.107379,2.594167,4.103836,4.182766,3.543589,2.815495,2.886371,3.315496,-113.586617
-21.973855,-1.241695,2.095673,1.759997,2.293593,2.649323,3.415031,0.097398,0.097726,1.659064,1.613365,1.227716,0.950233,1.814244,2.059179,1.591666,1.202401,2.845134,3.684054,3.289723,3.959505,3.188241,3.481411,3.113498,2.988820,4.030382,2.743008,4.063243,4.160215,3.441141,2.561307,2.494296,3.325161,-53.647082
-4.546422,-1.640497,2.161756,1.584762,2.648337,2.250853,3.205604,0.447211,0.176303,1.863889,1.495007,0.780258,0.798011,1.489418,1.487774,0.964041,0.957794,2.585791,3.692752,3.065818,3.908925,3.031990,3.371231,2.744619,2.499451,4.005575,2.863820,3.834183,4.086439,3.142171,2.588368,2.410211,3.047454,-11.099602
11.808846,-2.416076,2.159783,1.535117,2.805161,1.951342,3.072123,0.091809,0.090822,2.508281,0.702667,-0.000576,0.200303,0.532363,0.398553,0.085233,0.266715,2.522324,3.660213,2.906990,3.889273,2.901191,3.249774,1.739785,2.166654,3.929222,2.657312,3.417300,3.692108,2.960470,2.411822,2.648936,3.040044,28.829992
27.539732,-2.570929,2.241318,1.186620,3.046479,1.758025,3.049109,0.089507,0.088850,2.659844,0.346278,0.000081,0.000081,-0.000248,-0.000576,0.000739,0.001067,2.552930,3.711760,3.142493,3.955961,3.119942,3.382506,0.675029,1.802929,3.934054,2.594812,3.404736,3.512339,3.020070,2.223355,2.431474,3.188241,67.235586
38.686251,-2.594929,2.406690,1.128427,3.149384,1.674845,3.007355,0.088521,0.088521,2.745653,0.089178,0.000739,-0.000576,-0.000248,-0.000905,0.000081,0.000081,2.606088,3.842237,3.140560,3.959505,3.134439,3.412146,0.548740,0.576124,4.013307,2.635405,3.451772,3.535535,3.157313,1.576447,2.139914,3.678577,94.448809
47.323314,-2.706713,2.512883,1.119879,3.222042,1.699503,3.029054,0.090165,0.089836,2.904450,0.092466,0.001396,0.000410,0.000410,-0.000248,0.000739,0.000081,2.639593,3.861245,3.125096,3.949840,3.061630,3.341269,0.016846,-0.000551,3.995266,2.608987,3.450806,3.531991,3.104800,1.156988,1.850932,3.748487,115.535273
51.568018,-2.768851,2.532938,1.112975,3.232892,1.737312,3.060945,0.091809,0.092466,2.971190,0.091809,0.000081,-0.001234,-0.000905,0.000410,0.000081,0.002382,2.624451,3.822585,3.083537,3.916979,2.994941,3.245264,0.015557,0.000093,3.975291,2.572582,3.435664,3.514272,3.048743,0.470132,1.693393,3.675355,125.898672
55.299029,-2.799098,2.561213,1.139276,3.286810,1.759668,3.093822,0.093124,0.092795,2.997821,0.093452,0.001067,-0.000248,-0.000248,-0.000248,-0.000576,-0.001563,2.528768,3.757185,3.047776,3.871232,2.903446,3.185019,0.018456,0.000093,3.952095,2.531989,3.399581,3.490754,2.966591,0.013624,1.278122,3.646038,135.007449
57.218373,-2.808962,2.557596,1.348375,3.287139,1.780710,3.133603,0.094768,0.092795,3.007355,0.096083,0.000410,0.000081,0.000410,-0.000905,0.000410,0.000081,2.517814,3.769750,3.021037,3.847392,2.882828,3.158924,0.017812,0.000415,3.941786,2.545198,3.385728,3.486888,2.912145,0.012980,1.164076,3.629608,139.693055
59.295455,-2.771153,2.536555,1.316156,3.263796,1.863560,3.189494,0.096740,0.095096,3.006369,0.096083,-0.000248,0.000410,-0.000905,-0.000248,0.000739,-0.000248,2.502350,3.733989,2.982699,3.820974,2.791010,3.109310,0.577735,0.002992,3.922778,2.595134,3.340625,3.464659,2.893137,0.012657,0.815815,3.661502,144.764125
62.845776,-2.675479,2.431348,1.144866,3.202316,1.951013,3.207248,0.093452,0.093781,2.930423,0.093452,0.000081,0.001067,0.000410,-0.000248,-0.001234,-0.000905,2.340301,3.587404,2.893459,3.711760,2.531989,2.980444,1.401189,0.005570,3.873809,2.546809,3.175676,3.412468,2.825804,0.012657,0.670841,3.624453,153.431875
64.980874,-2.684685,2.418526,1.090618,3.199357,1.896437,3.178973,0.091809,0.090165,2.881436,0.092137,0.000410,0.001067,0.001067,0.001067,-0.000248,-0.001563,2.011370,3.401192,2.805830,3.583538,2.343845,2.707570,2.299064,0.009436,3.823873,2.475610,3.088047,3.386695,2.762982,0.011369,0.382181,3.593525,158.644828
67.337093,-2.712631,2.499404,1.087988,3.215138,1.937862,3.213166,0.093452,0.091480,2.916285,0.093452,-0.000576,0.000081,0.001067,0.001067,0.000739,-0.000248,1.937916,3.344491,2.780379,3.505574,2.204992,2.633472,2.454670,0.010402,3.794879,2.425675,3.016849,3.367687,2.709503,0.011691,0.052928,3.601257,164.397035
70.293254,-2.744193,2.497760,1.083385,3.232563,1.952986,3.301934,0.094768,0.094110,2.944889,0.094439,-0.000905,-0.000576,0.000081,0.056959,0.000739,-0.000248,1.956280,3.353512,2.784889,3.484955,2.195971,2.627350,2.512982,0.010724,3.781025,2.459502,2.998163,3.358344,2.701448,0.011691,-0.000551,3.714659,171.614207
71.393699,-2.672191,2.509924,1.158016,3.257878,2.058522,3.381168,0.097726,0.097069,2.967903,0.096740,0.000410,-0.000248,-0.000576,0.238441,-0.000576,0.000081,1.970777,3.311308,2.802286,3.522649,2.287466,2.679863,2.497840,0.011047,3.807121,2.493007,2.983021,3.364143,2.711436,0.011047,-0.000229,3.818397,174.301051
70.606755,-2.684685,2.510582,1.243497,3.282536,2.112111,3.400565,0.097726,0.097726,3.017876,0.099042,0.000410,0.001067,0.001067,0.268031,-0.000905,-0.000248,2.078381,3.375741,2.839335,3.523937,2.344811,2.701448,2.523935,0.011047,3.849002,2.483020,3.032312,3.420844,2.802286,0.013302,0.000093,3.890562,172.379680
69.584115,-2.644245,2.528007,1.467391,3.277605,2.231784,3.477497,0.102001,0.100357,3.025766,0.102001,0.001067,0.002382,0.000410,0.457403,0.061562,-0.000248,2.183729,3.360277,2.840302,3.529414,2.365108,2.764593,2.508471,0.010080,3.872198,2.432118,3.081282,3.446617,2.924387,0.012657,-0.000551,3.920201,169.883336
71.556510,-2.591313,2.517815,1.360869,3.266098,2.370854,3.526156,0.103644,0.101672,3.019848,0.101014,0.000410,0.000081,0.000739,0.697078,0.318333,0.260798,2.324193,3.378318,2.831281,3.552288,2.394103,2.788433,2.572260,0.011369,3.889917,2.423098,3.129606,3.470458,2.932763,0.013302,-0.000874,3.946296,174.698422
71.362106,-2.565997,2.505322,1.527227,3.288125,2.466855,3.533388,0.104959,0.103316,3.052397,0.104302,0.000081,0.195043,0.387046,0.843382,0.447869,0.310771,2.405701,3.348357,2.873485,3.555832,2.456281,2.817750,2.608020,0.010724,3.911503,2.439206,3.098034,3.455960,2.956281,0.012980,-0.000229,4.003964,174.223660
74.697151,-2.529174,2.505650,1.548926,3.273002,2.536226,3.566923,0.105946,0.104631,3.020835,0.104631,-0.000905,0.352525,0.502445,1.196811,0.615872,0.485349,2.444683,3.288112,2.890237,3.540368,2.488497,2.806474,2.590624,0.011691,3.957894,2.544554,3.018782,3.414401,2.971101,0.012657,-0.002484,4.061310,182.366047
78.175331,-2.492023,2.409320,1.433198,3.238152,2.526692,3.569553,0.140796,0.102987,2.931738,0.103973,-0.000248,0.415321,0.587926,1.303333,0.742778,0.618830,2.345134,3.273937,2.841268,3.529736,2.442750,2.796809,2.578059,0.011047,3.909570,2.591590,2.936629,3.384439,3.008472,0.013624,-0.000551,4.056799,190.857684
78.374884,-2.477557,2.457979,1.540378,3.362428,2.649323,3.638266,0.588583,0.264414,2.988286,0.110877,0.000410,0.595816,0.734229,1.601201,1.035713,0.768422,2.557441,3.421811,2.970457,3.605445,2.592879,3.033279,2.544554,0.010724,3.957250,2.717879,3.095135,3.429220,3.025225,0.013624,-0.000551,4.156349,191.344848
82.042137,-2.385828,2.452718,1.673530,3.381825,2.734804,3.709610,0.947931,0.391649,2.954752,0.301894,0.259482,0.700037,0.848313,1.888218,1.291169,1.062015,2.632183,3.503963,3.000740,3.702739,2.897003,3.212081,2.311628,0.009436,3.971425,2.703381,3.266205,3.437275,3.198550,0.014268,-0.000229,4.204351,200.298348
84.243255,-2.108671,2.480335,1.946082,3.372291,2.916285,3.760240,1.120865,0.777299,2.971848,0.715818,0.644146,0.820696,1.432212,2.199236,1.623557,1.250072,2.643459,3.598357,3.028769,3.791013,2.929219,3.286179,2.175675,0.009114,4.011696,2.820972,3.175998,3.422455,3.185985,0.013946,0.000093,4.212728,205.672035
83.917833,-1.822309,2.635186,2.112111,3.525827,3.007026,3.846050,1.361855,1.070234,3.016889,0.890067,0.993959,1.034069,1.858629,2.414910,1.980932,1.696216,2.772003,3.825806,3.099967,3.867366,3.023936,3.336759,2.162466,0.008791,4.043913,2.870263,3.289078,3.460148,3.251385,0.014268,-0.000229,4.258797,204.877293
85.313729,-1.660552,2.667077,2.204496,3.566594,3.103027,3.937777,1.787943,1.350019,3.055027,1.168537,1.268155,1.438130,2.072001,2.669707,2.329100,2.145317,2.944039,3.928255,3.241398,3.912469,3.142815,3.410535,2.306151,0.010080,4.104158,2.997196,3.329027,3.453061,3.270393,0.013946,0.000093,4.295202,208.285457
84.183523,-1.627346,2.711132,2.315292,3.659636,3.238810,4.003531,2.091727,1.467062,3.105986,1.422349,1.392102,1.631776,2.264332,2.850531,2.584555,2.314963,2.983021,3.958217,3.261372,3.934376,3.209181,3.485599,2.355765,0.010080,4.128642,3.053898,3.381218,3.463692,3.324194,0.013946,-0.001840,4.335151,205.526184
82.949919,-1.551399,2.673981,2.486910,3.670815,3.384455,4.039038,2.376772,1.543008,3.067520,1.676489,1.543994,1.798792,2.443513,2.934368,2.699954,2.449759,3.040689,3.959827,3.274259,3.926644,3.243331,3.513628,2.560984,0.011047,4.150550,3.042300,3.441785,3.483344,3.372197,0.138946,0.000415,4.367367,202.514398
81.408025,-1.532659,2.632556,2.555952,3.695144,3.464018,4.074216,2.529979,1.628160,3.093493,1.626187,1.579173,1.913533,2.627953,2.993218,2.828832,2.616117,3.026836,3.954995,3.275547,3.915046,3.252996,3.495264,2.589979,0.011047,4.154093,3.135728,3.399581,3.445651,3.362210,0.483018,0.000093,4.379932,198.750039
82.830015,-1.441589,2.615131,2.598035,3.687253,3.495251,4.095587,2.613816,1.691284,3.078041,1.772819,1.671886,2.119673,2.768667,3.017547,3.006697,2.830147,3.022970,3.849002,3.213047,3.867044,3.203060,3.437597,2.756217,0.012657,4.124776,3.148936,3.389916,3.444684,3.329349,0.583534,0.002992,4.375421,202.221703
80.540000,-1.257804,2.552007,2.671022,3.718486,3.522868,4.110381,2.814695,1.741257,2.993547,1.871451,1.724490,2.305100,2.884723,3.071137,3.199357,2.968231,3.084181,3.812276,3.248486,3.846425,3.249774,3.445329,2.849000,0.012980,4.123810,3.113176,3.435986,3.446617,3.317429,1.199192,0.004925,4.397006,196.630727
78.244630,-1.064486,2.565158,2.811408,3.719802,3.555416,4.154108,3.097438,1.985206,3.045164,2.143345,1.856327,2.560226,3.032999,3.131959,3.392675,3.210864,3.154091,3.810343,3.287468,3.855446,3.306475,3.449195,3.043910,0.012657,4.166980,3.163756,3.513628,3.461437,3.377352,1.093199,0.003959,4.403772,191.026852
75.108999,-0.819550,2.623679,2.839024,3.717829,3.568896,4.169560,3.239139,2.220606,2.934697,2.206797,1.970082,2.647680,3.138535,3.186206,3.502155,3.331852,3.180509,3.807443,3.303898,3.858990,3.302609,3.474646,3.058086,0.596098,4.164725,3.212081,3.506862,3.437275,3.391527,1.302607,0.632181,4.380898,183.371629
70.200223,-0.703164,2.622364,3.013930,3.682979,3.574814,4.176793,3.315085,2.242305,2.895573,2.371183,2.036494,2.718694,3.148727,3.236508,3.558046,3.429826,3.255573,3.863822,3.337081,3.889273,3.354478,3.537790,3.087403,1.565493,4.213694,3.257506,3.617043,3.445329,3.405058,1.675996,0.918908,4.371233,171.387492
63.194310,-0.701191,2.649652,3.044177,3.645828,3.550813,4.174163,3.335797,2.343566,2.885052,2.425430,2.111125,2.864340,3.231248,3.248344,3.565937,3.471251,3.266849,3.953062,3.353834,3.905059,3.362210,3.545844,3.174710,2.297775,4.230769,3.265883,3.733345,3.424710,3.422133,2.099321,1.377993,4.346104,154.283172
56.522280,-0.646615,2.653597,3.100726,3.606047,3.489004,4.157724,3.417990,2.631899,2.927135,2.527349,2.134139,2.870586,3.188179,3.249988,3.587307,3.537005,3.279413,3.991722,3.333859,3.934698,3.358022,3.542623,3.188885,2.857377,4.226581,3.260084,3.805188,3.565497,3.410535,2.336113,1.759115,4.314532,137.993934
45.280186,-0.511160,2.647351,3.095137,3.563635,3.348948,4.140628,3.448237,2.738092,2.816339,2.525705,2.262689,2.902806,3.263468,3.233549,3.590595,3.615581,3.263305,4.012985,3.334182,3.952740,3.341269,3.556476,3.049387,3.137016,4.233024,3.225934,3.860923,3.660535,3.414079,2.579348,1.834179,4.262341,110.547547
24.935063,-0.107756,2.804832,3.095466,3.529443,3.324948,4.124847,3.396620,2.826531,2.639131,2.601323,2.263675,3.010314,3.365058,3.219741,3.578759,3.709610,3.325161,4.071619,3.367687,3.995910,3.386050,3.573551,3.189851,3.543589,4.245589,3.272004,3.880252,3.795201,3.498808,2.852222,2.745585,4.208217,60.876656
3.870287,-0.149839,2.908066,3.199028,3.427195,3.281550,4.090326,3.158918,2.757818,2.813380,2.494801,2.044713,2.854477,3.261824,3.201987,3.566923,3.784898,3.271681,4.015240,3.328383,3.964660,3.345780,3.559375,3.317429,3.829350,4.228514,3.446617,3.882185,3.778770,3.536502,3.171488,3.071939,4.055833,9.449098
-8.186364,-0.062386,3.187193,3.146754,3.365387,3.543580,4.004846,3.089548,2.867299,3.040232,2.622693,2.429376,3.065547,3.156617,3.297989,3.660294,3.779638,3.364143,4.225936,3.508795,4.199519,3.456282,3.905704,3.737533,4.230447,4.295846,3.629285,3.983023,3.916335,3.700484,3.758152,3.496875,4.035859,-19.986129
-22.645600,0.007972,3.077383,2.990259,3.180289,3.594540,3.989394,2.944889,2.747955,2.900504,2.646364,2.399457,3.058315,3.158590,3.384455,3.713226,3.868406,3.430187,4.192431,3.574195,4.235601,3.550677,3.931477,4.003964,4.090305,4.243656,3.612533,4.127676,4.142173,3.893461,4.011052,3.704994,4.023294,-55.287168
-32.741764,-0.124195,3.047136,2.989273,3.218097,3.587307,3.999257,2.721324,2.542144,2.869271,2.636830,2.353429,2.981711,3.132946,3.400236,3.759912,3.909502,3.263305,4.122521,3.401192,4.105446,3.417300,3.749131,3.856734,3.780059,4.196941,3.472069,4.221104,4.166980,3.782958,3.927611,3.648615,3.824840,-79.936082
-39.862509,-0.144250,3.009985,3.004067,3.203631,3.619198,4.009120,2.695351,2.333046,2.857764,2.621707,2.426417,2.868285,3.195741,3.395305,3.756295,3.897995,3.148292,4.105446,3.435019,4.090949,3.461115,3.750420,3.814853,3.731734,4.216271,3.395071,4.291658,4.198552,3.836116,3.911180,3.673100,3.769427,-97.320695
-44.224944,-0.199484,3.009656,3.014588,3.247358,3.668513,4.028846,2.640447,2.359018,2.941272,2.592446,2.481321,2.920888,3.252618,3.432127,3.781939,3.909831,3.158279,4.124132,3.504285,4.142495,3.550677,3.810020,3.828062,3.748809,4.202418,3.365754,4.334828,4.271040,3.907637,4.022328,3.778126,3.792623,-107.970836
-47.902921,-0.284307,3.047136,3.045821,3.316071,3.746761,4.049887,2.512883,2.244277,3.004067,2.623022,2.495787,2.922532,3.270043,3.456785,3.803967,3.946982,3.127673,4.126387,3.539401,4.174390,3.593203,3.858990,3.822263,3.727224,4.212083,3.246875,4.343205,4.339661,3.923101,4.039402,3.825162,3.822585,-116.950629
-51.516878,-0.306335,3.053383,3.006040,3.392017,3.746761,4.065011,2.281428,2.186414,3.004396,2.624666,2.488554,2.884066,3.268399,3.486374,3.818433,3.974928,3.106733,4.126387,3.563886,4.187599,3.642172,3.907314,3.810987,3.736567,4.222715,3.132828,4.338372,4.364146,3.965949,4.046490,3.902804,3.844814,-125.773656
-56.091911,-0.327705,3.080013,3.061273,3.457114,3.815145,4.091970,2.345210,2.213702,3.036287,2.672337,2.470472,2.832120,3.215467,3.505772,3.831584,4.001229,3.093202,4.129931,3.580638,4.198230,3.679865,3.955961,3.795201,3.776193,4.208217,3.101578,4.320653,4.377999,3.983990,4.089982,3.947585,3.868977,-136.943207
-58.979675,-0.363213,3.044177,3.048780,3.461388,3.857885,4.109066,2.342909,2.121974,3.054040,2.672337,2.401759,2.752557,3.186864,3.499196,3.831584,4.019640,3.088691,4.139596,3.577095,4.208862,3.717237,3.967882,3.774904,3.743010,4.196297,3.022970,4.318720,4.393140,3.994943,4.096748,3.964660,3.871876,-143.993195
-61.428367,-0.343486,2.992232,3.028725,3.444620,3.863803,4.126491,2.331402,1.943780,3.024451,2.657214,2.325484,2.683516,3.216782,3.469936,3.828625,4.025230,3.070006,4.145073,3.562919,4.211439,3.704350,3.969815,3.779092,3.722069,4.197908,2.941462,4.316143,4.396684,4.000098,4.096748,3.938564,3.863822,-149.971621
-62.646700,-0.333623,2.945546,2.958697,3.425552,3.884516,4.140628,2.283401,1.796820,2.987958,2.675954,2.203510,2.590802,3.201330,3.448894,3.821392,4.028517,3.057119,4.135730,3.561953,4.200163,3.714659,3.962405,3.743976,3.697907,4.204351,2.854477,4.303256,4.395718,4.002031,4.098359,3.966271,3.852546,-152.946199
-64.684340,-0.253074,2.869600,2.897217,3.373935,3.889447,4.156080,2.218304,1.742901,2.880778,2.717708,2.083837,2.493815,3.193439,3.450538,3.817118,4.021942,2.974323,4.118333,3.548422,4.187599,3.699840,3.943397,3.721103,3.685020,4.211117,2.798742,4.297135,4.390885,3.987212,4.079029,3.912469,3.832250,-157.920531
-65.096777,-0.210991,2.791352,2.848230,3.350592,3.901612,4.172519,2.163728,1.741915,2.822914,2.740064,2.012822,2.466198,3.232892,3.473881,3.813501,3.994654,2.975611,4.112856,3.555832,4.176323,3.694363,3.936954,3.708860,3.650548,4.226581,2.785212,4.292303,4.392174,3.979157,4.074518,3.861567,3.812276,-158.927602
-67.084431,-0.126168,2.729872,2.840011,3.318372,3.895365,4.177450,2.146632,1.750134,2.751900,2.735461,2.022028,2.438581,3.267413,3.484402,3.805282,3.991037,2.952738,4.092882,3.558731,4.156349,3.681476,3.873165,3.681476,3.646360,4.219171,2.757183,4.277805,4.387664,3.966271,4.085472,3.795523,3.794879,-163.780391
-68.050969,-0.145894,2.660502,2.793654,3.302920,3.890762,4.180081,2.115728,1.738956,2.747297,2.751900,1.974027,2.430033,3.247358,3.480128,3.804296,3.993996,2.930508,4.076774,3.559698,4.160215,3.665690,3.842237,3.652803,3.578383,4.218204,2.756861,4.267174,4.381865,3.960472,4.089982,3.838049,3.770072,-166.140309
-68.234523,-0.108085,2.700612,2.805490,3.290098,3.890105,4.179752,2.109152,1.727778,2.701598,2.762421,1.888218,2.435951,3.247687,3.458757,3.787200,3.982489,2.942106,4.056799,3.544556,4.127676,3.627030,3.789724,3.626064,3.565497,4.214983,2.727866,4.259442,4.362535,3.951129,4.070652,3.800033,3.751386,-166.588281
-68.509992,-0.067975,2.675296,2.775243,3.263468,3.868077,4.172848,2.039782,1.726462,2.638803,2.734475,1.937205,2.469814,3.272673,3.465333,3.774049,3.973284,2.974967,4.047134,3.514917,4.115756,3.595136,3.753964,3.642172,3.588692,4.211761,2.807441,4.267174,4.355125,3.941142,4.049067,3.762340,3.753319,-167.260488
-70.475031,-0.045947,2.639789,2.706530,3.241769,3.836515,4.153450,2.023343,1.694572,2.572720,2.716393,1.920766,2.458307,3.266427,3.417661,3.740514,3.943366,2.968846,4.038114,3.494298,4.094171,3.550677,3.721103,3.627997,3.601901,4.208539,2.802286,4.257509,4.344493,3.934698,4.016851,3.734311,3.745265,-172.058211
-70.332110,-0.030495,2.583240,2.622035,3.208563,3.795748,4.137998,1.902026,1.675174,2.493815,2.669050,1.879341,2.435622,3.227960,3.382483,3.702705,3.929557,2.990431,4.027804,3.439852,4.080317,3.523615,3.703706,3.586437,3.577739,4.190176,2.810018,4.240434,4.334828,3.912147,4.003320,3.689208,3.738177,-171.709457
-70.647356,-0.051536,2.521431,2.594747,3.198042,3.836186,4.150820,1.911890,1.661366,2.486253,2.641762,1.893478,2.392553,3.237495,3.413387,3.703363,3.910160,3.009439,4.009763,3.409891,4.080962,3.588048,3.694363,3.555832,3.530381,4.178900,2.759760,4.225292,4.331285,3.902482,3.975291,3.680832,3.715948,-172.478898
-73.411088,-0.051207,2.552007,2.578966,3.189494,3.865447,4.170875,1.968438,1.642955,2.470472,2.674968,1.895122,2.374799,3.226645,3.441990,3.722760,3.881886,2.947261,4.002031,3.476257,4.089982,3.663113,3.699195,3.504285,3.469491,4.168913,2.735598,4.220137,4.327096,3.882508,3.949196,3.658602,3.673422,-179.226270
-74.198760,-0.093619,2.512883,2.580281,3.179631,3.862817,4.178437,1.904985,1.468048,2.423129,2.693707,1.840546,2.317922,3.214481,3.465333,3.712897,3.841118,2.898292,3.992366,3.504929,4.086116,3.652159,3.702739,3.488499,3.413112,4.156993,2.759760,4.214661,4.322908,3.882830,3.921168,3.608022,3.626064,-181.149129
-75.215156,-0.079482,2.497431,2.620720,3.158590,3.867748,4.179752,1.902684,1.454240,2.392882,2.677598,1.838902,2.350799,3.218755,3.454155,3.703034,3.824679,2.906668,4.026194,3.506218,4.090949,3.656025,3.705316,3.496553,3.377352,4.152483,2.801642,4.209828,4.317754,3.887984,3.884763,3.568074,3.605445,-183.630590
-72.835172,-0.060084,2.466855,2.601323,3.101384,3.845392,4.161669,1.894136,1.457527,2.319895,2.597049,1.842848,2.441211,3.204289,3.409442,3.679691,3.794104,2.906024,4.027804,3.505896,4.085794,3.652481,3.699517,3.512017,3.381218,4.149261,2.826771,4.199197,4.310344,3.877353,3.862211,3.520071,3.596747,-177.820340
-70.634274,-0.047591,2.436937,2.493815,3.014259,3.791145,4.104463,1.763942,1.408540,2.227839,2.415238,1.733038,2.533267,3.109932,3.327907,3.577115,3.741172,2.909890,4.027482,3.487855,4.073552,3.620265,3.693396,3.508795,3.443074,4.146039,2.816139,4.168591,4.301001,3.869943,3.832572,3.480445,3.583860,-172.447148
-70.811371,0.069452,2.391238,2.440225,2.926477,3.729993,4.075860,1.679777,1.365800,2.088440,2.364608,1.694900,2.461595,3.007026,3.226316,3.532731,3.703363,2.904091,4.022328,3.447906,4.065820,3.602223,3.673422,3.513950,3.397326,4.131542,2.767170,4.143784,4.296169,3.862533,3.780381,3.414079,3.562275,-172.879246
-73.052951,0.160851,2.325484,2.428718,2.840997,3.708295,4.052518,1.641968,1.350677,1.947726,2.272552,1.790573,2.411951,3.019848,3.195083,3.522539,3.680678,2.859632,4.016206,3.402159,4.040369,3.584827,3.655059,3.462404,3.258151,4.107057,2.708536,4.113501,4.286504,3.833216,3.699195,3.320006,3.523293,-178.352152
-74.374582,0.064192,2.329758,2.353101,2.796942,3.707637,4.053833,1.236922,1.284265,1.933588,2.206797,1.830025,2.383676,3.050424,3.253933,3.523197,3.649773,2.839013,4.010730,3.518138,4.060343,3.619620,3.673100,3.384762,3.243653,4.100292,2.525868,3.992044,4.307122,3.852224,3.730768,3.352867,3.494298,-181.578746
-77.617667,0.101343,2.359347,2.267620,2.767023,3.682650,4.033449,1.024864,1.199770,1.793532,2.180167,1.769532,2.383676,3.028068,3.220727,3.496237,3.605718,2.840946,4.005897,3.523293,4.064853,3.630252,3.692430,3.358022,3.161823,4.088372,2.484953,3.934698,4.309700,3.849325,3.656347,3.291011,3.467880,-189.496402
-81.278428,0.136193,2.342909,2.197921,2.761106,3.659636,4.038709,1.016645,1.074508,1.684051,2.124605,1.714627,2.382361,2.977108,3.191796,3.516621,3.515306,2.812273,3.992044,3.535535,4.066786,3.638306,3.691463,3.366398,3.126707,4.081606,2.514270,4.007508,4.295524,3.843203,3.543911,3.234632,3.449195,-198.433531
-82.940740,-0.001563,2.293922,2.040768,2.720995,3.646486,4.038709,0.778942,0.938068,1.635393,2.075946,1.807011,2.263346,2.901820,3.224015,3.426209,3.395962,2.692106,3.970781,3.504285,4.058410,3.607700,3.672133,3.448873,3.062596,4.043913,2.614142,4.107057,4.272006,3.811953,3.394104,3.058730,3.397326,-202.492074
-75.663744,-0.046933,2.253483,1.963835,2.548719,3.604403,4.016024,0.533021,0.767435,1.541693,1.842519,1.837916,2.217318,2.833106,3.172069,3.366702,3.315742,2.626384,3.991078,3.495264,4.050034,3.594491,3.658925,3.406347,2.969812,4.014596,2.603188,4.061310,4.271040,3.811309,3.402803,2.935341,3.365110,-184.725965
-75.401057,-0.038385,2.208112,1.943123,2.342909,3.555087,3.982161,0.199646,0.474171,1.489089,1.730408,1.898081,2.090741,2.810092,3.129658,3.299961,3.245056,2.599322,4.055188,3.470458,4.048745,3.581605,3.650548,3.383473,2.860920,4.006541,2.594812,4.067753,4.265563,3.781992,3.379285,2.858343,3.329349,-184.084516
-74.003517,-0.159045,2.120988,1.855012,2.218633,3.512676,3.944352,0.114165,0.337073,1.482185,1.708709,1.838574,2.043069,2.753544,3.040232,3.225659,3.125055,2.634438,4.055188,3.495264,4.045201,3.569363,3.635729,3.368976,2.828382,4.008797,2.620585,4.107379,4.254287,3.720136,3.306153,2.863820,3.312274,-180.672879
-74.925931,-0.181730,2.024001,1.770847,2.158139,3.492950,3.881557,0.110877,0.275264,1.431226,1.723832,1.788272,2.018740,2.673652,2.996177,3.087575,2.948505,2.668588,4.045201,3.489143,4.041335,3.546489,3.631863,3.346746,2.858987,4.024583,2.663755,4.116722,4.243656,3.703061,3.292944,2.794876,3.284890,-182.924648
-73.308564,-0.298116,1.913205,1.694572,2.081864,3.464675,3.842104,0.107261,0.187810,1.405910,1.688325,1.725147,1.977315,2.649981,2.919244,2.942258,2.761434,2.741075,4.040047,3.504607,4.040691,3.548744,3.621876,3.311630,2.763626,4.044557,2.700482,4.139274,4.235924,3.695329,3.297133,2.763949,3.270071,-178.975742
-67.132906,-0.385569,1.863560,1.594954,2.046028,3.325277,3.756295,0.101672,0.101014,1.380595,1.673530,1.616982,1.819505,2.599679,2.813051,2.788394,2.346525,2.820005,4.029093,3.491076,4.031348,3.512339,3.604156,3.294233,2.802608,4.067753,2.728510,4.139918,4.232058,3.646360,3.214014,2.640559,3.313241,-163.898461
-60.892906,-0.492749,1.840546,1.525254,1.954630,3.048451,3.618869,0.096083,0.095425,1.277032,1.665311,1.516706,1.792874,2.296223,2.649652,2.512226,1.889862,2.888949,4.008474,3.446295,3.998809,3.449517,3.551643,3.262017,2.803575,4.121232,2.724322,4.167947,4.177612,3.555509,3.092235,2.098677,3.383473,-148.664414
-71.873939,-0.670615,1.816875,1.432541,1.881971,2.753215,3.449223,0.089836,0.088850,1.215551,1.600543,1.516049,1.266840,2.130522,2.311018,1.903013,1.382896,2.950805,3.971748,3.407635,3.970781,3.373486,3.516850,3.280380,3.021037,4.103513,2.833859,4.191787,4.130575,3.469491,3.009117,1.380571,3.469169,-175.473320
-47.045729,-1.101966,2.056549,1.580817,2.057535,2.665762,3.487361,0.093452,0.092795,1.497966,1.623886,1.117577,0.960753,1.683722,2.009206,1.370074,1.037357,2.978833,3.905059,3.414079,4.005575,3.342880,3.564852,3.307442,3.087403,4.059699,2.918910,4.195331,4.194364,3.452416,2.633472,1.324192,3.790368,-114.857609
-4.448342,-1.326518,2.293264,2.051617,2.638803,2.445485,3.392017,0.357785,0.286113,2.232442,1.617310,0.940041,0.817080,1.480213,1.727449,0.883492,0.735545,2.988176,3.953062,3.378318,4.007186,3.359633,3.538757,2.965946,2.366074,4.081928,2.918266,4.110279,4.170202,3.286501,3.014271,1.437916,3.873487,-10.859988
4.102958,-2.365116,2.295237,2.079563,2.666091,2.255127,3.337112,0.103644,0.102329,2.668392,1.196154,0.141453,0.398882,0.678667,0.906506,0.214769,0.353183,2.804219,3.861889,3.174387,3.944041,3.268460,3.425677,2.376384,1.798419,3.960150,2.904413,3.799711,4.031348,2.931475,1.701769,1.674063,3.656669,10.017125
16.311424,-2.080726,2.216661,1.690626,2.521760,1.791230,2.966587,0.082932,0.081945,2.171948,0.082603,0.000410,-0.000248,-0.000905,0.067151,0.000739,0.000410,2.612853,3.749131,3.091269,3.928255,3.256218,3.384762,0.589333,1.197903,4.034248,2.795843,3.468203,3.452739,3.329349,2.228832,2.361242,3.567430,39.822934
27.189778,-2.147796,2.219948,1.562406,2.645378,1.896766,3.136562,0.087863,0.088521,2.437266,0.087863,0.000739,0.000081,-0.000576,0.000081,-0.000248,0.000081,2.687918,3.808732,3.253962,3.935987,3.327416,3.417945,0.672129,0.360596,4.040369,2.794232,3.511373,3.579028,3.330960,2.504928,2.089656,3.848036,66.381312
36.591317,-2.256291,2.332388,1.583118,2.976779,2.040439,3.273988,0.095425,0.094768,2.704886,0.096083,0.000410,-0.000576,0.000410,0.189125,-0.000248,0.000081,2.904735,3.900549,3.306798,3.930188,3.341591,3.432120,0.991717,0.004281,4.046490,2.872841,3.525870,3.587404,3.332571,2.492363,2.288755,3.973036,89.334082
39.430544,-2.281278,2.376115,1.586077,3.125713,2.077590,3.322646,0.098055,0.097398,2.809435,0.099370,-0.000576,-0.000248,-0.000248,0.243701,-0.000576,-0.000576,2.794554,3.799389,3.248163,3.890240,3.296810,3.306798,0.767812,0.121871,4.022650,2.871230,3.391527,3.459182,3.010727,2.371229,2.343523,4.021683,96.266000
43.563762,-2.410486,2.399457,1.498624,3.152343,2.065097,3.302263,0.097726,0.097726,2.794640,0.096740,0.000081,-0.000576,-0.000248,0.119097,0.000081,0.000410,2.548742,3.629285,2.966269,3.737211,2.973678,3.063240,0.016523,0.000093,3.924067,2.679541,3.277480,3.376385,2.616719,1.546808,1.783599,3.957894,106.357043
47.171436,-2.473282,2.444170,1.474624,3.186864,2.057206,3.314427,0.098055,0.096083,2.797270,0.096740,0.000081,-0.000905,0.000081,0.022109,0.000739,0.001725,2.393780,3.650226,2.932763,3.658602,2.799387,2.930186,0.715944,0.003637,3.858667,2.462724,3.336437,3.449517,2.731732,2.012981,0.594165,3.873487,115.164691
49.904951,-2.515037,2.482965,1.530515,3.234536,2.077919,3.340071,0.099042,0.097398,2.886039,0.096740,0.000410,0.000081,0.000081,0.101343,0.000081,0.001396,2.250417,3.553254,2.915044,3.597391,2.595134,2.833859,1.299707,0.004925,3.830317,2.510727,3.316785,3.444040,2.744296,1.884759,0.435338,3.858345,121.838145
51.910546,-2.522599,2.539185,1.531501,3.252618,2.115070,3.369332,0.099699,0.098713,2.899518,0.099370,0.000410,0.000739,0.000410,0.198002,0.001396,0.000410,2.082247,3.470458,2.868008,3.511051,2.425675,2.673420,2.232376,0.009436,3.799711,2.462080,3.272326,3.419878,2.723034,1.706924,0.007825,3.821618,126.734590
53.331685,-2.547586,2.571733,1.602187,3.227632,2.191345,3.406483,0.101014,0.099699,2.925162,0.100685,-0.001234,-0.000248,0.001067,0.247318,0.001396,0.000081,2.018458,3.382506,2.799387,3.444040,2.306151,2.557118,2.369296,0.009758,3.776193,2.399257,3.163434,3.406991,2.683729,1.644424,0.007503,3.785536,130.204270
56.905095,-2.563038,2.572062,1.626845,3.243741,2.206797,3.435415,0.101672,0.100357,2.927792,0.100028,-0.000905,-0.002220,0.001067,0.289072,0.000081,0.000739,1.984630,3.367365,2.768781,3.416334,2.214979,2.532634,2.338046,0.009758,3.761373,2.389592,3.138305,3.410213,2.679541,1.545197,0.006858,3.791335,138.928574
58.354099,-2.523914,2.536884,1.569638,3.224673,2.228168,3.447908,0.101014,0.099370,2.871901,0.100685,-0.000248,0.001396,0.000410,0.416307,0.016520,0.000410,1.878316,3.318396,2.733987,3.368331,2.080314,2.329025,2.315494,0.008791,3.732701,2.337724,3.115431,3.397648,2.689851,1.269101,0.005248,3.771360,142.466219
60.856782,-2.587367,2.550035,1.475281,3.234865,2.261702,3.470593,0.100685,0.099042,2.898203,0.100357,0.000081,0.000410,0.000081,0.442937,0.080630,0.073397,1.897001,3.304542,2.731732,3.351901,2.078058,2.402801,2.349966,0.010080,3.714015,2.310340,3.107377,3.401192,2.695327,1.132825,0.004603,3.815175,148.576109
64.388616,-2.576189,2.549048,1.506186,3.241769,2.271237,3.461059,0.101343,0.100685,2.932066,0.101343,-0.001234,0.000081,-0.000248,0.446554,0.105288,0.164796,1.941782,3.315496,2.748807,3.352867,2.096422,2.402801,2.382827,0.009436,3.741399,2.311306,3.118009,3.401514,2.712724,0.844810,0.003315,3.878642,157.198715
66.043760,-2.600518,2.628282,1.657420,3.262810,2.335347,3.505772,0.103973,0.102987,2.978423,0.103644,0.000739,-0.001234,0.000410,0.560638,0.228907,0.241400,1.996551,3.297133,2.769103,3.364787,2.125739,2.510727,2.353188,0.009758,3.727546,2.302286,3.121874,3.403125,2.743008,0.646356,0.002670,3.935021,161.239895
66.552421,-2.462433,2.664776,1.709695,3.285166,2.470143,3.531745,0.107918,0.105617,2.961327,0.104959,0.000410,0.106603,0.385731,0.770394,0.399211,0.298606,2.033600,3.268460,2.774580,3.361566,2.150546,2.560662,2.364141,0.009114,3.733989,2.319038,3.125418,3.398615,2.739142,0.596098,0.001704,3.998809,162.481617
67.428842,-2.407528,2.707845,1.799450,3.290098,2.544774,3.562320,0.108247,0.108905,2.982697,0.110220,-0.000905,0.277236,0.507377,1.138948,0.606008,0.452472,2.053574,3.279091,2.770392,3.386050,2.176641,2.590301,2.386371,0.009114,3.772327,2.321938,3.122519,3.393460,2.743330,0.532632,0.001704,4.062920,164.621270
69.306712,-2.476241,2.732174,1.986849,3.306537,2.660830,3.635636,0.399868,0.113836,3.044506,0.112850,0.000739,0.491596,0.580035,1.363170,0.924917,0.716805,2.142491,3.277803,2.775547,3.420844,2.239463,2.660856,2.355765,0.009436,3.782636,2.314206,3.123485,3.396037,2.766526,0.368650,0.001382,4.115756,169.205672
71.051056,-2.427912,2.744996,2.029261,3.340071,2.695351,3.667198,0.625735,0.115151,3.044835,0.168084,0.001725,0.571159,0.660913,1.583776,0.960753,0.738175,2.172453,3.307442,2.775224,3.439852,2.285211,2.712724,2.391525,0.010080,3.812920,2.345456,3.121230,3.390238,2.764271,0.282632,0.001059,4.142818,173.464637
70.981135,-2.314155,2.733160,2.051946,3.336455,2.779845,3.702377,0.755271,0.217071,3.033328,0.370608,0.219044,0.743764,0.744750,1.748490,1.069906,0.932808,2.172453,3.294555,2.768459,3.442751,2.267169,2.711758,2.428252,0.011047,3.818397,2.319038,3.108666,3.377030,2.729799,0.309694,0.001382,4.151194,173.293980
71.081139,-2.301662,2.712447,2.061809,3.351249,2.884395,3.741829,1.035713,0.447540,3.013930,0.617844,0.433732,0.865409,0.908807,1.945424,1.344101,1.121194,2.189528,3.310019,2.770392,3.443718,2.281345,2.727544,2.435018,0.010402,3.835471,2.244618,3.102867,3.364787,2.725933,0.300029,0.002026,4.150872,173.538059
72.001985,-2.317443,2.687461,2.043727,3.342701,2.849874,3.735254,1.027494,0.442280,2.990259,0.534007,0.366991,0.819710,0.903547,1.930630,1.321416,1.132372,2.152156,3.249774,2.765882,3.417945,2.248162,2.711113,2.445005,0.010080,3.822263,2.243007,3.093524,3.333215,2.762016,0.461433,0.001704,4.143140,175.785859
70.156789,-2.371362,2.687132,1.999014,3.359797,2.795955,3.730651,1.035056,0.283812,2.967903,0.408745,0.334771,0.799655,0.935109,1.923397,1.319772,1.172154,2.137015,3.202738,2.750740,3.390561,2.148613,2.694361,2.342878,0.009436,3.827095,2.193716,3.068717,3.328383,2.816462,0.012335,-0.000229,4.144428,171.281328
72.706354,-2.277004,2.713763,1.994082,3.345660,2.890641,3.750048,1.082070,0.475815,2.974149,0.543542,0.456746,0.842395,1.145852,2.115399,1.496322,1.263552,2.160533,3.183730,2.748807,3.385084,2.154089,2.685340,2.339979,0.009436,3.817108,2.232053,3.055831,3.315496,2.930508,0.012980,0.000093,4.156026,177.505816
75.157869,-2.113603,2.716064,2.111783,3.448237,2.954423,3.801994,1.282621,0.844039,2.987958,0.768751,0.696092,0.928534,1.582461,2.308059,1.693914,1.426294,2.294231,3.205315,2.760083,3.408924,2.182440,2.730766,2.360597,0.009436,3.827739,2.263626,3.059052,3.311630,2.988176,0.012980,0.000093,4.192431,183.490691
74.549506,-1.903845,2.742037,2.153536,3.508073,3.062589,3.852954,1.527227,1.069906,2.965272,0.898615,0.854889,1.000863,1.782354,2.439239,1.969753,1.825423,2.408600,3.204349,2.800675,3.419556,2.254283,2.738175,2.348677,0.009436,3.869621,2.255249,3.071939,3.284246,2.999129,0.013624,-0.000874,4.212405,182.005387
73.462724,-1.681594,2.752886,2.257757,3.559033,3.114534,3.910489,1.807011,1.265525,2.956067,1.117249,1.085358,1.245798,2.018411,2.614802,2.216989,2.106522,2.496873,3.217880,2.810663,3.445329,2.289721,2.753639,2.360597,0.009436,3.938242,2.369618,3.060019,3.266849,3.032312,0.012657,-0.000551,4.228514,179.352277
72.891048,-1.612551,2.752229,2.338306,3.586649,3.164836,3.968681,1.836930,1.413143,2.981711,1.320758,1.261579,1.530515,2.115070,2.766695,2.417540,2.264004,2.493007,3.198872,2.799709,3.428254,2.262337,2.743974,2.366719,0.010724,3.913113,2.307440,3.047454,3.251063,3.002673,0.013624,0.000415,4.230447,177.956766
71.771815,-1.592496,2.789709,2.437266,3.613280,3.212837,4.010106,2.206469,1.467391,3.010314,1.498953,1.400321,1.672544,2.249866,2.851518,2.591131,2.377430,2.644425,3.301965,2.814206,3.483989,2.321938,2.825482,2.497196,0.011047,3.967559,2.482376,3.107055,3.251707,3.057441,0.013946,-0.000229,4.259764,175.224281
71.976559,-1.532330,2.758475,2.490198,3.646157,3.283194,4.037723,2.451074,1.529528,2.997492,1.600872,1.501583,1.799450,2.346196,2.918916,2.642748,2.436608,2.658923,3.364465,2.860598,3.512017,2.409567,2.842235,2.418587,0.009758,3.984312,2.466912,3.140560,3.283924,3.041011,0.013624,0.000093,4.303578,175.723848
72.146053,-1.519508,2.759133,2.525377,3.632677,3.372620,4.057449,2.560555,1.651831,3.016889,1.647229,1.484815,1.876382,2.437595,2.973163,2.775243,2.582583,2.652157,3.441141,2.868008,3.511373,2.432762,2.853188,2.269102,0.009436,3.999454,2.458858,3.164078,3.342558,3.024580,0.013624,-0.000551,4.320975,176.137590
72.424675,-1.449479,2.750256,2.571076,3.686596,3.440346,4.075203,2.625323,1.676818,3.037602,1.610406,1.540049,1.947397,2.649652,2.968560,2.891299,2.682858,2.622840,3.457571,2.891204,3.496553,2.462080,2.893137,1.951447,0.007503,3.982701,2.118651,3.270715,3.349323,3.031668,0.013302,-0.000229,4.345460,176.818230
72.069309,-1.094404,2.689433,2.734475,3.697774,3.495580,4.108737,2.890641,1.779395,3.025109,1.900383,1.714955,2.142687,2.748612,3.037602,3.128343,2.880121,2.745907,3.600290,2.948872,3.643461,2.844490,3.124452,1.748805,0.006858,4.055833,2.519425,3.353834,3.368331,3.191784,0.013624,-0.001196,4.368656,175.950562
74.298388,-1.028649,2.648008,2.800229,3.692514,3.534375,4.136683,3.050424,1.970740,2.984670,2.014466,1.819834,2.469486,2.919573,3.067520,3.309496,3.103685,2.882828,3.682443,2.991720,3.726257,2.982377,3.249774,2.019424,0.007825,4.088049,2.889593,3.411179,3.376385,3.170199,1.425029,0.005570,4.352548,181.392711
71.577582,-0.868537,2.608556,2.756503,3.653061,3.537334,4.143587,3.099740,1.978630,2.887354,2.014137,1.748819,2.563843,2.910368,3.113548,3.360455,3.218426,2.810018,3.693074,2.944361,3.727868,2.958859,3.241076,2.011370,0.008147,4.119299,2.944361,3.430831,3.386372,3.116398,1.463367,0.005892,4.329352,174.750016
66.634299,-0.800152,2.562528,2.762092,3.616896,3.537005,4.164628,3.250646,2.093700,2.871901,2.179509,1.981589,2.727900,3.027081,3.171740,3.462703,3.351249,3.169233,3.892817,3.195973,3.887018,3.240109,3.459504,2.142814,0.009114,4.179545,3.172132,3.719492,3.430509,3.363177,2.156989,0.954668,4.336439,162.681543
62.119144,-0.746891,2.510911,2.801216,3.589608,3.541279,4.172848,3.310153,2.162085,2.866970,2.281428,2.068056,2.896888,3.132617,3.215467,3.539964,3.443305,3.299710,3.954351,3.370264,3.984956,3.427287,3.647004,2.171164,2.396358,4.214016,3.267493,3.807765,3.464659,3.469813,2.608343,2.403445,4.310022,151.657844
56.456410,-0.706452,2.623022,2.888340,3.598485,3.545553,4.175807,3.407469,2.377430,2.894258,2.379074,2.159454,2.989601,3.251632,3.259851,3.574485,3.487689,3.356733,3.980768,3.460471,3.996554,3.451772,3.710149,2.707570,2.882505,4.226581,3.312274,3.828384,3.514272,3.534569,2.970779,2.620907,4.275872,137.833199
38.876414,-0.669300,2.593432,3.085603,3.569553,3.551142,4.172519,3.510703,2.684173,2.871573,2.608885,2.340607,3.066863,3.300947,3.256563,3.590266,3.624458,3.393138,4.017495,3.517494,3.996876,3.501063,3.736889,3.012660,3.348679,4.250743,3.415690,3.860278,3.656992,3.610922,3.086436,2.957570,4.223037,94.913152
30.041317,-0.233676,2.684831,3.075411,3.503142,3.319687,4.130107,3.530430,2.792996,2.738420,2.679570,2.392224,3.097438,3.308838,3.207577,3.563964,3.688240,3.417945,4.040047,3.538435,4.027804,3.522326,3.746232,3.372197,3.673422,4.283926,3.614466,4.010407,3.795201,3.647971,3.243653,3.130251,4.174390,73.342996
1.059034,-0.305020,2.763078,3.090863,3.402866,3.265111,4.082436,3.371304,2.731845,2.863682,2.553651,2.107180,2.900176,3.238810,3.137877,3.496566,3.680020,3.420200,4.002031,3.550033,4.059699,3.508473,3.785214,3.309053,4.057444,4.303256,3.623164,4.037147,3.764917,3.700484,3.647971,3.349968,4.126065,0.000000
-16.661958,0.013890,2.691735,2.651296,2.755188,2.879463,3.883858,3.043520,2.671351,2.547404,2.577980,2.142358,2.855792,2.933382,2.921875,3.276290,3.571855,3.424388,4.061954,3.607700,4.100614,3.524904,3.928255,3.489788,4.184699,4.323553,3.698551,4.095137,3.802933,3.755896,3.917624,3.590948,4.086761,-40.678695
-38.037712,0.134220,3.115849,3.015574,3.177330,3.383798,4.012079,3.461716,2.955080,2.887354,2.714091,2.508609,3.256892,3.360455,3.242755,3.679034,3.782926,3.493976,4.122199,3.656992,4.255898,3.576128,4.079351,4.128964,4.151516,4.308411,3.742043,4.397006,4.147972,4.045524,4.099970,3.780703,3.975936,-92.865277
-44.779727,0.027698,3.178973,3.075082,3.214809,3.645171,4.073230,3.360455,2.902148,3.006040,2.729544,2.519130,3.214152,3.443634,3.472237,3.782926,3.867748,3.378318,4.175356,3.659569,4.229802,3.645394,4.052611,4.019106,3.967559,4.259764,3.688242,4.464339,4.221104,4.009441,4.124776,3.839982,3.980124,-109.325668
-49.028545,-0.116962,3.238810,3.116178,3.250974,3.698431,4.095258,3.174371,2.829161,3.111904,2.758804,2.575679,3.225330,3.532402,3.522868,3.831584,3.937777,3.216269,4.175356,3.744299,4.291014,3.704028,4.146039,4.005253,3.961116,4.250743,3.609955,4.474004,4.312599,4.051645,4.145073,3.937598,4.027804,-119.698492
-52.970904,-0.160689,3.214809,3.109932,3.328893,3.768460,4.088354,2.956396,2.822586,3.127028,2.816010,2.572391,3.229933,3.512018,3.521224,3.837501,3.970982,3.093524,4.166014,3.731090,4.323230,3.750098,4.185988,3.977224,3.855768,4.217882,3.493654,4.468849,4.374777,4.052933,4.124454,3.906670,4.029415,-129.323703
-56.797527,-0.202114,3.242097,3.084945,3.391031,3.821063,4.102819,2.887682,2.766037,3.174042,2.845600,2.627296,3.170097,3.498868,3.537005,3.835529,4.002544,3.049709,4.209506,3.739466,4.376066,3.830961,4.262663,3.979480,3.894750,4.250421,3.377996,4.476581,4.443721,4.093526,4.134763,3.937598,4.022972,-138.665645
-58.561508,-0.198498,3.237166,3.039903,3.467634,3.858543,4.126820,2.912011,2.749927,3.166151,2.784120,2.590802,3.141822,3.498539,3.542265,3.839145,4.017010,3.026191,4.229480,3.741399,4.397651,3.881541,4.298424,3.993010,3.879286,4.246233,3.345457,4.482380,4.468205,4.122199,4.172457,3.968204,4.006864,-142.972234
-59.205161,-0.200470,3.264454,3.063246,3.515964,3.909174,4.163971,2.864340,2.726256,3.167138,2.822586,2.565487,3.090205,3.508402,3.537005,3.836844,4.033778,2.995586,4.248488,3.731412,4.402805,3.891850,4.313243,3.997521,3.857057,4.253320,3.323872,4.477548,4.475615,4.135086,4.162792,4.010730,3.990111,-144.543859
-60.143925,-0.232690,3.248673,3.091849,3.564622,3.906872,4.186985,2.841326,2.713105,3.196070,2.843298,2.547076,3.076397,3.508402,3.523525,3.831255,4.050874,2.977544,4.256542,3.724002,4.401195,3.882830,4.310988,3.999454,3.839982,4.253965,3.282313,4.474648,4.478192,4.146361,4.183088,4.010730,3.962727,-146.835813
-60.767397,-0.229073,3.249659,3.090534,3.600458,3.901283,4.191259,2.841983,2.707187,3.204946,2.821599,2.507952,3.067191,3.513991,3.527471,3.831584,4.050874,2.960147,4.261697,3.705316,4.395718,3.879286,4.302290,3.989145,3.808087,4.257509,3.249130,4.473038,4.480770,4.153449,4.196619,4.089016,3.956284,-148.357828
-60.495195,-0.222498,3.219412,3.056671,3.632677,3.885173,4.189615,2.850202,2.693050,3.201987,2.873545,2.498417,3.071137,3.521224,3.523854,3.827967,4.051202,2.949194,4.251710,3.688564,4.383476,3.864466,4.281349,3.989789,3.805510,4.269429,3.246230,4.482380,4.479803,4.148939,4.171168,4.076774,3.956284,-147.693559
-60.394931,-0.202114,3.172069,3.022150,3.620842,3.880899,4.185341,2.803517,2.700283,3.181275,2.875189,2.486253,3.041876,3.509059,3.507416,3.825994,4.057449,2.928575,4.253320,3.655703,4.374133,3.854157,4.266207,3.977224,3.831928,4.252354,3.241398,4.469494,4.467239,4.140240,4.156026,4.067109,3.953706,-147.448488
-63.515341,-0.247156,3.160891,3.054369,3.601773,3.894708,4.198821,2.810092,2.678913,3.196398,2.879134,2.433650,3.016232,3.502484,3.496566,3.825666,4.051202,2.860598,4.252032,3.628963,4.367045,3.854479,4.256220,3.969492,3.797134,4.231735,3.151514,4.438888,4.446942,4.130575,4.164081,4.057444,3.940497,-155.066504
-64.933063,-0.229731,3.168124,3.048780,3.585005,3.910489,4.206382,2.780503,2.652611,3.166480,2.853161,2.379402,2.972177,3.485717,3.473552,3.821063,4.039367,2.852866,4.237212,3.576128,4.352225,3.843848,4.236568,3.946296,3.782314,4.229158,3.134117,4.431800,4.447264,4.128642,4.150227,4.034570,3.921490,-158.527750
-68.718493,-0.301732,3.101712,2.972505,3.548841,3.919694,4.208026,2.711132,2.513541,3.137220,2.810750,2.300826,2.946532,3.467634,3.445935,3.827310,4.033449,2.854799,4.220137,3.554865,4.328385,3.817108,4.205640,3.904415,3.760729,4.210795,3.074194,4.412148,4.441143,4.111245,4.111245,3.995588,3.892495,-167.769977
-70.045311,-0.326061,3.021492,2.945217,3.533717,3.955859,4.211314,2.564172,2.435951,3.105329,2.775900,2.258743,2.845271,3.445935,3.456785,3.822049,4.031805,2.770070,4.207251,3.569040,4.314854,3.809054,4.183733,3.861567,3.700162,4.252354,3.011372,4.394107,4.436311,4.103836,4.062920,3.938887,3.881219,-171.008973
-70.094233,-0.309623,2.992232,2.887025,3.512018,3.973284,4.210328,2.500061,2.377758,3.077712,2.759790,2.244935,2.791681,3.427524,3.452511,3.822049,4.019969,2.780379,4.200807,3.593203,4.299068,3.802611,4.159892,3.841270,3.714659,4.262985,2.986565,4.382509,4.433733,4.119622,4.055188,3.902804,3.881541,-171.128531
-71.428647,-0.303376,2.883080,2.866312,3.494922,3.951914,4.201451,2.369210,2.158797,3.013930,2.798585,2.220277,2.847572,3.432785,3.462045,3.824022,4.012736,2.841268,4.198552,3.592236,4.293913,3.796167,4.153771,3.839982,3.708216,4.262985,2.974323,4.369622,4.432123,4.127998,4.061310,3.829672,3.878642,-174.386379
-70.455234,-0.279376,2.812394,2.855134,3.489662,3.936133,4.198492,2.355073,2.162413,2.972505,2.786092,2.175893,2.845600,3.436730,3.477826,3.816131,4.010764,2.885405,4.196941,3.596747,4.291014,3.784247,4.153449,3.865433,3.741721,4.260408,2.979477,4.373488,4.429223,4.128642,4.068719,3.867366,3.889273,-172.010090
-73.481043,-0.215265,2.812723,2.862038,3.484402,3.930872,4.191588,2.291949,2.143016,2.909710,2.803517,2.174578,2.925491,3.395962,3.455799,3.804296,4.025230,2.907312,4.189854,3.620587,4.275228,3.763951,4.127676,3.868977,3.778770,4.260408,2.961114,4.358024,4.424713,4.143140,4.045201,3.926000,3.919879,-179.396926
-76.025260,-0.166935,2.767352,2.834750,3.477497,3.922324,4.187314,2.267620,2.100276,2.815024,2.785106,2.158139,2.934368,3.394976,3.454155,3.793446,4.019640,2.944361,4.179867,3.635084,4.261697,3.750742,4.109635,3.879286,3.786502,4.248810,2.950160,4.346426,4.424713,4.133153,4.032959,3.917302,3.926967,-185.608516
-75.261330,-0.151154,2.681543,2.783462,3.439689,3.915091,4.188300,2.216003,1.850409,2.783462,2.777544,2.150578,2.930423,3.388401,3.432785,3.769775,4.012408,2.924065,4.170202,3.635407,4.237212,3.735922,4.073874,3.831605,3.736889,4.249132,2.917944,4.329352,4.420202,4.120588,4.001065,3.864789,3.908281,-183.743699
-73.955616,-0.028851,2.715735,2.730201,3.350592,3.908516,4.186656,2.214030,1.745860,2.638474,2.719680,2.092714,2.858751,3.351907,3.400565,3.731637,3.948297,2.871230,4.132508,3.569685,4.209506,3.709505,4.039402,3.749775,3.683409,4.220137,2.941462,4.329996,4.396684,4.077740,3.943397,3.813564,3.850935,-180.555801
-76.485824,0.068137,2.666748,2.672995,3.273002,3.893721,4.183040,2.319237,1.746518,2.481979,2.695680,1.927671,2.817325,3.352893,3.413387,3.708623,3.866762,2.838369,4.099647,3.534569,4.174390,3.680832,3.972714,3.747198,3.570329,4.188243,2.927931,4.325163,4.347393,4.000420,3.875420,3.733345,3.732056,-186.733160
-80.932824,0.033945,2.575350,2.630255,3.248673,3.890762,4.175807,2.291620,1.711668,2.415567,2.639131,1.871451,2.776558,3.363414,3.409442,3.694815,3.827310,2.806152,4.094815,3.502030,4.166980,3.636695,3.922456,3.768783,3.591592,4.156671,2.928897,4.312921,4.340305,3.992688,3.813242,3.701450,3.716914,-197.589676
-77.363264,0.055315,2.562857,2.661488,3.197713,3.890434,4.170217,2.257099,1.667284,2.353101,2.620392,1.871451,2.767023,3.357496,3.397935,3.670157,3.802981,2.811951,4.089338,3.494620,4.174390,3.673422,3.924067,3.746876,3.554221,4.159248,2.883472,4.293913,4.350937,3.995266,3.781348,3.667301,3.704028,-188.875293
-77.045136,0.135207,2.572391,2.649323,3.156946,3.895694,4.168245,2.239675,1.671886,2.275839,2.590802,1.856656,2.762421,3.331194,3.397935,3.676733,3.766158,2.720134,4.100936,3.486888,4.175679,3.730123,3.963371,3.772649,3.486566,4.133475,2.883150,4.286181,4.339661,3.975614,3.717237,3.548744,3.673422,-188.098410
-75.061347,0.093452,2.545432,2.633871,3.174371,3.888461,4.173505,2.172934,1.625201,2.261045,2.473102,1.861259,2.784120,3.287468,3.386428,3.630047,3.748733,2.765559,4.092882,3.535213,4.178578,3.754930,3.968526,3.739144,3.419233,4.166980,2.870263,4.255576,4.331285,3.976258,3.676322,3.616399,3.648937,-183.255047
-77.376696,0.059589,2.528993,2.608556,3.098425,3.871036,4.157395,2.067727,1.574899,2.227181,2.453705,1.878684,2.786092,3.245056,3.361770,3.613609,3.704678,2.752995,4.076129,3.565497,4.175679,3.739144,3.954351,3.763306,3.429865,4.151838,2.876707,4.243978,4.319364,3.970781,3.531991,3.562597,3.637662,-188.908035
-76.124082,-0.001234,2.509267,2.574035,3.016561,3.858214,4.141943,1.996055,1.402623,2.178194,2.421156,1.901040,2.713105,3.190809,3.327907,3.571526,3.626431,2.710469,4.053256,3.540368,4.164403,3.726579,3.929866,3.749775,3.306475,4.144428,2.875418,4.243656,4.305511,3.905704,3.742366,3.508151,3.586437,-185.849617
-74.836333,0.038219,2.483952,2.501376,2.904778,3.834871,4.119916,1.927013,1.350677,2.103892,2.376115,1.884930,2.692721,3.161549,3.310811,3.513991,3.560019,2.679863,4.027482,3.508151,4.149905,3.701773,3.890240,3.708216,3.242687,4.137019,2.867042,4.239790,4.288437,3.854157,3.743010,3.420200,3.550033,-182.705871
-75.418912,0.095754,2.413923,2.398142,2.802202,3.783583,4.081778,1.784984,1.331608,1.912876,2.304114,1.897752,2.672009,3.141494,3.246700,3.446593,3.473881,2.663755,3.969170,3.460471,4.138629,3.675999,3.864789,3.669556,3.345135,4.118655,2.859310,4.226903,4.265563,3.829995,3.661824,3.248486,3.521038,-184.128172
-71.682229,0.016520,2.378745,2.335347,2.671022,3.762542,4.065668,1.414787,1.139934,1.807998,2.215017,1.882300,2.561213,3.035958,3.220399,3.405825,3.366373,2.539399,4.074841,3.494298,4.141207,3.676644,3.867688,3.635407,3.158924,4.112856,2.854155,4.209184,4.267496,3.811309,3.641850,3.163112,3.464337,-175.005504
-68.727174,-0.109400,2.327128,2.236058,2.601980,3.748733,4.064025,1.009083,0.980151,1.701805,2.113755,1.930630,2.488883,2.964286,3.194426,3.379524,3.293057,2.578381,4.059054,3.501063,4.132508,3.670200,3.863178,3.560342,3.004928,4.101903,2.835469,4.181155,4.261052,3.801644,3.629930,3.162145,3.405380,-167.790812
-67.846842,-0.125510,2.301812,2.213044,2.510911,3.646814,4.008791,0.877574,0.851930,1.648215,2.037480,1.893807,2.360991,2.843627,3.135247,3.309496,3.225001,2.621874,4.035859,3.457893,4.077418,3.607056,3.760729,3.491721,3.014271,4.105124,2.781023,4.139918,4.221104,3.772649,3.437275,2.981410,3.383473,-165.641734
-62.182853,-0.022933,2.289648,2.186085,2.221592,3.525169,3.926927,0.886451,0.884149,1.540707,1.908602,1.885259,2.303785,2.784777,3.057986,3.191796,3.131302,2.659889,3.986567,3.424388,3.996554,3.474324,3.633151,3.421489,2.919877,4.101580,2.738498,4.114467,4.179222,3.726902,3.320006,2.780701,3.322906,-151.813617
-56.286139,-0.019317,2.274524,2.159783,2.123618,3.390702,3.797063,0.873300,0.854889,1.477911,1.790902,1.835615,2.186742,2.764722,2.966259,2.985985,2.907080,2.717557,3.925678,3.416012,3.943075,3.406025,3.568718,3.349001,2.925998,4.093204,2.716912,4.093848,4.107379,3.643461,3.115109,2.284889,3.333537,-137.417473
-52.824293,0.057945,2.242633,1.891177,1.910903,3.094479,3.648458,0.408416,0.519541,1.276045,1.664982,1.679777,1.824765,2.578966,2.811079,2.784777,2.501048,2.755894,3.875742,3.318396,3.900227,3.324839,3.501386,3.281669,2.940817,4.070008,2.740108,4.074518,4.067431,3.551966,2.789400,1.808728,3.315818,-128.965523
-51.365302,-0.053838,2.244277,1.955287,1.873095,2.956724,3.569224,0.351868,0.442280,1.334567,1.700490,1.617639,1.782025,2.392882,2.687790,2.679570,2.096659,2.831281,3.904415,3.317107,3.919235,3.305509,3.515883,3.278125,3.044555,4.057766,2.802931,4.092238,4.054544,3.543267,2.720456,1.318393,3.515239,-125.403570
-30.690883,-0.418775,2.237702,1.997041,2.095344,2.861052,3.482758,0.105617,0.105617,1.510131,1.715613,1.601529,1.541693,2.277483,2.586199,2.462253,1.769203,2.827093,3.885085,3.346746,3.924711,3.298743,3.519105,3.252352,3.066140,4.042302,2.813562,4.093204,4.075485,3.454349,2.883150,0.927284,3.698551,-74.929008
-12.930303,-0.694945,2.235401,1.966794,2.429376,2.735461,3.393990,0.642502,0.462993,1.792874,1.670571,1.417417,1.334896,1.953315,2.336991,1.838574,1.433527,2.848034,3.886696,3.305509,3.915691,3.261050,3.495587,3.151192,2.896359,4.010407,2.970779,4.077740,4.040369,3.381540,2.956281,0.509758,3.702095,-31.567934
-0.553977,-1.643127,2.326470,2.339292,3.013273,2.529979,3.348290,1.159660,0.643817,2.755188,1.573255,1.034069,0.991658,1.626845,2.075946,1.202729,1.079111,2.809052,3.792946,3.349968,3.898294,3.242364,3.435342,2.876384,2.291976,4.056155,3.165045,3.869621,3.959505,3.428898,2.602222,1.538109,3.751708,0.000000
11.834228,-2.280949,2.213702,1.734682,2.750256,2.090084,3.274317,0.095754,0.095425,2.546418,0.574775,0.123371,0.525130,0.702339,0.977192,0.395265,0.352196,2.507827,3.881541,3.097712,3.791979,2.901513,3.155380,1.983986,1.606086,3.874776,2.971101,3.649582,3.742366,3.244942,2.004927,1.550029,3.432120,28.892004
17.861028,-2.458816,2.264332,1.544323,2.950806,1.972712,3.247687,0.092795,0.092137,2.704557,0.093452,0.002711,0.000739,0.000081,0.155262,-0.000576,0.000739,2.132182,3.827417,3.000740,3.733667,2.596745,2.936307,0.013946,-0.000229,3.755252,2.480443,3.394749,3.414723,2.730766,1.153122,0.781021,3.548100,43.606145
28.953393,-2.399637,2.343566,1.661366,3.162206,1.962849,3.261166,0.096411,0.094768,2.749270,0.096083,-0.000248,0.000739,0.000410,0.001396,0.000410,0.000410,1.729476,3.625742,2.911823,3.617687,2.394425,2.812596,0.754604,0.003637,3.691141,2.276834,3.292622,3.292944,2.471745,1.098354,0.042619,3.579350,70.686910
35.917834,-2.414432,2.378416,1.623557,3.224673,2.106851,3.352893,0.100357,0.099699,2.881107,0.099699,-0.000248,0.000410,-0.000248,0.199646,-0.000248,-0.000248,1.760726,3.446617,2.770392,3.537790,2.298420,2.800998,0.922774,0.003959,3.690175,2.322582,3.093524,3.304542,2.358020,0.060338,0.593521,3.534246,87.690027
41.155044,-2.442378,2.479677,1.725476,3.300947,2.101919,3.383798,0.101343,0.100357,2.912669,0.102987,0.000410,0.000410,0.000081,0.285456,0.000739,0.000410,2.002672,3.478512,2.844490,3.661502,2.506861,3.045199,1.252027,0.004925,3.776837,2.445971,3.101578,3.284568,2.675675,0.012013,1.197581,3.640239,100.476348
43.879647,-2.534106,2.507952,1.761970,3.336783,2.237702,3.467963,0.107590,0.105617,3.029054,0.377841,-0.000576,0.000081,0.292031,0.522500,0.063534,0.000410,2.281345,3.580638,2.899258,3.786502,2.754606,3.267493,1.883471,0.008469,3.855446,2.624129,3.226256,3.276192,2.830959,0.022322,1.683406,3.678899,107.127973
48.414492,-2.563038,2.622035,1.815231,3.369332,2.277483,3.473881,0.108247,0.109562,3.077383,0.403485,0.001067,0.001067,0.282825,0.563597,0.060904,0.000410,2.415043,3.568718,2.935985,3.809376,2.797776,3.297777,2.188239,0.009758,3.886374,2.653124,3.240109,3.276836,2.983343,0.013302,1.713367,3.695007,118.199297
51.090764,-2.578490,2.659844,1.828382,3.389058,2.326470,3.506100,0.110549,0.108247,3.074096,0.392964,0.000081,0.001396,0.396909,0.617844,0.105617,0.081617,2.485275,3.594814,2.963047,3.815175,2.800675,3.291656,2.274901,0.009436,3.947263,2.663111,3.240109,3.328060,2.993008,0.013302,1.762014,3.766528,124.733348
52.368655,-2.568627,2.646036,1.783340,3.379195,2.340279,3.515306,0.110220,0.109891,3.059301,0.386060,0.001067,0.001725,0.416307,0.696749,0.130275,0.171372,2.476255,3.589981,2.969812,3.796167,2.761371,3.291978,2.374128,0.010402,3.944363,2.662789,3.258151,3.390561,2.973356,0.013302,1.581279,3.863500,127.853281
54.662449,-2.570929,2.611186,1.594954,3.354208,2.269593,3.506758,0.105288,0.103644,3.019848,0.160193,0.000410,0.002054,0.302223,0.676037,0.098384,0.179920,2.454992,3.589337,2.947905,3.750742,2.733021,3.251707,2.332891,0.009436,3.929866,2.682119,3.267493,3.421489,3.123163,0.014268,0.618328,3.952095,133.453187
57.492406,-2.625176,2.568446,1.614351,3.354866,2.211400,3.494265,0.104959,0.103644,3.017547,0.104631,-0.000576,-0.001234,-0.000248,0.546501,0.100685,0.031314,2.449515,3.567107,2.920843,3.747520,2.756217,3.260406,2.277157,0.010080,3.950162,2.675675,3.229478,3.403769,3.098356,0.012980,0.505570,3.945974,140.362285
59.713459,-2.597559,2.631899,1.687010,3.373606,2.224222,3.507744,0.103644,0.104302,3.002752,0.106932,0.001067,0.001067,0.172687,0.611269,0.088192,0.151316,2.483020,3.575806,2.979155,3.793912,2.870263,3.305187,2.238497,0.009758,3.979802,2.679863,3.206926,3.418267,3.092557,0.012657,0.528766,4.009119,145.784590
62.381793,-2.647862,2.644392,1.666955,3.400894,2.359347,3.532073,0.107261,0.105617,3.061931,0.115480,0.000081,0.135207,0.437348,0.726668,0.214441,0.275264,2.544554,3.605445,2.992364,3.789724,2.906990,3.319684,2.276512,0.009114,3.968848,2.687918,3.181475,3.439530,3.089658,0.013946,0.463688,4.016529,152.299293
66.759580,-2.600847,2.678255,1.763614,3.432785,2.433978,3.537005,0.108905,0.108247,3.068835,0.187481,0.000410,0.180906,0.435704,0.755271,0.239099,0.323264,2.513304,3.605123,3.004284,3.779415,2.895392,3.315174,2.249773,0.009758,3.969170,2.688562,3.195006,3.470780,3.118331,0.014590,0.123804,4.024583,162.987137
69.937476,-2.641286,2.711132,1.843834,3.466319,2.512555,3.576129,0.113836,0.111206,3.123082,0.343648,0.000081,0.277236,0.486664,0.861793,0.343319,0.401183,2.620263,3.624453,3.032957,3.809054,2.954026,3.355122,2.257182,0.009436,4.012663,2.735920,3.167622,3.457571,3.093524,0.012980,0.157309,4.061310,170.745547
72.575129,-2.709343,2.722968,1.968438,3.545882,2.534911,3.582704,0.113508,0.113179,3.180289,0.342991,0.000410,0.301237,0.507377,0.893026,0.394608,0.387704,2.683729,3.637340,3.077738,3.835794,3.017815,3.383795,2.252350,0.009436,4.043591,2.771358,3.165689,3.447906,3.091913,0.013302,0.039719,4.091915,177.185340
76.272729,-2.787263,2.763407,2.018083,3.594540,2.589487,3.622157,0.117453,0.115480,3.247687,0.336415,0.000081,0.321292,0.541240,1.053796,0.426828,0.448855,2.718523,3.645394,3.116398,3.837727,3.042944,3.393460,2.214334,0.008791,4.065176,2.763949,3.137338,3.448550,3.061307,0.013946,0.000415,4.106735,186.212758
78.005139,-2.751097,2.749599,1.997699,3.594211,2.530637,3.578430,0.115151,0.113508,3.205933,0.347922,0.000739,0.289072,0.532363,1.023220,0.442280,0.338717,2.713691,3.624453,3.101578,3.832894,3.030057,3.399903,2.187917,0.010080,4.060021,2.753639,3.089980,3.438241,3.110277,0.013624,0.000415,4.117366,190.442453
79.817819,-2.760961,2.769654,2.069700,3.602759,2.605268,3.592567,0.117453,0.115151,3.245714,0.302223,0.000081,0.288086,0.518226,1.081741,0.438335,0.302223,2.716268,3.652481,3.124452,3.868332,3.048421,3.441463,2.155056,0.009114,4.071619,2.760405,3.069684,3.431153,3.091269,0.013624,0.000093,4.140562,194.867609
82.718853,-2.748796,2.767023,2.089755,3.593882,2.641104,3.624129,0.130275,0.116467,3.232234,0.348580,0.032958,0.441294,0.590556,1.276703,0.546172,0.470883,2.779735,3.649260,3.137338,3.888307,3.070972,3.476901,2.147002,0.009114,4.096426,2.746552,3.106733,3.422455,3.106733,0.013624,-0.000551,4.177612,201.950340
82.418307,-2.679096,2.748941,2.126577,3.654376,2.621049,3.633992,0.467924,0.120412,3.212837,0.182550,0.149015,0.573460,0.687544,1.466404,0.697736,0.562939,2.751384,3.648615,3.129284,3.886696,3.052931,3.481733,2.039721,0.008147,4.069686,2.757505,2.999774,3.404092,3.119297,0.013302,-0.000874,4.191787,201.216617
81.985252,-2.618930,2.847572,2.262031,3.731637,2.867627,3.732624,0.935438,0.268031,3.207248,0.695106,0.480746,0.802285,1.069248,1.883944,1.170181,1.067604,2.874774,3.716914,3.214336,3.931799,3.082248,3.521682,2.123162,0.008791,4.101258,2.765237,3.112854,3.420200,3.110921,0.013624,-0.000874,4.243011,200.159441
85.113980,-2.172782,2.854805,2.400115,3.744131,3.034972,3.859200,1.348375,0.978178,3.115521,1.133687,0.989028,1.083056,1.784655,2.417540,1.834628,1.608762,2.923743,3.700484,3.227223,3.932443,3.123163,3.551966,2.550353,0.010402,4.138307,2.842879,3.178898,3.413112,3.194362,0.014913,-0.000874,4.265885,207.797797
84.561091,-2.045547,2.863682,2.560555,3.760569,3.135576,3.930215,1.586735,1.211935,3.114863,1.524926,1.275059,1.474295,1.861916,2.615131,2.172605,1.916492,2.919877,3.725613,3.258151,3.930833,3.164078,3.562275,2.713046,0.011369,4.150550,2.954026,3.210792,3.416334,3.284568,0.014590,-0.000551,4.284571,206.447926
85.292419,-1.739787,2.851189,2.559569,3.789830,3.296345,3.983804,1.843176,1.400321,3.062589,1.620927,1.388157,1.648215,2.199564,2.799901,2.428389,2.196277,2.912145,3.738822,3.233344,3.914080,3.153447,3.558087,2.805186,0.011369,4.145073,3.011694,3.279091,3.410535,3.288756,0.014913,-0.000551,4.293913,208.233367
88.171840,-1.727951,2.848887,2.604611,3.796734,3.359140,4.006161,2.059508,1.464760,3.131959,1.675832,1.464103,1.746189,2.240003,2.858751,2.436280,2.245264,2.908279,3.752353,3.215303,3.917946,3.185019,3.573551,2.849000,0.012657,4.157315,3.085470,3.311308,3.420844,3.302287,0.015235,0.000093,4.319364,215.263512
89.486543,-1.853214,2.853819,2.659844,3.813830,3.476182,4.046271,2.228825,1.512432,3.217768,1.654790,1.613694,1.847122,2.307073,2.906422,2.601980,2.329100,2.925031,3.838371,3.270393,3.953384,3.252996,3.622520,2.784567,0.012335,4.151516,3.125418,3.329993,3.423099,3.335792,0.014268,-0.001518,4.353836,218.473238
91.144803,-1.699019,2.844285,2.645707,3.815803,3.513991,4.067641,2.471787,1.627502,3.198042,1.691284,1.742901,1.986849,2.432334,2.951135,2.696338,2.506965,3.079349,3.998809,3.408924,4.022972,3.365754,3.764917,2.743974,0.011691,4.215305,3.217558,3.416334,3.462404,3.440818,0.015235,-0.001196,4.375421,219.726371
93.610444,-1.720718,2.828175,2.684173,3.837501,3.541608,4.087367,2.548719,1.649201,3.287139,1.773148,1.727449,2.123947,2.586528,2.982040,2.756174,2.548391,3.213047,4.043268,3.451128,4.055511,3.420522,3.813242,2.725933,0.012013,4.232380,3.280058,3.492365,3.483666,3.446940,0.543585,0.002670,4.391530,219.726371
95.416227,-1.556331,2.816668,2.816668,3.845392,3.573170,4.113340,2.597706,1.783340,3.227960,1.968438,1.808655,2.250524,2.690420,3.004725,2.940615,2.766037,3.254285,4.046490,3.493654,4.063243,3.456282,3.842237,2.702093,0.011047,4.252032,3.314852,3.516527,3.508151,3.468525,0.845776,0.003637,4.402483,219.726371
95.778495,-1.587236,2.763407,2.849545,3.831584,3.585334,4.114655,2.698639,1.766244,3.219412,1.926027,1.754737,2.233428,2.755516,3.048451,3.017547,2.796613,3.240109,4.031348,3.463048,4.053578,3.431476,3.821940,2.660533,0.011691,4.217560,3.299388,3.489465,3.487855,3.441785,0.863818,0.002992,4.407638,219.726371
91.209442,-1.461644,2.684502,2.908395,3.849008,3.605061,4.138656,2.847244,1.808984,3.189823,2.105207,1.805368,2.360005,2.855463,3.076068,3.205604,2.942916,3.249130,4.008474,3.493009,4.052611,3.465947,3.851258,2.619296,0.431794,4.225614,3.363499,3.497520,3.486566,3.447584,1.122516,0.003315,4.418269,219.726371
91.068089,-1.339011,2.590802,2.944560,3.857885,3.615581,4.167587,2.981382,1.943452,3.156617,2.200222,1.917807,2.571076,2.963300,3.084287,3.337112,3.054698,3.275870,3.998487,3.516527,4.045201,3.481733,3.852546,2.704348,0.648933,4.244622,3.416012,3.571940,3.478512,3.538757,1.202735,0.056472,4.429867,219.726371
88.752462,-1.149638,2.573377,2.970204,3.837173,3.640239,4.178437,3.100068,2.037809,3.136233,2.280113,1.950356,2.671022,3.059630,3.143466,3.421606,3.160234,3.290367,3.896683,3.468203,4.016206,3.479478,3.806477,2.828060,1.096743,4.252676,3.435986,3.577095,3.495264,3.515561,1.039720,0.397000,4.414081,216.680852
83.870843,-1.166077,2.537212,3.027081,3.829940,3.652404,4.185998,3.193111,2.216332,3.113877,2.357703,1.983562,2.853819,3.169768,3.217440,3.540293,3.309824,3.318073,3.870588,3.505574,4.005575,3.495264,3.803899,3.002029,0.986240,4.279416,3.439852,3.661824,3.458215,3.505574,1.532633,0.698869,4.423102,204.762695
75.946873,-0.805084,2.597378,2.977108,3.792131,3.631362,4.174492,3.272344,2.413594,3.071794,2.401759,2.067398,2.930751,3.213166,3.228618,3.561005,3.430483,3.339336,3.893139,3.531347,4.007830,3.510728,3.799067,3.024903,1.799385,4.298102,3.436308,3.640883,3.427932,3.497842,1.882504,1.245583,4.388630,185.417023
67.428353,-0.741302,2.656885,2.952779,3.743473,3.603088,4.173176,3.323304,2.408005,3.000451,2.401759,2.079234,2.986642,3.224673,3.252947,3.575800,3.488676,3.335148,3.926322,3.541334,4.000098,3.507185,3.790690,3.104155,2.386371,4.303578,3.442107,3.661180,3.382506,3.498808,2.201770,1.839656,4.346749,164.619781
56.287283,-0.765302,2.633542,3.089548,3.697116,3.568567,4.170546,3.433771,2.602967,3.005054,2.598035,2.157153,3.004725,3.270372,3.270043,3.592567,3.609335,3.386695,3.994621,3.606412,4.018139,3.525870,3.841270,3.112854,3.114465,4.327741,3.504285,3.798745,3.539723,3.589015,2.656667,2.556796,4.308089,137.419953
45.686483,-0.578888,2.618419,3.095466,3.609006,3.391359,4.127806,3.448566,2.636173,2.964944,2.638145,2.257099,2.951793,3.248673,3.233878,3.576457,3.628403,3.433409,4.056799,3.620587,4.062598,3.541656,3.872843,3.134439,3.543911,4.329996,3.519105,3.855768,3.645071,3.656347,3.090302,2.985276,4.260730,111.539238
6.353273,-0.259978,2.731516,3.069164,3.519580,3.322975,4.074216,3.425880,2.714749,2.832120,2.638145,2.277483,3.020506,3.317057,3.178645,3.536347,3.698760,3.440818,4.080640,3.616721,4.088694,3.555832,3.868977,3.380251,3.788435,4.332895,3.433731,3.966915,3.821940,3.671167,3.250096,3.137338,4.195331,15.510867
-1.586516,-0.273458,2.743023,2.852833,3.333825,3.105000,3.961119,3.134589,2.731516,2.840339,2.440554,1.844491,2.595734,2.984670,3.096123,3.388729,3.658650,3.372842,4.072585,3.550033,4.083539,3.486888,3.854479,3.528125,3.960794,4.309055,3.422133,3.975614,3.793268,3.610922,3.641528,3.375097,4.039080,0.000000
-26.775044,0.210824,2.786421,2.780174,2.929765,3.087904,3.832241,3.026095,2.705543,2.435622,2.637816,2.312991,2.862038,3.017876,2.927792,3.405168,3.670815,3.328060,4.196619,3.567107,4.282638,3.535857,4.097392,3.854801,4.195653,4.286181,3.591914,4.102547,4.002675,3.816141,4.010407,3.644105,4.110279,-65.368785
-40.928842,-0.075865,2.996506,2.874860,2.978752,3.418647,3.932516,3.003739,2.627624,2.769325,2.630255,2.367895,2.981053,3.266755,3.273659,3.698431,3.809227,3.122841,4.097714,3.610600,4.241400,3.620909,4.133153,3.922134,3.844170,4.179545,3.461759,4.282638,4.197908,3.923423,4.037792,3.658602,3.946296,-99.923699
-46.543774,-0.251430,3.058315,2.933710,3.007684,3.761227,4.000572,2.800887,2.356388,2.927792,2.585542,2.404060,2.848559,3.267413,3.464675,3.803967,3.864789,2.881861,4.153771,3.694685,4.319364,3.815819,4.215949,3.844814,3.673422,4.163758,3.290045,4.360924,4.276839,3.944041,4.010085,3.707894,3.920845,-113.632258
-54.411412,-0.345130,3.110260,3.026753,3.092835,3.878269,4.041011,2.695351,2.351786,3.010643,2.585542,2.460609,2.797928,3.309824,3.524840,3.826323,3.915091,2.812918,4.155382,3.739144,4.368334,3.904415,4.280382,3.861245,3.804221,4.172779,3.192751,4.378321,4.347715,4.006864,4.059054,3.782636,3.934054,-132.840512
-57.925930,-0.273786,3.129329,3.047794,3.151685,3.922982,4.055805,2.649652,2.299511,3.044835,2.596391,2.449431,2.816668,3.337112,3.532073,3.841118,3.935804,2.805830,4.160859,3.723358,4.392174,3.925678,4.305189,3.871554,3.792623,4.205962,3.142493,4.392818,4.372522,4.040369,4.082250,3.849647,3.935665,-141.420949
-61.804591,-0.309951,3.119137,3.109603,3.218097,3.945667,4.067312,2.618748,2.246579,3.057986,2.592446,2.452389,2.808777,3.329551,3.531745,3.844077,3.950270,2.789722,4.164081,3.711438,4.397329,3.927933,4.314854,3.882830,3.780703,4.211439,3.121230,4.390885,4.388630,4.051967,4.102869,3.852868,3.924711,-150.889891
-63.275663,-0.331650,3.136562,3.110918,3.244070,3.956188,4.074216,2.525048,2.197592,3.092835,2.638803,2.430691,2.781489,3.313770,3.522868,3.846707,3.968352,2.813884,4.193075,3.676644,4.396040,3.924711,4.310988,3.866722,3.768783,4.207895,3.080959,4.388952,4.405705,4.062276,4.113823,3.851580,3.925356,-154.481609
-64.127879,-0.310938,3.109603,3.135247,3.283851,3.967037,4.108737,2.392882,2.118358,3.076726,2.622364,2.414252,2.739078,3.303249,3.523854,3.848022,4.001558,2.808085,4.203385,3.673422,4.395073,3.927933,4.314532,3.853513,3.763628,4.210150,3.055831,4.376388,4.409249,4.068397,4.130253,3.830639,3.923423,-156.562227
-65.403395,-0.374391,3.110589,3.093493,3.317386,3.973941,4.128792,2.368224,1.899396,3.109274,2.684173,2.403731,2.716393,3.288454,3.518923,3.843419,4.013065,2.780379,4.206606,3.665690,4.383476,3.924711,4.306478,3.844814,3.763306,4.214661,3.069362,4.364790,4.405061,4.062598,4.127998,3.841270,3.914080,-159.676207
-64.942411,-0.355322,3.104342,3.110260,3.442976,3.992024,4.164300,2.362306,1.906300,3.120452,2.675296,2.403074,2.698968,3.312783,3.539964,3.855584,4.034106,2.779090,4.210472,3.676322,4.390563,3.934698,4.307767,3.842559,3.754930,4.232058,3.046488,4.360280,4.408604,4.062276,4.131864,3.869299,3.905704,-158.550570
-69.295800,-0.341185,3.111575,3.136233,3.434428,3.987092,4.163642,2.345210,1.907287,3.086589,2.682200,2.378745,2.700940,3.305221,3.538320,3.848680,4.017339,2.764915,4.202418,3.667945,4.382831,3.933088,4.305189,3.839337,3.743654,4.224648,3.035534,4.350615,4.407960,4.061310,4.109635,3.881863,3.901838,-169.179379
-73.725856,-0.359267,3.100397,3.114863,3.443963,3.988736,4.167916,2.317265,1.886574,3.074096,2.651296,2.338306,2.646364,3.291742,3.524840,3.845721,4.020298,2.787789,4.195331,3.688564,4.380254,3.931477,4.306478,3.832250,3.738822,4.233024,3.014916,4.356736,4.410537,4.057766,4.096426,3.903126,3.900871,-179.994719
-75.096027,-0.323102,3.001766,3.102041,3.442648,3.984133,4.169231,2.182468,1.801094,3.016232,2.676611,2.215017,2.477376,3.217440,3.530758,3.838488,4.010764,2.705314,4.181478,3.653126,4.372200,3.914724,4.297135,3.790046,3.707572,4.267818,2.935018,4.369300,4.416981,4.051645,4.099325,3.870910,3.874453,-183.339879
-75.241353,-0.351377,2.942587,3.071794,3.413058,3.979202,4.165943,2.194633,1.775449,3.015903,2.721653,2.170633,2.461266,3.193768,3.532073,3.829611,4.003202,2.721745,4.157959,3.612211,4.346426,3.898294,4.272006,3.771683,3.674711,4.269107,2.942106,4.361568,4.410860,4.039725,4.085472,3.852546,3.865755,-183.694586
-74.381557,-0.282335,2.908724,3.055684,3.387743,3.955859,4.145560,2.307073,1.828382,2.945875,2.752886,2.211071,2.591788,3.261824,3.518923,3.818433,3.982161,2.788755,4.138629,3.543911,4.298102,3.817108,4.193720,3.775226,3.668912,4.268784,2.964013,4.347071,4.399906,4.021683,4.049390,3.790690,3.855768,-181.595613
-73.943535,-0.217238,2.871901,3.019191,3.386757,3.945338,4.137998,2.471129,1.831998,2.875847,2.806147,2.181811,2.641104,3.239139,3.535361,3.811200,3.970325,2.757183,4.129609,3.517816,4.268784,3.793912,4.154416,3.767817,3.654736,4.262985,2.979477,4.323553,4.387664,4.018139,4.030704,3.804866,3.853835,-180.526035
-73.237495,-0.181730,2.852833,2.973820,3.360455,3.937448,4.134053,2.521103,1.823121,2.844942,2.795298,2.191674,2.662474,3.269385,3.533388,3.801994,3.938763,2.791655,4.114145,3.526192,4.256864,3.781992,4.133153,3.749775,3.697585,4.262985,2.983665,4.317109,4.382831,4.008152,3.987534,3.780381,3.841915,-178.802605
-74.055849,-0.137017,2.798585,2.917272,3.319030,3.923639,4.132080,2.538199,1.782682,2.767352,2.768996,2.145646,2.648008,3.277276,3.519580,3.780295,3.916078,2.846423,4.104158,3.536502,4.238501,3.772005,4.114145,3.743332,3.677288,4.262019,2.975611,4.300035,4.373166,3.995266,3.973358,3.765239,3.833861,-180.800375
-74.813147,-0.074222,2.682858,2.890641,3.266427,3.890105,4.121231,2.611843,1.725805,2.668063,2.698639,1.984877,2.633542,3.292071,3.480128,3.752679,3.904242,2.761693,4.093204,3.535535,4.235279,3.761051,4.103191,3.692108,3.617043,4.257186,2.946294,4.290692,4.366401,3.974647,3.961760,3.750420,3.810665,-182.649316
-75.267400,-0.034111,2.663789,2.890313,3.210207,3.849995,4.113669,2.499733,1.741915,2.635515,2.641762,1.879341,2.615460,3.240454,3.452511,3.735583,3.892735,2.781346,4.072585,3.519105,4.214016,3.724646,4.055833,3.664724,3.593203,4.254609,2.941140,4.281993,4.355125,3.956606,3.916657,3.720458,3.803899,-183.758086
-76.857832,0.048082,2.677598,2.860723,3.195083,3.840460,4.105778,2.452061,1.720545,2.529979,2.634200,1.859615,2.609542,3.270043,3.430483,3.707966,3.880242,2.793910,4.047134,3.530381,4.193720,3.714981,4.034248,3.627030,3.589981,4.248810,2.944683,4.270073,4.346104,3.945330,3.903448,3.707572,3.801644,-187.641012
-76.328727,0.115151,2.635515,2.833764,3.158918,3.829940,4.104135,2.407677,1.714955,2.444828,2.633214,1.840875,2.599350,3.236508,3.432785,3.698431,3.867420,2.887982,4.028771,3.497520,4.167947,3.689853,3.997521,3.568396,3.544556,4.250743,2.943073,4.242689,4.334828,3.937598,3.888307,3.669878,3.793912,-186.349184
-71.982271,0.147700,2.576007,2.759133,3.107959,3.788515,4.097559,2.336662,1.687010,2.323182,2.586528,1.877369,2.552993,3.237166,3.397935,3.653390,3.835529,2.881861,3.990755,3.475612,4.124776,3.625097,3.937276,3.545200,3.563564,4.239467,2.930830,4.234635,4.305189,3.892173,3.815497,3.701773,3.767494,-175.737738
-72.642992,0.131590,2.522418,2.643077,2.983684,3.730980,4.068956,2.413594,1.623228,2.248880,2.444499,1.888547,2.592775,3.215467,3.321660,3.590923,3.777665,2.935985,3.992044,3.396682,4.089982,3.537146,3.852546,3.557120,3.551321,4.228192,2.971423,4.225292,4.281349,3.880575,3.793590,3.652481,3.751386,-177.351035
-73.268428,0.125672,2.526692,2.624666,2.946532,3.698103,4.063696,2.419512,1.629475,2.215345,2.419184,1.884930,2.549377,3.200015,3.294372,3.559690,3.732624,2.921488,3.973358,3.384439,4.080640,3.522971,3.852546,3.538757,3.541656,4.225614,2.998807,4.213050,4.262019,3.882508,3.747520,3.616077,3.742688,-178.878012
-78.735190,0.167755,2.501705,2.507623,2.908066,3.661938,4.049559,2.346196,1.593310,2.150578,2.385978,1.843176,2.536226,3.174699,3.238152,3.536347,3.703034,2.924387,3.976902,3.363821,4.071619,3.513950,3.860278,3.585793,3.515883,4.220137,2.997196,4.207895,4.254931,3.891850,3.693396,3.574195,3.726579,-192.224422
-86.451906,0.289730,2.451732,2.437595,2.859079,3.612293,4.033778,2.203181,1.538734,1.978301,2.321210,1.861916,2.603295,3.169768,3.188508,3.492621,3.648787,2.864464,3.968848,3.350612,4.066786,3.463048,3.859634,3.517494,3.435342,4.202418,2.944039,4.194364,4.247199,3.882185,3.604156,3.502674,3.690175,-211.064078
-85.896816,0.113179,2.493157,2.441540,2.920231,3.748733,4.078490,2.134797,1.482843,2.066741,2.285702,1.786299,2.538856,3.183905,3.305221,3.530430,3.662267,2.777480,3.974325,3.429220,4.089982,3.580961,3.890562,3.446617,3.348357,4.198552,2.823871,4.159570,4.272973,3.902804,3.594814,3.514917,3.603512,-209.709246
-89.154135,0.135864,2.479349,2.425759,2.869929,3.759254,4.078490,1.932931,1.433856,1.994411,2.257757,1.733695,2.581268,3.151357,3.317386,3.546539,3.649773,2.782956,3.993333,3.431153,4.098681,3.625742,3.916657,3.489143,3.371553,4.194042,2.813562,4.155704,4.274261,3.929544,3.538112,3.462726,3.572262,-217.661629
-94.600675,0.152960,2.415238,2.368882,2.787407,3.715199,4.042654,1.708380,1.268155,1.755066,2.141701,1.709038,2.483294,3.114534,3.277933,3.463032,3.562978,2.718201,3.975936,3.393460,4.090627,3.592236,3.913113,3.471424,3.275225,4.180511,2.800675,4.150227,4.274261,3.930188,3.440818,3.405702,3.532958,-219.726371
-92.426252,0.164467,2.377758,2.314634,2.774585,3.709938,4.038709,1.602844,1.188592,1.678133,2.050960,1.737641,2.460938,3.080013,3.268070,3.455470,3.460730,2.653446,3.945974,3.459182,4.096104,3.606734,3.937598,3.442107,3.233988,4.148617,2.736565,4.139274,4.291336,3.925356,3.404414,3.327738,3.479156,-219.726371
-91.750869,0.149673,2.351457,2.338306,2.736448,3.776021,4.071586,0.991987,1.093906,1.623228,2.000000,1.761312,2.451732,3.055684,3.282536,3.445935,3.432456,2.620263,3.954995,3.511373,4.120910,3.638628,3.963049,3.439208,3.134117,4.139274,2.672131,4.134119,4.313566,3.954673,3.381218,3.398937,3.439208,-219.726371
-87.390830,-0.021947,2.325484,2.259072,2.708173,3.750048,4.059422,0.863108,1.008425,1.628489,1.881643,1.775449,2.411622,2.995519,3.233878,3.411743,3.374592,2.590946,3.912791,3.518460,4.106091,3.619620,3.943075,3.421489,3.054220,4.125098,2.631216,4.109312,4.299068,3.935665,3.226900,3.376063,3.379607,-213.356527
-83.675936,0.020465,2.317922,2.259072,2.476719,3.683637,4.023257,0.723051,0.936095,1.570954,1.794518,1.855670,2.413266,2.902806,3.204618,3.344016,3.267742,2.575804,3.876709,3.485599,4.098037,3.601579,3.934054,3.384117,3.012660,4.108990,2.623807,4.094171,4.288437,3.911180,3.151514,3.254607,3.369620,-204.286941
-79.718034,-0.020303,2.300168,2.222578,2.313977,3.631362,3.988078,0.446554,0.856533,1.472651,1.679448,1.775121,2.367238,2.787407,3.135247,3.248673,3.158918,2.475610,3.956284,3.469491,4.081284,3.580961,3.921812,3.328383,2.885727,4.088694,2.669232,4.083217,4.258475,3.860923,3.193073,3.096423,3.312919,-194.624027
-72.952032,-0.024248,2.276826,2.248880,2.238688,3.516950,3.929886,0.444252,0.788477,1.449308,1.600543,1.750463,2.274196,2.750585,3.063246,3.098753,2.912669,2.384760,3.939209,3.407635,4.048423,3.532636,3.883474,3.290045,2.838691,4.091915,2.792299,4.096104,4.229480,3.795523,3.178253,2.998485,3.382184,-178.105594
-67.123619,0.011917,2.236058,2.077919,2.055563,3.339414,3.800350,0.408416,0.551761,1.323060,1.615009,1.755066,2.087125,2.604939,2.931738,2.859737,2.616775,2.629606,3.868655,3.273614,3.978513,3.423422,3.772005,3.217236,2.787789,4.101903,2.816462,4.076774,4.146039,3.687920,2.884438,2.772003,3.327416,-163.876137
-57.536599,0.080959,2.227510,2.051617,1.975014,3.046150,3.682650,0.108247,0.473842,1.216867,1.641639,1.644927,1.860272,2.409649,2.761434,2.674310,2.159783,2.633794,3.828706,3.207893,3.957250,3.354800,3.709505,3.148936,2.718523,4.085794,2.815817,4.054222,4.103513,3.592881,2.783923,2.345778,3.251707,-140.470434
-43.278508,-0.321459,2.215345,1.959561,2.058850,2.949491,3.622485,0.105617,0.103644,1.412486,1.654462,1.602844,1.591009,2.180167,2.611843,2.407677,1.750463,2.611242,3.763951,3.166656,3.945008,3.328383,3.710471,3.127673,2.841913,4.064209,2.858665,4.042624,4.076129,3.601257,2.562273,2.152156,3.383473,-105.660527
-7.701441,-0.480913,2.196277,1.718572,1.800107,2.638474,3.475525,0.287099,0.098384,1.395061,1.663996,1.397691,1.229031,1.841532,2.240990,1.722517,1.331279,2.530056,3.763306,3.057119,3.919235,3.209181,3.656669,2.944039,2.637338,4.036825,2.916333,3.991078,4.054544,3.582249,2.288755,1.749772,3.463370,-18.802449
3.437269,-1.214406,2.195619,2.019727,2.703571,2.595734,3.517607,0.856861,0.499486,2.071672,1.573913,1.015658,1.001850,1.568323,2.013809,1.199113,1.218182,2.453703,3.734311,2.966591,3.909892,3.017493,3.573229,2.824194,2.319038,4.009763,2.930508,3.830317,3.897005,3.368331,1.703380,0.831923,3.647004,8.391922
17.557997,-1.880173,2.202523,1.544323,2.600008,2.190688,3.388072,0.099042,0.099042,2.306415,1.272758,0.472856,0.568528,0.753298,1.122180,0.488308,0.589570,2.406023,3.708216,2.860276,3.893461,2.897003,3.505252,1.922453,1.495584,3.995266,2.872196,3.531669,3.493331,3.329993,1.634759,1.674707,3.724969,42.865973
34.029802,-2.077767,2.378416,1.831998,3.097109,2.207126,3.458100,0.104959,0.103316,2.615460,0.681626,0.000410,0.144741,0.587268,0.807217,0.257839,0.428800,2.472067,3.687275,3.009761,3.906670,2.958214,3.523293,1.649256,0.006858,3.984956,2.828060,3.486244,3.407635,3.189851,1.433406,0.917297,4.023938,83.080324
45.592183,-2.196783,2.499075,2.019727,3.316728,2.459622,3.537991,0.258496,0.110549,2.758475,0.709243,-0.000248,0.331812,0.700695,1.312539,0.642173,0.619488,2.549386,3.659891,3.060341,3.920845,3.111565,3.566141,1.526189,0.006536,3.997521,2.819683,3.426321,3.310341,3.114787,1.478831,0.626060,4.162470,111.309051
56.808945,-2.303963,2.526692,2.145317,3.431798,2.587514,3.626102,0.454444,0.117453,2.896230,0.943000,0.241071,0.565898,0.847327,1.488103,0.814121,0.644803,2.629606,3.658602,3.131862,3.978835,3.172454,3.598035,2.172775,0.009758,4.060021,2.872518,3.398937,3.295200,3.169233,1.020712,0.762980,4.226581,138.693922
63.739453,-2.459803,2.655241,2.195619,3.553115,2.704557,3.676733,0.652365,0.125672,3.106644,1.078125,0.325894,0.690503,0.998891,1.579173,0.895985,0.670776,2.701448,3.679543,3.135083,3.966271,3.154413,3.568074,2.148613,0.008469,4.084183,2.922132,3.402481,3.397970,3.207248,0.015235,0.660854,4.264918,155.613695
68.311484,-2.546599,2.767023,2.208441,3.618540,2.745325,3.696130,0.726668,0.127645,3.169768,1.087330,0.411375,0.713517,1.000863,1.621584,0.884807,0.774997,2.780057,3.697585,3.165045,3.958861,3.161501,3.562919,2.146035,0.008791,4.091271,2.934052,3.403447,3.448873,3.213370,0.014913,0.411820,4.284248,166.776301
71.617543,-2.630766,2.870586,2.261373,3.723747,2.773270,3.710596,0.720421,0.129289,3.236508,1.058727,0.390991,0.696092,0.988699,1.596927,0.881191,0.768422,2.916977,3.717237,3.215947,3.965304,3.175032,3.573873,2.204025,0.009436,4.132830,2.946616,3.400548,3.487855,3.237532,0.014590,0.255570,4.292303,174.847746
74.783721,-2.658383,2.917601,2.277812,3.738870,2.768996,3.724076,0.725353,0.129617,3.242097,1.046234,0.395923,0.721736,0.991658,1.614680,1.023878,0.837135,2.921165,3.723680,3.223357,3.958217,3.169233,3.559053,2.208213,0.009758,4.139274,2.938240,3.397648,3.493976,3.267171,0.014268,0.000737,4.286826,182.577383
77.839156,-2.654766,2.934368,2.361649,3.753994,2.795298,3.746432,0.738504,0.130275,3.261166,1.046892,0.464636,0.741791,1.055111,1.704764,1.052152,0.850286,2.936307,3.711438,3.220457,3.954351,3.185663,3.561631,2.346100,0.009436,4.156026,2.920521,3.406991,3.509440,3.276192,0.014268,-0.000874,4.294880,190.037145
81.211215,-2.691260,2.927792,2.322196,3.767473,2.910696,3.774377,0.819710,0.329511,3.236837,1.083714,0.614885,0.825628,1.213908,1.802080,1.074180,1.040316,2.945006,3.708538,3.209181,3.950807,3.179220,3.558087,2.454670,0.010080,4.150872,2.905701,3.378963,3.493976,3.254929,0.014590,-0.000229,4.297135,198.269324
83.133921,-2.652136,2.936340,2.257099,3.768788,2.853490,3.769446,0.815436,0.131590,3.196727,1.025193,0.588255,0.834834,1.251059,1.814902,1.123167,1.126126,2.927609,3.686631,3.197261,3.935021,3.152802,3.528448,2.307118,0.009758,4.165047,2.942750,3.268782,3.445329,3.180186,0.013946,-0.000229,4.292625,202.963859
83.905648,-2.646876,2.914970,2.295566,3.768788,2.936012,3.790158,0.945301,0.399539,3.216782,1.123824,0.761518,0.866396,1.378951,1.947397,1.230017,1.191880,2.931152,3.694685,3.194362,3.943397,3.169877,3.545200,2.419876,0.010080,4.159892,2.903124,3.247519,3.450806,3.196939,0.014913,0.000093,4.300357,204.847527
84.996618,-2.656410,2.905436,2.264990,3.755309,2.921546,3.802652,0.982452,0.536309,3.219741,1.147167,0.753956,0.863437,1.453253,2.068056,1.374677,1.261908,2.914722,3.715948,3.192751,3.953706,3.164723,3.561631,2.465946,0.011047,4.148294,2.894103,3.233666,3.439530,3.226900,0.013624,-0.000551,4.303256,207.511055
86.540264,-2.573559,2.903135,2.313977,3.792460,3.046479,3.839474,1.173797,0.684914,3.222042,1.195496,0.850944,0.906835,1.625530,2.167674,1.498295,1.336868,2.966913,3.730768,3.211759,3.975614,3.198872,3.590625,2.569683,0.010402,4.158604,2.880250,3.242687,3.453061,3.222712,0.013624,-0.000874,4.319042,211.279879
88.867361,-2.513064,2.908724,2.404389,3.803967,3.028068,3.863803,1.327991,0.847327,3.238152,1.401307,0.904533,1.037028,1.687010,2.255784,1.576871,1.405253,2.966913,3.751386,3.201127,3.969492,3.180509,3.588692,2.592234,0.010724,4.157637,2.955959,3.261050,3.454027,3.260084,0.013302,-0.000229,4.319687,216.961145
88.969513,-2.491365,2.905765,2.455677,3.837501,3.033657,3.880570,1.392102,1.045248,3.264125,1.524597,0.999877,1.210949,1.815560,2.330744,1.732709,1.490076,2.998485,3.776193,3.227223,3.970781,3.214336,3.597391,2.640881,0.010402,4.163114,3.013627,3.270715,3.454027,3.250419,0.013946,-0.000551,4.323230,217.210680
90.947226,-2.434158,2.890970,2.501048,3.872351,3.064890,3.892735,1.502240,1.094235,3.268728,1.608762,1.032754,1.306621,1.908273,2.419512,1.847450,1.660379,3.007506,3.803577,3.268460,3.973358,3.223679,3.616721,2.637338,0.011369,4.175679,3.066784,3.292622,3.463048,3.307442,0.013624,-0.000551,4.332895,219.726371
94.248717,-2.199084,2.887025,2.538856,3.882872,3.129000,3.937448,1.586406,1.242511,3.203303,1.703120,1.214565,1.499610,1.991781,2.537541,2.083508,1.876382,3.055831,3.869621,3.333215,4.006864,3.280702,3.695007,2.683085,0.011369,4.170524,3.045521,3.264272,3.448550,3.273937,0.013624,-0.001196,4.379610,219.726371
94.171264,-2.010039,2.879134,2.621707,3.901612,3.234536,3.964078,1.730079,1.362512,3.179960,1.699174,1.304977,1.623557,2.061809,2.638803,2.208441,2.038795,3.117042,3.898938,3.376707,4.015884,3.309697,3.728835,2.702415,0.011047,4.203707,3.063885,3.269426,3.457249,3.342236,0.014590,-0.000551,4.403772,219.726371
94.334531,-1.926530,2.858751,2.615460,3.888461,3.262152,3.992353,1.779395,1.445692,3.165494,1.713640,1.445363,1.694572,2.176222,2.756832,2.422143,2.240661,3.084503,3.888951,3.349323,4.001387,3.307442,3.717237,2.652801,0.011691,4.204996,3.108021,3.298743,3.455316,3.387017,0.014590,-0.000551,4.406027,219.726371
96.186920,-1.916667,2.832778,2.587843,3.880899,3.278262,3.992681,1.827724,1.451609,3.230590,1.688654,1.392759,1.707065,2.128221,2.775571,2.412937,2.264332,3.051965,3.911825,3.360277,4.004286,3.315174,3.721747,2.704026,0.011047,4.187599,3.130895,3.313563,3.458860,3.367365,0.014590,-0.000874,4.406994,219.726371
95.546902,-1.973216,2.836723,2.676283,3.893064,3.340071,4.013065,1.996713,1.486131,3.293057,1.655777,1.462130,1.729750,2.219948,2.821928,2.438910,2.250524,3.084181,3.956606,3.370264,4.016851,3.353834,3.756863,2.718845,0.012013,4.209828,3.165045,3.307442,3.458215,3.373164,0.014268,0.000093,4.425679,219.726371
95.493050,-1.902859,2.834421,2.715735,3.924626,3.435086,4.043312,2.211071,1.503555,3.260509,1.717586,1.568652,1.858957,2.283401,2.870258,2.575350,2.394197,3.120264,3.974003,3.383795,4.023938,3.379929,3.787791,2.722067,0.012657,4.210795,3.178898,3.328383,3.444362,3.386695,0.014590,0.000415,4.430834,219.726371
96.264911,-1.813432,2.829819,2.780503,3.926598,3.467634,4.066326,2.450088,1.627831,3.240782,1.885917,1.663338,1.959561,2.422143,2.951464,2.673981,2.506965,3.136372,3.980124,3.405702,4.018139,3.416334,3.807121,2.745263,0.013302,4.213050,3.218524,3.381218,3.464981,3.444684,0.139913,0.000737,4.427290,219.726371
95.935816,-1.784171,2.793983,2.850202,3.934489,3.504128,4.092628,2.541486,1.676489,3.242097,2.088111,1.738627,2.093371,2.554966,2.990259,2.840997,2.696338,3.228833,3.984634,3.500097,4.026838,3.453061,3.823551,2.729477,0.336755,4.241078,3.292622,3.429220,3.491721,3.513306,0.403444,0.001704,4.455963,219.726371
96.180318,-1.610250,2.776558,2.870915,3.938434,3.537662,4.122875,2.698639,1.783340,3.274317,2.127235,1.815560,2.248223,2.681543,3.009328,3.066205,2.844613,3.288434,3.995588,3.544878,4.027160,3.490432,3.845781,2.756539,0.853830,4.263630,3.324517,3.492043,3.490110,3.566141,0.756214,0.002670,4.467239,219.726371
94.692115,-1.300216,2.792339,2.907737,3.954544,3.563635,4.127149,2.858751,1.844820,3.238481,2.204825,1.891834,2.340936,2.754859,3.033985,3.188837,2.956724,3.310341,3.991722,3.548100,4.017173,3.496231,3.839337,2.866719,1.118006,4.266207,3.360277,3.544556,3.500097,3.527803,0.999449,0.004925,4.473038,219.726371
94.033140,-1.158186,2.751900,2.951135,3.953229,3.606704,4.153779,2.986642,2.023672,3.186535,2.258414,1.948712,2.355731,2.862696,3.070150,3.305221,3.074753,3.252674,3.967882,3.504929,4.001709,3.466270,3.817430,2.918910,1.000416,4.259119,3.416656,3.543589,3.477545,3.494620,0.838689,0.003637,4.470460,219.726371
91.393366,-1.040156,2.720009,3.091192,3.960462,3.610978,4.166601,3.090205,2.130851,3.137220,2.393211,1.984548,2.470143,2.965272,3.126041,3.376565,3.177658,3.241398,3.903771,3.461437,3.982379,3.478512,3.790046,2.941140,1.033599,4.250421,3.407635,3.563564,3.465625,3.469813,0.924707,0.353186,4.477226,219.726371
91.104418,-0.970128,2.690420,3.150699,3.951914,3.613280,4.179094,3.219412,2.416882,3.077383,2.398471,2.109481,2.695351,3.087904,3.182261,3.492621,3.346318,3.205638,3.934698,3.435986,3.954028,3.478512,3.751386,2.965624,1.006859,4.242045,3.411824,3.582571,3.445651,3.420522,1.076124,0.400866,4.490112,219.726371
86.777125,-0.950730,2.613159,3.154316,3.920023,3.622814,4.183697,3.227632,2.256771,3.039575,2.450417,2.120331,2.724283,3.132617,3.212179,3.519580,3.409771,3.185019,3.920845,3.385084,3.931799,3.467880,3.722391,2.955637,1.028444,4.224648,3.390883,3.513628,3.410213,3.393782,1.573548,0.559049,4.481414,211.858324
77.182103,-0.973744,2.620720,3.135247,3.876954,3.619526,4.182382,3.298975,2.518472,3.092178,2.516171,2.115399,2.859737,3.159576,3.229933,3.544895,3.489333,3.193073,3.892495,3.351579,3.927289,3.450161,3.714659,3.051320,1.865751,4.206606,3.401514,3.613821,3.397970,3.408602,1.713045,0.918586,4.447909,188.432777
67.286165,-0.881030,2.588829,3.147411,3.831912,3.595197,4.183368,3.370318,2.610528,3.031684,2.620720,2.125262,2.961985,3.194097,3.233549,3.576457,3.608677,3.201127,3.904093,3.376385,3.938887,3.470136,3.727546,3.131217,2.502672,4.242367,3.423422,3.729157,3.424066,3.490432,2.215301,1.675352,4.410215,164.273012
54.991549,-0.727493,2.656228,3.242097,3.749720,3.536347,4.161341,3.449881,2.652282,2.964286,2.643734,2.173920,2.940615,3.190152,3.230590,3.572512,3.673774,3.255895,3.944686,3.418267,3.958861,3.471102,3.737855,3.153447,3.081604,4.299712,3.438563,3.829672,3.560986,3.555832,2.600933,2.450804,4.369945,134.256859
41.327608,-0.504585,2.708502,3.214152,3.696130,3.397935,4.128792,3.479799,2.716064,2.909052,2.672995,2.285374,2.997821,3.252618,3.213166,3.560019,3.708623,3.288434,4.029415,3.466914,3.996554,3.485277,3.752675,3.183408,3.513628,4.306800,3.430187,3.882508,3.688886,3.578383,3.061952,2.951771,4.316143,100.897531
5.802528,-0.245512,2.799901,3.209220,3.630376,3.305550,4.093614,3.501169,2.763736,2.860723,2.655899,2.239675,2.994533,3.284180,3.108945,3.543252,3.755638,3.275547,4.042302,3.451772,3.986889,3.454672,3.724646,3.291978,3.820652,4.305511,3.553576,3.993977,3.825806,3.591270,3.278769,3.158924,4.258797,14.166453
-1.055224,-0.283978,2.788722,2.958697,3.361441,3.085603,3.954873,3.135576,2.699297,2.892614,2.573377,1.950685,2.720995,3.108288,3.063575,3.355195,3.753007,3.128962,3.946619,3.342880,3.969492,3.389272,3.715948,3.192751,3.914080,4.272006,3.401192,3.996876,3.747198,3.598680,3.328383,3.347068,4.045846,0.000000
-6.572277,0.003369,3.015903,2.851189,3.124397,3.182919,3.891420,3.214481,2.751900,2.754201,2.714420,2.418526,3.103027,3.216453,3.103356,3.511032,3.811529,3.324194,4.166014,3.533602,4.215949,3.540368,3.991400,3.830639,4.163114,4.298102,3.566785,4.227869,4.098681,3.916979,3.948874,3.664401,4.099325,-16.045656
-17.791312,-0.085400,2.911025,2.864997,3.203631,3.321002,3.975256,3.325605,2.589158,2.695680,2.647680,2.370854,2.979409,3.319359,3.099411,3.600786,3.805611,3.047454,4.062920,3.389916,4.189209,3.436308,3.977869,3.880897,3.875098,4.234635,3.403447,4.322908,4.215949,3.866077,3.845136,3.647971,3.866399,-43.435984
-26.167520,-0.135373,2.974149,3.000451,3.264783,3.519580,4.058764,3.352236,2.516171,2.820284,2.723954,2.414581,2.981711,3.425880,3.280235,3.709610,3.819090,2.924709,4.096426,3.361888,4.339983,3.576772,4.209828,3.935021,3.834505,4.225936,3.414723,4.446620,4.319042,3.940175,4.007186,3.887018,3.834183,-63.885465
-33.098201,-0.228416,2.977108,3.039575,3.339085,3.629718,4.087696,3.239796,2.535240,2.927792,2.740722,2.455020,2.953765,3.417990,3.357825,3.745774,3.844077,2.870908,4.198874,3.386695,4.414403,3.628963,4.292625,4.040047,3.886374,4.199197,3.371231,4.475615,4.408927,3.986567,4.042624,3.926644,3.874453,-80.806230
-38.212543,-0.284965,3.042205,3.082644,3.429497,3.766816,4.129121,3.138535,2.513212,3.006697,2.700940,2.428718,2.987958,3.454812,3.450867,3.791474,3.893721,2.802608,4.229480,3.478834,4.449197,3.725291,4.337084,4.060987,3.818719,4.199841,3.430509,4.485924,4.429867,4.028771,4.079029,3.960150,3.928900,-93.292414
-41.189731,-0.337568,3.081657,3.114206,3.458100,3.821063,4.176464,3.041876,2.498746,3.058972,2.716064,2.419184,2.991245,3.453168,3.489662,3.813172,3.927913,2.798742,4.235279,3.515239,4.464983,3.762662,4.368012,4.059377,3.937598,4.217560,3.428254,4.487535,4.442432,4.040691,4.111568,3.961760,3.933732,-100.560684
-45.262701,-0.345130,3.072780,3.117493,3.462374,3.866105,4.191588,3.013602,2.415896,3.050753,2.669050,2.415896,2.930423,3.437059,3.495580,3.814816,3.944023,2.794232,4.224970,3.498808,4.463050,3.787147,4.368656,4.049067,3.916979,4.212083,3.402481,4.486246,4.447909,4.040369,4.101258,3.978513,3.917302,-110.504883
-52.208380,-0.382610,3.003739,3.129658,3.453497,3.860844,4.186656,2.927135,2.368553,3.039903,2.680557,2.394197,2.888997,3.426538,3.484402,3.804953,3.945338,2.790688,4.217560,3.476901,4.460473,3.782636,4.363501,4.042946,3.866077,4.222070,3.381862,4.483991,4.454352,4.033281,4.088694,3.991400,3.888629,-127.461863
-54.689222,-0.385569,3.056999,3.147411,3.465662,3.910160,4.209999,2.885052,2.218962,3.056013,2.688447,2.375128,2.844942,3.411743,3.499525,3.811200,3.972626,2.755572,4.258797,3.514272,4.471427,3.764273,4.384764,4.046812,3.830961,4.216594,3.349323,4.485602,4.466916,4.058410,4.105769,4.003964,3.910858,-133.518672
-60.317124,-0.365185,3.105329,3.155302,3.479470,4.003859,4.229396,2.904778,2.181153,3.065547,2.701269,2.337977,2.845600,3.422593,3.522868,3.818762,4.015038,2.757183,4.281349,3.555187,4.478192,3.827417,4.397329,4.050034,3.794234,4.217560,3.288756,4.474004,4.470460,4.069042,4.104802,4.008152,3.925678,-147.258484
-61.398715,-0.322116,3.115849,3.140507,3.455141,4.011421,4.229067,2.867956,2.078905,3.034643,2.696666,2.331730,2.811408,3.411414,3.510703,3.818104,4.000901,2.740108,4.261375,3.568396,4.469816,3.819363,4.385731,4.029093,3.762662,4.216916,3.274903,4.459829,4.462084,4.055511,4.095137,3.990111,3.892495,-149.899191
-63.033605,-0.320801,3.053383,3.145110,3.431470,3.998270,4.226109,2.832120,2.046028,2.997163,2.673652,2.308716,2.751571,3.390702,3.497224,3.806926,3.980846,2.782312,4.233346,3.571940,4.456929,3.810343,4.373166,4.002031,3.772327,4.197264,3.263305,4.449842,4.461762,4.034570,4.070652,3.960472,3.863822,-153.890762
-69.121012,-0.271485,2.949163,3.095466,3.363085,3.981832,4.217232,2.720995,2.021042,2.914642,2.648008,2.260387,2.683187,3.346975,3.476840,3.796734,3.956188,2.801642,4.214983,3.544234,4.436955,3.801966,4.342238,3.963371,3.711760,4.207573,3.227545,4.444043,4.440821,4.027160,4.049067,3.920201,3.849647,-168.752242
-73.249756,-0.193237,2.881107,3.065547,3.309824,3.966051,4.206382,2.628940,1.815888,2.798914,2.625981,2.213702,2.632885,3.300947,3.465004,3.787857,3.947311,2.757827,4.194686,3.518138,4.420525,3.774904,4.318720,3.948552,3.732378,4.227547,3.227223,4.429545,4.428901,4.015884,4.054544,3.882830,3.863500,-178.832371
-74.583780,-0.195867,2.937656,3.073767,3.317386,4.000243,4.215588,2.626309,1.783997,2.807133,2.687461,2.149262,2.562528,3.286810,3.483415,3.789830,3.951256,2.839980,4.174068,3.516527,4.411826,3.797778,4.317431,3.913758,3.689530,4.209828,3.236243,4.391530,4.421813,4.020717,4.060021,3.898294,3.875742,-182.089227
-77.703587,-0.165949,2.856778,3.046150,3.280235,3.991695,4.213944,2.526363,1.766901,2.742366,2.679899,2.100276,2.522747,3.225659,3.486374,3.786871,3.943037,2.872841,4.176967,3.538112,4.394429,3.819363,4.301323,3.872520,3.672778,4.207573,3.237532,4.379932,4.412470,4.000420,4.028449,3.852224,3.848358,-189.706250
-78.575025,-0.150497,2.758804,3.002752,3.223358,3.983147,4.213944,2.542802,1.718901,2.691406,2.647022,2.041754,2.491184,3.216125,3.483087,3.765501,3.935804,2.833214,4.152483,3.521038,4.361246,3.796812,4.266851,3.828062,3.591592,4.191787,3.209504,4.362213,4.404416,3.975936,3.982379,3.791335,3.826773,-191.833500
-80.283670,-0.097236,2.709160,2.948834,3.157932,3.976900,4.217560,2.490198,1.683722,2.635186,2.612830,2.024987,2.471787,3.228618,3.478155,3.774049,3.899639,2.696294,4.151516,3.466270,4.336761,3.766850,4.232380,3.743976,3.420200,4.193720,3.173743,4.313888,4.372522,3.947263,3.986567,3.805188,3.782314,-196.005152
-81.154028,-0.038714,2.683187,2.940286,3.130644,3.970325,4.215259,2.519459,1.673202,2.579295,2.631899,2.029261,2.519459,3.239467,3.468292,3.751035,3.870050,2.583214,4.137985,3.410857,4.315821,3.743010,4.194686,3.742688,3.366720,4.159570,3.110599,4.233668,4.332895,3.918912,3.983023,3.715626,3.727224,-198.129922
-79.605479,-0.021618,2.644392,2.924176,3.097109,3.956845,4.209999,2.484280,1.663996,2.542802,2.659515,2.026631,2.523404,3.230919,3.439360,3.745774,3.832241,2.568394,4.125421,3.464659,4.300035,3.734311,4.171813,3.711760,3.299710,4.154416,3.117686,4.213694,4.321942,3.901838,3.964338,3.649904,3.706605,-194.349191
-76.222255,0.010602,2.613159,2.895573,3.077054,3.944352,4.202108,2.360662,1.640324,2.507294,2.680885,2.029590,2.595076,3.232563,3.433442,3.724733,3.799364,2.607376,4.108346,3.435019,4.280060,3.712082,4.147972,3.757829,3.279091,4.142173,3.113176,4.202418,4.314532,3.889273,3.943719,3.629608,3.683087,-186.089727
-74.823718,0.065507,2.619734,2.873545,3.051410,3.915749,4.174820,2.524719,1.635393,2.437266,2.659844,2.039782,2.626967,3.231906,3.412730,3.676075,3.757939,2.708214,4.085794,3.409246,4.239467,3.676322,4.095781,3.764917,3.324839,4.160537,3.060019,4.179867,4.293913,3.860278,3.893461,3.593203,3.678255,-182.675113
-75.267130,0.092466,2.622364,2.885381,3.020506,3.899310,4.161012,2.412279,1.620269,2.382690,2.643077,2.033206,2.651625,3.240125,3.405497,3.654047,3.737555,2.718201,4.057121,3.387339,4.207573,3.642172,4.043268,3.749453,3.320973,4.150227,3.044877,4.159570,4.271362,3.840304,3.844814,3.587726,3.657314,-183.757590
-75.115073,0.074055,2.552336,2.860394,2.974478,3.878927,4.149505,2.308388,1.598242,2.339950,2.531295,2.028275,2.640447,3.248015,3.395962,3.633664,3.696130,2.745585,4.021683,3.382184,4.170202,3.615110,3.972714,3.728190,3.325161,4.170524,3.028769,4.143462,4.251710,3.806477,3.805832,3.508473,3.625742,-183.386512
-74.765588,0.070767,2.510253,2.861052,2.922203,3.863803,4.130765,2.277154,1.556488,2.277812,2.505979,2.072659,2.655570,3.265769,3.362756,3.626431,3.645499,2.739786,3.995588,3.373164,4.145073,3.578705,3.919879,3.692430,3.342236,4.164725,3.027480,4.118655,4.230769,3.795201,3.761051,3.442751,3.591270,-182.533230
-74.484295,0.053671,2.456992,2.786092,2.845271,3.824351,4.097559,2.285702,1.353307,2.212058,2.456006,2.042741,2.662803,3.233878,3.301934,3.567252,3.620513,2.721745,3.972714,3.313885,4.101903,3.483344,3.875742,3.645394,3.343202,4.147650,3.007184,4.089982,4.202740,3.773616,3.704350,3.318396,3.542945,-181.846637
-74.193120,0.064849,2.393868,2.737105,2.803517,3.804953,4.074874,2.206140,1.375663,2.100604,2.418526,2.075618,2.665104,3.181604,3.265440,3.517607,3.569224,2.699515,3.956928,3.297133,4.072908,3.440496,3.815497,3.579994,3.323550,4.138629,3.009439,4.079029,4.175034,3.754286,3.627352,3.244297,3.512984,-181.135734
-74.644441,0.103644,2.340279,2.697981,2.756174,3.774377,4.055477,2.069371,1.333252,1.989151,2.357046,2.038795,2.716721,3.160562,3.243741,3.471580,3.509388,2.685018,3.948874,3.286823,4.060665,3.414079,3.795845,3.559375,3.335792,4.129287,3.027158,4.062598,4.158604,3.744299,3.577095,3.146037,3.499453,-182.237559
-75.463415,0.271647,2.320552,2.614802,2.704886,3.715199,4.024901,2.000658,1.268812,1.789258,2.272223,2.052604,2.725269,3.118808,3.174371,3.443305,3.393661,2.611242,3.935343,3.266527,4.033603,3.394749,3.760085,3.499130,3.353189,4.111568,3.026836,4.060021,4.137663,3.726579,3.488177,3.060985,3.402159,-184.236816
-80.085408,0.231537,2.292935,2.543130,2.640118,3.680349,4.003202,1.918794,1.207990,1.746846,2.176550,2.050631,2.664447,3.017218,3.107959,3.361441,3.328235,2.593845,3.920523,3.228189,4.020717,3.379285,3.750098,3.478834,3.299388,4.099970,3.022003,4.054866,4.119299,3.703061,3.432442,3.045521,3.383795,-195.520965
-82.939160,0.257181,2.288990,2.487897,2.608885,3.656349,3.980188,1.813587,1.140263,1.663338,2.146303,2.009535,2.634529,2.944231,3.057657,3.307523,3.254920,2.584825,3.914402,3.215303,4.016851,3.359633,3.745265,3.467880,3.272004,4.083539,2.994941,4.050034,4.113178,3.703706,3.370586,3.002351,3.369298,-202.488105
-85.661708,0.315703,2.291949,2.441211,2.577651,3.645828,3.944352,1.497638,1.106399,1.575556,2.117372,1.974356,2.583569,2.876833,2.995190,3.268399,3.161877,2.581603,3.910214,3.212081,4.019750,3.347390,3.756219,3.497520,3.272004,4.062920,2.955959,4.049067,4.120910,3.748165,3.333859,2.949194,3.355122,-209.135266
-86.666891,0.299593,2.259072,2.367238,2.521431,3.617554,3.891091,1.295443,1.050179,1.471665,2.074960,1.949369,2.539185,2.833106,2.972505,3.224344,3.069493,2.563239,3.892495,3.201127,4.014596,3.358344,3.751386,3.435664,3.259117,4.050678,2.915366,4.012663,4.127354,3.761051,3.208215,2.939529,3.324194,-211.588945
-88.536144,0.129946,2.271565,2.174249,2.447129,3.611965,3.889776,1.033083,0.992644,1.444705,2.002302,1.835286,2.468499,2.807462,2.956067,3.193768,3.040232,2.529734,3.833216,3.174387,3.994621,3.325161,3.736567,3.397970,3.173743,4.054222,2.813884,4.009763,4.141851,3.756541,3.089980,2.971101,3.277480,-216.152512
-86.280672,0.019479,2.226195,2.039782,2.240661,3.533717,3.832570,0.847656,0.884478,1.430568,1.751778,1.803395,2.281100,2.697324,2.892943,3.093493,2.884395,2.521358,3.809376,3.168911,3.981735,3.309697,3.728190,3.368976,3.037789,4.016851,2.800675,3.995910,4.153771,3.749775,2.917299,2.890560,3.212081,-210.646367
-78.591067,0.009287,2.160441,1.932931,2.068056,3.467306,3.783254,0.111535,0.442280,1.308923,1.699174,1.761312,2.059508,2.681543,2.843298,2.933053,2.704557,2.326770,3.780703,3.168589,3.974647,3.335148,3.724002,3.312274,2.862853,4.001065,2.747518,3.954673,4.146361,3.735278,2.918910,2.813562,3.104478,-191.872691
-75.265806,-0.128469,2.031891,1.862245,1.946411,3.416346,3.746432,0.104302,0.214769,1.252374,1.663338,1.727778,1.880985,2.581597,2.791352,2.908066,2.567459,2.421487,3.763306,3.210148,3.976902,3.356411,3.738822,3.287468,2.850289,4.003964,2.715946,3.918268,4.141851,3.741077,2.938884,2.911823,3.113498,-183.754613
-73.434819,-0.159702,1.903670,1.771504,1.787943,3.355195,3.701390,0.098384,0.100357,1.186620,1.619941,1.648872,1.838574,2.397156,2.675296,2.763078,2.454033,2.418265,3.718847,3.208215,3.969815,3.346102,3.729479,3.231411,2.745585,3.992688,2.678897,3.897327,4.131220,3.718847,2.916011,2.777157,3.042944,-179.284312
-74.298585,-0.374062,1.801751,1.663338,1.689640,3.210535,3.632020,0.093781,0.093452,1.090289,1.550899,1.645256,1.770847,2.259730,2.573706,2.709160,2.167674,2.424386,3.688564,3.200161,3.965304,3.339658,3.711760,3.177609,2.503639,3.980124,2.589335,3.896361,4.129609,3.674711,2.983988,2.704348,2.937274,-181.393207
-72.005572,-0.422063,1.731723,1.550241,1.590022,3.004067,3.556402,0.089178,0.087535,1.006453,1.437144,1.584104,1.576543,2.200222,2.509596,2.556281,1.871451,2.445327,3.773938,3.193395,3.960472,3.323872,3.697907,3.108344,2.348355,3.971748,2.462080,3.875098,4.129287,3.656025,2.969490,2.689851,2.863176,-175.794789
-72.904590,-0.558175,1.643941,1.507172,1.519665,2.872230,3.471580,0.083589,0.082274,0.962397,1.153085,1.549583,1.331937,2.035508,2.392882,2.331073,1.579502,2.481732,3.746876,3.171488,3.931155,3.293267,3.660535,3.039078,2.236564,3.963049,2.449515,3.858990,4.109957,3.554865,3.074194,2.367041,2.874129,-177.989508
-68.184650,-0.705137,1.589694,1.421363,1.322731,2.668721,3.322975,0.075699,0.075699,0.891382,0.951219,1.463445,1.041960,1.743230,2.082851,1.747833,0.963055,2.266203,3.704028,3.055831,3.898294,3.229478,3.590948,2.917944,2.087079,3.921490,2.607054,3.918590,4.064209,3.361244,3.043266,2.054862,2.837724,-166.466242
-61.723054,-0.688698,1.504870,1.288210,1.156701,2.126248,3.075739,0.064520,0.064520,0.754613,0.561953,1.196811,0.800970,1.196154,1.489418,1.026508,0.473513,2.261693,3.661502,2.939529,3.862533,3.129284,3.519427,2.814851,1.943071,3.910214,2.620263,3.945330,4.024583,3.246553,3.041333,1.643457,2.863176,-150.690957
-53.379579,-0.689355,1.442404,1.178400,1.039987,1.882300,2.950806,0.060246,0.059260,0.749024,0.515596,0.971603,0.411047,0.581679,0.590556,0.377512,0.269346,2.260726,3.621553,2.876384,3.829995,3.034890,3.485277,2.743652,1.907955,3.900871,2.689851,3.957250,3.997521,3.212725,2.969490,1.147323,2.935985,-130.321348
-36.329778,-1.270627,1.407554,1.163606,1.262237,1.666297,2.919573,0.063205,0.062219,1.329964,0.516911,0.145070,0.000739,0.246003,0.015205,0.000410,0.000410,2.058084,3.473035,2.775869,3.790046,2.877995,3.374452,2.695650,1.957569,3.859312,2.656990,3.917302,3.973681,3.044233,2.713369,0.711111,3.092557,-88.695609
-4.967470,-1.476439,1.581803,1.053138,1.621584,1.531172,2.886367,0.066822,0.065836,1.541364,0.774011,0.000410,0.000739,0.096411,-0.000248,-0.000576,-0.001563,1.884437,3.484311,2.796809,3.791335,2.889915,3.371875,2.480765,1.753960,3.858990,2.568072,3.809376,3.919557,3.007506,2.793588,1.165686,3.099967,-12.127508
7.196581,-2.187249,2.042083,1.375006,2.521103,1.864875,3.059630,0.088850,0.088521,2.274524,1.171825,0.000081,-0.000576,0.174002,0.019150,-0.000248,0.000739,1.892813,3.512661,2.775869,3.875742,2.806474,3.325805,2.469489,1.826769,3.898294,2.665044,3.621231,3.744299,3.150547,2.251061,1.854476,3.107055,17.569656
20.482332,-2.301333,2.209756,1.212921,2.832120,1.754408,3.013930,0.087206,0.085891,2.387293,0.662886,0.000739,0.000739,-0.000248,-0.000248,0.000081,0.000081,2.031667,3.594814,2.793266,3.945008,2.862853,3.426965,0.906988,1.781666,3.924389,2.595134,3.300354,3.400870,2.953382,2.032955,2.576126,3.341269,50.005754
28.582306,-2.493338,2.282086,1.387828,2.968231,1.750463,3.028396,0.089836,0.089836,2.599679,0.525459,-0.000248,0.000081,-0.000905,0.000081,-0.001234,0.000739,2.304863,3.749775,3.093524,3.975936,3.056153,3.507507,0.551962,1.665365,3.940820,2.631216,3.277158,3.439208,2.979155,1.762336,2.520714,3.729157,69.781043
34.159771,-2.358540,2.382361,1.368759,3.124397,1.926684,3.156946,0.096083,0.093781,2.697981,0.594173,0.000410,-0.000905,-0.000248,0.000739,0.001396,0.000739,2.397969,3.781025,3.127996,3.987534,3.109632,3.517172,0.507503,1.392491,3.954673,2.619296,3.251063,3.416012,2.910212,1.659888,2.324193,3.842559,83.397824
41.817553,-2.346047,2.397485,1.686352,3.236508,2.075618,3.346318,0.102001,0.102987,2.816668,0.703325,-0.001563,-0.000905,-0.000905,0.243701,0.000410,-0.000576,2.478510,3.804544,3.125740,3.992044,3.108988,3.507507,0.659243,1.447581,3.953062,2.602544,3.225290,3.375419,2.924709,1.623483,2.236564,3.893461,102.093613
47.772559,-2.466049,2.527678,1.976986,3.369332,2.226195,3.436072,0.110220,0.109234,3.066863,0.817738,0.000739,0.000739,0.267702,0.415321,0.011259,-0.002549,2.636693,3.873487,3.169233,4.012985,3.171810,3.518460,1.085789,1.669875,4.018784,2.640559,3.209181,3.395715,2.938562,1.727220,2.193071,3.980768,116.632137
54.410345,-2.469008,2.555295,2.166359,3.473223,2.378087,3.504128,0.114494,0.113508,3.091520,0.870670,0.001725,0.001396,0.491267,0.641516,0.181563,0.241400,2.729477,3.902482,3.156024,4.015240,3.174710,3.515883,1.397001,1.896679,4.057766,2.652157,3.131862,3.392171,2.929542,1.664720,2.200159,4.004931,132.837535
60.208232,-2.437446,2.655241,2.138084,3.538320,2.486910,3.513662,0.116138,0.116795,3.097767,0.858505,0.001067,0.029671,0.551761,0.678338,0.227263,0.294661,2.743652,3.864144,3.150547,4.026838,3.183086,3.495587,1.908922,2.054218,4.067431,2.649902,2.999129,3.381540,2.774258,1.733664,2.185339,4.002353,146.992578
61.314375,-2.491365,2.640775,2.066412,3.524840,2.455677,3.508731,0.116138,0.114823,3.070808,0.829902,0.000081,0.003040,0.521514,0.663215,0.215427,0.286442,2.671165,3.814531,3.103511,4.002675,3.139271,3.441463,2.051319,1.967234,4.048101,2.567750,2.879284,3.346746,2.573227,1.425996,2.001061,4.029093,149.693312
64.126664,-2.562380,2.665762,2.078248,3.543580,2.464883,3.534046,0.116138,0.114165,3.131630,0.778285,-0.000905,-0.000248,0.459705,0.649735,0.186824,0.262441,2.681152,3.695007,3.131862,3.968204,3.126707,3.429220,2.019424,1.565171,4.068397,2.543265,2.886049,3.331604,2.437273,0.550673,1.936306,4.043913,156.559250
67.984997,-2.573888,2.701598,2.116057,3.534704,2.495787,3.547526,0.116467,0.115480,3.139850,0.808203,0.000739,0.063534,0.546172,0.771381,0.259154,0.311757,2.676642,3.657636,3.143137,3.924389,3.048099,3.408924,2.009115,0.784243,4.053578,2.560984,2.863820,3.340947,2.481409,0.010724,1.698548,4.067109,165.979078
70.475013,-2.608080,2.677269,2.109152,3.587307,2.524390,3.558704,0.116795,0.116138,3.155302,0.795052,0.000410,0.118110,0.561953,0.847327,0.319319,0.374882,2.719168,3.643783,3.166333,3.927289,3.104478,3.457571,2.337724,0.586756,4.071619,2.708214,2.911178,3.329993,2.779735,0.012657,1.286498,4.075163,172.058211
72.456782,-2.659698,2.729872,2.136769,3.646814,2.604939,3.577115,0.118768,0.118110,3.199028,0.816751,-0.000905,0.175646,0.597460,0.940369,0.379813,0.409074,2.714979,3.631218,3.159890,3.931155,3.131539,3.456927,2.499773,1.062916,4.086761,2.749129,2.920843,3.325483,2.867364,0.012980,1.295519,4.068397,176.896613
72.953025,-2.699480,2.783462,2.144331,3.676075,2.651625,3.614266,0.119754,0.119754,3.240454,0.875273,0.023753,0.255208,0.641516,1.098180,0.496856,0.429129,2.679863,3.604156,3.153125,3.927289,3.096101,3.466914,2.593201,1.413431,4.071619,2.750418,2.891848,3.314207,2.840624,0.012013,1.283277,4.040691,178.108074
73.698839,-2.712959,2.821928,2.139399,3.688240,2.643734,3.617225,0.121398,0.122384,3.253933,0.898287,0.067808,0.336415,0.667489,1.189578,0.518226,0.461677,2.777480,3.635084,3.213692,3.935987,3.121552,3.498164,2.694361,1.093844,4.094493,2.783923,2.938562,3.328383,2.887660,0.012013,0.919552,4.094493,179.928738
74.572943,-2.694219,2.822914,2.148605,3.702048,2.671680,3.633335,0.219701,0.122056,3.236837,0.908807,0.145398,0.481733,0.690174,1.300046,0.588912,0.431430,2.829348,3.610922,3.244620,3.934054,3.128962,3.506862,2.748485,0.784243,4.106735,2.813884,2.937596,3.356089,2.938240,0.013302,0.741073,4.093526,182.062934
77.464866,-2.713946,2.836723,2.188715,3.723418,2.687132,3.650431,0.329840,0.122384,3.246043,0.946616,0.206879,0.551432,0.706613,1.394074,0.592200,0.466938,2.895070,3.595458,3.293911,3.940497,3.144104,3.527481,2.959181,0.430183,4.139918,2.829348,2.955959,3.380251,2.988820,0.012980,0.631214,4.118977,189.123340
78.905141,-2.716905,2.860394,2.277154,3.741500,2.806805,3.729007,0.614228,0.128631,3.247687,1.041960,0.440965,0.696421,0.882834,1.563392,0.750339,0.657954,2.916977,3.605445,3.283602,3.949840,3.118009,3.530058,3.066140,0.466266,4.139596,2.857699,2.938884,3.375741,3.018459,0.012980,0.608985,4.161181,192.639652
79.382088,-2.520626,2.822586,2.315292,3.726706,2.959683,3.794761,0.891711,0.521514,3.177330,1.297744,0.690174,0.806559,1.334238,1.878355,1.159660,1.051494,2.938884,3.595458,3.247519,3.916979,3.059052,3.491076,3.061952,0.012657,4.123488,2.860920,2.966591,3.374130,3.067429,0.013624,0.424707,4.157959,193.803984
81.191975,-2.533448,2.777544,2.279456,3.692514,2.905436,3.765829,0.842067,0.257839,3.130644,1.219497,0.696749,0.829245,1.375334,1.885259,1.157030,1.066289,2.861887,3.548422,3.170844,3.870588,2.961114,3.437275,3.076127,0.013624,4.083861,2.808085,2.914722,3.330638,3.085470,0.013302,0.394745,4.151516,198.222691
84.196297,-2.419035,2.759790,2.324169,3.696459,2.958368,3.786871,0.941356,0.508692,3.117165,1.415116,0.820368,0.844697,1.474952,2.070686,1.290183,1.152427,2.898614,3.564530,3.197906,3.880252,3.026513,3.457893,3.070328,0.013302,4.107379,2.825482,2.944683,3.345135,3.080637,0.012657,0.146356,4.157315,205.557438
84.578843,-2.506160,2.792010,2.381046,3.733281,2.968231,3.803967,1.058399,0.565898,3.184563,1.483829,0.884478,0.859820,1.561090,2.114741,1.319115,1.224757,2.927609,3.558409,3.226256,3.883152,3.066140,3.476257,3.075483,0.013624,4.124776,2.837080,2.948227,3.354478,3.093524,0.013946,0.000737,4.166980,206.491086
85.213740,-2.494653,2.780503,2.378416,3.734925,2.981382,3.806597,1.063659,0.558336,3.193768,1.520980,0.914396,0.871985,1.592652,2.108166,1.370403,1.225415,2.992042,3.583860,3.256540,3.885407,3.092557,3.474646,3.091913,0.013624,4.138307,2.833859,2.956604,3.358344,3.092557,0.014590,-0.000551,4.178900,208.041379
88.252536,-2.549229,2.825216,2.421814,3.740843,2.981382,3.806268,1.097522,0.593186,3.222371,1.553529,0.964041,0.927219,1.615009,2.129865,1.393088,1.252703,2.999129,3.581605,3.238176,3.881219,3.081282,3.481733,3.050676,0.012980,4.136696,2.830637,2.970457,3.364143,3.101900,0.014590,-0.000229,4.178256,215.460461
89.833696,-2.587367,2.843627,2.382690,3.763857,2.964615,3.827310,1.106399,0.636913,3.277276,1.575228,0.987713,1.005795,1.635722,2.191674,1.407225,1.274730,3.022648,3.573551,3.255895,3.884763,3.122841,3.491398,3.055831,0.013624,4.156026,2.820005,2.964336,3.361244,3.085792,0.013624,-0.000229,4.184699,219.320566
91.677021,-2.547914,2.837052,2.374799,3.761555,2.960670,3.825008,1.146509,0.777299,3.334482,1.579502,1.013686,1.021576,1.639009,2.204496,1.492377,1.257305,3.053575,3.583538,3.267171,3.893461,3.149259,3.509440,3.094168,0.013624,4.153449,2.803897,2.944361,3.359955,3.090624,0.012335,-0.000229,4.213372,219.726371
92.982081,-2.558764,2.848887,2.496774,3.791474,2.971519,3.830926,1.181688,0.853902,3.326263,1.537090,0.989356,1.070892,1.688325,2.239675,1.524268,1.283936,3.072261,3.587082,3.309375,3.915046,3.183408,3.523937,3.080959,0.012980,4.162470,2.794554,2.929864,3.347390,3.063563,0.013624,0.000415,4.241400,219.726371
91.553153,-2.486762,2.859737,2.570090,3.799364,2.937656,3.857885,1.330950,1.022562,3.369003,1.578844,1.043933,1.197798,1.858629,2.375128,1.685366,1.379937,3.079026,3.650548,3.357700,3.917302,3.214014,3.531025,3.167300,0.013624,4.179222,2.783279,2.948549,3.357055,3.116398,0.013302,-0.000551,4.255576,219.726371
93.312855,-2.334540,2.838367,2.543130,3.791474,3.059958,3.882872,1.385198,1.115605,3.311468,1.633420,1.023549,1.352320,1.952657,2.470801,1.837916,1.678791,3.056153,3.597391,3.295844,3.893783,3.196939,3.516527,3.101256,0.012657,4.154093,2.723678,2.881217,3.338048,3.137016,0.013624,-0.000874,4.248810,219.726371
94.354295,-2.168180,2.823243,2.529979,3.800679,3.014259,3.891091,1.399335,1.089303,3.271029,1.611721,1.057083,1.344430,1.895122,2.477047,1.966794,1.805039,3.052609,3.584504,3.276192,3.898294,3.218524,3.532313,3.125418,0.013624,4.142173,2.791655,2.912789,3.338370,3.158279,0.013946,0.000737,4.283604,219.726371
95.573775,-1.984066,2.806476,2.515842,3.820734,3.107301,3.938763,1.600543,1.303005,3.222700,1.670571,1.290183,1.565693,2.014137,2.616775,2.201537,1.952986,3.079993,3.608345,3.344813,3.906670,3.234955,3.549066,3.164723,0.013302,4.134119,2.889271,3.045843,3.348035,3.147970,0.013624,0.000093,4.317431,219.726371
95.685434,-1.948230,2.789709,2.543459,3.838488,3.135247,3.969010,1.678133,1.313854,3.235851,1.724161,1.390787,1.659393,2.188715,2.748283,2.354744,2.119673,3.081282,3.613177,3.342236,3.915046,3.267816,3.570007,3.156991,0.013302,4.153771,2.959503,3.063885,3.348679,3.230444,0.013946,-0.001196,4.327741,219.726371
96.436116,-1.854529,2.795626,2.550035,3.856899,3.207248,4.010435,1.768545,1.435828,3.250974,1.823779,1.541364,1.782354,2.236058,2.808449,2.403074,2.195619,3.099967,3.637340,3.375741,3.911503,3.292300,3.579994,3.165689,0.013946,4.174068,2.986565,3.095779,3.375419,3.265883,0.013946,0.000093,4.353836,219.726371
96.013889,-1.870639,2.794640,2.677598,3.875968,3.318372,4.052846,2.160441,1.591337,3.248673,1.893807,1.626845,1.944767,2.341594,2.859737,2.606583,2.341922,3.100934,3.617043,3.384762,3.900871,3.309697,3.601901,3.115431,0.013302,4.161825,3.028124,3.125740,3.381862,3.229156,0.013946,-0.000229,4.361890,219.726371
95.162745,-1.823624,2.792996,2.724941,3.882214,3.404182,4.086710,2.454362,1.644270,3.295687,2.114084,1.707394,2.108495,2.531952,2.940286,2.775900,2.545103,3.119297,3.630574,3.387983,3.914724,3.334182,3.650548,3.139594,0.013946,4.183088,3.113176,3.197261,3.401192,3.265883,0.014590,-0.000229,4.385731,219.726371
94.666062,-1.747020,2.764393,2.825873,3.875968,3.490319,4.120573,2.599021,1.716271,3.289769,2.171290,1.737312,2.353101,2.678913,2.983026,3.032999,2.774914,3.138949,3.648293,3.422133,3.926967,3.329993,3.682765,3.118009,0.014268,4.195331,3.181153,3.284890,3.414723,3.261694,0.013946,-0.000229,4.408282,219.726371
95.210310,-1.653977,2.727242,2.897874,3.899968,3.506758,4.141286,2.701269,1.765258,3.242755,2.270579,1.829039,2.431019,2.749270,3.041547,3.176672,2.858093,3.205315,3.652481,3.424710,3.930510,3.352867,3.694363,3.191462,0.013946,4.204351,3.236243,3.327094,3.433409,3.317751,0.014913,-0.000874,4.415692,219.726371
93.240633,-1.505371,2.678913,2.924505,3.919694,3.528786,4.152793,2.791024,1.913862,3.239467,2.340607,1.927999,2.475075,2.844613,3.047136,3.274975,2.937656,3.227867,3.670845,3.435342,3.939853,3.390883,3.704994,3.217880,0.049706,4.229158,3.296488,3.413434,3.450483,3.338048,0.075157,0.000093,4.435022,219.726371
90.461046,-1.501426,2.667735,2.987958,3.904242,3.540950,4.158053,2.882093,1.929972,3.240454,2.310689,1.916164,2.458307,2.873874,3.063575,3.317386,3.014588,3.185341,3.675355,3.416656,3.929866,3.371231,3.680832,3.154091,0.014590,4.213372,3.390238,3.433086,3.431153,3.298743,0.014913,0.000093,4.427290,219.726371
87.981458,-1.492220,2.603953,2.961327,3.901283,3.558375,4.164628,2.944231,1.980932,3.177330,2.346854,1.978630,2.557267,2.948176,3.078370,3.369661,3.072780,3.210470,3.699195,3.442751,3.933088,3.372842,3.700162,3.173421,0.294874,4.202418,3.429865,3.445651,3.403125,3.299388,0.107052,0.004603,4.427934,214.798672
84.947488,-1.472165,2.559569,3.032342,3.902269,3.583033,4.182053,3.053054,2.032549,3.138535,2.359347,2.032220,2.715078,3.005711,3.128014,3.429497,3.177987,3.239787,3.700806,3.491076,3.947907,3.383151,3.714659,3.214658,0.623482,4.201452,3.446617,3.480767,3.411824,3.338048,0.624771,0.044230,4.426968,207.391496
82.352923,-1.100322,2.607569,3.058643,3.899968,3.602759,4.196519,3.174699,2.163400,3.158261,2.367895,2.104221,2.811408,3.060616,3.154644,3.512347,3.267742,3.264272,3.730123,3.506862,3.954351,3.399581,3.723036,3.261372,1.272967,4.210472,3.476579,3.531669,3.435019,3.375097,0.527477,0.547774,4.422135,201.056875
78.543359,-1.018129,2.575679,3.082644,3.884187,3.623800,4.209341,3.283523,2.421156,3.117165,2.446143,2.173263,2.903463,3.125055,3.218097,3.563964,3.385113,3.293589,3.814208,3.545522,3.960150,3.390883,3.728190,3.260406,1.821293,4.214016,3.500097,3.524582,3.435664,3.371875,1.206279,0.801640,4.403772,191.756109
69.381215,-0.960593,2.530308,3.076397,3.857556,3.645499,4.211314,3.350592,2.547404,3.031684,2.545103,2.237373,2.993218,3.169439,3.209549,3.616239,3.482100,3.313563,3.825484,3.554543,3.972070,3.366720,3.728190,3.277803,2.323548,4.256542,3.529092,3.612855,3.423422,3.387661,1.767491,1.360274,4.364146,169.387738
