-5.447111,-8.052304,-0.135373,3.177001,3.366044,3.373935,3.193439,3.198700,2.945875,2.478691,2.991574,3.181275,3.056013,3.168453,3.440018,3.600129,3.875639,3.670815,2.602222,0.012013,3.770716,3.763306,3.347713,2.890237,1.688561,1.675030,3.471746,0.014913,2.154412,2.835469,2.598678,2.729799,2.002672,2.936951
-5.717965,-4.003762,-0.141620,3.043191,3.285166,3.289440,3.127356,3.076068,2.823572,2.117700,2.885710,3.069164,2.964944,3.101712,3.373935,3.532073,3.797063,3.615581,2.541977,0.010724,3.733345,3.723036,3.277803,2.818072,1.402478,1.578702,3.428898,0.014268,2.055829,2.789722,2.568716,2.748807,1.781666,2.792621
-5.400908,-2.835275,-0.143264,2.936998,3.248344,3.228289,3.092178,2.972834,2.717708,2.025644,2.816339,3.044835,2.883408,3.071465,3.325605,3.486045,3.772076,3.589280,2.477866,0.010724,3.732701,3.638628,3.203705,2.708858,0.802928,1.263302,3.363499,0.014913,1.591267,2.725933,2.521680,2.795199,1.425996,2.638304
-5.725547,-5.269101,-0.208361,2.802202,3.192453,3.146754,3.012615,2.886039,2.625981,1.872108,2.743352,3.002423,2.807791,3.011629,3.247687,3.406154,3.739857,3.555745,2.411177,0.010402,3.738822,3.586437,3.163756,2.720134,0.647323,0.837078,3.318396,0.014268,1.468199,2.637660,2.378639,2.732699,1.176962,2.600933
-6.508975,-6.180076,-0.157401,2.687790,3.121439,3.047136,2.919902,2.763078,2.559240,1.620269,2.580610,2.957053,2.677598,2.923518,3.125055,3.317057,3.695144,3.499525,2.397646,0.010080,3.756863,3.621876,3.177287,2.684052,0.332245,0.900222,3.263305,0.010402,1.580635,2.608020,2.252672,2.649258,1.224320,2.427930
-7.532404,-7.361350,-0.189621,2.582583,3.042534,2.913984,2.931080,2.702913,2.409978,1.604488,2.526692,2.906422,2.610528,2.847572,3.094808,3.286153,3.678376,3.474210,2.302608,0.009758,3.753641,3.648937,3.113820,2.646680,0.011691,0.958534,3.200805,0.012980,1.579024,2.560018,2.120584,2.599000,1.281021,2.271035
-7.652961,-6.912470,-0.225786,2.523733,2.980067,2.814366,2.913327,2.636501,2.252168,1.491062,2.415896,2.866312,2.553980,2.775243,3.038917,3.237166,3.646486,3.439689,2.363497,0.009436,3.765884,3.642172,3.147003,2.738498,0.012013,0.983341,3.158924,0.012980,1.603509,2.544232,2.121873,2.613175,1.344810,2.223677
-8.260677,-7.604554,-0.254718,2.451732,2.897874,2.701598,2.771955,2.458965,2.000658,1.163606,2.264332,2.795955,2.464883,2.645049,2.972834,3.195083,3.601773,3.422921,2.338690,0.009758,3.765884,3.650548,3.191140,2.795843,0.011047,0.856086,3.103511,0.012980,1.651512,2.535533,2.128961,2.587080,1.339333,2.191138
-8.415131,-7.949824,-0.278389,2.329429,2.742366,2.568774,2.661817,2.199236,1.757038,0.820696,2.068385,2.721653,2.263675,2.482965,2.892943,3.122754,3.541937,3.371633,2.273935,0.009436,3.775226,3.667945,3.266205,2.865431,0.012657,0.814526,3.094813,0.013302,1.947904,2.560018,2.176641,2.598356,1.521035,2.207891
-8.639577,-9.864533,-0.149839,2.186085,2.518472,2.350142,2.449102,1.830025,1.232648,0.630995,1.778408,2.606912,1.894793,2.226195,2.767352,3.040561,3.423579,3.268399,2.253639,0.010080,3.796489,3.669556,3.351256,3.061630,0.013302,0.723676,3.043266,0.013302,2.096100,2.558729,2.275546,2.592234,1.495906,2.182762
-8.759303,-8.732256,-0.075208,2.018740,2.331402,2.061809,2.331073,1.495007,1.072865,0.494226,1.551556,2.410307,1.634406,1.992110,2.639789,2.873216,3.336783,3.167466,2.305829,0.009436,3.813242,3.697907,3.534891,3.277803,0.013946,0.793263,3.021681,0.012980,2.203059,2.622840,2.400546,2.636693,1.628960,2.254605
-8.408042,-8.110243,-0.150826,1.754079,2.061809,1.619283,2.120002,0.782559,0.602392,0.219044,1.281306,2.223894,1.058727,1.729750,2.494801,2.662474,3.223686,2.917601,2.257182,0.009758,3.805188,3.684376,3.603834,3.453705,0.014590,0.811949,3.010727,0.012980,2.266525,2.726255,2.537788,2.651191,1.669553,2.264270
-8.846630,-8.719169,-0.227430,1.561090,1.688983,1.214894,1.456212,0.425184,0.133234,0.025725,1.106399,1.916492,0.584967,1.276703,2.293922,2.545103,3.029054,2.629597,2.267814,0.009758,3.779737,3.627997,3.663113,3.553576,0.014913,0.684372,2.917944,0.012980,2.312273,2.736887,2.516526,2.549064,1.627349,2.284244
-6.298185,-4.373463,-0.530558,1.237250,0.986069,0.702667,0.814450,0.264743,0.018821,0.017177,0.886780,1.723504,0.318990,0.940698,1.920766,2.253812,2.815682,2.180496,2.100288,0.009436,3.751064,3.493009,3.630252,3.557442,0.014268,0.853508,2.821294,0.011691,2.291010,2.687918,2.389914,2.291654,1.253960,1.967234
-2.213577,-1.642652,-1.024047,0.486664,0.091151,0.009287,0.009615,0.009615,0.009287,0.009287,1.032097,2.186742,0.003369,0.189454,1.428595,1.561748,2.293264,1.882629,1.765880,0.006536,3.679865,3.241076,3.559053,3.516205,0.014268,1.451125,2.555185,0.009436,2.375739,2.464335,2.171809,1.870584,0.708856,1.580313
3.811781,5.181799,-1.451123,0.679982,0.239099,0.011588,0.012246,0.012246,0.011588,0.012246,1.464432,2.750585,0.001396,0.000410,0.886122,0.913739,1.930958,1.795504,1.449192,0.005892,3.597069,2.799709,3.356411,3.428576,0.013624,2.329347,2.155700,0.009114,2.085146,2.020391,1.634115,1.474321,0.005892,0.759436
4.283067,7.029780,-1.275887,1.298731,0.770066,0.009615,0.018821,0.015862,0.014876,0.016191,1.368102,2.873216,0.143097,0.000081,0.721079,0.623762,1.564707,1.895780,1.316138,0.005892,3.419233,2.277157,2.806797,2.996230,0.012657,1.976254,1.966589,0.008147,1.577414,1.454991,1.126382,0.004925,-0.000229,0.000415
5.085146,4.168704,-1.208817,1.204702,0.774997,0.285456,0.014876,0.014547,0.015862,0.016520,1.343115,2.881765,0.167426,0.000739,0.723051,0.683599,1.517035,1.872108,1.296485,0.005570,3.373164,2.179863,2.683407,2.856088,0.011047,2.212079,1.977865,0.006214,1.523290,1.406022,1.036176,0.003959,-0.000551,-0.000551
5.533850,5.513066,-1.220324,0.457075,0.010931,0.010602,0.011259,0.011588,0.012574,0.011588,1.232648,2.930094,0.032301,0.001067,0.706941,0.615214,1.428595,1.777422,1.339011,0.005892,3.366398,2.239463,2.594490,2.640559,0.010402,2.318716,2.029734,0.008469,1.406344,1.466911,1.029410,0.003959,-0.000874,-0.000874
5.474293,5.945941,-1.489590,0.623105,0.440965,0.014218,0.013890,0.014876,0.013890,0.017177,1.535775,3.030698,0.343648,-0.000248,1.015658,0.877245,1.599885,1.902355,1.287465,0.004925,3.284568,2.043265,2.483020,2.473355,0.009114,2.444683,2.082247,0.009114,1.132503,1.445326,1.015557,0.003959,-0.000229,-0.000229
5.926409,6.539166,-1.651018,0.620474,0.590885,0.014547,0.014218,0.116467,0.016191,0.015533,1.734682,3.056013,0.471869,0.029342,1.302018,1.077467,1.761641,1.958575,1.316138,0.005248,3.234955,2.113497,2.397646,2.409889,0.009758,2.625740,2.152156,0.009114,1.085145,1.398290,1.011047,0.004603,-0.000874,0.000415
5.562097,7.112799,-1.751951,0.758559,0.676037,0.410718,0.016520,0.209180,0.015862,0.017177,1.833971,3.078041,0.692475,0.409403,1.505857,1.399006,1.964164,2.000329,1.263302,0.004281,3.257184,2.215301,2.332891,2.268458,0.008791,2.539399,2.209502,0.009436,1.052606,1.421808,0.990428,0.237529,-0.000229,-0.000229
5.718230,7.259659,-1.912393,0.938068,0.983439,0.544857,0.568200,0.251263,0.021123,0.022109,1.996055,3.095137,0.863766,0.488308,1.547940,1.549583,2.030905,1.942465,1.209501,0.004281,3.284890,2.220455,2.232053,2.127672,0.009114,2.365108,2.216590,0.009436,1.102864,1.456279,0.986563,0.418263,0.003637,-0.000229
5.979275,7.558678,-1.957435,1.052809,1.158674,0.522171,0.567542,0.298278,0.572145,0.023095,2.179181,3.070479,0.928534,0.592529,1.682736,1.669585,2.129207,1.983562,1.198225,0.004281,3.288756,2.279412,2.201126,1.945326,0.008469,2.263948,2.243974,0.009114,1.120261,1.489140,0.940815,0.494939,0.002348,0.229152
5.645690,8.333574,-1.856502,1.161962,1.351992,0.582994,0.939712,0.406772,0.650064,0.026383,2.203510,3.081657,1.006124,0.698393,1.772490,1.717257,2.165043,2.011507,1.200158,0.004603,3.260728,2.317749,2.101899,1.840300,0.007503,2.193394,2.258471,0.009436,1.103508,1.510403,0.909243,0.481730,0.001059,0.251704
5.701821,8.380740,-1.866694,1.330622,1.520652,0.583323,1.057083,0.480417,0.779271,0.029013,2.349155,3.089548,1.052809,0.785847,1.869807,1.785641,2.174907,1.994740,1.209501,0.004925,3.242687,2.310340,2.016203,1.791653,0.007503,2.096422,2.258793,0.009436,1.258148,1.502993,0.894423,0.547129,0.000737,0.304861
6.118886,8.484338,-1.697704,1.578515,1.721202,0.871656,1.207661,0.646119,1.021576,0.032630,2.482308,3.159905,1.434842,0.894670,1.872766,1.880656,2.280113,2.056549,1.252349,0.005248,3.261694,2.262015,1.921486,1.703702,0.007181,2.031022,2.300675,0.010080,1.314849,1.581602,0.894745,0.625415,0.001704,0.414397
5.785234,8.397814,-1.647073,1.671886,2.007233,1.220483,1.468048,0.848313,1.120208,0.036904,2.620392,3.164836,1.650845,0.967658,2.092714,2.003288,2.382690,2.104221,1.299707,0.005892,3.271359,2.320327,1.885726,1.579669,0.006858,2.123806,2.344811,0.010080,1.353187,1.668908,0.920196,0.655699,0.002348,0.607374
5.452600,8.486120,-1.590852,1.746846,2.181482,1.505857,1.761641,1.147824,1.251059,0.144741,2.749270,3.198371,1.817203,1.169195,2.201537,2.154194,2.502034,2.181482,1.339011,0.005248,3.286179,2.321938,1.903767,1.622839,0.006858,2.032955,2.398613,0.010402,1.386370,1.707890,0.950802,0.659887,0.001704,0.601575
5.120963,7.930380,-1.602030,1.744545,2.202523,1.753093,2.002302,1.490405,1.341142,0.223975,2.835408,3.227303,2.029590,1.315827,2.289648,2.306415,2.556610,2.197921,1.362851,0.005248,3.328060,2.424386,1.950159,1.670519,0.007503,2.088368,2.513626,0.011047,1.412465,1.776189,0.959501,0.652799,0.002992,0.646034
6.918669,6.646622,-1.643456,1.739942,2.346196,1.969096,2.141043,1.735339,1.429582,0.407430,2.875847,3.233878,2.139399,1.440431,2.348827,2.380717,2.628940,2.228168,1.365107,0.005892,3.343847,2.486564,2.003638,1.643780,0.006536,2.042298,2.604799,0.011047,1.424707,1.815171,1.051962,0.629604,0.002026,0.885725
7.447824,7.033154,-1.607948,1.801094,2.496116,2.112769,2.186085,1.802737,1.544981,0.480417,2.847572,3.229604,2.159783,1.451281,2.327456,2.376772,2.652282,2.211071,1.395712,0.005570,3.305509,2.444038,1.970133,1.595455,0.006536,1.941138,2.652157,0.011047,1.397001,1.816782,1.002671,0.624127,0.002026,1.018457
7.702135,8.030070,-1.582962,2.024329,2.619405,2.247894,2.244277,1.871779,1.697202,0.547487,2.886367,3.240782,2.207455,1.579173,2.440882,2.429047,2.736119,2.254469,1.399256,0.005248,3.258151,2.435662,1.783921,1.511047,0.006858,1.758793,2.657634,0.010402,1.377027,1.840300,1.019101,0.532310,0.004281,1.073225
8.081405,8.090868,-1.411013,2.170304,2.666419,2.408334,2.319566,1.975014,1.763285,0.613241,2.941272,3.286482,2.392553,1.729750,2.492500,2.517157,2.800887,2.315949,1.439205,0.229152,3.307764,2.445649,1.937272,1.555828,0.007503,1.877349,2.699515,0.007503,1.378315,1.901834,1.087078,0.605441,0.002026,1.255248
7.553674,8.573032,-1.358409,2.290305,2.753544,2.614802,2.428718,2.241976,2.048658,0.676694,3.018533,3.334153,2.547733,1.994411,2.550363,2.563843,2.879134,2.452718,1.495906,0.420196,3.307764,2.493007,2.043909,1.579669,0.006536,1.892813,2.744941,0.012335,1.595133,1.937272,1.157954,0.715299,0.195969,1.425674
8.002716,8.678748,-1.325532,2.412279,2.939299,2.757489,2.530308,2.393211,2.127892,0.744750,3.054698,3.364071,2.687790,2.133153,2.647351,2.624008,2.965272,2.496445,1.503316,0.573869,3.322584,2.548420,2.060339,1.584501,0.005570,1.866074,2.773291,0.012335,1.750094,2.002672,1.117039,0.773934,0.405699,1.523934
8.180857,9.468012,-1.221639,2.486253,2.990588,2.899189,2.636830,2.528336,2.192003,0.770723,3.082315,3.393332,2.728228,2.155180,2.683516,2.664447,2.994533,2.522747,1.521357,0.659243,3.349646,2.602866,2.091589,1.648612,0.006536,1.816460,2.802608,0.012335,1.831924,2.098033,1.137980,0.879926,0.494939,1.635081
8.139053,9.893218,-1.123994,2.701927,3.081328,3.072123,2.768010,2.639789,2.448444,0.813135,3.120781,3.456456,2.813051,2.356388,2.762749,2.762421,3.037273,2.609213,1.601254,0.932439,3.360921,2.600611,2.102865,1.670841,0.006858,1.816460,2.854155,0.012980,1.914721,2.143780,1.116395,1.011047,0.653122,1.819037
8.334507,10.998721,-0.952045,2.805161,3.167466,3.173713,2.862696,2.727900,2.599021,0.970288,3.155302,3.495580,2.895902,2.500061,2.934039,2.854805,3.125055,2.725598,1.637658,1.247194,3.362532,2.683729,2.102543,1.716267,0.007181,1.759437,2.867686,0.012657,1.935983,2.276512,1.149578,1.261692,0.907310,2.000417
8.314456,11.007209,-0.957963,2.866312,3.227960,3.221714,2.890970,2.791024,2.690420,1.056097,3.195741,3.503470,2.904778,2.645378,2.999793,2.871573,3.160891,2.750914,1.807440,1.523290,3.351256,2.656023,2.145713,1.718522,0.156343,1.676318,2.880895,0.013946,1.984630,2.318716,1.163109,1.288109,1.187271,2.125739
8.199819,11.639423,-0.835988,2.972177,3.319687,3.316400,2.954752,2.904450,2.768339,1.441418,3.231906,3.547197,2.940943,2.790037,3.051739,2.922532,3.209878,2.843627,1.821937,1.689527,3.366076,2.806797,2.178252,1.804540,0.833212,1.596743,2.904413,0.012657,2.100288,2.413755,1.235596,1.397323,1.417297,2.448226
7.715019,11.372833,-0.718287,3.059958,3.384784,3.360784,2.979738,2.988615,2.839682,1.762627,3.261824,3.554101,2.982040,2.849216,3.104342,3.004725,3.245714,2.990916,1.846099,1.781344,3.376063,2.896036,2.176319,1.843200,1.010725,1.661821,2.954671,0.013624,2.154089,2.469489,1.263947,1.603831,1.618651,2.563884
7.689300,11.968116,-0.595326,3.184234,3.466319,3.459086,3.005054,3.013273,2.928121,1.936547,3.297002,3.573827,3.075082,2.917272,3.194097,3.042534,3.299632,3.074096,1.876061,1.931473,3.388305,2.878962,2.264592,1.865429,1.415364,1.470132,3.005573,0.012335,2.133793,2.479154,1.304862,1.646357,1.829025,2.679219
6.863531,12.003543,-0.527270,3.283851,3.497881,3.572841,3.056342,3.111247,3.019520,2.166687,3.359469,3.650431,3.154316,2.963628,3.275961,3.081657,3.360784,3.128014,1.805829,1.961112,3.410535,2.898292,2.329992,1.959502,1.678896,1.307439,3.094813,0.014913,2.111564,2.534245,1.415042,1.860919,1.960790,2.738820
6.960672,12.295599,-0.430611,3.353222,3.556731,3.618540,3.087246,3.186206,3.102370,2.372169,3.374921,3.732295,3.261166,3.077054,3.361770,3.118151,3.400894,3.233221,1.865107,2.016847,3.425354,2.957892,2.458536,2.035855,2.176319,1.235918,3.174065,0.016201,2.189205,2.546487,1.608986,1.925996,2.059695,2.775547
7.442282,12.758074,-0.377021,3.357496,3.606376,3.684952,3.153658,3.257878,3.172398,2.561213,3.414373,3.742487,3.318372,3.156288,3.426867,3.162206,3.436730,3.272673,1.956280,2.129283,3.416978,3.065173,2.502028,2.215301,2.581281,1.197259,3.222390,0.014268,2.330958,2.611564,1.780700,2.137015,2.124772,2.904735
7.422600,12.274922,-0.335596,3.395633,3.627746,3.737226,3.124726,3.274975,3.239467,2.658529,3.402866,3.733281,3.344345,3.178316,3.471251,3.178973,3.469936,3.276947,2.003316,2.204669,3.418267,3.132184,2.518136,2.235919,2.733987,1.141202,3.253962,0.014590,2.364786,2.636371,1.851576,2.181796,2.163110,3.145070
5.962057,15.279029,-0.262608,3.417661,3.665554,3.810542,3.165494,3.309496,3.285495,2.829819,3.415031,3.745117,3.359140,3.228947,3.507416,3.227632,3.512018,3.330537,2.100610,2.301319,3.461437,3.282313,2.618330,2.458214,3.083215,1.307439,3.281024,0.479797,2.468201,2.852544,2.081924,2.373806,2.415043,3.386695
7.408105,12.375546,-0.187319,3.476840,3.696788,3.871036,3.233549,3.335797,3.390044,2.996506,3.450867,3.741172,3.404182,3.247358,3.558375,3.289769,3.585992,3.407140,2.230765,2.465623,3.486888,3.470136,2.784567,2.599322,3.358344,1.247194,3.371553,0.576768,2.638304,3.046166,2.373162,2.385404,2.652479,3.498486
7.274856,13.690128,-0.103153,3.522868,3.734267,3.880899,3.288454,3.369989,3.475854,3.035629,3.443305,3.750048,3.449881,3.356181,3.592238,3.363743,3.619526,3.483744,2.377994,2.497840,3.524259,3.517494,2.949838,2.751384,3.440496,1.077735,3.411179,0.618328,2.664399,3.062274,2.474322,2.598356,2.748807,3.494620
7.888088,13.242257,-0.079482,3.623472,3.809556,3.924955,3.368674,3.426867,3.591581,3.178973,3.497552,3.835858,3.555745,3.422921,3.670486,3.427524,3.712897,3.614595,2.443072,2.483342,3.525548,3.576128,2.978189,2.827415,3.407958,1.289398,3.410535,0.891846,2.668910,3.017171,2.489141,2.747840,2.860598,3.357378
8.101974,14.576706,0.005999,3.729336,3.892406,3.963092,3.411743,3.516292,3.655034,3.271029,3.506429,3.891420,3.623472,3.493278,3.765501,3.490977,3.819748,3.710596,2.473678,2.502672,3.589981,3.563241,2.986887,2.916655,3.439852,1.755249,3.455316,1.048096,2.741075,3.038434,2.474322,2.797132,2.998163,3.283602
8.283243,13.484270,0.074055,3.760569,3.976900,3.999257,3.421935,3.634321,3.700733,3.355852,3.543580,3.932516,3.669500,3.532402,3.801337,3.556074,3.886160,3.781939,2.558729,2.473678,3.686631,3.527159,3.154735,3.026513,3.453705,1.993007,3.518783,1.230764,2.817428,3.045199,2.474322,2.907957,3.071617,3.274903
8.050554,15.163384,0.138166,3.788843,4.025558,4.038052,3.510703,3.689555,3.764843,3.399907,3.537991,3.965722,3.727692,3.651417,3.854598,3.604732,3.930215,3.848022,2.464657,2.570327,3.736567,3.559698,3.212081,3.121552,3.521360,2.175030,3.612855,1.429217,2.907957,3.092235,2.512337,3.027802,3.103511,3.245586
8.456690,14.071888,0.172358,3.816789,4.036079,4.050874,3.520566,3.709610,3.775035,3.446264,3.553772,3.967695,3.740185,3.733610,3.872680,3.616567,3.957174,3.861173,2.522002,2.565172,3.778770,3.614788,3.270715,3.154735,3.640883,2.242363,3.615432,1.746550,2.980766,3.152158,2.560984,3.107055,3.123163,3.276514
7.503976,15.342824,0.243044,3.871365,4.107751,4.068956,3.599143,3.773391,3.834214,3.495251,3.571526,4.013065,3.781939,3.827638,3.916078,3.692842,4.008134,3.905228,2.646680,2.705959,3.801000,3.720458,3.389272,3.191784,3.738822,2.406989,3.674066,1.961757,3.100612,3.250419,2.681474,3.246230,3.205638,3.349001
7.706415,14.829332,0.264743,3.932516,4.162327,4.090655,3.697445,3.793775,3.872680,3.515964,3.598156,4.019969,3.815474,3.908187,3.954215,3.733281,4.048244,3.935475,2.764271,2.784567,3.866722,3.740433,3.490110,3.218846,3.757829,2.479799,3.702095,2.071615,3.153447,3.366076,2.741075,3.377030,3.248163,3.402159
6.725457,16.280863,0.229235,4.011092,4.229725,4.136025,3.777336,3.879255,3.947311,3.627417,3.693171,4.064353,3.902269,4.012408,4.059093,3.796405,4.095258,3.992024,2.916655,2.949838,3.925678,3.754930,3.567430,3.300676,3.821618,2.662789,3.768139,2.330636,3.201449,3.509440,2.854477,3.555187,3.376707,3.495587
7.487997,15.416383,0.235482,4.034106,4.251095,4.161998,3.825337,3.913776,4.000901,3.705336,3.731637,4.094271,3.945996,4.046600,4.118600,3.809556,4.117614,4.018654,2.958859,3.057441,3.936631,3.770394,3.627030,3.366398,3.906992,2.703704,3.782958,2.445005,3.247841,3.591270,3.002673,3.590948,3.506862,3.530058
7.626955,16.859491,0.262441,4.079806,4.281013,4.197834,3.878598,3.985448,4.069285,3.755966,3.771090,4.118929,3.995311,4.093943,4.169889,3.887803,4.148847,4.045942,3.019104,3.173421,3.958217,3.841915,3.706283,3.505896,3.958539,2.823871,3.830961,2.563884,3.261372,3.690175,3.067429,3.679865,3.599002,3.570329
7.620930,16.300757,0.284469,4.121231,4.306986,4.234328,3.920680,4.038709,4.117285,3.831584,3.801008,4.137998,4.045285,4.133724,4.209999,3.942708,4.162985,4.069942,3.181153,3.311630,4.021361,3.919235,3.809376,3.692430,4.031026,3.035212,3.897005,2.616397,3.452094,3.762340,3.142815,3.813886,3.688564,3.760085
6.089429,16.694733,0.298606,4.123861,4.305671,4.239917,3.914105,4.037394,4.110381,3.843091,3.794104,4.128792,4.054490,4.144573,4.215917,3.946325,4.167259,4.080792,3.285212,3.358022,4.046812,3.937598,3.827417,3.712082,4.004931,3.043266,3.936631,2.721101,3.492043,3.790690,3.134761,3.830961,3.692108,3.759440
10.100562,14.417000,0.286113,4.103148,4.297452,4.214602,3.887475,3.980517,4.063038,3.811857,3.777665,4.104135,4.033120,4.122546,4.202108,3.905557,4.166272,4.066655,3.224967,3.200483,4.042624,3.841593,3.779415,3.658602,3.900871,2.965624,3.906348,2.626384,3.446940,3.745587,3.087403,3.781992,3.639273,3.695974
4.983806,15.705737,0.327538,4.138984,4.318493,4.234657,3.922653,4.044956,4.092299,3.855584,3.777336,4.123203,4.077833,4.172848,4.233341,3.947640,4.191588,4.134381,3.310664,3.288112,4.104158,3.891528,3.848358,3.765239,3.891850,2.935985,3.967559,2.647647,3.513628,3.804544,3.109954,3.852224,3.694363,3.752675
8.623591,13.495586,0.291373,4.163313,4.328685,4.254383,3.962763,4.070271,4.122875,3.893721,3.840789,4.135697,4.117614,4.202108,4.254054,3.960462,4.216903,4.165286,3.432120,3.475612,4.170524,3.959827,3.949196,3.851258,3.937276,3.093524,4.040047,2.738175,3.637662,3.848358,3.192751,3.905059,3.754930,3.810987
4.209041,14.886811,0.293675,4.184355,4.348740,4.297123,4.008791,4.133066,4.174492,3.931859,3.901283,4.160354,4.160683,4.240574,4.288246,4.008134,4.257999,4.197505,3.528448,3.666657,4.248810,4.014273,4.036181,3.940175,3.976580,3.106411,4.060021,2.886371,3.693719,3.894750,3.214980,3.978513,3.804544,3.874453
5.515329,11.817240,0.268031,4.236958,4.382932,4.365179,4.112025,4.210328,4.242218,4.014380,3.991366,4.205396,4.214273,4.293835,4.330658,4.086052,4.311589,4.259972,3.728835,3.859956,4.349004,4.086761,4.168913,4.052611,4.041658,3.119942,4.113178,3.022970,3.805188,3.972392,3.397326,4.066464,3.948229,3.982701
1.414963,9.617506,0.162166,4.371754,4.460193,4.452960,4.256355,4.344795,4.397069,4.158382,4.197505,4.322438,4.326712,4.395754,4.438823,4.265561,4.422713,4.395425,3.910858,4.097392,4.434378,4.230447,4.342238,4.204351,4.129609,3.354156,4.184055,3.263305,3.965626,4.020395,3.550999,4.099647,4.064853,4.078384
-1.052513,-0.450693,0.104631,4.446056,4.504906,4.504249,4.346110,4.429289,4.466111,4.253396,4.330658,4.403645,4.416138,4.447042,4.500961,4.375370,4.518714,4.461180,4.025871,4.208539,4.493656,4.327096,4.449520,4.300035,4.137985,3.435986,4.281349,3.469491,4.089338,4.134119,3.737533,4.186954,4.158282,4.159570
-4.841936,-7.801844,0.091480,4.484194,4.527591,4.520687,4.402658,4.463481,4.476632,4.294493,4.379316,4.446714,4.441453,4.456577,4.538770,4.462166,4.575592,4.527920,4.172779,4.269751,4.526195,4.349648,4.506543,4.344171,4.139596,3.660535,4.337406,3.681476,4.231735,4.230447,3.895716,4.288759,4.255898,4.257186
-6.024799,-6.572479,0.086219,4.513125,4.554879,4.539756,4.522331,4.536468,4.508851,4.371754,4.420741,4.487810,4.466440,4.461837,4.554550,4.521673,4.626223,4.592359,4.237857,4.260086,4.540692,4.319042,4.530383,4.350292,4.128964,3.795523,4.342883,3.745265,4.276516,4.274261,4.030060,4.346104,4.337728,4.298424
-5.127198,-7.699895,0.084247,4.512468,4.552907,4.535811,4.516742,4.539098,4.508851,4.376686,4.420741,4.485509,4.464139,4.460193,4.551920,4.521345,4.623264,4.592030,4.225936,4.232380,4.538759,4.304867,4.522007,4.334506,4.127998,3.796812,4.320009,3.675999,4.272973,4.262341,4.021683,4.334828,4.329674,4.298746
-5.479008,-7.602980,0.070767,4.507208,4.548633,4.537126,4.519372,4.538770,4.503591,4.374384,4.429289,4.480248,4.458221,4.456577,4.548304,4.519043,4.622277,4.589729,4.194686,4.201452,4.535216,4.284893,4.509442,4.326452,4.112212,3.769750,4.315821,3.634762,4.256864,4.251387,4.004286,4.320975,4.321297,4.276839
-5.629485,-7.803776,0.064520,4.504906,4.544687,4.532194,4.516084,4.529893,4.497344,4.368795,4.424357,4.474659,4.450988,4.455262,4.547646,4.521345,4.619647,4.584797,4.191142,4.189854,4.525551,4.292303,4.497844,4.302612,4.100292,3.750420,4.306156,3.594814,4.239790,4.238179,3.973681,4.305189,4.312599,4.279094
-5.802834,-8.086996,0.058931,4.500303,4.543701,4.529235,4.509838,4.521345,4.486166,4.363206,4.424686,4.473015,4.447371,4.449015,4.543701,4.513783,4.615044,4.577893,4.159248,4.164725,4.518463,4.259442,4.486569,4.273295,4.078384,3.736567,4.291980,3.521038,4.217560,4.213694,3.955639,4.290370,4.299068,4.261052
-5.896419,-8.284143,0.050712,4.501290,4.534495,4.533509,4.506879,4.513783,4.480248,4.355315,4.428960,4.467097,4.441125,4.446714,4.540413,4.508523,4.613072,4.574606,4.168913,4.150550,4.508476,4.267174,4.473038,4.254609,4.081284,3.718847,4.299390,3.475612,4.190820,4.203707,3.924711,4.279738,4.282638,4.270395
-5.801911,-8.175739,0.038219,4.496029,4.532523,4.539098,4.503591,4.506879,4.472358,4.344466,4.434549,4.459536,4.434220,4.439810,4.541071,4.508523,4.613072,4.573948,4.169235,4.155060,4.501710,4.239467,4.458862,4.238823,4.054544,3.719492,4.299390,3.466270,4.167302,4.184055,3.901193,4.257509,4.271684,4.255898
-5.989533,-8.577464,0.039863,4.485837,4.526934,4.526934,4.490440,4.481563,4.459207,4.336247,4.417782,4.447042,4.425015,4.432248,4.530550,4.496029,4.598277,4.562112,4.146039,4.125098,4.486246,4.218527,4.438888,4.212083,4.057121,3.691786,4.274906,3.404736,4.133475,4.158926,3.884118,4.247522,4.241723,4.239467
-6.097416,-8.606114,0.040520,4.471700,4.516084,4.515098,4.474988,4.473015,4.462166,4.336904,4.407919,4.441453,4.415152,4.424029,4.518714,4.485509,4.594003,4.558825,4.127676,4.125098,4.463050,4.202418,4.420847,4.199841,4.008152,3.673100,4.259764,3.387339,4.111568,4.138952,3.861245,4.226259,4.222715,4.221426
-5.973964,-9.072432,0.030986,4.464139,4.509180,4.510495,4.479262,4.459865,4.452303,4.325397,4.407261,4.434220,4.401672,4.422056,4.511153,4.481892,4.591702,4.552907,4.119944,4.107702,4.453708,4.199519,4.394751,4.190176,3.980446,3.680832,4.255253,3.377996,4.088049,4.117044,3.850613,4.201130,4.205962,4.217560
-6.189876,-8.678624,0.047096,4.452303,4.510824,4.511482,4.470056,4.442440,4.430933,4.312246,4.379973,4.419754,4.395754,4.416796,4.505235,4.478276,4.586441,4.543701,4.090949,4.087727,4.441143,4.185988,4.362535,4.140885,3.936631,3.647971,4.259442,3.317107,4.066142,4.084828,3.811953,4.163436,4.161825,4.209828
-5.938256,-8.893705,0.044465,4.447371,4.501947,4.502933,4.466440,4.431261,4.416138,4.304356,4.375042,4.418111,4.389508,4.413508,4.497673,4.470056,4.581181,4.537783,4.038114,4.070975,4.430512,4.149905,4.334506,4.116078,3.943075,3.648615,4.255898,3.344813,4.041013,4.061954,3.819041,4.132508,4.136374,4.191142
-6.055010,-8.929827,0.047753,4.430604,4.492742,4.493070,4.459865,4.423371,4.411206,4.303698,4.361891,4.412850,4.377343,4.411864,4.491755,4.455919,4.576907,4.533180,3.994621,4.055511,4.419880,4.134763,4.310988,4.086439,3.911503,3.589015,4.237857,3.346102,4.000098,4.024905,3.786824,4.107702,4.111245,4.158282
-6.167534,-8.975949,0.055972,4.422056,4.484194,4.490769,4.457234,4.422713,4.401343,4.299424,4.354658,4.408905,4.373727,4.406275,4.484522,4.450659,4.574277,4.530879,3.950485,4.030060,4.405061,4.109312,4.280705,4.050678,3.889595,3.561308,4.235279,3.316463,3.971103,4.001387,3.768783,4.081606,4.101580,4.139596
-5.988186,-9.125572,0.054657,4.418439,4.473344,4.483207,4.449344,4.411206,4.385562,4.280027,4.336575,4.395425,4.362548,4.398384,4.479262,4.446385,4.570989,4.523317,3.892817,3.967882,4.390885,4.099647,4.253643,4.028771,3.879608,3.508795,4.219815,3.293911,3.917946,3.977224,3.736889,4.052933,4.073874,4.102225
-5.868868,-9.397052,0.052685,4.381946,4.453618,4.451645,4.426001,4.380960,4.338219,4.240574,4.304685,4.370439,4.339863,4.387535,4.465125,4.423700,4.553564,4.507536,3.853191,3.941786,4.369945,4.079673,4.211439,4.002031,3.816786,3.467880,4.197586,3.242687,3.874776,3.950807,3.709505,4.024905,4.042302,4.057444
-5.944214,-9.586854,0.051041,4.360905,4.442111,4.444741,4.408576,4.371754,4.333617,4.205396,4.280684,4.344795,4.317178,4.370439,4.454933,4.410878,4.547646,4.497344,3.762018,3.894750,4.340305,4.057121,4.152483,3.958861,3.773293,3.439530,4.156671,3.138949,3.824196,3.918912,3.683731,3.993333,4.019106,4.046812
-5.700292,-9.438880,0.054329,4.351041,4.438166,4.442768,4.399699,4.354658,4.334932,4.200793,4.266876,4.328356,4.296465,4.359261,4.447042,4.405946,4.541400,4.483207,3.645716,3.840304,4.313243,4.042946,4.105446,3.909570,3.749453,3.452094,4.124454,3.107055,3.781348,3.895394,3.625419,3.963371,3.943719,4.007186
-5.978228,-9.748082,0.065507,4.340521,4.430275,4.438166,4.388193,4.340850,4.323753,4.182053,4.251424,4.321781,4.288246,4.353672,4.440467,4.400028,4.537126,4.482221,3.602223,3.816464,4.280060,4.034892,4.066142,3.890884,3.717881,3.350290,4.097070,3.099645,3.730768,3.859634,3.601257,3.939209,3.884763,3.976258
-6.095303,-10.146843,0.065507,4.328356,4.420412,4.440138,4.398713,4.334274,4.314219,4.172848,4.244191,4.309288,4.276410,4.343480,4.435207,4.392138,4.537126,4.478276,3.511051,3.782958,4.255898,4.002998,4.040691,3.838371,3.691786,3.276192,4.069042,3.012338,3.675033,3.820974,3.555187,3.923423,3.837727,3.937276
-6.423823,-10.611399,0.078986,4.310274,4.414165,4.435207,4.368137,4.349069,4.305342,4.154765,4.222492,4.293835,4.257013,4.327699,4.431261,4.397727,4.534824,4.465125,3.438885,3.758474,4.243978,3.990433,4.018462,3.815497,3.733345,3.279091,4.059054,2.964013,3.609955,3.787147,3.504285,3.906992,3.823229,3.930188
-6.341085,-10.392802,0.087206,4.304027,4.399371,4.426987,4.351041,4.347754,4.312246,4.145231,4.213944,4.276739,4.237616,4.314877,4.420741,4.391480,4.529564,4.458549,3.405058,3.683731,4.228836,3.972392,3.995266,3.785536,3.706605,3.205960,4.047779,2.854799,3.560020,3.719170,3.459826,3.867688,3.791335,3.891206
-6.324342,-10.365302,0.092466,4.265232,4.372740,4.408905,4.335260,4.323753,4.283643,4.103806,4.180081,4.245177,4.205396,4.280684,4.396412,4.368137,4.515756,4.443755,3.351901,3.581283,4.196941,3.953062,3.926644,3.709182,3.645716,3.115753,3.998809,2.704670,3.479800,3.674389,3.396360,3.838693,3.731412,3.814208
-6.473121,-11.215490,0.101672,4.215917,4.344795,4.383918,4.306986,4.268520,4.227424,4.057120,4.128135,4.195204,4.162985,4.242876,4.370110,4.353014,4.496687,4.422713,3.305831,3.470458,4.175034,3.937920,3.896361,3.674711,3.579350,3.068717,3.980124,2.567105,3.359955,3.634762,3.343202,3.793268,3.694041,3.724002
-6.273682,-11.204243,0.125015,4.200136,4.331315,4.368795,4.300739,4.255369,4.206711,4.026545,4.097888,4.170217,4.144573,4.226766,4.347754,4.341178,4.492742,4.414823,3.274903,3.366720,4.158926,3.933410,3.875420,3.640561,3.530058,3.012338,3.970459,2.340623,3.280058,3.567107,3.293267,3.735278,3.636373,3.671811
-6.446328,-11.414916,0.127316,4.184026,4.313890,4.345452,4.275753,4.240574,4.201451,3.994983,4.074874,4.140299,4.124518,4.204738,4.339206,4.331315,4.479262,4.402001,3.212081,3.268782,4.132508,3.949840,3.838693,3.628963,3.454672,2.948549,3.935021,2.111886,3.246230,3.529414,3.252029,3.683409,3.529414,3.595136
-6.462192,-11.351489,0.147042,4.160354,4.291534,4.324740,4.244191,4.224136,4.182382,3.992681,4.041339,4.100518,4.094929,4.186327,4.317836,4.320137,4.463481,4.389508,3.083859,3.165045,4.090949,3.944686,3.787469,3.555509,3.359633,2.913756,3.902482,1.943071,3.214336,3.473035,3.235277,3.656669,3.463048,3.533602
-6.317456,-11.266148,0.149673,4.134053,4.276082,4.306329,4.226437,4.209012,4.169889,3.942379,4.013723,4.064682,4.064682,4.163642,4.301397,4.307644,4.452303,4.377343,3.014916,3.117042,4.069686,3.928900,3.762984,3.495264,3.235277,2.853833,3.876709,1.601254,3.169233,3.408280,3.150547,3.575484,3.331604,3.518783
-6.737003,-11.587153,0.156577,4.108409,4.258657,4.280684,4.202766,4.183368,4.144902,3.915091,3.984791,4.037394,4.030490,4.141286,4.285616,4.288575,4.429946,4.359918,2.944683,2.981410,4.051323,3.917624,3.735922,3.462726,3.139594,2.764271,3.832572,1.158277,3.150225,3.362854,3.097068,3.491721,3.311308,3.411179
-6.632271,-11.180079,0.151316,4.081778,4.241890,4.259972,4.170875,4.164957,4.115313,3.877283,3.962763,4.008134,3.995969,4.121559,4.263260,4.259643,4.418439,4.350384,2.908601,2.853833,4.039402,3.918912,3.708860,3.437919,3.046488,2.656990,3.832894,0.946936,3.125418,3.334182,3.080637,3.449195,3.281024,3.386372
-6.722642,-10.945776,0.161837,4.053833,4.225122,4.220519,4.137669,4.123861,4.073559,3.808241,3.912132,3.947311,3.941064,4.078819,4.233341,4.229725,4.393453,4.323753,2.834825,2.744619,4.007830,3.882830,3.669878,3.404736,2.903446,2.561307,3.816786,0.447580,3.063240,3.293589,3.024258,3.374130,3.243653,3.302287
-6.551370,-10.972521,0.174330,4.014051,4.164957,4.175807,4.104135,4.061394,4.001558,3.758268,3.826323,3.873009,3.846050,4.000572,4.163642,4.184683,4.352685,4.281342,2.786500,2.482698,3.953062,3.838049,3.616399,3.340625,2.698227,2.533922,3.797778,0.262335,2.914078,3.271681,2.978511,3.286501,3.134761,3.148936
-6.563934,-10.800868,0.193070,3.982161,4.113011,4.137669,4.054161,4.017997,3.962434,3.688240,3.752350,3.794104,3.791145,3.943694,4.136025,4.150162,4.329671,4.246492,2.743974,2.311950,3.912791,3.807765,3.570007,3.286501,2.630572,2.495907,3.777804,0.119294,2.810018,3.171810,2.926964,3.156346,3.087081,3.078382
-6.535981,-10.764871,0.194386,3.934489,4.064025,4.095587,4.011750,3.979859,3.922324,3.611965,3.708952,3.730322,3.758268,3.907530,4.097230,4.114655,4.299753,4.214602,2.772325,2.167298,3.865755,3.774904,3.526837,3.208215,2.443072,2.417299,3.741399,0.015557,2.748162,3.086758,2.858021,3.056797,2.973356,3.021359
-6.368297,-10.392912,0.201290,3.896351,4.011421,4.052846,3.964078,3.927913,3.876296,3.563964,3.644842,3.654705,3.708952,3.842762,4.060408,4.088025,4.269835,4.185998,2.766526,1.871228,3.839337,3.735278,3.481089,3.140560,2.214657,2.364141,3.698873,0.015235,2.655379,2.971745,2.735276,2.946939,2.887982,2.977222
-6.436669,-10.276291,0.218715,3.843091,3.961777,4.011092,3.926270,3.855913,3.828953,3.496895,3.563964,3.593225,3.670815,3.780624,4.006161,4.044956,4.239259,4.152464,2.779090,1.498805,3.824518,3.707572,3.469491,3.063563,1.994940,2.236242,3.640239,0.015557,2.570327,2.889593,2.692106,2.859632,2.778446,2.883794
-6.819361,-9.947148,0.187481,3.787528,3.923639,3.950599,3.898653,3.786213,3.764514,3.410099,3.506100,3.529443,3.564622,3.704349,3.941722,4.013723,4.209670,4.118600,2.739142,0.970132,3.808732,3.686953,3.441141,2.964980,1.839334,2.093200,3.603190,0.016201,2.529734,2.806474,2.642170,2.729477,2.696938,2.761049
-6.697250,-10.018730,0.147042,3.733281,3.852296,3.898653,3.873995,3.741500,3.715856,3.309167,3.425880,3.476511,3.509388,3.602430,3.889776,3.974270,4.168574,4.077175,2.652801,0.589655,3.778770,3.646038,3.393782,2.850933,1.543264,1.841911,3.567430,0.015879,2.527479,2.710791,2.599966,2.735276,2.645070,2.730766
-7.134060,-9.882305,0.173015,3.649773,3.721774,3.799364,3.800350,3.664568,3.608677,3.176672,3.310153,3.413387,3.399579,3.476511,3.811529,3.921996,4.116957,4.041668,2.591268,0.282310,3.764273,3.602868,3.315174,2.730121,1.071936,1.800030,3.505574,0.012335,2.455636,2.661178,2.495907,2.693717,2.530701,2.601255
-7.078662,-9.974050,0.122056,3.524840,3.636951,3.676075,3.731309,3.549827,3.453826,2.997163,3.232892,3.357167,3.292071,3.399250,3.683637,3.843091,4.087696,4.006818,2.517814,0.010724,3.749775,3.576450,3.298099,2.639593,0.836434,1.618329,3.492365,0.013946,2.406989,2.626706,2.457891,2.651835,2.431796,2.515237
-7.020546,-10.257762,0.082932,3.396291,3.559690,3.585334,3.614924,3.461716,3.312126,2.931409,3.164508,3.296673,3.214809,3.307852,3.636294,3.794761,4.075203,3.960791,2.554541,0.010402,3.745909,3.564530,3.290045,2.599966,0.777799,1.457568,3.451128,0.014590,2.232376,2.669876,2.390881,2.627995,2.299708,2.548420
-6.988122,-8.847611,0.048411,3.340729,3.494594,3.484730,3.515306,3.384126,3.166151,2.826860,3.081657,3.234865,3.114863,3.230590,3.581389,3.755309,4.050545,3.925941,2.553575,0.011369,3.731090,3.512339,3.288756,2.571294,0.582890,1.292942,3.434697,0.015557,1.921808,2.675353,2.371229,2.614464,2.129605,2.464657
-6.956602,-8.738570,-0.002878,3.217111,3.393003,3.351907,3.410099,3.299961,3.001108,2.658858,2.948505,3.133603,3.047465,3.100726,3.459415,3.657335,4.013723,3.876296,2.521680,0.010724,3.714659,3.472391,3.219169,2.530701,0.010724,1.032310,3.376707,0.013946,1.655055,2.633472,2.447582,2.697905,1.945971,2.296487
-7.696636,-10.511509,-0.121894,3.008670,3.282865,3.270372,3.268399,3.177001,2.783791,2.363621,2.827517,3.095794,2.890313,3.028068,3.360784,3.541608,3.938434,3.789501,2.427608,0.011369,3.737211,3.460471,3.182764,2.632183,0.010724,0.944037,3.343202,0.014268,1.642813,2.586113,2.446938,2.709825,1.836112,2.138303
-7.797093,-11.850390,-0.098222,2.817983,3.190809,3.130315,3.174371,2.928450,2.622364,2.073974,2.667735,3.024122,2.738749,2.937327,3.268399,3.461059,3.860515,3.723089,2.494296,0.010402,3.764273,3.529736,3.224967,2.727866,0.012335,0.882825,3.296488,0.012657,1.838045,2.581925,2.486886,2.656990,1.841911,2.204025
-8.473440,-12.611843,-0.062057,2.593761,3.024122,2.910368,3.040232,2.760448,2.403731,1.753093,2.422143,2.911683,2.533267,2.792668,3.133274,3.305879,3.791474,3.662924,2.487853,0.010402,3.776515,3.602223,3.230444,2.787145,0.011691,0.775222,3.256540,0.014268,2.256538,2.623807,2.533922,2.665688,1.831602,2.238497
-8.653060,-12.485489,-0.171209,2.391896,2.829490,2.626309,2.964615,2.521760,1.803066,1.093248,2.082522,2.757489,2.252497,2.460938,2.962313,3.157275,3.690541,3.564950,2.423098,0.010724,3.776515,3.618976,3.282635,2.998807,0.012980,0.667941,3.209504,0.013946,2.442105,2.663755,2.544554,2.671165,1.886692,2.355765
-9.257981,-12.051153,0.057616,2.156495,2.526034,2.317593,2.758475,1.975014,1.152756,0.659598,1.600543,2.573048,1.779395,2.149262,2.784777,2.959354,3.534375,3.416675,2.336435,0.009436,3.762984,3.620909,3.428898,3.179220,0.012980,0.625738,3.131217,0.012335,2.477221,2.705959,2.602222,2.668588,1.902800,2.394425
-7.843548,-10.601006,-0.061728,1.705750,2.013809,1.712325,2.339292,1.152427,0.600090,0.400855,1.257634,2.210414,1.207990,1.737312,2.507294,2.731187,3.355195,3.226645,2.300353,0.009758,3.793912,3.622842,3.574517,3.423422,0.014913,0.625093,3.092235,0.013624,2.543265,2.794554,2.750418,2.664722,1.974321,2.383149
-7.486628,-7.940064,-0.214936,1.510460,1.394403,1.055768,1.754408,0.308470,0.024081,0.024081,0.962397,1.767888,0.528747,1.214894,2.188715,2.529979,3.171740,2.826531,2.252028,0.008791,3.796812,3.566463,3.677610,3.575162,0.015557,0.768135,2.997519,0.014590,2.595456,2.791655,2.790366,2.634760,1.979154,2.410533
-4.315320,-5.157992,-0.788316,0.784532,0.240085,0.410718,0.566227,0.061562,0.012246,0.012574,0.916040,1.949369,0.038219,0.745408,1.763614,2.299840,2.926477,2.182797,2.203059,0.010080,3.776515,3.330316,3.711115,3.588692,0.015235,0.994294,2.899258,0.012657,2.466268,2.767170,2.713691,2.451770,1.953380,2.331925
-0.605026,-0.274715,-1.063499,0.205564,0.008629,0.008300,0.009287,0.008300,0.006985,0.008300,1.069577,2.108166,0.001067,0.251263,1.438459,1.818190,2.653597,1.852053,1.674707,0.007181,3.607378,2.769103,3.532636,3.432764,0.014268,0.891202,2.624773,0.010724,1.989141,2.387982,2.222711,1.930829,1.496872,1.842556
0.155609,1.735282,-0.861961,0.008629,0.007643,0.007643,0.007643,0.005341,0.006985,0.008300,0.870341,2.064439,-0.000248,0.001396,0.967658,1.381910,2.181811,1.756052,1.046807,0.003959,3.454672,2.229798,3.143782,3.106088,0.012335,0.945325,2.051963,0.008469,0.957245,1.691782,1.265235,1.159565,0.030699,0.531665
2.284175,3.059072,-0.964867,0.008300,0.006657,0.006328,0.006985,0.006657,0.008300,0.008300,0.973904,2.249866,-0.000248,0.000739,0.942342,1.331937,2.129207,1.785641,1.052284,0.004603,3.443718,2.395069,3.059697,3.037145,0.012013,1.626705,2.053252,0.009114,0.886047,1.637658,1.175673,1.019101,0.003637,0.444036
3.838183,6.744890,-1.226242,0.234167,0.010273,0.010602,0.010273,0.008958,0.009615,0.008958,1.234620,2.613816,-0.002549,0.001396,1.222456,1.407883,2.109481,1.809642,1.080635,0.004281,3.462081,2.202414,3.023936,3.077738,0.012980,1.541009,2.078058,0.008147,0.745905,1.594488,1.281666,0.951769,0.004281,0.440815
6.672887,7.720810,-1.205201,0.524144,0.252907,0.011917,0.012574,0.011917,0.011588,0.010273,1.213908,2.866641,0.003698,0.000739,1.074508,1.068590,1.800765,1.863231,1.228186,0.004603,3.389594,1.540365,2.638948,2.843523,0.012013,1.313560,2.025868,0.008147,1.172130,1.366717,0.998805,0.004281,-0.000229,-0.000874
4.708741,4.592091,-1.241695,0.176303,0.112850,0.011588,0.011588,0.011259,0.010602,0.010273,1.252374,2.789051,0.000410,0.000410,0.911766,0.789134,1.503884,1.729421,1.178895,0.004925,3.342236,1.448225,2.522969,2.661178,0.010724,2.076125,2.082891,0.008791,1.277156,1.296808,0.766524,0.002670,-0.000874,-0.000229
5.533115,5.079030,-1.284435,0.009944,0.010602,0.010931,0.011259,0.009287,0.009944,0.010602,1.293470,2.774585,-0.000248,-0.000248,0.980151,0.856861,1.516049,1.732052,1.203380,0.005892,3.338048,1.435016,2.444038,2.540688,0.010402,1.771357,2.077092,0.009114,1.200802,1.264591,0.686305,0.002992,-0.000874,-0.000874
6.096620,5.272769,-1.383396,0.010273,0.055644,0.010602,0.010602,0.006657,0.010931,0.010602,1.394732,2.770311,0.002711,-0.001892,1.124482,1.074508,1.724161,1.801422,1.186305,0.005248,3.264916,1.395390,2.396358,2.417943,0.009758,1.876061,2.102221,0.008469,0.697580,1.263302,0.600609,0.003315,0.000093,-0.000551
6.408085,5.474213,-1.463288,0.011588,0.142768,0.010602,0.009615,0.010602,0.010602,0.011588,1.477254,2.740064,0.077014,0.173015,1.470349,1.369088,1.956274,1.879012,1.221421,0.004281,3.242042,1.395712,2.348677,2.269425,0.009758,1.881215,2.223677,0.008791,0.608018,1.232052,0.591266,0.003637,-0.000551,-0.000874
6.728370,5.741058,-1.606633,0.452801,0.345950,0.246660,0.012574,0.116138,0.013561,0.014218,1.621584,2.715735,0.256195,0.447540,1.639667,1.679448,2.163071,1.889862,1.270712,0.005248,3.217236,1.450158,2.327092,2.174708,0.008791,1.925674,2.279412,0.009436,0.569681,1.291653,0.551640,0.308727,0.001704,0.168263
6.838428,5.787482,-1.572112,0.849300,0.515925,0.434061,0.490281,0.162166,0.015862,0.016848,1.662681,2.741379,0.488308,0.606995,1.829368,1.829368,2.200551,1.909259,1.307117,0.005570,3.245264,1.488174,2.291654,2.019102,0.008791,1.889270,2.338368,0.011047,0.262013,1.271034,0.529410,0.521356,0.002026,0.314526
6.914076,6.355791,-1.404109,1.172482,1.136317,0.681955,0.672749,0.212468,0.452472,0.021780,1.731065,2.757489,0.647434,0.793080,1.925698,1.975671,2.445814,1.986192,1.320003,0.004603,3.322584,1.551962,2.300675,1.940172,0.008147,1.805507,2.399902,0.010080,-0.000874,1.341589,0.586111,0.705634,0.003637,0.366717
6.606079,6.698450,-1.057253,1.461473,1.509802,1.034727,1.174784,0.316689,0.659269,0.031972,1.822464,2.807462,0.909136,0.890396,2.001315,2.072330,2.607569,1.998028,1.345777,0.005248,3.337725,1.716589,2.221422,1.851576,0.007825,1.854153,2.489141,0.011047,-0.000551,1.376382,0.618972,0.779732,0.002348,0.541330
6.995517,6.763981,-1.018129,1.687996,1.932602,1.384540,1.336211,0.415978,0.947931,0.032958,1.940821,2.823901,1.072536,0.936753,2.163071,2.261045,2.695351,2.052932,1.386047,0.005892,3.328383,1.750738,2.187917,1.762336,0.006536,1.836434,2.565817,0.011047,-0.000551,1.474321,0.658276,0.896356,0.003315,0.609951
6.791117,6.321281,-0.992484,1.704106,2.112111,1.631119,1.754408,0.706941,1.126126,0.421896,2.142029,2.889655,1.291498,1.263881,2.246907,2.392224,2.791024,2.117372,1.441782,0.006858,3.349968,1.816782,2.157955,1.719811,0.007825,1.889914,2.673098,0.012335,0.001382,1.575481,0.735596,1.052929,0.004925,0.725287
6.868379,7.034769,-1.115774,1.709695,2.193975,1.837916,2.061152,0.992644,1.305964,0.539925,2.310689,2.944889,1.635393,1.476596,2.415238,2.483623,2.951464,2.257757,1.457568,0.005570,3.366398,1.921486,2.145391,1.726254,0.007181,1.859308,2.714657,0.011691,0.060660,1.646357,0.840300,1.148934,0.004925,0.764591
7.250490,6.986097,-1.077308,2.072988,2.416882,2.120988,2.232113,1.450623,1.440431,0.603707,2.462253,3.024122,1.852711,1.710353,2.517486,2.575350,2.949491,2.410307,1.483986,0.007503,3.398293,2.054862,2.140558,1.722066,0.007181,1.957569,2.837080,0.012013,0.296163,1.707568,1.047774,1.283599,0.004925,1.065815
7.156507,7.852117,-1.037197,2.192331,2.600994,2.310689,2.279127,1.704764,1.579502,0.688201,2.621378,3.100726,2.097645,1.829039,2.620720,2.661488,2.990916,2.554637,1.541975,0.007181,3.402481,2.126061,2.139592,1.697903,0.007825,1.839334,2.882505,0.012335,0.446936,1.710468,1.064204,1.372839,0.006536,1.182761
7.363884,7.974200,-1.062184,2.286689,2.686146,2.422471,2.380389,1.843834,1.694900,0.745736,2.678584,3.120452,2.114413,2.020713,2.615789,2.662145,3.034314,2.584884,1.558084,0.006536,3.421811,2.185339,2.167620,1.651189,0.007181,1.762659,2.882505,0.012335,0.515879,1.737207,1.057439,1.394424,0.005248,1.210145
6.633219,8.280878,-1.051992,2.323511,2.756832,2.537870,2.455020,1.984877,1.810957,0.785189,2.774256,3.169768,2.311018,2.158139,2.642748,2.731516,3.116178,2.678255,1.776512,0.008469,3.429543,2.292298,2.175352,1.647968,0.006858,1.818071,2.906024,0.012980,0.555183,1.842878,1.110596,1.454346,0.006214,1.343522
6.816109,7.994212,-1.056924,2.444170,2.836065,2.755845,2.509267,2.122632,2.035179,0.899931,2.883408,3.230590,2.504335,2.304442,2.712447,2.793325,3.204618,2.806147,1.802285,0.007825,3.448873,2.343845,2.177930,1.759437,0.007181,1.775223,2.954026,0.012657,0.579346,1.920197,1.157310,1.564849,0.355119,1.421486
6.821791,8.374744,-0.907990,2.624666,2.903463,2.948505,2.656228,2.386635,2.100604,0.982123,2.947847,3.272016,2.652940,2.459294,2.767023,2.833435,3.227632,2.912998,1.841589,0.008469,3.457893,2.484953,2.229154,1.829347,0.008147,1.920197,2.980766,0.012335,0.613173,1.915687,1.164398,1.700481,0.611562,1.590622
7.063413,8.051229,-0.788645,2.777873,3.012944,3.046150,2.702913,2.520116,2.216003,0.979493,3.005382,3.303578,2.734804,2.608227,2.816339,2.871573,3.236508,2.960012,1.863496,0.009436,3.450161,2.459502,2.252994,1.899257,0.008147,1.806473,3.003318,0.012980,0.629604,1.968522,1.160210,1.772968,0.788753,1.688883
7.263637,8.640156,-0.684424,2.897874,3.112233,3.116178,2.781161,2.674968,2.465540,1.524926,3.087904,3.335140,2.833764,2.783791,2.910368,2.931409,3.248015,3.087246,1.898612,0.401833,3.478190,2.516203,2.261048,1.900867,0.007825,1.823870,3.042622,0.013302,0.713366,2.026834,1.115429,1.837401,0.867039,1.814205
6.884512,9.063225,-0.579545,2.998149,3.181275,3.186206,2.829161,2.721324,2.611186,1.752107,3.102699,3.381496,2.893600,2.914313,3.001437,2.996177,3.283194,3.192453,1.920842,0.521034,3.490754,2.605765,2.302286,2.001383,0.008791,1.881860,3.084503,0.014913,1.057439,2.166010,1.133148,1.950159,1.011047,1.938239
6.959781,9.956888,-0.612423,3.062917,3.245056,3.282208,2.846915,2.780503,2.698968,2.043069,3.166809,3.407469,2.982040,2.912669,3.068835,3.013602,3.307852,3.217111,1.934695,0.559049,3.490110,2.659567,2.319682,2.002994,0.008791,1.777478,3.129606,0.012980,1.174063,2.207569,1.171163,1.983664,1.440493,2.131538
7.473937,9.790960,-0.530887,3.116507,3.267742,3.342044,2.936340,2.860723,2.759133,2.225866,3.191796,3.441661,2.999136,2.947190,3.134918,3.030040,3.330537,3.263468,1.994618,0.658598,3.481733,2.682441,2.294876,1.981087,0.009114,1.780700,3.148614,0.013302,1.229797,2.197904,1.145712,2.013303,1.593844,2.202414
7.338473,10.811767,-0.461516,3.211522,3.363085,3.412730,2.941601,2.985656,2.859079,2.317265,3.216453,3.458757,3.067520,3.010972,3.210864,3.060616,3.372291,3.310153,2.061306,0.742039,3.509762,2.701448,2.380894,2.017169,0.007503,1.790365,3.205638,0.013946,1.316782,2.325481,1.217233,2.078058,1.777800,2.387015
7.529073,10.833113,-0.355980,3.308180,3.427853,3.518594,3.053054,3.048780,2.957053,2.475732,3.233878,3.514977,3.144453,3.070808,3.258207,3.105986,3.419305,3.335140,2.110275,0.932761,3.522649,2.688884,2.461113,2.066783,0.010080,1.809695,3.266849,0.014590,1.567104,2.452737,1.190171,2.104476,1.907311,2.458858
7.358799,11.112024,-0.226114,3.369661,3.466977,3.578101,3.110589,3.112890,3.027081,2.651954,3.264125,3.553443,3.180617,3.146754,3.340729,3.131630,3.473223,3.386757,2.145391,1.161820,3.574517,2.709825,2.539077,2.107053,0.012980,1.801318,3.293267,0.014268,1.658277,2.477221,1.246872,2.139914,1.910532,2.492363
6.906097,11.549830,-0.195210,3.391359,3.519909,3.587964,3.160234,3.176343,3.131302,2.747626,3.284180,3.585005,3.228618,3.186206,3.391688,3.181604,3.546211,3.409442,2.205636,1.404733,3.573873,2.733665,2.580636,2.117040,0.706923,1.773290,3.316463,0.015557,1.750738,2.527801,1.406022,2.275868,2.035533,2.590946
7.308203,11.824039,-0.149839,3.400894,3.571197,3.656678,3.196727,3.250317,3.203960,2.883737,3.313441,3.616239,3.283523,3.219084,3.436401,3.267084,3.606047,3.491963,2.234953,1.609630,3.581283,2.778124,2.593523,2.155700,0.927928,1.777478,3.324839,0.014590,1.939205,2.553575,1.629926,2.311306,2.206925,2.686951
7.238332,12.358025,-0.105455,3.453497,3.585663,3.704349,3.243741,3.297002,3.270043,2.971519,3.341715,3.637938,3.328893,3.284180,3.501826,3.313441,3.654705,3.518594,2.266525,1.710468,3.580316,2.842235,2.622840,2.210146,1.077735,1.756215,3.335470,0.014268,2.176641,2.566139,1.704991,2.331280,2.272646,2.739786
7.481177,12.231419,-0.085071,3.476511,3.627746,3.725062,3.262810,3.326592,3.307523,3.041547,3.353880,3.665883,3.367359,3.314756,3.547526,3.355195,3.695472,3.569553,2.243974,1.769746,3.578705,2.948872,2.649902,2.320005,1.216266,1.834501,3.364465,0.015557,2.264592,2.646036,1.791653,2.353188,2.395713,2.761693
7.160694,12.565393,-0.074550,3.490648,3.635965,3.730980,3.243084,3.330208,3.347304,3.037602,3.343359,3.667198,3.364071,3.333825,3.567909,3.332838,3.716843,3.608019,2.257182,1.842878,3.567430,2.842235,2.665688,2.215623,1.743329,1.857697,3.363821,0.014268,2.282956,2.651513,1.833857,2.410533,2.407634,2.753961
7.331936,12.594254,-0.028851,3.526484,3.686267,3.785556,3.300947,3.398264,3.448237,3.066863,3.357496,3.698431,3.419634,3.369003,3.624129,3.370976,3.753007,3.654705,2.274579,1.890558,3.606089,2.980444,2.725289,2.459180,2.104476,1.906666,3.387017,0.293585,2.374773,2.723034,1.905056,2.486886,2.527157,2.823549
7.267325,13.207670,-0.012412,3.572183,3.730322,3.835200,3.350263,3.440675,3.486374,3.155631,3.382811,3.722760,3.459086,3.421606,3.674760,3.417661,3.805282,3.701062,2.337724,2.032633,3.635084,3.137016,2.848356,2.581925,2.391525,1.912465,3.399259,0.473676,2.532312,2.798098,2.098355,2.599322,2.682119,2.910856
7.423145,12.287077,-0.017344,3.613937,3.794433,3.877612,3.393990,3.479799,3.576786,3.253604,3.426209,3.757939,3.507744,3.477497,3.738870,3.448566,3.866433,3.758268,2.309373,2.124450,3.670200,3.185663,2.922454,2.672131,2.657312,2.046808,3.424388,0.861240,2.666332,2.869619,2.226577,2.707570,2.794876,3.016526
7.434159,12.727342,0.022766,3.655362,3.824351,3.904899,3.442648,3.554759,3.615581,3.319359,3.456456,3.789172,3.567909,3.518594,3.787528,3.509059,3.907201,3.797063,2.427608,2.288432,3.707894,3.263305,3.031024,2.756217,2.949838,2.053896,3.469813,0.951447,2.743974,2.909567,2.279090,2.789400,2.875096,3.048743
7.545900,12.213774,0.041506,3.696788,3.855584,3.929557,3.492950,3.615581,3.667527,3.339414,3.514320,3.838159,3.637609,3.572183,3.828625,3.533388,3.946653,3.850652,2.381860,2.308084,3.733345,3.309053,3.099323,2.946616,3.254285,2.177285,3.499453,1.169230,2.854155,2.987531,2.297453,2.922776,2.996230,3.114787
7.105750,12.568240,0.110549,3.743802,3.935146,3.969010,3.578759,3.696130,3.722103,3.440675,3.552457,3.885173,3.684623,3.761227,3.876296,3.585663,3.979530,3.882543,2.478510,2.482054,3.781992,3.423422,3.178898,3.059052,3.447906,2.217878,3.561953,1.334179,2.932763,3.041977,2.361886,3.071939,3.071295,3.163434
6.992568,11.599645,0.115151,3.776021,3.961119,3.980188,3.606704,3.720788,3.753336,3.418647,3.568896,3.889118,3.710925,3.800350,3.892077,3.634650,3.995969,3.897338,2.596100,2.542621,3.785536,3.454672,3.248486,3.094813,3.545844,2.206925,3.605767,1.599643,3.016849,3.123163,2.433729,3.108666,3.105766,3.181475
6.588561,12.751511,0.171372,3.813830,4.023915,3.991366,3.645499,3.760898,3.783583,3.482100,3.586978,3.906872,3.745774,3.876954,3.942379,3.669500,4.023915,3.930215,2.640237,2.601255,3.850613,3.546811,3.351901,3.159890,3.661824,2.264270,3.667623,1.908922,3.149581,3.213370,2.520714,3.184052,3.196617,3.287145
6.144589,10.470397,0.170056,3.838159,4.030490,4.011750,3.663910,3.774049,3.786542,3.491963,3.619855,3.919037,3.755309,3.894708,3.952242,3.696130,4.038380,3.945667,2.724967,2.659245,3.865433,3.543911,3.406025,3.208215,3.669234,2.401190,3.698229,1.833857,3.189529,3.252996,2.564850,3.209504,3.235921,3.327416
3.581194,13.422699,0.202934,3.885831,4.051202,4.034435,3.658979,3.807912,3.857556,3.515306,3.611636,3.939749,3.779967,3.944352,3.979530,3.715199,4.062052,3.970654,2.746874,2.720134,3.887018,3.564852,3.422455,3.243009,3.588692,2.408922,3.686309,1.905056,3.177931,3.260728,2.539077,3.238176,3.235277,3.321295
6.463486,11.921375,0.176303,3.909831,4.070929,4.037065,3.689555,3.823693,3.866762,3.548512,3.657006,3.963421,3.816789,3.971640,4.004517,3.745117,4.077833,3.983476,2.844168,2.820650,3.898938,3.607056,3.493331,3.252029,3.599002,2.416976,3.709827,2.041332,3.190174,3.287468,2.571616,3.287145,3.261372,3.337725
4.340669,13.352035,0.189783,3.955859,4.117943,4.052518,3.692185,3.856899,3.914105,3.598814,3.659965,3.972955,3.846707,4.004517,4.051202,3.767145,4.090655,4.005175,2.923098,2.838691,3.891206,3.604801,3.567107,3.289078,3.645394,2.437273,3.735922,2.069360,3.200483,3.317751,2.678253,3.381218,3.316785,3.375419
5.127315,13.224451,0.208523,3.973941,4.162656,4.076189,3.722760,3.913776,3.949284,3.642540,3.686596,3.999585,3.900625,4.045285,4.103148,3.823036,4.116299,4.040682,3.019104,2.996874,3.938242,3.729157,3.632507,3.390883,3.747520,2.557441,3.781348,2.224321,3.227223,3.406025,2.838369,3.478512,3.378318,3.418267
5.103920,14.132496,0.240414,4.020627,4.195204,4.080463,3.783583,3.984462,4.018325,3.713555,3.716514,4.030819,3.960791,4.091970,4.145560,3.867091,4.143587,4.070929,3.115753,3.095457,4.025227,3.776515,3.731412,3.538435,3.807443,2.688562,3.824840,2.429219,3.253318,3.531025,2.932441,3.554221,3.466592,3.475290
5.913587,13.796973,0.251592,4.023586,4.227095,4.094929,3.811857,3.994983,4.016024,3.737226,3.721117,4.032134,3.976572,4.103148,4.169560,3.890762,4.155094,4.094271,3.261050,3.250741,4.061310,3.820330,3.791979,3.582571,3.826129,2.666010,3.865755,2.366396,3.308408,3.596424,3.014593,3.625097,3.532636,3.545200
6.424029,14.855936,0.268359,4.076189,4.260629,4.130765,3.903256,4.058107,4.071257,3.813501,3.786213,4.064682,4.035750,4.149834,4.213944,3.945338,4.178108,4.130107,3.324517,3.422133,4.147006,3.900549,3.904737,3.728512,3.914724,2.833859,3.955317,2.528768,3.499130,3.733023,3.022003,3.789724,3.668912,3.687597
7.346365,14.032578,0.267373,4.110710,4.289890,4.200793,3.977558,4.106107,4.097888,3.863146,3.838817,4.106765,4.092299,4.205725,4.250109,3.992681,4.205067,4.156409,3.471102,3.572906,4.239790,3.975291,3.988178,3.844492,4.027482,2.801642,4.054544,2.765559,3.636051,3.822907,3.086436,3.881541,3.745265,3.790368
7.942062,13.987837,0.251263,4.172519,4.324740,4.272794,4.060079,4.174163,4.178437,3.937777,3.909831,4.145888,4.147204,4.262602,4.308301,4.058435,4.256684,4.204081,3.656669,3.790046,4.320975,4.041980,4.063243,3.936309,4.149905,2.947261,4.115434,2.897325,3.744621,3.900227,3.203382,4.000742,3.822263,3.907959
9.116987,12.246485,0.231866,4.247807,4.378987,4.352685,4.158382,4.261616,4.305014,4.046271,4.003202,4.247479,4.225780,4.333945,4.373398,4.140299,4.325069,4.293178,3.768783,4.007830,4.380254,4.147328,4.241400,4.071297,4.218849,3.016526,4.137985,3.069362,3.852868,3.960794,3.387017,4.077096,3.965626,4.026838
6.546113,10.350351,0.164796,4.328356,4.431261,4.420083,4.253725,4.341836,4.405289,4.132738,4.153779,4.330329,4.320795,4.414165,4.436522,4.254054,4.402001,4.371754,3.963371,4.166014,4.460473,4.296813,4.389597,4.241078,4.266529,3.126707,4.221104,3.271359,3.971425,4.048745,3.620265,4.149905,4.091593,4.133153
4.472702,0.931339,0.105617,4.394768,4.467426,4.474659,4.333617,4.434220,4.476961,4.234985,4.281013,4.396412,4.393124,4.453289,4.486824,4.346439,4.477289,4.444741,4.106735,4.237857,4.512020,4.356091,4.494945,4.302290,4.273939,3.220779,4.339983,3.486244,4.082573,4.161503,3.780381,4.238501,4.175356,4.217238
-2.443472,-2.158128,0.113179,4.442111,4.492084,4.486495,4.415809,4.503262,4.516084,4.300082,4.332630,4.426987,4.416138,4.469070,4.526276,4.422385,4.534167,4.497344,4.227225,4.294880,4.545203,4.390241,4.535860,4.349326,4.308411,3.381218,4.395073,3.727546,4.233346,4.235279,3.894750,4.311310,4.268140,4.285215
-5.471785,-4.906499,0.102987,4.473344,4.525619,4.503920,4.467426,4.551592,4.554550,4.377672,4.377014,4.467097,4.437508,4.473673,4.555208,4.491755,4.589729,4.567701,4.339983,4.342238,4.572587,4.420202,4.579675,4.374777,4.289081,3.648937,4.447264,3.843848,4.310022,4.293269,4.005897,4.390885,4.356091,4.360924
-4.247091,-5.833016,0.080302,4.502276,4.540413,4.508523,4.495043,4.565400,4.556523,4.390823,4.410878,4.482221,4.442111,4.470714,4.561455,4.514769,4.611428,4.594661,4.340627,4.305511,4.580319,4.406027,4.580641,4.361246,4.242689,3.666979,4.433411,3.803899,4.315176,4.299712,4.002353,4.394751,4.372200,4.368978
-5.099881,-6.539575,0.092466,4.501618,4.537454,4.516742,4.516742,4.564742,4.546660,4.387864,4.403973,4.477947,4.436851,4.467097,4.556852,4.516742,4.612743,4.593674,4.315821,4.267174,4.571298,4.396362,4.576131,4.354158,4.199519,3.743010,4.404416,3.779092,4.293591,4.288759,4.011052,4.396362,4.365756,4.361568
-5.437183,-6.867335,0.097726,4.504249,4.548633,4.519043,4.520030,4.561126,4.536797,4.387864,4.399699,4.469728,4.426987,4.462495,4.549290,4.512797,4.611757,4.589400,4.287148,4.243978,4.567110,4.406671,4.560022,4.342883,4.170202,3.715304,4.371233,3.703383,4.282960,4.278449,4.008797,4.375099,4.346749,4.335473
-5.705663,-7.525245,0.085233,4.497344,4.545674,4.522331,4.516084,4.560468,4.524961,4.383590,4.409891,4.463810,4.424029,4.453289,4.544030,4.508194,4.608798,4.584140,4.267174,4.222070,4.560022,4.386053,4.541015,4.325163,4.150550,3.708216,4.364468,3.593525,4.263952,4.262019,3.984634,4.353514,4.338050,4.304545
-6.015816,-7.261864,0.085233,4.491755,4.535811,4.514112,4.508194,4.553893,4.520030,4.377014,4.406275,4.456248,4.418768,4.446385,4.536139,4.502605,4.603866,4.576249,4.243011,4.187599,4.545203,4.359957,4.522329,4.317431,4.153771,3.691463,4.339339,3.541656,4.231091,4.244300,3.965304,4.333218,4.330640,4.280705
-6.261168,-7.606345,0.074384,4.500632,4.535811,4.522002,4.507208,4.547975,4.509509,4.364521,4.412193,4.457563,4.417124,4.446056,4.535482,4.498988,4.599592,4.570003,4.213372,4.187921,4.535216,4.356736,4.510731,4.299712,4.144428,3.712726,4.317109,3.554865,4.218527,4.230447,3.943719,4.315498,4.310988,4.274906
-6.328641,-7.644482,0.067479,4.495372,4.526276,4.520687,4.501947,4.541071,4.502276,4.345124,4.402001,4.446385,4.409563,4.434878,4.531537,4.493728,4.596633,4.565400,4.215305,4.192431,4.520718,4.365756,4.494301,4.293269,4.136696,3.719170,4.309700,3.498808,4.198230,4.213050,3.929222,4.309055,4.304223,4.269107
-6.494090,-8.375827,0.055972,4.491098,4.521345,4.522331,4.496358,4.539098,4.510166,4.343480,4.403645,4.436193,4.398384,4.431590,4.524961,4.486495,4.589729,4.559811,4.208217,4.190176,4.514597,4.354803,4.489790,4.304223,4.135730,3.711760,4.310988,3.461437,4.177612,4.198874,3.906348,4.289403,4.289725,4.262985
-6.416370,-8.728270,0.054986,4.486824,4.513783,4.517399,4.492084,4.532852,4.512468,4.340850,4.400686,4.428631,4.389508,4.427316,4.516742,4.484851,4.586112,4.555866,4.206606,4.180189,4.501388,4.343849,4.477870,4.290047,4.128642,3.731090,4.304223,3.453061,4.154416,4.184055,3.900227,4.286826,4.274261,4.276194
-6.592070,-9.226384,0.063863,4.477618,4.511482,4.513125,4.486495,4.529564,4.506550,4.332959,4.398713,4.426330,4.385234,4.424029,4.512139,4.480248,4.582496,4.551920,4.208539,4.192753,4.495267,4.358347,4.468205,4.270395,4.137663,3.687275,4.291658,3.411824,4.137985,4.170202,3.887018,4.272973,4.251387,4.256542
-6.553564,-9.253685,0.058603,4.474002,4.510824,4.514112,4.475974,4.521016,4.500632,4.333288,4.390165,4.420412,4.381617,4.421398,4.509838,4.477289,4.579208,4.547975,4.183088,4.166658,4.478192,4.352548,4.445331,4.265563,4.107379,3.675999,4.286826,3.386695,4.112212,4.155060,3.857057,4.263952,4.233346,4.256864
-6.399191,-9.306667,0.055644,4.458549,4.508523,4.508523,4.466769,4.510824,4.491427,4.333945,4.387206,4.414165,4.375699,4.416467,4.506550,4.469728,4.572304,4.540085,4.137019,4.148939,4.464339,4.321620,4.435666,4.244300,4.093204,3.629930,4.272006,3.345780,4.086439,4.126065,3.858990,4.255898,4.222070,4.231091
-6.322704,-9.260853,0.068137,4.450988,4.507208,4.503591,4.464796,4.501618,4.487481,4.332301,4.368466,4.407590,4.366165,4.412850,4.504249,4.464796,4.573619,4.534495,4.091271,4.130253,4.457251,4.307444,4.415048,4.227547,4.056155,3.612211,4.262019,3.335148,4.075163,4.105124,3.853513,4.234957,4.199197,4.224003
-6.479013,-9.136374,0.070110,4.453618,4.503262,4.500961,4.459207,4.495043,4.477289,4.321452,4.362877,4.401672,4.361233,4.408576,4.500632,4.462823,4.569345,4.530550,4.074196,4.139596,4.448231,4.296169,4.397329,4.201774,4.065820,3.591914,4.257509,3.323872,4.051000,4.075807,3.809376,4.210150,4.168591,4.220137
-6.675279,-9.092652,0.078986,4.424357,4.487152,4.475646,4.447042,4.462495,4.451645,4.291534,4.330986,4.383261,4.347754,4.395754,4.488468,4.453947,4.558496,4.519043,4.010085,4.101580,4.434700,4.278127,4.360924,4.190176,4.017817,3.576128,4.238823,3.332249,4.018139,4.042302,3.793912,4.174068,4.121877,4.197264
-6.785843,-9.193409,0.077671,4.403973,4.471043,4.463152,4.432577,4.444741,4.439152,4.280356,4.308959,4.360905,4.332630,4.381946,4.473673,4.438823,4.548304,4.506879,3.935665,4.070330,4.411504,4.254931,4.324841,4.152483,3.979480,3.530381,4.229480,3.314852,3.964660,4.000742,3.762340,4.124454,4.099325,4.159248
-6.928674,-9.114334,0.078329,4.391480,4.452960,4.454275,4.424029,4.428303,4.414165,4.258328,4.293178,4.353343,4.308959,4.368795,4.467755,4.431919,4.544359,4.497344,3.855124,4.046168,4.395718,4.228192,4.270717,4.095781,3.908281,3.467880,4.208539,3.289401,3.910214,3.970781,3.751386,4.089338,4.068397,4.139918
-6.959958,-9.421771,0.077671,4.367151,4.441125,4.446385,4.403973,4.412522,4.396741,4.229067,4.275424,4.334274,4.288904,4.356959,4.457892,4.422385,4.537783,4.488139,3.757507,4.005897,4.376066,4.219493,4.232058,4.056155,3.891528,3.457571,4.168591,3.213370,3.860923,3.948552,3.696296,4.049390,4.032637,4.073552
-7.387290,-9.262758,0.083589,4.349726,4.431261,4.437837,4.388850,4.397727,4.379316,4.191916,4.250438,4.321781,4.273780,4.348411,4.446385,4.412193,4.531208,4.473673,3.678577,3.971425,4.351259,4.169235,4.184055,4.002998,3.857701,3.395393,4.143462,3.169555,3.816786,3.911825,3.673100,4.018784,4.000420,4.049067
-7.820087,-9.304145,0.090822,4.334932,4.416138,4.426987,4.363863,4.381288,4.372083,4.168902,4.227095,4.307315,4.254054,4.340850,4.436193,4.402658,4.523317,4.455262,3.578705,3.950162,4.322264,4.132508,4.131220,3.941142,3.803577,3.352867,4.111245,3.115431,3.770394,3.884763,3.630574,3.977224,3.978835,4.029415
-7.546268,-8.941450,0.092137,4.307644,4.405946,4.425672,4.368466,4.371754,4.352356,4.159697,4.220191,4.292520,4.236300,4.334932,4.426330,4.398056,4.515098,4.449344,3.528448,3.868010,4.289081,4.109635,4.099647,3.914724,3.822585,3.336437,4.093848,3.036178,3.703383,3.843203,3.584827,3.940820,3.904415,3.999776
-7.830242,-9.323024,0.120083,4.279369,4.390494,4.406604,4.343151,4.354987,4.312246,4.126162,4.187971,4.264903,4.199149,4.315863,4.411535,4.390494,4.505564,4.435535,3.525548,3.774904,4.263308,4.115756,4.051645,3.857379,3.800678,3.202416,4.056477,2.980122,3.631218,3.792946,3.514594,3.907314,3.839337,3.970781
-7.676971,-9.393680,0.115480,4.210656,4.352356,4.380302,4.301068,4.305671,4.265561,4.069285,4.129450,4.200464,4.158382,4.276082,4.387535,4.367151,4.486824,4.415809,3.413757,3.674711,4.237212,4.070008,3.982379,3.814531,3.735278,3.082892,4.017817,2.869941,3.548422,3.724002,3.429543,3.891206,3.754608,3.907314
-7.830323,-9.195823,0.126658,4.174163,4.335260,4.354987,4.261945,4.273780,4.236958,4.031147,4.094929,4.164300,4.134053,4.259314,4.366494,4.353343,4.472358,4.396412,3.339336,3.553899,4.210795,4.059377,3.933732,3.769427,3.683087,3.033923,3.993010,2.678253,3.470780,3.671811,3.386050,3.807765,3.703383,3.863500
-7.370339,-8.543300,0.133563,4.156409,4.313562,4.340192,4.249122,4.264903,4.223478,4.009120,4.073888,4.129450,4.117614,4.238931,4.349398,4.341836,4.460851,4.381617,3.280380,3.421166,4.174390,4.046812,3.883474,3.721747,3.584504,2.938884,3.960150,2.518136,3.353834,3.617043,3.309375,3.780381,3.657636,3.750098
-7.913652,-8.846526,0.144083,4.132409,4.296465,4.322110,4.238273,4.254712,4.212300,3.982818,4.054161,4.097230,4.094929,4.223150,4.341178,4.329014,4.450659,4.373398,3.225934,3.314852,4.145395,4.019428,3.845459,3.675355,3.500097,2.971423,3.940820,2.226254,3.258795,3.563241,3.261050,3.741077,3.567430,3.695974
-7.864065,-8.728367,0.155590,4.116299,4.282986,4.306329,4.224136,4.244191,4.196848,3.970325,4.030490,4.075203,4.071586,4.208684,4.330658,4.322767,4.440467,4.363206,3.175676,3.209504,4.131864,4.008152,3.816464,3.633796,3.430831,2.874129,3.920845,2.061950,3.226578,3.513306,3.210148,3.693074,3.528448,3.602223
-8.074717,-8.622142,0.160851,4.099861,4.263588,4.282986,4.218218,4.220191,4.173834,3.940736,3.998928,4.038052,4.038709,4.178437,4.294164,4.310274,4.422056,4.343151,3.065818,3.140560,4.089338,4.003642,3.784247,3.557765,3.367687,2.870263,3.898294,1.839978,3.211759,3.451772,3.153447,3.618332,3.435019,3.553899
-8.232429,-8.732616,0.167426,4.077504,4.241890,4.260958,4.186327,4.194547,4.160026,3.890434,3.965393,4.010764,4.009120,4.157067,4.273123,4.291534,4.406932,4.328356,2.990753,3.078382,4.066142,3.980124,3.744621,3.509440,3.311308,2.753961,3.850613,1.522645,3.161823,3.407313,3.087081,3.545844,3.312919,3.496231
-8.362198,-8.038986,0.176961,4.053175,4.220519,4.217560,4.130107,4.159697,4.125833,3.820405,3.914434,3.962763,3.953229,4.104463,4.253068,4.258986,4.371754,4.293835,2.900547,2.912467,4.040691,3.966593,3.727546,3.473035,3.203382,2.622518,3.838371,1.019423,3.124774,3.349323,3.042300,3.445973,3.271037,3.401836
-8.401874,-7.145811,0.186824,4.020298,4.161341,4.171533,4.083751,4.094600,4.066655,3.744459,3.837830,3.872351,3.867420,4.030490,4.197834,4.217232,4.331973,4.247807,2.843201,2.744619,4.006541,3.935343,3.686309,3.430509,3.033923,2.604799,3.825162,0.475286,2.996552,3.275547,3.020715,3.386372,3.271359,3.348679
-8.402548,-7.416357,0.180248,3.974599,4.104135,4.135697,4.058435,4.057120,4.007805,3.706322,3.790158,3.810871,3.809227,3.977558,4.159697,4.180738,4.297123,4.219204,2.775547,2.534567,3.984956,3.909570,3.652803,3.395715,2.944039,2.586435,3.797456,0.317748,2.909567,3.247841,2.990753,3.293589,3.148614,3.284890
-8.557520,-7.183839,0.195372,3.931201,4.065668,4.103148,4.021284,4.025230,3.968352,3.619855,3.724076,3.755309,3.771419,3.929886,4.125176,4.150820,4.274438,4.188300,2.717557,2.403768,3.939209,3.889595,3.643138,3.359955,2.791655,2.516526,3.788113,0.185016,2.799387,3.184375,2.952738,3.266205,3.099645,3.165689
-8.977904,-7.198287,0.213454,3.912461,4.019640,4.054490,3.998270,3.973613,3.927256,3.590923,3.651417,3.682650,3.719473,3.874324,4.077833,4.100847,4.246164,4.153450,2.667621,2.236886,3.897972,3.862211,3.614466,3.309053,2.662789,2.439528,3.751708,0.016523,2.758150,3.102222,2.879928,3.113820,3.031024,3.074838
-8.820229,-6.529547,0.209838,3.846378,3.982818,4.012408,3.959475,3.917064,3.888132,3.489662,3.590266,3.611636,3.660952,3.799364,4.017010,4.053833,4.212629,4.126162,2.671487,2.087079,3.876709,3.836438,3.583538,3.274259,2.598033,2.385726,3.750098,0.015879,2.675997,3.026513,2.807763,3.050676,2.932763,3.071617
-8.539678,-6.399196,0.173015,3.783583,3.904899,3.959147,3.913776,3.848351,3.818762,3.400894,3.524512,3.536347,3.573827,3.726706,3.952900,4.023915,4.176793,4.082436,2.681474,1.832246,3.850613,3.788757,3.539401,3.203060,2.330958,2.283278,3.703383,0.014913,2.582892,2.917944,2.713046,2.903446,2.843523,2.997841
-8.883659,-5.845347,0.159536,3.683966,3.829940,3.904571,3.838488,3.751035,3.741829,3.315413,3.442976,3.485059,3.505443,3.632677,3.889118,3.977558,4.120573,4.043641,2.728510,1.466911,3.840948,3.736889,3.484955,3.111887,2.163754,2.107375,3.641850,0.015879,2.508794,2.829026,2.641526,2.870908,2.755894,2.918266
-8.886089,-5.493906,0.149673,3.605061,3.730651,3.816131,3.755966,3.703034,3.657006,3.135247,3.341386,3.445935,3.431470,3.529443,3.801008,3.927256,4.079806,3.996955,2.737209,0.973676,3.820007,3.706927,3.447262,3.035534,2.011048,1.974321,3.625419,0.014268,2.473033,2.736242,2.549386,2.804864,2.673420,2.902480
-9.166458,-6.203319,0.082603,3.470264,3.669171,3.699089,3.626759,3.604074,3.514649,3.045492,3.249988,3.392346,3.292071,3.454155,3.680349,3.860187,4.053833,3.939092,2.732699,0.611240,3.815819,3.638950,3.466914,2.991720,1.756537,1.903767,3.598680,0.014913,2.443072,2.740431,2.500095,2.760405,2.518781,2.902802
-8.695762,-5.615602,0.053671,3.392675,3.586321,3.594869,3.548841,3.478813,3.376236,2.966916,3.174699,3.333167,3.208234,3.382154,3.592238,3.813172,4.032791,3.896680,2.738498,0.524578,3.809054,3.562597,3.465303,2.922132,1.541331,1.838367,3.566785,0.014913,2.230765,2.728510,2.552608,2.752351,2.483342,2.924387
-9.055750,-5.528213,-0.021618,3.332838,3.510046,3.495909,3.465004,3.395633,3.261824,2.877162,3.149055,3.264783,3.153329,3.308509,3.573499,3.749391,4.008462,3.855913,2.741397,0.348676,3.789724,3.525870,3.397648,2.855444,1.354153,1.804218,3.550677,0.015557,1.804540,2.694361,2.688240,2.801964,2.316783,2.838047
-9.306235,-8.189471,-0.062714,3.251303,3.437059,3.424565,3.348290,3.344674,3.076068,2.735790,3.084945,3.207248,3.092178,3.239467,3.513662,3.694815,3.978544,3.799693,2.741719,0.012335,3.786824,3.438885,3.329027,2.804541,0.930506,1.654411,3.507185,0.015557,1.698225,2.631539,2.597389,2.766526,2.089012,2.670521
-9.523765,-7.854492,-0.111373,3.128672,3.364729,3.316728,3.213823,3.273988,2.905107,2.527021,2.951793,3.097109,2.976122,3.157275,3.457442,3.591910,3.920023,3.740185,2.737531,0.012335,3.770394,3.487210,3.321295,2.714013,0.727864,1.492362,3.442429,0.014268,1.713367,2.583214,2.449515,2.722389,1.869940,2.503639
-9.522365,-8.287135,-0.133729,3.005711,3.277933,3.251303,3.141165,3.183247,2.837709,2.333046,2.820942,3.047136,2.851846,3.065547,3.408784,3.543909,3.868406,3.698760,2.690173,0.012013,3.782314,3.562919,3.268782,2.632827,0.600931,1.384437,3.363821,0.014913,1.702414,2.537144,2.324193,2.669554,1.814849,2.440172
-9.907585,-8.516727,-0.149182,2.819298,3.178973,3.118151,3.101055,2.988615,2.659844,2.155180,2.754201,3.017547,2.767681,2.959683,3.312126,3.465990,3.809885,3.639581,2.615752,0.012013,3.783281,3.583538,3.272326,2.686307,0.012335,1.400223,3.322261,0.014268,1.764592,2.515881,2.316783,2.682119,1.762981,2.449837
-10.413232,-8.820015,-0.083756,2.633542,3.032342,2.956067,3.072780,2.792996,2.525705,1.868163,2.476061,2.948505,2.541815,2.771626,3.185878,3.400894,3.742815,3.584019,2.632505,0.011047,3.785214,3.593525,3.237210,2.733665,0.011691,1.203380,3.236243,0.013624,1.743006,2.502350,2.335469,2.690495,1.776512,2.377028
-10.247357,-9.080876,-0.122222,2.491513,2.833764,2.696338,3.008999,2.601652,2.208770,1.615338,2.211729,2.821928,2.391567,2.588501,3.041547,3.279249,3.676075,3.499525,2.654734,0.011691,3.813564,3.627352,3.306798,2.820972,0.012013,1.015880,3.243975,0.013302,2.089012,2.547776,2.485275,2.707570,1.832891,2.450482
-10.733654,-8.886850,-0.150826,2.307073,2.607898,2.534911,2.848887,2.316278,1.730408,0.970288,1.932273,2.730859,2.078905,2.360662,2.936012,3.175028,3.588293,3.413716,2.676320,0.011691,3.813886,3.667301,3.415045,2.999452,0.012013,0.906343,3.174387,0.013624,2.272324,2.573871,2.559051,2.729477,1.797130,2.478188
-10.006181,-7.860712,-0.048248,2.133481,2.465540,2.294251,2.541486,1.876711,1.225086,0.689845,1.673202,2.504007,1.640653,2.126906,2.814366,3.012944,3.463689,3.313441,2.618652,0.011047,3.824196,3.678255,3.476901,3.133472,0.012980,0.772967,3.120908,0.013302,2.335791,2.624773,2.616075,2.713046,1.838045,2.456603
-10.529806,-6.944846,-0.092304,1.803395,2.058850,1.794518,2.356060,1.211606,0.754613,0.437020,1.333580,2.218304,1.131715,1.752107,2.583898,2.874860,3.326263,3.131630,2.530056,0.010724,3.808732,3.685020,3.593525,3.417945,0.014268,0.542619,3.106733,0.012335,2.398935,2.664722,2.687918,2.720456,1.884759,2.540044
-9.671177,-6.326039,-0.122880,1.516706,1.633420,1.179387,1.709366,0.541898,0.025725,0.025397,0.989685,1.785970,0.472527,1.404595,2.331730,2.689433,3.202316,2.872888,2.407956,0.010402,3.792301,3.637984,3.663757,3.540690,0.015879,0.157309,3.053253,0.012013,2.410855,2.690817,2.724644,2.736242,1.918909,2.588368
-6.734161,-5.749706,-0.068304,1.200428,0.941027,0.599104,1.197140,0.176303,0.016848,0.015533,0.491924,1.357252,0.090165,0.991658,2.161756,2.566144,3.027081,2.505322,2.357698,0.010080,3.768783,3.557765,3.701450,3.617043,0.015557,0.660531,2.961114,0.012013,2.424386,2.661822,2.626384,2.680186,1.779411,2.539399
-3.371173,-2.548567,-0.147867,0.534994,0.009944,0.003369,0.002382,0.004026,0.003698,0.005013,0.151974,0.903547,0.000410,0.683927,1.672873,2.213044,2.724941,1.972055,1.983020,0.011691,3.708860,3.174065,3.659247,3.596747,0.014590,0.737529,2.747518,0.011369,2.318394,2.460791,2.406023,2.370585,1.443715,2.287466
1.130097,1.467023,-0.228087,0.003369,0.003040,0.002711,0.003369,0.003698,0.003698,0.004684,0.230551,1.152756,0.000410,-0.002549,1.087330,1.414130,1.979945,1.782354,1.367040,0.005892,3.526192,2.646036,3.451128,3.449195,0.012980,0.838689,2.143780,0.009114,1.997839,1.866718,1.583535,1.581924,0.007181,1.441460
5.097416,5.425258,-0.828426,0.004026,0.005670,0.006328,0.005670,0.006328,0.006657,0.008958,0.835162,1.886574,0.000739,0.000081,0.319648,0.682283,1.324704,1.615666,0.962078,0.002026,3.450161,1.814205,3.096746,3.140560,0.013302,1.221421,1.807117,0.007503,1.532310,1.362207,1.141846,0.290686,0.001382,-0.000874
4.651046,7.035785,-1.182187,0.008629,0.008629,0.008300,0.007314,0.010931,0.007643,0.008958,1.191222,2.326141,0.000410,0.000081,0.230551,0.643488,1.271114,1.622899,1.204346,0.005570,3.381862,1.133148,2.697905,2.850933,0.011691,1.724643,1.985597,0.010402,1.411498,1.244295,0.810982,0.003637,-0.000229,-0.000229
6.431675,4.938266,-1.308764,0.063863,0.009287,0.009287,0.008629,0.008629,0.010273,0.009944,1.318786,2.430033,0.001396,0.000410,0.478116,0.722394,1.401636,1.685695,1.273612,0.005570,3.372519,1.149578,2.696294,2.760727,0.011369,1.858019,2.016525,0.005248,1.325802,1.238818,0.753959,0.003315,-0.001196,0.000093
6.674882,6.910869,-1.353478,0.010273,0.009944,0.009615,0.008958,0.008958,0.009287,0.008300,1.362184,2.385978,0.002054,0.000739,0.934452,0.837464,1.563721,1.776107,1.243006,0.003959,3.380896,1.272967,2.692750,2.680186,0.010402,1.791009,2.069682,0.008791,1.185016,1.253637,0.724320,0.002026,0.000415,0.000093
6.388941,5.420474,-1.509974,0.507048,0.075041,0.008958,0.010931,0.011259,0.010273,0.010602,1.520652,2.426088,0.003040,0.004355,1.159331,1.151441,1.786299,1.910574,1.273290,0.005248,3.321295,1.263947,2.484953,2.479154,0.011047,1.980120,2.100288,0.008147,1.099642,1.234630,0.737851,0.159887,-0.001196,0.000093
7.526054,4.608761,-1.498796,0.392306,0.067151,0.011917,0.010931,0.074384,0.011588,0.011259,1.514405,2.449431,0.000410,0.154604,1.522953,1.511775,2.026960,1.960876,1.212400,0.002992,3.309053,1.351576,2.403445,2.340623,0.007503,1.939849,2.181151,0.009114,0.662464,1.289398,0.724320,0.410209,0.001382,0.101253
6.022737,6.771157,-1.419561,0.261784,0.192084,0.011259,0.010602,0.123700,0.010931,0.009944,1.431226,2.376115,0.002382,0.261784,1.519008,1.586406,2.020055,1.946739,1.217233,0.005248,3.349323,1.461434,2.346422,2.225932,0.008791,1.777478,2.236242,0.009436,0.663109,1.283599,0.712078,0.468521,0.002026,0.289719
6.763453,4.862866,-1.497809,0.206550,0.235811,0.012903,0.011917,0.106603,0.009615,0.010602,1.509802,2.431019,0.028027,0.360416,1.604817,1.635064,2.052275,1.945753,1.189527,0.003959,3.342558,1.557117,2.380250,2.163110,0.008791,1.942105,2.196615,0.009436,0.642490,1.259436,0.619939,0.511369,0.007825,0.340944
6.270360,5.146967,-1.478740,0.535651,0.305182,0.015533,0.012903,0.151316,0.011588,0.010931,1.493692,2.420170,0.093124,0.490938,1.681421,1.711997,2.105536,1.937205,1.269746,0.006214,3.339014,1.624450,2.363175,2.067427,0.008469,1.841267,2.207247,0.009758,0.543263,1.277478,0.642490,0.591588,0.001382,0.419874
6.352097,5.592379,-1.457041,0.876916,0.795710,0.198331,0.535651,0.228578,0.016191,0.015205,1.519336,2.522089,0.402170,0.717133,1.891177,1.879999,2.184441,1.945095,1.343199,0.004925,3.367687,1.700481,2.353510,2.000739,0.008791,1.792298,2.373806,0.010080,0.208534,1.357052,0.706601,0.776189,0.000415,0.485596
5.813243,6.264538,-1.363012,1.180702,1.224428,0.619488,0.844368,0.309785,0.350552,0.021780,1.664982,2.583898,0.625735,0.819381,1.953644,2.018083,2.447129,2.006247,1.371550,0.005570,3.380573,1.851254,2.334180,1.854476,0.007181,1.839656,2.485920,0.009758,0.135724,1.480442,0.701769,0.866395,0.002348,0.838689
6.236608,6.551460,-1.192378,1.504213,1.520323,0.950233,1.267826,0.421567,0.634940,0.028356,1.776436,2.702584,0.796696,0.898944,1.973041,2.127892,2.541815,2.010850,1.414398,0.006536,3.392171,1.993651,2.284889,1.756860,0.007181,1.846744,2.569038,0.010402,0.274578,1.550674,0.708212,0.935338,0.003959,0.929539
5.431718,7.067831,-0.984265,1.630790,1.745202,1.208318,1.397362,0.616200,0.854231,0.030657,1.798135,2.745653,0.949246,0.919328,2.137755,2.280113,2.609542,2.051617,1.425996,0.004925,3.389272,2.072582,2.206925,1.721744,0.006214,1.706924,2.625095,0.011691,0.505570,1.614140,0.739462,1.098354,0.004925,1.030055
5.602248,7.599723,-0.911935,1.757038,1.940164,1.284265,1.605803,0.716476,0.990343,0.073726,1.886245,2.766037,1.058399,1.120536,2.189044,2.352443,2.671680,2.055891,1.462078,0.006214,3.403769,2.117363,2.180507,1.741396,0.007181,1.785854,2.697905,0.011047,0.523611,1.672452,0.841588,1.116073,0.005892,1.229475
6.333378,9.200611,-0.839605,1.766573,2.011507,1.501912,1.770847,0.843711,1.050837,0.183536,1.922081,2.782804,1.237579,1.249744,2.203838,2.393211,2.712776,2.069042,1.464011,0.006214,3.397970,2.032633,2.140558,1.649256,0.006858,1.733986,2.723678,0.011369,0.442426,1.685983,0.786498,1.215300,0.002026,1.278766
6.754637,8.857450,-0.841249,1.825423,2.172934,1.681092,2.019727,0.989028,1.112317,0.419923,2.075946,2.811736,1.537419,1.403609,2.292935,2.448773,2.813051,2.170304,1.509437,0.006858,3.425999,2.041009,2.098677,1.709823,0.007825,1.698548,2.804864,0.012335,0.481408,1.708857,0.871227,1.340300,0.007503,1.417297
6.862741,9.693363,-0.903715,1.804381,2.239675,1.822135,2.179509,1.224757,1.186620,0.512637,2.170304,2.819627,1.644270,1.583447,2.379731,2.502034,2.888340,2.306415,1.514913,0.006536,3.425032,2.150546,2.168265,1.671164,0.006858,1.595777,2.895392,0.012013,0.548418,1.762014,0.970132,1.471421,0.006214,1.603509
7.232043,9.499550,-0.992484,2.091399,2.438910,2.012822,2.275511,1.708709,1.380266,0.606995,2.403731,2.919573,1.902355,1.734353,2.536884,2.579295,2.938642,2.370525,1.756537,0.006536,3.445973,2.265881,2.181796,1.674385,0.007825,1.548419,2.938562,0.012657,0.565170,1.817749,1.038109,1.603187,0.007181,1.760081
6.654133,9.880523,-0.948757,2.178852,2.614802,2.158797,2.296552,1.876382,1.519008,0.667489,2.545103,2.992889,2.104878,1.834628,2.559240,2.655570,3.000780,2.501376,1.779411,0.008469,3.460793,2.275224,2.216267,1.715300,0.011369,1.493651,2.957892,0.012013,0.598354,1.881215,1.079990,1.737852,0.006858,1.855120
7.241191,9.815642,-0.939552,2.306086,2.749270,2.362306,2.385649,2.003946,1.720873,0.739819,2.646036,3.073767,2.269264,2.107508,2.608885,2.719680,3.049109,2.581925,1.799063,0.063237,3.470458,2.320971,2.189850,1.783277,0.008469,1.453380,3.012338,0.013946,0.641201,2.041332,1.140557,1.760726,0.373804,1.999450
7.090280,10.553928,-1.009909,2.341265,2.814695,2.452389,2.452718,2.143673,1.851067,0.772696,2.738749,3.088890,2.384991,2.175564,2.686803,2.738749,3.090205,2.667077,1.775223,0.223031,3.479156,2.396358,2.201448,1.887659,0.009758,1.528767,3.007828,0.010724,0.685660,2.087401,1.115429,1.845455,0.585789,2.147968
7.511941,10.497183,-0.931004,2.408663,2.845600,2.514856,2.552993,2.248880,2.023014,0.820368,2.788394,3.113877,2.495459,2.234743,2.676940,2.751242,3.091192,2.712447,1.822903,0.373482,3.474002,2.433407,2.239785,1.872517,0.009114,1.500416,3.018459,0.011691,0.731086,2.128961,1.131859,1.962723,0.704668,2.273935
6.168071,11.431626,-0.899113,2.537212,2.948176,2.707516,2.613816,2.376115,2.082193,0.856204,2.845928,3.152343,2.610200,2.373156,2.704557,2.797270,3.116507,2.793983,1.916654,0.475609,3.480767,2.403123,2.315494,1.986241,0.008791,1.476576,3.026836,0.013624,1.147323,2.257505,1.136369,1.990752,0.836111,2.317749
6.149501,10.223180,-0.685081,2.719023,3.017876,2.812394,2.693050,2.513212,2.202523,1.018617,2.898861,3.193768,2.665762,2.478691,2.793983,2.844942,3.172398,2.863353,1.877027,0.661498,3.494942,2.508794,2.312595,2.017491,0.008469,1.622839,3.059697,0.013624,1.235274,2.252028,1.218844,2.007826,0.925351,2.368974
6.421988,11.174543,-0.635437,2.821599,3.064232,2.930094,2.741379,2.635186,2.392882,1.385855,2.960998,3.213166,2.715735,2.715078,2.854805,2.871901,3.189494,2.915628,1.979476,0.891846,3.514594,2.498806,2.334824,2.108986,0.009436,1.627993,3.118975,0.012657,1.261692,2.307762,1.197259,2.078381,1.160532,2.562595
6.387953,11.084493,-0.525298,2.967245,3.163521,3.119795,2.784777,2.772613,2.621707,1.668927,3.056013,3.302263,2.800887,2.869600,2.966259,2.940286,3.225659,3.100726,2.086435,1.095777,3.547777,2.602222,2.367041,2.139592,0.218521,1.730442,3.220779,0.013946,1.397323,2.367041,1.175029,2.128316,1.516846,2.608987
6.607771,11.809649,-0.489790,3.065876,3.214481,3.202645,2.856778,2.797928,2.716393,1.944109,3.105986,3.337112,2.885710,2.912011,3.036287,3.014917,3.259194,3.176343,2.124772,1.329668,3.548422,2.627028,2.432440,2.161177,0.606408,1.629926,3.285857,0.013946,1.389913,2.450804,1.276189,2.190816,1.706280,2.707892
6.865178,12.336711,-0.369459,3.198371,3.311468,3.298646,2.935025,2.885052,2.752886,2.177208,3.156946,3.407469,2.969875,2.952121,3.127356,3.056999,3.344016,3.238810,2.200481,1.648612,3.550999,2.766204,2.459180,2.288755,0.999771,1.692104,3.326450,0.014590,1.518457,2.495907,1.321936,2.329347,1.921808,2.868330
6.978466,12.600666,-0.341514,3.261495,3.417004,3.331852,3.032342,3.005711,2.917272,2.338306,3.194426,3.425223,3.042205,3.010314,3.203631,3.108288,3.368345,3.291742,2.247517,1.817427,3.543267,2.806152,2.589013,2.366396,1.219488,1.749450,3.339981,0.015235,1.674385,2.523935,1.382181,2.427286,1.989463,2.955637
6.511958,13.354787,-0.294170,3.289112,3.449552,3.369332,3.073767,3.063904,2.970861,2.484938,3.213823,3.442976,3.063575,3.043191,3.236508,3.132288,3.391031,3.300947,2.232053,1.900223,3.549066,2.805186,2.616397,2.330958,1.266202,1.707568,3.342558,0.014590,1.848355,2.628639,1.386692,2.411822,2.046808,2.917622
7.896124,13.310806,-0.183374,3.341058,3.504457,3.436401,3.120781,3.168782,3.069164,2.659515,3.246043,3.491306,3.136562,3.163192,3.298646,3.181604,3.432456,3.358811,2.264592,2.047453,3.570651,2.841590,2.660211,2.427286,1.581602,1.776512,3.380573,0.015557,2.086435,2.617363,1.546486,2.465301,2.268780,2.976256
7.537308,13.947463,-0.082441,3.380510,3.576129,3.527142,3.148727,3.263796,3.172727,2.809764,3.265440,3.542923,3.187850,3.225330,3.372291,3.219412,3.521224,3.410099,2.282633,2.052607,3.589981,2.947261,2.755250,2.515881,1.942749,1.728831,3.396360,0.015879,2.225932,2.685018,1.648612,2.530056,2.334824,3.052931
7.763858,14.927934,-0.053180,3.436072,3.639910,3.618540,3.214809,3.327249,3.262152,2.915957,3.303578,3.592238,3.269385,3.262152,3.484402,3.307194,3.566266,3.486045,2.294876,2.051963,3.621876,3.035534,2.798420,2.574515,2.261693,1.730120,3.411824,0.024900,2.307118,2.737531,1.792298,2.626062,2.442427,3.070972
7.704660,15.107951,-0.010111,3.490319,3.680020,3.721445,3.259194,3.362099,3.338756,2.984012,3.332509,3.643527,3.325934,3.306208,3.541937,3.349934,3.630705,3.549169,2.378639,2.292943,3.664724,3.099967,2.846423,2.684696,2.428574,1.880249,3.416978,0.461433,2.480443,2.821294,1.892813,2.672131,2.541010,3.169555
7.504563,15.149552,0.015205,3.546868,3.715856,3.770432,3.261166,3.404510,3.416017,3.031027,3.343688,3.671472,3.361770,3.354866,3.581389,3.370318,3.660294,3.615252,2.499451,2.427608,3.720136,3.192107,2.905701,2.749773,2.727222,1.925352,3.452739,0.529732,2.640881,2.890237,2.033922,2.730443,2.679863,3.244620
7.528176,15.220878,0.033616,3.592896,3.780953,3.826981,3.363743,3.454483,3.487689,3.101712,3.393661,3.710596,3.418647,3.403195,3.645171,3.424565,3.724404,3.673445,2.527157,2.519425,3.748487,3.247519,3.014916,2.854477,2.969490,1.923741,3.523937,0.905699,2.754928,2.988820,2.240430,2.829670,2.858021,3.328060
7.249135,14.712498,0.036246,3.630376,3.831584,3.857556,3.392017,3.483744,3.519580,3.182919,3.410757,3.716185,3.435415,3.436401,3.673774,3.443634,3.750706,3.699418,2.572904,2.580636,3.770072,3.276192,3.053253,2.890560,3.122519,1.946615,3.548744,0.981086,2.826127,3.008150,2.281023,2.940495,2.981732,3.400548
7.120692,14.728705,0.051698,3.648458,3.859529,3.878598,3.399907,3.519251,3.573499,3.222371,3.430483,3.726048,3.464675,3.504785,3.716185,3.460073,3.802652,3.739528,2.673420,2.634438,3.784891,3.261372,3.118009,3.009117,3.275870,2.023290,3.566463,1.159565,2.904413,3.037145,2.355121,3.049387,3.072905,3.422777
7.586132,14.605249,0.104302,3.726377,3.899310,3.917064,3.429168,3.576457,3.627746,3.268399,3.450538,3.755966,3.520895,3.573499,3.752350,3.512347,3.837501,3.777994,2.733343,2.710469,3.801000,3.372519,3.151514,3.096101,3.460148,2.032311,3.588692,1.310339,2.996230,3.111887,2.433085,3.144426,3.109310,3.503963
6.515040,14.986932,0.147042,3.776350,3.958818,3.929886,3.446264,3.636623,3.663253,3.343359,3.478484,3.797063,3.551142,3.624129,3.779967,3.530101,3.864789,3.809556,2.737853,2.818717,3.809376,3.404736,3.190174,3.142171,3.568074,2.109308,3.625742,1.580313,3.137338,3.220457,2.541332,3.188241,3.168266,3.553576
5.583915,16.487178,0.150659,3.815474,3.992681,3.951585,3.510703,3.677061,3.684294,3.401551,3.506429,3.828953,3.583362,3.705007,3.816789,3.535690,3.879584,3.833556,2.735598,2.868008,3.821618,3.394749,3.244297,3.195973,3.613821,2.147968,3.648293,1.829669,3.187596,3.270071,2.602544,3.260084,3.205638,3.580638
7.017788,14.287555,0.158221,3.865776,4.025230,3.980188,3.541279,3.722103,3.704678,3.462374,3.542265,3.878269,3.636951,3.750706,3.835200,3.576786,3.913448,3.854926,2.649580,2.937918,3.836438,3.423744,3.302932,3.238498,3.683731,2.193071,3.708538,1.857053,3.234955,3.350934,2.657312,3.332249,3.215625,3.590303
3.839027,17.652289,0.210495,3.886817,4.052846,3.999585,3.607362,3.759254,3.756295,3.500183,3.540293,3.900954,3.667856,3.793775,3.856241,3.607362,3.937777,3.872680,2.662144,2.969490,3.859956,3.486244,3.358666,3.279091,3.695007,2.153123,3.722391,1.935339,3.239787,3.404414,2.679541,3.388305,3.266527,3.597069
5.613591,15.581970,0.204249,3.917064,4.080134,4.012408,3.668513,3.785884,3.774706,3.505772,3.573827,3.916735,3.691856,3.824351,3.876954,3.657006,3.961119,3.890105,2.729477,3.023936,3.863500,3.508151,3.372197,3.267171,3.735922,2.235275,3.734311,1.952736,3.257506,3.429220,2.762338,3.420200,3.278769,3.618010
4.930011,17.400460,0.220030,3.911804,4.096244,4.015038,3.656020,3.792789,3.776350,3.510046,3.568238,3.916735,3.698760,3.854269,3.901941,3.664897,3.968352,3.902927,2.781023,3.003962,3.884118,3.531669,3.422455,3.266205,3.785536,2.217234,3.744943,2.118973,3.276192,3.439852,2.773291,3.476901,3.300999,3.598680
5.148722,16.850278,0.244030,3.933174,4.122217,4.027531,3.677390,3.808898,3.821063,3.490648,3.599800,3.928242,3.716843,3.886488,3.920352,3.705664,3.993996,3.909502,2.849967,3.059374,3.895716,3.615110,3.463048,3.314207,3.816141,2.341912,3.748165,2.218200,3.310341,3.437275,2.833214,3.516527,3.318396,3.630252
5.432288,17.290373,0.246003,3.991366,4.157724,4.071915,3.725719,3.857556,3.889447,3.604074,3.647143,3.968352,3.751035,3.939420,3.994325,3.749391,4.026216,3.944023,2.949194,3.289401,3.944363,3.716592,3.548422,3.431798,3.896683,2.527801,3.797778,2.478832,3.339336,3.595780,2.947905,3.601257,3.482700,3.701773
6.216209,17.570465,0.267702,4.041011,4.190273,4.109395,3.777994,3.910160,3.944352,3.685281,3.682322,4.004188,3.799693,3.994983,4.044956,3.801337,4.040024,3.970325,3.049387,3.487855,4.031348,3.809698,3.671489,3.581927,3.957894,2.565817,3.845459,2.503961,3.447584,3.641850,3.051642,3.739788,3.618010,3.771683
6.449743,18.013784,0.252907,4.067970,4.221835,4.159697,3.835529,3.976900,4.025558,3.732952,3.730651,4.039696,3.870707,4.038709,4.094600,3.836515,4.064353,4.004846,3.214980,3.658925,4.099647,3.896039,3.752031,3.694363,4.049390,2.722389,3.897327,2.678897,3.603512,3.757829,3.117042,3.854801,3.684698,3.881863
6.928204,18.515450,0.247975,4.109395,4.252739,4.190601,3.909502,4.034106,4.087367,3.812186,3.798049,4.087367,3.947640,4.097888,4.154765,3.881886,4.079806,4.029504,3.274581,3.804544,4.150550,3.996876,3.861245,3.843526,4.141529,2.854477,3.962727,2.804541,3.733345,3.819041,3.163434,3.972714,3.785536,3.953062
7.131309,17.168355,0.318004,4.143258,4.286931,4.242876,3.938105,4.087367,4.142930,3.890434,3.798049,4.114326,4.001887,4.157067,4.205725,3.936790,4.097888,4.061066,3.429865,3.943397,4.208862,4.076129,3.953384,3.892817,4.206929,2.829993,4.055188,2.896359,3.813886,3.869621,3.225934,4.028449,3.898616,4.012018
5.999737,12.431679,0.328196,4.205067,4.328685,4.325069,3.998928,4.179752,4.250109,3.968352,3.874653,4.142930,4.086381,4.245506,4.286602,4.052189,4.194547,4.138656,3.660858,4.037469,4.305189,4.172457,4.066464,3.992688,4.267818,2.895392,4.187276,3.166011,3.908281,3.906670,3.381540,4.088049,4.030060,4.094815
2.741622,3.207929,0.206221,4.239259,4.340850,4.334274,4.118600,4.246492,4.301726,4.023586,4.036408,4.132409,4.135039,4.284630,4.341836,4.101504,4.247479,4.221177,3.746554,4.091593,4.342883,4.187276,4.112212,3.990755,4.237857,2.754284,4.224970,3.200805,3.918268,3.916657,3.482700,4.091915,4.033603,4.105124
-2.603515,-0.342905,0.204906,4.326712,4.391151,4.356631,4.258657,4.342493,4.398713,4.127806,4.097888,4.181724,4.204081,4.345452,4.408248,4.224465,4.375370,4.351699,3.922778,4.209184,4.398295,4.266529,4.251387,4.098037,4.235924,2.897003,4.274583,3.349646,4.025227,3.998165,3.680188,4.158282,4.109957,4.176645
-3.838228,-2.726056,0.114823,4.410549,4.461837,4.422056,4.367480,4.439481,4.474659,4.255369,4.268849,4.351699,4.329014,4.407261,4.475317,4.342822,4.486824,4.446714,4.167624,4.291014,4.450808,4.354158,4.379610,4.272973,4.246233,3.280702,4.341916,3.460793,4.186632,4.135408,3.871232,4.267496,4.202096,4.256220
-6.486645,-7.433689,0.108905,4.451974,4.499975,4.476961,4.417453,4.489454,4.508851,4.329014,4.341836,4.416138,4.378329,4.418768,4.511810,4.439810,4.540085,4.519701,4.248166,4.271684,4.490112,4.366401,4.467239,4.308411,4.200807,3.642816,4.336117,3.502996,4.232380,4.208217,3.896039,4.301968,4.268462,4.282315
-7.031205,-8.406085,0.062219,4.471700,4.514769,4.498331,4.472687,4.518057,4.503262,4.331973,4.388850,4.429946,4.376686,4.410220,4.503591,4.457563,4.566386,4.539098,4.233991,4.211761,4.500422,4.301968,4.469172,4.284571,4.142818,3.709505,4.339983,3.441785,4.194042,4.202418,3.949196,4.297135,4.280060,4.286826
-7.188731,-8.517762,0.039205,4.467426,4.516413,4.505892,4.476632,4.514440,4.492742,4.329014,4.402330,4.429946,4.374055,4.409563,4.500961,4.458221,4.566386,4.537454,4.231413,4.195975,4.493656,4.278772,4.461440,4.264274,4.105769,3.726902,4.339339,3.438241,4.178900,4.191787,3.954351,4.288114,4.271684,4.280705
-7.072671,-8.994880,0.039863,4.471700,4.519372,4.521673,4.474002,4.508194,4.487810,4.320466,4.401343,4.427645,4.368795,4.406275,4.496687,4.453289,4.566057,4.537454,4.183733,4.180511,4.487857,4.280382,4.447587,4.253965,4.093204,3.721103,4.332251,3.461437,4.167302,4.171813,3.932443,4.270717,4.247522,4.272650
-7.492024,-8.955165,0.043808,4.454604,4.506879,4.503262,4.462495,4.486824,4.474659,4.313562,4.387535,4.412522,4.353014,4.394110,4.484851,4.441782,4.558167,4.526605,4.117044,4.182444,4.470460,4.240434,4.416014,4.228192,4.067753,3.680188,4.294236,3.410857,4.137985,4.154738,3.927611,4.249454,4.216271,4.261697
-7.172141,-9.392942,0.053671,4.435864,4.486824,4.496687,4.455591,4.481892,4.475317,4.301068,4.374384,4.402001,4.343480,4.384247,4.474659,4.437179,4.549290,4.519372,4.075163,4.176001,4.455319,4.227225,4.402483,4.198552,4.113178,3.674389,4.277161,3.396682,4.102547,4.131864,3.887662,4.232058,4.204029,4.268462
-7.519037,-9.866024,0.051698,4.427645,4.481235,4.489125,4.450001,4.466769,4.463810,4.295150,4.363863,4.390494,4.332301,4.378329,4.467097,4.431590,4.539098,4.511810,4.041980,4.166336,4.442110,4.208539,4.385086,4.180511,4.101903,3.584182,4.269751,3.375741,4.073552,4.109957,3.875420,4.226581,4.193720,4.247199
-7.634185,-10.381566,0.046767,4.423700,4.472687,4.479591,4.444084,4.455262,4.449015,4.281013,4.349726,4.380960,4.322438,4.372412,4.461180,4.425672,4.536139,4.503262,4.004286,4.155060,4.433411,4.214983,4.370589,4.179222,4.070975,3.545200,4.255576,3.367687,4.049067,4.077096,3.870910,4.211439,4.180189,4.235279
-6.652617,-11.700587,0.044137,4.409891,4.467097,4.475974,4.439810,4.443097,4.444084,4.262602,4.343480,4.372083,4.311260,4.366494,4.455919,4.409563,4.528578,4.496687,3.969815,4.157959,4.424391,4.185021,4.354803,4.147650,4.042624,3.543589,4.247199,3.353512,4.034248,4.061954,3.841915,4.184377,4.160215,4.224326
-6.737390,-10.798641,0.046767,4.398384,4.450001,4.460851,4.429618,4.433234,4.426001,4.253725,4.325397,4.366165,4.297452,4.360576,4.449673,4.402658,4.522002,4.487810,3.916013,4.133153,4.419558,4.193398,4.337406,4.146039,4.065498,3.559698,4.252354,3.310341,4.023294,4.045846,3.854157,4.156671,4.147650,4.223359
-4.728770,-11.175517,0.050054,4.378001,4.446385,4.456248,4.411864,4.415809,4.410878,4.235314,4.310603,4.352028,4.288904,4.354658,4.440796,4.388193,4.516413,4.475317,3.869621,4.108346,4.401839,4.194686,4.299390,4.115111,4.053578,3.524582,4.220460,3.308731,4.004608,4.018784,3.822585,4.128642,4.107379,4.193398
-6.665759,-9.769913,0.055315,4.352685,4.426987,4.437508,4.376686,4.397069,4.373398,4.183040,4.281671,4.323753,4.257999,4.336904,4.426330,4.367809,4.500303,4.451974,3.795845,4.086761,4.367045,4.142173,4.241723,4.074518,4.048423,3.457893,4.203063,3.219491,3.939209,3.975614,3.769750,4.066786,4.060021,4.142495
-4.936953,-10.799801,0.097069,4.313890,4.406275,4.406932,4.338219,4.358932,4.355315,4.140299,4.203752,4.284958,4.217560,4.308630,4.402658,4.340521,4.474988,4.422713,3.701128,4.063887,4.327741,4.081606,4.176323,4.008474,4.023294,3.417945,4.173746,3.216913,3.906670,3.950807,3.727868,4.038758,4.026194,4.129287
-5.232223,-11.045628,0.101014,4.294822,4.386877,4.400357,4.323753,4.339206,4.324082,4.104135,4.184026,4.261287,4.189944,4.297452,4.391151,4.333945,4.467755,4.411535,3.613177,4.010085,4.292303,4.043913,4.136052,3.942430,3.977547,3.343847,4.130253,3.183730,3.849325,3.920523,3.677288,4.004286,4.006219,4.080962
-5.127372,-11.407957,0.105288,4.259972,4.369124,4.384576,4.299424,4.324740,4.305014,4.070600,4.155423,4.226437,4.164957,4.280356,4.375042,4.333617,4.458878,4.402001,3.578705,3.953384,4.277161,4.034892,4.100292,3.922778,3.983990,3.303576,4.113178,3.103833,3.801644,3.880575,3.641528,3.965949,3.964338,4.070330
-5.502341,-12.062683,0.115809,4.246164,4.356631,4.368466,4.298109,4.316192,4.290219,4.065011,4.131751,4.200793,4.146546,4.270164,4.357946,4.329014,4.453618,4.405946,3.579994,3.887340,4.271362,4.018139,4.076774,3.888307,3.954028,3.274903,4.101258,3.035212,3.755574,3.873487,3.612855,3.955961,3.934376,4.046812
-5.778952,-12.679019,0.112850,4.217232,4.338877,4.354000,4.283972,4.299753,4.270164,4.041997,4.123861,4.187642,4.131094,4.253396,4.345452,4.322767,4.449015,4.390823,3.532958,3.843526,4.264274,4.019750,4.036503,3.836760,3.927611,3.201772,4.083539,2.983021,3.715948,3.828706,3.558731,3.935021,3.891206,4.033926
-5.725630,-12.662047,0.118768,4.189944,4.317836,4.343808,4.249780,4.271808,4.250109,4.022271,4.102819,4.159368,4.110052,4.235643,4.342493,4.316849,4.441453,4.379973,3.472391,3.758474,4.255576,3.987856,4.011052,3.815175,3.891528,3.185019,4.059054,2.960792,3.642816,3.799389,3.465303,3.899260,3.806154,3.964338
-6.305532,-12.820923,0.124686,4.157395,4.302055,4.321781,4.236958,4.261287,4.231698,4.004846,4.073559,4.126820,4.076847,4.211314,4.324082,4.298438,4.426001,4.363206,3.413112,3.694041,4.247844,3.988178,3.977224,3.781025,3.827739,3.145393,4.054544,2.814529,3.582894,3.752031,3.419878,3.879930,3.761695,3.943397
-6.070261,-12.774305,0.134549,4.132738,4.274438,4.296794,4.213615,4.229067,4.198821,3.969667,4.033449,4.075532,4.031805,4.176464,4.281342,4.277068,4.407590,4.345781,3.355122,3.595780,4.218204,4.030382,3.920523,3.734311,3.757829,3.058086,4.025549,2.693394,3.512017,3.717559,3.373808,3.830961,3.706927,3.900549
-5.894570,-12.167244,0.147700,4.074874,4.232684,4.252081,4.177779,4.177450,4.146875,3.879913,3.958489,4.008462,3.980846,4.132738,4.238273,4.246492,4.375699,4.314219,3.294877,3.445329,4.180833,4.014918,3.861567,3.675033,3.636695,2.899902,3.970137,2.442427,3.405702,3.647327,3.348357,3.784247,3.632829,3.808410
-5.904862,-11.527781,0.162823,4.049559,4.213944,4.221835,4.132409,4.148847,4.110052,3.837501,3.929557,3.976243,3.951914,4.098874,4.219862,4.221835,4.352685,4.294493,3.206282,3.313563,4.141851,4.001065,3.818074,3.615432,3.525548,2.856410,3.955639,2.186628,3.317751,3.571940,3.274259,3.726257,3.537790,3.685342
-5.571588,-11.434849,0.167426,4.022599,4.193889,4.191588,4.099861,4.122546,4.091313,3.782926,3.877612,3.927585,3.914434,4.063038,4.191259,4.206054,4.329014,4.273123,3.104800,3.117364,4.097392,3.980768,3.777804,3.579350,3.442107,2.841268,3.907959,1.958535,3.264916,3.528448,3.230444,3.667301,3.482056,3.631218
-5.073515,-10.542299,0.188139,4.016353,4.168902,4.162656,4.064682,4.099532,4.069942,3.774049,3.840789,3.894708,3.867091,4.022271,4.169560,4.181396,4.306657,4.254383,2.992686,3.011050,4.073874,3.983346,3.754930,3.533602,3.377352,2.766848,3.893461,1.738496,3.199516,3.485599,3.155380,3.593203,3.369620,3.530703
-5.399333,-10.380952,0.208523,3.995640,4.135697,4.136683,4.036408,4.067970,4.038709,3.718815,3.791145,3.832899,3.838159,3.982161,4.155423,4.162656,4.281342,4.218876,2.915044,2.955315,4.054544,3.977224,3.717237,3.496553,3.297133,2.618974,3.833538,1.423419,3.160212,3.378963,3.120586,3.531991,3.315496,3.461115
-5.514831,-9.841741,0.189454,3.966380,4.088682,4.102819,4.021284,4.038380,4.001558,3.687582,3.748076,3.791802,3.820077,3.936790,4.129779,4.144245,4.262602,4.195862,2.878640,2.878962,4.037469,3.959827,3.703383,3.461437,3.252674,2.549709,3.806799,1.202735,3.126063,3.307120,3.075160,3.422455,3.252996,3.410535
-5.853611,-10.543072,0.216742,3.949612,4.078490,4.083093,3.989394,4.023257,3.985120,3.626759,3.710596,3.762542,3.779309,3.918050,4.111368,4.126820,4.251424,4.184355,2.840946,2.837080,4.026838,3.953384,3.693719,3.449517,3.171488,2.566783,3.791979,0.982697,3.101578,3.286501,3.068395,3.360277,3.242687,3.367687
-6.152084,-9.710152,0.225290,3.916406,4.046600,4.050545,3.973613,3.994983,3.959147,3.614924,3.675089,3.708295,3.758596,3.885502,4.084737,4.109066,4.235314,4.161998,2.808407,2.855766,4.006541,3.935343,3.676644,3.411824,3.040044,2.531989,3.782314,0.826124,3.010405,3.329027,3.088047,3.329027,3.182764,3.355122
-5.966296,-9.999995,0.215756,3.862159,3.998599,4.015038,3.964407,3.945338,3.916406,3.541279,3.626431,3.659308,3.712897,3.848680,4.047257,4.086710,4.216574,4.139313,2.746229,2.852222,3.984634,3.885085,3.664724,3.350290,2.907957,2.470456,3.783603,0.431150,2.901513,3.261050,3.082570,3.283924,3.145070,3.286823
-5.914488,-9.284449,0.212139,3.838488,3.983147,3.988407,3.936461,3.919365,3.898982,3.477497,3.600129,3.620842,3.671472,3.815803,4.020627,4.064353,4.203752,4.117285,2.724322,2.839335,3.955961,3.858990,3.666657,3.308086,2.814851,2.291010,3.761051,0.286820,2.824194,3.228511,3.067751,3.213370,3.089336,3.247841
-6.155214,-8.998649,0.223975,3.827638,3.959147,3.964736,3.939092,3.899310,3.875968,3.447579,3.562649,3.588951,3.639581,3.783912,4.002544,4.045285,4.193560,4.106436,2.664399,2.787145,3.921490,3.811953,3.629608,3.249774,2.611242,2.357376,3.758796,0.196291,2.722067,3.207248,3.040044,3.161823,3.017493,3.173743
-6.746914,-11.928526,0.213126,3.778323,3.921996,3.936133,3.896023,3.856241,3.819748,3.415688,3.513005,3.543909,3.585992,3.731966,3.963749,4.013065,4.167916,4.080463,2.697582,2.618008,3.891850,3.772971,3.587726,3.158924,2.518781,2.250095,3.748809,0.016201,2.677608,3.172132,3.002995,3.151192,2.945650,3.098034
-7.075387,-13.188566,0.140467,3.707637,3.863146,3.876296,3.862488,3.802981,3.765172,3.324948,3.469607,3.498210,3.498539,3.640239,3.897667,3.980188,4.134053,4.035750,2.708858,2.301963,3.853191,3.738822,3.538757,3.084825,2.337402,2.165365,3.720780,0.015879,2.647969,3.090947,2.928575,3.080315,2.851578,2.947583
-7.474382,-12.089180,0.138823,3.668185,3.779967,3.804624,3.771090,3.728021,3.700404,3.253276,3.397606,3.464018,3.437716,3.567909,3.837173,3.961119,4.098217,4.006818,2.686951,1.952414,3.806799,3.717881,3.476257,2.949838,2.182440,2.030700,3.645716,0.015235,2.543265,2.894748,2.831926,2.912467,2.700482,2.850289
-7.216890,-11.790437,0.154604,3.617225,3.699747,3.715528,3.679034,3.675089,3.640239,3.154316,3.286153,3.409113,3.371633,3.471580,3.797720,3.909831,4.069614,3.966380,2.675997,1.235596,3.793912,3.699517,3.463048,2.855121,1.975288,1.952736,3.605445,0.015557,2.509116,2.763304,2.691784,2.759438,2.562595,2.718201
-7.342769,-11.953104,0.086877,3.461388,3.611636,3.611636,3.564950,3.580403,3.517279,3.027081,3.192124,3.345989,3.271687,3.392017,3.678705,3.850981,4.026873,3.906215,2.638304,0.650222,3.769105,3.675355,3.361244,2.691461,1.657311,1.864141,3.552610,0.015235,2.493974,2.656023,2.615108,2.736887,2.475288,2.613819
-7.429645,-12.060332,0.069781,3.346318,3.533388,3.511032,3.490977,3.482100,3.427853,2.925491,3.128343,3.275632,3.201659,3.345989,3.609335,3.806597,4.007476,3.865776,2.605443,0.347387,3.761373,3.644105,3.342558,2.602544,1.390880,1.829991,3.510084,0.014590,2.424386,2.608987,2.518781,2.687595,2.456281,2.597711
-7.249398,-11.311958,0.066822,3.266098,3.470593,3.419305,3.404182,3.384126,3.241111,2.852175,3.065876,3.175686,3.137877,3.243413,3.526813,3.722760,3.991695,3.817118,2.566139,0.011369,3.740755,3.609955,3.286501,2.561629,1.020068,1.792942,3.464659,0.014590,2.310340,2.572260,2.516848,2.627995,2.348677,2.490108
-7.817632,-11.990113,0.019150,3.123740,3.338427,3.303906,3.293386,3.271029,3.074096,2.699954,2.959354,3.095794,3.047136,3.163850,3.462045,3.647801,3.933503,3.743802,2.516203,0.011047,3.720780,3.598680,3.242687,2.538755,0.717232,1.732053,3.390561,0.014268,2.312595,2.560984,2.450159,2.626384,2.172775,2.486564
-7.997754,-11.775585,-0.084085,2.974149,3.221385,3.212508,3.177987,3.196070,2.886039,2.437266,2.818312,2.974478,2.923847,3.016889,3.358154,3.545553,3.866433,3.691856,2.508794,0.010724,3.739788,3.618654,3.222712,2.492041,0.465944,1.670519,3.349646,0.014268,2.208535,2.552608,2.438561,2.647325,2.086435,2.519747
-7.805755,-11.880129,-0.060742,2.831134,3.141822,3.095466,3.154316,3.073109,2.706858,2.130194,2.699954,2.937984,2.790695,2.904450,3.309167,3.465004,3.807583,3.632677,2.511693,0.010402,3.750742,3.591592,3.204027,2.496229,0.011369,1.554862,3.316140,0.013302,2.108342,2.531667,2.427286,2.617685,2.050674,2.459180
-7.871940,-11.417284,-0.094934,2.694694,3.051082,2.950806,3.138206,2.910368,2.645378,1.959233,2.601652,2.895573,2.692721,2.848559,3.209549,3.357167,3.738213,3.585992,2.502350,0.011369,3.743654,3.612211,3.194362,2.460147,0.009758,1.351254,3.265238,0.013946,2.009437,2.506861,2.409889,2.628961,1.975610,2.500417
-8.437609,-12.549909,-0.178771,2.554637,2.902477,2.816339,3.072123,2.760777,2.510253,1.821806,2.468170,2.815682,2.571405,2.697653,3.108288,3.281879,3.691527,3.530101,2.509760,0.010402,3.741399,3.610922,3.177609,2.423098,0.010402,1.244617,3.223679,0.013302,2.027478,2.471422,2.314528,2.611564,1.920842,2.510082
-8.450595,-13.334042,-0.237293,2.397156,2.728886,2.676283,2.946204,2.578309,2.169646,1.596927,2.146632,2.702913,2.337977,2.457650,3.001766,3.199686,3.613937,3.463360,2.495585,0.011047,3.743010,3.656025,3.179542,2.509760,0.011691,1.023611,3.166011,0.013302,2.107375,2.503639,2.326126,2.598356,2.004605,2.515881
-8.812934,-13.599708,-0.120250,2.257099,2.566144,2.449102,2.822257,2.386635,1.803724,0.983110,1.841861,2.583240,2.094358,2.251839,2.903792,3.095137,3.557389,3.397606,2.519425,0.010080,3.755574,3.651837,3.228189,2.724644,0.012013,0.884758,3.168266,0.012980,2.302608,2.514915,2.419554,2.592234,2.014592,2.584502
-8.954377,-13.095792,-0.024906,2.138413,2.428389,2.250195,2.579295,1.990466,1.246456,0.723380,1.632763,2.428060,1.799450,2.063453,2.749270,2.994862,3.455799,3.304893,2.523291,0.010724,3.764273,3.655059,3.310986,3.009117,0.012980,0.769101,3.120908,0.015557,2.493974,2.573227,2.540044,2.628961,2.038754,2.650546
-8.818537,-11.607897,-0.031152,1.898410,2.164715,1.880327,2.338963,1.568323,1.032097,0.545843,1.434513,2.260387,1.390129,1.740928,2.598035,2.866312,3.326263,3.177987,2.527479,0.011691,3.803899,3.670845,3.409891,3.194684,0.013946,0.689848,3.120908,0.013624,2.610276,2.612209,2.647003,2.693717,1.981087,2.751706
-8.837342,-9.056636,-0.079811,1.652160,1.650845,1.537419,1.837587,0.703654,0.512966,0.169728,1.084043,1.864546,0.796367,1.426294,2.451074,2.661817,3.213494,2.936340,2.517492,0.010402,3.788113,3.694041,3.529414,3.397004,0.013624,0.622516,3.051642,0.012335,2.699515,2.673098,2.718845,2.747840,2.052285,2.752673
-8.761165,-10.146652,0.188468,1.283278,0.959438,0.828587,1.227716,0.289401,0.015862,0.017506,0.476143,1.324704,0.378169,0.966014,2.202195,2.458965,3.098425,2.631241,2.457247,0.011369,3.781348,3.686631,3.606734,3.529092,0.014913,0.670841,3.041977,0.012335,2.757505,2.721745,2.792621,2.764593,2.250095,2.774580
-6.491632,-8.595843,-0.099537,0.763819,0.374882,0.369292,0.423540,0.106603,0.008629,0.009944,0.234496,1.011055,0.020136,0.864752,1.961205,2.283072,2.884395,2.351786,2.349322,0.009436,3.767172,3.565174,3.677288,3.577095,0.015235,0.536498,2.949516,0.011369,2.766848,2.706925,2.739142,2.700482,2.272002,2.776191
-2.111796,0.752305,-0.000248,0.135535,0.001396,0.001396,0.001725,0.000739,0.001396,0.000410,0.000739,0.368964,-0.000905,0.560638,1.679119,1.885259,2.605268,1.856985,2.010404,0.008147,3.724646,3.271037,3.614788,3.524904,0.014590,-0.001840,2.756539,0.011369,2.650869,2.524580,2.569683,2.431152,1.751061,2.533278
-2.433016,1.589621,0.000410,0.000410,-0.000248,0.001067,-0.000576,-0.000248,-0.000576,0.000410,0.000081,0.000739,0.000739,-0.000248,1.012371,1.329306,2.053590,1.610406,1.199192,0.005248,3.484955,2.432440,3.367365,3.342880,0.013624,-0.000551,2.112208,0.009436,2.080636,1.804862,2.028767,1.724965,0.542941,1.494617
-0.290868,4.544874,0.000081,0.002054,0.001725,0.001725,0.002711,-0.000576,0.002711,0.002711,0.006657,0.758230,0.000410,0.000081,0.520528,0.934780,1.763942,1.660708,0.770712,0.002670,3.379929,2.306151,3.137338,3.245264,0.013302,-0.000229,1.513947,0.004925,1.358985,1.432117,1.310983,0.849642,0.003959,0.529410
2.770677,4.031020,-0.270170,0.005999,0.003698,0.003698,0.005013,0.002711,0.003698,0.004355,0.278880,1.328649,-0.000248,0.000081,0.385074,0.765134,1.442404,1.598242,0.848676,0.002992,3.427287,2.421809,3.137661,3.241076,0.013624,0.563882,1.570004,0.006536,1.438238,1.408921,1.193070,0.542941,0.001382,0.334178
5.462972,5.615730,-0.657464,0.005670,0.006328,0.005341,0.005999,0.005341,0.005013,0.006328,0.664201,1.740600,-0.000576,0.000081,0.009615,0.424855,0.975877,1.502240,0.964011,0.004925,3.361566,1.735274,2.781346,3.003640,0.011691,1.078057,1.714334,0.008147,1.462723,1.355764,0.951769,0.004281,-0.002162,-0.000551
5.291616,7.103446,-0.862619,0.006985,0.006985,0.007643,0.006328,0.007314,0.006328,0.008629,0.869355,1.830354,0.001067,0.000410,0.246660,0.530391,1.065303,1.600543,1.181472,0.005570,3.404092,1.322259,2.680830,2.849967,0.012013,1.731409,2.046486,0.009114,1.362851,1.394101,1.000416,0.004281,0.000093,-0.000229
6.537984,4.521074,-1.089472,0.007314,0.007643,0.007643,0.006985,0.010931,0.009944,0.006657,1.098180,2.003288,-0.002549,0.001396,0.277894,0.643160,1.104098,1.641968,1.202735,0.004925,3.402803,1.434050,2.724000,2.831281,0.011047,1.838045,2.065816,0.008791,1.364462,1.438238,1.010403,0.004603,0.001382,0.000093
7.308825,5.587310,-1.040814,0.008958,0.001396,0.009287,0.005670,0.006657,0.006985,0.007972,1.047549,1.971397,0.000410,0.000410,0.302223,0.671763,1.102783,1.637694,1.255570,0.005570,3.416334,1.527800,2.730766,2.823227,0.011369,1.952414,2.076770,0.008147,1.349643,1.436627,1.009436,0.003959,0.000415,0.000415
6.015643,7.481562,-0.993799,0.003040,0.006985,0.006657,0.007972,0.007314,0.007314,0.007314,1.001192,1.906629,-0.002549,-0.000248,0.310113,0.702667,1.199442,1.678133,1.249127,0.003959,3.409246,1.521035,2.727866,2.775547,0.011369,1.979476,2.115430,0.009436,1.347710,1.397323,0.971099,0.004603,0.000093,0.000093
6.616770,4.857587,-1.190735,0.007643,0.008958,0.007972,0.008300,0.007643,0.008300,0.008300,1.199770,2.013151,-0.001563,0.000081,0.394279,0.739490,1.209634,1.712983,1.190171,0.004281,3.399903,1.473354,2.702093,2.715946,0.011691,2.080958,2.131538,0.008469,1.344166,1.485596,0.972065,0.192103,0.000737,-0.000229
5.957647,7.625201,-1.106240,0.007972,0.006657,0.006985,0.002711,0.006657,0.006985,0.007972,1.114290,1.983890,0.000739,-0.000248,0.503760,0.785518,1.264210,1.702462,1.277478,0.004925,3.408924,1.482053,2.607698,2.679541,0.010402,1.974643,2.204025,0.009436,1.321614,1.514913,0.997838,0.285531,0.000415,-0.000229
5.887885,4.839940,-1.256161,0.007972,0.008958,0.007643,0.007643,0.007972,0.008958,0.008958,1.266511,2.054576,0.000081,-0.001234,0.793080,0.915054,1.351005,1.746189,1.252993,0.005892,3.375097,1.582246,2.593523,2.645070,0.010724,2.039721,2.220778,0.009436,1.313882,1.544553,0.969166,0.434694,0.001704,0.000093
7.593931,5.109602,-1.234790,0.007972,0.009287,0.008300,0.008300,0.007972,0.007643,0.007972,1.243168,2.032220,0.000081,-0.000905,0.849300,1.012371,1.419390,1.792546,1.229797,0.005570,3.356089,1.631859,2.532312,2.574515,0.011369,1.941460,2.192105,0.009436,1.310661,1.607375,0.893457,0.174384,-0.003773,-0.000551
4.843622,8.113998,-1.259777,0.007972,0.007972,0.007972,0.008300,0.007972,0.006985,0.006985,1.268155,2.048987,0.000410,0.000739,1.003494,1.091276,1.482185,1.812601,1.242362,0.005248,3.365754,1.657633,2.478188,2.478832,0.010724,1.971422,2.259115,0.009114,1.234630,1.567426,0.906666,0.557761,0.002992,0.226575
6.090889,4.328969,-1.414629,0.008300,0.009615,0.007972,0.007314,0.006985,0.008300,0.008958,1.423664,2.043398,0.000410,0.000739,1.090947,1.141578,1.505528,1.816546,1.260081,0.004925,3.326127,1.706924,2.377994,2.351577,0.010402,1.914721,2.250095,0.009436,1.214978,1.549385,0.827413,0.479152,0.001704,0.240428
6.160135,5.360489,-1.237092,0.007314,0.007643,0.007314,0.008629,0.007314,0.007643,0.007643,1.244483,1.904985,0.000410,-0.000576,1.160647,1.244483,1.491720,1.800436,1.227864,0.005570,3.328705,1.793586,2.364141,2.185339,0.008147,1.761370,2.224966,0.007181,1.205957,1.544553,0.786498,0.412786,0.000415,0.235273
5.206814,6.480023,-1.148652,0.008300,0.007643,0.007972,0.007314,0.006985,0.007314,0.006985,1.156044,1.856985,0.001067,0.328196,1.469034,1.327005,1.684709,1.852382,1.212078,0.005892,3.333537,1.800674,2.343523,2.076448,0.008469,1.553895,2.248806,0.009436,1.187594,1.542297,0.793586,0.531665,0.002026,0.397645
6.508877,4.215216,-1.318956,0.003698,0.008958,0.008300,0.007972,0.163810,0.007314,0.008300,1.324704,1.951671,0.073726,0.437348,1.542350,1.466733,1.804053,1.903013,1.175996,0.006214,3.311308,1.938561,2.232376,1.894102,0.007181,1.522968,2.263303,0.010080,1.212078,1.566138,0.734629,0.617683,0.002348,0.416008
5.315171,6.881656,-1.264380,0.157234,0.035917,0.008958,0.305511,0.223646,0.011588,0.011259,1.276045,1.854355,0.190112,0.536309,1.576871,1.552542,1.916821,1.898081,1.200480,0.005570,3.308086,2.023290,2.190816,1.773934,0.007181,1.143779,2.286822,0.009758,1.214655,1.616718,0.809372,0.656665,0.002992,0.456601
6.095995,4.402900,-1.355121,0.301894,0.068137,0.012246,0.756586,0.270003,0.011588,0.011588,1.367773,1.980274,0.338388,0.575761,1.715942,1.677476,1.977973,1.919123,1.185661,0.006858,3.289401,2.010726,2.077736,1.649579,0.007181,1.124127,2.324515,0.010402,1.221421,1.586756,0.776189,0.716588,0.003315,0.502348
6.291329,5.184250,-1.257147,0.517897,0.318004,0.013561,0.902232,0.300579,0.012903,0.012903,1.271771,1.855998,0.524802,0.686886,1.817532,1.716928,2.027946,1.895122,1.253960,0.005570,3.317751,2.074515,2.086757,1.656666,0.006536,1.095454,2.370585,0.010724,1.193393,1.651512,0.799385,0.708534,0.002670,0.453379
6.234495,5.599176,-1.294956,0.798998,0.860149,0.386389,1.076810,0.418937,0.242715,0.017177,1.367115,1.947726,0.665516,0.849957,1.903341,1.843505,2.083179,1.912547,1.264913,0.005570,3.323872,2.100932,2.066138,1.591267,0.007181,1.112207,2.454992,0.010402,1.242040,1.659243,0.827735,0.764913,0.002670,0.522323
6.353105,5.882299,-1.194351,1.193853,1.335224,0.795381,1.300046,0.605022,0.495870,0.023095,1.356266,2.058193,0.775655,0.890725,1.927999,1.933917,2.216989,1.938520,1.300351,0.005248,3.328060,2.168587,2.001061,1.550674,0.006858,1.129604,2.534889,0.010080,1.253637,1.679218,0.865751,0.959501,0.004281,0.961111
5.811643,6.157107,-0.992484,1.460158,1.554844,1.061029,1.546953,0.693133,0.598118,0.026383,1.386513,2.152221,0.885793,0.986398,2.049645,2.021370,2.307401,2.001973,1.339656,0.005892,3.305831,2.230765,1.917620,1.503960,0.007181,1.125738,2.558407,0.011369,1.183405,1.673741,0.854797,1.025544,0.004281,0.999449
5.953547,6.584269,-0.810673,1.575885,1.762299,1.274730,1.755723,0.985411,0.855218,0.030986,1.489418,2.192003,1.109029,1.146181,2.133810,2.161427,2.394526,2.027946,1.436627,0.006858,3.304220,2.277157,1.941138,1.495261,0.006858,1.177606,2.655057,0.011369,1.174385,1.679218,0.931150,1.043586,0.004603,1.122194
5.973649,6.774946,-0.692314,1.667941,2.051617,1.542350,2.051946,1.225743,1.041302,0.034602,1.548926,2.308059,1.345745,1.283936,2.231126,2.323511,2.484609,2.115728,1.467877,0.007503,3.315174,2.323871,2.012659,1.492362,0.006858,1.173096,2.714979,0.011047,1.142490,1.751705,0.975609,1.099320,0.004281,1.229153
5.721732,6.826484,-0.440474,1.735997,2.196277,1.602844,2.187400,1.647229,1.196811,0.076685,1.572597,2.389265,1.513090,1.467719,2.336004,2.391896,2.586857,2.211400,1.492684,0.179217,3.361888,2.327092,2.044875,1.507504,0.006536,1.090944,2.757505,0.009758,1.174707,1.751061,0.992361,1.258148,0.004925,1.381859
5.776172,6.983312,-0.379980,1.677147,2.218962,1.749476,2.188715,1.818847,1.297744,0.238112,1.611064,2.453705,1.639996,1.646900,2.385649,2.415238,2.670036,2.329758,1.477220,0.314526,3.380251,2.406989,2.072582,1.486241,0.005892,1.079346,2.780057,0.012657,1.239784,1.774901,0.997194,1.466266,0.225931,1.483341
5.642544,7.568834,-0.527928,1.829697,2.342909,1.919451,2.305100,1.905972,1.375334,0.397567,1.789258,2.588172,1.797806,1.764271,2.463568,2.464883,2.725927,2.349484,1.503960,0.619616,3.391527,2.457569,2.102865,1.509437,0.006214,1.084823,2.813240,0.011691,1.386692,1.804218,1.043264,1.529733,0.504603,1.564527
5.815797,7.835566,-0.504914,2.079234,2.587843,2.114413,2.346196,2.069700,1.477582,0.566227,1.930958,2.695023,2.005918,1.952000,2.530308,2.514527,2.765380,2.414252,1.573225,0.954990,3.405702,2.542621,2.123806,1.588045,0.006214,1.117039,2.853188,0.012657,1.465300,1.890558,1.089333,1.695648,0.645067,1.598676
5.764310,7.970464,-0.487818,2.191016,2.683844,2.197263,2.340279,2.175235,1.629475,0.576090,1.998356,2.745982,2.161098,2.119015,2.628940,2.548391,2.845928,2.436280,1.769102,1.035532,3.412146,2.558085,2.151834,1.594166,0.007181,1.087722,2.906024,0.013302,1.522001,1.922775,1.100931,1.706602,0.743006,1.671808
5.780757,8.142972,-0.486831,2.241318,2.693707,2.333374,2.426088,2.235072,1.787614,0.619488,2.095673,2.792668,2.283072,2.169646,2.582583,2.578966,2.865983,2.492500,1.791653,1.129282,3.419556,2.598678,2.205314,1.612207,0.007181,1.082568,2.909567,0.011691,1.573548,1.945971,1.143457,1.799063,0.876060,1.791976
5.855715,9.272608,-0.580203,2.252825,2.704557,2.411293,2.503349,2.381375,1.975014,0.602721,2.302799,2.846915,2.386635,2.281757,2.668721,2.662474,2.946204,2.557596,1.869940,1.372839,3.424388,2.657956,2.259115,1.737530,0.007503,1.079346,2.949838,0.012335,1.774579,2.078703,1.214978,1.848355,0.951124,2.002672
6.481769,9.208353,-0.777138,2.354416,2.810092,2.507623,2.622693,2.485924,2.082851,0.667160,2.580281,3.013930,2.482308,2.400772,2.701269,2.725598,2.955080,2.658858,1.866718,1.566138,3.421166,2.683407,2.289721,1.830958,0.007825,1.064849,2.950160,0.012980,1.843844,2.152479,1.207568,1.918909,1.178251,2.108020
5.787997,9.898073,-0.772864,2.636173,2.923518,2.629597,2.703571,2.593432,2.313648,0.746065,2.705872,3.069164,2.595076,2.603624,2.797599,2.778859,3.012615,2.747626,1.965301,1.750094,3.450161,2.772003,2.290043,1.897001,0.432116,1.135081,3.014916,0.013946,1.910210,2.233020,1.234630,1.917620,1.383470,2.223677
6.507250,10.086895,-0.604532,2.751571,2.984670,2.828832,2.753544,2.697324,2.500390,0.859820,2.835737,3.132946,2.640775,2.796613,2.853161,2.832449,3.107630,2.867956,1.991396,1.839012,3.467558,2.834825,2.318716,1.985919,0.831279,1.280377,3.052609,0.013302,2.079991,2.298742,1.339978,2.019746,1.733664,2.374773
5.982909,10.261912,-0.511160,2.864011,3.105329,2.961327,2.839682,2.778859,2.593104,1.245798,2.960998,3.178316,2.707187,2.886039,2.974149,2.876175,3.179631,2.996834,2.096422,2.008149,3.503963,2.899258,2.369296,2.171809,1.105764,1.424385,3.135083,0.013624,2.161177,2.353832,1.424707,2.144747,1.832891,2.454348
6.112639,10.212168,-0.450995,3.047465,3.196727,3.122096,2.954094,2.908724,2.703571,1.560433,3.013930,3.226316,2.820284,2.971519,3.089548,2.941272,3.219084,3.099411,2.175030,2.194038,3.536824,2.977544,2.517814,2.245262,1.331601,1.553251,3.196939,0.404088,2.268136,2.432440,1.620906,2.176963,1.950481,2.551319
6.060809,10.399425,-0.410556,3.121110,3.231906,3.148727,2.994533,2.986642,2.819627,1.815888,3.049438,3.275961,2.890313,2.999793,3.161877,2.991574,3.282865,3.171083,2.176319,2.314528,3.551321,3.000740,2.553575,2.301319,1.705957,1.528767,3.206926,0.442426,2.264914,2.521036,1.672774,2.298420,2.099643,2.681474
6.270367,9.931568,-0.336911,3.177658,3.299961,3.201001,3.039575,3.017547,2.873545,1.926355,3.102041,3.297989,2.928450,3.038259,3.228947,3.032013,3.301934,3.212179,2.212401,2.468523,3.561953,3.056153,2.593201,2.370907,2.013303,1.562272,3.271037,0.557116,2.339979,2.520391,1.819037,2.338368,2.272002,2.776835
6.218134,10.427916,-0.333952,3.245385,3.379195,3.309496,3.117493,3.116836,2.957053,2.163728,3.196070,3.355523,2.994204,3.088890,3.290098,3.065219,3.372948,3.260837,2.229154,2.468845,3.577095,3.202416,2.677286,2.496551,2.373162,1.590622,3.306798,0.662142,2.417943,2.622518,2.066138,2.400546,2.406667,2.916011
6.318131,10.145403,-0.305677,3.311139,3.442976,3.324290,3.122096,3.199686,3.089219,2.284387,3.246043,3.392346,3.076726,3.188179,3.381168,3.105658,3.435086,3.315742,2.267169,2.621551,3.604156,3.214014,2.772647,2.590301,2.635405,1.654089,3.326772,0.921163,2.533600,2.654090,2.113497,2.452092,2.505894,2.999774
6.224413,11.227090,-0.188634,3.347962,3.510375,3.412401,3.201001,3.242097,3.170754,2.495130,3.268070,3.410757,3.192453,3.228947,3.466319,3.140507,3.491963,3.378866,2.296809,2.691139,3.635729,3.270715,2.872841,2.723356,2.832892,1.748483,3.396360,1.085467,2.620907,2.748485,2.260082,2.581925,2.567428,3.041977
5.870009,10.874205,-0.147867,3.382811,3.540293,3.518265,3.222371,3.314427,3.246043,2.599021,3.309496,3.416675,3.315413,3.279906,3.544895,3.196727,3.543909,3.417332,2.369940,2.757827,3.652481,3.300999,2.950482,2.800675,2.994941,1.873483,3.438241,1.228831,2.657956,2.862853,2.280700,2.725289,2.719490,3.090947
5.863694,11.685181,-0.106441,3.429168,3.606376,3.571855,3.240782,3.347633,3.334153,2.752886,3.349606,3.464347,3.413058,3.303578,3.589937,3.240782,3.598814,3.449552,2.399579,2.804541,3.658602,3.359955,3.027802,2.863176,3.092880,1.983020,3.477545,1.521679,2.792621,2.954026,2.386371,2.846101,2.809696,3.128962
5.869092,11.398415,-0.041344,3.478484,3.656678,3.607362,3.288454,3.402538,3.397606,2.916614,3.355852,3.514649,3.494265,3.370647,3.640897,3.310153,3.657335,3.509717,2.454670,2.847712,3.676322,3.406025,3.091591,2.946616,3.194684,2.070649,3.552288,1.793586,2.848678,3.018459,2.437595,2.901513,3.011694,3.212725
6.111043,11.597552,-0.020960,3.509059,3.693829,3.648458,3.304893,3.439360,3.454483,2.968889,3.374592,3.538320,3.507744,3.380510,3.671143,3.350592,3.672130,3.543580,2.562595,2.896359,3.722391,3.428576,3.140238,2.981732,3.330638,2.156667,3.570651,1.922775,2.932763,3.026191,2.454348,2.975611,3.057119,3.286179
5.775256,10.800459,-0.024906,3.540950,3.701719,3.701719,3.329551,3.489333,3.492292,3.056342,3.414373,3.555745,3.520238,3.433442,3.737884,3.369989,3.692185,3.591910,2.654090,2.923743,3.776515,3.428576,3.191140,3.069362,3.454994,2.195649,3.615754,2.043587,2.983988,3.106411,2.566461,3.091913,3.121874,3.315174
6.332093,11.111331,0.021123,3.589608,3.745774,3.721117,3.349277,3.555087,3.575471,3.084945,3.412401,3.576457,3.571197,3.481114,3.781939,3.416675,3.736240,3.637609,2.671809,2.990753,3.805832,3.484311,3.228511,3.147648,3.529414,2.154734,3.636373,2.108986,3.049387,3.133150,2.566461,3.145715,3.113498,3.391849
5.907671,10.590471,0.028356,3.676404,3.774049,3.791145,3.402538,3.635965,3.649116,3.172398,3.451525,3.605718,3.627417,3.540621,3.818762,3.462045,3.802323,3.685281,2.703381,3.094813,3.830317,3.569363,3.319684,3.229156,3.666012,2.166976,3.685987,2.241074,3.159568,3.216913,2.611564,3.182764,3.175998,3.508151
6.583430,10.929175,0.072740,3.724076,3.826981,3.836844,3.416675,3.691198,3.669171,3.215796,3.485388,3.630705,3.670157,3.588293,3.860187,3.502484,3.848022,3.728021,2.697582,3.213692,3.841270,3.626708,3.405380,3.274259,3.738500,2.307440,3.716592,2.269747,3.216269,3.303576,2.670521,3.293589,3.232055,3.567752
6.759457,10.870751,0.119754,3.776350,3.886160,3.878269,3.480456,3.721445,3.720788,3.234536,3.501826,3.649773,3.716514,3.648129,3.892735,3.545882,3.871365,3.764843,2.594490,3.325805,3.861889,3.643138,3.483344,3.332893,3.832250,2.327737,3.753641,2.430830,3.277480,3.362854,2.695005,3.408924,3.242042,3.576772
6.633603,10.990034,0.146385,3.840789,3.979859,3.915749,3.542594,3.775364,3.781939,3.327907,3.559690,3.677719,3.752350,3.741172,3.925941,3.626759,3.919694,3.807255,2.726577,3.433086,3.889595,3.741399,3.522326,3.439852,3.926322,2.541332,3.784247,2.552930,3.353834,3.408280,2.831281,3.494298,3.343202,3.644427
5.167360,11.914457,0.160522,3.849666,4.006818,3.925612,3.576457,3.790816,3.839145,3.393003,3.574485,3.689555,3.769446,3.767145,3.953229,3.653061,3.938763,3.829282,2.776513,3.502996,3.901838,3.780059,3.552288,3.492687,3.957894,2.640559,3.812276,2.670521,3.384439,3.505896,2.919555,3.572584,3.437275,3.706927
7.407388,10.606075,0.175646,3.859529,4.002544,3.918708,3.551471,3.781282,3.812186,3.389058,3.571855,3.698760,3.767802,3.748076,3.951914,3.645499,3.941393,3.823036,2.837080,3.493331,3.901515,3.783603,3.583216,3.504607,3.955961,2.668588,3.822585,2.733665,3.392494,3.558731,3.012338,3.589659,3.466592,3.761051
4.469902,13.357044,0.253236,3.876625,4.044627,3.944681,3.584348,3.803967,3.850652,3.433442,3.548841,3.705993,3.789830,3.801337,3.996955,3.668513,3.955530,3.846378,2.890882,3.545522,3.914724,3.810987,3.593525,3.511051,3.948229,2.673742,3.830961,2.777480,3.413434,3.578705,3.043588,3.610600,3.531025,3.778448
7.205088,10.617277,0.285784,3.909174,4.074545,4.006161,3.681007,3.845063,3.899639,3.457114,3.588293,3.732952,3.815803,3.860187,4.017997,3.714870,3.986435,3.874653,3.025869,3.644105,3.960794,3.853191,3.662468,3.573551,4.001065,2.782312,3.897649,2.818395,3.524582,3.659247,3.118653,3.720136,3.618976,3.826451
3.779235,13.042995,0.323593,3.949284,4.114984,4.050545,3.754322,3.887146,3.948297,3.547854,3.585005,3.763528,3.839145,3.904899,4.069942,3.769117,4.014051,3.910160,3.082570,3.704028,4.020395,3.927289,3.690175,3.634118,4.056477,2.783279,3.933088,2.925354,3.547777,3.696940,3.168266,3.783281,3.700484,3.839660
8.593235,10.975821,0.258825,3.997284,4.140299,4.088025,3.816131,3.933831,3.984462,3.596184,3.683966,3.816460,3.901612,3.952900,4.107751,3.791802,4.027860,3.950599,3.230766,3.760729,4.063243,4.001709,3.755574,3.675677,4.109635,2.849645,3.994943,3.041977,3.629930,3.745587,3.201449,3.869299,3.756219,3.885085
3.095041,13.741951,0.276250,4.046928,4.187314,4.121888,3.852954,3.996298,4.034764,3.711253,3.711911,3.851310,3.941393,4.001229,4.170546,3.855913,4.048572,3.989722,3.279091,3.800033,4.095137,4.037792,3.818397,3.705316,4.137985,2.761693,4.039080,3.047776,3.678899,3.769105,3.206604,3.887984,3.812598,3.893139
5.608619,9.827965,0.244359,4.100847,4.238602,4.186327,3.940407,4.072573,4.133724,3.805939,3.825008,3.969339,4.041339,4.094929,4.233013,3.952900,4.092299,4.055477,3.405380,3.947263,4.152483,4.101258,3.896683,3.769750,4.204351,3.010727,4.135730,3.074194,3.842559,3.847392,3.300999,3.970137,3.914402,3.981735
1.925813,7.908416,0.258167,4.159368,4.286274,4.223807,4.011421,4.143587,4.218547,3.890762,3.884844,4.013394,4.093614,4.151478,4.277726,4.025887,4.155094,4.107751,3.572906,4.010085,4.217560,4.146361,3.959827,3.822585,4.236246,3.063885,4.194686,3.263305,3.906992,3.864466,3.415045,4.022005,3.998165,4.047134
