90.423425,38.075146,2.070357,1.669256,3.281550,2.751242,3.325277,0.093124,0.619159,2.847572,0.092466,1.776107,0.708914,1.176428,2.290963,2.537541,2.606254,2.798914,0.429217,0.000737,0.303250,0.600609,0.304861,0.248482,0.000737,0.415042,0.002026,0.000415,1.680184,1.618973,0.581923,0.319036,0.001059,3.819041
90.163711,39.379268,2.153208,1.716599,3.318372,2.846257,3.438374,0.330169,0.751983,2.934368,0.096740,1.967781,0.888095,1.453582,2.375786,2.777873,2.834750,2.934039,0.432438,0.000737,0.364462,0.609629,0.297451,0.241072,0.000093,0.406665,0.000737,-0.001196,1.742362,1.624772,0.598676,0.698225,0.003315,3.771038
88.451533,39.371303,2.249209,1.927013,3.384455,3.031684,3.540950,0.503431,1.175113,3.127356,0.106275,2.241976,1.058399,1.710024,2.570418,2.993875,3.020506,3.028068,0.394745,-0.000229,0.380570,0.575480,0.255248,0.232374,0.000093,0.414075,0.001382,-0.000874,1.802607,1.591589,0.612851,0.822258,0.000093,3.700806
87.325659,38.865948,2.430362,2.150906,3.453168,3.204289,3.637938,0.743435,1.327334,3.254262,0.113836,2.374799,1.351663,1.787285,2.827189,3.077054,3.187850,3.145439,0.431150,-0.000551,0.387335,0.590622,0.292941,0.248804,0.000415,0.416652,0.001704,-0.000874,1.981087,1.707568,0.529088,1.244295,0.004281,3.638628
88.459293,36.837210,2.590802,2.151893,3.491635,3.430812,3.699089,1.111331,1.462459,3.293715,0.119754,2.445814,1.506514,1.958246,2.918916,3.170425,3.215467,3.199686,0.416975,-0.000874,0.402799,0.607374,0.316137,0.263946,0.000093,0.414719,0.002026,-0.000229,2.138625,1.868007,0.451124,1.396357,0.005248,3.532313
89.140645,37.580746,2.621707,2.267291,3.563635,3.563635,3.732952,1.372047,1.638023,3.318701,0.123700,2.552665,1.641968,2.073974,3.047465,3.216453,3.307523,3.261824,0.423418,0.000415,0.403444,0.626382,0.338366,0.286498,0.000093,0.416330,0.001704,0.000415,2.321293,2.095133,0.475609,1.618006,0.005570,3.453383
90.474508,37.366584,2.654255,2.261702,3.628732,3.616896,3.777665,1.430239,1.713312,3.389387,0.127974,2.677926,1.781039,2.217318,3.116836,3.244728,3.382154,3.324290,0.433405,-0.000551,0.402799,0.637980,0.373160,0.327735,0.000093,0.412786,0.000093,-0.000229,2.499773,2.272646,0.656343,1.792942,0.273289,3.411179
90.474508,37.366584,2.681214,2.319566,3.646157,3.719473,3.830269,1.471336,1.678133,3.406812,0.129617,2.755188,2.022028,2.348498,3.117493,3.260837,3.438702,3.383798,0.433083,-0.000229,0.407310,0.661176,0.394101,0.357374,-0.000229,0.413753,0.002026,-0.000229,2.653124,2.456281,1.027477,2.261370,0.559694,3.373164
90.591106,37.830500,2.737763,2.323182,3.666541,3.767473,3.856570,1.475939,1.841532,3.468292,0.134878,2.804503,2.173920,2.394197,3.174371,3.269714,3.489333,3.415688,0.434371,-0.000551,0.388302,0.726575,0.403121,0.362851,0.000093,0.411498,0.001382,-0.000229,2.731732,2.558407,1.127993,2.594490,1.002026,3.354478
88.711739,37.489940,2.821271,2.494143,3.717829,3.856241,3.904242,1.560762,1.784984,3.538978,0.134878,2.951464,2.479677,2.573706,3.288125,3.286482,3.588951,3.500183,0.439526,-0.000551,0.382181,0.744616,0.406987,0.362206,-0.000229,0.412142,0.001382,-0.000229,2.934696,2.613497,1.151511,2.667621,1.442104,3.309053
86.648991,38.294112,2.866970,2.539843,3.777665,3.950599,3.924626,1.599228,2.044384,3.598814,0.137837,2.992560,2.568774,2.661159,3.354537,3.321002,3.664568,3.561663,0.472387,-0.000551,0.390235,0.810982,0.456601,0.389913,0.059693,0.430505,0.002348,0.000093,3.015560,2.740431,1.415364,2.849645,1.673097,3.223679
83.973128,38.074850,2.958039,2.619076,3.858872,4.068627,3.964407,1.695558,2.105865,3.677390,0.141782,3.025766,2.713763,2.768996,3.493278,3.397935,3.726706,3.665883,0.537142,0.000415,0.405054,0.897967,0.513624,0.435660,0.193392,0.421163,0.002026,0.502670,3.107377,2.876707,1.972710,3.041977,2.074837,3.167300
83.279370,41.195133,2.746311,2.718365,3.910160,4.130765,3.989722,1.776436,2.254469,3.730651,0.526774,3.094808,2.849874,2.883080,3.570868,3.448894,3.794433,3.733610,0.583856,0.000093,0.448225,1.013302,0.654732,0.539397,0.388946,0.472065,0.117683,0.824836,3.281024,3.048421,2.169553,3.199839,2.342556,3.201127
79.818138,50.560251,2.832120,2.834421,3.919037,4.175149,3.987092,1.812601,2.426745,3.791802,0.608310,3.102699,2.887682,2.912998,3.601773,3.515306,3.812186,3.787528,0.619939,0.000093,0.483341,1.164076,0.759758,0.656343,0.556472,0.525222,0.664075,1.568071,3.526192,3.241720,2.549386,3.341269,2.639271,3.262017
79.818138,50.560251,2.688447,2.845600,3.981832,4.197505,3.984133,1.849752,2.439896,3.809885,0.763161,3.137548,2.909710,2.923518,3.627417,3.524840,3.821720,3.814488,0.695647,0.000415,0.508469,1.235918,0.827735,0.692426,0.781021,0.638946,1.098354,1.989463,3.698229,3.287790,2.783601,3.486888,2.950160,3.240431
77.661554,52.846526,2.513870,2.904450,4.004517,4.220191,3.989722,1.910903,2.457321,3.821392,0.914396,3.118480,2.940286,2.942587,3.651417,3.542265,3.829611,3.843748,0.760403,0.000415,0.580312,1.138624,0.903122,0.727220,1.004282,0.707245,1.357052,2.183729,3.778448,3.326450,2.897647,3.551321,3.235277,3.273937
72.376946,53.602182,2.377101,2.983684,4.028189,4.242876,3.978873,2.120331,2.520445,3.807912,1.037686,3.183247,2.997492,2.998807,3.676075,3.549498,3.843091,3.844734,0.821292,0.000093,0.611884,1.002349,1.001704,0.816459,1.195003,0.771678,1.610274,2.360597,3.910214,3.459504,3.056475,3.634440,3.593203,3.288112
72.376946,53.602182,2.164715,3.034314,4.053833,4.284958,3.977887,2.410307,2.614474,3.811529,1.234620,3.224673,3.046479,3.005054,3.691856,3.559033,3.857885,3.884844,0.877026,0.000415,0.709178,1.039398,1.132825,0.956601,1.451447,0.872194,2.060661,2.657634,4.011374,3.546489,3.234955,3.851258,3.868010,3.462404
70.248190,54.543013,1.839889,3.075082,4.069942,4.308301,3.979530,2.566473,2.797270,3.844734,1.682736,3.235522,3.097438,3.003410,3.687253,3.577444,3.872680,3.904571,0.932117,-0.000229,0.880248,1.114462,1.250416,1.131215,1.722710,1.034565,2.233986,2.971423,4.098037,3.714015,3.351901,4.007508,4.079995,3.594169
69.168568,57.672530,1.537748,3.130644,4.125833,4.352028,3.984791,2.790366,2.913327,3.848680,2.044713,3.291742,3.174042,3.026095,3.734267,3.591252,3.890105,3.925612,1.048740,-0.000229,1.023611,1.298418,1.392491,1.343844,2.004283,1.153122,2.325159,3.213692,4.163436,3.858667,3.503963,4.158926,4.259764,3.806154
69.168568,57.672530,1.230675,3.200015,4.150491,4.378658,3.992024,2.880449,2.998478,3.809556,2.388608,3.308180,3.238481,3.070150,3.743802,3.598485,3.899639,3.952242,1.163109,0.000093,1.125738,1.475287,1.585145,1.477220,2.195327,1.298096,2.797132,3.465303,4.245911,3.943397,3.630252,4.245911,4.368334,4.005575
72.015532,60.578567,0.859492,3.216782,4.182053,4.399042,4.012736,2.988944,2.991903,3.797720,2.734146,3.376565,3.232892,3.042205,3.759254,3.596184,3.906543,3.953558,1.201125,0.000415,1.200480,1.578058,1.695970,1.582890,2.377672,1.473032,2.964013,3.545522,4.273939,4.011052,3.751064,4.290692,4.452741,4.131864
73.070797,60.946344,0.796696,3.321989,4.217560,4.428631,4.046271,3.100726,3.031355,3.854926,2.903792,3.481771,3.327578,3.120781,3.817775,3.612293,3.936461,3.994983,1.221743,-0.000551,1.288109,1.402156,1.780055,1.611241,2.548098,1.503638,3.035534,3.539401,4.280382,4.020072,3.764595,4.305189,4.458218,4.203063
73.114877,61.454519,0.478445,3.418647,4.279041,4.455262,4.098874,3.244728,3.150370,3.881886,3.270372,3.635965,3.432127,3.221714,3.867091,3.656020,3.980517,4.039696,1.308406,0.000737,1.341911,1.325802,1.909888,1.717878,2.646358,1.623161,3.210148,3.602223,4.304867,4.053578,3.844170,4.354803,4.493656,4.299390
73.114877,61.454519,0.308141,3.533388,4.329014,4.489783,4.145560,3.412401,3.346975,3.922982,3.494922,3.764186,3.489662,3.331194,3.969996,3.684623,4.022599,4.096902,1.469166,0.110596,1.464011,1.633148,2.081924,1.857375,2.897647,1.731731,3.452416,3.713371,4.358024,4.117366,3.966271,4.421169,4.584185,4.378321
74.617265,63.228237,0.132905,3.651088,4.362220,4.511482,4.204738,3.527799,3.495909,3.947311,3.700404,3.860187,3.552786,3.495909,4.035093,3.739528,4.098545,4.123532,1.650867,0.259436,1.619617,1.828058,2.228510,1.981731,3.044555,1.802929,3.639595,3.810343,4.423102,4.191465,4.085150,4.464017,4.628644,4.463050
74.617265,63.228237,0.086219,3.766158,4.382603,4.529893,4.250438,3.614924,3.640239,4.000901,3.817118,3.917722,3.655034,3.598485,4.095587,3.806597,4.154437,4.158053,1.868973,0.542297,1.811306,2.044875,2.416976,2.116074,3.142171,1.921808,3.861889,3.965949,4.460473,4.263952,4.191142,4.506865,4.659250,4.497844
72.614147,62.275258,0.060575,3.832570,4.386877,4.529235,4.273452,3.667856,3.728350,4.018654,3.893393,3.956188,3.690870,3.638266,4.113340,3.826981,4.182711,4.162985,2.081602,0.873805,2.004283,2.252994,2.526513,2.223999,3.155380,1.898934,4.037469,4.079351,4.497522,4.319042,4.253965,4.530061,4.662471,4.494623
72.421934,66.019645,0.016520,3.815145,4.378329,4.525290,4.285616,3.685281,3.750377,4.034764,3.951256,3.978544,3.736240,3.671143,4.145560,3.844077,4.218876,4.178108,2.117040,1.319037,2.015236,2.512015,2.542299,2.269102,3.102222,1.826125,4.166980,4.132830,4.510409,4.338372,4.316143,4.555512,4.663116,4.456607
72.421934,66.019645,0.013890,3.840789,4.384905,4.539098,4.329671,3.799364,3.849666,4.056463,3.976243,4.064353,3.826652,3.789830,4.209012,3.901283,4.278054,4.244191,1.955313,1.626383,1.830635,2.532312,2.270391,2.148935,2.813562,1.898934,4.057444,4.028771,4.485924,4.355125,4.364790,4.479159,4.583218,4.428579
73.623494,61.648892,0.009615,3.892735,4.398384,4.566386,4.387864,3.901283,3.989722,4.078162,4.048244,4.130765,3.957832,3.923968,4.266876,3.989065,4.343151,4.327041,2.012337,1.939205,1.768135,2.578381,2.260082,2.141525,2.341912,2.026512,3.791335,3.922778,4.481736,4.445976,4.429223,4.583541,4.548747,4.525229
74.069670,60.025244,-0.009125,4.033778,4.451645,4.581838,4.439152,4.011750,4.186985,4.178108,4.158053,4.259314,4.108409,4.098545,4.352685,4.120573,4.411535,4.430933,2.198870,2.023935,2.088368,2.630572,2.401190,2.145391,2.048741,2.080958,3.533280,4.024261,4.488824,4.519752,4.480770,4.629288,4.628966,4.595139
74.069670,60.025244,-0.013399,4.153121,4.448358,4.580195,4.470385,4.141943,4.298438,4.253725,4.217560,4.361891,4.197505,4.192245,4.415809,4.236958,4.472358,4.479920,2.321938,2.098033,2.158922,2.594490,2.466590,2.097710,2.032955,2.098033,3.408924,4.010407,4.472393,4.549391,4.506221,4.650873,4.674714,4.591595
30.987279,16.766267,-0.030824,4.198492,4.422056,4.563756,4.496029,4.227424,4.354658,4.300739,4.257013,4.409891,4.262931,4.257342,4.447042,4.288575,4.513125,4.505235,2.391203,2.031344,2.185017,2.463046,2.439206,2.034888,1.953703,2.105120,3.176965,3.896361,4.437599,4.540692,4.493656,4.648940,4.691144,4.585796
-2.933558,-6.654436,-0.033454,4.166601,4.378001,4.520687,4.484522,4.222492,4.361233,4.298109,4.243862,4.405289,4.259314,4.256027,4.447371,4.259972,4.492413,4.498988,2.408600,1.979798,2.178896,2.337079,2.402479,1.954347,1.946615,2.100932,2.952738,3.783925,4.410537,4.527162,4.475615,4.634765,4.689855,4.572909
-2.933558,-6.654436,-0.034769,4.196848,4.356959,4.445399,4.429618,4.112025,4.372083,4.283643,4.254383,4.324082,4.146217,4.202108,4.429946,4.269177,4.479262,4.460193,2.390237,1.918264,2.144102,2.216590,2.319038,1.763947,1.881860,2.064527,2.759116,3.683087,4.374133,4.505254,4.444687,4.610925,4.669559,4.539726
-42.551563,-16.193282,0.161180,4.229067,4.336904,4.333945,4.368466,3.983147,4.396083,4.264246,4.071257,4.144573,4.070271,4.160354,4.427974,4.360905,4.516084,4.486495,2.330636,1.869940,2.098999,2.118007,2.261370,1.558728,1.800030,2.031989,2.593845,3.593525,4.338050,4.487535,4.419236,4.591595,4.656350,4.502033
-51.397523,-18.584828,0.073069,4.365836,4.458221,4.421398,4.307644,3.968023,4.431919,4.381288,4.309288,4.271479,4.141943,4.157724,4.486495,4.455262,4.600250,4.586441,2.287144,1.813561,2.072904,2.001705,2.189528,1.455635,1.725287,1.984630,2.361886,3.488499,4.304545,4.464017,4.389597,4.571298,4.646041,4.460795
-51.397523,-18.584828,0.077343,4.407919,4.486495,4.449344,4.233341,3.937777,4.444741,4.388193,4.345781,4.275753,4.126162,4.128792,4.505892,4.477947,4.625565,4.612743,2.242685,1.752027,2.031989,1.916654,2.106087,1.360918,1.710146,1.945971,2.114785,3.389594,4.272006,4.438244,4.360280,4.548424,4.632510,4.416336
-54.779702,-19.273868,0.086219,4.407261,4.500303,4.461508,4.197177,3.911475,4.442768,4.398056,4.352685,4.263917,4.072901,4.103148,4.507865,4.495372,4.636743,4.618661,2.192427,1.714334,1.997195,1.865751,2.024579,1.254282,1.686628,1.918264,2.108342,3.300032,4.236568,4.420202,4.322908,4.523940,4.618012,4.379287
-55.593037,-20.922274,0.096411,4.398384,4.491755,4.444084,4.165615,3.877283,4.434220,4.374055,4.330329,4.243862,4.014709,4.032463,4.504577,4.485180,4.624907,4.603537,2.137337,1.616396,1.935339,1.745906,1.938239,1.097387,1.591589,1.877027,1.986241,3.113820,4.170524,4.389274,4.278449,4.474648,4.597072,4.329029
-55.396320,-23.081490,0.089178,4.384905,4.468741,4.417124,4.117943,3.807255,4.415480,4.349398,4.298109,4.207697,3.959147,3.966708,4.490769,4.470714,4.610113,4.593017,2.099321,1.508792,1.870584,1.652478,1.864785,0.973354,1.515236,1.855764,1.597388,2.895070,4.108346,4.357702,4.215305,4.439855,4.585474,4.273295
-52.974771,-31.575274,0.090494,4.360247,4.459536,4.404631,4.089340,3.778980,4.407261,4.338877,4.284630,4.188957,3.924297,3.944681,4.481563,4.463152,4.600250,4.585455,2.077092,1.368973,1.828058,1.529411,1.817427,0.937593,1.470777,1.824192,1.306473,2.607376,4.063887,4.332895,4.146039,4.396684,4.562600,4.203063
-52.974771,-31.575274,0.096083,4.350713,4.440138,4.387864,4.078819,3.748733,4.389508,4.303698,4.254383,4.159039,3.902927,3.913119,4.479591,4.469728,4.591373,4.572962,2.085146,1.396034,1.856731,1.599321,1.869940,1.038753,1.568393,1.808728,1.413754,2.532956,4.089660,4.356736,4.175679,4.415048,4.570654,4.170846
-49.745657,-38.407302,0.102329,4.333617,4.430275,4.380960,4.074545,3.733939,4.384247,4.301726,4.237287,4.141614,3.883858,3.910160,4.470056,4.461837,4.583154,4.561783,2.132182,1.494617,1.964012,1.874450,2.111886,1.552285,1.705635,1.813561,1.936628,3.075160,4.202096,4.421813,4.285215,4.504288,4.580963,4.193075
-47.062444,-43.848273,0.114494,4.314548,4.406604,4.347096,4.067312,3.689555,4.375370,4.269177,4.200136,4.104792,3.856899,3.872351,4.461837,4.448686,4.565071,4.543044,2.130894,1.606408,1.995262,2.004283,2.243651,1.777800,1.694360,1.787143,1.957891,3.341269,4.229480,4.430512,4.292947,4.520396,4.568399,4.159570
-45.047941,-49.273592,0.129946,4.279369,4.386549,4.327370,4.056463,3.653719,4.360905,4.238602,4.154765,4.066326,3.821720,3.812515,4.452632,4.438166,4.549948,4.519701,2.114141,1.593200,1.971744,2.023612,2.268780,1.832568,1.650223,1.759115,1.894746,3.259439,4.203063,4.420525,4.271684,4.509120,4.556479,4.105124
-46.924171,-53.548273,0.156577,4.252410,4.359589,4.311260,4.004517,3.568896,4.341836,4.199149,4.114326,4.028846,3.758596,3.745446,4.439481,4.425015,4.530879,4.499975,2.096744,1.587723,1.973355,2.038754,2.309695,1.888947,1.628638,1.736241,1.848999,3.283279,4.190498,4.418269,4.257509,4.495911,4.539404,4.054544
-49.799955,-55.700569,0.166769,4.236629,4.348082,4.299753,3.961119,3.497224,4.335260,4.199149,4.091313,3.997284,3.743144,3.722432,4.430275,4.415152,4.523317,4.488139,2.099966,1.611885,2.009437,2.098677,2.412144,2.172775,1.634115,1.723354,1.915043,3.467880,4.235279,4.423424,4.278127,4.522329,4.543592,4.106091
-53.366510,-57.605557,0.173015,4.237287,4.357617,4.301068,3.930872,3.463360,4.335260,4.198821,4.094600,4.033778,3.719473,3.724076,4.435864,4.415152,4.526934,4.490440,2.074192,1.549063,1.991718,2.056473,2.396036,2.128638,1.557761,1.656988,1.806473,3.443396,4.199519,4.397329,4.246877,4.508476,4.525229,4.070652
-53.993909,-52.327672,0.183865,4.228410,4.343808,4.304027,3.855913,3.389716,4.337562,4.185341,4.080134,4.030490,3.706651,3.727363,4.439810,4.414823,4.526934,4.491427,2.052930,1.488174,1.979798,2.047453,2.366396,2.069360,1.454991,1.594488,1.585468,3.393460,4.163114,4.365434,4.202418,4.481736,4.493012,4.000742
-54.927107,-52.885512,0.194714,4.198163,4.330986,4.287917,3.779967,3.345660,4.340192,4.151478,4.061723,4.008791,3.683966,3.728350,4.435207,4.410549,4.524961,4.488796,2.039399,1.445970,1.961757,2.048419,2.340623,2.060017,1.369939,1.548741,1.222710,3.299066,4.120588,4.328385,4.160215,4.463695,4.467561,3.960794
-60.962644,-52.987614,0.205235,4.175807,4.326712,4.283643,3.747090,3.317715,4.328685,4.168245,4.045285,3.994654,3.664568,3.698431,4.432905,4.407590,4.524961,4.482550,2.031989,1.413431,1.944360,2.068071,2.300353,2.099643,1.272967,1.500738,0.794552,3.186630,4.090949,4.297135,4.137985,4.442432,4.428901,3.949196
-60.962644,-52.987614,0.195043,4.164628,4.321123,4.275424,3.701719,3.238810,4.329671,4.163971,4.046600,3.999585,3.661609,3.684294,4.429289,4.403316,4.520358,4.470385,2.001383,1.366395,1.911499,2.088046,2.248162,2.114785,1.132181,1.437916,0.317103,2.942750,4.062920,4.275228,4.119299,4.416336,4.368656,3.900227
-63.322177,-47.493883,0.211153,4.124518,4.291205,4.244191,3.619198,3.082644,4.308301,4.106436,4.013065,3.972955,3.629390,3.655691,4.420083,4.387864,4.516742,4.472358,1.974643,1.314205,1.877349,2.092234,2.183084,2.044231,1.024578,1.370906,0.005248,2.749451,4.058410,4.247199,4.076129,4.381865,4.316465,3.832250
-67.542684,-35.018367,0.230879,4.072573,4.247479,4.197177,3.497552,2.930094,4.268849,4.051202,3.948955,3.949284,3.557389,3.578430,4.406932,4.358932,4.502933,4.460522,1.925996,1.269424,1.825159,2.043909,2.069682,1.855442,0.835145,1.291009,0.005570,2.425031,4.002031,4.166014,4.009119,4.315176,4.207251,3.750742
-69.780709,-32.510341,0.251263,4.016682,4.212300,4.166272,3.441333,2.855792,4.286274,4.021942,3.902927,3.925283,3.494594,3.513991,4.405289,4.339863,4.492413,4.460522,1.853509,1.203380,1.758470,1.992685,1.944682,1.580957,0.633470,1.166009,0.003959,2.185984,3.942430,4.101580,3.908603,4.233024,4.066464,3.673100
-72.023121,-30.043706,0.241400,3.964736,4.178766,4.127806,3.372291,2.804832,4.258657,3.978544,3.878927,3.875968,3.439360,3.464018,4.397398,4.333617,4.486495,4.457234,1.759759,1.180828,1.706280,2.006860,1.854798,1.453058,0.527155,1.085145,0.004603,1.977221,3.888951,4.061632,3.829995,4.169557,3.880252,3.598035
-72.023121,-30.043706,0.247318,3.924297,4.145231,4.094271,3.354208,2.693379,4.228410,3.939420,3.851967,3.812844,3.370976,3.409113,4.390165,4.324082,4.478276,4.453947,1.678573,1.140557,1.676640,2.036821,1.814527,1.386692,0.435660,1.010403,0.003315,1.963368,3.892817,4.037147,3.815819,4.148617,3.776515,3.515561
-74.035956,-33.123661,0.286442,3.861831,4.087038,4.038380,3.242097,2.536226,4.198821,3.896023,3.766158,3.758925,3.312454,3.344016,4.377343,4.304356,4.467426,4.438823,1.603831,1.132825,1.648934,2.075803,1.746872,1.356730,0.356730,0.961434,0.004603,1.838367,3.897972,4.017495,3.797456,4.128642,3.624775,3.446295
-73.828673,-33.565944,0.330826,3.796076,4.023915,3.993668,3.127028,2.355402,4.164957,3.846378,3.685938,3.706979,3.282865,3.271029,4.367809,4.294164,4.458878,4.426659,1.538109,1.111563,1.613496,2.130571,1.688561,1.289720,0.255570,0.915364,0.003637,1.652478,3.841270,3.974003,3.750420,4.089660,3.411824,3.374130
-73.828673,-33.565944,0.396909,3.692514,3.939420,3.901612,2.796284,2.063453,4.114655,3.784241,3.578430,3.608348,3.218755,3.140507,4.337233,4.253725,4.440467,4.400686,1.480764,1.060016,1.565493,2.160211,1.584179,1.177606,0.136047,0.826124,0.003315,1.175996,3.802288,3.911180,3.628319,4.031670,3.172454,3.258795
-73.505933,-35.483556,0.457732,3.613280,3.837173,3.812515,2.496116,1.900054,4.046271,3.700075,3.437387,3.548841,3.147083,3.065219,4.312246,4.201451,4.420083,4.382603,1.394101,1.005892,1.506215,2.152479,1.505248,1.110596,0.065492,0.752671,0.002026,0.797129,3.766850,3.846425,3.537146,3.945652,2.933408,3.088369
-74.384092,-36.206598,0.435047,3.537005,3.682979,3.683637,2.241318,1.621584,3.973284,3.594211,3.366044,3.481443,3.086589,3.008670,4.283315,4.147204,4.383261,4.355973,1.356408,0.953057,1.452091,2.125095,1.435983,1.007181,0.005892,0.684049,0.001382,0.423418,3.697262,3.785858,3.464659,3.847392,2.907312,2.897325
-74.384092,-36.206598,0.476801,3.463360,3.631033,3.579088,2.088769,1.409527,3.932516,3.461388,3.251303,3.425880,3.019191,2.967903,4.252081,4.112683,4.347096,4.338877,1.310983,0.884436,1.401189,2.108664,1.348998,0.958856,-0.000229,0.593199,0.001059,-0.001840,3.628319,3.732701,3.428576,3.777159,2.882505,2.755572
-76.322075,-39.201486,0.510993,3.408127,3.581060,3.505443,1.950685,1.267169,3.863146,3.401880,3.172727,3.355195,2.933710,2.945546,4.239259,4.098874,4.332301,4.330000,1.260403,0.780377,1.339656,2.131216,1.281988,1.019101,0.000415,0.527155,0.001382,-0.001196,3.581927,3.675677,3.384439,3.742043,2.837402,2.645714
-74.742760,-40.088159,0.512966,3.356839,3.523525,3.437059,1.570625,1.097194,3.809227,3.324290,3.094151,3.261824,2.926149,2.800229,4.202108,4.083751,4.304027,4.312904,1.161820,0.626382,1.241395,2.120262,1.261692,1.088367,0.000415,0.480441,0.001704,-0.000874,3.435664,3.557442,3.326450,3.696940,2.858343,2.541010
-78.696468,-46.829015,0.530391,3.246043,3.407469,3.272344,1.400650,0.836806,3.720788,3.213494,2.932395,3.135576,2.767352,2.609871,4.159368,4.040024,4.249122,4.264575,1.082890,0.522967,1.158277,2.138303,1.238174,1.209823,0.000093,0.436627,0.001704,-0.000874,3.261050,3.493009,3.343524,3.642816,2.760083,2.408922
-79.069816,-52.483773,0.540254,3.126370,3.371962,3.208892,0.979822,0.529076,3.617225,3.157932,2.772613,2.966587,2.537870,2.320881,4.096902,3.970654,4.203752,4.216574,0.960789,0.371227,1.083212,2.159244,1.289398,1.466266,0.000093,0.373804,0.001382,-0.000229,3.314852,3.458538,3.274903,3.563564,2.736565,2.337079
-79.069816,-52.483773,0.603049,3.063575,3.323304,3.131630,0.807874,0.417951,3.592238,3.127028,2.617761,2.880449,2.274196,2.206797,4.086052,3.939749,4.162327,4.191259,0.817748,0.188560,0.990106,2.088690,1.402478,1.566782,-0.000229,0.303250,0.000737,-0.000229,3.291334,3.391205,3.189529,3.482056,2.604799,2.229798
-82.878572,-60.038397,0.668146,2.989930,3.191796,3.048451,0.825299,0.309785,3.486045,3.019520,2.438252,2.839024,1.952000,2.160112,4.060408,3.909831,4.122217,4.167916,0.778122,0.158598,1.001382,2.109953,1.447903,1.629282,-0.000551,0.240750,0.000415,-0.000551,3.299066,3.307442,3.154735,3.385084,2.609953,2.128638
-84.508328,-63.453369,0.884807,2.846257,3.087575,2.969218,0.741462,0.192742,3.398921,2.881107,2.130522,2.694694,1.797806,1.938849,4.030490,3.862159,4.086381,4.151149,0.687593,0.123482,0.947258,2.130894,1.508792,1.756860,0.000737,0.189204,0.002026,0.491395,3.422777,3.415045,3.181797,3.379285,2.490108,2.097388
-89.893533,-78.826874,1.047878,2.663789,2.970861,2.855463,0.110549,0.112521,3.324290,2.727571,1.827395,2.598364,1.496322,1.839231,4.002544,3.797063,4.013723,4.103477,0.664075,0.063559,0.926318,2.155378,1.660854,1.927929,-0.001196,0.178895,-0.001196,1.073547,3.560664,3.466592,3.162467,3.372842,2.485920,2.166976
-89.893533,-78.826874,1.046234,2.507952,2.866312,2.676283,0.104302,0.102987,3.112890,2.585542,1.645585,2.464225,1.079111,1.748819,3.907530,3.699089,3.952900,4.045285,0.666653,0.016523,0.923740,2.195004,1.799385,2.012337,-0.000551,0.153766,0.000415,1.167942,3.637662,3.525548,3.167622,3.396037,2.492685,2.403768
-91.274445,-85.236432,1.155386,2.238359,2.593432,2.438252,0.094110,0.092137,2.990588,2.261045,1.206346,2.335018,0.730284,1.518350,3.785884,3.560348,3.867420,3.950927,0.664075,0.016846,0.972709,2.182118,1.948548,2.131860,0.000415,0.174706,-0.000229,1.188882,3.728835,3.694041,3.180509,3.394104,2.438239,2.576448
-91.341885,-90.798479,1.175770,1.793203,2.190688,1.909259,0.076356,0.075041,2.914313,1.437472,0.748038,2.094358,0.585625,1.028480,3.561005,3.350263,3.719473,3.804624,0.629604,0.027155,0.997838,2.051963,1.990752,2.191461,0.000093,0.284887,0.000737,0.868650,3.656669,3.776837,3.194362,3.379285,2.167298,2.887016
-90.922117,-94.010944,0.950561,1.468377,1.796162,1.587392,0.060575,0.061233,2.620063,1.114619,0.465294,1.721531,0.118439,0.878232,3.270372,3.181604,3.558375,3.687911,0.454668,0.000415,0.827735,1.304217,1.577736,1.727865,-0.000551,0.305828,0.001382,-0.000229,3.002673,3.469813,2.398613,2.645392,0.042619,3.052931
-92.061062,-96.384942,1.088974,1.015658,1.301032,1.183332,0.047424,0.046767,2.353101,1.032097,0.048082,1.379937,0.001725,0.635269,3.119466,3.022478,3.426209,3.572841,0.161175,0.000093,0.493006,0.787787,1.042619,1.054217,-0.000229,0.209178,0.000093,0.551317,2.224321,2.709825,0.816137,0.003315,-0.000874,2.924709
-88.500833,-93.540185,0.925575,0.605680,0.995603,0.937082,0.037232,0.037561,2.208770,0.818395,0.037561,0.794066,0.000410,0.249291,2.988286,2.921217,3.313770,3.465333,0.181794,0.000093,0.379281,0.832890,0.845454,0.935660,-0.000229,0.215299,0.001059,-0.000551,1.865429,1.549063,0.531665,0.002348,0.000415,3.230122
-88.500833,-93.540185,0.824642,0.531706,0.678009,0.824971,0.030328,0.031643,2.001973,0.671105,0.032630,0.547816,0.000739,0.000081,2.853161,2.735133,3.195412,3.396620,0.263302,0.000093,0.381536,0.861562,0.898289,0.988495,0.000093,0.237851,0.000093,-0.000874,1.916976,0.875738,0.454346,0.002026,-0.000229,3.459826
-68.087383,-67.997566,0.914725,0.619817,0.851601,1.006453,0.036246,0.036575,2.227510,0.989685,0.036575,0.490938,0.000739,0.000410,2.763078,2.724283,3.154316,3.299632,0.280054,0.000415,0.388302,0.859952,0.919874,1.011369,0.000093,0.262013,0.000415,-0.000874,1.991718,0.940815,0.358018,0.001704,0.001704,3.696618
-32.515374,-42.429402,1.287881,0.650064,0.702996,0.769408,0.042164,0.042493,2.551021,1.676489,0.042821,0.600748,0.000410,-0.000576,2.210085,2.449431,3.068506,3.123740,0.347709,-0.000229,0.388302,1.050029,0.898934,1.039398,0.000093,0.291008,0.000737,0.000093,2.776191,1.057117,0.329023,0.001382,-0.000229,3.844814
3.484788,-15.271398,1.039659,0.022438,0.290716,0.022766,0.023095,0.023095,1.916164,1.080755,0.023095,0.022109,-0.000248,0.000081,1.346731,1.713312,2.108166,1.959890,0.406021,0.000093,0.396356,1.082890,0.917297,1.058405,-0.000229,0.350286,0.000415,-0.000229,2.915044,1.538754,0.416330,0.000415,-0.000551,3.982379
31.596674,6.251303,1.079440,0.021451,1.463117,0.020794,0.019479,0.018492,0.021780,1.295443,0.018492,0.020136,0.000410,0.000081,0.110877,0.459047,0.779271,0.242058,0.369938,0.000093,0.388624,0.967233,0.887658,0.943070,0.000415,0.373804,0.001059,-0.000551,2.667299,1.078380,0.315493,0.001382,-0.000874,4.000098
48.230790,15.332311,1.567337,0.199975,2.308388,0.036904,0.938397,0.035917,0.034602,1.949698,0.035589,0.035589,0.001396,0.000081,0.369292,0.521843,0.906177,0.468582,0.381859,0.000737,0.381214,0.807439,0.798740,0.792297,0.000093,0.375093,0.001704,-0.000874,2.557118,1.162787,0.289397,0.001704,-0.000229,4.027482
52.848346,21.187549,1.686352,0.433074,2.600008,0.043150,1.418404,0.042164,0.043479,2.249866,0.042493,0.043150,0.000410,0.000410,0.705298,1.158674,1.308265,0.559980,0.371227,-0.000551,0.374771,0.791653,0.647000,0.603186,-0.000229,0.348353,0.001382,0.000415,2.336757,1.233985,0.272967,0.000415,-0.000551,3.971425
60.922834,29.339944,1.728435,0.528089,2.728228,0.045452,1.602187,0.046109,0.044794,2.164386,0.044794,0.044137,-0.000576,0.001067,0.754942,1.283607,1.405910,0.719106,0.346098,-0.000551,0.359307,0.664397,0.554861,0.512658,0.000415,0.284243,0.001059,-0.000551,1.844811,1.167619,0.197258,0.000737,-0.000874,3.920201
67.045223,32.676255,1.834300,0.675051,2.902477,0.049726,1.809313,0.049726,0.049726,2.244277,0.048739,0.128960,0.000410,0.000081,0.891711,1.431226,1.503884,0.754285,0.377348,0.000415,0.358663,0.551962,0.500415,0.435982,-0.000551,0.323869,0.001059,-0.001518,1.720133,1.353831,0.181472,0.000093,0.000093,3.891850
70.997955,36.133616,1.806354,0.897300,2.923847,0.111535,1.868163,0.051041,0.051698,2.166030,0.050054,0.141124,-0.001234,-0.000905,0.883821,1.602516,1.580817,0.822998,0.395389,-0.000874,0.369616,0.544874,0.510080,0.405054,-0.000551,0.385080,0.001059,0.000093,1.689205,1.380248,0.382181,0.000737,0.000737,3.968204
74.187524,38.348674,1.455884,0.701681,2.892285,0.215098,1.909917,0.048739,0.047753,2.003617,0.047424,0.047424,-0.000905,-0.000576,0.846998,1.744216,1.612379,1.004151,0.397967,-0.000229,0.365428,0.478186,0.491395,0.360273,-0.000229,0.388624,0.001382,-0.000874,1.654089,1.375416,0.400222,0.001704,-0.001196,4.023938
78.144416,42.386000,1.104098,0.785847,2.918916,1.062673,2.240990,0.051698,0.053013,1.851724,0.051370,0.195701,-0.001563,-0.001563,1.210620,1.985206,1.719887,1.336539,0.376704,0.000093,0.348998,0.436304,0.443714,0.297129,-0.000551,0.377670,0.001382,-0.001196,1.673419,1.504926,0.408276,0.001382,-0.000229,3.991722
78.144416,42.386000,1.043275,0.939383,2.948834,1.529200,2.402416,0.056301,0.057616,1.806683,0.058603,0.567871,-0.000576,0.000410,1.479884,2.226852,1.906958,1.572269,0.357696,0.000415,0.339011,0.392812,0.411498,0.273611,0.000737,0.362206,0.000415,0.000093,1.687916,1.507504,0.453057,0.002026,-0.000874,3.988178
85.444733,51.609154,1.129084,1.093248,3.063575,2.142687,2.772284,0.068466,0.067808,1.995726,0.069452,1.185962,0.000410,0.559652,1.620269,2.287675,2.005918,1.904657,0.367361,0.000093,0.334822,0.357052,0.401833,0.256859,0.000093,0.366717,0.001059,0.000093,1.659566,1.536176,0.441781,0.001059,0.000415,3.972070
84.682711,49.910480,1.267497,1.224757,3.116507,2.415238,3.040232,0.075699,0.184194,2.215017,0.075699,1.568981,0.213454,0.868368,1.678462,2.210414,2.047343,2.171948,0.379926,0.000415,0.337078,0.356730,0.388302,0.261047,0.000093,0.386047,0.001059,0.000093,1.850932,1.602220,0.561627,0.002348,-0.001196,3.937598
85.663908,52.221570,1.313854,1.505857,3.188179,2.660502,3.252289,0.084576,0.460034,2.383019,0.082932,1.749805,0.586940,0.977849,1.838245,2.337977,2.351457,2.507952,0.395389,-0.000551,0.380570,0.355441,0.386369,0.281343,0.000093,0.399255,0.000415,-0.000229,1.933084,1.559694,0.583856,0.002670,0.000093,3.887018
85.710341,52.819918,1.451281,1.646242,3.300947,2.742694,3.326592,0.095096,0.593186,2.558911,0.088850,1.875725,0.791436,1.225086,2.161756,2.603953,2.597378,2.727900,0.425995,0.000415,0.416975,0.358663,0.393456,0.291974,0.000093,0.406665,0.002026,0.000737,2.022646,1.629926,0.651511,0.295840,0.000093,3.876064
85.710341,52.819918,1.530843,1.731394,3.319687,2.779517,3.394647,0.318990,0.577076,2.622693,0.092466,1.976329,0.917355,1.438459,2.370525,2.764393,2.784448,2.896559,0.421807,0.000415,0.411176,0.359629,0.396356,0.308727,-0.000229,0.405054,0.000737,0.000737,2.103187,1.816138,0.661820,0.596743,0.001059,3.850935
86.024020,51.907351,1.675503,1.964493,3.382483,2.912340,3.503470,0.476143,0.979822,2.913655,0.101014,2.168660,1.103769,1.633749,2.553980,2.985985,2.950478,3.016232,0.421485,0.000093,0.406343,0.351575,0.364462,0.295840,0.000415,0.396356,0.001382,-0.001840,2.147968,1.808728,0.663753,0.758470,0.005248,3.791335
87.574143,51.283285,1.926355,2.037151,3.431141,3.139521,3.598485,0.855546,1.271443,2.975135,0.109891,2.368553,1.410842,1.781696,2.811079,3.066534,3.151685,3.151357,0.448547,-0.000229,0.425673,0.367361,0.382503,0.312271,0.000093,0.393456,0.001059,-0.001196,2.317427,1.960146,0.676640,1.129926,0.003637,3.773293
87.244403,52.337649,2.079892,2.185756,3.460073,3.433771,3.693171,1.156044,1.494021,3.165494,0.118439,2.514198,1.744545,2.031891,3.001108,3.143137,3.221385,3.233221,0.473998,0.000093,0.428250,0.407632,0.373482,0.347065,-0.000229,0.388946,0.000415,-0.000874,2.432440,2.070004,0.676962,1.420197,0.006214,3.717559
82.536245,52.807142,2.230798,2.274524,3.550485,3.576786,3.747747,1.370732,1.549255,3.286153,0.125672,2.588501,1.874410,2.148276,3.082644,3.183247,3.315742,3.316400,0.495261,0.000093,0.425995,0.438237,0.389268,0.361562,-0.000874,0.381214,0.002026,-0.000229,2.544876,2.246551,0.795519,1.666331,0.009114,3.691786
83.853044,55.632171,2.418526,2.380389,3.635307,3.637938,3.771090,1.441418,1.739942,3.342701,0.128960,2.788394,2.198249,2.295894,3.151685,3.213166,3.381496,3.395633,0.509114,0.000415,0.433405,0.486240,0.421807,0.377348,-0.000229,0.386047,0.001704,-0.002162,2.867686,2.402157,0.948225,1.916976,0.189848,3.675033
83.853044,55.632171,2.566473,2.488226,3.703363,3.720788,3.801665,1.544652,1.794189,3.360455,0.132905,2.898532,2.365923,2.366909,3.220727,3.233878,3.450209,3.455141,0.504281,0.000415,0.420841,0.577735,0.437593,0.401188,-0.000229,0.385080,0.001059,-0.000551,3.016849,2.508149,1.126060,2.225610,0.567748,3.671489
82.904844,57.982383,2.596062,2.494143,3.725719,3.774706,3.807255,1.556816,1.819176,3.351249,0.132905,2.929765,2.426088,2.386964,3.229604,3.233549,3.499196,3.528457,0.527477,0.000737,0.438882,0.629281,0.491395,0.440815,-0.000229,0.381536,0.001704,-0.001196,3.135728,2.725289,1.588689,2.569361,0.991717,3.672133
80.973433,59.450158,2.653597,2.576007,3.748076,3.816789,3.815474,1.642955,1.910903,3.410428,0.135535,3.003410,2.581925,2.547733,3.304893,3.275961,3.562978,3.576129,0.521034,-0.000229,0.466588,0.650866,0.562915,0.496549,0.137013,0.382503,0.001704,0.409243,3.224001,2.803253,1.889914,2.856732,1.520712,3.660858
80.973433,59.450158,2.727571,2.591131,3.770103,3.874324,3.811529,1.681092,2.008548,3.443963,0.135535,3.037273,2.693050,2.695023,3.363414,3.324619,3.630705,3.618869,0.538753,0.000093,0.495583,0.700480,0.684372,0.575802,0.348676,0.401833,0.232696,0.787787,3.451128,2.882505,2.272968,3.166656,1.909888,3.709182
85.634085,62.316485,2.822257,2.670365,3.788186,3.943694,3.824351,1.656763,2.072988,3.541279,0.139809,3.018204,2.764064,2.756832,3.462703,3.359140,3.681664,3.664897,0.596743,0.000093,0.522967,0.842555,0.774578,0.675673,0.623160,0.451446,0.740750,1.474321,3.587726,3.019104,2.480443,3.276192,2.287466,3.780703
84.722604,63.068511,2.892285,2.670365,3.786542,4.053175,3.849337,1.759340,2.049974,3.638924,0.140796,3.036287,2.875518,2.793654,3.555745,3.371962,3.725391,3.759912,0.678573,-0.000551,0.577091,0.973998,0.879604,0.767812,0.861240,0.512980,1.190171,1.932440,3.721747,3.213692,2.626706,3.371231,2.647325,3.796489
84.039671,61.762421,3.018533,2.780174,3.840460,4.108737,3.856899,1.801751,2.227181,3.750048,0.145727,3.126699,2.956067,2.880121,3.636951,3.394318,3.780295,3.821063,0.757503,0.000093,0.613173,1.147001,0.967877,0.863818,1.119295,0.619616,1.486885,2.185662,3.854479,3.206604,2.720456,3.546489,2.956604,3.843203
84.039671,61.762421,3.155959,2.839024,3.881228,4.173834,3.862817,1.822464,2.430362,3.794104,0.150330,3.130315,2.968231,2.890313,3.650431,3.399907,3.787857,3.857885,0.792297,0.000415,0.657632,1.236885,1.082890,1.005570,1.420197,0.737529,1.833857,2.542299,3.953706,3.270393,2.851578,3.764595,3.251385,3.918590
85.839691,62.621886,3.033985,2.924505,3.903256,4.241890,3.851310,2.004932,2.535240,3.815474,0.311429,3.173384,2.989930,2.936998,3.664897,3.417332,3.800022,3.864461,0.834178,-0.000229,0.720132,1.344810,1.167619,1.079990,1.640880,0.802606,2.031667,2.618008,4.002031,3.376063,2.983021,3.882508,3.406991,3.963049
86.524404,62.725530,2.427074,3.073767,3.995311,4.299096,3.876296,2.391238,2.655899,3.828953,0.983439,3.235851,3.087904,2.981711,3.724404,3.444949,3.840460,3.919694,0.865106,-0.000229,0.764913,1.377349,1.198547,1.146679,1.878960,0.862207,2.126061,2.688884,4.024261,3.457571,3.078382,3.960794,3.499775,4.020072
87.505291,64.607416,2.144988,3.091520,4.077175,4.357617,3.895365,2.497431,2.801873,3.845063,1.349033,3.285495,3.157275,3.018204,3.752679,3.481443,3.876954,3.945338,0.912465,0.000415,0.894423,1.457568,1.264913,1.273934,2.102865,1.009436,2.309373,2.864464,4.064853,3.522004,3.195006,4.047457,3.599646,4.117689
87.436668,64.121415,1.581145,3.219084,4.126820,4.417453,3.928900,2.728557,2.883080,3.869392,2.022357,3.347304,3.242426,3.040890,3.783254,3.518594,3.921996,3.987421,1.062271,0.000415,1.002349,1.549385,1.339656,1.432761,2.371873,1.180184,2.348677,3.048099,4.123810,3.658925,3.303576,4.115434,3.746876,4.195975
87.257751,63.757873,1.197140,3.296673,4.196848,4.442111,3.969996,2.960998,2.989930,3.891091,2.441540,3.473881,3.317386,3.112562,3.826323,3.586978,3.954215,4.030490,1.126382,0.000415,1.106408,1.588367,1.488496,1.566138,2.567428,1.325480,2.707892,3.218202,4.179545,3.789724,3.428898,4.156671,3.929866,4.268140
86.056512,63.045190,0.918999,3.403195,4.237287,4.461180,3.992681,3.129987,3.073767,3.895036,2.759790,3.539635,3.386757,3.197713,3.883529,3.611307,3.975585,4.054490,1.186305,-0.000229,1.235918,1.670841,1.612852,1.691138,2.709503,1.414076,2.913433,3.359633,4.244944,3.875420,3.539401,4.184699,4.003964,4.339661
86.778822,64.190909,0.679325,3.474538,4.260958,4.461180,4.014051,3.146754,3.087904,3.910817,3.006369,3.616567,3.416346,3.242755,3.899968,3.621828,3.982818,4.072901,1.300996,0.000415,1.280377,1.753960,1.787143,1.842556,2.845779,1.512014,3.127029,3.476579,4.273939,3.947585,3.607700,4.243978,4.174390,4.435666
86.390173,63.330443,0.512637,3.513005,4.262602,4.473673,4.020956,3.268070,3.194754,3.936133,3.192124,3.714541,3.490977,3.243413,3.909831,3.648458,3.997284,4.090655,1.389913,0.000415,1.358019,1.831924,1.883793,1.930185,2.977222,1.573548,3.275870,3.545200,4.318398,4.016529,3.688564,4.277161,4.254287,4.474648
86.946240,63.294675,0.345292,3.564622,4.311260,4.494714,4.051202,3.385113,3.296345,3.956845,3.388729,3.808570,3.558046,3.311468,3.975585,3.661609,4.057120,4.131423,1.517491,0.000093,1.421163,1.973033,1.902156,2.000094,3.129606,1.576447,3.412146,3.545522,4.363179,4.068719,3.760085,4.298424,4.281027,4.486569
86.931196,63.914114,0.125672,3.595526,4.338877,4.515098,4.089011,3.394318,3.452840,3.995969,3.615910,3.892406,3.613609,3.477169,4.042983,3.727692,4.115313,4.162985,1.717555,-0.000551,1.543908,2.229798,2.066138,2.137981,3.298099,1.557761,3.579994,3.769750,4.424068,4.172457,3.939209,4.359957,4.400872,4.521685
84.777115,63.156366,0.016848,3.663582,4.358932,4.537126,4.114655,3.487361,3.642212,3.980846,3.764514,3.938434,3.722760,3.638266,4.107422,3.796076,4.154108,4.229067,1.889592,0.001382,1.733019,2.386693,2.219811,2.218523,3.361566,1.488496,3.861567,3.932443,4.447264,4.224970,4.037792,4.363823,4.408604,4.504610
84.777115,63.156366,-0.036413,3.753994,4.374055,4.556852,4.146546,3.602430,3.840132,4.025230,3.858214,4.023586,3.822378,3.796734,4.183040,3.848680,4.210328,4.298438,2.216912,0.001059,1.879927,2.571616,2.357376,2.329025,3.393460,1.511692,4.133475,4.085150,4.487535,4.276516,4.167302,4.450164,4.469816,4.506543
83.620033,63.058854,-0.010768,3.801337,4.391151,4.559153,4.193889,3.756953,3.912461,4.084737,3.934160,4.098874,3.878927,3.870707,4.221835,3.901612,4.264575,4.323753,2.260726,0.679539,1.835790,2.757183,2.356731,2.413110,3.359311,1.455957,4.233346,4.171813,4.494301,4.323230,4.286826,4.456929,4.474971,4.479159
80.497233,60.788143,-0.032796,3.811200,4.372412,4.564414,4.245506,3.846050,3.948297,4.083751,3.990051,4.138984,3.944352,3.947640,4.268520,3.959475,4.294822,4.377343,2.266203,1.763625,1.852221,2.832892,2.340945,2.394103,3.146359,1.874450,4.172457,4.088694,4.480770,4.356736,4.332573,4.446298,4.381543,4.503643
78.408857,59.709950,0.044465,3.840132,4.368466,4.542386,4.312904,3.930215,4.086052,4.098545,4.001229,4.227095,4.042654,4.073888,4.330986,4.049230,4.348082,4.406604,2.203381,2.084502,1.983986,2.839335,2.610598,2.525868,2.739142,2.259760,4.002353,4.048423,4.501710,4.526517,4.363823,4.541659,4.428257,4.575164
74.510858,51.984252,0.123371,3.985120,4.380631,4.532852,4.384576,4.048244,4.261616,4.171533,4.018654,4.293835,4.130107,4.184355,4.389508,4.149505,4.409563,4.441453,2.706925,2.201126,2.420520,2.901191,2.875740,2.739142,2.498806,2.378961,4.057121,4.343527,4.583218,4.621878,4.516208,4.649585,4.585796,4.650873
60.941168,47.309598,0.100685,4.131423,4.410549,4.512468,4.418768,4.161012,4.347096,4.247479,4.074545,4.360905,4.210656,4.266219,4.432577,4.229396,4.452632,4.471700,2.757505,2.292943,2.582569,2.909567,2.996552,2.738175,2.476577,2.323871,4.060021,4.426324,4.602548,4.660538,4.561311,4.684056,4.653128,4.669881
24.979902,14.011080,0.127316,4.205725,4.409891,4.515098,4.475317,4.282328,4.444741,4.358274,4.113340,4.432248,4.291205,4.348411,4.469399,4.325069,4.508851,4.522660,2.708858,2.277801,2.591268,2.856410,2.978189,2.669554,2.427608,2.311950,3.972070,4.440177,4.596105,4.657639,4.561311,4.685667,4.671492,4.668915
-13.989325,-11.724176,0.080630,4.230054,4.407261,4.494385,4.482221,4.281013,4.452632,4.406932,4.179423,4.440467,4.301397,4.356302,4.489783,4.371754,4.536468,4.541728,2.684374,2.270391,2.559374,2.789077,2.954993,2.599322,2.362208,2.310017,3.920523,4.412793,4.589017,4.655061,4.551646,4.676969,4.674069,4.664404
-40.968254,-21.552961,0.009287,4.267862,4.359918,4.397069,4.379644,4.092299,4.461180,4.344466,4.204410,4.306986,4.170875,4.239588,4.459207,4.343480,4.522002,4.497673,2.664399,2.248484,2.517814,2.715946,2.907957,2.553252,2.283600,2.288755,3.833861,4.398939,4.574842,4.644108,4.539082,4.663116,4.660216,4.654739
-40.968254,-21.552961,0.043479,4.336247,4.413837,4.409563,4.260301,4.016682,4.446714,4.396083,4.261945,4.284301,4.175149,4.258986,4.508194,4.474659,4.602222,4.599921,2.586758,2.194360,2.458214,2.627028,2.846423,2.495263,2.223033,2.264914,3.725291,4.372522,4.564855,4.633476,4.523618,4.654417,4.657639,4.639920
-54.184199,-26.185533,0.009615,4.465454,4.541400,4.524961,4.242547,4.078819,4.505564,4.496687,4.437837,4.364521,4.243205,4.335589,4.595318,4.560468,4.685730,4.677840,2.582892,2.135082,2.417621,2.506861,2.756217,2.425031,2.136370,2.234953,3.566785,4.332895,4.544881,4.621556,4.510087,4.644752,4.643463,4.622523
-62.276309,-32.760163,0.020465,4.494057,4.560797,4.550605,4.215259,4.070600,4.505892,4.510166,4.462166,4.379973,4.236629,4.321781,4.603866,4.571318,4.699210,4.681785,2.513304,2.044231,2.335469,2.388948,2.664722,2.325159,2.063239,2.177930,3.259117,4.273295,4.525229,4.600615,4.477870,4.621556,4.622523,4.591917
-62.276309,-32.760163,0.035589,4.503920,4.568688,4.568030,4.175807,4.060408,4.513783,4.511810,4.461508,4.374384,4.227424,4.300082,4.604195,4.568030,4.701511,4.678168,2.466912,1.961757,2.275868,2.328381,2.637660,2.319360,1.998806,2.127350,3.184697,4.242689,4.512986,4.592239,4.458862,4.607703,4.616724,4.569043
-63.327634,-35.452805,0.052027,4.495043,4.572962,4.565071,4.153121,4.032463,4.501947,4.501290,4.455919,4.366494,4.197177,4.267534,4.603866,4.564414,4.695922,4.672908,2.397002,1.921164,2.234309,2.254283,2.602222,2.308729,1.940816,2.073870,3.097712,4.241400,4.500100,4.580641,4.434056,4.591595,4.599327,4.559056
-63.187958,-37.781932,0.071425,4.486166,4.552907,4.554550,4.141943,4.010106,4.491755,4.494057,4.430933,4.357617,4.181067,4.246492,4.595976,4.560140,4.689346,4.665017,2.331280,1.879605,2.186628,2.169553,2.565495,2.281667,1.854798,2.027478,2.945328,4.206284,4.481736,4.552613,4.403772,4.572265,4.577742,4.539726
-64.021419,-40.010742,0.073726,4.482550,4.546989,4.537126,4.155423,3.975914,4.486166,4.481892,4.416138,4.342165,4.152135,4.212300,4.584469,4.550605,4.678497,4.653839,2.278445,1.792620,2.135726,2.049708,2.515881,2.206925,1.795519,1.999772,2.733665,4.180511,4.466272,4.527806,4.362213,4.541981,4.556801,4.507832
-64.060827,-41.678268,0.084904,4.464139,4.535482,4.500632,4.137012,3.910160,4.470714,4.458878,4.386220,4.305342,4.102162,4.143258,4.569016,4.535482,4.670607,4.640360,2.238175,1.768780,2.090945,1.928574,2.464979,2.116718,1.787143,1.945326,2.480765,4.117044,4.443076,4.496234,4.323230,4.513308,4.533927,4.468205
-66.882021,-40.197175,0.091480,4.435535,4.514769,4.466440,4.117943,3.842762,4.448029,4.441453,4.362877,4.268849,4.056792,4.060408,4.554550,4.517399,4.659428,4.627866,2.214012,1.675996,2.052607,1.753960,2.366074,1.917942,1.727543,1.893458,2.090301,4.040047,4.397651,4.465950,4.268140,4.461117,4.492045,4.380254
-68.788385,-37.510553,0.099042,4.418439,4.496687,4.443755,4.061394,3.803967,4.438166,4.422056,4.344137,4.252739,4.026216,4.015366,4.548304,4.499317,4.650880,4.618661,2.134760,1.483986,1.973355,1.480764,2.212079,1.675674,1.608019,1.808406,1.800030,3.886374,4.298424,4.409249,4.139918,4.374455,4.439855,4.283604
-69.431368,-35.087950,0.095754,4.401672,4.480577,4.431261,4.018654,3.764843,4.429618,4.394768,4.332301,4.227424,3.981174,3.991366,4.537783,4.485180,4.639045,4.604852,2.083213,1.360596,1.903123,1.520068,2.168587,1.679218,1.564849,1.768135,1.733019,3.877997,4.292947,4.409249,4.103191,4.354803,4.408927,4.218849
-69.431368,-35.087950,0.099699,4.381946,4.462823,4.406275,3.973284,3.696130,4.418111,4.364850,4.296794,4.205725,3.933831,3.946653,4.528249,4.477947,4.627209,4.588414,2.040687,1.456924,1.878316,1.850610,2.194360,1.919875,1.568393,1.765558,1.988819,4.022328,4.368012,4.454674,4.184377,4.400872,4.439855,4.262985
-68.394552,-37.823366,0.102987,4.361562,4.446714,4.383590,3.944023,3.675089,4.402330,4.335260,4.271150,4.173505,3.881228,3.930215,4.520030,4.460851,4.609784,4.573619,1.968844,1.542620,1.810983,2.048419,2.237852,2.185662,1.492684,1.711434,2.077414,4.027160,4.383798,4.454674,4.191787,4.401517,4.456285,4.262341
-68.063437,-42.493414,0.100357,4.333945,4.425344,4.364850,3.901612,3.602102,4.392467,4.316520,4.240246,4.134381,3.824351,3.912461,4.510166,4.446714,4.592688,4.550934,1.895391,1.487529,1.752671,1.984308,2.183406,2.144747,1.377349,1.633148,1.974643,3.948874,4.349648,4.440499,4.144106,4.369300,4.435989,4.199841
-66.551136,-44.269846,0.113179,4.291534,4.374713,4.336904,3.799035,3.437059,4.378329,4.251095,4.184355,4.067312,3.763857,3.846378,4.490440,4.426001,4.565071,4.522989,1.858664,1.429862,1.715300,1.922775,2.125739,2.123484,1.246228,1.547774,1.859630,3.885407,4.302934,4.414081,4.095137,4.329674,4.396040,4.138952
-66.406762,-49.930675,0.148686,4.243205,4.348411,4.305342,3.729007,3.309824,4.364521,4.216903,4.118600,4.009120,3.699089,3.744459,4.468413,4.404302,4.532523,4.488139,1.765236,1.297130,1.651512,1.793586,2.031667,2.040365,1.039720,1.422774,1.622194,3.814531,4.253320,4.357058,3.991400,4.261052,4.316143,4.063243
-65.134184,-52.114714,0.172358,4.222163,4.338877,4.284958,3.698103,3.256892,4.352685,4.196519,4.080792,3.987092,3.691198,3.714541,4.457892,4.385562,4.520030,4.455591,1.645390,1.107052,1.579024,1.666975,1.913754,1.890880,0.859952,1.282954,0.914075,3.759762,4.160215,4.281671,3.864144,4.172135,4.237857,3.969815
-66.160243,-55.557872,0.183865,4.153779,4.301397,4.223807,3.590923,3.116178,4.323753,4.151149,4.033778,3.948297,3.651746,3.702377,4.449015,4.358274,4.507865,4.454275,1.525867,1.043264,1.513947,1.637981,1.815494,1.799063,0.736562,1.172452,0.616073,3.689208,4.090305,4.204673,3.772971,4.097714,4.139918,3.851902
-67.671787,-58.368015,0.230879,4.080792,4.245177,4.177450,3.480128,2.955080,4.302055,4.062709,3.948297,3.897995,3.584019,3.655691,4.441453,4.326712,4.491755,4.437508,1.435983,0.994294,1.455635,1.629282,1.723354,1.745906,0.601253,1.071936,0.004281,3.604156,4.039402,4.163758,3.688564,4.040047,4.020072,3.772649
-68.526512,-60.060669,0.238770,4.021284,4.186656,4.137012,3.394318,2.829819,4.279698,4.011092,3.895694,3.850981,3.516621,3.606704,4.427645,4.314548,4.473015,4.414165,1.356730,0.944359,1.391846,1.658277,1.607697,1.681151,0.492361,0.953057,0.004281,3.438241,3.978191,4.101580,3.592558,3.984634,3.907314,3.654414
-68.526512,-60.060669,0.273291,3.933503,4.120573,4.067312,3.218426,2.737105,4.222492,3.952900,3.816131,3.760569,3.417332,3.519251,4.412850,4.285287,4.454604,4.383918,1.282310,0.872516,1.343844,1.712079,1.525223,1.638303,0.351897,0.854475,0.002992,3.289401,3.950162,4.038114,3.513628,3.921490,3.758474,3.540368
-69.927204,-63.414254,0.340360,3.839474,4.045285,3.992024,2.915628,2.507952,4.183368,3.897338,3.691527,3.698103,3.374592,3.418647,4.396412,4.264575,4.436193,4.360576,1.226253,0.776511,1.304217,1.754282,1.476898,1.592877,0.224964,0.781665,0.002670,3.174710,3.951129,3.969170,3.409246,3.833861,3.526515,3.411501
-70.546817,-63.535014,0.391649,3.727363,3.968681,3.890434,2.701598,2.235072,4.134381,3.804624,3.596184,3.621499,3.308838,3.311797,4.377014,4.226437,4.417124,4.345124,1.129282,0.722709,1.253315,1.810661,1.414076,1.549063,0.121227,0.656021,0.002670,2.884116,3.925356,3.884763,3.311952,3.706927,3.235599,3.291011
-72.490482,-68.523016,0.415649,3.646814,3.889776,3.829611,2.447787,2.059837,4.099203,3.755309,3.503799,3.555416,3.261166,3.199686,4.357946,4.202437,4.385891,4.329671,1.051318,0.593843,1.185338,1.852543,1.324514,1.455957,0.000415,0.519745,0.001704,2.400868,3.849325,3.754930,3.142815,3.507829,2.995586,3.092235
-72.689549,-71.283071,0.450499,3.563307,3.789172,3.737226,2.325155,1.972712,4.062709,3.707308,3.418319,3.476182,3.209878,3.153987,4.338548,4.192903,4.367480,4.307644,0.982052,0.505248,1.154088,1.844166,1.287143,1.441138,-0.000229,0.420196,0.001704,2.302286,3.827417,3.649260,3.067751,3.406991,2.882183,2.933730
-72.968292,-74.091095,0.501130,3.513662,3.673774,3.588951,1.983890,1.726791,3.981503,3.587307,3.297002,3.365058,3.189494,3.103685,4.306657,4.157724,4.328027,4.270821,0.938238,0.442426,1.122516,1.830635,1.276189,1.383792,-0.000229,0.380892,0.000737,2.055829,3.801966,3.557120,2.895070,3.363821,2.847067,2.775869
-74.094187,-77.555967,0.568200,3.428511,3.594540,3.469936,1.510460,1.508487,3.925283,3.424565,3.153001,3.228618,3.077383,3.018533,4.281342,4.121559,4.295150,4.229725,0.865106,0.379603,1.078702,1.801318,1.228831,1.317104,-0.000229,0.327090,-0.000551,1.972066,3.777482,3.479478,2.832892,3.304220,2.732699,2.652801
-75.391577,-79.301449,0.603378,3.338756,3.514977,3.350592,1.264867,1.318786,3.813830,3.337770,3.031027,3.124397,2.932395,2.974149,4.251424,4.091641,4.258328,4.195204,0.835145,0.324835,1.023934,1.772324,1.174385,1.278122,0.000093,0.288753,0.002026,1.918587,3.727224,3.414401,2.762016,3.268782,2.628639,2.391847
-77.365784,-83.417988,0.550446,3.179302,3.439689,3.246371,1.034069,1.179387,3.747090,3.196727,2.925162,3.007684,2.837052,2.925162,4.209670,4.040024,4.213286,4.144902,0.773611,0.281987,0.975931,1.791009,1.163109,1.275223,-0.000551,0.241717,0.000415,1.832568,3.679865,3.380251,2.703381,3.253318,2.596423,2.253316
-76.987370,-85.969294,0.691160,3.012944,3.396291,3.170754,0.902889,0.872971,3.663582,3.144781,2.680557,2.862696,2.659515,2.754201,4.155423,3.969667,4.153779,4.072244,0.735274,0.217232,0.960145,1.800352,1.156988,1.287465,0.000415,0.214655,0.000415,1.977865,3.656669,3.316140,2.662466,3.227545,2.529734,2.100610
-76.987370,-85.969294,0.766120,2.874203,3.276618,3.011300,0.863437,0.795710,3.586649,3.100397,2.471129,2.733160,2.483952,2.726256,4.121888,3.913119,4.086710,4.029175,0.622516,0.173418,0.873483,1.746872,1.124449,1.248161,0.000093,0.172451,0.000415,2.010726,3.604479,3.163434,2.515881,3.143460,2.426319,1.799063
-75.394299,-87.910874,1.075495,2.671022,3.203303,2.851189,0.877574,0.790121,3.529443,2.995190,2.013809,2.634529,2.226524,2.659844,4.067970,3.862488,4.012736,3.975256,0.560982,0.124449,0.815815,1.752994,1.162465,1.287143,0.000093,0.110273,-0.000551,1.954669,3.579994,3.117042,2.491074,3.121552,2.443394,1.689849
-75.394299,-87.910874,1.178071,2.509267,3.101055,2.750256,0.808203,0.728640,3.439689,2.856120,1.827067,2.474746,1.980932,2.558911,4.022599,3.803309,3.962434,3.953229,0.546163,0.078379,0.798418,1.766525,1.211434,1.340622,0.000415,0.062593,0.000415,1.811628,3.492687,3.082248,2.503317,3.108021,2.420842,1.635081
-81.563061,-94.053428,1.166564,2.351457,3.016232,2.580281,0.800641,0.637899,3.273331,2.722311,1.650188,2.406362,1.819834,2.430033,3.954873,3.715199,3.928571,3.906543,0.516846,0.063559,0.814848,1.807440,1.305828,1.417942,-0.000229,0.041330,0.000415,1.738818,3.452094,3.023292,2.563562,3.130251,2.485598,1.692427
-81.563061,-94.053428,1.195168,2.259401,2.874860,2.409649,0.653352,0.503760,3.125713,2.602638,1.423664,2.289648,1.593968,2.240661,3.899968,3.631362,3.868406,3.863146,0.489462,0.045518,0.815171,1.860919,1.420841,1.512336,0.000737,0.040041,-0.000874,1.852221,3.480123,3.085470,2.589335,3.168266,2.507183,1.827736
-85.242342,-96.125247,1.402951,2.106851,2.643405,2.073645,0.328196,0.387704,2.968231,2.421814,0.999548,2.136769,1.160318,2.097645,3.792131,3.546868,3.799364,3.819748,0.554861,-0.000229,0.863495,1.945971,1.616073,1.742040,-0.000551,0.064848,0.000093,1.928896,3.612855,3.225290,2.701771,3.245264,2.558407,2.216267
-87.207618,-95.902530,1.451281,1.853039,2.409978,1.876053,0.077671,0.077343,2.784120,1.831341,0.706941,1.865204,0.815436,1.878026,3.682322,3.437059,3.724404,3.807583,0.557761,-0.002162,0.865428,1.849965,1.681795,1.919553,0.000093,0.130570,0.000415,1.998806,3.661824,3.470780,2.717235,3.306475,2.392492,2.515559
-87.207618,-95.902530,1.474952,1.712654,2.257757,1.707723,0.072411,0.073397,2.782147,1.696873,0.553405,1.718572,0.707270,1.888876,3.611965,3.393990,3.669171,3.791474,0.434049,0.000093,0.745583,1.220132,1.347065,1.517169,-0.000229,0.218199,0.000415,0.234951,3.022003,3.281024,1.926319,2.718523,0.678250,2.546809
-86.150763,-89.873550,1.524597,1.693257,2.202852,1.500925,0.067479,0.066164,2.680885,1.423335,0.394279,1.568323,0.404142,1.850081,3.488018,3.307194,3.619526,3.761884,0.209500,0.000093,0.404088,0.791653,0.741073,0.804217,0.000415,0.155699,0.000737,-0.000229,2.074192,2.134437,0.530055,0.228508,0.000415,2.278445
-86.376501,-89.747782,1.398348,1.593310,1.962520,1.346074,0.057616,0.056959,2.549377,1.266840,0.129289,1.264210,0.075041,1.720873,3.301934,3.157932,3.495909,3.710925,0.221743,-0.000874,0.358663,1.013624,0.757181,0.830635,0.000737,0.185982,-0.000551,-0.000551,2.235597,1.818071,0.549384,0.002992,0.002348,2.900869
-80.920796,-81.511737,1.328649,1.380595,1.643612,1.082399,0.049068,0.049068,2.459294,1.198127,0.050383,0.705955,0.000081,1.249415,3.110260,3.059301,3.423908,3.612293,0.277799,0.000093,0.354475,1.089978,0.809372,0.890235,-0.000874,0.226897,0.001059,-0.000551,2.539399,1.625738,0.419874,0.002348,-0.000229,3.286501
-62.071853,-64.320947,1.208318,1.296101,1.365143,1.050837,0.047424,0.046438,2.523075,1.159989,0.047753,0.756257,-0.000248,0.973247,2.963300,2.943902,3.326592,3.465004,0.316459,-0.000551,0.358663,1.086112,0.846098,0.971099,-0.000551,0.277477,0.001059,-0.002162,3.049065,1.724321,0.375415,0.000093,0.001059,3.542623
-22.728702,-28.917576,1.460486,1.071549,1.253360,1.001521,0.052027,0.051698,2.617433,1.779723,0.077014,0.970945,0.000081,0.729627,2.670365,2.777215,3.179631,3.203631,0.378959,0.000093,0.358985,1.082568,0.859629,0.951124,-0.000229,0.292619,0.000415,0.000737,3.232055,1.906022,0.265879,0.000737,-0.000874,3.733667
3.615810,-12.996132,1.253031,0.380799,0.613570,0.032301,0.031972,0.031643,2.145646,1.618625,0.031643,0.202934,0.000410,-0.000248,1.790573,1.923725,2.355073,1.867834,0.412142,-0.000874,0.365106,1.089655,0.862851,0.968843,0.000093,0.326768,0.001059,-0.000229,3.134761,1.958857,0.232374,0.001059,-0.000551,3.850613
26.232071,4.399705,0.681626,0.021451,1.686681,0.021123,0.022766,0.021780,0.667818,1.225086,0.022766,0.021780,0.000410,0.000081,0.541898,0.817738,1.209962,0.727654,0.412786,0.000093,0.414075,1.068715,0.872838,0.935016,-0.000229,0.359307,0.001704,0.002348,2.999129,2.091589,0.195969,0.000737,-0.000551,3.953062
42.759721,14.734673,1.441418,0.072740,2.204825,0.034273,1.151441,0.034931,0.287099,1.808327,0.035917,0.035260,0.000739,0.000081,0.259482,0.526774,0.911766,0.536966,0.405377,0.000093,0.416652,0.979153,0.839655,0.862851,0.000415,0.368650,-0.000229,0.000093,2.897325,2.006216,0.144423,0.001059,-0.001196,3.954028
51.170295,23.975494,1.529200,0.047424,2.411293,0.035917,1.342786,0.035589,0.036575,1.827724,0.037232,0.035917,0.000739,0.000410,0.346607,0.594173,1.004151,0.611926,0.364784,0.000093,0.416652,0.791008,0.756537,0.759758,-0.000229,0.367361,0.001704,0.000093,2.774902,1.893458,0.006858,-0.001196,-0.000229,3.905059
58.483835,30.703514,1.568981,0.053342,2.512555,0.035917,1.467391,0.037561,0.037561,1.794189,0.038219,0.037232,0.000410,-0.000576,0.609625,0.778942,1.119550,0.652694,0.373160,0.000093,0.437271,0.601253,0.645067,0.608663,-0.000551,0.362851,0.001382,-0.000229,2.635727,1.455957,0.005570,-0.000551,-0.000551,3.860600
68.931594,39.976624,1.493692,0.502445,2.616446,0.040520,1.617968,0.041506,0.040520,1.778408,0.041835,0.040849,0.000081,-0.000905,0.730942,1.190236,1.293142,0.657626,0.361562,-0.000874,0.417941,0.514591,0.527477,0.499771,-0.000229,0.329668,0.001382,0.000415,2.450804,1.316782,0.004281,0.000415,-0.000229,3.835794
71.055823,40.388119,1.476925,0.647434,2.664118,0.042164,1.741586,0.041835,0.042493,1.733695,0.042821,0.041835,0.000410,-0.000905,0.825957,1.352649,1.410513,0.882177,0.351253,-0.000229,0.397322,0.420196,0.437915,0.368328,0.000737,0.285853,0.000737,-0.001196,2.140236,1.182761,0.004603,-0.000551,-0.000229,3.825806
73.205899,41.845037,1.247114,0.765134,2.705872,0.042821,1.874738,0.042493,0.041835,1.685037,0.041506,0.041178,-0.000248,-0.000248,0.908807,1.578844,1.519336,0.934452,0.360918,0.000093,0.350286,0.438560,0.399255,0.277477,0.000093,0.300673,0.000737,0.000093,2.091589,1.043908,0.003315,-0.000551,-0.000551,3.858023
73.205899,41.845037,0.999877,0.605022,2.775900,0.040191,2.008877,0.041835,0.040520,1.486131,0.040520,0.039863,0.000739,0.000410,0.927219,1.791559,1.541693,1.112975,0.337722,0.000415,0.299384,0.570003,0.338366,0.240428,-0.000551,0.368328,0.001059,0.000737,1.969811,1.003637,0.007503,-0.000551,-0.001196,3.862856
75.431724,43.538806,0.889081,0.719106,2.881765,0.291702,2.232442,0.044794,0.044137,1.488432,0.044465,0.232852,0.000739,-0.000905,1.270128,1.932931,1.701476,1.329635,0.344487,-0.000229,0.308727,0.518134,0.331601,0.225608,-0.000229,0.375415,0.001382,-0.001196,1.794875,1.127671,0.117683,0.000093,0.000415,3.866077
76.319941,44.679202,0.888424,0.939712,2.910696,1.117249,2.378745,0.052027,0.301894,1.476267,0.051370,0.394608,0.001067,-0.000576,1.482514,2.189701,1.826738,1.478898,0.338044,-0.000229,0.299706,0.469165,0.272322,0.204668,-0.000551,0.370261,0.000737,-0.000874,1.811950,1.086756,0.205956,0.000093,0.000093,3.853513
76.010017,45.132627,0.859163,1.054453,3.000780,1.536761,2.633214,0.060246,0.496198,1.606461,0.059260,0.822669,0.000081,0.287099,1.657749,2.219291,1.873095,1.694243,0.326446,0.000093,0.291330,0.458534,0.227864,0.178895,0.000093,0.344165,-0.001196,-0.000551,1.889914,1.246550,0.355441,0.000415,0.000093,3.822585
77.662600,47.670580,0.839765,1.156373,3.035958,2.187400,2.873874,0.069123,0.548144,1.924712,0.069123,1.327334,0.000081,0.747380,1.650516,2.184441,2.079234,2.041425,0.338366,-0.000229,0.298096,0.412786,0.281021,0.189526,0.000093,0.354797,0.002026,-0.000229,1.973677,1.450480,0.439526,0.001059,0.001059,3.821296
77.362561,49.303931,0.856204,1.228045,3.065547,2.482965,3.072780,0.074384,0.526774,2.006576,0.073726,1.619283,0.241071,0.876588,1.648544,2.164386,2.180824,2.239675,0.363173,-0.000551,0.294230,0.405377,0.306794,0.210789,-0.000551,0.379926,0.001382,-0.000551,2.096422,1.436627,0.489462,0.002026,-0.000551,3.832250
76.758202,49.759748,1.073193,1.390129,3.217440,2.648995,3.236508,0.081945,0.515267,2.269921,0.080302,1.751120,0.570501,0.945301,1.814573,2.384991,2.520116,2.426745,0.382503,-0.000229,0.379281,0.415364,0.306472,0.231407,-0.000229,0.388302,0.002026,0.000415,2.176641,1.476576,0.529732,0.002026,-0.000229,3.838049
78.592454,56.024139,1.229689,1.591995,3.270372,2.741379,3.345003,0.325894,0.709572,2.406690,0.086219,1.842519,0.821025,1.227716,2.325484,2.632227,2.710146,2.776229,0.401511,0.000415,0.390557,0.438882,0.308405,0.236240,0.000093,0.396678,0.000737,-0.003129,2.232698,1.531022,0.591266,0.035209,0.001059,3.820974
78.592454,56.024139,1.269141,1.679119,3.283851,2.755188,3.386099,0.408416,0.873958,2.513212,0.089836,1.893150,0.961411,1.398677,2.467513,2.820942,2.851846,2.906751,0.411498,0.000415,0.403766,0.479475,0.346420,0.261691,-0.000874,0.401188,0.000415,0.000093,2.487208,1.462723,0.592555,0.604152,0.002992,3.795201
79.804634,57.403388,1.527556,1.915177,3.370647,2.802202,3.509388,0.696421,1.234620,2.894915,0.100685,2.202195,1.169852,1.724490,2.656228,2.971519,3.085603,2.994862,0.427928,0.000093,0.402155,0.567103,0.358341,0.285853,0.000093,0.390235,0.001059,-0.000874,2.608020,1.756537,0.597065,1.096743,0.004281,3.772327
78.456420,56.522178,1.735668,2.062138,3.407140,2.986642,3.604403,1.086015,1.405581,3.031684,0.108905,2.361649,1.503884,1.829368,2.956067,3.054040,3.160891,3.111904,0.433727,0.000093,0.389913,0.598031,0.337400,0.288431,-0.000229,0.375093,0.000737,0.000093,2.711758,1.890880,0.563560,1.334501,0.005892,3.657314
78.292856,60.792480,1.986192,2.136440,3.403195,3.203303,3.680678,1.329964,1.555173,3.182261,0.114165,2.456992,1.706079,1.934904,3.062917,3.119466,3.214481,3.217111,0.425673,-0.000551,0.365750,0.599642,0.321936,0.283598,0.000093,0.367039,0.001059,0.000093,2.820650,1.935017,0.491717,1.464011,0.005570,3.521682
78.292856,60.792480,2.052275,2.205154,3.488018,3.369003,3.712569,1.424321,1.643283,3.230919,0.117782,2.561213,1.802737,2.042083,3.137548,3.119137,3.265111,3.296016,0.429217,0.000093,0.368005,0.653766,0.322902,0.309694,0.000415,0.365750,0.001059,-0.000874,2.963691,2.114141,0.648611,1.780700,0.020712,3.329027
77.179427,62.941183,2.132495,2.228496,3.529443,3.432127,3.756953,1.470678,1.693914,3.271687,0.120083,2.650310,2.029918,2.115399,3.183905,3.147740,3.327578,3.338427,0.453057,0.000093,0.387013,0.675673,0.351575,0.351253,-0.000229,0.362206,0.001059,0.000093,3.080637,2.376384,0.868972,2.022002,0.603186,3.184375
76.459277,64.638538,2.326141,2.244277,3.610321,3.565279,3.790816,1.548926,1.878355,3.334811,0.126330,2.755188,2.291292,2.285045,3.291413,3.161877,3.403524,3.414702,0.485596,0.000737,0.396034,0.688238,0.382181,0.383792,-0.000229,0.355119,0.001059,-0.001518,3.204027,2.536178,1.246872,2.416654,0.964011,3.136050
72.670098,64.094956,2.306415,2.253154,3.600458,3.620842,3.794104,1.627831,1.871451,3.384455,0.126330,2.844613,2.378745,2.343566,3.322318,3.159247,3.449552,3.460073,0.501704,0.000093,0.401833,0.764591,0.399900,0.433405,0.123804,0.363817,0.001382,0.732374,3.443718,2.689528,1.820004,2.809374,1.445970,3.187274
68.862440,65.565031,2.302470,2.264990,3.553772,3.630376,3.780295,1.646571,1.859286,3.391359,0.128302,2.846257,2.404718,2.364279,3.343359,3.162206,3.475854,3.485388,0.504281,0.000093,0.430505,0.919552,0.502670,0.558727,0.377026,0.389591,0.001059,1.374127,3.575806,2.846423,2.281023,3.086436,2.223355,3.329993
66.245199,65.583070,2.495787,2.232113,3.555087,3.668513,3.776021,1.656763,1.888218,3.409442,0.128302,2.951135,2.544117,2.413266,3.393003,3.182919,3.519251,3.522868,0.534565,0.000093,0.461111,1.057439,0.626704,0.663109,0.623160,0.484629,0.305828,1.975288,3.780703,3.053253,2.416976,3.357700,2.574515,3.556154
64.093477,64.090379,2.618748,2.279456,3.585992,3.675417,3.754980,1.734682,1.972712,3.496237,0.130933,2.986314,2.644721,2.539185,3.442319,3.209220,3.581389,3.568238,0.595132,-0.000229,0.489462,1.125738,0.704990,0.706601,0.783276,0.527477,0.993650,2.119618,3.858023,3.108021,2.525868,3.460471,2.746874,3.613821
61.396250,61.570459,2.718037,2.422471,3.585005,3.755638,3.737555,1.715284,2.086467,3.591581,0.133891,3.002095,2.684831,2.674968,3.474867,3.203960,3.654047,3.653719,0.624449,0.000093,0.521034,1.158921,0.723998,0.750093,0.937593,0.606085,1.143457,2.139592,3.884118,3.151514,2.521680,3.502030,2.870585,3.668267
61.396250,61.570459,2.843298,2.569103,3.686924,3.887146,3.743473,1.819505,2.446143,3.689883,0.138166,3.048451,2.811736,2.780832,3.544567,3.212508,3.677719,3.723089,0.680183,0.000093,0.528444,1.249127,0.785531,0.825480,1.101898,0.646034,1.363496,2.256860,3.921812,3.172777,2.585791,3.596102,3.083537,3.694363
61.167284,60.161766,3.118808,2.720995,3.781282,4.022271,3.752679,2.181153,2.703242,3.781282,0.147371,3.132946,2.893929,2.859079,3.625773,3.269057,3.713884,3.793117,0.764913,-0.000551,0.551640,1.345132,0.858341,0.906343,1.289398,0.727220,1.558728,2.436306,3.965304,3.210470,2.617363,3.689853,3.246553,3.727224
62.380707,61.045407,2.465540,2.887025,3.876296,4.165615,3.800679,2.473431,2.951135,3.842433,0.943986,3.174042,2.978423,2.923190,3.733610,3.339414,3.781282,3.849666,0.784243,0.000093,0.602542,1.418908,0.965622,1.016524,1.499127,0.792619,1.721421,2.687595,4.029737,3.294555,2.876062,3.842881,3.362532,3.803577
62.380707,61.045407,2.315949,3.074753,3.953229,4.219204,3.828296,2.671351,3.037273,3.862159,1.217195,3.250646,3.081328,2.988944,3.749391,3.375578,3.795419,3.890762,0.820325,0.000093,0.660531,1.545197,1.071936,1.132181,1.742362,0.950158,2.105120,2.835469,4.076451,3.407635,2.993653,3.965949,3.559375,3.986889
63.206356,61.839573,2.122303,3.106644,4.001229,4.259643,3.852954,2.752886,3.010314,3.833227,1.458185,3.272673,3.127685,2.990916,3.741829,3.378209,3.800350,3.892735,0.847387,-0.000229,0.728830,1.644746,1.127027,1.214011,1.948548,1.076769,2.270713,3.063885,4.123810,3.478190,3.050998,4.016206,3.678255,4.039402
63.878437,62.616512,1.927999,3.121110,4.019640,4.293835,3.864789,2.811408,3.023794,3.875968,1.670571,3.300947,3.201659,3.017876,3.764186,3.402866,3.818762,3.891420,0.931472,0.000093,0.769423,1.717555,1.180506,1.345455,2.115430,1.207246,2.351255,3.186630,4.166658,3.570329,3.157313,4.050356,3.736244,4.154738
64.636274,63.347743,1.498295,3.255577,4.064353,4.313233,3.866105,2.933382,3.053054,3.872022,2.114413,3.331852,3.225330,3.073438,3.777008,3.446264,3.838817,3.917064,0.956279,-0.000551,0.809694,1.780700,1.240751,1.420841,2.244296,1.241395,2.433085,3.222390,4.178578,3.632507,3.214336,4.062920,3.825806,4.208862
66.792915,66.042994,1.246785,3.349606,4.088354,4.355644,3.899639,3.032342,3.083959,3.886160,2.423458,3.455141,3.257221,3.112562,3.802323,3.457114,3.854926,3.951914,0.987851,0.000093,0.886047,1.784244,1.272967,1.466911,2.365108,1.253637,2.489141,3.208215,4.185021,3.631541,3.239787,4.051323,3.798422,4.209506
66.792915,66.042994,0.930178,3.410757,4.131423,4.390494,3.936461,3.166480,3.144781,3.909174,2.742366,3.565279,3.341386,3.201330,3.832241,3.525498,3.901283,4.000901,1.038109,0.001382,1.049707,1.857697,1.392813,1.616073,2.511049,1.372194,2.777480,3.349001,4.249132,3.749131,3.395715,4.084183,3.907637,4.270395
65.729049,66.024090,0.717791,3.488676,4.179752,4.415809,3.976243,3.316071,3.269057,3.956188,3.034314,3.693500,3.466648,3.289440,3.872022,3.557060,3.936790,4.031147,1.219488,0.000093,1.184050,1.986241,1.616718,1.791976,2.721745,1.467877,3.014271,3.467236,4.302290,3.862856,3.548744,4.148294,4.022328,4.343527
65.093263,65.881447,0.588912,3.557718,4.226437,4.437508,4.005832,3.424237,3.348290,3.970325,3.190809,3.755966,3.510046,3.364071,3.955201,3.629390,3.982489,4.069614,1.489140,-0.000229,1.303251,2.120262,1.741073,2.009759,2.906024,1.515236,3.339981,3.613177,4.376066,3.986245,3.677932,4.228836,4.239145,4.421491
65.533937,64.449786,0.524144,3.585334,4.255040,4.437837,4.046928,3.485059,3.463032,4.002873,3.293715,3.827310,3.555745,3.429826,3.992024,3.683308,4.031805,4.111039,1.749450,-0.000551,1.518135,2.305185,1.985597,2.201770,3.152802,1.481730,3.603190,3.821618,4.441465,4.118655,3.906026,4.302934,4.361568,4.473360
66.610862,63.366698,0.381786,3.607691,4.244848,4.432577,4.065668,3.474538,3.495251,3.976572,3.421606,3.858543,3.554430,3.438702,3.993996,3.666212,4.047586,4.115970,2.034566,0.000415,1.846099,2.579348,2.260404,2.396358,3.308731,1.547130,3.986567,4.086116,4.496234,4.251387,4.083861,4.425035,4.429867,4.519430
67.941781,62.576198,0.288414,3.711911,4.240246,4.439152,4.096902,3.528457,3.613609,4.001887,3.548841,3.894708,3.612622,3.550813,4.032791,3.701719,4.096902,4.138327,2.435018,0.001059,1.890236,2.762982,2.312595,2.550031,3.334182,1.550029,4.216594,4.241400,4.528772,4.313566,4.217882,4.495267,4.483347,4.521363
70.567892,60.580347,0.156906,3.732295,4.286602,4.466440,4.148519,3.658321,3.774049,4.024243,3.684294,3.981832,3.716185,3.719473,4.096244,3.774049,4.148847,4.185341,2.371873,0.932117,1.736885,2.836436,2.145391,2.510082,3.180509,1.484952,4.197586,4.212405,4.523296,4.365434,4.275228,4.472393,4.426001,4.444365
70.567892,60.580347,0.077671,3.787857,4.303370,4.480577,4.214930,3.838159,3.941064,4.073888,3.849666,4.091641,3.837173,3.890434,4.171861,3.880570,4.244191,4.253725,2.206602,2.103187,1.938561,2.877029,2.570005,2.641526,2.842557,2.109953,4.151194,4.131542,4.540370,4.512342,4.337728,4.513953,4.392496,4.533283
74.883009,58.087541,0.151645,3.918050,4.339534,4.497344,4.322767,3.962106,4.175149,4.160683,3.916406,4.215259,4.023915,4.063367,4.287917,3.992681,4.338877,4.367809,2.752673,2.180829,2.397969,2.897325,2.875096,2.901513,2.506216,2.211435,4.154093,4.372522,4.603515,4.630255,4.527484,4.637987,4.585474,4.619301
74.883009,58.087541,0.080959,4.109066,4.386877,4.496687,4.405617,4.131751,4.351041,4.252739,4.071586,4.323425,4.163642,4.218876,4.406275,4.158053,4.424686,4.445070,2.891848,2.253639,2.531345,2.916977,2.970779,2.993975,2.413110,2.160855,4.178256,4.489146,4.633798,4.675358,4.587407,4.707897,4.688889,4.645396
37.062721,27.835888,0.088850,4.210656,4.455591,4.504249,4.482221,4.258657,4.460193,4.410549,4.139971,4.420083,4.281342,4.364521,4.488468,4.289561,4.501290,4.518057,2.849645,2.244940,2.552930,2.903446,3.003318,2.981410,2.306796,2.089979,4.147328,4.503643,4.628966,4.680835,4.602226,4.721105,4.708541,4.642175
37.062721,27.835888,0.104959,4.242876,4.466769,4.496358,4.506550,4.283643,4.470714,4.451645,4.149834,4.441125,4.316192,4.375042,4.515756,4.334603,4.524304,4.538441,2.734954,2.266525,2.492363,2.868975,2.974001,2.935663,2.257827,2.009759,4.070975,4.490435,4.616724,4.670848,4.593528,4.709830,4.706286,4.631865
-6.856691,-4.774065,0.046109,4.328027,4.472358,4.466111,4.472358,4.261616,4.505235,4.464796,4.257342,4.404302,4.312246,4.347096,4.522331,4.416138,4.547646,4.520687,2.636693,2.244940,2.489141,2.828382,2.956604,2.888304,2.161499,1.940816,3.984956,4.478192,4.613502,4.663116,4.579675,4.698876,4.694366,4.620590
-38.464547,-14.362631,0.084247,4.297452,4.419426,4.357288,4.354000,3.993996,4.448029,4.381288,4.217560,4.259972,4.170546,4.206054,4.489454,4.432248,4.598277,4.553893,2.594167,2.186950,2.485598,2.786500,2.925354,2.843201,2.093522,1.903123,3.923423,4.461440,4.604159,4.653451,4.561955,4.684701,4.683090,4.603837
-49.905921,-22.267924,-0.007152,4.400028,4.500961,4.449344,4.256684,4.038709,4.478276,4.460522,4.394439,4.361562,4.269506,4.297452,4.557838,4.519372,4.680798,4.675538,2.506861,2.083535,2.417621,2.713046,2.851900,2.742363,1.984308,1.862530,3.789402,4.429867,4.588373,4.636376,4.539082,4.672781,4.670848,4.594816
-52.725537,-26.508802,-0.000576,4.431590,4.522660,4.488139,4.210328,4.039696,4.482878,4.472358,4.412522,4.360576,4.257342,4.299096,4.569345,4.535482,4.699538,4.683429,2.449515,2.070004,2.377994,2.668910,2.811629,2.689851,1.916654,1.855764,3.685664,4.407638,4.581608,4.627033,4.525551,4.659572,4.658927,4.583218
-53.305046,-32.029855,0.011259,4.433563,4.525619,4.502605,4.181724,3.996298,4.479262,4.463810,4.404960,4.362220,4.244191,4.268520,4.561126,4.524632,4.692634,4.677182,2.394425,2.029411,2.323548,2.615108,2.762016,2.644425,1.876383,1.849965,3.611888,4.374455,4.570010,4.617690,4.514597,4.654095,4.654095,4.578708
-53.708560,-34.948356,0.032958,4.431261,4.513125,4.507536,4.154765,3.960133,4.464796,4.465125,4.394439,4.358603,4.224465,4.255369,4.562112,4.514769,4.688360,4.668634,2.360920,1.986886,2.262981,2.587402,2.725933,2.605121,1.768780,1.858342,3.539401,4.368978,4.558089,4.605770,4.492368,4.641853,4.644752,4.576775
-54.817253,-35.938504,0.050054,4.433563,4.512468,4.504249,4.141943,3.920680,4.450330,4.452632,4.388521,4.347425,4.199149,4.206711,4.557509,4.502605,4.676853,4.653182,2.328703,1.973355,2.221422,2.551319,2.685018,2.577415,1.739785,1.859630,3.460793,4.369945,4.551968,4.589662,4.471427,4.627033,4.633798,4.564855
-58.234267,-34.157282,0.071096,4.410220,4.497344,4.475317,4.093285,3.855584,4.439810,4.439481,4.359918,4.313562,4.170875,4.168574,4.540742,4.485180,4.663702,4.640360,2.318072,1.954991,2.185662,2.556474,2.664077,2.602544,1.734952,1.853831,3.415045,4.360280,4.545203,4.586440,4.462728,4.619623,4.632188,4.552613
-58.234267,-34.157282,0.073726,4.400357,4.476303,4.445727,4.035750,3.792789,4.427316,4.424686,4.326055,4.282986,4.140628,4.125505,4.529893,4.470714,4.653182,4.630497,2.316139,1.983020,2.156667,2.552608,2.640881,2.589013,1.749128,1.852543,3.394104,4.346749,4.534571,4.575164,4.449842,4.613502,4.628644,4.547780
-58.618024,-32.398261,0.071753,4.388850,4.464467,4.431919,3.997284,3.759583,4.418111,4.415809,4.314877,4.261945,4.123861,4.093614,4.514769,4.456248,4.643976,4.618003,2.228187,1.935661,2.117363,2.525224,2.602544,2.551964,1.685017,1.818715,3.388628,4.307122,4.529417,4.568399,4.435344,4.604803,4.615113,4.535216
-58.205582,-30.153325,0.078986,4.376686,4.461837,4.408576,3.968681,3.733610,4.402987,4.390823,4.302055,4.250438,4.089669,4.045285,4.509509,4.444741,4.633455,4.606496,2.144424,1.833213,2.070004,2.470134,2.542943,2.512337,1.587401,1.808406,3.325161,4.257186,4.510087,4.546169,4.401839,4.591273,4.592883,4.516208
-57.889100,-28.794351,0.076685,4.363535,4.441782,4.398056,3.945996,3.716185,4.395425,4.368795,4.284958,4.226766,4.072573,4.030161,4.517399,4.444412,4.621291,4.593017,2.049064,1.797775,1.999128,2.440172,2.483665,2.482054,1.531988,1.782955,3.215947,4.239145,4.500422,4.534249,4.368978,4.576453,4.570654,4.479481
-55.894238,-31.461908,0.086219,4.357617,4.425344,4.375042,3.945010,3.716185,4.383590,4.349726,4.265232,4.208684,4.048244,4.010764,4.515427,4.436851,4.612414,4.583154,2.009759,1.782633,1.936306,2.392814,2.426319,2.435662,1.499127,1.762336,3.060019,4.202096,4.477548,4.514919,4.343849,4.555512,4.549069,4.436311
-52.113880,-33.471335,0.090494,4.354000,4.432577,4.376028,3.924626,3.687253,4.392467,4.334274,4.253068,4.193231,4.032463,3.998928,4.519043,4.444412,4.607483,4.572633,1.990107,1.744617,1.877994,2.350932,2.366719,2.385082,1.449514,1.725287,2.978511,4.173101,4.469172,4.494945,4.310988,4.524584,4.522973,4.394107
-48.914609,-39.691880,0.084904,4.341507,4.431590,4.362877,3.929886,3.657335,4.373069,4.332630,4.236629,4.171533,4.014051,3.981174,4.510495,4.440467,4.601236,4.564414,1.948870,1.697903,1.815171,2.297131,2.303896,2.347711,1.433083,1.688561,2.875740,4.147972,4.452097,4.479481,4.287148,4.502677,4.499455,4.349970
-48.348575,-43.450943,0.091809,4.297452,4.390165,4.323753,3.912461,3.613280,4.339206,4.278054,4.186327,4.144245,3.988078,3.943037,4.501947,4.428960,4.591373,4.554222,1.879927,1.608341,1.743973,2.225610,2.243651,2.302930,1.376382,1.650223,2.716268,4.084183,4.433733,4.457251,4.250421,4.471749,4.467883,4.291336
-48.348575,-43.450943,0.102987,4.248794,4.352028,4.289233,3.891091,3.591581,4.308301,4.216245,4.136683,4.106765,3.939092,3.909502,4.487810,4.416138,4.570989,4.532852,1.771679,1.493006,1.650545,2.069038,2.144102,2.204992,1.208212,1.542297,2.353510,4.016206,4.391530,4.422458,4.162148,4.409571,4.406349,4.181155
-47.489007,-44.482176,0.123700,4.210656,4.310931,4.261945,3.837501,3.520895,4.309616,4.188629,4.098545,4.080792,3.913776,3.885502,4.481892,4.404960,4.553893,4.511810,1.597388,1.302284,1.552607,1.902800,2.024257,2.083535,0.970454,1.391524,2.059051,3.882508,4.308411,4.373166,4.053256,4.328707,4.304545,4.049390
-47.112463,-46.058443,0.128302,4.178108,4.287917,4.216574,3.790816,3.437059,4.294493,4.179094,4.080463,4.053175,3.882214,3.855913,4.479262,4.380302,4.535811,4.489783,1.431795,1.173096,1.461112,1.769746,1.904733,1.990107,0.772323,1.267168,1.791331,3.802933,4.242367,4.308089,3.919557,4.221748,4.189209,3.892817
-48.783210,-50.375097,0.153947,4.138984,4.242547,4.176793,3.746103,3.387085,4.284630,4.141614,4.032791,4.022271,3.853940,3.817775,4.468084,4.365179,4.516413,4.465782,1.362851,1.064526,1.396679,1.712723,1.801318,1.906344,0.615428,1.125094,1.429862,3.707249,4.150227,4.220782,3.795845,4.122521,4.086761,3.810987
-48.783210,-50.375097,0.173673,4.083093,4.218547,4.150162,3.700075,3.339742,4.270493,4.109066,3.986435,3.978544,3.802981,3.767473,4.455262,4.349069,4.496358,4.443755,1.294230,1.003315,1.358341,1.678896,1.692427,1.794553,0.530699,1.000416,1.149256,3.585471,4.072585,4.152805,3.675033,4.034892,3.963371,3.716270
-51.079112,-51.854210,0.210824,4.015038,4.168574,4.108737,3.569224,3.139192,4.260629,4.006490,3.906872,3.900954,3.722760,3.684952,4.433563,4.311260,4.468741,4.406275,1.222387,0.943070,1.313560,1.669553,1.593844,1.749128,0.389268,0.896356,0.753959,3.477868,4.004608,4.100936,3.554221,3.962083,3.804544,3.597713
-53.534539,-56.909363,0.278880,3.878269,4.064025,4.015366,3.384126,2.889984,4.193231,3.907530,3.768460,3.789172,3.587964,3.586321,4.409563,4.281671,4.427974,4.347425,1.149900,0.896678,1.237851,1.660854,1.487207,1.691138,0.209500,0.780699,0.004603,3.349968,3.907959,4.018139,3.424710,3.884118,3.568396,3.425354
-55.799992,-58.578472,0.335758,3.764186,3.964078,3.905886,3.148398,2.680885,4.131423,3.816460,3.640239,3.686267,3.529443,3.495909,4.386220,4.250438,4.394110,4.307644,1.074514,0.813238,1.161176,1.651189,1.382504,1.612852,0.091910,0.647323,0.002348,3.070328,3.816141,3.911825,3.270393,3.693074,3.261050,3.247841
-55.880305,-62.163212,0.366333,3.641883,3.852954,3.813172,2.838367,2.491513,4.091970,3.750377,3.553443,3.591252,3.470922,3.433771,4.363206,4.205725,4.367151,4.274109,0.977864,0.745583,1.122838,1.646679,1.284243,1.548741,-0.000229,0.490428,0.000737,2.675031,3.753319,3.813564,3.149581,3.543267,2.956926,3.062274
-55.880305,-62.163212,0.426828,3.531416,3.733610,3.696459,2.607569,2.242633,4.042326,3.633992,3.404182,3.505114,3.428511,3.384784,4.327370,4.168902,4.322767,4.236629,0.920196,0.678895,1.078380,1.628316,1.204024,1.499450,-0.001196,0.402799,0.001704,2.254927,3.723036,3.686309,3.009117,3.401514,2.719812,2.868008
-58.561242,-64.727574,0.468253,3.441990,3.635965,3.576129,2.317593,2.038138,3.977887,3.544238,3.290756,3.439689,3.373935,3.298975,4.302712,4.142930,4.299753,4.205396,0.862529,0.577091,1.009436,1.608341,1.148612,1.439205,-0.000229,0.349964,0.001704,2.054862,3.696940,3.558087,2.779413,3.287468,2.540044,2.664077
-58.985800,-66.269001,0.514610,3.397935,3.577773,3.463360,2.070029,1.945424,3.915420,3.429826,3.185549,3.352564,3.300290,3.225659,4.280027,4.121231,4.268520,4.165943,0.847387,0.465944,0.966266,1.585145,1.110596,1.371228,-0.000229,0.284887,0.001704,1.894746,3.633796,3.494298,2.671165,3.223034,2.371229,2.402479
-62.667289,-69.844382,0.525459,3.287468,3.457771,3.337770,1.549583,1.661695,3.794761,3.263796,3.033657,3.215467,3.152672,3.082972,4.243533,4.059093,4.225780,4.112354,0.798418,0.407310,0.929861,1.564527,1.068392,1.338367,-0.000229,0.256214,0.001059,1.797452,3.613499,3.397326,2.587402,3.182119,2.213046,2.169553
-62.667289,-69.844382,0.525130,3.106315,3.387743,3.215796,1.155386,1.434185,3.710267,3.159905,2.868942,3.078698,2.987629,2.976779,4.197177,3.999257,4.179094,4.054819,0.760725,0.365428,0.896034,1.582246,1.064204,1.337723,0.000093,0.202413,0.000737,1.818715,3.569040,3.371553,2.521680,3.142815,2.107698,2.023612
-66.184141,-74.027475,0.629680,2.947519,3.319359,3.120781,0.964370,1.222784,3.631033,3.154644,2.622364,2.948834,2.853819,2.918587,4.150820,3.956188,4.130107,4.001887,0.665042,0.293907,0.861240,1.557761,1.029088,1.311949,0.000093,0.167619,0.000093,1.770391,3.463048,3.280380,2.447904,3.039078,1.892813,1.778767
-66.184141,-74.027475,0.886780,2.778859,3.202645,2.971848,0.790778,0.956151,3.572841,3.069493,2.233428,2.801544,2.631570,2.785106,4.087367,3.891420,4.067312,3.944681,0.573547,0.228508,0.807761,1.556795,1.064849,1.330313,-0.000551,0.116072,-0.000551,1.790365,3.399259,3.196617,2.434695,2.982377,1.713367,1.575481
-70.603609,-81.686477,1.069577,2.546747,3.137220,2.889984,0.705955,0.930835,3.496237,2.921546,1.945095,2.666091,2.429704,2.677598,4.042983,3.845063,4.021613,3.914763,0.513302,0.166974,0.728508,1.560017,1.090300,1.346743,0.000093,0.069358,0.000093,1.935983,3.366720,3.122519,2.407956,2.956281,1.580313,1.488496
-70.603609,-81.686477,1.101139,2.448773,3.007355,2.653269,0.717133,0.857519,3.424565,2.760448,1.776765,2.586857,2.242305,2.516829,3.989722,3.773720,3.972626,3.866105,0.464655,0.130248,0.680506,1.589011,1.112851,1.382826,-0.000229,0.049062,-0.000874,1.929218,3.379929,3.084825,2.394425,2.921488,1.632826,1.457568
-73.149306,-87.568527,1.058727,2.276497,2.952779,2.540171,0.660256,0.847327,3.335140,2.676940,1.673202,2.473431,1.935561,2.407019,3.947640,3.719802,3.935475,3.819748,0.423740,0.111884,0.679539,1.610919,1.168908,1.496550,0.000093,0.048096,0.000415,2.121873,3.458538,3.097390,2.400868,2.899902,1.744617,1.411176
-77.109286,-92.463204,1.195496,2.207784,2.837380,2.370525,0.574117,0.780258,3.234865,2.609213,1.394074,2.362635,1.815560,2.259072,3.897009,3.637938,3.881557,3.765172,0.433083,0.075480,0.749771,1.637336,1.310661,1.606408,-0.000229,0.043585,0.000415,2.361886,3.529092,3.168911,2.436951,2.947583,2.037466,1.445004
-77.109286,-92.463204,1.418075,1.891834,2.532281,1.954959,0.198660,0.578063,3.039575,2.397485,0.968315,2.143345,1.378622,2.087782,3.786542,3.574814,3.802323,3.695144,0.481085,0.035531,0.788753,1.651512,1.441138,1.710790,0.000415,0.045196,0.000737,2.529734,3.584504,3.279736,2.489464,2.977222,2.107698,1.488818
-79.537861,-92.487801,1.457527,1.800107,2.379731,1.770847,0.079315,0.399211,2.928450,2.048658,0.798011,1.867834,1.015329,2.006576,3.665554,3.490319,3.736569,3.646486,0.505248,0.000415,0.810338,1.559372,1.491073,1.775223,-0.000229,0.055183,0.000415,2.383149,3.607700,3.434697,2.456603,2.954993,1.985597,1.758470
-76.661845,-87.420253,1.556816,1.659722,2.255456,1.615666,0.070438,0.216413,2.739407,1.650516,0.538939,1.680434,0.757572,1.876382,3.491963,3.395633,3.623800,3.594869,0.396034,-0.000229,0.681794,1.054539,1.109630,1.334823,-0.000551,0.036498,0.000737,0.821936,3.358022,3.239787,1.837401,2.381860,0.901833,1.570326
-74.090494,-80.096414,1.508487,1.499939,2.083179,1.322073,0.059260,0.059260,2.565158,1.271443,0.189783,1.338512,0.249291,1.690955,3.301276,3.226316,3.517279,3.531087,0.219487,0.000093,0.393779,0.568714,0.622516,0.725931,0.000093,0.080312,0.000415,-0.000229,2.755572,2.413433,0.659243,0.710145,0.002348,1.410532
-74.090494,-80.096414,1.279662,1.217853,1.671886,0.974891,0.046109,0.046109,2.320881,1.128756,0.046109,0.773025,0.000410,1.190236,3.188837,3.137548,3.417990,3.468292,0.154732,-0.000229,0.358663,0.524256,0.504926,0.567748,0.000093,0.108663,-0.000551,-0.000551,2.521358,1.477220,0.515235,0.001704,-0.000229,1.619939
-71.719110,-75.962016,1.118564,0.960096,1.276703,0.813135,0.037561,0.037232,2.212058,1.005138,0.039205,0.273291,0.000081,1.023220,3.103027,3.101055,3.362756,3.390044,0.178895,-0.000229,0.338366,0.507181,0.406665,0.452735,0.000093,0.153444,0.000415,0.001059,2.471100,1.516846,0.378959,0.002348,-0.001196,2.053574
-60.826500,-69.042096,0.957794,0.770066,0.922616,0.694119,0.033287,0.033616,2.191674,0.933794,0.032958,0.031314,0.000410,0.962068,2.976122,3.042862,3.308509,3.273002,0.225286,0.001059,0.321292,0.498482,0.424384,0.428572,0.000093,0.169874,0.000093,-0.000551,2.588046,1.272967,0.289719,0.001704,-0.000551,2.501384
-26.165744,-30.671017,0.925246,0.414663,0.553076,0.502774,0.028356,0.027040,2.241318,0.912753,0.028027,0.027040,0.000739,0.510007,2.718365,2.895902,3.194754,3.049109,0.262335,0.000415,0.304861,0.568714,0.407954,0.415042,-0.000229,0.227864,0.001382,-0.000551,2.760083,1.086112,0.043585,0.000415,0.000093,2.894103
-0.912439,-8.079704,1.030124,0.073726,0.064849,0.023424,0.024410,0.024410,2.227181,1.261251,0.024410,0.139481,0.000081,-0.000905,1.891506,2.209756,2.646693,2.125920,0.272645,0.000415,0.295518,0.575480,0.402477,0.383147,-0.000551,0.234629,0.000415,-0.001196,2.426319,0.926318,0.003315,0.000737,-0.000229,3.044877
14.584745,1.178019,0.724366,0.017177,1.288210,0.016848,0.093781,0.016848,0.256524,0.990343,0.016848,0.016520,0.000081,0.001067,0.720421,1.273744,1.527556,1.302347,0.285209,0.000093,0.295196,0.556794,0.399900,0.365750,0.000093,0.246227,-0.000551,-0.000551,2.323226,0.847387,0.003959,-0.000229,-0.000551,3.214336
25.088063,9.298134,0.913081,0.288086,2.010850,0.030328,1.671886,0.031643,0.192413,1.069248,0.030986,0.030657,-0.000576,0.000081,0.481733,0.773682,1.070892,0.935109,0.276188,0.000415,0.296485,0.518457,0.362206,0.299706,0.000093,0.287786,0.000415,-0.000874,2.162144,0.931472,0.003315,-0.000229,-0.000874,3.437275
40.533728,23.203924,1.112975,0.494555,2.252825,0.284469,2.122303,0.040191,0.211153,1.325361,0.037890,0.037561,-0.001563,0.000410,0.824313,1.307279,1.445034,1.346074,0.288109,0.000093,0.293263,0.449191,0.349642,0.247516,-0.000551,0.328701,0.001382,0.000093,2.266525,1.079668,0.003315,-0.000874,-0.000874,3.546811
40.533728,23.203924,1.147496,0.585296,2.541486,0.398553,2.257757,0.043808,0.286442,1.371718,0.044465,0.298278,0.000410,0.000410,1.067933,1.492048,1.621913,1.441418,0.282954,-0.000229,0.294230,0.432761,0.384114,0.236240,-0.000874,0.348031,0.000737,-0.000229,2.124128,1.098998,0.028121,-0.000229,-0.000874,3.627997
46.918994,30.620523,1.094563,0.679325,2.666748,0.579378,2.396827,0.047096,0.284798,1.384869,0.045452,0.355484,0.000081,0.000739,1.256977,1.717586,1.665311,1.619283,0.299706,0.000093,0.297773,0.423740,0.373482,0.233340,-0.000551,0.354475,0.001704,-0.000551,1.962723,1.177929,0.108985,-0.000551,0.001382,3.717559
52.101846,37.809188,1.049193,0.542884,2.756174,0.860807,2.415238,0.048739,0.263099,1.320758,0.047424,0.480746,0.000410,-0.001234,1.367773,1.798135,1.695887,1.731394,0.315815,-0.000229,0.301962,0.409887,0.387980,0.232374,0.000415,0.349642,0.001382,-0.000229,1.984308,1.212078,0.218521,0.000093,-0.000874,3.746876
56.587644,41.915780,1.123167,0.675051,2.811079,1.259278,2.511897,0.054000,0.163152,1.461801,0.054657,0.944315,0.001396,0.001067,1.479884,1.922410,1.775121,1.906300,0.327090,0.000093,0.321292,0.415042,0.387335,0.229797,-0.000229,0.310016,0.002026,-0.000551,1.912143,1.477542,0.408276,0.002026,-0.000874,3.742366
58.989442,45.560197,1.248429,0.950561,2.860723,1.620598,2.770640,0.065178,0.160193,1.827724,0.063205,1.488761,-0.000248,0.381786,1.607447,2.004932,2.045042,2.068713,0.314204,0.000093,0.387980,0.395067,0.371871,0.230119,0.000093,0.349964,0.001704,-0.000551,1.821615,1.526511,0.397322,0.002026,-0.000229,3.719814
62.211794,47.941814,1.402623,1.133030,2.947190,1.919451,3.025437,0.070110,0.178276,2.077590,0.071425,1.688983,0.054329,0.754285,1.600543,2.146303,2.316607,2.244606,0.318392,-0.000874,0.392168,0.389913,0.373160,0.215944,-0.000229,0.371549,0.001382,-0.001196,1.860919,1.556795,0.472065,0.001382,-0.000874,3.684054
62.211794,47.941814,1.464760,1.340813,3.025109,2.360334,3.138535,0.081617,0.915054,2.305429,0.080630,1.725147,0.318662,0.847656,1.705750,2.280771,2.483294,2.428060,0.334178,-0.000551,0.383147,0.423096,0.362206,0.210467,0.000737,0.376382,0.000415,-0.000874,1.954669,1.520390,0.532310,0.002348,0.000093,3.614788
68.124660,53.668256,1.700490,1.550899,3.049109,2.576007,3.255577,0.281510,1.027165,2.424115,0.085891,1.840875,0.647434,0.920643,1.922081,2.470143,2.575679,2.599350,0.353186,0.000415,0.365750,0.435660,0.352542,0.213044,-0.000229,0.377670,0.001059,-0.000229,2.160533,1.521679,0.569681,0.023933,0.002348,3.569685
69.708515,55.412509,1.687996,1.643612,3.259194,2.724283,3.353551,0.404471,1.273415,2.568117,0.093452,1.925698,0.835491,1.425308,2.310032,2.651954,2.760777,2.834421,0.350286,-0.000229,0.348031,0.475609,0.330312,0.218521,-0.000551,0.369616,0.002026,-0.003773,2.099643,1.539720,0.580957,0.374771,0.001059,3.532958
69.485306,54.643296,1.810299,1.770847,3.263139,2.761434,3.418647,0.496856,1.174126,2.773928,0.097398,2.093700,0.962068,1.471993,2.475075,2.834750,2.935354,2.904778,0.340299,-0.001196,0.324513,0.478508,0.316137,0.217877,0.000415,0.356408,0.000415,-0.000229,2.282311,1.640236,0.565170,0.494616,0.001382,3.353189
69.875834,58.318361,2.031891,1.900711,3.246371,2.751242,3.514320,0.883821,1.351992,2.919573,0.102001,2.225537,1.073851,1.670900,2.591788,2.959026,3.059630,3.005711,0.337722,0.000737,0.314526,0.453057,0.301962,0.218843,0.000093,0.352542,0.002992,-0.000551,2.418909,1.685661,0.517490,0.699836,0.003315,3.241076
69.875834,58.318361,1.986849,2.077919,3.292728,2.813709,3.585005,1.117577,1.512432,2.976779,0.107261,2.363950,1.327334,1.786956,2.864997,3.032999,3.184891,3.126699,0.348353,-0.000229,0.325157,0.484629,0.312271,0.226253,0.000093,0.351575,0.000415,0.000737,2.564850,1.826125,0.539075,1.203702,0.003959,3.257828
66.358760,56.972571,2.114413,2.119015,3.378209,3.077383,3.651746,1.317142,1.602516,3.154316,0.113508,2.460938,1.624872,1.860272,3.025109,3.162206,3.244728,3.188508,0.411176,0.001382,0.349642,0.571292,0.357052,0.302928,-0.000229,0.357696,0.002026,-0.001196,2.760083,2.056473,0.702413,1.634759,0.005892,3.306798
64.242360,58.886585,2.303785,2.173263,3.397935,3.098425,3.690212,1.401636,1.726462,3.255577,0.116795,2.536226,1.716928,1.982904,3.097438,3.196070,3.277605,3.261824,0.485596,-0.000229,0.358341,0.616717,0.373804,0.361240,0.000093,0.360918,0.001704,0.002348,2.829026,2.297453,0.903766,2.040043,0.339655,3.310341
61.746216,59.845315,2.451074,2.185756,3.416017,3.096452,3.713226,1.474295,1.725805,3.261166,0.118110,2.616117,1.837258,2.023014,3.175028,3.227632,3.333167,3.298646,0.479797,0.000093,0.354152,0.620905,0.411498,0.391846,0.000093,0.361562,0.000737,-0.000551,2.925676,2.464013,1.204346,2.259760,0.521034,3.332893
58.008543,58.168199,2.478691,2.277812,3.432127,3.238152,3.717171,1.536104,1.769532,3.272344,0.120741,2.664776,1.994411,2.041425,3.215796,3.231906,3.374592,3.383140,0.486884,0.061949,0.358341,0.640557,0.442748,0.420196,0.000093,0.362529,0.001704,-0.000874,2.981732,2.529734,1.569682,2.545843,0.722709,3.352223
60.085024,60.387404,2.620392,2.265319,3.385770,3.447251,3.707637,1.535446,1.860272,3.279249,0.122384,2.634200,2.082193,2.120331,3.234536,3.225330,3.417990,3.440346,0.482052,0.094809,0.362529,0.659243,0.465944,0.442748,-0.000229,0.362206,0.001382,0.435016,3.206926,2.654090,1.934695,2.759438,1.038753,3.386695
60.085024,60.387404,2.728886,2.384663,3.487032,3.508073,3.713226,1.643612,1.841532,3.321331,0.126001,2.728557,2.207126,2.197592,3.275961,3.254262,3.473881,3.536347,0.466588,0.153766,0.359951,0.679217,0.476575,0.459500,0.000093,0.367683,0.002026,0.679217,3.284246,2.729155,2.130894,2.865431,1.222065,3.411501
61.339171,60.649017,2.801873,2.467842,3.516292,3.656678,3.739528,1.725147,1.905643,3.416675,0.128960,2.909052,2.448115,2.392882,3.344345,3.272016,3.531745,3.574485,0.498804,0.242361,0.362851,0.706923,0.497516,0.492039,0.071936,0.373804,0.001704,0.815493,3.350612,2.739142,2.224644,3.027158,1.838690,3.451772
61.884530,61.777615,2.745653,2.543459,3.637938,3.669500,3.725062,1.738627,2.076604,3.475854,0.221345,2.963300,2.551678,2.547076,3.424565,3.270701,3.608677,3.630705,0.508147,0.322258,0.375415,0.755570,0.566137,0.557761,0.224642,0.387335,0.000737,1.331601,3.498164,2.827093,2.431796,3.142493,2.199193,3.556154
64.309704,63.038493,3.044506,2.604939,3.645828,3.807583,3.745774,1.752764,2.167016,3.602430,0.136193,2.970204,2.641433,2.632885,3.455799,3.330866,3.660294,3.676075,0.525222,0.321936,0.449191,0.856408,0.664720,0.630248,0.388946,0.447902,0.076124,1.686305,3.665690,3.021359,2.545198,3.275225,2.529412,3.593203
64.309704,63.038493,3.120452,2.591131,3.765829,3.871365,3.744788,1.801422,2.440554,3.707637,0.138494,2.986314,2.747297,2.774256,3.512347,3.349277,3.694486,3.721445,0.635725,0.240428,0.536820,1.028444,0.788753,0.747194,0.728186,0.582567,1.100931,2.065494,3.818074,3.149903,2.750740,3.468847,2.777157,3.678577
68.855133,62.572940,2.848230,2.737763,3.788186,3.969010,3.762871,1.874081,2.574035,3.733939,0.436691,3.105658,2.838696,2.821271,3.571855,3.388072,3.731309,3.757610,0.732374,0.133791,0.600931,1.181472,0.883470,0.871872,1.006215,0.681794,1.441782,2.288432,3.883152,3.252029,2.874451,3.691141,3.002673,3.810020
68.647345,62.199656,2.814695,2.781818,3.829611,4.025887,3.777336,1.982904,2.612172,3.809885,0.569186,3.103027,2.877490,2.903463,3.624787,3.400236,3.754980,3.777994,0.783598,0.042297,0.658598,1.287465,0.989784,0.992361,1.254926,0.727220,1.633148,2.486242,3.942108,3.360921,3.026836,3.848036,3.214980,3.869299
68.647345,62.199656,2.587186,2.929436,3.890434,4.129779,3.803967,2.284387,2.746640,3.839474,0.901574,3.186864,2.882422,2.939957,3.670157,3.410099,3.784241,3.813501,0.799385,0.000093,0.684694,1.335467,1.051318,1.058405,1.483019,0.806472,1.781344,2.601899,4.006219,3.417623,3.160534,3.911825,3.433731,3.938887
71.735172,66.231387,2.478034,2.977766,3.949284,4.226109,3.815474,2.448115,2.836394,3.850652,1.078125,3.215796,2.985327,2.958368,3.717500,3.439031,3.810871,3.826652,0.810016,0.001382,0.756537,1.325480,1.105119,1.083856,1.592555,0.864784,1.883471,2.631539,4.043913,3.440174,3.184375,3.926644,3.521682,3.989789
71.735172,66.231387,1.961205,3.075082,4.071586,4.293507,3.857885,2.621707,2.861052,3.840460,1.637037,3.276290,3.066863,2.975464,3.749720,3.499854,3.835529,3.869392,0.848354,-0.000229,0.858341,1.353509,1.176318,1.159243,1.787465,0.958534,2.115430,2.708214,4.074196,3.514594,3.214658,3.981413,3.587404,4.025227
73.786708,66.921825,1.578187,3.171412,4.149505,4.341178,3.896023,2.837709,2.926477,3.883201,2.121317,3.302591,3.194097,3.023465,3.795090,3.552457,3.890434,3.894050,0.967233,0.000415,0.989140,1.441138,1.266524,1.352220,2.048419,1.133792,2.205636,2.956281,4.108990,3.624775,3.269104,4.036825,3.751708,4.117366
73.140571,66.852026,1.201743,3.270043,4.187971,4.390494,3.939092,2.991245,3.055027,3.912461,2.551678,3.446922,3.284180,3.115192,3.823036,3.597499,3.930544,3.936461,1.052606,0.000737,1.092877,1.557439,1.441460,1.501705,2.284244,1.278766,2.361886,3.152480,4.157637,3.768783,3.392171,4.098359,3.962405,4.223037
72.824246,66.921133,0.970945,3.365715,4.227424,4.425672,3.961777,3.118480,3.116507,3.942379,2.816010,3.481771,3.346647,3.184891,3.823693,3.627746,3.959147,3.981503,1.069359,-0.000551,1.200802,1.627027,1.612852,1.675030,2.528123,1.438560,2.717879,3.277803,4.228836,3.843203,3.493331,4.162792,4.079995,4.320975
72.824246,66.921133,0.895656,3.445935,4.237944,4.435207,4.001558,3.161549,3.148069,3.966708,2.915957,3.551471,3.359469,3.195741,3.839474,3.643855,3.965722,3.998599,1.223354,0.000093,1.308083,1.810983,1.862530,1.904733,2.743008,1.577414,3.028124,3.462081,4.293913,3.956284,3.660858,4.260730,4.261052,4.465950
71.551614,67.312799,0.692804,3.502155,4.258328,4.453618,4.015695,3.269385,3.251632,3.991695,3.119137,3.651417,3.398264,3.242097,3.863146,3.652404,3.980188,4.013723,1.428573,0.000415,1.460790,1.946293,2.008793,2.042620,2.896681,1.572259,3.252352,3.571940,4.345138,4.068397,3.796812,4.315498,4.372200,4.497844
72.754632,68.998649,0.517240,3.570868,4.283643,4.459207,4.042983,3.402209,3.319359,4.008134,3.356181,3.743473,3.491306,3.334482,3.894379,3.674431,4.015695,4.057778,1.635081,-0.000551,1.603831,2.058406,2.130894,2.131860,3.110277,1.545519,3.452739,3.734634,4.409249,4.118011,3.934698,4.340627,4.417625,4.518785
72.835041,71.595242,0.378169,3.585992,4.303698,4.483207,4.072901,3.449552,3.438702,4.007805,3.478484,3.825337,3.513662,3.340729,3.971640,3.710925,4.084737,4.092299,1.876383,0.000093,1.821937,2.275224,2.330636,2.287788,3.237532,1.524578,3.820974,3.874131,4.447909,4.243011,4.184377,4.452741,4.499455,4.507509
74.280434,73.539362,0.203262,3.639253,4.301397,4.497344,4.116628,3.513662,3.554759,3.997284,3.663253,3.894379,3.575142,3.502813,4.018983,3.766816,4.145888,4.143258,2.135726,0.379926,1.844811,2.530701,2.331925,2.358342,3.211759,1.401511,4.036503,4.022650,4.486569,4.281671,4.275228,4.491723,4.523618,4.426646
74.590774,72.697561,0.169399,3.741172,4.339206,4.511482,4.179094,3.641554,3.731637,4.051531,3.758925,3.977558,3.742487,3.693171,4.100847,3.843748,4.206382,4.179423,2.075159,1.568715,1.820326,2.629283,2.357054,2.339335,2.904735,1.536499,4.004286,4.009441,4.487213,4.292303,4.305834,4.485280,4.462406,4.312599
70.907294,64.648942,0.101014,3.837830,4.367151,4.531208,4.255040,3.797063,3.897009,4.080134,3.885502,4.091970,3.870707,3.854598,4.187314,3.938105,4.276410,4.251424,2.260404,2.026834,2.059051,2.748485,2.599322,2.624129,2.504928,1.950803,4.013951,4.157959,4.514275,4.518463,4.419236,4.556156,4.507509,4.504610
70.907294,64.648942,0.154275,3.948626,4.380631,4.539756,4.321781,3.894708,4.143587,4.140628,3.948955,4.188957,4.016682,4.016024,4.272136,4.055477,4.349726,4.337891,2.679219,2.220455,2.418265,2.905379,2.921810,2.967557,2.419554,2.036821,4.121232,4.482058,4.609958,4.645719,4.578386,4.700487,4.682445,4.641853
66.305049,57.511753,0.153947,4.112025,4.395097,4.522331,4.376028,4.000901,4.300082,4.209670,4.003531,4.257013,4.114984,4.135039,4.370439,4.146875,4.403316,4.384576,2.806474,2.304863,2.508149,2.920199,3.004606,2.984310,2.419554,2.044231,4.141207,4.501710,4.607703,4.658927,4.605448,4.724327,4.723038,4.652806
48.148049,48.725255,0.127316,4.211643,4.432905,4.503591,4.426987,4.189286,4.427316,4.369124,4.085395,4.354658,4.196190,4.263588,4.438166,4.257671,4.471043,4.447700,2.685340,2.232376,2.469167,2.875418,2.940173,2.931475,2.284889,1.970133,4.036503,4.454352,4.585151,4.637342,4.570654,4.705641,4.710796,4.630577
9.210369,8.116261,0.116795,4.272136,4.447042,4.461837,4.450988,4.219533,4.475974,4.422385,4.142601,4.381946,4.236629,4.311589,4.486166,4.339863,4.504249,4.484194,2.521358,2.179540,2.405701,2.843846,2.884761,2.875740,2.174386,1.858986,3.956606,4.418914,4.575809,4.623489,4.547780,4.689211,4.693721,4.602548
-49.481477,-23.435691,0.122384,4.245835,4.343151,4.308959,4.348411,3.993668,4.397398,4.314877,4.077833,4.205725,4.089669,4.112354,4.442111,4.321781,4.505564,4.467755,2.398935,2.104154,2.352543,2.781346,2.810663,2.812918,2.081924,1.808084,3.868977,4.362213,4.555834,4.601260,4.523940,4.670848,4.674714,4.581930
-55.272935,-25.751507,-0.029508,4.292520,4.402987,4.410220,4.255698,3.950927,4.422385,4.370768,4.320466,4.333288,4.238273,4.252739,4.533509,4.489454,4.645620,4.639702,2.301319,2.009115,2.250095,2.704348,2.731088,2.718201,1.950803,1.807762,3.703706,4.312277,4.532638,4.577097,4.495589,4.650551,4.644108,4.563566
-55.272935,-25.751507,-0.025892,4.411535,4.499317,4.495372,4.247807,4.066326,4.466440,4.456248,4.422713,4.352356,4.265890,4.298109,4.578880,4.538770,4.688689,4.674552,2.248806,1.929218,2.185662,2.624773,2.643137,2.607698,1.822581,1.739785,3.568718,4.270717,4.501388,4.552935,4.463695,4.631221,4.642497,4.553901
-56.350577,-24.345316,-0.006166,4.430275,4.503591,4.504906,4.201779,4.037065,4.458878,4.445070,4.407919,4.340850,4.245177,4.286602,4.580523,4.532852,4.686059,4.669949,2.213368,1.893458,2.141847,2.574837,2.587402,2.557118,1.706602,1.705957,3.453061,4.245266,4.491079,4.542948,4.444687,4.616401,4.630577,4.540048
-56.446074,-23.253201,0.025725,4.420083,4.502276,4.475317,4.156080,3.938105,4.438494,4.436851,4.374384,4.312575,4.216245,4.236629,4.566386,4.509509,4.666661,4.654168,2.186950,1.851576,2.089012,2.517492,2.527479,2.513626,1.658599,1.712401,3.284890,4.201130,4.468527,4.518463,4.413437,4.599005,4.621234,4.519752
-56.969832,-18.318491,0.053342,4.407590,4.485509,4.461508,4.121888,3.897338,4.425672,4.423371,4.355644,4.297781,4.183697,4.212958,4.557181,4.492413,4.652853,4.638387,2.109953,1.796808,2.028123,2.424064,2.450804,2.462402,1.586434,1.691138,3.025547,4.167302,4.448553,4.490112,4.375421,4.571620,4.597072,4.474326
-57.481893,-15.054192,0.072411,4.411206,4.470714,4.428303,4.074216,3.851967,4.433234,4.422056,4.336247,4.272794,4.155094,4.164957,4.539098,4.466769,4.638387,4.620633,1.938883,1.746228,1.909244,2.319360,2.357376,2.376384,1.423741,1.618329,2.937596,4.062920,4.414081,4.441788,4.308733,4.513631,4.551646,4.403450
-59.321105,-12.753562,0.064849,4.386877,4.470714,4.410220,4.041339,3.758596,4.428303,4.413508,4.329014,4.248794,4.121231,4.104135,4.529235,4.457892,4.625565,4.606825,1.892169,1.722388,1.837723,2.242685,2.295198,2.318716,1.330957,1.579669,2.828060,4.011052,4.376066,4.408927,4.248810,4.477548,4.523296,4.361568
-60.898167,-12.237256,0.082274,4.372412,4.462166,4.392467,3.984791,3.723089,4.413508,4.386549,4.304685,4.219204,4.078819,4.055477,4.520687,4.441125,4.615373,4.591373,1.852221,1.671808,1.754927,2.187595,2.225932,2.265881,1.315815,1.527478,2.599966,3.974647,4.338372,4.379610,4.175356,4.442110,4.484636,4.310666
-60.854410,-13.458921,0.076685,4.359589,4.447042,4.389179,3.938105,3.700733,4.387206,4.358274,4.289890,4.189615,4.031476,3.988078,4.514112,4.429289,4.604524,4.573948,1.797452,1.602542,1.675352,2.091912,2.138948,2.181473,1.247838,1.495584,2.381860,3.913758,4.281349,4.349648,4.103836,4.391852,4.433089,4.227869
-61.202744,-14.115137,0.077671,4.332301,4.419426,4.367151,3.860187,3.571526,4.354658,4.313233,4.243205,4.160683,3.962763,3.934489,4.501947,4.407261,4.586441,4.549948,1.709823,1.505571,1.616396,2.030378,2.087079,2.122839,1.137014,1.466911,2.205636,3.836438,4.245911,4.310022,4.037792,4.346426,4.378321,4.153449
-60.482399,-13.779464,0.060575,4.257999,4.356959,4.309288,3.713555,3.339085,4.312575,4.231698,4.178766,4.095587,3.878927,3.872680,4.475646,4.358603,4.552907,4.516084,1.623805,1.436627,1.574514,1.975288,2.043909,2.075803,1.053251,1.399900,2.104798,3.764917,4.209828,4.274261,3.986889,4.315498,4.315176,4.089660
-59.909006,-15.296432,0.110549,4.201779,4.315863,4.251753,3.617554,3.299632,4.302055,4.178437,4.107751,4.040682,3.852954,3.829611,4.457563,4.306329,4.519372,4.487810,1.517169,1.335790,1.506215,1.886370,1.973033,2.010404,0.922452,1.326447,1.954347,3.723358,4.142495,4.226259,3.888629,4.258153,4.262019,4.014273
-57.679402,-14.276277,0.108247,4.161998,4.275753,4.219862,3.563635,3.223029,4.293507,4.164300,4.084080,4.010106,3.805611,3.780624,4.438823,4.282657,4.497344,4.465782,1.422774,1.233663,1.450803,1.789398,1.893135,1.902156,0.807439,1.261692,1.661499,3.636051,4.061954,4.163114,3.815819,4.213372,4.201774,3.926644
-57.679402,-14.276277,0.144412,4.121231,4.237944,4.155094,3.485059,3.128343,4.270493,4.100847,4.024572,3.971640,3.751035,3.735254,4.425344,4.261616,4.470714,4.434220,1.372194,1.152478,1.408277,1.757182,1.841267,1.854153,0.721421,1.177284,1.318393,3.539401,4.031026,4.126065,3.765239,4.185988,4.148617,3.844492
-59.461815,-21.981440,0.151974,4.062381,4.202766,4.121559,3.410428,3.005054,4.244520,4.023915,3.975914,3.904899,3.702705,3.676075,4.415152,4.235643,4.448686,4.399699,1.333857,1.099965,1.368328,1.731731,1.792942,1.811950,0.601897,1.064204,1.035532,3.447584,3.985923,4.086761,3.706927,4.132830,4.089016,3.750420
-61.888741,-28.331640,0.189454,3.999914,4.156409,4.099203,3.287468,2.872888,4.238931,3.983476,3.902598,3.850652,3.628403,3.601115,4.402658,4.210656,4.432577,4.372412,1.274900,1.050351,1.329346,1.723999,1.714656,1.780700,0.489140,0.986563,0.654732,3.314530,3.944686,4.070008,3.679865,4.104802,3.990111,3.683409
-62.399095,-31.549902,0.217400,3.899968,4.095587,4.062052,3.098753,2.720995,4.215917,3.922653,3.839803,3.797720,3.549169,3.559361,4.383918,4.175149,4.415152,4.356959,1.193715,0.983985,1.279089,1.719488,1.657633,1.818715,0.339655,0.925351,0.077735,3.133150,3.899582,4.029737,3.638950,4.064853,3.757185,3.601901
-62.399095,-31.549902,0.268688,3.822049,4.035750,3.985120,2.843298,2.547404,4.189944,3.888790,3.746103,3.723089,3.496895,3.447579,4.361562,4.162985,4.397069,4.337891,1.101253,0.923418,1.196292,1.684050,1.555184,1.778122,0.187271,0.837722,0.003959,2.733343,3.864789,3.959505,3.536179,3.965949,3.418589,3.468525
-62.016458,-34.500972,0.319977,3.727363,3.951256,3.905557,2.716721,2.384991,4.138656,3.807255,3.653390,3.645171,3.444949,3.346647,4.333617,4.140299,4.380960,4.328685,1.000738,0.809694,1.131215,1.607053,1.425996,1.658277,0.053250,0.705634,0.002348,2.257827,3.802288,3.887984,3.397648,3.841593,3.088369,3.324517
-63.167428,-37.788773,0.317018,3.611307,3.859529,3.803967,2.550692,2.232442,4.089340,3.753007,3.568567,3.577115,3.391031,3.246371,4.304685,4.111039,4.350713,4.314877,0.897967,0.693392,1.045197,1.503960,1.290686,1.507504,0.000093,0.567103,0.002026,1.597066,3.705961,3.781992,3.261694,3.637984,2.842879,3.120264
-62.561035,-38.661326,0.362717,3.537005,3.763528,3.721445,2.295566,2.009535,4.063038,3.663582,3.456127,3.521881,3.347633,3.159576,4.284301,4.076189,4.318493,4.290548,0.875416,0.583212,0.980441,1.473032,1.173740,1.395068,0.000093,0.479797,0.001382,0.733341,3.609633,3.671811,3.158279,3.460148,2.647003,2.936951
-61.937809,-39.718250,0.445239,3.446922,3.642869,3.588622,2.130851,1.868492,3.987750,3.547854,3.305221,3.455470,3.314427,3.109603,4.253396,4.022599,4.286931,4.257671,0.823225,0.476575,0.922452,1.436949,1.101253,1.284887,0.000093,0.442426,0.002348,0.424707,3.478834,3.512339,2.908923,3.298743,2.402801,2.730121
-62.424198,-42.280076,0.494226,3.364400,3.585005,3.455141,1.892163,1.707394,3.899968,3.388401,3.176672,3.368017,3.232234,3.026753,4.230054,3.991366,4.244191,4.211643,0.805184,0.420841,0.891202,1.385725,1.043264,1.231730,0.000093,0.404410,0.002026,0.338044,3.374774,3.345780,2.739464,3.218524,2.182440,2.508149
-62.050132,-47.100838,0.542884,3.273659,3.474538,3.343688,1.484487,1.417417,3.738870,3.210207,2.997492,3.234536,3.121767,2.993218,4.191588,3.947311,4.205067,4.147204,0.763302,0.376382,0.866717,1.331279,1.012336,1.231730,0.001059,0.354475,0.000737,0.724642,3.328705,3.233666,2.496551,3.113176,1.999450,2.386049
-62.050132,-47.100838,0.555049,3.126041,3.381825,3.226974,0.989685,1.206017,3.635965,3.147740,2.793983,3.111904,3.010314,2.942916,4.133395,3.871694,4.151478,4.073888,0.687915,0.336755,0.826446,1.312272,0.967877,1.214978,-0.000229,0.308405,0.001059,1.031343,3.241398,3.169877,2.330958,3.040044,1.666009,2.194038
-62.997744,-50.255616,0.726010,2.952121,3.255577,3.066863,0.843382,0.915383,3.593225,3.101055,2.450746,3.021163,2.916614,2.832778,4.059751,3.798707,4.084408,3.995969,0.604797,0.289397,0.786820,1.320970,0.939849,1.213045,0.000093,0.264590,0.000737,1.066459,3.171166,3.122519,2.262659,2.972068,1.496228,1.922453
-61.651254,-58.275288,0.962397,2.724941,3.099082,2.901491,0.614556,0.657954,3.540293,2.893600,2.033864,2.870258,2.800229,2.708831,3.996627,3.744131,4.028517,3.925283,0.528766,0.200480,0.727864,1.298096,0.928573,1.200802,0.000093,0.219165,0.000093,1.007181,3.177931,3.015882,2.143458,2.868975,1.393457,1.658277
-61.651254,-58.275288,1.064974,2.529651,2.966587,2.789380,0.629022,0.631653,3.475525,2.740393,1.815560,2.776558,2.654912,2.541158,3.938105,3.693829,3.987092,3.870050,0.470776,0.123482,0.621227,1.283599,0.945970,1.215944,-0.000229,0.185338,0.000093,1.037465,3.166333,2.945006,2.124450,2.810340,1.230119,1.620261
-63.265272,-63.054733,1.003822,2.452718,2.912340,2.679899,0.505404,0.600419,3.375250,2.653597,1.747175,2.621378,2.378745,2.351128,3.908845,3.676404,3.956188,3.815145,0.466910,0.119616,0.633147,1.347065,1.053573,1.292619,0.000415,0.143779,0.000093,0.981730,3.206282,2.946294,2.221744,2.811951,1.267813,1.606408
-63.530477,-67.954004,1.003822,2.278141,2.859079,2.587514,0.436362,0.554062,3.308180,2.565158,1.600543,2.448444,2.067727,2.210414,3.876296,3.624458,3.911475,3.762213,0.465944,0.104474,0.641846,1.394101,1.098676,1.354797,0.000093,0.120583,0.000093,1.131537,3.252996,3.023614,2.273291,2.838047,1.413431,1.570648
-63.438410,-70.956657,1.009740,2.018083,2.772613,2.433978,0.538939,0.561953,3.181604,2.467513,1.433856,2.382690,1.830354,2.155838,3.819090,3.555745,3.868406,3.718158,0.458856,0.093843,0.667297,1.476254,1.180184,1.451447,-0.000229,0.109307,0.000093,1.596421,3.342236,3.050354,2.340623,2.890237,1.544553,1.535854
-65.994136,-77.359080,1.242511,1.846793,2.546089,2.072001,0.332141,0.483705,3.023794,2.111454,1.042618,2.111454,1.633091,2.100604,3.725391,3.509717,3.784569,3.649116,0.497838,0.015235,0.777477,1.545841,1.340622,1.548096,0.000093,0.096098,0.000415,1.768780,3.334182,3.026836,2.348033,2.861565,1.790043,1.551318
-65.994136,-77.359080,1.347389,1.702462,2.277154,1.774134,0.078986,0.265400,2.903135,1.754408,0.746394,1.877369,1.132043,1.977644,3.598485,3.432127,3.688897,3.584348,0.503637,0.000093,0.795519,1.688883,1.538432,1.684372,0.000093,0.090621,0.000093,1.957246,3.351901,3.127351,2.431152,2.920199,1.989785,1.639269
-70.919463,-83.749103,1.369417,1.523610,2.207784,1.649201,0.070110,0.076028,2.775571,1.450952,0.527432,1.746518,0.839765,1.824436,3.484073,3.379195,3.603088,3.558375,0.617683,0.000093,0.854475,1.777800,1.704669,1.880893,0.000093,0.118328,-0.000229,2.176319,3.466592,3.308731,2.691461,3.026191,2.465623,2.102543
-73.190802,-86.244317,1.272100,1.514734,2.170961,1.461801,0.064192,0.062877,2.653269,1.296429,0.344963,1.518679,0.451814,1.668927,3.343359,3.286153,3.538320,3.528786,0.677284,0.000415,0.973998,1.742040,1.823226,2.022968,0.000093,0.185660,0.001704,2.269102,3.702417,3.597069,2.844812,3.064529,2.448226,2.515881
-73.190802,-86.244317,1.307936,1.454240,2.049645,1.311882,0.058274,0.057945,2.578966,1.249744,0.166769,1.210620,0.115151,1.482185,3.283523,3.199686,3.496566,3.529772,0.577735,-0.002162,0.845132,1.248805,1.454346,1.666975,0.000093,0.158598,0.000737,1.387658,3.483666,3.265238,2.222711,2.744296,1.126060,2.491719
-75.848516,-85.462718,1.297087,1.312868,1.989151,1.205031,0.054329,0.053013,2.526363,1.243826,0.061233,0.951876,0.001396,1.412486,3.220070,3.148398,3.479470,3.527799,0.267168,0.000415,0.395067,0.573547,0.602542,0.701446,0.000737,0.155054,0.000093,-0.000551,2.756539,2.158922,0.565815,0.791008,0.002992,2.186950
-80.604613,-85.651450,1.239223,1.278347,1.900054,1.128098,0.049397,0.050383,2.487568,1.186620,0.049397,0.342333,0.000410,1.102454,3.143466,3.113877,3.447251,3.511032,0.201124,0.000415,0.341588,0.584500,0.477219,0.519423,-0.000874,0.160209,0.000415,0.000093,2.765237,1.246228,0.359629,0.001382,-0.000229,2.569683
-68.560425,-71.215159,1.109687,0.998891,1.672215,0.982452,0.043479,0.044137,2.403074,1.101468,0.044465,0.215756,-0.000905,0.923273,3.098425,3.078041,3.419634,3.447579,0.285853,-0.000229,0.347065,0.884758,0.590944,0.666975,0.000737,0.235273,0.000093,-0.001196,3.234632,1.433728,0.005248,0.000415,0.000093,3.239787
-68.560425,-71.215159,1.035056,0.943657,1.345087,0.874944,0.040520,0.039534,2.403074,1.062015,0.040520,0.186824,0.000081,0.768422,3.024451,3.026095,3.362428,3.314756,0.299706,-0.000229,0.355763,0.947581,0.663431,0.743006,-0.000229,0.260724,0.002026,-0.000551,3.259117,1.680506,0.006214,-0.000551,0.000415,3.606412
-30.976353,-44.927329,1.228045,1.268155,1.658407,1.098509,0.056301,0.055644,2.624666,1.545967,0.362717,0.827929,-0.000248,0.894341,2.845928,2.975464,3.315413,3.152014,0.354475,0.000093,0.357052,1.036820,0.678250,0.761369,0.000093,0.272645,0.000093,-0.000551,3.199839,1.957569,0.122838,0.000415,-0.001196,3.809376
26.314329,-2.161557,1.859286,1.226401,1.491391,0.527432,0.062548,0.062219,2.795626,2.320223,0.291702,1.392102,0.075370,0.719764,2.264990,2.606912,3.101712,2.727571,0.374449,-0.000229,0.368972,0.989784,0.671485,0.706601,-0.000229,0.272967,0.000737,-0.001196,3.077738,1.989463,0.076446,0.000737,-0.000874,3.831283
43.975612,12.154260,1.350348,0.281839,1.857642,0.040191,1.778737,0.039534,0.798340,1.407225,0.037561,0.037890,0.000739,0.000081,1.036700,1.477254,1.717257,1.352320,0.394423,0.000737,0.405054,0.944681,0.705634,0.682116,0.000093,0.312271,0.000737,0.000093,3.031990,2.067427,0.107374,-0.000551,-0.000874,3.823873
51.929620,16.911020,1.641639,0.477787,2.438910,0.048411,2.267620,0.047753,0.618502,1.724819,0.047424,0.047753,0.000410,0.000410,0.977849,1.329964,1.639009,1.287881,0.398611,-0.000551,0.448869,0.856730,0.782954,0.726897,0.000093,0.359629,0.000737,-0.000229,2.988176,2.148935,0.132825,0.000737,0.002992,3.851580
51.929620,16.911020,1.576543,0.527432,2.646036,0.051698,2.353758,0.051041,0.621132,1.930958,0.050054,0.177618,0.000081,0.000410,1.076481,1.564707,1.708380,1.276374,0.435016,0.000093,0.464333,0.768779,0.789720,0.702735,-0.000229,0.378959,0.000415,0.000093,2.921165,1.999772,0.126704,0.001059,-0.000874,3.903448
60.332389,25.079459,1.624543,0.678996,2.811736,0.053671,2.469814,0.054657,0.497842,2.128879,0.052685,0.161180,-0.000248,0.000081,1.158016,1.633091,1.750463,1.254347,0.411176,-0.000551,0.456601,0.658921,0.697580,0.617039,0.000093,0.385080,0.001382,-0.000551,2.812596,1.735597,0.065492,0.000415,-0.000551,3.925034
65.393839,31.632390,1.698846,0.773682,2.868942,0.054986,2.546747,0.055972,0.422225,2.249866,0.054986,0.159536,-0.000248,-0.001234,1.226401,1.685695,1.723504,1.227387,0.388624,0.000415,0.441781,0.600609,0.571614,0.518134,0.000093,0.379926,0.000415,0.000415,2.746874,1.547130,0.042619,0.000415,-0.000551,3.920523
65.393839,31.632390,1.705421,0.935109,2.949820,0.058274,2.564172,0.058274,0.624420,2.179181,0.057287,0.178933,-0.000576,0.000081,1.300375,1.795504,1.807011,1.230675,0.380892,0.000415,0.425673,0.516846,0.525544,0.460145,-0.000551,0.374449,0.001382,-0.000551,2.594167,1.509437,0.005570,0.000093,-0.000551,3.909892
72.113926,38.023038,1.744216,1.127769,3.004067,0.061562,2.622035,0.061562,0.656639,2.252825,0.060246,0.359100,-0.000248,0.000410,1.421691,1.910246,1.884930,1.334896,0.366717,0.000093,0.399578,0.348676,0.445003,0.357696,0.000093,0.340299,0.000415,0.000093,2.501062,1.456924,0.006214,-0.000229,-0.000229,3.854479
74.693890,42.917932,1.861259,1.171167,3.058315,0.064192,2.784120,0.063205,0.654995,2.270579,0.062877,0.464636,-0.000248,0.000739,1.546953,2.176879,2.045699,1.406239,0.328701,-0.000229,0.362206,0.235596,0.376704,0.237206,-0.000229,0.287786,0.001382,-0.000229,2.229154,1.502349,0.006536,-0.000229,-0.000229,3.789402
75.662269,43.157376,2.051946,1.312210,3.138863,0.576419,2.906094,0.070767,0.384745,2.512555,0.070438,0.903876,0.001396,0.175317,1.689969,2.283730,2.200551,1.543337,0.343199,0.000093,0.373160,0.068392,0.366072,0.193392,-0.000229,0.347065,0.000737,-0.001196,1.972066,1.666975,0.174706,-0.000229,0.000415,3.756863
75.662269,43.157376,2.065426,1.544323,3.296016,1.374019,3.091520,0.082603,0.687544,2.614474,0.082932,1.462130,0.000081,0.738504,1.809313,2.404060,2.321867,1.838245,0.325802,0.000093,0.348998,0.006536,0.323869,0.146678,-0.000229,0.390879,0.001704,0.000093,2.123806,1.587078,0.392168,0.002348,-0.000551,3.775871
72.713359,43.827252,2.211071,1.682407,3.323961,1.800436,3.218755,0.092466,0.989685,2.881765,0.091151,1.727778,0.147371,0.900588,2.098960,2.550363,2.456335,2.035179,0.326446,-0.000229,0.285853,0.222709,0.232374,0.116072,0.000415,0.389268,0.001059,-0.000874,2.172131,1.542297,0.411498,0.003315,0.001382,3.832572
72.713359,43.827252,2.138742,1.843834,3.305550,2.234743,3.277933,0.095754,1.132043,2.925162,0.094439,1.750792,0.242386,0.935767,2.154523,2.586857,2.496445,2.252497,0.320003,-0.000874,0.246549,0.468521,0.144745,0.122194,-0.000551,0.415686,0.001382,0.000737,2.183406,1.381537,0.476897,0.002348,0.001704,3.903448
73.213139,45.127962,2.087782,1.842848,3.275303,2.275182,3.283851,0.095754,0.988370,2.899189,0.095754,1.745202,0.307483,0.940041,2.172934,2.570747,2.506308,2.337977,0.328057,0.000093,0.244294,0.498482,0.134436,0.119616,0.000415,0.387013,0.002026,-0.000874,2.350288,1.560661,0.563882,0.003315,-0.000551,3.903126
72.970524,45.405085,2.242633,1.975671,3.314756,2.530966,3.308509,0.102329,1.285909,3.039246,0.100685,1.808984,0.556364,1.072207,2.209099,2.614802,2.507294,2.667735,0.331601,-0.000229,0.245905,0.536820,0.128959,0.120905,0.000093,0.399900,0.001059,-0.001196,2.372518,1.654089,0.608341,0.276188,0.000737,3.896039
74.394421,47.481408,2.649652,2.178194,3.435744,2.784120,3.481114,0.473842,1.549583,3.269057,0.112192,2.254140,0.957794,1.504542,2.546089,2.848230,2.755516,2.883080,0.318070,0.000093,0.242361,0.512013,0.124771,0.116717,0.000093,0.406021,0.000415,0.001382,2.386049,1.639914,0.670841,0.389913,0.001382,3.837404
75.382393,49.271578,2.870258,2.529651,3.572841,2.894258,3.648787,1.098509,1.778080,3.465333,0.125015,2.460609,1.446349,1.757696,2.937984,3.082315,3.064232,3.001437,0.325802,0.003315,0.263624,0.526511,0.149900,0.143456,0.000415,0.416330,0.002026,0.001059,2.600933,1.921486,0.776833,0.762658,0.003959,3.868332
75.340536,49.138694,3.043849,2.758475,3.703363,3.207577,3.738213,1.389143,1.885259,3.591252,0.134549,2.724941,1.798792,2.043069,3.121767,3.205275,3.173384,3.152343,0.343521,0.000737,0.350931,0.542941,0.245583,0.208856,0.000093,0.422774,0.002348,-0.000874,2.781346,2.201770,0.888302,1.272967,0.005570,3.897005
76.749607,51.589259,3.178316,2.919573,3.767473,3.491306,3.827310,1.565036,2.002959,3.699089,0.141453,2.882093,2.167674,2.282086,3.215138,3.254920,3.287139,3.219741,0.406343,-0.000229,0.407632,0.523933,0.331601,0.300351,-0.000229,0.432761,0.001704,-0.000551,3.075805,2.555830,1.365107,1.669875,0.006214,3.946941
74.715627,52.989061,3.262481,3.035958,3.803638,3.640239,3.873666,1.590351,1.973370,3.732295,0.143755,3.016232,2.317593,2.478034,3.292399,3.319030,3.384784,3.300290,0.471098,0.000415,0.437915,0.486240,0.419230,0.387335,-0.001196,0.442103,0.001704,-0.000551,3.262339,2.794554,1.995262,2.484631,0.011047,4.033603
74.793375,54.294564,3.291413,2.998807,3.866433,3.743473,3.907858,1.557803,2.046686,3.750377,0.146385,3.040890,2.521431,2.647680,3.423579,3.342373,3.428511,3.343359,0.555828,-0.000229,0.492361,0.423740,0.607696,0.452413,-0.000551,0.465944,0.002026,0.659565,3.474646,2.897969,2.510727,2.730443,0.231407,4.102547
74.924724,54.697269,3.302920,3.037931,3.881228,3.846050,3.938434,1.570296,1.992110,3.753665,0.182879,3.059301,2.621049,2.661159,3.494265,3.366373,3.512018,3.409771,0.667297,-0.000551,0.538109,0.227864,0.760725,0.587078,0.000737,0.502670,0.001382,1.173418,3.614144,3.158924,2.623807,2.954348,0.597065,4.120588
75.780038,56.307863,3.127356,3.124069,3.925612,3.914434,4.001229,1.619283,2.173592,3.780624,0.436033,3.118480,2.752229,2.813380,3.573499,3.452511,3.576129,3.434100,0.684049,0.001382,0.609307,0.186627,0.840622,0.628637,0.000093,0.543908,0.002026,1.585145,3.700162,3.178576,2.695972,3.104155,1.037142,4.142818
77.688857,58.224376,2.984670,3.138863,4.012079,4.069942,4.052846,1.824108,2.256442,3.811529,0.636255,3.163192,2.868942,2.857764,3.658650,3.514977,3.665554,3.539306,0.737851,-0.000551,0.650544,0.250415,0.915364,0.742683,0.139913,0.614784,0.275222,1.956602,3.797134,3.261372,2.836758,3.297455,1.356086,4.164725
78.113207,58.281702,3.215138,3.147740,4.091641,4.221835,4.093943,2.205811,2.443841,3.864789,0.483048,3.255906,2.959026,2.952450,3.721117,3.569553,3.717171,3.596841,0.804861,0.000093,0.702735,0.382503,1.027477,0.842877,0.379603,0.711433,1.118328,2.330958,3.889917,3.413757,3.107699,3.408602,2.032311,4.208539
78.113207,58.281702,3.064232,3.127685,4.133395,4.293835,4.128135,2.406362,2.629597,3.897338,0.680311,3.308838,3.078041,3.009985,3.754322,3.620184,3.784569,3.656678,0.822580,0.000415,0.729797,0.434694,1.139591,0.950802,0.636691,0.804539,1.467233,2.523291,3.986567,3.542623,3.194362,3.569040,2.322260,4.226259
78.553904,59.380473,2.780832,3.189823,4.190930,4.336904,4.151806,2.559898,2.772284,3.927913,0.998233,3.324948,3.096123,3.012287,3.765501,3.645828,3.829611,3.726048,0.864784,0.000093,0.802928,0.597387,1.199836,1.114784,0.828057,0.929861,1.570648,2.712724,4.071619,3.621231,3.328705,3.753964,2.731088,4.260408
79.672687,60.902184,2.687790,3.205933,4.222492,4.377672,4.160683,2.693379,2.868614,3.934489,1.138948,3.358811,3.136562,3.059301,3.787200,3.673445,3.840132,3.752679,0.957245,0.000093,0.888302,0.670196,1.319681,1.313882,1.157632,1.021356,2.012337,3.034568,4.128642,3.735600,3.484633,3.922134,3.126063,4.317754
79.672687,60.902184,2.604282,3.285824,4.245506,4.410220,4.166930,2.744667,2.902477,3.930544,1.245798,3.383469,3.166809,3.089219,3.802981,3.682650,3.843091,3.773720,1.032632,-0.000229,1.022645,0.876382,1.478831,1.472710,1.532955,1.130570,2.306474,3.353834,4.222715,3.825484,3.614466,4.070975,3.595136,4.391207
77.971505,60.909891,2.184770,3.374921,4.308959,4.448029,4.199149,3.006369,2.996506,3.965393,1.690298,3.479470,3.260180,3.126699,3.812515,3.696130,3.868406,3.848680,1.093199,0.000415,1.080957,1.036498,1.534566,1.564849,1.788110,1.248805,2.373484,3.432120,4.279416,3.895394,3.680188,4.113823,3.760729,4.423746
77.806185,63.082257,1.781367,3.445935,4.348411,4.472029,4.221506,3.155302,3.028725,4.003202,2.142358,3.559361,3.319687,3.154644,3.849337,3.720788,3.896680,3.915420,1.139591,-0.000229,1.116073,1.009114,1.627349,1.587723,1.955313,1.314527,2.394103,3.455960,4.293269,3.889917,3.679221,4.096426,3.807765,4.429223
77.806185,63.082257,1.666626,3.467963,4.363863,4.487152,4.229396,3.239139,3.152343,4.020627,2.279127,3.649116,3.395962,3.220727,3.863474,3.730322,3.902927,3.954215,1.199192,0.000415,1.176318,1.024900,1.715622,1.643457,2.117685,1.495906,2.745263,3.519749,4.332573,3.953384,3.743010,4.143462,3.979802,4.472715
79.162691,66.286808,1.170839,3.550485,4.399371,4.513454,4.249451,3.324619,3.270372,4.042326,2.800558,3.771419,3.483087,3.305550,3.919037,3.763857,3.956188,4.014709,1.297452,-0.000229,1.262980,1.066782,1.846422,1.713689,2.257505,1.623483,2.912789,3.616077,4.364146,4.031026,3.794879,4.189209,4.100936,4.509442
77.955502,63.728681,0.779271,3.574814,4.444084,4.535811,4.267862,3.439360,3.466648,4.077504,3.213823,3.857556,3.564293,3.466319,3.966380,3.827967,3.985120,4.065340,1.413109,-0.000229,1.327735,1.415364,1.984308,1.828702,2.475610,1.817749,3.102545,3.704672,4.409893,4.088049,3.890240,4.241723,4.244622,4.559056
75.001172,62.839165,0.610282,3.640239,4.472687,4.545345,4.279369,3.590923,3.559361,4.083751,3.465333,3.942708,3.631691,3.557718,4.031805,3.873337,3.996627,4.097559,1.541653,0.070969,1.358019,2.001705,2.068393,2.047453,2.644103,2.080314,3.365432,3.810020,4.455319,4.130575,3.963371,4.292303,4.377354,4.595461
68.394877,61.679479,0.556364,3.680678,4.474330,4.549948,4.281342,3.657993,3.636294,4.113011,3.578759,3.976243,3.653061,3.585663,4.048244,3.890434,4.000901,4.095258,1.778767,0.467232,1.425029,2.297453,2.102865,2.157311,2.687595,2.216590,3.535213,3.901193,4.480125,4.189532,4.041658,4.345138,4.438566,4.608669
68.394877,61.679479,0.452472,3.667198,4.486166,4.556852,4.287589,3.725062,3.701390,4.083422,3.708295,4.008134,3.675746,3.592567,4.075860,3.913776,4.008462,4.098874,1.872839,1.132503,1.438882,2.437273,2.116718,2.174708,2.670521,2.204669,3.687275,3.945652,4.473360,4.199841,4.142495,4.397329,4.437277,4.590628
62.068527,64.098849,0.385402,3.826652,4.523975,4.563099,4.316520,3.829611,3.873666,4.079148,3.804624,4.067970,3.769446,3.686924,4.138984,3.972297,4.030819,4.120573,1.801963,1.290042,1.384437,2.412144,2.071937,2.142169,2.502350,2.170520,3.690819,3.918268,4.456607,4.183088,4.139918,4.437599,4.363179,4.551324
58.736014,67.136803,0.268359,3.958818,4.537783,4.564414,4.344795,3.909174,4.084080,4.115313,3.930872,4.127477,3.842433,3.802323,4.199149,4.040024,4.054490,4.135697,1.462723,1.117362,1.182439,2.241396,1.815171,1.923419,1.948548,2.026834,3.400870,3.709182,4.394751,4.088372,4.020717,4.346104,4.118333,4.395718
54.620659,71.920804,0.160193,4.099861,4.539756,4.572633,4.386549,3.991695,4.209670,4.180081,4.063367,4.197505,3.962106,3.902269,4.249780,4.123532,4.144245,4.154765,1.182117,0.462078,1.005892,1.925674,1.498483,1.624772,1.268457,1.887337,2.836114,3.375097,4.252998,3.953706,3.690819,4.102225,3.662146,4.174712
51.295743,73.224365,0.094768,4.153121,4.537783,4.578880,4.410878,4.050874,4.257013,4.202108,4.132409,4.242876,4.041011,4.016024,4.303370,4.179423,4.235972,4.197505,1.034243,0.510725,0.980119,1.733664,1.364140,1.498161,0.676962,1.618651,2.326448,3.214980,4.147006,3.772005,3.380251,3.839337,3.233344,4.023616
44.705478,72.025669,0.097069,4.193560,4.539756,4.576249,4.427974,4.114655,4.302055,4.228739,4.140299,4.301397,4.112354,4.091641,4.360247,4.228739,4.320137,4.273780,1.021356,0.767490,1.040364,1.751705,1.360918,1.542942,0.510080,1.534566,2.269102,3.410857,4.174068,3.702739,3.328060,3.752031,3.297133,4.077096
26.026298,51.159693,0.060904,4.220191,4.522331,4.564414,4.427974,4.171861,4.307315,4.223478,4.166272,4.310603,4.128792,4.133395,4.367809,4.232026,4.334603,4.274767,0.987851,0.833856,1.022967,1.763947,1.310983,1.556473,0.156343,1.349965,2.183084,3.384439,4.162470,3.579994,3.163756,3.645071,3.208537,3.935021
11.022668,13.038693,0.033616,4.188629,4.431261,4.503262,4.391480,4.095258,4.319151,4.172848,4.162327,4.281342,4.069285,4.029504,4.307315,4.156080,4.274767,4.195862,1.045519,1.261369,1.193715,1.950481,1.605442,1.714978,0.124449,1.303573,2.434051,3.627030,4.246555,3.758796,3.396682,3.857701,3.497842,4.145073
0.018497,6.587654,0.268031,3.964736,4.137669,4.205725,4.231040,3.993339,4.284301,4.049887,3.827638,4.114984,3.870050,3.688568,4.050874,3.932845,4.093943,3.936133,1.339656,1.359952,1.501705,2.170520,1.927929,1.982053,0.217877,1.522968,3.114465,3.901193,4.385408,4.083217,3.711115,4.142173,3.903448,4.357380
1.108276,-2.047679,0.327210,3.653061,3.847693,3.837830,4.028846,3.647472,4.069942,3.735254,3.490319,3.919037,3.646814,3.266427,3.762542,3.769117,4.028846,3.964736,1.355442,1.306150,1.509437,2.163110,1.935017,2.008793,0.161498,1.499127,3.156991,3.954351,4.406349,4.140562,3.754286,4.210150,4.027804,4.369945
1.108276,-2.047679,0.352854,3.748405,3.911475,3.899639,4.095258,3.689555,4.096573,3.747418,3.538320,3.945996,3.699418,3.406154,3.874324,3.827310,4.083093,4.095587,1.237851,1.420519,1.483986,2.140881,1.891525,1.970133,0.155054,1.384114,3.047776,3.940175,4.382187,4.110279,3.743010,4.216271,4.070008,4.348682
1.374317,-2.088877,0.361731,3.783254,3.934160,3.990709,4.102819,3.670815,4.092628,3.821720,3.550485,3.948955,3.701062,3.453497,4.041339,3.866762,4.151806,4.157067,1.234308,1.427607,1.479475,2.124128,1.875094,1.951447,0.172773,1.354475,3.009761,3.935021,4.387664,4.108024,3.747198,4.220460,4.068719,4.343527
