-36.070442,0.110877,2.385649,2.731516,2.972505,3.681335,3.151685,2.947190,1.803395,1.822464,2.949491,2.657543,2.232113,2.517157,2.959026,3.053712,3.343030,2.107375,3.271681,3.249452,3.645071,3.541012,3.615432,2.666655,1.945648,1.253960,3.552288,4.140885,3.624775,1.813561,3.124130,2.494296,3.169233
-36.282584,0.065836,2.375128,2.692721,2.953108,3.682650,3.149055,2.926806,1.703120,1.830025,2.937984,2.645049,2.229483,2.506308,2.939299,3.042534,3.333167,2.038754,3.238821,3.235277,3.576128,3.537468,3.600290,2.647325,1.806795,1.212400,3.538757,4.138629,3.622198,1.768135,3.065496,2.419876,3.132184
-36.723568,0.091809,2.337320,2.704557,2.895902,3.656678,3.134589,2.931080,1.624215,1.789258,2.904121,2.581925,2.220606,2.486910,2.933053,3.008341,3.313441,1.994618,3.218524,3.247197,3.537790,3.535213,3.587082,2.611242,1.683084,1.191460,3.533602,4.141851,3.620587,1.722710,3.059374,2.272646,3.119942
-36.574449,0.046109,2.300826,2.660502,2.846586,3.620842,3.121439,2.894258,1.597255,1.790573,2.883737,2.518472,2.195948,2.454691,2.916943,2.992232,3.281221,1.999772,3.169877,3.233022,3.623486,3.527803,3.594814,2.620907,1.807762,1.171163,3.534246,4.142173,3.606734,1.671164,3.051965,2.181473,3.099001
-37.083965,0.043808,2.281428,2.636173,2.822914,3.597499,3.114206,2.882751,1.545638,1.767230,2.869929,2.470143,2.175893,2.375128,2.906751,2.975464,3.273331,1.961112,3.123485,3.225934,3.648615,3.524904,3.595136,2.600933,1.846744,1.162143,3.528448,4.139918,3.607056,1.626705,3.043588,2.122839,3.078382
-36.885949,0.029671,2.244606,2.616117,2.750914,3.565608,3.094808,2.833106,1.554844,1.707394,2.847901,2.431677,2.140386,2.296223,2.887354,2.959683,3.263139,1.947259,3.110921,3.227545,3.647649,3.525226,3.592558,2.529734,1.835468,1.160854,3.533924,4.144106,3.607378,1.641202,3.033279,2.097388,3.073550
-36.886789,-0.033782,2.168331,2.563514,2.702913,3.530101,3.080671,2.782804,1.423664,1.663667,2.828504,2.325813,2.085152,2.181153,2.876504,2.935354,3.261824,1.966267,3.158279,3.230444,3.697585,3.524259,3.600290,2.517492,1.847388,1.155055,3.542301,4.157315,3.633151,1.692427,3.032957,2.089656,3.108344
-36.777956,-0.041673,2.111454,2.531952,2.656885,3.539306,3.065219,2.794969,1.313854,1.627173,2.804503,2.256113,2.040110,2.146632,2.845928,2.928779,3.263468,1.913754,3.154735,3.223357,3.674711,3.511373,3.585793,2.464013,1.786821,1.105441,3.519749,4.157315,3.619298,1.584501,3.000418,2.001061,3.099323
-36.272846,-0.074550,2.074303,2.467513,2.625323,3.530430,3.043520,2.735790,1.261251,1.557145,2.782147,2.114084,1.961205,2.096659,2.850860,2.870586,3.245056,1.827736,3.140238,3.218202,3.674389,3.517172,3.579028,2.430507,1.803574,1.101575,3.540690,4.157959,3.621553,1.581924,3.002995,1.992362,3.074194
-36.500143,-0.102167,2.019398,2.447458,2.613487,3.524840,3.056342,2.689433,1.207661,1.540707,2.769982,2.070357,1.906629,2.072001,2.841654,2.918258,3.258536,1.809373,3.147326,3.245264,3.679221,3.525548,3.594814,2.418587,1.706602,1.098998,3.560664,4.168913,3.647971,1.631537,2.989787,1.998161,3.058730
-37.010444,-0.089674,1.946411,2.379402,2.582254,3.516621,3.053383,2.713105,1.167551,1.502240,2.739735,2.018411,1.903341,2.002630,2.816339,2.898532,3.257878,1.808406,3.118009,3.272004,3.690497,3.557120,3.627675,2.419876,1.712079,1.098998,3.579672,4.171490,3.674711,1.653767,3.002995,2.002350,3.078704
-37.864964,-0.103482,1.910574,2.350142,2.571405,3.522868,3.054698,2.692064,1.091276,1.499281,2.722311,2.027617,1.824108,1.935232,2.760119,2.932066,3.269057,1.804218,3.126385,3.310019,3.695652,3.578705,3.647971,2.414399,1.671164,1.095454,3.592236,4.179545,3.691463,1.685983,2.997841,1.990429,3.042300
-38.365525,-0.165292,1.850409,2.370854,2.544774,3.535032,3.049766,2.556939,1.045905,1.509145,2.727900,1.983562,1.720216,1.846793,2.793654,2.999793,3.417332,1.774579,3.254929,3.392494,3.766850,3.663757,3.699840,2.452092,1.606086,1.058405,3.635084,4.191787,3.710793,1.774901,3.007184,2.029089,3.111565
-39.006820,-0.217895,1.874081,2.380060,2.595405,3.667527,3.094808,2.551021,1.027165,1.544323,2.735461,2.177537,1.855012,1.836601,2.814038,3.087575,3.539306,1.754282,3.376063,3.426965,3.787147,3.707894,3.728835,2.482054,1.705957,1.070648,3.644105,4.215305,3.741077,1.790365,3.046488,2.052285,3.147326
-39.984876,-0.220197,1.854683,2.366251,2.586528,3.685938,3.104342,2.534253,0.991987,1.532816,2.721324,2.168660,1.828710,1.838245,2.821271,3.117493,3.577444,1.698870,3.380896,3.442429,3.785214,3.715626,3.735278,2.462724,1.709179,0.978831,3.647971,4.213372,3.750420,1.777478,3.060663,2.021357,3.105122
-40.568579,-0.252745,1.827067,2.347840,2.529979,3.693829,3.110260,2.511568,0.944972,1.516706,2.695023,2.196605,1.778080,1.801094,2.763407,3.127356,3.580403,1.641847,3.341269,3.439530,3.762662,3.688242,3.714981,2.386693,1.625094,0.897967,3.630896,4.199197,3.792946,1.684695,3.022325,1.967234,3.030379
-41.221342,-0.255704,1.820820,2.340607,2.506637,3.693829,3.111247,2.470472,0.904862,1.502240,2.672995,2.360005,1.751449,1.725147,2.668392,3.121110,3.568238,1.629282,3.337725,3.436952,3.785536,3.697907,3.726257,2.365430,1.604475,0.903122,3.645716,4.215305,3.824840,1.673097,3.023292,1.979798,3.023292
-41.656386,-0.272143,1.809970,2.314306,2.513870,3.702048,3.109274,2.399786,0.892040,1.510131,2.659844,2.570747,1.740600,1.767888,2.708173,3.135904,3.576786,1.632504,3.378318,3.463048,3.797456,3.741721,3.741721,2.399902,1.656988,0.913753,3.669556,4.226581,3.835149,1.758793,3.069362,1.997839,2.990109
-43.777393,-0.276417,1.769860,2.240661,2.483294,3.698431,3.088890,2.295566,0.845354,1.471993,2.622035,2.582254,1.638680,1.694572,2.671680,3.126370,3.574156,1.505571,3.386050,3.473679,3.826773,3.751064,3.722391,2.355765,1.644102,0.891202,3.693074,4.239467,3.842237,1.794875,3.103511,1.983664,2.939529
-44.751604,-0.297787,1.691284,2.161756,2.359347,3.701719,3.038917,1.956274,0.498829,1.311553,2.522089,2.004274,1.459500,1.493035,2.567459,3.088561,3.577444,1.406344,3.444362,3.571618,3.918912,3.881863,3.766528,2.361886,1.652156,0.802606,3.730123,4.236890,3.903771,1.856731,3.152480,2.389914,3.069039
-44.657982,-0.307321,1.647886,2.125591,2.344553,3.740185,3.034643,1.765258,0.477130,1.291498,2.463568,2.021042,1.404266,1.428267,2.537870,3.117493,3.617225,1.387980,3.445651,3.581605,3.927933,3.921490,3.815175,2.331925,1.651189,0.772323,3.756219,4.240112,3.918590,1.894102,3.181153,2.310340,3.079349
-42.307644,-0.326390,1.626516,2.112769,2.357046,3.750377,3.058315,1.575556,0.456746,1.267169,2.386635,1.946739,1.394074,1.406239,2.526363,3.105986,3.634321,1.256537,3.444684,3.595136,3.951129,3.941142,3.829672,2.319360,1.653122,0.869617,3.787147,4.246233,3.925034,1.940816,3.229478,2.194682,3.101256
-33.366267,-0.323102,1.629475,2.114741,2.326141,3.785884,3.081986,1.564707,0.421567,1.256648,2.384334,1.969096,1.428267,1.447664,2.767023,3.137877,3.660623,1.169552,3.416978,3.584504,3.956284,3.939853,3.834505,2.246229,1.718200,0.996227,3.786502,4.227225,3.908925,2.133793,3.242364,1.962079,3.130895
-22.186068,-0.429296,1.665640,2.379731,2.628611,3.818104,3.118151,1.793203,0.571159,1.427280,2.313648,2.163071,1.363499,1.600214,2.839024,3.189494,3.656349,1.097387,3.342558,3.470458,3.958539,3.873487,3.801000,1.879927,1.913432,1.349965,3.751064,4.188565,3.847069,2.038432,3.215625,1.592555,3.367043
-0.747013,-0.433570,2.144660,2.841654,3.134918,3.826652,3.202316,2.285374,0.802614,1.847122,2.323511,2.912669,1.576871,2.264990,2.926149,3.263796,3.640568,1.343199,3.267816,3.280058,3.923745,3.713048,3.708860,1.409888,2.286177,1.561305,3.592236,4.090627,3.706283,1.833535,3.184052,0.985596,3.480767
18.434663,-0.230717,2.337320,3.088890,3.342373,3.857885,3.248015,2.646693,1.025850,2.046686,2.343895,3.352236,2.129207,2.796284,2.961656,3.261824,3.595855,1.664076,2.757505,2.598678,3.789402,3.061952,3.295844,0.014268,1.702414,1.568715,3.281024,3.834183,3.361244,1.275867,2.821938,0.011047,3.899260
23.506751,0.138494,2.025316,2.942916,3.138863,3.555416,3.100726,2.569432,1.027823,1.539392,1.505528,3.493278,2.088440,2.587186,2.900504,2.970204,3.356181,1.747839,2.422131,1.341266,3.453383,2.152801,2.833536,0.012335,2.186950,1.499772,2.633472,3.622842,2.999774,0.649900,1.865429,0.007181,3.965949
23.554986,0.317018,1.922081,2.853490,3.066534,3.524183,3.043520,2.715735,1.491720,1.375006,1.433856,3.561334,2.029261,2.514856,2.808777,2.779517,3.198042,1.746228,2.440172,1.177606,3.427610,2.025223,2.721423,0.011047,2.218845,1.443715,2.487208,3.643138,2.902158,0.673740,1.723999,0.010080,3.975936
23.506114,0.581679,1.595283,2.680228,2.772284,3.298317,2.876175,2.801873,1.106728,0.801628,1.173797,3.449881,1.918794,2.228168,2.690749,2.707187,3.025109,1.734952,2.439206,0.872194,3.387339,1.819682,2.556152,0.011691,2.241074,1.236241,2.373162,3.617365,2.771358,0.658598,1.642491,0.006536,3.914724
24.490108,0.589241,1.680763,2.702584,2.807462,3.291084,2.892285,2.852504,1.201086,0.797354,1.450952,3.447251,1.873095,2.232113,2.705214,2.721324,3.031684,1.687594,2.423098,0.876382,3.379929,1.773290,2.484309,0.010080,2.246551,1.232375,2.353832,3.611244,2.768459,0.658598,1.644102,0.006858,3.908925
24.398602,0.531706,1.716928,2.668392,2.884723,3.320345,2.924176,2.864011,1.449966,0.877245,1.570954,3.451525,1.928328,2.282086,2.726585,2.735461,3.041547,1.702736,2.415688,0.877671,3.388950,1.835790,2.475288,0.011047,2.263303,1.256215,2.404412,3.637984,2.812273,0.673740,1.671808,0.006214,3.895072
24.920099,0.493568,1.733367,2.700612,2.887025,3.344345,2.942587,2.902148,1.596927,0.938068,1.648215,3.449881,2.010192,2.337320,2.744667,2.748941,3.056013,1.705635,2.466268,0.867039,3.390561,1.788432,2.469489,0.006858,2.296487,1.275223,2.408922,3.638306,2.829348,0.714011,1.682117,0.005892,3.887340
24.874466,0.511651,1.698517,2.701269,2.921217,3.353222,2.963300,2.907080,1.675503,0.948918,1.627173,3.424894,2.007233,2.351786,2.750585,2.760119,3.064561,1.694360,2.438884,0.817426,3.382829,1.708213,2.468201,0.010724,2.298097,1.211434,2.329347,3.616077,2.770070,0.691459,1.657311,0.006858,3.868977
24.157817,0.516582,1.731065,2.744996,2.942916,3.347304,2.988286,2.936998,1.664325,0.965356,1.640324,3.395962,2.045042,2.395841,2.741051,2.774914,3.072780,1.704347,2.474966,0.854475,3.407313,1.845777,2.575160,0.018456,2.340945,1.272967,2.427930,3.628641,2.792299,0.703702,1.704024,0.006536,3.862533
23.842025,0.183536,1.794518,2.719023,2.952121,3.397935,3.039903,3.024122,1.739613,1.415773,1.750463,3.365387,2.104878,2.502691,2.795626,2.837380,3.116507,1.701447,2.579026,0.967555,3.443074,1.945004,2.647003,0.008791,2.380250,1.488174,2.456925,3.647004,2.811307,0.751704,1.809373,0.001059,3.853835
24.069309,0.026712,1.858957,2.792010,3.034643,3.426538,3.045821,3.060616,1.900054,1.632105,1.892163,3.394318,2.253154,2.554309,2.828175,2.881107,3.142151,1.734308,2.621874,1.039398,3.443074,2.002027,2.638626,0.010724,2.415366,1.519424,2.457569,3.651515,2.799709,0.776833,1.889270,0.009436,3.839660
24.326833,0.072740,1.992439,2.849545,3.092178,3.446922,3.073438,3.076397,2.032549,1.683065,2.015453,3.424894,2.368224,2.604611,2.860723,2.920231,3.194097,1.756537,2.533600,1.043586,3.415367,2.025545,2.594490,0.011047,2.481087,1.502671,2.455636,3.653770,2.860276,0.774900,1.997195,0.007825,3.823229
24.656897,0.078000,2.055234,2.875518,3.126370,3.459086,3.103356,3.129329,2.000000,1.715942,2.162742,3.447251,2.454033,2.629926,2.878806,2.929765,3.219412,1.860597,2.555508,1.091588,3.412468,2.048097,2.630894,0.010080,2.482698,1.568393,2.476899,3.663113,2.965946,0.762336,2.056473,0.008791,3.820652
24.277289,0.147371,2.110796,2.894915,3.133932,3.464675,3.112233,3.149384,2.093043,1.717586,2.361649,3.456785,2.529651,2.650310,2.888340,2.936012,3.229275,1.893780,2.653446,1.108341,3.441785,2.044875,2.650869,0.010724,2.508471,1.692749,2.524257,3.677288,2.986243,0.800673,2.094489,0.007503,3.813886
24.533903,0.092795,2.139728,2.888011,3.159247,3.482758,3.128343,3.171740,2.156495,1.762299,2.386964,3.454483,2.574035,2.650638,2.897874,2.967574,3.261824,1.911821,2.761371,1.146679,3.500419,2.059051,2.693394,0.012013,2.578381,1.753638,2.562917,3.695974,3.025869,0.921163,2.286177,0.008791,3.805832
25.086404,0.096740,2.291949,2.929765,3.201330,3.519580,3.150699,3.219412,2.304442,1.839560,2.416553,3.465662,2.600994,2.694365,2.913327,3.020177,3.307523,1.885081,2.760727,1.108341,3.493654,2.002994,2.657634,0.010724,2.607698,1.733019,2.558407,3.694685,3.013627,0.917619,2.250095,0.008469,3.795845
25.090175,-0.083756,2.288004,2.918587,3.199028,3.525827,3.149055,3.236837,2.373484,2.006904,2.554966,3.466977,2.613487,2.696009,2.917929,3.020506,3.304893,1.897001,2.748807,1.127671,3.516527,2.025545,2.689206,0.012013,2.610598,1.746550,2.562273,3.698551,3.030379,0.941782,2.293909,0.009758,3.791657
25.535160,-0.117619,2.346854,2.950478,3.259522,3.535032,3.166151,3.342373,2.389594,2.109152,2.571405,3.485717,2.682200,2.715406,2.942258,3.034972,3.318372,1.951447,2.800031,1.175351,3.533924,2.064850,2.764271,0.014268,2.697260,1.798419,2.589013,3.716270,3.047776,1.026189,2.389914,0.009758,3.796812
25.606493,-0.127154,2.392882,2.984012,3.292071,3.541937,3.172727,3.373606,2.512226,2.145317,2.652940,3.518265,2.705872,2.748941,2.970533,3.046150,3.330208,1.978187,2.820328,1.247838,3.557442,2.081280,2.792943,0.192103,2.740431,1.821293,2.625417,3.725291,3.041011,1.106086,2.470134,0.008791,3.799389
25.711266,-0.185018,2.491842,3.065876,3.326920,3.590923,3.240454,3.461388,2.689105,2.272880,2.811079,3.549827,2.750256,2.779188,2.999793,3.074096,3.380510,2.072904,2.929219,1.446292,3.605445,2.161177,2.903124,0.622838,2.895070,1.882826,2.684052,3.746554,3.062918,1.187271,2.674709,0.010724,3.807765
25.616056,-0.102496,2.556281,3.167138,3.364729,3.629390,3.327907,3.507087,2.857764,2.307730,2.954752,3.577773,2.806147,2.832778,3.050095,3.110260,3.400565,2.109631,2.992686,1.472710,3.666012,2.231731,2.956926,0.871227,3.025547,2.068071,2.746552,3.779415,3.068717,1.264269,2.738820,0.320003,3.815175
25.794670,-0.101838,2.599679,3.203303,3.382811,3.631691,3.359469,3.540621,2.924834,2.345539,3.004725,3.585992,2.840997,2.858093,3.056999,3.124397,3.409442,2.209824,3.034890,1.494939,3.675999,2.283278,2.976578,1.025544,3.060985,2.168587,2.760405,3.793268,3.071617,1.300996,2.799709,0.478186,3.829350
25.625624,-0.096578,2.620063,3.193111,3.395305,3.636951,3.363743,3.544895,2.916943,2.349155,3.029711,3.584677,2.846586,2.870258,3.060945,3.128672,3.416346,2.216912,3.051642,1.494939,3.675033,2.291010,2.970779,1.238818,3.129929,2.207247,2.833536,3.807765,3.080637,1.340300,2.826771,0.585467,3.827095
26.068460,-0.062386,2.658200,3.207248,3.413058,3.632677,3.376894,3.551800,2.954094,2.386964,3.074753,3.597828,2.945875,2.881765,3.068178,3.129987,3.418319,2.204992,3.028769,1.463689,3.652803,2.224321,2.934696,1.187916,3.104800,2.080314,2.801320,3.806477,3.094813,1.368006,2.813562,0.577413,3.815175
26.230599,-0.065016,2.643077,3.183576,3.417661,3.628732,3.368345,3.548183,2.942258,2.352772,3.089548,3.590595,2.916614,2.890641,3.059630,3.131630,3.416017,2.215945,2.988176,1.465622,3.639917,2.275224,2.932441,1.194681,3.083215,2.063239,2.777157,3.805510,3.073872,1.494939,2.810663,0.524900,3.815497
26.614929,-0.031152,2.658200,3.194754,3.427195,3.645828,3.389716,3.573170,2.991245,2.369539,3.110918,3.600129,2.989273,2.941601,3.071794,3.155959,3.430483,2.271358,2.997841,1.517813,3.662791,2.329025,2.955959,1.192104,3.174065,2.166976,2.856088,3.819041,3.121552,1.625416,2.910212,0.608018,3.808732
26.759791,0.087206,2.715406,3.271029,3.457442,3.666212,3.424565,3.616896,3.008999,2.431348,3.146096,3.638924,3.021821,2.964944,3.094808,3.188508,3.437387,2.279090,3.076771,1.654089,3.711115,2.402479,3.045521,1.355764,3.245264,2.298097,2.929542,3.834183,3.125418,1.747195,2.944683,0.704024,3.817430
26.519252,0.146714,2.741379,3.317057,3.485388,3.682979,3.441333,3.669171,3.048451,2.508609,3.220399,3.673774,3.054040,2.984012,3.130315,3.201987,3.451525,2.297131,3.084825,1.765236,3.729801,2.426641,3.058730,1.527156,3.282635,2.338368,2.990753,3.837404,3.129284,1.792942,2.974967,0.801962,3.818397
27.356802,0.205893,2.772613,3.351249,3.505443,3.695472,3.479470,3.700075,3.086589,2.548391,3.250974,3.695472,3.068506,3.013930,3.152343,3.217440,3.463032,2.304863,3.135405,1.827414,3.742043,2.503639,3.115431,1.562272,3.323872,2.428252,3.032957,3.842559,3.150225,1.837079,3.018459,0.869294,3.822263
27.526591,0.207865,2.829490,3.353551,3.527799,3.696788,3.485717,3.707966,3.095137,2.571405,3.269385,3.710596,3.093164,3.012944,3.163192,3.218426,3.488347,2.319682,3.158279,1.920842,3.783603,2.547131,3.160212,1.606086,3.364465,2.460469,3.060019,3.844170,3.173421,1.874450,3.071295,0.924707,3.830961
27.523219,0.198331,2.889984,3.358482,3.545882,3.699089,3.491635,3.712569,3.091849,2.620392,3.307852,3.722432,3.114863,3.018862,3.175686,3.224344,3.489662,2.343845,3.210470,1.963045,3.801644,2.587402,3.195973,1.712079,3.386050,2.494940,3.083859,3.858667,3.214014,1.924063,3.121552,1.070325,3.831928
27.577381,0.162166,2.943902,3.375907,3.554430,3.698760,3.498539,3.717500,3.092835,2.672009,3.325934,3.732952,3.137877,3.028068,3.168453,3.232563,3.496566,2.347066,3.207571,1.943071,3.791013,2.589013,3.208215,1.724321,3.382829,2.494296,3.079671,3.856412,3.219813,1.939527,3.138949,1.161176,3.838049
27.958745,0.195043,2.926477,3.374921,3.545882,3.689226,3.491963,3.712569,3.081000,2.621049,3.329879,3.729007,3.122754,3.016889,3.162864,3.228618,3.492950,2.317427,3.185663,1.903767,3.778126,2.535211,3.192107,1.719166,3.380573,2.474322,3.060985,3.852546,3.214658,1.922453,3.120586,1.021034,3.834827
28.062323,0.138823,2.997821,3.377222,3.554430,3.689883,3.496237,3.716843,3.104014,2.697981,3.339414,3.735583,3.149055,3.036616,3.159247,3.231577,3.492292,2.342556,3.199516,2.013947,3.786502,2.588368,3.248163,1.844489,3.384117,2.505572,3.072261,3.848680,3.224323,1.941460,3.151192,1.247194,3.843526
28.744530,0.136193,3.024451,3.376236,3.552786,3.688568,3.505114,3.721774,3.101055,2.711790,3.360455,3.741500,3.155959,3.040561,3.160234,3.232234,3.490319,2.352221,3.210148,2.065494,3.788113,2.596423,3.252352,1.859308,3.421166,2.522324,3.071617,3.854479,3.244297,1.971100,3.146037,1.291975,3.842237
28.817699,0.173344,3.097767,3.397935,3.569224,3.721774,3.523525,3.747090,3.135576,2.753873,3.419963,3.752021,3.173713,3.031355,3.190809,3.252947,3.519580,2.385726,3.224645,2.088690,3.793590,2.645070,3.299388,1.934373,3.473679,2.555185,3.088369,3.856412,3.260406,2.043587,3.204993,1.415042,3.853513
29.196544,0.128960,3.178973,3.415031,3.588951,3.744788,3.540950,3.786213,3.165165,2.865326,3.463360,3.763528,3.215467,3.038259,3.237823,3.273002,3.544895,2.452737,3.230122,2.109631,3.794556,2.680830,3.336437,2.071937,3.498486,2.600289,3.123163,3.870588,3.275225,2.135404,3.250096,1.507181,3.856734
29.659878,0.093124,3.230919,3.435086,3.595855,3.757939,3.545224,3.806597,3.177658,2.947519,3.500511,3.780953,3.243084,3.077712,3.243741,3.301934,3.553772,2.489786,3.260084,2.139592,3.810343,2.784245,3.365432,2.107375,3.531025,2.607376,3.148614,3.885729,3.283924,2.195004,3.272970,1.586434,3.857379
29.780505,0.063863,3.284838,3.459744,3.615910,3.757610,3.559690,3.817118,3.197385,2.994862,3.549498,3.795419,3.267742,3.113548,3.266098,3.329879,3.574156,2.481732,3.272004,2.198226,3.819363,2.823227,3.392816,2.120906,3.586759,2.616075,3.175354,3.886051,3.294233,2.219489,3.292944,1.663432,3.855124
29.419185,0.068795,3.310811,3.450538,3.613937,3.766816,3.563964,3.814159,3.190809,3.016561,3.562649,3.795090,3.265440,3.137220,3.268399,3.339414,3.576786,2.478832,3.268460,2.135082,3.803899,2.792943,3.374452,2.112530,3.591270,2.602544,3.172454,3.883796,3.288434,2.201448,3.285857,1.523612,3.848358
30.183682,0.109891,3.317386,3.445935,3.608677,3.787857,3.557389,3.809556,3.191138,3.014588,3.567909,3.791145,3.251303,3.144124,3.260837,3.336783,3.573827,2.510727,3.252029,2.198870,3.796812,2.852866,3.384117,2.084824,3.590625,2.608020,3.195650,3.886696,3.291978,2.224644,3.273292,1.402156,3.847069
30.182399,0.134220,3.357167,3.458429,3.626759,3.790158,3.577444,3.834543,3.201330,3.032999,3.608348,3.805939,3.267742,3.172727,3.278920,3.356510,3.574485,2.524580,3.340625,2.276512,3.832894,2.917944,3.433731,2.118007,3.638950,2.675353,3.231089,3.912469,3.325483,2.322260,3.299388,1.439527,3.851902
30.441070,0.135207,3.383140,3.474538,3.659965,3.803967,3.590595,3.849008,3.239467,3.060616,3.632020,3.818762,3.280564,3.185549,3.293057,3.391031,3.586321,2.541654,3.401836,2.302608,3.836116,2.944683,3.448228,2.159888,3.642816,2.721745,3.263627,3.926967,3.319362,2.352543,3.320651,1.486885,3.853513
30.892303,0.148686,3.384455,3.472895,3.675089,3.804953,3.593225,3.846707,3.242097,3.057986,3.639910,3.820734,3.278920,3.208234,3.293057,3.385770,3.585992,2.556152,3.393782,2.368652,3.833861,3.000096,3.450806,2.176319,3.662146,2.724967,3.267171,3.936309,3.318396,2.376706,3.323550,1.492362,3.846747
31.230818,0.157892,3.385442,3.473881,3.670157,3.804624,3.583033,3.844734,3.237823,3.051739,3.639253,3.821720,3.286153,3.199357,3.307523,3.386099,3.581718,2.585147,3.414723,2.376384,3.820330,2.997841,3.438885,2.172775,3.657314,2.711758,3.259439,3.951451,3.315818,2.393780,3.314852,1.477864,3.827095
31.522927,0.184194,3.389716,3.471908,3.673774,3.807583,3.588622,3.838817,3.233878,3.046808,3.660294,3.812844,3.281221,3.213823,3.303249,3.378537,3.579416,2.604155,3.411179,2.421487,3.829028,3.045521,3.465625,2.201770,3.672778,2.728510,3.279413,3.957250,3.327416,2.425031,3.313241,1.578058,3.834183
32.352594,0.213454,3.405497,3.502155,3.678705,3.808241,3.591910,3.851310,3.260509,3.050095,3.716843,3.820077,3.284180,3.244399,3.319030,3.413716,3.600458,2.615108,3.450483,2.418265,3.837404,3.059374,3.493654,2.253639,3.749775,2.766526,3.316463,3.968204,3.352867,2.439528,3.318396,1.641847,3.827739
33.734310,0.267373,3.492292,3.514320,3.724404,3.825994,3.659308,3.884516,3.289440,3.096781,3.777994,3.842433,3.283851,3.267084,3.375250,3.478813,3.612293,2.603510,3.448550,2.409567,3.829672,3.048099,3.497842,2.246229,3.777804,2.780057,3.316140,3.964016,3.337081,2.422131,3.322906,1.615751,3.846747
35.259274,0.268688,3.493936,3.506429,3.712897,3.836186,3.663910,3.886488,3.267742,3.092178,3.778323,3.832570,3.272673,3.231906,3.357825,3.474210,3.624129,2.569683,3.410857,2.439850,3.825806,3.039078,3.492687,2.185017,3.768461,2.753639,3.294233,3.952418,3.312597,2.363819,3.308731,1.539398,3.858667
35.613338,0.296305,3.510703,3.521224,3.739857,3.851310,3.673774,3.899639,3.334153,3.092178,3.777665,3.818762,3.251303,3.225659,3.359797,3.506758,3.634979,2.567105,3.393460,2.457247,3.837404,3.068395,3.503963,2.130894,3.768461,2.741075,3.284246,3.942753,3.289723,2.331280,3.318073,1.466911,3.871232
35.617961,0.298935,3.566266,3.528786,3.748076,3.873337,3.699747,3.921338,3.359469,3.122096,3.797720,3.828953,3.245385,3.276290,3.379524,3.541608,3.657664,2.541010,3.339981,2.408278,3.839982,3.022648,3.473679,2.000094,3.768461,2.707570,3.243331,3.916013,3.291656,2.205636,3.289401,1.387658,3.861889
36.402456,0.298278,3.571526,3.546211,3.754651,3.876954,3.707637,3.924626,3.367359,3.143137,3.811857,3.822707,3.265769,3.288454,3.379524,3.557718,3.663910,2.669232,3.373486,2.538433,3.829350,3.177931,3.477868,2.254927,3.833216,2.872518,3.331926,3.961438,3.396037,2.415043,3.356733,1.491395,3.860278
36.374546,0.315045,3.601773,3.564950,3.783254,3.920023,3.740843,3.936461,3.409442,3.179631,3.829940,3.840460,3.299304,3.292728,3.445278,3.607362,3.685609,2.712724,3.455316,2.590624,3.853191,3.265883,3.519105,2.607054,3.901193,3.041977,3.439208,4.012985,3.487532,2.635082,3.398937,2.155056,3.873165
34.140128,0.322278,3.620842,3.589608,3.809227,3.968023,3.749720,3.952571,3.446264,3.198371,3.828625,3.849666,3.315085,3.354208,3.473552,3.655691,3.729336,2.750418,3.558409,2.641204,3.887662,3.375097,3.584827,2.993975,4.033926,3.151514,3.518783,4.069042,3.646038,2.774580,3.502674,2.215301,3.965949
28.338541,0.331812,3.602759,3.572841,3.808898,3.960133,3.752679,3.939749,3.391359,3.160562,3.789830,3.842433,3.311139,3.356839,3.457771,3.656349,3.756295,2.740753,3.577739,2.807119,3.949518,3.468525,3.694685,3.227545,4.147328,3.220779,3.550677,4.099647,3.719170,2.975289,3.589337,2.299064,4.030060
11.763669,0.340689,3.577444,3.589937,3.764843,3.964078,3.736569,3.911146,3.358811,3.091849,3.703692,3.790487,3.320674,3.342373,3.442648,3.656020,3.765829,2.778768,3.660213,3.005573,4.041980,3.618010,3.926967,3.204671,4.169880,3.218524,3.592881,4.127031,3.745265,3.041655,3.615432,2.673742,4.041658
-9.083125,0.269674,3.464018,3.526484,3.675746,4.002873,3.739528,3.881886,3.300619,3.025766,3.626102,3.634650,3.265440,3.313112,3.433442,3.674102,3.831584,2.666655,3.798745,3.256218,4.097070,3.753641,4.069042,3.270071,4.059054,3.017493,3.656025,4.162470,3.755574,3.062596,3.607700,2.906668,3.893783
-23.537445,0.290716,3.225001,3.373935,3.479470,4.043970,3.753994,3.795090,3.136233,2.860723,3.547526,3.470593,3.162206,3.036944,3.307852,3.616567,3.904571,2.356409,3.799389,3.264272,4.065176,3.802933,4.060665,3.397004,3.741077,2.748807,3.704350,4.241400,3.756219,3.007828,3.572262,3.057764,3.627352
-26.524419,0.106932,3.188508,3.319359,3.531087,4.103806,3.739199,3.711582,3.065547,2.962971,3.577773,3.460730,3.137877,2.967574,3.108288,3.528457,3.918708,2.471422,3.748809,3.412468,4.022005,3.815175,4.034570,3.384117,3.277480,2.723356,3.702417,4.256864,3.760729,2.955637,3.533924,3.262983,3.657636
-26.249551,0.059260,3.147411,3.322975,3.506429,4.092956,3.730322,3.692842,3.045492,2.955080,3.555745,3.439360,3.126370,2.960670,3.062260,3.495251,3.854598,2.496229,3.644749,3.502352,3.942430,3.783603,3.989467,3.287145,2.989464,2.472067,3.684698,4.231091,3.739788,2.840302,3.470136,3.261372,3.507507
-26.176104,0.045780,3.108616,3.306537,3.484402,4.069942,3.727692,3.651088,3.022807,2.960998,3.536347,3.430483,3.129000,3.003410,3.060616,3.498868,3.833885,2.484309,3.561631,3.476579,3.904415,3.696296,3.903448,3.162790,2.641526,2.310662,3.649582,4.203063,3.695652,2.681474,3.425999,3.253962,3.432442
-25.754465,0.050383,3.079027,3.305879,3.469936,4.060079,3.718158,3.650760,3.001108,2.927135,3.508073,3.405168,3.104342,2.996834,3.006369,3.500511,3.807583,2.464013,3.512017,3.449517,3.876709,3.667623,3.861889,3.098356,2.531667,2.182118,3.634118,4.181478,3.655381,2.531345,3.402159,3.244620,3.393782
-25.600723,0.046438,3.052397,3.290427,3.445935,4.039367,3.689883,3.644513,2.973163,2.898861,3.491963,3.379524,3.080342,3.013930,3.042205,3.475525,3.782597,2.457891,3.495264,3.419233,3.865755,3.652481,3.841915,3.058408,2.458536,2.180507,3.620587,4.173101,3.630574,2.507827,3.394104,3.230444,3.352545
-25.582222,0.038547,3.008013,3.285824,3.440675,4.011421,3.669171,3.618869,2.960670,2.867956,3.478813,3.353551,3.064232,2.986314,3.070150,3.452511,3.755638,2.462080,3.443718,3.375419,3.842559,3.601257,3.802933,2.994297,2.610276,2.146680,3.595780,4.159570,3.591270,2.442105,3.377996,3.134761,3.266849
-25.312528,-0.016358,2.966587,3.269714,3.429826,3.999585,3.656020,3.618869,2.965930,2.839024,3.457771,3.338427,3.057328,2.960012,3.131302,3.425552,3.740843,2.451126,3.430187,3.353834,3.837082,3.584504,3.791335,2.978189,2.547776,2.136692,3.593203,4.155060,3.584182,2.434695,3.373486,3.119942,3.260406
-25.420972,-0.009125,2.949820,3.265440,3.427853,4.001887,3.654705,3.632348,2.964944,2.827189,3.459086,3.339742,3.056342,2.962971,3.109932,3.430483,3.737555,2.454670,3.421811,3.346424,3.838371,3.576772,3.782958,2.974645,2.536500,2.134437,3.591592,4.155382,3.581605,2.421809,3.370909,3.120586,3.256862
-25.390882,0.001067,2.922861,3.254591,3.421606,3.995640,3.650760,3.624787,2.970204,2.791681,3.455470,3.333825,3.049438,2.953437,3.115849,3.428182,3.736240,2.451448,3.415045,3.333215,3.826773,3.570007,3.774260,2.971745,2.501062,2.129927,3.589015,4.148939,3.577095,2.431152,3.366720,3.106088,3.245586
-25.578381,0.005999,2.910039,3.247687,3.416675,3.992353,3.640239,3.614924,2.937984,2.768339,3.448894,3.323961,3.041547,2.941930,3.102370,3.421935,3.725391,2.444038,3.406025,3.325161,3.825162,3.563886,3.761051,2.972390,2.473355,2.115430,3.591592,4.146361,3.587404,2.412788,3.360599,3.091913,3.241076
-25.241263,-0.018001,2.856778,3.224344,3.400565,3.977558,3.625773,3.588622,2.914970,2.723954,3.414373,3.311468,3.004396,2.920559,3.117493,3.408456,3.709610,2.445327,3.386695,3.277158,3.815175,3.545844,3.742688,2.950160,2.543910,2.100288,3.590303,4.135408,3.570007,2.396358,3.344169,3.098356,3.218202
-25.472746,-0.011426,2.817325,3.222371,3.378866,3.955859,3.603088,3.522539,2.916943,2.699297,3.388401,3.283523,2.943902,2.865655,3.078370,3.379195,3.695144,2.438884,3.403447,3.299066,3.820007,3.558409,3.740110,2.933085,2.508471,2.085468,3.586437,4.140562,3.564530,2.384438,3.351579,3.090302,3.209826
-25.502908,-0.005508,2.789380,3.200015,3.370318,3.948955,3.585005,3.500840,2.872230,2.679899,3.365715,3.260180,2.921217,2.847901,3.065547,3.374263,3.692842,2.435340,3.420522,3.314530,3.815175,3.568396,3.737855,2.922776,2.489464,2.080636,3.588692,4.142173,3.570651,2.389914,3.351579,3.089980,3.205638
-25.580111,0.001067,2.754530,3.203631,3.348948,3.938763,3.569882,3.477497,2.853819,2.651954,3.346647,3.249002,2.902148,2.856449,3.063575,3.368674,3.689883,2.428897,3.422777,3.315496,3.809698,3.562919,3.728835,2.902480,2.506216,2.065172,3.587726,4.142495,3.562275,2.366396,3.346746,3.070328,3.202094
-25.828058,0.023753,2.713763,3.188837,3.343359,3.929557,3.556074,3.452182,2.871573,2.593104,3.326592,3.223358,2.871573,2.817983,3.011958,3.353880,3.678376,2.433085,3.404092,3.318396,3.806154,3.567752,3.727868,2.896681,2.498806,2.038754,3.587726,4.147972,3.555509,2.353832,3.343524,3.070972,3.204349
-26.230470,0.032630,2.701598,3.169110,3.331194,3.923311,3.552128,3.451196,2.854148,2.569103,3.321989,3.216782,2.867627,2.825545,3.031355,3.347304,3.674760,2.428574,3.403125,3.334826,3.799067,3.564852,3.727224,2.887660,2.462402,2.037788,3.592236,4.149261,3.555832,2.359631,3.344491,3.067429,3.198550
-26.390958,-0.000905,2.689105,3.173384,3.322646,3.923968,3.538978,3.418976,2.841654,2.569432,3.312783,3.204289,2.852833,2.806805,3.038259,3.346647,3.670815,2.424386,3.390238,3.330960,3.794556,3.562275,3.720458,2.887338,2.603188,2.034244,3.597713,4.147972,3.554221,2.357698,3.346746,3.062596,3.197261
-26.488159,0.029342,2.671351,3.127685,3.308838,3.918379,3.531087,3.387414,2.794640,2.506308,3.286810,3.179960,2.828175,2.786750,3.036287,3.331194,3.663910,2.411500,3.375741,3.318718,3.790368,3.558731,3.714015,2.871230,2.586435,2.026190,3.596424,4.147972,3.546811,2.354798,3.339336,3.057441,3.193717
-25.806322,0.036575,2.674639,3.146754,3.298975,3.913776,3.525169,3.364729,2.770969,2.491184,3.267413,3.160234,2.807133,2.767023,3.039246,3.323961,3.658650,2.411177,3.374774,3.314530,3.792623,3.560986,3.714015,2.863498,2.574193,2.049386,3.599646,4.151194,3.574517,2.371873,3.338370,3.058408,3.183730
-26.064855,0.050054,2.665433,3.134261,3.283523,3.914763,3.522210,3.367359,2.749599,2.469486,3.246371,3.138206,2.787078,2.753873,3.050095,3.312783,3.659636,2.410211,3.370264,3.310019,3.793590,3.557120,3.716914,2.849645,2.555508,2.052930,3.608345,4.155704,3.589015,2.355121,3.336759,3.048421,3.179864
-25.763649,0.056630,2.614802,3.098753,3.257550,3.905557,3.507416,3.330866,2.692392,2.426745,3.217440,3.116836,2.745982,2.728228,3.038588,3.299632,3.652404,2.384760,3.345135,3.294555,3.784569,3.549066,3.704994,2.810018,2.538111,2.028767,3.609633,4.158282,3.584504,2.328381,3.330638,3.025869,3.165689
-25.469540,0.045123,2.621378,3.058972,3.245385,3.900954,3.490977,3.334153,2.578309,2.402416,3.192453,3.076397,2.737763,2.725598,3.021821,3.299961,3.656020,2.392814,3.401836,3.352545,3.799389,3.564852,3.718847,2.827415,2.538111,2.011692,3.622842,4.163114,3.614466,2.349966,3.332249,3.024580,3.167300
-25.679545,0.031972,2.603624,3.035958,3.213166,3.888132,3.475525,3.311139,2.551021,2.360662,3.167466,3.045492,2.641762,2.729872,3.018533,3.297660,3.648458,2.353510,3.378963,3.307764,3.783281,3.547455,3.700806,2.790366,2.542943,1.963368,3.605767,4.160859,3.581927,2.293587,3.311308,2.983988,3.117686
-25.653587,-0.014714,2.577323,2.992560,3.154316,3.876296,3.439031,3.273331,2.510911,2.277483,3.157603,3.010314,2.588172,2.733818,3.008341,3.281221,3.637609,2.333213,3.394427,3.307764,3.778770,3.554865,3.706605,2.783923,2.493974,1.970777,3.609955,4.164403,3.584827,2.285211,3.296488,2.952738,3.103511
-26.255037,-0.025892,2.586528,3.011300,3.153658,3.882214,3.461059,3.263468,2.517157,2.317593,3.169768,3.032013,2.590802,2.723626,3.001437,3.298975,3.656349,2.346100,3.415367,3.377674,3.815175,3.576772,3.733023,2.773291,2.438561,1.972388,3.637662,4.173746,3.625419,2.284566,3.311630,3.002995,3.147003
-26.171964,-0.036413,2.581268,2.985985,3.150699,3.876296,3.444949,3.250317,2.491184,2.296881,3.144781,3.014259,2.586857,2.711790,2.993218,3.294372,3.653061,2.367363,3.411824,3.378318,3.816786,3.579672,3.733345,2.768781,2.472389,1.973677,3.639595,4.177289,3.634118,2.278445,3.307442,3.001707,3.145070
-26.154576,-0.018659,2.566802,2.975793,3.136891,3.883201,3.439689,3.230590,2.441869,2.270250,3.125713,3.003739,2.564829,2.696666,2.970204,3.291084,3.660952,2.375417,3.411501,3.389272,3.813886,3.579994,3.731734,2.762338,2.464979,1.955958,3.638306,4.176967,3.629608,2.269102,3.302609,2.997196,3.142171
-26.277866,-0.025234,2.548391,2.957053,3.112562,3.875639,3.433442,3.196727,2.407348,2.226852,3.122096,2.978752,2.536226,2.675296,2.959354,3.285495,3.660623,2.369618,3.403125,3.380896,3.801966,3.576772,3.726257,2.763304,2.435662,1.916331,3.640561,4.175034,3.627997,2.271358,3.295522,2.988498,3.136694
-26.172347,-0.010111,2.522418,2.891956,3.064890,3.871036,3.407469,3.157603,2.316278,2.175564,3.101384,2.960998,2.485267,2.638145,2.941930,3.278920,3.659636,2.369618,3.390883,3.372197,3.793912,3.571296,3.715304,2.730766,2.386371,1.878638,3.642172,4.172779,3.638628,2.226577,3.285535,2.926320,3.112532
-26.116943,-0.005179,2.491513,2.903792,3.044835,3.854598,3.372620,3.105329,2.244277,2.116714,3.069822,2.920559,2.412937,2.612830,2.954094,3.267742,3.645499,2.362208,3.377030,3.364143,3.784891,3.564852,3.701450,2.721423,2.334180,1.837079,3.639917,4.170846,3.629930,2.203381,3.271037,2.854799,3.099967
-25.937054,0.083589,2.432992,2.863025,2.994533,3.835858,3.349934,3.067849,2.192989,1.987507,3.016232,2.865655,2.386964,2.586857,2.944889,3.255577,3.640239,2.291332,3.355122,3.345135,3.772649,3.558409,3.684376,2.689851,2.345456,1.767491,3.631218,4.169235,3.612533,2.171486,3.233666,2.796487,3.075483
-25.855361,0.121398,2.401101,2.836723,2.936998,3.810871,3.308509,3.049109,2.019069,1.894465,2.924834,2.806805,2.337320,2.515514,2.928121,3.232563,3.628074,2.296164,3.311308,3.305831,3.737855,3.524904,3.646682,2.624129,2.261048,1.600609,3.624453,4.159248,3.598357,2.016525,3.195650,2.703059,3.024580
-25.886847,0.173673,2.288990,2.780503,2.861052,3.765501,3.241440,3.027739,1.777093,1.774792,2.889326,2.751571,2.243620,2.361977,2.916943,3.210535,3.616567,2.274257,3.279736,3.298099,3.727868,3.511051,3.634440,2.616075,2.187917,1.520712,3.620587,4.162792,3.597713,1.972388,3.173099,2.634116,2.993330
-25.791235,0.206550,2.233757,2.755188,2.819627,3.762542,3.223686,3.008341,1.632434,1.739285,2.881436,2.703571,2.202195,2.317922,2.903463,3.201330,3.615581,2.258149,3.240431,3.275225,3.691141,3.502352,3.617687,2.575160,2.127994,1.481730,3.614466,4.159248,3.594814,1.943715,3.138949,2.600933,2.953382
-25.773944,0.165125,2.187071,2.725269,2.805161,3.779967,3.259194,2.985985,1.536433,1.725147,2.853161,2.615460,2.169646,2.295566,2.884723,3.197056,3.621170,2.143136,3.301321,3.258795,3.747520,3.516850,3.651193,2.545843,2.157311,1.399256,3.619298,4.154093,3.585149,1.913432,3.128318,2.568072,2.941462
-26.062265,0.136850,2.136769,2.672009,2.765380,3.790816,3.237495,2.970533,1.222456,1.713312,2.830147,2.623350,2.157810,2.268606,2.882751,3.197056,3.637938,2.123806,3.292944,3.258473,3.739466,3.511695,3.647004,2.506216,2.094811,1.356408,3.620587,4.162792,3.578705,1.862208,3.116398,2.516203,2.914400
-26.429571,0.159536,2.066741,2.663132,2.744667,3.783254,3.210535,2.886367,1.151770,1.652489,2.818312,2.551350,2.108166,2.214030,2.856449,3.184891,3.632677,2.084824,3.274903,3.252996,3.724646,3.503641,3.632507,2.438239,2.050674,1.292942,3.613177,4.157315,3.586759,1.805184,3.104478,2.428252,2.892170
-26.491631,0.059918,2.015124,2.578966,2.664776,3.772734,3.176015,2.792996,1.194181,1.649201,2.783791,2.465212,2.004932,2.143016,2.833435,3.176343,3.627417,2.031667,3.252674,3.234955,3.702417,3.495909,3.611244,2.371551,2.001383,1.159243,3.574517,4.145717,3.582894,1.774579,3.065818,2.321293,2.792621
-26.495010,-0.051207,1.938520,2.481979,2.532281,3.729665,3.126370,2.770969,1.202401,1.634406,2.749270,2.318251,1.934246,2.021042,2.805490,3.164179,3.615252,1.960790,3.196295,3.231733,3.680188,3.493654,3.604801,2.282311,1.830958,1.059694,3.564852,4.138307,3.591914,1.708535,3.015238,2.186628,2.734632
-26.135739,0.008629,1.872108,2.419512,2.454691,3.680020,3.089548,2.669050,1.152756,1.491391,2.723297,2.129207,1.859615,1.938520,2.794640,3.135247,3.588293,1.752671,3.147326,3.174710,3.638628,3.468203,3.571296,2.220778,1.700158,1.003637,3.545844,4.121877,3.594169,1.605442,2.928575,2.049064,2.675031
-25.804328,-0.040029,1.779066,2.220935,2.324826,3.634650,3.056999,2.571076,1.043933,1.348046,2.618419,2.000329,1.722188,1.826080,2.744009,3.083301,3.543909,1.600609,3.132828,3.188241,3.648293,3.489143,3.570007,2.082247,1.560661,0.918586,3.526837,4.106091,3.590625,1.451125,2.900869,1.986563,2.634116
-25.441443,0.012246,1.784984,2.204825,2.282086,3.588622,3.031355,2.502034,1.000535,1.176756,2.558254,1.923397,1.639996,1.790902,2.680885,3.039903,3.505772,1.564205,3.102545,3.186630,3.640561,3.487532,3.551643,2.048741,1.502671,0.898934,3.524582,4.103836,3.568718,1.428895,2.869297,1.956924,2.605765
-26.040707,-0.048906,1.763942,2.191016,2.253483,3.571197,2.984999,2.433321,0.974562,1.143550,2.496116,1.831012,1.598570,1.721202,2.659515,3.027410,3.503470,1.458857,3.137983,3.200161,3.660858,3.497197,3.532958,2.016525,1.459179,0.854797,3.543911,4.114467,3.581605,1.445004,2.871552,1.945648,2.696616
-26.887356,-0.159045,1.741915,2.173263,2.247236,3.578430,2.996834,2.359018,0.926232,1.155386,2.506308,1.843834,1.575228,1.709366,2.644721,3.030698,3.512347,1.432761,3.223679,3.301321,3.769750,3.599968,3.595780,2.049708,1.630249,0.852864,3.591914,4.159570,3.641528,1.724321,2.951771,2.041654,2.861243
-26.876524,-0.178114,1.728764,2.126577,2.228825,3.591581,2.999136,2.339950,0.848642,1.133030,2.477705,1.834300,1.549583,1.707723,2.639789,3.026095,3.530101,1.401833,3.229478,3.360599,3.784247,3.640239,3.613499,2.044553,1.709501,0.840300,3.613177,4.166658,3.658602,1.769746,2.974645,2.048419,2.877029
-27.203664,-0.174497,1.710024,2.093700,2.204496,3.581060,2.978094,2.269593,0.788148,1.081084,2.438581,1.763614,1.504542,1.669585,2.594419,3.012615,3.502484,1.343522,3.224967,3.365110,3.790690,3.642172,3.614144,2.037143,1.784244,0.833534,3.630574,4.165369,3.681154,1.742684,3.007828,2.045842,2.901835
-27.467680,-0.208690,1.683722,2.030576,2.176879,3.564622,2.921217,2.211400,0.696421,1.007439,2.394197,1.692928,1.447335,1.650188,2.543459,2.986971,3.487361,1.248483,3.222712,3.361566,3.779737,3.638628,3.606089,1.952414,1.598032,0.801640,3.621231,4.161181,3.704350,1.705635,2.927931,1.998161,2.840624
-27.587997,-0.239923,1.613694,1.927342,2.115070,3.533388,2.750914,2.069700,0.487650,0.861464,2.343895,1.652160,1.331608,1.520323,2.443841,2.942258,3.474210,1.187594,3.253318,3.377674,3.788757,3.659247,3.601579,1.862852,1.578058,0.770390,3.638628,4.166980,3.721425,1.689527,2.949194,1.948226,2.815173
-28.408571,-0.260964,1.554515,1.862245,1.976329,3.516292,2.624994,1.953972,0.323593,0.783216,2.289977,1.578844,1.228374,1.445692,2.375128,2.928121,3.468292,1.112207,3.268782,3.385406,3.799067,3.664401,3.599324,1.810017,1.600609,0.721098,3.644105,4.173746,3.720458,1.649256,2.974645,1.937916,2.787789
-29.759432,-0.258663,1.480213,1.711668,1.849423,3.519580,2.588172,1.782025,0.189454,0.687873,2.209099,1.524268,1.139276,1.350348,2.337977,2.913327,3.467963,1.014269,3.255573,3.382829,3.795523,3.690497,3.600290,1.776512,1.566782,0.605441,3.642494,4.166336,3.709827,1.618329,2.960792,1.919231,2.803253
-30.912590,-0.352034,1.421363,1.699832,1.782025,3.516950,2.542473,1.522624,0.041835,0.632639,2.110467,1.455884,1.047220,1.269799,2.316278,2.912011,3.462045,1.007181,3.293911,3.418267,3.815175,3.758474,3.627030,1.773612,1.600932,0.679861,3.641206,4.167302,3.704994,1.663754,2.978189,1.903767,2.836114
-30.858985,-0.426008,1.398677,1.673859,1.693257,3.522539,2.561870,1.424321,0.040520,0.602063,1.987178,1.434513,1.112317,1.246785,2.305100,2.932395,3.473552,0.886047,3.280702,3.422455,3.812598,3.769105,3.616077,1.667942,1.526834,0.650544,3.643461,4.148939,3.751386,1.629604,2.954026,1.756860,2.746874
-29.672331,-0.479269,1.344430,1.646571,1.604159,3.525169,2.547404,1.367444,0.039863,0.580693,1.913205,1.425637,1.123495,1.204702,2.296552,2.958039,3.478484,0.772645,3.260084,3.421489,3.798745,3.760407,3.615754,1.473354,1.401189,0.598676,3.652159,4.138629,3.771360,1.626060,2.937596,1.512980,2.687918
-24.201773,-0.474995,1.258621,1.604159,1.549583,3.483087,2.480993,1.312210,0.038219,0.514281,1.781367,1.301361,0.994288,1.184647,2.296881,2.960670,3.462703,0.632825,3.211759,3.385406,3.782636,3.760729,3.594814,1.103508,1.413109,0.557761,3.642494,4.108668,3.738822,1.572259,2.870585,0.918908,2.601577
-17.138763,-0.478941,1.185633,1.558460,1.529857,3.423250,2.313648,1.250072,0.036575,0.514939,1.590351,1.119879,0.641187,1.040316,2.412937,2.981711,3.408127,0.766846,3.160857,3.282313,3.764273,3.692108,3.520716,0.493006,1.309372,0.812593,3.570329,4.041658,3.633796,1.496228,2.723678,0.256536,2.710469
0.178047,-0.848153,1.491720,2.099947,2.302141,3.496566,2.475075,1.584104,0.291045,1.036042,1.546624,1.885259,0.899931,1.573584,2.679570,3.012615,3.364400,0.964011,2.882828,2.988176,3.642172,3.431798,3.295522,0.013302,1.210467,0.903444,3.442751,3.867688,3.368009,1.178251,2.432762,0.008791,3.505252
13.666304,-0.102825,1.640653,2.307730,2.669050,3.364400,2.473760,2.186742,0.762175,0.994288,1.700818,2.760119,1.446020,2.225866,2.701598,2.886367,3.251961,1.378638,2.565495,1.779411,3.281346,2.431796,2.828704,0.006536,1.437916,0.991395,2.755894,3.618010,2.901191,0.655055,1.550996,0.005248,3.844170
18.029378,0.488637,1.480870,2.167674,2.336333,3.145439,2.344881,2.404060,0.958123,0.491267,0.044137,3.239796,1.576871,1.853039,2.564500,2.515514,2.924176,1.502993,2.120584,0.803895,3.014271,1.807440,2.363175,0.010724,2.084824,1.058083,2.366396,3.494620,2.570327,0.396356,0.956923,0.004281,3.911825
18.293108,0.670776,1.413143,2.093043,2.227510,3.125713,2.299182,2.517157,0.944972,0.188139,0.042821,3.306865,1.424979,1.675174,2.488226,2.428718,2.693050,1.491395,1.944682,0.607374,2.926320,1.467877,2.115107,0.009436,2.129283,0.778766,2.138303,3.435019,2.250417,0.278766,0.875738,0.003315,3.878964
19.052081,0.617187,1.390458,2.116385,2.236387,3.141165,2.369210,2.526692,0.909465,0.293017,0.539268,3.283194,1.445034,1.748490,2.484609,2.425759,2.743681,1.529089,2.049708,0.667941,2.971745,1.553251,2.152801,0.009114,2.158600,0.898934,2.128316,3.447906,2.270069,0.292297,0.935016,0.003315,3.877353
18.915301,0.337730,1.440431,2.214030,2.265647,3.187521,2.472116,2.597706,0.934123,0.649735,0.764805,3.331523,1.549583,1.856656,2.516500,2.470143,2.757160,1.572259,2.001705,0.720776,2.999452,1.579991,2.135404,0.019423,2.155378,0.953057,2.154734,3.459826,2.328703,0.305505,1.093844,0.003637,3.865111
19.188467,0.348580,1.465747,2.267291,2.314634,3.218097,2.565158,2.617761,0.893026,0.695106,1.052152,3.347633,1.663338,1.945424,2.580281,2.486253,2.802531,1.553895,1.983342,0.723354,3.006539,1.619617,2.131860,0.007503,2.155056,0.982052,2.148290,3.466592,2.348999,0.340944,1.186305,0.003315,3.845136
19.278718,0.412033,1.526898,2.322525,2.360991,3.262810,2.648995,2.643405,0.936095,0.749353,1.241524,3.369661,1.773477,2.046357,2.610857,2.500390,2.880121,1.584501,1.967234,0.728830,3.072261,1.632504,2.121229,0.009436,2.155056,1.082568,2.215623,3.474646,2.392492,0.366717,1.285532,0.005248,3.838371
19.368904,0.425184,1.549583,2.388937,2.428718,3.297331,2.676611,2.660830,0.967658,0.778285,1.385855,3.400894,1.816875,2.119673,2.643734,2.526034,2.912340,1.600932,1.935017,0.809372,3.186952,1.699836,2.159888,0.009114,2.170842,1.323869,2.326126,3.522971,2.493652,0.394745,1.454346,0.005892,3.824840
19.130968,0.515925,1.642297,2.508609,2.513870,3.317386,2.772941,2.752557,1.072536,0.816422,1.610735,3.424894,1.857971,2.201866,2.717708,2.549706,2.975464,1.639914,1.948548,0.834501,3.221101,1.745262,2.183406,0.010724,2.182762,1.373483,2.463690,3.559698,2.597067,0.499771,1.539720,0.004603,3.809698
19.547897,0.473184,1.711997,2.600665,2.586528,3.350921,2.846915,2.841654,1.243168,0.911766,1.798135,3.441333,1.832327,2.263346,2.747626,2.602638,3.000122,1.645390,2.095133,0.856408,3.245908,1.736241,2.190494,0.010080,2.198548,1.428895,2.538755,3.602223,2.686307,0.544230,1.601898,0.005892,3.789402
19.526856,0.484363,1.749476,2.681214,2.667077,3.373935,2.936340,2.866970,1.491062,0.959438,1.907287,3.458429,1.875725,2.363621,2.787736,2.645378,3.008999,1.683406,2.103509,0.913431,3.269426,1.813561,2.223999,0.009758,2.235919,1.518457,2.593845,3.654736,2.759438,0.678895,1.679862,0.006536,3.782314
20.022209,0.492911,1.805696,2.810421,2.780174,3.397935,2.993218,2.934368,1.627173,1.083714,2.230140,3.466977,1.987836,2.422471,2.837380,2.686475,3.034314,1.725932,2.145391,0.896034,3.284890,1.816138,2.227865,0.008469,2.301963,1.527156,2.624773,3.667301,2.772969,0.720776,1.699514,0.006536,3.780703
20.103367,0.323922,1.791559,2.845600,2.876504,3.424237,3.009985,3.032342,1.717257,1.252703,2.410964,3.493607,2.004274,2.413266,2.874203,2.709817,3.049438,1.723354,2.133793,0.917619,3.297777,1.796164,2.226899,0.009436,2.308729,1.508792,2.635082,3.665368,2.775224,0.723031,1.684695,0.006214,3.774904
20.238466,0.214441,1.869807,2.901491,2.903792,3.441990,3.027739,3.100397,1.793203,1.402294,2.498746,3.515306,2.155180,2.456664,2.889326,2.727242,3.071137,1.709823,2.008793,0.914075,3.268460,1.795197,2.195327,0.012335,2.306796,1.502671,2.515237,3.633796,2.675353,0.702735,1.709179,0.005892,3.757185
20.521498,0.216085,1.952657,2.884723,2.953108,3.452182,3.037273,3.107630,1.849094,1.462788,2.547733,3.541608,2.256771,2.523075,2.901820,2.739078,3.081986,1.713689,2.007182,0.938238,3.271681,1.818071,2.187595,0.009436,2.321938,1.555506,2.538433,3.629930,2.714657,0.718521,1.728509,0.006536,3.745909
20.000709,0.205893,2.020384,2.890641,3.016561,3.462703,3.048451,3.124726,1.933917,1.559447,2.581597,3.583033,2.372169,2.565816,2.917929,2.785435,3.119466,1.744617,2.031344,0.986885,3.281991,1.851898,2.185984,0.009436,2.377028,1.608019,2.568394,3.643783,2.761049,0.754926,1.754604,0.007503,3.742688
20.701782,0.280853,2.095015,2.927135,3.065219,3.475196,3.081000,3.154644,2.088769,1.615338,2.592446,3.597170,2.445814,2.594747,2.941272,2.809435,3.147411,1.813561,2.097066,1.050351,3.297455,1.875416,2.194038,0.009436,2.385726,1.709501,2.596745,3.649260,2.793266,0.813238,1.846099,0.005892,3.741721
20.316209,0.267044,2.105207,2.942587,3.104014,3.484073,3.100726,3.172069,2.141701,1.661366,2.582912,3.630047,2.501048,2.604939,2.958697,2.835737,3.167138,1.846422,2.121551,1.045841,3.296166,1.871873,2.183084,0.009114,2.400224,1.719166,2.597389,3.655381,2.792943,0.827735,1.915043,0.008147,3.730123
19.959557,0.296634,2.176550,2.937656,3.168124,3.506758,3.120452,3.216453,2.306415,1.705750,2.553322,3.665226,2.589487,2.633214,2.966916,2.879463,3.206261,1.894102,2.214979,1.075802,3.282635,1.882826,2.182118,0.009114,2.423098,1.689527,2.617363,3.655381,2.795199,0.833212,1.910855,0.005248,3.714659
19.959220,0.300579,2.206797,2.980396,3.196727,3.521224,3.120452,3.241111,2.333703,1.715942,2.574692,3.683308,2.631570,2.649981,2.967903,2.889326,3.211522,1.945971,2.248806,1.157954,3.301643,1.905056,2.200481,0.009114,2.521358,1.769102,2.657634,3.675033,2.853188,0.866717,2.058728,0.007503,3.702739
19.739719,0.303867,2.340936,3.031027,3.241111,3.527799,3.137877,3.322975,2.507294,1.770847,2.722639,3.719802,2.669707,2.735790,2.980067,2.901162,3.241440,1.945648,2.293265,1.175351,3.322906,1.917942,2.229798,0.009758,2.629928,1.767813,2.662466,3.676322,2.872841,0.881537,2.098033,0.009436,3.694363
20.277508,0.327538,2.344553,3.079685,3.220070,3.528786,3.150699,3.335797,2.555624,1.766901,2.787407,3.726706,2.663132,2.735790,2.987629,2.898532,3.242426,1.935339,2.255894,1.105441,3.298099,1.883471,2.199515,0.009758,2.633472,1.739785,2.655701,3.663757,2.799065,0.844488,2.071615,0.008791,3.688886
19.868321,0.322607,2.387622,3.079356,3.261824,3.543909,3.158261,3.347962,2.561213,1.783997,2.871244,3.737555,2.664447,2.744009,2.996506,2.896888,3.248344,2.059373,2.306796,1.200480,3.322584,1.949514,2.273935,0.010724,2.683407,1.804540,2.707247,3.692108,2.907312,0.991395,2.231731,0.009436,3.685664
19.899547,0.270003,2.408005,3.165494,3.311139,3.563964,3.163850,3.433771,2.612172,1.863560,2.965601,3.757610,2.681214,2.753544,3.014588,2.915628,3.265111,2.066783,2.376384,1.307761,3.355767,1.985275,2.319682,0.120905,2.790366,1.827736,2.757827,3.697262,3.011050,1.096743,2.365108,0.009758,3.685342
19.531100,0.220687,2.512555,3.201330,3.353551,3.577115,3.190480,3.452511,2.695351,1.932602,3.015903,3.760898,2.700283,2.773599,3.028396,2.948834,3.274317,2.129605,2.386049,1.318393,3.383795,1.995262,2.348677,0.404732,2.923098,1.907955,2.807441,3.725291,3.033279,1.231730,2.549386,0.009758,3.662791
19.325035,0.206879,2.547076,3.210207,3.385770,3.596512,3.225330,3.484402,2.804503,1.983890,3.041547,3.761555,2.740393,2.777873,3.033328,2.970861,3.286810,2.139270,2.373806,1.339333,3.383473,2.000417,2.317749,0.591266,3.011694,1.979154,2.883794,3.760729,3.061307,1.276833,2.685340,0.013302,3.659891
19.389993,0.197016,2.638803,3.262481,3.411414,3.614924,3.285166,3.536676,2.910696,2.065755,3.092178,3.763528,2.829161,2.801873,3.035629,2.995190,3.305550,2.132504,2.406023,1.327735,3.371553,1.972388,2.267814,0.759436,3.052609,2.005893,2.899258,3.784247,3.060341,1.277478,2.683085,0.010724,3.648293
19.392570,0.285127,2.666419,3.240454,3.409113,3.619855,3.289440,3.541279,2.915628,2.005918,3.087246,3.758268,2.851189,2.797928,3.036616,2.993875,3.294043,2.121873,2.399257,1.306150,3.372519,1.978187,2.276190,0.780699,3.063885,2.018136,2.904735,3.784891,3.052931,1.257181,2.696616,0.011369,3.642172
18.963103,0.282168,2.701269,3.244399,3.424565,3.623143,3.307852,3.532073,2.938313,2.016439,3.084287,3.763199,2.830805,2.811408,3.033985,3.005711,3.314427,2.148613,2.509116,1.356408,3.369298,2.050030,2.354154,1.030377,3.105444,2.098999,2.930508,3.786824,3.063563,1.307761,2.724967,0.010724,3.640561
20.389592,0.266058,2.728886,3.265111,3.439689,3.629061,3.329222,3.552457,2.951464,2.015453,3.105329,3.756624,2.853161,2.809106,3.038588,3.007684,3.320345,2.118329,2.512015,1.307439,3.344169,2.011048,2.333213,1.052606,3.099645,2.001705,2.924065,3.773293,3.047776,1.256537,2.679219,0.010402,3.629285
19.824092,0.249291,2.727242,3.261166,3.429497,3.624129,3.328893,3.555087,2.934039,2.006576,3.109932,3.740185,2.868285,2.792010,3.030369,3.029054,3.316400,2.106409,2.529090,1.328702,3.349968,2.008471,2.364141,1.203702,3.119942,2.054862,2.931152,3.768139,3.019426,1.268457,2.695005,0.142168,3.622520
20.374401,0.309785,2.738749,3.249988,3.432785,3.633335,3.347962,3.562320,2.940943,1.944767,3.147740,3.753336,2.880778,2.871573,3.030698,3.027739,3.328564,2.148613,2.567750,1.330957,3.373808,2.023935,2.468845,1.325158,3.130251,2.126705,2.972712,3.776193,3.035534,1.305828,2.801320,0.414075,3.616399
20.182026,0.319319,2.746968,3.240125,3.434100,3.641554,3.370976,3.563964,2.968231,1.954630,3.138863,3.747090,2.893600,2.850860,3.026753,3.031355,3.320345,2.149579,2.635405,1.328702,3.402803,2.067427,2.519425,1.450158,3.121874,2.190816,2.982377,3.780381,3.110277,1.352542,2.907957,0.579346,3.611566
20.297302,0.223646,2.765380,3.241769,3.430483,3.634979,3.392346,3.582047,2.993875,2.090412,3.164508,3.742487,2.951135,2.887354,3.030698,3.058643,3.322318,2.230120,2.782312,1.381537,3.433731,2.104476,2.653124,1.562594,3.133795,2.335791,3.027802,3.785214,3.123163,1.499127,2.931797,0.678895,3.627030
19.807147,0.097069,2.758147,3.206919,3.418976,3.627746,3.392675,3.572841,3.027739,2.199236,3.138535,3.728678,2.995519,2.901820,3.029711,3.075739,3.323304,2.264592,2.830959,1.425029,3.454994,2.188561,2.739464,1.619939,3.208537,2.418265,3.072905,3.795845,3.119619,1.638625,3.002673,0.682439,3.632507
19.539722,-0.152469,2.755188,3.207905,3.417004,3.624129,3.390373,3.567909,3.033985,2.408663,3.195412,3.717500,3.019848,2.917601,3.029383,3.082644,3.334811,2.276834,2.936951,1.460790,3.467880,2.234631,2.755250,1.706602,3.249452,2.442105,3.083537,3.798100,3.134117,1.667298,3.017171,0.722065,3.635729
20.225785,-0.169237,2.735133,3.193439,3.400236,3.616567,3.375578,3.562978,3.021821,2.418197,3.238152,3.709938,3.042205,2.945217,3.021163,3.097767,3.338427,2.274901,2.951771,1.463367,3.471102,2.229798,2.750740,1.792942,3.281024,2.453381,3.086436,3.807443,3.142171,1.679540,3.035534,0.751704,3.630252
20.453726,-0.204415,2.736776,3.188508,3.386757,3.623143,3.369661,3.559361,3.022478,2.431677,3.260509,3.694157,3.049438,2.956724,3.018533,3.098753,3.338099,2.271035,2.956604,1.444359,3.466592,2.234309,2.749451,1.811950,3.305831,2.450159,3.084181,3.802933,3.142171,1.684050,3.030057,0.784243,3.621231
20.367122,-0.153784,2.734146,3.181275,3.373606,3.608348,3.367688,3.561005,3.008341,2.396498,3.269714,3.683637,3.033985,2.963957,3.020506,3.094808,3.342373,2.247840,2.908279,1.398290,3.435019,2.154089,2.724967,1.754604,3.291656,2.356731,3.019104,3.791657,3.129929,1.611563,2.999129,0.704346,3.602868
20.261709,-0.170552,2.721653,3.165494,3.364729,3.599800,3.362099,3.565279,2.984341,2.388608,3.267413,3.688568,3.021492,2.949820,3.033328,3.104014,3.341715,2.240752,2.957892,1.434372,3.461437,2.214012,2.760083,1.816138,3.401514,2.482376,3.081604,3.799067,3.138305,1.647646,3.002995,0.754281,3.616721
19.885444,-0.110715,2.748283,3.220070,3.385442,3.605718,3.384455,3.587636,3.026753,2.383676,3.299304,3.679363,3.074424,2.986642,3.023136,3.121439,3.347304,2.285533,2.994619,1.530377,3.490432,2.281345,2.766204,2.023612,3.473357,2.557441,3.104800,3.808410,3.158601,1.725610,3.028446,0.859952,3.618976
20.305232,-0.059427,2.764722,3.241440,3.382154,3.602430,3.387085,3.598485,3.037931,2.384663,3.323304,3.685281,3.098753,2.980067,3.016561,3.125713,3.352564,2.288110,3.001062,1.551318,3.497197,2.291010,2.800353,2.017813,3.497197,2.568072,3.110277,3.806799,3.196295,1.727543,3.025869,0.882503,3.624453
20.755792,0.013890,2.772613,3.256892,3.364729,3.593882,3.389058,3.617883,3.049109,2.369868,3.375250,3.685609,3.104671,2.978752,3.021492,3.126699,3.375250,2.310017,3.012660,1.576447,3.503641,2.308084,2.817106,2.059051,3.500097,2.579992,3.122519,3.806477,3.202416,1.745906,3.036823,0.905699,3.615432
20.256917,0.055315,2.788394,3.269385,3.358811,3.601115,3.405825,3.638266,3.057986,2.358690,3.385770,3.696130,3.110918,2.988944,3.009328,3.142151,3.377551,2.302608,2.979799,1.581924,3.504929,2.323226,2.841590,2.087723,3.503641,2.573871,3.127996,3.800678,3.165689,1.733342,3.040044,0.947258,3.602546
20.846896,0.051698,2.816010,3.264454,3.357825,3.614266,3.410099,3.636623,3.055684,2.380717,3.373606,3.704349,3.123411,3.006369,3.014917,3.151028,3.376565,2.313239,3.003318,1.566138,3.508473,2.304863,2.858343,2.066460,3.513950,2.562273,3.117364,3.801644,3.175676,1.733664,3.034568,0.940815,3.585471
20.609835,0.121398,2.881107,3.265111,3.345989,3.613609,3.414045,3.640897,3.050424,2.350799,3.373935,3.710596,3.125055,3.000780,3.020835,3.151028,3.378537,2.303252,2.988820,1.561305,3.507185,2.312273,2.855121,2.077736,3.538112,2.571938,3.126063,3.800678,3.189207,1.716589,3.032635,0.923418,3.585149
21.077078,0.223318,2.949820,3.280564,3.349277,3.613609,3.428839,3.646157,3.067520,2.325813,3.376565,3.700404,3.128672,2.993875,3.020835,3.154644,3.376236,2.300997,2.983021,1.615107,3.513950,2.332569,2.872518,2.115430,3.565819,2.565495,3.132828,3.806477,3.204027,1.709501,3.026836,0.897323,3.599002
20.889838,0.258496,2.972834,3.273331,3.338427,3.623800,3.427195,3.635965,3.069164,2.299511,3.356839,3.689555,3.127028,3.013602,3.032670,3.153329,3.377551,2.294231,2.972068,1.543908,3.497197,2.299708,2.875740,2.065494,3.550355,2.556152,3.110921,3.788113,3.174065,1.664076,2.997841,0.864140,3.604156
21.202057,0.318662,2.986971,3.279249,3.332509,3.625444,3.422593,3.633006,3.059958,2.279456,3.361441,3.690870,3.126699,2.991574,3.027410,3.149384,3.362428,2.325804,2.969812,1.660854,3.529736,2.354154,2.911500,2.231087,3.582571,2.573227,3.124452,3.798745,3.210792,1.721744,3.012660,0.916330,3.618654
21.152072,0.380799,3.052068,3.283523,3.343688,3.619855,3.448566,3.643527,3.066205,2.310032,3.369003,3.683308,3.143137,3.028725,3.034643,3.158590,3.364729,2.336113,2.982055,1.701769,3.577095,2.381538,2.966591,2.291654,3.615754,2.594167,3.161823,3.808732,3.262983,1.757504,3.036501,1.029733,3.619620
21.870887,0.430115,3.156617,3.302263,3.399907,3.608677,3.409771,3.626759,3.072780,2.387622,3.476511,3.681664,3.127028,3.014259,3.028396,3.146425,3.352893,2.333536,3.031990,1.782311,3.616399,2.439850,3.015560,2.338368,3.622520,2.607698,3.181797,3.820007,3.288112,1.782311,3.073872,1.127349,3.608989
23.173444,0.397238,3.183905,3.301934,3.427853,3.609663,3.436072,3.639910,3.060287,2.440225,3.487032,3.699747,3.133932,3.019191,3.027739,3.155631,3.340729,2.373484,3.014593,1.846099,3.632507,2.502350,3.069362,2.388304,3.625419,2.613497,3.196617,3.838049,3.324517,1.832246,3.106733,1.245583,3.605123
23.671531,0.377512,3.236180,3.319687,3.438045,3.651088,3.458429,3.658979,3.111247,2.540500,3.507744,3.719473,3.151685,3.037273,3.044177,3.177001,3.344016,2.418909,3.050676,2.012015,3.685342,2.609309,3.098679,2.377028,3.642816,2.624129,3.255573,3.865111,3.349968,1.889270,3.224001,1.449192,3.614144
25.005252,0.282497,3.297989,3.340071,3.479470,3.697116,3.495251,3.705336,3.172069,2.696666,3.518594,3.753007,3.157932,3.029711,3.093493,3.231248,3.352893,2.465301,3.095457,2.068071,3.727546,2.694039,3.175354,2.514593,3.698551,2.693717,3.346746,3.908281,3.376063,1.974965,3.288434,1.559050,3.663757
25.837710,0.292360,3.356181,3.369661,3.485388,3.718815,3.512676,3.722760,3.224015,2.776887,3.561334,3.741829,3.151685,3.062260,3.137548,3.251632,3.378537,2.489141,3.114143,2.243974,3.799389,2.880895,3.309053,2.579348,3.782958,2.744296,3.423744,3.935987,3.437597,2.178252,3.363499,1.760081,3.693396
27.201620,0.269346,3.376894,3.389716,3.507744,3.761884,3.548512,3.732295,3.214809,2.849216,3.563635,3.753665,3.113219,3.072780,3.145439,3.266427,3.404839,2.498162,3.120264,2.290688,3.798745,2.923421,3.375741,2.545520,3.803255,2.770070,3.423422,3.926967,3.447262,2.160211,3.353512,1.721099,3.685987
27.935388,0.270332,3.426538,3.417004,3.563964,3.824679,3.585334,3.765501,3.236180,2.924834,3.586978,3.773062,3.183247,3.114863,3.185549,3.347304,3.470922,2.535211,3.130251,2.317749,3.765561,2.950160,3.374452,2.387337,3.768139,2.743008,3.364143,3.910536,3.391527,2.189205,3.356733,1.580957,3.652159
26.575698,0.297620,3.469936,3.408784,3.605389,3.837173,3.636294,3.798049,3.238152,2.955080,3.600458,3.763199,3.192782,3.169439,3.261824,3.438045,3.541937,2.567750,3.297133,2.358987,3.843526,3.105444,3.475290,2.573871,3.894428,2.868008,3.439852,3.954028,3.465625,2.342878,3.409246,1.484308,3.819041
18.941999,0.302223,3.481114,3.452840,3.624458,3.870707,3.681664,3.812186,3.256235,2.954094,3.557718,3.747418,3.184234,3.222371,3.313112,3.557718,3.586649,2.625095,3.350290,2.527479,3.900549,3.311308,3.595780,2.859632,4.064853,2.989142,3.498808,3.995588,3.543589,2.496229,3.465303,1.911821,3.812598
1.259245,0.267702,3.444292,3.442976,3.607691,3.894379,3.685281,3.807912,3.321660,2.944889,3.503142,3.645499,3.168782,3.193768,3.315742,3.614595,3.637280,2.572260,3.400548,2.783279,3.975614,3.509762,3.801322,3.032635,4.079673,2.982055,3.557120,4.037147,3.653770,2.730766,3.589981,2.392492,3.803899
-16.886243,0.325894,3.375578,3.369661,3.517936,3.974270,3.716185,3.834214,3.259194,2.864668,3.545553,3.461059,3.204946,3.243084,3.320674,3.647801,3.716514,2.575160,3.572584,3.317429,4.044235,3.753319,3.997843,3.228833,3.951773,2.820328,3.656025,4.094171,3.691786,2.836436,3.660858,2.903768,3.722069
-22.451997,0.138823,3.157603,3.286153,3.486045,4.024901,3.666541,3.750048,3.110260,2.873545,3.493936,3.360455,3.163192,3.012944,3.123740,3.557060,3.744459,2.560984,3.647649,3.326127,4.009441,3.762018,3.924389,3.339014,3.330638,2.682119,3.671167,4.170846,3.678899,2.724967,3.618010,3.157635,3.643461
-22.673721,0.084576,3.130973,3.267084,3.470922,4.036737,3.672130,3.713555,3.072452,2.911025,3.506429,3.347633,3.140836,2.970861,3.041876,3.532731,3.757610,2.496229,3.607056,3.310664,3.980124,3.701450,3.863822,3.266849,3.050032,2.565172,3.661180,4.168591,3.669234,2.661500,3.579672,3.195973,3.493331
-22.719733,0.091480,3.100068,3.253933,3.450209,3.989065,3.663582,3.700404,3.043849,2.863025,3.468949,3.317715,3.126041,2.969218,3.028068,3.483744,3.704349,2.484309,3.563241,3.295200,3.962083,3.660858,3.815819,3.202738,2.786822,2.395713,3.651193,4.150872,3.653448,2.577093,3.543911,3.167622,3.430187
-23.278896,0.128302,3.050095,3.255577,3.436730,3.971311,3.618869,3.658650,3.007026,2.736776,3.420291,3.285166,3.093493,2.969875,2.967245,3.407140,3.641554,2.481732,3.454349,3.263627,3.927933,3.587726,3.742688,2.977866,2.571938,2.165687,3.598035,4.127676,3.600613,2.403123,3.447584,3.044233,3.227223
-23.171967,0.111206,3.016561,3.243741,3.416346,3.961119,3.601773,3.620184,3.007026,2.679242,3.402538,3.261166,3.078041,2.960670,2.973820,3.381168,3.613609,2.468523,3.442429,3.254929,3.923101,3.582249,3.727868,2.933730,2.571938,2.157955,3.601579,4.130253,3.599002,2.397646,3.448228,3.041655,3.216913
-22.945341,0.073726,2.979738,3.230590,3.409113,3.955530,3.595197,3.636294,3.030698,2.696666,3.393003,3.254920,3.066863,2.960998,3.018862,3.376894,3.600458,2.466268,3.434697,3.251385,3.920845,3.566785,3.717559,2.929219,2.600611,2.155378,3.602546,4.136052,3.599002,2.393136,3.444684,3.037789,3.214658
-23.041816,0.054657,2.968889,3.228947,3.401223,3.952571,3.592238,3.620513,3.008999,2.700612,3.386099,3.249002,3.062917,2.960012,3.001437,3.370647,3.597828,2.463368,3.441785,3.254929,3.924711,3.566463,3.708860,2.924065,2.562273,2.147324,3.606412,4.138307,3.601257,2.408922,3.445007,3.026513,3.191462
-22.834327,0.063205,2.962313,3.222700,3.392675,3.952242,3.585992,3.593225,3.008341,2.677269,3.369003,3.238152,3.053712,2.937327,2.987629,3.363743,3.597828,2.458536,3.430187,3.249130,3.922778,3.561308,3.699195,2.918266,2.563884,2.150223,3.609633,4.144428,3.600613,2.407634,3.443396,3.019426,3.184375
-23.084833,0.053671,2.943573,3.211193,3.390373,3.949612,3.574814,3.565279,2.990916,2.677269,3.358482,3.228947,3.046808,2.927135,2.949163,3.358482,3.589608,2.457569,3.432120,3.231411,3.914724,3.558409,3.692752,2.917944,2.502995,2.156667,3.617043,4.149583,3.604801,2.408922,3.443396,3.024258,3.182119
-22.583676,0.057287,2.901491,3.215796,3.369989,3.945338,3.562978,3.515635,2.972505,2.655241,3.351907,3.219084,3.033328,2.927135,2.963300,3.355195,3.587307,2.453381,3.423422,3.218524,3.911825,3.543589,3.682765,2.911823,2.516203,2.151190,3.614144,4.147006,3.597391,2.394747,3.439530,3.020070,3.179220
-22.980826,0.084247,2.881765,3.206590,3.359797,3.930544,3.554101,3.592238,2.998149,2.621049,3.324948,3.185878,3.022150,2.915299,3.017218,3.343359,3.576129,2.452415,3.412790,3.221746,3.911180,3.543267,3.686309,2.909890,2.469489,2.159244,3.614788,4.147650,3.601901,2.389270,3.442429,3.020070,3.171488
-22.891946,0.094110,2.869600,3.204618,3.349277,3.931201,3.555416,3.584348,2.991245,2.610528,3.323961,3.179960,3.018862,2.909710,2.993218,3.345660,3.579745,2.441139,3.419878,3.216269,3.914402,3.551966,3.693074,2.918910,2.437273,2.167298,3.622198,4.149905,3.605123,2.385726,3.444040,3.010727,3.164078
-23.263555,0.107918,2.847572,3.196070,3.346318,3.926598,3.549498,3.572183,2.972177,2.588829,3.310811,3.170097,3.009328,2.905436,2.978423,3.338099,3.577444,2.425675,3.409246,3.203705,3.903771,3.535857,3.670200,2.879928,2.463690,2.146357,3.617043,4.145395,3.588370,2.346422,3.429865,2.958537,3.140560
-22.952955,0.131261,2.828832,3.180946,3.332838,3.928242,3.535690,3.551142,2.965930,2.539843,3.295687,3.155631,2.987629,2.898861,2.972177,3.321002,3.572512,2.394103,3.405058,3.192107,3.894428,3.526515,3.658280,2.844812,2.436628,2.137015,3.613499,4.142173,3.570651,2.310984,3.422455,2.924709,3.135728
-22.238776,0.174988,2.797928,3.147083,3.321002,3.931530,3.528457,3.532402,2.938642,2.487239,3.279577,3.148398,2.969546,2.893271,2.961985,3.307194,3.572841,2.390881,3.405380,3.192429,3.891850,3.524904,3.651837,2.827093,2.407311,2.122839,3.618976,4.150550,3.560986,2.298742,3.419233,2.913433,3.126707
-22.499664,0.182221,2.761763,3.143466,3.300619,3.909831,3.513005,3.470922,2.891956,2.451403,3.239796,3.117493,2.941272,2.866312,2.974807,3.262481,3.527799,2.348999,3.403769,3.189207,3.890884,3.524582,3.645716,2.819361,2.440494,2.118973,3.618654,4.147328,3.536824,2.281989,3.403447,2.909567,3.138627
-22.318803,0.167097,2.720009,3.139192,3.284180,3.875639,3.492292,3.470593,2.887682,2.427403,3.210864,3.070479,2.902477,2.848559,2.990916,3.210535,3.488676,2.349322,3.398615,3.188241,3.888307,3.523937,3.644105,2.823227,2.429541,2.105120,3.616721,4.148294,3.552932,2.292943,3.406991,2.877029,3.132828
-22.413720,0.154604,2.693707,3.140507,3.259194,3.862817,3.478484,3.457442,2.866641,2.398471,3.183576,3.029711,2.867627,2.837380,2.962642,3.191796,3.476511,2.336113,3.406025,3.186630,3.886374,3.524582,3.637017,2.818717,2.386693,2.070326,3.614144,4.154738,3.570329,2.289077,3.405058,2.830315,3.126063
-22.353203,0.141124,2.669707,3.123082,3.246043,3.859529,3.469607,3.451525,2.847244,2.380717,3.167138,3.004067,2.851518,2.827517,2.970861,3.185878,3.469278,2.327414,3.389916,3.177609,3.883796,3.518460,3.632829,2.808730,2.362853,2.059695,3.613821,4.155382,3.597069,2.283922,3.395393,2.822905,3.113176
-22.039706,0.137837,2.663789,3.116178,3.243084,3.856899,3.467306,3.446593,2.847572,2.376772,3.166809,2.989601,2.848559,2.815353,2.968231,3.182261,3.467634,2.335791,3.386372,3.177287,3.883474,3.517816,3.629930,2.817428,2.386371,2.060017,3.614144,4.152805,3.608667,2.287144,3.394749,2.828382,3.113820
-21.956120,0.142768,2.670365,3.099082,3.232892,3.854926,3.461716,3.428839,2.802202,2.357703,3.156946,2.978423,2.828504,2.823572,2.965601,3.178316,3.468621,2.314850,3.380573,3.163112,3.875742,3.504607,3.614466,2.800675,2.372840,2.053896,3.606734,4.143140,3.597713,2.272968,3.387661,2.818717,3.092557
-22.309104,0.147042,2.658200,3.068506,3.226316,3.831912,3.457442,3.400236,2.750914,2.320552,3.140507,2.960341,2.793654,2.800229,2.955080,3.174371,3.464347,2.297775,3.360599,3.143782,3.860923,3.481411,3.587726,2.766526,2.408278,1.974965,3.585471,4.127354,3.575162,2.233986,3.362210,2.777802,3.056797
-21.815414,0.176632,2.638145,3.006040,3.225659,3.820734,3.424894,3.364400,2.666419,2.221592,3.111904,2.938971,2.690420,2.800229,2.952779,3.155959,3.454812,2.283278,3.351579,3.140238,3.851902,3.479156,3.577095,2.759438,2.371873,1.876705,3.575162,4.126709,3.554221,2.195327,3.341914,2.734954,3.033923
-22.177331,0.158878,2.614802,2.936340,3.183905,3.805282,3.378537,3.326920,2.636830,2.147619,3.084287,2.897874,2.643077,2.759790,2.945546,3.137877,3.438374,2.279734,3.340625,3.146681,3.846747,3.474324,3.565174,2.730121,2.332569,1.844166,3.575162,4.119944,3.539079,2.184051,3.330638,2.711758,3.039078
-21.437772,0.225948,2.601980,2.937656,3.129658,3.775035,3.348290,3.279906,2.547733,2.029918,3.047794,2.836723,2.577323,2.732831,2.962313,3.111247,3.402209,2.276190,3.333215,3.143460,3.845136,3.468847,3.559053,2.698871,2.369618,1.834824,3.572906,4.121877,3.549710,2.153445,3.321617,2.697582,3.043266
-21.996607,0.327867,2.570747,2.870915,3.076068,3.760240,3.320016,3.208563,2.529322,1.866190,2.961327,2.803846,2.443841,2.720009,2.972834,3.102041,3.376565,2.252994,3.310664,3.092557,3.832572,3.449517,3.533280,2.694039,2.345778,1.792298,3.572906,4.117044,3.540690,2.061950,3.276514,2.665044,3.009117
-21.652737,0.373238,2.528007,2.850202,3.010643,3.739199,3.266427,3.178973,2.496116,1.785313,2.925491,2.731845,2.336333,2.702913,2.960998,3.081000,3.321989,2.240108,3.287145,3.058408,3.824840,3.432442,3.524582,2.686307,2.306796,1.811950,3.572262,4.110923,3.547777,2.031344,3.257506,2.582892,2.985921
-21.325031,0.332470,2.480006,2.838038,2.916614,3.709610,3.187193,3.103356,2.454033,1.750792,2.897217,2.650638,2.262031,2.665433,2.942258,3.061602,3.302591,2.225288,3.273292,3.025225,3.807765,3.395393,3.503963,2.654412,2.212401,1.796164,3.563564,4.099970,3.527803,1.964656,3.236565,2.489464,2.970457
-21.385589,0.304196,2.456006,2.828175,2.872559,3.685938,3.120781,3.080671,2.341922,1.743230,2.920559,2.573048,2.244935,2.633542,2.934697,3.051082,3.294701,2.187595,3.217880,3.006861,3.791335,3.382829,3.504285,2.623807,2.118973,1.772001,3.553254,4.097392,3.515239,1.899579,3.212081,2.395713,2.929864
-21.811895,0.267373,2.425759,2.792996,2.849874,3.677061,3.121767,3.047465,2.247894,1.737312,2.896230,2.518472,2.237373,2.628282,2.923190,3.044835,3.288125,2.164721,3.185663,2.937274,3.784247,3.375741,3.474324,2.599322,2.018458,1.754282,3.559698,4.106091,3.504285,1.859952,3.175032,2.290688,2.907312
-22.248742,0.230551,2.412279,2.796613,2.845928,3.689555,3.118480,3.039575,2.224551,1.726462,2.901162,2.504007,2.263017,2.622035,2.920231,3.060287,3.303906,2.243974,3.313241,3.144748,3.842237,3.478190,3.542301,2.607698,2.299386,1.760403,3.595780,4.131864,3.548744,2.014270,3.227867,2.559374,2.973678
-21.796644,0.270990,2.387622,2.766695,2.847901,3.705336,3.126041,3.081328,2.266963,1.701805,2.893929,2.526363,2.241318,2.607569,2.914313,3.066534,3.317715,2.222066,3.301643,3.186630,3.846425,3.500097,3.546811,2.586758,2.249128,1.691138,3.605767,4.135086,3.560020,1.996873,3.220779,2.572904,2.974645
-21.911810,0.228578,2.331402,2.730530,2.797599,3.686924,3.111575,3.046150,1.974027,1.695558,2.845271,2.424115,2.211729,2.548391,2.885710,3.042205,3.301934,2.224644,3.259439,3.166978,3.824518,3.482056,3.524582,2.558407,2.136370,1.595777,3.582571,4.130575,3.558409,1.872517,3.184375,2.442427,2.903124
-22.077190,0.187481,2.263675,2.693707,2.748941,3.668513,3.094479,2.992560,1.887232,1.669256,2.840011,2.334032,2.188057,2.522747,2.876504,3.026424,3.288125,2.235597,3.246230,3.166656,3.840626,3.480445,3.527159,2.531989,2.114785,1.550674,3.583860,4.134763,3.587404,1.862852,3.164723,2.426319,2.904091
-22.546617,0.145398,2.264661,2.683187,2.732174,3.673116,3.095137,2.991245,1.817861,1.668270,2.824230,2.394526,2.180496,2.507623,2.851846,3.035958,3.308180,2.232376,3.268782,3.161501,3.844814,3.483344,3.533924,2.524257,2.101254,1.560339,3.587726,4.134763,3.600613,1.885081,3.192107,2.421487,2.916977
-22.840073,0.164796,2.256771,2.673981,2.718694,3.691198,3.092835,3.006040,1.754737,1.659722,2.820942,2.396170,2.152879,2.494143,2.845271,3.031684,3.350263,2.236886,3.285857,3.183730,3.852546,3.496231,3.536824,2.506216,2.085146,1.538432,3.597713,4.142495,3.610922,1.902800,3.193395,2.429541,2.923743
-23.161641,0.206221,2.227839,2.644392,2.667406,3.683308,3.081657,2.956067,1.687996,1.589365,2.803846,2.337648,2.120331,2.458636,2.843298,3.030698,3.364729,2.214657,3.280058,3.190174,3.849325,3.493331,3.526837,2.497518,2.063239,1.483663,3.592236,4.134119,3.607700,1.879282,3.165689,2.347711,2.896681
-23.187145,0.216413,2.148934,2.595405,2.577980,3.667198,3.054040,2.914970,1.548926,1.564707,2.778530,2.264990,2.087453,2.345210,2.825545,3.025766,3.370647,2.232376,3.287145,3.207571,3.845136,3.500741,3.537146,2.443716,2.031667,1.493006,3.604479,4.144751,3.610922,1.887014,3.164078,2.335791,2.891848
-23.391585,0.153289,2.083508,2.542144,2.512555,3.618540,3.043849,2.847572,1.323389,1.460815,2.758147,2.093371,1.981589,2.270908,2.810421,3.009656,3.317386,2.216267,3.273292,3.194684,3.841270,3.490432,3.519749,2.386693,1.983342,1.388947,3.597713,4.137341,3.613499,1.866074,3.132184,2.220455,2.877029
-23.460345,0.063863,2.030576,2.505650,2.465212,3.604074,3.028725,2.784120,1.240867,1.487774,2.737434,1.988493,1.945424,2.234743,2.784120,3.001437,3.319030,2.185017,3.264594,3.184052,3.834183,3.484955,3.519427,2.343201,1.916331,1.344166,3.592236,4.139918,3.631541,1.842556,3.140560,2.210468,2.866397
-24.265132,0.082932,1.969753,2.486582,2.430033,3.618540,3.018533,2.768996,1.207990,1.421034,2.731187,2.037151,1.991452,2.195290,2.767352,2.992889,3.383798,2.187272,3.268782,3.196295,3.838693,3.514594,3.523615,2.309051,1.925674,1.301962,3.610278,4.140885,3.646682,1.854476,3.140238,2.278767,2.862209
-24.452541,0.065178,1.931287,2.450417,2.413923,3.616567,3.013602,2.759790,1.197469,1.412157,2.695023,2.033206,1.935561,2.159454,2.751242,2.987958,3.404839,2.143780,3.245264,3.206282,3.830639,3.514917,3.508151,2.275546,1.833535,1.190493,3.608989,4.142818,3.633474,1.814849,3.100612,2.208858,2.864786
-25.232172,0.067151,1.877697,2.405046,2.388937,3.609663,3.008670,2.746311,1.181359,1.349033,2.661817,2.006247,1.949698,2.087453,2.741379,2.983026,3.392346,2.120262,3.296810,3.238821,3.843848,3.564852,3.529736,2.281989,1.823548,1.217233,3.624453,4.146361,3.652481,1.845777,3.137016,2.261048,2.859954
-25.883517,0.048411,1.866190,2.394855,2.383019,3.608348,3.001437,2.718694,1.155057,1.348375,2.621707,1.986849,1.902026,2.094686,2.743352,2.984012,3.407469,2.140558,3.343202,3.300354,3.862211,3.607056,3.537146,2.257182,1.849321,1.241395,3.633474,4.151516,3.658280,1.941138,3.145070,2.230443,2.859310
-26.389885,0.030328,1.845807,2.374142,2.365923,3.607362,2.989273,2.680885,1.115605,1.335224,2.611515,1.963835,1.882629,2.045371,2.749927,2.988615,3.404182,2.006538,3.343524,3.301965,3.864144,3.638628,3.532958,2.174064,1.783921,1.241717,3.642816,4.152805,3.650226,1.958857,3.116076,2.190172,2.865431
-27.105967,0.018821,1.797477,2.345539,2.335676,3.597170,2.986314,2.627953,1.068919,1.308265,2.585542,1.953972,1.824436,1.991123,2.736448,2.989273,3.408127,1.916009,3.360277,3.322906,3.875742,3.652481,3.517816,2.126383,1.753960,1.196936,3.657958,4.154093,3.663113,1.984953,3.137661,2.163110,2.836758
-27.453328,0.074055,1.728764,2.279456,2.275511,3.590595,2.961656,2.570090,0.990672,1.167880,2.529979,1.916821,1.795504,1.913533,2.728886,2.991245,3.405497,1.725932,3.343202,3.315818,3.877031,3.652159,3.508795,2.084502,1.690816,1.124449,3.644427,4.145073,3.653770,1.990107,3.107699,2.118651,2.793266
-27.489311,0.003698,1.668927,2.204496,2.249866,3.627746,2.937656,2.400444,0.934123,1.121194,2.473760,1.850738,1.719887,1.871451,2.714091,2.992232,3.409771,1.614463,3.321939,3.301643,3.868977,3.663113,3.484633,1.962079,1.617684,0.946292,3.635729,4.123810,3.668912,1.999450,3.086436,2.027801,2.797776
-26.044362,-0.031152,1.622571,2.145975,2.174578,3.640897,2.917929,2.287675,0.877245,1.039001,2.369210,1.775121,1.656763,1.834957,2.675954,2.988286,3.417004,1.403766,3.294233,3.268138,3.875420,3.666979,3.483989,1.700481,1.520712,0.918263,3.634440,4.110279,3.660858,1.960790,3.064529,1.928574,2.750418
-24.178015,-0.023919,1.573584,2.104878,2.085810,3.609992,2.868614,2.204496,0.718120,0.973904,2.336004,1.665640,1.581145,1.839560,2.653597,2.958039,3.398264,1.200802,3.246553,3.208859,3.855768,3.596747,3.435664,1.419230,1.554540,0.928895,3.617687,4.084183,3.639595,1.908277,3.002995,1.667298,2.601577
-16.643689,0.021780,1.479555,2.011507,2.007233,3.554101,2.625652,2.108824,0.580693,0.834176,2.213373,1.662352,1.520980,1.787943,2.585213,2.900176,3.348290,1.064526,3.125740,3.109954,3.833861,3.515239,3.339014,0.655377,1.570004,0.908599,3.547133,4.036503,3.607700,1.713689,2.964658,0.778122,2.722389
-7.002118,-0.066989,1.470678,1.813587,1.866190,3.417004,2.249866,1.885588,0.490609,0.643817,2.092385,1.557803,1.377307,1.695558,2.600008,2.763407,3.170754,1.119939,2.874451,2.884761,3.773616,3.344491,3.153125,0.109307,1.801318,0.933083,3.454027,3.948874,3.449195,1.583857,2.669554,0.075157,2.838369
1.838910,-0.151154,1.375663,1.618954,1.698188,3.104342,1.707065,1.695229,0.428800,0.430773,1.788600,1.650516,1.205360,1.665969,2.456006,2.422143,2.836394,1.358985,2.493652,1.862530,3.438241,2.559051,2.666332,0.005248,1.212722,0.961434,3.018459,3.718525,3.057119,0.970454,2.106087,0.009758,3.243975
8.157966,0.150659,1.384869,1.659393,1.688654,3.042205,1.698188,1.955287,0.512637,0.276579,1.121194,1.982247,1.284594,1.543337,2.361320,2.240661,2.688118,1.513303,1.819037,0.848676,3.154091,1.634437,2.275546,0.015557,1.572903,0.747194,2.460147,3.509762,2.734632,0.533276,1.474965,0.006536,3.648293
13.787555,0.364032,1.486788,1.928986,2.051617,3.080342,2.159126,2.232113,0.872971,0.440965,0.517569,2.937984,1.597913,1.764600,2.409978,2.234743,2.703571,1.502349,1.811950,0.718843,3.178898,1.468199,2.195327,0.008791,1.978831,0.892168,2.271035,3.463692,2.578703,0.526833,1.419230,0.007503,3.773616
16.661704,0.541898,1.562734,2.060165,2.004932,3.117493,2.370854,2.482965,0.892369,0.384416,0.717133,3.283523,1.741257,1.773477,2.422143,2.237373,2.700940,1.609630,1.878638,0.721743,3.254607,1.550996,2.194360,0.009114,2.170520,1.092877,2.219489,3.522004,2.570005,0.665364,1.554540,0.005570,3.845781
16.694045,0.504089,1.615009,2.107180,2.070686,3.170425,2.453047,2.577323,0.870670,0.495870,0.799326,3.411414,1.810957,1.927671,2.491842,2.295894,2.727571,1.632182,1.836757,0.713689,3.254285,1.533277,2.161821,0.009114,2.178896,1.110274,2.213690,3.536179,2.553252,0.684694,1.569359,0.006536,3.851580
16.891786,0.600090,1.706736,2.164715,2.153208,3.225988,2.539185,2.637159,0.894670,0.505733,1.329306,3.372948,1.838245,2.072001,2.548391,2.342251,2.786092,1.685983,1.829347,0.790042,3.247197,1.556795,2.145069,0.009114,2.166010,1.204991,2.257182,3.551966,2.573871,0.720132,1.624772,0.005892,3.839337
15.914225,0.534994,1.689969,2.203181,2.179509,3.236508,2.572391,2.587514,0.891054,0.593515,1.502569,3.361770,1.778408,2.107508,2.567131,2.347840,2.814366,1.683406,1.834824,0.762658,3.247197,1.531988,2.125095,0.008147,2.140236,1.243650,2.300675,3.568074,2.630250,0.750738,1.648612,0.007181,3.801322
17.100900,0.559652,1.782682,2.610857,2.420827,3.357496,2.884395,2.838696,1.404924,0.833519,1.947726,3.372620,2.019727,2.292935,2.735461,2.530637,3.002095,1.648612,1.825803,0.718521,3.312597,1.503960,2.132504,0.008469,2.221100,1.179862,2.280700,3.576128,2.605443,0.745583,1.630893,0.006858,3.791657
17.094586,0.505404,1.798135,2.656228,2.534911,3.408456,2.948505,2.921217,1.603173,0.905848,2.090412,3.390044,2.150578,2.383019,2.784448,2.594419,3.025437,1.733019,1.785210,0.726253,3.334504,1.516524,2.152801,0.010080,2.238497,1.357052,2.343845,3.597713,2.674387,0.837078,1.729798,0.008147,3.790046
17.976396,0.561624,1.923397,2.728228,2.663461,3.443963,2.993218,3.002095,1.767230,0.970288,2.496445,3.408456,2.274196,2.459294,2.912011,2.605926,3.040232,1.734952,1.814849,0.806472,3.363177,1.566782,2.183084,0.007825,2.261370,1.435661,2.430830,3.621553,2.718201,0.856086,1.825803,0.006214,3.787791
17.514860,0.532692,2.091399,2.803517,2.752557,3.474538,3.030040,3.088561,1.938191,1.174126,2.495787,3.437387,2.399786,2.535569,2.958697,2.669707,3.087575,1.776834,1.809050,0.816459,3.359311,1.605764,2.158600,0.008791,2.331925,1.484308,2.434373,3.628963,2.757827,0.822580,1.896679,0.008469,3.779415
17.972768,0.484034,2.149920,2.811408,2.837709,3.480456,3.052397,3.107630,2.002630,1.279004,2.499075,3.446264,2.464554,2.573377,2.962971,2.699954,3.103356,1.820648,1.759115,0.847065,3.363821,1.622839,2.151834,0.008469,2.366074,1.485274,2.462402,3.648937,2.780057,0.840944,1.964978,0.011691,3.764595
17.400055,0.478774,2.197921,2.803517,2.922203,3.483415,3.090534,3.171083,2.192003,1.378622,2.594090,3.466648,2.536226,2.684502,2.988944,2.729215,3.156946,1.824836,2.235919,0.893135,3.358022,1.676318,2.147002,0.008791,2.378639,1.547452,2.483665,3.671167,2.854155,0.893135,2.044553,0.009436,3.753641
17.264509,0.417622,2.249538,2.839024,2.989601,3.483087,3.098425,3.177658,2.211729,1.422678,2.643077,3.468949,2.555295,2.701927,2.986642,2.742694,3.158918,1.817749,2.178574,0.843199,3.349646,1.624127,2.119296,0.055183,2.402157,1.560983,2.474966,3.669556,2.841268,0.948547,2.062917,0.005570,3.726902
17.805431,0.351210,2.346196,2.837709,3.049438,3.504457,3.100726,3.178645,2.258086,1.543666,2.754859,3.476511,2.626309,2.725927,3.017547,2.763736,3.180617,1.781344,2.075481,0.784887,3.321939,1.528767,2.024901,0.070969,2.414721,1.536499,2.464657,3.652159,2.834825,0.918908,2.027478,0.007181,3.713693
17.859222,0.364361,2.400772,2.864997,3.122754,3.507744,3.111575,3.182590,2.246579,1.555173,2.794969,3.471251,2.626309,2.726256,3.036616,2.785763,3.194426,1.711756,2.157311,0.715299,3.243009,1.427929,1.960146,0.060338,2.340301,1.440493,2.442750,3.619620,2.712724,0.748160,1.967556,0.008469,3.702739
18.164195,0.354169,2.452061,2.896888,3.197713,3.533388,3.129987,3.272673,2.391238,1.656763,2.943245,3.499854,2.674310,2.762092,3.061931,2.831463,3.228618,1.786821,2.363819,0.895390,3.362532,1.577091,2.082247,0.265879,2.466268,1.703702,2.576448,3.670523,2.933408,0.900867,2.033600,0.007825,3.728190
18.822194,0.402170,2.514856,2.955738,3.270701,3.578430,3.164179,3.355195,2.535240,1.743559,3.019191,3.531745,2.702256,2.795626,3.077712,2.847572,3.264125,1.970455,2.471745,1.066459,3.407313,1.718844,2.168587,0.559694,2.607376,1.763625,2.624451,3.695652,2.988176,0.969166,2.291332,0.009436,3.726257
19.082210,0.410718,2.570747,2.962642,3.273331,3.584019,3.174699,3.373606,2.572720,1.758025,3.053054,3.531087,2.732174,2.821271,3.084616,2.853161,3.272673,2.006216,2.515881,1.078380,3.436308,1.819682,2.205636,0.649578,2.658600,1.804218,2.672776,3.704672,3.000096,1.033921,2.411177,0.009758,3.718525
18.962824,0.335758,2.622693,3.018533,3.324619,3.592238,3.192124,3.440675,2.659515,1.848765,3.085931,3.539964,2.756503,2.836394,3.094808,2.882422,3.296016,2.039721,2.571294,1.115751,3.467236,1.862208,2.282633,0.733019,2.722389,1.885404,2.699515,3.697262,2.985921,1.136691,2.599322,0.009436,3.719170
19.155266,0.254880,2.686475,3.047465,3.367688,3.642869,3.293057,3.500511,2.890313,2.028603,3.133932,3.551142,2.883737,2.883408,3.106644,2.946861,3.325277,2.041332,2.656990,1.155377,3.468203,1.909888,2.358020,0.836756,2.757827,1.929218,2.728510,3.748165,3.017171,1.209179,2.684374,0.011369,3.725613
19.245607,0.127645,2.690091,3.031684,3.374263,3.634321,3.312454,3.511690,2.918916,2.168331,3.138863,3.537662,2.958697,2.896888,3.108616,2.934368,3.321989,2.073870,2.712080,1.197903,3.497520,1.959179,2.424386,1.030699,2.844168,2.041009,2.762338,3.763628,3.042622,1.246550,2.749129,0.011047,3.721103
19.029442,0.111864,2.695680,3.017876,3.371962,3.629718,3.315085,3.512676,2.943573,2.195619,3.186535,3.545224,2.975464,2.902148,3.109603,2.934368,3.325277,2.090945,2.733987,1.194681,3.515883,1.966911,2.483020,1.216911,2.973356,2.102865,2.775869,3.766528,3.043910,1.377993,2.832570,0.137657,3.719492
18.655588,0.145070,2.667077,2.979081,3.360784,3.597170,3.263796,3.501498,2.899847,2.144331,3.173384,3.532402,2.949163,2.891956,3.104014,2.916614,3.302591,2.028767,2.638626,1.147645,3.470780,1.906344,2.386049,1.126704,2.927931,1.887659,2.688240,3.734311,3.015560,1.258470,2.740753,0.010724,3.705316
18.579102,0.228907,2.651625,2.973492,3.342373,3.586649,3.216453,3.489333,2.854477,2.048001,3.167795,3.527799,2.920888,2.871901,3.093822,2.877490,3.294701,2.037788,2.640237,1.142168,3.473679,1.935339,2.389592,1.167619,2.931797,1.905378,2.720456,3.741399,3.044233,1.286176,2.740108,0.011369,3.695007
18.709671,0.224961,2.656556,2.977108,3.342044,3.597828,3.242097,3.504457,2.912340,2.039124,3.172069,3.525498,2.938971,2.878148,3.095794,2.905107,3.315742,2.067749,2.688884,1.149900,3.524259,1.960790,2.505250,1.251704,2.960470,1.996873,2.757505,3.751386,3.043910,1.370906,2.859310,0.401511,3.684376
18.890207,0.152631,2.652940,2.985985,3.376565,3.603745,3.249659,3.509388,2.956396,2.110467,3.186864,3.522539,2.951793,2.900504,3.098753,2.936012,3.323633,2.199837,2.808407,1.228186,3.546811,2.033277,2.593523,1.478509,3.060019,2.197904,2.846745,3.795845,3.091913,1.506859,2.944039,0.498160,3.683087
19.147523,0.134220,2.685488,3.033657,3.409442,3.634650,3.306208,3.534704,2.982040,2.176879,3.265440,3.533060,2.995190,2.921546,3.105658,2.980725,3.347962,2.221100,2.845779,1.252027,3.558087,2.049064,2.611242,1.522645,3.069362,2.251061,2.871230,3.796167,3.104155,1.612852,2.966269,0.566781,3.682443
19.155765,0.145070,2.753544,3.086918,3.413058,3.643527,3.345003,3.554101,3.010314,2.219619,3.314756,3.535690,3.036287,2.946204,3.110918,3.005054,3.355852,2.235597,2.897325,1.258148,3.560986,2.054218,2.606410,1.603187,3.143782,2.345134,2.878640,3.806799,3.111565,1.672774,3.008472,0.659887,3.670845
19.103959,0.195043,2.783462,3.141165,3.424565,3.642540,3.360455,3.561992,3.019191,2.267949,3.405497,3.536019,3.051739,2.961985,3.115521,3.012944,3.359797,2.241396,2.915689,1.272645,3.563241,2.049064,2.620585,1.812916,3.207248,2.397646,2.878317,3.805188,3.118975,1.697903,3.036178,0.767490,3.670523
19.209992,0.220030,2.794640,3.193439,3.445607,3.640568,3.372291,3.561663,3.035958,2.312991,3.463032,3.537991,3.065547,2.991245,3.113219,3.026424,3.360455,2.223677,2.895714,1.262658,3.558731,2.030378,2.616397,1.878638,3.234955,2.385404,2.870585,3.800033,3.154735,1.713367,3.034890,0.814848,3.664079
18.914843,0.188468,2.780503,3.161549,3.433113,3.622814,3.346647,3.552786,3.018204,2.291292,3.435415,3.531087,3.053712,2.956396,3.107630,3.003410,3.356510,2.215301,2.849000,1.198869,3.519749,1.976254,2.547453,1.801641,3.227867,2.213046,2.821938,3.764273,3.076449,1.565493,2.992042,0.631859,3.644427
19.264253,0.192084,2.768010,3.153987,3.440018,3.613280,3.342044,3.545882,3.003739,2.283072,3.468292,3.526484,3.054698,2.942258,3.104671,3.008013,3.361113,2.200159,2.863498,1.203702,3.534246,1.974965,2.580636,1.863174,3.253640,2.306474,2.829026,3.754930,3.051320,1.510081,3.012338,0.623805,3.646682
19.216969,0.229235,2.783462,3.192453,3.454812,3.620513,3.346318,3.542594,3.017218,2.307401,3.479799,3.526813,3.056342,2.960998,3.104671,3.008670,3.359140,2.197582,2.864464,1.210789,3.524904,2.003316,2.599644,1.877994,3.265883,2.358664,2.829993,3.752675,3.057119,1.500094,3.011372,0.649900,3.645716
18.309265,0.239756,2.793654,3.220070,3.457114,3.609006,3.347304,3.544895,3.013602,2.308716,3.488676,3.525827,3.050095,2.966916,3.098425,3.009328,3.357167,2.253961,2.867686,1.262658,3.546489,2.038432,2.626384,2.024901,3.313241,2.449193,2.932441,3.767494,3.085470,1.644102,3.050032,0.754926,3.630896
18.299320,0.243701,2.798914,3.234536,3.465333,3.611965,3.350592,3.537991,3.007355,2.294908,3.495909,3.521553,3.044177,2.980067,3.091849,3.021821,3.352236,2.260404,2.865109,1.272001,3.558087,2.117363,2.654412,2.060984,3.387017,2.483342,2.967879,3.762662,3.066462,1.625738,3.064529,0.849320,3.628963
19.452991,0.297620,2.802202,3.235193,3.468292,3.609663,3.348290,3.545224,2.997492,2.292935,3.498539,3.504457,3.069822,2.965601,3.091192,3.015246,3.354866,2.253961,2.762982,1.359952,3.549388,2.120584,2.610920,2.018136,3.404736,2.492041,2.976256,3.775871,3.077093,1.593522,3.048743,0.852864,3.618976
19.522795,0.321949,2.804175,3.256892,3.475525,3.622157,3.354537,3.548841,2.999465,2.304114,3.518594,3.512676,3.073438,2.993218,3.093822,3.022150,3.356181,2.266847,2.913111,1.426962,3.567430,2.192427,2.656345,2.070649,3.463692,2.545198,3.013627,3.780703,3.068395,1.640558,3.101900,0.948225,3.624453
19.982312,0.294990,2.815024,3.262152,3.489004,3.627417,3.360126,3.553115,3.010314,2.338963,3.528128,3.502484,3.067849,2.991903,3.117493,3.031684,3.360455,2.291332,2.923421,1.451447,3.570973,2.229798,2.623484,2.058084,3.483666,2.554541,3.042300,3.791657,3.108988,1.737207,3.118653,1.072903,3.616721
20.069675,0.281839,2.809106,3.261824,3.493278,3.627417,3.353222,3.556731,2.995519,2.347840,3.540293,3.484730,3.059301,2.984670,3.111247,3.029054,3.361113,2.260726,2.875418,1.423096,3.557442,2.226577,2.607376,2.067749,3.486566,2.509438,3.028769,3.779415,3.092880,1.729153,3.111565,0.939849,3.610278
20.793229,0.247318,2.827846,3.274646,3.524512,3.647472,3.380181,3.603417,3.035301,2.487568,3.584677,3.505114,3.056013,3.009656,3.144781,3.040890,3.366702,2.279734,2.810340,1.464656,3.553576,2.267492,2.594490,2.065494,3.506218,2.538433,3.039400,3.775226,3.107377,1.774256,3.140560,0.894423,3.606089
21.602311,0.170385,2.948505,3.311797,3.564293,3.664897,3.423579,3.645171,3.096452,2.611843,3.616567,3.568238,3.094479,3.056671,3.171412,3.064890,3.376236,2.320005,2.964013,1.623483,3.610922,2.341912,2.690495,2.061950,3.528125,2.567105,3.055186,3.792301,3.171166,1.902156,3.224645,1.082568,3.618654
22.593886,0.135535,3.004067,3.299961,3.577444,3.665554,3.432785,3.660952,3.104342,2.654584,3.621828,3.642540,3.106973,3.069822,3.161877,3.078370,3.368017,2.385726,3.013305,1.749772,3.664079,2.421165,2.735276,2.157633,3.575806,2.591268,3.081604,3.795523,3.191140,1.967556,3.234955,1.108985,3.655703
22.484437,0.135864,3.080671,3.302263,3.573170,3.679363,3.444620,3.681335,3.140507,2.737763,3.659965,3.656020,3.124726,3.083630,3.176672,3.064232,3.362428,2.421165,3.031346,1.816460,3.678255,2.455958,2.769425,2.221744,3.605767,2.623162,3.119297,3.817430,3.194362,2.050997,3.252352,1.153766,3.667623
23.477444,0.117782,3.158590,3.308838,3.582375,3.690212,3.458100,3.697116,3.177001,2.846586,3.693829,3.672787,3.138206,3.076397,3.189165,3.090205,3.358811,2.470456,3.015882,1.935983,3.690497,2.536500,2.780057,2.252350,3.617365,2.693717,3.155380,3.835471,3.224323,2.127350,3.248808,1.151511,3.700484
25.250829,0.116467,3.252947,3.374263,3.622814,3.720788,3.507087,3.743473,3.192124,2.964286,3.738213,3.701719,3.183247,3.125384,3.212179,3.187850,3.382154,2.476255,3.077738,2.003316,3.729801,2.628961,2.837402,2.264914,3.640561,2.702093,3.180509,3.861567,3.274903,2.234953,3.300999,1.189527,3.728835
26.918651,0.107918,3.393003,3.512018,3.695144,3.792460,3.552457,3.792789,3.218755,3.037602,3.779967,3.757939,3.214809,3.198700,3.253276,3.222371,3.453497,2.516848,3.069039,2.038754,3.711760,2.695972,2.846423,2.214334,3.638306,2.692106,3.243653,3.892817,3.312597,2.252994,3.318396,1.250094,3.716270
28.530096,0.131590,3.393990,3.545553,3.712569,3.802323,3.556074,3.793775,3.210535,3.018204,3.803309,3.764186,3.228289,3.200015,3.263468,3.233549,3.478813,2.530701,3.034245,2.196937,3.739466,2.793266,2.852544,2.252994,3.649582,2.850611,3.342880,3.922456,3.342880,2.289721,3.343524,1.323225,3.743332
30.448177,0.131919,3.459744,3.539964,3.806268,3.847365,3.644513,3.857228,3.254920,3.121110,3.869392,3.819419,3.312454,3.264783,3.338427,3.346647,3.522210,2.576770,3.238176,2.338046,3.855446,2.918910,3.144104,2.504928,3.700806,2.998485,3.502996,3.993333,3.473035,2.523613,3.398615,1.591589,3.793590
31.616040,0.177618,3.520238,3.568238,3.835529,3.861502,3.682650,3.886160,3.270043,3.152343,3.921996,3.836515,3.347304,3.311468,3.400236,3.430812,3.574485,2.617041,3.366720,2.406667,3.943719,3.031990,3.299388,2.594490,3.770072,2.995586,3.551321,4.021361,3.556798,2.631861,3.426643,1.927607,3.765884
34.345497,0.168084,3.586649,3.618540,3.874981,3.885831,3.700075,3.909831,3.399250,3.211522,3.925941,3.929229,3.366373,3.372948,3.430154,3.547526,3.627417,2.685662,3.341269,2.394425,3.945330,3.085470,3.327416,2.545198,3.860923,3.011372,3.404736,3.980124,3.490110,2.537788,3.420522,1.623805,3.850935
34.790611,0.172029,3.601444,3.643198,3.893393,3.945338,3.708295,3.913776,3.405168,3.234207,3.928242,3.996955,3.477169,3.482100,3.454155,3.616896,3.653061,2.712080,3.333537,2.496551,3.967237,3.159246,3.375097,2.551964,3.907637,3.098679,3.463048,3.997843,3.558409,2.638304,3.454027,1.730764,3.907959
35.017969,0.244030,3.626102,3.686596,3.924955,3.987092,3.732952,3.921338,3.460073,3.223029,3.921009,3.997942,3.477169,3.490977,3.487361,3.696130,3.702377,2.707892,3.441141,2.480765,3.991078,3.214014,3.421166,2.751706,4.027160,3.162145,3.525870,4.041335,3.625419,2.758472,3.494298,1.631537,3.965304
24.690783,0.287428,3.603745,3.669828,3.905228,3.977887,3.729665,3.905886,3.391359,3.130315,3.859200,3.969010,3.391359,3.446264,3.464675,3.702377,3.705664,2.674709,3.406025,2.580314,3.983990,3.243009,3.430831,2.816139,4.047457,3.127996,3.469169,4.015884,3.606412,2.680508,3.540690,1.646357,3.983668
10.171180,0.294004,3.540950,3.573170,3.816460,3.956845,3.726048,3.879913,3.314098,3.018204,3.751035,3.888790,3.304893,3.530758,3.455799,3.708952,3.731966,2.671165,3.570973,2.833859,4.041013,3.459826,3.608022,3.012016,4.111890,3.146359,3.530381,4.035859,3.690497,2.927609,3.644105,2.133471,3.946941
-14.745466,0.258167,3.460073,3.506429,3.702705,4.018325,3.733281,3.818433,3.194097,2.926477,3.564950,3.747090,3.240454,3.468292,3.462045,3.727034,3.772076,2.800998,3.706605,3.286501,4.078707,3.695007,3.897327,3.177609,4.061632,3.065818,3.523293,4.028127,3.748165,3.002029,3.708860,2.705959,3.757185
-25.851354,0.177289,3.321331,3.396949,3.584019,4.057778,3.789501,3.834214,3.112233,2.926149,3.654376,3.495251,3.308838,3.245714,3.376236,3.683637,3.802323,2.732054,3.789080,3.506218,4.056477,3.914080,4.023616,3.464337,3.668590,2.814529,3.643138,4.138307,3.794879,3.013949,3.695652,3.039722,3.580961
-28.520869,0.101343,3.374263,3.413058,3.633006,4.109724,3.799693,3.814159,3.106973,3.033985,3.704678,3.481771,3.318044,3.187850,3.322646,3.652732,3.860515,2.631861,3.753641,3.465625,3.998809,3.905704,4.007830,3.435664,3.222712,2.724322,3.698551,4.173746,3.768783,2.952415,3.674389,3.232377,3.610922
-28.050601,0.058931,3.370647,3.401880,3.631362,4.125833,3.795090,3.796734,3.083959,3.064890,3.718486,3.482429,3.322646,3.188508,3.316071,3.648129,3.867091,2.574837,3.714659,3.470136,3.960472,3.868977,3.982701,3.335470,2.751062,2.599966,3.685342,4.173101,3.737855,2.909567,3.633474,3.297455,3.496231
-27.654965,0.090165,3.355852,3.405168,3.610978,4.115642,3.781939,3.760240,3.041547,3.023794,3.703034,3.458757,3.294043,3.189165,3.358154,3.625773,3.835200,2.611564,3.728512,3.522649,4.015884,3.894750,3.987856,3.366398,2.796487,2.684696,3.721103,4.207251,3.774260,2.904735,3.645394,3.294877,3.518138
-27.153501,0.054657,3.296673,3.408784,3.564622,4.033120,3.683308,3.737555,3.026424,2.998478,3.665883,3.410099,3.221714,3.183247,3.346318,3.526484,3.703034,2.566139,3.695974,3.453383,4.007830,3.863178,3.950807,3.347390,2.731088,2.629606,3.710793,4.198874,3.753319,2.869297,3.601901,3.260728,3.479800
-26.708870,0.017177,3.259194,3.409113,3.555087,4.006490,3.633992,3.732624,3.008341,2.985656,3.639910,3.386757,3.184234,3.169439,3.321002,3.478484,3.671143,2.546487,3.664079,3.423099,4.001709,3.825484,3.919557,3.305509,2.672776,2.586758,3.701128,4.195975,3.741077,2.819683,3.560986,3.244297,3.457893
-26.466826,0.009944,3.230590,3.394647,3.552128,3.975914,3.620184,3.710267,2.981711,2.958039,3.605061,3.373606,3.176672,3.153001,3.304893,3.443305,3.648458,2.546165,3.625097,3.382829,3.988500,3.776515,3.862856,3.291978,2.719812,2.528446,3.664079,4.176967,3.689530,2.709180,3.541012,3.235277,3.421166
-26.508150,-0.033782,3.198042,3.383140,3.541279,3.954215,3.591910,3.685938,2.980396,2.922203,3.578759,3.335468,3.163850,3.124397,3.266098,3.402209,3.612951,2.538433,3.595780,3.359633,3.977224,3.746876,3.840948,3.274903,2.710147,2.461113,3.637340,4.151838,3.667623,2.605121,3.506218,3.233344,3.383151
-26.533878,-0.068304,3.185220,3.377222,3.531745,3.942051,3.583690,3.662924,2.971848,2.921875,3.565279,3.330866,3.157932,3.116836,3.257878,3.380839,3.598814,2.536822,3.587082,3.344491,3.978191,3.735922,3.829350,3.276836,2.697905,2.465623,3.634118,4.149583,3.660858,2.604477,3.499453,3.235277,3.377352
-26.769969,-0.062714,3.162206,3.371962,3.527142,3.938105,3.578430,3.656678,2.967903,2.905765,3.547526,3.314098,3.159905,3.112233,3.255906,3.364400,3.591581,2.536822,3.579028,3.334504,3.971103,3.716270,3.823873,3.273614,2.698549,2.465623,3.631541,4.146684,3.662468,2.580314,3.496553,3.224645,3.376385
-26.040003,-0.069290,3.153329,3.370318,3.523525,3.940078,3.588951,3.642869,2.965272,2.900833,3.548183,3.318372,3.153329,3.113219,3.252947,3.377222,3.590923,2.533278,3.574195,3.328060,3.965949,3.714981,3.812598,3.258473,2.681474,2.474644,3.628641,4.140885,3.660213,2.574837,3.495264,3.225612,3.371553
-27.028935,-0.065016,3.146425,3.363743,3.524183,3.937448,3.590266,3.621828,2.953437,2.882422,3.539635,3.317715,3.155959,3.110260,3.254591,3.374263,3.591252,2.536178,3.587404,3.341269,3.966915,3.724969,3.823229,3.280702,2.670843,2.475610,3.630574,4.148617,3.665046,2.587402,3.512339,3.231089,3.377030
-27.352012,-0.073893,3.161549,3.367688,3.528128,3.953558,3.606376,3.655362,2.951135,2.904778,3.554101,3.346975,3.173056,3.111904,3.260180,3.395633,3.621170,2.534245,3.589981,3.351901,3.976258,3.740110,3.825162,3.283279,2.670198,2.491397,3.644749,4.162792,3.673422,2.618652,3.513950,3.235599,3.375419
-27.437349,-0.067317,3.147083,3.357496,3.521224,3.947640,3.602102,3.653390,2.964286,2.892943,3.549827,3.335468,3.172727,3.094808,3.248344,3.375907,3.613609,2.538111,3.601901,3.358344,3.979480,3.747842,3.830317,3.287790,2.654412,2.493007,3.654736,4.171490,3.675999,2.603832,3.512017,3.230122,3.373164
-27.326439,-0.038057,3.115849,3.355195,3.515306,3.937448,3.594211,3.640239,2.943245,2.834421,3.524183,3.313770,3.156288,3.077383,3.236508,3.361113,3.608677,2.525868,3.585793,3.338692,3.973036,3.715626,3.808410,3.258795,2.584825,2.462402,3.638628,4.166980,3.661180,2.544554,3.490754,3.209181,3.354800
-27.109184,0.006657,3.009985,3.340400,3.489662,3.907201,3.561334,3.575142,2.894915,2.752229,3.483744,3.282865,3.119137,3.037931,3.206261,3.309824,3.574814,2.517492,3.526515,3.269426,3.942108,3.656669,3.756219,3.197583,2.421809,2.348999,3.623809,4.152483,3.619943,2.479154,3.448228,3.135083,3.293267
-27.334391,0.015205,2.972505,3.320674,3.457771,3.888790,3.551800,3.542265,2.864011,2.716721,3.461059,3.270701,3.095466,2.988944,3.169768,3.286810,3.559361,2.504283,3.527159,3.254929,3.933410,3.635084,3.735922,3.181153,2.342234,2.342878,3.614466,4.149261,3.608667,2.464979,3.436952,3.099323,3.285535
-26.648393,0.025397,2.962642,3.313770,3.457442,3.895036,3.543909,3.565937,2.850860,2.709488,3.452840,3.261495,3.086260,2.992889,3.159247,3.287797,3.568567,2.508471,3.534569,3.261050,3.934698,3.634440,3.736244,3.194040,2.365752,2.343201,3.613177,4.163758,3.624775,2.455314,3.423744,3.135405,3.283924
-26.912065,0.023095,2.976451,3.317057,3.466977,3.920680,3.561992,3.574156,2.850202,2.725598,3.461059,3.275961,3.095137,3.004396,3.179302,3.314756,3.598814,2.521036,3.582249,3.275870,3.953706,3.657958,3.739144,3.218524,2.448226,2.430830,3.633474,4.173101,3.636695,2.530056,3.455638,3.168589,3.289401
-27.181463,0.016520,2.995190,3.321660,3.473881,3.922324,3.568238,3.581389,2.860066,2.741708,3.473552,3.276618,3.109603,3.021492,3.201330,3.327578,3.612951,2.521358,3.614788,3.317107,3.967882,3.711115,3.766528,3.262661,2.483020,2.488497,3.697907,4.188565,3.661824,2.549064,3.469813,3.186952,3.313563
-28.130628,-0.008467,3.009985,3.321331,3.489662,3.941393,3.586649,3.593225,2.850202,2.773928,3.494265,3.281879,3.117493,3.031027,3.204289,3.347633,3.647472,2.536500,3.608989,3.328383,3.955317,3.716914,3.764273,3.242364,2.432762,2.477866,3.702739,4.192753,3.666334,2.533600,3.456927,3.180186,3.297455
-27.478603,-0.039700,3.070150,3.317386,3.507087,3.964078,3.610978,3.612622,2.843956,2.824558,3.517936,3.293057,3.138206,3.117493,3.224344,3.366044,3.679034,2.527479,3.611888,3.371553,4.017495,3.770072,3.829995,3.267171,2.668910,2.538433,3.708538,4.199197,3.679221,2.579348,3.510084,3.214980,3.405058
-28.002893,-0.070605,3.093493,3.324619,3.515306,3.970325,3.623472,3.603417,2.840011,2.862367,3.532073,3.303906,3.145110,3.122096,3.232563,3.395962,3.708295,2.521036,3.634762,3.381862,4.025227,3.794556,3.831605,3.262017,2.670843,2.542621,3.713693,4.204029,3.692108,2.599322,3.512017,3.218202,3.418589
-27.461046,-0.071591,3.084287,3.319359,3.514977,3.971969,3.619198,3.594869,2.799901,2.858093,3.524183,3.300290,3.139521,3.117493,3.227303,3.397277,3.708952,2.516526,3.646038,3.389916,4.025549,3.811953,3.831928,3.246230,2.642492,2.535533,3.723680,4.206284,3.703061,2.595456,3.511695,3.218202,3.413757
-27.109678,-0.066660,3.038259,3.303906,3.503142,3.959147,3.603417,3.586649,2.766037,2.823901,3.502484,3.283851,3.125384,3.108945,3.219741,3.382154,3.696788,2.508794,3.621876,3.386695,4.009441,3.813564,3.812598,3.181475,2.573227,2.458858,3.706927,4.196619,3.681476,2.528123,3.483344,3.213047,3.386372
-27.898703,-0.048248,2.972834,3.307852,3.495251,3.953558,3.585992,3.538649,2.791024,2.768667,3.471251,3.274317,3.120781,3.063246,3.205933,3.357496,3.676404,2.509438,3.637340,3.401836,4.012018,3.832572,3.810987,3.205960,2.564206,2.445971,3.710793,4.203385,3.696940,2.550353,3.483989,3.202738,3.391527
-28.075338,-0.055481,2.963628,3.295030,3.489333,3.948297,3.577115,3.532731,2.775571,2.767681,3.468949,3.263468,3.095466,3.058643,3.203631,3.356839,3.669171,2.505572,3.650870,3.484633,4.031348,3.880252,3.857057,3.247519,2.601255,2.499129,3.733989,4.227869,3.728512,2.579348,3.504607,3.201127,3.409246
-28.526413,-0.049235,2.971190,3.296673,3.485388,3.945996,3.574814,3.523197,2.771626,2.758475,3.466977,3.255906,3.090863,3.050424,3.204289,3.355523,3.666869,2.483987,3.674066,3.568396,4.030060,3.922778,3.893783,3.263627,2.573227,2.530379,3.757185,4.242367,3.728835,2.648291,3.524582,3.205315,3.429543
-27.262036,-0.074550,2.982368,3.302263,3.488676,3.944681,3.572512,3.515964,2.757160,2.782147,3.461059,3.231906,3.093822,3.056999,3.213166,3.381496,3.662267,2.507827,3.653448,3.623164,4.015562,3.939853,3.910536,3.235599,2.589013,2.530379,3.754930,4.235601,3.723036,2.644103,3.518460,3.204671,3.433409
-27.612923,-0.039043,2.936012,3.295358,3.470264,3.913119,3.542265,3.481443,2.654912,2.713763,3.427853,3.182261,3.043520,3.025109,3.187521,3.335797,3.625444,2.497196,3.641528,3.611888,4.031993,3.935987,3.914402,3.206926,2.541010,2.531023,3.753319,4.232058,3.716592,2.627995,3.510728,3.199516,3.434697
-27.745739,-0.055481,2.940943,3.283851,3.469607,3.930872,3.556731,3.455141,2.629926,2.726913,3.431470,3.221385,3.022478,3.029054,3.182590,3.339414,3.642540,2.458536,3.669878,3.664401,4.086761,3.955317,3.941464,3.163112,2.531989,2.541010,3.790690,4.236246,3.740433,2.687273,3.530058,3.182764,3.443718
-28.781764,-0.059427,2.942587,3.272344,3.465990,3.958489,3.586978,3.478813,2.596720,2.725927,3.428839,3.237166,3.004396,2.996506,3.179960,3.366373,3.703363,2.393458,3.669878,3.632507,4.110601,3.945974,3.925356,3.125096,2.530701,2.462724,3.781992,4.234957,3.736889,2.637982,3.502352,3.165045,3.422133
-29.704208,-0.044632,2.897874,3.247358,3.444292,3.950927,3.580731,3.438045,2.482308,2.679570,3.402538,3.156288,2.969875,2.979409,3.158590,3.361441,3.693829,2.370262,3.652159,3.573229,4.111245,3.935665,3.864466,3.035534,2.518136,2.332891,3.762018,4.226581,3.788757,2.609631,3.488499,3.162467,3.359311
-30.470264,-0.050550,2.834093,3.209549,3.406154,3.962106,3.599800,3.389058,2.354416,2.631899,3.362428,3.198700,2.920888,2.932724,3.117165,3.325934,3.720130,2.215301,3.597713,3.507507,4.079029,3.876709,3.779737,2.876707,2.317749,2.210791,3.694363,4.184055,3.755896,2.475288,3.422133,3.038434,3.267493
-30.283551,-0.136360,2.794969,3.095466,3.351578,3.941722,3.577773,3.323304,2.191016,2.494143,3.300619,3.091849,2.781161,2.823572,3.071794,3.295358,3.695472,2.151512,3.567107,3.501386,4.053900,3.847069,3.714337,2.828382,2.187272,2.032633,3.670200,4.160215,3.708216,2.433729,3.358988,2.867042,3.174710
-29.460872,-0.135702,2.775571,3.069493,3.328564,3.954215,3.576786,3.286810,2.099618,2.474746,3.277276,3.137220,2.793325,2.813709,3.043849,3.280892,3.696130,2.253961,3.509762,3.469813,3.994943,3.790368,3.686309,2.774902,1.997517,2.017491,3.658602,4.157959,3.692108,2.472067,3.403447,2.853188,3.097712
-29.781227,-0.121236,2.753215,3.004067,3.301276,3.961777,3.557718,3.242426,2.070029,2.435293,3.236180,3.159247,2.772941,2.778530,3.024451,3.262810,3.696788,2.307118,3.506862,3.448550,4.002998,3.770716,3.680510,2.754284,2.017169,2.013303,3.656669,4.158604,3.675999,2.490108,3.404414,2.884116,3.089980
-31.164201,-0.112359,2.753215,3.026753,3.286482,3.955859,3.555087,3.233878,2.041097,2.406690,3.232234,3.147083,2.762092,2.776558,3.026753,3.282865,3.689555,2.315494,3.514917,3.488499,4.040691,3.834827,3.691141,2.756539,2.186306,2.108664,3.670200,4.167947,3.703061,2.518781,3.397970,2.910212,3.076771
-31.219955,-0.088688,2.766366,3.040890,3.294043,3.942708,3.546539,3.241769,2.091070,2.402745,3.240454,3.125713,2.742366,2.783462,3.042534,3.310153,3.668513,2.377028,3.560020,3.545522,4.066464,3.868332,3.710471,2.774580,2.290043,2.189528,3.697907,4.196297,3.753319,2.578381,3.399259,2.963369,3.120586
-30.646643,-0.087372,2.757489,3.065547,3.281550,3.936133,3.529443,3.209220,2.074303,2.384334,3.244070,3.109603,2.734475,2.767352,3.044177,3.314427,3.661938,2.340623,3.561308,3.493009,4.066142,3.847392,3.672133,2.743652,2.236242,2.161499,3.695329,4.196297,3.754930,2.578381,3.401514,2.944039,3.070328
-29.874976,-0.067646,2.752229,3.054040,3.266755,3.937119,3.520238,3.172727,2.053919,2.353429,3.237823,3.075082,2.719352,2.745325,3.038588,3.314756,3.663910,2.275224,3.571940,3.466270,4.052933,3.827417,3.621553,2.703704,2.156345,2.119296,3.696618,4.195008,3.742043,2.542943,3.377030,2.898292,3.022325
-30.552665,-0.061071,2.723297,3.041547,3.235522,3.910817,3.467634,3.124726,2.025644,2.306744,3.209220,2.968560,2.570747,2.737434,3.034972,3.301276,3.648458,2.237852,3.557120,3.489143,4.034248,3.838693,3.611888,2.737853,2.155378,2.100610,3.694685,4.187276,3.727868,2.568716,3.371231,2.864786,3.062596
-32.878157,0.008958,2.705543,3.025109,3.225988,3.902269,3.445278,3.074096,1.973699,2.199893,3.194426,3.039903,2.528007,2.713434,3.009328,3.295030,3.641225,2.326126,3.606734,3.557765,4.004931,3.876709,3.674066,2.936629,2.168265,2.146035,3.733989,4.207895,3.782958,2.783279,3.425999,3.000418,3.146037
-34.140284,-0.082112,2.763736,3.042534,3.263468,3.955201,3.514977,3.062589,1.988493,2.377101,3.256235,3.137877,2.717379,2.833435,3.010314,3.350592,3.676733,2.348355,3.615110,3.647327,3.964338,3.922456,3.775549,3.023614,2.255572,2.156667,3.804866,4.227869,3.814208,2.841268,3.470458,3.040044,3.197583
-36.279582,-0.132085,2.760448,3.049109,3.241111,3.994983,3.527142,3.033985,1.889204,2.400772,3.236837,3.152672,2.694694,2.843627,3.001108,3.375250,3.703692,2.261370,3.660535,3.695007,3.972070,3.961760,3.795845,3.042622,2.232698,2.170198,3.828706,4.233991,3.839660,2.867364,3.517172,3.065818,3.244620
-34.423601,-0.118606,2.788065,3.058643,3.223358,4.024572,3.550485,3.007026,1.852382,2.404718,3.269385,3.142809,2.687132,2.908066,3.018533,3.408127,3.700733,2.270069,3.683731,3.714659,3.992366,3.994943,3.800355,3.021359,2.175352,2.162144,3.844170,4.252676,3.875420,2.843201,3.561953,3.113176,3.292622
-30.791082,-0.196854,2.778859,3.059958,3.194426,4.059093,3.575471,2.976779,1.851724,2.473760,3.319359,3.158590,2.684173,2.925162,3.017876,3.479141,3.720459,2.237530,3.656347,3.699517,3.978191,3.978191,3.776837,2.911500,2.049386,2.081924,3.818719,4.239145,3.836116,2.814206,3.551643,3.077093,3.159890
-21.291760,-0.244197,2.749927,3.066863,3.316728,4.113011,3.593554,2.981053,2.051617,2.608885,3.314756,3.274975,2.762421,3.001766,2.972177,3.510703,3.730322,2.144747,3.582249,3.651837,3.979802,3.951129,3.744621,2.768781,2.181151,2.136048,3.770716,4.200163,3.772971,2.736887,3.503963,3.009117,3.231411
-2.674558,-0.165292,2.882751,3.121439,3.358154,4.086052,3.638266,3.241769,2.388608,2.759133,3.420291,3.630047,2.893600,3.170754,2.977108,3.558046,3.685609,2.068071,3.514917,3.503963,3.917946,3.797778,3.658602,2.625417,2.324515,2.088368,3.483989,4.056477,3.622198,2.619618,3.385728,2.861565,3.382184
11.946646,-0.155757,2.698310,2.929436,3.113219,3.855913,3.432127,3.264125,2.373813,2.488226,3.298975,3.727034,2.951464,3.146425,2.984670,3.267742,3.417990,2.216912,3.065173,3.050998,3.798745,3.332893,3.250741,1.750738,2.435984,1.957246,2.938240,3.739788,3.230766,2.096100,3.198228,2.064527,3.629285
16.349442,0.136522,2.612501,2.816010,2.827517,3.726706,3.276290,3.359140,2.462910,2.121974,3.161220,3.793446,2.996177,3.079356,2.970533,2.988944,3.226316,2.428897,3.147326,2.601255,3.666979,2.966269,3.092235,1.130893,2.285533,1.902800,2.711758,3.616077,3.031990,1.658277,3.004606,1.676318,3.751064
18.961073,0.142768,2.593104,2.792668,2.787078,3.719144,3.261495,3.349277,2.436608,2.073974,3.156946,3.794104,3.052068,3.089548,2.923190,2.963957,3.177987,2.029734,3.002029,1.738818,3.573873,2.154734,2.770714,0.661176,2.081924,1.765236,2.589657,3.585793,2.953704,1.376705,2.820005,0.898934,3.704028
20.200083,0.285456,2.359676,2.621049,2.421814,3.521224,3.032342,3.081000,1.937205,1.572269,2.899518,3.654376,2.684502,2.745982,2.712119,2.689433,3.105329,1.943393,3.107055,1.144101,3.533924,1.960790,2.711436,0.837400,2.178252,1.792620,2.502028,3.597069,2.917299,1.202091,2.696294,0.755248,3.680510
21.004972,0.236468,2.343566,2.606254,2.393868,3.520238,3.025437,3.066205,1.869807,1.566351,2.948176,3.652404,2.659187,2.733160,2.689105,2.662145,3.105329,1.920197,3.075483,1.141202,3.530058,1.929862,2.688240,0.884758,2.225288,1.785854,2.514270,3.596424,2.919555,1.200802,2.704670,0.770712,3.675355
20.691485,0.198660,2.410636,2.693379,2.407348,3.543252,3.031684,3.091520,1.946411,1.679777,3.085603,3.665883,2.722311,2.752557,2.725598,2.682858,3.149384,1.943071,3.125096,1.159565,3.532313,1.972066,2.660211,1.091266,2.393458,1.804540,2.520069,3.593525,2.931152,1.237529,2.716912,0.792941,3.680188
20.697344,0.164796,2.410307,2.637159,2.420499,3.553443,3.039575,3.089548,1.987507,1.708051,3.098425,3.671472,2.721653,2.752229,2.720338,2.696338,3.157932,1.973677,3.122841,1.188882,3.541978,1.982697,2.657956,1.111563,2.339979,1.821293,2.540366,3.602546,2.981732,1.267491,2.725933,0.927284,3.677610
20.737956,0.041835,2.489212,2.715078,2.488554,3.584348,3.073767,3.156946,2.183783,1.945424,3.207905,3.668842,2.828832,2.781161,2.784120,2.755188,3.201987,1.998161,3.119297,1.209501,3.559375,2.035855,2.682763,1.245583,2.492041,1.880571,2.570649,3.623809,3.006861,1.374127,2.829026,1.063882,3.661502
20.115425,0.092466,2.569761,2.772284,2.587514,3.603745,3.082972,3.196398,2.266963,1.987507,3.273002,3.659308,2.873545,2.799572,2.794969,2.780832,3.214152,1.983986,3.105444,1.175351,3.554543,2.008793,2.671487,1.274256,2.501384,1.887659,2.579026,3.625419,2.988820,1.370583,2.826449,1.103508,3.645071
20.784602,0.096740,2.564500,2.761763,2.516500,3.587307,3.082644,3.188179,2.247565,1.968438,3.324290,3.638924,2.862038,2.789380,2.780174,2.767023,3.207905,1.988174,3.180186,1.224320,3.586115,2.043909,2.696938,1.501060,2.724644,2.003638,2.612209,3.646360,3.005573,1.460468,2.885083,1.225609,3.659891
20.567359,0.063863,2.506308,2.683844,2.441540,3.575142,3.076726,3.152014,2.174249,1.924383,3.246700,3.640897,2.824230,2.764064,2.752229,2.725598,3.193768,1.978509,3.172454,1.205635,3.557120,2.036177,2.654734,1.530700,2.776513,1.968844,2.604155,3.638950,2.990109,1.452091,2.893781,1.295519,3.651515
20.741137,0.072082,2.502363,2.709817,2.419184,3.575800,3.076397,3.158261,2.183126,1.913205,3.278591,3.615581,2.815024,2.758804,2.751571,2.733160,3.195412,1.938883,3.123807,1.129926,3.537790,1.949837,2.559051,1.435661,2.746552,1.818071,2.540366,3.607378,2.963047,1.378960,2.832570,1.199514,3.635729
20.508396,0.079644,2.531295,2.691735,2.446800,3.590923,3.078698,3.162864,2.143016,1.934575,3.378866,3.611307,2.824558,2.760777,2.755188,2.738749,3.203631,1.974965,3.198550,1.218199,3.586115,2.041332,2.679541,1.570326,2.819039,2.002027,2.614786,3.636051,3.005573,1.589011,2.925354,1.451769,3.627030
21.132602,0.098713,2.582583,2.744996,2.507952,3.602102,3.088890,3.202974,2.181153,1.953315,3.426867,3.618211,2.877490,2.794969,2.815353,2.768667,3.223686,1.983020,3.226256,1.230764,3.642816,2.068071,2.740753,1.729153,2.855121,2.086113,2.640237,3.643461,3.012983,1.618973,2.973356,1.642169,3.635084
21.008262,0.117453,2.613159,2.804175,2.519788,3.612622,3.107959,3.240454,2.315292,1.990137,3.434757,3.604074,2.918587,2.811736,2.832449,2.785106,3.228618,1.967556,3.265560,1.235274,3.628641,2.067427,2.747840,1.721099,2.884116,2.025868,2.641526,3.634118,2.999774,1.643780,2.983343,1.650223,3.621231
21.618901,0.109562,2.633871,2.774256,2.604282,3.628403,3.112562,3.245056,2.317265,2.008220,3.475854,3.619526,2.926806,2.823901,2.850531,2.803846,3.235522,2.214334,3.300032,1.378315,3.732056,2.218845,2.913111,1.887014,3.153125,2.413110,2.828382,3.698551,3.073227,1.783921,3.110277,1.726254,3.615432
21.851066,0.118439,2.659187,2.821271,2.657543,3.650431,3.147083,3.311468,2.375128,2.071672,3.509059,3.620842,2.964615,2.868285,2.871573,2.826202,3.257550,2.211113,3.279091,1.420519,3.734634,2.210791,2.907634,1.981087,3.178576,2.432440,2.839657,3.700484,3.087725,1.809050,3.106088,1.727865,3.605767
22.882559,0.087535,2.674968,2.869600,2.722968,3.667198,3.169768,3.382154,2.436280,2.150578,3.530101,3.631362,2.980396,2.890641,2.888340,2.839024,3.275632,2.244296,3.265883,1.476898,3.740433,2.231731,2.925354,2.056473,3.217880,2.452737,2.860276,3.699840,3.089336,1.824514,3.119942,1.777156,3.608345
22.980189,0.108905,2.696995,2.875518,2.781489,3.686267,3.190480,3.409771,2.565487,2.169646,3.516621,3.637938,2.982040,2.927135,2.898203,2.851846,3.283851,2.247195,3.267171,1.488818,3.734311,2.231087,2.942428,2.099321,3.227867,2.468523,2.870263,3.701450,3.093524,1.830635,3.128640,1.748483,3.618976
23.285016,0.124686,2.701269,2.893271,2.768667,3.682322,3.202645,3.415031,2.553980,2.177208,3.517607,3.625116,3.017876,2.923847,2.901491,2.856778,3.285166,2.204992,3.244297,1.386692,3.719814,2.179863,2.879928,2.002027,3.226578,2.452415,2.820972,3.684698,3.073872,1.800352,3.114787,1.594810,3.593525
23.264756,0.246660,2.737763,2.916943,2.820942,3.682650,3.203303,3.420949,2.581268,2.179838,3.529443,3.604403,3.045164,2.914642,2.900176,2.860394,3.280235,2.301641,3.281991,1.579669,3.759118,2.284889,3.003640,2.104476,3.275225,2.543910,2.941140,3.702095,3.093202,1.985919,3.179542,1.778767,3.651837
22.789794,0.298606,2.774256,3.000122,2.842970,3.685938,3.238481,3.437716,2.674639,2.178523,3.539964,3.576457,3.064561,2.916943,2.904778,2.864340,3.282536,2.340945,3.300354,1.686950,3.779415,2.357054,3.039078,2.254283,3.285535,2.609631,2.986565,3.708538,3.124130,2.052285,3.202416,1.827414,3.651193
22.667495,0.376197,2.819627,3.080013,2.931409,3.685938,3.255577,3.450867,2.788065,2.138413,3.603088,3.527799,3.055356,2.934697,2.904778,2.863025,3.279577,2.357054,3.296488,1.702414,3.776837,2.378317,3.040367,2.315816,3.361566,2.609631,2.994941,3.713371,3.137661,2.058406,3.209181,1.849321,3.626708
22.092644,0.412362,2.821599,3.090534,2.936012,3.679691,3.261166,3.452840,2.796942,2.105536,3.602759,3.486374,3.068178,2.930094,2.905107,2.860394,3.283851,2.356087,3.284568,1.689527,3.764917,2.340945,3.019426,2.310017,3.367365,2.608665,3.000096,3.711438,3.136372,2.058406,3.202094,1.826447,3.590948
22.427245,0.448855,2.816339,3.110260,2.869929,3.671801,3.246700,3.439360,2.756174,2.064768,3.617883,3.431470,3.042205,2.917929,2.895244,2.845600,3.280235,2.341912,3.260084,1.667298,3.752353,2.321938,3.004284,2.298097,3.437597,2.599966,2.995908,3.708538,3.133472,2.046808,3.190818,1.792298,3.533280
22.376184,0.483376,2.822914,3.116507,2.906094,3.665226,3.246371,3.441990,2.791352,2.060494,3.628074,3.436072,3.044835,2.912669,2.892614,2.849545,3.281550,2.348355,3.261050,1.672774,3.756219,2.348999,3.018137,2.321615,3.483022,2.603510,3.000096,3.715626,3.132184,2.054862,3.203705,1.811628,3.536179
22.418809,0.580693,2.822586,3.116178,2.877819,3.656349,3.241440,3.427853,2.800229,1.990466,3.647472,3.388729,3.069493,2.914970,2.884723,2.845600,3.277933,2.334180,3.250096,1.640880,3.741721,2.317427,3.001385,2.318716,3.486888,2.576770,2.988498,3.709827,3.110599,2.037788,3.193073,1.803896,3.568718
22.176699,0.623433,2.815682,3.109603,2.824887,3.644842,3.220070,3.412072,2.757160,1.914848,3.669828,3.336455,3.054369,2.894587,2.867627,2.841326,3.275303,2.301641,3.229478,1.594166,3.722713,2.271358,2.999129,2.290365,3.512661,2.561951,2.967879,3.702417,3.102222,2.015558,3.177609,1.799385,3.581283
22.366667,0.659269,2.803188,3.109603,2.914970,3.644184,3.229604,3.448566,2.788065,1.930301,3.679691,3.342373,3.064890,2.906751,2.866312,2.851518,3.276618,2.326770,3.250419,1.675996,3.736567,2.353510,3.007828,2.368007,3.568396,2.583214,2.991075,3.712726,3.127996,2.044231,3.193717,1.798097,3.582894
22.740929,0.700037,2.820613,3.119466,2.944889,3.644184,3.272673,3.458429,2.829161,1.970411,3.663253,3.361441,3.090205,2.918587,2.862367,2.859737,3.278920,2.338690,3.247519,1.692749,3.746876,2.354798,3.004284,2.421165,3.602868,2.591912,2.995263,3.713693,3.128318,2.036821,3.202094,1.834501,3.583216
22.949017,0.690832,2.835408,3.141165,3.015246,3.648787,3.302591,3.482758,2.867299,2.021042,3.659636,3.369661,3.108288,2.918258,2.870915,2.861381,3.285166,2.349966,3.255251,1.706924,3.763628,2.369618,3.043910,2.464657,3.637017,2.605443,2.994941,3.724324,3.154413,2.066138,3.239465,1.922453,3.577095
22.865414,0.695106,2.864011,3.154973,3.054369,3.650102,3.319687,3.486045,2.895573,2.040768,3.654705,3.357496,3.115849,2.936669,2.863025,2.865326,3.289112,2.356087,3.254285,1.732053,3.762018,2.413110,3.054220,2.516203,3.670523,2.608343,2.991397,3.726579,3.153769,2.077736,3.242042,1.952736,3.586115
23.146263,0.663543,2.873545,3.159905,3.072452,3.644513,3.309824,3.487032,2.880778,2.080878,3.649445,3.327907,3.111575,2.943573,2.850531,2.854148,3.286482,2.331603,3.244620,1.728831,3.749775,2.427286,3.044877,2.519747,3.668267,2.610920,2.989787,3.729157,3.150547,2.053574,3.239787,1.940172,3.587082
22.651724,0.686229,2.850531,3.154316,3.061602,3.632677,3.255906,3.478155,2.858751,2.039453,3.635965,3.333167,3.099082,2.922203,2.840011,2.832449,3.272673,2.351899,3.224645,1.711112,3.740433,2.421809,3.030702,2.503639,3.675999,2.604799,2.993008,3.726257,3.140560,2.043909,3.230444,1.906344,3.555832
22.961954,0.658612,2.854477,3.145439,3.040561,3.626102,3.222700,3.475196,2.833435,2.060494,3.628074,3.312783,3.088890,2.896230,2.833106,2.822586,3.256235,2.345134,3.208859,1.688238,3.732701,2.387015,3.034568,2.497518,3.676322,2.583858,2.989142,3.711115,3.130573,2.028445,3.226256,1.854798,3.553576
22.868847,0.629351,2.864340,3.145439,3.064890,3.635307,3.275303,3.491963,2.884066,2.100933,3.630047,3.281879,3.096452,2.911354,2.824887,2.828175,3.270043,2.409889,3.250096,1.800352,3.785858,2.547776,3.164400,2.591912,3.740433,2.602866,3.020392,3.730445,3.153769,2.150223,3.281669,1.950159,3.569040
22.463213,0.462006,2.984999,3.211193,3.129658,3.676404,3.358154,3.532073,2.936669,2.338635,3.647143,3.257221,3.102370,2.966259,2.857435,2.840011,3.284838,2.439206,3.270393,1.893135,3.816141,2.627350,3.221424,2.654090,3.762340,2.634760,3.074194,3.735922,3.160212,2.191138,3.324517,1.998161,3.583216
22.096756,0.412690,3.052068,3.235193,3.174699,3.708295,3.385770,3.570211,2.982040,2.408005,3.646814,3.275303,3.128343,3.005711,2.903135,2.885052,3.306537,2.455314,3.257506,1.909244,3.819041,2.672776,3.234955,2.677930,3.793590,2.656667,3.109632,3.743976,3.185663,2.216912,3.336759,2.007182,3.587726
20.982402,0.424526,3.109932,3.271358,3.196727,3.716843,3.402866,3.582375,3.007355,2.431348,3.638595,3.260180,3.145439,3.054698,2.919244,2.919573,3.310482,2.512015,3.226900,1.959502,3.811309,2.703059,3.227223,2.663755,3.791979,2.671809,3.111243,3.743976,3.221101,2.208858,3.338370,1.983986,3.606412
20.460939,0.423211,3.089548,3.282208,3.190480,3.712569,3.389716,3.560348,3.005711,2.402087,3.606704,3.247029,3.141494,3.055684,2.912669,2.900833,3.304564,2.501384,3.199194,1.923097,3.776515,2.679863,3.155380,2.614464,3.786180,2.620263,3.080315,3.738822,3.205315,2.139914,3.307120,1.758148,3.570973
19.741089,0.449184,3.072123,3.254920,3.176672,3.701719,3.384455,3.532402,2.993218,2.367238,3.571197,3.237166,3.140178,3.050424,2.917929,2.888669,3.301605,2.504928,3.204027,1.972066,3.790046,2.728188,3.190496,2.612531,3.803577,2.644425,3.087725,3.739144,3.230444,2.135404,3.315818,1.730764,3.560664
19.803306,0.443266,3.073438,3.257550,3.188837,3.718158,3.390702,3.552786,2.997492,2.368882,3.559690,3.236508,3.151685,3.102370,2.958368,2.901491,3.301605,2.505894,3.192107,1.973999,3.788435,2.743974,3.200805,2.585469,3.815175,2.663111,3.108021,3.741399,3.240431,2.130249,3.316463,1.641202,3.574195
20.045803,0.456088,3.045821,3.252947,3.185220,3.713884,3.380181,3.528786,2.972834,2.333374,3.521224,3.214152,3.147411,3.093822,2.914313,2.894915,3.290098,2.505894,3.187596,1.993651,3.791979,2.770070,3.219169,2.574193,3.812276,2.649580,3.130573,3.741077,3.237854,2.133149,3.308408,1.425674,3.595780
