34.849703,0.013890,1.706079,1.464432,2.274853,4.193889,2.535569,3.844406,3.138206,2.524062,3.021821,3.127685,2.796613,2.867956,2.939299,3.243741,3.200015,2.887660,2.511693,3.543589,3.253640,2.671809,3.190496,0.014590,1.662465,3.923745,3.599646,3.036178,1.615751,2.050030,2.733665,2.470456,2.077736
41.131493,0.127645,1.706407,1.531172,2.331402,4.207040,2.554637,3.873666,3.196070,2.537541,3.010643,3.133274,2.925820,2.914642,2.910039,3.271687,3.223029,2.880250,2.533600,3.534246,3.299066,2.697582,3.140882,0.014268,1.698870,3.934054,3.599646,3.028769,1.655055,2.111241,2.733665,2.470134,2.002672
43.465592,-0.056797,1.755723,1.598899,2.528993,4.224465,2.617104,3.933831,3.194754,2.817654,3.033657,3.122754,2.958697,2.965601,2.979081,3.307523,3.278920,2.880895,2.644103,3.499130,3.344169,2.704992,3.139271,0.015235,1.714012,3.908603,3.599324,2.982055,1.656988,2.125095,2.757183,2.484953,1.915687
45.625483,0.022766,1.767888,1.631776,2.585542,4.246164,2.631570,3.956845,3.226974,2.849874,3.086918,3.131630,2.998478,2.962313,3.021821,3.345989,3.355195,2.874451,2.708214,3.475612,3.401514,2.693717,3.164723,0.015235,2.020391,3.913436,3.597391,2.996874,1.719488,2.165043,2.787467,2.464335,1.986886
45.528106,0.013890,1.814902,1.790902,2.639789,4.249780,2.653926,3.985120,3.256235,2.899189,3.105986,3.125713,3.005054,2.985985,3.035301,3.396949,3.387743,2.895392,2.753639,3.411501,3.432764,2.667943,3.191140,0.016523,2.089979,3.917624,3.584827,3.019748,1.810983,2.262337,2.791655,2.479799,2.006538
48.649139,-0.013070,1.817861,1.801422,2.641433,4.252410,2.654912,3.993996,3.265111,2.914313,3.122425,3.132288,2.992889,3.066205,3.040232,3.412730,3.409113,2.852866,2.782634,3.372519,3.464337,2.660533,3.162790,0.015557,2.054862,3.912791,3.551643,3.041655,1.806795,2.293265,2.784889,2.487531,1.825803
51.367792,0.029671,1.869478,1.892163,2.665104,4.254054,2.667406,3.994325,3.278591,2.918587,3.166151,3.167466,3.021163,3.063904,3.058972,3.455799,3.402866,2.897325,2.965624,3.366398,3.502030,2.718845,3.177931,0.016846,1.955313,3.918268,3.549066,3.023936,1.875416,2.360275,2.817428,2.522002,1.914721
52.728218,-0.000248,1.952328,1.956931,2.801544,4.263260,2.712447,4.011421,3.336455,2.986642,3.195412,3.203303,3.041876,3.122425,3.103356,3.493278,3.414373,2.910212,3.028769,3.352223,3.546489,2.733665,3.187918,0.588689,1.910532,3.946296,3.590303,3.021037,1.993007,2.486242,2.852866,2.569361,2.074515
54.918368,-0.004851,1.982575,2.143345,3.090534,4.291863,2.795955,4.078490,3.361770,3.106644,3.203631,3.241769,3.081657,3.201987,3.158261,3.559361,3.420949,2.917299,3.139271,3.365754,3.585149,2.779413,3.221101,0.800351,2.064527,3.945008,3.573873,3.007184,2.174064,2.602544,2.935018,2.618974,2.168265
55.424983,0.070110,2.052604,2.253812,3.151357,4.320137,2.861709,4.110381,3.389716,3.151357,3.256235,3.266427,3.126370,3.278591,3.204618,3.591252,3.485059,2.944683,3.169555,3.377352,3.638306,2.807763,3.249452,0.850931,2.209180,3.956284,3.604156,3.065818,2.248806,2.668910,2.975611,2.629606,2.157311
57.365426,0.142111,2.062796,2.368553,3.215467,4.334603,2.936012,4.135697,3.479799,3.145768,3.246371,3.277933,3.162206,3.321002,3.257550,3.626431,3.486045,2.983343,3.171488,3.368331,3.682765,2.891848,3.314852,0.933405,2.351899,3.970781,3.662791,3.114143,2.334180,2.690817,3.044233,2.717557,2.231731
58.161828,0.111535,2.050302,2.366251,3.262481,4.337233,2.971848,4.150820,3.502484,3.217768,3.267742,3.253276,3.166480,3.365387,3.292399,3.644842,3.512018,3.042622,3.184697,3.342558,3.721103,2.914722,3.356733,0.990106,2.492685,3.962405,3.660535,3.131862,2.349644,2.720134,3.116398,2.848356,2.205636
57.746737,0.109234,2.056220,2.350799,3.330537,4.344795,2.972834,4.163971,3.540621,3.291084,3.292071,3.309496,3.172398,3.387414,3.292728,3.662595,3.523525,3.064851,3.261372,3.338692,3.792623,2.962080,3.399903,1.476254,2.448226,3.965626,3.700484,3.110277,2.381216,2.763304,3.119942,3.027480,2.380572
55.841882,0.136522,2.065426,2.401101,3.332509,4.346110,2.992560,4.167916,3.542265,3.316728,3.363085,3.308180,3.175686,3.458757,3.305221,3.673774,3.531416,3.085792,3.326450,3.305831,3.843203,3.000096,3.405702,1.865429,2.409889,3.960472,3.672133,3.099001,2.428252,2.804219,3.155702,3.098034,2.470456
55.865011,0.136850,2.255784,2.452061,3.385113,4.347425,2.984012,4.167916,3.561992,3.329879,3.348290,3.370647,3.188508,3.487032,3.307194,3.680349,3.539964,3.089658,3.433086,3.290045,3.890240,3.002351,3.425354,1.897646,2.327737,3.975936,3.665046,3.054220,2.459824,2.887338,3.196295,3.153769,2.504283
56.755425,0.109234,2.270908,2.523733,3.379195,4.347096,2.988944,4.165943,3.554101,3.378866,3.413387,3.335468,3.190480,3.498210,3.305550,3.684294,3.539964,3.100934,3.489788,3.275547,3.986245,3.026513,3.458215,2.084180,2.424386,3.971103,3.701128,3.063563,2.438239,2.993975,3.337081,3.175354,2.459502
57.454103,0.098384,2.338306,2.578309,3.411743,4.344137,2.969546,4.162656,3.540293,3.395962,3.468292,3.376894,3.200672,3.492621,3.308509,3.680349,3.549169,3.106088,3.540368,3.331604,4.035536,3.109310,3.543911,2.257182,2.650224,4.009119,3.734956,3.103189,2.435340,3.083537,3.521038,3.202094,2.726577
57.136406,0.102001,2.340936,2.627953,3.407140,4.340521,2.957382,4.161998,3.533717,3.392346,3.472237,3.288454,3.189494,3.475525,3.301934,3.674760,3.516950,3.100612,3.616077,3.348035,4.060343,3.071939,3.605123,2.177930,2.710147,4.008797,3.730768,3.120264,2.503639,3.140560,3.562597,3.214014,2.776191
56.765108,0.098713,2.346525,2.634529,3.430154,4.343480,2.953765,4.153450,3.544895,3.401223,3.446264,3.439031,3.205933,3.463032,3.291413,3.682650,3.554759,3.093202,3.716592,3.369298,4.085794,3.090302,3.632507,2.203059,2.786500,4.008797,3.751064,3.122519,2.597067,3.206604,3.588048,3.227223,2.810985
54.887009,0.110549,2.396827,2.704557,3.454483,4.334603,2.930423,4.146217,3.542265,3.393003,3.483087,3.449881,3.183576,3.443634,3.282536,3.679691,3.561334,3.076449,3.834183,3.396360,4.105124,3.105444,3.641206,2.224966,2.877029,3.989789,3.756541,3.086758,2.731410,3.278447,3.605445,3.214014,2.826127
54.979507,0.100028,2.432334,2.732174,3.468292,4.330000,2.897217,4.137340,3.546868,3.394318,3.492292,3.443634,3.201001,3.445935,3.279906,3.675746,3.569224,3.007184,3.865111,3.287145,4.056799,3.037467,3.532958,2.312917,2.782634,3.933732,3.710793,2.989464,2.782312,3.231733,3.482378,3.143137,2.732054
53.914790,0.075041,2.443841,2.748941,3.470264,4.318493,2.875847,4.126162,3.546539,3.414702,3.503799,3.433113,3.189165,3.450209,3.263468,3.665226,3.574814,2.979155,3.919879,3.281991,4.002031,3.084181,3.400870,2.635727,2.778446,3.858023,3.646360,3.022970,2.774580,3.103833,3.354156,3.065818,2.591590
52.927325,0.082603,2.451403,2.748283,3.463689,4.309616,2.856120,4.115313,3.532402,3.402538,3.496895,3.426867,3.163850,3.445278,3.243413,3.660623,3.585663,2.959181,3.939853,3.350934,4.018139,3.118653,3.411179,2.730121,2.947261,3.864466,3.644749,3.086114,2.883150,3.093524,3.339336,3.025869,2.781023
50.757352,0.094768,2.442198,2.705543,3.445935,4.292520,2.807791,4.100518,3.473881,3.367688,3.450867,3.407469,3.150370,3.435744,3.199686,3.634650,3.582047,2.964336,3.944363,3.342236,4.030060,3.114143,3.442751,2.780057,2.958214,3.854801,3.635407,3.101578,2.894426,3.073227,3.357700,3.007828,2.790366
47.639449,0.115480,2.433650,2.655570,3.430483,4.272465,2.753544,4.084080,3.446593,3.333496,3.463360,3.427524,3.101055,3.424237,3.176343,3.611307,3.557389,2.967879,3.949840,3.412790,4.055511,3.137983,3.512661,2.829670,3.056475,3.858990,3.649904,3.103511,2.951127,3.157957,3.428576,3.042944,2.818717
44.469719,0.126987,2.459951,2.662803,3.414702,4.250438,2.740064,4.068299,3.426538,3.317715,3.433771,3.405168,3.117493,3.432456,3.164836,3.606704,3.545224,3.041333,4.004608,3.552932,4.160537,3.214014,3.712404,2.772325,3.317429,3.898616,3.731412,3.142815,3.041011,3.284890,3.566141,3.125740,2.945006
42.285525,0.123700,2.459951,2.694036,3.422921,4.241232,2.695351,4.044627,3.447251,3.300947,3.404510,3.360455,3.065547,3.436730,3.122425,3.576129,3.521224,3.103833,4.050678,3.621553,4.253320,3.267493,3.836760,2.744296,3.525870,3.937598,3.818397,3.220135,3.158924,3.388305,3.683731,3.192751,3.195006
37.638764,0.155262,2.453376,2.691406,3.411414,4.217889,2.668721,4.023586,3.409442,3.260180,3.386099,3.290756,3.040890,3.455799,3.110918,3.551142,3.507087,3.199194,4.076774,3.738822,4.272328,3.362532,3.930510,2.836114,3.690819,3.990755,3.873809,3.309375,3.233988,3.434375,3.705961,3.325805,3.377996
32.260930,0.187481,2.473431,2.727571,3.387085,4.198163,2.604282,3.984462,3.364071,3.197056,3.392675,3.255906,3.116178,3.485059,3.096452,3.536676,3.482429,3.266205,4.097392,3.810665,4.298102,3.466270,3.962405,2.664722,3.752997,3.991722,3.900227,3.344813,3.257828,3.508151,3.751064,3.366398,3.381218
26.235859,0.143097,2.517486,2.756503,3.437716,4.170875,2.544774,3.974599,3.331194,3.245714,3.386099,3.249659,3.160562,3.467634,3.147411,3.548183,3.416346,3.276514,4.134441,3.867044,4.342238,3.526515,3.991722,2.580959,3.862533,3.955639,3.887340,3.429865,3.307442,3.528448,3.767172,3.436630,3.485599
18.217511,0.219044,2.832120,2.913327,3.542594,4.261945,2.630255,4.071586,3.438045,3.259522,3.419305,3.177987,3.205933,3.570211,3.167795,3.615910,3.442648,3.304542,4.185343,3.958217,4.442432,3.696940,4.086761,2.910212,4.046812,3.925356,3.903771,3.435664,3.523293,3.617043,3.793590,3.584504,3.696296
1.295265,0.180906,3.123740,3.166809,3.716185,4.423700,2.800229,4.222163,3.671801,3.409442,3.549827,3.332838,3.328893,3.711582,3.347304,3.837501,3.611307,3.477223,4.199841,4.093848,4.467561,3.860923,4.127354,3.147003,4.105124,3.976902,4.031026,3.329993,3.727546,3.676322,3.813242,3.698551,3.798100
-11.067091,0.217400,3.450867,3.362099,3.784898,4.501290,3.170097,4.335260,3.822707,3.534704,3.597828,3.554101,3.697445,3.698760,3.577115,4.020956,3.743473,3.717559,4.168591,4.274583,4.470138,4.085150,4.188243,3.418267,4.171168,4.093848,4.175034,3.414401,3.839660,3.710793,4.019428,3.779737,4.025871
-14.777472,0.317675,3.575471,3.388072,3.791802,4.540742,3.366044,4.352356,3.867748,3.504457,3.618540,3.662595,3.561334,3.555416,3.507087,3.961119,3.783583,3.929866,4.197586,4.366401,4.456929,4.219171,4.245589,3.716914,4.211439,4.299390,4.261052,3.479478,3.895394,3.747842,4.062276,3.922134,4.127676
-14.385185,0.318662,3.637609,3.480785,3.852954,4.553564,3.424565,4.372412,3.857885,3.547197,3.634321,3.687582,3.613937,3.585992,3.512347,3.985777,3.792131,3.966271,4.192753,4.379932,4.448553,4.252676,4.236568,3.789724,4.207573,4.323875,4.260730,3.395715,3.893783,3.820330,4.083217,3.932765,4.122843
-19.480836,0.289730,3.620842,3.503470,3.857885,4.557181,3.433771,4.372083,3.864132,3.552128,3.644184,3.698760,3.573170,3.595197,3.511690,4.012408,3.801337,3.992044,4.171168,4.374777,4.423424,4.252676,4.221104,3.732701,4.195975,4.344493,4.246555,3.298421,3.867688,3.811953,4.075807,3.924389,4.133797
-27.851066,0.275921,3.630376,3.532402,3.864789,4.563756,3.540621,4.393453,3.896023,3.581718,3.650431,3.721117,3.626102,3.607033,3.543252,4.044956,3.810213,4.076129,4.176645,4.401839,4.424713,4.288759,4.218204,3.787469,4.225614,4.388952,4.274261,3.383151,3.867366,3.873487,4.086761,3.931799,4.157315
-30.474657,0.255866,3.637938,3.548841,3.869721,4.559153,3.586649,4.400028,3.885502,3.603417,3.661938,3.747418,3.638266,3.643198,3.573170,4.070600,3.835529,4.083217,4.177289,4.399262,4.430834,4.272328,4.100614,3.699517,4.153771,4.397006,4.277483,3.486888,3.815819,3.955317,4.085794,3.885729,4.083217
-31.524040,0.220687,3.632677,3.561005,3.867091,4.556523,3.588293,4.399042,3.891420,3.622814,3.653390,3.772734,3.670486,3.660952,3.597170,4.077833,3.867420,4.084506,4.169880,4.393463,4.430190,4.268462,4.071297,3.656347,4.124454,4.400228,4.268462,3.553254,3.783603,3.963693,4.092238,3.935987,4.073230
-35.511749,0.191098,3.616239,3.549827,3.868077,4.552907,3.585334,4.399371,3.908187,3.624787,3.645499,3.791474,3.679691,3.652075,3.593882,4.084408,3.884516,4.116722,4.170846,4.387019,4.426324,4.271040,4.106735,3.620909,4.111890,4.418914,4.271362,3.578705,3.787469,3.957894,4.086116,3.938564,4.063887
-35.170162,0.173673,3.599143,3.525169,3.849337,4.548633,3.600129,4.400028,3.923639,3.622157,3.636294,3.788186,3.668842,3.645828,3.592238,4.087696,3.904899,4.129609,4.162470,4.382509,4.423746,4.275872,4.089982,3.565174,4.081928,4.430834,4.306800,3.602546,3.782636,3.943397,4.087405,3.949840,4.051967
-34.182525,0.125343,3.586978,3.536676,3.856241,4.548304,3.607033,4.403316,3.923639,3.645828,3.641225,3.772076,3.665883,3.658321,3.569882,4.089011,3.933503,4.133475,4.147650,4.368978,4.393785,4.246233,4.085150,3.476901,4.083861,4.425679,4.308733,3.594169,3.756863,3.915046,4.072908,3.942753,4.048423
-35.361202,0.078658,3.583690,3.557389,3.862159,4.550605,3.640897,4.409891,3.933503,3.665226,3.701390,3.805282,3.679034,3.705664,3.546868,4.092299,3.953558,4.119299,4.151838,4.338372,4.374133,4.189854,4.193720,3.397648,4.077096,4.416336,4.289725,3.584182,3.791013,3.793590,4.045201,3.937276,4.044557
-37.647909,0.026383,3.581718,3.575142,3.874981,4.549948,3.697445,4.419754,3.945996,3.701062,3.732624,3.821392,3.700404,3.721774,3.537991,4.092956,3.975256,4.111245,4.132830,4.315176,4.336761,4.136696,4.105124,3.310986,4.071941,4.413437,4.296491,3.576772,3.739466,3.690819,4.009763,3.929866,4.044557
-40.755510,-0.028851,3.558375,3.552786,3.863803,4.547318,3.727692,4.419426,3.946982,3.723089,3.754651,3.829611,3.702377,3.714870,3.520895,4.088025,3.978873,4.096748,4.110279,4.303901,4.316465,4.120266,4.094171,3.376063,4.129287,4.417303,4.303256,3.547455,3.704350,3.672456,3.997843,3.954995,4.082250
-41.922961,-0.055153,3.542265,3.526813,3.848680,4.538770,3.734267,4.414823,3.935146,3.731309,3.763199,3.828296,3.686267,3.684952,3.492621,4.080463,3.968352,4.099325,4.089338,4.300679,4.307122,4.117044,4.080640,3.347068,4.110601,4.415692,4.309055,3.507507,3.662468,3.666012,3.989145,3.953706,4.073230
-42.665587,-0.082112,3.509388,3.488676,3.801665,4.526276,3.717171,4.409234,3.905228,3.721117,3.731309,3.810542,3.654376,3.652404,3.447579,4.063038,3.955201,4.074518,4.065176,4.288114,4.294558,4.106735,4.075485,3.250741,4.099970,4.410537,4.301968,3.507185,3.608667,3.652481,3.981090,3.933088,4.042624
-42.484191,-0.087701,3.484402,3.469278,3.778980,4.519372,3.729336,4.413508,3.881886,3.700733,3.705664,3.786213,3.615581,3.634979,3.427195,4.049230,3.958489,4.050678,4.047457,4.268140,4.273939,4.087083,4.062920,3.218846,4.070330,4.406349,4.303901,3.536179,3.578061,3.635407,3.975614,3.916013,4.022005
-41.013394,-0.085071,3.453826,3.445278,3.765172,4.513125,3.730980,4.409563,3.878269,3.678048,3.668513,3.751035,3.603745,3.613280,3.400565,4.033449,3.942708,4.027160,4.025871,4.254609,4.263308,4.079351,4.054866,3.193073,4.054544,4.394751,4.285215,3.554221,3.552610,3.624131,3.978191,3.906348,4.018139
-42.406886,-0.086057,3.408456,3.401880,3.712240,4.497673,3.719473,4.403316,3.866762,3.653061,3.677390,3.735254,3.598156,3.576457,3.357167,4.011421,3.929886,4.009763,4.017173,4.234957,4.252032,4.070330,4.050034,3.185019,4.032959,4.386375,4.258475,3.637984,3.532958,3.636373,3.979157,3.891206,3.979480
-43.583292,-0.085729,3.320345,3.378209,3.661938,4.484851,3.723747,4.385234,3.830597,3.626102,3.646814,3.716514,3.579745,3.496895,3.320345,3.988078,3.896680,3.987212,3.986889,4.220782,4.219815,4.050356,4.024583,3.159568,4.002675,4.391852,4.282960,3.671811,3.509762,3.670523,3.977869,3.874131,3.961116
-42.690325,-0.082770,3.256563,3.339085,3.615252,4.469728,3.709281,4.366165,3.799693,3.587636,3.640897,3.691198,3.558046,3.441990,3.271358,3.955530,3.869063,3.958539,3.947585,4.191465,4.200807,4.025871,3.998487,3.116398,3.968526,4.389919,4.328707,3.697262,3.466914,3.669878,3.974003,3.854157,3.929866
-43.361355,-0.069290,3.180617,3.304893,3.605389,4.462823,3.684623,4.356302,3.800679,3.547526,3.625444,3.651088,3.500183,3.379524,3.246700,3.941722,3.868735,3.921812,3.919879,4.182122,4.188565,4.012340,3.989789,3.089658,3.949840,4.398295,4.327419,3.692752,3.441463,3.669234,3.974969,3.843848,3.894428
-44.397328,-0.084413,3.117493,3.282536,3.585005,4.459536,3.674760,4.351699,3.771747,3.533060,3.616239,3.624129,3.456785,3.326920,3.187521,3.928571,3.862488,3.927933,3.909247,4.195331,4.177934,4.013951,3.983990,3.067751,3.941786,4.406349,4.328385,3.682765,3.429220,3.673100,3.977869,3.846425,3.905381
-43.716431,-0.109071,3.084616,3.256892,3.555745,4.449015,3.667527,4.339206,3.753007,3.524512,3.598156,3.602102,3.422264,3.295687,3.209878,3.915749,3.856241,3.904737,3.882830,4.204029,4.166980,4.005253,3.967237,3.007184,3.945330,4.396362,4.329029,3.681476,3.410857,3.673422,3.973358,3.819041,3.900871
-41.779863,-0.161675,2.971519,3.202974,3.564950,4.452632,3.659308,4.322767,3.724733,3.502155,3.595526,3.571526,3.380181,3.257221,3.213166,3.894708,3.865118,3.873487,3.851580,4.176645,4.147972,3.972392,3.940175,3.006861,3.937276,4.385086,4.326130,3.663435,3.337081,3.620909,3.959827,3.791013,3.836760
-41.613361,-0.254718,2.869600,3.147411,3.518265,4.453618,3.626759,4.307315,3.699747,3.473223,3.575142,3.531416,3.341058,3.200015,3.182919,3.874324,3.842762,3.849325,3.799389,4.210472,4.134119,3.988822,3.901515,2.890560,3.908603,4.386697,4.322586,3.639273,3.317751,3.590303,3.948229,3.783281,3.828384
-40.625693,-0.245183,2.799901,3.140507,3.514977,4.456577,3.619526,4.292849,3.690541,3.426538,3.547526,3.498210,3.308838,3.132288,3.163192,3.866105,3.836515,3.840948,3.750742,4.186954,4.110279,3.958861,3.856090,2.863820,3.898938,4.387019,4.317431,3.641206,3.287790,3.552288,3.919235,3.763306,3.780059
-43.151094,-0.236964,2.730201,3.097767,3.487361,4.464139,3.612622,4.279698,3.674760,3.390373,3.515306,3.476840,3.270372,3.046150,3.075082,3.852625,3.819419,3.837727,3.695974,4.151194,4.090627,3.918912,3.811631,2.804219,3.867366,4.376066,4.306478,3.639595,3.264916,3.494942,3.890884,3.732056,3.773293
-41.580895,-0.293184,2.650638,3.041876,3.483744,4.472687,3.609992,4.266876,3.671801,3.382483,3.495909,3.436730,3.227632,3.042205,3.075082,3.834543,3.802981,3.836116,3.632185,4.139596,4.063887,3.901838,3.779737,2.774902,3.854157,4.382187,4.307767,3.644105,3.238821,3.456605,3.880897,3.704028,3.804544
-41.284821,-0.273786,2.613487,3.014917,3.447908,4.476303,3.601444,4.256027,3.670157,3.364071,3.477826,3.439360,3.209220,3.043520,3.080671,3.821392,3.818433,3.827417,3.612533,4.147972,4.058732,3.921490,3.791335,2.829348,3.846103,4.381865,4.308733,3.655059,3.216591,3.519749,3.935665,3.733667,3.804544
-38.127151,-0.228087,2.636501,2.985656,3.462703,4.480577,3.610650,4.253396,3.663582,3.367688,3.469936,3.450867,3.197713,3.099740,3.092507,3.819090,3.794761,3.794556,3.592558,4.172779,4.040047,3.927289,3.795845,2.898292,3.845136,4.390241,4.313888,3.656347,3.198228,3.530058,3.941464,3.733989,3.787791
-34.598634,-0.193895,2.706858,3.001437,3.479799,4.478604,3.614266,4.247479,3.656020,3.380839,3.481771,3.451525,3.214152,3.207905,3.111247,3.817446,3.797720,3.725291,3.573873,4.180189,4.012340,3.925356,3.769105,2.945650,3.812276,4.377354,4.298424,3.676966,3.187274,3.498808,3.936309,3.722069,3.759118
-26.744387,-0.104797,2.732174,3.052725,3.479470,4.470385,3.564293,4.223150,3.646814,3.352236,3.445935,3.443305,3.169110,3.282208,3.166480,3.802652,3.776021,3.621876,3.509440,4.138952,3.942753,3.870910,3.690819,2.794554,3.783603,4.330318,4.262663,3.666334,3.147326,3.413757,3.906026,3.640883,3.701450
-15.125438,-0.063701,2.746640,3.055356,3.500183,4.445727,3.463032,4.185341,3.643198,3.373606,3.446264,3.451196,3.187521,3.338756,3.223358,3.788843,3.754322,3.387661,3.342880,4.131220,3.817430,3.751708,3.589659,2.325159,3.610600,4.254931,4.155382,3.588370,2.994297,3.308408,3.807121,3.471746,3.520716
-5.956106,-0.035426,2.620720,2.908066,3.355195,4.378987,3.224673,4.120573,3.519251,3.287468,3.390702,3.426538,3.228289,3.330537,3.159905,3.665883,3.669171,3.138949,3.121874,4.026516,3.700806,3.563241,3.470136,1.451447,3.323550,4.138952,3.992044,3.378963,2.689206,3.084503,3.636373,3.370264,3.316785
0.137935,-0.188634,2.353758,2.773928,3.272673,4.342493,2.958039,4.057120,3.405168,3.216125,3.313770,3.345660,3.170097,3.219412,3.010643,3.550485,3.604732,2.982377,2.889271,3.904415,3.506218,3.343202,3.396360,0.368005,2.964013,4.077740,3.901838,3.304220,2.471745,2.682763,3.398937,3.238821,3.106411
8.528208,-0.094605,2.152550,2.504007,3.037273,4.282000,2.694365,3.999914,3.304564,3.051082,3.263139,3.248015,3.116507,3.094151,2.980396,3.480456,3.457442,2.855766,2.711758,3.553899,3.378318,2.952738,3.146681,0.013946,2.630894,4.012985,3.762340,3.245908,2.102865,2.308084,3.060985,3.031024,2.616397
3.805626,-0.062057,2.128879,2.481321,2.980725,4.270493,2.654255,3.972955,3.276618,3.003410,3.240125,3.245714,3.100397,3.107630,2.997492,3.437059,3.422921,2.850611,2.656345,3.384762,3.346102,2.606732,3.009761,0.013624,2.521680,4.018139,3.741721,3.267816,2.008471,2.207569,2.985921,2.938884,2.388304
11.621511,-0.052523,2.164057,2.482965,3.012287,4.259643,2.605268,3.954544,3.262810,2.979738,3.197056,3.239139,3.078041,3.070479,2.962642,3.413716,3.402209,2.814851,2.664077,3.404092,3.338692,2.556152,2.989464,0.013624,2.446293,3.988178,3.705961,3.220779,2.026190,2.231087,2.958859,2.882828,2.287466
22.817069,-0.053180,2.129536,2.408663,2.973820,4.232355,2.629268,3.926270,3.228947,2.933382,3.157275,3.199028,3.042534,3.020506,2.957711,3.395305,3.364400,2.791333,2.568716,3.398937,3.296166,2.504283,2.941462,0.013946,2.289399,3.938242,3.651515,3.149259,1.922453,2.126061,2.906990,2.720134,2.137015
30.691373,-0.066331,2.007891,2.201537,2.940615,4.241561,2.731845,3.945010,3.267413,2.985656,3.169110,3.185220,3.055684,3.065547,2.990916,3.449881,3.419963,2.804541,2.505894,3.400870,3.314852,2.491074,2.937596,0.012980,2.190816,3.901515,3.623809,3.071617,1.855120,2.168587,2.872841,2.603832,1.886370
35.294270,-0.055153,2.035179,2.249538,2.989930,4.259643,2.772284,3.967695,3.286153,3.006040,3.199028,3.172069,3.052397,3.048451,3.026753,3.495909,3.451853,2.863820,2.608343,3.441785,3.312597,2.531345,2.934696,0.013946,2.129605,3.887340,3.606089,3.051642,1.868007,2.179863,2.858987,2.600933,1.925674
38.583353,-0.066989,2.060165,2.278470,3.057657,4.283972,2.844942,3.983147,3.327907,3.038259,3.196398,3.195083,3.062917,3.055027,3.039575,3.532402,3.480128,2.886049,2.692750,3.406347,3.325161,2.529412,2.944361,0.013946,2.121873,3.906026,3.598035,3.057441,1.887337,2.187595,2.850611,2.579992,1.952736
41.425264,-0.030166,2.061809,2.306415,3.088890,4.296794,2.852833,3.997284,3.315413,2.992232,3.188508,3.187521,3.074424,3.133603,3.077712,3.552128,3.499854,2.892493,2.791333,3.432442,3.343524,2.560340,2.963047,0.015235,2.079991,3.908281,3.636373,3.060019,1.919553,2.265236,2.869619,2.625740,2.031667
44.205675,-0.039043,2.055234,2.343895,3.086918,4.318493,2.874860,4.033778,3.327907,3.015903,3.172727,3.163850,3.068506,3.164179,3.115849,3.567581,3.495251,2.890560,2.834825,3.442107,3.378963,2.592234,2.966913,0.229797,2.000094,3.928900,3.617365,3.037789,1.960146,2.313561,2.877995,2.655057,2.084502
49.726004,-0.065345,2.042412,2.306086,3.096123,4.303698,2.885381,4.033120,3.308838,3.022807,3.171083,3.157603,3.049766,3.152014,3.112890,3.563307,3.459744,2.862209,2.861565,3.400226,3.381540,2.543910,2.943717,0.086433,1.918264,3.882185,3.578383,2.992686,1.972066,2.348677,2.871874,2.602222,1.959824
54.344472,-0.081455,2.027617,2.362964,3.165165,4.318822,3.000780,4.111039,3.353880,3.116836,3.207577,3.154644,3.027410,3.204946,3.190480,3.612622,3.473223,2.891204,2.907312,3.402803,3.421489,2.657312,2.968846,0.020712,1.910532,3.852546,3.582894,2.942750,1.976576,2.418909,2.877351,2.572582,1.920197
54.953303,-0.005179,2.054576,2.400115,3.222042,4.376686,3.122754,4.149505,3.464675,3.236837,3.214152,3.180946,3.060616,3.298317,3.303906,3.655034,3.566594,2.888627,2.957570,3.380573,3.442107,2.640559,2.951127,0.197258,1.807117,3.845781,3.550033,2.935985,2.022324,2.497840,2.908923,2.530701,1.620906
55.032995,0.054329,2.061481,2.344881,3.225988,4.363535,3.101712,4.143258,3.453168,3.185549,3.203303,3.180946,3.065547,3.300619,3.292728,3.648129,3.548512,2.906024,3.033923,3.370909,3.452416,2.727866,2.986243,0.829346,1.849321,3.862856,3.574839,2.958859,2.112530,2.526190,2.911500,2.552608,1.715622
56.181230,0.068466,2.041754,2.387622,3.209549,4.340192,3.053383,4.139971,3.406483,3.153001,3.248015,3.225001,3.040890,3.283523,3.266427,3.637280,3.515964,2.905701,3.156991,3.358988,3.486244,2.798098,3.043266,1.112207,2.009437,3.901515,3.585149,2.972068,2.241074,2.623484,2.931797,2.670198,1.958857
58.221892,0.135207,2.034850,2.442198,3.245714,4.361233,3.110260,4.168574,3.485717,3.168782,3.228289,3.277605,3.089548,3.352564,3.293715,3.655034,3.527471,2.919555,3.318073,3.356733,3.524904,2.811951,3.078704,1.276833,2.168265,3.910858,3.620909,2.987209,2.339657,2.654412,2.998807,2.741075,2.009115
58.744146,0.136850,2.028603,2.429376,3.303906,4.356631,3.102041,4.183368,3.498210,3.207905,3.216125,3.269057,3.081657,3.345989,3.291413,3.648787,3.519909,2.910212,3.349001,3.338048,3.520716,2.807441,3.062918,1.352542,2.180829,3.911503,3.617365,2.970135,2.346100,2.662466,3.002029,2.752351,2.024901
58.743484,0.107918,2.083179,2.421156,3.376565,4.371425,3.166809,4.207040,3.582375,3.310482,3.235193,3.293386,3.109603,3.382483,3.330208,3.671801,3.525498,2.921488,3.380573,3.317107,3.547777,2.811951,3.088369,1.403766,2.259760,3.879930,3.615110,2.936307,2.409889,2.688240,3.009761,2.786500,2.032633
60.792738,0.077671,2.233099,2.510582,3.383140,4.377014,3.195083,4.216245,3.597499,3.376236,3.272673,3.282865,3.133603,3.441990,3.340729,3.684294,3.542265,2.910212,3.419233,3.294233,3.578383,2.828704,3.098034,1.564205,2.274901,3.898294,3.612211,2.926964,2.403123,2.734954,3.009117,2.807763,2.031989
60.064331,0.105617,2.289977,2.504993,3.408127,4.380631,3.209549,4.226766,3.579088,3.379852,3.288454,3.314756,3.132288,3.466648,3.352893,3.701062,3.566923,2.910212,3.502674,3.242687,3.596424,2.854155,3.087081,1.726576,2.296164,3.879286,3.608022,2.868652,2.407634,2.732054,3.004928,2.828382,1.979476
60.721411,0.100357,2.366909,2.650638,3.423250,4.393782,3.199357,4.228081,3.631362,3.410428,3.372620,3.331523,3.148069,3.487032,3.365387,3.714541,3.551471,2.896681,3.547455,3.208537,3.631541,2.872841,3.098679,1.908599,2.505572,3.883152,3.579994,2.883794,2.459180,2.753639,3.085148,2.834181,2.056795
61.859824,0.114165,2.413594,2.686803,3.415031,4.395754,3.186864,4.226109,3.622814,3.411414,3.443963,3.318701,3.143795,3.491963,3.361441,3.713226,3.583362,2.906346,3.600613,3.213047,3.649904,2.899902,3.098679,2.019102,2.568716,3.870588,3.583860,2.870585,2.518459,2.833859,3.077416,2.879606,2.103509
61.433351,0.105617,2.418855,2.683516,3.475525,4.388193,3.176015,4.226109,3.624129,3.431798,3.485059,3.276947,3.137548,3.501826,3.360126,3.721774,3.580731,2.900547,3.619298,3.184697,3.694041,2.919232,3.107699,2.147646,2.609309,3.881863,3.578383,2.881861,2.526835,2.911178,3.093524,2.914078,2.117363
61.680920,0.118768,2.451732,2.683187,3.467963,4.384247,3.184234,4.228410,3.668185,3.438374,3.504128,3.309167,3.121439,3.506758,3.362428,3.732295,3.602430,2.912467,3.636373,3.167300,3.733989,2.965302,3.173099,2.160855,2.741075,3.877031,3.574195,2.896681,2.576126,2.934696,3.118331,2.956281,2.115107
61.961563,0.112192,2.460280,2.688118,3.481443,4.382275,3.169439,4.228410,3.683637,3.452182,3.527142,3.299632,3.106315,3.509717,3.359469,3.732952,3.627088,2.932441,3.731412,3.178576,3.784569,2.998163,3.257184,2.207891,2.938884,3.885085,3.602546,2.910534,2.602222,3.021681,3.186630,3.014593,2.212724
63.900675,0.121398,2.464883,2.718694,3.508402,4.371425,3.148727,4.216903,3.655362,3.438045,3.538320,3.315413,3.093822,3.518594,3.348290,3.729336,3.622485,2.936629,3.818397,3.203060,3.870910,3.064851,3.328705,2.218523,3.034568,3.876386,3.628641,2.923098,2.722067,3.067751,3.218846,3.050998,2.378317
62.231286,0.093781,2.469157,2.706530,3.532073,4.365179,3.147083,4.209341,3.643198,3.464675,3.555745,3.271687,3.070479,3.536019,3.338099,3.732952,3.638924,2.936629,3.925034,3.189207,3.910536,3.113176,3.330316,2.329992,3.093202,3.857379,3.617043,2.916333,2.860598,3.082570,3.324194,3.077093,2.547131
58.512678,0.081617,2.452718,2.752557,3.528786,4.348740,3.103685,4.197177,3.632348,3.452182,3.550156,3.141822,3.072780,3.483744,3.300290,3.707966,3.626102,2.922454,3.978191,3.238176,3.937598,3.092235,3.315174,2.368007,3.260406,3.839660,3.609311,2.976900,2.995908,3.063885,3.393138,3.060663,2.605443
60.945342,0.114494,2.469814,2.755516,3.478155,4.330329,2.976122,4.178437,3.547197,3.399250,3.495580,3.186864,3.061273,3.481443,3.273659,3.681993,3.578101,2.919232,4.039725,3.332893,3.958217,3.139594,3.360921,2.379283,3.394427,3.841915,3.627352,3.102545,3.075483,3.051642,3.398615,3.075805,2.756861
56.010779,0.129617,2.454033,2.736448,3.526484,4.317178,2.959354,4.162985,3.554430,3.373606,3.485388,3.097767,2.940615,3.447908,3.251303,3.682979,3.602102,2.913433,4.064853,3.433409,3.991078,3.163756,3.395071,2.488819,3.483022,3.812598,3.601257,3.156346,3.099967,3.028769,3.411501,3.050354,2.838369
50.557901,0.159536,2.474417,2.724612,3.468621,4.269177,2.810092,4.118272,3.456127,3.317057,3.383798,3.209220,2.935025,3.397935,3.149055,3.618869,3.567909,2.948872,4.082250,3.479478,4.027160,3.163434,3.452416,2.571938,3.580961,3.839660,3.617365,3.202094,3.130895,3.040689,3.389916,3.067106,2.906024
42.083920,0.179920,2.470143,2.710475,3.394976,4.218876,2.682200,4.077833,3.425223,3.257878,3.330866,3.184891,2.882093,3.336783,3.084616,3.580403,3.522868,2.907312,4.123165,3.514272,4.067753,3.204993,3.489788,2.520391,3.643461,3.839337,3.642816,3.290689,3.173099,3.184375,3.382829,3.070972,3.025225
31.838256,0.226276,2.505322,2.759133,3.349277,4.191259,2.594090,4.033778,3.423579,3.165165,3.344016,3.162206,2.936998,3.296345,3.060616,3.556074,3.485388,2.914078,4.161181,3.542945,4.114467,3.187596,3.512984,2.534567,3.717559,3.862856,3.624453,3.405058,3.244620,3.238176,3.383795,3.115431,3.179864
22.338692,0.201290,2.679899,2.909052,3.411743,4.188300,2.454033,4.013723,3.403853,3.207577,3.385113,3.108945,3.153658,3.341058,3.063246,3.572512,3.439360,3.018459,4.185021,3.676966,4.203063,3.386372,3.548744,2.598033,3.770072,3.845781,3.669556,3.437597,3.287145,3.274581,3.445007,3.273937,3.340303
-6.668258,0.163481,2.806147,3.056671,3.504785,4.246492,2.650310,4.086381,3.465990,3.291742,3.491306,3.295358,3.350921,3.536676,3.147740,3.752021,3.476511,3.228511,4.156349,3.829028,4.262019,3.619298,3.674389,2.961758,3.839337,3.892495,3.874776,3.461115,3.362210,3.361888,3.560020,3.366076,3.481411
-26.902537,0.236468,3.212179,3.216453,3.512347,4.434220,3.018862,4.174820,3.642212,3.332181,3.532402,3.561334,3.509388,3.508073,3.371633,3.948297,3.542265,3.733023,4.159570,4.095781,4.310344,3.821296,3.890562,3.160212,3.863822,4.155382,4.218527,3.627675,3.498164,3.427287,3.775549,3.561308,3.834827
-30.492211,0.287757,3.558375,3.472895,3.780295,4.546331,3.479470,4.337562,3.920352,3.548183,3.625444,3.680020,3.555416,3.532073,3.560348,4.079806,3.804296,4.060665,4.226581,4.225614,4.391852,4.026194,4.017495,3.634762,4.132186,4.304223,4.359957,3.712082,3.767817,3.675999,3.996232,3.866722,4.078384
-34.740101,0.269346,3.574814,3.504457,3.789501,4.543044,3.451196,4.333617,3.892406,3.560676,3.613937,3.717500,3.614266,3.532731,3.531745,4.024572,3.826652,4.041013,4.205640,4.293591,4.415692,4.072585,4.082895,3.637984,4.196941,4.323875,4.304867,3.599002,3.803255,3.702739,4.011696,3.933410,4.132508
-43.965261,0.249619,3.630376,3.562649,3.818104,4.554550,3.555745,4.357617,3.922324,3.622157,3.659308,3.788843,3.714870,3.602430,3.557389,4.061394,3.918050,4.096104,4.201774,4.324519,4.424391,4.143462,4.137019,3.717881,4.241723,4.348682,4.305189,3.495587,3.815175,3.730123,4.027804,3.999132,4.178256
-49.887236,0.185180,3.665226,3.576129,3.849008,4.563427,3.689226,4.381946,3.981503,3.702377,3.732295,3.848022,3.753665,3.648458,3.552128,4.108737,3.959147,4.152805,4.200163,4.336117,4.411826,4.169235,4.122521,3.733989,4.246233,4.378643,4.325808,3.573551,3.802288,3.722713,4.012985,4.030704,4.177612
-53.067103,0.123042,3.665554,3.589280,3.867091,4.568030,3.785884,4.393124,3.998599,3.748733,3.754980,3.849995,3.760898,3.693171,3.548512,4.134381,3.965065,4.179545,4.192753,4.330962,4.400228,4.185343,4.122521,3.734311,4.251065,4.393463,4.347071,3.627997,3.809698,3.737533,4.019106,4.034248,4.185021
-54.468331,0.099042,3.646157,3.588951,3.865118,4.560797,3.791474,4.392138,3.978873,3.751364,3.757939,3.852296,3.764514,3.691198,3.528786,4.131423,3.950927,4.190176,4.189532,4.326130,4.387986,4.194042,4.118977,3.720136,4.235601,4.400550,4.348037,3.636051,3.808410,3.739466,4.010085,4.030704,4.173101
-55.047524,0.087863,3.610978,3.589937,3.883858,4.556852,3.785227,4.388193,3.979202,3.725391,3.772076,3.852954,3.772734,3.682650,3.513333,4.123532,3.951585,4.180189,4.166658,4.314210,4.363179,4.182122,4.108346,3.678255,4.204673,4.399584,4.337084,3.588048,3.789724,3.702095,4.005253,4.026516,4.164403
-57.001930,0.057945,3.580731,3.559690,3.883529,4.549290,3.769446,4.382275,3.925612,3.719473,3.765829,3.868077,3.773391,3.655362,3.480456,4.109724,3.953229,4.167624,4.144428,4.319042,4.352870,4.174068,4.099325,3.648293,4.188243,4.396362,4.346104,3.580316,3.763306,3.667301,3.993333,4.012018,4.143140
-58.287712,0.003040,3.529772,3.514977,3.862817,4.539427,3.716185,4.373727,3.906543,3.726377,3.726377,3.864789,3.720459,3.633992,3.465004,4.095587,3.928242,4.156026,4.131220,4.308089,4.333862,4.146684,4.100292,3.609955,4.174712,4.407316,4.329996,3.517494,3.743976,3.637984,3.993333,4.002998,4.138307
-59.172269,0.011259,3.476182,3.475525,3.860187,4.532523,3.690541,4.387206,3.878598,3.663910,3.700404,3.843091,3.662924,3.603745,3.417004,4.069942,3.932845,4.136052,4.097070,4.293269,4.298746,4.114145,4.094171,3.540690,4.149583,4.414726,4.333540,3.475935,3.674389,3.584182,3.978513,3.984956,4.105446
-59.996364,-0.040029,3.449881,3.454155,3.819748,4.517399,3.683308,4.393782,3.878927,3.660294,3.683966,3.828296,3.624129,3.596512,3.390044,4.055805,3.920023,4.121877,4.070652,4.284248,4.277805,4.096426,4.069686,3.473035,4.133475,4.406994,4.313243,3.484311,3.600935,3.575162,3.963693,3.965626,4.094493
-61.485407,-0.058440,3.411086,3.423250,3.794433,4.506221,3.675417,4.392795,3.861173,3.656678,3.680678,3.815145,3.621828,3.554430,3.354866,4.034435,3.927913,4.105446,4.022650,4.278772,4.256542,4.077740,4.057121,3.404092,4.110923,4.407316,4.311955,3.480123,3.554865,3.554221,3.952095,3.929866,4.070008
-62.795903,-0.076523,3.330537,3.425552,3.764186,4.488796,3.668513,4.381288,3.863146,3.637609,3.681335,3.807912,3.588951,3.503799,3.310482,4.007147,3.912461,4.086116,3.975936,4.264274,4.235601,4.062276,4.041658,3.359955,4.080640,4.405383,4.287470,3.481733,3.524904,3.520393,3.929866,3.894428,4.039402
-62.958441,-0.105784,3.235522,3.393003,3.715528,4.475646,3.657335,4.373069,3.846707,3.611965,3.631691,3.782597,3.561663,3.465662,3.256563,3.988407,3.904242,4.065820,3.939209,4.258153,4.208539,4.058410,4.028449,3.347390,4.053256,4.401195,4.279738,3.520393,3.495909,3.512984,3.929222,3.881541,4.005575
-64.563380,-0.090331,3.184234,3.349934,3.676733,4.471700,3.645499,4.366822,3.796734,3.563964,3.623143,3.761555,3.531087,3.403853,3.224344,3.973941,3.897995,4.041658,3.908925,4.241078,4.180833,4.030704,4.008474,3.309375,4.024583,4.392818,4.263952,3.564530,3.458215,3.510728,3.930510,3.862211,3.984634
-64.743400,-0.116304,3.104014,3.323961,3.650431,4.454275,3.633664,4.364521,3.805611,3.541608,3.600458,3.730980,3.481771,3.339414,3.180946,3.946653,3.906215,4.014918,3.868332,4.221748,4.152805,4.006864,3.973358,3.270071,3.992688,4.391207,4.262663,3.574195,3.410535,3.489788,3.915046,3.838693,3.950485
-65.785972,-0.125181,3.018862,3.300290,3.636623,4.443426,3.617883,4.355973,3.784898,3.509388,3.595526,3.711253,3.470264,3.283523,3.122096,3.923639,3.874981,3.969815,3.820007,4.175034,4.108668,3.979480,3.938242,3.234955,3.954028,4.383153,4.259119,3.636695,3.356089,3.433731,3.889917,3.792946,3.918268
-65.422871,-0.190936,2.936669,3.263139,3.599143,4.443755,3.595197,4.339863,3.762871,3.486045,3.571197,3.684623,3.404182,3.237166,3.106315,3.892077,3.870707,3.930833,3.771038,4.135086,4.072263,3.959827,3.911825,3.160534,3.933088,4.376710,4.269429,3.636051,3.278447,3.429220,3.883152,3.769105,3.896039
-65.405432,-0.226772,2.805490,3.204946,3.568567,4.437837,3.577115,4.322767,3.712897,3.431798,3.542594,3.666541,3.347633,3.179631,3.081328,3.859529,3.864132,3.891850,3.706927,4.117689,4.045524,3.937276,3.885407,3.125740,3.897649,4.376066,4.274583,3.621876,3.251707,3.425677,3.880897,3.754286,3.834505
-65.088779,-0.244855,2.666419,3.128672,3.512347,4.424686,3.558375,4.312246,3.689226,3.373935,3.536019,3.617883,3.315742,3.071137,3.052725,3.829940,3.874981,3.849647,3.629930,4.112212,4.016851,3.904093,3.801966,3.057764,3.865755,4.376066,4.274906,3.607056,3.215947,3.387983,3.861889,3.718847,3.786502
-64.677133,-0.356308,2.480664,3.081986,3.475525,4.408576,3.524512,4.291534,3.672787,3.312126,3.503799,3.541937,3.260837,3.002095,2.972505,3.781282,3.829940,3.830639,3.524904,4.093848,3.987534,3.891528,3.755896,3.000418,3.838049,4.366401,4.283604,3.577095,3.111243,3.374130,3.846747,3.664724,3.786502
-64.057616,-0.455598,2.396827,2.976122,3.395962,4.389508,3.478155,4.264246,3.643527,3.300290,3.493278,3.511032,3.221056,2.893600,2.883737,3.712897,3.837173,3.821296,3.453383,4.090949,3.957894,3.894106,3.722713,2.934374,3.801644,4.367367,4.291658,3.536824,2.970135,3.363499,3.861889,3.632507,3.732701
-63.340375,-0.498667,2.353101,2.872559,3.314098,4.393782,3.450209,4.237616,3.584348,3.272016,3.453168,3.475854,3.175686,2.806805,2.833435,3.677390,3.800679,3.812920,3.403125,4.113178,3.943397,3.907637,3.700162,2.813562,3.779415,4.380576,4.285215,3.526192,2.888949,3.359633,3.876064,3.610922,3.730768
-63.180368,-0.565079,2.347840,2.808120,3.291413,4.392795,3.438702,4.216574,3.554759,3.240782,3.411743,3.444620,3.106973,2.803188,2.829161,3.633664,3.802323,3.794234,3.334504,4.118011,3.907959,3.908603,3.652803,2.790044,3.732056,4.384120,4.283926,3.516205,2.780379,3.344169,3.862856,3.553899,3.673100
-62.751463,-0.643656,2.284716,2.747626,3.255906,4.396083,3.426867,4.197505,3.513333,3.180289,3.365715,3.393661,3.065547,2.751900,2.792996,3.599800,3.800679,3.749775,3.286501,4.129609,3.867366,3.886374,3.616721,2.637015,3.677610,4.378643,4.271362,3.479800,2.728833,3.327094,3.850935,3.532313,3.635729
-62.617274,-0.696917,2.239346,2.655241,3.169110,4.395097,3.412401,4.176793,3.448894,3.130644,3.317386,3.327578,2.976451,2.760119,2.782804,3.575471,3.767145,3.666979,3.238176,4.102547,3.815819,3.857057,3.558731,2.577415,3.638950,4.363179,4.256542,3.463692,2.642170,3.299388,3.817752,3.457893,3.574839
-61.707557,-0.713685,2.171290,2.606254,3.091849,4.390823,3.412401,4.160026,3.391688,3.085931,3.293715,3.264783,2.954752,2.711132,2.768667,3.567581,3.739199,3.630574,3.220779,4.137663,3.790046,3.828062,3.529736,2.542299,3.615110,4.339661,4.238823,3.449195,2.583858,3.279091,3.797134,3.442429,3.546489
-61.364043,-0.677848,2.103892,2.575350,3.060945,4.383261,3.395305,4.130107,3.367030,3.027410,3.265769,3.241769,2.869600,2.560555,2.734804,3.540621,3.726048,3.571940,3.145715,4.141851,3.749131,3.818074,3.489788,2.471745,3.580638,4.312277,4.223359,3.407958,2.570971,3.255573,3.769105,3.443396,3.507507
-61.752279,-0.657464,2.104878,2.532938,3.016232,4.376028,3.380181,4.109395,3.326592,3.010643,3.266098,3.183247,2.789380,2.480335,2.745653,3.528457,3.694486,3.528125,3.103833,4.139274,3.724002,3.824518,3.448228,2.409889,3.550355,4.319687,4.214016,3.397970,2.540688,3.248163,3.762662,3.441141,3.499130
-61.548709,-0.725849,2.042741,2.411293,2.934368,4.376357,3.350592,4.090984,3.285166,2.956396,3.233878,3.151357,2.744996,2.464883,2.718365,3.502813,3.680678,3.494620,3.063563,4.152483,3.695007,3.815819,3.438885,2.380894,3.555832,4.320653,4.215627,3.394104,2.505894,3.233988,3.762340,3.438241,3.505574
-59.671565,-0.661738,2.012822,2.381704,2.924834,4.371754,3.336455,4.073559,3.277933,2.901820,3.191138,3.074753,2.701269,2.535240,2.803846,3.528128,3.713555,3.470780,2.962725,4.134119,3.649582,3.807765,3.414723,2.322582,3.557442,4.327419,4.199519,3.383151,2.514915,3.219813,3.751386,3.410857,3.475935
-58.612908,-0.640039,1.986192,2.321539,2.855792,4.372740,3.315413,4.058435,3.288783,2.867627,3.143795,3.032013,2.639789,2.511897,2.863025,3.550813,3.693500,3.464659,2.888304,4.143140,3.635084,3.802288,3.382829,2.204025,3.538435,4.325486,4.160215,3.386372,2.511693,3.189529,3.741721,3.401192,3.415045
-56.584113,-0.530229,1.976658,2.292935,2.792668,4.360247,3.269385,4.009120,3.272673,2.779517,3.098096,3.004067,2.584884,2.456335,2.891956,3.546539,3.636951,3.451128,2.777480,4.141529,3.613821,3.780059,3.381218,1.993651,3.472713,4.302612,4.144751,3.397970,2.474000,3.141527,3.708216,3.356089,3.398293
-55.650981,-0.455927,1.885588,2.194962,2.635844,4.341178,3.161549,3.960133,3.215467,2.663461,3.038259,2.920559,2.489869,2.414910,2.829161,3.506758,3.609992,3.352223,2.587402,4.101258,3.514272,3.728512,3.343847,1.812594,3.378318,4.265563,4.116722,3.373486,2.486886,3.094168,3.654092,3.354800,3.360921
-53.353558,-0.367158,1.840217,2.129865,2.578309,4.324411,3.081657,3.905886,3.201330,2.525377,2.999793,2.919244,2.448773,2.464225,2.835408,3.478484,3.610978,3.307120,2.507827,4.059054,3.426965,3.667301,3.276514,1.680506,3.301643,4.230125,4.081284,3.370586,2.488175,3.016849,3.610278,3.362532,3.272004
-52.155192,-0.275759,1.864218,2.118358,2.606912,4.307644,2.970204,3.857228,3.150699,2.466198,2.980725,2.900176,2.464883,2.499733,2.896888,3.471580,3.599471,3.264916,2.480765,4.001709,3.367365,3.586759,3.211437,1.582890,3.216591,4.203063,4.061310,3.383151,2.514915,2.878962,3.549066,3.302287,3.234310
-49.738698,-0.193895,1.934246,2.148276,2.624666,4.301068,2.922861,3.843748,3.175686,2.502034,2.988286,2.901491,2.495459,2.615460,2.899189,3.443634,3.575142,3.211437,2.465946,3.964982,3.301321,3.549388,3.164400,1.513303,3.144748,4.177289,4.046490,3.406347,2.501384,2.819039,3.496231,3.283602,3.186952
-41.502861,-0.175483,1.964164,2.213044,2.650967,4.276410,2.849545,3.790158,3.203303,2.573706,3.029711,2.917601,2.610200,2.689762,2.921875,3.415360,3.527471,3.117686,2.445971,3.905381,3.221424,3.425677,3.124130,1.275223,3.002351,4.149905,4.009119,3.402803,2.495585,2.763626,3.448550,3.260084,3.144426
-24.444735,0.044137,1.884602,2.137098,2.508938,4.203095,2.601980,3.730651,3.175686,2.385320,2.981711,2.882422,2.687461,2.718365,2.871573,3.260509,3.286153,2.926320,2.338046,3.736244,3.020715,3.152480,3.060341,0.017168,2.754284,4.046168,3.881541,3.350612,2.428574,2.520714,3.259439,3.086436,2.881217
-15.366347,0.115480,1.835615,2.065755,2.375457,4.141614,2.349813,3.686924,3.088890,2.333703,2.997821,2.915299,2.676940,2.660830,2.736776,3.160234,3.074096,2.772003,2.277801,3.433731,2.733665,2.685985,2.945650,0.013624,2.531345,3.983346,3.769750,3.326450,2.111241,2.160533,3.011050,2.858987,2.723678
1.435918,0.086877,1.836601,2.017754,2.321539,4.143916,2.317593,3.732295,3.073438,2.403074,3.031027,3.012287,2.766695,2.656885,2.717050,3.142809,3.014588,2.725289,2.286177,3.402481,2.579026,2.498162,2.885405,0.013624,2.308407,3.977869,3.771683,3.319040,1.835468,1.990107,2.934374,2.931797,2.722067
15.738627,-0.352034,1.752107,1.784655,2.426745,4.138984,2.318251,3.705993,2.985656,2.737434,3.075411,3.073109,2.798914,2.669707,2.715406,3.169768,2.983026,2.671487,2.291332,3.453383,2.650869,2.366396,2.895714,0.013302,1.847388,3.946296,3.696618,3.250419,1.541975,1.832568,2.872196,2.703381,2.417943
22.341540,-0.356637,1.715942,1.664325,2.416553,4.140957,2.316607,3.696130,2.941272,2.701598,3.084945,3.069822,2.786421,2.694036,2.838038,3.205604,2.984341,2.815173,2.254605,3.628641,2.755894,2.492041,3.028769,0.014913,1.398290,3.938564,3.648937,3.152802,1.511370,1.871873,2.800031,2.605121,2.307762
30.090773,-0.470393,1.722188,1.605803,2.337977,4.152793,2.442198,3.735583,3.033985,2.891299,3.104014,3.036287,2.799572,2.695351,2.874532,3.273002,3.046150,2.838691,2.183406,3.661502,2.890882,2.593845,3.096746,0.012335,0.921807,3.926644,3.601257,3.080959,1.592233,1.934373,2.696616,2.575804,2.270713
33.346974,-0.480256,1.742901,1.607776,2.406033,4.164957,2.536555,3.816460,3.060616,2.928450,3.108288,3.034314,2.825216,2.790037,2.940286,3.304235,3.108616,2.832248,2.197582,3.675677,2.923098,2.596423,3.197906,0.014913,0.682761,3.908925,3.557765,3.022648,1.437272,1.925352,2.656345,2.532634,2.173742
35.822101,-0.528914,1.711668,1.586735,2.391238,4.159697,2.541486,3.802981,3.052068,2.970533,3.133603,3.012287,2.785106,2.787407,2.896559,3.303249,3.143795,2.825482,2.165687,3.641206,2.801642,2.483665,3.099645,0.014913,0.432438,3.865111,3.512984,3.015882,1.320003,1.821615,2.589979,2.471100,1.968200
36.847182,-0.502284,1.712654,1.583118,2.368224,4.184355,2.575021,3.818433,3.069164,2.953437,3.109932,2.998807,2.786092,2.788394,2.947847,3.313112,3.158918,2.766526,2.114785,3.615432,2.752673,2.478510,2.878317,0.013302,0.516201,3.851580,3.471102,2.973356,1.091266,1.759115,2.548098,2.266525,1.593200
38.409671,-0.489790,1.718572,1.600872,2.376443,4.190273,2.582912,3.827638,3.068835,2.944560,3.143795,2.994533,2.780832,2.803846,2.929765,3.316071,3.156617,2.806474,2.144424,3.610600,2.830959,2.475288,2.895714,0.013302,0.795519,3.856090,3.466270,2.983021,1.112851,1.787465,2.572582,2.274901,1.550029
36.092085,-0.441461,1.707723,1.581145,2.333374,4.195204,2.577980,3.797391,3.057328,2.900504,3.139192,2.938642,2.749927,2.831463,2.951464,3.334482,3.236180,2.800353,2.233342,3.563886,2.927287,2.429863,2.859632,0.013624,1.026189,3.867366,3.474324,2.986243,1.222387,1.815816,2.622840,2.276190,1.551318
40.335859,-0.280033,1.719887,1.647229,2.402745,4.201779,2.589487,3.852625,3.117822,2.776558,3.132617,2.962971,2.726585,2.807133,2.946532,3.327578,3.248015,2.819683,2.393780,3.554543,3.012983,2.503961,2.873163,0.014268,1.103508,3.866722,3.491076,2.935018,1.472710,1.892169,2.640559,2.323871,1.540687
44.469251,-0.321787,1.735339,1.687010,2.483623,4.227095,2.634200,3.887803,3.168782,2.948176,3.126041,3.048780,2.915299,2.863353,2.957382,3.355523,3.259522,2.789400,2.586758,3.547455,3.136050,2.551642,2.933730,0.014590,0.715622,3.855768,3.468847,2.901835,1.591267,1.959179,2.608987,2.254283,1.551318
44.041593,-0.345130,1.713640,1.613694,2.451732,4.215917,2.631241,3.878598,3.156946,2.929765,3.118808,3.020835,2.900833,2.848887,2.957711,3.360784,3.271687,2.787789,2.582569,3.547133,3.171166,2.550675,2.924065,0.013946,0.670841,3.839337,3.444684,2.893459,1.554862,1.987852,2.583536,2.190172,1.517491
46.188303,-0.173182,1.722517,1.632105,2.459294,4.203423,2.629597,3.911475,3.155631,2.824887,3.083630,3.051739,2.908395,2.859737,2.969875,3.361113,3.300947,2.780057,2.636371,3.528770,3.220779,2.570327,2.890560,0.012657,0.753315,3.835149,3.425354,2.900869,1.673097,2.019746,2.575482,2.194038,1.485274
48.454611,-0.093290,1.715942,1.620269,2.560226,4.224465,2.675625,3.916078,3.206919,2.843298,3.104342,3.054369,2.910039,2.893600,2.952121,3.368674,3.309167,2.776191,2.683407,3.473035,3.207571,2.532312,2.879928,0.013302,0.886047,3.829350,3.430509,2.911178,1.670197,2.040687,2.612853,2.347389,1.406666
48.711262,-0.097564,1.768874,1.691284,2.587514,4.233341,2.691406,3.935146,3.216782,2.905765,3.090205,3.072452,2.944231,2.872888,2.931080,3.384784,3.293715,2.796165,2.688562,3.386050,3.229800,2.502672,2.888949,0.013946,1.057761,3.811631,3.426643,2.917299,1.695004,2.066460,2.615108,2.354798,1.416653
49.124154,-0.043317,1.793532,1.751120,2.650638,4.226109,2.724612,3.935475,3.178316,2.911354,3.106644,3.065876,2.941272,2.886367,2.937656,3.377551,3.381168,2.787467,2.822583,3.274259,3.225290,2.495263,2.871552,0.013302,1.170197,3.821618,3.455316,2.910534,1.699514,2.026512,2.640237,2.365430,1.485919
49.758422,-0.022275,1.913862,1.845149,2.720995,4.246164,2.727900,3.952900,3.234536,2.927135,3.114863,3.084616,3.032670,2.927135,2.960670,3.408456,3.438045,2.760405,2.886371,3.265560,3.288756,2.562273,2.852544,0.013624,1.454669,3.832250,3.484311,2.902802,1.789720,2.066783,2.706603,2.384116,1.502027
52.254347,-0.009125,1.912547,1.860930,2.750914,4.252410,2.761763,3.962106,3.229275,2.930423,3.142809,3.078041,2.997492,2.957382,2.967903,3.421278,3.434428,2.728188,2.908601,3.198872,3.301965,2.514915,2.838047,0.012980,1.526511,3.801322,3.437919,2.915044,1.840300,2.098355,2.739464,2.344167,1.446614
53.990860,0.021451,1.920438,1.873423,2.781489,4.249122,2.763736,3.983476,3.238810,2.905765,3.146754,3.074753,2.987629,2.963957,2.991903,3.441661,3.445607,2.788111,2.908279,3.177287,3.298421,2.555185,2.873485,0.015557,1.635081,3.807443,3.470780,2.926964,1.836112,2.133149,2.765559,2.435662,1.503316
55.280132,-0.002549,1.944109,1.995397,2.827517,4.277397,2.815024,4.021613,3.244728,2.952779,3.193439,3.104671,3.001437,3.029383,3.006040,3.475196,3.443634,2.755572,3.109632,3.191462,3.344491,2.569038,2.931152,0.022644,1.858986,3.814208,3.491721,2.904091,2.004605,2.274257,2.844812,2.435984,1.440171
57.454232,0.029999,1.986849,2.113426,2.882093,4.292191,2.838367,4.055148,3.340071,2.969218,3.229933,3.133932,3.020506,3.079685,3.014917,3.502813,3.460073,2.821294,3.156346,3.171810,3.351901,2.570971,2.966913,0.366072,1.931473,3.814531,3.468203,2.868652,2.104154,2.331603,2.875740,2.474000,1.506215
59.048499,0.055972,2.025316,2.157810,2.935354,4.289561,2.845600,4.093614,3.363743,2.998478,3.235522,3.137548,3.036944,3.103356,3.053383,3.540950,3.455141,2.820328,3.265883,3.156346,3.375741,2.556152,3.000418,0.717555,2.014592,3.844492,3.490432,2.828704,2.242685,2.388948,2.906024,2.540044,1.623805
60.557127,0.062877,2.034521,2.218962,3.030369,4.311589,2.873874,4.112025,3.364400,3.094808,3.252618,3.210864,3.060616,3.135576,3.093822,3.556074,3.486374,2.843201,3.286501,3.149903,3.413757,2.543587,3.039400,1.188882,2.070649,3.818719,3.502352,2.816462,2.311306,2.516203,2.993975,2.634116,1.678251
61.035319,0.087863,2.016110,2.216989,3.072780,4.301397,2.852833,4.121888,3.419305,3.106315,3.266755,3.199357,3.063246,3.144781,3.097109,3.567581,3.481443,2.814529,3.298099,3.078382,3.426965,2.570005,3.042300,1.315815,2.235597,3.803899,3.498808,2.837724,2.329992,2.532634,3.026513,2.641204,1.643135
61.564908,0.135207,2.043727,2.247894,3.111575,4.313890,2.849545,4.145560,3.464018,3.130973,3.263468,3.242426,3.096123,3.177001,3.126041,3.570211,3.501826,2.797132,3.347390,3.054220,3.442107,2.485920,3.055508,1.381537,2.332891,3.804866,3.480123,2.817750,2.437273,2.594490,3.016526,2.614464,1.643780
61.827877,0.202605,1.998685,2.305429,3.169768,4.314219,2.880121,4.160683,3.460073,3.120781,3.295030,3.265769,3.095794,3.191796,3.143466,3.584348,3.505443,2.835469,3.437919,3.055186,3.475612,2.572260,3.066140,1.562594,2.403445,3.810343,3.508473,2.798098,2.493652,2.637660,3.050032,2.626384,1.605120
61.306151,0.225290,2.150906,2.454362,3.298317,4.330000,2.935683,4.183040,3.525169,3.186206,3.318701,3.332838,3.123740,3.249659,3.183247,3.602102,3.501169,2.838691,3.500419,3.085148,3.534891,2.652801,3.091269,1.808084,2.514915,3.819363,3.529736,2.810018,2.483342,2.726255,3.144748,2.710147,1.773934
60.736781,0.218057,2.262689,2.604282,3.382483,4.350055,2.999136,4.197834,3.529443,3.238810,3.339085,3.344016,3.135247,3.318044,3.215796,3.630047,3.504785,2.825160,3.508795,3.052931,3.549066,2.717235,3.094490,1.831924,2.580959,3.830639,3.515561,2.793588,2.506538,2.724644,3.156668,2.733987,1.679218
61.766879,0.138823,2.361320,2.687790,3.387414,4.364850,3.040561,4.203423,3.559690,3.309167,3.365387,3.346647,3.156617,3.347304,3.243741,3.662924,3.550485,2.860920,3.627675,3.104155,3.649582,2.837402,3.146359,1.897324,2.718523,3.819685,3.525870,2.800998,2.517170,2.856410,3.195650,2.870263,1.786821
60.726835,0.145398,2.371841,2.694365,3.352564,4.359589,3.046808,4.196848,3.584019,3.300619,3.370976,3.344345,3.142809,3.364729,3.232563,3.660623,3.563635,2.873163,3.737855,3.120586,3.685664,2.954993,3.206926,1.957891,2.807441,3.845136,3.571940,2.788111,2.554541,2.937274,3.234632,2.958214,2.013303
59.548601,0.150659,2.391238,2.703899,3.384126,4.354000,3.044177,4.190601,3.584677,3.330866,3.384455,3.332838,3.143795,3.366044,3.231248,3.667856,3.572512,2.871874,3.803899,3.112854,3.697585,2.981410,3.231089,2.028445,2.926320,3.867688,3.559053,2.843523,2.573871,2.921165,3.299388,2.989464,2.049064
59.907121,0.154933,2.461266,2.731845,3.391031,4.348411,2.968560,4.188629,3.582047,3.319687,3.395305,3.370976,3.133274,3.358482,3.222371,3.668513,3.562649,2.835791,3.854801,3.098034,3.727546,2.999452,3.267816,2.053574,3.057119,3.864466,3.534569,2.855444,2.653768,2.907312,3.307120,3.002029,2.118007
58.631776,0.152960,2.443184,2.726256,3.437059,4.345452,2.960012,4.182053,3.595855,3.326263,3.398264,3.345003,3.127685,3.343688,3.218426,3.665554,3.578759,2.831926,3.927289,3.157313,3.736244,3.024258,3.284246,2.184373,3.143137,3.829995,3.527803,2.939851,2.772003,2.907957,3.298743,2.991075,2.215623
56.255045,0.151316,2.500061,2.792339,3.420949,4.330986,2.882751,4.165615,3.551471,3.307523,3.399907,3.314098,3.095466,3.331852,3.174042,3.635636,3.581389,2.817106,3.947585,3.175354,3.749131,3.029091,3.304865,2.282633,3.266849,3.783603,3.518460,3.012338,2.811951,2.855121,3.279736,2.971101,2.198548
53.632312,0.175646,2.512226,2.796613,3.395305,4.329671,2.850202,4.153450,3.542265,3.274975,3.396949,3.317057,3.091192,3.317386,3.145768,3.644513,3.594540,2.838691,4.013951,3.255251,3.803899,3.056153,3.347390,2.295842,3.345457,3.765239,3.537790,3.027802,2.907957,2.845134,3.292300,3.028124,2.329347
51.925198,0.210167,2.506308,2.777873,3.396291,4.302383,2.779517,4.129779,3.508073,3.224673,3.434100,3.268399,3.087246,3.302591,3.115192,3.606376,3.580403,2.814851,4.038114,3.282313,3.832250,3.021037,3.356411,2.378639,3.425999,3.772005,3.529092,3.066140,2.914078,2.798742,3.266205,3.034890,2.480443
45.624337,0.205893,2.529979,2.780832,3.413716,4.285287,2.744338,4.113669,3.493936,3.215138,3.422593,3.189823,3.032999,3.253276,3.097109,3.580403,3.582375,2.848034,4.097714,3.324517,3.876709,3.081604,3.416978,2.413433,3.549388,3.783281,3.560986,3.119619,2.936629,2.872841,3.290045,3.011372,2.572582
39.604349,0.197673,2.611186,2.845600,3.406154,4.258657,2.680557,4.073559,3.509717,3.207248,3.389058,3.143137,3.053383,3.212508,3.059630,3.557060,3.584348,2.892170,4.128320,3.473679,3.954028,3.176320,3.440496,2.382183,3.673422,3.804866,3.629930,3.161823,2.996874,3.047132,3.351579,3.069362,2.780057
30.363948,0.128631,2.826860,2.993875,3.610321,4.285616,2.737763,4.069614,3.529114,3.275303,3.511690,3.200344,3.191467,3.235193,3.065219,3.670815,3.630376,2.986565,4.190176,3.639273,4.065176,3.449839,3.570973,2.445327,3.827417,3.832894,3.759762,3.243009,3.163756,3.271037,3.489143,3.217880,3.149903
10.117997,-0.033125,3.070150,3.183247,3.804624,4.385562,2.859408,4.121888,3.655362,3.493936,3.632348,3.349934,3.362756,3.376894,3.204946,3.802323,3.712240,3.204349,4.205962,3.907314,4.237212,3.724324,3.888307,2.656345,3.972714,3.887984,3.834827,3.328705,3.336115,3.385406,3.635407,3.399259,3.479478
-13.909877,-0.099537,3.367030,3.463360,3.874324,4.461508,3.220070,4.282986,3.814488,3.671801,3.687911,3.578430,3.703034,3.695801,3.384455,3.996627,3.837501,3.495587,4.172779,4.138629,4.340305,3.976902,4.071941,2.987531,4.067109,4.121877,3.978513,3.386372,3.559375,3.494620,3.871554,3.666657,3.873487
-17.022239,-0.019974,3.512347,3.441661,3.839803,4.468084,3.285495,4.313562,3.793775,3.643855,3.656678,3.732952,3.661609,3.645828,3.522539,3.945667,3.826652,3.766850,4.139596,4.211761,4.357380,4.044557,4.094171,3.067429,4.096104,4.255253,4.113501,3.408924,3.649260,3.617365,3.988178,3.835149,4.026516
-17.047604,-0.034440,3.509717,3.455470,3.842762,4.467426,3.296345,4.337233,3.820077,3.686924,3.725719,3.802323,3.711582,3.646814,3.544895,3.978544,3.873337,3.779737,4.103191,4.163114,4.343205,3.991078,4.069364,3.061952,4.104158,4.257831,4.117689,3.348035,3.629285,3.601901,3.991078,3.854479,4.029737
-9.020754,-0.060413,3.495909,3.452840,3.841118,4.457563,3.282865,4.346767,3.860515,3.709281,3.777008,3.841447,3.729993,3.643527,3.536676,4.002216,3.873666,3.804221,4.097392,4.165369,4.342883,3.978513,4.080640,3.031024,4.103513,4.263630,4.101903,3.406991,3.609955,3.596424,3.991078,3.842559,4.030382
-23.669059,-0.067975,3.502484,3.468949,3.848680,4.471043,3.340071,4.368137,3.906543,3.750377,3.818762,3.854926,3.754980,3.678376,3.541608,4.051531,3.871036,3.959827,4.118977,4.234635,4.365434,4.059699,4.136052,3.228189,4.160859,4.296813,4.171490,3.474646,3.654414,3.655703,4.009763,3.927289,4.068719
-26.089750,-0.003207,3.557060,3.532073,3.846378,4.525947,3.551142,4.387864,3.915091,3.741829,3.794104,3.847365,3.738541,3.663910,3.548183,4.069614,3.904899,4.122843,4.165047,4.279738,4.386053,4.172135,4.171168,3.452094,4.205318,4.342238,4.235924,3.479478,3.715948,3.691141,4.009119,3.996554,4.127031
-28.853881,-0.043646,3.531087,3.507744,3.833556,4.519043,3.576129,4.384905,3.934160,3.744459,3.788843,3.843748,3.730651,3.641225,3.516621,4.061723,3.923311,4.131542,4.140562,4.270073,4.361246,4.171168,4.154093,3.420844,4.190176,4.347393,4.235924,3.465947,3.674711,3.675999,4.003642,3.983668,4.125421
-28.752597,-0.076523,3.490977,3.454155,3.805282,4.514769,3.578101,4.377343,3.927585,3.729336,3.785227,3.827310,3.708952,3.633664,3.491963,4.050874,3.929229,4.134441,4.113501,4.260086,4.325486,4.156349,4.118977,3.408924,4.177934,4.357058,4.228836,3.485599,3.599968,3.653770,3.986567,3.972714,4.082573
-27.447245,-0.138661,3.450209,3.438045,3.755638,4.505564,3.584348,4.396083,3.952571,3.731309,3.797391,3.805611,3.707637,3.624129,3.461388,4.037065,3.955530,4.122521,4.050034,4.243011,4.294880,4.145073,4.108668,3.378318,4.157637,4.353192,4.226581,3.442107,3.542623,3.593203,3.980124,3.961438,4.087727
-31.261653,-0.159045,3.426209,3.453826,3.769446,4.510166,3.607691,4.394110,3.947311,3.702705,3.768460,3.812515,3.700075,3.615581,3.459086,4.035093,3.953229,4.121232,3.983990,4.228192,4.245911,4.136052,4.073874,3.465625,4.123165,4.369945,4.221104,3.373164,3.456605,3.547455,3.977224,3.963693,4.075485
-32.616957,-0.177127,3.389058,3.455470,3.770432,4.502933,3.638266,4.392138,3.929557,3.704678,3.768788,3.809227,3.701062,3.608019,3.438045,4.026873,3.953886,4.119622,3.904737,4.239145,4.209506,4.147650,4.060021,3.554221,4.119299,4.411182,4.226581,3.417300,3.396037,3.560664,3.998487,3.960794,4.103836
-34.702119,-0.189621,3.366044,3.450538,3.740843,4.487152,3.627417,4.386549,3.902927,3.693171,3.753665,3.817775,3.690212,3.570211,3.394647,4.009120,3.926270,4.127031,3.935343,4.317431,4.218849,4.177289,4.076129,3.563241,4.125098,4.429223,4.239790,3.398293,3.365432,3.720458,4.061954,3.992366,4.122843
-34.028176,-0.177127,3.308838,3.392017,3.707966,4.468084,3.620184,4.367480,3.859858,3.648787,3.708952,3.808570,3.640239,3.508402,3.320016,3.984133,3.903913,4.130897,3.928255,4.324197,4.215949,4.216271,4.087405,3.567107,4.119299,4.449842,4.276839,3.436952,3.313885,3.844170,4.114467,4.008474,4.130897
-33.336693,-0.188963,3.145110,3.346318,3.634321,4.447042,3.526484,4.348411,3.835858,3.591910,3.638924,3.730322,3.558704,3.422921,3.241769,3.928571,3.859200,4.121555,3.900871,4.359313,4.195653,4.240112,4.085794,3.564530,4.124776,4.467239,4.299390,3.498486,3.209504,3.879286,4.161503,4.030704,4.134763
-33.360715,-0.218553,3.038259,3.298317,3.557389,4.437508,3.524840,4.338548,3.787528,3.564293,3.621170,3.721117,3.501169,3.358811,3.185549,3.903913,3.868077,4.101580,3.863500,4.342883,4.181155,4.217560,4.081284,3.551643,4.113178,4.461762,4.313566,3.563886,3.152802,3.877997,4.169880,4.027482,4.112856
-32.805643,-0.251430,2.930423,3.268728,3.538978,4.426659,3.492950,4.331644,3.761884,3.515964,3.602430,3.680678,3.421606,3.250974,3.113877,3.878927,3.861173,4.095781,3.836438,4.338694,4.157637,4.199519,4.068719,3.532313,4.084506,4.456607,4.341594,3.581605,3.061630,3.867688,4.166336,4.028127,4.082895
-32.227327,-0.343158,2.785435,3.202974,3.486374,4.419754,3.466977,4.316849,3.752679,3.466319,3.565279,3.648129,3.385770,3.222371,3.059301,3.843091,3.843091,4.080640,3.795845,4.325163,4.136374,4.189209,4.060665,3.516527,4.076774,4.465306,4.371878,3.551966,2.980766,3.869621,4.168913,4.024583,4.065820
-31.976198,-0.395761,2.635515,3.158590,3.450209,4.408576,3.456127,4.296137,3.675089,3.427853,3.563307,3.584019,3.312454,3.162535,3.056013,3.796076,3.828625,4.081606,3.737533,4.321942,4.126065,4.178578,4.054544,3.493654,4.063565,4.486569,4.378321,3.560664,2.897969,3.867044,4.179222,4.031348,4.067431
-32.892467,-0.396090,2.514856,3.105329,3.387085,4.402330,3.452182,4.276410,3.642869,3.360784,3.537662,3.520895,3.260837,3.070479,3.010643,3.765829,3.814159,4.098681,3.678255,4.323875,4.107057,4.159892,4.032637,3.428898,4.049390,4.475937,4.383153,3.569040,2.859954,3.836116,4.171168,4.014918,4.041335
-31.192111,-0.525626,2.406362,3.055356,3.333496,4.395425,3.445935,4.260958,3.602430,3.308509,3.503142,3.440346,3.205275,2.970861,2.947847,3.709610,3.811529,4.088694,3.592236,4.331607,4.088049,4.141529,3.986889,3.360921,4.031026,4.475937,4.377032,3.557120,2.744619,3.772005,4.145717,3.987534,4.002353
-31.445069,-0.627546,2.357046,2.947190,3.283523,4.380631,3.433113,4.242876,3.553115,3.302920,3.453826,3.439689,3.164179,2.895244,2.861052,3.656349,3.786871,4.072908,3.556154,4.334506,4.063887,4.135730,3.952740,3.302932,3.992688,4.473360,4.378321,3.573229,2.606732,3.712082,4.128642,3.982057,3.989145
-31.908336,-0.665026,2.330087,2.842641,3.230262,4.400357,3.435744,4.230054,3.534375,3.274317,3.435086,3.411743,3.115192,2.828832,2.788722,3.616239,3.796076,4.044235,3.521360,4.327419,4.034892,4.119944,3.901193,3.247197,3.970781,4.473682,4.372844,3.560664,2.535855,3.666012,4.119622,3.962727,3.973036
-31.122270,-0.708424,2.308716,2.792010,3.172069,4.412850,3.436072,4.215588,3.496237,3.214152,3.412072,3.372948,3.062260,2.828832,2.737763,3.580074,3.817446,4.034892,3.492687,4.336761,4.018784,4.120266,3.846747,3.213047,3.968204,4.468849,4.372200,3.560342,2.353188,3.649582,4.118333,3.944686,3.967559
-30.768540,-0.813960,2.238031,2.735790,3.096123,4.410878,3.432127,4.207369,3.459415,3.221714,3.368345,3.315413,2.975793,2.794969,2.728886,3.554101,3.798378,4.008797,3.464981,4.341916,3.993977,4.114145,3.826773,3.197906,3.964982,4.478837,4.367367,3.566141,2.219489,3.663757,4.126387,3.945008,3.956284
-30.020615,-0.890565,2.229811,2.683844,3.033985,4.415152,3.445607,4.204738,3.439031,3.206919,3.335468,3.291084,2.904778,2.707516,2.700612,3.549498,3.769775,3.971103,3.419878,4.341916,3.989467,4.124454,3.828706,3.172777,3.967882,4.476581,4.361246,3.566463,2.231731,3.657314,4.126387,3.942108,3.937276
-31.717787,-0.946785,2.144331,2.644392,2.970533,4.418111,3.447251,4.197834,3.398592,3.196070,3.331852,3.267742,2.833764,2.573048,2.648995,3.524512,3.770761,3.954673,3.346102,4.356736,3.977547,4.142818,3.813886,3.102867,3.952740,4.474648,4.357058,3.552610,2.134437,3.620909,4.118011,3.921490,3.912147
-36.760806,-0.909305,2.145317,2.618090,2.934697,4.425344,3.458100,4.185341,3.433771,3.162206,3.308838,3.192124,2.793654,2.507952,2.648995,3.510375,3.781939,3.880897,3.369298,4.354803,3.963371,4.133475,3.748809,2.992042,3.911825,4.458540,4.353192,3.540690,2.379927,3.623164,4.083217,3.879608,3.881219
-40.157501,-0.821522,2.145317,2.596062,2.885381,4.425344,3.456127,4.175478,3.454812,3.152343,3.317057,3.167138,2.792010,2.511897,2.687132,3.503142,3.757939,3.742043,3.337403,4.327419,3.935987,4.128320,3.699195,2.670198,3.859634,4.394107,4.340305,3.511695,2.642170,3.612533,4.051645,3.785214,3.819685
-40.198386,-0.781412,2.125262,2.570747,2.755188,4.429618,3.448894,4.156080,3.418647,3.143137,3.311797,3.149055,2.801544,2.508609,2.737434,3.526813,3.754980,3.714015,3.288434,4.321297,3.920845,4.118655,3.673422,2.562595,3.824518,4.370267,4.333540,3.406991,2.664399,3.569685,4.018139,3.758796,3.763628
-41.013164,-0.807714,2.122303,2.453705,2.701269,4.431261,3.438702,4.135697,3.375578,3.100068,3.295687,3.101055,2.726585,2.499733,2.722968,3.519909,3.727034,3.714015,3.231089,4.316787,3.891206,4.099003,3.639917,2.510404,3.799067,4.366723,4.325486,3.385084,2.620585,3.515239,4.008474,3.742043,3.711760
-40.122971,-0.810673,2.038138,2.317922,2.576665,4.422056,3.393332,4.114326,3.331852,3.076397,3.223686,3.032013,2.661488,2.443841,2.717708,3.488018,3.687911,3.676322,3.160857,4.300357,3.835794,4.075485,3.585471,2.435984,3.750098,4.370267,4.312599,3.370586,2.454670,3.457249,3.998809,3.686953,3.663435
-39.807672,-0.768918,1.944438,2.212387,2.490198,4.410878,3.357167,4.090984,3.318701,3.038917,3.163521,2.998149,2.560226,2.427403,2.672995,3.483415,3.684952,3.642816,3.047776,4.276516,3.770716,4.051000,3.524582,2.392170,3.732701,4.381865,4.301323,3.410535,2.380894,3.374130,3.979157,3.653126,3.656669
-38.590988,-0.700862,1.931287,2.182468,2.465540,4.408576,3.331194,4.066983,3.320345,2.992560,3.130315,2.962971,2.563843,2.529979,2.732174,3.521553,3.675417,3.610278,3.000418,4.264596,3.690175,4.015240,3.482700,2.389914,3.739788,4.376066,4.297135,3.448228,2.371873,3.311630,3.974647,3.668590,3.617043
-35.017706,-0.653848,1.938849,2.190359,2.508938,4.396083,3.294372,4.026216,3.305550,2.947519,3.094479,2.958368,2.570418,2.628611,2.792668,3.515306,3.640239,3.600613,2.929219,4.238179,3.605767,3.976580,3.420200,2.355765,3.666979,4.375099,4.277483,3.487210,2.299386,3.204027,3.941786,3.645394,3.647004
-24.911148,-0.513462,1.930958,2.175235,2.469814,4.366494,3.169110,3.947968,3.278920,2.871573,3.039575,2.933710,2.530966,2.716721,2.886367,3.498539,3.601444,3.506540,2.767815,4.171168,3.470780,3.854801,3.340947,2.179218,3.564852,4.336439,4.218849,3.483666,2.270391,3.088369,3.844814,3.546811,3.567430
-16.442657,-0.355322,1.869149,2.085810,2.373156,4.265890,2.807791,3.802323,3.199357,2.669378,2.972177,2.932066,2.565158,2.745325,2.797270,3.338099,3.431798,3.338692,2.593523,4.046812,3.272970,3.645394,3.248486,1.617362,3.332249,4.257831,4.100292,3.455638,2.233020,2.872841,3.697585,3.419556,3.433409
-15.428372,-0.235320,1.986849,2.190688,2.520445,4.225780,2.645707,3.784569,3.154644,2.628282,3.071137,3.050753,2.621049,2.761763,2.858422,3.282208,3.300290,3.243331,2.538433,4.002998,3.190496,3.564852,3.163756,1.258792,3.256862,4.218849,4.053256,3.421811,2.157633,2.717557,3.627997,3.391205,3.461759
15.514543,-0.057454,1.935232,2.216989,2.537212,4.201779,2.533267,3.787857,3.176015,2.614145,3.080013,3.100397,2.791681,2.696009,2.804832,3.252947,3.207905,2.946939,2.501384,3.942430,3.234632,3.460471,3.113498,0.076446,2.834181,4.086761,3.895716,3.087403,1.959179,2.698227,3.370264,3.277158,3.200483
29.033975,-0.584477,1.704106,1.799121,2.478691,4.209012,2.540829,3.767802,3.047136,2.933053,3.041876,3.074424,2.784120,2.763078,2.853490,3.279249,3.163192,2.755894,2.396036,3.719492,3.125418,2.947905,3.178576,0.015235,1.667942,3.861245,3.625742,2.952415,1.648612,2.215301,2.856732,2.800031,2.290365
31.372591,-0.580860,1.642955,1.561748,2.338963,4.194218,2.540171,3.741172,2.994862,2.838367,2.944231,3.019191,2.777215,2.725269,2.921546,3.300947,3.188179,2.816784,2.424386,3.738822,3.119297,2.823871,3.155380,0.014268,0.614140,3.816464,3.563241,2.843201,1.658921,2.208535,2.763626,2.544876,1.971100
33.581634,-0.341842,1.655777,1.573913,2.329429,4.195204,2.555952,3.751035,3.036616,2.745982,2.961327,3.018862,2.792668,2.720009,2.930423,3.309167,3.199686,2.848034,2.468523,3.717559,3.174065,2.820005,3.136694,0.014590,0.655055,3.861567,3.543911,2.848356,1.673741,2.197260,2.753639,2.506538,1.900545
37.476833,-0.409898,1.658736,1.628489,2.411622,4.206711,2.572720,3.778980,3.065876,2.831791,2.966259,3.049766,2.805161,2.808777,2.940286,3.336126,3.254262,2.860598,2.427608,3.685664,3.210792,2.652479,3.093524,0.013946,0.710145,3.861245,3.494620,2.837080,1.638303,2.151190,2.742686,2.453059,1.774579
39.237272,-0.352034,1.649530,1.601201,2.419184,4.222492,2.574364,3.810542,3.068506,2.793325,2.985327,3.037273,2.805490,2.806805,2.955738,3.344345,3.270043,2.837080,2.420198,3.667623,3.201449,2.587724,3.031346,0.013946,0.913753,3.862856,3.477868,2.830959,1.630249,2.151834,2.730443,2.424386,1.604153
43.288875,-0.340527,1.642297,1.552542,2.414252,4.211314,2.569432,3.800350,3.086589,2.797928,2.982697,3.036287,2.805161,2.773270,2.960670,3.348619,3.280235,2.767170,2.421165,3.640239,3.204993,2.569038,3.010727,0.014268,0.971099,3.844170,3.456605,2.845456,1.599643,2.157311,2.733021,2.391203,1.533599
46.351851,-0.250772,1.642955,1.615009,2.488226,4.225451,2.645378,3.856570,3.131630,2.833764,3.034314,3.002423,2.811079,2.831463,2.988615,3.376894,3.312126,2.798742,2.495585,3.614466,3.237210,2.616075,2.984310,0.013624,1.007503,3.838693,3.470780,2.870585,1.642491,2.178252,2.784245,2.390881,1.491395
47.326004,-0.194552,1.640324,1.749805,2.548719,4.242547,2.673324,3.864789,3.153658,2.865326,3.075082,3.016889,2.844613,2.893600,2.991903,3.419634,3.362756,2.894103,2.613819,3.560986,3.260728,2.611242,2.997196,0.013946,1.206923,3.863822,3.500097,2.894426,1.713689,2.171809,2.791977,2.502672,1.491395
48.437896,-0.155757,1.703120,1.883286,2.692721,4.266219,2.741379,3.893721,3.189823,2.975793,3.091849,3.021821,2.907409,2.915957,3.029383,3.462045,3.391031,2.924709,2.668910,3.541978,3.329349,2.689851,3.028446,0.013946,1.409565,3.864789,3.518138,2.912467,1.795197,2.186628,2.785212,2.540044,1.520712
50.812640,-0.112030,1.866519,2.071344,2.784777,4.286274,2.799243,3.944681,3.243741,3.008013,3.127028,3.047136,2.953108,2.951793,3.045164,3.515964,3.430812,2.907957,2.727544,3.546489,3.353512,2.729477,3.058408,0.014590,1.422452,3.857057,3.554543,2.914078,1.922130,2.341590,2.824516,2.634116,1.861563
51.433680,-0.107099,1.869807,2.141372,2.942587,4.286931,2.811079,3.980517,3.238152,3.000122,3.121439,3.089219,2.988615,2.997163,3.063246,3.520895,3.472237,2.950482,2.787145,3.540368,3.377996,2.745263,3.065818,0.014268,1.489462,3.887984,3.577095,2.935985,1.938239,2.413433,2.875096,2.709825,1.979154
57.825203,-0.086715,1.836272,2.171948,2.983684,4.274438,2.811408,4.006161,3.257878,2.995848,3.161220,3.066205,2.938642,2.962642,3.050424,3.525827,3.442976,2.868008,2.692428,3.502030,3.387339,2.735276,3.022325,0.013624,1.455313,3.869299,3.542301,2.930508,1.913754,2.414721,2.901513,2.667299,1.873806
57.056041,-0.107756,1.896109,2.209428,3.039246,4.307644,2.912011,4.070929,3.298975,3.106973,3.227303,3.195412,2.933053,3.076726,3.137877,3.574485,3.435744,2.898936,2.836758,3.472713,3.404414,2.740108,3.060663,0.014590,1.437594,3.889273,3.565174,2.915366,1.890558,2.416654,2.925676,2.765882,1.989463
56.877875,0.045780,1.891834,2.342909,3.118151,4.319151,3.021163,4.120573,3.368345,3.108945,3.243741,3.224673,3.017547,3.126699,3.227960,3.601444,3.458429,2.901191,2.934374,3.432764,3.430509,2.705314,3.040689,0.014268,1.722066,3.900871,3.596424,2.966913,1.981087,2.513948,2.990431,2.848678,1.989141
57.920595,0.091480,1.878684,2.424115,3.181275,4.339534,3.075411,4.141286,3.387085,3.138863,3.263139,3.246700,3.022807,3.152672,3.257878,3.622814,3.479799,2.897003,3.037467,3.381218,3.442751,2.702415,3.041011,0.015879,1.914076,3.909570,3.588048,2.960470,2.078058,2.539721,3.027802,2.896359,1.984308
57.552572,0.111535,2.020055,2.482636,3.194426,4.354329,3.083959,4.169889,3.431798,3.167795,3.267084,3.283523,3.041547,3.207248,3.297989,3.657664,3.491306,2.904735,3.130895,3.343524,3.474646,2.669554,3.034568,0.015879,1.983342,3.902160,3.571296,2.954026,2.219489,2.631216,3.087403,2.931475,1.873161
56.918030,0.146714,2.098960,2.498089,3.217111,4.354329,3.104014,4.182382,3.462045,3.183247,3.305879,3.249659,3.037931,3.206261,3.280235,3.665883,3.499854,2.889915,3.156024,3.263950,3.473357,2.653124,3.019748,0.375737,2.096100,3.887662,3.560664,2.944039,2.308729,2.648291,3.125418,2.943717,1.805507
55.875911,0.136850,2.162413,2.575679,3.294701,4.367809,3.130973,4.197834,3.523854,3.231248,3.286810,3.302920,3.054040,3.238481,3.311468,3.689226,3.484730,2.909890,3.207571,3.221101,3.486244,2.649258,3.028124,0.642490,2.218200,3.895716,3.549388,2.991397,2.365752,2.673098,3.173099,3.020070,1.817749
56.560059,0.171043,2.251182,2.640775,3.327249,4.371096,3.137877,4.212958,3.562978,3.257878,3.356839,3.314756,3.068506,3.282865,3.335797,3.719473,3.522868,2.900547,3.233666,3.240754,3.506540,2.669876,3.053575,0.923740,2.387015,3.901515,3.594491,2.997519,2.427608,2.701126,3.201449,3.034568,1.727220
57.186382,0.154275,2.291949,2.674310,3.389058,4.388850,3.164508,4.221177,3.606047,3.319687,3.451853,3.359797,3.083301,3.333496,3.356510,3.761884,3.517279,2.919232,3.301321,3.235921,3.583216,2.736242,3.079671,1.194359,2.431152,3.898616,3.617043,3.010083,2.485920,2.743330,3.232377,3.069039,1.757504
59.288570,0.104959,2.336333,2.737434,3.396949,4.406604,3.203960,4.223807,3.592238,3.373277,3.459415,3.379524,3.091192,3.364729,3.369332,3.765501,3.522210,2.935018,3.390561,3.214980,3.631863,2.812596,3.107377,1.413754,2.551319,3.912791,3.619298,2.997196,2.501062,2.837724,3.247841,3.081926,1.810983
60.449592,0.115151,2.357375,2.723954,3.409771,4.416138,3.205933,4.225451,3.629390,3.391688,3.434757,3.373277,3.099082,3.373277,3.393332,3.779638,3.544567,2.941462,3.486888,3.211437,3.662146,2.867686,3.118653,1.504926,2.573227,3.898616,3.611244,2.978833,2.538433,2.949838,3.322584,3.105766,1.857375
64.094990,0.114823,2.310032,2.723297,3.407469,4.413837,3.217111,4.226109,3.617554,3.378537,3.427524,3.299961,3.083959,3.367030,3.380510,3.773720,3.562320,2.944361,3.515561,3.204027,3.694041,2.919555,3.133795,1.552929,2.566783,3.909570,3.617043,2.963369,2.507505,2.989142,3.384117,3.101578,1.942749
70.533598,0.094439,2.363292,2.769982,3.443305,4.413837,3.234536,4.230054,3.633335,3.404182,3.535361,3.364071,3.104671,3.380181,3.388401,3.785884,3.557718,2.987209,3.543589,3.202738,3.714659,3.033601,3.259439,1.606086,2.612531,3.928900,3.634762,2.945328,2.493652,3.077416,3.448550,3.144748,2.132827
73.242978,0.072740,2.398800,2.818969,3.558046,4.418768,3.278920,4.236300,3.707308,3.453826,3.586649,3.377551,3.116507,3.378209,3.415688,3.812186,3.635636,2.992364,3.733345,3.218846,3.777159,3.090302,3.340625,1.666653,2.906668,3.923101,3.679865,2.793910,2.652801,3.103189,3.442429,3.175676,2.185984
74.159381,-0.021947,2.457321,2.844942,3.595855,4.416467,3.290756,4.241561,3.741829,3.583690,3.594211,3.342044,3.147411,3.380510,3.424237,3.816131,3.696130,2.991720,3.771683,3.250096,3.836116,3.138627,3.386050,1.851576,3.106733,3.923423,3.671811,2.794554,2.868330,3.254607,3.497842,3.162467,2.258149
73.018288,-0.022933,2.490856,2.872230,3.611965,4.401343,3.276618,4.235972,3.757281,3.587636,3.607033,3.331194,3.114534,3.363414,3.405168,3.805939,3.684952,2.974001,3.845781,3.236565,3.883152,3.123163,3.412468,2.012015,3.339981,3.912791,3.680832,2.824516,2.978833,3.254285,3.498486,3.174710,2.423742
69.776198,0.005670,2.480993,2.802859,3.617225,4.380302,3.230919,4.218218,3.717171,3.537334,3.611636,3.394647,3.029711,3.364400,3.363085,3.789172,3.656678,2.932119,3.916013,3.151514,3.880897,3.143137,3.380573,1.995584,3.401514,3.896361,3.644749,2.858987,2.939529,3.232699,3.473679,3.111887,2.369296
66.216991,0.036904,2.398142,2.733818,3.594540,4.354658,3.151357,4.200793,3.684623,3.489662,3.604732,3.304564,3.005711,3.423250,3.336783,3.759912,3.635965,2.903446,3.953384,3.154091,3.903448,3.122519,3.394104,2.245262,3.476257,3.831928,3.605767,2.978833,3.011694,3.049387,3.455960,3.064529,2.321293
61.998011,0.040191,2.380060,2.685817,3.591581,4.333617,3.025437,4.188300,3.592567,3.452840,3.579088,3.245385,3.035301,3.376894,3.288454,3.736898,3.606376,2.907957,3.995910,3.228511,3.998165,3.129929,3.492043,2.357698,3.565497,3.790368,3.571618,3.088691,3.070006,2.941140,3.405380,3.009117,2.579026
53.838377,0.054000,2.376772,2.686803,3.581060,4.307315,2.919573,4.166272,3.574485,3.412401,3.530758,3.080671,3.101055,3.381168,3.212508,3.704021,3.589937,2.978511,4.046490,3.393460,4.086761,3.213047,3.655059,2.413110,3.704350,3.860923,3.656992,3.208215,3.216913,3.137661,3.519427,3.162467,2.906990
38.517468,0.096083,2.383676,2.648008,3.584677,4.271150,2.820284,4.123861,3.564950,3.345003,3.487032,3.042534,3.038917,3.333496,3.137220,3.671143,3.571197,2.980766,4.138307,3.506862,4.180833,3.296166,3.702417,2.372195,3.823229,3.853513,3.756219,3.415690,3.321295,3.298099,3.581605,3.233988,3.237210
26.616264,0.080630,2.654912,2.908724,3.598814,4.226766,2.648337,4.124518,3.540950,3.339085,3.519909,3.348948,3.201330,3.335797,3.105329,3.633992,3.514320,3.124774,4.204029,3.612211,4.266207,3.600613,3.774904,2.360275,3.944363,3.892817,3.844814,3.456927,3.447906,3.342236,3.646360,3.426965,3.485599
-1.949110,-0.055810,2.796613,3.062589,3.779638,4.297123,2.796284,4.185341,3.655691,3.540293,3.626759,3.369332,3.255248,3.654376,3.265769,3.758596,3.562978,3.360599,4.144106,3.897649,4.291336,3.713693,3.903448,2.993330,4.017495,3.960150,3.977224,3.491398,3.562597,3.430831,3.818074,3.599324,3.716270
-12.852377,0.118110,3.197385,3.358482,3.877612,4.470385,3.300290,4.317507,3.879255,3.644184,3.648787,3.589937,3.643198,3.711911,3.460401,3.985777,3.751035,3.747198,4.119299,4.098037,4.291980,3.883474,3.995266,3.349646,4.041335,4.071297,4.177934,3.558087,3.659891,3.551321,3.927611,3.752031,3.950485
-10.321687,0.274935,3.483415,3.407140,3.834543,4.521345,3.370647,4.328356,3.908516,3.505772,3.601773,3.639253,3.605061,3.610321,3.571526,4.095258,3.819748,3.906670,4.127998,4.232058,4.366723,4.041013,4.078384,3.437275,4.165691,4.214016,4.233346,3.574195,3.863822,3.686631,4.007830,3.955317,4.087405
-16.839362,0.238441,3.507416,3.430154,3.847036,4.526934,3.376236,4.328685,3.890762,3.533717,3.603745,3.692842,3.620842,3.624129,3.637938,4.104463,3.822378,3.978191,4.117366,4.251065,4.345460,4.063243,4.084506,3.540368,4.190820,4.248810,4.229158,3.599968,3.851580,3.690819,4.005253,3.965626,4.115111
-21.736022,0.246332,3.545224,3.465333,3.870379,4.540413,3.519909,4.356302,3.924955,3.568238,3.610321,3.748405,3.629718,3.600458,3.635965,4.101833,3.852625,4.055511,4.079995,4.311955,4.323875,4.139274,4.094171,3.622520,4.215305,4.332895,4.255576,3.572584,3.844170,3.716592,4.009763,4.002353,4.151194
-22.740927,0.194057,3.589608,3.515635,3.914105,4.548304,3.588293,4.375699,3.962763,3.666869,3.677390,3.834214,3.688897,3.619855,3.643198,4.114326,3.893064,4.098037,4.063565,4.327096,4.313243,4.154093,4.098681,3.662146,4.231091,4.369622,4.260408,3.541656,3.835471,3.731090,4.028127,4.021683,4.173423
-27.847303,0.173015,3.577773,3.506758,3.917064,4.540085,3.590595,4.372083,3.963749,3.665883,3.691198,3.847365,3.706979,3.629390,3.622814,4.102491,3.885173,4.092560,4.049712,4.323553,4.306800,4.147650,4.079673,3.642494,4.233346,4.375744,4.268140,3.526192,3.810343,3.729157,4.028127,4.019106,4.183733
-31.238703,0.155590,3.616239,3.544238,3.918708,4.551920,3.672459,4.389179,3.980846,3.698431,3.711582,3.866433,3.710267,3.635636,3.615252,4.124847,3.904571,4.153771,4.065820,4.351259,4.314854,4.203063,4.109312,3.680510,4.246555,4.411504,4.319687,3.616399,3.818719,3.743654,4.039725,4.052611,4.189209
-30.840560,0.129946,3.590266,3.545882,3.902598,4.540413,3.676404,4.378001,3.988078,3.690212,3.721445,3.885502,3.726377,3.625116,3.578101,4.115970,3.912461,4.162470,4.057444,4.347715,4.301968,4.194686,4.131220,3.648293,4.235279,4.421491,4.321297,3.628963,3.800033,3.754286,4.044235,4.043913,4.168269
-31.325183,0.086877,3.556402,3.522210,3.896680,4.532194,3.657006,4.383590,3.978215,3.666869,3.712569,3.873666,3.736898,3.608019,3.561992,4.100189,3.912132,4.149905,4.034248,4.332895,4.286826,4.170846,4.123810,3.621231,4.203385,4.418592,4.307122,3.568718,3.770072,3.711760,4.033926,4.021039,4.151838
-34.730314,0.044137,3.523854,3.471908,3.872351,4.525947,3.643198,4.386220,3.963092,3.665883,3.683308,3.853611,3.719144,3.599800,3.536676,4.091641,3.904242,4.148939,4.017817,4.312599,4.265241,4.154093,4.107379,3.603190,4.194686,4.421491,4.311310,3.535535,3.751064,3.703061,4.022972,4.009119,4.139596
-35.724510,0.026054,3.481443,3.449223,3.839474,4.509180,3.632677,4.373727,3.949941,3.624129,3.668513,3.829282,3.686924,3.570540,3.512676,4.077504,3.900954,4.125098,3.975614,4.296491,4.244622,4.127354,4.092238,3.551321,4.160859,4.413437,4.306478,3.490754,3.693719,3.672778,4.024261,4.002031,4.115434
-35.789340,-0.018659,3.448237,3.443305,3.799693,4.504249,3.631362,4.380631,3.928571,3.635965,3.620184,3.794104,3.640568,3.533717,3.485059,4.048901,3.869721,4.112856,3.936954,4.286504,4.220460,4.107057,4.066464,3.483344,4.136696,4.413759,4.283604,3.477545,3.639273,3.652803,4.012985,3.985601,4.098037
-37.356106,-0.032796,3.420620,3.417990,3.777008,4.492742,3.641883,4.377343,3.919365,3.633992,3.630705,3.782926,3.636294,3.521224,3.467963,4.034764,3.867420,4.113178,3.924389,4.286181,4.211117,4.117689,4.062276,3.461115,4.130575,4.411504,4.273939,3.445007,3.627997,3.678255,4.030060,3.989145,4.095781
-38.461269,-0.029837,3.385770,3.404839,3.749720,4.483536,3.652404,4.377343,3.878269,3.604074,3.625116,3.795090,3.627746,3.482429,3.427853,4.020298,3.853611,4.106735,3.916335,4.279094,4.201452,4.109635,4.058732,3.454349,4.117366,4.418914,4.278772,3.464981,3.589659,3.676322,4.031670,3.979157,4.101903
-39.961939,-0.019645,3.330537,3.340071,3.706322,4.468741,3.645828,4.374384,3.842762,3.585992,3.620513,3.772405,3.601444,3.433113,3.396949,4.003202,3.832241,4.094815,3.903126,4.264918,4.190498,4.114467,4.054866,3.435019,4.088372,4.413759,4.283604,3.510728,3.560342,3.694041,4.035536,3.974003,4.086761
-40.651718,-0.035098,3.242097,3.308509,3.662267,4.469399,3.654376,4.370439,3.883858,3.572841,3.587964,3.740514,3.574814,3.346975,3.347633,3.982161,3.848680,4.062920,3.872198,4.236568,4.168269,4.076774,4.032637,3.379285,4.045524,4.397006,4.262341,3.582571,3.495587,3.659891,4.024261,3.947907,4.048423
-39.633827,0.018821,3.173384,3.265111,3.633006,4.451316,3.637609,4.360576,3.882872,3.489991,3.594869,3.692185,3.540950,3.267742,3.289769,3.963421,3.854269,4.031670,3.838371,4.185666,4.142818,4.053900,4.012018,3.302287,4.014596,4.383476,4.262019,3.611244,3.432120,3.629608,4.014596,3.902804,3.990755
-39.780180,0.015205,3.037273,3.242426,3.593225,4.436522,3.627088,4.350713,3.844406,3.441333,3.581060,3.647801,3.482100,3.215138,3.216125,3.939092,3.881886,4.032637,3.793912,4.162792,4.112212,4.028127,3.979157,3.256862,3.981413,4.376710,4.280382,3.615432,3.344169,3.592558,4.005253,3.877997,3.978191
-40.472112,-0.018659,2.972177,3.219084,3.588951,4.442111,3.613937,4.347754,3.825994,3.445935,3.578101,3.640568,3.442976,3.162535,3.172069,3.922653,3.875968,4.017817,3.756863,4.179222,4.090627,4.006864,3.965304,3.236888,3.966593,4.389919,4.273617,3.606734,3.310019,3.668267,4.027160,3.857379,3.971425
-40.479052,-0.018330,2.964286,3.228618,3.582704,4.440467,3.637938,4.343151,3.807912,3.429826,3.559361,3.610978,3.411414,3.122754,3.151685,3.917393,3.858214,4.031670,3.734311,4.184055,4.077740,4.014273,3.957894,3.204993,3.944041,4.406349,4.319042,3.617043,3.272648,3.667301,4.024905,3.841915,3.965304
-40.705994,-0.018988,2.876504,3.161877,3.539306,4.448686,3.642540,4.339206,3.806926,3.396949,3.529772,3.568238,3.386757,3.052725,3.130973,3.887146,3.854269,4.012018,3.705961,4.192431,4.057766,4.014918,3.946941,3.167944,3.936954,4.404738,4.328707,3.600290,3.241398,3.663757,4.020072,3.827739,3.946941
-42.261433,-0.007152,2.782476,3.113219,3.498868,4.441782,3.646157,4.323096,3.779309,3.336783,3.517279,3.521881,3.350592,2.991903,3.088561,3.859200,3.845392,3.970781,3.654092,4.194686,4.036825,4.043268,3.916979,3.150547,3.890884,4.400550,4.319364,3.578705,3.194684,3.654736,4.016529,3.817752,3.897649
-41.394597,-0.124852,2.569432,3.026424,3.426209,4.423700,3.583690,4.295479,3.736898,3.270043,3.484073,3.444620,3.297331,2.921546,3.035629,3.806926,3.823036,3.847392,3.530381,4.165369,4.006864,4.017817,3.845781,2.971423,3.849969,4.364468,4.279416,3.526837,3.166978,3.603512,3.996232,3.767494,3.812276
-41.827143,-0.283978,2.438910,2.907409,3.342373,4.414165,3.507416,4.257999,3.696459,3.260180,3.441004,3.419634,3.195412,2.846915,3.017876,3.732624,3.808570,3.744943,3.421489,4.167624,3.976902,3.990755,3.761051,2.719490,3.832572,4.345138,4.218527,3.435986,3.082248,3.538112,3.973681,3.679221,3.757507
-42.716117,-0.340527,2.424444,2.820942,3.279577,4.415480,3.489004,4.238602,3.651417,3.230262,3.423250,3.368345,3.127028,2.805490,2.952450,3.707637,3.796076,3.709182,3.375419,4.166980,3.955961,3.959183,3.715304,2.630572,3.802288,4.331929,4.207251,3.397648,2.996874,3.505896,3.966593,3.662791,3.725935
-42.982088,-0.346445,2.413266,2.796613,3.263468,4.430275,3.479141,4.228410,3.628074,3.175028,3.371962,3.352564,3.073438,2.792996,2.906094,3.691198,3.798049,3.697262,3.347713,4.174068,3.933088,3.938564,3.671167,2.553897,3.770072,4.318076,4.195975,3.368653,2.937918,3.467558,3.956928,3.607378,3.698551
-42.976100,-0.392802,2.372827,2.739735,3.210535,4.431919,3.475196,4.213944,3.584677,3.152343,3.347633,3.324290,3.021821,2.761106,2.875189,3.667856,3.820405,3.678899,3.300354,4.198552,3.919235,3.926967,3.645071,2.473355,3.748487,4.293591,4.191142,3.337081,2.902480,3.453705,3.947263,3.566141,3.656669
-43.539450,-0.440146,2.323840,2.692392,3.118151,4.437179,3.457442,4.197505,3.544895,3.113548,3.331852,3.244728,2.977437,2.698639,2.816668,3.649116,3.812515,3.676322,3.272326,4.189532,3.897649,3.909892,3.608345,2.385404,3.729801,4.286826,4.200807,3.313241,2.816784,3.402159,3.933732,3.529736,3.649260
-44.609407,-0.557517,2.280771,2.658529,3.088561,4.442440,3.451853,4.185012,3.511690,3.118808,3.304893,3.179960,2.902477,2.604611,2.798257,3.623472,3.825666,3.666979,3.242364,4.195008,3.887340,3.907959,3.585149,2.276834,3.711438,4.276839,4.194364,3.248486,2.762982,3.373808,3.930188,3.492687,3.617687
-45.615046,-0.633464,2.160441,2.637159,3.068835,4.444741,3.444292,4.179752,3.484730,3.107630,3.302591,3.148727,2.873545,2.589158,2.770640,3.617883,3.827638,3.666657,3.243331,4.214016,3.881541,3.934698,3.579350,2.203703,3.691786,4.281027,4.192431,3.197583,2.724322,3.387017,3.933088,3.483666,3.616721
-46.408873,-0.687712,2.151564,2.611186,3.063575,4.451974,3.443305,4.168902,3.475854,3.114206,3.301605,3.154316,2.862367,2.614474,2.788722,3.646157,3.830269,3.659891,3.238498,4.235601,3.883474,3.985279,3.581605,2.192427,3.711115,4.296169,4.206284,3.189207,2.741075,3.416656,3.948874,3.528770,3.658925
-49.189256,-0.748863,2.130851,2.595405,3.029711,4.459536,3.443305,4.165943,3.450538,3.110260,3.312454,3.131959,2.877490,2.602309,2.767681,3.647472,3.832899,3.687597,3.216591,4.262663,3.867044,4.017817,3.577739,2.170842,3.716914,4.308089,4.221104,3.165689,2.724967,3.428576,3.952095,3.553899,3.694363
-49.449847,-0.684753,2.121646,2.586528,3.041547,4.461837,3.456127,4.171204,3.451853,3.098753,3.302263,3.145768,2.881765,2.645378,2.800887,3.668842,3.822378,3.684376,3.222068,4.282638,3.846103,4.046490,3.565819,2.254927,3.687597,4.366079,4.264596,3.189529,2.693394,3.449839,3.941464,3.597069,3.685020
-47.829552,-0.678177,2.167016,2.568774,3.016232,4.464139,3.466977,4.165943,3.450209,3.111247,3.300947,3.141494,2.904450,2.681872,2.824230,3.694486,3.830269,3.688564,3.219813,4.295846,3.819041,4.053256,3.544234,2.338046,3.714015,4.375744,4.278772,3.182119,2.632827,3.410213,3.944686,3.601257,3.678899
-44.042084,-0.595984,2.139399,2.564172,3.016232,4.459865,3.451853,4.148519,3.409771,3.089219,3.306208,3.122096,2.890313,2.726256,2.889326,3.711582,3.814159,3.690819,3.190818,4.311633,3.783281,4.082250,3.523615,2.389914,3.722713,4.380576,4.291014,3.223034,2.567428,3.356733,3.935021,3.636051,3.662791
-40.047065,-0.469078,2.145975,2.555952,2.980067,4.451974,3.425552,4.116628,3.431141,3.046808,3.287797,3.095466,2.900833,2.798585,2.986971,3.716185,3.776679,3.648937,3.117686,4.285215,3.708860,4.051645,3.488177,2.367041,3.705639,4.381865,4.292303,3.379607,2.499129,3.256862,3.907637,3.641528,3.661824
-31.137814,-0.520037,2.024001,2.525705,2.919902,4.426001,3.347962,4.020956,3.336126,2.990916,3.249659,3.101384,2.945546,2.839024,3.044177,3.653390,3.711253,3.569363,3.042944,4.247522,3.530703,3.982379,3.397326,2.345456,3.614144,4.378965,4.275872,3.487532,2.439850,3.087725,3.860278,3.583216,3.629930
-20.528253,-0.387213,2.013809,2.481321,2.897874,4.375042,3.197056,3.971311,3.297989,2.960998,3.209220,3.099740,2.983026,2.935025,2.998478,3.517936,3.589608,3.513306,2.893137,4.185343,3.193073,3.792623,3.364143,2.454992,3.581605,4.364146,4.266529,3.576772,2.246229,2.733343,3.741077,3.535213,3.677932
8.655524,-0.286937,2.091727,2.427074,2.970204,4.267205,2.819956,3.809885,3.207577,2.975793,3.254591,3.173713,3.084945,3.007026,2.964615,3.355195,3.445278,3.204349,2.638626,4.024905,3.036501,3.378318,3.336759,1.956602,3.233988,4.243656,4.104802,3.492043,2.163754,2.373484,3.535857,3.353834,3.434375
23.202667,-0.133729,1.703448,1.705421,2.425430,4.149834,2.447458,3.780295,3.182261,2.716721,3.191138,3.217111,3.010314,2.733160,2.850531,3.115521,2.996177,2.805508,2.380250,3.623809,2.666010,2.601899,2.912467,0.269745,2.228187,3.949196,3.711115,3.232699,1.409243,1.829025,2.893781,2.966591,2.482698
33.854460,-0.109400,1.549912,1.436815,2.308716,4.123861,2.286031,3.745446,3.093493,2.574692,3.080671,3.129000,2.850860,2.675296,2.808120,3.053054,2.942258,2.846423,2.259438,3.640239,2.571938,2.501062,2.921165,0.014268,1.314849,3.912469,3.618976,3.064851,1.066137,1.641524,2.725289,2.737531,2.043265
39.383633,-0.168908,1.517693,1.360211,2.235401,4.119916,2.356060,3.738213,3.060616,2.591788,3.070150,3.100726,2.865326,2.662145,2.838367,3.094151,2.997163,2.860276,2.336113,3.674711,2.794876,2.509116,3.013949,0.013946,0.653444,3.882185,3.585149,2.991397,1.076769,1.712079,2.683085,2.596423,1.843522
40.093043,-0.240580,1.495994,1.351005,2.224880,4.142272,2.415238,3.767145,3.033657,2.626638,3.056999,3.025766,2.844285,2.619405,2.923190,3.226645,3.103356,2.890882,2.347711,3.653448,2.897325,2.374451,3.041333,0.013624,0.344165,3.869943,3.550033,2.907312,1.149900,1.867684,2.621551,2.454348,1.552929
41.990810,-0.187319,1.533802,1.362512,2.222250,4.155752,2.495459,3.792460,3.089877,2.637159,3.076726,3.027081,2.859408,2.684502,2.922861,3.253604,3.151357,2.885405,2.447904,3.636051,2.942428,2.391847,3.019104,0.014268,0.627026,3.868010,3.520071,2.916333,1.397645,1.895068,2.598356,2.435984,1.520390
43.299721,-0.116304,1.556159,1.386184,2.265647,4.163313,2.519459,3.811857,3.110589,2.588172,3.033985,3.015903,2.863682,2.697324,2.909052,3.269057,3.169768,2.886049,2.472389,3.608022,3.041655,2.414077,3.018782,0.013946,0.637013,3.868332,3.533924,2.913433,1.428895,1.895068,2.586758,2.427286,1.588689
44.137642,-0.037728,1.562734,1.383225,2.249866,4.178766,2.542473,3.825994,3.135576,2.523733,3.009328,3.005054,2.865983,2.726585,2.905436,3.286810,3.198700,2.885083,2.512660,3.591914,3.103511,2.498162,3.014271,0.013302,0.728508,3.881219,3.558731,2.929864,1.505893,1.974321,2.684052,2.420520,1.756860
47.930728,0.119097,1.568981,1.383225,2.229154,4.168574,2.529979,3.846050,3.179631,2.480993,2.976451,2.988944,2.817654,2.719023,2.911354,3.309496,3.225330,2.891204,2.539077,3.524582,3.157313,2.486242,2.983988,0.013302,0.794874,3.900549,3.525548,2.916655,1.539398,2.005571,2.657634,2.416654,1.851254
48.058671,0.169728,1.596269,1.408540,2.306086,4.185341,2.551678,3.867420,3.186864,2.499404,2.966916,2.982368,2.848230,2.786421,2.899189,3.345660,3.252947,2.902158,2.625740,3.512984,3.191140,2.571938,2.970457,0.013624,0.948225,3.874776,3.551643,2.938884,1.614785,2.099966,2.742363,2.443394,1.996873
48.762846,0.160851,1.653146,1.517035,2.461924,4.195533,2.585542,3.897667,3.194097,2.625981,3.002752,2.990588,2.933382,2.766366,2.928450,3.364400,3.298975,2.925676,2.656345,3.456927,3.268138,2.572260,2.950482,0.014268,1.333212,3.883796,3.535857,2.976256,1.674707,2.108986,2.832248,2.530701,2.087723
49.302535,0.090494,1.706079,1.677804,2.556939,4.218876,2.648995,3.919365,3.198042,2.747955,3.056999,3.000122,2.960341,2.851518,2.982040,3.450538,3.372948,2.923743,2.848034,3.392171,3.298421,2.560018,2.969490,0.013624,1.528122,3.890884,3.554543,2.950805,1.743006,2.187272,2.882828,2.627673,2.175675
49.298229,-0.003207,1.777422,1.800107,2.658200,4.242876,2.691077,3.984133,3.241111,2.886367,3.059630,2.986971,2.962971,2.883080,3.006697,3.482758,3.394976,2.922454,2.982699,3.356733,3.334504,2.559696,2.948227,0.012980,1.685017,3.863178,3.550999,2.983021,1.878316,2.324515,2.920843,2.612209,2.128638
49.244933,0.020465,1.869478,1.885588,2.722968,4.258328,2.716064,4.009449,3.297002,2.904778,3.113877,3.006040,2.947519,2.921875,3.001108,3.506100,3.432785,2.927609,3.090624,3.331604,3.374130,2.552286,2.960470,0.013302,1.856086,3.854479,3.554221,2.987531,1.942749,2.367685,2.974001,2.664077,1.975610
46.226454,0.001725,1.860601,1.895451,2.759790,4.246492,2.726913,4.021284,3.305879,2.954423,3.094808,2.998807,2.946204,2.919244,3.016889,3.510703,3.412730,2.942428,3.102222,3.252674,3.387661,2.524902,2.953060,0.012980,1.920197,3.907959,3.557442,3.006217,1.947904,2.382505,2.991075,2.708858,2.041976
44.721371,0.037561,1.915506,2.093700,2.802859,4.257671,2.744009,4.041011,3.369332,2.963628,3.137548,3.064890,3.022150,2.981382,3.011300,3.542923,3.435744,2.937596,3.159890,3.191462,3.411824,2.504928,2.972712,0.015235,2.129283,3.885729,3.528448,2.985276,2.104798,2.472389,3.035856,2.728510,2.046808
43.546883,0.026712,1.966137,2.148605,2.965601,4.268520,2.730859,4.053504,3.391031,3.007026,3.174042,3.117493,3.066863,3.008341,2.994533,3.564622,3.413387,2.939207,3.206604,3.161179,3.423744,2.480121,2.968202,0.270067,2.254927,3.916335,3.535535,2.986565,2.209824,2.550997,3.102545,2.750740,2.010726
42.003892,0.085891,1.991452,2.241976,2.981382,4.251095,2.750585,4.060737,3.414702,3.040561,3.189494,3.152014,3.098753,3.118808,3.035629,3.581389,3.423250,2.921488,3.257184,3.112532,3.431798,2.489786,2.965624,0.628637,2.329992,3.899582,3.523293,2.963047,2.302608,2.628317,3.136372,2.750095,2.007826
39.853156,0.081945,2.028932,2.326141,3.038917,4.272136,2.733489,4.062381,3.407140,3.074424,3.213494,3.215796,3.175357,3.162864,3.071137,3.589937,3.431470,2.917944,3.340625,3.071617,3.449195,2.555830,2.997519,1.097065,2.406989,3.877353,3.521360,2.945328,2.416332,2.643137,3.144426,2.740431,2.061950
39.439831,0.192084,2.015781,2.321539,3.070150,4.265890,2.728557,4.063367,3.403195,3.050424,3.253276,3.236837,3.198700,3.187521,3.062260,3.594869,3.464347,2.903446,3.376385,3.041333,3.476257,2.592879,3.018459,1.374127,2.477221,3.858667,3.518460,2.911823,2.419876,2.684374,3.137661,2.713691,2.077414
41.265114,0.232194,2.006576,2.385978,3.099082,4.235643,2.717379,4.056792,3.397606,3.055684,3.273988,3.299304,3.221056,3.182590,3.053383,3.590923,3.456456,2.898292,3.452739,3.016849,3.556798,2.612853,3.024903,1.494939,2.576448,3.858990,3.509762,2.923743,2.449193,2.685985,3.128640,2.693717,2.170198
40.911337,0.197673,2.074960,2.481979,3.190480,4.234657,2.730201,4.057120,3.425552,3.097438,3.309167,3.297331,3.230590,3.171412,3.062589,3.593225,3.463360,2.887982,3.498486,3.016849,3.578061,2.693717,3.041333,1.604153,2.799709,3.849002,3.511695,2.990753,2.452415,2.695650,3.133472,2.727222,2.361564
45.856691,0.294990,2.238688,2.571076,3.233221,4.261287,2.720995,4.093614,3.399907,3.111247,3.308509,3.376565,3.304235,3.181604,3.111575,3.616239,3.477497,2.856088,3.663113,3.101578,3.702417,2.788755,3.095457,1.463045,3.089658,3.840948,3.513950,3.006861,2.529090,2.743652,3.151514,2.841913,2.442427
47.999873,0.245345,2.241318,2.711132,3.307852,4.284630,2.782804,4.127149,3.432785,3.190809,3.276618,3.321989,3.309824,3.204946,3.141494,3.637280,3.488018,2.932119,3.860923,3.238821,3.798100,3.008150,3.266205,1.446937,3.219813,3.863178,3.563241,2.988820,2.620907,2.824838,3.275225,2.964980,2.503317
47.607286,0.257181,2.305100,2.689105,3.338099,4.285945,2.780174,4.142272,3.428839,3.195083,3.300619,3.329551,3.307852,3.207577,3.169110,3.651746,3.487032,2.930186,3.928900,3.284246,3.848036,3.051642,3.318718,1.534566,3.284890,3.891850,3.578705,2.996552,2.733343,2.842235,3.291334,3.030057,2.643459
47.824677,0.237455,2.365594,2.747297,3.346318,4.294493,2.787407,4.146875,3.472566,3.224015,3.332181,3.364729,3.306865,3.219741,3.180946,3.662595,3.497552,2.929219,3.971748,3.284246,3.887018,3.068717,3.343524,1.486241,3.286823,3.897327,3.583216,3.012338,2.874129,2.863498,3.308731,3.009761,2.675353
50.893379,0.234496,2.383676,2.792996,3.346318,4.304356,2.799243,4.153121,3.436072,3.228289,3.355195,3.373606,3.302263,3.220727,3.177987,3.667198,3.519251,2.915366,4.012985,3.298099,3.894750,3.072261,3.360599,1.522001,3.340947,3.869943,3.580316,3.048099,2.927609,2.866397,3.322906,3.004284,2.625417
49.647676,0.183865,2.428060,2.879463,3.458100,4.311260,2.874532,4.160026,3.505772,3.292399,3.421935,3.364400,3.299304,3.221714,3.221056,3.696130,3.545224,2.918588,4.022650,3.285857,3.895716,3.073872,3.361888,1.861241,3.530381,3.868977,3.572906,3.054542,2.949516,2.886694,3.344169,3.003962,2.634760
50.959571,0.164467,2.522747,2.937656,3.492621,4.304027,2.840011,4.155423,3.482429,3.305221,3.428182,3.376565,3.307194,3.187521,3.226316,3.687253,3.550485,2.911500,4.024905,3.270715,3.897005,3.079026,3.353189,2.041332,3.475612,3.867688,3.554543,3.064207,2.962080,2.879606,3.330960,3.018459,2.656345
55.205487,0.150659,2.516500,2.813380,3.494594,4.291863,2.837052,4.155752,3.488018,3.324619,3.392675,3.399579,3.272344,3.209878,3.205604,3.697116,3.539964,2.920843,4.048745,3.271681,3.925356,3.076449,3.365432,2.126383,3.469169,3.853835,3.568074,3.038434,3.008472,2.929542,3.355122,3.000740,2.693717
54.004125,0.160851,2.477705,2.741379,3.536019,4.286931,2.856778,4.149176,3.533060,3.343359,3.384455,3.364729,3.240125,3.232892,3.217440,3.713884,3.548512,2.928575,4.065498,3.281669,3.954995,3.123485,3.391205,2.259760,3.570651,3.847069,3.585471,3.068073,3.060019,2.995263,3.399903,3.050354,2.683085
49.891571,0.170714,2.471458,2.749927,3.515635,4.265561,2.793325,4.128792,3.488018,3.317715,3.348290,3.317057,3.209878,3.198042,3.160562,3.692842,3.528457,2.910856,4.071297,3.289078,3.993010,3.104800,3.396037,2.299064,3.624131,3.833538,3.602868,3.135083,3.109632,2.978833,3.396037,3.040367,2.791010
42.353057,0.187810,2.492500,2.745982,3.454155,4.242876,2.726913,4.100847,3.508402,3.294372,3.414702,3.291084,3.217768,3.173713,3.109932,3.655362,3.512347,2.900547,4.120588,3.344491,4.065820,3.146681,3.514272,2.348355,3.662468,3.832894,3.609955,3.211114,3.192751,3.113820,3.416656,3.101256,2.997519
31.094791,0.196358,2.574035,2.762749,3.454812,4.226109,2.664118,4.102491,3.498210,3.280892,3.391688,3.230919,3.169110,3.090863,3.100397,3.648458,3.507744,2.968202,4.133153,3.488821,4.178256,3.230122,3.627675,2.258471,3.776515,3.908281,3.747842,3.416012,3.340947,3.277158,3.482700,3.218846,3.274903
21.650476,0.135535,2.766695,2.956067,3.558375,4.191259,2.664118,4.101176,3.486045,3.334482,3.426538,3.258207,3.245056,3.254591,3.095137,3.639253,3.424237,3.070328,4.129609,3.585793,4.212083,3.502030,3.698873,2.339979,3.829672,3.909892,3.757507,3.444684,3.380573,3.330960,3.590625,3.368009,3.436952
-5.117367,-0.039372,2.984999,3.151685,3.755309,4.305342,2.808449,4.180081,3.628732,3.570540,3.622814,3.389716,3.319359,3.520238,3.269057,3.832241,3.585334,3.312919,4.065176,3.881541,4.215305,3.697907,3.819685,2.900869,3.888307,3.941142,3.833216,3.429865,3.507507,3.386695,3.757829,3.491721,3.616721
-19.835392,0.007314,3.332181,3.456785,3.872022,4.453618,3.268399,4.307644,3.841118,3.710267,3.676075,3.684623,3.749062,3.734596,3.502813,4.065011,3.792131,3.690175,4.009119,4.150872,4.209506,3.898294,3.926644,3.312597,3.961116,4.073230,4.072908,3.440496,3.603190,3.506540,3.883152,3.748165,3.904415
-17.692628,0.153618,3.572841,3.423250,3.800022,4.494057,3.432785,4.330986,3.896351,3.652732,3.657664,3.793775,3.716843,3.678376,3.579416,4.069285,3.866433,3.858990,4.002353,4.236568,4.216594,3.999132,3.925678,3.587726,4.082250,4.283282,4.211439,3.343847,3.733989,3.640239,3.961438,3.853191,4.043591
-20.555882,0.142440,3.584677,3.457771,3.817446,4.520687,3.504785,4.341178,3.923968,3.663253,3.643198,3.800350,3.721445,3.681007,3.597828,4.086052,3.913119,3.977869,4.055833,4.296169,4.247522,4.095137,3.964016,3.656347,4.129931,4.319687,4.246555,3.387017,3.764273,3.665046,3.969492,3.890240,4.074196
-22.814525,0.122056,3.588951,3.518265,3.839145,4.519372,3.562649,4.347754,3.931530,3.655691,3.680349,3.843091,3.725062,3.668842,3.581718,4.087696,3.931859,4.104802,4.079029,4.346749,4.261697,4.178256,3.996876,3.677288,4.148617,4.350937,4.266851,3.450806,3.772005,3.650548,3.970459,3.926967,4.094493
-26.017945,0.077671,3.580403,3.507416,3.842762,4.509509,3.553772,4.345781,3.938105,3.674102,3.689226,3.861173,3.747418,3.662924,3.573170,4.087038,3.932845,4.113501,4.073552,4.347715,4.253320,4.176645,4.019106,3.667301,4.151516,4.357702,4.261052,3.470780,3.758796,3.649260,3.974647,3.934376,4.110279
-29.170451,0.099370,3.573499,3.507416,3.846050,4.522989,3.562978,4.345781,3.933503,3.654047,3.691856,3.857228,3.726706,3.641883,3.553115,4.090655,3.920352,4.119622,4.072908,4.350615,4.265563,4.178900,4.007186,3.665368,4.141851,4.361890,4.279416,3.509762,3.777482,3.678577,3.981413,3.931477,4.108024
-28.959673,0.082274,3.546868,3.490977,3.839803,4.509509,3.522539,4.332630,3.892735,3.647801,3.695801,3.844406,3.724733,3.611307,3.518923,4.084408,3.916406,4.122521,4.057444,4.334828,4.266207,4.179545,4.012018,3.643783,4.124454,4.381865,4.269751,3.467558,3.733667,3.669234,3.981413,3.924067,4.078062
-28.629651,0.037561,3.477497,3.445935,3.796076,4.487152,3.420620,4.296794,3.839474,3.609335,3.597828,3.800679,3.652404,3.570540,3.467306,4.034435,3.877612,4.089982,4.022650,4.328707,4.231413,4.152160,3.962405,3.609955,4.086439,4.382509,4.250743,3.417945,3.653126,3.651515,3.983668,3.907637,4.043913
-29.934174,0.011917,3.394647,3.394976,3.746432,4.460522,3.353222,4.309616,3.770432,3.577773,3.588622,3.740185,3.613937,3.509388,3.412730,3.993010,3.826981,4.033281,3.970781,4.308733,4.210795,4.130253,4.015884,3.531991,4.061310,4.371555,4.203385,3.363499,3.591270,3.625419,3.980124,3.881541,4.006541
-32.483622,0.005999,3.312783,3.346318,3.692514,4.464139,3.371633,4.316192,3.794433,3.546539,3.584677,3.735254,3.583690,3.462703,3.399250,3.972297,3.831912,4.008474,3.951773,4.319042,4.200163,4.129287,4.045201,3.451772,4.013307,4.377032,4.187599,3.304542,3.557120,3.669878,3.997199,3.868655,4.004286
-36.031817,-0.022933,3.275632,3.343030,3.689555,4.457234,3.373935,4.320466,3.785884,3.557060,3.594540,3.717500,3.583033,3.441661,3.379195,3.962763,3.863474,4.008152,3.946619,4.315821,4.196619,4.140240,4.047134,3.357055,3.987212,4.378643,4.195331,3.318718,3.525226,3.742366,4.043591,3.864466,3.993977
-37.156658,-0.017673,3.239139,3.340071,3.669500,4.450001,3.392017,4.325726,3.774377,3.524840,3.603745,3.717829,3.578430,3.411414,3.356510,3.945010,3.843748,4.019428,3.938887,4.326452,4.195008,4.152483,4.051323,3.339336,3.976580,4.385408,4.208217,3.373486,3.528770,3.786502,4.061632,3.877997,3.990111
-36.905661,-0.051207,3.194097,3.304564,3.636951,4.438166,3.373935,4.327699,3.770103,3.520895,3.600129,3.707966,3.552457,3.338427,3.326920,3.922653,3.838159,4.009441,3.922134,4.305834,4.177289,4.127998,4.046168,3.308408,3.967237,4.383798,4.204996,3.453061,3.533280,3.784247,4.061310,3.871232,3.978513
-37.469036,-0.073893,3.117493,3.283523,3.596512,4.423700,3.376565,4.323096,3.758268,3.498539,3.586649,3.691856,3.524512,3.267742,3.286482,3.891749,3.850324,3.985601,3.880575,4.291980,4.161503,4.128320,4.033926,3.214980,3.936954,4.374777,4.196297,3.468525,3.470136,3.771038,4.053256,3.839982,3.966915
-38.533022,-0.072906,3.081000,3.263468,3.591252,4.403316,3.406154,4.320466,3.750377,3.490319,3.588293,3.662924,3.513333,3.232892,3.251632,3.882543,3.858543,3.951451,3.857701,4.273939,4.137985,4.108668,4.024261,3.136372,3.910214,4.368656,4.214016,3.556154,3.406025,3.752353,4.044235,3.826451,3.948874
-37.831867,-0.079811,3.027081,3.249988,3.585992,4.408576,3.403853,4.315863,3.722432,3.479799,3.585334,3.645499,3.469607,3.195741,3.222371,3.868406,3.831584,3.921490,3.840948,4.253320,4.114789,4.090627,4.011052,3.103189,3.885085,4.366723,4.221426,3.544556,3.377996,3.739788,4.042302,3.810665,3.914724
-38.760801,-0.057454,2.944560,3.210864,3.553772,4.404960,3.465004,4.312246,3.721445,3.440018,3.553772,3.594869,3.434428,3.164508,3.214481,3.853282,3.816131,3.898294,3.801322,4.227547,4.099647,4.076774,3.995588,3.059052,3.859312,4.358024,4.243656,3.545522,3.330638,3.721747,4.032315,3.782636,3.888307
-37.861691,-0.117291,2.813380,3.154973,3.549169,4.399042,3.463689,4.299096,3.706979,3.405497,3.545224,3.566594,3.397935,3.107630,3.206919,3.834214,3.816789,3.874453,3.763628,4.207251,4.076451,4.050034,3.965304,2.979155,3.839337,4.364468,4.252676,3.533602,3.286501,3.693074,4.012340,3.761695,3.873165
-37.498033,-0.169894,2.736119,3.090534,3.487689,4.394439,3.461059,4.288904,3.698103,3.364729,3.522210,3.513333,3.354866,3.085274,3.155302,3.809556,3.794433,3.848358,3.718525,4.183088,4.057766,4.037792,3.951773,2.929864,3.831283,4.358991,4.247522,3.529736,3.265883,3.675033,4.008474,3.744299,3.853513
-37.012546,-0.233019,2.576665,3.032999,3.458100,4.394110,3.436072,4.268849,3.679034,3.342701,3.483415,3.474867,3.304893,3.008013,3.158261,3.776679,3.801665,3.830317,3.647327,4.164081,4.035859,4.024905,3.917624,2.809696,3.816141,4.348359,4.240434,3.525870,3.202738,3.640239,3.996232,3.741077,3.801644
-36.310789,-0.304362,2.481650,2.991245,3.450209,4.387206,3.433442,4.255369,3.622157,3.318372,3.457771,3.438374,3.258865,2.928779,3.135576,3.748076,3.797063,3.786824,3.568074,4.143784,4.015240,3.991400,3.875098,2.746552,3.781670,4.346749,4.234635,3.518460,3.160212,3.607378,3.982701,3.699517,3.785214
-36.538988,-0.358939,2.438910,2.920559,3.442319,4.395097,3.426209,4.232355,3.581060,3.305879,3.438374,3.430154,3.221056,2.893271,3.137220,3.727363,3.790816,3.716270,3.508795,4.133153,3.998487,3.966271,3.820007,2.646358,3.747198,4.331285,4.231735,3.502674,3.077738,3.562275,3.972070,3.639273,3.721425
-36.536626,-0.353349,2.424115,2.857107,3.412730,4.392138,3.422264,4.218218,3.563635,3.279906,3.420291,3.412072,3.195741,2.852833,3.114206,3.710267,3.769446,3.705639,3.462404,4.109635,3.975291,3.958539,3.776193,2.595778,3.731090,4.342883,4.221748,3.478512,3.026513,3.548100,3.973036,3.593203,3.691141
-37.914959,-0.385898,2.408663,2.817654,3.349277,4.397069,3.429826,4.210328,3.553115,3.261166,3.374263,3.377880,3.109932,2.777544,3.057657,3.674760,3.736240,3.684698,3.427287,4.101903,3.948552,3.954028,3.749775,2.577093,3.715626,4.322264,4.202418,3.454349,2.970135,3.513950,3.966271,3.561953,3.658280
-37.680782,-0.395761,2.380717,2.759462,3.298975,4.398384,3.422921,4.197177,3.500840,3.217111,3.346975,3.342044,3.061931,2.713763,3.004725,3.654705,3.724404,3.673744,3.386050,4.123165,3.934698,3.949196,3.724002,2.466268,3.703706,4.308089,4.197908,3.410857,2.926642,3.502030,3.957894,3.526515,3.637984
-38.920629,-0.411871,2.381375,2.670693,3.264125,4.397069,3.416675,4.183040,3.463689,3.172727,3.336455,3.285824,2.999136,2.659515,2.942258,3.623472,3.722760,3.688242,3.321939,4.167624,3.916657,3.966593,3.695007,2.326448,3.706283,4.301968,4.192109,3.356411,2.891526,3.491076,3.953706,3.497197,3.623809
-39.215926,-0.431269,2.318251,2.647022,3.210535,4.400028,3.417990,4.172190,3.440018,3.131630,3.315742,3.242755,2.970533,2.624337,2.925820,3.604074,3.712569,3.683731,3.290689,4.195008,3.905381,3.988178,3.703383,2.239463,3.683409,4.292303,4.195975,3.324517,2.879284,3.477868,3.954028,3.486566,3.632185
-40.158218,-0.427652,2.266634,2.608885,3.156946,4.398056,3.409113,4.153450,3.366702,3.096452,3.269385,3.149055,2.914313,2.596720,2.850202,3.600786,3.682650,3.650870,3.262983,4.201774,3.890884,3.964338,3.653126,2.055185,3.645071,4.293913,4.180833,3.279413,2.833859,3.464014,3.942753,3.456927,3.586437
-40.600662,-0.410556,2.218304,2.596391,3.067520,4.396083,3.397277,4.131751,3.384455,3.012615,3.228618,3.093493,2.847244,2.483294,2.824230,3.587636,3.685938,3.596102,3.252029,4.191787,3.864144,3.928577,3.605767,2.015558,3.637984,4.297135,4.168269,3.287468,2.733021,3.411824,3.934698,3.434375,3.563241
-41.333052,-0.503270,2.131838,2.550363,3.004396,4.397069,3.374921,4.109066,3.366373,2.988944,3.192124,3.054040,2.766366,2.430362,2.825873,3.572512,3.673116,3.557765,3.205638,4.195331,3.834183,3.914724,3.586115,1.940172,3.637662,4.291336,4.162148,3.272004,2.652479,3.390561,3.926644,3.417945,3.528448
-41.684348,-0.507544,2.096659,2.490856,2.884066,4.394110,3.356510,4.096573,3.352564,2.936998,3.161220,3.011300,2.721653,2.466527,2.824230,3.556731,3.672459,3.536502,3.173743,4.204029,3.819041,3.929866,3.573229,1.822259,3.612533,4.304545,4.150872,3.244297,2.551964,3.372842,3.920201,3.411179,3.529092
-41.381826,-0.578230,2.080220,2.389594,2.854148,4.389836,3.327907,4.083422,3.330537,2.919244,3.145768,3.034643,2.654584,2.475075,2.833106,3.541937,3.671472,3.522649,3.121874,4.206929,3.796812,3.938564,3.558087,1.791976,3.610922,4.314210,4.151194,3.244942,2.518136,3.367043,3.918268,3.401192,3.535213
-42.473003,-0.569353,2.053919,2.406033,2.868942,4.392795,3.333496,4.065011,3.303578,2.910039,3.145439,3.018533,2.630912,2.510253,2.855792,3.549169,3.689226,3.537790,3.078382,4.208539,3.793268,3.960472,3.562919,1.810983,3.607378,4.318720,4.169557,3.258151,2.484309,3.371553,3.921812,3.414723,3.551643
-42.267083,-0.515435,2.065426,2.484280,2.922861,4.400357,3.361770,4.059422,3.280235,2.912340,3.146425,3.008999,2.698968,2.664776,2.960012,3.580074,3.701062,3.565174,3.007184,4.224003,3.776515,3.998809,3.577095,1.963368,3.599324,4.320331,4.182766,3.246230,2.509760,3.414723,3.919557,3.445973,3.535213
-39.623593,-0.458228,2.050631,2.492828,2.936998,4.399699,3.351249,4.056463,3.295030,2.905107,3.129987,3.008013,2.730201,2.748612,3.035629,3.585334,3.696788,3.534246,2.901835,4.211117,3.704350,4.002998,3.569363,1.947581,3.569363,4.310666,4.185021,3.286179,2.476255,3.318718,3.908603,3.424388,3.535535
-35.795086,-0.377021,2.040110,2.380717,2.856120,4.377343,3.298975,4.012736,3.285495,2.859408,3.107301,2.986642,2.695351,2.807133,3.038259,3.549827,3.608677,3.453705,2.808730,4.185021,3.615110,3.937598,3.515883,1.843844,3.541978,4.283926,4.156671,3.317429,2.502350,3.237532,3.851902,3.408280,3.496553
-26.508226,-0.354007,1.987178,2.256771,2.653269,4.318493,3.129329,3.872351,3.228947,2.736448,3.050753,2.978094,2.665104,2.822586,2.972505,3.457114,3.565279,3.282635,2.602222,4.116078,3.470136,3.791657,3.412790,1.624772,3.444040,4.210150,4.077418,3.328060,2.468845,3.054220,3.729157,3.352545,3.456605
-15.604407,-0.422063,1.850738,2.121646,2.487568,4.194218,2.627624,3.681007,3.032013,2.617761,2.937327,2.937656,2.639789,2.707845,2.847572,3.196727,3.308509,2.954993,2.365752,3.968848,3.172132,3.489143,3.318073,0.741717,3.031668,4.085472,3.914402,3.235921,2.475933,2.733343,3.521682,3.266849,3.225612
0.721438,-0.561791,1.779395,2.036494,2.545432,4.162985,2.386306,3.583362,2.935683,2.722639,3.056342,3.020506,2.763736,2.773599,2.878806,3.152672,3.149713,2.752995,2.239463,3.812276,2.938884,3.191140,3.135405,0.028121,2.758472,4.000420,3.804544,3.172777,2.192427,2.416976,3.212725,3.093846,3.066784
22.303579,-0.339212,1.670243,1.754079,2.334361,4.152464,2.314634,3.684294,3.027739,2.624666,3.088890,3.077383,2.771297,2.665433,2.860066,3.070808,2.978423,2.686307,2.228832,3.659891,2.689206,2.839335,3.006217,0.013302,2.273291,3.905704,3.634118,3.045199,1.623161,1.994940,2.876707,2.695972,2.552286
25.729296,-0.417789,1.537090,1.473637,2.240332,4.141286,2.317265,3.658979,2.990916,2.619405,3.072452,3.076726,2.740393,2.684173,2.912998,3.113548,2.965601,2.826771,2.198548,3.677288,2.796487,2.770070,3.120908,0.013946,1.226253,3.896361,3.592236,2.974001,1.212722,1.938883,2.704026,2.411822,2.300030
26.942892,-0.311267,1.511117,1.462130,2.249538,4.145231,2.398471,3.702048,3.052068,2.554309,3.039903,3.057657,2.771626,2.733818,2.932066,3.167466,3.009656,2.967879,2.332247,3.692108,2.975933,2.783279,3.219169,0.014913,1.368650,3.910214,3.665368,2.982699,1.392813,2.002672,2.727544,2.435340,2.270069
30.016620,-0.183703,1.497309,1.385198,2.219291,4.144573,2.429047,3.705336,3.082972,2.525377,3.031027,3.043520,2.743681,2.701927,2.912011,3.163521,3.076726,2.973356,2.261370,3.697262,3.047132,2.786822,3.246553,0.014913,1.677607,3.940497,3.708538,2.998163,1.495261,2.022968,2.765882,2.496229,2.334180
29.379768,-0.123866,1.511446,1.407554,2.265647,4.173176,2.491842,3.737555,3.124069,2.537541,3.073438,3.075082,2.785435,2.689105,2.926477,3.210864,3.126699,3.012983,2.262981,3.678899,3.184697,2.840946,3.306153,0.015879,1.947581,4.015562,3.714981,3.035212,1.512658,2.078058,2.845779,2.586758,2.404734
27.792070,-0.123537,1.511446,1.440431,2.242305,4.185670,2.523733,3.775364,3.140178,2.561541,3.055027,3.086589,2.776229,2.721324,2.889984,3.228947,3.160234,2.951771,2.244296,3.609633,3.161823,2.743652,3.219813,0.014913,1.833857,3.966271,3.662146,3.008472,1.449192,2.060017,2.831926,2.494296,2.278123
24.505497,0.018492,1.505199,1.362512,2.197921,4.194875,2.510582,3.763528,3.135904,2.405046,2.977766,3.068178,2.794640,2.757818,2.869929,3.234865,3.163521,2.894103,2.214334,3.542301,3.089980,2.465301,3.060663,0.014268,1.539076,3.918912,3.592558,3.000740,1.215300,1.943715,2.714013,2.434695,2.094489
27.017842,-0.047262,1.522953,1.413801,2.239346,4.195862,2.545432,3.804953,3.178316,2.569761,2.939628,3.094479,2.797599,2.792010,2.894915,3.286810,3.162864,2.920199,2.285855,3.474002,3.149259,2.461435,3.019426,0.013946,1.871228,3.914402,3.596102,3.045199,1.294230,1.944038,2.726255,2.436951,2.133149
25.826170,0.053342,1.566680,1.519008,2.319895,4.210656,2.547404,3.855584,3.168782,2.520445,2.984999,3.108288,2.830147,2.866970,2.947847,3.323633,3.210535,2.903446,2.374451,3.443718,3.170844,2.452415,3.003318,0.012980,1.690494,3.917624,3.587082,3.062274,1.445004,1.945004,2.781023,2.472067,2.168265
28.117516,0.089178,1.563392,1.535446,2.344224,4.222821,2.555295,3.871694,3.202974,2.591788,2.981053,3.116836,2.878477,2.898203,2.892614,3.333167,3.222371,2.863498,2.432118,3.407958,3.221424,2.423098,3.019426,0.013946,1.957569,3.899260,3.585793,3.092880,1.610274,2.014270,2.803253,2.498162,2.161499
29.880578,0.242386,1.578187,1.608105,2.447787,4.214930,2.573377,3.887803,3.237823,2.524390,2.996177,3.119466,2.923847,2.903792,2.915957,3.344674,3.251961,2.869619,2.547776,3.370909,3.256862,2.427930,2.995263,0.013946,2.070004,3.928577,3.589337,3.096746,1.625094,2.027478,2.805830,2.537788,2.155378
31.766955,0.161508,1.576871,1.727778,2.562199,4.215917,2.582912,3.892077,3.245714,2.695351,3.031684,3.116507,2.999793,2.905765,2.931080,3.370647,3.268070,2.849000,2.628317,3.318718,3.269104,2.425675,2.947905,0.013946,2.055507,3.922134,3.575806,3.096746,1.634115,2.059695,2.815817,2.567428,2.167943
32.535238,0.124357,1.621256,1.799779,2.610528,4.227424,2.627296,3.927585,3.254262,2.776229,3.057986,3.091520,3.012287,2.948176,2.989601,3.434428,3.323961,2.902802,2.732376,3.274259,3.298421,2.431796,2.966913,0.013946,2.104154,3.949840,3.597713,3.117042,1.716267,2.043909,2.836436,2.678897,2.190816
34.780489,0.067151,1.716928,2.006904,2.777215,4.233670,2.662474,3.957174,3.276947,2.855134,3.098096,3.152343,3.051410,3.013930,3.040890,3.445935,3.320345,2.901191,2.830637,3.261050,3.361566,2.414399,2.958859,0.013624,2.105442,3.952740,3.591592,3.112854,1.815816,2.139914,2.945972,2.730443,2.188883
36.091204,0.048739,1.781367,2.058522,2.806147,4.242218,2.679242,3.979530,3.341058,2.909710,3.131959,3.200672,3.093493,3.027410,3.067520,3.470922,3.331852,2.892170,2.891526,3.219491,3.388305,2.375095,2.961114,0.014268,2.279412,3.949518,3.561308,3.141849,1.880893,2.232376,3.042622,2.766526,2.161821
38.311974,0.028027,1.743559,2.141043,2.908395,4.235314,2.683516,3.992353,3.362099,2.941272,3.097438,3.198371,3.139850,3.072780,3.077054,3.478155,3.323961,2.929219,2.904091,3.189851,3.380573,2.374128,2.956281,0.013946,2.312273,3.951129,3.560342,3.168911,1.951125,2.250095,3.080959,2.780379,2.233664
41.228554,0.115809,1.819176,2.242633,3.074096,4.252081,2.709160,4.028517,3.375250,2.995519,3.189823,3.228947,3.145439,3.158918,3.129658,3.517607,3.348619,2.922454,3.044233,3.158601,3.425032,2.446938,2.999774,0.013302,2.306474,3.953384,3.545200,3.134439,2.070649,2.369618,3.125740,2.791010,2.318394
42.138877,0.152631,1.860601,2.327128,3.143795,4.266547,2.740064,4.079806,3.399907,3.049766,3.215796,3.311139,3.161549,3.216782,3.194426,3.554101,3.381496,2.941140,3.119942,3.144748,3.464981,2.468523,3.031024,0.015557,2.363497,3.942753,3.539723,3.075483,2.273935,2.487208,3.166333,2.894103,2.348999
42.619556,0.197673,1.867834,2.351786,3.193111,4.274109,2.805818,4.113669,3.444949,3.081328,3.287797,3.299304,3.174371,3.259522,3.225001,3.588951,3.388072,2.969812,3.174065,3.182764,3.487855,2.580314,3.044555,0.338044,2.470456,3.967237,3.564208,3.093846,2.392492,2.543587,3.284246,2.955637,2.451448
43.921651,0.174659,1.884273,2.430033,3.251632,4.287589,2.818312,4.138984,3.468949,3.143466,3.343359,3.350592,3.171412,3.281879,3.241769,3.613280,3.388072,2.962725,3.231089,3.175354,3.492365,2.618652,3.024903,0.700480,2.561951,3.973681,3.570329,3.051965,2.449515,2.583536,3.298743,2.971745,2.447260
44.456656,0.216742,1.999014,2.492500,3.312454,4.302055,2.882751,4.149834,3.546868,3.187850,3.347633,3.381496,3.162206,3.302920,3.267413,3.629718,3.415360,2.940817,3.220457,3.105444,3.481733,2.591590,3.018137,1.127993,2.571294,3.946619,3.541334,3.027158,2.481732,2.626706,3.312919,2.936629,2.362853
45.415515,0.220030,2.008548,2.496774,3.288125,4.295479,2.828504,4.149176,3.504128,3.200344,3.331194,3.379195,3.162535,3.286153,3.231248,3.629390,3.407469,2.941140,3.249452,3.032312,3.488821,2.586113,3.014593,1.297452,2.655701,3.949518,3.540690,3.041977,2.468523,2.620585,3.323228,2.935663,2.318072
45.804551,0.149344,2.103563,2.500390,3.289112,4.310931,2.891299,4.152793,3.522868,3.292728,3.374921,3.426538,3.147411,3.327578,3.262481,3.661280,3.403195,2.992686,3.371875,3.158601,3.599002,2.797132,3.122519,1.548741,2.837402,3.967237,3.553254,3.050998,2.553252,2.737853,3.394104,2.996230,2.486242
46.241069,0.172358,2.160769,2.538856,3.266098,4.319151,2.908066,4.172848,3.552457,3.278262,3.403195,3.445278,3.189823,3.350921,3.276947,3.673116,3.412401,3.013627,3.418911,3.215303,3.709182,2.891204,3.225612,1.608664,3.025869,3.955961,3.618010,3.017171,2.569038,2.877673,3.437597,3.026191,2.629928
47.701151,0.159864,2.212058,2.583898,3.307852,4.317507,2.889984,4.178108,3.555087,3.301934,3.465333,3.465333,3.204618,3.334811,3.289112,3.674431,3.452840,3.004606,3.618976,3.269104,3.761051,2.924065,3.338048,1.560661,3.108344,3.964338,3.687920,3.055186,2.674709,2.941140,3.447584,3.028446,2.844168
46.698202,0.131261,2.206797,2.516500,3.368017,4.319479,2.917601,4.174820,3.555087,3.356510,3.420949,3.442976,3.181604,3.354537,3.308509,3.693500,3.463360,2.995908,3.732378,3.350612,3.799067,2.927287,3.349646,1.299385,3.134117,3.971425,3.680188,3.128962,2.762016,2.890882,3.421489,2.957892,2.864142
46.105814,0.125672,2.215017,2.556939,3.394647,4.311918,2.881107,4.170217,3.577444,3.359469,3.457442,3.434757,3.193768,3.346318,3.285495,3.699747,3.453168,2.998485,3.831928,3.369942,3.890884,2.968846,3.384117,1.261047,3.170521,3.969170,3.692108,3.253962,2.871230,2.891204,3.431476,3.007828,3.042300
43.409631,0.117124,2.239017,2.552993,3.436072,4.308959,2.846586,4.165286,3.576786,3.368345,3.462374,3.410757,3.203303,3.363085,3.264125,3.697116,3.438702,3.041011,3.877031,3.413757,3.973036,3.021681,3.404414,1.357375,3.213047,3.950162,3.754930,3.311952,3.011050,2.940817,3.459504,3.054542,3.122841
40.717290,0.147371,2.256771,2.614474,3.425552,4.301397,2.813051,4.160354,3.553772,3.330866,3.443634,3.388729,3.238152,3.354537,3.250974,3.692185,3.463689,3.123163,3.968204,3.495587,4.066464,3.099323,3.475935,1.324514,3.396037,3.970781,3.810020,3.416334,3.196939,3.050354,3.482056,3.050998,3.285212
38.177480,0.168413,2.296223,2.654912,3.438045,4.295479,2.793654,4.166930,3.546868,3.321660,3.461388,3.377551,3.239467,3.364400,3.230262,3.702377,3.422921,3.186308,4.048101,3.551321,4.137985,3.235921,3.616077,1.436305,3.464014,3.976580,3.871876,3.533280,3.286501,3.147326,3.560342,3.161823,3.442751
34.291481,0.155590,2.328772,2.668721,3.478813,4.291534,2.753544,4.161012,3.534046,3.342044,3.480128,3.375907,3.241111,3.414702,3.244399,3.710596,3.433442,3.269749,4.101580,3.645394,4.222715,3.407958,3.740755,1.764269,3.504929,4.058410,3.943075,3.608345,3.381862,3.209504,3.623486,3.292622,3.505574
30.988193,0.131261,2.433650,2.738749,3.567252,4.291863,2.769654,4.164628,3.569882,3.384784,3.491306,3.331523,3.278262,3.424894,3.241111,3.714212,3.424237,3.358022,4.167624,3.770716,4.338694,3.655381,3.955639,2.049386,3.676966,4.108990,4.033603,3.675999,3.563564,3.342880,3.759762,3.471746,3.677610
21.930630,0.070110,2.453047,2.767023,3.640239,4.271150,2.711790,4.152464,3.574814,3.433442,3.509717,3.359469,3.264125,3.458757,3.220070,3.712569,3.414045,3.382184,4.240112,3.872198,4.392818,3.789080,4.043591,2.417943,3.814853,4.128320,4.061954,3.686309,3.636051,3.540368,3.825806,3.607378,3.875420
