-1.666714,0.348909,3.158261,3.157932,3.396620,2.971519,3.916735,3.248015,2.988944,2.624008,2.767023,2.402416,3.062260,3.180617,3.069822,3.419305,3.709938,3.391205,4.019428,3.441463,4.079673,3.351256,3.802933,3.964338,4.060665,4.277805,3.661502,4.009119,4.022005,3.720780,3.610922,3.539401,4.262019,0.000000
-23.650512,0.252907,3.169768,2.988286,3.123411,3.012944,3.921996,3.209549,3.025437,2.799901,2.763407,2.430362,3.180946,3.222042,3.061273,3.458100,3.715856,3.322584,4.053578,3.441785,4.162792,3.328705,3.893461,3.942430,3.879930,4.261052,3.576772,4.035859,4.062598,3.711438,3.887984,3.588370,3.882508,-57.740352
-39.052828,0.243044,3.230262,3.110260,3.241769,3.398921,3.990709,3.350592,3.042534,2.869600,2.756174,2.479349,3.229604,3.432785,3.333825,3.716185,3.859200,3.440174,4.161181,3.651193,4.245589,3.571296,3.987534,4.004286,3.969815,4.269107,3.660213,4.231735,4.274583,3.971748,4.153449,3.781992,3.846747,-95.343762
-45.835451,0.094768,3.242755,3.133274,3.307194,3.577115,4.042654,3.194754,2.952121,3.007026,2.794640,2.522747,3.233549,3.471908,3.454155,3.791145,3.917064,3.509118,4.178256,3.691141,4.226581,3.619298,3.971103,3.943397,3.934698,4.276516,3.680510,4.262341,4.305511,3.979802,4.161181,3.863178,3.919235,-111.902875
-50.366764,0.004026,3.269057,3.177330,3.367030,3.684623,4.070600,3.024451,2.871244,3.118480,2.880449,2.623679,3.255906,3.474867,3.489662,3.831912,3.964078,3.505252,4.169557,3.649260,4.234313,3.634440,3.959183,3.905381,3.918590,4.279416,3.633474,4.258475,4.317754,3.961438,4.152805,3.877353,3.885729,-122.965766
-52.959207,0.013890,3.289769,3.167466,3.390373,3.758925,4.082436,2.887354,2.819627,3.116507,2.808777,2.593432,3.186206,3.472237,3.507744,3.863474,4.005175,3.469491,4.160537,3.623164,4.233668,3.647971,3.957572,3.875420,3.885085,4.271684,3.628963,4.246877,4.324519,3.954028,4.139274,3.877675,3.860278,-129.294930
-54.702713,-0.088030,3.292728,3.219084,3.394976,3.787200,4.091641,2.706530,2.771955,3.185878,2.793654,2.587186,3.218755,3.470922,3.487361,3.863146,4.021613,3.458215,4.151194,3.598035,4.221426,3.618976,3.937920,3.848036,3.871876,4.270073,3.580316,4.238501,4.325486,3.931477,4.143462,3.879930,3.842559,-133.551414
-58.019369,-0.088359,3.258207,3.204618,3.394976,3.803309,4.097888,2.671022,2.722639,3.167466,2.771297,2.568446,3.202645,3.453826,3.499525,3.859200,4.033449,3.410857,4.140240,3.579994,4.220782,3.618010,3.926967,3.827739,3.854157,4.262663,3.524904,4.224003,4.327419,3.919879,4.139918,3.852546,3.842559,-141.648656
-59.356074,-0.088688,3.215138,3.213166,3.397277,3.815803,4.094271,2.560226,2.602967,3.135576,2.713434,2.523404,3.191796,3.426209,3.489004,3.848022,4.045613,3.360921,4.122843,3.562275,4.212405,3.615432,3.910214,3.794234,3.819041,4.250099,3.472391,4.204996,4.320009,3.906348,4.129609,3.817108,3.840304,-144.912457
-59.585957,-0.121565,3.096452,3.190152,3.357167,3.841447,4.100518,2.538856,2.410636,3.056671,2.705214,2.486253,3.117165,3.375250,3.472895,3.827967,4.033778,3.281991,4.090949,3.526837,4.184699,3.587082,3.869943,3.760407,3.767817,4.244944,3.369942,4.179222,4.296491,3.882508,4.079995,3.732701,3.811631,-145.473539
-60.114444,-0.130442,3.020506,3.144124,3.283851,3.866762,4.106436,2.544774,2.159454,2.933382,2.663789,2.479020,3.026424,3.317057,3.470593,3.824679,4.026873,3.204027,4.055511,3.464014,4.158282,3.548744,3.808410,3.710149,3.717559,4.246555,3.167944,4.128642,4.272328,3.859312,4.045846,3.719170,3.760407,-146.763879
-61.499408,-0.114332,2.961656,3.097767,3.279906,3.868077,4.112683,2.526363,2.151893,2.856778,2.644063,2.457321,2.986314,3.301934,3.458100,3.813501,4.014380,3.174710,4.039080,3.416656,4.137019,3.503641,3.782314,3.686953,3.680510,4.232058,3.066462,4.111245,4.257831,3.857701,4.024905,3.650226,3.746232,-150.145254
-63.673914,-0.108743,2.879134,3.094479,3.226316,3.867420,4.116957,2.465540,1.893807,2.811408,2.629926,2.391896,2.907409,3.282865,3.433442,3.807255,3.996627,3.128640,4.026516,3.380251,4.118977,3.482378,3.759440,3.665690,3.614144,4.218204,2.988498,4.096426,4.247522,3.854801,3.993333,3.688242,3.734311,-155.453953
-65.149248,-0.091646,2.810750,3.044506,3.185220,3.864461,4.122217,2.354416,1.862903,2.783791,2.583898,2.324497,2.861381,3.278920,3.411743,3.798049,4.020627,3.109310,4.002031,3.325483,4.103836,3.450161,3.742043,3.605445,3.552288,4.217882,2.903446,4.079673,4.241078,3.853191,3.961760,3.732056,3.722069,-159.055594
-64.565093,0.000739,2.755188,3.014588,3.129658,3.857885,4.126491,2.295566,1.814902,2.693050,2.626967,2.232770,2.831791,3.279249,3.395305,3.789501,4.009449,3.104800,3.993977,3.312274,4.106413,3.458215,3.718847,3.560986,3.499775,4.232058,2.820005,4.050356,4.232380,3.840948,3.940175,3.749453,3.702095,-157.629820
-64.370105,0.027040,2.704886,2.948505,3.082315,3.848351,4.123203,2.323182,1.785970,2.620063,2.606583,2.229154,2.809764,3.259194,3.368345,3.771090,4.001558,3.087403,3.982057,3.294555,4.098359,3.449517,3.701773,3.549388,3.478834,4.243978,2.766204,4.035214,4.224003,3.841593,3.891206,3.725291,3.686631,-157.153570
-64.915983,0.122384,2.618748,2.912011,3.037273,3.838488,4.121888,2.302799,1.758682,2.537212,2.625652,2.218304,2.799901,3.270701,3.360126,3.748076,3.969996,3.057119,3.980768,3.308408,4.086761,3.444040,3.685664,3.540690,3.476257,4.243011,2.720134,4.028449,4.222070,3.846103,3.919235,3.716270,3.670845,-158.486078
-66.217099,0.139481,2.583569,2.871244,2.981711,3.820734,4.126491,2.275182,1.661695,2.445485,2.649981,2.218962,2.776558,3.272016,3.364071,3.725719,3.945996,3.077416,3.968526,3.287145,4.081928,3.427610,3.665046,3.502352,3.452094,4.249132,2.686629,4.009119,4.212083,3.832572,3.877353,3.687275,3.651837,-161.663062
-68.889397,0.145070,2.544774,2.824558,2.954094,3.810213,4.137340,2.168989,1.679119,2.354087,2.645049,2.196934,2.762421,3.251961,3.357496,3.710925,3.902927,3.054542,3.952740,3.297133,4.074196,3.472391,3.666657,3.497842,3.435019,4.245266,2.676642,4.000420,4.203385,3.815175,3.836438,3.625097,3.619943,-168.187191
-65.397546,0.113508,2.519459,2.772613,2.911025,3.805611,4.135039,2.105207,1.638352,2.347183,2.586199,2.167674,2.676283,3.223686,3.358154,3.709610,3.881557,3.038434,3.954028,3.335470,4.081606,3.471102,3.660535,3.409246,3.346102,4.245589,2.669876,3.991722,4.195975,3.800033,3.734634,3.578061,3.567752,-159.661820
-63.063944,0.088521,2.438910,2.670036,2.838696,3.778323,4.124518,2.170961,1.627831,2.308388,2.468499,2.140057,2.678584,3.226645,3.321660,3.680678,3.844734,2.980122,3.941142,3.342236,4.067753,3.437597,3.634762,3.389594,3.298743,4.232702,2.820650,3.989467,4.183088,3.787147,3.676644,3.542301,3.542623,-153.964680
-62.822827,0.122384,2.374471,2.628940,2.791024,3.742158,4.103148,2.260058,1.608434,2.225866,2.445814,2.083179,2.634529,3.166151,3.295687,3.650431,3.778980,2.986243,3.932765,3.310341,4.057121,3.410213,3.615110,3.456282,3.315174,4.214983,3.008472,4.011052,4.166658,3.757185,3.516850,3.450806,3.526515,-153.375816
-61.231479,0.170385,2.377430,2.572720,2.804832,3.720459,4.090655,2.313648,1.605146,2.173592,2.445485,2.096659,2.666748,3.129987,3.261495,3.602430,3.670486,3.031346,3.925356,3.259117,4.047779,3.381540,3.609311,3.509762,3.376385,4.210795,3.054542,4.009441,4.147972,3.728835,3.456282,3.460148,3.525226,-149.490906
-60.713613,0.231537,2.356717,2.516171,2.776887,3.664568,4.065011,2.295237,1.600214,2.075618,2.395512,2.076275,2.574364,3.084616,3.213494,3.547526,3.592238,3.043910,3.916979,3.241398,4.044879,3.367365,3.599002,3.498808,3.291334,4.200485,3.053253,4.003320,4.134441,3.704350,3.399903,3.363499,3.484633,-148.226363
-59.714544,0.334443,2.321539,2.495130,2.722639,3.627746,4.048244,2.416553,1.580817,1.918465,2.374471,2.049645,2.598364,3.043520,3.214809,3.507744,3.529114,3.035212,3.910858,3.238498,4.038436,3.341914,3.593203,3.490110,3.347068,4.188887,3.060985,4.020395,4.124132,3.675355,3.345780,3.316785,3.472391,-145.787566
-58.686035,0.335758,2.306744,2.454033,2.692721,3.575800,4.035750,2.675954,1.555830,1.846464,2.361977,2.056549,2.598364,3.016889,3.180946,3.473552,3.493607,3.013627,3.899582,3.230444,4.028771,3.323228,3.570973,3.478190,3.357700,4.180189,3.049065,4.035536,4.111890,3.606412,3.300032,3.231411,3.460793,-143.276340
-59.454302,0.347922,2.267949,2.445814,2.645049,3.533060,4.016024,2.496774,1.477582,1.772162,2.266634,2.041097,2.587514,2.975793,3.123740,3.412730,3.457442,2.972068,3.888629,3.209826,4.023616,3.295844,3.557442,3.474646,3.323550,4.159892,3.046166,4.027804,4.088694,3.550677,3.297777,3.206282,3.428898,-145.152070
-60.521282,0.319648,2.244277,2.418855,2.611515,3.520566,3.995969,2.391238,1.444048,1.748490,2.206140,2.055563,2.546089,2.908395,3.079356,3.379195,3.392017,2.897325,3.867366,3.185341,4.009441,3.270071,3.550677,3.453061,3.272970,4.147650,3.036501,4.047779,4.075163,3.481733,3.274259,3.102867,3.396682,-147.757059
-61.247946,0.213454,2.226852,2.379074,2.541158,3.502484,3.977558,2.315292,1.342786,1.759340,2.164057,2.060165,2.512226,2.880449,3.031684,3.322975,3.336455,2.810985,3.839015,3.150547,3.993333,3.244620,3.539079,3.417945,3.170199,4.135086,3.031668,4.042946,4.041658,3.352223,3.307120,3.037467,3.342236,-149.531090
-61.842291,0.297620,2.208441,2.318251,2.450088,3.441990,3.942708,2.225866,1.289196,1.598242,1.976986,2.052932,2.423129,2.783133,2.969546,3.237823,3.200344,2.765559,3.814531,3.103833,3.976580,3.203382,3.505896,3.393782,3.039722,4.112856,3.023292,4.039402,4.011374,3.285212,3.308731,3.039722,3.288756,-150.982164
-62.006586,0.119425,2.197592,2.167674,2.298196,3.307523,3.838159,1.973041,1.164263,1.558460,1.833642,2.003617,2.280442,2.743352,2.878806,3.091192,3.032013,2.696938,3.767817,3.047776,3.954995,3.144748,3.461115,3.366398,2.892493,4.069686,2.996874,4.036825,3.981735,3.254285,3.264916,2.964658,3.241076,-151.383504
-61.211815,0.156906,2.185099,2.147947,2.190688,3.196398,3.768131,1.767888,1.019275,1.428267,1.791888,1.861588,2.101591,2.681214,2.791352,2.966587,2.829819,2.668588,3.739144,3.007828,3.936954,3.110277,3.446295,3.337725,2.897003,4.049390,3.001062,4.058732,3.940175,3.209181,3.231733,2.808407,3.216269,-149.442785
-62.793019,0.209838,2.148276,1.920438,2.083837,3.078041,3.696130,1.458514,0.817080,1.286566,1.710024,1.854026,2.004603,2.530308,2.752557,2.878148,2.649323,2.616397,3.718203,2.961758,3.929544,3.054220,3.433731,3.296810,2.715302,4.010730,2.985921,4.048101,3.887984,3.170521,3.149581,2.665688,3.152158,-153.303387
-61.018720,0.239427,2.082851,1.760983,1.876711,2.986971,3.618540,1.185962,0.506390,1.081413,1.747175,1.823121,1.876711,2.453047,2.662474,2.747955,2.528664,2.599000,3.679543,3.033923,3.921490,3.062596,3.430831,3.257828,2.589335,4.060021,2.909890,3.953706,3.918268,3.288434,3.097390,2.602544,3.060019,-148.971496
-54.450671,0.100685,2.039124,1.694572,1.808655,2.927464,3.545882,0.995274,0.418608,1.030782,1.688654,1.740600,1.799779,2.300168,2.566802,2.682858,2.299511,2.642492,3.697262,3.036501,3.915369,3.095779,3.430509,3.178253,2.400546,4.065176,2.842557,3.931799,3.966593,3.321939,3.053898,2.325481,2.970457,-132.936258
-49.064463,-0.094934,1.936219,1.623886,1.716271,2.801873,3.477826,1.022891,0.211811,1.003165,1.617639,1.663996,1.704764,2.167674,2.461924,2.491842,2.043398,2.628961,3.667623,3.023292,3.906670,3.076771,3.421166,3.103511,2.337724,4.055188,2.838691,3.940175,3.939853,3.293911,3.147970,2.151512,2.917299,-119.786301
-47.590612,-0.389186,1.714298,1.532159,1.592324,2.580610,3.419634,1.043933,0.111535,0.935767,1.524597,1.615995,1.382239,1.985534,2.206140,1.996384,1.772819,2.612853,3.596424,2.985276,3.875742,3.006539,3.368653,2.969168,2.257505,4.040047,2.768137,3.930510,3.907314,3.239143,3.009117,2.070326,2.925676,-116.188133
-42.253875,-0.498996,1.695229,1.524597,1.508487,2.410307,3.315085,0.956479,0.109234,1.015001,1.443061,1.628489,1.282621,1.876382,2.047672,1.792874,1.549255,2.556152,3.506540,2.943395,3.867366,2.912467,3.331926,2.896036,2.208858,4.024261,2.739464,3.901838,3.889917,3.154735,2.920521,2.018458,2.919555,-103.158727
-40.985692,-0.971114,1.723175,1.466733,1.805696,2.365265,3.286810,0.883163,0.112192,1.413801,1.455555,1.277032,0.967986,1.779395,1.888876,1.595611,1.317471,2.479799,3.406669,2.924065,3.852546,2.862209,3.300999,2.804864,2.171164,4.010085,2.710469,3.824196,3.876386,3.146359,2.785534,2.051641,2.945328,-100.062605
-33.160027,-1.447178,1.816546,1.560433,2.209099,2.278798,3.216453,0.551432,0.112850,1.690298,1.494021,1.048207,0.851601,1.557145,1.598570,1.128427,1.114619,2.475933,3.456282,2.924387,3.848358,2.877673,3.291011,2.741397,1.885404,4.000098,2.564850,3.861889,3.868010,3.177931,2.739786,1.857375,2.933730,-80.957043
-24.459155,-1.731239,2.033864,1.606132,2.223894,2.169975,3.116507,0.179591,0.111535,1.929972,1.312868,0.646119,0.724366,1.247442,1.418075,0.807546,0.742778,2.126383,3.493009,2.843201,3.825484,2.756861,3.249774,2.561951,1.548419,3.974647,2.538111,3.811309,3.854801,3.115431,2.339335,1.468844,2.831281,-59.714805
-2.604474,-2.141549,2.229811,1.518350,2.316936,2.006576,2.991245,0.106932,0.105946,2.247236,0.777627,0.142111,0.522829,0.756257,0.958781,0.461677,0.542884,2.036499,3.520393,2.836114,3.874776,2.728188,3.255573,2.157955,1.296485,3.962405,2.629928,3.778126,3.830961,3.019104,2.098677,2.011048,2.846745,0.000000
11.172836,-2.318101,2.240661,1.272100,2.368553,1.669585,2.931738,0.102658,0.102987,2.419512,0.473513,0.000081,-0.000905,0.262441,0.417622,0.011588,-0.000576,1.748805,3.524259,2.796487,3.903448,2.678253,3.254285,1.743973,1.656988,3.947585,2.673098,3.403447,3.448873,3.127673,2.210146,2.605765,2.556796,27.277219
25.052564,-2.424295,2.295237,0.669133,2.851189,1.449637,2.886367,0.097398,0.096740,2.522747,0.097726,-0.000905,0.000081,0.000081,0.000739,0.000739,0.000081,1.927285,3.559053,2.871230,4.009763,2.826771,3.416334,0.828057,1.634115,3.947907,2.707570,3.280702,3.271681,2.947905,2.266203,2.698871,2.903124,61.163398
32.270566,-2.614327,2.313319,0.586611,2.970533,1.351334,2.888669,0.098384,0.097069,2.710146,0.098384,0.001396,0.000410,0.000739,0.000410,0.000739,0.000081,2.058406,3.733345,3.065496,4.029093,3.021681,3.424066,0.715944,0.903766,3.955961,2.643137,3.243009,3.310986,2.876707,1.981087,2.609631,3.474646,78.785641
32.958250,-2.713288,2.443841,0.670776,3.079356,1.281635,2.885710,0.101014,0.102001,2.815682,0.102001,0.000410,0.001067,-0.000248,-0.000576,-0.000576,0.000081,2.053574,3.680510,3.078060,4.028127,3.045843,3.411824,0.846421,0.713689,3.948874,2.581281,3.125096,3.295522,2.703059,1.880249,2.505250,3.692752,80.464422
35.882131,-2.710000,2.540500,0.357785,3.100726,1.122838,2.853490,0.099042,0.097398,2.808777,0.097726,-0.000576,0.000739,0.000739,0.000081,0.000410,0.000739,2.242363,3.642494,3.076449,4.018462,3.029091,3.411824,1.363174,0.006214,3.944041,2.606088,3.135728,3.340625,2.395069,1.673097,2.140236,3.679221,87.602715
51.420983,-2.672191,2.582254,0.608967,3.096781,1.034398,2.751242,0.098055,0.098055,2.770311,0.099370,0.000081,0.000739,0.000739,0.000410,0.000739,0.000410,1.995906,3.595458,3.017171,3.995910,3.005251,3.394427,0.695003,0.003315,3.891206,2.490430,3.324517,3.264594,2.681796,2.248806,1.689849,3.591914,125.539500
57.301046,-2.827373,2.678913,0.784532,3.207577,1.109029,2.784120,0.104631,0.103644,2.926149,0.103644,0.001067,0.000410,-0.000248,-0.000576,-0.000576,-0.000576,2.179863,3.558731,3.022003,3.960794,2.986565,3.329349,0.943715,0.003637,3.916979,2.485275,3.177287,3.367365,2.766848,1.573225,2.181473,3.735600,139.894965
59.274167,-2.773454,2.672995,0.952205,3.278591,1.730737,3.114534,0.113508,0.112192,2.889655,0.113179,-0.000576,-0.000248,0.000739,0.001067,0.002054,0.001067,2.288432,3.589981,2.961758,3.916013,2.919555,3.310986,1.710790,0.007181,3.913436,2.423420,3.100289,3.304220,2.805508,0.105763,1.682117,3.770716,144.712531
62.339966,-2.461447,2.537212,1.249415,3.188508,2.235401,3.496566,0.120412,0.118768,2.747955,0.120412,0.001725,0.001067,0.001067,0.549460,0.104302,0.000081,2.330958,3.563564,2.917622,3.908281,2.902158,3.388305,2.277157,0.008791,3.954995,2.472067,3.031990,3.227545,3.035212,0.019745,1.324192,3.813242,152.197098
63.852286,-2.178043,2.396827,1.430897,3.176015,2.451732,3.560019,0.126330,0.125343,2.705214,0.305182,0.001396,0.311100,0.561295,1.194510,0.623105,0.323593,2.322260,3.465625,2.852222,3.856090,2.824516,3.344491,2.417943,0.010080,3.927611,2.592879,2.914722,3.070972,3.128318,0.014268,1.168264,3.827095,155.889523
66.452931,-2.156344,2.416553,1.467391,3.195412,2.612172,3.616567,0.131261,0.129617,2.702584,0.474828,-0.000248,0.499815,0.686229,1.590680,0.851601,0.526774,2.444038,3.511695,2.898614,3.861889,2.878640,3.399903,2.452415,0.010724,3.974003,2.654090,2.930186,3.111243,3.171166,0.014268,0.857696,3.931799,162.238531
68.683908,-2.098808,2.386964,1.434513,3.202645,2.634529,3.617225,0.129946,0.129289,2.677598,0.517569,0.000739,0.529404,0.717462,1.648872,0.916369,0.536309,2.435018,3.501386,2.886049,3.854479,2.887338,3.399581,2.474644,0.009758,3.987534,2.655701,2.932441,3.105444,3.185985,0.013624,0.695970,3.951773,167.685145
71.517588,-2.014642,2.499075,1.566022,3.261824,2.716721,3.640568,0.150330,0.135535,2.673324,0.557679,0.073726,0.616858,0.857519,1.800765,1.110344,0.681297,2.594812,3.512339,2.986565,3.904737,2.926964,3.445973,2.568394,0.011047,4.022328,2.745585,2.931797,3.129606,3.174065,0.013624,0.552606,4.052933,174.603668
76.091434,-1.968614,2.522089,1.760655,3.317057,2.800229,3.734925,0.714174,0.144083,2.671022,0.796367,0.569186,0.883492,1.289854,2.062467,1.354622,0.885136,2.714657,3.541978,3.034568,3.914724,2.989464,3.477223,2.688884,0.011691,4.024583,2.759438,2.946939,3.195650,3.228511,0.013624,0.429539,4.164725,185.770242
77.328840,-2.048177,2.758475,2.126577,3.503470,2.934368,3.805282,1.043933,0.157234,2.826531,0.847327,0.798340,0.932808,1.558460,2.255456,1.522953,1.152756,2.780057,3.546811,3.109310,3.929544,3.080315,3.496553,2.734309,0.011047,4.106735,2.812596,2.930830,3.182442,3.259761,0.014590,0.393134,4.197908,188.790957
80.621089,-2.180673,2.823901,2.182140,3.579745,2.962642,3.835200,1.044590,0.269346,2.974807,0.905191,0.834834,0.954507,1.575228,2.297867,1.580817,1.224757,2.791333,3.572906,3.147970,3.931799,3.082570,3.496231,2.747840,0.012013,4.098359,2.809696,2.906668,3.181153,3.253318,0.013624,-0.000551,4.213694,196.828668
82.843414,-2.082698,2.838038,2.196605,3.640897,3.020177,3.854269,1.182346,0.482061,2.952121,0.968644,0.953520,0.969630,1.599228,2.416882,1.706079,1.283936,2.852222,3.559053,3.190818,3.943075,3.116076,3.502352,2.729477,0.011369,4.108668,2.831603,2.922454,3.197906,3.272004,0.014913,-0.001196,4.234957,202.254445
84.527653,-1.945599,2.830805,2.285045,3.664239,3.039246,3.878269,1.299717,0.708914,3.001108,1.072207,0.991658,1.005795,1.751120,2.504007,1.890848,1.413801,2.932763,3.561631,3.202094,3.944363,3.098356,3.530381,2.746229,0.011047,4.113178,2.811307,2.897003,3.204027,3.243009,0.014913,-0.000229,4.248488,206.366566
85.780331,-1.862420,2.822257,2.287346,3.683966,3.144453,3.909502,1.392102,0.916369,2.982368,1.182346,1.159331,1.272758,1.936876,2.629926,2.076604,1.631119,3.005251,3.640239,3.241076,3.941786,3.170521,3.548744,2.829993,0.012335,4.161181,2.806474,2.946616,3.300354,3.248163,0.015557,0.001059,4.297457,209.424488
85.844485,-1.814747,2.808120,2.296881,3.673445,3.157932,3.922982,1.551556,1.043604,2.999136,1.255662,1.180702,1.354293,1.994411,2.672995,2.154523,1.858957,2.978833,3.631863,3.213047,3.935665,3.155380,3.545200,2.824194,0.012013,4.143462,2.822261,2.969168,3.336115,3.252996,0.014590,-0.000551,4.303578,209.581254
86.280723,-1.659566,2.812065,2.362635,3.685609,3.201330,3.949612,1.637694,1.130400,2.981711,1.321416,1.247442,1.493035,2.152221,2.765380,2.307730,2.036165,2.950805,3.632829,3.190818,3.930510,3.151514,3.542623,2.832892,0.011691,4.134763,2.904413,3.058730,3.312597,3.254929,0.013624,-0.000874,4.336117,210.646367
85.275969,-1.513262,2.812065,2.402416,3.694486,3.273002,4.003531,1.854355,1.353964,2.941601,1.527227,1.390787,1.706079,2.318580,2.957711,2.578966,2.281757,2.963369,3.609955,3.190174,3.924389,3.165367,3.556798,2.786822,0.011047,4.152805,2.999452,2.947261,3.153447,3.280702,0.014590,-0.000874,4.350937,208.193184
84.819599,-1.328491,2.807133,2.568774,3.720130,3.400236,4.054819,2.159783,1.480213,2.878148,1.608105,1.588707,1.875396,2.381375,3.060945,2.726913,2.462910,3.039078,3.683409,3.262339,3.924389,3.231411,3.583216,2.793588,0.012335,4.148939,3.040689,3.172132,3.209181,3.348357,0.015235,0.000093,4.404738,207.078957
83.687871,-1.369916,2.792339,2.699954,3.715199,3.543909,4.096902,2.527021,1.582461,2.970204,1.684051,1.696873,2.000658,2.567788,3.090534,2.888997,2.595076,3.123807,3.735278,3.336115,3.939853,3.309697,3.622520,2.814529,0.011691,4.166336,3.115753,3.288756,3.312597,3.382506,0.026833,-0.000229,4.419236,204.316211
80.992956,-1.272270,2.811408,2.804503,3.719473,3.582375,4.129121,2.620720,1.621913,3.044506,1.759011,1.784984,2.099618,2.691077,3.123082,3.051739,2.799243,3.192107,3.791335,3.335148,3.977869,3.355445,3.667301,2.827093,0.011691,4.187276,3.174065,3.337081,3.427287,3.401836,0.094165,0.000093,4.434378,197.736520
79.959279,-1.126624,2.783791,2.825545,3.719473,3.600458,4.145231,2.804832,1.805039,3.014588,1.806683,1.822464,2.217976,2.750256,3.164836,3.202316,2.946204,3.234955,3.810665,3.347068,3.980446,3.371231,3.672778,2.754606,0.012013,4.183733,3.219491,3.406991,3.451450,3.403447,0.243005,0.000737,4.441465,195.212891
78.847116,-1.152926,2.714420,2.809764,3.690212,3.621170,4.159697,2.897874,1.826738,2.996177,1.943452,1.834628,2.409978,2.782804,3.164508,3.321989,3.039575,3.277158,3.835794,3.379929,3.990433,3.381862,3.693396,2.428574,0.009758,4.191142,3.308731,3.472713,3.425999,3.395071,0.444359,0.001704,4.460151,192.497770
76.142234,-0.958292,2.720009,2.854148,3.686267,3.618540,4.163971,2.987958,1.906958,2.911683,2.007562,2.044056,2.526692,2.881436,3.192453,3.395305,3.183247,3.315496,3.814853,3.389594,3.983346,3.394427,3.689530,2.201448,0.008469,4.190176,3.357055,3.472391,3.336115,3.405702,0.892490,0.318714,4.473038,185.894266
73.500585,-0.988210,2.687790,2.942258,3.671801,3.639253,4.172848,3.064232,1.926027,2.960012,2.051617,2.062467,2.647351,2.944889,3.253604,3.461388,3.289112,3.329349,3.814853,3.382506,3.984634,3.422455,3.703061,2.156667,0.008469,4.201774,3.358666,3.487532,3.336115,3.393138,1.230442,0.466910,4.475615,179.444551
69.295651,-0.855386,2.690749,2.992232,3.662267,3.626102,4.175478,3.078698,1.890519,2.856778,2.077919,2.162413,2.711461,3.020506,3.297331,3.511361,3.347962,3.320973,3.766528,3.418267,3.983346,3.401192,3.700484,2.272646,0.009436,4.206929,3.384439,3.452416,3.371553,3.399581,1.690816,0.604152,4.471427,169.178883
66.172065,-0.671273,2.657214,3.082644,3.600458,3.607033,4.179423,3.154644,2.054576,2.698968,2.130194,2.149920,2.807133,3.089877,3.350263,3.555087,3.455799,3.335148,3.837727,3.432442,3.987534,3.434375,3.693719,2.409889,0.009758,4.215627,3.388305,3.559375,3.422133,3.412468,1.940172,1.094166,4.467561,161.552930
61.692434,-0.546010,2.626967,3.027739,3.515964,3.574814,4.180409,3.165823,2.104221,2.558911,2.202195,2.137098,2.882093,3.131630,3.364400,3.588293,3.549827,3.322584,3.840626,3.420844,3.982379,3.417623,3.680188,2.433085,0.010402,4.220782,3.386695,3.613821,3.415045,3.398615,2.048097,1.374127,4.454352,150.616047
59.584172,-0.581189,2.602309,3.014588,3.467963,3.511690,4.166272,3.261495,2.190359,2.663132,2.206469,2.075289,2.851189,3.155959,3.353551,3.589280,3.549169,3.313563,3.849969,3.416012,3.978191,3.414079,3.676966,2.550997,0.756214,4.227869,3.389916,3.675355,3.420522,3.415690,2.307762,1.628316,4.439210,145.469074
54.061147,-0.401022,2.600994,3.072452,3.456785,3.503799,4.166930,3.314098,2.269593,2.561870,2.228168,2.135783,2.913655,3.202316,3.363743,3.611307,3.582375,3.324194,3.875420,3.424710,3.986567,3.419556,3.683087,2.692428,1.628638,4.238501,3.404414,3.754286,3.429865,3.446295,2.332247,1.942749,4.423102,131.985246
48.270176,-0.194552,2.593432,3.110260,3.404510,3.488676,4.158053,3.366702,2.425101,2.428060,2.380389,2.170633,2.953108,3.236508,3.351249,3.610978,3.633335,3.341914,3.906348,3.434697,3.990433,3.420844,3.694363,2.777157,2.161499,4.240756,3.392494,3.803255,3.434697,3.480123,2.450159,2.158600,4.400228,117.847070
43.533388,0.012903,2.755845,3.105658,3.387414,3.466648,4.146875,3.448237,2.547733,2.297538,2.571733,2.305758,2.984670,3.212508,3.345003,3.604403,3.694157,3.371875,3.947263,3.477223,4.002675,3.441463,3.720780,2.944683,2.902802,4.286181,3.446295,3.826129,3.499453,3.515883,2.695005,2.659889,4.368656,106.282629
37.862867,0.175646,2.865983,3.100726,3.343688,3.434428,4.125505,3.455470,2.690749,2.206140,2.660502,2.379402,2.985985,3.264454,3.310811,3.576129,3.727363,3.378963,3.979802,3.499453,4.018784,3.454994,3.727546,3.067751,3.252352,4.297779,3.445007,3.866722,3.570007,3.556476,2.989142,2.811307,4.302290,92.438637
33.597688,0.275921,2.831134,3.111247,3.351578,3.356839,4.103148,3.447579,2.739078,2.156167,2.709488,2.391238,3.064232,3.296673,3.294701,3.559690,3.770103,3.389272,3.993655,3.516205,4.033926,3.453383,3.730123,3.132506,3.425677,4.288114,3.433409,3.881541,3.644105,3.575484,3.200483,3.041011,4.248810,82.025629
13.090941,0.500144,2.840339,3.126699,3.402209,3.167466,4.065997,3.419963,2.856778,2.149920,2.778859,2.419841,3.077383,3.302920,3.266098,3.534046,3.777008,3.408280,3.985279,3.555187,4.054544,3.445329,3.743332,3.275547,3.712082,4.307767,3.424388,3.901193,3.726579,3.603512,3.333215,3.222390,4.195008,31.960344
-0.982712,0.736860,2.942916,2.975135,3.178316,2.839353,3.908516,3.186864,2.902806,2.112111,2.759790,2.358690,2.988286,3.182261,3.118151,3.385442,3.736240,3.384762,3.997843,3.561953,4.112856,3.439530,3.786180,3.567430,3.992366,4.301323,3.499775,3.962405,3.799067,3.630574,3.619943,3.307120,4.139274,0.000000
-16.971650,0.196358,3.113548,2.938642,3.101712,2.962313,3.803967,3.175686,2.938642,2.768667,2.782147,2.501705,3.114534,3.106973,2.979081,3.359140,3.735911,3.372842,4.095781,3.560664,4.218527,3.445329,3.957250,4.032637,4.142173,4.280382,3.524259,4.091593,4.031670,3.832894,3.947585,3.609955,4.087083,-41.434742
-29.270959,0.011588,2.971190,2.917272,3.077383,3.105329,3.851639,3.125055,2.735461,2.826202,2.795955,2.502034,3.106315,3.190809,3.133274,3.533388,3.831912,3.391205,4.154093,3.479478,4.223681,3.490110,3.954028,3.957572,3.936309,4.238179,3.537468,4.208217,4.171490,3.876386,4.051323,3.781992,3.922456,-71.462305
-36.502913,-0.119263,3.043520,2.927792,3.103685,3.363414,3.944023,2.994204,2.610200,2.904778,2.794640,2.442198,2.948176,3.252947,3.316400,3.685609,3.857228,3.326127,4.184699,3.496875,4.191465,3.508795,3.945652,3.859312,3.789402,4.223037,3.413112,4.252676,4.229480,3.849647,4.012018,3.726579,3.875098,-89.118281
-39.200988,-0.229731,3.049438,2.995519,3.125384,3.496895,4.011750,2.842641,2.329100,2.943245,2.784777,2.473431,2.840339,3.248673,3.410757,3.770432,3.911146,3.262017,4.191787,3.533280,4.231413,3.602546,3.996876,3.834827,3.780381,4.208539,3.399903,4.287148,4.252998,3.892495,3.994943,3.696618,3.835149,-95.705414
-42.560613,-0.176470,3.081000,3.022150,3.179302,3.623143,4.049887,2.699297,2.331073,2.968560,2.765708,2.493157,2.838367,3.307194,3.467306,3.817118,3.948626,3.234955,4.208217,3.528125,4.267496,3.666334,4.083217,3.847069,3.797778,4.224326,3.387661,4.294558,4.291658,3.908603,4.013951,3.742366,3.849647,-103.907828
-44.653323,-0.204415,3.108945,3.071465,3.276290,3.685281,4.072573,2.618748,2.351128,3.009985,2.700612,2.481979,2.835737,3.320674,3.515964,3.856570,3.973941,3.234310,4.230125,3.541012,4.321942,3.704994,4.156671,3.856412,3.849647,4.243333,3.364787,4.303256,4.360280,3.949840,4.086439,3.768139,3.877997,-109.017098
-46.395346,-0.308965,3.144781,3.079027,3.349277,3.718815,4.090326,2.420499,2.263017,3.069493,2.694365,2.455020,2.805161,3.308509,3.532073,3.872022,3.994654,3.229478,4.253965,3.573551,4.372522,3.742366,4.201774,3.868010,3.864466,4.212728,3.325161,4.297779,4.389597,3.990433,4.118977,3.724969,3.887984,-113.270109
-47.347935,-0.313239,3.079685,3.109274,3.419963,3.767802,4.118929,2.276826,2.128221,3.071465,2.677269,2.340936,2.683844,3.271029,3.527471,3.881886,4.045613,3.200161,4.245266,3.552610,4.375099,3.780059,4.204673,3.824518,3.743332,4.228192,3.202094,4.278449,4.389597,3.939531,4.084828,3.807443,3.797456,-115.595301
-47.056035,-0.294499,3.021492,3.104671,3.420291,3.794104,4.121231,2.252825,2.033864,3.050424,2.635515,2.271894,2.613816,3.249988,3.530758,3.875310,4.062709,3.203060,4.233668,3.542623,4.364146,3.770394,4.191787,3.809698,3.721103,4.230769,3.181475,4.261375,4.387986,3.935987,4.091915,3.830317,3.804221,-114.882910
-47.693921,-0.313239,2.961327,3.072780,3.395633,3.777336,4.111696,2.170633,1.868163,3.017218,2.670693,2.276826,2.548391,3.238152,3.511361,3.865776,4.062381,3.209181,4.219493,3.531025,4.343527,3.754930,4.168591,3.794879,3.717881,4.223037,3.127029,4.252998,4.387019,3.932765,4.096426,3.810665,3.791335,-116.440148
-47.571852,-0.257019,2.873545,3.009656,3.361770,3.764514,4.112354,2.073316,1.810299,2.926806,2.644063,2.177208,2.549377,3.241440,3.505443,3.857228,4.056134,3.214980,4.184377,3.497197,4.312277,3.731090,4.141851,3.762662,3.687597,4.214983,3.100934,4.233668,4.381543,3.923423,4.101258,3.778126,3.780381,-116.141996
-47.423469,-0.253731,2.824230,2.980725,3.298317,3.755638,4.116957,1.926027,1.776107,2.867956,2.644063,2.063124,2.506965,3.228618,3.497881,3.839145,4.053833,3.237532,4.154416,3.461759,4.279416,3.662791,4.087727,3.742366,3.675677,4.212083,2.990109,4.199197,4.368978,3.905381,4.084506,3.742043,3.763951,-115.779848
-46.583463,-0.091646,2.772613,2.931409,3.165165,3.763857,4.103477,1.831669,1.687339,2.708173,2.612830,2.077590,2.460280,3.216453,3.447908,3.807583,4.042326,3.245586,4.109312,3.383151,4.230447,3.593203,3.999132,3.687920,3.686631,4.212405,2.833536,4.136374,4.332573,3.851580,4.060021,3.703061,3.735600,-113.728996
-47.956960,-0.002220,2.687461,2.886039,3.073767,3.732624,4.092299,1.809970,1.638680,2.576336,2.561541,2.078905,2.366251,3.182590,3.452840,3.764186,4.011092,3.235277,4.051967,3.267171,4.156026,3.469491,3.868977,3.580638,3.578383,4.199519,2.772647,4.048101,4.291014,3.812276,4.012985,3.572584,3.705316,-117.082590
-49.147251,0.039534,2.624994,2.831463,2.981382,3.703692,4.086710,1.798463,1.508816,2.466527,2.528664,2.000329,2.257099,3.143466,3.451196,3.736569,3.968023,3.190174,4.010085,3.214658,4.118655,3.393782,3.814531,3.520393,3.536179,4.178256,2.635727,3.981090,4.271040,3.778126,3.970459,3.546167,3.656347,-119.988211
-49.356784,0.047424,2.555624,2.662145,2.933382,3.674102,4.075860,1.731723,1.363170,2.362306,2.528007,1.890191,2.000000,3.081986,3.450867,3.681993,3.943694,3.148292,3.981413,3.215625,4.108668,3.435342,3.796167,3.462726,3.470780,4.185343,2.548742,3.958861,4.264274,3.757185,3.943075,3.553899,3.632829,-120.500180
-49.438535,0.034931,2.516171,2.546747,2.914642,3.641554,4.074545,1.652489,1.361855,2.321539,2.450746,1.860930,1.952657,3.032342,3.431798,3.664897,3.916406,3.110599,3.963049,3.209504,4.101903,3.454672,3.791657,3.446940,3.433086,4.182122,2.430830,3.935343,4.263952,3.742366,3.926967,3.532313,3.604156,-120.699609
-53.479166,-0.009782,2.468828,2.428389,2.883737,3.587636,4.055477,1.543666,1.321416,2.268606,2.417540,1.793532,1.927999,3.033657,3.418647,3.650760,3.875639,3.069684,3.941464,3.270071,4.108346,3.479156,3.804221,3.452094,3.398615,4.166336,2.478832,3.944686,4.260730,3.735922,3.922134,3.485922,3.608989,-130.564434
-55.419273,-0.104140,2.490198,2.387950,2.882751,3.678048,4.082436,1.479555,1.297087,2.264990,2.422471,1.671558,1.849423,3.045492,3.442648,3.678376,3.889118,3.012016,3.967237,3.315174,4.137985,3.459182,3.838371,3.404736,3.390561,4.156349,2.547776,3.931799,4.275228,3.747520,3.914724,3.444362,3.596424,-135.301137
-58.388358,-0.184032,2.456992,2.362964,2.849874,3.734925,4.102819,1.172154,1.206346,2.265976,2.374471,1.618625,1.751778,3.044177,3.450209,3.651088,3.871365,2.948227,3.946619,3.391849,4.156026,3.566785,3.883796,3.346424,3.496231,4.156993,2.491719,3.900549,4.289403,3.766528,3.926000,3.444684,3.570007,-142.549563
-57.703907,-0.115318,2.407019,2.363950,2.784120,3.774049,4.116299,1.155386,1.135660,2.173263,2.318251,1.610406,1.699503,3.045821,3.472895,3.662267,3.830597,2.913756,3.989789,3.435986,4.159248,3.608022,3.910214,3.339014,3.473357,4.144106,2.516526,3.898938,4.292303,3.757507,3.923745,3.341914,3.544556,-140.878719
-57.989839,0.063205,2.535569,2.613816,2.811408,3.830269,4.135368,0.912753,1.172154,2.191016,2.310032,1.827724,1.620927,3.085603,3.486374,3.737555,3.874324,2.906668,4.003964,3.448550,4.164403,3.626386,3.961760,3.315818,3.445973,4.152160,2.301963,3.844492,4.311955,3.772971,3.962083,3.456927,3.524904,-141.576723
-58.206002,0.008958,2.493815,2.520116,2.767681,3.783912,4.102162,0.887108,1.144866,2.124933,2.265647,1.843176,1.794518,3.148398,3.447908,3.684294,3.834543,2.907634,3.977869,3.390238,4.147328,3.571296,3.907959,3.275225,3.421811,4.149261,2.271358,3.839015,4.294558,3.749775,3.906992,3.325483,3.498164,-142.104566
-57.086630,0.109234,2.454691,2.469157,2.714749,3.755638,4.062709,0.955822,1.108043,1.986521,2.167674,1.865533,1.866848,3.155302,3.428839,3.648129,3.789172,2.890560,3.977224,3.348679,4.145717,3.515883,3.878319,3.299710,3.312274,4.136696,2.371873,3.829672,4.290370,3.727546,3.862856,3.155702,3.444362,-139.371586
-58.858496,0.101343,2.417540,2.425430,2.672337,3.721117,4.042654,0.824642,1.042618,1.881314,2.089426,1.844491,1.802409,3.153329,3.426867,3.614595,3.708295,2.849967,3.961438,3.335470,4.135730,3.460148,3.876386,3.266849,3.224323,4.123165,2.392492,3.805188,4.284571,3.722391,3.849325,3.087725,3.381862,-143.697523
-56.766790,0.084904,2.400115,2.419841,2.585213,3.710596,4.016024,0.750339,1.007439,1.816217,2.030576,1.866519,1.893150,3.128014,3.411414,3.592567,3.668513,2.828704,4.010085,3.328060,4.135086,3.457249,3.882830,3.252996,3.195973,4.118977,2.407311,3.793268,4.281349,3.724002,3.841270,3.137016,3.345135,-138.590734
-57.011119,0.044794,2.400444,2.403731,2.501376,3.697445,3.993996,0.466938,0.929849,1.791559,1.896437,1.861916,1.871451,3.131630,3.403853,3.565608,3.636623,2.794232,4.005253,3.337403,4.137663,3.450483,3.898616,3.238176,3.117686,4.109957,2.513304,3.812276,4.292947,3.725935,3.832572,3.052609,3.311308,-139.187535
-57.996665,0.057287,2.400772,2.331730,2.402416,3.683308,3.979859,0.160193,0.868368,1.688983,1.807340,1.793532,1.783340,3.146096,3.396620,3.537005,3.597499,2.651191,3.978191,3.305831,4.132186,3.421811,3.901838,3.173743,2.998807,4.090305,2.493652,3.773616,4.280705,3.715626,3.833861,3.112532,3.289401,-141.593590
-64.151986,0.085562,2.385978,2.308059,2.383676,3.669500,3.964078,0.159864,0.841738,1.648544,1.801094,1.826080,1.962849,3.148398,3.420291,3.525827,3.550485,2.596423,4.030704,3.319040,4.147650,3.457571,3.940497,3.241720,2.961436,4.079673,2.477866,3.755252,4.287470,3.730768,3.838049,3.123807,3.271681,-156.621262
-66.936864,0.122384,2.380389,2.260716,2.360005,3.636623,3.924626,0.156577,0.794395,1.566680,1.783011,1.818847,2.014466,3.158261,3.429168,3.492950,3.414702,2.549386,4.051645,3.360599,4.175034,3.486888,4.013629,3.233344,2.871874,4.076129,2.463046,3.685342,4.319364,3.783925,3.890562,3.178898,3.250419,-163.420227
-63.939630,0.137179,2.368882,2.232442,2.320881,3.603745,3.858872,0.153289,0.736202,1.491391,1.732052,1.827067,2.170633,3.146425,3.418647,3.476182,3.290756,2.678575,4.046168,3.427932,4.203707,3.544234,4.055833,3.265238,2.911178,4.074518,2.238175,3.575484,4.371233,3.829672,3.926644,3.196939,3.222068,-156.102844
-68.415460,0.220359,2.341265,2.171619,2.200222,3.605389,3.839803,0.147371,0.714174,1.333252,1.699503,1.864875,2.278141,3.134261,3.377880,3.403853,3.231906,2.755250,4.014596,3.427610,4.171813,3.513628,4.014273,3.211437,2.869941,4.073552,2.164077,3.440174,4.360602,3.803577,3.875742,3.130895,3.188563,-167.029805
-64.906389,0.286442,2.277154,2.021699,2.041097,3.583690,3.861502,0.142440,0.558665,1.145523,1.671229,1.883615,2.330744,2.930423,3.203303,3.271029,3.064890,2.772969,3.936954,3.339981,4.115111,3.405058,3.872520,3.203060,2.588368,4.024583,2.216912,3.492687,4.305511,3.701450,3.695974,2.868975,3.091913,-158.462762
-64.248732,0.399211,2.220935,1.838574,1.837587,3.452840,3.751364,0.133234,0.417622,0.982452,1.656434,1.798135,2.111783,2.708831,3.051082,3.071794,2.843627,2.813884,3.888951,3.353189,4.091593,3.377674,3.832250,3.156991,2.553252,4.063887,2.265881,3.536179,4.270395,3.641528,3.591592,2.836436,3.066140,-156.857402
-65.004332,0.318004,2.209428,1.776107,1.744545,3.245385,3.638266,0.126658,0.338059,0.926232,1.596598,1.768216,1.743559,2.569432,2.945217,2.915628,2.409978,2.909245,3.848036,3.383151,4.076774,3.446295,3.816786,3.208859,2.628961,4.070330,2.276512,3.550999,4.244622,3.604479,3.468525,2.711758,3.175676,-158.701879
-62.902820,0.140796,1.944438,1.593639,1.674517,3.057986,3.587307,0.116138,0.115480,0.832861,1.512432,1.588378,1.658078,2.467842,2.797599,2.741708,1.985863,2.772647,3.961438,3.364787,4.055833,3.452416,3.768461,3.191462,2.625095,4.015884,2.425675,3.906992,4.215305,3.536179,3.372842,2.372840,3.240109,-153.571277
-60.730549,-0.087701,1.686681,1.420047,1.481199,2.834750,3.507087,0.102658,0.102329,0.721407,1.276045,1.546296,1.267169,2.160441,2.654912,2.551021,1.739285,2.648291,3.915046,3.185663,3.998487,3.375097,3.679221,3.128962,2.414077,4.085794,2.742363,4.012018,4.142818,3.375097,3.246230,2.001705,3.230122,-148.268035
-52.264295,-0.175483,1.621584,1.311224,1.326676,2.654584,3.433442,0.095754,0.094439,0.690174,0.993959,1.443719,1.090618,2.040439,2.484609,2.352443,1.470678,2.604477,3.899260,3.165367,3.995266,3.362210,3.675355,3.076449,2.373484,4.079029,2.815817,4.054544,4.141207,3.370264,3.238176,2.039076,3.249452,-127.598289
-44.261787,-0.300417,1.696873,1.398348,1.414458,2.575350,3.419305,0.095425,0.096411,0.793737,0.977849,1.379609,1.084700,1.935561,2.356060,2.118358,1.265196,2.764593,3.923101,3.252674,4.052933,3.413757,3.695007,3.055831,2.350288,4.112856,2.849645,4.091593,4.145073,3.375419,3.229800,2.061306,3.483989,-108.061125
-50.616698,-0.492749,1.785313,1.471007,1.468706,2.463896,3.387414,0.097398,0.096740,0.921301,0.903876,1.200757,0.902561,1.791559,2.195948,1.742244,1.022234,2.887338,3.950162,3.330960,4.082573,3.425999,3.721425,3.068073,1.919231,4.110601,2.904091,4.113178,4.161181,3.367687,3.153769,1.444681,3.954028,-123.575961
-21.439110,-1.459343,2.142687,1.816875,2.054248,2.216661,3.329551,0.104959,0.104959,1.641968,0.556364,0.594173,0.724038,0.942671,1.561090,0.771052,0.283483,2.746552,3.930833,3.315174,4.073874,3.442751,3.744621,2.840302,1.763625,4.069042,2.702737,4.102869,4.164725,3.312597,3.290045,1.791653,3.993333,-52.341363
3.267155,-1.641155,2.197921,2.063124,2.445485,2.196277,3.400565,0.119097,0.117782,2.205482,0.497842,0.339374,0.722065,1.113303,1.426294,0.604365,0.540254,2.668910,3.786502,3.193395,4.032959,3.339658,3.672778,2.113497,0.009114,4.066464,2.794232,3.903771,4.029737,3.424710,2.462080,1.015557,4.178256,7.976691
20.031679,-2.093548,2.419184,2.226524,2.829490,2.187071,3.421278,0.129289,0.127645,2.757489,0.413677,0.038547,0.547816,0.886122,1.206675,0.499486,0.432417,2.362208,3.584182,2.918266,3.876709,2.877673,3.452739,1.952092,0.008147,3.987534,2.763304,3.405380,3.459826,3.225612,0.772645,0.468199,4.062276,48.905418
32.921388,-2.046204,2.509267,2.121317,3.065876,2.152550,3.438702,0.129946,0.128960,2.805818,0.129617,-0.000248,0.061890,0.431102,0.645790,0.170056,0.052356,2.516848,3.639917,2.980444,3.862856,2.949516,3.496553,1.562272,0.007181,3.964016,2.759116,3.365110,3.355122,3.125096,0.397000,0.383792,4.231735,80.374629
42.766387,-2.212893,2.651954,2.132824,3.261824,2.209099,3.479799,0.136193,0.135207,3.061273,0.136522,0.001067,0.049068,0.498829,0.671763,0.154275,0.084247,2.719812,3.743976,3.136372,3.908925,3.168911,3.531669,1.770068,0.007181,4.068075,2.806152,3.336437,3.445651,3.079671,0.190815,0.000415,4.325163,104.410371
47.959019,-2.350321,2.754530,2.090412,3.341058,2.358032,3.491963,0.140138,0.138494,3.161877,0.139152,-0.000905,0.056301,0.509678,0.675708,0.169399,0.146714,2.787145,3.728190,3.168911,3.912469,3.197583,3.527803,1.871873,0.007181,4.094171,2.801642,3.267171,3.489788,3.051965,0.013946,-0.000551,4.356091,117.087551
52.243574,-2.389774,2.747626,2.065755,3.349934,2.390252,3.490977,0.138494,0.138494,3.177658,0.139152,0.001396,0.044137,0.520856,0.712202,0.190440,0.180906,2.791655,3.759118,3.158601,3.908925,3.184375,3.522971,2.002672,0.008147,4.103191,2.819039,3.177609,3.486244,3.047454,0.012980,-0.000874,4.361890,127.547687
58.515325,-2.432514,2.665433,1.846793,3.306537,2.312004,3.465333,0.134878,0.133891,3.150042,0.134220,0.000081,0.023095,0.458061,0.659598,0.161837,0.132576,2.744941,3.712082,3.099323,3.880575,3.097068,3.486566,1.983986,0.008791,4.076774,2.795199,3.052609,3.481089,3.010083,0.013946,0.000093,4.359957,142.859621
61.867298,-2.478214,2.708502,1.839889,3.327249,2.244277,3.451853,0.134549,0.134220,3.189494,0.136522,0.001067,0.001725,0.228249,0.540583,0.048411,-0.001234,2.693072,3.706605,3.042300,3.863500,3.023936,3.467558,2.004927,0.009114,4.071619,2.771681,3.005251,3.509440,2.995586,0.012980,-0.000229,4.360280,151.043184
58.002301,-2.521941,2.753873,1.828053,3.385442,2.258086,3.454155,0.135207,0.133891,3.172069,0.134220,-0.000248,0.013561,0.210167,0.537295,0.064520,0.000081,2.712080,3.728512,3.028446,3.856090,3.014271,3.463692,2.212079,0.008791,4.079995,2.768459,3.005573,3.515883,2.970457,0.013624,-0.001196,4.371878,141.606984
63.323651,-2.574874,2.710146,1.760655,3.366044,2.228825,3.416675,0.133563,0.132905,3.184234,0.133563,0.000410,0.000081,0.162166,0.488637,0.038876,0.000739,2.698871,3.707249,3.025869,3.849002,3.031990,3.459826,2.307440,0.009436,4.071941,2.722389,3.039722,3.524582,3.004928,0.012335,0.000415,4.368012,154.598688
65.600084,-2.637341,2.698968,1.711997,3.381825,2.092714,3.352893,0.130275,0.129617,3.145110,0.129617,-0.000576,0.000081,0.001396,0.250606,0.000081,0.000410,2.748485,3.722391,3.070650,3.851258,3.097068,3.453383,2.226577,0.009758,4.079029,2.713046,3.017815,3.510084,2.967879,0.013302,0.000415,4.380254,160.156426
68.693418,-2.764248,2.906094,2.028275,3.579416,2.188386,3.477497,0.139481,0.137508,3.293386,0.138166,-0.000248,-0.000576,-0.000248,0.234825,0.000739,0.001067,2.876384,3.735922,3.155058,3.863500,3.088369,3.446617,2.383793,0.010402,4.108346,2.714335,3.026513,3.522004,2.964013,0.013946,0.000093,4.425679,167.708461
69.163740,-2.633725,2.967574,2.188057,3.659965,2.464883,3.597828,0.146714,0.145727,3.300290,0.145727,-0.000248,0.119754,0.175317,0.610611,0.005341,0.133891,2.896036,3.719170,3.157635,3.884118,3.098356,3.465303,2.371551,0.010080,4.150550,2.815173,3.056797,3.547133,3.029735,0.012980,-0.000874,4.444043,168.856918
71.120133,-2.489721,2.920888,2.250195,3.666541,2.677926,3.681993,0.177618,0.148029,3.255906,0.149015,0.249291,0.582994,0.650393,1.219497,0.446225,0.365676,2.951449,3.736567,3.190818,3.931799,3.118653,3.496553,2.186628,0.009114,4.158604,2.815495,3.064529,3.566141,3.116720,0.013624,-0.000229,4.456285,173.633309
72.951250,-2.491694,2.900833,2.232113,3.659965,2.679570,3.655691,0.265729,0.148029,3.288783,0.176303,0.367977,0.636255,0.653023,1.304649,0.477787,0.363046,2.951449,3.700484,3.186308,3.914724,3.108666,3.489465,2.117363,0.008791,4.149905,2.803575,3.047454,3.563564,3.122197,0.013946,0.000737,4.454030,178.103609
75.407987,-2.469995,2.940286,2.228168,3.693829,2.681543,3.671801,0.192413,0.147371,3.268399,0.150330,0.361073,0.592529,0.645790,1.380595,0.482061,0.331484,2.981410,3.699195,3.207248,3.904093,3.115753,3.487532,2.281345,0.009436,4.150227,2.789400,3.031346,3.561308,3.129284,0.013946,0.000093,4.456285,184.101383
79.865529,-2.522599,2.953437,2.296552,3.701390,2.798257,3.698760,0.584638,0.153289,3.312783,0.154604,0.562610,0.714503,0.806559,1.520323,0.593186,0.404142,3.010727,3.710793,3.214658,3.910858,3.135728,3.496875,2.318716,0.009436,4.156026,2.800675,3.031346,3.559053,3.177287,0.013946,-0.001196,4.471427,194.984191
80.312968,-2.509448,2.942258,2.373484,3.702377,2.855792,3.736240,0.674722,0.241071,3.320674,0.158549,0.671434,0.826614,0.886122,1.649201,0.764805,0.519541,2.956926,3.702095,3.196939,3.903771,3.105766,3.490110,2.282956,0.010080,4.142818,2.774580,2.996230,3.537146,3.160534,0.013624,0.000093,4.482703,196.076590
81.452212,-2.214537,2.923190,2.466527,3.722760,2.895902,3.806926,0.868040,0.530062,3.214152,0.562939,0.890725,0.846341,1.276374,1.993096,1.221798,0.946287,3.026513,3.710471,3.235277,3.911503,3.156668,3.511373,2.274257,0.009436,4.151516,2.741397,3.027480,3.567107,3.257828,0.014590,0.000093,4.483347,198.858187
87.112006,-2.000176,2.896559,2.475403,3.712240,3.028396,3.865776,1.321087,0.851930,3.237495,0.843053,1.224100,1.144537,1.632105,2.324497,1.557474,1.279991,3.029735,3.771038,3.271681,3.939531,3.171810,3.537146,2.227865,0.009436,4.166980,2.809696,3.148936,3.582894,3.323550,0.013624,-0.000551,4.488502,212.675887
88.607412,-2.032725,2.938642,2.585871,3.773720,3.012287,3.890434,1.389472,1.074837,3.297989,0.876588,1.239223,1.299717,1.778737,2.437924,1.699503,1.329306,3.136694,3.806477,3.331926,3.966593,3.209181,3.570329,2.243651,0.010080,4.205640,2.848356,3.153125,3.577417,3.322906,0.014268,-0.000551,4.504288,216.326641
90.402279,-1.815734,2.937984,2.650638,3.823036,3.120781,3.964736,1.622571,1.211935,3.262152,1.042289,1.387499,1.546953,1.963835,2.644392,2.047343,1.735011,3.136050,3.839660,3.357055,3.967237,3.252996,3.583860,2.318394,0.010402,4.220137,3.029735,3.224323,3.588370,3.329349,0.014590,0.000093,4.529094,219.726371
92.701794,-1.766089,2.936998,2.698639,3.839474,3.260509,4.026545,1.808327,1.388485,3.262481,1.446349,1.559775,1.778408,2.295894,2.901162,2.361320,2.060823,3.118331,3.848358,3.361566,3.962405,3.263627,3.591914,2.314528,0.009114,4.216271,3.065173,3.262983,3.576128,3.338692,0.014590,0.000093,4.513308,219.726371
95.272037,-1.759842,2.911025,2.761106,3.851639,3.327907,4.065668,1.937862,1.467391,3.235851,1.609749,1.632434,1.874410,2.380060,2.980396,2.495130,2.223565,3.087403,3.850291,3.369942,3.950485,3.244297,3.587404,2.297453,0.009758,4.204029,3.059374,3.252674,3.593525,3.339981,0.014590,-0.000551,4.501388,219.726371
98.325287,-1.701649,2.910368,2.884723,3.870050,3.450867,4.097230,2.416882,1.555173,3.290098,1.715613,1.762299,2.136112,2.501376,3.045492,2.689433,2.351128,3.131862,3.867688,3.416978,3.955639,3.302609,3.632507,2.386049,0.010080,4.217238,3.133472,3.291978,3.602223,3.368653,0.015235,-0.000229,4.513631,219.726371
97.885596,-1.426137,2.901491,2.873216,3.878927,3.521881,4.134381,2.625323,1.732052,3.242426,1.837587,1.786628,2.263346,2.595076,3.078370,2.897546,2.636501,3.186952,3.868655,3.443396,3.945652,3.312274,3.641206,2.380572,0.009758,4.202740,3.148292,3.337725,3.612211,3.396360,0.014913,0.000415,4.522329,219.726371
100.428259,-1.231503,2.895573,2.977766,3.873337,3.550485,4.148847,2.686803,1.756052,3.265111,1.892492,1.871779,2.491842,2.682529,3.143795,3.059630,2.750914,3.206282,3.877675,3.445651,3.957250,3.352223,3.679221,2.475933,0.009758,4.216271,3.166978,3.391205,3.618976,3.464659,0.015557,-0.000874,4.528450,219.726371
101.066299,-1.071719,2.864668,2.991245,3.881228,3.616896,4.163313,2.909381,1.904985,3.207577,1.976329,1.984548,2.549048,2.742694,3.153987,3.212837,2.907737,3.209504,3.874131,3.451772,3.954351,3.391849,3.678577,2.529090,0.011369,4.225292,3.216913,3.463048,3.596102,3.442751,0.015235,0.001059,4.533927,219.726371
102.461103,-1.138788,2.839353,3.007355,3.860187,3.609335,4.170546,2.943573,1.873095,3.168453,2.030576,2.000000,2.584555,2.797270,3.169768,3.303249,2.972177,3.201127,3.859634,3.430509,3.937920,3.377674,3.657636,2.398935,0.010080,4.203063,3.307120,3.499775,3.579028,3.437597,0.014913,-0.000551,4.540370,219.726371
102.358390,-0.897469,2.839682,3.009985,3.877612,3.631033,4.187314,3.005054,1.802409,3.109932,2.053261,2.102248,2.698968,2.901162,3.184891,3.384455,3.079685,3.272648,3.878642,3.454994,3.950162,3.388950,3.700162,2.476255,0.010402,4.212083,3.354800,3.534891,3.584504,3.441141,0.015235,0.000415,4.546169,219.726371
102.616395,-0.848810,2.818640,3.061273,3.873995,3.670486,4.209670,3.145439,1.885259,3.154644,2.102906,2.174907,2.888011,3.030040,3.259194,3.459415,3.186535,3.301965,3.889917,3.469813,3.965626,3.405702,3.723680,2.594812,0.010724,4.212405,3.390561,3.545200,3.574195,3.427287,0.015235,0.000415,4.545203,219.726371
103.096438,-0.677191,2.753873,3.104014,3.866433,3.706979,4.226437,3.250646,2.024987,3.084616,2.141701,2.232442,3.023465,3.148727,3.312783,3.556402,3.284509,3.313563,3.894750,3.474002,3.968526,3.426965,3.740755,2.633149,0.011047,4.214016,3.401514,3.559375,3.587726,3.435019,0.014590,-0.000229,4.546169,219.726371
99.415785,-0.627546,2.763407,3.114206,3.847693,3.732295,4.236958,3.329222,2.272552,3.105986,2.200551,2.290963,3.114534,3.211193,3.357167,3.629390,3.385113,3.346424,3.911825,3.503319,3.974325,3.435019,3.755252,2.659245,0.011691,4.231091,3.420844,3.636051,3.587082,3.426643,0.335145,0.000737,4.550357,219.726371
99.077737,-0.750836,2.763407,3.188508,3.787528,3.750706,4.237616,3.383140,2.442855,3.095137,2.244606,2.379731,3.223358,3.224344,3.389387,3.667198,3.472895,3.366398,3.928900,3.548422,3.975614,3.450161,3.760407,2.728510,0.012013,4.234313,3.421489,3.722391,3.572262,3.452416,0.963367,0.004603,4.547458,219.726371
97.649019,-0.721904,2.650967,3.200015,3.799364,3.743473,4.241232,3.448237,2.617433,3.121439,2.434307,2.395841,3.235522,3.268070,3.415360,3.680020,3.514649,3.390561,3.908603,3.550999,3.972070,3.445973,3.760407,2.793266,0.012335,4.243333,3.463692,3.736889,3.571296,3.445651,1.462078,0.006858,4.534571,219.726371
94.576447,-0.615053,2.650967,3.235522,3.801008,3.738541,4.242547,3.499854,2.723297,3.043849,2.515842,2.428389,3.274317,3.291084,3.442648,3.711253,3.582375,3.397326,3.894428,3.572584,3.965304,3.460471,3.768783,2.813240,1.195003,4.244944,3.484311,3.782958,3.570329,3.466270,1.649901,0.509114,4.531027,219.726371
86.889837,-0.638067,2.580610,3.266427,3.800679,3.727363,4.248794,3.523525,2.734475,2.949163,2.611515,2.469814,3.293057,3.302263,3.458757,3.728350,3.641554,3.397970,3.934698,3.591592,3.966271,3.460148,3.772971,2.910856,1.995584,4.253965,3.510406,3.748487,3.601257,3.481089,1.985597,1.072258,4.515886,212.133160
76.794162,-0.640697,2.642090,3.259194,3.757281,3.688897,4.236300,3.548512,2.749927,2.941930,2.650967,2.525048,3.265769,3.318044,3.448237,3.725719,3.727034,3.415367,3.989145,3.601579,3.984956,3.477868,3.772327,3.068395,2.619618,4.261052,3.557120,3.801644,3.675033,3.490110,2.287466,1.909888,4.481092,187.485734
63.665531,-0.201128,2.575679,3.219741,3.698431,3.615252,4.205725,3.576457,2.859408,2.697324,2.731516,2.527349,3.255248,3.352893,3.422264,3.708623,3.741829,3.445651,4.039725,3.627675,4.030060,3.483989,3.792946,2.984954,3.240754,4.257186,3.607700,3.872198,3.744299,3.574195,2.656345,2.550675,4.432767,155.433613
47.382053,0.050712,2.589487,3.151685,3.607033,3.492292,4.166272,3.516292,2.772613,2.452718,2.772941,2.504993,3.226974,3.369003,3.379195,3.673116,3.755966,3.428576,4.040047,3.617687,4.057444,3.485277,3.794879,2.902802,3.531991,4.260086,3.634440,3.925678,3.762984,3.622842,3.166978,2.901191,4.373811,115.678645
28.648960,0.257839,2.727571,3.161549,3.534704,3.350263,4.111039,3.525498,2.971519,2.364936,2.786092,2.487897,3.145110,3.350263,3.286153,3.607691,3.748733,3.419878,4.040691,3.608989,4.073230,3.464014,3.805832,3.148936,3.935987,4.292303,3.689208,4.007830,3.824840,3.664079,3.365754,3.112532,4.310344,69.943762
1.112286,0.434389,3.096123,3.227960,3.509388,3.128672,4.040682,3.441661,3.087246,2.475403,2.784448,2.494801,3.234865,3.319687,3.202645,3.553443,3.759583,3.411824,4.069364,3.644749,4.124132,3.493654,3.863500,3.451450,4.215949,4.331285,3.765884,4.076451,3.955639,3.741399,3.608989,3.243331,4.311310,0.000000
-24.625755,0.126001,3.203960,3.057328,3.270701,3.224015,3.959147,3.334153,3.201330,2.966916,2.779517,2.431677,3.198700,3.276947,3.079356,3.559361,3.725062,3.518138,4.207895,3.685020,4.269107,3.581283,4.103836,3.799389,4.395073,4.363179,3.804544,4.207895,4.110923,3.900549,4.074196,3.617687,4.335795,-60.121602
-40.640819,0.179591,3.151357,3.128014,3.205933,3.423579,3.988736,3.304893,3.073767,2.911683,2.834750,2.489541,3.192453,3.336455,3.342701,3.724404,3.852625,3.590303,4.204996,3.733023,4.298746,3.613499,4.132508,4.121555,4.213372,4.343205,3.743976,4.298424,4.266529,4.015562,4.122843,3.734311,4.117044,-99.220734
-49.247223,0.076685,3.290756,3.189494,3.306208,3.679691,4.082764,3.318044,3.062260,3.013930,2.919244,2.555952,3.261824,3.391359,3.543252,3.832899,3.912132,3.469491,4.282315,3.719170,4.316143,3.674711,4.128964,4.067753,4.007830,4.307122,3.743654,4.360924,4.295524,4.011374,4.107057,3.808732,3.947585,-120.232289
-55.181997,0.089836,3.330208,3.291742,3.385770,3.835858,4.128464,3.148398,3.020177,3.069822,2.948176,2.587843,3.297002,3.447251,3.612951,3.857228,3.966708,3.403447,4.298424,3.727546,4.393140,3.729157,4.222070,4.071941,3.964016,4.281349,3.700806,4.374455,4.352870,4.041980,4.145717,3.918268,3.987534,-134.721699
-58.696317,0.058603,3.347962,3.308509,3.453497,3.913776,4.148847,3.074753,2.976779,3.115849,2.891299,2.659515,3.288783,3.496237,3.646157,3.864789,4.014380,3.298099,4.322908,3.714981,4.445976,3.786824,4.302934,4.074841,3.950485,4.272006,3.644749,4.382509,4.401517,4.061310,4.194686,3.978191,3.977547,-143.301641
-60.250486,-0.024248,3.329551,3.295687,3.480128,3.954544,4.165615,2.968231,2.916614,3.184563,2.899847,2.701269,3.271687,3.497552,3.671472,3.881886,4.040353,3.268138,4.316787,3.722391,4.451775,3.817752,4.325163,4.068719,3.921812,4.271362,3.679221,4.376710,4.411826,4.073874,4.216594,4.041013,3.969170,-147.095766
-63.477056,-0.049235,3.323633,3.251303,3.489991,3.976900,4.159697,2.908724,2.850860,3.193439,2.905436,2.674639,3.223686,3.472237,3.673116,3.870050,4.035093,3.241076,4.304545,3.711760,4.444043,3.849002,4.317109,4.037147,3.899582,4.275228,3.680188,4.367367,4.414726,4.068397,4.201774,4.026194,3.944041,-154.973238
-65.516193,-0.026221,3.309496,3.244399,3.503799,3.994325,4.153779,2.870586,2.763078,3.147083,2.845600,2.637816,3.206919,3.453497,3.658979,3.871365,4.053833,3.225612,4.285537,3.701128,4.433411,3.842881,4.297779,4.013951,3.879930,4.266529,3.663113,4.355125,4.413437,4.061632,4.210795,4.000098,3.920845,-159.951539
-66.204660,-0.139976,3.246700,3.211522,3.523854,3.999585,4.176464,2.672666,2.562857,3.185549,2.754530,2.596062,3.079027,3.403195,3.638595,3.860844,4.045613,3.179220,4.267818,3.670845,4.408604,3.834505,4.244944,3.948229,3.827417,4.254287,3.608022,4.327741,4.397973,4.027482,4.173101,3.941786,3.885085,-161.632305
-67.531295,-0.178771,3.236837,3.196727,3.538978,4.000243,4.193231,2.587843,2.436937,3.180617,2.664776,2.560226,3.020835,3.367688,3.623143,3.852954,4.060737,3.147970,4.245911,3.633151,4.383153,3.804221,4.212083,3.912791,3.807443,4.255576,3.529736,4.298746,4.395073,4.008797,4.147328,3.906670,3.859956,-164.871301
-68.238198,-0.205073,3.173713,3.187193,3.503142,3.988736,4.199478,2.515514,2.336991,3.141165,2.645707,2.499733,2.924505,3.341058,3.607362,3.841118,4.062381,3.151192,4.226581,3.602223,4.363501,3.824840,4.183733,3.878319,3.774904,4.265885,3.438241,4.272328,4.387341,3.992366,4.132830,3.908925,3.846425,-166.597211
-68.819528,-0.273786,3.089219,3.145110,3.457771,3.980188,4.205396,2.432006,2.194304,3.107630,2.643405,2.484609,2.864668,3.329222,3.593554,3.829282,4.067641,3.119619,4.203707,3.585793,4.321297,3.799067,4.134119,3.829995,3.762984,4.270073,3.371553,4.246877,4.375421,3.958539,4.110923,3.875420,3.822907,-168.016535
-69.208550,-0.206388,3.053383,3.115521,3.438045,3.972626,4.206054,2.406362,2.007562,3.023136,2.621378,2.430691,2.812723,3.342044,3.586649,3.815474,4.051202,3.119942,4.170846,3.537790,4.282315,3.759762,4.070975,3.772005,3.720780,4.271040,3.299388,4.209828,4.351259,3.928255,4.082573,3.823551,3.798745,-168.966059
-70.592476,-0.145236,2.969546,3.067520,3.406812,3.967366,4.212629,2.363621,2.016768,2.927792,2.578309,2.361977,2.780174,3.318701,3.553772,3.801665,4.038380,3.109632,4.152160,3.515883,4.261375,3.737211,4.037469,3.748487,3.646038,4.303256,3.235277,4.184377,4.334184,3.883796,4.057444,3.789080,3.775226,-172.344953
-71.371477,-0.134058,2.877162,3.013273,3.368017,3.953558,4.212958,2.352114,1.939178,2.885052,2.599021,2.271237,2.743352,3.322646,3.536676,3.789172,4.020627,3.158279,4.124132,3.510728,4.226903,3.703061,3.983668,3.694041,3.603190,4.302612,3.212725,4.156993,4.310988,3.858345,4.045201,3.742043,3.749775,-174.246977
-72.882494,-0.045947,2.792996,2.956067,3.332509,3.943037,4.210985,2.412937,1.888218,2.788065,2.619734,2.153865,2.744667,3.312454,3.537662,3.789501,4.001229,3.150225,4.111890,3.483344,4.196297,3.672456,3.938564,3.656992,3.512984,4.304545,3.196939,4.103513,4.297779,3.854479,4.039080,3.706927,3.720136,-177.935930
-75.242730,0.015205,2.687461,2.925491,3.281550,3.922324,4.206382,2.411622,1.864218,2.680885,2.661159,2.154523,2.705214,3.287797,3.513662,3.769775,3.983476,3.132184,4.096426,3.482056,4.161825,3.642172,3.905381,3.652159,3.526192,4.301645,3.196295,4.105124,4.287470,3.840304,4.013951,3.682121,3.682765,-183.698059
-76.689350,0.026712,2.663789,2.904778,3.256235,3.926270,4.215588,2.352114,1.816546,2.615789,2.690420,2.115399,2.682200,3.279577,3.506758,3.767473,3.939420,3.149903,4.087405,3.473679,4.167947,3.636051,3.897649,3.630896,3.495587,4.299068,3.190818,4.113178,4.290047,3.830961,3.993010,3.625742,3.666334,-187.229750
-78.375298,0.050383,2.645378,2.833764,3.202645,3.913448,4.209670,2.407019,1.769203,2.479677,2.700612,2.128879,2.656556,3.294372,3.502155,3.744459,3.891420,3.114787,4.070975,3.453383,4.138952,3.600290,3.872843,3.624453,3.487532,4.292303,3.166978,4.095137,4.269429,3.812920,3.958217,3.571940,3.635084,-191.345840
-77.226128,0.068466,2.595076,2.723297,3.149713,3.892077,4.203095,2.348827,1.687339,2.374799,2.632556,2.018411,2.567131,3.224344,3.475196,3.717500,3.845721,3.095457,4.050356,3.426321,4.130897,3.564208,3.846103,3.529092,3.466270,4.278772,3.136050,4.079351,4.256220,3.785214,3.907314,3.459504,3.587726,-188.540430
-72.976882,0.097726,2.559898,2.669378,3.102041,3.864461,4.187642,2.374799,1.681750,2.306086,2.541486,2.055234,2.621707,3.266427,3.473552,3.697445,3.801337,3.109632,4.035536,3.375741,4.114145,3.524582,3.807765,3.576772,3.432442,4.266207,3.141849,4.059377,4.240112,3.749131,3.848358,3.291656,3.568718,-178.166117
-69.177501,0.142768,2.554637,2.597049,3.031027,3.800022,4.149834,2.413594,1.669256,2.215017,2.501048,2.068713,2.735461,3.212837,3.454483,3.639910,3.712240,3.127996,4.004608,3.357700,4.079673,3.476901,3.748809,3.569363,3.388950,4.257509,3.149581,4.050678,4.211439,3.713371,3.801000,3.210792,3.543589,-168.890156
-71.878677,0.206550,2.506308,2.492500,2.945546,3.725719,4.105450,2.363950,1.649530,2.078577,2.464554,2.109481,2.756832,3.194097,3.383469,3.565608,3.635307,3.124452,3.988500,3.337403,4.063565,3.449517,3.725291,3.555509,3.419233,4.248810,3.179864,4.043268,4.197908,3.699517,3.774260,3.187596,3.527159,-175.485227
-72.085902,0.225290,2.428389,2.396827,2.905436,3.670486,4.068299,2.347511,1.431883,2.000658,2.374142,2.061152,2.712119,3.169768,3.334153,3.484730,3.507416,3.110277,3.977547,3.325805,4.053256,3.432120,3.721103,3.526515,3.464337,4.240112,3.170521,4.041335,4.179545,3.667623,3.721425,3.110599,3.503963,-175.990746
-71.922718,0.229235,2.410307,2.419184,2.893929,3.672130,4.063696,2.305758,1.388485,1.900383,2.328114,2.015781,2.682200,3.154316,3.312783,3.480128,3.487689,3.068717,3.961438,3.313563,4.049712,3.423744,3.730445,3.483666,3.380251,4.230125,3.143782,4.002031,4.171813,3.648293,3.679543,2.985276,3.448550,-175.592383
-69.064984,0.194714,2.377758,2.454362,2.871244,3.670157,4.054819,2.267949,1.349690,1.859944,2.263346,1.952986,2.686146,3.129987,3.321989,3.466648,3.432127,3.060663,3.963371,3.299066,4.049067,3.416978,3.730445,3.500741,3.349646,4.226903,3.148614,3.993977,4.165047,3.633151,3.626708,2.926964,3.436630,-168.615816
-66.833551,0.270003,2.355073,2.387950,2.794640,3.596512,4.000901,2.144988,1.333252,1.734353,2.149920,1.912547,2.579624,2.959683,3.258865,3.360784,3.337770,3.008794,3.949840,3.264594,4.039725,3.388950,3.721747,3.495264,3.281991,4.215627,3.133150,3.959827,4.142818,3.585471,3.562919,2.916655,3.396360,-163.167715
-64.153091,0.365018,2.336004,2.303456,2.637488,3.407140,3.886160,2.131180,1.306621,1.579830,2.075946,1.885588,2.526363,2.885710,3.170425,3.249659,3.249988,3.000096,3.921812,3.240431,4.024905,3.315496,3.694685,3.474646,3.340947,4.198874,3.149259,3.954028,4.112212,3.542301,3.433731,2.916655,3.391527,-156.623742
-65.541420,0.384745,2.329758,2.218304,2.563514,3.367030,3.819748,2.067398,1.298402,1.524597,1.884602,1.896766,2.457979,2.866970,3.144124,3.192782,3.228947,2.935341,3.896683,3.208537,4.005897,3.224001,3.658602,3.445651,3.258151,4.190176,3.137016,3.973358,4.106413,3.484311,3.401514,2.846745,3.350612,-160.013055
-69.568607,0.372909,2.308716,2.162085,2.548062,3.359140,3.818762,2.066741,1.252374,1.457856,1.777093,1.934904,2.408005,2.851518,3.122096,3.184234,3.187193,2.918266,3.882508,3.204027,3.998487,3.196939,3.663113,3.438885,3.208859,4.182444,3.129284,4.012663,4.124454,3.504607,3.377030,2.786822,3.339336,-169.845137
-73.753808,0.337730,2.303127,2.110796,2.541486,3.365715,3.832570,1.952000,1.214236,1.419061,1.741586,1.896109,2.417540,2.846586,3.123740,3.161220,3.080342,2.903124,3.859312,3.215947,4.011052,3.230122,3.661824,3.427287,3.160857,4.185666,3.094813,4.069364,4.164081,3.528448,3.377030,2.782634,3.307120,-180.063180
-76.390507,0.288414,2.306744,2.030905,2.542802,3.364400,3.841775,1.766573,1.180702,1.427938,1.706407,1.878026,2.358690,2.831134,3.121439,3.140507,2.999465,2.887338,3.846747,3.212081,4.025871,3.256540,3.669556,3.420844,3.117364,4.184699,3.056797,4.098681,4.178256,3.574839,3.357378,2.702737,3.267493,-186.500492
-78.108240,0.365018,2.303785,1.958904,2.453705,3.394318,3.850652,1.425308,1.104427,1.323717,1.713969,1.799121,2.260387,2.817983,3.107301,3.101055,2.874203,2.881539,3.819041,3.288112,4.039080,3.373486,3.686953,3.401514,3.031668,4.179222,2.993975,4.099325,4.207573,3.598357,3.328383,2.645392,3.219169,-190.693973
-79.586063,0.318990,2.284059,1.812929,2.430033,3.435415,3.835529,1.165907,1.044261,1.283936,1.640982,1.761641,2.157810,2.794311,3.093493,3.033328,2.764393,2.874129,3.935987,3.307442,4.046812,3.432442,3.691786,3.387661,2.916655,4.176001,2.956281,4.109635,4.228514,3.599002,3.291978,2.655057,3.162145,-194.302062
-81.888714,0.433403,2.261702,1.684380,2.442855,3.422264,3.808241,1.019603,0.913410,1.103769,1.685366,1.685695,2.030247,2.755516,3.061931,2.943573,2.645378,2.866719,3.960794,3.311952,4.064853,3.460471,3.715626,3.377352,2.902480,4.170202,2.929219,4.123810,4.230125,3.605445,3.289401,2.617363,3.118331,-199.923797
-84.968269,0.447540,2.230140,1.638352,2.445157,3.445935,3.825008,0.334443,0.865409,1.037028,1.645585,1.633091,2.015124,2.695680,3.041876,2.929436,2.607241,2.865431,3.985279,3.322906,4.073874,3.477545,3.742043,3.347713,2.901835,4.167947,2.948227,4.128320,4.244944,3.624131,3.329993,2.643781,3.112210,-207.442098
-81.281780,0.350552,2.189701,1.617310,2.462253,3.399907,3.802323,0.138166,0.693791,1.040645,1.648872,1.579502,1.841204,2.668392,2.984341,2.839024,2.374799,2.839980,3.981413,3.327738,4.082895,3.478834,3.761373,3.306475,2.913433,4.158926,2.909890,4.147650,4.274261,3.628963,3.270715,2.536178,3.186630,-198.441965
-77.966196,0.301894,2.051617,1.556159,2.330744,3.175357,3.738213,0.129289,0.453458,0.888752,1.582789,1.449308,1.728106,2.455348,2.825216,2.692064,2.052604,2.849967,3.934698,3.272648,4.060665,3.420522,3.719492,3.276836,2.845779,4.146039,2.974323,4.167624,4.257186,3.571296,3.149903,2.195971,3.244297,-190.347203
-66.416584,-0.057454,1.822464,1.424321,2.076275,2.959354,3.638266,0.111864,0.110549,0.798340,1.072536,1.356266,1.443061,2.215674,2.682529,2.409649,1.720545,2.829026,3.881863,3.234310,4.037469,3.334182,3.651193,3.264916,2.742041,4.126065,3.003318,4.185666,4.242689,3.490754,3.002673,1.612852,3.749453,-162.149730
-44.696587,-0.259978,1.862245,1.397691,2.061481,2.886039,3.580074,0.106932,0.105946,0.862451,0.812477,1.202729,1.027165,1.896766,2.361977,1.828710,1.216538,2.786178,3.832250,3.220779,4.029093,3.320329,3.639917,3.196295,2.136048,4.107702,2.984310,4.156671,4.216271,3.432120,2.837080,1.104475,3.935987,-109.122766
-22.387618,-0.976046,2.203181,1.618954,2.274196,2.671680,3.549498,0.116795,0.115480,1.500596,1.046563,0.894341,0.948260,1.586406,2.069042,1.188921,0.737517,2.668588,3.782636,3.097712,4.004608,3.254607,3.605445,3.009439,1.399900,4.080962,2.920199,4.048745,4.185021,3.306798,2.299386,0.970132,3.939853,-54.657129
-5.215223,-1.471507,2.304442,1.735668,2.463896,2.517157,3.547854,0.439321,0.131590,2.386964,1.187935,0.468910,0.766778,1.312539,1.678133,0.728969,0.646119,2.607376,3.777482,3.068395,3.994299,3.226256,3.566141,2.728510,0.011691,4.050034,2.780701,3.820330,4.081284,3.170199,1.674707,0.630570,4.032637,-12.732246
14.083642,-2.098151,2.422471,2.119015,3.063575,2.462253,3.547526,0.135207,0.134220,2.851189,0.457075,0.000410,0.490281,0.669133,1.117906,0.359429,0.399539,2.560340,3.810987,3.065496,4.005897,3.228189,3.581283,2.257827,0.010080,4.076451,2.729477,3.676322,3.926644,3.350934,1.767169,1.435016,4.153127,34.383762
28.964533,-2.122151,2.369868,2.058522,3.037273,2.343895,3.515964,0.131919,0.129946,2.820613,0.309456,0.001067,0.107590,0.500801,0.787162,0.188468,0.219044,2.627028,3.786502,3.070972,4.007186,3.216913,3.550999,1.905378,0.007825,4.080962,2.708536,3.447262,3.661824,3.239787,1.653445,1.331601,4.177612,70.714195
40.147572,-2.164234,2.417540,1.986521,3.089548,2.310689,3.485388,0.130275,0.130933,2.906422,0.130933,0.000081,0.000410,0.249291,0.696421,0.131919,0.000410,2.593523,3.810020,3.061307,3.988178,3.117042,3.514594,1.476898,0.005570,4.081928,2.716912,3.208537,3.491721,3.044233,0.323869,0.793908,4.243011,98.016715
46.906898,-2.199084,2.510911,1.935561,3.189494,2.282744,3.495909,0.131590,0.131919,2.963628,0.131261,0.000081,-0.000576,0.139809,0.607323,0.082274,0.000410,2.587724,3.883474,3.070972,3.983990,3.118009,3.496875,1.461434,0.005570,4.069042,2.692750,3.032312,3.461759,3.047132,0.013946,0.734629,4.277161,114.518777
51.457369,-2.305607,2.644721,2.015453,3.298317,2.430691,3.526484,0.137508,0.137179,3.117165,0.139152,0.000739,0.029671,0.260469,0.748038,0.114494,-0.000576,2.715624,3.800355,3.193395,3.972392,3.167944,3.521038,1.631537,0.006858,4.136052,2.774902,3.046166,3.463370,3.061952,0.012980,0.600931,4.301968,125.628301
53.798260,-2.359198,2.794969,2.101591,3.332181,2.510582,3.546539,0.142111,0.141124,3.241440,0.289730,0.001396,0.135207,0.302880,0.931821,0.203262,0.208852,2.783601,3.728512,3.192751,3.937920,3.140238,3.492365,2.119296,0.009436,4.153449,2.795521,3.003318,3.458860,3.039400,0.013946,0.510402,4.314210,131.343301
56.813626,-2.277333,2.765380,2.165701,3.370318,2.670036,3.603745,0.146056,0.143755,3.187850,0.325894,0.000410,0.318004,0.634283,1.366458,0.490609,0.308798,2.750740,3.663113,3.143460,3.908603,3.081282,3.454349,2.320649,0.009436,4.142495,2.783923,2.983343,3.446295,3.063885,0.013946,0.103830,4.329674,138.705332
60.995266,-1.997874,2.806476,2.210414,3.413058,2.815353,3.707966,0.676037,0.304196,3.194754,0.687873,0.486993,0.721407,0.927219,1.725476,1.022562,0.518884,2.828704,3.630896,3.091269,3.899582,3.085470,3.471746,2.405378,0.010402,4.139274,2.794554,3.032312,3.445651,3.090947,0.013302,-0.000551,4.347393,148.914445
64.375930,-1.907133,2.821599,2.376115,3.562978,2.927792,3.809227,1.006453,0.452801,3.206261,0.899273,0.868040,0.879547,1.374019,2.011836,1.215880,0.839765,2.916333,3.648615,3.174387,3.920201,3.108666,3.495264,2.535855,0.011369,4.162148,2.854477,3.166333,3.507185,3.152480,0.014590,-0.000229,4.405383,157.167957
65.818988,-1.824610,2.870258,2.542144,3.633992,2.984670,3.856899,1.322073,0.748038,3.212837,1.044919,1.014672,0.989028,1.627831,2.233428,1.413472,1.148153,2.997196,3.684698,3.174387,3.922456,3.128962,3.494298,2.538111,0.010080,4.175356,2.911823,3.203705,3.528125,3.274581,0.014590,-0.000551,4.414403,160.690719
69.029449,-1.833816,2.900833,2.615789,3.695801,3.050753,3.904899,1.452267,0.877245,3.228618,1.207332,1.101796,1.279662,1.735011,2.454691,1.720545,1.340156,3.035212,3.707894,3.193717,3.919557,3.129929,3.504929,2.554541,0.011047,4.178900,2.969490,3.241398,3.538435,3.301643,0.014913,-0.000551,4.424068,168.529000
71.095585,-1.739787,2.932724,2.657214,3.769775,3.139192,3.926927,1.554515,1.055768,3.217440,1.366458,1.104755,1.378293,1.844163,2.564500,1.903341,1.446349,3.046166,3.725935,3.250096,3.927611,3.196295,3.513950,2.540366,0.011047,4.231413,3.042300,3.285212,3.545844,3.310986,0.014590,-0.000229,4.432123,173.573281
72.622254,-1.545481,2.958039,2.666091,3.820734,3.237495,3.964407,1.544981,1.122180,3.246700,1.505199,1.234620,1.474624,1.940821,2.710804,2.100276,1.644598,3.043588,3.743010,3.266527,3.928255,3.221424,3.521038,2.618008,0.012013,4.235924,3.038111,3.265560,3.540368,3.299066,0.015235,0.000093,4.442432,177.300434
74.511977,-1.476768,2.965930,2.775243,3.889776,3.340400,3.986435,1.412814,1.120536,3.166480,1.612708,1.391444,1.678791,2.342580,2.993218,2.374799,1.720873,3.087403,3.766206,3.333859,3.950485,3.244620,3.544556,2.635727,0.010724,4.237534,2.993330,3.226578,3.546489,3.367043,0.014913,-0.000874,4.460473,181.914105
74.192142,-1.397533,2.975135,2.777544,3.905886,3.330866,3.975585,1.141578,1.132043,3.111247,1.649859,1.470349,1.758682,2.446472,3.012615,2.504335,1.709695,3.086758,3.767494,3.346102,3.950485,3.251385,3.549710,2.666977,0.011691,4.226903,2.971423,3.171166,3.540690,3.345457,0.023289,0.000093,4.465950,181.133254
76.543718,-1.519179,2.944889,2.886367,3.905886,3.297660,4.024572,1.351663,1.339498,3.185878,1.663010,1.564049,1.892163,2.427732,2.982697,2.520445,1.896766,3.089980,3.790690,3.313563,3.938564,3.236243,3.547777,2.753961,0.011691,4.200807,3.082570,3.290045,3.602546,3.306798,0.019423,0.000093,4.485602,186.874547
76.474407,-1.335395,2.956396,2.943573,3.904571,3.428182,4.088025,2.266963,1.527556,3.292728,1.764929,1.627173,2.030905,2.483623,2.996506,2.601323,2.290305,3.132828,3.797778,3.336437,3.930510,3.275547,3.545844,2.801642,0.012335,4.218204,3.140238,3.399259,3.637340,3.364787,0.139268,0.001059,4.492045,186.704883
75.968579,-1.304161,2.942916,2.968889,3.893721,3.439689,4.098874,2.378087,1.577858,3.226645,1.796820,1.701476,2.049316,2.472116,3.062260,2.696666,2.348827,3.134117,3.796489,3.322584,3.923745,3.285857,3.550999,2.810018,0.012013,4.222393,3.189529,3.479800,3.638306,3.429220,0.015235,0.000093,4.498811,185.470105
76.476608,-1.256161,2.956067,3.000780,3.898653,3.444620,4.114326,2.543459,1.602187,3.293057,1.820820,1.759668,2.156167,2.574364,3.088233,2.783133,2.535897,3.215303,3.825484,3.398937,3.940497,3.332571,3.588370,2.929219,0.012013,4.235924,3.244297,3.552932,3.711115,3.514594,0.039075,0.000415,4.501388,186.710340
76.427564,-1.185474,2.944560,3.034314,3.899639,3.472895,4.120244,2.585542,1.683393,3.292071,1.866190,1.785970,2.247565,2.651625,3.100726,2.851518,2.568774,3.268782,3.828062,3.397004,3.942430,3.346746,3.629608,2.920521,0.012980,4.243011,3.273614,3.605123,3.736567,3.515239,0.086755,0.000415,4.515886,186.590781
77.302538,-1.101308,2.919244,3.066205,3.900625,3.502813,4.125176,2.637816,1.774463,3.303906,1.910574,1.866848,2.332388,2.706530,3.114206,2.926149,2.708173,3.286501,3.831928,3.409891,3.947585,3.381218,3.647004,2.948227,0.012980,4.249132,3.302287,3.612211,3.740755,3.535213,0.239462,0.001382,4.525873,188.726961
77.527769,-1.121035,2.923847,3.107959,3.900625,3.500183,4.137998,2.692064,1.799450,3.311797,2.032549,1.875067,2.348827,2.732174,3.105986,2.985656,2.761106,3.292622,3.845781,3.408602,3.958217,3.372519,3.663757,2.916977,0.012335,4.254609,3.337725,3.608989,3.722391,3.509440,0.253959,0.000093,4.541981,189.276633
79.030662,-1.148652,2.934368,3.084616,3.902598,3.504457,4.143258,2.685159,1.803395,3.309824,2.020055,1.862574,2.361320,2.729215,3.125713,3.070808,2.825545,3.282957,3.844170,3.431798,3.955639,3.347068,3.664724,2.917944,0.012335,4.238823,3.347068,3.579672,3.714337,3.512017,0.176962,0.000737,4.554546,192.945742
80.700608,-1.076650,2.904778,3.130315,3.903913,3.566266,4.163971,2.872888,1.925369,3.306537,2.079234,1.973699,2.531295,2.809764,3.156946,3.224673,2.923847,3.346424,3.852868,3.459182,3.974647,3.388628,3.690175,2.911500,0.012335,4.245266,3.413757,3.602546,3.750420,3.537790,0.371549,0.001059,4.563888,197.023137
80.469058,-0.985909,2.896888,3.158918,3.914434,3.570540,4.175149,2.951793,1.850738,3.293386,2.158797,1.998028,2.567131,2.849545,3.178316,3.310482,2.977108,3.374452,3.870265,3.497842,3.987856,3.412468,3.706605,2.922454,0.012335,4.270073,3.439208,3.655703,3.760407,3.545522,0.323547,0.000737,4.572587,196.457590
81.587133,-0.935935,2.835079,3.157932,3.917722,3.604403,4.181067,3.030040,1.946411,3.262152,2.181811,2.103234,2.683516,2.949820,3.223686,3.394647,3.068506,3.392494,3.876709,3.500741,3.991722,3.421166,3.709827,2.926964,0.012980,4.271362,3.433086,3.722713,3.753319,3.521360,0.389913,0.001382,4.576775,199.187098
82.423595,-0.888263,2.806805,3.184234,3.907530,3.615910,4.197834,3.119137,2.065097,3.212837,2.203510,2.130851,2.761434,3.017876,3.270372,3.462045,3.143795,3.397970,3.876709,3.512339,3.990755,3.412790,3.715626,2.924387,0.012980,4.273939,3.427287,3.748487,3.744943,3.488499,0.596098,0.003637,4.575809,201.229516
82.984248,-0.906674,2.775243,3.183905,3.902927,3.624787,4.199807,3.140507,2.019727,3.227632,2.222907,2.143016,2.810750,3.049766,3.303249,3.494265,3.213823,3.385084,3.875098,3.513950,3.986567,3.420844,3.707249,2.933085,0.011369,4.263952,3.448228,3.747198,3.734634,3.458860,0.672774,0.002026,4.575809,202.598238
83.368186,-0.897798,2.769982,3.185220,3.858872,3.647801,4.208355,3.211522,2.238359,3.235193,2.254469,2.170961,2.869929,3.133603,3.325277,3.540950,3.272016,3.398615,3.901193,3.542945,3.991078,3.427287,3.727546,2.964336,0.012980,4.262985,3.442751,3.760085,3.739466,3.445973,1.146356,0.004925,4.582574,203.535855
83.701805,-0.817906,2.776887,3.187521,3.918050,3.693500,4.221177,3.318044,2.399786,3.225988,2.341922,2.266305,2.952450,3.226645,3.378537,3.620513,3.348619,3.427610,3.921490,3.583860,3.997843,3.437919,3.736244,3.004928,0.012657,4.265563,3.461437,3.819041,3.754608,3.439530,1.631537,0.007181,4.575809,204.349945
84.254814,-0.695602,2.760777,3.233878,3.915091,3.700733,4.227095,3.369989,2.614145,3.155631,2.470801,2.285374,3.114863,3.258536,3.396949,3.650431,3.412730,3.445329,3.915046,3.618332,3.999776,3.438241,3.746554,3.017171,0.012980,4.279738,3.510406,3.828062,3.760729,3.425999,1.665365,0.007825,4.575164,205.700312
84.267575,-0.766288,2.746311,3.286482,3.911475,3.727363,4.242876,3.438045,2.681214,3.225001,2.516500,2.326799,3.173056,3.291742,3.421606,3.683308,3.443305,3.446940,3.881863,3.620909,3.998487,3.444684,3.745587,3.050354,0.013302,4.289403,3.514917,3.835794,3.786824,3.427610,1.737530,0.287142,4.578064,205.731566
85.992772,-0.865578,2.747626,3.289112,3.907530,3.739528,4.244520,3.516292,2.696009,3.225988,2.642419,2.316607,3.258865,3.303578,3.438702,3.729993,3.503799,3.448228,3.887340,3.623809,4.000742,3.447906,3.746876,3.072583,0.014590,4.281027,3.523937,3.838049,3.805188,3.421489,2.044875,0.521678,4.576131,209.943402
84.133252,-0.670944,2.705214,3.326263,3.898653,3.744131,4.246164,3.540293,2.806147,3.236508,2.650967,2.303127,3.272673,3.302920,3.440675,3.737884,3.552128,3.446617,3.905059,3.640883,4.000742,3.454027,3.754930,3.139594,0.014590,4.291980,3.536179,3.851902,3.851258,3.433409,2.213046,0.744294,4.570976,205.403648
83.382247,-0.693958,2.722968,3.305550,3.886817,3.734596,4.248136,3.578101,2.870258,3.257550,2.633542,2.336991,3.295358,3.310153,3.466977,3.753007,3.606376,3.448228,3.955961,3.637984,3.998165,3.466914,3.751386,3.194684,0.014913,4.299068,3.558731,3.848036,3.830317,3.427932,2.309695,0.992684,4.569687,203.570086
83.074528,-0.692972,2.801544,3.287139,3.875639,3.732952,4.247479,3.592238,2.878477,3.276947,2.671351,2.363621,3.295030,3.321002,3.496566,3.757939,3.637938,3.475935,3.954028,3.636373,3.998487,3.462404,3.747520,3.322584,0.844488,4.324197,3.585793,3.833861,3.848680,3.475612,2.368652,1.118006,4.566466,202.818504
81.788093,-0.715657,2.773270,3.363743,3.866105,3.724733,4.245177,3.625116,2.953108,3.278262,2.669050,2.446143,3.303906,3.323304,3.502484,3.765172,3.705007,3.473679,4.000742,3.640883,4.011696,3.469491,3.754608,3.329993,1.608986,4.346749,3.631863,3.887662,3.876709,3.531025,2.468201,1.762659,4.560022,199.677734
79.010591,-0.633135,2.717379,3.361441,3.874981,3.713226,4.249780,3.626431,2.947190,3.195083,2.745325,2.536226,3.311797,3.376894,3.526156,3.766158,3.752350,3.486566,4.001065,3.648293,4.014273,3.464014,3.756219,3.374130,2.030378,4.357380,3.654092,3.932121,3.895072,3.614466,2.703381,1.944038,4.555834,192.897125
71.704933,-0.488804,2.680228,3.361770,3.858214,3.693171,4.242547,3.608677,2.917601,3.137220,2.715078,2.568774,3.309167,3.407798,3.506429,3.762542,3.755966,3.486566,3.987856,3.667945,4.030060,3.451450,3.759440,3.411501,2.395391,4.359313,3.665690,3.980446,3.945974,3.650226,3.030057,2.175352,4.541981,175.061066
65.066045,-0.423049,2.645707,3.384784,3.823364,3.652404,4.221835,3.632020,2.990259,3.114863,2.813380,2.627953,3.289769,3.418319,3.506100,3.753994,3.790487,3.500419,3.991722,3.684054,4.034570,3.472713,3.756863,3.555832,2.837402,4.357058,3.688886,4.019428,3.979802,3.690819,3.284246,2.646680,4.525551,158.852691
57.656859,-0.260307,2.660830,3.384126,3.828625,3.611636,4.204081,3.637280,3.038588,3.006040,2.867956,2.665104,3.290098,3.422593,3.499854,3.746761,3.792131,3.503319,3.981413,3.665368,4.028771,3.448873,3.748487,3.646038,3.281991,4.353514,3.695007,4.022650,3.972070,3.685020,3.293267,2.917299,4.489146,140.763625
48.159581,-0.118935,2.739735,3.381168,3.795090,3.490977,4.176464,3.609006,3.032999,2.878477,2.891956,2.645707,3.274317,3.476511,3.473223,3.743144,3.819748,3.498164,4.000420,3.669878,4.054222,3.485599,3.772327,3.750742,3.563564,4.345138,3.730123,4.076451,3.993977,3.725291,3.431798,3.198872,4.456607,117.577195
31.556854,-0.163319,2.838038,3.405168,3.771747,3.373935,4.135039,3.587636,3.027739,3.001766,2.860394,2.628611,3.257221,3.465662,3.419305,3.706651,3.822049,3.459182,3.996554,3.623486,4.036181,3.464337,3.753319,3.841915,3.840304,4.339017,3.718203,4.084828,3.979802,3.711115,3.619298,3.350612,4.426968,77.042863
-10.107334,-0.179758,3.102041,3.495251,3.696130,3.317057,4.104463,3.541279,3.070479,3.070150,2.811736,2.584555,3.273659,3.424894,3.330866,3.677061,3.804624,3.414401,3.996876,3.547777,4.019750,3.348357,3.743010,3.889273,3.992688,4.314210,3.715626,4.091915,3.947907,3.739466,3.602223,3.374130,4.379610,-24.676199
-44.431267,0.101014,3.332509,3.357167,3.495251,3.318372,4.045613,3.403195,3.081000,3.032999,2.834421,2.475075,3.272344,3.337112,3.189165,3.629061,3.778652,3.366398,4.087083,3.494298,4.143784,3.342880,3.862856,4.014596,4.167624,4.274906,3.648293,4.141851,3.972392,3.802288,3.869299,3.558409,4.260408,-108.474867
-57.409879,0.068466,3.325605,3.261824,3.424565,3.484730,4.058764,3.303578,2.982697,3.042205,2.870586,2.563185,3.296016,3.375578,3.482758,3.779309,3.865776,3.364787,4.202418,3.608022,4.226259,3.568396,3.981735,3.994299,3.996232,4.292625,3.652481,4.285537,4.170202,3.934376,4.041980,3.679543,3.857057,-140.160871
-65.328281,0.020465,3.337441,3.275303,3.392675,3.709610,4.105778,3.049438,2.968889,3.137877,2.948834,2.658858,3.290098,3.421606,3.606376,3.882214,3.984133,3.486566,4.233668,3.668912,4.255253,3.666657,4.012340,3.971748,3.921168,4.306800,3.665368,4.342560,4.380576,4.031670,4.141529,3.867688,3.954351,-159.492652
-68.751815,0.005013,3.358811,3.298646,3.412401,3.815474,4.124518,2.865655,2.908395,3.160891,2.942587,2.659844,3.279906,3.464675,3.676733,3.924297,4.048901,3.446295,4.233024,3.715948,4.293913,3.738177,4.064853,3.958861,3.954028,4.296491,3.656347,4.342883,4.397651,4.042946,4.160537,3.917946,3.953706,-167.851336
-71.354216,-0.005837,3.361770,3.295030,3.463689,3.913776,4.138656,2.788722,2.857435,3.189165,2.933382,2.628282,3.282865,3.492950,3.706322,3.937119,4.074545,3.397648,4.232702,3.747520,4.319687,3.779092,4.109635,3.955317,3.944041,4.296813,3.660858,4.339339,4.408282,4.048101,4.166658,3.960472,3.950485,-174.204809
-75.503006,0.012246,3.343030,3.269714,3.505443,3.918379,4.151478,2.762421,2.824887,3.166480,2.920888,2.603953,3.258536,3.504457,3.707637,3.935146,4.079477,3.363499,4.242689,3.759440,4.337084,3.785858,4.133475,3.956606,3.937598,4.286181,3.655703,4.332251,4.413115,4.071619,4.203707,3.986245,3.955317,-184.333555
-77.057650,-0.066002,3.375907,3.287797,3.511032,3.946653,4.153121,2.706530,2.809435,3.225330,2.860723,2.568446,3.218755,3.497552,3.700404,3.932187,4.102491,3.310341,4.229158,3.756863,4.334828,3.790368,4.140562,3.944041,3.929866,4.290692,3.663757,4.316465,4.416981,4.077418,4.207895,4.003642,3.951451,-188.129168
-81.499087,-0.098222,3.365715,3.301605,3.558704,3.954544,4.155752,2.663461,2.714420,3.248015,2.846586,2.529322,3.148069,3.482100,3.695801,3.930215,4.129450,3.261694,4.230125,3.748487,4.333218,3.796167,4.132186,3.937598,3.903771,4.286181,3.635729,4.311633,4.421169,4.073552,4.195331,3.982379,3.930510,-198.972289
-84.357274,-0.121894,3.363414,3.281550,3.574814,3.984462,4.151478,2.630255,2.665762,3.252947,2.815353,2.488554,3.086918,3.470593,3.691856,3.931530,4.141614,3.236888,4.230769,3.739788,4.332251,3.793268,4.137985,3.920201,3.882830,4.276194,3.618976,4.304223,4.421169,4.073874,4.218204,4.008152,3.926000,-205.950344
-80.194248,-0.141620,3.336455,3.287139,3.562978,4.011750,4.192574,2.653269,2.648666,3.250317,2.769325,2.477705,3.048451,3.480128,3.681993,3.931201,4.137012,3.220135,4.221748,3.726257,4.332573,3.791335,4.139596,3.916979,3.876386,4.287148,3.599002,4.305511,4.430190,4.079029,4.234313,4.006541,3.922134,-195.786871
-80.556409,-0.154771,3.294701,3.268728,3.580403,4.011421,4.203095,2.660173,2.631899,3.213823,2.729872,2.412608,3.016889,3.464675,3.679363,3.928242,4.128135,3.222068,4.214016,3.719492,4.329996,3.781025,4.133475,3.903126,3.868655,4.270717,3.561953,4.295524,4.427934,4.083861,4.233346,4.014273,3.916335,-196.670910
-80.570810,-0.169237,3.265769,3.241111,3.571855,4.018325,4.207369,2.646364,2.588501,3.188837,2.640775,2.377101,2.952779,3.443634,3.671472,3.915749,4.120244,3.205315,4.199197,3.703383,4.303578,3.755574,4.094171,3.872843,3.883796,4.261697,3.483022,4.265241,4.417303,4.064531,4.193720,3.983990,3.907314,-196.706133
-80.705623,-0.188963,3.209878,3.225988,3.547854,4.015366,4.224136,2.636173,2.533925,3.177001,2.678913,2.322196,2.897546,3.428182,3.657664,3.904571,4.118272,3.186308,4.176001,3.657958,4.282638,3.727868,4.066464,3.832250,3.853513,4.261052,3.457571,4.247199,4.413759,4.056799,4.178578,3.964016,3.892817,-197.035043
-80.121170,-0.160031,3.146754,3.157932,3.468292,4.007805,4.224136,2.594090,2.461595,3.052725,2.633214,2.288333,2.823572,3.393661,3.642212,3.899310,4.099203,3.187274,4.148939,3.614788,4.257186,3.678255,3.996876,3.781992,3.864466,4.284571,3.426965,4.218527,4.399906,4.024583,4.155382,3.908281,3.882508,-195.608277
-79.442834,-0.169237,3.057328,3.119466,3.404839,3.994654,4.226109,2.539843,2.344553,2.979081,2.600008,2.173592,2.732502,3.338099,3.637938,3.883858,4.084080,3.230766,4.129287,3.575484,4.234635,3.638306,3.950485,3.759118,3.883152,4.295524,3.402159,4.196619,4.388630,3.998809,4.118333,3.866399,3.870910,-193.952316
-79.516701,-0.121565,2.998149,3.072780,3.394318,3.992024,4.226766,2.514856,2.266305,2.905436,2.675954,2.150578,2.703242,3.317715,3.631362,3.873337,4.089011,3.234310,4.105769,3.522004,4.220460,3.598357,3.936309,3.742688,3.849969,4.285215,3.386372,4.179222,4.378643,3.979802,4.109312,3.834183,3.864789,-194.132398
-78.716173,-0.107099,2.922203,3.032999,3.374263,3.984133,4.233013,2.504993,2.230140,2.864011,2.659515,2.116385,2.667077,3.312783,3.625116,3.865776,4.067312,3.223679,4.090627,3.494298,4.203707,3.600290,3.902804,3.717237,3.721103,4.300035,3.378640,4.156349,4.363501,3.950485,4.098037,3.798745,3.823873,-192.178285
-79.849041,-0.089016,2.893600,2.984999,3.334811,3.979530,4.237944,2.475075,2.198249,2.799901,2.710146,2.078577,2.656228,3.303906,3.597828,3.848022,4.035421,3.250419,4.090949,3.487210,4.183410,3.564852,3.875742,3.741399,3.731734,4.298102,3.367687,4.129287,4.342560,3.915691,4.085150,3.743332,3.780059,-194.944008
-78.712085,-0.069947,2.845600,2.956724,3.296345,3.971969,4.235972,2.439896,2.162413,2.757489,2.715078,2.092385,2.630255,3.325277,3.608019,3.832241,4.009449,3.227223,4.073874,3.466270,4.173423,3.558087,3.856734,3.728190,3.721103,4.295202,3.358666,4.128964,4.333862,3.905704,4.056155,3.702417,3.764595,-192.168363
-80.789663,-0.025234,2.793325,2.946204,3.242426,3.968681,4.232355,2.429376,1.924383,2.657871,2.708502,2.037809,2.644063,3.328564,3.598814,3.824679,3.959147,3.195006,4.064531,3.463048,4.181155,3.546811,3.846425,3.694685,3.641850,4.294558,3.311952,4.126709,4.327419,3.889917,4.026838,3.652159,3.727868,-197.240426
-80.527893,-0.018659,2.749927,2.901491,3.224344,3.967366,4.230383,2.434965,1.912218,2.616117,2.713763,2.034850,2.651954,3.297660,3.585334,3.825666,3.952900,3.194362,4.067431,3.485599,4.184055,3.639595,3.864144,3.659569,3.591592,4.295524,3.273937,4.113501,4.329352,3.883796,4.014596,3.684054,3.719170,-196.601457
-79.725782,0.043479,2.712119,2.866641,3.209878,3.966380,4.237287,2.392553,1.868163,2.561870,2.701927,2.034192,2.630583,3.277605,3.568238,3.819090,3.927585,3.190818,4.061954,3.481411,4.189209,3.660858,3.871876,3.653126,3.571296,4.293591,3.254285,4.104158,4.329674,3.879286,3.994943,3.634440,3.704350,-194.642879
-81.727961,0.177618,2.696666,2.792996,3.136233,3.953886,4.228739,2.241976,1.759011,2.393211,2.637488,2.041425,2.578966,3.210207,3.544238,3.790816,3.904899,3.180509,4.069686,3.481411,4.183733,3.672456,3.853513,3.590948,3.499130,4.288759,3.199194,4.058732,4.315176,3.873165,3.986567,3.667301,3.657958,-199.531387
-79.572007,0.204906,2.630912,2.801873,2.924505,3.903584,4.196519,1.941808,1.621256,2.296223,2.515514,2.027617,2.520445,3.224344,3.493936,3.713555,3.833885,3.150869,4.045524,3.459826,4.154738,3.602546,3.810020,3.525870,3.402481,4.271040,3.124130,4.033926,4.290370,3.851902,3.955639,3.592558,3.596424,-194.267832
-73.533949,0.187153,2.657871,2.742037,2.863353,3.875310,4.189286,1.745860,1.451281,2.206797,2.478034,2.018083,2.477705,3.171412,3.489333,3.712569,3.777008,3.092235,4.024261,3.414401,4.135086,3.547133,3.779092,3.522004,3.350934,4.252676,3.105122,4.009119,4.270717,3.826129,3.894750,3.483344,3.541334,-179.526406
-70.827744,0.163152,2.635186,2.637816,2.826860,3.862159,4.173505,1.727778,1.413143,2.168002,2.442855,2.027288,2.431348,3.128014,3.469607,3.682979,3.747090,3.081926,4.003642,3.376385,4.128964,3.529736,3.754930,3.467558,3.230122,4.245589,3.091591,3.981090,4.251387,3.803255,3.864789,3.365110,3.480445,-172.919430
-68.963178,0.120083,2.538199,2.483623,2.793654,3.812515,4.142930,1.745202,1.375334,2.121974,2.423458,2.042741,2.395841,3.105329,3.424237,3.646157,3.670486,3.058086,3.977224,3.359633,4.103836,3.497842,3.709505,3.462726,3.191784,4.237212,3.107055,4.011052,4.215949,3.758474,3.790046,3.201772,3.466914,-168.367273
-68.849382,0.161837,2.482965,2.483623,2.746968,3.783583,4.117943,1.897424,1.324704,1.984548,2.339621,2.056549,2.453047,3.032342,3.379524,3.598156,3.573170,3.024903,3.958539,3.356089,4.089016,3.482700,3.693396,3.474324,3.160212,4.223359,3.124130,4.042624,4.199197,3.710471,3.716914,3.041333,3.435342,-168.089461
-69.949319,0.187481,2.433650,2.447787,2.691077,3.727363,4.087038,1.879999,1.239223,1.873752,2.239017,2.072330,2.530966,3.055356,3.344345,3.528786,3.480456,3.000096,3.934054,3.346424,4.071941,3.464981,3.677288,3.428254,3.173743,4.212405,3.099645,4.059377,4.191787,3.692430,3.647004,2.958537,3.423099,-170.774816
-72.906531,0.089507,2.410307,2.425101,2.611186,3.681335,4.063696,1.844491,1.167880,1.866848,2.198578,2.060494,2.495459,3.000451,3.313441,3.438374,3.381825,2.997841,3.926967,3.342558,4.070652,3.462081,3.675355,3.455316,3.154413,4.205640,3.108988,4.073552,4.186310,3.684698,3.618332,2.926964,3.407958,-177.994469
-72.723968,0.074055,2.397485,2.403074,2.524719,3.645499,4.052846,1.723832,1.136646,1.832656,2.157153,2.090084,2.533925,2.912998,3.298975,3.389058,3.316728,2.987854,3.893783,3.335470,4.066786,3.450806,3.669556,3.445007,3.118975,4.202740,3.122197,4.088049,4.184055,3.673422,3.590948,2.912789,3.375419,-177.548977
-72.585342,0.114823,2.357046,2.362306,2.472445,3.602759,4.036737,1.469692,1.111331,1.709695,2.127564,2.090741,2.518472,2.901491,3.268728,3.340729,3.239139,2.968202,3.889917,3.306153,4.067431,3.447584,3.669878,3.429865,3.039722,4.199519,3.116398,4.099003,4.182122,3.665046,3.576772,2.876062,3.351901,-177.210145
-67.896103,0.140138,2.300497,2.249866,2.324169,3.519251,3.969667,1.484815,1.015329,1.546953,1.898081,2.062796,2.416225,2.827846,3.193768,3.255577,3.117822,2.895070,3.935343,3.263305,4.048745,3.416656,3.647971,3.356089,2.994941,4.174712,3.082570,4.100936,4.161503,3.612855,3.517816,2.774902,3.289078,-165.761789
-66.853286,0.104302,2.263017,2.047343,2.146632,3.343688,3.880242,1.425308,0.893026,1.448979,1.802080,1.924712,2.241647,2.716064,3.106973,2.988944,2.825216,2.811307,3.902160,3.191784,4.017495,3.310341,3.596747,3.301321,2.827737,4.153771,3.030379,4.098359,4.123165,3.524259,3.401836,2.621229,3.202416,-163.215836
-65.607513,0.157892,2.228825,1.991452,1.999014,3.150370,3.784569,1.089632,0.764148,1.347060,1.791888,1.814573,1.982904,2.604939,2.979081,2.831791,2.544445,2.802931,3.887340,3.152802,4.005575,3.249130,3.583216,3.276192,2.742686,4.138307,3.022325,4.095137,4.098037,3.491076,3.306798,2.437273,3.176643,-160.174781
-63.047043,0.054000,2.196277,1.893150,1.927013,3.066205,3.711582,1.083056,0.599104,1.333580,1.786956,1.841532,1.891506,2.439239,2.863682,2.737434,2.287346,2.775224,3.867366,3.122519,3.986889,3.214014,3.568396,3.256540,2.710469,4.121877,2.996874,4.101258,4.089338,3.454672,3.225290,2.285533,3.143782,-153.923504
-60.172721,-0.047920,2.146961,1.811286,1.769860,2.904778,3.677061,0.987055,0.435376,1.249744,1.775778,1.684709,1.778408,2.259072,2.764393,2.469157,2.056220,2.764593,3.849325,3.077738,3.972070,3.159890,3.551321,3.243009,2.715302,4.108668,3.033601,4.110601,4.054222,3.421489,3.152480,2.014914,3.179220,-146.906258
-58.337322,-0.069947,2.094686,1.745531,1.764929,2.731845,3.584019,1.264867,0.357128,1.221798,1.740928,1.697859,1.675503,2.145317,2.614145,2.116714,1.788272,2.776191,3.831928,3.070328,3.965304,3.126385,3.541656,3.172132,2.762338,4.103836,3.048099,4.125421,4.029093,3.395393,3.090624,1.977543,3.291011,-142.425043
-51.969658,-0.335267,2.153865,1.789587,1.841532,2.715078,3.549827,1.262895,0.317346,1.480541,1.767888,1.703448,1.622899,2.041097,2.510911,1.949041,1.595611,2.817428,3.806477,3.115753,3.990433,3.165689,3.545844,3.211759,2.788755,4.111890,3.067751,4.122843,4.042624,3.400226,3.081282,1.794231,3.590625,-126.878953
-41.575563,-0.340527,2.209756,2.130194,2.185756,2.741051,3.537991,1.300046,0.472198,1.598899,1.781367,1.639009,1.493363,1.987836,2.447458,1.769860,1.352320,2.832248,3.801644,3.173421,4.024583,3.235921,3.590948,3.151836,2.537466,4.104802,3.089658,4.115111,4.086761,3.420200,3.072261,1.723032,3.753319,-101.502766
-35.418092,-1.126624,2.315949,2.420499,2.818312,2.839682,3.628403,1.328978,0.524473,2.487568,1.776436,1.302347,1.305964,1.887560,2.404389,1.599557,1.282292,2.818395,3.699517,3.133795,4.025871,3.204349,3.589981,3.170521,2.835469,4.065498,3.144748,4.072585,4.091915,3.385084,2.770070,1.184372,3.798422,-86.470133
-4.341824,-1.084870,2.338306,2.529651,2.942916,2.760777,3.562978,1.230017,0.499486,2.408663,1.775449,1.241196,1.242182,1.815560,2.348498,1.335553,1.088317,2.727544,3.758796,3.138305,4.032637,3.274259,3.597391,2.908923,2.573227,4.117044,3.036501,3.908281,4.076129,3.422777,3.007184,1.934050,3.667623,-10.600035
4.565066,-1.745047,2.468170,2.526363,3.085931,2.713763,3.608348,1.158016,0.555706,2.927792,1.702791,1.058070,1.014343,1.624215,2.227181,1.137304,0.951548,2.608665,3.734634,2.999129,4.025549,3.044555,3.469813,2.862853,2.576770,4.039725,3.028769,3.798422,3.950162,3.385084,1.875739,1.783277,3.479478,11.145242
13.752271,-2.051136,2.332388,2.340279,3.005054,2.462253,3.558046,0.309456,0.142768,2.854805,1.200099,0.568200,0.621132,1.036371,1.419719,0.512308,0.605351,2.420842,3.697907,2.966913,4.012340,3.114143,3.497197,2.459180,2.324515,4.041658,2.804219,3.420522,3.378963,3.270393,2.681796,2.736565,3.398615,33.574633
26.273079,-2.069876,2.433321,2.169975,3.028068,2.361649,3.537334,0.135535,0.134220,2.840339,0.631653,0.129946,0.243373,0.569186,1.029795,0.355484,0.359429,2.666655,3.820007,3.174387,4.052289,3.313885,3.593203,1.953380,2.137015,4.085150,2.811307,3.402803,3.414401,3.272004,2.428897,2.626706,3.673744,64.143434
35.563518,-1.996559,2.604282,2.119344,3.144781,2.421485,3.564950,0.139809,0.137508,2.941601,0.545514,0.000410,0.214769,0.545514,0.926890,0.352854,0.345292,2.768781,3.919879,3.238821,4.058732,3.311630,3.582571,0.837078,2.150868,4.071619,2.782634,3.423422,3.587726,3.245264,2.209180,2.461757,3.859312,86.824840
42.219932,-2.041930,2.687132,2.163071,3.343359,2.547733,3.582375,0.143426,0.142440,3.059958,0.528089,0.001396,0.252578,0.563597,0.974562,0.375539,0.351868,2.707247,3.911503,3.215625,4.040691,3.244297,3.507185,0.640879,1.834179,4.041013,2.764915,3.410535,3.558087,3.196617,1.980120,2.355765,3.875420,103.075879
47.333298,-2.152070,2.744667,2.253483,3.410099,2.592446,3.629718,0.150659,0.148357,3.167466,0.703654,0.131261,0.362717,0.631653,1.186620,0.488637,0.437020,2.740753,3.876709,3.224001,4.022650,3.202738,3.474002,0.671163,1.680829,4.039725,2.735920,3.399259,3.542301,3.127673,1.658277,2.221100,3.899582,115.559582
52.637805,-2.166536,2.811408,2.258414,3.459415,2.641762,3.650760,0.318004,0.151974,3.223686,0.686886,0.155590,0.492253,0.679325,1.328320,0.527432,0.463979,2.787467,3.846425,3.216591,4.022972,3.214980,3.464014,0.540042,1.698870,4.047779,2.759760,3.389594,3.537790,3.160212,1.587723,2.080958,3.907637,128.510109
56.363582,-2.171139,2.806476,2.257428,3.502813,2.636173,3.687253,0.438663,0.153289,3.234207,0.795381,0.315703,0.507706,0.695106,1.417746,0.530391,0.491924,2.867364,3.951451,3.251707,4.032959,3.237532,3.484633,0.644745,1.423096,4.112856,2.818717,3.401836,3.619943,3.264272,1.313238,1.969489,3.997843,137.606484
59.977380,-2.208290,2.850202,2.241976,3.581718,2.718694,3.690870,0.418279,0.155262,3.230262,0.777299,0.285456,0.504418,0.683270,1.446020,0.558336,0.461677,2.859310,3.865755,3.210148,4.005575,3.221424,3.476257,0.220776,0.675351,4.108668,2.829026,3.431153,3.672133,3.276836,1.023289,1.706602,4.078707,146.429016
62.182661,-2.232291,2.849216,2.246579,3.566923,2.766366,3.718486,0.578063,0.155919,3.234865,0.796039,0.370608,0.625735,0.717133,1.573913,0.664530,0.489623,2.855444,3.777482,3.179220,3.981735,3.183408,3.458215,1.204991,0.005892,4.099003,2.827415,3.441463,3.650870,3.279413,0.844810,1.364140,4.151516,151.813121
64.010757,-2.277333,2.780174,2.202852,3.503142,2.741379,3.716185,0.667489,0.152960,3.185220,0.677352,0.379156,0.690832,0.739490,1.643283,0.783545,0.675051,2.650224,3.684376,3.003640,3.898616,3.015882,3.387339,2.116074,0.009114,4.041335,2.647003,3.415690,3.507507,3.184052,0.425029,0.784243,4.118655,156.276477
66.489728,-2.278648,2.813709,2.229154,3.495909,2.768996,3.751364,0.724038,0.156577,3.181604,0.757244,0.495212,0.716476,0.791107,1.693257,0.983110,0.678009,2.560984,3.531347,2.897969,3.793590,2.849645,3.327094,2.754284,0.011047,4.006541,2.531345,3.407313,3.489465,3.108666,0.013946,0.109307,4.092882,162.328324
67.547095,-2.152398,2.832449,2.277812,3.563307,2.800229,3.781282,0.810833,0.160193,3.204618,0.839108,0.635269,0.813135,0.968315,1.776765,1.057412,0.772696,2.601255,3.559375,2.892493,3.792301,2.838369,3.339014,2.817428,0.012335,4.014918,2.528768,3.394749,3.500741,3.192751,0.014268,0.000093,4.146039,164.909996
69.135945,-2.109658,2.919573,2.354416,3.640897,2.959683,3.814816,1.036042,0.316360,3.217111,0.979822,0.833190,0.891382,1.314512,2.073974,1.259278,0.980151,2.706281,3.583216,2.961436,3.838049,2.913111,3.357055,2.862209,0.013302,4.059054,2.598033,3.411179,3.506862,3.250419,0.014913,-0.000229,4.182766,168.788953
74.133870,-2.109658,2.929436,2.349484,3.664239,2.960670,3.828625,1.086344,0.382443,3.198700,1.025521,0.924917,0.923931,1.402623,2.185099,1.339498,1.080097,2.680186,3.541334,2.955959,3.818719,2.853833,3.345135,2.794232,0.012013,4.071619,2.675997,3.323872,3.432120,3.230122,0.014268,-0.000229,4.195331,180.990875
75.560098,-2.024176,2.954094,2.386306,3.703363,3.001437,3.854598,1.259607,0.430444,3.213166,1.104427,0.991658,0.975877,1.481199,2.324497,1.397033,1.140263,2.708214,3.519427,2.981410,3.824518,2.873807,3.368653,2.812918,0.011691,4.084183,2.772325,3.300999,3.461115,3.233344,0.014268,-0.000874,4.220460,184.472957
79.315845,-1.993600,2.956396,2.497760,3.734267,3.027739,3.865118,1.291169,0.595488,3.211522,1.120536,1.009083,1.180373,1.608762,2.404060,1.479884,1.239552,2.799709,3.550355,3.027802,3.837727,2.992364,3.383795,2.875418,0.012013,4.114789,2.789077,3.275225,3.482056,3.224967,0.014590,0.000415,4.265885,193.642258
83.717951,-2.001162,2.957053,2.512883,3.749391,3.023794,3.889118,1.348704,0.716805,3.256892,1.202401,1.100153,1.333252,1.723504,2.435951,1.657420,1.340485,2.839335,3.572262,3.007506,3.836438,2.998807,3.373808,2.860598,0.013302,4.134763,2.810663,3.262339,3.486244,3.206282,0.014268,0.000415,4.283926,204.389633
86.288624,-1.971901,2.953108,2.599021,3.782268,3.036287,3.917064,1.454568,0.947602,3.284509,1.156044,1.121852,1.368102,1.868492,2.540500,1.826080,1.420047,2.823549,3.570651,2.995908,3.820007,2.960147,3.351901,2.871552,0.012335,4.130253,2.771358,3.272326,3.466270,3.207893,0.013624,-0.000551,4.305834,210.665715
87.219642,-1.929161,2.930423,2.583569,3.761227,3.080342,3.923968,1.534460,0.972260,3.232234,1.189907,1.204044,1.441418,1.947726,2.624994,2.006576,1.638023,2.749773,3.520716,2.968524,3.801966,2.903768,3.298421,2.786822,0.011369,4.093204,2.810340,3.204671,3.425032,3.202416,0.014590,0.000415,4.280382,212.938816
87.236165,-1.891023,2.915299,2.626638,3.788843,3.102699,3.939420,1.650188,1.066289,3.233549,1.291498,1.223113,1.513090,1.952000,2.655899,2.058522,1.755723,2.791655,3.530703,2.982377,3.810665,2.911178,3.351579,2.844812,0.012980,4.086116,2.863820,3.209826,3.426321,3.218846,0.014590,0.000737,4.304223,212.979000
87.278675,-1.892995,2.911025,2.644063,3.799364,3.075739,3.981832,1.732709,1.281306,3.256235,1.467062,1.393746,1.618625,2.128879,2.799901,2.214359,1.975671,2.851900,3.541978,3.025547,3.815497,2.945972,3.352545,2.806152,0.012335,4.090949,2.896359,3.216913,3.416334,3.191140,0.013946,0.000093,4.314854,213.082684
86.553904,-1.845981,2.906751,2.671351,3.835200,3.110260,4.020627,1.903670,1.346731,3.253604,1.559447,1.499939,1.765586,2.358032,2.915299,2.408334,2.198578,2.813240,3.544878,3.020070,3.808410,2.926964,3.358022,2.823549,0.012013,4.098037,2.914722,3.235277,3.433731,3.196617,0.013946,-0.001196,4.352548,211.313117
86.673209,-1.754253,2.901162,2.761106,3.855255,3.234207,4.065011,2.232113,1.476596,3.292399,1.659722,1.549583,1.876053,2.478034,3.007026,2.589487,2.352114,2.909245,3.564852,3.061307,3.835149,2.996230,3.386695,2.829348,0.012013,4.113823,2.957248,3.231411,3.415690,3.203060,0.015235,-0.000551,4.368656,211.604324
85.601995,-1.490576,2.891628,2.829490,3.868406,3.302591,4.100189,2.494143,1.553529,3.283194,1.719887,1.677804,2.026302,2.525377,3.046479,2.702913,2.493815,2.900547,3.565819,3.062274,3.830639,3.029735,3.387339,2.832570,0.012657,4.118011,2.964980,3.276836,3.407635,3.213370,0.014590,-0.000229,4.376066,208.989414
83.619806,-1.312381,2.889326,2.876833,3.872351,3.418319,4.131751,2.624008,1.807669,3.229604,1.748161,1.779395,2.201208,2.689433,3.129000,2.863353,2.660830,2.904091,3.597069,3.060019,3.816141,3.046810,3.398293,2.829670,0.012335,4.138952,2.978189,3.294233,3.397970,3.226900,0.013946,0.000093,4.380576,204.150020
83.658600,-1.215064,2.871244,2.878148,3.858214,3.427524,4.141943,2.679899,1.836272,3.217111,1.838245,1.849752,2.257428,2.747626,3.145768,3.008013,2.805818,2.906024,3.627997,3.037467,3.810343,3.034890,3.399259,2.838691,0.012657,4.140885,2.990109,3.317429,3.380251,3.197906,0.013302,-0.000229,4.390885,204.244773
84.457994,-1.076979,2.837380,2.939957,3.855913,3.455141,4.159039,2.873874,1.913862,3.191796,1.845149,1.862245,2.381046,2.813709,3.190809,3.151028,2.925491,2.922776,3.663757,3.053253,3.817430,3.077738,3.413757,2.820005,0.012657,4.124132,3.088691,3.338370,3.379285,3.196295,0.013946,-0.000551,4.388630,206.196406
84.319227,-0.987881,2.809106,2.955080,3.843091,3.482429,4.165943,2.980396,1.956931,3.137220,2.015453,1.905972,2.441540,2.920231,3.202316,3.280235,3.031027,2.974323,3.737211,3.128962,3.861567,3.169877,3.432120,2.865109,0.012657,4.134763,3.194684,3.394749,3.374130,3.199516,0.014590,0.000415,4.398939,205.857574
83.434027,-0.977361,2.765708,2.979081,3.809556,3.484073,4.154108,3.019191,1.941479,3.079027,2.047672,1.969096,2.474417,2.966587,3.243741,3.360455,3.119466,3.058408,3.778448,3.197261,3.884763,3.191140,3.481733,2.773614,0.011691,4.138629,3.264272,3.426321,3.382506,3.246230,0.376060,0.002026,4.400228,203.696590
80.917267,-0.842564,2.740722,3.079356,3.802652,3.514649,4.177779,3.145439,2.011836,3.027410,2.150578,2.121646,2.680228,3.083301,3.294043,3.459086,3.283194,3.199839,3.871554,3.254929,3.946941,3.330960,3.583860,2.770392,0.326124,4.177934,3.338692,3.483022,3.409891,3.350934,1.105119,0.509758,4.399584,197.551973
78.429480,-0.745247,2.753873,3.103027,3.790487,3.527142,4.197505,3.294372,2.145975,2.970204,2.317265,2.170961,2.836723,3.192782,3.351249,3.555745,3.382811,3.272648,3.941142,3.356411,3.988822,3.368009,3.647327,2.897647,1.164076,4.185021,3.358022,3.570007,3.461759,3.465625,1.440493,0.655699,4.413437,191.478297
72.744204,-0.668971,2.719352,3.164836,3.753994,3.527471,4.204738,3.323961,2.269921,2.902806,2.430691,2.232442,2.993218,3.266755,3.402866,3.600129,3.444949,3.306475,3.970781,3.389916,4.005897,3.436630,3.695652,2.957570,2.076448,4.200807,3.379285,3.716270,3.471746,3.525548,1.686950,1.326769,4.402805,177.598090
68.116141,-0.741302,2.696009,3.174042,3.715528,3.514649,4.210656,3.332181,2.383019,2.845271,2.484938,2.182140,3.021821,3.291084,3.405497,3.624787,3.535361,3.312274,3.964660,3.374452,4.006219,3.445007,3.691141,3.016526,2.600611,4.203385,3.381540,3.781348,3.460148,3.535213,1.932440,1.602865,4.374133,166.299059
61.447184,-0.565079,2.674639,3.147740,3.656349,3.453826,4.192574,3.388729,2.341594,2.788394,2.550692,2.236716,3.031355,3.300947,3.406154,3.634979,3.586978,3.325483,3.952740,3.406025,4.001709,3.437597,3.700484,3.102545,3.046810,4.214983,3.395715,3.820974,3.468847,3.544556,2.387337,1.907955,4.338372,150.017758
53.213720,-0.263266,2.634857,3.106315,3.567581,3.324948,4.174820,3.484730,2.601980,2.636173,2.628282,2.271565,3.018204,3.327249,3.376565,3.628732,3.617225,3.328060,3.954351,3.435342,4.008474,3.427932,3.691141,3.204027,3.322584,4.227869,3.366076,3.866722,3.550355,3.537790,2.808730,2.434373,4.282315,129.916535
43.135535,-0.160360,2.611515,3.084616,3.435086,3.262152,4.154765,3.500840,2.585213,2.464554,2.656228,2.402087,3.037273,3.365387,3.361770,3.631362,3.675417,3.350612,3.963693,3.434697,4.018139,3.420200,3.685987,3.212081,3.625742,4.224970,3.365110,3.862211,3.652803,3.613499,3.098034,2.666010,4.211439,105.311277
29.047106,0.173344,2.758804,3.052397,3.368345,3.207248,4.132409,3.503470,2.699954,2.164057,2.700283,2.460609,3.041218,3.359469,3.349277,3.623143,3.739857,3.401514,4.018784,3.478834,4.066464,3.442429,3.715948,3.356411,3.889273,4.290370,3.521360,3.880575,3.677610,3.661824,3.264916,3.043588,4.143462,70.915609
13.063341,0.372580,2.986642,3.105000,3.397935,3.169768,4.117943,3.488347,2.946204,2.282086,2.762092,2.532281,3.163521,3.322318,3.364071,3.642540,3.764514,3.466270,4.073230,3.515239,4.137019,3.470780,3.780059,3.532636,4.129287,4.330640,3.679543,3.989789,3.869299,3.730445,3.515239,3.339658,4.120588,31.892875
9.748223,0.469568,3.166480,3.158590,3.367359,3.208563,4.085395,3.339085,2.863353,2.327456,2.775571,2.483623,3.141822,3.242755,3.382154,3.637609,3.762542,3.438241,4.079351,3.498486,4.147328,3.439852,3.815175,3.528770,4.232058,4.329029,3.675033,4.040047,3.873487,3.795201,3.651515,3.371875,3.996876,23.799602
4.896364,-0.094934,3.268399,3.315085,3.439360,3.594211,4.095587,3.312783,2.977766,3.177001,2.828504,2.469157,3.219084,3.283851,3.464018,3.807583,3.852954,3.697907,4.277805,3.863500,4.386053,3.652481,4.190820,3.838371,4.476581,4.424391,3.877675,4.253965,4.183733,4.103191,4.165369,3.883474,4.179545,11.953875
-10.993195,0.046438,3.223358,3.186535,3.293715,3.560676,4.072901,3.243413,2.942587,3.012615,2.876504,2.581925,3.240454,3.366044,3.537662,3.836515,3.947311,3.652803,4.192109,3.854157,4.346749,3.689208,4.170202,4.194364,4.364790,4.400550,3.795845,4.413437,4.350937,4.154738,4.255576,4.090627,4.121555,-26.838672
-16.945569,0.031314,3.230262,3.157932,3.294372,3.513005,4.065997,3.216125,2.899189,3.040890,2.923190,2.616446,3.218426,3.341058,3.535361,3.822378,3.942379,3.633796,4.199841,3.849002,4.338694,3.717237,4.137663,4.189532,4.292625,4.374455,3.778770,4.438244,4.372522,4.140562,4.276839,4.074841,4.081606,-41.371242
-22.335129,-0.021618,3.240125,3.177987,3.333496,3.443963,4.057449,3.099082,2.832778,3.055356,2.915957,2.566144,3.198700,3.275961,3.459744,3.807255,3.931530,3.599002,4.174712,3.820652,4.322264,3.720780,4.123165,4.171168,4.223359,4.356414,3.768139,4.432767,4.379610,4.116722,4.288437,4.081928,4.043268,-54.529137
-28.038159,-0.046605,3.276947,3.175357,3.394647,3.536019,4.097230,2.933053,2.812723,3.095137,2.909710,2.534582,3.126370,3.162864,3.494594,3.849337,3.991037,3.579350,4.244300,3.789402,4.297457,3.704672,4.108990,4.137019,4.131864,4.349004,3.732056,4.434378,4.376388,4.090305,4.285537,4.089660,3.969815,-68.452504
-33.177755,0.028356,3.323961,3.253276,3.412730,3.728678,4.135368,2.843627,2.857107,3.118480,2.966587,2.622035,3.200344,3.307194,3.581718,3.928242,4.097230,3.520393,4.251710,3.752997,4.303256,3.698551,4.112212,4.101580,4.035536,4.336117,3.690497,4.433411,4.404094,4.089660,4.298102,4.118011,3.940175,-81.000203
-36.181007,-0.003864,3.334482,3.266427,3.433113,3.776021,4.150491,2.671680,2.832120,3.140507,2.950149,2.630255,3.250317,3.333167,3.592567,3.929229,4.142930,3.468203,4.250743,3.770072,4.336761,3.754286,4.139596,4.089660,4.030382,4.310022,3.656669,4.424391,4.428257,4.103513,4.314854,4.175679,3.952740,-88.332469
-41.383851,-0.037070,3.335468,3.260180,3.479141,3.789830,4.145231,2.574035,2.785435,3.166480,2.975135,2.599679,3.223358,3.326263,3.588622,3.926270,4.154437,3.424710,4.246233,3.757185,4.375099,3.755896,4.184377,4.090627,4.019106,4.322264,3.630896,4.424713,4.436311,4.116722,4.321297,4.209506,3.946296,-101.034949
-48.485522,-0.011426,3.315085,3.239467,3.506429,3.819748,4.135697,2.492828,2.752229,3.130315,2.943245,2.618090,3.172727,3.296345,3.581718,3.921667,4.152793,3.355767,4.254931,3.728190,4.395718,3.735600,4.212728,4.084506,4.015562,4.311955,3.583860,4.423746,4.450164,4.121877,4.323875,4.206929,3.950485,-118.372930
-57.191590,0.034931,3.334482,3.236837,3.502155,3.917722,4.158382,2.356388,2.684831,3.101712,2.875847,2.612830,3.210535,3.378537,3.648787,3.941064,4.176793,3.247519,4.262341,3.800355,4.415370,3.817752,4.250743,4.073874,3.997199,4.295524,3.502030,4.418269,4.459507,4.124454,4.313566,4.195008,4.000098,-139.628066
-63.355424,0.006328,3.325605,3.201659,3.522539,3.969339,4.169560,2.338963,2.642419,3.111575,2.826860,2.543459,3.137220,3.374592,3.668185,3.938105,4.188300,3.185985,4.263308,3.781025,4.412148,3.831928,4.240756,4.046490,3.970137,4.285859,3.460471,4.401195,4.460151,4.118011,4.286826,4.161503,4.035859,-154.676574
-66.102807,-0.042331,3.334811,3.205604,3.568567,3.998270,4.193231,2.302141,2.519459,3.136562,2.809106,2.605926,3.116178,3.359140,3.665883,3.935475,4.196519,3.168266,4.255898,3.776515,4.402805,3.829028,4.224970,4.026516,3.945974,4.273939,3.393782,4.385731,4.463695,4.112212,4.264274,4.137663,4.070330,-161.383762
-69.032047,-0.096907,3.291413,3.192453,3.616896,4.020627,4.209670,2.291292,2.436280,3.176015,2.733160,2.577651,3.070150,3.342044,3.655034,3.931201,4.199149,3.146681,4.244622,3.760729,4.386053,3.851902,4.204351,3.998487,3.922456,4.262663,3.313885,4.366079,4.465628,4.107379,4.258797,4.113501,4.057444,-168.535449
-71.047287,-0.162661,3.242755,3.169768,3.615581,4.044956,4.227095,2.297867,2.430033,3.179960,2.704228,2.527021,2.986642,3.391031,3.647472,3.926270,4.182382,3.109632,4.229158,3.731734,4.373166,3.853513,4.187599,3.966271,3.894106,4.253965,3.228511,4.350615,4.466594,4.103191,4.242689,4.080962,4.038436,-173.455211
-72.939178,-0.161675,3.207905,3.116178,3.606376,4.048244,4.234985,2.235401,2.406362,3.154644,2.662803,2.445485,2.844942,3.375907,3.638924,3.923311,4.180738,3.076127,4.218204,3.715304,4.356736,3.868332,4.179222,3.932443,3.876064,4.249454,3.133472,4.326452,4.462728,4.083861,4.241400,4.074841,4.008152,-178.074340
-74.522627,-0.161017,3.166480,3.105000,3.584677,4.040353,4.241561,2.158797,2.247565,3.117165,2.643734,2.337977,2.768996,3.362756,3.627746,3.920680,4.167587,3.057764,4.206284,3.682121,4.345460,3.867366,4.167302,3.909892,3.859956,4.272328,3.083215,4.312921,4.461117,4.073230,4.240756,4.071297,3.986245,-181.939902
-75.622022,-0.246827,3.074753,3.100397,3.539306,4.038380,4.241232,2.109481,2.128550,3.073438,2.604611,2.222578,2.700283,3.359797,3.618540,3.917722,4.161998,3.070972,4.193720,3.644749,4.332573,3.860278,4.156671,3.871232,3.848036,4.309055,3.062596,4.290370,4.449842,4.057121,4.208862,4.050356,3.956928,-184.624266
-75.277584,-0.231046,2.991903,3.062917,3.515964,4.033449,4.245177,2.100276,2.112111,3.003410,2.639460,2.173920,2.671351,3.407140,3.633335,3.910489,4.143258,3.086114,4.178256,3.626708,4.313888,3.862211,4.142818,3.839660,3.832572,4.321620,3.067106,4.287470,4.442432,4.041658,4.197264,4.026838,3.942430,-183.783387
-75.854172,-0.175812,2.894587,3.012944,3.471251,4.031476,4.245506,2.102248,2.108166,2.914970,2.641762,2.064768,2.616775,3.426209,3.624129,3.913776,4.127477,3.094813,4.173101,3.610278,4.285859,3.858990,4.132830,3.820330,3.818397,4.314854,3.041333,4.273295,4.432123,4.023616,4.143140,3.981735,3.914080,-185.190805
-77.251450,-0.200799,2.764064,2.924505,3.406812,4.020627,4.242876,1.827724,1.835286,2.884723,2.705872,1.971726,2.586857,3.387414,3.610650,3.898653,4.096573,3.017815,4.152805,3.568396,4.269751,3.850291,4.104480,3.761051,3.751708,4.309377,2.949516,4.237534,4.416981,4.000098,4.112856,3.908281,3.864144,-188.601945
-80.419751,-0.172853,2.704557,2.880121,3.364729,4.016024,4.243533,1.712983,1.814573,2.821599,2.720667,1.932602,2.546747,3.353551,3.598485,3.879913,4.090984,3.015882,4.137663,3.551321,4.255576,3.848680,4.090305,3.738500,3.722391,4.304867,2.911823,4.205318,4.414081,3.992366,4.087083,3.849002,3.849002,-196.337039
-79.179274,-0.131757,2.632227,2.854148,3.330208,3.994654,4.242218,1.842190,1.746189,2.767352,2.718694,1.902684,2.474746,3.330866,3.552457,3.845392,4.044298,2.969168,4.128964,3.552610,4.241400,3.847714,4.086761,3.704350,3.659891,4.298746,2.905701,4.209184,4.406349,3.974647,4.056155,3.796167,3.832894,-193.308883
-80.766995,-0.106441,2.585542,2.732831,3.308180,3.993996,4.253068,2.243620,1.763942,2.657543,2.659515,1.863560,2.528336,3.298317,3.586649,3.834871,3.958489,3.008472,4.118011,3.579994,4.237534,3.830317,4.083539,3.756541,3.607378,4.283604,3.017493,4.270395,4.386375,3.939853,4.006219,3.757185,3.807121,-197.184863
-81.616246,-0.126168,2.533267,2.675296,3.288783,3.975585,4.252410,2.222907,1.688325,2.580281,2.605597,1.878355,2.525048,3.314098,3.580731,3.806597,3.913119,2.982699,4.092882,3.586437,4.215305,3.812920,4.031993,3.713048,3.541334,4.272650,2.973356,4.245589,4.374133,3.911180,3.968848,3.673422,3.779737,-199.258535
-79.783311,-0.082112,2.538528,2.662474,3.231577,3.969010,4.246821,2.133153,1.520323,2.483952,2.470143,1.774463,2.509924,3.309167,3.558704,3.795090,3.875310,2.943717,4.072585,3.564530,4.187921,3.789402,3.969170,3.642816,3.474002,4.259442,2.929864,4.234313,4.356736,3.863178,3.938887,3.666334,3.736244,-194.783273
-79.093584,-0.029508,2.480664,2.636830,3.150699,3.954544,4.235643,2.067070,1.495665,2.389923,2.416553,1.790902,2.515842,3.267413,3.546539,3.768788,3.832241,2.958214,4.059054,3.551966,4.172779,3.769427,3.935987,3.614144,3.468203,4.255576,2.907312,4.215305,4.343205,3.842881,3.924389,3.625097,3.712404,-193.099531
-77.111029,-0.054495,2.408334,2.547404,3.064561,3.934818,4.218218,2.020713,1.375992,2.327128,2.380389,1.873752,2.533596,3.264125,3.519909,3.729665,3.780624,2.897969,4.032959,3.540368,4.157637,3.733667,3.906992,3.586759,3.425354,4.242367,2.875096,4.194686,4.320331,3.788435,3.878964,3.516205,3.675677,-188.259145
-76.100550,-0.050550,2.416553,2.486910,2.980725,3.904242,4.209999,1.855341,1.354293,2.276826,2.343566,1.888876,2.538199,3.284838,3.469607,3.692185,3.754651,2.879928,4.039080,3.515883,4.142818,3.721425,3.886696,3.559375,3.400870,4.232380,2.841913,4.170846,4.310022,3.767494,3.828384,3.450161,3.639595,-185.792566
-75.367510,-0.049892,2.366251,2.399457,2.884395,3.864461,4.179423,1.786299,1.326676,2.150249,2.285374,1.909259,2.547733,3.273331,3.431798,3.634650,3.679691,2.825804,4.028127,3.497520,4.129287,3.699195,3.872520,3.527159,3.336115,4.221104,2.819039,4.163436,4.304545,3.752031,3.791335,3.334826,3.615110,-184.002660
-74.794543,-0.009453,2.268935,2.335018,2.735790,3.827638,4.156080,1.366458,1.242840,1.958904,2.152221,1.899067,2.522089,3.197385,3.363085,3.563964,3.593225,2.744619,4.013629,3.455638,4.109957,3.672456,3.847069,3.485277,3.278447,4.201452,2.743008,4.142818,4.281671,3.727224,3.718847,3.169555,3.582249,-182.603676
-72.304560,-0.028193,2.241976,2.247894,2.735790,3.753007,4.116957,1.241524,1.123167,1.868821,2.090741,1.880985,2.453047,3.097767,3.340071,3.495580,3.406154,2.753317,4.038114,3.419233,4.092560,3.637340,3.821940,3.439852,3.133795,4.186310,2.723356,4.120910,4.264918,3.710793,3.684054,3.074838,3.534569,-176.525039
-68.003280,-0.035098,2.241647,2.091727,2.558254,3.656678,4.059751,0.947931,0.955822,1.718243,1.875396,1.981918,2.349813,2.931409,3.263468,3.357825,3.272344,2.784567,4.040369,3.387661,4.068397,3.560020,3.768783,3.378318,3.026191,4.175356,2.702737,4.097070,4.235924,3.654092,3.524582,2.833214,3.459182,-166.023727
-57.434764,0.022109,2.236387,2.046357,2.290634,3.473223,3.967695,0.906506,0.878560,1.558789,1.816217,1.898081,2.229154,2.740064,3.132288,3.145768,3.005382,2.771681,4.000742,3.343847,4.034892,3.491076,3.709182,3.320006,2.981088,4.160859,2.711113,4.049390,4.215949,3.597713,3.393460,2.612531,3.437597,-140.221395
-50.249813,-0.014385,2.225537,2.037809,2.173263,3.259194,3.865118,0.633296,0.771381,1.519008,1.770189,1.788929,1.967452,2.568117,3.000780,2.854148,2.697324,2.812273,3.974969,3.293911,3.992044,3.397970,3.652159,3.276836,3.032957,4.138307,2.820005,4.034248,4.157315,3.512017,3.226578,2.128316,3.408602,-122.680016
-39.822691,-0.153127,2.205482,1.969753,2.119344,3.055684,3.725062,0.861135,0.419266,1.478240,1.813258,1.705092,1.849094,2.432992,2.882093,2.707516,2.204825,2.855444,3.970781,3.305831,3.983668,3.356411,3.653770,3.262661,3.153447,4.116400,2.860920,4.096104,4.130897,3.455960,3.158601,1.783921,3.485599,-97.223461
-21.411904,-0.502941,2.175235,2.033206,2.360334,3.054040,3.727034,0.972589,0.379484,1.810628,1.837258,1.673530,1.661366,2.308059,2.792010,2.462253,2.057535,2.760083,3.932121,3.247519,3.971748,3.357055,3.646682,3.204027,3.271359,4.109635,2.905057,4.087083,4.092882,3.370586,3.077093,1.386047,3.474002,-52.275383
-2.434230,-0.566723,2.140714,1.937205,2.612501,2.934697,3.683966,1.769203,0.971932,2.051289,1.749476,1.745860,1.770847,2.276168,2.708173,2.349484,1.998356,2.847389,3.881863,3.214336,3.934376,3.276192,3.593525,3.173743,3.303254,4.082250,3.059374,4.005575,4.019106,3.449839,2.857699,1.976254,3.525226,0.000000
0.773800,-0.627217,1.908273,1.426294,2.254140,2.643077,3.447579,1.281635,0.475815,1.753751,1.659722,1.376321,1.281635,1.977315,2.410964,1.928986,1.509145,2.722067,3.736889,3.086436,3.850935,3.027158,3.439530,2.717879,3.081604,4.049712,3.156668,3.699517,3.704028,3.491076,2.022646,2.185662,3.199194,0.000000
-0.462213,-1.289695,1.607447,1.110016,1.873423,2.084166,3.205933,0.099699,0.099370,1.586735,1.122180,0.963055,0.757244,1.111660,1.585091,1.043604,0.797354,2.562917,3.843848,2.975289,3.830961,2.974001,3.406669,2.336113,2.684696,4.045846,2.979155,3.533280,3.459826,3.263305,2.212401,2.204347,2.870585,0.000000
8.547797,-1.777596,1.607776,0.906177,2.095344,1.830683,3.111904,0.090822,0.089507,1.912876,0.374553,0.001725,0.001067,0.191098,0.560638,0.119097,0.000081,2.497840,3.807443,2.966269,3.883474,3.080637,3.411179,0.970132,2.378317,4.009441,2.791010,3.462081,3.365432,3.104800,2.687918,2.277479,2.990431,20.868680
18.313113,-2.203358,1.806354,1.461801,2.691735,1.964493,3.280235,0.106275,0.105288,2.306415,0.104631,-0.000905,0.000081,0.000081,0.310771,0.000410,0.000081,2.761371,3.913436,3.286823,4.037147,3.347713,3.616721,0.973998,1.859630,4.081284,2.837402,3.614788,3.485277,3.062596,2.829026,2.428897,3.250741,44.709953
24.742103,-2.435473,2.253154,1.762627,2.911683,2.061481,3.365058,0.118768,0.117782,2.673324,0.118439,0.001396,0.000739,0.000739,0.490281,0.000739,-0.000576,2.844168,3.902804,3.291978,4.051967,3.355767,3.639595,0.944681,1.280377,4.080317,2.840946,3.655381,3.560986,3.050676,2.858343,2.445327,3.408602,60.405367
29.290857,-2.465063,2.286031,1.882958,3.088890,2.199893,3.451525,0.125015,0.124028,2.744338,0.123700,0.000081,-0.000576,0.211153,0.725353,0.226276,0.002711,2.848034,3.811953,3.254285,4.018784,3.316785,3.596102,1.101253,1.098032,4.084183,2.800353,3.625742,3.557765,3.076771,2.816462,2.351255,3.480767,71.510922
32.130470,-2.461775,2.323840,1.988822,3.094479,2.370197,3.511032,0.128960,0.127316,2.842970,0.159207,0.001396,0.254551,0.526446,1.096207,0.552747,0.334114,2.735276,3.730768,3.186630,3.966271,3.269104,3.512017,1.480764,1.343844,4.070975,2.730766,3.564208,3.535857,3.002351,2.798098,2.231409,3.422133,78.443336
33.204971,-2.404240,2.361320,2.089097,3.139192,2.490198,3.565279,0.134220,0.132248,2.857435,0.344306,-0.000905,0.375539,0.672092,1.457527,0.761189,0.547487,2.719812,3.706605,3.128318,3.897972,3.221424,3.456282,1.616718,1.475609,4.063243,2.684696,3.475935,3.505574,2.987854,2.744619,2.120584,3.487855,81.066680
33.614351,-2.397993,2.377430,2.079892,3.128014,2.583569,3.617554,0.135535,0.134878,2.832120,0.394937,0.003040,0.499157,0.753956,1.684051,1.102454,0.657626,2.626062,3.567430,2.930186,3.774904,3.065173,3.326450,1.656344,1.140880,4.024905,2.559696,3.377030,3.442429,2.944039,2.632827,1.893780,3.456605,82.066309
34.717533,-2.381226,2.380717,2.166359,3.148398,2.619734,3.682650,0.648091,0.141453,2.861709,0.516582,0.163810,0.638886,1.069577,1.862245,1.158016,0.747709,2.462080,3.454994,2.890882,3.688886,2.808085,3.172454,1.765236,0.489784,3.966915,2.470134,3.276192,3.402481,2.852866,2.593201,1.443393,3.451450,84.759602
34.091277,-2.281278,2.356717,2.177866,3.145439,2.754530,3.723747,0.930835,0.147042,2.832778,0.623762,0.479431,0.833519,1.279991,2.096988,1.386841,0.913081,2.497196,3.457249,2.890560,3.674389,2.783279,3.144748,1.846744,0.009114,3.951773,2.443394,3.269426,3.397970,2.851900,2.584180,1.336756,3.522971,83.230641
33.190211,-2.256291,2.353429,2.184441,3.150042,2.832449,3.737555,0.988699,0.149673,2.808120,0.682612,0.523158,0.867053,1.397362,2.186742,1.600872,1.074837,2.494618,3.415690,2.887016,3.628319,2.781023,3.142493,2.222066,0.010724,3.957894,2.459824,3.264594,3.378640,2.894426,2.581925,1.347710,3.485277,81.030961
32.708140,-2.015300,2.371512,2.154523,3.133932,2.897874,3.758925,1.111331,0.184522,2.776887,0.820368,0.665516,0.932808,1.552542,2.334361,1.735339,1.231990,2.536178,3.378963,2.866719,3.629608,2.765237,3.128318,2.526835,0.011047,3.972714,2.506861,3.247519,3.371231,2.936951,2.545843,1.323547,3.503319,79.853730
33.898941,-1.747020,2.336333,2.141372,3.105658,2.918587,3.759254,1.142893,0.259811,2.584884,0.841409,0.754613,0.933136,1.639338,2.425101,1.847779,1.400979,2.471422,3.292300,2.843846,3.609311,2.668265,3.084181,2.531989,0.010724,3.959827,2.513948,3.235599,3.313885,2.908279,2.470134,1.273290,3.480767,82.760840
33.249135,-1.680279,2.350142,2.222250,3.054369,2.947847,3.806268,1.241196,0.550117,2.649323,1.007768,0.844039,1.004480,1.794847,2.501705,1.999671,1.569967,2.508471,3.308086,2.860276,3.594169,2.673098,3.074838,2.583214,0.011691,3.972070,2.482054,3.209826,3.325805,2.901513,2.441461,1.219166,3.454994,81.174828
32.117183,-1.497809,2.395841,2.191016,3.133603,2.975464,3.821063,1.446020,0.747709,2.651954,1.002507,0.955164,1.054453,1.919123,2.599679,2.208441,1.839889,2.524902,3.319362,2.832570,3.637984,2.753639,3.124774,2.624773,0.166008,3.995588,2.525224,3.240109,3.298099,2.902480,2.537466,1.315493,3.437919,78.411090
30.128039,-1.403122,2.419841,2.320552,3.184563,3.039246,3.860844,1.476925,0.870341,2.681872,1.209634,1.115276,1.172482,2.038467,2.762092,2.343895,2.019727,2.588691,3.342558,2.836436,3.673744,2.782956,3.174065,2.668265,0.096420,3.992044,2.516848,3.244297,3.281991,2.903768,2.424386,1.264913,3.523615,73.554828
29.954593,-1.362026,2.470143,2.331073,3.212508,3.053383,3.902927,1.746189,1.207003,2.748941,1.466733,1.239881,1.398677,2.160441,2.870915,2.507952,2.263675,2.672454,3.402803,2.876062,3.704350,2.821616,3.219491,2.756861,0.446292,4.012985,2.519103,3.251707,3.291011,2.906668,2.234309,1.245261,3.586115,73.131164
28.942642,-1.243010,2.508938,2.462910,3.244070,3.068835,3.942708,2.045371,1.370403,2.697324,1.597255,1.414787,1.695887,2.299840,2.962642,2.656556,2.361977,2.731088,3.445973,2.918588,3.763628,2.882505,3.294555,2.823549,0.758147,4.022005,2.506538,3.321617,3.310664,2.964336,2.320649,1.335790,3.625419,70.660617
28.060867,-1.255503,2.585871,2.552993,3.199686,3.101712,3.973613,2.251510,1.460815,2.755188,1.608105,1.507501,1.811614,2.390581,3.025437,2.712447,2.480993,2.738820,3.514272,2.970457,3.814208,2.945006,3.338370,2.891204,1.379604,4.074196,2.540044,3.384762,3.321939,2.968202,2.261693,1.430506,3.672778,68.508066
28.228045,-1.063828,2.583240,2.632556,3.243741,3.163521,4.016353,2.549706,1.539063,2.624994,1.666626,1.665640,2.006576,2.611186,3.059301,2.888997,2.587186,2.849000,3.575162,2.983343,3.888951,3.083215,3.435342,2.944039,1.830635,4.102869,2.562917,3.521360,3.369620,3.038756,2.334502,1.494617,3.786180,68.916352
29.364414,-0.717959,2.612501,2.670036,3.267084,3.192782,4.031805,2.609871,1.638680,2.519130,1.723504,1.732709,2.076933,2.720667,3.101055,2.971848,2.721324,2.963047,3.600290,3.044877,3.895716,3.132828,3.453705,2.976578,1.955636,4.124454,2.593845,3.555832,3.365110,3.070972,2.407311,1.678251,3.787469,71.690508
34.349746,-0.860317,2.731845,2.705543,3.274646,3.220399,4.048572,2.694365,1.673202,2.680228,1.818518,1.741915,2.113426,2.721324,3.122096,3.073438,2.863682,2.997841,3.636695,3.126385,3.902482,3.174387,3.469813,2.974967,2.271680,4.142818,2.753639,3.598680,3.362532,3.168266,2.502028,1.585468,3.857057,83.861672
40.815504,-0.854728,2.764393,2.768996,3.288783,3.212179,4.059093,2.795298,1.794518,2.714749,1.944109,1.772490,2.153536,2.735461,3.123740,3.085931,2.924176,2.992042,3.646682,3.140882,3.898938,3.192751,3.455960,3.019104,2.169553,4.161181,2.815173,3.616077,3.383151,3.241076,2.426641,1.439205,3.946941,99.647375
41.660923,-0.938894,2.751900,2.769654,3.383798,3.276618,4.075860,2.845600,1.811614,2.763407,1.878684,1.776436,2.207455,2.741708,3.155959,3.163850,2.965272,2.986565,3.635407,3.132506,3.889273,3.141849,3.443396,2.965946,2.014270,4.141207,2.751706,3.589659,3.361244,3.151192,2.391525,1.174063,4.007186,101.711125
43.122177,-0.901085,2.745653,2.777215,3.407469,3.300947,4.079477,2.891956,1.893478,2.720009,1.846464,1.795176,2.312662,2.768010,3.167138,3.258536,3.115192,3.003640,3.624131,3.164078,3.889917,3.158601,3.444040,2.998807,2.005571,4.138629,2.715302,3.600613,3.342558,3.179864,2.488819,1.296485,4.047134,105.278535
45.705316,-0.657464,2.755516,2.798257,3.473552,3.315413,4.090655,2.950478,1.953972,2.691735,1.996713,1.863560,2.451732,2.830476,3.200672,3.329551,3.207248,3.016526,3.654092,3.192751,3.889917,3.180831,3.454027,2.997519,2.093845,4.157637,2.837402,3.609633,3.339336,3.279736,2.507827,1.460145,4.101580,111.585375
50.413927,-0.555874,2.744009,2.810092,3.472566,3.314427,4.097559,3.055684,2.048330,2.656556,2.116057,1.932931,2.590145,2.900176,3.212508,3.384455,3.274317,3.016526,3.672456,3.207248,3.888951,3.195328,3.445007,2.983343,1.989141,4.166980,2.903446,3.637340,3.373808,3.295200,2.429219,1.509437,4.123165,123.080859
52.194827,-0.627217,2.726256,2.821271,3.488347,3.326263,4.115970,3.105000,2.118358,2.733160,2.131838,2.011178,2.700612,2.987958,3.239139,3.440018,3.341058,3.018459,3.677932,3.222068,3.886696,3.194040,3.441141,2.998807,1.837079,4.165047,2.951771,3.637662,3.381862,3.318073,2.515881,1.610919,4.165369,127.428625
54.654167,-0.573956,2.696666,2.804175,3.547526,3.327907,4.124847,3.175686,2.191674,2.708173,2.164715,2.042083,2.739735,3.028068,3.251303,3.485388,3.373277,3.026191,3.683409,3.223357,3.881863,3.181153,3.433086,3.035534,1.683728,4.166980,2.947261,3.660858,3.404092,3.329349,2.514270,1.627993,4.178578,133.432848
