-4.790675,2,2.9873,3.204946,3.099082,3.14774,4.015038,4.392795,2.353429,2.620063,2.81338,3.39662,3.041218,3.363414,3.828625,3.77109,3.81383,3.580074,0.519423,2.977222,2.246873,3.107377,0.921807,2.234309,1.755893,2.31034,3.717237,2.132182,3.456605,2.623162,1.122194,1.978509,0.011369,1.710468
-2.568344,2,3.015574,3.232234,3.096452,3.162864,4.009449,4.396083,2.363621,2.61283,2.786092,3.396949,3.040232,3.364729,3.833885,3.778323,3.818104,3.593882,0.621227,2.946616,2.265559,3.055831,0.888946,2.113174,1.632826,2.35061,3.760729,2.018136,3.356089,2.546809,1.230442,1.909566,0.007181,2.007182
3.165028,2,3.164179,3.380839,3.162535,3.358482,4.055477,4.406604,2.507623,2.831463,2.919244,3.446922,3.208563,3.445935,3.880899,3.818433,3.88879,3.624129,1.167619,3.070006,2.438561,3.048099,1.079024,2.235597,1.73012,2.77748,3.880575,1.828702,3.258795,2.438561,1.208534,2.008149,0.008147,2.357376
11.095345,2,3.365715,3.570211,3.284509,3.486703,4.063038,4.409891,2.863682,3.248015,3.152343,3.64254,3.36703,3.548183,3.922324,3.854926,3.96901,3.689226,1.462723,3.194362,2.42793,3.165367,1.348998,2.553252,2.10061,3.250419,3.960472,1.557761,3.103189,2.422453,1.354153,2.316139,0.009436,2.866075
13.281961,2,3.368674,3.547854,3.298975,3.441333,4.011421,4.385891,2.761434,3.164508,3.212837,3.660952,3.357825,3.53832,3.931201,3.795748,3.913448,3.670157,1.133148,3.076127,2.351577,2.99333,0.877349,2.005571,0.166974,2.401835,3.804866,0.985918,2.815173,2.210146,0.784565,1.858019,0.007503,3.217236
13.666717,2,3.30029,3.417332,3.331523,3.272673,3.925941,4.338877,2.540829,3.020835,3.137877,3.61854,3.292071,3.488018,3.877283,3.685938,3.817446,3.61591,0.36575,2.712402,1.333534,2.770392,0.156665,1.271034,0.003637,0.002348,3.56002,0.609307,2.538111,1.657311,0.634114,1.183405,0.003959,3.495909
13.1993,2,3.220727,3.347633,3.273002,3.219084,3.866105,4.326384,2.51124,2.920231,3.082972,3.607362,3.223686,3.460073,3.836515,3.616239,3.785556,3.590266,-0.001196,2.657312,0.863495,2.613819,0.015557,0.869617,0.003315,0.000093,3.453705,0.768779,2.278123,1.170841,0.438237,0.666653,0.004603,3.493976
13.166096,2,3.189823,3.302591,3.22007,3.201001,3.846707,4.323096,2.349155,2.828504,3.079027,3.618211,3.190809,3.437059,3.809556,3.590266,3.770432,3.557718,-0.001518,2.445005,0.741073,2.401835,0.012657,0.730763,0.004281,-0.001196,3.359311,0.924385,2.419554,1.0249,0.312915,0.428895,0.001059,3.445007
13.36828,2,3.189165,3.292728,3.208563,3.20922,3.838159,4.321781,2.316936,2.815024,3.111904,3.621499,3.191796,3.439031,3.803638,3.582704,3.768131,3.554759,0.000415,2.354476,0.744939,2.335791,0.011047,0.640557,0.001704,0.000093,3.3548,1.321936,2.43244,1.085789,0.307438,0.060016,0.000093,3.461437
13.626984,2,3.184563,3.292399,3.210535,3.222042,3.838817,4.321452,2.296881,2.811736,3.149713,3.629061,3.190809,3.438702,3.806926,3.580731,3.766487,3.552457,0.000415,2.318716,0.746872,2.286499,0.011369,0.635725,0.003315,0.000737,3.352223,1.388303,2.424386,1.098998,0.294552,0.178895,0.000415,3.463048
13.640061,2,3.1987,3.303249,3.2227,3.25492,3.841775,4.321781,2.339292,2.797928,3.175357,3.641883,3.1987,3.437059,3.822378,3.583033,3.770761,3.566266,-0.001196,2.301641,0.760725,2.243974,0.011369,0.622838,0.002348,-0.000229,3.362532,1.450803,2.44726,1.100287,0.324513,0.189848,0.001704,3.475612
13.652849,2,3.20133,3.303578,3.237166,3.258865,3.849008,4.322767,2.364936,2.793325,3.242097,3.646157,3.212837,3.440346,3.830269,3.584677,3.774706,3.565279,0.000093,2.308729,0.765235,2.230765,0.011369,0.624449,0.003959,-0.000874,3.366076,1.462401,2.474966,1.193393,0.324191,0.195969,0.002348,3.488499
13.320728,2,3.209878,3.319687,3.257221,3.269714,3.865447,4.327041,2.509267,2.799243,3.275632,3.664568,3.233221,3.443634,3.846707,3.601773,3.780624,3.573827,-0.001518,2.313883,0.763624,2.259115,0.011369,0.61575,0.004603,-0.000874,3.36511,1.485596,2.486564,1.217555,0.324191,0.109307,0.000737,3.517172
13.505123,2,3.216453,3.323633,3.304893,3.296345,3.869721,4.329014,2.544445,2.833435,3.287468,3.665226,3.245385,3.453497,3.85657,3.604732,3.789172,3.577115,0.000093,2.339979,0.765235,2.262659,0.010402,0.609629,0.001382,-0.000874,3.362532,1.489785,2.509438,1.246872,0.325802,0.188882,-0.000551,3.545522
13.402075,2,3.218097,3.338427,3.325605,3.328235,3.874981,4.33263,2.601652,2.882751,3.312126,3.680678,3.268728,3.457114,3.868735,3.614266,3.791802,3.596512,-0.002807,2.347389,0.75557,2.248162,0.010724,0.606085,0.004603,0.000093,3.368653,1.484308,2.506216,1.274578,0.333212,0.115106,-0.000874,3.564208
13.443168,2,3.228618,3.349606,3.330208,3.335797,3.876954,4.333945,2.626967,2.912998,3.340729,3.692185,3.286482,3.464018,3.87268,3.6238,3.794761,3.603745,-0.00184,2.365108,0.75847,2.271358,0.011047,0.602219,0.000737,-0.001196,3.372519,1.488174,2.531667,1.296163,0.332245,0.2124,0.001059,3.559698
13.518951,2,3.217111,3.341386,3.321002,3.322646,3.869721,4.333288,2.622035,2.886696,3.343359,3.6935,3.275303,3.458429,3.868406,3.613937,3.79509,3.594869,0.000415,2.299708,0.73914,2.209502,0.014268,0.592232,0.002992,-0.000874,3.36672,1.489785,2.535211,1.303573,0.31807,0.104152,-0.002807,3.542301
13.054793,2,3.231248,3.341715,3.322318,3.33777,3.876296,4.334274,2.654255,2.914313,3.347962,3.706322,3.287797,3.470922,3.873995,3.6238,3.810542,3.607691,0.000737,2.323226,0.748805,2.201448,0.011691,0.576768,-0.000551,0.002348,3.397648,1.490429,2.529734,1.342555,0.327413,0.285209,0.001382,3.566785
12.954491,2,3.284509,3.389716,3.343359,3.38577,3.899968,4.339863,2.745653,2.992232,3.357496,3.743144,3.338099,3.485059,3.89142,3.666541,3.8352,3.625116,0.000737,2.362208,0.861885,2.286177,0.011369,0.607052,0.002348,-0.000229,3.431798,1.546163,2.61543,1.351898,0.459823,0.575802,0.002348,3.598035
13.042983,2,3.311468,3.418647,3.364729,3.406154,3.902927,4.341507,2.769982,3.058643,3.364729,3.765501,3.36177,3.500511,3.900625,3.678376,3.854926,3.633664,-0.000874,2.465946,1.012658,2.390237,0.012013,0.651833,0.002348,-0.000229,3.474968,1.476254,2.645714,1.403766,0.452735,0.759436,0.00267,3.645071
13.696592,2,3.328893,3.427853,3.374592,3.409442,3.89931,4.343151,2.812723,3.109603,3.371304,3.779638,3.369661,3.508402,3.906215,3.690212,3.87005,3.641225,0.001704,2.578381,1.064204,2.532634,0.011369,0.64249,-0.002162,-0.000874,3.511695,1.517491,2.59159,1.347388,0.600609,0.802606,0.003959,3.656992
13.231704,2,3.339085,3.432785,3.372291,3.413058,3.89931,4.344137,2.830147,3.129,3.369332,3.788843,3.373606,3.51169,3.908516,3.681335,3.876625,3.651417,0.002348,2.637982,1.072258,2.527801,0.012657,0.592555,0.000415,-0.000229,3.511051,1.51137,2.571294,1.310339,0.70048,0.798096,0.00267,3.644105
13.801822,2,3.337112,3.426209,3.382811,3.414373,3.897667,4.345452,2.833764,3.126699,3.369332,3.797391,3.370976,3.510375,3.908516,3.692185,3.879584,3.650102,0.002026,2.64507,1.065493,2.554863,0.011691,0.588689,0.001059,-0.001196,3.508151,1.607375,2.629606,1.323547,0.693714,0.817104,0.003637,3.62252
14.071199,2,3.331852,3.419305,3.393332,3.413058,3.894708,4.346767,2.851846,3.122096,3.371962,3.793117,3.368345,3.508731,3.907858,3.698103,3.879584,3.647801,0.000737,2.64958,1.056472,2.594812,0.012335,0.598998,0.002026,0.000415,3.502674,1.647968,2.662144,1.330313,0.710789,0.910209,0.002992,3.604801
14.119767,2,3.329222,3.400894,3.391688,3.432456,3.887803,4.348082,2.88308,3.114534,3.368674,3.786871,3.368674,3.505114,3.908845,3.711253,3.878598,3.661609,-0.001196,2.656023,1.065493,2.528446,0.010402,0.576446,0.002026,-0.000551,3.468203,1.717233,2.676642,1.283277,0.712722,0.885403,0.002026,3.540368
14.006708,2,3.325934,3.396291,3.398592,3.44199,3.895036,4.34874,2.882422,3.114863,3.367688,3.781282,3.366702,3.507744,3.907858,3.713226,3.878269,3.652075,-0.000229,2.654412,1.04874,2.492041,0.010402,0.62316,0.000093,0.001059,3.434697,1.842233,2.684696,1.289076,0.63798,0.796485,0.002026,3.526837
13.789355,2,3.329222,3.395962,3.398264,3.43936,3.897338,4.349069,2.882093,3.107301,3.367359,3.777994,3.363085,3.507087,3.908516,3.703363,3.88057,3.652404,0.000737,2.679219,0.974642,2.534567,0.011691,0.658598,0.003959,-0.000551,3.385728,1.889914,2.693072,1.300029,0.621872,0.784887,0.004281,3.543267
13.825124,2,3.327578,3.397935,3.402866,3.444949,3.899968,4.353343,2.887354,3.106973,3.370976,3.798707,3.365387,3.509388,3.910817,3.707966,3.877283,3.65865,-0.000874,2.69726,0.927606,2.553575,0.012335,0.675995,0.004603,0.001059,3.355445,1.908599,2.73141,1.297452,0.612851,0.783598,0.002348,3.558409
13.961467,2,3.32692,3.394318,3.399907,3.444292,3.89142,4.352356,2.890641,3.12111,3.367688,3.803967,3.366373,3.510046,3.912461,3.704349,3.873009,3.668185,-0.001518,2.663111,0.992684,2.433729,0.01008,0.531665,0.002026,-0.000551,3.421166,1.913754,2.753317,1.310339,0.560338,0.784887,0.003959,3.541334
13.837273,2,3.323961,3.390044,3.399907,3.439031,3.885831,4.351041,2.908395,3.119795,3.366702,3.806268,3.364729,3.511032,3.908516,3.70139,3.875639,3.669828,-0.001196,2.582569,1.081923,2.307118,0.008791,0.49075,0.002026,-0.000874,3.444684,1.94146,2.762982,1.322259,0.567748,0.774256,0.003315,3.513628
13.729089,2,3.320674,3.390044,3.396291,3.440675,3.882543,4.354,2.907409,3.119795,3.366044,3.812186,3.367359,3.509388,3.91016,3.703692,3.875968,3.666212,-0.000551,2.594167,1.083856,2.31936,0.009758,0.497516,0.000093,-0.000551,3.443718,1.958857,2.773614,1.331279,0.542297,0.779088,0.002348,3.507185
13.572548,2,3.320345,3.384784,3.395633,3.448894,3.883201,4.353672,2.89623,3.110589,3.365387,3.812186,3.366044,3.509059,3.905557,3.699089,3.873666,3.671472,0.000415,2.591268,1.0874,2.325481,0.010402,0.512658,0.003315,0.000093,3.439208,1.980442,2.785534,1.337723,0.53682,0.781021,0.004603,3.518138
13.835576,2,3.320016,3.381168,3.401223,3.443305,3.880899,4.353672,2.917272,3.12111,3.3644,3.812844,3.365387,3.507416,3.905886,3.701062,3.87531,3.668842,0.001059,2.607054,1.088689,2.344167,0.009758,0.519745,0.000093,0.000737,3.440496,2.002027,2.810018,1.352542,0.53392,0.772967,-0.000229,3.508151
13.375071,2,3.318044,3.381825,3.394976,3.453497,3.881228,4.354329,2.919573,3.081986,3.360784,3.815474,3.3644,3.503142,3.911804,3.703034,3.873337,3.678048,-0.000874,2.639915,1.12896,2.43985,0.011369,0.547451,0.146356,0.000093,3.458538,2.009437,2.838691,1.467233,0.602542,0.79423,0.00267,3.483022
13.731328,2,3.31377,3.385113,3.389387,3.452182,3.863474,4.354,2.90971,3.096452,3.356181,3.81383,3.360784,3.497224,3.905557,3.705993,3.873666,3.676075,0.070969,2.644747,1.147967,2.506216,0.012013,0.57548,0.317103,0.000093,3.483989,1.969167,2.858343,1.484952,0.661176,0.993972,0.002992,3.485922
13.997386,2,3.310153,3.394647,3.398921,3.450867,3.863474,4.353014,2.901162,3.07278,3.354208,3.811529,3.36177,3.49295,3.904571,3.707637,3.871365,3.670815,0.070969,2.639915,1.1499,2.532956,0.012013,0.663753,0.368328,-0.000551,3.503641,1.958213,2.853511,1.447581,0.7095,1.009114,0.002992,3.473679
13.7475,2,3.308509,3.409442,3.398264,3.449223,3.857556,4.353672,2.891628,3.055027,3.352564,3.815145,3.362099,3.489662,3.902927,3.706979,3.870379,3.669828,0.06517,2.637015,1.165364,2.535533,0.010402,0.796485,0.389268,0.002348,3.511051,1.957246,2.855121,1.43405,0.727864,1.019423,0.002348,3.488821
13.96725,2,3.309824,3.420949,3.382154,3.447251,3.850324,4.353672,2.883408,3.062589,3.34829,3.812515,3.363085,3.485059,3.904899,3.706322,3.869063,3.667527,0.071936,2.631539,1.171485,2.526835,0.011691,0.822258,0.41633,0.000415,3.496553,1.991396,2.860598,1.462723,0.713689,1.002993,0.004281,3.485599
13.685502,2,3.306208,3.428839,3.389387,3.443963,3.838488,4.353014,2.887354,3.065876,3.349606,3.814159,3.36177,3.483087,3.905228,3.705007,3.868077,3.668185,0.052284,2.626384,1.170197,2.510727,0.011691,0.814848,0.459823,0.000415,3.494298,2.006216,2.862209,1.468522,0.730441,1.003315,0.001382,3.491398
13.775356,2,3.306537,3.43147,3.383469,3.440018,3.837173,4.354329,2.885381,3.053712,3.348619,3.814488,3.354866,3.477826,3.904242,3.691527,3.867091,3.664239,0.071291,2.595456,1.198869,2.474644,0.012013,0.814526,0.427928,0.01298,3.488177,2.008793,2.856732,1.473676,0.707245,0.966588,0.00267,3.514272
13.796481,2,3.296673,3.439031,3.383469,3.440346,3.832899,4.354,2.882093,3.041218,3.345003,3.810871,3.354208,3.472566,3.896351,3.684623,3.864132,3.659308,0.077735,2.573871,1.228186,2.428574,0.011047,0.797452,0.403766,0.0249,3.485599,2.008793,2.85641,1.506537,0.689848,0.770068,0.003315,3.542623
13.657437,2,3.286482,3.435744,3.389387,3.440018,3.823693,4.350055,2.891956,3.026424,3.341715,3.8112,3.353222,3.468949,3.89931,3.67739,3.861831,3.657664,0.078701,2.58418,1.280055,2.445971,0.012013,0.81356,0.393779,0.301639,3.480123,2.019746,2.874451,1.528122,0.70048,0.758147,0.002026,3.553576
13.642009,2,3.287139,3.439689,3.38051,3.434428,3.81646,4.348082,2.901162,3.033328,3.33777,3.814816,3.352893,3.467306,3.899639,3.66391,3.8592,3.656349,0.345776,2.582892,1.374127,2.493007,0.012335,0.851253,0.436627,0.423418,3.503319,2.004283,2.880895,1.525223,0.728508,0.773934,0.002348,3.543589
13.33407,2,3.28681,3.439689,3.376894,3.430154,3.814488,4.348082,2.866312,3.068178,3.33514,3.816131,3.349934,3.469278,3.897995,3.654047,3.849666,3.657006,0.35383,2.577415,1.381537,2.507183,0.012335,0.877026,0.488817,0.54133,3.519427,2.001383,2.885727,1.529411,0.752993,0.759436,0.004281,3.547777
13.243799,2,3.272344,3.433113,3.379852,3.424894,3.811529,4.345781,2.856449,3.020506,3.333167,3.805939,3.343688,3.456456,3.888132,3.651417,3.844734,3.642869,0.345776,2.558729,1.36414,2.484953,0.010724,0.873483,0.442103,0.550673,3.524582,2.015236,2.887016,1.491395,0.690815,0.74365,0.00557,3.547777
12.9052,2,3.271029,3.434757,3.370976,3.417004,3.818762,4.347096,2.838367,3.045492,3.328235,3.807255,3.339742,3.451525,3.888461,3.63728,3.843091,3.640568,0.354797,2.557763,1.397645,2.48592,0.010402,0.868328,0.449191,0.734952,3.527481,2.018458,2.888627,1.51588,0.701769,0.72883,0.002348,3.544556
13.149783,2,3.269714,3.433113,3.365387,3.412401,3.802981,4.345452,2.815682,2.987958,3.320674,3.801008,3.334153,3.446593,3.88057,3.634979,3.837173,3.640568,0.35383,2.562595,1.411176,2.493652,0.010724,0.897323,0.441137,0.861562,3.527803,2.013303,2.914078,1.558084,0.697258,0.723031,0.002348,3.496231
13.518938,2,3.266098,3.425223,3.358482,3.411414,3.802652,4.345452,2.809106,2.997163,3.314427,3.797391,3.32429,3.440675,3.883201,3.622157,3.833227,3.638595,0.358018,2.583536,1.406344,2.482698,0.011369,0.903444,0.403444,1.002671,3.518783,2.016203,2.92181,1.554862,0.684694,0.69307,0.00267,3.498808
13.232,2,3.266098,3.418319,3.350592,3.405825,3.788186,4.344795,2.783791,2.988615,3.314756,3.787528,3.323961,3.434757,3.876954,3.607362,3.82994,3.638266,0.34932,2.561307,1.406344,2.464013,0.012013,0.898289,0.397,0.960467,3.511695,2.021035,2.924387,1.53231,0.689204,0.658921,0.002348,3.511695
13.152133,2,3.252289,3.415688,3.347304,3.403195,3.793117,4.34348,2.762421,2.980725,3.308509,3.764514,3.320016,3.432456,3.875639,3.616239,3.825994,3.63465,0.330312,2.565495,1.391846,2.449515,0.024577,0.899256,0.362206,0.912787,3.503963,2.051319,2.934696,1.525223,0.710467,0.62316,0.00267,3.550999
13.128095,2,3.252618,3.412072,3.347962,3.397935,3.794761,4.342493,2.753544,2.951135,3.302263,3.752021,3.308509,3.428182,3.869721,3.609992,3.822378,3.63202,0.316781,2.556152,1.39088,2.441783,0.038431,0.918908,0.352542,0.858019,3.495909,2.101899,2.965302,1.522645,0.68115,0.559694,0.002348,3.583216
12.463898,2,3.252618,3.408456,3.341715,3.383798,3.785884,4.341507,2.736119,2.932066,3.280564,3.744131,3.293715,3.426538,3.862159,3.60243,3.818433,3.631362,0.203379,2.562273,1.363174,2.429863,0.013946,0.902477,0.26298,0.72432,3.484633,2.11253,2.969168,1.514591,0.657632,0.488173,0.000737,3.574839
12.198955,2,3.253276,3.384784,3.328235,3.37525,3.777336,4.340521,2.721982,2.933053,3.272673,3.73887,3.283523,3.423908,3.854269,3.601773,3.81646,3.627417,0.197902,2.570971,1.346099,2.447582,0.021034,0.88508,0.100931,0.610274,3.493331,2.091267,2.974323,1.595777,0.67664,0.446614,0.001704,3.567752
11.950258,2,3.255577,3.384455,3.308509,3.35914,3.766816,4.340192,2.697981,2.889326,3.248344,3.732295,3.277605,3.417332,3.850981,3.588951,3.815803,3.628732,0.22432,2.572904,1.401833,2.455958,0.101575,0.908599,0.204668,0.621872,3.510728,2.009759,2.98141,1.590622,0.59191,0.445325,0.000415,3.56002
10.925805,2,3.236508,3.353551,3.271687,3.332181,3.745446,4.336575,2.684831,2.877819,3.233878,3.710596,3.245385,3.409771,3.838159,3.575471,3.803638,3.614595,0.184371,2.559051,1.399256,2.441461,0.126382,0.903444,0.129603,0.542619,3.51846,1.996228,2.998807,1.643457,0.59932,0.375415,0.001059,3.547455
8.211675,2,3.216125,3.340071,3.24933,3.320016,3.717171,4.334603,2.666419,2.830805,3.205275,3.691527,3.236837,3.399579,3.826981,3.554759,3.792131,3.604732,0.086111,2.549386,1.423419,2.456925,0.185016,0.93566,0.003637,0.53231,3.521038,1.984308,2.998485,1.669875,0.606085,0.358663,0.001704,3.529414
7.328654,2,3.213823,3.331523,3.234207,3.299961,3.722432,4.334274,2.671351,2.872559,3.16122,3.675417,3.218755,3.386099,3.817775,3.536676,3.779967,3.602102,0.347709,2.593845,1.524578,2.527479,0.235273,1.172452,0.00557,0.624771,3.541656,2.04262,3.062274,1.848032,0.670196,0.436949,0.00267,3.510728
2.696404,2,3.208234,3.326263,3.215138,3.270372,3.748076,4.339863,2.602967,2.912669,3.150699,3.659308,3.201659,3.366373,3.819419,3.507744,3.774706,3.596184,0.414075,2.607376,1.965945,2.614786,0.294552,1.494295,0.151511,1.166331,3.575806,2.266203,3.150547,1.963045,0.708534,0.672129,0.002026,3.538435
-2.017286,2,3.201987,3.317715,3.194754,3.244728,3.751364,4.339534,2.578966,2.884066,3.099082,3.638266,3.18522,3.33514,3.809885,3.5061,3.760898,3.587964,0.428895,2.716912,2.050352,2.772325,0.525866,1.668586,0.053895,0.994939,3.56453,2.121873,3.198872,2.168587,0.889591,0.793908,0.001704,3.413434
-5.658475,2,3.16122,3.300619,3.178645,3.15859,3.778323,4.337891,2.38006,2.723297,3.022807,3.507416,3.102699,3.248673,3.764514,3.468621,3.723418,3.567581,0.181472,2.772003,1.993651,2.926964,0.668586,1.686305,0.007825,1.24204,3.532958,1.904733,3.164723,2.235919,0.884114,0.90731,0.004603,2.952738
-8.103304,2,2.790037,2.917929,3.097438,2.976122,3.855913,4.300411,2.016768,2.406033,2.819298,3.370647,2.986642,3.081328,3.701062,3.343359,3.661609,3.467634,0.001059,2.665366,1.572903,2.792621,0.575802,1.622194,0.006214,1.925674,3.429543,1.627671,3.101256,1.699192,0.753315,0.800351,0.002026,1.516846
-8.914197,2,2.614802,2.729544,3.049438,2.944231,3.890105,4.286274,1.684709,2.135783,2.76801,3.350263,2.960012,3.031684,3.660623,3.350263,3.705336,3.369661,-0.000874,2.796487,1.997517,3.057119,1.036498,1.974643,0.240106,2.180185,3.482378,1.851576,3.20306,2.01878,0.922129,1.399256,0.004603,1.616073
-9.600341,2,2.688447,2.831134,3.109274,3.042862,3.933831,4.304356,1.673202,2.216989,2.82686,3.372948,3.060616,3.143466,3.698431,3.450538,3.785227,3.385442,-0.000551,2.862209,2.268136,3.206604,1.168908,2.344811,0.837722,2.17052,3.525226,1.794231,3.296166,2.243651,0.969166,1.815816,0.006214,1.730764
-9.897612,2,2.791352,2.95245,3.155302,3.131302,3.971969,4.324411,1.900711,2.393211,2.885052,3.413058,3.130973,3.216125,3.727363,3.563307,3.837501,3.429168,0.003315,2.861243,2.252994,3.204671,1.168586,2.341268,1.023289,2.076448,3.530381,1.865751,3.303254,2.294231,0.978186,1.864463,0.007503,1.696292
-9.595604,2,2.809106,2.964944,3.167466,3.152672,3.961448,4.331644,1.917479,2.370854,2.902477,3.417004,3.13722,3.235193,3.740514,3.585663,3.847365,3.428182,-0.001518,2.882505,2.251706,3.235921,1.181472,2.386371,1.108663,2.176641,3.522326,1.881215,3.310986,2.328059,0.993006,1.883471,0.008791,1.704991
-9.951427,2,2.88308,3.042534,3.206261,3.181932,3.969339,4.342165,1.999343,2.478362,2.937656,3.432456,3.151357,3.269385,3.750706,3.621828,3.860187,3.439031,-0.002807,2.917622,2.274579,3.26556,1.190493,2.407311,1.182761,2.24784,3.541656,1.914076,3.319362,2.286499,1.038109,1.916654,0.008469,1.725932
-9.871291,2,2.976779,3.143795,3.208234,3.235193,4.003202,4.357946,2.023672,2.582583,2.989273,3.452511,3.183905,3.317386,3.809885,3.67213,3.882214,3.479799,-0.001196,2.908923,2.310017,3.287468,1.187271,2.465946,1.229153,2.395069,3.583538,1.929218,3.330638,2.319038,1.098354,1.928252,0.019745,1.75686
-10.100416,2,3.013273,3.188837,3.2467,3.259522,3.996955,4.364521,2.064768,2.634857,2.994204,3.462374,3.198371,3.348619,3.822707,3.701719,3.909831,3.489662,-0.001196,2.957248,2.318716,3.291334,1.179217,2.508794,1.218521,2.400868,3.605767,1.977543,3.353189,2.335146,1.225609,2.01588,0.218199,1.769424
-10.327132,2,3.021492,3.204946,3.255248,3.28155,4.014709,4.366165,2.089426,2.662803,3.002752,3.470593,3.210864,3.356181,3.833885,3.731309,3.919365,3.494265,0.000415,2.986243,2.341268,3.301643,1.171807,2.528446,1.289076,2.406989,3.611244,2.002027,3.388628,2.348677,1.315171,2.022324,0.278121,1.778767
-10.418607,2,3.024122,3.213494,3.254591,3.271358,4.010435,4.368795,2.096001,2.679899,3.007355,3.474867,3.212508,3.360126,3.838159,3.738213,3.92627,3.50084,-0.00184,3.003962,2.35802,3.300354,1.165042,2.530056,1.301962,2.416976,3.614788,1.989785,3.397326,2.400868,1.318393,2.04552,0.279732,1.791009
-10.57224,2,3.02478,3.215796,3.251303,3.273331,4.018325,4.370768,2.087125,2.68779,3.00867,3.474538,3.216782,3.363085,3.838159,3.758268,3.925941,3.50084,-0.001518,3.029735,2.373806,3.31453,1.173096,2.535533,1.360596,2.421165,3.622198,2.0307,3.433086,2.433085,1.323547,2.072259,0.310016,1.799708
-10.698424,2,3.023136,3.214809,3.249659,3.27892,4.028846,4.369781,2.106851,2.672337,3.011629,3.47947,3.215138,3.360455,3.837501,3.751692,3.919694,3.50084,0.000737,3.043588,2.368329,3.313563,1.174707,2.544232,1.401511,2.400868,3.633796,2.048741,3.435664,2.460791,1.332568,2.089334,0.312271,1.821293
-10.818567,2,3.016889,3.207248,3.250646,3.270372,4.021942,4.373069,2.100933,2.663132,3.011629,3.478484,3.215796,3.358154,3.834543,3.740185,3.919694,3.501498,0.000737,3.016526,2.343201,3.310664,1.164398,2.531345,1.38798,2.389592,3.620909,2.045842,3.424066,2.463368,1.333212,2.08869,0.281021,1.831924
-10.748741,2,3.04615,3.215138,3.245714,3.279249,4.041997,4.375699,2.116057,2.681872,3.015246,3.488018,3.215796,3.352564,3.839145,3.767473,3.925283,3.502155,-0.001196,3.006861,2.33418,3.308086,1.158921,2.538111,1.403444,2.377672,3.629285,2.040365,3.428576,2.475933,1.326447,2.113174,0.320647,1.813883
-10.965429,2,3.080013,3.242097,3.254591,3.299961,4.05712,4.38096,2.166359,2.734475,3.025109,3.490319,3.225659,3.363743,3.852954,3.792789,3.935804,3.520238,-0.000229,3.039078,2.338368,3.315174,1.185338,2.556152,1.491073,2.397969,3.661502,2.104154,3.430831,2.500095,1.323225,2.180185,0.399255,1.8432
-11.082541,2,3.114863,3.284509,3.260837,3.318044,4.060737,4.387206,2.228496,2.774256,3.037273,3.499854,3.2467,3.383798,3.867091,3.810871,3.946653,3.544895,-0.000229,3.079349,2.397646,3.32806,1.206601,2.597711,1.576447,2.410211,3.671489,2.142491,3.454672,2.52458,1.333534,2.185017,0.498804,1.934373
-11.284879,2,3.126699,3.298975,3.27892,3.322318,4.059422,4.390165,2.232442,2.799901,3.043849,3.503799,3.252618,3.394976,3.869721,3.819748,3.958489,3.558046,0.000415,3.098679,2.42793,3.341269,1.266202,2.627028,1.689849,2.390237,3.675677,2.253961,3.463048,2.528768,1.365107,2.216267,0.527155,1.9711
-11.269797,2,3.128343,3.299961,3.279906,3.324619,4.055148,4.390494,2.228496,2.792668,3.038917,3.501826,3.257221,3.395305,3.869721,3.81909,3.966051,3.55706,-0.002162,3.13315,2.421487,3.348679,1.266524,2.628317,1.836757,2.424386,3.675999,2.259438,3.464981,2.531989,1.3374,2.235919,0.517812,2.07677
-11.410599,2,3.122425,3.297002,3.257221,3.324948,4.050874,4.389508,2.225866,2.791681,3.037931,3.505772,3.253933,3.387414,3.862817,3.827967,3.963749,3.554759,-0.000229,3.149903,2.44436,3.350934,1.225287,2.616075,1.889914,2.420198,3.701128,2.21659,3.470458,2.556152,1.373161,2.262659,0.523611,2.155056
-11.511972,2,3.122754,3.295687,3.242097,3.323633,4.05449,4.39148,2.226524,2.807791,3.035301,3.512347,3.248015,3.386099,3.860515,3.831584,3.972626,3.558046,0.022,3.149581,2.455314,3.346102,1.237207,2.596745,1.897646,2.405378,3.705961,2.224321,3.474324,2.553897,1.379282,2.273613,0.513946,2.12735
-11.383234,2,3.125055,3.298646,3.244399,3.332838,4.056792,4.390823,2.230798,2.81338,3.035629,3.518265,3.252289,3.395962,3.863146,3.834214,3.974928,3.55706,0.237851,3.155702,2.46369,3.356411,1.264591,2.612209,1.915687,2.382827,3.710471,2.214012,3.486888,2.569038,1.358019,2.339012,0.515557,2.182762
-11.227308,2,3.121767,3.296673,3.248673,3.328564,4.055148,4.390165,2.218962,2.81601,3.034643,3.523525,3.250317,3.401223,3.864461,3.845721,3.97427,3.557718,0.231085,3.154091,2.452415,3.357378,1.253315,2.608665,1.921808,2.360597,3.706283,2.213368,3.489143,2.569361,1.367362,2.333858,0.517168,2.181473
-11.470424,2,3.113877,3.289112,3.240454,3.31903,4.048901,4.390165,2.18214,2.806805,3.029711,3.515306,3.24933,3.39662,3.862817,3.839803,3.97164,3.558704,-0.002162,3.149581,2.43534,3.349001,1.204991,2.594812,1.89378,2.396036,3.694685,2.218523,3.471746,2.522324,1.335145,2.267492,0.501704,2.150868
-11.466317,2,3.11289,3.292399,3.239139,3.320674,4.050216,4.389836,2.194962,2.807462,3.032999,3.515964,3.243413,3.394976,3.871694,3.844077,3.97427,3.553772,0.000415,3.149581,2.440817,3.347068,1.225609,2.592557,1.891847,2.401512,3.694363,2.228187,3.464659,2.515237,1.320326,2.263303,0.504603,2.138948
-11.220182,2,3.12111,3.29766,3.247029,3.319687,4.046271,4.392467,2.19529,2.814366,3.023465,3.518923,3.248344,3.394647,3.871365,3.844077,3.976572,3.553443,0.19758,3.156668,2.439206,3.348035,1.192104,2.594167,1.903767,2.42342,3.713693,2.23302,3.463692,2.507505,1.314527,2.281345,0.498482,2.155378
-11.326931,2,3.128672,3.300619,3.251303,3.317057,4.052846,4.393782,2.215345,2.825873,3.020506,3.522868,3.2467,3.398264,3.871694,3.840132,3.980846,3.563635,0.306472,3.175032,2.449193,3.350934,1.218521,2.595456,1.912465,2.430507,3.733989,2.234953,3.461437,2.495263,1.280699,2.279412,0.501704,2.156667
-11.415107,2,3.136233,3.315085,3.24407,3.326592,4.062709,4.394768,2.249866,2.826531,3.026095,3.539306,3.249988,3.40188,3.871036,3.852954,3.981174,3.571855,0.351253,3.175676,2.447582,3.351256,1.248483,2.600611,1.92503,2.443716,3.752997,2.292943,3.462404,2.502672,1.281988,2.270713,0.505248,2.174708
-11.231598,2,3.136891,3.317057,3.252289,3.331194,4.060737,4.396741,2.255784,2.829161,3.027739,3.541937,3.258865,3.397935,3.87005,3.865776,3.990051,3.580731,0.382503,3.170844,2.446938,3.348035,1.233985,2.608987,1.933728,2.454348,3.760729,2.335469,3.473357,2.513626,1.30164,2.270391,0.500737,2.175352
-10.983191,2,3.13985,3.315085,3.261166,3.327578,4.06797,4.396412,2.254469,2.83738,3.026095,3.54358,3.258865,3.402866,3.864461,3.875639,3.993339,3.584019,0.415364,3.168589,2.455958,3.347068,1.22722,2.61543,1.944038,2.46208,3.766528,2.344811,3.475612,2.515237,1.317104,2.281989,0.499771,2.19887
-11.050957,2,3.141822,3.320016,3.261495,3.328564,4.069614,4.397727,2.25973,2.841326,3.023794,3.544567,3.261166,3.401223,3.869392,3.875968,3.99564,3.585992,0.415042,3.163756,2.448871,3.347713,1.205635,2.614464,1.939849,2.447582,3.76234,2.355443,3.473035,2.51427,1.334179,2.274257,0.49816,2.202414
-10.577422,2,3.146754,3.322318,3.253276,3.336126,4.068627,4.399042,2.290634,2.852833,3.023136,3.552128,3.263468,3.396291,3.87268,3.884844,3.999914,3.594869,0.430505,3.160534,2.456281,3.348035,1.196292,2.60802,1.937272,2.4711,3.762984,2.361564,3.477223,2.516203,1.333212,2.297775,0.49075,2.195649
-10.647211,2,3.14774,3.325605,3.258207,3.335468,4.063696,4.398384,2.296552,2.849216,3.010972,3.549498,3.261166,3.395633,3.873337,3.895036,4.001887,3.593554,0.433405,3.153447,2.446616,3.35029,1.180828,2.600289,1.937272,2.481087,3.764595,2.369296,3.474646,2.518136,1.30454,2.289399,0.48914,2.175352
-10.510434,2,3.141494,3.318372,3.251632,3.329551,4.059093,4.397398,2.286689,2.831463,3.003739,3.543909,3.250974,3.389716,3.871036,3.888461,4.000901,3.587964,0.388624,3.142171,2.405056,3.342236,1.143779,2.581925,1.919553,2.478188,3.755574,2.341268,3.466914,2.496551,1.326125,2.273613,0.482696,2.137015
-10.418593,2,3.151357,3.323304,3.261824,3.323633,4.051531,4.397727,2.354416,2.847244,3.010314,3.548512,3.258865,3.388401,3.872351,3.900297,4.003531,3.593554,0.417619,3.155058,2.379283,3.338692,1.139269,2.581603,1.92954,2.443072,3.758796,2.31034,3.485277,2.498162,1.29423,2.323548,0.473676,2.127994
-10.446975,2,3.148069,3.328893,3.262481,3.334811,4.056792,4.397727,2.38269,2.85349,3.012944,3.554101,3.256235,3.38314,3.873995,3.907201,4.003202,3.597828,0.444359,3.155702,2.359309,3.334504,1.137014,2.572904,1.921808,2.41601,3.75493,2.339979,3.485277,2.515237,1.28521,2.316461,0.469487,2.126383
-10.304604,2,3.15037,3.332181,3.258865,3.330208,4.055477,4.399042,2.422143,2.854148,3.016561,3.551142,3.259522,3.396949,3.87268,3.907201,4.002544,3.5998,0.432438,3.157957,2.359953,3.331926,1.159887,2.570327,1.920842,2.449193,3.755896,2.348033,3.493331,2.516848,1.279411,2.313883,0.445969,2.122195
-10.38991,2,3.153658,3.339742,3.255248,3.331852,4.063367,4.400357,2.42543,2.853161,3.026753,3.550156,3.261166,3.403853,3.872022,3.910817,3.999914,3.604403,0.427928,3.160534,2.35802,3.330638,1.167942,2.568394,1.923741,2.524257,3.758474,2.34159,3.497197,2.523291,1.273934,2.289399,0.416008,2.121551
-10.034555,2,3.152343,3.340729,3.260837,3.328235,4.065997,4.401343,2.42017,2.855134,3.024451,3.549169,3.25755,3.410099,3.873009,3.91016,4.000901,3.608348,0.428895,3.154735,2.355443,3.330316,1.166975,2.570005,1.92052,2.519103,3.757185,2.339657,3.500097,2.517492,1.287787,2.280378,0.407632,2.110275
-9.942054,2,3.150042,3.342373,3.26018,3.328564,4.070271,4.400686,2.424444,2.857435,3.025109,3.545553,3.255248,3.406483,3.87005,3.904571,3.999914,3.608348,0.42664,3.160212,2.363175,3.327416,1.17374,2.56485,1.921486,2.526835,3.757185,2.336113,3.499453,2.516203,1.275223,2.29842,0.387335,2.0932
-9.909649,2,3.151357,3.338427,3.257878,3.32692,4.082107,4.401672,2.458636,2.855134,3.014588,3.541937,3.255248,3.407798,3.869721,3.902269,3.99827,3.607362,0.430183,3.150225,2.361564,3.32355,1.17664,2.56485,1.916654,2.521358,3.757829,2.38927,3.49913,2.52168,1.288431,2.281023,0.327735,2.080314
-9.807435,2,3.148069,3.336126,3.259851,3.313112,4.080792,4.401343,2.425101,2.842312,3.015903,3.527471,3.245385,3.413716,3.865118,3.899639,3.991366,3.608677,0.442426,3.136694,2.344489,3.320651,1.181795,2.563562,1.899257,2.515237,3.745587,2.388948,3.49462,2.508794,1.267168,2.236564,0.307438,2.037143
-10.037676,2,3.139192,3.328235,3.254591,3.29766,4.069942,4.399699,2.408663,2.82686,3.016889,3.510046,3.237495,3.411086,3.862488,3.893721,3.982818,3.606047,0.396678,3.110599,2.322582,3.307442,1.167942,2.534889,1.864785,2.481087,3.730768,2.354798,3.482378,2.484953,1.237851,2.17793,0.028121,2.072904
-9.746166,2,3.132946,3.323633,3.257878,3.289112,4.063696,4.400686,2.397156,2.810092,3.008013,3.487689,3.227303,3.408784,3.860844,3.892406,3.96901,3.604732,0.391846,3.105766,2.323871,3.297133,1.156021,2.540044,1.860597,2.460469,3.727868,2.33869,3.480767,2.485598,1.236241,2.154089,0.01008,2.070326
-9.997813,2,3.133274,3.328235,3.252618,3.282865,4.057778,4.399699,2.369868,2.809106,3.001766,3.480785,3.22007,3.405497,3.862817,3.882872,3.959147,3.605061,0.410209,3.108344,2.285211,3.300999,1.149256,2.520714,1.852543,2.439528,3.723358,2.305507,3.474968,2.486564,1.30164,2.136048,0.009758,2.033922
-10.115366,2,3.135576,3.324619,3.253276,3.275961,4.063696,4.398713,2.409978,2.807133,2.998478,3.481443,3.220399,3.405497,3.857885,3.882214,3.960462,3.60243,0.414075,3.104478,2.290688,3.298099,1.143457,2.520069,1.839334,2.434373,3.72368,2.287788,3.468847,2.482376,1.289398,2.125095,0.009436,2.013625
-9.897693,2,3.133274,3.325934,3.247029,3.264454,4.048572,4.397727,2.444828,2.802531,2.994204,3.473223,3.215138,3.394647,3.854598,3.878269,3.957174,3.605718,0.396356,3.085792,2.256216,3.285212,1.122516,2.474966,1.806795,2.364786,3.717559,2.288432,3.46337,2.473355,1.249127,2.069682,0.008791,1.979154
-9.781109,2,3.130315,3.317057,3.233878,3.244399,4.042983,4.398056,2.43628,2.79201,2.984999,3.46599,3.199686,3.38577,3.848022,3.869063,3.941064,3.604732,0.383147,3.060663,2.242041,3.269426,1.070648,2.407634,1.785532,2.343845,3.712082,2.255572,3.464981,2.464013,1.234952,2.068716,0.007503,1.906022
-9.781455,2,3.127028,3.30818,3.226645,3.228947,4.039696,4.396083,2.446472,2.782804,2.973163,3.460073,3.179631,3.379524,3.838159,3.866762,3.933503,3.603088,0.380892,3.052287,2.203381,3.25654,1.043264,2.364141,1.741718,2.281023,3.709182,2.21659,3.459504,2.455314,1.162787,1.991718,0.007181,1.820004
-9.782104,2,3.127685,3.312454,3.223358,3.22533,4.042983,4.397069,2.43891,2.778859,2.968889,3.4581,3.164179,3.375578,3.835858,3.860844,3.927913,3.601444,0.391524,3.033601,2.168265,3.251063,1.013624,2.364463,1.676318,2.30744,3.70886,2.090623,3.451128,2.451448,1.137658,1.956924,0.007181,1.757182
-9.521339,2,3.130644,3.316071,3.221385,3.225659,4.059751,4.398056,2.470472,2.778202,2.950478,3.454155,3.16648,3.368017,3.833227,3.859529,3.921667,3.60243,0.391201,3.026191,2.173419,3.24462,0.968521,2.333213,1.670519,2.296487,3.700162,2.074192,3.458215,2.490752,1.097709,1.967878,0.007503,1.704669
-9.160233,2,3.124069,3.301605,3.216453,3.193768,4.05186,4.395754,2.474088,2.760448,2.906422,3.451853,3.158918,3.348619,3.825994,3.841447,3.897667,3.5998,0.311304,3.004928,2.086757,3.216913,0.923418,2.282311,1.570648,2.303252,3.697585,2.051641,3.453061,2.508149,1.090622,1.982697,0.009436,1.636692
-7.490883,2,3.117822,3.303249,3.199686,3.174371,4.04923,4.397727,2.472445,2.753873,2.899847,3.445278,3.146754,3.339414,3.815145,3.833556,3.88616,3.599471,0.298096,2.983988,1.983342,3.201772,0.91633,2.173097,1.541331,2.313883,3.703383,2.050674,3.446617,2.497518,1.076124,1.933084,0.011691,1.629282
-4.985581,2,3.134918,3.311797,3.18785,3.185878,4.051531,4.400028,2.456335,2.779188,2.880449,3.444949,3.145768,3.336783,3.813501,3.842433,3.89142,3.601444,0.206279,2.975611,1.974965,3.195973,0.846743,2.126705,1.469166,2.339979,3.710793,2.129283,3.44404,2.476255,1.043264,1.874772,0.007181,1.653445
-0.496543,2,3.170097,3.331194,3.174699,3.239796,4.053833,4.399042,2.49513,2.801216,2.897874,3.453826,3.157932,3.355195,3.822049,3.85131,3.915749,3.604732,0.350609,3.055831,2.106409,3.195006,0.838044,2.140558,1.490107,2.320327,3.729801,2.125095,3.406669,2.465946,1.026189,1.953703,0.008469,1.686628
2.772164,2,3.356181,3.485717,3.250646,3.30818,4.088354,4.408905,2.726585,3.064232,2.936669,3.561334,3.294043,3.438702,3.86742,3.900954,3.996627,3.672787,0.516846,3.110921,2.234953,3.220457,0.857052,2.238497,1.597388,2.384438,3.745909,1.947259,3.252352,2.348033,0.983341,2.022968,0.009436,2.046808
7.391591,2,3.398264,3.562978,3.284838,3.305879,4.072901,4.404302,2.832778,3.14774,3.081328,3.645499,3.346647,3.536676,3.903584,3.900954,3.997284,3.739528,0.555506,3.040689,2.11543,3.175998,0.694681,2.039399,0.063559,2.089979,3.731412,1.664398,3.085792,2.10512,0.950158,2.074837,0.300995,2.239463
11.033443,2,3.362756,3.520895,3.262152,3.330537,4.007805,4.379644,2.673324,3.063904,3.166151,3.629061,3.331852,3.532073,3.859529,3.828296,3.934489,3.662595,0.000415,2.630572,1.437594,2.852544,0.19758,1.430184,0.007181,0.448547,3.589981,1.190493,2.853833,1.651512,0.785209,1.537787,0.006536,2.264592
12.205303,2,3.241769,3.359797,3.291742,3.281879,3.911475,4.326384,2.456006,2.966259,3.138535,3.591581,3.261495,3.470593,3.839145,3.695144,3.806268,3.598485,-0.000551,2.371551,0.899256,2.484309,0.009758,0.659243,0.004281,-0.000229,3.469169,1.047774,2.422775,0.945003,0.476253,0.747516,0.00267,2.703381
12.639127,2,3.201659,3.330537,3.226316,3.253933,3.862159,4.318822,2.347511,2.848559,3.173713,3.5998,3.228289,3.44199,3.809227,3.633664,3.793446,3.575471,0.000737,2.422775,0.892812,2.420198,0.011691,0.6499,0.002992,0.000093,3.436308,1.023934,2.364141,0.636369,0.556794,0.620583,0.002348,3.278125
13.444012,2,3.197385,3.32692,3.22533,3.252618,3.863803,4.317836,2.422471,2.843956,3.25492,3.612951,3.227632,3.445607,3.817118,3.638266,3.793446,3.5758,0.000093,2.436306,0.88347,2.435662,0.010724,0.659565,-0.000551,0.003959,3.433409,1.071614,2.368652,0.638302,0.541652,0.626382,0.002026,3.402481
13.559173,2,3.200672,3.325934,3.223358,3.262152,3.863803,4.319479,2.491184,2.850531,3.263796,3.626759,3.233878,3.447251,3.826652,3.633664,3.794761,3.5758,-0.000229,2.419232,0.863818,2.438239,0.013302,0.656343,0.000415,-0.000551,3.426321,1.181472,2.36092,0.63057,0.432116,0.626382,-0.000229,3.415367
13.872347,2,3.197056,3.320345,3.220399,3.273331,3.862488,4.317507,2.498417,2.838038,3.277276,3.623472,3.227632,3.44462,3.822378,3.62939,3.790816,3.565937,0.000093,2.417943,0.868328,2.465623,0.012013,0.655055,0.003959,-0.000874,3.426965,1.158921,2.362208,0.646678,0.435016,0.655377,0.001704,3.38605
14.321173,2,3.221714,3.332509,3.240454,3.290098,3.872022,4.323753,2.530637,2.898861,3.300947,3.644842,3.264125,3.453826,3.838488,3.652732,3.805282,3.591581,0.002992,2.449515,0.883147,2.467234,0.011691,0.671485,0.002992,-0.000229,3.431798,1.213045,2.36994,0.650222,0.460789,0.684694,0.002992,3.397326
14.15044,2,3.245385,3.344674,3.274646,3.334153,3.879913,4.325726,2.550363,2.953765,3.337441,3.657006,3.27892,3.461388,3.846707,3.67476,3.81383,3.600129,-0.000551,2.471745,0.875416,2.483665,0.011691,0.662142,0.004281,-0.000874,3.428254,1.247838,2.36994,0.659565,0.456601,0.697903,0.004281,3.443396
14.169304,2,3.266098,3.36703,3.278262,3.352564,3.883201,4.32737,2.595405,2.961985,3.358154,3.674102,3.307852,3.471908,3.85394,3.683966,3.821063,3.60243,0.001059,2.479799,0.868972,2.476577,0.011369,0.652155,0.002026,0.001382,3.42761,1.328058,2.364141,0.68856,0.452091,0.683405,0.000093,3.426965
14.057645,2,3.284509,3.377551,3.286482,3.377551,3.887803,4.330658,2.614474,2.979738,3.370976,3.687911,3.338756,3.477169,3.861502,3.691527,3.833227,3.607362,-0.001196,2.472389,0.886691,2.469812,0.011691,0.655055,0.002026,0.001059,3.445651,1.320326,2.370585,0.763302,0.463366,0.694681,0.001382,3.427932
14.212462,2,3.294043,3.398264,3.296016,3.384455,3.897338,4.333945,2.613816,3.009985,3.371304,3.6935,3.354866,3.480785,3.865776,3.700404,3.844406,3.611636,0.000415,2.499773,0.918908,2.435984,0.009114,0.651833,0.006214,-0.000229,3.448873,1.356408,2.38476,0.863495,0.481085,0.706279,0.002348,3.421166
14.566018,2,3.302263,3.410099,3.311139,3.408784,3.903584,4.337233,2.663789,3.014588,3.373935,3.705007,3.365058,3.487361,3.87005,3.70139,3.851967,3.621828,0.002026,2.501384,0.924385,2.424064,0.013624,0.648289,0.003315,-0.004417,3.449195,1.364462,2.413755,0.892168,0.490106,0.725931,0.003637,3.430509
14.463292,2,3.306865,3.414045,3.321331,3.426538,3.915091,4.340521,2.679899,3.020177,3.38577,3.714541,3.37262,3.491306,3.872022,3.699418,3.858543,3.629061,0.001059,2.517814,0.915686,2.450482,0.010402,0.655055,0.003315,0.000737,3.44855,1.400867,2.431796,1.059694,0.48624,0.723676,0.003637,3.439852
14.478427,2,3.307194,3.410757,3.335468,3.427195,3.915091,4.34085,2.680557,3.017218,3.38314,3.71487,3.370647,3.489991,3.871036,3.701719,3.859529,3.628732,0.001059,2.511693,0.884758,2.44726,0.012013,0.659243,0.003959,-0.000874,3.441141,1.438882,2.42793,1.064204,0.464011,0.720132,0.003637,3.423744
14.678391,2,3.299304,3.39399,3.342701,3.423579,3.910489,4.340521,2.680557,3.012615,3.376894,3.714212,3.364729,3.483415,3.86742,3.688897,3.854926,3.628403,0.002348,2.525868,0.840944,2.499773,0.010724,0.652799,0.004603,0.000093,3.430187,1.447903,2.426641,1.06807,0.501704,0.723676,0.00267,3.422133
14.580902,2,3.309167,3.400565,3.346975,3.442976,3.909502,4.341507,2.696995,3.018533,3.378866,3.726706,3.371633,3.486045,3.869721,3.700075,3.864789,3.626431,-0.000551,2.57226,0.861562,2.503961,0.012013,0.701446,0.001704,0.000737,3.442107,1.466589,2.436628,1.089978,0.495261,0.75106,0.00267,3.471102
14.861675,2,3.321002,3.419634,3.362756,3.454812,3.907201,4.342822,2.73053,3.056671,3.377551,3.739528,3.378209,3.490319,3.873337,3.711253,3.873337,3.642212,0.000737,2.573871,0.943715,2.435018,0.011691,0.639591,0.003959,-0.000229,3.465625,1.474321,2.446616,1.10222,0.540686,0.763624,0.002026,3.486566
15.043058,2,3.315742,3.420291,3.345003,3.468949,3.89142,4.342165,2.794311,3.063246,3.372291,3.734596,3.375578,3.486703,3.871365,3.708295,3.872022,3.651417,-0.000551,2.527479,1.038753,2.272968,0.010402,0.531665,0.003959,0.000415,3.496875,1.486241,2.453703,1.158599,0.539719,0.741395,0.003315,3.460148
15.305933,2,3.319359,3.420291,3.35914,3.473552,3.893064,4.342165,2.80812,3.085274,3.370647,3.743473,3.373935,3.490319,3.874653,3.711911,3.874324,3.656678,0.00267,2.52168,1.049707,2.257505,0.007503,0.514913,-0.001196,0.007181,3.499453,1.489462,2.461435,1.159887,0.528122,0.72883,0.004925,3.436308
14.956011,2,3.32692,3.426209,3.357167,3.481443,3.892735,4.344466,2.81601,3.097438,3.374921,3.756624,3.371962,3.490648,3.878598,3.712569,3.873666,3.660623,-0.000551,2.526835,1.056472,2.270069,0.011047,0.507825,0.001704,-0.000229,3.503641,1.494617,2.524257,1.165042,0.531987,0.724964,0.00267,3.430831
14.830895,2,3.334153,3.429168,3.365058,3.485059,3.89142,4.346439,2.823572,3.112233,3.368674,3.762871,3.37788,3.489004,3.876954,3.714212,3.874324,3.664239,-0.002162,2.530379,1.06066,2.262981,0.010402,0.499771,0.003315,-0.00184,3.504285,1.511692,2.561307,1.182761,0.522645,0.719488,0.004603,3.450806
14.331979,2,3.334153,3.432456,3.371962,3.486045,3.890434,4.34611,2.834421,3.119795,3.367359,3.764186,3.379852,3.488018,3.87794,3.713555,3.873337,3.666541,-0.000551,2.5336,1.072581,2.273291,0.01008,0.510402,0.002026,0.000093,3.50944,1.519424,2.62284,1.200802,0.513946,0.769101,0.002348,3.432442
14.134413,2,3.332838,3.426867,3.374921,3.488018,3.885173,4.345452,2.827846,3.12111,3.369989,3.764514,3.376894,3.487032,3.877612,3.710596,3.871694,3.662924,-0.004417,2.534889,1.073547,2.278767,0.011047,0.501704,0.002992,-0.000229,3.506862,1.533277,2.617363,1.206601,0.537786,0.721743,0.002026,3.416978
14.100344,2,3.310811,3.408784,3.358482,3.478155,3.878927,4.344466,2.820613,3.106315,3.366044,3.758596,3.373606,3.483415,3.872351,3.701062,3.868077,3.659636,-0.000229,2.517814,1.080313,2.21369,0.009114,0.472065,0.001059,0.002992,3.504607,1.565816,2.617685,1.200802,0.513302,0.702735,0.003315,3.371231
13.643304,2,3.321002,3.41799,3.361441,3.481114,3.875968,4.343808,2.82423,3.106973,3.365715,3.763528,3.378209,3.482758,3.873009,3.70139,3.870379,3.658321,-0.002162,2.516848,1.082568,2.195327,0.013302,0.472065,0.004603,-0.001518,3.505896,1.696292,2.625095,1.214978,0.625738,0.709823,0.003315,3.343847
13.824404,2,3.330537,3.420949,3.357825,3.491635,3.879255,4.345781,2.827189,3.116178,3.361441,3.76846,3.384126,3.486703,3.872022,3.705993,3.872022,3.667198,0.000737,2.520069,1.083534,2.211435,0.011369,0.470776,0.001704,0.000415,3.505574,1.714656,2.634116,1.178251,0.616395,0.710145,0.002026,3.284246
14.012904,2,3.334482,3.4341,3.365715,3.497881,3.882214,4.348411,2.827189,3.138863,3.360126,3.778323,3.385442,3.486703,3.874981,3.711253,3.873337,3.675417,-0.001196,2.530056,1.088689,2.213368,0.009758,0.477542,0.003637,-0.001518,3.502996,1.752349,2.645392,1.207246,0.596743,0.710145,0.002992,3.332571
13.673898,2,3.341386,3.437387,3.359469,3.498539,3.883858,4.349398,2.837052,3.15037,3.365058,3.782268,3.390044,3.486703,3.876296,3.712569,3.876296,3.677719,-0.000229,2.538755,1.089333,2.188561,0.009436,0.473031,0.002992,-0.000229,3.499775,1.80003,2.650546,1.218199,0.616395,0.721743,-0.003129,3.337081
13.613537,2,3.34303,3.447251,3.368345,3.503142,3.884516,4.350384,2.847572,3.159905,3.367688,3.786542,3.394647,3.487361,3.879913,3.714541,3.877283,3.679363,0.000415,2.567428,1.098354,2.252672,0.009758,0.501704,0.139913,-0.000229,3.513628,1.857697,2.696616,1.287465,0.617039,0.732696,0.001059,3.361244
13.607457,2,3.345003,3.443305,3.374592,3.508402,3.882543,4.349398,2.849545,3.155959,3.368345,3.786542,3.39925,3.488347,3.878927,3.715856,3.876625,3.680678,-0.000229,2.578703,1.12606,2.300353,0.011047,0.615428,0.256536,0.002348,3.519105,1.898934,2.744296,1.336112,0.645067,0.745261,0.004603,3.337403
13.287688,2,3.346975,3.446264,3.37525,3.508731,3.881228,4.349398,2.854805,3.160562,3.365058,3.7872,3.39925,3.488018,3.879913,3.710925,3.876296,3.685281,0.097065,2.582247,1.187594,2.356731,0.008469,0.789397,0.439526,0.227219,3.519749,1.903767,2.774258,1.354475,0.759758,0.765557,0.002026,3.343524
13.064719,2,3.342044,3.44199,3.368017,3.509059,3.880242,4.353672,2.854477,3.148727,3.364729,3.783254,3.39925,3.484402,3.876954,3.720788,3.874653,3.684294,0.091588,2.566783,1.142168,2.345456,0.010402,0.780055,0.457567,0.375737,3.51685,1.897001,2.794232,1.445326,0.75557,0.746872,-0.001196,3.2952
12.845708,2,3.327907,3.431141,3.351578,3.508731,3.873337,4.350055,2.861381,3.132617,3.362756,3.777994,3.391688,3.477497,3.873995,3.7175,3.870379,3.682322,0.088688,2.552608,1.148289,2.332247,0.009436,0.756537,0.472709,0.491717,3.514272,1.901512,2.795521,1.450158,0.729797,0.742683,0.01008,3.207248
13.020995,2,3.321331,3.427853,3.351907,3.504457,3.87268,4.351041,2.859408,3.127028,3.360784,3.771747,3.38577,3.475525,3.872022,3.713226,3.871694,3.681993,0.10383,2.553252,1.172774,2.359953,0.009758,0.774256,0.550673,0.616395,3.520716,1.912465,2.823871,1.447581,0.722065,0.754281,0.005248,3.132828
12.944973,2,3.333825,3.43147,3.358482,3.515635,3.876296,4.353014,2.858422,3.13163,3.354866,3.773391,3.390702,3.475854,3.864461,3.715528,3.871365,3.685281,0.104474,2.562917,1.25396,2.43244,0.013946,0.805184,0.729153,0.748805,3.532313,1.938883,2.874774,1.586756,0.700158,0.771678,0.003315,3.297133
12.499145,2,3.338756,3.437059,3.378209,3.516292,3.876954,4.355973,2.862038,3.155959,3.363414,3.780295,3.388729,3.480128,3.867091,3.714212,3.871036,3.689555,0.137013,2.632827,1.393779,2.537466,0.011047,0.875416,0.81356,0.860274,3.546489,2.031667,2.924387,1.622839,0.700158,0.74365,0.002348,3.484955
12.308619,2,3.338099,3.438374,3.386428,3.524512,3.876296,4.355973,2.857764,3.157275,3.364729,3.788515,3.389058,3.47947,3.869392,3.717171,3.87268,3.683637,0.413431,2.670521,1.492684,2.592879,0.184049,1.024578,0.997194,1.362529,3.580638,2.126061,2.952415,1.723354,0.701446,0.78231,0.00267,3.517494
11.987772,2,3.337441,3.4341,3.398592,3.544238,3.874324,4.354329,2.855463,3.141165,3.365387,3.784241,3.389387,3.478813,3.869063,3.711253,3.871694,3.681007,0.402477,2.668265,1.48463,2.600933,0.18856,1.038753,1.005248,1.540365,3.57645,2.158278,2.947261,1.735597,0.686627,0.761691,-0.000229,3.505896
11.539989,2,3.323633,3.422921,3.392346,3.53832,3.871365,4.353672,2.839682,3.122096,3.364071,3.775693,3.385442,3.474538,3.866105,3.703363,3.867748,3.679363,0.352219,2.642814,1.464011,2.580314,0.183727,0.990428,0.980441,1.559372,3.562597,2.085146,2.940817,1.694037,0.68856,0.767812,0.003959,3.473679
10.844805,2,3.315085,3.409771,3.39399,3.539964,3.869721,4.354658,2.835408,3.111247,3.346647,3.768131,3.379195,3.466648,3.858872,3.701062,3.866762,3.677061,0.32999,2.622196,1.471099,2.59449,0.184371,1.012014,0.987207,1.44887,3.577417,1.918264,2.929864,1.682439,0.679861,0.786498,0.00267,3.413757
10.718682,2,3.312783,3.409442,3.389716,3.544238,3.864132,4.356631,2.835737,3.113877,3.341715,3.764843,3.377222,3.459415,3.861173,3.695801,3.867091,3.679691,0.41633,2.644103,1.506859,2.630572,0.204346,1.205957,1.157632,1.887659,3.59578,1.930185,2.940173,1.767813,0.713044,0.81807,0.002348,3.391527
11.09343,2,3.308509,3.386757,3.396291,3.546539,3.861173,4.356631,2.832449,3.112233,3.333167,3.766816,3.374921,3.445607,3.844077,3.696459,3.866105,3.67739,0.398933,2.638626,1.494295,2.603832,0.281343,1.206279,1.128637,2.003638,3.594491,1.914721,2.92632,1.725932,0.671163,0.783598,0.000415,3.361888
11.343831,2,3.313441,3.400894,3.407469,3.551471,3.859858,4.354658,2.837052,3.111247,3.338427,3.76846,3.370318,3.451196,3.850324,3.698103,3.865776,3.671472,0.435016,2.628317,1.518457,2.616075,0.293263,1.228509,1.132825,2.122517,3.602223,1.824836,2.923098,1.757182,0.654088,0.763624,0.004925,3.358022
12.519709,2,3.346975,3.469607,3.429826,3.567252,3.862159,4.357946,2.85086,3.174371,3.335797,3.79246,3.384455,3.478484,3.866433,3.700404,3.876954,3.684623,0.513624,2.681474,1.587723,2.647647,0.329023,1.312594,1.198547,2.243651,3.612211,1.894424,2.947261,1.887981,0.640879,0.793263,0.004281,3.391205
12.605194,2,3.358482,3.496237,3.436401,3.577444,3.856899,4.357946,2.83738,3.199686,3.356839,3.812515,3.397606,3.483744,3.87005,3.707637,3.884844,3.692842,0.572258,2.760405,1.716911,2.697905,0.278766,1.447581,1.321614,2.356731,3.635407,2.20628,3.021037,2.014592,0.633792,0.917941,0.002992,3.554221
12.563718,2,3.353222,3.516621,3.453168,3.569553,3.840132,4.355644,2.834093,3.199357,3.362756,3.822049,3.402209,3.475525,3.865118,3.699418,3.883529,3.682979,0.609307,2.794876,1.871873,2.731732,0.400544,1.598354,1.357052,2.299064,3.667623,2.358987,3.08998,2.0932,0.628959,1.087078,0.003959,3.642816
13.296805,2,3.341058,3.518265,3.441004,3.561663,3.824679,4.353014,2.804175,3.159905,3.366702,3.815474,3.35388,3.457114,3.864789,3.700075,3.871036,3.66128,0.625415,2.789722,1.966589,2.742686,0.495261,1.637336,1.357375,2.374773,3.672133,2.469812,3.154091,2.244296,0.644745,1.117039,0.00557,3.704028
13.098852,2,3.30818,3.491963,3.413058,3.541937,3.799364,4.347754,2.783462,3.125384,3.370976,3.810213,3.329879,3.435086,3.847036,3.665883,3.860844,3.645499,0.621549,2.778768,1.970133,2.750418,0.467554,1.660532,1.280055,2.394747,3.676322,2.571294,3.191784,2.248484,0.612851,1.102542,0.00267,3.761051
12.884877,2,3.277605,3.478813,3.401223,3.535032,3.777008,4.343151,2.763736,3.080671,3.369661,3.798378,3.322318,3.422593,3.834214,3.661609,3.848022,3.631033,0.627348,2.771681,1.985919,2.75074,0.516201,1.652478,1.26298,2.361564,3.6731,2.61833,3.214336,2.254283,0.573869,1.038753,0.003637,3.765884
13.285337,2,3.248673,3.419963,3.360784,3.52484,3.77635,4.337233,2.764722,3.081,3.351907,3.784241,3.308838,3.392346,3.824022,3.633664,3.837501,3.617554,0.59932,2.759438,2.013625,2.768137,0.550673,1.660854,1.276511,2.359631,3.669556,2.595456,3.2298,2.248806,0.542941,0.95789,0.001704,3.751708
11.663059,2,3.229933,3.371633,3.319687,3.506758,3.755966,4.331315,2.764393,3.018862,3.334153,3.765172,3.275632,3.368345,3.794433,3.591252,3.814159,3.600129,0.570325,2.733987,2.05744,2.74333,0.560982,1.658921,1.204346,2.272968,3.656992,2.568716,3.221424,2.235919,0.564848,0.833212,0.003315,3.74011
8.559319,2,3.218755,3.348948,3.284838,3.47158,3.717171,4.320466,2.700612,2.973163,3.305879,3.739857,3.25755,3.338427,3.780953,3.55706,3.794761,3.590595,0.572902,2.730766,2.063883,2.740753,0.595132,1.67213,1.141202,2.146035,3.645716,2.597067,3.276192,2.259115,0.556472,0.788109,0.001382,3.731412
4.232187,2,3.212508,3.347304,3.272344,3.452182,3.716185,4.326712,2.708502,2.902806,3.272016,3.725719,3.246043,3.325934,3.773391,3.53832,3.78161,3.584348,0.614784,2.793266,2.25976,2.858021,0.73914,1.730764,1.112529,2.387982,3.646682,2.607054,3.402803,2.291654,0.586111,0.739462,0.001704,3.698229
0.224583,2,3.196727,3.309167,3.199357,3.395962,3.733939,4.329671,2.655241,2.859737,3.260837,3.683637,3.205604,3.298317,3.750048,3.525498,3.769775,3.568238,0.555828,2.827737,2.336757,2.929864,0.851897,1.792942,0.720454,2.326448,3.61962,2.357698,3.432442,2.340623,0.973032,0.930184,0.004281,3.594169
-4.939797,2,3.184563,3.275961,3.16911,3.329222,3.782926,4.332301,2.502034,2.801216,3.219412,3.608019,3.128343,3.274975,3.778652,3.522539,3.763199,3.559033,0.407954,2.836758,2.32967,2.940817,0.850609,1.796164,0.008791,1.808084,3.581283,2.206925,3.336115,2.349322,1.057439,0.895712,0.00267,3.325805
-8.001351,2,3.103685,3.225001,3.153001,3.177001,3.833227,4.318164,2.377101,2.584884,2.992889,3.419634,3.042862,3.168453,3.727034,3.476182,3.736898,3.537334,0.025222,2.940817,2.368329,3.099967,0.995583,2.087079,0.008147,2.42793,3.559053,2.220133,3.280702,2.180185,0.794552,0.882181,0.003637,2.396358
-9.50697,2,2.824887,2.931409,3.123082,3.093822,3.900954,4.282,2.034192,2.418855,2.883737,3.375907,2.991245,3.076068,3.69876,3.449552,3.724404,3.435086,0.002992,2.938884,2.374451,3.274581,1.14249,2.406023,0.289719,2.408278,3.537146,2.089979,3.337403,2.190172,0.849964,1.380571,0.004925,2.030056
-10.631108,2,2.747626,2.857107,3.100068,3.105986,3.937777,4.285287,1.872766,2.250853,2.865326,3.370976,3.006369,3.085274,3.699747,3.448237,3.750706,3.406154,-0.003129,2.750095,2.245262,3.248486,1.135725,2.354798,0.727542,2.055829,3.51395,2.075803,3.278447,2.154412,0.749449,1.613818,0.004281,1.659243
-11.112016,2,2.875189,2.968231,3.149055,3.144124,3.965065,4.300739,2.010521,2.426745,2.917929,3.389058,3.062917,3.110918,3.715199,3.534704,3.781939,3.445607,-0.000874,2.848356,2.227865,3.322906,1.1528,2.443716,1.141846,2.154734,3.538757,2.101899,3.300032,2.225288,0.761369,1.877994,0.003959,1.703702
-11.340604,2,2.91234,3.049109,3.192453,3.210864,3.978544,4.303041,2.028932,2.538856,2.973163,3.411086,3.116507,3.125055,3.734267,3.612293,3.823036,3.46336,-0.002807,2.936629,2.245584,3.349646,1.158599,2.587724,1.211756,2.159888,3.56002,2.142491,3.353189,2.263303,0.971421,2.019102,0.015235,1.780378
-11.406015,2,2.917601,3.056999,3.201659,3.249988,3.978215,4.296465,2.005589,2.554637,2.985656,3.417661,3.109932,3.123411,3.75761,3.65339,3.854598,3.45547,0.000093,2.934374,2.250095,3.348035,1.147967,2.578381,1.220132,2.136048,3.552932,2.127028,3.361244,2.282633,0.997194,2.036821,0.006858,1.717555
-11.555247,2,2.943573,3.078698,3.215796,3.282536,3.981832,4.301068,1.99211,2.574692,2.998149,3.422921,3.127685,3.142809,3.782268,3.689883,3.898653,3.458757,-0.004417,2.965624,2.289721,3.362854,1.195003,2.643459,1.299063,2.128316,3.55712,2.151834,3.392171,2.316139,1.048418,2.083535,0.417619,1.748161
-11.414535,2,2.947847,3.085931,3.217768,3.28155,3.975585,4.299096,2.018083,2.580281,2.999793,3.42062,3.128672,3.151357,3.777665,3.698103,3.913448,3.455141,0.001059,2.996874,2.306474,3.363499,1.241395,2.650546,1.343199,2.091589,3.560664,2.150868,3.410213,2.338368,1.116073,2.112852,0.438882,1.793909
-11.447417,2,2.956396,3.08626,3.209878,3.272016,4.036737,4.312904,2.036494,2.566473,2.998149,3.422593,3.12374,3.192782,3.781939,3.68265,3.890434,3.466977,-0.000874,2.996874,2.342234,3.356089,1.216911,2.637982,1.368006,2.079991,3.593525,2.149901,3.411501,2.335146,1.114784,2.120584,0.279088,1.791976
-11.361544,2,2.95508,3.079356,3.18522,3.251961,4.039038,4.324411,2.044056,2.564172,2.977108,3.41799,3.115521,3.215467,3.757939,3.654376,3.837173,3.462703,0.001382,2.940173,2.320649,3.337725,1.14088,2.578381,1.375094,2.29842,3.614788,2.242363,3.422455,2.349966,1.057439,2.063883,0.008791,1.774579
-11.459019,2,2.982368,3.093164,3.189494,3.26544,4.043312,4.329343,2.083508,2.60198,2.991903,3.42325,3.122754,3.241111,3.767802,3.666212,3.83257,3.476511,-0.000551,2.923098,2.368007,3.330316,1.128637,2.552286,1.424707,2.334824,3.633796,2.256216,3.422455,2.356409,1.082246,2.072904,0.009758,1.771679
-11.308128,2,3.017876,3.138863,3.221056,3.305879,4.045285,4.328356,2.073974,2.681872,3.018204,3.430812,3.137548,3.258865,3.784241,3.693171,3.843091,3.471908,0.000093,3.002673,2.404412,3.337403,1.199836,2.594167,1.439849,2.343845,3.648293,2.202414,3.442107,2.37284,1.163753,2.097388,0.008147,1.847388
-11.54215,2,3.056671,3.186206,3.237495,3.334153,4.060079,4.326712,2.122303,2.701269,3.046479,3.44462,3.157275,3.290427,3.822707,3.715199,3.921667,3.472895,0.001059,3.063563,2.52909,3.38154,1.374772,2.70467,1.806795,2.372195,3.689853,2.211113,3.489465,2.390237,1.213045,2.185017,0.533276,1.935017
-11.648218,2,3.078041,3.215796,3.239139,3.372948,4.064353,4.330329,2.209428,2.719023,3.081328,3.463689,3.183247,3.311797,3.845063,3.754651,3.950599,3.489662,0.000093,3.094168,2.55583,3.401836,1.434694,2.758472,1.880893,2.379605,3.711115,2.272002,3.513628,2.466912,1.25106,2.330636,0.573225,2.180507
-11.597695,2,3.079027,3.220727,3.246043,3.378209,4.065668,4.330329,2.219948,2.730201,3.084287,3.472237,3.189823,3.32166,3.849995,3.774706,3.962763,3.499525,-0.000229,3.101256,2.558085,3.403447,1.44597,2.758794,1.900867,2.383793,3.714659,2.272324,3.522004,2.500095,1.269101,2.354798,0.574191,2.200481
-11.593394,2,3.07278,3.215796,3.228947,3.375578,4.064353,4.329014,2.220277,2.7279,3.075739,3.466319,3.182919,3.32166,3.847365,3.767473,3.963749,3.494922,0.000737,3.090302,2.540366,3.394104,1.451125,2.731088,1.879282,2.355443,3.713048,2.267492,3.513306,2.461435,1.25557,2.330958,0.576446,2.185662
-11.710776,2,3.08363,3.229604,3.236837,3.384126,4.066655,4.332301,2.241647,2.745653,3.090863,3.480456,3.190809,3.330208,3.862488,3.786213,3.979202,3.50084,0.00267,3.107377,2.552608,3.403125,1.459179,2.741075,1.91311,2.387337,3.726257,2.31034,3.514917,2.485598,1.280699,2.381216,0.578057,2.247195
-11.685645,2,3.086918,3.23059,3.235522,3.395633,4.069285,4.33526,2.254469,2.758804,3.094151,3.492621,3.200344,3.339414,3.866762,3.812844,3.983147,3.511032,0.003637,3.111565,2.575804,3.402481,1.471743,2.751706,1.940172,2.393136,3.743332,2.339335,3.512017,2.498484,1.314849,2.418265,0.580312,2.295198
-11.712543,2,3.091849,3.229275,3.244399,3.396949,4.0706,4.337562,2.263675,2.768667,3.087246,3.494594,3.198042,3.334482,3.865447,3.824022,3.98512,3.513005,0.003637,3.122519,2.591912,3.403447,1.472065,2.750095,1.956602,2.405701,3.755574,2.35351,3.514917,2.510404,1.333857,2.408922,0.581279,2.299386
-12.007481,2,3.09152,3.229275,3.23618,3.405168,4.070929,4.337233,2.266634,2.75453,3.087575,3.49295,3.198042,3.330537,3.866762,3.824351,3.98775,3.513662,0.006536,3.117686,2.599966,3.403769,1.462723,2.739786,1.961112,2.391203,3.757829,2.348033,3.518783,2.521358,1.35963,2.41311,0.580312,2.29552
-11.960441,2,3.092178,3.227303,3.238481,3.399907,4.069285,4.337891,2.269264,2.762749,3.084616,3.493607,3.198042,3.332181,3.866762,3.82994,3.991366,3.510703,0.245905,3.118653,2.598356,3.404092,1.469488,2.749451,1.973677,2.394425,3.764917,2.33418,3.518783,2.508149,1.394424,2.446293,0.583534,2.292621
-12.146772,2,3.094151,3.229275,3.239139,3.394647,4.0706,4.337233,2.263675,2.767352,3.079356,3.498539,3.197385,3.327249,3.866433,3.833227,3.991366,3.516292,0.00267,3.118331,2.598356,3.401514,1.470777,2.723678,2.022002,2.417621,3.764273,2.35061,3.52587,2.534567,1.38637,2.442105,0.582245,2.292943
-12.151172,2,3.089219,3.23059,3.237823,3.39399,4.069942,4.33526,2.260058,2.763736,3.076068,3.495251,3.197056,3.331523,3.865447,3.836515,3.992681,3.51432,0.268779,3.129284,2.598678,3.400226,1.510725,2.730121,2.06485,2.429541,3.766528,2.35802,3.532636,2.566783,1.38347,2.440172,0.580957,2.300675
-12.078592,2,3.089548,3.225988,3.238481,3.397935,4.06797,4.332959,2.260716,2.75453,3.08626,3.494265,3.194754,3.331523,3.863146,3.8352,3.991037,3.512018,0.420518,3.138627,2.599,3.405058,1.521679,2.745907,2.11543,2.434051,3.772327,2.352221,3.529736,2.577415,1.405377,2.499129,0.57258,2.307762
-12.119253,2,3.083959,3.222371,3.232892,3.398264,4.06534,4.331973,2.258414,2.745982,3.075739,3.487361,3.189165,3.339085,3.861831,3.836844,3.991037,3.509059,0.418263,3.139271,2.595134,3.408602,1.518779,2.752351,2.127994,2.425675,3.772005,2.347066,3.528125,2.58708,1.407632,2.52458,0.585467,2.309051
-12.376708,2,3.069493,3.219741,3.225001,3.391031,4.06534,4.330329,2.254469,2.728557,3.052068,3.476182,3.181932,3.325605,3.860515,3.836186,3.989065,3.507087,0.346098,3.144426,2.590301,3.398615,1.455957,2.725611,2.08128,2.449193,3.771038,2.352221,3.532636,2.580314,1.411498,2.530701,0.58289,2.294231
-12.556443,2,3.070479,3.225001,3.222371,3.395962,4.064682,4.329014,2.254798,2.717379,3.057986,3.474538,3.17996,3.328564,3.858214,3.836515,3.995969,3.504457,0.389913,3.140238,2.59449,3.404092,1.504926,2.742686,2.122195,2.463046,3.769105,2.350288,3.536502,2.604477,1.474321,2.546487,0.589655,2.303252
-12.872352,2,3.065219,3.2227,3.218755,3.392675,4.066983,4.330329,2.256113,2.70094,3.043191,3.469278,3.173384,3.320345,3.857885,3.831255,3.99301,3.506758,0.401188,3.145715,2.59449,3.410213,1.522323,2.77458,2.134115,2.449837,3.777159,2.341268,3.533924,2.609953,1.469488,2.54101,0.593199,2.299386
-12.859265,2,3.063246,3.218426,3.210864,3.398921,4.06534,4.331644,2.253483,2.692721,3.053712,3.463689,3.173713,3.32429,3.856241,3.831255,3.992024,3.507087,0.441137,3.14797,2.590624,3.419556,1.529089,2.785856,2.14829,2.478188,3.77136,2.326126,3.536824,2.608665,1.42213,2.538755,0.679217,2.334502
-12.812168,2,3.060945,3.208234,3.208892,3.401551,4.065997,4.330986,2.248223,2.69042,3.056999,3.465662,3.172069,3.32429,3.856899,3.828625,3.991695,3.505114,0.456279,3.14056,2.595778,3.4202,1.526511,2.787789,2.153445,2.503961,3.774582,2.333858,3.54069,2.616719,1.426962,2.540366,0.666653,2.340945
-13.00122,2,3.053712,3.207248,3.201659,3.39662,4.064025,4.329343,2.238688,2.684502,3.037602,3.463689,3.166151,3.328235,3.855913,3.82994,3.989722,3.506758,0.461433,3.141527,2.597389,3.422133,1.522323,2.785534,2.137659,2.538111,3.772327,2.329347,3.536179,2.593845,1.414398,2.518459,0.610274,2.30744
-13.0852,2,3.044506,3.201659,3.188179,3.400894,4.062709,4.328356,2.226195,2.680885,3.044506,3.456785,3.157603,3.324619,3.855584,3.827967,3.988736,3.50347,0.453379,3.137016,2.594812,3.418911,1.52039,2.783601,2.138303,2.537788,3.772971,2.32677,3.543911,2.599322,1.415687,2.505894,0.651511,2.294554
-13.141325,2,3.037931,3.195741,3.173384,3.40188,4.057449,4.325397,2.213373,2.667406,3.019191,3.451196,3.153329,3.317715,3.85657,3.831912,3.989065,3.499854,0.468199,3.129606,2.597711,3.42471,1.52039,2.788433,2.130249,2.533922,3.772649,2.321293,3.548744,2.590946,1.413109,2.499773,0.670196,2.267492
-12.959569,2,3.003739,3.188179,3.161877,3.399907,4.055805,4.323096,2.20351,2.661817,3.008999,3.440675,3.13985,3.30555,3.854269,3.823693,3.985448,3.496566,0.4595,3.122519,2.596745,3.418911,1.507826,2.780379,2.103832,2.506538,3.76975,2.313561,3.5452,2.589657,1.395068,2.505894,0.655055,2.226577
-12.983034,2,2.957382,3.158918,3.170097,3.365058,4.05449,4.322767,2.162413,2.620063,2.988944,3.424894,3.104014,3.29766,3.850324,3.820405,3.977887,3.485388,0.416008,3.100612,2.59159,3.395071,1.419553,2.722389,2.016847,2.49494,3.761373,2.24043,3.511695,2.559051,1.404089,2.442427,0.602864,2.157633
-13.043662,2,2.922532,3.104671,3.175357,3.345332,4.051202,4.319808,2.129207,2.587843,2.972834,3.409771,3.08363,3.292071,3.839474,3.814488,3.970654,3.478155,0.39249,3.098356,2.581281,3.387339,1.400867,2.689206,1.94887,2.496229,3.758474,2.204669,3.506862,2.538111,1.381859,2.418587,0.590299,2.135726
-13.172095,2,2.910039,3.097109,3.178316,3.336455,4.047586,4.316849,2.132495,2.56187,2.977766,3.394976,3.074424,3.303578,3.831912,3.812844,3.967695,3.465662,0.392168,3.099001,2.581281,3.387017,1.391846,2.675997,1.933406,2.517814,3.754286,2.196615,3.500419,2.541332,1.380248,2.410855,0.576768,2.10802
-13.038803,2,2.879463,3.080671,3.168124,3.323633,4.04397,4.31389,2.096001,2.507294,2.971848,3.389716,3.063246,3.292399,3.828625,3.803967,3.964407,3.46336,0.382181,3.074516,2.57226,3.382506,1.379282,2.671165,1.933084,2.494618,3.751386,2.208213,3.503319,2.554541,1.381859,2.366074,0.55615,2.055507
-13.463878,2,2.858093,3.066534,3.153658,3.303249,4.03575,4.310274,2.023014,2.481979,2.967903,3.386428,3.056671,3.279249,3.825666,3.801337,3.961448,3.457442,0.36865,3.075483,2.567105,3.38605,1.37606,2.681152,1.929218,2.488819,3.753964,2.217878,3.500097,2.561951,1.375738,2.386371,0.554861,2.059695
-13.719538,2,2.8456,3.050095,3.145439,3.294043,4.035421,4.307972,2.009863,2.464225,2.963628,3.386099,3.044835,3.267742,3.823693,3.806268,3.963749,3.449552,0.391524,3.098356,2.567428,3.392171,1.385081,2.710469,1.957246,2.486242,3.749131,2.277157,3.506218,2.553575,1.349643,2.391203,0.581601,2.059373
-13.838814,2,2.842641,3.052397,3.135904,3.289769,4.029832,4.307972,2.002302,2.458307,2.960341,3.376894,3.044506,3.262481,3.823364,3.808241,3.963749,3.451196,0.388624,3.099001,2.563562,3.40828,1.405055,2.739786,1.984953,2.460791,3.750742,2.286822,3.520071,2.559696,1.339011,2.407634,0.580957,1.98012
-13.927226,2,2.829161,3.044177,3.127028,3.280892,4.028517,4.312575,2.001315,2.449759,2.953108,3.372291,3.036944,3.265769,3.825337,3.805282,3.959147,3.449223,0.391846,3.094813,2.553897,3.416656,1.411821,2.735598,1.985275,2.4711,3.751708,2.289399,3.527481,2.552608,1.336434,2.424386,0.570325,1.950803
-13.859813,2,2.822586,3.032999,3.124397,3.277933,4.031147,4.313562,2.020055,2.434307,2.931409,3.369003,3.023465,3.264125,3.822378,3.803638,3.957174,3.455141,0.427606,3.112532,2.545198,3.412146,1.42954,2.724,1.98302,2.478188,3.752675,2.252672,3.526192,2.554863,1.358985,2.406667,0.566137,1.939849
-13.911274,2,2.79464,2.98993,3.117822,3.264125,4.02523,4.310931,2.008877,2.405375,2.918587,3.362428,3.013273,3.2467,3.82172,3.798378,3.953558,3.447579,0.416008,3.115431,2.525224,3.407958,1.407632,2.689528,1.940172,2.436306,3.746554,2.184051,3.52136,2.552286,1.370906,2.396036,0.542297,1.919231
-13.910793,2,2.756503,2.93634,3.110918,3.238152,4.015038,4.306657,2.000329,2.363292,2.904778,3.338099,2.994862,3.249659,3.815803,3.787528,3.946982,3.446264,0.413109,3.110599,2.498806,3.394749,1.287465,2.655379,1.899901,2.408922,3.736567,2.187595,3.511051,2.525868,1.358663,2.36994,0.516201,1.88186
-14.217181,2,2.732831,2.922532,3.110918,3.230919,4.016024,4.307315,1.993096,2.355073,2.888997,3.337441,2.989601,3.2467,3.808898,3.7872,3.942708,3.453826,0.420518,3.111565,2.457569,3.40087,1.233341,2.641526,1.887659,2.386693,3.733023,2.223033,3.515883,2.523291,1.285532,2.331925,0.509758,1.857375
-13.534413,2,2.706858,2.90182,3.115192,3.211193,4.015038,4.305671,1.98389,2.346525,2.882751,3.327907,2.98467,3.226645,3.801337,3.781939,3.935146,3.453826,0.446292,3.105766,2.443716,3.401836,1.220454,2.617685,1.866074,2.356087,3.730445,2.243007,3.517816,2.524257,1.270712,2.354798,0.482052,1.825803
-13.767958,2,2.672337,2.856778,3.094151,3.175686,4.015695,4.301068,1.97337,2.337648,2.86697,3.320016,2.970204,3.225988,3.792789,3.766487,3.918708,3.444292,0.435016,3.090624,2.387015,3.391205,1.127349,2.58418,1.805507,2.347066,3.71917,2.257505,3.509118,2.509438,1.260403,2.344489,0.391201,1.785854
-13.634396,2,2.651625,2.825545,3.077712,3.11848,4.005832,4.291863,1.978301,2.285702,2.824887,3.290756,2.956396,3.209549,3.7872,3.735583,3.888132,3.437059,0.417619,3.07355,2.371873,3.378963,1.132503,2.548098,1.793586,2.31034,3.679221,2.242685,3.495587,2.481732,1.268779,2.238175,0.009758,1.727543
-13.663474,2,2.642748,2.798585,3.069164,3.090863,3.993339,4.28989,1.994411,2.26236,2.809106,3.282865,2.934039,3.207248,3.77898,3.716185,3.85131,3.429168,0.375415,3.065496,2.325804,3.38154,1.142168,2.512337,1.831924,2.302286,3.671811,2.24043,3.483022,2.474644,1.223676,2.156345,0.008469,1.662465
-12.512728,2,2.649981,2.805818,3.067191,3.084616,3.9769,4.292191,2.035836,2.272552,2.771626,3.285824,2.927135,3.209549,3.765829,3.702377,3.83783,3.432456,0.367039,3.067106,2.274579,3.383473,1.106086,2.51717,1.810339,2.288432,3.675355,2.214334,3.489465,2.488819,1.16021,2.127028,0.006536,1.613818
-10.287699,2,2.649652,2.794969,3.055356,3.057657,3.980846,4.290548,2.005918,2.264004,2.739407,3.271029,2.909381,3.202974,3.757281,3.682322,3.813501,3.431798,0.385402,3.055508,2.261048,3.361566,1.098354,2.434695,1.80905,2.265881,3.673422,2.187917,3.46788,2.464657,1.168908,2.090945,0.015557,1.596743
-7.206922,2,2.638145,2.759462,3.037273,3.005711,3.950927,4.281013,1.99474,2.243949,2.699625,3.242755,2.887025,3.162206,3.740843,3.647143,3.794433,3.420291,0.448869,3.022325,2.269747,3.340303,1.047774,2.31195,1.665042,2.20177,3.6702,2.123162,3.438241,2.43985,1.18405,2.062594,0.008147,1.524578
-0.648439,2,2.681872,2.831791,3.028725,3.016561,3.933831,4.291534,2.003288,2.298196,2.722639,3.258207,2.938313,3.208563,3.743802,3.640568,3.780953,3.414045,0.542941,3.048099,2.332247,3.315818,1.012014,2.26427,1.648612,2.330314,3.721747,2.128316,3.397648,2.408278,1.21981,2.074192,0.007825,1.665365
2.96,2,2.856778,3.047136,3.071794,3.106644,3.929229,4.324411,2.160441,2.515185,2.791024,3.290756,3.00604,3.294043,3.803967,3.693829,3.812186,3.485059,0.738495,3.175676,2.483342,3.348357,1.050351,2.305829,1.656666,2.714335,3.791657,2.224644,3.31904,2.290688,1.261047,2.058406,0.006858,2.173097
12.08918,2,3.04352,3.225988,3.15037,3.207248,3.966051,4.341507,2.528664,2.781818,2.97382,3.425223,3.149713,3.368674,3.853282,3.729665,3.868406,3.498868,0.979153,3.171166,2.494296,3.349001,1.064204,2.350288,0.912465,2.763626,3.802288,2.068071,3.321295,2.350288,1.233341,2.195649,0.506536,2.511371
16.673507,2,3.259522,3.446264,3.320016,3.384126,3.983476,4.347096,2.752886,3.186864,3.316071,3.592567,3.292071,3.519909,3.882214,3.737884,3.895036,3.560676,0.649578,3.073872,2.268458,3.153769,0.753959,1.882182,0.297129,2.050674,3.733989,1.753638,3.17471,2.229798,0.828702,1.944038,0.005248,3.060985
19.518703,2,3.280892,3.531087,3.463032,3.633664,3.991366,4.354329,2.765708,3.211851,3.35914,3.644184,3.331194,3.521224,3.917064,3.732952,3.91279,3.662595,0.6499,2.852866,2.080958,2.930186,0.647,1.682439,0.008147,-0.000229,3.725935,1.53521,3.087081,2.257182,0.893135,1.683084,0.004925,3.594814
19.660003,2,3.290098,3.55706,3.518923,3.747418,3.996298,4.363863,2.83738,3.309824,3.437059,3.680349,3.448237,3.570868,3.954873,3.778323,3.944681,3.711582,0.630892,2.794876,2.022002,2.843201,0.571292,1.615751,0.007181,0.000093,3.710149,1.632182,3.054542,2.219811,0.795841,1.462078,0.007503,3.679543
20.03223,2,3.28944,3.555745,3.525827,3.760569,4.001887,4.36748,2.836394,3.306208,3.513005,3.700075,3.470264,3.570211,3.960791,3.786542,3.952242,3.706979,0.626382,2.784567,2.018458,2.848356,0.566781,1.614463,0.007181,-0.000551,3.698551,1.675674,2.96498,1.997839,0.744939,1.308728,0.004281,3.684376
20.499903,2,3.288125,3.559361,3.536676,3.769775,4.002544,4.368795,2.859079,3.312454,3.515964,3.706979,3.482758,3.593225,3.966708,3.796076,3.959475,3.708952,0.62606,2.800675,2.065816,2.862531,0.602864,1.61253,0.007181,0.000093,3.703706,1.723677,2.929864,1.845133,0.793908,1.260081,0.005248,3.672133
20.508396,2,3.299961,3.561992,3.545553,3.772734,4.001887,4.369124,2.871573,3.330866,3.521881,3.721117,3.520566,3.617554,3.976572,3.817118,3.980517,3.71487,0.643457,2.862853,2.213046,2.943073,0.679861,1.673097,0.006858,-0.000229,3.729479,1.737207,2.938562,1.965945,0.858019,1.284887,0.00557,3.671811
20.971193,2,3.31377,3.561334,3.560348,3.775035,4.001887,4.36748,2.860066,3.340071,3.527142,3.735583,3.544567,3.635965,3.992681,3.821392,3.984133,3.718158,0.667941,2.859954,2.23753,2.977222,0.682116,1.683728,0.008469,0.001704,3.722069,1.791976,2.948872,2.008149,0.792619,1.299385,0.003315,3.682121
21.245911,2,3.307852,3.549827,3.553443,3.767802,3.996627,4.364192,2.877819,3.352893,3.522868,3.732952,3.551471,3.629061,3.983476,3.820405,3.982489,3.715856,0.664075,2.853511,2.193716,2.926964,0.655055,1.651834,0.007825,-0.001196,3.710793,1.931795,2.94565,2.007182,0.792297,1.280377,0.005248,3.674066
21.044153,2,3.315742,3.546211,3.559033,3.763857,3.993668,4.364192,2.913655,3.366702,3.523854,3.740843,3.570211,3.638266,3.995311,3.821392,3.982818,3.711253,0.652155,2.836114,2.18985,2.921488,0.653444,1.638303,0.006536,0.002026,3.709182,1.894746,2.948227,1.977543,0.894101,1.193393,0.003637,3.699517
21.386896,2,3.322975,3.548512,3.571526,3.767802,3.992681,4.365507,2.906422,3.36703,3.566266,3.748733,3.584019,3.649445,4.000901,3.823364,3.987421,3.716514,0.66633,2.835469,2.173097,2.937918,0.663431,1.62896,0.147645,0.001059,3.708216,1.912465,2.974001,2.065494,0.882825,1.200158,0.004603,3.700484
21.21229,2,3.325934,3.549169,3.574814,3.781939,3.991366,4.365836,2.956396,3.387414,3.577115,3.750706,3.599143,3.657006,4.009449,3.822707,3.992681,3.72013,0.641524,2.839013,2.150868,2.928897,0.639913,1.604475,0.317426,0.306472,3.70435,1.972388,2.9769,2.060339,0.849642,1.150222,0.004281,3.675999
21.510774,2,3.343359,3.556074,3.572841,3.784898,3.991366,4.367151,2.965601,3.416675,3.612622,3.752021,3.619855,3.674431,4.016353,3.82731,3.996298,3.724404,0.666008,2.876707,2.153123,3.000096,0.656021,1.657955,0.488817,0.519101,3.709182,2.170842,3.017493,2.16601,0.800995,1.361563,0.004925,3.693074
21.660679,2,3.351578,3.562649,3.575142,3.783254,3.989394,4.365179,2.956396,3.422921,3.635965,3.762871,3.635636,3.678376,4.017668,3.824679,3.997284,3.724076,0.772967,2.964013,2.242041,3.049387,0.69597,1.689849,1.009758,0.61414,3.7385,2.415366,3.120908,2.22561,0.788753,1.54423,0.01008,3.776515
21.703968,2,3.359469,3.564622,3.567909,3.779967,3.988078,4.363535,2.954423,3.426867,3.638595,3.75498,3.636623,3.677061,4.018654,3.826652,3.998928,3.724404,0.772645,2.951449,2.259115,3.038434,0.705957,1.673097,1.003637,0.741717,3.742366,2.544876,3.175998,2.241396,0.788109,1.530377,0.076124,3.78167
20.685364,2,3.369989,3.567909,3.577773,3.78983,3.986763,4.365179,2.956396,3.423579,3.647143,3.75235,3.637938,3.674102,4.015366,3.826981,4.001229,3.724404,0.779732,2.959503,2.226899,3.035856,0.69597,1.658599,1.035532,0.762013,3.732701,2.649902,3.196295,2.196937,0.751382,1.587723,0.116072,3.796812
21.021021,2,3.368674,3.565937,3.573499,3.787857,3.984462,4.362877,2.927464,3.431798,3.653719,3.746761,3.63728,3.670486,4.019312,3.826323,4.001558,3.723747,0.839655,3.013627,2.263303,3.080637,0.747516,1.720777,1.110274,0.920519,3.759118,2.79101,3.24462,2.278767,0.764269,1.61704,0.213044,3.806799
21.196465,2,3.365387,3.562649,3.576457,3.772734,3.978873,4.361891,2.912011,3.427195,3.650102,3.75498,3.630047,3.655362,4.011421,3.823693,3.999914,3.721117,1.13347,3.07065,2.330958,3.121874,0.804217,1.756215,1.198869,1.354153,3.824518,2.805508,3.32806,2.478832,0.918908,1.870584,0.110918,3.764595
21.780539,2,3.369989,3.560019,3.570868,3.777665,3.9769,4.361562,2.899189,3.427195,3.659965,3.758268,3.63202,3.676733,4.013065,3.821392,3.998928,3.718486,1.198869,3.090624,2.374451,3.144104,0.816459,1.819037,1.671808,1.537143,3.840304,2.852866,3.406669,2.57226,1.209179,1.954669,0.043907,3.771038
21.781416,2,3.370976,3.561992,3.570211,3.775693,3.971969,4.356959,2.885052,3.424894,3.667856,3.758596,3.631691,3.693171,4.014051,3.81909,3.999914,3.718158,1.163109,3.091591,2.29842,3.115753,0.765879,1.752027,1.692749,1.48012,3.814208,2.877351,3.455638,2.55583,1.060016,1.950159,0.264268,3.764595
21.552761,2,3.37525,3.560676,3.558046,3.775693,3.965722,4.354,2.905107,3.429497,3.668513,3.768131,3.63991,3.70961,4.015038,3.819748,3.999914,3.717171,1.2124,3.107377,2.322904,3.129606,0.84932,1.827736,1.712079,1.8403,3.830961,2.809374,3.550355,2.594812,1.237529,2.298742,0.280699,3.829672
21.545143,2,3.381168,3.564622,3.567581,3.777008,3.962763,4.352685,2.935683,3.433771,3.687253,3.779638,3.640897,3.700404,4.015038,3.822378,3.999914,3.719473,1.234952,3.141204,2.452092,3.212725,0.964655,1.995906,1.822581,2.159888,3.861567,2.798098,3.620587,2.665366,1.341911,2.474322,0.383469,3.841915
21.431297,2,3.391359,3.568238,3.569553,3.774377,3.960133,4.351699,2.951135,3.428182,3.692185,3.815145,3.641225,3.6935,4.012408,3.81646,4.001229,3.71487,1.274578,3.167944,2.465301,3.235921,0.990428,2.032311,1.915687,2.226577,3.870588,2.836758,3.632507,2.665044,1.396357,2.498484,0.487851,3.872198
21.099156,2,3.394976,3.566266,3.566923,3.771419,3.958489,4.348411,2.961327,3.424565,3.693171,3.831912,3.640897,3.688897,4.011092,3.820734,3.99827,3.711911,1.284565,3.207893,2.527479,3.274581,1.065171,2.100932,1.999128,2.335146,3.910536,2.779413,3.627997,2.704026,1.48173,2.511049,0.499449,3.91408
21.404158,2,3.421606,3.569224,3.568567,3.777994,3.957174,4.345124,2.971848,3.42062,3.702705,3.838488,3.643198,3.692514,4.008462,3.821063,3.999257,3.711911,1.379926,3.248163,2.570327,3.318396,1.166975,2.234631,2.138948,2.476899,3.937598,2.783601,3.64636,2.744619,1.56356,2.520069,0.562593,3.951773
21.032034,2,3.424894,3.569553,3.566594,3.77372,3.948626,4.342822,2.969875,3.422921,3.703363,3.85657,3.642869,3.700404,4.010764,3.820077,3.99827,3.711253,1.39539,3.262017,2.579026,3.34739,1.185338,2.330958,2.204347,2.66601,3.947585,2.702415,3.623809,2.733987,1.64378,2.597389,0.448225,3.964338
21.818758,2,3.424894,3.55969,3.558375,3.765829,3.944023,4.346767,2.954094,3.424894,3.698103,3.860515,3.641883,3.692842,4.007805,3.827638,3.998599,3.714212,1.329668,3.236888,2.540366,3.312919,1.14249,2.272646,2.207247,2.535855,3.919879,2.811307,3.604479,2.675997,1.576447,2.539721,0.483985,3.913113
21.913586,2,3.428511,3.544567,3.540293,3.761884,3.937119,4.352356,2.964286,3.418976,3.690212,3.868735,3.635307,3.693829,4.004846,3.817446,3.99564,3.718815,1.19146,3.209504,2.434051,3.270715,0.985596,2.162144,2.123162,2.531989,3.842559,2.952093,3.57194,2.571294,1.464334,2.434051,0.251704,3.876386
21.214745,2,3.438045,3.559033,3.523854,3.762542,3.925283,4.350055,2.974807,3.41799,3.68824,3.885502,3.633992,3.706322,4.002873,3.818762,3.997284,3.721774,1.144101,3.190496,2.341912,3.235921,0.958212,2.117363,2.056473,2.515237,3.830961,2.980122,3.579028,2.575804,1.445326,2.455636,0.586756,3.87993
20.741123,2,3.432785,3.557718,3.54358,3.765501,3.921009,4.345781,2.979081,3.413716,3.684294,3.899639,3.626759,3.709938,3.999914,3.812515,3.995311,3.719144,1.163431,3.185019,2.425675,3.259117,0.974965,2.146357,2.087723,2.553897,3.852868,2.970457,3.543911,2.61543,1.452091,2.465301,0.612529,3.868332
20.554389,2,3.433442,3.555087,3.542594,3.754322,3.91279,4.347096,3.004725,3.419305,3.679034,3.913776,3.628074,3.717171,3.992681,3.798378,3.993996,3.710925,1.235596,3.189851,2.457891,3.274259,1.008792,2.195649,2.126061,2.772969,3.867044,2.975289,3.53779,2.616719,1.457246,2.476255,0.708212,3.852546
20.800004,2,3.440675,3.549498,3.550485,3.759583,3.900625,4.34085,3.011958,3.429826,3.656349,3.919037,3.626759,3.72013,3.991037,3.79246,3.99301,3.706651,1.250416,3.204027,2.46659,3.281991,1.025544,2.19726,2.132504,2.777802,3.877997,2.993975,3.540045,2.634438,1.461434,2.496551,0.721421,3.843203
21.642453,2,3.416346,3.545224,3.536019,3.74972,3.893721,4.34085,3.0113,3.432785,3.654047,3.922982,3.619526,3.714212,3.987092,3.797063,3.989722,3.701062,1.279411,3.211114,2.473678,3.279736,1.045197,2.204669,2.157955,2.826449,3.88283,2.995908,3.552288,2.680186,1.459179,2.501706,0.701124,3.845136
22.773242,2,3.424237,3.541608,3.515964,3.739528,3.879584,4.332301,3.016232,3.423579,3.64254,3.92068,3.61065,3.707637,3.977887,3.799364,3.982818,3.686924,1.297774,3.215625,2.463046,3.284568,1.074836,2.204025,2.191138,2.880573,3.86801,2.998807,3.559053,2.700482,1.457568,2.528768,0.73173,3.854479
22.257849,2,3.419305,3.539964,3.532731,3.740185,3.897338,4.338877,3.015246,3.417332,3.651746,3.921009,3.616567,3.704021,3.978215,3.800022,3.97953,3.695801,1.296808,3.221424,2.465946,3.275547,1.036498,2.199837,2.16762,2.896681,3.870588,3.024903,3.559375,2.704026,1.439205,2.511049,0.69307,3.881219
22.591516,2,3.421606,3.549827,3.542265,3.739528,3.897009,4.336247,3.001766,3.409442,3.657335,3.928242,3.618869,3.702048,3.975256,3.807255,3.977229,3.695801,1.303251,3.223357,2.500095,3.290367,1.135403,2.293909,2.201448,3.033279,3.886374,3.032957,3.579994,2.754606,1.474643,2.52458,0.581923,3.851258
22.34491,2,3.405168,3.540293,3.539306,3.737884,3.885502,4.341507,2.994862,3.412401,3.657006,3.921667,3.611636,3.697774,3.970654,3.798707,3.972297,3.692185,1.304862,3.227545,2.453703,3.281991,1.150222,2.288755,2.205314,3.016526,3.883152,3.03489,3.577417,2.751384,1.461434,2.542943,0.529732,3.884441
21.467323,2,3.385442,3.542594,3.54358,3.745774,3.909174,4.348082,2.99519,3.403853,3.650431,3.918708,3.609663,3.689555,3.967695,3.780295,3.965393,3.689555,1.309372,3.237532,2.479476,3.292944,1.173096,2.302608,2.173419,3.07065,3.910536,3.016849,3.575162,2.762338,1.468844,2.546487,0.509114,3.878319
21.541743,2,3.382154,3.548841,3.564622,3.745117,3.925283,4.352356,2.994862,3.392675,3.676075,3.911804,3.604403,3.687253,3.964736,3.786542,3.965065,3.685281,1.356086,3.241398,2.514593,3.302932,1.199836,2.326126,2.17793,3.099323,3.926967,3.01556,3.585471,2.751706,1.463689,2.522647,0.519101,3.915046
20.541705,2,3.379852,3.545553,3.570868,3.742487,3.927585,4.352685,2.991245,3.389716,3.676404,3.914105,3.59717,3.685609,3.960791,3.782597,3.959475,3.688568,1.362529,3.239465,2.551319,3.311308,1.220777,2.371551,2.164399,3.154413,3.939531,3.017493,3.579672,2.785856,1.461756,2.528768,0.513624,3.924711
20.495437,2,3.376894,3.543252,3.584019,3.737884,3.925612,4.348411,2.987958,3.376894,3.67213,3.912461,3.590266,3.681664,3.959804,3.780953,3.95816,3.685938,1.369939,3.258795,2.582892,3.310341,1.221421,2.371873,2.159244,3.139594,3.952418,3.011372,3.585149,2.783601,1.451447,2.534245,0.498482,3.930188
20.303979,2,3.375907,3.542594,3.595197,3.732624,3.922653,4.346767,2.989273,3.369661,3.649773,3.913119,3.580074,3.682979,3.961448,3.774377,3.958818,3.686596,1.374772,3.256218,2.569683,3.310341,1.214655,2.403123,2.162466,3.167622,3.949196,3.010727,3.588048,2.797776,1.444037,2.539721,0.479475,3.911503
20.070649,2,3.370318,3.538978,3.605389,3.727034,3.91016,4.34611,3.001766,3.363743,3.611636,3.920352,3.578101,3.676733,3.954873,3.752021,3.952242,3.678705,1.362207,3.249452,2.566783,3.305831,1.216588,2.408922,2.158278,3.256218,3.930188,3.015238,3.584182,2.783279,1.416975,2.516526,0.47142,3.845781
20.140076,2,3.366702,3.53569,3.613609,3.726048,3.890434,4.347425,2.996177,3.368674,3.604732,3.923311,3.572183,3.671472,3.949284,3.738213,3.947968,3.68002,1.339656,3.246875,2.573549,3.311308,1.208534,2.431152,2.144424,3.329349,3.943075,2.984632,3.584504,2.770714,1.443071,2.508149,0.432438,3.820652
19.83184,2,3.362428,3.532402,3.608348,3.725391,3.888132,4.340192,2.985985,3.345989,3.596184,3.917393,3.564293,3.665226,3.937119,3.728678,3.944352,3.682322,1.374772,3.239787,2.577093,3.320651,1.301318,2.501384,2.163432,3.368331,3.959183,2.964336,3.590303,2.790688,1.498483,2.511371,0.250093,3.804544
19.234042,2,3.357825,3.545224,3.603088,3.715528,3.887146,4.337891,2.994533,3.268728,3.589608,3.89931,3.56232,3.655362,3.935146,3.72013,3.938763,3.686596,1.388303,3.241398,2.569361,3.320973,1.339656,2.522969,2.138303,3.390561,3.972714,2.954671,3.594169,2.796165,1.503638,2.495907,0.198869,3.787469
19.400683,2,3.344016,3.552128,3.595526,3.690212,3.868735,4.332959,2.980067,3.270701,3.566266,3.891749,3.5518,3.639253,3.914763,3.684952,3.933831,3.68002,1.369939,3.23721,2.586758,3.310664,1.334823,2.500739,2.104798,3.391205,3.970781,2.95306,3.595136,2.76717,1.511692,2.460791,0.010402,3.778448
18.653167,2,3.341386,3.552457,3.59717,3.683637,3.860844,4.333288,2.973492,3.262152,3.556731,3.889118,3.540621,3.637938,3.915749,3.691856,3.93153,3.673445,1.369617,3.232699,2.565172,3.315496,1.358019,2.503317,2.047775,3.410213,3.970781,2.94565,3.592558,2.775224,1.514269,2.474,0.01008,3.773616
18.80744,2,3.336783,3.542923,3.588293,3.674431,3.868077,4.326055,2.966259,3.254591,3.549169,3.882543,3.52221,3.630376,3.913776,3.694157,3.92627,3.677061,1.352864,3.231411,2.561629,3.313885,1.430506,2.535855,2.05003,3.413112,3.966593,2.950805,3.585793,2.755572,1.512014,2.463368,0.011369,3.764273
17.211554,2,3.326592,3.534704,3.577773,3.657664,3.870379,4.317507,2.937327,3.204618,3.522868,3.872351,3.518265,3.613609,3.906215,3.689883,3.921009,3.671472,1.351898,3.229478,2.576126,3.322584,1.449836,2.605121,2.044553,3.413434,3.971425,2.948549,3.592558,2.778446,1.497517,2.448226,0.010402,3.746232
16.891101,2,3.31377,3.514649,3.569224,3.638595,3.859529,4.313562,2.902477,3.199357,3.497881,3.857885,3.488347,3.591581,3.876625,3.666212,3.909174,3.676733,1.343522,3.219813,2.577415,3.322906,1.487852,2.625417,2.085468,3.417623,3.972714,2.950482,3.589337,2.765882,1.493651,2.444683,0.008147,3.739144
16.303143,2,3.304235,3.503142,3.534704,3.608019,3.833885,4.310274,2.859737,3.151685,3.469936,3.840132,3.421606,3.574814,3.856241,3.645499,3.899968,3.687911,1.364462,3.216269,2.561629,3.330316,1.563883,2.654734,2.065816,3.46337,3.979802,2.938562,3.599002,2.756539,1.489462,2.379605,0.011691,3.720458
14.803827,2,3.287468,3.488018,3.535032,3.585992,3.841447,4.302055,2.823572,3.141822,3.429497,3.817118,3.389716,3.555087,3.847036,3.6238,3.876296,3.681335,1.362207,3.203705,2.552286,3.329349,1.56356,2.676964,2.024901,3.468203,3.97658,2.901513,3.601257,2.761049,1.49204,2.342234,0.008791,3.697262
13.688004,2,3.267084,3.473881,3.503799,3.557389,3.836515,4.311589,2.808777,3.103356,3.387085,3.791802,3.3404,3.529114,3.84605,3.629061,3.849995,3.666869,1.403444,3.191462,2.566783,3.33096,1.618651,2.707247,2.046808,3.510406,3.974969,2.870585,3.604156,2.790366,1.496228,2.28811,0.009436,3.691463
8.518435,2,3.209549,3.441661,3.480785,3.518923,3.771419,4.291863,2.70916,3.079685,3.356839,3.745117,3.267084,3.461716,3.823364,3.579416,3.819748,3.616567,1.400223,3.174387,2.54391,3.332893,1.573548,2.80132,2.034566,3.494298,3.966915,2.824516,3.591914,2.848356,1.55164,2.210146,0.008147,3.691786
4.860201,2,3.127685,3.310482,3.39399,3.428182,3.691198,4.26852,2.620063,2.968889,3.297989,3.666541,3.129,3.356839,3.765172,3.470922,3.768788,3.550813,1.340944,3.110921,2.487853,3.305187,1.49945,2.743652,1.904733,3.391527,3.959827,2.683729,3.554543,2.787145,1.572259,2.139592,0.008147,3.633151
-3.46936,2,3.08626,3.225001,3.255906,3.284838,3.703692,4.28463,2.46554,2.836723,3.251632,3.60243,3.079027,3.263139,3.721117,3.456456,3.705993,3.548512,1.346743,3.033279,2.514915,3.27297,1.424707,2.698549,1.63637,3.232377,3.905059,2.504605,3.547133,2.659245,1.29713,2.0336,0.009114,3.535535
-10.548928,2,2.957053,3.102041,3.103356,3.055684,3.721117,4.274438,2.302141,2.681214,3.164836,3.539964,2.929765,3.095794,3.627417,3.352893,3.615252,3.480785,1.111563,2.90699,2.552286,3.238176,1.264913,2.581603,1.024256,2.850289,3.820007,2.224966,3.452416,2.530379,1.240429,1.877027,0.006536,3.481733
-12.880898,2,2.905107,2.975135,3.060616,2.845928,3.759583,4.262273,2.235401,2.576994,2.959354,3.360784,2.784777,2.917272,3.578759,3.28155,3.574485,3.426867,0.754926,2.93373,2.498806,3.275225,1.10673,2.519747,0.69307,2.546809,3.756863,2.092556,3.394749,2.298742,1.123161,1.836434,0.009436,3.091591
-14.145126,2,2.485595,2.566144,2.963628,2.682529,3.764843,4.205396,1.942794,2.081536,2.548062,3.145439,2.490198,2.720338,3.487689,3.161877,3.512018,3.281879,0.317748,2.684696,2.214012,3.201449,1.076447,2.272646,0.900544,2.483987,3.597713,2.016525,3.263627,2.067105,0.710145,1.968844,0.005248,1.815816
-15.425885,2,2.408663,2.493157,2.959683,2.685817,3.812844,4.187971,1.384869,1.782682,2.538856,3.153987,2.576665,2.74664,3.486703,3.188179,3.601115,3.199686,-0.00184,2.70467,2.143136,3.291978,1.150545,2.290365,0.904733,2.30293,3.513628,2.175997,3.363177,2.16601,0.787142,1.999128,0.010402,1.719811
-16.566819,2,2.434965,2.576336,3.01393,2.771955,3.843748,4.210328,1.452267,2.013809,2.603295,3.209878,2.679899,2.869271,3.49558,3.273988,3.631033,3.2227,-0.002807,2.785534,2.165043,3.318396,1.176318,2.482376,1.156344,2.287788,3.49913,2.325804,3.418911,2.271035,0.813238,2.090945,0.009436,1.735597
-16.656324,2,2.494472,2.611843,3.053712,2.83738,3.860844,4.218876,1.553529,2.077919,2.654912,3.240454,2.730859,2.912998,3.51169,3.311797,3.667198,3.264125,0.001059,2.787789,2.149579,3.304542,1.185983,2.468845,1.182761,2.115752,3.496231,2.253639,3.419556,2.307118,0.990106,2.132182,0.007503,1.665042
-17.783696,2,2.539843,2.602967,3.03267,2.885052,3.893721,4.228081,1.58542,2.108166,2.756832,3.272673,2.747297,2.946204,3.533388,3.308838,3.676733,3.304235,-0.002162,2.771681,2.14668,3.283602,1.223676,2.470778,1.252993,2.082247,3.481411,2.164721,3.418267,2.250739,1.039398,2.119296,0.009114,1.601576
-17.455199,2,2.651296,2.717708,3.085274,3.047136,3.941064,4.257999,1.68438,2.198578,2.839353,3.350592,2.881436,2.988615,3.580731,3.393661,3.703363,3.342373,0.002992,2.77748,2.147002,3.288756,1.2749,2.550675,1.31356,2.080636,3.474968,2.231731,3.43953,2.323226,1.050673,2.195004,0.008147,1.634115
-18.375898,2,2.638145,2.707845,3.090205,3.072452,3.952242,4.252081,1.635722,2.12592,2.841326,3.349277,2.89623,3.013602,3.567581,3.389387,3.719473,3.342701,-0.000551,2.762982,2.112208,3.28779,1.274256,2.531023,1.322581,2.021357,3.45596,2.237852,3.433731,2.284889,1.046807,2.226577,0.008791,1.579669
-18.480712,2,2.691406,2.771626,3.123411,3.114863,3.963749,4.270493,1.603173,2.205482,2.875847,3.368674,2.923518,3.057657,3.574156,3.515306,3.777336,3.406154,0.004603,2.808407,2.160533,3.304865,1.322259,2.597389,1.31807,1.95628,3.427287,2.254605,3.507829,2.302608,1.108985,2.392492,0.01008,1.538754
-18.433883,2,2.734475,2.835737,3.12374,3.153658,3.965393,4.274767,1.57983,2.253483,2.927464,3.38314,2.94719,3.095794,3.607033,3.521224,3.809227,3.423579,-0.000874,2.924387,2.207891,3.340947,1.43115,2.694039,1.341589,1.980442,3.431153,2.275546,3.546811,2.339335,1.153444,2.487208,0.011369,1.599965
-18.50448,2,2.769982,2.918916,3.131959,3.188837,3.975914,4.279369,1.674845,2.325484,2.953765,3.394318,2.969546,3.124069,3.659308,3.546211,3.819748,3.429168,-0.000874,2.972068,2.239463,3.353512,1.536176,2.755572,1.478831,2.165043,3.48721,2.346744,3.561953,2.397969,1.16923,2.529734,0.011369,1.675674
-18.529096,2,2.816339,2.964615,3.144781,3.221056,3.990709,4.299096,1.796491,2.461924,2.979409,3.40714,2.988615,3.156617,3.683308,3.561992,3.842104,3.43936,-0.000229,2.993008,2.276512,3.363499,1.545519,2.794876,1.639269,2.223033,3.513628,2.358987,3.568718,2.416976,1.187594,2.566783,0.008791,1.714656
-18.854138,2,2.871901,3.005382,3.178645,3.245056,3.995969,4.315863,1.8583,2.504007,3.003081,3.413387,3.002752,3.201987,3.701062,3.602102,3.866105,3.445607,0.004925,2.998163,2.309373,3.376385,1.538754,2.815817,1.752349,2.255572,3.541978,2.378639,3.577417,2.475288,1.194037,2.580636,0.009114,1.804862
-18.51755,2,2.891628,3.011958,3.207577,3.254262,4.020298,4.321123,1.852711,2.517815,3.001437,3.416017,3.010314,3.2227,3.71224,3.615252,3.876625,3.449223,-0.000874,3.009117,2.315172,3.387339,1.567749,2.821294,1.78811,2.295842,3.545522,2.433085,3.579672,2.48302,1.195648,2.585791,0.011369,1.825159
-18.942662,2,2.915957,3.036944,3.214152,3.283523,4.044956,4.333617,1.916492,2.607569,3.022478,3.42588,3.033985,3.223029,3.724733,3.632348,3.888132,3.478155,-0.000229,3.013949,2.332247,3.390561,1.588045,2.854155,1.786177,2.320649,3.551321,2.441461,3.586437,2.519425,1.201769,2.610276,0.010724,1.843844
-19.137819,2,2.939299,3.092507,3.237823,3.306537,4.052518,4.342165,1.877697,2.660502,3.036616,3.43936,3.052068,3.240454,3.750377,3.646814,3.904571,3.51958,-0.00474,3.052287,2.339657,3.403769,1.595455,2.88315,1.895713,2.331925,3.563564,2.450482,3.591592,2.553897,1.215622,2.633149,0.078701,1.860275
-19.348882,2,2.948505,3.096452,3.249002,3.317386,4.048572,4.342822,1.852053,2.667735,3.039903,3.438702,3.058315,3.233549,3.759254,3.644184,3.904899,3.521224,0.000093,3.030379,2.326448,3.395071,1.591267,2.880895,1.892813,2.380894,3.561953,2.448549,3.58386,2.561629,1.220132,2.642492,0.25106,1.857053
-19.162074,2,2.929436,3.075082,3.22533,3.296673,4.048572,4.336904,1.851067,2.614145,3.01952,3.433113,3.042205,3.249659,3.745446,3.641225,3.899968,3.49821,0.000737,3.010727,2.316783,3.387017,1.580313,2.854477,1.858019,2.353832,3.563241,2.448871,3.584504,2.533278,1.214655,2.648613,0.070003,1.722388
-19.128155,2,2.938313,3.09152,3.223358,3.30292,4.062709,4.343151,1.862245,2.648008,3.021163,3.437387,3.055356,3.26018,3.754651,3.643198,3.905886,3.505772,0.000415,3.007828,2.332247,3.388305,1.553251,2.863176,1.864785,2.331603,3.565174,2.437595,3.581927,2.499451,1.226576,2.645392,0.391846,1.750416
-19.110302,2,2.958368,3.113219,3.209549,3.321002,4.075203,4.348082,1.955287,2.691077,3.029383,3.441004,3.064232,3.269385,3.767802,3.662267,3.91016,3.514977,-0.000229,3.019426,2.340301,3.39636,1.569359,2.874451,1.905056,2.34159,3.572906,2.457569,3.590948,2.530056,1.214978,2.647325,0.402155,1.839656
-19.223591,2,3.007684,3.136562,3.20659,3.329879,4.074545,4.350384,1.975014,2.702256,3.03267,3.447579,3.07015,3.268728,3.773391,3.681335,3.925612,3.52484,0.000415,3.052609,2.37735,3.401514,1.585468,2.882505,1.956602,2.349644,3.579672,2.480121,3.596747,2.546809,1.251382,2.644747,0.437593,1.885726
-18.747883,2,3.020506,3.14774,3.223686,3.334482,4.073559,4.350384,1.976329,2.725927,3.035958,3.459415,3.072123,3.286153,3.785556,3.717171,3.9529,3.522868,-0.000229,3.081604,2.37735,3.403769,1.598676,2.885405,2.031344,2.35351,3.584827,2.486564,3.596102,2.584502,1.298741,2.647647,0.478186,1.897001
-18.729493,2,3.029054,3.145439,3.226316,3.327249,4.069942,4.349398,1.993096,2.730201,3.022807,3.453497,3.070808,3.28418,3.781939,3.735254,3.958818,3.513333,-0.000874,3.102222,2.370907,3.405702,1.565816,2.869297,2.077736,2.403768,3.589659,2.476899,3.587726,2.592557,1.281021,2.64217,0.546163,1.91311
-18.612511,2,3.02741,3.133274,3.216782,3.329551,4.066983,4.347425,1.984548,2.726585,3.013602,3.443305,3.076068,3.285824,3.780295,3.750377,3.959147,3.506429,-0.000229,3.100612,2.368652,3.40087,1.56195,2.859632,2.058728,2.415688,3.592558,2.457247,3.580961,2.586113,1.264913,2.628317,0.53392,1.897324
-18.857604,2,3.020506,3.139192,3.214809,3.313112,4.06534,4.34085,2.023014,2.720667,3.014588,3.4341,3.069493,3.287468,3.785556,3.755966,3.958818,3.489333,0.002026,3.112854,2.361564,3.405702,1.554218,2.865109,2.138303,2.43083,3.591592,2.453703,3.581927,2.583214,1.258148,2.647325,0.534565,1.908599
-18.5943,2,3.015574,3.143466,3.20659,3.306537,4.065668,4.335918,2.05359,2.708502,3.016889,3.437059,3.063575,3.279577,3.785884,3.748733,3.958489,3.478484,-0.000551,3.117042,2.34159,3.406669,1.554862,2.862209,2.197582,2.429541,3.584504,2.473678,3.595458,2.580959,1.240107,2.682119,0.542297,1.889914
-18.568593,2,2.996834,3.131959,3.198042,3.291084,4.058435,4.329671,2.01874,2.699297,3.005711,3.427524,3.065876,3.274317,3.780295,3.736569,3.955201,3.461716,-0.000229,3.09739,2.30293,3.398293,1.563238,2.838369,2.112852,2.425675,3.570651,2.506538,3.584182,2.574837,1.251704,2.647647,0.502026,1.877672
-18.677652,2,3.002752,3.13163,3.183576,3.29766,4.068299,4.331973,2.028932,2.698639,3.008013,3.432785,3.058315,3.275303,3.779638,3.744788,3.959804,3.467963,-0.000229,3.106733,2.319038,3.396682,1.537143,2.843201,2.143458,2.456281,3.569363,2.515237,3.593847,2.612531,1.314849,2.648936,0.554217,1.881215
-18.397968,2,3.002095,3.133274,3.193111,3.299961,4.065997,4.335589,2.016768,2.701598,3.005054,3.432127,3.059958,3.285166,3.777994,3.752021,3.968352,3.482758,-0.000874,3.123485,2.317427,3.392816,1.522968,2.837402,2.170842,2.456603,3.569685,2.520391,3.588692,2.614142,1.322903,2.677286,0.576768,1.879927
-18.516129,2,2.999465,3.131302,3.185549,3.295358,4.063038,4.336575,2.01085,2.701927,3.003739,3.433442,3.053383,3.294372,3.773391,3.762213,3.972626,3.481443,0.001704,3.125096,2.325481,3.390238,1.525223,2.846101,2.181796,2.449193,3.570329,2.527801,3.592881,2.607698,1.305506,2.705314,0.602219,1.888625
-18.249263,2,3.000451,3.129,3.17996,3.296016,4.061723,4.329014,2.057206,2.698968,3.015574,3.426867,3.042534,3.29503,3.781282,3.76846,3.972955,3.475854,-0.000551,3.128962,2.333536,3.387983,1.513947,2.838369,2.232053,2.437595,3.57935,2.52909,3.594814,2.62574,1.324836,2.703059,0.574191,1.891525
-18.563449,2,3.00078,3.129,3.181932,3.306865,4.061066,4.327699,2.061481,2.696338,3.029711,3.427195,3.041218,3.293386,3.777336,3.773062,3.973284,3.473881,-0.000874,3.141849,2.332247,3.390238,1.529733,2.839013,2.245584,2.42052,3.580638,2.532634,3.589981,2.661178,1.314205,2.713046,0.595132,1.9028
-18.636077,2,2.995519,3.129329,3.17733,3.298975,4.065668,4.32737,2.058522,2.693707,3.023465,3.428511,3.035629,3.294043,3.777665,3.775035,3.969667,3.475525,0.000415,3.146681,2.342556,3.384439,1.530055,2.83708,2.245907,2.41601,3.577739,2.539399,3.59578,2.689206,1.30905,2.721101,0.590299,1.867362
-18.879116,2,2.978752,3.127356,3.175686,3.297331,4.06797,4.32737,2.052604,2.688447,3.01393,3.424894,3.03267,3.290756,3.776021,3.772076,3.972626,3.478484,-0.002162,3.151836,2.352543,3.384762,1.491395,2.840302,2.236886,2.398935,3.577739,2.552608,3.603834,2.689206,1.30615,2.71949,0.600931,1.834824
-18.774527,2,2.972505,3.102699,3.17733,3.274317,4.057778,4.32474,2.045699,2.666748,3.001766,3.427853,3.029383,3.27892,3.769446,3.767802,3.96638,3.482429,-0.000874,3.153769,2.340301,3.38154,1.485596,2.838047,2.229476,2.378961,3.572262,2.563884,3.60029,2.686951,1.29423,2.720456,0.597065,1.815816
-18.89484,2,2.93108,3.084616,3.170754,3.263139,4.064025,4.326055,2.02137,2.635186,2.98204,3.418319,3.002423,3.271029,3.764514,3.763857,3.964736,3.475196,0.001382,3.14797,2.323226,3.379607,1.461434,2.82516,2.220455,2.359631,3.567107,2.571938,3.601579,2.678253,1.293908,2.723034,0.58289,1.80454
-19.24633,2,2.916943,3.080013,3.163192,3.262481,4.064025,4.323425,2.021699,2.62894,2.978094,3.40714,3.004396,3.280235,3.76024,3.763199,3.962434,3.470922,0.000415,3.148614,2.315172,3.376063,1.457246,2.826449,2.204992,2.350288,3.565497,2.577093,3.607378,2.67793,1.32548,2.729155,0.616717,1.792298
-19.272132,2,2.913984,3.082972,3.171083,3.258865,4.065011,4.324411,2.012822,2.627953,2.981711,3.403524,2.999465,3.276947,3.761555,3.755309,3.95816,3.471908,0.002348,3.152158,2.320005,3.380573,1.460145,2.829026,2.20628,2.355121,3.567107,2.581281,3.620587,2.693394,1.295841,2.724967,0.630248,1.784244
-19.638525,2,2.899518,3.076726,3.156288,3.244399,4.061723,4.324082,2.012822,2.605268,2.984012,3.397277,2.997821,3.276618,3.758596,3.751035,3.957503,3.47684,-0.000229,3.148614,2.321615,3.377996,1.449514,2.825482,2.201126,2.327414,3.567107,2.581603,3.621876,2.700482,1.289076,2.729477,0.631214,1.755571
-19.687651,2,2.880778,3.060945,3.147411,3.247358,4.053175,4.32211,2.022357,2.58324,2.983684,3.395305,2.994533,3.280564,3.755638,3.746103,3.953229,3.474867,-0.000874,3.140882,2.32226,3.375097,1.434694,2.827093,2.191138,2.335791,3.568074,2.56775,3.618654,2.693072,1.292619,2.733987,0.662787,1.758793
-19.690879,2,2.869271,3.053712,3.139192,3.2467,4.04923,4.324411,2.012822,2.5645,2.993218,3.392017,2.986971,3.267413,3.746103,3.740185,3.953229,3.472237,-0.000551,3.135405,2.320971,3.368976,1.412143,2.821938,2.169231,2.340945,3.565819,2.563884,3.609311,2.68083,1.28682,2.727866,0.651833,1.738174
-19.530056,2,2.838696,3.032342,3.115521,3.243084,4.037065,4.320466,1.985863,2.527349,2.970861,3.380839,2.975793,3.256563,3.744131,3.737555,3.952242,3.468292,0.000093,3.128318,2.287144,3.361566,1.390558,2.809696,2.129605,2.29842,3.560342,2.56775,3.604801,2.67793,1.269101,2.728833,0.658276,1.717555
-19.307289,2,2.811736,3.007684,3.111247,3.235522,4.024572,4.31126,1.968109,2.504007,2.972505,3.372948,2.962313,3.247687,3.73624,3.731966,3.944681,3.459744,0.001704,3.117686,2.270391,3.349968,1.362851,2.789077,2.070004,2.285533,3.551643,2.573549,3.601901,2.662144,1.259436,2.710147,0.639268,1.708213
-19.497619,2,2.771626,2.949491,3.10763,3.211193,4.026216,4.305671,1.962192,2.464554,2.954094,3.351578,2.950149,3.239139,3.728021,3.715199,3.936133,3.457771,-0.00184,3.106733,2.252994,3.349968,1.328058,2.77458,1.998484,2.243329,3.554865,2.558407,3.596747,2.64217,1.271679,2.698227,0.522323,1.674707
-19.175627,2,2.730859,2.88308,3.094479,3.181604,4.008791,4.294164,1.93326,2.409649,2.902806,3.333496,2.926806,3.228947,3.72013,3.696788,3.922982,3.4341,0.000737,3.076449,2.199515,3.33837,1.281021,2.717557,1.945971,2.217234,3.548422,2.555508,3.588692,2.625095,1.262336,2.682441,0.421163,1.606408
-19.571505,2,2.686475,2.819298,3.066205,3.156946,3.994654,4.288246,1.895122,2.302799,2.88571,3.324948,2.916943,3.218097,3.704021,3.667856,3.897667,3.424237,-0.002162,3.074194,2.136692,3.322584,1.235596,2.655701,1.88927,2.165365,3.542945,2.558085,3.585471,2.605443,1.198869,2.674064,0.362851,1.542942
-19.479892,2,2.682529,2.793983,3.060945,3.149713,3.990709,4.285287,1.889533,2.285045,2.855463,3.315742,2.885052,3.223686,3.700075,3.670157,3.897338,3.42325,0.002348,3.077416,2.136048,3.32645,1.234308,2.655057,1.889592,2.154089,3.556798,2.559696,3.588692,2.622196,1.201125,2.656345,0.344165,1.550352
-18.575812,2,2.656556,2.781489,3.049766,3.124397,3.985448,4.278712,1.862245,2.272223,2.828175,3.292728,2.885052,3.215467,3.683637,3.65339,3.89142,3.406483,-0.000874,3.073872,2.089979,3.324839,1.207246,2.641848,1.873161,2.1557,3.573551,2.563884,3.589015,2.617363,1.215622,2.642814,0.331601,1.531988
-17.486347,2,2.634857,2.754859,3.025437,3.103027,3.976572,4.273452,1.859286,2.263346,2.827846,3.271029,2.871244,3.202316,3.667527,3.643198,3.874324,3.403853,-0.001196,3.046488,2.07677,3.315818,1.151511,2.619618,1.845455,2.11253,3.575484,2.559696,3.589015,2.634116,1.199192,2.628639,0.2749,1.501383
-16.445166,2,2.61283,2.732174,3.023136,3.061931,3.939092,4.260301,1.865204,2.24099,2.795298,3.280564,2.878148,3.178645,3.655362,3.624787,3.838159,3.390373,-0.002807,3.044877,2.103832,3.307442,1.119939,2.605121,1.808728,2.031022,3.570651,2.551964,3.577739,2.60802,1.171485,2.578703,0.208856,1.392168
-14.980741,2,2.584227,2.733489,3.022807,3.016232,3.903584,4.241561,1.883944,2.259401,2.781818,3.29766,2.879463,3.149384,3.642869,3.590266,3.791802,3.367359,-0.00184,3.043588,2.023935,3.299388,1.071614,2.551642,1.799385,2.020391,3.573873,2.546165,3.589015,2.609631,1.211756,2.54842,0.010402,1.386047
-13.861183,2,2.620063,2.728228,3.015574,3.041876,3.896351,4.251424,1.919451,2.27847,2.751571,3.295358,2.870586,3.155302,3.641554,3.578759,3.772734,3.356839,-0.000551,3.035534,2.055829,3.298099,1.01588,2.523935,1.757504,2.093845,3.589337,2.619618,3.589337,2.622518,1.249771,2.506861,0.010724,1.455313
-12.183111,2,2.696666,2.781818,3.014588,3.055356,3.896351,4.280356,1.905972,2.430033,2.773599,3.30292,2.902148,3.171412,3.642212,3.558046,3.762871,3.360784,0.000415,3.067429,2.150223,3.297133,1.052284,2.503317,1.771357,2.171164,3.630252,2.652801,3.596747,2.593201,1.253637,2.528768,0.010402,1.54262
-8.128082,2,2.720338,2.80812,3.011629,3.048451,3.897995,4.287589,1.961205,2.45502,2.741708,3.330537,2.897217,3.15037,3.639581,3.539635,3.752021,3.349934,0.000415,3.085148,2.143136,3.287145,0.995261,2.421165,1.745906,2.174708,3.632507,2.63766,3.57935,2.540044,1.259114,2.521358,0.009758,1.567104
-4.672523,2,2.795298,2.879792,3.015574,3.094808,3.881886,4.308959,2.134468,2.567459,2.761106,3.332838,2.858422,3.142809,3.641554,3.528128,3.743473,3.379852,0.265879,3.167622,2.26878,3.286501,1.058405,2.47561,1.735919,2.183084,3.661824,2.620263,3.590625,2.54552,1.322581,2.465946,0.010402,1.687594
7.108675,2,2.995848,3.145768,3.11848,3.255248,3.879584,4.346767,2.369868,2.718694,2.971519,3.491635,3.037273,3.274646,3.700404,3.555087,3.756624,3.419963,0.548418,3.234955,2.325804,3.302287,1.055828,2.508794,1.806151,2.43985,3.705639,2.744296,3.600613,2.532634,1.280377,2.385726,0.007503,2.267169
12.759999,2,3.278591,3.469607,3.191138,3.396949,3.943037,4.367151,2.692392,3.087904,3.272016,3.674431,3.182919,3.37788,3.762213,3.633335,3.826981,3.497881,0.933405,3.278125,2.488175,3.274903,1.13798,2.547453,1.820648,2.716912,3.817108,2.777157,3.586437,2.568716,1.284887,2.383471,0.011047,2.978511
17.037019,2,3.331852,3.548841,3.488347,3.651746,3.986763,4.385234,2.844942,3.254262,3.417661,3.771419,3.384126,3.583362,3.836844,3.691198,3.907201,3.629061,1.049707,3.166011,2.461757,3.146359,1.131537,2.263626,1.045197,2.19436,3.830961,2.455636,3.468203,2.482698,1.274578,2.373162,0.008147,3.422133
18.732037,2,3.306208,3.52484,3.566923,3.795419,3.99827,4.39148,2.878806,3.307523,3.567581,3.727692,3.495251,3.646157,3.878269,3.725719,3.944352,3.664239,0.884436,3.013305,2.288755,2.968524,1.038753,1.995906,0.094487,0.330956,3.813886,1.94436,3.28489,2.35061,1.172452,2.197904,0.009114,3.724324
20.000896,2,3.295358,3.515964,3.571526,3.816789,3.990709,4.389836,2.872559,3.275632,3.613609,3.713884,3.526484,3.649116,3.887475,3.726706,3.941722,3.666869,0.802606,2.886049,2.230765,2.867042,0.935016,1.85512,0.129925,-0.000229,3.798422,1.719166,3.178253,2.233664,1.108341,2.096422,0.009758,3.759762
19.933195,2,3.294043,3.514649,3.569553,3.814159,3.986106,4.385891,2.862038,3.28944,3.611965,3.721117,3.532402,3.654376,3.886817,3.724076,3.942708,3.664239,0.74816,2.830315,2.134115,2.820972,0.843199,1.686628,0.125415,0.001059,3.782636,1.477542,3.115109,2.154412,0.98463,1.986563,0.008147,3.749453
20.852263,2,3.295358,3.509717,3.576129,3.815145,3.984462,4.387535,2.877819,3.310482,3.609992,3.740514,3.534046,3.656678,3.890105,3.723418,3.94501,3.668842,0.808083,2.840946,2.231409,2.828704,0.876704,1.728831,0.239462,-0.000874,3.803577,1.410532,3.105122,2.143458,1.02941,1.994295,0.009114,3.764273
20.676353,2,3.296345,3.512018,3.566594,3.812844,3.983147,4.386549,2.859408,3.303578,3.605061,3.747418,3.52484,3.654376,3.891091,3.724733,3.944681,3.668842,0.904088,2.852222,2.250739,2.829026,0.897967,1.799063,0.394745,0.001704,3.820007,1.428895,3.111565,2.135082,1.013947,1.993007,0.008791,3.749453
20.705395,2,3.290756,3.506429,3.551142,3.799364,3.97953,4.382275,2.839353,3.294043,3.613609,3.760569,3.522539,3.646814,3.878927,3.71487,3.937777,3.663582,0.847065,2.815495,2.230443,2.800675,0.882503,1.694037,0.345776,0.000093,3.80841,1.460145,3.095135,2.108342,0.928573,1.969489,0.008791,3.712082
21.750327,2,3.292071,3.49821,3.544895,3.803638,3.980188,4.384905,2.876504,3.317386,3.625116,3.769446,3.530758,3.643855,3.878598,3.717171,3.937448,3.665554,0.848676,2.818395,2.227865,2.810663,0.882181,1.733986,0.515235,0.002348,3.829672,1.445326,3.099323,2.110597,0.955635,1.950481,0.008147,3.736567
21.757502,2,3.298646,3.506758,3.554759,3.808898,3.976572,4.383261,2.864997,3.300947,3.639253,3.778323,3.536019,3.646814,3.88057,3.720788,3.942708,3.665554,0.947903,2.812918,2.265881,2.808085,0.887336,1.830635,0.510725,0.00267,3.825484,1.423741,3.095457,2.11994,1.006215,1.99494,0.007503,3.748487
21.855322,2,3.30555,3.505114,3.559361,3.810542,3.974599,4.381946,2.837052,3.323304,3.658979,3.783583,3.544567,3.65076,3.887803,3.721117,3.944352,3.667198,0.984952,2.82806,2.281667,2.839657,0.908599,1.852865,0.638302,0.072902,3.849647,1.466589,3.119619,2.091267,1.056795,2.047775,0.008469,3.771038
22.128367,2,3.310153,3.510375,3.555416,3.808241,3.968023,4.38096,2.861381,3.333825,3.671801,3.800679,3.539635,3.65076,3.885502,3.721117,3.941064,3.668842,1.055828,2.898292,2.302608,2.853188,0.935983,1.964978,0.921807,0.291652,3.878319,1.525867,3.131539,2.101576,1.090944,2.08869,0.005892,3.775871
22.540969,2,3.319359,3.513005,3.555087,3.809885,3.964407,4.381617,2.879792,3.347633,3.678376,3.809227,3.545882,3.650102,3.892077,3.72276,3.942708,3.666212,1.088367,2.945006,2.315494,2.878962,0.938882,1.979154,1.008148,0.382503,3.897327,1.625416,3.126385,2.104798,1.125094,2.116074,0.008147,3.782636
22.627211,2,3.321989,3.513662,3.55706,3.812515,3.965393,4.379973,2.923847,3.346647,3.691527,3.83257,3.560019,3.65339,3.900625,3.723747,3.943366,3.665226,1.104153,2.957248,2.3461,2.911178,0.959501,1.993329,1.132825,0.499127,3.91118,1.752994,3.137661,2.15119,1.115429,2.136692,0.007825,3.773938
22.658455,2,3.327578,3.517279,3.55969,3.817446,3.962434,4.379973,2.942587,3.344016,3.699089,3.849995,3.568567,3.653719,3.897995,3.721445,3.941722,3.66391,1.146679,2.983988,2.385726,2.947583,0.982697,2.032311,1.30164,0.695325,3.921812,1.875416,3.207248,2.294231,1.241073,2.279734,0.009758,3.795523
22.293554,2,3.328235,3.518594,3.556074,3.819748,3.959804,4.381617,2.940943,3.351249,3.701062,3.853282,3.574156,3.655034,3.895694,3.720459,3.942708,3.664897,1.144101,3.006539,2.436628,2.989142,1.022967,2.08128,1.482697,1.007825,3.940175,1.943071,3.283279,2.400868,1.42664,2.390559,0.009758,3.803899
21.924322,2,3.325277,3.516292,3.550485,3.814816,3.957832,4.381288,2.927792,3.34303,3.70139,3.850981,3.565608,3.651746,3.893721,3.719802,3.942051,3.662924,1.199192,3.001385,2.45467,2.984632,1.035209,2.100932,1.56195,1.323547,3.94082,2.106409,3.32806,2.435984,1.488174,2.387659,0.01008,3.77877
22.039151,2,3.326592,3.514977,3.549827,3.817118,3.956188,4.378987,2.927792,3.338427,3.706979,3.857556,3.574814,3.652732,3.895365,3.718486,3.940407,3.657993,1.241717,3.027158,2.462724,3.009117,1.069681,2.149579,1.752994,1.704347,3.951773,2.202414,3.398293,2.554219,1.579991,2.439528,0.01008,3.783603
21.542456,2,3.326592,3.51695,3.544567,3.817118,3.954873,4.380302,2.935025,3.340071,3.727034,3.861173,3.577773,3.652075,3.89142,3.714541,3.938434,3.659308,1.199192,3.032312,2.447582,3.000096,1.064849,2.144424,1.769424,1.839656,3.952095,2.1557,3.431153,2.581281,1.565816,2.448226,0.010402,3.804544
21.12811,2,3.326592,3.509717,3.537334,3.816789,3.95553,4.378658,2.948834,3.337112,3.728678,3.866762,3.585334,3.652075,3.892077,3.714541,3.939092,3.657335,1.194359,3.024903,2.428252,2.983021,1.060338,2.121551,1.760081,1.938239,3.943719,2.087723,3.444362,2.59159,1.623483,2.488819,0.01008,3.822585
21.369536,2,3.331852,3.515306,3.545553,3.819748,3.952242,4.376357,2.953765,3.351578,3.735254,3.874981,3.589608,3.654705,3.893064,3.716514,3.937448,3.65602,1.180506,3.023936,2.452737,3.007184,1.079668,2.146035,1.833857,2.259438,3.950162,2.050674,3.452416,2.620585,1.629282,2.516203,0.009758,3.817752
21.711141,2,3.330866,3.511361,3.542265,3.823036,3.952571,4.377014,2.96067,3.348619,3.735583,3.873666,3.588622,3.654376,3.879255,3.713555,3.938763,3.662267,1.158277,3.012016,2.454025,2.999452,1.073869,2.16311,1.85061,2.26878,3.950807,2.033922,3.456605,2.633472,1.658277,2.545198,0.009114,3.822907
22.15783,2,3.329551,3.507416,3.534704,3.818104,3.949284,4.376028,2.93371,3.342044,3.740843,3.866433,3.588951,3.653061,3.888132,3.705007,3.935475,3.651746,1.150867,3.00364,2.427608,3.005895,1.073547,2.135082,1.78521,2.077414,3.936631,2.100932,3.462081,2.621874,1.5932,2.521036,0.010402,3.829672
21.606957,2,3.332181,3.501826,3.531745,3.827638,3.947311,4.376357,2.926149,3.342701,3.755309,3.870379,3.589937,3.655034,3.891091,3.704678,3.935475,3.649445,1.175351,3.041333,2.46659,3.03489,1.101898,2.156667,1.811306,2.165687,3.941142,2.320005,3.47529,2.68534,1.642491,2.55293,0.010724,3.855446
22.092382,2,3.331523,3.498868,3.529772,3.833885,3.944681,4.377343,2.920559,3.345003,3.755638,3.868406,3.585663,3.656349,3.89142,3.70139,3.936133,3.650431,1.247838,3.045843,2.484953,3.049387,1.117684,2.209824,1.838367,2.273613,3.94533,2.415366,3.486888,2.70918,1.686628,2.609309,0.01008,3.876386
20.254099,2,3.332509,3.491635,3.524183,3.825008,3.943366,4.374384,2.924505,3.342373,3.751364,3.868406,3.577444,3.650102,3.879255,3.697116,3.929229,3.649445,1.216266,3.048099,2.483342,3.032957,1.113818,2.194038,1.827092,2.268458,3.941464,2.465623,3.485922,2.701448,1.620261,2.60641,0.009436,3.911825
21.389687,2,3.330208,3.49295,3.521224,3.813501,3.939092,4.372083,2.914313,3.338427,3.75235,3.881228,3.566266,3.647143,3.876625,3.691198,3.92627,3.647472,1.187916,3.042944,2.470134,3.007828,1.090944,2.150223,1.86253,2.270069,3.933732,2.363175,3.476901,2.704026,1.603831,2.599644,0.011047,3.899905
21.181651,2,3.328893,3.489333,3.517936,3.808898,3.935804,4.369781,2.898861,3.336783,3.74972,3.88057,3.566266,3.645171,3.874653,3.688897,3.923311,3.644842,1.217877,3.032312,2.464657,2.95757,1.080957,2.143458,1.861563,2.154089,3.912469,2.446938,3.468203,2.683729,1.631859,2.588368,0.010402,3.901838
21.673781,2,3.323633,3.47947,3.508402,3.802323,3.925612,4.362877,2.900504,3.331852,3.748733,3.886817,3.562978,3.645499,3.870379,3.681007,3.917064,3.64254,1.18115,3.008472,2.429219,2.935018,1.042941,2.135726,1.825159,1.836757,3.89185,2.565817,3.463048,2.698871,1.636692,2.512337,0.01008,3.873165
22.028288,2,3.317057,3.474867,3.516621,3.808898,3.928242,4.365836,2.876175,3.315085,3.748076,3.898653,3.556731,3.635965,3.857228,3.678705,3.916406,3.63465,1.228831,3.028124,2.474644,2.959825,1.06066,2.167943,1.830313,2.011048,3.881219,2.652479,3.477223,2.734309,1.640558,2.458858,0.009758,3.878319
21.742,2,3.313441,3.479799,3.528457,3.808898,3.924626,4.362548,2.861709,3.310153,3.753007,3.905557,3.550156,3.637938,3.861173,3.673774,3.912461,3.627746,1.25106,3.048421,2.503961,2.984954,1.061305,2.21369,1.886048,2.070004,3.880897,2.69726,3.524904,2.846423,1.63347,2.503317,0.009436,3.918912
21.822796,2,3.317057,3.471251,3.538649,3.801337,3.921338,4.363535,2.884066,3.310153,3.75761,3.910489,3.549169,3.633006,3.855255,3.668185,3.910489,3.624787,1.246228,3.044555,2.495585,3.001707,1.084501,2.226899,1.861563,1.982375,3.87091,2.754606,3.53779,2.899258,1.559694,2.498162,0.010402,3.91859
21.580485,2,3.321331,3.468949,3.542594,3.808898,3.917393,4.362548,2.944889,3.317057,3.762213,3.918708,3.553772,3.63202,3.860187,3.668185,3.910817,3.622157,1.276189,3.079671,2.514593,3.040044,1.104797,2.238497,2.016203,2.144747,3.885407,2.901513,3.570973,2.925676,1.569037,2.565495,0.007825,3.958861
21.587787,2,3.319359,3.464675,3.545882,3.803309,3.908187,4.361562,2.991903,3.313112,3.763528,3.919694,3.549827,3.625773,3.854269,3.652404,3.906543,3.621499,1.25847,3.073227,2.516203,3.022003,1.125094,2.244618,2.000417,2.155056,3.880897,2.929219,3.577417,2.904413,1.509114,2.562595,0.009758,3.972714
20.821324,2,3.3164,3.456127,3.540621,3.801665,3.900625,4.361233,2.990259,3.303249,3.760569,3.914434,3.546211,3.620842,3.843748,3.660294,3.905228,3.61854,1.275545,3.079993,2.525546,3.029735,1.144746,2.243651,2.059051,2.26878,3.87993,2.919232,3.579994,2.927609,1.531344,2.573549,0.011369,3.970459
20.606525,2,3.317057,3.456456,3.538978,3.79772,3.902927,4.360247,2.992889,3.284838,3.758268,3.914105,3.550485,3.617225,3.857556,3.662267,3.905557,3.611307,1.2749,3.078382,2.538433,3.047776,1.157954,2.26427,2.062272,2.24784,3.893139,2.919232,3.584827,2.94275,1.533277,2.580959,0.012335,3.954351
20.298818,2,3.315413,3.449223,3.531087,3.79509,3.89931,4.358274,2.983026,3.294372,3.754651,3.91279,3.550813,3.612293,3.849666,3.634979,3.904571,3.615581,1.280055,3.092557,2.538433,3.052287,1.150222,2.272002,2.064205,2.226899,3.889917,2.939529,3.586115,2.909567,1.502349,2.582247,0.010402,3.958861
20.373459,2,3.308509,3.440675,3.524183,3.785884,3.897667,4.356631,2.980396,3.278591,3.754651,3.911804,3.543909,3.611636,3.851967,3.635307,3.901283,3.61328,1.271357,3.082248,2.544232,3.041977,1.144746,2.276834,2.069038,2.27909,3.893139,2.945972,3.596424,2.914722,1.493006,2.57677,0.008469,3.94533
20.18439,2,3.305221,3.432456,3.505114,3.785884,3.898653,4.354658,2.977766,3.28155,3.752021,3.913776,3.542265,3.607691,3.84605,3.624129,3.901612,3.609992,1.271357,3.090624,2.558407,3.065173,1.155377,2.299386,2.06195,2.337724,3.892173,2.946616,3.583216,2.897969,1.483986,2.577737,0.012657,3.94082
20.369101,2,3.300619,3.41536,3.498539,3.785556,3.891091,4.350713,2.957711,3.272016,3.748405,3.910489,3.537005,3.604074,3.834214,3.608677,3.900625,3.61328,1.277478,3.093202,2.563239,3.070328,1.145712,2.328059,2.085146,2.379283,3.892173,2.936951,3.596424,2.900547,1.505571,2.581281,0.01008,3.941464
20.05413,2,3.299961,3.403195,3.487689,3.780295,3.880242,4.34348,2.94719,3.261495,3.742487,3.912461,3.527142,3.595855,3.833227,3.604403,3.892406,3.607033,1.25847,3.1048,2.547776,3.102222,1.192104,2.369618,2.138948,2.464979,3.889595,2.93373,3.599646,2.886371,1.52039,2.571616,0.008791,3.943397
19.672472,2,3.294043,3.394976,3.474538,3.769775,3.870707,4.335589,2.942916,3.277276,3.737555,3.909502,3.513662,3.580731,3.817118,3.588951,3.885831,3.589937,1.268779,3.088369,2.550353,3.116076,1.189204,2.378317,2.076125,2.460469,3.884441,2.943717,3.601579,2.90699,1.519102,2.572582,0.008469,3.958217
19.183233,2,3.279249,3.393332,3.444292,3.753336,3.855255,4.338219,2.956724,3.209549,3.732295,3.904899,3.502155,3.570868,3.801008,3.564293,3.877283,3.570211,1.269746,3.090947,2.56775,3.097712,1.171485,2.360275,2.067749,2.442427,3.879286,2.936307,3.596747,2.906024,1.50396,2.559374,0.012335,3.905059
19.398472,2,3.280564,3.41799,3.440018,3.74972,3.843419,4.335918,2.938313,3.22796,3.726377,3.898982,3.502155,3.555416,3.781939,3.552128,3.869392,3.557389,1.266846,3.093202,2.581603,3.134761,1.252349,2.412466,2.062917,2.518781,3.884118,2.92181,3.59578,2.891526,1.514269,2.552286,0.009758,3.903771
19.12725,2,3.267742,3.41536,3.441333,3.740514,3.828625,4.32737,2.943573,3.18522,3.722103,3.893721,3.487361,3.540293,3.774706,3.554101,3.869063,3.548512,1.267491,3.082892,2.584825,3.142815,1.284565,2.44436,2.048419,2.571938,3.88283,2.888304,3.595136,2.893137,1.495906,2.537466,0.010402,3.888307
18.593065,2,3.254591,3.41536,3.428182,3.733281,3.816789,4.319151,2.916614,3.173384,3.712897,3.885502,3.471908,3.533388,3.768131,3.551471,3.87005,3.540621,1.267168,3.073872,2.584502,3.130573,1.28972,2.446938,2.040365,2.586113,3.881219,2.901191,3.588692,2.88025,1.478509,2.519747,0.009114,3.896039
18.538656,2,3.250317,3.405168,3.407469,3.719473,3.823364,4.327699,2.916285,3.176343,3.709281,3.876625,3.450538,3.534375,3.766487,3.569224,3.864789,3.577115,1.267491,3.071617,2.59449,3.137016,1.317104,2.458536,2.056151,2.648936,3.869299,2.939851,3.592881,2.867042,1.47722,2.502672,0.010402,3.886374
17.912958,2,3.250974,3.394976,3.393661,3.704678,3.843419,4.329343,2.895244,3.197056,3.690212,3.875639,3.444292,3.540293,3.763857,3.555745,3.858543,3.588951,1.272001,3.072905,2.600611,3.133472,1.348354,2.496873,2.060339,2.652157,3.860923,2.936951,3.589981,2.864464,1.492362,2.496551,0.007825,3.860923
17.977671,2,3.248344,3.391359,3.381825,3.701062,3.837173,4.32474,2.880449,3.183576,3.686267,3.878598,3.435086,3.538978,3.755309,3.54095,3.849666,3.576786,1.268135,3.074516,2.599322,3.139916,1.351576,2.506538,2.064205,2.599322,3.857701,2.981088,3.594814,2.858987,1.504926,2.494296,0.011369,3.850935
17.727796,2,3.243084,3.373935,3.378537,3.699747,3.823036,4.323096,2.881436,3.176343,3.68002,3.876625,3.418976,3.526156,3.733939,3.535032,3.846378,3.558375,1.262658,3.06324,2.597711,3.134439,1.347065,2.503317,2.150546,2.588691,3.853513,3.048743,3.593847,2.826771,1.513303,2.488819,0.011047,3.880575
16.971471,2,3.233221,3.381825,3.350921,3.697445,3.828296,4.318164,2.858751,3.164508,3.679363,3.874981,3.393661,3.5061,3.727034,3.514649,3.837501,3.539964,1.249771,3.050998,2.589979,3.116076,1.350609,2.465623,2.087401,2.650224,3.841915,3.088369,3.599002,2.771036,1.475609,2.399579,0.01008,3.898938
16.212556,2,3.213823,3.36703,3.338756,3.688568,3.833885,4.30863,2.834093,3.100397,3.666212,3.868735,3.372291,3.497224,3.719473,3.498539,3.823364,3.531745,1.229797,3.037789,2.59449,3.112532,1.305184,2.452737,2.051641,2.630894,3.829995,3.111243,3.607378,2.746229,1.360596,2.376384,0.009436,3.890884
16.024921,2,3.194426,3.351249,3.316728,3.676733,3.794433,4.298767,2.832449,3.08626,3.657664,3.863146,3.351249,3.482758,3.696459,3.506429,3.807912,3.501826,1.214011,3.036823,2.595456,3.108021,1.354797,2.493652,2.039076,2.626384,3.827417,3.135405,3.610278,2.751062,1.324192,2.358987,0.009114,3.885085
15.669511,2,3.175028,3.322318,3.306865,3.66391,3.796734,4.279369,2.821928,3.095137,3.629718,3.849995,3.343359,3.472566,3.696788,3.450538,3.799035,3.509717,1.234308,3.03489,2.591268,3.107377,1.340622,2.482698,2.01588,2.615108,3.825806,3.144748,3.608667,2.714657,1.291975,2.296164,0.010402,3.874776
15.566963,2,3.151028,3.304893,3.299304,3.647801,3.794761,4.277726,2.822914,3.060287,3.618869,3.84868,3.309167,3.453497,3.678048,3.463689,3.785884,3.491306,1.233663,3.029413,2.590946,3.108344,1.345132,2.447904,2.006216,2.563562,3.822263,3.142171,3.62703,2.70918,1.208534,2.235597,0.009114,3.892817
15.093955,2,3.129987,3.296345,3.302263,3.633006,3.792131,4.284958,2.810421,3.045821,3.609663,3.840132,3.260509,3.411086,3.679363,3.429826,3.772734,3.438045,1.257181,3.020392,2.589979,3.119619,1.384759,2.457569,1.991074,2.551642,3.825484,3.146037,3.639917,2.710791,1.248483,2.216912,0.009436,3.912791
14.903958,2,3.106315,3.275303,3.249988,3.618869,3.77109,4.286602,2.774914,3.007355,3.595855,3.826652,3.237166,3.379195,3.657335,3.430154,3.765172,3.431798,1.268135,3.022003,2.598678,3.127029,1.44597,2.51717,2.037788,2.530056,3.821618,3.144104,3.643783,2.703704,1.22432,2.150546,0.009758,3.912791
13.939267,2,3.073438,3.253276,3.236508,3.588622,3.748405,4.288575,2.765051,2.97382,3.571526,3.806268,3.191796,3.352564,3.650431,3.39925,3.749391,3.432785,1.28231,2.995263,2.604799,3.11672,1.50396,2.533922,1.98012,2.474322,3.823229,3.127673,3.635407,2.701448,1.246872,2.138625,0.008791,3.914402
12.385121,2,3.047794,3.193768,3.232234,3.545224,3.683966,4.292191,2.701927,2.917929,3.535361,3.774049,3.073438,3.317715,3.622485,3.362756,3.734596,3.431141,1.281344,2.975289,2.593523,3.09449,1.454024,2.525868,1.823548,2.295198,3.814853,3.115109,3.628319,2.662466,1.186305,2.065816,0.004925,3.910214
10.619197,2,2.954423,3.134918,3.170097,3.507744,3.640568,4.319151,2.706858,2.7519,3.498868,3.725391,3.066863,3.264783,3.582047,3.375578,3.690541,3.424565,1.239784,2.910534,2.569038,3.053575,1.375094,2.499129,1.732053,1.756215,3.783603,3.101578,3.657958,2.632183,1.144101,1.89088,0.007181,3.85609
