-29.125853,1.992821,-0.976046,0.870670,1.427938,2.026960,3.978544,4.413508,1.093577,0.060904,1.417746,2.098303,1.304320,0.643160,2.643077,2.957053,3.839803,3.379195,0.835145,0.330956,0.726897,0.150544,0.826446,0.393779,0.618650,0.191459,3.907959,4.086761,2.841268,0.011047,0.814848,3.162790,3.051965,2.806797
-30.435767,2.490378,-1.034238,0.941027,1.636379,2.073974,4.010435,4.419754,1.100481,0.062219,1.489418,2.103563,1.334567,0.708585,2.672337,2.952121,3.870707,3.414045,0.817426,0.328701,0.696936,0.162464,0.765235,0.319681,0.600286,0.122838,3.831605,4.073230,2.800998,0.009114,0.738495,3.164400,3.008794,2.773614
-32.395076,3.048255,-1.111500,1.012699,1.705421,2.091727,4.054490,4.433563,1.094892,0.062219,1.563721,2.136769,1.353964,0.692147,2.668721,2.969546,3.897009,3.477169,0.800351,0.252026,0.658598,0.193392,0.703702,0.268779,0.527477,0.113817,3.799067,4.066786,2.764271,0.012013,0.606408,3.145715,2.988498,2.737209
-33.309434,3.612664,-1.101308,1.185633,1.847450,2.198249,4.077833,4.445727,1.059714,0.064192,1.639667,2.155838,1.376978,0.784203,2.686803,3.078698,3.935475,3.535690,0.803895,0.218843,0.642490,0.182761,0.675351,0.264590,0.521356,0.100931,3.795845,4.063243,2.754606,0.010080,0.570969,3.128962,2.983665,2.719812
-32.845449,2.808913,-1.125637,1.198455,1.852053,2.175893,4.083093,4.448029,1.070892,0.064192,1.661037,2.160769,1.376978,0.774668,2.684502,3.095137,3.950927,3.557060,0.818070,0.224642,0.656665,0.165686,0.686949,0.266846,0.504281,0.085467,3.804866,4.064531,2.753317,0.011047,0.531021,3.115109,2.978189,2.688562
-32.284830,1.656023,-1.101308,1.196483,1.851724,2.157153,4.083093,4.450001,1.073851,0.071753,1.620598,2.126248,1.331279,0.603707,2.648666,3.089219,3.957832,3.577773,0.734952,0.125415,0.593843,0.160853,0.585145,0.166008,0.403444,0.058727,3.713371,3.998487,2.739786,0.009758,0.139268,2.994619,2.851255,2.437595
-31.819934,1.208028,-1.089801,1.246785,1.887889,2.195290,4.090655,4.456248,1.092591,0.272305,1.652160,2.147947,1.348046,0.607323,2.634200,3.098753,3.967037,3.596512,0.698225,0.151511,0.573869,0.153444,0.570969,0.117039,0.367683,0.079346,3.658925,3.992688,2.737531,0.010402,0.072580,2.940173,2.788755,2.384116
-31.194478,0.796173,-1.093746,1.292484,1.902355,2.205811,4.083751,4.455262,1.116591,0.470554,1.688654,2.165043,1.331937,0.669790,2.668063,3.118151,3.971640,3.593554,0.718843,0.166974,0.600931,0.167619,0.589333,0.118005,0.409887,0.088044,3.678577,4.004608,2.743008,0.010080,0.071936,2.988498,2.785212,2.529090
-30.869996,0.175362,-1.077637,1.234949,1.853368,2.166359,4.073230,4.450659,1.069906,0.392964,1.659722,2.130194,1.302347,0.606337,2.660830,3.116836,3.970654,3.570868,0.723676,0.159565,0.606730,0.172451,0.592877,0.117683,0.407310,0.082245,3.702739,3.996232,2.739786,0.009436,0.075802,2.980122,2.838369,2.524257
-30.352974,-0.713946,-1.182515,1.272100,1.878026,2.196277,4.079477,4.454604,1.021576,0.453787,1.781367,2.141043,1.381581,0.645132,2.655241,3.131630,3.978873,3.576457,0.763946,0.169230,0.652477,0.181472,0.617683,0.122516,0.452413,0.084178,3.728512,4.004286,2.741719,0.009758,0.116072,3.025869,2.861887,2.565817
-30.404532,-2.652087,-1.298572,1.453911,1.876382,2.280442,4.089997,4.476303,1.307608,0.674722,2.017096,2.167016,1.447007,0.804258,2.760119,3.187850,3.988736,3.618211,0.787787,0.170840,0.691781,0.210145,0.645390,0.174062,0.465299,0.086433,3.781992,4.031993,2.744296,0.009436,0.287786,3.052609,2.917299,2.618008
-30.239953,0.041381,-1.370245,1.639338,2.095015,2.573048,4.160026,4.506550,1.749148,0.827272,2.367895,2.260387,1.578187,0.873958,2.764722,3.205604,4.017339,3.718486,0.848676,0.134758,0.726897,0.275222,0.716266,0.252348,0.511047,0.112851,3.903126,4.061954,2.753639,0.010724,0.531987,3.070006,2.969812,2.707247
-25.196483,3.129699,-1.713156,1.834300,2.350799,2.935025,4.200793,4.522331,1.893150,1.000535,2.913984,2.519130,1.739613,1.290511,2.762749,3.207577,4.025558,3.767473,0.860274,0.148611,0.791008,0.356085,0.816459,0.348031,0.583856,0.158920,3.946619,4.085794,2.793910,0.010080,0.658276,3.058408,2.987854,2.765237
-12.995266,6.988888,-1.925873,1.800436,2.487239,3.190809,4.162656,4.499975,2.105536,1.042618,3.081328,2.440225,1.687667,1.453582,2.843298,3.227632,4.018983,3.682322,0.753637,0.122194,0.769423,0.319681,0.831601,0.389913,0.591588,0.088366,3.866399,3.982379,2.784245,0.013302,0.589333,2.936629,2.888304,2.781023
-8.387625,12.565036,-1.759842,1.633091,2.248551,2.926806,3.925612,4.325069,1.701476,0.927547,2.788722,1.846793,1.358567,1.381252,2.851846,3.119137,3.862159,3.256563,0.521034,0.019745,0.618006,0.182761,0.711433,0.257181,0.491395,0.129281,3.618654,3.813242,2.972712,0.011691,0.549707,2.638304,2.772647,2.520391
-2.230042,24.053079,-1.493206,1.439774,2.108166,2.576336,3.480456,4.090326,1.710024,0.978836,2.414910,1.644598,1.454897,1.541364,2.834750,2.905436,3.506429,2.684502,0.300995,0.034887,0.309371,0.102219,0.508147,0.130248,0.418263,0.000415,3.112210,3.579672,2.938562,0.008791,0.248160,2.461757,1.921486,2.033277
2.325620,33.658782,-2.255305,0.777956,1.778737,2.630583,2.781489,3.826323,1.999343,1.107057,2.927792,0.993302,0.860478,1.179387,2.576336,2.489869,2.821271,2.162742,0.007181,0.000093,0.000093,0.000415,0.133147,0.000093,0.246227,-0.000229,1.810017,3.003640,2.689851,0.009758,0.292941,2.425353,0.011047,0.325480
3.306322,41.329716,-2.879977,0.058931,1.043604,2.642090,2.078248,3.684294,2.295237,1.051166,2.937656,1.521638,0.021123,0.656639,2.205154,1.938849,2.227839,1.914520,0.002026,0.109951,-0.000229,0.060660,0.038108,0.000093,0.173096,0.000093,0.387013,2.387337,2.453059,0.010080,0.175351,2.462724,0.009436,-0.000229
3.210841,47.537959,-2.923376,0.059918,1.055440,2.809435,2.153536,3.722432,2.312662,1.122180,2.982040,1.487446,0.006985,0.820696,2.289977,2.094358,2.282415,1.972712,0.000737,0.176962,-0.000551,0.073547,-0.000551,0.000093,0.192748,0.000415,0.094809,2.316461,2.465301,0.010080,0.233663,2.391847,0.009758,0.000415
3.107794,49.146976,-2.867812,0.062219,1.093248,2.984341,2.197921,3.748076,2.300168,1.111660,2.927792,1.678462,0.010931,0.898944,2.358361,2.120659,2.284716,2.003617,0.000093,0.211755,-0.000229,0.088044,0.001059,0.000093,0.235918,-0.000229,0.047129,2.332247,2.464013,0.009758,0.223031,2.483020,0.010724,-0.000874
1.593887,50.878927,-2.921732,0.062877,1.099166,2.994533,2.344224,3.777008,2.388608,1.197469,2.987958,1.679777,0.011588,1.104427,2.439896,2.222578,2.384991,2.055234,0.000093,0.246227,0.000415,0.100286,0.000415,0.001382,0.256214,0.000737,-0.000229,2.346422,2.461435,0.008469,0.287142,2.538433,0.009758,0.000415
1.100485,52.941910,-2.938170,0.062877,1.168866,3.033328,2.379074,3.797720,2.414910,1.187935,3.000780,1.730737,0.077343,1.137633,2.503020,2.239017,2.425101,2.068056,0.000415,0.301962,-0.000229,0.100286,0.000415,-0.000229,0.268779,0.000415,0.000415,2.320327,2.466912,0.008791,0.284565,2.551642,0.008469,0.001059
0.889555,55.299626,-2.872415,0.063863,1.207661,3.056342,2.407677,3.816460,2.439896,1.207003,3.000122,1.723504,0.053013,1.146838,2.509267,2.258414,2.469486,2.080220,-0.000229,0.308083,0.000093,0.100931,-0.000551,0.000093,0.287786,-0.000229,-0.000229,2.334180,2.472067,0.008791,0.265557,2.581603,0.010080,0.000415
0.328633,59.826002,-2.789235,0.066822,1.406568,3.129658,2.506308,3.851310,2.507294,1.276374,3.008341,1.870793,0.087863,1.197469,2.619405,2.368882,2.555952,2.125591,-0.000551,0.350286,-0.000874,0.108985,0.001704,-0.000551,0.325802,0.000093,-0.000874,2.411500,2.476577,0.009114,0.379603,2.647003,0.010402,0.000093
0.377746,60.210760,-2.732028,0.068795,1.546953,3.200015,2.594419,3.883201,2.608885,1.366458,3.060945,1.988493,0.085233,1.286566,2.686803,2.453705,2.642419,2.235401,-0.000229,0.361240,0.000093,0.108663,0.001382,-0.000874,0.376060,0.000093,0.026833,2.429219,2.492363,0.009436,0.427606,2.663111,0.010080,-0.000874
0.280453,61.772990,-2.575531,0.068137,1.586735,3.243413,2.683516,3.927913,2.684173,1.487774,3.079356,1.961205,0.097069,1.301032,2.778202,2.591788,2.751900,2.326470,0.000415,0.369938,0.000415,0.116717,0.008791,0.000093,0.399255,-0.000229,0.000415,2.472389,2.484953,0.009114,0.526189,2.689528,0.010724,0.000415
0.677625,62.424127,-2.566326,0.073069,1.607447,3.311139,2.745982,3.936133,2.743352,1.571282,3.082315,2.039124,0.124028,1.330622,2.808777,2.609542,2.827517,2.351128,-0.000229,0.384758,0.000415,0.111562,0.011047,-0.000229,0.416652,-0.000229,0.000093,2.437273,2.466912,0.009436,0.573869,2.716912,0.011691,-0.000229
0.873792,61.371237,-2.552517,0.074384,1.649859,3.390702,2.832778,3.970325,2.799572,1.801751,3.082972,2.104878,0.413348,1.442733,2.867956,2.687790,2.873874,2.460938,-0.000874,0.427606,0.000093,0.114784,0.012335,-0.000229,0.419874,0.000093,-0.000551,2.394103,2.454992,0.009436,0.668908,2.691139,0.009436,0.000093
1.048741,59.515218,-2.392075,0.074712,1.575885,3.405497,2.881765,3.993668,2.769982,1.823450,3.064561,2.137098,0.207536,1.501583,2.881107,2.725269,2.924176,2.478034,0.009758,0.618972,0.000415,0.120905,0.031665,-0.000551,0.432116,-0.000229,-0.000874,2.421809,2.472389,0.147322,0.645390,2.620585,0.010724,0.000093
-0.607592,56.225373,-2.228345,0.215756,1.520980,3.403195,2.897546,3.999585,2.798585,1.798135,3.073438,2.215345,0.567213,1.491062,2.890313,2.733489,2.952779,2.519459,0.011369,0.746549,0.000415,0.110918,0.031665,-0.000229,0.429861,0.000415,-0.000229,2.400868,2.462402,0.250093,0.571292,2.599644,0.010080,0.000737
-3.458214,54.510815,-2.246428,0.666174,1.594625,3.381496,2.964944,4.042654,2.865655,2.134797,3.118480,2.176879,0.895656,1.783011,2.927135,2.795955,3.095794,2.694365,0.012335,0.809372,0.000093,0.122194,0.039719,-0.000229,0.421163,0.000093,-0.000229,2.494940,2.642170,0.283920,0.576446,2.627028,0.010724,0.000415
-3.167051,49.742553,-1.941325,1.121852,2.044056,3.475525,2.993875,4.104792,2.968889,2.311675,3.172727,2.150906,1.176428,1.983233,2.977766,2.933382,3.225659,2.802531,0.011047,0.791975,-0.000551,0.135402,0.029732,-0.000229,0.432116,-0.000229,-0.000551,2.482054,2.640237,0.292941,0.531343,2.619941,0.011047,-0.000874
0.875511,31.621906,-1.853543,1.615338,2.336991,3.523525,3.335468,4.165286,3.119466,2.500061,3.315413,2.323840,1.702462,2.318580,3.179960,3.044835,3.481443,3.049438,0.013624,0.892168,-0.000874,0.189526,0.040364,0.000415,0.407310,0.001704,0.109951,2.551964,2.645714,0.335145,0.567748,2.691784,0.011047,-0.000229
3.625316,18.967167,-1.762143,1.834628,2.482636,3.488018,3.547854,4.244520,2.943902,2.423129,3.256892,2.178523,1.907287,2.360991,3.156617,3.058972,3.585334,3.123082,0.012657,0.937593,0.000093,0.291974,0.030376,0.001382,0.331601,0.001059,0.351575,2.661178,2.699515,0.274255,0.496227,2.829026,0.012013,-0.000551
21.152899,3.685099,-1.717101,1.814573,2.565816,3.499525,3.716514,4.260301,2.916943,2.462581,3.265440,2.238031,1.894136,2.333046,3.131630,3.053712,3.743802,3.152014,0.089333,0.931150,0.000415,0.392490,0.120905,0.000093,0.335467,0.000093,1.837079,3.211437,2.826449,0.497838,0.314526,2.903446,0.012335,1.502671
29.993357,2.835859,-1.792391,1.446678,2.414910,3.393661,3.417990,4.166930,2.847901,2.311347,3.228618,2.327456,1.878026,2.230798,3.100397,2.954423,3.464347,2.914970,0.183083,1.281021,0.000093,0.262013,0.249449,0.000415,0.438237,0.214333,1.596099,3.297455,2.874129,1.460468,1.050673,3.108666,0.012980,1.905056
32.173671,2.251475,-1.923243,0.262441,2.152550,3.396291,3.113548,4.071586,3.234536,2.350470,3.166480,2.224880,1.528871,2.191345,2.968231,2.828175,3.127356,2.647022,0.037464,1.207568,0.000093,0.230441,0.321292,-0.000551,0.350931,0.147322,0.358663,2.848678,2.935341,1.243006,0.982697,2.903124,0.013302,1.772968
34.365778,0.962741,-2.038642,0.172687,2.055234,3.381825,3.080342,4.059422,3.149055,2.202195,3.168453,2.202523,1.276045,2.077919,2.902148,2.761763,3.087904,2.589816,0.000093,0.880570,-0.000551,0.158276,0.533598,0.028121,0.264590,0.152155,0.127026,2.597389,2.679863,0.735918,0.927606,2.825804,0.012657,1.654089
35.367816,0.411918,-2.027793,0.176632,2.028932,3.372620,3.076726,4.059422,3.143795,2.173920,3.158261,2.155509,1.285909,2.035179,2.879792,2.749927,3.079685,2.575021,0.000093,0.610274,-0.000551,0.174062,0.662142,0.102864,0.174706,0.089011,-0.000229,2.221422,2.501706,0.473353,0.764913,2.819361,0.617361,1.528122
36.821000,0.661758,-1.931791,0.624091,2.244935,3.428839,3.129329,4.089997,3.195083,2.297538,3.158261,2.234743,1.448322,2.075618,2.904450,2.772284,3.110918,2.582912,0.000415,0.439526,0.000737,0.159242,0.788753,0.200480,0.150866,0.046807,-0.000229,1.996551,2.318716,0.058083,0.677606,2.794876,0.720776,1.498483
38.316664,1.104238,-1.801268,0.923273,2.439896,3.474210,3.185220,4.116299,3.305550,2.481650,3.277933,2.309374,1.657749,2.205482,3.022478,2.890313,3.187850,2.681543,-0.000551,0.351575,-0.000229,0.167297,0.846421,0.240106,0.144745,0.048096,-0.000229,1.932440,2.175030,0.010080,0.591588,2.775547,0.716910,1.534566
39.599149,1.433702,-1.818693,1.144537,2.501376,3.537005,3.275632,4.129779,3.350921,2.592117,3.356510,2.306415,1.783011,2.203838,3.067849,2.932395,3.225001,2.735133,0.000415,0.287464,-0.000551,0.137335,0.845454,0.246227,0.147645,0.051962,0.000737,1.784566,2.025545,0.007825,0.575802,2.773291,0.640557,1.558728
42.140364,1.165074,-1.833816,1.135989,2.533596,3.528128,3.286153,4.137669,3.376565,2.618748,3.373277,2.297867,1.654790,2.237702,3.092507,2.926149,3.246700,2.791681,-0.000874,0.246549,-0.000229,0.137335,0.832890,0.266846,0.142490,0.049062,0.000093,1.534243,1.981087,0.007825,0.558083,2.765559,0.582890,1.531666
43.632725,2.170479,-1.860776,1.101139,2.552336,3.551800,3.303906,4.141286,3.382483,2.622693,3.391359,2.289648,1.652489,2.278470,3.111247,2.933053,3.260509,2.802202,0.000093,0.208856,-0.000551,0.146356,0.864462,0.313237,0.145712,0.061626,-0.000551,1.226898,1.880249,0.007825,0.600931,2.785534,0.582245,1.506537
45.909764,0.956300,-1.881488,1.116262,2.559240,3.563964,3.315742,4.146546,3.385442,2.618090,3.405168,2.321867,1.672873,2.296223,3.114534,2.922532,3.278920,2.810092,0.000093,0.230119,-0.000551,0.150544,0.878637,0.403766,0.149255,0.054861,-0.000551,1.214011,1.829347,0.007181,0.653122,2.796809,0.627026,1.561627
45.444290,2.457852,-1.879845,1.115934,2.543788,3.549169,3.292728,4.135697,3.393990,2.611843,3.389716,2.337320,1.671229,2.310032,3.107959,2.916614,3.273002,2.804832,0.000415,0.263946,0.000093,0.171807,0.946614,0.453701,0.157632,0.089011,0.000093,1.208856,1.778445,0.006858,0.780377,2.826449,0.703379,1.654089
41.245591,0.535440,-1.896283,1.035056,2.526363,3.536347,3.276947,4.129779,3.403524,2.610200,3.387414,2.363292,1.646242,2.279456,3.098425,2.916614,3.260180,2.780832,0.000415,0.249449,0.000093,0.161498,0.958534,0.493006,0.168585,0.142812,0.000093,1.410854,1.831280,0.006858,0.918263,2.891204,0.800351,1.686305
42.436464,-1.257593,-1.874913,0.982452,2.484609,3.516950,3.246700,4.117285,3.378209,2.600008,3.370647,2.330415,1.660051,2.296881,3.077712,2.903135,3.239139,2.741051,-0.000551,0.293263,-0.000229,0.197580,1.011047,0.516846,0.195003,0.138302,0.000415,1.438238,1.828702,0.006858,0.977542,2.915366,0.993972,1.721744
42.128816,-0.340718,-1.824282,0.934123,2.382032,3.449552,3.207577,4.104463,3.405168,2.598364,3.303249,2.280113,1.792546,2.325484,3.066534,2.885381,3.233878,2.747626,-0.000229,0.309371,0.000415,0.266201,1.054217,0.530377,0.191781,0.122194,-0.000229,1.239462,1.651512,0.007825,0.980441,2.893137,1.187916,1.696937
41.515198,-1.447643,-1.683238,1.051494,2.299840,3.415688,3.164508,4.080463,3.357496,2.524719,3.196727,2.381046,1.830354,2.279127,3.025766,2.823572,3.190809,2.723954,0.000093,0.294230,-0.000229,0.256859,1.038753,0.514913,0.188882,0.130892,0.000093,1.423419,1.764269,0.007825,0.745261,2.836758,1.235596,1.661176
43.132539,-2.113505,-1.621757,1.336539,2.307073,3.372291,3.141494,4.054161,3.382154,2.510582,3.168124,2.436608,1.983233,2.298196,3.010314,2.805161,3.183905,2.726256,0.000093,0.293263,-0.000229,0.264268,1.082890,0.548418,0.204023,0.147645,0.000415,1.541653,1.760726,0.027799,0.789397,2.815817,1.311627,1.678251
42.072918,-1.724975,-1.615181,1.322402,2.227839,3.343359,3.113219,4.033449,3.395633,2.527349,3.151028,2.432006,2.034521,2.328772,2.997492,2.785435,3.184891,2.704228,-0.000551,0.329023,0.000415,0.296163,1.105441,0.572258,0.248804,0.135402,-0.000229,1.236241,1.652478,0.296485,0.829024,2.753639,1.374449,1.662143
41.988579,-3.014289,-1.625045,1.392102,2.193318,3.307852,3.062589,4.016682,3.371962,2.529322,3.126041,2.381375,1.948383,2.312991,2.983355,2.768339,3.172727,2.694694,-0.000229,0.323225,0.000093,0.267812,1.065493,0.577735,0.307438,0.157309,-0.000551,1.486241,1.812594,0.297773,0.809694,2.747196,1.423419,1.671486
40.346927,-4.897059,-1.602030,1.582132,2.278141,3.256892,3.095794,3.984791,3.415360,2.540171,3.147083,2.528007,2.143016,2.505979,3.001766,2.764064,3.178973,2.705872,-0.000229,0.470776,0.000093,0.307438,1.177284,0.624771,0.372194,0.190170,0.000093,1.839656,1.932762,0.774256,0.911176,2.822261,1.866718,1.783599
37.874320,-4.298892,-1.539563,1.737641,2.303785,3.140178,3.075082,3.931859,3.480456,2.547404,3.088233,2.582254,2.317922,2.534911,2.987300,2.744667,3.163850,2.693707,0.000415,0.669874,-0.000229,0.370261,1.219166,0.684694,0.475286,0.242039,0.236240,2.090623,2.111886,1.288431,1.256859,3.044555,2.209180,2.100288
38.526345,-5.761378,-1.577701,1.694243,2.285374,3.130315,2.983026,3.895365,3.417990,2.554637,3.091192,2.663132,2.206797,2.409978,2.960670,2.711790,3.131959,2.668392,0.000415,0.780377,0.000093,0.354152,1.138624,0.629926,0.460145,0.223353,0.237206,2.179863,2.144747,1.374772,1.268135,3.042622,2.182118,2.095455
30.587090,0.310234,-1.631949,1.460158,2.176879,3.100397,2.866641,3.867748,3.360126,2.474417,3.068506,2.479677,2.058522,2.365594,2.899189,2.692064,3.109274,2.719023,-0.000551,0.827735,-0.000229,0.284243,1.030377,0.528122,0.437593,0.216910,0.580634,2.316139,2.276512,1.351898,1.281988,3.063885,2.074515,2.042298
22.683598,1.074135,-1.748992,1.171825,1.919451,3.088890,2.810750,3.858872,3.186206,2.281100,3.087575,2.543130,1.800765,2.195619,2.805490,2.591460,3.058972,2.679570,0.000093,0.894423,0.000093,0.222065,0.619294,0.122516,0.359307,0.209178,0.057116,2.349644,2.683085,1.219810,1.099642,2.863820,1.397967,1.911499
-2.096707,6.755876,-1.592496,1.570296,1.871451,2.589158,2.710804,3.732624,2.867299,2.043069,2.915299,2.317593,1.897752,2.194304,2.749927,2.556610,3.006040,2.604611,0.014913,1.052606,0.000093,0.293263,0.180183,0.000737,0.168263,0.105763,-0.000229,2.583214,3.055508,1.274900,1.016846,2.662466,0.781988,1.500416
0.815182,-4.826346,-1.364985,1.675832,2.056549,2.514198,2.960341,3.886160,2.533596,1.782025,2.663789,2.181811,2.111783,2.063124,2.769982,2.766695,3.209549,2.760119,0.010724,0.855441,-0.000229,0.276511,0.261369,0.000093,0.229474,0.134758,0.065170,2.684052,2.842557,1.526834,1.327735,2.688562,0.646034,1.594810
-5.248753,-21.731758,-1.153912,1.368102,1.905314,2.333703,3.330537,4.010106,1.952986,1.079111,2.205811,2.003288,1.667612,1.376650,2.659187,2.886039,3.503799,3.028068,0.190815,0.679539,0.000093,0.083856,0.355119,0.034242,0.331923,0.137657,1.397001,3.139594,2.710469,1.219488,0.956923,3.077416,1.971744,1.707890
-3.090009,-38.340706,-1.384053,0.656968,1.639667,2.270250,3.748405,4.277068,1.608762,0.553734,1.889533,2.078577,1.512432,0.852916,2.193647,2.828175,3.714870,3.209549,0.468843,0.561949,0.455312,-0.000551,0.605441,0.253959,0.567103,0.410853,2.970135,3.809376,2.878640,0.369938,0.148611,3.332571,2.672776,2.199193
-1.045098,-42.551933,-1.502083,0.438335,1.553529,2.277483,3.823364,4.370439,1.364485,0.059260,1.565036,2.092714,1.365800,0.481733,1.966794,2.774914,3.717171,3.363414,0.663753,0.430828,0.615106,0.044230,0.709500,0.331601,0.610596,0.482696,3.472069,3.978513,2.884761,0.011369,-0.000229,3.626386,2.990753,2.598678
-0.469475,-44.786969,-1.443562,0.347922,1.542350,2.253812,3.843419,4.392795,1.255004,0.057945,1.502240,2.079563,1.232976,0.266715,1.848437,2.787736,3.716185,3.377880,0.684694,0.352219,0.669230,0.432761,0.691781,0.327090,0.577091,0.545518,3.586115,3.995910,2.942106,0.012013,0.625093,3.737533,3.125740,2.728510
-0.003718,-47.647055,-1.452438,0.330826,1.550241,2.241976,3.853282,4.393782,1.196483,0.057287,1.509145,2.088111,1.223442,0.214112,1.901040,2.841983,3.727363,3.375578,0.768457,0.365106,0.742039,0.594488,0.706601,0.339011,0.595776,0.585145,3.827739,4.067753,2.975933,0.011369,0.856730,3.830317,3.248486,2.878317
0.611411,-51.814146,-1.460000,0.276579,1.541693,2.241318,3.865447,4.404302,1.042289,0.056301,1.517364,2.086138,1.212593,0.224633,1.885259,2.844942,3.747418,3.394318,0.821936,0.377348,0.767168,0.634114,0.722387,0.355441,0.598676,0.596098,3.971425,4.100936,2.989787,0.011369,0.956279,3.897005,3.338048,2.960470
1.073442,-56.942279,-1.442246,0.237126,1.536761,2.198249,3.881228,4.405289,1.111988,0.056301,1.499610,2.078248,1.129413,0.042164,1.852711,2.855134,3.752679,3.393661,0.897967,0.405699,0.808405,0.657954,0.786176,0.417297,0.610918,0.623482,4.094493,4.133797,3.002995,0.012013,1.088045,3.964660,3.390238,3.110921
1.433929,-59.723745,-1.440931,0.241071,1.552542,2.189701,3.895036,4.408905,1.128756,0.056959,1.496651,2.062138,1.092920,0.000739,1.831669,2.898203,3.767145,3.402866,0.946614,0.412142,0.844488,0.669230,0.827735,0.430183,0.613495,0.627348,4.145717,4.157959,3.019426,0.011691,1.107052,3.981090,3.423422,3.106088
1.329268,-59.844366,-1.374519,0.053342,1.476925,2.151235,3.890105,4.406604,1.092591,0.055972,1.430568,2.060823,0.903547,0.000081,1.783997,2.894587,3.762542,3.397935,0.956601,0.377993,0.861562,0.656665,0.830312,0.416008,0.607696,0.615428,4.161825,4.177612,3.022003,0.012013,1.081923,3.981735,3.418589,3.054220
1.476246,-61.440954,-1.368601,0.054329,1.462459,2.139399,3.884187,4.402001,1.090289,0.055972,1.422678,2.062796,0.931493,0.001396,1.855012,2.943245,3.767802,3.392017,0.968199,0.402799,0.888624,0.666330,0.837722,0.425029,0.610918,0.609629,4.157959,4.198874,3.017493,0.011369,1.110918,3.977547,3.409246,3.046810
2.030752,-62.025295,-1.403122,0.308470,1.558131,2.154194,3.889118,4.402330,1.076481,0.057287,1.461144,2.064768,0.911109,0.000081,1.826738,2.960341,3.777336,3.399250,0.995261,0.413109,0.924707,0.675029,0.879604,0.458212,0.611884,0.624449,4.178900,4.205318,3.023936,0.012013,1.221099,3.995588,3.428576,3.099001
2.498761,-64.739026,-1.398191,0.311429,1.589036,2.152879,3.887475,4.403645,1.035056,0.056301,1.454897,2.055891,0.841080,0.001725,1.865204,2.980396,3.779638,3.394647,1.002671,0.402799,0.946614,0.675995,0.886047,0.462722,0.609951,0.628637,4.197264,4.206606,3.023614,0.011047,1.360596,4.007830,3.436952,3.097712
1.755966,-65.643240,-1.376820,0.306168,1.592981,2.151564,3.893393,4.401672,0.976206,0.055315,1.430239,2.040110,0.832532,0.000739,1.865204,3.016561,3.787528,3.379524,1.008148,0.406343,0.963689,0.676640,0.904088,0.487851,0.613495,0.626704,4.204029,4.210150,3.020715,0.011369,1.391202,4.022005,3.461115,3.105122
2.415168,-70.308759,-1.381423,0.317346,1.615338,2.140057,3.905228,4.404631,0.911766,0.056301,1.437801,2.036823,0.853902,0.000410,1.866190,3.027739,3.794433,3.393990,1.003637,0.400866,0.975931,0.677284,0.914075,0.485918,0.599320,0.622838,4.204029,4.204029,3.022648,0.012013,1.368973,4.027482,3.467558,3.110277
2.102623,-71.250684,-1.356765,0.111864,1.576543,2.116714,3.897338,4.404960,0.812477,0.054657,1.408540,2.003288,0.809847,-0.000576,1.829368,3.031684,3.805939,3.395962,1.005892,0.397000,0.992684,0.674707,0.914720,0.480441,0.599964,0.612851,4.214338,4.196619,3.021681,0.011691,1.361563,4.039080,3.469491,3.103833
1.255480,-69.947970,-1.438630,0.322607,1.657092,2.181811,3.932516,4.412522,0.839765,0.056630,1.495994,2.034521,0.823655,0.000081,1.873423,3.062260,3.828296,3.411743,1.000416,0.409243,0.999127,0.679539,0.929217,0.489140,0.604475,0.617683,4.214016,4.203063,3.019748,0.011369,1.457890,4.054222,3.498808,3.088369
2.323588,-68.843713,-1.469206,0.472198,1.734353,2.235729,3.940078,4.414165,0.927219,0.057616,1.526898,2.037480,0.863437,0.001067,2.012822,3.090534,3.828953,3.428839,0.971099,0.418263,0.999127,0.683083,0.939204,0.493006,0.608985,0.628637,4.213050,4.203707,3.012338,0.012013,1.485919,4.056477,3.523937,3.119619
0.027885,-59.767316,-1.509974,0.583323,1.777093,2.247236,3.942379,4.411206,1.074508,0.059260,1.569967,2.027946,0.921629,0.084576,2.120331,3.126699,3.823036,3.413387,0.937593,0.448225,0.981730,0.692104,0.945003,0.529732,0.613173,0.643457,4.200163,4.196941,2.989464,0.011047,1.545197,4.059054,3.539079,3.167622
-3.683306,-40.876522,-1.411670,0.617515,1.752435,2.215017,3.936790,4.397727,1.164921,0.056959,1.487117,1.988165,0.936753,0.103644,2.260058,3.108945,3.792460,3.394976,0.866395,0.424384,0.889913,0.684049,0.889269,0.494294,0.586433,0.595454,4.137341,4.152160,2.946616,0.013946,1.453058,4.034570,3.478190,3.119619
-11.461046,-20.283308,-1.246297,0.416636,1.556488,2.050960,3.834543,4.370110,1.074180,0.055972,1.301690,1.843834,0.879547,0.104302,2.240990,2.987629,3.681993,3.303578,0.746227,0.394101,0.732374,0.616395,0.787464,0.416008,0.540364,0.491395,3.911503,4.057444,2.886371,0.013624,1.156988,3.947263,3.349001,2.868975
-16.275713,-7.115422,-1.033252,0.187153,1.273415,1.850409,3.756953,4.298438,0.856533,0.050712,1.084043,1.739285,1.008754,0.112850,2.093371,2.817325,3.605061,3.235851,0.620905,0.338044,0.623805,0.506859,0.693392,0.267490,0.448225,0.390879,3.655381,3.970781,2.802286,0.011691,0.800029,3.797456,3.206604,2.544876
-19.484540,-2.952818,-0.907990,0.398224,1.246456,1.727449,3.801665,4.356959,1.065632,0.051041,0.958123,1.802409,1.056426,0.123042,2.097317,2.747955,3.657335,3.274646,0.486562,0.218199,0.507181,0.397322,0.574191,0.198869,0.378637,0.344487,3.529092,3.914080,2.780057,0.011369,0.399255,3.629930,3.053575,2.315172
-19.637975,-5.174371,-1.079609,0.504747,1.305306,1.788272,3.825008,4.372412,1.057083,0.053013,1.131715,1.949698,1.117906,0.441951,2.213702,2.749927,3.686596,3.335797,0.508792,0.229474,0.522323,0.402155,0.574835,0.215299,0.438560,0.384436,3.557120,3.928255,2.780379,0.010724,0.437271,3.636051,3.063563,2.499773
-21.533775,-4.018995,-1.121363,0.611269,1.318457,1.800765,3.887803,4.399371,1.054125,0.057616,1.175770,1.984877,1.131057,0.524144,2.313977,2.790695,3.725719,3.394318,0.617683,0.183083,0.589011,0.392168,0.612207,0.251382,0.456279,0.411498,3.664401,3.960150,2.805830,0.010724,0.403766,3.643461,3.148614,2.567750
-23.917608,-3.183929,-1.136487,0.667160,1.315498,1.815560,3.910817,4.411206,1.074837,0.053671,1.189907,2.000000,1.143222,0.526117,2.364608,2.816997,3.747090,3.415360,0.621872,0.152477,0.608663,0.318714,0.616717,0.259758,0.507181,0.403444,3.701773,3.966271,2.820328,0.011047,0.335145,3.557442,3.104478,2.563562
-25.515153,-2.615599,-0.890236,0.740147,1.392102,1.914520,3.959147,4.424357,1.098837,0.057616,1.287224,2.040768,1.222456,0.619159,2.459294,2.853161,3.791474,3.450867,0.714977,0.330956,0.676962,0.421163,0.653444,0.272645,0.580634,0.439848,3.814208,4.004931,2.846745,0.011047,0.622194,3.640239,3.167622,2.791010
-24.821458,-3.542349,-0.936593,0.916698,1.565364,1.992767,3.987092,4.431261,1.134345,0.060246,1.403938,2.090741,1.317799,0.754613,2.576336,2.941930,3.818762,3.483744,0.816459,0.391846,0.751382,0.471098,0.809050,0.460789,0.721098,0.466588,3.979802,4.059377,2.858665,0.010402,1.100931,3.700806,3.264916,3.100612
-25.040824,-3.159133,-0.950401,0.848642,1.518350,1.969753,3.971311,4.429289,1.073193,0.059260,1.401307,2.079563,1.315169,0.731928,2.519459,2.938313,3.821720,3.467963,0.842877,0.484629,0.811627,0.356085,0.906666,0.568714,0.793586,0.445969,4.037792,4.078062,2.854799,0.010724,1.312594,3.697585,3.306798,3.183730
-26.272773,-0.549475,-0.981635,0.998891,1.645585,2.010850,3.978873,4.428303,1.158345,0.062219,1.483500,2.098960,1.339170,0.753956,2.644392,2.949820,3.822707,3.466977,0.821614,0.424062,0.805828,0.121549,0.879926,0.566137,0.743006,0.426962,4.049067,4.072908,2.848678,0.010724,1.101898,3.642494,3.275870,3.131862
-29.370524,3.178832,-1.053636,1.068262,1.678133,2.063782,4.008791,4.435864,1.157030,0.061562,1.551885,2.160112,1.406568,0.787162,2.677269,2.952450,3.841775,3.482429,0.800995,0.461755,0.739140,0.048418,0.836434,0.480763,0.696292,0.386691,4.001065,4.059699,2.851255,0.011047,0.898934,3.581927,3.248163,3.108666
-29.961945,2.058891,-1.120706,1.155715,1.716599,2.105207,4.032134,4.443755,1.125797,0.062548,1.645256,2.193647,1.451281,0.821683,2.681872,2.970861,3.862817,3.507087,0.777477,0.384114,0.686627,0.271356,0.751382,0.327090,0.580312,0.305828,3.840948,4.041980,2.811629,0.011047,0.639913,3.453061,3.188885,2.859954
-32.555608,7.423855,-1.083554,1.392102,1.841861,2.245592,4.078490,4.462823,1.160318,0.519213,1.767230,2.195619,1.448979,0.816422,2.681543,3.065219,3.906872,3.588293,0.767490,0.283920,0.625415,0.193070,0.654088,0.255248,0.497516,0.204990,3.752353,4.025871,2.757827,0.010724,0.471098,3.389916,3.098679,2.773936
-32.871911,4.463209,-1.140432,1.431226,1.880656,2.252825,4.094600,4.465125,1.163934,0.533350,1.855670,2.229811,1.541693,0.807874,2.680557,3.073438,3.932187,3.623143,0.807439,0.230119,0.687915,0.170840,0.679539,0.268779,0.548740,0.190492,3.839015,4.036181,2.749773,0.010724,0.485596,3.461115,3.125418,2.825804
-32.759636,3.390832,-1.153254,1.392431,1.870464,2.238359,4.107094,4.473344,1.111002,0.431102,1.817532,2.223894,1.467391,0.788477,2.628611,3.070150,3.943694,3.665883,0.815815,0.145712,0.657954,0.291008,0.625738,0.203057,0.479152,0.129603,3.834183,4.025871,2.769748,0.009436,0.148289,3.522004,3.196617,2.749129
-32.385346,2.746229,-1.224270,1.411171,1.902684,2.269593,4.114326,4.480577,1.133687,0.450170,1.902684,2.229483,1.482185,0.799984,2.624666,3.081000,3.952900,3.683966,0.811627,0.168907,0.643779,0.312593,0.601897,0.190492,0.474642,0.124771,3.822585,4.029415,2.773614,0.010402,0.181472,3.422455,3.173421,2.742041
-32.174148,1.966779,-1.172652,1.365800,1.882629,2.259072,4.100847,4.473015,1.131715,0.347593,1.834957,2.204496,1.439774,0.800641,2.598693,3.093493,3.954873,3.677390,0.779410,0.149900,0.607052,0.256536,0.541008,0.107374,0.436627,0.100608,3.760407,3.999454,2.739142,0.010402,0.002992,3.303898,3.039078,2.650546
-31.738016,-0.245629,-1.178570,1.400979,1.902355,2.257099,4.099532,4.472687,1.200428,0.425841,1.845478,2.225209,1.457199,0.812806,2.632227,3.102041,3.959475,3.678048,0.787787,0.144423,0.635725,0.257503,0.550029,0.106085,0.458212,0.108985,3.783603,4.010730,2.735920,0.010080,-0.000551,3.346102,3.034890,2.722389
-30.566871,-2.008180,-1.284764,1.452267,1.928986,2.290634,4.106765,4.484851,1.104098,0.546829,1.986521,2.221263,1.459500,0.839765,2.646364,3.118151,3.963092,3.703034,0.797452,0.138302,0.662464,0.260080,0.563560,0.106407,0.478508,0.118650,3.819685,4.023294,2.739786,0.011369,-0.000874,3.375097,3.036823,2.763626
-28.417201,-1.819247,-1.387012,1.467062,1.920766,2.319566,4.118272,4.487481,1.361197,0.630666,2.140057,2.273867,1.551556,0.865081,2.654912,3.127685,3.969010,3.702048,0.809372,0.126059,0.700158,0.263302,0.585789,0.162786,0.531987,0.128637,3.864789,4.025871,2.741075,0.012657,0.105763,3.392816,3.101256,2.799065
-25.639088,-0.028517,-1.564221,1.504213,2.006247,2.585871,4.119258,4.493070,1.547611,0.703325,2.368224,2.306744,1.591666,0.987713,2.655899,3.112890,3.980846,3.701062,0.820325,0.092876,0.736562,0.309049,0.680183,0.233985,0.622516,0.218843,3.914080,4.034570,2.774258,0.010402,0.398933,3.389272,3.167944,2.941784
-18.689877,1.086087,-2.007409,1.483829,2.119015,2.725269,4.108737,4.479591,1.286566,0.669790,2.753544,2.246907,1.515720,1.002507,2.677926,3.116507,3.978873,3.662267,0.802928,0.049062,0.795196,0.405377,0.772001,0.339333,0.613173,0.262980,3.919557,4.022650,2.830315,0.012013,0.569036,3.346746,3.175676,3.048421
-8.701275,9.850373,-1.963682,1.620927,2.288333,2.971848,4.042983,4.414165,1.699503,0.821025,2.918258,1.982904,1.368102,1.252374,2.740064,3.124726,3.968681,3.486374,0.700158,-0.000551,0.689848,0.311304,0.698547,0.318070,0.525866,0.232052,3.682765,3.903771,2.893137,0.011369,0.459500,2.974323,2.969812,2.800998
-0.560207,28.978759,-1.792719,1.605475,2.389265,2.989601,3.820405,4.225780,1.582461,1.028809,2.894915,1.350019,1.459171,1.708709,2.990259,3.077054,3.838488,3.018862,0.499449,0.050351,0.578379,0.212400,0.663109,0.266201,0.472709,0.088044,3.562919,3.806799,3.016526,0.626382,0.459823,2.791655,2.692106,2.670521
-0.944109,36.951025,-2.145165,1.412814,2.351128,3.128343,3.307852,4.044627,1.919780,1.223442,3.040890,0.832861,1.172811,1.670900,2.914970,2.858422,3.369003,2.470472,0.069358,0.125737,-0.000229,0.038431,0.147645,-0.000229,0.318070,-0.000229,2.225932,3.219813,2.739786,0.010724,0.098998,2.573871,0.011369,0.896678
-2.209897,45.328956,-2.455200,0.061233,1.222127,2.611186,2.410636,3.751035,2.340607,1.175441,2.840997,1.693257,0.625077,1.165578,2.415567,2.142358,2.541486,2.013151,0.016523,0.274900,0.000737,0.068070,0.075480,-0.000229,0.186949,0.000415,1.031666,2.702737,2.674064,0.010402,0.206923,2.435984,0.010402,-0.000551
-2.715294,51.323262,-2.563038,0.063863,1.269470,2.856120,2.422800,3.799035,2.467513,1.292484,2.955080,1.704435,0.458718,1.147824,2.455020,2.161098,2.513870,2.063782,0.032632,0.256536,-0.000229,0.076124,0.062271,0.000093,0.204346,-0.000551,0.794874,2.676642,2.686629,0.010724,0.274255,2.421809,0.009114,0.000093
-3.052145,54.249051,-2.660684,0.064849,1.189250,2.895573,2.411293,3.804953,2.478034,1.307936,3.008013,1.718243,0.313730,1.165907,2.439567,2.197263,2.504335,2.064111,0.031665,0.315815,0.000415,0.088044,0.057438,0.000415,0.257825,0.000093,0.590944,2.614786,2.631539,0.010080,0.265235,2.432440,0.010080,-0.000551
-2.788780,58.053887,-2.846771,0.062548,1.160647,2.888011,2.423129,3.812515,2.473102,1.291826,3.007684,1.767230,0.126987,1.140920,2.443513,2.240661,2.507623,2.057206,0.011691,0.336755,0.000093,0.079346,0.037142,0.000415,0.262335,0.000093,0.473031,2.590301,2.664077,0.009758,0.261047,2.418587,0.010402,0.000415
-2.643441,61.804677,-2.849730,0.063205,1.158016,2.915628,2.405046,3.831255,2.518472,1.334567,2.987300,1.820491,0.173015,1.176428,2.484609,2.284387,2.546089,2.058850,0.026510,0.402477,0.000093,0.083856,0.040041,-0.000229,0.307116,0.000415,0.375093,2.593201,2.662789,0.010080,0.314204,2.416010,0.009114,-0.000551
-2.332034,62.166234,-2.788906,0.065178,1.233963,3.057328,2.542473,3.851967,2.536884,1.366458,3.023136,1.907287,0.045452,1.187935,2.527021,2.351128,2.614145,2.069371,0.014590,0.404088,0.000093,0.074835,0.036175,0.000415,0.336755,0.000415,0.303572,2.608987,2.689851,0.010080,0.297129,2.397324,0.010402,-0.000874
-2.383966,61.833580,-2.825729,0.065178,1.237579,3.065547,2.550692,3.848022,2.557596,1.366458,3.016889,1.863889,0.065507,1.225743,2.567131,2.363292,2.643077,2.073974,0.029088,0.438560,0.000093,0.079023,0.037786,-0.000551,0.344810,0.000093,0.240106,2.607376,2.662144,0.009758,0.284565,2.384116,0.009114,0.000415
-1.520797,61.670211,-2.765563,0.066164,1.191880,3.097438,2.575021,3.849337,2.557267,1.361855,3.033985,1.902684,0.070110,1.224757,2.578309,2.377101,2.675625,2.082522,0.037142,0.490428,-0.000229,0.076124,0.033276,0.000415,0.341266,0.000093,0.177606,2.604155,2.784889,0.102864,0.325480,2.385726,0.009436,0.000093
-1.328129,60.146825,-2.804359,0.069452,1.193524,3.090534,2.576336,3.846378,2.548391,1.365471,3.014917,1.908931,0.013232,1.247114,2.581268,2.403403,2.688447,2.088111,0.016846,0.510725,-0.000229,0.071936,0.031987,0.000415,0.337078,-0.000551,0.150544,2.594490,2.764915,0.139268,0.281987,2.386371,0.009436,-0.000874
-2.163801,59.177232,-2.891156,0.065836,1.155386,3.074096,2.578638,3.835858,2.499075,1.325032,2.987300,1.856327,0.086548,1.230346,2.551678,2.398142,2.665762,2.077919,0.017168,0.507825,-0.000229,0.070969,0.020712,-0.000229,0.326768,-0.000229,0.135080,2.585469,2.797776,0.136047,0.254281,2.369940,0.009436,-0.000229
-1.592736,57.429760,-2.848744,0.062877,1.144537,2.963957,2.540829,3.800350,2.457979,1.277361,2.977766,1.735339,0.019479,1.185633,2.513870,2.346854,2.601323,2.039124,0.017168,0.503637,-0.000229,0.068070,0.012335,0.000093,0.316459,0.000415,0.142168,2.569038,2.808407,0.102541,0.263302,2.344811,0.009114,-0.000551
2.881381,58.966143,-2.755700,0.063863,1.152427,2.964615,2.540500,3.767145,2.512226,1.244483,2.948176,1.830354,0.094439,1.253031,2.537541,2.402087,2.624666,2.040110,0.025222,0.530699,0.000093,0.072258,0.021034,0.000093,0.311949,-0.000551,0.101897,2.527801,2.779413,0.184694,0.266846,2.307440,0.009436,0.000093
5.303039,62.117162,-2.789235,0.067479,1.382896,3.224015,2.679242,3.858872,2.671351,1.422020,3.048123,1.871451,0.131919,1.359225,2.730859,2.666748,2.843298,2.320552,0.024255,0.661498,0.000415,0.083856,0.042297,-0.000229,0.348998,0.000415,0.000093,2.468201,2.777157,0.303250,0.358663,2.329025,0.009114,0.000415
5.155393,63.045341,-2.616957,0.070438,1.622899,3.364071,2.823572,3.923311,2.737434,1.701147,3.083630,1.845807,0.141782,1.505857,2.834421,2.769325,2.953765,2.515842,0.049384,0.755248,0.000415,0.083534,0.030699,0.000737,0.404088,-0.000551,-0.000551,2.496229,2.833859,0.469165,0.384436,2.339335,0.009114,0.000093
3.724935,61.451945,-2.591641,0.075370,1.621913,3.388401,2.901491,3.967037,2.836065,1.795176,3.100068,1.882958,0.166769,1.545967,2.874532,2.808777,3.002752,2.646693,0.050029,0.782632,-0.000551,0.085145,0.036498,0.000737,0.420196,0.000093,-0.000229,2.503961,2.854477,0.502348,0.390557,2.356409,0.009436,-0.000229
2.822249,58.930609,-2.402267,0.077014,1.733038,3.413716,2.949163,3.997942,2.892285,1.874081,3.069164,2.047672,0.695434,1.676489,2.900833,2.839682,3.080013,2.690749,0.034565,0.794874,0.000415,0.096098,0.041330,-0.000229,0.404088,-0.000551,-0.000551,2.522969,2.844490,0.503959,0.385402,2.391847,0.008147,-0.000229
2.687083,56.303789,-2.239524,0.590227,1.784655,3.424565,3.064232,4.027531,2.912998,1.996713,3.078041,2.041425,0.663215,1.788929,2.937656,2.914642,3.127356,2.725269,0.036820,0.764913,0.000415,0.090943,0.027799,0.000093,0.399900,0.000415,-0.000551,2.559051,2.864142,0.493972,0.406987,2.352221,0.009758,-0.000874
0.258897,53.766051,-2.211578,0.690503,1.866848,3.432456,3.174699,4.064353,2.988615,2.240003,3.097438,2.122303,0.967658,1.918794,2.991903,3.006040,3.231577,2.812394,0.048740,0.902155,-0.000229,0.115428,0.046807,-0.000229,0.408920,0.000093,-0.000229,2.583536,2.877995,0.572258,0.440170,2.382827,0.009114,0.000415
-0.238709,45.296507,-2.077438,0.979822,2.030905,3.422921,3.299632,4.078162,2.995519,2.208441,3.112890,2.085810,0.841738,1.968767,3.043520,3.000122,3.297331,2.842970,0.064204,0.838367,-0.000229,0.120583,0.056472,0.000415,0.399255,0.000093,0.081279,2.648291,2.827093,0.544230,0.571936,2.502028,0.009436,-0.000551
4.032006,25.361573,-1.814747,1.229031,2.252497,3.430483,3.433771,4.093285,3.008999,2.311018,3.083301,2.152221,1.401307,2.011178,3.080671,3.004067,3.359140,2.890970,0.017490,0.765879,0.000415,0.186949,0.050995,-0.000551,0.339011,-0.000551,0.202090,2.560018,2.788755,0.442103,0.598998,2.538111,0.009758,0.000737
4.409529,4.819772,-1.740116,1.592981,2.376115,3.346647,3.491963,4.103148,3.051739,2.420499,3.126041,2.240003,1.626516,2.262031,3.167795,3.014917,3.497224,3.046808,0.157632,0.972065,0.000093,0.375093,0.138624,0.001059,0.377670,0.000093,1.185016,3.007828,2.974001,1.025222,0.963689,2.989142,0.012657,0.371227
14.451418,0.072508,-1.351834,1.793532,2.503678,3.231248,3.506429,4.064025,3.105986,2.668063,3.020835,2.268935,2.460938,2.420499,3.156617,3.062260,3.511690,3.056342,0.303572,1.312594,-0.000229,0.710145,0.329346,0.003637,0.397322,0.307116,1.710146,3.336437,3.347068,1.761370,1.461112,3.013627,0.531021,2.092556
24.843242,-5.367800,-1.445863,1.690298,2.406362,3.159905,3.351578,4.016353,3.041218,2.445814,2.982368,2.406033,2.140386,2.292935,3.108945,2.993875,3.392017,2.884723,0.306794,1.317426,0.045196,0.525222,0.517812,0.198224,0.473676,0.379926,1.816782,3.344813,3.277480,2.053252,1.468522,3.019104,1.435016,2.282956
29.329649,-4.086094,-1.302518,1.337526,2.066412,2.773928,2.910368,3.759912,3.014259,2.227510,2.680885,2.215345,1.600214,2.099289,2.902148,2.786092,3.091849,2.657543,0.030376,1.026833,0.000415,0.356408,0.589333,0.101253,0.278121,0.235918,0.590299,2.689528,3.044877,1.691782,1.120583,2.983665,0.830957,1.856731
33.348225,-5.015492,-1.736828,0.936095,2.321539,3.212837,3.061931,3.983804,3.073438,2.297867,3.036944,1.953315,1.375992,2.056878,2.903463,2.834750,3.095466,2.661159,-0.000551,0.674062,-0.000551,0.326768,0.774578,0.202090,0.229152,0.146034,0.001382,2.208535,2.451770,1.267813,1.160210,3.008472,0.904733,1.669553
36.093071,-4.996066,-1.851899,0.822012,2.351128,3.314427,3.096452,4.026873,3.129658,2.361649,3.137877,2.009206,1.247771,2.058850,2.927135,2.876833,3.137548,2.683844,-0.000229,0.572258,0.000093,0.336111,0.868006,0.237851,0.222387,0.091588,0.223998,2.279412,2.240430,0.794552,1.125738,3.052287,1.342233,1.644746
37.777123,-3.615737,-1.879187,0.833190,2.393211,3.344016,3.124397,4.047257,3.217768,2.434636,3.177658,2.148934,1.256648,2.113098,2.989273,2.937984,3.174042,2.732174,0.001059,0.537142,0.158598,0.332245,0.982374,0.437915,0.295840,0.102864,0.525222,2.450159,2.111886,0.743972,1.130570,3.141849,1.852543,1.771679
38.155073,-3.187377,-1.933763,0.805902,2.435622,3.379852,3.142480,4.061723,3.251303,2.438910,3.217440,2.104550,1.327005,2.199893,3.021163,2.951793,3.191138,2.741379,0.000093,0.541330,0.174706,0.333856,1.096421,0.451124,0.356408,0.150222,0.840622,2.613497,2.261048,0.731086,1.081923,3.152480,1.921486,1.831280
40.309412,-2.065755,-1.866036,0.931164,2.463896,3.395305,3.156946,4.065011,3.309824,2.591788,3.266427,2.271237,1.425308,2.204825,3.053383,2.961985,3.202974,2.763078,0.001704,0.538431,0.181794,0.329023,1.124771,0.459178,0.369616,0.155377,0.916008,2.625095,2.325804,0.661498,1.014913,3.137661,1.924708,1.869940
40.780367,-0.537985,-1.827569,1.076810,2.479349,3.414702,3.160891,4.065668,3.384455,2.649323,3.281550,2.377430,1.509473,2.291620,3.099740,2.971190,3.233549,2.825545,-0.000229,0.494616,0.184049,0.291330,1.087078,0.433727,0.365428,0.209822,0.787142,2.526513,2.287144,0.696936,0.855763,2.918266,1.862852,1.844811
41.231730,-0.800120,-1.843679,0.902561,2.453047,3.408456,3.122425,4.059751,3.373277,2.625652,3.284509,2.384991,1.472980,2.301812,3.097109,2.961327,3.224344,2.812723,0.000093,0.485596,0.186627,0.265557,1.098032,0.435016,0.370261,0.224642,0.824836,2.496229,2.301963,0.690493,0.820003,2.880250,1.828380,1.836112
39.052316,-0.783534,-1.823295,0.887108,2.472773,3.396949,3.060616,4.033120,3.383140,2.633871,3.262481,2.336004,1.445692,2.259730,3.076397,2.942587,3.212508,2.794969,0.000415,0.499127,0.180183,0.285531,1.070325,0.411498,0.363495,0.209822,0.752993,2.460147,2.285855,0.687915,0.761369,2.855121,1.819037,1.782955
37.524717,-0.968422,-1.853871,0.832861,2.429047,3.382483,3.068835,4.028517,3.343030,2.554309,3.240782,2.296223,1.103769,2.197921,3.048123,2.923518,3.185878,2.779845,0.000093,0.536498,0.168263,0.285209,1.022001,0.397322,0.355763,0.170840,0.592555,2.408922,2.279412,0.673740,0.895390,2.955959,1.845777,1.731731
35.344869,-0.687068,-1.872940,0.756586,2.373156,3.357496,3.051739,4.013723,3.307194,2.513541,3.218755,2.262689,1.012042,2.189373,3.014259,2.855792,3.160234,2.742694,0.000415,0.526511,0.167297,0.278121,1.011691,0.369616,0.353186,0.171163,0.748805,2.408600,2.307118,0.655699,0.918263,3.025869,1.852543,1.719488
33.632746,-1.773849,-1.903516,0.684914,2.270579,3.343030,3.001437,3.994654,3.286153,2.468499,3.203631,2.303785,0.979493,2.180167,2.980067,2.813380,3.131302,2.722968,0.000093,0.535531,0.159242,0.265235,0.966588,0.281665,0.348998,0.129281,0.768457,2.397646,2.409567,0.633470,0.856730,2.985921,1.820326,1.661176
31.476927,-1.349124,-1.892995,0.633625,2.164715,3.328893,2.936340,3.976900,3.231248,2.442855,3.177658,2.319895,1.004151,2.161427,2.930094,2.771955,3.111247,2.698639,-0.000229,0.528444,0.137657,0.235596,0.935338,0.233018,0.326124,0.087400,0.612207,2.291332,2.448226,0.599642,0.636047,2.885405,1.674385,1.596099
30.520690,-2.059317,-1.952832,0.243701,2.028932,3.295030,2.851518,3.949612,3.191796,2.335018,3.173056,2.371512,0.945630,2.160769,2.882422,2.707845,3.063575,2.666419,0.000093,0.489462,0.109629,0.198547,0.867361,0.182438,0.297773,0.110273,0.819359,2.404090,2.537144,0.589655,0.483985,2.863498,1.617684,1.564849
28.644686,-0.761075,-1.951517,0.327210,1.961205,3.287139,2.831463,3.934160,3.186864,2.320552,3.163850,2.424115,0.975877,2.155509,2.878148,2.681543,3.056342,2.692064,0.000415,0.546485,0.000737,0.187271,0.753315,0.154410,0.301639,0.093521,0.918586,2.507827,2.662466,0.663753,0.524900,2.823871,1.573225,1.532310
27.718711,-1.111488,-1.952504,0.210495,1.930301,3.269057,2.792339,3.912132,3.123411,2.298196,3.145768,2.394197,0.987713,2.142358,2.851846,2.657543,3.040890,2.685159,0.000093,0.658598,0.000093,0.193392,0.642490,0.089655,0.294230,0.067103,1.032954,2.647003,2.805508,0.761369,0.675351,2.967557,1.703380,1.541331
27.634893,0.023273,-1.937709,0.204578,1.880985,3.243741,2.776558,3.904242,3.061273,2.288333,3.140836,2.446800,1.191551,2.141701,2.858751,2.642748,3.036944,2.677926,0.004603,0.808405,0.000415,0.247838,0.527799,0.049062,0.289719,0.098353,1.028122,2.766526,2.952415,1.178895,0.758147,2.955637,1.670197,1.587401
28.458949,2.804987,-1.874584,0.329511,1.933260,3.249659,2.823243,3.903584,3.053712,2.342251,3.126370,2.460280,1.329635,2.141372,2.869271,2.683187,3.065547,2.673652,0.052928,0.887013,0.000415,0.312593,0.491073,0.022967,0.317748,0.187271,0.990751,2.913756,3.164723,1.428251,0.809694,3.016849,1.317426,1.630249
30.277548,0.880103,-1.828556,0.585953,2.034850,3.282865,2.819627,3.921338,3.051739,2.378745,3.145768,2.521760,1.360211,2.207455,2.863682,2.746968,3.122425,2.732174,0.127670,1.114784,0.000415,0.343521,0.385080,0.001704,0.319036,0.188237,0.993972,3.009439,3.219169,1.465944,0.765879,3.014271,1.308406,1.713045
20.541688,7.576045,-1.827569,1.296758,2.388608,3.306865,2.940943,3.954215,3.012944,2.531623,3.203960,2.573706,1.744216,2.445485,2.984670,2.892614,3.327249,2.922203,0.186627,1.211756,-0.000229,0.437271,0.279410,-0.000229,0.333856,0.180505,0.828057,3.039400,3.232377,1.581279,0.707567,2.896036,0.484629,1.625416
10.561760,-9.012964,-1.879516,1.598570,2.496774,3.324619,3.215467,4.031805,2.684173,2.049316,3.200344,2.456006,1.278347,2.211729,2.928450,2.977766,3.482758,3.032670,0.251704,1.330957,0.000415,0.308083,0.454024,0.014913,0.464011,0.106730,1.444037,3.240109,3.187274,1.564527,0.614462,2.997841,1.184050,1.952092
0.870691,-27.777161,-2.296402,0.929520,2.186085,3.063904,3.624458,4.103477,2.008548,0.815436,3.010643,2.285045,0.529404,1.498295,2.727900,2.903792,3.514649,3.116507,0.438882,1.208534,0.335145,0.143779,0.587722,0.192425,0.574835,0.316137,2.576126,3.594491,2.828704,1.466911,0.935983,3.348357,1.993329,2.350288
1.529028,-35.586553,-1.994587,0.329840,1.399992,2.245921,3.645171,4.285945,1.247114,0.057287,2.051617,2.148605,1.643612,0.849957,2.191016,2.719023,3.524183,3.193111,0.512013,0.824836,0.478186,0.327090,0.669552,0.223675,0.381536,0.371227,2.905057,3.945330,2.888304,0.917619,0.460467,3.430509,2.456603,2.195004
0.907811,-36.846950,-1.761486,0.321620,1.511775,2.281100,3.719802,4.334932,1.216209,0.057945,1.819834,2.206469,1.625858,0.802943,2.199893,2.781161,3.586978,3.222700,0.569681,0.816781,0.513946,0.342554,0.642812,0.159887,0.371227,0.367039,3.068717,4.020072,2.937596,0.596743,0.444036,3.445007,2.741719,2.157633
-1.044143,-37.424151,-1.685539,0.318004,1.524926,2.281757,3.735911,4.343151,1.221141,0.059589,1.740928,2.199564,1.584762,0.736202,2.179509,2.782476,3.593225,3.241111,0.555183,0.802284,0.499127,0.330634,0.617683,0.147000,0.331923,0.349642,3.089336,4.005897,2.932441,0.444681,0.526833,3.422133,2.693072,2.111886
-1.024667,-39.435112,-1.600058,0.223646,1.396047,2.221592,3.722760,4.342165,1.162948,0.057287,1.655777,2.190030,1.543008,0.663543,2.081536,2.716721,3.577444,3.257878,0.523933,0.715299,0.480441,0.317748,0.578701,0.116395,0.302928,0.329990,3.081282,3.993655,2.925031,0.260402,0.566137,3.391527,2.625095,2.035533
-6.473742,-39.477110,-1.503070,0.054329,1.337526,2.185099,3.759254,4.373069,1.127769,0.054657,1.557145,2.083508,1.452925,0.654009,2.080220,2.688776,3.604074,3.279577,0.598998,0.670196,0.524256,0.320647,0.587400,0.124449,0.309049,0.335145,3.200805,4.016529,2.943073,0.201768,0.609629,3.393460,2.628317,2.088690
-4.590159,-43.686283,-1.505042,0.289401,1.334896,2.109810,3.762213,4.375699,1.050837,0.055644,1.560762,2.172934,1.450952,0.636255,2.034850,2.674639,3.655034,3.307523,0.704668,0.647323,0.589655,0.360596,0.583212,0.121871,0.310016,0.296807,3.377352,4.052611,2.957892,0.011369,0.782310,3.459826,2.664077,2.027478
-5.298605,-47.300434,-1.471507,0.053671,1.295772,2.069371,3.793117,4.388521,1.018288,0.053671,1.526241,2.182468,1.402623,0.509021,1.991781,2.683844,3.682650,3.340400,0.735918,0.617683,0.668908,0.408920,0.605763,0.164719,0.327735,0.348676,3.494620,4.079673,2.972068,0.012013,0.919874,3.503641,2.792943,2.136370
-4.861684,-53.221222,-1.513262,0.054000,1.297416,2.085152,3.823036,4.399371,0.937739,0.053671,1.566351,2.183126,1.387828,0.474171,1.951671,2.788065,3.721117,3.383140,0.778766,0.633792,0.737529,0.476575,0.700158,0.243972,0.407632,0.342554,3.561308,4.112534,2.972068,0.012013,1.087078,3.642494,2.957248,2.268780
-4.303131,-60.404834,-1.582304,0.225290,1.370732,2.142687,3.869063,4.412522,0.927547,0.056301,1.635393,2.209099,1.394403,0.469897,1.947397,2.829819,3.776021,3.416346,0.858019,0.669552,0.795519,0.593199,0.906343,0.446292,0.465299,0.326768,3.721747,4.163436,2.966913,0.011691,1.589656,3.752997,3.125418,2.460147
-2.951380,-64.306102,-1.719732,0.344963,1.551556,2.236387,3.925941,4.424686,0.860478,0.058603,1.778080,2.257099,1.410842,0.447869,1.935232,2.899518,3.804624,3.474867,0.938882,0.720132,0.868006,0.688238,0.993328,0.631859,0.554217,0.339977,3.813886,4.192431,2.945972,0.227541,1.752671,3.853835,3.199194,2.616397
-2.814438,-64.524473,-1.708224,0.317675,1.528542,2.177537,3.910817,4.424357,0.778285,0.056630,1.764271,2.243620,1.369745,0.367320,1.905643,2.903135,3.805611,3.473223,0.974642,0.720776,0.878315,0.698547,1.047452,0.705634,0.593521,0.321292,3.866722,4.196941,2.939851,0.250737,1.799708,3.879608,3.220779,2.613497
-2.208489,-64.747020,-1.818693,0.347922,1.640982,2.253812,3.917393,4.427645,0.905520,0.060246,1.876711,2.251182,1.380595,0.440965,1.995726,2.906751,3.807912,3.473552,0.974965,0.738818,0.885725,0.714333,1.106730,0.731086,0.617683,0.315815,3.859956,4.191142,2.929219,0.324191,1.921808,3.887018,3.243653,2.605443
-1.484023,-61.855631,-1.922256,0.475486,1.781696,2.311347,3.909831,4.427645,0.960096,0.060904,1.985534,2.275182,1.476925,0.546172,2.061152,2.919244,3.801337,3.467306,0.964333,0.777477,0.913753,0.734629,1.166653,0.722065,0.630570,0.299706,3.837404,4.182122,2.918588,0.616073,1.955636,3.889273,3.229800,2.614142
3.070822,-62.850612,-2.190207,0.621132,1.819176,2.387622,3.964078,4.434220,1.107057,0.063534,2.254140,2.352114,1.612050,0.737517,2.168660,2.916943,3.795090,3.472895,0.916653,0.717232,0.897967,0.724642,1.144101,0.666008,0.621549,0.274900,3.795201,4.160215,2.915044,0.747194,1.920842,3.851258,3.187918,2.589335
-0.903017,-54.702744,-1.951517,0.790778,1.894136,2.438581,3.953229,4.434878,1.186620,0.066493,2.312333,2.283730,1.589694,0.788477,2.334689,2.964615,3.775364,3.446593,0.854797,0.798096,0.909243,0.728508,1.207890,0.587078,0.653444,0.291330,3.769427,4.129287,2.902158,0.914075,1.947581,3.824840,3.143137,2.576770
-2.659813,-34.591852,-1.917654,0.846012,1.908273,2.476061,3.917064,4.429618,1.162619,0.066164,2.419184,2.468170,1.709038,1.056097,2.624008,2.955409,3.753007,3.440018,0.752671,0.769745,0.887980,0.712078,1.202091,0.604152,0.637658,0.267490,3.604479,4.068075,2.877673,1.066137,1.953058,3.791979,3.111243,2.607698
-5.716243,-13.900669,-1.748006,0.717791,1.791888,2.329100,3.777665,4.392138,1.304649,0.063863,2.223894,2.308716,1.632763,0.889739,2.629268,2.865326,3.601444,3.305221,0.666975,0.664397,0.758792,0.613817,0.982374,0.470776,0.615428,0.228508,3.401836,3.958861,2.849645,1.109630,1.648290,3.604801,3.035856,2.461435
-14.414028,-5.431548,-1.064814,0.723051,1.324704,1.961205,3.524512,4.249122,1.295114,0.383101,1.570954,2.036823,1.606132,1.165249,2.643405,2.725598,3.445935,3.086589,0.568714,0.702091,0.603508,0.530699,0.650222,0.310338,0.490428,0.237206,3.026191,3.836760,2.842235,1.104797,1.325158,3.284890,2.766848,2.260404
-18.904977,-1.796052,-1.296271,0.427485,1.262895,1.898081,3.504128,4.250766,1.124810,0.054986,1.553857,2.036823,1.569310,0.975877,2.594419,2.810421,3.456456,3.072452,0.655699,0.764913,0.515879,0.210467,0.634114,0.284243,0.578379,0.193392,2.996230,3.890240,2.843846,0.271356,0.952413,3.155058,2.410855,2.219167
-25.757440,-0.327361,-1.307449,0.441294,1.229360,1.855341,3.771090,4.357617,1.064974,0.055972,1.408869,2.216989,1.406897,0.606995,2.385978,2.830805,3.627417,3.259522,0.583212,0.256859,0.483341,0.002348,0.586756,0.241072,0.422451,0.086755,3.415367,3.921168,2.729477,0.010724,0.255570,3.191140,2.743008,2.250095
-28.686751,1.178019,-1.039170,0.786504,1.357581,1.917479,3.914434,4.424029,1.058070,0.058931,1.381910,2.178194,1.338841,0.628036,2.447129,2.839353,3.713555,3.400565,0.716910,0.073224,0.552928,0.122194,0.578701,0.220454,0.476897,0.143456,3.611566,3.947907,2.724322,0.010080,0.117039,3.315496,2.949838,2.315816
-32.301392,3.828996,-0.977032,1.019932,1.530515,2.037809,4.010435,4.451645,1.051823,0.060904,1.532816,2.176879,1.375663,0.728969,2.464554,2.870915,3.814159,3.491635,0.756214,0.162786,0.560660,0.322902,0.559049,0.125093,0.443070,0.139590,3.655381,3.955961,2.779090,0.010402,0.092232,3.350934,3.044555,2.407634
-35.994418,4.892353,-1.019115,1.238565,1.667612,2.129207,4.073559,4.470714,1.092920,0.210824,1.656763,2.200222,1.466404,0.753956,2.467842,2.956396,3.880899,3.564293,0.777477,0.165364,0.596098,0.316781,0.554539,0.121227,0.483018,0.119294,3.728512,3.958861,2.781023,0.010724,0.071291,3.308408,3.004606,2.535533
-37.479069,4.964037,-1.180543,1.419061,1.851067,2.260058,4.112683,4.498659,1.360540,0.594501,1.952000,2.247565,1.587063,0.761189,2.479677,2.992889,3.933831,3.693500,0.781343,0.185982,0.604152,0.310982,0.554539,0.122838,0.511047,0.127992,3.791979,3.958217,2.810340,0.010080,-0.000874,3.358022,3.041011,2.595456
-37.594478,4.048496,-1.297915,1.514076,1.944438,2.368553,4.125505,4.512139,1.627831,0.655653,2.151564,2.315621,1.625858,0.802285,2.520445,3.022807,3.951914,3.738541,0.804861,0.256536,0.649900,0.338044,0.583212,0.191781,0.545196,0.142168,3.875098,3.984312,2.819039,0.010724,0.127348,3.409891,3.074194,2.701448
-36.876278,3.665153,-1.274901,1.513090,1.950685,2.353101,4.123203,4.513125,1.645256,0.645790,2.126906,2.329429,1.621913,0.813135,2.507952,3.020177,3.948626,3.743473,0.792941,0.241395,0.613817,0.328379,0.572580,0.178895,0.522000,0.127670,3.811631,3.975614,2.794876,0.011047,0.059049,3.394427,3.040044,2.662466
-36.008401,3.621418,-1.258133,1.511775,1.944767,2.350470,4.119258,4.512468,1.615995,0.630009,2.111454,2.315292,1.604488,0.798669,2.463896,3.016889,3.948297,3.739857,0.777799,0.204023,0.593521,0.312915,0.553573,0.122516,0.496871,0.112529,3.784891,3.952418,2.785856,0.010402,0.001382,3.373808,3.039078,2.640237
-34.272203,3.417855,-1.238078,1.484158,1.911232,2.330415,4.111696,4.506879,1.590680,0.623762,2.101919,2.276497,1.598899,0.795381,2.476061,3.009328,3.946653,3.734596,0.772967,0.186949,0.587722,0.314526,0.555183,0.131214,0.505248,0.111240,3.764917,3.945008,2.774258,0.010402,-0.000874,3.353834,3.010405,2.650546
-33.264651,3.308775,-1.161145,1.394403,1.868821,2.275511,4.094271,4.501947,1.539392,0.567213,1.965808,2.242305,1.547611,0.777956,2.438910,3.006369,3.942051,3.710596,0.763946,0.168263,0.585145,0.325480,0.551962,0.130892,0.506536,0.108663,3.748165,3.945008,2.766526,0.011369,-0.000229,3.372842,3.041333,2.627673
-31.790248,2.634386,-1.185803,1.255990,1.796820,2.224551,4.071915,4.484522,1.201086,0.383430,1.823121,2.196605,1.434513,0.729298,2.323182,2.977766,3.937777,3.675746,0.750093,0.166008,0.583856,0.325480,0.545841,0.113173,0.493972,0.096098,3.736244,3.932443,2.759116,0.010080,-0.000229,3.389916,3.078704,2.599966
-31.628708,1.993767,-1.119062,1.190894,1.744545,2.181153,4.053175,4.479591,1.109687,0.190112,1.730408,2.191345,1.396705,0.658283,2.319895,2.993547,3.937448,3.649445,0.745261,0.166652,0.589655,0.315815,0.536820,0.108018,0.487529,0.095132,3.724646,3.945652,2.745263,0.011047,-0.000874,3.387661,3.065496,2.599644
-31.093866,0.793784,-1.165748,1.202072,1.732380,2.167016,4.031147,4.478604,1.073851,0.167426,1.757367,2.193647,1.407883,0.647434,2.382032,2.996177,3.938434,3.654376,0.746227,0.155377,0.597387,0.306794,0.534565,0.107696,0.485274,0.095132,3.760407,3.944041,2.750095,0.010080,-0.001196,3.382506,3.079993,2.558407
-30.664376,-0.129248,-1.192378,1.220154,1.767230,2.192003,4.041668,4.494385,1.109358,0.175646,1.826080,2.186742,1.441746,0.767107,2.445157,3.003081,3.946325,3.683637,0.755570,0.148289,0.634114,0.327735,0.540042,0.123482,0.508792,0.097709,3.774904,3.974647,2.739142,0.010402,-0.000551,3.386372,3.078382,2.616075
-30.769828,-0.965577,-1.311395,1.373691,1.847122,2.272223,4.090984,4.511153,1.099824,0.348251,1.995397,2.206797,1.509473,0.812806,2.476390,3.008999,3.955859,3.736240,0.817426,0.111884,0.705957,0.393134,0.626060,0.221098,0.571614,0.125415,3.919235,4.012340,2.761693,0.010724,0.081923,3.411501,3.126707,2.757183
-30.294517,-2.455288,-1.395889,1.488761,1.953315,2.385978,4.120573,4.522660,1.214894,0.602721,2.235072,2.297209,1.548268,0.850615,2.550363,3.014917,3.958160,3.766158,0.889591,0.104474,0.762980,0.436949,0.686949,0.272645,0.598676,0.202735,3.985923,4.034892,2.775224,0.010724,0.329023,3.428254,3.183408,2.851255
-27.108631,0.516867,-1.651675,1.592981,2.175893,2.608885,4.164957,4.532852,1.315827,0.721736,2.602638,2.464225,1.633749,0.993302,2.621707,3.037931,3.967366,3.799035,0.922774,0.091266,0.840622,0.492361,0.792619,0.391846,0.697580,0.273611,4.038758,4.061954,2.805508,0.010724,0.482696,3.386050,3.185019,3.064851
-19.706730,4.103203,-1.961381,1.696544,2.363292,3.046479,4.160026,4.527263,1.711997,0.834834,3.035958,2.466527,1.662352,1.185304,2.667735,3.086260,3.985120,3.774049,0.870905,0.059371,0.835145,0.465299,0.813882,0.421807,0.645712,0.273611,3.986567,4.005253,2.772325,0.010402,0.507503,3.255251,3.124774,3.061307
-7.368467,6.356374,-1.935736,1.633749,2.264990,2.874860,4.019969,4.436851,1.788929,0.860149,3.018204,2.150578,1.547282,1.278018,2.743352,3.050424,3.925941,3.503470,0.647323,0.000093,0.710789,0.338688,0.748805,0.336111,0.511369,0.235918,3.733667,3.823551,2.745907,0.010724,0.497516,2.958537,2.905379,2.803575
-1.264707,9.333598,-1.463617,1.579173,2.106851,2.568774,3.740843,4.193231,1.581474,1.035385,2.621707,1.799121,1.445034,1.346074,2.882751,3.057657,3.759254,2.861381,0.499449,0.000737,0.633792,0.150866,0.640235,0.292941,0.345776,0.324513,3.586759,3.805832,2.934374,0.681794,0.584178,2.546487,2.599966,2.611886
2.778473,19.034698,-1.537920,1.565364,2.015124,2.477705,3.363743,3.979859,1.892821,1.154729,2.641762,1.145852,1.719230,1.825751,2.917929,2.856449,3.415360,2.459622,0.221743,0.239139,0.052606,0.198547,0.374449,0.048418,0.329023,0.000093,2.738498,3.443074,2.837080,0.493972,0.502026,2.519747,1.391846,1.753316
2.790895,27.737938,-1.843679,0.627050,1.185633,2.131838,2.493157,3.751035,2.324169,1.098837,2.492171,1.281635,0.915054,1.123824,2.455677,2.164715,2.671680,1.941808,0.064848,0.450158,0.000415,0.147967,0.109951,-0.000229,0.178895,0.000093,1.326447,2.960470,2.697582,0.105441,0.406343,2.272968,0.010080,-0.000229
2.836464,31.380721,-2.574216,0.057945,0.943657,2.337320,2.149591,3.698760,2.336004,1.073193,2.646036,1.520652,0.263757,0.869026,2.251510,1.968109,2.340936,1.894465,0.072580,0.558405,-0.000229,0.139590,0.102541,0.000093,0.188237,0.000093,0.429217,2.725933,2.682441,0.318070,0.368650,2.310984,0.009758,0.000415
2.515672,41.159237,-2.569942,0.054986,0.844697,2.363950,2.106851,3.696459,2.280442,1.063659,2.625652,1.480213,0.136850,0.818724,2.195290,1.942465,2.324826,1.882629,0.073224,0.523611,-0.000229,0.133791,0.097709,-0.000874,0.182116,-0.000551,0.362851,2.711436,2.673742,0.331601,0.372838,2.293587,0.009114,-0.000551
2.708168,46.579656,-2.930280,0.057945,0.974233,2.687132,2.280113,3.758268,2.347511,1.143550,2.991245,1.575228,0.049726,1.045905,2.326470,2.062796,2.363292,1.925040,0.072258,0.537786,0.001059,0.119938,0.087078,-0.000229,0.290686,0.000093,0.278766,2.705959,2.706603,0.327735,0.359951,2.306796,0.009114,0.000093
2.420667,51.033412,-2.942773,0.057616,0.996918,2.748941,2.349813,3.787200,2.384991,1.181688,3.004396,1.652489,0.062548,1.101139,2.414252,2.096659,2.438910,1.966794,0.081279,0.553250,0.000093,0.117361,0.088688,0.000415,0.325480,-0.000229,0.262657,2.775547,2.712724,0.401511,0.423740,2.371229,0.009758,0.000737
1.801166,54.263083,-2.962829,0.061890,1.064645,2.822257,2.413594,3.809227,2.415238,1.202729,3.023136,1.656434,0.067151,1.170181,2.459294,2.156495,2.502034,1.999343,0.105441,0.596098,0.000737,0.114784,0.093521,0.000737,0.353830,-0.000229,0.287142,2.791977,2.708214,0.531343,0.406665,2.433085,0.009758,-0.000551
1.511631,55.903406,-3.007542,0.060246,1.134674,2.881765,2.503020,3.815145,2.451732,1.202729,3.094479,1.662023,0.000410,1.225086,2.506965,2.250195,2.563514,2.019398,0.128637,0.651511,0.000415,0.129603,0.096420,-0.000229,0.397322,0.000737,0.176639,2.796487,2.745907,0.648933,0.533276,2.583214,0.010080,-0.000229
1.266076,55.901094,-2.852031,0.063863,1.173140,2.907737,2.552336,3.828953,2.504335,1.308265,3.103027,1.680106,0.000739,1.254675,2.551350,2.282415,2.609213,2.055891,0.144101,0.742361,0.000093,0.137657,0.097387,-0.000229,0.425673,0.000093,0.211755,2.814851,2.779413,0.857374,0.688238,2.683729,0.010724,0.000093
1.179997,55.256461,-2.704411,0.064849,1.207332,2.967574,2.607241,3.837173,2.545103,1.295772,3.099740,1.725147,0.133891,1.264867,2.587514,2.303127,2.683516,2.116714,0.137013,0.743650,0.000093,0.138302,0.096420,0.000737,0.422129,-0.000229,0.231407,2.805508,2.750740,0.840300,0.699836,2.680508,0.011369,-0.000551
0.725484,55.549951,-2.597888,0.068137,1.253360,2.968231,2.682529,3.850652,2.610200,1.309251,3.111904,1.795833,0.155919,1.326676,2.619734,2.338963,2.765051,2.213044,0.127992,0.770390,0.000093,0.137013,0.093843,0.000415,0.410853,-0.000551,0.039075,2.753639,2.789077,0.779410,0.670841,2.689851,0.010724,-0.000874
-0.023101,52.274128,-2.573888,0.068466,1.303662,3.023465,2.740393,3.871036,2.655570,1.389800,3.119466,1.827067,0.376525,1.359553,2.700940,2.406362,2.852504,2.255784,0.118005,0.807439,0.000093,0.127026,0.090299,-0.000229,0.409565,-0.000874,0.004281,2.709825,2.786178,0.757181,0.674384,2.634116,0.011047,0.000093
0.084058,49.681464,-2.391418,0.072411,1.449637,3.143795,2.791352,3.896680,2.799901,1.639996,3.105658,2.031891,0.676694,1.423664,2.775900,2.562199,2.943573,2.416882,0.098353,0.766202,0.000093,0.125737,0.086755,-0.000874,0.381536,0.000737,0.132825,2.712080,2.741397,0.646678,0.573869,2.535211,0.010080,-0.000229
0.165192,48.859396,-2.316457,0.073726,1.463117,3.178973,2.841326,3.947311,2.857107,1.822135,3.110589,2.091070,0.895328,1.490733,2.809106,2.618419,2.995848,2.567459,0.101897,0.803895,-0.000229,0.142490,0.087722,-0.000229,0.395389,0.000415,-0.000551,2.644425,2.785534,0.768779,0.563238,2.494618,0.009758,-0.001840
-1.532065,46.668507,-2.228674,0.285784,1.562734,3.227960,2.920888,3.977229,2.856778,1.873423,3.095137,2.068056,0.876588,1.522624,2.851846,2.666748,3.066863,2.620392,0.092232,0.836111,0.000737,0.137980,0.083212,-0.000229,0.377670,0.000737,0.042619,2.632505,2.751384,0.721421,0.504926,2.495907,0.010080,0.000093
0.947889,44.125329,-2.171139,0.634612,1.686681,3.238481,3.006040,4.001229,2.907080,1.963507,3.069493,2.061152,0.924917,1.683393,2.877490,2.702256,3.112233,2.654912,0.069681,0.790364,0.000415,0.136047,0.078701,0.000093,0.339977,-0.000551,0.191781,2.617685,2.745263,0.616073,0.465621,2.406989,0.009758,-0.000874
1.162022,42.777896,-2.183632,0.622776,1.649201,3.274975,3.061931,4.009120,2.872559,1.943780,3.081328,2.113426,0.983110,1.743559,2.907409,2.736448,3.155631,2.675296,0.042619,0.793263,0.000093,0.125415,0.056794,-0.000551,0.323547,0.000737,0.015235,2.566139,2.768459,0.510402,0.421807,2.373162,0.009436,-0.000874
-3.044345,41.825676,-2.128727,0.770066,1.700490,3.233221,3.113219,4.034435,2.939628,2.111783,3.066863,2.128879,1.008425,1.857314,2.928779,2.777544,3.213494,2.698968,0.034242,0.864462,0.000415,0.123482,0.053895,-0.000551,0.328379,-0.000229,0.143456,2.606088,2.806474,0.543263,0.445325,2.390559,0.009758,-0.000551
6.376313,25.251120,-2.030423,0.933794,1.881971,3.282208,3.273002,4.071257,3.000122,2.171948,3.078370,2.167016,1.405581,1.907287,2.958039,2.850860,3.267413,2.752557,0.013302,1.000416,0.000415,0.191137,0.049706,0.000093,0.318714,0.000093,0.025544,2.530701,2.834825,0.612851,0.517490,2.584180,0.010724,-0.000551
1.887033,9.482941,-1.755568,1.453911,2.193975,3.252289,3.391359,4.096573,2.995190,2.231126,3.058972,2.094029,1.455884,2.008220,3.096781,2.868942,3.377222,2.880121,0.133791,1.089978,-0.000551,0.397967,0.138946,-0.000874,0.306794,0.000093,0.662142,2.999129,2.925031,1.129282,0.958534,2.847712,0.012013,0.343843
9.826921,-1.366599,-1.522467,1.687339,2.269921,2.905436,3.365058,4.035093,2.947519,2.299182,3.016889,2.174907,2.214688,2.159454,3.095794,2.866641,3.426867,2.870586,0.228830,1.270068,0.000415,0.502348,0.250415,0.006214,0.263946,0.256536,1.583857,3.246553,3.055186,1.589334,1.245261,2.863176,0.013302,1.856409
21.337227,-4.385080,-1.003005,1.746189,2.315621,2.548719,3.262481,3.898982,3.040890,2.433978,2.658200,2.361649,2.528007,2.406033,3.100068,2.845271,3.374921,2.830805,0.282310,1.345132,0.008469,0.532954,0.429539,0.112206,0.374127,0.346743,1.902478,3.308408,3.211759,1.799063,1.515880,2.855121,1.368973,2.122195
29.863236,-3.070225,-1.207173,1.669914,2.315621,2.650310,3.153987,3.856241,3.117165,2.483623,2.777544,2.128550,2.263017,2.308716,3.058972,2.760448,3.242426,2.669707,0.217232,1.231730,0.002992,0.528444,0.575480,0.229152,0.410531,0.339977,1.333534,3.152802,3.092880,1.737207,1.512336,2.850289,1.393135,2.048419
35.531829,-2.500845,-1.512604,1.509473,2.376443,3.089219,3.129000,4.014380,3.147083,2.452061,3.045821,2.181153,1.673202,2.173592,3.016561,2.736776,3.212179,2.668721,0.036175,1.013302,0.000093,0.345776,0.749449,0.210789,0.357374,0.213688,0.512980,2.743652,2.669876,1.598354,1.242040,2.799065,1.347710,1.839978
36.019261,-0.729350,-1.716773,1.396376,2.466527,3.335468,3.190809,4.101833,3.285495,2.594090,3.197713,2.193318,1.522295,2.175893,3.068178,2.793654,3.241769,2.780832,0.000093,0.519101,-0.000551,0.260724,0.917619,0.281021,0.236562,0.064848,-0.000551,2.011048,2.121873,0.554861,0.887980,2.779735,1.155377,1.664398
36.178019,0.586767,-1.730252,1.450294,2.523733,3.369661,3.249659,4.112354,3.357496,2.679242,3.237166,2.314963,1.490076,2.358690,3.098753,2.809764,3.277605,2.833435,-0.000551,0.299706,-0.000551,0.215299,0.909887,0.271678,0.195969,0.055183,-0.000874,1.899257,2.060984,0.300673,0.497838,2.734309,0.986240,1.633792
35.938265,2.025233,-1.721375,1.479884,2.534253,3.381825,3.251303,4.115313,3.392675,2.718365,3.247358,2.380060,1.553529,2.431019,3.110589,2.805161,3.290427,2.858751,-0.000229,0.259758,0.000415,0.193070,0.903122,0.252993,0.195325,0.055828,0.000093,1.945971,2.088046,0.221098,0.424707,2.720134,0.953702,1.624772
36.397102,0.721853,-1.771020,1.465747,2.550035,3.382483,3.256235,4.117614,3.406154,2.733818,3.285824,2.398142,1.606461,2.481650,3.111247,2.809106,3.305550,2.863025,0.000093,0.267490,0.000415,0.189848,0.902800,0.238817,0.221420,0.058727,-0.000551,2.025868,2.166332,0.265879,0.382181,2.710469,1.094166,1.630249
37.430199,0.863067,-1.776609,1.470678,2.555952,3.383798,3.246371,4.113011,3.417990,2.725598,3.293386,2.431348,1.656105,2.535569,3.113877,2.812723,3.309824,2.863025,-0.000551,0.281343,0.000415,0.213366,0.918586,0.249449,0.283920,0.087400,0.000737,2.086435,2.191461,0.375415,0.445969,2.731732,1.276833,1.667942
38.820255,1.967855,-1.764774,1.394074,2.553980,3.371304,3.239467,4.112683,3.437059,2.692392,3.274975,2.421485,1.620927,2.502691,3.102041,2.792996,3.303906,2.857435,-0.000229,0.306794,-0.000551,0.250737,0.911820,0.285209,0.291330,0.108018,-0.000229,1.986563,2.173097,0.473998,0.650544,2.790366,1.326769,1.659243
39.189517,3.406429,-1.761815,1.376978,2.549706,3.368674,3.243084,4.115313,3.409442,2.676611,3.274975,2.409320,1.504542,2.485924,3.101055,2.786750,3.301605,2.849545,-0.000551,0.298418,0.000093,0.267168,0.965300,0.319681,0.289397,0.128637,0.000093,1.807117,2.037143,0.483985,0.684372,2.849000,1.299707,1.660210
40.364599,2.897402,-1.754582,1.299717,2.534582,3.366044,3.216125,4.108080,3.474538,2.663789,3.257878,2.504007,1.581803,2.519788,3.094151,2.776229,3.298646,2.847572,0.000415,0.320003,0.000415,0.263624,1.059694,0.387980,0.320325,0.159242,0.001059,1.844811,2.056795,0.537142,0.783921,2.888627,1.340622,1.703380
41.830038,2.744160,-1.810473,1.295443,2.499404,3.356181,3.202645,4.105778,3.467306,2.644392,3.312783,2.563843,1.512432,2.517486,3.087904,2.763078,3.291084,2.837709,0.000415,0.437271,0.061949,0.269745,1.153122,0.448225,0.341910,0.145712,-0.000874,1.872839,2.014270,0.667619,0.892490,2.957892,1.582890,1.769746
41.397879,3.477501,-1.804226,1.192209,2.440554,3.360455,3.158590,4.076847,3.481114,2.648008,3.298646,2.636501,1.279662,2.562528,3.083301,2.694036,3.273331,2.831463,0.000093,0.445647,0.111240,0.235918,1.177929,0.496227,0.405054,0.170840,-0.000229,2.025545,2.188883,0.584500,0.932439,3.040689,1.771035,1.778767
42.154896,1.629702,-1.775623,1.126783,2.410964,3.358482,3.141822,4.069285,3.480456,2.624666,3.277605,2.730530,1.380924,2.571405,3.069493,2.681543,3.262481,2.800229,-0.000551,0.526833,0.139268,0.268779,1.219166,0.532310,0.491073,0.199835,0.188237,2.358342,2.426319,0.574513,1.009758,3.119297,1.940172,1.825159
42.320981,1.461709,-1.817377,1.138290,2.372498,3.337112,3.097438,4.062052,3.500183,2.637488,3.297989,2.787078,1.460486,2.606912,3.059301,2.673981,3.258865,2.801216,0.000093,0.612207,0.143779,0.300673,1.221421,0.523289,0.511369,0.196614,0.233663,2.439528,2.477543,0.779088,1.000093,3.135728,2.031022,1.826447
43.133331,1.048436,-1.820008,1.116920,2.359676,3.328564,3.103685,4.050874,3.467963,2.650638,3.313770,2.787736,1.475281,2.615460,3.052725,2.655570,3.256235,2.803846,-0.000229,0.686949,0.130892,0.302284,1.164076,0.477864,0.582890,0.219810,0.232374,2.508794,2.543587,0.930184,1.014591,3.130251,2.072904,1.829991
43.695699,0.218123,-1.817049,1.131715,2.364608,3.307852,3.085603,4.037723,3.451525,2.652282,3.328893,2.823901,1.631448,2.633871,3.043520,2.648995,3.256892,2.819956,0.000415,0.717877,0.100608,0.320003,1.091266,0.460467,0.615428,0.215621,0.274900,2.586435,2.634116,1.219166,1.004604,3.131862,2.048741,1.810339
42.856020,0.652249,-1.790747,1.171167,2.354087,3.297660,3.036616,4.010435,3.430812,2.664776,3.304893,2.858093,1.682736,2.624666,3.032670,2.642748,3.247687,2.858093,-0.000874,0.818714,-0.001840,0.340621,1.006537,0.409243,0.630570,0.206601,0.223998,2.595778,2.775224,1.334501,0.973676,3.113820,2.065494,1.800352
39.738128,0.722352,-1.854200,1.117906,2.353429,3.284838,3.053712,4.024901,3.405168,2.661159,3.317057,2.862367,1.552214,2.602967,3.030698,2.624337,3.226316,2.868942,-0.000229,0.843521,0.000093,0.331601,0.961111,0.348031,0.614784,0.220454,0.363495,2.590946,2.788111,1.375416,0.963367,3.113820,2.048741,1.785210
34.603777,-3.333048,-1.859461,1.148811,2.268606,3.274646,3.064561,4.012736,3.330537,2.592775,3.301276,2.827846,1.202729,2.555295,2.981053,2.573706,3.192124,2.809106,-0.000551,0.813238,-0.000229,0.310338,0.909887,0.297129,0.589655,0.233663,0.065170,2.534245,2.834503,1.329991,0.895712,3.077738,1.937916,1.783599
23.014044,-8.947872,-1.838419,1.348704,2.244277,3.217768,2.953765,3.948955,3.150370,2.517815,3.182919,2.713763,1.408540,2.370854,2.859408,2.480993,3.128343,2.720995,-0.000551,0.818714,0.000415,0.297129,0.865106,0.282954,0.475286,0.198869,-0.000551,2.237530,2.740108,1.276189,0.855763,3.025225,1.901190,1.706924
10.867344,-8.537401,-1.605647,1.524268,1.889204,2.581925,2.762092,3.770761,2.734146,1.888876,2.894915,2.312991,1.832984,1.992767,2.631899,2.216332,3.020506,2.551678,-0.000874,0.670518,0.000093,0.309049,0.757825,0.235918,0.313560,0.143456,-0.000551,2.091267,2.492363,1.141524,0.892168,2.922776,1.868329,1.714656
0.848394,-10.321831,-1.394245,1.290511,1.527884,2.265976,2.737434,3.791802,2.411293,1.304649,2.544117,2.121646,2.145646,1.801751,2.514198,2.148934,2.985327,2.671351,-0.000551,0.510725,0.001059,0.247194,0.477542,0.069681,0.212722,0.100931,0.040041,2.403445,2.515559,1.013302,0.901511,2.735598,0.919552,1.522001
-0.467471,-27.169572,-1.544166,0.604693,1.334896,1.951013,2.921875,3.895036,1.829697,0.808203,2.191345,2.098632,2.168660,1.262237,2.175235,2.052932,3.169768,2.858751,0.134114,0.664075,-0.000229,0.147322,0.274900,0.024255,0.325157,0.094487,1.329024,3.034245,2.704348,0.450158,0.223031,2.834825,1.289076,1.477542
2.809570,-41.454948,-1.595784,0.793080,1.678791,2.089755,3.843091,4.336247,1.775121,0.673407,2.206797,2.450088,2.185099,1.153414,1.833313,2.093700,3.786213,3.326263,0.525222,0.625738,0.426962,0.000415,0.526511,0.231407,0.750738,0.403444,3.137661,3.849325,2.901513,0.011047,0.420196,3.365110,2.844812,2.305507
0.878985,-46.048630,-1.609264,0.793408,1.774463,2.104550,3.938434,4.425672,1.766573,0.483376,2.024329,2.449431,1.945753,0.934452,1.732709,2.001644,3.822378,3.452511,0.643134,0.431150,0.552928,0.019423,0.572580,0.262980,0.801962,0.455634,3.507829,3.962727,2.891204,0.011369,0.390235,3.519427,3.038756,2.361242
-1.495711,-47.918546,-1.989655,0.966014,1.939506,2.220277,4.034435,4.469399,2.281100,0.518555,2.350470,2.593104,2.148605,0.910451,1.649201,1.929314,3.898324,3.705993,0.675673,0.385725,0.601897,0.240106,0.571936,0.245905,0.733985,0.531665,3.705316,4.020395,2.791655,0.010402,0.512980,3.685664,3.201449,2.543265
-6.213244,-48.794748,-2.037985,0.940041,1.904657,2.247565,4.069285,4.498002,2.330415,0.295647,2.335347,2.605268,2.096988,0.828916,1.572597,1.795833,3.923311,3.808898,0.744294,0.397967,0.665686,0.324191,0.588044,0.274900,0.761691,0.605119,3.891528,4.118011,2.883794,0.011047,0.573225,3.741721,3.274259,2.650224
-4.424440,-50.432723,-2.113603,1.057083,1.978301,2.351128,4.091970,4.523646,2.386306,0.289072,2.443513,2.674968,2.112111,0.817409,1.508487,1.796820,3.916078,3.867091,0.864462,0.436949,0.691459,0.336755,0.599642,0.267168,0.819037,0.644101,4.023938,4.202096,3.020392,0.011047,0.583534,3.851902,3.368331,2.724000
-5.619258,-50.630403,-2.092561,1.158674,2.023014,2.406690,4.088354,4.532194,2.368224,0.332470,2.477047,2.691077,2.084823,0.806888,1.566022,1.886574,3.918050,3.889447,0.957568,0.426640,0.732052,0.390235,0.647645,0.295840,0.821614,0.676640,4.077740,4.247199,3.049387,0.010080,0.589977,3.877353,3.418911,2.816462
-4.768952,-53.475631,-2.122480,1.075166,2.009535,2.386306,4.103148,4.527920,2.298525,0.258496,2.462253,2.682858,2.011836,0.813464,1.618954,1.927342,3.908845,3.876296,1.022645,0.441781,0.793263,0.394101,0.669230,0.323225,0.856408,0.710145,4.124776,4.267174,3.068717,0.011369,0.598998,3.911503,3.432442,2.939851
-4.249435,-56.475858,-2.145165,1.101139,1.993754,2.393211,4.109395,4.529893,2.267949,0.216085,2.482965,2.695023,1.967781,0.800641,1.658407,2.025973,3.905228,3.880899,1.082890,0.453057,0.826769,0.406665,0.695003,0.361884,0.845132,0.710789,4.152805,4.284571,3.087081,0.012013,0.637980,3.943075,3.431153,2.981088
-3.453603,-59.930744,-2.139905,1.109029,2.016110,2.434307,4.122217,4.535482,2.182797,0.182879,2.493815,2.675296,1.934575,0.795710,1.672215,2.084823,3.903913,3.889118,1.099320,0.465944,0.847065,0.434371,0.727542,0.382503,0.873805,0.718843,4.171813,4.290047,3.094490,0.011047,0.719810,3.976258,3.449517,3.010727
-3.640017,-61.091166,-2.127412,1.086673,1.999343,2.442855,4.124190,4.531865,2.091070,0.127974,2.464225,2.661159,1.906629,0.780258,1.681421,2.187400,3.905886,3.879913,1.158599,0.468199,0.911820,0.470776,0.772645,0.427928,0.898289,0.724642,4.216271,4.312277,3.112532,0.011047,0.737851,3.994943,3.482700,3.065818
-4.473726,-60.895692,-2.066917,1.076152,2.025973,2.437266,4.123532,4.537783,1.998685,0.072411,2.468499,2.645049,1.865204,0.755271,1.704435,2.214688,3.899639,3.895365,1.173096,0.468199,0.934694,0.460467,0.780377,0.431472,0.913431,0.712722,4.233024,4.320331,3.120908,0.011369,0.716910,4.008152,3.489788,3.054220
-1.042059,-63.421313,-2.150755,1.032097,2.003288,2.445814,4.117614,4.535482,1.928328,0.070767,2.470143,2.649323,1.863560,0.771381,1.756052,2.306086,3.892406,3.886160,1.185661,0.457567,0.960467,0.437593,0.802606,0.442748,0.927606,0.715622,4.237534,4.324519,3.126063,0.011691,0.789075,4.008152,3.482700,3.067106
-5.156323,-61.555686,-2.050478,1.062673,1.986849,2.433978,4.116299,4.534824,1.945095,0.073726,2.449102,2.633214,1.782025,0.777956,1.834628,2.447787,3.892077,3.888461,1.255248,0.446292,0.996872,0.491395,0.855763,0.530377,0.930184,0.701446,4.247199,4.337406,3.136050,0.011369,0.831279,4.021361,3.517816,3.102867
-4.317671,-65.171686,-2.064287,1.073522,1.999014,2.432992,4.113340,4.537454,1.902026,0.072082,2.460609,2.627296,1.831341,0.791765,1.834628,2.464225,3.893064,3.890434,1.252349,0.439848,1.003959,0.494939,0.850931,0.536498,0.941782,0.683405,4.249777,4.329029,3.127673,0.011691,0.820003,4.026194,3.504285,3.078060
-5.026918,-64.603084,-1.995244,1.091605,1.995726,2.435622,4.119587,4.538112,1.873095,0.071753,2.439896,2.593104,1.747175,0.788806,1.897095,2.497102,3.898982,3.898653,1.299707,0.412786,1.026189,0.487529,0.879926,0.586433,0.935338,0.670841,4.261697,4.332251,3.137016,0.011691,0.807117,4.030704,3.502030,3.085792
-3.513913,-65.539249,-2.096507,0.986069,1.968109,2.368882,4.096573,4.526605,1.511446,0.068795,2.385978,2.562199,1.658736,0.748367,1.889862,2.580939,3.880570,3.850981,1.256859,0.338688,1.020712,0.431794,0.879926,0.587722,0.916653,0.654732,4.246877,4.309055,3.114465,0.011369,0.753959,4.024583,3.494298,3.143460
-0.640140,-67.672279,-2.238209,0.880533,1.903999,2.305100,4.088682,4.515427,1.267497,0.069123,2.298196,2.493157,1.628817,0.725681,1.914191,2.705543,3.858543,3.798707,1.241717,0.320969,1.048418,0.448869,0.927284,0.634114,0.915686,0.651189,4.253643,4.298424,3.097390,0.011047,0.837078,4.024583,3.497197,3.161179
0.317923,-67.183683,-1.949873,0.647762,1.774463,2.176222,4.047257,4.492742,1.087988,0.062548,2.008877,2.311675,1.500596,0.572145,1.903341,2.827189,3.838159,3.723747,1.209501,0.283920,1.055184,0.402477,0.963367,0.656988,0.904733,0.644745,4.250099,4.290692,3.099967,0.011369,0.837078,4.013629,3.489788,3.186630
5.317831,-71.158497,-1.800939,0.360416,1.723504,2.142029,4.003202,4.462495,1.109687,0.058931,1.861259,2.183126,1.385198,0.415978,1.899725,2.910039,3.822378,3.617554,1.173418,0.245905,1.050351,0.379281,1.053895,0.723998,0.879282,0.653444,4.263308,4.279738,3.079349,0.011369,0.918263,4.015884,3.501708,3.226256
4.117274,-73.844251,-1.579674,0.108247,1.701147,2.180824,3.989722,4.452303,1.154400,0.056959,1.633420,2.085152,1.258621,0.268688,1.818847,2.973163,3.804624,3.548183,1.141846,0.163108,1.057439,0.321936,1.083212,0.774256,0.839655,0.653122,4.261697,4.268140,3.066462,0.012013,1.204346,4.022005,3.498808,3.245586
6.484194,-76.789135,-1.798966,0.250606,1.751120,2.261045,3.984462,4.444741,1.140263,0.058931,1.857971,2.100933,1.279662,0.367649,2.065426,3.048780,3.827967,3.525498,1.100287,0.249449,1.040042,0.307438,1.071292,0.791330,0.818714,0.625415,4.246555,4.254931,2.991397,0.011047,1.156988,4.016851,3.496875,3.188885
0.375639,-57.673607,-1.736828,0.344963,1.801422,2.274524,3.977229,4.427974,1.091605,0.052685,1.797806,2.081207,1.150126,0.381786,2.339621,3.134589,3.824679,3.469936,1.041653,0.384436,1.008470,0.220132,1.065493,0.784887,0.801962,0.555828,4.218849,4.236890,2.967557,0.010724,1.296163,4.003642,3.465303,3.153125
-4.462316,-34.510719,-1.523782,0.087206,1.717586,2.201537,3.848680,4.393124,1.039330,0.056301,1.583776,2.075946,0.984754,0.330169,2.399457,3.071794,3.724733,3.288125,0.897645,0.475286,0.868006,0.113495,0.992039,0.679539,0.732696,0.324513,4.114467,4.163758,2.881217,0.010402,1.097065,3.919235,3.387661,2.971101
-18.833418,-11.874452,-1.342628,0.053671,1.577200,2.123618,3.797063,4.361233,0.995274,0.054000,1.396705,1.917150,0.942342,0.138494,2.362635,3.009328,3.657335,3.229604,0.817426,0.451768,0.747838,0.219487,0.976898,0.627993,0.729153,0.246227,3.905381,4.076774,2.749773,0.010402,1.259114,3.803577,3.227867,2.923421
-29.790392,-3.927518,-1.210132,0.047753,1.352978,1.913205,3.806597,4.382932,0.928862,0.051370,1.261908,1.823450,0.991987,0.000410,2.308388,2.942587,3.696788,3.262152,0.660854,0.332889,0.627026,0.156021,0.704346,0.269423,0.524900,0.050995,3.635407,3.963371,2.715624,0.010724,0.416008,3.443396,3.006861,2.508471
-32.793989,-4.172894,-1.093746,0.564254,1.334567,1.808327,3.916078,4.424029,0.827929,0.053671,1.185304,1.952000,1.091605,0.062219,2.283730,3.034314,3.835858,3.384126,0.706279,0.156343,0.647323,0.055828,0.645067,0.225931,0.499449,-0.000551,3.670200,3.975936,2.710147,0.009436,0.000415,3.459826,3.034568,2.414077
-33.683709,-1.942932,-1.049033,0.750011,1.486788,1.883286,3.973941,4.445727,0.985411,0.057287,1.348704,2.040439,1.107057,0.124357,2.316278,3.075082,3.891749,3.478484,0.741717,0.143134,0.665364,0.158598,0.608985,0.181794,0.454024,-0.000229,3.784247,4.006219,2.714335,0.009758,-0.000874,3.485599,3.120586,2.531667
-34.414142,-1.798919,-1.067116,0.726010,1.486788,1.876053,3.973284,4.445399,0.950561,0.054329,1.344759,2.044384,1.112975,0.017506,2.334689,3.066534,3.890434,3.481443,0.743972,0.124449,0.689848,0.063559,0.660854,0.218521,0.500737,0.000737,3.828062,4.016529,2.712724,0.010080,0.000093,3.489143,3.157635,2.601255
-36.017822,0.642433,-1.003005,0.808532,1.527227,1.931616,3.988078,4.456248,0.942342,0.059260,1.406568,2.032549,1.107386,0.067479,2.317593,3.074753,3.907201,3.514649,0.782632,0.141523,0.681794,0.200802,0.647645,0.195969,0.485918,-0.000229,3.816141,4.022972,2.714657,0.009114,0.000093,3.499453,3.161823,2.586435
-37.663357,0.702975,-1.038841,0.843382,1.541364,1.946739,4.012079,4.467426,0.951548,0.058603,1.446678,2.074631,1.167880,0.195372,2.350142,3.071794,3.921338,3.601773,0.791008,0.139268,0.683405,0.197258,0.641846,0.188560,0.485274,0.000415,3.816464,4.022972,2.711758,0.009758,-0.001196,3.507829,3.202094,2.578703
-39.739593,0.549209,-1.111500,0.800313,1.520980,1.916821,4.039696,4.479920,0.842724,0.058603,1.499281,2.072330,1.154400,0.240085,2.307073,3.058643,3.929886,3.651417,0.799062,0.128315,0.686305,0.194358,0.607696,0.165364,0.445325,0.000415,3.834183,4.013951,2.709180,0.009436,-0.000551,3.490432,3.191140,2.551964
-41.617162,5.265577,-1.098021,1.088646,1.755394,2.059179,4.116299,4.505892,0.994617,0.062219,1.610406,2.188057,1.341471,0.566227,2.388608,3.073767,3.950270,3.729007,0.809372,0.124449,0.684694,0.192748,0.610918,0.156021,0.449513,0.000415,3.836438,4.014273,2.718201,0.009114,0.000093,3.485599,3.199839,2.587402
-38.179737,3.203389,-1.196653,1.161304,1.786956,2.117372,4.126820,4.508851,1.054125,0.065507,1.738627,2.196934,1.353964,0.671434,2.409320,3.060945,3.945996,3.735911,0.821292,0.126704,0.675995,0.184371,0.596743,0.151188,0.469165,0.000737,3.810343,4.013951,2.714013,0.009758,-0.000874,3.448550,3.159568,2.551642
-36.514113,2.874282,-1.232160,1.140263,1.776765,2.090741,4.117943,4.506221,1.038343,0.063863,1.744216,2.201208,1.343772,0.667489,2.373156,3.043849,3.945338,3.738541,0.824191,0.105119,0.678895,0.179861,0.582890,0.114462,0.416330,-0.000229,3.811953,4.008474,2.717235,0.009758,-0.000874,3.424388,3.135083,2.610276
-34.841638,1.950637,-1.220653,1.085687,1.730079,2.069371,4.108080,4.500303,1.041960,0.063534,1.691284,2.203181,1.351334,0.634612,2.356060,3.033328,3.939749,3.720130,0.813882,0.103186,0.681472,0.180505,0.593843,0.117039,0.420518,0.000093,3.807443,4.013629,2.717557,0.010402,-0.000551,3.420844,3.139916,2.618330
-34.284706,1.197002,-1.168049,1.099495,1.739942,2.066083,4.104135,4.499317,1.033083,0.063534,1.655448,2.194304,1.346731,0.652365,2.389594,3.051082,3.941393,3.718158,0.808083,0.096742,0.683727,0.178895,0.595454,0.131214,0.422451,0.000415,3.801000,4.023294,2.713691,0.009436,-0.002162,3.412790,3.137983,2.629606
-34.418706,2.512427,-1.145035,1.047220,1.679119,2.046686,4.090655,4.488468,1.022234,0.062219,1.595283,2.181482,1.293470,0.552090,2.355402,3.054040,3.935804,3.705007,0.792941,0.090621,0.678250,0.180828,0.589333,0.143779,0.428572,-0.000551,3.787791,4.013307,2.715624,0.010080,-0.002484,3.392171,3.113820,2.631861
-32.290039,1.288452,-1.250243,0.873958,1.590022,2.005261,4.064353,4.476632,0.906835,0.061233,1.573584,2.186085,1.292155,0.555377,2.321210,3.056999,3.931530,3.671801,0.775222,0.057438,0.673418,0.177606,0.582245,0.122194,0.403766,0.000093,3.786180,3.990755,2.713369,0.010080,0.000093,3.363177,3.086758,2.593201
-33.780613,5.796093,-1.161145,1.023220,1.639996,2.008877,4.071586,4.484194,1.048207,0.061890,1.594625,2.139071,1.284922,0.543870,2.362635,3.072780,3.931859,3.673445,0.805828,0.021678,0.693070,0.173418,0.634114,0.190815,0.446614,0.001382,3.807443,4.012663,2.716912,0.009436,-0.000229,3.349968,3.094813,2.660856
-31.774962,4.513298,-1.207831,0.999548,1.639996,2.019069,4.048901,4.476303,0.981137,0.061562,1.632434,2.163071,1.320758,0.695763,2.407348,3.065547,3.927256,3.655691,0.806794,0.003637,0.699191,0.220132,0.659565,0.228830,0.518134,0.026510,3.803255,4.019428,2.732699,0.009758,-0.000229,3.304865,3.062596,2.689528
-31.320375,5.506664,-1.057581,1.123167,1.662681,2.050302,4.067641,4.490440,1.090289,0.066822,1.597255,2.147947,1.330293,0.734558,2.430362,3.078041,3.937119,3.677061,0.848676,0.000093,0.702735,0.230441,0.660854,0.239784,0.533276,0.047129,3.824518,4.034892,2.755894,0.010080,-0.001196,3.286823,3.054542,2.684374
-30.567171,1.442007,-1.282462,1.180373,1.772490,2.147619,4.073559,4.498659,1.141907,0.064520,1.872108,2.175893,1.459171,0.829245,2.520445,3.051082,3.934160,3.704678,0.861885,0.000415,0.713366,0.273933,0.696614,0.276511,0.583856,0.089655,3.886051,4.060343,2.775547,0.010080,-0.000229,3.308086,3.114143,2.755894
-29.512042,2.533071,-1.595126,1.401636,1.909917,2.338963,4.108080,4.512797,1.237250,0.295976,2.321210,2.336662,1.561090,0.858834,2.541158,3.049109,3.928900,3.740843,0.932117,0.017812,0.839011,0.424707,0.869617,0.471420,0.731730,0.186627,4.034248,4.091593,2.836436,0.010724,0.485918,3.417945,3.318073,3.076127
-22.707333,4.422618,-1.815076,1.252374,1.947726,2.444828,4.073230,4.491427,1.100153,0.069452,2.473102,2.286031,1.525583,0.853245,2.517486,3.032342,3.944023,3.668185,0.932439,0.026510,0.887336,0.424707,0.939849,0.603508,0.749771,0.197580,4.043591,4.097070,2.915689,0.011691,0.638946,3.387983,3.321939,3.105766
-10.695881,7.282776,-1.891352,1.377636,2.170961,2.653597,3.991037,4.425344,1.357581,0.609625,2.644392,2.077590,1.443390,0.961082,2.703242,3.021492,3.938763,3.486703,0.741717,0.006536,0.758470,0.291652,0.863818,0.527799,0.700158,0.146356,3.916979,3.953384,2.934052,0.011369,0.686949,3.145393,3.132506,3.008150
-2.708573,17.425076,-1.550084,1.500925,2.165701,2.672337,3.767145,4.259972,1.614023,0.877245,2.514198,1.850738,1.302676,1.209305,2.688447,2.993875,3.802323,3.094151,0.469810,-0.000229,0.587722,0.122516,0.705634,0.313882,0.474320,0.175351,3.632829,3.796167,2.975933,0.011047,0.520390,2.791977,2.814529,2.594167
0.981235,27.118776,-1.955134,1.348046,2.263017,3.060616,3.354537,4.053504,1.828382,1.009083,2.873216,1.029138,1.117906,1.437801,2.877819,2.857764,3.379524,2.489541,0.214977,0.026188,0.058405,0.064848,0.392812,0.026510,0.315493,-0.000229,2.741397,3.450161,2.908601,0.010724,0.254603,2.477543,1.484952,1.608986
0.861549,30.127324,-2.408185,0.054000,1.103112,2.355073,2.276826,3.682650,1.945424,0.824642,2.479677,1.482843,0.654009,0.751983,2.235729,2.030247,2.457321,1.871122,-0.000551,0.288109,0.000737,0.000093,-0.000229,-0.000551,0.091910,0.000415,0.982052,2.694683,2.676320,0.010080,-0.001196,2.052285,0.008147,0.000093
0.679056,37.743510,-2.129055,0.048082,0.804258,2.028275,1.579173,3.537334,1.952000,0.742120,2.176222,1.572597,0.073069,0.309785,1.954301,1.814573,2.039782,1.767888,-0.001196,0.294874,0.000093,0.004281,0.000415,0.000093,0.035209,0.000093,0.359629,2.431474,2.639915,0.010402,0.000093,1.969811,0.008147,0.000093
0.611410,43.852416,-2.384513,0.051698,0.939383,2.343895,1.823450,3.603088,2.075618,0.799655,2.440882,1.667612,0.069452,0.525130,2.018411,1.843505,2.192003,1.829697,0.000093,0.313882,0.000093,0.031665,0.001059,0.000093,0.071291,-0.000229,0.235273,2.457247,2.663755,0.010080,-0.000551,2.008793,0.007825,-0.000551
0.229674,49.566395,-2.588354,0.054986,0.955493,2.443841,2.010192,3.653061,2.193318,0.887437,2.644721,1.660379,0.001396,0.544199,2.058850,1.872108,2.230140,1.887232,0.005248,0.315815,0.000415,0.029088,-0.000229,0.000737,0.115750,0.000093,0.167941,2.469489,2.669554,0.010402,-0.000874,2.045520,0.007825,-0.000229
0.000460,55.035425,-2.858607,0.058274,1.009412,2.586528,2.221592,3.747418,2.329100,1.149140,2.915957,1.685695,0.000410,0.838121,2.197263,1.999014,2.388937,1.994082,0.011369,0.422774,0.000093,0.045196,0.000415,0.000093,0.158920,-0.000551,0.066459,2.502995,2.687273,0.010724,0.000415,2.061628,0.007825,-0.000551
-0.229584,56.623173,-2.804359,0.062219,1.066289,2.816668,2.339292,3.762542,2.446472,1.266182,2.952121,1.660379,0.001396,1.049850,2.321867,2.097317,2.514856,2.049645,0.011047,0.510725,0.000093,0.029088,0.000093,0.000093,0.211755,0.000093,-0.000229,2.520391,2.693394,0.011691,0.020067,2.152479,0.008469,0.000093
1.051407,55.853994,-2.772796,0.062877,1.091605,2.831463,2.391896,3.775364,2.539185,1.278347,2.975793,1.861916,0.068466,1.122180,2.426088,2.178194,2.559240,2.066083,0.029088,0.585467,0.000093,0.051317,0.000093,-0.000551,0.243005,-0.000551,-0.000551,2.533600,2.714013,0.011047,0.056472,2.206280,0.008469,-0.000874
0.846105,54.911906,-2.782331,0.063863,1.089632,2.880121,2.473102,3.803638,2.478691,1.278676,2.983684,1.923725,0.176632,1.207332,2.527349,2.238359,2.598693,2.061809,0.012013,0.645712,0.000415,0.064526,0.000737,0.000415,0.238817,-0.000551,-0.000229,2.510727,2.720456,0.184049,0.178250,2.212079,0.008147,-0.000874
0.258682,54.217122,-2.548901,0.066164,1.122180,2.932066,2.534582,3.798049,2.571733,1.373362,2.991245,1.938191,0.181235,1.286895,2.576665,2.338963,2.655899,2.111125,0.033920,0.658921,0.000415,0.063882,0.001382,0.000093,0.259758,-0.000229,-0.000874,2.542299,2.692750,0.254926,0.228830,2.236242,0.008147,-0.000551
5.912938,53.619416,-2.483474,0.068137,1.290183,3.034643,2.700612,3.847036,2.654912,1.439116,3.028725,2.107837,0.647762,1.348046,2.641762,2.486253,2.835408,2.314963,0.036498,0.725609,0.000415,0.080634,0.009758,0.000093,0.301962,-0.000229,-0.000874,2.538755,2.754928,0.288431,0.258791,2.260082,0.008469,-0.000229
4.630015,54.818216,-2.474598,0.069781,1.410842,3.206261,2.734804,3.869063,2.768339,1.457527,3.008999,2.101262,0.382115,1.428267,2.759133,2.585542,2.879134,2.353429,0.041652,0.735596,0.000415,0.077090,0.003637,0.000093,0.319036,0.000093,-0.001196,2.505572,2.691784,0.323547,0.268779,2.245584,0.008469,-0.000874
5.738827,53.643763,-2.302648,0.074712,1.498295,3.296016,2.747297,3.946325,2.850860,1.753422,3.069164,2.193647,0.892369,1.496651,2.803517,2.694365,2.964286,2.579295,0.041330,0.927928,0.000093,0.088044,0.012335,0.000415,0.353508,0.000093,-0.000551,2.470456,2.754928,0.454024,0.400866,2.292943,0.009114,-0.000874
4.529230,51.555949,-2.193824,0.549788,1.655119,3.336783,2.876833,4.003859,2.952450,2.073974,3.065876,2.178852,0.888095,1.832327,2.864011,2.762749,3.068835,2.692721,0.041330,0.925995,0.000415,0.091266,0.023289,0.001382,0.357052,-0.000229,-0.000551,2.475933,2.737853,0.461111,0.398611,2.333213,0.009114,0.000093
3.313739,45.389381,-1.939353,0.904205,1.799779,3.334811,3.060287,4.054490,3.136233,2.354416,3.118808,2.237373,1.037686,2.028603,2.961656,2.921875,3.213166,2.764722,0.055828,0.973032,0.000093,0.108340,0.055828,-0.000229,0.358341,0.000093,-0.000551,2.520391,2.754284,0.537786,0.426317,2.415688,0.009436,-0.000874
3.823879,34.813731,-1.883132,1.047878,2.077919,3.365058,3.155302,4.067641,3.125055,2.347511,3.162864,2.175235,1.385198,2.142358,3.053383,2.949491,3.292728,2.831791,0.061626,1.005892,-0.000229,0.163753,0.061626,-0.000229,0.347065,-0.000551,-0.000229,2.499451,2.768137,0.893457,0.415686,2.423098,0.009758,-0.000874
2.894667,16.311354,-1.770363,1.409198,2.180496,3.320016,3.350921,4.075532,2.944889,2.233757,3.092507,2.096988,1.402951,2.112440,3.053054,2.944231,3.405825,2.855134,0.026833,1.023611,0.000093,0.204990,0.031665,-0.000229,0.325802,-0.000229,-0.000551,2.533600,2.736565,0.726253,0.443392,2.624129,0.010724,-0.000551
20.098666,-2.595437,-1.600058,1.677804,2.421156,3.296673,3.443305,4.063367,3.047465,2.434307,3.140178,2.182797,2.199893,2.304771,3.079027,2.949163,3.478484,2.908066,0.121549,1.082890,0.000737,0.460145,0.152155,-0.000551,0.332889,0.060982,1.218844,3.080315,2.925998,1.177606,0.843199,2.976256,0.012335,1.345777
29.795197,-2.248846,-1.362026,1.558789,2.292278,2.971190,3.170425,3.884516,3.078041,2.414252,2.884066,2.268278,2.042083,2.322525,3.034643,2.888011,3.302591,2.771297,0.185016,1.233019,0.000093,0.317748,0.427928,0.091588,0.337078,0.266846,1.355119,3.133795,2.887016,1.429217,1.096743,2.920521,0.836756,1.965623
35.159216,-3.828335,-1.724006,0.823984,2.160769,3.189823,2.930423,3.949284,3.120452,2.265976,3.081328,2.233757,1.558460,2.146961,2.865326,2.732502,3.095466,2.623679,0.000737,0.822580,0.000415,0.119616,0.628315,0.175351,0.269745,0.228508,0.392168,2.588046,2.571294,0.307761,0.699836,2.876384,0.433727,1.737530
38.437513,-3.971385,-1.764116,0.672420,2.334361,3.326263,3.030698,4.062381,3.201001,2.336333,3.142809,2.309045,1.470678,2.181153,2.929436,2.775900,3.173056,2.678913,-0.000229,0.469165,0.137657,0.144745,1.009114,0.473353,0.201768,0.136691,0.000737,1.867684,1.855764,0.006858,0.674062,2.930830,0.981730,1.688561
41.013048,-3.648224,-1.843679,0.918013,2.450417,3.393003,3.102699,4.101833,3.337112,2.547076,3.278262,2.438910,1.541364,2.268606,3.004396,2.861052,3.230919,2.745325,-0.000229,0.352542,0.128959,0.124449,1.085145,0.598676,0.186627,0.118650,0.000737,1.702736,1.657955,0.005570,0.637013,2.920843,0.928573,1.667298
42.260202,-3.599155,-1.915681,0.939383,2.478034,3.432127,3.116507,4.109395,3.343030,2.569103,3.358811,2.473431,1.476925,2.326799,3.033985,2.867956,3.245056,2.771297,0.000093,0.306150,0.145712,0.110273,1.133792,0.642812,0.193714,0.135080,0.000415,1.618973,1.556795,0.005892,0.629926,2.920843,0.894745,1.678896
44.369290,-3.876758,-1.925215,0.943000,2.481979,3.445278,3.130644,4.104792,3.373606,2.570090,3.366044,2.443184,1.542350,2.355073,3.031027,2.863682,3.247687,2.777215,0.000093,0.280054,0.143134,0.110918,1.149900,0.686627,0.213688,0.166974,0.000737,1.576447,1.475931,0.006214,0.634114,2.935341,0.949514,1.682439
45.295505,-4.772109,-1.944942,0.882834,2.457979,3.433771,3.106973,4.103806,3.376236,2.519459,3.355523,2.446143,1.434513,2.332059,3.013930,2.835079,3.240125,2.765708,-0.000229,0.269101,0.144745,0.112206,1.169230,0.703057,0.233340,0.158920,0.000093,1.456924,1.311627,0.005248,0.662787,2.920843,1.036498,1.679540
44.490266,-4.844146,-1.918311,0.796039,2.426745,3.384784,3.084616,4.095258,3.336455,2.505650,3.324948,2.440554,1.321745,2.280442,3.001437,2.826202,3.228289,2.752886,-0.000229,0.242039,0.147645,0.113173,1.165686,0.697258,0.245261,0.183727,0.000415,1.529733,1.365107,0.005248,0.616395,2.905701,1.206923,1.742040
41.502745,-4.045270,-1.915352,0.877903,2.393211,3.368345,3.059630,4.082436,3.347633,2.478034,3.326592,2.404718,1.257305,2.273209,2.990916,2.794311,3.222371,2.750256,0.000093,0.226575,0.151188,0.098031,1.182117,0.707890,0.243972,0.188237,-0.000229,1.517813,1.314205,0.004925,0.527477,2.837724,1.280055,1.730120
40.667245,-3.554317,-1.891680,0.876916,2.352443,3.340400,3.042205,4.064682,3.371633,2.551350,3.302591,2.395841,1.449966,2.251182,2.976122,2.780174,3.216453,2.738092,-0.000229,0.232052,0.150544,0.089333,1.169230,0.669552,0.247194,0.186304,0.000415,1.291975,1.319359,0.003959,0.375415,2.745263,1.329346,1.695004
41.103209,-3.629642,-1.853214,0.861135,2.332717,3.330537,3.037931,4.056792,3.363414,2.552007,3.247358,2.420827,1.655777,2.231784,2.973492,2.742694,3.217440,2.733818,-0.000229,0.260724,0.152477,0.104474,1.137336,0.606085,0.266523,0.173096,0.000737,1.282310,1.394746,0.005570,0.270712,2.654090,1.334823,1.656022
41.262977,-2.159291,-1.831515,0.881519,2.298525,3.316728,3.021163,4.051202,3.363085,2.546747,3.241440,2.443513,1.669256,2.286360,2.979409,2.744996,3.226316,2.738092,-0.000551,0.283920,0.159887,0.109629,1.122838,0.506859,0.299384,0.177606,0.000093,1.749450,1.525545,0.006858,0.270389,2.601899,1.456279,1.636048
42.182064,-2.296180,-1.832830,0.868040,2.270250,3.309496,2.988286,4.041997,3.344016,2.536555,3.238152,2.443184,1.631448,2.378087,2.980725,2.741708,3.217768,2.726585,0.000093,0.358663,0.169230,0.117683,1.050673,0.449513,0.384758,0.190815,0.301962,1.931151,1.853187,0.007181,0.340944,2.741719,1.686950,1.694682
42.892969,-2.583912,-1.794692,0.861135,2.295237,3.314756,2.974478,4.046928,3.337770,2.562199,3.237823,2.449431,1.641968,2.440882,2.981711,2.743023,3.225330,2.734804,0.000737,0.473676,0.168907,0.127026,0.961434,0.376382,0.447902,0.188882,0.491073,2.129283,2.107698,0.241395,0.336755,2.813884,1.805507,1.696937
40.768917,-1.811278,-1.739129,0.835820,2.268278,3.306537,2.978752,4.030819,3.334482,2.569761,3.218097,2.570090,1.635722,2.506637,2.979409,2.739407,3.224673,2.754859,0.000415,0.544230,0.153766,0.133147,0.918263,0.250093,0.469487,0.175029,0.649256,2.253961,2.349966,0.296485,0.323225,2.807119,1.778767,1.689527
41.352917,1.110939,-1.788774,0.930506,2.261702,3.303578,2.965601,4.025230,3.310811,2.573048,3.251961,2.671680,1.680106,2.556939,2.974149,2.733160,3.227632,2.747955,0.000415,0.671485,0.016523,0.169874,0.847387,0.195003,0.472387,0.173418,1.022645,2.468201,2.532634,0.443392,0.436627,2.854799,1.899579,1.691782
42.852937,5.234401,-1.772993,1.001850,2.330087,3.300947,2.977766,4.016682,3.325605,2.588172,3.219412,2.730530,1.846464,2.573048,2.968560,2.738420,3.240454,2.796613,-0.000551,0.893135,-0.000229,0.250415,0.591266,0.084822,0.465944,0.157954,0.859629,2.629606,2.738820,0.641201,0.679217,2.940817,1.802607,1.650867
48.213659,11.546890,-1.804884,0.880533,2.309374,3.262481,2.943573,3.994983,3.261166,2.572720,3.197713,2.830147,1.620927,2.536555,2.959026,2.747626,3.246371,2.792339,0.019745,1.113496,0.000415,0.292941,0.440815,0.000737,0.489140,0.153766,0.157954,2.709503,2.982377,1.221743,0.780699,3.027480,1.436305,1.706924
40.162201,2.958909,-2.105712,0.485678,2.285045,3.271358,2.958697,4.021942,3.134589,2.424115,3.353880,2.817325,0.420581,2.391896,2.935354,2.715078,3.233549,2.772941,0.098031,1.121872,0.000093,0.191459,0.185660,0.000415,0.464011,0.205956,0.302928,2.938562,3.040044,1.279089,0.875416,3.144748,0.852864,1.738496
22.026713,-3.846340,-1.914037,0.642502,2.029918,3.185220,2.888340,3.954544,2.991574,2.399457,3.134589,2.728886,0.880862,2.285702,2.838696,2.665104,3.182590,2.718365,0.127992,1.134758,-0.000229,0.228186,0.326768,0.000415,0.556472,0.344165,0.622516,3.056153,3.131217,1.413754,1.174063,3.140882,0.824836,1.999128
2.662237,-5.271336,-1.670744,1.506843,2.270250,2.886039,2.896230,3.868077,2.756174,2.146303,3.001437,2.500390,1.969096,2.150578,2.709817,2.615789,3.170097,2.779517,0.167297,1.120583,0.000093,0.447258,0.514268,0.077735,0.577091,0.364462,1.099642,3.052287,3.030702,1.674385,1.616396,3.113498,1.876705,2.230765
4.067060,-20.501693,-1.689813,1.576543,2.168331,2.636501,3.241769,4.067312,2.542473,1.607118,2.944231,2.325484,2.155838,2.029590,2.637816,2.621049,3.406812,3.004067,0.211755,1.104797,-0.000229,0.329346,0.568392,0.153121,0.469487,0.307761,1.695004,3.158924,2.641526,1.526189,1.450480,3.238821,2.075803,2.201126
1.539903,-33.803284,-1.323559,1.221141,1.913862,2.170633,3.580731,4.251424,1.944767,1.067933,2.226195,2.464883,2.273209,1.318786,2.423129,2.467184,3.658650,3.236508,0.289397,0.972709,0.394423,0.190815,0.850609,0.387013,0.565493,0.281343,2.822905,3.426965,2.769103,0.824191,0.594165,3.318073,2.666010,2.164077
2.062802,-36.638124,-1.373533,1.154071,1.902684,2.170304,3.884516,4.424029,1.848437,0.777956,2.115399,2.593761,1.880656,1.118564,2.009535,2.321539,3.818104,3.437716,0.636047,0.564526,0.638624,0.131536,0.700480,0.382181,0.759758,0.523933,3.486888,3.913758,2.962725,0.011369,0.393456,3.500741,3.133795,2.412466
2.200912,-41.180598,-1.541536,1.084700,1.898410,2.211071,3.916078,4.441782,1.818518,0.678996,2.200222,2.587514,1.800107,0.906177,1.904657,2.284059,3.831255,3.480128,0.674062,0.495583,0.662787,0.205312,0.672129,0.321614,0.726575,0.656021,3.717881,4.011052,2.960147,0.011369,0.516201,3.602546,3.183408,2.626384
2.007292,-43.646490,-1.601044,1.100153,1.939178,2.232770,3.975914,4.459207,1.799121,0.659598,2.236716,2.523733,1.793861,0.844368,1.815231,2.291292,3.852954,3.523197,0.726897,0.540364,0.710145,0.311949,0.696936,0.347065,0.753637,0.750415,3.875098,4.094171,3.080959,0.011691,0.568070,3.731412,3.313241,2.759438
2.148677,-45.074461,-1.647073,0.978836,1.870464,2.215674,3.966051,4.458549,1.770189,0.568528,2.202195,2.478034,1.767888,0.773025,1.788272,2.351128,3.853282,3.512018,0.749127,0.536176,0.723676,0.327413,0.702091,0.373160,0.769101,0.762980,3.940175,4.114789,3.078382,0.012013,0.569359,3.771683,3.359311,2.813884
2.218109,-46.563359,-1.726636,0.831546,1.867177,2.143016,3.967037,4.461180,1.726462,0.439321,2.163400,2.465540,1.712983,0.681297,1.721531,2.357703,3.849008,3.502155,0.746549,0.508147,0.733663,0.348998,0.710145,0.394745,0.782310,0.779088,4.014596,4.138307,3.097068,0.011369,0.549062,3.787147,3.379607,2.867042
2.500078,-48.329233,-1.670087,0.743435,1.831669,2.134139,3.969010,4.453947,1.660708,0.337073,2.077919,2.404718,1.691941,0.671763,1.727120,2.404718,3.842762,3.472566,0.765879,0.531343,0.757181,0.389268,0.767168,0.430505,0.808405,0.795196,4.041658,4.156349,3.095457,0.011369,0.646034,3.846103,3.395393,2.964013
2.666113,-50.594321,-1.722033,0.798011,1.832327,2.161756,3.968681,4.460851,1.644598,0.321292,2.143673,2.419512,1.699174,0.690503,1.777751,2.495787,3.849337,3.475525,0.826769,0.535531,0.781665,0.467554,0.802606,0.448547,0.815493,0.803251,4.106413,4.171168,3.113498,0.011691,0.830957,3.914080,3.428254,3.031024
2.126030,-50.719542,-1.687183,0.708256,1.781367,2.083508,3.973941,4.455591,1.531830,0.171700,2.082522,2.388279,1.668270,0.617515,1.749805,2.563843,3.831584,3.459415,0.854475,0.519745,0.806794,0.529088,0.836111,0.471420,0.830957,0.806794,4.136374,4.172457,3.119297,0.011691,0.897323,3.945330,3.446295,3.091913
2.365191,-50.341072,-1.627675,0.649735,1.716928,2.041754,3.957503,4.446385,1.473966,0.064849,2.006576,2.343566,1.570625,0.598447,1.783997,2.632227,3.809556,3.433113,0.839011,0.496227,0.810660,0.575802,0.850287,0.479797,0.819037,0.796807,4.122843,4.165047,3.115431,0.011369,0.946936,3.950485,3.434697,3.130573
2.550803,-51.589219,-1.854858,0.597132,1.735339,2.066412,3.953886,4.441782,1.416760,0.060904,1.923068,2.263675,1.536104,0.523815,1.744216,2.654584,3.802981,3.418319,0.883470,0.464977,0.825480,0.605763,0.882181,0.536820,0.812271,0.795841,4.134441,4.173101,3.114787,0.012013,0.938238,3.941786,3.434697,3.180509
2.056490,-53.107951,-1.646415,0.488308,1.540049,1.967123,3.906872,4.425015,1.250730,0.059589,1.706079,2.188057,1.468706,0.462993,1.756709,2.775571,3.783912,3.369332,0.911498,0.437271,0.863818,0.581601,0.897645,0.542619,0.805184,0.771034,4.123165,4.164403,3.108344,0.011047,0.958856,3.943397,3.436630,3.212081
2.147135,-54.910930,-1.491234,0.458718,1.423335,1.946411,3.882872,4.411535,1.194839,0.055644,1.546624,2.189701,1.427280,0.418937,1.882629,2.890641,3.768131,3.313112,0.957568,0.457890,0.916653,0.603186,0.944681,0.599964,0.837400,0.747194,4.153771,4.170202,3.101256,0.012013,1.015235,3.981090,3.417300,3.217880
2.374110,-56.353113,-1.464274,0.451157,1.408540,1.928328,3.876954,4.409891,1.163606,0.056959,1.520652,2.168331,1.317142,0.369950,1.932273,2.925162,3.762213,3.328893,1.021679,0.465621,0.958212,0.616717,0.991395,0.638624,0.829990,0.743328,4.176323,4.195331,3.095135,0.011369,1.127993,3.992366,3.418911,3.224645
0.532399,-55.645485,-1.441589,0.438006,1.408212,1.911890,3.873009,4.410878,1.133030,0.053342,1.496651,2.161427,1.262895,0.368635,1.968767,2.933053,3.753665,3.332838,1.071614,0.463688,0.998160,0.515557,1.042297,0.722065,0.830312,0.714977,4.187276,4.216271,3.081926,0.012335,1.284243,4.000742,3.421489,3.214336
0.168578,-55.463098,-1.412986,0.099042,1.385198,1.857971,3.829282,4.409891,1.023878,0.054329,1.468377,2.131838,1.222127,0.340360,1.969096,2.956724,3.741500,3.352893,1.061627,0.465299,1.007181,0.310982,1.065815,0.772967,0.833534,0.652155,4.192109,4.205962,3.062274,0.012335,1.356730,3.998165,3.408602,3.154091
2.015553,-55.927574,-1.286736,0.052027,1.324046,1.819505,3.807255,4.391151,0.900588,0.052356,1.339170,2.043727,1.148482,0.213126,1.961205,2.992560,3.709281,3.304564,1.044552,0.426962,0.994939,0.253637,1.082568,0.792941,0.790042,0.614784,4.182766,4.202418,3.041977,0.012013,1.459823,3.993655,3.403447,3.138305
3.622858,-59.431772,-1.172652,0.050054,1.290840,1.807011,3.746103,4.357946,0.729955,0.051041,1.224757,1.920438,0.834176,0.039534,2.062467,3.042862,3.642869,3.224015,0.958856,0.297773,0.982697,0.197902,1.118328,0.891202,0.733019,0.621549,4.136374,4.184699,2.974645,0.011369,1.492684,3.971748,3.422455,3.167300
-0.602757,-50.576245,-0.937250,0.045452,1.144866,1.687339,3.596841,4.281671,0.049068,0.045780,0.981795,1.766573,0.783216,0.000739,2.051946,3.008670,3.537005,3.074424,0.829668,0.196291,0.925029,0.142812,1.094488,0.858019,0.572580,0.555506,4.039080,4.130897,2.930830,0.011369,1.411821,3.915369,3.366076,3.074838
-3.962379,-31.589492,-0.782727,0.042164,0.751326,1.511775,3.402538,4.192903,0.042164,0.039534,0.825299,1.482843,0.439650,0.000410,1.893807,2.945546,3.443963,2.808449,0.699513,0.213688,0.816459,0.112851,1.014269,0.692426,0.430828,0.458212,3.886696,4.064531,2.917944,0.012013,0.874449,3.846103,3.255895,2.848356
-20.660507,-9.988761,-0.270170,0.031314,0.030657,1.096536,3.026095,4.015038,0.028356,0.031643,0.302223,0.760202,0.001067,0.000081,1.324046,2.636830,3.249330,2.344553,0.527799,0.144745,0.620261,0.067103,0.814204,0.355441,0.262013,0.143779,3.374774,3.860923,2.809052,0.010402,0.605763,3.630574,2.968524,2.231087
-31.512722,-2.684663,-0.582833,0.035260,0.039863,1.275059,3.415031,4.209999,0.037890,0.036246,0.619159,1.290840,0.635598,0.009615,1.739613,2.860066,3.530430,2.802859,0.489462,0.174384,0.441137,0.246227,0.579990,0.108340,0.154088,-0.000229,3.064851,3.714015,2.721745,0.010402,-0.000874,3.380896,2.654734,1.669553
-35.031582,-0.305406,-0.797193,0.220030,1.205688,1.666297,3.795090,4.341836,0.437020,0.047424,0.846341,1.796820,0.781573,0.024081,2.203510,3.051410,3.768460,3.245714,0.518457,0.163753,0.507181,0.218199,0.538109,0.093199,0.159887,0.000093,3.243009,3.844170,2.733343,0.010080,-0.000229,3.398293,2.622518,1.708535
-36.181355,0.252913,-0.716644,0.579049,1.335553,1.782682,3.869392,4.373069,0.783545,0.052356,1.070563,1.913533,0.904533,0.031314,2.282086,3.128672,3.843091,3.320674,0.590622,0.176639,0.578057,0.252993,0.565170,0.099642,0.195325,0.000737,3.478834,3.892817,2.735276,0.009758,-0.000229,3.446940,2.751384,1.952414
-36.094836,1.396022,-0.710068,0.569843,1.332265,1.749148,3.876625,4.378987,0.829245,0.054657,1.061029,1.897752,0.875930,0.032301,2.273538,3.140507,3.850324,3.346975,0.609629,0.175673,0.602219,0.255570,0.555183,0.096742,0.189526,-0.000229,3.547455,3.890240,2.727544,0.009758,-0.000229,3.467236,2.716590,2.001061
-35.566918,3.407933,-0.933963,0.540912,1.322402,1.774463,3.875639,4.387206,0.681955,0.051370,1.023220,1.833313,0.799655,0.000410,2.213044,3.118151,3.850324,3.339414,0.605119,0.165686,0.589655,0.242361,0.521356,0.087722,0.190815,-0.000551,3.563241,3.877997,2.719812,0.010080,0.000093,3.466270,2.743652,1.969489
-34.583644,0.222994,-0.925086,0.437020,1.263552,1.743887,3.816460,4.361233,0.542555,0.049726,0.974891,1.816217,0.792093,0.002711,2.188386,3.098096,3.841447,3.301934,0.620583,0.161820,0.582890,0.235273,0.512658,0.086111,0.202735,0.000093,3.570973,3.869943,2.722389,0.010080,0.000737,3.451772,2.737531,2.003316
-37.793725,5.579020,-0.979333,0.520199,1.308265,1.766244,3.886160,4.396412,0.643160,0.050712,1.042618,1.817203,0.793080,-0.000248,2.192331,3.099411,3.848351,3.368674,0.637980,0.158276,0.593521,0.239462,0.543585,0.096742,0.223675,-0.000874,3.611244,3.872843,2.725933,0.009758,-0.000551,3.474324,2.881861,2.127350
-38.180492,2.027121,-0.907003,0.255537,1.244483,1.690955,3.822378,4.384247,0.259154,0.048411,0.957794,1.819176,0.824642,0.000739,2.201866,3.068178,3.844077,3.328564,0.647967,0.155377,0.601253,0.236240,0.537464,0.097709,0.232696,-0.000229,3.629285,3.866399,2.729799,0.010724,0.000093,3.516205,2.801642,2.163754
-38.124900,5.077867,-0.997416,0.595159,1.324046,1.773148,3.952242,4.422385,0.420252,0.052027,1.092262,1.902355,0.885793,0.039534,2.246579,3.088233,3.870050,3.471908,0.686949,0.154732,0.623160,0.252670,0.547451,0.097387,0.263946,0.000093,3.647004,3.880575,2.724322,0.009114,-0.000229,3.553254,2.932119,2.254283
-37.396983,3.527665,-1.066787,0.587926,1.369417,1.811614,3.980188,4.426659,0.504747,0.052027,1.194510,2.043727,1.019932,0.029342,2.225537,3.032342,3.875968,3.505114,0.694037,0.161498,0.611884,0.246227,0.537464,0.091910,0.268134,0.000415,3.629285,3.892173,2.728188,0.010080,0.000415,3.553254,2.962403,2.285533
-35.900414,2.442499,-1.131884,0.394279,1.320758,1.760983,3.970982,4.422713,0.367977,0.049726,1.182346,2.010192,0.917684,0.045123,2.113755,2.983684,3.862817,3.488018,0.681794,0.152477,0.602864,0.234307,0.535531,0.088366,0.269423,0.000415,3.625097,3.893783,2.734309,0.009114,-0.000229,3.532313,2.966269,2.308084
-35.394341,2.169017,-1.122021,0.343648,1.305306,1.774134,3.947640,4.420083,0.304524,0.052356,1.170839,1.987836,0.926561,0.003698,2.048987,2.967574,3.856570,3.479799,0.666653,0.151833,0.583856,0.233340,0.534887,0.091910,0.275222,-0.000229,3.593203,3.898616,2.732376,0.009114,-0.001840,3.524259,2.960470,2.323226
-36.476306,4.768263,-1.088486,0.319648,1.292813,1.780052,3.949284,4.420412,0.212468,0.050383,1.139605,1.961534,0.909794,0.005341,2.037809,2.966259,3.858543,3.479141,0.663109,0.153444,0.582890,0.238495,0.539075,0.092554,0.277155,-0.001196,3.594169,3.897327,2.732699,0.009758,-0.001196,3.528125,2.955637,2.364141
-36.206631,1.415490,-1.106897,0.226934,1.280977,1.757696,3.957174,4.418439,0.050383,0.048739,1.155057,2.026631,0.999548,0.005013,2.037809,2.947519,3.857556,3.473881,0.653122,0.145067,0.592555,0.216910,0.536498,0.092232,0.278766,-0.000229,3.605445,3.897972,2.741397,0.010402,-0.000874,3.505896,2.957248,2.395391
-37.203231,5.239671,-1.198296,0.498500,1.380266,1.888547,4.012079,4.438494,0.327867,0.051698,1.249744,2.064768,1.031768,0.020465,2.185756,2.981711,3.876296,3.571526,0.690815,0.137335,0.624127,0.237851,0.538753,0.092876,0.280054,0.038753,3.670523,3.923423,2.746874,0.010724,-0.000874,3.520071,3.058086,2.482376
-36.227773,3.845073,-1.302846,0.578392,1.404595,1.915177,4.006161,4.441125,0.571487,0.055644,1.361526,2.063782,1.118564,0.175974,2.218962,2.987958,3.874324,3.577444,0.681150,0.125415,0.627026,0.232696,0.544230,0.105763,0.408598,0.061949,3.666979,3.940497,2.747840,0.010724,-0.000551,3.516205,3.076449,2.522647
-35.996516,2.562918,-1.253859,0.590556,1.382896,1.924054,4.002544,4.440796,0.501788,0.054000,1.308594,2.048987,1.075495,0.061233,2.211400,3.020177,3.875310,3.566266,0.733341,0.113817,0.675351,0.276511,0.598676,0.165364,0.434049,0.094487,3.764917,3.964338,2.753639,0.010402,0.000093,3.589981,3.117364,2.572260
-35.699583,1.618503,-1.204543,0.541898,1.363170,1.907616,4.002216,4.436193,0.408745,0.052685,1.260264,2.048658,1.023549,0.019807,2.176550,3.030698,3.870050,3.554759,0.752348,0.098353,0.705957,0.285531,0.647323,0.197258,0.474320,0.113173,3.801000,3.966271,2.753639,0.009114,-0.000229,3.613177,3.125740,2.602222
-33.541845,-2.042949,-1.235448,0.549788,1.368759,1.917807,3.992024,4.435207,0.307154,0.054657,1.286895,2.040439,1.056097,0.071753,2.300168,3.020506,3.870050,3.552457,0.762980,0.088366,0.709823,0.319681,0.680183,0.248804,0.540042,0.164719,3.838049,3.981090,2.764915,0.010724,-0.000551,3.630574,3.136372,2.654090
-34.491719,-2.333030,-1.248599,0.601077,1.396047,1.926684,3.997942,4.439152,0.449842,0.054000,1.303991,1.988165,1.039659,0.043150,2.304771,3.070479,3.882543,3.564950,0.791008,0.084178,0.743650,0.402799,0.708212,0.270389,0.610596,0.195003,3.926322,4.017173,2.802608,0.009436,0.346420,3.696296,3.242042,2.740108
-32.324124,-7.866570,-1.384382,0.581350,1.367115,1.929314,3.972626,4.435207,0.054329,0.053013,1.437472,1.976329,1.035713,0.265729,2.394526,3.063575,3.881228,3.545882,0.830957,0.081601,0.783921,0.456923,0.790042,0.350609,0.630248,0.163108,3.972714,4.023616,2.808085,0.009436,0.521678,3.728190,3.308086,2.820650
-30.322626,-2.354887,-1.598743,0.625406,1.413801,2.036494,3.984462,4.433892,0.055644,0.054986,1.655448,2.018740,1.045905,0.322278,2.388279,3.083630,3.899310,3.556074,0.870583,0.076768,0.866073,0.484629,0.873160,0.437593,0.600931,0.236240,4.016206,4.012018,2.862853,0.013624,0.573547,3.712082,3.335792,2.945006
-24.957630,-0.255624,-1.935079,0.677681,1.649201,2.297538,3.952242,4.425672,0.057616,0.055972,2.061152,1.963835,1.131057,0.529404,2.433321,3.097767,3.904571,3.507416,0.817748,0.057760,0.865751,0.447902,0.884758,0.454346,0.597387,0.232696,3.974325,3.950485,2.843523,0.011047,0.668586,3.598357,3.272326,2.918910
-15.051376,5.130149,-1.831186,1.090289,1.961205,2.559569,3.874324,4.380960,0.817080,0.064192,2.284716,1.879012,1.183989,0.773682,2.661159,3.151028,3.870050,3.309167,0.734629,0.018456,0.796485,0.409243,0.882503,0.469487,0.562271,0.201446,3.859634,3.893783,2.908923,0.011691,0.707890,3.397326,3.190174,2.844168
-8.521800,19.237400,-1.567509,1.197140,1.996055,2.548391,3.664568,4.216903,1.184318,0.620146,2.255456,1.696544,1.091933,0.787491,2.674968,3.124397,3.773062,2.917272,0.583534,0.002026,0.694037,0.147967,0.757181,0.349964,0.474320,0.268456,3.630896,3.844814,3.019748,0.189204,0.485596,3.108344,2.889915,2.647325
-4.277335,40.073147,-2.100452,0.977849,1.912547,2.725927,3.210535,3.952571,1.306621,0.676037,2.690420,0.565569,0.956151,1.276703,2.830476,2.984670,3.371633,2.321867,0.246227,0.082245,0.074513,0.156343,0.428250,0.070969,0.370905,0.000415,2.828060,3.465303,2.930508,0.011047,0.380892,3.018459,1.387336,1.625094
-3.146552,47.610484,-2.740905,0.052027,1.263552,2.698968,2.190359,3.687253,1.735339,0.639543,2.792668,0.602721,0.023753,0.915054,2.596391,2.546089,2.837380,1.902355,0.093199,0.144101,0.000415,0.051962,0.161498,0.001059,0.203701,0.000093,1.576125,3.037789,2.779413,0.010402,0.000093,2.799709,0.011047,0.000093
-3.572963,54.031662,-2.729727,0.051041,1.214236,2.692721,2.128221,3.725391,1.807669,0.699380,2.781818,0.779600,0.001067,0.827929,2.559569,2.503349,2.837709,1.995726,0.124771,0.163753,-0.000229,0.036820,0.121549,0.000093,0.167619,0.000093,1.389269,3.033601,2.770070,0.010724,0.000415,2.843201,0.011369,-0.000229
-3.219290,62.723479,-2.750111,0.053671,1.216209,2.703571,2.208441,3.748733,1.873423,0.764148,2.804175,0.878560,-0.000248,0.951219,2.624994,2.578638,2.859079,2.050302,0.123804,0.220454,-0.000229,0.051962,0.116717,0.000415,0.174384,0.000093,1.276189,3.001707,2.768137,0.011047,0.000093,2.851578,0.012657,-0.000551
-2.797182,71.299274,-2.794167,0.057945,1.346074,2.880449,2.350470,3.789830,1.998356,0.831217,2.853161,0.939383,0.000410,1.039330,2.765708,2.671351,2.887354,2.102248,0.112851,0.256536,-0.000229,0.048096,0.113495,-0.000551,0.214977,0.000093,1.190171,3.000418,2.768137,0.010080,-0.000551,2.855766,0.011691,0.000737
-1.631943,72.947487,-2.800742,0.057945,1.306292,2.917601,2.362635,3.784241,1.996055,0.823984,2.859408,1.317799,0.000410,1.050179,2.773270,2.690749,2.889655,2.096988,0.109951,0.299384,-0.000229,0.041008,0.105763,0.000093,0.276188,-0.000874,1.028122,2.983988,2.774902,0.011047,-0.000874,2.849000,0.011047,0.000093
-1.978101,73.185578,-2.781016,0.056301,1.248757,2.898203,2.361320,3.773391,1.964493,0.813135,2.837709,1.052809,0.000739,1.037686,2.770640,2.657214,2.877490,2.082851,0.108018,0.323547,-0.000229,0.028443,0.104152,0.000093,0.290364,0.000093,0.888946,2.977222,2.783601,0.010724,0.000093,2.833214,0.011369,-0.000874
-0.592044,77.590794,-2.784961,0.054986,1.250730,2.870586,2.373813,3.756953,1.943123,0.831546,2.842641,0.964041,0.000081,1.041631,2.777544,2.650967,2.889984,2.076604,0.122516,0.316459,-0.000551,0.016523,0.107374,-0.000229,0.294230,0.000415,0.999771,2.983343,2.786500,0.011047,0.000415,2.810018,0.011369,-0.000229
3.218991,80.201477,-2.806332,0.057945,1.201086,2.884066,2.275839,3.790487,1.973370,0.898615,2.864340,1.508158,0.000410,1.164592,2.773599,2.683844,2.866641,2.095344,0.123482,0.418585,-0.000229,0.036820,0.114139,0.000415,0.336111,0.000415,0.805506,2.917299,2.776191,0.010402,-0.000551,2.779735,0.011691,0.000093
4.706321,81.712025,-2.795811,0.060904,1.367773,3.124397,2.356060,3.842104,2.077262,0.991658,2.857764,1.543994,0.000410,1.249415,2.835079,2.736776,2.878477,2.284387,0.131536,0.533920,-0.000229,0.053895,0.123160,0.000415,0.362851,0.000093,-0.000229,2.805186,2.739786,0.396678,0.193714,2.724644,0.010402,-0.000229
5.068422,78.448881,-2.818167,0.060904,1.446020,3.258207,2.468170,3.866105,2.125591,1.027823,2.879463,1.561090,0.001396,1.311224,2.864340,2.797270,2.945217,2.354416,0.105441,0.595776,-0.000551,0.011047,0.115106,0.000093,0.377670,0.000093,-0.000874,2.744619,2.820972,0.364784,0.045196,2.734632,0.011369,-0.000229
4.448854,77.517435,-2.492680,0.064520,1.530186,3.269385,2.594747,3.887475,2.148605,1.178071,2.885052,1.515062,0.000739,1.397691,2.881765,2.828175,3.047465,2.396498,0.121227,0.608985,0.000415,0.017490,0.116717,0.000415,0.354475,0.000093,0.000415,2.784567,2.813240,0.387658,0.186304,2.735598,0.011369,-0.000229
3.223009,78.649307,-2.443693,0.291702,1.522295,3.273002,2.635515,3.897338,2.201866,1.202072,2.912011,1.493692,0.000410,1.474952,2.892943,2.846586,3.094808,2.426088,0.138302,0.589655,-0.000229,0.027799,0.116072,0.000093,0.381536,-0.000229,0.124449,2.880250,2.820650,0.440493,0.127348,2.710147,0.011047,0.000093
0.945047,78.055268,-2.318758,0.563926,1.633420,3.320345,2.843627,3.945338,2.251510,1.256648,2.939957,1.469692,0.000739,1.518679,2.942587,2.944560,3.184891,2.525705,0.152477,0.602542,0.000093,0.020389,0.123160,0.000415,0.402155,0.000093,0.400222,2.940173,2.836758,0.501704,0.249127,2.695972,0.010080,-0.000874
-1.506599,73.558766,-2.247743,0.616858,1.724490,3.319030,2.905107,3.967037,2.257099,1.237579,2.940943,1.616982,0.082932,1.550899,2.943573,2.951464,3.216782,2.549377,0.149900,0.643457,-0.000229,0.022000,0.125093,-0.000229,0.406987,0.000093,0.093843,2.893137,2.869619,0.508469,0.242039,2.658600,0.011047,0.000415
-5.140853,67.120027,-2.107356,0.771381,1.855341,3.333496,3.045492,4.022928,2.327456,1.230017,2.914313,1.601529,0.055644,1.686024,2.962313,2.997821,3.271029,2.633871,0.149900,0.614462,0.000093,0.012013,0.128637,0.000093,0.408598,0.000093,0.707890,2.993653,2.873163,0.486562,0.230119,2.659245,0.011369,0.000093
-3.114221,52.327900,-2.150755,0.818066,1.961863,3.315413,3.151357,4.041997,2.227181,1.188263,2.958368,1.580488,0.029342,1.673202,2.986971,3.010643,3.327907,2.662803,0.177928,0.661498,-0.000229,0.047129,0.154410,0.000093,0.445003,0.000415,0.859307,3.059697,2.898936,0.688882,0.330312,2.809696,0.012335,-0.000229
-1.964847,33.784632,-2.085000,0.897300,1.991452,3.226645,3.269057,4.045942,1.891177,1.087988,2.873874,1.462788,0.142440,1.577858,2.946204,2.981053,3.449881,2.651625,0.205312,0.681150,0.000415,0.087078,0.230763,0.000415,0.405699,-0.000229,1.244295,3.190174,2.949194,0.721421,0.449513,3.028769,0.012657,0.421485
11.889522,11.378986,-1.830528,1.270128,2.176550,3.192782,3.313112,4.043312,2.182797,1.342457,2.865983,1.596598,0.896643,1.642626,2.934697,2.950806,3.463032,2.743681,0.281987,0.945648,0.077413,0.299062,0.412142,0.000093,0.411176,0.235273,2.252994,3.439852,3.180831,1.373483,1.006215,3.073550,0.012980,1.831924
23.072425,5.389888,-1.451452,1.037357,1.918465,2.936998,2.953765,3.885831,2.634529,1.847450,2.689762,1.066289,1.135989,1.953644,2.957711,2.877162,3.251961,2.716064,0.420518,1.297130,0.438560,0.549707,0.974320,0.388624,0.535531,0.320325,2.390237,3.540368,3.344169,1.970133,1.751383,3.177287,2.306151,2.157311
24.163206,1.392235,-1.590852,0.695106,1.851724,2.951464,2.842641,3.821392,2.879134,2.008548,2.767023,1.637365,0.901574,1.866190,2.882093,2.752886,3.090863,2.648995,0.363495,1.210145,0.444359,0.594165,1.322259,0.568714,0.656021,0.298740,2.359953,3.468203,3.190496,1.819037,1.735597,3.233022,2.453059,2.187595
26.188160,-1.529556,-1.582304,0.397567,1.676818,2.885710,2.619076,3.752350,2.916614,1.943780,2.675296,1.775449,0.872314,1.801422,2.834093,2.697324,3.005382,2.598364,0.324835,1.082246,0.435660,0.605441,1.322903,0.566459,0.626060,0.360596,2.474966,3.403125,3.173421,1.730442,1.691138,3.181153,2.456603,2.183084
29.180041,-3.723043,-1.561920,0.224633,1.560104,2.836394,2.507952,3.709610,2.915299,1.883944,2.558911,1.713312,0.843053,1.781696,2.822257,2.673652,2.979081,2.585213,0.290686,1.014269,0.400222,0.571614,1.296163,0.542619,0.594488,0.322580,2.476577,3.347390,3.121552,1.620906,1.552929,3.122841,2.361242,2.099966
29.960160,-5.683551,-1.778911,0.070767,1.679119,2.925491,2.528007,3.764514,2.891628,1.806683,2.683187,1.592981,0.828258,1.740928,2.821599,2.657214,2.972177,2.568117,0.282310,0.984630,0.401511,0.581923,1.295841,0.517812,0.597387,0.273611,2.412466,3.306798,3.084181,1.549385,1.458535,3.095135,2.309695,2.018458
31.535677,-4.451116,-2.051793,0.069452,1.703448,3.107959,2.645049,3.849995,2.870586,1.778737,2.895573,1.522953,0.800970,1.732052,2.823243,2.667735,2.972505,2.586199,0.287464,0.943392,0.423096,0.601253,1.331924,0.521356,0.625093,0.265235,2.461113,3.331604,3.073550,1.557117,1.401511,3.082248,2.258149,1.985275
31.601079,-4.847474,-2.113932,0.076685,1.715284,3.146096,2.679242,3.857885,2.883408,1.806354,2.954752,1.483829,0.788477,1.736326,2.827517,2.662474,2.977108,2.580281,0.284243,0.964333,0.409887,0.560660,1.268457,0.499449,0.643779,0.256536,2.347066,3.313241,3.076127,1.590944,1.380248,3.018782,2.176319,1.907311
31.684474,-4.737866,-2.124781,0.068795,1.606790,3.123411,2.612830,3.842433,2.806147,1.643612,2.918916,1.345087,0.712531,1.624543,2.810750,2.616775,2.952779,2.545432,0.262980,0.921163,0.371227,0.489462,1.183083,0.408276,0.580312,0.221420,2.204025,3.280380,3.027802,1.514591,1.182117,2.968202,2.075481,1.782955
29.065054,-3.034530,-2.107685,0.068795,1.543008,3.101055,2.590802,3.837173,2.836723,1.655119,2.880121,1.437472,0.679982,1.523939,2.795955,2.605597,2.944889,2.532938,0.263946,0.928895,0.369616,0.457890,1.169552,0.386369,0.546163,0.205312,2.160533,3.266849,3.038756,1.498805,1.171807,2.957892,2.039076,1.718200
30.665526,-2.062043,-2.185605,0.070438,1.548268,3.121110,2.620720,3.846378,2.886039,1.677147,2.952779,1.579502,0.703654,1.526569,2.794969,2.601652,2.947847,2.552007,0.249449,0.965300,0.360918,0.504603,1.153122,0.344487,0.531021,0.178895,2.078381,3.212403,3.050354,1.430506,1.163109,2.967879,1.982053,1.692427
32.385198,-3.103827,-2.186920,0.070110,1.536433,3.131959,2.588172,3.837830,2.908395,1.725476,2.966916,1.689640,0.690174,1.575885,2.796942,2.601323,2.953765,2.559898,0.234629,0.918908,0.345132,0.483985,1.130570,0.304861,0.509758,0.143134,2.013625,3.210148,3.019426,1.393779,1.078057,2.893137,1.893458,1.625416
31.858879,-3.235719,-2.176399,0.070438,1.495336,3.119795,2.550363,3.818433,2.915957,1.748819,2.961985,1.698188,0.690174,1.661037,2.797599,2.594747,2.950806,2.559569,0.240106,0.861240,0.343521,0.480119,1.140557,0.297129,0.525866,0.130570,2.032311,3.216591,2.998163,1.351576,1.036176,2.848034,1.831924,1.536499
31.403637,-1.906449,-2.161604,0.069452,1.486131,3.114206,2.529651,3.811529,2.912998,1.774463,2.954423,1.780710,0.710229,1.680106,2.794311,2.589487,2.950478,2.559569,0.224320,0.867039,0.328701,0.479152,1.148612,0.296807,0.560016,0.098675,1.864463,3.128962,3.011050,1.338367,0.995261,2.853511,1.696937,1.499772
33.071775,-1.830158,-2.163248,0.071425,1.510460,3.116836,2.546089,3.816789,2.906422,1.787285,2.966259,1.750792,0.744093,1.703448,2.796942,2.577323,2.949820,2.548719,0.208212,0.863495,0.318392,0.435982,1.137658,0.276188,0.571614,0.100931,1.756860,3.132828,3.034890,1.205635,0.944681,2.845779,1.405377,1.465300
33.122993,-2.767749,-2.208290,0.068795,1.431226,3.099082,2.548062,3.801008,2.849874,1.592652,2.952121,1.662023,0.526117,1.598242,2.776229,2.557596,2.929108,2.520116,0.209500,0.827413,0.323547,0.410209,1.131215,0.275222,0.608018,0.167941,1.935661,3.177287,2.986565,1.117684,0.964655,2.852544,1.373161,1.536176
33.747140,-3.006518,-2.176399,0.069123,1.346074,3.019191,2.476390,3.786871,2.806476,1.595940,2.941930,1.711997,0.618830,1.599885,2.764064,2.528993,2.918587,2.537212,0.209822,0.841588,0.327413,0.478186,1.245905,0.308083,0.634114,0.201768,1.985919,3.165689,2.962080,1.171163,1.005892,2.946616,1.634437,1.598676
