-37.861006,1.334854,1.222456,0.470883,0.682941,1.027494,1.027494,0.033616,1.426952,0.717133,0.031643,1.343115,0.470225,-0.000576,0.951548,2.514856,3.664568,3.620842,-0.000551,0.489140,0.120261,1.049063,0.502993,0.382503,0.000093,0.000093,0.000415,0.000415,2.843846,1.893780,0.060660,0.598354,0.002026,-0.000874
-41.044916,6.952502,1.205688,0.474500,0.680968,1.018946,0.737517,0.032958,1.481528,0.764805,0.031643,1.378622,0.475486,0.002711,0.841080,2.503349,3.663253,3.608019,-0.000874,0.477219,0.106730,1.022001,0.485918,0.375415,0.000415,0.000415,-0.001840,0.000093,2.842879,1.897968,0.060338,0.468199,0.002026,-0.000874
-40.737479,-5.394404,1.193853,0.441622,0.589899,0.958452,0.880204,0.031643,1.425637,0.710558,0.032630,1.399006,0.440307,0.000081,0.686558,2.423458,3.662924,3.616896,0.000415,0.452413,0.067103,0.976253,0.442426,0.338688,-0.000229,0.000415,-0.000229,-0.000874,2.802286,1.869295,0.056472,0.257503,0.001382,-0.000551
-43.280669,3.601367,1.158345,0.322607,0.570172,0.887108,0.643817,0.028027,1.358567,0.648091,0.027369,1.237579,0.326223,0.000739,0.667489,2.469814,3.643855,3.573170,0.000093,0.427284,0.035853,0.971421,0.406021,0.325157,-0.000229,-0.000551,-0.000874,-0.003451,2.813562,1.750738,0.037142,0.001704,-0.000229,-0.000229
-42.243595,-6.577985,1.169523,0.328525,0.583981,0.898287,1.015658,0.028356,1.355608,0.651708,0.029342,1.253689,0.278880,-0.001234,0.798011,2.490198,3.667856,3.638924,0.000737,0.442103,0.014590,0.952413,0.382181,0.317748,0.000737,-0.000551,-0.000551,-0.000229,2.826127,1.706924,0.042619,0.000415,-0.001196,-0.000874
-44.339921,0.652175,1.135660,0.316689,0.515596,0.766449,0.825299,0.026383,1.246127,0.609625,0.027369,1.098837,0.166769,0.000081,0.806888,2.489541,3.658650,3.589280,-0.000229,0.437593,0.014590,0.961434,0.387980,0.321936,0.000093,0.000093,-0.000229,-0.000551,2.866719,1.509759,0.006536,0.000737,0.000093,-0.000551
-44.127858,-5.663131,1.100153,0.322607,0.503103,0.763819,1.199113,0.030986,1.336539,0.635927,0.029013,1.173140,0.153289,-0.002220,0.825957,2.557267,3.651088,3.578101,0.000415,0.433405,0.012657,0.940815,0.390557,0.324835,-0.000229,0.000737,-0.001840,-0.000229,2.840302,1.423741,0.034565,0.000093,-0.000229,-0.000874
-41.856337,-4.826990,1.054453,0.288414,0.374224,0.727325,1.079440,0.025725,1.252374,0.515267,0.025397,0.879218,0.013232,0.000081,0.857519,2.577323,3.636623,3.499196,0.000415,0.488817,-0.000229,1.034565,0.453379,0.379926,0.000093,0.000737,-0.000229,-0.001518,3.045843,1.516202,0.053572,-0.000229,-0.000229,0.000737
-40.196876,-2.098959,0.979493,0.271647,0.211482,0.651379,0.967000,0.021123,1.089632,0.391978,0.024410,0.775655,0.001396,0.001067,0.824971,2.587843,3.632020,3.490977,0.000093,0.456923,-0.000229,1.022001,0.463688,0.385725,0.000415,0.000093,-0.000551,-0.002807,2.986565,1.338045,0.044230,0.034887,0.000415,0.000093
-38.800443,-1.965482,0.919986,0.263099,0.156577,0.602392,0.736202,0.020794,1.033412,0.366333,0.020465,0.754285,0.013561,0.001067,0.775326,2.542802,3.614595,3.476182,-0.000551,0.364462,0.000737,0.944037,0.404732,0.357052,-0.000229,0.000093,0.000093,-0.000551,2.906024,0.965622,0.003315,-0.000229,0.000093,0.000093
-38.464153,0.270570,0.778614,0.229235,0.015862,0.572474,0.628694,0.017835,0.926232,0.294990,0.016848,0.637242,-0.001563,-0.000905,0.718448,2.381046,3.580074,3.440018,-0.000551,0.291974,0.000093,0.835467,0.283598,0.249771,-0.000551,-0.000551,0.000415,0.000093,2.623807,0.319359,0.001382,-0.000551,-0.004095,0.000415
-38.201324,1.687252,0.804587,0.254222,0.017835,0.581679,0.490281,0.016520,0.931164,0.307812,0.014547,0.530720,0.000739,0.001396,0.789134,2.556939,3.601115,3.462374,0.000093,0.315493,0.000093,0.926318,0.291974,0.249127,0.000415,0.000415,0.000737,-0.000874,2.730766,0.322258,0.001059,0.000093,-0.000551,-0.000229
-37.174885,3.226613,0.835491,0.259811,0.016848,0.596145,0.346278,0.015533,0.913410,0.302223,0.013232,0.487322,0.000081,0.001725,0.814450,2.575350,3.643527,3.517936,0.000093,0.370583,-0.000229,0.991395,0.345776,0.272967,-0.000229,0.000093,-0.000874,-0.000551,2.761693,0.305828,0.002026,0.000737,-0.000229,-0.001196
-36.016712,4.554722,0.834176,0.248304,0.015205,0.585953,0.281510,0.015533,0.866067,0.291702,0.015205,0.463321,-0.000905,-0.000248,0.826286,2.649323,3.662267,3.554101,0.000415,0.462078,-0.000229,1.084501,0.414397,0.332245,0.000093,-0.000229,-0.000874,0.000093,2.982055,0.348031,0.000415,0.466588,0.001704,-0.000229
-31.602506,0.189932,0.818395,0.201947,0.015205,0.593515,0.066164,0.009944,0.816422,0.285784,0.013232,0.446554,0.000739,0.001725,0.843382,2.731516,3.697445,3.580731,0.000093,0.484629,0.012980,1.154733,0.487207,0.363495,-0.000229,0.000093,0.000415,0.000093,3.054542,0.314526,0.001059,0.596421,0.002348,-0.000229
-25.339768,3.723065,0.947274,0.323264,0.014218,0.594173,0.015533,0.016520,0.903547,0.356470,0.013561,0.741134,0.000410,0.000739,0.862451,2.803846,3.700404,3.599143,0.000415,0.543585,0.000093,1.204668,0.598031,0.509114,0.000093,-0.000551,-0.000229,-0.000551,3.090624,0.413431,0.032632,0.904733,0.003637,0.000093
-12.115507,2.861070,0.914396,0.340032,0.012903,0.447211,0.016191,0.016848,0.891711,0.325894,0.017506,1.002179,0.000410,-0.000576,0.817409,2.695023,3.685609,3.580403,0.001059,0.522000,-0.000229,1.140880,0.576446,0.508792,-0.000229,0.000093,-0.000229,-0.001196,3.121552,0.305183,0.023933,0.858019,0.000415,0.000737
0.695701,-0.013546,0.874286,0.148686,0.021780,0.558008,0.018164,0.018164,1.107386,0.343319,0.019150,1.371060,0.122056,0.000081,0.486664,2.332388,3.630705,3.481443,0.000093,0.505248,0.001382,1.097387,0.560016,0.525866,-0.000229,-0.000229,0.000093,-0.000229,3.112210,0.136047,0.000093,0.791008,0.003637,-0.000229
0.087970,-0.154793,1.029138,0.022766,0.022766,0.022109,1.207003,0.022109,1.383883,0.487322,0.022109,1.186620,0.014218,0.002054,0.462664,1.614680,3.452511,3.121767,0.000093,0.518779,0.012335,1.128315,0.563238,0.546807,-0.000551,0.000093,0.000093,0.536176,3.516527,0.957890,0.436627,1.384759,0.004925,1.149256
0.166914,-0.018569,0.000410,0.010273,0.008629,0.009287,1.037357,0.007972,0.650721,0.009287,0.008958,0.393293,0.000081,-0.000248,-0.000905,1.159989,2.947847,2.504335,0.000093,0.415364,0.113495,1.404733,0.735918,0.727864,0.000093,-0.000551,-0.000874,1.355119,3.730445,1.388625,0.016523,0.609629,0.001704,0.620583
-3.643479,11.629042,0.628365,0.013561,0.014547,0.016191,1.157688,0.015205,0.929191,0.192084,0.015533,0.588912,0.000739,0.000081,0.228578,1.305635,2.912998,2.461595,0.000415,0.082245,0.267812,1.394424,0.799062,0.831279,-0.000551,0.000737,-0.000229,1.236241,3.738500,1.448547,0.005248,0.000093,0.000415,0.000093
-1.366342,13.096181,0.644146,0.030328,0.033616,0.030986,2.306744,0.527103,1.250401,0.633296,0.537953,1.173797,0.000410,0.002382,1.153085,1.535775,2.744009,2.253154,-0.000229,-0.000229,0.185016,1.161820,0.720776,0.752026,-0.000229,0.000415,-0.000551,-0.000551,3.549066,1.783921,0.006214,-0.001196,-0.000874,0.843199
-1.621858,16.294659,0.701024,0.019150,0.017835,0.018164,1.689969,0.020465,0.447211,0.309127,0.246989,0.913410,0.000081,-0.001234,0.476143,1.139605,2.543459,2.223236,-0.000551,0.274578,0.000093,0.920841,0.411820,0.488495,0.000415,-0.000229,-0.000874,0.323869,3.334182,0.013946,0.000093,0.000093,-0.000551,-0.000551
-1.545440,21.265147,0.791107,0.017835,0.018164,0.015862,1.213579,0.014218,0.798669,0.240414,0.016520,0.984754,0.000410,0.001725,0.387704,1.122509,2.674639,2.388937,0.000093,0.276833,0.052928,0.910854,0.447580,0.496871,0.000737,0.000093,-0.000229,-0.001196,3.365110,0.013624,-0.000874,-0.000551,0.002992,-0.000874
-1.685526,24.119213,0.788148,0.014218,0.014876,0.015533,0.846998,0.018821,0.635598,0.154275,0.015533,1.048207,0.000739,-0.000905,0.364361,1.140920,2.710475,2.477047,0.000415,0.263946,0.054861,0.900222,0.439526,0.492039,0.000093,0.000093,-0.000229,-0.002162,3.331926,0.013624,-0.000874,-0.000229,-0.000229,0.001059
-1.865719,25.943092,0.959109,0.016848,0.015205,0.015862,0.571487,0.014876,0.739490,0.337402,0.016848,1.198455,0.000739,0.000081,0.418937,1.211606,2.884066,2.585871,0.000415,0.253959,0.056794,0.926640,0.445647,0.500415,-0.000229,-0.000229,-0.000229,-0.000551,3.279736,0.013624,-0.000874,0.000093,0.000415,-0.000551
-1.454455,28.602005,0.919328,0.019479,0.016520,0.018164,0.702996,0.019150,0.874286,0.460362,0.150659,1.405253,0.076356,-0.000576,0.537953,1.211935,2.955409,2.669378,0.000415,0.255570,0.061626,0.929217,0.444036,0.489784,-0.000229,0.000093,-0.000229,-0.000229,3.220135,0.012657,-0.000551,0.000093,0.000415,0.000415
-1.385697,30.500727,0.845026,0.023424,0.022109,0.022766,0.876259,0.022766,0.969959,0.488308,0.345950,1.487446,0.270332,0.001396,0.732257,1.263881,2.992889,2.723954,-0.000229,0.248160,0.062915,0.901189,0.431472,0.460467,0.000093,-0.000551,0.000093,0.000093,3.156991,0.012013,-0.000229,-0.000874,-0.000229,-0.000551
-0.636422,33.933226,0.687873,0.026383,0.025068,0.024739,1.020590,0.025068,1.068919,0.580693,0.589570,1.622899,0.416307,0.000081,1.095221,1.345416,3.045821,2.797928,-0.000229,0.252993,0.078379,0.880248,0.418263,0.452413,-0.000229,0.000415,-0.000874,0.000093,3.063885,0.012657,-0.000874,-0.000229,-0.001196,-0.000874
-0.914336,35.358080,0.728640,0.028027,0.029013,0.029013,1.538405,0.029342,1.181359,0.669133,0.569186,1.669585,0.483705,0.000739,1.237250,1.392102,3.063246,2.897874,-0.000229,0.235596,0.096098,0.849964,0.413431,0.443714,0.000093,-0.000551,-0.000229,0.000093,2.991720,0.012335,0.000093,-0.000874,0.000093,-0.000874
-0.502135,38.082210,0.744093,0.240742,0.033945,0.033616,1.822135,0.033945,1.437472,0.796696,0.662557,1.815888,0.719764,0.372909,1.463117,1.452267,3.072452,2.931409,0.000093,0.228830,0.108663,0.836434,0.395389,0.438882,0.000415,0.000093,-0.000874,-0.000229,2.917622,0.011047,-0.000874,-0.000551,0.000415,-0.000551
-1.206677,40.637004,0.743106,0.219044,0.034931,0.034931,1.987507,0.035917,1.474295,0.829245,0.701681,1.869149,0.862451,0.510007,1.496322,1.471993,3.073767,2.961985,-0.000229,0.207245,0.123160,0.823869,0.396356,0.425995,-0.000229,0.000093,0.000415,-0.000874,2.830637,0.011369,-0.000229,0.000093,0.000093,0.278444
-0.961005,43.748616,0.709243,0.300579,0.037561,0.037890,2.178194,0.037890,1.513747,0.866067,0.763819,2.100276,1.018946,0.620474,1.621584,1.651503,3.086589,2.990588,-0.000551,0.185016,0.131858,0.822903,0.395067,0.435016,0.000093,-0.000229,-0.000551,0.000093,2.724322,0.010724,-0.000551,-0.000874,-0.001196,0.316137
-0.904879,45.491588,0.697736,0.639872,0.043150,0.042493,2.418197,0.045780,1.640982,1.009412,0.957466,2.143673,1.090289,0.758230,1.698517,1.862903,3.129987,3.080013,-0.000229,0.195003,0.154732,0.841588,0.404088,0.438882,0.000093,-0.000229,-0.000551,0.000093,2.583214,0.010724,-0.000551,-0.000551,-0.000874,0.484951
-0.308493,47.547949,0.570501,0.896643,0.050054,0.050054,2.683187,0.352525,1.743887,1.131057,1.202072,2.292278,1.202729,0.827929,1.801094,2.017096,3.189165,3.124397,0.000415,0.205956,0.157309,0.847387,0.419874,0.442426,0.000415,0.000737,-0.001196,-0.000229,2.636693,0.010724,-0.000874,0.000415,0.000415,0.773289
0.005934,49.093976,0.374224,1.117249,0.056959,0.415978,2.833435,0.794395,1.894136,1.235935,1.411171,2.396170,1.268155,0.910122,1.950356,2.153536,3.234207,3.181275,0.000093,0.209178,0.173096,0.866073,0.419552,0.447258,0.000093,0.000093,-0.000551,0.000737,2.658278,0.129603,-0.000229,0.000415,-0.000874,0.980119
0.359458,49.475765,0.318333,1.195168,0.462335,0.769737,2.980067,0.994946,2.079892,1.408212,1.523610,2.405375,1.430239,0.977192,2.130522,2.265976,3.284509,3.277933,0.000737,0.208534,0.191781,0.901511,0.419552,0.460467,0.000093,-0.000229,-0.000551,-0.000551,2.584825,0.321292,0.001059,0.000415,0.001382,1.211756
1.183693,49.809753,0.192084,1.324704,0.658941,0.845026,3.095137,1.139276,2.149591,1.538405,1.736654,2.433978,1.625201,1.115605,2.186742,2.303456,3.327907,3.324619,0.000093,0.202413,0.197902,0.914720,0.422774,0.470776,-0.000551,-0.000229,0.000093,0.000093,2.488819,0.378315,0.002992,-0.000551,-0.000229,1.227220
2.253491,49.488777,0.183207,1.357581,0.663543,0.947602,3.094479,1.293142,2.245592,1.570625,1.786628,2.421485,1.658078,1.139934,2.197263,2.373156,3.335797,3.302591,-0.000229,0.190492,0.204990,0.919552,0.422774,0.493006,0.000415,-0.000551,-0.000551,-0.000551,2.387015,0.459178,0.001704,-0.000229,0.000093,1.182761
2.378842,50.188543,0.096083,1.364485,0.525788,0.869684,3.159905,1.353307,2.207784,1.621584,1.878355,2.412279,1.652489,1.185962,2.218962,2.390252,3.329551,3.258536,-0.000229,0.152799,0.200802,0.899578,0.405699,0.488173,-0.000551,0.000737,0.002670,-0.001196,2.346744,0.427928,0.002026,-0.000229,-0.000229,1.319037
1.238268,49.945416,-0.004193,1.393417,0.531048,0.901574,3.211193,1.432212,2.220277,1.787285,2.136112,2.414910,1.771833,1.358567,2.252825,2.410636,3.330537,3.304235,0.005892,0.161498,0.206601,0.883470,0.415042,0.476253,0.000415,-0.000229,-0.000551,0.000093,2.387015,0.812915,0.002026,-0.000551,-0.000229,1.451447
0.459510,49.183116,0.078329,1.402294,0.698722,1.089961,3.271029,1.456870,2.269921,1.945424,2.129536,2.435951,1.953644,1.589036,2.369868,2.505322,3.372620,3.398264,0.021678,0.179539,0.247194,0.905377,0.441781,0.516846,-0.000229,-0.000229,-0.000874,0.000415,2.391525,0.969488,0.006858,-0.001196,-0.000874,1.244617
-1.420205,50.408419,0.189783,1.455555,0.949246,1.222127,3.286810,1.544981,2.304771,2.096001,2.172605,2.561541,2.107837,1.644270,2.450088,2.608556,3.435086,3.474210,0.047129,0.199835,0.336755,0.921163,0.495261,0.550673,0.000093,0.000093,-0.000551,-0.000874,2.323871,1.066782,0.003959,0.045196,0.000093,1.542942
-4.886876,48.656108,0.270990,1.635393,1.279333,1.467391,3.239139,1.569638,2.436280,2.371512,2.203181,2.674310,2.251839,1.622571,2.479677,2.638803,3.497552,3.564293,0.083212,0.223353,0.388302,0.949191,0.559694,0.630570,-0.000551,0.000093,-0.000229,-0.000229,2.273935,1.207890,0.003637,0.459823,0.002670,1.768458
-5.396145,48.264896,0.283812,1.799779,1.539063,1.707394,3.105658,1.507172,2.510582,2.491184,2.225537,2.798914,2.305758,1.596598,2.566144,2.615460,3.528128,3.610650,0.088688,0.209500,0.389268,0.962722,0.544230,0.659243,0.000093,-0.000229,0.000093,-0.000551,2.226577,1.233663,0.003637,0.607374,0.002992,2.060661
-3.692051,49.545169,0.298606,1.822464,1.693257,1.939835,3.002423,1.418404,2.509596,2.496774,2.148605,2.834750,2.302799,1.529857,2.545760,2.543130,3.543580,3.619855,0.082245,0.190492,0.385402,0.953057,0.528122,0.638624,0.000093,0.000093,-0.000229,-0.000229,2.200803,0.984307,0.004281,0.464655,0.000737,2.001705
-0.572769,50.521203,0.116795,1.872108,1.699832,1.961205,3.003739,1.475281,2.499075,2.546418,2.338963,2.871244,2.321867,1.539392,2.571405,2.512555,3.539306,3.597499,0.081279,0.182761,0.379281,0.954668,0.506859,0.643134,0.000415,0.000093,0.000093,0.000093,2.120906,1.022323,0.003637,0.501704,0.002026,1.919875
0.041959,48.437298,0.101672,1.866190,1.623228,1.931945,3.004725,1.484815,2.544774,2.536555,2.359018,2.839682,2.330087,1.552214,2.550363,2.432334,3.517607,3.558704,0.077735,0.176639,0.365428,0.958856,0.493972,0.626704,0.000093,-0.000229,-0.000551,-0.000551,2.124450,1.135403,0.002670,0.760080,0.002992,2.087401
1.683591,48.517744,0.133234,2.018083,1.902026,2.109810,3.006697,1.562734,2.737763,2.644392,2.430362,2.881107,2.405704,1.594296,2.567788,2.434636,3.519580,3.519580,0.097387,0.185016,0.344487,0.960789,0.497516,0.647967,0.000093,0.010080,-0.000551,-0.000874,2.217234,1.277478,0.007825,0.841910,0.101575,2.200159
5.144171,44.463461,0.171043,1.868163,1.810299,2.052275,3.200672,1.732709,2.644392,2.554309,2.419512,2.866312,2.427074,1.647886,2.616117,2.378416,3.492621,3.427853,0.098675,0.198224,0.325157,0.936627,0.458856,0.611562,0.000415,0.029088,0.000415,-0.000551,2.298420,1.383792,0.004925,0.832568,0.279088,2.153123
4.489442,44.476826,-0.008796,1.881314,1.648215,1.892492,3.298317,1.920438,2.691077,2.535240,2.557267,2.824230,2.429376,1.677804,2.748283,2.505979,3.503142,3.357496,0.092232,0.212400,0.268134,0.928895,0.439526,0.573547,0.000093,0.050995,0.000415,0.000415,2.545520,1.493006,0.006214,1.222065,0.493972,2.173097
5.619246,42.847306,-0.167264,1.806354,1.463445,1.869478,3.323961,2.111454,2.668392,2.433321,2.652282,2.793983,2.375128,1.693257,2.796284,2.516829,3.492621,3.335140,0.108985,0.240106,0.273933,0.914398,0.472709,0.590622,-0.000229,0.050351,0.000415,-0.000551,2.840946,1.554218,0.011691,1.339333,0.453701,2.315172
4.709022,42.293167,-0.143264,1.912547,1.833313,2.319895,3.361113,2.177537,2.907080,2.645707,2.833106,2.848559,2.492828,1.953644,2.921217,2.588172,3.538649,3.395962,0.119294,0.261691,0.266846,0.955635,0.529088,0.653122,0.000093,0.059371,-0.001196,-0.000551,2.984954,1.886692,0.011047,1.887014,1.121872,2.416654
4.332370,42.269183,-0.092962,2.131509,2.022357,2.594090,3.433771,2.345539,2.985656,2.790037,2.933382,2.910368,2.594090,2.116057,3.025437,2.694036,3.585663,3.486703,0.137980,0.351575,0.284887,0.996872,0.608341,0.727220,0.000093,0.061626,0.000093,0.414719,3.002995,2.183084,0.367683,2.476899,1.467555,2.448549
3.148997,41.927100,-0.101181,2.222907,2.160112,2.635515,3.432127,2.369868,3.034314,2.898861,3.001437,2.988944,2.719023,2.220606,3.075411,2.764393,3.607691,3.529114,0.135724,0.391201,0.248804,1.001382,0.607052,0.724320,0.000093,0.066459,0.000093,0.655377,3.036178,2.301319,0.533276,2.631539,1.613818,2.594167
1.104079,37.967623,-0.086057,2.420170,2.421485,2.986971,3.474210,2.547076,3.123082,2.993547,3.130644,3.015574,2.891956,2.419841,3.114534,2.813380,3.634650,3.541937,0.214333,0.499449,0.285531,1.116717,0.688882,0.795196,-0.000229,0.079346,0.000093,1.152155,3.206282,2.522647,0.920196,2.938884,2.034888,2.764271
-4.092486,62.348307,0.026712,2.782147,2.975793,3.262152,3.599800,2.772613,3.264454,3.213166,3.240454,3.129987,3.158918,2.765380,3.286153,2.983684,3.710267,3.605389,0.312915,0.711433,0.375093,1.299707,0.838367,0.934050,-0.000229,0.116717,0.001059,1.732375,3.501386,2.980444,2.068071,3.210148,2.591912,3.119942
0.600470,-0.322346,0.098384,3.125055,3.085931,3.416017,3.686267,3.102699,3.514977,3.392675,3.426209,3.381496,3.292071,2.978423,3.474538,3.200344,3.817118,3.722432,0.423096,0.923096,0.486884,1.462078,1.022967,1.161820,-0.000551,0.168585,0.001059,2.192105,3.591914,3.108021,2.666977,3.502674,3.107377,3.348357
0.737561,-0.779914,0.065178,3.061931,3.320016,3.605389,3.737555,3.046150,3.438702,3.367030,3.362099,3.365058,3.193768,2.857107,3.566266,3.265440,3.800679,3.785884,0.291974,0.433727,0.598031,1.461112,0.973676,1.228831,-0.000229,0.149578,0.000093,2.353510,3.564208,2.989787,2.415043,3.177609,2.805508,3.439208
0.538893,-0.539878,0.211811,3.471908,3.592238,3.646814,3.915420,3.441661,3.585663,3.539964,3.521224,3.488018,3.345003,2.852504,3.513005,3.480128,3.999257,3.944681,0.466266,1.100931,0.779410,1.709823,1.297130,1.554218,0.048096,0.175029,0.001382,2.647325,3.900871,3.341591,2.692750,3.017171,3.091913,3.590625
7.258389,-2.329113,0.240414,3.816789,3.824679,4.065340,4.150820,3.895365,4.024243,3.945996,3.883529,3.922653,3.739199,3.328564,3.816131,3.786871,4.226437,4.166601,0.907954,1.608341,1.037465,1.895713,1.509114,1.833857,0.306150,0.819359,1.096099,3.416012,4.154093,3.826773,3.351256,3.408280,3.678255,4.143462
34.124462,-2.270514,0.196687,4.046271,4.174163,4.366165,4.276410,4.080463,4.186985,4.046928,4.107751,4.103477,3.926927,3.716514,4.078819,4.060079,4.357288,4.236300,0.862529,1.371550,1.146034,1.958535,1.675674,2.037466,0.372194,1.090622,1.486885,3.672133,4.145395,4.060665,3.731412,4.022650,3.809698,4.302934
35.662026,-2.589638,0.203262,3.937119,4.162656,4.407590,4.343808,4.056792,4.068299,4.015038,4.094271,4.053504,3.826323,3.610321,3.960791,3.968681,4.239917,4.091970,0.708212,1.196292,1.078380,2.038432,1.623483,1.972710,0.037142,1.117362,0.003637,3.582571,4.141207,4.098037,3.808732,4.200485,3.430187,4.442754
39.231823,-5.732694,0.181892,3.452511,3.651746,4.190273,4.172519,3.815803,3.569553,3.459744,3.819748,3.735911,3.593882,3.223686,3.657006,3.529114,3.958818,3.685938,0.577091,1.011369,0.704668,1.425674,1.062916,1.154733,0.000737,1.412465,0.004925,3.087725,4.067753,3.928577,3.490432,4.130575,2.823227,4.397651
39.032105,-0.523341,0.165782,3.460401,3.662924,4.194218,4.176135,3.815145,3.582375,3.436401,3.806597,3.751364,3.585663,3.201659,3.652732,3.526484,3.969996,3.667527,0.557439,0.994294,0.712400,1.421486,1.052606,1.159243,0.025544,1.462078,0.005570,3.050676,4.062598,3.931155,3.450161,4.121232,2.756217,4.403450
42.260165,-5.434918,0.139481,3.505772,3.693829,4.233013,4.196848,3.847365,3.621499,3.464675,3.835858,3.758268,3.602759,3.251632,3.702048,3.595526,3.990709,3.728678,0.638946,1.090300,0.745261,1.466266,1.089978,1.210789,0.058083,1.538432,0.006214,3.138627,4.097714,3.954673,3.541012,4.174712,2.960792,4.444365
45.512007,-4.943834,0.141782,3.491963,3.707637,4.266219,4.205067,3.840460,3.589608,3.473552,3.844734,3.754322,3.597170,3.225988,3.692842,3.595197,3.989065,3.712569,0.627993,1.062271,0.745261,1.465300,1.079346,1.225287,0.044552,1.543908,0.005892,3.055508,4.091271,3.957250,3.520716,4.172779,2.778768,4.455319
49.050189,-3.023511,0.141782,3.515306,3.718486,4.302712,4.239259,3.856570,3.566594,3.485717,3.865447,3.773720,3.609335,3.257550,3.712240,3.631691,4.010435,3.746432,0.662787,1.124449,0.761047,1.504282,1.099320,1.261692,0.061304,1.564849,0.004281,3.112210,4.115111,3.988822,3.546489,4.195331,2.896036,4.489468
53.075540,-2.841227,0.224633,3.543909,3.708295,4.337233,4.262273,3.868735,3.570211,3.543909,3.846050,3.776679,3.620842,3.274646,3.742487,3.682322,4.009777,3.782268,0.715622,1.167297,0.793908,1.541653,1.110918,1.310016,0.076446,1.558084,0.005570,3.126707,4.152483,4.041658,3.564208,4.221426,3.000740,4.509765
56.342586,-2.183687,0.278551,3.590595,3.758596,4.344795,4.270821,3.881886,3.621499,3.635307,3.851310,3.789830,3.648458,3.317057,3.775035,3.685281,4.015038,3.796734,0.782310,1.198869,0.837078,1.578380,1.105441,1.371872,0.105763,1.631537,0.006536,3.270071,4.177934,4.081928,3.714659,4.244944,3.132506,4.555512
58.897010,-2.171999,0.283812,3.577444,3.823693,4.324411,4.267205,3.873666,3.604074,3.633335,3.847693,3.813830,3.654376,3.304235,3.756295,3.677719,4.032134,3.785884,0.787142,1.193070,0.817426,1.575158,1.114140,1.369295,0.107052,1.662465,0.006858,3.272004,4.213694,4.081928,3.750098,4.267818,3.134439,4.567110
59.612571,-1.438754,0.281510,3.555416,3.823036,4.313890,4.265890,3.866762,3.588622,3.601773,3.835529,3.821392,3.650760,3.290427,3.757939,3.677719,4.033778,3.790816,0.786498,1.190171,0.795841,1.558084,1.127993,1.356086,0.095454,1.683406,0.007181,3.222712,4.215949,4.076774,3.754286,4.297457,3.090624,4.573876
59.844701,-1.029563,0.292688,3.576457,3.866105,4.320795,4.277068,3.889447,3.638266,3.632348,3.853611,3.852954,3.704021,3.318044,3.804296,3.708623,4.049559,3.813501,0.808727,1.234308,0.832890,1.582568,1.144101,1.398290,0.118328,1.751705,0.005892,3.319362,4.249777,4.108346,3.811631,4.317109,3.150225,4.590628
60.539632,-2.198325,0.249291,3.651088,3.892735,4.327370,4.284301,3.916735,3.696459,3.694157,3.912132,3.871365,3.745117,3.334482,3.822049,3.746761,4.063696,3.810871,0.833856,1.290686,0.851897,1.620261,1.168264,1.469488,0.134114,1.798741,0.005570,3.417945,4.280382,4.129287,3.907959,4.346104,3.199516,4.607059
61.425552,-1.504069,0.249619,3.669500,3.924297,4.346110,4.288246,3.927913,3.745446,3.711582,3.913448,3.861831,3.766487,3.349277,3.867091,3.761555,4.072901,3.851639,0.840622,1.301318,0.891846,1.629926,1.218199,1.493006,0.147967,1.856731,0.003315,3.469491,4.309700,4.143462,3.941464,4.363501,3.287790,4.611569
61.430078,-1.213087,0.247975,3.697774,3.935475,4.353672,4.293835,3.947311,3.778652,3.722103,3.922324,3.890105,3.799364,3.407469,3.881886,3.777336,4.086052,3.849995,0.845776,1.346421,0.911820,1.633148,1.253960,1.507826,0.141523,1.860919,0.007825,3.442751,4.318398,4.152483,3.981413,4.362857,3.372842,4.618334
60.858651,-0.487046,0.242058,3.744788,3.952242,4.361562,4.311918,3.985120,3.826323,3.774049,3.953229,3.919694,3.830926,3.449881,3.892406,3.797391,4.098874,3.865447,0.863818,1.411821,0.933405,1.646679,1.251382,1.563560,0.180183,1.938883,0.009114,3.519749,4.344493,4.197264,4.044235,4.380898,3.392171,4.632510
60.995073,0.619917,0.238441,3.784898,3.980188,4.377343,4.320795,4.002544,3.863146,3.821720,3.970654,3.930872,3.864789,3.485388,3.915091,3.829282,4.126491,3.880242,0.886047,1.485274,0.973354,1.714978,1.332568,1.620584,0.224642,1.988496,0.008469,3.583860,4.362213,4.223037,4.100936,4.397651,3.439530,4.645719
59.434491,2.520460,0.216085,3.812844,4.007805,4.375042,4.324411,4.007476,3.882543,3.857556,3.996627,3.953229,3.889118,3.548841,3.910160,3.840789,4.138656,3.886817,0.919874,1.510725,0.989462,1.752994,1.390236,1.689205,0.236240,2.061628,0.315493,3.657958,4.371233,4.238179,4.151194,4.423102,3.486888,4.654417
60.177428,3.792494,0.222331,3.798049,4.031147,4.383261,4.326055,4.009449,3.894379,3.864789,3.990380,3.957832,3.894050,3.561663,3.939749,3.855913,4.147204,3.911804,0.960789,1.543586,1.018135,1.786177,1.462401,1.715945,0.213688,2.123162,0.519745,3.775549,4.377354,4.250743,4.168913,4.442110,3.561631,4.667948
60.006230,3.028923,0.175646,3.838817,4.057120,4.383590,4.330658,4.015366,3.938105,3.895036,4.040682,3.985777,3.930544,3.617225,3.969339,3.879913,4.164628,3.931201,1.007825,1.586434,1.071614,1.826769,1.524256,1.760403,0.263624,2.180185,0.602542,3.836760,4.394751,4.273617,4.219171,4.464983,3.596102,4.676647
59.323676,2.956389,0.142111,3.890762,4.094929,4.393124,4.339206,4.041339,3.978544,3.952571,4.080463,4.018983,3.958489,3.689555,3.980517,3.906872,4.171204,3.914105,1.037142,1.633470,1.132825,1.851898,1.587401,1.799708,0.340944,2.286822,0.594165,3.861245,4.399906,4.290047,4.247522,4.494945,3.681798,4.684378
59.924249,3.284662,0.111535,3.944352,4.115642,4.416467,4.348740,4.050874,4.026545,3.992024,4.114655,4.033120,3.980188,3.753994,4.032463,3.947311,4.190930,3.943037,1.088045,1.677929,1.192104,1.880249,1.648934,1.829669,0.395712,2.351255,0.742039,3.899582,4.404416,4.318720,4.276194,4.516852,3.738500,4.694366
59.141078,2.168520,0.104631,3.975914,4.124190,4.424357,4.349726,4.060079,4.046271,4.023586,4.126820,4.046271,3.998599,3.811857,4.097559,3.967366,4.203752,3.977229,1.138624,1.722388,1.241395,1.905056,1.729153,1.853187,0.438560,2.396680,1.139591,3.955639,4.458862,4.350292,4.298746,4.535538,3.809054,4.702742
58.385746,3.006631,0.102329,3.982818,4.123861,4.433234,4.354000,4.066983,4.065340,4.044298,4.137669,4.062052,4.006818,3.834871,4.118272,3.978544,4.210656,4.003202,1.165686,1.742362,1.272967,1.920520,1.746550,1.860275,0.447258,2.408278,1.195648,3.986889,4.478514,4.359957,4.310988,4.543270,3.834183,4.703386
57.788947,1.024055,0.089507,3.992681,4.135697,4.440467,4.355315,4.077504,4.093943,4.069942,4.159368,4.075532,4.017010,3.868406,4.130107,3.979859,4.214273,4.012079,1.195326,1.774579,1.282632,1.950159,1.763625,1.887337,0.479152,2.423098,1.178251,3.985279,4.481092,4.367367,4.319364,4.547458,3.894106,4.703064
56.033621,0.289560,0.085562,3.987421,4.120244,4.441125,4.351370,4.066983,4.106107,4.081449,4.162985,4.081121,4.017010,3.870050,4.124847,3.974928,4.210656,4.060737,1.232375,1.774579,1.317104,1.958535,1.831924,1.895713,0.502026,2.455958,1.398934,4.003642,4.481414,4.369300,4.328707,4.556801,3.964338,4.705641
53.911502,-1.039511,0.087863,3.975585,4.081778,4.435535,4.343808,4.054819,4.094600,4.063038,4.147532,4.066983,4.002544,3.849008,4.115642,3.964078,4.201779,4.073559,1.243650,1.759437,1.329991,1.931151,1.849321,1.874128,0.450158,2.468523,1.383148,3.972392,4.456607,4.340305,4.314854,4.552935,3.953706,4.704031
52.815667,-0.011374,0.085891,3.972626,4.062381,4.447371,4.337562,4.052518,4.111368,4.063038,4.145560,4.066655,4.007476,3.860187,4.115642,3.958818,4.194875,4.073888,1.289076,1.764592,1.344810,1.942749,1.877349,1.888303,0.485918,2.502350,1.449836,3.966915,4.455641,4.348359,4.316787,4.555190,3.994299,4.707252
51.004933,0.082953,0.074384,3.968352,4.030819,4.429289,4.330000,4.035750,4.121231,4.086710,4.156738,4.080134,3.997284,3.858872,4.103806,3.946325,4.188300,4.058435,1.303251,1.762981,1.346099,1.947259,1.877027,1.890880,0.488495,2.497840,1.494295,3.958861,4.469494,4.372844,4.318076,4.543914,3.978191,4.703064
49.589057,-0.687713,0.062219,3.969010,4.032463,4.421398,4.326712,4.029175,4.120244,4.086052,4.153121,4.092299,3.983476,3.856570,4.096244,3.946982,4.187642,4.046600,1.304540,1.760726,1.351898,1.950481,1.880893,1.894102,0.475931,2.492041,1.475287,3.937598,4.465306,4.383153,4.320009,4.538437,3.978191,4.701775
47.955331,-2.457391,0.053342,3.973613,4.026216,4.412850,4.319479,4.021942,4.123203,4.090326,4.152135,4.104135,3.967695,3.827967,4.090326,3.935146,4.175149,4.037394,1.303251,1.752349,1.346743,1.948226,1.877027,1.892491,0.461111,2.486564,1.438882,3.925678,4.453386,4.389919,4.312277,4.527484,3.946941,4.695976
43.010199,-0.546051,0.037890,3.975256,4.022271,4.403973,4.315205,4.009449,4.123203,4.086052,4.154765,4.122217,3.962434,3.813172,4.082107,3.918379,4.164300,4.019312,1.299707,1.744295,1.347065,1.948548,1.886692,1.903445,0.430828,2.538755,1.366395,3.918590,4.447909,4.415692,4.308411,4.521040,3.883152,4.693721
34.189059,-0.673740,0.029342,3.961119,4.000243,4.391151,4.310931,4.010106,4.130765,4.086710,4.146546,4.119916,3.956516,3.807583,4.066655,3.902927,4.154765,4.008134,1.301640,1.735597,1.341266,1.954991,1.886692,1.906022,0.466266,2.548098,1.402478,3.888307,4.470460,4.421813,4.297457,4.502355,3.818719,4.684378
19.621623,4.484082,0.057287,3.948955,3.966380,4.359918,4.302055,3.988736,4.127806,4.070929,4.121559,4.120573,3.935475,3.790487,4.049230,3.892077,4.148519,3.989065,1.277478,1.704024,1.313238,1.928252,1.869295,1.888303,0.383792,2.538111,1.215944,3.855124,4.472071,4.413437,4.272328,4.479159,3.714337,4.665371
-0.122279,-0.872740,0.069123,3.928242,3.920352,4.325726,4.293835,4.020627,4.146875,4.062381,4.116628,4.132080,3.942051,3.779638,4.036408,3.902598,4.130436,3.943694,1.195326,1.598354,1.273612,1.829991,1.798741,1.817104,0.176317,2.516203,0.722387,3.810987,4.427612,4.379932,4.198552,4.425035,3.465303,4.617046
-0.346275,-1.417600,0.126658,3.803967,3.842104,4.166930,4.249451,4.009449,4.069942,3.963421,3.992353,4.053504,3.840789,3.582375,3.904899,3.815145,4.136025,3.836186,0.968843,1.265235,1.087078,1.617362,1.561950,1.650545,0.000093,2.253316,0.008469,3.605767,4.323230,4.250099,3.906348,4.186954,2.620585,4.492045
-0.054825,-0.329156,0.384087,3.931530,3.929886,4.105121,4.299424,4.123532,4.213944,4.045285,3.812186,3.930544,3.884844,3.595526,3.931530,3.949612,4.274438,4.101176,1.202735,1.599965,1.212400,1.857697,1.693715,1.839978,0.320003,2.006216,1.369617,3.790368,4.409249,4.230769,3.980446,4.153771,3.771038,4.437599
-0.125453,-0.999804,0.342333,4.226437,4.195862,4.275424,4.483536,4.345781,4.410549,4.231040,4.013065,4.115970,4.027531,3.880570,4.186985,4.255040,4.457563,4.361233,1.708535,1.991074,1.438560,2.201770,1.997195,2.228187,1.233985,1.851898,2.875096,4.148294,4.531672,4.323553,4.183088,4.313243,4.180833,4.494945
0.756972,-5.899601,0.270990,4.288904,4.257342,4.316192,4.497016,4.336904,4.402658,4.275424,4.114655,4.168245,4.074216,3.927913,4.222821,4.279698,4.497016,4.425015,1.513625,1.821937,1.457246,2.177930,1.883148,2.184373,1.360918,1.543264,3.192107,4.149261,4.544236,4.295846,4.290047,4.323875,4.133475,4.391530
-1.537354,-38.615561,0.312415,4.128464,4.112683,4.168902,4.315534,4.112683,4.255698,4.104135,3.960791,4.023257,3.904571,3.645171,4.090984,4.044298,4.434220,4.354329,1.355764,1.681795,1.352542,2.259760,1.867362,2.277157,1.047774,1.348032,3.533924,4.104480,4.527484,4.327096,4.301968,4.397973,4.239145,4.351259
-1.788790,-44.837714,0.306497,3.566923,3.568238,3.730322,3.737884,3.456127,3.825337,3.623472,3.515964,3.647143,3.355523,2.876175,3.505114,3.411086,4.206382,4.133724,1.092555,1.736241,1.144101,2.092234,1.745262,2.045198,0.580957,0.422451,3.331926,4.045201,4.522651,4.380254,4.350937,4.443398,4.299712,4.174712
-1.694601,-46.300118,0.295319,3.671472,3.628403,3.814488,3.755966,3.452840,3.837830,3.689883,3.579745,3.681007,3.355195,2.920231,3.450867,3.457771,4.297123,4.191588,1.106086,1.943071,1.483986,2.284889,1.970133,2.232698,1.037142,0.512658,3.295200,4.225614,4.587729,4.474648,4.426001,4.510731,4.345460,4.127354
-1.505255,-47.367720,0.303209,3.646486,3.636294,3.815803,3.684294,3.362428,3.804624,3.671143,3.561005,3.653390,3.353880,2.941930,3.429826,3.410099,4.294493,4.212300,1.049063,1.931795,1.481408,2.272646,2.012659,2.217234,1.003315,0.477864,3.163112,4.221104,4.583218,4.471427,4.413437,4.502355,4.326452,4.115111
-3.160914,-47.279831,0.299593,3.591252,3.550813,3.772076,3.637609,3.253276,3.740514,3.583690,3.529114,3.593882,3.290756,2.825873,3.364071,3.299632,4.285945,4.185012,0.989140,1.877994,1.433406,2.222388,1.965623,2.147002,0.909887,0.424707,3.000740,4.177289,4.562278,4.446620,4.374133,4.476259,4.291658,4.076129
-4.469174,-47.061970,0.322936,3.553772,3.558375,3.759912,3.574156,3.159576,3.705993,3.563307,3.474538,3.536019,3.262152,2.759133,3.353551,3.259194,4.272136,4.163313,0.930828,1.855764,1.407310,2.196615,1.972710,2.106087,0.875416,0.374127,2.768459,4.139274,4.550357,4.430190,4.336117,4.458218,4.245266,4.052289
-4.032698,-51.457919,0.304524,3.534046,3.567581,3.793446,3.509717,3.055684,3.672459,3.558046,3.497881,3.536347,3.273988,2.746968,3.312454,3.237823,4.275753,4.191588,0.908599,1.850932,1.421808,2.201448,1.998484,2.105120,0.858019,0.333856,2.755250,4.110279,4.545847,4.428901,4.316465,4.452741,4.228192,4.030704
-5.075918,-51.819619,0.284140,3.503470,3.554101,3.786871,3.439031,2.972505,3.642540,3.537005,3.483087,3.533717,3.251303,2.687132,3.304564,3.201001,4.267534,4.193231,0.872194,1.821937,1.411821,2.183729,1.994940,2.089979,0.796485,0.293907,2.700160,4.061954,4.529094,4.411182,4.292625,4.447587,4.203063,3.999454
-4.300093,-54.569729,0.291702,3.506100,3.509059,3.748076,3.345332,2.823572,3.556074,3.513333,3.422921,3.469278,3.171740,2.561213,3.275632,3.178645,4.257013,4.190930,0.813560,1.774256,1.394746,2.144102,1.972066,2.040365,0.741073,0.290364,2.680830,4.027804,4.513953,4.392174,4.254609,4.424068,4.158604,3.955317
-3.729937,-58.254991,0.283812,3.498539,3.480456,3.727692,3.286153,2.707187,3.547197,3.475854,3.394318,3.458757,3.118480,2.420499,3.238481,3.176015,4.251095,4.196848,0.797129,1.745906,1.380893,2.127350,1.941138,1.994295,0.718843,0.275866,2.794876,4.006219,4.495911,4.381865,4.236568,4.412470,4.140240,3.905381
-3.930712,-58.736453,0.272633,3.479141,3.464018,3.733939,3.226645,2.646036,3.532402,3.469278,3.411086,3.462703,3.093822,2.436280,3.240782,3.161877,4.235314,4.201779,0.793586,1.715300,1.385725,2.123162,1.937594,1.977221,0.725931,0.267168,2.794554,4.001709,4.491079,4.366401,4.210472,4.393785,4.124776,3.861245
-3.243401,-61.275060,0.225948,3.456456,3.468949,3.721774,3.134918,2.532610,3.501498,3.435415,3.420620,3.441004,3.062589,2.287675,3.252618,3.087904,4.215588,4.220848,0.720454,1.685017,1.362851,2.090301,1.917942,1.935983,0.660531,0.195647,2.792299,3.947907,4.486246,4.352548,4.160215,4.364468,4.084506,3.808087
-2.671681,-63.126229,0.201290,3.398921,3.436072,3.648129,2.923518,2.357046,3.434757,3.386099,3.359140,3.380510,2.965930,2.138084,3.159905,2.992232,4.187642,4.208026,0.619616,1.598999,1.305828,2.017813,1.884115,1.853509,0.580634,0.125415,2.618330,3.854479,4.455641,4.311955,4.081606,4.321620,4.017495,3.672456
-2.506085,-65.078139,0.179920,3.349277,3.390044,3.578101,2.733160,2.267949,3.378866,3.304893,3.314098,3.291084,2.903135,2.002630,3.102370,2.960670,4.167916,4.217232,0.532954,1.553895,1.283277,1.974965,1.861241,1.820004,0.541330,0.075802,2.329670,3.790046,4.431156,4.264596,3.996232,4.276839,3.907637,3.576128
-2.175546,-68.564899,0.216413,3.265769,3.349277,3.544567,2.587514,2.046028,3.363085,3.247358,3.259194,3.262810,2.849216,1.944109,3.053054,2.912669,4.155752,4.209341,0.506536,1.489462,1.251382,1.935017,1.824514,1.794553,0.482052,0.046485,2.169231,3.708216,4.405705,4.224003,3.879286,4.236568,3.828706,3.468847
-2.002890,-70.530362,0.198988,3.206590,3.319687,3.510375,2.458307,1.962192,3.312126,3.255577,3.221056,3.203303,2.806147,1.836930,2.977766,2.912340,4.144902,4.196519,0.452091,1.429540,1.219488,1.890880,1.786177,1.752027,0.421807,0.022967,1.961435,3.614788,4.372522,4.167624,3.713371,4.194042,3.745265,3.393138
-1.707899,-71.703499,0.116467,3.127685,3.284509,3.483087,2.236716,1.797806,3.249988,3.253933,3.189165,3.177001,2.772284,1.667941,2.911683,2.905107,4.125833,4.176464,0.397645,1.349321,1.180184,1.850932,1.733986,1.695648,0.390235,0.001059,1.739785,3.459826,4.328707,4.121877,3.599968,4.157637,3.633474,3.283602
-1.481227,-72.521978,0.034273,3.000780,3.224344,3.414045,2.118358,1.658407,3.202316,3.218755,3.132617,3.131630,2.696666,1.459171,2.897546,2.884395,4.119916,4.154437,0.375093,1.271034,1.116395,1.800674,1.678896,1.666009,0.368972,-0.000551,1.454991,3.332893,4.264596,4.061954,3.480445,4.085472,3.506218,3.169555
-2.074543,-74.172686,-0.022275,2.926149,3.213823,3.375578,1.920109,1.485144,3.151357,3.173384,3.100068,3.117165,2.661159,1.385198,2.887354,2.886039,4.102819,4.135039,0.309371,1.203702,1.079346,1.750416,1.630249,1.610919,0.310016,0.000093,1.063560,3.202416,4.200807,4.019106,3.402803,4.009441,3.435986,3.023292
-1.512705,-73.959304,0.009944,2.696338,3.128343,3.272673,1.578187,1.260593,3.053383,3.011958,3.005054,3.022150,2.517157,1.219497,2.797928,2.850202,4.094600,4.087038,0.265235,1.074514,1.027155,1.666009,1.534566,1.493006,0.224964,0.000415,0.488817,2.968524,4.136374,3.891850,3.205638,3.835794,3.314207,2.883150
-1.301119,-74.483731,0.005013,2.464883,2.969218,3.158918,1.323717,1.026179,2.942587,2.863025,2.831791,2.871573,2.309045,1.088974,2.758147,2.796613,4.081121,4.037394,0.172773,0.959178,0.932761,1.545841,1.413431,1.314527,0.136369,0.000415,-0.001518,2.517492,4.000420,3.749775,2.807763,3.668267,3.175998,2.735598
-1.322130,-74.782909,0.026383,2.299840,2.876175,3.045492,1.240209,0.811820,2.809764,2.738092,2.648337,2.867627,2.242633,1.072536,2.665433,2.806476,4.041997,3.983476,0.145389,0.890879,0.844488,1.452091,1.260403,1.169552,0.072580,0.000737,-0.000229,1.944360,3.862211,3.553576,2.451126,3.410857,3.050676,2.582892
-1.899850,-74.846584,0.113508,2.147290,2.736119,2.887682,1.223113,0.699380,2.681214,2.446472,2.282415,2.735461,2.137098,0.996918,2.575679,2.783462,4.029504,3.933831,0.121871,0.825802,0.800351,1.370583,1.156344,1.049063,0.037142,0.000093,-0.000229,1.466589,3.766850,3.430831,2.098677,3.100934,2.829993,2.477866
-1.614410,-74.168351,0.022109,1.999343,2.543130,2.777873,1.219497,0.607323,2.505650,2.212715,2.063124,2.586199,2.019069,0.926890,2.494801,2.797928,4.001887,3.903913,0.080312,0.783921,0.750738,1.286820,1.069037,0.938882,-0.000229,0.000093,-0.001840,0.920841,3.688242,3.296488,1.641524,2.859310,2.519103,2.313239
-0.806424,-74.603408,-0.009782,1.809642,2.337320,2.614802,1.354951,0.559652,2.392882,1.906300,1.891506,2.565816,1.855670,0.754942,2.433650,2.840997,3.971640,3.877940,0.040686,0.739140,0.718521,1.217233,0.973354,0.862207,0.000093,0.000737,-0.000229,0.398611,3.638306,3.184052,0.993006,2.641848,2.133793,2.017169
-1.095385,-75.912220,0.018821,1.586406,2.106851,2.468499,1.404266,0.447869,2.372498,1.684051,1.733038,2.552007,1.760326,0.682941,2.355402,2.867627,3.953558,3.847365,0.027799,0.688238,0.668908,1.123805,0.896034,0.778766,0.000093,-0.000229,-0.000551,-0.001196,3.540045,3.052287,0.778122,2.404090,1.814527,1.761370
-1.480050,-76.960481,0.082274,1.422678,1.897424,2.259401,1.784984,0.402498,2.314306,1.357252,1.572597,2.487239,1.619612,0.407430,2.064768,2.831791,3.913119,3.797063,0.005248,0.660854,0.627026,1.061949,0.821614,0.715622,-0.000551,0.000093,-0.000551,-0.000551,3.544878,2.935985,0.583856,1.986241,1.300351,1.429540
-1.197949,-76.132798,0.454116,1.123824,1.702462,1.985206,1.874081,0.062219,2.102248,1.143222,1.176756,2.350142,1.366786,0.101014,1.907287,2.810750,3.874653,3.755966,0.000093,0.644423,0.579668,1.017490,0.752026,0.631859,0.000093,-0.000551,0.000093,-0.000229,3.494942,2.817428,0.334178,1.464656,1.014591,1.165042
-0.992752,-77.816680,0.875601,0.894670,1.577200,1.808655,2.211729,0.194057,2.044056,1.006781,0.699051,2.287675,1.311224,0.001067,1.872437,2.880449,3.856899,3.727034,-0.000229,0.623805,0.512013,0.964655,0.688882,0.593521,0.000093,0.000415,-0.000229,0.000093,3.511373,2.716590,0.336755,1.248161,0.756537,0.931472
-1.015921,-77.174180,0.867053,0.776641,1.443719,1.774134,2.415896,0.419923,1.959890,0.920972,0.656311,2.174578,1.263223,0.001396,1.810957,2.898203,3.844734,3.705664,-0.000229,0.563560,0.445969,0.953057,0.656343,0.573225,0.000737,0.000093,0.000415,-0.000551,3.536824,2.698871,0.337078,1.094810,0.384436,0.813238
-1.379459,-73.379882,0.860807,0.517897,1.226730,1.772162,2.598035,0.474171,1.702791,0.874286,0.559652,2.035508,1.257963,0.000739,1.737641,2.868942,3.818104,3.681993,-0.000229,0.504603,0.366717,0.892168,0.610918,0.519101,0.000093,0.000093,-0.000229,0.000093,3.482056,2.609953,0.260080,0.785531,0.235596,0.720776
-1.984071,-67.528525,0.864752,0.332470,1.009412,1.555173,2.623022,0.510007,1.596598,0.832861,0.435704,1.967123,1.215880,0.000410,1.700161,2.835737,3.766816,3.637938,-0.000229,0.454990,0.276188,0.802284,0.536498,0.463688,-0.000551,-0.000229,-0.000551,-0.000874,3.447262,2.533600,0.171485,0.547451,0.002348,0.523611
-3.165667,-59.526333,0.812148,0.193728,0.830888,1.388157,2.567131,0.480417,1.493363,0.663215,0.318333,1.761970,1.070234,0.001725,1.568981,2.779845,3.689883,3.557718,-0.000874,0.425029,0.214011,0.715944,0.472709,0.424062,-0.000229,-0.000229,0.000093,0.000093,3.492687,2.358020,0.193392,0.090299,0.000415,0.423740
-4.192080,-49.066753,0.952534,0.071096,0.465294,0.947602,2.393211,0.405129,1.495994,0.399868,0.042164,1.668927,0.808203,0.000081,1.288539,2.690420,3.621170,3.429826,0.000737,0.401511,0.121549,0.689848,0.429861,0.412142,0.000093,-0.000229,0.000093,-0.000551,3.506218,2.310662,0.095454,-0.000229,0.000093,0.000415
0.783938,-26.162674,0.755271,0.026712,0.026383,0.759216,1.669585,0.027040,1.408212,0.277565,0.025725,1.476596,0.462006,0.000410,0.997576,2.398800,3.475854,3.086589,-0.000551,0.350609,0.052284,0.614140,0.399255,0.377993,-0.000229,0.000093,-0.000874,-0.000229,3.459182,2.025545,0.069358,0.001059,-0.000551,0.242683
-1.349000,-2.716346,0.649406,0.021123,0.021123,0.516254,1.463774,0.023095,1.276374,0.022438,0.022766,1.279662,0.318004,0.000410,1.400650,2.372498,3.359140,2.797270,-0.000229,0.303572,0.004281,0.579346,0.384436,0.356085,0.000093,0.000093,-0.000229,-0.000874,3.510084,1.764269,0.095132,-0.000874,-0.000551,0.479797
-0.366726,-0.403075,0.833190,0.027698,0.027698,0.572474,1.694243,0.043808,1.623557,0.365347,0.027369,1.590680,0.499486,0.000081,1.507829,2.210743,3.218097,2.692721,-0.000229,0.260724,0.070325,0.597709,0.363173,0.347065,-0.000551,-0.000551,0.000737,0.000093,3.678577,1.912788,0.088366,0.053250,0.000093,1.326447
0.394064,-0.062156,1.279662,0.353183,0.041506,0.806888,2.287346,0.762504,1.882629,0.891382,0.043150,1.898739,0.943986,0.344963,1.854683,2.385978,3.420291,2.805161,0.004281,0.302928,0.206923,1.052929,0.676640,0.631537,0.000093,-0.000551,-0.000874,-0.002162,3.575162,2.083535,0.381859,1.060016,0.559372,2.257505
-1.460084,-2.942137,1.325032,0.454773,0.047753,1.025850,2.456992,0.983110,2.072330,1.006124,0.055315,2.143345,1.078782,-0.001234,1.749476,2.477376,3.530101,3.223358,0.000093,0.261047,0.358985,1.468522,0.886369,1.015557,-0.000229,0.000093,-0.000551,0.817748,3.550355,2.173097,0.164719,1.127349,1.272967,2.340945
-19.813234,1.880512,0.580693,1.125139,0.825957,1.345745,2.903792,1.226730,2.375457,1.481856,1.182674,2.348169,1.443061,0.745736,2.379074,2.893600,3.657006,3.464347,0.000093,0.081279,0.414397,1.407955,0.936949,1.060983,0.000093,0.000093,-0.000874,0.391846,3.494620,2.274901,0.198547,0.711433,1.641202,2.469167
-25.237615,1.206141,0.656311,1.093906,0.527432,1.371389,2.784448,0.974562,2.249209,1.273744,1.052809,2.384663,1.299717,0.525130,1.990795,2.777215,3.632677,3.445278,0.000415,0.309694,0.181472,0.932761,0.546485,0.533598,0.000093,0.000415,0.002992,0.003959,3.232055,2.042942,0.049706,0.354152,0.001059,2.503639
-28.162952,0.933136,0.665516,1.193195,0.898287,1.621584,2.557925,0.613570,2.208770,1.241196,1.022234,2.313977,1.281635,0.092137,1.855012,2.871901,3.750706,3.586978,0.000415,0.386369,0.121871,0.953379,0.492683,0.451446,-0.000229,0.000093,0.000093,-0.000229,3.073872,2.022324,0.043907,0.729153,0.002670,1.751383
-30.441212,1.720708,1.306621,0.943328,0.747709,1.472322,2.187400,0.311429,2.104550,1.051823,0.332470,2.003288,1.034727,-0.000576,1.412157,2.805818,3.698760,3.569882,-0.000551,0.397967,0.074835,0.927606,0.435982,0.382503,0.000415,0.000093,-0.000874,-0.000874,3.017493,1.770713,0.050995,0.555506,0.002348,0.419552
-29.801200,-3.478707,1.432541,0.818066,0.701024,1.430897,1.873752,0.050383,2.041425,0.980480,0.158549,1.674517,0.840752,0.001067,1.274730,2.761763,3.679691,3.561992,0.000737,0.403121,0.075480,0.947903,0.435016,0.375415,-0.000551,-0.000229,-0.000551,-0.000229,2.955637,1.686628,0.050029,0.660531,0.002026,0.059371
-34.029353,4.416546,1.429253,0.774668,0.704311,1.387170,1.656763,0.044465,1.900054,0.931493,0.049397,1.648215,0.685242,-0.001234,1.267826,2.734146,3.653390,3.524512,-0.000229,0.415364,0.095776,0.989462,0.451446,0.374449,0.000093,0.000093,0.000093,-0.000229,2.965624,1.732053,0.057438,0.658276,0.002670,0.000093
-33.598826,-3.481326,1.422678,0.724695,0.634940,1.341142,1.670243,0.042164,1.922410,0.906835,0.042821,1.618297,0.717462,0.000081,1.231990,2.740722,3.649445,3.522210,0.000093,0.454024,0.106085,1.006859,0.462722,0.375737,0.000415,0.000415,-0.000874,-0.000874,2.958214,1.806151,0.055183,0.565815,0.002992,0.001059
-38.217496,5.834859,1.190894,0.618173,0.668146,1.016645,1.348046,0.036575,1.611721,0.809518,0.035917,1.467062,0.487650,0.000739,1.219825,2.678255,3.635965,3.479470,-0.000229,0.482374,0.104797,1.038109,0.490106,0.368650,0.000415,0.000415,-0.000551,0.001059,2.983021,1.733342,0.044230,0.778766,0.002670,-0.000551
-37.806740,-2.542121,1.264210,0.685242,0.773025,1.169195,1.405581,0.038876,1.713640,0.872971,0.039534,1.537419,0.508034,-0.000576,1.190236,2.709160,3.668185,3.613937,-0.000229,0.512658,0.124449,1.066459,0.486884,0.361884,-0.000229,0.000093,0.000415,0.000093,2.958859,1.793586,0.043907,0.851575,0.003315,-0.000229
-38.900610,5.093133,1.198455,0.866067,0.911766,1.141249,1.171167,0.039863,1.601529,0.873958,0.126330,1.486459,0.469897,0.001067,1.171496,2.743681,3.677390,3.621170,-0.000551,0.483985,0.102864,1.084179,0.488495,0.349964,-0.000229,0.000093,0.000093,-0.000229,2.932119,1.670519,0.041008,0.858663,0.003315,0.000093
-39.468003,4.289777,1.294785,0.910451,0.943657,1.258621,1.170510,0.041178,1.756052,0.916698,0.161180,1.578844,0.544528,-0.000248,1.175770,2.744667,3.689883,3.665226,0.000093,0.473998,0.083534,1.039398,0.456601,0.332245,-0.000229,0.000415,0.000415,-0.000551,2.867686,1.604153,0.038431,0.760725,0.002670,-0.000229
-39.977040,3.830830,1.272100,0.880533,0.911438,1.237908,1.132701,0.039534,1.705750,0.907821,0.131261,1.461473,0.464965,0.002382,1.141249,2.708502,3.681007,3.648129,0.000093,0.471098,0.075802,1.032632,0.423096,0.321614,0.000093,0.000415,-0.000551,-0.000551,2.814529,1.541975,0.039719,0.676962,0.002026,-0.000551
-40.941985,3.083213,1.288210,0.890396,0.935109,1.257305,1.167222,0.041835,1.802737,0.944972,0.168741,1.588050,0.466938,0.000410,1.186620,2.730859,3.694157,3.656020,-0.000229,0.486562,0.070969,1.024256,0.422129,0.320969,0.000415,-0.000229,0.000415,0.000093,2.860276,1.421808,0.036175,0.561305,0.002026,-0.000551
-41.349258,3.006074,1.373691,0.907164,0.949904,1.268812,1.276045,0.042821,1.854026,0.960753,0.159864,1.585420,0.450170,-0.000248,1.191222,2.777544,3.709938,3.664239,0.000737,0.486240,0.068392,1.038431,0.416975,0.320647,0.000093,0.000415,-0.001196,-0.000551,2.868975,1.436949,0.026833,0.601897,0.002670,-0.000874
-41.799379,3.886486,1.369088,0.911109,0.970945,1.281306,1.351992,0.044794,1.871451,0.971274,0.174330,1.591337,0.432088,0.000410,1.171496,2.807133,3.727692,3.672130,-0.000551,0.487207,0.060660,1.040686,0.413431,0.313237,0.000737,-0.000551,-0.000551,0.002670,2.880250,1.415042,0.042297,0.570969,0.003315,-0.001196
-40.555511,-1.942770,1.319115,0.898287,0.973247,1.258292,1.370074,0.044465,1.874738,0.977192,0.225948,1.585420,0.441951,0.001396,1.156373,2.813380,3.738541,3.681335,-0.001196,0.514268,0.046807,1.093521,0.446936,0.345776,0.000093,-0.000229,-0.000551,-0.000551,3.055186,1.416653,0.043585,0.722387,0.002026,-0.000551
-42.277385,6.049152,1.276045,0.872971,0.918671,1.204044,1.320101,0.042821,1.848437,0.975548,0.214441,1.523610,0.413348,0.000739,1.174455,2.810421,3.733610,3.657993,-0.000229,0.518457,0.043907,1.110274,0.448225,0.349964,0.000415,-0.000551,0.000093,-0.000874,3.050998,1.418264,0.044552,0.663753,0.002992,0.000093
-41.067964,-5.420556,1.276045,0.804587,0.832861,1.116920,1.388157,0.041835,1.806683,0.887108,0.118110,1.471007,0.383758,0.000081,1.136975,2.822586,3.726706,3.648787,-0.000229,0.529732,0.007825,1.108019,0.441781,0.351253,-0.000551,0.000093,-0.000229,0.000415,3.047776,1.439205,0.040686,0.584823,0.001704,0.000093
-41.377821,2.874201,1.186291,0.635598,0.673735,0.874286,1.192866,0.033945,1.592652,0.784860,0.034931,1.177085,0.153947,0.000739,1.137633,2.788394,3.703692,3.590595,0.000415,0.510080,0.000737,1.098032,0.435016,0.342232,-0.000229,0.000093,-0.000551,-0.000874,3.048099,1.340300,0.045840,0.435982,0.001382,-0.000551
-40.872140,-5.030184,1.181030,0.618502,0.631324,0.823984,1.318128,0.033287,1.556816,0.769079,0.032301,1.156373,0.156248,0.002054,1.083714,2.866970,3.695801,3.580731,0.000415,0.511369,0.000093,1.068070,0.407310,0.332889,-0.000229,-0.000229,-0.000229,-0.000229,3.079026,1.312272,0.037142,0.416330,0.000737,0.000093
-40.475603,-4.631214,1.122838,0.435376,0.523158,0.738832,0.973247,0.028356,1.541693,0.709243,0.029671,0.892698,0.000739,0.000739,1.148153,2.856778,3.683637,3.508402,0.000415,0.503315,-0.000874,1.070648,0.433405,0.329668,-0.000551,0.000415,0.000093,0.000093,3.127996,1.236563,0.028121,0.330312,0.001704,-0.000229
-39.893344,-2.077494,1.114290,0.365676,0.475815,0.689516,0.921301,0.027040,1.454568,0.606337,0.026712,0.723051,0.000081,-0.000905,1.109029,2.849216,3.677719,3.499854,0.000415,0.497838,-0.000551,1.066459,0.427284,0.325480,0.000415,0.000415,-0.000874,-0.000874,3.122197,1.068070,0.013946,0.396034,0.002670,-0.000229
-39.390595,-3.618884,1.083385,0.341347,0.371594,0.624748,0.815107,0.024081,1.468377,0.503103,0.023753,0.672092,0.000410,0.001067,1.129413,2.834093,3.675089,3.475854,0.000415,0.491717,0.000093,1.062916,0.416652,0.320647,-0.000229,0.000093,-0.000551,-0.000551,3.104155,0.974642,0.003637,0.365428,0.001704,-0.000551
-40.359688,0.511590,1.049193,0.332141,0.321620,0.635269,0.756257,0.023753,1.377307,0.491924,0.023095,0.633625,0.000739,0.001067,1.132701,2.836065,3.677390,3.469936,-0.000551,0.492361,0.000415,1.068392,0.423740,0.320969,0.000093,-0.000551,-0.000874,0.000093,3.091591,0.920841,0.003637,0.386691,-0.000551,-0.000229
-39.316189,-4.247753,1.021247,0.266387,0.256852,0.614228,0.754285,0.021780,1.237250,0.389348,0.021451,0.606008,0.001725,-0.001234,1.095879,2.814695,3.678376,3.486374,0.000093,0.491717,0.000093,1.073225,0.418908,0.318070,-0.000229,0.000093,0.000415,0.000093,3.099323,0.942426,0.003315,0.378315,0.002026,-0.000551
-39.952880,5.301651,0.912753,0.253565,0.223975,0.581679,0.515596,0.016848,1.021247,0.357128,0.018164,0.429129,0.000081,0.001725,1.115934,2.791024,3.668513,3.457114,-0.000551,0.474320,0.000093,1.057439,0.384114,0.283920,-0.000229,0.000415,-0.001518,0.000093,3.094813,0.923418,0.003315,0.256536,0.000737,0.000093
-39.553358,-2.180029,0.938397,0.263428,0.217071,0.581022,0.531048,0.018821,1.073851,0.361731,0.019150,0.442609,-0.000248,-0.000248,1.079111,2.794311,3.683637,3.479470,0.000415,0.472709,-0.000229,1.066459,0.373804,0.285853,0.000415,-0.000551,0.002348,-0.000229,3.089014,0.899578,0.002992,0.252348,0.000737,0.000093
-39.367377,5.463568,0.888095,0.285456,0.275592,0.586611,0.214441,0.015862,0.944644,0.347265,0.015205,0.292688,-0.000248,0.000410,1.108701,2.792010,3.699418,3.486703,-0.000551,0.456601,-0.000551,1.086434,0.383469,0.269101,0.000093,0.000415,-0.000551,-0.000229,3.060019,0.835467,0.002992,0.429539,0.001059,-0.000551
-40.460972,2.849720,0.977521,0.313730,0.338717,0.569515,0.718448,0.017177,0.993302,0.401512,0.020136,0.576748,0.001067,0.000410,1.177743,2.795298,3.731637,3.574814,-0.000229,0.445003,0.000093,1.072581,0.371549,0.267490,-0.000229,-0.000229,0.000093,-0.000229,3.059374,0.882181,0.002992,0.363495,-0.000874,0.000093
-40.461699,0.341550,1.030782,0.403156,0.455760,0.585953,0.797025,0.021123,1.323060,0.504418,0.024081,0.639214,0.000410,0.000739,1.225415,2.845928,3.739199,3.595526,0.000415,0.461433,0.000737,1.100287,0.371227,0.279732,0.000093,-0.000229,-0.000229,0.000415,3.064207,0.862851,0.002992,0.412786,0.001382,-0.000551
-42.300783,5.316601,1.088974,0.456746,0.487979,0.660256,0.699380,0.024081,1.390787,0.510993,0.024739,0.752641,0.000739,-0.000576,1.342786,2.866970,3.754322,3.585992,0.000415,0.467232,-0.000229,1.107052,0.380892,0.301962,0.000415,0.000093,-0.004417,-0.000874,3.110599,0.864462,0.004281,0.412786,0.002026,0.000093
-39.167994,-5.920845,1.128427,0.521185,0.369621,0.667160,0.696092,0.026712,1.625858,0.634612,0.025397,0.763819,0.000739,-0.000248,1.354622,2.908724,3.744788,3.546211,0.000093,0.511047,-0.000551,1.198225,0.461755,0.368972,0.000093,0.000093,-0.000229,-0.000229,3.173099,0.930506,0.042619,0.664397,0.002348,-0.000874
-29.622746,-1.099029,1.062673,0.465294,0.307812,0.599433,0.021451,0.021451,1.427938,0.464308,0.022109,0.689188,0.000410,0.000081,1.244155,2.902148,3.735254,3.510046,-0.000551,0.545841,0.000415,1.230764,0.514268,0.455634,-0.000229,-0.000229,0.003315,0.000093,3.268460,0.821936,0.040041,0.821614,0.002992,0.000093
-15.535513,0.734636,1.093248,0.519213,0.307812,0.645461,0.033945,0.023424,1.426294,0.509021,0.023753,1.044261,-0.000576,-0.000248,1.010069,2.828175,3.771419,3.561992,0.000415,0.535209,-0.000229,1.212722,0.531665,0.486240,0.000093,0.000093,-0.000551,0.001059,3.272970,0.508147,0.036175,0.906666,0.003315,0.000093
0.104952,-0.434383,1.027165,0.272305,0.023753,0.679653,0.132248,0.022109,1.480213,0.464308,0.023095,1.582789,0.245017,0.002382,0.759874,2.514527,3.753665,3.491635,-0.000229,0.498482,0.001704,1.101253,0.532632,0.521356,0.000093,-0.000229,0.000415,-0.000229,3.268138,0.626382,0.035531,0.888624,0.003315,0.000093
0.299214,0.489860,1.045576,0.226605,0.023753,0.212139,1.174784,0.023424,1.198784,0.390334,0.024739,1.459829,0.290058,0.000739,0.596803,1.885917,3.656020,3.345003,0.000093,0.400222,0.007825,0.905377,0.399578,0.441459,-0.000551,0.000093,0.000093,0.000737,3.341591,0.693070,0.013624,0.137980,0.000737,-0.000874
-0.588394,-1.431874,0.020136,0.011917,0.012574,0.011917,1.232648,0.013561,0.885465,0.012903,0.011917,0.931164,0.087206,0.000739,0.118439,1.272758,3.272673,2.962971,0.000093,0.248804,0.329990,1.368006,0.845776,0.844488,0.001059,-0.000229,-0.001196,1.587401,3.762662,1.649579,0.021034,0.639913,0.002670,1.127993
0.536211,5.692415,1.151112,0.027040,0.027369,0.026383,1.803395,0.125672,1.461473,0.933136,0.025397,0.810505,-0.000576,0.003369,0.817409,1.435500,3.040561,2.480335,-0.000551,0.081923,0.281343,1.347710,0.933083,0.998483,0.000093,0.000093,-0.000551,1.164076,3.841915,1.736563,0.005892,-0.000551,0.718521,0.384114
0.193207,7.919445,1.107714,0.019150,0.014547,0.016191,1.071221,0.015862,0.466609,0.600090,0.017506,0.511980,0.000081,-0.000248,0.001725,0.803272,2.031562,1.872108,-0.000229,0.299062,0.000093,0.843843,0.459178,0.474642,0.000093,-0.000229,-0.000551,0.858663,3.587082,0.703379,0.002992,0.000093,0.000093,0.000093
0.617244,10.460407,1.334896,0.016848,0.016191,0.016520,1.265854,0.016848,0.017177,0.662557,0.015205,0.606008,-0.000905,-0.000248,0.127974,1.010398,2.191674,1.897752,0.000093,0.396356,0.000093,0.953379,0.612851,0.584823,-0.000229,-0.000551,-0.000874,1.526511,3.726257,0.829990,0.002348,-0.000874,0.000093,-0.000229
1.099462,13.109417,1.178400,0.016848,0.015862,0.015862,1.176099,0.016191,0.435376,0.505075,0.016848,0.596145,0.001067,0.000739,0.000410,0.874944,2.144331,1.916164,0.000415,0.360273,0.000093,0.947258,0.596743,0.578057,-0.000551,-0.000229,0.000093,1.495584,3.752353,0.939526,0.003637,-0.000551,-0.000551,0.000737
1.445453,16.811643,1.087659,0.016848,0.016520,0.017835,1.356595,0.017835,0.459705,0.414005,0.016848,0.654995,0.000739,0.001396,0.278551,1.047220,2.330744,1.895122,0.000415,0.346098,0.026188,0.961756,0.567748,0.576124,-0.000229,0.000093,-0.000551,1.377993,3.737211,0.827413,0.002348,0.000093,-0.000551,0.000093
1.776310,20.488921,0.691818,0.016191,0.016520,0.016848,1.142564,0.019150,0.516582,0.306168,0.375210,0.729298,-0.000248,-0.000248,0.323922,1.147824,2.358032,1.864546,0.000093,0.308083,0.017812,0.940493,0.512980,0.548418,0.000093,0.000415,-0.000874,0.861885,3.683409,0.751704,0.002992,-0.000874,-0.000874,-0.000229
2.015791,23.048036,0.562610,0.018164,0.017506,0.018821,0.975219,0.017835,0.603378,0.326881,0.517569,0.775326,0.001067,0.000410,0.392306,1.146181,2.433650,1.897095,0.000093,0.272000,0.025866,0.935338,0.497194,0.538109,-0.000229,0.000093,0.000093,0.528766,3.618332,0.543908,0.000737,-0.000551,0.000415,0.000415
2.066482,25.587250,0.481404,0.021123,0.018492,0.022766,1.189907,0.022109,0.757901,0.380142,0.629680,1.106728,-0.000248,0.000410,0.473842,1.212593,2.514198,2.052604,0.000093,0.250093,0.038753,0.928895,0.474320,0.526833,0.001059,0.000093,-0.001196,0.249449,3.501386,0.529088,0.001704,0.000093,-0.001196,-0.000874
1.549846,27.171927,0.430115,0.025397,0.020465,0.022109,1.351992,0.023424,0.854231,0.399868,0.677681,1.256648,0.001067,0.000081,0.800970,1.332923,2.556939,2.089097,0.000093,0.226897,0.037786,0.929861,0.453701,0.524256,0.000415,-0.000551,-0.000551,-0.001196,3.421811,0.307438,0.000093,-0.001196,-0.000229,0.000093
1.142036,29.885075,0.498500,0.026383,0.025397,0.026054,1.307279,0.025068,0.971932,0.417622,0.673735,1.487117,0.000410,0.003040,0.975219,1.433198,2.682529,2.268606,0.000093,0.205956,0.048096,0.938238,0.450158,0.515879,-0.000551,-0.000229,-0.001518,-0.000874,3.279413,0.014268,-0.000229,-0.000551,-0.000229,0.000093
0.738523,33.323320,0.576419,0.026383,0.026054,0.027040,1.158674,0.027369,1.128427,0.518226,0.679325,1.554844,0.005013,0.000081,1.066947,1.506514,2.874860,2.393539,0.000737,0.158920,0.044230,0.913753,0.434371,0.507181,0.000093,0.000737,0.000093,0.000093,3.240431,0.012335,-0.000551,0.000415,0.000415,-0.000551
-0.384158,34.170524,0.550775,0.026383,0.029999,0.025397,1.010398,0.026383,1.287552,0.671105,0.761846,1.572269,0.207865,-0.000248,1.110016,1.555501,3.010972,2.565158,-0.000551,0.133147,0.046485,0.919230,0.430183,0.507825,-0.000229,0.000415,-0.000551,-0.000551,3.084825,0.012335,-0.000551,-0.000551,0.000093,-0.000551
-0.524358,35.259681,0.623433,0.029671,0.029342,0.030328,0.858176,0.029013,1.492048,0.795052,0.810833,1.607447,0.318990,-0.000576,1.188592,1.669585,3.103027,2.748283,-0.000551,0.111884,0.053250,0.927284,0.435016,0.497516,-0.000551,0.000093,-0.000874,-0.000551,2.880573,0.011369,0.000415,0.000737,-0.000229,-0.001196
-0.900942,35.669146,0.665845,0.274606,0.034273,0.034931,0.912753,0.034273,1.644270,1.009083,0.985411,1.898410,0.575761,0.003040,1.560433,1.972383,3.229933,2.956396,-0.000229,0.116072,0.095776,0.962400,0.454990,0.514268,0.000415,-0.000229,-0.003451,0.000093,2.825160,0.011047,0.000415,0.000415,-0.001196,-0.000229
-0.891479,37.714250,0.711873,0.672092,0.039863,0.037561,1.030782,0.039205,1.766244,1.103769,1.021905,2.023672,0.888095,0.586282,1.690626,2.120988,3.292728,3.068506,0.000415,0.105763,0.105441,0.944681,0.467877,0.513624,0.000093,0.000093,-0.000551,-0.000229,2.749129,0.010402,-0.000551,-0.000229,-0.001196,-0.000551
-1.624252,38.075726,0.556364,0.857190,0.038876,0.040191,1.308923,0.041835,1.798792,1.112975,1.183661,1.965479,0.963384,0.681955,1.743559,2.160112,3.322646,3.121439,-0.000229,0.106730,0.108663,0.944359,0.450802,0.519423,0.000093,0.000093,-0.000551,0.000737,2.608343,0.011369,0.000093,0.000093,-0.000229,-0.000874
-1.956908,38.685919,0.504747,1.026179,0.045780,0.045452,1.645256,0.044794,1.871779,1.167222,1.249415,2.086138,1.035385,0.733901,1.762956,2.174578,3.344016,3.162206,0.000093,0.104474,0.113173,0.931794,0.434694,0.511047,-0.000229,-0.000229,0.000093,0.000415,2.403123,0.008147,-0.000551,-0.000551,-0.000874,-0.000229
-1.974519,41.215537,0.474171,1.109358,0.047753,0.159207,1.897095,0.048082,1.955945,1.246456,1.308594,2.149920,1.063659,0.750339,1.849094,2.176879,3.341058,3.147740,-0.000551,0.106085,0.116717,0.916008,0.423418,0.490106,0.000093,0.000415,0.000093,0.000093,2.410211,0.009758,-0.000229,-0.000874,-0.000229,0.453701
-2.476276,41.455419,0.439978,1.110016,0.049726,0.166111,2.023014,0.141453,1.966794,1.286895,1.372376,2.171290,1.115934,0.812148,1.859286,2.194633,3.334482,3.169768,0.000093,0.079668,0.118328,0.888946,0.397000,0.462722,-0.000229,-0.000229,0.000093,0.000093,2.335146,0.008791,-0.000874,-0.000874,-0.000229,0.022967
-3.279812,42.315047,0.361731,1.161304,0.196358,0.582008,2.167016,0.234496,2.058193,1.388157,1.476267,2.242305,1.114619,0.847985,1.909588,2.230140,3.355852,3.208892,-0.000229,0.079023,0.133147,0.923096,0.410531,0.479152,-0.000229,0.000415,-0.000551,-0.001196,2.173742,0.008147,-0.000229,0.001059,-0.000551,0.489140
-4.032659,42.585677,0.370279,1.306621,0.428800,0.821354,2.313319,0.370608,2.114413,1.531501,1.587721,2.335347,1.183661,0.918342,2.123947,2.293264,3.415688,3.275632,0.000093,0.074513,0.142812,0.930828,0.423740,0.491395,0.000093,0.000093,-0.000551,-0.000229,1.870906,0.008147,0.000093,0.000415,-0.000229,0.833212
-4.514995,42.127876,0.473513,1.405581,0.716805,1.006781,2.437924,0.634612,2.223236,1.789258,1.719558,2.393539,1.477911,1.048207,2.213044,2.403074,3.493278,3.355852,0.000093,0.062271,0.163108,0.930828,0.447258,0.514268,-0.000551,-0.000229,-0.000229,-0.000551,1.724965,0.007181,-0.000551,-0.000874,0.000415,1.080957
-3.780593,43.498078,0.468910,1.525254,0.939712,1.101796,2.751571,0.975877,2.316607,1.996384,1.819834,2.433650,1.746846,1.207661,2.254140,2.511568,3.523854,3.471580,-0.000229,0.056794,0.173096,0.937593,0.467554,0.551962,-0.000551,0.000093,0.000093,0.000737,1.509114,0.350931,-0.001196,-0.000229,0.000093,1.556473
-2.946390,43.449743,0.281181,1.716271,1.328978,1.236922,2.888669,1.163277,2.350799,2.265976,2.131180,2.461595,1.972383,1.356923,2.325155,2.578309,3.563964,3.519580,-0.000229,0.052284,0.222387,0.942104,0.506859,0.570647,-0.000874,0.000415,0.000093,-0.003129,1.685339,0.480763,0.001704,-0.000229,0.000415,1.907633
-2.965307,43.277304,0.446225,1.827395,1.681750,1.559775,2.970204,1.259607,2.450746,2.516500,2.118029,2.609542,2.107508,1.543008,2.388937,2.606912,3.600458,3.563307,0.009114,0.046485,0.285853,0.967555,0.553573,0.597387,0.000415,0.000093,-0.000551,0.000415,1.760081,0.599642,0.001704,-0.000874,-0.000229,2.130249
-3.059429,42.865017,0.368964,2.047672,1.906300,1.893150,3.036287,1.423664,2.601980,2.591131,2.300497,2.650638,2.203838,1.635722,2.527021,2.611515,3.637280,3.592896,0.055505,0.046163,0.362851,0.993972,0.586111,0.664397,-0.000229,0.000737,-0.000229,-0.000551,1.963690,0.748805,0.001382,-0.000229,0.000093,2.168909
-3.039508,43.991616,0.370279,2.123947,2.101262,2.132166,3.036616,1.388485,2.761434,2.689762,2.394197,2.773599,2.262360,1.598570,2.581925,2.589158,3.644513,3.619198,0.063237,0.045840,0.400222,0.996872,0.569359,0.674707,-0.000229,0.000093,-0.000551,-0.000874,1.994295,0.827091,0.003637,0.024255,-0.000874,2.406345
-4.045882,44.417493,0.268688,2.210414,2.173920,2.187071,3.034972,1.462459,2.852175,2.746640,2.503349,2.815024,2.315949,1.584104,2.573377,2.554309,3.637938,3.619855,0.086755,0.050673,0.424384,0.978186,0.610596,0.683405,0.000093,0.041974,-0.000229,0.000093,1.961112,0.994617,0.003637,0.471098,0.001382,2.471100
-4.815243,42.351948,0.196687,2.242962,2.184441,2.424115,2.966916,1.723504,2.979738,2.857764,2.631570,2.901162,2.387622,1.682078,2.648337,2.559240,3.657006,3.639581,0.102541,0.078379,0.449191,0.982697,0.641846,0.684694,0.000093,0.055828,0.000093,-0.001196,1.998161,1.192426,0.004925,0.844166,0.003637,2.495585
-4.098090,42.464898,0.106275,2.335676,2.451074,2.683187,2.848887,1.773806,3.105329,2.961656,2.838038,2.945217,2.508938,1.842190,2.830805,2.571733,3.678048,3.646814,0.119294,0.099642,0.457890,1.010725,0.661820,0.715622,-0.000551,0.043907,0.000415,-0.000551,2.073870,1.292942,0.010724,1.095777,0.004281,2.584825
-3.448172,42.715590,0.086219,2.454691,2.581268,2.844285,2.829819,1.905643,3.167138,3.091192,2.945875,2.968560,2.660173,2.026631,2.919244,2.627624,3.699747,3.639253,0.126382,0.135724,0.475609,1.072581,0.697258,0.760403,0.000093,0.037142,0.000737,-0.000874,2.156022,1.560339,0.059049,1.645713,0.006858,2.744619
-3.618493,43.233359,0.090822,2.551350,2.815353,3.064561,2.927135,1.999014,3.306208,3.149713,3.041547,2.998478,2.780832,2.196605,3.011300,2.736119,3.720459,3.622814,0.136047,0.183083,0.482374,1.114462,0.756859,0.804539,0.000415,0.051317,-0.000551,-0.000229,2.390559,1.741718,0.065815,2.170520,0.080956,2.959825
-2.421215,43.418309,0.040520,2.650967,2.852504,3.119137,3.017547,2.063124,3.299632,3.150699,3.148398,3.072123,2.898203,2.323840,3.057657,2.791352,3.717171,3.586978,0.180183,0.251382,0.512335,1.242040,0.825158,0.896034,-0.000551,0.051962,-0.000874,0.000415,2.731732,2.340623,0.295196,2.776835,0.675995,3.119297
-1.057138,43.831525,-0.062057,2.739735,2.856120,3.234865,3.276290,2.229483,3.312454,3.153658,3.221056,3.089877,3.008013,2.423129,3.158918,2.905765,3.711253,3.597170,0.199191,0.336111,0.536820,1.285532,0.857696,0.948869,0.000093,0.071936,0.001382,0.422129,2.941140,2.579348,0.589655,2.962725,0.948225,3.267171
0.981003,42.001770,0.029671,2.772284,2.878477,3.295687,3.502813,2.464883,3.313441,3.196070,3.239139,3.141822,3.021492,2.693707,3.237495,3.017876,3.722432,3.577773,0.233663,0.422774,0.537786,1.299707,0.877671,0.981730,0.000415,0.109307,0.002026,0.841588,3.088047,2.730443,0.956279,3.085470,1.490429,3.399903
1.713057,36.981083,-0.011755,2.827517,2.904450,3.304893,3.626759,2.606254,3.313441,3.173056,3.259851,3.148398,3.105000,2.729215,3.232892,3.028068,3.697445,3.528786,0.268134,0.504603,0.561627,1.322581,0.932117,1.025222,-0.000551,0.158598,-0.000229,1.126382,3.207248,2.853188,1.322581,3.212725,1.919875,3.460793
-4.804592,38.465100,0.010602,2.873874,2.977766,3.373935,3.666212,2.832120,3.366044,3.248673,3.299304,3.276290,3.136891,2.864340,3.285166,3.105986,3.707637,3.492950,0.329990,0.721743,0.529410,1.358985,0.958534,1.069037,-0.000229,0.274255,0.001059,1.885081,3.447262,2.939851,2.196937,3.422777,2.588046,3.557442
1.215690,-0.604517,0.093781,2.997163,3.077383,3.507744,3.699418,3.049766,3.506758,3.391359,3.368345,3.405168,3.249988,2.984341,3.460730,3.184234,3.795090,3.572512,0.347065,0.752993,0.518134,1.439527,0.965944,1.150867,0.000093,0.390235,0.001382,1.929862,3.470458,2.956604,2.352221,3.471424,2.703704,3.422777
0.460200,-0.639513,0.078000,2.857107,3.049109,3.368345,3.680020,2.912011,3.367359,3.252618,3.228947,3.334153,3.104671,2.750914,3.387085,3.213494,3.843419,3.695801,0.266201,0.575158,0.647967,1.536499,1.012658,1.246228,0.000415,0.278444,0.000737,1.691460,3.576128,2.849967,2.184695,3.170199,1.811306,3.534891
7.347365,-2.542975,0.271976,3.395305,3.549169,3.640897,3.917722,3.369661,3.609335,3.495580,3.453497,3.544238,3.357167,2.985985,3.668185,3.573170,4.047915,3.910817,0.536176,1.092877,0.859307,1.756537,1.394101,1.720777,0.000093,0.619294,0.002026,2.623807,3.979802,3.484311,2.996230,3.121874,3.244297,3.868977
30.859940,0.444143,0.178933,3.850652,3.988736,4.054161,4.157395,3.807912,3.975585,3.965722,3.957832,3.974928,3.779967,3.494922,3.992024,3.902927,4.298438,4.135039,0.852220,1.251704,1.101898,1.939205,1.668586,2.019424,0.000737,1.060660,0.690493,3.307442,4.137663,3.955317,3.423744,3.871876,3.547455,4.273939
35.531742,-3.902108,0.200632,3.866433,4.089669,4.256684,4.312904,3.991037,4.066655,4.036079,4.051531,4.024901,3.825994,3.670486,4.030819,3.920023,4.224465,4.045942,0.849642,1.447581,1.038431,1.933084,1.591267,1.878638,-0.000229,1.454346,0.743972,3.752031,4.325486,4.237534,3.974647,4.272006,3.464337,4.521363
35.971420,0.049562,0.173015,3.623472,3.760898,4.166601,4.262931,3.892406,3.832570,3.781282,3.947640,3.906872,3.672787,3.433113,3.810213,3.705993,4.007147,3.759254,0.877026,1.342555,0.889913,1.636692,1.227220,1.483986,0.067425,1.675352,0.316459,3.656669,4.333218,4.195653,3.934054,4.333218,3.234955,4.585151
40.474054,-6.612574,0.167755,3.667856,3.788186,4.166601,4.254054,3.881557,3.812844,3.764514,3.946325,3.899639,3.677061,3.441004,3.842762,3.738870,4.036737,3.832241,0.883470,1.348032,0.925673,1.646357,1.310983,1.498805,0.115428,1.787465,0.409243,3.671811,4.357702,4.210795,3.936954,4.361246,3.372519,4.594172
38.973643,-1.401317,0.159207,3.651746,3.786542,4.178437,4.250438,3.866762,3.781939,3.740185,3.953558,3.904242,3.665883,3.411086,3.838817,3.730322,4.028517,3.805939,0.879604,1.342555,0.939849,1.645390,1.306150,1.508792,0.116395,1.829669,0.471420,3.647971,4.370911,4.222393,3.936309,4.359313,3.303898,4.614468
41.599206,-5.294485,0.172687,3.653061,3.794104,4.183697,4.276739,3.917393,3.808570,3.754980,3.951585,3.909174,3.709281,3.428182,3.856570,3.762542,4.048901,3.851310,0.887336,1.368973,0.946936,1.657633,1.318070,1.524901,0.147645,1.830635,0.533598,3.677288,4.375744,4.234957,3.951451,4.370911,3.393138,4.620267
44.733194,-3.541672,0.188796,3.633006,3.774049,4.161012,4.272136,3.897009,3.756953,3.714541,3.901283,3.892735,3.674431,3.414373,3.832241,3.744459,4.040024,3.829282,0.869617,1.334179,0.935338,1.640880,1.276833,1.508148,0.108985,1.768458,0.285531,3.596747,4.362535,4.223681,3.896039,4.361246,3.330316,4.615113
46.552323,-2.412304,0.178933,3.644184,3.733610,4.231369,4.285287,3.929557,3.759583,3.693829,3.911804,3.884844,3.701719,3.417004,3.829611,3.759912,4.055148,3.823036,0.864462,1.352220,0.928895,1.648612,1.261692,1.517813,0.100286,1.742362,0.297129,3.600613,4.370589,4.232058,3.925034,4.371878,3.301965,4.625422
48.036041,-2.840616,0.213126,3.670157,3.758925,4.284630,4.297452,3.965393,3.815803,3.734596,3.911475,3.887803,3.755638,3.444620,3.877612,3.794761,4.087038,3.847036,0.887013,1.403444,0.953379,1.669231,1.294875,1.557761,0.112206,1.770391,0.429539,3.628319,4.376388,4.245589,3.993977,4.396040,3.351256,4.647007
49.188034,-2.823803,0.245345,3.720459,3.814488,4.330986,4.315534,3.993996,3.884516,3.806597,3.924297,3.899310,3.803309,3.521553,3.916735,3.831255,4.113998,3.881228,0.893457,1.480442,0.978831,1.736885,1.348998,1.624772,0.130892,1.821937,0.460789,3.720780,4.404416,4.290370,4.042624,4.413437,3.402481,4.653773
50.799410,-2.535190,0.195701,3.772734,3.840789,4.331973,4.316192,3.997284,3.899639,3.813501,3.970325,3.896023,3.834871,3.574156,3.928900,3.842762,4.124847,3.874981,0.922774,1.527478,0.981086,1.779411,1.384759,1.666653,0.181794,1.870584,0.731086,3.809054,4.417303,4.313888,4.088372,4.423102,3.435019,4.663438
50.943227,-2.608442,0.212139,3.771747,3.826652,4.340850,4.311918,3.990709,3.894379,3.815474,3.952571,3.899310,3.841447,3.557389,3.912132,3.839474,4.122546,3.870050,0.926318,1.521357,0.981408,1.780700,1.394424,1.672130,0.194681,1.848355,0.550351,3.820330,4.415048,4.313566,4.101580,4.445009,3.471102,4.666015
48.538669,-0.597241,0.265072,3.753336,3.816789,4.341836,4.308301,3.980517,3.879255,3.788843,3.895365,3.880570,3.839474,3.540293,3.920023,3.843091,4.124190,3.872022,0.945970,1.517491,0.983341,1.775545,1.394424,1.669875,0.185982,1.851254,0.577413,3.804544,4.412793,4.312921,4.119299,4.452419,3.468847,4.675036
47.391088,-1.157703,0.232194,3.800022,3.872022,4.347754,4.310603,3.992681,3.925283,3.832241,3.941722,3.900625,3.871694,3.573170,3.934489,3.858214,4.136683,3.894379,0.982052,1.574192,1.022323,1.818393,1.453058,1.752671,0.217232,1.897324,0.634436,3.852868,4.426324,4.331929,4.167624,4.475937,3.536824,4.681479
47.164617,0.805616,0.193399,3.843419,3.880242,4.354000,4.315534,4.007147,3.949941,3.881228,3.987421,3.910489,3.885831,3.603088,3.954544,3.871694,4.154108,3.903913,1.017168,1.593844,1.054217,1.839978,1.504926,1.797452,0.254281,1.967556,1.033921,3.889595,4.448231,4.341594,4.200485,4.484636,3.547455,4.679868
48.387086,1.331538,0.163481,3.908845,3.929557,4.362877,4.326712,4.020627,3.962434,3.915749,4.028517,3.962106,3.903913,3.661280,4.001558,3.891749,4.169231,3.942708,1.032954,1.632826,1.097709,1.858986,1.585468,1.819037,0.308083,2.008471,1.101253,3.911503,4.463373,4.350937,4.222393,4.490435,3.624453,4.682123
47.934638,4.486011,0.172687,3.913448,3.937119,4.374384,4.330329,4.026545,3.997284,3.942379,4.031147,3.971640,3.911475,3.697116,4.000243,3.904899,4.180409,3.931859,1.072258,1.650867,1.164720,1.869295,1.622839,1.830313,0.312593,2.018136,1.242362,3.916657,4.474971,4.365434,4.231735,4.497200,3.686953,4.688889
50.503074,1.292978,0.163152,3.931201,3.949941,4.383261,4.335589,4.029832,4.005832,3.951914,4.044956,3.962106,3.945010,3.732624,4.019312,3.913448,4.189286,3.970982,1.104153,1.677607,1.185983,1.892813,1.640558,1.861885,0.336755,2.016525,1.385403,3.936954,4.490112,4.386053,4.244622,4.501388,3.706927,4.688889
50.345286,5.703086,0.163810,3.928900,3.961119,4.380960,4.334603,4.028189,3.992681,3.928242,4.043641,3.990709,3.943037,3.688240,4.002544,3.896351,4.189286,3.936790,1.081923,1.672774,1.165364,1.907311,1.598676,1.881215,0.298096,2.017169,1.310983,3.943075,4.490435,4.402161,4.247522,4.496878,3.663113,4.692433
51.353914,4.664419,0.158878,3.979530,4.020956,4.407261,4.349398,4.054819,4.051202,4.017997,4.065668,4.001229,4.006490,3.849995,4.114655,3.958818,4.236958,3.997613,1.178573,1.772646,1.173418,1.958535,1.648612,1.920520,0.514591,1.993973,1.582568,4.004608,4.523940,4.421491,4.308089,4.552290,3.784891,4.713696
51.208539,4.175622,0.132248,3.965065,4.011750,4.408905,4.340850,4.036408,4.034106,4.009120,4.085723,3.983147,3.998928,3.840460,4.128135,3.945996,4.230054,4.033449,1.204668,1.755249,1.188238,1.940494,1.723032,1.912465,0.504281,2.129605,1.689849,3.993333,4.522651,4.416014,4.309700,4.554223,3.837727,4.709830
50.015481,4.602656,0.115809,3.961777,4.028189,4.421398,4.344466,4.037065,4.060079,4.017668,4.103148,3.987750,3.999585,3.854926,4.154765,3.965065,4.236958,4.043312,1.220777,1.781344,1.229797,1.960790,1.789720,1.920842,0.526833,2.234309,1.780055,4.016851,4.531027,4.421491,4.319042,4.559378,3.896039,4.716273
50.666122,3.865861,0.114165,3.963749,4.037394,4.422056,4.343480,4.046600,4.077833,4.016682,4.111696,3.997942,4.011092,3.876625,4.165286,3.970982,4.242876,4.072573,1.225609,1.797452,1.227864,1.969167,1.814849,1.924386,0.531665,2.244940,1.886048,4.021361,4.535860,4.425679,4.325486,4.562922,3.919235,4.713696
50.738396,2.738260,0.101014,3.990709,4.085395,4.427316,4.349398,4.063038,4.112025,4.041668,4.134381,4.027202,4.027202,3.910489,4.181396,3.985777,4.258657,4.117285,1.235596,1.826125,1.297774,2.014914,1.870906,1.954991,0.581279,2.327092,2.144747,4.075163,4.549069,4.434378,4.340305,4.573231,3.979802,4.722716
50.816612,2.762388,0.092795,4.001229,4.097888,4.425672,4.352356,4.073888,4.146546,4.082107,4.160354,4.067970,4.046600,3.923639,4.191588,3.993996,4.254712,4.130765,1.278444,1.849321,1.363496,2.025223,1.902156,1.969167,0.584178,2.312595,2.169553,4.071297,4.551002,4.432123,4.343527,4.572265,3.988178,4.720461
49.746905,2.850128,0.102658,4.024901,4.094600,4.422713,4.354987,4.093285,4.169889,4.100189,4.159368,4.093614,4.056463,3.946325,4.196519,3.992681,4.258328,4.148519,1.312594,1.860919,1.430506,2.042298,1.930507,1.995262,0.586111,2.318716,2.153123,4.065820,4.551646,4.436633,4.347071,4.575486,3.994621,4.721105
49.185818,2.558750,0.103644,4.048244,4.130107,4.415480,4.360576,4.108080,4.193560,4.113669,4.175807,4.119916,4.068627,3.976900,4.202108,3.994983,4.262602,4.165943,1.440815,1.889270,1.470455,2.080958,1.973355,2.065816,0.625093,2.363819,2.281667,4.081928,4.554868,4.443721,4.363179,4.576131,4.067753,4.723038
48.794183,3.357153,0.105946,4.051531,4.122875,4.412850,4.360247,4.103806,4.196848,4.114984,4.170217,4.129121,4.067641,3.982489,4.202766,3.995969,4.263260,4.167587,1.529411,1.900223,1.492040,2.102221,1.999450,2.100610,0.634758,2.389270,2.275546,4.084506,4.545203,4.451130,4.374777,4.584829,4.112856,4.729804
47.309364,4.316817,0.123700,4.043641,4.124847,4.391809,4.355644,4.102491,4.190930,4.107094,4.148190,4.127806,4.057449,3.986763,4.195862,3.985120,4.258328,4.163313,1.539720,1.891847,1.481086,2.092878,2.000094,2.090301,0.619616,2.404734,2.247517,4.071619,4.540048,4.453708,4.368334,4.579997,4.143462,4.729804
46.814576,1.630676,0.126658,4.051531,4.122546,4.383918,4.352356,4.098217,4.191588,4.106436,4.138984,4.132738,4.050216,3.988078,4.195862,3.990051,4.252739,4.156080,1.572903,1.898290,1.510081,2.117040,2.030378,2.123484,0.638946,2.456603,2.253316,4.056477,4.540048,4.459184,4.377032,4.585474,4.140240,4.731415
44.465571,-0.672203,0.123371,4.056134,4.111368,4.378987,4.349726,4.102819,4.192245,4.103477,4.132409,4.136025,4.041997,3.984133,4.190930,3.985120,4.247479,4.153121,1.583857,1.894746,1.543264,2.127350,2.048741,2.145391,0.640879,2.520069,2.219489,4.057766,4.549713,4.460473,4.372844,4.576453,4.132186,4.733026
38.267345,-2.033418,0.109234,4.068627,4.075860,4.356631,4.341836,4.099532,4.207040,4.098217,4.124518,4.144245,4.037394,3.969667,4.184683,3.961119,4.235314,4.140299,1.569359,1.885404,1.521679,2.111241,2.038754,2.133793,0.628637,2.560662,2.133471,4.032637,4.545847,4.460795,4.363501,4.568721,4.077418,4.724971
29.494325,-1.975409,0.114165,4.060408,4.054161,4.329343,4.334274,4.077504,4.205396,4.096244,4.099203,4.133395,4.014709,3.949284,4.173505,3.945010,4.225122,4.121888,1.544230,1.865107,1.492684,2.089979,2.017491,2.112208,0.591588,2.554219,2.076125,4.027482,4.542948,4.454996,4.344816,4.554223,4.017495,4.713373
18.668746,-0.547695,0.082932,4.011092,3.960791,4.264575,4.313562,4.059093,4.208026,4.100189,4.071915,4.132080,3.960133,3.900625,4.146546,3.894050,4.199149,4.066983,1.460790,1.823870,1.421163,2.037788,1.937272,2.048741,0.495905,2.519425,1.855442,4.054544,4.530705,4.440177,4.315498,4.514597,3.919557,4.688244
-0.182764,-0.907861,0.171043,3.952900,3.873995,4.214273,4.287589,4.019640,4.187971,4.086710,4.026216,4.111696,3.889118,3.822049,4.090655,3.860844,4.157395,3.985120,1.290686,1.699836,1.344488,1.941460,1.821293,1.905700,0.272000,2.415688,1.405699,4.009119,4.501710,4.401195,4.231091,4.412793,3.729801,4.633476
-0.493815,-0.948752,0.303209,3.937777,3.869392,4.129121,4.301068,4.100847,4.213944,4.067312,3.897995,4.031805,3.856241,3.790816,4.047257,3.898982,4.218218,3.963421,1.181472,1.570970,1.220777,1.821293,1.679218,1.835468,0.139268,2.253639,0.783598,3.906992,4.451453,4.343527,4.121555,4.308733,3.512984,4.560667
-0.434813,0.561751,0.317675,4.081449,4.088682,4.206054,4.389836,4.230711,4.320795,4.140299,3.954544,4.027202,3.967037,3.849337,4.112025,4.172190,4.359918,4.259643,1.422130,1.728831,1.320648,1.993973,1.799708,1.997517,0.496871,1.978509,1.800996,4.061632,4.473038,4.289725,4.069042,4.261375,3.987212,4.469172
-0.119959,-1.051742,0.333785,4.186985,4.157395,4.257671,4.459865,4.305342,4.377014,4.203423,4.005832,4.090326,4.016682,3.918708,4.210328,4.264903,4.456577,4.344466,1.763303,1.966267,1.436305,2.213046,1.965945,2.217234,1.088367,1.736563,2.825160,4.219815,4.531994,4.333540,4.181155,4.318076,4.227225,4.446942
-2.000885,-15.888062,0.315703,4.293835,4.248794,4.323425,4.495372,4.340850,4.422713,4.298767,4.100847,4.223478,4.134381,4.066326,4.305014,4.322110,4.493399,4.385891,1.706280,1.980764,1.410854,2.244296,1.959824,2.312595,1.417620,1.651834,3.331282,4.321620,4.589662,4.389597,4.326452,4.399906,4.282638,4.442432
2.475675,-42.499989,0.259154,3.911475,3.931201,4.059422,4.136683,3.851967,4.107422,3.960133,3.850324,3.891420,3.737226,3.406483,3.981503,3.842104,4.307972,4.211314,1.120261,1.445326,1.142168,1.957891,1.670519,2.062594,0.712400,1.055828,3.297777,4.049390,4.496556,4.300679,4.208217,4.339339,4.048745,4.133797
2.748327,-49.142943,0.073069,3.025766,3.077054,3.306865,3.130973,2.407348,3.240454,3.205933,3.068835,3.265769,2.866641,2.206797,3.035958,3.034643,4.004517,3.876954,0.727864,1.281666,0.925995,1.732375,1.439205,1.692427,0.214655,0.119938,2.827093,3.857701,4.402483,4.230125,4.111568,4.304867,4.106735,3.614788
2.103379,-52.953048,0.078986,3.093822,3.170097,3.411086,3.135904,2.431677,3.266098,3.249659,3.151685,3.272344,2.879792,2.184441,3.087575,3.063575,4.050545,3.899968,0.756859,1.491395,0.944037,1.809050,1.538432,1.776189,0.405377,0.100286,2.866397,3.920201,4.437277,4.305189,4.194364,4.375099,4.170202,3.673422
2.188794,-56.759350,0.074712,3.111575,3.187850,3.449881,3.137220,2.440225,3.262810,3.233549,3.181604,3.287139,2.904778,2.170304,3.048451,3.051410,4.092628,3.951585,0.755570,1.522323,0.989140,1.840300,1.603187,1.807762,0.426317,0.079346,2.790688,3.951451,4.443398,4.313566,4.196297,4.376388,4.155382,3.681154
2.516658,-60.404687,0.073397,3.164836,3.222371,3.464675,3.076726,2.375786,3.250646,3.214152,3.194097,3.247687,2.891956,2.166687,2.972505,3.031027,4.123203,3.958160,0.729475,1.513625,1.051962,1.871873,1.655700,1.813239,0.420841,0.077090,2.712402,3.953062,4.434056,4.316143,4.186954,4.369945,4.139274,3.701773
2.579220,-62.797398,0.070767,3.083301,3.200672,3.393332,2.905107,2.292607,3.207905,3.183576,3.122096,3.177987,2.846586,1.987836,2.920231,2.991903,4.117285,3.962434,0.651189,1.456602,1.028444,1.828702,1.645068,1.785854,0.400544,0.072258,2.637982,3.912147,4.408927,4.290370,4.135408,4.333862,4.100936,3.623809
2.286593,-63.636823,0.053671,2.969875,3.160891,3.334811,2.749270,2.254469,3.126041,3.130315,3.057986,3.125055,2.780174,1.753422,2.840997,2.934039,4.095915,3.951914,0.567426,1.402800,1.019746,1.799385,1.622194,1.756215,0.347709,0.072258,2.418265,3.845136,4.382187,4.260730,4.067109,4.293913,4.031026,3.554543
2.921381,-66.748043,0.009944,2.811079,3.094151,3.254262,2.646364,2.087782,3.077712,3.087904,3.031355,3.040232,2.696995,1.553529,2.811408,2.884723,4.093943,3.957174,0.525222,1.347065,1.002671,1.780378,1.597710,1.730764,0.288109,0.065492,2.164399,3.779737,4.359957,4.217238,3.994299,4.257831,3.949518,3.460471
2.863393,-68.023561,-0.021289,2.740064,3.047465,3.179960,2.582254,2.014137,3.061273,3.007684,2.948505,2.978752,2.626638,1.456212,2.756503,2.818969,4.090655,3.969996,0.488495,1.299385,0.993328,1.756537,1.562916,1.703058,0.254281,0.056150,1.904089,3.688886,4.337406,4.174712,3.902160,4.207251,3.856090,3.369942
2.376335,-68.618244,0.034273,2.620720,2.964944,3.172069,2.488883,1.885259,2.993875,2.917272,2.841983,2.921546,2.559240,1.379280,2.718037,2.783791,4.084408,3.957832,0.429861,1.265558,0.973032,1.715622,1.529411,1.656988,0.187271,0.019101,1.647968,3.592881,4.309055,4.145395,3.797134,4.155060,3.737855,3.280380
2.746538,-70.577838,0.043479,2.512555,2.876833,3.134589,2.325484,1.716928,2.918916,2.855463,2.744338,2.857107,2.410964,1.215880,2.585542,2.749270,4.079148,3.942708,0.378315,1.203380,0.957890,1.684695,1.495584,1.602220,0.138946,0.000093,1.385403,3.429865,4.272328,4.101258,3.662791,4.097714,3.654092,3.168911
2.448632,-71.075298,0.065178,2.330415,2.812065,3.087904,2.157482,1.569638,2.819298,2.798585,2.688118,2.790695,2.316607,1.216538,2.589487,2.718037,4.064025,3.920023,0.328701,1.173418,0.957568,1.660210,1.461112,1.559050,0.108663,0.000093,0.965622,3.330638,4.232058,4.067431,3.595780,4.020072,3.571296,3.091269
2.052105,-70.826264,0.169399,2.325484,2.765380,2.997492,1.982904,1.283936,2.728557,2.663132,2.484280,2.737105,2.199564,1.188921,2.558583,2.657214,4.045285,3.896680,0.302928,1.113496,0.947581,1.619617,1.414398,1.493006,0.078057,0.000093,0.448547,3.209181,4.169235,4.027160,3.506862,3.959827,3.461437,3.008150
2.423021,-71.744775,0.276250,2.175235,2.634200,2.871573,1.740271,1.096865,2.559240,2.445157,2.232770,2.659515,2.027288,1.026179,2.522089,2.503349,4.017997,3.878269,0.252348,0.983985,0.899256,1.544553,1.331601,1.372194,0.020389,0.000415,-0.000229,3.011050,4.105769,3.928577,3.368653,3.825162,3.328705,2.896036
2.843918,-72.183464,0.118110,2.029261,2.470801,2.760448,1.648215,0.903876,2.430691,2.203510,2.079234,2.565158,1.923068,0.906835,2.471129,2.470143,3.988407,3.855255,0.169552,0.929861,0.861562,1.480120,1.268779,1.286498,0.000415,0.000093,0.001382,2.741719,4.057121,3.862211,3.174387,3.698551,3.189851,2.818072
2.921164,-72.202650,-0.047262,1.908273,2.285045,2.606912,1.681421,0.907821,2.363292,1.915835,1.926684,2.534582,1.759997,0.784532,2.434636,2.493486,3.962434,3.824679,0.151511,0.892812,0.836434,1.442104,1.206923,1.218844,0.000415,0.000415,-0.000551,2.469167,4.004286,3.761051,2.981088,3.552610,3.078704,2.699193
3.046468,-71.965694,-0.099208,1.743559,2.105865,2.376115,1.707065,0.818724,2.323511,1.676489,1.829039,2.524390,1.655777,0.713846,2.342909,2.545760,3.942051,3.795419,0.123160,0.842555,0.792619,1.410532,1.157954,1.125738,0.000093,-0.000229,0.000093,2.026834,3.929222,3.639273,2.656345,3.282313,2.963047,2.578381
2.472170,-72.282139,-0.015042,1.557803,1.876711,2.252168,1.624872,0.544528,2.301155,1.479884,1.683722,2.492828,1.503884,0.636255,2.295566,2.592117,3.930872,3.750706,0.070969,0.802928,0.763624,1.365429,1.100931,1.050351,-0.000229,0.000093,0.000415,1.677929,3.863178,3.513950,2.301319,3.052931,2.772969,2.501062
2.018778,-73.049819,0.104302,1.365800,1.863560,2.078905,1.541035,0.368306,2.306086,1.302018,1.544323,2.430691,1.438787,0.589241,2.204167,2.663132,3.896680,3.731309,0.040364,0.759114,0.714011,1.325158,1.028444,0.982697,0.000415,-0.000229,-0.001196,1.390558,3.780381,3.426643,2.009437,2.849322,2.537788,2.358987
2.793276,-75.301027,0.136522,1.266182,1.838245,2.001973,1.633420,0.295647,2.231455,1.233305,1.450952,2.402087,1.381910,0.482719,2.103563,2.718694,3.881228,3.721445,0.020389,0.704024,0.700480,1.280377,0.991717,0.904410,0.000093,0.000737,0.000093,0.983985,3.728835,3.350934,1.378638,2.696938,2.241074,2.242041
4.925490,-74.142891,0.539268,1.137304,1.744545,1.960548,1.512432,0.237784,2.119015,1.128098,1.048535,2.338635,1.317799,0.309456,2.015781,2.715735,3.842433,3.691198,-0.000551,0.679861,0.679861,1.281666,0.960789,0.877993,-0.000229,0.000415,0.000415,0.682439,3.716270,3.301321,1.058728,2.584825,2.018458,1.945971
5.512065,-73.554805,0.624091,0.944315,1.409198,1.803724,1.909917,0.217400,1.947397,0.932808,0.770723,2.275839,1.280319,0.114165,1.980932,2.742366,3.798378,3.635636,0.000093,0.656665,0.653122,1.241395,0.867684,0.828702,-0.000229,-0.000229,-0.000229,0.528444,3.685664,3.128962,0.831923,2.339012,1.896357,1.729476
6.469887,-78.060749,0.502116,0.688530,1.187277,1.716928,2.098303,0.223646,1.749148,0.739819,0.641187,2.239017,1.306292,0.089507,1.965479,2.791681,3.760240,3.604074,-0.000551,0.633147,0.617361,1.204346,0.815815,0.787142,-0.000229,0.000093,-0.000229,0.408920,3.642494,3.001385,0.656665,2.027478,1.560983,1.539398
1.780071,-78.134970,0.532692,0.454444,1.029795,1.672873,2.242633,0.169070,1.615666,0.544857,0.530720,2.101919,1.215223,0.018821,1.951013,2.804175,3.740185,3.584677,-0.000229,0.592232,0.588366,1.165042,0.759758,0.713044,0.000415,-0.000229,-0.000551,0.101897,3.598357,2.814529,0.374127,1.834824,1.243972,1.422774
0.011324,-83.929933,0.602721,0.421896,0.990014,1.590680,2.256113,0.044465,1.575885,0.499486,0.439321,2.037809,1.166893,0.000739,1.915506,2.814366,3.746761,3.585663,-0.000229,0.636047,0.569681,1.159887,0.760403,0.651189,-0.000551,-0.000229,-0.000551,0.000093,3.585793,2.812273,0.332245,1.600932,1.091588,1.367362
-6.071587,-82.999834,0.544528,0.708256,1.071221,1.643612,2.138742,0.047096,1.499610,0.644475,0.540254,1.981260,1.107386,-0.000248,1.707065,2.738420,3.750377,3.618540,0.000093,0.658921,0.550029,1.190493,0.754281,0.622838,0.000737,-0.000551,0.000415,0.000415,3.522649,2.897325,0.220776,1.484630,1.042941,1.245583
-4.147391,-84.985747,0.550446,0.676694,1.058727,1.621256,2.162413,0.043808,1.311553,0.660585,0.533021,1.885588,1.098509,-0.000248,1.526569,2.684831,3.748076,3.642869,-0.000229,0.688238,0.511369,1.207568,0.744939,0.603186,0.000415,0.000415,-0.000229,-0.000229,3.479156,2.941784,0.196291,1.399256,0.946292,1.072581
-5.319697,-81.689473,0.531048,0.716805,0.936424,1.568323,2.147290,0.043808,1.196154,0.639543,0.505733,1.779066,0.917027,0.000410,1.503555,2.692064,3.716843,3.606376,-0.000229,0.684049,0.470132,1.190815,0.725609,0.593521,-0.000229,-0.000229,-0.000229,-0.000229,3.498808,3.014916,0.155699,1.349643,0.866717,1.040686
-4.019682,-81.411559,0.577076,0.326552,0.734229,1.292484,2.295566,0.037561,1.059714,0.421896,0.334114,1.642955,0.780586,0.001067,1.484815,2.681214,3.661938,3.566266,-0.000229,0.650544,0.399578,1.143779,0.698869,0.629281,-0.000229,-0.000229,-0.000551,-0.000229,3.498808,2.986887,0.175995,1.234952,0.603186,1.048740
-3.696881,-79.838369,0.642502,0.186166,0.425841,1.057741,2.335018,0.032958,0.983439,0.317018,0.152303,1.615338,0.705955,-0.000905,1.388157,2.691077,3.622157,3.524183,0.000093,0.544230,0.290364,1.035209,0.611240,0.586433,0.000415,-0.000551,0.000093,-0.001518,3.447262,2.854799,0.162464,0.860918,0.311627,0.964977
-4.697875,-73.048454,0.654667,0.028027,0.265729,0.949575,2.356060,0.033287,0.855218,0.205564,0.028684,1.465747,0.497842,0.001067,1.069906,2.482308,3.576129,3.455799,0.000093,0.484951,0.169230,0.969488,0.566781,0.518134,0.000093,0.000737,-0.000551,0.000737,3.419233,2.642492,0.104797,0.622516,0.002026,0.715622
-3.396906,-68.356271,0.545514,0.021780,0.022109,0.755928,2.292607,0.022766,0.706941,0.022109,0.023424,1.051166,0.321620,-0.000576,1.020261,2.267291,3.482758,3.385113,0.000093,0.447902,0.046807,0.928573,0.480119,0.453379,-0.000229,0.000093,-0.000229,0.000093,3.443718,2.435984,0.091266,0.044552,-0.000229,-0.000551
-3.463162,-60.409370,0.342662,0.017835,0.017835,0.539596,2.128221,0.019479,0.592200,0.019150,0.019479,0.817080,0.054657,0.000410,0.994617,2.161098,3.339742,3.220727,0.000093,0.389268,0.007825,0.852542,0.350931,0.416330,-0.000229,0.000415,-0.000551,-0.000229,3.283924,2.140236,0.056794,0.000093,0.003959,0.000093
-1.458671,-44.073674,0.000081,0.013890,0.013232,0.305839,1.695558,0.013561,0.576090,0.014218,0.014218,0.644146,0.000410,-0.000576,0.487979,1.871122,3.170754,3.024122,-0.000874,0.317426,0.000093,0.666008,0.261691,0.363817,0.000415,0.000093,-0.000551,-0.000874,3.148292,1.636370,0.005570,-0.000874,-0.001196,-0.000551
0.447338,-14.184178,0.301237,0.010273,0.010931,0.010931,1.251716,0.011259,0.584638,0.011588,0.012246,0.537624,0.000081,0.000739,0.171372,1.334238,2.938313,2.770969,0.000415,0.294874,0.000093,0.589655,0.224964,0.276511,-0.000551,0.000093,0.000093,0.000093,3.067751,1.329668,0.003959,-0.000551,0.000737,0.000415
-0.715787,-0.105216,0.781244,0.017506,0.017506,0.017177,1.345087,0.017835,0.847656,0.244688,0.018492,0.896643,0.000739,0.000739,0.692147,1.328978,2.928121,2.670693,0.000737,0.295840,-0.000229,0.617361,0.286498,0.330634,-0.000874,-0.000229,0.001382,-0.000229,3.475612,0.989784,0.003637,0.000093,-0.000551,1.016524
-0.825774,-0.803068,0.798998,0.020136,0.020136,0.020136,1.304320,0.018821,1.212264,0.313730,0.019479,0.997576,0.001396,0.001067,0.576090,1.287881,2.795955,2.504993,0.000737,0.281665,0.045518,0.874127,0.591266,0.529088,0.000093,0.000093,0.000415,0.000093,3.552932,1.220454,0.323547,1.242684,0.004281,2.588046
-0.117059,-0.581051,0.775984,0.019150,0.018821,0.018164,1.174784,0.018164,1.245141,0.287099,0.025397,0.915383,0.000081,-0.000576,0.755928,1.550899,2.992560,2.587514,0.000093,0.207889,0.145389,1.036498,0.734952,0.680506,-0.000229,-0.000551,-0.001196,0.000737,3.421811,0.933083,0.215621,0.925995,0.003637,2.541010
-14.810692,0.331048,1.034069,0.024081,0.026383,0.025725,1.913205,0.029342,1.395390,0.468582,0.025725,1.294457,0.225290,-0.000576,0.991658,2.146632,3.109932,2.846257,-0.000229,0.055183,0.352219,1.334179,0.905055,0.980441,-0.000551,-0.000229,0.000093,0.305183,3.602546,1.498805,0.026510,1.152800,0.087078,2.843846
-25.975405,3.407388,0.984754,0.945630,0.055972,0.590885,2.869271,1.022562,2.254798,1.267169,0.700037,2.231784,1.141249,0.461677,1.971726,2.766037,3.557389,3.453497,-0.000874,-0.000551,0.376704,1.264913,0.936627,1.005892,-0.000551,0.000093,-0.000229,0.419230,3.622520,2.156989,0.184371,0.694359,0.051962,3.122197
-28.125408,2.809842,0.975877,0.868368,0.158221,1.079111,2.275839,0.262770,2.018083,1.072865,0.639214,2.108166,0.994288,0.000739,1.325032,2.577323,3.562978,3.476511,0.000093,0.238817,0.012980,0.847709,0.499771,0.440493,0.000093,-0.000229,0.000093,0.000093,3.223357,1.839334,0.079346,0.011691,0.002992,1.795519
-29.778470,0.880733,1.463117,0.620146,0.153947,1.120208,1.354293,0.037232,1.759011,0.929520,0.037890,1.714955,0.630666,0.001067,1.034727,2.553322,3.559690,3.441004,0.000093,0.291652,0.000415,0.901511,0.450802,0.404088,0.000737,0.000093,-0.000551,0.001704,3.145070,1.601254,0.066459,0.385725,0.001059,0.759436
-31.959011,0.310173,1.156373,0.346278,0.047424,0.990343,0.973904,0.031972,1.560433,0.755271,0.030328,1.564049,0.486007,0.001396,0.870999,2.526034,3.535032,3.434757,0.000093,0.345132,0.003959,0.937271,0.475931,0.388302,0.000093,0.001059,-0.003129,-0.000874,3.143782,1.502993,0.075157,0.598998,0.002670,0.457245
-33.952316,0.948706,1.149797,0.352196,0.284469,0.954178,0.962397,0.031643,1.519994,0.740805,0.030328,1.496322,0.401841,0.000081,0.862122,2.463239,3.541608,3.499854,-0.000551,0.411498,0.000415,1.076769,0.561627,0.444359,0.000415,0.000737,-0.000874,-0.000874,3.289723,1.864463,0.084178,0.974642,0.004603,0.529088
-34.843550,0.229563,1.137304,0.346278,0.309127,0.913081,0.950233,0.031972,1.489747,0.701681,0.031643,1.378622,0.342662,-0.000248,0.853245,2.376443,3.530430,3.535032,0.001382,0.457890,0.009114,1.140235,0.608018,0.498804,0.000093,0.001059,-0.000874,-0.000551,3.371231,2.014592,0.089655,1.015880,0.004281,0.421163
-36.259353,-0.761049,1.124810,0.345292,0.299264,0.907164,0.840752,0.028027,1.463117,0.701352,0.028684,1.293470,0.305182,0.000410,0.831546,2.264661,3.521881,3.558704,0.000093,0.448869,0.016523,1.143779,0.614784,0.489784,0.000415,0.000093,0.001059,-0.000874,3.364143,1.991718,0.087722,1.012658,0.004281,0.339333
-35.920680,-1.982620,1.107057,0.327210,0.287757,0.856533,0.649406,0.026712,1.394403,0.661900,0.028356,1.238894,0.239756,0.002054,0.738175,2.214030,3.538320,3.563964,-0.000874,0.478830,0.005570,1.158921,0.583212,0.438237,0.000093,0.000093,-0.001518,0.000415,3.359311,1.937594,0.086111,0.991073,0.004925,0.248804
-39.178468,3.343451,1.047220,0.324908,0.340032,0.763161,0.451157,0.023424,1.239552,0.532035,0.022766,0.915712,0.160193,0.000081,0.765463,2.227181,3.540950,3.548183,0.000415,0.508469,0.007825,1.196292,0.601253,0.477219,-0.000229,0.000737,0.000093,-0.001518,3.373808,1.943071,0.087722,1.014591,0.003959,0.065815
-36.277202,-4.408614,1.032754,0.317346,0.390005,0.731928,0.614556,0.022109,0.974891,0.410389,0.022438,0.817738,0.020136,0.000081,0.732914,2.221263,3.540950,3.567909,0.000093,0.506536,0.004925,1.211434,0.599964,0.487529,-0.000229,0.000415,0.000737,-0.000874,3.403125,1.898290,0.082889,1.051640,0.003959,0.000415
-39.029330,7.508250,0.936753,0.304524,0.267373,0.706941,0.445239,0.020465,0.959109,0.390334,0.020136,0.723380,0.041178,-0.000576,0.695763,2.168002,3.516292,3.508731,0.000415,0.488173,0.001382,1.219166,0.594165,0.474964,0.000415,0.000093,-0.000551,-0.000229,3.404414,1.841911,0.081279,0.990428,0.003959,0.000415
-37.649960,-4.886295,1.017631,0.289072,0.289730,0.709243,0.638557,0.020465,0.986069,0.363046,0.022109,0.802285,0.070767,-0.002220,0.699380,2.156495,3.511690,3.573170,0.000415,0.518134,0.000093,1.205313,0.589977,0.481730,-0.000551,0.000093,-0.000874,0.000415,3.405380,1.891525,0.083212,1.010403,0.003637,0.000093
-41.174552,7.243007,0.948918,0.289730,0.297620,0.708585,0.314387,0.018821,0.926561,0.403485,0.019479,0.661571,0.000410,0.000410,0.690832,2.082193,3.462374,3.549827,-0.000229,0.528444,0.008469,1.284565,0.624127,0.506214,0.000415,0.000415,0.000737,0.000093,3.416978,1.897646,0.086111,1.063882,0.005892,-0.000551
-39.964830,-4.806957,1.035385,0.292031,0.341347,0.717791,0.528747,0.019807,0.921301,0.390005,0.021451,0.764148,0.000081,0.000739,0.675708,2.214688,3.525498,3.592896,-0.000229,0.550995,0.000415,1.296808,0.625415,0.524578,0.000093,0.000415,0.000415,-0.001196,3.469813,2.016203,0.090943,1.148612,0.004281,-0.000551
-42.167523,7.261058,1.023878,0.302223,0.417622,0.708914,0.283812,0.019479,0.956151,0.418937,0.019479,0.664859,0.000081,0.001396,0.671105,2.220277,3.527471,3.589280,-0.000229,0.538431,0.006858,1.321614,0.626382,0.527155,0.000415,0.000093,0.000093,-0.000229,3.482378,2.004283,0.086111,1.153444,0.005570,-0.000551
-40.666927,-3.578080,1.020919,0.269017,0.281181,0.663215,0.332799,0.018492,0.910451,0.379813,0.018821,0.673078,-0.001563,-0.000576,0.630009,2.300168,3.530430,3.608348,0.000737,0.556472,0.000093,1.297452,0.590622,0.509114,0.000415,0.000093,-0.003451,-0.001518,3.421166,1.971744,0.086755,1.115751,0.004925,0.000093
-42.686416,8.605546,0.975877,0.270003,0.269017,0.676366,0.266058,0.018164,0.914396,0.397238,0.018492,0.609296,0.000410,-0.000576,0.617844,2.313648,3.516950,3.566266,-0.000229,0.546807,0.000415,1.307439,0.617683,0.509758,0.000093,-0.000229,-0.001518,-0.000229,3.436308,1.911499,0.087078,1.074836,0.008469,0.000093
-42.220495,-0.839675,1.011713,0.271318,0.312415,0.659598,0.330169,0.017835,0.910780,0.383758,0.018821,0.653352,0.001725,0.000410,0.614228,2.407348,3.554430,3.625444,-0.000229,0.543585,0.000093,1.308406,0.613173,0.511691,0.000093,-0.000551,-0.003773,-0.000551,3.405380,1.957891,0.084178,1.096743,0.003959,0.000093
-43.510326,8.095152,0.992315,0.286442,0.359100,0.680968,0.267702,0.018492,0.900259,0.384745,0.017835,0.586282,-0.000248,0.001067,0.582994,2.254469,3.540293,3.619855,-0.000874,0.526189,0.000093,1.330313,0.618006,0.516524,-0.000229,0.000093,-0.000551,-0.000874,3.460148,1.854476,0.084500,1.109307,0.003315,-0.000874
-41.184547,0.424955,1.029795,0.276250,0.390334,0.670776,0.441294,0.019807,0.890067,0.376854,0.019150,0.669461,-0.000576,0.000081,0.470225,2.305758,3.559033,3.660623,0.000093,0.537786,0.000737,1.316460,0.602219,0.502670,-0.000229,0.000093,0.000737,-0.000551,3.417300,1.832568,0.081601,1.113496,0.004281,-0.000229
-44.062549,9.174341,1.008754,0.264414,0.327210,0.652694,0.299921,0.018821,0.896643,0.378827,0.017506,0.609296,-0.000576,-0.000248,0.521185,2.213044,3.544238,3.635636,-0.000551,0.562593,0.000093,1.301640,0.590299,0.492039,0.000093,0.000093,-0.000229,-0.000874,3.407958,1.763625,0.078057,1.075802,0.003637,0.000415
-43.618313,-7.324751,0.967986,0.226605,0.268688,0.621132,0.498500,0.018164,0.857848,0.348251,0.018492,0.598775,0.003698,0.000739,0.525459,2.428060,3.553443,3.626102,-0.000229,0.560982,0.000415,1.277156,0.571292,0.478830,-0.000229,-0.000551,-0.000874,-0.000551,3.399903,1.702091,0.079668,1.050351,-0.000229,-0.000874
-43.704291,4.093532,0.830560,0.217071,0.184851,0.582666,0.313401,0.015862,0.812148,0.306826,0.015862,0.496856,0.000081,0.000410,0.501459,2.468828,3.534375,3.564950,-0.000551,0.585789,0.000415,1.306473,0.608018,0.506536,-0.000229,-0.000229,-0.000551,-0.001196,3.448228,1.560661,0.076124,1.061949,0.004603,-0.000874
-40.987254,-5.167487,0.852587,0.202605,0.054329,0.561295,0.423869,0.014547,0.782230,0.268688,0.010273,0.505733,0.000410,0.001067,0.501788,2.495787,3.535361,3.588951,0.000093,0.543585,-0.000229,1.256215,0.518134,0.448225,0.000093,0.000093,-0.001840,-0.000874,3.354478,1.411821,0.064848,0.589333,0.002348,-0.000551
-41.324423,3.437298,0.721407,0.200961,0.010931,0.528747,0.242715,0.012246,0.685571,0.220359,0.011588,0.321292,0.000081,0.000410,0.485349,2.452389,3.516292,3.532402,0.000415,0.468199,-0.000229,1.185661,0.430505,0.351253,0.000415,0.000415,0.000093,-0.001518,3.254929,1.130893,0.055828,0.235596,0.000415,0.001382
-41.910026,-11.872423,0.732914,0.054329,0.010931,0.481075,0.323593,0.012246,0.640858,0.203262,0.012574,0.336086,-0.000248,-0.001234,0.434061,2.446800,3.536347,3.548841,0.000415,0.440170,-0.000229,1.148289,0.386691,0.333534,0.000415,0.000093,-0.000229,-0.000229,3.206604,0.974320,0.003637,0.203379,-0.000229,-0.000551
-41.451621,-3.877085,0.694448,0.051041,0.008958,0.415978,0.220030,0.008629,0.589570,0.170056,0.010273,0.009287,-0.000248,0.000410,0.475815,2.404389,3.531745,3.503470,-0.000551,0.425673,0.000093,1.148934,0.391201,0.330312,-0.000229,-0.000229,0.000415,0.000093,3.180186,0.677606,0.001382,-0.000874,-0.000874,-0.000229
-41.764244,-15.047557,0.648749,0.050383,0.009287,0.391320,0.246989,0.008629,0.553405,0.049726,0.009944,0.100028,0.000081,-0.000248,0.482061,2.416225,3.567581,3.520895,-0.000229,0.439526,-0.000229,1.138302,0.425995,0.348353,0.000093,0.000415,-0.000551,0.000415,3.142171,0.473998,0.002026,0.188882,-0.000229,-0.000874
-41.509349,-4.611216,0.630338,0.056959,0.007643,0.385402,0.006985,0.007972,0.538610,0.114165,0.007972,0.009615,0.000410,-0.000248,0.508034,2.381046,3.569224,3.495909,0.000093,0.466266,-0.000551,1.237851,0.474642,0.427606,-0.000551,-0.000229,-0.000551,-0.000551,3.290045,0.560982,0.002670,0.394745,0.000415,-0.000229
-38.956798,-7.923488,0.637899,0.058603,0.006657,0.350224,0.007643,0.008958,0.516911,0.100028,0.008629,0.092795,-0.000248,0.000410,0.531048,2.463896,3.576786,3.548183,0.000415,0.465944,-0.000229,1.246550,0.489462,0.426962,0.000093,0.000737,-0.000551,-0.000874,3.309375,0.508147,0.002026,0.483985,0.001382,-0.000551
-34.092238,6.166345,0.625406,0.058931,0.005999,0.367320,0.006985,0.006657,0.446883,0.006657,0.006657,0.147371,0.000081,0.000410,0.513952,2.493815,3.587964,3.557389,0.000093,0.509114,0.000415,1.308728,0.602864,0.524900,0.000093,-0.000229,0.000093,-0.000551,3.333537,0.502993,0.042297,0.845132,0.002992,0.000415
-29.248160,-5.454946,0.664530,0.205893,0.009944,0.313401,0.009944,0.009944,0.620474,0.191755,0.009944,0.380471,-0.001234,0.000410,0.530720,2.515514,3.610650,3.560676,0.000737,0.545518,0.003959,1.318715,0.633147,0.552928,0.000093,0.000415,-0.000551,0.000737,3.341269,0.570003,0.046807,1.145712,0.004925,0.000737
-18.381096,7.790731,0.611269,0.187153,0.008300,0.205893,0.007314,0.006985,0.486335,0.055644,0.009287,0.426828,0.000739,-0.000248,0.485020,2.449102,3.611965,3.519251,0.000415,0.542297,0.065492,1.289720,0.665042,0.584178,-0.000229,0.000093,-0.000229,0.000093,3.337725,0.407310,0.033920,1.185338,0.004281,0.000415
-6.528709,2.702917,0.623105,0.158878,0.009944,0.008958,0.029999,0.010273,0.527432,0.009944,0.008958,0.832861,0.002054,0.001396,0.324251,2.238359,3.617883,3.484073,0.000093,0.489140,0.023289,1.252671,0.620583,0.558083,0.000093,-0.000551,-0.000874,-0.000229,3.324839,0.321614,0.040364,0.951447,0.003315,-0.000229
0.230048,-0.379380,0.575761,0.009287,0.010273,0.010602,0.010602,0.011259,0.861793,0.264414,0.011259,0.897958,0.003369,0.000081,-0.000248,1.402294,3.483087,3.264125,-0.000229,0.539719,0.000093,1.259436,0.652799,0.616395,-0.000229,-0.000229,-0.000229,-0.000229,3.274903,0.207567,0.000093,0.781665,0.002348,-0.000874
0.452828,-0.484673,0.711215,0.011588,0.011259,0.011917,0.731599,0.011917,0.766449,0.164796,0.012574,0.559980,0.000081,0.000739,0.000081,1.018617,2.974807,2.604611,0.000093,0.424707,0.148289,1.387014,0.799707,0.791653,0.000415,0.000093,-0.001196,1.127993,3.636051,1.170841,0.445647,0.969166,0.003637,1.621228
0.943490,7.441546,0.000081,0.005013,0.005341,0.005013,0.910780,0.005013,0.020465,0.005341,0.005341,0.107918,0.000081,0.000081,0.023753,1.060042,2.812394,2.308716,0.000093,0.027155,0.279088,1.452736,0.835789,0.928573,-0.000551,0.000415,-0.000551,1.124771,3.648937,1.031343,0.008791,0.200480,0.000737,1.124449
-0.187780,2.553123,0.918671,0.021123,0.021451,0.021123,2.064439,0.302880,0.818066,0.298935,0.022109,0.876916,0.000410,-0.000576,0.851272,1.271443,2.774256,2.275182,-0.000229,0.002992,0.083212,1.210145,0.693392,0.771678,-0.000229,0.000415,-0.000874,-0.000551,3.515239,1.357375,0.004925,-0.000229,0.000093,1.281021
0.581765,6.294335,0.518555,0.014547,0.015205,0.013561,1.675832,0.014876,0.422554,0.013890,0.014876,0.814779,0.000739,0.000410,0.345621,1.023878,2.584227,2.190359,0.000737,0.256859,-0.000229,0.705634,0.290686,0.351575,0.000415,0.000415,-0.000229,-0.000551,3.065496,0.234307,0.000093,0.000093,0.000093,0.000415
0.826458,8.005483,0.590556,0.013561,0.014218,0.013890,1.276374,0.014876,0.510336,0.014218,0.013232,0.824642,-0.002549,-0.000576,0.258825,1.083385,2.641104,2.325155,-0.000229,0.269423,0.000093,0.725931,0.284887,0.354152,0.000093,-0.000229,0.000093,-0.000229,3.082570,0.395067,0.000737,-0.000229,0.000093,0.000093
0.452929,9.314682,0.605680,0.016191,0.013890,0.013232,1.172811,0.013232,0.535322,0.013890,0.014218,0.885465,0.001067,-0.001234,0.267044,1.106070,2.790037,2.442855,-0.000551,0.265235,-0.000229,0.735596,0.280054,0.362851,0.000093,0.000093,-0.000229,-0.001196,3.040367,0.237851,0.002992,-0.000551,-0.000551,0.000093
0.000141,13.066035,0.624748,0.013890,0.013890,0.012903,0.961411,0.014218,0.538939,0.012574,0.011917,0.957137,0.000081,0.000081,0.023424,1.080426,2.838038,2.517157,-0.000229,0.256859,0.000093,0.729475,0.280377,0.358985,-0.000229,0.000415,-0.001196,-0.000551,2.980122,0.080312,-0.000229,0.000415,-0.002484,0.000415
0.182035,15.320566,0.642173,0.012574,0.012246,0.012246,0.755600,0.013232,0.631653,0.015533,0.015533,1.103769,0.000081,0.000410,0.093124,1.139934,2.842312,2.573706,0.000093,0.259758,0.000093,0.752993,0.295840,0.375737,0.000093,-0.000229,0.001059,0.000093,3.005895,0.152477,-0.000551,-0.000551,0.000093,-0.000874
0.194507,16.930290,0.669461,0.014876,0.013232,0.013561,0.743106,0.012574,0.694119,0.012903,0.015205,1.041960,0.015205,0.000410,0.346278,1.179715,2.808777,2.535569,0.000415,0.266201,0.005248,0.772001,0.331601,0.390557,0.000093,0.000093,-0.000874,-0.000229,3.022003,0.155377,0.000737,-0.000551,-0.000551,-0.000229
0.556894,20.228451,0.774668,0.016520,0.018821,0.016848,0.892040,0.016191,0.744093,0.240085,0.015205,1.253031,0.087863,0.000739,0.451157,1.212921,2.799572,2.593104,0.000415,0.271356,0.029732,0.779410,0.345776,0.410209,-0.000551,0.000415,0.000415,-0.000874,3.042300,0.214333,0.000415,-0.000229,0.000415,0.001382
0.814828,23.693265,0.929849,0.017835,0.016848,0.018164,0.925246,0.019150,0.822340,0.311429,0.018821,1.368430,0.149344,-0.000248,0.558994,1.234291,2.830476,2.644392,-0.000229,0.280054,0.070647,0.800029,0.374449,0.437593,-0.000229,0.000093,0.000415,0.000093,3.043588,0.446292,-0.000874,-0.000229,0.000737,0.085789
1.415492,26.695288,1.029467,0.020465,0.020794,0.020794,1.088974,0.020136,0.905848,0.377841,0.022438,1.547940,0.221016,0.000410,0.765463,1.255333,2.854148,2.715735,-0.000229,0.299062,0.091910,0.840944,0.383147,0.455312,-0.000229,-0.000551,-0.000551,0.001059,2.963369,0.477864,0.001704,-0.000229,-0.000874,0.156665
2.246640,29.088576,1.085358,0.024081,0.025397,0.022766,1.385855,0.022109,1.052481,0.403156,0.022438,1.651503,0.351210,0.000410,0.953520,1.357252,2.887354,2.782476,-0.000874,0.289075,0.107052,0.850287,0.377026,0.445325,-0.000229,0.000093,-0.000874,-0.000874,2.860920,0.703057,0.003315,0.000415,0.000093,-0.000551
3.115772,31.421169,0.600748,0.103316,0.029999,0.030657,1.709695,0.031314,1.310238,0.612913,0.631981,1.674517,0.510336,-0.000248,1.398348,1.435828,2.991903,2.876833,0.000415,0.279410,0.129925,0.822580,0.376382,0.442426,0.000415,0.000093,0.000093,-0.000551,2.751062,0.514591,0.001704,-0.000229,-0.000229,0.298740
3.549885,34.038514,0.429129,0.521843,0.037890,0.038547,2.010521,0.038876,1.512432,0.867711,1.040316,1.879670,0.770723,0.588255,1.567337,1.658736,3.100068,2.935025,-0.000874,0.263624,0.154088,0.847387,0.379926,0.449835,-0.000229,-0.000229,0.000415,0.000415,2.588691,0.658276,0.002026,0.000093,-0.000874,0.347065
3.380077,35.644854,0.517240,0.741791,0.042493,0.042821,2.341594,0.213454,1.547282,0.998891,1.074508,1.980932,0.971274,0.722065,1.621913,1.887232,3.117165,3.005382,0.000415,0.223998,0.180183,0.851253,0.374449,0.438560,-0.000551,-0.000551,0.000415,-0.000551,2.472067,0.773289,0.002026,-0.000551,-0.000874,0.629604
3.907975,37.522160,0.377512,0.971274,0.049068,0.048411,2.580939,0.399539,1.671229,1.083385,1.381581,2.070029,1.108372,0.817409,1.821477,2.070686,3.183905,3.038259,-0.000229,0.200480,0.219810,0.841910,0.369938,0.439526,-0.000229,-0.000229,-0.000874,-0.000551,2.541332,0.852542,0.002992,-0.001196,-0.000874,0.821292
3.517777,39.681916,0.344963,1.106728,0.052027,0.051698,2.684502,0.750997,1.769203,1.137633,1.453253,2.132824,1.206017,0.845683,1.883286,2.136440,3.201659,3.110918,0.000093,0.153444,0.238173,0.873805,0.378959,0.464977,0.000093,-0.000551,-0.000551,0.000093,2.561629,1.020068,0.003637,0.000415,-0.000874,0.877349
3.726132,41.961077,0.230551,1.175770,0.059260,0.482719,2.810092,0.978836,1.884930,1.275059,1.612050,2.242962,1.360211,0.949575,2.052604,2.256442,3.265111,3.219741,0.006536,0.163753,0.251060,0.889269,0.375415,0.474642,0.000415,0.000415,0.000415,-0.000229,2.602222,1.269101,0.004925,0.000415,-0.001196,1.198869
3.295920,41.096582,0.275592,1.253689,0.213783,0.801628,2.889655,1.087659,2.014137,1.444048,1.628160,2.238031,1.446020,1.099495,2.094029,2.305429,3.296016,3.223358,0.020067,0.204023,0.255570,0.912787,0.384758,0.454990,-0.000229,-0.000229,-0.000229,-0.000551,2.627028,1.445326,0.004603,-0.000229,-0.000551,1.155699
2.205884,37.586732,0.297949,1.233963,0.231208,0.780586,2.921875,1.122509,2.010850,1.507829,1.595940,2.256442,1.481199,1.134345,2.108495,2.305100,3.295030,3.220727,0.026510,0.216588,0.259758,0.917297,0.396678,0.475931,0.000093,0.000093,-0.001196,-0.000229,2.599966,1.512336,0.005892,-0.000229,-0.000551,1.301962
0.999737,34.047220,0.313401,1.256319,0.164139,0.639543,2.883408,1.098509,2.006247,1.468377,1.543666,2.265319,1.452925,1.076810,2.051289,2.262689,3.276618,3.189494,0.026833,0.208856,0.257503,0.907954,0.393456,0.454024,0.000415,-0.000229,-0.000874,0.000093,2.557118,1.444681,0.005248,0.000415,0.000093,1.235274
0.193625,33.085723,0.151316,1.258292,0.060904,0.592857,2.833435,1.071221,1.990795,1.432870,1.703120,2.289319,1.440102,1.031110,2.013151,2.242305,3.247358,3.151685,0.022000,0.197258,0.261047,0.908921,0.372516,0.449191,0.000093,-0.000229,0.000093,0.000415,2.576126,1.427607,0.004603,-0.000551,-0.000551,1.282632
-0.267834,36.859893,0.111864,1.250072,0.111535,0.574446,2.821271,1.046563,2.014795,1.378622,1.708051,2.242305,1.392102,0.967000,1.953644,2.178523,3.241111,3.150699,0.018779,0.154732,0.246871,0.877026,0.337722,0.438237,-0.000551,0.000093,-0.000551,-0.000229,2.547453,1.329668,0.004603,-0.000551,-0.001196,1.167619
0.668773,43.852769,0.058931,1.343444,0.288743,0.637899,2.815353,1.119550,2.031891,1.410184,1.747833,2.276168,1.528542,1.045248,1.970411,2.162413,3.263139,3.141494,0.030699,0.163753,0.264590,0.908599,0.352219,0.452413,0.000093,-0.000229,-0.000551,-0.001196,2.615430,1.471099,0.006536,-0.000874,0.003315,1.277156
0.930566,46.274016,0.146385,1.415445,0.497185,0.919657,2.906094,1.223113,2.132824,1.617310,1.796820,2.318908,1.807669,1.143222,2.066741,2.192989,3.366373,3.231577,0.058083,0.224320,0.292941,0.928895,0.368328,0.469810,-0.000229,0.000093,-0.000551,-0.000229,2.566139,1.558084,0.005248,-0.000551,-0.000551,1.238818
1.337176,46.308363,0.146385,1.570625,0.770723,1.100481,3.006040,1.349690,2.206469,2.014137,2.103234,2.391567,1.989480,1.248429,2.264661,2.266634,3.474210,3.325277,0.096420,0.277477,0.342877,0.951124,0.408598,0.521678,0.000415,-0.000229,-0.000229,0.000415,2.758150,1.778767,0.005892,0.476575,0.432438,1.539720
1.357801,44.915159,0.112192,1.746846,0.944315,1.231990,3.031355,1.525583,2.260387,2.192660,2.308716,2.481321,2.162742,1.407554,2.411622,2.369539,3.538649,3.408784,0.116395,0.303895,0.352542,0.960789,0.445969,0.564204,-0.000229,-0.000229,-0.000229,-0.001196,2.888627,2.092878,0.016523,0.732374,0.710789,1.494939
1.675024,43.187188,-0.067317,1.952328,1.205031,1.517693,3.037931,1.566680,2.471787,2.354744,2.487568,2.519788,2.279785,1.519008,2.440554,2.400772,3.560348,3.416675,0.136369,0.345132,0.344487,0.978831,0.488173,0.630570,0.000415,0.000737,-0.000551,-0.000229,2.902158,2.216912,0.017812,0.854797,1.304540,1.181472
2.508325,40.295165,-0.110386,1.985534,1.382896,1.853368,3.050095,1.697531,2.582254,2.504664,2.623022,2.576007,2.332059,1.619283,2.466527,2.410636,3.586649,3.439689,0.163431,0.414397,0.302606,0.993328,0.550995,0.689848,-0.000551,0.000093,0.000093,0.001704,2.940173,2.302286,0.090299,1.210467,1.479475,1.442748
2.629293,39.943187,-0.358939,2.092056,1.586406,1.994082,3.021163,1.739613,2.639131,2.548062,2.890641,2.703242,2.419184,1.544981,2.524719,2.411951,3.570211,3.467634,0.163108,0.460145,0.250737,1.014913,0.605441,0.724320,0.000093,-0.000229,-0.001196,0.000093,2.970779,2.322904,0.081279,1.850610,1.666653,1.329024
2.405826,39.808491,-0.266553,2.285374,1.943123,2.309374,3.097438,1.822793,2.760119,2.656228,2.954423,2.759133,2.491184,1.761312,2.686146,2.501705,3.593882,3.518265,0.178895,0.486562,0.263946,1.060338,0.678250,0.777155,0.000415,-0.000229,-0.000874,0.227219,3.100289,2.604799,0.389591,2.419876,2.025223,1.406988
1.700387,35.154003,-0.297129,2.347183,2.091399,2.594747,3.210864,1.958575,2.931080,2.827846,3.079027,2.924176,2.629926,2.084166,2.866641,2.574035,3.635636,3.571526,0.227864,0.631537,0.283276,1.159887,0.751060,0.844810,0.052284,0.000415,-0.000551,1.113818,3.259117,2.829348,0.847387,2.863820,2.400868,1.480764
-0.375494,32.797053,-0.244197,2.705214,2.500390,2.890641,3.355523,2.251182,3.125384,3.056999,3.259522,3.068506,2.916614,2.247236,3.055684,2.785763,3.717829,3.663582,0.291330,0.760725,0.422451,1.338689,0.889591,1.046485,0.170518,-0.000229,0.000415,1.785854,3.490110,3.030702,1.650223,3.111565,3.001062,1.893135
-3.875570,33.056238,-0.241238,3.021492,3.004396,3.247029,3.565608,2.726585,3.291742,3.277605,3.496237,3.317715,3.129000,2.700612,3.175357,3.107630,3.871036,3.814816,0.388302,0.984952,0.525544,1.553895,1.144746,1.354153,0.340299,-0.000551,0.000093,2.742041,3.703061,3.409891,2.700804,3.503963,3.326127,2.375739
-2.729290,30.124428,-0.164634,3.158918,3.254920,3.510046,3.656020,2.864997,3.514649,3.355523,3.596841,3.447579,3.318372,2.891628,3.388072,3.198700,3.946653,3.919037,0.398289,1.078057,0.569681,1.665687,1.226253,1.470455,0.390557,0.000093,-0.000229,2.929864,3.902160,3.521360,2.974323,3.574839,3.332571,2.768781
-6.393724,30.368033,-0.093290,3.224015,3.356510,3.628732,3.635636,2.879134,3.559361,3.355195,3.580731,3.459415,3.327907,2.954094,3.459086,3.195412,3.935146,3.911804,0.421485,1.113496,0.536498,1.657633,1.214333,1.468522,0.397322,-0.000551,-0.000874,2.987531,3.916335,3.572262,3.160212,3.695007,3.464659,3.243975
2.504552,-0.602222,-0.046605,3.212508,3.351249,3.686267,3.632020,2.861052,3.529443,3.310811,3.540950,3.473223,3.354208,2.938313,3.444620,3.186535,3.923968,3.912461,0.423740,1.152155,0.608985,1.675674,1.249771,1.502349,0.386691,0.000093,0.000415,3.026836,3.902482,3.579350,3.156991,3.694363,3.346746,3.283279
1.022626,-1.158136,0.062548,3.008013,3.267742,3.467306,3.557389,2.651296,3.339414,3.214809,3.246700,3.337441,3.189823,2.645049,3.191467,3.004725,3.943366,3.892735,0.378315,1.080313,0.534565,1.656022,1.138947,1.433406,0.335789,-0.000551,0.000415,2.826449,3.801322,3.430509,2.872841,3.359633,3.214336,3.247519
21.813941,2.223569,0.017177,2.719023,3.044177,3.520238,3.740514,3.042205,3.291413,3.031027,3.239467,3.300947,3.178645,2.740393,3.140507,3.176343,3.944352,3.889776,0.369616,0.850609,0.762336,1.728187,1.358663,1.607053,0.000093,0.170518,-0.000551,2.893781,3.871232,3.428576,2.910212,3.181797,3.395071,3.378318
34.671221,3.311396,0.214769,3.243084,3.489662,4.096902,4.152464,3.531087,3.541937,3.418976,3.671801,3.252618,3.137877,2.914970,3.648458,3.659308,4.066983,3.963749,0.137335,0.430505,0.813238,1.696615,1.320970,1.565171,-0.000551,0.070325,0.000737,1.889914,3.416334,3.146681,1.667620,2.778768,3.070972,3.119619
39.172164,-2.798405,0.261784,2.747626,3.215138,4.128464,4.095258,3.473552,2.864997,3.029054,3.591252,3.075082,2.925491,2.716721,3.338756,3.379852,3.794761,3.665554,0.131214,0.486884,0.411498,0.976898,0.604475,0.724964,-0.000551,0.250093,0.000737,-0.000229,2.876707,2.718201,0.607696,1.284887,1.929862,2.674387
40.551638,0.830161,0.305511,2.572391,3.184234,4.134710,4.080463,3.317057,2.542802,2.937656,3.522210,3.007026,2.879792,2.624994,3.255248,3.351578,3.715199,3.565279,0.166330,0.439526,0.385080,0.826124,0.434049,0.546485,0.000415,0.323547,0.000737,0.612207,3.063885,2.771036,0.732696,1.810661,1.605442,3.094813
43.363338,-5.809468,0.340032,2.600336,3.196398,4.199807,4.117614,3.441661,2.477047,2.961656,3.516621,3.021492,2.970204,2.786750,3.369003,3.381168,3.755966,3.625773,0.168263,0.479475,0.384758,0.842877,0.425995,0.534887,-0.000874,0.343843,0.001382,0.647000,3.145715,2.828382,1.051640,1.938883,1.778767,3.060663
46.869760,0.981674,0.299593,2.674310,3.231906,4.239917,4.133066,3.462374,2.508281,2.968889,3.579416,2.994533,2.982697,2.804832,3.425223,3.406483,3.788186,3.645828,0.175673,0.485596,0.416008,0.890879,0.469487,0.602864,-0.000229,0.361884,0.001059,0.569681,3.167300,2.885405,0.958856,1.937594,1.737207,3.151514
48.584831,-5.135219,0.301237,2.875847,3.260837,4.261945,4.148190,3.491635,2.573048,3.028068,3.594869,3.136562,3.083630,2.838367,3.491963,3.420949,3.826652,3.673116,0.206279,0.543263,0.449191,0.920196,0.532310,0.633147,0.000093,0.460467,0.001382,0.731408,3.341591,2.985921,1.189204,2.328703,2.079991,3.190818
51.279689,-3.791475,0.316689,2.952779,3.391359,4.288904,4.158053,3.488347,2.560884,3.030369,3.603417,3.150699,3.085931,2.820613,3.516292,3.449552,3.840132,3.695472,0.213044,0.530055,0.491073,0.939849,0.559372,0.686949,0.000737,0.454346,0.001382,0.754281,3.353189,2.993653,1.253637,2.278445,2.419554,3.092880
53.688179,-2.877211,0.325894,2.993875,3.419634,4.273780,4.159039,3.486703,2.570090,3.069822,3.601115,3.247687,3.137877,2.816339,3.527799,3.448894,3.838817,3.698760,0.201768,0.536820,0.489462,0.931794,0.565170,0.675029,-0.000229,0.498160,0.002348,0.592877,3.350612,2.987209,1.221421,2.305829,2.451448,3.140560
55.311886,-2.389783,0.398882,3.026753,3.473552,4.289561,4.171204,3.493936,2.636501,3.100397,3.544238,3.275303,3.175357,2.831463,3.537991,3.455799,3.841118,3.708295,0.223998,0.582245,0.512658,0.963044,0.609629,0.720132,-0.000229,0.607374,0.002026,0.602219,3.331604,3.066140,1.244295,2.433085,2.555508,3.217236
56.872623,-2.755339,0.432088,3.059958,3.491963,4.307644,4.182053,3.513662,2.720009,3.133274,3.549169,3.319687,3.239139,2.830147,3.570211,3.475854,3.856570,3.724733,0.235918,0.634436,0.527477,0.990106,0.620905,0.738818,0.000415,0.678573,0.002026,0.894745,3.385084,3.129284,1.400545,2.569683,2.593523,3.318073
57.732310,-2.996151,0.452801,3.109932,3.511361,4.311589,4.189286,3.531416,2.733818,3.173384,3.549498,3.361770,3.265769,2.851846,3.597828,3.494922,3.873995,3.734267,0.240106,0.656665,0.522967,0.989140,0.619294,0.738173,0.000093,0.714655,0.002992,1.154088,3.397648,3.128318,1.477220,2.710469,2.594812,3.306153
57.688262,-2.337625,0.426499,3.132946,3.518594,4.312575,4.195533,3.538649,2.780503,3.214152,3.575471,3.397606,3.295687,2.864011,3.612293,3.505114,3.879913,3.741500,0.246549,0.660854,0.533920,0.989462,0.625738,0.747194,0.020067,0.723998,0.003315,1.295841,3.444684,3.141849,1.568071,2.825160,2.660533,3.337403
57.581759,-1.393017,0.435704,3.131630,3.529443,4.320466,4.195533,3.550485,2.768996,3.243413,3.576129,3.412401,3.302920,2.873545,3.622157,3.523197,3.891749,3.746103,0.254926,0.664397,0.541008,1.005892,0.634436,0.749449,0.028121,0.725931,0.002670,1.453380,3.454994,3.193717,1.628316,2.855121,2.647325,3.321617
58.116825,-0.016506,0.408088,3.165494,3.552128,4.340850,4.201451,3.571855,2.777215,3.242755,3.623143,3.440675,3.332509,2.910368,3.626759,3.536347,3.895365,3.755966,0.293263,0.702091,0.579668,1.050996,0.685338,0.780699,0.047129,0.798418,0.003637,1.564527,3.485922,3.296488,1.822581,2.947261,2.677286,3.370264
58.491508,0.331660,0.390005,3.208234,3.569882,4.353672,4.201122,3.576129,2.834750,3.251303,3.647472,3.457771,3.340729,2.924834,3.641883,3.540293,3.899639,3.757610,0.298418,0.704668,0.586433,1.064204,0.695647,0.788109,0.050029,0.816781,0.002992,1.624450,3.485277,3.309053,1.845777,2.964013,2.723678,3.384762
58.760001,1.157898,0.374553,3.198371,3.579745,4.346767,4.198821,3.568896,2.773599,3.236508,3.651417,3.459415,3.321331,2.915628,3.648129,3.536019,3.900625,3.753007,0.282954,0.663431,0.573869,1.036498,0.670196,0.769745,0.052606,0.833534,0.002670,1.601576,3.475612,3.279413,1.928252,2.941462,2.801320,3.382829
59.239482,0.871851,0.354169,3.158918,3.551471,4.345781,4.200793,3.571526,2.772284,3.207577,3.675746,3.465662,3.346318,2.930751,3.654376,3.538978,3.911475,3.757939,0.290686,0.690171,0.595132,1.056150,0.699836,0.781343,0.052928,0.845132,0.006214,1.666975,3.490432,3.333215,2.015558,2.986243,2.833214,3.404736
60.337980,0.498589,0.287757,3.227960,3.602102,4.364192,4.205396,3.592567,2.877819,3.228618,3.741829,3.480785,3.370318,2.934368,3.654705,3.563635,3.919037,3.757281,0.306472,0.716266,0.613173,1.080313,0.719810,0.802928,0.064526,0.888302,0.001059,1.758470,3.501386,3.375097,2.129605,3.058730,2.855121,3.454027
60.615764,-0.699351,0.224304,3.273988,3.638595,4.379644,4.209341,3.608348,2.949491,3.248673,3.805611,3.491635,3.416017,2.960341,3.666541,3.573499,3.937448,3.759254,0.320969,0.744616,0.644101,1.151189,0.762336,0.844488,0.101897,0.935660,0.003315,1.916654,3.540368,3.418267,2.326448,3.165045,2.993330,3.544234
60.253546,-1.579711,0.217071,3.242755,3.688568,4.398384,4.212629,3.621499,2.988286,3.295358,3.809885,3.511690,3.440346,2.981382,3.682979,3.580731,3.940407,3.760898,0.360918,0.768457,0.670518,1.199514,0.794230,0.914075,0.105119,1.045197,0.003959,2.061306,3.621553,3.481089,2.483342,3.222712,3.114465,3.584827
59.843645,0.478598,0.195701,3.285824,3.753994,4.412193,4.214602,3.622485,3.038588,3.277605,3.826652,3.546868,3.468621,3.017876,3.702048,3.600458,3.955530,3.765172,0.396034,0.804217,0.691459,1.221743,0.818714,0.950158,0.110273,1.115751,0.003315,2.241718,3.672778,3.509762,2.608020,3.233344,3.202738,3.604156
60.253148,3.089854,0.166440,3.322646,3.800350,4.430604,4.220191,3.651746,3.103356,3.303906,3.859529,3.583690,3.491635,3.088890,3.720130,3.617883,3.963749,3.767802,0.411498,0.839655,0.719488,1.252027,0.861240,1.000416,0.112529,1.174707,0.004281,2.281345,3.695329,3.538435,2.775224,3.262339,3.204993,3.610600
58.910192,4.785167,0.159207,3.334811,3.822378,4.434549,4.220519,3.659308,3.124726,3.373606,3.879255,3.599143,3.488676,3.100726,3.717171,3.622157,3.964078,3.766816,0.432116,0.837078,0.723676,1.259436,0.877671,1.020068,0.117039,1.224965,0.005248,2.302608,3.698873,3.551643,2.821294,3.292622,3.329671,3.620909
60.006296,-0.139044,0.121069,3.313441,3.810542,4.432577,4.218547,3.647801,3.121110,3.341058,3.912461,3.583362,3.470593,3.082315,3.696459,3.608677,3.960462,3.760898,0.432761,0.843843,0.720454,1.254604,0.874127,1.018779,0.105763,1.223032,0.005570,2.213690,3.671167,3.543911,2.796165,3.272970,3.295200,3.612855
58.175382,5.576207,0.101014,3.327907,3.844406,4.440796,4.219533,3.649116,3.120452,3.347304,3.925283,3.586978,3.390373,3.017876,3.689226,3.603745,3.952900,3.756624,0.435016,0.851253,0.748482,1.263625,0.904733,1.049385,0.089977,1.226253,0.004281,2.225610,3.706927,3.543589,2.779735,3.233344,3.282313,3.581605
55.985652,4.883124,0.057616,3.403524,3.869392,4.455262,4.231698,3.712240,3.356839,3.430154,3.980517,3.619526,3.519909,3.089877,3.730980,3.631691,3.975914,3.769775,0.511369,0.912465,0.780699,1.326769,0.991073,1.114784,0.123160,1.311305,0.005570,2.385404,3.753964,3.627675,2.872841,3.350612,3.399259,3.638306
54.036713,3.954492,0.036904,3.417661,3.900297,4.456577,4.228081,3.724076,3.434100,3.480456,3.997613,3.658650,3.527142,3.082315,3.733610,3.645499,3.983476,3.761555,0.535853,0.932439,0.798418,1.344810,1.024256,1.136369,0.125415,1.382504,0.004925,2.474966,3.740755,3.663435,2.974001,3.381862,3.366720,3.688242
53.544558,2.917191,0.026383,3.438374,3.896351,4.460193,4.227095,3.733939,3.507087,3.551471,4.000901,3.664568,3.510375,3.104342,3.738541,3.662267,3.986763,3.756295,0.554861,0.957890,0.813882,1.359308,1.042619,1.156021,0.123160,1.402156,0.006536,2.555185,3.782314,3.706605,2.988820,3.394104,3.384439,3.737855
51.787646,1.177093,-0.017673,3.439360,3.870379,4.460193,4.230711,3.774377,3.602759,3.607033,4.039038,3.661938,3.534046,3.110260,3.748733,3.676075,3.987092,3.742487,0.607052,0.990428,0.823869,1.391524,1.053251,1.186949,0.138302,1.436627,0.005248,2.610276,3.800033,3.767817,3.087403,3.457571,3.383795,3.763306
49.620056,2.774657,-0.025563,3.425880,3.850652,4.458221,4.222821,3.793117,3.626431,3.613937,4.037723,3.658979,3.548841,3.152343,3.747747,3.692185,3.987421,3.740185,0.647000,0.992039,0.828702,1.411176,1.043586,1.221421,0.161498,1.452736,0.004603,2.629928,3.838371,3.784891,3.156668,3.476257,3.451772,3.712404
44.390465,4.192097,-0.061071,3.432785,3.834543,4.454933,4.222163,3.802652,3.647801,3.600129,4.034764,3.665554,3.582375,3.174371,3.753994,3.699747,3.995969,3.751035,0.676640,1.020390,0.835789,1.429862,1.090300,1.261692,0.168263,1.463367,0.006214,2.813562,3.919235,3.877353,3.220779,3.556476,3.452739,3.895072
