-15.626335,25.848223,0.000410,0.008958,0.008629,0.505075,4.077504,0.009287,0.007643,0.007643,0.008958,1.670900,1.261251,0.930835,2.017754,2.217976,3.028068,3.675417,2.000417,0.919230,3.482378,3.661824,3.212081,3.522004,0.016523,0.000415,2.907957,0.012335,0.816137,1.073869,2.230443,2.684374,2.758794,2.143458
-15.322363,24.900299,-0.008796,0.007972,0.008629,0.558336,4.109066,0.010273,0.009615,0.008300,0.019150,1.719887,1.297744,0.971603,2.126906,2.294251,3.096123,3.695144,1.999772,0.992361,3.498486,3.662146,3.220779,3.512017,0.017490,-0.000551,2.947261,0.012657,0.797452,1.175029,2.289399,2.782634,2.791333,2.174386
-15.531293,20.368446,-0.440474,0.009944,0.190112,0.640201,4.115642,0.010931,0.008300,0.008629,0.448198,1.959233,1.315498,1.056755,2.202523,2.350470,3.146425,3.708952,2.031022,1.220777,3.528448,3.667945,3.169233,3.496875,0.017168,0.000415,2.977866,0.012013,0.785531,1.278444,2.300997,2.814529,2.754284,2.201448
-12.564208,17.958164,-0.561791,0.011259,0.246989,0.669461,4.138656,0.682612,0.287428,0.012246,0.573131,2.132824,1.510788,1.078454,2.267291,2.309374,3.161877,3.706651,2.052285,1.398934,3.541012,3.652159,3.191784,3.476579,0.017168,0.000093,3.038434,0.012657,0.810016,1.287787,2.297453,2.886049,2.905057,2.242363
-5.178140,22.039309,-0.704808,0.405129,0.481075,1.035713,4.163642,1.084372,0.880533,0.013890,1.167880,2.291949,1.745860,1.088317,2.281428,2.346196,3.216782,3.701390,2.059695,1.487207,3.556154,3.621553,3.179864,3.479800,0.016523,0.001059,3.087403,0.012013,0.902800,1.543264,2.400868,3.030057,2.894426,2.439528
1.549816,9.310596,-0.912921,0.615872,0.656968,1.505199,4.068956,1.457856,1.425308,0.313072,1.520652,2.450746,1.928328,1.903999,2.717708,2.450746,3.166480,3.629390,1.905378,1.136369,3.492365,3.335148,2.729155,3.136694,0.014590,0.000415,2.957570,0.011691,1.207246,1.107052,2.238175,2.928897,2.588691,2.210468
1.479554,5.414001,-0.659766,0.068137,0.513623,1.121194,3.840460,0.884149,1.957260,0.514610,1.209305,1.562406,1.702462,1.393417,2.628282,2.275511,2.888340,3.202974,1.330313,0.764269,3.058086,2.760083,1.733664,1.947259,0.009436,0.000093,2.683407,0.012013,1.856409,0.389591,1.875094,2.207247,1.705635,1.566138
0.193069,2.871931,-0.593682,0.016848,0.383101,0.992644,3.763857,1.083385,2.739407,1.097522,1.317799,1.091933,1.737641,1.367444,2.518144,2.180167,2.755845,3.059301,0.749771,0.619616,2.083535,2.254605,0.764913,1.221099,0.004925,-0.000551,2.496229,0.011047,2.050674,0.010080,1.685339,1.672130,1.238818,1.136369
-0.969817,1.326017,-0.436200,0.299264,0.399539,0.969301,3.758925,1.157030,2.731845,1.102783,1.285251,1.445034,1.739613,1.305306,2.457321,2.115728,2.743023,3.041876,0.805184,0.788109,2.246873,2.392492,0.983985,1.402800,0.005248,-0.000551,2.513626,0.011047,2.080958,0.291652,1.685339,1.747839,1.490751,1.119939
-0.633194,-0.627990,-0.462831,0.434718,0.326552,0.953192,3.751692,1.178400,2.756174,1.106728,1.323389,1.565036,1.701476,1.292484,2.420827,1.998685,2.735133,3.031027,0.893779,0.830635,2.442750,2.472711,1.180506,1.484630,0.007181,-0.000229,2.643781,0.011691,2.082891,0.569681,1.910210,1.930829,1.592555,1.229153
0.246514,5.248889,-0.479598,0.480417,0.263757,0.915712,3.752679,1.246456,2.705214,1.123495,1.358567,1.657420,1.753422,1.286566,2.436937,1.935561,2.733489,3.019848,1.025222,0.861240,2.542621,2.501384,1.326447,1.549385,0.007503,-0.000551,2.788433,0.163431,2.103509,0.649256,1.941460,2.136048,1.676640,1.291331
4.721935,3.647103,-0.582833,0.263757,0.018492,0.905520,3.727692,1.223771,2.628940,1.094892,1.422349,1.669914,1.615338,1.293142,2.384663,1.916492,2.709160,3.008013,1.041331,0.594165,2.522969,2.355765,1.117362,1.421808,0.007181,-0.000551,2.802286,0.234951,2.096100,0.552284,1.938883,2.185662,1.696615,1.703702
7.861258,6.674197,-0.558504,0.016848,0.017506,0.847327,3.781939,1.174784,2.755188,1.136975,1.393088,1.573913,1.586077,1.291826,2.557267,2.234085,2.801544,3.091849,0.858019,0.431794,2.307440,2.191461,0.805506,1.191460,0.004925,-0.000551,2.707892,0.104797,2.109953,0.503959,1.691460,1.978187,1.515880,1.449514
9.957095,12.494122,-0.223156,0.015205,0.372580,0.612584,3.722103,0.506390,2.331073,0.863437,0.882177,1.547282,1.605475,1.277361,2.471129,2.158797,2.752557,3.023794,0.604152,0.648933,1.898290,2.030700,0.041330,0.877349,0.003637,-0.000229,2.212079,0.009114,2.045198,0.029088,1.296808,1.004604,0.685982,0.542941
13.519032,19.247290,-0.333294,0.014876,0.463650,0.854231,3.748733,0.746065,2.510253,0.945959,0.994946,1.265854,1.541364,1.382239,2.579624,2.239346,2.817983,3.034643,0.628315,0.686627,1.864785,2.106087,0.038431,0.801640,0.002992,0.450480,2.194038,0.009758,2.050352,0.168907,1.256859,0.850931,0.531665,0.559049
16.912033,23.686171,-0.738343,0.017506,0.465623,1.136317,3.796405,1.195496,2.651954,1.066947,1.483500,0.942671,1.615009,1.727778,2.693379,2.323182,2.907409,3.117165,0.637335,0.901833,1.805507,2.148613,0.012657,0.881537,0.002992,0.733663,2.196615,0.009436,2.068071,0.529088,1.403444,0.798418,0.352219,0.815493
17.913894,25.769155,-0.719603,0.018492,0.607981,1.449308,3.887803,1.440760,2.721653,1.114290,1.591337,0.724366,1.525912,1.833642,2.773599,2.453376,3.007026,3.189494,0.622194,1.022001,1.679218,2.110919,0.011369,0.803895,0.003637,0.879282,2.130571,0.007503,2.062917,0.620261,1.469488,0.710467,0.002992,1.172774
18.628569,27.112533,-0.715328,0.019150,0.694448,1.522624,3.897667,1.474952,2.782476,1.293470,1.613036,1.194839,1.451938,1.816217,2.797928,2.457321,3.017876,3.196398,0.624449,1.153444,1.625094,2.131216,0.011369,0.781665,0.003315,0.902800,2.174708,0.008791,2.071937,0.783598,1.514913,0.640879,0.002670,1.306795
18.591329,28.282000,-0.676533,0.021780,0.740147,1.605146,3.892077,1.481856,2.794969,1.302676,1.639996,1.309580,1.432212,1.848437,2.822914,2.446472,3.020177,3.217111,0.655377,1.416331,1.608986,2.173419,0.206601,0.933405,0.477219,1.198225,2.274901,0.009758,2.132504,0.968521,1.596743,0.696292,0.002992,1.481086
18.656168,28.934020,-0.659108,0.021780,0.778942,1.704435,3.880899,1.494350,2.804832,1.352320,1.660379,1.370403,1.503227,1.845149,2.826202,2.428060,3.021492,3.210207,0.664075,1.675996,1.597066,2.243974,0.338366,1.050029,0.665042,1.342555,2.426319,0.011047,2.217878,1.103508,1.618973,0.711756,0.002992,1.845133
18.449032,29.063133,-0.696588,0.202605,0.827601,1.760326,3.882543,1.502240,2.830147,1.338512,1.701805,1.493035,1.468377,1.906629,2.836394,2.408663,3.021492,3.179302,0.714977,1.844811,1.618651,2.433085,0.421163,1.189527,0.897645,1.702414,2.512015,0.115750,2.267492,1.206279,1.540042,0.805828,0.003315,2.071615
18.496566,28.249673,-0.695931,0.305839,0.912095,1.778408,3.863146,1.503555,2.826860,1.278676,1.768874,1.621584,1.505528,1.873752,2.841326,2.383019,3.017876,3.151028,0.732374,1.909244,1.674063,2.471745,0.416975,1.212722,1.162143,1.803251,2.542621,0.288753,2.326448,1.306795,1.612207,0.847709,0.003637,2.283278
17.906801,27.832134,-0.767932,0.346936,0.944644,1.801422,3.841118,1.463117,2.825216,1.289196,1.872108,1.634735,1.522624,1.913862,2.861381,2.368553,3.021492,3.117493,0.781665,2.004605,1.676640,2.534567,0.620261,1.296808,1.487207,1.858664,2.650546,0.378315,2.387337,1.392491,1.642813,0.971421,0.420518,2.357698
17.756418,27.929800,-0.714671,0.399211,1.144866,1.878026,3.811200,1.441746,2.825545,1.364814,1.847779,1.603173,1.524597,1.923725,2.868285,2.346196,3.010314,3.096123,0.848031,2.110919,1.679218,2.656667,0.654410,1.378638,1.732053,2.067749,2.822583,0.572580,2.449515,1.495261,1.695970,1.160210,0.567426,2.477221
17.871807,28.361760,-0.751822,0.433403,1.254018,1.895780,3.783583,1.391116,2.830805,1.456870,1.929314,1.630132,1.575228,1.991123,2.865983,2.326141,3.000122,3.085603,0.983663,2.279734,1.789398,2.757827,0.772001,1.464011,1.945326,2.147324,2.936307,0.803895,2.478832,1.706924,1.761370,1.429862,0.725609,2.570005
18.501823,29.649955,-0.599272,0.474828,1.333252,1.952986,3.783583,1.374677,2.873545,1.504870,1.964822,1.694572,1.612379,2.081864,2.926806,2.335347,2.985985,3.080342,1.097709,2.484953,1.802285,2.839335,0.826446,1.588045,2.160211,2.148935,3.063885,1.089011,2.499129,1.828380,1.905378,1.734630,0.845454,2.654090
19.273468,32.140905,-0.439817,0.458390,1.443390,2.053919,3.762542,1.354293,2.889655,1.531501,1.941150,1.667612,1.628817,2.130522,2.927792,2.359676,2.975464,3.076397,1.233019,2.718523,1.945648,2.841590,0.866717,1.646035,2.471745,2.136370,3.166978,1.228186,2.526513,1.951770,2.061628,1.843200,0.905377,2.707247
19.642924,34.128807,-0.272143,0.528747,1.503884,2.212058,3.788186,1.398020,2.911354,1.475610,1.917479,1.669256,1.596269,2.126248,2.938313,2.345868,2.993547,3.070150,1.427285,2.951771,1.982053,2.885405,0.892812,1.726254,2.617041,2.095133,3.271681,1.322259,2.578381,2.195004,2.248162,1.967878,1.036498,2.961436
19.829299,34.522445,-0.237293,0.594501,1.526898,2.192003,3.772405,1.411499,2.922861,1.505199,1.938191,1.609091,1.636708,2.163728,2.920888,2.328443,3.023465,3.045164,1.448870,3.193073,1.980764,2.935663,0.929217,1.893458,2.971101,2.045198,3.290689,1.483663,2.592234,2.404412,2.439528,1.996873,1.303895,3.090624
19.744374,35.284917,-0.097236,0.689188,1.625858,2.244606,3.829611,1.459171,2.940615,1.525912,1.883615,1.473637,1.641968,2.157810,2.933382,2.360662,3.013602,3.055027,1.611563,3.339981,2.056151,2.988820,0.990751,2.055829,3.163434,1.981731,3.275547,1.694682,2.724644,2.646680,2.542621,2.217556,1.477220,3.171488
19.732625,34.549182,-0.027536,0.792093,1.712983,2.237044,3.840789,1.494021,2.943902,1.596927,1.855670,1.256319,1.642955,2.165372,2.917601,2.363621,3.017547,3.055027,1.744617,3.531991,2.216267,3.069362,1.216266,2.208858,3.258795,2.054862,3.326772,1.765236,2.855766,2.830959,2.537144,2.408600,1.764269,3.208859
19.899464,32.331093,0.061233,1.006453,1.845807,2.211071,3.870707,1.515720,2.978423,1.645256,1.809642,1.001192,1.628489,2.251839,2.903792,2.394197,3.039246,3.098425,1.909888,3.704672,2.362208,3.233344,1.555506,2.574193,3.424710,2.082247,3.445007,1.804540,2.923421,2.993975,2.635727,2.589657,2.103832,3.304542
20.223824,28.684418,0.270661,1.048535,1.921095,2.223565,3.865776,1.511775,2.957053,1.683722,1.639009,0.849300,1.632434,2.395512,2.859737,2.434307,3.068178,3.109603,1.921164,3.817430,2.875096,3.411824,2.060661,2.799065,3.524904,2.047131,3.526515,1.848677,2.966269,3.040689,2.762982,2.715946,2.524257,3.359955
18.732759,22.897988,0.238441,1.199770,2.012822,2.311675,3.910817,1.581145,3.286810,2.101919,1.716599,0.755600,1.786956,2.603295,2.957711,2.532610,3.183905,3.166480,2.106731,3.932443,3.251707,3.586437,2.374773,3.101578,3.623486,1.905378,3.647004,2.052285,3.085792,3.137016,2.882183,2.857054,2.956604,3.415367
13.605128,13.973158,0.132576,1.392431,2.137755,2.592117,3.973941,1.901698,3.514649,2.464225,1.836272,0.626392,1.955616,2.779517,3.101384,2.725927,3.235193,3.299961,2.328381,3.968526,3.427932,3.658280,2.540044,3.324517,3.644749,1.888303,3.694363,2.264914,3.148614,3.150869,2.869297,2.975611,3.174065,3.409568
4.661101,-1.876820,0.198988,1.644598,2.265319,2.789709,4.084408,2.109152,3.599143,2.721982,1.859286,0.067479,2.296881,2.899189,3.233878,2.836394,3.363085,3.429168,2.517492,3.920845,3.595136,3.726579,3.044877,3.446940,3.412790,1.356086,3.664401,2.456925,3.254285,3.288112,2.879928,3.214980,3.348679,3.423422
1.764283,-4.300261,0.842067,2.017096,2.123290,2.364279,4.034106,2.067398,3.522539,2.606583,1.355937,1.321416,2.677269,2.779188,3.187850,2.862696,3.295358,3.348290,2.502995,3.819685,3.625419,3.767817,3.117364,3.456605,2.895714,0.311627,3.693719,2.265559,3.112210,3.186952,2.878962,3.418911,3.453705,3.207893
1.017850,-4.610528,0.297620,2.103892,2.262689,2.275182,4.139971,2.009206,3.421606,2.258414,1.793203,2.662803,2.471458,2.197921,3.003410,2.696995,3.146754,3.285495,2.369940,3.717237,3.611244,3.674711,2.949194,3.353834,2.799387,0.012657,3.654736,2.081924,2.929219,3.123163,2.938884,3.424066,3.377030,3.056153
0.197673,-3.425947,0.198002,2.092056,2.342909,2.261373,4.147861,1.997041,3.338427,2.127235,1.869478,2.643405,2.463568,2.186414,2.995848,2.730530,3.169768,3.280892,2.341590,3.644105,3.583216,3.621553,2.767170,3.284246,2.796487,0.013624,3.670200,2.050352,2.979799,3.229156,2.921810,3.422455,3.341914,3.114465
-0.890124,-1.419629,0.200303,2.056220,2.324826,2.298525,4.153450,1.995069,3.303249,2.030905,1.837916,2.625652,2.453047,2.185427,2.988286,2.726913,3.180617,3.260180,2.356731,3.580316,3.549066,3.602223,2.629283,3.227867,2.758794,0.012013,3.671489,2.089334,3.053253,3.227545,2.876707,3.424066,3.348679,3.110921
-0.102454,-2.600809,0.165454,2.052932,2.307401,2.270250,4.141286,1.981260,3.271687,2.023343,1.859944,2.642419,2.442855,2.194304,2.990916,2.716064,3.169439,3.234207,2.361564,3.565497,3.533280,3.594491,2.629283,3.227545,2.844812,0.012980,3.664401,2.080314,3.070328,3.333859,2.960792,3.442429,3.345780,3.105122
0.929053,-3.800110,0.185837,2.061809,2.260058,2.313648,4.123203,1.967123,3.216782,2.000000,1.844491,2.674310,2.437595,2.173263,2.977766,2.688447,3.138206,3.183576,2.364141,3.495587,3.510406,3.514594,2.518459,3.152802,2.762338,0.012013,3.623809,2.073548,3.028769,3.328705,2.968846,3.434697,3.341269,3.070328
3.659114,-5.560724,0.184851,2.036494,2.248551,2.338635,4.110381,1.950027,3.333825,2.008877,1.849094,2.713434,2.457321,2.169975,2.974149,2.665104,3.101055,3.197385,2.350610,3.493976,3.507829,3.469491,2.503639,3.118331,2.760083,0.012980,3.632185,2.032955,2.986887,3.320006,2.935663,3.416012,3.324194,3.008794
7.391610,-14.682280,0.128631,1.995069,2.225866,2.368882,4.081778,1.908273,3.299632,2.016110,1.854026,2.806476,2.408663,2.166030,2.964286,2.653926,3.074753,3.195083,2.439850,3.537468,3.523937,3.475290,2.522647,3.123163,2.868975,0.013946,3.686631,2.028123,3.076449,3.226578,2.887338,3.376063,3.281346,2.960147
8.980971,-23.523815,0.119754,1.970411,2.204825,2.352114,4.026545,1.758353,3.264783,1.959890,1.859286,2.797928,2.415238,2.166030,2.950149,2.628282,3.034314,3.139850,2.460147,3.614466,3.542945,3.537790,2.626706,3.204349,3.036501,0.014268,3.729479,2.073870,3.123163,3.095135,2.695005,3.326772,3.290367,2.948227
8.639860,-17.588042,0.121398,2.020384,2.280771,2.384334,4.008134,1.963178,3.425552,2.288661,1.952657,2.860066,2.444170,2.289319,3.025109,2.643734,3.085603,3.259851,2.582892,3.707572,3.592236,3.767817,3.060663,3.400548,3.192751,0.014590,3.761695,2.514915,3.214014,3.117686,2.896359,3.405702,3.400548,3.108666
9.283270,-21.962507,0.099370,2.035836,2.258414,2.328772,4.000572,1.992439,3.431141,2.385978,2.026302,2.887682,2.502034,2.352443,3.058643,2.702913,3.104342,3.273331,2.679219,3.901193,3.655381,3.880575,3.257828,3.620909,3.361244,0.015879,3.790690,2.572582,3.263950,3.278447,2.994297,3.466270,3.480767,3.324194
9.398938,-23.282666,0.130275,2.069700,2.196277,2.390909,3.986435,2.000000,3.436730,2.386306,2.077262,2.887354,2.524062,2.397156,3.077712,2.700612,3.135576,3.293715,2.674064,3.998165,3.668267,3.924711,3.380896,3.674711,3.514272,0.016523,3.793590,2.595456,3.306798,3.315496,3.030379,3.481733,3.500097,3.456927
9.440345,-24.514700,0.167755,2.057206,2.212058,2.467513,3.974270,1.987836,3.439031,2.393539,2.043727,2.885710,2.503678,2.379074,3.071137,2.694365,3.117493,3.287797,2.649902,4.011696,3.666979,3.942108,3.433086,3.696296,3.556154,0.016201,3.784569,2.579026,3.308408,3.321617,3.036501,3.492043,3.557442,3.494942
9.825776,-23.917417,0.101014,2.064439,2.158797,2.454362,3.956845,1.966137,3.427853,2.388279,2.064439,2.860723,2.488883,2.363621,3.048780,2.677269,3.111247,3.262810,2.606732,4.021361,3.660535,3.934698,3.437597,3.683409,3.572906,0.016523,3.765884,2.569361,3.278769,3.285535,3.073550,3.485922,3.543589,3.489465
10.711604,-24.570624,0.114823,2.014795,2.117043,2.570747,3.909831,1.955945,3.412730,2.373156,2.026960,2.874860,2.489212,2.346854,3.020835,2.625323,3.079356,3.235522,2.626706,4.033603,3.617365,3.908925,3.348679,3.650870,3.586115,0.016846,3.751708,2.576126,3.240109,3.301643,3.004284,3.456605,3.537146,3.435019
11.816666,-24.898361,0.141124,2.024001,2.113755,2.528336,3.877283,1.945424,3.403853,2.355402,1.992767,2.862367,2.481979,2.369539,3.010643,2.598035,3.080342,3.234865,2.666010,4.024261,3.589015,3.893783,3.326127,3.634440,3.588048,0.017168,3.742043,2.560018,3.225290,3.307442,2.983343,3.444362,3.531669,3.421811
12.531176,-24.733094,0.106603,2.065097,2.037809,2.589816,3.873666,1.930958,3.401551,2.367238,2.019069,2.854477,2.495787,2.408334,3.020506,2.598693,3.067191,3.216125,2.622196,4.014273,3.579994,3.890240,3.285857,3.619620,3.602223,0.016523,3.738822,2.524580,3.214980,3.329349,2.961114,3.436630,3.549388,3.415367
13.654329,-24.220881,-0.010440,2.036494,1.992767,2.662803,3.846050,1.904328,3.386757,2.381375,2.103892,2.850860,2.500719,2.377101,3.019191,2.612830,3.068835,3.186864,2.574193,3.996876,3.569685,3.871232,3.222712,3.594169,3.611566,0.016523,3.726257,2.486886,3.195650,3.357700,2.954993,3.425677,3.550355,3.386372
13.683748,-24.554118,-0.112030,2.020055,1.924383,2.614474,3.823364,1.859944,3.354537,2.373813,2.181153,2.845600,2.507623,2.334689,2.986971,2.572391,3.055684,3.164179,2.554541,3.977547,3.541656,3.852868,3.172777,3.555832,3.622520,0.016846,3.720136,2.461113,3.141849,3.364465,2.926642,3.411824,3.526192,3.383473
13.410400,-23.790701,-0.254060,1.962849,1.876382,2.602967,3.774377,1.790573,3.322646,2.245921,2.220935,2.846915,2.470472,2.316607,2.950806,2.563514,2.997821,3.143795,2.565817,3.953062,3.507185,3.825162,3.132506,3.497197,3.610600,0.016523,3.677610,2.405056,3.097068,3.320329,2.899580,3.392816,3.520393,3.381218
14.052428,-23.106674,-0.303047,1.881314,1.838902,2.579624,3.755966,1.761970,3.300947,2.170633,2.277812,2.844942,2.477705,2.288333,2.927792,2.530637,2.981382,3.137548,2.490430,3.924389,3.485277,3.832250,3.093202,3.464337,3.597391,0.016201,3.658602,2.192105,3.093202,3.334826,2.877351,3.366720,3.489465,3.329671
15.061019,-20.975934,-0.297129,1.917479,1.783997,2.557596,3.751692,1.752107,3.298646,2.095344,2.274524,2.830476,2.452718,2.268935,2.912998,2.560884,2.966916,3.131302,2.443072,3.891206,3.467236,3.808732,3.056475,3.443074,3.617365,0.016201,3.633151,2.157311,3.067751,3.326450,2.865109,3.328705,3.488177,3.308731
17.944070,-17.043077,-0.268197,1.844163,1.783997,2.525705,3.713226,1.736983,3.256892,1.908931,2.221921,2.767681,2.376443,2.259072,2.900833,2.539843,2.960341,3.125055,2.355121,3.858667,3.468847,3.789080,3.023614,3.395393,3.608345,0.017168,3.620265,2.034244,3.107377,3.305509,2.833859,3.286501,3.458215,3.245908
20.794115,-13.127029,-0.179100,1.793532,1.508158,2.413923,3.694815,1.558789,3.156946,1.753751,2.182468,2.670365,2.249538,2.216989,2.884066,2.518144,2.927464,3.092178,2.240430,3.787147,3.430831,3.748165,2.926964,3.330960,3.554221,0.016201,3.557120,1.959502,3.047454,3.219169,2.783601,3.210792,3.395393,3.157635
20.043450,-9.654730,-0.219210,1.761312,1.251716,2.334032,3.603417,1.481528,3.115849,1.706736,2.182140,2.628282,2.191674,2.174578,2.861381,2.444828,2.937656,3.059958,2.162466,3.701450,3.320973,3.670845,2.656345,3.152480,3.513628,0.016201,3.479478,1.757826,2.939851,3.085148,2.615752,3.084503,3.204349,2.953382
17.405076,-7.128504,-0.262608,1.708380,1.140263,2.306086,3.559033,1.447664,3.062589,1.617310,2.212058,2.591460,2.147290,2.198249,2.829819,2.362306,2.926806,3.051082,1.969811,3.635084,3.222712,3.583216,2.446616,3.027158,3.532958,0.015879,3.419878,1.683728,2.915366,2.953060,2.519425,2.989142,3.079349,2.894103
9.716866,-4.021672,-0.194224,1.629146,1.115934,2.240990,3.554101,1.401307,3.010314,1.575556,2.148276,2.545432,2.129536,2.231784,2.811408,2.310032,2.926477,3.047465,1.914721,3.534891,3.142815,3.513306,2.351577,2.898292,3.472713,0.017168,3.398615,1.776189,2.909245,2.846745,2.535533,2.932763,2.958214,2.742686
1.317286,-2.335822,0.165125,1.544981,1.055440,2.019069,3.466977,1.117249,2.787078,1.348704,1.749476,2.495459,1.981589,2.161098,2.769982,2.245921,2.864340,2.980067,1.873806,3.382829,3.139916,3.411179,2.310340,2.807119,3.279413,0.014913,3.313563,1.522968,2.820650,2.708858,2.613819,2.891204,2.809052,2.653446
-2.649674,-0.436671,0.400855,1.517693,1.211935,1.908602,3.404839,0.858176,2.647022,1.127112,1.422678,2.404718,2.040439,2.060494,2.744996,2.200551,2.819956,2.952450,1.860275,3.120908,3.050998,3.275547,2.218845,2.742363,2.988820,0.013624,3.200483,1.388303,2.762660,2.488497,2.538111,2.786500,2.607698,2.432440
-2.700088,0.750814,0.419595,1.443390,1.414787,1.780381,3.378209,0.716805,2.529979,1.138948,1.214565,2.426417,2.164386,2.058193,2.689762,2.239346,2.855463,2.975464,1.826447,2.947583,3.108344,3.152158,2.106087,2.630250,2.626062,0.012335,3.139271,1.471743,2.723356,2.233020,2.512982,2.767492,2.550997,2.364141
-4.050471,4.198905,0.141782,1.407554,1.512432,1.842848,3.522868,0.729627,2.414910,1.152099,1.391773,2.383676,2.131509,2.046686,2.647351,2.256113,2.877819,3.025109,1.851576,2.812273,3.107055,3.118009,2.037143,2.570971,2.462724,0.011369,3.186630,1.355119,2.647325,2.111241,2.394425,2.691784,2.437273,2.381860
-3.543561,3.545347,0.064849,1.370732,1.527227,1.818190,3.455470,0.733243,2.570418,1.168537,1.431554,2.211071,2.090412,2.002630,2.659515,2.210743,2.876175,3.011629,1.832891,2.789077,2.969490,3.076771,1.922130,2.427608,2.409244,0.011369,3.128318,1.366073,2.655057,2.255572,2.519103,2.651513,2.435662,2.445649
-5.576705,0.868367,0.161180,1.440102,1.780052,1.857971,3.474210,0.987713,2.625652,1.162948,1.556159,1.578844,1.932931,1.972055,2.597706,2.233428,2.920559,3.043191,1.597066,2.700482,2.703704,2.984954,1.743006,2.298420,2.327737,0.011369,2.974645,1.210467,2.628961,2.219167,2.475933,2.525868,2.388626,2.395713
-11.282989,-8.529765,-0.193566,1.509145,1.932602,1.982247,3.686596,1.221141,2.544117,1.107057,1.804710,1.612050,1.889862,2.009535,2.574035,2.357046,3.031027,3.199357,1.815494,3.172777,3.380896,3.435664,2.493007,3.112210,2.656667,0.012657,3.089658,0.930828,2.568072,2.883150,2.651191,2.891526,3.029413,2.634116
-18.349803,-18.808444,-0.264910,1.400321,1.467719,1.744216,3.876296,1.284265,1.977315,0.946287,1.494021,2.347511,2.082193,1.853368,2.324169,2.571733,3.191796,3.441004,2.411500,3.516850,3.712082,3.794234,3.356733,3.692430,2.914722,0.012980,3.426321,1.361563,2.443716,3.146037,2.913111,3.269104,3.414079,2.706281
-20.274944,-20.686631,-0.431926,1.622242,1.936547,2.174578,4.144902,1.564049,1.860930,0.941685,1.908931,2.553322,2.089755,1.788929,2.333703,2.656556,3.280892,3.799693,2.676964,3.682443,3.864466,3.923423,3.750420,3.978513,2.983343,0.776511,3.639273,1.714656,2.263303,3.509762,3.267493,3.464337,3.675999,3.087081
-21.564841,-21.353192,-0.434228,1.629146,1.928657,2.180824,4.239588,1.781367,1.635722,0.913410,1.891506,2.538856,2.004932,1.388157,2.243291,2.654584,3.311139,3.881557,2.880573,3.733989,3.911503,3.972070,3.801322,4.019750,2.971745,1.031343,3.685342,1.667298,2.127994,3.587082,3.455316,3.537790,3.744299,3.305509
-22.287688,-21.840493,-0.588751,1.578844,1.895122,2.068385,4.267534,1.733038,1.373362,0.881519,1.851724,2.517157,1.935561,1.119550,2.190359,2.631570,3.307194,3.893393,2.944683,3.711760,3.908281,3.972070,3.795201,4.023616,2.927931,1.187271,3.684054,1.411176,1.906989,3.594814,3.467880,3.543911,3.750098,3.307764
-23.126829,-22.583382,-0.569353,1.546296,1.821806,1.991123,4.273780,1.670900,1.219168,0.820696,1.743887,2.471129,1.884273,1.040316,2.144331,2.628611,3.304235,3.894708,2.953382,3.685987,3.901193,3.964338,3.788113,4.015562,2.821938,1.182439,3.671167,1.198225,1.653122,3.589659,3.463048,3.524904,3.747198,3.259117
-23.552822,-22.017091,-0.568367,1.488432,1.666626,1.856327,4.274109,1.556816,1.081741,0.689516,1.665640,2.386635,1.781039,0.973904,2.029590,2.578309,3.305550,3.893721,2.930186,3.665690,3.894106,3.958217,3.775549,4.010085,2.718845,1.006215,3.648615,0.907954,1.557117,3.556476,3.413112,3.479478,3.741077,3.245264
-23.995535,-20.970263,-0.514119,1.420705,1.436815,1.791559,4.267862,1.504542,1.037357,0.574446,1.525583,2.348498,1.678791,0.925575,1.969096,2.530308,3.299961,3.890105,2.882183,3.635084,3.888951,3.944686,3.749775,3.992044,2.565817,0.653766,3.638306,0.861562,1.444037,3.529092,3.359955,3.414401,3.720136,3.203705
-24.831577,-20.470518,-0.453625,1.270456,1.285251,1.695558,4.258657,1.436815,1.022891,0.502116,1.410842,2.304771,1.496322,0.844368,1.854026,2.495459,3.295030,3.890105,2.873807,3.600613,3.888951,3.930188,3.727546,3.974003,2.360275,0.498160,3.608667,0.782954,1.285854,3.483989,3.327094,3.379607,3.689853,3.165045
-25.058721,-20.957014,-0.423707,1.183003,1.057741,1.587721,4.250438,1.342129,0.921958,0.129289,1.296429,2.144331,1.353307,0.708914,1.667941,2.491513,3.294701,3.883858,2.806474,3.577417,3.881541,3.918912,3.722391,3.963371,2.279412,0.397967,3.583860,0.680183,1.132825,3.425999,3.308086,3.358022,3.677610,3.083537
-24.572644,-19.982047,-0.429296,1.008425,0.892369,1.504542,4.248136,1.269141,0.874286,0.017177,1.185304,1.974027,1.244483,0.597789,1.629804,2.498746,3.300947,3.884187,2.770714,3.528770,3.881219,3.906026,3.715948,3.961438,2.109631,0.275866,3.555832,0.604152,0.936949,3.349646,3.281024,3.327416,3.655703,3.042622
-24.194993,-20.899941,-0.387542,0.652694,0.795710,1.406239,4.243205,1.120536,0.831875,0.016520,1.079111,1.822793,1.192537,0.511322,1.594296,2.478691,3.297331,3.874981,2.702093,3.464981,3.858667,3.871232,3.712082,3.954028,1.925030,0.114139,3.540045,0.474642,0.884436,3.256862,3.252996,3.297777,3.622842,2.996874
-22.653634,-23.032450,-0.217566,0.451157,0.730284,1.249415,4.234985,0.986398,0.813464,0.015862,0.876916,1.674188,1.075495,0.480417,1.604488,2.486582,3.306208,3.850652,2.632505,3.412468,3.853835,3.839982,3.710471,3.940820,1.675030,0.007503,3.500097,0.253959,0.850931,3.192107,3.204993,3.282635,3.600290,2.963047
-21.234395,-25.176574,-0.153456,0.448527,0.632310,1.252045,4.235972,0.943986,0.795052,0.014547,0.814450,1.628817,0.948260,0.384416,1.593968,2.508609,3.322646,3.845392,2.577093,3.361566,3.861567,3.817752,3.712404,3.938242,1.582568,0.008147,3.474324,0.131536,0.825802,3.185341,3.184052,3.276836,3.583216,2.966913
-20.879166,-26.825803,-0.073235,0.424197,0.554062,1.141907,4.230054,0.936424,0.841409,0.014218,0.722722,1.602844,0.826286,0.203591,1.605803,2.510911,3.352236,3.821063,2.548742,3.265238,3.835794,3.785858,3.685987,3.911825,1.406022,0.006858,3.408924,0.014913,0.830957,3.138305,3.153447,3.245586,3.562919,2.895070
-21.202544,-27.246212,-0.037399,0.344963,0.480417,1.134016,4.226766,0.883821,0.821025,0.015533,0.663215,1.566351,0.676694,-0.000248,1.638352,2.517486,3.372291,3.820734,2.529090,3.191784,3.811309,3.752353,3.655059,3.897972,1.056795,0.005570,3.328705,0.014590,0.820970,3.102222,3.120586,3.227867,3.547455,2.825160
-21.327529,-27.549964,-0.018001,0.292688,0.384087,1.139934,4.228081,0.855875,0.842724,0.012574,0.589899,1.568323,0.533021,0.001396,1.669256,2.524390,3.388072,3.817118,2.458214,3.132506,3.784247,3.742688,3.657636,3.883152,0.963367,0.004603,3.252996,0.013946,0.787787,3.058730,3.071295,3.254929,3.539079,2.796487
-20.996220,-27.546565,0.036575,0.272962,0.344306,1.060371,4.233013,0.837793,0.816751,0.013232,0.521514,1.536761,0.434061,-0.000905,1.715942,2.546418,3.401880,3.825008,2.446616,3.073550,3.763951,3.731734,3.648615,3.869943,0.799707,0.003315,3.174065,0.012980,0.740428,3.019104,3.047132,3.284568,3.526192,2.736242
-22.174512,-23.822572,-0.054495,0.256195,0.276250,0.972260,4.233999,0.868368,0.870341,0.013890,0.561295,1.516706,0.345292,0.000410,1.748490,2.561213,3.404182,3.821063,2.334180,3.006861,3.741721,3.729801,3.673422,3.868655,0.649578,0.002348,3.100612,0.012657,0.571292,2.989464,2.999452,3.299066,3.511051,2.680508
-22.024471,-16.886154,0.042493,0.318662,0.273948,0.945301,4.245506,0.867053,0.863766,0.012903,0.483048,1.501254,0.269017,-0.000248,1.952000,2.618748,3.400565,3.824351,2.226254,2.972712,3.710793,3.733989,3.686631,3.883474,0.532954,0.002670,3.062274,0.012013,0.109951,2.980122,2.967879,3.310986,3.500741,2.569683
-21.712651,-12.491647,0.102987,0.305182,0.351539,0.954507,4.244520,0.836478,0.819053,0.011917,0.398882,1.493692,0.299593,0.115151,2.144002,2.760119,3.415360,3.825666,2.059373,2.889271,3.667623,3.709505,3.671489,3.872198,0.415042,0.002348,2.991075,0.012013,0.100931,2.816139,2.868975,3.336115,3.485599,2.489141
-19.492674,-7.579630,0.122713,0.406115,0.479431,0.978178,4.248465,0.789463,0.842395,0.013890,0.438335,1.611392,0.592529,0.358443,2.229483,2.786092,3.426209,3.823036,1.908922,2.797454,3.625742,3.679221,3.674066,3.872198,0.018134,-0.000229,2.854477,0.012657,0.000093,2.719168,2.778768,3.333859,3.461115,2.442427
-11.336660,-8.221617,-0.099208,0.542227,0.636255,1.178729,4.260301,1.108701,0.927219,0.288086,0.797354,1.624543,0.927219,0.778942,2.483294,2.811736,3.424565,3.822378,1.492362,2.713369,3.561631,3.617365,3.643783,3.833538,0.017812,-0.000551,2.666010,0.011047,-0.001840,2.587402,2.598033,3.302609,3.394749,2.328059
-5.155024,-2.476204,-0.164963,0.664201,0.603049,1.096865,4.191259,1.073851,1.074508,0.446554,0.886451,1.830354,1.079111,0.868697,2.430033,2.677598,3.288454,3.711911,1.140235,2.292943,3.409246,3.412146,3.419233,3.664079,0.017168,-0.000229,2.411822,0.010080,-0.000229,1.873806,2.387337,3.207248,3.200161,1.907955
-3.153706,-0.301271,0.195372,0.256195,0.213454,0.558994,3.954873,0.390991,1.526898,0.283483,0.372251,1.539392,0.749024,0.846341,2.138742,2.185427,2.693050,3.217440,0.486884,1.615429,2.989787,2.934374,2.702737,2.840624,0.013302,0.000415,2.066460,0.008469,0.767812,0.781021,1.820326,2.524580,2.026834,0.695003
-2.984787,-0.738655,0.449184,0.014218,0.013890,0.330169,3.780624,0.614556,2.503349,0.818724,0.214769,1.529528,0.690503,0.813135,1.930301,1.986521,2.568446,2.974807,0.464011,1.339978,2.642170,2.466590,1.949514,1.852221,0.008469,-0.000551,2.033922,0.008469,1.026511,0.004603,1.479153,2.066783,1.523612,0.005892
-2.550363,-1.299996,0.278551,0.403814,0.015533,0.399211,3.786213,0.692475,2.522747,0.905848,0.412690,1.598570,0.705626,0.866725,1.947726,2.074303,2.566144,2.960012,0.378637,1.364784,2.652157,2.507505,1.999128,1.900545,0.008791,-0.000229,1.977221,0.007181,0.849964,0.003637,1.535854,2.073548,1.520712,0.006214
-2.107724,0.954265,0.154275,0.497514,0.252578,0.625735,3.814488,0.780915,2.497760,0.979165,0.585296,1.572926,0.606666,0.866067,2.031562,2.093371,2.569103,2.980067,0.286498,1.268457,2.696938,2.648291,2.094489,2.096422,0.009114,0.000415,1.936306,0.006858,0.781988,0.003637,1.596099,2.120906,1.593522,0.006858
-1.361807,0.851990,0.112192,0.439978,0.219372,0.778942,3.801337,0.796039,2.528993,0.979822,0.626392,1.560433,0.822012,0.857190,1.947726,2.135125,2.552007,2.977108,0.224642,1.119295,2.645070,2.586435,2.021679,1.937594,0.009436,0.000737,1.892813,0.007825,0.772645,0.003315,1.496550,2.015236,1.543586,0.006214
-2.780442,9.541060,0.203262,0.505404,0.216085,0.678996,3.790487,0.794066,2.513870,0.989028,0.567871,1.460815,0.704640,0.845683,2.007233,2.198578,2.533267,2.992232,0.172129,0.874771,2.494296,2.139914,1.318715,1.475609,0.006858,0.000093,1.759759,0.007181,0.858985,0.002026,1.182761,1.532633,1.124127,0.004603
-4.460891,10.272576,0.516582,0.012574,0.011259,0.272962,3.708952,0.271647,1.763614,0.337730,0.010931,1.345087,0.455431,0.574775,1.497966,1.780710,2.533267,2.908395,0.461433,1.008792,2.629928,2.215623,1.762014,1.724965,0.007503,-0.000551,1.890880,0.007181,0.837722,0.003637,1.126382,1.657955,1.101898,0.003959
-6.715094,13.974578,0.000410,0.007972,0.008300,0.110877,3.739199,0.007972,0.929520,0.006985,0.006328,0.773682,0.173344,0.501459,1.436815,1.649530,2.652940,3.052068,0.583856,0.818070,2.761693,2.413110,2.004283,1.897324,0.009436,-0.000874,2.176319,0.008469,0.951124,0.003959,1.142813,1.598354,1.238818,0.004925
-7.736943,15.150437,0.000081,0.005999,0.006985,0.007972,3.876296,0.007643,0.380142,0.007643,0.006328,0.624091,0.105946,0.670776,1.532159,1.623557,2.764393,3.264783,0.695647,0.838044,2.990431,2.717879,2.456603,2.521036,0.011691,-0.000551,2.317749,0.009436,1.186305,0.003959,1.242362,1.757182,1.563560,0.456279
-8.957828,17.772171,0.000410,0.006657,0.006657,0.006985,3.946325,0.007643,0.006657,0.006328,0.006328,0.638886,0.000081,0.729298,1.561090,1.587063,2.869271,3.409113,0.704990,0.861885,3.019426,2.870908,2.676964,2.784245,0.012013,-0.000551,2.395069,0.009758,1.466266,0.006214,1.443393,1.910210,1.767169,0.874127
-10.443095,18.239429,0.000081,0.005341,0.006328,0.005999,3.959147,0.007643,0.006985,0.005670,0.005670,0.664859,-0.000248,0.731271,1.609749,1.585748,2.876175,3.452511,0.783598,0.915042,3.031990,2.973356,2.709503,2.933730,0.012657,-0.000551,2.423098,0.010402,1.571615,0.006858,1.517169,1.928252,1.797130,1.043264
-12.366021,18.849491,0.000081,0.004355,0.007314,0.005341,4.014380,0.007314,0.007314,0.006657,0.006657,0.650064,-0.000248,0.779929,1.765915,1.649859,2.904778,3.530758,0.855763,1.041653,3.046488,3.057764,2.721745,3.073227,0.013946,-0.000551,2.450804,0.009436,1.512658,0.006858,1.578058,1.947904,1.885081,1.077413
-13.080787,20.952731,0.000410,0.006985,0.006985,0.156906,4.055148,0.006985,0.006657,0.006657,0.006985,0.453787,0.000410,0.842067,1.997041,1.777751,2.921217,3.614266,1.111240,1.081279,3.085792,3.175998,2.839335,3.194362,0.015557,0.000093,2.535533,0.009758,1.609308,0.009436,1.675352,1.944038,2.201770,1.289720
-13.920589,21.647169,-0.000248,0.006657,0.006985,0.334771,4.062381,0.006657,0.005999,0.005341,0.006985,0.318004,0.000739,0.889081,2.020055,1.880656,2.919244,3.634650,1.395068,1.130248,3.134117,3.231733,2.882828,3.211759,0.014590,-0.000229,2.596100,0.010402,1.566138,0.316781,1.747839,1.985275,2.425997,1.482697
-14.269742,22.012493,0.000739,0.005670,0.006657,0.397567,4.067641,0.007643,0.005999,0.005999,0.006328,0.172358,-0.000576,0.949246,2.127892,1.951013,2.937656,3.652732,1.542942,1.142813,3.188241,3.383151,2.899258,3.281346,0.015879,0.000093,2.641848,0.007825,1.523612,0.520712,1.863496,2.158278,2.527801,1.781666
-14.526373,22.328454,0.000081,0.007643,0.007314,0.404471,4.080792,0.006657,0.005670,0.007314,0.007972,0.463650,0.001396,0.961411,2.114413,1.953644,2.953437,3.662924,1.538754,1.108341,3.262339,3.473357,2.945972,3.356411,0.016201,0.000093,2.643781,0.010402,1.311305,0.666008,1.903123,2.236242,2.577737,1.851898
-14.615878,22.290330,0.000410,0.006657,0.006985,0.429129,4.081449,0.007314,0.006985,0.006657,0.006985,0.535651,-0.000248,0.974891,2.082522,1.932273,2.954423,3.666869,1.678573,1.124449,3.359955,3.490110,3.043910,3.430509,0.016523,0.000415,2.681474,0.011369,1.354153,0.948869,1.956280,2.287788,2.628961,2.016525
-14.116761,22.814219,0.000410,0.007314,0.006657,0.418937,4.098874,0.007314,0.006985,0.006985,0.007643,0.592529,0.000739,1.003165,2.113755,1.989151,2.973492,3.679034,1.768780,1.144423,3.354800,3.500419,3.021681,3.421489,0.015879,-0.000229,2.743974,0.011691,1.382504,0.962400,1.986241,2.317427,2.625417,2.087079
-13.661778,23.518549,0.000410,0.008300,0.007972,0.495870,4.113669,0.008300,0.006657,0.007314,0.007314,0.920314,0.218715,1.038672,2.114413,1.991452,2.980396,3.700075,1.849965,1.109952,3.369942,3.496553,2.957248,3.353189,0.015235,0.000093,2.816139,0.011691,1.491395,1.019423,1.987530,2.317105,2.618974,2.084824
-13.352609,23.436864,0.000410,0.007314,0.131919,0.537295,4.108080,0.009287,0.008300,0.008300,0.007643,1.250072,0.525130,1.061686,2.164057,2.020055,2.994533,3.705007,1.858986,1.158599,3.409246,3.484311,2.914722,3.365432,0.015879,-0.000229,2.861565,0.012335,1.540042,1.040686,2.048741,2.398935,2.620263,2.143136
-12.741890,22.708591,-0.000248,0.007972,0.241071,0.604693,4.133066,0.009615,0.008629,0.009287,0.009287,1.436815,0.862779,1.065632,2.251182,2.084494,2.989930,3.718486,1.908277,1.170841,3.432120,3.474968,2.892493,3.361888,0.014913,-0.000551,2.953382,0.012335,1.702414,1.182117,2.047775,2.471422,2.624451,2.221422
-12.366077,21.617925,0.000410,0.245017,0.323264,0.666502,4.135368,0.010273,0.008300,0.008958,0.009615,1.500596,1.154071,1.107057,2.267291,2.201866,3.001766,3.726048,1.887337,1.336112,3.435019,3.468203,2.876062,3.337081,0.015557,-0.000551,2.976900,0.012657,1.837723,1.209179,2.045842,2.483987,2.611564,2.245584
-11.728239,20.852944,0.216085,0.365347,0.429458,0.915712,4.142272,0.012246,0.010602,0.010602,0.254551,1.582132,1.183332,1.109029,2.305758,2.305100,3.087904,3.753336,1.937594,1.600932,3.470780,3.491076,2.854799,3.390238,0.015235,0.000093,3.027480,0.077090,1.897001,1.282310,2.100288,2.641526,2.627350,2.260082
-10.472039,19.218764,0.132905,0.462335,0.479760,0.970288,4.144245,0.231208,0.013232,0.011917,0.408416,1.700490,1.313197,1.250730,2.407348,2.355073,3.168453,3.747418,1.934695,1.741718,3.457571,3.453705,2.875740,3.349646,0.015879,0.000737,3.073227,0.101575,2.023935,1.446614,2.177607,2.753317,2.618330,2.256860
-11.185675,14.975440,0.149344,0.500144,0.513295,0.993302,4.169231,0.589899,0.356470,0.012903,0.439978,1.704764,1.410184,1.182674,2.386306,2.340279,3.166809,3.740185,1.892169,1.827736,3.441463,3.451128,2.844490,3.291656,0.014590,-0.000551,3.097712,0.013946,2.032311,1.565171,2.194360,2.793266,2.587402,2.258471
-7.303315,12.125273,0.035260,0.581350,0.632968,1.170510,4.196519,0.839765,0.714503,0.014547,0.657626,1.717586,1.327005,1.315169,2.450088,2.400772,3.228289,3.759583,1.909244,1.942749,3.464981,3.478512,2.849967,3.357378,0.016523,-0.000229,3.092235,0.140557,2.052607,1.742362,2.321938,2.829026,2.676964,2.248484
-2.831551,3.377776,-0.089674,0.776970,0.701681,1.245798,4.152464,1.007768,0.837793,0.304524,0.811820,1.956931,1.377307,1.651831,2.554637,2.374142,3.151685,3.727034,1.887659,1.980764,3.449839,3.324194,2.726900,3.243331,0.015235,-0.000229,3.092557,0.066137,2.049386,1.706280,2.218845,2.806797,2.585147,2.209824
0.094998,1.159524,0.059589,0.738832,0.635598,1.159989,3.980846,0.980151,1.417417,0.621461,0.712531,1.900054,1.468377,1.736326,2.697653,2.330087,2.994533,3.456785,1.671486,1.843522,3.260084,2.973034,2.105120,2.705314,0.012657,-0.000551,2.849967,0.012980,1.984308,1.407310,2.010082,2.644425,2.211435,1.960468
0.956928,0.684361,0.691160,0.707270,0.496527,1.011384,3.744131,0.558336,2.124933,0.918342,0.124028,1.618625,1.433856,1.308594,2.597378,2.185756,2.737434,3.039575,0.932439,1.702414,2.516848,2.421487,1.213045,1.533599,0.006214,-0.000874,2.649258,0.125415,2.118973,0.983019,1.612207,1.990752,1.383148,1.049707
1.245702,0.722608,0.687544,0.760531,0.497185,0.993302,3.797063,0.958781,2.798585,1.124810,0.269017,1.794189,1.495336,1.212593,2.530637,2.265647,2.689105,2.984670,0.771678,1.690171,2.173419,2.274579,0.941782,1.273290,0.005892,0.000093,2.496551,0.010402,1.952414,0.967877,1.700481,1.778767,1.175029,0.792941
1.284129,0.420971,0.459705,0.779271,0.497514,0.969959,3.807255,1.024206,2.813380,1.136975,0.514939,1.891177,1.524597,1.241853,2.562199,2.302470,2.692064,2.985656,0.741073,1.653767,2.163110,2.258793,0.874771,1.223998,0.005570,0.000093,2.490108,0.010724,1.882182,0.943715,1.675352,1.742040,1.081601,0.527799
1.623275,0.241691,0.497514,0.768422,0.492253,0.964370,3.809227,1.057741,2.806805,1.132043,0.462006,1.894465,1.556816,1.245141,2.577323,2.305100,2.693707,2.987629,0.738173,1.657955,2.113819,2.202736,0.713366,1.150867,0.004925,0.000415,2.468845,0.010080,1.883793,0.937593,1.617362,1.677285,1.100287,0.484307
2.170790,0.775632,0.450170,0.768751,0.496856,0.964699,3.804624,1.031439,2.800229,1.118893,0.498500,1.872108,1.554844,1.267826,2.596391,2.302799,2.695680,2.982697,0.715622,1.542297,2.098033,2.138303,0.655699,1.099965,0.004603,-0.000229,2.432440,0.009758,1.872195,0.858341,1.602542,1.611241,1.093521,0.463366
3.256216,4.731391,0.398224,0.800313,0.511980,0.985082,3.811857,1.141578,2.821599,1.129413,0.548802,1.748161,1.603502,1.279991,2.645049,2.343895,2.706530,3.002423,0.682439,1.430506,1.902156,2.005893,0.418263,0.862207,0.003959,0.000093,2.293265,0.008469,1.842556,0.684694,1.523612,1.464978,0.946936,0.369616
4.318480,4.658844,0.132248,0.617187,0.477130,0.947931,3.801665,1.098509,2.719352,1.028152,0.748367,1.615995,1.545638,1.193524,2.549706,2.343237,2.691406,2.963300,0.643134,1.253637,1.859952,1.810661,0.009758,0.494939,0.001704,-0.000229,2.189205,0.009436,1.778445,0.197902,1.366395,1.232375,0.788431,0.178572
5.790938,7.323483,0.349895,0.673735,0.462006,0.786504,3.799693,1.097194,2.751900,1.050837,0.511980,1.670243,1.442404,1.183661,2.541486,2.349813,2.724283,3.030369,0.671163,1.217555,2.172131,2.052930,0.011369,0.885725,0.003637,-0.000229,2.184051,0.008469,1.767169,0.149578,1.366395,1.233663,0.749771,0.031987
8.008809,13.542094,0.298278,0.613241,0.518555,0.920972,3.837173,1.183989,2.766366,1.068919,0.610940,1.810957,1.594954,1.280319,2.620392,2.336004,2.752886,3.071794,0.668908,1.468844,2.239463,2.190494,0.555183,1.137336,0.005570,0.000415,2.219489,0.009114,1.997517,0.463366,1.392813,1.070648,0.648933,0.383792
9.202233,17.433372,-0.040029,0.542227,0.577076,1.042289,3.865118,1.260264,2.837052,1.217524,0.953520,1.716599,1.700161,1.646571,2.641433,2.356717,2.775243,3.104014,0.672129,1.419553,2.174708,2.194682,0.524578,1.095777,0.005570,0.000093,2.217234,0.009114,2.044875,0.607052,1.316782,0.987851,0.548740,0.534887
10.173489,21.964993,-0.372090,0.498171,0.706284,1.373362,3.925612,1.513090,2.974478,1.285909,1.351005,1.605146,1.785970,1.878026,2.786092,2.491184,2.860066,3.206919,0.661498,1.465622,2.011048,2.224644,0.399578,1.066137,0.005892,-0.000874,2.209502,0.008791,2.064850,0.710789,1.401189,0.926318,0.216588,0.860274
10.522011,25.464863,-0.509845,0.435047,0.731928,1.396376,3.934818,1.585420,3.018204,1.365800,1.581145,1.638023,1.748819,2.010521,2.805161,2.471787,2.886696,3.218426,0.714011,1.637336,2.058084,2.360920,0.752993,1.298096,0.502026,0.692104,2.422453,0.010402,2.115430,1.019746,1.549707,1.210467,0.495261,1.096099
10.700892,28.023050,-0.665355,0.512966,0.821025,1.424979,3.949284,1.610406,3.033657,1.377636,1.749476,1.704764,1.793861,2.104550,2.822914,2.485267,2.905107,3.233221,0.691137,1.742684,1.937272,2.323226,0.591588,1.266524,0.760725,0.817748,2.437273,0.011369,2.156345,1.070970,1.576125,1.209823,0.310016,1.270390
10.612540,29.664260,-0.613409,0.535980,0.970616,1.542679,3.944352,1.611392,3.051410,1.394403,1.745860,1.725805,1.895451,2.178194,2.842641,2.481650,2.907737,3.233549,0.798418,1.831280,1.998806,2.512337,0.807761,1.418908,0.876060,1.189849,2.555508,0.127026,2.223677,1.272967,1.608664,1.459179,0.587400,1.604153
10.705838,30.749949,-0.676204,0.585296,1.078782,1.637037,3.923968,1.625201,2.992889,1.447664,1.881643,1.759340,1.892821,2.226524,2.850531,2.475075,2.915957,3.216453,0.844810,1.901512,1.941460,2.589013,0.829668,1.468844,1.134114,1.580313,2.646358,0.359629,2.302930,1.454669,1.637336,1.512980,0.678250,1.990107
9.871205,31.319053,-0.546668,0.748367,1.207332,1.705421,3.915091,1.621584,2.975464,1.424979,1.952986,1.818847,1.931287,2.262031,2.854477,2.465869,2.926149,3.193768,0.976253,2.152479,1.972388,2.734309,0.958534,1.637336,1.435339,1.787787,2.751062,0.467877,2.364463,1.772968,1.708213,1.703058,0.770712,2.227221
10.107418,30.210640,-0.438502,0.871656,1.309909,1.679777,3.904899,1.543666,2.909381,1.459829,1.958246,1.742572,1.970082,2.307073,2.841326,2.466855,2.920888,3.163521,1.050996,2.281667,1.964334,2.804541,0.990428,1.687916,1.697259,1.845777,2.852544,0.723354,2.439528,1.816460,1.783277,1.773934,0.856408,2.336757
9.559249,28.445255,-0.448036,0.874944,1.321745,1.675503,3.871036,1.444705,2.758804,1.477911,1.966794,1.716271,1.941808,2.310360,2.851846,2.417211,2.887025,3.097767,1.219166,2.369296,2.103187,2.875740,1.050996,1.770713,1.826125,1.870262,2.954671,0.894423,2.470456,1.866718,1.764269,1.862208,0.977220,2.472067
10.138297,29.548257,-0.361569,0.940369,1.447007,1.821806,3.850981,1.338512,2.746640,1.461144,1.915177,1.789258,1.972712,2.312333,2.861709,2.410964,2.888669,3.061602,1.302284,2.624773,2.165365,2.941784,1.051962,1.800996,1.949514,1.990429,3.119297,1.105119,2.503961,1.948548,1.826447,1.887659,1.073547,2.558729
10.079209,27.930648,-0.263266,1.154729,1.544981,1.866519,3.825008,1.251716,2.761106,1.502240,1.903999,1.741586,1.993425,2.318908,2.896559,2.360334,2.900504,3.050095,1.645068,2.790044,2.353188,2.983665,1.102220,1.923419,2.251383,2.029089,3.220457,1.227220,2.541977,2.070971,1.962079,2.068071,1.523934,2.768781
9.598744,25.017478,-0.270828,1.246127,1.593968,1.905643,3.827638,1.206346,2.807133,1.492048,1.914520,1.868821,2.069371,2.317922,2.891299,2.342909,2.916943,3.042534,1.748161,3.006539,2.446616,2.990753,1.155377,2.047775,2.354798,1.897001,3.239465,1.270712,2.632505,2.201770,2.089334,2.228510,1.674707,2.959825
9.159635,22.313287,-0.223484,1.326676,1.536433,1.796820,3.747090,0.919986,2.774585,1.506186,1.916821,1.713640,2.125920,2.206469,2.854805,2.220935,2.847572,2.965601,1.780378,3.122841,2.457569,2.965302,1.248805,2.235919,2.707247,1.627671,3.330960,1.330313,2.714657,2.226577,2.145713,2.278123,1.841267,2.960147
8.871826,17.898621,0.142440,1.457199,1.558131,1.783669,3.744459,0.909136,2.803188,1.545638,1.619283,1.454240,1.990466,2.174249,2.864997,2.136440,2.863025,2.906422,1.828380,3.279413,2.502028,2.971423,1.303573,2.393458,3.029091,1.515558,3.393782,1.611563,2.790366,2.327092,2.262337,2.339012,2.049386,2.995908
7.239319,12.562338,0.447869,1.490733,1.567666,1.824436,3.748076,0.745408,2.766366,1.348704,1.341800,1.275059,1.930958,2.117700,2.787078,2.080220,2.836065,2.843956,1.859630,3.396360,2.630250,3.047132,1.404411,2.556152,3.102222,1.272967,3.478512,1.645068,2.812918,2.468523,2.304863,2.531667,2.287144,3.060985
5.250969,11.982002,0.558008,1.505199,1.566351,1.741586,3.870050,0.829245,2.783133,1.273744,1.208318,1.533474,1.966794,1.991781,2.646693,2.055234,2.778202,2.855463,1.845455,3.541656,2.866075,3.197583,1.733664,2.754284,3.154735,1.127027,3.619620,1.749450,2.933408,2.768459,2.376384,2.771681,2.558085,3.051320
5.302812,6.432765,0.473842,1.507501,1.608434,1.838245,3.953229,1.015329,2.746968,1.267497,1.241196,2.077590,2.129865,1.921753,2.711461,2.189044,2.806147,2.864997,1.883148,3.617043,3.146681,3.200805,1.876705,2.837402,3.148614,0.131536,3.648293,1.801963,2.950805,2.821294,2.407311,2.832892,2.902480,3.154413
2.121656,5.354515,0.576748,1.591995,1.715284,1.862574,3.989065,1.245141,2.847901,1.424979,1.253031,1.977644,2.130522,2.046357,2.777544,2.212715,2.845600,2.950478,1.855764,3.668267,3.173421,3.190818,1.882504,2.814529,3.127996,0.015235,3.650226,1.799063,2.972068,2.825804,2.396680,2.854799,3.083215,3.155058
1.197619,1.536122,0.359100,1.680106,1.954959,2.023672,4.088025,1.494350,2.978423,1.520323,1.501583,2.517157,2.151235,2.051946,2.787407,2.300497,2.950149,3.124397,2.041332,3.688242,3.335148,3.217236,1.980442,2.860920,2.838369,0.012980,3.709827,1.808728,2.919232,2.844812,2.447582,2.937596,3.142493,3.045521
0.617539,1.339847,0.199317,1.834957,2.129536,2.248551,4.229067,1.897424,3.207577,1.704764,1.719887,2.579624,2.154523,2.106193,2.820942,2.540500,3.195412,3.461388,2.102221,3.690175,3.378318,3.273937,2.089334,2.948872,2.706603,0.012657,3.768139,1.942749,2.951449,2.925031,2.464657,3.134761,3.260084,3.000096
-0.971867,1.708455,0.048411,2.110139,2.351457,2.481650,4.320137,2.023343,3.363743,2.649323,2.026960,2.770311,2.406690,2.201866,2.882751,2.788065,3.341058,3.638924,2.391525,3.782314,3.556476,3.514594,2.507827,3.372842,3.019104,0.013624,3.846425,2.487853,3.259761,3.208537,2.778124,3.261050,3.441463,3.141527
0.054389,0.266119,-0.020632,2.061152,2.765380,2.819956,4.404631,2.654584,3.591910,3.112233,2.507294,2.880121,2.631241,2.671680,3.109932,2.968889,3.474538,3.788186,2.832570,3.961116,3.781348,3.772327,3.274259,3.718203,3.239143,0.014590,3.884763,2.838369,3.401514,3.330960,3.053898,3.443396,3.556154,3.367687
0.210943,-0.320173,-0.104140,2.167674,2.845271,2.826531,4.431919,2.857107,3.687253,3.156617,2.585871,2.912669,2.699297,2.826202,3.179960,2.955409,3.622157,3.858543,2.929864,3.994943,3.801000,3.896039,3.410213,3.831283,3.229156,0.014590,3.893139,2.833536,3.413434,3.387339,3.093524,3.484311,3.611566,3.391527
-0.078727,-0.409209,-0.102167,2.116714,2.820284,2.902806,4.423700,2.791024,3.610321,3.117165,2.597378,2.887682,2.699625,2.736448,3.125384,2.965601,3.578430,3.844406,2.775224,3.921168,3.737855,3.891206,3.236243,3.772005,3.030702,0.013624,3.878964,2.669232,3.366076,3.254607,3.016526,3.416978,3.554543,3.301643
-0.374483,0.673144,-0.171538,2.148605,2.806476,2.874860,4.419097,2.775243,3.553115,3.082972,2.610857,2.936340,2.690420,2.791024,3.138863,2.945875,3.607033,3.848351,2.647325,3.761051,3.712404,3.877353,3.279413,3.740110,2.867042,0.012980,3.858345,2.612209,3.326772,3.390883,2.972390,3.417300,3.542945,3.255573
1.803906,1.589245,-0.075865,1.967781,2.643734,2.830476,4.364521,2.368882,3.379524,2.790037,2.465212,2.857764,2.627296,2.486582,3.024122,2.800558,3.472566,3.771090,2.596745,3.626708,3.689853,3.865111,3.257828,3.638628,2.699193,0.012335,3.831283,2.498162,3.279091,3.382829,2.955315,3.392816,3.481733,3.213370
1.336832,-0.529536,-0.005508,2.084166,2.420170,2.663132,4.301726,2.058193,3.302591,2.511568,2.124605,2.791024,2.498417,2.230469,2.910039,2.808449,3.401223,3.668185,2.421487,3.514594,3.629285,3.781348,3.102545,3.553899,2.502028,0.811949,3.795523,2.206925,3.196295,3.378963,2.938562,3.371231,3.430509,3.127996
1.748024,-1.241029,0.074384,1.991452,2.265976,2.310689,4.172519,2.000658,3.239796,1.969425,1.955287,2.696666,2.352443,2.168331,2.924505,2.742037,3.261166,3.458757,2.376061,3.573873,3.544556,3.555509,2.647647,3.381218,2.520069,0.011369,3.686953,1.989785,3.091913,3.342236,2.865109,3.341269,3.295522,3.091591
2.315387,-1.935974,0.188796,1.843505,2.156824,2.090741,4.011421,1.572269,3.104342,1.672215,1.760983,2.617433,2.210414,2.163071,2.855134,2.507623,3.056342,3.115192,2.151834,3.447584,3.464014,3.455638,2.478832,3.049065,2.501062,0.011691,3.573229,1.824836,3.016526,3.277803,2.759116,3.256862,3.108344,2.982699
2.564981,-2.280694,0.245017,1.828382,2.093371,2.026631,3.970982,1.454240,2.978423,1.643941,1.682078,2.607241,2.188057,2.161098,2.845600,2.425101,2.944560,2.992889,2.084824,3.457893,3.451450,3.462404,2.455636,2.958859,2.535533,0.010724,3.561953,1.923419,3.002351,3.260406,2.697905,3.206926,3.049387,2.944361
2.444705,-2.625079,0.309127,1.778080,2.060165,2.009206,3.911146,1.298731,2.944560,1.572597,1.597255,2.571733,2.150249,2.151564,2.840011,2.388608,2.879463,2.896230,2.138303,3.457893,3.445973,3.460471,2.452092,2.910856,2.491397,0.011047,3.541656,1.896357,3.000740,3.225290,2.651191,3.171488,2.925354,2.894103
2.772543,-2.165583,0.179262,1.770518,2.047343,2.022028,3.900625,1.303991,2.954094,1.570625,1.711010,2.591460,2.177537,2.148276,2.841326,2.388279,2.880778,2.878477,2.154734,3.495264,3.456927,3.487210,2.496551,2.946939,2.529734,0.011369,3.545200,1.938883,2.991720,3.272648,2.730443,3.194362,2.972068,2.893459
2.488291,-1.753896,0.166111,1.768216,2.029918,2.012822,3.887803,1.265525,2.938313,1.569967,1.711668,2.588172,2.183126,2.159783,2.839682,2.383676,2.863353,2.855134,2.145391,3.491721,3.445651,3.478190,2.528123,2.953704,2.526835,0.012335,3.567752,1.928252,2.997196,3.284568,2.750740,3.188563,2.933730,2.880895
2.788472,-2.029870,0.165454,1.750463,2.016439,1.992110,3.870050,1.244812,2.925162,1.558460,1.698846,2.577651,2.173920,2.143016,2.831134,2.369210,2.851518,2.834421,2.140558,3.501386,3.440174,3.479800,2.520714,2.958214,2.544876,0.012657,3.562275,1.919875,2.993330,3.313563,2.791655,3.192107,2.886049,2.868330
4.679370,-4.202883,0.148029,1.729750,2.003288,1.954630,3.850981,1.207332,2.905765,1.555830,1.691613,2.573048,2.171619,2.140386,2.821271,2.355731,2.827517,2.825216,2.134760,3.498808,3.441463,3.476901,2.534245,2.986243,2.534567,0.027799,3.549388,1.868007,2.992364,3.323228,2.811307,3.200483,2.884116,2.865109
3.592365,-2.041793,0.178605,1.732052,2.036823,1.959561,3.830926,1.177085,2.879134,1.561748,1.669256,2.531952,2.152879,2.132166,2.806147,2.331402,2.811408,2.835408,2.060661,3.495264,3.405058,3.453383,2.500739,2.947583,2.514915,0.147000,3.526515,1.867684,3.004606,3.307764,2.754284,3.183086,2.804864,2.854155
5.776578,-6.027971,0.206221,1.667941,2.028603,1.913205,3.810542,1.145523,2.864997,1.519994,1.643283,2.513541,2.126906,2.112111,2.744009,2.296881,2.793325,2.792996,2.035533,3.472069,3.383151,3.420844,2.399579,2.901835,2.445971,0.011047,3.513306,1.804218,2.958537,3.274903,2.679219,3.173099,2.794554,2.832892
6.816470,-3.378128,0.170714,1.646571,1.979288,1.969425,3.808898,1.130728,2.821271,1.495665,1.609749,2.452061,2.177208,2.067727,2.695351,2.260058,2.751571,2.758475,1.994940,3.428254,3.311308,3.356733,2.377350,2.855121,2.428897,0.010402,3.543267,1.782633,2.943073,3.201127,2.563884,3.136050,2.595456,2.724967
15.249580,-6.899059,0.084576,1.660051,2.039124,2.228496,3.794433,1.250072,2.871244,1.484158,1.727449,2.456335,2.198907,2.107180,2.720995,2.267620,2.795626,2.720667,1.983986,3.496875,3.357378,3.427610,2.439850,2.854477,2.486564,0.011369,3.557120,1.802607,2.945650,3.189851,2.534567,3.149259,2.885083,2.795521
22.348123,-4.675457,-0.228087,1.822464,2.124933,2.735461,3.932845,1.579173,3.134261,1.932273,2.109481,2.400772,2.368224,2.205811,2.814038,2.519130,2.954423,2.950806,2.127994,3.659247,3.405702,3.634762,2.554863,3.265883,2.655057,0.179861,3.633796,1.898612,3.085470,3.206926,2.665366,3.207248,3.071295,2.876062
30.332925,-7.407368,-0.495051,2.058193,2.328443,2.973820,4.042983,1.925698,3.230919,2.460609,2.771297,2.210743,2.548719,2.795298,3.091520,2.794640,3.081328,3.153658,2.388626,3.913758,3.575484,3.834183,3.154735,3.493331,3.011694,1.090622,3.708216,2.032955,3.155380,3.242364,2.774258,3.272004,3.243975,2.990109
31.627354,-9.043174,-0.563435,2.020055,2.284387,2.954752,3.994325,1.904985,3.224344,2.478362,2.860723,1.884273,2.539843,2.826531,3.122425,2.800229,3.063246,3.134589,2.329670,4.094493,3.572262,3.949518,3.246230,3.695652,3.367687,1.174385,3.719492,2.132504,3.211759,3.275870,2.815817,3.358022,3.349646,3.123807
31.560215,-9.455753,-0.486502,2.008877,2.279785,2.896230,3.984133,1.942794,3.299632,2.551678,2.857764,2.007562,2.588172,2.849874,3.173384,2.854477,3.091192,3.140178,2.485598,4.152805,3.690497,4.014596,3.461759,3.819363,3.549710,1.134436,3.724969,2.372195,3.248163,3.307120,2.852544,3.459182,3.424710,3.253318
31.127732,-10.289747,-0.455927,2.007891,2.248223,2.888340,3.979530,1.960876,3.374592,2.667406,2.839353,2.076275,2.601323,2.858422,3.189494,2.867956,3.104014,3.138535,2.563562,4.180833,3.715948,4.039402,3.512017,3.831605,3.656025,1.310016,3.726902,2.413433,3.287145,3.304865,2.881539,3.486888,3.480123,3.288434
30.761657,-8.327136,-0.432584,2.018083,2.228496,2.875847,3.972955,1.978301,3.499854,2.692064,2.820942,2.213702,2.598364,2.851518,3.201001,2.870258,3.105658,3.185878,2.713369,4.184699,3.755252,4.051967,3.562919,3.841915,3.729479,1.191137,3.742043,2.424064,3.290045,3.352223,2.907634,3.505574,3.449839,3.317429
32.371994,-8.867038,-0.410885,2.010850,2.172276,2.856449,3.981503,1.961205,3.501498,2.682858,2.764064,2.462910,2.570418,2.841326,3.186864,2.865655,3.116178,3.184234,2.749773,4.174390,3.765561,4.056477,3.587726,3.847069,3.769105,1.125416,3.743654,2.436951,3.283602,3.366398,2.902480,3.504285,3.474324,3.337403
31.521094,-3.190968,-0.430940,2.014466,2.263017,2.888997,3.985448,1.960219,3.484730,2.688447,2.807791,2.221921,2.546089,2.849216,3.187850,2.842970,3.133274,3.180289,2.704348,4.150550,3.755252,4.018462,3.548744,3.829995,3.782636,1.202735,3.730768,2.507827,3.268460,3.350934,2.888627,3.478190,3.460148,3.330960
31.760757,-8.350070,-0.542394,1.981918,2.166359,2.888669,3.936461,1.971397,3.473223,2.663789,2.839353,2.059508,2.528007,2.873874,3.173056,2.834421,3.139521,3.169439,2.685340,4.137019,3.742688,3.988178,3.501708,3.802288,3.804221,1.320326,3.677288,2.515881,3.252996,3.338048,2.858343,3.469491,3.445329,3.313885
31.405847,-4.649736,-0.564093,1.946082,2.102248,2.938971,3.928571,1.947397,3.434757,2.595076,2.817983,2.259072,2.532610,2.812065,3.146425,2.806476,3.131630,3.142151,2.687595,4.148617,3.725291,3.970781,3.514917,3.805510,3.807765,1.106086,3.714015,2.421809,3.270071,3.336115,2.842557,3.448550,3.442429,3.314530
31.663540,-5.327875,-0.573627,1.956931,2.076604,2.932724,3.928900,1.961534,3.460073,2.591460,2.828504,2.047343,2.493815,2.816010,3.141165,2.795955,3.153001,3.142480,2.648936,4.132830,3.714981,3.952418,3.502996,3.786502,3.801966,1.175996,3.685664,2.371229,3.248163,3.328383,2.811951,3.439852,3.425999,3.296166
30.994937,-6.552814,-0.567052,1.883286,2.030247,2.953108,3.894050,1.939506,3.403524,2.536555,2.766037,2.035508,2.472773,2.789051,3.090863,2.767023,3.157275,3.112562,2.618008,4.109957,3.684376,3.917946,3.504929,3.779415,3.774582,1.121228,3.674066,2.296487,3.227545,3.302932,2.824194,3.445007,3.376063,3.225934
29.371643,-8.914284,-0.528257,1.831998,2.114741,2.965272,3.828296,1.952986,3.373606,2.531623,2.691406,2.066741,2.478691,2.810092,3.056342,2.750585,3.154644,3.086260,2.600611,4.081606,3.684054,3.902482,3.460471,3.755574,3.745587,0.993328,3.672133,2.217234,3.206604,3.313241,2.849322,3.464014,3.414401,3.170199
29.181723,-9.189828,-0.467105,1.886574,2.125591,2.902477,3.842433,1.953972,3.360455,2.527021,2.637816,2.409978,2.511897,2.799243,3.022478,2.707845,3.155631,3.100726,2.617041,4.072908,3.669878,3.926967,3.499775,3.791657,3.713693,0.948547,3.683087,2.236242,3.214658,3.333537,2.956604,3.490110,3.440496,3.170199
27.652777,-12.010064,-0.473680,1.949041,2.095015,2.900176,3.856241,1.972712,3.369332,2.576994,2.665104,2.648666,2.459294,2.762749,3.005711,2.693379,3.167466,3.143137,2.661500,4.069686,3.680188,3.936954,3.546811,3.822263,3.701450,0.860596,3.688564,2.266203,3.219491,3.348357,2.981732,3.510728,3.487210,3.161501
27.329836,-11.517463,-0.419104,1.991781,2.052604,2.818640,3.833227,1.928328,3.326592,2.520445,2.587843,2.665104,2.475732,2.672337,2.961985,2.620392,3.138535,3.173384,2.635082,4.064853,3.676966,3.935021,3.559375,3.835149,3.664401,0.789397,3.682765,2.215623,3.189529,3.376707,2.964658,3.513306,3.493654,3.160857
24.343726,-10.788862,-0.481242,2.025973,2.005589,2.773599,3.804296,1.886903,3.344016,2.469157,2.557925,2.606912,2.448773,2.562199,2.868614,2.621378,3.127356,3.118151,2.647647,4.024583,3.655381,3.903126,3.510728,3.811953,3.596102,0.514913,3.656347,2.154089,3.094490,3.363177,2.918266,3.491721,3.471102,3.159568
23.553357,-6.218873,-0.475982,1.940493,1.857971,2.669378,3.737555,1.690298,3.267084,2.260058,2.422471,2.688776,2.440554,2.380060,2.809435,2.615460,3.087575,3.032013,2.514270,3.975291,3.602868,3.886051,3.365110,3.741399,3.467880,0.330956,3.623164,1.975288,3.015882,3.334504,2.903124,3.442429,3.452416,3.077416
20.691529,-6.509837,-0.483215,1.810957,1.587721,2.514198,3.575800,1.447664,3.072452,1.687667,2.359018,2.553322,2.229811,2.267949,2.782476,2.522747,2.983355,2.890313,2.367041,3.903448,3.518783,3.781670,3.233988,3.609311,3.435019,0.458856,3.548422,1.870584,2.949516,3.251385,2.752028,3.378963,3.390883,2.987854
17.252558,-4.830328,-0.347432,1.774134,1.503884,2.454691,3.522210,1.404924,3.057657,1.651831,2.203838,2.577980,2.217976,2.249866,2.770969,2.462581,2.983026,2.939957,2.286177,3.836438,3.521038,3.759440,3.205960,3.569040,3.406991,0.440815,3.488821,1.844166,2.910212,3.193395,2.715946,3.353189,3.335792,2.936629
11.825419,-1.700641,-0.247485,1.776436,1.525583,2.374799,3.508073,1.372704,3.020506,1.632763,2.100276,2.567788,2.234085,2.256113,2.750914,2.449431,2.979081,2.948834,2.284244,3.794556,3.556476,3.755574,3.246553,3.558409,3.372197,0.104474,3.498164,1.803574,2.915044,3.184375,2.717557,3.327094,3.315496,2.961436
6.991991,-1.083265,0.022109,1.689640,1.539063,2.349155,3.436072,1.230675,2.958697,1.546296,1.913205,2.583240,2.193975,2.232113,2.720338,2.415238,2.955738,2.911025,2.309051,3.740755,3.535213,3.722391,3.239143,3.516205,3.278125,0.016201,3.513628,1.813239,2.896359,3.152158,2.670843,3.276514,3.252352,2.894426
2.730019,-3.000822,0.127316,1.561090,1.532487,2.206140,3.455141,1.086015,2.826860,1.414458,1.745531,2.556281,2.166030,2.185756,2.648666,2.391238,2.959026,2.924505,2.242363,3.552932,3.512661,3.630896,3.179542,3.457249,3.056797,0.014268,3.475935,1.796486,2.858021,3.127029,2.679541,3.187918,3.155380,2.769103
-1.698782,-0.238300,0.330169,1.591009,1.765586,2.037480,3.496895,0.825628,2.618419,1.178071,1.540707,2.541486,2.158139,2.133481,2.670036,2.401759,3.001108,2.963628,2.179218,3.459182,3.501063,3.557120,2.986565,3.374452,2.843846,0.013624,3.460793,1.813561,2.842557,3.128962,2.669232,3.119942,2.968202,2.686951
-2.339851,-0.263768,0.312415,1.605475,1.836601,1.962520,3.675746,0.719435,2.517815,1.152427,1.524597,2.531623,2.096330,2.113755,2.670036,2.464554,3.076397,3.115849,2.064527,3.386050,3.517494,3.510728,2.776835,3.287468,2.672776,0.012980,3.449517,1.767491,2.805186,3.158924,2.647647,3.118009,2.918266,2.624129
-2.132964,-0.485043,0.223975,1.619283,1.875396,1.960219,3.761227,0.938726,2.618419,1.155057,1.606132,2.516500,2.076275,2.119015,2.650638,2.466855,3.138206,3.215796,2.140558,3.416978,3.511373,3.502996,2.730766,3.269426,2.711113,0.013624,3.454994,1.760403,2.766526,3.107377,2.691784,3.095779,2.984954,2.648291
-1.387756,-2.228877,0.239427,1.622242,1.876053,1.952328,3.746103,0.973247,2.629597,1.209634,1.606461,2.499404,2.069371,2.114084,2.627953,2.470801,3.128343,3.213823,2.112530,3.385728,3.499775,3.460148,2.670843,3.210470,2.680508,0.012980,3.439852,1.761048,2.772647,2.966913,2.632827,3.058086,3.005573,2.664722
-2.678864,-0.381489,0.284798,1.672544,1.873095,1.943123,3.712897,0.959767,2.595076,1.219497,1.605803,2.468828,2.076275,2.111454,2.650638,2.464554,3.113548,3.183247,2.078058,3.362532,3.469813,3.457571,2.656023,3.216913,2.703059,0.013302,3.440818,1.736563,2.760083,3.057119,2.600289,3.049709,3.139916,2.652157
-2.828640,-5.451893,0.261455,1.674517,1.938520,2.062467,3.758596,1.261908,2.620063,1.269799,1.740600,2.495787,2.198907,2.131180,2.650310,2.583240,3.183576,3.244070,2.164077,3.396682,3.501386,3.541656,2.973034,3.316140,2.770070,0.012980,3.471424,1.665687,2.732054,3.156346,2.636049,3.176965,3.271359,2.716590
-3.236206,-10.403939,0.145727,1.685037,1.893478,2.136440,3.827967,1.421034,2.679570,1.381910,1.846793,2.526034,2.297867,2.192003,2.675296,2.692721,3.274317,3.397277,2.233342,3.423422,3.544556,3.600613,3.196617,3.423099,2.704670,0.012335,3.479478,1.686305,2.662144,3.214980,2.724967,3.251707,3.286179,2.667299
-4.364882,-12.088630,0.045452,1.686024,1.998356,2.147290,3.964736,1.546624,2.769325,1.387499,1.902684,2.567131,2.306744,2.193318,2.623350,2.708502,3.365715,3.528786,2.287466,3.505574,3.639273,3.735600,3.267171,3.646038,2.657634,0.011691,3.500419,1.544875,2.593201,3.216269,2.849000,3.276836,3.312597,2.682119
-4.175703,-13.800327,0.018821,1.659393,2.023014,2.149591,3.938434,1.515062,2.629268,1.094235,1.859615,2.509596,2.292607,2.101919,2.605597,2.692064,3.377880,3.544567,2.312595,3.518783,3.712082,3.762340,3.318073,3.686309,2.573549,0.011369,3.509440,1.228831,2.614142,3.171810,2.862531,3.275225,3.316463,2.727866
-6.261354,-16.780017,-0.025563,1.613036,1.965479,2.049974,3.878927,1.429582,2.435293,1.024864,1.768545,2.446143,2.141043,2.051946,2.505650,2.635186,3.296016,3.501498,2.318716,3.474968,3.703383,3.732378,3.317107,3.657958,2.424064,0.011369,3.432764,1.048096,2.595456,3.096423,2.850611,3.225612,3.276836,2.594812
-7.961568,-20.714396,-0.213621,1.526898,1.819176,1.902684,3.846707,1.325690,2.144988,0.941356,1.571940,2.410964,2.021699,1.874410,2.320881,2.520774,3.254920,3.476511,2.377028,3.444362,3.740110,3.741077,3.377030,3.667301,2.365430,0.338366,3.429865,1.152478,2.541010,3.121552,2.866719,3.253962,3.313885,2.699193
-11.194044,-22.464074,-0.548641,1.501912,1.719887,1.874410,3.946653,1.399664,2.073316,0.835820,1.644598,2.415238,2.023343,1.453911,2.272880,2.462253,3.229933,3.528128,2.450482,3.515239,3.783603,3.799389,3.593525,3.807443,2.366719,0.502348,3.543267,1.138302,2.418265,3.208215,3.108344,3.355445,3.464659,2.796809
-16.278611,-23.234829,-0.586121,1.508158,1.688654,1.862903,4.014051,1.457199,1.951013,0.822669,1.659393,2.424773,1.993754,1.218510,2.221263,2.437924,3.246043,3.634979,2.503317,3.562275,3.809376,3.839015,3.679221,3.890240,2.385082,0.617683,3.573229,1.205313,2.148935,3.291334,3.178898,3.422455,3.533280,2.866397
-18.333823,-23.386283,-0.619656,1.492706,1.672544,1.837587,4.073559,1.509145,1.755723,0.779271,1.692599,2.419841,1.927671,1.084372,2.168331,2.437595,3.278591,3.740514,2.648291,3.583216,3.853191,3.877997,3.714015,3.943719,2.377672,0.821614,3.632185,1.195648,1.952736,3.469169,3.299388,3.484633,3.605123,2.925354
-20.614477,-23.553612,-0.620642,1.471007,1.695887,1.778080,4.188957,1.513419,1.459500,0.597460,1.657092,2.415896,1.852053,1.000206,2.093700,2.404718,3.289112,3.808241,2.747196,3.589659,3.862533,3.886051,3.718203,3.953062,2.293265,0.959501,3.632507,1.063882,1.724643,3.495587,3.303254,3.516850,3.607700,2.991075
-21.404799,-23.545221,-0.577573,1.366458,1.533474,1.695887,4.238273,1.506843,1.168208,0.475157,1.548268,2.360662,1.679777,0.928862,1.938191,2.378087,3.309167,3.829282,2.806152,3.559375,3.854157,3.882830,3.703383,3.947585,2.185984,0.976253,3.618010,0.924062,1.490107,3.467558,3.276514,3.517172,3.599646,2.965302
-22.950164,-22.678564,-0.612094,1.218839,1.378951,1.626845,4.238273,1.448651,1.058070,0.158221,1.479555,2.331073,1.512761,0.866067,1.737969,2.308388,3.294701,3.824679,2.782312,3.532313,3.841270,3.868010,3.685987,3.938242,2.002994,0.706923,3.595136,0.795196,1.331601,3.386372,3.237210,3.503963,3.594169,2.929864
-23.898033,-22.279093,-0.641355,1.168537,1.263881,1.519008,4.237287,1.436815,1.046234,0.127974,1.400321,2.243620,1.418404,0.858834,1.590351,2.321867,3.316071,3.843748,2.715302,3.489788,3.827095,3.854479,3.674066,3.924711,1.923741,0.454668,3.560342,0.698225,1.213045,3.304220,3.193395,3.479478,3.557765,2.897003
-24.339364,-22.215079,-0.638724,1.036042,1.029138,1.460815,4.232355,1.374677,0.986069,0.098713,1.322073,2.118687,1.300046,0.679325,1.552542,2.313648,3.319030,3.831912,2.708214,3.427287,3.812276,3.849969,3.670523,3.912147,1.828058,0.300029,3.558087,0.648611,1.136369,3.241398,3.161179,3.460471,3.535213,2.880250
-25.390528,-21.600139,-0.418775,0.626721,0.931821,1.377307,4.229067,1.341142,0.946616,0.016191,1.067604,1.936876,1.213250,0.529076,1.460486,2.339621,3.319030,3.836186,2.739464,3.361888,3.804866,3.837082,3.631541,3.900549,1.632504,0.236562,3.502030,0.468199,0.981730,3.198550,3.134761,3.437275,3.526192,2.889593
-25.545244,-23.051331,-0.322774,0.515267,0.799984,1.260264,4.226109,1.228702,0.871656,0.014876,0.885136,1.820820,1.114290,0.379484,1.389800,2.357375,3.333496,3.835529,2.688240,3.325161,3.808410,3.817752,3.636051,3.884118,1.394424,0.091910,3.447906,0.199191,0.811949,3.144748,3.090624,3.423744,3.522649,2.831281
-26.550829,-20.933629,-0.294828,0.455431,0.699708,1.133030,4.229396,1.164921,0.860149,0.015205,0.787162,1.729750,1.024864,0.171700,1.364485,2.349484,3.357825,3.840132,2.746552,3.298743,3.824840,3.809698,3.636373,3.887984,1.221743,0.091266,3.429865,0.013946,0.695003,3.135405,3.064851,3.421166,3.516205,2.833214
-26.729925,-19.333834,-0.383925,0.426828,0.573789,1.095879,4.223478,0.975877,0.760202,0.015205,0.741134,1.629804,0.925904,0.000081,1.362512,2.369539,3.368674,3.838488,2.751706,3.246230,3.838371,3.813242,3.620587,3.891206,1.064204,0.065170,3.420844,0.014590,0.543585,3.127673,3.043910,3.396360,3.512017,2.828382
-27.250872,-18.422526,-0.478612,0.341018,0.495870,1.056097,4.218547,0.843711,0.658941,0.012574,0.555706,1.610406,0.849957,0.000739,1.366458,2.357703,3.379195,3.826323,2.666977,3.159890,3.831605,3.805510,3.628963,3.882830,0.917297,0.038753,3.418267,0.015235,0.206923,3.086114,2.989142,3.368331,3.489143,2.764271
-28.153283,-18.368356,-0.418118,0.272305,0.452143,1.053796,4.218218,0.828587,0.591542,0.013232,0.428800,1.571282,0.703982,0.001067,1.324375,2.415238,3.376565,3.827310,2.635405,3.117364,3.822907,3.790368,3.648293,3.874776,0.678573,0.007181,3.351579,0.014590,0.064526,3.048743,2.953382,3.351901,3.465947,2.724644
-28.949050,-19.417866,-0.391816,0.246332,0.415649,1.019932,4.218218,0.795052,0.549788,0.011588,0.405457,1.565364,0.616529,0.000410,1.357581,2.478362,3.389716,3.821063,2.643459,3.068395,3.810665,3.788113,3.653770,3.875098,0.513946,0.002670,3.325161,0.013946,0.019101,3.018137,2.920199,3.341914,3.457893,2.687595
-28.836582,-20.122549,-0.382610,0.225619,0.423211,0.986726,4.220191,0.790778,0.507048,0.012903,0.395594,1.596269,0.578063,0.000410,1.407883,2.500719,3.424565,3.826652,2.625417,3.028124,3.821940,3.785536,3.683087,3.915369,0.282632,0.001059,3.303576,0.014268,-0.000551,3.043266,2.902158,3.336759,3.483344,2.660533
-28.371570,-20.690811,-0.372418,0.257510,0.431430,0.948589,4.226766,0.786504,0.488966,0.010931,0.384416,1.539720,0.565898,0.000410,1.458514,2.549706,3.454155,3.830597,2.580959,2.954671,3.822907,3.775226,3.733667,3.922456,0.018456,0.000415,3.243653,0.012013,0.000737,3.038111,2.867686,3.326127,3.467558,2.634438
-27.308477,-21.797698,-0.327048,0.295647,0.464965,0.918671,4.239259,0.787819,0.484691,0.011259,0.338388,1.537419,0.564254,0.000081,1.527884,2.660173,3.489991,3.835858,2.540688,2.887982,3.821618,3.765239,3.768783,3.929222,0.018779,0.000093,3.121874,0.013624,0.000415,3.041333,2.854799,3.318073,3.430831,2.587080
-25.302930,-21.513799,-0.322116,0.316360,0.475157,0.957466,4.250438,0.855218,0.585296,0.012574,0.337073,1.544652,0.521185,-0.000248,1.601529,2.711461,3.508402,3.835529,2.427608,2.858021,3.784891,3.745265,3.752031,3.920523,0.018779,-0.000229,2.993330,0.012335,-0.000551,3.013949,2.754606,3.295844,3.394427,2.514915
-23.710860,-22.109468,-0.158059,0.418608,0.539925,0.991658,4.248465,1.036700,0.823327,0.011588,0.409403,1.607776,0.612255,0.001396,1.718901,2.730859,3.524840,3.828953,2.193394,2.755250,3.710793,3.709827,3.731412,3.916657,0.017490,0.000415,2.878317,0.012335,-0.000229,2.978511,2.675675,3.269104,3.373486,2.426319
-18.459998,-19.621994,-0.096907,0.533021,0.627707,1.160647,4.275753,1.482843,1.038672,0.253565,0.681626,1.878684,1.014343,0.623433,2.190359,2.783791,3.524840,3.826323,1.899257,2.646036,3.647971,3.665046,3.703061,3.897327,0.018134,-0.000551,2.685018,0.011369,0.000093,2.939207,2.644747,3.255895,3.335148,2.346744
-11.955143,-8.319819,-0.137675,0.711215,0.647762,1.260593,4.232355,1.525583,1.797148,0.672092,0.821354,1.955287,0.970945,0.792751,2.370197,2.745653,3.475196,3.733610,1.327091,2.426319,3.522004,3.547133,3.572584,3.781025,0.017812,-0.000551,2.327414,0.008791,-0.000229,2.588046,2.583858,3.190818,3.169555,2.063561
-4.933964,-6.581736,-0.123537,0.371265,0.397567,0.889081,4.111039,1.135331,1.691613,0.386717,0.683270,1.653804,0.820368,0.803929,2.319895,2.545103,3.249988,3.596841,0.837078,2.302286,3.380896,3.329027,3.286501,3.548100,0.016523,0.000093,2.120906,0.008147,0.000093,1.747839,2.358664,2.926642,2.869619,1.334823
-2.952392,-4.175847,0.316360,0.009944,0.008958,0.324579,3.815474,0.012246,1.595283,0.303538,0.011259,1.428924,0.396581,0.761518,1.763942,1.867505,2.688447,3.001108,0.546163,1.473354,2.929219,2.858021,2.419232,2.670198,0.012980,-0.000874,1.902800,0.008147,0.768457,0.940493,1.878960,2.390881,1.955313,0.854475
-2.419360,-3.741260,0.572474,0.010602,0.011588,0.309127,3.562649,0.303209,2.179509,0.587926,0.013561,1.576871,0.753298,0.843053,1.746846,1.875725,2.659844,2.876175,0.211433,0.914398,2.119296,2.078703,1.153444,1.463689,0.006536,-0.000551,1.598676,0.007181,0.883792,0.003315,1.254604,1.300996,1.021034,0.003959
-3.861772,1.308938,0.640858,0.278880,0.013890,0.320634,3.571526,0.352196,2.402416,0.940041,0.014218,1.541364,0.764476,0.915383,2.132495,2.070029,2.675625,2.914970,0.000737,0.840622,1.971422,1.996551,0.807761,1.344488,0.005892,-0.000229,1.502671,0.006536,0.815815,0.003959,1.153122,1.075480,0.841588,0.003637
-3.754565,-3.181884,0.554720,0.099699,0.014547,0.356142,3.594540,0.219701,2.214030,0.716805,0.061562,1.567008,0.937082,0.901903,2.111783,2.066083,2.675296,2.924505,0.000737,0.886047,1.969811,1.950159,0.813238,1.300996,0.005570,-0.000551,1.408599,0.005892,0.721743,0.000415,1.079668,1.017813,0.739140,0.002670
-6.440342,5.695811,0.294332,0.009287,0.009944,0.284798,3.614266,0.010931,1.550899,0.311429,0.007972,0.896972,0.473184,0.814121,2.012822,1.961863,2.712119,2.929765,0.058405,1.018779,2.539721,2.329992,1.596421,1.801963,0.008791,-0.000229,1.646679,0.005892,0.743972,0.002670,1.265880,1.531666,1.115106,0.004603
-7.783198,-0.491926,0.000410,0.006985,0.007314,0.239099,3.584348,0.009615,0.882834,0.008300,0.006985,0.881519,0.528089,0.680968,1.571940,1.735668,2.660830,2.897217,0.405377,1.069681,2.590301,2.487853,1.862530,2.013625,0.009114,-0.000551,1.803896,0.008147,0.733019,0.002992,1.239140,1.668586,1.277478,0.004925
-11.893859,6.824551,0.000410,0.006985,0.005670,0.132576,3.828625,0.006657,0.372251,0.006985,0.006985,0.182221,0.089836,0.634940,1.598570,1.669585,2.779517,3.152014,0.591266,1.107052,2.785534,2.860276,2.387337,2.603188,0.012980,0.000093,2.134760,0.008147,0.916975,0.004281,1.516846,2.250417,1.867684,0.278444
-14.256181,-0.760090,0.000410,0.005013,0.005341,0.005670,3.879584,0.005341,0.005013,0.005670,0.005670,0.017835,0.008300,0.507706,1.506514,1.420705,2.768339,3.343359,0.672774,1.152800,2.911823,3.022325,2.473678,2.906346,0.013624,-0.000229,2.185984,0.008469,0.909565,0.004281,1.528122,2.265236,1.975932,0.348998
-16.426647,8.563409,0.000081,0.006657,0.005013,0.005999,3.994325,0.006985,0.004684,0.005013,0.005013,0.005670,0.002711,0.001725,1.505857,1.433527,2.941601,3.521224,0.742361,1.167619,3.001062,3.133795,2.778768,3.154735,0.013946,0.000415,2.310984,0.009758,1.061627,0.414397,1.884759,2.462724,2.579670,1.082890
-16.532146,0.381361,0.000081,0.005013,0.005013,0.005670,3.971311,0.005670,0.005341,0.006657,0.005013,0.005013,-0.000576,0.386389,1.517364,1.507501,2.899847,3.515306,0.794874,1.237207,3.088691,3.245586,2.812918,3.181797,0.014590,-0.000229,2.203703,0.009114,0.828057,0.727864,1.886370,2.461435,2.632183,1.114140
-17.696814,7.708913,0.000081,0.005013,0.005013,0.005670,4.000572,0.006328,0.005341,0.005670,0.005670,0.005999,0.000410,0.000739,1.478569,1.482514,2.926149,3.575800,0.770390,1.199836,3.150869,3.262017,2.850289,3.255251,0.015235,-0.000551,2.207891,0.008469,0.802606,0.832245,1.910210,2.497196,2.724967,1.156344
-17.472503,4.152278,0.000081,0.005670,0.005013,0.005013,3.970325,0.005999,0.004684,0.005670,0.006328,0.005999,0.000081,0.000739,1.549583,1.591995,2.905436,3.538320,0.808727,1.171163,3.145393,3.265560,2.815817,3.206604,0.014913,0.000415,2.156022,0.009436,0.797452,0.754281,1.866074,2.418587,2.658923,1.109307
-18.189460,5.911951,0.000081,0.005670,0.005670,0.005013,3.987092,0.005341,0.004684,0.005999,0.006657,0.005341,-0.000248,0.000739,1.552542,1.766244,2.929765,3.578101,0.795196,1.166975,3.161501,3.265883,2.835147,3.283602,0.014913,-0.000229,2.138303,0.009758,0.755892,0.779732,1.888625,2.459824,2.698549,1.133470
-18.090048,8.469813,0.000410,0.005999,0.005670,0.005670,3.998928,0.005999,0.005013,0.005670,0.005013,0.005341,0.000410,0.000739,1.620598,1.880656,2.948176,3.607033,0.832245,1.154733,3.182764,3.317107,2.827737,3.294233,0.015557,0.000737,2.156989,0.008791,0.705312,0.929861,1.913754,2.441461,2.624129,1.096099
-17.598798,9.780052,0.000739,0.005013,0.004355,0.005670,3.997284,0.007314,0.005999,0.005999,0.005013,0.005013,0.000081,0.441951,1.686024,1.950356,2.965930,3.622814,0.943392,1.195003,3.196617,3.396360,2.817428,3.296166,0.015557,0.000093,2.199193,0.009436,0.752348,0.939204,1.936306,2.420842,2.654090,1.275545
-17.279603,11.662593,0.000081,0.005341,0.005013,0.029999,4.012079,0.006657,0.006328,0.005999,0.005341,0.004684,0.000081,0.549460,1.722846,1.996713,2.964615,3.623472,1.178895,1.177929,3.227545,3.416334,2.842557,3.278769,0.014913,-0.000229,2.281989,0.009436,0.800029,0.890879,1.936950,2.395069,2.665044,1.299707
-16.278424,14.549071,0.000081,0.006328,0.006328,0.059589,4.012408,0.005670,0.004026,0.005013,0.005013,0.006328,0.001396,0.646447,1.703777,1.997370,2.962642,3.645828,1.326125,1.164398,3.286501,3.433409,2.837080,3.267816,0.014268,-0.000551,2.317105,0.009436,0.801962,0.910532,1.949837,2.404090,2.649580,1.301962
-15.795087,15.463855,0.000410,0.005670,0.005670,0.089836,4.012736,0.006985,0.005999,0.005341,0.005341,0.004355,-0.000576,0.662886,1.728764,1.898410,2.954094,3.649773,1.457890,1.154411,3.274259,3.392494,2.785212,3.210148,0.015557,-0.000551,2.353188,0.009758,0.800995,0.817104,1.926641,2.366074,2.644103,1.324514
-15.674719,17.152559,0.000739,0.005013,0.004684,0.175646,4.023915,0.006985,0.006328,0.005341,0.005999,0.005670,0.000081,0.748038,1.796491,1.955287,2.964286,3.660294,1.535854,1.195003,3.278447,3.397970,2.801642,3.192751,0.015235,-0.000551,2.406345,0.006536,0.826124,0.903766,1.952414,2.344489,2.648613,1.357375
-14.882115,18.353251,0.000739,0.004684,0.006328,0.285784,4.032791,0.007972,0.005670,0.005341,0.005341,0.005670,0.000739,0.763819,1.870136,2.020055,2.976779,3.677390,1.717878,1.209179,3.336437,3.406025,2.863820,3.227867,0.014913,0.000093,2.485920,0.010724,0.849964,1.025867,2.003638,2.379605,2.674387,1.673419
-14.365923,18.994334,0.000081,0.006328,0.005670,0.169728,4.052518,0.006985,0.005999,0.005670,0.005670,0.234496,0.000410,0.800641,1.888218,2.066083,2.971848,3.687582,1.748483,1.206601,3.361888,3.396682,2.866075,3.207893,0.014268,-0.000551,2.492363,0.010080,0.861562,1.069037,2.037466,2.411822,2.637338,1.815816
-13.749341,20.062716,0.000081,0.006657,0.007314,0.261455,4.063696,0.007643,0.006328,0.005341,0.005670,0.482390,0.000410,0.843711,1.899725,2.119344,2.998807,3.692514,1.787787,1.267491,3.401836,3.416978,2.900869,3.207248,0.014590,-0.000551,2.576770,0.010080,0.860596,1.158921,2.050997,2.467556,2.603832,1.842233
-12.791689,20.153948,0.000739,0.005999,0.006985,0.271318,4.053833,0.008958,0.007314,0.007643,0.007314,0.995603,0.278880,0.946616,1.943780,2.109481,2.986642,3.686924,1.743329,1.276833,3.396037,3.364465,2.837080,3.182119,0.014913,-0.000551,2.567428,0.010402,0.885080,1.083856,2.062272,2.443716,2.616397,1.852865
-11.900973,19.708050,0.000410,0.007643,0.007643,0.479102,4.044956,0.009287,0.008958,0.007972,0.007643,1.231990,0.515596,0.941685,2.062467,2.158139,3.060616,3.707308,1.810983,1.253960,3.411824,3.405380,2.834825,3.186952,0.014590,-0.000874,2.621229,0.010724,1.019101,1.223032,2.072582,2.547453,2.590301,1.932118
-11.850978,11.656485,0.000410,0.005999,0.008958,0.493568,4.068627,0.007972,0.007972,0.008958,0.008958,1.482514,0.991658,0.981137,2.188057,2.156495,3.100397,3.712897,1.825159,1.172452,3.388950,3.350290,2.793266,3.104800,0.014913,0.000093,2.700160,0.010080,1.371872,1.230764,2.042298,2.543265,2.586435,1.962079
-8.342941,9.781050,-0.184360,0.009615,0.310113,0.665516,4.114655,0.571159,0.039863,0.008629,0.195701,1.617639,1.155057,1.028480,2.365265,2.374799,3.233878,3.763199,1.879605,1.366073,3.411824,3.388950,2.853833,3.197906,0.014590,0.000737,2.730443,0.010724,1.295841,1.252993,2.138948,2.734309,2.607054,2.065172
-3.723114,3.120779,-0.368144,0.192084,0.415978,0.823327,4.081778,0.769408,0.731928,0.013890,0.637899,1.985863,1.297744,1.057741,2.368882,2.340936,3.183247,3.744459,1.816460,1.180506,3.373486,3.218524,2.665366,2.997519,0.013946,-0.000874,2.740431,0.012013,1.492362,1.119939,2.020713,2.724967,2.511693,1.970455
-1.352463,-1.210531,-0.169894,0.084576,0.312744,0.753298,3.945010,0.473842,0.939383,0.012246,0.599762,1.897752,1.391444,1.235278,2.488226,2.214359,3.010314,3.490977,1.594488,1.025222,3.087403,2.885727,2.029734,2.376061,0.011369,0.000415,2.607054,0.011047,1.607053,0.797129,1.851898,2.380250,1.977221,1.492684
-1.405013,-2.069324,0.538281,0.011588,0.011917,0.273291,3.674102,0.161508,2.015124,0.526774,0.012246,1.700490,1.324704,1.087330,2.250853,1.839560,2.642090,2.976451,0.773934,0.845132,2.296164,2.318394,1.026833,1.304217,0.005570,-0.000229,2.356409,0.010402,1.813883,0.014913,1.522001,1.607375,1.399578,0.570325
-1.728508,-3.882787,0.536966,0.012903,0.013890,0.259482,3.694157,0.118110,2.422143,0.635598,0.072740,1.811286,1.344759,1.070234,2.191674,1.823779,2.597378,2.906751,0.699513,0.871227,2.127350,2.306796,0.960467,1.289398,0.005570,-0.000551,2.307440,0.009114,1.795197,0.320647,1.502027,1.570970,1.355119,0.559372
-2.640869,-2.773650,0.518884,0.012903,0.012903,0.255208,3.685938,0.109234,2.391238,0.629022,0.083589,1.815560,1.315169,1.021576,2.170304,1.793861,2.601323,2.894915,0.693070,0.867039,2.122517,2.298742,0.964333,1.306150,0.005570,-0.000874,2.282633,0.009436,1.809695,0.269101,1.407632,1.544875,1.359952,0.513624
1.180415,-1.891230,0.517569,0.011588,0.011588,0.256524,3.651746,0.013890,2.166687,0.504747,0.047096,1.734682,1.266511,0.969959,1.924383,1.670571,2.576665,2.854148,0.676640,0.766202,2.128316,2.210791,0.934694,1.248805,0.005892,-0.000874,2.275868,0.009114,1.815494,0.008147,1.156344,1.515880,1.375738,0.493650
6.231760,5.367886,0.513295,0.011917,0.010931,0.238441,3.664568,0.012903,2.140057,0.518884,0.011917,1.684051,1.169523,0.983767,2.044713,1.721202,2.582583,2.869929,0.664075,0.815171,2.104798,2.186306,0.882825,1.115429,0.005248,-0.000874,2.204992,0.008469,1.802607,0.144745,1.106086,1.426640,1.271357,0.382181
10.423671,11.407767,0.075370,0.012574,0.012903,0.218715,3.725062,0.216413,2.269264,0.605680,0.513952,1.615666,1.293142,1.050179,2.227510,1.956274,2.618748,2.971190,0.647645,0.552284,2.067427,2.049064,0.287464,0.817748,0.002992,-0.000551,2.051963,0.008791,1.764592,0.008147,1.137014,1.137980,0.957890,0.306472
13.450887,16.807069,-0.367815,0.016520,0.327867,0.738832,3.822049,1.020261,2.508609,0.953520,0.993302,1.133030,1.391444,1.269799,2.519788,2.303785,2.832120,3.119795,0.593199,0.014913,2.013947,1.906989,0.010080,0.470776,0.002026,-0.000551,1.910210,0.007825,1.799708,0.007825,0.824513,0.761691,0.665364,0.380570
15.261634,20.260203,-0.549956,0.015533,0.334771,0.863437,3.837501,1.237250,2.576665,1.027823,1.259936,0.033945,1.457856,1.454568,2.661159,2.361977,2.906422,3.184234,0.478186,0.001704,1.901512,1.898290,0.010080,0.291974,0.001382,0.233018,1.880893,0.007503,1.821615,0.007503,0.895068,0.535853,0.553573,0.403121
16.799851,21.070330,-0.494722,0.016520,0.461020,1.192866,3.869721,1.295772,2.605597,1.095550,1.245470,0.215756,1.347389,1.567666,2.726913,2.436608,2.930423,3.196070,0.488817,0.005892,1.851898,1.949514,0.010402,0.287786,0.001382,0.450480,1.919231,0.008147,1.825803,0.094809,0.962400,0.476575,0.506536,0.566781
17.550579,23.018177,-0.524311,0.017506,0.545186,1.296101,3.874981,1.446678,2.709160,1.098180,1.331937,0.343648,1.374348,1.590680,2.794640,2.482308,2.986642,3.225330,0.525544,0.258791,1.749772,2.111241,0.012013,0.432116,0.002348,0.599320,2.014914,0.007825,2.047453,0.128315,0.996227,0.442103,0.410531,0.748482
18.444252,22.893517,-0.684424,0.018164,0.604036,1.309580,3.899310,1.485144,2.729544,1.054125,1.517035,0.973904,1.503227,1.589036,2.806147,2.460938,2.997821,3.231248,0.540686,0.392812,1.659566,2.127994,0.011691,0.657632,0.002348,0.760725,2.052285,0.007825,2.089979,0.227864,1.110274,0.450802,0.266201,0.701446
18.858816,25.407001,-0.547983,0.019150,0.603707,1.425308,3.899639,1.499610,2.788394,1.252703,1.455555,0.825628,1.452925,1.796491,2.838367,2.460938,3.000451,3.221714,0.570325,0.509758,1.656022,2.162788,0.012013,0.777799,0.003959,0.954024,2.120262,0.007825,2.102543,0.380892,1.169230,0.590299,0.394423,0.755248
18.933652,27.218719,-0.598614,0.021451,0.644146,1.493035,3.896351,1.526569,2.810750,1.285580,1.520323,1.360869,1.471007,1.784984,2.833106,2.432663,2.996834,3.208892,0.567426,0.817426,1.608986,2.246229,0.012657,0.852220,0.003315,1.024256,2.204347,0.008791,2.164077,0.633792,1.241395,0.594165,0.458212,1.249127
18.006938,26.159612,-0.645629,0.020794,0.666174,1.507829,3.879255,1.490076,2.806476,1.254347,1.589694,1.495665,1.502898,1.844820,2.825873,2.397485,2.995848,3.194754,0.601575,1.272001,1.602865,2.280378,0.230763,0.938882,0.003637,1.145068,2.298742,0.085145,2.212079,0.763624,1.371550,0.638624,0.377348,1.375416
18.023278,28.350703,-0.602559,0.020794,0.701681,1.612050,3.863146,1.474952,2.790037,1.244483,1.620598,1.519665,1.546624,1.823121,2.814038,2.380389,2.990259,3.177001,0.631859,1.479797,1.599321,2.381216,0.372516,1.028122,0.005248,1.545197,2.377350,0.098353,2.241396,0.955312,1.422452,0.742039,0.628637,1.589011
18.064691,29.249837,-0.680479,0.019479,0.743764,1.613365,3.814159,1.408212,2.744667,1.208647,1.642955,1.531501,1.557803,1.834957,2.801216,2.343566,2.969218,3.103027,0.683405,1.569682,1.603187,2.358342,0.413109,1.096421,0.632503,1.821293,2.484309,0.105119,2.320971,0.995261,1.475609,0.774578,0.639913,1.779411
18.286468,30.085804,-0.664697,0.027369,0.778614,1.713969,3.810542,1.411171,2.744667,1.224757,1.694900,1.574570,1.558460,1.835286,2.799243,2.319237,2.958039,3.072123,0.736240,1.686628,1.692427,2.492363,0.474320,1.260725,0.772001,2.129605,2.685985,0.289397,2.399902,1.180828,1.509759,0.899578,0.806150,2.215301
18.858938,31.509478,-0.668643,0.171043,0.852916,1.786299,3.785884,1.374019,2.721982,1.205360,1.743230,1.652160,1.529200,1.883944,2.816668,2.317922,2.949820,3.067520,0.814204,1.879282,1.712079,2.633149,0.683727,1.368006,0.968521,2.169553,2.814851,0.649900,2.454992,1.355119,1.576447,0.948225,0.824836,2.497196
18.143121,32.003630,-0.654177,0.292360,1.020919,1.832327,3.778323,1.332923,2.722639,1.344759,1.786299,1.618297,1.530186,1.939178,2.839024,2.280442,2.903135,3.030698,0.977542,2.082247,1.836112,2.779735,0.885080,1.557439,1.432117,2.537466,2.987209,0.974642,2.498484,1.498161,1.656022,1.144746,0.992039,2.522969
18.148555,32.586235,-0.722561,0.325237,1.099495,1.866519,3.752021,1.272758,2.705872,1.341142,1.865204,1.706079,1.560433,2.076604,2.838038,2.247565,2.889984,3.013273,1.121550,2.243329,1.914721,2.860920,0.990428,1.659243,1.647323,2.546487,3.144426,1.166975,2.526513,1.705313,1.686950,1.333212,1.182439,2.683085
18.036830,33.454709,-0.709411,0.392306,1.239881,1.867177,3.719144,1.200099,2.683516,1.361526,1.865204,1.725805,1.603502,2.142029,2.862367,2.203181,2.882751,2.976451,1.426640,2.502672,1.997839,2.924387,1.079668,1.783599,1.901190,2.548420,3.242364,1.284565,2.548420,1.838367,1.740751,1.508148,1.352220,2.811951
18.037167,33.295957,-0.591052,0.370936,1.251716,1.891506,3.720130,1.147167,2.690749,1.409198,1.833313,1.590680,1.585420,2.184112,2.843298,2.189044,2.867956,2.968231,1.465944,2.706281,2.041009,2.946616,1.071292,1.852865,2.174386,2.454348,3.266849,1.313882,2.615108,2.004605,1.833857,1.576125,1.425029,2.858343
18.235809,33.160693,-0.339212,0.443266,1.383883,1.890191,3.662267,1.128427,2.731187,1.326676,1.784984,1.276703,1.564049,2.184441,2.836065,2.142029,2.857764,2.899518,1.545519,3.072583,2.136048,3.024903,1.204991,2.028445,2.348033,2.361242,3.262661,1.504282,2.604477,2.014270,1.921486,1.620906,1.620906,2.929542
17.710310,32.300146,-0.155757,0.527103,1.484815,1.899396,3.695144,1.183003,2.800558,1.408869,1.793861,0.934123,1.543994,2.242633,2.819627,2.114741,2.843627,2.919902,1.598676,3.330960,2.168265,3.140560,1.313882,2.223355,2.766526,2.302608,3.273937,1.637336,2.703059,2.232376,2.022324,1.735597,1.761370,2.974323
17.055132,30.758781,-0.128798,0.529076,1.483172,1.928657,3.696130,1.238565,2.870258,1.464760,1.789915,0.651050,1.504542,2.285702,2.839024,2.143345,2.891628,2.907737,1.819360,3.536824,2.303252,3.340947,1.650223,2.657634,3.139594,2.272324,3.352545,1.763303,2.863820,2.485920,2.165365,1.968844,1.987530,3.007828
16.803870,29.679297,-0.084413,0.992973,1.551885,1.888876,3.726377,1.232648,2.906422,1.508158,1.823121,0.200303,1.554186,2.336991,2.836723,2.211071,2.911025,2.912669,1.883148,3.713693,2.534889,3.537468,2.103832,2.814206,3.214658,2.228187,3.421811,1.775545,2.894426,2.724967,2.300675,2.437917,2.180185,3.022970
15.638533,25.645880,0.149673,1.077139,1.651503,2.009863,3.739857,1.236593,2.940286,1.576543,1.672544,0.022438,1.548268,2.552665,2.844613,2.300826,2.914313,2.939299,1.860275,3.851258,3.011050,3.673744,2.354154,3.132506,3.366720,2.233020,3.483989,1.807440,2.932763,2.932119,2.423742,2.627673,2.419876,3.032957
14.247639,17.125273,0.329511,1.330293,1.852711,2.138742,3.780953,1.372047,3.082315,1.743559,1.570625,0.024739,1.624215,2.681872,2.889984,2.396498,2.943245,2.938971,1.931151,3.939531,3.250096,3.777159,2.462724,3.381218,3.404414,2.091589,3.543267,1.788754,2.962725,3.134439,2.531667,2.831603,2.772003,3.060019
9.103975,9.096298,0.505075,1.495007,2.090741,2.261045,3.863146,1.595940,3.263796,2.168002,1.515062,0.026712,1.835615,2.821599,2.991245,2.557925,3.027081,3.029383,2.081280,3.963371,3.444040,3.776193,2.812918,3.470780,3.375097,1.708857,3.562919,1.954347,3.049065,3.270071,2.690495,3.045199,3.089658,3.103189
3.844185,-0.100967,0.654338,1.645913,2.212058,2.271565,3.933503,1.899067,3.474210,2.513870,1.453911,0.028684,2.247894,2.829819,3.080013,2.640775,3.168124,3.147411,2.300997,3.872520,3.577417,3.644105,2.773614,3.410535,3.098034,0.987529,3.627997,2.068071,3.184052,3.344813,2.750418,3.319684,3.259117,3.185019
2.414999,-4.335717,0.723051,1.893478,2.098632,2.103563,4.080463,1.705092,3.382483,2.363292,1.345745,1.894793,2.443184,2.476719,3.012615,2.589816,3.105658,3.271687,2.435662,3.721103,3.595136,3.679543,2.896036,3.386050,2.658278,0.012335,3.674066,1.961435,3.103511,3.360921,2.765559,3.455960,3.281024,3.210470
2.376699,-4.863855,0.409074,1.840546,2.182797,2.240003,4.093285,1.571940,3.163850,1.784326,1.597255,2.718365,2.339950,2.145317,2.887354,2.471129,2.964615,3.165494,2.356409,3.606734,3.537468,3.553899,2.563562,3.203060,2.540366,0.011691,3.646682,2.020391,3.031990,3.353834,2.791333,3.419556,3.214014,3.102222
2.157048,-5.417977,0.302552,1.847450,2.179181,2.307401,4.091313,1.583447,3.160562,1.882300,1.689969,2.719680,2.302470,2.134797,2.876504,2.443184,2.964615,3.194754,2.351255,3.584182,3.540368,3.552288,2.580636,3.202094,2.543910,0.012013,3.642494,2.038110,3.062274,3.372842,2.803897,3.424388,3.222068,3.100612
2.382950,-6.000923,0.251263,1.872108,2.246250,2.317593,4.081121,1.601201,3.151685,2.000658,1.762956,2.730201,2.330744,2.149262,2.888011,2.455020,2.957053,3.196070,2.367363,3.594491,3.554543,3.561308,2.665688,3.216591,2.562917,0.012013,3.646038,2.058406,3.120586,3.407958,2.857054,3.434053,3.235277,3.085470
4.319278,-7.424161,0.270661,1.877369,2.220935,2.319895,4.057778,1.561090,3.133274,1.998028,1.736326,2.728557,2.314963,2.138413,2.886367,2.442198,2.939628,3.182590,2.380572,3.584504,3.541656,3.565174,2.652801,3.215625,2.563884,0.011369,3.661824,2.150546,3.120908,3.427287,2.861243,3.423099,3.223357,3.062274
4.802473,-8.675987,0.266387,1.854026,2.222907,2.315292,4.025887,1.492048,3.174042,1.951342,1.735339,2.708173,2.380060,2.135125,2.888340,2.411951,2.913327,3.150042,2.394747,3.581605,3.541012,3.543267,2.715302,3.220135,2.522647,0.011369,3.645394,2.160855,3.121874,3.410857,2.840946,3.417300,3.202094,3.041333
5.902562,-12.028252,0.296634,1.800107,2.242633,2.302141,3.978873,1.464760,3.153001,1.962520,1.718572,2.655899,2.348169,2.096001,2.871244,2.374799,2.885710,3.121767,2.329347,3.572906,3.530058,3.531991,2.695650,3.213370,2.477221,0.011691,3.612533,2.132827,3.134761,3.321295,2.795843,3.406669,3.189529,2.958537
8.460492,-8.415112,0.305839,1.749805,2.213702,2.297209,3.966380,1.465747,3.168453,1.944109,1.689969,2.616117,2.312991,2.086467,2.865983,2.360991,2.879463,3.122425,2.285855,3.581283,3.513306,3.519427,2.689528,3.192429,2.584180,0.011369,3.615432,2.176641,3.106733,3.232699,2.648613,3.382506,3.156346,2.858021
6.237412,-4.859456,0.393293,1.760983,2.119015,2.236058,3.979859,1.440102,3.107630,1.633749,1.524926,2.615460,2.316936,2.055563,2.837380,2.327128,2.857107,3.092507,2.391847,3.611244,3.541978,3.573873,2.937274,3.282635,2.602222,0.012657,3.644105,1.846099,3.033279,3.106088,2.699515,3.366398,3.187274,2.973678
7.716011,-6.802051,0.294004,1.916492,2.202523,2.272223,3.995969,1.700818,3.367688,2.240990,1.714955,2.728228,2.486253,2.236058,2.975135,2.536226,2.934697,3.232892,2.482698,3.739466,3.628963,3.735922,3.116398,3.460471,2.911178,0.013946,3.648937,2.325159,3.133150,3.183408,2.910856,3.542623,3.346424,3.149903
9.961304,-7.976496,0.219701,1.937205,2.179181,2.270579,4.004846,1.929643,3.383798,2.289648,1.921424,2.744996,2.519788,2.224551,3.006697,2.550035,2.958697,3.256563,2.574193,3.878964,3.656025,3.844814,3.249452,3.619620,3.092557,0.014268,3.634118,2.423742,3.159246,3.287790,2.935018,3.587726,3.369942,3.173421
11.911437,-9.767677,0.179591,1.937534,2.138413,2.363950,4.008791,1.867177,3.364729,2.325813,1.936876,2.728228,2.499404,2.314306,2.973820,2.508938,2.934039,3.236837,2.526835,3.914402,3.678577,3.863822,3.281991,3.666657,3.135405,0.014590,3.698229,2.427930,3.229478,3.264916,3.000096,3.585471,3.407958,3.235277
15.216866,-10.721844,0.168741,1.984548,2.154852,2.394855,4.019640,1.936547,3.399907,2.436937,2.054248,2.789380,2.509924,2.393211,3.009985,2.615789,3.055684,3.325277,2.605121,3.984634,3.702095,3.910536,3.321939,3.704028,3.220457,0.014268,3.691786,2.424386,3.271359,3.313563,3.022970,3.589337,3.392816,3.193395
16.445187,-12.001359,0.173673,2.002959,2.173263,2.476390,4.026873,1.951342,3.432785,2.501048,2.135125,2.794311,2.578638,2.473431,3.018533,2.676940,3.079356,3.352236,2.608343,4.070330,3.729157,3.984312,3.407313,3.845136,3.327094,0.016846,3.726902,2.489786,3.283602,3.361244,3.077416,3.626064,3.471746,3.336437
17.145459,-12.727562,0.173344,1.980274,2.141701,2.554309,4.031476,1.941150,3.422921,2.517486,2.115399,2.795298,2.552007,2.505650,3.018533,2.683187,3.098753,3.344345,2.597067,4.097714,3.721425,3.994943,3.488499,3.862856,3.415690,0.407632,3.742366,2.503639,3.270071,3.370909,3.096746,3.628641,3.475290,3.343202
17.932799,-13.326024,0.078986,1.983890,2.142358,2.533267,4.015366,1.941150,3.393661,2.449759,2.153865,2.782476,2.514527,2.436280,2.996506,2.646693,3.104014,3.328235,2.594167,4.099003,3.719492,3.989467,3.491721,3.874131,3.427932,0.249771,3.727224,2.502028,3.247197,3.333215,3.059374,3.627675,3.457571,3.330638
18.713717,-13.940695,0.071425,2.018083,2.095673,2.537212,3.998270,1.942794,3.399250,2.474088,2.163071,2.765380,2.517815,2.416553,2.987958,2.625323,3.050095,3.314427,2.617363,4.104158,3.709827,3.990111,3.510084,3.884118,3.489143,0.305505,3.731090,2.495263,3.232699,3.365754,3.073872,3.623164,3.498808,3.350290
19.311575,-13.952069,0.057287,2.030576,2.084494,2.546089,3.978873,1.929643,3.395962,2.519459,2.131838,2.775571,2.470472,2.360005,2.980067,2.593432,3.069493,3.285166,2.620585,4.137985,3.708860,3.990755,3.507185,3.887662,3.481733,0.383792,3.708538,2.445971,3.210148,3.365432,3.068073,3.614144,3.517494,3.317751
19.061164,-13.765993,-0.016686,2.047015,2.129865,2.607898,3.959475,1.925369,3.369661,2.470143,2.109152,2.739735,2.500390,2.322525,2.981382,2.570418,3.053383,3.270701,2.671809,4.132830,3.710793,3.990111,3.531991,3.882185,3.521682,0.309694,3.704350,2.430830,3.209181,3.344813,3.052287,3.602546,3.515561,3.322584
18.387297,-13.630691,0.002054,2.046357,2.060823,2.650310,3.965065,1.923068,3.415360,2.475075,2.058193,2.710804,2.487897,2.314963,2.984999,2.591131,3.047794,3.275632,2.668910,4.117044,3.707249,3.989145,3.518460,3.874453,3.554865,0.262335,3.703061,2.417299,3.163756,3.330638,3.060341,3.597713,3.516850,3.289723
18.304301,-13.108128,-0.012741,2.042741,2.097317,2.738749,3.980846,1.923068,3.465333,2.493486,2.044056,2.689105,2.488226,2.264661,2.975464,2.593432,3.052397,3.284838,2.620585,4.108346,3.716914,3.978835,3.520716,3.863500,3.579350,0.214655,3.706283,2.410211,3.177931,3.335470,3.063885,3.594491,3.522649,3.300032
17.372093,-13.622969,-0.027536,2.033535,2.071672,2.754859,3.931859,1.917479,3.469278,2.451732,2.037480,2.652282,2.482965,2.210085,2.965930,2.590802,3.071465,3.268399,2.592879,4.090305,3.706605,3.971103,3.482700,3.841593,3.580316,0.124126,3.700806,2.356409,3.152480,3.307764,3.063885,3.583538,3.505896,3.305509
17.564425,-10.640258,-0.066002,2.004603,2.055563,2.748283,3.885502,1.893478,3.475525,2.416553,2.025644,2.691077,2.464883,2.240003,2.966587,2.576336,3.070479,3.258865,2.516526,4.066142,3.693074,3.955639,3.452094,3.817430,3.555832,0.127670,3.689530,2.293587,3.131217,3.253640,3.036823,3.571618,3.473357,3.275225
16.991600,-8.335025,-0.081126,2.024001,2.020055,2.636501,3.842762,1.859615,3.408456,2.309374,2.055234,2.696338,2.482308,2.273209,2.957053,2.552665,3.054040,3.140507,2.468845,4.028771,3.634762,3.935987,3.341269,3.768139,3.531025,0.017168,3.654736,2.198226,3.110599,3.226256,2.994619,3.542301,3.451772,3.183730
16.834381,-7.866414,-0.078496,1.954630,1.936876,2.561213,3.720130,1.710681,3.293057,1.902026,2.063782,2.636501,2.471787,2.263346,2.937327,2.497760,3.001437,3.063904,2.511049,3.981413,3.597713,3.900549,3.269749,3.728835,3.525548,0.016846,3.592236,2.047453,3.119297,3.185985,2.937274,3.518783,3.435342,3.109632
16.937016,-4.607198,0.009944,1.940164,1.960548,2.533596,3.770432,1.620269,3.215796,1.904657,2.027288,2.631899,2.458965,2.270250,2.921546,2.505650,2.993547,3.066534,2.415366,3.952740,3.580316,3.867044,3.227545,3.711760,3.499130,0.016523,3.589981,1.977221,3.067751,3.147326,2.881539,3.503319,3.438563,3.071617
15.261562,0.596187,-0.020960,1.880656,1.870464,2.457321,3.664897,1.521309,3.172727,1.764600,1.971068,2.636501,2.431019,2.223565,2.908066,2.423458,2.967903,2.978752,2.335146,3.917302,3.552932,3.832250,3.200483,3.647004,3.489143,0.015879,3.531025,1.927607,3.041977,3.162790,2.801964,3.478190,3.397970,3.015238
14.120105,3.582161,0.195372,1.807669,1.765586,2.339292,3.645828,1.450623,3.106315,1.686024,1.793532,2.617104,2.359018,2.225537,2.883080,2.381375,2.945875,2.934039,2.256860,3.886696,3.500097,3.807121,3.163756,3.601901,3.488821,0.016201,3.502674,1.847388,3.011694,3.166011,2.768137,3.449839,3.360921,2.995263
7.597891,9.818549,0.320963,1.750792,1.752107,2.232113,3.579416,1.371060,3.038588,1.650188,1.658736,2.629926,2.321210,2.224222,2.856778,2.319237,2.918916,2.924505,2.230120,3.850613,3.476257,3.771038,3.135083,3.569363,3.483022,0.015879,3.466914,1.893458,2.959503,3.117686,2.733987,3.430509,3.276514,2.969812
1.232478,-5.021150,0.448527,1.663667,1.609420,2.067070,3.431470,1.089632,2.860066,1.378293,1.438459,2.540829,2.200222,2.174907,2.799572,2.194304,2.852833,2.856778,2.206602,3.772327,3.501708,3.774260,3.154091,3.535213,3.348357,0.015557,3.451772,1.783277,2.851255,3.206926,2.778446,3.406991,3.258151,2.938562
-2.241938,-2.588021,0.564912,1.594954,1.657749,1.801422,3.311468,0.580035,2.658858,1.157359,1.245798,2.382032,2.198578,2.082522,2.689433,2.035179,2.795626,2.754859,1.983342,3.509440,3.472713,3.636695,2.941140,3.402481,2.948872,0.012657,3.347390,1.625416,2.813562,3.183086,2.821616,3.240109,2.994297,2.799709
-2.473767,-1.975039,0.402170,1.512432,1.473637,1.730079,3.339742,0.451814,2.395512,1.144537,1.210620,2.352772,2.185099,2.051289,2.619076,1.976000,2.774256,2.736119,1.905378,3.173099,3.366720,3.308086,2.408922,2.898292,2.305507,0.011047,3.299066,1.246872,2.739464,3.012016,2.672131,3.019104,2.672776,2.523935
-1.809285,-2.081529,0.355155,1.422349,1.233305,1.636379,3.310811,0.301565,2.120988,1.054125,1.009740,2.277154,2.137755,2.007233,2.567131,1.943780,2.749270,2.720338,1.899901,3.033279,3.301321,3.245586,2.370262,2.785534,2.278767,0.010402,3.238498,1.240751,2.724322,2.947583,2.659245,2.982377,2.621229,2.455314
-3.765077,-0.385586,0.278551,1.370732,1.199770,1.618954,3.304235,0.284140,2.041097,1.019603,1.002836,2.193318,2.051946,1.888218,2.447787,1.825751,2.735790,2.696666,1.839978,2.919555,3.248163,3.165045,2.303896,2.743330,2.260404,0.010080,3.279736,1.227542,2.717557,2.901191,2.625417,2.955315,2.593523,2.468845
-2.906231,-2.477690,0.181892,1.361855,1.187935,1.707394,3.297660,0.418279,2.035836,1.013686,1.103112,2.218304,1.997699,1.898410,2.498417,1.853368,2.759790,2.706201,1.858986,2.972390,3.249452,3.194040,2.304863,2.722067,2.270713,0.010402,3.286823,1.231086,2.710147,2.991397,2.653446,2.959503,2.692428,2.518136
-5.101314,-0.287639,-0.026221,1.372376,1.221798,1.774792,3.329551,0.547158,2.153208,1.040645,1.343115,1.824436,1.927999,1.928328,2.527349,1.917479,2.792010,2.773928,1.832246,3.050354,3.345135,3.262983,2.367685,2.798420,2.253961,0.009114,3.231411,1.187594,2.691139,3.061630,2.702093,3.017815,2.859954,2.607054
-7.250870,-5.475219,-0.132743,1.443390,1.506514,1.893478,3.377551,0.673078,2.302799,1.048864,1.621584,1.661366,1.864218,1.920109,2.481979,2.037480,2.881436,2.893600,1.861885,3.142815,3.429865,3.384439,2.525546,3.060019,2.259115,0.009758,3.168266,1.013947,2.662466,3.139594,2.755572,3.039400,3.029413,2.595134
-9.321398,-8.104470,-0.358281,1.416760,1.553529,1.907944,3.649116,1.160975,2.248880,1.036700,1.677476,2.104878,2.011507,1.874081,2.409320,2.251182,3.061602,3.114863,2.368974,3.415367,3.648937,3.719170,3.213692,3.575484,2.361242,0.009758,3.374452,0.910532,2.561629,3.218524,2.974967,3.353512,3.395071,2.686307
-9.832168,-6.641586,-0.328692,1.506843,1.708380,1.798792,3.910817,1.261251,2.040439,0.898944,1.520323,2.399129,2.106851,1.830683,2.327785,2.348827,3.169439,3.443634,2.557441,3.509118,3.788113,3.816141,3.379607,3.709827,2.318716,0.832890,3.549388,1.406022,2.537788,3.223357,3.041011,3.443396,3.403769,2.684374
-13.104252,-10.676526,-0.410227,1.321416,1.335882,1.637694,3.886817,0.674722,1.390129,0.632968,1.395718,2.380060,2.013809,1.627173,2.209099,2.212715,3.030040,3.401223,2.367041,3.404736,3.718203,3.810343,3.322906,3.692108,2.093845,0.754604,3.460148,1.468199,2.548742,3.116398,3.011372,3.399903,3.351901,2.712402
-15.091744,-13.876605,-0.527270,1.267169,1.264210,1.682078,3.912461,0.895985,1.106399,0.358114,1.426294,2.398471,1.971397,1.493692,2.139728,2.181811,3.035958,3.488676,2.392492,3.439852,3.727546,3.823229,3.424710,3.750742,2.071937,1.117039,3.447584,1.437916,2.384116,3.213047,3.114787,3.494298,3.429543,2.714013
-17.062026,-15.052640,-0.673574,1.313525,1.528542,1.773806,4.090326,1.296758,1.059714,0.156577,1.544652,2.399129,1.964822,1.117577,2.035179,2.172605,3.061273,3.728350,2.475288,3.534569,3.793590,3.906992,3.648293,3.881541,2.182440,1.445004,3.560020,1.536821,2.125417,3.317107,3.239787,3.538435,3.530381,2.881861
-18.688784,-16.064509,-0.723219,1.218839,1.291498,1.661037,4.154108,1.254675,1.018946,0.024739,1.476267,2.350470,1.795504,1.070234,1.906300,2.184441,3.083301,3.757281,2.551319,3.542623,3.798745,3.921168,3.654736,3.885407,2.133149,1.457890,3.563886,1.397323,1.995584,3.298099,3.266527,3.543911,3.543911,2.928253
-19.990363,-17.691262,-0.679492,1.062673,1.187935,1.556488,4.168902,1.087659,0.909465,0.019479,1.376650,2.312333,1.656434,0.987384,1.719230,2.114413,3.056342,3.762871,2.538755,3.528770,3.791335,3.916979,3.655703,3.885407,2.043587,1.397323,3.559375,1.120583,1.829669,3.292622,3.270071,3.542945,3.576450,2.911500
-20.783671,-18.408353,-0.648916,0.701681,0.983110,1.435171,4.188300,1.127769,0.790121,0.017506,1.298073,2.234414,1.500925,0.921629,1.591995,2.072659,3.051739,3.794761,2.599000,3.504607,3.813886,3.908603,3.664401,3.895072,1.997517,1.388303,3.560020,1.038753,1.627027,3.276514,3.283279,3.567430,3.597069,2.944683
-21.296394,-20.090181,-0.626560,0.566227,0.879218,1.455555,4.187971,1.049522,0.788806,0.017177,1.214236,2.143016,1.380924,0.879547,1.544981,2.131180,3.064890,3.789830,2.595456,3.473679,3.825806,3.907637,3.667623,3.897327,1.972066,1.362851,3.545200,0.996872,1.514913,3.259761,3.283279,3.560342,3.618976,2.993330
-21.307461,-21.179568,-0.574285,0.536966,0.842724,1.413801,4.191588,1.069577,0.784532,0.016520,1.132701,2.021042,1.321416,0.805902,1.529857,2.147619,3.131302,3.796405,2.618652,3.457249,3.849647,3.898938,3.662146,3.895072,1.898934,1.315815,3.561308,0.846421,1.278444,3.237854,3.263950,3.557442,3.627030,3.007184
-21.292073,-22.541175,-0.448365,0.446225,0.759545,1.319115,4.200464,1.064316,0.843711,0.016191,0.958123,1.953972,1.254347,0.571816,1.448651,2.196605,3.192124,3.792131,2.647647,3.407635,3.854479,3.881541,3.643461,3.885729,1.858986,0.943070,3.541334,0.736885,1.090944,3.205638,3.252029,3.546167,3.587726,2.945006
-20.727124,-23.566540,-0.304691,0.427814,0.726996,1.225415,4.203423,1.014672,0.840752,0.014547,0.785847,1.839231,1.149468,0.401183,1.407554,2.228825,3.261495,3.792789,2.637982,3.383795,3.845781,3.867366,3.644749,3.875742,1.629926,0.401188,3.561631,0.704024,0.956279,3.139271,3.239465,3.529736,3.587082,2.950160
-19.975808,-22.848124,-0.280691,0.409074,0.629680,1.165578,4.204738,0.937411,0.834834,0.014547,0.758559,1.653475,1.046892,0.353840,1.408869,2.298196,3.287797,3.790158,2.627995,3.351901,3.829028,3.854801,3.617687,3.866399,1.518779,0.275222,3.539079,0.668908,0.930506,3.123485,3.209181,3.510728,3.570973,2.903768
-19.681157,-23.536700,-0.238279,0.405129,0.571816,1.138619,4.202766,0.862779,0.816094,0.014547,0.676366,1.589694,0.840752,0.169070,1.409527,2.319895,3.299961,3.783912,2.572904,3.329671,3.824840,3.847714,3.622842,3.864144,1.304217,0.185660,3.473035,0.462722,0.866395,3.118009,3.195328,3.508473,3.563564,2.890560
-19.549456,-23.187745,-0.208361,0.390991,0.492911,1.104427,4.200793,0.815436,0.802285,0.015862,0.585625,1.571282,0.722394,0.001067,1.445363,2.337648,3.329879,3.771090,2.566783,3.276836,3.817108,3.837082,3.643138,3.853513,1.076124,0.040364,3.463370,0.293907,0.802606,3.106733,3.166011,3.484955,3.546811,2.861243
-19.326435,-22.998831,-0.140962,0.330826,0.402827,0.993959,4.197505,0.761846,0.780586,0.013561,0.420910,1.542350,0.531048,0.001396,1.462788,2.340607,3.334482,3.760898,2.485920,3.216913,3.793912,3.827739,3.614144,3.839337,0.950158,0.038431,3.425677,0.016201,0.776189,3.053898,3.118331,3.475935,3.528770,2.815817
-19.626868,-22.726966,-0.313897,0.212797,0.373566,0.979822,4.192574,0.740476,0.769079,0.011588,0.348580,1.468048,0.342004,0.000410,1.478240,2.347183,3.331523,3.753336,2.461757,3.135405,3.772649,3.816464,3.591270,3.819685,0.656343,0.002670,3.362532,0.014590,0.717877,2.983665,3.073550,3.442429,3.465947,2.733021
-19.795658,-23.513796,-0.306993,0.167755,0.338717,0.959438,4.191916,0.733901,0.784532,0.012246,0.319319,1.423664,0.207536,0.000739,1.537419,2.375457,3.349606,3.747090,2.405378,3.097712,3.757507,3.809054,3.590948,3.805510,0.535209,0.002026,3.268138,0.014268,0.604797,2.925676,3.064207,3.440174,3.438563,2.659889
-19.632029,-23.794121,-0.290554,0.094439,0.310771,0.944972,4.190601,0.704640,0.785847,0.010931,0.301894,1.409856,0.140138,0.001067,1.543337,2.442855,3.353551,3.742815,2.327737,3.044555,3.741721,3.796812,3.604801,3.801322,0.018779,-0.000551,3.224645,0.009436,0.402799,2.887660,3.014593,3.436630,3.417623,2.648291
-19.453567,-24.032372,-0.242553,0.128960,0.297949,0.947274,4.193231,0.734887,0.803272,0.011917,0.254880,1.431883,0.102329,0.000410,1.670571,2.488883,3.389716,3.740185,2.263948,2.965946,3.717881,3.786180,3.593525,3.791013,0.018134,-0.000551,3.153769,0.012980,0.000415,2.820972,2.996874,3.417300,3.399581,2.572260
-18.451888,-22.391634,-0.245183,0.149344,0.325566,0.979165,4.195533,0.850615,0.807546,0.011259,0.258167,1.387499,0.089507,0.000410,1.767888,2.529979,3.410099,3.739199,2.124128,2.819683,3.673744,3.770716,3.571618,3.771360,0.018134,-0.000551,3.070006,0.012657,-0.000229,2.743330,2.890882,3.414079,3.373808,2.515559
-17.134020,-21.477387,-0.189949,0.146714,0.278880,0.964370,4.192574,0.850944,0.858176,0.012903,0.231537,1.351334,0.001396,0.188139,1.928657,2.538856,3.379852,3.728021,1.861563,2.710147,3.614466,3.695329,3.499130,3.719492,0.017168,0.000093,2.924065,0.012335,-0.000874,2.599000,2.736887,3.389272,3.288756,2.347389
-15.815941,-16.387338,0.047753,0.158549,0.274935,0.943000,4.185670,1.027165,0.930178,0.011917,0.263099,1.344430,0.049726,0.565569,2.059837,2.513212,3.371962,3.703363,1.552607,2.654090,3.545844,3.642172,3.415045,3.649260,0.017168,0.000093,2.686307,0.011691,0.000415,2.374128,2.593523,3.348035,3.201772,2.050674
-11.004375,-13.529357,0.376854,0.366662,0.401841,0.922945,4.179423,1.057741,0.935109,0.071753,0.109891,1.387828,0.088850,0.711215,2.128221,2.504993,3.339742,3.672459,1.171163,2.415043,3.457571,3.550033,3.338370,3.587726,0.016846,-0.000551,2.444360,0.010080,-0.000874,2.062272,2.507827,3.314530,3.134439,1.971744
-6.442464,-3.851233,0.308798,0.373238,0.445896,0.910451,4.106765,0.659598,0.999877,0.222002,0.198002,1.478569,0.350224,0.769737,2.219619,2.428718,3.219084,3.570540,0.777155,2.140881,3.331926,3.327416,3.127673,3.427287,0.015557,0.000093,2.273291,0.009436,0.091910,1.742362,2.303896,3.202738,3.007828,1.719166
-4.611980,-1.967250,0.251263,0.008958,0.009944,0.357457,3.931530,0.011917,1.488103,0.074384,0.009287,1.344430,0.302880,0.757572,1.882300,1.942137,2.731845,3.168453,0.637335,1.157310,3.000740,2.908923,2.417299,2.808407,0.012335,-0.000229,2.158922,0.008791,0.794552,0.797774,1.837723,2.819361,2.069360,0.973354
-4.479689,-2.014110,0.435704,0.011588,0.011917,0.285456,3.789830,0.246989,1.763285,0.406444,0.011259,1.547282,0.599762,0.832861,1.725147,1.881643,2.670365,2.945217,0.562915,1.108663,2.802286,2.454025,1.972710,1.997839,0.009436,0.000093,2.168265,0.008791,0.838689,0.003315,1.531666,2.280378,1.583212,0.159242
-4.033509,-2.672726,0.575104,0.013232,0.011588,0.295319,3.766158,0.407759,2.237044,0.482719,0.012574,1.570296,0.620146,0.832204,1.797148,1.937205,2.672009,2.938642,0.524256,1.074514,2.735920,2.471745,1.956280,1.961435,0.009114,0.000093,2.112530,0.009114,0.795519,0.002992,1.576125,2.230120,1.551962,0.126704
-3.845672,0.459742,0.589570,0.045123,0.011588,0.331484,3.786542,0.546829,2.150578,0.480417,0.011259,1.523282,0.684914,0.835491,1.841532,1.932273,2.685159,2.973163,0.528444,1.068070,2.857699,2.620263,2.028767,2.181796,0.009758,-0.000229,2.093200,0.008469,0.730441,0.145712,1.608664,2.281667,1.582568,0.223675
-1.939560,0.560125,0.560309,0.012246,0.011917,0.334114,3.750377,0.548802,2.057535,0.432745,0.012574,1.492377,0.536966,0.758559,1.729421,1.842190,2.678584,2.967245,0.498804,1.004604,2.775869,2.510082,1.999128,2.038110,0.009758,-0.000229,2.015236,0.007503,0.711433,0.002670,1.523290,2.170198,1.495584,0.007503
-4.494170,7.233278,0.536309,0.012903,0.011917,0.295647,3.775035,0.418937,2.006904,0.404800,0.010931,1.253689,0.303209,0.701681,1.740600,1.871122,2.682200,3.007026,0.425995,0.740428,2.613819,2.209180,1.591589,1.682117,0.007503,-0.000551,1.960146,0.008147,0.817426,0.003315,1.290042,1.782311,1.204991,0.004603
-4.018748,9.849585,0.000081,0.007972,0.008300,0.123371,3.747747,0.009615,1.413472,0.007643,0.007643,0.915712,0.119097,0.649406,1.586735,1.878684,2.660502,3.011629,0.532310,0.664075,2.609631,2.221744,1.559372,1.687594,0.007503,-0.000551,2.026190,0.008147,0.852220,0.005248,1.177606,1.454024,1.119295,0.003959
-5.717598,11.876029,0.000739,0.005341,0.006328,0.063863,3.829940,0.007314,0.803272,0.006328,0.005341,0.038547,0.000410,0.767107,1.702462,1.892163,2.772941,3.129000,0.637335,0.517168,2.732699,2.287144,1.811628,1.783599,0.008791,-0.000229,2.168587,0.009114,1.078702,0.003959,1.229475,1.339011,1.226898,0.004925
-5.887344,14.822775,0.000410,0.005013,0.005341,0.040520,3.905886,0.007972,0.333785,0.006328,0.005013,0.102658,0.247647,0.838121,1.848108,1.876711,2.967574,3.312783,0.804217,0.439204,2.942428,2.439206,1.993973,1.964012,0.008791,-0.000551,2.253961,0.008791,1.431150,0.005248,1.183728,1.383470,1.378315,0.005892
-7.318305,16.084076,0.000739,0.004684,0.004026,0.079644,3.939092,0.006985,0.006328,0.005999,0.005999,0.074055,0.140796,0.838121,1.839560,1.843176,2.970204,3.390702,0.840944,0.358985,3.020070,2.513948,2.078381,2.127028,0.010724,-0.000229,2.334180,0.009436,1.624772,0.006214,1.215300,1.429862,1.516846,0.482374
-7.324217,18.321355,-0.000248,0.005670,0.005341,0.133891,3.951914,0.006657,0.006328,0.006985,0.006985,0.537624,0.155919,0.844039,1.848765,1.796491,2.962642,3.434757,1.040686,0.450158,3.073872,2.647003,2.173419,2.389914,0.011369,0.000093,2.429219,0.011047,1.692749,0.005892,1.218844,1.462723,1.560983,0.736885
-7.909164,19.429051,0.000410,0.006328,0.005999,0.151974,3.946325,0.007314,0.006328,0.006985,0.006985,0.643817,0.072411,0.865081,1.867177,1.732709,2.941601,3.435744,1.048096,0.501382,3.077738,2.719490,2.174064,2.425997,0.011369,-0.000229,2.439206,0.010402,1.676640,0.006858,1.245583,1.482375,1.552285,0.679217
-8.244934,21.834792,0.000410,0.006985,0.006328,0.159207,3.945667,0.006657,0.005670,0.006985,0.007643,0.664201,0.304196,0.844039,1.854355,1.704764,2.932724,3.434757,1.056795,0.511047,3.086758,2.745585,2.195004,2.457247,0.010724,-0.000229,2.496873,0.010402,1.729153,0.008469,1.288109,1.496228,1.586434,0.922452
-8.062583,24.256195,0.000410,0.006657,0.005999,0.162166,3.943694,0.007314,0.006985,0.007314,0.007314,0.795710,0.322607,0.850944,1.855341,1.719230,2.929108,3.452182,1.252993,0.563238,3.106733,2.843201,2.218200,2.536178,0.012335,-0.000874,2.546487,0.011369,1.703058,0.007503,1.423419,1.516202,1.601898,0.948225
-7.698307,24.565208,0.000410,0.007314,0.005999,0.169728,3.950927,0.007314,0.006985,0.007643,0.007643,0.987384,0.498171,0.883163,1.882629,1.748490,2.924834,3.446264,1.304862,0.493972,3.101578,2.861243,2.227221,2.519103,0.012013,0.000093,2.600933,0.010724,1.709179,0.006858,1.454346,1.504282,1.609630,0.975931
-7.503368,23.991736,0.000410,0.006657,0.006985,0.181235,3.936133,0.006985,0.006328,0.006657,0.007314,0.981137,0.721407,0.914396,1.903999,1.803724,2.924834,3.430812,1.328058,0.553573,3.090624,2.868330,2.146035,2.452415,0.011691,0.000415,2.661822,0.011369,1.744939,0.005892,1.485274,1.469488,1.555184,0.966266
-7.228609,23.941631,0.000410,0.006657,0.006328,0.189125,3.937119,0.007643,0.006328,0.006328,0.006985,0.903547,0.834834,0.914725,1.924383,1.772490,2.931409,3.429168,1.506215,0.603830,3.154091,2.920521,2.187272,2.538755,0.012013,-0.000229,2.746552,0.012335,1.804540,0.008147,1.574836,1.682439,1.669231,1.098676
-7.556623,24.712361,0.000410,0.007643,0.007314,0.349566,3.949941,0.008300,0.006657,0.006985,0.006985,1.080755,0.855546,0.928205,1.932602,1.796162,2.950149,3.432785,1.563883,0.709178,3.181475,2.996552,2.158922,2.559696,0.012335,-0.000551,2.774258,0.011691,1.755249,0.008147,1.699836,1.764914,1.673419,1.185338
-7.545124,24.940568,0.000410,0.007314,0.007643,0.343977,3.951256,0.007314,0.006985,0.006328,0.006657,1.009740,0.953520,0.977849,1.944438,1.845478,2.955738,3.431798,1.764592,0.729797,3.248163,3.045199,2.378961,2.572260,0.012013,0.000737,2.954993,0.229152,1.874128,0.082245,1.853187,2.057118,1.838045,1.627993
-8.035852,24.381102,0.000081,0.007314,0.006657,0.386389,3.951256,0.008300,0.007643,0.006657,0.006985,1.124153,1.000535,1.013357,2.098303,1.902026,2.970861,3.433771,1.753316,1.013624,3.289723,3.083215,2.410533,2.692750,0.011691,-0.000551,2.925676,0.057760,1.715300,0.770390,1.899901,2.101899,1.952736,1.752349
-8.624817,23.106244,0.000739,0.007314,0.007643,0.446225,3.984791,0.009287,0.007643,0.007972,0.007972,1.268155,1.099166,1.014014,2.184112,1.917479,2.988615,3.482758,1.769102,1.048740,3.321295,3.097712,2.449837,2.772969,0.012980,0.000093,2.997519,0.055828,1.779733,0.950158,1.917298,2.133471,2.128638,1.865751
-9.354912,20.681506,0.000410,0.007643,0.271647,0.545514,4.010106,0.009287,0.008629,0.008629,0.009287,1.470678,1.163934,1.153085,2.237373,1.931945,3.005382,3.555416,1.784888,1.193715,3.381218,3.168589,2.474322,2.883150,0.013946,-0.000874,3.033923,0.016201,1.920842,1.098354,1.978831,2.216267,2.230765,2.058084
-9.651600,17.627451,0.113508,0.254551,0.360744,0.621461,4.031805,0.009615,0.008629,0.008629,0.009615,1.532816,1.195168,1.185633,2.295566,1.903341,3.008999,3.592567,1.794231,1.298741,3.425999,3.226578,2.578703,2.987854,0.013946,0.425029,3.079671,0.056794,1.951447,1.184050,2.020713,2.418587,2.411177,2.233342
-9.155950,14.758585,0.287099,0.290716,0.390663,0.740476,4.039038,0.009615,0.008958,0.009287,0.010273,1.601201,1.135660,1.189250,2.255127,1.890519,2.995190,3.591910,1.776834,1.548741,3.425032,3.250096,2.555508,3.009117,0.013624,0.133469,3.069684,0.013302,1.941782,1.303251,2.132504,2.548420,2.439528,2.291976
-7.866964,13.688425,0.190440,0.342991,0.452143,0.863437,4.024243,0.012246,0.011917,0.010602,0.304196,1.648872,1.169852,1.190565,2.300168,1.888876,2.984999,3.574485,1.758148,1.712723,3.425999,3.215625,2.392170,2.968846,0.013946,0.000415,3.093524,0.028121,2.026190,1.297774,2.123806,2.538111,2.410533,2.232376
-4.872798,7.014293,0.183536,0.411375,0.433732,0.796039,3.983147,0.011917,0.421238,0.011588,0.342991,1.654133,1.242511,1.241524,2.320223,1.893150,2.920559,3.460073,1.780055,1.748161,3.370264,3.152802,2.147968,2.721423,0.013302,0.000415,3.167944,0.589977,2.093522,1.292297,2.121551,2.518136,2.297775,2.151834
-1.971376,5.239133,0.116138,0.530391,0.460691,0.817409,3.935475,0.246332,0.806888,0.011588,0.534336,1.745531,1.530515,1.269470,2.390252,1.920766,2.856778,3.374921,1.730764,1.752027,3.325483,3.142493,2.081602,2.532956,0.012013,0.084178,3.142171,0.668263,2.102865,1.406988,2.136048,2.532312,2.239785,2.117040
0.355879,2.699913,0.129617,0.637899,0.480746,0.927547,3.787528,0.388032,1.172482,0.445896,0.587597,1.865862,1.543666,1.321087,2.521103,1.985534,2.744667,3.111904,1.654089,1.830635,3.188885,3.063240,1.889592,2.329347,0.011369,-0.000551,3.070006,0.575802,2.130894,1.508148,2.127028,2.445971,1.969811,1.960468
0.374141,1.724774,0.641845,0.717462,0.497185,0.844368,3.680349,0.515267,2.607898,1.087988,0.254222,1.770847,1.685037,1.314512,2.509924,2.024329,2.587843,2.886039,1.035532,1.806473,2.347066,2.884438,1.432439,1.713367,0.019423,-0.000229,2.959503,0.667297,2.319360,1.243328,2.044875,2.093845,1.445326,1.404411
0.465026,2.085829,0.344635,0.741791,0.537295,0.872314,3.706322,0.534665,2.693379,1.131057,0.568200,1.971068,1.701147,1.303662,2.509596,2.091070,2.587514,2.895244,0.950802,1.786821,2.432762,2.870263,1.487852,1.714012,0.009436,0.000093,2.942750,0.558405,2.310662,1.271034,2.056473,2.073226,1.462078,1.413431
0.571905,1.392660,0.302552,0.782888,0.549460,0.905191,3.719802,0.547816,2.695351,1.137961,0.630666,2.078905,1.738627,1.360211,2.573377,2.191016,2.613816,2.924176,0.979153,1.775867,2.556152,2.895070,1.509759,1.767169,0.009114,0.000415,2.929219,0.445969,2.283600,1.301318,2.104154,2.096100,1.562916,1.478831
1.064716,0.246519,0.375539,0.819053,0.563268,0.921301,3.748405,0.799655,2.674310,1.160647,0.622118,1.746189,1.780710,1.409856,2.640447,2.262031,2.672995,2.949491,1.063882,1.788432,2.612209,2.913111,1.510081,1.797130,0.008469,0.000737,2.906668,0.299384,2.263626,1.369295,2.137659,2.083535,1.553251,1.376382
-0.489177,-2.857595,0.180248,0.881848,0.564583,0.951219,3.745117,0.853574,2.703242,1.163606,0.838450,1.630790,1.758353,1.399664,2.628282,2.259072,2.674310,2.940615,1.137980,1.843200,2.658600,2.971101,1.568715,1.854153,0.009114,-0.000229,2.918266,0.145067,2.264914,1.614463,2.130249,2.069038,1.618006,1.756860
-1.744405,-6.416438,0.308141,0.869355,0.546501,0.960753,3.715856,0.832861,2.626967,1.151441,0.753956,1.828710,1.775121,1.436486,2.647351,2.216332,2.653597,2.935025,0.980764,1.892169,2.612853,3.018459,1.628960,2.001061,0.008791,-0.000551,2.887016,0.239139,2.304218,1.716911,2.276512,2.243974,1.761692,1.731731
-1.857399,-5.315533,0.368635,0.887108,0.549788,0.952205,3.719802,0.807217,2.630583,1.150126,0.698722,1.898410,1.752107,1.368430,2.592117,2.194633,2.635186,2.928779,0.957568,1.831280,2.752673,3.026191,1.672452,2.002350,0.008791,0.000093,2.869297,0.021356,2.329347,1.743973,2.252028,2.302930,1.893780,1.699836
-2.027698,-7.382339,0.286442,0.756915,0.523487,0.952534,3.717829,0.748695,2.549706,1.101139,0.768751,1.894465,1.640324,1.237250,2.471787,2.144002,2.610200,2.917601,0.999127,1.732375,2.826449,2.964980,1.630249,1.945971,0.008469,0.000093,2.892815,0.026188,2.275224,1.693393,2.240108,2.369940,1.925674,1.667942
6.248065,6.183708,0.246332,0.834505,0.656311,1.131386,3.790816,1.193195,2.767023,1.176428,0.898944,1.817861,1.672544,1.589036,2.676940,2.274524,2.771297,3.027081,1.174063,1.679862,2.858665,2.962403,1.649256,1.962401,0.008469,-0.000229,2.892815,0.020067,2.281667,1.630249,2.098355,2.353832,1.978187,1.595455
11.190624,13.049746,0.092795,0.610940,0.661571,1.147824,3.789172,1.157688,2.674639,1.093248,0.928862,1.619612,1.718243,1.620598,2.767023,2.318580,2.778859,3.034314,0.932117,1.661499,2.428897,2.873485,1.361885,1.590622,0.007503,-0.000551,2.843846,0.158276,2.307118,1.366395,1.705313,1.993007,1.719811,1.741073
13.688905,17.627286,0.018821,0.571487,0.650064,1.223113,3.772076,1.106728,2.716393,1.084372,0.934123,1.363499,1.600214,1.716271,2.825216,2.369868,2.798585,3.057657,0.735274,1.620584,2.060339,2.833859,0.825158,1.400223,0.006858,0.532954,2.590946,0.010724,2.211113,0.979475,1.403444,1.161820,0.906666,1.240751
16.059124,21.729896,-0.171538,0.507377,0.757244,1.460815,3.801337,1.279991,2.805490,1.126454,1.224100,1.340485,1.548268,1.913862,2.875847,2.424444,2.819956,3.076397,0.875738,1.888303,2.086435,3.030702,1.082890,1.477542,0.007503,1.031988,2.762982,0.500737,2.299386,1.161498,1.568715,1.169230,0.895068,1.317748
16.448889,22.763689,-0.384912,0.571159,0.865081,1.555830,3.803638,1.282950,2.803188,1.166893,1.470021,1.418732,1.511775,1.947726,2.888669,2.415238,2.829819,3.071137,0.941782,2.033600,2.086435,3.225612,1.187271,1.475287,0.071614,1.282632,2.838691,0.555506,2.370585,1.277800,1.592555,1.182439,0.948547,1.527800
16.720426,24.241611,-0.431597,0.547487,0.907821,1.543666,3.780624,1.241524,2.766366,1.181688,1.522295,1.291826,1.517035,1.953315,2.895244,2.409978,2.816010,3.049109,1.002026,2.198548,2.044875,3.285212,1.196292,1.478187,0.312271,1.567426,2.887660,0.673418,2.402157,1.367040,1.525545,1.197903,0.997838,1.592233
16.866487,25.879872,-0.533188,0.583981,0.906835,1.517035,3.788843,1.208647,2.766366,1.171496,1.663667,1.237908,1.548268,1.961534,2.888669,2.399129,2.809764,3.039575,1.028766,2.222066,2.023612,3.257184,1.163753,1.475609,0.565815,1.779089,2.972390,0.722387,2.422775,1.454991,1.611563,1.203058,1.053895,1.691460
17.120268,28.126894,-0.593682,0.616200,0.948589,1.605146,3.770432,1.098837,2.728886,1.124482,1.738627,1.266511,1.522953,1.925369,2.895573,2.380060,2.798914,3.010643,1.113818,2.320005,2.128638,3.296166,1.317748,1.609952,0.790686,2.046808,3.023614,0.894423,2.455958,1.499772,1.669875,1.420197,1.247516,1.830958
16.016548,27.979015,-0.504914,0.694777,1.038343,1.650188,3.773062,1.044261,2.682858,1.126126,1.709038,1.287552,1.531501,1.840546,2.899847,2.362306,2.776887,2.987300,1.272967,2.493974,2.349322,3.296810,1.370906,1.778122,1.013624,2.147324,3.077093,1.052606,2.471745,1.643780,1.651189,1.558084,1.333534,2.128961
15.875296,28.025795,-0.516421,0.842395,1.213250,1.701476,3.747090,0.974233,2.683187,1.172482,1.734353,1.228702,1.501912,1.846464,2.873545,2.329100,2.776887,2.974478,1.358663,2.557441,2.412466,3.230766,1.441782,1.938561,1.233985,2.236564,3.239143,1.180506,2.498162,1.749128,1.710468,1.749450,1.458212,2.316139
14.318734,27.811516,-0.500968,0.909794,1.321087,1.738298,3.713226,0.916698,2.694365,1.139605,1.783997,1.158345,1.577529,1.834300,2.853490,2.301484,2.774256,2.946532,1.524578,2.699838,2.497840,3.231411,1.457890,2.071615,1.486563,2.216267,3.251707,1.292619,2.517814,1.747839,1.771357,1.931151,1.520390,2.390237
14.504981,27.930526,-0.227758,1.069577,1.361197,1.769203,3.703692,0.869355,2.687132,1.146181,1.722188,1.242182,1.612708,1.906958,2.866641,2.234085,2.760448,2.919573,1.675996,2.841913,2.565495,3.256862,1.634115,2.197582,1.687272,2.292943,3.258473,1.339333,2.624451,1.852865,1.794553,2.129927,1.519102,2.422453
13.603754,27.508275,-0.020303,1.136646,1.500925,1.780710,3.670486,0.703654,2.646364,1.113303,1.621913,1.229360,1.666297,1.920766,2.832778,2.225209,2.781818,2.888997,1.724643,3.007828,2.625095,3.330960,1.646357,2.388304,1.989785,2.302286,3.271037,1.475287,2.625740,1.934050,1.856731,2.195327,1.700158,2.462402
13.237164,26.965459,0.146385,1.220154,1.647886,1.812601,3.654376,0.690503,2.667077,1.172154,1.599885,1.226072,1.711010,1.932931,2.768996,2.181153,2.763078,2.822257,1.795197,3.148292,2.721101,3.424066,1.820326,2.531989,2.256860,2.246873,3.256862,1.586434,2.665044,2.005571,1.936306,2.325159,1.886370,2.640237
12.649553,25.759585,0.276250,1.304649,1.682736,1.792546,3.661609,0.710887,2.692392,1.354951,1.537419,1.274730,1.728106,1.953315,2.749599,2.188715,2.767681,2.803188,1.806795,3.333215,2.839657,3.496231,1.877349,2.646036,2.458858,2.147324,3.272004,1.650223,2.700160,2.088046,1.984308,2.435984,1.987852,2.645714
11.464423,24.999454,0.392964,1.368102,1.657092,1.764600,3.668185,0.729298,2.734475,1.434513,1.492048,1.232976,1.759997,1.973041,2.771955,2.120331,2.740722,2.816010,1.841267,3.479156,2.931797,3.547777,2.066783,2.789077,2.597067,2.160533,3.337725,1.642491,2.732054,2.146680,2.104798,2.576448,2.138303,2.688884
10.325032,23.900432,0.475157,1.513747,1.741586,1.782354,3.627088,0.694777,2.738749,1.416760,1.471993,1.203058,1.974356,1.994082,2.732174,2.089755,2.704228,2.791024,1.901834,3.525548,3.099645,3.512339,2.121229,2.842879,2.721101,2.001705,3.404414,1.664076,2.791655,2.171486,2.175675,2.739464,2.260726,2.737209
9.911695,21.387083,0.547158,1.580817,1.764271,1.741257,3.630047,0.709572,2.723954,1.486131,1.419719,1.264867,2.011507,2.019069,2.704886,2.106851,2.729544,2.769325,1.880571,3.588370,3.132828,3.479478,2.195004,2.889271,2.844168,1.752671,3.420200,1.773934,2.862853,2.403123,2.203059,2.833214,2.386371,2.749129
