-39.075676,-4.630422,1.311553,0.810176,0.777299,1.152099,0.648749,0.036575,1.473966,0.773682,0.037890,1.565036,0.708585,-0.000248,0.798340,2.371512,3.624787,3.673445,0.000093,0.188560,0.000093,0.820003,0.300351,0.188237,0.000415,0.000093,-0.000551,-0.000229,2.052607,1.107374,0.007181,-0.000551,-0.000551,-0.000874
-39.476462,-4.111084,1.275388,0.782888,0.746723,1.074180,0.560309,0.033616,1.424650,0.764476,0.034931,1.501583,0.633296,0.000410,0.726339,2.373813,3.622157,3.668185,0.000415,0.154088,-0.000551,0.817104,0.287786,0.148611,0.000093,-0.000229,-0.000229,-0.001196,2.056795,1.033921,0.003637,0.000415,0.000093,0.000093
-39.982145,-3.939706,1.254018,0.771052,0.755600,1.065632,0.631981,0.034273,1.420376,0.762833,0.034931,1.446020,0.592200,-0.000905,0.724366,2.375786,3.632020,3.662267,0.000093,0.196614,-0.000551,0.850931,0.301639,0.191781,-0.000229,-0.000551,-0.000551,-0.000551,2.156667,1.122194,0.003637,-0.000551,-0.000229,-0.000551
-40.125576,-3.749825,1.249744,0.756257,0.739161,1.049193,0.719764,0.032301,1.383883,0.766778,0.035260,1.426623,0.556035,0.000739,0.716805,2.386306,3.633664,3.662267,-0.000229,0.228830,-0.000551,0.875738,0.313237,0.221743,0.000415,0.000093,-0.000874,-0.001196,2.238175,1.118650,0.003637,-0.000551,0.000093,-0.000551
-40.166794,-2.801982,1.243497,0.765792,0.731928,1.028809,0.779271,0.033616,1.368759,0.754613,0.034273,1.457856,0.518884,-0.001563,0.688530,2.399129,3.653719,3.658650,-0.000551,0.258791,-0.000229,0.895712,0.342877,0.245905,-0.000229,-0.000551,-0.000551,-0.000229,2.242041,1.127671,0.004603,-0.000874,0.000093,-0.000551
-40.218191,-2.249174,1.214236,0.766449,0.724695,1.020919,0.794724,0.033616,1.362512,0.750997,0.035589,1.455884,0.520199,0.001396,0.672092,2.415238,3.658321,3.669500,0.000093,0.263302,0.000415,0.900544,0.345454,0.256214,0.000093,-0.000229,-0.000229,-0.000229,2.287466,1.151511,0.003315,0.000093,-0.000229,0.000093
-40.974300,-1.712348,1.222127,0.794395,0.726996,1.024535,0.788148,0.032958,1.340156,0.750997,0.035589,1.476267,0.520199,0.000739,0.594501,2.407677,3.663910,3.672459,0.000093,0.250093,0.000093,0.891524,0.346098,0.262980,0.000415,0.000093,-0.000229,0.000093,2.261370,1.132181,0.004281,-0.000551,-0.001196,-0.000551
-41.146561,-1.119320,1.230346,0.768751,0.736202,1.033412,0.788806,0.034602,1.308923,0.761518,0.035260,1.530515,0.505075,-0.000905,0.576748,2.437924,3.669500,3.690870,-0.000229,0.255248,-0.000229,0.889269,0.346420,0.271356,0.000415,0.000415,-0.000229,0.000093,2.256538,1.131215,0.003959,-0.000229,-0.000229,0.000093
-41.057002,-1.440350,1.279333,0.730942,0.701681,1.022562,0.798669,0.033945,1.287881,0.765463,0.035917,1.552871,0.508692,0.000410,0.534665,2.421156,3.681007,3.689226,-0.000229,0.245905,0.000093,0.881214,0.334822,0.253637,0.000093,0.000415,-0.001840,-0.000874,2.285855,1.128315,0.004603,-0.000229,-0.000229,-0.000551
-40.352719,-1.099972,1.209634,0.691160,0.639543,0.950233,0.762504,0.032630,1.269141,0.746723,0.033616,1.492706,0.415649,0.000410,0.493568,2.435293,3.675089,3.681007,0.000415,0.238173,-0.000229,0.878637,0.330956,0.243328,-0.000229,-0.000229,0.000093,-0.000229,2.276190,1.081923,0.004281,-0.000874,-0.000551,0.000415
-39.919754,-0.012938,1.188921,0.587597,0.560309,0.898287,0.822012,0.027698,1.195825,0.732257,0.031314,1.477254,0.383430,-0.000905,0.450170,2.401101,3.683308,3.675746,0.000093,0.230119,0.000093,0.860596,0.318714,0.254926,0.000415,-0.000229,0.000415,-0.000229,2.300030,0.972387,0.002992,-0.000874,-0.000551,0.000093
-38.119459,0.943973,1.143879,0.452143,0.480089,0.856533,0.824971,0.028356,1.066289,0.613570,0.028027,1.419061,0.393293,0.000081,0.454773,2.394526,3.672459,3.673116,0.000415,0.226575,0.000415,0.848031,0.318070,0.280377,0.000415,-0.000551,-0.002807,0.000415,2.331280,0.869294,0.002670,0.000093,-0.000874,-0.000229
-37.201962,0.263285,1.123495,0.385731,0.447211,0.810176,0.858176,0.027369,0.998233,0.570830,0.027040,1.489089,0.413019,0.000410,0.323593,2.283072,3.653390,3.665883,0.001382,0.216910,-0.000229,0.811305,0.303572,0.296485,0.000093,-0.000229,0.000737,0.000093,2.294554,0.772967,0.001382,-0.000551,-0.000229,0.000093
-35.661787,0.834356,1.059714,0.378827,0.358114,0.763161,1.050508,0.026383,0.961082,0.398553,0.027040,1.479555,0.397896,-0.003535,0.199317,2.234743,3.645171,3.642540,0.000415,0.175029,0.000415,0.785854,0.294230,0.297129,0.000093,0.000415,-0.000551,0.000415,2.267169,0.724320,0.002670,-0.000229,-0.000229,0.000093
-34.994861,0.939910,1.036700,0.375868,0.307154,0.749353,1.034727,0.026712,0.999548,0.391978,0.027369,1.480541,0.434389,0.001067,0.215427,2.186414,3.646157,3.635965,-0.000551,0.178250,-0.000229,0.756537,0.282310,0.278766,0.000415,0.000093,-0.000551,0.000093,2.209824,0.542297,0.001704,-0.000551,-0.001518,-0.000551
-35.235642,0.506875,1.005795,0.299921,0.252907,0.735873,0.998562,0.026054,0.997247,0.383430,0.025725,1.456212,0.394937,-0.000905,0.218057,2.155509,3.638266,3.617554,0.000415,0.168263,0.000415,0.739784,0.259758,0.254281,-0.000874,-0.000229,0.000093,-0.000229,2.190172,0.454668,0.001382,-0.000874,-0.000229,0.000737
-34.667577,0.817768,0.925575,0.274935,0.201947,0.694119,0.858834,0.024081,0.963055,0.362059,0.022766,1.384211,0.292688,0.001396,0.171700,2.115399,3.634979,3.602759,0.000415,0.171485,0.000415,0.731086,0.258147,0.244294,0.000093,0.000415,-0.001196,-0.000551,2.168265,0.255248,-0.000229,-0.000229,-0.000874,0.000415
-32.946310,1.767998,0.881519,0.271647,0.156248,0.681297,0.810505,0.021123,0.937082,0.351539,0.023753,1.373033,0.278551,0.000081,0.213783,2.137427,3.648787,3.582375,0.000093,0.191781,0.000415,0.734952,0.260402,0.259114,-0.000551,-0.000874,-0.000229,0.000415,2.106087,0.231407,-0.000229,-0.000229,-0.000874,-0.000551
-31.888221,1.976677,0.845683,0.322278,0.131590,0.654338,0.900917,0.024081,0.925246,0.347265,0.022766,1.358567,0.259154,-0.000576,0.242386,2.175564,3.655362,3.571855,-0.000229,0.194681,-0.000229,0.740750,0.286176,0.294230,0.000415,0.000093,-0.001518,-0.000874,2.247517,0.234629,0.000737,0.000737,-0.000229,-0.000551
-31.003603,2.384112,0.741462,0.311429,0.020794,0.636255,0.876916,0.023424,0.862122,0.314387,0.020794,1.230017,0.194386,0.000081,0.307154,2.311675,3.660952,3.539306,0.000415,0.194358,-0.000551,0.730763,0.291008,0.305505,-0.000551,0.000093,-0.002807,-0.000229,2.426964,0.353830,0.000737,0.000093,-0.001196,0.000415
-30.450086,3.339418,0.816751,0.326552,0.021780,0.641845,0.922945,0.022109,0.887437,0.315045,0.023424,1.378622,0.209509,0.000410,0.357128,2.450417,3.655034,3.571526,0.000415,0.203057,-0.000551,0.723031,0.304539,0.315493,0.000093,0.000093,-0.000229,-0.000229,2.576448,0.334822,0.001704,-0.001196,-0.000229,-0.000551
-30.771381,0.490357,1.000863,0.374224,0.039205,0.741462,1.159989,0.026383,1.101139,0.383430,0.026054,1.606790,0.401512,0.000739,0.467267,2.610857,3.703034,3.604403,-0.000874,0.242683,-0.000229,0.773611,0.326124,0.353508,-0.000551,0.000093,-0.000551,-0.000551,2.657312,0.710145,0.006858,-0.000551,-0.000874,-0.000551
-25.935149,-3.186785,1.173469,0.410718,0.062219,0.798669,1.251388,0.030328,1.469034,0.562939,0.031643,1.680434,0.474171,0.000410,0.675379,2.722639,3.715528,3.630047,0.000415,0.280377,-0.000229,0.826446,0.389913,0.392168,0.000415,0.000093,-0.001196,-0.000551,2.690173,0.782632,0.002992,-0.000229,0.004281,-0.000229
-19.230548,4.532128,1.171496,0.551432,0.030986,0.728312,1.527227,0.032958,1.435171,0.591542,0.032958,1.623228,0.481733,0.000739,0.678996,2.749270,3.735583,3.643527,-0.000229,0.378959,0.000415,0.920519,0.432761,0.411498,0.000093,0.000093,-0.000229,0.000093,2.874129,0.804539,0.002026,-0.000551,-0.001196,-0.000229
0.115667,-0.136419,1.104098,0.382772,0.150330,0.888095,1.410184,0.030328,1.289525,0.384745,0.031314,1.697531,0.805244,0.001067,0.553734,2.667077,3.756953,3.635965,0.000093,0.417297,-0.000874,0.984630,0.428572,0.413753,0.000415,-0.000551,-0.000874,-0.000551,3.055186,0.775222,0.003315,0.526511,0.002670,-0.000874
0.043643,0.107307,1.001192,0.371923,0.185837,0.826286,1.432870,0.032958,1.228374,0.594830,0.065178,1.915506,1.016973,0.001396,0.771709,2.490198,3.692514,3.502484,-0.000551,0.427606,0.026510,0.927928,0.352542,0.357374,-0.000874,0.000093,-0.000874,-0.001196,3.002029,0.525222,0.001382,0.000415,-0.000551,0.000737
-0.211908,-0.257772,0.166111,0.015862,0.014218,0.014547,1.959561,0.015533,0.525130,0.014218,0.013232,0.682941,0.030328,0.000410,0.500144,1.756052,3.185878,2.646036,-0.000874,0.509436,0.050673,1.192104,0.449835,0.502670,0.000415,0.000093,0.000415,0.521356,3.550033,1.300351,0.283276,0.924385,0.003959,0.449835
0.802726,-0.404410,0.000081,0.006657,0.006328,0.007643,1.631448,0.008629,0.008300,0.008629,0.008629,0.114823,-0.000576,-0.000248,-0.000248,1.161304,2.816668,2.419512,0.000415,0.216588,0.273933,1.397001,0.682439,0.633470,0.000093,0.000093,0.000415,1.085145,3.684054,1.479475,0.010402,0.716266,0.002992,0.456923
0.966489,9.822222,0.690174,0.020136,0.019807,0.019479,2.158139,0.020136,0.829245,0.286442,0.019150,0.571487,-0.000248,0.000081,0.683270,1.408869,2.869271,2.361320,-0.000229,0.009436,0.280699,1.396679,0.818392,0.870905,0.000093,-0.000229,-0.001840,0.674707,3.736244,1.559050,0.041330,0.074191,0.215621,1.445326
0.165124,13.454365,-0.562449,0.013561,0.012574,0.012903,1.335224,0.012246,0.242058,0.012574,0.575433,0.813464,0.001067,0.001067,0.128631,0.853902,2.198907,1.927671,-0.000551,0.243650,-0.000229,0.737851,0.291652,0.373804,0.000737,0.000093,-0.000874,-0.001196,3.233988,0.503315,0.001059,0.000737,0.000093,0.000093
-0.134477,16.446978,0.000081,0.005999,0.005999,0.006985,0.853902,0.006657,0.006985,0.005341,0.006328,0.643160,-0.000248,-0.000248,-0.000576,0.613570,2.030905,1.720216,-0.000229,0.243005,0.000093,0.746872,0.298740,0.377993,-0.000551,-0.000551,0.000415,-0.000229,3.277158,0.600286,0.002026,-0.000874,-0.000229,-0.000229
-0.607331,20.223398,0.000081,0.005999,0.005341,0.005670,0.767107,0.005013,0.005670,0.005013,0.005341,0.610611,0.000410,0.000739,0.000739,0.560967,2.003617,1.725476,0.000093,0.238495,-0.000229,0.772645,0.328057,0.390235,0.000093,0.000093,-0.002162,-0.000551,3.304865,0.585467,0.002348,0.000737,-0.000229,-0.000229
-0.495605,26.579476,0.000081,0.005670,0.005670,0.006328,0.800970,0.005999,0.007314,0.006328,0.005999,0.691818,-0.000576,0.000410,0.000081,0.566556,1.970082,1.737969,0.000093,0.233018,-0.000229,0.773611,0.331601,0.389268,-0.000229,0.000093,-0.000551,0.000415,3.267171,0.509114,0.001704,-0.001196,0.000093,-0.000874
-0.317153,31.723403,0.000081,0.007314,0.006985,0.007314,0.877245,0.005341,0.006328,0.006985,0.007314,0.775655,0.001396,0.000410,0.035260,0.676694,2.029590,1.839889,0.000093,0.229797,0.024255,0.776511,0.339333,0.397967,-0.000229,-0.000229,0.000093,0.000737,3.251063,0.417941,0.001059,-0.000229,-0.000874,0.000415
-0.363661,35.730868,0.000081,0.007972,0.008629,0.008629,0.992973,0.007972,0.007972,0.007314,0.006985,0.895328,-0.000248,-0.000576,0.178276,0.784860,2.032877,1.976986,0.000415,0.232696,0.039397,0.796807,0.353508,0.401833,0.000093,0.000093,-0.000229,0.000415,3.176965,0.129925,-0.000551,-0.000229,0.000415,-0.000874
0.336613,39.849506,0.395265,0.011588,0.011259,0.012574,1.364485,0.011588,0.011588,0.012574,0.012574,1.061029,0.000410,0.001067,0.415649,0.905191,2.188715,2.222907,-0.000229,0.205312,0.046485,0.808727,0.353830,0.413109,0.000415,0.000093,-0.000229,-0.000551,3.089336,0.011691,0.000415,-0.000874,-0.001196,-0.000551
0.557016,44.268411,0.562610,0.014876,0.015862,0.015533,1.546296,0.015533,0.089178,0.014876,0.015205,1.347389,-0.001563,0.001396,0.540912,1.041631,2.467842,2.398471,0.000093,0.198224,0.067103,0.813238,0.355763,0.429539,0.000093,-0.000229,0.000415,-0.000874,3.020392,0.011691,-0.000229,-0.000229,0.000093,0.000093
0.685513,47.242662,0.369950,0.020136,0.019479,0.020794,1.785641,0.020136,0.452472,0.020465,0.500473,1.465418,0.230222,0.000739,0.688201,1.150783,2.576007,2.426417,-0.000229,0.195969,0.061626,0.802928,0.357374,0.434694,0.000415,0.000093,-0.000551,-0.000551,2.945006,0.152477,0.000093,0.001382,-0.000229,0.000093
1.007273,50.257164,0.235811,0.024410,0.023753,0.025068,1.983233,0.023424,0.624091,0.197345,0.515596,1.527227,0.304196,0.001067,0.881191,1.183661,2.576665,2.417540,-0.000874,0.169874,0.070969,0.804217,0.344487,0.420518,-0.000229,-0.000229,-0.000229,-0.000874,2.829348,0.011691,-0.000551,0.000093,-0.000874,0.385080
0.711332,51.305472,0.219701,0.027040,0.025397,0.026712,2.101591,0.026054,0.712531,0.340689,0.591214,1.711997,0.439978,0.000081,1.041631,1.205360,2.631241,2.453376,-0.000874,0.147967,0.092554,0.785209,0.338044,0.402799,-0.000551,-0.000551,0.000415,0.000415,2.719812,0.011047,-0.000229,-0.000551,-0.000551,0.627348
0.609678,52.613139,0.270661,0.028356,0.029999,0.028684,2.221263,0.029999,0.811491,0.406772,0.721736,1.874738,0.721407,0.000081,1.449308,1.302018,2.805818,2.504335,-0.000551,0.157632,0.115106,0.801318,0.338688,0.418585,0.000737,0.000093,-0.001196,-0.000551,2.615430,0.010402,-0.000229,-0.000229,0.000093,0.919552
0.390969,53.832604,0.208194,0.035260,0.035260,0.033945,2.329429,0.258167,1.058070,0.517569,0.871327,2.062796,0.903547,0.342662,1.507172,1.372376,2.854148,2.576007,0.000093,0.164397,0.129281,0.805506,0.342232,0.432116,0.000415,-0.000229,0.000415,-0.000229,2.663755,0.011047,-0.000551,-0.000551,-0.000874,0.797129
0.661157,54.803019,0.132905,0.039863,0.037561,0.037561,2.526363,0.461020,1.249744,0.665845,1.006453,2.170633,1.019932,0.580035,1.683065,1.479226,2.900176,2.637816,0.000415,0.166330,0.147967,0.812271,0.342554,0.435016,-0.000229,0.000093,-0.000229,-0.000874,2.653768,0.031343,-0.000551,-0.001196,-0.000229,1.126704
0.753662,54.617626,0.121069,0.445239,0.046767,0.044465,2.660502,0.847656,1.378622,0.764476,1.152756,2.216332,1.079440,0.669790,1.770189,1.770847,3.023794,2.761106,0.000093,0.179217,0.144745,0.806150,0.347065,0.431150,0.000415,0.000415,0.001382,-0.000551,2.601255,0.185016,0.000093,-0.000229,0.000415,1.142168
1.039590,55.129841,0.139481,0.594501,0.047753,0.046438,2.710475,0.944315,1.446020,0.871327,1.245141,2.249209,1.143550,0.733572,1.828710,1.902684,3.067520,2.800558,0.000415,0.188560,0.154088,0.811627,0.345776,0.432438,0.000093,-0.000229,-0.000551,-0.001196,2.460469,0.287786,0.000415,0.000093,-0.000874,1.314527
1.336670,55.323008,0.250606,0.682612,0.050383,0.057945,2.787736,1.035056,1.607776,1.020261,1.301361,2.322525,1.266840,0.776970,1.947068,2.021370,3.099740,2.930751,0.000093,0.169552,0.153444,0.820325,0.350286,0.434371,0.000737,-0.000229,0.000093,-0.000551,2.290043,0.354152,0.000737,-0.000229,-0.000551,1.228186
1.217677,54.888224,0.199975,0.750668,0.054000,0.054329,2.863682,1.135002,1.797148,1.077467,1.436815,2.291292,1.278018,0.808861,1.978301,2.060494,3.131302,2.900176,0.000093,0.146034,0.163108,0.812593,0.356408,0.434371,-0.000229,-0.000229,0.000415,0.000093,2.231409,0.409243,0.001059,0.000093,-0.000229,1.595455
1.132177,54.157098,0.045452,0.878889,0.056630,0.055644,2.951464,1.185304,1.856327,1.098837,1.604817,2.370197,1.305964,0.823984,2.029590,2.112440,3.136891,2.960670,0.000093,0.129603,0.172129,0.807761,0.349320,0.432438,-0.000551,0.000415,-0.000551,-0.003773,2.216267,0.420841,0.001059,0.000415,-0.000229,1.747839
1.210685,53.824379,0.004684,0.932808,0.059260,0.424526,2.976451,1.262566,1.934904,1.142235,1.674517,2.398142,1.379609,0.857190,2.102906,2.151235,3.178316,2.990259,-0.000551,0.145712,0.189848,0.814204,0.366395,0.441459,-0.000229,0.000415,0.000093,0.000415,2.154734,0.609951,0.002992,0.000093,-0.000874,1.677285
1.508625,55.877390,0.026712,1.048535,0.063534,0.676037,3.026753,1.292484,2.013480,1.248429,1.729750,2.447129,1.427609,0.901903,2.157482,2.181811,3.250317,3.031684,-0.000229,0.141846,0.190815,0.802284,0.380248,0.454346,-0.000551,-0.000229,0.000737,-0.000874,2.228510,0.682761,0.002992,-0.000551,-0.000229,1.798097
1.432732,55.145676,0.072411,1.089961,0.064849,0.793737,3.063575,1.405910,2.052932,1.332265,1.762627,2.462910,1.511117,0.946945,2.138742,2.221263,3.288125,3.052397,0.000737,0.154410,0.189204,0.811305,0.387980,0.450480,0.000093,-0.000229,-0.000229,-0.000229,2.327414,0.805184,0.003637,-0.000551,-0.003451,1.928252
0.573480,55.126460,-0.027207,1.215880,0.068137,0.908150,3.079027,1.478898,2.111125,1.469034,1.921424,2.493815,1.627173,1.006124,2.163400,2.215674,3.313112,3.124397,0.020389,0.169230,0.196614,0.807117,0.375415,0.460145,-0.000551,-0.000551,-0.000551,0.000093,2.217556,0.936627,0.003637,-0.001196,-0.000551,2.023935
-0.528714,53.936146,-0.114661,1.385855,0.199975,0.920314,3.111575,1.496651,2.206797,1.797477,2.073645,2.481979,1.743559,1.104755,2.226195,2.189701,3.322318,3.140507,0.033276,0.178250,0.210145,0.809372,0.384758,0.471098,-0.000229,-0.000551,-0.000874,-0.000551,2.215945,1.014591,0.003315,0.016523,-0.000229,2.345456
-1.075568,53.957151,-0.029508,1.482843,0.495212,1.110673,3.101055,1.527884,2.295894,2.006904,2.111125,2.596062,1.968109,1.185304,2.228496,2.183126,3.329551,3.204618,0.045840,0.187271,0.277799,0.845776,0.414075,0.513946,0.000415,-0.000229,-0.000874,-0.000551,2.270069,1.172774,0.004281,0.663431,0.001704,2.422775
-0.540224,53.626553,0.022766,1.537748,0.779929,1.190236,3.017876,1.533802,2.301812,2.083179,2.126906,2.661817,2.059837,1.193195,2.253154,2.150906,3.326263,3.220727,0.056794,0.193392,0.304539,0.871227,0.431472,0.524578,0.000093,-0.000551,-0.000551,-0.000551,2.295842,1.290364,0.004603,0.761691,0.002670,2.302930
0.783268,53.928395,-0.085400,1.590351,0.973575,1.427938,3.019848,1.544652,2.310360,2.150578,2.310689,2.685159,2.196277,1.257963,2.318580,2.146303,3.350592,3.213166,0.059693,0.198869,0.309694,0.881859,0.442103,0.538753,0.000093,0.000415,-0.000551,0.000093,2.304541,1.290364,0.003959,0.803895,0.002026,2.200481
2.099696,52.717484,-0.235649,1.647886,1.127769,1.812929,3.092835,1.641639,2.406033,2.221263,2.517815,2.751571,2.288333,1.292813,2.350470,2.194633,3.353222,3.216125,0.079346,0.227541,0.335467,0.907954,0.503315,0.585789,-0.000229,-0.000229,0.001382,0.000415,2.484631,1.565816,0.051317,1.081923,0.187593,2.352221
2.728408,52.331661,-0.529901,1.649201,1.002179,1.987836,3.154644,1.735997,2.492828,2.268278,2.850531,2.754530,2.339950,1.470021,2.467513,2.237702,3.342373,3.128014,0.102864,0.232052,0.336755,0.897967,0.541330,0.628637,-0.000229,-0.000551,-0.000874,-0.002162,2.754928,1.647968,0.047773,1.498483,0.154732,2.538111
2.477947,50.770652,-0.563435,1.572926,0.755600,1.700161,3.149055,1.899067,2.469486,2.207784,2.826531,2.718365,2.229154,1.503555,2.439896,2.186414,3.287139,2.903135,0.103830,0.239139,0.278766,0.872194,0.444359,0.556150,-0.000551,-0.000551,-0.000551,0.001059,2.832892,1.646357,0.027155,1.461434,0.406665,2.546165
1.544901,48.453639,-0.587436,1.589694,0.815765,1.775121,3.174699,1.991781,2.585213,2.252497,2.883080,2.801873,2.276497,1.561419,2.540829,2.336004,3.317386,2.982697,0.118005,0.282954,0.277477,0.875093,0.454346,0.570969,0.000093,-0.000551,-0.000229,0.000737,2.893781,1.847710,0.027155,1.789076,0.537142,2.612531
0.572403,47.692953,-0.460858,1.579502,1.119879,2.066412,3.188837,2.051289,2.671351,2.372498,2.925820,2.882751,2.362964,1.679448,2.674639,2.447787,3.384455,3.033657,0.128315,0.316459,0.319036,0.904410,0.487851,0.621872,-0.000229,0.000415,-0.000874,0.137013,3.024903,2.007182,0.291652,2.306151,0.899256,2.609309
-0.098861,44.930085,-0.335267,1.699174,1.465747,2.394855,3.211522,2.115728,2.881107,2.596720,2.930751,2.896888,2.461266,1.740271,2.797270,2.528007,3.499854,3.207248,0.153444,0.343843,0.348676,0.963367,0.526833,0.695970,0.000737,-0.000229,0.000415,0.817748,3.121874,2.406989,0.616395,2.669554,1.356730,2.517492
-0.689570,40.755738,-0.296472,1.949041,1.830354,2.622364,3.196070,2.162085,2.953765,2.742366,2.984341,2.897217,2.549048,1.971068,2.931738,2.631570,3.578101,3.285824,0.180505,0.361884,0.343199,1.001382,0.562271,0.714977,0.000093,-0.000229,-0.000551,1.130570,3.215303,2.558729,0.784243,2.876707,1.565816,2.545198
0.660593,37.204720,-0.262937,2.111454,2.052932,2.835079,3.225330,2.249866,2.944889,2.803846,3.056999,2.991574,2.790695,2.273209,2.995848,2.725927,3.635307,3.409113,0.218521,0.448869,0.399255,1.070325,0.697903,0.779732,-0.000229,0.000415,-0.000874,1.333212,3.291334,2.637982,1.118006,3.099645,1.984308,2.669554
-3.664655,52.268125,-0.212964,2.299182,2.348827,3.045821,3.340729,2.384991,3.029383,2.947519,3.169439,3.022807,3.035629,2.419841,3.140836,2.919902,3.705664,3.490319,0.293263,0.556150,0.512335,1.315815,0.864140,1.083534,0.000415,0.000093,-0.000874,1.976254,3.558409,2.979477,2.309373,3.283602,2.706603,2.905379
0.313967,-0.488523,-0.155428,2.596391,2.646693,3.332509,3.397277,2.651296,3.305550,3.142809,3.219412,3.083301,3.069164,2.481979,3.213494,3.003081,3.697116,3.517279,0.420518,0.761691,0.564526,1.465300,1.084823,1.286820,-0.000229,0.098998,0.000415,2.450804,3.633474,3.160857,2.741397,3.563564,3.234632,3.144104
-1.028897,-0.603192,-0.206388,2.576007,3.062917,3.504128,3.439689,2.522747,3.195083,3.097438,3.257878,3.153329,2.909381,2.542473,3.255577,3.058315,3.736569,3.537005,0.284565,0.335467,0.614784,1.404733,0.884114,1.149578,0.000093,0.036175,-0.000229,2.014592,3.543589,2.908279,2.324515,3.436308,2.836758,3.212725
1.386998,-0.884218,0.232852,2.906751,3.010643,3.219084,3.561005,2.899847,3.261166,3.177658,3.018204,3.202645,2.911354,2.341594,3.156617,3.087904,3.831584,3.817775,0.540686,0.743006,0.581279,1.637981,1.153444,1.513303,0.000093,0.199513,0.284887,2.521358,3.896361,3.440496,2.928897,3.160212,3.291011,3.358988
9.566333,-1.688942,0.171700,3.522539,3.598156,3.811857,4.031476,3.636294,3.714212,3.658979,3.631362,3.738213,3.588293,3.185878,3.673116,3.693500,4.224793,4.135368,0.936949,1.452413,0.987851,1.930507,1.618651,1.925674,0.139913,0.877671,1.991718,3.469813,4.143784,3.945330,3.496875,3.726902,3.816464,4.160537
26.102366,0.316489,0.130933,3.843419,4.010435,4.191916,4.248794,4.009449,4.097559,3.961119,4.019312,4.055805,3.916406,3.743144,4.080463,3.992681,4.296465,4.183368,1.007503,1.619617,1.167619,2.109308,1.755571,2.027156,0.406021,1.667298,2.023612,3.718525,4.174068,4.209184,3.990755,4.187276,3.747842,4.455641
28.665047,-0.389064,0.176303,3.810542,3.995311,4.240574,4.327041,4.030819,4.056134,3.963092,4.012408,4.058107,3.910489,3.713884,4.024243,3.928900,4.219862,4.070600,0.950480,1.543908,0.992684,1.918264,1.551962,1.819682,0.155054,1.798419,1.423096,3.735600,4.265563,4.215949,3.955961,4.289403,3.582571,4.551002
29.849228,0.270360,0.204906,3.578430,3.748733,4.185341,4.238602,3.901612,3.819419,3.718815,3.886817,3.964078,3.800022,3.401880,3.843419,3.705993,4.029832,3.797391,0.903444,1.399900,0.831601,1.661499,1.245261,1.501060,0.176962,1.879927,0.552606,3.534891,4.275550,4.157959,3.809054,4.330640,3.288434,4.564533
33.883346,0.363218,0.164467,3.600129,3.732952,4.161998,4.236958,3.889447,3.791802,3.666212,3.906543,3.948297,3.800679,3.386099,3.845721,3.681993,4.035750,3.799693,0.903444,1.405377,0.835467,1.661499,1.271034,1.510081,0.218199,1.875739,0.534887,3.505896,4.269751,4.158604,3.791013,4.347393,3.328383,4.576453
37.107005,-0.225995,0.169728,3.636951,3.753336,4.194547,4.253725,3.927913,3.849008,3.681993,3.913448,3.947968,3.833556,3.440346,3.853282,3.727034,4.054490,3.814159,0.930184,1.454346,0.887658,1.679218,1.303251,1.551962,0.283598,1.916654,0.572258,3.541334,4.310666,4.196297,3.850291,4.381220,3.404414,4.594172
39.315974,1.092382,0.188468,3.666541,3.783912,4.254712,4.281342,3.976572,3.877612,3.715856,3.934489,3.964736,3.889447,3.572183,3.921667,3.783912,4.095587,3.855255,0.939204,1.522968,0.918263,1.732697,1.346743,1.604153,0.334178,1.953703,0.893779,3.606734,4.361890,4.223037,3.954995,4.403128,3.482378,4.624133
40.701720,0.946649,0.218057,3.708623,3.846050,4.317836,4.306657,4.008791,3.938763,3.771747,3.942379,3.976243,3.922324,3.650760,3.957832,3.834214,4.121559,3.910160,0.962078,1.583212,0.943070,1.798419,1.435016,1.665687,0.412464,1.983664,1.024256,3.705316,4.384442,4.244300,4.024583,4.423746,3.557765,4.641853
42.089379,0.910997,0.202605,3.742815,3.875968,4.351699,4.317178,4.026216,3.959804,3.816460,3.977558,3.980846,3.954873,3.663253,3.973613,3.863474,4.141286,3.954873,0.972065,1.616396,0.976253,1.828702,1.463367,1.713689,0.437271,1.993973,1.130248,3.764273,4.396684,4.265241,4.053578,4.437922,3.614144,4.655706
43.330196,0.960488,0.181563,3.768460,3.897009,4.361233,4.323425,4.036737,3.979530,3.843419,4.001558,4.001887,3.970982,3.692185,3.984791,3.874653,4.150491,3.930215,1.001060,1.637336,0.983019,1.858019,1.475931,1.762014,0.482052,1.976898,1.202091,3.772649,4.399906,4.275550,4.103513,4.449520,3.594814,4.655061
44.430259,0.868369,0.211482,3.806597,3.928571,4.368137,4.326055,4.041339,3.998270,3.875968,3.987092,4.009120,3.997284,3.739857,4.007805,3.889776,4.161012,3.937119,1.048740,1.668586,1.005570,1.883148,1.510725,1.808728,0.519423,2.046808,1.378960,3.792946,4.417625,4.295202,4.148617,4.463050,3.644427,4.665371
44.831505,0.656579,0.187153,3.814816,3.931201,4.370768,4.327370,4.040024,3.989394,3.872680,4.010106,3.999585,3.998599,3.733610,4.016353,3.893393,4.172190,3.940078,1.060016,1.691460,0.983985,1.878638,1.524578,1.804218,0.483663,2.050997,1.259114,3.774904,4.422780,4.300357,4.147006,4.471749,3.669234,4.670525
45.734348,0.345537,0.185180,3.793117,3.931530,4.368795,4.322438,4.030490,3.980188,3.833227,4.009120,3.982818,3.993339,3.714870,4.000243,3.886488,4.180409,3.926927,1.063560,1.689849,1.029410,1.876705,1.562916,1.808728,0.477542,2.088368,1.247838,3.776515,4.423424,4.307767,4.167624,4.474004,3.703383,4.669559
46.558087,0.474768,0.172029,3.841447,3.977558,4.381617,4.329343,4.038052,4.011421,3.856899,4.025230,3.984791,4.006490,3.758596,4.030161,3.894379,4.200464,3.961448,1.089978,1.725287,1.090300,1.896357,1.593200,1.849965,0.520067,2.191461,1.287787,3.805188,4.431800,4.327096,4.192431,4.483669,3.730768,4.670848
46.564352,-0.125975,0.172687,3.878927,3.977558,4.386549,4.331973,4.047257,4.025887,3.885173,4.037394,3.977887,4.013723,3.781610,4.038052,3.913776,4.214602,3.980517,1.120261,1.742684,1.091911,1.915043,1.611563,1.871873,0.551640,2.241396,1.468844,3.889273,4.433733,4.343849,4.221748,4.504932,3.777159,4.680513
47.261145,-0.910432,0.169070,3.941393,4.006490,4.395754,4.341507,4.058764,4.041997,3.922982,4.054161,3.996955,4.035093,3.812186,4.055477,3.936790,4.235314,3.990380,1.142490,1.760403,1.137336,1.943393,1.640236,1.896035,0.598354,2.292298,1.480764,3.908925,4.469816,4.363823,4.242689,4.514275,3.807765,4.685023
47.747787,0.347219,0.150659,3.986106,4.022271,4.399699,4.341507,4.073230,4.061723,3.951914,4.086381,4.021284,4.049559,3.873009,4.076189,3.951585,4.251095,4.015366,1.150545,1.788110,1.146679,1.955313,1.658599,1.906022,0.638946,2.321938,1.579669,3.890884,4.481736,4.380254,4.251710,4.526517,3.881219,4.683734
47.754247,-0.856165,0.135864,4.007476,4.034764,4.405946,4.348082,4.088682,4.089340,3.978215,4.108737,4.025887,4.066983,3.921996,4.108409,3.966051,4.274109,4.027531,1.173740,1.805829,1.165364,1.980764,1.682439,1.928896,0.689204,2.368652,1.713689,3.913436,4.482703,4.386697,4.272328,4.550680,3.916657,4.686311
47.604667,-1.363129,0.114165,4.039696,4.091641,4.419754,4.350055,4.108080,4.116299,4.019969,4.139313,4.043970,4.083751,3.962763,4.165286,4.004188,4.279698,4.041997,1.207890,1.832891,1.200158,2.028123,1.725932,1.976898,0.779410,2.440494,1.960468,3.947585,4.496234,4.401839,4.295524,4.566788,3.943075,4.688567
47.044379,-1.414176,0.108905,4.048572,4.126491,4.413837,4.351699,4.112025,4.136025,4.050216,4.150162,4.052518,4.079477,3.968352,4.177122,4.009120,4.281342,4.050874,1.227220,1.840300,1.212078,2.040043,1.755893,1.992685,0.801962,2.476255,2.103187,3.964660,4.490112,4.402483,4.302290,4.575164,3.992366,4.693077
47.496428,-0.534714,0.114823,4.036737,4.126491,4.405289,4.344795,4.094271,4.130765,4.056463,4.133066,4.057778,4.079148,3.961777,4.180081,4.003859,4.275753,4.077504,1.263625,1.828380,1.211756,2.026834,1.855442,1.977865,0.789075,2.487853,1.952414,3.940497,4.481736,4.391530,4.291658,4.572587,4.023616,4.689533
47.671321,-1.856320,0.119425,4.028517,4.107422,4.395425,4.340850,4.076847,4.124518,4.054819,4.125505,4.051860,4.069285,3.958160,4.174492,3.995969,4.274767,4.104463,1.271357,1.808728,1.299707,2.018458,1.877994,1.973355,0.802284,2.485598,1.969167,3.941464,4.486891,4.390241,4.290370,4.574198,4.023294,4.685345
47.252300,-0.918237,0.115480,4.034106,4.121559,4.395754,4.343151,4.089997,4.142272,4.083422,4.142272,4.092628,4.083093,3.990380,4.185341,4.002873,4.276410,4.123861,1.365429,1.825481,1.346421,2.035210,1.920520,1.990107,0.829990,2.507183,2.204669,3.963371,4.485280,4.392818,4.297135,4.579997,4.085794,4.693077
46.640317,-1.192770,0.111864,4.044298,4.122217,4.402001,4.336904,4.095915,4.161998,4.101833,4.157724,4.113669,4.099203,3.995640,4.188629,3.996955,4.275424,4.127149,1.392168,1.836112,1.368006,2.054540,1.932440,2.006216,0.834823,2.509760,2.253961,3.976902,4.496556,4.402483,4.296813,4.576131,4.088049,4.692755
46.015692,-0.037470,0.116795,4.055805,4.125176,4.404631,4.341836,4.099532,4.172519,4.118600,4.159039,4.124518,4.113669,4.016353,4.194875,4.004188,4.278383,4.135697,1.438882,1.853187,1.375094,2.062917,1.951770,2.034566,0.841910,2.518136,2.258793,4.007830,4.516852,4.415370,4.304223,4.579997,4.100936,4.695976
49.052390,-3.595254,0.118768,4.053504,4.119258,4.403973,4.343151,4.102162,4.181724,4.130107,4.160026,4.156738,4.123532,4.021942,4.194218,3.999257,4.277397,4.134053,1.470132,1.858342,1.397967,2.075481,1.973677,2.053574,0.846421,2.515237,2.239785,4.041013,4.524584,4.420847,4.305834,4.579352,4.116400,4.696621
46.740151,-1.473236,0.108247,4.056134,4.118929,4.406275,4.342822,4.098874,4.184026,4.132738,4.168574,4.170546,4.122546,4.020298,4.192245,3.998270,4.279041,4.140299,1.502671,1.867684,1.418264,2.092556,1.996551,2.081924,0.854153,2.527801,2.327414,4.084506,4.536826,4.427612,4.312599,4.581285,4.124132,4.699520
48.965814,-5.608608,0.091151,4.060079,4.112683,4.408248,4.345452,4.108737,4.209341,4.147204,4.181724,4.181396,4.130107,4.038380,4.203095,3.998270,4.282328,4.148519,1.570326,1.910210,1.446292,2.136692,2.035855,2.124772,0.869294,2.513948,2.358664,4.105769,4.549391,4.431800,4.321942,4.585474,4.138952,4.703708
46.370639,0.572886,0.088850,4.035750,4.087367,4.398056,4.331644,4.089997,4.210328,4.140957,4.170217,4.183368,4.112025,4.012079,4.185670,3.976900,4.271479,4.121888,1.512980,1.864785,1.424385,2.101899,2.011692,2.098355,0.825158,2.552608,2.225932,4.072263,4.535216,4.425035,4.310666,4.572909,4.090627,4.697265
46.168641,-5.110402,0.086877,4.027860,4.069942,4.398713,4.328356,4.088025,4.211971,4.134381,4.160354,4.167587,4.108080,4.014709,4.189615,3.967695,4.265890,4.113669,1.524578,1.868973,1.404089,2.092878,2.001383,2.091267,0.811305,2.558729,2.166010,4.058410,4.531350,4.418269,4.306800,4.577419,4.099970,4.703386
44.264382,-3.056804,0.100357,3.995640,4.036079,4.386549,4.307315,4.073559,4.212300,4.123203,4.141286,4.148190,4.063038,3.957832,4.157067,3.938434,4.240574,4.061394,1.435339,1.836112,1.380571,2.042298,1.933406,2.039399,0.712722,2.561629,1.916009,4.032637,4.510731,4.402483,4.290370,4.561955,4.041013,4.695976
40.345784,1.780257,0.112850,3.979859,4.019969,4.379973,4.301068,4.059422,4.205396,4.109395,4.127149,4.139971,4.043312,3.936461,4.147532,3.915091,4.225451,4.041339,1.414076,1.829991,1.372839,2.029089,1.912788,2.027801,0.638624,2.600289,1.807762,4.015884,4.502355,4.390885,4.281349,4.556801,4.011696,4.691466
37.442422,-1.621110,0.123042,3.971969,3.993010,4.375370,4.293835,4.053504,4.199807,4.106436,4.120573,4.137998,4.029175,3.917722,4.135368,3.882214,4.209012,4.011092,1.395068,1.806151,1.346099,2.015558,1.886370,2.009759,0.570325,2.624451,1.724643,3.986245,4.494623,4.376710,4.262985,4.537793,3.949196,4.683412
30.518043,7.956889,0.143097,3.946982,3.943366,4.371425,4.281671,4.021613,4.161341,4.077833,4.080792,4.124190,3.968681,3.857228,4.099861,3.875968,4.183368,3.960462,1.288109,1.738174,1.279411,1.960146,1.798419,1.937916,0.341910,2.591590,1.272645,3.900549,4.466272,4.354481,4.229802,4.489468,3.793268,4.659894
-0.157116,-0.801580,0.124028,4.057120,4.057120,4.365507,4.314877,4.117285,4.253396,4.116299,4.147861,4.174492,4.028517,3.971640,4.143258,3.951914,4.250438,4.039696,1.385725,1.771357,1.345132,1.963368,1.848355,1.929540,0.404410,2.589657,1.233663,3.914724,4.478837,4.348682,4.221104,4.465950,3.813886,4.643463
-0.139438,-0.864894,0.237126,3.844077,3.916406,4.152793,4.259643,4.093285,4.143916,4.012079,3.933831,4.099532,3.889447,3.724733,3.963749,3.839474,4.225451,3.912461,1.157632,1.430184,1.246228,1.761370,1.675674,1.855442,0.023611,2.598678,0.596098,3.930188,4.438566,4.310022,4.063887,4.291336,3.512339,4.587084
-0.204151,-0.649086,0.399868,4.159368,4.096902,4.148519,4.402330,4.252739,4.348740,4.189286,3.903584,4.041997,3.975914,3.883529,4.091313,4.133395,4.399371,4.259643,1.544553,1.815816,1.274256,2.013625,1.784566,2.025223,0.645390,2.101899,2.200803,4.049067,4.465628,4.231735,4.063887,4.287148,4.045846,4.477548
-0.044742,-0.357123,0.413677,4.252410,4.185670,4.197505,4.488796,4.355973,4.424029,4.272465,3.956516,4.128464,4.068627,4.034435,4.264903,4.284958,4.494385,4.436193,1.786499,1.965623,1.403122,2.228832,1.957891,2.236886,1.120583,1.859952,3.156668,4.184699,4.500422,4.286826,4.142818,4.317431,4.146361,4.460795
-0.111270,-0.972907,0.388032,4.221177,4.197834,4.243533,4.450988,4.295479,4.381617,4.218218,3.961119,4.128464,4.051860,3.957174,4.241890,4.254712,4.486824,4.418768,1.647001,1.925030,1.297130,2.225610,1.892813,2.209502,1.165686,1.649579,3.209826,4.161181,4.486569,4.212083,4.146361,4.300357,4.086116,4.401195
0.745723,-15.492534,0.242058,4.244191,4.231698,4.361891,4.369781,4.164957,4.343151,4.196519,4.109724,4.153450,4.046600,3.956516,4.230711,4.279041,4.479262,4.407919,1.398934,1.671486,1.158599,2.184695,1.768458,2.141203,1.075802,1.251382,3.007506,4.065176,4.511698,4.195653,4.177612,4.280705,3.829350,4.199841
-0.030254,-32.399923,0.335758,3.943366,3.939092,4.086381,3.918050,3.673774,4.076518,3.948955,3.789830,3.904899,3.724404,3.388401,3.910817,3.753007,4.322438,4.268849,1.414720,1.684695,1.089655,2.270069,1.856731,2.195971,0.607052,0.733341,3.556154,4.071941,4.502033,4.260730,4.250743,4.423746,4.219493,4.167624
0.747868,-38.831965,0.375210,3.648458,3.575142,3.778980,3.197056,3.139521,3.832899,3.669171,3.499854,3.713226,3.532073,2.933382,3.380839,3.248344,4.212629,4.208684,1.224320,1.847710,0.993972,2.184695,1.656988,2.070971,0.842233,0.216910,3.571940,4.025227,4.466916,4.381220,4.370589,4.544558,4.446298,4.039725
0.928054,-41.281525,0.312744,3.766816,3.666869,3.867748,3.399907,3.241769,3.873009,3.782597,3.630047,3.791145,3.527471,3.000780,3.410757,3.388072,4.299424,4.268191,1.308083,1.934050,1.079990,2.291332,1.792620,2.207891,1.017168,0.341266,3.627030,4.204996,4.529094,4.474971,4.452741,4.600938,4.467883,4.111245
0.919776,-42.656138,0.291045,3.763199,3.662267,3.884844,3.435744,3.249988,3.850324,3.773062,3.643527,3.786542,3.513333,3.025766,3.391031,3.379852,4.310931,4.273780,1.302284,1.934373,1.128637,2.311628,1.843200,2.216590,0.971099,0.327413,3.629930,4.214016,4.535538,4.477226,4.453063,4.597072,4.459184,4.130897
1.210699,-44.750105,0.276907,3.736898,3.650760,3.892406,3.349277,3.212508,3.844406,3.774706,3.661609,3.776679,3.532402,2.986314,3.376236,3.366373,4.297123,4.271808,1.287787,1.919231,1.136047,2.293265,1.836757,2.212079,0.944359,0.313882,3.587082,4.200807,4.525551,4.472393,4.439532,4.595783,4.449520,4.121877
1.383530,-46.844394,0.292360,3.698760,3.678705,3.864132,3.347304,3.175357,3.827310,3.760569,3.633664,3.740185,3.493278,2.932395,3.397277,3.331523,4.299424,4.284630,1.287143,1.905700,1.159565,2.275546,1.830958,2.191138,0.918908,0.315815,3.554543,4.182122,4.524906,4.467561,4.428257,4.587084,4.425357,4.122199
1.432097,-48.561855,0.256852,3.684294,3.663582,3.836186,3.287139,3.057657,3.783583,3.713226,3.634979,3.702377,3.436730,2.905107,3.371962,3.256892,4.293178,4.282657,1.233341,1.866074,1.140557,2.238175,1.804862,2.136048,0.877671,0.243650,3.506218,4.148617,4.506543,4.462084,4.406671,4.575809,4.403772,4.088694
1.373690,-51.409670,0.283154,3.588622,3.638595,3.819748,3.246371,2.916943,3.742487,3.661938,3.566923,3.650431,3.403853,2.882093,3.340400,3.216125,4.260629,4.250438,1.130570,1.843844,1.159243,2.199837,1.789720,2.105120,0.840622,0.206923,3.412468,4.115111,4.482058,4.447909,4.381220,4.555512,4.363179,4.076451
1.710092,-53.641877,0.306826,3.567581,3.587964,3.820734,3.185220,2.784120,3.666869,3.634979,3.539306,3.625773,3.373606,2.862367,3.263139,3.145439,4.248136,4.249122,1.066782,1.811628,1.161820,2.190494,1.818071,2.078703,0.797129,0.177606,3.302932,4.072908,4.471749,4.437599,4.356091,4.538437,4.325163,4.057766
2.079934,-56.407618,0.266058,3.546211,3.581060,3.801337,3.095794,2.740393,3.642540,3.576457,3.544895,3.589280,3.351249,2.832778,3.250646,3.100068,4.226109,4.214930,1.022645,1.779411,1.187916,2.164077,1.820004,2.035210,0.729797,0.170518,3.252029,4.049067,4.456929,4.423746,4.329996,4.523618,4.296169,4.022005
2.362802,-58.302802,0.256524,3.512676,3.557389,3.799035,3.012944,2.627624,3.569224,3.547526,3.493936,3.537334,3.322646,2.715078,3.210864,3.025766,4.214602,4.219862,0.946292,1.738174,1.212722,2.118007,1.827414,2.002350,0.649900,0.155699,3.158279,3.998487,4.445331,4.404416,4.291336,4.500422,4.257831,3.974003
2.492848,-60.045340,0.225619,3.452182,3.525498,3.772405,2.894258,2.529979,3.529443,3.488347,3.486045,3.517607,3.274975,2.646693,3.212508,2.997492,4.215588,4.212300,0.885080,1.683406,1.175996,2.063239,1.809373,1.939527,0.536820,0.107696,3.039400,3.934698,4.432445,4.372844,4.247844,4.476904,4.207895,3.923101
2.400380,-61.330568,0.226276,3.409442,3.533060,3.771419,2.759462,2.381704,3.492621,3.473881,3.450867,3.468949,3.201001,2.561541,3.134261,2.969546,4.189944,4.198163,0.855119,1.641847,1.162787,2.018780,1.799063,1.905056,0.483018,0.089333,2.978833,3.887340,4.409893,4.340305,4.190176,4.453386,4.159248,3.890884
2.624938,-62.078287,0.184522,3.375907,3.474867,3.736898,2.630583,2.359018,3.450867,3.430483,3.437387,3.432785,3.141165,2.468170,3.083630,2.959354,4.182053,4.169889,0.834178,1.585790,1.142168,1.979154,1.793586,1.877994,0.420518,0.068714,2.963047,3.835794,4.387664,4.317754,4.143462,4.427612,4.095781,3.832894
2.380587,-63.714627,0.145727,3.323961,3.381168,3.643527,2.497760,2.247236,3.376565,3.334482,3.359797,3.349277,3.064232,2.242633,3.021821,2.871901,4.159368,4.157395,0.771356,1.527156,1.088689,1.910210,1.736241,1.818715,0.388624,0.032632,2.765237,3.737211,4.372844,4.275228,4.071619,4.375099,4.026516,3.708860
1.945655,-64.333021,0.169728,3.193111,3.329879,3.589937,2.242962,2.001973,3.318701,3.261495,3.272673,3.340071,2.969546,2.110467,2.985656,2.846915,4.129450,4.148519,0.695970,1.424707,1.026511,1.843522,1.701447,1.763625,0.328057,0.026510,2.540366,3.623809,4.324841,4.220782,3.970459,4.318720,3.901193,3.601901
1.898794,-64.387844,0.072082,3.087904,3.263139,3.545224,2.098303,1.885259,3.238481,3.211851,3.229275,3.260180,2.904121,2.002302,2.885381,2.766695,4.103148,4.125833,0.581601,1.336756,1.002671,1.798419,1.646357,1.713367,0.326768,0.000093,2.245262,3.508795,4.275872,4.177289,3.820974,4.258475,3.788113,3.514272
2.035931,-66.336623,-0.024577,2.783133,3.118480,3.378537,2.095673,1.747833,3.087904,3.107959,3.069822,3.105329,2.756503,1.542350,2.752229,2.752557,4.081449,4.094600,0.490106,1.270068,0.966910,1.728831,1.585468,1.666009,0.298418,0.000093,1.831924,3.385406,4.223359,4.124776,3.651193,4.187599,3.623809,3.386372
2.157065,-67.238281,0.035589,2.495787,2.873545,3.160234,2.155838,1.656434,2.905107,2.905765,2.752557,2.926806,2.410636,1.239552,2.590473,2.642419,4.067641,4.034764,0.339333,1.177606,0.957568,1.679540,1.504604,1.578380,0.256536,0.000093,1.274578,3.263627,4.203707,4.068075,3.541334,4.059054,3.461437,3.215303
2.353488,-67.661997,0.115480,2.364279,2.779845,3.068178,2.116714,1.500268,2.789709,2.736776,2.547404,2.804832,2.200551,1.072207,2.556610,2.642748,4.055805,3.962434,0.278121,1.090622,0.925029,1.620261,1.445004,1.497194,0.187593,0.000415,0.270389,3.068073,4.125421,3.997521,3.409246,3.942108,3.322584,3.056153
2.255359,-67.646723,0.228249,2.146961,2.639460,2.942587,2.088440,1.392759,2.656556,2.509924,2.198249,2.717379,1.981918,0.793737,2.447787,2.595734,4.039696,3.919365,0.195003,0.993650,0.874127,1.548419,1.329991,1.393457,0.154732,0.000093,0.000093,2.849322,4.072263,3.906992,3.238821,3.811631,3.274581,2.903124
1.814351,-68.239938,0.129946,1.969753,2.441540,2.729215,1.889533,1.208976,2.459951,2.295566,2.015453,2.581597,1.841204,0.707270,2.359676,2.680885,4.033778,3.883858,0.150222,0.945970,0.825802,1.495261,1.252671,1.277156,0.113817,-0.000551,-0.000551,2.502995,3.985601,3.796812,2.967235,3.616721,3.154735,2.794232
3.727162,-69.202864,0.045123,1.840546,2.367567,2.621378,1.549583,0.890725,2.341922,2.083837,1.931287,2.529322,1.700490,0.667160,2.233757,2.662803,4.010764,3.866762,0.132503,0.893457,0.790686,1.412465,1.185338,1.183405,0.067425,0.000093,-0.000229,2.005249,3.886051,3.654092,2.684052,3.422777,2.981732,2.705314
4.997393,-69.584442,-0.131099,1.660708,2.213044,2.441211,1.331937,0.580693,2.336333,1.851724,1.858957,2.521431,1.582461,0.623433,2.083837,2.665104,3.997613,3.837173,0.101575,0.826446,0.746549,1.335790,1.115429,1.080313,0.000093,-0.000229,-0.000229,1.509759,3.788435,3.403125,2.331603,3.088047,2.773291,2.535855
5.731033,-69.722850,0.007314,1.550570,1.934904,2.265976,1.279662,0.413348,2.213702,1.470021,1.651503,2.487568,1.423664,0.441294,1.836930,2.519788,3.959147,3.796076,0.074835,0.774900,0.690493,1.265235,1.021356,1.003637,0.000415,0.000093,0.000093,1.188238,3.711760,3.330316,1.991074,2.926642,2.488497,2.335469
5.977734,-70.901943,0.308470,1.364485,1.823450,2.065097,1.807011,0.485349,2.262031,1.172811,1.328649,2.400444,1.354293,0.288743,1.696216,2.604611,3.924626,3.733281,0.050029,0.760080,0.643134,1.223354,0.922774,0.926640,-0.000874,-0.000229,-0.000551,0.796485,3.715626,3.206604,1.409243,2.747196,2.204669,2.152156
4.999268,-71.069770,0.378827,1.306621,1.802409,2.043727,1.921095,0.478116,2.267949,1.150783,1.183003,2.385320,1.356923,0.278223,1.809313,2.685159,3.906543,3.715528,0.044230,0.653122,0.613817,1.136691,0.861562,0.862529,0.000093,0.000415,-0.001196,0.480441,3.634762,3.051642,1.047452,2.560662,2.043265,2.024579
3.642267,-72.027218,0.555049,1.163277,1.673859,1.984219,1.841204,0.384416,2.229811,1.118893,0.943328,2.366251,1.323389,0.170056,1.752107,2.693707,3.888461,3.704021,0.042941,0.606408,0.580634,1.073547,0.805184,0.781021,0.000093,0.000093,-0.000551,-0.000874,3.557442,2.909890,0.907310,2.320971,1.830313,1.827092
4.233159,-71.041465,0.665516,1.079769,1.664653,1.961534,1.743230,0.298278,2.188715,1.087659,0.867382,2.332059,1.316156,0.134549,1.727778,2.746311,3.879913,3.712897,0.031343,0.598031,0.569681,1.036498,0.754281,0.679539,0.000737,0.000093,-0.000229,-0.000551,3.483344,2.804541,0.582567,1.896035,1.234308,1.585145
4.255104,-73.826546,0.327538,1.116262,1.729421,1.964822,1.503227,0.064520,2.139071,1.099824,1.173469,2.339292,1.378951,0.135207,1.726791,2.734146,3.870707,3.719144,0.054539,0.523933,0.541330,0.979797,0.716588,0.627348,-0.000229,0.000737,-0.000229,-0.000551,3.384117,2.762016,0.346743,1.520068,1.045841,1.409243
-0.101185,-74.015375,0.473184,0.745079,1.305964,1.783340,1.809313,0.052356,1.842190,0.750668,0.709243,2.206469,1.279333,-0.000248,1.541364,2.648666,3.815145,3.663253,0.035531,0.468199,0.461433,0.891846,0.606408,0.538109,-0.000229,0.000737,-0.000551,-0.000551,3.344813,2.701448,0.278444,1.223676,0.919230,1.298741
-2.975755,-74.904016,0.551432,0.541240,1.167222,1.728435,1.869807,0.048082,1.684380,0.672420,0.631653,2.134797,1.334238,0.000081,1.411171,2.600008,3.784241,3.669828,0.033598,0.460789,0.400544,0.846421,0.576124,0.476897,0.000093,-0.000229,0.000415,-0.000551,3.323228,2.681474,0.160209,0.991395,0.477864,1.048740
-5.007945,-68.746270,0.585625,0.571159,1.109029,1.748819,2.079892,0.050712,1.608105,0.777627,0.607981,2.088111,1.351005,0.000739,1.402623,2.611843,3.721774,3.667856,-0.000551,0.464011,0.360596,0.837400,0.570325,0.445325,0.000415,-0.000551,-0.000229,0.000737,3.222068,2.626706,0.187271,0.684694,0.169552,0.919552
-6.300211,-59.698201,0.664201,0.385731,0.799326,1.493692,2.308716,0.043150,1.367115,0.497842,0.371594,1.801094,1.223113,0.001396,1.216538,2.546747,3.666869,3.598485,-0.000229,0.445003,0.236884,0.776189,0.481408,0.384114,0.000093,0.000093,0.000415,0.000093,3.117042,2.490108,0.088366,0.000093,-0.000874,0.612851
-4.288310,-49.163224,0.792093,0.032958,0.381128,0.973247,2.232113,0.031314,1.055768,0.282168,0.034273,1.580488,0.758559,-0.000248,0.751654,2.432663,3.579088,3.407140,0.000415,0.395389,0.065492,0.695003,0.432116,0.376704,0.000415,-0.000229,-0.000229,-0.000229,3.170199,2.268780,0.009758,-0.000551,-0.001196,0.125093
-1.656521,-15.387588,0.654667,0.022766,0.021451,0.703982,1.676489,0.023753,0.926561,0.043479,0.020465,1.354622,0.513295,0.001396,0.757244,2.263346,3.419305,3.198700,0.000415,0.338044,0.002670,0.629926,0.376060,0.358985,0.000415,-0.000229,0.000093,-0.000551,3.114465,1.779733,0.006858,0.000093,-0.000229,-0.001196
-0.960980,-0.716171,0.533350,0.017177,0.017506,0.394279,1.228702,0.019479,0.842395,0.018492,0.016848,1.218839,0.348251,-0.000576,1.103769,2.133153,3.304564,2.969218,-0.000551,0.292619,0.001382,0.574191,0.365428,0.336755,0.000093,0.000093,0.001382,-0.000551,3.268460,1.569359,0.052606,-0.000229,-0.000229,0.178895
-0.882882,-0.670214,0.537295,0.020465,0.019807,0.427814,1.098837,0.020465,1.240867,0.019479,0.020136,1.351334,0.398882,0.000081,1.208318,1.785641,3.105986,2.667735,0.000093,0.184049,0.031343,0.591910,0.425351,0.338366,0.000093,-0.000229,0.000093,0.001059,3.426643,1.673419,0.083534,0.426640,0.001059,2.143136
-0.137469,-0.535523,0.650064,0.021451,0.021123,0.607323,1.041302,0.024739,1.377636,0.023424,0.022766,1.506843,0.483048,0.000081,1.251388,1.955945,3.106973,2.690420,-0.000229,0.116395,0.153121,0.900222,0.625738,0.496549,-0.000229,-0.000874,-0.000229,0.000415,3.451450,1.820326,0.446936,0.953057,0.003315,2.654090
-9.579891,-4.177870,0.809847,0.026383,0.026054,0.833847,1.397691,0.026712,1.349690,0.399868,0.025725,1.566680,0.558008,-0.000905,1.237579,2.074303,3.224015,2.814038,0.000093,0.110273,0.349320,1.228831,0.796163,0.798418,0.000093,0.000093,0.000737,0.000093,3.596424,1.767169,0.015879,1.025222,0.529088,2.414399
-18.701012,-3.431320,0.686886,1.164921,0.640529,1.856327,2.574692,0.951876,2.167016,1.213908,0.997247,2.324826,1.371718,0.588912,1.994411,2.744009,3.605389,3.376236,-0.000229,0.000093,0.430828,1.164720,0.870583,0.907632,0.000415,-0.000229,-0.000229,-0.000551,3.372842,2.368974,0.200802,0.679217,1.043264,3.228833
-23.332124,-4.407434,1.089303,0.680968,0.694119,1.615009,2.304771,0.200632,1.863889,1.018288,0.512308,2.268278,1.272429,0.006657,1.296101,2.510582,3.577773,3.402866,0.000093,0.116717,0.237206,0.815815,0.446614,0.410853,-0.000229,0.000415,0.000093,-0.000229,2.744619,1.877349,0.024577,0.314848,0.000093,1.684695
-26.355367,-4.717294,1.205360,0.772696,0.923273,1.574241,1.961863,0.047753,1.864218,0.931821,0.244359,2.010850,1.266182,0.001067,1.069906,2.556939,3.576129,3.614924,0.000093,0.289075,0.150544,0.897323,0.407632,0.383469,0.000093,0.000737,-0.000874,-0.000551,2.605443,1.863174,0.019423,0.470132,0.001382,0.737529
-28.699435,-4.181323,1.156044,0.937739,1.066289,1.567995,1.611392,0.049068,1.883944,0.940369,0.338717,1.900383,1.232976,0.000410,1.063001,2.557925,3.577444,3.675089,0.001059,0.383147,0.190170,0.960789,0.457890,0.381536,0.000415,0.000093,0.002348,-0.003451,2.705314,1.844811,0.051639,0.544230,0.001382,0.116395
-30.798284,-3.877523,1.157688,1.060371,1.174455,1.618297,1.322402,0.054000,1.943123,1.050508,0.467924,1.933588,1.222784,0.000410,1.088317,2.609542,3.621170,3.713555,0.000093,0.417619,0.249127,1.005248,0.531665,0.393456,0.000093,-0.000229,-0.000551,-0.000229,2.743008,1.995262,0.053572,0.816137,0.002348,-0.000551
-31.872916,-2.874170,1.176428,1.046234,1.164592,1.603502,1.263881,0.049068,1.938520,1.075166,0.426499,1.732709,1.144866,0.003040,1.115605,2.601980,3.605718,3.727034,0.000415,0.410531,0.265235,1.024256,0.536820,0.374127,0.000737,0.000415,-0.000874,-0.000551,2.740753,1.939527,0.055828,0.930184,0.003959,-0.000874
-31.752978,-4.853919,1.201743,1.039330,1.150126,1.589365,1.276703,0.048411,1.927671,1.080426,0.415649,1.698846,1.094892,0.000410,1.148153,2.609542,3.626431,3.737226,0.000093,0.421807,0.272967,1.050673,0.558083,0.373482,0.000415,-0.000229,-0.000229,-0.001196,2.753317,2.011370,0.055828,0.989784,0.004281,-0.000229
-34.619293,4.076357,1.185304,1.039659,1.152756,1.587392,1.262566,0.048082,1.902684,1.062344,0.424526,1.691613,1.047549,0.000739,1.168537,2.611515,3.621828,3.740843,0.000093,0.433405,0.269423,1.078702,0.565493,0.379926,0.000415,0.000737,0.000093,-0.000229,2.750095,1.963368,0.055505,0.984952,0.003959,0.000415
-33.268196,-2.132986,1.156044,1.043604,1.136317,1.575885,1.243497,0.047753,1.882958,1.047220,0.412033,1.704435,1.033741,0.001396,1.136646,2.596391,3.625773,3.756295,0.000093,0.435016,0.258469,1.087722,0.555183,0.370905,0.000093,0.000093,-0.000229,0.000093,2.717879,1.912465,0.056150,0.960145,0.003315,-0.000229
-35.118325,5.928621,1.078125,1.025521,1.061358,1.539063,1.228702,0.045452,1.676818,0.957466,0.387046,1.606790,0.900259,0.003698,1.108043,2.568446,3.589280,3.739199,0.000093,0.411176,0.245905,1.103831,0.534887,0.357374,-0.000229,0.000093,-0.000551,-0.000229,2.695972,1.823226,0.053572,0.885403,0.003959,-0.000229
-36.613303,4.918518,1.158345,1.011713,1.052152,1.550241,1.245141,0.046109,1.804381,0.983439,0.355813,1.706736,1.078782,-0.000248,1.083385,2.540500,3.594540,3.761227,0.000093,0.447258,0.247838,1.077091,0.516524,0.356085,-0.000229,0.000415,-0.000874,0.000093,2.666655,1.835790,0.053250,0.837400,0.002992,-0.000229
-37.702391,4.725034,1.185304,1.030124,1.099495,1.531501,1.214236,0.046438,1.851067,1.057412,0.402170,1.716599,1.098180,0.000739,1.057741,2.524719,3.589937,3.777336,0.000415,0.470132,0.241717,1.092877,0.524578,0.355763,-0.000551,0.000737,-0.001518,0.000093,2.724644,1.850610,0.048740,0.958856,0.003315,-0.000874
-39.348349,4.382332,1.191222,1.032754,1.086015,1.522295,1.161962,0.046767,1.802080,1.069906,0.401841,1.672544,1.111331,0.001396,1.070892,2.545432,3.576457,3.773062,-0.000229,0.484307,0.247838,1.128960,0.543263,0.353830,-0.000551,0.000093,0.000093,-0.000551,2.821294,1.892169,0.037142,1.031021,0.003315,-0.000551
-40.386006,3.469883,1.188592,1.059056,1.092262,1.517364,1.030782,0.046109,1.794518,1.081741,0.392306,1.678462,0.988041,-0.000905,1.073851,2.560226,3.590266,3.789172,-0.000229,0.479797,0.243328,1.155377,0.527477,0.348998,0.000415,-0.000229,0.000093,-0.000229,2.853511,1.857053,0.045840,1.022967,0.005248,-0.001196
-41.090071,3.685956,1.167880,1.083056,1.099166,1.515720,1.024206,0.046109,1.769203,1.084700,0.395923,1.656105,0.918342,0.000739,1.061358,2.566802,3.587636,3.795419,0.000093,0.500415,0.241395,1.175351,0.549707,0.345454,0.000093,0.000093,-0.000229,-0.000551,2.881217,1.817749,0.047773,0.964977,0.003315,-0.000229
-41.826667,3.119611,1.116591,1.194839,1.129084,1.534460,0.937739,0.048082,1.826738,1.104427,0.474171,1.656434,0.969301,0.000739,1.045905,2.593104,3.632677,3.807912,0.000415,0.509114,0.243005,1.213367,0.574191,0.367683,0.000093,0.000093,-0.000229,-0.000874,2.935341,1.837401,0.047129,1.034565,0.004281,-0.000551
-42.111883,3.005538,1.131715,1.214894,1.119879,1.544323,0.965356,0.047096,1.833313,1.118564,0.462993,1.659722,0.949246,-0.000248,1.078782,2.674968,3.645499,3.813501,0.000093,0.542297,0.241717,1.235274,0.595454,0.388624,0.000093,-0.000229,0.002348,-0.001518,2.985921,1.891525,0.047773,1.109630,0.003959,-0.000229
-41.280810,3.873091,1.194181,1.198127,1.108701,1.518679,0.992644,0.046109,1.804710,1.099824,0.390663,1.674188,0.871327,-0.000576,1.099495,2.689433,3.653719,3.808570,0.000093,0.602864,0.237529,1.254604,0.601253,0.392168,-0.000229,-0.000229,0.000093,0.000415,3.014593,1.906666,0.046163,1.182439,0.005570,-0.000229
-40.941430,3.337199,1.211935,1.134345,1.116920,1.496651,0.975877,0.046109,1.758025,1.090618,0.332799,1.643612,0.793408,0.000739,1.106070,2.653269,3.646157,3.801008,0.000093,0.598031,0.218843,1.234952,0.573869,0.363495,0.000093,0.000093,-0.000551,-0.000874,2.965624,1.825803,0.048740,1.019423,0.004281,-0.000229
-40.494084,1.928865,1.329964,0.968973,1.016645,1.471007,0.889081,0.043479,1.716271,1.034398,0.189454,1.532487,0.713188,-0.000248,1.083385,2.623022,3.612951,3.787200,-0.000229,0.578701,0.206601,1.219488,0.539719,0.347709,-0.000551,-0.000229,0.000093,0.000415,2.937596,1.784888,0.047451,0.934694,0.003315,-0.000229
-40.458105,0.080683,1.286566,0.887766,0.957466,1.411499,1.054453,0.039205,1.552542,0.903547,0.113508,1.422349,0.692147,0.000410,1.059385,2.587514,3.601115,3.770432,-0.000229,0.554861,0.183405,1.192104,0.507181,0.327735,-0.000229,0.000093,-0.000551,-0.000229,2.947583,1.767813,0.046485,0.748160,0.002348,0.000415
-41.567313,3.038928,1.263223,0.861135,0.916040,1.336539,0.774668,0.037561,1.518021,0.869355,0.104302,1.351334,0.642831,0.001067,1.059056,2.578638,3.582704,3.767802,-0.000551,0.542941,0.172773,1.177929,0.478508,0.323869,0.000737,0.000093,-0.000551,-0.000551,2.951127,1.679540,0.046485,0.714011,0.003315,-0.000551
-41.589889,-3.948009,1.279991,0.934452,0.934780,1.403938,1.067604,0.041178,1.527884,0.917355,0.139152,1.477911,0.596145,0.000081,1.078782,2.635515,3.614266,3.777994,-0.000551,0.536176,0.121549,1.177606,0.480441,0.337078,0.000415,0.000093,-0.000229,-0.000229,2.962725,1.761692,0.046807,0.614140,0.001704,0.000415
-42.538506,5.712694,1.194839,1.026836,0.983110,1.425637,1.062673,0.041506,1.451609,0.931493,0.216085,1.464432,0.577405,0.000739,1.105413,2.694036,3.639581,3.782597,0.000093,0.514591,0.145067,1.201769,0.498804,0.336111,-0.000551,-0.000551,0.000093,-0.000229,2.939207,1.698548,0.041652,0.778122,0.002992,0.000093
-42.305297,-1.349095,1.121523,1.175770,1.084372,1.458514,1.332923,0.047096,1.657092,1.073522,0.439978,1.695558,0.871327,0.000081,1.092262,2.768996,3.712240,3.819748,-0.000229,0.542619,0.111562,1.189204,0.467232,0.337722,0.000093,-0.000229,0.000093,0.000415,2.937596,1.683084,0.046163,0.607374,0.002348,0.000093
-43.199241,2.531992,1.109687,1.215880,1.085687,1.469692,1.289196,0.048411,1.842190,1.101468,0.438335,1.677476,0.838779,0.001067,1.017631,2.790695,3.715528,3.812844,-0.000229,0.527477,0.059693,1.179217,0.441137,0.327413,-0.000229,-0.000229,0.000415,0.000093,2.919555,1.561950,0.044874,0.568392,0.001704,-0.000874
-42.800104,-7.678666,1.194181,1.157359,0.993302,1.390787,1.212593,0.044794,1.822464,1.074508,0.321620,1.594954,0.762175,0.001396,1.025521,2.849545,3.712897,3.790158,0.000415,0.538753,0.054539,1.192748,0.460145,0.338044,0.000415,-0.000229,-0.001196,-0.000229,2.880573,1.482053,0.037464,0.686305,0.002348,-0.000229
-42.065962,-1.883133,1.230346,1.008096,0.941685,1.297416,1.114290,0.043808,1.774792,1.039330,0.222002,1.554515,0.500473,0.000739,1.050508,2.869271,3.715199,3.777665,0.000415,0.543263,0.045840,1.239784,0.495905,0.366717,-0.000229,0.000415,0.000093,0.000415,3.079026,1.455635,0.029088,0.598676,0.001704,0.000093
-40.710733,-6.956411,1.207661,0.839436,0.743435,1.019603,1.097194,0.038876,1.552214,0.928862,0.113836,1.348704,0.382115,0.000410,1.047549,2.924834,3.709938,3.767802,0.000093,0.521034,0.000737,1.220454,0.454668,0.346420,-0.000229,0.000093,0.000093,0.000737,3.020392,1.407632,0.027799,0.535853,0.001704,0.000415
-38.509968,-3.798159,1.214236,0.752969,0.663872,0.902232,0.872314,0.031972,1.474952,0.807217,0.033287,1.198127,0.199317,0.000081,1.094892,2.917272,3.709281,3.753994,-0.000551,0.530377,0.019101,1.247516,0.526833,0.361562,0.000093,-0.000229,-0.000551,0.000415,3.244297,1.303573,0.028121,0.598998,0.002026,-0.000874
-34.517862,-4.622211,1.209634,0.710558,0.629680,0.855875,1.010069,0.030986,1.338183,0.705298,0.032301,1.163277,0.137508,0.000081,1.058727,2.968560,3.746103,3.757610,-0.000551,0.510402,0.040686,1.274256,0.548418,0.389591,-0.000229,-0.000229,-0.000874,0.000737,3.328060,1.310983,0.028766,0.642168,0.002026,0.000737
-27.192650,-2.000230,1.198784,0.717791,0.628036,0.817409,0.799984,0.030657,1.377965,0.703982,0.030657,1.240209,0.180577,0.001396,1.128427,2.969218,3.769446,3.750377,0.000093,0.550029,0.057760,1.262658,0.572580,0.407310,0.000093,-0.000229,-0.000229,-0.000551,3.364787,1.310016,0.030376,0.654088,0.002026,-0.000551
-15.179249,-3.286916,1.191880,0.721736,0.612913,0.823655,0.891382,0.033616,1.469034,0.695106,0.032630,1.473308,0.424855,-0.001563,1.110673,2.928779,3.763857,3.737555,0.000093,0.569036,0.070325,1.252671,0.578057,0.461111,0.000093,0.000093,-0.000874,-0.000551,3.414723,1.215944,0.024577,0.671485,0.002992,-0.000229
-0.049246,-0.038040,1.090947,0.511980,0.414663,0.814450,1.100810,0.032301,1.488761,0.609954,0.032630,1.682407,0.644475,0.000739,0.817409,2.638474,3.753336,3.665226,-0.000229,0.569359,0.095776,1.170197,0.565815,0.522645,0.000093,-0.000229,-0.000551,-0.000229,3.430831,1.125738,0.044874,0.810982,0.003637,0.000093
0.266278,0.109899,1.038672,0.531706,0.134220,0.698065,1.669585,0.029671,0.955493,0.342004,0.029671,1.589036,0.805244,0.000081,0.847985,2.263017,3.691527,3.571197,-0.000229,0.499449,0.068070,1.014591,0.474320,0.473353,0.000093,-0.000229,-0.000551,0.000093,3.452739,1.051962,0.017490,0.615428,0.001704,-0.000551
0.475010,-0.189558,0.211811,0.018164,0.017177,0.255208,2.024987,0.018492,0.674393,0.018492,0.019479,1.069248,0.271318,0.001067,0.793737,1.500268,3.292728,3.047465,0.000415,0.270067,0.290364,1.388625,0.795519,0.765879,-0.000229,0.000737,-0.000229,1.508470,3.744943,1.623161,0.015235,0.647000,0.002992,0.667297
1.985436,10.019107,0.929849,0.021451,0.021451,0.020465,1.977315,0.257510,1.120208,0.488637,0.021451,0.404800,0.000739,0.001067,0.709243,1.456870,2.844285,2.308388,-0.000229,-0.000229,0.289719,1.412465,0.958856,1.002026,0.000093,-0.000229,-0.000551,1.124449,3.882508,1.944038,0.047129,0.000415,0.561305,0.441137
0.552647,13.500320,1.217853,0.017506,0.016848,0.017506,1.835286,0.019150,0.018164,0.311100,0.017506,0.670448,-0.001234,-0.000248,0.427485,1.117906,2.476390,1.885588,0.000093,0.282632,0.000093,0.787464,0.365106,0.436304,0.000093,0.000093,-0.000874,0.473676,3.538112,0.616717,0.002348,-0.000551,-0.000551,-0.000551
-0.383530,17.631131,1.119879,0.015205,0.015205,0.014547,1.663338,0.016191,0.014876,0.078000,0.015533,0.713188,0.000739,0.000739,0.508034,1.138290,2.454362,1.962849,0.000093,0.307116,-0.000551,0.889269,0.421485,0.474964,0.000415,0.000415,-0.000229,0.453057,3.574195,0.652477,0.002026,0.000415,0.000415,-0.000229
-0.358938,22.182999,0.966014,0.015862,0.016848,0.012246,1.527884,0.014876,0.014218,0.013232,0.012574,0.817409,-0.000248,0.000739,0.490938,0.964370,2.390581,2.042412,0.000415,0.312271,0.051639,0.932439,0.471743,0.514268,-0.000551,-0.000229,0.000737,0.322580,3.555509,0.607052,0.002026,0.001382,0.000415,-0.000551
-0.900909,26.148495,1.076810,0.015533,0.014218,0.015205,1.407554,0.016520,0.015862,0.176632,0.015533,0.928205,0.000739,-0.000248,0.570501,0.918342,2.435951,2.122303,0.000093,0.289719,0.077413,0.939204,0.484951,0.528766,-0.000874,-0.000229,0.000737,0.000415,3.449839,0.416975,0.000737,0.000093,-0.000229,-0.000229
-0.299543,31.131308,0.896972,0.018492,0.018492,0.018821,1.463117,0.017835,0.160851,0.271647,0.206550,1.040645,0.000739,0.003040,0.636584,0.995603,2.601323,2.247894,-0.000229,0.278444,0.077413,0.970454,0.485596,0.538109,0.000093,0.001059,-0.000874,-0.000874,3.371553,0.015235,0.000093,-0.000551,-0.000229,-0.000229
-0.634403,35.777468,0.657954,0.019150,0.018492,0.018821,1.483829,0.020465,0.379484,0.262441,0.390005,1.165907,-0.000905,0.000410,0.685571,1.040645,2.628611,2.304114,0.000415,0.246871,0.070647,0.941137,0.464977,0.528122,0.000415,-0.000229,0.000093,-0.000229,3.289401,0.014590,-0.000229,0.000415,0.000093,0.000093
-1.050759,39.922569,0.538610,0.025068,0.023095,0.023424,1.540378,0.024081,0.686229,0.403156,0.550446,1.339827,0.092795,0.000081,0.709572,1.098837,2.697981,2.474746,0.000415,0.170840,0.068714,0.903766,0.433083,0.479152,-0.000551,0.000093,0.000415,0.000093,3.032312,0.011691,-0.000874,-0.000229,-0.000229,-0.000874
-1.034094,41.733484,0.492911,0.023424,0.024081,0.024410,1.281963,0.024739,0.766449,0.437348,0.671434,1.474952,0.295976,0.000081,0.752312,1.132701,2.803846,2.581597,-0.000551,0.136691,0.055505,0.880570,0.426317,0.473676,-0.000229,0.000415,-0.000229,0.000093,2.846423,0.011369,-0.000229,0.000093,-0.001196,-0.000551
-1.298165,44.024274,0.429129,0.027698,0.026383,0.026054,1.477911,0.027369,0.814779,0.542884,0.784532,1.674188,0.404471,0.000410,0.898615,1.180373,2.871901,2.708831,0.000093,0.128959,0.058405,0.876704,0.423418,0.471420,-0.000874,0.000093,-0.000551,-0.000229,2.627350,0.010402,-0.000229,-0.000551,-0.001196,-0.000551
-1.472112,45.561197,0.486993,0.070110,0.030986,0.030657,1.668927,0.030657,0.928862,0.632310,0.819381,1.882300,0.620146,0.001067,1.179058,1.269799,2.955080,2.824887,0.000415,0.126059,0.101575,0.903766,0.436304,0.484951,-0.000229,0.000415,-0.000551,0.000093,2.577093,0.010080,0.000093,-0.000229,-0.000874,0.000093
-1.815730,46.649712,0.529076,0.480089,0.034602,0.035589,1.851396,0.035917,1.055111,0.773025,0.884149,2.022357,0.898287,0.252250,1.373033,1.323060,3.025766,2.873216,0.000415,0.117361,0.104474,0.893779,0.435982,0.483663,0.000093,0.000093,0.000093,-0.001196,2.590624,0.009758,-0.000229,0.000093,-0.000551,0.000415
-1.820101,47.202950,0.443924,0.624420,0.040520,0.041178,2.170304,0.040520,1.365800,0.928862,1.144866,2.090741,1.041302,0.598775,1.516049,1.410184,3.135247,2.967574,0.000737,0.113495,0.112206,0.895068,0.433083,0.495905,-0.000229,-0.000229,0.000093,-0.000874,2.508794,0.010402,0.000093,0.000093,0.000093,0.000415
-2.306295,48.514607,0.432417,0.653023,0.044465,0.045452,2.434965,0.046438,1.488103,1.001521,1.259936,2.227839,1.126783,0.702010,1.646571,1.451938,3.187521,3.096123,0.000093,0.112206,0.125737,0.912465,0.437915,0.502670,0.000093,0.000093,0.001382,0.001059,2.432440,0.009436,-0.000551,-0.000551,0.000737,0.263302
-2.123499,47.393515,0.483048,0.765134,0.049397,0.048411,2.663132,0.377183,1.571940,1.135331,1.287224,2.314963,1.255333,0.785189,1.748161,1.659064,3.210207,3.178316,-0.000874,0.104152,0.137013,0.912142,0.441137,0.502348,-0.000229,-0.000229,-0.000229,0.000093,2.221422,0.008791,-0.000229,0.000415,-0.000551,0.597387
0.271107,47.716580,0.444252,0.776312,0.050383,0.050054,2.691735,0.561624,1.608434,1.121852,1.335553,2.347840,1.275059,0.803600,1.732052,1.760326,3.215138,3.209220,-0.000874,0.097387,0.136369,0.899256,0.431794,0.497194,0.000093,-0.000229,-0.000229,0.000415,2.029089,0.008147,-0.001518,-0.000551,-0.002484,0.468843
1.039821,49.474796,0.408088,0.864752,0.052356,0.053013,2.764393,0.840094,1.660708,1.135331,1.355279,2.337320,1.254675,0.821683,1.759997,1.784326,3.198700,3.213494,-0.000551,0.062593,0.124771,0.871550,0.412142,0.475609,-0.000874,-0.000229,-0.000551,-0.000551,1.832891,0.008147,-0.000229,-0.000229,0.000093,0.257503
1.521160,51.236407,0.268359,1.047220,0.055644,0.103644,2.866312,0.876588,1.798135,1.181030,1.572926,2.241976,1.284594,0.865081,1.851067,1.955616,3.202974,3.308180,0.000093,0.060660,0.146034,0.876382,0.425351,0.505570,-0.000551,0.000093,-0.000874,0.000737,1.671808,0.007181,-0.000229,-0.000229,-0.001196,0.603186
1.177552,52.132015,0.230222,1.191551,0.063205,0.713517,2.994204,1.049850,2.018411,1.487774,1.675832,2.390581,1.578187,1.036371,2.057206,2.059837,3.254920,3.366702,0.001059,0.053572,0.149578,0.906988,0.440493,0.541652,0.000415,0.000093,-0.000229,-0.000229,1.517491,0.206279,-0.000229,0.000093,-0.000551,1.365429
0.851006,52.547291,0.154933,1.352649,0.365676,0.946287,3.079356,1.273744,2.118358,1.694900,1.934575,2.440554,1.774463,1.201743,2.098303,2.191674,3.286482,3.383798,-0.000874,0.051317,0.159887,0.914398,0.449835,0.546163,0.000093,-0.000551,-0.000229,-0.000551,1.689205,0.345454,0.000737,0.000093,0.000093,1.612852
-0.281555,51.141136,0.119754,1.477911,0.524473,1.038672,3.100397,1.378622,2.243291,2.000987,2.128550,2.435951,2.009863,1.377636,2.214688,2.290963,3.325605,3.408784,0.000415,0.062271,0.195325,0.911820,0.458212,0.573869,0.000737,-0.000229,-0.000551,-0.000229,1.983342,0.520390,0.002348,0.000737,0.000093,1.980764
-0.773886,50.450018,0.098055,1.524926,0.752641,1.097522,3.072123,1.393088,2.276826,2.101591,2.229483,2.529651,2.113098,1.407225,2.304442,2.294579,3.358154,3.450867,0.007503,0.060982,0.220454,0.921163,0.472709,0.594488,-0.000229,-0.000229,-0.000551,-0.001518,2.071293,0.819359,0.002670,0.078701,-0.000229,2.092556
-1.288488,50.224897,-0.086715,1.661366,0.952863,1.134016,3.013930,1.463774,2.354087,2.314306,2.433321,2.546089,2.151893,1.401965,2.374471,2.281757,3.372620,3.462045,0.040041,0.047451,0.261047,0.957245,0.461755,0.632181,-0.000229,0.000415,0.000093,0.000093,2.108664,0.870261,0.002992,0.618972,0.001704,2.245584
-1.544223,50.216768,-0.010768,1.670243,1.108372,1.216867,3.005054,1.493363,2.431019,2.332717,2.382032,2.614474,2.178523,1.384540,2.384663,2.255127,3.385113,3.450538,0.044230,0.039075,0.278444,0.946936,0.478508,0.623160,0.000093,0.000415,0.000093,-0.000551,2.139592,0.935016,0.002670,0.694359,0.002670,2.217234
-1.721329,50.576419,-0.067646,1.672215,1.012042,1.159331,2.968231,1.480541,2.419512,2.349484,2.381375,2.557596,2.135783,1.410513,2.377430,2.182797,3.385770,3.397935,0.050351,0.014590,0.279732,0.926318,0.446936,0.596421,0.000093,0.000415,0.000093,-0.001840,2.048741,1.075158,0.003959,0.727220,0.002670,2.210791
-1.873861,49.068648,0.031643,1.671886,0.968315,1.334567,3.010972,1.466404,2.420170,2.268278,2.271237,2.594747,2.167674,1.394732,2.315292,2.186414,3.383140,3.365387,0.072902,0.037786,0.289719,0.909243,0.425351,0.590299,0.000093,0.000093,-0.000874,-0.000551,2.071293,1.214978,0.004281,0.814204,0.004603,2.174064
-1.429443,48.195448,-0.108743,1.668927,1.031110,1.491720,2.993218,1.493692,2.485267,2.331073,2.489541,2.624994,2.234414,1.472651,2.382361,2.213702,3.404182,3.343359,0.090943,0.065492,0.301639,0.920841,0.438882,0.589333,0.000093,0.000737,-0.000874,-0.000874,2.207891,1.316138,0.005892,0.852220,0.003637,2.270069
-0.933540,48.338984,-0.188963,1.713640,1.163934,1.597913,3.066863,1.519994,2.576994,2.382032,2.660830,2.705543,2.349155,1.501254,2.497431,2.282744,3.462703,3.324948,0.111884,0.085467,0.297773,0.925351,0.438560,0.586433,0.000093,0.000093,-0.000551,-0.000874,2.265236,1.501060,0.005892,1.110918,0.003959,2.302930
-0.383859,47.076704,-0.260964,1.825751,1.375006,1.905643,3.100397,1.645585,2.730201,2.482636,2.824230,2.822586,2.386635,1.576214,2.575021,2.351128,3.499196,3.366044,0.117361,0.121227,0.306794,0.935016,0.478830,0.628637,-0.000229,0.000093,0.000737,-0.000874,2.451126,1.703702,0.037142,1.769102,0.008147,2.279412
-0.185193,43.530436,-0.233019,1.935561,1.759668,2.397485,3.207577,1.835615,2.879134,2.682529,2.881765,2.839353,2.507623,1.824436,2.755845,2.536555,3.550485,3.386428,0.128315,0.184049,0.333856,0.964655,0.537786,0.687593,-0.000229,-0.000229,0.000093,-0.000551,2.703704,2.007826,0.053895,2.181151,0.484951,2.326770
1.080428,39.015307,-0.288252,1.933588,1.887560,2.597378,3.231906,2.008220,2.994204,2.735133,2.984341,2.879134,2.589487,2.007562,2.870258,2.578638,3.575142,3.383798,0.135724,0.241717,0.351253,0.977220,0.591266,0.729153,0.000093,0.000415,0.000093,-0.000551,2.837080,2.146357,0.156987,2.464979,0.977864,2.438239
4.106867,36.492511,-0.176141,2.251510,2.051289,2.888340,3.368345,2.259730,3.117165,2.881765,3.070479,2.952779,2.909052,2.353429,3.074424,2.810750,3.685609,3.477497,0.169874,0.294874,0.371549,1.077091,0.682439,0.787464,0.000737,0.000415,0.000415,0.457567,3.003640,2.461757,0.623482,2.810340,1.652478,2.436306
-2.153559,33.783735,-0.164305,2.276826,2.322196,3.121767,3.435415,2.465869,3.246043,2.990916,3.113219,2.985656,3.067520,2.416553,3.146425,2.897546,3.703363,3.490648,0.212722,0.419552,0.375415,1.145068,0.737851,0.845132,0.000093,0.000093,-0.000551,1.166653,3.135083,2.701126,1.047452,3.188563,2.327737,2.644425
0.428282,-0.531613,-0.112359,2.186742,2.096001,3.136562,3.395962,2.412279,3.195083,2.987300,3.072452,3.010972,2.884395,2.338635,3.077054,2.731516,3.655691,3.409771,0.184371,0.491717,0.243005,1.154733,0.714011,0.830312,-0.000229,0.000415,-0.000874,1.186949,3.293267,2.400546,0.961434,3.167300,2.787467,2.064527
2.055918,-0.665999,-0.059427,1.811943,2.257099,2.827846,3.088890,1.966794,2.768339,2.600665,2.606254,2.888669,2.704228,1.716928,2.898861,2.634529,3.591252,3.369989,0.155377,0.307438,0.575158,1.382826,0.996550,1.163431,0.000093,-0.000229,0.001059,1.534888,3.482378,2.810018,0.925029,2.868330,2.152156,2.675031
0.395814,-0.568055,0.231208,2.855792,3.022807,3.160891,3.564293,2.712776,3.226645,3.112233,2.939957,3.128672,2.913327,2.229483,3.215796,3.097109,3.792131,3.764186,0.338366,0.795519,0.624127,1.549385,1.136047,1.331279,-0.000229,0.073547,-0.000229,2.242041,3.754608,3.050354,2.125095,2.925031,3.179542,3.270715
8.747943,1.319271,0.198002,3.329551,3.486703,3.799035,3.927913,3.359797,3.532073,3.497881,3.505772,3.613609,3.446264,2.965272,3.622157,3.526484,4.066655,4.007805,0.520712,1.274578,0.705634,1.558084,1.145068,1.429540,0.116072,0.291652,0.000737,2.155056,3.934054,3.432764,2.721101,2.993653,3.587726,3.708860
26.527909,-2.575760,0.123371,3.818104,4.005503,4.244191,4.209341,3.842762,3.937777,3.990380,4.037394,3.982161,3.649445,3.359797,3.915091,3.900954,4.269506,4.189944,0.742683,1.289076,1.007181,1.783921,1.544230,1.896679,0.000415,0.824513,0.160209,3.350934,4.214016,4.010085,3.343847,3.791335,3.810665,4.190498
29.298233,-2.798890,0.087206,3.929886,4.095587,4.331644,4.367809,4.040682,4.058107,4.013394,4.152135,4.160026,3.918708,3.668185,3.991695,3.924626,4.168245,4.064353,0.924707,1.585468,1.082568,2.090623,1.666975,1.983020,0.573225,1.786821,1.234630,3.963693,4.399906,4.307444,3.975291,4.349326,3.689208,4.548102
30.995694,-3.043532,0.090494,3.684952,3.779967,4.173834,4.302712,3.957832,3.849995,3.761884,3.969667,3.993668,3.827310,3.480456,3.866433,3.786871,4.069285,3.850652,0.882503,1.408921,0.890235,1.700803,1.298096,1.590300,0.359951,1.868007,0.756537,3.818074,4.387664,4.243011,3.875098,4.366079,3.372519,4.581930
32.800416,-3.656249,0.112192,3.681993,3.772734,4.200136,4.296137,3.953558,3.839474,3.760898,3.958160,3.987421,3.838488,3.487689,3.884844,3.796734,4.085723,3.842433,0.896356,1.403444,0.884758,1.689205,1.300996,1.588689,0.400866,1.890236,0.795196,3.819041,4.404738,4.247199,3.885407,4.378965,3.431153,4.601582
34.871188,-2.829458,0.105946,3.649773,3.705993,4.224136,4.280027,3.926598,3.787200,3.721774,3.930544,3.967366,3.822049,3.461059,3.864132,3.777008,4.077833,3.794104,0.906666,1.373161,0.870905,1.674707,1.291653,1.580635,0.375737,1.896035,0.760403,3.809698,4.402805,4.240434,3.899905,4.385731,3.428254,4.607059
37.061201,-2.135594,0.096083,3.655362,3.703692,4.221506,4.287260,3.938434,3.768788,3.685938,3.937777,3.963092,3.818433,3.464347,3.854926,3.794433,4.079148,3.806926,0.926962,1.399578,0.880248,1.688238,1.329668,1.588367,0.400544,1.896035,0.769423,3.820330,4.407316,4.239467,3.891206,4.395718,3.440496,4.616401
39.380004,-1.114665,0.097398,3.688897,3.698103,4.248465,4.298767,3.950270,3.797063,3.692842,3.956516,3.968352,3.842762,3.532731,3.898324,3.818762,4.099861,3.830926,0.919874,1.416653,0.879926,1.697259,1.352542,1.600932,0.415364,1.878638,0.823547,3.820007,4.417947,4.253965,3.927611,4.414081,3.478834,4.631543
40.670773,-1.391424,0.164796,3.699418,3.729336,4.306986,4.308301,3.961777,3.831255,3.707637,3.935804,3.965722,3.872351,3.565279,3.914763,3.832241,4.116628,3.864789,0.930184,1.461756,0.890557,1.722388,1.377671,1.613174,0.406021,1.854153,0.829990,3.839660,4.420202,4.262341,3.979157,4.435022,3.508151,4.642497
42.281791,-0.417967,0.148029,3.750048,3.801337,4.306000,4.317507,3.986763,3.867420,3.761555,3.968023,3.971640,3.903256,3.609335,3.948626,3.852954,4.125176,3.896023,0.974965,1.518135,0.906343,1.761048,1.410532,1.657311,0.467232,1.907311,0.909565,3.858345,4.435989,4.281027,4.045201,4.456285,3.576128,4.656672
43.166439,-0.912869,0.148029,3.751692,3.832241,4.310931,4.319479,3.987092,3.883201,3.786213,3.985120,3.964407,3.908516,3.610978,3.945338,3.856899,4.133724,3.904899,0.974320,1.521679,0.916975,1.777156,1.434694,1.682762,0.469487,1.916976,0.941137,3.862856,4.442110,4.286826,4.075807,4.461117,3.565819,4.658927
43.677570,-1.186714,0.138166,3.767145,3.854269,4.300411,4.318493,3.990709,3.896023,3.825666,4.008791,3.967366,3.936133,3.680678,3.957503,3.873995,4.137012,3.917393,0.986885,1.547774,0.922129,1.798741,1.477864,1.712079,0.480119,1.950159,0.943392,3.865433,4.447264,4.290370,4.109957,4.463050,3.591270,4.663438
44.402119,0.087576,0.140796,3.789172,3.898982,4.311918,4.320466,3.995969,3.901941,3.852625,4.014051,3.975256,3.944681,3.698760,3.972626,3.886817,4.144245,3.925941,0.996872,1.571615,0.958212,1.821615,1.501705,1.750416,0.499771,2.017813,1.118006,3.860923,4.449842,4.299390,4.134441,4.474004,3.642494,4.668592
44.642011,0.099525,0.164467,3.766158,3.866762,4.299096,4.314219,3.982489,3.891420,3.825994,3.983147,3.957174,3.944023,3.684294,3.966708,3.873009,4.143587,3.903913,0.987529,1.556795,0.937271,1.812272,1.458212,1.741718,0.486562,1.965623,0.994617,3.842881,4.446298,4.296813,4.133797,4.483347,3.622842,4.670848
45.733556,0.622282,0.213454,3.743144,3.829611,4.303370,4.309616,3.971640,3.870707,3.765501,3.919037,3.940078,3.935804,3.644842,3.958489,3.865447,4.144245,3.896680,0.989784,1.539720,0.907632,1.800352,1.448225,1.732375,0.465621,1.939205,0.876704,3.829028,4.433733,4.284571,4.120588,4.493334,3.623164,4.673747
46.165808,-0.944856,0.211482,3.763199,3.864132,4.292520,4.312246,3.976243,3.888132,3.788515,3.944352,3.949941,3.960133,3.680020,3.971311,3.869392,4.155094,3.921667,1.005892,1.564849,0.928251,1.812594,1.468522,1.757826,0.502670,1.923741,0.950480,3.829028,4.447587,4.294880,4.143784,4.505576,3.680188,4.677291
46.186190,-1.800689,0.191098,3.819748,3.892735,4.311589,4.320795,3.989394,3.908845,3.838817,3.978873,3.953558,3.975914,3.707308,4.008462,3.892735,4.174820,3.961448,1.039720,1.598032,1.002671,1.835790,1.521679,1.802929,0.547451,2.050352,1.111240,3.862533,4.469816,4.331929,4.191465,4.527162,3.718203,4.688567
46.185109,-0.465926,0.174002,3.839803,3.897995,4.315205,4.320795,3.995969,3.953229,3.883529,4.011750,3.967037,3.986763,3.751692,4.003531,3.900954,4.184355,3.944352,1.084823,1.641524,1.034243,1.866396,1.560017,1.834179,0.582567,2.146680,1.243328,3.871876,4.486246,4.346104,4.215949,4.532316,3.740755,4.689855
46.433620,0.745951,0.161508,3.860187,3.916735,4.328685,4.324740,4.000901,3.970654,3.907530,4.027531,3.974599,4.002544,3.787857,4.017668,3.919694,4.198492,3.967037,1.109307,1.678251,1.066782,1.888303,1.578380,1.861563,0.615106,2.234309,1.450803,3.871876,4.503643,4.365756,4.241723,4.542625,3.806799,4.693077
47.305910,0.380782,0.192742,3.878269,3.927913,4.341507,4.326384,4.009777,3.996627,3.912790,3.998599,3.992353,4.006161,3.831255,4.044956,3.915420,4.204738,3.988736,1.142813,1.707890,1.073869,1.914398,1.608341,1.881538,0.640557,2.249450,1.526189,3.841593,4.504932,4.374455,4.251710,4.548747,3.803899,4.694688
47.816672,1.579452,0.174988,3.932187,3.989722,4.351041,4.330000,4.035750,4.043970,3.962763,4.043970,4.015038,4.038052,3.873666,4.089669,3.963092,4.226766,4.027860,1.213689,1.769102,1.115106,1.976576,1.662143,1.947904,0.756537,2.342234,1.735919,3.934054,4.512986,4.394107,4.284248,4.565821,3.916335,4.693721
48.404517,1.697331,0.143097,3.952571,4.001887,4.367480,4.338877,4.047257,4.084737,3.994654,4.094600,4.029832,4.046600,3.892077,4.121231,3.990380,4.240246,4.029175,1.241395,1.790043,1.121550,2.011370,1.685339,1.987208,0.788753,2.365430,1.920197,3.974647,4.512986,4.408604,4.295524,4.584185,3.982379,4.696621
48.355649,0.886535,0.140138,3.970654,4.023915,4.384247,4.335918,4.043641,4.095258,4.026545,4.098217,4.036079,4.049887,3.904571,4.167587,4.010106,4.236300,4.067970,1.297774,1.790687,1.187916,2.020713,1.783921,2.015558,0.787464,2.374451,1.909566,3.982701,4.513631,4.412470,4.306156,4.597716,4.016851,4.700165
51.812851,-2.129416,0.130275,3.966380,4.041668,4.382275,4.340521,4.053833,4.109395,4.030819,4.112025,4.036079,4.054161,3.919365,4.179094,4.011092,4.242218,4.078819,1.358019,1.810339,1.273612,2.042298,1.861885,2.038110,0.803251,2.379605,2.024901,4.034892,4.528450,4.421813,4.313566,4.601260,4.063887,4.706286
50.699194,5.880044,0.127316,3.960791,4.025887,4.367151,4.334274,4.035421,4.093285,4.024901,4.112025,4.042983,4.043970,3.886488,4.157067,3.991695,4.231698,4.047915,1.290686,1.791009,1.209179,2.031022,1.840623,2.028445,0.768457,2.351899,1.837079,4.008797,4.531994,4.428257,4.306478,4.596427,3.968204,4.703064
51.555101,4.824009,0.116467,4.009120,4.117285,4.398384,4.357617,4.109724,4.164628,4.069614,4.148190,4.093943,4.097230,4.013394,4.227752,4.080463,4.258657,4.174492,1.458212,1.887014,1.344488,2.139270,1.991718,2.150223,0.867361,2.385404,2.245907,4.107702,4.555512,4.444365,4.349326,4.624133,4.112534,4.725616
51.781909,4.610443,0.117782,4.034435,4.140957,4.405617,4.367809,4.135039,4.187314,4.094600,4.161012,4.124518,4.117943,4.060737,4.241232,4.106107,4.268849,4.208026,1.551962,1.936628,1.454346,2.185662,2.066783,2.212079,0.889913,2.446616,2.303574,4.166980,4.571298,4.460151,4.375421,4.633476,4.176001,4.733670
52.248909,4.158995,0.113836,4.063038,4.163971,4.409891,4.371425,4.147861,4.200464,4.098874,4.168902,4.128464,4.121559,4.077504,4.242218,4.127149,4.274767,4.225451,1.606086,1.955958,1.492040,2.211113,2.094167,2.241074,0.893779,2.460791,2.329025,4.205640,4.581285,4.474004,4.382509,4.638631,4.213694,4.738502
51.299460,3.656662,0.111535,4.099532,4.171204,4.414494,4.376686,4.164957,4.226437,4.121559,4.184355,4.149834,4.141614,4.114984,4.258986,4.143258,4.279369,4.239259,1.741073,1.995584,1.533277,2.252350,2.159888,2.281989,0.941137,2.501706,2.407956,4.240434,4.600615,4.486246,4.391530,4.642175,4.261375,4.742046
49.523014,3.792102,0.113508,4.104463,4.168245,4.410549,4.382275,4.168574,4.234657,4.132409,4.189615,4.180738,4.147204,4.130436,4.274767,4.156409,4.284958,4.248465,1.813883,2.019424,1.558084,2.268458,2.193394,2.304218,0.992684,2.517492,2.435984,4.271684,4.602871,4.493334,4.393463,4.644108,4.311310,4.748490
50.251064,1.507377,0.123042,4.095587,4.158382,4.395097,4.378329,4.169231,4.230711,4.120244,4.167259,4.179752,4.133066,4.123861,4.263917,4.147204,4.276410,4.244848,1.803896,2.005893,1.528122,2.257505,2.184051,2.298742,0.970454,2.534245,2.488175,4.253965,4.595461,4.485280,4.387664,4.635087,4.294558,4.746879
49.148448,1.158206,0.133891,4.081121,4.144573,4.375042,4.372412,4.151806,4.223150,4.111368,4.140299,4.185670,4.113669,4.111696,4.256684,4.129121,4.266547,4.232684,1.804540,1.989141,1.514913,2.245584,2.182440,2.296487,0.953379,2.585791,2.481409,4.241723,4.590950,4.483991,4.386697,4.627999,4.275550,4.747201
43.159790,3.659937,0.128960,4.064353,4.135039,4.364521,4.374384,4.159697,4.230054,4.105121,4.143258,4.195533,4.125176,4.111368,4.254054,4.131423,4.264575,4.237287,1.812594,1.981087,1.512658,2.240752,2.190172,2.296487,0.942748,2.600289,2.457247,4.232380,4.601904,4.496556,4.386053,4.624456,4.261375,4.743013
33.658619,4.375201,0.118439,4.071915,4.124518,4.362220,4.373069,4.160026,4.239588,4.106765,4.144245,4.214602,4.126162,4.113669,4.254054,4.117285,4.250766,4.235314,1.824836,1.986886,1.495261,2.246229,2.198870,2.300030,0.934050,2.621551,2.446293,4.257186,4.610925,4.504288,4.382831,4.616079,4.240112,4.742046
25.955418,1.386734,0.131261,4.061066,4.090326,4.331644,4.365836,4.145231,4.222821,4.105121,4.113669,4.207040,4.102819,4.087038,4.233999,4.077833,4.236958,4.210328,1.774256,1.935661,1.509759,2.216267,2.169553,2.272968,0.865428,2.662789,2.309695,4.229802,4.612858,4.494623,4.365112,4.593850,4.178578,4.733026
4.451663,0.830653,0.132576,4.111039,4.020298,4.285287,4.343480,4.115642,4.285616,4.133066,4.081121,4.204081,4.030161,4.004517,4.188957,3.990380,4.235643,4.158711,1.630571,1.835468,1.494295,2.120584,2.072259,2.178574,0.710145,2.618330,1.983020,4.155704,4.596749,4.468205,4.322586,4.558089,4.076451,4.704997
-0.122097,-0.981299,0.253893,4.117285,4.033778,4.245835,4.356302,4.189615,4.317507,4.160354,4.036079,4.232026,3.991695,3.965065,4.172848,4.033778,4.287260,4.167587,1.498161,1.737530,1.435983,2.054218,1.976898,2.107053,0.648611,2.528446,1.718200,4.133153,4.574842,4.433733,4.247199,4.475615,4.050678,4.656028
-0.246810,-0.657711,0.399868,4.166601,4.133066,4.179752,4.427974,4.282657,4.359589,4.182711,3.919694,4.096573,4.023915,3.888461,4.169231,4.181396,4.402987,4.316192,1.666975,1.799385,1.368650,2.116718,1.944682,2.156345,0.859629,2.182118,2.287144,4.190820,4.529094,4.327419,4.100614,4.339017,4.162470,4.543592
-0.157986,-1.162922,0.406115,4.257342,4.223807,4.202437,4.524632,4.390823,4.434878,4.281342,3.981503,4.172848,4.087367,4.001887,4.257671,4.300411,4.512139,4.448358,1.816138,1.976254,1.422452,2.308407,2.087401,2.270069,1.382181,1.847710,3.294233,4.300357,4.552613,4.338050,4.194042,4.361246,4.278449,4.480447
0.292057,-14.877350,0.336086,4.274438,4.231698,4.272794,4.517399,4.371096,4.430604,4.261287,4.038380,4.167916,4.091970,3.974928,4.235643,4.299424,4.500961,4.443426,1.719811,1.803251,1.342233,2.290688,1.920520,2.236564,1.396034,1.560017,3.424710,4.255253,4.552935,4.357380,4.250421,4.349970,4.218849,4.416014
-1.790887,-37.184008,0.298278,4.127149,4.095915,4.199478,4.328356,4.147204,4.278054,4.130107,3.991695,4.030819,3.963421,3.691198,4.111039,4.071586,4.419426,4.333288,1.513625,1.761370,1.326447,2.416976,2.015236,2.334180,0.736562,1.522323,3.727546,4.243011,4.563888,4.426646,4.336761,4.486891,4.382509,4.415692
-1.547886,-42.998449,0.301894,3.429497,3.312454,3.562649,3.415360,3.042862,3.568896,3.446922,3.354537,3.434428,3.240125,2.570418,3.131630,3.000451,4.141943,4.173176,1.067426,1.724643,1.012658,2.103187,1.761692,2.012015,0.336755,0.292619,3.206604,3.991722,4.450486,4.379287,4.344816,4.500422,4.350615,4.099003
-1.108645,-46.872471,0.281510,3.477826,3.455141,3.621828,3.323961,2.902806,3.546211,3.499525,3.450538,3.512676,3.267413,2.696666,3.128014,3.010314,4.190601,4.196848,1.076447,1.819682,1.139269,2.168587,1.783599,2.061306,0.504281,0.254926,3.242687,4.135086,4.487213,4.431156,4.380254,4.541981,4.375421,4.074518
-0.262378,-49.222574,0.233509,3.470264,3.445607,3.682979,3.306865,2.849874,3.527799,3.504785,3.487032,3.516621,3.281879,2.689433,3.096452,2.971519,4.201122,4.229067,1.055184,1.819037,1.181795,2.188883,1.820326,2.088690,0.495905,0.271678,3.178898,4.119299,4.488179,4.428579,4.374455,4.536826,4.359313,4.067109
-0.212838,-51.745869,0.225948,3.401551,3.482429,3.726377,3.201987,2.702584,3.520238,3.448237,3.486703,3.498868,3.271358,2.655899,3.110589,2.973492,4.192245,4.232026,1.009114,1.792620,1.211112,2.170520,1.830635,2.061950,0.465299,0.242039,3.176643,4.088372,4.473682,4.416659,4.347071,4.520396,4.329674,4.045846
-0.191351,-52.669288,0.227592,3.457114,3.507087,3.722760,3.080342,2.654912,3.504128,3.448894,3.471251,3.472566,3.237495,2.608227,3.112890,2.932066,4.171533,4.220519,0.943715,1.762336,1.249127,2.151190,1.831602,2.042620,0.424707,0.222387,3.111887,4.050356,4.460151,4.406027,4.315498,4.503966,4.289725,4.020395
0.250611,-54.672713,0.221345,3.409442,3.481771,3.693500,2.888669,2.559240,3.447908,3.393332,3.436072,3.452840,3.183576,2.475732,3.051082,2.928779,4.141943,4.195204,0.873160,1.703702,1.220132,2.099321,1.833857,1.994940,0.382503,0.184049,2.990753,3.993977,4.446942,4.380254,4.276516,4.485602,4.237857,3.978513
0.163488,-55.947886,0.219701,3.387414,3.435415,3.670815,2.664776,2.370525,3.353880,3.366702,3.357496,3.379852,3.114863,2.298525,2.984012,2.812065,4.117943,4.176135,0.842233,1.623161,1.156666,2.017813,1.760081,1.916331,0.316781,0.139590,2.933730,3.907637,4.416981,4.328707,4.203063,4.443076,4.179867,3.922134
-0.148648,-56.856199,0.185180,3.296016,3.369003,3.594211,2.520445,2.292935,3.266755,3.302591,3.313112,3.336783,3.033985,2.123947,2.889984,2.762421,4.096902,4.158382,0.802928,1.555506,1.100609,1.944360,1.725287,1.829025,0.233663,0.121871,2.789077,3.820652,4.386375,4.283604,4.138629,4.394429,4.104158,3.861245
0.041572,-58.166776,0.171043,3.173713,3.347633,3.496237,2.398800,2.099618,3.183905,3.256563,3.235851,3.252947,2.955409,1.969425,2.837709,2.739735,4.078819,4.156738,0.748482,1.464656,1.043586,1.881538,1.686950,1.795197,0.174706,0.107374,2.551319,3.709182,4.355125,4.229158,4.057121,4.338372,4.023938,3.767494
0.611018,-59.465618,0.065178,3.104342,3.251961,3.479799,2.194304,1.948712,3.111247,3.216125,3.191138,3.241769,2.888011,1.800765,2.775571,2.724941,4.075860,4.132738,0.679539,1.363174,0.953379,1.834501,1.648290,1.752994,0.120261,0.072580,2.247517,3.585471,4.316465,4.187276,3.941142,4.286826,3.899905,3.662146
1.287780,-61.380697,-0.022604,2.983026,3.169439,3.422593,2.009535,1.807011,3.065876,3.162206,3.138863,3.180946,2.842641,1.634735,2.728228,2.660830,4.048572,4.114326,0.612529,1.281988,0.925029,1.781022,1.592555,1.706924,0.072902,0.047773,2.082569,3.445329,4.273939,4.147006,3.791979,4.230769,3.805188,3.560342
1.394450,-62.069347,-0.063372,2.795955,3.144453,3.328564,1.846793,1.538076,3.022478,3.073109,3.089219,3.134589,2.721653,1.362841,2.657214,2.628940,4.030490,4.127477,0.533598,1.198225,0.889591,1.724321,1.529089,1.667298,0.022967,0.020067,1.779411,3.293267,4.211439,4.090305,3.636373,4.149583,3.661502,3.454994
1.904899,-63.113214,-0.013399,2.599350,3.039575,3.227632,1.535446,1.368430,2.921217,2.972834,2.954094,3.047136,2.636830,1.249415,2.592117,2.526692,4.017997,4.073559,0.483985,1.110596,0.883470,1.681795,1.483663,1.600932,0.001704,0.000415,1.288753,3.153447,4.150227,4.050034,3.546489,4.059054,3.515883,3.304220
1.848736,-63.342191,0.025068,2.413266,2.862038,3.095794,1.398348,1.092262,2.746311,2.796284,2.732174,2.899847,2.394197,1.217195,2.485595,2.336991,3.992024,4.021942,0.374127,1.023289,0.864784,1.592555,1.423741,1.520390,0.000093,-0.000551,0.585467,2.969812,4.085794,3.976580,3.402803,3.967559,3.354156,3.176965
2.241328,-64.491647,0.128631,2.189044,2.694365,2.917601,1.417088,0.908807,2.576665,2.559569,2.362635,2.798585,2.134468,0.943328,2.269593,2.171948,3.966380,3.945996,0.286820,0.923418,0.780377,1.496228,1.310661,1.391202,0.000093,0.000093,0.000415,2.650224,4.026194,3.883474,3.185985,3.811953,3.192429,2.964336
2.513401,-66.881596,0.042493,1.954630,2.502691,2.766366,1.375663,0.792093,2.391567,2.268935,2.088440,2.688776,1.961534,0.704969,2.102577,2.157153,3.935475,3.907201,0.209178,0.871872,0.742039,1.422774,1.254282,1.280377,0.000093,0.000093,0.000093,2.225932,3.981735,3.737533,2.968846,3.604801,3.125740,2.853833
2.282864,-69.765367,-0.050879,1.835615,2.303127,2.605926,1.447007,0.703325,2.307730,2.004274,1.968767,2.562199,1.765586,0.653680,1.897424,2.196605,3.909831,3.889118,0.144101,0.846098,0.714011,1.364140,1.190171,1.190493,0.000415,0.000093,-0.000229,1.922775,3.970459,3.666334,2.693072,3.442751,2.947905,2.679863
1.528799,-72.106416,-0.084413,1.697531,2.143345,2.450746,1.579502,0.648420,2.298525,1.763942,1.838902,2.509924,1.609420,0.572802,1.780381,2.348498,3.903913,3.868406,0.126059,0.831279,0.705634,1.323547,1.144746,1.089011,0.000093,-0.000551,-0.000229,1.596743,3.901515,3.539723,2.450804,3.224967,2.804219,2.640881
1.199933,-74.052473,-0.085071,1.620598,2.043727,2.412279,1.265196,0.305182,2.262360,1.645256,1.776436,2.527678,1.553857,0.535322,1.743887,2.436937,3.899310,3.878269,0.100286,0.750738,0.671485,1.259436,1.090944,1.007503,0.000415,0.000093,0.000737,1.265235,3.824518,3.400548,2.134760,3.013305,2.622196,2.530701
1.551117,-75.490002,-0.051865,1.573584,2.036823,2.349813,1.085687,0.069781,2.210743,1.592981,1.725805,2.518472,1.529528,0.437348,1.638352,2.472445,3.892406,3.867091,0.071936,0.678573,0.646678,1.218521,1.031021,0.916653,-0.000229,0.000093,0.000093,0.927606,3.732056,3.316140,1.618651,2.829348,2.398935,2.484309
1.949390,-77.735080,0.087863,1.499939,1.982575,2.265647,1.031110,0.067808,2.156167,1.415773,1.644270,2.506965,1.445034,0.371923,1.524926,2.471458,3.875968,3.851967,0.060016,0.657954,0.614462,1.155699,0.964655,0.851575,0.000415,0.000415,0.000415,0.341266,3.675033,3.215947,1.138947,2.695972,2.073870,2.339979
2.088262,-76.934175,0.230222,1.372047,1.899067,2.119015,1.044590,0.064192,2.138742,1.293470,1.532816,2.456006,1.348046,0.114165,1.413801,2.464225,3.831584,3.816789,0.047451,0.632503,0.551317,1.061305,0.868972,0.776189,-0.000229,0.000415,-0.000229,-0.000229,3.616077,3.110277,0.911176,2.493330,1.970455,2.122517
2.490771,-76.794067,0.378498,1.139934,1.757367,1.964164,1.197798,0.059918,1.984548,1.110673,1.255990,2.403074,1.297744,0.077671,1.345416,2.500390,3.783912,3.790487,0.032632,0.549384,0.484307,0.953702,0.751382,0.641524,0.000093,0.000093,0.003315,0.000093,3.536179,2.908923,0.726897,2.086113,1.432117,1.905700
0.831063,-75.391898,0.682612,0.970288,1.632763,1.840875,1.454897,0.055644,1.893150,0.933136,0.769737,2.353101,1.305964,0.000410,1.339827,2.534582,3.728678,3.747418,0.032309,0.483663,0.393134,0.886047,0.652799,0.579024,0.000415,-0.000229,-0.000229,-0.000229,3.437597,2.744941,0.359629,1.386370,0.994294,1.545841
-3.081099,-76.905752,0.561953,0.777956,1.335882,1.823779,1.775449,0.052685,1.796491,0.790121,0.670119,2.261373,1.328320,-0.000905,1.340485,2.544445,3.710925,3.723747,0.019745,0.463044,0.343199,0.816459,0.608663,0.511047,0.000415,-0.000229,0.000093,-0.000874,3.391849,2.775869,0.309694,1.055506,0.746872,1.459501
-6.303798,-78.698119,0.539596,0.701024,1.260264,1.763942,1.701147,0.049397,1.607776,0.768093,0.630995,2.202523,1.283936,0.002711,1.257634,2.510911,3.699747,3.725719,0.000093,0.458534,0.330956,0.806794,0.574513,0.473676,0.000093,0.000093,-0.000551,0.000415,3.406669,2.710469,0.229797,0.871872,0.310338,1.511370
-7.181921,-77.635347,0.477787,0.710229,1.259936,1.772162,1.423006,0.045123,1.448979,0.732586,0.630666,2.100604,1.232319,0.000410,0.810833,2.374142,3.632348,3.729007,0.000415,0.454668,0.354797,0.803895,0.568070,0.458856,0.000093,-0.000229,-0.000551,-0.001196,3.319684,2.681474,0.094487,0.794552,0.268779,1.476898
-4.720922,-73.971236,0.569843,0.660256,1.135002,1.754408,1.300046,0.044137,1.359553,0.693462,0.515596,1.977644,1.237579,0.000739,0.797682,2.403074,3.601115,3.725062,-0.000551,0.450802,0.322580,0.785854,0.558727,0.437915,0.000093,0.000093,-0.000551,0.000093,3.290367,2.595456,0.105441,0.742683,0.117361,1.039720
-0.855496,-70.312462,0.661900,0.542555,0.876259,1.605803,1.476267,0.041178,1.362184,0.590556,0.397567,1.956931,1.333252,0.000081,0.740147,2.464554,3.559033,3.681664,0.000093,0.430183,0.277799,0.716266,0.499127,0.399900,0.000415,-0.000551,0.001382,-0.000229,3.280702,2.531023,0.096742,0.576124,0.002026,0.935016
-2.543724,-51.418731,0.643160,0.380471,0.590556,1.358896,1.763614,0.037561,1.337855,0.389019,0.294990,1.881971,1.212921,0.001067,0.680640,2.414252,3.482429,3.525169,0.000093,0.328701,0.201446,0.613817,0.449191,0.373804,0.000415,0.000093,-0.000874,-0.000229,3.378640,2.435018,0.088044,0.379603,0.001704,0.910532
5.010312,-36.926939,0.706941,0.030328,0.083589,1.042289,1.806354,0.029013,1.263552,0.294004,0.043808,1.738298,1.002836,0.000081,0.571816,2.269264,3.402866,3.339742,-0.000551,0.254926,0.019101,0.582245,0.368328,0.337400,0.000737,0.000093,-0.000229,0.000415,3.454349,2.230443,0.074835,-0.000874,-0.001196,0.851897
0.166755,-8.286119,0.688530,0.027369,0.027698,0.972918,1.755394,0.029013,1.370074,0.180248,0.027369,1.693914,0.599433,-0.000248,0.816751,2.112440,3.241440,3.012287,0.000093,0.233663,0.047129,0.612851,0.397322,0.348676,0.000093,0.000415,-0.000229,-0.000551,3.560342,2.121229,0.104152,0.352864,0.001059,1.308083
-0.265458,-0.719214,0.495212,0.024081,0.023095,0.897300,1.311553,0.026383,1.402951,0.022438,0.025397,1.618954,0.486993,-0.000248,1.073851,1.806025,3.022478,2.711790,-0.000551,0.147645,0.099642,0.679217,0.475286,0.454668,-0.000229,0.000093,-0.002484,-0.000551,3.588370,2.078703,0.099320,0.183083,0.000093,2.633149
-0.213340,-0.581681,0.644146,0.023095,0.022766,0.860807,0.828587,0.022438,1.520980,0.022766,0.024081,1.557803,0.500801,0.001067,1.237908,1.933917,3.128014,2.666748,0.000415,0.135080,0.082889,0.759758,0.510080,0.478508,-0.000551,-0.000229,0.000093,-0.000229,3.558731,1.838690,0.085789,0.290686,0.000737,2.801642
-5.683092,-4.615136,0.802285,0.029671,0.028684,1.149140,0.796696,0.028027,1.650188,0.398224,0.028356,1.884273,0.658283,-0.000905,0.672420,2.153536,3.341386,2.987300,0.000093,0.072580,0.214011,0.827091,0.549707,0.520390,0.000093,0.000737,-0.000874,-0.000874,3.311952,1.742362,0.281665,1.007503,0.004603,3.132184
-16.365279,2.843565,1.407554,0.668146,0.111864,1.081413,1.905643,0.351210,2.122632,0.984754,0.168084,2.189701,1.164921,0.000081,1.659064,2.405704,3.486045,3.266755,0.000415,0.070325,0.249127,0.838689,0.612529,0.568392,0.000093,-0.000551,-0.000229,0.000093,3.281024,2.094811,0.169230,0.495261,0.757181,3.117042
-19.153803,2.652521,1.115276,0.289401,0.035589,1.110344,1.507501,0.035917,1.619941,0.727325,0.035917,2.118029,1.065632,-0.000905,0.712202,2.244935,3.459744,3.334153,-0.000551,0.156021,0.000737,0.543263,0.260724,0.289397,0.000093,0.000093,0.000093,0.000093,2.457569,1.475287,0.006536,-0.001518,-0.000551,1.569359
-21.568042,1.953670,0.765792,0.022766,0.021451,0.760860,0.816751,0.023753,1.270456,0.301565,0.023424,1.573584,0.505733,0.000739,0.498171,2.077262,3.432456,3.356839,0.001059,0.135724,0.000093,0.509114,0.231085,0.228830,0.000093,0.000093,0.000093,0.000093,2.381216,1.387336,0.005248,-0.000229,-0.000551,-0.000874
-24.467309,1.973896,0.753298,0.021451,0.137179,0.694119,0.746723,0.023095,1.185633,0.271976,0.021780,1.522953,0.469239,0.000081,0.461349,2.109481,3.424565,3.365715,0.000093,0.131214,-0.000229,0.512980,0.230763,0.220454,-0.000229,0.000093,0.000415,-0.000551,2.349966,1.236885,0.004281,-0.000229,-0.000551,0.000737
-27.454964,2.029551,0.801956,0.292688,0.232194,0.735873,0.645132,0.023753,1.255990,0.358443,0.024739,1.585748,0.521514,-0.001234,0.453787,2.166030,3.417990,3.382483,0.000737,0.134758,0.000093,0.510402,0.218521,0.197902,-0.000229,0.000415,-0.000551,-0.000229,2.070971,1.193715,0.004281,-0.000229,0.000415,0.000093
-30.009513,1.976512,0.925904,0.360744,0.421896,0.795052,0.403156,0.024739,1.305306,0.374224,0.026383,1.616653,0.518884,0.000410,0.476143,2.203838,3.420620,3.430483,-0.000229,0.170196,-0.000229,0.534243,0.228830,0.212078,-0.000229,-0.000229,0.000093,-0.000229,1.943071,1.154088,0.004281,0.000093,-0.000551,0.000415
-32.532871,1.704262,1.031768,0.365018,0.444252,0.838121,0.425841,0.027698,1.413801,0.405129,0.026383,1.597584,0.526117,0.002711,0.570830,2.206797,3.422593,3.451196,-0.000229,0.206923,0.000093,0.557116,0.236562,0.230441,0.000415,-0.000229,-0.000229,-0.000874,2.061950,1.099965,0.003959,0.000415,-0.000551,-0.000229
-34.082705,1.493264,1.016973,0.383758,0.435704,0.805573,0.535322,0.026712,1.361855,0.393622,0.027040,1.549912,0.486993,-0.000248,0.566885,2.192989,3.425880,3.469278,0.000093,0.226575,0.000415,0.599320,0.266846,0.258791,0.000093,0.000093,-0.000874,0.000737,2.094811,1.142813,0.004925,0.000093,-0.000229,-0.000551
-35.801205,0.117792,1.073851,0.423211,0.438663,0.812806,0.295319,0.026712,1.392431,0.404142,0.026383,1.552214,0.504089,-0.000576,0.462664,2.193975,3.417004,3.476511,0.000415,0.229152,-0.000229,0.599964,0.274578,0.269745,0.000093,0.000093,-0.000874,-0.000229,2.258793,1.144746,0.003959,0.001382,-0.001196,-0.000229
-35.950170,0.298345,1.098180,0.434389,0.457403,0.845354,0.211482,0.027698,1.367444,0.514939,0.027369,1.564707,0.495870,-0.000248,0.427814,2.193975,3.433771,3.528457,0.000093,0.246549,0.000093,0.613173,0.270712,0.274255,0.000093,-0.000229,-0.000551,-0.000229,2.316461,1.138947,0.003959,-0.001518,0.000093,-0.000551
-37.592617,-0.601855,1.081413,0.415978,0.444910,0.836806,0.158221,0.025725,1.300703,0.535651,0.026054,1.517693,0.496527,0.000081,0.380142,2.110467,3.428839,3.530101,-0.000229,0.228830,0.000093,0.623482,0.266201,0.255248,-0.000229,-0.000229,0.000093,-0.000229,2.306151,1.111563,0.004281,-0.000229,0.000093,-0.001196
-38.028566,-1.019147,1.060700,0.404800,0.424855,0.816422,0.129289,0.024739,1.249415,0.397896,0.027369,1.492048,0.459705,0.000410,0.340689,2.109152,3.418319,3.552457,0.000737,0.228830,0.000093,0.621872,0.264913,0.264913,0.000093,0.000093,0.002348,0.000415,2.290688,1.043908,0.002992,-0.000229,-0.000551,0.000415
-38.794212,-0.604198,1.050837,0.390005,0.410060,0.780915,0.099042,0.023753,1.267169,0.397238,0.025068,1.471665,0.411375,0.000739,0.335100,2.092056,3.398592,3.557389,-0.000229,0.236240,-0.000551,0.629926,0.280377,0.273611,0.000093,-0.000551,-0.000551,0.000093,2.278445,0.968521,0.003315,-0.000551,-0.000229,0.000093
-38.843910,-1.415584,1.039987,0.417293,0.410060,0.745736,0.103973,0.023753,1.236922,0.396252,0.023753,1.454897,0.409731,0.000410,0.338717,2.109152,3.419634,3.552128,0.000737,0.257503,-0.000229,0.646356,0.281665,0.279088,0.000093,0.000415,0.000737,-0.000229,2.332247,0.998805,0.003637,-0.000551,-0.000229,0.000415
-40.057013,-1.217515,1.042946,0.391978,0.348580,0.730942,0.098713,0.025397,1.248100,0.390005,0.023424,1.448979,0.438006,0.002382,0.360744,2.084166,3.413716,3.555087,0.000415,0.251704,0.000415,0.639913,0.277799,0.272967,0.000093,-0.000551,-0.000229,-0.000874,2.345134,0.919552,0.003315,0.000093,0.000737,-0.000874
-39.638919,-1.996552,1.013686,0.367320,0.350224,0.766120,0.088192,0.024081,1.231004,0.385402,0.024410,1.406568,0.446554,0.001067,0.355155,2.077262,3.381168,3.534375,0.000093,0.249127,-0.000229,0.651511,0.279410,0.267490,0.000093,0.000415,-0.000874,-0.000229,2.352865,0.832568,0.005248,0.000093,0.000093,-0.000229
-39.688319,-1.371620,0.993959,0.358114,0.333127,0.715818,0.021780,0.023095,1.210620,0.386717,0.021123,1.296429,0.400855,0.003040,0.405129,2.099289,3.398264,3.527471,-0.000229,0.269745,0.000093,0.680828,0.287786,0.274255,0.000093,-0.000229,-0.000551,-0.000874,2.364463,0.859307,0.003637,-0.000229,-0.000229,-0.000874
-40.391175,-0.939776,0.984425,0.318004,0.341018,0.705298,0.056301,0.021451,1.123824,0.372251,0.022438,1.212921,0.294004,0.000739,0.415978,2.090741,3.395305,3.522539,-0.000229,0.266523,0.000093,0.674384,0.273611,0.265879,-0.000229,0.000093,-0.000551,0.000415,2.323871,0.823547,0.002670,-0.000229,-0.000551,0.000093
-40.851305,-0.820294,0.900259,0.275264,0.099042,0.585953,0.037561,0.017835,0.949246,0.356470,0.016520,1.032426,0.133891,-0.000576,0.376197,2.037151,3.386099,3.514320,-0.000551,0.272322,0.000093,0.677606,0.260402,0.262657,-0.000229,0.000415,-0.000229,-0.000551,2.279412,0.822258,0.002670,0.000093,0.002992,0.000415
-41.366365,-0.806491,0.856861,0.280195,0.016848,0.556693,0.031972,0.018164,0.940369,0.353511,0.016191,0.957794,0.104959,0.000739,0.332799,1.975014,3.347962,3.510703,-0.000229,0.271034,-0.000551,0.674062,0.280699,0.276833,0.000415,0.000093,0.000093,-0.000229,2.258149,0.758147,0.002670,-0.000229,-0.000229,-0.000551
-40.699420,-0.912798,0.803272,0.186166,0.015205,0.494226,0.035917,0.014218,0.876916,0.341018,0.015205,0.950561,0.092466,0.000081,0.292360,1.969096,3.329222,3.494922,-0.000551,0.272000,0.000093,0.677606,0.295518,0.286820,0.000737,-0.000229,-0.000551,-0.001196,2.183729,0.718199,0.002026,0.001059,-0.000551,-0.000229
-41.141189,-1.524583,0.799326,0.046438,0.014218,0.513295,0.124357,0.014876,0.933465,0.327210,0.015205,0.902561,0.029013,0.000739,0.265072,1.987836,3.319359,3.477169,-0.000229,0.277799,0.000415,0.670841,0.290686,0.297773,0.000415,0.000415,0.000093,0.000093,2.078381,0.712078,0.002348,-0.001196,-0.002162,0.000415
-41.177288,-0.966704,0.783874,0.045123,0.013890,0.468582,0.124028,0.012246,0.903218,0.303867,0.013561,0.819381,0.001725,0.000081,0.281510,2.041425,3.334153,3.468292,0.000093,0.272645,0.000093,0.691781,0.296485,0.306794,0.000415,0.000415,-0.000874,0.000093,2.278445,0.572258,0.001382,-0.000229,0.000093,0.000093
-42.221947,-0.989291,0.781901,0.045780,0.014876,0.462335,0.131919,0.012903,0.905520,0.292031,0.014547,0.825957,0.000081,0.000739,0.341347,2.048987,3.366044,3.475196,0.000093,0.273289,-0.000229,0.711433,0.310660,0.316781,0.000415,0.000093,-0.001196,-0.000551,2.344811,0.563560,0.002026,0.000415,-0.002484,-0.000551
-42.795591,-1.337934,0.762175,0.045123,0.014218,0.434389,0.123042,0.014547,0.888095,0.277236,0.013232,0.789792,0.000410,0.001067,0.340032,2.043727,3.367030,3.488676,-0.000551,0.263624,0.000737,0.703702,0.308727,0.315815,0.000093,0.000093,-0.000229,0.000093,2.373806,0.626704,0.001704,-0.001196,-0.000874,-0.000229
-42.547637,0.436023,0.713846,0.013232,0.013232,0.407101,0.157892,0.012903,0.834505,0.227920,0.013232,0.678667,-0.000248,0.000410,0.344963,2.023343,3.353222,3.469278,-0.000229,0.262335,0.000093,0.710789,0.314848,0.313560,-0.000229,-0.000229,0.000093,-0.000229,2.372840,0.580957,0.004281,0.000093,-0.000551,-0.000874
-41.558996,1.869509,0.721407,0.012574,0.010931,0.386389,0.146056,0.011917,0.779600,0.210824,0.013232,0.543870,0.000410,-0.000576,0.311757,2.075618,3.406154,3.502155,-0.000874,0.263946,0.000093,0.749449,0.345132,0.335145,0.000415,0.000415,0.000415,-0.000874,2.464013,0.447902,0.001059,0.000415,0.000093,-0.000551
-41.574506,0.061203,0.718777,0.012246,0.010931,0.389019,0.027369,0.011588,0.773682,0.221016,0.013232,0.664530,-0.000248,0.001725,0.323922,2.070029,3.405825,3.492292,0.000415,0.256214,-0.000874,0.749127,0.343521,0.333212,0.000093,0.000093,-0.000874,-0.000551,2.543265,0.406343,0.002026,0.000093,-0.000551,-0.001196
-41.953536,-2.068564,0.724366,0.012903,0.011588,0.373566,0.037890,0.010931,0.844039,0.295319,0.012574,0.781901,0.000739,0.000739,0.311429,2.073316,3.420949,3.499854,0.000093,0.290042,-0.000229,0.794552,0.371549,0.353186,-0.000551,-0.000551,0.000415,-0.000229,2.654090,0.431472,0.000737,-0.000874,-0.000551,-0.000229
-40.829079,-4.370326,0.744750,0.054986,0.015862,0.357128,0.013232,0.015862,0.933465,0.333127,0.016520,0.936095,0.000081,0.003698,0.217071,2.108824,3.425223,3.535690,-0.000229,0.308727,0.000093,0.843843,0.403121,0.374127,0.000415,-0.000551,-0.000874,-0.000551,2.739142,0.604475,0.001059,-0.000229,0.000093,0.000093
-41.265587,0.011852,0.845683,0.103973,0.017835,0.394279,0.052027,0.017506,1.118893,0.351539,0.017835,1.274402,-0.001234,0.000410,0.213783,2.115728,3.447908,3.563635,-0.000229,0.357374,0.000415,0.869939,0.429861,0.404732,-0.000229,-0.000229,0.000093,-0.000874,2.938240,0.765879,0.002026,0.000093,-0.000229,0.000415
-34.698262,-10.032636,0.913410,0.091809,0.017177,0.429787,0.019479,0.019150,1.280648,0.362059,0.019150,1.381910,0.059918,-0.000576,0.211811,2.125591,3.449881,3.558704,0.000415,0.388946,0.000093,0.899256,0.455634,0.458534,-0.000229,0.000093,0.000415,-0.000874,3.001707,0.905699,0.022322,0.015879,-0.000229,0.522323
-28.426559,-0.857668,0.827929,0.109234,0.016848,0.302552,0.017177,0.017506,1.227387,0.357785,0.015862,1.133359,0.000081,0.000410,0.227592,2.065755,3.426209,3.573499,0.000093,0.404088,0.000093,0.916330,0.517490,0.499127,0.000415,0.000093,-0.001196,-0.000551,3.103511,0.933083,0.079346,0.380248,0.002026,0.736240
-2.526074,0.190374,1.032426,0.263757,0.019479,0.336744,0.021123,0.018821,1.414458,0.465951,0.021123,1.424650,0.175974,-0.000576,0.256852,1.970082,3.396291,3.573170,-0.000229,0.280699,0.143134,1.054217,0.615750,0.570969,0.000093,0.000737,0.000737,-0.000551,3.251385,1.192104,0.056794,0.828379,0.002670,1.608986
-3.103814,12.054489,0.730284,0.014876,0.013890,0.015533,0.015533,0.014876,1.081084,0.318662,0.015533,1.508487,0.631981,0.000081,0.545186,1.688325,3.334811,3.432456,0.000093,-0.000551,0.232052,1.122194,0.709823,0.700158,0.000093,0.000415,-0.000874,0.001059,3.052609,1.150867,0.004603,-0.000229,-0.000551,1.125416
-2.680745,16.029399,0.857848,0.012574,0.012246,0.011917,0.770394,0.012246,0.768422,0.288414,0.013561,0.254222,-0.000248,-0.000576,0.000081,0.283812,2.116714,2.255456,-0.000229,0.047129,0.111562,1.143135,0.664397,0.701124,-0.000551,-0.000229,-0.000229,0.420841,3.651515,1.545197,0.006214,-0.000874,-0.000551,0.000093
-1.735578,21.900825,1.092591,0.009615,0.009287,0.009615,0.763490,0.007314,0.007972,0.030328,0.010273,0.335100,0.001725,-0.000576,-0.000905,0.267702,1.958246,2.196934,-0.000229,0.312915,0.021034,0.903122,0.503315,0.523289,-0.000551,0.000093,0.000093,0.619616,3.604801,0.842877,0.002992,0.000415,-0.000229,0.000415
-0.118554,26.969127,1.225086,0.012903,0.012903,0.011917,0.665187,0.012246,0.012246,0.569515,0.013232,0.582666,0.001067,0.000081,0.000739,0.366005,2.282744,2.512226,-0.000551,0.306472,0.096420,0.929539,0.574191,0.551640,-0.000551,0.000415,0.000093,0.419230,3.553254,0.764591,0.002026,-0.000874,0.000415,0.000093
0.148973,30.208834,1.314183,0.014547,0.014547,0.014218,0.567213,0.013232,0.013232,0.670776,0.012574,0.648420,0.000410,0.000410,0.000081,0.443924,2.614145,2.723954,0.000093,0.314526,0.139268,0.965300,0.592232,0.583212,0.000093,0.000093,-0.000229,0.000093,3.508151,0.483985,0.001382,0.000737,-0.000551,0.000093
0.347914,34.736303,1.565036,0.019807,0.019150,0.019150,0.657954,0.018492,0.530062,0.806231,0.018164,0.763819,-0.000576,0.001067,0.153289,0.581022,2.783791,2.977437,-0.000551,0.308083,0.158276,0.983663,0.617683,0.587400,0.000415,-0.000229,0.000093,-0.000874,3.407313,0.120905,-0.000229,-0.000229,0.000415,0.000093
-0.081241,35.973908,1.698846,0.102987,0.020465,0.022109,0.569515,0.022109,0.906177,1.059056,0.021451,0.917684,-0.000905,-0.000248,0.370279,1.037028,3.015574,3.223029,-0.000229,0.279410,0.170840,0.997838,0.629604,0.598354,0.000093,0.000415,-0.000229,-0.000229,3.296166,0.012657,0.000093,-0.000551,0.000415,0.000415
-0.391862,38.419024,1.710024,0.133891,0.022766,0.023424,0.527103,0.025068,1.175441,1.108372,0.024081,0.971932,0.001067,-0.000248,0.488308,1.151770,3.048451,3.249988,0.000093,0.243650,0.183405,0.994617,0.627026,0.595776,-0.000229,0.000415,-0.000551,0.000415,3.205960,0.013302,-0.000551,-0.000874,-0.000229,-0.000229
-2.349810,38.308483,1.875396,0.576419,0.030328,0.029999,0.817080,0.030986,1.589036,1.344430,0.030328,1.202401,0.384745,0.000410,0.834176,1.281306,3.217111,3.239467,0.000415,0.217554,0.185660,1.032310,0.618650,0.594810,-0.000229,-0.000229,-0.000229,0.000737,3.126063,0.012657,0.000415,0.000093,-0.000551,-0.000229
-3.481570,36.308048,1.946411,0.665187,0.035917,0.034273,1.011055,0.033945,1.909917,1.408869,0.036246,1.352649,0.576748,0.000410,1.249744,1.399006,3.232234,3.297660,0.000093,0.215621,0.192748,1.047130,0.637013,0.606408,-0.000229,-0.000229,-0.000229,0.000415,3.067106,0.012013,-0.000551,0.000093,-0.000874,0.000093
-2.293281,38.888080,2.013480,0.902561,0.038547,0.038876,1.143550,0.037232,2.024987,1.478240,0.039205,1.590022,0.925246,0.514939,1.440102,1.595940,3.249002,3.316728,0.000093,0.219487,0.210467,1.067748,0.652155,0.637980,0.000415,0.000415,-0.000229,0.000093,2.965624,0.012335,-0.000229,0.000093,0.000415,0.000093
-2.538848,38.737212,1.989808,1.085029,0.041835,0.040849,1.363499,0.041178,2.182468,1.494679,0.041178,1.769532,1.075823,0.667160,1.470349,1.693257,3.255906,3.289440,-0.000229,0.208212,0.228830,1.063560,0.646678,0.644423,-0.000551,-0.000229,-0.000551,0.001382,2.813884,0.012013,0.000093,-0.000551,-0.000874,0.000093
-2.828782,40.797376,1.867177,1.105413,0.039534,0.039534,1.174784,0.038876,2.049316,1.428595,0.038219,1.726134,1.164592,0.701352,1.457199,1.748819,3.231906,3.246043,-0.000229,0.188560,0.232374,1.029733,0.612529,0.619939,0.000093,0.000093,0.000093,-0.000551,2.692106,0.010080,-0.000874,0.001059,0.000415,0.000093
-3.310958,42.637807,1.674188,0.881519,0.036575,0.036575,1.304320,0.037232,1.728764,1.102783,0.035917,1.897095,1.027165,0.448198,1.202401,1.372047,3.152672,3.144453,0.000093,0.141846,0.206601,0.984307,0.493006,0.555183,-0.000229,-0.000229,-0.000551,-0.000229,2.444038,0.010402,0.000093,-0.000874,-0.000874,0.076446
-3.381508,43.100401,0.662228,0.649735,0.035589,0.036246,1.212593,0.035589,1.431883,0.909794,0.887766,1.893478,0.963384,0.019807,1.074508,1.284265,3.010972,3.200672,0.000415,0.124771,0.174062,0.883147,0.409887,0.495905,-0.000229,0.000093,-0.000229,-0.000229,2.479799,0.009758,-0.000551,-0.000551,-0.000874,0.466266
-3.410170,44.561485,0.556364,0.796367,0.039205,0.039534,1.643941,0.040191,1.450952,0.962397,1.060371,1.960548,1.085687,0.427485,1.357252,1.347060,3.030040,3.219741,0.000093,0.130892,0.175351,0.886047,0.397000,0.482696,0.000415,-0.000551,-0.000551,-0.000229,2.244296,0.008469,0.000093,0.000415,-0.000551,0.692426
-3.054478,44.843275,0.575104,0.962397,0.042164,0.042821,1.773148,0.042821,1.538734,1.027823,1.118564,2.057864,1.161304,0.541898,1.449637,1.366129,3.059630,3.225001,-0.000551,0.132503,0.178572,0.867684,0.387980,0.459500,-0.000551,-0.000229,-0.000229,0.001059,2.070649,0.008147,-0.000551,-0.000551,0.000093,0.645712
-2.518127,44.363655,0.379813,1.047878,0.042821,0.044137,1.835286,0.045123,1.539063,1.088646,1.316156,2.100604,1.250730,0.604365,1.510788,1.417088,3.111575,3.226974,-0.000551,0.135724,0.183083,0.873483,0.388624,0.467232,0.000093,0.000093,-0.000551,-0.000229,2.074192,0.008469,-0.000229,0.000093,0.000415,0.817748
-2.031353,44.849593,0.274935,1.035713,0.045452,0.045452,1.997699,0.047753,1.628489,1.089632,1.429582,2.159454,1.267826,0.685242,1.529528,1.443719,3.109274,3.205933,0.000093,0.130248,0.226897,0.890879,0.392812,0.493650,0.000093,-0.000229,-0.000551,0.000093,2.092556,0.008469,-0.000229,0.000415,0.000093,1.258470
-1.947611,44.737783,0.307483,0.989356,0.045780,0.044794,2.092056,0.047096,1.544652,1.039330,1.403938,2.156824,1.234620,0.718448,1.543666,1.508487,3.080342,3.155302,-0.000229,0.129925,0.254926,0.893779,0.398289,0.516846,0.000093,0.000093,-0.000551,-0.000229,2.190816,0.220454,0.000737,0.000093,-0.001518,1.070648
-2.295430,45.968366,0.251921,0.895985,0.046109,0.045780,2.507952,0.305182,1.397362,0.981466,1.384540,2.125920,1.195825,0.713188,1.573584,1.607118,3.059301,3.078698,0.000415,0.129281,0.275222,0.904410,0.400866,0.513946,0.000093,-0.000551,0.000093,0.000093,2.303896,0.495905,0.001059,-0.000551,0.000093,1.483019
-2.646666,46.533356,0.216413,0.933465,0.046767,0.046438,2.621707,0.362059,1.403280,0.985082,1.392759,2.125262,1.225086,0.751326,1.612379,1.690298,3.077383,3.045821,0.000093,0.117361,0.285209,0.901189,0.408276,0.488817,-0.000874,-0.000551,0.000093,0.000093,2.269747,0.489784,0.001059,0.000415,-0.000874,1.755571
-2.257604,48.505206,0.244688,0.993631,0.047753,0.047096,2.586199,0.403814,1.455226,1.048207,1.378622,2.167674,1.206346,0.762175,1.648872,1.778080,3.086589,3.037273,0.000415,0.114784,0.278766,0.904733,0.401511,0.482052,0.000093,0.000093,0.000093,-0.000229,2.212401,0.382181,0.000415,0.000093,-0.000229,1.915687
-2.088902,49.448961,0.219372,1.071549,0.053671,0.052685,2.718037,0.837135,1.602516,1.118893,1.470021,2.260387,1.336211,0.800641,1.754737,1.949369,3.125384,3.052068,0.000415,0.116395,0.290686,0.915364,0.401833,0.478508,0.000093,0.000415,0.000093,-0.000874,2.217878,0.628637,0.001382,0.000737,-0.000229,1.942427
-1.601068,49.971133,0.193070,1.167880,0.055315,0.201290,2.778530,0.913739,1.781696,1.157688,1.530843,2.302470,1.384869,0.823984,1.866519,1.994740,3.151685,3.100726,0.012335,0.126704,0.295840,0.936949,0.407310,0.494616,-0.000229,0.000093,-0.000874,-0.000229,2.231087,0.763624,0.002670,0.105441,0.000093,2.194038
-1.051412,50.888747,0.123371,1.263552,0.059589,0.500473,2.785435,1.011055,1.947397,1.188921,1.658407,2.340607,1.487446,0.918999,1.909917,1.998356,3.184891,3.111575,0.022967,0.133469,0.298418,0.930828,0.391524,0.488495,0.000093,0.000093,-0.000229,-0.000551,2.220133,0.842877,0.004281,0.177928,0.000737,2.261693
-0.523569,50.675181,0.063534,1.317471,0.063205,0.758559,2.775900,1.116591,1.959233,1.237908,1.724161,2.372827,1.544323,1.043933,2.025316,2.007562,3.218426,3.166151,0.035853,0.142490,0.305505,0.940171,0.382181,0.508792,-0.000551,-0.000229,-0.001196,-0.000229,2.277479,0.957890,0.003637,0.623482,0.002026,2.339979
-1.385191,50.073256,0.015205,1.343772,0.174002,0.864423,2.787736,1.236264,2.024001,1.474624,1.819834,2.378745,1.758682,1.137304,2.072001,1.991781,3.273002,3.201659,0.050029,0.184694,0.316781,0.941137,0.377993,0.493650,-0.000551,-0.000551,-0.000551,0.000093,2.290043,1.085789,0.003315,0.768779,0.002348,2.236564
-2.322749,49.802222,-0.234334,1.404595,0.263757,1.042618,2.788722,1.323717,2.074960,1.622899,2.123947,2.436280,1.868492,1.223442,2.228496,1.989151,3.338099,3.297989,0.066137,0.228830,0.300673,0.935983,0.377993,0.497838,0.000093,0.000093,-0.000551,-0.000874,2.322904,1.270390,0.004281,0.883470,0.003315,2.351577
-3.313302,49.393779,-0.198826,1.464760,0.644803,1.116591,2.771955,1.380924,2.128550,1.792874,2.145975,2.493486,2.101591,1.302018,2.240332,1.985863,3.375578,3.387743,0.069681,0.250093,0.308083,0.934372,0.361562,0.492361,0.000093,-0.000229,-0.000551,-0.000551,2.405378,1.396034,0.005892,0.938560,0.003637,2.290365
-4.531798,47.546480,-0.297129,1.531830,0.808532,1.287224,2.843956,1.470349,2.247894,2.037480,2.385320,2.672995,2.342251,1.348046,2.389265,2.019398,3.480128,3.498210,0.092232,0.272322,0.344165,0.943715,0.368972,0.516524,0.000737,0.000093,-0.000229,-0.000551,2.493007,1.498805,0.028121,1.278444,0.005248,2.363819
-4.195673,44.154301,-0.342829,1.581474,1.351005,1.875725,2.895902,1.507501,2.266305,2.109481,2.472116,2.782476,2.506637,1.469034,2.424444,2.311347,3.611307,3.558704,0.113173,0.300673,0.353508,0.955635,0.397000,0.548740,-0.000229,0.000415,-0.000874,0.000737,2.773936,1.681151,0.028766,1.757826,0.006536,2.416976
-2.384762,43.171186,-0.426666,1.696544,1.927671,2.195948,2.944560,1.617639,2.457321,2.250524,2.665433,2.799243,2.656885,1.652818,2.547404,2.428060,3.680678,3.592238,0.126059,0.336433,0.349642,0.973354,0.413109,0.570003,0.000093,0.000093,-0.002162,-0.000874,2.807119,1.872195,0.019423,1.968200,0.008147,2.452415
0.218667,35.390971,-0.398720,1.793203,1.947068,2.373484,3.073438,1.810957,2.555295,2.341594,2.782476,2.919244,2.699625,1.773477,2.676940,2.590802,3.671801,3.537334,0.146356,0.360273,0.360918,0.996227,0.476575,0.669552,0.000415,-0.000229,-0.000229,-0.000229,2.820005,2.316461,0.264268,2.365430,0.332889,2.554541
1.016005,43.472434,-0.421405,2.005261,1.960876,2.454691,3.304564,2.058193,2.825545,2.538856,2.890313,2.956067,2.680557,1.918794,2.850531,2.644721,3.655034,3.503142,0.191459,0.430183,0.370261,1.089333,0.608985,0.806794,-0.000229,0.000093,-0.000551,0.555506,2.916655,2.528768,0.541652,2.753317,1.125738,2.547131
-0.101429,0.521625,-0.260636,2.030576,1.692599,2.694365,3.370318,2.201866,2.950478,2.757489,2.932066,3.020177,2.778202,2.139071,2.950478,2.737105,3.639910,3.486374,0.231730,0.567103,0.392812,1.233663,0.742039,0.889591,0.000093,0.000415,-0.000874,1.250416,3.019426,2.752028,0.961111,2.968524,2.032955,2.513626
0.099651,-0.616746,-0.434228,1.735339,2.039124,2.980725,3.239139,1.856985,2.495787,2.365594,2.813709,2.944560,2.458307,1.859615,2.717708,2.582254,3.556402,3.384784,0.133147,0.456601,0.429861,1.141202,0.682761,0.837400,0.000093,0.000415,-0.000229,1.528444,3.237532,2.771358,0.920196,2.906990,2.421165,2.061950
-0.566187,-0.632739,0.148029,1.505857,1.807669,2.213702,2.761434,1.543337,2.191016,1.902684,1.866519,2.709488,2.300168,1.233634,2.330744,2.430362,3.434100,3.267742,0.115106,0.482374,0.589655,1.568715,0.960145,1.217877,0.000093,0.000415,-0.001840,1.635081,3.632507,2.680830,0.829668,2.170842,2.139914,2.332247
0.471200,-0.884580,-0.046933,1.893150,2.082851,2.786750,3.176343,1.976986,2.508281,2.183783,2.413923,2.886696,2.378087,1.368759,2.395183,2.539843,3.573827,3.567581,0.159565,0.580312,0.580312,1.494617,0.937916,1.216266,0.000093,0.000093,0.000415,1.683406,3.508151,2.793910,1.286498,2.465301,2.786822,2.344811
18.519728,1.205968,-0.242553,2.510582,2.819956,3.466977,3.742487,2.983355,3.161220,2.874203,3.249659,3.280892,3.014588,2.578309,3.015574,3.104342,3.837173,3.772405,0.289719,0.603830,0.726575,1.655378,1.148289,1.433728,0.000093,0.070969,-0.000229,2.598356,3.764595,3.291978,2.568072,2.931152,3.351256,3.368976
28.509969,-7.390973,0.032958,3.304235,3.609992,4.173176,4.172190,3.698103,3.535690,3.348290,3.812186,3.644842,3.332838,3.040232,3.607033,3.554101,3.987750,3.903256,0.272322,0.466910,0.869294,1.703380,1.272323,1.511047,0.000415,0.153766,-0.000229,2.708858,3.552610,3.468525,2.616397,3.224323,2.867686,3.781670
27.940577,-0.138026,0.126001,2.955080,3.449223,4.141943,4.159039,3.535690,2.982697,3.202316,3.693171,3.537991,3.184234,2.862038,3.315742,3.406483,3.725062,3.586649,0.252670,0.606085,0.651833,1.004926,0.662464,0.740428,0.000415,0.732374,0.000415,1.501383,3.225934,3.180509,2.015880,2.970779,1.090944,3.749775
30.830454,-5.414760,0.133563,2.985656,3.484073,4.176793,4.163313,3.568896,3.058315,3.218097,3.698103,3.616239,3.251303,2.924176,3.420291,3.408127,3.753007,3.597828,0.333856,0.659887,0.666008,1.016846,0.682439,0.747516,-0.000551,0.877993,0.004281,1.750738,3.324194,3.308086,2.279090,3.127029,1.743651,3.831928
33.137420,-3.196709,0.125015,2.999136,3.523525,4.191916,4.169889,3.560019,3.031027,3.218755,3.707966,3.600786,3.227960,2.905436,3.423908,3.415360,3.759254,3.603088,0.326124,0.625415,0.682116,1.016524,0.689848,0.752671,-0.000229,0.866717,0.003959,1.646357,3.307442,3.300999,2.141203,3.111565,1.572581,3.854157
36.277849,-1.600938,0.128960,2.967245,3.512347,4.184026,4.162327,3.538649,2.984341,3.173384,3.698103,3.556074,3.258536,2.880778,3.401880,3.393003,3.744788,3.595526,0.288431,0.583856,0.647645,0.983985,0.643457,0.713044,0.001059,0.859952,0.003315,1.502671,3.329027,3.234632,2.033277,3.069039,1.564849,3.821618
38.766455,-0.604405,0.167755,2.972177,3.531087,4.218876,4.175807,3.552786,2.967903,3.140836,3.663253,3.589280,3.261166,2.874860,3.444949,3.419305,3.764843,3.607691,0.289719,0.603508,0.672774,0.995583,0.659243,0.738818,-0.000229,0.891202,0.003959,1.514591,3.343202,3.310019,2.078058,3.145393,1.615429,3.922456
39.002272,-2.142938,0.169399,3.048123,3.521224,4.263917,4.205396,3.592896,2.921546,3.176672,3.684294,3.610650,3.344016,2.958368,3.516950,3.446264,3.805611,3.653719,0.317103,0.658276,0.697903,1.022323,0.690493,0.768779,-0.000551,0.951447,0.002992,1.641847,3.360599,3.348679,2.194682,3.214980,1.691138,4.007186
40.745703,-0.711886,0.179920,3.130973,3.525169,4.275424,4.212958,3.611307,2.926149,3.184563,3.699747,3.609335,3.367688,2.979081,3.546539,3.465004,3.818433,3.663910,0.330312,0.671163,0.697580,1.061627,0.704346,0.792297,0.000415,0.974320,0.003315,1.764269,3.387017,3.368331,2.336435,3.260406,1.683728,4.059377
42.328445,0.338013,0.108576,3.132946,3.509059,4.315534,4.221835,3.630376,2.978094,3.199357,3.765829,3.609992,3.369332,2.993218,3.569224,3.487689,3.834543,3.681335,0.334822,0.685660,0.699513,1.091911,0.712722,0.802606,-0.000229,0.980764,0.003959,1.780700,3.370586,3.404092,2.383149,3.271037,1.684050,4.085472
43.041443,0.025317,0.059260,3.106644,3.536676,4.348411,4.225780,3.640897,3.012287,3.230262,3.823693,3.609006,3.427195,3.006040,3.566266,3.518594,3.853282,3.697445,0.348353,0.724964,0.719810,1.118328,0.732052,0.814526,0.000093,1.017168,0.004281,1.966267,3.390561,3.438563,2.530056,3.331926,1.638625,4.138952
44.740471,1.785160,0.083589,3.150699,3.561992,4.360576,4.236958,3.675746,3.002752,3.266427,3.840789,3.654705,3.451853,3.049109,3.605389,3.527799,3.871036,3.723089,0.374127,0.782954,0.742683,1.210467,0.776189,0.883792,0.000093,1.066782,0.003959,2.160533,3.502352,3.454672,2.711758,3.441785,1.840945,4.199841
47.353349,3.028382,0.039863,3.191467,3.558704,4.375699,4.233670,3.674431,3.004725,3.294372,3.887803,3.647143,3.439689,3.032999,3.599800,3.534704,3.867748,3.712569,0.375737,0.789720,0.737851,1.203702,0.773611,0.878959,0.000093,1.090622,0.004603,2.215945,3.519105,3.440818,2.681796,3.508795,1.836112,4.208539
47.744541,2.634004,0.030657,3.182590,3.574156,4.379644,4.224136,3.643527,2.957053,3.276290,3.892077,3.612622,3.403524,2.996177,3.590595,3.522539,3.849337,3.704021,0.363817,0.763946,0.725931,1.193715,0.765557,0.857696,-0.000551,1.082568,0.004925,2.155700,3.506862,3.415367,2.682119,3.514594,1.844811,4.181478
47.764630,2.512400,0.027040,3.228618,3.615581,4.392467,4.237287,3.664897,2.991245,3.310153,3.909502,3.633335,3.453826,3.053383,3.618211,3.542923,3.864461,3.725062,0.388302,0.811627,0.741395,1.226253,0.791653,0.889269,0.000737,1.154733,0.004281,2.264270,3.607056,3.501386,2.770714,3.550033,1.947259,4.208217
48.936988,2.047883,0.045123,3.221714,3.623800,4.401672,4.243862,3.689226,3.000451,3.342701,3.915420,3.633335,3.455799,3.068506,3.633992,3.563307,3.855584,3.726377,0.401833,0.860274,0.751060,1.249449,0.813560,0.916330,0.000093,1.170197,0.004603,2.308084,3.620909,3.527481,2.836758,3.570651,2.057118,4.217882
49.093647,1.658875,0.035589,3.275303,3.692514,4.413508,4.255369,3.714212,3.090205,3.371962,3.949612,3.684952,3.490648,3.087246,3.652404,3.613937,3.865776,3.741172,0.423418,0.933405,0.782310,1.308728,0.876382,0.990106,0.000093,1.276189,0.005248,2.427286,3.661824,3.569685,2.967557,3.631863,2.362530,4.233991
49.470608,0.130640,0.002382,3.324619,3.728350,4.426001,4.262273,3.755638,3.235193,3.384455,3.974928,3.705664,3.493607,3.102370,3.666541,3.653061,3.895036,3.743144,0.459500,0.987207,0.789397,1.335790,0.939849,1.080313,0.000415,1.353509,0.006214,2.681474,3.720136,3.670523,3.175032,3.766528,2.601255,4.301323
49.603906,1.356184,-0.015042,3.394976,3.754651,4.443097,4.270164,3.807912,3.441004,3.465990,4.012079,3.760898,3.530101,3.153329,3.691856,3.688240,3.920680,3.752350,0.545518,1.056150,0.824191,1.412465,1.035209,1.163753,0.000415,1.435983,0.006214,2.982699,3.858345,3.797134,3.285535,3.856734,2.756539,4.342560
49.765986,0.445715,-0.001234,3.446922,3.771419,4.450001,4.273123,3.815803,3.491306,3.518265,4.012408,3.777994,3.571855,3.205275,3.699418,3.711253,3.929886,3.753994,0.604152,1.096099,0.854797,1.444681,1.061627,1.212722,0.000093,1.516524,0.006214,3.126707,3.883152,3.819363,3.364465,3.880252,2.910534,4.357702
49.542935,0.297199,-0.018659,3.418647,3.755638,4.451316,4.269506,3.809227,3.485717,3.485717,4.007147,3.740843,3.581389,3.183576,3.724404,3.693171,3.943694,3.772734,0.566781,1.092555,0.842233,1.428573,1.040364,1.187916,0.000093,1.590944,0.005570,3.114143,3.862856,3.788113,3.404736,3.932765,2.904091,4.363179
49.522138,1.388242,-0.027207,3.421278,3.775364,4.452960,4.268849,3.813830,3.509388,3.499854,4.008462,3.748076,3.598814,3.217768,3.744788,3.708295,3.950599,3.780953,0.601575,1.106408,0.861562,1.443393,1.064526,1.213367,0.000415,1.646035,0.007503,3.210792,3.882185,3.833216,3.455316,3.958861,2.940817,4.374777
50.058967,-0.559774,-0.028851,3.448566,3.801994,4.456906,4.270821,3.817775,3.540621,3.526484,4.015038,3.754980,3.602430,3.226974,3.753994,3.716185,3.948297,3.780295,0.616395,1.130570,0.862851,1.453058,1.068715,1.218521,0.018456,1.668264,0.007825,3.219169,3.918590,3.867688,3.462726,3.963693,2.945650,4.368334
49.230488,-1.235585,-0.023919,3.438045,3.783583,4.460193,4.273123,3.825666,3.561663,3.569224,4.036079,3.762871,3.615252,3.226316,3.753665,3.725062,3.956516,3.774377,0.630248,1.140880,0.865106,1.470132,1.066137,1.231730,0.036175,1.689205,0.006858,3.211114,3.906670,3.879286,3.481411,3.977224,2.955315,4.374133
47.727608,1.383704,-0.024906,3.458757,3.819090,4.460193,4.275424,3.836844,3.615581,3.601115,4.047586,3.784569,3.618211,3.225988,3.751035,3.740185,3.950927,3.776679,0.666975,1.149900,0.878315,1.489140,1.078702,1.254282,0.042297,1.699192,0.007181,3.205960,3.965304,3.928255,3.508795,3.984956,2.946294,4.380254
49.353745,0.952624,-0.031152,3.523525,3.833556,4.462166,4.274767,3.870379,3.701390,3.681007,4.074216,3.825008,3.623472,3.275961,3.782926,3.773062,3.969667,3.798707,0.730763,1.204346,0.904088,1.528444,1.108985,1.289076,0.058083,1.743329,0.005248,3.270071,4.009119,3.968848,3.565497,4.041335,3.033601,4.407638
46.317269,5.516811,-0.028522,3.559361,3.861502,4.463481,4.274767,3.867748,3.704349,3.705664,4.077175,3.858872,3.593554,3.254262,3.787528,3.774706,3.977558,3.785227,0.752993,1.220454,0.911820,1.536176,1.105441,1.317104,0.062593,1.783277,0.006858,3.281346,4.080640,3.982701,3.589981,4.030382,3.018782,4.418592
45.338364,3.172800,-0.030495,3.568238,3.868406,4.462495,4.283972,3.921338,3.767145,3.744788,4.080134,3.872022,3.666869,3.305550,3.835200,3.786542,3.977229,3.819090,0.786820,1.266524,0.937271,1.552607,1.132825,1.331924,0.087722,1.830635,0.006858,3.332249,4.098037,3.987534,3.661824,4.084183,3.141204,4.446298
42.950947,5.413725,-0.038057,3.510046,3.847365,4.447371,4.265890,3.855255,3.724404,3.672787,4.038380,3.842433,3.580074,3.250646,3.774377,3.752021,3.956188,3.774049,0.728830,1.196292,0.897323,1.518779,1.089978,1.280055,0.037786,1.786821,0.006858,3.225612,4.043268,3.961438,3.573551,3.993010,2.938240,4.426968
42.436483,6.386757,-0.040029,3.539964,3.878927,4.442111,4.270164,3.902269,3.796076,3.721117,4.052518,3.891420,3.636623,3.269385,3.786871,3.772405,3.970654,3.766816,0.774578,1.256215,0.916975,1.549707,1.135081,1.332568,0.080312,1.863496,0.011369,3.306153,4.092238,3.986567,3.667301,4.038436,2.926964,4.456607
38.484873,8.225167,-0.064358,3.670815,3.895694,4.438166,4.279041,3.933174,3.846378,3.752021,4.077504,3.913448,3.715199,3.354537,3.831584,3.778980,3.978873,3.803967,0.816459,1.304862,0.939526,1.575158,1.163753,1.371872,0.120261,1.987530,0.008469,3.415690,4.142173,4.021683,3.783281,4.120266,3.035534,4.474971
