-10.572631,-15.152565,0.931164,1.048535,1.734682,2.207784,3.601444,4.320137,1.999671,0.971274,2.014137,2.676940,1.695229,1.519336,2.392224,2.520116,2.909710,2.761106,0.000737,2.286499,1.450480,3.202416,1.744939,2.916333,2.085146,0.982374,1.664398,1.804862,2.608343,2.622840,2.482698,2.536822,1.790043,0.451768
-11.116729,-12.673326,0.603378,0.979822,1.607776,2.121646,3.578101,4.307644,1.529528,0.778285,1.924383,2.487897,1.642955,1.399992,2.275182,2.402745,2.783462,2.604939,-0.000551,2.104154,1.401189,3.214336,1.696615,2.803253,1.995584,0.712400,1.484952,1.541975,2.601255,2.619618,2.467879,2.510404,1.754604,0.439526
-9.984736,-12.074083,0.434061,0.908150,1.557474,1.935232,3.499525,4.292520,1.181030,0.699051,1.859944,2.440554,1.573584,1.270456,2.194962,2.350142,2.620392,2.360991,0.000415,2.357376,1.289720,3.233022,1.549063,2.926320,2.089656,0.603830,1.332568,1.425996,2.615108,2.673098,2.514593,2.555185,1.873483,0.432438
-3.665072,-0.782930,0.483705,0.913739,1.533145,1.914848,3.472566,4.284301,1.119550,0.701681,1.807669,2.430691,1.548597,1.342457,2.177208,2.288990,2.537541,2.231455,-0.000229,2.355121,1.159887,3.209181,1.140557,2.878962,2.084502,0.550029,1.217877,1.337723,2.583214,2.662789,2.554863,2.609631,2.006216,0.590944
2.352034,1.464230,0.614556,0.932479,1.537748,1.873752,3.358811,4.263260,1.231004,0.754613,1.867834,2.410964,1.685695,1.575556,2.205482,2.193318,2.282744,2.040110,0.000093,2.348355,0.944681,3.122519,0.644101,2.189528,2.081924,0.009114,1.210145,1.246550,2.397646,2.619296,2.498484,2.456603,1.914398,0.464655
4.294435,4.365455,0.909136,1.008096,1.565364,1.739285,3.193439,4.191916,1.488103,0.968315,1.802409,2.277812,1.740271,1.717914,2.216332,2.118687,1.729750,1.541364,-0.000229,2.283278,0.327090,2.653124,0.132503,0.871550,2.087079,0.008469,1.006537,1.163753,2.339012,2.353188,2.398291,2.048741,0.930828,0.002026
5.515556,7.107989,0.924917,0.987055,1.512432,1.711339,3.116836,4.172190,1.486131,0.930506,1.670243,2.059837,1.778080,1.840875,2.213702,2.089097,1.709038,1.421363,-0.000229,1.954025,0.307438,2.082569,0.009758,0.000093,1.953380,0.009436,0.788109,0.984307,2.341268,1.907633,1.866396,1.240751,0.006214,0.000093
6.079200,8.578442,0.961411,1.016316,1.504542,1.671229,3.110918,4.163313,1.499610,0.969301,1.681092,2.049974,1.749805,1.847450,2.246907,2.086138,1.733367,1.403280,0.000737,1.939527,0.425673,1.916331,0.008469,-0.001196,2.014914,0.010080,0.829668,1.053573,2.382827,1.901512,1.711112,0.989140,0.004281,0.000415
6.752254,9.788974,1.032754,1.030782,1.590022,1.640653,2.967245,4.158053,1.488761,1.002507,1.653804,2.132824,1.772162,1.757038,2.217976,2.138413,1.775449,1.482843,-0.000874,2.088046,0.502993,1.852865,0.008791,-0.001196,2.076448,0.008469,0.897001,1.089655,2.427286,1.931151,1.672774,0.597065,0.001382,0.000415
7.265263,11.224814,1.144537,1.098837,1.631776,1.642955,3.050753,4.164300,1.584433,1.092262,1.729421,2.304114,1.832984,1.799450,2.252825,2.176222,1.850738,1.604159,-0.000229,2.015880,0.539075,1.785210,0.007825,0.000737,2.234631,0.009114,0.939849,1.204991,2.437595,1.947581,1.645390,0.535531,0.002992,0.000737
7.415011,10.719332,1.251716,1.136975,1.822135,1.705750,3.101384,4.174820,1.654133,1.167880,1.780381,2.346854,1.905314,1.956602,2.318908,2.280113,1.925369,1.822464,0.000093,1.992040,0.586111,1.804218,0.007825,-0.000551,2.363819,0.010402,0.985918,1.537465,2.455636,2.031344,1.671808,0.453057,0.001704,-0.000229
7.596709,11.009102,1.319772,1.308923,1.869149,1.748490,3.082315,4.179423,1.786628,1.232648,1.890191,2.399457,1.972055,2.053590,2.376772,2.373156,2.141701,1.903670,-0.000229,2.022002,0.640235,1.767169,0.007181,0.000415,2.364463,0.009758,1.033276,1.650545,2.458214,2.057118,1.654733,0.435016,0.001704,-0.001196
8.143284,11.513961,1.397033,1.484815,1.998356,1.893478,3.104671,4.192903,2.049316,1.304977,1.925040,2.510253,2.018740,2.194633,2.490527,2.443184,2.330087,2.029918,0.000093,2.158278,0.664397,1.709501,0.006858,-0.000229,2.507505,0.011047,1.115106,1.786499,2.460791,2.069682,1.661499,0.411498,0.000737,0.193392
8.446564,11.859250,1.451609,1.587392,2.084166,1.943780,3.114863,4.203752,2.148934,1.450294,1.981589,2.671022,2.059508,2.322196,2.620720,2.533267,2.450088,2.116385,-0.000551,2.238819,0.676317,1.671486,0.007181,0.000093,2.616075,0.246871,1.184050,1.943393,2.477221,2.079991,1.690494,0.431794,0.002026,0.465299
8.944537,12.832195,1.497309,1.696873,2.114413,2.018083,3.148727,4.210328,2.184770,1.510460,2.033206,2.720009,2.070686,2.377430,2.713105,2.627296,2.560226,2.235729,-0.000229,2.232698,0.670518,1.621872,0.006858,-0.000874,2.637338,0.543585,1.103508,2.052285,2.476899,2.069682,1.648612,0.074191,0.000093,0.543263
9.093729,13.584850,1.584762,1.756052,2.154194,2.126906,3.176672,4.210656,2.341594,1.604817,2.063453,2.771626,2.109481,2.442526,2.757160,2.673324,2.647680,2.369539,-0.000229,2.268458,0.743328,1.630893,0.007825,-0.000874,2.702093,0.589011,1.177606,2.131216,2.495263,2.058406,1.657633,0.094809,-0.000229,0.638624
9.589046,13.463465,1.602516,1.831998,2.244935,2.272223,3.158918,4.209341,2.344224,1.601201,2.086467,2.701269,2.125262,2.531623,2.769654,2.692064,2.671022,2.400115,0.027799,2.291654,0.776511,1.671486,0.007181,0.000415,2.784245,0.638624,1.151511,2.176641,2.548742,2.082247,1.734630,0.041330,0.000415,0.818070
9.722661,13.718880,1.641639,1.875396,2.384005,2.391238,3.153987,4.215917,2.451732,1.609091,2.124933,2.617433,2.114084,2.684831,2.812723,2.731845,2.751900,2.386635,0.105763,2.276512,0.850287,1.705635,0.008147,-0.000229,2.841590,0.692426,1.293264,2.240752,2.559696,2.051641,1.751061,0.041330,-0.000229,1.002993
9.947139,13.891561,1.731065,1.955287,2.515514,2.494472,3.158590,4.241890,2.624666,1.925369,2.203181,2.688118,2.136769,2.804503,2.863025,2.775571,2.844613,2.523733,0.508792,2.480121,0.998805,1.800996,0.009114,0.000415,3.080959,0.973032,1.496550,2.386693,2.692428,2.270069,1.869940,0.649900,0.404410,1.348032
10.175155,13.722387,1.747175,2.009206,2.586857,2.480993,3.196398,4.259972,2.708173,1.949369,2.277812,2.703571,2.180167,2.881107,2.942258,2.831791,2.923518,2.613487,0.505892,2.460469,0.991395,1.714656,0.007825,0.000415,3.109310,1.009436,1.498161,2.535211,2.709503,2.265236,1.862852,0.441459,0.259114,1.240751
10.017719,13.195823,1.802737,2.078248,2.680228,2.503020,3.214809,4.275424,2.830147,2.029261,2.409320,2.740393,2.264661,2.940943,2.977108,2.920231,2.977766,2.628611,0.612529,2.500739,1.128315,1.809695,0.009114,-0.000551,3.153447,1.007181,1.716267,2.595134,2.727866,2.296487,1.904411,0.678573,0.318070,1.348998
9.689348,12.964672,1.790573,2.086138,2.694036,2.632227,3.240125,4.287589,2.815353,2.041425,2.451403,2.842312,2.320552,2.945546,2.986642,2.968560,3.050095,2.739407,0.687271,2.472711,1.144423,1.841589,0.008469,0.000737,3.188885,0.999771,1.723032,2.591268,2.724967,2.258793,1.878960,0.913753,0.481730,1.351898
9.584431,13.544984,1.773806,2.104550,2.714091,2.601652,3.208234,4.283972,2.770640,2.030905,2.431348,2.875189,2.515185,2.931409,2.966916,2.978423,3.040890,2.753215,0.733341,2.498806,1.129282,2.029734,0.008469,-0.000229,3.180509,0.927928,1.733986,2.592234,2.743330,2.252028,1.900867,0.921485,0.485596,1.333534
10.121856,14.275638,1.813258,2.116385,2.725269,2.619076,3.231577,4.285287,2.771297,2.122632,2.479020,2.953108,2.630583,3.010972,2.985985,2.999793,3.053054,2.804832,0.725931,2.614464,1.192748,2.116396,0.010724,0.000093,3.246230,0.912787,1.762981,2.729155,2.754606,2.328059,2.008149,1.061949,0.648933,1.459501
11.132640,15.680501,1.865862,2.167345,2.756503,2.769325,3.255248,4.289233,2.824887,2.349155,2.572062,2.969218,2.725598,3.133603,3.012287,3.063575,3.067849,2.917601,0.886369,2.611886,1.296808,2.143136,0.010402,0.000093,3.296488,0.979797,1.822581,2.760405,2.773291,2.354798,2.058084,1.033599,0.638624,1.475287
11.729401,15.316902,1.931616,2.173263,2.790037,2.881436,3.246371,4.298438,2.824230,2.421485,2.659515,2.991245,2.708502,3.177658,3.031027,3.092835,3.087575,2.984999,0.943392,2.595778,1.319359,2.167620,0.009758,0.000093,3.399581,1.081923,1.833857,2.859310,2.802286,2.398935,2.126705,0.953057,0.658598,1.527478
12.187516,15.447569,2.007562,2.229154,2.865983,3.001766,3.310153,4.324082,2.790366,2.458636,2.819956,3.021163,2.710804,3.266755,3.076397,3.119137,3.092507,3.144781,1.039720,2.647969,1.355442,2.252672,0.010402,-0.000551,3.464014,1.486885,1.961112,2.987531,2.830637,2.457569,2.220778,1.000416,0.714977,1.755893
12.008536,14.964511,2.089755,2.308716,2.975464,3.087904,3.371304,4.331644,3.025766,2.524062,2.994204,3.102699,2.817983,3.296016,3.123082,3.156946,3.150699,3.264783,1.092233,2.725289,1.375416,2.278123,0.207245,0.000737,3.531991,1.541975,2.065172,3.019426,2.884438,2.457569,2.267814,1.198869,0.762980,1.746872
10.979726,14.267197,2.116385,2.372498,3.002423,3.158590,3.360126,4.328685,3.035301,2.562199,2.988286,3.139192,2.880778,3.304235,3.144124,3.164836,3.156946,3.344674,1.154411,2.752673,1.444037,2.283922,0.446614,0.001704,3.554865,1.568393,2.313561,3.043910,2.935341,2.451770,2.256216,1.386370,0.954024,1.906989
11.064516,13.488895,2.132824,2.336333,3.034314,3.145110,3.353880,4.320466,2.977437,2.543130,2.990916,3.135904,2.926806,3.297989,3.157275,3.183905,3.147740,3.328893,1.183405,2.829348,1.425674,2.270069,0.502026,0.002026,3.554221,1.414076,2.317749,3.021681,2.893781,2.402801,2.219167,1.424063,0.990428,1.797775
9.689246,12.587705,2.146961,2.403731,3.040232,3.155959,3.356839,4.331315,3.002423,2.644063,2.978752,3.141165,2.967245,3.284180,3.148398,3.194097,3.178316,3.340729,1.193070,2.793588,1.433083,2.332247,0.572580,0.002348,3.580961,1.356730,2.320005,2.965624,2.897969,2.399902,2.294876,1.495906,1.065171,1.865107
9.129580,11.010522,2.313977,2.464554,3.093822,3.202316,3.433113,4.351370,3.073438,2.764064,3.086918,3.250317,3.033328,3.316400,3.188179,3.224344,3.217111,3.393332,1.270068,2.952093,1.473354,2.468845,0.803251,0.003637,3.616721,1.328058,2.454670,2.974645,2.969168,2.400224,2.392492,1.720777,1.239462,2.010726
9.231867,10.200410,2.479020,2.616446,3.167466,3.270043,3.534046,4.360576,3.157275,3.014259,3.190809,3.321660,3.081000,3.379195,3.311468,3.299632,3.293057,3.471251,1.403444,3.065173,1.505571,2.592557,0.937916,0.004603,3.652481,1.369295,2.569038,3.021037,3.010083,2.437273,2.449515,2.110275,1.666975,2.089334
9.276276,11.034831,2.739078,2.805818,3.263468,3.445278,3.586649,4.377014,3.323961,3.248015,3.280235,3.401551,3.186864,3.428182,3.401223,3.368345,3.398921,3.513662,1.448870,3.276514,1.592555,2.762982,1.001704,0.062593,3.706605,1.490107,2.707570,3.063563,3.047132,2.491719,2.522324,2.580314,2.047775,2.445005
9.052931,7.913001,2.790037,2.932724,3.296016,3.506100,3.603088,4.372412,3.370976,3.309496,3.308838,3.425552,3.230590,3.465333,3.485059,3.389058,3.445278,3.536676,1.455635,3.294555,1.724965,2.812918,1.095777,0.322902,3.732056,1.607697,2.919232,3.090947,3.069039,2.581603,2.556474,2.608665,2.156022,2.497518
7.147231,4.993895,3.033657,3.109603,3.378866,3.574156,3.635307,4.370439,3.445278,3.313770,3.395962,3.487361,3.267084,3.530430,3.516950,3.453826,3.539635,3.564950,1.643780,3.478512,1.870262,2.910856,1.183405,0.684694,3.762340,1.605764,3.012983,3.148292,3.137661,2.744941,2.568072,2.696616,2.410533,2.609309
2.263685,-1.217377,3.133274,3.198700,3.425223,3.611965,3.664897,4.366494,3.474210,3.311468,3.510046,3.555087,3.346975,3.538320,3.595855,3.459415,3.597170,3.605389,1.718844,3.598035,1.981731,3.045521,1.408599,1.095777,3.746876,1.626383,3.084181,3.101900,3.208215,2.865753,2.721423,2.954026,2.581603,2.645070
-1.069821,-1.395023,3.179302,3.254920,3.448566,3.663582,3.801994,4.400028,3.554430,3.373606,3.551471,3.666541,3.431141,3.528457,3.638924,3.489991,3.658650,3.721445,1.796808,3.671811,2.221744,3.169233,1.720777,1.896357,3.729157,1.537143,3.191784,3.102545,3.238821,3.094168,3.008472,3.148936,2.839657,2.714013
-2.300050,-3.446686,3.279249,3.406483,3.460401,3.682322,3.926927,4.455262,3.714541,3.416346,3.529443,3.763528,3.415031,3.526156,3.682322,3.562649,3.753994,3.832899,1.785210,3.659569,2.272324,3.178253,1.953058,2.204669,3.680188,1.978831,3.174065,3.130573,3.261694,3.150225,3.086436,3.259761,2.893781,2.762660
-3.580106,-4.380340,3.268399,3.431798,3.501498,3.693500,3.960791,4.476303,3.794433,3.484073,3.516950,3.761555,3.392346,3.534046,3.682322,3.586321,3.757610,3.867091,1.693071,3.601257,2.265559,3.161501,1.961435,2.238175,3.640561,2.090945,3.209826,3.153769,3.257184,3.160534,3.064207,3.278447,2.890560,2.704026
-3.923155,-4.598319,3.240454,3.400894,3.473552,3.685938,3.984133,4.478276,3.791474,3.475525,3.484730,3.744788,3.398592,3.524183,3.669500,3.561334,3.752021,3.882543,1.600609,3.485922,2.216590,3.183408,1.991074,2.366396,3.607378,2.314850,3.183730,3.145715,3.246230,3.166011,3.044877,3.264594,2.888304,2.611242
-4.295226,-4.475959,3.179302,3.317715,3.412072,3.608677,3.952242,4.466111,3.747747,3.390702,3.500840,3.706979,3.370318,3.486045,3.619855,3.534704,3.734596,3.863474,1.455635,3.403125,2.218200,3.151192,1.984953,2.351255,3.558087,2.352543,3.155058,3.126707,3.202416,3.146359,2.936629,3.235921,2.863820,2.417943
-4.830028,-5.257830,3.105000,3.225988,3.368674,3.554759,3.907858,4.450988,3.691856,3.325934,3.480128,3.697116,3.314427,3.418647,3.565279,3.501498,3.712897,3.838159,1.430184,3.310664,2.209502,3.135083,1.936628,2.341590,3.529414,2.354154,3.146359,3.116720,3.184052,3.088369,2.903446,3.202094,2.858665,2.378639
-5.408075,-5.705302,3.023794,3.165494,3.288125,3.527471,3.891420,4.438166,3.626431,3.259522,3.474538,3.666869,3.260509,3.377880,3.508731,3.458100,3.685938,3.818433,1.328380,3.257184,2.177607,3.140238,1.927929,2.368652,3.491398,2.427608,3.150547,3.095457,3.206282,3.063240,2.829026,3.182764,2.816462,2.269102
-5.754085,-5.889044,2.919244,3.092507,3.245385,3.474867,3.864132,4.435207,3.590266,3.267413,3.466319,3.608348,3.235522,3.323961,3.486045,3.426209,3.663582,3.797063,1.251060,3.196295,2.166976,3.144104,1.943393,2.394425,3.473357,2.356087,3.064207,3.105122,3.194040,3.025547,2.806474,3.166656,2.778446,2.146680
-5.947666,-6.558705,2.825873,2.989601,3.235522,3.441004,3.886160,4.444412,3.537662,3.221385,3.430483,3.585005,3.169768,3.299632,3.456127,3.416346,3.638595,3.777336,1.245583,3.154091,2.137981,3.131539,1.934050,2.408600,3.448550,2.357376,3.040044,3.101578,3.184375,3.021681,2.790688,3.148614,2.728188,2.060339
-6.371495,-6.752952,2.742037,2.911354,3.213166,3.411086,3.891420,4.452303,3.493607,3.223029,3.397277,3.547197,3.156946,3.260509,3.434757,3.413387,3.624129,3.746761,1.230764,3.139916,2.153767,3.127351,1.946615,2.480765,3.448550,2.348355,3.043588,3.097068,3.179220,3.001062,2.778446,3.137661,2.703059,2.003316
-6.468869,-6.862449,2.636173,2.833764,3.152014,3.384784,3.887803,4.460193,3.449552,3.191467,3.363085,3.525169,3.142151,3.238152,3.406812,3.408784,3.614266,3.708952,1.144423,3.172777,2.123806,3.123163,1.964656,2.571938,3.422777,2.369618,3.024580,3.085792,3.177931,2.993008,2.768459,3.129929,2.682119,1.925030
-6.396615,-7.087899,2.532610,2.739735,3.109603,3.308838,3.886488,4.465782,3.399907,3.105000,3.323633,3.489662,3.058972,3.204946,3.354208,3.400565,3.586321,3.690212,1.119617,3.180509,2.179863,3.118975,1.988174,2.647647,3.425354,2.168587,3.009117,3.084503,3.172777,2.979477,2.767815,3.124774,2.647647,1.825159
-6.497553,-7.504014,2.410636,2.613816,3.035301,3.266098,3.861173,4.462823,3.361770,2.955409,3.252289,3.447579,3.000780,3.135576,3.328893,3.369332,3.546211,3.644842,1.075802,3.150225,2.215301,3.112210,2.058084,2.772325,3.396360,2.258471,3.029735,3.088369,3.162145,2.961114,2.743330,3.105122,2.681474,1.999772
-6.653168,-7.794144,2.232442,2.574364,3.025109,3.224673,3.855584,4.457234,3.308838,2.829161,3.205933,3.416346,2.956067,3.093493,3.265111,3.354208,3.528786,3.615252,1.034887,3.064529,2.214979,3.101578,2.061950,2.969168,3.384117,2.247195,3.027480,3.073872,3.156668,2.947261,2.727544,3.098679,2.637660,1.947581
-6.964768,-8.286845,2.078905,2.493157,2.934368,3.184234,3.870379,4.454275,3.261824,2.687132,3.183905,3.367359,2.912340,3.020177,3.216453,3.347633,3.496895,3.563635,1.010403,3.051320,2.194038,3.123485,2.059373,3.014916,3.360921,2.180185,2.983343,3.043588,3.156024,2.944039,2.708214,3.073227,2.574193,1.851254
-6.891806,-8.639622,2.023343,2.438910,2.837380,3.095466,3.849666,4.449344,3.210864,2.545432,3.142151,3.337770,2.826202,2.901491,3.159905,3.333496,3.473223,3.537005,0.896356,3.012660,2.192749,3.108988,1.981087,3.029413,3.314530,2.065816,2.920199,3.048421,3.133150,2.901191,2.648613,3.029091,2.499451,1.653122
-6.766901,-9.488066,1.979616,2.331073,2.767352,3.072452,3.860515,4.443755,3.187850,2.393211,3.092835,3.311468,2.776558,2.784777,3.117165,3.304893,3.429168,3.526813,0.907310,3.023936,2.180829,3.100289,1.947259,3.039722,3.287145,1.962401,2.816462,3.047132,3.112854,2.866397,2.656990,3.026191,2.485920,1.565816
-7.395340,-11.860620,1.937205,2.210085,2.753544,3.027739,3.841447,4.440138,3.203960,2.397156,3.040890,3.261824,2.737434,2.686146,3.098425,3.267413,3.390702,3.516292,0.877349,3.030379,2.168587,3.118009,1.934050,3.056153,3.267493,1.932762,2.765559,3.028124,3.116720,2.870908,2.648613,3.019748,2.454025,1.493651
-7.877975,-12.200109,1.856327,2.149262,2.756174,2.981053,3.879913,4.437508,3.187193,2.360005,2.899847,3.207248,2.679242,2.627296,3.054698,3.245385,3.350921,3.473552,0.818070,2.973034,2.166976,3.113820,1.942427,3.086436,3.232699,1.811628,2.733343,2.996230,3.103833,2.875096,2.648613,3.012660,2.407956,1.370906
-7.974213,-12.291633,1.788272,2.111125,2.734146,2.926149,3.863474,4.430933,3.150042,2.316936,2.810750,3.164508,2.574692,2.491513,3.030698,3.196398,3.324290,3.441990,0.783598,2.961436,2.136370,3.126385,1.908599,3.065173,3.186308,1.674385,2.635727,2.930508,3.058408,2.833859,2.647325,2.986565,2.348355,1.271679
-8.268688,-12.699978,1.754079,2.089426,2.709160,2.849216,3.834543,4.424686,3.126699,2.213373,2.702256,3.097109,2.434965,2.405375,3.005054,3.173713,3.271358,3.404839,0.764269,2.899902,2.104154,3.136050,1.904733,3.044233,3.144748,1.627349,2.562917,2.915366,2.984954,2.804541,2.645714,2.974001,2.302286,1.130893
-8.391251,-13.513826,1.717914,2.051946,2.662145,2.815024,3.816789,4.418111,3.088233,2.153865,2.663789,3.053054,2.352114,2.357703,2.972505,3.161220,3.241111,3.363743,0.722065,2.824194,2.032633,3.125418,1.839978,3.040367,3.078704,1.553573,2.513304,2.882505,2.948227,2.773291,2.624773,2.930186,2.223999,0.839333
-8.530371,-12.947269,1.623228,1.986521,2.600336,2.710804,3.801337,4.416796,3.052068,2.055563,2.551350,2.967245,2.245264,2.240661,2.936998,3.125384,3.201659,3.327578,0.623160,2.814851,1.960468,3.133472,1.839334,3.010405,3.028769,1.503960,2.463690,2.828704,2.915044,2.748485,2.613819,2.896036,2.162466,0.707245
-8.828796,-13.699401,1.543337,1.948054,2.448444,2.581597,3.767145,4.408248,2.995519,1.966466,2.402745,3.010972,2.200880,2.141701,2.905765,3.071137,3.168782,3.257550,0.403444,2.764915,1.842556,3.113820,1.791009,2.982377,2.941784,1.414076,2.367041,2.725611,2.887016,2.714657,2.602544,2.865431,2.148290,0.501704
-9.051580,-14.567728,1.502240,1.902684,2.351786,2.522089,3.755966,4.401015,2.890641,1.858957,2.447129,2.970533,2.135454,2.078577,2.871901,3.008013,3.182261,3.207905,0.294552,2.718845,1.826125,3.115431,1.791009,2.985921,2.925998,1.374772,2.283600,2.629928,2.865109,2.709503,2.597389,2.855766,2.143458,0.422774
-9.397237,-14.841884,1.407883,1.787285,2.261702,2.461595,3.743144,4.393782,2.764722,1.536104,2.347183,2.941930,2.068385,1.971068,2.814695,2.966587,3.156946,3.193768,0.190815,2.654412,1.794553,3.153447,1.800674,3.014593,2.875418,1.359308,2.253316,2.537788,2.841913,2.706603,2.597067,2.844168,2.141203,0.467232
-8.935858,-14.015379,1.337526,1.725476,2.142029,2.420170,3.725062,4.384247,2.640775,1.476925,2.290634,2.894915,2.039453,1.918465,2.730859,2.917272,3.138535,3.132946,0.030699,2.606732,1.772001,3.140560,1.806795,3.015238,2.800031,1.309372,2.177285,2.475610,2.815495,2.687273,2.581281,2.818072,2.132504,0.434049
-8.990277,-13.849935,1.326676,1.593310,2.056549,2.311018,3.695144,4.361891,2.495459,1.391116,2.268935,2.816010,1.985534,1.743230,2.672666,2.831791,3.097767,2.999136,-0.000874,2.574837,1.651512,3.159890,1.745584,3.000418,2.742363,1.147967,2.087401,2.387659,2.779413,2.691461,2.593201,2.793588,2.116718,0.399255
-9.181574,-14.140215,1.269799,1.430239,1.998685,2.240003,3.661280,4.348411,2.475075,1.311224,2.197263,2.845928,1.961205,1.694243,2.581597,2.772613,3.036944,2.940286,-0.000229,2.617041,1.570648,3.175998,1.668264,2.971423,2.688884,1.092555,1.858986,2.340623,2.754606,2.692428,2.581925,2.787467,2.064527,0.340621
-9.807818,-14.156132,1.175441,1.297087,1.921753,2.157810,3.638924,4.333945,2.408005,1.157359,2.167345,2.787736,1.892821,1.627831,2.465212,2.680228,2.975793,2.822914,-0.000551,2.616397,1.486885,3.145070,1.626705,2.879284,2.592234,0.904733,1.748483,2.171164,2.689528,2.679541,2.558407,2.751062,1.975288,0.162786
-9.533846,-13.548570,0.966342,1.076152,1.785313,2.064768,3.604074,4.322438,2.132824,1.048207,2.037480,2.771626,1.786628,1.531830,2.400115,2.567788,2.850860,2.726256,0.000737,2.545520,1.416653,3.123485,1.497839,2.804219,2.467556,0.849964,1.560661,1.958857,2.658923,2.661822,2.536500,2.736887,1.841267,0.007825
-9.378236,-12.138799,0.897300,1.031439,1.694243,1.879999,3.559361,4.309288,1.844163,1.009083,1.979945,2.713105,1.698517,1.448979,2.333046,2.422800,2.743352,2.559240,0.000093,2.398935,1.349643,3.121552,1.358341,2.822583,2.420842,0.844810,1.484630,1.783599,2.656345,2.666655,2.539399,2.719812,1.861563,0.008147
-7.869761,-6.420106,0.727325,0.954507,1.593639,1.765258,3.524512,4.297781,1.520980,0.952205,1.954301,2.652282,1.697531,1.437144,2.227839,2.380389,2.614802,2.294251,0.000737,2.435984,1.305184,3.189207,1.012658,2.821938,2.423742,0.767812,1.424385,1.625738,2.665044,2.673098,2.554219,2.700804,1.910210,0.003959
-5.443136,-3.162393,0.581679,0.861464,1.520652,1.700818,3.432456,4.276082,1.254018,0.810176,1.852711,2.523404,1.654133,1.378951,2.213373,2.319566,2.440554,2.172605,-0.000229,2.429863,1.147645,3.191784,0.717232,2.716912,2.422775,0.625738,1.402156,1.538754,2.630572,2.703059,2.560984,2.652801,2.000417,0.133469
1.774218,1.584150,0.553734,0.783545,1.367773,1.612050,3.327578,4.240574,1.075823,0.736860,1.699174,2.344224,1.583776,1.417746,2.175893,2.105536,2.191016,1.947726,-0.000229,2.276190,0.923096,3.068395,0.532632,2.092878,2.372518,0.128315,1.177284,1.346743,2.411822,2.614142,2.494296,2.535533,1.869617,0.221743
2.681460,2.153220,0.578392,0.754285,1.265525,1.341800,3.189823,4.174492,1.213250,0.777627,1.602844,2.269264,1.450294,1.469034,2.141372,1.988165,1.749805,1.560762,0.000093,2.161177,0.250737,2.624129,0.012013,0.903122,2.081280,0.009114,0.918586,1.200158,2.291010,2.331925,2.377994,1.953058,0.892490,0.002992
4.143133,3.361332,0.582994,0.755928,1.221141,1.237579,3.053383,4.137012,1.170181,0.812477,1.515720,2.147619,1.459829,1.479555,2.109152,1.885259,1.664325,1.375663,0.000093,1.900545,0.009436,2.094489,0.009114,0.000415,1.913432,0.008791,0.620905,0.943715,2.252028,1.886048,1.914398,1.373805,0.018456,-0.000229
4.530587,4.422543,0.800641,0.810833,1.270456,1.284265,3.103685,4.136683,1.240209,0.848971,1.581474,2.094358,1.564049,1.592981,2.155180,1.939835,1.652489,1.348046,-0.000551,1.898290,0.115106,1.922775,0.009114,-0.000874,1.936306,0.007503,0.670196,0.941459,2.294554,1.854153,1.728187,1.179862,0.004603,-0.000551
5.279273,4.739168,0.897629,0.879547,1.394403,1.333580,3.054698,4.142272,1.371718,0.918013,1.584104,2.214030,1.621256,1.650188,2.171619,1.970740,1.711339,1.425308,-0.000874,1.865429,0.250415,1.861241,0.008791,0.000415,1.945648,0.008469,0.690493,0.935016,2.319360,1.846422,1.663109,1.128960,0.004281,-0.000229
5.521691,5.313941,0.987055,0.953520,1.494021,1.436486,3.101384,4.157067,1.488103,0.988699,1.639009,2.246250,1.686024,1.694900,2.267620,2.048001,1.776765,1.508487,0.000093,1.876383,0.309371,1.806151,0.008469,-0.000229,2.026834,0.008469,0.749127,1.037465,2.353510,1.839656,1.612207,1.025867,0.004925,-0.000874
5.852317,5.868258,1.101468,1.081413,1.645256,1.616982,3.111575,4.175149,1.562734,1.070563,1.719558,2.206797,1.781367,1.738298,2.285702,2.172934,1.847450,1.680106,0.000415,1.914721,0.500415,1.763947,0.007825,0.000093,2.039721,0.008469,0.831279,1.136691,2.382827,1.842556,1.570004,0.998483,0.004603,0.000415
6.063489,5.923702,1.194839,1.134016,1.787285,1.695887,3.126370,4.181396,1.625530,1.141249,1.785641,2.288333,1.846135,1.868492,2.345539,2.279127,2.002959,1.927342,-0.000229,1.884437,0.510402,1.815816,0.008469,0.000093,2.036177,0.008469,0.898934,1.137658,2.398291,1.863174,1.569682,1.002993,0.003315,-0.000551
6.221094,6.232443,1.291169,1.354293,1.881314,1.800436,3.130973,4.190273,1.770189,1.208976,1.866848,2.397156,1.925040,2.004274,2.408663,2.393211,2.153536,1.991452,0.001382,1.892491,0.539075,1.831280,0.008791,0.000093,2.194682,0.008469,0.967877,1.267813,2.423420,1.887981,1.608019,0.888946,0.003637,-0.000229
6.630477,7.015961,1.352320,1.502569,1.980932,1.901040,3.181932,4.207040,1.966466,1.266840,1.934575,2.534582,1.969753,2.100933,2.463239,2.438910,2.290634,2.088769,0.000737,2.048741,0.563882,1.843522,0.009114,-0.000229,2.337079,0.010080,0.971421,1.471421,2.438239,1.964656,1.626060,0.851253,0.003959,-0.000229
7.083545,8.113841,1.440102,1.589694,2.100604,2.003617,3.209220,4.217232,2.121317,1.324046,1.997041,2.643734,2.035508,2.209756,2.590802,2.546747,2.486253,2.207784,-0.000229,2.137015,0.602542,1.869295,0.008147,-0.000551,2.335791,0.009758,1.099320,1.645390,2.443394,1.999772,1.639914,0.682439,0.002348,0.097709
7.585242,8.589860,1.438130,1.615009,2.119015,2.053919,3.225330,4.212300,2.155838,1.414787,2.016439,2.642090,2.078905,2.298525,2.663132,2.596062,2.556281,2.223236,-0.000229,2.180829,0.611240,1.886370,0.009114,-0.001518,2.436306,0.011369,1.094810,1.754604,2.454348,2.006538,1.636048,0.540364,0.002348,0.437915
7.726182,9.087848,1.483172,1.754737,2.176879,2.172605,3.249002,4.211643,2.322854,1.519008,2.081864,2.724283,2.090412,2.377758,2.735461,2.670365,2.655899,2.345539,-0.000874,2.258793,0.682761,1.891847,0.008791,0.000093,2.528768,0.011047,1.031021,1.877027,2.462724,2.070004,1.664076,0.544230,0.000737,0.323547
8.771461,10.228866,1.526569,1.904328,2.244277,2.256442,3.233221,4.224465,2.353101,1.619941,2.094029,2.728228,2.103563,2.464883,2.809764,2.722639,2.723954,2.449102,-0.000551,2.364786,0.734952,2.037788,0.010080,-0.000229,2.729155,0.012013,1.178573,2.085790,2.498162,2.096422,1.758470,0.662464,0.138302,0.617361
8.830709,10.246931,1.628160,1.954630,2.359347,2.352114,3.240454,4.235972,2.412937,1.598899,2.175235,2.723626,2.126906,2.646036,2.906422,2.780174,2.783462,2.561870,0.153444,2.399902,0.845776,2.088046,0.009758,-0.000229,2.827737,0.199835,1.203058,2.221744,2.560662,2.126383,1.858664,0.879926,0.282632,0.946614
9.197944,10.358074,1.672873,1.983562,2.547076,2.482965,3.260180,4.255040,2.559898,1.651831,2.255784,2.769982,2.139071,2.773599,2.961985,2.849545,2.884066,2.544117,0.183727,2.364141,0.847387,2.039399,0.009114,-0.000551,2.862531,0.546163,1.308406,2.339335,2.565817,2.113497,1.849321,0.705634,0.240106,0.791330
9.667806,10.508161,1.713969,2.024658,2.653926,2.525377,3.310811,4.273780,2.636173,1.961534,2.377430,2.742366,2.123618,2.831463,2.985656,2.876175,2.934697,2.610200,0.435982,2.538111,1.146679,2.070004,0.009114,-0.000551,3.099001,0.726253,1.499450,2.346100,2.671809,2.251061,1.912143,1.042619,0.520390,1.323225
9.902543,10.790576,1.761312,2.130522,2.720009,2.661159,3.321331,4.299753,2.700283,1.970082,2.461924,2.857435,2.167345,2.922861,3.020506,2.977437,3.021492,2.739735,0.490750,2.519425,1.164720,2.080958,0.008469,-0.000874,3.103511,0.737851,1.462078,2.445327,2.698227,2.232376,1.881538,0.967877,0.496549,1.168264
9.803997,10.914140,1.769203,2.155180,2.739078,2.720995,3.324619,4.306000,2.726256,2.011507,2.480664,2.884066,2.232770,2.978752,3.025437,2.990259,3.051739,2.814366,0.558083,2.559051,1.142490,2.062917,0.009758,-0.000874,3.113820,0.794874,1.568393,2.550675,2.709825,2.254605,1.866074,0.953057,0.505248,1.191137
10.271110,10.323810,1.789258,2.154523,2.757489,2.758804,3.335140,4.319151,2.788065,2.021370,2.539843,2.934368,2.271237,3.042534,3.032013,3.022807,3.089877,2.890313,0.575480,2.535533,1.136369,2.071937,0.009758,-0.000551,3.104478,0.779088,1.629282,2.601255,2.714335,2.246229,1.857053,0.942104,0.479475,1.188238
10.257381,10.675725,1.857314,2.181811,2.772284,2.828832,3.393332,4.337562,2.878148,2.135783,2.649981,2.951135,2.511568,3.119795,3.087246,3.095137,3.143137,3.041547,0.634758,2.609953,1.175029,2.089656,0.011047,0.000093,3.254285,0.854475,1.680829,2.671165,2.754928,2.395069,1.945648,1.073225,0.591266,1.303251
10.288185,10.658741,1.898081,2.177866,2.747297,2.913327,3.419634,4.339534,2.891299,2.224880,2.695680,2.963628,2.620063,3.163192,3.094808,3.112233,3.149384,3.132288,0.684694,2.627995,1.185016,2.086757,0.009758,-0.000874,3.283279,0.868328,1.720455,2.737853,2.766526,2.399579,1.969811,1.089011,0.607696,1.350609
10.277356,10.848051,1.924054,2.208770,2.853161,2.963628,3.382483,4.337233,2.913327,2.353758,2.752229,2.974807,2.672337,3.178973,3.108288,3.113548,3.148069,3.193439,0.754281,2.654412,1.257503,2.118973,0.009758,-0.000229,3.319040,0.839655,1.808084,2.785856,2.774580,2.394103,2.026190,1.122194,0.602864,1.345777
10.513522,11.094610,1.963178,2.212715,2.867299,2.996834,3.385770,4.338877,2.947847,2.462581,2.853161,2.999136,2.762421,3.205604,3.123411,3.129329,3.161877,3.200015,0.958856,2.669876,1.317104,2.158600,0.010080,-0.000229,3.387017,0.918263,1.882504,2.811951,2.793588,2.398935,2.060339,1.275867,0.741717,1.441782
10.671593,10.958749,2.015453,2.251839,2.932066,3.034314,3.434757,4.352685,2.944231,2.561541,2.946861,3.050424,2.854148,3.252289,3.113877,3.140507,3.204946,3.255248,0.987529,2.686629,1.335790,2.156345,0.127026,0.000093,3.407958,0.980764,1.899901,2.831603,2.797454,2.391203,2.065494,1.296808,0.750738,1.450480
11.068884,11.389604,2.086796,2.337320,3.008999,3.080342,3.492292,4.357946,3.108945,2.504335,3.044177,3.138206,2.921217,3.262152,3.167466,3.180617,3.222371,3.331194,1.032632,2.674387,1.386692,2.165043,0.295196,0.001059,3.464337,1.067426,1.987530,2.870585,2.800353,2.404412,2.105442,1.394101,0.805506,1.585468
11.071775,12.076367,2.131509,2.426745,3.072780,3.137877,3.510046,4.358274,3.135247,2.601323,3.109274,3.171412,2.954094,3.290427,3.201330,3.218426,3.231906,3.371962,1.070970,2.685985,1.385403,2.145391,0.375093,0.002026,3.489465,0.982052,2.116396,2.886049,2.805830,2.381860,2.149901,1.478187,0.885403,1.588367
10.745573,12.075181,2.146632,2.464554,3.093493,3.134589,3.463689,4.350055,3.110918,2.688118,3.169110,3.194426,2.970533,3.297002,3.189165,3.229604,3.237495,3.375250,1.076447,2.761049,1.368650,2.175030,0.500415,0.002348,3.512017,0.985274,2.204992,2.904735,2.811307,2.382827,2.192105,1.533599,1.056472,1.644424
10.805400,12.272919,2.307401,2.517486,3.124397,3.170754,3.495580,4.345781,3.111247,2.782476,3.204618,3.235851,2.999465,3.331523,3.219412,3.251961,3.253604,3.402538,1.218199,2.845456,1.416653,2.291654,0.748160,0.003959,3.558731,1.205957,2.394425,2.927287,2.839335,2.466590,2.320005,1.784244,1.183405,1.761370
10.296114,12.475561,2.401759,2.602967,3.162864,3.221714,3.497224,4.344795,3.085603,2.844285,3.178973,3.264454,3.034314,3.351578,3.274646,3.277276,3.267413,3.428839,1.300029,2.885083,1.464978,2.377994,0.829346,0.003637,3.584827,1.281988,2.445005,2.977222,2.900225,2.489786,2.344811,1.834824,1.321936,1.852543
10.637488,12.029046,2.574035,2.701269,3.223686,3.377551,3.559690,4.357946,3.200672,3.068178,3.205604,3.327249,3.099082,3.408127,3.372620,3.357825,3.346318,3.477826,1.390880,3.046166,1.534888,2.576126,0.995905,0.004925,3.642816,1.381215,2.576126,3.102545,3.024903,2.561951,2.406345,2.384438,1.874128,2.164721
10.584932,11.092396,2.738749,2.905436,3.328893,3.453826,3.613280,4.360247,3.288783,3.233878,3.268399,3.359469,3.202645,3.466648,3.448566,3.396291,3.422264,3.505443,1.426640,3.200805,1.723032,2.726577,1.137336,0.005892,3.715948,1.552929,2.751706,3.197906,3.081282,2.653446,2.496873,2.662466,2.160533,2.524902
10.724636,9.483460,2.864668,3.050753,3.369332,3.510046,3.610321,4.362548,3.415360,3.293386,3.369003,3.452840,3.253604,3.517607,3.502484,3.451196,3.500183,3.537662,1.393779,3.322906,1.839978,2.795199,1.256859,0.304217,3.739788,1.776189,2.993330,3.230766,3.122519,2.816462,2.519103,2.741075,2.402801,2.699193
7.989111,7.222447,3.036616,3.156946,3.449881,3.567909,3.663582,4.359261,3.477826,3.309824,3.434100,3.528786,3.296345,3.555745,3.548841,3.475525,3.547854,3.570540,1.559050,3.381218,1.908922,2.904413,1.290042,0.646356,3.751708,1.798097,3.022325,3.238821,3.155702,2.918910,2.557763,2.942428,2.510082,2.757183
6.149582,0.139857,3.065876,3.163850,3.435415,3.563307,3.666212,4.323753,3.433771,3.296673,3.489991,3.553772,3.335797,3.555745,3.601773,3.470264,3.571526,3.599800,1.653767,3.401192,1.897646,2.966269,1.280699,0.871550,3.758796,1.816782,3.032635,3.210792,3.181475,2.945650,2.714657,2.983343,2.627995,2.792943
-0.153352,-1.175308,3.108288,3.191796,3.476840,3.576786,3.682322,4.385562,3.528786,3.305550,3.537991,3.585005,3.357825,3.573827,3.635636,3.482429,3.608019,3.678705,1.715300,3.515561,2.123806,3.080637,1.626705,1.429540,3.772005,1.731731,3.160212,3.174065,3.225612,3.121230,2.872196,3.155702,2.856410,2.755894
-2.299235,-4.934775,3.148727,3.214152,3.460073,3.616239,3.831584,4.405289,3.541937,3.377880,3.518923,3.700733,3.430154,3.520895,3.636951,3.499525,3.657006,3.736898,1.818715,3.632829,2.270069,3.204671,1.875416,2.180507,3.747198,1.852543,3.187274,3.250096,3.307120,3.190818,3.049065,3.352545,3.001385,2.844168
-3.546199,-5.977270,3.228947,3.376894,3.484402,3.654047,3.938763,4.468413,3.681335,3.445607,3.491635,3.750706,3.411086,3.520895,3.657006,3.539964,3.749062,3.830926,1.797775,3.609633,2.318716,3.211114,2.038754,2.408600,3.700162,2.027478,3.220135,3.241398,3.288112,3.214014,3.053575,3.357700,3.048421,2.833536
-4.097692,-6.967047,3.211522,3.360784,3.459744,3.643527,3.968681,4.484522,3.789172,3.438045,3.482758,3.765829,3.407469,3.502484,3.647143,3.540621,3.748733,3.836515,1.719811,3.567107,2.304218,3.200483,2.080636,2.503317,3.663435,2.237530,3.204671,3.205638,3.269104,3.207571,3.028124,3.345780,3.034890,2.748485
-4.289249,-6.699238,3.142809,3.297331,3.413058,3.622814,3.956188,4.472358,3.787200,3.381496,3.466977,3.736569,3.379524,3.429826,3.603745,3.530430,3.734596,3.837830,1.582890,3.463692,2.266847,3.158601,2.072582,2.498484,3.615432,2.322260,3.185985,3.165689,3.219491,3.162790,2.901835,3.300032,2.945006,2.670198
-4.995485,-7.347648,3.094151,3.192782,3.363085,3.568238,3.927585,4.466440,3.753007,3.302591,3.469278,3.693500,3.344345,3.405497,3.550485,3.506429,3.714212,3.812844,1.452413,3.422777,2.189205,3.136050,1.983986,2.465623,3.565174,2.384116,3.142171,3.146681,3.181797,3.073550,2.851900,3.249452,2.878317,2.580636
-5.795123,-8.123020,3.038588,3.147083,3.309167,3.508731,3.852296,4.456577,3.707637,3.248673,3.465990,3.648129,3.260180,3.355195,3.479799,3.483744,3.691198,3.797391,1.414720,3.308086,2.171164,3.134439,2.026834,2.515559,3.511051,2.364141,3.088369,3.128640,3.195328,2.996230,2.793588,3.190174,2.819361,2.483342
-6.488068,-8.284241,2.901162,3.061931,3.204618,3.450538,3.848022,4.441125,3.644184,3.234207,3.452840,3.607033,3.218097,3.284180,3.440675,3.433113,3.663582,3.777994,1.235274,3.195973,2.185984,3.091269,2.025868,2.446616,3.447906,2.281667,3.062918,3.074838,3.163434,2.941784,2.702093,3.118331,2.801964,2.343201
-7.090564,-8.886806,2.798914,2.971190,3.176015,3.410757,3.841775,4.440467,3.539635,3.210864,3.411743,3.582704,3.177001,3.247029,3.423908,3.417332,3.643198,3.747747,1.168264,3.141204,2.192749,3.089980,2.035210,2.487531,3.399259,2.310340,3.032635,3.083537,3.151514,2.902158,2.654734,3.113820,2.773291,2.252672
-7.565234,-9.452330,2.696009,2.892614,3.164836,3.363743,3.851639,4.448029,3.490648,3.181604,3.348948,3.553443,3.153001,3.197713,3.394647,3.402538,3.623800,3.765501,1.128315,3.062918,2.194038,3.076449,2.080314,2.554863,3.358344,2.324837,2.982377,3.076127,3.146037,2.853511,2.614786,3.114465,2.725933,2.176319
-7.936553,-9.132397,2.621378,2.802859,3.128014,3.349606,3.857228,4.459865,3.446922,3.119137,3.328564,3.533717,3.131302,3.207248,3.375578,3.388729,3.594211,3.724076,0.971099,2.969812,2.220133,3.089980,2.093200,2.569361,3.330316,2.378639,2.946616,3.070650,3.145393,2.825804,2.607054,3.087403,2.652801,2.106731
-7.630086,-9.690208,2.509924,2.718037,3.114206,3.303578,3.870379,4.465782,3.414702,3.047465,3.315742,3.487361,3.094151,3.142151,3.330866,3.382483,3.557389,3.697116,0.878637,2.994297,2.241718,3.089014,2.138948,2.632183,3.311308,2.330314,2.929864,3.066140,3.129606,2.827737,2.568072,3.084503,2.594167,1.978831
-7.379188,-10.031545,2.417211,2.601652,3.033328,3.228289,3.851310,4.463152,3.386099,2.933053,3.258536,3.429168,3.041547,3.117822,3.296016,3.363085,3.537991,3.686596,0.885403,2.961758,2.240430,3.080959,2.128961,2.820328,3.301965,2.195327,2.930508,3.085148,3.130895,2.814206,2.584180,3.083215,2.542621,1.891525
-7.106569,-10.479180,2.261702,2.543130,2.994862,3.216453,3.858214,4.456577,3.337441,2.789051,3.177658,3.383140,3.015246,3.051082,3.215796,3.340400,3.502484,3.634650,0.852542,2.916011,2.248162,3.088691,2.114141,2.931152,3.283279,2.180185,2.914078,3.111565,3.127673,2.820328,2.586435,3.066140,2.485920,1.752671
-7.265410,-11.293596,2.121974,2.483623,2.910368,3.171412,3.849008,4.454604,3.294043,2.657543,3.166151,3.365058,2.977766,3.005711,3.166480,3.321331,3.487689,3.560348,0.806150,2.930186,2.218200,3.101256,2.116396,2.964658,3.220135,2.077736,2.857699,3.096423,3.091269,2.771358,2.619296,3.062274,2.437273,1.656022
-6.940562,-11.930941,2.028932,2.446800,2.868614,3.104014,3.844077,4.448686,3.264454,2.522747,3.141165,3.338427,2.878477,2.905765,3.153329,3.293386,3.454812,3.537334,0.790042,2.972068,2.213046,3.083537,2.097388,2.951771,3.167944,2.055185,2.765559,3.085470,3.059052,2.715946,2.575804,3.035856,2.446938,1.458212
-6.710210,-12.406553,1.988165,2.348169,2.827189,3.059301,3.846378,4.446385,3.254591,2.442526,3.076726,3.305550,2.814366,2.793325,3.109274,3.276618,3.438702,3.503470,0.778122,2.944683,2.200803,3.119619,2.117040,2.970779,3.144426,2.039399,2.731732,3.065818,3.028769,2.720778,2.566783,3.028446,2.415688,1.311627
-7.451109,-13.297767,1.913862,2.194304,2.752557,2.993547,3.832899,4.442111,3.253276,2.393868,2.998478,3.251303,2.769982,2.694036,3.080342,3.246700,3.405168,3.473223,0.743006,2.872196,2.183084,3.136372,2.094811,2.965946,3.075805,1.898290,2.647647,3.032957,2.924709,2.715302,2.561307,3.008472,2.377672,1.262336
-7.575706,-13.298785,1.859286,2.123947,2.732831,2.963300,3.839803,4.432905,3.219084,2.324169,2.885052,3.209220,2.710146,2.563843,3.050095,3.196727,3.387414,3.480785,0.592877,2.843846,2.184051,3.134439,2.111886,2.961436,3.009439,1.845455,2.594812,2.998485,2.899580,2.686629,2.597067,2.972068,2.330636,1.210789
-7.400020,-13.944934,1.817861,2.112111,2.762421,2.921875,3.845392,4.428631,3.177987,2.206469,2.831791,3.193111,2.634857,2.475075,3.007026,3.171083,3.368674,3.465990,0.542619,2.732699,2.112208,3.126063,2.060339,2.945650,2.945328,1.795197,2.481087,2.930186,2.896681,2.665366,2.618652,2.942750,2.250417,1.122194
-7.880302,-13.310516,1.776765,2.104878,2.718037,2.859079,3.833227,4.421398,3.124069,2.113426,2.743681,3.119795,2.547076,2.440882,2.995190,3.169439,3.331523,3.457114,0.342877,2.731732,2.041009,3.154091,1.979154,2.952415,2.880573,1.591589,2.306474,2.914722,2.885727,2.653446,2.583214,2.927931,2.218200,0.946292
-8.028063,-13.277442,1.707065,2.093371,2.677269,2.783133,3.810213,4.412193,3.037602,2.034850,2.621378,3.024780,2.446143,2.308716,2.922203,3.129658,3.283851,3.436401,0.227541,2.588368,1.974321,3.180186,1.953703,2.971745,2.777802,1.546808,2.270391,2.774902,2.820005,2.627673,2.579026,2.861243,2.179863,0.923740
-8.296060,-13.090563,1.615009,2.040110,2.589816,2.707187,3.807583,4.407261,2.939628,1.939506,2.523404,2.990916,2.343566,2.216003,2.913327,3.101384,3.256235,3.400894,0.174062,2.567105,1.862530,3.175676,1.901190,2.935663,2.732699,1.517491,2.195971,2.708536,2.743652,2.595134,2.549709,2.808730,2.129605,0.711111
-8.629272,-12.841474,1.562077,1.993096,2.450746,2.619405,3.772734,4.396412,2.868614,1.889533,2.483294,2.961656,2.263675,2.122303,2.882093,3.050095,3.205933,3.369003,-0.000229,2.478188,1.781988,3.165689,1.880571,2.821616,2.628639,1.461756,2.097388,2.645714,2.626384,2.497196,2.498484,2.744619,2.094811,0.574191
-8.753457,-13.021427,1.528871,1.951013,2.304771,2.588829,3.756295,4.389179,2.870258,1.601201,2.437924,2.958697,2.221263,2.054576,2.845928,2.979409,3.202645,3.348290,0.000093,2.446938,1.736563,3.168589,1.859952,2.741075,2.537788,1.423096,2.049064,2.553252,2.625417,2.478510,2.482698,2.738175,2.022324,0.498160
-9.312592,-13.261903,1.431554,1.834628,2.236387,2.553322,3.740185,4.380631,2.789380,1.504542,2.442198,2.933710,2.138413,1.967781,2.773270,2.924834,3.185220,3.309824,-0.000551,2.485275,1.661821,3.170844,1.809373,2.737209,2.471100,1.382826,1.860275,2.514593,2.614786,2.460791,2.438561,2.719490,1.901190,0.429861
-10.180834,-13.323624,1.338512,1.761970,2.146961,2.492500,3.720130,4.371754,2.668392,1.415773,2.384663,2.938313,2.092714,1.894793,2.714091,2.872888,3.167138,3.237495,-0.000551,2.292943,1.637014,3.166978,1.747839,2.686629,2.226254,1.321614,1.815494,2.466590,2.611242,2.430185,2.382505,2.672454,1.831924,0.427606
-10.940933,-14.315835,1.290511,1.598570,2.059508,2.376772,3.704349,4.364521,2.549048,1.279662,2.268606,2.847572,2.036165,1.727120,2.598693,2.834421,3.145768,3.152343,0.000093,2.267169,1.584179,3.158924,1.767813,2.680830,2.147646,1.272645,1.760726,2.361242,2.627673,2.436628,2.345456,2.649580,1.782633,0.407310
-11.215204,-15.120760,1.202729,1.467391,1.999014,2.306415,3.692514,4.353672,2.419841,1.169195,2.197592,2.810750,1.957918,1.631776,2.461924,2.758475,3.116178,3.076726,-0.001196,2.164399,1.542297,3.185341,1.799385,2.654090,2.111241,1.189204,1.669875,2.245262,2.661822,2.490752,2.398613,2.623807,1.750738,0.344165
-11.620416,-16.011501,1.075166,1.338183,1.934575,2.210414,3.681007,4.350055,2.170304,1.093906,2.130194,2.783791,1.926355,1.586406,2.443841,2.696338,3.080671,3.027739,-0.000229,2.118329,1.492040,3.259439,1.793586,2.680186,2.102221,1.200158,1.526511,2.071293,2.674709,2.557118,2.403123,2.669554,1.768458,0.264913
-12.311519,-15.296030,0.940698,1.105413,1.823779,2.091070,3.663582,4.332630,1.807669,1.000206,2.086138,2.700940,1.809313,1.449966,2.338635,2.599350,3.051410,2.962642,0.000415,2.117685,1.423419,3.274259,1.788432,2.734309,2.070649,1.061949,1.252671,1.913432,2.683085,2.572260,2.382827,2.691139,1.801318,0.193392
-12.630767,-9.313241,0.879218,1.032097,1.787285,2.090412,3.641554,4.324411,1.464760,0.939383,2.106522,2.692392,1.738956,1.369745,2.291292,2.499075,2.992560,2.895244,0.000093,2.209824,1.329346,3.310341,1.751383,2.769103,2.054862,0.938560,1.140880,1.598999,2.702093,2.709180,2.396358,2.717557,1.921808,0.166652
-5.940801,-3.334043,0.601406,0.990014,1.734024,1.920109,3.594869,4.306986,1.166893,0.784203,2.053590,2.641433,1.703448,1.361526,2.232442,2.446143,2.829490,2.775571,-0.000874,2.226899,1.317748,3.334182,1.605120,2.699193,2.055829,1.002671,1.143457,1.332246,2.719490,2.813884,2.441783,2.705959,2.005893,0.262657
1.738647,-0.735560,0.579378,0.966342,1.570625,1.832656,3.500840,4.294164,1.149140,0.795052,1.951671,2.586857,1.653475,1.368430,2.171948,2.359018,2.588829,2.491184,0.000093,1.895068,1.250416,3.295200,1.335467,2.380572,2.008149,0.810338,1.284887,1.403444,2.612209,2.723678,2.402157,2.693717,2.031667,0.576446
3.318697,0.860602,0.672749,0.952205,1.570296,1.683393,3.254262,4.218547,1.255990,0.902561,1.730079,2.437595,1.712325,1.542350,2.205482,2.216332,2.176222,2.082522,0.000737,1.797452,0.657310,3.042300,0.520390,1.066782,2.003960,0.008791,1.275545,1.364140,1.984630,2.212079,2.227221,2.228832,1.172130,0.170840
5.529489,1.408950,0.909465,0.937411,1.549912,1.573255,3.151685,4.181396,1.610735,1.041960,1.683393,2.357703,1.726462,1.613036,2.188715,2.068713,1.762627,1.772490,-0.000229,1.823226,0.384114,2.685018,0.013946,-0.000551,1.915687,0.008469,1.122838,1.337078,2.243329,1.840300,2.056795,1.622194,0.864784,0.003959
6.941800,3.810001,0.963055,0.950233,1.552871,1.524926,3.108288,4.161998,1.591337,1.043275,1.657749,2.323511,1.719230,1.644927,2.198907,2.058522,1.725805,1.661695,-0.000874,1.814527,0.347709,2.505572,0.012013,0.000737,1.925674,0.007181,1.055506,1.314527,2.273291,1.837723,2.015236,1.412143,0.782954,0.002670
7.576745,4.688022,1.000535,0.989356,1.538076,1.474295,3.059630,4.149505,1.587063,1.045576,1.642955,2.295894,1.726791,1.680434,2.238359,2.084823,1.729750,1.636379,-0.000229,1.859308,0.318392,2.039076,0.009758,0.000415,1.965301,0.008147,0.850287,1.175673,2.336435,1.748483,1.625094,1.084501,0.012980,-0.000229
7.786999,4.688364,1.051494,1.041631,1.616653,1.548268,3.002423,4.144573,1.599557,1.054453,1.637694,2.169975,1.748161,1.702462,2.239017,2.114084,1.765915,1.586735,-0.000874,1.842233,0.280054,1.859308,0.008469,-0.000229,2.019424,0.008147,0.782954,1.369295,2.358020,1.752349,1.422130,0.595776,0.002670,0.000093
7.941551,4.400627,1.206017,1.109358,1.783340,1.646571,3.031355,4.166272,1.651174,1.100153,1.711668,2.292607,1.827724,1.837258,2.312004,2.254469,1.947397,1.862574,0.000093,1.907311,0.381536,1.878316,0.007181,0.001059,2.027156,0.008791,0.798418,1.612852,2.390881,1.759115,1.554862,0.632181,0.002348,0.000415
8.192692,4.384167,1.286566,1.277361,1.880656,1.777093,3.080342,4.177779,1.795833,1.181030,1.816217,2.307401,1.893807,1.959890,2.368224,2.351457,2.118687,1.978301,0.000093,1.977865,0.538109,1.924708,0.008469,-0.000551,2.109631,0.009436,0.878959,1.700803,2.418587,1.799063,1.632182,0.805828,0.002992,0.168907
8.405651,4.747126,1.323389,1.448322,1.926684,1.845478,3.134918,4.176793,1.995397,1.247442,1.936876,2.435293,1.936547,2.053261,2.412279,2.397485,2.253483,2.067398,-0.000229,2.063561,0.562593,2.082569,0.009758,-0.000551,2.226254,0.009758,0.906666,1.719488,2.436628,1.831602,1.648290,1.044552,0.003637,0.171807
8.779008,4.534600,1.423664,1.589036,2.077262,1.996713,3.154973,4.192903,2.179838,1.303991,2.006247,2.610528,2.056878,2.185427,2.499404,2.472445,2.464225,2.116057,-0.000551,2.163110,0.590622,2.165687,0.010080,-0.000229,2.302286,0.009758,0.994939,1.760403,2.435984,1.848032,1.656344,1.056150,0.111240,0.377993
9.501458,5.110200,1.496322,1.681421,2.189701,2.073645,3.143137,4.206711,2.224222,1.495665,2.101262,2.672009,2.110467,2.344881,2.671022,2.603624,2.605268,2.246250,0.000093,2.264914,0.654410,2.242685,0.011047,0.000093,2.398291,0.010080,1.060983,1.809050,2.446938,1.913754,1.673741,1.141524,0.114784,0.418585
9.975385,5.169582,1.513419,1.823450,2.192331,2.184441,3.163850,4.220519,2.384663,1.555501,2.111125,2.675954,2.136112,2.425430,2.721982,2.679570,2.653926,2.338963,-0.000551,2.311306,0.697258,2.283600,0.011047,0.000415,2.488175,0.010080,1.084823,1.876383,2.455958,1.942749,1.698548,1.145390,0.210145,0.502026
10.107088,6.199917,1.524268,1.887889,2.294579,2.242962,3.147083,4.227752,2.381375,1.646571,2.137427,2.683844,2.127892,2.485267,2.738420,2.698639,2.674310,2.408005,0.000737,2.274901,0.677284,2.236242,0.010402,0.000093,2.518459,0.011369,1.013624,2.102543,2.449515,1.909244,1.626060,0.980764,0.220132,0.487529
11.375621,7.291358,1.567995,1.862903,2.278141,2.172934,3.129000,4.234985,2.371183,1.650188,2.100933,2.659515,2.154194,2.508281,2.742366,2.699954,2.698639,2.417869,0.244938,2.315816,0.723998,2.220455,0.009436,-0.000551,2.645392,0.011369,1.030055,2.136370,2.453059,1.916654,1.616396,0.966910,0.225931,0.534887
11.419838,7.445147,1.627173,1.927999,2.312991,2.218304,3.149384,4.245506,2.351786,1.677804,2.122303,2.686475,2.178194,2.564829,2.775900,2.699625,2.714749,2.448444,0.298096,2.327414,0.753637,2.225610,0.009758,-0.000229,2.680830,0.129281,1.146034,2.249128,2.504928,1.997839,1.646357,0.919874,0.239139,0.587078
12.318585,7.707235,1.706407,1.984548,2.519459,2.402087,3.221714,4.271479,2.553322,1.696544,2.298853,2.774914,2.216989,2.660830,2.859737,2.789051,2.887682,2.543130,0.435338,2.424386,0.863495,2.241396,0.010080,0.000415,2.808730,0.573225,1.205957,2.300353,2.573871,2.060339,1.810661,1.009436,0.266523,0.609951
11.757225,7.646418,1.743230,2.083837,2.626638,2.467184,3.247358,4.286602,2.638145,1.962849,2.382361,2.828504,2.249866,2.785763,2.920231,2.866641,2.936340,2.596062,0.538431,2.419232,0.891202,2.244296,0.010402,0.001382,2.897325,0.594810,1.324514,2.340623,2.607054,2.083857,1.831924,1.053251,0.441137,0.620905
12.117867,7.300047,1.801751,2.138742,2.725927,2.526034,3.270043,4.286602,2.711132,1.954630,2.426088,2.892614,2.336991,2.854805,2.938642,2.902806,2.984999,2.684831,0.595454,2.492685,1.116073,2.324515,0.011369,-0.000229,2.985276,0.624771,1.573225,2.446938,2.635727,2.085146,1.848677,1.219810,0.469487,0.728830
11.937934,7.498863,1.796820,2.131180,2.772613,2.662145,3.298646,4.293178,2.808777,2.042083,2.514527,2.946532,2.489212,2.901491,2.975135,2.985985,3.021492,2.892285,0.622838,2.558729,1.077091,2.273291,0.010402,-0.000551,2.986887,0.577091,1.595133,2.479154,2.621551,2.079025,1.850610,1.316782,0.521678,0.704668
11.921042,7.562226,1.798463,2.175893,2.757160,2.743352,3.302920,4.293178,2.861381,2.071015,2.558583,2.962642,2.561541,2.925820,2.972505,2.996834,3.049109,2.989930,0.635402,2.506861,0.887980,2.250739,0.009436,-0.000874,3.007828,0.526833,1.543586,2.447260,2.624129,2.063239,1.845777,1.337078,0.531343,0.618328
11.312580,8.032639,1.832984,2.173592,2.758804,2.776887,3.291084,4.291205,2.872559,2.113426,2.559569,2.924834,2.662145,3.001437,2.976122,3.039246,3.078370,3.034314,0.711433,2.622196,1.273290,2.420842,0.040041,-0.000551,3.206282,0.586111,1.712401,2.571616,2.739786,2.214657,2.013303,1.526189,0.837400,1.083856
11.777393,8.290077,1.885588,2.155180,2.787736,2.836394,3.320345,4.293178,2.871901,2.269264,2.629926,3.002752,2.775571,3.086918,3.009656,3.086589,3.103027,3.068506,0.744294,2.668265,1.249127,2.425675,0.016201,-0.000229,3.233988,0.605763,1.737207,2.624129,2.761693,2.260404,2.031667,1.481408,0.839977,1.056150
11.509510,8.005151,1.955616,2.234414,2.830476,2.873545,3.314756,4.297123,2.861709,2.480335,2.758804,3.103685,2.844285,3.151028,3.039246,3.112562,3.107959,3.118808,0.908599,2.713691,1.288431,2.427608,0.015235,-0.000229,3.266205,0.668908,1.803896,2.646036,2.756861,2.249450,2.052930,1.449192,0.802928,1.140557
11.478523,8.565331,1.964822,2.238688,2.839353,2.936340,3.333825,4.315863,2.956724,2.500390,2.796613,3.062917,2.861709,3.162864,3.043520,3.114206,3.105986,3.140178,0.964977,2.706603,1.309050,2.437273,0.272000,0.001382,3.276836,0.736240,1.810339,2.661822,2.772647,2.296809,2.084824,1.531988,0.826769,1.193393
11.795236,8.914208,2.066741,2.266634,3.015246,3.039246,3.408784,4.340192,3.042534,2.553322,2.996177,3.182919,2.973820,3.194426,3.086918,3.137548,3.169768,3.249330,0.989462,2.767492,1.356408,2.493974,0.454990,0.002670,3.326450,0.792297,1.829347,2.675997,2.807119,2.374128,2.149901,1.597066,0.891524,1.315171
10.980768,9.205412,2.109152,2.293593,3.026095,3.063575,3.362756,4.333617,3.016889,2.538528,2.997821,3.178973,3.021163,3.230262,3.094151,3.143795,3.169768,3.270043,1.045197,2.705637,1.352220,2.478832,0.525222,0.002348,3.371231,0.991073,1.924063,2.761693,2.814851,2.370907,2.157311,1.629926,0.934050,1.368006
11.163736,9.847910,2.143016,2.271565,3.028396,3.082972,3.348619,4.332630,2.986971,2.573706,3.045821,3.210535,3.010643,3.222371,3.063246,3.160562,3.170425,3.277933,1.050673,2.731410,1.394101,2.417299,0.662142,0.003315,3.379929,1.001704,2.012015,2.795521,2.812273,2.341912,2.138948,1.676963,1.106730,1.486241
10.873465,10.051579,2.189373,2.399457,3.075411,3.135904,3.401223,4.335260,3.024122,2.629268,3.100068,3.236508,3.051739,3.270701,3.135576,3.172398,3.193111,3.321989,1.063882,2.801320,1.451125,2.494940,0.799062,0.003959,3.406991,0.962722,2.146035,2.796487,2.808407,2.370907,2.213690,1.767813,1.110596,1.564205
11.043459,8.834724,2.200551,2.463896,3.097767,3.161877,3.459744,4.340521,3.015574,2.660830,3.140507,3.247687,3.056999,3.256892,3.146754,3.178316,3.216453,3.362756,1.195970,2.905379,1.473354,2.541010,0.930184,0.004603,3.451772,1.045197,2.344167,2.807119,2.822583,2.410533,2.306796,2.019102,1.307439,1.692104
10.743370,8.652698,2.325155,2.526034,3.158261,3.218755,3.530430,4.354329,3.111904,2.780174,3.197385,3.294043,3.067520,3.269385,3.168453,3.214481,3.273002,3.420620,1.218844,2.963691,1.479153,2.675031,0.981408,0.004925,3.482378,1.130893,2.432118,2.805508,2.831926,2.458858,2.337079,2.224966,1.410532,1.732053
10.829569,8.286252,2.498417,2.601323,3.229933,3.301934,3.586649,4.361891,3.157603,2.921875,3.224673,3.346318,3.149055,3.303578,3.231248,3.271029,3.338099,3.451196,1.262014,3.171488,1.591911,2.745585,1.160854,0.071614,3.516527,1.141202,2.514915,2.846745,2.892493,2.488819,2.402479,2.609953,1.826447,1.794875
10.079946,8.135308,2.693379,2.823901,3.308180,3.433442,3.625773,4.366822,3.279577,3.134261,3.350921,3.416346,3.210864,3.401223,3.284509,3.334482,3.412730,3.504457,1.377671,3.221424,1.733342,2.910856,1.267491,0.685016,3.622198,1.371550,2.698871,2.912789,3.033279,2.599966,2.515559,2.722711,2.000094,1.973033
6.272383,7.839303,2.782476,2.914642,3.334482,3.456785,3.634979,4.366165,3.326592,3.193439,3.359797,3.449552,3.215796,3.433113,3.361113,3.338099,3.459415,3.521881,1.390558,3.299710,1.946937,2.908601,1.281666,0.894101,3.657958,1.443071,2.789400,2.981088,3.079993,2.668265,2.564528,2.862853,2.185984,1.966589
2.533586,3.676033,2.865983,2.994533,3.366044,3.490319,3.626759,4.366165,3.344016,3.233549,3.402866,3.492950,3.269714,3.441990,3.392017,3.351249,3.518265,3.543580,1.386692,3.364143,2.110597,2.967879,1.549707,1.108985,3.660858,1.466911,2.966269,3.047454,3.095135,2.691461,2.594167,2.957248,2.465301,2.339012
0.121072,-0.678241,3.038588,3.092507,3.399579,3.541608,3.656349,4.366494,3.373935,3.263139,3.467634,3.567909,3.352893,3.447908,3.434757,3.368674,3.547197,3.583033,1.525545,3.424066,2.201126,3.056153,1.846099,1.658921,3.665046,1.773612,3.050032,3.011372,3.151192,2.795843,2.626384,3.085148,2.715624,2.516848
-2.502407,-1.949883,3.137877,3.135576,3.388072,3.572183,3.784898,4.399371,3.470593,3.297660,3.480785,3.666212,3.346318,3.426209,3.443305,3.390373,3.603417,3.732624,1.560017,3.418589,2.299386,3.113498,1.986241,2.225288,3.630574,1.764269,3.158279,3.067429,3.152158,2.856088,2.666332,3.135083,2.844812,2.590946
-4.128966,-3.925595,3.204289,3.308180,3.431470,3.612293,3.871365,4.429618,3.674760,3.372291,3.480785,3.702705,3.346975,3.452511,3.513005,3.456785,3.715199,3.806926,1.520068,3.460793,2.260082,3.135728,1.955636,2.330314,3.598680,2.228832,3.137338,3.052287,3.198872,2.966269,2.725611,3.222390,2.908923,2.703704
-5.235449,-5.209638,3.184891,3.307194,3.429168,3.601444,3.899639,4.450001,3.686596,3.340071,3.459415,3.730322,3.334482,3.445278,3.506100,3.472566,3.729336,3.858543,1.485596,3.420522,2.168587,3.107377,1.865751,2.191461,3.560986,2.199193,3.105444,3.043588,3.176643,2.933408,2.658600,3.238176,2.890560,2.640559
-5.722395,-6.000066,3.132617,3.240454,3.382811,3.578101,3.886488,4.450330,3.632348,3.289112,3.442976,3.695472,3.295358,3.425223,3.465662,3.454483,3.723089,3.847365,1.281344,3.327738,2.074192,3.108988,1.879282,2.180507,3.486244,2.235275,3.073550,3.020715,3.148936,2.930830,2.608343,3.175354,2.848356,2.494618
-5.920489,-6.398932,3.104671,3.172727,3.353551,3.539964,3.896023,4.452632,3.534375,3.231248,3.430812,3.665226,3.297660,3.377551,3.411743,3.418976,3.707966,3.835529,1.297130,3.223679,2.117040,3.106411,1.868007,2.121551,3.414401,2.268458,3.023936,2.991397,3.118009,2.865109,2.569683,3.131217,2.779735,2.357376
-6.250589,-6.664305,2.978423,3.084616,3.289112,3.445607,3.853940,4.431261,3.478484,3.184234,3.418976,3.623472,3.234865,3.314756,3.368345,3.372620,3.679363,3.830926,1.154411,3.047454,1.941782,3.091913,1.795197,2.013947,3.340947,2.320327,2.958859,2.977866,3.089336,2.770714,2.562273,3.099001,2.713691,2.171164
-6.364625,-6.982123,2.877162,2.997163,3.273002,3.404510,3.814816,4.428303,3.441661,3.165494,3.404182,3.600786,3.165494,3.287797,3.351907,3.357167,3.655691,3.801337,1.077735,3.050998,1.891203,3.084825,1.793586,1.994295,3.336115,2.341268,2.961758,2.960470,3.060663,2.704992,2.550675,3.074194,2.632183,2.093200
-6.432306,-6.984230,2.757489,2.894587,3.223029,3.350263,3.800022,4.422056,3.393003,3.164836,3.361441,3.553115,3.111247,3.223686,3.312783,3.333167,3.629718,3.785556,1.008792,3.003640,1.895391,3.055186,1.791976,1.996551,3.301965,2.282956,2.928575,2.967235,3.036178,2.687918,2.529090,3.035856,2.608343,2.000417
-6.696890,-6.940545,2.609871,2.822914,3.169110,3.290427,3.793775,4.421398,3.355852,3.004067,3.303906,3.527799,3.059958,3.210207,3.290427,3.319030,3.613609,3.771419,0.971099,2.882183,1.832891,3.039078,1.754927,1.971744,3.259761,2.181796,2.824838,2.973356,3.008150,2.654412,2.534245,3.031024,2.511371,1.943715
-6.390593,-6.919919,2.506965,2.711132,3.101055,3.217440,3.812844,4.422713,3.285166,2.887682,3.273988,3.475525,3.010314,3.163850,3.253604,3.278920,3.582375,3.750048,1.012658,2.916655,1.820326,3.042944,1.728187,2.038754,3.242042,2.151512,2.765237,2.993975,2.994297,2.651513,2.522324,3.018782,2.467879,1.746228
-6.511148,-6.920905,2.297538,2.607898,3.078041,3.152672,3.791474,4.426659,3.245056,2.747955,3.214152,3.410757,2.952779,3.093164,3.196070,3.255248,3.552786,3.722103,0.967877,2.897647,1.819360,3.017493,1.726254,2.021679,3.216591,2.205636,2.716590,2.982377,2.948872,2.637982,2.501062,2.999452,2.464979,1.639591
-6.853870,-7.105089,2.168660,2.552007,3.016561,3.150699,3.743473,4.418439,3.241111,2.503020,3.167138,3.374592,2.918587,3.046150,3.141165,3.236180,3.510375,3.690212,0.913431,2.765237,1.820326,2.994297,1.737530,2.074192,3.157957,2.178252,2.634438,2.952415,2.887338,2.628639,2.482054,2.974001,2.391203,1.572903
-6.591727,-7.183670,2.062796,2.526692,2.911683,3.088561,3.747747,4.413837,3.218097,2.434636,3.161877,3.341715,2.904450,2.969546,3.087246,3.212508,3.469278,3.642869,0.839333,2.803253,1.833857,3.010727,1.705635,2.169231,3.118975,2.025868,2.574837,2.889271,2.873485,2.614142,2.493330,2.954026,2.337079,1.509759
-6.263549,-7.081355,2.000658,2.425759,2.816997,3.040232,3.775035,4.411864,3.168124,2.401101,3.107630,3.288454,2.832120,2.843956,3.054040,3.197385,3.448566,3.594869,0.810982,2.711758,1.850610,3.009117,1.781988,2.198870,3.075160,1.961757,2.544232,2.931475,2.841590,2.603188,2.484631,2.937596,2.238497,1.350609
-6.390189,-7.732014,1.907616,2.303785,2.749927,2.981711,3.751035,4.407919,3.133274,2.348169,3.059958,3.249002,2.767681,2.736776,3.030040,3.154644,3.427853,3.562320,0.807117,2.792943,1.802607,3.027158,1.661176,2.284889,3.036823,1.930507,2.478188,2.900547,2.837402,2.577093,2.474322,2.930186,2.199515,1.162465
-6.456360,-6.778268,1.832984,2.206469,2.735133,2.936012,3.751364,4.399699,3.085931,2.218962,2.949491,3.228289,2.686803,2.655899,2.988615,3.123740,3.403524,3.515964,0.788109,2.754606,1.799708,3.052931,1.558728,2.323548,3.010727,1.807762,2.474644,2.905057,2.825160,2.588691,2.527157,2.929864,2.214657,1.092877
-6.489463,-6.508299,1.786628,2.146632,2.752229,2.883080,3.757281,4.396083,3.010314,2.112440,2.826531,3.145768,2.609542,2.572391,2.960012,3.092178,3.375250,3.499854,0.758792,2.668588,1.758793,3.031024,1.560339,2.330314,2.910534,1.801963,2.422131,2.854799,2.781346,2.572582,2.507505,2.903446,2.176963,1.004604
-6.747160,-6.032905,1.724819,2.132824,2.725927,2.848559,3.762871,4.389836,2.929108,2.070357,2.754530,3.138206,2.541486,2.488226,2.932395,3.060287,3.348290,3.455470,0.742039,2.654090,1.766847,3.024258,1.545197,2.354476,2.888304,1.724965,2.318072,2.857377,2.785856,2.575482,2.496873,2.906024,2.125417,0.912787
-6.852393,-6.530909,1.664982,2.116057,2.663461,2.823243,3.744788,4.384905,2.927464,1.998028,2.724612,3.120123,2.517157,2.424773,2.870258,3.047794,3.323633,3.441990,0.702735,2.629928,1.735919,3.027802,1.547452,2.354798,2.827737,1.654733,2.254283,2.833536,2.783601,2.550031,2.491074,2.853188,2.083857,0.668908
-6.625510,-6.556951,1.554515,2.079234,2.563514,2.761434,3.741829,4.377672,2.862696,1.893478,2.610857,3.002752,2.398800,2.346854,2.827517,2.994862,3.273988,3.405168,0.666008,2.616397,1.692104,3.018459,1.525867,2.373806,2.799065,1.502671,2.146357,2.760405,2.770392,2.535533,2.479154,2.842557,2.026512,0.584178
-6.980343,-6.911291,1.511775,1.977973,2.433650,2.719680,3.750706,4.373727,2.845928,1.801422,2.561213,3.014259,2.312662,2.248223,2.777873,2.951793,3.251303,3.375250,0.491395,2.573549,1.625416,2.999452,1.522323,2.358342,2.677930,1.483019,2.086757,2.674064,2.729799,2.471745,2.462080,2.806474,1.952414,0.453057
-7.057318,-6.938889,1.478569,1.941808,2.376443,2.689105,3.743144,4.365507,2.803846,1.523610,2.591788,3.011300,2.240661,2.171619,2.750585,2.913655,3.222700,3.378209,0.425029,2.503639,1.617362,3.013305,1.565171,2.371873,2.623484,1.435339,1.951770,2.636371,2.733343,2.437917,2.453059,2.797454,1.784566,0.412786
-7.156566,-7.770811,1.428595,1.902026,2.276826,2.606912,3.741829,4.360247,2.749599,1.454240,2.514198,2.971190,2.199893,2.097645,2.704557,2.868614,3.204946,3.369332,0.291974,2.435018,1.695648,3.077093,1.636048,2.410533,2.600933,1.468522,1.951125,2.597711,2.744296,2.439850,2.485275,2.782956,1.814205,0.446936
-7.247546,-7.464677,1.355279,1.833313,2.197592,2.553651,3.728350,4.357946,2.680557,1.432541,2.480664,2.910368,2.136769,2.034192,2.658200,2.847901,3.176343,3.338427,0.205312,2.394103,1.706602,3.097068,1.645713,2.471422,2.498484,1.455957,1.894746,2.569038,2.734954,2.435984,2.490108,2.769748,1.736241,0.425029
-7.830680,-8.473530,1.317142,1.726134,2.187729,2.481979,3.711582,4.351370,2.573048,1.368430,2.422143,2.885381,2.076275,1.939178,2.546747,2.793325,3.142480,3.283194,0.091266,2.381538,1.605120,3.087081,1.631859,2.409244,2.412466,1.407632,1.855764,2.465946,2.719490,2.418909,2.459180,2.754928,1.629604,0.298740
-7.787729,-8.102569,1.241524,1.602844,2.110139,2.442526,3.690212,4.339863,2.479349,1.229031,2.364608,2.856778,2.038138,1.827724,2.485595,2.709488,3.099411,3.209220,0.024255,2.341590,1.555828,3.090302,1.603187,2.387982,2.351577,1.397001,1.754604,2.425031,2.679541,2.415043,2.466268,2.721423,1.589334,0.198224
-7.726369,-8.554747,1.171167,1.482185,2.030576,2.402745,3.675746,4.318822,2.376772,1.103440,2.271894,2.852504,2.005261,1.729421,2.409649,2.644392,3.060945,3.124069,0.000093,2.286177,1.509114,3.104155,1.615107,2.375739,2.288755,1.365751,1.660210,2.348999,2.541654,2.399902,2.475288,2.695327,1.475931,0.007181
-8.579230,-9.394989,1.052481,1.397362,1.965151,2.351786,3.665883,4.306329,2.174249,1.067933,2.195290,2.823901,1.992439,1.660379,2.378745,2.603624,3.018204,3.049109,0.001382,2.173419,1.454346,3.094168,1.597710,2.384116,2.199837,1.334501,1.532633,2.253639,2.483665,2.342234,2.444360,2.668910,1.349965,0.006214
-9.188293,-10.223473,0.918999,1.184318,1.950027,2.282415,3.640568,4.298767,1.912547,1.019275,2.120331,2.821928,1.972383,1.612708,2.284716,2.535897,2.964286,2.924834,-0.000229,2.036499,1.387980,3.082892,1.560339,2.355765,2.063883,1.142813,1.268457,2.194682,2.462724,2.285211,2.381860,2.633149,1.291331,0.004925
-10.322185,-11.409795,0.849628,1.071549,1.837916,2.153208,3.621828,4.288575,1.656105,0.938726,2.046028,2.756503,1.909259,1.544323,2.196934,2.450417,2.909381,2.840339,-0.000229,1.993973,1.373483,3.120264,1.597710,2.409244,2.021357,1.086756,1.240429,2.078058,2.500739,2.302930,2.390237,2.639915,1.296163,0.004603
-11.732884,-13.094554,0.627379,1.018617,1.804710,2.069371,3.604732,4.275095,1.448322,0.824313,1.971397,2.608556,1.823450,1.398677,2.119344,2.340607,2.857764,2.758475,0.000737,1.971100,1.356730,3.156991,1.610274,2.570005,1.979798,1.022001,1.201125,1.975610,2.530056,2.302930,2.376384,2.652479,1.359630,0.005570
-12.292604,-12.956740,0.420252,0.952534,1.583447,1.878026,3.573827,4.265561,1.233963,0.669133,1.827395,2.516829,1.679119,1.199442,2.071672,2.277154,2.759462,2.666419,0.000415,1.880893,1.356408,3.160534,1.686628,2.698871,1.958535,0.950802,1.100287,1.939849,2.569683,2.327414,2.389270,2.704992,1.484308,0.005570
-12.938062,-13.114597,0.221674,0.810505,1.470021,1.830025,3.528457,4.247150,0.952205,0.597460,1.725147,2.322196,1.569638,1.084043,2.015453,2.156824,2.684173,2.460280,-0.000229,1.810339,1.275223,3.201772,1.761370,2.663755,1.939527,0.932117,1.005248,1.687594,2.557763,2.324837,2.391203,2.695005,1.464656,0.004603
-14.233684,-13.012997,0.074055,0.742449,1.319443,1.580817,3.508073,4.237616,0.504418,0.068137,1.587063,2.346196,1.458514,0.876916,1.920766,1.992439,2.593104,2.233099,-0.000874,2.021035,1.175996,3.297133,1.716589,2.826449,1.934695,0.913753,0.849964,1.372516,2.695972,2.611564,2.429219,2.750740,1.616396,0.005248
-12.082938,-6.043297,0.063534,0.664201,1.103769,1.557803,3.485717,4.230383,0.167097,0.064849,1.503884,2.245592,1.367444,0.861464,1.824765,1.929643,2.476719,2.138413,0.000415,1.929540,1.143135,3.379285,1.459501,2.795843,1.915365,0.901189,0.634436,1.016846,2.699193,2.722711,2.467234,2.748485,1.645390,0.007181
-3.942427,-3.815224,0.061233,0.464636,0.943986,1.440431,3.391359,4.212629,0.062877,0.059918,1.478898,2.183126,1.269141,0.788148,1.756052,1.801422,2.330087,2.023343,0.000093,1.760403,1.046485,3.286501,1.047774,2.573227,1.868973,0.776189,0.563238,0.805184,2.655701,2.642170,2.399902,2.682441,1.654411,0.005892
1.426417,0.127983,0.057945,0.283812,0.897300,1.251388,3.273331,4.174163,0.058603,0.057287,1.353636,2.107180,1.224428,0.800313,1.729421,1.747833,1.949698,1.769203,0.000093,1.277156,0.353830,3.060341,0.648289,1.665365,1.846099,0.202735,0.475609,0.704346,2.256538,2.239463,2.304541,2.422453,1.342877,0.005248
4.503611,2.706129,0.053013,0.163810,0.698722,0.992644,3.044506,4.080134,0.214441,0.053342,1.168537,2.026302,1.250730,0.794724,1.687667,1.545309,1.380266,1.070892,-0.000551,1.138302,0.004925,2.631216,0.011691,0.316781,1.613818,0.007181,0.410209,0.904410,1.834179,1.591589,1.888947,1.600287,0.728830,0.002992
6.016931,4.571012,0.085562,0.221674,0.733901,0.937082,2.835408,4.054490,0.648420,0.457732,1.070234,1.831998,1.393417,0.824642,1.755394,1.355279,0.998233,0.850286,0.000093,1.248483,0.005248,2.366396,0.010402,-0.000229,1.529411,0.006858,0.431472,1.098676,1.848999,1.638947,1.675674,1.236563,0.183083,0.001059
7.322150,6.921465,0.329511,0.527103,0.928534,0.941685,2.822586,4.050545,0.714832,0.587926,1.110016,1.925369,1.454568,1.099495,1.837587,1.555501,1.061358,0.869355,0.000415,1.312272,0.006858,2.212401,0.009758,-0.000874,1.528444,0.006536,0.443070,1.151189,2.097066,1.538754,1.430506,0.903122,0.034242,-0.000551
8.569872,9.458665,0.453129,0.657626,1.097851,1.021905,2.887354,4.072901,0.837135,0.707270,1.216209,1.983233,1.526898,1.386513,1.929972,1.673530,1.158016,0.891711,-0.000551,1.438238,0.005892,2.116718,0.009114,0.000415,1.511370,0.006214,0.535209,1.194681,2.206925,1.409888,1.308083,0.725609,0.004281,-0.000551
10.100832,12.087672,0.564912,0.745079,1.164592,1.054453,2.913984,4.090655,0.907164,0.754942,1.260593,1.991781,1.574570,1.510788,2.005589,1.762627,1.379609,0.940041,0.000093,1.408599,0.006214,1.976576,0.008469,0.000415,1.548741,0.006858,0.601897,1.207568,2.259760,1.328380,1.209823,0.557761,0.002348,-0.000551
10.859449,12.201390,0.711544,0.768751,1.242511,1.183661,2.898532,4.113669,1.188921,0.843053,1.384540,2.064111,1.636708,1.594954,2.081536,1.826409,1.522953,1.183003,0.000737,1.340622,0.006214,1.864141,0.008469,0.000737,1.550674,0.007181,0.641201,1.522968,2.279412,1.215622,1.055506,0.084822,0.000093,-0.000229
11.791233,12.727408,0.924260,0.932808,1.504870,1.423993,3.037602,4.136683,1.447664,1.003822,1.652818,2.108166,1.692928,1.673859,2.125591,1.886245,1.649201,1.366129,-0.000551,1.355119,0.097709,1.820004,0.008147,-0.000551,1.688561,0.006858,0.778122,1.609308,2.305507,1.227220,1.032632,0.156343,0.000415,0.000415
12.865085,11.387412,1.027165,1.028480,1.750792,1.684709,3.105986,4.162327,1.560104,1.068590,1.803066,2.242962,1.785641,1.833971,2.227510,2.107837,1.769860,1.518679,-0.000229,1.381537,0.379603,1.824836,0.008791,0.000093,1.874772,0.008147,0.939204,1.797775,2.386371,1.313238,1.083856,0.105119,0.000415,0.284565
13.431810,12.154832,1.137961,1.221141,1.869478,1.778737,3.126041,4.169889,1.609420,1.095879,1.868821,2.261045,1.861588,1.982247,2.302141,2.193647,1.912876,1.870793,0.001059,1.458857,0.432438,1.811628,0.007503,0.000093,1.909566,0.008469,0.959823,2.019746,2.424386,1.589011,1.207890,0.110273,0.000093,0.456601
14.016718,13.498625,1.261579,1.503555,2.004274,1.884273,3.147740,4.196519,1.815231,1.219168,1.941479,2.369868,1.924383,2.111783,2.395841,2.334032,2.107180,1.978630,0.001704,1.678896,0.645067,1.907955,0.006536,-0.000229,1.979798,0.007825,1.074191,2.114463,2.453703,1.617362,1.213689,0.622194,0.066459,0.592232
13.417097,11.731752,1.353964,1.638023,2.119015,1.981589,3.175686,4.218876,1.964822,1.371389,1.979288,2.376115,2.008548,2.222578,2.554637,2.430691,2.263346,2.104550,-0.000874,1.783599,0.767168,1.950803,0.008469,-0.000551,2.093200,0.091266,1.376705,2.166654,2.467556,1.614785,1.175351,0.642168,0.082889,0.664397
15.975851,6.458818,1.325690,1.836272,2.193318,2.119015,3.219741,4.225451,2.029590,1.408869,2.065755,2.504335,2.085481,2.310689,2.663461,2.497760,2.493486,2.241976,0.054539,1.925030,0.812915,2.064850,0.009436,-0.000229,2.314850,0.165041,1.528444,2.254927,2.481409,1.858019,1.326769,0.765557,0.237206,0.544874
15.678621,7.068188,1.399335,1.864218,2.288661,2.229154,3.287468,4.226766,2.158139,1.463774,2.150578,2.672337,2.101591,2.362635,2.704886,2.615789,2.665433,2.390252,0.185016,2.019424,0.885403,2.272968,0.180183,0.000737,2.522647,0.126059,1.661176,2.285533,2.491719,2.021679,1.735597,1.421163,0.722709,0.764591
16.809785,0.803180,1.472322,1.882629,2.361977,2.268935,3.281550,4.261616,2.341922,1.591337,2.179181,2.693379,2.136112,2.495459,2.787736,2.689762,2.703571,2.498746,0.380570,2.164721,0.991073,2.513626,0.236562,0.000737,2.620907,0.012013,1.685017,2.246229,2.537144,2.086435,1.859308,1.593522,0.850609,0.503959
15.549769,5.030969,1.516049,1.937534,2.411622,2.363950,3.327907,4.265561,2.422471,1.620927,2.380389,2.783791,2.159783,2.524062,2.865983,2.764393,2.741379,2.483623,0.211433,2.139592,0.838044,2.512660,0.251704,0.000737,2.685018,0.012335,1.662465,2.210468,2.487208,2.022324,1.825803,1.721099,0.917941,0.576768
16.363478,2.245597,1.519665,1.916821,2.429704,2.313648,3.316071,4.266547,2.402745,1.662023,2.285374,2.776558,2.150906,2.648008,2.882751,2.754201,2.766695,2.498089,0.552606,2.256216,1.117039,2.611564,0.488817,0.001704,2.667299,0.011691,1.721744,2.209180,2.571616,2.081602,1.924063,1.834824,0.903444,0.382503
16.650189,3.245015,1.581474,1.965479,2.594419,2.426417,3.354537,4.284958,2.516171,1.693914,2.455677,2.876175,2.180167,2.704228,2.907409,2.811079,2.836394,2.504664,0.485596,2.317749,0.985596,2.552930,0.444359,0.002348,2.760083,0.011691,1.750738,2.126383,2.527479,2.045842,1.833213,1.812594,0.907632,0.592555
17.587711,4.647698,1.661037,1.986849,2.692064,2.518144,3.389716,4.315863,2.662803,1.719558,2.457321,2.867299,2.185427,2.801216,2.955409,2.867627,2.904450,2.566473,0.620905,2.329347,1.148289,2.620907,0.668908,0.003959,2.848678,0.012657,1.788110,2.190172,2.632183,2.127028,1.970455,1.841911,0.909565,0.873805
17.220965,5.958239,1.695558,2.076933,2.742037,2.613487,3.391359,4.330986,2.679899,1.956274,2.487239,2.858751,2.245264,2.891299,2.993547,2.926477,2.939628,2.652282,0.652155,2.394103,1.154088,2.555185,0.577091,0.002348,2.880895,0.129281,1.758793,2.325481,2.638948,2.115752,1.946293,1.758470,0.899256,0.886369
17.942022,6.962714,1.720873,2.138084,2.746640,2.693379,3.424237,4.336575,2.799572,1.990466,2.574364,2.877819,2.292935,2.932395,2.998807,2.965930,3.028396,2.751571,0.683405,2.423742,1.181472,2.533600,0.711756,0.003315,2.973034,0.509436,1.811306,2.483665,2.643137,2.120262,1.909566,1.683728,0.896678,1.045519
18.096246,7.452259,1.776107,2.144660,2.764722,2.742366,3.421935,4.343151,2.827846,2.001315,2.596062,2.895902,2.367895,2.967903,3.017218,2.996834,3.062917,2.791024,0.693714,2.447582,1.197581,2.449837,0.734307,0.003315,3.020392,0.547451,1.846099,2.558407,2.698871,2.109631,1.941460,1.624450,0.902155,1.074191
18.145985,7.407092,1.782682,2.125920,2.741051,2.798257,3.411743,4.349398,2.943902,1.995397,2.613816,2.921217,2.487239,3.055356,3.049109,3.020506,3.103356,2.943902,0.730763,2.436951,1.217877,2.444683,0.815815,0.002992,3.075805,0.618006,1.836434,2.708536,2.732699,2.144102,1.971422,1.601898,0.851253,1.095777
18.780749,7.260160,1.890848,2.142029,2.782476,2.853161,3.431141,4.353343,2.987958,2.086138,2.703571,2.950806,2.569103,3.118151,3.079027,3.067191,3.151028,2.974149,1.008148,2.563884,1.346743,2.487531,0.907310,0.004603,3.217558,0.670518,1.987852,2.778124,2.793266,2.270391,2.087401,1.705313,0.877671,1.201125
18.083627,6.883233,1.900383,2.164386,2.796613,2.918587,3.435744,4.356631,2.981382,2.245921,2.766366,2.981711,2.617104,3.142809,3.094479,3.083959,3.178316,3.046150,1.026833,2.604477,1.391846,2.531345,0.972387,0.004925,3.246875,0.632825,2.106409,2.839335,2.817106,2.339979,2.127672,1.771035,0.895068,1.172774
18.218681,5.521203,1.921424,2.238031,2.906422,2.963628,3.491306,4.369781,3.088561,2.475075,2.869600,3.009656,2.753544,3.188179,3.094479,3.106973,3.213166,3.143795,1.139591,2.644747,1.435016,2.618330,0.953379,0.005248,3.351901,0.639268,2.262337,2.869619,2.846423,2.363819,2.199515,1.898934,1.055828,1.189527
18.088271,3.447362,1.946739,2.253812,2.947847,3.020177,3.477826,4.373727,3.111247,2.536884,2.898861,3.087904,2.778859,3.189165,3.121767,3.101055,3.213494,3.208892,1.178573,2.655701,1.451769,2.626706,0.965622,0.005248,3.351579,0.628315,2.278767,2.865431,2.848034,2.355121,2.183729,2.009115,1.190493,1.203380
15.205085,5.465862,1.930301,2.221921,2.946204,3.011300,3.467963,4.375370,3.096452,2.584884,2.959683,3.063575,2.796942,3.185549,3.122754,3.102699,3.210207,3.222042,1.168908,2.666010,1.447903,2.687918,0.942104,0.004281,3.332571,0.635725,2.265236,2.858987,2.837080,2.348677,2.161177,2.147968,1.336434,1.222710
15.195211,2.882105,1.957260,2.180496,3.033328,3.004396,3.455799,4.373398,3.122096,2.579953,2.891628,3.062260,2.861381,3.183247,3.140836,3.121110,3.206919,3.263468,1.204346,2.650546,1.476576,2.774580,0.958856,0.478508,3.328705,0.676962,2.283278,2.830637,2.866075,2.446293,2.240430,2.443716,1.613818,1.210467
14.307998,3.384380,2.029590,2.277154,3.067849,3.073767,3.538649,4.394768,3.106315,2.560884,3.017547,3.242755,2.908724,3.175028,3.134261,3.132946,3.230919,3.287468,1.194681,2.676642,1.478509,2.764593,1.001382,0.734307,3.320006,0.541975,2.301963,2.740431,2.852866,2.461113,2.268780,2.456281,1.791976,1.300351
14.169721,5.506946,2.084166,2.312991,3.115192,3.086589,3.567909,4.385891,3.095794,2.598035,3.059630,3.250646,2.957711,3.203960,3.157932,3.179302,3.236837,3.328564,1.215300,2.696616,1.513625,2.733987,0.907632,0.643457,3.370264,1.055828,2.337724,2.871230,2.872196,2.531989,2.307762,2.353832,1.527800,1.401189
14.438106,7.395519,2.111125,2.361320,3.119137,3.083301,3.552786,4.367809,3.056013,2.633871,3.053712,3.228618,2.974149,3.259194,3.136891,3.177987,3.234865,3.328893,1.199514,2.732699,1.449192,2.649580,0.916975,0.064204,3.401192,1.205635,2.418587,2.904091,2.863498,2.527479,2.296487,2.242685,1.297774,1.398934
15.243865,9.203432,2.104878,2.336333,3.097438,3.080342,3.475196,4.352356,2.975464,2.705543,3.056999,3.227632,2.979081,3.271687,3.148727,3.171740,3.230262,3.324619,1.215622,2.873485,1.483341,2.619941,0.847065,0.040041,3.443396,1.112207,2.367363,2.871874,2.861243,2.516526,2.281667,2.080958,1.261047,1.499450
14.435976,9.482874,2.096659,2.366909,3.088233,3.075082,3.445935,4.328027,2.935354,2.637816,3.016561,3.146754,2.970533,3.262152,3.144453,3.159247,3.223686,3.298317,1.233341,2.993653,1.473998,2.582569,0.893779,0.003959,3.494942,1.166331,2.451770,2.886049,2.866397,2.503961,2.280700,2.041332,1.338689,1.563560
15.639153,10.301659,2.101262,2.373813,3.119795,3.082644,3.386099,4.316192,2.914642,2.586857,3.000122,3.139521,2.973820,3.256892,3.139192,3.140507,3.216125,3.287468,1.214978,3.009761,1.449836,2.517170,0.916330,0.003959,3.498808,1.035532,2.437595,2.899258,2.849645,2.456925,2.252350,1.964334,1.483341,1.810983
14.811849,9.417782,2.128879,2.448773,3.138535,3.129000,3.418976,4.331644,2.927464,2.611515,3.032013,3.168782,2.988615,3.263139,3.151685,3.162864,3.249988,3.334811,1.277156,3.014593,1.445326,2.516848,1.008148,0.004925,3.537146,0.870583,2.465623,2.910212,2.859632,2.443394,2.274579,2.086435,1.697259,1.840300
14.273531,9.150068,2.297538,2.525705,3.168124,3.222700,3.455141,4.344795,2.972834,2.775571,3.086589,3.260509,3.041547,3.285166,3.193439,3.206919,3.302591,3.383798,1.217877,3.053253,1.429217,2.534889,0.955312,0.005248,3.576450,0.868006,2.508149,2.921810,2.893781,2.424386,2.287144,2.266525,1.853831,1.850288
13.957571,6.578715,2.494472,2.608556,3.270043,3.297989,3.495909,4.345452,3.053712,2.908724,3.157275,3.309496,3.111575,3.369661,3.254591,3.289440,3.337112,3.417661,1.328058,3.111243,1.464334,2.619296,0.959501,0.004925,3.612533,1.208856,2.535533,2.926320,2.996230,2.491397,2.349966,2.530056,1.993973,2.104154
12.967222,7.955650,2.704886,2.732502,3.294043,3.346318,3.567909,4.353672,3.092178,3.051082,3.272344,3.373935,3.183905,3.393661,3.298975,3.330866,3.369989,3.446593,1.319037,3.079993,1.489140,2.695972,1.092877,0.414397,3.617043,1.368650,2.577737,2.974967,2.997519,2.526513,2.395069,2.622196,2.105120,2.287788
14.526641,2.491377,2.764722,2.838367,3.314756,3.413716,3.614924,4.356959,3.190152,3.150042,3.272016,3.381825,3.204946,3.441661,3.380181,3.375250,3.420949,3.477826,1.328058,3.243009,1.637658,2.796809,1.147001,0.712400,3.670845,1.485596,2.784245,2.995908,3.088047,2.663755,2.454348,2.815495,2.327414,2.486564
11.594674,5.487851,2.833764,2.945875,3.379195,3.539635,3.621170,4.376357,3.315413,3.211851,3.382154,3.484073,3.262481,3.473223,3.426538,3.404510,3.462374,3.521553,1.420197,3.399259,1.725610,2.778768,1.258792,1.060016,3.714659,1.384437,2.922132,3.072261,3.122197,2.774258,2.411822,2.963691,2.414399,2.496551
9.666972,9.989537,2.990916,3.125713,3.425223,3.628403,3.676075,4.380960,3.432785,3.267413,3.473552,3.548841,3.305221,3.534375,3.486374,3.463032,3.539964,3.624787,1.719811,3.598680,2.079669,2.831926,1.748805,1.617040,3.806154,1.729798,3.082248,3.279736,3.219491,2.973034,2.667621,3.159246,2.770392,2.690495
2.246250,2.903761,3.128343,3.157275,3.411743,3.650760,3.701390,4.377014,3.467634,3.273331,3.497552,3.588293,3.316400,3.572512,3.586649,3.487689,3.615581,3.667527,1.932762,3.660213,2.208858,2.957248,1.854798,2.106731,3.885729,1.930829,3.211759,3.360277,3.332893,3.188241,2.870908,3.323872,2.983665,2.816462
-4.394965,-2.202396,3.188179,3.199686,3.413387,3.687911,3.830269,4.426987,3.540293,3.324619,3.520566,3.661280,3.400236,3.558375,3.662595,3.556074,3.729665,3.780295,2.012015,3.714015,2.318716,3.050998,2.166010,2.814206,3.904093,1.816138,3.327094,3.280702,3.380251,3.234632,3.047776,3.419878,3.127673,2.879928
-4.403818,-2.402525,3.217440,3.341386,3.414373,3.672130,3.970325,4.468084,3.650760,3.345332,3.503799,3.782926,3.367359,3.452182,3.587307,3.554430,3.818104,3.855584,2.002994,3.763951,2.528446,3.178576,2.539077,3.178898,3.868010,2.031989,3.402803,3.306798,3.390238,3.268138,3.092557,3.462404,3.196295,3.010405
-4.967895,-1.758124,3.297002,3.429168,3.508073,3.740185,4.019969,4.503262,3.787200,3.419305,3.532731,3.800350,3.381496,3.485059,3.657335,3.579088,3.841775,3.920352,1.981087,3.734634,2.574193,3.232699,2.628961,3.179220,3.846103,2.392170,3.425677,3.304542,3.392171,3.281991,3.091591,3.469813,3.196617,3.100289
-5.611647,-3.346006,3.298975,3.440675,3.479799,3.718158,4.010764,4.495372,3.785227,3.441004,3.507416,3.785227,3.362428,3.466319,3.649773,3.568238,3.835858,3.908516,1.916331,3.720458,2.566139,3.233988,2.629606,3.180186,3.838049,2.355121,3.396037,3.288112,3.391849,3.277158,3.082248,3.475612,3.185019,3.048099
-5.623544,-4.304099,3.272344,3.424565,3.475854,3.736240,4.018983,4.493070,3.770761,3.416017,3.510703,3.788186,3.371304,3.461716,3.643855,3.552457,3.835200,3.909502,1.873483,3.684376,2.556796,3.216269,2.623807,3.193073,3.810665,2.304541,3.394427,3.270071,3.381218,3.258473,3.062918,3.464659,3.176643,3.057441
-6.858694,-5.447226,3.256892,3.412730,3.499854,3.723747,4.010764,4.492084,3.763528,3.408456,3.490648,3.768131,3.338427,3.455799,3.635307,3.562649,3.833885,3.924297,1.735597,3.644105,2.585147,3.245264,2.624773,3.175354,3.778448,2.329992,3.416334,3.236243,3.368331,3.242042,3.033601,3.464014,3.148614,3.026191
-7.402038,-7.170967,3.221385,3.395633,3.512018,3.704349,4.014051,4.491098,3.722760,3.343688,3.482429,3.778323,3.326592,3.425552,3.561005,3.547197,3.828296,3.917064,1.635403,3.596424,2.582569,3.213692,2.612531,3.156991,3.707894,2.283278,3.404414,3.188885,3.348357,3.207571,2.988820,3.437919,3.105122,2.896359
-7.971568,-7.901805,3.181932,3.361770,3.499854,3.671143,3.993668,4.482221,3.685609,3.303906,3.479470,3.761227,3.330208,3.389058,3.543252,3.539964,3.816460,3.902927,1.513625,3.542623,2.547776,3.221424,2.620907,3.163112,3.679221,2.385082,3.409246,3.169233,3.348357,3.202416,2.966269,3.424388,3.105444,2.896681
-8.832657,-8.027489,3.104014,3.309496,3.448566,3.642540,3.969010,4.477289,3.640568,3.231577,3.459086,3.739199,3.291742,3.353551,3.497552,3.524840,3.796076,3.891091,1.465622,3.481089,2.559051,3.223357,2.608987,3.149581,3.645071,2.425675,3.390883,3.143460,3.323872,3.180831,2.948872,3.400548,3.044555,2.845779
-8.889671,-8.850086,3.017218,3.190809,3.399250,3.614924,3.948955,4.471700,3.580731,3.205275,3.452182,3.703034,3.264125,3.301605,3.462045,3.498868,3.785884,3.861173,1.462723,3.453705,2.502995,3.224645,2.558729,3.145715,3.607700,2.433729,3.362210,3.117686,3.292622,3.151192,2.862531,3.378640,3.006539,2.821616
-9.429136,-7.301416,2.856449,3.090863,3.321989,3.573827,3.922982,4.469070,3.507416,3.166480,3.440346,3.643527,3.210535,3.251961,3.413387,3.491635,3.747747,3.848022,1.289076,3.359633,2.457247,3.214658,2.533922,3.158279,3.561308,2.518136,3.252352,3.070650,3.241720,3.104478,2.833536,3.361244,2.923098,2.781346
-9.437310,-8.900509,2.750585,2.973163,3.228947,3.456127,3.887146,4.464796,3.438374,3.084616,3.398921,3.585005,3.134261,3.202645,3.368345,3.452511,3.702705,3.824679,1.204991,3.290367,2.354476,3.202416,2.417299,3.138627,3.478512,2.405701,3.159890,3.003640,3.212403,3.029413,2.693394,3.337725,2.870585,2.690495
-9.386355,-2.013587,2.608227,2.861381,3.196727,3.360455,3.849337,4.463810,3.378866,2.981053,3.376236,3.528457,3.099082,3.162206,3.319030,3.413716,3.661609,3.807912,1.107697,3.166978,2.246229,3.203060,2.280378,3.084825,3.413112,2.273613,3.133150,2.959503,3.160534,2.974967,2.651191,3.291011,2.782312,2.437273
-10.136953,-3.792382,2.339292,2.642419,3.102041,3.207905,3.809227,4.441453,3.261824,2.815682,3.255906,3.477169,3.013602,3.081000,3.244070,3.338099,3.647801,3.748405,1.113496,2.969490,2.062917,3.131862,1.939849,2.914078,3.329349,2.168587,3.006539,2.962403,3.133150,2.872841,2.583858,3.194040,2.675353,2.150868
-10.147160,-2.764111,2.282415,2.556610,3.099082,3.140507,3.828953,4.442440,3.332838,2.768996,3.225988,3.399250,2.952121,3.025109,3.211851,3.311468,3.645171,3.764514,1.034243,2.864142,1.899901,3.092557,1.854798,2.618008,3.291656,2.093522,2.928253,3.013949,3.087725,2.753317,2.567750,3.150547,2.557118,1.956280
-10.979353,-3.614632,2.222907,2.496774,3.040561,3.112890,3.809885,4.431261,3.276290,2.578309,3.207905,3.418976,2.919244,2.995190,3.193439,3.281221,3.602102,3.740185,1.017490,2.893137,1.880571,3.139594,1.791331,2.613497,3.267171,2.109631,2.864786,3.013627,3.074516,2.751706,2.558729,3.135405,2.523291,1.876383
-11.295506,-3.870766,2.132824,2.449431,2.951464,3.060287,3.789830,4.424686,3.244070,2.388937,3.184563,3.374592,2.874203,2.927792,3.128672,3.268728,3.568567,3.713226,1.003959,2.805830,1.895713,3.147003,1.780700,2.691784,3.222390,2.149901,2.852222,3.008794,3.057119,2.726900,2.562917,3.106411,2.444038,1.850610
-11.264202,-4.458741,2.012494,2.342909,2.899189,2.998807,3.759912,4.420741,3.213823,2.362635,3.122096,3.334811,2.797270,2.763078,3.091192,3.241111,3.530758,3.688568,0.986240,2.735920,1.868973,3.155702,1.761048,2.772969,3.149581,2.111241,2.771681,2.996230,3.036178,2.699838,2.531023,3.047776,2.473033,1.795197
-10.454917,-3.955297,1.948383,2.216661,2.771955,2.923847,3.778323,4.410549,3.158261,2.185099,3.038588,3.321660,2.715406,2.648995,3.037931,3.176343,3.505114,3.672130,0.966910,2.646358,1.825803,3.157635,1.724321,2.815817,3.098679,2.013625,2.757505,3.032635,2.981410,2.690817,2.494296,3.030379,2.399902,1.626705
-10.060704,-4.204926,1.874738,2.184441,2.740722,2.906422,3.767473,4.406932,3.133274,2.093043,2.959683,3.236508,2.642090,2.596391,3.009328,3.155302,3.484402,3.646157,0.932439,2.678897,1.944682,3.186308,1.812272,2.898292,3.072583,2.006538,2.702737,3.039400,3.045843,2.730443,2.495263,3.016526,2.377994,1.594810
-10.076272,-4.430703,1.784326,2.180496,2.729215,2.857764,3.761555,4.403316,3.054040,2.006904,2.832449,3.181604,2.508938,2.440225,2.959683,3.126041,3.467306,3.604074,0.888302,2.634438,2.032955,3.192429,1.895713,2.934696,3.009117,1.978831,2.672454,3.038434,3.060341,2.785534,2.526835,3.025547,2.338368,1.673419
-10.575194,-5.057732,1.703120,2.152221,2.705872,2.802531,3.772405,4.396741,2.939957,1.843176,2.760448,3.119795,2.395512,2.347840,2.956396,3.092835,3.438702,3.557060,0.828702,2.660211,1.991074,3.178253,1.939205,2.929864,2.978511,1.966911,2.627673,3.029735,3.002995,2.748807,2.542943,2.991397,2.257182,1.681151
-10.542821,-5.418553,1.609091,2.104878,2.688118,2.755188,3.779967,4.393453,2.869600,1.576214,2.703571,3.098425,2.325155,2.258086,2.939957,3.073438,3.425552,3.528786,0.778766,2.626384,2.094489,3.151192,2.002994,2.890882,2.964658,1.983664,2.594812,2.997519,2.920199,2.697582,2.525868,2.984632,2.293587,1.647968
-10.029669,-5.187034,1.539392,2.091727,2.621049,2.700283,3.776679,4.390823,2.822586,1.542350,2.600665,3.024780,2.248880,2.132166,2.889984,3.034643,3.396949,3.474210,0.629926,2.595778,2.151190,3.103833,2.119940,2.816462,2.925031,1.968522,2.612209,2.965624,2.888304,2.685018,2.485598,2.954671,2.293265,1.493006
-9.875791,-5.511025,1.471665,2.066741,2.552665,2.648995,3.781282,4.384247,2.820613,1.497638,2.505979,2.983355,2.213373,2.099947,2.848230,3.001766,3.370976,3.432127,0.561305,2.510404,2.130571,3.099967,2.136048,2.828704,2.868652,1.853187,2.579348,2.938562,2.882828,2.657956,2.458858,2.928575,2.244618,1.393779
-10.277192,-4.829150,1.455226,2.000329,2.449102,2.604611,3.775693,4.374384,2.769654,1.439774,2.458636,2.989601,2.154852,2.052932,2.819298,2.949491,3.332509,3.414373,0.473353,2.506538,2.104476,3.084503,2.094811,2.802286,2.747518,1.762014,2.555185,2.882505,2.814206,2.631216,2.484631,2.902158,2.217878,1.298418
-10.464692,-6.436981,1.416102,1.957918,2.315949,2.532938,3.767145,4.364192,2.607241,1.362184,2.396827,2.989601,2.094358,1.982575,2.773928,2.925491,3.297989,3.381496,0.393134,2.507505,2.110597,3.074838,2.073548,2.799709,2.688884,1.713045,2.528123,2.842235,2.791333,2.610920,2.446293,2.896036,2.134115,1.283599
-11.177721,-7.128043,1.343772,1.914848,2.161756,2.463896,3.750048,4.357617,2.532938,1.303662,2.275839,2.876504,2.008220,1.881643,2.722968,2.872559,3.256235,3.333825,0.297451,2.466268,2.024579,3.086758,2.034888,2.809696,2.644103,1.685661,2.432118,2.745263,2.797454,2.611242,2.441783,2.883150,2.134437,1.184372
-11.372672,-7.925596,1.312210,1.711997,2.113098,2.444828,3.720459,4.351041,2.509596,1.297416,2.222250,2.849216,1.985206,1.744545,2.643077,2.829490,3.192782,3.249330,0.117361,2.398291,1.862852,3.068073,1.943071,2.702093,2.547131,1.490429,2.323548,2.604155,2.784889,2.581603,2.435662,2.805508,2.155700,0.766524
-11.497029,-8.595278,1.270785,1.628160,2.094029,2.437595,3.705993,4.341836,2.500390,1.277032,2.218633,2.830476,1.977315,1.665640,2.544774,2.760448,3.155959,3.190809,0.000093,2.379283,1.841589,3.093524,1.943715,2.848034,2.502028,1.508792,2.296487,2.592557,2.770714,2.599322,2.393458,2.797132,2.177930,0.728508
-11.527392,-8.956306,1.243497,1.562406,2.057864,2.378745,3.690212,4.322110,2.422800,1.163606,2.176550,2.793654,1.950685,1.617639,2.437924,2.698968,3.112890,3.112233,-0.000229,2.334180,1.828702,3.120264,1.954347,2.915366,2.500739,1.493006,2.200803,2.495263,2.697582,2.577093,2.407956,2.801642,2.154089,0.720454
-12.366026,-8.729566,1.142235,1.478569,2.006576,2.372498,3.673445,4.318164,2.210414,1.092262,2.161756,2.822257,1.894136,1.593639,2.386635,2.645378,3.083301,3.027739,0.000737,2.300030,1.715622,3.145393,1.922775,2.989787,2.392492,1.418908,1.988496,2.544876,2.691461,2.641526,2.432118,2.787789,2.124772,0.641846
-12.344108,-8.836724,0.997576,1.383883,1.944109,2.316607,3.651088,4.305014,2.194962,1.043933,2.077262,2.800229,1.841861,1.551885,2.347511,2.578309,3.028396,2.909381,0.000737,2.299386,1.663432,3.145393,1.842556,3.001707,2.352543,1.387336,1.868973,2.448226,2.703704,2.632183,2.438561,2.771358,2.079991,0.435660
-13.372601,-9.244450,0.921958,1.216867,1.823450,2.211071,3.624458,4.292520,1.949041,0.985411,2.039453,2.666419,1.731065,1.448322,2.295566,2.449102,2.950806,2.837380,-0.000229,2.222066,1.559050,3.138627,1.746550,2.991720,2.234631,1.337078,1.700481,2.318394,2.717879,2.621229,2.397002,2.762016,1.916331,0.255570
-15.926615,-8.335032,0.596474,1.060042,1.780710,2.068713,3.604403,4.278712,1.707065,0.847985,1.918794,2.625981,1.584104,1.210949,2.197592,2.370854,2.904450,2.744996,0.000737,2.156989,1.504282,3.153447,1.633148,2.965946,2.086757,1.243972,1.561950,2.183406,2.705314,2.634438,2.357698,2.749451,1.862530,0.008469
-17.454785,-8.821256,0.336415,0.867382,1.551556,1.915506,3.584677,4.267205,1.210620,0.654009,1.838245,2.450746,1.512432,1.069577,2.110796,2.302799,2.874860,2.688447,-0.001196,1.992362,1.389269,3.137338,1.498161,2.916333,1.990752,1.057439,1.344488,2.028123,2.697905,2.607698,2.325481,2.737209,1.730120,0.007181
-19.296612,-10.032070,0.261455,0.790778,1.470678,1.869478,3.557718,4.261945,0.824313,0.505075,1.747175,2.416882,1.429253,0.964699,2.051617,2.192660,2.832449,2.552007,0.000415,2.079025,1.333857,3.214980,1.590944,2.943717,2.046808,1.137658,1.325802,1.975288,2.743008,2.698871,2.351577,2.768459,1.830313,0.007181
-20.717049,-10.501793,0.070110,0.713846,1.372047,1.644270,3.537005,4.254383,0.634940,0.069781,1.643283,2.315621,1.374019,0.861135,1.992767,2.086138,2.687461,2.311675,-0.000229,2.154412,1.260081,3.271681,1.548741,2.959825,2.052285,1.020390,1.157310,1.818715,2.751062,2.793266,2.355765,2.778768,1.959179,0.008469
-21.265570,-10.161753,0.068466,0.669790,1.369745,1.649859,3.532731,4.239917,0.431102,0.066822,1.546296,2.290634,1.308265,0.847327,1.942137,2.014795,2.528007,2.148605,-0.000229,2.183084,1.313882,3.387339,1.635081,3.099967,2.086757,1.116395,1.160210,1.674707,2.857377,2.887016,2.421487,2.835791,2.065172,0.007825
-13.066203,-2.347529,0.064192,0.578063,1.298073,1.525583,3.497224,4.217232,0.067479,0.065507,1.618625,2.235401,1.286895,0.789463,1.911232,1.894136,2.339950,1.987507,-0.000551,2.235919,1.544553,3.516527,1.692104,3.283279,2.351577,1.277156,1.343844,1.560339,2.991397,3.012016,2.635405,2.952738,2.201126,0.548740
0.723580,3.908644,0.064520,0.671434,1.334238,1.507501,3.474867,4.229067,0.217400,0.064520,1.565693,2.215674,1.362184,0.798998,1.923725,1.919123,2.193975,1.825423,0.000737,2.170520,1.461756,3.471424,1.475287,3.242364,2.377350,1.270390,1.415687,1.562272,2.971745,2.983665,2.610920,2.974967,2.309695,0.801318
4.966255,4.243788,0.060904,0.615872,1.175441,1.176428,3.192124,4.147532,0.300250,0.059260,1.152756,2.053590,1.285251,1.074180,1.892163,1.858629,1.805696,1.411499,-0.000229,1.794553,0.908599,2.939851,0.584500,2.165365,2.076448,0.391846,1.124127,1.608341,2.341268,2.452737,2.415043,2.573871,1.849965,0.150544
6.159396,6.126743,0.351868,0.600090,1.049522,0.990014,2.932395,4.067312,0.671105,0.553405,1.038672,1.856985,1.336211,1.179058,1.904985,1.643941,1.188263,0.960425,-0.000874,1.741396,0.209178,2.189850,0.214977,0.001382,1.791653,0.007503,0.781343,1.200802,2.228187,1.770068,1.802929,1.395712,0.572580,0.001704
6.690531,7.269556,0.430115,0.648091,0.958452,0.984754,2.874532,4.078490,0.730613,0.667489,1.043604,1.817532,1.414458,1.315169,1.929972,1.684709,1.226730,0.857190,0.000093,1.755249,0.266846,2.034888,0.363817,0.002348,1.636370,0.006536,0.732052,1.131537,2.260082,1.698870,1.520390,1.285532,0.029410,0.000093
6.842592,7.967513,0.551103,0.735216,1.102125,1.079440,2.981053,4.104463,0.818395,0.735873,1.149468,1.930301,1.460815,1.492377,2.046357,1.749476,1.508487,0.962726,0.000093,1.773290,0.406987,2.016525,0.370261,0.002026,1.738818,0.007181,0.820647,1.201125,2.272968,1.754282,1.520068,1.289076,0.017168,0.000415
7.421125,9.354575,0.688201,0.862779,1.265196,1.168208,3.054040,4.120244,1.009740,0.850286,1.375006,2.021370,1.537419,1.596927,2.082193,1.824108,1.587063,1.298402,0.000093,1.903767,0.444681,1.987530,0.245583,0.000415,1.769424,0.007825,0.936949,1.270068,2.315816,1.758470,1.486563,1.174707,0.113173,0.002992
7.963239,10.264557,0.898287,0.954835,1.449637,1.273744,3.028396,4.139313,1.344101,0.949246,1.477582,2.120331,1.620598,1.652160,2.072659,1.850738,1.639667,1.387170,-0.000229,1.916976,0.543908,2.034244,0.125737,0.000415,1.919231,0.008469,1.030699,1.342555,2.352221,1.803896,1.521035,1.089978,0.110918,0.089011
8.373044,11.732980,0.923602,1.037028,1.562077,1.358896,3.095794,4.139642,1.420705,0.960425,1.654133,2.147619,1.653475,1.687339,2.135454,1.991123,1.692599,1.579830,0.000093,1.911821,0.589977,2.045198,0.031343,0.000415,1.986241,0.007503,1.085467,1.594166,2.396358,1.807440,1.538432,1.024578,0.114462,0.102864
8.731413,12.307867,1.026179,1.131715,1.647886,1.503884,3.077712,4.153779,1.520652,1.066947,1.699174,2.240990,1.745860,1.805696,2.216003,2.106522,1.733367,1.843505,0.000415,1.979798,0.627993,2.029411,0.014268,-0.000229,2.008149,0.009114,1.196936,1.677285,2.412466,1.812272,1.524578,0.988495,0.129925,0.191137
9.151949,12.733488,1.151112,1.209305,1.766244,1.547282,3.055356,4.165286,1.609749,1.136317,1.811286,2.267620,1.798135,1.909588,2.305100,2.234743,1.950356,2.075946,-0.000229,1.998806,0.666975,1.995262,0.008147,-0.000551,2.015236,0.009436,1.368973,1.777800,2.418909,1.826447,1.515880,1.013624,0.096420,0.334500
9.498262,13.712015,1.165249,1.259607,1.838574,1.662681,3.048780,4.170546,1.652489,1.167551,1.835286,2.322854,1.820820,2.002959,2.377758,2.272223,2.062467,2.146961,-0.000551,2.040687,0.714977,2.034888,0.009436,0.000415,2.026190,0.008147,1.371550,1.875416,2.426641,1.848032,1.508470,1.019746,0.183727,0.421485
9.999093,14.332096,1.271114,1.424979,1.995726,1.811943,3.051739,4.180738,1.838245,1.234620,1.921095,2.423129,1.865204,2.102577,2.461266,2.355402,2.316607,2.197921,0.001059,2.151834,0.851575,2.019746,0.009114,-0.000229,2.062917,0.420196,1.485274,1.937594,2.442750,1.858986,1.509759,1.007825,0.208212,0.612851
10.551223,14.636733,1.328320,1.541693,2.098303,1.951342,3.084616,4.192245,1.999343,1.409198,1.953644,2.539185,1.974027,2.236716,2.626309,2.446472,2.482636,2.295566,-0.000229,2.169876,0.861240,2.119296,0.009436,-0.001196,2.323871,0.501704,1.560661,2.070649,2.457891,1.925030,1.523934,1.021034,0.225608,0.774256
10.790850,15.646466,1.415116,1.733038,2.163400,2.022357,3.117493,4.197834,2.057535,1.487446,2.048658,2.639460,2.012165,2.342580,2.704228,2.512883,2.577980,2.428389,0.179539,2.327737,1.019423,2.159888,0.010080,0.000093,2.447904,0.546485,1.627349,2.064205,2.478188,1.986241,1.581279,1.096743,0.263302,0.849964
11.361266,15.801362,1.477582,1.828710,2.325813,2.158797,3.148398,4.225122,2.158468,1.573913,2.049316,2.719023,2.044384,2.469814,2.756503,2.584227,2.688776,2.503678,0.253959,2.339335,1.109307,2.190494,0.010080,-0.000229,2.507827,0.596421,1.605442,2.135404,2.521358,2.037143,1.635403,1.101898,0.293263,0.900544
12.252962,15.734851,1.547940,1.908273,2.453705,2.225866,3.193111,4.248794,2.312333,1.633091,2.153865,2.740064,2.048987,2.532938,2.811408,2.659187,2.811736,2.585213,0.473998,2.373162,1.147645,2.209180,0.010724,0.000737,2.582569,0.643779,1.676963,2.189850,2.565817,2.065494,1.681151,1.234630,0.321614,0.997516
11.651049,15.381016,1.631119,1.955945,2.552336,2.305429,3.239467,4.267534,2.391896,1.714627,2.237373,2.772284,2.064111,2.656228,2.881765,2.757818,2.915628,2.568446,0.551640,2.389592,1.197259,2.229798,0.131858,0.000737,2.685340,0.726253,1.763303,2.248162,2.595778,2.086757,1.715300,1.265880,0.462078,1.036498
11.743907,15.689574,1.682736,1.982575,2.672009,2.344881,3.245056,4.275753,2.481321,1.712654,2.283730,2.812394,2.083837,2.734804,2.947190,2.775900,2.988944,2.600008,0.556150,2.379927,1.221421,2.241074,0.135724,0.000093,2.750095,0.713366,1.772646,2.384760,2.618652,2.081280,1.709823,1.254282,0.442103,1.049385
11.657232,15.028001,1.702462,2.063782,2.716064,2.444828,3.268070,4.286602,2.538528,1.976000,2.328443,2.852504,2.121974,2.808449,2.978094,2.859737,3.022807,2.721653,0.573547,2.459502,1.242040,2.265881,0.229152,0.001059,2.756861,0.852864,1.806473,2.477221,2.685662,2.089656,1.782311,1.322903,0.595132,1.074836
12.647377,15.327454,1.767888,2.093700,2.731845,2.615789,3.310153,4.299096,2.663461,2.033206,2.421156,2.902148,2.198907,2.866970,2.994862,2.907080,3.079027,2.870586,0.623160,2.489141,1.272645,2.303896,0.391846,0.001704,2.838369,0.804861,1.836112,2.528768,2.697582,2.090945,1.806795,1.397001,0.676640,1.087400
12.182111,15.269668,1.901369,2.138742,2.747297,2.692064,3.343030,4.305342,2.744996,2.086796,2.493157,2.964944,2.273209,2.927792,3.021163,2.972834,3.107959,2.959026,0.687271,2.550031,1.293586,2.391203,0.458212,0.001704,2.935663,0.869294,1.955313,2.576770,2.745585,2.152156,1.961757,1.461112,0.737851,1.193393
12.175072,14.563642,1.926355,2.140714,2.781161,2.784777,3.350263,4.309945,2.830805,2.198907,2.551678,2.984012,2.417869,3.019848,3.047465,2.987629,3.121767,3.024122,0.872838,2.551319,1.348676,2.459180,0.457245,0.001382,3.002351,0.937593,1.982375,2.571294,2.772647,2.199515,2.002994,1.458857,0.758792,1.125094
12.183532,13.773169,1.944767,2.147947,2.879134,2.806147,3.364729,4.309288,2.828175,2.288333,2.546747,2.971848,2.581268,3.089219,3.085274,3.030040,3.127685,3.031684,1.016524,2.641526,1.421163,2.594812,0.768457,0.002992,3.234955,0.994617,2.225288,2.579348,2.794554,2.294876,2.102543,1.728187,0.816137,1.406344
11.899512,12.739194,1.917807,2.127892,2.907737,2.846257,3.351578,4.315534,2.789051,2.306744,2.572391,2.986642,2.625323,3.117493,3.049438,3.059630,3.133274,3.131959,0.953702,2.653124,1.388947,2.626706,0.864784,0.003637,3.229800,0.934372,2.227543,2.558407,2.779413,2.255572,2.104476,1.757504,0.833856,1.398290
12.108355,13.440290,1.971068,2.135454,2.965601,2.939628,3.435415,4.344466,2.813051,2.390909,2.738092,3.021492,2.692064,3.138863,3.064890,3.075739,3.180617,3.211193,1.024578,2.638304,1.403444,2.593523,0.923096,0.004281,3.233022,0.887336,2.241396,2.577737,2.799065,2.256538,2.128961,1.901512,1.006537,1.401189
12.260227,13.637073,2.058850,2.262031,3.019191,3.013930,3.480456,4.351041,2.815682,2.487897,2.858751,3.090205,2.814366,3.180289,3.091192,3.076068,3.214809,3.262481,1.022645,2.790688,1.406988,2.630572,0.960467,0.004281,3.312919,0.998160,2.321938,2.633149,2.816139,2.348355,2.131216,2.127028,1.155377,1.418264
12.120780,13.937227,2.212715,2.488554,3.082972,3.131959,3.577115,4.363206,2.910368,2.587843,3.011300,3.222042,2.938642,3.267413,3.153001,3.168782,3.289440,3.369003,1.113818,2.901513,1.411821,2.645392,0.954024,0.004925,3.361566,1.015235,2.426319,2.665366,2.837080,2.356409,2.203059,2.252672,1.298096,1.526511
10.587898,12.473342,2.245264,2.555295,3.126699,3.167795,3.604732,4.366822,2.988944,2.641433,3.058315,3.255577,2.992889,3.258536,3.210207,3.195412,3.359797,3.421278,1.182761,2.988498,1.481730,2.638626,0.982052,0.004603,3.400548,0.987529,2.514593,2.693394,2.842557,2.384438,2.215301,2.315494,1.405055,1.579024
8.945683,10.547641,2.251510,2.562857,3.151357,3.189165,3.630376,4.370439,3.001437,2.588501,3.089877,3.272344,3.031355,3.273002,3.215796,3.217768,3.387414,3.460073,1.225609,2.974001,1.497194,2.682441,0.976253,0.153766,3.403125,1.194037,2.554541,2.695005,2.859632,2.390237,2.235919,2.435018,1.664720,1.670519
8.091866,9.083209,2.271894,2.643077,3.182919,3.269057,3.676733,4.382275,3.138206,2.576665,3.150042,3.286810,3.039903,3.267413,3.219412,3.248015,3.414373,3.507087,1.261369,3.060985,1.584179,2.698871,1.099320,0.551317,3.414079,1.143457,2.653124,2.685985,2.860920,2.441139,2.254605,2.503961,1.865751,1.725287
7.848668,8.790971,2.352443,2.679242,3.234536,3.311139,3.687911,4.387206,3.151685,2.706530,3.187521,3.341715,3.077383,3.272673,3.261166,3.313112,3.449223,3.517936,1.246228,3.152480,1.618651,2.709503,1.132503,0.733663,3.409568,1.193393,2.746229,2.689528,2.903768,2.488819,2.303896,2.554863,1.921164,1.846422
7.966607,8.170486,2.495787,2.763407,3.254591,3.345332,3.683637,4.392138,3.144124,2.772941,3.212179,3.383469,3.103027,3.296345,3.284838,3.353222,3.491963,3.537334,1.297452,3.272970,1.686305,2.739786,1.201125,0.838044,3.435019,1.377027,2.815817,2.797454,2.993330,2.499129,2.437273,2.664722,2.100932,2.036499
8.754979,8.578782,2.664447,2.868285,3.279577,3.420949,3.705007,4.392467,3.178973,2.843956,3.292399,3.427853,3.143137,3.342373,3.360126,3.374263,3.537662,3.601115,1.345455,3.422777,1.915043,2.802931,1.303251,1.027155,3.483666,1.470455,2.974967,2.864142,3.062596,2.623484,2.543587,2.796809,2.229476,2.311306
9.140811,8.734854,2.827846,2.976779,3.395305,3.509059,3.740843,4.390165,3.230590,3.063575,3.375250,3.492950,3.213494,3.399579,3.431470,3.413058,3.578101,3.635636,1.511370,3.476257,2.026834,2.855766,1.509437,1.357697,3.543911,1.660532,3.072261,2.921165,3.095135,2.684052,2.553575,2.936951,2.405378,2.505250
7.853852,9.310112,2.925162,3.112233,3.424894,3.562978,3.767473,4.387535,3.312783,3.179960,3.443634,3.533060,3.259851,3.457442,3.476511,3.438702,3.630047,3.673774,1.661821,3.569685,2.064527,2.915689,1.604798,1.496228,3.586759,1.656022,3.131862,2.949194,3.131862,2.773291,2.566139,3.022970,2.521036,2.596100
8.969038,2.167935,3.090205,3.169768,3.451853,3.585005,3.744459,4.375370,3.340400,3.240782,3.455141,3.565608,3.272673,3.501169,3.557718,3.465004,3.649773,3.697774,1.868973,3.638306,2.139914,3.013627,1.649901,1.795842,3.685987,2.095455,3.179864,3.026513,3.241720,2.914078,2.713369,3.116076,2.774580,2.675031
2.654304,1.774147,3.154316,3.181275,3.413387,3.585663,3.736240,4.374384,3.432456,3.265111,3.466648,3.562978,3.283194,3.495580,3.552128,3.473223,3.664897,3.694486,1.837723,3.636051,2.169876,3.020392,1.754604,1.890880,3.695974,2.046486,3.185019,3.018137,3.276836,2.932441,2.708536,3.127029,2.807441,2.665044
-0.561681,-4.501765,3.116178,3.147411,3.353222,3.527142,3.659308,4.362877,3.384126,3.225001,3.468949,3.584348,3.292728,3.473223,3.545553,3.459744,3.674431,3.709281,1.774901,3.607378,2.234953,3.019104,1.821937,2.111886,3.662791,1.686950,3.197906,2.997841,3.267171,2.920521,2.685340,3.163756,2.877995,2.606088
-3.414498,-7.458942,2.985656,3.076397,3.323633,3.485388,3.703034,4.375370,3.309167,3.129000,3.435415,3.594540,3.275303,3.358811,3.451853,3.400894,3.681993,3.720788,1.515880,3.531669,2.248484,2.995908,1.916331,2.364141,3.524582,1.655700,3.099323,2.957248,3.183730,2.887982,2.589979,3.092880,2.854477,2.568716
-4.027418,-8.693488,2.998478,3.122754,3.313441,3.502484,3.798378,4.390823,3.327249,3.161220,3.411086,3.626759,3.224344,3.310153,3.434100,3.405825,3.703363,3.755638,1.287465,3.400548,2.199193,2.940173,1.951125,2.407634,3.397648,1.949837,3.120586,2.968846,3.152802,2.819039,2.480443,3.070328,2.779090,2.507183
-4.866177,-9.586375,2.951793,3.078370,3.269057,3.501169,3.811200,4.394110,3.264454,3.105658,3.392675,3.616896,3.214152,3.269385,3.417661,3.403195,3.701062,3.765172,1.242684,3.313563,2.156989,2.898614,1.962401,2.392492,3.343202,2.144747,3.127029,2.949194,3.126063,2.773614,2.432440,3.062274,2.742363,2.489786
-5.074717,-9.902954,2.855463,3.006697,3.224673,3.484730,3.784569,4.392467,3.197056,3.027410,3.366702,3.595197,3.186206,3.238810,3.388729,3.373277,3.679034,3.750706,1.163431,3.186630,2.112208,2.847712,1.956602,2.380250,3.299710,2.285533,3.120586,2.943717,3.075160,2.711436,2.460147,3.068717,2.675353,2.397969
-5.308477,-9.805156,2.717050,2.889655,3.160562,3.373277,3.773062,4.391151,3.138863,2.864668,3.312454,3.570211,3.110918,3.178973,3.358154,3.345989,3.656020,3.746432,1.116073,3.109954,2.057118,2.813562,1.945004,2.378639,3.233022,2.286499,3.081282,2.937596,3.054542,2.689528,2.430830,3.053253,2.572582,2.304863
-5.688954,-10.874087,2.635844,2.817325,3.158261,3.290098,3.738541,4.378658,3.166480,2.710146,3.273988,3.495909,3.058643,3.136891,3.319359,3.337770,3.629718,3.723089,0.989140,3.049065,1.986563,2.792621,1.877672,2.332891,3.192107,2.361886,3.051965,2.949516,3.053253,2.663755,2.432762,3.004284,2.497518,2.188883
-6.633840,-10.495946,2.456006,2.704228,3.102699,3.224344,3.713555,4.373727,3.113548,2.466855,3.205604,3.445607,3.018862,3.133274,3.258207,3.316071,3.602759,3.715528,0.919230,2.973678,1.935339,2.761371,1.840623,2.343201,3.119619,2.401190,3.005573,2.928253,3.037145,2.636693,2.415043,2.960470,2.448871,2.101254
-7.575955,-10.894740,2.216989,2.553651,3.055027,3.153001,3.693500,4.373398,3.020177,2.276497,3.165494,3.389387,2.934697,3.004396,3.166151,3.309167,3.566266,3.703363,0.843199,2.864142,1.747195,2.714335,1.782311,2.333213,3.018459,2.251706,2.964980,2.930830,2.908923,2.584825,2.368329,2.924709,2.355121,1.935339
-7.812955,-11.447524,2.151893,2.496774,3.008670,3.112233,3.666869,4.373069,2.977766,2.187729,3.116507,3.352236,2.871244,2.896230,3.118151,3.282208,3.547854,3.695801,0.813238,2.800675,1.754927,2.654090,1.764592,2.367363,2.917622,2.168587,2.951771,2.906024,2.899580,2.554219,2.315172,2.922776,2.259760,1.830958
-8.084832,-11.458206,2.011178,2.447129,2.937984,3.049438,3.683637,4.376357,2.878148,2.040110,3.097767,3.330537,2.812394,2.855792,3.089219,3.252289,3.526813,3.692514,0.676317,2.714657,1.696615,2.605121,1.680506,2.367363,2.911178,1.981409,2.882505,2.917944,2.868330,2.555185,2.207569,2.915366,2.206925,1.705313
-7.960499,-11.656183,1.956931,2.363621,2.886039,3.021492,3.685938,4.374384,2.817325,1.923068,3.045164,3.293715,2.781818,2.771955,3.063575,3.214481,3.501169,3.669828,0.644101,2.652157,1.654089,2.593201,1.659888,2.427608,2.802608,1.923419,2.842557,2.915689,2.849322,2.534889,2.140236,2.892170,2.159244,1.573870
-7.663490,-11.870957,1.915506,2.288661,2.819298,2.916943,3.694157,4.374055,2.780174,1.877040,2.967574,3.228289,2.697324,2.676611,3.023136,3.175357,3.478813,3.672787,0.583856,2.589335,1.637014,2.605443,1.640880,2.491719,2.746874,1.855764,2.774580,2.902480,2.843846,2.502028,2.124128,2.875740,2.119618,1.461756
-7.512885,-11.815567,1.860930,2.194962,2.807133,2.884066,3.666212,4.369124,2.729215,1.650845,2.870915,3.151685,2.579295,2.586857,3.011958,3.138863,3.462045,3.639253,0.529732,2.516203,1.632826,2.598678,1.614463,2.475933,2.677286,1.782955,2.713691,2.920199,2.845779,2.464335,2.068393,2.844168,2.061306,1.363818
-7.906353,-11.413893,1.811943,2.161098,2.816339,2.829161,3.670157,4.366165,2.642419,1.599557,2.787736,3.172069,2.516829,2.481979,2.960341,3.114863,3.443305,3.654376,0.516201,2.461757,1.615107,2.615430,1.582246,2.539721,2.645392,1.723354,2.711113,2.904735,2.860598,2.460147,2.056151,2.839657,2.026834,1.268457
-8.199705,-11.589871,1.640653,2.148934,2.764393,2.749927,3.683308,4.363535,2.540171,1.441089,2.670365,3.136891,2.418855,2.358361,2.940615,3.105000,3.422264,3.619198,0.477864,2.474966,1.633148,2.633472,1.565171,2.648291,2.570971,1.753960,2.667299,2.865109,2.836114,2.474322,2.079991,2.824838,1.982697,1.208856
-8.456397,-11.324023,1.588378,2.145317,2.696009,2.688447,3.707308,4.356302,2.470801,1.319443,2.579953,3.095794,2.310032,2.273209,2.909381,3.083301,3.403195,3.588622,0.461111,2.457891,1.637336,2.645070,1.589334,2.658600,2.537144,1.711434,2.645714,2.814206,2.816462,2.486886,2.112208,2.796809,1.971100,1.125738
-8.937148,-11.374898,1.519665,2.141043,2.619405,2.644063,3.723418,4.353672,2.406690,1.258621,2.547733,3.055027,2.256442,2.194633,2.893929,3.055027,3.388072,3.566923,0.403766,2.429541,1.658277,2.620585,1.606086,2.745907,2.502028,1.648934,2.601255,2.753961,2.804541,2.488819,2.078058,2.784567,1.938561,1.016846
-9.158903,-11.125698,1.494350,2.098960,2.560226,2.575679,3.746761,4.352356,2.390252,1.224428,2.504007,3.008670,2.161427,2.068713,2.873216,3.029383,3.383140,3.585334,0.361240,2.467879,1.655700,2.710147,1.585468,2.834181,2.470456,1.658277,2.493007,2.667943,2.803897,2.519747,2.095133,2.782312,1.917298,0.934372
-9.492015,-10.619203,1.405910,1.943780,2.421156,2.463896,3.746761,4.346439,2.310689,1.180044,2.413923,2.971190,2.074631,1.991781,2.829819,3.004725,3.364400,3.555745,0.330956,2.406345,1.656022,2.817106,1.560017,2.863820,2.454992,1.478187,2.460469,2.603188,2.803253,2.539399,2.185984,2.774258,1.905056,0.873805
-10.064998,-10.058273,1.355608,1.892492,2.342909,2.431677,3.739528,4.343151,2.225537,1.164592,2.396170,2.947190,1.980932,1.888547,2.771297,2.957053,3.353551,3.517279,0.301639,2.418265,1.649579,2.892815,1.555184,2.908279,2.426641,1.452091,2.412144,2.540366,2.776191,2.552930,2.249773,2.774580,1.902156,0.747194
-10.159405,-9.752875,1.303005,1.835615,2.265319,2.399457,3.724076,4.337891,2.076604,1.117906,2.320881,2.898532,1.910246,1.752435,2.744996,2.923847,3.335468,3.477497,0.237529,2.355443,1.649256,2.901835,1.566460,2.879284,2.389270,1.388625,2.282633,2.451448,2.763949,2.521036,2.259438,2.764271,1.868651,0.531665
-10.347659,-9.701470,1.257305,1.703777,2.114741,2.348827,3.713226,4.326384,1.907616,1.085358,2.224551,2.864011,1.827724,1.653146,2.704228,2.892285,3.321989,3.432785,0.137980,2.403123,1.618006,2.905379,1.553895,2.905701,2.353188,1.408599,2.250739,2.281989,2.718845,2.515881,2.273935,2.761049,1.860275,0.303572
-10.567483,-10.209354,1.159989,1.623557,2.029261,2.205811,3.699089,4.320137,1.835286,1.048535,2.208441,2.802859,1.749805,1.485802,2.596391,2.814038,3.275632,3.355195,0.001059,2.380250,1.611241,2.886049,1.521035,2.885727,2.296487,1.314849,2.210791,2.274257,2.659889,2.488497,2.245262,2.726900,1.792620,0.183727
-10.947338,-10.159009,1.104098,1.508158,1.985534,2.146303,3.671472,4.309945,1.712325,1.005138,2.141043,2.761106,1.685366,1.385526,2.528664,2.743023,3.255906,3.281879,0.000093,2.462402,1.589978,2.875418,1.489785,2.869619,2.287788,1.026189,2.081602,2.274257,2.634760,2.478188,2.224644,2.720456,1.658599,0.007181
-11.654668,-10.069461,0.945630,1.332265,1.939178,2.085481,3.656678,4.293835,1.599557,0.964041,2.061152,2.723297,1.591666,1.331279,2.436608,2.675954,3.194426,3.250317,0.000093,2.461435,1.592233,2.884438,1.498161,2.954993,2.318072,1.139913,1.964012,2.375095,2.715946,2.581603,2.204025,2.740431,1.661499,0.007503
-12.600083,-10.423599,0.815107,1.245470,1.830025,2.044384,3.645171,4.288904,1.477582,0.880204,2.034521,2.683516,1.524268,1.193524,2.381375,2.603624,3.168124,3.187521,-0.000229,2.426641,1.710468,2.917944,1.511370,2.997196,2.292621,1.199514,1.927285,2.369940,2.713369,2.605765,2.175352,2.778124,1.820970,0.209500
-14.336106,-11.624446,0.591542,1.150126,1.791559,1.929643,3.636623,4.272794,1.363827,0.745736,1.971068,2.607569,1.461144,1.040974,2.306744,2.547733,3.137220,3.146425,0.000737,2.387982,1.784566,2.885405,1.561305,2.987531,2.152801,1.060983,1.884115,2.379927,2.689528,2.578703,2.106087,2.755894,1.798741,0.062915
-14.827438,-11.593734,0.470554,1.029795,1.808327,1.935561,3.639581,4.272465,1.327005,0.702339,1.954301,2.563185,1.437801,1.013686,2.268278,2.532281,3.112233,3.091520,-0.000229,2.310017,1.790687,2.867042,1.592877,2.951127,2.162788,0.868650,1.850610,2.463046,2.657956,2.545198,1.983664,2.763626,1.894102,0.008147
-15.572730,-12.532246,0.382115,0.963712,1.692928,1.858957,3.636623,4.263588,1.306621,0.606666,1.905643,2.459294,1.349033,0.813135,2.246579,2.502691,3.070150,3.050095,-0.000229,2.243007,1.710790,2.859310,1.600932,3.001062,2.143458,0.824836,1.728509,2.326126,2.680508,2.557118,1.949837,2.774258,1.903445,0.007181
-15.548249,-11.754791,0.294332,0.884149,1.674517,1.735339,3.609992,4.257013,1.020261,0.480417,1.851396,2.378416,1.281635,0.792093,2.196605,2.416553,3.029383,2.972834,0.000093,2.362208,1.727220,2.912145,1.695648,3.116398,2.261370,0.832890,1.584501,2.181473,2.733665,2.649902,2.046808,2.787467,1.986886,0.007181
-11.228258,-9.939527,0.245017,0.758559,1.545967,1.590351,3.580074,4.241890,0.677023,0.072082,1.829368,2.327128,1.239552,0.774668,2.163400,2.388608,2.967245,2.804503,-0.000551,2.355765,1.710468,2.982377,1.682439,3.119942,2.188561,0.968199,1.442104,2.067749,2.730121,2.714013,2.089979,2.787145,1.978831,0.007825
-4.853836,0.623899,0.299593,0.827272,1.528871,1.600543,3.560348,4.234328,0.486993,0.134878,1.774134,2.337648,1.198455,0.761189,2.141372,2.370525,2.878477,2.556281,-0.000229,2.351255,1.525867,3.019104,1.314527,3.091591,2.287466,0.994617,1.407310,2.073226,2.710791,2.687273,2.091912,2.765559,2.050674,0.008469
2.203531,1.024334,0.250934,0.706941,1.301032,1.447335,3.443634,4.210985,0.488308,0.252250,1.518350,2.239675,1.205031,0.801628,2.024001,2.220277,2.481321,2.231126,0.000737,2.089012,1.399578,2.925998,1.014269,2.791333,2.232376,0.677928,1.483019,2.000417,2.546165,2.485598,2.049064,2.611564,1.899901,0.007181
4.191486,4.705115,0.351539,0.723380,1.244483,1.249744,3.305879,4.150162,0.666831,0.563597,1.325690,2.287675,1.167880,0.904533,2.096001,2.036823,1.934246,1.935232,-0.000551,1.709179,0.800029,2.544232,0.570969,1.154733,1.959824,0.008147,1.234308,1.839978,2.350288,1.891525,1.739785,2.129605,0.844810,0.003959
5.578595,2.947781,0.461349,0.748367,1.321416,1.104755,3.244399,4.143916,1.062344,0.702339,1.202729,2.219291,1.270785,1.090289,2.096330,2.018083,1.869149,1.897424,-0.000229,1.712401,0.834501,2.374773,0.597709,0.872516,1.871550,0.006858,1.355442,1.415687,2.356087,1.795842,1.663109,1.838045,0.668586,0.002026
6.904646,5.479516,0.538281,0.863437,1.401965,1.337526,3.260509,4.151149,1.241853,0.740147,1.455555,2.326141,1.297416,1.177743,2.136112,2.058850,1.855012,1.831341,-0.000874,1.670519,0.639913,2.352865,0.390879,0.437593,1.937272,0.008791,1.291009,1.733019,2.362853,1.751705,1.518135,1.630893,0.597387,0.002348
7.863805,7.869977,0.745079,0.976206,1.543994,1.503227,3.274975,4.170217,1.436486,0.966014,1.599557,2.359347,1.348704,1.460486,2.197263,2.172934,1.907616,1.912876,0.001059,1.743006,0.624449,2.393136,0.225608,0.799707,1.923097,0.008469,1.484952,1.853187,2.427286,1.849321,1.611563,1.693715,0.584823,0.002026
8.496458,7.972517,0.964041,1.090618,1.696216,1.589365,3.291084,4.187314,1.570296,1.100153,1.797477,2.397813,1.493363,1.561748,2.299511,2.215674,1.946739,1.990137,0.000737,1.787787,0.692426,2.446293,0.094809,0.914720,2.110919,0.009758,1.618006,1.951770,2.441783,1.902800,1.641847,1.681795,0.605763,0.002670
8.732970,8.688672,1.041302,1.242182,1.780381,1.685037,3.315085,4.198492,1.625858,1.135989,1.848765,2.489869,1.642297,1.657420,2.378416,2.214688,2.054248,2.064111,-0.000229,1.926963,0.815171,2.484309,0.190170,1.004926,2.120906,0.009436,1.682117,1.997517,2.448549,1.949837,1.580635,1.682762,0.704990,0.002670
9.118124,8.844126,1.155386,1.298731,1.976000,1.800436,3.353222,4.214602,1.827395,1.196154,1.883944,2.585542,1.720545,1.739285,2.440225,2.297209,2.184112,2.112769,-0.000551,2.004605,0.851897,2.454025,0.175673,1.016524,2.159244,0.009114,1.707246,2.065172,2.452415,2.008149,1.601576,1.658599,0.737207,0.246549
8.852304,8.325265,1.173140,1.371718,1.978630,1.852053,3.373935,4.225122,1.877369,1.326676,1.877369,2.652282,1.777422,1.863889,2.537541,2.370197,2.340607,2.279785,0.196614,2.151190,1.177284,2.542943,0.520390,1.097065,2.288110,0.342877,1.889914,2.079669,2.478188,2.062917,1.698548,1.800352,0.764913,0.374449
9.201492,7.756884,1.243497,1.567337,2.093043,2.007233,3.469607,4.243533,1.925369,1.413801,1.853697,2.710475,1.796162,1.947397,2.636501,2.400115,2.441211,2.274196,0.322580,2.192105,1.204346,2.557118,0.519745,1.081923,2.350610,0.415364,1.913110,2.197582,2.504605,2.062594,1.723999,1.851898,0.788431,0.350286
8.951707,7.987628,1.294128,1.668599,2.133810,2.102248,3.501498,4.263588,2.010192,1.445034,1.935890,2.773270,1.877369,1.982247,2.743352,2.446143,2.525377,2.433321,0.395712,2.165687,1.198869,2.572582,0.616073,1.047774,2.414077,0.417619,1.972388,2.269747,2.514915,2.059373,1.690494,1.891203,0.792619,0.068070
8.976918,8.222398,1.398348,1.815888,2.244606,2.215017,3.549169,4.282657,2.244606,1.620927,2.061809,2.826202,1.954630,2.155509,2.811736,2.579953,2.596391,2.498417,0.491395,2.247195,1.236563,2.626384,0.688560,1.137336,2.543910,0.400544,2.136692,2.308407,2.556152,2.096100,1.778445,2.009437,0.847709,0.343843
8.837879,7.848874,1.440760,1.873752,2.437595,2.309703,3.577115,4.300082,2.409978,1.667941,2.153536,2.852504,2.024987,2.284387,2.848230,2.684173,2.687132,2.585871,0.562271,2.333213,1.258148,2.686951,0.756537,1.136369,2.593201,0.427928,2.255572,2.426319,2.590624,2.123806,1.798741,2.074837,0.922129,0.416330
9.125816,7.731376,1.544981,1.939835,2.583240,2.375786,3.615910,4.318164,2.541815,1.865533,2.274196,2.903792,2.111454,2.366580,2.883408,2.761434,2.840997,2.675954,0.621872,2.357054,1.274900,2.700482,0.849642,1.227542,2.674387,0.419230,2.300353,2.447260,2.656345,2.166010,1.875416,2.142169,0.974320,0.416330
9.100447,8.148563,1.622571,2.001973,2.572720,2.509596,3.617554,4.331973,2.680557,1.945753,2.303785,2.922861,2.178194,2.442526,2.936998,2.789051,2.904450,2.760777,0.717555,2.449837,1.309372,2.696294,0.878315,1.197903,2.711758,0.407632,2.401190,2.488497,2.701771,2.216267,1.872517,2.189205,1.048096,0.457890
9.206569,8.766221,1.695558,2.065097,2.562199,2.582583,3.660952,4.355315,2.779188,1.990137,2.416882,2.993547,2.307730,2.541815,2.971848,2.837380,2.974807,2.867627,0.839977,2.586435,1.347388,2.685985,1.041653,1.344488,2.843201,0.489784,2.489786,2.495263,2.717557,2.238819,1.897324,2.176319,1.087078,0.570325
8.801879,7.750437,1.709366,2.046686,2.631899,2.640447,3.672130,4.357946,2.782804,1.957589,2.503678,3.013602,2.370197,2.595405,2.988944,2.855134,2.961656,2.921546,0.864140,2.500417,1.369617,2.705959,1.059050,1.255893,2.803253,0.454024,2.522969,2.494296,2.720456,2.220133,1.845133,2.143136,1.006859,0.499127
8.995763,7.163049,1.726791,2.046686,2.678584,2.679899,3.668842,4.370439,2.797270,1.820491,2.598035,3.037931,2.499404,2.622035,3.003739,2.882093,3.003081,2.975793,0.936949,2.544232,1.456602,2.737853,1.115106,1.263302,2.897003,0.663753,2.591268,2.510082,2.761693,2.282311,1.897001,2.173097,1.025222,0.522967
8.432238,5.840654,1.864875,2.087453,2.723626,2.772284,3.709281,4.384247,2.845271,2.159783,2.680228,3.107630,2.587514,2.704228,3.048123,2.918916,3.050424,3.085931,0.964333,2.599322,1.602220,2.758794,1.207568,1.477220,2.999129,0.593521,2.710469,2.556152,2.792621,2.405056,1.915043,2.341590,1.227864,0.579024
7.842051,5.290970,1.921095,2.171948,2.808777,2.881765,3.749720,4.406604,2.875189,2.384005,2.888997,3.206261,2.651625,2.816339,3.079356,2.965601,3.104014,3.178316,1.042619,2.667943,1.700158,2.804219,1.372194,1.687916,3.060341,0.686627,2.805508,2.570005,2.827415,2.455958,2.004605,2.380572,1.579024,0.618972
7.460350,5.139086,1.995726,2.184441,2.838038,2.922532,3.769775,4.411206,2.855134,2.451074,2.936340,3.225659,2.719023,2.911683,3.108616,3.013930,3.122096,3.211851,1.111885,2.815173,1.675996,2.796809,1.416975,1.773290,3.141204,0.686305,2.823549,2.655379,2.841913,2.483020,2.063239,2.421487,1.742684,0.689848
7.426835,5.295267,2.070029,2.288661,2.899847,2.945875,3.766158,4.415809,2.859079,2.517815,2.968889,3.257550,2.754859,2.966587,3.120781,3.040561,3.158918,3.253604,1.174707,2.949194,1.716911,2.802931,1.502671,1.795519,3.172777,0.703379,2.912145,2.681796,2.848356,2.495263,2.054862,2.412466,1.815816,0.861240
7.750955,5.776790,2.147947,2.289648,2.903792,2.977766,3.759912,4.414823,2.874532,2.611186,3.023136,3.269057,2.805818,2.977766,3.121767,3.083630,3.174699,3.299632,1.178573,3.042300,1.747517,2.808407,1.532955,1.881215,3.204027,0.643457,2.970779,2.647325,2.854477,2.492363,2.050674,2.494296,1.926963,0.969488
7.841643,6.389278,2.201537,2.373484,2.897546,2.996177,3.796076,4.424686,2.911683,2.683516,3.038588,3.312454,2.869929,3.023136,3.128672,3.100068,3.204618,3.277276,1.245583,3.139916,1.757182,2.845779,1.525545,1.937916,3.214980,0.662142,2.958214,2.618008,2.886694,2.514270,2.114785,2.583536,1.983664,1.016524
8.449242,7.002027,2.472116,2.497431,2.935354,3.025109,3.820734,4.434878,2.991574,2.859737,3.135904,3.390373,2.948834,3.099082,3.176343,3.143795,3.265111,3.314756,1.273290,3.226256,1.897646,2.866397,1.520068,2.030700,3.322584,0.734307,2.973034,2.728510,2.954348,2.562917,2.201770,2.673420,2.125095,1.105119
8.528430,8.166353,2.591460,2.606912,2.993547,3.102041,3.859858,4.446056,3.044177,2.991903,3.161877,3.387085,3.024122,3.150370,3.217111,3.167138,3.284838,3.359797,1.297774,3.302287,1.957891,2.907634,1.653445,2.256860,3.364787,0.779732,3.064529,2.736565,3.064851,2.650546,2.270069,2.823227,2.312595,1.426640
8.768416,8.379547,2.639460,2.666748,3.008670,3.119466,3.863474,4.446385,3.047136,3.024780,3.157932,3.372291,3.038917,3.172398,3.221714,3.174699,3.290427,3.352236,1.270712,3.290367,1.975932,2.892493,1.706280,2.209502,3.427932,0.735918,3.044555,2.698227,3.075483,2.657312,2.287466,2.836114,2.342556,1.369617
8.784852,8.515485,2.727571,2.723626,2.985327,3.171740,3.853611,4.453947,3.093822,3.086918,3.130973,3.404182,3.079027,3.195412,3.241769,3.182590,3.284509,3.360126,1.312916,3.297777,2.018458,2.902480,1.699514,2.198870,3.470136,0.837078,3.065818,2.724000,3.092557,2.655057,2.273291,2.817428,2.341268,1.310339
8.355898,7.628532,2.780503,2.774256,3.026095,3.193111,3.859529,4.455262,3.120123,3.122425,3.155959,3.420291,3.100397,3.207248,3.270701,3.193111,3.309167,3.351249,1.279089,3.269749,1.984308,2.883794,1.630249,2.176641,3.432442,0.678573,3.080959,2.673098,3.079671,2.641848,2.263303,2.791977,2.338690,1.255893
7.938219,6.567600,2.781161,2.807462,3.009985,3.228947,3.864461,4.458878,3.162535,3.138863,3.132946,3.418647,3.135576,3.268728,3.292728,3.194754,3.310811,3.313441,1.252671,3.315818,1.912143,2.948872,1.607375,2.217878,3.475935,0.744939,3.051320,2.706603,3.111565,2.652479,2.257505,2.853511,2.423098,1.309372
7.498563,6.762411,2.881436,2.894587,3.051410,3.390373,3.884516,4.482221,3.278591,3.203303,3.175686,3.471251,3.188508,3.328564,3.364071,3.249659,3.362756,3.325277,1.406022,3.380896,1.976898,3.038111,1.581279,2.369296,3.536824,1.036176,3.190496,2.781346,3.145070,2.772969,2.298742,2.930830,2.570649,1.595133
7.098277,7.118717,3.140178,2.980067,3.125384,3.534375,3.912790,4.498659,3.400894,3.304235,3.270372,3.551142,3.263796,3.400894,3.420291,3.357167,3.419305,3.400565,1.487529,3.451128,2.088046,3.091913,1.704024,2.440817,3.614144,1.175996,3.240109,2.872196,3.190496,2.839335,2.374451,2.999452,2.751384,1.788110
7.662854,8.137387,3.231906,3.039575,3.154644,3.572183,3.888132,4.501618,3.443305,3.361113,3.280235,3.583690,3.305879,3.446922,3.441333,3.381496,3.439689,3.435415,1.640236,3.478512,2.083213,3.161823,1.696937,2.452737,3.661824,1.136369,3.272004,2.917299,3.219169,2.918588,2.418587,3.011050,2.836436,1.848355
7.333965,8.718551,3.303906,3.159247,3.241111,3.604403,3.911475,4.503920,3.449552,3.421606,3.309167,3.616239,3.330866,3.470264,3.524840,3.463360,3.496566,3.498210,1.894746,3.504285,2.136692,3.277803,1.792942,2.496551,3.711760,1.365751,3.325483,2.967557,3.268138,2.978833,2.442427,3.097068,2.932119,2.166976
6.723864,9.376396,3.317057,3.245385,3.229604,3.614924,3.906215,4.508851,3.519909,3.462703,3.313770,3.635307,3.357167,3.484402,3.565937,3.505443,3.491635,3.511690,1.930829,3.533602,2.170198,3.320651,1.773290,2.483020,3.730445,1.386692,3.424388,2.988498,3.301965,3.053898,2.532312,3.112854,3.035534,2.341268
6.358232,7.806772,3.340729,3.293715,3.249988,3.644513,3.899968,4.509838,3.528786,3.484730,3.318044,3.656349,3.375907,3.497552,3.657993,3.573827,3.524183,3.550813,2.029734,3.566141,2.209180,3.372842,1.919553,2.463368,3.767817,1.398290,3.449195,3.081282,3.326772,3.106088,2.629928,3.185985,3.109310,2.459824
7.323610,5.255620,3.495251,3.394976,3.345660,3.700404,3.941722,4.525290,3.570211,3.592567,3.399250,3.678048,3.446264,3.559361,3.719473,3.644184,3.603417,3.693500,2.138303,3.600290,2.236242,3.482700,2.039721,2.554219,3.830961,1.615107,3.477868,3.186630,3.373486,3.175998,2.770714,3.241398,3.202416,2.600611
