16.971875,3.519610,-1.665484,1.615009,2.347511,3.110918,3.496895,4.133724,3.026424,2.497102,3.169110,2.450417,2.072988,2.400444,3.106973,2.930751,3.487689,3.008670,0.241072,1.332568,-0.000229,0.348353,0.303572,0.015557,0.436304,0.109307,1.770391,3.398615,3.216913,1.697581,1.174063,2.966591,1.463045,1.927929
21.819784,5.624291,-1.694745,1.471007,2.348169,3.347304,3.377222,4.100847,3.237823,2.514198,3.188179,2.283401,1.666626,2.275182,3.053712,2.865326,3.243741,2.857435,0.080312,1.220132,0.000093,0.244616,0.181794,0.000415,0.382503,0.068070,0.919874,3.140560,2.977544,1.411821,0.831601,2.728833,0.012335,1.756860
24.953912,4.704443,-1.875899,0.864752,2.049645,3.345332,3.099740,4.049230,3.372620,2.421814,3.231248,2.396170,1.196154,2.154523,2.938642,2.674639,3.069822,2.708831,0.000415,1.044230,-0.000229,0.218199,0.173418,-0.000229,0.322902,0.036498,0.000415,2.656345,2.921488,1.076769,0.711111,2.656990,0.011047,1.458212
29.313891,1.443518,-2.046204,0.385402,2.029918,3.354208,3.092835,4.041668,3.334482,2.346196,3.249988,2.486253,0.896972,2.133810,2.905765,2.649323,3.043849,2.685817,0.000415,0.739462,-0.000229,0.091910,0.227541,0.000093,0.207567,0.000737,0.000093,2.053574,2.671487,0.366395,0.411176,2.534567,0.011691,1.029733
29.820006,2.748258,-2.048506,0.556693,2.127235,3.358482,3.101712,4.046928,3.313441,2.313648,3.274975,2.498417,0.722722,2.122303,2.905765,2.635844,3.046808,2.674968,0.000093,0.427606,-0.000551,0.002026,0.346098,-0.000229,0.126382,0.000093,-0.000551,1.534566,2.455958,0.009436,0.190170,2.485920,0.010724,0.714655
31.050155,-3.938683,-2.003792,0.681297,2.341922,3.390702,3.134918,4.052518,3.349934,2.402087,3.295358,2.588172,0.688530,2.166687,2.965930,2.673981,3.062260,2.696338,0.000093,0.367683,-0.000551,0.053250,0.468199,-0.000229,0.113817,0.000415,-0.000551,1.197581,2.356409,0.009114,0.210467,2.579992,0.012013,0.827413
32.060275,-4.627694,-1.792391,1.009083,2.369210,3.379524,3.140507,4.055477,3.388729,2.476390,3.300619,2.631570,0.973575,2.222907,2.984670,2.678584,3.070150,2.698639,0.000093,0.299384,-0.000229,0.124126,0.600609,0.120905,0.122516,0.000093,-0.000874,1.027155,2.227865,0.008469,0.329346,2.676964,0.652799,0.961111
33.245866,-6.543894,-1.774637,1.047220,2.340607,3.376565,3.135247,4.052518,3.375907,2.492500,3.307852,2.659844,1.001521,2.268278,2.989930,2.669707,3.069822,2.691735,-0.001196,0.375093,0.000093,0.135080,0.727220,0.203057,0.179861,-0.000551,-0.001196,1.106086,2.219811,0.009436,0.360918,2.702093,0.927284,1.237851
33.701887,-7.181103,-1.777267,0.939383,2.289977,3.368674,3.122754,4.039696,3.359797,2.465869,3.291084,2.637159,0.970288,2.167345,2.969546,2.652282,3.058643,2.685817,-0.000229,0.383147,0.000093,0.136691,0.796485,0.248160,0.227541,0.038108,-0.000874,1.573225,2.286499,0.202090,0.515557,2.745585,1.295519,1.418908
32.932582,-4.979519,-1.784171,0.850944,2.186085,3.358154,3.090534,4.016353,3.357825,2.416553,3.269714,2.629268,0.985411,2.150249,2.935354,2.624337,3.044835,2.668392,0.000415,0.298740,-0.000229,0.148933,0.795519,0.267490,0.206279,-0.000229,-0.000551,1.305184,1.952092,0.122194,0.531987,2.655701,1.279733,1.410854
32.364217,-4.928156,-1.770692,0.825299,2.034521,3.318372,3.067520,4.002216,3.360784,2.405046,3.218426,2.674310,0.978507,2.159454,2.900504,2.593432,3.031355,2.651625,-0.000229,0.302606,0.000093,0.148933,0.745905,0.243972,0.223031,0.000093,-0.000229,1.256537,1.887337,0.008469,0.529410,2.520391,1.281344,1.288753
29.933426,-3.075201,-1.702307,0.928534,2.048330,3.299632,3.054040,3.982818,3.369989,2.413923,3.188837,2.548062,1.530515,2.287346,2.957711,2.622693,3.038259,2.668063,-0.000229,0.435982,0.000415,0.240428,0.785854,0.213688,0.289075,0.000415,0.000093,1.836112,2.115107,0.530699,0.994294,2.526513,1.427929,1.441460
30.415823,-3.820576,-1.696717,0.981795,2.002302,3.290098,3.033657,3.962106,3.377222,2.422143,3.180289,2.556281,1.848765,2.318580,2.955738,2.617104,3.036287,2.676611,0.000415,0.599320,0.000737,0.290364,0.757503,0.169874,0.354797,0.101897,0.379926,2.293265,2.627028,0.913109,1.137658,2.621874,1.613496,1.587723
28.513081,-1.727899,-1.646744,1.042618,1.981260,3.271687,3.008013,3.946982,3.392017,2.455348,3.168124,2.525377,1.900054,2.364936,2.948505,2.622035,3.035301,2.705543,-0.000551,0.729797,0.000093,0.321614,0.627026,0.096420,0.376060,0.097065,0.558405,2.483342,2.791333,1.183728,1.195970,2.681796,1.551962,1.624772
27.721421,-3.140039,-1.667785,1.181688,1.937205,3.255906,2.986642,3.937119,3.396949,2.455677,3.156946,2.546089,1.929643,2.348169,2.940286,2.597378,3.032342,2.686146,0.001059,0.952413,-0.000229,0.322902,0.331601,0.000093,0.341588,0.078701,0.424062,2.754928,3.184697,1.362529,1.118006,2.579026,1.148612,1.474965
25.855263,-4.155679,-1.620113,1.413801,1.977973,3.152672,2.948176,3.884844,3.384455,2.434965,3.121110,2.504664,2.065426,2.368882,2.947847,2.617433,3.034972,2.674639,0.057116,0.958212,0.000415,0.337078,0.329990,0.000093,0.338366,0.113495,0.478830,2.867042,3.222068,1.375416,1.194359,2.599966,1.064849,1.549707
28.839945,-7.911451,-1.517536,1.506514,1.936219,2.852833,2.765380,3.773720,3.284509,2.466855,3.005054,2.522747,2.108166,2.243620,2.800887,2.471458,2.976451,2.546089,-0.000229,0.743972,-0.000229,0.356730,0.587722,0.126704,0.327735,0.104474,0.562915,2.517492,2.988498,1.138302,1.220454,2.683085,1.730764,1.570326
29.216966,-6.036230,-1.516878,1.427938,1.834957,2.760777,2.673981,3.687911,3.226645,2.348827,2.947847,2.460938,2.033864,2.145646,2.719352,2.425101,2.934697,2.547733,-0.000551,0.677606,0.000093,0.421163,0.730119,0.201446,0.335145,0.067425,0.435660,2.377350,2.792299,1.176318,1.197581,2.674064,1.733986,1.525545
28.923782,-4.261157,-1.583619,1.244483,1.810299,2.862038,2.748612,3.756295,3.227303,2.314634,3.028068,2.352772,1.958904,2.108166,2.753215,2.435951,2.928779,2.574692,-0.000551,0.792941,-0.000229,0.336755,0.523933,0.072902,0.312915,0.002026,0.314204,2.498162,2.919555,1.204346,1.057761,2.589013,1.485596,1.365429
28.139861,-2.763030,-1.652333,1.231661,1.806354,2.949820,2.733489,3.795748,3.247687,2.341594,3.069493,2.328114,1.906629,2.119015,2.760777,2.461266,2.940286,2.610528,0.008147,1.007503,0.000093,0.321936,0.275544,0.000093,0.298740,0.000093,0.293907,2.726577,3.210792,1.280055,1.002993,2.547453,1.377993,1.276833
27.921579,0.123095,-1.699348,1.067275,1.718243,2.947519,2.724612,3.759912,3.216782,2.307730,3.052397,2.366251,1.855670,2.085810,2.718365,2.454362,2.935025,2.574364,0.050673,1.062271,-0.000551,0.402799,0.183083,-0.000229,0.299706,0.000093,0.180183,2.812273,3.242687,1.403122,1.175996,2.571938,1.313882,1.295841
27.125881,3.730779,-1.840063,0.824313,1.640324,3.024122,2.711790,3.818762,3.141494,2.194304,3.088233,2.310360,1.625858,2.071672,2.735461,2.433321,2.930094,2.591131,0.078057,1.050673,-0.000229,0.402155,0.155054,-0.000551,0.292297,0.022967,0.163108,2.852544,3.249774,1.434050,1.406666,2.601577,1.076447,1.326447
22.265414,7.407955,-1.881488,0.745408,1.626845,3.092835,2.773599,3.861502,3.159905,2.309045,3.108288,2.250524,1.709695,2.051617,2.709817,2.485595,2.967245,2.637488,0.113817,1.098676,-0.000229,0.485596,0.172129,0.000415,0.354152,0.099320,0.388946,2.967879,3.241398,1.525223,1.502993,2.692750,0.743650,1.574192
18.016872,3.010074,-1.844337,1.472322,2.343895,3.302263,3.064890,4.030161,3.104342,2.508281,3.216125,2.442198,1.998685,2.261045,2.936012,2.838696,3.232234,2.939299,0.119616,1.068070,0.000737,0.489140,0.171485,0.000093,0.362206,0.175029,0.535853,2.956281,3.207893,1.491718,1.477864,2.693072,0.241717,1.530700
4.806474,-2.588214,-1.394245,2.027617,2.727242,3.338099,3.570540,4.129450,2.853161,2.615131,3.287797,2.492171,2.363621,2.430033,3.041876,2.983355,3.693500,3.212508,0.167297,1.174063,-0.000229,0.431472,0.186949,0.000093,0.274578,0.048096,0.885403,2.974967,3.204993,1.661821,1.273290,2.628317,0.618650,1.424707
-0.219566,-23.773878,-1.873598,1.909588,2.556281,3.071465,3.916078,4.292191,2.512883,1.911890,3.079356,2.469814,2.188057,2.022685,2.898532,2.923518,3.834543,3.298646,0.313882,1.167297,0.020067,0.225608,0.514268,0.102219,0.528444,0.120905,2.051641,3.336437,3.049065,1.620261,0.659243,2.464657,2.150868,1.679218
0.223955,-27.856229,-1.139775,1.381252,2.162085,2.268935,3.829940,4.321781,1.754079,1.080755,2.138413,2.160441,1.863889,1.220483,2.720995,2.835408,3.762871,3.255248,0.555506,0.721421,0.454990,0.258791,0.571292,0.213366,0.562915,0.355119,2.953704,3.786180,3.142815,1.135403,0.225286,2.406667,2.450159,1.683728
0.432692,-31.255934,-0.917195,1.140592,2.015781,2.117372,3.739857,4.286274,1.664653,0.827929,1.730408,2.138413,1.604159,1.107386,2.660830,2.820284,3.673774,3.159905,0.590299,0.650544,0.470454,0.300351,0.579024,0.203379,0.555183,0.376060,3.117686,3.923101,3.041011,0.681150,0.048096,2.694039,2.651191,1.943071
1.803627,-33.277381,-0.864920,0.980808,1.927671,2.170961,3.717500,4.282000,1.566022,0.735216,1.626845,2.120988,1.563063,1.025521,2.597378,2.813051,3.655691,3.127028,0.623160,0.638624,0.508469,0.326124,0.579668,0.201768,0.547774,0.368972,3.297455,3.993655,2.991720,0.369294,0.083856,2.770714,2.671487,1.943393
3.150667,-36.156296,-0.919497,0.769079,1.810957,2.133810,3.676404,4.266876,1.429911,0.545186,1.503227,2.102577,1.491391,0.846012,2.533925,2.788065,3.613280,3.051082,0.676640,0.621227,0.535531,0.327735,0.590622,0.206601,0.533598,0.361884,3.312597,4.000742,2.985921,0.312593,0.262657,2.861565,2.722067,2.082891
3.245914,-38.315405,-0.911606,0.619817,1.657092,2.040110,3.634321,4.245835,1.237579,0.243044,1.357910,1.997041,1.350348,0.689516,2.418197,2.759462,3.553772,2.973163,0.670841,0.591588,0.558083,0.365106,0.573869,0.196614,0.548740,0.349320,3.404736,3.997199,2.970779,0.260724,0.461111,2.992364,2.781668,2.074192
3.211623,-41.022113,-1.140104,0.454116,1.497309,1.949369,3.592238,4.238273,1.126126,0.054657,1.325361,2.012165,1.231004,0.580693,2.299511,2.756832,3.506100,2.953765,0.598031,0.562593,0.557761,0.341910,0.550673,0.142812,0.528444,0.294230,3.442751,3.974003,2.939207,0.011369,0.508147,3.058730,2.727866,2.021035
2.895281,-44.213263,-1.233475,0.458718,1.541693,2.025973,3.621499,4.260629,1.123495,0.054986,1.376650,1.994082,1.192537,0.543213,2.297209,2.778859,3.518594,3.020506,0.646034,0.565170,0.603830,0.340944,0.562593,0.167619,0.533920,0.298418,3.536824,4.010730,2.955637,0.010724,0.615106,3.202416,2.810018,2.173742
2.698803,-46.747383,-1.342957,0.438006,1.580159,2.050960,3.619855,4.278054,1.126454,0.055972,1.403938,1.998028,1.182346,0.515596,2.280771,2.806805,3.540293,3.100068,0.717232,0.572580,0.664397,0.353508,0.597387,0.197580,0.526511,0.310982,3.638950,4.046490,2.969812,0.011047,0.617039,3.265560,2.830637,2.246229
2.869520,-49.992739,-1.445205,0.421567,1.706079,2.122303,3.718815,4.304027,1.152756,0.057287,1.504213,2.040110,1.190565,0.527103,2.303127,2.821928,3.583033,3.172727,0.751704,0.573225,0.734952,0.375415,0.622194,0.208856,0.553895,0.320003,3.744621,4.105769,2.987209,0.011691,0.615106,3.315496,2.923743,2.387982
3.245043,-53.129942,-1.497152,0.399868,1.750134,2.149262,3.735254,4.312246,1.156701,0.056959,1.553200,2.096659,1.188592,0.489294,2.302141,2.846586,3.597170,3.202645,0.773934,0.584500,0.760725,0.387980,0.644101,0.218521,0.550673,0.284243,3.832250,4.126709,2.993330,0.011369,0.581601,3.340947,2.950482,2.407956
2.695431,-53.192992,-1.571455,0.418279,1.773148,2.185756,3.752679,4.325726,1.159331,0.057287,1.626187,2.101919,1.191222,0.494555,2.298853,2.884723,3.627746,3.232892,0.823225,0.596421,0.791008,0.437915,0.661820,0.253315,0.564526,0.265557,3.914402,4.136374,2.997841,0.012013,0.657310,3.393460,3.035856,2.466268
2.194057,-52.077526,-1.538248,0.304853,1.749148,2.156495,3.740843,4.318822,1.101796,0.056301,1.591995,2.077262,1.110673,0.431102,2.265319,2.888997,3.611965,3.204946,0.827091,0.599964,0.797452,0.449835,0.680183,0.263302,0.579990,0.228508,3.923101,4.137341,2.989142,0.011691,0.767168,3.400870,3.059374,2.502350
2.493151,-52.186517,-1.503070,0.054329,1.699503,2.140714,3.700733,4.305014,1.025850,0.057287,1.558460,2.077262,1.114947,0.446883,2.247236,2.876833,3.584677,3.185549,0.806150,0.596098,0.783598,0.425029,0.685660,0.263624,0.573869,0.223353,3.920845,4.130575,2.985276,0.011369,0.748160,3.404414,3.046166,2.479476
3.403381,-51.092930,-1.522796,0.061890,1.727449,2.184770,3.726706,4.318822,1.088974,0.056301,1.582789,2.066741,1.130400,0.473842,2.278470,2.883080,3.599800,3.201330,0.819359,0.595132,0.788431,0.432438,0.692748,0.262335,0.577413,0.225931,3.916657,4.132830,2.985598,0.011369,0.781343,3.395071,3.027158,2.512015
2.182883,-49.796873,-1.556002,0.358114,1.797477,2.201208,3.696459,4.302712,1.053796,0.056959,1.612379,1.991123,1.039001,0.501459,2.358032,2.899189,3.557718,3.171083,0.857696,0.613173,0.798096,0.445325,0.756537,0.294874,0.604797,0.237851,3.902804,4.137985,2.987531,0.011691,0.794552,3.386695,3.048743,2.541010
-2.073826,-47.317929,-1.550413,0.342991,1.737641,2.110467,3.703692,4.312246,1.021905,0.055644,1.606461,2.069371,1.220812,0.598447,2.375786,2.886696,3.520895,3.163192,0.870261,0.651189,0.802284,0.486884,0.846098,0.338688,0.608985,0.203057,3.891528,4.144751,2.988820,0.012335,0.843843,3.396682,3.037789,2.575160
-9.801052,-33.940835,-1.413643,0.363703,1.606790,2.006904,3.701719,4.308630,0.995603,0.054657,1.527556,2.065097,1.210949,0.537295,2.375128,2.865983,3.539306,3.175028,0.856086,0.634436,0.795519,0.449835,0.838044,0.309694,0.595776,0.211755,3.854157,4.142495,2.992686,0.162464,0.778444,3.352223,3.014593,2.475933
-12.940626,-23.682627,-1.414629,0.192742,1.479555,1.944767,3.656678,4.299424,0.931821,0.052027,1.463774,1.982575,1.128427,0.437677,2.293922,2.810421,3.478813,3.148727,0.803573,0.626704,0.734307,0.405699,0.754281,0.266523,0.568392,0.171807,3.742366,4.116078,2.979477,0.012013,0.704668,3.281346,2.989142,2.388304
-27.493050,-4.702806,-1.311395,0.323922,1.364156,1.905972,3.694157,4.326384,0.955164,0.052685,1.360540,1.888547,1.073851,0.256524,2.279127,2.824558,3.496566,3.161220,0.750093,0.544552,0.641524,0.377026,0.677928,0.259436,0.500415,0.172129,3.560986,4.063243,2.936629,0.012335,0.700802,3.195328,2.899902,2.413433
-32.904975,-2.670847,-1.044759,0.944315,1.703777,2.046028,4.014051,4.436193,1.177414,0.060904,1.617639,2.146961,1.545967,0.743106,2.392553,2.873545,3.773391,3.494594,0.710467,0.405699,0.600609,0.255248,0.607374,0.169552,0.450802,0.205312,3.553899,4.014918,2.908923,0.009758,0.155699,3.127029,2.751062,2.498806
-34.795012,-1.944812,-1.294956,1.313197,1.973370,2.218304,4.113669,4.479591,1.481199,0.604693,2.014137,2.192331,1.609420,0.828916,2.454033,2.928779,3.878927,3.679034,0.714977,0.367683,0.598998,0.190492,0.558405,0.111884,0.467554,0.222065,3.617687,4.007830,2.913433,0.010402,-0.000229,3.202416,2.829348,2.596100
-34.946897,-1.327177,-1.318956,1.379937,2.025973,2.247565,4.127806,4.490111,1.630461,0.658283,2.101262,2.301812,1.629475,0.967329,2.460609,2.950149,3.930215,3.712569,0.719810,0.308727,0.617683,0.197902,0.550995,0.107374,0.463044,0.229152,3.732056,4.004286,2.901513,0.010402,-0.000874,3.293267,2.900547,2.611564
-35.952127,-0.067869,-1.262736,1.393417,2.044056,2.225537,4.142930,4.502605,1.620598,0.659927,2.082522,2.301484,1.616653,0.790121,2.402416,2.934039,3.945010,3.737884,0.714655,0.259114,0.624127,0.212400,0.537786,0.104474,0.463044,0.224964,3.770716,3.996876,2.879606,0.008469,-0.000551,3.356733,2.964658,2.627995
-35.937486,1.477700,-1.263065,1.311882,2.002959,2.207455,4.137669,4.499646,1.624215,0.612913,2.010850,2.255784,1.600872,0.766120,2.370197,2.923190,3.938434,3.738541,0.721098,0.221098,0.607374,0.187271,0.531343,0.104152,0.466588,0.222709,3.777159,3.984312,2.852544,0.010080,-0.000229,3.380573,3.036823,2.689528
-37.207981,1.478364,-1.261750,1.299059,2.011178,2.171290,4.137340,4.501947,1.558460,0.585953,1.967781,2.290305,1.598899,0.769737,2.330087,2.907080,3.938763,3.740843,0.730441,0.177928,0.606408,0.188237,0.509114,0.103508,0.434049,0.214011,3.779092,3.970781,2.771681,0.009436,-0.001196,3.392494,3.061630,2.704992
-37.651646,5.120358,-1.278846,1.371389,2.035836,2.222907,4.146875,4.504906,1.645913,0.621461,2.053261,2.310360,1.620927,0.770394,2.374142,2.921217,3.943366,3.751035,0.738495,0.157309,0.607052,0.176962,0.517490,0.100608,0.461433,0.236884,3.785858,3.973681,2.800031,0.009436,-0.000874,3.392171,3.066140,2.695327
-36.617617,4.425050,-1.300216,1.322731,1.979616,2.189044,4.141286,4.502276,1.641639,0.590885,2.012165,2.238688,1.586406,0.762833,2.314634,2.891628,3.940407,3.737555,0.703379,0.129603,0.559694,0.162464,0.497516,0.095454,0.448547,0.223675,3.754608,3.938564,2.768781,0.009114,-0.000874,3.366398,3.021359,2.650224
-36.045982,4.682898,-1.236763,1.255662,1.916492,2.158797,4.127806,4.497344,1.660379,0.570830,1.917807,2.187071,1.553857,0.761518,2.289648,2.909710,3.941722,3.725391,0.692748,0.123482,0.558727,0.158920,0.493328,0.095132,0.452735,0.209500,3.741077,3.912147,2.769748,0.009436,-0.000229,3.351901,3.020070,2.629283
-35.046443,4.696602,-1.233804,1.202072,1.886574,2.124605,4.118929,4.492742,1.630790,0.542555,1.894465,2.169646,1.533145,0.755600,2.279127,2.902148,3.938434,3.716843,0.681150,0.118650,0.555183,0.153444,0.493972,0.094165,0.449191,0.208534,3.719170,3.907637,2.778446,0.009436,-0.000551,3.329027,3.005573,2.613497
-33.355291,3.908427,-1.197968,1.159331,1.824108,2.121646,4.104463,4.485837,1.585420,0.521185,1.840875,2.161098,1.504213,0.731928,2.285374,2.892614,3.933503,3.701062,0.669552,0.116717,0.550673,0.149900,0.500093,0.094487,0.454990,0.191137,3.699517,3.893783,2.780057,0.010080,-0.000551,3.300999,3.010405,2.616719
-31.287667,3.075998,-1.161474,1.118235,1.758682,2.057206,4.091641,4.478276,1.493363,0.491267,1.763614,2.155180,1.484815,0.695106,2.244935,2.876175,3.934160,3.685281,0.638624,0.107374,0.513302,0.144101,0.493972,0.092876,0.451446,0.144745,3.658280,3.879930,2.777157,0.009436,-0.001196,3.275225,2.979155,2.575482
-30.067777,3.591350,-1.065472,1.100810,1.704106,2.010850,4.079477,4.470385,1.467391,0.499157,1.654462,2.144988,1.465747,0.617187,2.217976,2.863353,3.929557,3.676404,0.626382,0.098998,0.504281,0.139913,0.488817,0.089655,0.440815,0.155377,3.636695,3.854801,2.774580,0.010080,-0.000229,3.236888,2.968846,2.556152
-29.254387,3.741510,-1.044759,1.036371,1.657092,1.956602,4.060737,4.456577,1.401307,0.438663,1.631776,2.127564,1.449637,0.610282,2.204825,2.859079,3.921996,3.661280,0.567426,0.089333,0.490428,0.130248,0.483018,0.084500,0.437271,0.104797,3.585471,3.819685,2.767170,0.010080,0.000093,3.147326,2.935663,2.528768
-26.783044,2.191298,-1.071390,0.905191,1.533802,1.936547,4.023915,4.444084,1.291498,0.267702,1.591995,2.122632,1.440102,0.604365,2.187400,2.811079,3.908516,3.646486,0.540364,0.046807,0.469487,0.106730,0.465299,0.070003,0.392168,0.165041,3.544556,3.794234,2.760727,0.009436,0.000415,3.070328,2.840624,2.464657
-26.997060,6.919273,-0.927716,0.939054,1.519665,1.947068,4.008134,4.443755,1.400979,0.409074,1.487774,2.093043,1.352649,0.574775,2.171290,2.793983,3.897009,3.638266,0.519101,0.033276,0.454990,0.115106,0.467877,0.083212,0.368972,0.174706,3.512984,3.760085,2.774258,0.010724,-0.000551,3.036178,2.798098,2.451448
-24.676006,4.288575,-1.022074,0.920643,1.495665,1.911561,4.008462,4.441453,1.385526,0.407430,1.564049,2.137755,1.471336,0.731599,2.337977,2.783133,3.878269,3.622157,0.507181,0.029732,0.466910,0.133791,0.492361,0.097387,0.418908,0.177928,3.505574,3.766528,2.767492,0.010402,-0.000551,2.962403,2.681152,2.460469
-24.181937,6.457407,-1.123665,1.073522,1.611392,2.062138,4.007805,4.447700,1.671886,0.666831,1.784326,2.182797,1.517035,0.747052,2.392882,2.845271,3.896023,3.614266,0.486562,0.015557,0.471743,0.160531,0.519423,0.099964,0.427284,0.209500,3.487855,3.760407,2.780701,0.010724,-0.000229,2.918910,2.572904,2.380250
-22.175296,4.362372,-1.505371,1.079769,1.676160,2.168660,3.987750,4.447700,1.713312,0.728969,2.176550,2.328772,1.535446,0.900588,2.419184,2.840997,3.881557,3.596512,0.517168,0.012980,0.520067,0.194681,0.521356,0.107052,0.464655,0.223031,3.509118,3.785536,2.781346,0.010724,-0.000551,2.943717,2.635405,2.385726
-21.912568,1.501668,-1.636881,1.138619,1.750134,2.299182,3.996627,4.448686,1.800436,0.732586,2.371841,2.287346,1.508816,0.801956,2.404060,2.840339,3.876954,3.596512,0.570325,0.008147,0.594165,0.196936,0.557439,0.197902,0.471743,0.237206,3.572584,3.797134,2.857699,0.009758,-0.000874,3.003962,2.917944,2.519425
-20.403260,3.559849,-1.709211,1.203387,1.969096,2.450746,4.003202,4.454604,1.831669,0.749353,2.498417,2.290963,1.509802,1.054453,2.426088,2.809764,3.895694,3.624129,0.624771,0.000415,0.683405,0.220776,0.641524,0.278121,0.490750,0.254926,3.641206,3.840948,2.932441,0.011369,0.116717,2.995263,2.989142,2.682441
-9.629126,4.046344,-1.738800,1.185962,1.919780,2.390252,3.893064,4.384905,1.612379,0.711873,2.463568,2.116057,1.434513,1.177085,2.634200,2.858422,3.832899,3.365387,0.482052,-0.000229,0.570325,0.185982,0.603186,0.225931,0.401511,0.135724,3.509118,3.794556,2.883794,0.011047,-0.000229,2.680508,2.626062,2.581925
-2.039961,18.712039,-1.578359,1.198455,1.889204,2.464554,3.607033,4.212629,1.772819,0.900588,2.428389,2.065426,1.417088,1.332265,2.689105,2.785435,3.657335,3.007684,0.469810,0.000737,0.563560,-0.000229,0.562593,0.218843,0.338044,0.256536,3.502996,3.793912,3.007184,0.010402,-0.000551,2.411822,2.560018,2.481732
1.812941,25.046738,-2.069547,0.980151,1.523282,2.538528,3.000451,3.914434,1.894465,0.955822,2.819956,1.849752,1.183332,1.305964,2.621049,2.475403,3.038917,2.203838,0.096420,0.106407,0.000415,0.045518,0.171807,-0.000229,0.204990,-0.000229,2.267492,3.227867,2.823227,0.011047,-0.000551,2.259760,0.009436,0.873483
1.440514,27.723158,-2.207304,0.056630,0.988370,2.233428,2.196605,3.735254,2.176222,0.890725,2.566144,1.888218,0.502116,1.152099,2.271565,1.892821,2.398471,1.906629,0.054861,0.457567,0.000093,0.058405,0.111884,0.000415,0.156343,0.000093,1.463689,3.026513,2.735276,0.010402,-0.000551,2.385082,0.009758,-0.000229
1.867571,30.028462,-2.402596,0.058274,1.049193,2.412279,2.319237,3.762871,2.121646,0.924917,2.757818,1.903013,0.200632,1.168537,2.325155,1.938520,2.512226,1.915835,0.063559,0.460467,0.000093,0.036175,0.101253,0.000415,0.140557,0.000093,1.410210,3.033601,2.730766,0.010080,0.045840,2.248162,0.009436,0.000093
2.132062,34.632923,-2.494653,0.061233,1.056755,2.552336,2.449431,3.782926,2.227839,1.025521,2.816339,1.962849,0.109234,1.160318,2.362306,1.959561,2.636173,1.952000,0.066137,0.412464,-0.000229,0.024577,0.093521,-0.000229,0.128637,0.000415,1.322259,2.987854,2.726255,0.010080,0.110918,2.198226,0.009114,0.000093
1.737462,40.188107,-2.546270,0.062548,1.058727,2.653269,2.501048,3.815474,2.359676,1.156044,2.936340,1.946739,0.102329,1.231004,2.454691,2.002959,2.683844,2.022357,0.068392,0.474320,0.000093,0.048418,0.093521,-0.000229,0.183727,-0.000229,1.306150,2.953060,2.720456,0.010402,0.275222,2.171809,0.008791,-0.000229
1.662838,43.797498,-2.575203,0.064849,1.063988,2.742694,2.577980,3.879255,2.484280,1.192866,3.012944,2.029261,0.040191,1.256977,2.497760,2.080549,2.718694,2.129865,0.066781,0.532632,-0.000551,0.036498,0.081923,-0.000229,0.195003,0.000737,1.269746,2.947261,2.724000,0.009758,0.243972,2.129927,0.008791,-0.000874
1.633811,47.030332,-2.485118,0.066822,1.051166,2.796613,2.654584,3.885831,2.604282,1.224428,3.003081,2.082193,0.000739,1.261251,2.525048,2.128221,2.746311,2.176222,0.057760,0.555183,0.000415,0.038431,0.071291,-0.000229,0.199191,0.000415,1.001382,2.869297,2.687273,0.010080,0.205634,2.093522,0.009114,-0.000229
1.706882,50.743371,-2.372020,0.067151,1.067933,2.889326,2.664118,3.902269,2.776558,1.319443,3.010972,2.313319,0.053342,1.286895,2.595405,2.192660,2.812723,2.277154,0.055505,0.672774,0.000093,0.030376,0.073869,-0.000229,0.206923,0.000415,0.575480,2.803253,2.667299,0.010402,0.385080,2.024579,0.008147,-0.000551
2.026858,52.860449,-2.279634,0.070438,1.118564,2.981382,2.688447,3.909502,2.828504,1.472980,3.086918,2.438910,0.086877,1.384211,2.702256,2.328443,2.855792,2.488883,0.049384,0.736885,-0.000229,0.018134,0.067103,-0.000551,0.206601,0.000415,0.199513,2.733021,2.673742,0.192748,0.348031,2.088046,0.008791,-0.000229
1.412242,53.425883,-2.282593,0.196687,1.331279,3.054040,2.752557,3.944352,2.858751,1.811614,3.142151,2.543130,0.103644,1.658736,2.772941,2.521760,2.993875,2.655899,0.020389,0.768135,-0.000229,0.025866,0.062593,-0.000229,0.193392,0.000415,0.103186,2.668588,2.667299,0.078701,0.308727,2.081924,0.008147,-0.000874
0.790365,51.450054,-2.198427,0.751326,1.695229,3.138863,2.913984,4.013394,2.822586,1.880327,3.204289,2.646364,0.146056,1.811614,2.869271,2.648666,3.127028,2.686475,0.007181,0.752671,-0.000229,0.000415,0.008469,-0.000229,0.183405,0.000093,0.112206,2.649258,2.636049,0.010402,0.277155,2.156345,0.008147,-0.000229
0.032317,51.685335,-2.062643,0.943000,1.816546,3.176672,3.019520,4.041339,2.821599,1.923068,3.203631,2.647351,0.518226,1.940164,2.921875,2.733489,3.200672,2.721982,0.000415,0.735918,0.000093,0.000093,-0.000229,0.000415,0.171485,0.000415,0.125415,2.623162,2.654412,0.010080,0.201446,2.185662,0.010724,0.000415
-1.226830,52.149219,-2.038971,1.089303,1.953315,3.213494,3.176015,4.087696,2.739735,1.872437,3.206919,2.633214,0.636913,1.958246,2.963300,2.751242,3.264125,2.766366,-0.000229,0.746549,-0.000229,0.000093,0.000093,-0.000229,0.137013,0.000415,0.200157,2.564850,2.629606,0.010402,0.108985,2.199515,0.008791,0.000415
-3.532059,47.355946,-2.056396,1.189250,2.172605,3.266427,3.328235,4.134053,2.698968,1.831669,3.196070,2.663461,0.367649,1.956931,2.961656,2.737434,3.368017,2.835408,0.000415,0.722065,-0.000229,-0.000551,0.000093,0.000093,0.103830,0.000093,0.426640,2.554541,2.630250,0.009758,-0.000551,2.116074,0.009114,0.086111
-2.260692,34.781801,-1.985381,1.404924,2.390909,3.309167,3.423250,4.187642,2.761106,1.790902,3.218755,2.730201,0.756915,2.004603,2.967574,2.715406,3.449223,2.994533,-0.000229,0.675995,0.000415,0.000415,0.000093,-0.000229,0.075480,-0.000551,0.640235,2.613175,2.704026,0.010724,-0.000874,2.012015,0.008147,0.430828
-2.289075,18.134738,-1.952175,1.607447,2.400444,3.333167,3.597170,4.233341,2.987629,2.081864,3.284180,2.786750,1.211935,2.098960,2.989273,2.737434,3.520895,3.085931,0.000093,0.754604,0.000093,0.127670,0.038108,-0.000229,0.163753,0.000415,1.192426,2.892815,2.979477,0.011691,0.077090,1.988174,0.008469,0.932761
8.187061,-4.232540,-1.934421,1.590022,2.407019,3.276290,3.669828,4.267534,2.980725,1.967452,3.248673,2.800229,1.663010,2.042741,2.918916,2.711790,3.583690,3.167795,0.030054,0.661176,0.000093,0.203701,0.117683,-0.000551,0.188560,0.183405,2.110597,3.166656,3.031668,0.263946,0.436949,2.238497,0.009436,0.973032
17.960887,-2.427416,-1.728937,1.513747,2.320223,3.043520,3.498539,4.223478,2.996177,2.153536,3.109274,2.814695,2.067727,2.290634,2.905765,2.640447,3.460401,3.082644,0.212078,1.061305,-0.000551,0.227541,0.271678,0.002026,0.349320,0.088366,2.283278,3.424066,3.149903,1.295519,0.773934,2.487208,0.794552,1.753316
26.104760,-1.798972,-1.913051,0.837135,2.204825,2.999793,3.029054,4.098545,3.093493,1.989480,3.063904,2.720667,1.563063,2.045042,2.750585,2.361320,3.050095,2.749927,0.000737,1.104797,0.000093,0.130570,0.068070,-0.000551,0.247838,-0.000229,1.051318,2.979477,2.954348,0.592877,0.722387,2.233664,0.009436,1.305184
30.118696,0.095521,-2.023848,0.080302,1.963835,3.147740,2.812394,4.011421,3.278920,2.255784,3.140178,2.606254,0.786833,2.048330,2.768996,2.354416,2.973492,2.615131,0.000093,0.851253,0.000093,0.109951,0.020389,0.002026,0.216266,-0.000229,0.035531,2.649902,3.097068,0.398289,0.459178,2.158278,0.008469,0.966910
31.795661,0.263424,-2.090260,0.080630,1.848765,3.220070,2.816997,4.007805,3.275303,2.208441,3.117165,2.625323,0.475815,2.040768,2.747297,2.328443,2.957053,2.607569,0.000093,0.624127,0.000737,0.029732,-0.000229,-0.000229,0.149578,-0.000229,0.050995,2.633472,3.189851,0.348676,0.219487,1.943393,0.008469,0.749771
34.926852,-0.145758,-2.042588,0.080302,1.858957,3.248673,2.867956,4.017339,3.299632,2.286031,3.148398,2.586857,0.299264,2.037809,2.773928,2.373156,2.976451,2.616775,0.000093,0.604797,-0.000229,0.032632,0.000093,0.000093,0.135724,-0.000229,0.066781,2.624129,3.191784,0.320325,0.136369,1.960146,0.008147,0.604797
33.897057,0.424911,-2.027135,0.081945,1.886903,3.247029,2.828175,4.021942,3.320016,2.363621,3.167466,2.535897,0.232852,2.020713,2.770311,2.393211,2.994533,2.619734,0.000093,0.593843,-0.000229,0.043263,0.012657,-0.000229,0.129925,-0.000229,0.212400,2.610598,3.064529,0.435016,0.133147,2.015236,0.008791,0.675351
34.509222,-1.123505,-1.928832,0.081617,1.917807,3.252289,2.844285,4.021613,3.350263,2.433321,3.130315,2.476719,0.746394,2.020713,2.814038,2.407019,3.016889,2.651625,-0.000229,0.729797,0.000093,0.047451,0.029410,0.000093,0.174062,0.000093,-0.000229,2.657312,3.196617,0.617683,0.276833,2.074192,0.009436,0.768135
34.315317,-2.163523,-1.846638,0.262441,1.903341,3.229604,2.859408,4.013394,3.351907,2.463896,3.099411,2.582254,0.851930,2.043398,2.840339,2.414252,3.023136,2.657543,0.000093,0.859952,0.000093,0.074191,0.039397,0.000093,0.198869,0.017490,0.091910,2.695972,3.219491,0.640557,0.389591,2.068393,0.009436,0.905699
33.641400,-2.280072,-1.840720,0.278880,1.895780,3.193768,2.861052,4.008134,3.357496,2.491842,3.148727,2.564500,0.940698,2.120659,2.846257,2.430362,3.023794,2.662474,0.002992,0.906021,-0.000551,0.105763,0.056150,0.000415,0.241717,0.056472,0.210145,2.820650,3.246553,0.641524,0.416652,2.064205,0.008469,1.050351
32.957227,-1.735867,-1.831844,0.290716,1.872437,3.160891,2.852833,4.003531,3.374263,2.549377,3.148727,2.556939,1.248757,2.147947,2.853161,2.432663,3.024122,2.662474,0.004281,0.931150,-0.000229,0.106085,0.056150,0.000093,0.231407,0.074513,0.202090,2.827093,3.243653,0.644423,0.431472,2.018458,0.009114,1.100931
33.054667,-1.863192,-1.815076,0.603049,1.806683,3.148398,2.853161,3.997613,3.373935,2.546089,3.149055,2.589816,1.268812,2.152879,2.851518,2.440225,3.027081,2.662145,0.003637,0.985274,0.000093,0.112206,0.062593,0.000415,0.232052,0.076124,0.234629,2.852544,3.245586,0.661498,0.457567,2.010726,0.008147,1.103186
32.692435,-0.780193,-1.854858,0.606337,1.719230,3.171083,2.832120,3.988078,3.363743,2.532610,3.164179,2.595076,1.150455,2.119673,2.828832,2.401430,3.021163,2.648337,0.012980,1.032954,-0.000229,0.120905,0.062593,0.000093,0.234951,0.069681,0.238817,2.867042,3.243653,0.825158,0.484951,1.986241,0.007825,1.132181
32.398904,-0.012198,-1.808172,0.649406,1.718243,3.157932,2.820284,3.981832,3.365058,2.548719,3.152672,2.635515,1.419061,2.150249,2.842970,2.410964,3.024451,2.652611,0.068714,1.036820,-0.000229,0.146356,0.108663,0.000093,0.272322,0.108018,0.510080,2.922454,3.256218,0.947581,0.675995,2.188883,0.009436,1.121872
33.711818,0.225174,-1.814090,0.665845,1.694900,3.159905,2.828832,3.975585,3.364071,2.576336,3.169768,2.647022,1.441089,2.235401,2.833764,2.428060,3.027081,2.649652,0.085789,1.043586,-0.000229,0.162142,0.132503,0.000093,0.284887,0.100608,0.570003,2.955315,3.220135,1.030699,0.803895,2.201448,0.009114,1.154088
31.465860,0.964875,-1.792062,0.718448,1.711668,3.116836,2.791681,3.963421,3.339742,2.598693,3.158261,2.682200,1.528542,2.323840,2.844285,2.425101,3.031684,2.644721,0.155377,1.122516,0.000415,0.216588,0.155377,0.000093,0.359629,0.138946,0.660209,3.048099,3.269749,1.344166,1.064849,2.371229,0.011369,1.191137
32.717715,-0.740223,-1.781541,0.887108,1.790573,3.161220,2.829819,3.961777,3.369989,2.616446,3.191796,2.697981,1.634735,2.497431,2.858422,2.432006,3.035629,2.671351,0.197258,1.262658,-0.000229,0.230119,0.171485,0.000415,0.426317,0.195325,0.908599,3.108344,3.273292,1.468844,1.056472,2.522647,0.010080,1.352864
32.839250,-0.882409,-1.712499,0.937082,1.797806,3.132617,2.761434,3.945996,3.352564,2.622035,3.170425,2.776558,1.913862,2.585213,2.847244,2.409649,3.030698,2.691077,0.215299,1.330957,-0.000229,0.258791,0.231407,0.000093,0.467554,0.214333,1.061305,3.179542,3.272970,1.577736,1.266202,2.589657,0.010724,1.589334
30.597513,0.722188,-1.769705,0.935109,1.778080,3.076726,2.726913,3.925941,3.317386,2.608227,3.183576,2.843627,1.973370,2.624008,2.826202,2.375786,3.030369,2.696666,0.237851,1.402156,0.000415,0.342232,0.325157,-0.000229,0.531021,0.241395,1.157310,3.204349,3.302609,1.797130,1.459501,2.626062,0.011369,1.736563
30.567345,0.740765,-1.772664,0.906835,1.744545,3.081657,2.801873,3.919365,3.273988,2.566144,3.170754,2.830476,1.969753,2.617761,2.828175,2.353101,3.020506,2.653597,0.238173,1.385081,-0.000229,0.347709,0.327413,-0.000229,0.526833,0.266846,1.218844,3.210792,3.297133,1.796164,1.532633,2.637338,0.010402,1.604798
29.151897,1.615224,-1.790747,0.848313,1.677147,3.073109,2.800229,3.898982,3.242097,2.550363,3.185549,2.802859,2.136440,2.623350,2.812065,2.347511,3.015903,2.663461,0.261047,1.425352,0.000093,0.449191,0.342877,0.001382,0.565170,0.320003,1.390558,3.262983,3.313563,1.853509,1.558084,2.709825,0.192748,1.818393
27.376793,2.768042,-1.752609,0.817409,1.675174,3.091849,2.773270,3.878598,3.240782,2.554637,3.196727,2.748941,2.276826,2.622364,2.788394,2.328772,3.010643,2.650967,0.322258,1.438238,0.000415,0.545518,0.354797,0.055505,0.608985,0.369938,1.556795,3.325483,3.336759,1.938883,1.711756,2.775869,0.679539,2.168909
25.563678,4.314582,-1.806199,0.840094,1.736983,3.097438,2.713105,3.857885,3.161220,2.573048,3.195741,2.795955,2.268935,2.617104,2.783133,2.325155,3.015574,2.629268,0.329023,1.424707,-0.000229,0.581601,0.404732,0.054539,0.634436,0.397967,1.692104,3.365110,3.342880,1.913754,1.715300,2.859954,0.815171,2.165043
29.657116,2.393839,-1.840720,0.917355,1.866190,3.169439,2.779517,3.898653,3.119795,2.560884,3.201330,2.836065,2.238688,2.609871,2.766366,2.376772,3.014917,2.629926,0.322258,1.404733,-0.000229,0.596098,0.407310,0.019423,0.626704,0.389913,1.982053,3.419556,3.329027,1.847710,1.706280,2.851900,0.834501,2.150546
16.049551,8.029298,-1.852885,1.128756,2.005589,3.184891,2.837052,3.860844,3.075411,2.572391,3.219084,2.810421,2.402087,2.589487,2.795298,2.536884,3.058972,2.821599,0.329668,1.463689,0.000415,0.800995,0.430505,0.006214,0.647000,0.349642,1.888303,3.381218,3.342236,1.930829,1.732375,2.875418,0.918908,2.180507
10.928980,-5.076888,-1.913379,1.909588,2.707516,3.383798,3.242755,4.062381,3.045492,2.641433,3.414702,2.939299,2.593432,2.607898,2.899847,2.744009,3.327907,3.072780,0.429861,1.466911,0.033920,0.696936,0.453701,0.092554,0.784887,0.391201,2.119296,3.422777,3.330316,2.017813,1.886048,3.137016,1.736241,2.601255
-0.950408,-19.182803,-1.844337,2.050302,2.917929,3.250646,3.649773,4.330329,3.075082,2.347511,3.312126,2.987958,2.697981,2.342251,2.740064,2.609871,3.704349,3.467306,0.562915,1.353509,0.343843,0.527799,0.607052,0.240106,0.830312,0.458212,2.775547,3.703383,2.934052,1.802285,1.978187,3.452094,2.662466,2.967879
-0.337394,-22.011193,-1.639182,2.103892,2.806805,3.004396,4.080463,4.529564,3.047136,1.679777,3.095794,3.031355,2.810092,2.044056,2.663789,2.570418,3.893721,3.888132,0.890879,0.885080,0.792941,0.775222,0.849642,0.625093,0.955635,0.730441,3.635729,3.998165,2.927609,1.494295,2.032633,3.942430,3.279413,3.145070
-0.384181,-24.099910,-1.675676,2.118358,2.831134,3.076397,4.120244,4.550276,3.079027,1.687667,3.108616,3.045492,2.824230,2.040110,2.654584,2.603624,3.924955,3.962106,1.093844,0.971743,1.043264,1.012980,0.976253,0.744939,1.018779,0.813560,3.990111,4.189854,2.957570,1.056795,2.329347,4.075163,3.441463,3.341269
-1.061988,-27.063604,-1.696717,2.179509,2.862038,3.099411,4.163642,4.563427,3.115192,1.842190,3.122096,3.089548,2.897546,2.054248,2.649652,2.585871,3.937777,4.018325,1.181472,0.994294,1.131859,1.102864,1.036176,0.816137,1.067748,0.841910,4.078384,4.313243,2.988498,0.631214,2.494296,4.125743,3.555187,3.444040
-1.413736,-28.875291,-1.747349,2.204496,2.892614,3.175028,4.216903,4.579208,3.127685,1.898410,3.178645,3.092507,2.936012,2.056878,2.635515,2.579953,3.959804,4.068627,1.317748,0.993328,1.213367,1.169230,1.110274,0.868972,1.154733,0.858663,4.184699,4.377999,3.007828,0.378959,2.568072,4.179222,3.678577,3.580961
0.956496,-29.926833,-1.767075,2.200880,2.891956,3.160891,4.218547,4.583482,3.097438,1.819176,3.177658,3.067191,2.905765,2.035836,2.611843,2.603295,3.957503,4.067312,1.380248,1.001704,1.285854,1.232375,1.143135,0.900867,1.185338,0.872516,4.230769,4.426001,3.018782,0.136047,2.588368,4.201130,3.731412,3.622198
0.213380,-31.384894,-1.729266,2.191674,2.897217,3.167795,4.209670,4.584469,3.082972,1.647229,3.167138,3.044506,2.876504,2.050302,2.591460,2.601980,3.953229,4.071915,1.373161,0.999127,1.283599,1.235918,1.138302,0.899900,1.175673,0.871227,4.227547,4.421169,3.015560,0.171807,2.556474,4.199197,3.714337,3.649904
-2.047097,-30.287305,-1.755897,2.183126,2.875518,3.175028,4.201779,4.584469,3.056342,1.524268,3.160562,3.027081,2.877490,2.049974,2.586528,2.562528,3.945010,4.076189,1.377349,0.977220,1.284565,1.208534,1.130893,0.881859,1.166331,0.866395,4.257831,4.420847,3.012338,0.012013,2.503639,4.191142,3.724002,3.631541
-6.242676,-30.283192,-1.779897,2.147947,2.848230,3.137877,4.198821,4.585126,3.041547,1.489089,3.151357,3.036616,2.863353,2.022685,2.577323,2.597378,3.945996,4.082107,1.396034,0.935983,1.298096,1.184372,1.121872,0.862851,1.145068,0.866073,4.276516,4.423102,3.013305,0.011691,2.462724,4.180833,3.714659,3.577417
-8.337096,-30.602315,-1.819021,2.093043,2.836723,3.145439,4.189615,4.592030,3.008341,1.397033,3.150699,3.038588,2.850531,2.008877,2.519130,2.558254,3.941722,4.092299,1.394746,0.925351,1.299707,1.174707,1.129604,0.875738,1.165042,0.849642,4.279738,4.424391,3.015882,0.011691,2.420520,4.176967,3.711760,3.553254
-6.093566,-29.396183,-1.931462,2.057535,2.786092,3.168782,4.189944,4.591702,2.977437,1.300375,3.133274,2.983355,2.775243,1.851396,2.494143,2.530966,3.955201,4.079148,1.393457,0.905699,1.292942,1.150222,1.113818,0.844166,1.163109,0.828057,4.285537,4.422458,3.021359,0.012335,2.293587,4.165691,3.692108,3.489465
-2.593802,-29.047164,-1.912064,1.916164,2.829490,3.124726,4.187971,4.580195,2.935354,1.187935,3.111247,2.920231,2.660173,1.733367,2.534253,2.583569,3.949284,4.026216,1.386692,1.010403,1.288753,1.176962,1.101575,0.857052,1.196614,0.823869,4.260408,4.418592,3.018459,0.012013,2.366396,4.158926,3.688886,3.477868
6.962110,-33.923720,-1.982422,1.768874,2.832449,3.125384,4.181724,4.575921,2.927135,1.147167,3.110260,2.868942,2.632227,1.713640,2.489541,2.632885,3.937777,4.000901,1.398934,1.026189,1.300029,1.217877,1.121228,0.884114,1.243328,0.848354,4.254287,4.416659,3.012338,0.011691,2.458536,4.167947,3.704994,3.614788
11.212281,-32.959589,-2.062643,1.665311,2.859079,3.122754,4.180409,4.562112,2.842970,1.086673,3.081328,2.816339,2.585871,1.581803,2.460609,2.773928,3.915749,3.954873,1.397967,1.027800,1.305184,1.252349,1.115751,0.897645,1.255893,0.847709,4.267818,4.414726,3.006217,0.011691,2.452415,4.171168,3.719814,3.720136
5.269528,-31.485488,-2.123138,1.480870,2.727571,3.066863,4.139971,4.554879,2.789709,1.039001,3.049438,2.804832,2.554309,1.520652,2.420499,2.736776,3.864132,3.922982,1.377993,1.052606,1.302929,1.298418,1.142168,0.979475,1.264269,0.835145,4.246555,4.388630,2.983343,0.522323,2.585147,4.165369,3.737211,3.769750
-1.268042,-28.882622,-2.033053,1.586077,2.606583,3.036616,4.125176,4.558825,2.699297,0.939712,3.019520,2.814038,2.536884,1.623228,2.570418,2.750914,3.852954,3.920023,1.390236,1.019101,1.309050,1.301318,1.127993,1.010725,1.252349,0.799062,4.231091,4.388952,2.987854,0.537142,2.516526,4.128642,3.697585,3.748165
-7.353338,-28.362718,-2.035026,1.590680,2.458965,2.997821,4.106436,4.555866,2.570090,0.881191,2.994533,2.798914,2.479349,1.493035,2.598035,2.739078,3.836844,3.905228,1.374772,0.980441,1.310016,1.275545,1.161498,1.022001,1.235596,0.787464,4.219171,4.369622,2.993975,0.999771,2.479799,4.055511,3.639917,3.725935
-11.241693,-22.851950,-1.993929,1.569310,2.354744,2.884723,4.057778,4.549948,2.464883,0.905191,2.973492,2.769982,2.458636,1.493035,2.661488,2.735133,3.797391,3.870379,1.311305,0.947581,1.265880,1.231730,1.149578,0.995583,1.204991,0.748160,4.164725,4.332895,2.992042,1.363496,2.350610,3.978835,3.564852,3.681798
-12.849184,-16.509349,-1.978806,1.573584,2.355073,2.863682,4.032134,4.547975,2.386306,0.862122,2.957053,2.727242,2.339950,1.400650,2.668392,2.763407,3.782926,3.861831,1.229797,0.847709,1.209823,1.013302,1.094810,0.804217,1.142490,0.680183,4.109312,4.304545,3.004606,1.322581,1.942105,3.791979,3.412146,3.533924
-9.907425,-16.842678,-2.000176,1.415445,2.214030,2.696666,4.042654,4.524304,2.201537,0.795381,2.838038,2.669050,2.186085,1.320101,2.669050,2.747297,3.735911,3.762213,1.080635,0.567103,1.061305,0.701769,0.943715,0.553250,0.913753,0.554539,4.080317,4.260730,3.015560,0.325480,1.362851,3.536179,3.293267,3.079671
-17.015829,-6.517130,-1.667128,1.100153,1.974027,2.407348,3.899310,4.448686,1.814244,0.667489,2.438252,2.584884,1.915506,1.286566,2.672995,2.712447,3.665554,3.530430,0.889913,0.524256,0.831279,0.536498,0.776833,0.322580,0.637658,0.385080,3.792623,4.170202,2.985598,0.511691,0.983341,3.201127,3.075805,2.587080
-23.071398,-2.732945,-1.616825,0.998562,1.763942,2.217318,3.907530,4.428303,1.438130,0.468582,2.249866,2.566802,1.875067,1.286895,2.637159,2.692392,3.711582,3.478155,0.718199,0.534243,0.625093,0.303572,0.604797,0.228830,0.566459,0.221420,3.465625,4.099003,2.945328,0.011369,0.406343,3.085148,2.729155,2.571294
-24.940341,-2.404604,-1.518193,1.365143,2.076275,2.347511,4.071915,4.494057,1.745860,0.748038,2.336004,2.550692,1.832656,1.252703,2.657871,2.782147,3.821063,3.701719,0.674707,0.330956,0.579990,0.075480,0.527799,0.106407,0.508147,0.247838,3.532636,4.063565,2.930186,0.011369,0.000415,2.940173,2.619941,2.559051
-26.361985,-1.651197,-1.472494,1.462130,2.105207,2.382361,4.099861,4.511482,1.887560,0.783216,2.344553,2.554309,1.815888,1.227058,2.652282,2.833764,3.856241,3.756295,0.685016,0.240106,0.554539,0.127670,0.510080,0.097387,0.486562,0.246227,3.541012,4.046168,2.909245,0.010080,-0.000551,2.989787,2.668588,2.550031
-27.838461,-1.211343,-1.566852,1.498295,2.100604,2.484938,4.123532,4.522002,2.017425,0.797682,2.441869,2.557925,1.809642,1.213579,2.629268,2.866970,3.896680,3.793446,0.683405,0.194036,0.551317,0.138302,0.486562,0.086111,0.486240,0.239462,3.555509,4.039080,2.895714,0.010724,0.000415,3.059697,2.667621,2.552608
-28.914464,-1.377644,-1.600058,1.510131,2.126248,2.509267,4.141943,4.535811,2.011178,0.817738,2.459294,2.560884,1.811943,1.181030,2.545432,2.869929,3.910160,3.866433,0.696936,0.127992,0.540042,0.130892,0.482696,0.080634,0.478830,0.229152,3.559053,4.025227,2.877029,0.009758,-0.000229,3.221746,2.816139,2.565172
-30.637798,-0.769840,-1.595455,1.453253,2.093700,2.507623,4.149834,4.538112,1.954630,0.797025,2.442526,2.554966,1.772490,1.154729,2.480664,2.878477,3.917064,3.877283,0.700480,0.079668,0.521678,0.122838,0.480441,0.077413,0.491395,0.223675,3.590303,4.011374,2.838691,0.009114,-0.001196,3.267171,2.889593,2.544554
-30.396197,0.353175,-1.592825,1.425308,2.081864,2.466198,4.158382,4.541728,1.895122,0.780586,2.439567,2.551678,1.778080,1.144537,2.461266,2.876175,3.916406,3.886817,0.698869,0.036498,0.505892,0.110596,0.471743,0.069036,0.498804,0.205312,3.586759,4.001709,2.758794,0.009758,-0.000229,3.320973,2.963047,2.489786
-30.855084,1.030089,-1.586907,1.441746,2.131838,2.462253,4.158711,4.540413,1.920109,0.782559,2.433978,2.551678,1.776765,1.129084,2.441540,2.866312,3.921009,3.892735,0.681150,0.022967,0.486240,0.088366,0.430183,0.035209,0.472387,0.193714,3.577417,3.977547,2.740108,0.009436,0.000415,3.314207,2.954348,2.460469
-30.391565,2.965368,-1.594797,1.456541,2.124605,2.457321,4.161341,4.543044,1.909588,0.788477,2.441211,2.550692,1.763285,1.123495,2.427732,2.864011,3.919694,3.905886,0.662464,0.018134,0.471743,0.082889,0.421485,0.031021,0.462078,0.210467,3.556476,3.969492,2.733987,0.009114,-0.000229,3.298421,2.950805,2.527801
-30.022755,0.983706,-1.610907,1.424650,2.131509,2.449759,4.154437,4.542057,1.769203,0.752641,2.421814,2.544445,1.741257,1.107386,2.422471,2.826860,3.913776,3.904242,0.611884,0.016523,0.420841,0.075480,0.395067,0.000415,0.400222,0.186304,3.527803,3.946619,2.724967,0.009436,-0.000551,3.238498,2.895714,2.345134
-31.098353,5.180667,-1.531344,1.497966,2.155509,2.483623,4.162327,4.545016,1.940821,0.840752,2.436608,2.526034,1.764600,1.135660,2.458307,2.865326,3.923311,3.910489,0.636369,0.001059,0.463044,0.093199,0.405699,0.035209,0.424707,0.214333,3.550355,3.957894,2.730766,0.009114,-0.000874,3.139271,2.861887,2.326770
-29.258203,4.044753,-1.541207,1.488103,2.144331,2.504993,4.151478,4.541400,2.002959,0.855875,2.447129,2.527678,1.792217,1.139934,2.481321,2.867627,3.910489,3.909174,0.633470,-0.000229,0.473998,0.122838,0.444036,0.086111,0.473031,0.226897,3.548100,3.943397,2.815173,0.010080,-0.000874,3.129929,2.872518,2.322582
-29.022619,3.838002,-1.530358,1.450952,2.157153,2.428389,4.136025,4.537454,1.968767,0.838450,2.423786,2.505322,1.740600,1.098509,2.480006,2.830147,3.910160,3.892735,0.663753,0.000093,0.502348,0.136047,0.450802,0.103508,0.479797,0.239462,3.597713,3.957572,2.877995,0.010080,-0.000874,3.115109,2.894748,2.361242
-28.224869,3.536046,-1.505042,1.458514,2.184770,2.451403,4.132738,4.534495,1.999343,0.842067,2.422143,2.492828,1.746518,1.120865,2.499075,2.855463,3.908516,3.883858,0.679539,0.000093,0.526511,0.151188,0.473998,0.107052,0.496227,0.235918,3.612855,3.950807,2.891204,0.010080,-0.000229,3.132506,2.974323,2.346422
-26.689279,3.232367,-1.471507,1.464432,2.179509,2.458307,4.125833,4.533180,1.985206,0.851601,2.401101,2.471787,1.712983,1.161962,2.533925,2.906751,3.896351,3.864132,0.692426,-0.000874,0.558405,0.170196,0.492683,0.138624,0.492683,0.254926,3.645394,3.961760,2.900869,0.009758,-0.000551,3.142171,2.982055,2.528446
-25.772079,1.744587,-1.373861,1.452267,2.172605,2.401759,4.111368,4.520030,2.000000,0.846341,2.320223,2.417869,1.672544,1.119879,2.612501,2.986971,3.899968,3.822378,0.686949,0.000093,0.566137,0.173096,0.489462,0.163753,0.476897,0.255892,3.653770,3.963693,2.899258,0.010724,-0.000229,3.119297,2.984310,2.591590
-25.777580,0.422940,-1.276216,1.439774,2.153536,2.367567,4.088682,4.508523,1.833971,0.811820,2.203838,2.393868,1.642297,1.117249,2.630255,3.051739,3.903913,3.781610,0.695003,0.000093,0.601575,0.183083,0.526511,0.199513,0.483985,0.256859,3.704350,3.980768,2.903124,0.010724,-0.000551,3.070328,2.954026,2.643781
-26.359560,0.703593,-1.267996,1.429582,2.156495,2.366251,4.070600,4.500961,1.782354,0.823984,2.198249,2.379402,1.639009,1.129742,2.649323,3.073438,3.899968,3.754980,0.727220,0.000093,0.647323,0.191459,0.593199,0.225608,0.491717,0.243328,3.729479,3.978191,2.915044,0.011369,-0.000229,3.153125,2.964336,2.670521
-25.918764,2.716218,-1.421534,1.529200,2.242305,2.616775,4.075860,4.505564,1.776107,0.931493,2.493815,2.403403,1.657092,1.226401,2.711461,3.140836,3.911475,3.752350,0.742683,-0.000229,0.695647,0.201124,0.623482,0.253315,0.509114,0.222387,3.750742,3.987856,2.921488,0.010080,-0.000229,3.193395,3.018137,2.759438
-20.050277,3.662263,-1.672059,1.562077,2.301484,2.756503,4.038709,4.490111,1.925698,0.996589,2.767681,2.348827,1.747175,1.283936,2.660502,3.093493,3.897995,3.702377,0.718199,0.000415,0.699513,0.147645,0.642490,0.267490,0.525544,0.239462,3.762984,4.002031,2.952738,0.011047,-0.000229,3.136372,3.055186,2.932441
-8.175921,8.870025,-1.821323,1.598570,2.340607,2.893271,3.904242,4.400357,2.077590,1.070234,3.000780,2.272223,1.602187,1.372047,2.681872,3.123411,3.848351,3.443305,0.480119,-0.000551,0.572580,0.127992,0.559049,0.201124,0.456601,0.000415,3.491398,3.855768,2.926320,0.011047,0.000415,2.887016,2.800353,2.502028
1.143325,24.930983,-1.858474,1.471336,2.310032,2.922203,3.464018,4.158382,2.017754,1.260922,2.999465,2.007562,1.555830,1.766901,2.761763,3.003081,3.539635,2.832778,0.276833,0.000093,0.103830,0.000415,0.415364,0.057116,0.364139,-0.000551,2.938240,3.591270,3.006217,0.012980,-0.000229,2.443394,1.817749,1.938883
2.216319,30.303542,-2.249058,0.873300,1.671229,2.870258,2.715735,3.816789,2.268935,1.264538,3.042205,1.707723,0.928205,1.301690,2.576336,2.621378,2.855792,2.161427,0.008147,0.083212,0.000415,0.000737,0.043585,0.000415,0.184694,0.000093,1.498805,3.070328,2.768781,0.010080,-0.000874,2.209180,0.008791,-0.000229
3.478444,30.610261,-2.402925,0.058931,1.001521,2.470472,1.581145,3.578759,2.571405,1.225743,2.872888,1.913205,0.080302,1.038343,2.111783,1.906300,2.192660,1.900383,0.017812,0.318392,-0.000551,0.011691,0.066781,-0.000229,0.169230,0.000415,0.397645,2.714979,2.696294,0.009758,0.056150,2.314206,0.010402,0.000415
4.258351,38.268305,-2.527859,0.060575,1.023220,2.609871,1.656434,3.600129,2.629268,1.257305,2.968560,1.954630,0.051370,1.042946,2.142358,1.977644,2.216003,1.937205,0.000093,0.257503,-0.000229,0.000093,0.022322,-0.001196,0.169552,0.000415,0.178895,2.619618,2.676320,0.012657,0.036820,2.180829,0.008147,0.000093
4.170186,44.877963,-2.683370,0.061233,1.029467,2.747297,1.690955,3.637938,2.641104,1.255990,3.036944,1.960548,0.001067,0.990672,2.118029,1.967123,2.232770,1.939178,0.000737,0.239784,0.000093,0.006858,0.000093,-0.000551,0.161498,-0.000229,0.010402,2.432440,2.623807,0.010080,0.033598,2.073548,0.009114,0.001059
4.388494,49.760129,-2.829017,0.060904,0.969301,2.731516,1.860930,3.666541,2.666091,1.258949,3.057328,1.854026,0.001396,1.001192,2.133481,1.975342,2.240332,1.948054,0.000093,0.266846,0.000415,0.000093,0.000093,-0.000874,0.191137,0.000093,0.000415,2.377994,2.571938,0.009114,0.082245,1.970133,0.007825,0.000093
4.114700,54.146847,-2.970062,0.061890,0.767435,2.831791,1.883944,3.670486,2.663132,1.297416,3.068178,1.907287,0.001396,1.032097,2.183783,2.044713,2.263346,1.945753,0.000415,0.313237,0.000093,0.027799,-0.000229,0.000093,0.202090,-0.000229,0.000093,2.312273,2.497840,0.009758,0.338044,1.910210,0.008469,-0.000551
4.127171,55.448213,-2.942773,0.062877,0.982781,3.029383,2.116385,3.697445,2.695680,1.295114,3.101712,1.770518,0.001396,1.076481,2.268278,2.074631,2.313319,1.974027,0.025866,0.468199,-0.000229,0.045840,0.000415,-0.000229,0.218843,0.000415,-0.000874,2.296164,2.443716,0.010724,0.450802,1.930185,0.007181,-0.000874
3.771021,54.821171,-2.876032,0.065178,1.001521,3.127356,2.209756,3.729336,2.738749,1.352649,3.133274,1.886574,0.091151,1.171167,2.424115,2.183783,2.415567,2.000987,0.025866,0.578379,0.000093,0.038108,0.000415,0.001382,0.229797,-0.000229,0.000093,2.308407,2.518781,0.008791,0.426962,1.902478,0.007181,0.000415
2.836131,54.668360,-2.697836,0.066822,1.059056,3.149713,2.297538,3.728021,2.872559,1.376321,3.136891,1.947726,0.345950,1.246456,2.505979,2.267291,2.540171,2.089755,0.023289,0.637013,-0.000229,0.048740,0.000415,-0.000229,0.221098,0.000415,-0.000229,2.275546,2.530379,0.010080,0.394745,1.891847,0.007825,-0.001196
1.913853,54.105088,-2.672520,0.067479,1.167880,3.170425,2.399457,3.754980,2.978752,1.455226,3.142809,2.007891,0.560638,1.292155,2.512555,2.389265,2.699297,2.243620,0.020712,0.684372,-0.000551,0.065492,0.000737,0.000415,0.213688,0.000093,-0.000551,2.233020,2.535533,0.009758,0.374449,1.879927,0.006858,-0.000229
0.780554,54.136313,-2.432186,0.071753,1.170839,3.177001,2.459951,3.806597,3.051739,1.669585,3.147083,2.048987,0.643488,1.286895,2.576994,2.491513,2.763736,2.286689,0.006536,0.707890,0.000093,0.076768,-0.000551,0.000093,0.205956,-0.000229,0.000093,2.236564,2.596745,0.009436,0.353186,1.938239,0.007503,-0.000551
0.009301,52.497454,-2.350978,0.074712,1.280977,3.180289,2.552993,3.844406,3.143137,1.985206,3.140178,2.274853,0.736531,1.395390,2.693707,2.575021,2.850531,2.470143,0.007825,0.764591,0.000093,0.088044,0.006858,-0.000229,0.201446,0.000093,-0.000229,2.349322,2.710791,0.173740,0.355763,1.931151,0.008147,0.000415
-0.400734,47.742166,-2.288840,0.076685,1.375006,3.239139,2.683844,3.891091,3.155959,2.202195,3.144781,2.263017,0.713188,1.551556,2.749599,2.664776,2.920888,2.542144,0.016201,0.858663,0.000415,0.090299,0.032309,0.000093,0.210145,-0.000874,-0.000551,2.394747,2.783601,0.227864,0.350286,1.976576,0.007503,-0.000551
-1.166721,41.576163,-2.016286,0.719435,1.683722,3.269057,2.845600,3.964078,3.331194,2.500061,3.232892,2.331730,0.873300,1.938849,2.900504,2.805490,3.083301,2.686475,0.036820,0.922774,0.000737,0.133469,0.073224,0.000415,0.217877,0.000415,-0.000229,2.494940,2.854155,0.267168,0.401511,2.063239,0.008469,-0.000551
-2.853794,34.284090,-1.743732,1.212264,2.162085,3.296345,3.070150,4.016682,3.403853,2.656556,3.248673,2.398471,1.432870,2.283401,3.045492,2.898203,3.202974,2.904778,0.060660,0.978508,-0.000229,0.183405,0.084178,0.000093,0.210145,-0.000229,-0.000229,2.627028,2.978833,0.361884,0.556794,2.098677,0.009114,-0.000229
0.429048,17.805462,-1.604332,1.420376,2.364936,3.225988,3.222700,4.037065,3.263468,2.580281,3.145439,2.497431,1.725147,2.285702,3.030698,2.879792,3.306537,2.972834,0.081279,1.106086,-0.000551,0.237851,0.105763,-0.000229,0.187271,-0.000229,0.001382,2.784889,3.031024,0.539397,0.584823,2.140236,0.009114,0.033276
1.759658,5.283019,-1.640497,1.484815,2.264332,3.067849,3.199357,4.014380,3.123082,2.417869,3.110918,2.537212,2.016768,2.279456,2.981053,2.817654,3.308180,2.947519,0.196936,1.149256,0.000093,0.446936,0.271678,0.000093,0.315170,0.000093,1.278122,3.214658,3.163112,1.220132,1.029088,2.547776,0.011047,0.878315
11.404559,2.339706,-1.456384,1.465747,2.099947,2.642748,2.993875,3.889118,3.017876,2.440554,2.887025,2.405704,2.101262,2.284059,2.930423,2.754859,3.181275,2.759462,0.211755,1.224320,0.000093,0.359629,0.298418,0.004281,0.387658,0.030054,1.373805,3.312919,3.091591,1.473676,1.192748,2.555508,0.193714,1.563883
17.631983,2.899098,-1.342628,1.265525,1.832327,2.695023,2.565816,3.712897,3.317715,2.469157,2.845271,2.334689,2.038795,2.258414,2.790366,2.601652,3.029383,2.635515,0.103186,1.254926,0.000093,0.262335,0.157954,0.000093,0.348353,0.027477,0.152155,3.030379,3.085470,1.264591,0.935016,2.299708,0.009114,1.297452
24.686414,-2.570243,-1.605318,0.979493,1.715613,2.800887,2.452061,3.684952,3.341715,2.404389,2.992889,2.275839,1.769532,2.138742,2.707187,2.554637,2.983355,2.596720,0.017490,0.990106,-0.000551,0.215621,0.043263,0.000093,0.288109,0.002348,0.000737,2.603832,3.103511,0.662142,0.565493,2.175030,0.010080,0.977542
26.110978,-2.188717,-1.700991,0.841409,1.785641,3.026095,2.498417,3.736240,3.362428,2.427074,3.047136,2.204496,1.643941,2.113426,2.730530,2.575350,3.011629,2.611515,-0.000551,0.738818,0.000415,0.197258,-0.000229,-0.000229,0.227864,0.000737,-0.000874,2.492041,3.129284,0.503637,0.360918,2.060984,0.009114,0.588689
28.321444,-1.639339,-1.739787,0.782559,1.807011,3.066534,2.559240,3.758268,3.377880,2.458307,3.089877,2.353758,1.649201,2.112111,2.769325,2.600665,3.023136,2.615131,0.001059,0.738495,0.000093,0.188882,0.000093,0.000415,0.233018,0.000415,-0.000551,2.506216,3.198550,0.511369,0.342232,1.984630,0.008147,0.484629
28.885891,-1.406255,-1.776938,0.751654,1.856656,3.143466,2.672009,3.868735,3.391359,2.453047,3.097438,2.401759,1.644270,2.147619,2.793983,2.644063,3.032999,2.618090,0.000415,0.748160,0.000093,0.181794,0.004281,0.000093,0.232696,0.000093,-0.000551,2.507183,3.185985,0.550673,0.323225,1.976898,0.008469,0.493650
29.253372,-0.709484,-1.811788,0.723709,1.820162,3.187521,2.665104,3.876954,3.414373,2.456664,3.135904,2.456992,1.631776,2.188715,2.805818,2.658858,3.036287,2.605268,-0.000229,0.755248,0.000415,0.180505,0.001059,0.000415,0.237529,0.000093,-0.000551,2.513304,3.238176,0.589977,0.320969,1.981087,0.008469,0.483663
29.207914,0.547435,-1.841707,0.714503,1.825751,3.181275,2.702584,3.876625,3.398592,2.435951,3.139521,2.447787,1.590680,2.177866,2.808120,2.659187,3.035958,2.595734,0.000093,0.746872,0.000093,0.175995,0.012335,0.000093,0.231730,-0.000551,-0.000229,2.505572,3.233022,0.602219,0.279732,1.981731,0.008147,0.293263
29.533427,0.548194,-1.880173,0.667818,1.789258,3.208563,2.668721,3.869063,3.390702,2.436937,3.147411,2.452718,1.571940,2.224880,2.817654,2.642419,3.031355,2.576007,0.002348,0.758147,0.000093,0.183083,0.034887,-0.000229,0.230441,-0.000229,0.000093,2.535533,3.236888,0.634114,0.351253,1.978187,0.008147,0.307116
30.835755,-0.529724,-1.908119,0.585625,1.778080,3.197056,2.652940,3.844734,3.370647,2.418197,3.142151,2.415896,1.529857,2.192660,2.781818,2.628940,3.023136,2.569761,0.002026,0.742361,0.000093,0.169874,0.042297,0.000737,0.228186,0.000093,-0.000874,2.529412,3.198550,0.643779,0.345132,2.065494,0.008469,0.220454
32.518850,-2.932156,-1.864721,0.424855,1.742244,3.170754,2.642748,3.814488,3.333496,2.389265,3.126699,2.413923,1.432541,2.160769,2.778859,2.627953,3.016889,2.587514,0.000093,0.754281,0.000415,0.164075,0.040686,0.000415,0.219487,-0.000229,-0.000229,2.615430,3.240431,0.582890,0.347709,2.075159,0.008469,0.180505
33.061709,-2.016335,-1.886091,0.338717,1.745202,3.167138,2.653597,3.813830,3.342044,2.370854,3.119795,2.387622,1.467062,2.163400,2.765380,2.611515,3.018862,2.597378,0.007181,0.730763,-0.000229,0.161498,0.051962,0.000093,0.217554,-0.000229,-0.000874,2.595134,3.224645,0.662787,0.356408,2.182118,0.008791,0.033920
33.958214,-1.661103,-1.894968,0.338059,1.775778,3.176672,2.697981,3.811529,3.344016,2.339292,3.117165,2.401430,1.389143,2.145975,2.791352,2.610857,3.014588,2.596391,0.002026,0.751382,-0.000229,0.137657,0.050995,-0.000229,0.233663,0.000093,-0.000229,2.669876,3.243975,0.661498,0.387335,2.223355,0.010402,0.280699
34.256135,-0.524283,-1.910749,0.277236,1.825423,3.185220,2.747297,3.887475,3.350263,2.346854,3.122096,2.401430,1.342786,2.191674,2.798585,2.626309,3.021163,2.617104,0.014268,0.778122,-0.000229,0.134436,0.053250,-0.000229,0.228830,0.000415,0.000093,2.695972,3.232377,0.689848,0.401511,2.240108,0.009758,0.281021
35.236546,0.537935,-1.925544,0.281181,1.864875,3.209878,2.777544,3.895365,3.344674,2.346854,3.130315,2.388279,1.233963,2.203838,2.812394,2.643077,3.023794,2.637816,0.001704,0.778766,0.000415,0.130248,0.054539,0.000415,0.242361,-0.000229,-0.000551,2.757183,3.239787,0.672451,0.429217,2.234309,0.009114,0.423096
36.876526,-0.314969,-1.951189,0.256524,1.854683,3.209878,2.781818,3.896351,3.341058,2.352772,3.150699,2.389594,1.194839,2.176879,2.827189,2.641762,3.023465,2.610857,0.000093,0.813560,0.000415,0.118005,0.053895,0.000093,0.243650,0.000093,-0.000551,2.783923,3.241076,0.693714,0.452735,2.265559,0.009758,0.524256
36.292929,0.003706,-1.966312,0.271318,1.874081,3.190809,2.781489,3.880899,3.330537,2.360662,3.151028,2.380389,1.183003,2.157153,2.826860,2.635186,3.012287,2.627624,0.015235,0.832245,-0.000551,0.118328,0.059693,-0.000874,0.295518,-0.000229,-0.000551,2.805830,3.202738,0.679217,0.488173,2.322582,0.009436,0.534565
35.101547,1.344246,-1.967298,0.259154,1.748819,3.177987,2.694036,3.861173,3.319359,2.292278,3.128343,2.382690,1.207332,2.103892,2.788394,2.620392,2.992560,2.642419,0.016201,0.861562,-0.000229,0.121227,0.060660,-0.000229,0.320003,0.000093,0.000093,2.772647,3.227545,0.687915,0.473031,2.351899,0.009758,0.533920
33.950263,1.719758,-1.983080,0.169728,1.695887,3.168782,2.717050,3.857228,3.284509,2.227839,3.115521,2.340936,0.895656,2.059179,2.774585,2.591460,2.969546,2.647680,0.015235,0.849642,0.000093,0.116717,0.066781,-0.000551,0.331601,0.000415,-0.000551,2.817428,3.213692,0.704668,0.536176,2.432762,0.010402,0.500093
34.932177,1.876761,-2.045876,0.076356,1.564378,3.134918,2.619405,3.827967,3.218755,2.142687,3.101384,2.323840,0.813792,2.026631,2.713105,2.553980,2.918258,2.578638,0.019423,0.873805,0.000415,0.123482,0.065170,-0.000229,0.302284,-0.000551,0.000093,2.765882,3.207248,0.886691,0.523933,2.426641,0.010402,0.511047
35.699020,5.164468,-2.099466,0.073397,1.474952,3.099740,2.442198,3.785227,3.145768,1.965151,3.054369,2.287018,0.510993,1.989480,2.738749,2.500061,2.872559,2.568446,0.031343,0.947258,-0.000229,0.122838,0.083534,-0.000229,0.331601,0.000415,-0.000229,2.809052,3.188885,0.963689,0.668263,2.555830,0.012013,0.601897
28.897654,6.141528,-2.305279,0.070110,1.272100,3.010643,2.379402,3.775693,3.109603,1.744545,3.014259,2.212387,0.116795,1.853697,2.705543,2.420499,2.834421,2.584555,0.041652,0.943715,-0.000229,0.124126,0.096098,-0.000229,0.356408,-0.000551,0.000093,2.842879,3.153125,1.056795,0.719810,2.692428,0.011047,0.676317
20.270958,2.220332,-2.238866,0.066493,1.000863,2.877490,2.131509,3.714870,2.880778,1.327334,2.949163,2.238359,0.000081,1.777422,2.666419,2.359018,2.789051,2.483623,0.016846,0.881214,0.000415,0.170840,0.081923,-0.000229,0.299706,-0.000229,0.000093,2.642170,3.044555,0.832245,0.695003,2.727222,0.012013,0.271356
2.631105,7.547414,-1.798966,0.780915,1.296101,2.546747,2.307073,3.677390,2.600008,1.405910,2.815024,2.003946,0.296963,1.812601,2.616117,2.656885,2.930094,2.677926,0.000093,0.727220,-0.000229,0.139913,0.092554,-0.000229,0.192748,0.000737,-0.000874,2.487531,2.735276,0.364139,0.522323,2.691784,0.012013,0.100931
-2.015396,-8.572617,-1.709540,1.002507,1.373362,2.230469,2.651954,3.745446,2.007233,0.968973,2.696009,1.924383,1.304977,1.596598,2.642090,2.811079,3.166151,2.708502,0.000093,0.565170,-0.000551,0.062915,0.124771,-0.000874,0.093843,0.000093,-0.000874,2.484953,2.558729,0.218521,0.353830,2.666332,0.010724,0.388946
-7.289882,-41.253689,-1.964340,0.354498,1.212593,1.951671,3.112890,4.027860,1.427609,0.134549,2.368224,1.921095,1.351663,1.180373,2.497431,2.646036,3.411414,3.133274,0.242039,0.491073,-0.000551,0.000415,0.400544,-0.000551,0.219487,0.000093,2.104798,3.346746,2.743330,0.011047,-0.000551,2.750740,1.294230,0.777477
-3.399301,-57.818741,-0.733082,0.043479,0.724038,1.664982,3.488347,4.215917,0.043479,0.042164,0.775655,1.678133,0.589899,0.000739,1.505528,2.693707,3.510375,3.060287,0.568714,0.223675,0.611562,-0.000229,0.566137,0.120905,0.380570,0.064526,3.397326,3.956928,2.903446,0.010724,-0.000874,3.225290,2.671809,1.862530
-2.037451,-60.635927,-0.720260,0.042164,0.856204,1.649859,3.535032,4.236958,0.043808,0.043150,0.763161,1.582461,0.431759,-0.000905,1.313197,2.751900,3.560348,3.091849,0.720132,0.115106,0.739784,0.105441,0.614462,0.173096,0.379926,0.272000,3.735600,4.016206,2.923098,0.010402,-0.000551,3.545844,3.084825,2.353188
-1.417511,-61.162685,-0.730781,0.041178,0.843053,1.619941,3.527471,4.232684,0.043479,0.041835,0.772696,1.537090,0.367649,-0.000576,1.293142,2.780503,3.553772,3.068835,0.742361,0.130248,0.758792,0.161820,0.642812,0.201446,0.408276,0.285531,3.797778,4.026516,2.921165,0.010724,0.158598,3.635729,3.171166,2.518136
-1.501248,-60.465052,-0.737356,0.041506,0.885136,1.645256,3.517936,4.229725,0.043479,0.041835,0.780258,1.548597,0.280853,0.000410,1.291498,2.809764,3.547526,3.060616,0.740750,0.130248,0.765879,0.166974,0.646678,0.205312,0.406987,0.293907,3.802933,4.025227,2.916333,0.011047,0.243005,3.630574,3.174065,2.531667
1.054537,-61.643726,-0.741302,0.043150,0.900588,1.687667,3.514320,4.228410,0.042821,0.042164,0.784532,1.578844,0.264743,0.001067,1.396376,2.861381,3.542265,3.055027,0.741395,0.131214,0.762013,0.166008,0.650544,0.204346,0.408598,0.301639,3.807121,4.026194,2.913111,0.011691,0.228830,3.624453,3.170844,2.556152
4.784666,-63.635933,-0.714342,0.043150,0.902561,1.673530,3.484730,4.212629,0.042493,0.044794,0.756586,1.600214,0.172687,0.000081,1.471007,2.853819,3.503799,3.024451,0.729475,0.130892,0.759436,0.168907,0.648611,0.204668,0.398611,0.319036,3.794879,4.023294,2.903768,0.010724,0.226575,3.612855,3.165367,2.559696
3.905367,-64.627084,-0.664697,0.040849,0.881519,1.653475,3.459744,4.200464,0.042493,0.041835,0.705955,1.417088,0.065178,-0.000248,1.438130,2.842312,3.466319,2.985327,0.724320,0.113817,0.743650,0.165041,0.635725,0.195325,0.376060,0.339655,3.776515,4.001065,2.898936,0.010402,0.247516,3.591592,3.124774,2.546487
5.150547,-64.191614,-0.695602,0.040520,0.762504,1.645256,3.421935,4.194218,0.043479,0.041835,0.737517,1.484815,0.010602,-0.000248,1.405581,2.855792,3.452182,2.942916,0.706923,0.110918,0.740750,0.169874,0.626060,0.190815,0.358341,0.287142,3.737533,4.014596,2.824838,0.010724,0.313882,3.548100,3.041011,2.419554
4.249606,-62.371686,-0.687054,0.040191,0.745079,1.670571,3.421278,4.189944,0.041506,0.041178,0.728969,1.423006,0.006985,0.000410,1.481528,2.869929,3.444292,2.932395,0.714333,0.113173,0.737529,0.172451,0.611884,0.188882,0.359951,0.291652,3.739144,4.025871,2.819039,0.009758,0.462722,3.563886,3.045843,2.445649
4.381529,-62.178493,-0.693629,0.040849,0.844039,1.678133,3.406812,4.187971,0.041506,0.039534,0.734887,1.449966,0.001725,-0.000576,1.483829,2.876504,3.443963,2.917601,0.688560,0.114462,0.726575,0.175351,0.605119,0.183405,0.327413,0.287464,3.713048,4.013307,2.811629,0.010724,0.371549,3.555832,3.020070,2.408278
4.224837,-62.181908,-0.690013,0.040849,0.817080,1.680106,3.375907,4.183697,0.043150,0.039863,0.729627,1.276703,0.001396,0.001067,1.487446,2.876504,3.436401,2.908066,0.678895,0.114784,0.709178,0.168907,0.592555,0.171485,0.302606,0.258147,3.680510,4.009119,2.806152,0.009758,0.227541,3.490754,2.991397,2.360920
4.324211,-61.916552,-0.691657,0.040520,0.817080,1.675832,3.349934,4.182382,0.041178,0.040191,0.732586,1.244483,0.001725,0.004026,1.504213,2.873874,3.413387,2.911354,0.659243,0.113817,0.698225,0.158598,0.584823,0.137980,0.283276,0.231085,3.644105,3.993977,2.785212,0.010724,0.118005,3.430509,2.969168,2.237852
3.889417,-61.387168,-0.711712,0.039534,0.843711,1.694900,3.343030,4.181396,0.040520,0.039863,0.750339,1.213579,0.000410,0.001067,1.480870,2.870258,3.408127,2.907080,0.644423,0.110596,0.686627,0.142168,0.575158,0.119616,0.255892,0.184694,3.608989,3.974003,2.784889,0.012013,0.060016,3.399259,2.960147,2.127672
3.267059,-60.963886,-0.736370,0.040849,0.908150,1.694572,3.334153,4.181396,0.042493,0.039205,0.777956,1.208647,-0.000248,0.000410,1.439445,2.853819,3.399907,2.913327,0.636369,0.114139,0.672129,0.125093,0.560982,0.107696,0.263624,0.154410,3.579994,3.974325,2.784889,0.011047,-0.000874,3.393138,2.930186,2.003960
3.399532,-61.271415,-0.759713,0.040191,0.992644,1.702791,3.367030,4.183040,0.041178,0.040191,0.800970,1.183332,0.000739,0.000081,1.671886,2.881107,3.410757,2.914970,0.632825,0.130570,0.673418,0.117683,0.574513,0.125737,0.269423,0.140557,3.572906,3.975614,2.788755,0.011369,0.040364,3.387983,2.952415,1.996551
2.703198,-57.577511,-0.757083,0.041178,0.977192,1.723175,3.382483,4.183697,0.041835,0.040520,0.798011,1.161304,0.000739,-0.000248,1.651503,2.894258,3.412072,2.921217,0.613173,0.145389,0.668263,0.104474,0.580312,0.160853,0.274900,0.132825,3.552610,3.974647,2.784889,0.010402,0.100608,3.372519,2.950160,2.004927
-1.408076,-49.272316,-0.797851,0.041835,1.054125,1.765586,3.386099,4.196848,0.041506,0.040849,0.839108,1.140592,0.000739,0.000410,1.768545,2.904121,3.405497,2.938642,0.606408,0.156343,0.639591,0.094165,0.583212,0.182116,0.296163,0.143134,3.515561,3.971103,2.784567,0.011047,0.176962,3.352867,2.921165,2.082247
-4.485301,-40.829520,-0.811001,0.042493,1.111988,1.797148,3.415031,4.204081,0.042493,0.041506,0.853902,1.196483,0.000739,0.000081,2.040110,2.899189,3.395962,2.966587,0.558727,0.148289,0.548418,0.095132,0.577735,0.146034,0.281987,0.106407,3.394427,3.941464,2.779090,0.010724,0.129603,3.332571,2.818072,1.952736
-12.518689,-24.520812,-0.811001,0.043150,1.172482,1.771833,3.484073,4.229396,0.040191,0.039863,0.851930,1.367115,0.308798,0.000739,2.188057,2.906751,3.444949,3.018533,0.575802,0.142168,0.505570,0.103830,0.592877,0.172129,0.281021,0.079990,3.345780,3.932443,2.776191,0.010402,0.113173,3.321295,2.824194,1.963045
-20.095816,-9.078049,-0.760370,0.041178,1.085687,1.661366,3.548841,4.241890,0.043808,0.043479,0.803929,1.403609,0.470554,0.000410,2.191674,2.907080,3.526484,3.039246,0.570003,0.129281,0.501382,0.112529,0.590622,0.151511,0.271678,0.079990,3.329349,3.926322,2.782634,0.010724,0.000093,3.297777,2.810985,2.064527
-19.905734,-7.920481,-0.730123,0.041835,0.959438,1.516706,3.521224,4.226109,0.043808,0.042164,0.772696,1.566680,0.607981,0.000081,2.211071,2.851846,3.519580,3.007684,0.481085,0.107374,0.404410,0.070647,0.528122,0.080312,0.262013,0.026833,3.166656,3.884763,2.776835,0.009758,-0.000551,3.108666,2.567428,1.866396
-21.354851,-4.073472,-0.753466,0.043479,0.972918,1.567995,3.550813,4.237944,0.043808,0.043808,0.798998,1.625530,0.702339,0.000739,2.250524,2.840339,3.532731,3.023136,0.481408,0.109307,0.421163,0.088366,0.561949,0.092876,0.259436,0.063559,3.221101,3.888951,2.773936,0.009758,-0.000229,3.063240,2.695005,2.090301
-23.078568,-2.620439,-0.799166,0.045452,1.090947,1.711339,3.613609,4.290219,0.045780,0.045452,0.844368,1.849094,0.873300,0.000081,2.291949,2.826531,3.593554,3.153329,0.476253,0.118972,0.416008,0.113173,0.549707,0.102541,0.289719,0.070003,3.273937,3.878964,2.768137,0.010402,-0.000229,3.053898,2.767170,2.177285
-25.650762,-0.821580,-0.948100,0.524802,1.276374,1.866519,3.763199,4.379973,0.731928,0.053671,1.129742,1.944767,1.023549,0.030986,2.354416,2.868614,3.719473,3.312126,0.502348,0.122516,0.422129,0.141201,0.530055,0.101897,0.312271,0.066459,3.345780,3.864466,2.763304,0.010080,-0.000551,3.049387,2.820328,2.179218
-26.691382,0.238619,-0.864263,0.720092,1.425308,1.916164,3.899968,4.420741,1.035385,0.058274,1.331608,2.015453,1.146181,0.463979,2.424115,2.944231,3.779967,3.469607,0.508147,0.118005,0.429217,0.139913,0.522000,0.094809,0.313237,0.063559,3.380896,3.864789,2.761693,0.010080,-0.000229,3.066784,2.878962,2.308407
-28.030896,1.249107,-0.856701,0.879218,1.599557,2.012165,3.970654,4.434878,1.162619,0.063534,1.475939,2.120988,1.260593,0.716476,2.487897,2.966259,3.808241,3.541279,0.511369,0.121227,0.430183,0.143456,0.516201,0.092876,0.336111,0.072580,3.429220,3.859956,2.758472,0.009758,-0.000229,3.085470,2.893781,2.380572
-28.682420,1.668295,-0.862290,0.959109,1.735011,2.059179,4.019640,4.444412,1.226401,0.063863,1.516706,2.122632,1.310566,0.736531,2.507952,3.019848,3.831584,3.596841,0.513946,0.104797,0.400544,0.132181,0.491395,0.078057,0.313882,0.001382,3.361244,3.849002,2.748807,0.009436,0.000415,2.968846,2.735598,2.255572
-29.528443,1.904838,-0.905688,0.918013,1.743559,2.036494,4.032791,4.449673,1.236593,0.063205,1.544652,2.129865,1.300375,0.727654,2.466198,3.026753,3.843748,3.610978,0.522645,0.086755,0.408276,0.123160,0.473998,0.068392,0.307116,0.013302,3.448550,3.857057,2.747518,0.009758,-0.000874,2.909245,2.616397,2.333858
-29.915993,1.581053,-0.951716,0.934123,1.749476,2.042741,4.042983,4.458221,1.255662,0.070110,1.582132,2.160112,1.314183,0.729298,2.458307,3.039903,3.856899,3.620513,0.524900,0.060660,0.405054,0.119616,0.448547,0.057760,0.301962,0.038108,3.490432,3.852868,2.742041,0.009436,-0.000229,3.002351,2.744941,2.334824
-29.955738,1.601790,-0.975388,0.954835,1.754408,2.030576,4.049559,4.464139,1.278347,0.139809,1.597255,2.157153,1.320758,0.728312,2.455677,3.037602,3.863146,3.628732,0.512013,0.031021,0.401188,0.113817,0.445003,0.038753,0.294874,0.005892,3.490754,3.841915,2.739464,0.009436,0.000093,3.046488,2.801642,2.239463
-29.980884,1.479194,-0.962237,0.952534,1.751778,2.024329,4.051531,4.462823,1.268155,0.132248,1.580817,2.144002,1.316813,0.704311,2.449431,3.043849,3.865447,3.627746,0.510080,0.028766,0.405054,0.111884,0.441781,0.031021,0.289397,0.000093,3.496875,3.842237,2.738175,0.009758,-0.000551,3.050676,2.852866,2.291976
-29.798391,0.560717,-0.955333,0.867711,1.719887,2.010521,4.046600,4.463152,1.257963,0.072740,1.569967,2.140714,1.315169,0.702010,2.430362,3.046150,3.858214,3.626759,0.512658,0.019101,0.422774,0.110918,0.439526,0.037464,0.294230,0.000093,3.513306,3.841915,2.740108,0.011369,-0.000874,3.048099,2.871874,2.325481
-30.165152,0.757452,-0.980648,0.882506,1.692270,2.002302,4.044956,4.463152,1.266840,0.072082,1.595611,2.138084,1.327663,0.695106,2.431677,3.053712,3.856570,3.626431,0.515557,0.019745,0.456923,0.116072,0.441781,0.056794,0.287464,0.000093,3.537146,3.848680,2.739142,0.009758,-0.000551,3.047454,2.894426,2.370907
-30.111201,1.003512,-0.959278,0.865081,1.663996,1.989151,4.041011,4.460522,1.274073,0.124357,1.580817,2.134468,1.321416,0.685571,2.441869,3.055684,3.850981,3.622485,0.532632,0.013624,0.481085,0.118005,0.444359,0.060016,0.298418,0.045196,3.544878,3.840948,2.735598,0.009114,-0.000551,3.043910,2.882505,2.381860
-29.722925,1.470167,-0.964539,0.790121,1.600872,1.963178,4.033449,4.458221,1.254675,0.062548,1.568323,2.143016,1.289525,0.583652,2.423129,3.029054,3.848351,3.615581,0.514268,0.009114,0.480119,0.118328,0.440815,0.061626,0.296485,0.037464,3.539079,3.814531,2.745907,0.009758,-0.000551,3.022648,2.852544,2.373806
-29.021081,1.851041,-0.985251,0.771052,1.567666,1.948054,4.020627,4.451645,1.231332,0.061233,1.578187,2.136440,1.290511,0.591214,2.413923,3.014917,3.843419,3.606047,0.503315,0.006214,0.483018,0.121227,0.444359,0.068070,0.297773,0.051639,3.531025,3.817430,2.748807,0.009758,0.000093,2.975933,2.825804,2.384116
-28.423906,1.295853,-1.013855,0.756915,1.545309,1.916821,4.020298,4.444741,1.234620,0.056301,1.590022,2.135125,1.287881,0.573460,2.398800,3.023136,3.839474,3.601773,0.503959,0.000737,0.503959,0.122516,0.480441,0.074513,0.291974,0.065492,3.529092,3.820974,2.751062,0.010080,-0.000874,2.983021,2.802286,2.380894
-28.595246,4.456672,-0.990512,0.794724,1.508816,1.898081,4.014380,4.442768,1.215551,0.060246,1.566680,2.126577,1.265854,0.565569,2.451732,3.045164,3.836844,3.587636,0.486884,-0.000551,0.505892,0.104152,0.476253,0.071936,0.296485,0.111884,3.502674,3.792623,2.753961,0.009436,-0.000229,2.921488,2.738498,2.377350
-26.654981,0.813503,-1.038841,0.758887,1.432212,1.851067,3.982161,4.421070,1.130071,0.060246,1.540707,2.112769,1.288539,0.550446,2.426088,3.009328,3.826652,3.554101,0.463366,0.000093,0.493650,0.099320,0.470454,0.076446,0.296163,0.122194,3.462081,3.789080,2.759116,0.009114,-0.000229,2.874129,2.682119,2.358987
-25.738202,5.506587,-0.870181,1.045905,1.560104,1.936219,3.980846,4.423042,1.212593,0.268359,1.571611,2.080878,1.282292,0.622447,2.572391,3.073438,3.837173,3.537662,0.474964,-0.000229,0.511691,0.101575,0.477219,0.084178,0.332245,0.081923,3.423422,3.723358,2.776191,0.010080,0.000093,2.893137,2.655379,2.302930
-21.954312,2.206633,-1.052650,0.981466,1.636379,2.027288,3.955201,4.405617,1.287224,0.352854,1.738956,2.054576,1.350677,0.770394,2.602638,3.081657,3.828625,3.500840,0.452735,0.000093,0.474964,0.090621,0.471420,0.092232,0.376704,0.144423,3.310341,3.733345,2.795521,0.010402,0.000415,2.858665,2.606410,2.300030
-20.684659,7.238275,-1.060212,1.197469,1.743230,2.010192,3.937448,4.401015,1.427938,0.668475,1.861588,2.015453,1.327991,0.795052,2.616446,3.111247,3.797720,3.464347,0.428895,0.000415,0.464655,0.112206,0.486562,0.102541,0.329668,0.151833,3.273937,3.707572,2.817750,0.011047,0.000093,2.821616,2.514593,2.182118
-17.531923,3.606973,-1.443233,1.177414,1.816546,2.144988,3.893393,4.367151,1.655119,0.733243,2.245592,2.034192,1.402294,0.839108,2.616446,3.091520,3.802323,3.377880,0.454990,0.000415,0.536498,0.122838,0.606408,0.195003,0.424384,0.214333,3.397326,3.708216,2.946294,0.010402,-0.000229,2.808407,2.737853,2.388626
-11.107911,5.109130,-1.621428,1.323060,2.072330,2.423129,3.837173,4.338877,1.679119,0.845026,2.489212,1.960548,1.405581,1.086344,2.628611,3.114534,3.813501,3.263796,0.436627,-0.000551,0.518134,0.157954,0.604475,0.234307,0.383469,0.157309,3.252996,3.699517,2.947905,0.011369,-0.000229,2.724644,2.705959,2.330958
-6.745031,14.745409,-1.496165,1.434842,2.141701,2.531623,3.643527,4.205396,1.724490,1.133359,2.545103,1.805368,1.426952,1.273744,2.678913,3.142151,3.774377,2.938642,0.396034,-0.000229,0.474964,0.079346,0.575480,0.212400,0.335789,0.269745,3.329993,3.762662,3.048743,0.012335,0.061626,2.627028,2.610598,2.330314
-3.135866,28.191094,-1.661539,1.220483,1.905972,2.598693,3.102041,4.003859,1.871779,1.082399,2.545103,1.700490,1.227387,1.308594,2.686803,2.924176,3.321002,2.504007,0.146356,0.017490,-0.000551,0.033920,0.243005,-0.000229,0.147000,-0.000874,2.447260,3.341269,2.884116,0.011369,0.000415,2.528446,0.803573,1.222065
-2.882658,36.895468,-1.807843,0.475815,1.237908,2.313648,2.152879,3.691856,2.232113,1.108043,2.476061,1.387499,0.721736,1.116591,2.438910,2.276497,2.668721,2.061152,0.026510,0.180183,0.000415,0.005570,0.091588,-0.000551,0.088688,-0.000229,1.411176,3.021037,2.800353,0.010724,-0.000551,2.436951,0.009436,-0.000229
-2.535719,44.282106,-1.920613,0.056301,1.123824,2.389594,1.613365,3.632020,2.340936,1.158345,2.481650,1.626845,0.095754,1.080755,2.332059,2.049316,2.395512,2.012494,0.012657,0.298740,0.000737,0.000415,0.081279,0.000415,0.105441,0.000093,0.752348,2.753961,2.692750,0.010080,0.000093,2.325804,0.009114,0.000415
-2.187121,53.959615,-2.283908,0.064192,1.255004,2.753215,2.075946,3.780953,2.656228,1.297744,2.897546,1.603831,0.086877,1.122509,2.529322,2.251182,2.651625,2.133153,0.005892,0.289397,0.000093,0.000415,0.046163,-0.000229,0.112529,-0.000551,0.334500,2.691139,2.685340,0.010724,-0.000551,2.298420,0.008791,-0.000551
-2.344588,59.505600,-2.290813,0.066493,1.308923,2.933053,2.262360,3.828953,2.781818,1.375992,2.966259,1.637037,0.087863,1.198127,2.642090,2.467513,2.742694,2.333374,0.006214,0.304861,0.000415,-0.000229,0.043585,-0.000551,0.180505,0.000093,0.197580,2.644425,2.675675,0.010724,-0.000551,2.278445,0.009114,-0.000229
-2.511105,62.207335,-2.333553,0.067808,1.340156,2.988615,2.301812,3.844406,2.848559,1.426623,3.015903,1.694572,0.074055,1.251716,2.745653,2.555952,2.783133,2.407348,0.007825,0.360596,0.000415,0.000415,0.055828,0.000415,0.220776,0.000093,0.175029,2.651191,2.641204,0.009758,0.151188,2.277801,0.008791,0.000415
-2.778140,62.170292,-2.287525,0.068137,1.436486,3.029383,2.465869,3.873337,2.819956,1.479555,3.029383,1.675503,0.064192,1.268812,2.777544,2.640447,2.835079,2.441211,0.011691,0.372838,-0.000229,0.000415,0.058083,0.000415,0.230763,0.000415,0.000093,2.650224,2.666010,0.009758,0.154732,2.263626,0.008147,0.000415
-2.031666,61.506607,-2.279634,0.145398,1.477582,3.034643,2.519130,3.881886,2.751900,1.429911,3.018862,1.671229,0.054329,1.260593,2.775571,2.653269,2.863353,2.438910,0.006858,0.363495,-0.000551,-0.000874,0.046485,-0.000229,0.221098,0.000093,0.183405,2.634116,2.680186,0.010402,0.111240,2.234953,0.009114,0.000737
-3.251093,59.998183,-2.344403,0.066164,1.410842,2.987300,2.481650,3.873337,2.691735,1.370732,3.007026,1.673202,0.056630,1.260922,2.734146,2.607241,2.823572,2.410964,0.000415,0.384114,0.000415,-0.000551,0.039397,0.000093,0.213366,0.000093,0.175351,2.609953,2.686629,0.010080,0.060016,2.187595,0.009114,0.000737
0.114529,59.639691,-2.346704,0.064849,1.299717,2.881107,2.325813,3.846707,2.687461,1.356266,2.959026,1.718243,0.082932,1.172482,2.642419,2.448115,2.762749,2.315949,-0.000229,0.378959,-0.000874,-0.000551,0.037786,0.000415,0.191459,0.000415,0.165364,2.610276,2.679219,0.009436,0.008147,2.176963,0.009436,-0.000874
4.711077,61.556702,-2.566983,0.059589,1.063001,2.774914,2.047343,3.804624,2.740064,1.327005,2.871901,1.750792,0.001396,1.134345,2.528993,2.197263,2.585213,2.205154,0.000737,0.494294,-0.000551,0.000093,0.048418,-0.000229,0.208534,0.000415,0.000093,2.491719,2.590301,0.010080,0.174062,2.128638,0.009114,0.000093
7.094649,64.107938,-2.748467,0.060246,1.039001,2.873874,1.998028,3.795419,2.689105,1.303005,2.874203,1.735997,0.001396,1.147824,2.525705,2.193318,2.550363,2.138742,0.007503,0.552284,0.000093,-0.000551,0.060982,0.000093,0.242361,-0.000229,0.000093,2.464657,2.712402,0.010080,0.214011,2.132504,0.008791,0.000415
5.158101,65.814179,-2.613341,0.063534,1.049193,3.054698,2.084494,3.826981,2.757160,1.338183,2.887682,1.998356,0.000739,1.214894,2.541815,2.341594,2.695023,2.310360,0.011691,0.581601,0.000415,0.000415,0.067103,-0.000229,0.281665,-0.000229,0.000737,2.467879,2.750418,0.010402,0.337078,2.099966,0.008147,0.000093
5.497217,62.830573,-2.351307,0.066493,1.262566,3.154973,2.242305,3.862488,2.759790,1.399335,2.887354,2.007233,-0.000576,1.363170,2.770640,2.582912,2.838038,2.427403,0.022322,0.579346,0.000415,0.000415,0.073869,0.000093,0.311627,-0.000551,0.000093,2.458536,2.791977,0.010724,0.341910,2.105765,0.008147,-0.000229
3.805585,60.886712,-2.224400,0.070767,1.472980,3.184891,2.514198,3.912790,2.738420,1.710024,2.938971,1.946411,0.064849,1.503227,2.831791,2.728886,2.986971,2.691735,0.018134,0.601897,0.000415,-0.000229,0.087722,-0.000551,0.322580,-0.000551,-0.000229,2.597389,2.775224,0.011047,0.357696,2.172775,0.008469,-0.000229
-3.835494,57.322538,-2.026478,0.672749,1.730408,3.278591,2.775900,3.957832,2.737434,2.077590,3.023136,1.900383,0.233181,1.833642,2.954094,2.962971,3.135247,2.800229,0.040686,0.618650,0.000415,0.000415,0.108663,0.000415,0.306794,0.000093,-0.000551,2.610598,2.770392,0.010724,0.455634,2.164077,0.008791,-0.000229
-4.468949,50.751603,-1.896612,1.471993,2.529322,3.389387,3.267413,4.110710,2.857764,2.215017,3.167138,1.814902,0.929520,2.059837,3.109603,3.076397,3.439360,2.868614,0.048740,0.496227,-0.000229,0.000415,0.098998,-0.000229,0.213366,0.000093,0.376060,2.809052,2.725933,0.011047,0.179861,2.201770,0.009114,0.000093
-5.912123,40.815332,-1.864063,1.673530,2.607241,3.453168,3.483744,4.229067,2.748283,2.121317,3.188837,2.019069,1.167880,2.173592,3.105000,3.124397,3.585992,3.100726,0.070325,0.457890,0.000415,0.001382,0.118650,-0.000229,0.192748,-0.000229,1.196936,3.063240,2.793588,0.010080,0.136691,2.282956,0.010080,0.000093
-3.644653,28.603302,-2.031738,1.595283,2.591788,3.404182,3.640897,4.277726,2.289319,1.245470,3.141822,1.975342,0.897300,1.880656,3.015246,3.082644,3.603417,3.129000,0.188882,0.467232,-0.000229,-0.000229,0.202735,-0.000229,0.194036,0.000093,2.059373,3.355767,2.869297,0.010402,0.031987,2.243974,0.010402,0.393134
12.631467,18.009723,-1.953490,1.541035,2.534253,3.265440,3.595855,4.255369,2.400444,1.359225,3.091849,1.962520,0.897629,1.949698,2.972177,3.019191,3.531087,3.057328,0.208212,0.481085,-0.000551,-0.001518,0.285209,0.000093,0.375737,0.000093,2.350932,3.410535,2.885083,0.011047,0.543263,2.169231,0.009758,1.215300
21.006646,12.254643,-2.224729,0.485678,2.124605,3.295687,2.944889,4.052189,2.668063,1.443390,3.072123,1.720873,0.499486,1.873752,2.840011,2.774585,3.125055,2.715735,0.020712,0.577735,0.000093,0.118005,0.117683,0.000093,0.378959,-0.000229,0.778444,2.868008,2.762660,0.010724,0.561305,2.179863,0.008147,-0.000551
26.793541,3.709627,-2.382869,0.074055,1.663010,3.271358,2.480664,3.850981,3.197713,1.817861,3.173713,2.140057,0.402827,1.886574,2.718365,2.622693,2.896230,2.589816,0.000093,0.681794,0.000093,0.102541,0.031987,0.000415,0.229152,0.000093,-0.000229,2.302930,2.820328,0.011691,0.491395,2.054540,0.008147,-0.000551
32.006065,-1.411686,-2.414103,0.073726,1.711010,3.261824,2.445485,3.854598,3.201659,1.755394,3.163850,2.090412,0.476472,1.887232,2.713434,2.601652,2.888340,2.570418,-0.000551,0.695325,0.000415,0.093521,0.020389,0.000093,0.201124,-0.000551,0.000415,2.364786,3.045843,0.011691,0.254603,2.070004,0.008469,-0.000229
34.986373,-1.882311,-2.410815,0.074055,1.726462,3.247687,2.425101,3.846707,3.237166,1.857971,3.175028,2.017096,0.536637,1.922739,2.727242,2.626967,2.892614,2.581925,0.000093,0.699191,0.000415,0.097065,0.040364,-0.000551,0.197902,0.000093,0.000093,2.382183,3.042622,0.160209,0.306472,2.193716,0.009114,0.000093
38.191636,-6.010574,-2.463419,0.072740,1.695558,3.276618,2.463896,3.892077,3.219084,1.801422,3.194426,2.118029,0.449842,1.920438,2.717379,2.617761,2.891299,2.574364,0.000415,0.721743,0.000737,0.094165,0.037464,-0.000229,0.198547,0.000093,0.000093,2.435340,3.076449,0.128315,0.266523,2.202736,0.008469,0.000093
39.210785,-4.717271,-2.475255,0.073397,1.786956,3.280235,2.491842,3.913448,3.224015,1.847779,3.195741,2.105536,0.526774,1.930630,2.724612,2.627953,2.898861,2.581925,-0.001196,0.689204,-0.000551,0.099320,0.065492,0.000415,0.197902,0.000093,-0.000551,2.459824,2.960792,0.200802,0.282310,2.233986,0.009758,-0.000551
40.496295,-4.830701,-2.493338,0.076028,1.940164,3.284180,2.543459,3.917393,3.208563,1.817203,3.200015,2.110467,0.530391,1.942137,2.728557,2.624994,2.895573,2.578309,0.000093,0.742039,0.000093,0.093199,0.052606,-0.000229,0.208212,0.000415,-0.000229,2.493974,3.119942,0.171485,0.170840,2.186628,0.009436,0.000415
39.172276,-3.514374,-2.515694,0.075699,1.893807,3.274975,2.531623,3.914434,3.223358,1.808984,3.199686,2.113426,0.546501,1.952657,2.727900,2.614802,2.900833,2.574364,-0.000551,0.752026,0.000093,0.102219,0.079346,0.000415,0.222387,0.000093,-0.000874,2.474966,3.120586,0.280054,0.274255,2.230120,0.009114,-0.000551
37.776100,-4.414509,-2.496954,0.074384,1.843176,3.266427,2.560555,3.909174,3.178645,1.740600,3.190480,2.122632,0.480089,1.911561,2.730201,2.599350,2.893600,2.552993,-0.000551,0.780055,-0.000229,0.093843,0.073224,0.000093,0.228830,0.000415,-0.000874,2.487208,3.109310,0.245905,0.245583,2.230120,0.009114,-0.000229
36.064577,-3.831768,-2.507475,0.074712,1.817532,3.265111,2.537541,3.909174,3.198042,1.760983,3.198371,2.133810,0.550446,1.898739,2.718365,2.596720,2.893929,2.542144,0.000093,0.714333,-0.000874,0.099320,0.067103,-0.000551,0.197902,0.000415,-0.000229,2.489464,2.967557,0.222387,0.162786,2.214334,0.009436,0.000415
34.857326,-3.571578,-2.538051,0.073397,1.692599,3.227960,2.480335,3.887803,3.197056,1.633091,3.195412,2.092714,0.442937,1.868163,2.707187,2.558911,2.871573,2.522418,0.000093,0.786498,-0.000229,0.102541,0.074835,-0.000229,0.198547,0.000415,0.000093,2.507827,3.135728,0.228186,0.151188,2.204669,0.009114,0.000093
33.907369,-4.207726,-2.572244,0.071753,1.659722,3.201987,2.422143,3.873337,3.193111,1.569967,3.196070,2.096988,0.405786,1.822135,2.701598,2.529322,2.852504,2.517486,-0.000229,0.771356,0.000093,0.105441,0.076446,-0.000874,0.205312,0.000093,0.000093,2.587402,3.133150,0.231085,0.151188,2.204669,0.008147,0.000093
33.678503,-3.875926,-2.604464,0.071096,1.590351,3.180289,2.355073,3.864789,3.175686,1.548926,3.186864,2.077590,0.428471,1.797148,2.693707,2.514527,2.828504,2.479677,0.005570,0.768135,0.000093,0.108018,0.087722,0.000093,0.216910,-0.000229,-0.000874,2.629606,3.145070,0.254281,0.160209,2.201448,0.009436,-0.000551
32.800464,-3.334288,-2.665945,0.070110,1.579502,3.173713,2.323511,3.861173,3.163850,1.502240,3.180289,2.088769,0.280195,1.789915,2.675954,2.493815,2.823243,2.442855,-0.000874,0.751382,0.000415,0.106730,0.083856,-0.000229,0.206923,0.000093,-0.000229,2.666655,3.101900,0.218199,0.157309,2.216912,0.008791,-0.000229
31.383938,-2.196183,-2.589998,0.070438,1.487117,3.163192,2.312333,3.856241,3.153001,1.498295,3.167138,2.052275,0.295976,1.815560,2.680557,2.498746,2.822586,2.447129,0.001059,0.777799,0.000415,0.105763,0.089977,-0.000551,0.209178,0.000093,-0.000551,2.684052,3.117686,0.220776,0.192103,2.249773,0.008791,-0.000229
31.906939,-0.779775,-2.555476,0.071753,1.482843,3.191796,2.320552,3.857556,3.167795,1.544323,3.176015,2.069371,0.285456,1.870793,2.679242,2.502034,2.825873,2.459622,0.009436,0.829668,-0.000229,0.103830,0.099642,-0.000229,0.222387,-0.000229,-0.000229,2.739142,3.122519,0.228186,0.217232,2.308084,0.009114,-0.000551
33.281623,-0.958443,-2.519968,0.072082,1.562734,3.194426,2.317593,3.851310,3.143137,1.589365,3.169439,2.045371,0.236140,1.877040,2.684831,2.504993,2.828504,2.478034,0.008147,0.823547,0.000737,0.097065,0.100286,0.000415,0.233985,0.000093,-0.000874,2.772647,3.098356,0.204346,0.325480,2.321293,0.009436,-0.000874
31.728102,1.667523,-2.522599,0.072740,1.591009,3.199357,2.290305,3.851310,3.149713,1.662023,3.165494,2.006247,0.368964,1.921095,2.677269,2.512226,2.840339,2.522418,0.032632,0.930184,-0.000551,0.124449,0.119616,0.001059,0.258469,0.000093,-0.000551,2.785534,3.119942,0.407632,0.407310,2.397646,0.010402,-0.000229
31.204643,2.354551,-2.518325,0.072082,1.629804,3.195083,2.336004,3.849666,3.110260,1.612708,3.144124,2.023014,0.322936,1.876711,2.693379,2.517815,2.827846,2.453705,0.031343,0.957568,0.000093,0.108340,0.119294,0.000093,0.262335,0.000737,0.000093,2.878962,3.091913,0.346098,0.447580,2.381538,0.010080,0.000737
32.024604,1.925771,-2.504845,0.070767,1.513747,3.181275,2.279127,3.825008,3.100726,1.604159,3.132946,1.990137,0.407101,1.835286,2.684173,2.514856,2.825545,2.439567,0.028121,0.910854,-0.000229,0.103830,0.118972,0.000093,0.206601,0.000093,-0.000551,2.760083,3.036178,0.318392,0.368328,2.320649,0.009436,0.000415
32.900482,1.356926,-2.533777,0.070438,1.363827,3.102370,2.314634,3.803638,3.029711,1.564378,3.129658,2.002630,0.547487,1.822464,2.677269,2.501048,2.820284,2.420170,0.010402,0.883470,-0.000551,0.095454,0.105763,0.000737,0.157632,0.000093,-0.001196,2.617363,3.079349,0.178895,0.260080,2.179863,0.009114,-0.001196
35.385079,0.638133,-2.444679,0.071425,1.515062,3.135904,2.407348,3.809227,3.060945,1.873752,3.143795,1.927671,0.737188,1.803724,2.666419,2.519459,2.862696,2.479349,0.009758,0.975287,0.000093,0.048740,0.114462,0.000737,0.132503,0.000093,-0.000229,2.633472,3.077416,0.208534,0.175995,2.111241,0.009114,0.000093
37.670448,6.382125,-2.262538,0.073069,1.624215,3.126370,2.549377,3.831584,3.054369,2.040439,3.112890,1.876053,0.971603,1.910903,2.671022,2.629926,2.992560,2.612501,0.073547,1.004282,0.000415,0.063882,0.204346,0.000415,0.192425,-0.000229,0.000093,2.762982,3.106411,0.431472,0.323869,2.184695,0.009436,-0.000551
38.700727,4.955211,-2.177714,0.403485,1.927013,3.178645,2.732502,3.912790,3.040890,2.050960,3.134918,1.809642,0.701681,1.879012,2.710804,2.779845,3.070479,2.635186,0.142168,1.031666,-0.000229,0.025544,0.423418,-0.000229,0.300995,-0.000551,0.615750,3.097712,3.050354,0.646356,0.358018,2.317749,0.011691,0.718521
31.264786,2.542639,-2.164892,0.452143,1.753422,3.165165,2.706530,3.909502,2.913655,1.984877,3.138863,1.929314,0.531048,1.872437,2.746968,2.804175,3.085931,2.692392,0.023933,0.940815,0.000093,0.000415,0.494294,0.000415,0.192103,-0.000229,0.210467,2.706925,2.834181,0.011047,0.001704,2.137659,0.008147,0.000093
22.441215,9.571939,-2.066917,0.447540,1.678791,3.064890,2.720995,3.865776,2.773599,1.843176,3.051410,1.492706,0.693462,1.821477,2.700283,2.742366,3.041218,2.636830,0.000093,0.788753,-0.000229,0.039719,0.482696,0.000093,0.093521,0.000093,0.220454,2.465946,2.767170,0.010080,-0.001196,1.904089,0.006536,-0.000229
3.724911,-5.095338,-2.153385,0.598118,1.699174,3.010314,2.564500,3.794761,2.467842,1.229031,2.985327,1.269141,0.373895,1.639338,2.669707,2.771626,3.002095,2.471129,0.164075,1.005570,-0.000229,0.215299,0.510402,0.000415,0.336111,0.000093,1.101575,3.049065,3.087081,0.594165,0.283276,2.897969,0.011691,0.796485
-3.775345,-15.022596,-2.034697,0.191755,1.158674,2.280442,2.183126,3.573170,1.533802,0.640529,2.545760,0.677023,0.059918,1.205688,2.598035,2.625323,2.956724,2.083837,0.347387,1.017168,0.222065,0.224964,0.686949,0.241717,0.495261,0.419552,2.109953,3.440818,3.243975,1.772646,1.045841,3.336759,0.967555,1.957569
-2.538616,-17.837263,-0.982621,0.032958,0.808203,1.742244,2.075618,3.512676,0.330169,0.035260,1.019275,0.764148,0.985082,0.596145,2.193318,2.447787,2.952121,1.669585,0.293907,0.686949,0.443714,0.387013,0.738818,0.175995,0.417941,0.420196,2.168909,3.459504,2.916333,1.576447,1.281666,3.297133,2.426964,2.131216
-2.458597,-19.735870,-0.837303,0.032958,0.664530,1.669585,2.249209,3.549169,0.033945,0.033945,0.870670,0.880862,1.063330,0.455102,2.123618,2.478691,2.980396,1.628489,0.397645,0.626704,0.546163,0.490750,0.874771,0.298096,0.475931,0.436304,2.429219,3.506218,2.839013,1.650867,1.490751,3.384117,2.599000,2.250417
-2.053925,-21.296012,-0.759055,0.032301,0.553405,1.679448,2.282744,3.581060,0.033616,0.033616,0.792422,0.989356,0.969630,0.377512,2.074631,2.476719,2.979738,1.598242,0.427284,0.613495,0.612207,0.525544,0.930184,0.332889,0.493006,0.442103,2.560018,3.544234,2.818072,1.672774,1.516524,3.471746,2.745585,2.362853
-1.481279,-23.117331,-0.723877,0.030986,0.556035,1.660051,2.288661,3.537662,0.033616,0.033616,0.758230,0.961740,0.886122,0.334771,2.024329,2.461924,2.968231,1.555173,0.459823,0.617361,0.649578,0.575480,0.991717,0.355441,0.524256,0.446614,2.597711,3.545200,2.784567,1.695970,1.695326,3.558731,2.721101,2.362208
-0.731061,-24.361072,-0.715328,0.032630,0.553405,1.623886,2.354416,3.568238,0.034273,0.031972,0.748695,0.986069,0.878560,0.095096,1.977315,2.456335,2.974807,1.556159,0.477864,0.612529,0.694681,0.620583,1.048740,0.363817,0.546485,0.456923,2.681152,3.581927,2.770714,1.713689,1.811306,3.596102,2.792621,2.439528
-0.178557,-26.083513,-0.715000,0.032301,0.555706,1.584104,2.416225,3.574485,0.034273,0.032958,0.747380,0.967329,0.833519,0.000410,1.955287,2.464554,2.976122,1.545638,0.507181,0.602864,0.714333,0.649256,1.102864,0.360596,0.571936,0.458856,2.820972,3.646038,2.773614,1.721744,1.906022,3.641528,2.846101,2.494296
0.295119,-27.887697,-0.772535,0.036904,0.581022,1.655777,2.432992,3.668842,0.034273,0.033287,0.806231,1.017960,0.812806,0.000739,1.950356,2.496116,2.993875,1.535117,0.530699,0.611562,0.765557,0.673096,1.162787,0.396356,0.597387,0.474642,2.968846,3.720780,2.773291,1.744939,2.032633,3.683731,2.922132,2.518781
0.915258,-27.538952,-0.815275,0.035260,0.680968,1.684380,2.540500,3.715528,0.036904,0.035917,0.850944,1.052481,0.796039,0.000739,1.947726,2.542802,3.002095,1.641639,0.550673,0.617039,0.775866,0.681472,1.212400,0.429217,0.606408,0.484951,3.000740,3.766528,2.780379,1.726254,2.117363,3.726902,2.912145,2.624773
0.569551,-27.264708,-0.874126,0.035589,0.884807,1.744874,2.578638,3.758925,0.037232,0.036246,0.910451,1.040316,0.789134,-0.000576,1.947726,2.605926,3.025766,1.719887,0.544874,0.607052,0.778766,0.669874,1.224643,0.425673,0.595776,0.478830,3.031668,3.775549,2.781668,1.694037,2.110275,3.730445,2.922776,2.628317
-0.551287,-27.187220,-1.056595,0.038547,0.968315,1.789587,2.718037,3.790816,0.038547,0.038219,1.095221,1.080097,0.834176,0.000739,1.974027,2.648337,3.041876,1.894793,0.546485,0.600609,0.793586,0.697580,1.255893,0.526189,0.615106,0.487529,3.084181,3.780059,2.779413,1.723677,2.266203,3.776193,2.959181,2.720456
0.423999,-27.187968,-1.224927,0.044465,1.038343,1.903999,2.918587,3.962763,0.042821,0.041835,1.267169,1.288868,0.820368,0.000739,2.021042,2.709817,3.088561,2.226524,0.576124,0.597065,0.839655,0.707567,1.290364,0.590622,0.614140,0.468199,3.104478,3.772005,2.774258,1.764269,2.345778,3.811631,2.981088,2.726900
2.094400,-26.557075,-1.243996,0.040191,1.059714,1.915506,2.917601,3.965393,0.044794,0.041835,1.286237,1.309251,0.778285,0.274277,2.105865,2.696009,3.072452,2.239675,0.576124,0.579990,0.836756,0.711111,1.340622,0.598998,0.609951,0.473676,3.088047,3.740755,2.769425,1.796164,2.325159,3.813564,2.924709,2.668588
-2.910980,-24.673400,-1.138131,0.037890,0.952863,1.839231,2.791024,3.936133,0.040520,0.038876,1.177414,0.928534,0.737846,0.156248,2.014137,2.544117,2.988286,2.144002,0.562593,0.556472,0.828379,0.693714,1.321614,0.581279,0.608663,0.473031,3.056797,3.744943,2.773291,1.727543,2.291976,3.803577,2.827737,2.606410
-4.139543,-23.124221,-1.043115,0.037890,0.907821,1.767230,2.644392,3.939420,0.040520,0.038547,1.080426,1.161304,0.747709,0.002382,1.927999,2.419184,2.964286,2.230469,0.560982,0.544874,0.855441,0.696936,1.331924,0.572902,0.575158,0.405054,3.043910,3.740110,2.757505,1.601576,2.250739,3.785214,2.810985,2.500095
-5.468924,-24.619775,-1.020759,0.040191,0.863437,1.721860,2.814695,3.995969,0.039534,0.039863,1.059385,1.280648,0.757901,0.001067,1.907944,2.449102,2.993218,2.348827,0.549384,0.543263,0.850609,0.691781,1.277478,0.572258,0.537464,0.342877,3.021359,3.711438,2.762338,1.615751,2.275868,3.765239,2.906346,2.427930
-11.440583,-26.264722,-1.053965,0.041506,0.920972,1.740600,3.126370,4.095915,0.041178,0.040191,1.093906,1.203058,0.686886,0.000410,1.896766,2.526363,3.131302,2.635515,0.567426,0.544230,0.870583,0.705634,1.305506,0.546485,0.528444,0.306472,3.054542,3.715626,2.753317,1.636370,2.256216,3.749775,2.912467,2.336757
-16.997426,-19.471125,-1.175940,0.044465,0.951219,1.699503,3.398592,4.169889,0.043808,0.043150,1.218839,1.638023,0.778614,0.001396,1.992110,2.720667,3.313112,2.853819,0.659243,0.585467,0.949836,0.738495,1.417297,0.504603,0.531343,0.418908,3.174387,3.772649,2.741075,1.694360,2.270069,3.729157,2.959181,2.413433
-19.889169,-6.703972,-1.244982,0.044137,0.875930,1.721531,3.344016,4.192245,0.044137,0.043479,1.288210,1.625201,0.769408,0.125015,1.947726,2.462253,3.321331,2.970533,0.724964,0.703379,1.015235,0.654088,1.367040,0.569359,0.508147,0.413109,3.354478,3.830639,2.835147,1.699192,2.081924,3.636051,2.983988,2.559051
-23.704613,-1.519752,-0.984594,0.039863,0.760860,1.587721,3.143795,4.094271,0.038876,0.039534,1.027823,1.344759,0.767435,0.223975,2.102248,2.440225,3.226645,2.835408,0.718521,0.809050,0.994294,0.581923,1.296163,0.632181,0.555828,0.303895,3.348357,3.895394,2.848034,1.475609,1.935017,3.654736,3.037789,2.606088
-28.241790,-2.146396,-0.752480,0.038547,0.038547,1.449966,3.273988,4.162327,0.037890,0.037890,0.791436,1.558460,0.715161,0.000739,1.804053,2.359347,3.291742,2.936340,0.871227,0.937916,0.931150,0.134114,0.907954,0.485274,0.732374,0.331601,3.493009,4.024583,2.899258,1.212400,1.583535,3.378318,3.015882,3.031668
-28.395159,-3.206948,-0.704479,0.036904,0.039205,1.425637,3.384126,4.207040,0.040191,0.038219,0.744421,1.567008,0.665187,0.000410,1.839560,2.554309,3.375907,3.008013,0.767490,0.752671,0.847387,-0.000551,0.806794,0.276833,0.568714,0.222387,3.458538,4.062598,2.761371,0.011047,1.056472,3.015882,2.716268,2.626384
-28.299484,-3.279080,-0.710397,0.038219,0.044465,1.475939,3.433771,4.235314,0.039205,0.039205,0.748038,1.579173,0.639214,-0.000248,1.820491,2.539185,3.389716,3.054040,0.702735,0.630248,0.760080,0.000093,0.734629,0.215299,0.462400,0.195325,3.393138,4.029093,2.745907,0.009114,0.547451,2.833859,2.331280,2.538755
-29.482519,-2.188505,-0.712698,0.039534,0.194386,1.483500,3.500840,4.251753,0.039205,0.037890,0.750997,1.555501,0.623105,0.001725,1.945753,2.644063,3.434428,3.095466,0.693392,0.589011,0.733985,-0.000229,0.686949,0.187915,0.434694,0.128959,3.350934,4.024905,2.742363,0.010402,0.572902,2.761693,2.251383,2.470778
-30.183593,-1.354114,-0.736370,0.040520,0.527103,1.495007,3.527471,4.259643,0.041835,0.041506,0.778285,1.621584,0.672092,0.001067,2.067070,2.728557,3.435086,3.107630,0.692748,0.533598,0.723676,-0.000874,0.664720,0.180828,0.446936,0.110273,3.368976,4.032959,2.740753,0.009436,0.541975,2.806474,2.300997,2.508149
-31.897970,0.107674,-0.758398,0.040520,0.606666,1.514734,3.621828,4.281671,0.045780,0.043479,0.800641,1.639996,0.617187,-0.000576,2.041097,2.752229,3.503142,3.176343,0.670196,0.381859,0.685016,-0.000229,0.646356,0.160209,0.406987,0.050673,3.361888,4.009119,2.731732,0.009114,0.291652,2.821294,2.324193,2.405701
-33.468648,0.877356,-0.914565,0.044794,1.014672,1.658078,3.737884,4.331315,0.045123,0.044137,0.959438,1.734682,0.686558,0.000739,2.074960,2.830476,3.656349,3.306537,0.675029,0.308405,0.685660,0.000093,0.642490,0.183405,0.409887,-0.000229,3.464337,4.008797,2.730766,0.008791,0.129603,2.992364,2.433729,2.513304
-34.027766,3.236543,-0.937579,0.045780,1.028152,1.663667,3.743473,4.338877,0.046109,0.045780,0.983767,1.735011,0.636255,0.000081,2.059837,2.834750,3.675417,3.339742,0.703379,0.176639,0.661498,-0.000551,0.605763,0.121549,0.390879,0.000415,3.452416,3.994299,2.726900,0.009114,-0.000551,2.973678,2.512660,2.560662
-33.277221,3.132995,-0.946127,0.043808,1.029795,1.668927,3.738870,4.341178,0.046438,0.044794,0.992315,1.730408,0.647434,-0.000248,2.032220,2.853490,3.675089,3.341386,0.684372,0.096098,0.633470,0.039075,0.578379,0.105119,0.355119,0.000093,3.434053,3.983990,2.724644,0.010402,-0.001518,2.926642,2.582892,2.551319
-33.690248,4.008451,-0.967826,0.046109,1.064316,1.663996,3.743473,4.343480,0.046109,0.046767,1.013028,1.716271,0.619488,0.000739,2.040768,2.855463,3.677719,3.343688,0.638624,0.050995,0.624771,0.052606,0.555506,0.091588,0.310660,0.000093,3.416978,3.970137,2.719812,0.009436,0.000093,2.942106,2.678575,2.510404
-33.322070,4.207971,-0.980320,0.045780,1.103440,1.693585,3.749391,4.339206,0.044465,0.045452,1.023878,1.707723,0.629022,0.001067,2.032877,2.874203,3.682650,3.351907,0.637013,0.040686,0.631214,0.029732,0.557116,0.092554,0.327413,-0.000229,3.446617,3.966915,2.715624,0.009758,-0.000551,2.971745,2.691784,2.549709
-32.423476,3.815436,-0.999717,0.047424,1.092591,1.653804,3.740843,4.337562,0.045123,0.045780,1.045905,1.696216,0.649078,0.001396,2.097974,2.868285,3.685281,3.359797,0.645712,0.035531,0.655699,0.018456,0.567103,0.097709,0.324513,-0.000229,3.490432,3.978513,2.713691,0.008469,-0.000551,2.995586,2.795843,2.537466
-32.147728,3.671384,-1.050020,0.046109,1.059385,1.622571,3.736240,4.326712,0.047424,0.045123,1.097522,1.685037,0.657954,0.000081,2.056549,2.886039,3.686596,3.330866,0.639913,0.040686,0.656343,0.000093,0.560982,0.096098,0.324513,-0.000551,3.476901,3.977547,2.713691,0.009758,-0.000874,2.995586,2.786500,2.493330
-31.134472,2.336469,-1.261421,0.045452,1.115276,1.710681,3.716843,4.335589,0.047096,0.046109,1.306950,1.823121,0.680311,0.001725,2.137427,2.910368,3.692842,3.303578,0.641524,0.045840,0.675673,-0.000229,0.569359,0.096098,0.311627,0.000093,3.494942,3.978191,2.761693,0.010402,-0.000229,2.973356,2.699515,2.505894
-30.245537,1.083549,-1.415945,0.046438,1.140263,1.708051,3.732624,4.344466,0.049726,0.048411,1.464103,1.850081,0.765792,0.004684,2.226524,2.912340,3.695472,3.294043,0.671807,0.027799,0.706923,-0.000229,0.609951,0.109307,0.325157,0.000415,3.576772,3.990755,2.872841,0.010402,0.000093,3.018137,2.840624,2.540366
-30.047975,-1.273668,-1.594797,0.048739,1.168208,1.772819,3.773391,4.362220,0.049726,0.045780,1.642955,1.837916,0.871327,0.006328,2.291620,2.913655,3.713555,3.366702,0.715622,0.032632,0.738495,-0.000229,0.653444,0.175995,0.350609,-0.000874,3.636051,4.003320,2.886371,0.010402,-0.000551,3.099645,2.932763,2.622196
-29.386285,-4.131506,-1.946914,0.377183,1.200099,1.895780,3.825008,4.379973,0.053342,0.052356,1.994740,1.822135,0.934123,0.031972,2.339621,2.951464,3.720130,3.374263,0.737851,0.036820,0.769423,0.000737,0.696292,0.210789,0.420518,0.000737,3.669556,4.025549,2.898614,0.011047,-0.000229,3.175032,2.979799,2.645070
-28.346989,4.277547,-1.970586,0.813792,1.625530,2.253483,3.914105,4.409891,0.917684,0.063205,2.420499,1.907287,1.136975,0.561624,2.566802,3.031684,3.776021,3.468949,0.754281,0.005248,0.810660,0.000093,0.745261,0.263624,0.479797,0.027477,3.739144,4.042946,2.909245,0.010402,-0.000874,3.170844,3.056797,2.806152
-25.713077,4.745985,-2.290484,0.990014,2.157153,2.686475,3.942708,4.415480,1.047220,0.068137,2.907409,1.914848,1.158016,0.764476,2.639131,3.078698,3.780953,3.472566,0.699191,0.021678,0.771356,-0.000551,0.758147,0.261047,0.486240,0.064848,3.691786,3.995910,2.911823,0.011047,0.057438,3.058730,3.012016,2.790366
-19.747233,13.268743,-2.304950,1.201743,2.242633,2.789380,3.923639,4.417782,1.198127,0.070767,2.989273,1.820491,1.160318,0.801956,2.617104,3.055027,3.761227,3.436072,0.681150,0.000093,0.745905,-0.000874,0.744294,0.302284,0.457245,0.166008,3.639917,3.968848,2.934052,0.011047,0.093199,2.934052,2.968524,2.745263
-10.644264,13.660438,-2.241168,1.239223,2.262031,2.860066,3.792789,4.358603,1.266840,0.389348,2.966916,1.439774,1.075495,1.065960,2.638474,3.040232,3.666541,3.162535,0.545841,0.000415,0.699836,0.000093,0.694681,0.253637,0.505570,0.057760,3.499453,3.902804,2.952415,0.011369,0.089011,2.643137,2.671165,2.485920
-3.821888,33.356319,-1.968942,0.986069,1.968767,2.601652,3.578759,4.167259,1.135002,0.573460,2.635186,0.751326,1.039987,1.285580,2.701927,2.975793,3.493278,2.729872,0.395067,0.002026,0.566459,0.000415,0.575480,0.137013,0.440170,-0.000229,3.344169,3.756219,2.978189,0.010724,0.002026,2.483020,2.463368,2.236886
-0.336508,53.245377,-2.252346,0.738175,1.735668,2.702584,2.981053,3.878598,1.082399,0.645790,2.726256,0.060904,0.686886,1.187277,2.669707,2.828832,3.078698,2.119673,0.019423,0.000415,-0.000229,0.000093,0.087078,-0.000229,0.119938,0.000093,1.986241,3.166656,2.778446,0.010724,-0.000229,2.177285,0.008469,-0.000874
0.049854,55.666977,-2.770166,0.047753,1.094235,2.582254,1.976000,3.685609,1.676160,0.537624,2.817983,0.048739,-0.000248,0.653680,2.500719,2.386635,2.665104,1.797806,0.000093,0.083856,-0.000229,-0.000551,-0.000229,0.000415,0.137980,-0.000229,0.855763,2.891204,2.713691,0.010080,0.000415,2.542621,0.009436,-0.000229
0.779959,59.170645,-2.726110,0.045123,1.085358,2.594419,1.942794,3.681664,1.669914,0.507706,2.772941,0.049726,0.000081,0.569843,2.465869,2.354416,2.640447,1.810957,0.029410,0.087078,0.000415,-0.000551,-0.000229,-0.000551,0.109951,0.000415,0.627026,2.891204,2.698227,0.009758,-0.000551,2.483342,0.010402,-0.000874
1.096975,63.698805,-2.807647,0.049726,1.107386,2.699297,2.038138,3.705664,1.754079,0.614228,2.858751,0.258825,-0.000248,0.744421,2.535569,2.390252,2.668392,1.851724,0.028443,0.080634,-0.000229,-0.000229,0.002348,0.000093,0.106085,0.000415,0.469810,2.885405,2.700160,0.009758,0.000093,2.435984,0.010080,0.000415
2.117303,64.211448,-2.833291,0.053013,1.152756,2.770311,2.149920,3.733610,1.825751,0.652365,2.885052,0.489952,0.000739,0.904205,2.577980,2.501705,2.721324,1.936547,0.025866,0.100286,-0.000229,-0.000229,0.001382,-0.000551,0.153766,0.000093,0.466910,2.877029,2.701448,0.009436,-0.001196,2.463368,0.009758,-0.000229
1.256840,67.891874,-2.812907,0.051041,1.152756,2.759462,2.152550,3.723418,1.823450,0.645790,2.863025,0.228907,0.000410,0.884478,2.579295,2.498746,2.723297,1.930630,0.027155,0.116395,0.000093,-0.000229,0.000415,0.000093,0.166008,-0.000229,0.354475,2.862209,2.698871,0.009758,-0.000874,2.473678,0.009114,-0.000551
1.315961,68.640481,-2.866497,0.052027,1.214236,2.799901,2.266963,3.766487,1.957918,0.801628,2.919902,0.342004,-0.000576,0.952205,2.692392,2.588501,2.790366,1.972055,0.031021,0.130892,-0.000551,0.000093,0.000415,0.000093,0.184049,0.000415,0.397000,2.907312,2.718201,0.010724,-0.000874,2.512337,0.009758,-0.000551
1.719434,66.895006,-2.875703,0.055644,1.224757,2.834421,2.314306,3.773391,1.965151,0.832532,2.933710,0.279538,-0.000248,1.037357,2.712447,2.616446,2.822586,1.995397,0.038431,0.123482,-0.000551,0.001704,0.000093,-0.000874,0.190170,-0.000229,0.464655,2.925354,2.716268,0.010080,-0.000551,2.485275,0.010402,-0.001840
1.264531,67.402923,-2.876689,0.055315,1.296101,2.881765,2.391238,3.770761,1.972055,0.833847,2.931738,0.351210,0.001067,1.040645,2.711132,2.615460,2.827189,2.025316,0.038431,0.120583,0.000415,0.000093,-0.000229,0.000093,0.190170,0.000093,0.437271,2.892815,2.706603,0.010402,0.000415,2.480121,0.010724,-0.000874
-0.874029,67.027942,-2.884580,0.055644,1.270785,2.890970,2.475732,3.790158,1.970740,0.846012,2.941272,0.571816,-0.000576,1.126454,2.718694,2.617761,2.832120,2.060165,0.026188,0.121227,-0.000551,0.000093,0.000093,0.000093,0.177928,-0.000874,0.342554,2.837080,2.699193,0.009758,-0.000551,2.474322,0.011047,0.002026
-3.422506,66.973451,-2.893786,0.056301,1.302018,2.914313,2.495130,3.798378,1.962192,0.846669,2.951464,0.844368,0.000081,1.117906,2.729872,2.627624,2.860066,2.061152,0.023611,0.120583,0.000737,0.000415,0.000415,0.000415,0.170196,0.000093,0.396356,2.829348,2.700160,0.010724,-0.000874,2.372518,0.008469,-0.000229
-3.207635,63.388118,-2.823099,0.058274,1.326019,2.904450,2.593104,3.816131,1.944767,0.859492,2.972177,0.836806,0.000739,1.127112,2.738420,2.663132,2.904450,2.060165,0.000415,0.133791,-0.000229,0.000737,-0.000551,0.000093,0.160209,-0.000229,0.504926,2.836758,2.713691,0.010080,-0.000874,2.474966,0.009758,0.000737
-6.014746,64.578652,-2.655095,0.057945,1.366458,2.884066,2.667406,3.820077,1.913205,0.852916,2.954752,0.843053,0.000410,1.133359,2.756174,2.696338,2.932066,2.080220,0.000093,0.121549,-0.000229,0.002348,0.000093,-0.000229,0.137335,-0.000229,0.826769,2.890882,2.718201,0.010724,-0.002807,2.517492,0.010080,-0.000229
-2.817243,60.130902,-2.594929,0.058931,1.368759,2.889655,2.655899,3.798378,1.889204,0.877574,2.912998,0.926561,0.000081,1.096536,2.742366,2.705872,2.939957,2.035836,0.000415,0.130892,-0.000229,-0.001840,-0.000229,0.001704,0.131858,-0.000229,0.985596,2.907312,2.725933,0.009758,-0.000229,2.534889,0.010402,-0.001196
-1.023436,52.753745,-2.596902,0.059918,1.345416,2.891299,2.651954,3.818104,1.987836,0.966014,2.920231,0.939383,0.000410,1.126126,2.767023,2.674639,2.922861,2.212058,-0.000229,0.139913,0.000737,0.000093,0.000093,0.000093,0.150544,0.000737,0.872516,2.803897,2.718201,0.010724,-0.000229,2.395069,0.008791,-0.000551
5.409567,34.265469,-2.611697,0.058603,1.325361,2.888340,2.708502,3.827638,2.066083,1.041960,2.976122,0.963055,0.052027,1.221798,2.789709,2.692721,2.922532,2.237044,0.000415,0.184371,-0.000229,-0.003773,0.000093,0.000415,0.157309,0.000093,0.592877,2.733343,2.708536,0.010080,-0.000551,2.206925,0.009436,0.000093
12.675093,16.905305,-2.268127,0.059918,1.372704,2.830476,2.668392,3.830926,2.213373,1.149797,2.905436,0.550775,0.116467,1.195168,2.797599,2.677926,2.905765,2.267291,-0.000229,0.174062,0.000737,0.000093,-0.000551,0.000093,0.128959,0.000093,0.598031,2.694361,2.710147,0.010724,-0.000229,1.993329,0.007503,0.000737
18.671242,5.657167,-2.285881,0.060904,1.240538,2.738749,2.678255,3.824351,2.414910,1.183661,2.908724,0.499157,0.309785,1.285580,2.800887,2.643405,2.870586,2.286689,-0.000551,0.426962,0.000093,-0.000229,0.012013,0.000415,0.106407,-0.000229,0.065815,2.617363,2.710791,0.009758,-0.001840,1.911821,0.006536,-0.000229
20.450046,5.662008,-2.159303,0.057616,1.238237,2.723297,2.638803,3.814159,2.342251,1.167551,2.781161,0.058931,0.209838,1.254347,2.790366,2.613487,2.830147,2.282415,-0.000551,0.351897,0.000093,0.000415,0.039075,0.000415,0.065170,-0.000551,0.240750,2.639915,2.724644,0.011369,-0.000551,1.577414,0.006858,-0.000551
17.661790,8.132680,-2.233606,0.057287,1.222784,2.755516,2.671351,3.822707,2.356388,1.163277,2.817325,0.171700,0.223975,1.295772,2.786092,2.609213,2.854148,2.265647,-0.000229,0.407632,-0.000229,-0.000229,0.057116,0.000415,0.090621,0.000415,-0.000874,2.616719,2.715624,0.010402,0.137335,1.577091,0.006858,-0.001196
23.023717,3.374838,-2.254647,0.058603,1.088646,2.709488,2.494143,3.798049,2.355731,1.154071,2.781818,0.535322,0.182879,1.200757,2.723954,2.521431,2.755188,2.249209,-0.000229,0.304539,0.000415,0.000093,0.000093,-0.000551,0.074513,0.001059,0.033598,2.452415,2.699193,0.010080,-0.000874,1.519102,0.005570,-0.001518
31.635048,-0.799346,-2.397664,0.054986,1.043275,2.577323,2.206140,3.771419,2.449759,1.157688,2.611186,0.343319,0.058603,1.113961,2.595076,2.230798,2.584227,2.175893,0.000415,0.426317,-0.000229,0.000737,0.000737,0.000415,0.127670,-0.000229,-0.000551,2.570327,2.797132,0.011047,-0.000229,1.912143,0.007503,0.000093
33.945184,-0.754019,-2.769837,0.056630,1.096536,2.719680,2.079234,3.767802,2.664118,1.143879,2.830476,0.566556,0.022109,1.060042,2.520774,2.159454,2.525048,2.124276,-0.000229,0.555183,0.000093,0.036175,0.063882,0.000415,0.122838,-0.000551,0.000093,2.652801,2.861887,0.011047,0.139268,2.191783,0.009436,-0.000229
36.759652,-5.677276,-2.845456,0.055972,1.074180,2.757818,2.129207,3.770432,2.655241,1.137304,2.902806,0.596474,0.005341,1.063988,2.551350,2.191016,2.522089,2.112111,-0.000229,0.498160,-0.000229,0.000093,0.022000,0.000415,0.062271,0.000415,-0.000229,2.648613,2.915366,0.011369,0.000737,2.295198,0.007825,0.001059
38.992263,-6.192598,-2.855319,0.058603,1.159989,2.805490,2.182468,3.774706,2.650310,1.148811,2.912340,0.647105,0.017177,1.065960,2.543459,2.193975,2.530637,2.143345,-0.000229,0.491717,-0.000229,0.000415,0.007503,-0.000551,0.045840,0.000093,0.000415,2.617363,2.919877,0.012013,0.027155,2.344489,0.009758,0.000737
38.160888,-4.738198,-2.852689,0.058603,1.198784,2.799901,2.215017,3.772734,2.646693,1.138948,2.910696,0.615543,0.021451,1.095879,2.580281,2.227510,2.541486,2.182140,-0.001196,0.484951,-0.000551,-0.000229,0.010080,0.000415,0.042941,-0.000229,-0.000874,2.605121,2.912467,0.011369,0.046485,2.356731,0.009436,0.000093
36.700757,-5.598857,-2.836579,0.055972,1.128098,2.809106,2.184441,3.771747,2.661817,1.146838,2.895244,0.586611,0.023753,1.095550,2.569103,2.226195,2.538528,2.176879,0.000093,0.499771,0.000415,0.000415,0.012013,0.000415,0.035531,0.000093,0.000093,2.608665,2.955959,0.010724,0.068070,2.371551,0.009114,-0.000551
33.336774,-3.261307,-2.764577,0.056959,1.060371,2.687132,2.115070,3.747090,2.701927,1.174784,2.830805,0.575433,0.025397,1.088646,2.538528,2.179181,2.525705,2.153865,0.000415,0.479152,0.000093,0.002348,0.028766,-0.000551,0.000737,0.000737,0.000093,2.619618,2.935018,0.010402,0.132181,2.315816,0.010080,0.000093
32.965001,-1.825102,-2.675150,0.056301,1.050837,2.624666,2.048658,3.718815,2.690420,1.159660,2.840668,0.621132,-0.000248,1.065303,2.531623,2.163071,2.510582,2.105865,0.000093,0.548418,-0.000229,0.039719,0.030054,0.000415,0.000093,0.000093,-0.000229,2.620585,2.945650,0.012013,0.138302,2.304541,0.009114,-0.000874
32.817987,-1.643230,-2.561723,0.056301,1.037028,2.619405,2.076933,3.716514,2.659844,1.151770,2.815024,0.557679,-0.001234,1.103440,2.530308,2.174907,2.514856,2.132824,-0.000874,0.598676,0.000737,0.040364,0.048096,-0.000551,0.000093,0.000093,-0.000229,2.668910,2.949194,0.011047,0.168907,2.361242,0.009114,-0.000551
33.894719,-1.942345,-2.517667,0.056630,1.006453,2.597378,2.071672,3.709610,2.732174,1.188263,2.798257,0.679653,0.001067,1.141249,2.553980,2.171948,2.531952,2.166030,-0.000229,0.641524,0.000093,0.073869,0.063882,0.000093,0.003315,-0.000229,-0.000229,2.711113,2.944039,0.011369,0.170196,2.335469,0.009758,0.000737
33.291556,-3.347661,-2.319745,0.056301,1.006453,2.592775,2.049316,3.702705,2.738420,1.205031,2.757489,0.796039,0.000081,1.140263,2.576007,2.185756,2.526363,2.165701,0.000737,0.668908,-0.000551,0.089011,0.066781,0.000093,0.011691,0.000415,-0.000874,2.716268,2.910534,0.011691,0.156987,2.322582,0.009436,0.000093
32.220991,-4.061075,-2.157659,0.057616,0.993959,2.506637,2.003946,3.681993,2.740393,1.201086,2.684502,0.754942,0.122056,1.178400,2.573048,2.166359,2.518801,2.160112,0.000737,0.687593,-0.000551,0.095132,0.086111,0.000093,0.000093,0.000415,-0.000551,2.743330,2.919555,0.012657,0.175995,2.271680,0.009114,-0.000551
29.311427,-2.618257,-2.042259,0.054657,1.017302,2.439567,1.957260,3.658321,2.733160,1.226730,2.605268,0.731271,0.228249,1.173140,2.548062,2.151564,2.507623,2.158468,0.027799,0.832245,0.000093,0.104152,0.117039,0.000737,0.026510,0.000093,0.000093,2.811951,2.972712,0.107374,0.358018,2.221422,0.008791,0.000093
28.134281,-3.121275,-1.921928,0.056630,1.043275,2.408334,1.974027,3.642869,2.722639,1.216209,2.526692,0.816094,0.155919,1.180373,2.554637,2.134797,2.502691,2.144002,0.058083,0.899900,0.000093,0.122194,0.174062,0.000093,0.110918,0.000093,0.274255,3.037145,3.053898,0.353830,0.522645,2.418587,0.010080,0.237529
26.468135,-3.970407,-1.741102,0.056959,1.058070,2.270908,1.978630,3.594540,2.712119,1.217524,2.447129,0.950890,0.182550,1.251388,2.532938,2.144988,2.496774,2.125262,0.168907,0.945325,0.000093,0.157632,0.248160,0.000415,0.150222,0.014590,1.021034,3.134117,3.147970,0.635725,0.795196,2.477543,0.009758,0.899578
22.584337,-1.183579,-1.498138,0.055644,1.108043,2.040110,1.894793,3.532402,2.722968,1.237908,2.351786,0.923273,0.196029,1.325032,2.520774,2.149920,2.492500,2.118358,0.232374,1.003637,0.001059,0.216266,0.330956,-0.000229,0.193714,0.087400,1.201769,3.253640,3.205960,1.012336,1.095132,2.632183,0.179861,1.334501
17.845223,-0.974205,-1.323559,0.382115,1.079111,1.838245,1.784984,3.490648,2.610200,1.162290,2.166359,0.770066,0.188139,1.248429,2.497102,2.098303,2.420827,1.994740,0.256536,1.015557,-0.000229,0.256859,0.405377,0.000415,0.291974,0.144745,1.484308,3.335792,3.233022,1.325802,1.344166,2.791010,0.517490,1.472388
11.550105,0.095283,-1.401478,0.048411,0.973904,1.737312,1.506843,3.428182,2.428060,1.028480,2.094686,0.677352,0.417293,1.180044,2.366909,1.916492,2.289319,1.914191,0.276511,1.060338,0.000093,0.304861,0.437915,0.034887,0.323869,0.148611,1.396357,3.301965,3.253962,1.446292,1.514269,2.859954,0.556794,1.474321
2.376124,0.642391,-0.950401,0.039205,0.489952,1.556159,1.303333,3.256563,1.942465,0.765792,1.501583,0.111535,0.444910,1.102783,2.160769,1.743887,2.192331,1.639338,0.272645,0.948225,0.000093,0.301962,0.416975,0.035209,0.282632,0.133791,1.470777,3.336437,3.171166,1.391202,1.544553,2.866719,0.529088,1.477864
-1.518107,1.082752,-0.690342,0.028684,0.027369,1.242182,1.072536,3.173713,1.550899,0.375210,0.770066,0.095096,1.006453,0.891054,2.107180,1.629475,2.121317,1.507829,0.258147,0.811949,0.000093,0.322902,0.399578,0.021034,0.180183,0.020067,1.307439,3.257184,3.060341,1.261692,1.483986,2.740108,0.355441,1.236563
-1.632338,-1.197544,-0.114003,0.022766,0.022438,0.896643,0.942013,3.113548,0.937411,0.022766,0.134549,0.719435,1.227387,0.829245,2.050960,1.705092,2.211071,1.524268,0.241717,0.712078,0.000093,0.267490,0.359307,-0.000874,0.119294,0.000093,1.279411,3.214336,2.838691,0.664397,1.193715,2.633472,0.455634,0.938238
-1.847110,-0.997017,-0.003207,0.019150,0.019150,0.556364,0.778942,3.016889,0.456088,0.018164,0.022766,0.817080,1.037028,0.665516,2.023672,1.676489,2.232113,1.608434,0.215299,0.601897,0.000415,0.191781,0.291008,0.000093,0.014913,0.000093,1.260081,3.125740,2.755250,0.166330,0.719165,2.472067,0.010080,0.287786
-0.967971,-1.611813,0.000081,0.014218,0.015533,0.342662,0.803272,2.917601,0.017177,0.016848,0.017835,0.798340,0.677023,0.489952,1.903341,1.599885,2.169646,1.594296,0.208856,0.511369,-0.000229,0.156987,0.299706,0.000093,0.000737,-0.000229,1.405377,3.200483,2.756539,0.011047,0.433405,2.201770,0.008469,0.152799
-1.200697,-0.418098,0.000081,0.013561,0.017177,0.263428,0.807546,2.899847,0.015205,0.015862,0.014547,0.620474,0.562610,0.259811,1.818518,1.588378,2.150906,1.522295,0.220776,0.485274,0.000093,0.187915,0.333534,0.000093,0.034887,-0.000229,1.464334,3.207571,2.746874,0.011047,0.420196,2.103509,0.103508,0.123160
-1.095483,0.381284,0.000410,0.014218,0.013561,0.100357,0.816751,2.865655,0.015533,0.014547,0.014876,0.510993,0.327867,0.088521,1.748819,1.576871,2.178852,1.383554,0.221743,0.422774,0.001059,0.164075,0.399578,-0.000229,0.029732,-0.000229,1.470777,3.340303,2.748485,0.010080,0.240106,1.995584,0.008791,0.263946
-0.502736,0.264715,0.000081,0.010931,0.013232,0.012574,0.888424,2.801873,0.015205,0.013232,0.012246,0.016191,-0.001234,-0.000248,1.471007,1.530515,2.185099,1.010398,0.184371,0.250415,-0.000551,0.093843,0.368328,0.000737,0.000737,0.000093,1.484952,3.265238,2.758150,0.010724,0.000093,1.533599,0.007181,0.063882
-0.351609,-0.024361,0.000081,0.014218,0.013232,0.013232,1.083385,2.831134,0.012574,0.013561,0.013232,0.014547,0.000410,0.003369,1.416431,1.590022,2.278470,0.933794,0.163753,0.163108,-0.000229,0.011369,0.413431,-0.000229,0.000737,-0.000229,1.699836,3.232377,2.740108,0.010402,-0.000551,0.780055,0.003959,-0.000229
-0.058474,-0.101810,0.000410,0.013232,0.012903,0.013561,1.163934,2.806805,0.014547,0.016848,0.012903,0.013561,0.000410,-0.000905,1.403280,1.596927,2.294579,0.905191,0.094165,0.058083,-0.000229,0.000737,0.446936,-0.000229,-0.000229,0.000093,1.448225,3.130251,2.674064,0.010402,0.000093,0.466588,0.000737,-0.000551
-0.072974,0.033012,0.000739,0.013890,0.013232,0.013232,1.039987,2.735461,0.010931,0.011259,0.010931,0.012903,0.000081,0.000739,1.262895,1.516049,2.229811,0.849957,0.049384,0.013946,-0.000229,0.000093,0.445325,-0.000229,0.000093,-0.000229,1.357375,3.037789,2.636049,0.009758,-0.000874,0.000737,0.000093,0.000737
-0.295964,0.140634,0.000410,0.020136,0.020794,0.103644,2.495787,3.442319,0.020794,0.019807,0.021451,0.020465,0.000410,0.000739,2.096659,2.819298,3.149384,1.482514,0.230119,-0.000229,0.277799,-0.000229,0.407954,-0.000551,0.000093,0.262013,2.724000,3.376385,2.812273,0.010724,-0.000551,1.320970,0.903766,0.615428
-0.047620,-0.181276,0.000081,0.022109,0.022766,0.344306,2.700283,3.481443,0.024410,0.022438,0.021451,0.021123,-0.000905,0.000739,2.275839,2.935683,3.195083,1.563063,0.209822,-0.000229,0.202090,0.000415,0.362851,0.000093,-0.000229,0.252993,2.582247,3.357700,2.794232,0.011047,-0.000229,1.230119,0.752993,0.456923
-0.040387,-0.360602,0.000081,0.022109,0.022438,0.520856,2.798585,3.568238,0.024739,0.023095,0.023095,0.023424,-0.001563,0.000081,2.339292,2.961985,3.213166,1.568323,0.198224,-0.000229,0.141846,0.001059,0.350286,0.000093,-0.000229,0.233340,2.526513,3.321295,2.760405,0.011369,-0.000229,1.151833,0.540042,0.330312
-0.026862,-0.100673,0.000081,0.024081,0.024739,0.642502,2.880449,3.673116,0.025725,0.022766,0.023753,0.024410,0.001396,0.000739,2.420499,3.019191,3.249002,1.556488,0.195325,0.000415,0.147967,-0.000551,0.333212,0.000415,-0.000551,0.227864,2.486242,3.327094,2.746229,0.010402,-0.000551,1.129604,0.414397,0.025866
0.130653,-0.134615,0.000081,0.023424,0.023753,0.618830,2.839682,3.678048,0.025068,0.024081,0.024081,0.023095,-0.000248,-0.000248,2.402745,3.019520,3.244728,1.531172,0.185982,0.000093,0.234951,0.000415,0.379603,-0.000229,0.000415,0.231730,2.508149,3.346424,2.747840,0.010724,0.000093,1.112529,0.531343,0.151188
0.145959,-0.161339,-0.000248,0.026383,0.026054,0.892698,3.040890,3.755638,0.027369,0.027040,0.027040,0.024410,0.000410,0.000739,2.553980,3.048780,3.295030,1.613365,0.163431,-0.000229,0.134758,0.000415,0.316459,0.000093,-0.000229,0.221743,2.387337,3.299388,2.731732,0.010402,-0.000551,1.110918,0.285853,0.200480
0.133952,-0.188219,0.000081,0.128302,0.028356,1.175113,3.017876,3.793446,0.280853,0.027698,0.028356,0.028027,0.000410,-0.000248,2.556610,3.042862,3.272344,1.717914,0.096098,-0.000874,-0.000229,0.000093,0.273933,0.000737,0.000093,0.168263,2.266847,3.065496,2.690173,0.010080,-0.000874,0.847709,0.002992,0.000093
0.162511,-0.188537,0.319977,0.428471,0.367977,1.359882,3.135576,3.857228,0.972918,0.255537,0.136193,0.316360,-0.000576,0.006985,2.673652,3.000451,3.306208,1.929643,0.237529,0.198869,0.280377,0.251060,0.473998,0.165041,0.006214,0.222709,2.742363,3.166011,2.828704,0.011047,0.358663,1.452736,0.992039,0.567426
0.116423,-0.125434,-0.044303,0.769737,1.062015,1.663667,3.281550,3.886817,1.096207,0.600748,0.627379,0.875930,0.416307,0.422225,2.736119,3.053054,3.346975,2.058850,0.462722,0.494294,0.669552,0.573547,0.962078,0.377026,0.281021,0.355763,3.106733,3.437919,3.063885,1.438882,1.041975,2.223355,1.887659,1.658921
0.178602,-0.160623,-0.399378,0.910122,1.172482,1.791888,3.234865,3.871694,1.239552,0.682283,1.085029,1.442075,0.912095,0.877574,2.707187,3.016561,3.356510,2.106522,0.728508,0.918263,0.889591,0.889591,1.133792,0.728186,0.744294,0.561627,3.549710,3.883474,3.313563,2.268780,1.846744,3.007184,2.830315,2.492041
0.145926,-0.161035,-0.961580,1.627502,2.068713,2.414252,3.485717,4.086381,2.114741,1.317799,2.161098,1.692928,1.321745,1.347060,2.965601,3.177330,3.538320,2.711461,1.347710,1.471421,1.294230,1.514913,1.743651,1.474321,1.551962,0.907632,4.024905,4.270717,3.561953,3.627030,3.328060,3.889273,3.510406,3.663435
0.147259,-0.160717,-1.028649,1.773148,2.241318,2.494472,3.518594,4.102819,2.458307,1.897095,2.225866,1.679777,1.943123,1.679777,3.025109,3.164508,3.580403,2.873216,1.245583,1.548419,1.158277,1.602220,1.630249,1.531988,1.450158,0.884114,3.886696,4.205962,3.511373,3.704028,3.486888,3.943719,3.662791,3.820007
0.053708,-0.216737,-0.365843,1.176099,1.496651,2.010850,3.421935,3.989394,1.524597,0.912424,1.393417,1.509802,1.036042,1.119879,2.808777,3.082644,3.460401,2.498746,0.406021,0.735918,0.401511,0.424062,0.673096,0.187593,0.185016,0.239784,2.619618,3.583860,2.863176,1.490751,1.361885,2.363497,2.006538,1.811950
-0.746924,-0.777041,-0.762014,0.553405,1.081741,1.847122,3.029711,3.899639,1.021905,0.394279,1.253689,1.152756,0.867053,0.637242,2.681214,2.922532,3.238481,2.187400,0.401511,0.735918,0.376382,0.305828,0.623805,0.117361,0.180505,0.165364,2.637015,3.540045,2.854477,1.374772,1.279733,2.426964,1.710790,1.572903
-0.339495,-0.721441,-0.754124,0.028684,0.113179,1.658407,2.279127,3.568238,0.029999,0.029342,0.788148,0.296963,0.752969,0.516582,2.329429,2.532610,2.971848,1.702133,0.261369,0.569359,0.007181,0.328701,0.449191,0.023933,0.076446,0.018456,1.651512,3.290689,2.784889,1.195003,1.074836,2.478832,1.164720,1.423419
-1.695907,-1.582787,-0.971114,0.029999,0.148029,1.720216,2.318580,3.605061,0.029013,0.029671,1.002179,0.029013,0.711873,0.581022,2.265647,2.517815,2.943245,1.625858,0.248804,0.557761,0.009114,0.324513,0.461755,0.068070,0.074191,0.038108,1.897968,3.259761,2.686629,1.230764,1.227220,2.591912,1.456279,1.473998
-0.275404,-2.704983,-1.315011,0.034273,0.847656,1.837916,2.360005,3.671143,0.035589,0.033616,1.348704,0.033945,0.621789,0.581350,2.306744,2.518472,2.937656,1.707065,0.250093,0.569359,0.024255,0.385725,0.514913,0.070969,0.080956,0.084822,1.839334,3.237532,2.668588,1.329346,1.321614,2.658923,1.493973,1.553251
1.103274,-0.484449,-1.303175,0.032958,0.512966,1.803395,2.243291,3.638266,0.031643,0.031972,1.336868,0.032630,0.242386,0.589899,2.251510,2.396827,2.868942,1.540378,0.251704,0.531343,-0.000229,0.392168,0.426962,0.000415,0.000415,0.016201,1.264913,3.171810,2.772003,1.276833,1.187594,2.647647,0.547129,1.361241
-2.048097,-1.144854,-1.111829,0.029999,0.155590,1.709695,2.328114,3.661609,0.031643,0.030328,1.146181,0.030328,0.121398,0.306168,2.061152,2.347183,2.911025,1.514405,0.244616,0.469487,0.000093,0.345132,0.422129,0.000093,-0.000229,0.000093,1.232697,3.162467,2.636049,0.641524,0.987529,2.427608,0.135080,1.067748
-0.219792,-0.281888,-0.087044,0.024410,0.024081,0.945630,2.432006,3.597828,0.024739,0.024081,0.111535,0.024739,0.282497,-0.000576,2.019069,2.521103,2.970861,1.476596,0.249771,0.377348,0.035531,0.284243,0.487529,0.004925,0.000093,0.000737,1.513947,3.097068,2.537466,0.388302,0.435016,1.840623,0.362851,0.571292
