-23.695594,-1.547973,-0.139318,3.569553,3.650102,3.641554,3.552786,3.009328,2.301484,3.181275,3.465004,3.395633,3.421935,3.394647,3.726706,3.527142,4.233999,4.203423,2.982055,0.012980,3.702417,3.834827,2.832892,1.493006,0.536820,1.174707,3.571618,0.015557,0.791330,2.922132,2.495907,2.970779,1.625416,3.295844
-23.974436,-1.521493,-0.137346,3.561992,3.648458,3.635636,3.626431,2.935025,2.267620,3.182590,3.460073,3.395633,3.417004,3.380510,3.727363,3.538649,4.239259,4.211314,2.994941,0.012980,3.713048,3.821618,2.785856,1.406022,0.539719,1.137658,3.572262,0.015879,0.789720,2.904413,2.408278,2.932119,1.578702,3.296488
-24.201538,-1.072833,-0.139976,3.574485,3.652075,3.645499,3.652404,2.983355,2.299182,3.195083,3.474538,3.390702,3.430483,3.397606,3.742158,3.552786,4.250438,4.229396,3.003640,0.012980,3.715626,3.828706,2.812596,1.394101,0.548418,1.083856,3.579028,0.015879,0.789075,2.929219,2.440817,2.998485,1.449836,3.270715
-25.062663,-1.196502,-0.137346,3.587964,3.657335,3.651088,3.660623,2.998807,2.310689,3.212508,3.482758,3.396620,3.452840,3.414702,3.753994,3.577773,4.254054,4.230711,2.995908,0.013302,3.717237,3.824840,2.824838,1.386370,0.555828,1.246872,3.587404,0.015879,0.685016,2.918588,2.521358,2.985921,1.541653,3.286501
-25.464237,-1.578263,-0.126825,3.591581,3.662267,3.657006,3.690870,3.059630,2.335676,3.223686,3.483744,3.395633,3.471908,3.429826,3.774706,3.581389,4.258986,4.244520,3.017815,0.012980,3.734956,3.829028,2.849322,1.434050,0.534565,1.128315,3.590625,0.015557,0.721743,2.939529,2.520391,2.981088,1.296163,3.242687
-25.914671,-1.581651,-0.127811,3.592238,3.656349,3.662924,3.689226,3.093493,2.328443,3.212508,3.483087,3.383798,3.472895,3.434428,3.782268,3.580403,4.260301,4.250438,2.991720,0.012980,3.754286,3.829350,2.868975,1.453380,0.572580,1.294230,3.600935,0.014268,0.756214,2.938240,2.609309,2.960792,1.411498,3.283279
-26.432837,-0.830077,-0.122551,3.592896,3.650102,3.662924,3.681335,3.113548,2.335676,3.206261,3.480785,3.367688,3.481443,3.432785,3.799035,3.584019,4.267862,4.255369,3.050032,0.012335,3.767817,3.835149,2.919232,1.458535,0.568392,1.300996,3.606412,0.014590,0.809372,2.931152,2.632183,3.015238,1.380571,3.253640
-26.529481,-0.557201,-0.125181,3.593554,3.652732,3.663582,3.705336,3.102041,2.323840,3.200344,3.478813,3.375907,3.473552,3.435086,3.793775,3.585992,4.271479,4.258986,3.049709,0.012980,3.768139,3.836116,2.858987,1.427929,0.528444,1.268779,3.609311,0.015557,0.839977,2.904735,2.618974,3.074516,1.205313,3.229800
-26.990067,-1.128982,-0.115976,3.592238,3.641554,3.659965,3.687253,3.090863,2.315292,3.212508,3.469936,3.394318,3.465990,3.432785,3.798707,3.591252,4.273780,4.257999,3.026513,0.013302,3.772649,3.818719,2.846101,1.489462,0.465299,1.194037,3.609311,0.016523,0.820970,2.895070,2.599322,3.028446,1.228509,3.201772
-27.518573,-1.230921,-0.121236,3.580403,3.640568,3.647472,3.712569,3.075739,2.267291,3.206261,3.458757,3.384126,3.448894,3.412072,3.785556,3.574156,4.272465,4.257342,3.066462,0.014913,3.793912,3.764595,2.971101,1.533599,0.447580,1.261369,3.617043,0.015557,0.766524,2.866075,2.545520,2.930186,1.647323,3.137016
-28.075934,-0.047716,-0.116633,3.581060,3.629718,3.652732,3.707637,3.063904,2.281100,3.212837,3.456456,3.389716,3.454155,3.422264,3.798378,3.600786,4.276739,4.259972,3.095779,0.012657,3.792946,3.781025,2.985921,1.591911,0.553573,1.366717,3.628641,0.015557,0.733019,2.852222,2.649258,2.925354,1.689527,3.158601
-28.208813,-0.400198,-0.116304,3.577444,3.641554,3.653719,3.720459,3.065219,2.269593,3.223686,3.459744,3.385113,3.458757,3.429168,3.801008,3.615581,4.283972,4.261945,3.112210,0.013946,3.805832,3.788435,2.994297,1.608341,0.536498,1.391846,3.627997,0.015879,0.754604,2.852544,2.667299,2.942106,1.671808,3.140882
-28.597171,0.144006,-0.124852,3.579745,3.640897,3.653390,3.727034,3.068835,2.275839,3.221056,3.462045,3.383798,3.449223,3.425880,3.792789,3.629718,4.282328,4.258328,3.105766,0.013946,3.803255,3.789402,3.001707,1.703380,0.472065,1.355764,3.619943,0.015557,0.798096,2.844168,2.655701,2.941140,1.625416,3.114143
-28.690448,0.018245,-0.125181,3.578430,3.635636,3.652075,3.728350,3.059958,2.251839,3.210864,3.461059,3.378866,3.462045,3.437387,3.806597,3.624129,4.291205,4.265232,3.108988,0.013624,3.813886,3.784247,3.001707,1.701125,0.483341,1.454024,3.629285,0.015557,0.794552,2.837724,2.669554,2.944683,1.658921,3.110599
-28.442441,0.408564,-0.128798,3.577444,3.629718,3.650102,3.774706,3.087904,2.242962,3.196727,3.459086,3.370976,3.449223,3.430154,3.806268,3.626431,4.290219,4.266219,3.104478,0.013302,3.811309,3.783603,3.003962,1.735919,0.593521,1.502671,3.626064,0.016201,0.799062,2.828382,2.657956,2.943717,1.643135,3.079993
-28.782736,0.530179,-0.133401,3.569553,3.627417,3.643855,3.762871,3.074096,2.180167,3.160891,3.457114,3.375907,3.445607,3.421278,3.801008,3.612293,4.289890,4.265890,3.094168,0.013624,3.814208,3.773293,2.978511,1.708213,0.711433,1.666009,3.624131,0.015235,0.784243,2.801964,2.653124,2.956604,1.671808,3.088369
-28.993153,0.725925,-0.129784,3.556402,3.624787,3.632677,3.741829,3.080671,2.170304,3.188508,3.442319,3.354537,3.423579,3.405497,3.797063,3.603088,4.285616,4.263588,3.068395,0.013302,3.806799,3.750742,3.002351,1.660210,0.666653,1.662465,3.615110,0.016523,0.742039,2.780057,2.590301,2.960147,1.600932,3.014916
-28.810717,0.634945,-0.135373,3.543252,3.621170,3.627417,3.741172,3.038917,2.093700,3.179960,3.428511,3.353880,3.385770,3.380839,3.794433,3.583690,4.282657,4.266219,3.089336,0.013302,3.810665,3.724646,3.048421,1.719811,0.644101,1.632182,3.612211,0.015879,0.725609,2.776835,2.563884,2.963369,1.533921,2.978511
-29.072135,1.397724,-0.132085,3.541279,3.614924,3.630705,3.755309,3.060616,2.100604,3.161877,3.422264,3.338756,3.372948,3.369989,3.795090,3.590595,4.282986,4.272136,3.096746,0.013624,3.814531,3.700806,3.066462,1.803896,0.630892,1.586112,3.608989,0.015557,0.730119,2.781023,2.567105,2.949194,1.434050,2.916655
-29.649679,1.733078,-0.131099,3.530758,3.608019,3.628403,3.738213,3.046479,2.103563,3.172398,3.413058,3.369003,3.367030,3.351249,3.786542,3.605718,4.278383,4.259314,3.103833,0.013624,3.820007,3.688564,3.107377,1.819360,0.666008,1.748161,3.619943,0.016523,0.498804,2.750418,2.682441,2.950160,1.606731,2.960792
-29.535625,2.263072,-0.146223,3.520238,3.609992,3.622485,3.720130,3.022807,2.060494,3.174042,3.409771,3.354537,3.347633,3.309496,3.760569,3.587307,4.283643,4.256355,3.112210,0.013624,3.825484,3.702417,3.110599,1.815171,0.651189,1.683084,3.619298,0.015557,0.510402,2.752351,2.736242,2.955959,1.603187,2.949516
-29.783620,2.693720,-0.128140,3.510375,3.603417,3.590923,3.744459,3.010972,2.025973,3.148398,3.393332,3.322975,3.348619,3.320345,3.780295,3.600786,4.281342,4.255698,3.083215,0.013302,3.825806,3.713048,3.124774,1.817104,0.599642,1.720455,3.618976,0.015879,0.559049,2.741075,2.734309,2.959825,1.618329,2.937918
-29.966941,3.487712,-0.128140,3.507087,3.607362,3.583690,3.741172,2.984341,2.009535,3.169768,3.388729,3.327249,3.334153,3.310153,3.772734,3.627746,4.283972,4.255369,3.079349,0.012657,3.825806,3.734311,3.126707,1.838367,0.589655,1.826125,3.622842,0.015235,0.610596,2.739142,2.770392,2.976578,1.625738,2.913433
-29.907480,2.591783,-0.101838,3.498868,3.606376,3.565608,3.730651,2.949820,1.975342,3.174042,3.367688,3.319359,3.311468,3.283851,3.763857,3.651746,4.281671,4.251753,3.062918,0.011691,3.821296,3.727868,3.118653,1.827736,0.123804,2.043909,3.615110,0.015235,0.616073,2.719812,2.774258,2.971423,1.621550,2.842557
-30.880510,2.614648,-0.096249,3.476511,3.587964,3.543252,3.711582,2.943245,1.950685,3.154316,3.335797,3.297989,3.262152,3.263468,3.747090,3.628403,4.278383,4.250766,3.043910,0.012657,3.809054,3.761695,3.063885,1.722388,0.008147,1.974321,3.614788,0.015557,0.675029,2.706281,2.767170,2.987854,1.625094,2.829670
-30.696987,1.616292,-0.115318,3.475196,3.585334,3.555745,3.699089,2.915957,1.950027,3.140836,3.350263,3.285166,3.274317,3.261166,3.720788,3.633006,4.270164,4.244848,3.052287,0.013302,3.790368,3.741721,3.081282,1.499772,0.091588,1.437916,3.580961,0.016201,0.548418,2.670843,2.729477,2.940173,1.572903,2.901513
-30.364012,2.215329,-0.102825,3.471251,3.575471,3.537662,3.723747,2.930423,1.961534,3.156617,3.339742,3.278262,3.245385,3.270701,3.736898,3.680678,4.279698,4.240574,3.049709,0.013624,3.786180,3.718847,3.092235,1.439205,0.203701,1.439849,3.586437,0.015879,0.464655,2.650224,2.743974,2.938240,1.624127,2.895714
-29.938217,1.691544,-0.097893,3.444292,3.565279,3.501498,3.704678,2.875518,1.916164,3.105000,3.311468,3.262152,3.218755,3.244070,3.739857,3.672787,4.277726,4.231369,3.027802,0.013624,3.789724,3.716914,3.090624,1.374449,0.006214,1.412465,3.581283,0.015557,0.478830,2.642170,2.748485,2.919232,1.571615,2.875418
-30.430847,1.712074,-0.084085,3.423579,3.552786,3.478484,3.715199,2.848887,1.878684,3.075411,3.286810,3.252289,3.191138,3.233221,3.732295,3.669171,4.271808,4.228739,3.032635,0.013302,3.789724,3.705316,3.104800,1.223032,0.005248,1.383148,3.565174,0.015557,0.467877,2.624451,2.740431,2.902802,1.537787,2.861565
-30.010603,2.031736,-0.095921,3.411743,3.552786,3.453168,3.695801,2.849216,1.784655,3.057657,3.281879,3.242097,3.144781,3.243741,3.710267,3.654376,4.263588,4.225451,3.023614,0.012657,3.802611,3.722069,3.106733,1.204991,0.004925,1.371228,3.566785,0.015879,0.450480,2.619618,2.724644,2.916655,1.521035,2.846101
-30.318319,2.209738,-0.071263,3.393661,3.536019,3.425223,3.694157,2.805818,1.755394,3.052725,3.243741,3.225330,3.099082,3.201001,3.695144,3.646157,4.260629,4.216245,3.044233,0.013302,3.797778,3.724969,3.054864,1.147645,0.005248,1.326125,3.562275,0.015557,0.328379,2.574193,2.714657,2.942428,1.520390,2.831603
-30.120318,3.337855,-0.070276,3.351249,3.505443,3.393332,3.643198,2.719680,1.640982,3.016561,3.216453,3.176015,3.070808,3.170097,3.659965,3.611636,4.254054,4.207697,3.038756,0.013302,3.794234,3.715304,3.021037,1.067104,0.004603,1.212722,3.538112,0.015235,0.325480,2.480121,2.658923,2.927287,1.354797,2.763949
-30.597691,2.562799,-0.061728,3.310482,3.487032,3.368345,3.633664,2.615460,1.399664,2.969218,3.193768,3.131302,3.035958,3.150042,3.625773,3.570868,4.245835,4.201122,3.048743,0.012980,3.785536,3.716270,3.017493,1.021679,0.003959,1.143779,3.533280,0.014913,0.294874,2.446938,2.649258,2.904413,1.242362,2.724967
-30.677179,2.193813,-0.055810,3.303249,3.477497,3.340400,3.618540,2.561541,1.410842,2.950149,3.170097,3.129329,3.001108,3.132617,3.615581,3.581718,4.242547,4.193231,3.067429,0.012657,3.791013,3.719492,3.007506,0.977864,0.005892,1.094810,3.530381,0.014268,0.379281,2.468845,2.668265,2.915044,1.148612,2.710147
-30.833803,2.552949,-0.070934,3.294372,3.472566,3.321989,3.589280,2.545432,1.410513,2.932066,3.172398,3.112890,3.005382,3.116178,3.617554,3.565608,4.231369,4.192903,3.078060,0.013302,3.788757,3.722713,3.000096,0.973676,0.004603,1.079990,3.518783,0.014590,0.409243,2.500095,2.741075,2.944361,1.218521,2.724000
-30.716681,2.929777,-0.069947,3.266098,3.458757,3.293057,3.568896,2.486910,1.337197,2.846915,3.138206,3.080342,2.984999,3.098425,3.586649,3.547854,4.228410,4.182711,3.094813,0.013624,3.787469,3.726579,2.980766,0.951124,0.004281,1.056472,3.515883,0.014913,0.215944,2.517492,2.770392,2.950160,1.250738,2.708536
-30.974283,2.931668,-0.084085,3.233878,3.419634,3.261824,3.547854,2.427074,1.222784,2.758147,3.127356,3.054040,2.943245,3.048780,3.546868,3.518923,4.220848,4.175149,3.123163,0.013302,3.774260,3.704350,2.942428,0.798418,0.004281,0.946292,3.491721,0.014913,0.000093,2.488497,2.790044,2.906668,1.231408,2.690817
-30.807020,3.922532,-0.086715,3.221714,3.397277,3.196070,3.525827,2.400115,1.193853,2.714749,3.099082,3.050424,2.924505,3.023136,3.524183,3.500183,4.215588,4.161669,3.122519,0.012980,3.768139,3.688564,2.941462,0.739462,0.002026,0.756214,3.476901,0.015235,0.000415,2.471100,2.747840,2.840302,1.081601,2.470456
-31.000621,3.640705,-0.056797,3.213166,3.355852,3.151357,3.486045,2.319895,1.139605,2.689105,3.029054,2.983026,2.874860,2.972834,3.514977,3.496237,4.207697,4.144902,3.121874,0.011691,3.782636,3.698551,2.903768,0.768457,0.002670,0.684049,3.468525,0.013302,0.066459,2.443394,2.793588,2.820972,1.008470,2.428252
-31.475861,4.114284,-0.010768,3.159247,3.302920,3.093822,3.457114,2.195290,0.976863,2.523733,2.911683,2.946204,2.745325,2.827189,3.491306,3.457442,4.192574,4.122546,3.126385,0.013302,3.777159,3.688564,2.909567,0.677606,0.003315,0.636691,3.438563,0.014590,0.000415,2.436306,2.795199,2.798098,0.926640,2.347711
-31.528996,4.167606,-0.048906,3.135247,3.238152,3.030698,3.434428,2.070357,0.947602,2.393211,2.866312,2.948834,2.708831,2.763736,3.486045,3.435086,4.190930,4.113011,3.126063,0.013624,3.772971,3.690175,2.933085,0.897323,0.003959,0.614140,3.411824,0.014268,0.140235,2.478832,2.870263,2.789400,0.928251,2.304541
-31.642418,4.443506,-0.047920,3.095137,3.186206,2.990259,3.417661,1.940821,0.907492,2.341922,2.816339,2.926806,2.646364,2.615460,3.448894,3.411743,4.176464,4.102491,3.135083,0.011369,3.763628,3.708860,2.935985,0.843521,0.003959,0.472387,3.402803,0.013624,0.185338,2.474644,2.882828,2.790688,0.956279,2.268136
-31.217742,4.531647,-0.040358,3.067520,3.157932,2.952121,3.394976,1.804053,0.802285,2.241647,2.756832,2.927792,2.537870,2.563843,3.445935,3.389387,4.167587,4.090984,3.133472,0.012980,3.759762,3.711760,2.955315,0.814526,0.003959,0.455634,3.391849,0.013946,0.289397,2.473678,2.927931,2.802931,0.975287,2.263303
-31.846808,3.885219,-0.007809,3.028396,3.142480,2.926149,3.351249,1.678791,0.705298,2.152879,2.689105,2.872230,2.459294,2.504007,3.430483,3.371304,4.148847,4.080134,3.136050,0.012980,3.760085,3.704672,2.995263,0.767168,0.003315,0.419230,3.358666,0.013302,0.819359,2.490752,2.924709,2.758150,0.925995,2.199515
-31.825166,3.075000,-0.024248,2.973820,3.106973,2.879792,3.340400,1.616982,0.637570,1.843505,2.646693,2.835408,2.337977,2.466527,3.397935,3.354208,4.132409,4.068956,3.130251,0.013302,3.766528,3.719814,3.007506,0.763946,0.002670,0.405054,3.359955,0.013302,0.966266,2.472711,2.959503,2.733343,0.872516,2.167620
-32.234979,2.888652,-0.004851,2.943902,3.091520,2.821928,3.323633,1.485473,0.544199,1.770847,2.606254,2.807462,2.304114,2.423786,3.367359,3.340729,4.124847,4.060408,3.115431,0.013302,3.797456,3.744621,3.075160,0.800673,0.003637,0.384436,3.363499,0.013624,1.050996,2.538433,2.997196,2.674387,0.849642,2.152479
-32.278675,3.317021,0.022766,2.883080,3.007026,2.750256,3.290098,1.297416,0.134549,1.520980,2.520116,2.786092,2.154852,2.352772,3.293386,3.302920,4.112683,4.044298,3.113820,0.013302,3.795523,3.741721,3.078060,0.732052,0.002348,0.353508,3.328060,0.012980,1.083212,2.538433,3.077416,2.640559,0.860918,2.141525
-32.857896,2.973253,-0.005837,2.814366,2.964615,2.708502,3.256563,1.210620,0.051041,1.495665,2.506308,2.774256,2.005261,2.264661,3.241769,3.285495,4.101833,4.041011,3.109310,0.013302,3.806477,3.754286,3.106733,0.896678,0.003637,0.326768,3.328705,0.011047,1.073869,2.568716,3.125418,2.704992,0.958534,2.172775
-33.090977,1.811948,0.021780,2.776887,2.947190,2.682858,3.243413,1.153085,0.049726,1.399335,2.464883,2.759133,1.980603,2.228496,3.230590,3.279906,4.088025,4.035750,3.131862,0.012980,3.822263,3.797134,3.133472,0.751382,0.002670,0.322902,3.348357,0.014268,1.202735,2.622196,3.129284,2.689528,0.882181,2.164721
-34.140325,-1.146222,0.056630,2.755188,2.920888,2.623350,3.221714,1.091933,0.049068,1.365143,2.416553,2.743681,1.849094,2.129865,3.214152,3.276618,4.077833,4.030161,3.175998,0.013624,3.829995,3.823873,3.155058,0.841910,0.003315,0.322902,3.333215,0.013946,1.277156,2.677286,3.149259,2.739142,0.920841,2.221100
-33.241938,-2.621261,0.013561,2.741708,2.880778,2.617104,3.212837,1.056755,0.049397,1.381252,2.433321,2.749927,1.838902,2.074631,3.266427,3.297660,4.073559,4.022599,3.282635,0.013946,3.851902,3.845136,3.188241,1.078380,0.005248,0.350609,3.387017,0.014268,1.287465,2.726577,3.193717,2.807441,1.002671,2.281667
-33.427289,-3.709443,0.087535,2.664776,2.824230,2.535240,3.145110,0.952534,0.048411,1.319772,2.318908,2.701598,1.647229,1.957589,3.225988,3.291742,4.050216,4.002216,3.296810,0.013624,3.858990,3.891206,3.242042,1.633792,0.007503,0.394101,3.381862,0.013946,1.473998,2.780379,3.267493,2.925676,1.344488,2.632827
-30.139348,-5.317415,0.080959,2.596062,2.739078,2.498089,3.069493,0.654667,0.046109,1.229360,2.250524,2.675954,1.510460,1.982247,3.150042,3.254262,4.013723,3.972955,3.282313,0.013302,3.827417,3.885729,3.276514,1.836757,0.008469,0.343199,3.356089,0.014268,1.522001,2.787467,3.272004,2.878317,1.451447,2.664722
-26.028266,-4.960684,0.058274,2.489869,2.410964,2.331402,2.825873,0.440307,0.042493,1.144208,2.078248,2.553322,1.208318,1.917807,3.058315,3.177987,3.944352,3.896351,3.246553,0.012980,3.806799,3.788435,3.354156,2.209824,0.010080,0.312915,3.318718,0.014590,1.634437,2.859954,3.260728,2.744619,1.436949,2.463690
-8.066641,-5.835691,-0.060742,2.344553,2.297538,1.946082,2.626638,0.349237,0.038876,0.994617,1.997041,2.420499,1.096865,1.871122,2.913984,3.070479,3.843748,3.808241,3.157313,0.013302,3.756541,3.766850,3.403447,2.576770,0.011691,0.315493,3.258795,0.012980,1.663109,2.872518,3.254285,2.540688,1.435661,2.073226
-1.395450,-0.659310,0.027698,1.663338,1.478898,1.073522,1.658736,0.199975,0.025725,0.182221,1.315498,1.918136,0.585953,1.274073,2.508609,2.509267,3.378537,3.342701,2.580314,0.011369,3.552610,3.429543,3.066140,2.662144,0.011691,-0.000229,2.797454,0.012335,1.525223,2.468201,2.864464,1.874450,0.160853,0.388624
-0.583897,-0.533544,0.147371,0.355484,0.003698,0.004355,0.004026,0.002054,0.003369,0.003698,0.003698,0.917355,0.054657,0.251921,1.026508,1.304649,2.194633,1.814902,0.383147,0.001704,2.639915,2.301641,1.656988,2.285211,0.009758,-0.000874,1.154733,0.005892,1.349643,1.058083,1.043264,0.575802,0.002026,-0.000229
-0.591474,0.159965,-0.875112,0.036904,0.003040,0.006985,0.006328,0.006985,0.004684,0.003698,0.874615,1.449966,0.000739,0.000410,0.635927,0.758887,1.848437,1.663010,-0.000229,0.000093,2.347066,1.964978,1.101575,2.034888,0.009436,0.000415,0.666008,0.003959,1.065815,0.565815,0.833856,0.003959,0.000093,0.000093
-0.205718,1.056370,-1.171337,0.026712,0.006985,0.006657,0.006985,0.005999,0.006328,0.005999,1.179387,1.826080,0.001396,0.001396,0.402827,0.647105,1.708709,1.678462,0.001382,0.000093,2.337724,1.746228,1.097387,1.961112,0.008147,0.000093,0.656665,0.002992,1.087078,0.550029,0.758792,0.002670,-0.001518,0.000415
1.325976,5.522216,-1.332765,0.052027,0.012246,0.008300,0.008300,0.007643,0.008629,0.006985,1.343115,2.195619,0.000739,0.000081,0.251263,0.589570,1.596927,1.567666,-0.000229,-0.000551,2.221422,1.467877,1.008148,1.921164,0.008469,0.000093,0.405699,0.001059,1.136369,0.569359,0.707567,0.002992,-0.000551,-0.000229
-2.047443,18.072864,-1.303175,0.108905,0.008300,0.008958,0.009287,0.009287,0.010273,0.010602,1.313197,2.609542,0.000739,-0.000248,0.002382,0.482719,1.295443,1.730737,0.000415,-0.000229,2.316139,1.040364,1.138947,1.967556,0.008147,0.000737,0.497838,0.004603,1.439849,0.981086,0.284243,0.000415,0.001059,-0.000229
-1.719151,26.476530,-1.449151,0.286442,0.010273,0.010931,0.010931,0.011917,0.009615,0.010931,1.463445,2.958039,0.055315,-0.000248,0.141453,0.462006,1.341800,1.865533,0.219810,0.000737,2.425997,2.340301,1.054862,1.715300,0.006536,0.523933,1.068392,0.004603,1.369939,1.262658,0.005892,-0.000874,-0.000874,-0.000551
-5.017628,32.594359,-1.525755,0.051370,0.010931,0.007314,0.011259,0.011588,0.010602,0.010273,1.539720,2.970533,-0.000248,0.000739,0.223646,0.502116,1.365800,1.870136,0.579668,0.002026,2.612209,2.732054,1.149578,1.694037,0.007503,0.267168,1.226576,0.004925,1.373483,1.406344,0.327413,0.001704,-0.000874,-0.000551
-4.552569,33.177755,-1.544495,0.043479,0.009944,0.010273,0.011588,0.010602,0.010931,0.011588,1.554186,2.936998,-0.000576,0.000410,0.240414,0.465951,1.326676,1.843834,0.729797,0.003315,2.658278,2.799065,1.254604,1.794875,0.008147,0.326768,1.207890,0.004925,1.410854,1.432117,0.455957,0.002670,-0.000874,0.000093
-4.550396,33.610129,-1.806857,0.257839,0.012903,0.010602,0.012574,0.012574,0.011588,0.011259,1.818847,2.921217,0.052685,0.000081,0.295647,0.551103,1.398677,1.837587,0.703057,0.002670,2.648936,2.789722,1.171807,1.656022,0.005892,0.259758,1.231408,0.005570,1.384759,1.517169,0.483341,0.002026,-0.000551,-0.000874
-4.504871,36.157062,-1.755568,0.268688,0.027698,0.008958,0.011917,0.012574,0.013561,0.013890,1.767559,2.863353,0.158221,0.000081,0.469568,0.571816,1.397362,1.834300,0.741395,0.002026,2.643459,2.824194,1.120261,1.635725,0.007181,-0.000551,1.241395,0.005248,1.233019,1.504282,0.507825,0.002992,-0.002162,-0.000229
-4.486863,37.370103,-1.886749,0.254880,0.364361,0.012246,0.012574,0.013232,0.013561,0.013232,1.899396,2.909381,0.238112,0.000410,0.544857,0.592857,1.570625,1.854683,0.825802,0.003959,2.685662,2.829670,1.156666,1.658599,0.007181,0.000093,1.386370,0.006536,1.213689,1.533277,0.592877,0.001704,0.000093,0.000093
-3.426892,39.620214,-1.914037,0.442609,0.465623,0.016520,0.013890,0.014218,0.013232,0.013890,1.925369,2.943573,0.291373,-0.000576,0.596803,0.598118,1.607447,1.855670,0.911498,0.003637,2.696938,2.805830,1.226576,1.651834,0.006858,-0.000551,1.422774,0.005248,1.184694,1.503638,0.616073,0.002670,-0.000874,-0.000551
-3.426126,42.314510,-2.023190,0.729627,0.497842,0.603049,0.014218,0.014547,0.016191,0.016848,2.039782,2.966259,0.401512,-0.000248,0.684914,0.651050,1.644598,1.877040,1.022001,0.003959,2.703704,2.814206,1.238496,1.638625,0.008469,0.258791,1.466266,0.004603,1.135725,1.515558,0.597387,0.002348,0.000093,-0.000551
-3.315643,44.893335,-2.028122,0.880862,0.732586,0.634283,0.017177,0.015205,0.016848,0.017835,2.045699,2.981053,0.539268,0.000410,0.752641,0.686558,1.685695,1.852382,0.861885,0.002670,2.675353,2.791333,1.173096,1.622194,0.007503,0.242361,1.471743,0.006214,1.130570,1.478831,0.593199,0.002026,-0.001196,0.000093
-2.944491,46.731848,-2.050478,1.095221,1.000535,0.758887,0.018492,0.018821,0.018821,0.018164,2.068385,3.018533,0.750339,0.000081,0.902561,0.766449,1.860930,1.843505,0.985596,0.002670,2.716268,2.873807,1.305828,1.637336,0.007825,0.179861,1.494295,0.005892,1.193715,1.828702,0.649256,0.002992,0.000093,-0.000874
-3.721173,48.010027,-1.645100,1.258949,1.344430,1.003165,0.021451,0.021451,0.022438,0.022438,2.134797,3.087575,0.890067,0.075699,1.131715,0.956479,2.074631,1.912218,1.059372,0.004925,2.820972,2.902802,1.396679,1.633148,0.006858,0.431794,1.568393,0.006858,1.179539,1.946937,0.720776,0.002992,-0.000551,0.000415
-3.206246,49.812441,-1.582633,1.433198,1.630461,1.261908,0.363703,0.024410,0.025725,0.025068,2.230469,3.091520,0.991000,0.497514,1.249415,1.164263,2.163400,1.986192,1.164076,0.006214,2.869619,2.997196,1.528122,1.690171,0.006214,0.494616,1.675996,0.007181,1.220777,2.051641,0.764269,0.002992,-0.003129,-0.000229
-2.959314,51.452471,-1.653648,1.534460,1.699174,1.374348,0.473513,0.149344,0.025725,0.026712,2.377758,3.168453,1.160647,0.578720,1.448651,1.284922,2.146961,2.018083,1.188238,0.004603,2.909567,3.062918,1.588689,1.688883,0.008147,0.621227,1.714978,0.006536,1.250094,2.114141,0.810660,0.003637,0.002026,-0.001196
-3.297367,53.457588,-1.658908,1.689311,1.956274,1.744216,0.807874,0.193399,0.030328,0.029999,2.470472,3.287468,1.381581,0.732257,1.624872,1.431883,2.246250,2.043069,1.225287,0.004603,2.973034,3.063240,1.634115,1.719166,0.007825,0.679539,1.762014,0.007825,1.254282,2.179218,0.870261,0.003315,0.000093,-0.000874
-3.717786,55.223806,-1.552714,1.741257,2.150249,1.953315,1.324704,0.220687,0.033945,0.033616,2.524719,3.322646,1.666626,0.860149,1.834957,1.626187,2.350142,2.072659,1.301640,0.005248,3.003640,3.174065,1.713367,1.738174,0.008147,0.662142,1.795197,0.007181,1.282632,2.261693,1.049385,0.004925,-0.000551,-0.000874
-3.810172,57.146722,-1.509974,1.889533,2.207455,2.060823,1.549912,0.441622,0.035917,0.036246,2.604611,3.395633,1.778080,0.934123,1.996384,1.688983,2.393539,2.107180,1.340300,0.005892,2.999774,3.253640,1.778122,1.801963,0.007825,0.620583,1.898290,0.008147,1.269424,2.340945,1.205635,0.004281,-0.000229,0.000415
-3.739136,58.662452,-1.458685,1.929643,2.377758,2.170304,1.575228,0.684914,0.037232,0.037561,2.630583,3.472566,1.881971,0.948918,2.054248,1.784326,2.411622,2.135454,1.369295,0.005892,3.039400,3.315174,1.827414,1.897646,0.007825,0.705312,2.005893,0.008469,1.334501,2.589335,1.545197,0.005570,-0.000874,0.217232
-3.827000,59.898517,-1.429424,2.179838,2.627953,2.290634,1.755066,1.012371,0.572145,0.303538,2.705214,3.527799,2.054576,0.989028,2.048001,1.953972,2.484938,2.192660,1.470455,0.005892,3.055508,3.326772,1.837723,1.937594,0.009114,0.666330,2.061950,0.008469,1.393457,2.802608,1.555506,0.006536,0.000093,0.208856
-3.836824,61.388117,-1.377478,2.346196,2.821271,2.599021,1.855998,1.287552,0.826943,0.614228,2.758475,3.567909,2.220277,1.195168,2.239346,2.179838,2.572062,2.339292,1.751061,0.007825,3.101900,3.311952,2.059051,1.952414,0.008469,1.123161,2.132827,0.009436,1.533599,2.904735,1.841267,0.006858,-0.000229,0.348676
-2.972696,64.094889,-1.288052,2.425430,2.946532,2.718365,1.900054,1.497966,1.115605,0.773353,2.932395,3.620513,2.450746,1.474624,2.448115,2.388608,2.722639,2.412608,1.834501,0.007825,3.153769,3.332893,2.152156,2.069038,0.009758,1.174063,2.149901,0.008147,1.640236,2.983021,1.925996,0.008791,-0.000874,0.665364
-3.026239,63.389858,-1.136158,2.490198,3.090205,2.973492,2.125262,2.000658,1.293142,0.931164,3.023136,3.675746,2.671022,1.675832,2.576665,2.529979,2.883080,2.522418,1.871550,0.008147,3.181153,3.362210,2.210146,2.094167,0.010080,1.417297,2.200159,0.008791,1.696292,2.992686,2.056151,0.009114,-0.000229,0.938882
-3.638761,63.525402,-1.026019,2.588172,3.207248,3.096452,2.267620,2.225209,1.437144,1.025193,3.069822,3.727034,2.779517,1.768216,2.604939,2.613159,2.967245,2.652282,1.846422,0.008147,3.204993,3.388305,2.203381,2.205958,0.010402,1.386370,2.243329,0.010402,1.668264,3.002351,2.246873,0.009758,-0.000229,1.193070
-3.503708,65.965134,-0.981635,2.699625,3.260180,3.189165,2.342580,2.308716,1.759011,1.176756,3.109603,3.748405,2.860723,2.027617,2.647351,2.677269,3.050095,2.691735,1.858342,0.007825,3.214336,3.411179,2.198226,2.125739,0.009436,1.319681,2.296487,0.010402,1.599321,3.035212,2.372195,0.009436,-0.000874,1.479475
-2.959809,66.087767,-0.967169,2.749270,3.283194,3.262152,2.448115,2.344224,1.955616,1.307279,3.119795,3.752679,2.886696,2.079234,2.671680,2.728228,3.075411,2.714749,1.879605,0.007825,3.229800,3.425354,2.244618,2.185984,0.010080,1.556151,2.335146,0.010080,1.446292,3.040689,2.415688,0.011691,0.000093,1.571937
-3.058545,65.616910,-0.929360,2.931080,3.371633,3.366044,2.577980,2.477705,2.171948,1.500925,3.195741,3.776021,2.954094,2.232113,2.792996,2.859079,3.131302,2.835737,1.901512,0.008791,3.252674,3.467236,2.264270,2.261048,0.010402,1.751705,2.442427,0.010402,1.546163,3.090947,2.590624,0.011369,0.000415,1.870906
-2.303753,65.561597,-0.817577,3.028068,3.450867,3.502813,2.662474,2.720009,2.494801,1.701147,3.237495,3.820405,3.030698,2.453705,2.988286,2.940943,3.186535,2.935025,1.900545,0.008791,3.260728,3.482056,2.247195,2.234309,0.011047,1.956602,2.461435,0.009758,1.527478,3.062918,2.701771,0.010724,0.821292,2.492041
-2.476730,65.549382,-0.781741,3.122425,3.498210,3.569224,2.720995,2.820942,2.664447,1.903013,3.317386,3.860844,3.116178,2.589816,3.145110,3.008670,3.228947,3.018862,2.031344,0.007503,3.325805,3.535535,2.297131,2.257505,0.010402,1.785854,2.514270,0.012335,1.726898,3.144748,2.744619,0.012657,0.795841,2.561629
-2.606599,64.970304,-0.699219,3.185549,3.561334,3.629061,2.762421,2.842641,2.702913,2.072001,3.327907,3.886160,3.176343,2.746640,3.213823,3.028068,3.255577,3.114534,2.063239,0.009758,3.335470,3.531025,2.327737,2.345456,0.010724,1.759759,2.510404,0.011047,1.721421,3.113176,2.837402,0.011691,0.877993,2.727866
-2.331413,66.197955,-0.681465,3.186864,3.591252,3.646814,2.816339,2.864340,2.742694,2.188057,3.343030,3.909502,3.214481,2.816339,3.238152,3.032670,3.270372,3.171083,2.087723,0.009114,3.378318,3.574195,2.320649,2.383471,0.010724,1.713689,2.498484,0.010724,1.990752,3.180831,2.897969,0.012657,0.906343,2.847067
-1.475091,67.049845,-0.680479,3.224015,3.611636,3.667856,2.835737,2.873874,2.821928,2.346525,3.372620,3.916078,3.240454,2.881107,3.261495,3.046479,3.270043,3.197056,2.094167,0.009758,3.376063,3.599646,2.338046,2.445649,0.011691,1.720777,2.567428,0.010724,2.149579,3.221101,2.926964,0.012013,0.892168,2.922132
-1.797259,66.732403,-0.679492,3.242426,3.610650,3.686596,2.837709,2.886039,2.834421,2.339621,3.353222,3.920023,3.231577,2.870258,3.256892,3.035958,3.255577,3.202645,2.078381,0.009758,3.346424,3.596102,2.286822,2.411822,0.011047,1.550674,2.541977,0.011047,2.108342,3.214980,2.913433,0.013302,0.835467,2.979155
-1.109884,66.664347,-0.720260,3.236180,3.632677,3.717500,2.847244,2.880121,2.823572,2.372498,3.352893,3.930215,3.238810,2.876833,3.268728,3.037602,3.242426,3.217440,2.100932,0.009114,3.346424,3.593525,2.277157,2.416654,0.010724,1.350609,2.545843,0.011369,2.194682,3.226578,2.980444,0.013302,0.842555,3.115109
-0.568398,66.445040,-0.682122,3.256892,3.646814,3.762542,2.877490,2.912011,2.859408,2.416553,3.352564,3.940407,3.301276,2.935025,3.314756,3.056013,3.277933,3.273331,2.094489,0.009758,3.358666,3.594491,2.313239,2.480765,0.156987,1.313882,2.610276,0.011369,2.235275,3.252029,3.009439,0.012657,0.863173,3.240109
-0.590562,66.402654,-0.649245,3.264454,3.664239,3.827967,2.890313,2.918916,2.891956,2.495787,3.358811,3.953558,3.353551,3.010972,3.355852,3.070808,3.297660,3.313770,2.095455,0.009114,3.377674,3.580961,2.326770,2.487208,0.326446,1.280377,2.647003,0.011369,2.257827,3.273292,3.048743,0.013624,0.962078,3.289401
0.245271,67.774028,-0.541408,3.330537,3.729336,3.916406,2.916614,2.947190,2.914313,2.647680,3.379195,3.969996,3.438045,3.074096,3.402209,3.122754,3.374263,3.367359,2.088046,0.008791,3.385728,3.575484,2.312917,2.527801,1.007181,1.209823,2.702415,0.012013,2.279412,3.277803,3.121552,0.012980,1.076447,3.395715
0.246677,68.080354,-0.436529,3.375578,3.836186,3.972626,2.962313,3.019520,3.034643,2.770311,3.369003,3.999585,3.509717,3.147740,3.473552,3.192124,3.419305,3.397606,2.110597,0.009436,3.408924,3.580638,2.370907,2.555508,1.143779,1.124449,2.782956,0.012980,2.406345,3.309053,3.182764,0.012657,1.240107,3.522004
0.014575,68.302963,-0.374391,3.461716,3.873009,4.008791,3.034314,3.138535,3.148398,2.905107,3.367359,4.030161,3.556731,3.214809,3.548183,3.261166,3.477826,3.447579,2.151834,0.009114,3.432764,3.594491,2.453703,2.713046,1.393457,1.114462,2.863498,0.012657,2.547453,3.367365,3.247197,0.014268,1.344810,3.610600
-0.301700,67.721473,-0.392145,3.479799,3.884844,4.030490,3.100068,3.205604,3.200672,2.981382,3.413387,4.046600,3.598156,3.277605,3.620184,3.301276,3.528786,3.492950,2.173097,0.009758,3.452416,3.605445,2.522002,2.697582,1.544553,1.084501,2.960147,0.013302,2.594490,3.374130,3.312919,0.242361,1.545841,3.605123
0.247715,68.226760,-0.369131,3.538649,3.914763,4.055805,3.142151,3.227632,3.203631,3.016889,3.403853,4.062052,3.623800,3.318044,3.665883,3.339085,3.541937,3.522210,2.279734,0.010402,3.504607,3.613177,2.651513,2.718201,1.936950,1.078057,2.992364,0.013302,2.665366,3.387983,3.316785,0.795841,1.762014,3.693719
0.316437,67.795234,-0.302718,3.541937,3.952242,4.081121,3.177987,3.282536,3.249659,3.024451,3.388729,4.095587,3.651417,3.320674,3.699747,3.353880,3.595526,3.569224,2.385404,0.242683,3.587082,3.689208,2.786500,2.836758,2.108986,1.004282,3.126063,0.013946,2.890560,3.450483,3.453061,1.174385,1.980442,3.863178
0.156613,68.456794,-0.257677,3.625116,4.013394,4.135368,3.252618,3.375578,3.410099,3.149055,3.413716,4.152464,3.720130,3.382483,3.767145,3.408127,3.681007,3.633335,2.495263,1.234308,3.647649,3.768461,2.968846,2.925676,2.339657,0.990751,3.230444,0.015235,3.003640,3.522326,3.533924,1.856731,2.332891,3.979480
-0.129082,69.040719,-0.174497,3.723089,4.098545,4.188629,3.341715,3.441004,3.536676,3.208234,3.440675,4.195204,3.766487,3.502484,3.818104,3.495909,3.780295,3.718815,2.590624,1.594166,3.709827,3.809698,3.115109,2.965624,2.739464,1.004604,3.361244,0.015235,3.113820,3.618010,3.590625,2.267814,2.556474,4.038758
-0.121842,70.002255,-0.089016,3.750048,4.106107,4.191259,3.385113,3.481114,3.617554,3.220070,3.399250,4.208684,3.807912,3.566594,3.839474,3.513991,3.815474,3.743144,2.540044,1.733986,3.786502,3.822263,3.216913,2.984954,2.958214,0.867684,3.443718,0.014913,3.186952,3.690497,3.596424,2.494940,2.625095,4.112212
-0.538400,70.150685,0.008958,3.818762,4.156080,4.192574,3.548841,3.547854,3.683637,3.289112,3.402209,4.234657,3.841775,3.593225,3.876296,3.581389,3.899639,3.799035,2.576126,1.925030,3.810987,3.844814,3.353189,3.069039,3.281669,0.890557,3.583538,0.015879,3.302609,3.749775,3.664401,2.705637,2.850611,4.177612
0.212438,70.109438,0.078986,3.880570,4.207040,4.222163,3.708295,3.638595,3.760898,3.359140,3.406483,4.251424,3.882543,3.641225,3.906215,3.630047,3.950270,3.869721,2.585147,2.203703,3.838693,3.857379,3.469813,3.110277,3.489788,0.869294,3.668267,0.017168,3.394427,3.805832,3.731734,2.862853,3.012660,4.215949
0.843270,59.946255,0.165125,3.902927,4.229725,4.235314,3.768131,3.675746,3.801008,3.438045,3.402538,4.255040,3.886817,3.682322,3.918050,3.653061,3.976243,3.909502,2.670198,2.343845,3.877031,3.884118,3.533924,3.176965,3.597713,1.018135,3.727546,0.016201,3.507507,3.864144,3.750742,3.165045,3.155380,4.270717
1.344384,54.255420,0.171372,3.892077,4.231698,4.239588,3.778652,3.677719,3.818433,3.448894,3.418647,4.255040,3.863146,3.682979,3.901941,3.645828,3.972955,3.904899,2.658600,2.453703,3.902482,3.960794,3.613499,3.272326,3.724646,0.939526,3.783925,0.017812,3.545844,3.880897,3.734956,3.413112,3.308408,4.301001
1.239264,52.790519,0.260469,4.000901,4.275095,4.248136,3.862817,3.790158,3.938434,3.515635,3.490319,4.290548,3.919365,3.763528,3.993996,3.749720,4.055477,3.979202,2.819683,2.698871,3.990433,4.109957,3.762340,3.433731,3.866399,1.108019,3.870910,0.647645,3.659247,3.979802,3.831928,3.791335,3.546489,4.366401
1.038362,1.426820,0.377841,4.048244,4.267534,4.281342,3.917722,3.882214,4.024901,3.718815,3.516292,4.304356,3.988407,3.945996,4.099532,3.831912,4.102491,4.030819,3.135083,3.031668,4.033281,4.127031,3.847392,3.469491,3.973036,1.384437,3.910536,1.604475,3.794234,4.055833,3.865433,3.984312,3.740433,4.379932
0.407400,0.337957,0.124686,3.855913,3.975914,4.148847,3.723089,3.751035,3.776350,3.423250,3.536347,4.098217,3.778980,3.812515,3.963749,3.692514,4.007805,3.958489,2.938562,2.851900,3.915046,3.811309,3.637662,3.306798,3.725935,0.145712,3.839660,0.475931,3.526192,3.850291,3.624131,3.694041,3.411179,3.977547
0.175001,-0.245706,0.047753,3.825666,3.780624,3.892735,3.718158,3.792460,3.793775,3.328235,3.520238,3.661938,3.665554,3.774049,3.997942,3.675746,3.989722,3.942708,3.048421,2.810663,3.925034,3.643138,3.496875,3.215947,3.438885,1.936306,3.725291,0.759436,3.138305,3.370264,3.213370,3.331282,3.437275,3.521682
-0.230121,-0.418408,0.006657,3.755638,3.717500,3.830926,3.661280,3.765501,3.744788,3.274975,3.505114,3.629061,3.616567,3.712897,3.973941,3.635965,3.964407,3.922982,2.993330,2.713691,3.905059,3.542623,3.415367,3.116076,3.295200,1.854153,3.675355,0.365750,3.041655,3.226900,2.982055,3.141849,3.295200,3.318718
0.335582,-0.425904,0.018492,3.791802,3.757610,3.843419,3.657993,3.747747,3.748405,3.312126,3.489004,3.645499,3.569224,3.693500,3.967366,3.629718,3.958160,3.928571,2.966591,2.584825,3.900227,3.495264,3.401514,3.086436,3.208859,1.857053,3.658925,0.016846,2.881217,3.052287,2.844168,3.101256,3.246875,3.176320
8.687038,-0.358437,-0.011097,3.815145,3.838159,3.955201,3.604732,3.684952,3.706979,3.277276,3.506100,3.711253,3.561992,3.663582,3.946325,3.626431,3.922324,3.890434,2.925676,2.255249,3.889917,3.379607,3.352223,2.987209,3.037789,1.771679,3.612533,0.015879,2.756539,2.946939,2.707247,3.023936,3.086114,3.070972
19.043432,-4.094999,0.115480,3.941064,4.075860,4.176464,3.741829,3.768131,3.772405,3.407798,3.562320,4.070600,3.811857,3.726377,3.977887,3.729993,3.932845,3.934489,2.855766,2.157311,3.886696,3.446295,3.437597,3.068717,3.345135,2.164721,3.521038,0.015557,2.836436,2.994619,2.744619,3.099001,3.220457,3.260406
20.463064,-4.107857,0.247318,3.915420,4.178437,4.249780,3.799364,3.778980,3.768460,3.446264,3.404182,4.159368,3.927585,3.777336,3.990709,3.748733,3.918050,3.904242,2.776513,2.326770,3.558731,3.524904,2.962403,2.971101,3.425354,2.044553,3.404736,1.451769,2.729477,2.801320,2.608665,3.050998,3.164723,3.358666
21.148792,-3.594629,0.280195,3.949284,4.207040,4.291863,3.871694,3.814488,3.909174,3.560676,3.408127,4.222492,3.975914,3.841775,4.037394,3.785556,3.955859,3.933831,2.825482,2.442750,3.584827,3.606734,3.078382,3.043910,3.549710,2.149901,3.463370,1.642813,2.830315,2.964013,2.631216,3.223034,3.242042,3.448873
22.209499,-3.789569,0.353183,3.964736,4.237944,4.314219,3.893064,3.836844,3.972955,3.622485,3.388729,4.247479,3.998599,3.893721,4.078490,3.821720,3.978544,3.944023,2.826449,2.472389,3.619943,3.662146,3.116076,3.067106,3.591592,2.266203,3.476579,1.767169,2.896036,2.984310,2.636049,3.273937,3.261372,3.491398
22.254568,-4.177256,0.397896,3.990380,4.266219,4.327699,3.927913,3.863146,4.014380,3.695144,3.395633,4.258328,4.034435,3.930544,4.115313,3.832570,4.009777,3.968352,2.822261,2.587402,3.637984,3.701450,3.160212,3.060985,3.664724,2.245262,3.474324,1.947581,2.986243,3.067751,2.703704,3.342236,3.299066,3.543267
22.851160,-3.565572,0.432745,4.013394,4.288246,4.342493,3.955859,3.884187,4.062709,3.739528,3.421278,4.269177,4.059422,3.944352,4.137012,3.851639,4.028846,3.984791,2.846423,2.626062,3.667623,3.745909,3.226256,3.112532,3.713048,2.433407,3.517494,2.106731,3.103833,3.147648,2.804541,3.399903,3.366720,3.640883
25.385136,-0.408204,0.414334,4.021284,4.298767,4.348082,3.975585,3.894050,4.094600,3.783254,3.454483,4.271808,4.083751,3.966051,4.155423,3.872680,4.034764,3.991695,2.844490,2.706925,3.696618,3.785214,3.339014,3.161823,3.784891,2.617041,3.544556,2.226899,3.148292,3.210470,2.882828,3.501708,3.436308,3.710149
25.158717,3.203135,0.482390,4.008462,4.298109,4.362220,3.968681,3.892077,4.086381,3.756295,3.361113,4.270164,4.089340,3.958489,4.152793,3.868077,4.036408,3.987421,2.833536,2.625095,3.697907,3.752675,3.358666,3.117042,3.763951,2.584825,3.544234,2.207247,3.125418,3.182442,2.837080,3.479478,3.424388,3.692108
27.841676,0.348997,0.510336,3.979202,4.304685,4.367480,3.948626,3.884516,4.079148,3.726048,3.272673,4.272794,4.087367,3.938763,4.136354,3.852625,4.028517,3.977229,2.861243,2.626062,3.691141,3.728190,3.352867,3.082892,3.769427,2.555830,3.517816,2.157633,3.068395,3.151192,2.784245,3.447906,3.391205,3.667301
26.828897,5.129320,0.573131,4.004517,4.326712,4.372740,3.969339,3.896680,4.091313,3.743473,3.277605,4.278712,4.093943,3.966051,4.146875,3.880570,4.035421,3.990380,2.837724,2.720456,3.693396,3.710471,3.396037,3.058408,3.770394,2.475933,3.503319,2.169231,3.087725,3.190496,2.755894,3.491076,3.380251,3.648615
31.697770,1.355221,0.641845,4.083751,4.371425,4.421727,4.041668,4.000901,4.167916,3.863146,3.311139,4.303370,4.145231,4.058107,4.221835,3.943694,4.078819,4.050545,3.039078,2.935341,3.813242,3.824196,3.596424,3.246230,3.920523,2.613497,3.610278,2.348033,3.183086,3.325161,3.009117,3.734311,3.595136,3.893139
29.759741,5.245528,0.644146,4.106107,4.390823,4.439481,4.050545,4.040353,4.190930,3.877612,3.344016,4.308959,4.154765,4.065997,4.239259,3.962434,4.080134,4.056463,3.042300,3.092235,3.835471,3.874453,3.634118,3.271681,3.943075,2.727544,3.628641,2.394747,3.230122,3.349323,3.047132,3.765239,3.660858,3.910214
29.192522,4.765881,0.636913,4.146875,4.399699,4.456248,4.078162,4.087696,4.234328,3.912790,3.393003,4.325726,4.182053,4.104463,4.262931,4.012736,4.112025,4.097888,3.226578,3.414079,3.875098,3.998165,3.698229,3.496231,4.032637,2.984954,3.728835,2.591912,3.367043,3.392816,3.231733,3.833538,3.743976,3.984956
28.896782,4.661308,0.638228,4.153450,4.392467,4.448029,4.078819,4.090984,4.254712,3.945338,3.406812,4.315205,4.181724,4.105450,4.259972,4.004188,4.118600,4.107094,3.277158,3.521038,3.898616,4.025549,3.722069,3.553576,4.056155,3.082892,3.777804,2.720778,3.409891,3.426643,3.326127,3.861567,3.773293,3.996554
29.220289,4.018246,0.643488,4.158711,4.393124,4.440467,4.078490,4.091641,4.259972,3.943694,3.404839,4.307644,4.181067,4.102819,4.259643,4.008462,4.119587,4.107751,3.243975,3.546489,3.900549,4.023616,3.715948,3.558731,4.047779,3.071939,3.777804,2.719812,3.408280,3.431153,3.356089,3.851580,3.770072,3.991078
28.210155,3.690205,0.642173,4.148847,4.389508,4.431919,4.077504,4.088025,4.253725,3.934489,3.399907,4.301068,4.175807,4.094929,4.252410,4.014380,4.124518,4.090655,3.244297,3.544878,3.897649,4.023616,3.704994,3.560020,4.060021,3.060985,3.796812,2.720134,3.393782,3.439852,3.328705,3.834505,3.750420,3.973036
27.516922,3.957263,0.655982,4.118600,4.373398,4.406275,4.056792,4.056134,4.217889,3.902927,3.371304,4.272465,4.158711,4.062381,4.240246,3.979859,4.106765,4.085066,3.277480,3.418267,3.868655,3.955961,3.670845,3.436630,4.008474,2.950805,3.759118,2.678253,3.477868,3.451128,3.240754,3.764917,3.673744,3.942430
27.063180,4.214960,0.676366,4.120902,4.376028,4.397727,4.054819,4.061723,4.229067,3.896351,3.351578,4.266219,4.154437,4.064682,4.239259,3.980517,4.106107,4.088025,3.324517,3.419878,3.891206,3.968526,3.679221,3.476257,4.003964,2.969168,3.757829,2.658923,3.501063,3.464337,3.294233,3.774904,3.682443,3.948229
26.940605,4.752529,0.685900,4.121559,4.367480,4.403973,4.053175,4.063367,4.226766,3.899639,3.343688,4.262602,4.151478,4.078819,4.237944,3.984462,4.101833,4.097559,3.339981,3.472069,3.908925,3.996876,3.696618,3.510406,4.027804,3.042300,3.776515,2.664399,3.514917,3.476257,3.319362,3.787147,3.695974,3.954028
26.010812,3.448394,0.669133,4.123861,4.371096,4.392138,4.050545,4.064682,4.218876,3.909502,3.366702,4.259643,4.148847,4.077175,4.237616,3.986763,4.107094,4.105778,3.373164,3.506218,3.908925,4.023938,3.707572,3.536179,4.052611,3.048099,3.801322,2.760727,3.532958,3.495909,3.327416,3.791979,3.717559,3.957572
25.251709,3.431734,0.664201,4.109724,4.357617,4.385234,4.042983,4.050216,4.206054,3.890434,3.365058,4.244848,4.135039,4.069614,4.230383,3.977887,4.102162,4.085066,3.358666,3.517172,3.906348,4.025871,3.710149,3.536179,4.077096,3.044555,3.794234,2.761371,3.527159,3.506218,3.322261,3.786180,3.690819,3.962083
24.765222,1.464273,0.659927,4.109066,4.348411,4.373069,4.029832,4.041011,4.182382,3.869063,3.364400,4.238931,4.128135,4.056463,4.224136,3.965065,4.095915,4.072573,3.356411,3.473679,3.904737,4.014596,3.703383,3.533280,4.081928,3.010405,3.798422,2.732376,3.508473,3.503963,3.315174,3.777482,3.676322,3.959505
23.922469,1.655137,0.660256,4.095258,4.330986,4.352356,4.017010,4.029175,4.166930,3.858214,3.359797,4.232684,4.122217,4.035750,4.210328,3.951256,4.093614,4.051860,3.281024,3.435986,3.883474,3.998165,3.679543,3.505574,4.076774,2.970457,3.788113,2.775869,3.488499,3.490432,3.309375,3.757185,3.658925,3.948229
23.296095,1.576170,0.677023,4.074216,4.310274,4.309616,3.994325,4.008791,4.139642,3.828296,3.328893,4.213944,4.100189,4.008791,4.187642,3.933503,4.084408,4.028517,3.211759,3.381862,3.858667,3.956606,3.648615,3.452739,4.044879,2.908923,3.783603,2.880895,3.440496,3.457571,3.293267,3.718203,3.613821,3.932121
23.483789,1.902410,0.722394,4.060408,4.303041,4.279369,3.964736,3.980188,4.116299,3.803967,3.269385,4.197177,4.080792,3.991037,4.171861,3.917393,4.072244,4.017668,3.238176,3.361888,3.861245,3.942108,3.650226,3.439208,4.049712,2.846745,3.780059,2.915044,3.427287,3.447262,3.281669,3.708216,3.580638,3.924711
23.171289,1.970835,0.717462,4.063367,4.300739,4.277726,3.965722,3.981174,4.114655,3.796405,3.274646,4.204081,4.076189,3.980846,4.171204,3.917064,4.072573,4.019640,3.271359,3.374130,3.870588,3.964016,3.661824,3.481089,4.082895,2.853511,3.787791,2.945006,3.435019,3.466270,3.293911,3.728835,3.590625,3.935021
22.953447,1.677230,0.711215,4.068299,4.306986,4.263260,3.963421,3.982161,4.112354,3.789501,3.282865,4.208026,4.068299,3.983147,4.169560,3.914105,4.068956,4.022271,3.267493,3.362210,3.880897,3.965626,3.667945,3.482056,4.108668,2.884116,3.783603,2.956281,3.450483,3.487855,3.304220,3.743010,3.593847,3.942753
22.589264,1.674667,0.706284,4.071915,4.306986,4.241561,3.958818,3.975585,4.103806,3.781282,3.288125,4.212629,4.086710,3.988736,4.161669,3.912132,4.063367,4.023586,3.256218,3.380896,3.894428,3.963693,3.684698,3.510728,4.127031,2.874129,3.787791,2.962080,3.444684,3.506540,3.313885,3.755252,3.609955,3.960472
22.211111,1.129830,0.654667,4.075203,4.302712,4.222492,3.953886,3.974928,4.105778,3.775364,3.340071,4.221177,4.087038,3.995311,4.152135,3.908187,4.063696,4.017339,3.244297,3.381862,3.897327,3.963693,3.698551,3.523293,4.144751,2.876707,3.780381,2.974645,3.456282,3.525226,3.339014,3.774904,3.612211,3.969815
22.455736,0.824899,0.659927,4.100847,4.305014,4.223478,3.973613,4.014709,4.133066,3.777994,3.342373,4.226437,4.102819,4.026216,4.168245,3.917393,4.085066,4.051202,3.194040,3.460471,3.898938,3.996554,3.706927,3.576128,4.164725,2.898292,3.777159,2.992364,3.462081,3.568396,3.380251,3.807765,3.676966,3.980768
21.991034,0.764221,0.679982,4.112683,4.303370,4.203095,3.977229,4.018654,4.133066,3.787528,3.330537,4.222163,4.125505,4.058764,4.182053,3.921009,4.104135,4.069285,3.128318,3.490754,3.895716,3.979157,3.696296,3.551966,4.125743,2.913756,3.825806,2.979799,3.453705,3.560664,3.382184,3.790690,3.647971,3.978191
22.664824,0.481864,0.677352,4.121888,4.299424,4.176793,3.969339,4.009120,4.118600,3.769775,3.329879,4.210985,4.121559,4.069285,4.175478,3.913119,4.103477,4.071586,3.134761,3.483666,3.884118,3.948874,3.684054,3.506862,4.112534,2.862531,3.862533,2.962080,3.436630,3.541978,3.357700,3.766528,3.569040,3.973036
22.483944,0.769470,0.662886,4.162656,4.311918,4.235643,3.992353,4.035750,4.158382,3.808898,3.361113,4.230054,4.152135,4.107422,4.210985,3.937448,4.124190,4.104792,3.139271,3.512661,3.906348,3.972392,3.700162,3.577095,4.116400,2.877995,3.884118,2.989787,3.455316,3.575162,3.384762,3.803255,3.603512,3.981413
23.192206,0.668338,0.668475,4.190601,4.326712,4.289561,4.021613,4.073888,4.217889,3.862159,3.393003,4.245506,4.168902,4.138656,4.234657,3.966051,4.137669,4.130107,3.235921,3.558409,3.919879,4.045201,3.728190,3.664079,4.131542,2.880895,3.910214,3.037145,3.509118,3.596102,3.400870,3.829350,3.676966,3.987856
22.942916,1.144017,0.702996,4.206382,4.334603,4.310274,4.038709,4.094929,4.241232,3.899639,3.389058,4.252739,4.179423,4.168245,4.259314,3.989722,4.153779,4.168574,3.230122,3.581927,3.922134,4.077096,3.739466,3.695974,4.146684,2.860920,3.924711,3.075483,3.554543,3.608345,3.418911,3.843526,3.719492,3.990433
23.426753,0.995221,0.723051,4.216245,4.343808,4.323425,4.056792,4.104463,4.253396,3.935146,3.386428,4.254383,4.181067,4.187971,4.270821,4.011421,4.171861,4.174820,3.290045,3.592558,3.935665,4.085150,3.748165,3.713693,4.158926,2.835791,3.933410,3.089336,3.563241,3.619943,3.429543,3.855446,3.730123,4.002031
23.888809,1.433469,0.721079,4.224136,4.348740,4.329343,4.062381,4.115313,4.257013,3.949284,3.395633,4.262273,4.189615,4.194875,4.281342,4.023915,4.177122,4.178437,3.247841,3.592881,3.939853,4.082573,3.749131,3.716592,4.165691,2.808407,3.944363,3.101900,3.570007,3.625419,3.435986,3.862533,3.738177,4.000742
23.620629,1.817798,0.728969,4.219204,4.349069,4.330658,4.062052,4.117285,4.257999,3.948626,3.387414,4.261945,4.189286,4.199478,4.281671,4.027860,4.180738,4.187642,3.262017,3.574839,3.943075,4.076129,3.764273,3.717237,4.178256,2.775224,3.950162,3.091591,3.561953,3.625097,3.431153,3.856412,3.739144,3.997521
24.397254,1.610456,0.732586,4.216903,4.344466,4.326384,4.051860,4.105778,4.253396,3.942708,3.377222,4.249451,4.180081,4.193231,4.275753,4.020956,4.176135,4.181396,3.273292,3.529092,3.940175,4.062920,3.768139,3.698551,4.182766,2.677608,3.948229,3.058408,3.543911,3.616077,3.412468,3.845459,3.715948,3.985923
24.423815,1.989708,0.724038,4.209670,4.338548,4.319808,4.038709,4.095258,4.239917,3.915749,3.367688,4.237944,4.176464,4.185998,4.266219,4.011750,4.166930,4.175149,3.313563,3.484311,3.942430,4.051323,3.770072,3.695007,4.193720,2.604155,3.953706,3.053575,3.560986,3.607378,3.401514,3.845459,3.731412,3.989145
24.301420,2.568814,0.743764,4.218876,4.345124,4.327370,4.043970,4.107751,4.249780,3.947311,3.368674,4.248465,4.179423,4.199478,4.275095,4.022599,4.174492,4.184355,3.338048,3.530703,3.955639,4.068719,3.786180,3.722713,4.218204,2.612531,3.954673,3.091591,3.614466,3.647004,3.436952,3.876064,3.764273,4.008797
24.189702,3.028593,0.745079,4.224465,4.347754,4.330658,4.048901,4.120244,4.254383,3.957174,3.372291,4.254712,4.183368,4.200136,4.279041,4.028517,4.178437,4.191916,3.369620,3.547777,3.970459,4.078384,3.790368,3.738822,4.248166,2.571616,3.956606,3.106733,3.638628,3.673744,3.448228,3.893783,3.769427,4.025871
24.382778,3.427869,0.765463,4.231040,4.351041,4.336247,4.050874,4.126491,4.258328,3.968023,3.355195,4.257342,4.184683,4.206054,4.281013,4.037065,4.185012,4.198821,3.390561,3.547455,3.976902,4.079995,3.790690,3.748165,4.272650,2.530701,3.958217,3.124774,3.654736,3.672133,3.458860,3.898294,3.776515,4.036503
24.438366,3.924744,0.781901,4.234985,4.354000,4.339863,4.045613,4.130107,4.257013,3.967366,3.339742,4.258657,4.178437,4.208355,4.286274,4.040353,4.194218,4.203423,3.410213,3.548422,3.984956,4.076129,3.794556,3.753319,4.281349,2.500095,3.960472,3.140238,3.653448,3.675999,3.467880,3.898294,3.778448,4.037792
24.127531,4.245974,0.788148,4.229396,4.354987,4.335918,4.048244,4.139971,4.257999,3.973284,3.338099,4.253396,4.180409,4.221177,4.284630,4.046271,4.199807,4.202437,3.416978,3.541656,3.987534,4.075807,3.787147,3.756863,4.278449,2.470456,3.961116,3.141849,3.658925,3.674389,3.462081,3.897972,3.773616,4.038114
24.158203,3.929614,0.790778,4.231369,4.349398,4.331644,4.047915,4.137340,4.261287,3.967037,3.332509,4.236300,4.166272,4.219204,4.281671,4.042654,4.199478,4.202766,3.375741,3.508795,3.979802,4.069042,3.785214,3.747842,4.271684,2.389270,3.964016,3.128640,3.649904,3.668590,3.447262,3.889273,3.762340,4.032315
23.664930,2.812671,0.784532,4.221177,4.341178,4.315534,4.016682,4.113669,4.252739,3.952900,3.326592,4.190930,4.133395,4.209670,4.277397,4.032463,4.182053,4.196519,3.385728,3.464659,3.965949,4.056799,3.781992,3.731734,4.251387,2.223999,3.991400,3.101256,3.628319,3.645071,3.431798,3.877997,3.750098,4.020395
22.678407,1.075473,0.681297,4.217889,4.334932,4.310603,4.043641,4.119587,4.251424,3.951914,3.429826,4.185998,4.124518,4.208026,4.271150,4.030819,4.180738,4.194547,3.383473,3.477545,3.960150,4.045524,3.773938,3.719814,4.241723,2.130249,4.003964,3.097390,3.619943,3.646038,3.433086,3.874131,3.744621,4.018784
21.706356,0.071695,0.600419,4.209012,4.323096,4.297123,4.061723,4.120902,4.252081,3.945667,3.506100,4.229067,4.152135,4.201451,4.262931,4.022271,4.176135,4.190273,3.383473,3.470458,3.951773,4.032959,3.771360,3.709182,4.226259,2.088046,3.997521,3.101900,3.624131,3.642494,3.431798,3.864466,3.734634,4.011052
21.746955,0.080681,0.550775,4.201779,4.313562,4.279369,4.065668,4.112025,4.246492,3.926927,3.536347,4.226109,4.175149,4.188629,4.251424,4.010435,4.166601,4.188957,3.354478,3.474968,3.941464,4.011374,3.755252,3.673744,4.188243,2.020069,3.986567,3.092880,3.618332,3.626386,3.420522,3.839660,3.710471,3.992366
21.902329,-0.892435,0.544857,4.196519,4.310931,4.267862,4.058764,4.106765,4.243205,3.916406,3.539306,4.217232,4.168574,4.177779,4.240246,4.001229,4.160354,4.184683,3.340625,3.471746,3.931155,3.997521,3.745909,3.659891,4.179222,1.949192,3.984956,3.081604,3.613177,3.621553,3.417300,3.835149,3.698551,3.990433
22.290821,-0.700201,0.546829,4.194875,4.305671,4.266219,4.066326,4.108409,4.242218,3.916406,3.535690,4.213944,4.165943,4.175478,4.236629,4.001558,4.162985,4.187971,3.301643,3.472069,3.931477,3.988178,3.744299,3.654092,4.182122,1.910855,3.986567,3.067751,3.612533,3.629285,3.416334,3.828384,3.693074,3.983668
22.719245,-0.199754,0.550117,4.190601,4.301726,4.260301,4.061066,4.102162,4.236300,3.903584,3.526813,4.205067,4.163313,4.173834,4.239588,3.999914,4.157067,4.181724,3.267171,3.439530,3.926322,3.961438,3.740433,3.622842,4.177934,1.780055,3.982701,3.044233,3.594169,3.602546,3.405380,3.804221,3.666334,3.964660
23.080402,0.932172,0.557350,4.183040,4.295479,4.251095,4.043641,4.084737,4.221835,3.877283,3.507416,4.196848,4.157724,4.164628,4.213615,3.980517,4.145888,4.171861,3.352545,3.391205,3.919557,3.940175,3.739788,3.609955,4.197264,1.610919,3.981413,3.019426,3.569685,3.588370,3.382184,3.798100,3.638628,3.961438
24.327891,0.980597,0.572802,4.191588,4.311589,4.270493,4.048572,4.097888,4.236300,3.927913,3.510703,4.200464,4.164300,4.187314,4.224465,3.999257,4.160354,4.180409,3.417623,3.424388,3.943075,3.980124,3.754608,3.656669,4.216916,1.614463,3.995266,3.028446,3.593203,3.618332,3.403125,3.823551,3.639917,3.988822
25.032556,1.158891,0.587597,4.202766,4.338219,4.288904,4.052518,4.110052,4.241561,3.963092,3.509717,4.201779,4.168574,4.205396,4.249122,4.013065,4.176135,4.189615,3.446295,3.430831,3.954995,4.004608,3.769750,3.698229,4.241078,1.637981,3.996876,3.047454,3.621231,3.649260,3.424388,3.854801,3.677932,4.004608
24.605642,1.662002,0.585296,4.208684,4.343151,4.300082,4.055477,4.117285,4.241561,3.967037,3.527799,4.202437,4.168574,4.219862,4.255040,4.016682,4.184355,4.187642,3.435019,3.457249,3.966915,4.016206,3.769427,3.723036,4.268462,1.619617,4.003642,3.059052,3.637984,3.661180,3.437919,3.868010,3.687920,4.004931
26.156202,1.820148,0.592529,4.216245,4.347754,4.303370,4.054819,4.117614,4.241232,3.974928,3.526484,4.203752,4.171204,4.227095,4.255698,4.016024,4.192903,4.188300,3.473357,3.476257,3.975936,4.031026,3.781670,3.761695,4.281671,1.551962,4.003320,3.098356,3.650548,3.665368,3.449517,3.882185,3.694363,4.008797
27.350980,0.413164,0.596474,4.225122,4.357617,4.326384,4.064025,4.135039,4.249780,3.989394,3.532731,4.200464,4.176135,4.241890,4.261287,4.023257,4.217889,4.193889,3.524259,3.456927,3.998809,4.034892,3.797134,3.784569,4.298102,1.389913,4.000742,3.052287,3.671811,3.682765,3.462404,3.889273,3.730123,4.014918
25.307449,2.442171,0.589899,4.220191,4.355973,4.319808,4.044298,4.120244,4.239588,3.986763,3.532731,4.171861,4.164300,4.242218,4.259314,4.020956,4.214930,4.184355,3.524259,3.402803,3.998487,4.018784,3.792301,3.740433,4.300035,1.201125,3.993655,3.053253,3.648615,3.665046,3.429220,3.876709,3.702739,4.004931
19.402724,0.587489,0.582994,4.201451,4.356302,4.313233,4.004517,4.098874,4.220848,3.961448,3.520566,4.136683,4.137340,4.227424,4.250766,3.996298,4.210328,4.163313,3.479800,3.278769,4.008152,3.964982,3.769750,3.666657,4.272328,0.462400,3.977224,2.974323,3.585471,3.610278,3.375741,3.845781,3.662146,3.967559
0.657847,0.069131,0.565898,4.185998,4.341836,4.284958,3.956188,4.076189,4.203095,3.940736,3.524512,4.108737,4.109066,4.224793,4.227095,3.959147,4.198492,4.135039,3.423422,3.252352,4.001387,3.933732,3.751064,3.612855,4.233668,0.327413,3.952418,2.922132,3.537790,3.559053,3.334826,3.818397,3.638306,3.934054
-1.175602,0.284296,0.430444,4.123861,4.246821,4.109724,3.910160,4.043970,4.126820,3.782597,3.562320,3.947640,3.973941,4.127477,4.199149,3.870707,4.183040,4.084737,3.235921,3.177931,3.999454,3.805510,3.619298,3.563564,4.035214,1.315815,3.895072,2.694683,3.455316,3.492365,3.277158,3.723036,3.454994,3.772005
-0.692240,0.246787,0.325894,4.096902,4.204081,4.096244,4.000901,4.085395,4.126491,3.742487,3.650102,3.897667,3.969010,4.119258,4.263260,3.868077,4.197505,4.164957,3.206282,3.391527,4.007186,3.898294,3.672456,3.606089,3.982057,1.875094,3.864144,2.647325,3.447584,3.555509,3.273292,3.732378,3.515239,3.720458
-1.128985,-0.429459,0.330826,4.161998,4.257671,4.158053,4.080463,4.151149,4.179423,3.847036,3.698431,3.957832,4.047915,4.163971,4.302055,3.960791,4.254712,4.219862,3.360599,3.464659,4.046812,3.920845,3.777804,3.668267,4.003964,2.009759,3.879286,2.762982,3.456282,3.589659,3.351579,3.775871,3.557120,3.752675
-1.137162,-5.968211,0.340689,4.203423,4.298109,4.201779,4.136354,4.203095,4.223150,3.902598,3.771747,4.010435,4.121888,4.223150,4.341836,4.028189,4.305014,4.276082,3.463048,3.572584,4.138307,3.970781,3.917946,3.828384,4.044557,2.171164,3.875420,2.761371,3.480123,3.628963,3.338048,3.838371,3.585149,3.714015
2.533515,-14.341747,0.279538,4.270821,4.378329,4.303370,4.267534,4.309616,4.308630,4.030819,3.946325,4.161998,4.203095,4.299753,4.417453,4.177450,4.416796,4.369781,3.746554,3.972070,4.297135,4.150227,4.189854,4.120588,4.172135,2.817428,3.988500,3.115109,3.767172,3.810665,3.695974,4.013307,3.895716,4.031993
0.538637,-27.234495,0.215756,4.388521,4.460851,4.413179,4.385891,4.402987,4.418111,4.170546,4.143587,4.347096,4.337233,4.405289,4.502605,4.391480,4.545345,4.469728,3.984634,4.171490,4.456607,4.259119,4.405705,4.248488,4.162148,3.256540,4.195975,3.417623,3.999454,4.031670,3.945974,4.177934,4.168591,4.252676
5.244399,-42.372673,0.143097,4.433234,4.506879,4.474988,4.463481,4.436522,4.446056,4.250109,4.273452,4.446056,4.401672,4.454933,4.537126,4.468741,4.601236,4.544030,4.195008,4.211761,4.533605,4.323553,4.545847,4.380898,4.173101,3.440496,4.356414,3.644749,4.195975,4.170846,4.088372,4.295202,4.296491,4.367045
3.644445,-39.573961,0.099042,4.488796,4.560140,4.529235,4.570660,4.543701,4.493070,4.356302,4.376357,4.507865,4.456248,4.491098,4.556194,4.520358,4.640031,4.602551,4.349648,4.249777,4.595783,4.354158,4.605448,4.418914,4.110923,3.717559,4.386053,3.841270,4.310344,4.269107,4.238501,4.370911,4.391207,4.435344
3.268511,-36.151635,0.100357,4.482878,4.564085,4.532523,4.577236,4.542057,4.498659,4.353672,4.378329,4.501618,4.455262,4.484851,4.550605,4.516742,4.639373,4.606825,4.323875,4.207895,4.583541,4.345782,4.593206,4.396362,4.022650,3.788113,4.353192,3.776837,4.304867,4.268784,4.223681,4.360924,4.377677,4.441788
3.071910,-36.123459,0.097726,4.486495,4.539756,4.516084,4.563756,4.518714,4.472687,4.319479,4.371096,4.489454,4.441125,4.465125,4.533509,4.498002,4.623264,4.585455,4.255253,4.128964,4.546491,4.341916,4.555512,4.355125,3.983668,3.739466,4.304867,3.625742,4.263952,4.224003,4.166336,4.330962,4.333862,4.435989
3.265384,-36.903189,0.093781,4.474988,4.513454,4.507208,4.546660,4.497673,4.478276,4.300739,4.350384,4.479262,4.428960,4.451645,4.522660,4.480248,4.609455,4.571975,4.203063,4.120588,4.510087,4.307767,4.525551,4.312277,3.985279,3.707249,4.280060,3.560986,4.225614,4.196297,4.124776,4.302612,4.297779,4.411182
3.203543,-37.585307,0.087863,4.474002,4.506221,4.499975,4.537783,4.487810,4.475317,4.291534,4.352356,4.479591,4.427645,4.445070,4.516413,4.478604,4.606496,4.566386,4.181155,4.113823,4.497200,4.300035,4.504610,4.275228,3.942430,3.678577,4.292303,3.494620,4.200485,4.169557,4.101580,4.281349,4.271684,4.401839
3.050464,-37.386773,0.076685,4.466769,4.504906,4.499646,4.534824,4.467755,4.467426,4.298109,4.355315,4.472029,4.420083,4.435864,4.512139,4.475646,4.605839,4.560140,4.150550,4.089660,4.483347,4.273939,4.486246,4.246233,3.937598,3.678899,4.287470,3.453705,4.174390,4.150550,4.092882,4.262985,4.242367,4.378321
2.728946,-37.437832,0.080302,4.463481,4.494057,4.491427,4.526276,4.457563,4.442111,4.278054,4.342165,4.467426,4.413179,4.427645,4.505892,4.463152,4.598277,4.552249,4.114467,4.058732,4.466272,4.251065,4.472071,4.223681,3.859634,3.666979,4.276516,3.393460,4.143784,4.127676,4.087083,4.244622,4.231735,4.373488
2.265486,-39.452037,0.062877,4.459865,4.498002,4.501947,4.522660,4.450659,4.429618,4.265232,4.349726,4.466440,4.411535,4.424686,4.501290,4.458878,4.599263,4.550934,4.102869,4.021039,4.441788,4.220460,4.447264,4.191465,3.852224,3.655059,4.266851,3.388305,4.096426,4.099325,4.050678,4.223359,4.214983,4.353514
2.868230,-38.963763,0.057616,4.449673,4.500961,4.509509,4.520687,4.436522,4.427974,4.263588,4.347754,4.470714,4.405946,4.419097,4.498988,4.454275,4.598935,4.551920,4.094493,3.991722,4.412148,4.221748,4.420202,4.165047,3.862856,3.597391,4.251387,3.415045,4.078707,4.069364,4.041658,4.202418,4.190820,4.335795
2.908052,-39.282498,0.062548,4.448358,4.496687,4.510166,4.524961,4.431261,4.412193,4.256355,4.342493,4.462823,4.395754,4.408576,4.491098,4.452632,4.597619,4.548961,4.058088,3.950162,4.403450,4.194364,4.388630,4.092882,3.834183,3.550677,4.235601,3.361244,4.028449,4.055833,3.999776,4.170846,4.163758,4.302612
2.708071,-39.237032,0.037561,4.448029,4.494057,4.505235,4.516742,4.420083,4.406604,4.242547,4.349069,4.457892,4.384576,4.400028,4.483865,4.448358,4.594989,4.546002,4.062598,3.897005,4.395718,4.152483,4.374133,4.067753,3.777804,3.537790,4.221104,3.252029,3.986889,4.041980,3.992366,4.147328,4.141851,4.272328
3.100898,-40.132875,0.056630,4.438823,4.495701,4.507865,4.504577,4.411864,4.406932,4.253396,4.328027,4.451645,4.376028,4.393124,4.479920,4.441125,4.590058,4.541400,4.012663,3.803577,4.376710,4.151194,4.334506,4.029415,3.724969,3.470458,4.176645,3.198872,3.944041,4.003320,3.973681,4.117689,4.106413,4.241723
3.048649,-40.650810,0.055972,4.438166,4.494714,4.510824,4.493070,4.399371,4.396412,4.262931,4.326712,4.444741,4.371096,4.388521,4.478604,4.438494,4.589071,4.538770,3.974325,3.760407,4.368978,4.146039,4.312921,4.014273,3.741721,3.484633,4.159570,3.128640,3.901838,3.985279,3.937920,4.104802,4.090627,4.198552
2.880166,-41.416871,0.054986,4.415480,4.479920,4.503262,4.500961,4.390494,4.368466,4.232684,4.309945,4.437837,4.355973,4.376028,4.472029,4.430933,4.586770,4.538112,3.935021,3.626064,4.353192,4.135730,4.282960,4.003964,3.734956,3.490754,4.147650,3.123163,3.858990,3.962405,3.915369,4.085150,4.062276,4.168913
2.431922,-41.322334,0.035589,4.401015,4.474988,4.512797,4.501947,4.379316,4.349069,4.222821,4.313890,4.428631,4.344137,4.362877,4.465125,4.419426,4.578222,4.539098,3.909570,3.493976,4.344816,4.154738,4.253320,3.953062,3.677288,3.461115,4.127354,3.078060,3.807443,3.935987,3.905059,4.065498,4.024583,4.138629
2.236803,-40.389804,0.038219,4.390165,4.466111,4.513125,4.495043,4.365179,4.328027,4.214273,4.299096,4.416796,4.329014,4.354000,4.457563,4.415152,4.580195,4.537454,3.866722,3.369620,4.327741,4.132830,4.223037,3.933732,3.657314,3.460793,4.093526,2.902802,3.772005,3.916657,3.872198,4.037469,3.992044,4.099647
2.312552,-40.846056,0.042493,4.392795,4.460193,4.510166,4.498988,4.354987,4.330000,4.204738,4.291534,4.406604,4.311918,4.345452,4.449673,4.408576,4.580195,4.535811,3.835794,3.273614,4.311955,4.128642,4.191787,3.886051,3.609311,3.435342,4.072908,2.730121,3.740755,3.920523,3.866077,4.016851,3.936631,4.102225
2.373952,-40.590869,0.052027,4.382275,4.455262,4.500961,4.487481,4.335589,4.309288,4.191916,4.280027,4.396412,4.305671,4.335918,4.442111,4.402658,4.577893,4.529893,3.787791,3.171488,4.290047,4.120266,4.157315,3.857701,3.649904,3.393782,4.075163,2.633149,3.732701,3.921812,3.843203,3.992366,3.874453,4.074196
2.021776,-40.855547,0.065836,4.374713,4.448686,4.485180,4.468741,4.316192,4.272465,4.176135,4.254383,4.383590,4.288246,4.325726,4.433892,4.394768,4.571975,4.522989,3.753641,3.066140,4.262663,4.108990,4.109312,3.767172,3.639273,3.361244,4.059054,2.478510,3.695329,3.881541,3.806477,3.968848,3.836438,4.028449
1.916394,-41.785618,0.071425,4.364521,4.440796,4.479591,4.458878,4.308959,4.272794,4.174820,4.237287,4.372740,4.274438,4.317836,4.429618,4.394110,4.569674,4.521016,3.744299,2.958859,4.241723,4.074518,4.076774,3.701450,3.608989,3.348035,4.048101,2.198548,3.644427,3.839660,3.766528,3.950807,3.796489,3.977869
1.521770,-41.915611,0.066164,4.342822,4.435207,4.468741,4.448358,4.294822,4.251753,4.161669,4.231369,4.359261,4.261287,4.311918,4.420412,4.386220,4.566386,4.512139,3.736567,2.900225,4.229480,4.045524,4.050034,3.627997,3.550355,3.270071,4.030060,1.873806,3.586115,3.815497,3.711115,3.945330,3.784891,3.929544
1.197062,-41.985016,0.058931,4.307644,4.411864,4.453289,4.421398,4.270493,4.212300,4.127149,4.199807,4.330329,4.235972,4.298109,4.402658,4.367480,4.556194,4.500961,3.720780,2.784567,4.212405,4.025227,4.006864,3.551321,3.487210,3.193395,4.017495,1.703380,3.530703,3.775549,3.668912,3.937276,3.723036,3.899905
1.119979,-42.571683,0.055644,4.305342,4.399371,4.442440,4.411206,4.261616,4.206711,4.118600,4.195204,4.322438,4.226766,4.290548,4.388521,4.354329,4.551263,4.498988,3.677932,2.689206,4.197908,4.013951,3.989145,3.487532,3.437275,3.107377,4.008474,1.305184,3.491076,3.752353,3.636051,3.903771,3.691141,3.867688
1.128839,-43.075039,0.055972,4.290876,4.392138,4.437179,4.389179,4.246492,4.186327,4.104463,4.179752,4.306000,4.219533,4.276739,4.380960,4.348411,4.548961,4.496029,3.637662,2.605443,4.183410,3.996876,3.952418,3.416978,3.411179,3.072261,4.000742,1.046485,3.484311,3.721425,3.594491,3.892173,3.659891,3.829995
0.971389,-43.985262,0.040191,4.285945,4.376357,4.428303,4.378658,4.231040,4.167259,4.090655,4.181396,4.301726,4.211643,4.265561,4.371096,4.333288,4.541400,4.490769,3.553254,2.460791,4.161503,3.994943,3.898938,3.357700,3.378963,2.964658,3.983346,0.753959,3.433409,3.727224,3.532636,3.866722,3.610278,3.786180
0.415987,-44.022583,0.063205,4.259972,4.359589,4.408905,4.363863,4.226766,4.158382,4.057778,4.143587,4.279041,4.191259,4.235643,4.362220,4.310274,4.527920,4.477947,3.416334,2.439206,4.127031,3.989145,3.851258,3.295844,3.355122,2.839335,3.955317,0.157632,3.354478,3.707572,3.453061,3.824518,3.532636,3.754608
0.417012,-45.027925,0.064192,4.246492,4.346767,4.394110,4.351699,4.218547,4.139642,4.054819,4.134053,4.259643,4.176793,4.213944,4.342822,4.299424,4.523646,4.474659,3.365754,2.253961,4.113823,3.984312,3.816141,3.236243,3.281669,2.753317,3.954028,0.019423,3.283602,3.672456,3.409246,3.770716,3.487210,3.689853
0.204964,-45.357134,0.065507,4.234985,4.333945,4.386220,4.348740,4.206382,4.120573,4.038052,4.123532,4.246492,4.162985,4.190273,4.329671,4.292849,4.519701,4.470385,3.315174,2.120584,4.090627,3.983990,3.794556,3.171488,3.181797,2.714335,3.942108,0.017168,3.140238,3.642816,3.368653,3.706605,3.445007,3.683409
0.155753,-45.534838,0.073397,4.226109,4.314219,4.367151,4.335589,4.178766,4.085395,4.004846,4.091641,4.217889,4.138327,4.149505,4.315534,4.282986,4.506879,4.458549,3.288112,2.040043,4.076774,3.972714,3.765561,3.110921,3.096746,2.640237,3.941142,0.017812,3.011372,3.591592,3.302609,3.622520,3.378640,3.612533
0.012141,-46.571366,0.063534,4.206054,4.298438,4.351370,4.324082,4.149176,4.062709,3.985777,4.076847,4.205725,4.120244,4.120573,4.299424,4.271808,4.498988,4.451316,3.246553,1.903767,4.064853,3.941464,3.746554,3.110921,3.046166,2.563884,3.927611,0.018134,2.981732,3.549710,3.234632,3.560664,3.306798,3.552288
0.158480,-47.623252,0.067479,4.182382,4.294822,4.340521,4.319479,4.130765,4.035750,3.973284,4.060408,4.191916,4.106436,4.109395,4.288575,4.258986,4.494385,4.448686,3.200805,1.768458,4.050678,3.937920,3.751708,3.070650,2.977222,2.510082,3.901838,0.016846,2.930508,3.530058,3.213370,3.538435,3.240109,3.527481
0.136157,-48.862597,0.069452,4.166601,4.283643,4.331973,4.319479,4.114984,4.013065,3.954215,4.045613,4.174492,4.086710,4.083751,4.276739,4.249780,4.489125,4.443097,3.144104,1.633148,4.031348,3.914724,3.728835,3.024903,2.868652,2.499129,3.893461,0.017168,2.829670,3.465303,3.184052,3.474646,3.209504,3.496553
0.178216,-50.263850,0.077343,4.167259,4.273452,4.319808,4.310603,4.099861,3.983147,3.936133,4.019640,4.160026,4.071586,4.065997,4.264575,4.236958,4.482878,4.437837,3.114787,1.470777,4.012663,3.885085,3.681798,2.966269,2.787467,2.436628,3.875420,0.017168,2.731732,3.418589,3.159890,3.444684,3.149903,3.441785
-0.364338,-50.786759,0.079644,4.146546,4.266876,4.306000,4.295479,4.072244,3.948626,3.925283,4.006490,4.139642,4.055805,4.051860,4.251753,4.222163,4.476632,4.434549,3.073227,1.183728,3.996232,3.862211,3.665046,2.924065,2.689528,2.402801,3.873165,0.017812,2.674064,3.406991,3.112854,3.405380,3.070650,3.440174
-0.504879,-51.884270,0.063205,4.137012,4.250766,4.297123,4.298109,4.063038,3.926927,3.914763,3.993339,4.118272,4.038380,4.034435,4.247150,4.215917,4.475646,4.432248,3.034568,1.005570,3.980768,3.848036,3.637017,2.809374,2.604155,2.274257,3.851258,0.016201,2.612209,3.385084,3.045843,3.377996,2.978189,3.383795
-0.500109,-53.987616,0.049726,4.114984,4.232355,4.279041,4.290219,4.030819,3.887803,3.869721,3.967037,4.085723,4.008462,4.006161,4.244848,4.200136,4.467426,4.425672,3.017493,0.585467,3.955317,3.818074,3.593847,2.545198,2.504605,2.217556,3.816786,0.016523,2.538755,3.374130,3.003318,3.303898,2.821616,3.350934
-0.578596,-54.434235,0.035917,4.080134,4.197505,4.256027,4.269835,3.980846,3.817775,3.831584,3.935146,4.040682,3.961777,3.969010,4.233999,4.175149,4.453289,4.416138,3.005895,0.295196,3.942430,3.798422,3.570007,2.403445,2.379283,2.221422,3.816464,0.016523,2.349966,3.378640,3.003318,3.260728,2.681796,3.329993
-0.723214,-54.574389,0.041506,4.054490,4.168574,4.221835,4.241890,3.914434,3.781939,3.798378,3.906872,3.986763,3.906215,3.927913,4.200793,4.152464,4.433892,4.405617,3.060663,0.013946,3.955639,3.768139,3.549388,2.319360,2.309051,2.168909,3.799067,0.015557,2.118973,3.364787,2.956604,3.260084,2.596745,3.312919
-0.113226,-56.657102,0.072082,4.020956,4.116628,4.177779,4.202108,3.858214,3.731309,3.730651,3.848022,3.930544,3.889776,3.856570,4.180081,4.123532,4.423042,4.383261,3.056797,0.014268,3.945974,3.736567,3.550999,2.193716,2.231731,2.145391,3.769750,0.016523,2.058406,3.346746,2.967235,3.263627,2.497840,3.247519
0.100109,-59.216627,0.093124,3.984133,4.089011,4.150820,4.186327,3.837501,3.680349,3.728350,3.799693,3.887475,3.856899,3.817775,4.148519,4.109066,4.408576,4.368137,3.045199,0.013302,3.937920,3.745909,3.530703,2.191783,2.175030,2.083857,3.751386,0.015557,2.045842,3.333215,3.004284,3.293589,2.437595,3.228833
0.210835,-62.170188,0.147371,3.968681,4.072901,4.116957,4.155094,3.828625,3.642869,3.675417,3.732624,3.811529,3.825008,3.755309,4.125505,4.098874,4.405617,4.355973,3.067106,0.013946,3.950162,3.728190,3.508473,2.282956,2.145069,2.000417,3.747520,0.016201,2.129927,3.306475,3.003318,3.277158,2.413110,3.208537
-0.074440,-64.761964,0.145727,3.973613,4.061066,4.111696,4.146875,3.826323,3.623472,3.667527,3.725719,3.802323,3.801337,3.748405,4.109395,4.093614,4.403973,4.366822,3.156346,0.013302,3.972070,3.746232,3.550999,2.509116,2.105442,2.098033,3.765239,0.015235,2.069360,3.315496,3.022325,3.324839,2.531989,3.292622
-0.067916,-66.427798,0.152960,3.936461,4.046600,4.092628,4.145888,3.803309,3.568567,3.612622,3.690541,3.753994,3.785556,3.705336,4.098217,4.078819,4.398384,4.359918,3.165689,0.012335,3.985923,3.777804,3.569040,2.543265,2.033277,2.009437,3.763628,0.016523,2.035533,3.308731,3.081282,3.344813,2.557763,3.339014
0.510917,-70.449179,0.127645,3.917722,4.016682,4.076189,4.129779,3.766487,3.494922,3.542594,3.662924,3.722760,3.759912,3.655362,4.053175,4.063367,4.389836,4.354329,3.182119,0.014268,3.993977,3.767494,3.640883,2.561307,1.990107,2.008793,3.762018,0.015879,1.996551,3.294555,3.113820,3.371231,2.531667,3.329349
-0.910391,-69.412551,0.128302,3.886160,3.986435,4.041339,4.111039,3.709610,3.419963,3.452511,3.621828,3.693829,3.700404,3.595526,4.017997,4.041339,4.376028,4.338219,3.228833,0.013946,4.004931,3.767494,3.623486,2.418265,1.804540,2.037788,3.760407,0.016523,1.957246,3.281024,3.133150,3.357700,2.540688,3.312274
-0.771549,-67.918023,0.108576,3.863803,3.947968,4.003859,4.112354,3.653390,3.366044,3.433442,3.585005,3.637938,3.658650,3.525169,4.002216,4.029832,4.359589,4.323096,3.202738,0.014913,3.995266,3.761695,3.628319,2.412788,1.659243,1.955636,3.745587,0.016201,1.893458,3.275547,3.125740,3.307442,2.528768,3.259761
-0.152256,-66.276296,0.111206,3.815145,3.901612,3.955201,4.089011,3.610321,3.317057,3.373935,3.533388,3.588622,3.573170,3.484402,4.006490,3.991366,4.336247,4.307644,3.190818,0.014268,3.989145,3.772005,3.626708,2.532956,1.445970,1.901512,3.728190,0.015879,1.936950,3.268460,3.125740,3.311630,2.495585,3.214336
-4.260048,-56.236059,0.069781,3.689883,3.771419,3.865447,4.050545,3.492292,3.163192,3.295358,3.440018,3.515964,3.441661,3.405497,3.963092,3.919037,4.298438,4.263917,3.157635,0.013946,3.964660,3.767172,3.631541,2.527157,1.300351,1.859952,3.676966,0.016523,1.917942,3.237854,3.091591,3.273937,2.471100,3.146359
0.494521,-23.099945,-0.103153,3.530101,3.635636,3.683637,3.924626,3.342373,2.847244,3.155959,3.396291,3.394647,3.348948,3.312454,3.842762,3.804296,4.202437,4.191588,3.046488,0.013302,3.952418,3.752997,3.579028,2.300030,0.836434,1.661499,3.596102,0.015557,1.767813,3.122841,2.924387,3.203382,2.368329,2.902802
-1.540175,-1.296805,-0.203100,3.123082,3.313441,3.235851,3.298317,2.921546,2.289648,2.598364,3.064561,3.156617,2.903792,3.031684,3.485059,3.374263,3.912132,3.871365,2.732699,0.012013,3.828062,3.524904,3.376385,2.457569,0.339655,1.147001,3.279091,0.013946,1.767491,2.897647,2.510404,2.907957,2.028767,2.380250
-1.974206,0.837054,-0.103811,1.690955,1.538076,1.423335,1.107057,0.753627,0.628365,0.087206,1.286237,1.923397,1.188263,1.215551,2.350470,2.376115,2.800229,2.166359,1.151189,0.004281,3.066462,2.070971,2.156345,1.862530,0.008469,0.000737,2.079991,0.008469,0.472709,1.368650,1.227864,1.542620,0.006214,0.159565
-1.485454,1.144531,-0.122551,1.546953,1.208976,1.144208,0.820039,0.474171,0.092137,0.019150,0.987713,1.499610,0.868040,0.874286,2.045699,2.020384,2.465212,1.899396,0.863173,0.003315,2.958859,1.829347,1.903767,1.617040,0.006536,-0.000874,1.868007,0.008147,0.646678,1.166331,0.863495,1.131215,0.003959,0.000093
-2.130512,1.264646,-0.148195,1.572269,1.281635,1.216867,0.811162,0.455102,0.181563,0.020465,1.063659,1.666297,0.892369,0.895656,1.974685,2.017425,2.510253,1.941150,0.893457,0.003637,2.882183,1.815171,1.780700,1.526834,0.006858,-0.000551,1.942427,0.007825,0.394745,1.108341,0.766202,0.928895,0.003315,-0.000551
-0.756420,-0.692811,-0.509845,1.825094,1.858957,1.675503,1.157688,0.765134,0.800641,0.031972,1.847122,2.264332,1.278676,1.290511,2.274196,2.356388,2.898203,2.217318,1.259759,0.005570,2.982699,2.034888,2.250095,1.627349,0.007503,0.119294,2.105120,0.012657,0.714977,1.253960,0.916653,1.115751,0.004603,0.000415
-1.940372,0.905982,-1.084870,1.791230,1.937534,1.809970,1.218839,0.749024,0.804915,0.125672,2.417540,2.696995,1.569638,1.275059,2.272880,2.406690,3.015574,2.352772,1.319359,0.005570,3.021359,1.831602,2.239785,1.618329,0.007825,0.756859,2.165365,0.008791,0.568070,1.233985,0.901189,1.152155,0.005248,0.185338
-14.573801,-0.502335,-1.383396,2.019727,2.250195,2.243949,1.567666,0.974891,0.854889,0.635269,2.930751,3.134589,1.931287,1.574570,2.435951,2.576994,3.172727,2.798257,1.515880,0.005570,3.192751,2.261693,2.329025,1.774901,0.008147,2.011692,2.383793,0.009436,0.900222,1.935983,1.415687,1.808406,0.008469,0.967555
-17.908104,-0.427391,-0.482228,3.300947,3.406483,3.566923,2.981382,2.979409,2.473102,2.786421,3.484402,3.559361,3.448237,3.273002,3.575800,3.511361,4.126820,3.921996,2.602222,0.010402,3.581927,3.704672,2.830315,1.734630,0.007825,2.600611,3.153769,0.012657,0.835145,2.636371,2.274579,2.472711,1.343522,2.242685
-19.382438,0.805659,-0.090003,3.376565,3.494922,3.482429,3.370976,3.073767,2.123290,2.923518,3.273988,3.352564,3.397277,3.338427,3.586321,3.312454,4.191916,4.090984,2.814529,0.011691,3.683409,3.733023,2.923743,1.441460,0.552928,1.304217,3.368976,0.013946,0.799062,2.781023,2.562595,2.589657,1.637981,2.897969
-18.924205,-1.497374,-0.104140,3.401223,3.497881,3.506758,3.483087,3.087575,2.163071,2.937327,3.297660,3.353222,3.398921,3.348948,3.607691,3.294701,4.204738,4.133724,2.810663,0.011691,3.683731,3.713371,2.812918,1.197903,0.229474,1.182761,3.373808,0.013946,0.752348,2.757183,2.511371,2.576448,1.671808,2.908279
-19.713171,-1.143323,-0.096907,3.407469,3.489004,3.497224,3.487032,3.102370,2.140714,2.933382,3.295030,3.350921,3.395633,3.349606,3.626431,3.309824,4.206054,4.133066,2.783923,0.012335,3.678255,3.676966,2.747840,1.032310,0.004281,0.916330,3.369942,0.014590,0.680506,2.733665,2.464335,2.568716,1.534243,2.826771
-19.864032,-1.865823,-0.100523,3.427524,3.487361,3.462703,3.481114,3.105000,2.016110,2.927135,3.292071,3.318044,3.399907,3.351578,3.656020,3.380510,4.215259,4.144573,2.777802,0.012013,3.678255,3.658280,2.755250,0.944359,0.004281,0.974320,3.383151,0.014268,0.540364,2.696938,2.467879,2.562595,1.656022,2.893781
-20.367331,-2.384516,-0.097564,3.428511,3.502155,3.457771,3.535032,3.098096,2.040110,2.932395,3.293057,3.307852,3.401551,3.351578,3.664239,3.418647,4.224465,4.148519,2.843201,0.011691,3.681154,3.659247,2.753317,0.945325,0.003959,1.000416,3.419233,0.013302,0.573869,2.683085,2.409567,2.633794,1.726576,2.914400
-21.225163,-1.464255,-0.094934,3.424894,3.513991,3.452511,3.549827,3.111904,2.020713,2.936012,3.292071,3.296016,3.388072,3.350921,3.663910,3.432127,4.229725,4.155094,2.879606,0.011691,3.690819,3.659247,2.782956,0.909887,0.003637,0.987207,3.433086,0.014590,0.659565,2.682119,2.473678,2.654734,1.775545,2.911178
-20.890036,-1.571633,-0.094277,3.426867,3.513005,3.464347,3.540293,3.096452,2.001315,2.962642,3.291084,3.310153,3.382811,3.350263,3.671801,3.432456,4.226766,4.163642,2.898936,0.012657,3.696296,3.652159,2.829993,0.908599,0.004281,0.969810,3.446617,0.016201,0.671485,2.674709,2.500739,2.647003,1.794875,2.909890
-21.413547,-1.522254,-0.105784,3.422264,3.517936,3.454155,3.557718,3.086918,1.871451,2.942258,3.286153,3.326263,3.370976,3.342044,3.653719,3.413058,4.230711,4.165286,2.878962,0.011047,3.694363,3.650548,2.796487,0.841910,0.002670,0.956601,3.442107,0.013946,0.599642,2.661500,2.465946,2.614142,1.770391,2.866719
-22.029287,-1.945559,-0.106112,3.421935,3.519251,3.458757,3.564622,3.072780,1.837587,2.925820,3.285824,3.324948,3.366373,3.340400,3.658979,3.420620,4.233670,4.172848,2.883472,0.012013,3.695329,3.650870,2.784245,0.789397,0.002992,0.982052,3.451772,0.013946,0.567748,2.668588,2.443394,2.616075,1.766525,2.844812
-22.044616,-1.470492,-0.099208,3.427524,3.530758,3.456785,3.575471,3.078041,1.815888,2.937984,3.287468,3.316400,3.368017,3.346318,3.649445,3.425552,4.236629,4.180409,2.895392,0.012657,3.699517,3.653770,2.818395,0.829990,0.003315,1.022323,3.471102,0.015235,0.640557,2.663433,2.501384,2.646358,1.806473,2.863820
-21.984908,-0.894396,-0.098222,3.420949,3.524512,3.427195,3.594869,3.060945,1.787285,2.922203,3.288454,3.338099,3.361441,3.344674,3.642212,3.433442,4.235643,4.179423,2.897325,0.012335,3.699840,3.647971,2.830637,0.819681,0.003959,0.986563,3.469491,0.014268,0.632181,2.659889,2.489464,2.631539,1.775223,2.842235
-22.258409,-1.201557,-0.100523,3.413387,3.513333,3.413387,3.618211,3.044177,1.755723,2.919244,3.285824,3.332509,3.348290,3.345003,3.640897,3.433771,4.233670,4.178766,2.890560,0.012013,3.701773,3.650226,2.834181,0.812593,0.003637,0.994294,3.469491,0.014913,0.596098,2.659567,2.478832,2.606410,1.779733,2.823549
-22.906997,-0.667981,-0.101510,3.410428,3.511690,3.419963,3.647472,3.044835,1.744216,2.924505,3.286482,3.333496,3.343030,3.328893,3.640897,3.433442,4.238602,4.182053,2.898614,0.012013,3.701450,3.648615,2.839335,0.818714,0.002992,0.998483,3.467558,0.014590,0.603830,2.652479,2.482376,2.632827,1.820648,2.823227
-23.076929,-0.371494,-0.078496,3.430812,3.540293,3.443305,3.684952,3.041876,1.740600,2.986971,3.294043,3.351578,3.367688,3.317386,3.683308,3.438702,4.247150,4.201451,2.906024,0.012657,3.700162,3.645716,2.840624,0.797774,0.003637,1.012014,3.468847,0.014590,0.603186,2.649902,2.505894,2.631539,1.836434,2.827415
-23.462844,-0.096381,-0.073893,3.439031,3.527799,3.460401,3.681335,3.031027,1.770847,3.007684,3.288454,3.353880,3.377551,3.328564,3.711911,3.426867,4.249451,4.207369,2.886694,0.012657,3.702739,3.646038,2.828382,0.715622,0.002992,1.044874,3.470458,0.014268,0.560660,2.649580,2.488497,2.607376,1.823226,2.809052
-23.626927,-0.037274,-0.081455,3.429497,3.517936,3.455141,3.700404,3.027410,1.799779,2.991903,3.287139,3.339414,3.359797,3.327578,3.710596,3.430812,4.249780,4.209999,2.877995,0.012335,3.708538,3.661824,2.831603,0.743006,0.003315,1.057761,3.476257,0.013946,0.556150,2.649902,2.527801,2.575482,1.877349,2.804541
-24.030530,0.565894,-0.092304,3.426538,3.539635,3.462703,3.703034,3.031355,1.807340,2.999465,3.287468,3.331852,3.361441,3.319687,3.717829,3.435415,4.248136,4.212958,2.881217,0.012335,3.707572,3.658602,2.855444,0.777155,0.003637,1.061627,3.468203,0.014268,0.601253,2.656345,2.547131,2.567105,1.889914,2.817428
-24.013469,0.683211,-0.089016,3.412401,3.545882,3.425880,3.684294,3.004725,1.759668,2.996834,3.277605,3.308838,3.352564,3.309824,3.706322,3.420620,4.246164,4.214930,2.850289,0.011369,3.699195,3.642494,2.813240,0.730119,0.002992,1.008792,3.452739,0.014590,0.530377,2.622518,2.537144,2.568394,1.851576,2.797132
-24.221994,0.357558,-0.079811,3.420620,3.538649,3.443305,3.704349,2.996834,1.749148,3.008999,3.274646,3.320345,3.356181,3.315742,3.708952,3.431798,4.250438,4.217889,2.830315,0.012335,3.695007,3.586437,2.701448,0.564526,0.002992,0.904410,3.431153,0.013946,0.364139,2.570971,2.521680,2.553575,1.671486,2.679863
-24.278551,0.881481,-0.079811,3.416675,3.548841,3.463689,3.756953,2.975793,1.770189,3.022478,3.271029,3.321331,3.348948,3.305550,3.717171,3.446922,4.252410,4.217560,2.832892,0.012013,3.690819,3.543911,2.702415,0.510080,0.002026,0.872838,3.420522,0.013946,0.359629,2.549709,2.504605,2.537466,1.590944,2.656667
-24.074603,0.650062,-0.075865,3.405168,3.549169,3.445607,3.751364,2.980067,1.758025,3.023794,3.264783,3.329222,3.356181,3.308509,3.709610,3.438374,4.252410,4.217560,2.841913,0.011691,3.682765,3.521682,2.708214,0.367683,0.001059,0.847387,3.413434,0.014913,0.327735,2.512982,2.459824,2.478510,1.598354,2.642814
-24.416712,0.377847,-0.072249,3.404839,3.540621,3.424565,3.759254,2.909052,1.652160,3.006040,3.246371,3.310811,3.330537,3.294701,3.702377,3.423250,4.251095,4.216574,2.816784,0.014590,3.674389,3.475290,2.692428,0.246549,0.000415,0.781665,3.397004,0.014590,0.236562,2.493652,2.439528,2.441783,1.501060,2.588046
-24.212106,0.100968,-0.067317,3.406812,3.540950,3.433771,3.741500,2.908395,1.662681,3.000451,3.241440,3.320016,3.351907,3.290098,3.699747,3.419634,4.250438,4.216245,2.856088,0.012335,3.673100,3.471746,2.685662,0.178250,-0.000229,0.757181,3.402159,0.015235,0.262013,2.478510,2.380572,2.428897,1.477864,2.576126
-24.632000,0.924924,-0.063372,3.402209,3.528786,3.412730,3.727034,2.897546,1.719887,3.027081,3.232563,3.301276,3.349606,3.297002,3.668185,3.403195,4.249122,4.214273,2.883794,0.012657,3.672456,3.460148,2.691139,0.147000,0.000415,0.708856,3.411501,0.014268,0.325157,2.479154,2.421165,2.464335,1.537143,2.565817
-24.687980,0.159848,-0.078496,3.383798,3.507087,3.398264,3.746103,2.912340,1.663667,3.007026,3.215138,3.291413,3.321660,3.271358,3.644184,3.419305,4.243205,4.207369,2.894426,0.013302,3.660535,3.457249,2.662789,0.119938,0.000415,0.672774,3.404092,0.014913,0.250737,2.465946,2.401190,2.435662,1.487529,2.534245
-25.369737,-0.568064,-0.066002,3.386757,3.505772,3.406483,3.747418,2.929765,1.739613,3.031355,3.224344,3.295358,3.310153,3.291084,3.643855,3.449552,4.247807,4.213944,2.892815,0.012980,3.655059,3.434697,2.655379,0.049706,0.000415,0.640235,3.406669,0.015235,0.409887,2.480443,2.363497,2.442427,1.509114,2.497518
-25.144343,0.108508,-0.056797,3.388072,3.510703,3.431798,3.746103,2.926149,1.725147,3.027081,3.215138,3.291413,3.300619,3.298975,3.676733,3.417004,4.247150,4.215917,2.888949,0.012013,3.656992,3.429865,2.658600,0.012980,0.000415,0.579990,3.397004,0.015557,0.369294,2.463690,2.346744,2.380572,1.444681,2.462080
-25.336512,-0.223542,-0.046605,3.380839,3.502813,3.430154,3.731966,2.917272,1.708051,3.013930,3.198042,3.290427,3.306865,3.291413,3.670157,3.459086,4.247150,4.212629,2.886371,0.012657,3.650548,3.423422,2.630250,0.012657,0.000093,0.550673,3.397004,0.015879,0.367361,2.437917,2.339657,2.398935,1.443393,2.449193
-25.144071,0.417162,-0.030824,3.370318,3.472237,3.425223,3.677719,2.900176,1.681750,3.006040,3.162864,3.256892,3.260837,3.282208,3.675746,3.443305,4.237287,4.204081,2.877351,0.012980,3.648293,3.416978,2.634760,0.013302,-0.000551,0.476575,3.382829,0.014913,0.399900,2.422775,2.344489,2.301963,1.446614,2.415043
-25.105828,0.058865,-0.040358,3.313770,3.452182,3.369661,3.690541,2.850531,1.590351,2.936012,3.138535,3.230262,3.223358,3.267742,3.650431,3.430812,4.220848,4.201451,2.871552,0.013302,3.640883,3.393782,2.625095,0.012980,-0.000229,0.457890,3.371875,0.014268,0.359629,2.400868,2.361564,2.299708,1.396034,2.377028
-25.214349,0.836245,-0.027536,3.297989,3.456127,3.358154,3.691856,2.833435,1.603831,2.931409,3.117493,3.245056,3.217111,3.251961,3.645828,3.439360,4.217560,4.198163,2.859632,0.011691,3.634762,3.348357,2.586435,0.013946,-0.000551,0.426962,3.357700,0.012657,0.391201,2.360275,2.350288,2.194038,1.349321,2.309695
-25.668301,-0.129646,-0.042988,3.293057,3.441004,3.357167,3.692514,2.823243,1.555830,2.923190,3.117493,3.225330,3.189494,3.268070,3.640897,3.437387,4.216903,4.198163,2.861887,0.012657,3.625419,3.293589,2.554219,0.013624,-0.000874,0.431472,3.340947,0.014590,0.350286,2.342556,2.346100,2.166332,1.334823,2.262337
-26.071022,0.698244,-0.032139,3.283194,3.432785,3.342701,3.684952,2.791681,1.561748,2.866970,3.099740,3.222042,3.177001,3.250974,3.633992,3.438045,4.210985,4.192245,2.832892,0.012335,3.613821,3.247841,2.551964,0.013302,-0.000551,0.396356,3.327738,0.014913,0.414719,2.306796,2.336435,2.126705,1.315815,2.159566
-25.603742,1.027243,-0.048577,3.258536,3.394976,3.312454,3.651746,2.711132,1.461144,2.829490,3.089548,3.191796,3.136562,3.229275,3.627746,3.445607,4.206054,4.186985,2.820005,0.011691,3.615754,3.233022,2.543265,0.013624,0.000737,0.361884,3.309375,0.013624,0.382181,2.299064,2.314850,2.093522,1.293908,2.119618
-25.518586,1.859613,-0.038714,3.233221,3.363743,3.282208,3.641225,2.613159,1.452267,2.780832,3.045821,3.160891,3.099740,3.212508,3.604732,3.420620,4.196848,4.177122,2.818072,0.012013,3.615110,3.233344,2.583536,0.013624,0.000093,0.363817,3.300032,0.014268,0.360918,2.251383,2.333536,2.122839,1.322581,2.112530
-24.992259,1.838128,-0.031481,3.189494,3.317715,3.212508,3.591252,2.432006,1.161304,2.684831,2.950478,3.118808,3.055684,3.174371,3.583033,3.384455,4.171204,4.151806,2.764593,0.011691,3.603834,3.255573,2.575160,0.012980,-0.000874,0.308727,3.291011,0.014268,0.356730,2.219489,2.363497,2.137981,1.224643,2.024257
-25.851054,2.610515,0.040849,3.138206,3.242426,3.166151,3.548512,2.394197,1.120208,2.544117,2.830476,3.074424,3.003081,3.148398,3.550485,3.339742,4.160354,4.136683,2.741075,0.011691,3.600290,3.223679,2.543910,0.012013,0.000737,0.292941,3.250741,0.014268,0.321614,2.174064,2.332891,2.088368,1.148289,1.906666
-25.228004,2.473211,0.049726,3.105986,3.165823,3.112233,3.528457,2.354416,1.073851,2.416882,2.774256,3.062260,2.978752,3.111247,3.519251,3.324948,4.153450,4.125176,2.748807,0.011369,3.586759,3.232699,2.570327,0.012013,-0.000551,0.293263,3.229800,0.013946,0.326446,2.170520,2.358342,2.022324,1.127027,1.879282
-25.454016,2.231265,0.053342,3.092507,3.150042,3.073438,3.538320,2.308716,1.038672,2.376115,2.742037,3.038588,2.940943,3.081000,3.515635,3.307852,4.149505,4.118600,2.742686,0.012335,3.593847,3.253318,2.580314,0.012335,-0.000229,0.291330,3.215303,0.013624,0.359307,2.154734,2.354798,2.040043,1.024256,1.842878
-25.007408,1.416009,0.060575,3.062260,3.129658,3.040561,3.506758,2.261373,0.990014,2.296223,2.697981,3.009656,2.902477,3.030698,3.490977,3.297002,4.137012,4.104463,2.738175,0.011369,3.576772,3.226256,2.532312,0.012657,0.000093,-0.000229,3.194362,0.012980,0.400866,2.144102,2.335146,1.963368,0.953057,1.650223
-25.496407,1.491225,0.047096,3.016889,3.108616,2.985656,3.476182,2.217647,0.941685,2.201866,2.644063,2.908395,2.862038,2.977766,3.468621,3.263468,4.115970,4.088682,2.723034,0.011047,3.560664,3.255895,2.562273,0.012980,-0.000229,0.000093,3.184697,0.012980,0.450802,2.160211,2.363819,1.927607,0.767168,1.644102
-25.660327,1.145069,0.031643,2.982368,3.058643,2.910368,3.402538,2.083837,0.870999,1.940821,2.592117,2.831463,2.795626,2.911354,3.424565,3.221056,4.110381,4.067970,2.719490,0.011047,3.544878,3.259117,2.574515,0.012335,-0.000874,-0.001196,3.173099,0.012980,0.450802,2.156345,2.439528,1.936950,0.797774,1.595777
-25.632236,1.028133,-0.013070,2.943245,3.037273,2.833106,3.335468,1.795176,0.750339,1.693257,2.545760,2.833764,2.680557,2.751571,3.360784,3.247358,4.105450,4.036408,2.726255,0.011369,3.527481,3.272648,2.613175,0.011691,-0.000551,-0.000229,3.177287,0.013946,0.540686,2.181796,2.461435,1.935983,0.725609,1.722388
-26.085367,0.133869,-0.007809,2.892285,3.013602,2.847244,3.276618,1.588050,0.674393,1.509473,2.496445,2.806476,2.555624,2.641104,3.320016,3.235851,4.102491,4.021613,2.788111,0.012013,3.535213,3.351901,2.652479,0.478508,0.001704,-0.000229,3.194362,0.013946,0.498160,2.225932,2.468845,1.928252,0.838689,1.691460
-26.950767,0.512036,-0.009453,2.820613,2.956724,2.813709,3.234207,1.411499,0.456417,1.384211,2.463568,2.795626,2.420499,2.551021,3.280235,3.225001,4.094600,4.014051,2.792299,0.012013,3.535535,3.484633,2.674709,0.543585,0.002670,0.000415,3.196939,0.013624,0.484951,2.206602,2.465623,1.919875,0.903444,1.553251
-26.705059,0.879744,-0.023591,2.828832,2.968231,2.806476,3.247687,1.388157,0.489952,1.428924,2.475732,2.809764,2.427074,2.581925,3.296345,3.247687,4.094271,4.016682,2.854799,0.011691,3.601579,3.546811,2.722389,0.580957,0.002026,-0.000551,3.243975,0.013946,0.531021,2.279734,2.585469,1.963045,0.957890,2.000417
-27.176275,0.579622,0.031314,2.812723,2.933710,2.782476,3.257878,1.324046,0.398224,1.394403,2.407019,2.766366,2.352114,2.581597,3.288783,3.235522,4.095258,4.016024,2.894103,0.012657,3.645716,3.597713,2.839980,0.738818,0.002670,0.000415,3.288112,0.013946,0.682439,2.381538,2.807763,1.953703,1.174707,2.358020
-27.281690,1.022375,0.068137,2.779845,2.934039,2.774914,3.255906,1.275717,0.179262,1.389472,2.363621,2.762749,2.272880,2.616117,3.291413,3.236180,4.093614,4.019969,2.834181,0.012013,3.666012,3.623486,2.944683,0.866073,0.003959,0.000415,3.307442,0.012335,0.839977,2.426641,2.866719,2.043587,1.156021,2.499129
-27.540271,0.260157,0.054329,2.766366,2.913655,2.745653,3.239796,1.200099,0.073397,1.382567,2.361649,2.758147,2.151564,2.615789,3.308180,3.236508,4.085723,4.011750,2.890882,0.012013,3.668912,3.637984,3.062918,1.151833,0.005248,0.000093,3.297777,0.012335,1.224965,2.573549,2.909245,2.148935,1.289398,2.508794
-28.815163,-0.364415,0.060575,2.652940,2.831791,2.675954,3.172727,1.029138,0.049726,1.336868,2.260387,2.726585,1.947397,2.549377,3.271029,3.191467,4.044956,3.990380,2.871874,0.011691,3.706283,3.675355,3.114787,1.576447,0.006858,0.072902,3.297133,0.014268,1.262658,2.710469,3.025225,2.197260,1.370906,2.503639
-27.103624,0.009006,0.099699,2.528993,2.750256,2.601323,3.099411,0.660256,0.045780,1.285251,2.161098,2.665433,1.709366,2.457979,3.214481,3.138535,4.009120,3.956516,3.005895,0.012335,3.752997,3.738177,3.151836,1.880893,0.009758,0.104474,3.283602,0.013946,1.514913,2.812596,3.080959,2.298097,1.657955,2.651191
-25.702429,3.024855,0.114494,2.499075,2.468499,2.463896,2.938313,0.438663,0.042493,1.278676,2.057864,2.524062,1.532816,2.349813,3.118480,3.080671,3.966051,3.900954,3.047776,0.012657,3.770716,3.773293,3.245908,2.097710,0.008791,0.007181,3.292622,0.013946,1.619295,2.829993,3.137661,2.300030,1.708857,2.634760
-20.169811,-6.687944,-0.022604,2.442855,2.313648,2.320552,2.840011,0.438006,0.041835,1.137961,2.027946,2.465212,1.330950,2.294579,2.999136,3.017876,3.926598,3.866433,3.032312,0.012657,3.768461,3.801644,3.240109,2.089656,0.008791,0.311949,3.328060,0.013624,1.663109,2.871552,3.224967,2.374128,1.993007,2.621874
-3.097792,-1.968104,-0.100523,2.314306,2.118029,2.014795,2.535897,0.374553,0.038219,0.977849,1.989151,2.372498,1.163277,2.116057,2.897546,2.866641,3.809227,3.766816,2.905701,0.011047,3.685664,3.668590,3.254607,2.712724,0.011691,0.005570,3.216269,0.013946,1.614785,2.827093,3.194040,2.059373,1.695326,2.203059
-0.388847,-0.938304,0.096083,1.492377,0.933465,0.829902,1.351663,0.183207,0.017506,0.017177,0.792422,1.290840,0.358772,1.087002,2.225209,2.298853,3.205275,2.800887,1.779733,0.007825,3.265883,2.661822,2.461757,2.670198,0.011047,-0.000229,2.328059,0.012013,1.226253,1.951770,2.340623,1.471421,0.032632,0.386047
-0.649039,-0.984034,0.000410,0.501788,0.001067,-0.003864,0.001725,0.003040,0.002382,0.002382,0.002382,0.270003,-0.000576,0.309127,1.074508,1.296758,2.224880,1.658078,0.199513,0.000737,2.673098,1.614463,1.819037,2.232698,0.009436,-0.000551,1.107697,0.004925,0.205956,0.606730,0.937916,0.808727,0.002992,-0.000874
-0.156835,-0.370302,-0.000248,0.422554,0.002054,0.001725,0.001725,0.001396,0.001725,0.001067,0.002711,0.251263,0.001067,0.000739,0.796696,0.987055,1.985206,1.674845,0.000093,-0.000229,2.512660,1.618973,1.517491,2.026190,0.008147,0.000737,0.871550,0.003637,0.002026,0.516201,0.773934,0.062271,-0.000551,-0.000551
0.305298,12.630932,0.000081,0.406444,0.003040,0.003698,0.003698,0.003698,0.002382,0.001067,0.003369,0.941685,-0.001234,-0.000248,0.578720,0.711873,1.910246,1.658407,-0.001518,-0.000874,2.479799,1.516846,1.465622,2.010726,0.009436,-0.000229,0.898934,0.002026,0.069681,0.503637,0.784887,0.003637,-0.000551,-0.000874
-2.127327,39.725212,-1.118076,0.231866,0.008958,0.008629,0.008300,0.007972,0.007643,0.008300,1.126454,2.319237,0.001396,0.000739,0.086219,0.493897,1.403609,1.693914,0.000093,-0.000229,2.263303,1.336756,1.243328,1.887014,0.008147,0.000093,0.566459,0.002026,0.883792,0.644745,0.482052,0.001704,-0.000551,-0.000551
-1.367966,45.220846,-0.943497,0.586940,0.009287,0.009287,0.009944,0.010273,0.010273,0.009615,0.952205,2.589158,-0.000248,-0.000576,-0.000905,0.065178,1.213579,1.753751,0.000093,-0.001196,2.322582,1.731731,1.151189,1.781988,0.007825,0.063237,0.803573,0.002670,0.864462,0.955312,0.004281,-0.000229,0.000737,-0.000874
-1.686363,43.027107,-1.110843,1.225415,0.587597,0.015205,0.013232,0.013561,0.012246,0.011588,1.123824,2.681872,0.002054,0.001067,0.001067,0.333127,1.493692,1.828382,0.015235,-0.000551,2.376706,1.989463,1.209501,1.869940,0.007825,0.990106,0.720776,0.003315,0.893457,1.272323,0.019423,-0.000551,-0.000229,-0.000874
-1.684118,43.965836,-1.195666,1.248100,0.646119,0.094768,0.013561,0.013890,0.014547,0.014547,1.210949,2.748612,0.066493,-0.000248,0.139152,0.475157,1.574241,1.828382,0.013946,0.000093,2.405056,2.128316,1.215944,1.888303,0.008469,1.152800,0.799385,0.002348,0.955635,1.300029,0.021034,0.000093,-0.000551,0.000093
-1.010352,44.777202,-1.382081,1.239881,0.684585,0.589899,0.015533,0.016520,0.015205,0.013890,1.393746,2.795626,0.116795,0.000739,0.214112,0.540912,1.620598,1.857642,0.010724,-0.000229,2.494940,2.224966,1.278766,1.876383,0.008147,1.106086,0.878637,0.003315,1.417297,1.308406,0.010724,-0.000551,-0.000229,0.000093
-0.633353,46.316849,-1.494521,1.289525,0.779600,0.596145,0.014547,0.014876,0.012246,0.016520,1.512432,2.835737,0.187810,0.000410,0.456417,0.592529,1.650845,1.844820,0.018134,0.000093,2.520391,2.232053,1.286498,1.853187,0.008469,1.254282,0.975287,0.002992,1.464334,1.361563,0.011691,0.000415,-0.000229,0.000415
-0.151145,48.380892,-1.641155,1.407883,0.845354,0.641845,0.017835,0.016848,0.017506,0.016848,1.658407,2.841326,0.298935,0.000081,0.520528,0.643817,1.751120,1.861259,0.018456,-0.000551,2.546809,2.345134,1.300996,1.789398,0.008147,1.358019,1.009758,0.003315,1.502671,1.417942,0.012657,-0.000229,0.000415,0.000093
0.145340,48.518216,-1.690799,1.509473,1.051823,0.723380,0.018821,0.017835,0.018164,0.017177,1.710353,2.872230,0.447211,0.005341,0.611926,0.720750,1.899396,1.885259,0.027155,-0.000874,2.557763,2.354798,1.327091,1.758470,0.008469,1.415687,1.085789,0.003637,1.466589,1.471099,0.019101,0.000093,-0.000229,-0.000229
0.766999,49.645980,-1.615181,1.557145,1.225743,0.712531,0.017506,0.017835,0.018492,0.018821,1.633749,2.925820,0.523158,-0.000576,0.646447,0.715818,1.926027,1.880656,0.005570,-0.000874,2.558085,2.366719,1.324836,1.730764,0.007503,1.360918,1.111885,0.004281,1.482375,1.553895,0.006536,-0.000874,0.000415,0.000093
1.591074,50.962328,-1.542194,1.604159,1.284922,0.732257,0.019807,0.021123,0.024410,0.018492,1.560433,2.963300,0.572145,0.000410,0.730942,0.737846,1.979945,1.887560,0.002026,0.000415,2.550353,2.358020,1.241073,1.630249,0.007181,1.302929,1.141524,0.003959,1.480120,1.592555,0.006214,-0.000229,-0.000229,0.000093
1.574376,52.063206,-1.597428,1.602187,1.625858,0.822998,0.019807,0.019807,0.021123,0.020794,1.615995,3.023794,0.681955,0.000739,0.895328,0.882177,2.016439,1.915506,0.055505,0.000415,2.586435,2.355765,1.224965,1.599321,0.004925,1.343522,1.166331,0.005248,1.501060,1.615751,0.006214,0.000093,-0.000551,0.000093
1.766452,51.983628,-1.856173,1.687996,1.641311,1.033412,0.022109,0.023095,0.021780,0.022109,1.964164,3.077054,0.840752,0.114165,0.992644,1.063659,2.140057,1.937205,0.134758,0.000415,2.606088,2.402157,1.314527,1.588045,0.006536,1.377671,1.232375,0.005248,1.491073,1.631215,0.006858,-0.000874,-0.000551,-0.000229
1.423726,52.948671,-1.508330,1.740928,1.744545,1.153742,0.063205,0.023753,0.023424,0.023424,1.956274,3.158261,0.958781,0.464965,1.114290,1.199113,2.165372,1.922081,0.436949,0.001382,2.629606,2.424386,1.445648,1.623483,0.006536,1.502993,1.284887,0.005570,1.493973,1.712723,0.007825,0.001059,0.000093,0.000093
1.382964,53.543105,-1.393917,1.762627,1.766573,1.190236,0.269346,0.024081,0.024739,0.020794,2.101262,3.160891,1.015329,0.578063,1.293142,1.286237,2.219948,1.874738,0.684372,0.002670,2.709180,2.484309,1.586112,1.599965,0.006536,1.535854,1.421486,0.005570,1.492684,1.869617,0.008469,0.000737,-0.000229,0.000737
1.321580,53.398983,-1.318956,1.820820,1.853039,1.342129,0.467595,0.027369,0.026712,0.027369,2.058850,3.210535,1.153414,0.645132,1.510788,1.534460,2.290634,1.930958,0.815493,0.002670,2.756861,2.492041,1.636048,1.603509,0.007181,1.525867,1.452091,0.005892,1.479153,1.913432,0.010080,0.000737,0.000415,-0.000229
0.803237,55.009685,-1.313367,1.893150,1.995397,1.387828,0.553076,0.170714,0.027369,0.027369,2.100276,3.202316,1.206346,0.716805,1.589694,1.644598,2.317922,1.948054,0.876704,0.002992,2.846745,2.533278,1.679218,1.608664,0.007503,1.365107,1.484952,0.006536,1.495261,1.995262,0.344810,0.001382,-0.000551,-0.000551
0.082816,53.701073,-1.226571,1.854355,2.110467,1.458514,0.671434,0.190112,0.027698,0.028027,2.041754,3.238152,1.293799,0.816422,1.728435,1.806354,2.393211,1.976986,0.946614,0.003637,2.876707,2.547131,1.670519,1.613818,0.006858,1.291331,1.543908,0.007825,1.490429,2.081602,0.339977,0.000737,-0.000229,-0.000229
0.652031,53.373036,-1.218023,1.828710,2.148276,1.593639,0.723051,0.195043,0.033616,0.029671,2.030576,3.250646,1.338512,0.900588,1.976329,1.913205,2.491842,2.003946,1.026189,0.003637,2.934052,2.608665,1.720133,1.600932,0.006214,1.330957,1.651189,0.006858,1.458535,2.111886,0.419230,0.002026,0.000093,0.001382
1.989577,52.998384,-1.149309,1.874738,2.240661,1.807340,0.938397,0.220687,0.030657,0.030328,2.119673,3.284180,1.491391,0.947274,2.051946,2.033206,2.521103,2.040439,1.158599,0.004925,2.988176,2.714335,1.709823,1.644424,0.006858,1.300674,1.791331,0.007825,1.493328,2.181796,0.722387,0.003315,0.000093,-0.000874
4.856475,54.862432,-0.999389,2.139399,2.539185,2.021042,1.540378,0.579707,0.509021,0.175646,2.145646,3.378866,1.815560,1.050508,2.240003,2.200222,2.624337,2.194633,1.228186,0.004603,2.993330,2.765559,1.707568,1.627349,0.005570,1.305184,1.816138,0.007181,1.562916,2.263948,0.816459,0.003637,-0.000551,-0.000551
4.122591,55.824078,-1.043115,2.217318,2.763407,2.092056,1.754408,0.930506,0.638886,0.513295,2.259401,3.405497,1.891506,1.274073,2.412937,2.260716,2.711790,2.203838,1.226253,0.004925,2.969168,2.826771,1.684372,1.593844,0.006858,1.351254,1.799385,0.007503,1.561305,2.268780,0.862529,0.003315,-0.000551,-0.000551
6.714320,57.162107,-1.168707,2.313977,2.899518,2.199893,1.881971,1.237908,0.937739,0.611926,2.446800,3.450867,1.958246,1.451938,2.529322,2.341922,2.805161,2.279127,1.244939,0.005248,2.959825,2.853833,1.656022,1.558084,0.006858,1.510725,1.793586,0.007181,1.528767,2.255894,0.878637,0.003959,-0.000874,-0.000229
4.491415,55.558896,-1.315997,2.630912,3.124397,2.397813,2.025973,1.869807,1.375334,0.843711,2.887025,3.519580,2.227839,1.782354,2.727242,2.557596,3.006369,2.488883,1.231730,0.004603,2.960470,2.909567,1.697259,1.552929,0.006214,1.700481,1.796164,0.007503,1.513947,2.327414,0.767168,0.003315,-0.000551,-0.000551
0.227851,52.489265,-1.140761,2.736776,3.239467,2.782147,2.252825,2.219619,1.522953,0.966671,2.920559,3.531087,2.501048,1.878026,2.776229,2.714420,3.093493,2.624337,1.268779,0.005248,3.008150,2.950805,1.772968,1.573870,0.005570,1.686950,1.953703,0.008791,1.426318,2.331603,0.906988,0.002992,-0.003129,-0.000551
-4.402639,52.075334,-1.170022,2.559898,3.028396,2.758804,2.128550,2.021042,1.463117,0.916698,2.916943,3.568896,2.440554,1.849094,2.664776,2.570090,3.015903,2.518144,1.522968,0.006858,3.055186,3.140882,1.806151,1.624772,0.006536,1.709501,2.127028,0.009436,1.325158,2.543910,1.252027,0.004925,0.000415,0.000415
-5.219339,51.470166,-1.306792,2.261702,2.635844,2.448115,1.886903,1.476925,1.373033,0.635927,2.810421,3.504128,2.195290,1.714627,2.538856,2.422800,2.886696,2.332717,1.522001,0.007181,3.068395,3.080315,1.762659,1.592233,0.006858,1.345777,2.146035,0.009758,1.231086,2.483020,1.322581,0.005892,-0.000874,-0.000551
-4.792724,52.290760,-1.323559,2.219291,2.580610,2.395183,1.904985,1.461144,1.316156,0.662886,2.831463,3.505443,2.183783,1.716928,2.520116,2.411293,2.888011,2.340279,1.555828,0.007503,3.088691,3.145715,1.772001,1.616073,0.007503,1.288431,2.164399,0.009114,1.220132,2.499773,1.296485,0.004925,-0.000874,0.594810
-3.874610,51.817095,-1.271613,2.358690,2.718365,2.590802,1.895780,1.631119,1.419061,0.797025,2.929436,3.543252,2.414910,1.768545,2.611515,2.457650,2.959026,2.361977,1.875094,0.008469,3.194362,3.214980,1.932440,1.879605,0.008791,1.301962,2.299708,0.010080,1.243650,2.685985,1.443071,0.006536,-0.000551,1.277478
-3.530131,50.103870,-1.063171,2.442855,2.830805,2.663461,1.960548,1.827395,1.511117,0.947602,2.957711,3.570211,2.497431,1.891177,2.664776,2.527349,3.011958,2.473431,1.878316,0.008469,3.271681,3.210148,2.020713,2.069682,0.009436,1.140880,2.381860,0.010402,1.537787,2.813884,1.556795,0.432116,0.001059,2.029734
-3.582234,50.863488,-1.017800,2.496116,2.816668,2.630912,1.977973,1.910246,1.531501,0.968973,2.939299,3.556402,2.564500,2.035179,2.685488,2.549377,3.041218,2.484938,1.807762,0.007503,3.196295,3.141849,1.966267,1.995262,0.009114,0.842555,2.383149,0.010724,1.751061,2.750418,1.353509,0.005570,0.000737,2.697260
-3.089479,51.348370,-0.927716,2.547404,2.842641,2.747626,2.123618,2.059837,1.696873,1.006453,2.978423,3.590595,2.630583,2.192660,2.728557,2.594090,3.108945,2.573377,1.801963,0.008469,3.203382,3.132184,1.939527,1.996873,0.008791,0.793263,2.391203,0.011047,1.901190,2.746229,1.374772,0.005248,-0.000229,2.741075
-2.710180,49.382628,-0.758398,2.528993,2.906094,2.869271,2.258743,2.173263,1.848437,1.091605,2.986971,3.614266,2.697653,2.345539,2.865983,2.653597,3.146754,2.627296,1.787787,0.008147,3.276514,3.159890,1.940172,2.088368,0.009114,0.776511,2.427608,0.011047,1.924386,2.799065,1.562594,0.268779,0.001059,2.889271
-2.085326,50.111843,-0.706780,2.606912,2.974807,2.978423,2.322525,2.270250,1.948383,1.318128,3.015574,3.619526,2.759462,2.439239,2.949163,2.701269,3.163850,2.679570,1.796164,0.008469,3.299066,3.186308,1.976898,2.121229,0.009436,0.737529,2.493007,0.012013,1.948548,2.812596,1.786499,0.523933,0.002026,2.925998
-1.934600,49.697336,-0.642012,2.679899,3.044506,3.087575,2.399457,2.323840,2.125262,1.344759,3.001437,3.627417,2.809435,2.527349,3.009656,2.749270,3.180946,2.781489,1.798097,0.007825,3.309375,3.190496,1.949192,2.111886,0.009758,0.610274,2.521680,0.011047,1.982053,2.820650,1.845455,0.805506,0.003959,2.981732
-2.159430,48.250146,-0.609464,2.810750,3.116836,3.190152,2.550035,2.460938,2.254469,1.398020,3.075082,3.669828,2.927135,2.687790,3.102699,2.863025,3.225330,2.859737,1.834824,0.008147,3.354156,3.211437,2.086757,2.257827,0.010402,0.682439,2.573871,0.012013,2.138303,2.892493,2.109953,1.109630,0.503959,3.164078
-1.418868,45.601099,-0.608806,2.949163,3.113219,3.310811,2.682529,2.571733,2.470143,1.601529,3.152672,3.699747,3.019520,2.855792,3.213823,2.932066,3.279577,2.956724,1.847066,0.008469,3.354800,3.241076,2.127994,2.310340,0.010724,0.493650,2.591590,0.012980,2.247840,2.875740,2.198870,1.328702,0.635080,3.242042
-0.909526,45.502567,-0.540092,3.019520,3.173713,3.346318,2.734146,2.745325,2.666091,1.832984,3.180617,3.729993,3.113877,2.983684,3.314427,2.979409,3.333496,3.086589,1.878638,0.008469,3.395393,3.322584,2.221422,2.374773,0.893779,0.234951,2.652157,0.012013,2.362208,2.933730,2.354476,1.579024,0.856086,3.391205
-1.382094,45.598042,-0.455927,3.078370,3.262481,3.426209,2.836065,2.845600,2.760448,2.040768,3.243084,3.760898,3.174042,3.060616,3.404839,3.061273,3.386428,3.207577,1.944038,0.051639,3.417945,3.393782,2.274901,2.473033,1.216911,0.183727,2.727222,0.012013,2.468523,3.054542,2.517170,1.714978,1.219166,3.465303
-1.302944,46.039176,-0.443762,3.115521,3.308838,3.455799,2.900176,2.864340,2.790695,2.210743,3.263796,3.763528,3.208234,3.111904,3.444949,3.086589,3.388401,3.319687,2.010726,0.209178,3.459826,3.436308,2.318716,2.515559,1.695004,0.164719,2.782312,0.012013,2.577737,3.103511,2.647647,1.754604,1.602542,3.518460
-0.895616,45.443650,-0.360254,3.171412,3.360126,3.514320,2.954094,2.909381,2.843956,2.459294,3.293057,3.799693,3.282536,3.154973,3.517279,3.117165,3.459415,3.415360,2.046486,0.592555,3.500097,3.458215,2.306474,2.611886,1.998161,0.199191,2.892170,0.013302,2.696294,3.105444,2.684052,1.987208,1.768458,3.562597
-0.649613,45.235803,-0.315869,3.229933,3.452511,3.561663,2.982697,2.978423,2.879792,2.577323,3.301934,3.821063,3.361113,3.168453,3.550485,3.138863,3.475196,3.445935,2.154734,0.833856,3.550033,3.448228,2.314850,2.606410,2.147324,0.114784,2.963047,0.013624,2.722711,3.145393,2.687273,2.118973,1.880249,3.581927
-0.122833,45.835750,-0.294828,3.271358,3.437716,3.584019,2.963957,2.993875,2.888340,2.609213,3.303578,3.822378,3.377551,3.204946,3.562978,3.132288,3.497224,3.479470,2.322904,0.921807,3.580961,3.513950,2.366074,2.600933,2.453059,0.127992,3.048743,0.013946,2.765559,3.156991,2.868008,2.210146,2.071937,3.659891
-0.453320,45.240939,-0.203100,3.370976,3.487689,3.629718,3.056671,3.128343,3.040561,2.767681,3.300947,3.842762,3.457114,3.295030,3.619198,3.171740,3.552128,3.533060,2.439206,1.156344,3.645071,3.548100,2.651835,2.826127,2.704992,0.473353,3.165689,0.014913,2.790044,3.162467,2.930508,2.451126,2.370262,3.783281
-0.902222,41.846780,-0.124195,3.511032,3.528128,3.699747,3.103356,3.250646,3.152014,2.948176,3.337770,3.860515,3.493607,3.352236,3.658321,3.210207,3.627088,3.596512,2.608020,1.576447,3.727868,3.620587,2.849000,2.963369,2.915044,0.601897,3.272004,0.014913,2.875096,3.241720,3.028769,2.789722,2.592879,3.871232
1.004365,35.353345,-0.093290,3.612293,3.585334,3.804624,3.352564,3.355852,3.294372,3.085603,3.367359,3.874981,3.536019,3.423908,3.732295,3.284509,3.689883,3.673774,2.793910,1.864785,3.798422,3.651515,3.048421,3.086758,3.308731,0.754604,3.465947,0.015557,2.929542,3.349968,3.131217,3.020392,2.835469,3.933732
0.669680,27.571313,0.030328,3.652075,3.654705,3.901941,3.502484,3.482758,3.461716,3.218755,3.383469,3.898324,3.597828,3.495909,3.824351,3.388401,3.791145,3.745774,2.932763,2.001383,3.863500,3.714981,3.261694,3.165367,3.481411,0.801318,3.615110,0.490750,3.006539,3.383473,3.191462,3.371875,3.022325,3.936954
0.301114,4.444072,0.014876,3.661938,3.698103,3.896351,3.523197,3.548183,3.552786,3.298975,3.427524,3.881228,3.603417,3.592567,3.859858,3.465662,3.827638,3.762871,2.975611,2.179540,3.868010,3.681154,3.259761,3.176965,3.510084,0.809372,3.647327,0.815815,3.105766,3.390883,3.174710,3.499130,3.314207,3.861245
0.950533,-0.871218,-0.186991,3.572183,3.557718,3.628074,3.462374,3.487361,3.462045,3.098425,3.430483,3.545553,3.436730,3.448894,3.749391,3.389058,3.747090,3.699747,2.951449,2.333858,3.802933,3.593203,3.110599,3.049709,3.332249,0.315815,3.538112,0.486562,3.024258,3.192751,2.989464,3.166011,3.137016,3.487855
-0.418412,-0.868375,-0.050879,3.607691,3.507087,3.465990,3.462703,3.497881,3.506758,3.052068,3.290427,3.386428,3.317057,3.403195,3.718815,3.378537,3.732295,3.679691,2.899580,2.349966,3.770394,3.511051,3.015560,2.939207,2.953060,0.689526,3.475612,0.464011,2.900225,3.086114,2.736242,3.082892,3.077738,3.244297
0.074923,-2.596839,-0.035098,3.593882,3.482100,3.441333,3.404510,3.478813,3.472566,3.015574,3.241769,3.366044,3.260837,3.366044,3.684952,3.362099,3.702705,3.671472,2.904413,2.382827,3.776515,3.493654,3.029735,2.970457,3.011372,0.774578,3.457249,0.455634,2.925676,3.060985,2.687595,3.087725,3.022648,3.235599
0.517284,-1.520737,0.019150,3.601444,3.472895,3.450867,3.369989,3.470593,3.475196,3.004396,3.191138,3.359140,3.250646,3.351578,3.670815,3.363743,3.699418,3.684623,2.897003,2.514593,3.765561,3.465303,3.046810,2.989787,3.045521,0.739784,3.497842,0.472709,2.923743,3.020070,2.654412,3.105444,3.007184,3.192751
0.527205,-1.064245,-0.077180,3.629061,3.470593,3.499854,3.366702,3.482100,3.503799,3.067191,3.309167,3.381496,3.383798,3.346647,3.673445,3.399907,3.745446,3.700404,2.906346,2.442105,3.774904,3.442751,3.053898,2.995263,3.010405,0.485918,3.496875,0.462400,2.895714,3.022003,2.646680,3.104800,2.974001,3.179220
7.272714,-4.401146,-0.098222,3.672130,3.643198,3.715528,3.401223,3.505114,3.557060,3.145439,3.481443,3.570211,3.633992,3.487032,3.736240,3.483415,3.825994,3.739528,2.893459,2.670198,3.803577,3.476901,3.102222,3.029735,3.415367,0.344810,3.474968,0.110273,2.819361,2.959825,2.650546,3.108021,2.922776,3.098356
12.378929,-5.904609,0.126001,3.835529,3.886817,3.960791,3.571526,3.652075,3.682322,3.302591,3.518265,4.065011,3.839803,3.657006,3.898324,3.593554,3.959147,3.880899,2.826127,2.704348,3.770394,3.567430,3.108988,3.091913,3.586437,1.221743,3.548422,0.785531,2.945006,3.038111,2.717879,3.221424,3.231411,3.394104
12.587483,-5.839620,0.247647,3.901283,3.985777,4.047257,3.792789,3.719473,3.736240,3.392346,3.471580,4.195533,3.928242,3.731637,3.976572,3.639581,4.014380,3.921996,2.723356,2.665688,3.600935,3.566463,2.868008,3.082248,3.570007,1.454346,3.520393,1.634437,2.877351,2.953704,2.618652,3.201449,3.194040,3.473035
12.834128,-6.107640,0.275592,3.915091,4.011092,4.058435,3.819748,3.731637,3.748076,3.443963,3.469278,4.207697,3.937119,3.746761,4.001887,3.659636,4.026216,3.928571,2.769748,2.676642,3.617043,3.571940,2.908923,3.129606,3.612211,1.564527,3.554865,1.730764,2.920199,2.971423,2.618008,3.202738,3.220457,3.485277
13.145593,-5.797869,0.282168,3.912132,4.010106,4.054161,3.809227,3.720788,3.732952,3.423579,3.454483,4.200136,3.935804,3.747747,3.990709,3.646157,4.018325,3.924626,2.774580,2.647325,3.613499,3.546167,2.885405,3.126385,3.600613,1.509437,3.544556,1.738174,2.905379,2.957248,2.589657,3.192429,3.206604,3.450483
13.665419,-5.811135,0.277565,3.903913,3.999914,4.053175,3.793117,3.708952,3.716185,3.418647,3.447251,4.193889,3.931859,3.718158,3.969010,3.630376,4.009120,3.916078,2.792621,2.651835,3.625419,3.542301,2.880573,3.125418,3.630252,1.407955,3.533924,1.735919,2.927931,2.968846,2.596745,3.191462,3.201449,3.461437
14.221467,-5.914663,0.318662,3.918379,4.021942,4.063696,3.836515,3.735254,3.749062,3.436401,3.443634,4.210328,3.944352,3.735583,3.992681,3.651088,4.024572,3.927913,2.817750,2.678897,3.651515,3.553899,2.928253,3.151836,3.685020,1.543586,3.556476,1.792620,2.976256,2.988820,2.615108,3.194362,3.226900,3.474324
14.504857,-6.073967,0.339703,3.932516,4.041011,4.070600,3.855255,3.769446,3.771419,3.458429,3.445935,4.228410,3.954873,3.771419,4.012079,3.678048,4.046928,3.939749,2.830315,2.682441,3.672778,3.553576,2.983021,3.177609,3.731734,1.598032,3.576128,1.897001,2.993975,3.007184,2.655057,3.210148,3.248163,3.507185
14.762954,-6.135895,0.373895,3.946325,4.066326,4.080134,3.883858,3.793117,3.813172,3.493607,3.453826,4.250438,3.973941,3.810213,4.040024,3.711911,4.065011,3.947311,2.826771,2.704348,3.692752,3.591592,3.042944,3.220135,3.762662,1.642169,3.590303,2.080636,3.032312,3.048421,2.684052,3.233666,3.253318,3.551321
15.183299,-5.869569,0.370608,3.962106,4.090984,4.093285,3.896680,3.805611,3.870707,3.532731,3.478484,4.257013,3.993010,3.862159,4.053833,3.727692,4.070600,3.956188,2.836758,2.722711,3.721425,3.642494,3.075160,3.254285,3.777159,1.656022,3.635084,2.084502,3.119619,3.147648,2.727222,3.251063,3.295522,3.573229
15.431778,-6.030509,0.414005,3.974270,4.105778,4.105121,3.907858,3.814488,3.902598,3.584677,3.459086,4.261287,4.003859,3.897995,4.076518,3.740843,4.075860,3.969339,2.875740,2.764915,3.739788,3.695974,3.139916,3.313563,3.804221,1.757182,3.668267,2.124450,3.160212,3.193717,2.817428,3.271359,3.331604,3.656347
15.663873,-6.325926,0.418937,3.973613,4.105778,4.104463,3.908187,3.820077,3.893393,3.585992,3.454812,4.260629,4.007476,3.897009,4.073888,3.741172,4.080463,3.968681,2.903768,2.775547,3.746232,3.705316,3.160857,3.320329,3.797456,1.777156,3.667301,2.140881,3.162790,3.191784,2.836436,3.269749,3.335148,3.655703
15.092334,-5.347169,0.422554,3.962106,4.095915,4.095915,3.894050,3.801008,3.878269,3.561005,3.429497,4.251753,3.992353,3.889118,4.046600,3.714212,4.069942,3.950927,2.924709,2.748807,3.737533,3.689208,3.132184,3.325805,3.773616,1.681151,3.647649,2.229476,3.138949,3.175354,2.791333,3.258473,3.318718,3.631218
15.275327,-5.634636,0.429458,3.964736,4.099532,4.101176,3.898324,3.810871,3.875968,3.574485,3.430154,4.254054,3.999257,3.922324,4.055805,3.732952,4.072901,3.960133,2.950805,2.748485,3.735922,3.671489,3.128962,3.325483,3.789080,1.662465,3.675677,2.246551,3.156991,3.173421,2.803897,3.256862,3.332571,3.618654
15.353159,-5.697217,0.459705,3.977558,4.107751,4.119587,3.909174,3.824351,3.906543,3.608019,3.417004,4.257342,4.012736,3.950270,4.083422,3.755309,4.080792,3.981832,2.958537,2.725611,3.732701,3.648937,3.161823,3.317751,3.791013,1.538109,3.695007,2.270391,3.183730,3.184375,2.840946,3.261050,3.336437,3.617365
16.180048,-5.950255,0.457732,3.987092,4.107751,4.122217,3.910160,3.836186,3.930544,3.637609,3.427853,4.258328,4.022928,3.963749,4.101504,3.765829,4.082436,3.990380,3.005251,2.751706,3.740755,3.675355,3.203382,3.339658,3.793912,1.537143,3.713371,2.284244,3.205315,3.195973,2.911500,3.269426,3.340947,3.633474
16.712059,-5.900273,0.467267,3.993339,4.127806,4.131094,3.912790,3.843419,3.945996,3.678705,3.434757,4.261287,4.034764,3.970325,4.118600,3.778980,4.088682,3.993996,3.006861,2.785534,3.750098,3.713048,3.222068,3.369620,3.832894,1.602542,3.736244,2.340623,3.233666,3.219491,2.946616,3.298743,3.360921,3.686309
17.395311,-6.544273,0.476801,4.024572,4.174163,4.156409,3.926270,3.863474,3.987750,3.727034,3.449881,4.266219,4.056463,3.991366,4.138656,3.809556,4.097559,4.002544,3.054220,2.864464,3.772649,3.762018,3.275225,3.413112,3.877353,1.730764,3.778770,2.437595,3.271359,3.237210,3.040689,3.378318,3.434375,3.755252
18.092915,-6.492172,0.484363,4.030819,4.173834,4.178108,3.930544,3.865776,3.988736,3.738541,3.450867,4.263588,4.059751,3.998270,4.146875,3.814159,4.100847,4.007147,3.098034,2.914400,3.785536,3.764917,3.297133,3.428254,3.903126,1.728831,3.784247,2.473678,3.274259,3.246875,3.095779,3.387017,3.443074,3.752031
18.297131,-6.536415,0.506390,4.009777,4.160026,4.183368,3.914105,3.851967,3.969339,3.715856,3.399579,4.253396,4.048244,3.984791,4.137012,3.800022,4.090984,3.993010,3.076127,2.892170,3.775549,3.747520,3.285857,3.412790,3.908925,1.561627,3.779737,2.423420,3.259117,3.229156,3.043588,3.364143,3.411824,3.750420
18.434368,-6.742581,0.494226,4.028517,4.173834,4.198163,3.924955,3.865776,4.005175,3.752679,3.436730,4.257013,4.065668,3.998270,4.153779,3.819748,4.093943,3.997942,3.131862,3.022970,3.792946,3.788113,3.330960,3.442107,3.965949,1.596099,3.784247,2.453381,3.287145,3.259761,3.103511,3.422455,3.448228,3.782636
18.619624,-6.883234,0.474500,4.043641,4.185341,4.201451,3.939092,3.875639,4.036408,3.779309,3.472895,4.263588,4.080134,4.011750,4.170217,3.834871,4.099532,4.015366,3.177609,3.078382,3.801966,3.814208,3.358344,3.454994,3.976902,1.594810,3.789080,2.475933,3.295522,3.290367,3.151514,3.447262,3.469813,3.798745
19.925076,-6.202932,0.486335,4.048901,4.186985,4.201122,3.945010,3.883201,4.048572,3.785556,3.474867,4.267534,4.092956,4.024572,4.179752,3.842433,4.104135,4.022271,3.189529,3.101900,3.803577,3.838693,3.366398,3.466270,3.991078,1.560983,3.790690,2.453381,3.288434,3.296488,3.187274,3.446295,3.465625,3.806154
20.389978,-6.198548,0.500801,4.065997,4.200464,4.212958,3.946653,3.882214,4.070600,3.792460,3.466977,4.271808,4.099532,4.029175,4.183697,3.846707,4.110710,4.023915,3.201772,3.156668,3.810020,3.878642,3.380251,3.502996,4.011374,1.595777,3.797456,2.414721,3.291978,3.313885,3.283279,3.484311,3.499453,3.848680
20.405300,-6.260448,0.520199,4.080134,4.213944,4.231698,3.956845,3.889118,4.106436,3.824022,3.464347,4.285945,4.115970,4.045942,4.200464,3.861173,4.117614,4.039696,3.224323,3.218202,3.829350,3.918590,3.420522,3.517172,4.034570,1.703702,3.807443,2.450159,3.363499,3.363821,3.332571,3.564852,3.536824,3.890240
20.654005,-6.763122,0.500473,4.087038,4.217889,4.234985,3.967037,3.909831,4.122217,3.844406,3.492292,4.286931,4.124847,4.052189,4.206382,3.864461,4.120244,4.047915,3.239143,3.281669,3.846747,3.931799,3.465947,3.573551,4.061310,1.699836,3.816786,2.559051,3.411824,3.377996,3.358666,3.588692,3.568396,3.904737
21.165221,-6.333775,0.499157,4.076189,4.212629,4.228410,3.956188,3.890434,4.114326,3.831912,3.481771,4.281013,4.115970,4.046271,4.196190,3.856241,4.116299,4.038709,3.223034,3.271037,3.847714,3.931799,3.465303,3.568718,4.077418,1.535532,3.814853,2.503317,3.406991,3.372197,3.352545,3.587082,3.548422,3.905704
21.091277,-5.981270,0.477787,4.079477,4.215588,4.233999,3.956845,3.888132,4.120244,3.830926,3.505114,4.281671,4.122546,4.050874,4.202108,3.856899,4.120244,4.039038,3.255895,3.286179,3.861567,3.945008,3.499775,3.594814,4.097392,1.515558,3.826129,2.543587,3.409246,3.387339,3.366398,3.596747,3.584182,3.920201
21.216681,-5.277370,0.479431,4.085723,4.219204,4.229725,3.961777,3.911475,4.129450,3.841775,3.513991,4.290219,4.130107,4.058764,4.209670,3.856570,4.121888,4.045613,3.261694,3.286179,3.859956,3.951129,3.504929,3.602223,4.106091,1.496550,3.827095,2.506861,3.404736,3.395715,3.371231,3.601901,3.604801,3.923745
21.577337,-5.797672,0.499157,4.093285,4.224465,4.229725,3.963421,3.919037,4.137340,3.846378,3.498539,4.292191,4.131751,4.057778,4.214273,3.864132,4.123861,4.051531,3.253318,3.279091,3.855768,3.953384,3.498808,3.597713,4.111568,1.468199,3.829350,2.502995,3.429220,3.398293,3.370909,3.599646,3.600613,3.921490
22.139895,-6.190589,0.499486,4.094600,4.225122,4.236300,3.971640,3.935804,4.145888,3.861173,3.503142,4.295808,4.132738,4.059751,4.216903,3.871694,4.124847,4.059422,3.276836,3.299388,3.869299,3.959505,3.512017,3.622842,4.137985,1.512658,3.846103,2.599644,3.488177,3.413757,3.383473,3.627997,3.614466,3.940820
22.559385,-6.213896,0.484363,4.098545,4.228081,4.248136,3.985120,3.947311,4.151149,3.873337,3.519251,4.294493,4.136025,4.063696,4.219862,3.880899,4.129779,4.064025,3.285212,3.339014,3.876386,3.970137,3.530058,3.647649,4.162792,1.526511,3.854479,2.648936,3.500097,3.434697,3.399259,3.683409,3.627997,3.946296
22.711631,-6.699581,0.479760,4.105121,4.230383,4.253396,3.993996,3.950270,4.158711,3.880242,3.528457,4.295150,4.139971,4.067312,4.221506,3.888132,4.132080,4.067312,3.290045,3.374452,3.882830,3.978513,3.534891,3.662468,4.175356,1.510081,3.864789,2.687595,3.502674,3.444684,3.406347,3.703383,3.642494,3.961438
23.601854,-7.106110,0.488966,4.094271,4.226109,4.246492,3.971640,3.938105,4.146217,3.861831,3.512676,4.289890,4.132080,4.059751,4.214930,3.874653,4.122875,4.044627,3.274259,3.354800,3.873165,3.962083,3.524259,3.656669,4.171813,1.406666,3.859956,2.619296,3.496875,3.430509,3.400870,3.700162,3.631218,3.957572
24.025248,-6.894709,0.499157,4.089669,4.219533,4.238602,3.959147,3.925941,4.142930,3.855584,3.498210,4.289233,4.128135,4.054490,4.209341,3.865447,4.120244,4.040024,3.276514,3.346746,3.870588,3.965304,3.524259,3.656669,4.176323,1.311627,3.860923,2.578059,3.491721,3.422133,3.396682,3.696618,3.625742,3.952095
24.398558,-6.748693,0.499486,4.090984,4.221835,4.240246,3.966708,3.936461,4.148190,3.855913,3.500840,4.290548,4.133395,4.056134,4.214602,3.866433,4.121888,4.044627,3.272970,3.339014,3.870910,3.963049,3.520393,3.656669,4.182122,1.283921,3.863500,2.585791,3.484633,3.424710,3.400548,3.699840,3.624453,3.954673
24.835483,-6.979402,0.490281,4.098217,4.231698,4.250438,3.971311,3.945010,4.153450,3.861831,3.513333,4.291863,4.142601,4.063696,4.222163,3.878269,4.129450,4.055805,3.276836,3.352223,3.876386,3.969170,3.527159,3.663435,4.176645,1.336434,3.868655,2.628961,3.480123,3.419878,3.402159,3.700162,3.646360,3.963371
25.411106,-7.073586,0.463321,4.115642,4.236629,4.257342,3.988736,3.972955,4.163313,3.872351,3.550156,4.297123,4.147204,4.069285,4.229067,3.895694,4.141614,4.067312,3.284890,3.368653,3.884763,3.974647,3.532958,3.676966,4.192753,1.269746,3.885729,2.666655,3.490432,3.438241,3.408924,3.726579,3.664724,3.973358
26.012551,-8.332170,0.450170,4.122546,4.239917,4.268520,3.994325,3.990051,4.171533,3.881886,3.569224,4.299096,4.154437,4.084408,4.235314,3.906543,4.140628,4.081778,3.307764,3.410857,3.888951,3.987212,3.538435,3.664401,4.210150,1.216911,3.895394,2.660211,3.499453,3.442429,3.417945,3.748487,3.680188,3.983668
25.525654,-7.660932,0.426499,4.133066,4.246821,4.279041,4.006818,4.016024,4.196190,3.893393,3.602102,4.301726,4.164300,4.090326,4.243533,3.916735,4.146546,4.091641,3.386372,3.483666,3.924389,4.016851,3.577417,3.712726,4.238179,1.306150,3.913436,2.826771,3.535213,3.502674,3.449195,3.802933,3.728835,3.989789
25.604939,-8.319893,0.396581,4.137998,4.247807,4.285945,4.004188,4.017668,4.194547,3.892735,3.631362,4.299753,4.166272,4.091641,4.245835,3.917722,4.146546,4.082764,3.397648,3.509440,3.947585,4.036503,3.586437,3.739788,4.252032,1.167942,3.920201,2.896681,3.579028,3.534246,3.462726,3.850291,3.743654,3.998165
25.986535,-8.849194,0.382115,4.121888,4.233013,4.270493,3.986435,3.986106,4.170217,3.876954,3.634650,4.289890,4.151478,4.076189,4.228410,3.898653,4.137340,4.057778,3.366398,3.478834,3.927933,4.022972,3.571940,3.724002,4.250099,0.777799,3.916657,2.821616,3.539401,3.518783,3.452416,3.846425,3.737211,3.997521
26.701251,-9.057976,0.373566,4.130765,4.236629,4.270164,3.989065,3.992681,4.175807,3.879584,3.650760,4.288575,4.152464,4.074874,4.230054,3.902598,4.139313,4.062709,3.401192,3.511373,3.954351,4.039080,3.599646,3.738822,4.263952,0.845454,3.933732,2.903124,3.576772,3.560986,3.471102,3.868655,3.752997,4.007186
26.814663,-8.038008,0.369950,4.138656,4.240574,4.275095,4.002873,4.012408,4.197177,3.893064,3.664897,4.289890,4.155752,4.082764,4.234328,3.909831,4.142272,4.072901,3.414723,3.552932,3.971748,4.065498,3.625742,3.777159,4.273939,1.042619,3.944363,3.012660,3.642172,3.623809,3.512017,3.892495,3.791979,4.022328
25.722285,-7.352586,0.371265,4.148190,4.248465,4.283643,4.012736,4.026216,4.204738,3.903913,3.671801,4.293835,4.173505,4.091970,4.240246,3.914763,4.151149,4.080134,3.436952,3.582894,3.987856,4.081928,3.643783,3.793268,4.288114,1.072581,3.954351,3.020070,3.660213,3.652481,3.532313,3.905059,3.801644,4.023616
26.405427,-9.129188,0.357457,4.155094,4.249122,4.291863,4.019969,4.030161,4.211314,3.904571,3.689555,4.306329,4.176793,4.091970,4.240574,3.916406,4.154437,4.081449,3.461759,3.599968,4.002031,4.103191,3.662146,3.810987,4.306156,1.278444,3.963049,3.040367,3.690497,3.672133,3.557120,3.918590,3.823873,4.039080
28.430468,-7.485285,0.361402,4.163313,4.250438,4.291863,4.023915,4.038709,4.218218,3.907858,3.699747,4.301068,4.177450,4.098874,4.240246,3.926598,4.156080,4.081121,3.502030,3.630252,4.023938,4.117689,3.688886,3.833861,4.309700,1.445648,3.968526,3.073227,3.702417,3.701773,3.564208,3.937598,3.864466,4.084183
26.922935,0.997172,0.406115,4.156409,4.251424,4.295479,4.015695,4.020298,4.199807,3.911475,3.648787,4.293835,4.171861,4.079806,4.226109,3.919694,4.159039,4.068627,3.450161,3.556476,3.975291,4.107379,3.627997,3.817108,4.307767,1.553895,3.960794,3.035212,3.675677,3.677610,3.517494,3.917624,3.847714,4.057444
27.752945,0.646028,0.494226,4.113669,4.251095,4.305342,3.978215,3.978215,4.174163,3.895694,3.530101,4.281671,4.149505,4.045942,4.212629,3.898324,4.163313,4.024572,3.373164,3.369298,3.941464,4.038758,3.635729,3.736567,4.305189,1.287465,3.935343,2.945650,3.605767,3.603512,3.491721,3.877997,3.769427,4.014596
