1.076297,-1.192456,-1.279175,0.037890,0.997576,2.129536,1.856656,3.700404,0.038219,0.037890,1.319443,0.038876,0.000739,0.000410,1.146181,1.742572,2.287346,1.664325,-0.000874,0.130248,0.220776,0.650866,0.687271,0.158920,0.000737,0.000093,1.426318,2.185017,1.704991,1.096421,0.486240,3.061952,1.545519,2.094811
14.975856,27.821562,-0.425022,0.018821,0.020136,1.101139,0.852916,3.017876,0.022109,0.021451,0.443595,0.021123,-0.000576,0.000081,1.031110,0.979165,1.700490,0.825628,-0.000229,0.001704,-0.000229,0.049062,0.339011,0.000415,0.000093,0.000093,0.618006,2.568716,2.369940,0.010080,0.000737,2.447260,0.010402,0.732374
18.821741,38.727459,-1.175282,0.022109,0.027040,1.597913,1.007768,3.204289,0.028356,0.023424,1.204044,0.028684,0.002711,0.000081,1.351005,1.302676,1.967123,1.205360,0.033920,0.073547,-0.000229,-0.000229,0.028121,-0.000229,0.116717,-0.000229,0.722065,2.977222,2.570649,0.010724,0.000093,1.739785,0.006214,-0.000551
20.638606,44.403668,-1.602688,0.029342,0.079315,1.969753,1.068919,3.196070,0.029671,0.029342,1.629475,0.030657,0.003040,0.259811,1.769203,1.492706,2.174907,1.218839,0.030376,0.073224,-0.000229,0.000415,-0.000551,-0.000229,0.176317,0.000093,0.685660,3.016526,2.618008,0.010402,-0.000551,1.301962,0.005248,0.002348
21.891441,46.690373,-1.731567,0.033945,0.475486,2.107837,1.309580,3.188508,0.033287,0.032301,1.764929,0.033945,0.001396,0.401183,1.934904,1.710024,2.289977,1.236264,0.002992,0.016846,-0.000229,-0.000229,-0.000551,-0.000229,0.166974,0.000415,0.627348,3.070006,2.653446,0.010402,-0.001196,1.177606,0.003959,-0.001196
21.609928,46.514628,-1.729266,0.032301,0.515267,2.144002,1.362512,3.213494,0.035589,0.034602,1.765586,0.035589,0.000081,0.482390,2.003946,1.822793,2.323182,1.267169,0.001382,-0.000551,0.000093,0.000093,-0.000229,0.000415,0.169874,0.000415,0.614784,3.064207,2.660856,0.010080,-0.000551,1.627993,0.006858,-0.000551
20.843603,46.978081,-1.528385,0.031972,0.323264,2.033206,1.303005,3.177658,0.032301,0.030986,1.561419,0.031314,0.000410,0.486993,2.007891,1.712325,2.288661,1.258292,-0.000551,0.000415,-0.001840,0.000093,0.001059,-0.000229,0.140879,-0.000229,0.460789,2.995908,2.662466,0.010080,-0.000551,1.768135,0.006214,-0.000229
21.120420,47.553679,-1.650689,0.033616,0.489952,2.116385,1.353964,3.191467,0.034273,0.037890,1.686024,0.032301,-0.005179,0.532363,2.051289,1.736326,2.324826,1.251388,0.000093,-0.000874,0.000415,-0.001196,-0.000229,0.002348,0.141846,-0.000229,0.580312,3.032635,2.666655,0.010080,-0.000874,1.859630,0.007503,0.000737
20.684494,48.554667,-1.568167,0.032630,0.507377,2.015453,1.394403,3.238481,0.033287,0.034273,1.602516,0.033287,0.000739,0.560967,2.106193,1.762299,2.416553,1.328649,0.001059,-0.000229,0.000415,0.000093,0.000093,0.000093,0.128959,0.000093,0.739462,3.111565,2.671809,0.011691,-0.000874,2.058084,0.008469,0.000415
21.307798,48.896352,-1.738143,0.031643,0.574117,2.104878,1.491720,3.286482,0.035589,0.035589,1.774134,0.035260,-0.000905,0.599762,2.186742,1.880985,2.521431,1.468377,0.011691,-0.000229,-0.000874,-0.000551,0.000093,-0.001518,0.125415,-0.000229,0.923740,3.158924,2.691139,0.010080,-0.000229,2.063239,0.008791,0.002670
21.553015,50.428975,-1.632606,0.036246,0.680311,2.191016,1.729750,3.352236,0.036246,0.034602,1.668927,0.036904,0.000081,0.653023,2.240661,1.969425,2.620063,1.539063,0.044230,-0.000229,-0.000229,0.002348,-0.000229,0.000093,0.131214,0.000415,1.146356,3.204027,2.709503,0.011369,0.000415,2.175030,0.009758,0.000093
21.912928,53.298474,-1.915023,0.039205,1.013028,2.262689,1.961205,3.506758,0.041835,0.041178,1.953972,0.040849,-0.000905,0.702010,2.307073,2.093371,2.881765,1.663996,0.054539,0.000093,-0.000229,0.000093,-0.000551,-0.000229,0.185660,-0.000551,1.149256,3.214336,2.704992,0.011691,-0.000551,2.495585,0.009758,-0.000551
20.937160,54.167810,-2.198098,0.046109,1.198455,2.672009,2.325813,3.712240,0.046438,0.044465,2.243620,0.046109,0.000410,0.822998,2.359018,2.186414,2.999465,1.735668,0.050351,0.021034,0.000093,0.000415,0.000737,0.000415,0.191781,0.000093,1.139591,3.207893,2.703381,0.010402,-0.000874,2.553897,0.010080,-0.000229
20.971077,55.253445,-2.427254,0.048739,1.300375,2.888340,2.692721,3.864789,0.052027,0.049726,2.477376,0.051041,0.000081,0.897958,2.392882,2.261045,3.047794,2.053261,0.050995,0.032632,-0.000551,-0.000229,0.000415,0.000093,0.205634,-0.000229,1.101575,3.196939,2.687918,0.008791,-0.000551,2.715946,0.011691,0.198224
20.723818,56.969554,-2.473282,0.050054,1.262566,2.888669,2.586857,3.861831,0.052356,0.049397,2.523733,0.051698,0.000739,0.882177,2.356717,2.152879,2.919902,2.114413,0.014268,0.103186,-0.000229,-0.000551,-0.000229,-0.000874,0.154410,-0.000229,0.800351,2.951127,2.638948,0.010724,-0.000551,2.918266,0.012335,-0.000229
20.308103,58.592352,-2.186591,0.045123,0.929520,2.667077,1.818847,3.629061,0.678996,0.044465,2.230140,0.045452,0.000081,0.809847,2.199236,1.867834,2.413923,1.905972,0.000093,0.185016,0.000093,0.000415,-0.000551,0.001382,0.142168,0.000415,0.436949,2.845134,2.657634,0.011369,0.000093,3.069684,0.012335,-0.000229
19.236949,56.383010,-2.421994,0.050054,1.043604,2.790037,2.092714,3.788843,0.737517,0.051370,2.469814,0.243701,0.001067,0.925904,2.273867,1.995397,2.518144,2.063453,0.000737,0.223031,-0.000551,0.000093,0.000415,0.000093,0.167297,-0.000551,0.429217,2.826771,2.666655,0.011047,-0.000551,3.141527,0.012657,-0.000229
19.729506,55.533163,-2.597231,0.052356,1.208647,2.854148,2.491842,3.846707,0.499157,0.052027,2.649652,0.337730,0.001725,0.941027,2.368224,2.051946,2.651296,2.257757,0.009758,0.285531,0.000415,0.000093,0.000093,-0.000229,0.185982,0.000415,0.380570,2.849322,2.660211,0.011369,-0.000874,3.179542,0.013302,-0.000551
18.621458,57.470962,-2.671863,0.053671,1.309909,2.955738,2.686146,3.908516,0.530720,0.054000,2.727242,0.328525,0.003040,1.138948,2.452389,2.123618,2.799572,2.320223,0.029410,0.208212,0.001059,0.000737,0.008147,0.000415,0.191781,0.000093,0.790364,2.896681,2.652801,0.010402,0.000093,3.226578,0.013624,0.000093
18.352326,59.847931,-2.562052,0.049397,0.929191,2.492171,1.859944,3.669171,1.414458,0.048411,2.610200,0.049726,0.000410,0.935767,2.227510,1.948054,2.364608,2.065097,0.020389,0.355763,0.000093,0.084500,0.006214,-0.000874,0.195325,-0.000229,0.301962,2.793266,2.658923,0.010080,-0.000551,3.158924,0.012980,-0.000551
17.819175,61.701292,-2.550545,0.050383,0.915054,2.486910,1.780052,3.642869,1.709038,0.051370,2.600665,0.240742,0.000410,0.951876,2.217647,1.954959,2.337648,2.070686,0.011047,0.375737,-0.000229,0.086755,0.001382,0.000737,0.240428,-0.000229,0.000415,2.804864,2.663433,0.009436,0.000737,3.134761,0.013302,0.000737
17.329539,58.963799,-2.574216,0.049397,0.916369,2.485924,1.783340,3.620513,1.719230,0.049068,2.624337,0.130275,0.000081,0.952205,2.218962,1.923725,2.377758,2.047343,0.014590,0.396356,0.000415,0.081923,-0.000229,-0.000229,0.243005,0.000093,0.204990,2.818717,2.682119,0.010724,-0.000229,3.134117,0.013302,0.000093
16.939707,58.655184,-2.456844,0.051370,0.850615,2.567459,1.777093,3.626759,1.762956,0.052027,2.508938,0.689516,0.000410,0.914396,2.171948,1.911890,2.310689,2.044056,0.018779,0.403766,-0.000551,0.102541,0.004603,-0.000229,0.216266,0.000415,0.280054,2.829348,2.683407,0.011047,-0.000229,3.136372,0.013946,-0.000551
18.150567,59.689330,-2.548243,0.054986,0.915712,2.793325,1.969425,3.659308,1.950685,0.154275,2.604282,0.689845,0.174002,0.991329,2.303785,2.002302,2.341922,2.057206,0.028121,0.385725,0.000415,0.103830,0.006536,-0.000229,0.217554,-0.000229,0.306150,2.861565,2.680508,0.010724,-0.000874,3.133150,0.012657,-0.000551
17.152510,60.285359,-2.512078,0.056301,1.045576,2.819956,2.062467,3.702705,1.989151,0.277236,2.568774,0.471541,0.195701,1.068919,2.389594,2.054905,2.459294,2.060494,0.045840,0.397322,0.000415,0.110918,0.048418,0.000415,0.219810,-0.000229,0.402155,2.919232,2.677286,0.011047,-0.000229,3.174710,0.012980,0.001059
16.702875,59.928024,-2.496297,0.059589,1.132372,2.840997,2.144002,3.732624,2.047672,0.592529,2.555295,0.834834,0.337730,1.247114,2.394197,2.108495,2.518801,2.127892,0.043263,0.439526,-0.000551,0.115428,0.048418,0.000093,0.232374,0.000415,0.402155,2.923098,2.681474,0.010402,-0.000551,3.148292,0.013302,-0.000551
15.599616,58.853496,-2.523256,0.056630,1.069906,2.833764,2.102577,3.737884,2.107837,0.703982,2.584227,0.845683,0.348251,1.181030,2.380717,2.056878,2.444499,2.136769,0.031987,0.437915,0.000093,0.123160,0.050673,-0.000874,0.231407,-0.000551,0.318392,2.886049,2.673098,0.010724,-0.000551,3.101578,0.013302,-0.000229
14.912238,61.542827,-2.473282,0.060246,1.035713,2.717379,2.014137,3.716185,2.035179,0.709900,2.530637,0.953520,0.352196,1.221798,2.372169,2.053919,2.446143,2.128879,0.047129,0.471098,-0.000551,0.134114,0.055183,0.000415,0.239784,0.000415,0.302284,2.902802,2.670198,0.016523,-0.001518,3.132828,0.013302,0.000093
14.032352,60.581817,-2.412459,0.056959,0.988041,2.683844,2.008877,3.695801,2.040439,0.659269,2.471129,0.792751,0.185509,1.006124,2.340936,2.012822,2.428389,2.110139,0.041008,0.429861,0.000093,0.124126,0.021356,0.000093,0.223998,0.000093,0.338688,2.878640,2.682119,0.010724,-0.000551,3.118975,0.013946,-0.000229
13.604684,58.296742,-2.421007,0.057287,0.992644,2.655570,2.035836,3.685609,2.044713,0.700366,2.479349,0.916369,0.341676,1.196483,2.335018,2.049974,2.456992,2.128221,0.042297,0.447258,-0.000229,0.148933,0.041330,0.000093,0.221420,0.000093,0.467232,2.889271,2.683407,0.010724,-0.000229,3.094168,0.010080,0.000737
12.998748,59.301426,-2.316457,0.057616,0.998233,2.498417,1.997041,3.666541,2.048001,0.750339,2.372498,0.852587,0.356142,1.200099,2.410636,2.060494,2.496445,2.136112,0.046485,0.412142,0.000093,0.154732,0.041974,0.000415,0.210789,-0.000229,0.572580,2.906346,2.684696,0.011369,-0.000551,3.119297,0.013302,-0.000229
12.904982,60.310287,-2.437117,0.059918,1.097522,2.733160,2.249866,3.698103,2.087453,0.788806,2.497102,0.974233,0.433074,1.172482,2.471787,2.087782,2.547733,2.202523,0.039397,0.405377,0.001704,0.151511,0.027477,-0.000229,0.213366,0.000415,0.589977,2.864142,2.684052,0.011047,-0.000229,3.078704,0.012657,0.000415
11.800479,58.458522,-2.579148,0.064192,1.193853,2.932724,2.416553,3.767145,2.206469,0.992315,2.643077,0.967329,0.443924,1.411171,2.620063,2.261045,2.771626,2.274196,0.047773,0.400544,-0.000229,0.148289,0.037142,0.000415,0.247516,-0.000229,0.626382,2.894748,2.685985,0.011369,-0.000551,3.139594,0.012335,-0.000229
10.869394,57.723876,-2.705398,0.066493,1.264210,3.007355,2.476390,3.829282,2.432992,1.116591,2.772941,1.099495,0.486007,1.406239,2.677598,2.438252,2.875189,2.345210,0.054861,0.493650,0.000093,0.155377,0.049062,0.000415,0.285531,0.000415,0.582567,2.949838,2.693717,0.250737,0.000415,3.131862,0.012335,-0.000874
10.658648,57.546844,-2.752084,0.071096,1.338841,3.098096,2.474088,3.842104,2.680885,1.167551,2.821928,1.497966,0.528089,1.576871,2.721324,2.501376,2.915957,2.439896,0.067425,0.551640,0.000093,0.166652,0.060660,0.000093,0.323869,-0.000229,0.533276,3.019426,2.696938,0.433083,0.001059,3.143137,0.012980,0.000093
9.613482,57.097955,-2.732357,0.144741,1.401636,3.125055,2.525377,3.856241,2.843298,1.210291,2.807462,1.716271,0.539596,1.618954,2.755188,2.551350,2.948834,2.547076,0.076768,0.627026,0.000737,0.175351,0.076768,-0.000229,0.351575,0.000093,0.613173,3.051965,2.704026,0.509436,0.184371,3.164400,0.013302,0.000415
8.961331,56.164185,-2.672191,0.264414,1.432870,3.188508,2.624008,3.880570,2.919244,1.239552,2.766037,1.851396,0.592857,1.689640,2.779845,2.622364,3.032342,2.665433,0.080956,0.651833,0.000093,0.176962,0.083856,0.000415,0.362851,0.000415,0.661498,3.076449,2.690495,0.520390,0.190492,3.173743,0.012657,-0.000874
8.579988,56.803520,-2.370047,0.659598,1.572269,3.224344,2.757818,3.885831,2.947190,1.405253,2.859737,1.955287,0.714832,1.796820,2.807791,2.666419,3.091520,2.744996,0.085145,0.695003,0.000093,0.186304,0.095454,-0.000229,0.417297,-0.000229,0.360273,2.933730,2.716590,0.695970,0.481730,3.094813,0.012335,-0.001518
7.596272,54.615380,-2.213222,0.925246,1.656105,3.270701,2.815353,3.895036,2.955409,1.462459,2.900833,2.018083,0.771052,1.859286,2.828175,2.687461,3.117165,2.824887,0.087722,0.683727,0.000415,0.184371,0.094487,0.000093,0.450480,0.000737,0.428250,2.933085,2.699515,0.871227,0.579668,3.050998,0.012980,-0.000551
7.448133,54.000894,-2.114589,1.046892,1.694900,3.213166,2.787736,3.890105,2.945217,1.534789,2.980067,2.022028,0.996261,1.934904,2.841326,2.703571,3.115849,2.853819,0.085789,0.699191,-0.000229,0.195647,0.096098,0.000737,0.454024,-0.000551,0.297129,2.925676,2.715624,0.946614,0.620583,2.995586,0.012657,0.040041
8.836439,56.680433,-2.048834,1.078125,1.757038,3.275961,2.882093,3.917722,2.990588,1.564378,2.955738,2.039782,1.076152,2.037809,2.866641,2.753215,3.164508,2.888997,0.088688,0.691137,-0.000229,0.195325,0.096098,-0.000551,0.450158,0.000093,0.460145,2.917299,2.703381,1.113173,0.695970,2.962725,0.012657,0.129281
8.731712,60.229004,-1.946914,1.229689,1.994740,3.386428,2.987958,3.948297,2.985985,1.562406,2.992232,1.966794,1.038015,2.082522,2.891956,2.781818,3.188179,2.931080,0.104797,0.695003,-0.000551,0.187593,0.099642,-0.000551,0.529410,0.000415,0.476253,2.932441,2.695650,1.219810,0.702735,2.920199,0.012657,0.036498
9.104789,60.382397,-1.973216,1.228702,2.039124,3.389716,2.964615,3.944681,2.991245,1.640324,2.993547,2.073974,1.090289,2.112440,2.915299,2.791024,3.185878,2.969875,0.123160,0.758147,-0.000229,0.194036,0.106085,0.000093,0.542619,-0.000229,0.416975,2.917299,2.717879,1.326769,0.718843,2.949838,0.012013,0.103830
9.116828,61.214519,-1.970257,1.215223,1.988493,3.358482,2.954752,3.942708,2.953765,1.643941,2.993547,1.951342,1.090289,2.120331,2.937656,2.800887,3.192782,2.978094,0.143134,0.770712,0.000093,0.213044,0.103830,0.000415,0.538109,0.000415,0.644745,2.982055,2.729477,1.333212,0.802928,3.042300,0.012657,0.385080
9.158925,60.905833,-1.869324,1.381581,2.013151,3.361113,3.092178,3.948297,2.977108,1.769203,2.967574,1.922410,1.101468,2.125591,2.996506,2.833764,3.226974,3.008670,0.193392,0.850287,0.000093,0.248160,0.142168,0.000093,0.607052,0.003315,0.724964,3.063885,2.761049,1.465300,1.023611,3.154735,0.011691,0.810016
9.348239,61.648140,-1.701649,1.536761,2.034521,3.333167,3.082315,3.939749,2.893929,1.675832,2.909710,1.939178,1.131715,2.118029,3.012287,2.843956,3.265440,3.005711,0.228508,0.870583,0.000415,0.277477,0.177928,0.000415,0.645390,0.079668,0.826446,3.158924,2.759438,1.525223,1.152478,3.163434,0.013624,1.316460
7.836177,65.966143,-1.761486,1.560762,2.076275,3.324290,3.138863,3.923639,2.871901,1.827067,2.961985,1.961863,1.185304,2.122303,3.027410,2.854805,3.288454,2.986642,0.312271,1.032310,-0.000229,0.312593,0.231085,0.048096,0.678250,0.203057,0.885403,3.198872,2.773936,1.774579,1.358019,3.200805,0.012980,1.986241
6.034875,62.914387,-1.735513,1.602844,2.121974,3.363414,3.193439,3.941064,2.872230,1.770189,2.969546,2.133810,1.019932,2.123290,3.048780,2.870915,3.345989,2.989273,0.331601,1.077091,-0.002484,0.281665,0.243650,0.056794,0.719165,0.264913,0.983985,3.215625,2.812596,1.973355,1.539720,3.242042,0.012980,2.218845
-5.508809,24.400532,-1.668443,1.867505,2.433321,3.529114,3.320016,4.008134,2.845600,1.593968,3.094151,2.556610,0.458390,2.122961,3.143137,2.938313,3.566594,3.136562,0.329346,1.034887,-0.000229,0.227541,0.283920,0.085145,0.753315,0.447258,1.116073,3.264594,2.718201,2.019746,1.540365,3.200161,0.013946,2.581925
-15.953313,-20.708050,-1.764774,2.000000,2.637159,3.614266,3.731309,4.141614,2.734146,1.415445,3.286810,2.508938,1.063330,2.068713,3.112562,2.913984,3.738213,3.274975,0.260080,0.606730,0.086111,0.258791,0.526511,0.204346,0.664397,0.664720,1.745262,3.353189,2.555830,1.719488,1.385081,3.178576,1.240751,2.444683
-17.702867,-37.661088,-1.350847,2.224551,2.748283,3.372620,3.819419,4.330329,2.706858,1.362841,3.094479,2.855463,2.514856,2.049974,3.032670,2.906422,3.893393,3.567909,0.469165,0.820003,0.310016,0.783598,0.869294,0.349642,0.664720,0.771356,2.939851,3.779737,2.750418,2.079991,2.087723,3.317429,3.262661,3.265560
-18.052947,-46.262031,-1.089472,2.200222,2.750585,3.369661,3.939092,4.409563,2.786421,1.383225,2.892943,2.865655,2.550035,2.135454,3.040232,2.985985,3.983147,3.752679,0.553895,0.857052,0.341266,0.902800,0.959501,0.370905,0.718843,0.853830,3.085792,3.864144,2.732376,2.227865,2.146035,3.337403,3.289401,3.348679
-19.524201,-57.204482,-1.015827,2.226195,2.793654,3.388401,4.049559,4.445727,2.975793,1.852382,2.896559,3.008013,2.630912,2.147619,3.115192,3.161549,4.064682,3.805939,0.653122,0.888302,0.521678,0.853508,0.959823,0.379603,0.750093,0.882181,3.380251,3.988822,2.751384,2.162144,2.123806,3.321295,3.313885,3.358988
-21.168438,-64.102035,-1.086513,2.285045,2.977766,3.497881,4.158053,4.489125,3.164836,2.189373,3.049438,3.031355,2.751900,2.177208,3.153987,3.368017,4.122217,3.884516,0.857696,0.974320,0.713689,0.987851,0.998483,0.455634,0.913753,0.970776,3.724002,4.133475,2.834503,2.240752,2.327737,3.407635,3.434053,3.507185
-21.321831,-64.077978,-1.051335,2.310689,3.043520,3.504785,4.219533,4.495372,3.217768,2.302799,3.068178,3.027739,2.730530,2.189701,3.140836,3.449223,4.132409,3.876296,0.992684,1.008148,0.757181,1.007503,1.011047,0.484307,0.949514,1.007503,3.912147,4.310666,2.914400,2.243329,2.396680,3.447906,3.474324,3.547455
-22.388694,-64.898383,-1.113802,2.263017,3.007355,3.495251,4.232355,4.488796,3.191138,2.235401,3.074424,3.030040,2.725598,2.156167,3.139521,3.478484,4.132080,3.857228,1.146356,0.986563,0.775866,1.027800,1.000093,0.480763,0.955312,1.008148,4.010407,4.411182,3.014593,2.180507,2.360597,3.445329,3.466270,3.537146
-22.597826,-66.339732,-1.101308,2.249538,2.981382,3.489333,4.233341,4.485837,3.134261,2.168002,3.058972,3.064890,2.691406,2.131509,3.138863,3.476182,4.128792,3.832899,1.163109,0.958856,0.788109,1.022967,0.996872,0.464977,0.933727,1.008470,4.066464,4.426968,3.017171,2.127350,2.355121,3.435342,3.455316,3.527803
-22.677087,-67.287387,-1.260435,2.244606,2.926806,3.467306,4.239588,4.490769,3.092507,2.024329,3.049766,3.056342,2.627296,2.109481,3.111575,3.478155,4.127149,3.814159,1.167297,0.932439,0.785209,1.011369,0.984307,0.423418,0.920196,0.999771,4.073230,4.427612,3.013305,2.144102,2.312595,3.414401,3.445973,3.501063
-22.349801,-68.120995,-1.250900,2.235401,2.948834,3.454483,4.253396,4.486166,3.058315,2.003617,3.029054,3.051739,2.631899,2.082522,3.103685,3.495909,4.121888,3.793775,1.169230,0.931150,0.782310,1.004604,0.967877,0.427284,0.915042,0.985596,4.083217,4.433411,3.005573,2.103832,2.307118,3.394749,3.434053,3.483989
-22.682374,-70.996135,-1.189748,2.204825,2.947519,3.447251,4.284630,4.481235,3.052068,2.088440,3.032999,3.045164,2.637816,2.083508,3.115521,3.486045,4.121231,3.775364,1.177929,0.938882,0.794552,1.014269,0.953057,0.438882,0.908921,0.977864,4.103836,4.438566,3.002673,2.096744,2.323548,3.397970,3.433086,3.482056
-23.179895,-72.308366,-1.157528,2.174578,2.970204,3.448566,4.295808,4.491098,3.032342,2.086796,3.029054,3.027739,2.615131,2.075946,3.148727,3.500183,4.122546,3.776021,1.160854,0.926640,0.790042,1.015235,0.958534,0.471098,0.895390,0.973676,4.077740,4.415048,2.945650,2.091589,2.333858,3.406025,3.414079,3.463048
-23.925437,-72.264664,-1.245311,2.142358,2.884723,3.416017,4.281342,4.483865,2.999465,1.980932,2.997492,3.006697,2.580939,2.029590,3.138863,3.478484,4.120244,3.748733,1.158921,0.906666,0.789075,1.013302,0.950802,0.464011,0.880570,0.971099,4.079029,4.412793,2.948872,2.084180,2.312273,3.399903,3.416012,3.443074
-25.065509,-74.765779,-1.238736,2.179181,2.874860,3.397935,4.265890,4.481563,2.953108,1.873423,2.956067,2.954423,2.541486,2.003288,3.117493,3.467634,4.107094,3.734267,1.167619,0.906021,0.784565,1.013947,0.931150,0.463366,0.886047,0.969810,4.089016,4.429545,2.988820,2.048419,2.336757,3.399259,3.428254,3.465625
-24.342760,-73.766359,-1.268325,2.167674,2.836723,3.404182,4.248794,4.488139,3.008670,1.884273,2.960012,2.943573,2.519788,1.980274,3.105986,3.500840,4.100518,3.767145,1.190493,0.896034,0.779410,1.012658,0.938882,0.419230,0.887658,0.955312,4.102547,4.460795,3.025869,2.029411,2.327092,3.425677,3.427932,3.455638
-24.561918,-73.591759,-1.245311,2.100276,2.772284,3.363085,4.175807,4.472029,3.026095,1.745202,2.916943,2.903792,2.444499,1.886574,3.066205,3.491635,4.065997,3.747418,1.185661,0.878959,0.755248,0.991073,0.914720,0.376060,0.838367,0.926640,4.080317,4.452097,3.013949,1.948548,2.285855,3.411824,3.416012,3.409568
-24.800251,-73.181384,-1.172981,2.093700,2.682200,3.327578,4.145231,4.464139,2.890313,1.336868,2.790695,2.784448,2.322854,1.693257,2.989601,3.458429,4.044627,3.698103,1.168586,0.859307,0.743328,0.951447,0.903122,0.349642,0.772645,0.887013,4.024905,4.437277,2.990109,1.927607,2.225610,3.381540,3.377352,3.359955
-24.973613,-72.982119,-1.170679,2.080878,2.635515,3.266098,4.129121,4.446714,2.777215,1.248757,2.720995,2.736776,2.147619,1.595940,2.951464,3.426209,4.023915,3.645828,1.154733,0.846743,0.733019,0.933405,0.874127,0.326446,0.727220,0.857052,4.008152,4.414726,2.963691,1.860597,2.175352,3.351901,3.352545,3.309697
-25.224554,-74.025581,-1.156871,2.061809,2.491184,3.205275,4.103477,4.441782,2.605597,1.120536,2.641762,2.625652,1.986521,1.483829,2.890641,3.418647,3.997942,3.585663,1.145068,0.823547,0.733985,0.891202,0.854475,0.289719,0.693714,0.799062,4.003320,4.400228,2.946939,1.744617,2.110919,3.329671,3.304865,3.261372
-25.191218,-74.975823,-1.171995,1.947068,2.443184,3.061273,4.102162,4.445727,2.435293,1.057083,2.571405,2.518472,1.860601,1.353964,2.827846,3.385113,3.979530,3.539306,1.143779,0.810338,0.712722,0.872516,0.827735,0.262980,0.675029,0.765235,3.989789,4.394429,2.955959,1.696615,2.017491,3.320973,3.292944,3.200805
-25.628492,-73.861626,-1.203557,1.806683,2.331402,3.007355,4.114984,4.447042,2.237044,0.978178,2.490198,2.473760,1.755066,1.118564,2.822586,3.367359,3.958818,3.502155,1.150222,0.799385,0.703379,0.844166,0.798418,0.225931,0.667297,0.750093,3.996554,4.404416,2.963691,1.548419,1.911499,3.307764,3.271681,3.148936
-27.952695,-73.823007,-1.206845,1.738956,2.189701,2.947190,4.078819,4.440467,1.967781,0.809518,2.385320,2.442526,1.591337,1.025850,2.797599,3.309496,3.937448,3.488018,1.124771,0.762658,0.681150,0.808727,0.785531,0.178895,0.642490,0.727542,3.959827,4.374133,2.933730,1.377671,1.893780,3.291334,3.255573,3.098679
-28.697983,-75.376476,-1.236105,1.654133,2.179509,2.890970,4.082436,4.430275,1.770847,0.654009,2.325484,2.410636,1.500596,0.937739,2.772284,3.256892,3.920352,3.458100,1.173418,0.779410,0.669874,0.813882,0.760080,0.199835,0.661498,0.742039,4.019428,4.441143,3.021037,1.179862,1.910210,3.323228,3.269426,3.127351
-29.246796,-73.841742,-1.232818,1.472651,2.017754,2.754201,4.030819,4.412522,1.391444,0.286442,2.164715,2.286360,1.187935,0.747709,2.718694,3.213166,3.875639,3.426867,1.188238,0.754281,0.636047,0.803251,0.690815,0.151511,0.643134,0.728186,3.990755,4.442432,3.013305,1.045841,1.678573,3.295200,3.237210,3.081282
-30.117757,-72.615151,-1.447836,1.263223,1.847122,2.559569,3.986106,4.390494,1.292484,0.074384,1.939506,2.197263,0.950233,0.632968,2.646364,3.174699,3.841775,3.379195,1.182439,0.705312,0.611884,0.783598,0.685016,0.126059,0.629604,0.694359,3.985279,4.428257,3.002029,0.792941,1.651834,3.292944,3.197583,3.007184
-29.848728,-71.797717,-1.668114,1.189907,1.742901,2.460938,3.951914,4.384247,1.161304,0.070767,1.905643,2.176222,0.898944,0.579707,2.600336,3.133274,3.810213,3.375907,1.171485,0.727864,0.597065,0.776189,0.689526,0.109307,0.604797,0.665042,3.974003,4.428257,3.000740,1.009758,1.652800,3.296488,3.209181,2.982699
-31.416767,-73.083192,-1.758198,1.111988,1.584762,2.373813,3.931859,4.378658,0.345292,0.067479,1.839231,2.124605,0.814450,0.494883,2.623350,3.119466,3.773720,3.354537,1.182761,0.751382,0.583534,0.778444,0.679217,0.097387,0.614140,0.655699,3.978835,4.435989,3.035534,0.716910,1.607375,3.285857,3.212403,2.987854
-30.743860,-71.170412,-1.617154,0.954507,1.549583,2.284059,3.888790,4.364521,0.064192,0.062548,1.681421,2.076604,0.735545,0.343648,2.512555,3.103685,3.739528,3.313441,1.221743,0.740428,0.539397,0.776189,0.643134,0.108663,0.587400,0.642490,3.957572,4.437599,3.039722,0.640557,1.497839,3.278125,3.187596,2.969812
-31.110365,-69.758767,-1.241037,0.661900,1.365471,2.001644,3.794433,4.298438,0.057945,0.056301,1.298731,1.860930,0.431102,0.000410,2.402745,3.065547,3.624129,3.118151,1.140235,0.685660,0.519101,0.752671,0.640557,0.087722,0.466266,0.559372,3.882185,4.393140,3.007506,0.512335,1.342555,3.288112,3.118009,2.812273
-31.276230,-67.446687,-0.861304,0.351868,1.081084,1.843834,3.696130,4.230383,0.052356,0.050712,0.912753,1.482185,0.194057,0.001725,2.296552,3.018862,3.506758,2.945546,1.040686,0.599320,0.519745,0.718521,0.678250,0.054539,0.372838,0.495905,3.731734,4.316465,2.930830,0.461755,1.151833,3.253640,3.012983,2.643781
-31.302295,-68.000563,-0.749850,0.047753,0.956151,1.767888,3.655034,4.210985,0.049397,0.048082,0.798669,1.296429,0.000739,0.000081,2.227181,3.004067,3.447579,2.881107,1.050996,0.570647,0.507181,0.705957,0.636047,0.037786,0.362206,0.459823,3.727546,4.317109,2.946939,0.065815,0.997194,3.234955,2.946294,2.580636
-31.176463,-68.751032,-0.639711,0.046109,0.812477,1.614680,3.621828,4.195204,0.047096,0.038547,0.683927,1.165578,0.000410,0.001067,2.178523,2.979409,3.403853,2.835408,0.994617,0.536820,0.520067,0.689204,0.653766,0.028443,0.310982,0.392490,3.634762,4.258797,2.925676,0.013946,0.951769,3.213370,2.887660,2.497840
-32.346188,-69.603505,-0.594669,0.045452,0.732914,1.515391,3.570868,4.176135,0.043808,0.043479,0.641187,1.109358,0.000739,0.000410,2.106522,2.952121,3.377551,2.821271,0.911820,0.482374,0.529088,0.655699,0.688882,0.002670,0.260402,0.336755,3.529736,4.207895,2.884761,0.222709,0.904733,3.172777,2.827415,2.492041
-34.180838,-74.896062,-0.603217,0.041835,0.749682,1.635722,3.593882,4.189615,0.046767,0.038876,0.652365,1.115276,0.000739,0.000410,2.057535,2.934697,3.363085,2.834421,0.926640,0.493006,0.549384,0.685016,0.696936,0.024577,0.270067,0.314204,3.534569,4.210150,2.908601,0.196291,0.857052,3.173099,2.852866,2.559374
-34.484266,-77.237457,-0.575929,0.043808,0.736531,1.653804,3.589937,4.192903,0.046109,0.044465,0.621461,1.107714,0.001396,0.000410,2.020055,2.928121,3.319359,2.809106,0.900867,0.510402,0.494294,0.725609,0.683727,0.022967,0.222387,0.276511,3.463692,4.178900,2.901513,0.220776,0.856408,3.190496,2.843523,2.559051
-35.409210,-79.292582,-0.540750,0.043808,0.715818,1.586406,3.574814,4.188629,0.044137,0.043479,0.585625,1.039987,0.000739,0.000081,1.977644,2.891299,3.290427,2.749927,0.882825,0.483985,0.506536,0.731408,0.681472,0.018134,0.205634,0.245261,3.414401,4.150550,2.899902,0.194036,0.811305,3.172454,2.770070,2.499773
-36.812802,-82.129396,-0.453625,0.041835,0.649406,1.496651,3.503799,4.152135,0.043479,0.044794,0.494226,0.783545,-0.003207,-0.002878,1.664982,2.830476,3.263796,2.664118,0.773611,0.431794,0.524256,0.727864,0.692426,0.047773,0.148611,0.206601,3.255895,4.035536,2.845134,0.476575,0.777155,3.167300,2.676320,2.418265
-37.230430,-82.274295,-0.307321,0.037232,0.519870,1.336868,3.358154,4.111368,0.043479,0.038876,0.346278,0.604036,0.000410,-0.000905,1.292813,2.783791,3.222700,2.537541,0.618328,0.395712,0.486240,0.728186,0.675351,0.065492,0.089333,0.151833,3.145393,3.916657,2.787467,0.510725,0.599642,3.149581,2.654412,2.332569
-37.030397,-81.275091,-0.215265,0.037232,0.252578,1.306621,3.282536,4.085723,0.037232,0.036575,0.251592,0.469568,0.000739,0.000739,1.134016,2.781161,3.181604,2.457979,0.596743,0.391524,0.489462,0.723998,0.657632,0.064204,0.000093,0.120583,3.106411,3.878319,2.779735,0.509436,0.581601,3.149903,2.585469,2.284566
-35.986341,-79.047199,-0.048248,0.034273,0.199646,1.269470,3.193768,4.049230,0.035589,0.035589,0.084247,0.447869,0.001396,0.001067,1.122509,2.734146,3.166809,2.351457,0.580957,0.386047,0.514591,0.706279,0.652155,0.058405,0.000093,0.104152,3.065496,3.824196,2.743652,0.522000,0.516201,3.139594,2.522647,2.215301
-36.606289,-77.670518,-0.003207,0.031643,0.166111,1.237579,3.107959,4.029832,0.034602,0.032958,0.032630,0.305839,0.002054,0.002054,1.162948,2.678255,3.116507,2.189044,0.541330,0.369938,0.518134,0.701769,0.659887,0.061626,0.000093,0.085145,3.015238,3.773938,2.708536,0.625415,0.554861,3.121874,2.476899,2.170520
-37.436775,-79.826682,-0.000248,0.031314,0.090165,1.161304,2.985656,3.993339,0.032301,0.030657,0.031314,0.097398,0.001396,0.001067,1.119221,2.582912,3.081657,2.120659,0.500093,0.367683,0.514591,0.729475,0.641201,0.071291,-0.000551,0.079668,2.936951,3.666334,2.669232,0.702735,0.755892,3.136694,2.470778,2.208858
-39.282660,-79.682482,-0.103153,0.033945,0.434061,1.256319,3.045821,4.032791,0.036246,0.033945,0.131261,0.041506,-0.001234,0.000739,1.120208,2.539185,3.085274,2.194962,0.410209,0.374127,0.526833,0.765235,0.659243,0.149900,-0.000551,0.084822,2.821616,3.614144,2.517814,1.167297,0.913109,3.148292,2.564528,2.351255
-40.084383,-79.040830,-0.507215,0.037232,0.579378,1.489089,2.985985,4.047257,0.037561,0.036575,0.543542,0.118439,0.000081,-0.000576,1.068262,2.466855,3.053383,2.267949,0.391201,0.377670,0.512980,0.797452,0.659243,0.170518,0.000415,0.075480,2.637660,3.509118,2.463046,1.282954,0.900544,3.129284,2.614786,2.348999
-37.446027,-68.108072,-0.630834,0.038876,0.710229,1.760655,2.930094,4.048244,0.040520,0.039534,0.672092,0.272962,-0.000905,0.000410,1.265854,2.419841,3.016232,2.280113,0.331923,0.355441,0.502348,0.865106,0.673740,0.158598,0.000415,0.057760,2.585147,3.404736,2.185662,1.572581,1.089655,3.119297,2.567750,2.307762
-18.594003,-34.456936,-0.690999,0.042821,0.697407,1.694572,2.406690,3.831584,0.036904,0.035260,0.726010,0.035260,0.000739,-0.001234,1.111988,2.037151,2.766695,1.785313,0.186949,0.318070,0.426317,0.778122,0.648933,0.084500,-0.000229,0.000737,2.377994,3.187918,1.451125,1.570648,0.860918,3.075805,2.352543,2.189528
3.317182,15.835228,-0.463817,0.026054,0.104302,1.145852,1.601201,3.354208,0.025725,0.024739,0.490938,0.025725,0.000081,0.001067,1.327334,1.649201,2.342580,1.256977,0.141846,0.151511,0.316137,0.556150,0.642168,0.084500,-0.000229,0.001059,2.061628,3.174387,2.218523,1.132181,0.398611,2.987531,2.182762,2.179540
14.207587,26.040072,-0.601244,0.022109,0.019150,1.159660,1.058399,3.054040,0.023753,0.022438,0.623105,0.021451,0.000739,0.125343,1.639338,1.519008,2.208441,1.139276,0.217877,0.140879,-0.000229,0.000415,0.250737,0.000415,0.020067,-0.000551,2.079669,3.498808,2.898292,0.012013,0.000737,2.652801,0.504603,1.060016
16.777022,30.392076,-1.145693,0.027369,0.059260,1.533145,1.152756,3.199028,0.027040,0.026383,1.173469,0.027369,0.001067,0.319648,1.737641,1.598242,2.195619,1.255990,0.204668,0.149578,-0.000229,-0.000229,0.213044,-0.000229,0.179217,-0.000229,1.824192,3.425032,2.790366,0.011369,-0.000229,2.090623,0.008791,0.361562
18.953968,36.186765,-1.273914,0.029342,0.273948,1.767559,1.223113,3.194754,0.030328,0.029671,1.303005,0.029999,-0.000248,0.362717,1.806354,1.604159,2.177866,1.219168,0.205634,0.228830,0.000415,0.000093,0.195969,0.000093,0.270712,0.000415,1.558406,3.397970,2.706603,0.010080,-0.000874,1.686950,0.007181,0.058083
19.761857,37.607768,-1.695731,0.037890,0.496856,2.002302,1.282621,3.240782,0.033945,0.031972,1.725147,0.032301,0.000410,0.383758,1.856656,1.646900,2.202523,1.253031,0.155054,0.204023,-0.000229,-0.000229,0.131858,0.000415,0.292619,0.000415,1.427929,3.349646,2.708214,0.011047,-0.000874,1.329991,0.006214,-0.000874
19.030625,38.985905,-1.722691,0.032958,0.484363,2.017754,1.302347,3.248673,0.033945,0.033287,1.755066,0.034602,0.000739,0.436033,1.872108,1.670243,2.225537,1.262895,0.135402,0.199513,-0.000551,0.063559,0.109307,-0.000229,0.348031,0.000737,1.267168,3.278125,2.700482,0.010080,0.000093,1.351576,0.006214,0.001704
17.797707,38.071626,-1.747677,0.032630,0.473513,2.022685,1.317471,3.284509,0.035260,0.033616,1.780381,0.032958,-0.003535,0.400526,1.830683,1.656763,2.210085,1.290183,0.106085,0.193714,0.000415,0.047129,0.102219,-0.000874,0.347709,0.000737,1.077091,3.221101,2.679541,0.011691,0.000737,1.369939,0.005892,0.000093
17.846892,39.219382,-1.796007,0.034602,0.513295,2.049645,1.350019,3.275303,0.033945,0.033287,1.828382,0.034602,0.000410,0.462335,1.903670,1.764271,2.296223,1.357581,0.066137,0.118328,0.000415,0.001382,0.000737,-0.000229,0.287786,-0.000229,0.945970,3.125740,2.668910,0.010402,-0.000551,1.299707,0.005892,0.000093
18.296862,40.135472,-1.892338,0.034602,0.539596,2.150249,1.380924,3.328893,0.036246,0.032958,1.927999,0.035589,0.000410,0.514281,2.061152,1.863889,2.338635,1.477582,0.045518,0.103830,0.000093,-0.000229,0.000093,0.000093,0.263946,0.000415,0.848354,3.054864,2.659889,0.010402,-0.000229,1.442104,0.005892,0.000093
18.710945,42.575451,-1.968285,0.037561,0.575104,2.204825,1.451609,3.458757,0.036904,0.036575,2.004274,0.036904,0.000081,0.649406,2.099947,1.939178,2.409320,1.637365,0.035853,0.110596,0.000093,0.000093,0.000093,-0.000551,0.250093,0.000415,0.744294,2.969812,2.654090,0.010402,-0.000229,1.656344,0.006858,-0.001840
19.050923,44.143293,-2.099137,0.039205,0.776641,2.263346,1.661695,3.521553,0.040191,0.038876,2.137427,0.039534,0.000739,0.791436,2.171948,2.020713,2.471787,1.745531,0.024577,0.115428,0.000093,0.000093,-0.000551,-0.000229,0.227219,0.000415,0.697903,2.952093,2.648613,0.010724,-0.000229,1.984953,0.007825,-0.001518
19.315785,48.355053,-2.152070,0.039863,0.837135,2.346196,1.768216,3.544567,0.202934,0.041506,2.194304,0.041178,-0.000248,0.835162,2.276826,2.035179,2.495130,1.793861,0.019745,0.111240,0.000415,-0.000229,0.000737,0.000093,0.189204,0.000093,0.698225,2.926964,2.678897,0.011691,0.000093,2.281667,0.008469,-0.000551
18.482250,49.433107,-2.161275,0.042821,0.879547,2.367567,1.815231,3.567909,0.347922,0.041178,2.202523,0.042164,0.000739,0.780258,2.278798,2.042412,2.500390,1.784984,0.015557,0.120583,0.000093,0.000093,-0.002162,0.000737,0.168263,0.000737,0.536176,2.933730,2.661822,0.011369,-0.000229,2.608665,0.011047,-0.000229
18.821103,49.831806,-2.128727,0.040520,0.885136,2.328114,1.827724,3.552457,0.221345,0.042164,2.171290,0.041835,-0.000248,0.790778,2.291949,2.067398,2.542473,1.767230,0.016201,0.109307,-0.000229,-0.000229,0.000093,0.000415,0.157632,-0.000551,0.613173,2.933085,2.671809,0.011047,0.000093,2.691461,0.011047,-0.000551
18.501645,51.599887,-1.949545,0.039534,0.841738,2.288661,1.881971,3.527799,0.222660,0.039863,1.987507,0.039534,0.000410,0.790778,2.247565,2.062796,2.566144,1.764271,0.016846,0.123804,0.000093,0.002348,0.000415,0.000093,0.152155,-0.000551,0.698225,2.945006,2.683729,0.010402,0.000415,2.733987,0.010724,-0.000229
17.863515,50.031159,-2.077438,0.042493,0.962397,2.291949,1.908931,3.516621,0.474171,0.041178,2.120988,0.043479,0.001067,0.829245,2.277812,2.050631,2.560226,1.761312,0.013302,0.077413,0.000093,0.000093,0.000415,0.000737,0.150866,-0.000551,0.674384,2.914722,2.676964,0.014268,0.000415,2.685340,0.010724,0.001704
17.911674,51.142183,-1.998203,0.040520,0.929520,2.220277,1.775121,3.485059,0.428471,0.043479,2.040439,0.041178,0.005013,0.817738,2.250195,2.024001,2.524062,1.737969,0.019101,0.156343,0.000737,0.000415,0.000093,0.000415,0.151833,0.000415,0.664720,2.921165,2.689206,0.011691,-0.000551,2.669876,0.009758,0.000093
17.252422,52.499591,-2.079739,0.042821,0.958452,2.222907,1.843505,3.517607,0.626721,0.041835,2.113755,0.042821,0.005013,0.824971,2.277812,1.993096,2.487897,1.725805,0.016846,0.124771,-0.000229,0.000093,0.001059,0.000093,0.150222,-0.000229,0.630570,2.898292,2.691139,0.010724,-0.002484,2.787145,0.010724,0.000415
16.672294,53.929825,-2.136288,0.042164,0.894999,2.244277,1.768545,3.511032,0.762504,0.043150,2.180496,0.042821,0.014218,0.838450,2.208112,1.927013,2.408334,1.753751,0.013946,0.172129,-0.000229,0.039719,-0.000229,-0.000229,0.142812,0.000093,0.566781,2.849322,2.693394,0.010724,-0.001196,2.906668,0.012013,-0.000229
16.642400,55.016721,-2.152398,0.044137,0.838450,2.180496,1.748819,3.548512,1.072207,0.043150,2.195619,0.043479,0.076028,0.813464,2.178523,1.962849,2.360662,1.829697,-0.000229,0.229797,-0.000229,0.103186,0.000415,0.000093,0.116072,-0.000874,0.380570,2.684052,2.663111,0.010724,-0.000551,2.859632,0.011369,0.000415
16.679290,57.128046,-2.230976,0.045780,0.876916,2.282744,1.760655,3.576457,1.121523,0.045780,2.277483,0.045452,0.054657,0.867053,2.168660,1.937205,2.308716,1.918794,0.000415,0.232696,-0.000229,0.108663,-0.000229,-0.000229,0.090943,0.000093,0.380892,2.640559,2.639915,0.010080,-0.001196,2.792621,0.012657,-0.000229
16.272079,58.867083,-2.263853,0.047096,0.852916,2.339950,1.808655,3.595855,1.559775,0.044794,2.312991,0.047753,0.298278,0.932479,2.176879,1.921753,2.330087,1.986521,0.000415,0.292941,-0.000229,0.118005,0.000093,0.000093,0.108985,0.000415,0.220776,2.579992,2.631861,0.010402,-0.000551,2.850611,0.012657,0.000093
15.007013,58.004493,-2.313827,0.049068,0.957794,2.342580,1.831012,3.594869,1.864546,0.377512,2.357375,0.052685,0.384087,0.953520,2.293264,1.964164,2.337648,2.001315,-0.000229,0.319681,0.000415,0.142168,0.015235,-0.000229,0.138946,-0.000229,0.239462,2.647325,2.624773,0.010080,0.000093,2.876707,0.012335,0.000093
15.205587,60.295881,-2.316457,0.052685,1.015329,2.322525,1.912876,3.624787,1.954959,0.582008,2.370854,0.613241,0.451157,0.991658,2.365923,2.004932,2.371512,2.023672,0.015557,0.389591,-0.000551,0.147967,0.036498,-0.000229,0.140235,0.000093,0.267490,2.680186,2.635727,0.010724,0.070003,2.938884,0.012335,0.000415
15.346090,62.509106,-2.431199,0.055315,1.110673,2.456006,2.040110,3.658650,2.048001,0.728312,2.487897,0.622776,0.422554,1.078125,2.413594,2.069700,2.376443,2.057206,0.017490,0.396034,0.000093,0.152477,0.043263,-0.000551,0.140235,0.000415,0.332889,2.684374,2.641204,0.043263,0.162786,3.011372,0.012335,0.000093
15.416137,65.183639,-2.438761,0.058603,1.227716,2.635515,2.190030,3.667856,2.111783,0.841738,2.496774,0.653023,0.427156,1.234291,2.482965,2.131838,2.479020,2.120002,0.020712,0.391846,0.000093,0.152155,0.045840,0.000093,0.143134,0.000093,0.364139,2.679219,2.652157,0.030699,0.168585,3.021359,0.013302,-0.000874
14.837016,64.509377,-2.517667,0.063205,1.272100,2.709160,2.360662,3.742158,2.233099,0.981466,2.577323,0.704640,0.402827,1.368430,2.521431,2.182140,2.518144,2.184441,0.027799,0.418585,-0.000551,0.138946,0.055183,0.001704,0.145067,0.000737,0.367039,2.717879,2.651835,0.207889,0.205634,3.030057,0.012657,0.000093
15.058438,66.301208,-2.614327,0.061562,1.258621,2.626967,2.296223,3.769117,2.375128,1.060371,2.678584,0.784203,0.400855,1.371718,2.549706,2.217318,2.523404,2.210743,0.037142,0.475286,-0.000229,0.156665,0.062271,0.000093,0.146678,0.000737,0.121227,2.761371,2.658600,0.321614,0.224642,3.057119,0.013302,0.000093
15.568958,69.050814,-2.637670,0.063534,1.243168,2.751242,2.340279,3.782597,2.483294,1.132372,2.703571,0.863766,0.448855,1.335553,2.573706,2.233757,2.552665,2.269264,0.034565,0.490428,-0.000229,0.158276,0.056794,0.000415,0.203057,-0.000229,0.027155,2.739786,2.641848,0.375415,0.239462,3.009117,0.012335,-0.000551
14.666382,70.967741,-2.621560,0.063534,1.382896,2.918258,2.492500,3.845392,2.612830,1.221141,2.689762,1.111988,0.522171,1.370732,2.685817,2.496774,2.751900,2.327128,0.058083,0.575480,0.001704,0.165041,0.083212,0.000093,0.256536,0.000415,0.068392,2.818395,2.712724,0.536176,0.511047,3.137338,0.011369,-0.000229
13.756071,67.537708,-2.489721,0.410718,1.560762,3.129329,2.842970,3.914763,2.856449,1.237579,2.829490,1.165907,0.554720,1.680763,2.763407,2.688776,2.912011,2.606583,0.070325,0.622838,-0.002162,0.171485,0.091266,-0.000229,0.348998,-0.000229,0.080634,2.846101,2.737853,0.725287,0.718843,3.150869,0.013302,0.000415
13.320962,68.122449,-2.331909,0.995932,1.869478,3.222371,3.038588,3.971311,2.819627,1.213579,2.948834,1.399335,0.615543,1.759340,2.800229,2.736448,3.063246,2.720667,0.088044,0.653444,0.001059,0.178572,0.118972,0.000093,0.375415,0.000415,0.222387,2.887660,2.738175,1.075802,0.830312,3.156346,0.013624,0.254281
13.474836,68.932610,-2.111302,1.109687,2.066083,3.288783,3.038917,3.968681,2.924176,1.474295,2.993218,1.438459,0.694777,1.849423,2.828832,2.779845,3.087575,2.822586,0.106407,0.679539,0.000093,0.205312,0.131858,0.000093,0.418263,0.000415,0.247516,2.886371,2.755250,1.367040,0.909243,3.173421,0.013302,0.368328
13.502314,67.965459,-2.103082,1.038015,2.033864,3.361113,2.922861,3.895365,3.010643,1.571940,2.996506,1.812272,0.783216,1.942794,2.799243,2.792339,3.106644,2.822914,0.137980,0.810016,0.000415,0.243650,0.150866,0.000415,0.460145,0.000093,0.266846,2.913756,2.796487,1.425674,1.034565,3.186308,0.013302,0.633792
12.710189,65.054864,-2.133987,1.016645,2.020713,3.374592,2.924834,3.894379,2.994862,1.836930,3.011629,1.845149,0.907821,2.073645,2.800229,2.806476,3.116507,2.851189,0.135724,0.809694,-0.000229,0.251382,0.149578,0.001382,0.489784,0.000415,0.411820,2.891526,2.761371,1.427607,1.008148,3.170199,0.013624,0.649900
11.008640,60.528688,-2.042259,1.074508,1.872108,3.315413,2.927135,3.872351,2.974149,1.707065,2.984012,1.875067,0.858505,2.015124,2.771955,2.784777,3.118151,2.850860,0.118328,0.787142,-0.000551,0.236562,0.148289,-0.000229,0.443714,0.034887,0.416975,2.910856,2.756539,1.396034,0.883470,3.119942,0.013302,0.658598
10.446472,61.009143,-2.002149,1.132701,1.868821,3.265440,2.916614,3.890762,2.986314,1.561419,2.939957,1.830354,0.985082,1.990795,2.817654,2.760448,3.114863,2.834093,0.115428,0.767812,-0.000551,0.244938,0.142812,-0.000229,0.405377,0.057760,0.316459,2.897003,2.744619,1.381215,0.789720,3.131862,0.012980,0.687915
10.226931,62.456057,-1.890694,1.191880,1.936547,3.232892,2.951464,3.909831,2.957053,1.538734,2.907737,1.872437,1.068919,2.075946,2.820284,2.766037,3.125384,2.835737,0.109307,0.735918,-0.000229,0.240750,0.140557,-0.000229,0.403121,0.076768,0.410531,2.947261,2.728833,1.376705,0.802284,3.134761,0.012657,0.714333
10.290938,63.458628,-1.917982,1.267497,2.086138,3.333496,3.030040,3.913776,2.933053,1.562406,3.007026,1.847450,1.040316,2.118687,2.833435,2.808777,3.167138,2.863682,0.144101,0.771356,0.000415,0.242361,0.148289,0.000093,0.446614,0.084822,0.533598,2.944361,2.715302,1.421486,0.835467,3.149903,0.012335,0.873805
10.516482,64.896771,-1.895954,1.332923,2.116385,3.333496,3.045164,3.922324,2.906422,1.542350,2.991245,1.897424,1.009412,2.125591,2.883408,2.819956,3.188508,2.886367,0.152477,0.780055,-0.000229,0.241072,0.148611,-0.001196,0.505248,0.079346,0.615428,2.983343,2.686629,1.400545,0.886047,3.158279,0.013302,0.881537
9.834435,65.121301,-1.848611,1.521967,2.190359,3.351907,3.106315,3.924297,2.869929,1.458514,2.984012,1.886574,0.924260,2.077590,2.909381,2.841983,3.235851,2.865655,0.173096,0.788753,0.000093,0.237529,0.161498,-0.000229,0.555506,0.108985,0.773289,3.081604,2.648291,1.454669,0.971421,3.188241,0.012657,1.145068
10.118868,63.304415,-1.866036,1.579173,2.167674,3.330208,3.108288,3.946982,2.824230,1.375992,3.000122,1.877369,0.925575,2.078577,2.928450,2.852833,3.286153,2.868942,0.182761,0.792941,-0.000229,0.251704,0.164719,0.001382,0.584500,0.146356,0.761369,3.070972,2.646036,1.479475,0.917941,3.206926,0.015879,1.308728
9.160975,62.922727,-1.831186,1.592324,2.161098,3.255577,3.170097,3.924297,2.821599,1.354951,2.928450,1.559447,0.994946,2.046357,2.919244,2.851189,3.301605,2.826860,0.188560,0.823547,-0.000229,0.264590,0.174706,0.001382,0.587722,0.211111,0.771678,3.071295,2.646358,1.544553,0.935983,3.214336,0.013302,1.653767
8.833598,66.922184,-1.779568,1.591009,2.208441,3.196727,3.162535,3.907858,2.784777,1.306950,2.933710,1.671558,0.918342,2.055891,2.899518,2.878806,3.344345,2.821271,0.207567,0.874771,0.000093,0.275544,0.174384,0.000737,0.598676,0.213044,0.815815,3.071939,2.669232,1.543908,1.024256,3.207893,0.012980,1.877994
3.247388,58.455958,-1.784171,1.742572,2.318908,3.296673,3.213166,3.905228,2.760777,1.313854,2.969875,1.890848,0.351868,2.027946,2.918587,2.884395,3.441004,2.874532,0.235918,0.876382,0.000093,0.270067,0.183727,0.002026,0.611240,0.298740,0.913431,3.142171,2.609631,1.583535,1.270712,3.277158,0.014268,2.174708
-2.161645,12.799840,-1.938366,1.769203,2.343237,3.394976,3.283194,3.957832,2.686803,1.156373,3.075411,2.278470,0.404142,1.971397,2.885052,2.878477,3.527799,2.937656,0.240750,0.999771,-0.000551,0.281987,0.241717,0.018456,0.588044,0.364139,0.974965,3.129284,2.588691,1.571937,1.122838,3.212081,0.013946,2.325481
-11.657741,-24.534424,-1.710197,1.702133,2.199893,3.158918,3.499854,4.074545,2.049974,1.007439,2.864011,1.880985,0.941356,1.756052,2.699954,2.805490,3.626759,2.995848,0.316781,0.755892,0.032632,0.263946,0.405054,0.077413,0.479475,0.550995,2.018780,3.416656,2.716268,1.355442,1.091588,3.165689,1.443393,2.298097
-14.755208,-45.292837,-1.020759,1.287881,1.505857,2.292607,3.437387,4.099532,1.484158,0.559323,1.918465,2.237373,1.666297,1.367115,2.533267,2.741708,3.661609,3.191796,0.439204,0.563238,0.173740,0.555828,0.643457,0.229152,0.408920,0.586433,2.972712,3.732378,2.767492,1.470455,1.359308,3.155702,2.623807,2.543910
-18.141390,-55.070632,-1.061527,1.691941,1.948712,2.679899,3.760569,4.259643,2.001644,0.916369,2.262689,2.570090,1.788600,1.411828,2.548062,2.922861,3.865118,3.438702,0.658598,0.610918,0.250415,0.705634,0.668586,0.365106,0.537464,0.653444,3.506218,4.169235,2.883472,1.544553,1.761692,3.288434,3.237532,2.966269
-19.304794,-60.957425,-1.167063,1.764600,2.130851,2.866970,3.950927,4.312575,2.233428,0.957794,2.390909,2.673324,1.890191,1.437144,2.577323,3.023136,3.978544,3.470264,0.862529,0.724964,0.362851,0.736885,0.724642,0.393134,0.649578,0.773611,3.728190,4.278772,2.921488,1.647968,1.917942,3.291978,3.303898,3.116720
-20.482496,-65.389115,-1.218023,1.754737,2.135454,2.880121,4.028517,4.363206,2.237373,0.937411,2.427732,2.693707,1.949369,1.397362,2.548719,3.051739,3.995969,3.478813,0.978186,0.730763,0.393134,0.768135,0.712078,0.495583,0.679861,0.807117,3.863500,4.321297,2.957570,1.550029,1.962079,3.289401,3.325161,3.195973
-21.527618,-68.386529,-1.284764,1.800107,2.195290,2.916285,4.007147,4.386549,2.311347,0.936095,2.505322,2.779188,2.061152,1.404266,2.544774,3.092178,3.999914,3.554430,1.043264,0.705312,0.403766,0.764591,0.692426,0.514591,0.677284,0.817426,3.917624,4.362857,2.971101,1.448225,2.058406,3.315174,3.321295,3.188885
-21.956617,-71.645894,-1.313696,1.825751,2.209099,2.931409,4.042983,4.408905,2.302799,0.949246,2.532610,2.792668,2.048987,1.403938,2.563514,3.123740,4.012408,3.582047,1.066782,0.699191,0.406021,0.813238,0.674062,0.527477,0.690171,0.822580,3.951451,4.378321,2.980766,1.313882,2.123162,3.320651,3.320973,3.210148
-22.581369,-73.606175,-1.322902,1.821149,2.176879,2.922203,4.041011,4.421070,2.253154,0.908150,2.535897,2.789709,2.012165,1.379280,2.516500,3.113877,4.017668,3.571526,1.064849,0.683083,0.393134,0.821936,0.674062,0.531665,0.693070,0.820647,3.958539,4.385408,2.985598,1.273934,2.127350,3.321295,3.325483,3.212081
-22.375978,-73.580850,-1.347888,1.760326,2.209428,2.934039,4.048572,4.417124,2.157810,0.869355,2.511240,2.772941,1.962192,1.355937,2.449102,3.126041,4.016353,3.530101,1.049385,0.649578,0.377026,0.806150,0.666653,0.513302,0.660854,0.797129,3.927611,4.371233,2.969168,1.266846,2.111241,3.302609,3.319684,3.174710
-23.783531,-75.774446,-1.347560,1.715613,2.172934,2.924834,4.028517,4.401015,2.147619,0.794724,2.486253,2.760777,1.949369,1.311882,2.423129,3.119795,4.014709,3.531416,1.051640,0.671485,0.377670,0.814204,0.675673,0.520067,0.685660,0.804217,3.953384,4.383153,2.987854,1.251704,2.134437,3.334182,3.318073,3.176643
-24.461700,-77.436663,-1.363012,1.685366,2.146632,2.920231,4.039367,4.423042,2.018083,0.693791,2.487568,2.744667,1.930630,1.243826,2.384991,3.135247,4.013065,3.537991,1.083534,0.677284,0.363173,0.826769,0.667619,0.520712,0.690171,0.813560,3.977224,4.402805,3.007506,1.196614,2.133149,3.327738,3.307442,3.204349
-27.021527,-80.282043,-1.356436,1.601858,2.111454,2.879792,4.053833,4.421070,1.847779,0.578392,2.411293,2.692721,1.850409,1.056426,2.292935,3.048451,3.992353,3.476840,1.062916,0.652799,0.302606,0.804539,0.647645,0.501060,0.660854,0.789720,3.965304,4.399584,3.007506,1.132825,2.105120,3.316785,3.287145,3.150547
-28.965092,-87.150209,-1.370245,1.603502,2.150906,2.881765,4.089997,4.438494,1.831341,0.578063,2.429704,2.688118,1.844491,1.170181,2.267949,3.100068,4.016682,3.482758,1.107374,0.687593,0.371227,0.827091,0.695325,0.511047,0.676962,0.810016,3.974969,4.415048,3.016526,1.102220,2.153123,3.346746,3.293267,3.202738
-30.061259,-87.275904,-1.414301,1.675503,2.187400,2.916614,4.109066,4.457234,1.768216,0.576419,2.494143,2.696995,1.892492,1.142235,2.281428,3.138863,4.025230,3.594211,1.141524,0.742361,0.399578,0.858985,0.742683,0.553895,0.698869,0.820003,4.005253,4.429867,3.019426,1.094810,2.207569,3.375741,3.314852,3.213692
-30.731351,-86.975773,-1.422520,1.611721,2.185756,2.905107,4.100189,4.452303,1.699174,0.415321,2.429047,2.658858,1.864218,1.012699,2.222578,3.105329,4.010106,3.552457,1.133470,0.736562,0.386691,0.859952,0.730119,0.554539,0.691781,0.796807,3.991400,4.422780,3.021359,1.122516,2.278445,3.385406,3.374130,3.241720
-30.891013,-85.835118,-1.479069,1.522953,2.139728,2.820284,4.071915,4.440138,1.515391,0.280524,2.346196,2.605268,1.769860,0.924917,2.201866,3.083959,3.996298,3.487689,1.121872,0.716910,0.377026,0.849964,0.721421,0.540686,0.668586,0.782310,3.959505,4.409571,3.012983,1.048096,2.237852,3.396360,3.363821,3.239143
-32.287772,-89.063459,-1.620442,1.423993,2.020713,2.715735,4.033778,4.417782,1.312868,0.077671,2.241647,2.457321,1.613365,0.748038,2.144988,3.070150,3.966708,3.425552,1.100931,0.685982,0.415042,0.839977,0.767812,0.526511,0.644101,0.751060,3.919879,4.388952,2.988176,1.087078,2.189850,3.390561,3.360921,3.219491
-32.553095,-90.074255,-1.718416,1.344101,1.988822,2.611843,4.021613,4.409563,1.238565,0.078000,2.194962,2.431019,1.485802,0.669461,2.097974,3.070150,3.958160,3.407140,1.091911,0.698547,0.398933,0.837078,0.772967,0.521356,0.638624,0.737851,3.921168,4.380576,2.966913,1.103508,2.146035,3.383473,3.350934,3.213047
-31.864049,-89.500808,-1.977819,1.220812,1.935232,2.545760,4.016682,4.410878,1.146181,0.074055,2.131180,2.399457,1.324704,0.597132,2.032549,3.066205,3.947640,3.406812,1.098032,0.695003,0.356408,0.832245,0.714655,0.487207,0.617361,0.708212,3.918590,4.382509,2.965302,1.061949,1.975288,3.347713,3.321939,3.168589
-31.149616,-86.331772,-1.907462,1.117577,1.799121,2.373156,3.993339,4.399699,0.843711,0.070767,1.978630,2.359018,1.161633,0.558336,2.074960,3.090205,3.919365,3.388072,1.104475,0.666330,0.276833,0.819037,0.690815,0.446292,0.594165,0.681150,3.902482,4.378321,2.971745,0.783598,1.892491,3.326450,3.284568,3.044877
-30.606530,-84.023619,-1.798309,1.055111,1.716271,2.352114,3.969010,4.383590,0.555706,0.067808,1.867177,2.270250,1.081741,0.509349,2.074303,3.085931,3.894050,3.348948,1.097709,0.628959,0.252993,0.795841,0.664397,0.418263,0.584178,0.671807,3.868332,4.372844,2.971101,0.769423,1.792942,3.315496,3.262983,3.023292
-30.074701,-82.086170,-1.773322,1.082399,1.629475,2.332059,3.952242,4.369781,0.557021,0.067479,1.841204,2.226852,1.044919,0.493240,2.095344,3.041547,3.880242,3.330537,1.073547,0.623160,0.268779,0.790686,0.694359,0.420518,0.580957,0.656665,3.839337,4.363501,2.956604,0.752026,1.799385,3.324517,3.249774,3.011372
-31.626236,-82.136729,-1.732554,1.063659,1.609749,2.321210,3.946325,4.368466,0.598775,0.066822,1.796162,2.196605,1.058399,0.498171,2.052932,3.055356,3.866105,3.317057,1.070648,0.609951,0.329668,0.787787,0.702413,0.428572,0.580957,0.644745,3.838049,4.361568,2.950160,0.730441,1.916654,3.339336,3.255895,2.986887
-33.463150,-82.072551,-1.666141,1.015329,1.601858,2.288004,3.920680,4.350713,0.498829,0.065178,1.732052,2.159126,1.031110,0.473513,2.024658,3.036944,3.849337,3.293386,1.057117,0.629604,0.343199,0.795519,0.733663,0.453701,0.559372,0.642168,3.801322,4.348682,2.925676,0.725287,1.924386,3.351579,3.250741,2.988498
-34.749152,-80.108771,-1.621757,1.013028,1.558460,2.220277,3.914434,4.352028,0.163481,0.063534,1.686352,2.129536,0.996261,0.386389,1.900383,3.045164,3.841775,3.291084,1.046163,0.662142,0.328701,0.803573,0.723998,0.485918,0.579668,0.647967,3.801644,4.355447,2.945650,0.687271,1.945971,3.368009,3.279413,3.012983
-35.564877,-79.119997,-1.467562,0.775655,1.429253,2.097645,3.848351,4.324411,0.061890,0.062219,1.529200,2.057206,0.857848,0.176303,1.731723,2.983684,3.805282,3.232563,1.033921,0.579024,0.304861,0.769745,0.718199,0.432116,0.525222,0.597387,3.769750,4.326774,2.906990,0.634114,1.807762,3.358344,3.223357,2.965946
-36.129991,-79.312414,-1.229530,0.507048,1.273415,1.900383,3.799035,4.306329,0.056301,0.056959,1.284265,1.950356,0.743106,0.001067,1.568323,2.978094,3.755966,3.170754,1.017490,0.562593,0.247838,0.752348,0.695647,0.402799,0.461755,0.548418,3.718847,4.310666,2.869941,0.568392,1.681151,3.339658,3.164723,2.913756
-36.488410,-77.253890,-1.166405,0.388690,1.257305,1.885259,3.788186,4.306000,0.056959,0.067479,1.222784,1.973370,0.643817,-0.002878,1.557474,2.958697,3.728350,3.161549,1.064204,0.580312,0.123804,0.752671,0.647645,0.369294,0.472065,0.536820,3.757185,4.344171,2.939851,0.365106,1.462078,3.325161,3.184052,2.915366
-37.535090,-78.556669,-1.095719,0.253893,1.179715,1.810299,3.753665,4.294164,0.054657,0.053342,1.148482,1.933588,0.564583,0.001067,1.506186,2.936998,3.679363,3.104342,1.078702,0.584500,0.093521,0.751060,0.631214,0.359307,0.457245,0.518779,3.747198,4.349648,2.948227,0.125415,1.254604,3.319040,3.183730,2.921165
-39.390882,-78.364706,-0.954675,0.171043,1.050837,1.790573,3.706979,4.271150,0.053013,0.052685,1.005795,1.826409,0.370936,-0.000248,1.304649,2.905107,3.615581,3.021492,1.064204,0.560982,0.109629,0.743650,0.614140,0.356408,0.386369,0.490106,3.700484,4.330318,2.920199,0.223031,1.257503,3.313563,3.158601,2.916655
-40.672543,-77.174709,-0.765631,0.049068,0.875601,1.621256,3.656349,4.242547,0.049068,0.047753,0.814450,1.689311,0.057945,0.001067,1.261908,2.890641,3.561663,2.965930,1.058728,0.525222,0.095454,0.732374,0.584500,0.368650,0.345454,0.449835,3.611244,4.322586,2.918910,0.011691,1.124127,3.312274,3.126063,2.892493
-42.218907,-78.568583,-0.659437,0.043808,0.792093,1.484487,3.618540,4.228081,0.048739,0.047096,0.703982,1.453582,0.001067,-0.000248,1.174126,2.851189,3.534046,2.917929,1.034565,0.462722,0.177928,0.720454,0.584178,0.325157,0.308727,0.426640,3.578383,4.303578,2.889271,0.094487,1.108019,3.318073,3.124774,2.892170
-44.138286,-76.551337,-0.643656,0.046109,0.771709,1.444705,3.616896,4.225780,0.045123,0.045123,0.688859,1.283278,0.000081,0.000410,1.159003,2.840011,3.524183,2.926149,1.046807,0.471743,0.198869,0.718521,0.567103,0.351253,0.306794,0.426640,3.627997,4.309700,2.913756,0.012980,1.095132,3.323228,3.117364,2.906346
-46.863200,-78.254196,-0.566394,0.043150,0.649406,1.394074,3.565279,4.184026,0.043808,0.042821,0.611269,1.161633,0.001725,0.000081,1.002836,2.781818,3.455799,2.863353,1.031343,0.421485,0.182761,0.707890,0.505570,0.266523,0.281987,0.425673,3.577095,4.293269,2.913433,0.012013,1.031021,3.309053,3.049387,2.862531
-48.447856,-76.026744,-0.606505,0.044137,0.702667,1.449637,3.598485,4.219533,0.046438,0.044465,0.652036,1.262895,-0.000248,0.000410,0.918342,2.774585,3.453168,2.886696,1.042941,0.439204,0.105119,0.717877,0.464655,0.340299,0.268134,0.402155,3.535535,4.287470,2.913111,0.012335,1.034243,3.323872,3.082892,2.871230
-49.940158,-78.091244,-0.621628,0.045452,0.794066,1.557474,3.627417,4.227424,0.048739,0.046109,0.668804,1.257634,0.000739,0.001067,1.032097,2.801873,3.440675,2.917601,1.032632,0.442748,0.125737,0.724642,0.468521,0.372194,0.243005,0.385725,3.530703,4.280705,2.916333,0.012657,1.035532,3.352223,3.100612,2.880250
-50.466433,-82.216735,-0.575600,0.044137,0.718120,1.479555,3.593882,4.216245,0.045123,0.043808,0.617515,1.216538,0.000081,0.000410,0.900259,2.767352,3.409771,2.871901,0.990106,0.427928,0.143134,0.733341,0.467554,0.367683,0.161175,0.330956,3.474968,4.251065,2.921810,0.012335,0.844810,3.335792,3.058730,2.842235
-50.060377,-81.702566,-0.533517,0.043808,0.685571,1.380595,3.561005,4.188957,0.043808,0.043808,0.577405,1.076481,0.001067,0.005341,0.850944,2.747297,3.377880,2.801873,0.953057,0.412142,0.196614,0.743006,0.482052,0.372838,0.153444,0.281987,3.443718,4.216594,2.915366,0.012335,0.785531,3.334504,3.009117,2.799709
-46.003800,-84.695386,-0.500311,0.042164,0.637242,1.358567,3.507087,4.154108,0.043150,0.041835,0.542884,1.045576,0.001396,0.000410,0.701352,2.685159,3.328235,2.719680,0.905055,0.397000,0.173096,0.751382,0.462078,0.326446,0.107696,0.239139,3.302609,4.148939,2.916655,0.059693,0.665364,3.320973,2.915689,2.642492
-42.471067,-82.659245,-0.442447,0.041506,0.618502,1.373691,3.484073,4.157067,0.042493,0.043150,0.485020,0.907164,0.000081,0.002382,0.697736,2.713105,3.273988,2.759790,0.828702,0.358341,0.346098,0.727864,0.526833,0.288753,0.081923,0.196936,3.175354,4.075163,2.877995,0.268134,0.623160,3.270715,2.849322,2.438239
-40.243474,-84.928588,-0.300746,0.037890,0.446225,1.308265,3.354537,4.117943,0.040520,0.038219,0.343648,0.696092,0.000410,-0.002549,0.655653,2.609542,3.183576,2.667406,0.603508,0.281665,0.352864,0.687271,0.551640,0.242039,0.000415,0.153444,2.982055,3.905704,2.805186,0.393134,0.481085,3.230444,2.719490,2.366719
-39.594898,-85.333458,-0.377021,0.039205,0.500473,1.368430,3.305550,4.124518,0.039534,0.032958,0.417951,0.631981,0.000081,0.000410,0.633625,2.511568,3.153001,2.678913,0.556150,0.275222,0.381859,0.686949,0.603508,0.254926,-0.000229,0.152799,2.931797,3.834827,2.735920,0.656665,0.636369,3.196295,2.647647,2.416976
-38.695501,-81.089757,-0.516092,0.041178,0.675379,1.776436,3.323304,4.154108,0.043150,0.037561,0.556693,0.751654,-0.001563,-0.000576,0.858505,2.580281,3.157275,2.723954,0.526189,0.276511,0.435660,0.696936,0.650222,0.260080,0.001059,0.161820,2.877351,3.797134,2.680186,0.979475,0.952091,3.155058,2.677608,2.502028
-40.722359,-75.858849,-0.641683,0.045452,0.898615,2.039782,3.378866,4.185998,0.044137,0.043808,0.687215,0.907492,0.001067,0.000739,0.943657,2.550035,3.162864,2.841326,0.541975,0.284887,0.497516,0.706279,0.685660,0.301962,0.000093,0.203057,2.927287,3.793912,2.709180,1.151511,1.045197,3.154413,2.727222,2.734632
-33.039394,-64.470151,-0.922456,0.046438,0.994946,2.187729,3.324948,4.183697,0.051698,0.047753,0.970945,1.026836,-0.000248,0.000081,1.065303,2.461924,3.120452,2.828504,0.420841,0.305183,0.473998,0.722387,0.723031,0.295518,0.000415,0.148611,2.722067,3.607700,2.614464,1.455635,1.142490,3.099323,2.717235,2.723356
-15.777026,-14.717100,-1.190077,0.043479,0.992644,2.139071,2.872888,4.034106,0.045452,0.042164,1.230675,0.318333,-0.002549,-0.001892,1.098509,2.065755,3.019848,2.247565,0.184694,0.220776,0.406665,0.662464,0.784887,0.193392,-0.000229,0.080634,2.272324,3.158601,2.190494,1.735919,1.109630,3.038434,2.518136,2.695327
8.469086,33.732158,-0.763658,0.029671,0.410389,1.472651,1.699832,3.524512,0.029342,0.030328,0.794724,0.029999,0.001396,0.000410,1.214236,1.519008,2.324826,1.604817,0.010080,0.070003,0.236562,0.244294,0.585145,0.095132,-0.000229,0.000093,1.468844,2.777802,2.440172,1.008792,0.296163,2.980444,1.833213,2.164077
18.307771,46.473839,-1.045088,0.025397,0.026054,1.567008,1.139276,3.209549,0.027040,0.026712,1.064645,0.026712,-0.000576,0.001725,1.322402,1.252045,2.118358,1.071221,0.079023,0.000093,0.000737,0.000093,0.077090,-0.000229,0.071936,0.000415,1.746550,3.246553,2.780701,0.010724,-0.000551,2.829670,0.012335,0.866073
20.708632,54.225946,-1.354793,0.029342,0.055972,1.811943,1.448979,3.215467,0.030986,0.029671,1.393746,0.022766,-0.000248,-0.000576,1.540049,1.441089,2.289648,1.122180,0.149900,0.027155,0.000093,0.054217,0.117039,0.000093,0.144101,0.000093,1.833857,3.405380,2.779413,0.010724,0.000093,2.325481,0.010402,-0.001518
21.972020,56.865943,-1.524769,0.032630,0.387704,1.891506,1.406897,3.217440,0.032630,0.030986,1.557803,0.032301,0.000739,0.231866,1.749476,1.516377,2.321867,1.109029,0.156665,0.104474,-0.000229,0.018134,0.111884,0.000093,0.282954,-0.000229,1.700481,3.436952,2.747196,0.011369,-0.001196,1.577091,0.006536,-0.000229
21.717835,55.732167,-1.624716,0.032630,0.464965,1.880656,1.374677,3.198700,0.032630,0.033287,1.653475,0.036246,0.005013,0.277894,1.790902,1.494350,2.339292,1.087659,0.145712,0.117683,0.000737,-0.000551,0.069036,0.001382,0.340299,0.000415,1.472065,3.362854,2.734632,0.010080,-0.001840,0.520067,0.001704,-0.000229
20.513266,58.031956,-1.530687,0.031972,0.388361,1.841861,1.428267,3.215138,0.032301,0.031643,1.561748,0.034931,-0.000248,0.300908,1.775121,1.498295,2.370197,1.088646,0.130892,0.107052,0.000093,-0.000229,0.009436,0.000093,0.320003,0.000093,1.358341,3.317429,2.733343,0.010724,0.000093,0.346420,0.001704,0.000093
20.152641,59.867658,-1.480713,0.031972,0.240085,1.900054,1.473308,3.215138,0.031972,0.030986,1.513747,0.031972,0.001067,0.338059,1.775778,1.468706,2.387950,1.098180,0.127670,0.121227,0.000093,-0.000229,0.026833,0.000415,0.335467,-0.000229,1.387336,3.343524,2.752995,0.010724,-0.000229,0.958212,0.003637,-0.001518
18.858884,60.327929,-1.386684,0.029671,0.206221,1.913862,1.458185,3.206590,0.032301,0.031643,1.418075,0.030986,-0.000248,0.338388,1.774134,1.476596,2.350799,1.223771,0.098353,0.082889,0.000415,0.000093,0.000415,-0.001196,0.275866,-0.000229,1.267813,3.287468,2.748485,0.010724,-0.000229,1.056795,0.003637,-0.000551
19.336116,63.620833,-1.453425,0.032630,0.219372,1.855998,1.476267,3.246043,0.031314,0.030328,1.482514,0.031314,0.000739,0.423211,1.876711,1.517693,2.404718,1.226401,0.085467,0.057760,0.000415,0.000093,-0.000229,-0.000229,0.203057,0.000093,1.227864,3.249774,2.748485,0.010724,0.000093,1.449192,0.006214,-0.000551
19.522549,65.790358,-1.477754,0.031972,0.485349,1.902355,1.536761,3.270043,0.033945,0.033287,1.511446,0.032301,-0.006494,0.470225,1.932602,1.605475,2.383676,1.237908,0.098998,0.061304,0.001382,-0.000551,0.000093,0.000093,0.225608,0.000415,1.287465,3.260406,2.764271,0.011047,0.000415,1.946615,0.007825,0.000093
19.476370,66.656009,-1.491234,0.033945,0.539268,1.973699,1.676818,3.342701,0.034602,0.032630,1.525912,0.033616,0.000410,0.526446,2.012494,1.748161,2.408663,1.385526,0.099642,0.065815,0.000415,-0.000229,-0.000551,0.000415,0.180183,-0.000551,1.465622,3.298743,2.779735,0.011047,0.000737,2.798420,0.011047,0.000415
19.207455,68.088951,-1.695402,0.036904,0.603707,2.159454,1.879012,3.442976,0.037890,0.037232,1.732052,0.036904,0.001067,0.642502,2.120659,1.877040,2.507623,1.644598,0.091266,0.051639,0.000415,-0.000874,0.000415,-0.000229,0.156343,-0.000229,1.491395,3.303254,2.776835,0.011369,0.000415,3.127673,0.013624,-0.001518
18.886652,68.185043,-1.667456,0.038219,0.702339,2.229154,1.890848,3.475854,0.037890,0.036904,1.705421,0.037890,0.001067,0.682283,2.186085,1.947068,2.541815,1.675832,0.093521,0.084178,0.000415,0.000093,0.003315,0.000093,0.153766,0.000093,1.505248,3.275547,2.779090,0.011369,-0.001196,3.276192,0.013946,-0.000229
19.230355,69.080605,-1.789760,0.039205,0.814121,2.273538,1.962849,3.504128,0.040520,0.039863,1.829368,0.040191,0.000739,0.707270,2.247236,1.977315,2.600336,1.686024,0.092876,0.095454,-0.000229,0.000093,0.004281,-0.000229,0.153766,-0.000551,1.498805,3.265238,2.773291,0.011047,0.000093,3.292300,0.014268,0.055505
18.572014,68.998424,-1.719403,0.039863,0.949246,2.283072,2.075946,3.524512,0.041178,0.038547,1.758353,0.040520,0.000739,0.747052,2.259730,2.006576,2.681214,1.677147,0.089011,0.114139,0.000093,0.000415,0.005892,0.000093,0.149900,-0.000229,1.463367,3.265238,2.771036,0.011047,-0.001518,3.297777,0.014268,0.120905
18.518312,69.162704,-1.907133,0.041178,1.012371,2.343895,2.144331,3.563307,0.042493,0.042164,1.948712,0.042164,0.000739,0.725024,2.276497,2.027946,2.695680,1.730737,0.078701,0.147000,0.000093,-0.000229,0.009758,-0.000551,0.149255,0.000093,1.402156,3.225934,2.760727,0.011047,-0.001840,3.295522,0.013624,0.046807
18.819267,67.074960,-1.903187,0.040849,1.028152,2.363621,2.095673,3.542265,0.042493,0.041506,1.943780,0.039534,0.000410,0.820696,2.312004,2.052275,2.731845,1.726134,0.071291,0.154410,0.000093,0.000415,-0.000229,-0.000229,0.152477,-0.000874,1.302284,3.215303,2.755572,0.010724,0.000093,3.278769,0.014268,0.000415
18.325610,65.357720,-1.932448,0.042493,1.069248,2.376115,2.186085,3.574156,0.042821,0.041178,1.973041,0.043479,0.001396,0.828587,2.323182,2.104878,2.769325,1.757696,0.068714,0.152477,0.000737,0.000093,0.000415,-0.000229,0.148933,-0.000551,1.246228,3.170844,2.731410,0.011369,-0.000229,3.242042,0.013302,-0.000229
17.787502,65.718662,-1.979792,0.043808,1.116591,2.486582,2.272223,3.581718,0.127974,0.044465,2.023343,0.042821,0.001067,0.906506,2.405046,2.136769,2.800229,1.744874,0.082245,0.171163,0.000093,-0.001196,0.001059,-0.000551,0.150866,0.000093,1.184050,3.182119,2.715624,0.011047,-0.000229,3.173099,0.013946,0.000093
17.838786,66.591685,-2.102425,0.047096,1.248100,2.645049,2.434307,3.646157,0.431102,0.046767,2.150906,0.045452,-0.000576,0.993302,2.469486,2.239346,2.849216,1.803724,0.084178,0.206601,-0.000551,0.000093,0.001382,0.000415,0.168263,0.000415,1.212078,3.207893,2.716590,0.011047,0.000415,3.212725,0.013302,-0.000874
17.396116,67.694075,-2.252017,0.051041,1.361526,2.800229,2.585213,3.698103,0.594830,0.050712,2.302799,0.053342,-0.000905,1.158345,2.615789,2.391567,2.994204,1.836272,0.087722,0.216588,0.000737,0.000415,0.029732,-0.000229,0.187271,-0.000229,1.219488,3.229156,2.709503,0.011691,-0.002484,3.253318,0.013946,0.219810
17.636118,67.859558,-2.379582,0.052356,1.542679,2.949820,2.827517,3.740514,0.641516,0.053342,2.431677,0.053342,-0.000576,1.237579,2.617761,2.554637,3.085274,1.885917,0.092554,0.226575,0.000415,0.000093,0.051962,0.002026,0.212400,-0.000551,1.255570,3.249452,2.715624,0.011369,-0.000874,3.256862,0.013302,0.312915
17.919432,68.345416,-2.421336,0.468253,1.615666,3.019191,2.934697,3.806597,0.765134,0.053013,2.476719,0.058603,0.033945,1.352978,2.669050,2.673652,3.136562,1.975671,0.096420,0.228830,0.000093,-0.000229,0.074835,-0.000874,0.221098,-0.000551,1.405699,3.252029,2.731088,0.010724,-0.000229,3.268460,0.013302,0.277477
17.785464,70.196458,-2.421994,0.562610,1.620598,3.071137,2.928121,3.820734,0.932808,0.058603,2.478691,0.057945,0.040849,1.368430,2.627296,2.659187,3.119795,2.039453,0.101253,0.218843,-0.000229,0.000093,0.067748,-0.000229,0.210467,-0.000551,1.397323,3.223034,2.719168,0.009114,0.000415,3.244297,0.013624,0.357696
17.159716,69.851325,-2.393061,0.055644,1.263223,2.823243,2.567788,3.790158,1.411499,0.052685,2.448115,0.346936,0.001396,1.270456,2.632227,2.372827,2.890970,2.119673,0.068392,0.370583,0.000093,0.076124,0.058405,0.000093,0.231730,0.000093,0.992039,3.023614,2.650546,0.010080,0.000093,3.302609,0.013946,0.000093
16.991258,70.171822,-2.456186,0.125672,1.469692,2.963628,2.707187,3.851639,1.523939,0.233181,2.515185,0.549131,0.223975,1.384211,2.712776,2.551350,3.028396,2.275182,0.084822,0.361240,0.000737,0.078057,0.076446,0.000093,0.242039,0.000093,1.173096,3.118331,2.665688,0.010402,0.045840,3.328705,0.013946,0.225286
16.318282,70.420999,-2.485776,0.659927,1.630461,3.155959,3.009656,3.945996,1.695887,0.485020,2.552336,0.792751,0.293017,1.511117,2.731516,2.642748,3.124397,2.402745,0.089333,0.382825,0.000093,0.077090,0.087400,0.000093,0.224642,0.000737,1.187916,3.144748,2.669876,0.010080,0.114462,3.320651,0.014590,0.344165
15.617179,68.043301,-2.602820,0.991000,1.982247,3.296345,3.128672,4.006490,1.650845,0.664530,2.676611,0.890396,0.302552,1.542022,2.752886,2.696338,3.177330,2.545432,0.096420,0.383469,-0.000229,0.079346,0.089333,-0.000551,0.243328,0.000093,1.131537,3.112532,2.677286,0.020067,0.091266,3.323550,0.014590,0.385725
15.090462,71.031569,-2.573559,1.007110,2.024001,3.256563,3.108945,3.994983,1.798135,0.842395,2.647680,0.947931,0.394608,1.523939,2.704886,2.648337,3.150699,2.488883,0.090943,0.458212,-0.000551,0.088688,0.085789,-0.000229,0.245905,0.000093,0.925351,3.096746,2.697905,0.337722,0.195003,3.293267,0.012980,0.338044
14.498427,69.174245,-2.635040,0.572802,1.754737,3.279906,2.993547,3.905557,2.120002,1.065632,2.706530,0.952863,0.387046,1.526569,2.746311,2.606583,3.094808,2.417540,0.088688,0.465299,-0.000229,0.088366,0.079668,0.000737,0.279732,-0.000229,0.865106,3.033279,2.689206,0.328379,0.216910,3.242042,0.013946,0.052284
15.482844,66.853631,-2.608738,0.578063,1.692928,3.206590,2.938313,3.919365,2.274196,1.089632,2.682858,1.279004,0.438335,1.475610,2.765051,2.618419,3.065219,2.427403,0.088044,0.508147,0.000093,0.086755,0.070647,-0.000229,0.335145,0.000415,0.852220,3.015238,2.698227,0.390235,0.238495,3.196939,0.012335,-0.000874
16.142197,62.116826,-2.611039,0.487650,1.546296,3.125384,2.838367,3.859529,2.215674,1.064645,2.680228,0.977521,0.462664,1.428267,2.738420,2.544774,3.045821,2.391896,0.082567,0.514913,0.001059,0.092232,0.068070,0.000093,0.280377,-0.000551,0.850609,2.961758,2.684696,0.418263,0.223353,3.179542,0.013624,0.000415
17.291405,63.487226,-2.624519,0.466280,1.495994,3.166151,2.850860,3.907530,2.531952,1.089303,2.697324,1.172811,0.559323,1.584762,2.699297,2.612830,3.024780,2.362964,0.087400,0.613173,0.000093,0.129603,0.085467,0.000093,0.290686,-0.000551,0.781665,2.922776,2.682119,0.484629,0.485918,3.184375,0.013302,0.075802
17.028690,65.449767,-2.624190,0.570501,1.689311,3.336455,2.952121,3.972626,2.762092,1.203058,2.761434,1.464103,0.647434,1.643283,2.718694,2.659844,3.072452,2.575350,0.092876,0.672129,-0.000229,0.138624,0.105763,-0.000229,0.328379,0.000737,0.762980,2.957570,2.702415,0.712078,0.700802,3.208215,0.012980,0.306150
16.982387,64.905634,-2.464406,0.728969,1.791888,3.412072,2.966916,4.008791,2.939628,1.435828,2.862696,1.696216,0.760531,1.855670,2.714420,2.789380,3.083959,2.816010,0.123160,0.815171,0.000093,0.156665,0.126059,0.000737,0.389913,-0.000551,0.738818,2.989142,2.777157,1.206601,0.957890,3.218524,0.013946,0.514913
16.384392,62.777243,-2.218153,0.800313,1.801751,3.408456,2.899189,3.980517,2.935683,1.504870,2.939299,1.898081,0.980808,1.925698,2.706858,2.794969,3.066205,2.862038,0.132825,0.875738,0.000093,0.191459,0.140557,-0.000551,0.427928,0.012980,0.669874,2.991720,2.803253,1.399900,1.067748,3.213692,0.013946,0.717555
16.427932,62.566043,-2.018587,0.966342,1.977973,3.415688,2.921546,3.975914,2.942587,1.622571,2.962642,1.992110,1.184647,2.019398,2.739735,2.853819,3.094479,2.898532,0.139590,0.874127,-0.000229,0.198869,0.144745,0.000737,0.483341,0.040686,0.643779,2.985921,2.859632,1.435983,1.052284,3.205638,0.013302,0.636369
15.643895,61.288005,-1.942969,1.076152,2.100276,3.403853,2.956396,3.985448,3.026424,1.920438,3.023465,2.033206,1.282292,2.079234,2.741379,2.871244,3.142809,2.947519,0.165041,0.909243,-0.000229,0.222065,0.153766,0.000415,0.543585,0.064526,0.659243,2.997841,2.886371,1.518135,1.152478,3.207248,0.013302,0.884114
15.943407,61.568242,-1.970257,1.128098,2.058850,3.379524,3.006369,3.986106,3.026753,1.939506,3.056999,2.080549,1.278676,2.072001,2.730201,2.864340,3.157932,2.962313,0.181472,0.939849,-0.000229,0.221743,0.153766,0.000737,0.570969,0.065815,0.674062,2.979477,2.926964,1.521679,1.144423,3.195328,0.012657,0.944359
15.818554,64.497701,-1.850255,1.285251,2.202852,3.397935,3.076726,3.986763,3.074753,2.075289,3.032999,2.052275,1.415116,2.168660,2.846257,2.884395,3.185878,2.997163,0.198224,0.941137,-0.000229,0.227541,0.162786,0.000093,0.579990,0.081923,0.710145,2.987531,2.935663,1.510403,1.149256,3.188241,0.012657,0.812915
16.281314,64.848951,-1.919297,1.347060,2.194962,3.477169,3.131959,4.008791,3.107630,2.221921,3.138206,2.013809,1.417417,2.191345,2.935354,2.911683,3.236508,3.030698,0.215621,0.970132,-0.000229,0.264913,0.180183,-0.000229,0.610274,0.086111,0.755570,2.962403,2.954026,1.696615,1.234952,3.177931,0.013624,0.996872
16.425025,66.465856,-1.811131,1.498624,2.236387,3.463689,3.114534,3.993996,3.097438,2.267291,3.106315,2.297867,1.499610,2.186742,2.963957,2.919244,3.264783,3.044506,0.228186,1.021356,0.000415,0.302284,0.196614,0.002670,0.606085,0.212722,0.821936,2.998485,3.034245,1.725287,1.341589,3.261050,0.013302,1.770713
17.171432,65.848129,-1.761815,1.503555,2.257428,3.421606,3.136562,3.981174,3.091192,2.302141,3.102041,2.247894,1.463774,2.171948,2.964944,2.920888,3.269385,3.032342,0.259758,1.032632,0.000415,0.321936,0.207567,0.027477,0.626704,0.243005,0.887336,3.080959,3.073872,1.725287,1.408599,3.272648,0.013946,1.984953
17.360412,66.630770,-1.666799,1.576543,2.281757,3.408456,3.124726,3.969010,3.044835,2.182797,3.067191,2.129536,1.417746,2.169317,2.986642,2.929765,3.265769,3.000780,0.304539,1.069681,0.000737,0.374449,0.238817,0.049384,0.663109,0.349642,0.972709,3.136372,3.085470,1.814849,1.531344,3.287790,0.013302,2.253961
17.282175,72.258539,-1.761157,1.579830,2.269593,3.434757,3.150042,4.015038,3.009985,2.101591,3.084287,2.090741,1.356595,2.179509,2.992889,2.938313,3.296673,3.036944,0.325157,1.074514,-0.000229,0.412786,0.239139,0.056472,0.661498,0.399900,1.036176,3.151514,3.080637,1.849643,1.521035,3.282313,0.014268,2.336435
13.767469,72.404801,-1.733869,1.541364,2.258414,3.441004,3.159247,4.018654,3.013930,2.112769,3.090534,2.097645,1.273087,2.096988,3.026095,2.945217,3.370318,3.033657,0.317748,1.139269,0.000415,0.472387,0.251704,0.062593,0.700480,0.314526,1.022323,3.127673,3.078060,1.953058,1.840623,3.340625,0.014268,2.633149
-0.443256,28.833907,-1.897927,1.694900,2.369539,3.461716,3.227632,3.997942,2.930094,1.630790,3.059630,1.755066,0.293017,1.987507,2.998478,2.921217,3.486045,3.028725,0.336433,1.122194,0.000093,0.397322,0.298096,0.083212,0.713366,0.464977,1.052606,3.223357,2.928575,1.965945,1.583212,3.374452,0.014913,2.682763
-10.213858,-16.677721,-1.859461,1.603173,2.231455,3.400894,3.228289,3.998599,2.439239,1.117249,2.972177,1.898410,0.648420,1.765258,2.797928,2.837052,3.503142,3.039575,0.247516,0.912142,-0.000229,0.323547,0.358341,0.080956,0.499127,0.514913,1.223032,3.192107,2.652801,1.474643,1.062916,3.027802,1.314527,2.283278
-14.711111,-34.549612,-1.487946,1.370074,1.796491,2.725598,3.418976,4.125176,1.984548,0.710229,2.570747,2.132824,1.580817,1.447335,2.566473,2.714420,3.608677,3.290098,0.367683,0.936949,0.156021,0.525866,0.534887,0.196614,0.459178,0.503959,2.373806,3.589337,2.768459,1.724321,1.429540,3.040689,2.723034,2.611886
-16.731684,-45.490801,-1.197968,1.576543,2.052932,2.792668,3.744131,4.266547,2.259401,0.865738,2.403731,2.463239,1.941150,1.466075,2.710804,2.866312,3.829611,3.524512,0.703379,0.929861,0.308727,0.666008,0.681472,0.396034,0.687593,0.793586,3.348035,3.995588,2.800031,1.788110,1.956602,3.282635,3.269104,3.107377
-18.888888,-51.037195,-1.203557,1.653146,2.159126,2.803188,3.958818,4.313562,2.282086,0.826614,2.411622,2.677598,2.004932,1.433527,2.707516,2.921217,3.880242,3.566594,0.852542,0.932761,0.366395,0.729797,0.679861,0.422129,0.738818,0.834178,3.597713,4.227547,2.852222,1.711112,1.992685,3.353834,3.315496,3.210792
-23.037426,-52.946268,-1.194680,1.690626,2.199236,2.838038,4.036737,4.360905,2.306744,1.001521,2.437595,2.759133,2.088440,1.505528,2.674639,2.948176,3.943694,3.535361,0.918908,0.922452,0.499127,0.776833,0.810016,0.502670,0.764913,0.858663,3.786502,4.286504,2.877995,1.745584,2.012337,3.390883,3.354800,3.307764
-23.916800,-59.281801,-1.391615,1.892492,2.504335,3.111247,4.118929,4.480248,2.473102,1.099824,2.657871,2.892943,2.238359,1.542022,2.681872,3.065876,4.005175,3.715199,0.964011,0.902155,0.547129,0.854797,0.808083,0.519101,0.769101,0.862529,3.806799,4.301645,2.853511,1.773934,2.018458,3.399259,3.356089,3.325483
-24.280815,-62.819537,-1.443233,1.906958,2.524062,3.108288,4.149834,4.499975,2.484609,1.110016,2.709488,2.906094,2.295894,1.526569,2.647351,3.087904,4.030161,3.738213,0.994617,0.867684,0.548418,0.870261,0.792941,0.516201,0.763302,0.864462,3.854479,4.321942,2.870585,1.739785,2.011370,3.405380,3.367365,3.321295
-24.415307,-64.436352,-1.474137,1.937205,2.537870,3.114863,4.166601,4.500961,2.519130,1.109687,2.743352,2.929765,2.360005,1.565693,2.670365,3.107630,4.039038,3.731309,1.074514,0.836111,0.572902,0.899578,0.810338,0.526833,0.767812,0.874449,3.917624,4.365112,2.900225,1.737530,1.983986,3.422133,3.391205,3.328705
-25.444600,-67.276860,-1.484658,1.974356,2.582254,3.167466,4.185012,4.507536,2.621049,1.107386,2.816339,2.954752,2.398142,1.624872,2.687790,3.111904,4.044298,3.753665,1.134114,0.832890,0.602542,0.937916,0.808727,0.532632,0.795841,0.894423,3.977547,4.401839,2.951771,1.705957,2.029411,3.443074,3.411824,3.328705
-26.280577,-69.466345,-1.446520,1.992767,2.622364,3.222042,4.202766,4.520687,2.670365,1.124153,2.851189,2.960670,2.436608,1.661695,2.706530,3.128343,4.054490,3.778980,1.151511,0.837078,0.607052,0.967555,0.814848,0.551962,0.815171,0.904733,4.017817,4.433733,2.983665,1.685017,2.126061,3.512339,3.452094,3.369620
-27.160976,-70.639217,-1.441589,2.030576,2.692064,3.286810,4.228081,4.532852,2.705872,1.158345,2.893271,2.971848,2.479349,1.685366,2.699297,3.153658,4.065011,3.803967,1.185016,0.845132,0.648933,0.999127,0.866395,0.618972,0.870261,0.921807,4.054222,4.457896,3.008794,1.729476,2.281667,3.589659,3.500419,3.428576
-27.802153,-71.950316,-1.426137,2.032877,2.648666,3.272016,4.223478,4.531208,2.653926,1.131386,2.871901,2.950149,2.454033,1.679119,2.669050,3.155302,4.061723,3.794761,1.192748,0.817748,0.644101,1.025544,0.884114,0.638946,0.876704,0.923418,4.052289,4.459184,3.007828,1.724321,2.279412,3.619298,3.533602,3.463048
-28.143804,-72.647177,-1.447178,1.977644,2.662803,3.255906,4.213286,4.533509,2.633214,1.094235,2.845928,2.925820,2.429704,1.651174,2.638803,3.127356,4.057778,3.788186,1.196614,0.810660,0.645067,1.036820,0.906343,0.669230,0.874127,0.923096,4.054544,4.462406,3.008472,1.696937,2.271680,3.641206,3.534891,3.485922
-28.284344,-73.736727,-1.526084,1.936876,2.567459,3.201659,4.210328,4.522989,2.602967,1.067604,2.794640,2.900833,2.403403,1.600543,2.535569,3.093822,4.047915,3.752350,1.183728,0.782310,0.617683,1.003315,0.877026,0.663109,0.850931,0.907954,4.039402,4.455641,2.997841,1.630249,2.255249,3.611566,3.508795,3.468203
-28.974914,-75.278584,-1.537920,1.884273,2.517815,3.195412,4.212300,4.521345,2.532281,1.050508,2.760119,2.881436,2.362635,1.507501,2.514856,3.058315,4.036737,3.735583,1.171163,0.768457,0.609629,0.983341,0.897967,0.664720,0.837722,0.895712,4.025871,4.453708,2.981088,1.562594,2.250417,3.606089,3.504285,3.466914
-29.224500,-73.967251,-1.550742,1.865533,2.491184,3.179960,4.210328,4.517728,2.493157,0.991329,2.741051,2.849545,2.346196,1.427280,2.497431,3.050424,4.032134,3.723747,1.163431,0.740750,0.612207,0.974320,0.909243,0.684049,0.825802,0.879604,3.992688,4.447587,2.970779,1.512336,2.238819,3.615754,3.497842,3.443718
-29.889610,-75.855335,-1.527070,1.820491,2.475403,3.091192,4.201122,4.510166,2.433978,0.926561,2.701269,2.838367,2.322525,1.389800,2.412937,3.052397,4.015695,3.699089,1.157310,0.739462,0.608341,0.992684,0.907954,0.722387,0.820970,0.870261,3.983990,4.448553,2.969168,1.485919,2.231731,3.614788,3.495587,3.454349
-30.006008,-77.976144,-1.542851,1.789258,2.418526,3.054369,4.192903,4.508851,2.393539,0.819053,2.670365,2.816010,2.309045,1.395061,2.402416,3.022150,4.008462,3.695801,1.149900,0.719810,0.610596,0.980764,0.947581,0.728186,0.808083,0.867361,3.975614,4.442432,2.967879,1.304540,2.205314,3.615432,3.489465,3.436952
-29.493126,-77.414617,-1.530358,1.665969,2.351457,2.994204,4.172848,4.497673,2.126906,0.678996,2.586857,2.735461,2.123290,1.289525,2.310360,3.002423,3.986763,3.657664,1.147645,0.712078,0.601575,0.980119,0.965622,0.734629,0.800995,0.852220,3.978191,4.437277,2.958214,1.267813,2.137981,3.613177,3.482378,3.411179
-29.296554,-78.075289,-1.566852,1.606790,2.306086,2.965601,4.153779,4.487810,2.002630,0.481404,2.570418,2.677926,2.057206,1.271443,2.314963,3.002752,3.967037,3.631033,1.144101,0.691459,0.590622,0.963367,0.973676,0.746872,0.783598,0.843199,3.991400,4.436955,2.963691,1.178573,2.050674,3.604801,3.489143,3.420200
-29.773061,-77.195546,-1.615839,1.485802,2.265976,2.964286,4.144245,4.487810,1.774792,0.255208,2.513870,2.619076,2.017425,1.230017,2.242633,2.989930,3.951585,3.619526,1.151511,0.676962,0.575158,0.957568,0.944681,0.745261,0.782310,0.843199,3.971748,4.440821,3.007506,1.083212,1.884437,3.580638,3.492043,3.418589
-30.801417,-82.015621,-1.927188,1.390787,2.170633,2.921875,4.122217,4.474002,1.414130,0.080630,2.410964,2.521760,1.891834,0.983439,2.168331,2.943573,3.921667,3.559690,1.132181,0.602864,0.543908,0.897323,0.882181,0.674384,0.730441,0.824191,3.965949,4.431156,3.003318,0.718521,1.829669,3.542945,3.441463,3.355445
-32.038394,-85.018660,-2.049492,1.394074,2.184770,2.920888,4.116957,4.469070,1.361855,0.081617,2.383348,2.499733,1.852382,0.939383,2.163728,2.972834,3.908187,3.537334,1.143457,0.619616,0.552928,0.899256,0.913109,0.709178,0.738818,0.828057,3.975291,4.432445,3.002995,0.742039,1.912465,3.568396,3.445651,3.348357
-32.833331,-88.665552,-2.039958,1.444705,2.218633,2.958368,4.134053,4.493070,1.363170,0.082274,2.436280,2.607569,1.889204,0.967986,2.125920,2.964615,3.907858,3.608019,1.151833,0.648611,0.564526,0.897967,0.974965,0.729475,0.754281,0.829024,3.981735,4.433733,3.029413,0.739784,1.846744,3.575162,3.461115,3.403447
-30.782323,-83.129408,-2.046862,1.443390,2.245592,2.946204,4.130436,4.500961,1.248429,0.082603,2.454691,2.573048,1.868163,0.921301,2.113098,2.945217,3.889118,3.633992,1.155377,0.645390,0.566137,0.889591,0.979797,0.734629,0.760080,0.820647,3.950807,4.432767,3.023292,0.983019,1.799708,3.565819,3.456605,3.397970
-30.199511,-82.581075,-2.308895,1.221469,2.181153,2.890970,4.092956,4.493399,1.024535,0.077671,2.385649,2.551350,1.847450,0.882834,2.081207,2.860066,3.853940,3.618211,1.115106,0.568392,0.521034,0.834501,0.952091,0.693392,0.738173,0.797452,3.891206,4.403450,3.028124,0.734629,1.655055,3.501063,3.393138,3.294233
-30.526921,-82.268227,-2.263524,1.139605,2.054905,2.836723,4.060079,4.485837,0.589899,0.075699,2.337977,2.505979,1.707065,0.829573,2.058522,2.814038,3.800679,3.601444,1.098998,0.550673,0.500415,0.797774,0.965300,0.683727,0.716266,0.772645,3.820974,4.382831,3.006861,0.844488,1.477220,3.445973,3.339014,3.204993
-30.923498,-83.374947,-2.198427,0.956151,1.999014,2.753544,4.045942,4.477947,0.084904,0.070110,2.266305,2.461924,1.626516,0.742778,1.974027,2.792996,3.760898,3.578759,1.058083,0.514913,0.453057,0.755570,0.932439,0.650866,0.688560,0.723354,3.711760,4.356414,2.975933,0.938560,1.215622,3.366398,3.303576,3.200483
-29.207843,-79.818871,-2.048834,0.685900,1.812272,2.641104,4.007805,4.459536,0.069781,0.068795,2.118358,2.386964,1.384211,0.603049,1.745531,2.768667,3.703363,3.519909,1.063560,0.457245,0.434371,0.733985,0.896356,0.663753,0.690493,0.710467,3.741399,4.362535,3.012660,0.687915,1.033921,3.385084,3.351256,3.184052
-28.888494,-79.941123,-1.543509,0.210167,1.410842,2.213702,3.883858,4.399371,0.060246,0.059589,1.602844,2.138742,0.878889,0.270990,1.501583,2.772284,3.591252,3.366702,1.088367,0.438560,0.406021,0.715299,0.782954,0.670841,0.667619,0.686627,3.746554,4.378965,3.034568,0.059371,0.857374,3.424066,3.354478,3.084181
-29.726983,-80.872520,-1.315997,0.055972,1.275059,2.162742,3.790487,4.354329,0.057616,0.056301,1.379609,1.968109,0.739161,0.001396,1.322073,2.764064,3.527142,3.287468,1.098032,0.431150,0.462078,0.731730,0.798096,0.669874,0.652799,0.660854,3.770394,4.375421,3.011372,0.011369,0.892168,3.460148,3.347390,3.049065
-30.220357,-84.517376,-1.313367,0.055315,1.265196,2.154523,3.790816,4.354658,0.057287,0.055315,1.368759,1.960548,0.742120,0.000081,1.353307,2.759462,3.515306,3.284180,1.091266,0.457567,0.484629,0.714655,0.862529,0.682116,0.645067,0.631214,3.745909,4.368656,2.989787,0.012013,0.887336,3.466270,3.351901,3.060019
-30.053325,-84.037782,-1.273586,0.056301,1.237908,2.117043,3.775035,4.350055,0.054986,0.054986,1.329306,1.956931,0.703982,0.002054,1.383883,2.709817,3.496566,3.292071,1.100609,0.457567,0.476575,0.702091,0.868972,0.696936,0.656665,0.606730,3.745909,4.376710,2.984310,0.060982,0.845454,3.472391,3.357055,3.048099
-29.891852,-82.776651,-1.010896,0.051041,1.058727,1.908602,3.662595,4.282657,0.053671,0.051041,1.064974,1.870136,0.423211,0.000081,1.229360,2.685817,3.419305,3.124397,1.094810,0.440170,0.473031,0.677606,0.829346,0.707890,0.642490,0.594810,3.745909,4.382831,2.987531,0.012657,0.804539,3.492687,3.345780,3.076771
-30.552966,-82.231743,-0.867550,0.052356,1.008096,1.844163,3.632348,4.263588,0.051041,0.050054,0.920314,1.798792,0.276579,0.000410,1.191880,2.675954,3.404839,3.065876,1.121872,0.446936,0.598031,0.681150,0.846098,0.778444,0.651511,0.583212,3.842881,4.405383,2.992364,0.012335,0.850609,3.549710,3.337081,3.067429
-31.145363,-80.136087,-0.761357,0.049068,0.944315,1.754737,3.600786,4.247807,0.049397,0.049397,0.810833,1.664325,0.159207,0.001067,1.057083,2.698968,3.384784,3.051082,1.117684,0.428895,0.643779,0.666975,0.900222,0.757503,0.637013,0.554217,3.840304,4.399584,2.998163,0.012335,0.809050,3.584504,3.376385,3.163112
-29.574838,-75.028288,-0.629190,0.044794,0.698065,1.580817,3.508073,4.205067,0.047096,0.046438,0.676366,1.535117,0.001725,0.001396,0.909794,2.576994,3.315742,2.976451,1.076769,0.390557,0.646034,0.604797,0.914075,0.686949,0.577413,0.486562,3.762018,4.353836,2.976578,0.011369,0.594165,3.538757,3.313241,3.109632
-27.031887,-69.327193,-0.616697,0.046109,0.654995,1.502898,3.420949,4.193560,0.044794,0.043808,0.662228,1.533474,0.002054,0.000081,0.927219,2.435622,3.285824,2.971190,1.041653,0.348676,0.684694,0.563882,0.936305,0.660209,0.544552,0.426962,3.730768,4.332251,2.968202,0.011369,0.561949,3.534891,3.321617,3.136050
-27.546515,-67.758703,-0.668643,0.044137,0.657626,1.493035,3.418976,4.217889,0.046438,0.045452,0.714832,1.551227,0.002382,0.001067,0.917027,2.477047,3.269385,3.064890,1.040686,0.287786,0.740428,0.556472,0.966910,0.693714,0.563238,0.460145,3.779415,4.329352,2.989787,0.012657,0.578057,3.579350,3.321295,3.177931
-28.993385,-64.900543,-0.780097,0.048411,0.776641,1.768874,3.456785,4.251753,0.047753,0.045780,0.828916,1.724161,0.185180,0.000410,0.931493,2.526363,3.270372,3.137877,0.973032,0.275544,0.723354,0.530377,0.976898,0.672451,0.530055,0.395067,3.703383,4.291980,3.003640,0.012013,0.460467,3.491721,3.305831,3.125418
-22.923365,-45.867628,-1.255503,0.053013,1.056755,2.207126,3.427524,4.240246,0.054657,0.053342,1.307608,1.834300,0.651708,-0.001892,1.230017,2.508938,3.249330,3.105329,0.788431,0.253315,0.650544,0.466588,0.978831,0.585467,0.350609,0.217232,3.445651,4.143140,2.963047,0.012013,0.343843,3.326450,3.146037,2.955637
-6.051658,-1.288150,-1.589208,0.051041,1.029467,2.259401,3.082315,4.124518,0.053342,0.048739,1.640653,1.762956,0.709900,0.163481,1.246456,2.163400,3.051082,2.838038,0.395067,0.149900,0.504603,0.236884,0.964977,0.376704,0.183727,0.188882,2.885405,3.753964,2.797454,0.955957,0.223353,3.187918,2.889593,2.703704
15.147616,33.111801,-2.016286,0.047096,0.907821,2.128221,2.471129,3.794104,0.047096,0.046109,2.064768,1.097522,0.339045,0.442609,1.855012,2.003617,2.743681,1.944438,0.204990,0.003315,0.313237,0.060982,0.573869,0.124126,0.122516,0.044874,2.248484,3.441463,2.706925,0.485596,0.142168,3.156024,2.201770,1.903123
23.448448,51.446385,-2.240839,0.041506,0.589570,2.103563,1.912218,3.575800,0.040520,0.040849,2.281100,0.393622,0.000081,0.538939,1.974356,1.817203,2.490527,1.791559,0.143456,0.078701,0.000093,0.000737,0.223353,0.000093,0.306472,0.000093,2.076770,3.392171,2.774580,0.010402,-0.001196,2.935018,0.442103,0.498160
25.705773,57.965952,-2.214866,0.037561,0.569515,2.148276,1.648215,3.507416,0.039863,0.038876,2.253154,0.038547,0.000410,0.547158,1.996384,1.854355,2.463239,1.711339,0.088366,0.111884,-0.000229,0.000093,0.106730,0.000093,0.351253,0.000415,1.420841,3.192107,2.692750,0.010402,-0.000229,1.999450,0.009758,-0.000551
27.053783,60.767948,-2.154042,0.038219,0.651379,2.291620,1.625201,3.485059,0.039534,0.038547,2.194304,0.037232,0.001725,0.681297,2.112111,1.951342,2.453705,1.701805,0.083534,0.125415,-0.000551,0.000093,0.064848,-0.000551,0.353186,-0.000551,1.189527,3.208859,2.673742,0.011369,-0.000551,1.874450,0.007503,-0.000874
26.130090,59.274934,-2.298046,0.041835,0.898615,2.353758,1.696544,3.527142,0.040849,0.039863,2.338306,0.039534,0.001067,0.750997,2.133481,2.006576,2.440554,1.732052,0.072258,0.154088,0.000415,0.000093,0.017168,0.000093,0.398933,0.000737,1.111240,3.191140,2.635405,0.010724,0.001059,1.954025,0.008469,-0.000229
25.542489,60.895300,-2.240510,0.040191,0.798340,2.317593,1.668927,3.572841,0.040849,0.041178,2.281100,0.042821,-0.000248,0.707270,2.134468,1.940164,2.437595,1.804053,0.057438,0.170840,-0.000229,0.000415,0.017812,-0.000229,0.397322,0.000415,0.868972,3.099323,2.596100,0.011369,-0.000551,2.394103,0.009758,-0.000551
25.302978,61.856710,-2.201715,0.039205,0.848642,2.292935,1.588707,3.522210,0.041506,0.039534,2.241318,0.038876,0.000410,0.739490,2.108495,1.919780,2.387293,1.787285,0.028443,0.176962,0.000415,0.001704,-0.000229,-0.000551,0.276188,0.000093,0.672451,3.009117,2.617363,0.010080,-0.000229,2.767170,0.011047,0.000093
25.448252,62.060483,-2.180344,0.039863,0.819710,2.210743,1.610735,3.547854,0.268688,0.040191,2.219948,0.040520,0.000410,0.737846,2.126906,1.894793,2.363950,1.773148,0.025866,0.187915,-0.000551,0.001059,0.000415,0.000093,0.186304,-0.000551,0.523611,2.975933,2.640881,0.011047,-0.000551,3.051642,0.013624,-0.000551
24.475430,61.669530,-2.109658,0.041835,0.891382,2.255127,1.763942,3.574485,0.440636,0.041835,2.151235,0.041835,0.000410,0.825628,2.159783,1.924383,2.392882,1.831998,0.023289,0.188882,-0.000229,-0.000551,-0.000551,-0.000229,0.193714,0.000093,0.607052,2.947261,2.639593,0.010402,-0.000229,3.089336,0.012980,-0.000229
24.793571,63.657765,-2.094534,0.042493,0.966342,2.282415,1.839560,3.565608,0.592200,0.042493,2.137098,0.042821,0.000739,0.824313,2.183783,1.944438,2.422471,1.867834,0.023611,0.196614,0.000093,0.000093,-0.000229,-0.000229,0.192103,0.000093,0.444681,2.941462,2.651513,0.011369,-0.000874,3.117364,0.012657,-0.000874
24.767557,64.337793,-2.210263,0.045452,1.051823,2.422800,1.948712,3.588293,0.767764,0.045452,2.256113,0.045123,-0.000248,0.886780,2.279785,1.989480,2.509924,2.014137,0.037464,0.207567,-0.000229,0.000093,0.000093,-0.000229,0.205634,0.000093,0.634436,2.937274,2.655701,0.010402,-0.000229,3.140882,0.012657,-0.000229
24.334603,62.514616,-2.321717,0.046438,1.066289,2.534253,1.982904,3.604074,0.965685,0.047096,2.367238,0.048411,0.000739,0.908807,2.350142,2.017096,2.519459,2.054905,0.040364,0.245261,-0.000551,-0.000229,0.044874,0.000093,0.210145,0.000415,0.656665,2.952738,2.658923,0.010724,-0.000551,3.173099,0.012335,-0.000229
23.968260,61.875795,-2.320731,0.046109,1.049193,2.488554,1.994411,3.612951,1.115276,0.047096,2.365594,0.048082,0.000081,0.901903,2.379731,2.053261,2.526034,2.065426,0.039719,0.274255,-0.000551,0.074513,0.065492,0.000093,0.205312,0.000093,0.561949,2.949838,2.637338,0.010402,-0.001196,3.179542,0.012980,0.000415
23.707284,62.899632,-2.317772,0.048739,1.077796,2.582583,2.041754,3.615910,1.186948,0.048082,2.366251,0.049397,0.001067,0.944972,2.382690,2.051946,2.524062,2.062467,0.039075,0.278121,0.000415,0.080312,0.062915,-0.000229,0.168907,-0.000229,0.659243,2.932763,2.643459,0.009114,0.001059,3.181797,0.013302,0.000415
24.040620,63.667744,-2.361828,0.049726,1.108043,2.599021,2.114413,3.644842,1.234949,0.050383,2.410307,0.050383,0.000410,0.968644,2.412608,2.072001,2.545432,2.076933,0.045518,0.286176,0.001382,0.093199,0.063559,0.000415,0.146356,-0.000229,0.635402,2.948227,2.636049,0.010724,-0.000551,3.182442,0.013302,0.044552
23.971583,64.722785,-2.369390,0.049397,1.146838,2.702913,2.111783,3.632020,1.313525,0.049726,2.421156,0.051041,0.000410,1.014672,2.431348,2.124933,2.583569,2.062467,0.046163,0.320969,0.000415,0.091910,0.058405,-0.000229,0.171485,0.000415,0.524578,2.947583,2.624451,0.009758,-0.000229,3.180186,0.013624,0.047773
24.324329,64.688832,-2.262209,0.046767,1.117906,2.572391,2.087782,3.603417,1.131715,0.048411,2.312004,0.049397,0.000739,0.960425,2.406362,2.114413,2.589816,2.035836,0.044874,0.348998,0.000093,0.082245,0.055505,0.000093,0.172451,0.000093,0.618650,2.922454,2.633794,0.011047,-0.000229,3.176320,0.012980,0.000737
25.930636,68.358266,-2.371691,0.050054,1.179387,2.616775,2.209428,3.631033,1.382239,0.051698,2.421485,0.052356,0.000410,1.203387,2.479349,2.211071,2.696666,2.082851,0.044552,0.371227,0.000093,0.102541,0.060660,0.000093,0.136369,-0.000229,0.672774,2.919555,2.637338,0.011691,-0.001196,3.180186,0.012980,0.003959
26.716644,71.049726,-2.295744,0.050054,1.197469,2.801216,2.254140,3.634321,1.377636,0.073069,2.346854,0.051698,-0.004522,1.208976,2.495459,2.208770,2.708831,2.093043,0.048418,0.391846,0.000093,0.104152,0.066459,0.000415,0.142490,0.000093,0.741073,2.940817,2.644747,0.010402,-0.001196,3.182442,0.013946,0.253959
24.742985,68.650845,-2.436131,0.055644,1.252374,2.840011,2.351128,3.721117,1.783011,0.217728,2.490527,0.055644,0.016191,1.324704,2.612501,2.305758,2.772613,2.127235,0.050673,0.428895,-0.000229,0.104797,0.073869,0.000093,0.183083,-0.001196,0.741395,2.945972,2.647647,0.011369,-0.000229,3.182442,0.013302,0.284887
24.019748,68.130013,-2.418377,0.054986,1.257305,2.802859,2.336662,3.695472,1.782025,0.395923,2.474746,0.056630,0.091809,1.344101,2.584884,2.276826,2.770969,2.123618,0.049062,0.429539,0.000415,0.104797,0.069681,0.000093,0.163108,-0.000229,0.725287,2.929219,2.632827,0.010402,-0.000551,3.167300,0.013624,0.055183
24.224814,77.549695,-2.422980,0.056301,1.209305,2.799243,2.251839,3.752679,1.928986,0.713846,2.480993,0.057616,0.251921,1.323389,2.552993,2.261702,2.696666,2.187729,0.045196,0.461755,0.000093,0.113495,0.071291,0.001704,0.121227,0.000737,0.676640,2.890237,2.645070,0.010724,-0.000874,3.165045,0.013302,0.185338
23.964196,82.989763,-2.498927,0.058603,1.176428,2.794969,2.279456,3.802652,2.061481,0.758887,2.553322,0.581350,0.026712,1.274730,2.520445,2.203838,2.512883,2.274853,0.050351,0.510402,0.001059,0.124126,0.079023,0.000415,0.201124,-0.000874,0.587400,2.906024,2.647647,0.078379,0.207889,3.209181,0.012657,0.159565
23.876721,87.204528,-2.415089,0.060575,1.150126,2.849874,2.267291,3.810542,2.068713,0.761518,2.475732,0.794395,0.000410,1.197140,2.495130,2.184441,2.494472,2.291292,0.054217,0.543263,-0.000229,0.129603,0.082245,0.000093,0.234629,-0.000229,0.591588,2.963047,2.650546,0.148289,0.373804,3.230766,0.013302,-0.000551
23.430966,88.843683,-2.613012,0.060246,1.150783,2.905765,2.336004,3.818433,2.141701,0.841080,2.673981,0.488308,0.001396,1.266511,2.575021,2.266634,2.610528,2.303785,0.061626,0.531665,-0.000229,0.128637,0.082567,0.000415,0.305828,-0.000229,0.584500,2.993653,2.655057,0.197258,0.488173,3.252996,0.013624,0.060016
23.678110,89.034077,-2.609395,0.063205,1.212264,2.964944,2.435951,3.836515,2.231784,0.894670,2.674639,0.905520,-0.001563,1.297416,2.589816,2.313977,2.746311,2.314634,0.061304,0.564848,-0.000551,0.128959,0.085467,-0.000551,0.326124,0.000093,0.397645,2.994297,2.645714,0.301639,0.446614,3.248163,0.014268,-0.000874
23.114552,86.733699,-2.695863,0.062548,1.339498,3.062917,2.526692,3.861502,2.285374,1.015001,2.761434,0.910122,0.000081,1.342786,2.678255,2.378087,2.832778,2.379731,0.075157,0.573869,0.000093,0.129281,0.092554,0.000093,0.335789,0.000093,0.544552,3.033923,2.651835,0.421163,0.508469,3.252029,0.013946,0.000093
21.211986,83.578345,-2.706384,0.067151,1.331279,2.999793,2.534253,3.874324,2.418526,1.091933,2.773599,0.985411,0.002054,1.392431,2.679899,2.395841,2.824230,2.381704,0.079346,0.611240,-0.001196,0.139913,0.095454,-0.000229,0.342554,-0.000229,0.439526,3.010083,2.648291,0.511369,0.535209,3.245586,0.013302,0.060982
20.897530,83.826711,-2.665616,0.067151,1.309580,2.956067,2.516171,3.862488,2.446472,1.110016,2.731187,1.055768,0.001067,1.414787,2.701598,2.464225,2.844613,2.393539,0.073224,0.607052,-0.000229,0.148611,0.094809,-0.000229,0.323225,-0.000551,0.355441,2.991720,2.639915,0.504281,0.512658,3.242364,0.013624,0.000093
19.227903,80.805803,-2.687644,0.070438,1.457199,3.097109,2.780503,3.899639,2.545432,1.169523,2.758475,1.330950,-0.000576,1.419061,2.711790,2.510582,2.924505,2.450417,0.060982,0.569036,0.000093,0.138624,0.087400,-0.000551,0.330956,0.000093,0.451124,2.953382,2.624129,0.483341,0.519745,3.218524,0.013302,0.000093
18.779051,79.710358,-2.665287,0.064849,1.390458,2.993547,2.639789,3.897338,2.542473,1.207003,2.735133,1.321416,0.051698,1.469692,2.705872,2.480664,2.920231,2.529979,0.062915,0.608985,0.000415,0.145067,0.083212,0.000093,0.332889,-0.000229,0.404088,2.923421,2.635727,0.494294,0.538431,3.202416,0.013302,0.000093
17.921671,76.616474,-2.658383,0.071425,1.348046,3.092507,2.756832,3.905228,2.625652,1.211277,2.727900,1.304320,0.018821,1.560762,2.717708,2.514198,2.933053,2.584884,0.055505,0.580957,0.000093,0.139913,0.075802,-0.000551,0.313560,0.000093,0.356408,2.894103,2.629928,0.483985,0.497194,3.193717,0.013624,-0.000874
16.587176,72.987170,-2.680739,0.072411,1.388814,3.126370,2.782476,3.884187,2.782804,1.345087,2.754201,1.332265,0.273291,1.663996,2.716721,2.546747,2.969875,2.742694,0.065492,0.602864,-0.000874,0.149900,0.086755,0.000415,0.333212,0.000093,0.432438,2.898936,2.637660,0.607052,0.608985,3.192107,0.014268,-0.000551
16.055828,72.163562,-2.686000,0.357457,1.400979,3.150370,2.802859,3.886488,2.839682,1.399992,2.821928,1.714298,0.428471,1.788600,2.747297,2.617433,2.999465,2.797928,0.079023,0.656343,0.000093,0.162464,0.111562,0.000093,0.367361,-0.000551,0.325802,2.903446,2.621874,0.839333,0.780377,3.191140,0.012980,0.515879
15.360468,72.720589,-2.123795,0.857519,1.550241,3.221714,2.864668,3.899310,2.893271,1.517035,2.942916,1.800765,0.468582,1.913205,2.755516,2.679242,3.063575,2.907080,0.090621,0.704990,-0.000229,0.181150,0.134758,0.000093,0.415686,0.038108,0.510080,2.937274,2.674709,1.093521,0.891524,3.196295,0.013946,0.430505
14.740065,70.842598,-2.049492,0.997905,1.744545,3.313770,2.886367,3.908516,2.927792,1.555501,2.979081,1.930958,0.481404,2.032877,2.739078,2.715735,3.145439,2.969546,0.090621,0.721098,0.000093,0.181472,0.141523,0.000093,0.509114,0.033920,0.357052,2.878317,2.571616,1.140880,0.919874,3.181475,0.012657,0.423740
14.881579,70.554429,-1.962367,1.095550,1.909588,3.308509,2.958039,3.943037,2.879463,1.568652,3.016889,1.952986,0.728640,2.065755,2.847244,2.741051,3.165494,2.994533,0.082245,0.726253,-0.000229,0.184694,0.138624,-0.000229,0.542619,0.040041,0.325480,2.877029,2.596745,1.154088,0.706601,3.158279,0.013624,0.322902
15.196348,68.748064,-1.967956,1.264867,1.985863,3.301605,2.981711,3.934160,2.804503,1.466733,2.994862,2.043069,0.881191,2.049645,2.842641,2.763407,3.213494,2.969546,0.138624,0.760080,-0.000551,0.226253,0.156343,0.000737,0.575480,0.059371,0.550673,2.930508,2.584180,1.356086,0.815493,3.185019,0.013624,0.739784
15.455623,65.887917,-1.954805,1.353964,1.928986,3.232234,3.039246,3.909174,2.750585,1.359882,2.983026,1.864875,0.672749,2.006904,2.845600,2.763407,3.231906,2.896230,0.175351,0.759758,0.000415,0.241072,0.166974,0.000093,0.575158,0.184371,0.730763,3.014593,2.517492,1.384759,0.917941,3.235921,0.011047,1.124127
16.146165,71.663004,-1.811131,1.539392,2.187729,3.163850,3.121439,3.913119,2.717708,1.255662,2.908066,1.521638,0.001067,1.968109,2.914642,2.792339,3.351249,2.848230,0.198224,0.728508,-0.000229,0.223031,0.166008,-0.000551,0.567426,0.221420,1.029088,3.195328,2.550031,1.367362,1.130893,3.239143,0.013302,1.414720
12.507608,73.879161,-1.778582,1.617968,2.235401,3.226645,3.106315,3.932187,2.702584,1.327663,2.931738,1.911890,0.406772,1.925698,2.971519,2.822914,3.452511,2.959026,0.241395,0.884114,-0.000229,0.281021,0.205956,0.002670,0.681150,0.238173,1.025222,3.172454,2.527479,1.627027,1.449514,3.320329,0.014268,2.043265
5.992969,52.476458,-1.863077,1.718901,2.340279,3.281221,3.145768,3.930872,2.673652,1.234949,2.984670,1.993425,0.000410,1.927999,2.946204,2.797270,3.479799,2.987629,0.252670,0.912142,0.000415,0.285853,0.265879,0.032632,0.670518,0.346420,1.050996,3.164400,2.550997,1.619617,1.447581,3.348035,0.014268,2.259760
-13.783441,-11.611696,-2.042588,1.676818,2.351786,3.345332,3.339085,3.951585,2.088440,1.030124,2.973163,2.035836,0.001067,1.691284,2.801544,2.665433,3.535361,2.946861,0.300351,0.766846,0.000093,0.335145,0.463688,0.123804,0.673740,0.518134,1.502993,3.290689,2.382505,1.590622,1.445004,3.398615,0.014268,2.347066
-24.766375,-44.829020,-2.042588,1.499610,2.078248,3.014917,3.664897,4.164957,1.765586,0.674064,2.936998,2.429376,0.822012,1.333580,2.491842,2.694694,3.729993,3.231248,0.534565,0.708212,0.245583,0.593521,0.604152,0.300351,0.589333,0.684372,3.097068,3.842881,2.745585,1.674707,1.848999,3.327094,2.849967,2.904091
-27.977234,-58.192546,-1.278517,1.614680,2.028932,2.715735,3.917064,4.279041,2.078248,0.792751,2.383676,2.473102,1.756052,1.283936,2.443841,2.797599,3.901941,3.464347,1.024900,0.884758,0.486884,0.829346,0.782310,0.527155,0.758792,0.882825,3.832572,4.306156,2.924065,1.859952,2.260404,3.452094,3.453383,3.397648
-29.516511,-66.800570,-1.279175,1.760983,2.254798,2.785435,4.034106,4.403645,2.198249,0.863108,2.432663,2.673652,1.894793,1.297416,2.428389,2.978423,3.995311,3.581389,1.151833,0.844488,0.513624,0.890879,0.766846,0.566137,0.779088,0.916008,3.947585,4.380576,2.932763,1.756537,2.244940,3.443718,3.454027,3.405380
-30.311725,-70.802155,-1.354135,1.760655,2.272223,2.877819,4.096573,4.453289,2.113755,0.842395,2.504664,2.681214,1.947068,1.262895,2.357703,3.008341,4.008462,3.652404,1.178895,0.826124,0.499771,0.874771,0.739784,0.567103,0.742039,0.925029,4.004286,4.424713,2.953704,1.623483,2.174708,3.416334,3.436630,3.392171
-32.623118,-76.839558,-1.408383,1.749148,2.265319,2.870586,4.096573,4.460522,2.110467,0.804587,2.554309,2.737105,1.948054,1.252703,2.343895,2.986314,4.003859,3.680020,1.177929,0.805828,0.474964,0.867039,0.722709,0.565815,0.721098,0.918908,4.003642,4.428579,2.956926,1.535854,2.173419,3.435019,3.429220,3.376707
-34.494556,-82.050505,-1.463288,1.772819,2.372169,2.900833,4.162656,4.477947,2.083837,0.821354,2.614802,2.765380,2.026960,1.253360,2.278141,3.037273,4.012736,3.701719,1.220454,0.796485,0.441137,0.927606,0.707245,0.616717,0.736885,0.943715,4.042946,4.456607,3.018459,1.482697,2.156667,3.453061,3.439852,3.394427
-35.933292,-85.272331,-1.462302,1.755723,2.322196,2.853819,4.185670,4.477618,1.889862,0.674393,2.586857,2.747626,1.906958,1.146181,2.216989,3.030369,4.019969,3.679034,1.270068,0.787787,0.369616,0.953057,0.666653,0.628315,0.737851,0.956279,4.076451,4.481092,3.061630,1.296485,2.152156,3.464014,3.432442,3.404414
-36.176600,-88.051743,-1.464274,1.636379,2.185427,2.803846,4.168902,4.460522,1.586406,0.381457,2.496774,2.756832,1.905314,0.996918,2.183455,2.989930,4.013723,3.619198,1.320648,0.741395,0.300351,0.942426,0.610274,0.636047,0.738495,0.953702,4.115756,4.497844,3.081282,1.008470,2.119618,3.466592,3.428898,3.387661
-36.386265,-88.402264,-1.567509,1.545309,2.119015,2.759133,4.159039,4.459536,1.460486,0.084576,2.476719,2.758147,1.816875,0.894341,2.141043,3.011629,4.003202,3.592238,1.339656,0.652155,0.243972,0.897645,0.578701,0.590622,0.710789,0.913753,4.125098,4.497522,3.077416,0.988173,2.110919,3.465625,3.392494,3.353512
-37.521851,-88.954653,-1.740444,1.451281,2.014137,2.711790,4.136683,4.446385,1.345416,0.082274,2.392224,2.684173,1.742901,0.745079,2.098303,2.984341,3.981174,3.517279,1.360918,0.645390,0.246227,0.884758,0.581601,0.573547,0.699513,0.888302,4.119944,4.498811,3.090947,0.647000,2.043265,3.455316,3.372197,3.316785
-38.484289,-90.372393,-1.992285,1.353964,1.912547,2.600665,4.120573,4.443755,1.220154,0.079315,2.341922,2.634857,1.650845,0.697736,2.072330,2.963957,3.973284,3.481443,1.354797,0.606408,0.223675,0.865428,0.560016,0.549707,0.678250,0.866395,4.115756,4.500422,3.079671,0.538753,2.023290,3.435986,3.349001,3.277158
-38.832912,-91.803533,-2.002149,1.306292,1.897424,2.635844,4.129121,4.445399,1.145852,0.076685,2.319566,2.616117,1.618625,0.653352,2.006247,2.934697,3.971640,3.476511,1.380571,0.597065,0.200157,0.845454,0.542941,0.533276,0.667619,0.854153,4.124454,4.508154,3.100289,0.320003,2.018458,3.421489,3.336115,3.231411
-40.015138,-93.775375,-1.966641,1.387170,1.869478,2.733489,4.123532,4.444412,1.330950,0.079973,2.320223,2.605926,1.616324,0.643488,1.995069,2.982368,3.976572,3.471580,1.377993,0.628637,0.210789,0.906343,0.555183,0.555828,0.675995,0.862851,4.128642,4.513308,3.100934,0.508469,2.242041,3.488821,3.365754,3.306798
-42.029259,-93.766914,-1.649374,1.536433,2.134468,2.846257,4.155094,4.473344,1.409198,0.084576,2.408992,2.681872,1.762299,0.723709,2.039453,3.036944,4.013723,3.591581,1.387336,0.697903,0.215621,0.943715,0.578701,0.656988,0.692748,0.875416,4.139918,4.522651,3.114787,0.497516,2.350288,3.563886,3.429220,3.371231
-45.565556,-99.985769,-1.536276,1.669256,2.265976,2.960670,4.173505,4.486495,1.615995,0.310442,2.556939,2.739735,1.874081,0.912095,2.024987,3.090863,4.023586,3.649773,1.401511,0.744294,0.221743,0.984952,0.605119,0.686949,0.708212,0.897001,4.146361,4.531350,3.117364,0.454990,2.422775,3.607378,3.450483,3.427932
-48.466061,-102.575254,-1.582962,1.723504,2.388608,3.015903,4.193560,4.502276,1.648215,0.375868,2.633871,2.778530,1.884930,0.956151,2.046357,3.183247,4.025887,3.700075,1.446292,0.788431,0.248804,1.018457,0.636691,0.725931,0.720776,0.913431,4.170524,4.548102,3.128318,0.446614,2.495263,3.683087,3.480767,3.468525
-48.275489,-106.871923,-1.603674,1.742572,2.374799,3.018533,4.195533,4.503591,1.650188,0.360087,2.628940,2.777873,1.863231,0.881848,2.041425,3.210207,4.014709,3.701719,1.472065,0.802284,0.233985,1.053573,0.622516,0.731086,0.717555,0.897645,4.159892,4.546814,3.108666,0.344487,2.541977,3.701450,3.481733,3.462081
-46.194357,-108.631556,-1.593482,1.681750,2.314963,2.968231,4.170546,4.490440,1.554186,0.265400,2.556281,2.700612,1.763285,0.754613,2.052275,3.236837,3.996627,3.673445,1.473032,0.795196,0.230441,1.074836,0.658276,0.719165,0.691137,0.853186,4.142173,4.542625,3.089014,0.390235,2.544232,3.685664,3.474002,3.442107
-46.664097,-110.904348,-1.639511,1.559447,2.177866,2.911025,4.144245,4.474988,1.429253,0.086877,2.461595,2.632227,1.719230,0.675051,1.988493,3.209220,3.975256,3.620513,1.421808,0.779410,0.185660,1.075158,0.646678,0.689848,0.671485,0.828379,4.079673,4.517497,3.077093,0.378315,2.484631,3.658602,3.457571,3.411501
-46.707198,-115.298345,-1.841378,1.374677,2.107837,2.851846,4.122546,4.461837,1.222456,0.079973,2.335347,2.509267,1.479555,0.551103,1.873423,3.219741,3.958489,3.545224,1.392813,0.771034,0.132181,1.063238,0.608663,0.644101,0.631537,0.803573,4.072585,4.502355,3.053253,0.269101,2.461757,3.622520,3.406991,3.343847
-44.464968,-120.792543,-1.934421,1.294785,2.042412,2.798585,4.109066,4.453618,1.143222,0.077671,2.296223,2.515514,1.426623,0.487979,1.915835,3.241440,3.948297,3.524840,1.385403,0.788109,0.126704,1.078702,0.622838,0.625738,0.621549,0.793586,4.058088,4.489790,3.051965,0.478830,2.474000,3.612855,3.407958,3.351901
-40.518196,-117.661582,-1.964668,1.181030,1.997699,2.772941,4.085723,4.444084,0.998562,0.076028,2.245592,2.421156,1.191880,0.270003,1.856327,3.243741,3.915091,3.457442,1.354797,0.795196,0.103508,1.092555,0.617361,0.608663,0.615428,0.784243,4.017173,4.483025,3.044877,0.617683,2.463368,3.575484,3.399581,3.308731
-37.014441,-116.995418,-2.041930,1.059714,1.843176,2.653269,4.048901,4.426659,0.485020,0.071425,2.160441,2.344224,1.010727,0.131590,1.869478,3.197713,3.888461,3.400565,1.272001,0.780699,0.097709,1.083212,0.637013,0.540686,0.562271,0.728508,3.936309,4.452097,3.032957,0.593521,2.375095,3.514594,3.318396,3.242042
-37.073654,-115.759128,-1.864721,0.826286,1.647229,2.413266,3.986106,4.401015,0.195701,0.065836,1.931945,2.224222,0.766120,0.001396,1.805039,3.197056,3.843419,3.346318,1.225931,0.761369,0.114784,1.066459,0.661820,0.518779,0.514268,0.688560,3.867044,4.419558,3.005573,0.634758,2.251706,3.455316,3.281024,3.195650
-36.599145,-117.176662,-1.751951,0.737188,1.536104,2.349813,3.962763,4.395425,0.065836,0.064192,1.814902,2.210743,0.741791,0.000410,1.703448,3.199357,3.829282,3.337770,1.181150,0.741717,0.102864,1.043908,0.681472,0.456601,0.479797,0.658598,3.804866,4.375421,2.994297,0.611240,2.098999,3.404414,3.250096,3.143460
-34.733475,-117.239851,-1.639182,0.621461,1.479555,2.298853,3.927256,4.381946,0.063205,0.061890,1.702462,2.147947,0.675051,0.000739,1.666955,3.186864,3.808241,3.307852,1.153766,0.729797,0.100608,1.028444,0.686627,0.429217,0.454346,0.644745,3.804221,4.350615,2.972068,0.629281,2.025223,3.373808,3.220457,3.083859
-33.009857,-116.450283,-1.391615,0.144741,1.318786,2.203181,3.841775,4.342822,0.058603,0.057616,1.446349,1.973041,0.515596,-0.001563,1.472651,3.159247,3.732295,3.223686,1.079668,0.696936,0.094165,0.983341,0.712722,0.405054,0.382181,0.576446,3.650226,4.306156,2.915044,0.647323,1.778767,3.310664,3.150869,2.986565
-32.549454,-116.576330,-1.288709,0.103973,1.263881,2.145646,3.820077,4.327370,0.057616,0.053013,1.338841,1.881643,0.306168,0.000410,1.377307,3.155631,3.716185,3.203960,1.050029,0.690815,0.089977,0.957890,0.701769,0.385402,0.361884,0.565170,3.637017,4.290370,2.907634,0.608985,1.696937,3.305509,3.121230,2.944039
-31.271131,-115.122419,-1.251229,0.054657,1.262895,2.130194,3.805939,4.314219,0.055644,0.054657,1.306950,1.852711,0.306168,0.000081,1.391773,3.151357,3.703692,3.188179,1.018779,0.690171,0.133791,0.957245,0.728830,0.388946,0.362851,0.561949,3.631541,4.281993,2.878640,0.608018,1.706924,3.313885,3.109632,2.925998
-30.425768,-113.516451,-1.356765,0.144412,1.326676,2.195948,3.795419,4.316192,0.058603,0.057287,1.411171,1.847779,0.331812,-0.000248,1.576543,3.161549,3.689555,3.183247,0.992361,0.695970,0.152799,0.969166,0.764591,0.390879,0.400222,0.570003,3.608667,4.266207,2.892170,0.598354,1.711756,3.316140,3.124774,2.952415
-30.659157,-113.656764,-1.397533,0.146714,1.336211,2.218633,3.788186,4.315534,0.058603,0.055972,1.452267,1.854026,0.358443,0.001067,1.712983,3.161549,3.676075,3.181275,0.967555,0.693070,0.205956,0.967555,0.795519,0.389913,0.409243,0.558727,3.564530,4.249132,2.881539,0.640879,1.782955,3.316140,3.120586,2.955959
-31.373381,-114.996678,-1.379451,0.138494,1.309580,2.209756,3.760898,4.302383,0.058274,0.055315,1.440431,1.842190,0.375539,0.001067,1.695229,3.145768,3.623472,3.151028,0.938560,0.680828,0.192103,0.964977,0.822580,0.393134,0.394101,0.547774,3.545200,4.228192,2.873485,0.698869,1.809373,3.315496,3.091269,2.936307
-32.011912,-116.099604,-1.334737,0.130275,1.260593,2.198578,3.738541,4.295150,0.058274,0.058274,1.390787,1.723504,0.281839,0.001067,1.547940,3.112890,3.586649,3.137220,0.902477,0.680183,0.204023,0.980764,0.818070,0.386047,0.365750,0.532954,3.485599,4.208217,2.866397,0.743006,1.854476,3.314207,3.068073,2.917944
-31.566276,-114.158135,-1.186132,0.053013,1.150126,2.120002,3.704349,4.272794,0.053671,0.053013,1.239881,1.663667,0.100685,-0.000905,1.320430,3.084945,3.554101,3.079027,0.877671,0.645067,0.193392,0.959178,0.772967,0.349642,0.291652,0.482374,3.427932,4.180833,2.856410,0.647323,1.644746,3.298421,2.988820,2.822905
-29.923152,-111.616295,-0.821522,0.048082,1.060371,1.859615,3.615252,4.233013,0.049397,0.047753,0.869684,1.305306,0.003369,0.000410,1.197140,3.015246,3.420949,3.004396,0.817104,0.536176,0.241395,0.922129,0.782954,0.334822,0.252026,0.438237,3.287790,4.101903,2.836114,0.639913,1.500738,3.264594,2.889271,2.765559
-30.156694,-109.749892,-0.711712,0.041178,0.922287,1.758025,3.540950,4.202437,0.047753,0.047096,0.757901,1.120208,0.000410,-0.000248,1.102783,2.962642,3.337770,2.920231,0.656988,0.453057,0.235273,0.878315,0.746872,0.305505,0.182116,0.371227,3.104155,3.993655,2.797454,0.593199,1.356086,3.223679,2.745907,2.671809
-29.337878,-107.788144,-0.773193,0.046438,0.925904,1.892492,3.522868,4.196190,0.048082,0.045452,0.824313,1.136646,-0.000248,-0.000576,1.141578,2.895573,3.307852,2.909710,0.589977,0.408276,0.258147,0.870261,0.759436,0.300995,0.156343,0.269423,2.975933,3.953384,2.778768,0.628637,1.084823,3.221746,2.733021,2.618974
-28.992547,-105.662757,-0.734726,0.046438,0.904862,1.804381,3.443963,4.160026,0.045780,0.045123,0.779929,1.002836,0.001725,0.001067,1.095550,2.851518,3.273331,2.852504,0.497194,0.352864,0.229797,0.859307,0.748482,0.301317,0.149255,0.252993,2.767492,3.872198,2.749451,0.585789,0.947903,3.207893,2.646680,2.539077
-28.750344,-106.765849,-0.638724,0.042493,0.700037,1.806025,3.293057,4.123203,0.045123,0.044137,0.683270,0.945630,0.001067,0.000081,0.983439,2.775900,3.180289,2.720338,0.412142,0.296807,0.232696,0.842555,0.759114,0.285531,0.121871,0.213688,2.549386,3.746232,2.658278,0.615428,0.857374,3.175676,2.596423,2.459824
-28.212466,-108.956094,-0.639711,0.043150,0.669790,1.826080,3.257550,4.112025,0.044465,0.043479,0.682941,0.898615,-0.000576,-0.000248,0.929191,2.665104,3.142480,2.654255,0.392812,0.282310,0.241072,0.849320,0.765235,0.295196,0.114784,0.206601,2.461435,3.654736,2.619618,0.607052,0.904088,3.187274,2.604477,2.510404
-29.423908,-109.679384,-0.634450,0.044794,0.672092,1.874410,3.186864,4.105450,0.043808,0.042493,0.677352,0.863437,-0.000248,0.002382,0.909136,2.606583,3.082644,2.616446,0.353830,0.256214,0.231407,0.865751,0.786498,0.329346,0.091910,0.182761,2.256860,3.553254,2.509760,0.656665,0.919874,3.176320,2.576448,2.488175
-29.913965,-107.807722,-0.620642,0.040191,0.704969,1.917150,3.071465,4.089997,0.042821,0.041506,0.664201,0.779600,0.001725,0.000739,0.830560,2.474746,3.030040,2.540500,0.326124,0.215299,0.237206,0.895068,0.782310,0.354797,0.067425,0.157309,2.140558,3.445973,2.412466,0.854153,1.094810,3.189851,2.484953,2.415043
-29.857108,-102.695133,-0.618012,0.042493,0.847327,1.924054,3.045164,4.084737,0.043808,0.047424,0.658612,0.687873,0.000739,0.000739,0.806888,2.397485,3.029054,2.497431,0.144745,0.165364,0.206601,0.885725,0.706279,0.325802,0.001059,0.139590,1.835146,3.286501,2.267169,0.900867,0.998160,3.149581,2.366074,2.342556
-28.809235,-94.419711,-0.614066,0.041178,0.733901,1.886903,3.009985,4.066326,0.043479,0.042164,0.656639,0.596474,0.000410,0.000739,0.834176,2.309045,2.987629,2.426417,0.111240,0.166652,0.214977,0.858985,0.703379,0.310016,-0.000551,0.100608,1.717233,3.209181,2.233020,1.016846,1.022645,3.124452,2.311950,2.260082
-26.399445,-83.490338,-0.778453,0.042493,0.966342,2.116385,2.914970,4.046271,0.044137,0.043150,0.820368,0.590556,0.001396,0.000739,0.950233,2.239675,2.966916,2.378745,0.076446,0.141846,0.205312,0.838367,0.695647,0.296163,0.000737,0.082889,1.544875,2.973678,1.991718,1.155699,0.965622,3.108021,2.248806,2.234953
-15.581200,-51.810792,-1.465261,0.045452,1.117577,2.357703,2.763078,3.977887,0.046109,0.045452,1.512432,0.284140,0.001396,0.000410,1.188263,2.116385,2.814366,2.254140,0.000093,0.132825,0.160531,0.810016,0.670518,0.189204,0.000415,0.064204,1.040042,2.558729,1.879282,1.161176,0.840622,3.078704,2.082569,2.173742
5.451963,0.126872,-0.899770,0.034931,0.961740,2.238031,1.657420,3.574485,0.037561,0.037890,0.937082,0.034931,0.001725,-0.000576,1.282950,1.606461,2.235401,1.691613,0.000093,0.053895,0.139590,0.551640,0.618650,0.123804,-0.000229,0.000415,0.401511,2.023290,1.834179,1.013302,0.431150,2.836114,1.503960,1.713367
22.337353,38.218522,-0.675218,0.027698,0.360744,1.744545,1.000535,3.155302,0.027040,0.025725,0.704969,0.026712,0.000410,0.000410,1.257305,1.174126,1.910246,1.119879,-0.000229,0.000093,0.000737,0.001059,0.274255,-0.000229,0.000093,-0.000229,0.171163,2.298420,2.424708,0.010402,0.000093,2.415688,0.010080,0.533598
25.876934,44.974771,-1.792391,0.033616,0.031314,2.115728,1.056426,3.277605,0.032958,0.031643,1.826080,0.031643,0.000410,0.000410,1.534460,1.393417,2.137755,1.405910,0.032954,0.070325,0.000415,0.000415,0.021678,-0.000551,0.144745,0.000737,0.812271,2.999129,2.555185,0.007181,-0.000229,2.356087,0.009758,-0.000874
27.962690,51.192166,-1.682580,0.032630,0.041835,2.101591,1.243168,3.308180,0.032630,0.031314,1.714298,0.031314,0.000410,0.222660,1.724819,1.506514,2.221921,1.399335,0.038431,0.085145,0.000415,0.000093,0.003637,-0.000551,0.206601,0.000415,0.660209,2.994941,2.484309,0.008791,0.000093,2.009115,0.007825,0.001382
28.913343,55.844431,-1.645757,0.030986,0.031643,2.075618,1.329306,3.288783,0.032958,0.032630,1.678462,0.035917,0.000410,0.273948,1.770518,1.569310,2.318251,1.367444,0.038753,0.089333,0.000415,-0.000229,-0.000229,0.000093,0.206923,0.000415,0.720454,3.053575,2.547453,0.009758,-0.000551,1.609308,0.007181,0.000093
29.037171,57.346858,-1.654634,0.034602,0.523158,2.111125,1.430239,3.291084,0.033945,0.034931,1.688325,0.033616,0.000410,0.355813,1.941150,1.711997,2.388608,1.358896,0.042941,0.085467,0.000093,0.000415,0.000415,-0.000229,0.308083,0.000415,0.806472,3.152802,2.562273,0.011369,-0.001196,1.806473,0.006858,0.000737
28.389494,59.642699,-1.662525,0.032630,0.428143,2.048330,1.429582,3.321002,0.034931,0.033616,1.696544,0.033616,0.000410,0.357128,1.949698,1.717257,2.388279,1.391444,0.040364,0.071614,0.000415,0.000093,0.000093,-0.000551,0.344165,-0.000229,0.806794,3.146037,2.569683,0.009436,-0.000229,1.986563,0.008147,-0.000229
29.602621,63.937383,-1.860447,0.041506,0.599762,2.254798,1.462788,3.358154,0.036904,0.035589,1.896109,0.036246,0.001396,0.450170,2.010850,1.822135,2.417211,1.381252,0.056150,0.087722,-0.000874,0.000093,-0.000229,0.000415,0.355119,0.000093,0.951124,3.194684,2.629606,0.010080,-0.000229,2.457247,0.010080,-0.000874
30.182506,62.699864,-2.016286,0.036575,0.609625,2.309374,1.555501,3.449223,0.039205,0.037890,2.054905,0.036246,-0.000248,0.501459,2.059179,1.878355,2.430691,1.545638,0.062593,0.087400,0.000415,-0.000229,-0.000229,-0.000229,0.416008,0.000415,1.017490,3.200483,2.675353,0.009758,0.000093,2.689851,0.010724,0.000415
30.225993,65.015952,-1.920284,0.038219,0.610940,2.298196,1.612379,3.472566,0.036904,0.036575,1.955945,0.037561,0.002054,0.575761,2.104550,1.954630,2.462910,1.569310,0.070969,0.079668,-0.000229,-0.000229,-0.000229,0.000093,0.403766,-0.000229,1.019101,3.230444,2.686951,0.010402,-0.000874,2.783923,0.010402,0.000415
31.044022,67.958452,-2.109000,0.039205,0.780258,2.396827,1.655119,3.498539,0.039863,0.039205,2.148276,0.039863,0.001396,0.657297,2.209099,2.036494,2.529651,1.652160,0.064526,0.072580,-0.000229,-0.000229,-0.000229,0.000093,0.423096,0.000093,1.009436,3.219169,2.693072,0.010402,-0.001518,2.819039,0.011691,-0.000874
29.697437,68.412561,-2.180015,0.039534,0.644803,2.335347,1.635722,3.516621,0.039863,0.039205,2.220606,0.038547,0.000410,0.649735,2.164386,2.005589,2.487239,1.707723,0.061304,0.092232,0.000415,0.000093,0.002026,-0.000551,0.424707,0.000093,0.855119,3.217558,2.661500,0.010402,0.002026,3.039722,0.012657,0.000093
28.167794,68.212168,-1.961709,0.036904,0.567213,2.219619,1.500596,3.473223,0.038219,0.037561,2.000000,0.037232,0.000739,0.562282,2.062138,1.897752,2.399457,1.603831,0.061626,0.069358,0.002348,-0.000229,0.022967,0.000415,0.395712,-0.000229,0.875093,3.208215,2.679541,0.010724,-0.000229,3.202094,0.010724,-0.000874
28.331037,70.882161,-1.913708,0.035589,0.555049,2.202523,1.540707,3.507087,0.037561,0.036575,1.951671,0.035917,-0.000576,0.578720,2.046028,1.876053,2.402745,1.698517,0.074835,0.119938,0.000737,-0.000874,0.072902,0.000093,0.372838,-0.000551,1.009114,3.201127,2.690173,0.011047,-0.000551,3.247519,0.012980,-0.000229
27.962664,71.619099,-1.989655,0.038219,0.602721,2.274524,1.608105,3.530430,0.038219,0.040520,2.027288,0.038219,0.000739,0.626721,2.088769,1.975342,2.454691,1.716599,0.062915,0.117361,0.000415,-0.000229,0.045518,0.000093,0.383147,0.000415,0.906021,3.197906,2.717879,0.011369,0.000415,3.284890,0.012013,-0.000229
28.164201,71.095584,-2.234921,0.038876,0.791107,2.378087,1.605146,3.517936,0.041178,0.042164,2.275839,0.039534,0.000739,0.653023,2.174907,2.000000,2.489212,1.758025,0.056472,0.113817,-0.000229,0.000737,0.025222,-0.000551,0.325480,0.000415,0.885725,3.170521,2.746229,0.011369,-0.000551,3.323550,0.013624,-0.000551
27.998608,74.961193,-2.245770,0.041178,0.817738,2.413266,1.626187,3.555416,0.041835,0.040520,2.286689,0.040849,0.001396,0.694777,2.208770,2.045699,2.466855,1.808327,0.052606,0.138624,0.000093,-0.000551,0.031021,-0.000229,0.329990,-0.000229,0.739140,3.164078,2.722067,0.011369,-0.000551,3.326772,0.014268,-0.000229
27.315580,76.497711,-2.343088,0.042493,0.850615,2.450746,1.679448,3.551471,0.339703,0.043479,2.385978,0.042821,0.000410,0.726339,2.229154,2.018083,2.486253,1.802409,0.059371,0.156987,0.000093,-0.000229,0.035209,0.000415,0.358663,-0.000551,0.823869,3.183086,2.744296,0.009758,0.000415,3.338692,0.013302,-0.002162
27.355465,74.831064,-2.429227,0.045452,0.921301,2.551350,1.627173,3.593554,0.729955,0.044465,2.474417,0.044137,0.000739,0.807874,2.171619,1.982904,2.456992,1.874410,0.047129,0.174706,0.000093,0.000415,0.001382,0.000093,0.348031,0.000093,0.686627,3.108021,2.754928,0.010724,0.001059,3.332249,0.013624,-0.001840
26.440906,76.394994,-2.375965,0.045780,0.907492,2.494801,1.597913,3.614595,0.734887,0.044465,2.420170,0.046109,0.003040,0.858176,2.154523,1.963835,2.424115,1.903670,0.041974,0.173740,0.000415,0.000415,0.001704,-0.000229,0.311304,0.000093,0.636047,3.067429,2.743652,0.011369,0.001059,3.335470,0.013946,-0.000874
26.168925,79.912267,-2.304950,0.045123,0.839436,2.468499,1.641311,3.600786,0.894013,0.043479,2.348498,0.045123,0.000410,0.846341,2.124605,1.936547,2.399457,1.996055,0.042941,0.204668,-0.000229,0.058405,0.012335,0.000737,0.294552,0.000737,0.523611,3.038111,2.733665,0.010724,0.000415,3.339014,0.012980,-0.000551
25.207778,80.065093,-2.436788,0.046438,0.922616,2.627624,1.683393,3.647801,1.046234,0.047096,2.483952,0.047096,0.000410,0.926890,2.210085,2.003617,2.432992,2.072001,0.052606,0.242361,0.000737,0.057760,0.030699,0.000415,0.378315,0.000093,0.537142,3.078382,2.758472,0.011369,-0.000229,3.347068,0.013624,-0.000551
25.062996,79.494851,-2.443693,0.047753,0.930178,2.618748,1.689311,3.676404,1.183332,0.047753,2.490198,0.047753,-0.001234,0.922287,2.196277,2.030905,2.426417,2.080878,0.051962,0.287464,0.000093,0.075802,0.045840,-0.000229,0.389913,0.000093,0.379603,3.087403,2.755572,0.011691,0.000737,3.342880,0.012013,0.000093
23.480508,79.512685,-2.434816,0.046767,0.895656,2.579295,1.710681,3.672787,1.213250,0.048411,2.480664,0.049726,0.000410,0.943986,2.196277,1.993754,2.432006,2.115728,0.062593,0.308405,0.000093,0.091266,0.061626,-0.000229,0.383469,-0.000551,0.366717,3.115431,2.727544,0.009114,-0.000229,3.343524,0.013946,-0.000874
21.573614,76.913003,-2.480187,0.047424,0.927876,2.609542,1.713969,3.675089,1.183332,0.048082,2.528007,0.046109,0.000410,0.910780,2.189373,1.988493,2.422800,2.098632,0.064848,0.287786,0.000093,0.085145,0.047451,0.000737,0.371227,-0.000229,0.378959,3.100612,2.738498,0.011047,-0.000229,3.330960,0.012980,-0.000229
20.814847,77.218369,-2.457172,0.047424,0.930835,2.602638,1.775778,3.667856,1.160975,0.045452,2.502363,0.049068,0.000081,0.920314,2.165043,2.017425,2.407348,2.119673,0.058083,0.292941,-0.000229,0.089977,0.037464,0.000415,0.336755,0.000737,0.393134,3.084181,2.740431,0.011369,-0.000551,3.317751,0.012980,-0.001196
21.652826,80.873641,-2.484461,0.048082,0.887766,2.586528,1.828053,3.716843,1.296429,0.048739,2.532938,0.071096,0.000739,0.940698,2.188715,1.994082,2.435293,2.132495,0.065815,0.305505,0.000093,0.105119,0.055183,-0.000229,0.378315,-0.000229,0.570003,3.112210,2.747840,0.011691,-0.000551,3.315818,0.013302,-0.000551
20.751072,80.652270,-2.454871,0.047753,0.892698,2.544774,1.758025,3.714870,1.378951,0.048739,2.501048,0.048739,-0.000905,0.932479,2.146632,1.969753,2.390581,2.124605,0.076124,0.343843,0.000415,0.113495,0.060982,-0.000551,0.493972,-0.000229,0.300351,3.122519,2.745263,0.011369,-0.000874,3.288434,0.012335,-0.000229
18.576066,76.378619,-2.409500,0.049726,0.852259,2.549048,1.692599,3.704349,1.619941,0.049726,2.460609,0.492911,-0.002878,0.911766,2.085152,1.956602,2.382690,2.117372,0.071936,0.418908,0.000093,0.115750,0.051962,0.000093,0.513946,0.000093,0.021678,3.079349,2.761693,0.011047,-0.000551,3.258151,0.013624,-0.001518
17.532063,74.782018,-2.353937,0.047424,0.771381,2.499404,1.624543,3.694815,1.676818,0.048082,2.399786,0.257839,0.001067,0.891382,2.094358,1.933588,2.376115,2.101262,0.078057,0.408598,0.000415,0.122516,0.064848,-0.000551,0.503315,0.000415,0.023933,3.071617,2.750740,0.010080,-0.000551,3.250741,0.015235,0.001382
16.100153,71.658874,-2.360841,0.047753,0.702339,2.435293,1.623228,3.681993,1.482843,0.050054,2.410307,0.577405,0.000410,0.880533,2.091070,1.927342,2.363950,2.093700,0.083856,0.400222,0.000415,0.115106,0.059049,-0.000229,0.494616,-0.000229,0.000093,3.029735,2.724967,0.010724,0.000093,3.257828,0.014268,-0.000229
15.913226,69.026888,-2.359198,0.047753,0.619817,2.408663,1.627831,3.671472,1.395718,0.047424,2.407019,0.477787,0.000739,0.857519,2.098960,1.918136,2.356388,2.086467,0.079346,0.392168,0.002026,0.115750,0.050995,0.000737,0.436304,0.001059,-0.001196,3.020392,2.719490,0.011047,-0.000874,3.224323,0.012980,0.000737
16.067376,67.731366,-2.308566,0.044137,0.499815,2.365265,1.656763,3.657993,1.242511,0.046109,2.354087,0.261784,0.000410,0.854889,2.109481,1.899396,2.350470,2.084823,0.084500,0.396034,-0.000551,0.112851,0.061949,-0.000551,0.431794,-0.000551,-0.000874,3.023936,2.715624,0.010080,0.000737,3.234955,0.013946,-0.006028
15.453900,68.964079,-2.272072,0.044137,0.707270,2.363950,1.747833,3.655034,1.385855,0.045780,2.318251,0.046438,-0.000576,0.869026,2.169975,1.936219,2.376443,2.071672,0.104474,0.384114,-0.000229,0.114462,0.074191,0.000093,0.492039,-0.000874,0.080956,3.088691,2.704992,0.012335,-0.000874,3.221424,0.012980,-0.000229
16.510037,68.289685,-2.294100,0.042493,0.261784,2.290305,1.629146,3.628732,1.230017,0.042164,2.339950,0.044137,0.003369,0.879875,2.151235,1.903670,2.345868,2.047343,0.109307,0.384758,0.000415,0.114784,0.070003,-0.000229,0.494294,-0.000874,-0.000874,3.095135,2.726577,0.011047,0.000415,3.190818,0.013624,-0.000551
