13.283314,2,0.491267,0.018821,0.008958,0.62705,0.006985,0.006985,0.006657,0.009287,0.307154,1.650845,1.029138,0.485678,1.677804,1.411499,1.767888,1.253689,1.254282,2.507505,1.69887,2.52909,1.419875,1.430506,2.420198,1.492684,1.079668,1.493651,1.348998,1.581602,1.157632,2.115107,1.515236,0.00557
13.868592,2,0.493897,0.010931,0.032958,0.638886,0.007314,0.005999,0.007314,0.0083,0.335758,1.669585,1.045576,0.494226,1.658407,1.455884,1.792874,1.244812,1.282632,2.502028,1.842878,2.539721,1.358019,1.436949,2.444038,1.496228,1.101898,1.550674,1.412787,1.596743,1.183083,2.161821,1.568715,0.006858
14.148249,2,0.503431,0.022766,0.013232,0.625735,0.006985,0.007314,0.007314,0.008629,0.341347,1.688325,1.044919,0.489294,1.663338,1.451938,1.752107,1.259278,1.321936,2.498806,1.866074,2.555185,1.38347,1.447581,2.406667,1.485274,1.118328,1.575803,1.447259,1.604798,1.195648,2.197904,1.639269,0.00557
14.408663,2,0.494555,0.022438,0.007972,0.628365,0.007643,0.007643,0.009287,0.010602,0.337402,1.674188,1.042618,0.509021,1.676818,1.457527,1.730079,1.236264,1.345455,2.491719,1.940816,2.552286,1.37155,1.446614,2.426964,1.476898,1.110596,1.712401,1.461434,1.620261,1.198869,2.203059,1.627349,0.006536
14.458781,2,0.480417,0.007643,0.007972,0.626721,0.004684,0.007314,0.010273,0.008629,0.338388,1.697531,1.043275,0.508363,1.677147,1.448979,1.756709,1.219497,1.335467,2.483342,1.926963,2.539399,1.376382,1.432761,2.411822,1.420519,1.113818,1.751061,1.485919,1.635725,1.211434,2.207891,1.632826,0.006536
14.443566,2,0.468253,0.0083,0.009615,0.630666,0.007972,0.0083,0.007643,0.0083,0.345621,1.771504,1.047878,0.496527,1.676818,1.474952,1.697202,1.246785,1.331601,2.487853,2.004605,2.524902,1.300029,1.413431,2.410855,1.468522,1.141846,1.814849,1.57838,1.687916,1.209179,2.223355,1.638947,0.005892
14.703482,2,0.459705,0.006985,0.055315,0.625077,0.008958,0.010273,0.008629,0.007314,0.330826,1.76197,1.042946,0.495541,1.66564,1.469034,1.68175,1.19451,1.358663,2.480443,2.019746,2.515881,1.264913,1.461112,2.399902,1.3999,1.169552,1.771679,1.537143,1.700481,1.213045,2.25686,1.654411,0.005892
15.446712,2,0.470554,0.224633,0.088192,0.63757,0.008958,0.008958,0.0083,0.008958,0.377841,1.773806,1.029138,0.49587,1.673202,1.49961,1.724161,1.171167,1.409565,2.536178,2.075159,2.507183,1.304862,1.460145,2.4115,1.446937,1.257826,1.902478,1.585468,1.745262,1.249771,2.36092,1.725287,0.006858
15.56085,2,0.455431,0.135207,0.125343,0.643817,0.008629,0.007314,0.008958,0.008958,0.373238,1.802409,1.034069,0.494555,1.671229,1.502898,1.74849,1.145523,1.439849,2.561629,2.106731,2.489786,1.317426,1.500094,2.43985,1.427929,1.420519,1.978509,1.60512,1.826447,1.286498,2.437595,1.751705,0.006858
16.152054,2,0.442609,0.0083,0.104959,0.637242,0.007643,0.007643,0.008629,0.008629,0.371265,1.810957,1.032426,0.505404,1.664982,1.492048,1.741257,1.19451,1.464656,2.532956,2.109631,2.480443,1.294875,1.513303,2.43083,1.431473,1.483986,2.00686,1.615751,1.829669,1.286498,2.441783,1.805507,0.007825
16.696706,2,0.415321,0.006985,0.040849,0.60568,0.010602,0.006328,0.008629,0.007314,0.363703,1.792546,1.019603,0.497514,1.641311,1.481856,1.692599,1.194839,1.446292,2.523935,2.090301,2.471422,1.2778,1.487529,2.421809,1.409565,1.459823,1.992362,1.624127,1.887981,1.27329,2.408278,1.801318,0.006858
17.21972,2,0.391978,0.007972,0.042493,0.590556,0.007972,0.007643,0.007972,0.008629,0.380471,1.753422,1.005466,0.511651,1.636379,1.426294,1.626516,1.188592,1.509759,2.51717,2.098677,2.441139,1.279733,1.50106,2.410533,1.41472,1.563883,1.976254,1.648612,1.87445,1.314205,2.407956,1.827736,0.006536
16.912858,2,0.375868,0.006657,0.053342,0.586611,0.007643,0.007643,0.007643,0.006985,0.391649,1.741586,0.997905,0.498171,1.623886,1.447335,1.612708,1.146838,1.433728,2.459824,2.044231,2.49784,1.211434,1.466911,2.429541,1.408921,1.544875,2.015236,1.619617,1.854476,1.308083,2.379283,1.813883,0.007181
16.040473,2,0.323264,0.007643,0.055644,0.545186,0.007972,0.006985,0.005341,0.006657,0.363046,1.740271,0.959109,0.532692,1.632763,1.423993,1.498953,1.1544,1.418264,2.387337,2.027801,2.458536,1.155699,1.422774,2.372518,1.408921,1.463689,2.025868,1.649256,1.820326,1.261369,2.371229,1.801641,0.007503
12.470661,2,0.204906,0.006985,0.006985,0.510336,0.005999,0.00567,0.006328,0.006657,0.314387,1.704106,0.936753,0.510664,1.624543,1.393746,1.371718,1.147167,1.427607,2.312273,2.010082,2.445971,1.254604,1.37606,2.365752,1.397967,1.367684,1.990429,1.631215,1.853187,1.249449,2.420198,1.721744,0.006858
5.838853,2,0.140467,0.005999,0.03526,0.567542,0.006328,0.006657,0.006985,0.0083,0.296305,1.622571,0.876588,0.488966,1.627173,1.418075,1.386513,1.168537,1.479797,2.17503,1.975932,2.425997,1.277478,1.361885,2.359631,1.350931,1.349965,1.95338,1.685983,1.864141,1.271357,2.460147,1.795842,0.007181
1.445373,2,0.052685,0.006328,0.089507,0.556035,0.00567,0.005999,0.006328,0.005999,0.235811,1.512432,0.713517,0.464965,1.644927,1.499939,1.42202,1.125468,1.448547,2.160533,2.01588,2.442105,1.39829,1.324192,2.342234,1.168908,1.165364,1.87445,1.635725,1.841911,1.278444,2.44726,1.827736,0.005892
-5.545225,2,0.047424,0.162823,0.241729,0.555377,0.006985,0.006657,0.006328,0.005341,0.178933,1.406897,0.53335,0.449184,1.628489,1.506514,1.592652,1.122838,1.348354,2.079669,1.942427,2.390237,1.454991,1.216266,2.272324,0.900544,1.068715,1.650867,1.481086,1.850932,1.248805,2.494618,1.880571,0.007181
-8.668739,2,0.276579,0.538939,0.470883,0.606995,0.0083,0.007972,0.007972,0.007314,0.081945,1.284265,0.338717,0.505404,1.889533,1.648215,1.987178,1.131386,1.23173,1.984953,1.70338,2.357054,1.431473,0.817104,2.179218,0.738495,0.890235,1.534243,1.306473,1.759115,1.148934,2.418265,1.743329,0.006214
-10.518976,2,0.419923,0.711544,0.58694,0.670776,0.008958,0.008958,0.009287,0.008629,0.075699,1.296101,0.32162,0.565241,2.087125,1.910574,2.07759,1.184647,1.160854,1.956602,1.605442,2.193716,1.295197,0.620261,2.098355,0.751382,0.774256,1.255893,0.905377,1.665687,0.999449,2.211113,1.490751,0.004281
-11.087892,2,0.488966,0.837793,0.646447,0.738832,0.009615,0.009615,0.010602,0.011259,0.092466,1.280977,0.406115,0.579049,2.177866,2.144988,2.201208,1.210949,1.192104,1.950803,1.636692,2.142814,1.377027,0.630248,2.084502,0.747516,0.782954,1.182761,0.789397,1.668264,1.043264,2.220133,1.48012,0.004281
-11.597147,2,0.564583,0.851601,0.714174,0.790121,0.011588,0.011588,0.010273,0.010273,0.096411,1.344101,0.474171,0.585625,2.3051,2.455348,2.31036,1.277361,1.195326,1.954025,1.700481,2.117363,1.47722,0.655055,2.090945,0.783921,0.805184,1.211112,0.985918,1.720777,1.155377,2.403768,1.595777,0.00557
-11.998081,2,0.568528,0.876916,0.74475,0.871656,0.011259,0.010602,0.010602,0.009944,0.108905,1.311224,0.491924,0.590227,2.312333,2.516829,2.412279,1.268812,1.23173,1.971422,1.967556,2.124772,1.562594,0.688238,2.085468,0.879282,0.818714,1.283277,1.070648,1.763625,1.177606,2.422775,1.669875,0.006536
-11.743406,2,0.588912,0.885465,0.770723,0.857519,0.010602,0.010602,0.010602,0.009944,0.082274,1.30958,0.487979,0.596145,2.315949,2.522418,2.47902,1.260264,1.226576,1.973355,2.02619,2.133149,1.550029,0.704668,2.052607,0.864784,0.828702,1.296163,1.084501,1.755249,1.170841,2.426964,1.681151,0.007503
-11.845901,2,0.596474,0.878232,0.768422,0.810833,0.009944,0.010602,0.010931,0.011588,0.079644,1.302347,0.476472,0.591542,2.303785,2.508609,2.455348,1.237579,1.233019,1.973999,2.055507,2.181473,1.636048,0.732374,2.039399,0.858019,0.819359,1.311305,1.196614,1.760726,1.174063,2.421487,1.683084,0.006536
-12.263797,2,0.566885,0.862122,0.734887,0.769408,0.010602,0.009944,0.010273,0.010273,0.072082,1.274073,0.419266,0.58957,2.269593,2.483294,2.437924,1.252374,1.185661,1.956924,2.06646,2.176319,1.637014,0.734629,2.046164,0.863173,0.819681,1.30454,1.223676,1.7778,1.173418,2.411822,1.675996,0.006858
-12.427682,2,0.557679,0.850615,0.720092,0.762175,0.009287,0.009287,0.009287,0.009287,0.052685,1.279991,0.349566,0.592529,2.216989,2.470801,2.433978,1.351334,1.252993,1.946615,2.062272,2.173097,1.62606,0.72722,2.043587,0.860596,0.807439,1.216911,1.214011,1.763625,1.170519,2.411822,1.669231,0.005892
-12.661223,2,0.571816,0.858505,0.733901,0.756586,0.010602,0.010931,0.010602,0.010273,0.063205,1.265196,0.422882,0.586611,2.188386,2.477705,2.409649,1.349033,1.26298,1.945648,2.060661,2.14668,1.596099,0.723354,2.036177,0.859629,0.806472,1.199514,1.223676,1.762981,1.170841,2.411822,1.667942,0.006536
-12.798629,2,0.593515,0.86804,0.726339,0.780258,0.010602,0.010931,0.010602,0.010602,0.07011,1.287881,0.522829,0.584309,2.206797,2.4925,2.428389,1.388814,1.262336,1.925996,2.051963,2.10061,1.581924,0.721743,2.028123,0.824836,0.799385,1.187594,1.22722,1.75396,1.179862,2.416976,1.704669,0.006214
-13.157092,2,0.573789,0.860807,0.779271,0.774997,0.010931,0.009615,0.009615,0.009944,0.072411,1.31221,0.532692,0.580035,2.229154,2.493486,2.439239,1.380266,1.274256,1.907633,2.04552,2.076125,1.579347,0.715944,2.002672,0.82258,0.799062,1.245905,1.252671,1.772324,1.214333,2.484953,1.73012,0.006858
-13.403465,2,0.606008,0.909136,0.791765,0.829245,0.011917,0.010273,0.010273,0.010931,0.07274,1.343444,0.572474,0.572474,2.248551,2.523733,2.427403,1.363827,1.277156,1.913754,2.040687,2.069038,1.557439,0.706601,1.991074,0.819359,0.806794,1.249771,1.325802,1.771679,1.230442,2.54101,1.779733,0.006858
-13.501461,2,0.608967,0.938397,0.811162,0.779271,0.010602,0.010931,0.010931,0.011588,0.065507,1.345416,0.561953,0.587926,2.260058,2.528993,2.427074,1.301032,1.347065,1.922453,2.122839,2.11543,1.513947,0.815815,1.985275,0.843199,0.881859,1.300029,1.300351,1.835146,1.25557,2.561629,1.790687,0.006536
-13.606206,2,0.620474,0.963384,0.810176,0.798998,0.010931,0.011259,0.011588,0.011588,0.072082,1.333909,0.549131,0.600419,2.340936,2.529979,2.42806,1.388157,1.425029,1.965301,2.157633,2.105765,1.5307,0.906988,2.001061,0.874449,0.934694,1.365751,1.344166,1.856409,1.273612,2.577415,1.791976,0.006214
-13.467215,2,0.678009,0.951219,0.793737,0.835491,0.012246,0.011588,0.011917,0.011259,0.069452,1.305964,0.547158,0.5922,2.295894,2.539514,2.467842,1.418732,1.455313,1.961757,2.169876,2.211757,1.627671,1.108985,1.990752,0.91472,1.011369,1.570004,1.445326,1.906344,1.277478,2.595778,1.81195,0.006214
-13.649846,2,0.718777,0.958123,0.838121,0.837793,0.012574,0.011917,0.011588,0.010931,0.080959,1.345087,0.541569,0.587926,2.319237,2.535897,2.498089,1.455555,1.4653,1.985919,2.172453,2.236242,1.622194,1.108663,2.040043,0.9028,1.026189,1.58289,1.452736,1.911499,1.277156,2.596745,1.810339,0.006858
-13.754082,2,0.677681,0.941356,0.858834,0.836149,0.011917,0.011259,0.011588,0.010273,0.066822,1.288539,0.511651,0.580693,2.295237,2.530966,2.484609,1.49698,1.434372,1.954669,2.162144,2.229798,1.608019,1.086112,2.029734,0.891524,1.018135,1.579991,1.415687,1.888947,1.276189,2.596423,1.801318,0.006214
-13.45467,2,0.706613,0.964699,0.880533,0.837135,0.011588,0.011259,0.010931,0.010931,0.068466,1.293142,0.547158,0.585625,2.32121,2.541815,2.47902,1.514405,1.457568,1.962401,2.166332,2.222066,1.576447,1.081923,2.048419,0.907954,1.039075,1.589978,1.464978,1.942427,1.275867,2.59449,1.805184,0.007181
-13.279303,2,0.693791,0.957794,0.880204,0.843382,0.011259,0.010931,0.010602,0.011588,0.120083,1.297744,0.599762,0.598775,2.365923,2.54313,2.464883,1.504213,1.41472,2.027478,2.171809,2.275868,1.54713,1.089333,2.02619,0.938238,1.049385,1.601576,1.457246,1.968844,1.268457,2.5961,1.800674,0.006536
-13.956093,2,0.697407,0.963712,0.89467,0.834834,0.010931,0.010931,0.011588,0.012574,0.168741,1.401636,0.638228,0.585296,2.35869,2.544445,2.439239,1.402951,1.453702,2.071293,2.167298,2.378961,1.534243,1.120583,2.006538,0.923418,1.075802,1.607697,1.451125,1.990429,1.292297,2.607054,1.916009,0.006858
-13.39296,2,0.789463,1.005466,0.931493,0.864094,0.012574,0.013232,0.009615,0.012903,0.212468,1.494021,0.647434,0.625406,2.33995,2.541815,2.434965,1.40854,1.484308,2.132504,2.153445,2.443394,1.444681,1.158599,1.971744,0.952735,1.134436,1.849321,1.508148,2.074515,1.304217,2.650546,1.925674,0.007181
-13.344468,2,0.808203,1.009083,1.011713,0.876588,0.020136,0.014547,0.590556,0.014876,0.22003,1.471336,0.658941,0.606337,2.382361,2.514527,2.432006,1.450623,1.542942,2.154412,2.151834,2.453703,1.474643,1.266846,2.041332,0.999771,1.171163,1.997195,1.629926,2.087401,1.32097,2.645714,1.914398,0.007181
-13.144624,2,0.814779,1.001192,0.998233,0.972589,0.015862,0.015533,0.62442,0.014876,0.207865,1.436486,0.629022,0.574775,2.347511,2.501048,2.449431,1.498953,1.502027,2.133793,2.122839,2.436951,1.432439,1.267813,2.046164,0.983985,1.182439,2.01588,1.609952,2.084502,1.31646,2.639593,1.89829,0.007825
-12.868455,2,0.809518,1.00711,0.994617,0.872971,0.014547,0.014218,0.587268,0.013561,0.201947,1.433198,0.60568,0.570501,2.280771,2.496445,2.467842,1.507829,1.516846,2.122517,2.078703,2.440817,1.458535,1.253637,2.02619,0.973032,1.206923,2.035855,1.616396,2.079669,1.319681,2.640237,1.899257,0.013624
-12.745944,2,0.836478,1.008754,0.966014,0.895985,0.01389,0.014218,0.598118,0.01389,0.176303,1.528542,0.591871,0.577405,2.287675,2.477376,2.411622,1.540707,1.491718,2.120262,2.069038,2.461113,1.473032,1.256215,2.024579,0.948869,1.209823,2.017491,1.619617,2.084502,1.315171,2.639593,1.898612,0.00557
-12.464727,2,0.854231,1.030124,0.970616,1.019603,0.014876,0.015862,0.617187,0.015533,0.203591,1.514405,0.61094,0.567871,2.302799,2.472116,2.38269,1.552871,1.480764,2.141203,2.04552,2.449515,1.465944,1.262658,2.027156,0.972709,1.307761,2.044231,1.621228,2.095455,1.315493,2.643137,1.895391,0.007503
-12.204372,2,0.875601,1.030782,0.994617,1.021247,0.014547,0.015862,0.642502,0.030657,0.211482,1.505857,0.592857,0.55735,2.312991,2.453047,2.405375,1.587063,1.473354,2.147002,2.017813,2.445649,1.446292,1.269101,2.019746,1.014913,1.38637,2.053896,1.611241,2.08869,1.317426,2.619941,1.893458,0.007503
-11.911307,2,0.879218,1.034727,0.967986,1.056426,0.016848,0.013232,0.69938,0.027369,0.174659,1.482514,0.552747,0.547158,2.297538,2.450746,2.408992,1.58805,1.481408,2.133793,1.982697,2.431152,1.413109,1.23914,1.959824,1.002671,1.354475,2.022646,1.579669,2.041332,1.312916,2.589657,1.882182,0.006858
-12.124669,2,0.861135,1.020919,0.916369,0.946287,0.01389,0.013561,0.668475,0.014876,0.136522,1.389472,0.480417,0.53598,2.287346,2.437595,2.403074,1.535775,1.369939,2.049064,1.966589,2.433729,1.432761,1.215622,1.935017,0.961756,1.194681,1.968844,1.537465,1.967556,1.308406,2.58708,1.853187,0.007825
-11.650719,2,1.011384,1.010727,0.92426,0.955822,0.015533,0.015533,0.690503,0.014218,0.133891,1.4355,0.481404,0.552419,2.284059,2.436937,2.356388,1.574241,1.390236,2.048097,1.969811,2.422131,1.482375,1.208212,1.951447,0.956923,1.224965,1.977865,1.504282,1.955313,1.30615,2.587402,1.761692,0.007181
-11.278961,2,1.018946,1.006781,0.934123,0.967,0.015533,0.014547,0.699051,0.025068,0.131261,1.430239,0.468582,0.547158,2.2811,2.43628,2.402416,1.651174,1.433406,2.066138,1.981409,2.420842,1.502671,1.213689,1.906344,0.991717,1.223032,1.948548,1.499772,1.953058,1.301318,2.565817,1.731086,0.006214
-11.408321,2,1.03111,1.021905,0.96437,0.948589,0.015533,0.015205,0.732914,0.050712,0.056959,1.41676,0.453458,0.552419,2.268606,2.424115,2.341922,1.68438,1.381215,2.078381,1.974643,2.389914,1.485274,1.241073,1.891203,1.041008,1.17664,1.951125,1.459501,1.93695,1.300351,2.564206,1.726254,0.006536
-11.040768,2,1.033083,1.090289,0.954507,0.929191,0.015533,0.015533,0.764805,0.116795,0.049726,1.386841,0.42091,0.544199,2.251839,2.415567,2.360005,1.704764,1.355764,2.111564,1.954347,2.367363,1.494617,1.248805,1.904411,1.053251,1.172774,1.943071,1.431473,1.933084,1.291009,2.558407,1.721421,0.006214
-11.839195,2,1.04459,1.079111,0.943657,0.952863,0.015862,0.015862,0.770723,0.134878,0.045123,1.385526,0.414992,0.547158,2.253483,2.410636,2.376443,1.712983,1.331924,2.131216,1.991074,2.430507,1.49945,1.274256,1.936628,1.064849,1.147967,1.827414,1.406022,1.942427,1.291331,2.545198,1.721744,0.006214
-11.544474,2,1.115605,1.078782,0.930178,0.938068,0.015205,0.015205,0.773682,0.132905,0.054329,1.369745,0.384416,0.551432,2.250524,2.396498,2.404718,1.726791,1.399256,2.161177,1.946293,2.417621,1.506215,1.279411,1.933084,1.106408,1.114462,1.790687,1.342877,1.935017,1.283921,2.540044,1.745906,0.006536
-11.597282,2,1.123495,1.125468,0.943328,0.915712,0.015862,0.015533,0.777627,0.143755,0.079644,1.373362,0.398553,0.552419,2.26762,2.422143,2.484609,1.72712,1.384437,2.178574,1.941138,2.414077,1.522323,1.282954,1.915043,1.175996,1.094166,1.719488,1.334823,1.92954,1.280055,2.534245,1.741073,0.006858
-11.855134,2,1.127441,1.134016,0.953192,0.87593,0.015533,0.107918,0.780586,0.161508,0.055315,1.338512,0.388361,0.555049,2.266305,2.426745,2.456006,1.703777,1.355119,2.193394,1.921486,2.447904,1.525545,1.267491,1.935661,1.194681,1.092233,1.711434,1.328058,1.900545,1.276511,2.509116,1.743973,0.006858
-11.619513,2,1.140263,1.206346,0.994617,1.004151,0.016191,0.176303,0.789134,0.192742,0.045123,1.320758,0.350881,0.555706,2.27025,2.423458,2.525705,1.736654,1.376705,2.236242,1.919553,2.467879,1.533921,1.264913,1.92954,1.214978,1.055506,1.646679,1.308083,1.87896,1.262658,2.498162,1.716589,0.007181
-12.438461,2,1.145194,1.198127,0.982123,0.985411,0.015862,0.185837,0.793408,0.190112,0.029013,1.297087,0.307812,0.558665,2.273538,2.431019,2.525377,1.714955,1.377349,2.285533,1.958535,2.488497,1.510725,1.273612,1.952414,1.25847,1.049707,1.540042,1.292297,1.827414,1.257181,2.473678,1.657633,0.006214
-12.357599,2,1.150126,1.190236,0.918013,0.912753,0.015205,0.190112,0.804258,0.191427,0.017835,1.25599,0.284469,0.556364,2.269921,2.422471,2.435622,1.807011,1.36414,2.27619,1.87155,2.475288,1.454024,1.27329,1.954991,1.31356,1.052284,1.520712,1.25396,1.804218,1.240751,2.45918,1.613174,0.005892
-12.804892,2,1.159003,1.173469,0.948918,0.928862,0.016848,0.215756,0.852259,0.226934,0.017835,1.262237,0.275921,0.553405,2.267291,2.422143,2.467184,1.815231,1.329991,2.245584,1.848032,2.467234,1.458212,1.293908,1.967556,1.388625,1.045197,1.531988,1.196614,1.776512,1.235596,2.458536,1.539076,0.008147
-13.815092,2,1.185304,1.284922,1.008425,0.993302,0.018164,0.256852,0.922287,0.279209,0.039863,1.275388,0.276579,0.548473,2.271565,2.389923,2.520445,1.888876,1.29423,2.25976,1.845777,2.523935,1.485274,1.309694,1.967234,1.433083,1.039075,1.503638,1.182761,1.775867,1.231086,2.464657,1.441138,0.005248
-14.240887,2,1.198127,1.300703,1.016973,0.982123,0.018164,0.265072,0.953192,0.333456,0.026054,1.286895,0.32721,0.540254,2.278798,2.360334,2.525705,1.918465,1.252671,2.282311,1.807762,2.542943,1.54262,1.304217,1.990107,1.476898,1.038431,1.432439,1.118006,1.771035,1.22722,2.448226,1.448547,0.004925
-14.785628,2,1.232976,1.347389,1.053796,1.007439,0.019479,0.319648,1.030782,0.391978,0.031643,1.280648,0.365347,0.55209,2.292935,2.408663,2.541486,1.807011,1.240107,2.308729,1.793586,2.558729,1.510725,1.286498,1.965623,1.53972,1.025222,1.39539,1.101575,1.774256,1.22722,2.439206,1.413754,0.008469
-16.481246,2,1.255333,1.366129,1.107386,0.997247,0.018492,0.406115,1.077139,0.40217,0.124686,1.264538,0.434718,0.54946,2.290634,2.429047,2.530308,1.842519,1.240107,2.396358,1.746872,2.560018,1.455313,1.293908,1.988496,1.574192,0.999449,1.291009,1.10222,1.762336,1.234952,2.428574,1.39088,0.00557
-17.068917,2,1.267497,1.389143,1.131715,1.002836,0.019807,0.499157,1.121523,0.381457,0.208194,1.268484,0.405457,0.545186,2.287346,2.453705,2.513212,1.832984,1.171807,2.4115,1.741073,2.578703,1.479475,1.252671,2.048097,1.603831,0.970132,1.257181,1.047452,1.726898,1.214978,2.42052,1.346743,0.005892
-17.22804,2,1.260922,1.369088,1.117906,0.972918,0.01915,0.501788,1.1544,0.368306,0.05926,1.227058,0.328525,0.555049,2.233757,2.489869,2.506308,1.827724,1.074191,2.342878,1.517169,2.565817,1.353509,1.149578,1.990429,1.675674,0.892168,1.192748,0.897001,1.687594,1.172774,2.352543,1.123161,0.002992
-18.442993,2,1.237579,1.335882,1.071549,0.940041,0.019807,0.525459,1.180044,0.405457,0.019807,1.21062,0.306168,0.538939,2.23014,2.499404,2.493815,1.818847,0.94597,2.29842,1.435661,2.516526,1.308728,0.883792,1.988819,1.665042,0.836756,1.137336,0.765557,1.589978,1.091911,2.245584,0.927928,0.002992
-18.843931,2,1.246456,1.33095,0.990343,0.889739,0.018492,0.509349,1.122509,0.392306,0.017835,1.17314,0.228907,0.551761,2.316278,2.474746,2.477047,1.803395,0.882503,2.291654,1.263302,2.478188,1.145712,0.750093,1.964012,1.644102,0.643779,0.967233,0.340944,1.500416,0.985596,2.061306,0.694359,0.002992
-19.480224,2,1.257963,1.296758,0.96174,0.848642,0.018164,0.51987,1.189907,0.399211,0.018164,1.198455,0.308141,0.54946,2.265319,2.482965,2.450746,1.796162,0.886369,2.248806,1.154411,2.458536,1.073869,0.702735,1.974321,1.631537,0.54874,0.940815,0.321614,1.412787,0.947581,1.95628,0.347709,0.000093
-18.478414,2,1.243826,1.287224,0.939383,0.799984,0.020794,0.568528,1.205688,0.582008,0.01915,1.227716,0.452472,0.604036,2.358361,2.492828,2.421814,1.753751,0.86124,2.246873,1.083212,2.426964,1.038753,0.69307,1.952092,1.630571,0.532954,0.947258,0.284243,1.366073,0.905699,1.853187,0.154732,0.000737
-10.446042,2,1.173469,1.138948,0.816094,0.772038,0.016848,0.54124,1.143879,0.380799,0.017177,1.159003,0.451157,0.62705,2.440554,2.481979,2.486582,1.706079,0.779732,2.192427,0.932761,2.431474,0.988818,0.660209,1.927285,1.57387,0.496549,0.909243,0.26008,1.261047,0.872194,1.809373,0.006536,-0.000551
-1.208069,2,0.961082,0.949575,0.689516,0.466938,0.012574,0.411375,0.87067,0.200632,0.013232,0.785518,0.282825,0.540912,2.316607,2.378416,2.389265,1.738298,0.697903,2.035855,0.824513,2.319682,0.734952,0.522,1.828702,1.380248,0.380248,0.532954,0.176962,0.935338,0.741073,1.636048,0.007825,-0.000229
4.025862,2,0.561624,0.060904,0.004684,0.056959,0.004684,0.138166,0.693791,0.005341,0.00567,0.575761,0.070438,0.371594,1.99737,2.02959,2.126577,1.793203,0.075802,1.759437,0.483018,2.039076,0.491073,0.166008,1.45048,0.600931,0.002348,0.198224,0.000093,0.452735,0.576124,1.2124,0.00557,-0.000551
7.105278,2,0.074055,0.004684,0.00041,0.001067,0.001067,0.001067,0.001067,0.001725,0.003369,0.465951,0.006328,0.070438,1.487774,1.548926,1.853697,1.49172,0.000415,1.551318,0.267168,1.720455,0.394423,0.023611,1.079024,0.004281,-0.000229,0.000415,-0.000874,0.401833,0.405699,0.713044,0.00267,-0.000551
8.766152,2,0.001725,0.002054,0.001067,0.000739,0.00041,0.000739,0.00041,0.001067,0.001396,0.434061,0.00041,0.000081,1.401636,1.29084,1.645256,1.382567,0.000415,1.500094,0.006858,1.64539,0.336111,0.031343,0.724642,0.003315,0.000093,0.000093,-0.000229,0.266523,0.221743,0.47432,0.002026,-0.000551
9.324131,2,0.001396,0.000739,0.001067,0.00041,0.002382,-0.000905,0.002382,0.001725,0.002382,0.437348,0.000081,-0.000576,1.392759,1.263552,1.616324,1.230017,0.000415,1.526834,0.006858,1.621872,0.360273,0.031987,0.570969,0.002992,-0.000551,-0.000551,-0.000551,0.227864,0.156987,0.446614,0.00267,0.000415
9.712358,2,0.000081,0.001067,0.00041,0.002054,0.002382,0.001396,0.002382,0.00041,0.001396,0.459047,-0.000576,-0.000905,1.388814,1.275059,1.612379,1.31221,-0.000551,1.543264,0.006536,1.683084,0.407632,0.023611,0.688238,0.002992,-0.000551,-0.000229,-0.000229,0.256214,0.177606,0.482374,0.002348,-0.000551
9.711908,2,0.002382,0.001396,0.001725,0.001396,0.001067,0.002054,0.001396,0.00041,0.00041,0.492253,0.00041,0.00041,1.38454,1.349362,1.669585,1.304649,-0.000551,1.585145,0.006536,1.699192,0.472709,0.019423,0.839977,0.002992,0.000415,-0.000874,-0.000551,0.268134,0.235918,0.506859,0.001382,0.000093
9.947021,2,0.001067,0.001396,0.002054,0.001067,0.000739,0.000081,0.001396,0.000739,0.002054,0.529404,0.079644,0.000739,1.410842,1.384869,1.662681,1.361855,-0.000551,1.5932,0.007825,1.725287,0.452413,0.021034,0.922774,0.003959,-0.000551,0.000093,0.000737,0.280377,0.25557,0.51298,0.000415,-0.000229
10.057497,2,0.000739,0.001725,0.001396,0.000739,0.001067,0.001067,0.001067,0.001067,0.002711,0.570501,0.089836,0.04315,1.42465,1.446678,1.720216,1.358567,0.000093,1.696615,0.052284,1.749772,0.500415,0.04423,1.001704,0.004925,0.000093,-0.000229,-0.000551,0.328057,0.310338,0.569681,0.002026,-0.000229
10.060115,2,0.027369,0.002382,0.002054,0.001067,0.00041,0.001396,0.002382,0.002382,0.002711,0.656311,0.102001,0.068137,1.452267,1.51835,1.76723,1.412157,0.000415,1.74945,0.074835,1.962401,0.563882,0.037142,1.160532,0.014268,-0.000229,-0.000551,0.000415,0.397967,0.424707,0.78231,0.003637,-0.000229
10.317438,2,0.180248,0.002382,0.001067,0.001396,0.002382,0.002382,0.00304,0.003369,0.00304,0.660585,0.101343,0.081617,1.458185,1.540707,1.751449,1.447335,0.000737,1.776834,0.312271,2.011692,0.660854,0.175029,1.223354,0.016201,-0.000551,-0.000874,-0.000551,0.481085,0.562593,0.910854,0.004281,-0.00184
10.096474,2,0.294004,0.001396,0.002054,0.001396,0.00304,0.002054,0.00304,0.00304,0.002711,0.66716,0.098713,0.090822,1.490733,1.552214,1.756052,1.465089,0.000093,1.814205,0.418263,2.049386,0.697258,0.317103,1.266202,0.003959,-0.000551,-0.000229,-0.000551,0.623805,0.619616,0.955635,0.005892,0.001059
10.174154,2,0.364032,0.004026,0.003369,0.004026,0.004684,0.121398,0.562939,0.004026,0.004684,0.700695,0.066493,0.12633,1.533802,1.604817,1.778408,1.567337,-0.000874,1.853187,0.500093,2.068716,0.695003,0.434371,1.3999,0.189848,0.000415,-0.000229,-0.000229,0.722387,0.630892,1.064849,0.005248,0.001059
10.323708,2,0.404142,0.007643,0.005341,0.005013,0.00567,0.141124,0.604693,0.005341,0.004355,0.826286,0.07274,0.139152,1.517364,1.588378,1.779395,1.585748,0.000093,1.88186,0.508147,2.101254,0.714011,0.468199,1.39088,0.198224,0.000415,0.000093,-0.000551,0.790364,0.64249,1.072258,0.121871,0.000093
10.613723,2,0.395265,0.004355,0.005999,0.004684,0.005013,0.1477,0.591542,0.004355,0.004026,0.849628,0.06452,0.158878,1.53709,1.586406,1.766573,1.608434,0.157632,1.969811,0.510402,2.147002,0.738173,0.499449,1.405377,0.20499,-0.000229,0.000093,0.051962,0.821936,0.654088,1.212722,0.163431,-0.000229
10.978735,2,0.413677,0.005999,0.005013,0.006328,0.005013,0.147042,0.584638,0.004026,0.006657,0.858834,0.065836,0.166769,1.552214,1.589036,1.775449,1.587392,0.186627,2.017813,0.535531,2.215945,0.744294,0.51749,1.418908,0.230763,0.000737,-0.002162,0.116072,0.882825,0.657954,1.27329,0.218521,-0.000874
11.239405,2,0.422882,0.004026,0.004684,0.005013,0.005341,0.14507,0.570172,0.00567,0.004026,0.854889,0.071753,0.15033,1.536104,1.586735,1.787943,1.596598,0.201768,2.022646,0.542619,2.204669,0.757181,0.530699,1.428895,0.220776,-0.000874,0.000093,0.127348,0.941459,0.677284,1.284887,0.252026,0.000737
10.840028,2,0.440307,0.005013,0.005341,0.005013,0.006657,0.141124,0.60009,0.001725,0.003698,0.871327,0.099699,0.176632,1.536104,1.614351,1.798135,1.593968,0.268779,2.073226,0.609629,2.265881,0.752348,0.564848,1.45789,0.38057,0.001704,0.000415,0.108985,0.991717,0.736562,1.359308,0.335789,0.001382
10.573078,2,0.478116,0.006328,0.005341,0.070438,0.00567,0.143426,0.661242,0.004684,0.004684,0.996261,0.130933,0.171372,1.541364,1.652818,1.805368,1.591666,0.324835,2.175675,0.610596,2.287144,0.739462,0.661498,1.621872,0.694359,0.003315,0.000093,0.168585,1.134436,0.777799,1.4028,0.508147,0.002348
10.039031,2,0.478445,0.006657,0.006657,0.140138,0.005999,0.140467,0.656968,0.00567,0.00567,1.031439,0.110877,0.193399,1.564707,1.657749,1.803066,1.58542,0.349964,2.169553,0.609629,2.289077,0.740106,0.676962,1.63347,0.723354,0.002992,-0.000874,0.165686,1.195003,0.791008,1.377993,0.577091,0.003959
10.813185,2,0.473513,0.00567,0.005013,0.206221,0.005341,0.138823,0.630666,0.006328,0.007643,1.043275,0.113179,0.163152,1.576871,1.640982,1.782682,1.563063,0.35383,2.184051,0.605119,2.284566,0.741717,0.701446,1.693393,0.727542,0.00267,-0.000229,0.130248,1.192104,0.799707,1.354797,0.598354,0.001704
11.000486,2,0.48765,0.006328,0.006328,0.264414,0.008958,0.136522,0.609296,0.006657,0.005999,1.062344,0.138166,0.156577,1.592652,1.666626,1.767559,1.500596,0.330956,2.169553,0.628315,2.282633,0.781343,0.715622,1.743651,0.752993,0.00267,0.000093,0.109951,1.169874,0.790042,1.409565,0.596421,0.002026
11.091019,2,0.503431,0.006328,0.006657,0.263099,0.005999,0.136193,0.607981,0.00567,0.00567,1.060371,0.139152,0.169399,1.571282,1.645913,1.75934,1.416431,0.365428,2.202092,0.617039,2.289399,0.797452,0.722387,1.78811,0.811949,0.003315,0.001382,0.163431,1.167297,0.765879,1.449514,0.592877,0.002348
11.085062,2,0.514281,0.006985,0.005341,0.295976,0.00567,0.130604,0.625077,0.006657,0.006985,1.081084,0.153947,0.17433,1.583776,1.649859,1.736326,1.37665,0.390235,2.205636,0.63057,2.300675,0.811305,0.741395,1.788754,0.880892,0.003637,-0.000229,0.16923,1.169552,0.781343,1.417942,0.625093,0.003637
11.080257,2,0.587597,0.006328,0.0083,0.304524,0.007643,0.163481,0.661242,0.006657,0.007314,1.094235,0.170385,0.197345,1.59857,1.697531,1.759668,1.498295,0.397967,2.231409,0.63798,2.325481,0.8999,0.766846,1.851898,0.917297,0.003959,0.000415,0.196291,1.164076,0.762658,1.423419,0.62316,0.001382
11.21863,2,0.66716,0.0083,0.006985,0.348251,0.006985,0.190769,0.70201,0.006657,0.008629,1.090947,0.196358,0.211811,1.649201,1.716271,1.775778,1.49172,0.415686,2.297775,0.652477,2.342234,0.893779,0.797774,1.891847,1.016524,0.004925,0.000093,0.181472,1.095454,0.757503,1.406666,0.642812,0.002992
10.964192,2,0.711544,0.007643,0.007314,0.462335,0.007643,0.200961,0.726668,0.0083,0.007972,1.107714,0.213783,0.226934,1.649201,1.720216,1.766244,1.477254,0.390879,2.30744,0.664075,2.34159,0.872516,0.814848,1.87896,1.089011,0.004925,-0.000229,0.159887,1.051318,0.779732,1.405699,0.665364,0.00267
10.730151,2,0.752641,0.133234,0.0083,0.547158,0.006657,0.220687,0.736531,0.008958,0.0083,1.115276,0.190769,0.258825,1.654133,1.72975,1.766573,1.496322,0.395067,2.306796,0.699191,2.347066,0.931794,0.871872,1.926963,1.197259,0.004281,0.345454,0.314848,1.045519,0.785854,1.4028,0.694359,0.003959
10.766075,2,0.843053,0.303867,0.034931,0.570501,0.009615,0.259811,0.745079,0.008629,0.009944,1.25336,0.250934,0.36732,1.713969,1.730408,1.767559,1.499281,0.446936,2.306151,0.758147,2.349322,1.009758,1.003315,1.969811,1.18405,0.005248,0.357696,0.498804,1.20048,0.866717,1.513947,0.717877,0.00267
10.954685,2,0.884807,0.435376,0.016191,0.628036,0.010602,0.345621,0.740805,0.049068,0.011259,1.344759,0.286771,0.400197,1.731065,1.726134,1.76986,1.558131,0.597065,2.351255,0.838044,2.357376,1.080635,1.312916,2.01588,1.180506,0.054217,0.513624,0.499449,1.315493,0.917297,1.64829,0.756537,0.002348
10.898158,2,0.943328,0.694119,0.198002,0.634283,0.012903,0.378827,0.782559,0.054,0.011588,1.355937,0.343319,0.424855,1.766573,1.731723,1.773477,1.576871,0.688882,2.400224,0.865428,2.343523,1.136369,1.373805,2.005571,1.175673,0.422451,0.653444,0.520067,1.345777,0.961756,1.715622,0.782954,0.002992
11.169557,2,1.091276,0.750668,0.464308,0.663543,0.012903,0.438006,0.813135,0.119754,0.014547,1.393746,0.354498,0.466938,1.766244,1.766244,1.772162,1.573584,0.875738,2.443394,0.891846,2.364463,1.164076,1.428895,1.987852,1.170519,0.466266,0.769423,0.602542,1.377027,0.986885,1.76878,0.817426,0.003637
11.373736,2,1.09555,0.83582,0.511651,0.689845,0.015205,0.432088,0.828587,0.112521,0.017835,1.394403,0.40743,0.414005,1.765915,1.753422,1.744545,1.587063,0.949836,2.438239,0.948225,2.367041,1.182117,1.459823,1.981087,1.127993,0.490106,0.779088,0.48914,1.383148,0.978831,1.787143,0.865428,0.00267
11.635186,2,1.094235,0.865081,0.535651,0.714174,0.014547,0.402827,0.807874,0.111206,0.01652,1.386184,0.408745,0.409403,1.758025,1.746846,1.71364,1.482843,0.970454,2.42052,1.025222,2.34159,1.259759,1.476898,2.029411,1.091911,0.524256,0.793586,0.567748,1.38637,0.995905,1.916331,0.91923,0.003637
11.958667,2,1.027165,0.862451,0.561624,0.721736,0.013232,0.327538,0.787162,0.126001,0.018164,1.372047,0.397896,0.401841,1.72449,1.71101,1.682736,1.488432,0.964011,2.42342,1.018457,2.349322,1.240107,1.485274,2.031667,1.05615,0.527155,0.837722,0.875738,1.388303,1.060016,1.993329,0.977864,0.00267
12.16418,2,1.024535,0.892698,0.590885,0.739819,0.012903,0.32721,0.801956,0.103644,0.017506,1.404924,0.408745,0.409403,1.723504,1.709366,1.661366,1.47561,0.981086,2.410211,1.049707,2.335791,1.275545,1.512658,2.012981,1.023934,0.579346,0.909565,1.011369,1.41762,1.074836,2.057118,1.14539,0.003959
11.477537,2,1.045905,0.907492,0.589899,0.739819,0.014218,0.33247,0.792422,0.113179,0.018492,1.411499,0.396581,0.392306,1.710024,1.665311,1.642955,1.527884,1.004282,2.38025,1.156666,2.385082,1.295197,1.523612,2.040043,0.982052,0.608985,0.915686,1.010081,1.421486,1.061627,2.094167,1.295519,0.005248
11.808582,2,0.898944,0.921958,0.567542,0.725353,0.014218,0.315703,0.780258,0.09674,0.017506,1.394732,0.391978,0.383101,1.694243,1.642626,1.585091,1.47561,0.99816,2.391847,1.297452,2.35802,1.336112,1.50396,2.028123,0.892812,0.628315,0.921163,0.933727,1.404411,1.041331,2.097388,1.360918,0.009758
11.548998,2,0.886122,0.906506,0.614556,0.696749,0.014218,0.303538,0.770394,0.111535,0.01652,1.362841,0.37258,0.386389,1.655119,1.618297,1.574241,1.448322,0.963367,2.359953,1.300351,2.394103,1.346421,1.484952,2.012015,0.818714,0.651189,1.118006,1.013947,1.405699,1.037787,2.089012,1.400223,0.003959
11.608593,2,0.892369,0.935438,0.611926,0.711215,0.012903,0.304524,0.785518,0.120083,0.018492,1.383883,0.346278,0.375539,1.64427,1.599557,1.491062,1.480541,1.01298,2.350932,1.374449,2.397002,1.365751,1.502349,1.995906,0.79423,0.626382,1.342877,1.043908,1.451125,1.038109,2.11704,1.430506,0.004925
11.745063,2,0.892698,0.911109,0.560309,0.724038,0.01389,0.301894,0.776641,0.119754,0.029342,1.430897,0.414334,0.384745,1.658736,1.550899,1.460158,1.302018,1.085145,2.358342,1.461112,2.37735,1.381537,1.500094,1.973999,0.784887,0.673096,1.373805,0.99816,1.479475,1.035532,2.116074,1.454346,0.00557
11.810044,2,0.909136,0.915383,0.571159,0.678338,0.01389,0.271976,0.770394,0.100357,0.073726,1.434185,0.400526,0.378498,1.607447,1.519336,1.418732,1.289196,1.122194,2.433729,1.408277,2.391525,1.361563,1.473032,2.046486,0.789075,0.679539,1.365107,1.046807,1.451447,1.036176,2.108986,1.445648,0.005248
11.804334,2,0.885136,0.91341,0.568528,0.70464,0.013232,0.247647,0.761518,0.11548,0.117453,1.491062,0.329511,0.376525,1.675832,1.53183,1.461801,1.33917,1.126704,2.439528,1.557439,2.386693,1.335467,1.465944,2.025223,0.787142,0.809372,1.380893,1.093199,1.449836,1.032632,2.11253,1.439527,0.003959
11.572662,2,0.877903,0.906177,0.603378,0.668804,0.014218,0.219701,0.752641,0.068795,0.102329,1.492048,0.454773,0.374882,1.668927,1.49961,1.440431,1.28295,1.125738,2.437273,1.593522,2.383149,1.354475,1.481086,2.059373,0.783598,0.854153,1.442748,1.1499,1.440171,1.045841,2.123806,1.423741,0.005892
12.176559,2,0.882177,0.917684,0.579707,0.646447,0.013561,0.219044,0.747052,0.085233,0.104302,1.467391,0.516582,0.388361,1.670571,1.485473,1.452596,1.228702,1.125738,2.434051,1.624127,2.39378,1.405377,1.486885,2.059373,0.751704,0.863495,1.458857,1.188882,1.495906,1.052606,2.141847,1.507826,0.004603
12.047166,2,0.84108,0.874286,0.531048,0.640858,0.01389,0.167426,0.734887,0.015205,0.139481,1.467391,0.459376,0.380799,1.65216,1.471007,1.493363,1.269799,1.122516,2.421165,1.654733,2.406345,1.416653,1.486241,2.082247,0.764269,0.854153,1.462078,1.182439,1.54423,1.061627,2.14378,1.466589,0.005892
12.539578,2,0.79308,0.807217,0.530062,0.660585,0.012246,0.134878,0.713517,0.011917,0.155262,1.468048,0.461349,0.387046,1.65742,1.472651,1.51046,1.240538,1.124771,2.407956,1.708535,2.391525,1.406022,1.480442,2.096422,0.739784,0.854475,1.441138,1.191782,1.55164,1.071292,2.140558,1.469166,0.005248
13.090556,2,0.742778,0.787162,0.488637,0.615543,0.012246,0.117124,0.686229,0.012574,0.164139,1.496322,0.452801,0.380799,1.650516,1.465418,1.540707,1.202729,1.118972,2.397324,1.717878,2.408278,1.423419,1.473676,2.098677,0.775866,0.867039,1.443393,1.22432,1.5278,1.074836,2.109308,1.425996,0.004925
13.914815,2,0.706613,0.758887,0.466938,0.617844,0.011917,0.073397,0.653352,0.009615,0.138166,1.492706,0.391649,0.377512,1.660379,1.448322,1.573255,1.151112,1.117684,2.383471,1.760081,2.392814,1.407955,1.475287,2.119296,0.769423,0.882181,1.446937,1.264913,1.507826,1.062271,2.115752,1.443393,0.004603
14.547252,2,0.658283,0.554391,0.320963,0.5922,0.009615,0.04052,0.59483,0.011588,0.191755,1.522295,0.544857,0.394279,1.607118,1.406239,1.550899,1.18662,1.128637,2.373162,1.836757,2.414399,1.384437,1.44597,2.130571,0.783921,0.88508,1.458857,1.241717,1.580957,1.07097,2.090623,1.418264,0.005248
15.015223,2,0.550775,0.371923,0.221345,0.601406,0.010602,0.009615,0.404142,0.006985,0.221345,1.51046,0.705298,0.409403,1.626516,1.396047,1.455555,1.172811,1.116395,2.324515,1.82387,2.455314,1.360596,1.412787,2.114141,0.768779,0.900867,1.485274,1.237529,1.569682,1.033599,2.046808,1.364784,0.004603
15.018601,2,0.451814,0.123371,0.143426,0.51198,0.007314,0.006657,0.006328,0.005999,0.237126,1.498624,0.729298,0.445896,1.598899,1.376321,1.382567,1.197469,1.106408,2.291332,1.818715,2.44275,1.361563,1.377349,2.097066,0.784243,0.921807,1.469488,1.215944,1.517169,1.033276,2.018458,1.322259,0.003637
15.222798,2,0.408088,0.087863,0.130933,0.514939,0.006985,0.007972,0.006328,0.007643,0.246332,1.486788,0.724366,0.452801,1.612379,1.364156,1.439774,1.143222,1.105119,2.281023,1.817104,2.432762,1.345777,1.369939,2.125739,0.831601,0.921163,1.472065,1.236563,1.516846,1.013947,1.988496,1.320326,0.004603
15.401446,2,0.363375,0.074712,0.097726,0.512966,0.007972,0.005999,0.00567,0.005341,0.245674,1.476267,0.748695,0.454773,1.59857,1.358567,1.484158,1.186291,1.097065,2.242685,1.799385,2.43083,1.333534,1.358019,2.0961,0.850931,0.903444,1.463367,1.257826,1.509114,1.020068,1.986563,1.300674,0.003637
15.443608,2,0.260798,0.00567,0.023753,0.454773,0.005999,0.006657,0.005999,0.005999,0.250606,1.421363,0.710558,0.405786,1.560104,1.330293,1.43813,1.144208,1.006537,2.16601,1.794553,2.417621,1.323869,1.32548,2.095455,0.836111,0.90441,1.455313,1.232375,1.500738,0.992039,1.969811,1.286176,0.00267
15.479477,2,0.051041,0.005999,0.006328,0.424197,0.00567,0.004684,0.004026,0.004684,0.233509,1.430897,0.642502,0.389019,1.541035,1.23725,1.390458,1.07418,1.082246,2.17954,1.726898,2.411177,1.283599,1.268135,2.060661,0.818714,0.889913,1.452091,1.20048,1.492684,1.005248,1.949837,1.271357,0.002992
15.865014,2,0.044794,0.005341,0.004355,0.403156,0.004684,0.004026,0.004026,0.00567,0.213454,1.438787,0.622447,0.381457,1.523939,1.243826,1.355608,1.078454,1.028122,2.129283,1.55454,2.406345,1.28682,1.237529,2.065172,0.830635,0.882181,1.426962,1.197903,1.509437,0.976898,1.946293,1.256537,0.005248
15.296071,2,0.031643,0.005013,0.004684,0.383758,0.005341,0.005341,0.005341,0.00567,0.213454,1.42202,0.591871,0.387375,1.471993,1.218182,1.339498,1.085687,0.945325,2.0932,1.555506,2.409889,1.294875,1.182761,2.050674,0.857696,0.887013,1.437272,1.221421,1.474321,0.980441,2.012015,1.330313,0.005248
12.470923,2,0.003698,0.004684,0.005999,0.368635,0.00567,0.005999,0.005013,0.005341,0.207536,1.471665,0.561295,0.39132,1.483172,1.174455,1.259607,1.05807,0.913431,2.053896,1.525867,2.409889,1.247838,1.132825,2.039399,0.851897,0.862207,1.541653,1.238174,1.470132,0.988495,2.077092,1.483663,0.005892
6.299255,2,0.005341,0.005013,0.003698,0.403814,0.005341,0.005013,0.004026,0.004026,0.167426,1.444377,0.535322,0.41006,1.456541,1.147167,1.237908,1.005466,0.842877,1.950159,1.525867,2.337079,1.278122,1.077413,2.016203,0.84481,0.776833,1.573548,1.249127,1.532633,0.95499,2.187595,1.51588,0.00557
2.184317,2,0.005013,0.004684,0.004684,0.432088,0.005013,0.004355,0.004684,0.004026,0.129289,1.44076,0.389019,0.408088,1.509473,1.251059,1.348375,1.030453,0.983341,1.982697,1.538754,2.29842,1.278766,0.924385,2.100932,0.800995,0.820647,1.576769,1.355119,1.719166,0.998805,2.258793,1.53972,0.006214
-3.986168,2,0.098384,0.103973,0.20655,0.490609,0.005013,0.00567,0.005341,0.005341,0.046109,1.286237,0.186495,0.368964,1.621913,1.469363,1.846793,1.072207,0.967877,1.967556,1.541975,2.321615,1.356086,0.856086,2.092556,0.735274,0.688882,1.608986,1.369617,1.754604,1.041653,2.260404,1.648934,0.007181
-6.216945,2,0.340689,0.512637,0.389348,0.53861,0.007643,0.007314,0.006657,0.005013,0.013561,1.179387,0.233181,0.43965,1.913862,1.732709,2.201866,1.282292,0.912465,2.023612,1.427285,2.284566,1.253637,0.802284,2.093845,0.718199,0.635402,1.487529,1.311305,1.717878,1.002671,2.192427,1.454024,0.004925
-7.069992,2,0.50639,0.742449,0.514939,0.599762,0.008629,0.007972,0.007643,0.007972,0.0083,1.106399,0.200961,0.451814,2.201866,2.139071,2.403074,1.515062,1.025544,2.014914,1.543908,2.300997,1.301962,0.801318,2.09771,1.007181,0.740428,1.483019,1.302284,1.771357,1.105119,2.292298,1.582568,0.005892
-7.225348,2,0.55209,0.805244,0.603049,0.656639,0.008958,0.0083,0.008958,0.009287,0.036575,1.141907,0.224633,0.503103,2.281757,2.292935,2.431019,1.572926,1.038753,2.044553,1.612207,2.31485,1.345777,0.806794,2.075481,1.024256,0.807761,1.418586,1.266202,1.817104,1.180184,2.385726,1.620906,0.005892
-7.555818,2,0.601406,0.834505,0.610282,0.657954,0.008958,0.009944,0.010273,0.010273,0.042164,1.176099,0.255866,0.504418,2.298525,2.32647,2.4228,1.571282,1.02941,2.082569,1.600932,2.307762,1.32838,0.805828,2.087723,1.028444,0.803895,1.435983,1.25847,1.822903,1.194681,2.423098,1.647001,0.005248
-6.904373,2,0.59483,0.820368,0.578063,0.656311,0.009944,0.009287,0.009287,0.009287,0.041835,1.170181,0.192084,0.504418,2.27288,2.301155,2.410636,1.537419,1.012014,2.001061,1.555828,2.287144,1.304862,0.790686,2.060661,1.054217,0.747838,1.421808,1.241395,1.818715,1.19597,2.386049,1.647646,0.00557
-6.484872,2,0.566227,0.797025,0.557021,0.663543,0.008958,0.008629,0.0083,0.0083,0.031643,1.1544,0.217071,0.503431,2.255127,2.255784,2.392553,1.381581,0.961111,2.023612,1.490107,2.261693,1.266202,0.745905,2.036821,1.047774,0.725609,1.38798,1.153766,1.766202,1.148612,2.317427,1.56356,0.005248
-7.88245,2,0.549788,0.771052,0.571816,0.640201,0.008629,0.0083,0.009287,0.010273,0.040849,1.099495,0.205235,0.45017,2.257428,2.213044,2.375128,1.316813,0.918263,1.972066,1.439849,2.201126,1.175996,0.701124,1.995906,1.003959,0.720454,1.287143,1.071614,1.743329,1.112207,2.287466,1.655055,0.006214
-8.840263,2,0.562939,0.861793,0.638557,0.685242,0.012246,0.010273,0.009944,0.008958,0.069123,1.203058,0.251263,0.532692,2.303785,2.25414,2.38006,1.300375,1.01298,1.976254,1.503638,2.176641,1.291975,0.716266,1.975932,1.007825,0.772967,1.349321,1.086756,1.786499,1.144746,2.423742,1.726898,0.006214
-9.410466,2,0.637899,0.954178,0.761189,0.75823,0.010273,0.010602,0.009944,0.009944,0.062219,1.238565,0.321949,0.577734,2.448444,2.298525,2.410307,1.359553,1.121872,2.289077,1.619295,2.284566,1.415687,1.175029,2.226254,1.200158,0.955957,1.501705,1.178895,1.927607,1.197259,2.469167,1.803896,0.005248
-9.420166,2,0.713188,1.010069,0.829573,0.781244,0.011259,0.010931,0.008958,0.011588,0.076028,1.278676,0.314387,0.582337,2.459951,2.400115,2.451074,1.401307,1.150867,2.37284,1.928896,2.354476,1.413431,1.353831,2.283278,1.500094,1.028444,1.589334,1.262014,2.017169,1.220454,2.518781,1.904733,0.007181
-9.367469,2,0.780915,1.050508,0.970616,0.844039,0.012903,0.012574,0.012574,0.013561,0.297949,1.314512,0.399211,0.620803,2.555952,2.531295,2.500719,1.480541,1.400545,2.49333,2.100288,2.38927,1.36414,1.39539,2.426319,1.742684,1.136691,1.737852,1.393457,2.10061,1.310661,2.54842,2.08579,0.007503
-10.04755,2,0.806559,1.141249,1.070892,0.864423,0.014876,0.014876,0.455431,0.014547,0.436033,1.428595,0.576419,0.625735,2.57009,2.57009,2.552993,1.538076,1.487207,2.555185,2.150868,2.442105,1.337723,1.463367,2.507827,1.841911,1.468199,1.790043,1.402156,2.094489,1.345455,2.560662,2.21369,0.010402
-10.225808,2,1.030124,1.339498,1.230017,1.077467,0.017835,0.017506,0.55998,0.065178,0.53861,1.470021,0.700695,0.65368,2.545103,2.604939,2.608556,1.579173,1.543264,2.64668,2.164721,2.42793,1.460145,1.58289,2.54101,1.881215,1.746872,1.988496,1.489462,2.114141,1.357697,2.531989,2.325159,0.007825
-10.804292,2,1.085687,1.437472,1.314512,1.111331,0.019479,0.01915,0.650064,0.103644,0.607652,1.599557,0.810176,0.653352,2.547076,2.621378,2.595076,1.499281,1.682762,2.663111,2.27909,2.433729,1.555506,1.607375,2.496551,1.847066,2.016203,2.078703,1.519102,2.159244,1.380571,2.559696,2.372195,0.413431
-11.140085,2,1.147167,1.517035,1.485802,1.156373,0.020465,0.019807,0.677352,0.189454,0.638557,1.738956,0.905848,0.658941,2.610528,2.651625,2.605926,1.565364,1.900867,2.686307,2.332569,2.472389,1.785532,1.825159,2.547776,1.869617,2.204992,2.160211,1.619295,2.26878,1.503638,2.65409,2.439206,0.40892
-12.174249,2,1.160975,1.526569,1.495336,1.164263,0.021451,0.021451,0.687215,0.179591,0.672749,1.764929,0.908807,0.653352,2.616446,2.654255,2.595076,1.600872,1.973677,2.651513,2.374128,2.461757,1.888625,1.832246,2.559696,1.930829,2.283922,2.230443,1.729153,2.234631,1.454669,2.645392,2.434051,0.211433
-12.736056,2,1.139934,1.519994,1.488432,1.129742,0.020794,0.020136,0.695106,0.161508,0.654667,1.749805,0.881519,0.650393,2.612501,2.642419,2.574364,1.62553,2.01878,2.675353,2.384438,2.445649,2.001061,1.86994,2.542621,1.942105,2.342556,2.258149,1.713045,2.244618,1.43405,2.628317,2.39378,0.158276
-13.394169,2,1.147167,1.500925,1.450623,1.183003,0.020136,0.021123,0.716147,0.194057,0.650393,1.763285,0.8973,0.649078,2.600665,2.63946,2.570418,1.603831,2.001383,2.660533,2.382183,2.44436,2.043265,1.9028,2.49043,1.93244,2.31034,2.286499,1.723999,2.243007,1.462723,2.612209,2.394747,0.151833
-13.065027,2,1.151112,1.458185,1.472322,1.163606,0.02178,0.020794,0.714503,0.170056,0.647434,1.742244,0.905191,0.644146,2.578638,2.624337,2.53787,1.604159,2.07677,2.631539,2.361564,2.451126,2.009437,1.894746,2.493652,1.922453,2.309051,2.231409,1.656022,2.210146,1.44146,2.610598,2.373162,0.313237
-12.918241,2,1.072536,1.391444,1.335553,1.148153,0.018821,0.018164,0.693791,0.160522,0.585625,1.707723,0.890725,0.645461,2.572062,2.597049,2.546418,1.546953,2.046486,2.527479,2.329347,2.386371,1.946615,1.857053,2.418909,1.919553,2.267492,2.147646,1.576447,2.171809,1.418264,2.574515,2.35351,0.535209
-12.930262,2,1.072865,1.396047,1.319443,1.137633,0.018821,0.01915,0.689516,0.138166,0.573131,1.67353,0.895328,0.642831,2.534582,2.573048,2.532281,1.5532,1.966267,2.52168,2.283922,2.37284,1.899579,1.821615,2.454025,1.762336,2.212724,2.130249,1.618651,2.129927,1.388625,2.572582,2.304541,0.175995
-12.597596,2,1.061029,1.404595,1.315827,1.134016,0.017506,0.019479,0.695763,0.130604,0.572802,1.663338,0.852587,0.642173,2.543459,2.543459,2.530637,1.647557,1.906022,2.484631,2.320649,2.438239,1.857375,1.73753,2.43083,1.655378,2.197904,2.121551,1.600287,2.160855,1.362207,2.540688,2.209502,0.010724
-12.741059,2,1.096536,1.350677,1.307936,1.099824,0.020465,0.019807,0.687544,0.09937,0.564912,1.651503,0.850615,0.650393,2.573706,2.544445,2.520774,1.648544,1.877994,2.414077,2.3461,2.395391,1.772324,1.663109,2.408922,1.578058,2.147646,2.126061,1.550674,2.171164,1.353509,2.533922,2.177285,0.008791
-12.886364,2,1.02322,1.298073,1.225415,1.084043,0.021451,0.018821,0.638557,0.121069,0.536966,1.669256,0.818066,0.631981,2.555952,2.536226,2.534911,1.666626,1.870584,2.367363,2.344167,2.438239,1.752349,1.654733,2.376061,1.574514,2.10802,2.077736,1.475287,2.178252,1.334823,2.590301,2.152801,0.008469
-12.691906,2,1.004809,1.210291,1.200099,1.068262,0.017177,0.016191,0.61883,0.08885,0.491596,1.588707,0.792093,0.622776,2.539514,2.50302,2.55398,1.659393,1.726898,2.33128,2.339012,2.419232,1.700803,1.616396,2.2836,1.517169,2.07677,2.046808,1.442426,2.157955,1.341911,2.602866,2.033922,0.006536
-12.974819,2,0.941027,1.168537,1.164592,0.996918,0.016191,0.017177,0.615543,0.048411,0.415321,1.559447,0.717791,0.6162,2.508281,2.518472,2.529322,1.715613,1.742684,2.335469,2.316139,2.434051,1.689205,1.558406,2.119296,1.481086,1.966911,2.037466,1.371872,2.149901,1.317748,2.592557,1.97561,0.007503
-13.065745,2,0.92426,1.153414,1.139276,1.012042,0.015533,0.016191,0.624091,0.050712,0.405129,1.531501,0.713846,0.62705,2.527678,2.523733,2.538199,1.692599,1.733664,2.319682,2.304218,2.451448,1.692427,1.54713,2.03811,1.456279,1.953058,1.933728,1.518135,2.143458,1.317426,2.595456,1.916654,0.007181
-13.104983,2,0.935767,1.13829,1.13303,1.003822,0.016848,0.016191,0.622447,0.059589,0.389348,1.521309,0.693133,0.628694,2.504007,2.517815,2.466855,1.730737,1.72271,2.297775,2.266525,2.432118,1.679862,1.528444,2.027801,1.413109,1.930829,1.927607,1.501705,2.129283,1.331279,2.577093,1.900867,0.013624
-13.297679,2,0.968973,1.127441,1.112975,1.004809,0.016191,0.015862,0.618173,0.082932,0.382115,1.51572,0.671763,0.614556,2.503678,2.507952,2.477705,1.733038,1.711434,2.309373,2.248484,2.416654,1.642491,1.525223,1.989141,1.42213,1.903123,1.873806,1.471743,2.135404,1.33289,2.551964,1.89829,0.007503
-13.866748,2,0.930506,1.133359,1.103769,0.912753,0.015205,0.015862,0.61357,0.079644,0.357785,1.519008,0.573131,0.609296,2.477047,2.490198,2.551678,1.752435,1.680184,2.248162,2.258149,2.405056,1.64088,1.510725,2.027478,1.401833,1.820004,1.815494,1.409243,2.104798,1.322259,2.511693,1.879282,0.007825
-13.714752,2,0.915054,1.1304,1.085687,0.908479,0.017177,0.015862,0.612584,0.061562,0.361073,1.511446,0.551761,0.59746,2.50565,2.446472,2.514527,1.760655,1.679862,2.245907,2.253316,2.349322,1.620584,1.497194,2.001383,1.414076,1.709179,1.768135,1.38798,2.087723,1.295841,2.50976,1.866074,0.007503
-13.528049,2,0.819053,1.087988,1.02322,0.867711,0.014547,0.015862,0.582008,0.021123,0.272633,1.488761,0.498171,0.580693,2.484938,2.441211,2.466527,1.758025,1.627993,2.146357,2.120262,2.327737,1.551962,1.462078,1.959502,1.302284,1.620261,1.738174,1.334179,2.02329,1.249127,2.523935,1.823548,0.014268
-15.284465,2,0.815765,1.032426,0.972589,0.864752,0.01389,0.012903,0.564254,0.01389,0.181235,1.379609,0.447211,0.567542,2.425759,2.398142,2.518801,1.732709,1.602865,2.078058,2.063239,2.303574,1.475931,1.417297,1.905378,1.250416,1.405055,1.697259,1.258148,1.887981,1.229797,2.495263,1.723032,0.007503
-15.854415,2,0.83056,1.046892,0.958452,0.837464,0.01389,0.01389,0.574446,0.014547,0.077014,1.361197,0.4048,0.559323,2.387293,2.367238,2.539843,1.717914,1.587723,1.964656,2.067749,2.253961,1.421808,1.349643,1.942105,1.194359,1.266846,1.64539,1.13057,1.820326,1.191782,2.467879,1.661821,0.006536
-16.139785,2,0.797354,1.028809,0.934123,0.796367,0.012903,0.012574,0.597789,0.022109,0.081288,1.332265,0.389676,0.558336,2.364279,2.341594,2.549048,1.747175,1.552607,1.841267,2.109308,2.25976,1.372839,1.310016,1.893135,1.161176,1.134758,1.403766,1.103831,1.745906,1.147645,2.46659,1.649579,0.006536
-16.011858,2,0.734229,1.025193,0.888095,0.781901,0.012574,0.013232,0.561953,0.012574,0.051041,1.272429,0.35121,0.555049,2.368553,2.300497,2.546747,1.770189,1.486563,1.819037,2.050352,2.221422,1.345777,1.208212,1.870262,1.064526,1.009758,1.326125,1.082568,1.681795,1.137336,2.375739,1.55905,0.005892
-15.652487,2,0.678667,1.010069,0.875601,0.76086,0.012574,0.012574,0.510007,0.012246,0.01915,1.276703,0.2654,0.504747,2.286031,2.336333,2.539843,1.688983,1.3374,1.792298,2.048097,2.166654,1.291009,1.138302,1.809373,1.018779,0.980119,1.344488,0.961111,1.5903,1.104153,2.229476,1.413109,0.005892
-16.008901,2,0.670448,0.998891,0.819053,0.741462,0.011259,0.012574,0.480089,0.012246,0.015533,1.227058,0.251921,0.45576,2.230469,2.365265,2.500719,1.659722,1.226253,1.758148,1.949514,2.111241,1.400545,1.039398,1.603831,0.933405,0.918263,1.10963,0.700802,1.543264,1.080635,2.141525,1.217877,0.004281
-16.041026,2,0.708914,0.996589,0.822998,0.731271,0.012574,0.012246,0.507706,0.012246,0.013561,1.238894,0.242386,0.445896,2.209428,2.316607,2.481321,1.698846,1.196292,1.783599,1.919231,2.053574,1.443715,0.813238,1.566138,0.932117,0.825158,1.100287,0.502348,1.513625,1.066782,2.079669,1.154411,0.004603
-16.536269,2,0.733901,1.003822,0.856204,0.738504,0.012574,0.011588,0.53861,0.011917,0.014547,1.258292,0.255208,0.448855,2.217647,2.3051,2.488226,1.757696,1.190171,1.862852,1.945004,2.135082,1.443071,0.76008,1.564849,0.955635,0.832568,1.082568,0.504603,1.493328,1.064526,2.054862,1.14249,0.004281
-16.684147,2,0.73686,1.00711,0.878232,0.743106,0.012246,0.012903,0.582008,0.013561,0.012903,1.226401,0.251592,0.435376,2.217318,2.298525,2.470143,1.756709,1.185661,1.874772,1.91021,2.169231,1.440493,0.766202,1.546486,0.979153,0.805184,1.072903,0.393134,1.472388,1.058083,2.03811,1.11414,0.003959
-17.266702,2,0.745079,1.004809,0.885136,0.742778,0.013232,0.012574,0.611269,0.012246,0.01652,1.226072,0.215427,0.43702,2.210743,2.26762,2.459951,1.727449,1.154088,1.893458,1.882826,2.212401,1.37155,0.754281,1.569359,0.998483,0.763624,1.051318,0.268456,1.487207,1.013624,1.961757,1.105119,0.003959
-17.63968,2,0.78223,0.997247,0.874286,0.738175,0.011259,0.011259,0.568857,0.012574,0.015862,1.217524,0.205235,0.435704,2.19003,2.295894,2.433321,1.6709,1.067748,1.903445,1.746872,2.189528,1.339656,0.703057,1.534888,1.011691,0.699513,0.915364,0.239139,1.459179,0.998805,1.935017,1.006537,0.004281
-17.914215,2,0.787491,0.978507,0.850615,0.714503,0.012574,0.012903,0.554391,0.012574,0.012903,1.20536,0.197345,0.426828,2.169975,2.301155,2.430033,1.665311,1.063238,1.858664,1.52329,2.124772,1.252027,0.665042,1.518457,1.002671,0.616073,0.901511,0.166008,1.423419,0.951769,1.879927,0.930184,0.003315
-17.509794,2,0.789134,0.976206,0.863437,0.723709,0.01389,0.012246,0.583981,0.011588,0.011588,1.185962,0.194057,0.430444,2.180167,2.297209,2.424444,1.711339,1.079668,1.841911,1.552607,2.140881,1.233341,0.701124,1.586112,1.012658,0.563238,0.90441,0.153766,1.417297,0.947581,1.880249,0.8999,0.003315
-17.038458,2,0.829902,0.992973,0.852587,0.707599,0.011588,0.011588,0.638557,0.013561,0.012246,1.189907,0.158549,0.428471,2.188057,2.289977,2.428389,1.735011,1.076124,1.903123,1.531666,2.191461,1.261047,0.793586,1.560017,1.095454,0.61124,0.88347,0.225286,1.425674,0.978186,1.897324,0.900867,0.003315
-17.200919,2,0.846012,0.996261,0.802285,0.727983,0.012903,0.013232,0.660256,0.075699,0.012574,1.156701,0.176632,0.431102,2.182468,2.282086,2.421485,1.753422,1.066137,1.952092,1.513303,2.293587,1.269746,0.80905,1.589978,1.134114,0.644745,0.856408,0.214977,1.428573,0.974965,1.90119,0.87316,0.005248
-17.072291,2,0.850286,0.997905,0.773025,0.696749,0.012574,0.011917,0.664859,0.083918,0.012574,1.100153,0.145727,0.431102,2.221921,2.253154,2.404718,1.785313,1.060338,1.928574,1.535854,2.308084,1.291975,0.835145,1.588689,1.137658,0.645712,0.777799,0.184049,1.433083,0.964333,1.894424,0.859629,0.002992
-17.035218,2,0.861793,0.994946,0.77434,0.6859,0.011917,0.011917,0.662886,0.110877,0.012903,1.109029,0.139809,0.436033,2.235072,2.277483,2.372169,1.78334,1.098032,1.912788,1.644102,2.302608,1.311949,0.846098,1.59771,1.137336,0.679861,0.75847,0.15892,1.442426,0.995583,1.935017,0.830957,0.003315
-16.424951,2,0.864094,0.969301,0.777627,0.685571,0.012574,0.012574,0.680311,0.102658,0.013232,1.09292,0.163481,0.438663,2.217976,2.311018,2.371841,1.798792,1.128637,1.929862,1.653122,2.349322,1.339978,0.878637,1.692749,1.363818,0.661176,0.730441,0.205956,1.426318,0.987207,1.932762,0.825802,0.003315
-16.430449,2,0.863766,0.978836,0.774011,0.642173,0.013561,0.012574,0.72075,0.192413,0.012246,1.087002,0.137508,0.435376,2.223565,2.294579,2.359676,1.792546,1.098998,1.976254,1.622839,2.350932,1.276833,0.870583,1.814527,1.399578,0.627993,0.704668,0.206601,1.409243,0.995583,1.920842,0.824513,0.00267
-16.252701,2,0.840423,0.977849,0.721736,0.619488,0.011259,0.011588,0.714832,0.125672,0.012574,0.982781,0.087863,0.418608,2.196277,2.295566,2.321539,1.779066,1.040364,2.02619,1.533599,2.422131,1.260081,0.826769,1.824514,1.424063,0.600931,0.671163,0.213366,1.401189,0.984952,1.899901,0.80905,0.001704
-16.335552,2,0.837464,0.967658,0.706284,0.609625,0.01389,0.011917,0.706941,0.102658,0.010931,0.954835,0.087535,0.408416,2.144988,2.306086,2.381704,1.731723,1.019423,2.015236,1.4028,2.428574,1.305184,0.819037,1.877994,1.409888,0.496871,0.638624,0.186627,1.393457,0.949836,1.855442,0.745905,0.002348
-16.389198,2,0.807546,0.946287,0.687873,0.60009,0.010602,0.010602,0.708914,0.101014,0.012574,0.896972,0.084247,0.374224,2.175893,2.334689,2.376115,1.70575,0.954668,2.045198,1.338367,2.422453,1.19146,0.763302,1.947581,1.427607,0.4595,0.585789,0.226575,1.382504,0.948547,1.824192,0.705634,0.002348
-16.854243,2,0.755928,0.93215,0.65368,0.576419,0.014876,0.030328,0.701681,0.090822,0.010602,0.853245,0.044137,0.365347,2.111454,2.298853,2.372498,1.686681,0.897001,2.070971,1.179539,2.403768,1.154088,0.74075,1.912465,1.436627,0.436304,0.537464,0.212078,1.373161,0.936949,1.779733,0.634758,0.001704
-16.781434,2,0.689845,0.914068,0.616858,0.55998,0.011259,0.009944,0.676694,0.055315,0.009615,0.839108,0.032958,0.34036,2.053919,2.240003,2.368224,1.659064,0.846743,2.090945,0.993972,2.367363,1.034887,0.646034,1.929218,1.43405,0.391201,0.348676,0.16182,1.33289,0.91182,1.708213,0.531665,0.002026
-17.036419,2,0.677352,0.864752,0.567542,0.507048,0.010602,0.009944,0.646119,0.027369,0.010273,0.812148,0.018821,0.346936,1.975671,2.215017,2.298196,1.650516,0.711756,2.014914,0.885725,2.326448,1.039075,0.568714,1.858342,1.405055,0.339655,0.295196,0.105119,1.282632,0.877671,1.667298,0.32548,0.001382
-13.263917,2,0.62442,0.786175,0.39132,0.424197,0.0083,0.0083,0.623433,0.008629,0.008958,0.613899,-0.000248,0.320963,1.996055,2.180496,2.297538,1.641968,0.586433,2.008149,0.828057,2.192427,0.899578,0.515235,1.770713,1.369939,0.006214,0.233018,0.06517,0.949191,0.780055,1.608019,0.007825,0.000415
-6.981768,2,0.529076,0.31899,0.005013,0.251921,0.004026,0.004684,0.542884,0.005999,0.007314,0.537295,-0.000248,0.295976,1.92504,2.111454,2.249538,1.660379,0.397322,1.796486,0.691137,2.046808,0.778122,0.227541,1.550352,1.281021,0.006536,0.062915,0.000415,0.632181,0.645712,1.410532,0.006214,0.000737
-3.326243,2,0.149015,0.000739,0.001725,0.002054,0.001067,0.001067,0.000739,0.001725,0.001396,0.336415,0.000081,-0.000248,1.668599,1.802737,2.081207,1.407883,0.022644,1.521357,0.469487,1.605442,0.434371,0.028766,1.250738,0.550029,0.002026,0.000093,0.000415,0.26749,0.415364,0.774256,0.002992,-0.000229
3.46249,2,0.000081,-0.000248,0.000739,-0.000248,-0.000248,-0.000576,0.00041,0.001067,0.000739,0.130604,0.000739,0.00041,1.405253,1.458185,1.80471,1.229031,-0.000229,1.190493,0.369616,1.182761,0.254603,0.023289,0.673096,0.002026,-0.000551,-0.000874,0.000415,0.233018,0.188882,0.520067,0.001059,-0.000229
5.748277,2,-0.000248,-0.000905,-0.000576,0.000081,0.000739,0.001396,0.000739,0.00041,-0.000905,0.087206,-0.000576,-0.000576,1.346731,1.19714,1.790573,1.159003,-0.000229,1.515236,0.359629,1.340622,0.32709,0.022322,1.034243,0.004925,-0.000229,-0.000551,-0.000874,0.272645,0.166008,0.470776,0.002348,-0.000551
8.539239,2,0.000081,0.000739,0.002382,-0.000576,-0.000248,0.000081,-0.000248,-0.000248,-0.000576,-0.000576,-0.000248,0.00041,1.326019,1.144537,1.822793,1.242182,0.000737,1.630893,0.333534,1.541009,0.372516,0.02651,1.041975,0.007503,0.001059,0.000093,-0.000551,0.290042,0.162464,0.473031,0.002348,-0.000874
10.452714,2,0.001067,-0.000248,-0.000248,-0.000248,0.000081,0.000081,0.001725,0.000739,0.000739,0.089507,-0.000905,-0.000248,1.358896,1.234949,1.824765,1.200428,0.000093,1.649256,0.309694,1.566138,0.340621,0.075802,1.05164,0.116072,0.000737,0.000093,-0.000229,0.279732,0.162142,0.475931,0.000737,0.000737
12.261304,2,-0.001892,0.000739,0.000739,0.001067,0.000739,0.000081,-0.000576,0.000739,0.002711,0.202276,-0.000905,-0.000576,1.37106,1.259936,1.83956,1.226072,0.002348,1.683406,0.298096,1.634115,0.379281,0.07999,1.01749,0.056472,0.000093,0.000093,0.000415,0.295518,0.174706,0.491073,0.001704,0.000093
12.599005,2,0.000739,0.001067,0.001396,0.001396,0.001396,0.000739,0.000081,0.000081,-0.000576,0.275264,0.000739,0.001067,1.408869,1.279991,1.845149,1.225743,-0.00184,1.70628,0.29874,1.64378,0.411498,0.104797,1.03972,0.004925,-0.000551,0.000093,0.000093,0.272645,0.225286,0.496227,0.002026,-0.000229
12.194352,2,0.000739,0.000739,0.001067,0.000081,0.000739,0.001067,0.001067,0.001725,0.001396,0.445568,0.00041,-0.000248,1.405253,1.326676,1.850409,1.374677,-0.000551,1.681473,0.273933,1.659243,0.392812,0.094165,1.188882,0.70048,0.002026,-0.000229,-0.000229,0.310338,0.189526,0.504926,0.001382,-0.001196
11.337945,2,0.000081,0.002382,0.002054,0.00041,0.001396,0.001067,0.000739,0.000081,0.000081,0.486007,0.00041,0.000739,1.407883,1.377636,1.841204,1.452596,-0.000229,1.679862,0.331923,1.7153,0.444681,0.073224,1.06807,0.559049,0.002026,-0.000551,-0.000874,0.326124,0.339977,0.547774,0.00267,0.000415
9.56956,2,0.034931,0.001067,0.000081,0.000081,0.000739,0.002054,0.001725,0.002054,0.001396,0.474171,0.001067,-0.000576,1.400979,1.367444,1.824436,1.435828,-0.00184,1.685661,0.400866,1.91762,0.558405,0.079346,1.127671,0.959823,0.003959,0.001382,-0.000551,0.332889,0.388302,0.648611,0.002992,0.000093
9.659798,2,0.046109,0.002054,0.002054,0.001725,0.001396,0.001396,0.001067,0.00041,0.001725,0.571816,0.000739,0.000739,1.400321,1.291826,1.805039,1.404595,0.001059,1.723354,0.519101,1.983986,0.636047,0.306472,1.297774,1.018457,0.004281,-0.000229,0.000415,0.362206,0.507825,0.900867,0.003315,0.000093
8.414078,2,0.009615,0.001067,0.000739,0.001396,0.001396,0.002382,0.001725,0.001067,0.001725,0.568528,-0.002878,0.00041,1.413472,1.221469,1.77808,1.338512,0.001059,1.805507,0.531987,1.971744,0.685338,0.477219,1.362851,1.097065,0.003959,-0.000229,0.001059,0.374771,0.569036,0.931794,0.003959,-0.000229
9.332703,2,0.047753,0.001725,0.001396,0.002054,0.001725,0.001725,0.001396,0.001067,0.002054,0.654995,0.011259,-0.000248,1.389143,1.183989,1.793203,1.30695,0.016846,1.855764,0.570969,1.941138,0.691781,0.49816,1.42954,1.114462,0.003637,-0.001196,-0.000551,0.339977,0.602219,1.08289,0.00557,0.004925
9.599052,2,0.300908,0.002711,0.003369,0.002054,0.00041,0.001725,0.002054,0.002382,0.00304,0.748695,0.056959,0.000081,1.41413,1.22673,1.777751,1.327005,0.16182,1.818071,0.584178,1.944682,0.680183,0.517812,1.462401,1.155699,0.004281,-0.000551,-0.001196,0.412464,0.629281,1.194681,0.005248,-0.000874
10.400317,2,0.394937,0.003698,0.004026,0.006328,0.004684,0.00567,0.501459,0.005013,0.005013,0.977849,0.105288,0.034931,1.444377,1.361526,1.787614,1.337855,0.191137,1.9057,0.583856,1.980764,0.674707,0.511691,1.459823,1.105441,0.004925,-0.000229,-0.000874,0.489462,0.695003,1.312594,0.116072,0.007825
10.406724,2,0.452472,0.005013,0.005341,0.022766,0.005013,0.004355,0.54387,0.003369,0.004026,1.0607,0.219372,0.09411,1.500268,1.432212,1.783669,1.364156,0.238173,1.977865,0.554861,1.933406,0.598354,0.493972,1.416975,0.763946,0.004925,0.000093,-0.000229,0.727864,0.708856,1.302284,0.189204,0.000415
11.279042,2,0.467924,0.005341,0.004355,0.098055,0.005013,0.00567,0.548473,0.005999,0.005999,1.079111,0.191755,0.089178,1.4835,1.454568,1.775121,1.351663,0.097065,1.95338,0.533276,1.891203,0.638946,0.458856,1.408599,0.098353,0.000415,0.000093,0.000093,0.702735,0.702091,1.275223,0.179861,0.001704
11.724247,2,0.465294,0.005341,0.005999,0.166769,0.005999,0.005999,0.558008,0.005013,0.005341,1.102454,0.252907,0.100357,1.490076,1.438459,1.765258,1.345087,0.11575,1.892491,0.539719,1.883148,0.651189,0.454668,1.416975,0.512013,0.00267,0.000093,-0.000551,0.678895,0.704024,1.284565,0.152477,0.000737
11.923219,2,0.472527,0.006328,0.006328,0.238112,0.005341,0.004355,0.581022,0.006985,0.006657,1.170839,0.211482,0.103644,1.500925,1.424979,1.759668,1.365143,0.194358,1.878316,0.555183,1.889592,0.656343,0.487207,1.425029,0.622516,0.002992,0.000093,0.000415,0.735918,0.709178,1.300351,0.218199,0.001059
11.910191,2,0.527761,0.006657,0.006985,0.309785,0.007314,0.106603,0.623105,0.006985,0.006657,1.186291,0.182879,0.131261,1.544981,1.482843,1.760983,1.359882,0.314204,1.901834,0.576446,1.912143,0.654732,0.512658,1.439205,0.69758,0.002992,0.000093,0.002992,0.848998,0.715299,1.320326,0.224964,-0.000874
11.803108,2,0.558994,0.007314,0.006985,0.361073,0.006328,0.117453,0.635927,0.006985,0.006657,1.172482,0.186824,0.14507,1.550899,1.484487,1.763285,1.375663,0.368005,1.989785,0.576768,1.963045,0.650866,0.528444,1.464334,0.784887,0.002992,0.000415,0.001704,0.85673,0.724642,1.341911,0.236884,0.001059
11.350362,2,0.561953,0.006657,0.005999,0.379484,0.007643,0.148357,0.657626,0.007314,0.007314,1.210291,0.207865,0.146385,1.539392,1.491391,1.750134,1.302676,0.366072,2.01427,0.582567,2.012015,0.679539,0.531021,1.467555,0.677606,0.002992,-0.000551,0.04874,0.89539,0.754281,1.349321,0.244616,0.001059
11.43494,2,0.746723,0.006985,0.0083,0.387375,0.007314,0.201947,0.703654,0.007314,0.007314,1.2721,0.328196,0.2654,1.595611,1.568323,1.766573,1.319772,0.384758,2.102221,0.584823,2.099966,0.804217,0.565493,1.581602,0.962078,0.002992,0.194681,0.13508,0.941459,0.752348,1.348998,0.272322,0.000093
11.599397,2,0.805902,0.40217,0.009287,0.513952,0.009615,0.211482,0.733243,0.009944,0.009615,1.347389,0.376197,0.271647,1.61205,1.575228,1.745531,1.303662,0.379926,2.252994,0.641201,2.176319,0.86124,0.707567,1.717555,1.025544,0.003959,0.226253,0.251382,1.030377,0.804539,1.42213,0.475931,0.009758
11.632938,2,0.781901,0.432417,0.010602,0.567213,0.010273,0.210495,0.742778,0.010273,0.010602,1.363827,0.344306,0.368306,1.596269,1.590351,1.7406,1.28558,0.42374,2.265236,0.672129,2.204992,0.995261,0.793263,1.713045,1.063882,0.004925,0.223353,0.251382,1.043264,0.834823,1.453058,0.571936,0.002026
11.829202,2,0.796367,0.420581,0.008958,0.527432,0.009287,0.193728,0.723051,0.008958,0.009944,1.39539,0.350224,0.375539,1.578187,1.567337,1.723832,1.315169,0.502026,2.262015,0.696614,2.204347,0.983663,0.796163,1.752349,1.131215,0.004281,0.225286,0.278766,1.149578,0.856408,1.469166,0.608985,0.002992
11.720374,2,0.753956,0.420252,0.010273,0.577076,0.010273,0.183207,0.70727,0.010273,0.010273,1.378951,0.359429,0.376525,1.575556,1.54794,1.738627,1.321416,0.578701,2.269425,0.708856,2.218523,1.022967,0.833212,1.835146,1.152478,0.004925,0.248804,0.316459,1.174063,0.861562,1.497194,0.61414,0.003959
11.704754,2,0.716476,0.316031,0.009944,0.447869,0.009287,0.144412,0.68853,0.008958,0.009287,1.328978,0.331155,0.267044,1.576871,1.515391,1.744216,1.339827,0.567426,2.285533,0.717555,2.224966,1.004926,0.857696,1.838045,1.14088,0.004925,0.312593,0.310982,1.172452,0.859307,1.541653,0.61124,0.001704
11.627651,2,0.678996,0.008629,0.007643,0.391649,0.0083,0.116138,0.638228,0.006657,0.007643,1.40591,0.331812,0.272962,1.527556,1.439116,1.734353,1.324704,0.563882,2.272324,0.727542,2.208858,0.924707,0.839977,1.862852,1.135403,0.003959,0.305183,0.308083,1.167942,0.853508,1.521357,0.607052,0.002026
11.952348,2,0.641845,0.007643,0.00567,0.398882,0.007314,0.117124,0.638886,0.008629,0.009615,1.410842,0.317675,0.325237,1.498624,1.417088,1.736654,1.323717,0.566781,2.263626,0.744294,2.183406,0.910209,0.855763,1.864785,1.13798,0.004603,0.399578,0.320003,1.206923,0.855119,1.550029,0.624127,0.002026
12.072754,2,0.652694,0.007314,0.007972,0.40217,0.007643,0.114494,0.637242,0.0083,0.010273,1.409856,0.321949,0.322936,1.512761,1.408869,1.770189,1.338841,0.577735,2.275868,0.737529,2.208535,0.929539,0.899578,1.893458,1.138947,0.004603,0.434371,0.326446,1.214011,0.867361,1.631537,0.632503,0.00267
12.629057,2,0.708914,0.009615,0.007643,0.457075,0.008629,0.119425,0.640529,0.007314,0.011259,1.400979,0.355155,0.359758,1.568323,1.394732,1.777422,1.341471,0.575158,2.295842,0.768779,2.220778,0.928895,0.937593,1.904089,1.134114,0.085789,0.549384,0.347709,1.251704,0.86865,1.663432,0.70048,0.002026
12.935212,2,0.707928,0.008629,0.006328,0.473184,0.007972,0.119097,0.643488,0.007314,0.022438,1.478898,0.357128,0.385731,1.548268,1.392102,1.749476,1.344759,0.621872,2.264914,0.792941,2.217556,0.98914,0.995261,1.940816,1.122516,0.383792,0.595776,0.347387,1.27329,0.884758,1.631859,0.727542,0.002348
13.260881,2,0.706941,0.008958,0.007643,0.477787,0.007643,0.119097,0.628036,0.008958,0.022766,1.477254,0.408088,0.373566,1.537419,1.383883,1.714627,1.305964,0.627026,2.253961,0.786498,2.252028,1.03682,1.019423,1.954669,1.12155,0.414719,0.661176,0.36124,1.288753,0.89249,1.640236,0.759436,0.000737
13.103858,2,0.677023,0.0083,0.0083,0.570501,0.009615,0.104302,0.611926,0.0083,0.013232,1.490405,0.412362,0.369621,1.516706,1.342129,1.726462,1.273744,0.673418,2.300997,0.822903,2.23753,1.021356,1.104797,1.984953,1.109952,0.425029,0.656988,0.365106,1.29423,0.903444,1.678896,0.763946,0.002026
12.969231,2,0.678009,0.009615,0.0083,0.611269,0.0083,0.101672,0.61094,0.007972,0.023095,1.493692,0.474171,0.352854,1.485144,1.338841,1.728106,1.263552,0.683727,2.298097,0.854153,2.269747,1.004282,1.098354,1.982375,1.10222,0.437593,0.723354,0.36575,1.292619,0.904088,1.738174,0.777799,0.003637
12.831924,2,0.675379,0.008629,0.008958,0.473513,0.007643,0.106603,0.620146,0.0083,0.039534,1.564049,0.46365,0.362059,1.533474,1.347389,1.746189,1.267826,0.696936,2.331925,0.870905,2.256216,1.116395,1.200802,1.985275,1.072903,0.459178,0.741717,0.424384,1.303573,0.921485,1.74655,0.805828,0.003315
12.971792,2,0.71812,0.181235,0.023424,0.611598,0.008958,0.121727,0.623433,0.009944,0.036575,1.567666,0.486993,0.361731,1.564049,1.351334,1.748161,1.285909,0.738818,2.358987,0.925029,2.277157,1.096743,1.287143,2.009437,1.114462,0.479152,0.757181,0.535209,1.307439,0.927284,1.774901,0.834501,0.003959
12.5578,2,0.711215,0.382115,0.014876,0.618502,0.010931,0.125343,0.628036,0.009615,0.056301,1.579502,0.525459,0.377841,1.590351,1.369088,1.743887,1.316813,0.753959,2.36092,0.96691,2.267169,1.148289,1.335145,1.999772,1.100609,0.510402,0.763946,0.577735,1.334501,0.936305,1.813239,0.857052,0.00267
12.606697,2,0.725681,0.41006,0.065507,0.619817,0.009944,0.130933,0.629022,0.008629,0.055972,1.580488,0.52513,0.380799,1.62553,1.426952,1.753422,1.328978,0.798096,2.375095,1.009114,2.293265,1.183405,1.347388,2.033922,1.09481,0.531987,0.835789,0.634758,1.336434,0.942748,1.879927,0.930184,0.002992
12.293598,2,0.761846,0.605022,0.063534,0.633954,0.010273,0.14507,0.630009,0.010273,0.07011,1.592324,0.556364,0.395265,1.665311,1.425637,1.770189,1.242511,0.853508,2.402801,1.242362,2.307118,1.281344,1.356086,2.082247,1.103186,0.620583,0.918908,0.702413,1.323869,0.951769,1.943393,1.020068,0.002992
12.09034,2,0.759216,0.638228,0.114165,0.641845,0.011588,0.150988,0.652694,0.010931,0.060575,1.59068,0.608967,0.420252,1.677147,1.400321,1.766901,1.299059,0.908921,2.409244,1.317748,2.301963,1.31356,1.37896,2.082891,1.088367,0.60673,0.954668,0.888946,1.324192,0.993328,1.979154,1.113818,0.004603
11.797303,2,0.768751,0.654667,0.151645,0.638886,0.011588,0.156248,0.653352,0.010931,0.060246,1.591666,0.612255,0.388032,1.659064,1.417417,1.757038,1.279991,0.915042,2.393458,1.35963,2.289077,1.343522,1.37896,2.09771,1.036176,0.613495,0.977542,0.906666,1.319681,0.999449,2.091267,1.179217,0.004925
12.224785,2,0.773353,0.665187,0.244359,0.665516,0.011917,0.171372,0.651379,0.010931,0.086548,1.584433,0.659598,0.378498,1.647229,1.435171,1.760326,1.266511,0.912787,2.393458,1.502671,2.324193,1.31807,1.385081,2.096744,0.96981,0.636691,1.111563,0.985918,1.333212,0.993972,2.110919,1.217555,0.004603
12.011557,2,0.753956,0.658941,0.251263,0.66716,0.012246,0.167755,0.652365,0.011588,0.096083,1.568981,0.643488,0.391978,1.64427,1.402623,1.745531,1.199442,0.967877,2.390559,1.560983,2.33418,1.357375,1.370906,2.101254,0.935983,0.692748,1.189527,0.957245,1.329668,1.000416,2.104154,1.23463,0.004281
12.289407,2,0.72338,0.716147,0.349237,0.667489,0.012246,0.177947,0.650064,0.011588,0.09411,1.563392,0.639214,0.417622,1.643941,1.413143,1.750134,1.221798,0.989784,2.381538,1.608664,2.343201,1.374449,1.363174,2.076448,0.920196,0.874771,1.257503,0.98914,1.331279,0.988818,2.113819,1.280055,0.003959
12.697321,2,0.709572,0.727654,0.37258,0.670119,0.011917,0.185509,0.646776,0.011588,0.095096,1.561419,0.654338,0.437677,1.62816,1.39802,1.763614,1.213579,1.004604,2.38476,1.662143,2.34159,1.399256,1.363818,2.089012,0.869294,0.910209,1.2778,1.01749,1.334179,0.996872,2.133149,1.315171,0.003959
12.338038,2,0.706284,0.715489,0.29499,0.669133,0.011917,0.188796,0.644803,0.011588,0.071425,1.556816,0.651379,0.452801,1.614351,1.401636,1.726462,1.193195,1.016202,2.337402,1.680506,2.33418,1.378315,1.353509,2.072582,0.864784,0.906343,1.291009,1.039075,1.346421,1.001704,2.123162,1.315815,0.002992
13.204923,2,0.691818,0.725024,0.332141,0.682283,0.012246,0.20129,0.648091,0.011588,0.06189,1.530515,0.635598,0.410718,1.613694,1.351992,1.730408,1.249415,1.028766,2.326448,1.680829,2.360275,1.35963,1.336756,2.066138,0.846098,0.965622,1.354475,1.045841,1.343522,1.001704,2.121551,1.321292,0.006858
13.095053,2,0.74212,0.770394,0.416964,0.696749,0.012246,0.206221,0.67242,0.012903,0.060904,1.577858,0.631653,0.38869,1.620927,1.334896,1.735339,1.277032,1.075158,2.35351,1.752994,2.380894,1.353831,1.340944,2.059051,0.857374,0.992684,1.439849,1.115429,1.377993,0.999771,2.120262,1.327735,0.00557
13.158655,2,0.743764,0.766449,0.425184,0.688201,0.011917,0.205235,0.667489,0.01389,0.060904,1.578515,0.642502,0.381786,1.619941,1.323717,1.721531,1.252374,1.093844,2.319038,1.821937,2.400546,1.391202,1.343844,2.058084,0.868328,1.011369,1.420841,1.130248,1.405377,1.00106,2.125739,1.344166,0.009114
13.450565,2,0.739161,0.761846,0.422225,0.677681,0.012574,0.201619,0.655324,0.013232,0.05926,1.556159,0.639543,0.377841,1.647229,1.317799,1.698846,1.255662,1.125416,2.269102,1.758793,2.385726,1.415042,1.333534,2.05003,0.843521,0.991717,1.427929,1.176318,1.406022,1.00106,2.116396,1.337723,0.005248
13.846307,2,0.712859,0.747709,0.404142,0.660913,0.01389,0.199317,0.653023,0.012246,0.08885,1.550241,0.640529,0.380799,1.629804,1.306292,1.707065,1.262895,1.107052,2.253316,1.750416,2.390559,1.377993,1.322259,2.042942,0.823547,0.997516,1.393779,1.18856,1.390236,0.991717,2.111564,1.321936,0.005248
14.018316,2,0.69938,0.7556,0.303209,0.656968,0.012574,0.200632,0.583323,0.011259,0.085562,1.526569,0.628036,0.372251,1.585748,1.310566,1.687667,1.318786,1.106086,2.250417,1.738818,2.371229,1.37896,1.308728,2.036177,0.812593,0.987529,1.413431,1.156344,1.388303,0.986885,2.090945,1.299707,0.011691
14.085725,2,0.675051,0.725024,0.249291,0.650064,0.011259,0.193728,0.569515,0.010602,0.095096,1.527556,0.621461,0.366662,1.568323,1.309909,1.636379,1.348046,1.083856,2.214334,1.705957,2.368329,1.382181,1.296808,2.047775,0.784887,0.985274,1.412465,1.214333,1.413754,0.999771,2.084502,1.302284,0.003959
14.44042,2,0.658283,0.74212,0.23877,0.638557,0.010602,0.184522,0.570501,0.011588,0.119097,1.511117,0.606008,0.365347,1.551885,1.247442,1.576871,1.394074,1.157632,2.224321,1.711112,2.350932,1.406666,1.290364,2.054862,0.761047,0.977864,1.431473,1.245261,1.475609,0.995905,2.093522,1.293908,0.006858
15.092911,2,0.626392,0.665516,0.20918,0.62442,0.011259,0.183865,0.561295,0.010931,0.089507,1.49961,0.59483,0.360087,1.54794,1.24547,1.571611,1.406897,1.17374,2.215623,1.712079,2.35061,1.391202,1.283277,2.050352,0.762013,0.964655,1.454669,1.265558,1.462078,0.994939,2.080958,1.280699,0.005248
15.540852,2,0.614556,0.654009,0.183536,0.615214,0.010273,0.181563,0.537953,0.010273,0.096411,1.490733,0.593515,0.355813,1.511446,1.250072,1.614023,1.388157,1.192104,2.226254,1.794553,2.353188,1.365107,1.291653,2.043587,0.77039,1.001704,1.525867,1.29423,1.516846,0.983341,2.102865,1.289076,0.005248
16.003827,2,0.609296,0.659269,0.172358,0.606666,0.010602,0.178605,0.548144,0.011588,0.125672,1.499281,0.601734,0.352525,1.51835,1.240867,1.662681,1.368759,1.202091,2.244618,1.871873,2.354154,1.360918,1.283599,2.080958,0.801962,1.007825,1.566782,1.305506,1.535532,0.980119,2.132504,1.338367,0.005248
15.595349,2,0.520528,0.436033,0.053013,0.492582,0.008958,0.152631,0.499486,0.008958,0.102001,1.4835,0.588583,0.361073,1.495007,1.238565,1.614351,1.226072,1.127349,2.25235,1.867362,2.325481,1.249449,1.269746,2.086113,0.803895,1.004926,1.592877,1.266846,1.541975,0.96691,2.124772,1.315171,0.004925
15.335199,2,0.407101,0.197345,0.006985,0.422225,0.007314,0.028684,0.441951,0.006657,0.092795,1.47561,0.496198,0.3111,1.461801,1.170181,1.50224,1.168866,1.04713,2.248806,1.796808,2.275868,1.258148,1.256859,2.076125,0.783921,0.975287,1.494939,1.305506,1.482375,0.954024,2.067749,1.248161,0.004925
15.45451,2,0.341018,0.050712,0.005341,0.381128,0.004684,0.005341,0.006657,0.00567,0.080959,1.44339,0.42354,0.195043,1.430239,1.129084,1.420705,1.134016,0.975287,2.221422,1.731086,2.266847,1.285854,1.245583,2.060017,0.795196,0.947903,1.490429,1.286498,1.458535,0.935338,1.975288,1.192748,0.004925
14.930563,2,0.148029,0.00304,0.004684,0.323264,0.004684,0.004684,0.004026,0.005013,0.082603,1.333909,0.354498,0.130933,1.442404,1.092262,1.418075,1.118564,1.014269,2.223033,1.620584,2.252028,1.24204,1.177929,2.038432,0.838689,0.89539,1.44887,1.274256,1.429862,0.890235,1.861885,1.057439,0.004281
14.725809,2,0.029342,0.003698,0.00304,0.264414,0.002711,0.003369,0.003698,0.004684,0.011259,1.293799,0.306497,0.102987,1.385855,0.950561,1.317799,1.125468,0.949836,2.236564,1.537143,2.241396,1.215944,0.925029,2.051319,0.941137,0.859307,1.428573,1.204024,1.39829,0.868006,1.758793,0.889913,0.003315
13.712776,2,0.003369,0.003369,0.004026,0.271318,0.004355,0.002711,0.003698,0.003698,0.0083,1.310895,0.263428,0.09148,1.322731,0.831217,1.201086,1.166236,0.964655,2.122195,1.42664,2.18244,1.186949,0.657954,2.024579,0.961111,0.76298,1.414398,1.164398,1.399256,0.847387,1.692749,0.815493,0.002348
8.425337,2,0.005341,0.004684,0.004026,0.307483,0.00304,0.003369,0.003369,0.003698,0.007314,1.305964,0.237126,0.056301,1.327005,0.846669,1.106728,1.088317,0.844166,2.018136,1.184372,2.064205,1.038431,0.595454,1.981409,1.026189,0.608663,1.288753,1.120583,1.37896,0.819359,1.66762,0.819681,0.002348
6.016952,2,0.004684,0.003369,0.002711,0.2654,0.002054,0.004026,0.004026,0.003698,0.004026,1.276703,0.274277,0.078986,1.321745,0.877903,1.10607,0.985082,0.652155,1.811628,0.910209,1.940816,0.893135,0.535853,1.889592,0.915364,0.485274,1.195003,1.0278,1.408921,0.781665,1.6528,0.78231,0.00267
-0.753354,2,0.004026,0.004684,0.003698,0.327867,0.003698,0.003369,0.003698,0.003698,0.00304,1.069248,0.130604,0.072411,1.353307,1.109358,1.209962,0.830888,0.608018,1.679218,0.788753,1.906344,0.877349,0.499449,1.738496,0.897645,0.370905,1.186627,0.653766,1.241717,0.783598,1.651834,0.802606,0.002348
-7.161811,2,0.003698,0.003369,0.003369,0.35384,0.002382,0.002054,0.004026,0.003698,0.004684,1.093248,0.235482,0.229893,1.584762,1.465089,1.83693,1.040974,0.626382,1.765236,0.853186,1.955313,0.884114,0.554539,1.70628,0.671485,0.411498,1.362851,1.027155,1.483986,0.912465,1.873483,1.305184,0.005248
-8.665655,2,0.002382,0.002711,0.00304,0.369621,0.004355,0.003698,0.00304,0.003369,0.00304,1.005795,0.151316,0.239756,1.775449,1.6709,1.987836,1.17314,0.489462,1.702414,0.790042,1.757504,0.744616,0.441781,1.668264,0.713044,0.119938,1.318715,0.525866,1.295841,0.845454,1.918909,0.769101,0.002992
-9.544581,2,0.075041,0.004684,0.045452,0.376854,0.003369,0.00304,0.003369,0.002382,0.003369,0.990672,0.1237,0.326881,1.878684,1.769203,2.094358,1.42465,0.631214,1.604475,1.026189,1.663754,0.918586,0.484629,1.37606,0.589655,0.417297,1.18115,0.355763,1.265558,0.852864,1.954347,0.834178,0.002992
-9.737824,2,0.132576,0.226276,0.073397,0.440636,0.004355,0.005341,0.006328,0.005999,0.005013,0.974233,0.089507,0.311429,1.896766,1.881314,2.089097,1.488103,0.806472,1.538432,1.283277,1.691782,0.958534,0.508792,1.307439,0.581279,0.473676,1.279089,0.19017,1.281666,0.883147,1.988174,1.131537,0.004281
-10.079502,2,0.225948,0.317346,0.073397,0.47976,0.004026,0.004355,0.005341,0.004684,0.005013,0.957466,0.059589,0.312744,1.900711,1.920766,2.243949,1.481528,0.894745,1.564849,1.36414,1.689849,1.107374,0.514268,1.12606,0.556472,0.515879,1.280055,0.19758,1.290686,0.873805,2.009115,1.170519,0.002026
-10.62613,2,0.258496,0.342004,0.206879,0.51987,0.005341,0.004355,0.00567,0.00567,0.006328,0.943657,0.068137,0.305839,1.91452,1.912218,2.267291,1.466075,0.957245,1.547452,1.410532,1.716589,1.199514,0.513946,1.129926,0.550673,0.558727,1.262336,0.183083,1.288431,0.901189,2.029734,1.247838,0.004281
-10.669531,2,0.299593,0.376525,0.330826,0.537295,0.005999,0.007314,0.006985,0.005999,0.006657,1.021576,0.061562,0.315045,1.934575,1.945095,2.248223,1.446678,0.963044,1.554218,1.448547,1.723999,1.171485,0.525222,1.152478,0.55164,0.553895,1.269101,0.173096,1.300351,0.923096,2.015236,1.335467,0.00557
-11.056195,2,0.310771,0.361731,0.3351,0.619159,0.006328,0.005999,0.00567,0.005999,0.006328,1.011713,0.070767,0.301237,1.974685,1.867177,2.297867,1.432541,0.926318,1.559694,1.485274,1.733019,1.212078,0.531987,1.16182,0.558405,0.595776,1.249449,0.150866,1.3374,0.923418,1.985597,1.328058,0.005892
-11.202171,2,0.355155,0.396581,0.369621,0.63231,0.006328,0.007972,0.006328,0.007314,0.007314,0.963384,0.028356,0.309785,1.945753,1.841861,2.190688,1.448979,0.947903,1.586434,1.500094,1.721744,1.223676,0.538109,1.159887,0.543263,0.609629,1.287465,0.16182,1.385725,0.94307,1.954991,1.321936,0.004281
-11.510042,2,0.384087,0.440307,0.376197,0.642502,0.007314,0.006985,0.006985,0.006657,0.006328,1.018617,0.038876,0.302552,1.969753,1.897095,2.219619,1.462459,0.981086,1.618651,1.517813,1.72722,1.311305,0.553573,1.150867,0.600286,0.746549,1.310016,0.26298,1.442104,0.954024,1.950481,1.338367,0.005892
-12.238916,2,0.438006,0.459376,0.414992,0.654338,0.007314,0.007314,0.007314,0.007972,0.007314,0.995274,0.032958,0.250606,1.938191,1.906629,2.231455,1.424979,1.040686,1.623805,1.59771,1.750738,1.30164,0.560982,1.1528,0.596743,0.746872,1.429862,0.401511,1.44146,0.988173,1.96079,1.349965,0.004603
-12.313916,2,0.472527,0.481075,0.417951,0.686558,0.007314,0.006985,0.006985,0.007643,0.006657,0.94563,0.018821,0.174002,1.903341,1.938191,2.335347,1.377965,1.061305,1.61704,1.680506,1.748161,1.314527,0.569681,1.167619,0.658598,0.788753,1.557439,0.519423,1.457246,0.996227,2.013625,1.36414,0.004925
-12.750439,2,0.533021,0.514939,0.432088,0.700366,0.007972,0.005999,0.007972,0.0083,0.008958,0.978178,0.01389,0.154933,1.873095,1.953644,2.313319,1.407554,1.124449,1.62445,1.763947,1.759437,1.352864,0.589655,1.195326,0.666008,0.927284,1.676963,0.594165,1.475931,1.084501,2.041332,1.359952,0.004925
-12.427702,2,0.559652,0.705626,0.510007,0.7099,0.008629,0.0083,0.009944,0.00567,0.008629,0.987713,0.010602,0.124686,1.891506,1.973699,2.294579,1.51046,1.133792,1.627349,1.819682,1.799385,1.386692,0.623805,1.200802,0.704024,0.976253,1.793264,0.972065,1.490429,1.080635,2.102543,1.368973,0.003959
-12.74088,2,0.606008,0.738504,0.515925,0.7099,0.009615,0.007972,0.030986,0.001067,0.011259,0.972918,0.043808,0.108247,1.904985,1.952657,2.314963,1.49435,1.202091,1.647646,1.905378,1.820648,1.407955,0.637335,1.232375,0.713689,1.022001,1.859308,1.080313,1.518779,1.07999,2.110275,1.357375,0.004925
-12.710713,2,0.671434,0.77434,0.591542,0.717791,0.008629,0.008958,0.061233,0.007643,0.010273,1.00711,0.019807,0.101014,1.873423,1.905314,2.334361,1.517035,1.174063,1.666009,1.911177,1.832568,1.39088,0.670196,1.242684,0.724964,1.059372,1.901512,1.144423,1.533599,1.085145,2.165365,1.403444,0.004925
-12.919736,2,0.695434,0.803929,0.641845,0.718448,0.009615,0.010273,0.136522,0.011588,0.009944,1.028152,0.0083,0.074055,1.865862,1.908602,2.379402,1.554186,1.218521,1.675352,1.939849,1.839978,1.362851,0.687915,1.244939,0.733985,1.061627,1.914398,1.154733,1.533277,1.079024,2.161177,1.420841,0.004603
-12.983936,2,0.72075,0.812148,0.651708,0.708256,0.009944,0.009944,0.151316,0.012903,0.007314,1.026836,0.008629,0.015205,1.808655,1.892163,2.416225,1.610735,1.257503,1.647001,1.835468,1.817104,1.41021,0.654732,1.190815,0.673096,1.02941,1.86994,1.130248,1.540365,1.075158,2.100288,1.412787,0.005248
-12.879741,2,0.712202,0.836149,0.647105,0.719764,0.010273,0.010602,0.471212,0.01652,0.0083,1.01796,0.055644,0.046438,1.835615,1.938191,2.402745,1.543666,1.28231,1.655378,1.941138,1.838045,1.409243,0.677284,1.245583,0.677284,1.06066,1.880893,1.13798,1.550352,1.078702,2.149257,1.445004,0.005248
-12.774268,2,0.738832,0.868368,0.699051,0.730942,0.009615,0.010931,0.474828,0.011259,0.011588,1.035713,0.057945,0.068137,1.867505,1.926027,2.447129,1.572597,1.272001,1.658921,1.907633,1.860597,1.384437,0.705634,1.338045,0.721098,1.067426,1.87896,1.160532,1.560661,1.091911,2.214012,1.499127,0.00557
-12.923845,2,0.739161,0.896314,0.712202,0.76086,0.011917,0.010931,0.351868,0.009944,0.010273,1.060371,0.032301,0.073397,1.880656,1.939506,2.455677,1.56931,1.265558,1.651834,1.911821,1.861563,1.378315,0.708856,1.258792,0.714655,1.06807,1.894102,1.156344,1.55905,1.088367,2.258149,1.522968,0.005248
-12.704957,2,0.757244,0.908479,0.774011,0.798669,0.010273,0.010931,0.344635,0.011588,0.012574,1.07944,0.166111,0.117124,1.897752,1.945753,2.453705,1.529857,1.248483,1.653122,1.952092,1.847066,1.382826,0.691137,1.254926,0.693714,1.089333,1.905056,1.10673,1.559694,1.084823,2.302608,1.522968,0.002992
-12.890122,2,0.752312,0.947602,0.813135,0.807874,0.012574,0.011588,0.334114,0.012246,0.010273,1.14355,0.18255,0.110877,1.900711,1.938191,2.477705,1.509802,1.175029,1.647323,1.942427,1.864785,1.384114,0.707245,1.24365,0.699191,1.086434,1.90119,1.101575,1.54713,1.085467,2.315494,1.513947,0.005248
-12.588884,2,0.759216,0.940698,0.800313,0.806559,0.011259,0.011917,0.386389,0.011259,0.011917,1.134016,0.186495,0.104302,1.899396,1.929972,2.444828,1.481528,1.174063,1.666009,1.950481,1.867684,1.395712,0.705634,1.241073,0.687915,1.084823,1.881538,1.073225,1.537143,1.079668,2.339979,1.540365,0.005248
-12.564701,2,0.773682,0.954507,0.793737,0.808532,0.010931,0.012246,0.437677,0.011917,0.011588,1.146838,0.115151,0.113508,1.894793,1.918465,2.483952,1.53972,1.16923,1.67213,1.97271,1.893135,1.401833,0.722387,1.262336,0.709178,1.085145,1.877027,1.089655,1.520712,1.071936,2.333858,1.567104,0.006536
-12.390198,2,0.79571,0.968644,0.8036,0.808203,0.012246,0.011588,0.460362,0.011917,0.013232,1.146509,0.150988,0.119425,1.89315,1.916164,2.532281,1.610077,1.156988,1.681795,1.988819,1.923097,1.39539,0.749449,1.378638,0.732696,1.083212,1.849643,1.103831,1.528767,1.070003,2.348677,1.564849,0.007503
-12.477854,2,0.796696,0.978507,0.806888,0.811491,0.011917,0.011259,0.482061,0.011588,0.014218,1.179715,0.178933,0.128302,1.895122,1.862903,2.514527,1.663667,1.232375,1.686305,1.986886,1.941138,1.373805,0.856408,1.417942,0.735274,1.081601,1.85061,1.16923,1.552607,1.063238,2.357698,1.567426,0.005892
-12.496781,2,0.787162,0.977849,0.809518,0.820696,0.010931,0.014218,0.532692,0.012903,0.012246,1.206017,0.098055,0.139481,1.865533,1.817532,2.5165,1.671558,1.247194,1.705313,1.983342,1.978187,1.375094,0.987851,1.430184,0.773289,1.084179,1.840945,1.188882,1.534888,1.060983,2.372518,1.555506,0.00557
-12.594232,2,0.779929,0.969959,0.8036,0.805902,0.012246,0.011588,0.563268,0.011917,0.014218,1.225415,0.076685,0.132905,1.828382,1.744216,2.468499,1.631119,1.211756,1.697581,1.9711,2.0336,1.350287,0.991073,1.406666,0.839333,1.08289,1.784888,1.167942,1.540042,1.054862,2.322904,1.600609,0.004281
-12.710373,2,0.771709,0.952863,0.790778,0.795052,0.012574,0.012574,0.488966,0.012903,0.012903,1.207661,0.081945,0.103644,1.793203,1.712983,2.474417,1.622242,1.269746,1.681473,1.928252,1.998806,1.354153,0.924707,1.375738,0.841266,1.04874,1.725287,1.110918,1.507504,1.053251,2.28811,1.540687,0.005248
-12.63118,2,0.754285,0.955164,0.768093,0.787162,0.011917,0.011259,0.409731,0.010931,0.010931,1.176756,0.066822,0.09148,1.810299,1.660051,2.418855,1.641639,1.203058,1.673419,1.861885,2.017813,1.328702,0.759758,1.354153,0.828379,1.005248,1.67503,1.033599,1.489462,1.049063,2.238819,1.494617,0.004603
-12.604082,2,0.759545,0.937082,0.734887,0.771052,0.010931,0.010273,0.516582,0.012574,0.012246,1.081084,0.083589,0.032301,1.804381,1.696544,2.435951,1.627502,1.071936,1.685339,1.716267,1.938883,1.236241,0.701446,1.248805,0.722709,0.955635,1.638947,1.034887,1.495906,1.012336,2.125739,1.34771,0.001704
-12.334512,2,0.718448,0.91341,0.711544,0.745408,0.012246,0.010602,0.487979,0.010602,0.010273,1.020919,0.103316,0.001725,1.843834,1.748161,2.446472,1.578515,1.093844,1.67954,1.675674,1.949514,1.262336,0.676317,1.249449,0.706601,0.911498,1.583212,1.012014,1.48463,1.003315,2.044231,1.276511,0.002992
-12.154618,2,0.715489,0.896314,0.70464,0.733572,0.010602,0.011259,0.231866,0.010931,0.010931,1.016645,0.099699,-0.000248,1.832327,1.776107,2.443841,1.594296,1.045197,1.711434,1.681473,1.913754,1.247516,0.654732,1.105441,0.699191,0.899578,1.52329,0.992039,1.483986,0.993328,2.022002,1.241073,0.004925
-12.42849,2,0.746394,0.877574,0.683927,0.726668,0.009944,0.009944,0.193399,0.009944,0.010273,1.002507,0.084576,-0.000905,1.816875,1.762956,2.448444,1.59857,1.017168,1.760726,1.661176,1.89088,1.322903,0.632503,1.12896,0.674062,0.870261,1.468199,0.976575,1.455957,0.936627,2.014914,1.170197,0.005248
-12.453505,2,0.704969,0.877245,0.679982,0.725353,0.011259,0.010602,0.255208,0.009944,0.009287,1.002507,0.066493,0.000739,1.836272,1.695558,2.435622,1.581145,0.986885,1.686628,1.591267,1.889914,1.358341,0.630248,1.137014,0.682116,0.792297,1.462401,0.952413,1.460145,0.930828,1.984308,1.139591,0.004281
-12.34029,2,0.671434,0.872642,0.66979,0.719435,0.009944,0.009615,0.245345,0.009944,0.010273,0.987055,0.063863,0.000081,1.806025,1.709695,2.391567,1.558131,0.973998,1.681151,1.603509,1.915365,1.276189,0.615106,1.081923,0.667297,0.723676,1.417297,0.971099,1.472065,0.908599,1.94146,1.086756,0.004281
-12.259793,2,0.663543,0.869355,0.667489,0.718777,0.009615,0.010273,0.284798,0.010931,0.010273,0.959767,0.066822,-0.000248,1.818847,1.872766,2.374142,1.589694,1.029733,1.712723,1.549063,1.990107,1.283277,0.622516,1.13057,0.605119,0.662142,1.428895,1.078057,1.486241,0.928895,1.935339,1.061949,0.004925
-12.259936,2,0.617844,0.867382,0.647105,0.721736,0.010273,0.009615,0.270003,0.010602,0.008958,0.950561,0.017506,0.000739,1.827395,1.841204,2.367895,1.600543,1.01749,1.727543,1.547452,2.012659,1.322259,0.624771,1.055828,0.573547,0.638624,1.447903,1.029088,1.467877,0.928573,1.919553,1.030055,0.004925
-12.134718,2,0.654338,0.828587,0.625077,0.715818,0.009615,0.009944,0.247318,0.009944,0.010273,0.927876,0.011588,-0.002549,1.837916,1.870464,2.287346,1.603173,1.013947,1.688238,1.535854,2.029734,1.230764,0.620261,1.04713,0.550029,0.620905,1.443393,1.004604,1.488174,0.911176,1.914721,0.973354,0.003637
-12.175057,2,0.626392,0.816751,0.610282,0.708914,0.010273,0.009615,0.232523,0.009287,0.008958,0.885136,0.002054,0.00041,1.838574,1.887232,2.259072,1.561419,0.959178,1.717878,1.479797,2.015558,1.233341,0.612529,0.969488,0.479475,0.50267,1.39539,0.839977,1.450803,0.886369,1.880571,0.955957,0.003315
-12.39355,2,0.625077,0.812806,0.585296,0.708256,0.008958,0.008629,0.16381,0.008629,0.009615,0.87856,0.000739,0.001067,1.819834,1.915506,2.235729,1.53709,0.921163,1.689849,1.460145,1.971422,1.20048,0.582245,0.951769,0.312915,0.486562,1.32548,0.761047,1.412787,0.863173,1.875739,0.915686,0.00267
-12.323265,2,0.621789,0.809189,0.576748,0.693462,0.009287,0.009615,0.151316,0.009615,0.008629,0.831217,0.000081,-0.001234,1.837258,1.947726,2.24099,1.5532,0.88347,1.635725,1.459179,1.958213,1.155055,0.565493,0.913753,0.240106,0.455634,1.277156,0.614784,1.372194,0.860596,1.846744,0.875093,0.00267
-12.596299,2,0.576748,0.816094,0.583323,0.691818,0.0083,0.007972,0.133234,0.008629,0.009944,0.794395,0.00041,0.001067,1.850738,1.976329,2.281757,1.542679,0.834178,1.644102,1.37155,1.966911,1.098998,0.566137,0.873805,0.153766,0.44307,1.198869,0.50267,1.368328,0.844488,1.808084,0.785531,0.002348
-12.75676,2,0.556035,0.806888,0.580693,0.687544,0.009944,0.010602,0.15559,0.009287,0.007972,0.747709,0.000081,-0.000248,1.848108,2.034521,2.245921,1.463774,0.783598,1.680829,1.372194,1.963045,1.038753,0.567103,0.93566,0.15892,0.429217,1.11414,0.449191,1.298741,0.821292,1.807117,0.762658,0.003315
-12.77361,2,0.593515,0.778942,0.543213,0.686886,0.007643,0.0083,0.107261,0.008629,0.009615,0.738504,0.000081,0.00041,1.843505,2.031891,2.24099,1.510131,0.81807,1.668264,1.348032,1.958857,1.009436,0.56066,0.911498,0.163108,0.410531,1.064204,0.414075,1.281666,0.819681,1.792298,0.751704,0.00267
-12.885706,2,0.592857,0.764148,0.54387,0.679325,0.007972,0.008629,0.022766,0.008629,0.006985,0.735545,-0.000576,0.00041,1.843505,2.03222,2.221263,1.474624,0.794874,1.658921,1.310016,1.981409,0.988173,0.537142,0.972065,0.166974,0.408598,1.004282,0.372516,1.278766,0.815171,1.80454,0.752671,0.00267
-13.185985,2,0.615872,0.759216,0.528418,0.60831,0.0083,0.006985,0.021451,0.007314,0.007314,0.725353,-0.000248,0.001067,1.860601,2.041425,2.239675,1.472322,0.788431,1.709501,1.318393,1.979798,1.027477,0.524578,0.999127,0.16633,0.405054,0.987529,0.404088,1.284565,0.822903,1.793264,0.753959,0.001704
-13.36819,2,0.601406,0.796696,0.595159,0.655653,0.007314,0.0083,0.025068,0.009287,0.009287,0.74475,0.00041,-0.000576,1.870464,2.046357,2.229154,1.530843,0.781343,1.749772,1.292942,1.994295,1.031343,0.523933,1.012014,0.184049,0.407954,0.974965,0.381859,1.304217,0.828057,1.797775,0.759436,0.00267
-13.914421,2,0.602063,0.852916,0.659598,0.695106,0.009944,0.009615,0.077671,0.008629,0.008629,0.757901,0.00041,-0.000248,1.883615,2.069371,2.233099,1.457199,0.778122,1.747195,1.291009,2.022002,1.064849,0.535209,1.011369,0.167941,0.414397,0.982374,0.421485,1.329346,0.835467,1.786177,0.768457,0.003315
-14.36751,2,0.617844,0.873958,0.709243,0.712202,0.010602,0.010273,0.433732,0.008629,0.009944,0.835162,0.00041,0.001067,1.884602,2.083179,2.279127,1.568981,0.796163,1.768458,1.294875,2.040365,1.113173,0.542297,1.141524,0.218521,0.431472,0.788109,0.358341,1.332568,0.851253,1.790687,0.77941,0.002992
-14.734079,2,0.630995,0.879547,0.749682,0.733572,0.009615,0.011259,0.495541,0.011588,0.010602,0.861464,-0.000248,-0.000248,1.914848,2.117372,2.342909,1.640982,0.818392,1.821937,1.290364,2.068393,1.124127,0.561627,1.290686,0.527799,0.468199,0.868006,0.275222,1.41762,0.873483,1.791653,0.80164,0.003637
-14.994713,2,0.65368,0.874944,0.740805,0.733572,0.011259,0.010273,0.526774,0.010931,0.010602,0.86804,-0.000576,-0.000248,1.929643,2.100933,2.351786,1.747175,0.830635,1.762336,1.270068,2.114463,1.139269,0.569681,1.425029,0.654732,0.469487,0.912142,0.295518,1.42664,0.891202,1.812272,0.799062,0.00267
-15.067912,2,0.670119,0.900588,0.764805,0.741791,0.010931,0.010602,0.547487,0.009944,0.009944,0.857848,0.001396,0.001067,1.952328,2.17392,2.343895,1.771833,0.89539,1.765236,1.279089,2.114463,1.19307,0.586756,1.441138,0.769745,0.463688,0.933083,0.326768,1.429862,0.881537,1.818715,0.802606,0.003959
-15.11554,2,0.674393,0.893026,0.743106,0.73949,0.010273,0.010273,0.595159,0.010931,0.011259,0.867053,0.000739,0.00041,1.949698,2.19003,2.328772,1.773148,0.880248,1.808728,1.267813,2.132827,1.134114,0.60673,1.456924,0.803573,0.468521,0.909243,0.237851,1.404411,0.882825,1.814205,0.807761,0.002992
-15.47527,2,0.733901,0.918013,0.740476,0.746394,0.011917,0.011917,0.643488,0.010273,0.010273,0.855875,-0.000576,0.000081,1.952986,2.190688,2.3291,1.747175,0.894423,1.821615,1.27329,2.15119,1.115751,0.581923,1.455313,0.834178,0.462722,0.908921,0.183727,1.36865,0.884436,1.810661,0.807439,0.002026
-15.66659,2,0.822998,0.933136,0.792093,0.754285,0.012246,0.011588,0.689516,0.097726,0.011588,0.871985,0.000739,0.000081,1.989151,2.200551,2.310689,1.784984,0.951447,1.845777,1.308083,2.195649,1.179539,0.607696,1.46079,0.912787,0.474642,0.921485,0.228186,1.374127,0.887013,1.81936,0.801318,0.003637
-15.667715,2,0.905191,0.990343,0.855546,0.783545,0.015533,0.193728,0.812477,0.269017,0.013232,0.897958,0.017506,0.162166,2.018083,2.199236,2.312991,1.835615,0.945003,1.858342,1.332246,2.270069,1.175351,0.639268,1.524578,1.019746,0.496871,0.933083,0.225931,1.389913,0.888946,1.818715,0.801318,0.002026
-15.761585,2,0.908479,0.987713,0.861793,0.777627,0.013232,0.191098,0.798669,0.259154,0.013561,0.878232,0.026383,0.159536,2.042412,2.194633,2.314306,1.849423,0.917619,1.860275,1.357375,2.306796,1.181472,0.625738,1.534888,1.035854,0.498482,0.910209,0.297129,1.382504,0.893457,1.815494,0.790042,0.002992
-16.055574,2,0.876588,0.972589,0.840094,0.759874,0.013232,0.194057,0.766778,0.220359,0.013561,0.846341,0.015862,0.247647,2.029261,2.18477,2.298853,1.850409,0.834178,1.892169,1.301962,2.290688,1.118972,0.612207,1.475287,1.038109,0.487529,0.76008,0.256859,1.372839,0.880248,1.814849,0.782954,0.003637
-16.077084,2,0.865081,0.951876,0.826614,0.744421,0.012246,0.183865,0.755928,0.230222,0.014218,0.809847,0.002711,0.228907,2.020055,2.19266,2.280771,1.840875,0.734952,1.899901,1.222065,2.284889,1.067426,0.596421,1.497839,1.041331,0.427928,0.670518,0.245261,1.349643,0.869939,1.800674,0.730441,0.00267
-16.12565,2,0.844039,0.921301,0.773353,0.722722,0.012246,0.167755,0.728312,0.124357,0.012246,0.712859,-0.001234,0.057287,1.977315,2.19266,2.258086,1.832327,0.698869,1.894746,1.061627,2.219489,1.045519,0.565815,1.456279,1.020712,0.39249,0.555828,0.222387,1.314205,0.848676,1.732053,0.656988,0.002026
-16.542534,2,0.832532,0.900588,0.750997,0.670119,0.010273,0.183865,0.757901,0.164139,0.011917,0.718777,0.00041,0.118439,2.016439,2.171619,2.249209,1.814573,0.697903,1.9028,1.000093,2.186306,1.070003,0.560982,1.443715,1.005892,0.388624,0.557439,0.195647,1.318393,0.837722,1.710146,0.595132,0.002026
-16.631302,2,0.865738,0.943657,0.764148,0.690174,0.012574,0.214441,0.820368,0.234496,0.013232,0.763161,-0.000905,0.280195,2.013809,2.179181,2.203838,1.807669,0.646034,1.937916,0.917619,2.173742,1.049063,0.555828,1.467877,1.215622,0.38798,0.530377,0.232374,1.300029,0.837722,1.68695,0.517812,0.002026
-17.395386,2,0.841409,0.940698,0.710887,0.650393,0.013561,0.227592,0.849628,0.233509,0.011917,0.739161,0.003369,0.28973,2.090084,2.152221,2.174907,1.773806,0.622194,1.942427,0.891524,2.112852,0.932761,0.536176,1.431795,1.226576,0.374771,0.512335,0.246549,1.276189,0.812915,1.647001,0.347387,0.002026
-18.11501,2,0.789463,0.896314,0.606337,0.516254,0.010273,0.209838,0.723051,0.107261,0.010931,0.592529,0.0083,0.277894,2.034192,2.138742,2.095344,1.749805,0.525544,1.865751,0.799707,2.048097,0.843843,0.353508,1.320326,1.129926,0.316137,0.435016,0.216266,1.143135,0.756537,1.616396,0.006858,-0.000874
-18.150994,2,0.714174,0.788806,0.349566,0.353183,0.009287,0.180906,0.689845,0.017177,0.007643,0.544199,0.000081,0.15559,1.918136,2.042741,2.059837,1.711997,0.475609,1.818393,0.696292,1.985275,0.761047,0.121227,1.270712,0.939526,0.003959,0.304539,0.179539,0.916008,0.698869,1.433728,0.006214,-0.000874
-16.209394,2,0.558994,0.446883,0.073726,0.219701,0.006328,0.117124,0.636913,0.007643,0.006985,0.472527,0.000081,0.141453,1.913205,2.02696,2.090084,1.59331,0.414719,1.775867,0.58289,1.895391,0.60383,0.0249,1.171163,0.72432,0.002348,0.223353,-0.000229,0.530699,0.579024,1.312916,0.005892,0.000093
-12.205594,2,0.342004,0.002054,0.002711,0.003698,0.002054,0.002382,0.279538,0.002382,0.002054,0.279866,-0.000905,0.060904,1.868163,1.990466,2.032877,1.548597,0.221098,1.564849,0.438882,1.641202,0.424707,0.00557,1.092555,0.534565,0.002026,0.161498,0.000093,0.330634,0.480763,1.162143,0.004925,0.000415
-2.795974,2,0.11285,-0.000248,-0.000248,0.001067,-0.000248,-0.000576,0.00041,0.000081,0.00041,0.001067,0.001067,0.00041,1.681421,1.740928,2.044713,1.422678,0.000093,1.235918,0.243972,1.266524,0.005892,0.000415,0.645712,0.037464,0.000093,0.000093,-0.001196,0.151833,0.236884,0.65441,0.002348,-0.000551
1.600765,2,-0.000905,-0.000248,-0.000248,0.001067,0.001067,0.000081,0.00041,-0.000248,-0.00222,-0.000576,0.001067,0.000739,1.390129,1.317799,1.950356,1.150455,-0.002162,1.146679,0.005248,1.119939,0.004603,-0.000229,0.401511,0.001382,-0.000229,-0.000229,0.000415,0.023289,0.093199,0.38508,0.001704,0.000093
4.151709,2,0.000081,-0.000576,-0.000576,0.000081,0.00041,0.000081,-0.000905,0.00041,0.00041,0.062219,0.000081,0.000081,0.894013,0.882177,1.557145,1.010398,0.000093,1.002993,0.004925,0.783921,0.002992,-0.000551,0.045196,0.000093,-0.000874,-0.000551,-0.000551,0.000737,0.000415,0.000093,0.001059,-0.002162
5.767636,2,0.001396,0.001396,0.000739,0.000739,0.001067,0.001725,-0.000248,0.001396,0.00041,0.271647,-0.000248,0.000081,0.903876,0.838121,1.443061,0.926232,-0.000229,1.126382,0.004603,0.854797,0.00267,0.000737,0.064526,-0.00184,0.000093,-0.000229,0.000415,0.030376,0.007181,0.000093,-0.001518,-0.000229
6.552711,2,0.000739,0.00041,0.000739,0.001396,0.001725,0.001725,0.001067,0.001725,0.000739,0.443924,0.000081,-0.000248,0.902232,0.831546,1.413143,0.949575,0.000737,1.292942,0.005248,1.150545,0.005248,-0.000229,0.158598,0.000737,0.000737,-0.000229,-0.000551,0.050995,0.144423,-0.000874,-0.000229,0.000415
6.566882,2,0.001067,0.001396,0.000739,0.001396,0.001067,0.001396,0.000739,0.000081,0.000081,0.43965,0.000739,0.001067,0.929849,0.832204,1.42465,0.839108,-0.000229,1.432439,0.006536,1.183405,0.051962,0.000093,0.131858,0.000093,-0.000229,-0.000874,-0.000229,0.144423,0.174706,0.205634,0.000093,-0.000229
7.201595,2,0.000739,0.000081,0.000739,0.002054,0.001725,0.002054,0.001725,0.001067,0.001067,0.471541,0.000081,0.00041,0.997247,0.875601,1.560104,0.963055,0.000093,1.48012,0.007503,1.256859,0.324513,-0.000229,0.235596,-0.000551,-0.000551,0.000415,0.000415,0.149578,0.220454,0.378315,0.001382,0.000093
7.463635,2,0.001725,0.001396,-0.001234,0.002054,0.000739,0.00041,0.00041,0.001725,0.001725,0.524802,0.000739,0.000739,0.990672,0.897958,1.624543,0.974891,0.000415,1.548741,0.007503,1.344488,0.34932,0.018134,0.360273,0.001059,0.000093,0.000415,-0.000229,0.202413,0.182761,0.40731,0.001382,0.000415
7.541522,2,0.003369,0.002382,0.002382,0.001725,0.001396,0.001725,0.001396,0.001067,0.001396,0.583323,0.000081,-0.000248,1.187606,0.942671,1.644927,1.008754,-0.003129,1.589656,0.007503,1.421163,0.374771,0.020712,0.55164,0.002348,-0.000551,-0.000874,-0.000874,0.227864,0.196291,0.439848,0.002348,-0.000229
7.97591,2,0.002711,0.001725,0.001396,0.000739,0.00041,0.00041,0.001396,0.002054,0.002054,0.587926,-0.000576,0.000081,1.281635,0.991987,1.711339,1.017302,-0.000551,1.606408,0.007503,1.466589,0.412464,0.037142,0.609951,0.002348,-0.000229,-0.000229,-0.000551,0.232696,0.272,0.495261,0.001382,-0.000229
8.019975,2,0.001396,0.002382,0.002054,0.001725,0.001396,0.000739,0.001067,0.001396,0.001396,0.614228,0.00041,0.000081,1.267826,1.014672,1.760655,1.040974,0.000737,1.602542,0.008791,1.52329,0.427928,0.041652,0.705634,0.002992,0.000093,0.000093,-0.000229,0.222709,0.266523,0.559049,0.003959,-0.000551
7.911838,2,0.002054,0.001725,0.00304,0.001725,0.002054,0.002054,0.001396,0.002382,0.002054,0.659269,-0.000248,-0.000905,1.318128,1.067604,1.789915,1.147167,-0.000874,1.636048,0.029088,1.585468,0.460789,0.045518,0.800351,0.003637,-0.000229,-0.000551,-0.000229,0.244938,0.300673,0.585467,0.002348,-0.000874
8.172441,2,0.001396,0.002054,0.001725,0.002054,0.001396,0.001067,0.000739,0.001725,0.002382,0.730284,0.019807,0.00041,1.317142,1.072207,1.812272,1.109029,0.000415,1.692749,0.195003,1.594166,0.488817,0.029732,1.015235,0.004281,-0.000229,0.000415,-0.000551,0.296485,0.327735,0.695325,0.00267,0.000093
7.769759,2,0.001067,0.000739,0.001725,0.001725,0.002711,0.002382,0.001725,0.001725,0.001725,0.749682,0.09411,-0.000905,1.300703,1.078125,1.819176,1.209962,0.000415,1.716267,0.25267,1.61704,0.500093,0.003315,1.067748,0.004925,-0.000551,0.000093,0.000093,0.396356,0.350609,0.721098,0.002348,-0.000551
8.213523,2,0.020136,0.001725,0.001725,0.001725,0.001396,0.001725,-0.000576,0.001396,0.002711,0.758559,0.130275,0.000739,1.319115,1.076152,1.821477,1.208976,-0.000229,1.726898,0.312593,1.62445,0.530055,0.003637,1.098032,0.004925,-0.000551,-0.001196,0.000415,0.432116,0.396034,0.79133,0.003637,-0.000229
7.859895,2,0.052685,0.002054,0.001396,0.001725,0.002054,0.002054,0.004026,0.002711,0.003369,0.754285,0.13685,-0.000576,1.318457,1.082399,1.899725,1.313197,0.000093,1.740429,0.342877,1.653122,0.60673,0.007181,1.220132,0.005892,-0.000229,0.000093,-0.000229,0.42664,0.463688,0.84191,0.00267,-0.000551
8.430477,2,0.205893,0.004026,0.002382,0.002711,0.002711,0.002382,0.002054,0.002382,0.003369,0.898615,0.132905,0.000739,1.353964,1.126454,1.94115,1.352649,0.000415,1.781988,0.357696,1.673741,0.627993,0.038753,1.252671,0.006536,-0.000229,-0.000874,-0.000229,0.47432,0.531987,0.94597,0.004603,0.000093
8.629799,2,0.2414,0.003369,0.00304,0.00304,0.003698,0.00304,0.264743,0.003698,0.003698,0.974233,0.197016,-0.000248,1.359882,1.148482,1.958246,1.358567,0.000737,1.792942,0.37606,1.714978,0.659565,0.074835,1.272323,0.067425,-0.000874,-0.000551,0.000093,0.475931,0.56807,0.975609,0.004281,-0.000229
8.731271,2,0.27099,0.004684,0.005013,0.004684,0.004355,0.003698,0.413677,0.004026,0.003698,1.045905,0.20918,0.058603,1.379937,1.177414,1.966137,1.382239,0.000415,1.822581,0.400866,1.767491,0.700158,0.218843,1.324514,0.088044,0.001059,-0.001196,-0.001196,0.480441,0.609307,1.031343,0.090621,0.000415
9.056357,2,0.338388,0.004684,0.004026,0.004026,0.004355,0.003369,0.465294,0.004026,0.005013,1.063659,0.217728,0.057287,1.41939,1.244812,1.956274,1.364156,0.019101,1.808728,0.461111,1.917942,0.787787,0.309694,1.432117,0.059693,-0.000551,0.000093,-0.002162,0.601253,0.645067,1.157954,0.19017,0.000737
9.180266,2,0.458061,0.005013,0.00567,0.031314,0.003698,0.007643,0.48765,0.005013,0.004355,1.063001,0.219372,0.089178,1.40854,1.303005,1.962849,1.351992,0.070647,1.853509,0.495583,1.93695,0.747194,0.531987,1.484952,0.475286,0.001382,-0.001196,-0.000874,0.910532,0.682761,1.293586,0.278444,0.001382
9.699596,2,0.537295,0.006328,0.005341,0.180248,0.005341,0.00567,0.51724,0.00567,0.005999,1.114619,0.269674,0.103973,1.437472,1.361526,1.96252,1.342129,0.207245,1.912143,0.53392,2.033277,0.865106,0.604797,1.50106,0.593521,0.001704,-0.000874,0.127026,0.942426,0.718843,1.373161,0.506536,0.001382
9.908825,2,0.58694,0.006328,0.006985,0.248633,0.007643,0.116467,0.57346,0.005013,0.005013,1.258949,0.23877,0.113508,1.439445,1.364156,1.972055,1.38717,0.250415,2.013303,0.571614,2.06646,0.882181,0.649256,1.622839,0.761691,0.003315,0.000093,0.046485,0.957568,0.734952,1.418586,0.558083,0.002026
9.765167,2,0.585625,0.006328,0.00567,0.286442,0.007643,0.116467,0.567871,0.007314,0.006657,1.300046,0.23614,0.142768,1.433527,1.361197,1.950685,1.368759,0.261369,2.046808,0.579668,2.122517,0.916975,0.688882,1.681473,0.92374,0.00267,-0.000874,0.032954,0.935338,0.730441,1.431795,0.56517,0.001059
9.470189,2,0.638886,0.0083,0.007314,0.300579,0.007314,0.110549,0.585953,0.006985,0.007314,1.350677,0.271318,0.15559,1.44076,1.356923,1.952986,1.315827,0.280377,2.013625,0.599642,2.137015,0.905699,0.69597,1.700158,1.010725,0.003959,-0.000874,0.056794,0.926318,0.725931,1.442104,0.578057,0.002348
9.316493,2,0.671105,0.007643,0.007643,0.340689,0.009944,0.131919,0.583652,0.007643,0.007972,1.379609,0.279209,0.117453,1.423006,1.348046,1.924712,1.374677,0.308727,2.127028,0.641846,2.18695,1.016524,0.779088,1.815494,1.052929,0.004281,0.000093,0.150222,0.950158,0.723354,1.392491,0.619939,0.002026
9.920531,2,0.712202,0.008629,0.006657,0.371594,0.006985,0.129946,0.626063,0.008958,0.008629,1.366129,0.289072,0.137179,1.417417,1.375663,1.908931,1.36317,0.329346,2.216267,0.655699,2.281023,1.02941,0.912465,1.900223,1.128637,0.004603,-0.000874,0.186304,1.029733,0.736885,1.400223,0.638302,0.004281
10.121797,2,0.745736,0.135864,0.009287,0.355155,0.0083,0.130933,0.659598,0.007972,0.008629,1.390129,0.325894,0.158549,1.481528,1.336539,1.898739,1.370403,0.370583,2.297453,0.715299,2.285533,1.065171,0.960145,1.924063,1.126382,0.004603,0.000415,0.227541,1.112529,0.747838,1.439527,0.672129,0.002348
10.164833,2,0.797354,0.194057,0.007972,0.370936,0.009287,0.145727,0.730284,0.009287,0.0083,1.400321,0.361073,0.211153,1.460815,1.388157,1.896109,1.369088,0.400544,2.320327,0.805184,2.28811,1.060983,0.985274,1.93695,1.113496,0.004281,-0.000229,0.237206,1.157954,0.760725,1.488818,0.677606,0.002992
9.697376,2,0.805244,0.349237,0.008958,0.434061,0.008629,0.135207,0.730613,0.009944,0.009944,1.385526,0.362717,0.209838,1.476267,1.396376,1.890848,1.374019,0.501704,2.351255,0.809694,2.31195,1.096099,0.980764,1.952414,1.057439,0.004281,-0.000551,0.253315,1.179862,0.777155,1.549063,0.731086,0.00267
9.390142,2,0.808203,0.636913,0.055972,0.45839,0.009615,0.154933,0.749353,0.010273,0.010602,1.385855,0.373895,0.20918,1.477911,1.353307,1.891506,1.297416,0.564848,2.335791,0.843521,2.316139,1.10673,1.004282,1.962723,1.018779,0.003959,-0.000229,0.275544,1.156344,0.79423,1.578702,0.743006,0.003315
9.717103,2,0.906506,0.785189,0.110549,0.581022,0.010931,0.216085,0.780586,0.032301,0.011917,1.397033,0.451814,0.33247,1.589694,1.441746,1.909259,1.292155,0.589333,2.344167,0.854475,2.324515,1.124449,1.095777,1.972066,0.98173,0.004603,0.000093,0.241072,1.153122,0.803251,1.582568,0.755892,0.002026
9.459009,2,0.943657,0.839765,0.2414,0.636584,0.012903,0.22792,0.757901,0.075041,0.014218,1.400979,0.449184,0.415321,1.583118,1.470678,1.893478,1.267497,0.603508,2.335469,0.907632,2.32226,1.206279,1.2153,2.021035,0.979475,0.003637,0.137335,0.365106,1.18405,0.808083,1.588689,0.766846,0.00267
9.821918,2,0.951219,0.866067,0.503103,0.660913,0.013561,0.20655,0.771709,0.139809,0.014547,1.39802,0.46628,0.394279,1.623557,1.47824,1.86619,1.318128,0.627671,2.340301,0.993328,2.324515,1.237529,1.23463,2.030378,0.982052,0.362851,0.277155,0.362851,1.195648,0.807117,1.618651,0.802284,0.002348
9.913536,2,0.963712,0.876259,0.557679,0.674064,0.013561,0.22003,0.783874,0.158878,0.021123,1.408212,0.501788,0.392306,1.659722,1.473637,1.8583,1.327005,0.701446,2.335469,1.034565,2.316783,1.24365,1.242362,2.035855,0.909243,0.41633,0.354152,0.417619,1.211756,0.79874,1.629604,0.803895,0.002348
10.221937,2,0.920972,0.875601,0.513295,0.680968,0.012903,0.215427,0.770394,0.158878,0.058931,1.414458,0.488308,0.383101,1.657749,1.461144,1.885917,1.320758,0.715944,2.317749,1.064204,2.318716,1.215944,1.207246,2.037143,0.86414,0.429539,0.341588,0.400222,1.205635,0.786176,1.608664,0.796485,0.00267
10.196892,2,0.974233,0.877903,0.460691,0.683927,0.013561,0.222989,0.776641,0.120083,0.157234,1.427609,0.509021,0.398224,1.679119,1.455555,1.902026,1.341142,0.769745,2.301319,1.132503,2.319038,1.238174,1.222065,2.033277,0.874127,0.440493,0.488495,0.432761,1.205313,0.807439,1.614785,0.80615,0.01008
10.402126,2,0.977192,0.861135,0.459047,0.673735,0.013232,0.22003,0.747052,0.12633,0.164139,1.444705,0.517569,0.404142,1.670243,1.44339,1.891177,1.376321,0.793586,2.291654,1.12155,2.312273,1.312272,1.228186,2.031667,0.851897,0.450158,0.565815,0.522645,1.212722,0.810016,1.623805,0.820325,0.003315
10.913416,2,0.959109,0.846669,0.479431,0.697407,0.014218,0.220359,0.731928,0.12896,0.161837,1.584433,0.546829,0.405457,1.662352,1.431226,1.886574,1.337526,0.80164,2.301641,1.156988,2.31195,1.353187,1.269746,2.027801,0.958856,0.455957,0.721421,0.581923,1.214655,0.808083,1.622517,0.823547,0.00267
11.133933,2,0.985411,0.858505,0.444252,0.701681,0.014876,0.2174,0.7556,0.101672,0.156577,1.568652,0.539925,0.434389,1.664325,1.433856,1.902684,1.420376,0.792619,2.26427,1.125094,2.305829,1.324192,1.268457,2.035533,0.931472,0.460467,0.740106,0.598031,1.2153,0.810982,1.623805,0.838689,0.003315
11.380695,2,0.991329,0.868368,0.432088,0.706613,0.015862,0.224961,0.764148,0.112521,0.154933,1.579502,0.537295,0.422225,1.658407,1.417417,1.902684,1.395061,0.774578,2.261693,1.119295,2.287144,1.287465,1.245905,2.044231,0.863495,0.458856,0.729153,0.551317,1.205635,0.802606,1.623805,0.844488,0.00267
11.085917,2,1.080097,0.874286,0.379156,0.702667,0.015205,0.242058,0.792093,0.177947,0.156248,1.600543,0.529404,0.43143,1.654133,1.397033,1.899725,1.406239,0.7749,2.209824,1.114784,2.28811,1.254282,1.237851,2.040043,0.917619,0.454346,0.733985,0.549062,1.201447,0.798096,1.607053,0.8374,0.00267
10.92461,2,1.08733,0.878232,0.417293,0.721736,0.01389,0.252907,0.777627,0.212468,0.139481,1.596927,0.561295,0.403156,1.658736,1.414787,1.887889,1.38717,0.762336,2.192427,1.114462,2.267814,1.254282,1.237207,2.031667,0.919552,0.460467,0.725609,0.569359,1.196936,0.797452,1.59481,0.82999,0.003315
10.772705,2,1.145523,0.885136,0.529404,0.732257,0.014876,0.264085,0.764148,0.248962,0.122056,1.588378,0.587268,0.417951,1.663667,1.418075,1.879999,1.372704,0.772323,2.239463,1.127349,2.310984,1.302607,1.275223,2.033922,0.938882,0.47142,0.763624,0.57548,1.216911,0.794874,1.588689,0.903444,0.003315
11.064036,2,1.108701,0.908479,0.633296,0.732257,0.124028,0.252578,0.773353,0.224633,0.095754,1.58805,0.599762,0.45576,1.6709,1.436486,1.879999,1.370732,0.862851,2.340945,1.236241,2.31195,1.302607,1.336112,2.036177,0.932117,0.656021,0.857374,0.733985,1.248483,0.834823,1.609952,1.011369,0.004281
11.354242,2,1.089632,0.923602,0.687873,0.746723,0.132248,0.259482,0.805244,0.251921,0.129289,1.593639,0.625406,0.454444,1.670571,1.401636,1.867505,1.303991,0.920196,2.378961,1.577091,2.332891,1.313238,1.385403,2.050352,0.939204,0.708212,0.863495,1.021034,1.300674,0.870583,1.666653,1.235596,0.00267
10.977981,2,1.058727,0.917027,0.697736,0.740147,0.015205,0.247975,0.773682,0.213454,0.154933,1.597584,0.672749,0.460691,1.665969,1.380595,1.867505,1.297087,0.933083,2.371229,1.700803,2.344167,1.354475,1.439205,2.038754,0.91923,0.766846,0.961111,1.097387,1.374127,0.879926,1.66021,1.283921,0.00557
11.609903,2,1.029795,0.904533,0.693791,0.761518,0.016191,0.228249,0.725024,0.19866,0.20655,1.576543,0.732914,0.506719,1.675832,1.357252,1.841204,1.286895,1.13347,2.440494,1.838045,2.363819,1.398934,1.49945,2.036177,0.902477,0.865428,1.094488,1.181472,1.419875,0.901511,1.899579,1.413109,0.003637
11.75002,2,1.066947,0.913081,0.676037,0.762175,0.015862,0.234496,0.741134,0.195043,0.214441,1.570625,0.772038,0.483048,1.685037,1.349362,1.838902,1.32832,1.11865,2.474644,1.934373,2.339979,1.421486,1.505893,2.035533,0.916008,0.980441,1.091911,1.214333,1.487852,0.967233,1.986886,1.533277,0.005248
11.921766,2,1.15966,0.965685,0.72075,0.815765,0.177289,0.266387,0.809847,0.28973,0.313072,1.594954,0.855218,0.486335,1.757038,1.362512,1.874738,1.361197,1.254604,2.500417,2.071293,2.323871,1.358663,1.588689,2.050997,0.903122,1.050351,1.138624,1.26588,1.61253,1.075802,2.13186,1.587723,0.00557
12.452724,2,1.203058,1.02585,0.804587,0.839436,0.299921,0.405457,0.89204,0.328853,0.324908,1.617968,0.845026,0.495541,1.7886,1.440431,1.890848,1.391116,1.345132,2.591912,2.169553,2.36253,1.483341,1.659888,2.169553,1.056795,1.09932,1.41762,1.411176,1.736563,1.108019,2.292298,1.743973,0.006858
12.516314,2,1.164263,0.989028,0.789134,0.827601,0.29762,0.405786,0.876588,0.31373,0.32721,1.630132,0.903547,0.4985,1.766901,1.448979,1.871122,1.39802,1.308406,2.607698,2.163754,2.34159,1.44887,1.692427,2.178896,1.12606,1.205957,1.422774,1.433083,1.803896,1.101575,2.356087,1.83128,0.007181
12.893896,2,0.980808,0.922287,0.691489,0.791765,0.298606,0.387046,0.817409,0.254222,0.30847,1.605146,0.829902,0.499815,1.738298,1.407883,1.853697,1.404266,1.279411,2.594812,2.13186,2.339335,1.476898,1.64088,2.177607,1.14539,1.196614,1.349643,1.428573,1.772001,1.083856,2.335791,1.7778,0.007503
12.538294,2,0.930178,0.859163,0.593515,0.737846,0.267373,0.284469,0.759545,0.167097,0.23614,1.485144,0.793737,0.487322,1.687667,1.295443,1.793861,1.374019,1.252993,2.533278,2.072259,2.352865,1.333212,1.611885,2.157311,1.241395,1.064526,1.254282,1.384759,1.716267,1.059694,2.292621,1.640558,0.007181
13.01597,2,0.870012,0.851272,0.426828,0.590556,0.192084,0.23614,0.706613,0.014547,0.174659,1.485473,0.754613,0.483705,1.657749,1.253689,1.739942,1.365143,1.149256,2.445005,2.006216,2.36253,1.217555,1.560017,2.103187,1.158921,1.061305,1.010403,1.291975,1.605764,0.996872,2.101576,1.629604,0.006214
12.621659,2,0.814121,0.7099,0.253893,0.417951,0.026712,0.199975,0.636913,0.011917,0.106603,1.500268,0.582994,0.406115,1.530186,1.058727,1.596598,1.295772,1.055828,2.376384,1.943393,2.320971,1.307117,1.435339,2.004927,1.056472,0.96981,1.043264,1.195326,1.469488,0.882825,1.97561,1.5932,0.004603
12.902833,2,0.742449,0.607981,0.121398,0.285456,0.01915,0.177618,0.595159,0.008958,0.008958,1.45687,0.323264,0.14507,1.349362,0.937082,1.497638,1.250401,0.941459,2.207247,1.669875,2.31195,1.384114,1.244617,1.955313,0.882503,0.644101,1.173096,1.085145,1.357697,0.831923,1.830958,1.198869,0.004603
13.139468,2,0.675708,0.006657,0.006328,0.090822,0.066822,0.167097,0.552747,0.007643,0.006657,1.317471,0.228578,-0.001234,1.259936,0.871327,1.42465,1.155386,0.638624,2.028445,1.06066,2.272324,1.170519,0.792941,1.930507,0.788109,0.382503,0.964011,0.65441,1.238818,0.70499,1.664076,0.834823,0.002992
13.390604,2,0.591542,0.005341,0.005341,0.004355,0.063534,0.205235,0.512637,0.007314,0.006657,1.177085,0.127645,-0.000248,1.052481,0.866396,1.439116,1.129084,0.550673,1.843844,0.829024,2.157633,0.975287,0.563238,1.767813,0.723676,0.002992,0.617683,0.430183,1.002349,0.66633,1.546808,0.737529,0.002348
13.121631,2,0.565569,0.006657,0.006328,0.005341,0.004684,0.220687,0.587268,0.006328,0.006657,1.026179,0.095096,-0.000248,1.06859,0.956808,1.493035,1.23199,0.399578,1.914398,0.735918,2.087401,0.890557,0.486562,1.548419,0.766202,0.002348,0.49365,0.192425,0.952735,0.640557,1.423419,0.675995,0.001382
12.685442,2,0.571159,0.006657,0.007643,0.006328,0.005341,0.204578,0.578392,0.005341,0.003369,1.007768,0.014547,0.00041,1.058727,0.974233,1.519665,1.258292,0.419552,1.882504,0.717232,2.054218,0.869617,0.296807,1.507181,0.703702,0.003315,0.456601,0.126059,0.948869,0.620261,1.368328,0.566459,0.002992
11.841005,2,0.446554,0.005013,0.005999,0.005999,0.00567,0.178276,0.562939,0.004355,0.005341,0.943657,0.075699,0.000081,1.056755,1.007439,1.509145,1.262237,0.416975,1.897001,0.722709,2.035855,0.927928,0.280699,1.493006,0.780699,0.00267,0.458534,0.118328,0.937593,0.618972,1.329991,0.436304,-0.000551
9.9365,2,0.400855,0.004026,0.005013,0.004684,0.005013,0.081617,0.497185,0.004684,0.005341,0.956808,0.091151,-0.000248,1.249086,1.005795,1.511117,1.149797,0.491073,1.857697,0.769423,2.064205,0.945003,0.516846,1.551962,0.868972,0.004281,0.467232,0.152799,1.059372,0.643457,1.413431,0.49075,0.002348
8.401311,2,0.350881,0.00304,0.003698,0.004355,0.003698,0.004026,0.364361,0.004684,0.004026,0.937411,0.084576,0.000081,1.298073,1.055111,1.53446,1.313525,0.565493,1.857053,0.819681,2.096422,1.015235,0.600286,1.674707,0.9624,0.003637,0.48624,0.280699,1.135081,0.658276,1.465622,0.583212,-0.001196
6.035128,2,0.362388,0.003698,0.002711,0.003369,0.003698,0.00304,0.010273,0.00304,0.003369,0.932479,0.061233,0.000739,1.295114,1.093906,1.675174,1.497309,0.656665,1.965623,0.887336,2.134115,1.087078,0.604797,1.786177,0.989462,0.004603,0.588366,0.41633,1.354153,0.715944,1.598354,0.701769,0.00267
5.241546,2,0.343977,0.134878,0.002711,0.065836,0.003369,0.00304,0.003369,0.00304,0.002711,0.643817,0.000081,0.001067,1.345087,1.123824,1.738627,1.499281,0.646034,1.918264,0.885403,2.12735,1.079346,0.603508,1.79262,1.06066,0.002992,0.552928,0.36124,1.363496,0.721098,1.551962,0.682761,0.002348
2.866819,2,0.330497,0.002711,0.03789,0.074712,0.00304,0.002382,0.003369,0.002054,0.002382,0.5682,-0.000576,-0.000248,1.359225,1.190894,1.85567,1.612379,0.623482,1.905056,0.885725,2.132504,1.142168,0.630248,1.801963,1.11865,0.004603,0.49075,0.366717,1.350609,0.748805,1.504282,0.66633,0.002992
1.364692,2,0.306168,0.002054,0.032301,0.016191,0.002382,0.002382,0.002711,0.002382,0.002054,0.520856,0.00041,-0.000248,1.359882,1.294457,1.905314,1.623886,0.612207,1.883793,0.869294,2.152479,1.102864,0.605441,1.767813,1.110274,0.004603,0.436304,0.167941,1.300674,0.732052,1.390558,0.679217,0.002992
0.293988,2,0.210824,0.001396,0.002054,0.001396,0.001067,0.000739,0.000739,0.002382,0.002054,0.342333,0.00041,0.00041,1.372704,1.470021,1.998356,1.601529,0.569681,1.834824,0.854475,2.167298,1.086434,0.559694,1.751061,1.07548,0.004281,0.339977,0.204668,1.166975,0.719488,1.334501,0.643779,0.001059
0.017918,2,0.171043,0.001396,0.001396,0.001725,0.001067,0.001067,-0.000248,0.00041,0.001067,0.243701,0.00041,0.00041,1.443061,1.682078,2.207784,1.660379,0.46981,1.804862,0.844166,2.162144,1.033276,0.505248,1.620906,1.032632,0.004281,0.190815,-0.000229,0.982697,0.656343,1.290364,0.576446,0.002348
-0.030697,2,0.100028,0.00041,0.000739,0.00041,-0.000248,0.000081,0.000739,0.000081,-0.000576,-0.000576,-0.000248,-0.000248,1.468377,1.820491,2.328114,1.60942,0.416008,1.790687,0.839655,2.157633,0.953379,0.54423,1.534243,0.871227,0.002992,0.000093,0.00267,0.873483,0.639268,1.212078,0.46691,0.001059
