7.650058,-16.083621,0.329840,3.863803,3.939420,3.982489,3.969010,3.695144,4.047915,3.607362,3.355852,3.579088,3.716514,3.764186,3.906872,3.619198,3.750706,3.387085,2.925998,3.328705,3.674711,3.828706,3.602868,3.386372,3.155058,3.159568,1.876705,2.612853,2.905057,3.319040,3.111887,3.433086,3.393782,3.637984
8.127212,-15.810092,0.300579,3.816131,3.881228,3.947968,3.945996,3.658650,4.026873,3.565937,3.314427,3.539306,3.676733,3.723418,3.868406,3.591581,3.717500,3.346647,2.856410,3.330960,3.658925,3.793590,3.578705,3.337725,3.165367,3.178898,1.922775,2.531667,2.755572,3.271681,3.106733,3.398615,3.378963,3.645716
8.066945,-14.519711,0.287757,3.803967,3.831912,3.920680,3.892077,3.626102,4.002544,3.535032,3.297331,3.469936,3.644842,3.694815,3.811857,3.552786,3.671143,3.276290,2.909890,3.362532,3.639273,3.777804,3.547777,3.316785,3.240754,3.204993,1.973033,2.505250,2.784245,3.256540,3.119297,3.389594,3.353189,3.611244
8.231817,-14.066218,0.277894,3.774706,3.761227,3.871694,3.830926,3.567252,3.967037,3.448237,3.265769,3.409113,3.613280,3.658650,3.748076,3.518265,3.633335,3.270043,2.904413,3.337403,3.627030,3.745587,3.523293,3.266527,3.320006,3.228189,2.104476,2.453381,2.735920,3.229800,3.112210,3.375741,3.316140,3.569040
8.938732,-13.814507,0.268688,3.749720,3.725719,3.842104,3.788843,3.533717,3.942379,3.408456,3.225330,3.375907,3.567581,3.616239,3.712897,3.470922,3.603745,3.208892,2.895070,3.340947,3.615432,3.721103,3.521360,3.244297,3.342558,3.230122,2.185984,2.428252,2.721423,3.185019,3.094490,3.358344,3.297777,3.530058
9.302406,-13.051437,0.227263,3.713555,3.672130,3.756295,3.741172,3.528128,3.922982,3.371962,3.211193,3.331852,3.505772,3.552786,3.665226,3.416017,3.536019,3.167466,2.883150,3.262017,3.569363,3.679543,3.480445,3.211759,3.318396,3.240431,2.191138,2.325481,2.727222,3.125418,3.040367,3.303898,3.224001,3.467880
10.226029,-13.450120,0.220359,3.678048,3.629390,3.701390,3.684294,3.442648,3.882543,3.314756,3.187850,3.293057,3.468292,3.506758,3.618869,3.358154,3.486703,3.124726,2.833859,3.260084,3.543589,3.647327,3.449839,3.193395,3.287468,3.260406,2.202736,2.239141,2.698227,3.055831,3.012016,3.272970,3.161823,3.434697
10.965584,-13.378837,0.181892,3.615252,3.634650,3.657993,3.622157,3.389716,3.822378,3.269385,3.162535,3.250646,3.428511,3.455141,3.567252,3.322646,3.424894,3.081657,2.792621,3.239787,3.524582,3.582571,3.430509,3.182119,3.272004,3.283279,2.206602,2.219811,2.655379,3.019748,2.990109,3.243009,3.141527,3.386050
11.321284,-13.762979,0.151974,3.521553,3.591252,3.618211,3.565279,3.317057,3.782268,3.246043,3.106973,3.207577,3.364400,3.373277,3.493278,3.275303,3.332838,3.030698,2.749129,3.237854,3.523615,3.513628,3.425354,3.147970,3.275547,3.311952,2.105442,2.215301,2.628317,2.988498,2.971101,3.227545,3.106733,3.329027
12.482287,-13.750316,0.037561,3.450867,3.553115,3.603417,3.507744,3.267413,3.715528,3.189165,3.089548,3.147411,3.290427,3.350921,3.393332,3.214481,3.255248,2.960012,2.749451,3.209826,3.511373,3.310986,3.403447,3.107055,3.262339,3.401836,2.071293,2.137659,2.587080,2.934374,2.927287,3.206282,3.061630,3.284246
13.296180,-10.563120,-0.031481,3.340729,3.488018,3.573827,3.488676,3.138206,3.688897,3.115849,3.026424,3.080671,3.206261,3.307194,3.284838,3.153987,3.168124,2.926477,2.728833,3.188885,3.497842,3.136372,3.390561,3.066140,3.212725,3.377030,2.102865,2.061306,2.522002,2.891204,2.899258,3.176965,3.055831,3.223034
12.847411,-10.286665,-0.059756,3.245385,3.422921,3.533060,3.428182,3.010643,3.577444,2.966587,2.921875,2.966916,3.153001,3.262810,3.203303,3.093164,3.113877,2.857435,2.706925,3.179864,3.486244,2.781668,3.335470,2.960470,3.140882,3.260728,2.143458,1.991074,2.482376,2.808407,2.820972,3.089336,2.991720,3.145393
8.679318,-4.910246,-0.066002,3.063904,3.320016,3.352893,3.228618,2.780174,3.307852,2.614474,2.655570,2.817325,3.000451,3.111904,3.050424,2.893271,2.971848,2.641433,2.647969,3.008794,3.456282,2.066783,3.244297,2.858343,2.939529,2.999129,2.125095,1.763303,2.258149,2.692428,2.627673,2.921165,2.872841,2.963369
2.367309,-0.862938,-0.061728,2.993875,3.275961,3.310811,3.167466,2.730201,3.231906,2.545432,2.561541,2.797599,2.951464,3.007026,2.970861,2.858422,3.021492,2.639460,2.622840,2.760083,3.460148,1.994618,3.202416,2.836114,2.773936,2.906024,2.066783,1.610919,2.288755,2.647647,2.529734,2.817106,2.799387,2.895070
0.229733,1.154133,-0.045618,2.970533,3.255248,3.287139,3.168124,2.714420,3.192782,2.499075,2.526034,2.805490,2.922532,2.924176,2.948834,2.886696,3.076726,2.711132,2.531989,2.482376,3.413757,3.035212,3.068073,2.741719,2.666655,3.014593,2.011048,1.226898,2.132827,2.493974,2.287144,2.565495,2.528446,2.870908
-0.107503,-0.588302,0.014547,3.034314,3.325605,3.361770,3.212837,2.788722,3.242097,2.631570,2.652611,2.867299,2.973492,2.991574,3.041547,3.016889,3.202974,2.862038,2.473033,2.451770,3.397648,3.443396,3.010727,2.685662,2.511693,3.125740,1.878960,1.064204,2.163754,2.522324,2.234631,2.546809,2.400224,2.759438
-1.743191,-1.492270,-0.019974,3.107959,3.345332,3.439360,3.300290,2.848559,3.280235,2.731187,2.776229,2.862696,3.004396,3.001437,3.054698,3.103027,3.324290,3.031027,2.605765,2.599000,3.479156,3.595136,3.143782,2.810985,2.733987,3.189851,1.988174,1.187594,2.173097,2.623807,2.398935,2.660211,2.476899,2.667621
-4.206853,-8.613411,0.001396,3.291413,3.438045,3.578430,3.534704,3.146754,3.587307,3.100726,3.000122,3.030369,3.161220,3.144124,3.251303,3.208892,3.494594,3.161549,2.735598,2.836436,3.575484,3.781670,3.412468,3.045843,3.006861,3.458860,2.157955,1.642813,2.397646,2.878317,2.789077,3.017815,2.897969,2.954348
-6.471789,-12.223691,0.204906,3.628732,3.650431,3.838488,3.758268,3.405825,3.778323,3.330208,3.217440,3.229933,3.486374,3.412401,3.601773,3.480456,3.875968,3.575142,2.939529,3.287468,3.723680,3.884441,3.725291,3.300354,2.949516,3.536179,2.262659,1.825481,2.524257,3.289401,3.153125,3.331282,3.151514,3.322584
-7.402091,-13.657763,0.207536,3.831912,3.907530,4.028517,4.029175,3.729007,4.001887,3.641225,3.456456,3.469278,3.678048,3.656678,3.788843,3.769775,4.001558,3.825008,3.104478,3.388628,3.856412,3.979157,3.867044,3.483344,2.817750,3.396360,2.539399,1.823226,2.759116,3.592236,3.332893,3.610600,3.276836,3.662791
-7.290331,-14.222105,0.209838,3.829282,3.896351,4.013065,4.003531,3.692185,3.977887,3.625116,3.421935,3.451853,3.665554,3.631033,3.766158,3.763857,3.998270,3.842104,3.059052,3.369620,3.858345,3.949840,3.873165,3.444684,2.626062,3.219491,2.373162,1.598999,2.671809,3.589659,3.316140,3.624775,3.284246,3.685342
-7.769544,-15.008792,0.193070,3.756624,3.827967,3.966380,3.966708,3.654047,3.931201,3.568567,3.348619,3.406812,3.588293,3.574485,3.748076,3.715199,3.978873,3.836515,2.962725,3.290367,3.837404,3.942753,3.860278,3.416012,2.547131,3.166656,2.317427,1.364784,2.591912,3.539401,3.281024,3.575806,3.273937,3.616077
-7.739665,-15.746183,0.158221,3.709610,3.733281,3.925283,3.917722,3.583690,3.874324,3.481771,3.326263,3.362428,3.545553,3.506100,3.685938,3.674102,3.959804,3.802652,2.924709,3.186308,3.821296,3.933410,3.833538,3.350612,2.485275,3.188563,2.242363,1.215944,2.507183,3.478512,3.253318,3.540368,3.201449,3.531347
-8.044225,-16.415678,0.133234,3.675089,3.685609,3.884844,3.876296,3.515306,3.786213,3.409442,3.271029,3.298317,3.495251,3.458100,3.622157,3.626102,3.945338,3.748733,2.899258,3.103833,3.801644,3.906026,3.821618,3.284890,2.307440,3.072583,2.223677,0.946614,2.479154,3.418911,3.208859,3.498164,3.193395,3.495264
-8.169471,-17.084615,0.110549,3.624787,3.614595,3.834871,3.803309,3.409771,3.689883,3.358811,3.231577,3.243413,3.440346,3.389716,3.565608,3.585005,3.923639,3.741172,2.841268,2.952093,3.766850,3.885729,3.799389,3.217236,1.970133,2.985598,2.128961,0.684049,2.375095,3.371875,3.177931,3.412468,3.153125,3.419556
-8.389831,-17.202348,0.101014,3.536347,3.544238,3.749062,3.764514,3.343688,3.609663,3.275303,3.177001,3.172398,3.381496,3.301934,3.454483,3.530758,3.907201,3.745117,2.816462,2.872196,3.753319,3.853835,3.757507,3.227545,1.523934,2.864464,2.070971,0.563882,2.300030,3.320651,3.108021,3.363177,3.086436,3.339658
-8.629164,-17.565232,-0.035755,3.407140,3.471580,3.669500,3.696130,3.246700,3.541608,3.149713,3.136562,3.124069,3.278591,3.204618,3.375907,3.468292,3.886817,3.712897,2.774258,2.740431,3.726579,3.825806,3.692430,3.157957,1.418264,2.659245,1.945648,0.289719,2.219489,3.268460,3.069684,3.273292,3.036178,3.250741
-8.493343,-17.572654,-0.133072,3.297989,3.384455,3.588951,3.620842,3.178316,3.446264,3.066534,3.085931,3.045164,3.164179,3.113219,3.250646,3.425552,3.841775,3.677719,2.655701,2.610920,3.703383,3.781992,3.648937,3.077093,1.177284,2.567105,1.877672,0.008147,2.127994,3.218202,2.965302,3.176643,2.950160,3.103833
-9.041364,-17.856514,-0.209347,3.180617,3.292399,3.530101,3.511032,3.006040,3.213494,2.951464,2.985656,2.968889,3.063575,2.970533,3.102041,3.345003,3.779309,3.623143,2.594812,2.450159,3.672133,3.714981,3.566141,2.946616,0.814848,2.470134,1.818715,0.008791,2.049708,3.129606,2.869297,3.100934,2.834181,2.978189
-9.281795,-17.300643,-0.308308,3.020177,3.235851,3.441333,3.441661,2.878477,3.034972,2.731516,2.895244,2.866970,2.956396,2.790037,3.028068,3.268399,3.724404,3.594540,2.556796,2.274901,3.637662,3.681154,3.475612,2.827737,0.038753,2.347711,1.730442,0.007503,1.911177,3.057441,2.772325,2.934374,2.671165,2.808085
-9.642569,-16.691343,-0.435214,2.891956,3.137877,3.337770,3.313770,2.689433,2.888997,2.477047,2.744338,2.800887,2.830805,2.417540,2.952121,3.170425,3.644513,3.549498,2.497196,2.139914,3.607056,3.637984,3.402159,2.742686,0.012335,2.328059,1.718200,0.007825,1.748483,2.962403,2.680830,2.854799,2.473033,2.640881
-10.240256,-16.383913,-0.633793,2.682200,3.032670,3.236837,3.204946,2.487239,2.685488,2.093043,2.546747,2.723954,2.647022,2.271565,2.847244,3.105329,3.610650,3.516950,2.447582,1.856086,3.581927,3.596424,3.351256,2.615108,0.011047,2.271035,1.627027,0.007181,1.501060,2.906346,2.576448,2.754928,2.318394,2.438884
-10.682554,-16.252334,-0.607162,2.492500,2.874203,3.149055,3.068178,2.137427,2.335347,1.759668,2.359018,2.638803,2.313648,2.032877,2.744338,3.068178,3.555745,3.474867,2.405378,1.788110,3.566141,3.567107,3.242042,2.545520,0.011691,2.055829,1.472065,0.005570,1.210789,2.857377,2.511049,2.662789,2.164399,2.218845
-10.922161,-16.343570,-0.554558,2.416225,2.713105,3.047136,2.918587,1.817532,2.066741,1.126454,2.141701,2.542144,2.049974,1.611064,2.617761,3.007684,3.478155,3.447579,2.339335,1.819360,3.554865,3.554865,3.136694,2.442105,0.009758,1.869295,1.355119,0.006214,1.027477,2.838691,2.466268,2.568394,2.002350,2.012337
-11.106956,-15.571709,-0.460858,2.324497,2.594419,2.835737,2.841983,1.606790,1.673530,0.993959,1.952328,2.394526,1.792217,1.485144,2.456664,2.909381,3.413716,3.404182,2.305185,1.810017,3.533280,3.524582,3.051965,2.179218,0.009758,1.723032,1.223676,0.005248,0.912787,2.792299,2.418909,2.450159,1.717233,1.706924
-11.603296,-15.434451,-0.735712,2.141372,2.342580,2.600994,2.730201,1.195168,1.280977,0.818066,1.821477,2.316278,1.347718,1.231990,2.301812,2.814695,3.312126,3.345989,2.219167,1.786177,3.510406,3.506218,2.979799,1.913432,0.007503,1.420841,1.132503,0.004603,0.726575,2.720456,2.322260,2.334502,1.412787,1.498805
-11.818506,-14.498911,-0.686396,1.992110,2.214359,2.403731,2.648008,0.760531,0.930835,0.613899,1.587392,2.077262,1.019275,0.862122,2.080220,2.690749,3.240454,3.333496,2.160533,1.746550,3.476579,3.460471,2.935018,1.675996,0.007181,1.087722,1.031666,0.004281,0.227219,2.593201,2.155056,2.172775,1.052284,1.215622
-11.950678,-14.725110,-0.723219,1.907944,2.117043,2.181153,2.554966,0.622118,0.800970,0.482390,1.469363,1.929972,0.814121,0.729627,1.952986,2.583569,3.212837,3.315085,2.073226,1.719811,3.454349,3.464981,2.893137,1.545519,0.005248,0.870261,0.910209,0.003959,0.191459,2.552286,2.116074,2.126383,0.681150,0.610596
-11.894870,-15.037091,-0.671273,1.678791,1.890848,1.876711,2.323840,0.456417,0.504089,0.029013,1.209962,1.715942,0.645132,0.624420,1.800436,2.495787,3.137220,3.341058,2.183729,1.768135,3.429220,3.476579,2.905379,1.264913,0.005570,0.632181,0.536176,0.001704,0.281021,2.499451,2.049708,1.989463,0.670841,0.067425
-12.515508,-15.750203,-0.689684,1.495994,1.680763,1.676489,2.207455,0.285456,0.256524,0.024410,1.026179,1.581803,0.498171,0.484363,1.714955,2.448773,3.105986,3.298975,2.276190,1.768458,3.429543,3.529736,2.881217,1.039720,0.003637,0.392812,0.000737,0.000093,0.476253,2.495907,2.069682,1.951447,0.600931,0.002348
-12.754914,-15.372403,-0.666670,1.277361,1.572597,1.492048,2.042412,0.116138,0.021123,0.020794,0.875930,1.371718,0.359100,0.450828,1.620269,2.314306,3.064232,3.257550,2.310984,1.781666,3.464981,3.578061,2.973678,0.916653,0.004281,0.354797,0.002026,0.000415,0.528766,2.484309,2.134115,1.926963,0.307438,0.001059
-12.966360,-13.681605,-0.540421,0.907821,1.249415,1.151112,1.834628,0.016520,0.016520,0.018492,0.686886,1.085358,0.074712,0.295647,1.502569,2.175893,3.039575,3.205933,2.368974,1.756537,3.487855,3.628641,3.001707,0.775866,0.003959,0.325802,0.001059,-0.000229,0.558727,2.471422,2.127350,1.889592,0.185016,0.000737
-12.378678,-16.684052,-0.513133,0.623433,0.870341,0.909794,1.598242,0.012246,0.013232,0.013232,0.526446,0.988699,-0.000576,0.174002,1.377965,2.007233,3.020177,3.157932,2.364786,1.809050,3.544234,3.691463,3.006539,0.660531,0.002348,0.000093,-0.000874,0.000737,0.507825,2.448226,2.070004,1.819360,0.063559,0.000093
-10.924286,-9.905154,-0.226114,0.434718,0.691489,0.684914,1.327005,0.009944,0.010273,0.010273,0.240085,0.910780,0.000739,0.001067,1.259936,1.896109,2.954423,3.123082,2.386371,1.922453,3.594491,3.727546,3.021681,0.683727,0.002992,-0.000229,-0.000551,-0.000551,0.438560,2.436306,2.031667,1.737852,0.007181,-0.000874
-2.201559,-5.168613,0.000410,0.076685,0.219044,0.324908,0.695106,0.005013,0.004355,0.004355,0.004684,0.484691,-0.001563,-0.000576,0.990343,1.671886,2.775571,2.970861,2.293909,1.924708,3.590303,3.708860,3.045843,0.961111,0.003315,-0.000229,0.001059,0.000093,0.427606,2.386693,1.960790,1.502993,0.006536,0.000415
0.923668,-2.658033,-0.000248,-0.000248,0.000739,0.000081,-0.000248,-0.000576,-0.000576,0.000410,0.000739,0.000410,0.000410,0.000739,0.276250,0.965685,2.375786,2.235729,1.650545,1.673097,3.421489,3.568074,2.782956,1.546486,0.006858,0.000415,-0.000551,-0.000874,0.416008,2.140236,1.498483,1.137980,0.004603,-0.000551
1.131871,-2.213521,0.000081,-0.000905,-0.000248,0.000081,0.001725,0.001396,0.000081,0.000081,0.000410,0.000081,0.000410,-0.000576,-0.000248,0.187810,0.850615,1.368430,0.274900,0.313237,2.715946,2.802931,1.711434,1.374772,0.004925,-0.000874,-0.000229,-0.000229,-0.000229,1.182439,0.653444,0.136691,0.000093,-0.000229
0.835057,-1.361352,0.000081,0.000410,0.001396,0.001067,0.000410,0.000410,-0.000905,-0.001892,0.000081,0.000410,0.000410,0.000739,0.000739,0.000410,0.714503,1.305964,0.000415,0.000093,2.449837,2.362853,1.262336,1.175996,0.004603,0.000093,0.000415,0.000415,0.000093,0.784565,0.225931,0.000415,-0.000551,-0.000229
0.830735,-1.236685,0.000081,-0.001234,-0.002220,-0.000905,0.000410,0.000739,0.000081,0.001067,0.000410,-0.000248,0.000081,0.000410,-0.000248,-0.000248,0.659598,1.302676,-0.000229,-0.000229,2.461757,2.295198,1.299385,1.127349,0.004603,-0.000551,-0.000874,-0.000551,-0.000551,0.783921,0.213688,0.001382,0.000093,-0.000874
0.994535,-0.800203,0.000081,0.000081,0.000739,0.000410,0.000081,-0.000576,-0.000905,-0.000905,0.000081,0.001067,0.001396,0.001067,0.001067,0.000081,0.639214,1.231990,0.000093,-0.000551,2.464335,2.135404,1.356086,0.786176,0.002670,0.000093,-0.000551,-0.000551,0.000415,0.763946,0.214011,0.000415,0.000093,-0.000551
0.127558,1.188821,0.000081,-0.000905,-0.000576,0.000410,0.001067,0.000739,0.000410,0.000410,0.000739,-0.000248,-0.000248,-0.000248,-0.000905,-0.000576,0.616529,1.160318,0.129281,0.000415,2.639593,2.167298,1.460468,0.710145,0.002992,0.000415,0.000093,-0.000551,-0.001196,0.735274,0.356730,0.001704,0.000093,0.000093
-0.199168,2.000323,0.000081,-0.000248,0.000081,0.000739,0.000410,-0.000576,-0.000905,-0.000576,0.001067,0.001067,0.001725,0.000410,0.000081,-0.000576,0.588583,1.199770,0.382181,0.001704,2.668588,2.117363,1.563560,0.645390,0.002670,-0.001518,-0.000551,0.000415,-0.000551,0.711433,0.351897,0.002670,-0.000229,-0.000229
-3.867030,4.483774,0.000081,-0.000905,0.000410,0.000081,0.000410,0.000410,0.000410,-0.000248,-0.000248,-0.000248,-0.000248,-0.000576,0.000081,0.000410,0.384416,1.150783,0.327413,0.001382,2.656023,1.987530,1.246228,0.407632,0.001704,0.000415,-0.000229,-0.000229,-0.000229,0.520390,0.139268,-0.000229,-0.000874,-0.000229
-7.082663,4.985203,0.000081,-0.000576,-0.001234,0.000081,0.000410,0.000081,-0.000248,0.000410,0.000739,-0.000248,0.000081,0.000081,-0.000248,0.000081,0.721079,1.284265,0.802606,0.003315,2.864464,2.400224,1.688238,0.488817,0.002026,0.794874,0.137013,0.000415,0.000415,0.664397,0.333856,0.084822,-0.000551,-0.000551
-10.334427,12.357383,-0.000248,0.000410,0.000739,0.000410,-0.000248,-0.000248,-0.000248,0.000081,0.000410,0.000081,-0.000248,0.000081,0.000739,0.609296,2.205482,1.994740,0.950480,0.483985,3.272326,3.108021,2.314850,0.446936,0.001704,0.710789,0.153121,0.000737,0.000093,1.356730,0.772323,0.489140,0.002348,0.000415
-9.257335,3.594035,0.000081,0.000410,-0.000576,-0.000905,-0.000248,0.000410,0.000739,0.000739,0.000739,0.000410,-0.001563,-0.000248,0.136193,0.779929,2.592117,2.432334,1.079990,0.915042,3.384439,3.376385,2.459180,0.508792,0.002348,-0.000551,0.000737,-0.000874,-0.000551,1.753316,1.043908,0.517490,0.001382,0.000093
-11.436768,10.983313,0.000081,0.000739,0.000410,0.000410,0.000410,0.000739,0.000081,0.000081,0.000410,-0.000248,0.000081,0.000410,0.061890,0.804915,2.621049,2.464554,1.340300,0.974642,3.425999,3.423099,2.513304,0.489784,0.001059,-0.000229,0.000415,0.000415,0.000093,1.814527,1.230764,0.611240,0.002670,-0.000229
-12.299112,3.995131,0.000081,-0.000576,-0.000248,-0.000576,0.000410,0.000739,0.001067,0.001725,0.000410,-0.000248,-0.000576,0.000410,0.276907,0.875930,2.626967,2.511240,1.523612,0.926318,3.428576,3.425999,2.653446,0.615106,0.002670,0.000093,-0.000229,-0.000551,-0.000874,1.845777,1.267813,0.735918,0.003315,0.000737
-11.782134,5.141460,0.000739,0.000739,0.000410,-0.002220,0.000081,-0.000905,-0.000576,-0.002220,0.000739,0.000739,0.000410,0.001067,0.108905,0.898287,2.629926,2.518801,1.690171,0.950480,3.466592,3.464337,2.728510,0.618972,0.002026,0.000093,0.000415,0.000093,0.000415,1.850610,1.298096,0.792619,0.002992,-0.000229
-10.320228,6.800926,0.000081,0.000410,0.000739,0.000081,0.000410,0.000739,0.000739,0.001725,0.000081,-0.000576,-0.000576,-0.000576,0.296305,0.958452,2.673324,2.589816,1.738496,0.916975,3.477545,3.482700,2.754606,0.606730,0.002992,0.000737,0.000415,-0.003451,-0.000874,1.837401,1.318715,0.812271,0.003315,0.000093
-12.382948,12.548336,0.000081,-0.000248,0.000081,-0.000576,-0.000576,-0.000576,0.000081,0.000739,0.000410,0.000739,-0.000248,-0.000248,0.408745,0.938726,2.690749,2.590145,1.704347,1.021034,3.462081,3.451128,2.719812,0.630248,0.002992,0.000093,-0.000551,-0.000551,-0.000874,1.848677,1.337723,0.851253,0.003637,0.000093
-11.051995,1.527485,0.000081,0.000410,0.000739,-0.000248,0.000739,0.000410,0.000081,-0.000576,0.000081,0.000081,0.000081,0.000739,0.507377,0.972260,2.667077,2.588501,1.703702,1.017813,3.457249,3.455960,2.707247,0.617683,0.002026,-0.000551,-0.000229,-0.000874,-0.000551,1.838045,1.318070,0.871550,0.002026,-0.000229
-12.622698,10.066550,0.000410,-0.000576,-0.000576,-0.000248,0.000081,0.000081,0.000410,0.001067,0.001396,-0.000248,0.000081,-0.000248,0.376525,0.980480,2.660830,2.564172,1.762659,1.009114,3.484311,3.490432,2.761693,0.617683,0.002348,-0.000229,0.000737,0.000093,0.000093,1.846422,1.429862,0.843199,0.002670,0.000415
-11.251388,0.489738,0.000081,0.000410,0.000081,0.000081,0.000410,0.000410,0.000081,-0.000248,0.000410,0.000081,0.000739,0.000081,0.548802,1.135989,2.652282,2.576007,1.773934,0.972065,3.471746,3.485277,2.733343,0.639913,0.002670,0.000415,-0.000229,-0.000551,-0.001196,1.835468,1.299063,0.895712,0.003315,-0.000229
-11.836774,9.091101,0.000081,-0.000905,0.000410,0.000739,0.001067,0.001067,0.001067,0.000739,0.000081,0.000081,-0.000905,-0.000576,0.432417,1.095879,2.634200,2.560884,1.815494,0.912142,3.484955,3.503641,2.783279,0.662464,0.002348,-0.000229,-0.000874,-0.000874,-0.000229,1.851576,1.397323,0.878315,0.002670,-0.000551
-12.072491,3.582064,0.000739,-0.001234,-0.000905,0.000081,-0.000576,0.000081,0.000410,0.001725,0.000410,0.000081,-0.000248,0.000410,0.556364,1.118564,2.609871,2.513541,1.785854,1.013302,3.478512,3.491721,2.727866,0.651189,0.002026,0.000093,0.000093,0.000415,0.000415,1.820648,1.275223,0.920519,0.002992,-0.000229
-10.670847,7.293447,0.000081,0.000410,0.000739,0.000739,0.000410,0.000410,0.000739,0.000081,-0.000576,-0.000576,-0.000576,0.000739,0.412362,0.985411,2.553322,2.461595,1.777800,1.032954,3.483344,3.500097,2.732699,0.652477,0.002348,0.000093,-0.000551,-0.000229,-0.000551,1.825803,1.349643,0.877349,0.004281,0.000737
-10.932347,6.359483,0.000081,0.000410,-0.000576,0.000081,0.000410,0.000081,0.001396,0.000410,0.000410,0.000410,0.000739,0.001067,0.241400,0.957794,2.557267,2.451732,1.755893,0.960467,3.473035,3.495909,2.704992,0.682761,0.002670,-0.000874,-0.001196,-0.000551,0.000093,1.823548,1.283921,0.868328,0.002670,-0.000551
-10.655024,8.936917,0.000081,0.000410,0.001067,0.000410,0.000739,0.000081,-0.000248,-0.000248,-0.000248,-0.000576,-0.000248,0.001067,0.231537,0.877574,2.544445,2.449759,1.732697,0.869294,3.462726,3.482700,2.721745,0.695325,0.002026,-0.000229,-0.000551,-0.000229,0.000093,1.815816,1.355764,0.909887,0.002670,-0.000229
-10.719582,9.490689,0.000410,0.000081,-0.000248,-0.000248,-0.002549,-0.000576,0.000410,0.000739,-0.000248,0.000410,0.000410,0.000081,0.194386,0.866725,2.527021,2.454691,1.746550,0.865751,3.464981,3.513628,2.787789,0.767490,0.003315,0.000415,0.000093,-0.000551,-0.000551,1.833857,1.388947,0.965944,0.003959,0.001059
-10.326238,9.776779,0.000739,-0.000576,0.001067,0.000739,0.000081,0.000410,0.000410,0.000410,0.000410,-0.000248,0.000081,0.001396,0.186166,0.882506,2.524719,2.458636,1.765880,0.888946,3.460471,3.534246,2.792943,0.778444,0.003637,-0.000229,-0.001196,0.000415,-0.000551,1.848355,1.387014,1.043908,0.004603,-0.000229
-10.648731,11.291177,0.000081,0.001067,-0.000576,-0.000248,-0.001234,-0.000248,-0.000248,0.001396,0.001067,0.001067,0.000410,0.000081,0.247647,0.921301,2.549048,2.481650,1.797775,1.120905,3.469491,3.561953,2.809696,0.833212,0.002670,-0.000551,-0.001196,-0.000551,0.000093,1.919875,1.442748,1.133470,0.003637,-0.000229
-10.031358,12.596200,-0.000248,0.000739,-0.000248,-0.000248,0.000739,-0.000248,-0.000576,0.000081,0.000410,0.000081,0.000739,0.000739,0.294990,0.979822,2.552665,2.500390,1.944360,1.283277,3.485922,3.575162,2.817750,0.844488,0.003315,0.000093,-0.000229,-0.000229,0.000415,1.954991,1.530377,1.253960,0.004603,-0.000229
-10.992690,11.287515,0.000081,-0.000576,-0.000905,-0.000905,-0.000248,0.000081,0.001396,0.001396,0.000739,0.000410,-0.000248,0.000081,0.292688,0.983767,2.554966,2.492171,1.973033,1.416331,3.483666,3.585793,2.855444,0.957568,0.004281,0.000093,0.000415,-0.000229,-0.001196,1.983664,1.577414,1.307439,0.006214,0.000737
-10.673741,12.757495,0.000081,0.000410,0.000410,0.000410,0.000739,0.000739,0.000410,0.000081,-0.000905,-0.000905,-0.000576,0.000739,0.394279,1.058727,2.592775,2.549706,2.148935,1.499772,3.512661,3.611566,2.901513,0.970132,0.004281,0.000415,-0.000874,0.000415,-0.000874,2.011692,1.779411,1.453058,0.007503,0.000093
-10.394760,12.976249,0.000081,0.000081,-0.000248,0.000081,0.000081,0.000081,-0.000248,0.000739,0.000739,-0.001234,0.000410,0.000410,0.488966,1.218182,2.611843,2.566473,2.199837,1.517491,3.528448,3.622842,2.926964,1.222710,0.005570,0.000093,-0.000229,0.001059,-0.000551,1.987530,1.795519,1.492684,0.006214,-0.000874
-10.224816,12.653661,0.000081,0.000081,0.000410,0.000739,0.000739,0.002054,0.001067,0.000410,0.001396,-0.000248,0.000081,-0.000248,0.513623,1.209634,2.607569,2.594090,2.249450,1.545519,3.545200,3.634118,3.004928,1.453058,0.004925,-0.000229,-0.001196,-0.000229,-0.000229,2.033277,1.764914,1.506859,0.005570,0.000093
-9.832566,7.308181,0.000081,0.000410,-0.000905,0.000081,-0.000905,-0.000576,-0.000576,0.000081,0.001067,0.001396,0.000739,-0.000248,0.501459,1.233963,2.583898,2.556610,2.239785,1.482375,3.545522,3.615432,3.003318,1.578058,0.006214,-0.000551,-0.000229,0.000093,0.000415,2.178574,1.890236,1.551318,0.006858,-0.000229
-10.829041,10.172762,0.000410,-0.000576,-0.000248,0.000739,0.000739,0.000410,0.000739,0.000739,0.000410,0.001067,-0.001234,-0.000576,0.550117,1.312868,2.571076,2.524390,2.279090,1.558084,3.560986,3.616077,3.058408,1.562272,0.006214,0.144745,0.000737,0.001382,-0.000229,2.226899,1.923741,1.665042,0.007503,-0.000229
-10.694149,3.085491,-0.000576,0.001396,0.001067,0.226934,0.001396,0.001067,0.001396,0.001725,0.001725,0.269017,0.000739,0.000410,0.862451,1.507501,2.649652,2.579624,2.307440,1.630893,3.579672,3.662791,3.104800,1.584501,0.006214,0.732052,0.002992,0.001059,0.047451,2.307118,1.942427,1.805184,0.007825,-0.000229
-12.161551,-1.787330,0.000739,0.001725,0.002054,0.216413,0.001725,0.001067,0.000410,0.000739,0.000739,0.247647,0.000081,0.002711,0.905848,1.549912,2.614145,2.540171,2.300353,1.746228,3.597069,3.693719,3.108988,1.468844,0.005570,0.608663,0.002348,0.000737,0.156665,2.366719,1.923419,1.764269,0.007825,0.000093
-13.502574,-6.940252,0.000081,0.001067,0.001067,0.227592,0.001396,0.002054,0.002054,0.002382,0.002054,0.373566,0.001067,-0.001234,1.030782,1.568652,2.546418,2.493815,2.321293,1.756537,3.591592,3.729479,3.071295,1.066459,0.004925,-0.000229,-0.000229,0.000093,0.279410,2.399902,1.991718,1.794231,0.007825,0.000093
-11.973695,-11.812063,0.000081,0.001396,0.001725,0.183865,0.002054,0.001725,-0.000576,0.002711,0.001067,0.237455,0.000739,0.000410,1.049522,1.680106,2.532938,2.376115,2.350932,1.995584,3.599002,3.769750,3.079671,0.788431,0.003315,0.001704,-0.000874,-0.000874,0.305828,2.415688,1.922453,1.770068,0.007825,-0.000229
-3.853601,-3.382346,0.000081,0.000081,-0.000248,0.000081,-0.000576,-0.000905,0.000410,0.000410,0.001067,-0.000248,0.000410,0.000081,0.867711,1.482843,2.421485,2.226852,2.283278,2.043265,3.576450,3.752031,3.080959,1.006215,0.004603,0.000093,-0.000551,-0.000551,0.414075,2.396358,1.842556,1.639269,0.006858,-0.000551
0.903910,-1.009715,0.000410,0.001067,0.000739,-0.000905,0.000410,0.000081,0.000081,0.000081,-0.000248,0.000410,-0.000248,0.000739,0.668146,0.904862,2.048987,1.925369,1.868329,1.713045,3.426643,3.535857,2.871552,1.944038,0.007181,0.000415,-0.000551,-0.000551,0.251060,2.085146,1.403444,1.365429,0.006858,-0.000551
0.811422,-0.615397,0.000410,-0.000248,0.000081,-0.000576,0.001725,0.001396,0.000739,0.000081,0.000739,0.000081,-0.000248,-0.000248,0.085891,0.621132,0.948589,1.319443,0.965300,0.638624,3.068395,2.898614,2.462080,2.055507,0.008791,0.000415,0.000093,-0.000551,-0.001196,1.373805,0.881859,0.625738,0.002348,-0.000229
1.574992,-0.149179,0.000081,0.000081,-0.000248,0.000410,-0.000905,0.001396,0.000410,0.000410,0.000081,0.000410,0.000739,0.000410,0.088850,0.419595,0.660913,1.161304,0.724320,0.002992,2.897647,2.576448,2.167298,1.723677,0.007181,0.000093,0.000415,0.001059,-0.000874,0.664397,0.406021,0.177284,0.000737,0.001059
2.159912,-1.294787,0.000410,0.001067,-0.000576,-0.000248,-0.000248,-0.000248,0.000081,0.001067,-0.002220,0.000081,0.001067,0.000081,0.066164,0.406115,0.600748,1.094563,0.712722,0.003315,2.899258,2.447904,2.204347,1.747195,0.006858,-0.000874,-0.000551,-0.000229,0.001059,0.586111,0.494939,0.363173,0.000737,0.000415
5.963973,7.420321,0.000739,-0.000248,0.000410,0.001067,0.002382,0.001067,0.000410,-0.000248,-0.000248,-0.000905,-0.000576,-0.000576,0.001725,0.333456,0.516254,1.074508,0.762013,0.002992,2.924065,2.656667,2.269102,1.961112,0.008469,-0.000229,-0.000551,-0.000229,-0.000229,0.689848,0.545841,0.371871,0.001059,-0.000551
8.504151,9.811798,0.000410,0.000410,0.001725,0.000410,-0.000576,-0.000576,-0.000905,0.000410,0.000739,0.000410,0.000739,0.001067,0.000081,0.000081,0.081945,0.952205,0.754604,0.002992,2.989142,2.353510,2.400546,1.870906,0.008147,-0.000229,-0.001196,-0.000874,-0.000551,0.567103,0.434049,0.321614,0.001059,-0.000874
8.640775,8.921214,0.000410,-0.000248,-0.000248,-0.001563,-0.000248,0.001067,0.000739,0.000739,0.000410,0.000410,0.000410,-0.000576,-0.001563,-0.000905,-0.000248,0.479760,0.264590,0.000737,2.624773,0.298740,1.349965,1.010081,0.004281,-0.000874,0.788431,0.003315,0.000737,0.230763,0.020712,0.000415,-0.000229,-0.000229
8.942805,9.032458,0.000081,-0.000576,0.001067,0.000739,0.000739,0.000410,-0.000905,0.000410,-0.000576,-0.001234,-0.000905,0.000081,0.001396,0.001396,0.001396,0.769408,0.375415,0.001382,2.645070,0.011691,1.420197,1.023611,0.003637,-0.000874,0.832890,0.003315,0.001059,0.293263,0.021678,0.000093,-0.000551,-0.000874
9.335277,9.408756,0.000081,0.000739,0.000410,0.001067,0.000739,-0.001892,-0.001234,-0.000248,0.001067,0.001396,0.001067,0.000410,0.000081,0.000410,0.006657,0.877574,0.318070,0.001059,2.662144,0.011369,1.375416,1.032954,0.004281,-0.000874,0.868006,0.003315,-0.000551,0.332245,0.075802,0.142168,0.002026,-0.000229
9.601085,10.250943,0.000081,-0.001563,-0.001234,0.002711,0.000410,0.001067,0.001067,0.000081,0.000410,-0.000248,-0.000248,-0.000248,-0.000576,0.000410,0.019807,0.972918,0.364462,0.001059,2.679219,0.012013,1.340622,1.047130,0.004603,0.000093,0.861240,0.003959,-0.000229,0.345132,0.083534,0.292941,0.001704,-0.000229
10.000672,10.720347,0.000410,0.001067,0.001396,-0.000248,0.000410,-0.000576,-0.000905,-0.000576,0.000410,0.000739,0.001067,0.001067,0.033945,0.000081,0.046767,0.994288,0.475931,0.001704,2.675353,0.011369,1.301962,1.086756,0.003959,0.491395,0.924062,0.002992,0.000093,0.347387,0.081923,0.341588,0.002348,-0.000229
10.158898,10.777172,0.000081,-0.000248,-0.000905,-0.001892,-0.000248,0.001067,0.000739,0.000410,-0.000248,-0.000248,0.097726,-0.000248,0.040191,0.395594,0.282497,1.085687,0.506536,0.242361,2.663755,0.011691,1.292297,1.112851,0.005570,0.872516,0.958212,0.003315,-0.000874,0.358663,0.104797,0.423096,0.001704,-0.000229
10.328458,11.672412,0.000081,0.001396,0.000081,0.000410,0.389348,0.001067,0.001725,0.001067,0.001396,0.000739,0.288086,0.000081,0.157892,0.554391,0.415978,1.122509,0.698225,0.594165,2.676642,0.011691,1.320648,1.121550,0.004925,1.139591,0.962400,0.001059,-0.000874,0.362851,0.127670,0.464977,0.002026,0.000093
10.188076,12.128983,0.000410,0.003040,0.003369,0.163152,0.689516,0.000739,0.002382,0.002054,0.000081,0.001725,0.453458,0.001067,0.501788,0.722065,0.545514,1.132372,0.743006,0.835467,2.688240,0.012013,1.491073,1.133792,0.005248,1.503638,1.240429,0.005248,-0.000874,0.376060,0.168585,0.650866,0.002992,-0.000229
10.428077,12.793097,-0.000248,0.004355,0.289401,0.331155,1.223113,0.005013,0.006328,0.005341,0.005013,0.004684,0.555049,0.462993,0.659269,0.818395,0.646119,1.211606,0.797774,0.951769,2.720456,0.011691,1.575803,1.163109,0.004603,1.643135,1.285210,0.004925,-0.000229,0.389268,0.307116,0.807117,0.003637,-0.000551
10.539958,12.751570,0.000410,0.368635,0.539925,0.436362,1.389472,0.007314,0.006657,0.005341,0.005670,0.007972,0.655653,0.609296,0.940369,0.897958,0.729298,1.152756,0.854153,1.028122,2.770070,0.012013,1.622839,1.137014,0.004603,1.700481,1.359630,0.005892,-0.000874,0.435660,0.377348,0.859307,0.003959,0.000093
10.739635,13.322354,0.000410,0.442280,0.766120,0.773353,1.485473,0.072740,0.009615,0.008629,0.008958,0.007314,0.690174,0.726668,1.195825,1.006124,0.843053,1.263881,0.989784,1.116395,2.810340,0.330956,1.637336,1.150545,0.004925,1.921486,1.404089,0.004603,0.423740,0.623160,0.544874,0.969488,0.180828,0.000737
10.616382,13.157157,0.000081,0.600748,1.099166,1.055440,1.594296,0.242386,0.448527,0.011588,0.011259,0.010931,0.838779,0.850286,1.354622,1.073522,1.022234,1.298402,1.029733,1.404733,2.958537,0.537786,1.671164,1.151833,0.004925,2.185662,1.399900,0.005570,0.584823,0.800029,0.734307,1.112207,0.410209,0.001704
10.573981,13.833992,0.000410,1.123495,1.483829,1.329964,1.686024,0.406444,0.687544,0.016520,0.017177,0.016848,1.148482,0.951219,1.546296,1.195825,1.306621,1.378293,1.129282,1.544875,3.003640,0.783276,1.864785,1.201447,0.004925,2.353510,1.366073,0.005248,0.735274,0.897645,0.772967,1.271679,0.645067,0.002670
10.355337,13.522976,0.000410,1.268812,1.783011,1.590351,1.869149,0.568200,0.938726,0.019807,0.021123,0.200303,1.376978,1.056426,1.630790,1.360540,1.447664,1.439774,1.152478,1.656022,3.032957,0.860596,1.962401,1.230442,0.005570,2.561307,1.333534,0.005892,0.785531,1.009114,0.909565,1.388625,0.839011,0.151511
10.225924,14.189216,0.291373,1.489089,1.906958,1.739942,1.970082,0.657954,1.169195,0.023753,0.023095,0.564583,1.574241,1.208647,1.727778,1.540707,1.833313,1.436815,1.202091,1.799385,3.019426,1.102864,2.009759,1.265235,0.004925,2.650546,1.302607,0.006214,0.877026,1.302607,1.004604,1.548096,1.040042,0.462400
9.821914,13.717750,0.452472,1.721531,2.025644,1.954959,2.113755,0.937411,1.417417,0.026712,0.027040,0.669461,1.828710,1.373362,1.844163,1.670900,2.046686,1.520323,1.250416,1.868329,3.024580,1.490107,2.038754,1.312272,0.006214,2.721101,1.321614,0.005570,0.966588,1.404733,1.179217,1.662143,1.200480,0.861885
10.077120,13.745709,0.547816,1.928657,2.185427,2.203181,2.262689,1.236922,1.714627,0.084247,0.250934,0.782230,1.995069,1.625530,2.182140,1.772819,2.186742,1.646900,1.301962,1.938561,2.996874,1.800030,2.117363,1.413754,0.007181,2.763304,1.271034,0.249449,1.077091,1.500094,1.205635,1.773934,1.258792,1.112529
9.179419,13.395260,0.334114,2.028603,2.308716,2.266305,2.429376,1.447335,1.787614,0.389676,0.589570,0.837464,2.146961,1.801094,2.303456,1.946739,2.288990,1.770847,1.395068,2.018458,3.000418,1.962401,2.099966,1.561627,0.008147,2.813884,1.203058,0.392490,1.366717,1.608986,1.256215,1.874772,1.346421,1.178895
9.390788,14.350657,0.273948,2.105207,2.377758,2.448115,2.556610,1.717257,2.002302,0.729955,0.814779,0.980151,2.326799,1.936547,2.487568,2.138413,2.395841,1.802737,1.512980,2.081280,3.021681,2.109308,2.194038,1.639269,0.504603,2.852866,1.203058,0.490428,1.518135,1.682117,1.262980,1.952414,1.553251,1.518779
8.651291,14.133262,0.225619,2.167345,2.577651,2.548719,2.602967,1.832327,2.252497,0.888424,1.034398,1.228702,2.500390,2.149262,2.629268,2.282415,2.450417,1.892821,1.696615,2.134115,3.034890,2.342234,2.308407,1.741396,0.871872,2.882505,1.202091,0.572902,1.641524,1.799708,1.324192,2.213046,1.610597,1.694037
8.469646,15.071108,0.302223,2.202852,2.769325,2.695680,2.695680,1.989808,2.455677,1.018617,1.152099,1.452267,2.674310,2.317922,2.676283,2.375128,2.557596,2.005589,1.789076,2.267169,3.063240,2.471100,2.356731,1.785532,1.087722,2.903124,1.219166,0.633147,1.776189,1.952092,1.409565,2.324515,1.734630,1.840300
7.863918,15.199167,0.241071,2.351786,2.896230,2.826531,2.825873,2.083837,2.644721,1.082399,1.438787,1.707723,2.842970,2.515185,2.733160,2.459951,2.653597,2.113426,1.915365,2.357698,3.113820,2.543587,2.355765,1.814527,1.404411,2.952093,1.230764,0.704346,1.900545,2.058084,1.533921,2.386049,1.862208,2.060661
6.681151,16.103603,0.221345,2.442198,2.970533,3.029054,2.884723,2.252168,2.763736,1.329635,1.585748,2.037809,2.990259,2.641104,2.810092,2.575021,2.776229,2.238359,1.985919,2.401512,3.149581,2.598356,2.405378,1.885081,1.612207,2.941140,1.215944,0.782632,1.921164,2.101899,1.694037,2.389270,1.869617,2.219167
6.451922,16.060284,0.221345,2.517815,3.008341,3.100397,2.884723,2.378087,2.942916,1.507172,1.701147,2.265319,3.043849,2.753873,2.906094,2.634200,2.840011,2.361649,2.017169,2.478510,3.262017,2.790044,2.525546,2.036821,1.841589,2.925998,1.164398,0.875738,1.968522,2.207247,1.859630,2.464979,2.062272,2.341912
6.045608,16.992239,0.348251,2.590473,3.105000,3.204946,2.951793,2.563185,3.108616,1.563392,1.839560,2.491842,3.070479,2.916943,3.008341,2.753873,2.876504,2.412279,2.130249,2.596745,3.309697,3.053575,2.650546,2.225610,2.053896,2.882505,1.201769,1.063238,2.069360,2.335791,1.979154,2.530379,2.164399,2.603832
6.160116,16.914111,0.256524,2.705214,3.179960,3.245714,3.009328,2.644721,3.221714,1.935561,1.935890,2.740722,3.099740,2.963957,3.046150,2.816339,2.874860,2.512226,2.189850,2.688562,3.357055,3.141527,2.718845,2.317427,2.031344,2.906024,1.216266,1.281344,2.109953,2.403123,2.043265,2.632183,2.292943,2.772003
5.989099,16.342454,0.219372,2.865326,3.286482,3.306208,3.116836,2.784777,3.266427,2.320552,2.212058,2.863025,3.156617,3.055356,3.071465,2.853161,2.919902,2.522089,2.284889,2.819039,3.416656,3.292944,2.795521,2.463368,2.099321,2.927287,1.226898,1.514913,2.204347,2.507827,2.170520,2.724322,2.410855,2.880895
5.900224,17.553305,0.293346,2.997492,3.349934,3.359797,3.187521,2.921217,3.323304,2.575679,2.356060,2.905107,3.229275,3.202645,3.118151,2.938313,2.985327,2.592117,2.295842,2.875418,3.440174,3.486244,2.959503,2.538755,2.447582,2.966913,1.213689,1.592877,2.300353,2.605121,2.264270,2.802286,2.617041,3.068717
5.252285,16.555006,0.161180,3.104671,3.380181,3.406154,3.237823,2.986314,3.455141,2.678913,2.610528,2.967903,3.315413,3.301934,3.185549,3.027739,3.058643,2.629597,2.249773,2.995586,3.457249,3.627352,3.156991,2.710791,2.826127,2.894748,1.255570,1.782311,2.362208,2.758472,2.441139,2.910212,2.747840,3.143782
4.752619,16.708345,0.022438,3.160891,3.444292,3.485388,3.298975,3.059630,3.598156,2.987629,2.814366,3.036287,3.341058,3.360784,3.302920,3.094151,3.119795,2.748612,2.429541,3.016526,3.469491,3.683087,3.273614,2.801642,3.029735,2.887660,1.402156,1.897646,2.504928,2.829026,2.537466,3.010727,2.841590,3.300999
5.818784,16.149133,0.128631,3.421606,3.580403,3.583033,3.399907,3.209878,3.754651,3.200672,3.021163,3.163850,3.505114,3.426867,3.561334,3.247687,3.268070,2.930751,2.603832,3.110921,3.483022,3.765239,3.392494,3.091269,3.267493,2.929864,1.795519,2.118651,2.630572,2.956926,2.762982,3.134439,3.140560,3.452416
6.812295,17.904576,0.224633,3.642212,3.687911,3.742815,3.503142,3.333825,3.866762,3.285824,3.149055,3.293386,3.618540,3.591910,3.698760,3.364729,3.508073,3.176343,2.903124,3.296166,3.599968,3.827417,3.517172,3.303576,3.571296,3.001707,1.967234,2.399579,2.743008,3.173421,2.981732,3.303576,3.302287,3.667945
8.667993,14.659153,0.248962,3.727363,3.766816,3.863474,3.636294,3.475854,3.955530,3.402866,3.237823,3.277933,3.719144,3.696459,3.802981,3.480128,3.598156,3.278262,3.041977,3.444362,3.743010,3.879286,3.642494,3.423099,3.632185,2.843846,2.066460,2.571616,3.034890,3.321295,3.158924,3.448228,3.449839,3.775226
4.629228,6.285075,0.279209,3.832899,3.918379,3.942708,3.834871,3.612622,4.045613,3.506429,3.324619,3.337441,3.822378,3.776350,3.927585,3.612622,3.702048,3.346975,3.219813,3.485277,3.862856,3.946941,3.788757,3.558409,3.748809,2.416010,2.198226,2.833859,3.160534,3.469169,3.211114,3.723358,3.532636,3.916979
1.414214,-1.344153,0.271976,3.970325,4.070271,4.085066,3.974928,3.799364,4.168902,3.707308,3.540293,3.678376,3.940407,3.921338,4.065340,3.822378,3.847693,3.517607,3.476901,3.686309,3.954028,4.091915,3.928577,3.777804,3.802288,2.560340,2.621551,3.188241,3.420844,3.668912,3.359311,3.912469,3.707249,4.053900
1.870671,-1.709154,0.331812,4.013723,4.119916,4.160026,4.008462,3.849008,4.186985,3.820077,3.560019,3.764514,3.957503,3.902927,4.101504,3.851967,3.873009,3.539635,3.440496,3.802288,3.924067,4.151194,3.986245,3.848358,3.759118,3.050354,2.610276,3.206604,3.386695,3.757829,3.470136,3.867366,3.637984,3.947907
2.595786,-2.520295,0.307154,4.043641,4.137340,4.171533,4.027202,3.892735,4.196848,3.856241,3.596512,3.796405,3.977558,3.924626,4.116299,3.862159,3.891420,3.564622,3.361888,3.785536,3.904415,4.151194,3.962727,3.842237,3.622520,3.137016,2.525868,3.147326,3.310664,3.706605,3.416656,3.810987,3.566785,3.806799
3.009633,-4.696939,0.299264,4.057120,4.148519,4.181724,4.029175,3.914763,4.200793,3.873337,3.608677,3.813501,3.996298,3.942708,4.128792,3.872351,3.896023,3.565608,3.358666,3.758474,3.913436,4.146361,3.954995,3.842237,3.562919,3.099001,2.498484,3.133150,3.297777,3.690175,3.405702,3.793912,3.553899,3.802288
8.314182,-8.100520,0.309456,4.063038,4.147861,4.185012,4.024572,3.934489,4.206054,3.876625,3.607691,3.834871,4.012408,3.961119,4.131423,3.860844,3.896680,3.562649,3.394427,3.759440,3.929222,4.108668,3.955639,3.852546,3.570651,3.166656,2.520069,3.142815,3.434053,3.712082,3.425999,3.830961,3.596424,3.838371
10.037914,-9.070979,0.325894,4.085395,4.147861,4.197505,4.017339,3.951585,4.209012,3.885502,3.618869,3.877283,4.045942,4.004517,4.136354,3.874981,3.906872,3.559361,3.432442,3.796489,3.933088,4.087727,3.933410,3.855124,3.547455,3.158601,2.524902,3.155380,3.543911,3.720780,3.451772,3.860600,3.631541,3.922456
10.288693,-6.371363,0.346607,4.087038,4.153450,4.192903,4.006161,3.950599,4.228739,3.883529,3.608019,3.897667,4.061723,4.039367,4.135368,3.877283,3.912461,3.537005,3.414079,3.796489,3.947585,4.087405,3.937920,3.855124,3.707572,3.112210,2.489141,3.139594,3.553899,3.733345,3.445651,3.865111,3.637017,3.965626
10.846366,-6.743368,0.350224,4.085395,4.143258,4.198492,4.019312,3.946325,4.213615,3.866433,3.591581,3.890105,4.052846,4.039696,4.128792,3.877940,3.912132,3.514320,3.376385,3.766850,3.929866,4.055833,3.905704,3.821296,3.652481,2.951127,2.428252,3.115753,3.523937,3.689853,3.380896,3.842559,3.611566,3.925678
11.184564,-7.336261,0.374224,4.081121,4.130436,4.173834,4.016353,3.926598,4.218876,3.878927,3.563635,3.871694,4.044298,4.027202,4.118600,3.865776,3.896680,3.518265,3.332571,3.721747,3.912147,4.015240,3.864144,3.764595,3.617043,2.918266,2.242363,3.089658,3.495587,3.615754,3.312919,3.803577,3.569685,3.889595
11.513968,-7.448633,0.352196,4.073559,4.113998,4.170546,4.037394,3.929886,4.223478,3.882214,3.573499,3.846378,4.021613,4.003859,4.093614,3.851967,3.893064,3.473881,3.292300,3.691463,3.886051,4.012340,3.838049,3.732056,3.610922,2.917622,2.144747,3.058086,3.448873,3.573873,3.304542,3.792301,3.561953,3.887018
11.321020,-7.838361,0.367977,4.072901,4.113669,4.157067,4.054819,3.917393,4.211643,3.860515,3.550485,3.822707,3.996298,3.984462,4.081778,3.837173,3.880570,3.466319,3.268138,3.669234,3.863822,3.996554,3.822263,3.690819,3.565819,2.912789,2.060017,3.019104,3.401192,3.529092,3.270071,3.756863,3.529414,3.895716
11.679092,-7.500073,0.363375,4.047586,4.097230,4.127806,4.035421,3.893393,4.186656,3.823036,3.536019,3.777665,3.965722,3.960133,4.065668,3.804953,3.867748,3.460730,3.211759,3.654092,3.837082,3.981413,3.811309,3.641206,3.565174,2.979477,2.015558,2.982377,3.346424,3.480767,3.252352,3.687275,3.464981,3.867044
11.219354,-7.376657,0.363046,4.030490,4.082764,4.110052,4.011421,3.865447,4.165615,3.769446,3.513005,3.741829,3.942051,3.934160,4.048244,3.778652,3.871694,3.425880,3.166011,3.603512,3.820330,3.963049,3.811631,3.600613,3.566463,3.018459,2.031022,2.948872,3.327738,3.453383,3.250096,3.654092,3.416978,3.840304
11.613865,-7.797251,0.338388,3.998928,4.050216,4.079477,3.987421,3.823364,4.144245,3.742487,3.502813,3.704021,3.917393,3.913119,4.025558,3.764186,3.857556,3.372620,3.130573,3.575484,3.796489,3.935987,3.805510,3.531347,3.568396,2.927931,2.013947,2.868652,3.245908,3.380251,3.237210,3.628641,3.396037,3.809054
11.141633,-8.909504,0.365676,3.977558,4.033778,4.043641,3.984133,3.808570,4.159697,3.721445,3.463032,3.669828,3.891091,3.883529,3.998928,3.730322,3.850981,3.349606,3.098356,3.512984,3.733345,3.920845,3.743010,3.486566,3.538757,2.950805,1.937272,2.818395,3.176320,3.351256,3.221424,3.516205,3.377352,3.805832
11.156378,-8.790467,0.358443,3.971311,4.031805,4.051531,4.006818,3.847036,4.154437,3.737555,3.470593,3.668185,3.882543,3.884516,3.993010,3.741500,3.856241,3.420291,3.014271,3.453383,3.718203,3.908925,3.732701,3.465303,3.504929,3.031024,1.978187,2.775869,3.153447,3.347390,3.198550,3.497197,3.376707,3.829672
11.191500,-9.043926,0.365347,3.966051,4.033449,4.039367,3.991366,3.840132,4.148190,3.728350,3.449223,3.650760,3.870050,3.873009,3.981832,3.726048,3.846050,3.442648,2.993653,3.439530,3.725613,3.906026,3.687275,3.443718,3.466592,3.004284,2.008793,2.733665,3.094168,3.324194,3.196617,3.454672,3.376385,3.815497
12.310510,-9.123181,0.397896,3.933174,4.000243,4.005503,3.984462,3.814488,4.135368,3.702048,3.386099,3.637609,3.849995,3.845721,3.956845,3.672787,3.818433,3.403524,2.986887,3.405380,3.707572,3.872198,3.664724,3.420200,3.435986,3.072261,1.983664,2.688562,3.021359,3.285212,3.154091,3.421489,3.346102,3.784891
12.067244,-9.433769,0.381457,3.899639,3.952571,3.976572,3.956845,3.801994,4.111696,3.680349,3.353222,3.597499,3.817775,3.797391,3.924297,3.633992,3.797720,3.368345,2.935341,3.342236,3.694685,3.851580,3.658925,3.345457,3.396682,3.095135,2.005571,2.624451,2.958537,3.247519,3.133150,3.374774,3.284568,3.705316
12.759862,-9.004759,0.324908,3.857228,3.922324,3.919365,3.934489,3.767473,4.081449,3.596184,3.330208,3.525169,3.781939,3.756624,3.877612,3.578430,3.756624,3.296016,2.877029,3.296166,3.670523,3.808732,3.614788,3.273937,3.380573,3.103511,1.925996,2.556474,2.868008,3.166011,3.081926,3.301643,3.204993,3.643461
12.410803,-9.268706,0.291702,3.807255,3.865776,3.868406,3.871365,3.726377,4.060408,3.551471,3.307523,3.444292,3.743144,3.711911,3.827638,3.538649,3.713226,3.274975,2.840302,3.252996,3.653126,3.786180,3.581927,3.220457,3.380896,3.133150,1.928574,2.484631,2.752995,3.118653,3.042622,3.273614,3.124774,3.601257
13.144124,-9.611559,0.266387,3.772405,3.794761,3.819748,3.835200,3.680349,4.025230,3.477169,3.279577,3.376236,3.699089,3.647801,3.771419,3.496566,3.666212,3.214809,2.782312,3.201772,3.619943,3.768461,3.525226,3.162145,3.368976,3.252029,1.935339,2.373484,2.705637,3.084181,2.990753,3.239465,3.073872,3.543911
12.447417,-10.262697,0.230551,3.723747,3.712897,3.756953,3.777336,3.596512,3.978544,3.467963,3.257221,3.302920,3.626431,3.596184,3.692842,3.427524,3.592238,3.253933,2.743652,3.158279,3.599002,3.691141,3.502996,3.115109,3.313885,3.307442,1.953380,2.329992,2.657634,3.023292,2.906346,3.185663,3.045843,3.477868
12.416193,-10.555261,0.158221,3.669171,3.664568,3.712240,3.708295,3.513005,3.954873,3.396620,3.267742,3.257550,3.555745,3.526813,3.620513,3.366044,3.516950,3.258865,2.711436,3.099323,3.581605,3.658602,3.467558,3.062918,3.269104,3.345780,1.937272,2.273935,2.600933,2.958859,2.867686,3.143137,3.001385,3.375097
13.661014,-10.867000,0.109234,3.609992,3.633335,3.719144,3.675089,3.427524,3.924297,3.333167,3.243413,3.223029,3.530101,3.476182,3.568896,3.333167,3.461059,3.213494,2.687273,3.072583,3.544878,3.626386,3.451450,3.033923,3.251063,3.417945,1.964012,2.213368,2.570327,2.966913,2.845134,3.133795,2.970457,3.370909
12.830174,-8.792599,0.093452,3.534046,3.596184,3.668513,3.628403,3.338756,3.869721,3.318044,3.198042,3.187193,3.490977,3.429168,3.526813,3.284838,3.370976,3.144453,2.645392,3.064851,3.523937,3.556798,3.448873,2.987854,3.205960,3.440496,1.996228,2.132827,2.522969,2.930508,2.780057,3.095779,2.918588,3.323872
12.740773,-7.575298,0.068795,3.439360,3.518265,3.601444,3.563307,3.276290,3.800350,3.247687,3.113219,3.117822,3.435415,3.368674,3.418647,3.213823,3.267742,3.055356,2.574193,3.025225,3.515561,3.430831,3.390238,2.892170,3.109632,3.294555,1.939205,2.031344,2.463046,2.885727,2.691461,2.997519,2.784889,3.279091
7.047079,-2.817495,-0.016029,3.276290,3.416346,3.537662,3.414702,3.104671,3.625773,3.081328,2.984670,2.977766,3.321660,3.309167,3.222700,3.119795,3.204289,2.889655,2.535533,2.925676,3.497520,3.276192,3.324194,2.769748,2.976900,3.087403,2.002350,1.863818,2.416654,2.821616,2.593845,2.872841,2.642492,3.151514
0.836700,0.725022,-0.031481,3.189165,3.389716,3.508402,3.320016,2.982368,3.552457,2.949820,2.909381,2.952121,3.232563,3.247358,3.117822,3.053712,3.168453,2.824887,2.507827,2.780701,3.483666,3.264272,3.287145,2.693072,2.923743,3.015560,1.983664,1.752994,2.306151,2.753317,2.523291,2.797132,2.560984,3.119942
-0.394898,0.154808,-0.050221,3.124069,3.367359,3.477169,3.256563,2.936998,3.457114,2.862038,2.897874,2.922861,3.171412,3.120781,3.125384,3.052068,3.208892,2.876175,2.489464,2.681796,3.472069,3.382184,3.198550,2.522002,2.692750,3.100612,1.877349,1.452091,2.183729,2.672454,2.348033,2.626062,2.415043,2.959825
-1.792032,0.338501,0.084247,3.435086,3.555745,3.609992,3.515635,3.253276,3.724404,3.237823,3.146096,3.157603,3.411086,3.281879,3.462703,3.286153,3.593225,3.243084,2.581603,2.837402,3.518783,3.652159,3.281024,2.736242,2.819361,3.239143,1.943393,1.473032,2.188561,2.671487,2.490430,2.810018,2.493974,2.923098
-1.917636,-2.502086,0.217728,3.613937,3.659965,3.780953,3.670486,3.398264,3.823364,3.327907,3.209220,3.249002,3.516621,3.380181,3.588951,3.381168,3.728350,3.352893,2.783279,3.039722,3.583538,3.811953,3.511051,3.048099,3.106088,3.411501,2.097066,1.874772,2.357054,2.788111,2.681796,2.966591,2.708214,3.081926
-4.244739,-12.956328,0.215756,3.649116,3.704349,3.870379,3.833885,3.624458,3.922324,3.445278,3.261824,3.300290,3.589608,3.425223,3.650102,3.404839,3.815474,3.361770,2.890882,3.366076,3.689853,3.926644,3.718203,3.277158,3.418267,3.540368,2.232698,2.242685,2.646358,3.097068,2.996230,3.179542,2.954348,3.245586
-6.331653,-15.993482,0.357785,3.836844,3.918050,4.038709,3.973284,3.750048,4.047586,3.651088,3.373277,3.480128,3.731637,3.595526,3.812515,3.647472,3.928242,3.649773,3.090302,3.559375,3.845459,4.020717,3.834183,3.492365,3.406669,3.573229,2.605121,2.413110,2.858343,3.420522,3.249130,3.488499,3.228189,3.462081
-6.583847,-16.392115,0.251921,4.041011,4.106765,4.206054,4.150491,3.974928,4.168574,3.904242,3.671472,3.681007,3.938763,3.880242,4.025887,3.917064,4.105121,3.937119,3.290367,3.592558,4.041658,4.050356,4.043591,3.578705,3.130895,3.445973,2.839335,2.565817,3.046488,3.775226,3.548422,3.873809,3.440496,3.889917
-6.864159,-16.685480,0.279538,4.012408,4.077504,4.183040,4.158711,3.937119,4.134381,3.901283,3.629390,3.635965,3.915091,3.843419,4.002216,3.883529,4.098545,3.915091,3.233344,3.565819,4.043913,4.044879,4.040691,3.562597,3.029413,3.415045,2.831603,2.357376,3.012338,3.775549,3.494620,3.857379,3.367043,3.899260
-7.267020,-17.431026,0.283483,3.993996,4.058435,4.153121,4.143916,3.894050,4.097888,3.843748,3.580074,3.566923,3.857556,3.784241,3.970654,3.860844,4.067641,3.905557,3.200805,3.546167,4.016529,4.031993,4.024583,3.518138,2.943073,3.376063,2.835791,2.234309,2.940495,3.763306,3.430187,3.812598,3.306475,3.855124
-7.378965,-17.460391,0.266387,3.934818,4.013394,4.105450,4.098217,3.826652,4.057120,3.782597,3.541937,3.516292,3.806597,3.689226,3.896351,3.835858,4.026216,3.907858,3.157635,3.509440,4.005575,4.016851,4.002675,3.475612,2.866719,3.375741,2.725611,2.090301,2.892815,3.720780,3.377996,3.782636,3.221424,3.845136
-7.668927,-18.552087,0.262113,3.884516,3.980846,4.061066,4.057449,3.745774,3.997284,3.709610,3.496237,3.471251,3.747747,3.607033,3.826981,3.797720,3.997942,3.889776,3.087081,3.471746,3.975614,3.981090,3.958217,3.455960,2.702415,3.348035,2.573549,1.858986,2.787467,3.687920,3.326772,3.685342,3.221101,3.800033
-7.422916,-18.965731,0.215427,3.829611,3.927256,4.014051,4.017339,3.689883,3.946325,3.602759,3.422264,3.433771,3.681335,3.540621,3.790158,3.757281,3.979530,3.865447,3.015560,3.422777,3.952418,3.958861,3.925356,3.423744,2.595134,3.277158,2.539077,1.657633,2.687918,3.657636,3.305831,3.614788,3.237854,3.768139
-7.525605,-19.389683,0.202276,3.764514,3.850652,3.967695,3.943366,3.620842,3.886488,3.528128,3.355195,3.382483,3.614924,3.466977,3.721445,3.685938,3.940407,3.816460,2.959181,3.353834,3.934054,3.923423,3.892173,3.410857,2.518781,3.241076,2.375095,1.380571,2.608020,3.581927,3.265883,3.534891,3.152480,3.721103
-7.744597,-19.843625,0.127645,3.729336,3.750048,3.903256,3.894050,3.510046,3.770103,3.442976,3.289440,3.298646,3.522868,3.379852,3.627088,3.611636,3.897338,3.768788,2.904091,3.259117,3.887662,3.892817,3.859634,3.285535,2.308084,3.159246,2.333536,1.168264,2.555508,3.494620,3.214658,3.478190,3.082892,3.634762
-7.737266,-20.130507,0.116138,3.662924,3.633335,3.840460,3.811200,3.420291,3.659308,3.367359,3.232892,3.220070,3.452840,3.280564,3.523525,3.547854,3.865776,3.718486,2.789722,3.072905,3.862533,3.850935,3.820652,3.237210,1.974321,3.069039,2.202414,0.757503,2.492041,3.428254,3.170844,3.387661,2.989142,3.554221
-7.638929,-20.845060,0.078000,3.550813,3.563964,3.739199,3.743802,3.286153,3.557060,3.197385,3.161549,3.137877,3.369989,3.154973,3.434428,3.473552,3.825666,3.687253,2.735276,2.950805,3.831605,3.791657,3.739144,3.180509,1.566138,2.994297,2.093200,0.497516,2.349644,3.362532,3.091913,3.279091,2.893781,3.466270
-7.358977,-21.202776,-0.043646,3.416346,3.468621,3.637280,3.590595,3.170097,3.475854,3.093164,3.109932,3.090205,3.214152,3.048451,3.296673,3.380181,3.787857,3.643198,2.680186,2.784245,3.782314,3.736244,3.688886,3.078060,1.348676,2.882828,2.005249,0.292941,2.225932,3.276192,3.012016,3.175998,2.802286,3.334826
-7.303086,-21.854025,-0.179100,3.254591,3.349606,3.555416,3.484402,2.961656,3.239796,2.974478,3.017218,2.975464,3.075411,2.908395,3.096123,3.286153,3.732952,3.591581,2.633794,2.589335,3.733023,3.683409,3.628963,2.946939,1.065493,2.728188,1.994295,0.009436,2.144747,3.178576,2.875740,3.041655,2.601255,3.281991
-7.502225,-22.405566,-0.266882,3.079027,3.275632,3.501498,3.391031,2.840997,3.057986,2.756503,2.896559,2.902148,2.958368,2.721982,3.002752,3.223686,3.663253,3.534375,2.521358,2.460147,3.670200,3.638306,3.570973,2.840946,0.610918,2.576126,1.935017,0.009758,2.039399,3.136372,2.747196,2.964013,2.375739,3.118975
-6.946458,-22.797184,-0.342500,2.949820,3.201330,3.411086,3.249988,2.675296,2.909381,2.538199,2.774914,2.808120,2.838038,2.354087,2.911683,3.168124,3.617225,3.516621,2.473355,2.309373,3.627675,3.588692,3.488821,2.708858,0.216588,2.479799,1.911499,0.008147,1.859308,3.068717,2.647969,2.828382,2.232698,2.985598
-6.915207,-23.879838,-0.534503,2.756174,3.072452,3.274317,3.065547,2.468170,2.743352,2.136112,2.595405,2.727571,2.603624,2.171619,2.770969,3.095794,3.568896,3.438045,2.456925,2.092556,3.589337,3.556798,3.415045,2.603510,0.011691,2.374451,1.832568,0.008147,1.691138,2.988176,2.549064,2.781990,2.011692,2.806797
-6.455566,-24.040620,-0.574285,2.542473,2.943245,3.150370,2.864997,2.116714,2.432334,1.797148,2.374142,2.559569,2.244277,1.918794,2.640775,3.015246,3.492292,3.387085,2.392814,1.929862,3.571940,3.505252,3.294877,2.527157,0.010724,2.280378,1.769102,0.007825,1.479153,2.879928,2.444683,2.669876,1.727220,2.654090
-6.118370,-24.111784,-0.478612,2.458636,2.798914,3.013602,2.762421,1.762299,2.149262,1.048864,2.116714,2.463239,1.997041,1.563721,2.477705,2.881107,3.422264,3.315742,2.320005,1.694037,3.541012,3.505252,3.203705,2.362530,0.010080,2.221100,1.638303,0.006214,1.190493,2.813240,2.315172,2.558729,1.528122,2.394747
-5.780688,-24.739069,-0.367158,2.375786,2.614145,2.811408,2.601980,1.556159,1.828053,0.958781,1.895122,2.315621,1.602844,1.310566,2.288990,2.759133,3.310153,3.288783,2.220133,1.647001,3.520393,3.488499,3.123163,2.078703,0.009758,2.067105,1.505248,0.006214,1.045841,2.761049,2.179863,2.384760,1.262980,2.233986
-5.431792,-24.965111,-0.594669,2.221263,2.349484,2.591131,2.462581,1.108043,1.487117,0.840752,1.722517,2.123947,1.094563,0.959438,2.090084,2.617433,3.198042,3.276290,2.112852,1.678251,3.483666,3.484955,3.036501,1.869295,0.007503,1.953058,1.252027,0.006536,0.928573,2.698871,2.070971,2.179218,0.976253,2.126061
-5.676677,-25.017985,-0.670287,2.043727,2.232442,2.390252,2.253812,0.728640,1.074180,0.667489,1.570296,1.837916,0.846669,0.767435,1.942137,2.511240,3.121110,3.241769,1.810983,1.668586,3.431476,3.490110,2.966269,1.661499,0.006536,1.763947,1.118006,0.004281,0.770068,2.637338,1.864463,1.954991,0.705312,1.883793
-5.175872,-26.608993,-0.661081,1.953315,2.132495,2.065755,2.063782,0.626063,0.903218,0.451157,1.287224,1.658078,0.699380,0.712202,1.790573,2.391238,3.052725,3.201001,1.769424,1.615429,3.396682,3.489465,2.912789,1.482697,0.006214,1.593844,1.009114,0.003959,0.700158,2.521358,1.774256,1.907311,0.559372,1.711756
-5.553448,-27.478001,-0.751494,1.722517,1.942794,1.808984,1.962192,0.534336,0.699380,0.126658,1.096865,1.407225,0.525788,0.648749,1.657092,2.211400,2.982697,3.160562,1.629926,1.545197,3.334182,3.467236,2.851900,1.366073,0.005892,1.353187,0.874771,0.003315,0.499771,2.454348,1.703702,1.821293,0.429217,1.536499
-4.760835,-28.231351,-0.737356,1.455555,1.685037,1.609420,1.779066,0.252907,0.426499,0.021780,0.806231,1.213908,0.342991,0.548473,1.567666,2.073645,2.905107,3.081657,1.498805,1.536499,3.312597,3.488821,2.820972,1.207890,0.004603,1.115106,0.659243,0.003315,0.464655,2.435662,1.608341,1.685661,0.192748,1.166975
-4.962416,-27.342588,-0.553243,1.228702,1.383225,1.379609,1.486131,0.074055,0.018164,0.016520,0.602721,1.017960,0.002054,0.323264,1.392102,1.937205,2.805161,2.936669,1.354153,1.473676,3.283924,3.460471,2.729477,1.169552,0.004281,0.885080,0.300995,0.000415,0.321614,2.362853,1.447581,1.581602,0.047129,0.761369
-3.618320,-29.043153,-0.405624,0.671763,1.049522,0.968644,1.139934,0.011917,0.011259,0.011259,0.418608,0.905191,0.000739,0.184522,1.232976,1.829368,2.733489,2.770311,1.314849,1.450480,3.239143,3.452416,2.689851,0.968843,0.004281,0.627671,0.161820,0.000737,0.250093,2.286177,1.131859,1.425029,0.004603,0.406021
-6.098670,-28.531976,-0.052523,0.556035,0.774340,0.746065,0.858505,0.007643,0.009615,0.009287,0.064192,0.778285,0.000410,-0.000576,1.029467,1.707723,2.614802,2.549048,1.152800,1.363174,3.233344,3.434053,2.559696,0.763624,0.001704,0.520067,0.066781,-0.000229,0.143134,2.159244,1.100609,1.253637,0.004603,0.144745
-4.560580,-27.571949,0.000410,0.317018,0.532035,0.447540,0.601406,0.005999,0.005670,0.006328,0.006328,0.553405,0.000081,0.000081,0.867711,1.433527,2.551678,2.449431,1.111240,1.347065,3.245264,3.440174,2.517492,0.790042,0.003637,0.409565,0.001704,0.000093,0.108340,2.055185,1.084823,1.081923,0.004925,0.000093
-5.152977,-26.501620,0.000081,0.051041,0.114823,0.295647,0.002054,0.002711,0.001725,0.001396,0.002054,0.149673,0.000081,0.000081,0.666831,1.244483,2.456992,2.378416,1.000738,1.318715,3.339336,3.422133,2.418909,0.774578,0.002670,0.647323,0.002026,-0.000229,0.132825,2.035855,1.074514,0.973998,0.002992,-0.000229
-6.026774,-24.991300,0.000081,0.000739,0.000739,0.175646,0.000081,-0.000248,0.000081,-0.000248,0.000739,0.001067,0.000739,0.000081,0.513952,1.036700,2.404060,2.293922,1.080957,1.560017,3.357378,3.464337,2.439850,0.797129,0.002992,0.374449,0.001704,0.000737,0.327090,2.023612,1.057761,0.911498,0.003959,0.000737
-5.976981,-27.400593,0.000739,-0.000248,0.000081,0.000410,0.000410,0.001725,-0.000248,0.001067,0.000739,-0.000576,-0.000248,-0.001892,0.221674,0.791765,2.268935,2.209428,1.152155,1.638625,3.351579,3.478834,2.489786,1.213045,0.004925,0.285531,0.002348,-0.000874,0.485274,2.048419,1.024900,0.845132,0.003637,-0.000551
-6.386820,-18.512402,0.000081,-0.001234,0.000410,-0.001234,-0.000248,-0.000576,0.000081,0.000410,0.001067,0.001067,-0.000576,0.000081,0.087535,0.692475,2.237702,2.156495,1.269746,1.739140,3.370586,3.505896,2.549709,1.527478,0.005892,0.000093,0.001059,0.001059,0.509114,2.132827,0.998483,0.703057,0.002670,0.000415
-1.311426,-5.437989,0.000410,0.000081,0.000410,0.001396,0.000410,0.001067,0.000081,-0.000248,-0.000576,-0.000248,0.000410,0.000739,0.000739,0.574117,1.915835,1.963178,1.294875,1.641524,3.359955,3.515239,2.658278,1.938883,0.007181,-0.000874,-0.000551,0.000093,0.547129,2.263303,0.861885,0.569681,0.001382,-0.000551
0.422363,-0.921121,-0.000248,-0.000248,0.000081,-0.000248,0.000081,0.000081,0.000410,0.000739,0.000739,0.000410,0.000739,0.000739,-0.000248,0.518555,1.444377,1.761970,0.932761,1.126382,3.082570,3.295200,2.421487,1.811950,0.007181,-0.000229,-0.000229,0.000093,0.236240,1.936306,0.022644,0.000093,-0.000551,0.000093
-0.023130,-0.821156,0.000410,0.000081,0.001396,0.000739,0.000410,0.000739,0.000081,-0.000576,-0.000905,0.000081,0.000081,0.000410,0.000739,0.000739,0.761189,1.371389,0.000415,-0.000551,2.616397,2.571938,1.757182,1.438882,0.005892,-0.000229,-0.001196,-0.000874,0.000093,0.923096,0.021356,0.000415,0.000093,-0.000551
-0.208682,-0.389253,0.000410,-0.000905,-0.000248,-0.000248,0.000410,0.001067,0.001396,-0.000248,-0.000248,0.000081,0.000410,0.000739,-0.000248,-0.000248,0.729627,1.335553,0.000415,0.000093,2.599966,2.376706,1.638947,1.337723,0.004925,-0.000229,-0.000874,-0.000551,-0.002484,0.996227,0.143779,-0.000229,-0.000551,0.000093
-1.156608,3.999568,0.000410,0.000410,0.000410,-0.000576,0.000410,-0.001563,0.000081,-0.000248,0.000410,0.001067,0.000081,0.000410,0.000739,0.000739,0.806231,1.358567,-0.000551,-0.000551,2.623484,2.385726,1.600609,1.281344,0.005570,-0.000551,-0.005706,-0.000229,-0.000874,1.110274,0.288109,0.001059,-0.000229,-0.000551
-2.527340,0.444131,0.000081,0.000410,0.000410,-0.000576,0.000081,-0.000248,-0.000576,0.000081,0.000081,0.000081,-0.000905,-0.000905,0.000410,0.001067,0.764476,1.307608,0.000093,-0.000229,2.608020,2.404734,1.654411,1.314205,0.005892,0.000093,0.000737,0.000415,-0.001518,1.145068,0.300995,0.001059,0.000093,-0.000229
-6.248940,8.201312,0.000081,-0.000248,-0.000576,-0.000576,-0.000248,-0.000905,0.001396,0.000410,0.000739,0.000739,0.000739,-0.000248,-0.000248,-0.000905,0.896643,1.314183,-0.000229,-0.000229,2.664077,2.515559,1.608341,1.304217,0.004603,-0.000551,-0.000874,-0.000551,-0.000551,1.032954,0.403121,0.001059,-0.000551,0.000093
-5.294812,8.225189,0.000081,0.000739,0.000739,-0.000248,0.000410,0.000410,0.000410,-0.000576,-0.000248,-0.000248,-0.000248,-0.000248,0.001396,0.498829,1.584433,1.655119,0.320325,0.001382,2.891848,2.990109,1.979798,1.478509,0.006536,-0.000551,-0.000551,0.000415,-0.000551,1.253315,0.502670,0.002026,-0.000229,-0.001196
-5.416162,9.738599,0.000739,-0.000248,-0.001234,-0.000905,-0.000576,0.000081,0.001067,0.001067,0.000410,0.000739,0.000081,0.000081,-0.000576,0.525788,1.770518,1.817532,0.387658,0.185660,2.948549,3.066140,2.028767,1.392168,0.005892,-0.000551,0.001059,-0.000874,-0.000551,1.380571,0.588044,0.003315,-0.000229,0.000093
-4.777461,8.804254,0.000081,0.000410,0.001396,0.001067,-0.000576,-0.000576,-0.000248,-0.000576,-0.000576,-0.000905,0.000081,0.000410,0.000410,0.584638,1.858957,1.821477,0.454668,0.218199,2.947905,3.076771,2.042620,1.361885,0.005570,-0.000551,0.016201,-0.000229,-0.000229,1.374127,0.608341,0.002348,-0.000874,-0.000229
-5.707886,10.627055,0.000081,-0.000576,-0.000248,-0.000576,0.000081,0.000081,0.001725,-0.000905,0.000410,0.000081,0.000410,0.001067,0.000410,0.562939,1.888876,1.856327,0.499771,0.186627,2.939207,3.060985,1.991074,1.237851,0.005248,-0.000229,0.010080,-0.000551,-0.000229,1.235918,0.633147,0.003637,-0.000551,-0.000874
-5.554129,11.042999,0.000081,-0.000248,0.000081,-0.001563,0.000739,0.000739,0.000410,0.000410,-0.000248,-0.000905,0.000081,0.000081,0.000739,0.555706,1.930630,1.868163,0.687271,0.228186,2.970779,3.068717,2.016525,1.167942,0.004603,0.000093,0.020712,0.000737,-0.000874,1.309694,0.678573,0.001704,0.000737,-0.000551
-6.083642,12.581592,0.000081,0.000739,0.000739,-0.000576,0.000081,-0.000905,-0.000905,0.000081,0.000739,0.001396,-0.000248,0.000081,0.000081,0.571816,1.941479,1.913205,0.523611,0.304539,2.981732,3.051320,1.978187,1.050673,0.003637,-0.000551,0.032954,0.000415,-0.002162,1.316460,0.646034,0.001382,0.000093,0.000093
-6.219950,13.491727,-0.000576,-0.000576,0.000081,0.000410,0.001725,0.001067,0.000081,-0.000576,0.000081,-0.000248,-0.000248,0.000739,0.000739,0.586611,2.006247,1.936547,0.699836,0.432438,3.022003,3.080637,2.101576,0.955312,0.004281,-0.000229,-0.000874,-0.000229,-0.000229,1.356086,0.693070,0.003315,-0.000229,-0.000551
-6.487985,13.131481,-0.000248,0.000410,0.000410,0.000081,-0.000248,-0.000248,-0.001234,0.000410,0.000081,0.000410,0.000410,0.000410,0.000410,0.601077,2.103892,1.931616,0.740428,0.470776,3.059374,3.086114,2.117685,0.948869,0.003637,0.000093,0.000093,-0.003773,-0.001196,1.436627,0.776833,0.003315,0.000093,0.000737
-6.510896,14.378781,0.000081,0.000081,0.000410,0.000410,0.000410,0.000739,0.000410,0.000081,0.001396,-0.001234,-0.000248,0.000081,0.016520,0.618173,2.169646,1.912218,0.866717,0.521034,3.139271,3.101578,2.147324,0.953702,0.003637,0.000415,-0.000229,0.000415,-0.000874,1.475609,0.874449,0.003637,0.000415,-0.001196
-6.148265,15.294816,0.000081,0.000410,0.000081,0.000081,-0.000248,-0.000576,0.000081,-0.000576,0.001725,0.000410,0.000739,0.000410,0.073726,0.639872,2.193647,1.972712,0.980119,0.614462,3.193395,3.113176,2.162466,0.915686,0.003959,-0.001196,-0.000551,0.000093,-0.000551,1.477220,0.853508,0.195003,0.000415,-0.000551
-6.518078,15.182743,0.000410,-0.000248,0.000410,0.000410,0.000081,0.000739,0.000081,0.000081,-0.000905,-0.000905,-0.000905,-0.000576,0.083589,0.648091,2.221921,1.994082,1.061305,0.545518,3.234632,3.106733,2.139914,0.831923,0.003959,0.000093,0.000737,0.000737,-0.000229,1.467233,0.901833,0.380248,0.002992,-0.000229
-6.262394,16.630970,-0.000248,-0.000248,-0.000248,-0.000905,-0.002549,0.001396,0.000739,0.001725,0.000410,0.000081,0.000081,-0.000576,0.055644,0.648749,2.191674,2.012494,1.080313,0.626704,3.262339,3.118009,2.264270,0.908276,0.003637,-0.000229,0.000415,0.000737,-0.000229,1.505248,0.973676,0.459178,0.001704,0.000093
-6.153187,16.658512,0.000081,-0.000576,0.000739,-0.000248,-0.001234,-0.000576,0.000410,-0.001234,0.000739,0.000739,0.000739,0.000410,0.072082,0.662886,2.162742,1.964493,1.063560,0.670518,3.243331,3.100289,2.178896,0.828702,0.003315,0.000737,0.000093,-0.000874,-0.000551,1.457890,0.926318,0.390557,0.001704,-0.000874
-6.207134,18.786984,-0.000576,0.001067,0.000739,0.000739,-0.000576,-0.001234,-0.001234,-0.000248,-0.000248,0.000410,0.001067,0.000410,0.076356,0.679325,2.171948,1.984877,1.062593,0.680506,3.258795,3.097712,2.206602,0.845776,0.003637,-0.000229,-0.000874,0.000415,0.000415,1.489785,0.886691,0.454668,0.001704,-0.000229
-5.900105,19.037101,0.000081,0.000410,0.000739,0.000739,0.000739,-0.000905,0.000081,0.000081,-0.000576,-0.000248,0.000081,0.001067,0.178605,0.687544,2.183455,1.971726,1.076124,0.688560,3.287468,3.100289,2.188561,0.834823,0.003637,0.000093,-0.000874,-0.000874,-0.000229,1.518135,0.918908,0.593521,0.002992,-0.000229
-6.058376,19.305950,0.000081,-0.000248,0.000081,-0.000248,0.000410,0.000410,0.000739,0.001067,0.000739,-0.000248,0.000081,-0.000905,0.219044,0.702667,2.198907,1.987507,1.131537,0.705957,3.307764,3.103189,2.236242,0.971421,0.003315,-0.000229,0.000093,-0.000229,0.000737,1.527156,0.958534,0.663109,0.002670,0.000093
-5.712307,19.546936,0.000081,0.000410,-0.000248,0.000739,0.000410,0.000410,-0.000905,-0.000248,0.000739,0.000739,0.001396,0.002054,0.330169,0.744093,2.196934,1.974356,1.124449,0.707245,3.312919,3.096101,2.338046,1.013302,0.003959,0.058727,-0.000229,-0.000551,-0.000874,1.533921,0.956601,0.729797,0.003315,-0.000229
-5.740570,18.573292,0.000081,0.000081,0.000410,0.001396,0.002054,0.001396,0.000410,0.000081,-0.000576,-0.000905,-0.000248,0.000081,0.363046,0.749024,2.221263,1.980274,1.139913,0.725287,3.320651,3.094490,2.341590,1.040686,0.002992,0.120905,0.198869,0.001382,-0.000551,1.683406,0.973354,0.745905,0.003315,0.000415
-5.909834,16.745372,0.000410,0.000081,-0.000576,-0.000248,-0.000248,0.000739,0.000410,0.000739,0.000739,0.001067,0.000081,-0.000576,0.442280,0.770066,2.210085,1.996055,1.156988,0.752026,3.315818,3.087725,2.380572,1.055184,0.004603,0.495583,0.213366,0.000415,0.000093,1.738496,0.931150,0.784887,0.002992,-0.000874
-7.187476,15.863203,0.000410,0.000081,0.000410,-0.000248,-0.000576,-0.000248,0.000410,0.000410,0.000739,-0.000248,0.000081,0.001396,0.545843,0.855218,2.280113,2.030247,1.142168,0.824191,3.318718,3.089658,2.380572,1.135081,0.003637,0.565815,0.217877,0.002026,-0.000229,1.788432,0.877671,0.799062,0.002992,-0.000551
-6.207768,13.002422,0.000410,0.001396,0.000739,0.000410,-0.000576,-0.000248,0.000081,0.000081,-0.000248,0.001396,0.000410,0.000410,0.664201,0.918671,2.351457,2.138413,1.178573,0.907632,3.320006,3.111565,2.427608,1.156666,0.005248,0.651189,0.241717,0.000415,-0.000229,1.804218,0.975287,0.847709,0.003637,0.000093
-8.354651,16.991568,0.000410,0.000410,0.000410,0.001725,0.001396,0.001067,-0.000576,0.000739,-0.000248,-0.000248,-0.000248,-0.000248,0.896314,1.096865,2.401430,2.156824,1.194359,1.072258,3.340303,3.120908,2.483342,1.182761,0.003959,0.441137,0.188882,0.001059,0.000093,1.844166,0.956923,0.855119,0.002348,-0.000229
-7.179958,4.945109,0.000081,-0.000248,0.000410,0.079644,0.000739,0.000410,0.002382,0.000739,0.001067,0.000739,0.000081,0.055644,1.052481,1.291498,2.485267,2.150578,1.292619,1.325158,3.311308,3.138627,2.485920,1.132181,0.005570,0.000415,0.183405,0.000737,-0.000229,1.882182,1.064204,0.898611,0.003637,0.000093
-9.806120,13.400502,0.000410,0.000739,0.000410,-0.000248,0.000081,-0.000576,-0.000248,0.000739,0.001396,0.000410,-0.000248,0.000739,0.911438,1.234949,2.458636,2.146303,1.496228,1.523934,3.353189,3.222068,2.576770,0.922129,0.003637,-0.000229,-0.000874,-0.000874,-0.000229,1.856086,1.019746,0.902477,0.003637,-0.000229
-6.835685,3.638916,-0.000248,0.000739,0.000739,0.006985,0.001067,-0.000248,-0.000905,-0.000576,0.000410,0.001067,0.000739,0.095096,1.124482,1.328649,2.490527,2.136112,1.579991,1.600609,3.357055,3.235277,2.597067,1.106408,0.004281,0.000415,-0.000229,0.000415,0.000737,2.026190,1.033599,0.913753,0.004925,0.000093
-6.969606,6.818964,0.000081,0.000081,-0.000248,0.000739,0.000410,0.000739,0.000081,0.000081,-0.000248,-0.000576,-0.000576,0.000410,1.079440,1.423993,2.471787,2.089755,1.894424,1.619939,3.432764,3.336759,2.761693,1.120583,0.003959,-0.000229,-0.000551,-0.000229,0.000737,2.140236,1.191460,1.069359,0.004603,0.000415
-2.309730,1.774102,0.000081,0.000739,-0.000576,0.004026,-0.000905,0.001396,0.001067,0.000739,-0.000576,-0.001234,-0.001234,0.279538,1.171496,1.428595,2.396498,2.010521,1.915365,1.598676,3.416656,3.289723,2.769748,1.441782,0.006214,0.000093,-0.001196,-0.000229,0.003637,2.074837,1.174385,1.116395,0.004925,-0.000551
0.498640,-1.019748,0.000410,-0.000248,0.000410,-0.000576,0.000081,-0.000248,0.000081,0.000410,0.001396,0.000739,0.000739,0.131261,1.063330,1.158016,2.150578,1.813916,1.488818,1.325802,3.274581,3.028446,2.521680,1.566782,0.006214,-0.000229,0.000093,0.000737,-0.000551,1.720455,0.841910,0.806472,0.003315,0.000093
0.962406,-1.375089,-0.000248,0.001396,0.000410,0.000739,-0.000576,-0.000248,-0.000576,-0.000248,0.000081,-0.000248,0.001067,0.000739,0.570830,0.729298,1.316484,1.359553,0.867361,0.487207,3.009439,2.751384,2.085790,1.635081,0.006536,-0.000874,-0.000229,-0.000229,0.000093,1.077413,0.558405,0.334178,0.000737,-0.000551
0.752569,-0.759225,0.000410,-0.000576,0.001067,0.000739,0.000081,0.000081,-0.000248,-0.002220,-0.000248,0.000081,0.000081,-0.000248,0.369621,0.693462,1.076810,1.333909,0.772645,0.003637,2.897647,2.487531,1.837723,1.431795,0.005892,0.000093,0.000415,-0.000229,0.000415,0.588044,0.334822,0.273933,0.001059,-0.000551
0.326084,0.554742,0.000081,0.000081,-0.000248,0.000081,0.001396,0.001067,0.000739,0.000081,0.000739,0.000081,0.000739,-0.000248,0.291373,0.679982,1.049850,1.276045,0.770390,0.002992,2.913433,2.402157,1.901834,1.478187,0.005892,-0.000229,-0.000229,-0.000551,-0.001518,0.399900,0.237851,0.269101,0.001059,-0.000229
1.808526,0.110777,0.000081,-0.000248,0.001396,0.000410,0.000081,0.000410,-0.000248,0.000739,0.001067,0.000410,-0.000248,0.000410,0.082274,0.642831,1.028480,1.312539,0.766524,0.002348,2.936307,2.367041,1.965301,1.606731,0.006536,-0.000229,-0.000874,0.000093,-0.000551,0.358341,0.348998,0.335145,0.000737,-0.000229
6.911228,6.761494,0.000081,0.000739,0.000739,0.000410,-0.000248,0.000739,0.000410,-0.001234,-0.000576,-0.000248,0.000081,0.000739,0.113508,0.624748,1.037028,1.271771,0.815493,0.003315,2.972712,2.463046,2.209180,1.720777,0.007503,0.000093,-0.001196,-0.000874,-0.000874,0.444359,0.458212,0.386047,0.002348,0.000415
9.132419,10.155035,0.000410,-0.000248,-0.000248,0.000410,0.000081,0.000739,0.001396,0.000410,0.001067,0.000081,-0.000248,-0.000248,0.078329,0.595488,0.916698,1.230346,0.824513,0.002992,3.064529,1.965301,2.335146,1.813239,0.006858,0.509114,0.793908,0.001382,-0.000551,0.401511,0.336755,0.486240,0.001059,-0.000229
9.307050,10.831186,0.000410,-0.001234,0.001067,-0.000576,0.000081,0.000081,0.002382,-0.002220,-0.000248,0.002711,0.000081,0.000739,0.112850,0.650064,0.772367,1.232648,0.761691,0.003637,2.814529,0.277155,1.689849,1.287787,0.005248,0.000737,1.134436,0.004281,0.000093,0.291008,0.027799,0.306794,0.002670,0.000415
8.648791,10.226880,-0.000248,0.000739,-0.000248,0.000081,0.233181,0.000081,0.003369,0.000410,0.001725,-0.000248,0.176961,0.000081,0.208852,0.681626,0.937082,1.259278,0.808405,0.389913,2.813562,0.012980,1.684695,1.278122,0.004281,0.124126,1.186627,0.004603,-0.000229,0.326124,0.033276,0.364784,-0.000551,-0.000229
9.066867,10.315588,0.000081,0.000739,0.002382,0.124028,0.468582,0.001396,0.001725,0.002711,0.002382,0.002054,0.297620,0.050054,0.626063,0.777956,1.116591,1.403938,0.918263,0.557761,2.804864,0.012013,1.827736,1.362851,0.005892,0.664075,1.216266,0.006214,-0.000874,0.344487,0.168907,0.484307,0.002348,0.000093
9.062798,10.508954,0.000739,0.005013,0.315703,0.321949,0.761846,0.003698,0.003698,0.003698,0.005341,0.253236,0.416307,0.523158,0.946945,0.887437,1.358896,1.434513,0.996872,0.893457,2.823549,0.012335,1.858342,1.329991,0.005248,0.903122,1.297774,0.005570,-0.000229,0.356085,0.222709,0.599642,0.002670,-0.000874
9.200836,10.736964,0.000410,0.368306,0.507048,0.367977,1.199442,0.005999,0.005341,0.006657,0.005999,0.442937,0.553405,0.623762,1.040974,1.021247,1.539720,1.501583,1.040042,1.215622,2.867042,0.012013,1.938883,1.391846,0.005892,1.131859,1.454346,0.007503,-0.000551,0.360596,0.342232,0.743650,0.002992,0.000093
9.091007,10.905432,0.000410,0.505075,0.780915,0.669133,1.317471,0.008629,0.009944,0.008629,0.009944,0.614556,0.689188,0.720750,1.211935,1.113303,1.842848,1.534789,1.062593,1.327735,2.877995,0.013302,1.929218,1.479153,0.006536,1.235274,1.512336,0.006858,0.000093,0.379603,0.444681,0.853830,0.002992,-0.000551
8.988354,11.637634,0.000081,0.634940,1.155057,0.989028,1.481528,0.136193,0.218057,0.013232,0.012903,0.740476,0.772038,0.801956,1.360211,1.293470,2.078248,1.605475,1.084501,1.409888,2.893459,0.549062,1.934373,1.503960,0.006214,1.605120,1.560339,0.006858,0.000093,0.416008,0.692426,0.973676,0.004603,0.000737
8.506550,11.981658,0.032630,1.057741,1.422020,1.274402,1.584433,0.414992,0.437677,0.015533,0.016848,0.770066,0.884149,0.897300,1.662352,1.465089,2.203181,1.726462,1.128637,1.684372,2.948872,0.669230,1.985919,1.513947,0.006536,1.649256,1.593200,0.007181,-0.000874,0.506536,0.732052,1.131859,0.252670,0.000415
8.630809,12.650571,0.152631,1.280977,1.714298,1.360869,1.810299,0.524473,0.709572,0.021451,0.019479,0.826614,1.062673,0.941027,1.712983,1.646242,2.331073,1.769532,1.221743,1.898290,2.966591,0.744294,1.993651,1.531988,0.006214,1.957246,1.627027,0.007503,0.233663,0.588689,0.887336,1.263625,0.399578,0.001382
7.596531,12.613201,0.071425,1.490405,1.896437,1.605146,1.899725,0.599762,0.913739,0.023095,0.142111,0.963055,1.319115,1.126454,1.750792,1.758682,2.404718,1.870464,1.367362,1.884437,3.000740,0.953057,2.072259,1.605120,0.006858,2.165043,1.652478,0.006536,0.511047,0.868328,0.960467,1.415364,0.574513,0.002992
8.117293,12.942673,-0.076194,1.608105,1.918136,1.737312,2.089426,0.627050,1.076481,0.097726,0.463650,1.278018,1.623886,1.413472,1.798792,1.925369,2.456664,1.921424,1.396357,1.961435,3.033923,1.195648,2.097066,1.702736,0.006858,2.431152,1.654733,0.007825,0.594165,0.968199,0.991073,1.506537,0.760403,0.730763
7.535880,13.226444,0.069452,1.720873,2.121317,1.953644,2.114413,0.794395,1.246785,0.184194,0.553734,1.567008,1.816875,1.591337,2.013151,2.036494,2.573377,1.976329,1.445648,2.101899,3.060341,1.632182,2.124450,1.748483,0.007503,2.504928,1.643457,0.007503,0.617361,1.150867,1.120583,1.603187,0.871227,1.087722
7.506551,14.363468,0.176632,1.880985,2.215017,2.118687,2.153865,0.946616,1.450294,0.419266,0.669461,1.662681,1.924712,1.780710,2.289977,2.061481,2.611186,2.089755,1.472388,2.108664,3.103511,1.821615,2.130249,1.839656,0.007181,2.520714,1.639269,0.007181,0.666653,1.246872,1.106086,1.685983,0.954346,1.309694
7.094930,14.338103,0.184522,2.109152,2.413266,2.288661,2.220277,1.115605,1.695558,0.709572,0.885793,1.931945,2.129536,1.922410,2.491513,2.193318,2.655899,2.144988,1.758148,2.228187,3.171810,1.900867,2.282311,1.894746,0.008147,2.612853,1.628316,0.006858,0.799062,1.348676,1.150545,1.830313,1.064849,1.512658
6.886624,14.883009,0.085562,2.178523,2.533596,2.485595,2.323182,1.294128,1.898410,0.929191,1.082070,2.134468,2.226852,2.068056,2.635844,2.346196,2.685488,2.208112,1.871228,2.330636,3.189207,2.114141,2.359953,1.939849,0.008469,2.698871,1.572581,0.008791,0.933727,1.407310,1.293264,1.981409,1.145068,1.705313
6.843487,14.913843,-0.025234,2.239017,2.801216,2.672995,2.438252,1.658407,2.178852,1.041960,1.503555,2.280771,2.552007,2.236387,2.713434,2.443513,2.761434,2.220606,1.975932,2.380572,3.168911,2.366719,2.444038,2.081280,0.008469,2.700482,1.567104,0.110596,1.015880,1.590944,1.333212,2.153123,1.401833,2.010726
6.142575,15.110656,0.020465,2.378416,2.948176,2.844613,2.614145,1.852711,2.451732,1.127112,1.619612,2.365594,2.703899,2.480993,2.751900,2.494472,2.784120,2.340607,2.022002,2.484953,3.223679,2.559051,2.561629,2.180185,0.011369,2.787467,1.545197,0.396356,1.394746,1.662787,1.467877,2.272646,1.668264,2.228832
6.196383,15.108097,-0.098879,2.421814,3.041218,3.008670,2.741379,1.996055,2.657871,1.378622,1.881643,2.473760,2.862038,2.569761,2.825873,2.575350,2.811079,2.462253,2.075481,2.585147,3.292300,2.792943,2.629606,2.310984,0.125737,2.847067,1.550352,0.555183,1.577414,1.809050,1.657955,2.293265,1.753960,2.409244
6.212829,15.119041,0.032958,2.529322,3.094479,3.128672,2.850202,2.248551,2.895244,1.548268,1.967452,2.525705,2.960670,2.691077,2.912011,2.675954,2.842970,2.497431,2.194682,2.713046,3.364143,3.060985,2.781346,2.428897,0.983663,2.944683,1.623161,0.652155,1.783599,2.029411,1.893135,2.456603,1.850288,2.531989
5.765893,14.061831,-0.007809,2.605268,3.181275,3.216453,2.989930,2.484938,3.039246,1.655119,2.161756,2.696995,3.009328,2.923190,3.046150,2.795955,2.885381,2.626309,2.301641,2.783923,3.419878,3.157313,2.835469,2.509760,1.648290,3.024580,1.672774,0.840944,1.961757,2.318394,2.124450,2.615108,2.071937,2.787789
5.435610,15.614861,-0.063701,2.774256,3.255577,3.285495,3.059630,2.607898,3.167795,2.048987,2.320552,2.805818,3.049109,3.001766,3.109603,2.822586,2.906751,2.667406,2.348355,2.809052,3.453061,3.194040,2.913433,2.524257,2.037143,3.003318,1.677607,1.169552,2.121229,2.462724,2.195971,2.731088,2.214334,3.028124
5.019999,15.082148,0.115809,2.973163,3.392017,3.377551,3.187850,2.785435,3.295358,2.468499,2.509596,2.922532,3.152672,3.181604,3.164836,2.999465,3.019191,2.777873,2.398613,2.906024,3.474324,3.284890,3.036823,2.632183,2.102543,2.968202,1.741073,1.407955,2.182440,2.545520,2.342556,2.729477,2.413110,3.117364
4.518296,15.839511,0.006657,3.130973,3.452840,3.431470,3.302263,2.971519,3.416017,2.733489,2.756503,2.975135,3.247029,3.289769,3.233878,3.059630,3.056671,2.853490,2.472067,2.930830,3.490110,3.440496,3.138305,2.751706,2.006216,2.961758,1.818715,1.566782,2.263626,2.643137,2.443072,2.822905,2.555508,3.214980
4.565614,15.906976,-0.065016,3.198700,3.505443,3.489991,3.358154,3.077712,3.530758,2.964615,2.902148,3.016232,3.284180,3.339742,3.300290,3.124726,3.136562,2.969875,2.477543,2.935985,3.499775,3.500097,3.190818,2.866719,2.459180,2.934374,1.862852,1.747839,2.307440,2.714013,2.520391,2.955637,2.711758,3.299388
5.402543,15.155188,0.031972,3.321660,3.539964,3.543909,3.386757,3.180617,3.657664,3.063904,3.004396,3.101055,3.383469,3.381825,3.409113,3.229275,3.215467,3.061273,2.532634,3.018782,3.528125,3.587404,3.287468,2.948872,2.570649,2.974645,1.990107,1.848677,2.403123,2.766848,2.646036,3.040044,2.791010,3.405058
6.659700,15.466163,0.061562,3.491635,3.679691,3.622814,3.504785,3.284509,3.788843,3.214809,3.182919,3.146425,3.516950,3.434757,3.633664,3.311139,3.327578,3.186864,2.709180,3.210470,3.577417,3.707249,3.467558,3.037789,3.022325,3.137661,2.121873,2.159888,2.645070,2.968846,2.846101,3.170199,3.111565,3.586115
8.493159,15.215469,0.175974,3.660623,3.749720,3.742815,3.608677,3.355523,3.849666,3.325934,3.215796,3.097767,3.616239,3.563635,3.720130,3.377222,3.497552,3.295358,2.940173,3.384117,3.618976,3.781670,3.582894,3.175032,3.343202,3.133472,2.148935,2.436306,2.742686,3.152158,2.993008,3.269426,3.259761,3.747842
6.504269,12.665647,0.250277,3.751364,3.855913,3.870379,3.792460,3.529772,3.974270,3.452182,3.248673,3.110918,3.751692,3.664897,3.839803,3.527142,3.606376,3.359797,3.066140,3.452416,3.731412,3.801322,3.732378,3.305187,3.484633,2.896359,2.354476,2.650224,3.064207,3.322261,3.220457,3.475935,3.415367,3.924711
2.266381,0.456800,0.266715,3.913776,4.039367,4.019969,3.996627,3.711911,4.131423,3.672787,3.435415,3.277605,3.848022,3.807912,3.989722,3.741500,3.782926,3.465004,3.291011,3.557765,3.875420,3.906670,3.880575,3.469491,3.562919,2.822905,2.560340,2.993330,3.271359,3.459182,3.284890,3.676322,3.487855,4.029737
1.338020,-0.920148,0.275592,3.929886,4.061394,4.052846,4.045942,3.763528,4.167916,3.727692,3.482429,3.560676,3.839803,3.790158,4.001558,3.771090,3.829940,3.498539,3.253318,3.541334,3.858990,3.993333,3.881863,3.541334,3.510084,2.621551,2.484953,3.007506,3.261050,3.518783,3.284246,3.640239,3.438563,3.954995
0.930636,-0.959522,0.311100,3.924297,4.069614,4.089340,4.046600,3.759583,4.166272,3.721117,3.487361,3.617883,3.830269,3.777008,4.018654,3.802323,3.836186,3.516950,3.127673,3.706927,3.756219,4.061310,3.788757,3.496231,3.435342,3.130573,2.230443,2.946939,3.160212,3.496553,3.277803,3.509118,3.378640,3.765239
0.177036,-1.159270,0.298935,3.935804,4.082107,4.099532,4.059093,3.776679,4.168902,3.732952,3.514320,3.630705,3.844077,3.796734,4.042983,3.809885,3.848680,3.545882,3.115753,3.699840,3.751386,4.054544,3.782314,3.525870,3.385084,3.073227,2.223033,2.945006,3.152480,3.488177,3.264594,3.510406,3.368653,3.749775
1.666818,-2.218127,0.294661,3.945667,4.097230,4.115970,4.084408,3.814488,4.177122,3.759254,3.536347,3.659965,3.853611,3.821392,4.059751,3.821392,3.863146,3.568238,3.089658,3.661502,3.760729,4.044557,3.788113,3.548422,3.345457,3.035534,2.198226,2.933730,3.174065,3.486888,3.255573,3.496231,3.366720,3.748487
3.196837,-4.199947,0.320634,3.975256,4.117614,4.131751,4.099203,3.838159,4.178766,3.789172,3.537991,3.668185,3.860844,3.844077,4.068956,3.829611,3.873995,3.585334,3.110277,3.655381,3.776837,4.039402,3.821296,3.588692,3.327738,3.066784,2.210146,2.938562,3.186308,3.484955,3.266205,3.579994,3.392171,3.764273
8.213050,-9.957689,0.338388,4.030161,4.137998,4.155423,4.122546,3.914105,4.202766,3.863146,3.559361,3.714541,3.915420,3.912461,4.087038,3.858543,3.892406,3.595197,3.174710,3.704350,3.828706,4.041658,3.856412,3.633151,3.355122,3.132506,2.436951,3.030379,3.274259,3.567107,3.299388,3.645394,3.474324,3.830639
11.214065,-10.012255,0.340689,4.057449,4.150491,4.161012,4.121888,3.931859,4.211971,3.877940,3.577444,3.759254,3.974599,3.958818,4.107094,3.868406,3.887146,3.578759,3.246875,3.691463,3.849002,4.041658,3.864144,3.641528,3.363499,3.203060,2.540044,3.074516,3.344491,3.685020,3.368331,3.822585,3.565819,3.894428
12.960994,-10.752820,0.356470,4.061394,4.145888,4.166272,4.107751,3.917722,4.204738,3.860515,3.563307,3.767802,3.989394,3.988078,4.112025,3.858872,3.877940,3.561992,3.251707,3.694041,3.843526,4.019750,3.867366,3.648293,3.500097,3.194040,2.427930,3.054864,3.378640,3.570007,3.311952,3.777804,3.552610,3.955639
13.240153,-11.186882,0.363703,4.028189,4.122217,4.138984,4.076847,3.885502,4.202766,3.823036,3.531745,3.727692,3.952900,3.962106,4.094600,3.843091,3.866433,3.553115,3.230766,3.648937,3.835149,3.972070,3.835794,3.608345,3.621231,3.212081,2.392170,3.043588,3.347390,3.517816,3.274259,3.722069,3.524582,3.959827
13.602764,-11.352165,0.369621,4.002216,4.102491,4.105778,4.062381,3.840132,4.180081,3.807583,3.518594,3.712897,3.926927,3.937777,4.072244,3.820405,3.850981,3.527142,3.204349,3.590948,3.805188,3.946619,3.807765,3.575162,3.618976,3.205960,2.296809,2.977222,3.315496,3.489465,3.247197,3.673100,3.482378,3.966271
13.382683,-11.609799,0.365347,3.980188,4.085066,4.091313,4.029504,3.835858,4.164300,3.752679,3.502484,3.679691,3.896023,3.907201,4.058435,3.802652,3.847693,3.537334,3.181475,3.541656,3.779737,3.919879,3.792623,3.538757,3.595136,3.256540,2.239141,2.954993,3.254929,3.470136,3.223357,3.620909,3.437275,3.927611
12.806910,-12.003944,0.333456,3.955530,4.067641,4.062052,4.021284,3.805282,4.157395,3.729007,3.500183,3.646814,3.863474,3.874324,4.030490,3.776350,3.834543,3.500183,3.122519,3.520393,3.742043,3.897972,3.752997,3.476901,3.593847,3.227545,2.188561,2.894426,3.173421,3.428576,3.233344,3.576128,3.403447,3.902804
12.765882,-12.012705,0.341676,3.932516,4.041339,4.028846,4.012408,3.777665,4.142601,3.721774,3.474538,3.624458,3.825008,3.842762,4.017668,3.747090,3.819419,3.464347,3.127996,3.507185,3.742043,3.902482,3.759118,3.453705,3.526192,3.281024,2.185339,2.887016,3.160857,3.386050,3.205315,3.517816,3.376063,3.893139
12.487457,-12.429291,0.381786,3.892406,4.027860,4.010435,3.982489,3.742487,4.131423,3.691527,3.398264,3.597499,3.802323,3.811200,3.991366,3.716843,3.788186,3.442319,3.049065,3.468847,3.725935,3.879608,3.746232,3.427287,3.552932,3.296810,2.251061,2.840946,3.130895,3.404092,3.195650,3.511373,3.378963,3.869621
12.823605,-12.877643,0.310442,3.872022,3.980846,3.978544,3.958818,3.708952,4.106436,3.627746,3.373606,3.559690,3.773062,3.755638,3.955530,3.654376,3.769117,3.366044,3.002995,3.458860,3.676644,3.847069,3.693719,3.367687,3.543911,3.280058,2.269747,2.779090,3.091913,3.348035,3.158601,3.451450,3.342558,3.801000
11.993949,-12.609700,0.276250,3.840132,3.934160,3.948955,3.921996,3.663253,4.075532,3.585992,3.355523,3.530101,3.750048,3.721774,3.921667,3.625773,3.738541,3.324619,2.980444,3.432120,3.666012,3.822585,3.684698,3.350612,3.549710,3.296488,2.272646,2.733343,3.060985,3.320651,3.142493,3.419233,3.324194,3.746554
12.214840,-12.934624,0.251592,3.801337,3.872680,3.904571,3.908187,3.609335,4.058107,3.550485,3.338427,3.471580,3.720788,3.678376,3.894050,3.583690,3.705664,3.249659,2.963369,3.413434,3.656347,3.795845,3.661502,3.322906,3.547777,3.365754,2.229476,2.697905,3.019748,3.299066,3.142493,3.385728,3.315818,3.736244
12.168335,-12.993795,0.251263,3.767802,3.827967,3.886488,3.868735,3.577444,4.034435,3.529114,3.304893,3.464675,3.692842,3.652732,3.872351,3.558704,3.679034,3.226974,2.959503,3.414401,3.655381,3.791979,3.662146,3.308731,3.603834,3.369620,2.192749,2.689206,2.975289,3.272004,3.121874,3.381540,3.291334,3.699517
12.388116,-12.850887,0.257510,3.747747,3.771090,3.844077,3.812186,3.530758,4.006490,3.464018,3.265440,3.416346,3.653719,3.616239,3.840789,3.512347,3.644842,3.209220,2.928575,3.387983,3.635407,3.783603,3.637017,3.277158,3.588048,3.434375,2.208213,2.604799,2.894103,3.243653,3.116076,3.340625,3.261694,3.651193
12.358225,-12.180520,0.240742,3.728021,3.740514,3.798707,3.759254,3.512347,3.967037,3.396291,3.225988,3.350921,3.591252,3.579416,3.785884,3.481443,3.602430,3.172069,2.887338,3.340625,3.618654,3.749453,3.601257,3.205638,3.565174,3.383473,2.231087,2.460147,2.797776,3.202094,3.099967,3.328705,3.209504,3.585471
12.766893,-10.823882,0.195372,3.686267,3.686924,3.722760,3.729665,3.468621,3.936461,3.376565,3.202645,3.267413,3.563635,3.529772,3.722432,3.445935,3.568567,3.139192,2.841590,3.287145,3.604156,3.697907,3.549388,3.158601,3.530381,3.422133,2.285855,2.343845,2.742041,3.140882,3.051965,3.278769,3.149903,3.482056
12.941252,-9.260661,0.178276,3.656020,3.648458,3.675089,3.674431,3.415360,3.888790,3.332509,3.176672,3.210207,3.490648,3.466977,3.656349,3.402866,3.513662,3.070808,2.753639,3.255573,3.512661,3.634118,3.503319,3.125740,3.444362,3.317107,2.280056,2.319038,2.688562,3.066784,2.972712,3.238821,3.062596,3.396682
13.996165,-9.471283,0.155590,3.554759,3.612622,3.610650,3.611307,3.323961,3.842104,3.212508,3.110918,3.221385,3.451196,3.400236,3.587964,3.338756,3.441333,3.086918,2.639593,3.210792,3.484633,3.552932,3.414401,3.091591,3.336437,3.115753,2.278767,2.166976,2.637660,2.959503,2.888304,3.183408,2.950482,3.329027
14.026957,-9.584109,0.060246,3.470593,3.555087,3.577773,3.528786,3.236180,3.792789,3.182919,3.078698,3.173056,3.391031,3.343030,3.530758,3.299961,3.390044,3.005054,2.565172,3.170521,3.465947,3.451450,3.328705,3.036501,3.303254,3.072905,2.242363,2.098355,2.596100,2.849322,2.828060,3.102222,2.889593,3.252674
13.609158,-10.518975,-0.006823,3.371633,3.498210,3.544895,3.484073,3.172727,3.728350,3.099082,3.023465,3.090863,3.301605,3.290427,3.402209,3.223358,3.273988,2.945217,2.506538,3.143460,3.453383,3.350290,3.296166,2.969168,3.250741,2.952738,2.224644,1.991718,2.487208,2.788755,2.767170,3.048743,2.783279,3.201449
14.274827,-12.316958,-0.017344,3.275961,3.444620,3.513662,3.430154,3.093822,3.659308,3.024451,2.942258,3.029711,3.242755,3.248673,3.297331,3.173384,3.201987,2.903463,2.493007,3.120586,3.444040,3.207571,3.300999,2.895070,3.205638,3.007184,2.203059,1.954025,2.474000,2.777802,2.733343,3.009761,2.682763,3.106088
14.789521,-13.579910,-0.021618,3.221385,3.440018,3.504128,3.395962,3.026095,3.625773,2.953437,2.882422,2.970861,3.178973,3.223029,3.286482,3.137220,3.139521,2.857107,2.526190,3.137983,3.454027,3.129606,3.333537,2.887660,3.179220,3.008794,2.218200,1.912788,2.441783,2.756861,2.741397,3.008472,2.638626,3.069684
13.425718,-11.471911,-0.019974,3.145439,3.412730,3.447579,3.314098,2.877162,3.495580,2.836394,2.779188,2.924505,3.103027,3.168782,3.203303,3.069493,3.062917,2.732174,2.548742,3.132506,3.446940,3.008150,3.287790,2.830637,3.068395,2.985276,2.203059,1.813239,2.384116,2.733665,2.676642,2.926964,2.532312,3.022003
9.991928,-9.897723,-0.064030,3.028396,3.322646,3.359140,3.202316,2.742366,3.374263,2.674968,2.643077,2.838696,3.019520,3.036287,3.080342,2.901820,2.939957,2.605597,2.547776,3.090947,3.428576,2.494296,3.228511,2.738498,2.939529,2.710469,2.223355,1.733664,2.290688,2.664077,2.532634,2.799387,2.378961,2.952415
4.384500,-4.354621,-0.238937,2.649981,3.117493,3.159247,3.022150,2.461595,3.065876,1.887889,2.284059,2.650967,2.768010,2.604282,2.761763,2.648337,2.712776,2.369539,2.533278,2.855444,3.401514,2.012981,3.180509,2.653446,2.753317,2.670521,2.228510,1.441782,2.209502,2.556796,2.420842,2.663433,2.186628,2.933408
1.888701,-2.084251,-0.241238,2.556610,3.057986,3.126699,2.939957,2.312662,2.994862,1.814244,2.229811,2.648008,2.687132,2.519130,2.702913,2.618748,2.753544,2.463239,2.395069,2.513626,3.342880,2.974645,2.974001,2.598033,2.779735,2.880573,2.066138,1.170841,2.141203,2.505572,2.219811,2.565817,1.967234,2.695005
1.397313,-1.620362,-0.140305,2.885381,3.272344,3.248015,3.139850,2.618748,3.185549,2.511568,2.444828,2.787407,2.940615,2.846586,2.898532,2.871244,3.111904,2.829819,2.421487,2.597711,3.338370,3.496231,2.951127,2.606088,2.640881,3.032312,1.903767,0.993328,2.181473,2.498162,2.283600,2.634760,1.983342,2.778446
1.751973,-2.076285,0.009615,2.988615,3.316400,3.291742,3.242426,2.703571,3.235193,2.627624,2.570418,2.849545,2.994862,2.957711,2.977766,2.976122,3.218426,2.948176,2.446616,2.624773,3.373164,3.561308,3.041655,2.615752,2.663111,3.146359,2.012981,1.044874,2.226899,2.515881,2.340945,2.657312,2.073870,2.821616
-0.337459,-0.288926,-0.000905,3.058972,3.343359,3.369003,3.302920,2.769982,3.332838,2.735461,2.687461,2.863353,3.032670,3.020506,3.026095,3.033657,3.289769,3.054040,2.473678,2.631216,3.373808,3.598035,3.049709,2.605121,2.656990,3.143782,2.054540,1.139591,2.201770,2.519103,2.333213,2.658278,2.050674,2.757827
-0.905026,-5.175426,-0.047920,3.172069,3.434757,3.479470,3.437716,2.964944,3.508402,2.962642,2.873874,2.878477,3.113877,3.124397,3.120781,3.134918,3.446922,3.106644,2.576126,2.739786,3.420844,3.683731,3.193717,2.790044,2.799387,3.240109,2.229798,1.277156,2.278123,2.651513,2.419554,2.722389,2.159244,2.851578
-5.420117,-15.118479,0.002382,3.287468,3.467963,3.529772,3.463360,3.112562,3.657993,3.113548,2.963300,2.963628,3.203631,3.190809,3.177658,3.163192,3.559361,3.176343,2.646680,2.843523,3.485599,3.810987,3.395393,2.995263,2.858987,3.373164,2.301963,1.629282,2.334180,2.908601,2.754928,3.109310,2.509438,2.964980
-5.590263,-17.022090,0.086877,3.458429,3.574814,3.633992,3.589608,3.162206,3.679691,3.180946,3.103685,3.142480,3.357167,3.272016,3.342373,3.279249,3.748405,3.442319,2.778446,3.098356,3.637340,3.916013,3.635084,3.113498,2.637015,3.299388,2.343523,1.653445,2.346422,3.245586,3.063240,3.262339,2.834503,3.132828
-6.172151,-17.512013,0.151974,3.626102,3.651417,3.788843,3.750377,3.356510,3.783583,3.334811,3.194426,3.210864,3.456785,3.359797,3.505443,3.498210,3.847036,3.635636,2.829026,3.237210,3.737855,3.946941,3.778126,3.256218,2.544554,3.197261,2.392170,1.581602,2.515881,3.469491,3.212725,3.531991,3.015238,3.491721
-5.958742,-18.177533,0.095096,3.513333,3.585992,3.708952,3.649116,3.228947,3.669500,3.248015,3.135576,3.144124,3.387743,3.273002,3.422921,3.441333,3.826652,3.596841,2.773936,3.163756,3.728190,3.923101,3.755896,3.214336,2.374451,3.154735,2.356731,1.311627,2.440494,3.423422,3.186630,3.447584,2.964658,3.432442
-6.365546,-18.635506,0.022766,3.432456,3.529114,3.627417,3.596184,3.134589,3.620184,3.131302,3.077383,3.114534,3.312783,3.189494,3.345332,3.393990,3.800350,3.588951,2.735598,3.060663,3.710471,3.897005,3.724324,3.174710,1.997517,3.099645,2.317427,1.031666,2.397002,3.338692,3.129606,3.386695,2.940173,3.397326
-6.344734,-19.832140,-0.032796,3.364400,3.463032,3.571197,3.521224,3.084616,3.547197,3.105329,3.030698,3.077054,3.209220,3.087246,3.241769,3.363414,3.773720,3.550156,2.732699,2.985276,3.674389,3.865433,3.670523,3.139916,1.697903,3.034245,2.191461,0.735596,2.337724,3.301643,3.081604,3.315174,2.858987,3.342880
-6.292253,-20.520267,-0.132414,3.274317,3.378537,3.514320,3.494265,3.005711,3.461059,3.065219,3.010972,3.003739,3.106973,2.980725,3.138863,3.284180,3.734267,3.500840,2.593845,2.916977,3.653126,3.839982,3.647327,3.098356,1.518779,2.971101,2.088690,0.541652,2.282956,3.264272,3.043588,3.244942,2.799387,3.295522
-6.354065,-21.186130,-0.196525,3.192782,3.322318,3.472895,3.402866,2.875189,3.292071,2.970533,2.945217,2.912011,3.019191,2.870915,3.045164,3.252618,3.700404,3.474210,2.555185,2.801320,3.623809,3.809698,3.619943,3.065173,1.476898,2.931797,1.988819,0.415364,2.261693,3.230444,2.965624,3.197583,2.644425,3.255895
-6.121922,-21.734766,-0.217238,3.073438,3.258536,3.418319,3.279577,2.709488,3.154973,2.792668,2.813051,2.859408,2.938642,2.702913,2.953765,3.199028,3.662595,3.430483,2.505572,2.652157,3.587404,3.761695,3.555187,3.012338,1.181150,2.739786,1.910855,0.217554,2.186628,3.163112,2.827093,3.127351,2.446938,3.184697
-6.133949,-21.849655,-0.262608,2.951793,3.212508,3.343688,3.166480,2.607898,2.976122,2.658529,2.691735,2.796284,2.807462,2.398471,2.873545,3.109932,3.623800,3.384126,2.524257,2.550675,3.574839,3.718203,3.491398,2.943395,0.938238,2.623807,1.879927,0.007181,2.098033,3.117042,2.750418,3.004928,2.261693,3.056797
-6.140364,-22.066944,-0.395432,2.811079,3.094151,3.272673,2.992232,2.480664,2.870258,2.423786,2.586857,2.731845,2.658200,2.297867,2.812394,3.026095,3.579416,3.354866,2.479476,2.461435,3.544878,3.680188,3.426321,2.836758,0.245905,2.416654,1.835468,0.007825,2.016525,3.057441,2.632183,2.913111,2.157633,2.910212
-6.526278,-22.585277,-0.598943,2.558911,2.970861,3.178973,2.868942,2.201866,2.700940,1.960548,2.415238,2.653597,2.436608,2.063782,2.691077,2.977766,3.506429,3.321989,2.425675,2.318072,3.504607,3.581605,3.296810,2.638948,0.059371,2.256538,1.842233,0.009114,1.840300,2.987531,2.495907,2.810663,2.028767,2.773936
-6.535340,-23.149947,-0.554558,2.440554,2.808449,3.058972,2.785435,1.868821,2.506637,1.577200,2.215674,2.538199,2.120331,1.669914,2.578638,2.892285,3.441990,3.293715,2.323548,2.133149,3.483989,3.507829,3.217236,2.570005,0.011047,2.187272,1.768780,0.008791,1.688883,2.899258,2.396680,2.718845,1.762659,2.704670
-6.543842,-23.229866,-0.422721,2.404060,2.732831,2.900504,2.630255,1.595940,2.194304,1.193853,1.974356,2.463568,1.952000,1.515062,2.482636,2.809435,3.360126,3.297660,2.261693,1.951770,3.464981,3.488821,3.166978,2.514593,0.011691,2.245262,1.743329,0.006858,1.603831,2.847712,2.362530,2.583214,1.523934,2.527157
-6.572933,-23.267039,-0.423707,2.360334,2.622035,2.760119,2.598364,1.427609,2.012165,0.953192,1.895780,2.344553,1.708380,1.326348,2.316278,2.744009,3.278591,3.264454,2.214657,1.862852,3.470458,3.448550,3.098034,2.286177,0.009436,2.122517,1.680829,0.006858,1.428895,2.805508,2.240108,2.472711,1.439849,2.264592
-6.597057,-23.984704,-0.618012,2.251182,2.357703,2.578966,2.501048,1.080097,1.555501,0.867711,1.782025,2.252825,1.373033,1.121852,2.144002,2.682858,3.216453,3.238152,2.079669,1.803251,3.454672,3.414079,2.966913,1.992362,0.009114,1.932118,1.558084,0.006858,1.124127,2.759116,2.132504,2.433729,1.180828,2.228187
-6.566047,-24.091577,-0.607820,2.080220,2.273538,2.446800,2.401101,0.736202,1.353307,0.714503,1.632763,2.008548,1.010727,0.807217,2.043398,2.586857,3.144453,3.208234,1.887981,1.769746,3.406025,3.376707,2.899258,1.757182,0.007503,1.710146,1.425674,0.005570,1.047452,2.683729,1.947259,2.230120,0.956279,2.087723
-6.414764,-24.218040,-0.704479,1.955287,2.170961,2.231455,2.126248,0.586282,1.141907,0.619159,1.502898,1.888218,0.820696,0.742778,1.909917,2.486253,3.098425,3.186535,1.780378,1.732375,3.370586,3.377674,2.765559,1.549707,0.006214,1.546808,1.330635,0.005570,0.939849,2.608665,1.826447,2.067105,0.775544,1.886370
-6.381674,-24.342826,-0.591710,1.740928,2.080220,1.959561,1.974685,0.493240,0.952205,0.442609,1.221798,1.687339,0.680968,0.672092,1.732380,2.388279,3.030698,3.102370,1.617040,1.736241,3.320006,3.352223,2.695327,1.329024,0.005248,1.239462,1.263302,0.005570,0.731408,2.472067,1.714012,1.937272,0.618650,1.651189
-6.790864,-24.545483,-0.534503,1.675832,1.898739,1.766901,1.871451,0.295319,0.793408,0.034602,0.939712,1.537419,0.538939,0.639872,1.655777,2.243620,2.966916,3.040561,1.462078,1.688238,3.293589,3.312919,2.580959,1.116717,0.004281,1.071936,1.207568,0.005248,0.651189,2.440172,1.531344,1.823226,0.491717,1.436627
-6.600838,-25.047399,-0.478612,1.461801,1.675503,1.552542,1.766244,0.156248,0.547158,0.022438,0.769079,1.258292,0.330497,0.472198,1.549583,2.066412,2.881765,2.984012,1.303251,1.658277,3.254285,3.301965,2.533600,0.856408,0.003959,0.852864,1.102864,0.004925,0.511691,2.383149,1.441782,1.693393,0.265235,1.259436
-6.611816,-25.506929,-0.433899,1.299717,1.471336,1.355279,1.496651,0.047424,0.121727,0.018164,0.581022,1.071549,0.106603,0.313730,1.391444,1.964822,2.821928,2.900504,1.287465,1.646357,3.218524,3.286501,2.512337,0.743328,0.002670,0.585467,0.924062,0.004281,0.481730,2.316783,1.314527,1.593522,0.006536,0.918586
-6.638463,-26.442525,-0.402665,0.945630,1.226730,1.058727,1.253689,0.015862,0.015205,0.012574,0.517897,1.019603,-0.000905,0.080302,1.200099,1.865533,2.761434,2.812065,1.275867,1.665042,3.174387,3.283279,2.478188,0.683405,0.002348,0.435982,0.642490,0.002670,0.528766,2.272646,1.171485,1.504926,0.006214,0.687593
-6.510116,-27.576253,-0.316198,0.613241,0.842724,0.828258,1.008754,0.011259,0.010602,0.010931,0.327210,0.854889,-0.000248,-0.000905,1.026179,1.738627,2.663461,2.746640,1.218199,1.675030,3.171488,3.291978,2.435984,0.680183,0.002348,0.011691,0.186304,0.001059,0.543263,2.217556,1.070003,1.394746,0.004925,0.302606
-6.771987,-28.908151,0.000410,0.391649,0.650064,0.607652,0.694777,0.008958,0.007643,0.006985,0.007972,0.740476,-0.000248,-0.000248,0.837793,1.602187,2.600994,2.597706,1.225931,1.688883,3.179542,3.330960,2.459180,0.689526,0.003637,-0.000874,-0.006028,-0.000551,0.563882,2.179863,1.207246,1.220132,0.004603,-0.000551
-6.974205,-29.407714,0.000410,0.200303,0.396909,0.370279,0.087863,0.004026,0.005013,0.004355,0.004355,0.511980,-0.001892,-0.000248,0.747380,1.372047,2.532281,2.475403,1.205313,1.721421,3.235599,3.426965,2.431796,0.678895,0.003315,-0.000229,-0.000229,-0.000551,0.560982,2.145069,1.164076,1.100287,0.004603,0.000093
-6.946155,-30.335238,0.000081,0.000410,0.001067,0.270003,0.001396,0.002054,0.002382,0.000081,0.000739,0.249619,0.000410,0.000081,0.291702,1.072865,2.508281,2.396827,1.281344,1.728831,3.286179,3.522004,2.467234,0.735274,0.002992,0.000415,0.000415,-0.000229,0.571614,2.122839,1.170197,1.068070,0.004281,0.000737
-6.666002,-31.969392,0.000410,-0.000576,-0.000905,0.130933,0.004684,-0.000248,0.001396,0.001067,0.000739,0.000739,0.000081,0.000410,0.111864,0.841080,2.438252,2.278141,1.302284,1.740107,3.315174,3.604801,2.444360,0.847387,0.003637,-0.000551,-0.000229,0.000093,0.550029,2.097388,1.185338,0.967233,0.003637,0.000093
-8.015190,-24.132056,0.000410,-0.000248,-0.000248,0.000081,0.000410,0.000410,0.000410,0.000410,0.000739,-0.000248,0.001725,0.000081,0.112850,0.695434,2.372498,2.191016,1.314527,1.750094,3.317751,3.680832,2.517170,1.176962,0.003637,-0.000551,-0.000229,0.000093,0.661498,2.169876,1.280055,0.989140,0.003959,-0.000229
-4.892049,-18.995617,0.000081,0.000410,0.000739,0.000081,-0.000576,-0.000576,-0.000576,0.000081,-0.000248,0.000739,-0.000576,0.001067,0.036904,0.623762,2.300826,2.179838,1.309694,1.730764,3.320006,3.687597,2.479154,1.441460,0.005248,0.000093,0.000093,0.000093,0.656021,2.174708,1.314205,0.828702,0.003315,0.000093
0.554918,-3.577198,0.000081,0.000410,0.000081,0.000081,0.000739,0.000410,-0.000576,-0.000248,-0.000905,-0.000248,0.000081,0.000739,0.001396,0.592200,2.135783,2.081536,1.166009,1.679540,3.270071,3.649260,2.524580,1.593844,0.006536,-0.000874,-0.000551,0.001382,0.549062,2.140236,1.246550,0.632181,0.002026,-0.000551
0.455713,-0.646437,0.000081,-0.001892,-0.000248,-0.000576,0.000081,0.000739,0.001067,0.000410,0.000410,0.000410,-0.000248,-0.000905,-0.000248,0.437348,1.519665,1.689640,0.843521,1.030055,3.028124,3.391205,2.278767,1.747517,0.006536,-0.000551,-0.000551,0.000093,0.168907,1.624772,0.745261,0.004281,-0.001518,0.000093
0.345270,-0.819165,0.000081,-0.000576,0.000081,0.000081,-0.000248,0.002382,0.001725,0.000410,0.000410,0.000739,0.001725,0.000081,0.000081,-0.000248,0.697078,1.332923,0.000093,-0.000551,2.649902,2.878962,1.720133,1.419230,0.006214,0.000093,-0.001196,-0.000551,-0.000229,0.934694,0.305505,0.000737,0.000415,-0.000229
0.286690,-1.432097,0.000081,0.000410,-0.000905,0.000081,-0.000576,0.000081,0.001396,0.001067,0.000410,-0.000248,-0.000905,-0.000248,-0.000576,0.000081,0.714832,1.307608,0.000737,-0.000551,2.678575,2.887660,1.619617,1.397967,0.005892,0.000415,0.001382,-0.000229,-0.000551,0.914398,0.324835,0.000737,0.000415,-0.000229
-0.713597,-0.199799,0.000081,-0.000248,0.000739,0.000739,0.002054,0.002054,0.001067,-0.000248,0.000081,-0.000576,-0.000248,0.000081,0.000081,-0.000248,0.697407,1.289854,0.105119,0.000415,2.684696,2.864464,1.673097,1.379282,0.005570,-0.000229,0.000093,-0.000229,0.000415,0.941137,0.360596,0.000737,-0.000551,0.000415
-1.295870,4.315437,-0.000248,0.000081,0.000081,0.000081,0.002711,0.000739,0.000410,-0.000248,0.000410,-0.000248,-0.001563,0.000410,0.000739,0.000410,0.717462,1.291826,0.276511,0.000737,2.741075,2.876062,1.734308,1.327735,0.005892,-0.000229,-0.000874,-0.005062,0.000093,1.107697,0.547774,0.002992,-0.000229,-0.001196
-4.992377,4.214914,0.000081,0.000410,-0.001563,-0.000248,-0.000905,0.000081,-0.000905,-0.000905,-0.000905,0.000081,0.001067,0.001067,0.000081,0.000410,0.674064,1.212593,0.236884,0.001059,2.659567,2.701771,1.535854,1.084501,0.004603,-0.000229,0.000737,0.000093,-0.000551,0.819037,0.257181,0.001059,0.000093,-0.000229
-8.478991,8.044794,0.000081,-0.000576,0.000081,-0.000248,-0.000248,-0.000248,0.001067,0.000739,0.001067,0.000410,0.000081,0.000081,-0.001563,-0.000905,0.834834,1.255004,0.487529,0.206601,2.763626,2.949516,1.660854,0.945648,0.002992,0.000415,-0.000874,-0.000229,0.001059,1.106408,0.240750,0.000093,0.000093,0.000093
-8.370324,9.423667,0.000410,-0.000248,0.000081,0.000739,-0.000905,0.001067,0.000739,0.000410,0.000410,0.000410,0.000081,-0.000576,-0.000576,0.609954,2.213702,1.970740,1.044552,0.896034,3.152480,3.415367,2.210468,0.852542,0.003315,0.000737,-0.000551,0.000093,0.000737,1.856731,0.573869,0.001704,0.000093,0.000093
-9.697603,12.220870,0.000410,-0.000248,0.000410,0.000739,0.001067,-0.001563,0.000410,0.000081,0.000410,-0.000576,-0.000576,-0.000576,0.000410,0.635598,2.389265,2.030576,1.115751,1.122194,3.260406,3.525226,2.277801,0.669552,0.002670,0.000093,0.000415,0.000737,-0.000229,2.179218,0.544230,0.001382,0.000093,0.000415
-10.631921,4.196178,-0.000248,0.000410,0.000410,0.000081,0.000739,0.000410,-0.000248,-0.000576,-0.000576,-0.000248,0.000739,0.001067,0.001396,0.609954,2.375457,2.046028,1.116717,1.266202,3.247841,3.553899,2.289721,0.688560,0.002348,-0.000551,-0.000551,-0.000874,-0.000874,2.171164,0.500737,0.002348,-0.000551,-0.000229
-10.396180,5.507644,0.000081,0.000739,0.000739,0.000410,-0.000248,0.000081,-0.000905,-0.000576,0.000081,0.001067,0.001067,0.001067,0.000081,0.616200,2.349155,2.001973,1.157954,1.180506,3.266205,3.574195,2.324515,0.679539,0.002670,0.000093,0.000093,-0.000551,-0.000551,2.199193,0.462078,0.002026,-0.000229,0.000093
-11.032514,5.632988,0.000739,-0.000248,-0.000248,-0.000248,-0.000248,0.000410,0.000081,-0.000248,0.000739,0.000739,-0.001563,0.001067,-0.000248,0.619817,2.338306,2.029918,1.193715,1.323225,3.292300,3.577739,2.383149,0.639913,0.002670,0.000415,0.000737,-0.000229,-0.000874,2.219489,0.464655,0.001704,0.000093,0.001059
-9.896866,6.703472,0.000410,-0.000576,-0.000248,0.000081,-0.000576,0.000081,0.000739,0.001067,0.001725,0.000410,-0.000248,0.000410,-0.002549,0.632310,2.340279,2.092056,1.198225,1.578058,3.288112,3.573873,2.295842,0.618006,0.002348,-0.000229,0.000415,0.000093,0.035853,2.242685,0.479152,0.001704,-0.000551,0.000093
-11.014078,11.100827,0.000410,-0.000905,-0.000576,-0.000576,0.000739,0.000739,0.001067,0.000410,0.000081,0.000410,-0.000248,-0.000576,-0.000248,0.624420,2.349155,2.085152,1.179862,1.590622,3.295844,3.550033,2.288432,0.549062,0.001704,-0.000229,-0.000229,0.000093,0.000093,2.235919,0.467554,0.001382,-0.000551,0.000093
-12.051765,4.432166,0.000410,-0.000248,-0.000576,-0.001234,0.000739,0.000081,0.001725,0.000410,0.000410,0.000410,-0.000248,-0.000248,-0.000248,0.598447,2.278798,2.065097,1.153766,1.595777,3.263627,3.552288,2.289399,0.533276,0.002026,-0.000229,-0.000229,-0.000229,-0.000229,2.153445,0.327090,0.001059,-0.000551,-0.000229
-10.269471,7.634331,0.000410,0.001396,0.000081,0.000410,0.000739,0.000739,0.001396,0.000081,0.000081,-0.000248,-0.000576,-0.000248,-0.000248,0.612584,2.216989,1.989808,1.178895,1.590944,3.292622,3.588692,2.288110,0.569359,0.002026,-0.000551,-0.001196,0.000737,-0.000874,2.197904,0.325157,0.002026,-0.000551,-0.000874
-11.447677,7.742766,0.000081,-0.000576,0.000410,0.000081,0.000410,0.000739,0.000739,0.000410,0.000739,-0.000576,-0.000905,-0.001234,-0.000248,0.585953,2.188715,2.005261,1.198869,1.611241,3.290045,3.610278,2.264592,0.591910,0.002670,0.000093,-0.000551,-0.000551,0.080956,2.241396,0.318392,0.002026,0.000737,0.000415
-10.318919,9.746366,-0.000248,0.000410,0.001067,0.000739,-0.000248,0.000081,0.000410,-0.000248,0.000081,-0.000248,0.000410,-0.001234,0.000739,0.604693,2.181153,1.984877,1.211112,1.681151,3.290367,3.615432,2.291654,0.618328,0.002026,-0.000229,0.000415,-0.000229,0.104797,2.232698,0.324513,0.001382,0.000415,-0.000874
-10.263112,10.084114,-0.000248,0.001067,0.001067,0.000739,0.000410,0.000081,0.000081,-0.000576,-0.000248,0.000410,0.000410,0.001067,0.000739,0.601734,2.182468,1.985863,1.210789,1.707890,3.295844,3.610600,2.351577,0.577413,0.002992,-0.000874,-0.000874,-0.000551,0.114462,2.231409,0.531987,0.002670,-0.000229,-0.000551
-9.776777,11.848756,0.000081,0.000410,0.000410,-0.000576,0.000739,0.000081,-0.000576,-0.000576,-0.000248,0.000081,0.000410,0.001067,0.001067,0.600748,2.171290,2.004932,1.279411,1.717233,3.305831,3.623486,2.379283,0.621872,0.002026,0.000093,0.000737,0.000415,0.284565,2.235597,0.579668,0.002348,-0.001196,0.000093
-10.179029,10.473549,0.000081,0.000081,0.000081,-0.000576,0.000081,0.000739,-0.000248,-0.000248,0.000410,0.000410,0.001067,0.000410,-0.000576,0.604365,2.170961,2.006247,1.235596,1.715622,3.305509,3.628641,2.380572,0.673740,0.002992,-0.000874,-0.001196,0.000415,0.125093,2.232053,0.590622,0.002348,-0.005062,0.000093
-9.558471,10.306645,0.000410,0.000739,0.000739,-0.000248,-0.000905,0.000081,-0.001892,0.000739,0.001067,0.001396,0.000739,0.001725,0.000739,0.579378,2.114084,1.990466,1.271679,1.703702,3.301321,3.600613,2.374451,0.675995,0.002992,-0.000229,-0.000551,-0.000874,0.304217,2.223677,0.584823,0.002992,0.000093,-0.000229
-9.216569,11.839336,0.000081,-0.000248,0.000081,0.000081,0.000081,-0.000248,-0.000576,0.000081,0.001067,0.000410,0.000739,-0.000248,0.000081,0.586282,2.101919,1.997370,1.221421,1.676963,3.293911,3.574839,2.298742,0.676317,0.002992,0.000737,0.000737,-0.000551,0.319681,2.199515,0.554861,0.002348,0.000415,0.000415
-9.627293,10.492602,0.000081,0.000739,-0.000576,-0.000576,-0.000576,-0.000905,0.000081,0.001396,0.000739,0.000081,0.000410,-0.000248,-0.000905,0.591871,2.101591,1.996055,1.253637,1.626705,3.289401,3.579350,2.367363,0.625738,0.002026,0.000415,0.000093,-0.000874,0.104797,2.153123,0.552606,0.002670,-0.000874,-0.000229
-8.980141,11.022510,0.000410,0.000410,-0.000905,-0.000576,0.000739,0.000739,0.001396,0.000739,0.000739,-0.000248,0.000081,0.000410,0.000081,0.604693,2.084823,2.002959,1.298418,1.643780,3.294555,3.614788,2.381860,0.664397,0.002348,0.000415,0.000415,0.001059,0.343199,2.183084,0.608018,0.002026,-0.000874,-0.000229
-8.010954,11.089952,-0.000248,-0.000248,-0.000248,0.001396,0.000081,0.000081,0.000410,0.000739,0.000081,-0.002878,0.001067,-0.000248,-0.001563,0.599433,2.087453,2.029918,1.296485,1.665687,3.287145,3.640883,2.357054,0.673740,0.002348,-0.000874,-0.000229,0.000415,0.366072,2.188239,0.618650,0.002348,-0.000551,0.000093
-8.765507,11.124886,0.000410,0.001067,0.001396,0.001067,0.000739,0.000410,-0.000248,-0.000905,-0.000576,-0.000248,0.000410,0.000739,0.000410,0.602063,2.052932,2.024987,1.305184,1.679540,3.284890,3.649582,2.372195,0.716910,0.003637,0.000415,-0.000551,-0.000229,0.412786,2.195971,0.629604,0.002992,0.000093,-0.000229
-7.383283,7.425133,-0.000248,0.000739,0.000081,-0.000248,0.000410,-0.000905,-0.000248,0.000081,0.000739,0.000410,0.001396,-0.000248,0.000739,0.617844,2.051946,2.019727,1.384759,1.709823,3.285535,3.653770,2.390237,0.718521,0.002348,-0.000551,0.000093,-0.000229,0.451446,2.197582,0.633470,0.004281,-0.000551,0.000737
-7.940427,12.156918,0.000410,-0.000248,0.002711,-0.002220,-0.000905,0.000410,0.001067,0.000739,0.000410,0.000081,0.000081,0.000410,-0.000248,0.604693,1.997041,1.986521,1.413109,1.711434,3.286179,3.627030,2.406345,0.722387,0.002992,-0.000551,-0.000874,-0.000229,0.526833,2.194038,0.616717,0.171163,0.000093,-0.001196
-9.829285,2.662193,0.000410,-0.000576,0.000410,0.000410,0.000739,0.000410,0.000410,0.000081,0.000739,-0.000905,0.000739,-0.000248,0.055644,0.598447,2.017096,1.993096,1.388303,1.710146,3.275225,3.615754,2.392170,0.816459,0.003315,0.000093,0.000093,0.000093,0.487207,2.141847,0.553573,0.004281,-0.000229,0.000093
-9.697156,6.506590,0.000081,0.000081,0.000739,0.000410,-0.000576,-0.000905,-0.000248,-0.000248,0.001067,0.001396,0.000410,0.000081,0.064520,0.630995,2.017425,1.963507,1.512336,1.710790,3.309697,3.658925,2.483020,0.663753,0.002348,0.000093,-0.000874,-0.000551,0.508469,2.279090,0.534565,0.007503,-0.000874,-0.000551
-8.914273,4.978108,0.000081,-0.000905,0.000410,0.000410,0.000410,0.000410,0.000081,0.000739,-0.000248,0.000739,-0.000576,-0.000248,0.094439,0.654009,2.045371,1.941808,1.747839,1.816138,3.330316,3.704028,2.611242,1.080957,0.004603,0.000415,-0.000551,-0.000874,0.580634,2.413755,0.466910,0.007181,0.000093,0.000415
-4.850439,-0.702329,0.000081,0.000410,0.000739,0.000410,0.000081,0.000081,0.000081,-0.000248,0.000739,-0.000576,-0.001234,0.001067,0.128631,0.648420,1.940821,1.803066,1.742362,1.833535,3.318718,3.705639,2.672454,1.366395,0.004925,0.000093,0.000093,0.000415,0.612529,2.427608,0.485274,0.145712,-0.000551,-0.000551
-1.569212,-2.566184,0.000410,-0.000576,-0.000576,-0.000905,-0.000248,0.001396,0.001396,0.000410,0.000410,0.000081,0.001067,-0.000576,0.083918,0.601077,1.330293,1.527556,1.463689,1.622839,3.221746,3.576128,2.549709,1.634759,0.006858,-0.000551,-0.000551,-0.000229,0.765235,2.082569,0.611240,0.199191,0.000737,-0.000229
-0.339979,-1.889703,0.000410,0.000410,0.001396,0.001396,0.000410,-0.000248,0.000081,-0.000248,-0.000248,-0.000248,0.000410,0.000081,0.000081,0.238441,0.592529,1.147496,0.915686,1.030699,2.933085,3.092235,2.274579,1.976898,0.008469,0.000415,-0.000874,-0.000551,0.498804,1.495906,0.229797,0.001059,0.000415,-0.000229
-0.770374,-0.166596,0.000081,0.000410,0.000081,0.000410,0.000081,-0.000576,-0.000248,0.000410,0.000410,0.001067,0.000739,0.000410,0.000410,0.000410,0.180906,1.032097,0.494616,0.388946,2.825160,2.856732,2.058728,1.782311,0.007503,0.000415,0.000415,0.000415,0.074835,1.000738,0.030699,0.000093,-0.000551,0.000415
1.196036,-0.230408,0.000410,-0.000248,-0.000905,-0.000248,0.000739,0.000081,0.001396,0.001067,0.000739,-0.000248,-0.000905,-0.001234,-0.001563,0.002711,0.051698,0.865409,0.388946,0.319359,2.751706,2.774580,1.959502,1.619939,0.005892,-0.000229,0.000093,-0.000551,-0.000229,0.711111,0.002670,-0.000229,-0.001518,-0.000874
3.375468,9.895354,0.000081,0.000739,0.000410,0.000410,-0.000248,-0.000248,-0.000576,-0.000248,-0.000576,0.001067,0.000410,0.000410,0.000410,0.000081,0.043150,0.552419,0.079668,0.251060,2.700482,2.703059,1.931795,1.508470,0.006214,0.000415,-0.000551,-0.000229,-0.003773,0.549384,0.002026,0.000415,0.000415,-0.000229
7.128784,18.598695,0.000081,-0.000248,0.000410,0.000410,0.000081,-0.000248,0.000081,0.000410,0.000739,0.000739,0.000739,0.000410,0.000081,-0.000576,0.000081,0.019479,0.109307,0.255570,2.682119,2.533278,1.738818,1.210145,0.004281,-0.000874,0.060016,0.001382,0.000415,0.351575,0.001382,-0.000551,-0.001196,-0.000551
8.219213,20.270325,-0.000248,-0.002878,-0.000576,-0.000905,0.000739,0.001067,0.000410,0.000410,0.000081,-0.000905,0.000081,-0.000248,0.000410,0.000081,0.000410,0.138823,-0.000229,0.044552,2.413110,2.281989,0.950158,1.004282,0.004603,-0.000229,0.589333,0.001704,-0.000229,0.232374,0.000737,0.000093,0.000093,-0.000229
8.442767,19.702439,0.000410,0.001067,0.000739,0.000739,0.000410,0.000739,0.000081,-0.000248,-0.000576,0.000410,0.026712,0.000410,0.000739,0.001067,0.000739,0.267044,0.000737,0.244616,2.483342,2.273291,0.944037,0.993328,0.003959,-0.000229,0.845132,0.003637,-0.000551,0.249127,0.000737,0.000093,-0.000229,0.000093
8.058163,19.707755,0.000410,0.000081,0.000410,-0.000248,-0.000905,-0.001563,-0.000248,0.000410,0.001067,0.001067,0.000410,-0.000248,-0.000248,-0.000248,0.000081,0.207865,-0.000229,0.270712,2.498806,2.195649,0.853830,0.933405,0.002992,-0.001196,0.936949,0.003637,-0.000229,0.101253,0.000737,0.000093,-0.001196,-0.000229
8.075603,20.026155,0.000081,0.000739,0.000081,-0.000905,-0.000576,0.000410,-0.000576,0.001067,0.001067,0.000739,0.000739,-0.000905,-0.000248,-0.001563,0.005341,0.378827,0.001704,0.243328,2.502028,2.197582,0.706923,0.857052,0.003315,0.000093,0.974965,0.004603,-0.000551,-0.000874,-0.000551,-0.000229,-0.000551,-0.000229
7.980611,20.632670,0.000410,-0.000576,0.000081,0.000739,0.000081,0.000410,0.000081,0.000410,0.000081,0.002054,0.000739,-0.000576,-0.000905,0.000739,0.008300,0.806559,-0.000229,0.179861,2.488819,2.065172,0.661498,0.824513,0.002992,-0.000551,0.890557,0.003959,0.000093,0.000093,0.000093,-0.000229,-0.000551,-0.000551
8.708762,21.564620,0.000081,0.000410,0.001067,0.001067,0.000739,0.000410,0.000081,0.000081,-0.000905,-0.000248,-0.001234,0.001067,0.000739,0.000410,0.008958,0.768093,-0.001196,0.135402,2.474000,2.012337,0.628315,0.748160,0.002992,0.000093,0.918586,0.003637,-0.000229,0.000093,-0.000874,-0.000229,-0.000229,0.000415
7.964157,21.231755,0.000081,0.001067,-0.000248,0.000739,0.000410,0.000081,0.000410,-0.000576,-0.000248,-0.000248,0.000739,0.000410,0.000410,-0.000248,0.033616,0.898287,-0.000229,0.093843,2.455314,2.026512,0.591266,0.684694,0.002026,-0.000874,0.963044,0.004281,-0.000229,0.000415,-0.000551,-0.000229,-0.000551,-0.000229
8.187101,21.703176,0.000410,-0.000248,-0.000905,-0.000576,0.004026,-0.002220,0.000410,0.001067,0.000410,0.000081,-0.000248,0.000410,0.000410,-0.000248,0.051698,0.873629,0.000737,0.108340,2.451126,2.014592,0.582890,0.675673,0.002348,-0.000551,1.010725,0.003959,-0.000551,0.000093,-0.000551,-0.000229,-0.000229,0.000415
7.846710,21.429937,0.000739,-0.003535,0.001725,-0.002220,0.000739,0.001067,0.000081,0.000081,-0.001234,-0.000248,-0.001234,-0.000576,-0.000576,-0.000576,0.185180,0.940041,0.039719,0.124449,2.473355,2.064205,0.609307,0.661820,0.003315,-0.000551,1.024256,0.003959,-0.000874,0.000093,-0.000229,0.000093,-0.000874,-0.000229
8.216666,22.166709,0.000410,0.001067,0.000081,0.000410,0.000410,-0.000248,0.000739,0.000410,-0.000248,-0.000576,0.000739,0.000410,0.037890,0.102987,0.247318,1.010069,0.033920,0.224642,2.478832,2.126383,0.590944,0.603186,0.002670,0.000737,1.042297,0.003959,-0.000551,0.151833,-0.000229,0.000093,0.000093,0.000093
8.134753,22.319307,0.000410,0.000410,0.000081,0.000410,-0.000576,-0.000576,-0.000905,-0.000905,0.001067,0.000410,0.062219,-0.002220,0.135535,0.428143,0.378827,1.105413,0.145712,0.310982,2.474644,2.204347,0.536820,0.603508,0.002026,-0.000874,1.103508,0.004603,-0.001196,0.239784,0.000415,0.000093,-0.000874,-0.000551
8.212838,22.222896,0.000081,-0.000248,-0.000905,-0.000576,0.000081,0.000081,0.000410,0.000410,0.000739,0.001725,0.123042,-0.001234,0.209838,0.565569,0.480089,1.166236,0.248804,0.478830,2.584180,2.261693,0.640235,0.524256,0.002348,0.000093,1.121550,0.005570,-0.000551,0.319036,0.000737,-0.000551,0.000415,0.000415
8.078054,22.030982,0.000410,0.001725,0.001725,0.000410,0.238112,0.000739,-0.000576,0.000081,-0.000248,0.000410,0.198002,0.000410,0.291045,0.669790,0.624420,1.168866,0.361884,0.578379,2.682441,2.286822,0.723031,0.731730,0.003315,0.337722,1.158921,0.004603,-0.001196,0.374771,0.001382,0.019423,-0.000551,-0.000874
7.929100,22.319962,0.000081,0.002382,0.002382,0.139809,0.548144,0.001396,0.001067,0.002054,0.001725,0.003040,0.422882,0.000081,0.701681,0.764805,0.839765,1.269470,0.473353,0.671807,2.704992,2.340623,0.914720,0.753637,0.002670,0.426317,1.231408,0.005892,0.000415,0.393779,0.001382,0.397322,0.001382,-0.000229
8.035063,21.482076,-0.000248,0.002711,0.119097,0.271318,0.958452,0.003369,0.004026,0.003698,0.003698,0.003698,0.541240,0.334443,1.000206,0.887108,0.968973,1.247114,0.768457,0.775866,2.689528,2.348999,1.037787,0.798096,0.003315,0.630892,1.348998,0.005570,-0.000229,0.414397,0.001704,0.593521,0.002348,0.000093
7.864397,21.394247,0.000410,0.229235,0.346607,0.421896,1.367115,0.006328,0.005999,0.005999,0.005670,0.163810,0.632639,0.448198,1.171825,1.021905,1.213579,1.186620,0.997194,1.080957,2.715302,2.424708,1.127349,0.912142,0.003637,0.824836,1.401189,0.005892,-0.000229,0.696614,0.032632,0.767168,0.002670,0.000415
7.603027,20.684169,0.000081,0.354498,0.734558,0.621461,1.443390,0.136850,0.310771,0.008958,0.009944,0.439650,0.726010,0.559652,1.200757,1.115276,1.385198,1.348046,1.108341,1.213367,2.736565,2.555508,1.309694,0.926318,0.004281,1.105119,1.535532,0.005570,-0.000874,0.790364,0.070003,0.810338,0.003637,0.000093
7.026608,20.252512,0.000410,0.566556,0.992973,0.901246,1.592324,0.401183,0.616529,0.013890,0.013561,0.620474,0.799655,0.644146,1.280648,1.192209,1.643612,1.408212,1.199514,1.338367,2.878640,2.734954,1.475287,0.999449,0.004603,1.381859,1.593844,0.007503,-0.000229,0.907632,0.156343,0.844488,0.003637,-0.000229
7.142069,21.669948,0.141453,0.953520,1.356923,1.266182,1.715613,0.427485,0.820696,0.016520,0.017177,0.736531,0.901246,0.727983,1.527227,1.407225,1.879012,1.531501,1.214655,1.446614,2.958214,2.829993,1.628638,1.080635,0.004603,1.636692,1.583535,0.005892,0.381859,0.975931,0.277477,0.895390,0.002670,-0.000551
6.674200,21.573008,0.207208,1.244155,1.698188,1.477911,1.964493,0.518555,1.081084,0.020794,0.020794,0.839765,1.027165,0.876588,1.705092,1.587063,2.143345,1.577200,1.231730,1.677929,2.999452,2.948549,1.822581,1.182761,0.005570,1.878638,1.582246,0.006536,0.617361,1.170519,0.619294,1.052929,0.004925,0.000415
6.740971,22.170088,0.359429,1.484815,1.873095,1.647229,2.089426,0.589899,1.371389,0.025068,0.026054,0.964041,1.288210,0.988041,1.835286,1.661695,2.333703,1.717914,1.308406,1.920842,3.042622,3.025547,1.944682,1.379926,0.006536,2.005249,1.595133,0.006858,0.838044,1.476254,0.984952,1.403766,0.256536,0.422774
5.718045,21.813429,0.477130,1.640324,1.929643,1.841204,2.168660,0.732586,1.504213,0.028356,0.028027,1.126126,1.570625,1.244483,1.971726,1.864875,2.407019,1.732380,1.351898,2.169876,3.061952,3.058086,2.008471,1.579669,0.006536,2.150223,1.583535,0.007181,0.929217,1.676640,1.134758,1.585790,0.394423,0.585789
5.506343,22.530366,0.401512,1.799450,2.057535,1.969096,2.239017,1.116920,1.689640,0.271976,0.332799,1.222456,1.739942,1.565036,2.140057,2.012494,2.465540,1.752764,1.430828,2.359631,3.122519,3.077416,2.058406,1.656344,0.008469,2.357054,1.599643,0.006858,1.061305,1.814849,1.332890,1.810017,0.583534,0.738173
3.660329,22.014208,0.251592,1.902684,2.214030,2.158468,2.293922,1.385855,1.872766,0.583981,0.654667,1.374348,1.894793,1.724161,2.276826,2.094358,2.554966,1.842190,1.524578,2.415688,3.228189,3.110599,2.059695,1.691460,0.641846,2.569361,1.598032,0.082567,1.205635,1.874772,1.434372,2.003960,0.936305,1.085145
4.441565,20.571414,-0.155428,2.042741,2.333046,2.296552,2.329100,1.516049,1.996384,0.803272,1.152099,1.771833,1.851396,1.840546,2.485267,2.158139,2.624337,1.853368,1.704024,2.454025,3.297777,3.142171,2.090623,1.721421,1.058728,2.633472,1.640880,0.257181,1.650545,2.048097,1.497839,2.081280,1.004604,1.270068
5.673442,19.446471,-0.322774,2.170633,2.447458,2.453705,2.374471,1.723832,2.312004,0.928534,1.426294,1.890519,1.903013,1.909588,2.640775,2.311347,2.739078,1.964164,1.887981,2.586113,3.382506,3.288756,2.245584,1.935983,1.284565,2.687273,1.596421,0.409243,1.751061,2.192749,1.630893,2.255894,1.123483,1.906666
5.294401,19.022332,-0.260964,2.257757,2.690091,2.776887,2.573048,1.844820,2.502363,1.073522,1.574570,1.991123,2.158468,2.235401,2.782476,2.453376,2.799243,2.066083,2.132827,2.682441,3.407958,3.452094,2.385726,2.273613,1.799063,2.778446,1.617040,0.558405,1.968844,2.501706,1.991396,2.407634,1.335790,2.260404
5.773513,17.485890,-0.117948,2.443184,2.976451,3.088561,2.737105,2.182468,2.661817,1.314512,1.788929,2.094358,2.482965,2.448115,2.891956,2.569103,2.878806,2.306744,2.186306,2.810663,3.444040,3.563564,2.552286,2.512337,1.903767,2.795521,1.683406,0.803895,2.192749,2.691461,2.353188,2.574837,1.545197,2.484309
3.051431,16.093601,-0.075865,2.574035,3.110918,3.251961,2.926149,2.454033,2.993547,1.526898,1.982247,2.402745,2.786750,2.631241,3.000122,2.758475,2.958697,2.407019,2.357698,2.935018,3.467236,3.569040,2.688240,2.561307,2.551964,2.732699,1.681795,1.244617,2.336757,2.785534,2.477866,2.703381,1.847388,2.813240
3.578431,13.262315,-0.058112,2.667406,3.282865,3.380839,3.019191,2.717708,3.241111,1.808655,2.218962,2.573048,2.858751,2.742694,3.074096,2.909052,2.997821,2.628611,2.447904,3.005895,3.505252,3.578061,2.758794,2.593523,2.708214,2.747196,1.743006,1.537787,2.372840,2.853833,2.564850,2.905379,2.023290,3.014593
2.520975,8.449815,-0.213950,2.997163,3.478155,3.528786,3.246700,2.937656,3.345660,2.523075,2.620392,2.813051,3.031355,2.859737,3.251303,3.078041,3.144781,2.842312,2.554219,3.205638,3.533924,3.658602,2.911500,2.654090,2.991720,2.931797,2.150868,1.781022,2.434373,2.970457,2.762338,3.086114,2.266847,3.255573
1.260803,0.724481,-0.092304,3.274646,3.654705,3.714870,3.534375,3.291742,3.747090,3.057986,3.018533,3.025766,3.180289,3.200672,3.412072,3.265769,3.269385,3.123082,2.641204,3.386050,3.551966,3.779415,3.186952,2.931475,3.284246,3.006217,2.207247,2.153445,2.667943,3.084181,2.899258,3.254607,2.617685,3.395393
0.795796,-1.203533,-0.033782,3.391688,3.704678,3.765172,3.573170,3.389716,3.836186,3.218426,3.136562,3.044506,3.235522,3.237495,3.464347,3.329879,3.335797,3.165165,2.774902,3.485922,3.582249,3.834827,3.353189,3.047454,3.550033,3.188885,2.356731,2.302286,2.701126,3.186308,3.121874,3.315818,2.805830,3.328060
1.018980,-1.749584,0.035589,3.485388,3.784569,3.829282,3.624458,3.434428,3.882214,3.319030,3.210864,3.123082,3.301934,3.247029,3.544895,3.387743,3.417004,3.227303,2.807763,3.582249,3.612533,3.890240,3.461437,3.092880,3.587726,3.066784,2.393780,2.299386,2.783601,3.235277,3.153769,3.366076,2.963691,3.266849
0.943926,-1.265105,0.045452,3.491306,3.786213,3.836515,3.642212,3.435415,3.881557,3.313441,3.209549,3.140178,3.300619,3.257221,3.543909,3.415688,3.435086,3.236837,2.799709,3.572262,3.587082,3.881219,3.393460,3.087081,3.539723,2.990753,2.358987,2.250417,2.717879,3.205960,3.133472,3.361888,2.909245,3.227545
1.036330,-2.526879,0.015862,3.466977,3.777008,3.821392,3.610978,3.427853,3.867091,3.294372,3.198700,3.128672,3.277933,3.247358,3.525827,3.389716,3.426209,3.246700,2.727544,3.495909,3.587404,3.832572,3.345135,3.022325,3.454027,2.999452,2.324515,2.197260,2.651513,3.105766,3.037467,3.292944,2.804864,3.152802
