1.927007,16.099816,-0.952374,1.110344,1.573584,2.007891,3.724733,2.168989,3.149055,1.773806,2.458636,2.406033,2.031234,2.416882,2.523733,2.642090,3.007684,3.103027,1.974965,2.650224,3.161501,3.254929,2.092878,2.769103,1.088367,0.058405,2.924065,1.310016,2.502995,2.259760,2.372518,2.897003,2.236564,2.150223
1.889693,14.873643,-0.945470,1.136975,1.618297,2.073974,3.714870,2.173263,3.169110,1.823450,2.489541,2.374799,2.059508,2.458307,2.525048,2.638145,3.012615,3.103685,2.012337,2.685662,3.156668,3.262017,2.092234,2.764271,1.104797,0.141523,3.034890,1.420841,2.524257,2.358020,2.414399,2.915366,2.269747,2.266525
2.228319,15.530815,-0.894181,1.219825,1.675174,2.171948,3.723089,2.193318,3.173384,1.835615,2.492171,2.445485,2.065755,2.457321,2.551021,2.640118,3.023794,3.099082,2.071615,2.803253,3.155702,3.273937,2.095133,2.761049,1.298741,0.220132,3.087403,1.479797,2.549386,2.430185,2.401835,2.915689,2.272646,2.425031
2.735535,15.474074,-0.957634,1.275388,1.762299,2.245264,3.705336,2.180167,3.186206,1.841204,2.580281,2.450088,2.088440,2.463568,2.590145,2.637488,3.022478,3.086589,2.111564,2.898292,3.177931,3.307120,2.145713,2.842557,1.493328,0.483985,3.116398,1.608664,2.574837,2.524257,2.456925,2.978833,2.398291,2.558407
2.737244,15.763866,-1.085856,1.292484,1.828710,2.390909,3.708623,2.188057,3.169768,1.907616,2.697324,2.476061,2.067070,2.499075,2.625323,2.625652,3.024122,3.071465,2.121873,2.910856,3.176965,3.317107,2.148613,2.836758,1.571937,0.608341,3.135728,1.697581,2.587402,2.606732,2.519103,2.984954,2.490108,2.652801
2.763486,14.341147,-1.191063,1.334238,1.905314,2.493157,3.710925,2.193647,3.220727,2.032220,2.741708,2.484609,2.034192,2.519459,2.630583,2.621049,3.032670,3.056671,2.153767,3.054864,3.189529,3.354478,2.156345,2.869619,1.701769,0.999449,3.186630,1.828058,2.616719,2.631861,2.671809,3.026513,2.581603,2.757827
2.806197,11.333198,-1.076650,1.549912,1.957589,2.534582,3.723089,2.210743,3.189165,2.058193,2.763078,2.476390,2.104221,2.517815,2.628282,2.592446,3.039575,3.032670,2.151834,3.175354,3.188241,3.402481,2.174708,2.897969,1.817749,1.088689,3.225290,1.914076,2.703704,2.734954,2.793910,3.038111,2.802931,2.802286
2.990099,7.336158,-0.959607,1.599228,2.017754,2.633542,3.714212,2.213702,3.223358,2.088440,2.734146,2.480664,2.070686,2.495787,2.663132,2.581925,3.042534,3.022807,2.165043,3.260728,3.178576,3.449195,2.176319,2.918266,1.872195,1.059050,3.238498,1.965623,2.766526,2.842879,2.860920,3.107699,2.958214,2.867364
2.686050,2.125052,-0.735384,1.740600,2.046686,2.661488,3.774377,2.207455,3.263468,2.283730,2.627296,2.438581,2.075946,2.536884,2.718365,2.664776,3.044506,3.029711,2.172775,3.330960,3.180831,3.448873,2.190816,2.926964,2.224966,1.032632,3.278769,2.131860,2.839335,2.951771,2.983665,3.179864,3.137016,2.889271
2.125627,0.302109,-0.468420,1.764600,2.150578,2.779188,3.753994,2.168660,3.243084,2.306415,2.397485,2.480993,1.950027,2.484609,2.700612,2.623679,3.063246,2.992560,2.174064,3.350934,3.155380,3.469813,2.238175,2.924387,2.234309,0.882825,3.285535,2.151834,2.887016,3.109954,3.025547,3.199516,3.215625,2.875096
1.862606,-0.498633,-0.348747,1.750134,2.171948,2.839682,3.734925,2.138413,3.218755,2.298525,2.255456,2.474417,2.137427,2.497760,2.666748,2.667406,3.070479,2.951464,2.161499,3.353189,3.143782,3.470458,2.279734,2.933408,2.148290,0.773934,3.283924,2.162144,2.882183,3.137661,3.029091,3.199839,3.223034,2.836114
2.181502,-0.306745,-0.332966,1.759340,2.175235,2.856449,3.729336,2.133481,3.214481,2.298853,2.252497,2.461595,2.171290,2.478691,2.663789,2.658529,3.071794,2.933710,2.170198,3.350290,3.155380,3.482700,2.327737,2.953382,2.149579,0.762336,3.286823,2.194360,2.873163,3.147648,3.033601,3.201449,3.216913,2.838369
1.417573,0.206344,-0.328363,1.762627,2.150578,2.860723,3.729665,2.136769,3.208892,2.314634,2.246907,2.454362,2.166030,2.485924,2.659844,2.655241,3.076397,2.945875,2.172775,3.338048,3.158601,3.489788,2.358342,2.963369,2.136692,0.756859,3.290045,2.198548,2.868008,3.147326,3.024903,3.197583,3.206604,2.837080
1.637400,-0.929416,-0.426337,1.755066,2.127564,2.850860,3.729993,2.131180,3.196727,2.329758,2.357375,2.442526,2.156167,2.482965,2.659844,2.656885,3.070150,2.932066,2.154089,3.342558,3.154735,3.500741,2.366396,2.960147,2.136692,0.775866,3.286179,2.195649,2.857377,3.168911,3.024903,3.199194,3.218524,2.854155
4.375006,-0.717463,-0.506558,1.734024,2.104550,2.837052,3.715528,2.137427,3.181604,2.301484,2.432006,2.449759,2.123290,2.487568,2.653269,2.645378,3.055356,2.921546,2.151190,3.327094,3.142171,3.479478,2.329992,2.945006,2.103509,0.768135,3.291978,2.195327,2.855766,3.171810,3.024580,3.195973,3.221101,2.815173
6.532605,-0.494058,-0.563764,1.721202,2.058193,2.822914,3.716185,2.134797,3.187193,2.321539,2.507952,2.426745,2.110467,2.494143,2.648008,2.634200,3.065876,2.918587,2.135726,3.294233,3.146359,3.488177,2.362530,2.951127,2.057762,0.799707,3.253640,2.201770,2.863820,3.171166,2.986243,3.189851,3.205960,2.791655
11.452402,1.715947,-0.550942,1.744545,2.086467,2.819956,3.705336,2.137755,3.178973,2.371512,2.565487,2.424773,2.051617,2.502691,2.643077,2.625981,3.062589,2.901820,2.103509,3.310341,3.100612,3.494298,2.330314,2.960470,2.125095,1.043586,3.262983,2.237208,2.896036,3.167622,2.972068,3.166333,3.204349,2.812918
12.927949,1.370402,-0.542723,1.799450,2.136769,2.816010,3.746103,2.138413,3.250646,2.414910,2.631241,2.445157,1.989151,2.527349,2.641104,2.617761,3.072123,2.914642,2.072582,3.467558,2.995586,3.522649,2.229154,2.950482,2.356409,1.077735,3.272004,2.276834,2.968846,3.160534,2.968202,3.150225,3.220457,2.880573
12.540474,1.045924,-0.552257,1.796162,2.110796,2.787407,3.733939,2.124933,3.240125,2.442198,2.622693,2.411622,1.900711,2.522089,2.686475,2.600994,3.062917,2.960341,2.133793,3.523293,2.944361,3.518783,2.110597,2.897003,2.707570,1.537143,3.273614,2.161499,2.956604,3.028446,2.761693,3.081926,3.166333,2.897003
14.856387,1.454164,-0.456913,1.750792,2.112111,2.795626,3.717171,2.114084,3.196070,2.414252,2.479020,2.338306,1.838902,2.493815,2.658200,2.570418,3.055027,2.979081,2.176319,3.525548,2.925998,3.509762,2.080314,2.876062,2.733987,1.595455,3.251063,2.138625,2.940173,2.977222,2.617363,3.018459,3.126063,2.849000
15.083553,1.735411,-0.404967,1.732709,2.146961,2.800558,3.698760,2.113098,3.170097,2.426088,2.385649,2.304442,1.835286,2.542144,2.649323,2.559240,3.054698,2.969875,2.157311,3.642172,2.963369,3.556798,2.098677,2.909567,2.945650,1.637336,3.235277,2.131216,2.911178,2.828060,2.435984,2.942428,3.020070,2.743008
15.687944,1.585200,-0.430282,1.726134,2.171948,2.795955,3.690212,2.117043,3.182919,2.439567,2.401430,2.276168,1.817203,2.553322,2.636173,2.551021,3.054040,2.970533,2.169231,3.705639,2.929864,3.552610,2.060984,2.900225,2.995586,1.661821,3.256862,2.116718,2.882505,2.644425,2.308729,2.895070,2.925031,2.677286
15.979983,1.302781,-0.434228,1.704764,2.161427,2.814695,3.664239,2.120988,3.209549,2.441540,2.424115,2.273867,1.821477,2.559898,2.623679,2.524062,3.047465,2.961656,2.185017,3.737855,2.944361,3.567752,2.085790,2.922454,3.013949,1.708857,3.266849,2.088368,2.896036,2.603510,2.296809,2.879928,2.881217,2.661178
16.798189,1.207011,-0.492420,1.736983,2.150906,2.816339,3.682650,2.123290,3.229604,2.458636,2.496445,2.286689,1.840217,2.597378,2.619405,2.559898,3.033328,2.950806,2.298420,3.781025,2.971101,3.591270,2.222711,2.983021,3.096423,1.613496,3.280380,2.192105,2.957248,2.647647,2.318716,2.891848,2.856732,2.655379
16.850746,0.881636,-0.460529,1.728764,2.182468,2.795955,3.682322,2.126248,3.223686,2.461266,2.494801,2.279127,1.834300,2.651296,2.629597,2.553322,3.031027,2.953765,2.306151,3.808732,3.019104,3.620265,2.336757,2.998485,3.191462,1.594810,3.262339,2.206602,2.988820,2.679219,2.325481,2.910212,2.892493,2.652157
16.854864,1.203956,-0.440146,1.755066,2.204825,2.800229,3.682979,2.129865,3.223029,2.463568,2.482308,2.263346,1.786956,2.708831,2.631241,2.552336,3.032999,2.952450,2.312273,3.840626,3.039722,3.635084,2.349644,3.032957,3.239143,1.673741,3.293589,2.226254,2.981088,2.725933,2.357698,2.900547,2.931475,2.704348
17.008261,1.273887,-0.474009,1.795833,2.221592,2.819627,3.709938,2.139728,3.214809,2.513870,2.531952,2.328772,1.877369,2.755188,2.641433,2.584555,3.033985,2.975464,2.322582,3.857379,3.026513,3.640883,2.331603,3.029413,3.266527,1.711112,3.326127,2.191783,2.974645,2.788755,2.361886,2.906668,2.962725,2.715302
17.401703,1.320804,-0.448694,1.844163,2.266963,2.834750,3.705664,2.138084,3.180946,2.512555,2.524062,2.316936,1.902355,2.768010,2.684173,2.577323,3.025109,2.993547,2.287788,3.861245,3.071939,3.652481,2.395713,3.042944,3.305187,1.682439,3.366398,2.200803,2.987531,2.799065,2.365108,2.900225,2.952093,2.734954
17.368754,1.532359,-0.443762,1.857642,2.256113,2.831134,3.708952,2.138413,3.150370,2.525377,2.536555,2.338635,1.982575,2.786421,2.683187,2.561213,3.030698,2.994862,2.295198,3.869621,3.095457,3.663435,2.420198,3.077738,3.320329,1.722066,3.366076,2.209180,2.987531,2.807441,2.355121,2.895070,2.957248,2.748162
17.796664,1.352914,-0.468420,1.866519,2.280113,2.833764,3.713884,2.132495,3.145110,2.543459,2.557267,2.338635,2.086467,2.789709,2.670365,2.599350,3.026424,2.994533,2.302608,3.868977,3.075160,3.655381,2.398935,3.060019,3.328383,1.669875,3.350612,2.188239,2.991075,2.778768,2.341590,2.878317,2.945650,2.770392
18.723247,1.397982,-0.479269,1.902684,2.297209,2.840011,3.724076,2.133153,3.212837,2.553322,2.587843,2.349484,2.219291,2.811736,2.678584,2.621707,3.029383,2.994204,2.313561,3.897005,3.135728,3.699840,2.519747,3.196295,3.491076,1.626705,3.372197,2.189850,2.995586,2.820650,2.345778,2.933085,2.991397,2.800353
19.670120,1.494484,-0.509188,1.908273,2.335347,2.861052,3.726377,2.156167,3.280235,2.551021,2.625323,2.329100,2.224551,2.835408,2.662803,2.615460,3.032999,3.001766,2.332891,3.912147,3.170844,3.710471,2.535855,3.209826,3.535213,1.615751,3.366398,2.147002,3.001707,2.842557,2.369296,2.983988,3.032635,2.820650
20.136902,1.423848,-0.586121,1.894793,2.340279,2.862367,3.723418,2.172605,3.269714,2.573377,2.688447,2.329429,2.168989,2.848230,2.671680,2.647680,3.035629,3.012615,2.357376,3.924067,3.204671,3.722069,2.587080,3.224645,3.553899,1.617684,3.357055,2.166332,2.993653,2.853188,2.399902,3.002995,3.057441,2.846745
21.166664,1.024696,-0.584806,1.883615,2.341265,2.884723,3.721117,2.172276,3.329222,2.585871,2.691406,2.328443,2.142029,2.861381,2.713105,2.710475,3.024122,3.024122,2.371873,3.959505,3.221424,3.745909,2.590946,3.233988,3.591592,1.582246,3.344169,2.148613,3.010727,2.861887,2.406989,3.018137,3.059697,2.874129
21.535835,0.942714,-0.614724,1.873095,2.336991,2.894587,3.692514,2.166359,3.328564,2.580610,2.724941,2.325813,2.202523,2.886039,2.750585,2.710475,3.018204,3.019848,2.412144,3.983346,3.279413,3.757829,2.631861,3.262017,3.638628,1.399900,3.359955,2.165043,3.016526,2.888304,2.475610,3.098034,3.110599,2.907312
21.794018,0.662758,-0.620313,1.868163,2.336004,2.886696,3.670157,2.164386,3.349277,2.605597,2.768996,2.312004,2.249866,2.889326,2.762749,2.730530,3.017876,3.016232,2.415366,4.021683,3.306153,3.775549,2.676320,3.267171,3.656347,1.362529,3.362854,2.189205,3.019104,2.913756,2.539399,3.149259,3.142815,2.939851
21.856311,0.592201,-0.605847,1.861916,2.327785,2.883737,3.658650,2.159783,3.396291,2.612501,2.768996,2.307730,2.259072,2.888997,2.763736,2.724283,3.004396,3.013930,2.447260,4.042624,3.334504,3.794556,2.784889,3.308086,3.693396,1.335467,3.385406,2.237530,3.078060,2.959181,2.590624,3.157957,3.231411,2.975933
22.417352,0.410756,-0.592039,1.856656,2.318251,2.888997,3.647472,2.160112,3.412730,2.607569,2.762749,2.298853,2.275182,2.891299,2.776558,2.704886,2.990916,3.005054,2.449515,4.059054,3.365110,3.826451,2.829348,3.336115,3.737533,1.278766,3.378640,2.250417,3.098034,3.002351,2.607698,3.170521,3.228189,2.987531
21.939745,0.701589,-0.586449,1.849423,2.308716,2.881765,3.639910,2.150906,3.410757,2.614145,2.762421,2.297209,2.287018,2.891299,2.771955,2.700940,2.985656,3.004067,2.450159,4.073552,3.385084,3.852224,2.899258,3.360921,3.744299,1.263947,3.364465,2.254927,3.110277,3.028446,2.615430,3.170844,3.254929,3.005251
22.150632,0.380470,-0.613409,1.818518,2.303456,2.884395,3.629390,2.142358,3.418319,2.632227,2.760777,2.288004,2.287018,2.915628,2.781489,2.703571,2.981382,3.008013,2.458536,4.098681,3.380896,3.885729,2.955315,3.391527,3.816786,1.279733,3.339981,2.246229,3.110599,3.069362,2.647003,3.166978,3.254929,3.009439
21.429105,0.491354,-0.554558,1.815560,2.288004,2.870915,3.618211,2.114413,3.398592,2.645378,2.733160,2.284059,2.288333,2.909381,2.778859,2.698639,2.979081,2.999136,2.446293,4.100614,3.389272,3.893783,2.961436,3.399903,3.841593,1.272967,3.325161,2.238819,3.116076,3.095457,2.763304,3.207248,3.248486,2.995908
20.670787,0.456515,-0.533517,1.787285,2.262031,2.852833,3.591252,2.082193,3.371962,2.599021,2.641104,2.230798,2.278141,2.878806,2.764064,2.688118,2.973492,2.989930,2.431796,4.089982,3.403125,3.872520,2.951449,3.383151,3.855124,1.151511,3.345135,2.233342,3.099645,3.109954,2.742363,3.218202,3.295844,3.001062
21.019703,0.213903,-0.509517,1.757367,2.235072,2.837052,3.569553,2.078248,3.389387,2.607241,2.615789,2.259730,2.292278,2.872888,2.735133,2.669707,2.965272,2.988944,2.420520,4.087405,3.398615,3.871232,2.948549,3.385084,3.859634,1.139269,3.349968,2.223355,3.101900,3.112854,2.713046,3.227867,3.296488,2.981732
21.316243,0.318164,-0.405296,1.755066,2.227181,2.802859,3.556402,2.062467,3.397606,2.595076,2.502034,2.318251,2.280442,2.830147,2.722311,2.650638,2.936669,2.977437,2.435662,4.091271,3.387339,3.876064,3.009761,3.397326,3.889595,1.061305,3.361888,2.214657,3.092880,3.111565,2.721101,3.246553,3.296166,2.982377
20.995464,0.272656,-0.363541,1.745531,2.237044,2.793654,3.540950,2.060165,3.382811,2.592117,2.456335,2.332388,2.308388,2.819956,2.705543,2.645707,2.902148,2.976122,2.437273,4.089016,3.391849,3.861889,3.046166,3.383151,3.925034,0.805828,3.329993,2.198226,3.082892,3.102222,2.630572,3.246553,3.313241,2.989464
21.036731,-0.065029,-0.351048,1.815888,2.249866,2.781161,3.534704,2.062138,3.369661,2.588829,2.424773,2.345868,2.296881,2.814366,2.714749,2.640775,2.900176,2.972505,2.422131,4.092238,3.397970,3.866399,3.096746,3.375097,3.946941,0.690815,3.327094,2.187917,3.070328,3.115109,2.643781,3.255573,3.313241,2.999129
20.462357,-0.734339,-0.302061,1.801751,2.258086,2.750585,3.509059,2.053919,3.358811,2.580610,2.412279,2.379074,2.283072,2.808449,2.713105,2.638145,2.888669,2.961656,2.418909,4.096748,3.397648,3.877997,3.151836,3.387017,3.968526,0.678250,3.363177,2.158278,3.060019,3.117364,2.665366,3.262339,3.317751,2.988176
20.918113,-0.870100,-0.260636,1.782682,2.251182,2.734804,3.494922,2.035179,3.349606,2.577651,2.359018,2.417211,2.272880,2.799243,2.693707,2.635844,2.886039,2.955080,2.427930,4.109635,3.403447,3.885085,3.178253,3.419556,3.965949,0.657632,3.359311,2.127672,3.044233,3.116076,2.694039,3.264272,3.320973,2.981410
20.997161,-0.577659,-0.179758,1.770847,2.236058,2.708831,3.487689,2.012494,3.325605,2.565487,2.308716,2.478691,2.271894,2.789051,2.679242,2.630912,2.883737,2.942587,2.382183,4.106091,3.405058,3.880897,3.184697,3.420522,3.973358,0.676640,3.346424,2.104476,3.035212,3.118009,2.719168,3.268138,3.326772,2.950160
20.075906,-0.850060,-0.252087,1.763285,2.183126,2.733160,3.469936,2.014466,3.323304,2.557596,2.339950,2.462581,2.267620,2.788722,2.670693,2.637159,2.893271,2.943245,2.429541,4.101258,3.424066,3.851258,3.169555,3.405058,3.966593,0.641846,3.370264,2.014914,3.012338,3.114465,2.675353,3.261372,3.347390,2.967557
19.975519,-1.204665,-0.332308,1.740271,2.161756,2.701598,3.424565,2.018083,3.303249,2.551678,2.423129,2.489869,2.260387,2.781818,2.664118,2.632885,2.897874,2.953108,2.428897,4.099970,3.407313,3.835471,3.162467,3.422133,3.969815,0.665364,3.361566,2.069682,3.017493,3.110921,2.642814,3.249452,3.338370,2.993975
19.882349,-1.204071,-0.142606,1.754408,2.134468,2.666419,3.401223,1.969425,3.285824,2.569103,2.263346,2.527021,2.264990,2.768996,2.648995,2.616446,2.878477,2.935354,2.423420,4.086116,3.425354,3.834183,3.151514,3.417623,3.977224,0.677606,3.373486,2.101899,3.039078,3.113498,2.619618,3.239787,3.323228,2.957248
19.349804,-0.904007,-0.209018,1.772162,2.038795,2.637816,3.379524,1.919123,3.264454,2.552007,2.262031,2.523075,2.245921,2.764064,2.608227,2.598364,2.855463,2.915957,2.434695,4.074518,3.459504,3.826773,3.147326,3.411179,3.974969,0.341588,3.334826,2.084824,3.045199,3.133472,2.744619,3.268460,3.375097,2.955637
18.436504,-0.310310,-0.188306,1.756381,2.041425,2.631241,3.424894,1.964164,3.286153,2.581597,2.287675,2.597706,2.233099,2.768996,2.610528,2.619405,2.927135,2.941601,2.425997,4.050356,3.465947,3.812598,3.131539,3.403447,3.974647,0.292297,3.323550,2.076448,3.038434,3.139916,2.759116,3.267171,3.351901,2.875740
17.611843,-0.653221,-0.278061,1.728106,2.085152,2.661488,3.441661,2.008548,3.302920,2.588829,2.371841,2.592446,2.213373,2.776558,2.603624,2.635844,2.969218,2.959026,2.390237,4.029737,3.450161,3.786180,3.138949,3.397648,3.968204,0.099320,3.334182,2.079669,3.039400,3.137661,2.758150,3.279413,3.366398,2.813240
15.526482,-1.179009,-0.330007,1.762627,2.123618,2.682858,3.436730,2.026960,3.290098,2.589816,2.427403,2.572391,2.225537,2.773599,2.602309,2.648995,3.015903,2.979409,2.364786,4.013951,3.489788,3.798100,3.133795,3.411179,3.966271,0.059049,3.321939,2.111241,3.029413,3.136694,2.772969,3.286823,3.380573,2.848356
10.895318,-0.139450,-0.372747,1.776765,2.134139,2.677926,3.446593,2.023014,3.309167,2.575350,2.459622,2.618419,2.222907,2.757818,2.574364,2.658529,3.026424,2.983684,2.347066,3.987856,3.493654,3.798422,3.093846,3.411179,3.957572,0.090299,3.291978,2.033600,3.014916,3.127351,2.765237,3.258473,3.376063,2.790366
5.299601,-1.258074,-0.381624,1.803724,2.141043,2.685159,3.484402,2.056220,3.353222,2.575679,2.465212,2.693379,2.254798,2.757160,2.583240,2.677269,3.037602,3.009328,2.361564,3.964338,3.499130,3.786180,3.164723,3.416334,3.932765,0.018134,3.316463,2.024257,3.004284,3.118975,2.765882,3.249774,3.405702,2.876707
0.488510,-3.134884,-0.378336,1.777751,2.169975,2.681543,3.515635,2.110467,3.364729,2.553322,2.419512,2.727571,2.286031,2.728228,2.592117,2.679242,3.045821,3.100397,2.390237,3.898938,3.497520,3.755896,3.197583,3.445651,3.873165,0.016846,3.318396,2.029734,2.971745,3.112210,2.823549,3.252029,3.394427,2.784889
-1.666320,-2.856795,-0.242224,1.755723,2.143345,2.575679,3.515306,2.082522,3.285166,2.313648,2.164057,2.701269,2.310360,2.501048,2.495459,2.600008,3.035958,3.083301,2.432440,3.781992,3.543589,3.751386,3.220457,3.457571,3.598035,0.155377,3.290045,1.679862,2.884761,3.076771,2.949194,3.253640,3.407958,2.753317
-2.080862,-1.870400,-0.127154,1.686681,2.103234,2.336991,3.564293,2.058193,3.233549,1.918794,1.896437,2.670036,2.343566,2.523075,2.554637,2.586857,3.031355,3.161877,2.432762,3.786824,3.580961,3.784569,3.271037,3.486888,3.536824,0.015879,3.338048,1.743006,2.873485,3.106733,3.003640,3.315174,3.460471,2.849322
-1.879611,-1.145678,-0.018001,1.695558,2.141372,2.271237,3.714870,2.095015,3.271687,1.879670,1.801094,2.719023,2.331073,2.527021,2.561870,2.634857,3.070150,3.196727,2.459824,3.789080,3.601257,3.789724,3.267493,3.489143,3.507507,0.015879,3.350290,1.804862,2.861565,3.110599,3.021359,3.319684,3.464659,2.836758
-2.026008,-0.243433,0.018492,1.667941,2.125262,2.241976,3.721445,2.024987,3.195412,1.820820,1.757038,2.701598,2.329758,2.524390,2.546089,2.640775,3.067520,3.188837,2.494296,3.765239,3.599002,3.783925,3.244297,3.486566,3.467558,0.015879,3.357378,1.787787,2.826449,3.103511,3.010083,3.296488,3.443396,2.813884
-2.539304,0.258504,0.029013,1.654790,2.115399,2.175893,3.686596,1.950356,3.105986,1.803724,1.718243,2.683844,2.324826,2.499733,2.530637,2.590473,3.033328,3.151685,2.479154,3.738822,3.586437,3.764273,3.192751,3.467236,3.458538,0.015235,3.346424,1.734630,2.806474,3.088369,2.981410,3.273292,3.415045,2.744296
-1.542745,-3.226668,0.006657,1.639338,2.110139,2.177866,3.681007,1.945753,3.105658,1.820491,1.720873,2.684502,2.319566,2.499404,2.528007,2.594747,3.026424,3.153658,2.440494,3.741721,3.584504,3.770394,3.216913,3.476579,3.473679,0.016201,3.344169,1.731086,2.797454,3.088691,2.969490,3.277158,3.418267,2.727866
-2.099237,-2.080622,0.015533,1.589036,2.084823,2.215674,3.688568,2.008548,3.231248,1.859615,1.719230,2.657214,2.302470,2.547404,2.552007,2.649652,3.056013,3.198700,2.426964,3.762984,3.592558,3.781025,3.257828,3.490754,3.460793,0.015879,3.355122,1.717878,2.804219,3.092235,2.992686,3.287468,3.425999,2.773291
-3.419762,-5.452361,-0.013070,1.680763,2.061481,2.135783,3.662267,1.990795,3.180617,1.796162,1.725476,2.635515,2.277812,2.549048,2.536226,2.602638,3.032013,3.189165,2.408278,3.746876,3.588692,3.759762,3.248808,3.474646,3.390561,0.014913,3.343524,1.685661,2.780379,3.090302,2.994941,3.273937,3.401514,2.733021
-2.863369,-10.746066,-0.052194,1.632434,1.924054,1.947397,3.589937,1.902026,3.002752,1.387828,1.650188,2.617104,2.258086,2.489869,2.481979,2.522747,2.990259,3.154644,2.423742,3.674066,3.572262,3.752675,3.246553,3.464337,3.218202,0.014268,3.305831,1.514269,2.711113,3.103511,3.007828,3.318073,3.399903,2.684052
-3.194002,-12.063242,-0.132414,1.551556,1.873423,1.918465,3.685938,1.937205,2.972177,1.261251,1.650516,2.515842,2.249538,2.463568,2.463568,2.533267,2.991245,3.200015,2.373484,3.525870,3.569363,3.756541,3.274259,3.454672,3.015238,0.013946,3.288756,1.330313,2.673098,3.058730,3.016849,3.337403,3.327416,2.613819
-3.271788,-12.391219,-0.232690,1.413143,1.819834,1.953644,3.688568,1.855670,2.898203,1.184976,1.662681,2.477376,2.179509,2.257099,2.450417,2.479020,2.981711,3.186206,2.296164,3.445973,3.572906,3.722391,3.241076,3.426965,2.645070,0.601575,3.211114,1.161176,2.675997,2.963691,2.947905,3.270071,3.296166,2.564206
-3.510603,-13.108595,-0.187648,1.321416,1.728106,1.902026,3.658979,1.838574,2.865655,1.194181,1.605803,2.447129,2.145975,2.231455,2.432006,2.446472,2.994204,3.169768,2.296164,3.435019,3.551643,3.709505,3.236888,3.426965,2.502028,0.570325,3.174387,1.088045,2.658923,2.935018,2.944683,3.273614,3.284890,2.552930
-4.186220,-14.217202,-0.070276,1.222784,1.616653,1.868821,3.636294,1.668270,2.817325,1.125139,1.455226,2.383019,2.128550,2.209099,2.407019,2.430691,3.012287,3.160234,2.291332,3.425354,3.534246,3.694685,3.219813,3.417300,2.428897,0.541975,3.123163,1.032954,2.677608,2.837080,2.914400,3.248808,3.249774,2.477221
-4.458731,-15.706285,-0.022933,1.218839,1.592652,1.853039,3.661609,1.680434,2.811079,1.095879,1.378622,2.369868,2.131180,2.207784,2.378087,2.419512,3.027739,3.169110,2.273613,3.417623,3.540045,3.696618,3.281346,3.437919,2.394747,0.436304,3.128962,1.009758,2.703381,2.798420,2.896036,3.241720,3.241076,2.498806
-4.550656,-16.532567,-0.048906,1.158016,1.536433,1.857314,3.681664,1.690298,2.795955,1.101139,1.396047,2.357046,2.109152,2.228825,2.351128,2.412608,3.052068,3.205604,2.265236,3.404092,3.548422,3.693074,3.349646,3.466914,2.320649,0.310016,3.141527,1.081601,2.696294,2.728510,2.898614,3.245908,3.241076,2.456603
-4.268934,-16.982705,-0.124852,1.120865,1.495994,1.827067,3.747418,1.696544,2.783133,1.065960,1.378622,2.351128,2.082193,2.215017,2.329429,2.413266,3.052725,3.211193,2.269747,3.410857,3.557442,3.698229,3.361888,3.477545,2.277157,0.295196,3.168266,1.084501,2.643459,2.775547,2.901191,3.260728,3.234632,2.504605
-4.034483,-17.730119,-0.208690,1.063330,1.444048,1.802737,3.787857,1.699174,2.758475,1.038672,1.337197,2.350799,2.070029,2.202852,2.332059,2.393868,3.052725,3.206261,2.267814,3.417300,3.567107,3.706283,3.372197,3.480445,2.224321,0.281021,3.166011,1.031666,2.614142,2.773936,2.888304,3.264272,3.220779,2.514593
-3.835465,-18.690251,-0.202772,1.065303,1.460815,1.796491,3.815145,1.708380,2.741051,1.031768,1.326019,2.350142,2.051289,2.195619,2.331402,2.403074,3.050753,3.211851,2.217878,3.397004,3.554865,3.694041,3.354800,3.470780,2.189205,0.251704,3.155380,1.044552,2.607376,2.759438,2.844168,3.250096,3.199194,2.491719
-3.746509,-19.033284,-0.195539,1.082399,1.441089,1.785970,3.847365,1.858629,2.762749,1.051823,1.316156,2.316607,2.042412,2.193318,2.317265,2.416553,3.042534,3.227632,2.182762,3.390883,3.541978,3.685987,3.345780,3.459504,2.156667,0.233018,3.142815,1.025222,2.594490,2.763304,2.815817,3.245908,3.189529,2.487208
-4.000943,-18.169667,-0.169237,1.074508,1.400979,1.751449,3.845721,1.899067,2.793654,1.109029,1.295772,2.327456,2.018083,2.187400,2.329100,2.474417,3.096123,3.236837,2.147002,3.378318,3.526192,3.675033,3.299066,3.433409,2.100288,0.020067,3.117042,0.945003,2.571616,2.757183,2.773936,3.208215,3.167944,2.471422
-3.420411,-19.769798,-0.122880,1.055768,1.351663,1.712983,3.842762,1.897752,2.783791,1.058727,1.235607,2.327785,1.988822,2.180167,2.342251,2.503678,3.098425,3.234536,2.170520,3.353189,3.521038,3.659569,3.295844,3.416334,2.053896,0.009436,3.107699,0.923418,2.541332,2.740108,2.723678,3.177287,3.137983,2.440494
-3.352277,-20.736518,-0.112688,1.017960,1.294128,1.694572,3.838159,1.896766,2.754201,1.034398,1.171825,2.301484,1.949369,2.163728,2.337977,2.504664,3.087904,3.221056,2.170842,3.340625,3.545200,3.660535,3.356733,3.461759,1.977543,0.008469,3.114787,0.886369,2.483020,2.741397,2.764271,3.175998,3.154413,2.486886
-3.271513,-21.483728,-0.078824,1.023220,1.264210,1.696873,3.826652,1.878684,2.750914,1.040645,1.107714,2.328443,1.925369,2.159783,2.333703,2.477705,3.060287,3.199686,2.168587,3.299388,3.546811,3.642816,3.374774,3.469813,1.942105,0.010080,3.111565,0.897001,2.431474,2.728188,2.743008,3.171488,3.174387,2.502995
-3.087016,-22.006097,0.010273,1.015987,1.241853,1.641968,3.818433,1.830683,2.669707,1.026508,1.018617,2.319566,1.861588,2.145317,2.305429,2.467513,3.036616,3.189165,2.165365,3.269104,3.546811,3.635729,3.384762,3.482700,1.868007,0.016523,3.117686,0.881537,2.392814,2.730121,2.727544,3.166978,3.168589,2.534889
-3.062478,-22.495949,-0.003207,1.004151,1.242511,1.632434,3.816789,1.836601,2.663132,1.028809,1.032426,2.308388,1.833313,2.141372,2.302141,2.473102,3.036616,3.181604,2.159888,3.261372,3.548422,3.628319,3.377352,3.471746,1.862530,0.020389,3.113498,0.837722,2.383793,2.725611,2.704670,3.170844,3.156346,2.533600
-3.104446,-22.684288,0.056301,1.005795,1.242840,1.616653,3.815803,1.845149,2.659187,1.047220,0.970945,2.292607,1.808655,2.137427,2.300826,2.477705,3.032670,3.172398,2.156667,3.246875,3.550355,3.625419,3.371875,3.464981,1.817427,0.008147,3.106733,0.858019,2.388948,2.717879,2.696616,3.155702,3.186308,2.507827
-2.757874,-22.784215,0.077343,1.001192,1.243497,1.617968,3.804953,1.840217,2.655241,1.026179,0.949904,2.297538,1.800436,2.136769,2.297209,2.476719,3.022807,3.165823,2.135726,3.206604,3.552610,3.618010,3.369620,3.461115,1.796164,0.011691,3.098679,0.792297,2.380572,2.715302,2.690173,3.165367,3.189851,2.519747
-2.700321,-22.019553,0.097069,1.015001,1.241524,1.601858,3.785884,1.826409,2.631570,1.037686,0.928862,2.295237,1.788600,2.124933,2.303127,2.474417,3.011629,3.150699,2.128316,3.168589,3.549066,3.584504,3.356411,3.442429,1.794231,0.008147,3.073872,0.801962,2.380894,2.705637,2.663111,3.140560,3.206604,2.522324
-2.852044,-21.357599,0.147700,1.009412,1.242511,1.588378,3.772734,1.819505,2.635844,1.052809,0.881519,2.290963,1.783669,2.120659,2.305429,2.467184,3.000122,3.131959,2.101254,3.162467,3.542623,3.557442,3.343847,3.423422,1.778445,0.013624,3.073550,0.784243,2.392814,2.696938,2.627350,3.146037,3.185663,2.516526
-2.461334,-21.002036,0.208194,1.018617,1.232648,1.574570,3.751692,1.817532,2.655570,1.055440,0.864752,2.294908,1.778408,2.113755,2.295894,2.458965,2.986314,3.116178,2.094811,3.145393,3.539723,3.544234,3.297133,3.386695,1.784888,0.008791,3.079349,0.771034,2.395713,2.677608,2.620907,3.143460,3.176320,2.449515
-2.372003,-19.544914,0.161180,1.017960,1.238237,1.580488,3.731309,1.814244,2.744338,1.056755,0.936095,2.307073,1.810957,2.109481,2.281757,2.454691,2.978752,3.104342,2.077414,3.147970,3.523615,3.527481,3.233344,3.344491,1.870584,0.008469,3.068073,0.803573,2.420520,2.642170,2.587402,3.140238,3.214980,2.502350
-2.887752,-17.659790,0.105288,1.015987,1.227058,1.598570,3.718486,1.809313,2.780174,1.096536,1.015329,2.332388,1.900711,2.110467,2.292935,2.457979,2.975793,3.096452,2.065816,3.134117,3.507185,3.501063,3.174065,3.280380,1.854476,0.008791,3.022003,0.776189,2.413433,2.609953,2.620907,3.132184,3.231089,2.380894
-3.897104,-14.685480,0.259154,1.034069,1.230346,1.652489,3.697445,1.815888,2.791024,1.135660,1.030782,2.349484,2.010521,2.134139,2.307073,2.460938,2.960670,3.063575,1.971422,3.128962,3.451450,3.434053,3.086114,3.193717,1.886692,0.008147,2.925031,0.742683,2.400224,2.569038,2.631861,3.119297,3.197583,2.275224
-3.433337,-10.072944,0.282168,1.035385,1.186620,1.576871,3.682650,1.801094,2.832120,1.053138,1.015658,2.349813,2.020055,2.129207,2.285045,2.451403,2.946204,3.055684,1.930507,3.083537,3.428254,3.414723,3.071939,3.170844,1.800996,0.007181,2.885727,0.656343,2.327737,2.500739,2.642170,3.121874,3.157635,2.227543
-3.938266,-4.949532,0.235153,0.949575,1.101796,1.566022,3.640897,1.775121,2.789380,1.028152,0.987384,2.358032,1.986849,2.075618,2.234085,2.421485,2.914313,2.997163,1.905378,3.047132,3.415367,3.383795,3.027802,3.105444,1.759437,0.006858,2.845779,0.559694,2.270069,2.375095,2.611564,3.097390,3.096423,2.109631
-3.268899,-0.203381,0.372580,0.949904,1.115605,1.360540,3.544567,1.727449,2.747297,1.026836,0.830560,2.315949,1.954630,2.084166,2.220277,2.417869,2.879463,2.953437,1.821937,3.005895,3.318396,3.287468,2.869941,2.889271,1.846744,0.007825,2.763304,0.493328,2.396358,2.145391,2.477221,3.009439,2.917944,2.041332
-2.075804,-0.611287,0.378498,0.925575,1.039330,1.258292,3.470264,1.531501,2.789051,1.086015,0.731271,2.278798,1.933917,2.081864,2.215345,2.417540,2.885710,2.908066,1.749128,2.964013,3.204993,3.209181,2.689851,2.705959,1.937272,0.008469,2.599966,0.557761,2.481087,1.978509,2.364463,2.881539,2.661822,2.052607
-1.497563,-0.881199,0.517897,0.917684,1.015987,1.225743,3.414373,1.504870,2.769654,1.083714,0.679653,2.246250,1.921424,2.075618,2.207126,2.414252,2.881765,2.875847,1.685017,2.922776,3.116076,3.193073,2.549709,2.590946,1.963690,0.008791,2.499773,0.614784,2.535855,1.790365,2.225932,2.707892,2.438884,1.787465
-0.587415,-1.858279,0.574117,0.956808,1.088646,1.208318,3.458757,1.496651,2.787736,1.066618,0.615214,2.212058,1.938520,2.074960,2.219619,2.417869,2.885381,2.871573,1.627671,2.879928,3.096746,3.193395,2.565172,2.617685,1.924386,0.008791,2.423098,0.460789,2.512015,1.736563,2.176319,2.619618,2.332569,1.465300
-3.503820,-1.007913,0.495541,0.947274,1.023220,1.176099,3.393990,1.467719,2.769654,1.064974,0.604693,2.170961,1.897424,2.067398,2.171619,2.396498,2.869600,2.844942,1.574836,2.867364,3.094813,3.190496,2.587080,2.616719,1.836112,0.007503,2.386049,0.342232,2.483987,1.688561,2.126705,2.605121,2.272968,1.311949
-4.679595,-1.636169,0.504418,0.886451,0.965027,1.082399,3.365715,1.412486,2.699954,1.018617,0.513295,2.167016,1.869478,2.027288,2.157153,2.384663,2.857435,2.832449,1.504282,2.897325,3.102222,3.191462,2.618330,2.702415,1.794875,0.006858,2.274901,0.044874,2.445649,1.692104,2.073870,2.575804,2.238819,1.279089
-6.867372,-1.289385,0.350224,0.650721,0.684585,1.013357,3.399250,1.211606,2.333703,0.794066,0.391649,1.981260,1.762299,1.977315,2.148276,2.281428,2.852504,2.849545,1.581279,2.866719,3.161823,3.220779,2.769103,2.858343,1.722710,0.006536,2.514593,0.451446,2.441139,1.702091,2.119940,2.685985,2.459824,1.425352
-8.498629,-1.479627,0.202934,0.298606,0.557021,0.984425,3.424894,1.081741,1.967452,0.398553,0.358772,1.648544,1.592652,1.636050,1.967123,2.154852,2.811736,2.842970,1.665687,2.865431,3.231733,3.217880,2.806797,2.972390,1.651189,0.007181,2.715302,0.549384,2.426319,1.686305,2.230443,2.763626,2.607698,1.593844
-9.493477,-0.884632,0.121398,0.220687,0.532035,0.969959,3.478813,0.882177,1.599885,0.231866,0.330826,1.501912,1.418075,1.373362,1.807998,2.047672,2.753873,2.887354,1.676318,2.824516,3.262983,3.240109,2.854155,3.155380,1.710790,0.007503,2.820005,0.570325,2.417943,1.702414,2.393780,2.866397,2.785856,1.941460
-10.560223,-1.299763,0.015533,0.213783,0.534665,0.959438,3.555087,0.752641,1.467391,0.127316,0.356470,1.486788,1.131715,1.211935,1.681750,1.958575,2.739735,2.897546,1.644424,2.784245,3.285212,3.257184,2.967235,3.216591,1.378638,0.138946,2.863498,0.523933,2.382827,1.691460,2.396358,2.877995,2.812918,1.998484
-10.890901,-1.518007,0.016848,0.218386,0.524802,0.930178,3.543580,0.751983,1.412157,0.033616,0.311757,1.445692,1.095550,1.184318,1.678791,1.927671,2.713434,2.890641,1.600287,2.758794,3.275870,3.230444,2.973034,3.264594,1.300996,0.006214,2.844490,0.524578,2.360920,1.685017,2.400546,2.909567,2.807763,2.006860
-12.063900,-1.879287,0.041506,0.011588,0.487979,0.900259,3.530101,0.688201,1.353636,0.011917,0.275264,1.405581,1.032097,1.151112,1.639338,1.875067,2.666091,2.885052,1.558406,2.702415,3.252996,3.205315,2.934374,3.260084,1.258792,0.005892,2.827415,0.449835,2.343523,1.656666,2.396680,2.922132,2.790688,1.863174
-13.232751,-1.558557,-0.104469,0.010931,0.447211,0.861464,3.614595,0.723380,1.107386,0.011917,0.304524,1.359225,0.928534,1.058399,1.622899,1.796820,2.651296,2.959354,1.521035,2.565817,3.240109,3.179864,2.948227,3.298421,1.027477,0.004603,2.823871,0.431150,2.336757,1.599965,2.398613,2.910534,2.878317,2.027156
-14.113050,-1.609010,-0.238608,0.010273,0.412033,0.850944,3.656678,0.724366,1.059385,0.012246,0.283812,1.339827,0.866396,1.055768,1.618625,1.784984,2.654912,3.029711,1.501383,2.574193,3.299710,3.217558,3.031990,3.397326,0.863495,0.003959,2.865109,0.353186,2.243329,1.622194,2.392492,2.954026,2.939529,2.030700
-16.000980,-0.405459,-0.253403,0.010273,0.396581,0.826614,3.666212,0.686229,0.978836,0.010273,0.264743,1.323717,0.779600,1.022234,1.583447,1.724819,2.651625,3.017547,1.488818,2.659889,3.295844,3.217880,3.037145,3.411501,0.785531,0.003637,2.814206,0.291652,2.078058,1.620584,2.374128,2.964980,2.941784,1.878638
-16.843619,-0.565998,-0.259649,0.009944,0.367977,0.828916,3.720788,0.630009,0.919328,0.010602,0.270990,1.310566,0.782230,1.021576,1.582461,1.695229,2.639131,3.069493,1.488174,2.570005,3.294233,3.225612,3.043910,3.409891,0.751704,0.002992,2.844490,0.243328,2.014270,1.541975,2.334180,2.969812,2.957892,1.878316
-17.871160,-0.028974,-0.257019,0.010273,0.355484,0.824971,3.755966,0.642831,0.884807,0.008958,0.263757,1.319115,0.774011,1.010069,1.564049,1.695887,2.634529,3.103685,1.492684,2.731410,3.320651,3.312274,3.132506,3.494942,0.640235,0.002348,2.859310,0.222065,1.939205,1.585145,2.380572,3.013627,3.072905,2.047775
-18.162586,-0.916638,-0.252745,0.010602,0.346278,0.826286,3.756295,0.607981,0.833190,0.009615,0.264743,1.313854,0.759874,1.005795,1.543337,1.703120,2.634200,3.105986,1.502993,2.749773,3.317751,3.340625,3.158924,3.511373,0.585789,0.002670,2.862209,0.233018,1.888625,1.584823,2.419232,3.007828,3.085470,2.155056
-19.206431,0.935691,-0.244855,0.011259,0.360416,0.823655,3.766816,0.598775,0.836478,0.009944,0.256852,1.292813,0.745736,0.998233,1.525912,1.688325,2.628282,3.122754,1.523290,2.756539,3.323550,3.351579,3.163112,3.522004,0.550029,0.002026,2.854155,0.075480,1.838045,1.609308,2.456925,3.038434,3.098356,2.202736
-19.661939,0.517497,-0.243211,0.009944,0.361073,0.821354,3.776679,0.544528,0.799984,0.011259,0.254880,1.284265,0.744750,1.002179,1.555830,1.846793,2.678255,3.138206,1.530377,2.763304,3.348679,3.390883,3.193073,3.535213,0.498804,0.001382,2.843523,0.038753,1.771357,1.652156,2.551964,3.053898,3.098679,2.238819
-19.934465,0.662293,-0.248471,0.009944,0.379156,0.835491,3.795419,0.455102,0.799655,0.010931,0.259154,1.270785,0.740476,0.984096,1.543008,1.894465,2.694365,3.156617,1.556473,2.777157,3.387017,3.420844,3.242364,3.555187,0.407954,0.001704,2.842879,0.103830,1.724965,1.740429,2.580314,3.077093,3.107377,2.266847
-20.055921,-0.244775,-0.266553,0.008629,0.390005,0.844039,3.804953,0.493897,0.819710,0.011917,0.278223,1.269470,0.732586,0.979165,1.542022,1.953315,2.713763,3.171412,1.579669,2.779090,3.398293,3.449839,3.253962,3.572584,0.412464,0.001704,2.832892,0.154410,1.700158,1.774579,2.597711,3.084503,3.134439,2.261048
-20.232232,0.139275,-0.257677,0.009944,0.377183,0.841738,3.807255,0.487322,0.821683,0.010602,0.268359,1.250072,0.721407,0.975877,1.525583,1.981589,2.743352,3.187521,1.543908,2.781023,3.411179,3.478190,3.281346,3.601579,0.348031,0.000737,2.839013,0.150544,1.642813,1.809050,2.605121,3.082570,3.141849,2.256216
-20.386544,0.120521,-0.234005,0.010273,0.350224,0.825628,3.810542,0.462335,0.800970,0.009944,0.244359,1.225743,0.706284,0.967329,1.477254,1.992767,2.779517,3.204618,1.671808,2.752673,3.435342,3.475290,3.304220,3.650870,0.021678,-0.000229,2.849645,0.186304,1.547130,1.823226,2.631539,3.101256,3.186630,2.282633
-20.511334,0.156586,-0.246827,0.009944,0.290387,0.807217,3.802323,0.342662,0.806231,0.010931,0.256195,1.191880,0.695434,0.955822,1.458842,1.997041,2.810750,3.204289,1.685017,2.747196,3.450483,3.472391,3.317107,3.656025,0.019101,0.000093,2.850289,0.146034,1.424707,1.812916,2.630572,3.104800,3.194684,2.281345
-20.092371,0.030199,-0.245512,0.009944,0.292031,0.809189,3.798049,0.338388,0.806888,0.009615,0.255866,1.201414,0.686229,0.937411,1.453582,2.001973,2.835408,3.204618,1.626383,2.733021,3.446940,3.474324,3.309375,3.652159,0.017168,0.000415,2.842235,0.150866,1.417620,1.768458,2.626062,3.108344,3.189529,2.272646
-20.317325,0.718056,-0.273129,0.010602,0.284798,0.800313,3.790158,0.351539,0.803929,0.009944,0.282168,1.182017,0.678009,0.922945,1.447007,2.001973,2.847901,3.203631,1.634759,2.733343,3.454349,3.476901,3.315174,3.658602,0.017490,-0.000551,2.835791,0.144745,1.402478,1.795842,2.613497,3.141527,3.181153,2.272002
-20.196719,0.613144,-0.257019,0.009944,0.263757,0.784860,3.776350,0.337402,0.783545,0.010602,0.267373,1.154400,0.659927,0.901574,1.412157,1.999671,2.876833,3.205933,1.671808,2.676320,3.459504,3.445651,3.325161,3.668267,0.016846,0.000093,2.857054,0.147322,1.396357,1.877027,2.627350,3.172777,3.193717,2.281989
-20.000757,0.360954,-0.264252,0.008958,0.272962,0.801956,3.778980,0.315045,0.789463,0.010602,0.274606,1.179715,0.661571,0.943000,1.426623,2.058193,2.923518,3.203303,1.614140,2.665044,3.455960,3.413434,3.313885,3.651837,0.016523,-0.000229,2.839335,0.241717,1.396679,1.873161,2.618008,3.179864,3.190496,2.339657
-19.599486,0.546435,-0.267869,0.010602,0.296634,0.811162,3.798707,0.347922,0.815436,0.009615,0.278551,1.204702,0.658941,0.962068,1.455555,2.098632,2.936340,3.204946,1.570004,2.690173,3.444040,3.459504,3.303254,3.658602,0.017168,-0.000551,2.785856,0.153444,1.371550,1.870262,2.616719,3.188885,3.187274,2.297453
-19.450085,0.521171,-0.266553,0.010273,0.297291,0.800641,3.806268,0.458390,0.807874,0.010273,0.276907,1.176428,0.650721,0.946287,1.437472,2.090741,2.937327,3.205604,1.550029,2.682119,3.441463,3.454672,3.291656,3.665046,0.016846,0.000415,2.771358,0.271678,1.272323,1.895391,2.621551,3.212725,3.188241,2.268458
-19.139028,-0.131967,-0.259649,0.011259,0.308798,0.820039,3.805282,0.437020,0.807217,0.010931,0.270332,1.208976,0.645461,0.943986,1.441418,2.106851,2.946204,3.210864,1.549063,2.666332,3.442751,3.439208,3.285212,3.660858,0.017490,0.000093,2.757827,0.302606,1.309694,1.951125,2.583536,3.202416,3.201772,2.272002
-19.065514,0.331551,-0.256690,0.010602,0.300579,0.828916,3.811857,0.441951,0.827272,0.009944,0.267373,1.195496,0.629351,0.958123,1.497638,2.129865,2.949163,3.202974,1.540687,2.667943,3.446295,3.447584,3.284246,3.657958,0.016201,-0.000229,2.726900,0.299384,1.269101,1.969811,2.589335,3.203060,3.198872,2.246229
-18.586871,0.358007,-0.252087,0.009615,0.317018,0.824642,3.810871,0.456417,0.867382,0.010273,0.263428,1.191551,0.637570,0.960753,1.558131,2.189044,2.962642,3.201330,1.533599,2.621874,3.443396,3.450483,3.273614,3.658602,0.017490,0.000093,2.677930,0.246227,1.144423,1.973677,2.600289,3.197906,3.193717,2.224966
-18.380862,0.552540,-0.254060,0.009944,0.310771,0.840752,3.799364,0.680968,0.883163,0.010602,0.264085,1.190236,0.611598,0.985411,1.609420,2.209756,2.952779,3.183905,1.550674,2.620907,3.436630,3.448873,3.247841,3.648937,0.016201,-0.000229,2.659245,0.242683,1.211434,1.922130,2.594812,3.172454,3.177931,2.202414
-18.327964,0.092944,-0.255375,0.010273,0.351539,0.858505,3.805611,0.705955,0.898615,0.010602,0.266715,1.164921,0.612913,0.993302,1.610077,2.212387,2.943245,3.169439,1.534888,2.600611,3.429865,3.442107,3.214658,3.640239,0.017490,-0.000874,2.650546,0.184371,1.261692,1.882182,2.571294,3.157957,3.166333,2.141525
-17.877320,0.287231,-0.251430,0.010602,0.373566,0.869355,3.809885,0.741134,0.923273,0.010931,0.261784,1.178400,0.635927,1.019603,1.613694,2.209428,2.951135,3.160891,1.543908,2.604799,3.432764,3.452416,3.202416,3.637662,0.016846,-0.000229,2.631216,0.196936,1.262014,1.889592,2.564850,3.155058,3.133150,2.074837
-17.530108,0.479030,-0.266882,0.010273,0.414663,0.883821,3.805282,0.900259,0.946616,0.011588,0.279538,1.166893,0.655982,1.043604,1.687667,2.234743,2.961327,3.154973,1.533599,2.574193,3.429865,3.449517,3.185663,3.629608,0.015879,-0.000551,2.611564,0.020712,1.244939,1.887337,2.552286,3.154413,3.116076,2.094811
-17.798609,1.128820,-0.266225,0.010273,0.438335,0.882506,3.781939,0.671434,0.950890,0.010602,0.278223,1.226072,0.677681,1.057741,1.768216,2.222250,2.931738,3.133274,1.550996,2.629283,3.431798,3.434375,3.155058,3.618010,0.017168,0.000415,2.587402,0.180183,1.400867,1.873161,2.570327,3.142815,3.103833,1.997517
-17.653755,0.726037,-0.180744,0.011588,0.456088,0.908807,3.787857,0.513952,0.946287,0.010273,0.272305,1.250072,0.685242,1.070563,1.768874,2.220277,2.927135,3.123411,1.561305,2.653768,3.436308,3.446295,3.160534,3.614144,0.016846,-0.000551,2.633149,0.246549,1.397645,1.892491,2.567750,3.138627,3.149903,2.016525
-17.823848,0.412966,-0.069290,0.010931,0.465951,0.905520,3.797391,0.581022,0.943986,0.011917,0.307154,1.302676,0.705626,1.086015,1.801094,2.223236,2.928450,3.148727,1.582568,2.666010,3.432120,3.457893,3.167300,3.614144,0.016201,-0.001196,2.648291,0.324191,1.389591,1.982697,2.570971,3.143460,3.158924,1.989785
-17.599603,0.244467,-0.017673,0.125343,0.521843,0.935438,3.801337,0.656968,1.012042,0.010931,0.312086,1.342786,0.747052,1.136975,1.872108,2.242962,2.942916,3.158590,1.562594,2.703059,3.439852,3.460793,3.171810,3.611244,0.016201,-0.000229,2.670198,0.355763,1.451447,2.005893,2.570005,3.144426,3.149581,2.007826
-17.861230,0.243070,-0.008467,0.116467,0.559652,0.967658,3.781939,0.843382,1.145194,0.012903,0.346936,1.429253,0.806231,1.177085,1.867505,2.290963,2.966259,3.179302,1.596743,2.739142,3.447584,3.474002,3.205638,3.610600,0.016523,0.001059,2.705959,0.366717,1.390880,2.108986,2.636693,3.151836,3.176965,2.081280
-17.850736,-0.342077,-0.021289,0.171043,0.581679,1.015658,3.834543,1.004809,1.316813,0.144412,0.398224,1.438787,0.830231,1.228702,1.908602,2.324169,2.992232,3.208234,1.692104,2.760083,3.463048,3.483344,3.257184,3.630574,0.016201,-0.000229,2.743974,0.372516,1.351576,2.285855,2.739464,3.154413,3.195006,2.195004
-16.717619,-1.319036,0.043808,0.348251,0.684914,1.086673,3.879255,1.304320,1.469363,0.188796,0.487322,1.444377,0.965027,1.232976,2.018083,2.424115,3.032999,3.251961,1.738496,2.754284,3.495587,3.506862,3.321617,3.661502,0.016846,-0.000229,2.783601,0.556472,1.198225,2.484953,2.820328,3.195650,3.234632,2.212724
-14.034633,-2.548421,-0.086386,0.760531,0.776970,1.433856,3.913776,1.685366,1.858300,0.562282,0.734558,1.771175,1.275388,1.739613,2.059179,2.564172,3.067849,3.279249,1.799385,2.720134,3.507829,3.513628,3.317107,3.669234,0.015879,0.000737,2.794876,0.550995,1.173740,2.566461,2.879928,3.226900,3.235921,2.238497
-9.038154,-2.212674,-0.189292,0.990672,1.135660,1.887232,3.936790,2.002302,2.423129,0.904205,1.111660,2.087453,1.654790,2.053261,2.186085,2.646693,3.080013,3.273659,1.710468,2.715624,3.491721,3.474324,3.273614,3.590303,0.017490,0.000415,2.635405,0.402477,1.100931,2.564206,2.837402,3.170521,3.160857,2.172453
-4.240976,-0.798249,-0.295814,1.206346,1.362841,2.145317,3.920680,2.093043,2.715078,1.122180,1.578844,2.245264,1.874738,2.138084,2.356388,2.629268,3.066205,3.229604,1.684050,2.641848,3.470780,3.409891,3.181797,3.499130,0.017168,0.000093,2.547453,0.344165,1.119295,2.526190,2.754606,3.148292,3.098679,2.098999
-3.648298,-0.089628,-0.406939,1.060371,1.184318,2.088769,3.816460,1.865533,2.857107,1.082399,1.640324,2.151564,1.736983,2.141372,2.323511,2.542802,2.960670,3.085931,1.506537,2.454025,3.338048,3.157313,2.741719,3.036178,0.013302,-0.000874,2.165365,0.009436,1.841589,1.951770,2.300030,3.041333,2.798742,1.426962
-2.411188,-1.407319,-0.131099,1.052152,1.190236,2.068056,3.799693,1.976986,3.268070,1.850409,1.669914,2.093371,1.879012,2.174578,2.401101,2.612830,2.916285,3.040561,1.374772,2.116396,3.097390,2.978511,1.942427,2.541332,0.010402,0.000093,2.018780,0.009114,2.018136,1.590944,2.118007,2.829670,2.442750,0.907310
-3.011501,4.327312,-0.216580,1.001521,1.205360,2.111783,3.815474,2.008220,3.285495,1.943780,1.751120,2.165372,1.883615,2.191016,2.409649,2.629597,2.925162,3.061273,1.334823,2.102221,3.079026,2.969812,1.932440,2.525224,0.011047,-0.000229,1.997195,0.008469,2.033600,1.552285,2.072259,2.831926,2.398613,0.837722
-1.827183,-0.903238,-0.078496,1.007439,1.264538,2.088111,3.828953,2.061809,3.292071,2.050631,1.639667,2.082851,1.909259,2.199236,2.458965,2.617104,2.948505,3.063904,1.320003,2.094811,3.045199,2.957892,1.916331,2.477543,0.011369,-0.000874,1.943393,0.008147,1.935661,1.488174,2.138625,2.785534,2.275546,0.551640
-1.802872,5.632069,-0.206059,1.034069,1.305306,2.157810,3.831912,2.072659,3.294701,1.972055,1.737641,2.192660,1.892821,2.181482,2.469157,2.674310,2.973820,3.082644,1.290686,2.087401,3.104478,2.976578,1.934695,2.554541,0.012335,0.000093,1.949837,0.007825,1.928896,1.470455,2.096100,2.834181,2.361564,0.838044
-1.303251,4.028018,-0.198169,1.048207,1.324375,2.125262,3.869392,2.128879,3.333496,2.131838,1.758682,2.038795,1.854683,2.223565,2.509924,2.663461,2.987958,3.112890,1.343844,2.092234,3.090624,2.989787,1.897646,2.503961,0.009436,-0.000229,1.931473,0.007181,2.115107,1.439849,2.126705,2.785534,2.272324,0.633147
-0.855479,6.643348,-0.296472,1.052152,1.323717,2.154852,3.862159,2.149920,3.327907,2.103892,1.858629,2.170961,1.824108,2.187400,2.529651,2.667077,2.981711,3.114534,1.337400,2.102221,3.132184,3.005573,1.898934,2.539077,0.011691,0.000093,1.995262,0.008147,2.142169,1.447259,2.098999,2.770070,2.359953,0.761691
-0.314679,8.931181,-0.283650,1.046234,1.371389,2.100276,3.855584,2.156495,3.328893,2.096659,1.841532,2.180496,1.836601,2.192331,2.501048,2.675954,2.982040,3.138535,1.374127,2.106731,3.122197,3.041333,1.877672,2.535855,0.011369,-0.000229,2.051319,0.008791,2.165043,1.520712,2.065172,2.734632,2.279734,0.831601
0.185862,12.052329,-0.285294,1.039659,1.281963,2.096001,3.845392,2.161427,3.339742,2.093043,1.843505,2.149262,1.843176,2.185099,2.502691,2.668392,2.984012,3.149055,1.462723,2.106731,3.113176,3.072583,1.898290,2.521680,0.011691,-0.000551,2.126061,0.008791,2.213368,1.517169,2.044875,2.690817,2.233020,0.925351
0.362619,12.835457,-0.320143,1.045248,1.436815,2.086467,3.839474,2.162085,3.372948,2.131509,1.857314,2.159126,1.867505,2.194304,2.511240,2.641433,2.973820,3.144453,1.489140,2.085146,3.095457,3.051642,1.888303,2.470456,0.011047,0.000093,2.160533,0.137657,2.256216,1.429217,2.010726,2.629606,2.162466,1.020390
0.899649,15.994678,-0.360582,1.089303,1.475939,2.113755,3.860187,2.181482,3.376894,2.143673,1.898739,2.156167,1.926684,2.208441,2.535240,2.676611,2.987958,3.141822,1.526189,2.089334,3.086758,3.046810,1.889270,2.464335,0.011369,-0.000229,2.234953,0.143779,2.301641,1.457246,2.147002,2.625417,2.118007,1.094166
0.977564,17.138752,-0.507215,1.108372,1.503227,2.102906,3.863803,2.168989,3.370647,2.134139,2.064439,2.196277,1.947726,2.210743,2.530637,2.659515,2.989930,3.142809,1.567104,2.057440,3.098034,3.087725,1.893780,2.477221,0.011369,-0.000874,2.271035,0.149900,2.304218,1.520390,2.164399,2.626384,2.140558,1.066137
1.031123,17.855351,-0.540092,1.118235,1.548597,2.095015,3.847365,2.171948,3.375578,2.141043,2.102906,2.220606,1.951671,2.241318,2.531952,2.683187,3.000122,3.153329,1.572581,2.040687,3.089980,3.068717,1.912143,2.459502,0.012013,0.000415,2.241396,0.009436,2.310017,1.534888,2.153123,2.598356,2.113497,1.197581
0.848453,18.485414,-0.574285,1.121852,1.569967,2.096330,3.845392,2.168002,3.376565,2.126906,2.142029,2.243949,1.957589,2.258414,2.542473,2.657543,3.004725,3.163850,1.667298,2.105442,3.107055,3.079026,1.924386,2.475288,0.011369,0.001059,2.365108,0.405699,2.335146,1.584823,2.177930,2.610276,2.117040,1.267813
0.898317,18.460287,-0.626560,1.130400,1.567995,2.071672,3.847036,2.173592,3.373606,2.122961,2.195948,2.275839,1.980603,2.251182,2.552665,2.629597,3.007684,3.174371,1.690816,2.128638,3.112854,3.097390,1.942105,2.476255,0.010724,-0.000551,2.456603,0.472065,2.372840,1.589978,2.179863,2.611564,2.079347,1.357375
0.655617,18.946267,-0.634450,1.138948,1.609749,2.050631,3.834214,2.173592,3.370976,2.102577,2.203181,2.272552,2.013809,2.249538,2.541486,2.633871,3.011958,3.170097,1.765236,2.204025,3.110277,3.118975,1.987852,2.513304,0.489462,0.000415,2.520069,0.646034,2.417621,1.638303,2.189850,2.640559,2.127350,1.420197
0.363249,18.302455,-0.709411,1.145194,1.633749,2.050302,3.824022,2.174578,3.372948,2.113098,2.284059,2.293922,2.025644,2.258743,2.550035,2.632556,3.005054,3.178973,1.801641,2.276512,3.105444,3.159246,2.006860,2.542943,0.681472,0.002670,2.566783,0.680828,2.457891,1.717233,2.203059,2.653124,2.166010,1.585468
0.591086,18.657874,-0.737685,1.149797,1.662681,2.061809,3.811857,2.181482,3.374263,2.061481,2.315621,2.338306,1.979288,2.253154,2.555952,2.627624,3.001766,3.179631,1.851254,2.389270,3.102545,3.178253,2.036821,2.570005,0.714655,0.002992,2.732376,0.848354,2.498484,1.782311,2.183729,2.692750,2.204347,1.731731
0.774190,19.491150,-0.758398,1.197469,1.737969,2.078248,3.806268,2.188715,3.367359,2.035836,2.359676,2.359347,2.018740,2.258743,2.564172,2.616775,3.008341,3.174042,1.869940,2.470778,3.102545,3.265883,2.045520,2.588691,0.769101,0.004603,2.787145,0.952735,2.521036,1.819360,2.221744,2.730766,2.213046,1.724965
0.693670,19.513419,-0.808371,1.233305,1.769203,2.090412,3.795090,2.189701,3.374263,2.035508,2.461266,2.265319,2.013480,2.274524,2.569432,2.608556,3.004067,3.174699,1.864785,2.577737,3.102545,3.284246,2.025223,2.588368,0.797774,0.004281,2.781346,0.973032,2.539721,1.848032,2.266203,2.789722,2.232053,1.836434
0.613723,18.994986,-0.819550,1.264538,1.825751,2.112111,3.800350,2.184441,3.367688,2.064439,2.484609,2.303785,1.978630,2.303127,2.564500,2.603953,2.996177,3.180946,1.891203,2.626062,3.112210,3.296166,2.063561,2.605765,0.826769,0.004925,2.867686,1.136047,2.556152,1.889270,2.265236,2.802608,2.272968,2.050997
0.886149,19.052293,-0.786672,1.307936,1.888547,2.105865,3.805939,2.182140,3.373277,2.085152,2.455677,2.426745,2.028275,2.318251,2.570418,2.598035,2.997492,3.176343,1.921808,2.768781,3.117042,3.352223,2.104154,2.667621,1.007181,0.002992,2.973034,1.284243,2.579026,2.077092,2.297775,2.840624,2.314528,2.144102
1.136516,19.634273,-0.809029,1.310566,1.899067,2.164057,3.787857,2.169317,3.365058,2.054248,2.472773,2.431019,2.033206,2.318908,2.566144,2.583569,2.996177,3.164179,1.985597,2.879606,3.118653,3.402481,2.133793,2.703704,1.087078,0.423096,3.030057,1.421163,2.589979,2.219489,2.337402,2.910856,2.371551,2.182118
1.167007,20.139011,-0.956319,1.315498,1.905643,2.168331,3.779309,2.179509,3.360784,2.059508,2.586199,2.401430,2.062138,2.312662,2.563843,2.579953,2.986314,3.169439,2.031989,2.904413,3.114787,3.415367,2.119940,2.704026,1.137980,0.529732,3.055186,1.505571,2.596423,2.296487,2.346100,2.921165,2.397969,2.202414
1.344705,19.383542,-1.007608,1.306950,1.890848,2.168660,3.774706,2.174578,3.346318,2.058193,2.623350,2.432334,2.055563,2.315949,2.564829,2.578966,2.976451,3.161220,2.060984,2.995908,3.106411,3.471102,2.124450,2.783923,1.272323,0.589333,3.079671,1.490751,2.610598,2.396036,2.352865,2.910534,2.412466,2.249128
1.356578,19.337500,-1.021745,1.315498,1.904985,2.168002,3.760240,2.172934,3.347962,2.050631,2.658858,2.441540,2.040439,2.320881,2.557267,2.563514,2.965272,3.154973,2.060984,3.099001,3.101578,3.502352,2.120906,2.801320,1.421486,0.648611,3.119619,1.578702,2.634116,2.449515,2.378639,2.924065,2.471100,2.322582
1.531662,19.176920,-0.995443,1.324375,1.895780,2.177208,3.730980,2.171948,3.310482,2.051946,2.640775,2.425759,1.988165,2.326141,2.571405,2.548062,2.972177,3.146754,2.073870,3.172777,3.093846,3.564208,2.125417,2.819683,1.558084,0.683727,3.103189,1.641847,2.643137,2.494296,2.380250,2.940173,2.532956,2.358020
1.435146,18.495474,-1.033252,1.406568,1.895122,2.195619,3.733281,2.167674,3.287797,2.052275,2.712447,2.446143,1.994082,2.340936,2.587514,2.533925,2.965601,3.138206,2.092234,3.152480,3.109310,3.470780,2.162144,2.820328,1.618329,0.913753,3.127673,1.680184,2.655379,2.464013,2.405378,2.943073,2.584825,2.385726
1.397981,19.198886,-0.975059,1.424650,1.956602,2.327785,3.717829,2.160769,3.305221,2.125591,2.754201,2.431348,1.978301,2.360662,2.604282,2.521103,2.964615,3.131630,2.135404,3.155702,3.117364,3.399903,2.164077,2.845456,1.622517,1.244939,3.167300,1.748483,2.706925,2.479799,2.470456,2.952415,2.627673,2.424708
1.537849,18.788337,-0.900099,1.468377,1.952328,2.262360,3.710925,2.132166,3.296016,2.129536,2.699954,2.490527,1.971397,2.366580,2.602638,2.499075,2.958039,3.119466,2.150868,3.204671,3.125418,3.424066,2.164077,2.863820,1.721099,1.421163,3.193717,1.819682,2.737853,2.496551,2.499129,2.954993,2.702737,2.495263
1.050789,18.147155,-0.738671,1.455226,2.003288,2.479349,3.686267,2.136769,3.285166,2.127892,2.550692,2.523075,1.949041,2.338635,2.601652,2.469157,2.944889,3.098425,2.182440,3.261372,3.121230,3.496231,2.183084,2.871874,1.778767,1.591589,3.222068,1.886370,2.739464,2.504605,2.551642,2.956926,2.807441,2.590946
0.555162,15.522988,-0.653848,1.471007,1.991123,2.513541,3.702377,2.136440,3.297331,2.174249,2.456992,2.492828,1.970411,2.354416,2.605597,2.446800,2.928121,3.080013,2.203381,3.307442,3.122841,3.570329,2.208858,2.889593,1.850932,1.682762,3.230122,1.987852,2.780701,2.593845,2.736242,3.042944,2.923098,2.752995
0.926686,13.806059,-0.570668,1.581474,1.951671,2.502691,3.714212,2.144988,3.304235,2.215017,2.409649,2.413266,1.968767,2.355731,2.594419,2.435951,2.912998,3.056013,2.196615,3.362532,3.124452,3.672133,2.360920,2.915044,2.104798,1.870262,3.280702,2.090623,2.799709,2.853188,2.929864,3.070328,3.088691,2.847067
-0.951943,8.542941,-0.465461,1.567008,1.986192,2.481650,3.708623,2.129536,3.314098,2.285374,2.365265,2.326141,1.968438,2.343566,2.585871,2.498417,2.925820,3.042205,2.214657,3.442107,3.137338,3.771038,2.368974,2.918910,2.299708,2.026834,3.367365,2.168587,2.864464,3.037789,2.987854,3.089336,3.224645,2.936951
-0.564804,1.641515,-0.264581,1.599885,1.956602,2.345868,3.651088,2.089097,3.251632,2.278141,2.168989,2.068385,1.969753,2.368553,2.573377,2.511240,2.907409,3.013602,2.132504,3.451128,3.068073,3.753964,2.246873,2.894426,2.353510,1.978831,3.263627,2.142491,2.857054,3.022325,2.947583,3.074194,3.282957,2.975611
-0.959273,-2.123513,-0.327376,1.650845,1.934904,2.339950,3.630376,2.043727,3.184891,2.140386,2.190359,2.304114,2.101591,2.401759,2.572720,2.483294,2.891956,2.987300,2.031989,3.408280,3.035212,3.630574,2.132182,2.847712,2.305829,1.412143,3.241720,2.051963,2.862531,2.976256,2.880895,3.056475,3.307764,2.844490
-0.327106,-2.813241,-0.079811,1.703777,1.989480,2.283730,3.585663,1.857642,3.056671,1.908931,1.915506,2.501376,2.141372,2.291620,2.546089,2.405375,2.813709,2.906422,2.034566,3.365754,3.080959,3.540690,2.156989,2.875418,2.169876,1.270390,3.197583,2.029411,2.861887,2.924709,2.776513,3.036178,3.277158,2.721745
-0.212662,-3.017186,-0.112030,1.758025,1.991123,2.192331,3.573827,1.824108,2.994204,1.865204,1.913533,2.511568,2.113426,2.301484,2.497431,2.341922,2.788722,2.874203,2.065816,3.364787,3.085792,3.557442,2.203381,2.885405,2.248484,1.412465,3.204349,2.024579,2.849967,2.966591,2.777802,3.027158,3.276192,2.731410
0.203117,-4.192528,-0.214607,1.766573,2.025973,2.446472,3.581060,1.884930,3.034972,1.884273,2.011507,2.458965,2.168331,2.353101,2.498089,2.339292,2.784120,2.889984,2.055185,3.382506,3.065818,3.563241,2.175997,2.882183,2.288755,1.693715,3.222712,2.023612,2.850611,3.004928,2.823549,3.028446,3.277158,2.801320
3.114060,-1.888512,-0.232690,1.779723,2.046357,2.458965,3.578430,1.887232,3.022807,1.893807,2.060823,2.460938,2.156824,2.353758,2.475732,2.330744,2.781818,2.886696,2.115752,3.371231,3.067751,3.530703,2.245262,2.905379,2.243329,1.588045,3.215303,2.052285,2.851900,3.014916,2.830315,3.024258,3.308731,2.836758
7.995825,-1.734149,-0.229731,1.754408,2.035508,2.466527,3.583690,1.876711,2.968889,1.929643,2.084823,2.445485,2.182468,2.373484,2.503020,2.326141,2.785106,2.906751,2.080636,3.387339,3.036823,3.553254,2.274901,2.933730,2.377028,1.689205,3.202738,1.966589,2.871552,3.048743,2.800998,3.021681,3.306798,2.860276
10.318779,-0.541743,-0.357624,1.758353,2.044384,2.536226,3.613609,1.908602,2.998807,1.964164,2.167345,2.386306,2.108495,2.403074,2.511568,2.361977,2.828175,2.938642,2.069682,3.365754,2.890882,3.534891,2.118651,2.874451,2.377350,1.401189,3.160857,1.935339,2.859310,2.865753,2.508794,2.898936,3.215947,2.751384
13.555340,0.940103,-0.452310,1.731065,2.049645,2.677269,3.626431,1.926355,3.074096,2.086467,2.290963,2.311347,2.056549,2.418526,2.549048,2.386635,2.914970,2.948176,2.102221,3.406991,2.892493,3.532958,2.103832,2.857377,2.454992,1.575803,3.139271,1.891203,2.798742,2.563884,2.271035,2.762660,3.140238,2.714979
14.604263,1.714823,-0.408583,1.724161,2.066412,2.737763,3.657006,1.998028,3.131302,2.245264,2.279785,2.272552,2.027946,2.456664,2.584227,2.449102,2.980725,2.956396,2.109953,3.463692,2.888627,3.541334,2.114141,2.871230,2.514915,1.586112,3.163434,1.919553,2.801964,2.527479,2.257182,2.733665,3.112210,2.732699
14.819701,1.161083,-0.399049,1.739942,2.104221,2.806476,3.664897,2.051617,3.142480,2.321539,2.325813,2.294579,1.992439,2.482308,2.583898,2.486582,3.022150,2.979738,2.130571,3.575806,2.886371,3.542623,2.102221,2.866397,2.748485,1.709179,3.167300,1.923741,2.813884,2.461757,2.175675,2.707892,3.082248,2.734954
16.542527,2.113822,-0.435214,1.737969,2.081536,2.809435,3.657006,2.032549,3.133274,2.312333,2.352772,2.274853,1.969425,2.478362,2.582912,2.478691,3.016232,2.969875,2.137337,3.575806,2.915689,3.534246,2.066460,2.865109,2.744619,1.707568,3.160534,1.929540,2.799387,2.430507,2.133149,2.705637,3.073872,2.679863
17.261387,2.377064,-0.504585,1.746189,2.130194,2.820284,3.680678,2.060823,3.134918,2.335676,2.433650,2.329429,1.970082,2.480335,2.587514,2.474746,3.029054,2.982368,2.153445,3.588370,2.895714,3.542623,2.047775,2.867042,2.795843,1.746228,3.194362,1.939527,2.804864,2.448549,2.169876,2.762982,3.030702,2.668588
18.413461,2.551439,-0.579545,1.744874,2.155509,2.841654,3.687253,2.075618,3.115849,2.371841,2.524719,2.313977,1.973370,2.534911,2.577980,2.487897,3.043191,2.992232,2.188883,3.615754,2.923098,3.559698,2.070004,2.877995,2.843846,1.755893,3.230766,1.983986,2.847389,2.449515,2.201770,2.774258,2.985921,2.599966
18.609587,2.864729,-0.631163,1.729093,2.172934,2.835079,3.700733,2.095673,3.085274,2.410964,2.603624,2.369539,2.017096,2.587514,2.617761,2.519130,3.044506,3.001766,2.218523,3.663113,2.946294,3.578705,2.175352,2.936951,2.887982,1.704347,3.248486,1.993651,2.900547,2.455636,2.227221,2.845134,2.969812,2.589335
19.435349,2.701308,-0.645629,1.723504,2.148605,2.849545,3.715856,2.102906,3.083959,2.427403,2.648337,2.375457,2.049316,2.617761,2.629926,2.539843,3.051082,3.002095,2.300353,3.710471,2.958859,3.597069,2.242363,2.957892,3.001707,1.685983,3.252029,2.027156,2.921810,2.493007,2.230120,2.844812,2.959503,2.608343
19.531523,2.482960,-0.675547,1.713312,2.177208,2.852175,3.742158,2.113426,3.159247,2.476719,2.691077,2.400115,2.048330,2.710146,2.640447,2.538856,3.059301,3.013273,2.305829,3.780703,2.984954,3.623486,2.338046,2.990109,3.102545,1.604798,3.303254,2.048419,2.941462,2.541654,2.242041,2.914400,2.957570,2.617685
20.357950,2.610383,-0.694616,1.717914,2.192331,2.843627,3.739857,2.098303,3.186535,2.476719,2.710475,2.389265,2.037809,2.730530,2.642419,2.553322,3.052397,3.010643,2.295842,3.814208,3.039078,3.634762,2.434695,3.015560,3.124130,1.541975,3.304865,2.090945,2.934052,2.552930,2.253639,2.898292,2.949516,2.624773
20.654911,2.554022,-0.698561,1.733695,2.219619,2.847901,3.754651,2.101591,3.208234,2.478362,2.709817,2.406033,2.045699,2.736776,2.632227,2.532610,3.061602,3.002095,2.274257,3.830317,3.071617,3.638950,2.426641,3.023292,3.135083,1.453702,3.298743,2.075159,2.935341,2.568072,2.230765,2.905057,2.913111,2.607698
21.291507,2.750511,-0.735712,1.779066,2.223236,2.857435,3.764514,2.140386,3.217768,2.487897,2.754201,2.410964,2.033206,2.748941,2.660173,2.548062,3.066534,3.008670,2.248806,3.843203,3.105444,3.637662,2.454670,3.027158,3.146681,1.494617,3.306475,2.060661,2.924709,2.588046,2.251706,2.909567,2.881861,2.597067
21.520710,2.462401,-0.720260,1.818847,2.270250,2.888340,3.760569,2.142358,3.225330,2.497431,2.747297,2.394855,2.050960,2.773928,2.662474,2.562199,3.065876,3.009656,2.254283,3.860278,3.117686,3.642494,2.470778,3.072905,3.178898,1.480764,3.281346,2.075481,2.931152,2.589335,2.246229,2.925998,2.863498,2.584502
21.788143,2.783225,-0.742617,1.819176,2.289648,2.883408,3.757610,2.144660,3.250317,2.492171,2.765380,2.384005,2.049645,2.769982,2.676283,2.583240,3.068835,3.011300,2.238175,3.873487,3.136372,3.652159,2.526835,3.113176,3.214980,1.451769,3.280380,2.089979,2.932441,2.579348,2.233986,2.968202,2.846423,2.584502
21.613276,3.201590,-0.710726,1.799121,2.324826,2.901820,3.778323,2.144331,3.241440,2.512883,2.777873,2.369868,2.049645,2.791352,2.687790,2.602309,3.077712,3.028725,2.228187,3.886374,3.149259,3.670200,2.523935,3.132506,3.282957,1.446937,3.292944,2.119940,2.945328,2.589979,2.230443,2.974967,2.861565,2.609953
21.677099,3.363701,-0.677520,1.823121,2.323511,2.896230,3.782926,2.137098,3.281550,2.537212,2.794969,2.369868,2.073645,2.825216,2.708831,2.640447,3.092835,3.028725,2.214979,3.906026,3.172132,3.684054,2.577737,3.179542,3.356733,1.425996,3.286823,2.119940,2.954993,2.627350,2.243651,2.975933,2.974645,2.695005
21.353363,3.435033,-0.651875,1.775449,2.335347,2.906094,3.785884,2.130522,3.290756,2.506308,2.792668,2.358361,2.078577,2.851518,2.742694,2.651954,3.098096,3.049766,2.229154,3.922778,3.188563,3.705639,2.624451,3.224967,3.431798,1.456924,3.290045,2.174708,2.971101,2.740108,2.259438,3.009117,3.031346,2.735920
21.169984,2.785744,-0.636423,1.778408,2.322196,2.905436,3.775035,2.123290,3.300947,2.500719,2.781489,2.341594,2.031234,2.866970,2.761434,2.676283,3.096123,3.041876,2.256538,3.931155,3.227545,3.723358,2.618652,3.244297,3.474002,1.408277,3.310019,2.157311,2.992364,2.764593,2.291332,3.027158,3.047776,2.745585
20.870947,2.464011,-0.591381,1.782682,2.285045,2.911025,3.755966,2.128550,3.294043,2.534582,2.745982,2.316278,1.987836,2.865983,2.768996,2.665104,3.094808,3.044835,2.246873,3.946619,3.230766,3.723036,2.628961,3.252674,3.518460,1.381859,3.305509,2.116074,2.998485,2.819361,2.304218,3.028446,3.056797,2.751384
20.500129,2.547003,-0.584148,1.728435,2.241318,2.864340,3.708952,2.135125,3.348948,2.506965,2.688447,2.311347,2.010850,2.844942,2.765051,2.661159,3.077054,3.013602,2.232376,3.954351,3.285212,3.729157,2.635405,3.256540,3.531347,1.348354,3.301321,2.106087,2.994941,2.826771,2.301963,3.038111,3.040689,2.743008
20.475888,2.548623,-0.568038,1.746189,2.208441,2.809435,3.686596,2.137098,3.329222,2.516500,2.684173,2.300826,2.126577,2.849545,2.784777,2.684173,3.073438,3.007355,2.263626,3.955961,3.310341,3.731734,2.713046,3.276514,3.578383,1.250094,3.299066,2.073870,2.987209,2.859632,2.313561,3.039400,3.059697,2.772647
20.731770,2.521657,-0.525955,1.730079,2.183126,2.802859,3.663253,2.119344,3.361770,2.560884,2.658858,2.293922,2.139728,2.836065,2.796613,2.683844,3.068835,2.997821,2.300997,3.962727,3.324194,3.731090,2.729799,3.278769,3.594169,1.259436,3.293267,2.059373,2.981410,2.868652,2.315494,3.037467,3.050998,2.765237
20.341586,2.644656,-0.511818,1.749148,2.160441,2.788065,3.645499,2.121974,3.355852,2.539185,2.634857,2.269264,2.131180,2.830147,2.825873,2.671680,3.064561,2.994862,2.336435,3.972070,3.336115,3.734634,2.742041,3.287145,3.648937,1.257503,3.283602,2.085146,2.983665,2.872841,2.318716,3.035534,3.060663,2.757827
19.875392,2.354269,-0.488475,1.767230,2.156495,2.771626,3.617554,2.087782,3.330537,2.543788,2.590473,2.244935,2.120002,2.829161,2.828175,2.664447,3.056999,2.984341,2.330314,3.972714,3.349001,3.740433,2.789400,3.295200,3.676322,1.254604,3.273292,2.080314,2.979477,2.881539,2.318716,3.031990,3.101900,2.761371
19.648043,2.171070,-0.406939,1.797477,2.137427,2.758475,3.593554,2.066741,3.309824,2.523404,2.520445,2.214688,2.092714,2.811079,2.828832,2.657214,3.047794,2.975793,2.308084,3.972714,3.355767,3.747198,2.877029,3.309053,3.717237,1.223032,3.263305,2.078381,2.968846,2.901513,2.321938,3.028124,3.146037,2.776191
18.984157,2.130890,-0.292527,1.783669,2.111454,2.739407,3.562320,2.042083,3.293386,2.515842,2.396827,2.180496,2.073316,2.776887,2.794311,2.632227,3.023136,2.959683,2.244940,3.968526,3.362854,3.750742,2.895070,3.303254,3.740110,1.231730,3.234955,2.070649,2.966913,2.894426,2.294554,3.005251,3.181475,2.857699
19.737008,1.571617,-0.274773,1.768216,2.089426,2.721982,3.520566,2.022357,3.291742,2.508281,2.306415,2.152221,2.022028,2.767023,2.755188,2.630912,3.001437,2.947847,2.263948,3.965304,3.378963,3.746554,2.900225,3.305831,3.726579,1.191460,3.270071,2.022646,2.953060,2.902480,2.273935,3.009117,3.186308,2.884438
19.326492,1.746393,-0.302718,1.761641,2.075618,2.706530,3.482758,2.005261,3.276618,2.505650,2.323840,2.206469,2.091399,2.745325,2.731845,2.632227,2.980396,2.942258,2.272324,3.959505,3.383473,3.743010,2.899902,3.302932,3.730768,1.202735,3.262339,1.957246,2.952738,2.915689,2.267169,3.007506,3.189529,2.885405
19.663163,1.732630,-0.356966,1.748490,2.059837,2.692721,3.453826,2.001644,3.264125,2.513212,2.380060,2.288661,2.172276,2.748941,2.728886,2.632227,2.978094,2.940943,2.309051,3.957894,3.392494,3.750098,2.897003,3.309053,3.749775,1.248161,3.251707,1.873806,2.944039,2.929864,2.317749,3.016526,3.194684,2.876707
19.763984,1.743420,-0.364199,1.740271,2.021042,2.690749,3.430812,1.978630,3.259194,2.494801,2.394526,2.294908,2.188057,2.764064,2.738420,2.631241,2.968231,2.938971,2.355121,3.974969,3.410213,3.771038,2.962080,3.339014,3.776193,1.234630,3.245586,1.900867,3.018782,2.978189,2.397969,3.053898,3.221101,2.929864
19.406964,1.159050,-0.347103,1.710681,1.993425,2.687790,3.404182,1.968767,3.253276,2.480006,2.407019,2.306415,2.188057,2.759133,2.742037,2.628940,2.970204,2.936012,2.348033,3.973358,3.403447,3.772971,2.990109,3.348679,3.833861,1.226898,3.229800,1.926641,3.041655,3.075483,2.424386,3.070328,3.245264,2.935341
19.037539,0.958686,-0.357624,1.670243,1.946082,2.679570,3.393332,1.944438,3.234536,2.473431,2.399786,2.285374,2.167674,2.756832,2.723297,2.629268,2.960341,2.934039,2.360275,3.963693,3.407313,3.763628,2.992686,3.338048,3.849002,1.233341,3.231089,1.932762,3.027158,3.071295,2.447582,3.072583,3.220779,2.924065
18.567817,1.033810,-0.362226,1.675174,1.927671,2.638803,3.363414,1.925040,3.217768,2.481979,2.386635,2.269921,2.191345,2.747297,2.695680,2.620720,2.951464,2.923847,2.369296,3.969170,3.419556,3.757829,2.995263,3.339981,3.854801,1.219810,3.228833,1.912465,3.030057,3.060985,2.469167,3.072583,3.247841,2.897325
18.163818,0.680805,-0.362226,1.719887,1.969096,2.635186,3.374263,1.914191,3.220399,2.486253,2.383348,2.357375,2.211400,2.755188,2.692064,2.617433,2.936998,2.927135,2.350288,3.959505,3.416334,3.752997,2.993008,3.341591,3.864466,1.189849,3.198228,1.947259,3.027480,3.056153,2.452415,3.062274,3.240109,2.859632
17.723985,1.046134,-0.380309,1.711997,2.012494,2.632227,3.399250,1.924712,3.204618,2.500390,2.378416,2.373156,2.214030,2.744667,2.685488,2.616775,2.951793,2.926149,2.335146,3.947263,3.416334,3.747198,2.989142,3.344169,3.876709,1.165686,3.199194,1.921486,3.025869,3.051642,2.472067,3.063885,3.223357,2.826771
16.449939,1.497634,-0.352034,1.769203,2.079563,2.653269,3.405825,1.979616,3.223358,2.536884,2.347840,2.376443,2.247565,2.763407,2.695023,2.619734,2.975464,2.941601,2.336757,3.941786,3.419878,3.745909,2.979477,3.344491,3.877353,1.179217,3.199194,1.901190,3.027802,3.076127,2.476577,3.049709,3.262339,2.830637
15.754195,1.889504,-0.306993,1.777422,2.127235,2.686146,3.417332,2.019398,3.264454,2.568774,2.365265,2.417211,2.264004,2.768996,2.734475,2.643734,3.003739,2.956396,2.365430,3.934054,3.428898,3.744621,2.973034,3.348357,3.881541,1.176640,3.227223,2.015558,3.053575,3.090624,2.556474,3.048421,3.298421,2.855766
14.236978,1.277374,-0.354665,1.766244,2.130851,2.683516,3.443305,2.027946,3.259851,2.552665,2.398800,2.419184,2.275182,2.780174,2.749927,2.659515,3.002752,2.971519,2.346744,3.929222,3.428576,3.757185,2.982377,3.352867,3.891528,1.171807,3.220135,2.012015,3.061630,3.121230,2.559696,3.051965,3.322261,2.882505
10.434232,0.622828,-0.355651,1.794518,2.113098,2.648666,3.446922,2.012822,3.279906,2.565158,2.366251,2.414910,2.292607,2.757160,2.714091,2.662803,3.002423,2.965930,2.319038,3.912147,3.436308,3.743976,2.962080,3.354800,3.875742,1.110918,3.199839,2.010082,3.053575,3.121552,2.616397,3.097390,3.340625,2.845779
5.789927,-2.766676,-0.389186,1.818190,2.115728,2.603624,3.480785,2.003946,3.293715,2.562857,2.360334,2.459294,2.282086,2.749270,2.735133,2.695351,2.991903,2.981382,2.347711,3.887984,3.449839,3.731734,2.984954,3.358988,3.854479,1.063882,3.222390,2.041332,3.052931,3.092880,2.540366,3.092557,3.387339,2.835469
1.654805,-3.190537,-0.287924,1.786299,2.071344,2.530637,3.469607,1.985206,3.275303,2.522747,2.259072,2.566473,2.245921,2.740393,2.729872,2.698968,2.997492,3.003081,2.306796,3.829995,3.468847,3.722713,3.011694,3.351901,3.801966,0.945003,3.177609,1.973033,2.997519,3.105444,2.656667,3.141527,3.379929,2.789400
0.053762,-3.527278,-0.117291,1.714298,2.036494,2.376115,3.512676,1.983890,3.226974,2.303456,1.998356,2.625981,2.301484,2.664118,2.629926,2.643734,2.999136,3.009328,2.325159,3.758474,3.504929,3.706927,3.087081,3.356733,3.616077,0.812271,3.185019,1.922130,2.954993,3.055186,2.766526,3.159246,3.415690,2.782956
-0.958620,-3.966825,-0.126825,1.637694,2.026631,2.300168,3.639253,2.125262,3.248344,2.062138,1.954630,2.686146,2.403074,2.581268,2.630255,2.575679,3.021492,3.130973,2.328703,3.700484,3.551966,3.736567,3.170199,3.358344,3.420844,0.716266,3.184052,1.971422,2.924709,3.049065,2.831603,3.173099,3.464981,2.863498
-0.604743,-1.574243,-0.094934,1.669914,2.056220,2.285045,3.756295,2.189701,3.244070,1.938191,1.944109,2.667077,2.401101,2.566144,2.579624,2.563843,3.027410,3.227632,2.289721,3.683087,3.597713,3.740755,3.190174,3.363177,3.328705,0.724642,3.248808,1.974965,2.898614,3.058086,2.795521,3.166656,3.435342,2.853833
-0.499741,-1.030131,-0.078496,1.590351,2.109481,2.272552,3.890105,2.182797,3.262481,1.907616,1.927671,2.702913,2.415238,2.566144,2.544117,2.597049,3.028725,3.247687,2.299708,3.645394,3.597391,3.733989,3.166011,3.357055,3.285535,0.905377,3.254607,1.919231,2.864786,3.027802,2.738498,3.155380,3.412146,2.789400
-0.934618,-1.546219,-0.051865,1.589365,2.098303,2.227839,3.872022,2.137755,3.217768,1.888547,1.889533,2.680885,2.401759,2.529979,2.535569,2.591131,3.018862,3.229933,2.379605,3.641850,3.593203,3.728512,3.150547,3.345135,3.303576,0.878959,3.236565,1.837723,2.837402,2.937918,2.646036,3.131862,3.383151,2.719168
-0.105361,-3.007199,-0.027207,1.700818,2.139728,2.284716,3.915420,2.178523,3.239796,1.976986,1.925040,2.699297,2.408663,2.592775,2.574364,2.611186,3.055356,3.265769,2.367041,3.649904,3.598357,3.731412,3.178576,3.353189,3.302932,0.846743,3.257828,1.816782,2.834503,2.925354,2.661178,3.130895,3.389916,2.701771
-0.987937,-2.040615,-0.017015,1.717914,2.222578,2.381375,3.936461,2.204167,3.309167,2.167016,1.909259,2.682200,2.411293,2.671351,2.701927,2.642419,3.041876,3.303249,2.312595,3.647004,3.591914,3.731090,3.210470,3.352867,3.287468,1.001704,3.257184,1.846422,2.846423,2.917622,2.656667,3.115431,3.388950,2.713691
-0.984306,-5.395257,-0.024906,1.650188,2.107180,2.290305,3.826323,2.115728,3.161877,1.847122,1.892163,2.645049,2.383019,2.644392,2.692392,2.595405,2.989601,3.222700,2.296809,3.615110,3.573873,3.724646,3.204671,3.342236,3.217880,0.989784,3.197906,1.668908,2.763626,2.948872,2.673098,3.060663,3.391849,2.698227
-1.267299,-7.035914,-0.046933,1.531830,1.967452,2.127235,3.650431,1.908602,3.092835,1.727778,1.775778,2.539185,2.320881,2.488226,2.481979,2.497760,2.892285,3.062260,2.306151,3.514917,3.533602,3.687597,3.074516,3.300032,3.069039,0.802284,3.127996,1.462078,2.721423,2.945650,2.728510,3.051965,3.383151,2.623484
-1.262235,-9.478549,0.076685,1.474952,1.833642,1.992439,3.482429,1.632105,2.852833,1.306950,1.582789,2.495787,2.220935,2.342251,2.458636,2.362964,2.754201,2.945546,2.184373,3.424066,3.487855,3.636373,2.982699,3.247197,2.885727,0.900544,3.078382,1.251060,2.670198,2.935018,2.772969,3.042622,3.390883,2.524257
-1.209057,-11.135853,0.015862,1.493692,1.763285,1.961863,3.424894,1.591995,2.814038,1.219825,1.578515,2.506637,2.185099,2.268278,2.430033,2.369868,2.736119,2.937656,2.221100,3.415690,3.478190,3.620909,2.963369,3.234955,2.785856,0.712400,3.013627,1.144746,2.657956,2.927287,2.813884,3.043588,3.380896,2.490108
-1.081676,-12.194517,0.007643,1.458842,1.624543,1.940493,3.403853,1.582789,2.730530,1.263223,1.541693,2.467184,2.205482,2.190688,2.414252,2.375786,2.742366,2.949491,2.198548,3.377352,3.458538,3.605445,2.938562,3.192429,2.593845,0.577735,3.104478,1.120583,2.679541,2.915044,2.812918,3.041011,3.360277,2.489141
-0.966561,-11.969470,0.111864,1.421363,1.560433,1.912547,3.385770,1.581803,2.695351,1.255004,1.430239,2.466198,2.178852,2.183783,2.403074,2.359018,2.760119,2.954423,2.197904,3.368331,3.445973,3.598035,2.921165,3.162467,2.506538,0.651189,3.161501,1.033276,2.673742,2.870263,2.789400,3.041011,3.251707,2.439850
-0.639799,-11.921657,0.178605,1.402623,1.570625,1.886245,3.387085,1.578844,2.729872,1.236593,1.358567,2.459294,2.159126,2.175893,2.398142,2.372498,2.766695,2.961327,2.249450,3.354156,3.421489,3.577739,2.897325,3.144104,2.477221,0.655699,3.145715,1.135403,2.664399,2.787145,2.740108,3.031990,3.240109,2.381860
-0.941333,-13.236222,0.250606,1.363827,1.516706,1.848437,3.375578,1.567337,2.749927,1.248100,1.262566,2.428060,2.132495,2.135125,2.392553,2.384334,2.769654,2.955080,2.249128,3.335148,3.383795,3.553576,2.875740,3.131539,2.464013,0.539397,3.094490,1.256537,2.655057,2.684374,2.666655,3.016526,3.222712,2.350288
-1.266292,-15.388280,0.248962,1.357581,1.486131,1.812929,3.353880,1.548926,2.712776,1.159003,1.229360,2.379402,2.078905,2.145317,2.370854,2.370197,2.769654,2.937327,2.231731,3.299388,3.356089,3.536179,2.878962,3.115431,2.393136,0.338366,3.006217,1.266846,2.647325,2.682441,2.639593,3.007184,3.170521,2.291976
-1.294468,-16.604009,0.181892,1.344430,1.412486,1.823450,3.413058,1.615666,2.764064,1.178729,1.267497,2.339292,2.074631,2.158468,2.358690,2.393539,2.825545,2.961656,2.244618,3.252674,3.372842,3.503641,2.980766,3.135728,2.279090,0.302284,3.065173,1.185338,2.625740,2.633794,2.582569,2.973034,3.099645,2.200803
-1.111816,-17.364090,0.156577,1.299717,1.398020,1.805696,3.631033,1.638352,2.701927,1.128427,1.295114,2.346854,2.007891,2.130851,2.339621,2.378087,2.824230,2.969546,2.233342,3.187274,3.453061,3.481411,3.047454,3.139594,2.115430,0.423096,3.118331,1.158921,2.606732,2.585791,2.529412,2.949194,3.069362,2.199515
-1.098323,-17.678361,0.220030,1.238894,1.327005,1.738956,3.644842,1.640324,2.642419,1.078125,1.206675,2.334361,1.997370,2.133481,2.327128,2.322196,2.789709,2.972177,2.175997,3.107377,3.464014,3.458538,3.021037,3.107055,1.996551,0.580312,3.166978,1.137014,2.601899,2.534889,2.485275,2.907312,3.059697,2.224321
-0.852082,-18.470934,0.257181,1.129084,1.254018,1.632105,3.638595,1.628489,2.600008,1.056755,1.158345,2.314306,1.972055,2.118029,2.287018,2.253483,2.754530,2.968560,2.118973,3.044877,3.424710,3.436952,2.993330,3.076449,1.898290,0.404410,3.125740,1.094810,2.602222,2.523935,2.462402,2.880895,3.077093,2.113819
-0.852588,-19.014847,0.271318,1.111331,1.180373,1.617310,3.639910,1.631448,2.590802,1.040316,1.136317,2.302141,1.969425,2.102906,2.285702,2.264332,2.758475,2.973163,2.070004,3.020070,3.416012,3.417300,2.977866,3.054864,1.883471,0.075802,3.137338,1.016202,2.595134,2.460469,2.435662,2.847389,3.041977,2.076125
-0.881307,-18.924729,0.297949,1.094235,1.196154,1.595283,3.631033,1.625858,2.528007,1.048535,1.067275,2.300826,1.949698,2.106193,2.252825,2.234414,2.753544,2.968231,2.028767,2.965946,3.400226,3.377352,2.950482,3.007184,1.800030,0.067425,3.090302,1.005570,2.590624,2.362208,2.316139,2.806474,2.992686,2.028123
-0.726058,-19.047287,0.336415,1.074180,1.175770,1.574241,3.622157,1.625530,2.560226,1.042289,1.021576,2.289977,1.972055,2.094029,2.253812,2.234085,2.752557,2.962642,1.946937,2.958214,3.347390,3.322906,2.903124,2.939207,1.765558,0.090943,3.022003,0.902155,2.588691,2.329670,2.310017,2.744941,3.012660,1.999128
-0.742011,-19.166161,0.309456,1.088646,1.175770,1.599557,3.622157,1.627173,2.602638,1.054782,1.058727,2.280442,2.027288,2.080549,2.234414,2.226524,2.749927,2.962313,1.907311,2.947261,3.327094,3.285857,2.869619,2.902480,1.806795,0.008469,2.993008,0.953702,2.587724,2.267814,2.268458,2.688562,3.078704,2.009437
-0.531808,-19.241785,0.301565,1.093577,1.170510,1.604159,3.620513,1.623557,2.632227,1.042618,1.072865,2.312662,2.048658,2.103234,2.241318,2.228825,2.755516,2.960012,1.919553,2.915689,3.318718,3.273292,2.852544,2.870908,1.833857,0.007825,2.988176,0.990751,2.589335,2.179218,2.280700,2.705314,3.050354,2.047131
-0.698899,-17.918826,0.299593,1.083714,1.168208,1.605146,3.618211,1.634078,2.614145,1.051166,1.084700,2.305429,2.058193,2.129207,2.250853,2.231784,2.763078,2.951793,1.896679,2.877351,3.304865,3.259117,2.837724,2.835147,1.824514,0.008147,2.973034,0.987207,2.588046,2.129283,2.252350,2.699515,3.073227,2.083535
-0.675706,-16.207742,0.297291,1.082399,1.150455,1.603831,3.622814,1.768216,2.613816,1.017302,1.083385,2.297867,2.080549,2.130194,2.278141,2.260716,2.767352,2.938313,1.835468,2.861243,3.295522,3.248808,2.808085,2.802931,1.806473,0.007181,2.945328,0.977864,2.588046,2.062594,2.224966,2.672454,3.056797,2.119940
-0.998740,-14.758842,0.342662,1.066618,1.164263,1.599228,3.622157,1.785970,2.676611,1.057083,1.040645,2.336004,2.066412,2.136112,2.304442,2.317922,2.772941,2.941272,1.817427,2.859954,3.278769,3.235599,2.771036,2.771681,1.821293,0.007825,2.935018,0.946936,2.585791,2.056151,2.254605,2.652157,3.049709,2.118973
-1.939943,-11.793717,0.280195,1.069248,1.150455,1.584104,3.648129,1.797477,2.704886,1.043933,1.104098,2.335676,2.041754,2.133481,2.314634,2.348827,2.819627,2.999793,1.803896,2.834181,3.277158,3.227867,2.762660,2.764593,1.755571,0.007181,2.921165,0.831601,2.574515,1.986563,2.255894,2.632827,3.012660,2.164721
-2.009605,-8.021277,0.122713,1.046234,1.112646,1.620269,3.665883,1.815560,2.669707,1.013028,1.259607,2.346525,2.072001,2.123290,2.321867,2.361320,2.843956,3.040561,1.786177,2.742686,3.280058,3.214658,2.755894,2.768137,1.661499,0.007181,2.918266,0.716910,2.551642,1.933084,2.232376,2.572582,2.994941,2.155700
-2.854871,-2.739843,-0.074550,1.037686,1.087002,1.534460,3.644184,1.798463,2.613816,1.065960,1.397691,2.340607,1.993425,2.053590,2.249866,2.326799,2.812065,3.033985,1.761048,2.600289,3.287790,3.191140,2.712402,2.714335,1.495906,0.006536,2.919877,0.597709,2.478510,1.747517,2.172453,2.557441,2.896036,2.105442
-2.593047,0.003181,-0.233019,1.008754,1.078454,1.465418,3.533060,1.790573,2.838696,1.166564,1.575556,2.305100,1.950027,2.035179,2.186085,2.358361,2.764722,2.955409,1.735919,2.626384,3.211759,3.143782,2.523613,2.580314,1.609952,0.007825,2.802931,0.519423,2.452415,1.728509,2.311306,2.489786,2.545198,1.967234
-2.011948,0.260214,-0.280033,1.003165,1.084372,1.470678,3.474867,1.813916,2.923847,1.139605,1.637365,2.257757,1.923725,2.037480,2.214688,2.355731,2.746640,2.918916,1.739140,2.721101,3.184697,3.143782,2.457247,2.542943,1.697259,0.007503,2.722067,0.496549,2.423098,1.886370,2.407634,2.522969,2.459180,1.822903
-1.258498,-0.443448,-0.212635,1.010398,1.069906,1.484158,3.462374,1.780052,2.849545,1.091276,1.554515,2.174907,1.884602,2.010850,2.230798,2.304771,2.726256,2.909710,1.743329,2.689851,3.191140,3.126063,2.471745,2.579026,1.608341,0.323225,2.750095,0.621549,2.468201,1.869295,2.431152,2.811951,2.424064,1.840945
-0.182649,-1.361721,-0.134387,0.996589,1.007439,1.455884,3.489662,1.722517,2.748941,1.061029,1.473308,2.145975,1.863231,2.024658,2.235401,2.300168,2.737763,2.912011,1.744617,2.707892,3.204671,3.132506,2.522969,2.621551,1.554218,0.524900,2.812596,0.743972,2.489786,1.857697,2.416010,2.859632,2.467879,1.865751
-2.369416,-0.224783,-0.138661,0.981137,0.976206,1.449966,3.460730,1.721531,2.727571,1.036042,1.465747,2.112769,1.894793,2.013480,2.232113,2.291620,2.738420,2.912669,1.737530,2.689528,3.204349,3.150869,2.573227,2.639915,1.512658,0.593843,2.771358,0.755248,2.491719,1.858019,2.414077,2.840946,2.534889,1.920842
-1.467849,-3.348888,-0.094605,0.937411,0.894013,1.409856,3.466648,1.683722,2.627953,0.991658,1.390129,1.877697,1.877040,1.980274,2.229483,2.264661,2.745982,2.906094,1.719811,2.642170,3.207571,3.156991,2.729799,2.722389,1.383470,0.829346,2.712724,0.695325,2.475288,1.836757,2.412788,2.842557,2.618974,2.011048
-7.425540,1.188670,-0.190936,0.869026,0.770723,1.276374,3.426209,1.419061,2.452061,0.974562,1.348046,2.157810,1.809313,1.876053,2.157482,2.235729,2.729872,2.893271,1.723032,2.641848,3.193073,3.148936,2.776835,2.739464,1.472710,0.654088,2.720456,0.623160,2.445649,1.715300,2.304541,2.792299,2.667943,1.887659
-9.195417,0.896057,0.114165,0.627379,0.564583,1.073851,3.458757,1.107714,1.855998,0.704969,0.626392,1.999014,1.634735,1.682078,2.077262,2.123618,2.636830,2.841326,1.687594,2.552930,3.229156,3.140882,2.765882,2.899902,1.215622,0.636691,2.833859,0.589333,2.383793,1.549063,2.214657,2.768137,2.887016,2.141847
-12.284814,1.544596,0.421238,0.272305,0.556693,0.955493,3.566923,0.935767,1.618954,0.342333,0.210495,1.849752,1.760983,1.674845,2.026960,2.059508,2.625652,2.867956,1.545841,2.408600,3.201449,3.039400,2.730766,2.898292,1.137014,0.004603,2.869619,0.398611,2.313883,1.245261,2.077092,2.701126,2.871552,1.746550
-13.172365,1.524742,0.418608,0.258167,0.549460,0.930506,3.610650,0.880204,1.587063,0.273620,0.195372,1.816217,1.746518,1.665311,2.000987,2.041754,2.618419,2.983026,1.673741,2.472067,3.257828,3.091913,2.777802,3.047454,1.260403,0.005570,2.967235,0.693070,2.322260,1.320648,2.223677,2.836114,3.002995,1.962401
-14.554160,1.841048,0.422225,0.243701,0.553076,0.908150,3.700075,0.859820,1.537090,0.198660,0.201619,1.706079,1.694243,1.570296,1.962192,1.975342,2.600008,3.107301,1.672774,2.462080,3.287790,3.097390,2.849645,3.123807,1.124449,0.004281,2.986243,0.634758,2.307440,1.279411,2.241074,2.862209,3.075160,2.024901
-14.965839,2.196567,0.408088,0.248962,0.556035,0.919986,3.707637,0.951876,1.558789,0.189454,0.215427,1.665311,1.620927,1.569638,1.920438,1.919780,2.595734,3.111904,1.656666,2.414721,3.292300,3.109632,2.871552,3.186952,1.098354,0.004925,2.989142,0.676317,2.311950,1.259436,2.245584,2.901191,3.092557,2.156345
-15.179774,2.216281,0.315045,0.250606,0.525788,0.934452,3.720788,0.938068,1.499939,0.150001,0.283483,1.610735,1.378622,1.344430,1.871122,1.885259,2.601323,3.126699,1.613496,2.409244,3.318718,3.150869,2.930186,3.286501,0.924385,0.004281,2.983665,0.610274,2.275868,1.279733,2.255572,2.938240,3.115431,2.137337
-15.816187,2.637148,0.225290,0.222660,0.509021,0.922945,3.732624,0.822340,1.346403,0.136850,0.280524,1.554186,1.059385,1.266511,1.733695,1.823121,2.591788,3.144453,1.614785,2.455314,3.341914,3.173743,3.079671,3.426643,0.897001,0.003315,2.979155,0.627671,2.252994,1.396034,2.367685,2.979155,3.152480,2.170520
-16.044997,2.623936,0.172358,0.217400,0.503103,0.922287,3.739857,0.747380,1.235935,0.122384,0.293017,1.541364,1.052809,1.257963,1.714298,1.816875,2.594419,3.166809,1.627671,2.545198,3.374774,3.231733,3.124452,3.486244,0.893779,0.003637,2.996230,0.589011,2.246551,1.454669,2.386049,3.024580,3.181797,2.257182
-16.217009,2.905113,0.140467,0.200632,0.500144,0.917355,3.737555,0.710558,1.186291,0.095754,0.289730,1.542679,1.006453,1.207990,1.677804,1.785970,2.588829,3.162535,1.586112,2.552608,3.380896,3.228833,3.118653,3.493654,0.885725,0.003637,2.981410,0.570325,2.239463,1.471099,2.392492,3.030057,3.211759,2.264270
-16.541652,2.899816,0.148029,0.200961,0.496198,0.910122,3.736898,0.666174,1.171825,0.095754,0.275264,1.538405,0.991658,1.194839,1.673530,1.764929,2.588829,3.162535,1.560661,2.531345,3.387339,3.232377,3.117042,3.490432,0.817426,0.004281,2.976578,0.571614,2.231087,1.501383,2.415688,3.037467,3.213370,2.258149
-16.761274,3.157318,0.149344,0.217728,0.499157,0.908150,3.738213,0.658283,1.159989,0.088521,0.273948,1.539063,0.983110,1.193524,1.676160,1.826738,2.581925,3.167466,1.557117,2.576126,3.392171,3.246230,3.116398,3.485922,0.804861,0.002348,2.970135,0.578057,2.223677,1.564527,2.474322,3.060019,3.207248,2.240752
-16.522992,3.068875,0.148686,0.205235,0.496527,0.886122,3.745117,0.648749,1.039001,0.034602,0.255208,1.558789,0.962397,1.145523,1.667612,1.839560,2.590802,3.180617,1.554862,2.609631,3.389594,3.283279,3.128962,3.501386,0.852220,0.004281,2.979799,0.558405,2.191783,1.644424,2.490430,3.089014,3.208215,2.292943
-16.966997,3.235642,0.139481,0.208852,0.491924,0.882834,3.744131,0.545186,1.024864,0.011917,0.246989,1.554186,0.939383,1.133359,1.666955,1.835943,2.611186,3.179960,1.570326,2.626384,3.389272,3.319362,3.143782,3.516527,0.810660,0.003315,2.998163,0.538109,2.154089,1.772646,2.502995,3.085470,3.209504,2.290365
-16.813476,3.127913,0.098713,0.206879,0.476143,0.875273,3.742158,0.520199,1.024206,0.011588,0.258496,1.543666,0.922616,1.128427,1.664982,1.843176,2.608556,3.183905,1.567749,2.629283,3.395393,3.325161,3.159246,3.528125,0.737851,0.002670,2.988498,0.548418,2.125095,1.786499,2.516848,3.089336,3.212081,2.287466
-17.075606,3.262135,0.089507,0.209180,0.469897,0.854231,3.749062,0.546172,1.003165,0.011917,0.264743,1.515062,0.913410,1.137961,1.663010,1.844163,2.614145,3.189823,1.576125,2.637015,3.410535,3.333215,3.170521,3.532958,0.702413,0.002670,2.978511,0.556150,2.120262,1.836434,2.530056,3.093524,3.214658,2.308084
-17.032851,3.235667,0.076356,0.200303,0.456746,0.849300,3.731637,0.475157,0.963384,0.012246,0.264743,1.508816,0.913739,1.107714,1.649859,1.817532,2.596720,3.180946,1.587723,2.623162,3.407313,3.320006,3.157313,3.527159,0.681472,0.003637,2.978511,0.557116,2.127350,1.834501,2.524902,3.085792,3.214980,2.301963
-17.422123,3.274899,0.077014,0.201619,0.455760,0.849300,3.725391,0.471541,0.943328,0.011917,0.255208,1.481856,0.915054,1.104427,1.641639,1.824108,2.582254,3.175357,1.579024,2.637015,3.403125,3.324517,3.148614,3.513628,0.632181,0.002026,2.965624,0.533276,2.104154,1.826769,2.529412,3.084825,3.214658,2.286499
-17.281642,2.840844,0.055972,0.198988,0.446225,0.852916,3.731966,0.462335,0.940041,0.011588,0.270661,1.472322,0.915383,1.103440,1.646900,1.838245,2.615131,3.179631,1.609952,2.630894,3.412790,3.350612,3.166978,3.536502,0.608018,0.002992,2.977544,0.560660,2.074515,1.860919,2.547453,3.092557,3.218846,2.290043
-17.802548,2.708869,0.047753,0.202605,0.462335,0.853245,3.736569,0.511651,0.934452,0.011259,0.281839,1.469034,0.909136,1.120536,1.642955,1.858300,2.649652,3.186535,1.626383,2.630250,3.435664,3.371875,3.201449,3.548744,0.617361,0.002992,2.972068,0.633470,2.084824,1.893780,2.535533,3.095457,3.233988,2.361886
-17.493332,2.843051,0.047753,0.207208,0.462664,0.859820,3.731309,0.614885,0.935438,0.010602,0.278880,1.469034,0.904533,1.143550,1.658078,1.867834,2.659187,3.192124,1.631215,2.635727,3.442751,3.387017,3.214336,3.556154,0.576446,0.002348,2.990109,0.635402,2.093845,1.935661,2.544876,3.114787,3.240754,2.368007
-17.561385,2.924152,0.020465,0.201947,0.455102,0.863437,3.726377,0.501130,0.931821,0.011588,0.290058,1.467391,0.899602,1.147496,1.649859,1.870464,2.658858,3.194097,1.647646,2.644103,3.455316,3.405380,3.214980,3.570329,0.526833,0.002026,2.997519,0.607052,2.084502,1.937916,2.554863,3.127351,3.247519,2.429219
-17.532139,2.919480,0.036246,0.202276,0.455760,0.864423,3.723418,0.502774,0.929520,0.011588,0.271318,1.448651,0.897300,1.128427,1.641639,1.866848,2.653926,3.188837,1.652478,2.647325,3.454994,3.409246,3.212725,3.570973,0.522967,0.002026,3.005251,0.605763,2.110275,1.940494,2.553897,3.133150,3.245908,2.436306
-17.106245,2.695106,0.064192,0.211153,0.457732,0.854889,3.711253,0.486993,0.926561,0.012246,0.263428,1.446678,0.884807,1.146181,1.651503,1.873095,2.660830,3.186535,1.643780,2.638948,3.454349,3.390561,3.204027,3.564852,0.499771,0.002348,3.002029,0.634114,2.148613,1.935017,2.566461,3.119942,3.239787,2.443072
-16.879093,2.561663,0.042164,0.205893,0.463650,0.856533,3.698103,0.465951,0.918671,0.011917,0.259154,1.415445,0.873629,1.133030,1.645913,1.869807,2.662474,3.175357,1.645390,2.641526,3.446295,3.400548,3.174710,3.551966,0.464977,0.002348,2.978511,0.627671,2.194038,1.897001,2.522969,3.113820,3.236243,2.416976
-16.459865,2.465920,0.032630,0.193728,0.483376,0.863437,3.695472,0.483048,0.925575,0.011588,0.260798,1.399335,0.861793,1.130728,1.667612,1.898410,2.677926,3.163192,1.592555,2.646358,3.431153,3.388305,3.156668,3.533280,0.411498,0.001382,2.951771,0.593521,2.185017,1.879927,2.482698,3.112532,3.220779,2.360597
-16.578938,2.119339,0.034602,0.203591,0.488637,0.861464,3.683966,0.576419,0.925904,0.010273,0.258167,1.390129,0.875273,1.147824,1.682407,1.934904,2.686475,3.163850,1.571292,2.635727,3.434053,3.384117,3.147326,3.529092,0.390235,0.001382,2.938562,0.602219,2.184051,1.902478,2.475288,3.109632,3.213047,2.324515
-16.598735,2.152909,0.034602,0.207208,0.491924,0.861793,3.687582,0.580364,0.924917,0.011917,0.264414,1.394732,0.900588,1.161633,1.684709,1.964493,2.690420,3.159576,1.573225,2.625095,3.431476,3.380573,3.144748,3.525548,0.386369,0.001704,2.906990,0.621227,2.168909,1.924386,2.478832,3.111565,3.218202,2.333858
-16.862206,3.097184,0.037561,0.195372,0.521843,0.894341,3.720459,0.713846,0.950233,0.012246,0.293675,1.427938,0.917684,1.145852,1.722188,2.014466,2.701598,3.178645,1.561627,2.624451,3.421811,3.382829,3.130251,3.530381,0.401188,0.002026,2.898936,0.600286,2.158278,1.999450,2.541332,3.127351,3.207571,2.338046
-16.335483,3.473943,0.086877,0.196358,0.531048,0.917355,3.745117,0.802943,0.999220,0.127974,0.312415,1.480541,0.938068,1.207990,1.898081,2.136112,2.804503,3.201330,1.588045,2.628961,3.418911,3.451128,3.145393,3.584504,0.329668,0.001382,2.864786,0.607374,2.093845,2.073226,2.514593,3.125740,3.195006,2.361242
-16.322704,3.515047,0.140467,0.331155,0.551103,0.961082,3.748076,0.944644,1.156701,0.145727,0.301565,1.461801,0.952863,1.251716,1.974027,2.191674,2.845600,3.215467,1.587401,2.616719,3.423099,3.455638,3.139594,3.585793,0.274578,0.001059,2.825804,0.616717,2.002350,2.092234,2.526513,3.123163,3.184697,2.312917
-16.121927,3.742296,0.161508,0.366662,0.579707,1.021576,3.747747,1.060042,1.296101,0.167097,0.370608,1.482514,0.997576,1.271771,2.000329,2.211729,2.840339,3.196398,1.582568,2.681474,3.419233,3.470458,3.145070,3.571940,0.244294,0.000415,2.824194,0.653766,1.937916,2.097066,2.550675,3.115109,3.172777,2.262981
-16.109330,3.625526,0.161180,0.377841,0.583652,1.004480,3.752679,1.131386,1.380266,0.171700,0.375868,1.483172,0.999548,1.348704,2.030247,2.240661,2.845271,3.198042,1.518135,2.672776,3.416012,3.465625,3.139594,3.561631,0.034887,-0.000874,2.824516,0.536176,1.902156,2.110919,2.583536,3.099323,3.156024,2.247840
-15.868153,3.446104,0.135535,0.395923,0.615214,1.052152,3.755638,1.152099,1.419390,0.204249,0.416964,1.509473,0.986726,1.352649,2.036494,2.238688,2.848887,3.194426,1.523290,2.668910,3.416978,3.460471,3.133795,3.559053,0.018456,-0.000229,2.810340,0.479152,1.886370,2.133471,2.569361,3.097390,3.157635,2.217234
-16.072591,3.326659,0.118110,0.442609,0.613570,1.058399,3.771419,1.199113,1.453911,0.219372,0.435047,1.523282,1.071221,1.395390,2.045042,2.231126,2.861709,3.196070,1.596743,2.680508,3.413112,3.455960,3.126063,3.557442,0.017168,0.000093,2.804219,0.571292,1.871228,2.157311,2.591590,3.092235,3.165689,2.210791
-15.906682,3.424661,0.137179,0.525788,0.654995,1.053467,3.783583,1.247442,1.500925,0.227263,0.440307,1.557145,1.266511,1.463445,2.098303,2.235072,2.872230,3.193768,1.618973,2.707892,3.423744,3.467236,3.155058,3.559698,0.018779,-0.000551,2.804541,0.574513,1.837723,2.278123,2.612853,3.112532,3.171166,2.210468
-16.413637,3.229071,0.138823,0.598118,0.715489,1.063988,3.796076,1.308923,1.536761,0.235153,0.464965,1.652818,1.281635,1.545309,2.107180,2.272880,2.872559,3.194754,1.629282,2.716912,3.427287,3.477868,3.178576,3.587726,0.018134,-0.000874,2.805186,0.640235,1.811950,2.352865,2.722067,3.116076,3.169877,2.274579
-16.111264,3.624297,0.039205,0.650064,0.806888,1.094563,3.823693,1.381581,1.590680,0.431430,0.590556,1.649201,1.326676,1.742901,2.088769,2.323840,2.874860,3.200015,1.673097,2.698549,3.431798,3.478190,3.207893,3.608022,0.018134,0.000093,2.826449,0.650866,1.789720,2.409889,2.744941,3.107377,3.180831,2.321938
-15.239316,3.388155,0.060246,0.745079,0.890725,1.122838,3.836844,1.424979,1.732052,0.572802,0.607323,1.664653,1.411171,1.903013,2.112440,2.337977,2.899847,3.207577,1.693071,2.675675,3.451772,3.490754,3.241076,3.618010,0.017168,0.000415,2.807119,0.646678,1.768780,2.567105,2.766204,3.107055,3.199516,2.328703
-14.944987,3.339560,0.127645,0.807874,0.945630,1.137961,3.844406,1.519665,2.022357,0.650393,0.611598,1.774134,1.517364,1.949369,2.147947,2.347840,2.912340,3.201987,1.690171,2.648613,3.466270,3.491398,3.252352,3.612855,0.017168,-0.000874,2.789077,0.637980,1.771035,2.586113,2.762338,3.096101,3.190818,2.325159
-13.326118,2.340069,0.067808,0.864752,1.025521,1.168208,3.878598,1.736326,2.147947,0.824313,0.693133,1.853697,1.532159,2.031234,2.185427,2.408992,2.932724,3.205275,1.700158,2.669554,3.477545,3.488821,3.256218,3.602223,0.016523,-0.000551,2.813562,0.629926,1.800674,2.611564,2.755250,3.075483,3.191140,2.286822
-12.365180,0.801580,0.065507,0.945301,1.195496,1.452596,3.904571,1.826738,2.390581,0.879875,0.835820,1.950027,1.657092,2.107508,2.291620,2.493157,2.966587,3.213823,1.761370,2.697905,3.502674,3.510084,3.273614,3.590948,0.017168,0.000737,2.851255,0.642168,1.813883,2.624773,2.789077,3.066140,3.157635,2.189528
-8.866536,-0.850961,0.219701,1.028152,1.425965,1.584104,3.908187,2.020055,2.641762,0.987384,0.930506,2.067398,1.726134,2.180167,2.376443,2.569432,2.966916,3.201001,1.769746,2.703381,3.508473,3.499775,3.272970,3.575806,0.016523,-0.000551,2.829348,0.620583,1.744617,2.651191,2.819361,3.070328,3.130251,2.189850
-4.452028,-0.224451,0.039863,1.134016,1.576871,1.852382,3.923311,2.060823,2.874203,1.024864,1.287224,2.129207,1.757367,2.190030,2.440554,2.501376,2.963628,3.185220,1.751061,2.665366,3.512339,3.430509,3.209504,3.530381,0.016846,-0.000874,2.752028,0.454668,1.611563,2.645070,2.778124,3.033923,3.047454,2.181473
-1.725285,-0.522988,0.081617,1.218182,1.624215,1.920766,3.802323,1.891177,3.116178,1.505857,1.250072,2.191674,1.892163,2.221263,2.418197,2.482308,2.868285,3.052397,1.539076,2.401190,3.360599,3.129284,2.789400,3.226578,0.015235,-0.000874,2.263303,0.009436,1.890880,2.341268,2.255249,2.805830,2.926642,1.498161
-0.973964,0.360521,0.206879,1.258949,1.688654,2.020713,3.858214,1.923397,3.189165,2.027946,1.371718,2.141043,2.055563,2.228168,2.460280,2.499733,2.859737,3.003739,1.291975,2.009437,3.056797,2.839335,1.871228,2.535533,0.222065,0.000737,2.109308,0.009758,2.281023,1.656666,2.091267,2.486242,2.317749,0.998160
-0.874522,0.540780,0.002382,1.181359,1.649859,2.152879,3.872351,2.027617,3.268399,2.136769,1.560762,1.902684,2.044384,2.229483,2.504335,2.575679,2.879792,3.038917,1.192748,2.008793,3.026191,2.821616,1.849321,2.444683,0.011047,-0.000229,2.038754,0.009436,2.306796,1.550674,2.112208,2.478832,2.264592,0.830957
-0.309877,0.729436,-0.108085,1.198784,1.673530,2.189373,3.892735,2.111783,3.349277,2.236716,1.740928,1.837258,1.998028,2.285045,2.610857,2.601980,2.894258,3.074424,1.212722,2.018136,3.034245,2.819361,1.844166,2.481087,0.011691,0.000415,2.065172,0.009436,2.317427,1.524256,2.093522,2.469812,2.230443,0.869617
-0.951615,3.527933,-0.155757,1.197798,1.703120,2.182468,3.890105,2.121974,3.341058,2.273538,1.798792,1.848108,2.011178,2.326799,2.625652,2.609871,2.892285,3.078041,1.224320,2.002027,3.045843,2.815173,1.849321,2.492685,0.011369,-0.000229,2.082569,0.009114,2.329347,1.537143,2.012659,2.468845,2.215623,0.898611
-0.232595,3.277013,-0.156415,1.196154,1.688325,2.162085,3.893393,2.138413,3.333167,2.329100,1.802080,1.726134,1.981918,2.407677,2.652940,2.593432,2.899189,3.077712,1.213689,1.965945,3.067429,2.801964,1.846099,2.514270,0.012013,0.000093,2.103509,0.009114,2.334502,1.540365,1.985275,2.461113,2.328703,0.907954
0.614184,6.018199,-0.314226,1.185304,1.626516,2.210414,3.893064,2.139399,3.334811,2.200222,1.890519,2.006576,1.958575,2.303456,2.637159,2.583898,2.895573,3.076068,1.169552,1.936628,3.084181,2.808085,1.850288,2.513626,0.012013,0.000415,2.084180,0.009114,2.307118,1.453058,1.958213,2.426319,2.300997,0.997194
0.980956,8.245009,-0.251430,1.177743,1.657749,2.152879,3.881228,2.140057,3.340729,2.265976,1.886903,1.879012,1.940164,2.365923,2.658200,2.577980,2.892943,3.090863,1.247838,1.956280,3.105444,2.788433,1.852865,2.516526,0.011369,-0.000551,2.141847,0.010402,2.305185,1.371872,1.960146,2.465623,2.282633,1.007181
1.626234,11.359838,-0.284636,1.188921,1.677147,2.145975,3.887475,2.144002,3.343030,2.313319,1.926027,1.841532,2.007233,2.395512,2.667077,2.578638,2.897217,3.106644,1.303895,1.931151,3.096423,2.768137,1.855764,2.497196,0.011691,-0.000551,2.176641,0.009758,2.319038,1.344488,1.879605,2.407956,2.189528,1.016846
1.777479,12.548591,-0.281348,1.126454,1.661695,2.120002,3.881886,2.151564,3.352564,2.287675,1.893150,1.931945,1.970740,2.377758,2.658858,2.569103,2.890970,3.119795,1.340300,1.888625,3.086114,2.774902,1.841911,2.491397,0.011691,-0.000229,2.169876,0.009758,2.347389,1.336434,1.802929,2.370907,2.151190,1.032954
1.791164,12.379471,-0.364528,1.133687,1.673202,2.126248,3.879584,2.170961,3.344674,2.323511,1.972055,1.920766,1.964822,2.408334,2.657543,2.552665,2.893929,3.116507,1.338045,1.842878,3.072261,2.752028,1.849643,2.473678,0.011369,-0.000229,2.207569,0.009436,2.377994,1.309050,1.844489,2.350288,2.111241,1.113818
1.958976,13.599937,-0.295814,1.189250,1.687339,2.164386,3.877612,2.162085,3.343030,2.314963,1.912876,1.986521,1.952328,2.415238,2.659515,2.578309,2.897217,3.120452,1.351898,1.849321,3.083537,2.747196,1.847710,2.460147,0.010724,-0.000551,2.235919,0.061304,2.403768,1.326769,1.856731,2.348999,2.156345,1.183728
2.063449,14.151947,-0.302718,1.147167,1.680434,2.166359,3.870707,2.181153,3.350921,2.293922,1.904985,2.019069,1.975014,2.423786,2.687132,2.615131,2.896559,3.115521,1.368650,1.846099,3.073227,2.764915,1.860597,2.459824,0.011369,-0.001196,2.302286,0.083212,2.422775,1.340944,1.866074,2.353832,2.142491,1.084501
1.892685,14.593152,-0.422063,1.184647,1.772162,2.154523,3.874653,2.182140,3.357496,2.293922,2.034850,2.010521,1.998028,2.444170,2.686803,2.615789,2.882093,3.098096,1.392813,1.877349,3.096423,2.766526,1.887981,2.469167,0.011691,-0.000874,2.345134,0.089011,2.441783,1.482697,1.943715,2.355443,2.122195,1.172452
2.048932,15.226970,-0.381295,1.208647,1.796162,2.160441,3.876625,2.159783,3.348948,2.312662,1.992439,2.034192,2.016768,2.468499,2.667406,2.607241,2.886039,3.118808,1.497517,1.914721,3.109954,2.785856,1.901512,2.488175,0.011369,-0.000229,2.416976,0.398933,2.462724,1.583212,1.962079,2.379927,2.120906,1.242684
1.943499,14.801568,-0.374391,1.247771,1.837258,2.138413,3.871694,2.168002,3.343688,2.305100,2.004932,2.077262,2.039124,2.482965,2.660502,2.622364,2.882751,3.120123,1.612530,1.939849,3.131539,2.784567,1.908277,2.504928,0.011369,-0.000229,2.459180,0.530377,2.477221,1.627349,2.012015,2.438561,2.117040,1.341266
2.037316,15.433385,-0.480913,1.242182,1.835615,2.130851,3.858543,2.162413,3.335797,2.254469,2.090084,2.090084,2.039124,2.480006,2.660173,2.626967,2.868942,3.124726,1.665687,1.898290,3.112854,2.803253,1.907311,2.489464,0.351253,0.001059,2.530379,0.595776,2.501062,1.622517,2.007826,2.438561,2.161177,1.411176
2.097629,15.776189,-0.547325,1.254018,1.830354,2.150249,3.845063,2.171619,3.327907,2.252497,2.147290,2.128221,2.034850,2.482965,2.650638,2.617761,2.867299,3.140836,1.717878,1.986563,3.097390,2.827415,1.937272,2.524580,0.498160,0.001704,2.571616,0.596098,2.526835,1.658277,2.043587,2.456925,2.163754,1.487852
1.787796,15.760568,-0.607820,1.279991,1.852053,2.198907,3.838817,2.180824,3.332181,2.296552,2.238688,2.143345,2.056878,2.498089,2.649981,2.591131,2.850860,3.130315,1.731409,1.990107,3.099645,2.829348,1.959824,2.540044,0.576446,0.002026,2.687595,0.738495,2.559374,1.718844,2.014914,2.490108,2.192427,1.612530
1.731898,15.920444,-0.596313,1.364156,1.859286,2.216661,3.831912,2.184441,3.332838,2.274524,2.254469,2.240661,2.042083,2.508938,2.647351,2.583569,2.842970,3.154644,1.781988,2.083857,3.097390,2.849322,1.976576,2.552608,0.646034,0.002670,2.773936,0.860596,2.568716,1.753638,2.025223,2.502995,2.216267,1.707246
1.972477,17.094294,-0.629190,1.380595,1.896437,2.206797,3.830269,2.179838,3.326920,2.286031,2.309703,2.297538,2.045699,2.519459,2.644063,2.561870,2.858422,3.154973,1.804862,2.255894,3.100612,2.889915,2.000094,2.572904,0.723998,0.002670,2.824516,0.917619,2.590301,1.848999,2.055829,2.503317,2.212079,1.900867
1.819246,17.237453,-0.630505,1.400979,1.901369,2.219619,3.811200,2.170961,3.330537,2.276826,2.309374,2.347511,2.033206,2.514198,2.648008,2.558254,2.852833,3.162206,1.862852,2.341590,3.107055,2.943717,2.034888,2.613819,0.829024,0.003637,2.883472,1.037787,2.618974,1.973355,2.142169,2.527479,2.239785,1.975932
1.847062,16.765175,-0.660095,1.437801,1.875725,2.260387,3.785556,2.152221,3.333825,2.289319,2.368224,2.364608,2.025644,2.527678,2.640447,2.546089,2.850531,3.156946,1.896035,2.433085,3.106733,2.937596,2.051641,2.637982,0.883792,0.003959,2.909245,1.126704,2.635727,2.131216,2.166332,2.531023,2.215301,2.106409
1.698858,16.229192,-0.646286,1.480541,1.847122,2.276497,3.765501,2.167016,3.338099,2.266305,2.356388,2.389923,2.015453,2.518144,2.626967,2.527349,2.844613,3.137220,1.935661,2.515237,3.102545,2.972712,2.062917,2.648613,0.920841,0.107374,2.964980,1.188560,2.678253,2.170842,2.165687,2.533600,2.370262,2.228187
1.558021,15.352517,-0.623601,1.513747,1.896437,2.341594,3.766816,2.171290,3.345989,2.232113,2.362306,2.385978,2.005918,2.525705,2.617433,2.516171,2.833106,3.120123,1.966589,2.670521,3.093846,3.080959,2.110919,2.716912,1.039398,0.255892,3.064207,1.331924,2.692106,2.255894,2.179218,2.679219,2.543587,2.379927
1.368556,14.520190,-0.596641,1.546953,1.938191,2.402087,3.772405,2.145646,3.344674,2.270250,2.431019,2.406362,2.014137,2.546089,2.612172,2.512555,2.824887,3.120452,2.026834,2.842557,3.098679,3.122197,2.137981,2.842557,1.239462,0.409243,3.124130,1.496228,2.713369,2.403123,2.317749,2.779090,2.671487,2.507505
1.262192,14.708759,-0.551271,1.653804,2.005589,2.403731,3.746432,2.129207,3.335140,2.298853,2.407677,2.414581,2.062138,2.531623,2.604939,2.484280,2.800558,3.109603,2.133793,2.998163,3.124774,3.161179,2.187917,2.894103,1.443715,0.483018,3.161179,1.632182,2.775869,2.470134,2.252350,2.800675,2.782312,2.639271
1.190371,14.502109,-0.546339,1.669256,2.085481,2.458636,3.736240,2.122303,3.329551,2.305758,2.364936,2.447458,2.126906,2.539514,2.610200,2.482965,2.790366,3.088561,2.188883,3.098356,3.147003,3.183408,2.206280,2.925031,1.520712,0.657954,3.163112,1.652800,2.801964,2.488819,2.217556,2.860598,2.883472,2.679219
1.269279,14.130826,-0.501297,1.734024,2.091070,2.523404,3.736569,2.098960,3.324948,2.381046,2.393539,2.425430,2.137098,2.550363,2.648995,2.494143,2.784120,3.069493,2.246873,3.177287,3.142493,3.228189,2.226899,2.974967,1.618329,0.820003,3.208215,1.772968,2.845134,2.526513,2.243651,2.920843,2.968524,2.727544
1.053250,13.369478,-0.405296,1.740928,2.118029,2.551021,3.727363,2.108166,3.326263,2.444499,2.329429,2.408992,2.123947,2.586528,2.635186,2.455348,2.724283,3.064890,2.248806,3.235277,3.129284,3.266205,2.188239,3.015882,1.676640,0.884436,3.201127,1.879927,2.846745,2.642492,2.320005,2.953060,3.081926,2.740108
0.898681,13.187705,-0.358281,1.758025,2.156167,2.608227,3.728021,2.127564,3.322646,2.447129,2.308059,2.390252,2.102577,2.612501,2.643734,2.496116,2.767023,3.043849,2.214979,3.282635,3.110277,3.325805,2.162144,3.024903,1.762014,0.929861,3.239143,1.958213,2.862209,2.701771,2.375417,2.978189,3.142171,2.739142
0.727534,11.788186,-0.230389,1.779723,2.192331,2.654912,3.745446,2.148276,3.292399,2.503678,2.262031,2.336333,2.188057,2.677269,2.686475,2.451732,2.821271,3.036616,2.229154,3.327094,3.050998,3.392494,2.137337,3.079026,2.015880,0.925995,3.287468,2.094489,2.899580,2.813884,2.514270,3.050998,3.214336,2.768137
0.981382,9.920526,-0.110715,1.865204,2.194633,2.646364,3.746761,2.153865,3.365387,2.580610,2.154194,2.306415,2.201537,2.659844,2.708831,2.412608,2.824887,3.030040,2.228187,3.437597,3.059052,3.500419,2.265881,3.128640,2.212079,0.920841,3.334504,2.151834,2.964336,2.912467,2.639593,3.116720,3.314852,2.816462
0.476059,9.867842,-0.079811,1.874410,2.178852,2.624337,3.748076,2.135783,3.391031,2.607241,2.117372,2.306415,2.170961,2.646693,2.719680,2.422143,2.842970,3.014917,2.224644,3.479156,3.067429,3.533280,2.335791,3.155058,2.283922,0.961434,3.377674,2.196615,3.006217,2.935341,2.646680,3.164723,3.352223,2.824194
-0.018220,1.722057,0.151974,1.859944,2.252825,2.592446,3.717829,2.125591,3.366044,2.656556,1.909588,2.225866,2.173592,2.657214,2.805818,2.438252,2.836394,2.992560,2.228832,3.573551,3.080315,3.584827,2.392492,3.172132,2.394747,0.966588,3.387661,2.243329,3.028446,2.966591,2.665366,3.224967,3.382184,2.864464
0.155825,-1.423816,0.205893,1.806025,2.178194,2.560884,3.669171,2.086138,3.220727,2.539843,1.837258,2.452718,2.076604,2.487897,2.648337,2.480335,2.803517,2.920559,2.205314,3.664401,3.069362,3.664724,2.383471,3.161823,2.504605,0.805184,3.379607,2.265236,3.047132,2.982377,2.644103,3.244297,3.354478,2.803897
0.467791,-1.316705,0.346607,1.804381,2.157482,2.383348,3.623800,1.909588,3.156288,2.330744,1.711997,2.518472,2.176222,2.373156,2.606912,2.498746,2.801544,2.884066,2.163754,3.644427,3.069039,3.699840,2.235919,3.101578,2.437595,0.597065,3.317751,2.262981,3.021681,3.005573,2.650546,3.250419,3.270715,2.778124
-0.010232,-1.685533,0.336086,1.863231,2.288661,2.429704,3.611307,1.921424,3.136562,2.259401,1.700818,2.487568,2.132495,2.351786,2.606254,2.520445,2.759462,2.873874,2.200481,3.588370,3.093202,3.615432,2.310662,3.127351,2.407956,0.109951,3.350934,2.325804,3.059052,3.038111,2.709180,3.265883,3.254929,2.760405
-0.736307,-2.129520,0.262770,1.890848,2.279456,2.514527,3.607033,1.924712,3.107630,2.291949,1.780052,2.471787,2.076604,2.348498,2.593432,2.526692,2.754859,2.865983,2.245907,3.608667,3.129929,3.602868,2.538111,3.212725,2.441139,0.013946,3.360277,2.310984,3.075483,3.079671,2.777480,3.308086,3.320651,2.811307
2.359195,-0.985213,0.145398,1.884273,2.297538,2.617761,3.605061,1.919780,3.095466,2.261373,1.894465,2.471787,2.070686,2.332388,2.585542,2.512226,2.722311,2.847901,2.226899,3.637984,3.184375,3.627997,2.665366,3.299388,2.432440,0.250415,3.342880,2.245262,3.069684,3.127996,2.876707,3.331282,3.354800,2.847712
4.711273,-0.873530,0.112521,1.901369,2.331073,2.619734,3.628403,2.004603,3.097767,2.346525,1.919451,2.485267,2.141043,2.363292,2.607241,2.504007,2.737105,2.846586,2.210791,3.648293,3.179220,3.621553,2.629283,3.273614,2.428574,0.547774,3.353834,2.226254,3.127996,3.148936,2.894103,3.332893,3.335148,2.846101
6.837820,0.537832,0.287428,1.898739,2.300168,2.487897,3.598156,1.997370,3.066863,2.404060,1.738627,2.362306,2.092385,2.361320,2.606254,2.458636,2.758475,2.835737,2.137981,3.634762,3.034568,3.548100,2.294231,3.107055,2.336113,0.418263,3.318073,2.151834,3.048743,2.980766,2.751384,3.294877,3.243975,2.720456
9.503249,0.607476,0.157563,2.005918,2.353101,2.557925,3.660952,2.096330,3.143137,2.610528,1.890519,2.443184,2.192003,2.505979,2.693050,2.607569,2.855463,2.886039,2.155378,3.709182,2.956604,3.554865,2.144424,3.091591,2.445327,0.633147,3.327738,2.153123,3.049387,2.879606,2.598678,3.252352,3.188885,2.647647
9.830778,0.671927,0.188139,1.978959,2.313648,2.549377,3.636623,2.087782,3.146754,2.585213,1.870464,2.426088,2.155180,2.498089,2.672009,2.589487,2.844942,2.881436,2.153445,3.819685,2.969168,3.571940,2.221422,3.109310,2.431796,0.641846,3.314530,2.182118,3.026836,2.765882,2.370262,3.220457,3.119619,2.604799
10.209157,0.770432,0.163810,2.006247,2.365923,2.601323,3.674760,2.085810,3.168782,2.623022,1.870136,2.376115,2.133810,2.517157,2.662474,2.627296,2.841654,2.871901,2.108664,3.883152,2.969168,3.584504,2.217556,3.113176,2.642170,0.648289,3.320329,2.174708,3.012016,2.680186,2.256538,3.204671,3.092557,2.584502
10.440162,1.043658,0.297291,1.993754,2.387622,2.645378,3.674431,2.092056,3.185220,2.641762,1.881643,2.380717,2.161098,2.536226,2.702913,2.656885,2.864011,2.887354,2.137015,3.893461,2.962080,3.585471,2.198226,3.105766,2.692750,0.642490,3.314852,2.174064,3.008794,2.683407,2.229154,3.204671,3.081604,2.580314
12.169257,1.339497,0.296305,1.972712,2.410964,2.648337,3.675746,2.093371,3.175357,2.648666,1.890191,2.367895,2.171948,2.546418,2.722639,2.680557,2.868614,2.895573,2.189205,3.891850,3.009117,3.587082,2.201448,3.144748,2.660211,0.639913,3.321295,2.186306,2.996552,2.684696,2.215945,3.203382,3.079026,2.572582
12.837618,1.435983,0.301894,1.953972,2.407019,2.661159,3.662267,2.093700,3.197713,2.665433,1.896437,2.354416,2.174249,2.586528,2.724283,2.687132,2.865326,2.887354,2.239785,3.915369,3.032312,3.617365,2.437917,3.183408,2.774902,0.612851,3.334182,2.176963,3.005573,2.680186,2.206280,3.213370,3.093202,2.593523
13.016894,1.452179,0.256852,1.950027,2.466527,2.689433,3.636951,2.072330,3.221385,2.684831,1.956274,2.327456,2.166687,2.603624,2.737105,2.741051,2.857107,2.879134,2.157955,3.944041,3.040044,3.629930,2.448871,3.211114,2.862209,0.612851,3.343847,2.231409,3.014916,2.670521,2.198226,3.217558,3.097712,2.623162
13.589877,1.573361,0.194714,1.958575,2.489212,2.709160,3.653061,2.074960,3.220727,2.722311,2.053590,2.309045,2.159454,2.614145,2.748283,2.734804,2.853161,2.881765,2.177285,3.956606,3.037467,3.641206,2.478510,3.245908,2.925998,0.652799,3.347713,2.228187,3.024580,2.717557,2.204669,3.221101,3.087725,2.627028
13.523661,1.514808,0.191427,1.961863,2.494801,2.712447,3.645828,2.064439,3.217111,2.722639,2.061481,2.295237,2.157810,2.602638,2.743352,2.732502,2.847572,2.872230,2.197582,3.961760,3.088691,3.651515,2.499773,3.275225,2.958214,0.625415,3.373164,2.264592,3.035856,2.723356,2.244618,3.240431,3.127673,2.680186
13.530756,1.260162,0.155590,1.962520,2.514198,2.728228,3.618211,2.060494,3.216782,2.724941,2.090741,2.277483,2.129536,2.606912,2.739078,2.741379,2.859079,2.864997,2.237852,3.980124,3.159890,3.674389,2.567105,3.349646,3.006861,0.685982,3.381862,2.214657,3.053898,2.772647,2.287466,3.254607,3.134117,2.712402
13.798379,1.233671,0.153618,1.959561,2.513870,2.743681,3.609992,2.060823,3.224015,2.743023,2.099618,2.319237,2.137098,2.615789,2.739735,2.750585,2.858422,2.863353,2.225610,3.995266,3.181797,3.695007,2.618330,3.376063,3.082892,0.688882,3.378318,2.256216,3.055831,2.828060,2.321938,3.270071,3.147970,2.747518
14.398344,1.484017,0.136193,1.953644,2.523404,2.752557,3.599143,2.060165,3.229933,2.759462,2.128221,2.325484,2.136112,2.628940,2.749599,2.758475,2.853819,2.845928,2.287466,4.022650,3.223679,3.747520,2.669232,3.449839,3.159246,0.725609,3.391849,2.291654,3.079993,2.886049,2.415043,3.316463,3.191462,2.790366
14.448774,1.590496,0.123371,1.966137,2.527349,2.768339,3.593225,2.061152,3.282536,2.806147,2.155838,2.337648,2.153536,2.682529,2.769325,2.775571,2.862038,2.837052,2.296487,4.045524,3.266849,3.772327,2.711436,3.490754,3.244942,0.725287,3.397648,2.315172,3.133150,2.879606,2.503961,3.344169,3.226900,2.862531
14.922387,1.876066,0.092137,1.959233,2.551350,2.810750,3.586321,2.065426,3.272016,2.808777,2.222578,2.378745,2.177537,2.746311,2.819627,2.782804,2.864340,2.853819,2.317749,4.065498,3.308086,3.786180,2.818395,3.519105,3.306798,0.732052,3.393782,2.354476,3.164078,2.999452,2.520069,3.348679,3.292300,2.896359
14.463510,1.737310,0.059918,1.970082,2.559240,2.824887,3.582704,2.069700,3.314756,2.817654,2.282086,2.374471,2.200880,2.812394,2.839353,2.781818,2.866312,2.884723,2.328381,4.075163,3.381540,3.818074,2.937918,3.537146,3.345457,0.685338,3.392494,2.391847,3.179220,3.055186,2.611564,3.366076,3.361888,2.991397
14.721186,1.360851,-0.013070,1.972383,2.570418,2.851518,3.590923,2.065755,3.302591,2.810750,2.358690,2.387950,2.202852,2.811079,2.822586,2.782476,2.868285,2.902477,2.356087,4.074518,3.404092,3.825806,2.965946,3.554865,3.358988,0.643134,3.396360,2.383793,3.178576,3.026836,2.601255,3.361888,3.349968,3.005251
14.655865,1.856431,-0.036741,1.971068,2.569103,2.859079,3.585005,2.039782,3.272016,2.803517,2.378416,2.440225,2.187729,2.798585,2.818312,2.779517,2.861381,2.897874,2.346744,4.064209,3.393782,3.814853,2.946616,3.533924,3.326772,0.656665,3.353512,2.380894,3.169233,3.008794,2.507505,3.344491,3.348035,2.960792
14.968742,1.711693,-0.045618,1.968109,2.543788,2.845271,3.569882,2.024987,3.216453,2.783462,2.362964,2.435622,2.161098,2.768667,2.796284,2.775900,2.850531,2.888669,2.348999,4.041335,3.392494,3.793912,2.924709,3.518783,3.262983,0.669874,3.306475,2.317749,3.129284,2.957248,2.475933,3.324194,3.293267,2.907312
14.020784,1.813176,-0.120250,1.945095,2.527021,2.841326,3.558046,2.038795,3.234536,2.772941,2.374471,2.476061,2.170633,2.772941,2.792996,2.774914,2.845600,2.883737,2.318394,4.029415,3.398615,3.791979,2.901191,3.505896,3.225290,0.708856,3.263305,2.294554,3.076127,2.940495,2.428897,3.301965,3.236243,2.876062
13.807001,1.652508,-0.169894,1.930958,2.424115,2.838038,3.544567,2.010521,3.194097,2.724283,2.403731,2.526363,2.173920,2.773599,2.787407,2.771626,2.847244,2.959026,2.349966,4.019428,3.440496,3.781670,2.918266,3.489788,3.129284,0.966588,3.227867,2.261048,3.031024,2.916011,2.431152,3.286501,3.233988,2.877995
13.855239,1.404956,-0.250772,1.925040,2.402416,2.834093,3.540293,2.010850,3.246043,2.727242,2.471129,2.599679,2.225866,2.810092,2.791024,2.770969,2.845928,3.004725,2.484953,4.020072,3.463370,3.803255,2.979477,3.514917,3.221101,1.047452,3.273614,2.177285,3.070650,2.989464,2.506216,3.303254,3.384439,2.974645
13.559365,1.483111,-0.283321,1.912547,2.364936,2.822914,3.527142,1.976986,3.247687,2.688776,2.499733,2.641433,2.220606,2.794969,2.761106,2.762092,2.835737,2.978423,2.497518,4.015562,3.521682,3.797134,2.991720,3.511373,3.202094,1.082568,3.344169,2.174708,3.048421,2.981732,2.493330,3.292300,3.378640,2.968846
13.904547,1.726308,-0.298116,1.897752,2.343237,2.811736,3.522210,1.974356,3.237166,2.690091,2.515185,2.688776,2.261702,2.803846,2.740064,2.762421,2.831463,2.984012,2.495585,4.020395,3.539401,3.811953,3.011050,3.518783,3.218846,1.067748,3.345780,2.190494,3.069684,3.019748,2.506861,3.308408,3.403769,2.984632
14.262028,1.307075,-0.378336,1.890519,2.328114,2.801873,3.514320,1.974685,3.215138,2.720338,2.593761,2.716064,2.291620,2.823901,2.746968,2.755516,2.818312,2.985656,2.474322,4.030060,3.563564,3.833861,3.037467,3.548100,3.234632,1.069037,3.348357,2.163754,3.110599,3.057119,2.528768,3.323550,3.481411,3.050676
13.732240,2.078350,-0.410227,1.877369,2.306086,2.792996,3.504457,1.965151,3.169110,2.702584,2.617433,2.774914,2.283072,2.817654,2.742037,2.744338,2.809106,2.985656,2.456603,4.039725,3.571296,3.841915,3.049387,3.561308,3.260406,1.072581,3.346424,2.121551,3.146037,3.065496,2.540044,3.339658,3.494942,3.074516
13.463995,2.257142,-0.411871,1.798135,2.255784,2.769982,3.485388,1.972712,3.125055,2.690420,2.590473,2.783791,2.268935,2.795626,2.759133,2.741051,2.794311,2.977108,2.427930,4.045524,3.568074,3.845459,3.060985,3.572906,3.257184,1.052284,3.328705,2.029411,3.153769,3.069362,2.589657,3.338048,3.493654,3.102867
14.177820,2.333899,-0.268855,1.888876,2.338306,2.809106,3.493607,2.037480,3.225988,2.745653,2.463568,2.737763,2.271894,2.821271,2.831791,2.766366,2.821271,3.000780,2.490430,4.078707,3.570973,3.863822,3.130895,3.596424,3.368976,0.955635,3.327738,2.153767,3.194040,3.102222,2.605121,3.342236,3.493331,3.092557
13.763870,2.703705,-0.239594,1.887560,2.328772,2.810092,3.490977,2.030247,3.201330,2.743681,2.444828,2.750585,2.264990,2.817325,2.820613,2.767023,2.821928,2.992560,2.460469,4.077418,3.574839,3.868010,3.137661,3.599646,3.367043,1.002349,3.388628,2.143780,3.190818,3.099645,2.528768,3.346102,3.489143,3.058730
14.524420,2.211564,-0.296143,1.880327,2.308388,2.795955,3.515306,2.033864,3.191796,2.737763,2.495459,2.756174,2.253483,2.817983,2.821928,2.765708,2.841326,2.986314,2.441783,4.076774,3.584827,3.879608,3.201772,3.624453,3.364787,0.995905,3.403769,2.124772,3.174710,3.097390,2.520069,3.344813,3.481733,3.055831
14.057469,2.547664,-0.340199,1.877040,2.290305,2.782804,3.513005,2.011507,3.193768,2.745325,2.522089,2.791681,2.280771,2.842312,2.812723,2.765380,2.845600,2.987300,2.444038,4.084183,3.582571,3.879608,3.211114,3.631863,3.377030,1.220132,3.395715,2.081602,3.175032,3.083215,2.517814,3.345780,3.453383,3.003962
14.173202,2.272986,-0.217238,1.909259,2.316936,2.791352,3.525827,2.029261,3.127685,2.745653,2.396827,2.702256,2.259401,2.840997,2.826860,2.766037,2.869600,3.000451,2.431152,4.092238,3.590948,3.853513,3.171166,3.603190,3.425999,1.024256,3.413112,2.077414,3.172454,3.064851,2.505572,3.348357,3.413112,2.942428
13.856196,2.478630,-0.089345,1.953315,2.371841,2.791681,3.546211,2.067398,3.287797,2.742366,2.344224,2.677926,2.243949,2.834750,2.841654,2.760448,2.885381,3.019191,2.541010,4.105446,3.606089,3.859956,3.202738,3.617043,3.553899,0.997838,3.428898,2.154734,3.180509,3.101256,2.511693,3.352223,3.423422,2.937596
14.232094,2.488357,-0.073564,1.949369,2.394855,2.801216,3.549169,2.075618,3.288783,2.760777,2.334361,2.735790,2.250195,2.838367,2.840011,2.763407,2.886039,3.018204,2.581281,4.107702,3.609311,3.870265,3.227867,3.625742,3.592881,0.976575,3.434375,2.178574,3.188241,3.141849,2.618008,3.368976,3.459182,2.968846
14.988787,2.610529,-0.090003,1.970740,2.412279,2.810421,3.525498,2.071344,3.276618,2.755845,2.353758,2.747955,2.248551,2.837380,2.840997,2.763407,2.880121,3.006697,2.616719,4.118977,3.633474,3.894428,3.333215,3.664079,3.664724,0.830957,3.446940,2.227865,3.251385,3.181153,2.729477,3.442107,3.552610,3.062918
15.766552,2.427307,-0.146223,1.977644,2.446472,2.817325,3.531416,2.083508,3.284180,2.792010,2.420170,2.750914,2.247894,2.840339,2.847572,2.767023,2.905436,3.011629,2.683407,4.129287,3.642816,3.901193,3.354800,3.669234,3.676322,0.861885,3.466592,2.252350,3.259761,3.188563,2.750418,3.448550,3.569685,3.074838
15.484757,2.046947,-0.190278,1.971068,2.444828,2.829161,3.532731,2.102906,3.276947,2.831791,2.512883,2.726256,2.265319,2.871244,2.862696,2.768339,2.913655,3.032342,2.669554,4.138952,3.677932,3.909892,3.380896,3.680510,3.685664,0.761691,3.496553,2.307440,3.290045,3.212081,2.820972,3.472069,3.604801,3.113820
16.024935,1.804590,-0.175483,1.980932,2.434636,2.839024,3.531087,2.114413,3.267413,2.856778,2.535897,2.789380,2.312333,2.906094,2.861052,2.768339,2.920888,3.042862,2.691784,4.141529,3.702739,3.923423,3.400548,3.696618,3.714659,0.733985,3.506540,2.305829,3.298099,3.253318,2.908601,3.516205,3.608345,3.185663
13.853575,0.579787,-0.178114,1.966794,2.448115,2.855134,3.536019,2.118029,3.253933,2.915299,2.590145,2.823572,2.322196,2.931080,2.859408,2.764064,2.962642,3.053383,2.701771,4.146039,3.710471,3.935987,3.415367,3.701450,3.734956,0.689848,3.518783,2.365430,3.285857,3.254929,2.976578,3.532313,3.643138,3.256540
10.644108,0.363627,-0.191265,1.999671,2.489869,2.908724,3.561334,2.131509,3.262810,2.956724,2.608227,2.844942,2.330087,2.941930,2.861381,2.766366,2.984670,3.057328,2.738498,4.144751,3.714337,3.947585,3.430831,3.722069,3.753641,0.670518,3.514272,2.401835,3.297455,3.286823,3.063885,3.576450,3.671489,3.337403
8.465256,-0.334017,-0.136360,2.004274,2.550035,2.912998,3.607691,2.145317,3.388072,2.976122,2.601980,2.870258,2.372827,2.937327,2.874860,2.761763,2.993547,3.063575,2.751062,4.129287,3.715948,3.940497,3.426643,3.716270,3.732701,0.522000,3.506540,2.427608,3.295522,3.317107,3.132828,3.595458,3.693074,3.398615
3.706161,-0.329346,-0.139647,1.988165,2.593104,2.913984,3.637609,2.138084,3.358811,2.997821,2.574364,2.859408,2.314306,2.913655,2.849874,2.755845,2.988286,3.061931,2.747196,4.109312,3.716592,3.937598,3.412468,3.713048,3.722391,0.456279,3.473035,2.379605,3.280058,3.322261,3.151836,3.607056,3.707572,3.408602
0.717256,-2.100672,-0.081126,2.017754,2.549048,2.821599,3.606376,2.109152,3.320345,2.961327,2.443841,2.880449,2.293593,2.871244,2.847572,2.746968,2.959683,3.047794,2.725933,4.067109,3.706605,3.928577,3.398293,3.703383,3.697907,0.350931,3.451450,2.333536,3.250741,3.308408,3.161823,3.599002,3.706605,3.379285
-0.660959,-2.418160,0.063534,2.013151,2.512226,2.788394,3.599143,2.082851,3.227303,2.876504,2.238688,2.879134,2.421485,2.817654,2.818312,2.708502,2.928121,3.015574,2.693072,4.004931,3.687597,3.927611,3.369942,3.690175,3.629608,0.350609,3.418911,2.271035,3.201127,3.285535,3.149903,3.580961,3.692430,3.338692
-0.146953,-2.244937,0.073397,2.059179,2.455020,2.636501,3.681335,2.055563,3.239467,2.712776,2.137098,2.859737,2.571405,2.734475,2.716721,2.654912,2.861381,2.940286,2.628317,3.907637,3.614144,3.901515,3.234310,3.620265,3.468525,0.183083,3.544556,2.374773,3.071939,3.227223,3.125418,3.533602,3.684376,3.235921
-0.257132,-1.769405,0.141453,2.056878,2.486582,2.625323,3.725062,2.042412,3.376236,2.682858,2.083179,2.790037,2.560226,2.648337,2.655241,2.612172,2.824558,2.929765,2.556474,3.818397,3.585793,3.783281,3.107055,3.565174,3.370586,0.035531,3.489143,2.339012,2.988820,3.153447,3.074516,3.483022,3.649582,3.067429
-0.328259,-1.911718,0.143755,2.054576,2.503020,2.617104,3.747747,2.038138,3.394976,2.683844,2.076933,2.751900,2.554309,2.652282,2.658200,2.630912,2.862696,2.931738,2.550997,3.764595,3.585793,3.734634,3.102222,3.554221,3.320006,0.016846,3.488177,2.285855,2.925031,3.133150,3.056475,3.457571,3.636695,3.038434
0.043706,-2.218026,0.137508,2.053919,2.490856,2.617433,3.747090,2.027946,3.392675,2.680228,2.076604,2.754859,2.546418,2.672337,2.676611,2.653597,2.867627,2.930094,2.544232,3.750420,3.584827,3.731734,3.096746,3.550355,3.307442,0.081601,3.474002,2.245907,2.909567,3.120586,3.054220,3.459182,3.635407,3.031668
-0.334893,-1.920010,0.141453,2.052604,2.504993,2.625652,3.741829,2.018083,3.384126,2.679899,2.074631,2.755516,2.545760,2.692392,2.675296,2.650967,2.864997,2.928450,2.532956,3.736889,3.582571,3.727868,3.089658,3.547133,3.297455,0.077090,3.471102,2.240430,2.901513,3.109954,3.051642,3.457249,3.630896,3.045199
-0.080012,-2.223169,0.139809,2.047672,2.501705,2.624666,3.744459,1.982575,3.373935,2.669050,2.071015,2.783791,2.537212,2.667406,2.675954,2.667406,2.870586,2.923518,2.532634,3.724324,3.585793,3.729801,3.089336,3.549066,3.283924,0.046485,3.476579,2.235919,2.915366,3.170199,3.040689,3.455960,3.630896,3.057119
-0.325546,-1.739067,0.145727,2.050302,2.498089,2.628611,3.751035,2.031562,3.367359,2.682858,2.079563,2.797599,2.532938,2.692392,2.678584,2.699297,2.891956,2.944231,2.526835,3.714659,3.584504,3.727546,3.092235,3.539723,3.267171,0.097709,3.468203,2.257505,2.915044,3.181153,3.029091,3.455960,3.627997,3.055831
-0.190366,-2.198126,0.153289,2.055563,2.491842,2.630912,3.760240,2.046686,3.363414,2.680228,2.074303,2.802202,2.531623,2.671351,2.685159,2.714420,2.901162,2.952779,2.520714,3.698873,3.573873,3.718525,3.100612,3.523293,3.252996,0.087078,3.472069,2.247840,2.945328,3.223679,2.996230,3.453705,3.623164,3.054220
-0.456210,-1.545372,0.129289,2.054905,2.491513,2.638474,3.772405,2.057206,3.346975,2.682529,2.101919,2.824230,2.535897,2.681543,2.678255,2.724283,2.916943,2.958697,2.509760,3.709182,3.577095,3.724002,3.113820,3.530381,3.264916,0.062271,3.487532,2.260726,2.957248,3.247519,2.999129,3.457893,3.622198,3.064207
