37.497674,-1.649703,2.515842,2.594419,3.795419,3.531087,3.305879,3.466319,1.835615,3.694815,3.436401,2.766037,2.049645,2.868285,3.179960,3.783583,3.530101,2.252994,1.293586,2.576770,3.167622,3.144748,2.610920,1.810339,3.768139,0.598031,1.915043,3.666334,3.595780,0.651833,2.459180,2.416976,0.008791
38.145978,-1.503070,2.521431,2.758804,3.824022,3.520566,3.326920,3.475854,1.995069,3.739857,3.463360,2.847572,2.232442,2.873874,3.202645,3.794433,3.548841,2.315816,1.581602,2.618974,3.238176,3.195006,2.716268,2.019746,3.804221,0.702413,2.045198,3.680510,3.676322,0.890879,2.803575,2.759760,0.009436
38.923213,-1.436657,2.677926,2.948176,3.888461,3.530758,3.344016,3.496895,2.056549,3.799693,3.516292,2.975135,2.469157,2.969875,3.235851,3.805282,3.572183,2.359953,2.104798,2.697582,3.283602,3.253640,2.844812,2.301641,3.842237,0.898611,2.177930,3.719492,3.721425,1.001382,2.907634,2.860598,0.009436
37.433842,-1.439945,2.849545,3.008013,3.923311,3.582704,3.370647,3.524183,2.323840,3.880570,3.607362,3.041876,2.606583,2.995190,3.271029,3.811857,3.588951,2.402801,2.376061,2.675031,3.348035,3.240754,2.952415,2.541010,3.852224,0.925351,2.205958,3.741721,3.721425,1.179862,2.989787,2.928253,0.010724
36.191364,-1.398848,3.038588,3.075739,3.923968,3.586321,3.388401,3.540293,2.492828,3.914105,3.674431,3.102041,2.706530,3.052397,3.278920,3.821392,3.595197,2.423742,2.565172,2.659889,3.406669,3.238821,3.029091,2.602866,3.871554,0.999449,2.243974,3.784247,3.723680,1.405055,3.038111,2.978511,0.011369
36.664555,-1.326518,3.152672,3.207248,3.940407,3.588622,3.417990,3.556731,2.599021,3.955859,3.753007,3.174371,2.847572,3.078041,3.310811,3.829940,3.595526,2.418909,2.735598,2.704670,3.479800,3.277158,3.121230,2.830315,3.929544,1.151189,2.378639,3.843848,3.747198,1.735919,3.086436,3.031668,0.011047
38.976066,-1.268654,3.198042,3.253276,3.970325,3.613937,3.460401,3.591581,2.788065,3.976243,3.783912,3.268728,2.934697,3.134261,3.349277,3.851967,3.606047,2.500417,2.842557,2.751062,3.540045,3.331604,3.185663,3.017171,3.981090,1.230442,2.431474,3.859956,3.766850,1.961757,3.186952,3.133795,0.011369
42.197511,-1.201913,3.292399,3.364729,4.009777,3.596841,3.484402,3.685938,2.882093,4.010106,3.804953,3.378866,2.972177,3.225988,3.380510,3.879584,3.620184,2.598678,3.017493,2.830959,3.582571,3.408924,3.230122,3.372519,4.046490,1.681795,2.491397,3.902804,3.817752,2.191783,3.320329,3.270393,0.347065
44.357055,-1.122679,3.336455,3.444949,4.039696,3.635965,3.528786,3.712897,2.998807,4.034435,3.862159,3.487689,3.078370,3.282208,3.425223,3.907530,3.624129,2.648613,3.234955,2.923743,3.678577,3.469813,3.334504,3.589659,4.124776,2.013625,2.616075,3.957894,3.916657,2.411500,3.482378,3.425677,1.014913
46.338541,-1.135829,3.320016,3.439360,4.032791,3.612951,3.526813,3.709938,2.978094,4.019969,3.856241,3.504785,3.101712,3.300290,3.426538,3.902269,3.617883,2.656345,3.262983,2.925354,3.694041,3.462726,3.340303,3.736244,4.143140,2.075481,2.647003,3.976258,3.952740,2.495907,3.534891,3.475612,1.380248
47.199967,-1.027005,3.349606,3.491635,4.074545,3.594211,3.538320,3.770761,3.071794,4.075532,3.882214,3.585992,3.159247,3.431470,3.476840,3.917064,3.642212,2.750418,3.433409,2.953060,3.789080,3.531669,3.476901,3.919557,4.193075,2.276190,2.816139,4.038114,4.022650,2.975611,3.661502,3.605767,2.105120
42.784592,-0.904373,3.407798,3.574814,4.117614,3.622814,3.593225,3.854269,3.194426,4.115313,3.927913,3.685609,3.299304,3.615910,3.518923,3.953886,3.685938,2.857699,3.590303,3.133795,3.891206,3.642172,3.586437,4.066142,4.265563,2.345778,2.920843,4.077418,4.094493,3.218524,3.827417,3.761695,2.706603
31.731040,-0.746562,3.536676,3.633335,4.173505,3.632677,3.681993,3.976572,3.305879,4.134381,3.968681,3.777665,3.441990,3.720459,3.655034,4.008134,3.798049,2.965302,3.817430,3.207893,3.937276,3.727224,3.707249,4.185666,4.338372,2.813562,3.111243,4.135408,4.195008,3.455960,3.902160,3.834827,3.324517
-7.880550,-0.611436,3.635965,3.679034,4.181724,3.638595,3.720788,4.014051,3.388072,4.135039,3.977558,3.828296,3.574814,3.845392,3.700404,4.031147,3.883858,3.082892,3.936954,3.298421,4.014596,3.835471,3.782636,4.271040,4.344171,2.916655,3.230122,4.166980,4.232380,3.665368,3.989467,3.919879,3.786502
-40.206645,-0.506229,3.561663,3.614266,4.105121,3.777336,3.699089,3.947640,3.304564,3.998270,3.927913,3.707637,3.598814,3.818104,3.649445,4.014380,3.883201,3.100289,3.982379,3.339014,4.053256,3.869621,3.810987,4.197586,4.226259,2.814529,3.292622,4.192109,4.265563,3.827739,3.956928,3.873165,3.900871
-42.146911,-0.293842,3.441661,3.518265,3.868735,3.797391,3.629061,3.885173,3.165823,3.668185,3.786542,3.542265,3.487361,3.718815,3.560348,4.015695,3.816460,2.918588,3.914724,3.277158,4.028449,3.838371,3.688564,3.997521,4.093526,2.294554,3.216591,4.149583,4.181478,3.680188,3.741399,3.666012,3.619943
-41.029849,-0.319486,3.377222,3.453497,3.812515,3.776350,3.611307,3.838488,3.079027,3.590595,3.764186,3.495909,3.420949,3.686924,3.491306,4.002216,3.784898,2.733665,3.851258,3.238176,3.978191,3.793268,3.574195,3.859312,3.985601,2.155378,3.086758,4.099970,4.059054,3.509440,3.685020,3.613821,3.666012
-37.323050,-0.322116,3.351907,3.407140,3.757610,3.738870,3.547854,3.805611,3.031355,3.519909,3.677719,3.417004,3.389058,3.637280,3.453168,3.978873,3.730322,2.632505,3.783281,3.198872,3.934698,3.761373,3.500419,3.774582,3.944041,2.026190,3.011050,4.058732,3.992044,3.406347,3.618976,3.551321,3.591914
-37.771213,-0.364199,3.305550,3.311797,3.697445,3.696459,3.478484,3.762213,2.985985,3.477497,3.635636,3.332838,3.354866,3.586321,3.404839,3.956845,3.666541,2.618974,3.699517,3.172132,3.880897,3.736244,3.446617,3.696940,3.907314,2.065172,2.943717,3.998165,3.926967,3.310341,3.577739,3.505896,3.454349
-36.491677,-0.394446,3.237495,3.259194,3.604403,3.652075,3.415031,3.719473,2.891299,3.402538,3.573170,3.287468,3.306208,3.535690,3.367688,3.919037,3.621499,2.551642,3.627675,3.111887,3.813242,3.670523,3.331604,3.587082,3.804221,1.937594,2.860598,3.957572,3.856412,3.225612,3.499130,3.429543,3.316463
-35.736101,-0.423049,3.114206,3.186206,3.501826,3.568238,3.390702,3.657993,2.790695,3.343359,3.491635,3.243084,3.236180,3.462045,3.345332,3.893064,3.597499,2.425997,3.486888,2.990109,3.705961,3.504285,3.188885,3.366720,3.656347,1.516202,2.663111,3.869943,3.774260,3.097712,3.394427,3.326450,3.169555
-35.409735,-0.546010,2.991903,3.117493,3.426538,3.515306,3.312454,3.596512,2.690749,3.302591,3.462703,3.191138,3.166809,3.369003,3.313441,3.863474,3.578430,2.255249,3.366720,2.823549,3.569363,3.381540,3.112532,3.193717,3.532313,1.383792,2.505894,3.826773,3.717237,2.975289,3.337081,3.268138,3.059374
-35.413259,-0.622614,2.863025,3.000122,3.370976,3.473552,3.325934,3.565279,2.530966,3.267413,3.419634,3.132288,3.136891,3.319687,3.286482,3.849666,3.572512,2.228510,3.281346,2.711436,3.494620,3.272648,2.982699,3.097712,3.461115,1.326769,2.404090,3.797134,3.687275,2.808407,3.275225,3.209504,2.909245
-35.186415,-0.629190,2.761434,2.947847,3.321989,3.435086,3.286153,3.512676,2.420170,3.192453,3.337441,3.064232,3.087904,3.261824,3.256235,3.821392,3.551142,2.185662,3.150869,2.584825,3.380573,3.201449,2.797776,2.951771,3.448550,1.057439,2.359953,3.769427,3.648937,2.674064,3.186308,3.125096,2.722389
-34.358820,-0.702835,2.669707,2.928121,3.260180,3.420620,3.261166,3.432785,2.352772,3.131959,3.280892,3.005382,3.044177,3.191467,3.229604,3.796734,3.529772,2.169553,3.075483,2.466590,3.319684,3.147003,2.648936,2.860598,3.389594,0.938238,2.351255,3.739466,3.625419,2.501384,3.127351,3.059374,2.510727
-33.628435,-0.739986,2.570747,2.897546,3.223358,3.383469,3.232892,3.413716,2.195948,3.088233,3.273002,2.943902,2.998149,3.145768,3.201987,3.779309,3.534375,2.208535,2.990753,2.404734,3.253318,3.072583,2.525224,2.743652,3.332249,0.787464,2.301641,3.704028,3.594814,2.352221,3.053253,2.989142,2.387982
-32.432985,-0.654177,2.542144,2.875189,3.163850,3.401551,3.192453,3.382811,2.029590,2.980067,3.267413,2.911683,2.962642,3.113877,3.168453,3.763528,3.492292,2.062272,2.851900,2.368974,3.193395,3.027802,2.425675,2.701448,3.262983,0.653122,2.222711,3.675355,3.552610,2.244618,3.013949,2.948227,2.154089
-31.169488,-0.694287,2.441211,2.838038,3.099082,3.400894,3.164836,3.367030,1.804710,2.931409,3.224015,2.877490,2.909052,3.047465,3.125713,3.732624,3.484730,2.000417,2.777802,2.269747,3.105122,2.929219,2.278767,2.602544,3.198228,0.578701,2.142169,3.638306,3.497197,2.041654,2.984310,2.922132,1.983986
-30.528541,-0.763001,2.394197,2.663789,3.052397,3.356839,3.108616,3.307194,1.505199,2.855792,3.162864,2.822914,2.839353,2.981053,3.100726,3.706651,3.460401,1.947581,2.630250,2.139270,3.014593,2.856410,2.230120,2.496229,3.157635,0.505892,2.037466,3.576128,3.414079,1.878638,2.936951,2.873807,1.857697
-30.366989,-0.950401,2.361649,2.519788,2.999136,3.339742,3.046150,3.259522,1.368102,2.827189,3.069493,2.768339,2.703571,2.916285,3.072123,3.659636,3.459744,1.838367,2.540688,1.963690,2.897969,2.719812,2.083535,2.337079,3.121552,0.327413,1.892813,3.525226,3.340625,1.653767,2.838691,2.772969,1.684372
-29.960960,-0.988539,2.308388,2.412608,2.882751,3.310153,2.984999,3.226974,1.234620,2.769325,3.092835,2.644392,2.557596,2.864668,3.051082,3.625116,3.447579,1.789720,2.487853,1.719488,2.802608,2.594167,1.926641,2.035533,3.026513,0.131536,1.621872,3.473035,3.264916,1.346421,2.659567,2.586758,1.498161
-29.846878,-1.030293,2.306415,2.334689,2.819956,3.304564,2.944889,3.196070,1.225086,2.699954,3.037273,2.534253,2.403731,2.790366,3.029054,3.593554,3.397606,1.690816,2.430830,1.584179,2.705637,2.511371,1.779089,1.964334,3.013305,0.036820,1.446614,3.425032,3.227545,1.118650,2.522969,2.464013,1.175996
-29.644045,-1.012868,2.300168,2.219948,2.753873,3.280235,2.890970,3.173384,1.154071,2.620392,3.034643,2.450746,2.216332,2.739078,3.025437,3.551800,3.373277,1.678896,2.348677,1.529089,2.650869,2.465623,1.617040,1.931795,3.003318,0.011047,1.320326,3.411179,3.185985,0.978508,2.367363,2.306474,1.009758
-29.428696,-0.936593,2.226524,2.182797,2.697324,3.254920,2.844285,3.152672,1.145852,2.542473,3.040561,2.362306,2.162742,2.715735,3.037931,3.523854,3.322975,1.627349,2.233020,1.492362,2.558729,2.434051,1.429862,1.713045,2.969168,0.011047,1.150545,3.402803,3.187596,0.878637,2.184051,2.125417,0.647000
-28.750242,-0.969470,2.198578,2.125262,2.629926,3.248344,2.799243,3.146096,1.106728,2.494472,3.025437,2.294579,2.062467,2.669378,2.971519,3.509059,3.329879,1.625416,2.045198,1.457246,2.529734,2.422453,1.313882,1.634437,2.957248,0.011369,1.069037,3.394104,3.192429,0.791330,2.041654,1.942105,0.594165
-29.377498,-0.985580,2.191674,2.070686,2.598693,3.215467,2.733160,3.133603,1.078125,2.450417,2.998807,2.229154,2.037809,2.577651,2.962642,3.492950,3.317057,1.583212,1.776512,1.410210,2.482376,2.416654,1.219810,1.555184,2.975933,0.011369,0.945325,3.369942,3.190174,0.702091,1.742362,1.686305,0.452735
-29.052447,-1.042129,2.076604,2.019069,2.574035,3.240454,2.720995,3.111247,1.045905,2.447787,2.983355,2.081864,2.016110,2.567459,2.986642,3.467634,3.323304,1.633470,1.553895,1.608986,2.463690,2.471422,1.223676,1.442426,2.953382,0.011691,0.947903,3.379607,3.194684,0.700158,1.631859,1.590944,0.105763
-29.419315,-1.054294,2.045371,2.000000,2.562857,3.303249,2.751900,3.098425,1.055111,2.441211,2.966916,2.030905,2.013480,2.541486,2.973820,3.467963,3.320016,1.615751,1.431150,1.743006,2.461757,2.566783,1.360274,1.371228,3.036823,0.011047,1.028766,3.376063,3.188563,0.686627,1.557117,1.509114,0.381859
-30.218093,-1.031608,1.987836,1.946739,2.547733,3.332838,2.792996,3.066863,1.029138,2.402745,2.956396,1.969425,1.989480,2.489869,2.960341,3.448566,3.311139,1.579669,1.241717,1.777478,2.405701,2.493007,1.213045,0.803895,3.055831,0.011691,0.917941,3.349968,3.151192,0.572902,1.460145,1.408921,0.005248
-29.979324,-0.905688,1.840875,1.718572,2.444170,3.294043,2.820613,3.070479,0.979165,2.246250,2.886039,1.791559,1.903670,2.462253,2.925820,3.405168,3.273988,1.480442,1.220132,1.249449,2.241074,2.365752,0.996872,1.055828,2.874774,0.011047,0.686305,3.302932,3.073550,0.302284,1.161820,1.112529,0.004281
-30.268872,-0.873468,1.758353,1.672544,2.416225,3.283523,2.879463,3.063904,0.957137,2.165701,2.741379,1.741915,1.721860,2.390909,2.892943,3.381168,3.265440,1.342233,1.153122,1.333212,2.112208,2.354154,0.956279,0.503637,2.844812,0.011691,0.655377,3.268460,3.020392,0.287142,1.022645,0.988495,0.003637
-30.014572,-0.943497,1.541035,1.569967,2.280113,3.306208,2.827846,3.021163,0.879218,2.072330,2.679899,1.580817,1.589365,2.311347,2.839682,3.339085,3.246371,1.299707,1.103508,1.417620,2.040687,2.353832,0.924385,0.398289,2.502350,0.009758,0.569359,3.232055,3.012016,0.309049,0.896678,0.845454,0.003959
-29.738445,-0.923771,1.380595,1.445034,2.264990,3.316400,2.757160,3.015246,0.778942,1.933588,2.649652,1.369088,1.482185,2.200222,2.798585,3.321002,3.219084,1.249127,0.965944,1.428895,1.957246,2.377994,0.907632,0.140235,2.495263,0.009436,0.463366,3.168589,2.979799,0.351253,0.743328,0.705957,0.002992
-30.132906,-0.911277,1.116591,1.341800,2.126577,3.303906,2.721982,2.959354,0.607323,1.847122,2.606912,1.221141,1.406897,2.141372,2.743023,3.306537,3.161549,1.224965,0.872194,1.434694,1.942427,2.398291,0.912142,0.003959,2.534245,0.009114,0.337078,3.130895,2.956604,0.375093,0.704024,0.674384,0.002670
-29.960619,-0.910620,0.973247,1.291498,2.021699,3.286810,2.656885,2.930423,0.368306,1.792217,2.548391,1.125468,1.299717,2.075618,2.695023,3.253276,3.080013,1.225287,0.744616,1.416975,1.907955,2.403445,0.891846,0.003959,2.419876,0.008147,0.336433,3.127351,2.933085,0.373482,0.629281,0.619294,0.002348
-28.940839,-0.994786,0.769737,1.232648,2.160441,3.284180,2.572391,2.890313,0.303867,1.746846,2.507952,1.039659,1.206675,2.050302,2.616775,3.247029,2.997821,1.243328,0.733019,1.442104,1.947581,2.462402,0.947258,0.004925,2.530056,0.008791,0.489140,3.120264,2.923098,0.376382,0.605119,0.574191,0.002026
-29.022786,-0.994128,0.642831,1.108701,2.177537,3.272673,2.531295,2.817325,0.194386,1.641639,2.354744,0.940369,0.996918,1.981589,2.505650,3.202316,2.930423,1.262658,0.440815,1.596099,1.940172,2.533922,1.030377,0.004281,2.640237,0.009758,0.496549,3.103189,2.904735,0.369938,0.580634,0.536498,0.002026
-29.940998,-0.871167,0.129617,0.701352,1.722188,3.203960,2.387950,2.621707,0.067808,1.355279,2.213702,0.751983,0.826943,1.835286,2.271237,3.035958,2.820613,0.966588,0.737529,1.358019,1.859952,2.415688,0.858985,0.002670,1.548419,0.004925,0.217877,3.141204,2.730121,0.064526,0.019101,0.001059,-0.000229
-30.474702,-0.919168,0.063863,0.454444,1.690626,3.202645,2.267949,2.425759,0.064192,1.353964,2.167016,0.421567,0.695434,1.611392,2.118358,2.962971,2.730859,0.985918,0.629926,1.368973,1.838045,2.474644,0.879282,0.003315,1.349643,0.004925,0.264913,3.146037,2.704026,0.037142,-0.000229,-0.018270,-0.000551
-30.281605,-1.006622,0.061562,0.337073,1.741586,3.179631,2.024987,2.327128,0.061233,1.339170,2.121646,0.356470,0.565898,1.419390,1.907616,2.843298,2.564172,1.049063,0.453701,1.451447,1.785210,2.530379,0.997838,0.003637,1.730442,0.006536,0.309371,3.190818,2.760083,0.021356,-0.000229,-0.017948,-0.000551
-31.417167,-1.045746,0.059260,0.059260,1.768545,3.041218,1.934246,2.358361,0.058931,1.367444,2.101591,0.280853,0.449842,1.287881,1.718243,2.746968,2.410636,1.101898,0.324191,1.652478,1.824836,2.560018,1.054539,0.003959,1.898290,0.007181,0.302284,3.217236,2.780057,0.020067,-0.000874,-0.018593,-0.000551
-30.773780,-1.148652,0.057616,0.057287,1.755066,3.075082,1.672873,2.185427,0.056959,1.388157,2.085481,0.194714,0.000081,1.029795,1.487446,2.662803,2.318580,1.120905,0.272000,1.736563,1.887014,2.655379,1.238496,0.004281,2.010082,0.007825,0.409887,3.257828,2.851578,0.016846,0.000093,-0.017948,-0.000229
-31.404982,-1.250900,0.056630,0.056630,1.775449,3.033657,1.487446,2.151893,0.055972,1.494021,2.065755,0.091809,0.000410,0.678338,1.439116,2.564500,2.245592,1.170841,0.004281,1.918264,1.830313,2.671487,1.358985,0.005892,2.011692,0.006858,0.212400,3.194684,2.759116,0.016201,-0.001196,-0.017626,-0.001196
-32.166850,-1.300216,0.054657,0.054657,1.794189,2.973820,1.267169,2.003617,0.054000,1.518021,2.033206,0.000739,0.000739,0.460362,1.361197,2.480664,2.223236,1.167297,0.004281,1.967878,1.835468,2.663755,1.385403,0.005248,1.948548,0.007503,-0.000551,3.164723,2.740753,0.018456,-0.000551,-0.017626,-0.000551
-33.205304,-1.510960,0.053671,0.052685,1.882300,2.974478,1.161633,1.983562,0.052027,1.563063,1.959561,0.000739,0.001067,0.248304,1.258621,2.259401,2.172934,1.192104,0.004925,2.062272,1.820970,2.742363,1.465300,0.005248,2.056473,0.007503,-0.000229,3.172132,2.751062,0.017812,0.000093,-0.018270,-0.000874
-33.991061,-1.476768,0.051370,0.051041,1.795833,3.023136,1.052152,1.905643,0.052027,1.531172,1.930958,0.000739,0.000410,0.142111,1.071221,2.140714,2.134468,1.219488,0.005248,2.178896,1.798419,2.759760,1.475609,0.006214,1.832246,0.007181,0.000737,3.150547,2.742686,0.014590,-0.000551,-0.017626,-0.000229
-34.339769,-1.431068,0.050054,0.049397,1.685366,3.043520,0.976863,1.805368,0.050383,1.480870,1.895122,0.001067,0.000081,0.001067,0.745736,2.033206,2.094686,1.210467,0.004925,2.276834,1.759115,2.780379,1.490751,0.006858,1.714656,0.006858,-0.000874,3.151836,2.763949,0.055183,0.000093,-0.017304,0.000737
-35.956599,-1.428438,0.049397,0.050712,1.779066,3.114534,0.908479,1.772490,0.051041,1.479226,1.860930,0.001067,0.000410,0.000081,0.676694,1.946082,2.082851,1.236241,0.003959,2.347711,1.708213,2.901191,1.541653,0.006858,1.752349,0.005892,0.000093,3.164078,2.799709,0.054217,0.000415,-0.016660,-0.000229
-38.813831,-1.420219,0.049397,0.049397,1.744874,3.153658,0.838779,1.698846,0.049726,1.469034,1.879999,0.000739,0.000081,-0.000248,0.597132,1.844820,2.048001,1.253960,0.004281,2.397646,1.655700,3.044877,1.641202,0.006214,1.770068,0.006214,0.000093,3.173421,2.824838,0.015879,0.000093,-0.017304,-0.001196
-41.348411,-1.386026,0.048411,0.048739,1.578187,3.177001,0.699380,1.587063,0.047424,1.433198,1.849094,0.000410,-0.000248,0.000739,0.518884,1.747175,2.039453,1.307761,0.005892,2.470778,1.599321,3.176965,1.807117,0.007181,1.613818,0.005570,0.080956,3.250741,2.822261,0.042297,-0.000551,-0.016982,-0.000551
-44.903526,-1.383396,0.047424,0.046438,1.571940,3.159247,0.617515,1.514405,0.045780,1.429582,1.778737,0.001067,0.000410,0.001067,0.497842,1.633420,1.998356,1.324192,0.005248,2.555185,1.550029,3.285212,1.952414,0.008469,1.702736,0.006536,0.300351,3.292300,2.858021,0.045518,0.000093,-0.016660,0.000737
-47.981258,-1.330135,0.045123,0.044794,1.646900,3.162206,0.584309,1.360540,0.045123,1.375663,1.672873,0.000739,0.001067,-0.000248,0.368306,1.421363,1.906629,1.342233,0.005248,2.633472,1.492362,3.362532,2.052285,0.009114,1.973355,0.007503,0.361562,3.342880,2.931475,0.018134,-0.000551,-0.018270,0.000093
-48.399103,-1.194022,0.046109,0.045452,1.626516,3.153001,0.535651,1.227387,0.046109,1.503227,1.660708,0.001067,0.000410,0.000739,0.131919,1.152427,1.879341,1.416653,0.005892,2.713369,1.410532,3.456605,2.158600,0.009758,2.082569,0.008147,0.469487,3.384762,2.975611,0.037786,0.000415,-0.016982,0.000415
-43.983586,-1.187776,0.045780,0.045780,1.487117,3.161877,0.488966,1.099824,0.044137,1.589036,1.656105,0.000739,0.000739,0.000410,0.001725,0.971274,1.740928,1.469810,0.005570,2.813562,1.210789,3.498808,2.273935,0.009758,2.297775,0.008147,0.590944,3.410535,2.978511,0.013946,0.000415,-0.017304,-0.000874
-20.462807,-1.491891,0.048411,0.047096,1.537748,3.204946,0.335100,0.990343,0.046438,2.049974,1.639996,0.001725,0.000739,0.000410,-0.000248,0.777627,1.536104,1.469810,0.005892,2.789400,1.363496,3.502352,2.417943,0.010402,2.354798,0.008791,0.590299,3.422777,2.911500,0.011691,-0.000874,-0.017304,-0.000874
18.492374,-1.073363,0.052356,0.052027,1.341142,3.168453,0.550117,1.248757,0.052356,2.047343,2.139071,0.001396,0.000410,-0.000248,-0.000576,0.788148,1.652160,1.388625,0.006214,2.581925,1.797130,3.360599,2.291010,0.009758,2.309695,0.008147,0.701124,3.403447,2.847389,0.011047,0.000093,-0.017304,-0.000551
37.907654,-1.003663,0.056630,0.056630,1.794847,3.188179,0.746723,1.681750,0.058603,1.822793,2.409978,0.001396,0.000410,-0.000248,0.000410,0.861793,1.956274,1.282954,0.004925,1.986241,2.579670,2.922776,2.075803,0.009114,2.505250,0.009436,0.202413,3.119619,2.424386,0.009114,0.000093,-0.016337,-0.000229
40.348641,-1.495179,0.058931,0.058603,2.162742,3.229275,0.838450,1.951342,0.060575,1.937205,2.497102,0.000410,0.000081,-0.000576,-0.000576,1.144866,2.001315,1.333212,0.004925,1.920842,2.648291,2.769748,2.105442,0.008469,2.831281,0.010724,-0.000551,3.183408,2.404090,0.009758,0.000737,-0.016660,-0.000551
41.426701,-2.061657,0.059589,0.060246,2.250524,3.263139,0.953849,2.082193,0.061233,2.122961,2.520116,0.000410,-0.000576,0.000081,0.363703,1.669914,2.077590,1.414076,0.006214,1.905378,2.635405,2.716912,1.982053,0.007503,3.037467,0.012013,0.000415,3.183086,2.429219,0.205312,-0.000551,-0.016660,0.000415
41.996499,-2.175741,0.064849,0.064520,2.429047,3.286153,1.199442,2.338963,0.065507,2.237044,2.581268,0.000410,-0.000248,0.000081,0.844697,2.024658,2.213373,1.426318,0.005248,1.882504,2.594490,2.743974,1.906666,0.008791,3.282313,0.012335,-0.000874,3.195006,2.622518,0.168263,0.001382,-0.016660,0.175351
43.380927,-2.348677,0.068466,0.068795,2.588829,3.372948,1.532816,2.450746,0.069452,2.418855,2.694694,-0.000248,0.000081,0.011259,1.121523,2.210743,2.285045,1.481408,0.006214,1.737852,2.590624,2.727222,1.837401,0.008147,3.319362,0.012335,-0.000874,3.179220,2.790044,0.285853,0.001059,-0.015371,0.704024
44.464969,-2.360184,0.071096,0.070767,2.680228,3.408784,1.721860,2.549706,0.072740,2.431019,2.737105,0.000739,-0.000576,0.298606,1.311224,2.382361,2.340607,1.506859,0.006214,1.752994,2.575804,2.730443,1.847388,0.006536,3.388628,0.012980,0.000415,3.097712,2.800353,0.362851,0.001059,-0.015371,0.727542
42.827533,-2.463419,0.073397,0.075041,2.882422,3.458100,1.974356,2.568774,0.075699,2.538856,2.827189,0.001067,-0.000576,0.531377,1.540707,2.554309,2.411951,1.527478,0.006214,1.795519,2.539077,2.731732,1.917298,0.008147,3.414401,0.012013,-0.000874,3.171166,2.928897,0.555183,0.002670,-0.014727,0.846743
40.523048,-2.562709,0.076356,0.075699,2.816339,3.501498,2.158797,2.609871,0.078000,2.640447,2.830805,0.001067,0.000081,0.776641,1.629475,2.650638,2.489869,1.641524,0.006536,1.872517,2.635405,2.773936,1.959502,0.007825,3.449517,0.012980,0.000415,3.242042,2.998807,0.817426,0.002992,-0.013438,0.797129
39.380861,-2.560408,0.161837,0.078329,2.958368,3.532073,2.243291,2.718365,0.079973,2.638474,2.869929,0.001396,0.000081,0.953849,1.856327,2.636173,2.644392,1.615429,0.006536,1.912788,2.728188,2.891526,2.042620,0.008791,3.475612,0.012980,-0.000229,3.348357,3.118009,0.941137,0.004281,-0.012794,0.776511
41.568951,-2.637670,0.380471,0.299264,3.000122,3.558046,2.431348,2.863353,0.083589,2.719023,2.908724,0.044137,0.000081,1.268155,2.015124,2.718365,2.704228,1.653767,0.007181,1.901834,2.758472,2.923743,2.061306,0.008469,3.529092,0.013624,0.001382,3.391527,3.171488,0.955312,0.002992,-0.012471,0.952413
42.003890,-2.716247,0.502774,0.471869,3.040232,3.600458,2.510911,2.962642,0.086219,2.802531,2.946532,0.234167,-0.000248,1.400650,2.121317,2.840997,2.804503,1.769424,0.006536,2.006538,2.816784,2.983988,2.137981,0.009758,3.574195,0.013302,0.026510,3.431798,3.235921,0.890879,0.004603,-0.012471,1.048418
41.674287,-2.543311,0.384745,0.440636,3.091192,3.607033,2.562199,2.988615,0.087206,2.818640,2.958039,0.517569,0.001067,1.468048,2.167674,2.851189,2.833764,1.754604,0.007181,1.976576,2.820328,2.956281,2.114463,0.008469,3.582249,0.013302,0.037142,3.435019,3.248163,0.893135,0.003637,-0.012794,1.062916
42.092267,-2.640629,0.295319,0.505404,3.104342,3.612293,2.604939,3.018862,0.087535,2.913655,2.956396,0.642831,0.001396,1.531172,2.228168,2.912669,2.880778,1.848677,0.007825,1.968200,2.831603,2.933730,2.131860,0.009436,3.586759,0.014913,0.048418,3.428254,3.257184,0.940171,0.004281,-0.012471,1.091911
41.212290,-2.672191,0.374553,0.589241,3.211851,3.646814,2.642748,3.055027,0.090822,3.006369,2.953437,0.711544,0.279866,1.581803,2.339621,3.031027,2.919244,1.833213,0.007181,2.022002,2.821616,2.950805,2.105765,0.009436,3.600613,0.013624,0.134436,3.437597,3.251707,0.929861,0.003959,-0.012471,1.020068
40.846311,-2.596902,0.339045,0.689845,3.418976,3.658650,2.752886,3.091192,0.093452,3.026753,2.924834,0.783216,0.486993,1.691284,2.467513,3.138863,2.948176,1.812272,0.007181,2.030056,2.827093,2.948549,2.109953,0.009114,3.618976,0.013302,0.206279,3.440496,3.278447,0.922129,0.002992,-0.011827,0.978831
39.867634,-2.494324,0.099042,0.727325,3.472895,3.649116,2.757818,3.111575,0.093781,3.067191,2.973820,0.849957,0.595159,1.776107,2.636173,3.162535,3.006697,1.905056,0.007503,2.039399,2.790366,2.971101,2.111564,0.008791,3.646682,0.013946,0.204346,3.451128,3.304220,0.917297,0.003315,-0.012471,0.979475
40.253158,-2.358869,0.135864,0.556693,3.409442,3.633992,2.705214,3.061273,0.091480,3.032670,2.923847,0.807546,0.544199,1.724161,2.479020,3.139192,2.927792,1.836112,0.008147,1.961435,2.752995,2.887338,1.958857,0.007825,3.577739,0.013946,0.111884,3.428254,3.276192,0.916653,0.002992,-0.011827,0.720132
39.437582,-2.371362,0.091480,0.443266,3.460401,3.637609,2.736448,3.039575,0.091151,3.036287,2.939628,0.868040,0.630009,1.804053,2.519459,3.156617,2.984012,1.852543,0.008469,1.958213,2.771358,2.902480,1.960468,0.008147,3.601901,0.014590,0.126704,3.450161,3.289723,0.927606,0.003315,-0.011827,0.649256
37.340167,-2.319745,0.092137,0.699051,3.487361,3.653061,2.758804,3.085274,0.090494,2.982040,2.971848,1.017631,0.682941,1.829697,2.696995,3.218097,3.001108,1.830635,0.007503,2.076448,2.787467,2.908601,2.044231,0.009436,3.651193,0.014590,0.247194,3.476579,3.358344,0.913753,0.003959,-0.011827,0.608985
35.629571,-2.233277,0.094110,0.740805,3.533060,3.648787,2.785435,3.094479,0.094439,2.974807,2.982040,1.101796,0.730942,1.955287,2.743352,3.238481,2.985985,1.869940,0.007503,2.119618,2.791010,2.887982,2.092234,0.009114,3.671167,0.013946,0.286176,3.477868,3.361888,1.070325,0.004603,-0.010539,0.527155
37.856741,-2.239195,0.099699,0.859492,3.595855,3.641554,2.847901,3.115849,0.544528,3.110589,2.995848,1.296429,0.781244,2.060165,2.778530,3.273988,3.084287,1.896357,0.007503,2.062272,2.791333,2.911500,2.088690,0.008791,3.681154,0.014590,0.357052,3.475612,3.382184,0.858663,0.002670,-0.011827,0.433405
35.509107,-2.165878,0.422225,1.027494,3.626431,3.654376,2.901162,3.173056,0.718448,3.143466,3.047465,1.406897,0.831875,2.020055,2.810421,3.300947,3.136233,1.932440,0.008147,2.105120,2.807763,2.907634,2.158278,0.009758,3.692430,0.014590,0.501382,3.473357,3.384439,0.969488,0.003637,-0.011827,0.317426
34.621542,-2.106041,0.478445,1.255004,3.624129,3.662924,2.971848,3.186864,0.817409,3.101055,3.064561,1.515391,0.882506,2.080220,2.848887,3.334811,3.133274,1.913432,0.007825,2.160533,2.824838,2.918910,2.168909,0.009114,3.701773,0.013302,0.557116,3.471102,3.404092,0.858663,0.003637,-0.011505,0.223998
35.594513,-2.196125,1.020919,1.323717,3.638266,3.675746,3.020835,3.224673,0.896314,3.261166,3.080671,1.553529,0.909465,2.271894,2.887682,3.365387,3.159247,1.875416,0.007503,2.133793,2.841268,2.905701,2.160533,0.009114,3.714659,0.014590,0.585789,3.462726,3.416656,0.848676,0.003315,-0.011827,0.035853
36.322320,-2.059355,1.299388,1.334567,3.631033,3.664239,2.998807,3.215467,1.020590,3.309496,3.056342,1.606132,1.096865,2.326470,2.970533,3.417990,3.166151,1.877349,0.007503,2.158922,2.861565,2.932441,2.208213,0.009436,3.715948,0.014590,0.636047,3.494942,3.402803,0.762013,0.105119,0.090299,0.000415
36.002011,-2.070862,1.835615,1.494350,3.687582,3.649116,3.022150,3.279249,1.048207,3.330866,3.063904,1.832327,1.248429,2.368553,3.017547,3.426867,3.160562,1.852543,0.007181,2.219811,2.865753,2.963369,2.199515,0.010402,3.727546,0.014590,0.747516,3.514594,3.386050,0.807117,0.379926,0.356730,0.001059
35.719895,-2.118535,1.739942,1.469034,3.659636,3.643527,3.036944,3.281879,1.067275,3.357825,3.093164,1.899396,1.229360,2.363621,3.017218,3.445607,3.137548,1.840623,0.007825,2.139592,2.846745,2.867686,2.178574,0.008147,3.699840,0.014268,0.706923,3.497842,3.377674,0.680183,0.449513,0.446292,0.001382
35.538744,-2.053437,1.895122,1.556159,3.679034,3.645499,3.072123,3.294701,1.114947,3.394318,3.123740,2.163071,1.337855,2.402416,3.037602,3.474538,3.140507,1.842556,0.008147,2.137659,2.851255,2.898936,2.196293,0.010080,3.714337,0.014268,0.859307,3.507185,3.371875,0.630892,0.614140,0.596421,0.002670
36.443174,-1.991628,2.049645,1.723175,3.701719,3.639910,3.101712,3.284180,1.146838,3.387414,3.146754,2.286360,1.423664,2.469814,3.068178,3.514977,3.148727,1.861563,0.007503,2.164721,2.865109,2.902480,2.195971,0.010080,3.697585,0.013624,0.961111,3.548100,3.407958,0.637013,0.696614,0.674707,0.001382
36.535778,-1.996559,2.133481,1.917807,3.725719,3.654047,3.133274,3.279906,1.189907,3.428182,3.153001,2.402416,1.575228,2.602638,3.081986,3.548841,3.189823,1.869617,0.007825,2.195971,2.859632,2.937918,2.197904,0.008791,3.712726,0.014268,1.042941,3.551643,3.415367,0.636047,0.867039,0.852864,0.002348
36.834857,-2.017930,2.276168,2.082522,3.741829,3.644184,3.184234,3.261495,1.188921,3.503799,3.175686,2.476061,1.663010,2.672666,3.111904,3.585005,3.263796,1.894746,0.138302,2.231409,2.882505,2.958537,2.222711,0.010402,3.741399,0.014913,1.148612,3.570973,3.468525,0.621872,1.044552,1.033276,0.003959
36.785675,-1.932120,2.306744,2.212715,3.819748,3.643855,3.201001,3.303249,1.245470,3.508402,3.202974,2.577980,1.803724,2.712776,3.145768,3.655362,3.285495,1.977221,0.509436,2.252994,2.925354,2.997519,2.270713,0.010724,3.735278,0.015557,1.256859,3.598035,3.510728,0.623805,1.249449,1.219488,0.003959
37.412056,-1.816062,2.395183,2.351786,3.825008,3.632677,3.236508,3.330208,1.356266,3.550156,3.323961,2.618419,1.896437,2.727242,3.158261,3.697116,3.348619,2.026834,0.875093,2.325481,2.956604,3.023292,2.300030,0.192103,3.723036,0.111884,1.346421,3.650226,3.535857,0.601575,1.340622,1.310661,0.003959
37.969756,-1.783514,2.440225,2.499075,3.839474,3.641554,3.234865,3.375250,1.425965,3.577444,3.363743,2.615460,1.951013,2.757489,3.166480,3.731309,3.397277,2.125095,1.035532,2.329992,2.980444,3.054220,2.397324,0.821292,3.733989,0.268134,1.529733,3.663435,3.548422,0.566459,1.589656,1.567104,0.004603
38.145581,-1.792391,2.462253,2.568117,3.866433,3.611307,3.211193,3.428839,1.519008,3.621499,3.405825,2.661159,1.991781,2.812394,3.175028,3.766158,3.444949,2.223355,1.159887,2.510404,3.021681,3.119942,2.502350,1.183405,3.780381,0.436627,1.727543,3.673744,3.576128,0.656343,1.997195,1.988496,0.007181
38.009789,-1.812775,2.524719,2.684502,3.885173,3.628074,3.221714,3.431798,1.581145,3.648129,3.453168,2.717708,2.074960,2.840997,3.190152,3.769775,3.478155,2.195649,1.298741,2.541654,3.041977,3.088047,2.514270,1.295519,3.780703,0.506214,1.822903,3.676322,3.587726,0.673418,2.197260,2.157311,0.006858
38.650910,-1.714471,2.530308,2.728228,3.886160,3.597828,3.255906,3.416346,1.783669,3.669500,3.495909,2.756832,2.181153,2.875189,3.177001,3.779309,3.515964,2.206280,1.460468,2.535855,3.096746,3.117042,2.553252,1.758148,3.781025,0.555506,1.833213,3.698873,3.644105,0.709500,2.409244,2.380572,0.009114
38.841965,-1.467891,2.581268,2.898532,3.909174,3.587307,3.263139,3.445278,1.895451,3.693171,3.526156,2.870586,2.270250,2.878806,3.212508,3.787200,3.551142,2.248484,2.007504,2.548098,3.158601,3.169877,2.656667,1.923741,3.784891,0.655055,1.910855,3.744943,3.680188,0.860274,2.662466,2.623162,0.008791
38.149653,-1.347888,2.778202,2.981711,3.928242,3.581060,3.300290,3.501169,2.144988,3.730322,3.647801,2.987629,2.492500,2.959683,3.224673,3.800022,3.577773,2.314206,2.294231,2.598033,3.233988,3.237532,2.785212,2.161821,3.812598,0.847387,2.050997,3.757185,3.731090,1.075802,2.900869,2.844812,0.010080
37.689267,-1.373533,2.991245,3.053054,3.943037,3.581389,3.321660,3.505772,2.415896,3.864132,3.712240,3.103356,2.606254,2.999465,3.275961,3.809556,3.586978,2.327414,2.425353,2.696294,3.323228,3.306798,2.985276,2.475610,3.864466,1.010403,2.232053,3.789080,3.773616,1.315815,2.993330,2.936951,0.011369
38.082990,-1.335066,3.135576,3.170754,3.967695,3.593554,3.350263,3.515306,2.552336,3.910817,3.760898,3.188837,2.809435,3.063575,3.327578,3.829611,3.586978,2.420198,2.704348,2.775869,3.431153,3.372197,3.119297,2.793588,3.943719,1.147323,2.389270,3.876064,3.825484,1.704347,3.129284,3.068395,0.011691
37.604613,-1.276216,3.201987,3.255577,4.003859,3.613937,3.405168,3.576129,2.834093,3.940407,3.816131,3.275961,2.885710,3.147411,3.364400,3.856899,3.604732,2.560018,2.918588,2.801642,3.512339,3.433409,3.218524,3.085148,4.011052,1.347065,2.467879,3.928577,3.879286,1.911821,3.233666,3.176320,0.010724
39.391409,-1.182844,3.318044,3.324290,4.003859,3.616896,3.447579,3.624129,2.894258,3.965065,3.843748,3.359469,2.961327,3.232234,3.398264,3.881557,3.614266,2.597711,3.131217,2.838047,3.549066,3.436952,3.241076,3.382829,4.067431,1.575158,2.491719,3.949196,3.934376,2.166976,3.288756,3.224001,0.193714
43.061781,-1.077308,3.385442,3.434428,4.025887,3.597499,3.503142,3.685609,2.979409,4.001229,3.883858,3.482758,3.051082,3.279577,3.429497,3.910160,3.634321,2.679219,3.294877,2.919877,3.656025,3.489465,3.341591,3.553254,4.138307,1.938561,2.566139,4.011696,3.986245,2.425997,3.419878,3.363821,1.179217
45.602988,-1.040156,3.392675,3.486374,4.062381,3.620513,3.524183,3.757939,3.042862,4.027202,3.911146,3.574485,3.155631,3.417332,3.479141,3.928571,3.658321,2.788433,3.386695,2.950482,3.729801,3.529414,3.441141,3.799389,4.197264,2.139592,2.760727,4.057766,4.034892,2.789400,3.561631,3.505252,1.900545
48.741741,-1.048376,3.383798,3.540950,4.084408,3.602430,3.527799,3.786542,3.056999,4.041339,3.905228,3.606047,3.171740,3.452840,3.491635,3.954215,3.685609,2.796487,3.447906,2.989142,3.746876,3.576772,3.474002,3.905704,4.223359,2.201126,2.808085,4.089338,4.066786,3.071939,3.616077,3.554543,2.540044
47.173652,-1.011882,3.420949,3.601115,4.124847,3.627746,3.553443,3.845392,3.181932,4.102162,3.936461,3.692185,3.245056,3.564293,3.527142,3.978215,3.703034,2.931152,3.551966,3.161823,3.848036,3.659891,3.581927,4.036825,4.284571,2.237852,2.889271,4.140885,4.151838,3.243331,3.763951,3.699195,3.101578
42.797888,-0.826454,3.461388,3.662267,4.141614,3.626102,3.612951,3.908187,3.300619,4.102491,3.986106,3.774049,3.337112,3.666541,3.591581,4.025230,3.757939,2.992364,3.724646,3.193717,3.894106,3.709505,3.661502,4.141851,4.315176,2.391203,2.977544,4.184377,4.209828,3.459504,3.892495,3.828384,3.420200
30.946671,-0.635108,3.608348,3.771747,4.191259,3.714541,3.713226,4.083422,3.445278,4.133066,4.044298,3.884516,3.515964,3.837173,3.729665,4.089340,3.903256,3.092880,3.854801,3.268138,3.964016,3.784247,3.760729,4.283282,4.367045,2.853511,3.170521,4.238501,4.276839,3.636695,4.013951,3.950485,3.766850
-10.314953,-0.469406,3.735583,3.830926,4.223150,3.736569,3.795419,4.127806,3.588622,4.140957,4.062709,3.921009,3.735583,3.975256,3.777994,4.151806,4.016024,3.194040,4.010085,3.365432,4.067109,3.908281,3.942753,4.350937,4.384120,3.024580,3.291978,4.294236,4.332895,3.873165,4.086439,4.012018,4.053900
-31.553215,-0.390830,3.692185,3.748405,4.140299,3.846050,3.774706,4.063038,3.500511,4.020627,3.984462,3.814159,3.713226,3.942379,3.728350,4.140628,4.036737,3.221746,4.045201,3.409891,4.071297,3.947907,3.943397,4.280705,4.262663,2.976578,3.282957,4.290370,4.326452,4.007186,4.045201,3.964338,4.109957
-32.447321,-0.245512,3.468621,3.567252,3.909174,3.811529,3.686596,3.962763,3.280235,3.698760,3.833227,3.623472,3.573827,3.761555,3.630047,4.084080,3.992024,2.911178,3.929544,3.235921,4.011696,3.858345,3.784247,4.021683,4.109312,2.522002,3.135728,4.232380,4.251387,3.836760,3.852546,3.768783,3.883152
-31.522710,-0.266882,3.440018,3.515306,3.846707,3.757610,3.633992,3.911146,3.186864,3.607362,3.771419,3.531087,3.457442,3.695144,3.590595,4.041997,3.903584,2.759116,3.794879,3.125418,3.929222,3.762662,3.675355,3.845459,3.953062,2.174064,2.999774,4.158282,4.169235,3.690175,3.743654,3.666334,3.766850
-32.192914,-0.233676,3.387743,3.433442,3.784898,3.721445,3.615252,3.863803,3.071794,3.548183,3.756295,3.499525,3.427195,3.670486,3.530758,4.021284,3.829940,2.687918,3.742043,3.120264,3.911825,3.727868,3.619298,3.787147,3.915691,2.189850,2.956281,4.130575,4.137663,3.608345,3.687597,3.615754,3.673422
-32.074032,-0.296143,3.353551,3.383798,3.731637,3.705007,3.577115,3.847693,3.053054,3.498210,3.676733,3.421935,3.351578,3.630376,3.497881,4.012079,3.801337,2.618652,3.666012,3.125096,3.848036,3.679543,3.512984,3.720458,3.877031,2.137015,2.861243,4.104480,4.090949,3.524904,3.617043,3.539079,3.613499
-32.011275,-0.350391,3.289112,3.306537,3.642212,3.656349,3.524840,3.803309,2.961327,3.437059,3.610650,3.353551,3.338427,3.561005,3.468621,3.987421,3.724076,2.571616,3.593525,3.039078,3.803577,3.607056,3.426965,3.624775,3.817752,1.989785,2.798420,4.078384,4.051645,3.413112,3.560664,3.489788,3.529414
-31.410262,-0.414501,3.209549,3.249988,3.553772,3.626759,3.447579,3.751692,2.848230,3.388401,3.546539,3.284180,3.297002,3.514320,3.454812,3.945010,3.678705,2.526190,3.512984,3.009439,3.736244,3.553254,3.324517,3.546811,3.776515,1.879605,2.740108,4.042302,4.016206,3.325805,3.483989,3.412790,3.411501
-31.035271,-0.389843,3.143795,3.169768,3.472237,3.594211,3.409113,3.692514,2.814366,3.310811,3.501498,3.238152,3.236180,3.434428,3.404510,3.906543,3.620513,2.511049,3.452094,2.982055,3.674711,3.501708,3.184375,3.438241,3.726579,1.767491,2.652479,3.996554,3.977224,3.187596,3.407635,3.339658,3.264916
-31.240426,-0.425680,3.014259,3.113548,3.417332,3.545882,3.404839,3.636951,2.756174,3.276618,3.459415,3.186864,3.167138,3.332509,3.364400,3.878598,3.617554,2.427608,3.417623,2.936629,3.606734,3.436308,3.124130,3.373808,3.665690,1.534566,2.571938,3.961438,3.942108,3.081282,3.347713,3.280702,3.122519
-31.482358,-0.587765,2.949820,3.070808,3.358482,3.512347,3.353880,3.564622,2.635515,3.241111,3.397606,3.139850,3.081000,3.278262,3.341715,3.840789,3.577773,2.254927,3.359633,2.900225,3.532958,3.373164,3.048743,3.256218,3.615432,1.469810,2.508149,3.923745,3.898294,3.044877,3.289078,3.219813,3.002029
-31.384246,-0.623930,2.816997,2.986314,3.347962,3.484073,3.308180,3.529772,2.492500,3.185878,3.348290,3.060945,3.016561,3.228289,3.291413,3.809556,3.560348,2.322260,3.281991,2.832892,3.474646,3.303898,2.895714,3.142493,3.541978,1.326125,2.430507,3.884118,3.862533,2.877995,3.245264,3.184375,2.875740
-31.654083,-0.639053,2.716393,2.943245,3.302263,3.452182,3.267413,3.457442,2.398142,3.089548,3.306537,2.972505,2.973820,3.147083,3.253604,3.771419,3.501169,2.248162,3.214336,2.762982,3.408602,3.243331,2.763949,3.019748,3.529414,1.106730,2.409244,3.863822,3.833216,2.749451,3.216591,3.151836,2.629283
-31.784769,-0.688369,2.601323,2.899847,3.254262,3.450538,3.262152,3.400894,2.349813,3.024451,3.281550,2.937656,2.931080,3.115849,3.234207,3.759912,3.486045,2.262015,3.100612,2.763304,3.310664,3.216591,2.641848,2.925998,3.481733,0.963044,2.390881,3.844492,3.800033,2.652157,3.194040,3.128962,2.487531
-31.366629,-0.668971,2.530966,2.884395,3.126699,3.452182,3.238810,3.360455,2.056549,2.970204,3.256892,2.900504,2.865983,3.066534,3.205275,3.750377,3.497552,2.191138,2.996874,2.693072,3.216591,3.150869,2.475288,2.815173,3.406347,0.826124,2.347066,3.812920,3.778770,2.351255,3.126063,3.055831,2.376384
-31.998919,-0.684095,2.411293,2.828175,3.108945,3.437716,3.152343,3.320674,1.856327,2.908066,3.200015,2.845600,2.765051,2.997821,3.166480,3.703692,3.490319,2.117685,2.865753,2.627028,3.140882,3.097390,2.319360,2.710147,3.357055,0.653766,2.306474,3.779092,3.758152,2.147002,3.081926,3.018137,2.239463
-31.544682,-0.737356,2.365594,2.818969,3.076726,3.398592,3.083301,3.268399,1.577200,2.854477,3.122096,2.758804,2.670693,2.921217,3.124397,3.670486,3.457442,2.038754,2.788755,2.560340,3.078060,3.042622,2.187917,2.669876,3.300032,0.595776,2.248162,3.751708,3.728190,1.925996,3.019426,2.960792,2.118007
-31.148253,-0.849797,2.395183,2.713105,3.009985,3.359469,3.019520,3.216453,1.410513,2.836065,3.095466,2.727571,2.507294,2.876833,3.110260,3.634979,3.469278,1.962723,2.685340,2.469812,3.032957,3.014271,2.123484,2.604799,3.259761,0.526833,2.100610,3.717559,3.693719,1.668908,2.977222,2.908279,1.997517
-31.591111,-0.930675,2.378087,2.602638,2.946204,3.354208,2.951793,3.184891,1.391773,2.781489,3.081328,2.555624,2.365265,2.809106,3.108945,3.601773,3.424565,1.956602,2.648936,2.375095,2.955959,2.977222,2.074837,2.499451,3.193717,0.442426,1.991396,3.687597,3.653770,1.347710,2.908923,2.844168,1.864463
-31.152714,-0.966182,2.345539,2.524062,2.887025,3.339742,2.912011,3.199686,1.284594,2.743023,3.050753,2.464225,2.228825,2.773270,3.074096,3.585663,3.427524,1.891525,2.525868,2.094489,2.840302,2.898614,1.984953,2.346744,3.145070,0.361240,1.848677,3.674389,3.620265,1.104475,2.831603,2.757827,1.704991
-30.738233,-0.957963,2.283730,2.454362,2.831791,3.321989,2.892285,3.170754,1.207661,2.655241,3.034314,2.377758,2.157810,2.738092,3.045164,3.561334,3.391359,1.806795,2.507183,2.068393,2.743652,2.871552,1.935339,2.136048,3.092880,0.210467,1.765558,3.654092,3.568718,0.959178,2.748162,2.685018,1.605442
-31.433630,-0.954675,2.253154,2.411622,2.765708,3.297331,2.767352,3.137220,1.163606,2.576665,3.010643,2.270908,2.081536,2.703899,3.049438,3.527799,3.384784,1.789720,2.469167,1.856086,2.646680,2.818072,1.846744,2.039399,3.034890,0.111240,1.593522,3.602546,3.526515,0.824191,2.630572,2.569683,1.483663
-30.427654,-0.879386,2.241318,2.238031,2.667077,3.287139,2.750256,3.110918,1.109687,2.458307,2.976451,2.135783,2.061809,2.650967,3.007684,3.501169,3.354537,1.737207,2.361564,1.610274,2.532634,2.726900,1.632826,1.891525,2.996552,0.012013,1.420197,3.533924,3.464337,0.643134,2.464979,2.394103,1.181472
-31.466348,-0.860975,2.137755,2.165043,2.657543,3.289769,2.833764,3.125713,1.085029,2.387293,2.954423,2.030247,1.986521,2.597378,3.030040,3.473881,3.330866,1.717233,2.216267,1.493328,2.453059,2.647325,1.451125,1.706602,2.975933,0.011047,1.262658,3.492043,3.377674,0.533276,2.100288,2.043587,0.707890
-30.696937,-0.900099,1.988822,1.984219,2.557596,3.281550,2.873545,3.147411,1.081413,2.320223,2.886696,1.900383,1.977644,2.535897,2.998149,3.456456,3.334811,1.689849,1.925030,1.523934,2.394425,2.625095,1.332568,1.606408,2.864464,0.010402,1.102864,3.447584,3.322906,0.458212,1.823548,1.755893,0.477864
-32.682415,-0.896482,1.891834,1.959233,2.599679,3.352564,2.916285,3.142809,1.044590,2.283730,2.885381,1.834957,1.949698,2.486253,3.003410,3.434428,3.323633,1.704669,1.642169,1.596099,2.387982,2.711113,1.332890,1.411176,2.866397,0.011047,1.064849,3.454994,3.314530,0.409565,1.614140,1.576447,0.233985
-32.729855,-0.891551,1.842190,1.902355,2.575021,3.348290,2.935354,3.126699,1.029138,2.270579,2.834750,1.799779,1.864546,2.447787,3.014917,3.425552,3.304235,1.735274,1.413754,1.923741,2.402157,2.867686,1.553573,1.266846,2.936951,0.010080,1.124449,3.450806,3.300999,0.493650,1.682117,1.648934,0.413753
-32.617006,-0.870509,1.825751,1.872766,2.544774,3.354537,2.918916,3.119466,1.007768,2.210085,2.727242,1.736326,1.749148,2.372169,2.964286,3.420949,3.265769,1.764592,1.278766,2.258471,2.370907,2.927287,1.667620,0.716910,3.191140,0.011369,1.179862,3.427610,3.279091,0.685660,1.852865,1.804218,0.089333
-31.956650,-0.827440,1.708709,1.697202,2.471787,3.329551,2.857764,3.084945,0.965356,2.078577,2.659515,1.605803,1.615009,2.318580,2.903463,3.375907,3.238481,1.552285,1.209179,1.877349,2.266525,2.703059,1.269101,0.900544,2.687273,0.010080,0.975931,3.383795,3.262661,0.350931,1.555184,1.466589,0.004925
-30.874774,-0.966840,1.626187,1.689640,2.420170,3.352893,2.812065,3.040232,0.897300,2.062796,2.641762,1.539063,1.555173,2.290305,2.851518,3.345989,3.234865,1.496228,1.217555,1.778445,2.206602,2.596745,1.079346,0.926962,2.402801,0.009436,0.566459,3.390561,3.237210,0.281021,1.404411,1.356086,0.004603
-29.824183,-0.939552,1.530843,1.586735,2.335676,3.356839,2.781489,3.014917,0.833190,1.973699,2.612501,1.423006,1.445034,2.227510,2.800229,3.315742,3.213494,1.404411,1.167942,1.709501,2.135082,2.566139,1.053573,0.635402,2.277157,0.008791,0.387335,3.368653,3.205960,0.252670,1.282310,1.235596,0.004925
-28.468394,-0.910948,1.419719,1.546624,2.247565,3.340071,2.738420,2.989273,0.645461,1.904985,2.569103,1.287224,1.387499,2.110796,2.726913,3.305221,3.166809,1.382826,1.112207,1.584179,2.051641,2.520714,1.017490,0.461433,2.193716,0.008791,0.329346,3.348679,3.167300,0.272322,1.218199,1.175996,0.004603
-28.197860,-0.934291,1.268155,1.421363,2.165372,3.318701,2.687461,2.960012,0.364690,1.885588,2.547404,1.213908,1.350019,2.055234,2.715406,3.297989,3.148398,1.324836,1.027477,1.531344,1.972066,2.522647,1.026833,0.424384,2.110275,0.007825,0.309049,3.331282,3.131539,0.260080,1.134114,1.089978,0.003959
-28.545479,-0.931332,1.105413,1.306621,2.092385,3.324619,2.673652,2.927464,0.334443,1.829368,2.511240,1.156373,1.278018,2.011178,2.670365,3.279906,3.120123,1.292942,0.932761,1.551640,1.855120,2.541010,1.028766,0.355119,2.077414,0.007825,0.320647,3.281991,3.117686,0.271034,1.050029,1.012980,0.003315
-30.004281,-1.007937,0.984096,1.128756,1.989151,3.307194,2.602638,2.851846,0.300579,1.753422,2.447129,1.034398,1.165578,1.980603,2.613816,3.263796,3.025766,1.227220,0.750415,1.464978,1.859308,2.489786,0.975931,0.136369,1.867684,0.006214,0.244294,3.216269,3.076127,0.256214,0.925029,0.885403,0.002670
-30.872751,-0.855715,0.727654,1.036042,1.829368,3.212179,2.523075,2.787407,0.161180,1.557474,2.394197,0.917027,0.963055,1.977315,2.472773,3.222700,2.951464,1.109307,0.704024,1.291653,1.830635,2.305829,0.868650,0.003315,1.614785,0.005570,-0.000229,3.157313,3.037789,0.016523,0.830957,0.805506,0.002992
-31.130624,-0.929031,0.390334,0.982781,1.852711,3.316071,2.505322,2.767681,0.074055,1.546953,2.343895,0.827929,0.842724,1.928986,2.379402,3.204946,2.916943,1.147967,0.758470,1.291009,2.020069,2.471745,1.068715,0.004603,1.586434,0.005892,0.220132,3.310986,3.095135,0.016523,0.786820,0.754281,0.002670
-31.835671,-0.909962,0.069123,0.783216,1.778080,3.337112,2.436280,2.657543,0.069781,1.489418,2.278141,0.601406,0.733572,1.761312,2.335676,3.154316,2.859408,1.211112,0.749449,1.560339,2.169231,2.549709,1.274900,0.004925,1.767491,0.006214,0.377026,3.368331,3.126385,0.018779,0.756214,0.728186,0.002670
-32.064270,-0.934291,0.066822,0.647105,1.781039,3.387414,2.336004,2.557267,0.067479,1.424979,2.202852,0.457403,0.690174,1.678133,2.210414,3.039903,2.810421,1.238174,0.605763,1.622194,2.228510,2.646680,1.479797,0.006536,1.701125,0.006214,0.506536,3.422133,3.124130,0.018779,0.779088,0.746227,0.002670
-33.014342,-0.875441,0.062877,0.420581,1.650188,3.278262,2.167345,2.425759,0.062548,1.279333,2.086138,0.312744,0.576090,1.623228,2.028932,2.946532,2.637159,1.131859,0.417941,1.536499,2.016847,2.577093,1.241395,0.004603,2.018780,0.007503,0.332889,3.372842,3.048421,0.017812,0.657632,0.618006,0.001382
-33.222285,-0.924757,0.060575,0.323264,1.715613,3.220399,2.006576,2.380389,0.060246,1.292484,2.034192,0.277565,0.476143,1.489418,1.909259,2.837709,2.506308,1.156344,0.317103,1.533921,2.010726,2.580636,1.279733,0.005248,2.029411,0.007181,0.357696,3.367687,3.022003,0.016201,0.617361,0.586433,0.001382
-33.909557,-1.020759,0.057616,0.058603,1.765915,3.258536,1.850409,2.355073,0.059589,1.329306,2.021699,0.172029,0.309127,1.361526,1.815560,2.767352,2.384005,1.218521,0.051639,1.599965,2.102221,2.629283,1.377027,0.005570,1.986241,0.006858,0.505570,3.376385,3.003318,0.016523,0.585145,0.557116,0.001382
-33.927118,-1.044759,0.057616,0.057616,1.759668,3.333825,1.714298,2.236387,0.057287,1.324704,1.935561,0.106932,0.000739,1.187606,1.642955,2.724283,2.342909,1.243328,0.013946,1.799385,2.232698,2.718845,1.506859,0.005892,1.975932,0.007181,0.604475,3.406347,3.043588,0.016846,0.605441,0.584178,0.002026
-34.947897,-1.176597,0.056301,0.056630,1.875067,3.359797,1.572926,2.147619,0.057616,1.408540,1.923725,0.030328,0.000410,0.883163,1.498624,2.706530,2.302470,1.266846,0.004925,1.854798,2.265881,2.791010,1.611563,0.006536,1.970777,0.007503,0.673096,3.414723,3.088369,0.015879,0.696292,0.669552,0.001704
-35.624952,-1.230516,0.054329,0.054000,1.837587,3.361113,1.406239,2.008220,0.054657,1.356923,1.841861,0.000081,-0.000248,0.669461,1.455226,2.546418,2.268606,1.247194,0.004925,1.900867,2.268780,2.851578,1.716267,0.007181,1.869940,0.007181,0.710145,3.426643,3.043910,0.015235,0.672129,0.636691,0.001704
-36.584002,-1.126953,0.050383,0.049726,1.686352,3.309496,1.196154,1.767559,0.049397,1.178400,1.795176,0.001067,0.001067,0.362388,1.264538,2.374799,2.236387,1.202413,0.004603,1.923097,2.071937,2.786178,1.506859,0.005570,1.559050,0.005248,0.466266,3.353189,2.964980,0.014590,0.272322,0.200480,0.000093
-39.952699,-1.019115,0.048411,0.048082,1.604159,3.239467,0.974891,1.848108,0.048739,1.066947,1.770847,0.000739,0.000081,0.183536,1.122838,2.239675,2.189044,1.260725,0.004603,1.989785,1.988496,2.777480,1.426318,0.006536,1.623161,0.005570,0.160853,3.275870,2.917944,0.014268,0.000737,-0.017304,-0.000874
-41.183992,-1.021416,0.046767,0.046767,1.557474,3.258536,0.924588,1.772490,0.047424,1.068262,1.724819,-0.000248,-0.000248,0.047424,0.896972,2.158468,2.131838,1.249449,0.004603,2.133793,1.993651,2.904091,1.464978,0.005570,1.670841,0.006214,0.122194,3.274581,2.916977,0.013302,-0.000229,-0.016660,0.000093
-43.117237,-1.075664,0.047096,0.047096,1.581474,3.288454,0.874944,1.735011,0.048082,1.121523,1.750792,0.000739,0.000410,0.014218,0.801299,2.089755,2.086796,1.288753,0.004925,2.213046,2.042620,2.975933,1.568393,0.006536,1.595455,0.005892,0.103508,3.314530,3.000418,0.013302,0.000093,-0.017626,0.000093
-45.624468,-1.235448,0.049068,0.048411,1.726791,3.294701,0.804587,1.716599,0.048082,1.284922,1.771833,0.000410,0.000410,0.000410,0.720750,1.971397,2.041754,1.325480,0.005570,2.298420,2.130571,3.048099,1.722066,0.006858,1.877349,0.007181,0.164075,3.345780,3.059697,0.011691,-0.000551,-0.016660,0.000415
-44.935378,-1.139446,0.049726,0.050383,1.753093,3.286810,0.716147,1.716599,0.050383,1.463445,1.742901,0.000410,-0.000248,0.000739,0.635269,1.876053,2.037480,1.310983,0.005892,2.334502,2.190494,3.111565,1.806473,0.007825,2.098355,0.008469,0.240106,3.386372,3.106733,0.012335,-0.000874,-0.016660,-0.000229
-40.471707,-1.102623,0.051370,0.051041,1.850081,3.265440,0.646447,1.688325,0.052685,1.543666,1.815560,0.000410,-0.000248,0.000410,0.503431,1.756709,2.010850,1.335467,0.005248,2.400224,2.329670,3.201772,2.046164,0.008791,2.297131,0.009114,0.263624,3.388628,3.079026,0.012657,-0.000229,-0.016660,0.000415
-24.362056,-1.228872,0.049397,0.049068,1.448651,3.260837,0.568200,1.411499,0.049397,1.694900,1.925698,0.000410,0.000081,0.001067,0.080630,1.523610,1.998685,1.342877,0.004925,2.428574,2.540688,3.236888,2.264592,0.010402,2.272646,0.008147,0.294230,3.394749,3.028446,0.012013,-0.000229,-0.016982,-0.000229
12.902655,-1.134514,0.051698,0.052356,1.554515,3.281879,0.729298,1.621584,0.053013,1.707065,2.145317,0.000739,-0.000248,-0.000576,0.106275,1.622242,2.016768,1.300029,0.005570,2.210146,2.613819,3.142171,2.206602,0.009114,2.323548,0.009114,0.336433,3.397004,2.973678,0.011369,-0.000874,-0.017304,-0.000229
33.342244,-1.236434,0.058931,0.057616,1.575228,3.255906,0.928534,1.839560,0.057287,2.056220,2.271894,0.001725,0.001067,0.000410,0.331155,1.688325,2.023343,1.332890,0.006214,2.051319,2.635727,3.093524,2.245262,0.009114,2.535855,0.009758,0.310660,3.269749,2.892170,0.010724,-0.000229,-0.016660,0.000093
39.346353,-1.400163,0.057616,0.057945,1.758682,3.246371,0.994946,1.922739,0.057616,2.021042,2.203181,0.000410,-0.000576,-0.000576,0.371923,1.693585,2.048001,1.482697,0.005892,2.121551,2.665366,3.140882,2.222388,0.008469,2.941140,0.010724,0.235918,3.275225,2.769748,0.306472,0.000415,-0.015371,-0.000551
38.614339,-1.776281,0.060575,0.060904,1.934904,3.278920,1.125468,2.091399,0.060246,2.182140,2.425759,0.001725,0.000410,0.000739,0.556693,1.816875,2.197592,1.458212,0.005892,2.218523,2.651191,3.101578,2.215945,0.008469,3.092880,0.011691,0.139590,3.279413,2.814206,0.337078,0.000737,-0.015693,0.000415
38.256373,-1.970915,0.065836,0.065178,2.131838,3.356510,1.401636,2.291620,0.064520,2.241976,2.508938,0.001396,0.000410,0.010602,0.927876,2.051289,2.232113,1.497517,0.005248,2.207891,2.669232,3.070328,2.229154,0.009114,3.163756,0.012013,0.000093,3.259761,2.909890,0.401188,0.001704,-0.015693,-0.001196
36.757980,-2.088616,0.066822,0.066822,2.100604,3.391688,1.637694,2.418855,0.068466,2.386964,2.615131,0.000410,-0.000905,0.150988,1.236922,2.336333,2.289648,1.498161,0.005892,2.108664,2.650224,3.083215,2.230765,0.009436,3.353512,0.012013,0.000415,3.238176,3.016849,0.531987,0.001704,-0.015693,-0.000874
38.040642,-2.212564,0.072082,0.070767,2.336333,3.450867,1.894793,2.479349,0.071425,2.552007,2.616117,0.001396,0.000410,0.425184,1.473966,2.530966,2.347183,1.579669,0.006214,1.966911,2.639915,3.022003,2.223033,0.009436,3.413434,0.013624,-0.000551,3.280380,3.017815,0.530699,0.001059,-0.016015,-0.000229
37.909570,-2.213222,0.074384,0.074712,2.485267,3.502155,2.083837,2.528336,0.073726,2.574692,2.660502,0.001396,0.000739,0.793737,1.665640,2.626309,2.434307,1.602542,0.005892,1.919553,2.743008,3.000418,2.214979,0.009114,3.468525,0.012980,-0.000229,3.325805,3.075160,0.659243,0.002992,-0.015049,0.420841
37.359409,-2.249058,0.075370,0.074384,2.659515,3.551142,2.202852,2.566802,0.077014,2.663789,2.655899,0.000410,-0.000576,0.938726,1.895122,2.672666,2.615789,1.619295,0.006536,1.917298,2.761693,2.975289,2.205314,0.009114,3.484633,0.012980,-0.000229,3.343524,3.130895,0.783921,0.003637,-0.014082,0.518457
37.691988,-2.176070,0.079973,0.119425,2.820613,3.584677,2.419512,2.670693,0.078658,2.704228,2.685817,0.002054,0.000739,1.183661,2.030576,2.724941,2.681214,1.634759,0.005892,1.892491,2.803575,2.964336,2.209180,0.008791,3.482700,0.013302,-0.000229,3.377996,3.148614,0.837400,0.002670,-0.014082,0.586756
36.307251,-2.198098,0.083918,0.409074,2.922861,3.583033,2.505650,2.777544,0.084576,2.892614,2.684831,0.001396,0.000410,1.352978,2.115399,2.771297,2.775243,1.696937,0.007503,1.914398,2.857054,3.003318,2.266847,0.009436,3.503641,0.013302,-0.000229,3.397648,3.160534,0.823225,0.002670,-0.014082,0.490106
34.472026,-2.215523,0.086877,0.562939,3.060945,3.606047,2.553322,2.880778,0.086877,2.969218,2.677269,0.000081,0.000081,1.476596,2.186085,2.883080,2.835079,1.722066,0.007181,1.928252,2.876707,2.986565,2.264270,0.009114,3.510084,0.012980,-0.001196,3.406025,3.167944,0.846421,0.002670,-0.013760,0.244294
36.209198,-2.176728,0.085233,0.515267,3.065547,3.602102,2.527021,2.818969,0.085891,2.909381,2.635186,0.001396,0.000410,1.460486,2.165372,2.858093,2.814038,1.563560,0.006536,1.835468,2.863176,2.888627,2.188561,0.008791,3.482700,0.013624,-0.000551,3.388950,3.140560,0.855763,0.002670,-0.013116,-0.001196
36.988759,-2.204674,0.087535,0.546172,3.085274,3.623800,2.551350,2.835079,0.086219,2.966259,2.661817,0.001725,0.000410,1.476596,2.147290,2.923847,2.809764,1.682439,0.006858,1.881215,2.899580,2.930508,2.230765,0.008469,3.459826,0.013624,0.000093,3.422777,3.133150,0.840300,0.002670,-0.013760,0.000093
36.936507,-2.240839,0.086548,0.605351,3.116178,3.622814,2.590802,2.884066,0.087863,3.007684,2.671351,-0.000248,-0.000576,1.506514,2.179838,2.946204,2.842641,1.727543,0.007503,1.986241,2.933730,2.994297,2.249450,0.009436,3.463370,0.012335,-0.000229,3.425999,3.134761,0.828379,0.002992,-0.013760,-0.000874
39.067730,-2.260236,0.088192,0.609954,3.081657,3.636623,2.614802,2.935683,0.089178,3.049109,2.693707,0.001067,0.000739,1.521309,2.245592,2.986971,2.869271,1.733664,0.007181,2.036821,2.941140,3.038434,2.254283,0.008791,3.472069,0.013946,0.000093,3.427287,3.141204,0.857696,0.002670,-0.013760,-0.000551
39.393769,-2.241496,0.091151,0.743764,3.115849,3.661280,2.639789,2.962971,0.243701,3.081657,2.720995,0.000739,0.000739,1.611721,2.348498,3.047136,2.905107,1.732697,0.007181,2.049386,2.946939,3.062918,2.262981,0.010080,3.488821,0.013302,0.000093,3.434375,3.169877,0.857696,0.002992,-0.012794,-0.000551
39.732023,-2.177057,0.093781,1.065632,3.293386,3.673116,2.718037,2.996834,0.464636,3.029383,2.797599,0.001725,0.357785,1.697859,2.494143,3.133274,2.947190,1.769102,0.007181,2.170842,2.947583,3.041333,2.260082,0.008791,3.501708,0.012980,-0.000229,3.437597,3.212725,0.884114,0.002670,-0.013116,-0.000551
40.386426,-2.238537,0.486993,1.171167,3.348948,3.687911,2.794640,3.042862,0.549460,3.132288,2.872888,0.332799,0.515596,1.787943,2.627296,3.203631,2.984670,1.769424,0.007181,2.167943,2.970457,3.001062,2.255572,0.009436,3.492365,0.013302,0.023611,3.433409,3.241720,0.880892,0.002670,-0.013760,0.417297
42.807910,-2.263853,0.666831,1.358238,3.413387,3.719802,2.914313,3.116836,0.779271,3.266755,2.935683,0.579378,0.699708,1.993096,2.724283,3.257550,3.025437,1.848999,0.008147,2.180507,2.985598,3.033601,2.243974,0.009114,3.527159,0.012980,0.030376,3.441463,3.251063,0.874771,0.002992,-0.014082,0.512980
43.150617,-2.224400,0.752969,1.502240,3.503470,3.728678,2.961656,3.186535,0.944644,3.294701,2.966259,0.730942,0.835162,2.054905,2.747955,3.297989,3.056342,1.853831,0.007181,2.183729,2.964013,2.932763,2.214334,0.009436,3.522971,0.013302,0.014590,3.446940,3.265560,0.838367,0.003315,-0.013116,0.543263
43.414530,-2.240181,0.770394,1.528542,3.585005,3.729007,3.018204,3.201330,0.988699,3.293386,2.973163,0.857519,0.832861,2.072988,2.769654,3.318044,3.138863,1.865107,0.008147,2.109953,2.984632,2.811629,2.219167,0.009436,3.517816,0.013302,-0.000229,3.434375,3.255251,0.862207,0.002992,-0.012794,0.533920
43.383505,-2.171796,0.894013,1.600543,3.637609,3.744788,3.077712,3.225988,1.028480,3.323633,3.004067,0.983110,0.858834,2.217647,2.843956,3.339414,3.160234,1.934050,0.007181,2.170520,2.980122,2.843523,2.194682,0.008791,3.545522,0.013624,0.036820,3.453705,3.328705,0.862207,0.003315,-0.012149,0.547774
43.683776,-2.087301,1.019275,1.721202,3.704349,3.783912,3.148727,3.249002,1.103769,3.390373,3.025109,1.131715,0.920314,2.352114,2.969546,3.393003,3.204618,1.853509,0.008147,2.219811,2.998807,2.846423,2.219489,0.009436,3.568074,0.012980,0.040686,3.467880,3.374774,0.862851,0.003959,-0.012471,0.533920
42.949459,-1.769376,1.208976,1.907287,3.783912,3.783912,3.199028,3.289112,1.177743,3.404510,3.069493,1.452925,1.236264,2.467513,3.052068,3.507744,3.219084,1.938239,0.007503,2.240430,3.021681,2.859954,2.235919,0.009758,3.594169,0.013302,0.416008,3.500741,3.425032,1.111563,0.004281,-0.010861,0.329023
40.501210,-1.711841,1.675503,1.980274,3.809227,3.791474,3.260509,3.297989,1.215880,3.424565,3.085603,1.618625,1.377307,2.634200,3.100068,3.572183,3.237823,1.939849,0.008147,2.272002,3.028124,2.904735,2.256538,0.010080,3.632507,0.013624,0.537786,3.507507,3.459182,1.125738,0.004281,-0.011183,-0.000229
41.092860,-1.652333,1.786299,1.975014,3.791802,3.754980,3.257550,3.375907,1.236264,3.389716,3.110260,1.742901,1.437144,2.669378,3.134589,3.617554,3.227303,2.020069,0.008147,2.288755,3.020715,2.960470,2.259438,0.009758,3.672778,0.013946,0.610274,3.496231,3.454994,1.078057,0.004925,-0.003451,-0.000229
39.952585,-1.678635,1.923397,2.025973,3.801337,3.726706,3.272344,3.393003,1.276703,3.417332,3.128014,2.002959,1.585091,2.684502,3.152343,3.634979,3.305221,1.994295,0.007825,2.285533,2.997196,2.909245,2.253961,0.009758,3.696940,0.013946,0.485596,3.564852,3.484955,1.017490,0.332245,0.315493,0.000415
41.422564,-1.650031,2.103563,2.166687,3.803638,3.749391,3.258865,3.402209,1.394732,3.449881,3.157932,2.183783,1.713312,2.710804,3.172727,3.644184,3.367688,1.957246,0.008147,2.263303,2.988498,2.870263,2.246551,0.010080,3.699195,0.013624,0.733985,3.554221,3.484633,0.994617,0.437271,0.423418,0.001059
40.674277,-1.719403,2.128879,2.034521,3.801337,3.733281,3.235851,3.353880,1.276703,3.443305,3.123082,2.290634,1.693585,2.704886,3.177330,3.626102,3.325277,1.956280,0.008147,2.294876,2.974001,2.843846,2.266847,0.009436,3.709827,0.014268,0.853508,3.544234,3.511373,0.995583,0.518457,0.494294,0.002026
40.553138,-1.772993,2.211729,2.105207,3.775693,3.728350,3.249659,3.321331,1.248100,3.450867,3.175028,2.339950,1.710353,2.699954,3.181932,3.638924,3.369332,1.836434,0.007503,2.245262,2.944039,2.799065,2.174708,0.009114,3.687920,0.014913,0.540042,3.560020,3.525548,0.896356,0.527477,0.509436,0.001704
40.844258,-1.683566,2.173920,2.253812,3.803309,3.716514,3.283851,3.393661,1.408869,3.445607,3.218426,2.482636,1.831012,2.726256,3.191796,3.678705,3.401880,2.001705,0.089977,2.293265,2.992364,2.870585,2.254605,0.010080,3.738177,0.014268,0.714977,3.593525,3.543267,0.914075,0.654732,0.634758,0.001704
40.261119,-1.664169,2.260058,2.297538,3.827638,3.692514,3.287468,3.431798,1.527884,3.483415,3.217440,2.535569,1.994411,2.762092,3.232892,3.746432,3.434428,1.925030,0.079023,2.246229,2.986565,2.868330,2.266525,0.009114,3.747520,0.014268,1.113496,3.527803,3.474002,0.741717,1.052929,1.034565,0.003315
39.925592,-1.740773,2.341922,2.470143,3.863146,3.673116,3.318044,3.518265,1.592324,3.621499,3.254591,2.627296,2.053261,2.843627,3.262810,3.795090,3.497881,2.047775,0.339977,2.348677,3.000096,2.902480,2.313883,0.010402,3.753964,0.014268,1.218844,3.561308,3.531347,0.777155,1.279411,1.259759,0.003637
38.942180,-1.682251,2.427732,2.635186,3.893064,3.676733,3.329879,3.526156,1.942465,3.712240,3.329222,2.691735,2.170961,2.852504,3.271358,3.816131,3.545553,2.080314,0.714655,2.375095,3.003640,2.917944,2.319038,0.302928,3.763628,0.014913,1.291331,3.592558,3.557765,0.795519,1.432117,1.403766,0.005248
39.970556,-1.646086,2.456664,2.684173,3.915749,3.697445,3.319687,3.507416,1.946739,3.703034,3.412072,2.710804,2.256113,2.853161,3.274975,3.815145,3.554430,2.089334,0.954024,2.355121,2.995586,2.909245,2.425997,0.645712,3.758474,0.104797,1.452413,3.600290,3.567430,0.700158,1.804862,1.801963,0.006536
39.621459,-1.850584,2.484609,2.678913,3.933174,3.648458,3.296016,3.448894,1.800436,3.703034,3.435415,2.682858,2.156495,2.817983,3.258536,3.802981,3.532402,2.092234,1.114140,2.419876,3.009117,2.921488,2.453381,1.105764,3.770394,0.414075,1.623805,3.611566,3.590625,0.568070,2.103832,2.062272,0.006858
40.389634,-1.837761,2.411293,2.705872,3.942051,3.639581,3.292728,3.436730,1.858629,3.708952,3.472237,2.711790,2.260387,2.832449,3.257878,3.805282,3.549498,2.165043,1.179862,2.420520,3.066140,2.943395,2.490108,1.290042,3.754608,0.473031,1.702736,3.604801,3.632507,0.528766,2.354154,2.310017,0.007825
40.669686,-1.731239,2.437266,2.855463,3.954215,3.584677,3.297002,3.471580,1.899396,3.731309,3.492292,2.763078,2.364608,2.856449,3.273002,3.830269,3.568567,2.184051,1.317426,2.474644,3.114465,2.998485,2.604155,1.714656,3.776837,0.608985,1.839012,3.656992,3.656992,0.581923,2.531345,2.493330,0.008791
41.494779,-1.504385,2.689762,2.992232,3.976243,3.576457,3.317715,3.448894,2.124276,3.784241,3.578759,2.881107,2.584555,2.955080,3.277933,3.840132,3.567909,2.257182,1.978831,2.481409,3.193073,3.073872,2.694683,1.966589,3.795523,0.748482,2.001061,3.709827,3.666979,0.771034,2.784245,2.745263,0.009436
41.813152,-1.478083,2.830476,3.014588,3.965065,3.583690,3.318372,3.473223,2.190688,3.825994,3.632348,2.957382,2.635844,2.989273,3.283523,3.840789,3.564950,2.272646,2.170842,2.441139,3.212403,3.090624,2.735598,2.166332,3.777482,0.835789,2.018780,3.726579,3.683409,0.773289,2.968202,2.909890,0.009436
41.063350,-1.469863,3.033657,3.106973,3.978544,3.606376,3.354866,3.506100,2.371183,3.916078,3.705336,3.064561,2.735133,3.027739,3.316071,3.863474,3.589280,2.297775,2.390881,2.517492,3.294233,3.156346,2.937596,2.400224,3.812598,0.994294,2.183729,3.749453,3.752353,0.945003,3.007506,2.959503,0.010724
40.839094,-1.410355,3.135904,3.189823,4.022928,3.603745,3.436401,3.575142,2.531623,3.945996,3.744788,3.124069,2.845600,3.099082,3.333825,3.881557,3.604732,2.403768,2.586113,2.558407,3.359633,3.207571,3.050354,2.716590,3.876064,1.139269,2.292621,3.809698,3.777804,1.142813,3.169877,3.108666,0.011369
42.517281,-1.340327,3.271029,3.281550,4.015366,3.596512,3.446264,3.608677,2.690420,3.977229,3.787528,3.198700,2.912011,3.189165,3.351249,3.893393,3.618211,2.429219,2.840946,2.629606,3.442107,3.241076,3.125418,2.932441,3.963049,1.184372,2.397002,3.844492,3.806477,1.677607,3.258473,3.204671,0.011369
46.439001,-1.267339,3.329551,3.343359,4.030490,3.596184,3.469607,3.649773,2.817983,4.009777,3.813830,3.294701,2.941601,3.265769,3.366044,3.897995,3.625116,2.524580,2.994297,2.670521,3.503963,3.285535,3.182119,3.219169,4.022328,1.313882,2.394103,3.874453,3.829995,1.975932,3.374452,3.309053,0.092232
49.385456,-1.192378,3.347304,3.435744,4.039038,3.591910,3.508731,3.695472,2.870915,4.054490,3.838159,3.382154,2.995190,3.258865,3.399250,3.922324,3.636294,2.612853,3.188241,2.737531,3.579350,3.364143,3.257828,3.512984,4.117689,1.760726,2.445971,3.905704,3.878964,2.233342,3.414079,3.353834,0.689204
50.157231,-1.172652,3.376236,3.496566,4.082764,3.612622,3.527799,3.770761,2.976779,4.116299,3.867748,3.542265,3.084945,3.390044,3.457114,3.951585,3.670486,2.704026,3.328705,2.848356,3.691463,3.452416,3.398615,3.821296,4.202096,2.094489,2.680508,3.971748,3.952095,2.428897,3.487210,3.425677,1.460790
50.993171,-1.091116,3.387414,3.561005,4.100518,3.628074,3.552786,3.822049,3.134589,4.141943,3.900297,3.598156,3.174699,3.545553,3.498210,3.990380,3.704678,2.820650,3.465947,2.874774,3.750420,3.483666,3.487210,3.956284,4.257186,2.168265,2.749451,4.023294,3.999132,2.838047,3.656025,3.585793,2.285855
50.625130,-0.962895,3.433442,3.619198,4.121888,3.619526,3.574814,3.860515,3.209878,4.176793,3.929886,3.696459,3.266755,3.654705,3.542265,4.007805,3.713884,2.904413,3.625419,3.073872,3.852868,3.565819,3.611888,4.105446,4.329352,2.305185,2.881217,4.074196,4.048423,3.086436,3.778770,3.715626,2.792299
45.260291,-0.827769,3.530101,3.696459,4.156738,3.622814,3.633006,3.952571,3.337112,4.192903,3.975914,3.795090,3.391359,3.745774,3.622814,4.039038,3.776679,3.017815,3.820652,3.177609,3.933088,3.676966,3.731090,4.229158,4.389274,2.683085,2.987854,4.150227,4.147972,3.409891,3.942430,3.877031,3.333537
39.390736,-0.642012,3.690212,3.794433,4.191588,3.651746,3.714212,4.100189,3.479470,4.199807,3.989722,3.886488,3.580403,3.902927,3.709610,4.088025,3.900954,3.109954,3.966915,3.230766,4.051000,3.775549,3.847392,4.348037,4.425679,2.917944,3.134761,4.207895,4.209184,3.612211,4.028771,3.960472,3.768461
0.985326,-0.483872,3.730651,3.819748,4.210985,3.700404,3.807583,4.159039,3.620513,4.213944,4.024243,3.937777,3.767145,3.974270,3.747747,4.146217,4.036737,3.198228,4.063243,3.275870,4.086116,3.911180,3.947585,4.384442,4.432123,3.017171,3.231733,4.254287,4.269107,3.828062,4.081928,4.006864,4.048745
-28.718489,-0.457899,3.704349,3.761227,4.156738,3.767473,3.803309,4.094929,3.493607,4.101176,3.964078,3.847693,3.722103,3.931859,3.677061,4.117943,4.020298,3.190818,4.040047,3.339336,4.059377,3.955317,3.921168,4.309700,4.334828,2.922776,3.272648,4.249777,4.303578,3.916335,4.015240,3.933732,4.112534
-35.387851,-0.389186,3.497881,3.608019,3.948626,3.820405,3.746432,3.995969,3.332838,3.841775,3.878269,3.706322,3.604074,3.800350,3.553115,4.044956,3.947640,3.005251,3.992366,3.358666,4.062276,3.912791,3.813242,4.120910,4.176645,2.615752,3.232055,4.230447,4.277805,3.908281,3.880252,3.796167,3.954351
-33.845515,-0.324417,3.390702,3.522868,3.856570,3.792131,3.677061,3.911475,3.178316,3.659965,3.779967,3.548183,3.438702,3.699747,3.435415,4.025230,3.890762,2.774902,3.857701,3.230766,3.980768,3.813564,3.630252,3.862856,3.981735,2.177930,3.071617,4.152805,4.164403,3.696940,3.661180,3.586759,3.676966
-33.915863,-0.353021,3.366373,3.462045,3.835529,3.769117,3.642212,3.869063,3.088890,3.600458,3.771090,3.508731,3.408127,3.670486,3.392675,3.995969,3.837173,2.623162,3.726257,3.216913,3.917302,3.769427,3.533280,3.730123,3.909892,2.103187,2.990431,4.085472,4.108990,3.564208,3.597069,3.523937,3.677932
-33.674718,-0.394775,3.311797,3.388072,3.765829,3.749391,3.583690,3.821392,3.041218,3.528128,3.695144,3.432785,3.337441,3.628732,3.385770,3.975585,3.794104,2.546809,3.672778,3.193073,3.862856,3.730445,3.442107,3.643783,3.840948,1.951447,2.914078,4.067753,4.078384,3.455960,3.518138,3.446940,3.606412
-34.274751,-0.438502,3.248344,3.331194,3.677390,3.675417,3.559033,3.776679,2.880121,3.484402,3.658650,3.395962,3.330208,3.597170,3.360455,3.943366,3.757939,2.540688,3.597069,3.134439,3.793590,3.680510,3.344169,3.560986,3.772005,1.881860,2.834825,4.043591,4.051967,3.410535,3.457893,3.380573,3.523293
-34.281339,-0.473023,3.168124,3.242426,3.605718,3.629718,3.476511,3.737555,2.784120,3.414702,3.583362,3.320345,3.258865,3.532731,3.321331,3.907858,3.672130,2.483020,3.535535,3.051320,3.734956,3.617365,3.220779,3.453705,3.728835,1.601576,2.738175,4.018139,4.025871,3.338370,3.376385,3.310986,3.375419
-34.740619,-0.453954,3.104342,3.191467,3.508402,3.592567,3.394647,3.662924,2.757489,3.360126,3.563307,3.258207,3.219084,3.445278,3.318044,3.870379,3.616896,2.430507,3.484311,3.005251,3.687920,3.576450,3.141849,3.392171,3.694685,1.425352,2.617363,3.985601,3.986245,3.236565,3.326127,3.255251,3.234955
-34.142522,-0.549298,2.935354,3.118480,3.455141,3.562320,3.368674,3.589280,2.626309,3.296673,3.505443,3.188179,3.161549,3.358154,3.291413,3.825994,3.583362,2.360275,3.407958,2.949194,3.611566,3.500097,3.013627,3.290689,3.630252,1.193393,2.517814,3.935665,3.956928,3.138949,3.248808,3.183408,3.050354
-34.474009,-0.668971,2.781818,3.086260,3.398592,3.529443,3.297660,3.482758,2.396827,3.247358,3.454812,3.120452,3.087904,3.273659,3.268070,3.781282,3.570540,2.316139,3.354800,2.917622,3.508151,3.435664,2.859954,3.173421,3.540045,0.971099,2.423742,3.904737,3.920845,3.110599,3.180509,3.120908,2.846101
-34.068219,-0.745247,2.690091,2.990916,3.387085,3.521553,3.302263,3.454812,2.343566,3.220727,3.404839,3.046808,3.030040,3.187521,3.238152,3.754651,3.551471,2.328059,3.325805,2.876384,3.428898,3.384117,2.696294,3.039722,3.502674,0.889269,2.402801,3.879608,3.890562,2.923098,3.172777,3.113498,2.572904
-33.779801,-0.876427,2.539843,2.910039,3.311139,3.507416,3.295358,3.402209,2.220606,3.182919,3.374921,2.967903,3.007026,3.139850,3.199686,3.734267,3.519251,2.360275,3.233988,2.809052,3.346102,3.333537,2.561629,2.922776,3.508151,0.736562,2.414721,3.851580,3.874453,2.772003,3.145715,3.078382,2.273935
-33.400750,-0.861633,2.503678,2.871244,3.271029,3.496566,3.303906,3.328235,2.036494,3.129658,3.323633,2.917272,2.963628,3.099411,3.157603,3.716514,3.480456,2.272002,3.098679,2.754284,3.293911,3.272326,2.402479,2.830959,3.504929,0.678895,2.389592,3.812920,3.837082,2.618330,3.092880,3.026191,2.146680
-33.311171,-0.839605,2.420827,2.800558,3.205604,3.475196,3.263796,3.298317,1.803724,3.025766,3.304235,2.875189,2.902477,3.049766,3.112890,3.684623,3.482758,2.230443,2.957248,2.668588,3.241398,3.188885,2.286499,2.753639,3.464337,0.577413,2.307440,3.776515,3.810987,2.246551,3.007828,2.941784,1.982697
-34.074307,-0.846838,2.385320,2.749599,3.183576,3.438374,3.226316,3.242097,1.492048,2.965930,3.247687,2.858093,2.795298,2.970533,3.106315,3.644184,3.461059,2.207891,2.820005,2.606410,3.120908,3.133150,2.116718,2.675031,3.449195,0.457567,2.212079,3.742043,3.785214,2.052930,2.933408,2.871552,1.860275
-34.288539,-0.928373,2.368882,2.679899,3.122425,3.410099,3.193111,3.203960,1.381252,2.917601,3.227632,2.827189,2.731845,2.913984,3.072452,3.600129,3.463360,2.110275,2.669232,2.559051,3.073550,3.098034,1.998484,2.558085,3.446940,0.360596,2.003960,3.702095,3.729801,1.892491,2.901191,2.837402,1.739785
-34.062399,-1.071719,2.334032,2.618419,3.092178,3.381496,3.153001,3.201330,1.311882,2.892285,3.184891,2.770640,2.643734,2.878806,3.049109,3.595526,3.466319,2.057440,2.520714,2.527801,3.000740,3.068073,1.961112,2.408600,3.428254,0.279732,1.951447,3.671167,3.717237,1.682439,2.827093,2.777480,1.636692
-34.147629,-1.053307,2.345868,2.572062,3.045492,3.395305,3.120123,3.186206,1.255333,2.875189,3.169439,2.744009,2.574364,2.879792,3.021492,3.586649,3.468621,2.022968,2.471745,2.493652,2.921165,3.044877,1.908922,2.363819,3.387017,0.217877,1.933084,3.647971,3.701128,1.514591,2.844168,2.788433,1.554862
-32.921580,-1.056595,2.318908,2.550692,3.020506,3.389058,3.114863,3.181932,1.248757,2.858751,3.160234,2.717050,2.568117,2.841983,2.989930,3.581389,3.449881,2.050997,2.463368,2.488175,2.929542,3.035856,1.897646,2.325481,3.383473,0.281665,1.902156,3.644427,3.705639,1.486241,2.849967,2.788111,1.536821
-33.618278,-1.049033,2.303785,2.503678,3.018862,3.373277,3.101712,3.161549,1.218182,2.817654,3.146425,2.641104,2.499733,2.803846,3.016561,3.573170,3.423908,1.967878,2.410533,2.423420,2.841268,2.971101,1.722388,2.262981,3.354800,0.199191,1.854798,3.613177,3.683409,1.365107,2.819039,2.764271,1.496228
-34.577679,-1.071061,2.263346,2.404389,2.952779,3.387743,3.088890,3.129329,1.157030,2.773599,3.106973,2.531295,2.378087,2.753544,3.000451,3.554430,3.406483,1.911821,2.359953,2.350610,2.713369,2.904735,1.525223,2.065172,3.298421,0.089655,1.690171,3.596424,3.645716,1.097709,2.746229,2.680830,1.307761
-33.918283,-1.120048,2.201537,2.328443,2.877162,3.393990,3.061602,3.131302,1.111988,2.688118,3.040232,2.394855,2.244277,2.696666,3.006040,3.541279,3.398592,1.850932,2.294876,2.308729,2.615108,2.895714,1.403444,2.020713,3.248486,0.012013,1.592877,3.587082,3.597391,0.951124,2.510082,2.454348,1.114784
-33.488272,-1.172652,2.134468,2.193647,2.791024,3.381496,3.015574,3.108616,1.068919,2.634857,3.037273,2.285374,2.059837,2.640775,2.983026,3.513662,3.370647,1.817104,2.204669,2.343845,2.574515,2.896036,1.294230,1.975610,3.208537,0.012657,1.471099,3.573229,3.568718,0.896678,2.463690,2.409244,0.973676
-32.455559,-1.163775,2.038138,2.114413,2.684173,3.391031,2.973492,3.115192,1.024206,2.534911,3.008999,2.122632,2.008548,2.589487,2.960998,3.479141,3.386428,1.840945,1.976254,2.264914,2.504928,2.898292,1.206601,1.717878,3.111565,0.012335,1.327413,3.567752,3.547777,0.746872,2.373806,2.319682,0.816781
-32.077259,-1.169693,1.857642,1.962192,2.661159,3.390373,2.942916,3.093164,0.972918,2.479020,2.977437,1.999671,1.928328,2.503678,2.939299,3.455799,3.352893,1.846422,1.704347,2.285211,2.431474,2.913756,1.210145,1.634437,3.087725,0.011369,1.205957,3.544878,3.533602,0.635725,2.371873,2.311950,0.681794
-30.390941,-1.188433,1.802737,1.810957,2.640447,3.391688,2.893600,3.070479,0.969301,2.451732,2.958039,1.923068,1.875725,2.436280,2.925162,3.419634,3.318044,1.829669,1.493651,2.305829,2.395391,2.907957,1.211434,1.581602,3.137016,0.012013,1.208534,3.532636,3.517172,0.551962,2.257827,2.191138,0.613495
-30.639723,-1.178899,1.696544,1.703448,2.617104,3.389716,2.894587,3.017218,0.926561,2.401430,2.920231,1.785313,1.788272,2.342251,2.888997,3.398264,3.257221,1.790365,1.357697,2.260082,2.369940,2.871874,1.209501,1.385403,3.187918,0.012013,1.111885,3.515239,3.497197,0.406021,1.915043,1.856409,0.524256
-30.667944,-1.258791,1.499610,1.548268,2.565158,3.376894,2.787078,3.009328,0.758230,2.248880,2.834750,1.636379,1.519994,2.272223,2.803517,3.361441,3.226316,1.746228,1.244939,2.396036,2.387015,2.958859,1.253637,1.310983,3.237532,0.012657,1.082568,3.502996,3.476579,0.403444,1.801963,1.751705,0.227219
-30.602888,-1.156871,1.382567,1.509802,2.443513,3.378209,2.744009,2.984999,0.663872,2.101919,2.713434,1.417088,1.376321,2.188386,2.729544,3.333825,3.217768,1.783921,1.135725,2.408922,2.370262,2.991075,1.328058,0.932439,3.177287,0.011369,1.005892,3.500097,3.456605,0.337400,1.693071,1.647001,0.020712
-35.281804,-1.188104,1.093248,1.445034,2.303785,3.341058,2.721653,3.004396,0.323922,1.968109,2.647680,1.210620,1.293470,2.062467,2.690749,3.309824,3.171740,1.689849,0.831923,2.410211,2.366719,2.989787,1.291331,0.247194,3.158924,0.011691,0.851253,3.493976,3.464014,0.334822,1.428895,1.388947,0.005248
-34.860357,-1.195337,0.700037,1.289854,2.291620,3.405825,2.745325,2.964944,0.147700,1.849752,2.583569,1.088646,1.172811,1.996713,2.614802,3.287797,3.127685,1.740107,0.471098,2.409244,2.350932,3.027158,1.325802,0.136369,3.114143,0.011691,0.771034,3.551966,3.490432,0.355119,1.253637,1.217233,0.004603
-33.538326,-1.234790,0.338717,1.105413,2.163071,3.359469,2.649981,2.874532,0.077343,1.795833,2.505322,0.959767,0.922616,1.895122,2.512226,3.260180,3.086260,1.736241,0.186627,2.365752,2.320649,3.039722,1.349321,0.093199,3.045843,0.010724,0.735596,3.562597,3.483344,0.309694,1.179217,1.146356,0.003637
-32.612663,-1.283120,0.072082,0.912095,2.118358,3.380181,2.562528,2.763078,0.074384,1.718901,2.399129,0.805902,0.858176,1.877040,2.415238,3.195412,2.978094,1.689849,0.006536,2.347066,2.281345,3.046488,1.414398,0.005892,3.048421,0.011691,0.660531,3.563564,3.476901,0.298096,1.150867,1.119617,0.004281
-30.303476,-1.270955,0.071753,0.761189,2.059179,3.376894,2.518801,2.667077,0.071753,1.673859,2.342580,0.687544,0.811820,1.740928,2.311675,3.173384,2.932395,1.689205,0.006536,2.275224,2.315816,3.084503,1.482697,0.004925,3.026513,0.011691,0.614784,3.539079,3.462726,0.021678,1.137658,1.080313,0.002992
-29.426942,-1.231831,0.068466,0.636913,1.947068,3.334153,2.491842,2.592446,0.069452,1.620269,2.289648,0.590227,0.727654,1.720873,2.273867,3.091849,2.879463,1.686305,0.007825,2.243329,2.416976,3.126385,1.700803,0.007825,3.008150,0.011691,0.730763,3.533602,3.467558,0.025222,1.030377,0.988495,0.003315
-29.798054,-1.203228,0.066493,0.533021,1.931616,3.326920,2.445157,2.523404,0.067808,1.564707,2.235729,0.489623,0.634612,1.626845,2.178852,2.995848,2.805161,1.744939,0.007181,2.362853,2.604477,3.239465,2.065494,0.009436,3.003640,0.011369,0.960145,3.541656,3.474324,0.027155,0.951769,0.917619,0.002348
-30.935383,-1.236105,0.064849,0.416964,1.942465,3.333496,2.300497,2.380389,0.065836,1.537090,2.191016,0.361402,0.525788,1.518350,2.116385,2.940943,2.738420,1.876061,0.008469,2.603832,2.811307,3.499775,2.403445,0.011369,2.905701,0.012013,1.316782,3.586437,3.471746,0.027477,0.979153,0.960789,0.003315
-33.293083,-1.276216,0.064192,0.423211,1.885917,3.411414,2.222250,2.283401,0.064192,1.488761,2.171948,0.339374,0.452143,1.467062,2.061809,2.900504,2.662803,1.975932,0.348353,2.767170,3.078704,3.679221,2.989787,0.012980,2.734954,0.009758,1.926319,3.649904,3.503319,0.239139,1.112207,1.087400,0.003315
-34.249985,-1.311723,0.059589,0.342333,1.878684,3.411414,2.045042,2.261045,0.061890,1.409198,2.132495,0.296305,0.320963,1.325361,1.931616,2.816010,2.520774,1.930829,0.399578,2.837402,3.145393,3.734634,3.115431,0.013302,2.623162,0.010402,2.028445,3.660213,3.483022,0.291330,1.118006,1.061305,0.003637
-35.027855,-1.120377,0.054657,0.053342,1.657420,3.377551,1.563721,2.023014,0.053671,1.176428,1.999343,0.128302,0.000410,0.878560,1.550899,2.684831,2.312991,1.751061,0.007825,2.661822,2.629606,3.525226,2.581925,0.011369,2.297775,0.007825,1.296163,3.534891,3.305831,0.017168,0.846098,0.772323,0.001704
-37.904374,-1.075993,0.050383,0.049726,1.664325,3.325605,1.347718,1.775121,0.051041,1.127441,1.834957,0.000739,0.000081,0.602063,1.340813,2.493157,2.210743,1.534888,0.006214,2.198226,2.315816,3.149581,1.605120,0.006536,2.161499,0.008147,0.436304,3.429865,3.227223,0.013302,0.503637,0.458212,0.001382
-40.068241,-0.840920,0.048082,0.048411,1.575228,3.321002,1.239552,1.678791,0.047753,0.892369,1.775449,-0.000576,-0.000248,0.416636,1.269141,2.355731,2.193647,1.467233,0.006214,2.246551,2.277157,3.192429,1.609630,0.006858,1.933406,0.007825,0.450480,3.425999,3.157313,0.013946,0.292619,0.239462,0.000737
-41.248448,-0.730123,0.045123,0.045780,1.424650,3.316400,0.991658,1.522953,0.044794,0.774340,1.734682,0.001396,0.001067,0.309785,1.124153,2.229483,2.158797,1.468199,0.006536,2.263626,2.302930,3.214014,1.633792,0.006214,1.660532,0.005570,0.521678,3.436630,3.155702,0.013946,-0.000229,-0.018593,0.000093
-43.343979,-0.555216,0.040520,0.040191,1.279991,3.297002,0.847656,1.302018,0.041506,0.597132,1.672873,0.001067,-0.000576,0.198331,0.906506,2.118358,2.042741,1.436305,0.005892,2.272002,2.303574,3.216269,1.652156,0.006858,1.587723,0.005892,0.591588,3.429543,3.130895,0.013302,-0.000551,-0.018915,0.000093
-43.907396,-0.388199,0.038547,0.039205,1.233305,3.277605,0.599104,1.130071,0.037232,0.425184,1.642626,0.001396,0.001067,0.054986,0.675051,1.869478,2.001973,1.405377,0.005570,2.371551,2.316461,3.249130,1.758148,0.007825,1.425996,0.004603,0.615750,3.424710,3.103833,0.013624,0.000737,-0.018593,-0.000551
-38.351986,-0.394117,0.036246,0.036246,1.033741,3.251303,0.529076,1.054125,0.036904,0.432088,1.682407,0.000410,0.000739,-0.000248,0.503431,1.721531,1.951671,1.394746,0.005570,2.419232,2.289399,3.249452,1.753316,0.007181,1.269746,0.004603,0.529088,3.403769,3.043266,0.011691,-0.000229,-0.018593,-0.000229
-21.092705,-0.854400,0.039863,0.039863,1.293470,3.228618,0.484034,1.066618,0.038547,0.893026,1.738627,0.000081,0.000739,0.000739,0.302552,1.521967,1.915177,1.374449,0.004925,2.418909,2.263626,3.241720,1.948226,0.008147,1.233019,0.003959,0.787464,3.379929,2.978833,0.012013,-0.000229,-0.018593,-0.000551
2.862270,-0.963881,0.045123,0.045123,1.637365,3.140836,0.355813,1.163606,0.044794,1.336211,1.911890,0.001067,-0.000248,0.001067,0.000410,1.016316,1.809970,1.207246,0.005248,2.320005,2.257182,3.039722,1.874128,0.007825,1.063882,0.003959,0.306794,3.265560,2.844490,0.011691,-0.000229,-0.018270,0.000093
29.955186,-1.570468,0.052027,0.051698,1.433198,3.198042,0.586940,1.706079,0.053013,1.848765,2.481650,-0.000248,0.000410,-0.000576,0.000081,1.304977,1.982247,0.925351,0.002992,2.000094,2.474000,2.821616,1.695970,0.007825,1.771357,0.006214,-0.000551,3.179220,2.716590,0.010724,0.000415,-0.018270,-0.000551
42.046030,-1.589208,0.058603,0.059260,1.981589,3.232563,0.812148,1.998356,0.058603,1.839560,2.729215,0.001067,0.000410,0.001725,0.283154,1.591337,2.046357,1.067748,0.004603,2.041976,2.570649,2.849645,1.805829,0.007503,2.550675,0.009436,-0.000229,3.152158,2.558407,0.371549,0.000093,-0.017626,-0.000551
44.907699,-1.914695,0.059260,0.059260,2.161756,3.246043,0.927876,2.086467,0.060904,1.975014,2.766037,0.001396,0.000081,0.000081,0.387704,1.700490,2.055891,1.198547,0.004281,2.053574,2.593523,2.829348,1.860919,0.007503,2.782634,0.011047,-0.000229,3.159890,2.582892,0.396356,0.001382,-0.017626,0.306794
49.134046,-1.971573,0.062548,0.063205,2.336004,3.264125,1.046563,2.223894,0.063863,2.039124,2.882093,0.000081,0.000410,0.000739,0.593515,1.855998,2.109152,1.320003,0.004925,2.072259,2.612209,2.888949,1.945326,0.007825,2.974967,0.010724,-0.000229,3.142171,2.602222,0.567103,0.002670,-0.016015,0.360273
48.991404,-1.882475,0.066493,0.065836,2.468499,3.300619,1.172811,2.337977,0.067151,2.130851,2.901162,0.001067,0.000410,0.001067,0.640201,1.937862,2.174249,1.359308,0.005892,2.088690,2.601255,2.847712,1.914398,0.007181,3.016849,0.011369,0.000093,3.138627,2.661178,0.510080,0.001704,-0.016660,0.200802
49.570267,-2.092561,0.065836,0.065836,2.557925,3.316400,1.145523,2.413266,0.066164,2.158139,2.832120,0.001067,-0.000248,0.001396,0.742120,2.048658,2.197263,1.427929,0.005248,1.974965,2.586758,2.830959,1.913110,0.008147,3.119297,0.012013,-0.000874,3.164078,2.792621,0.465299,0.001382,-0.016337,0.253637
47.504739,-2.191523,0.068137,0.068466,2.650310,3.334153,1.381581,2.515842,0.068795,2.262031,2.857107,0.001725,0.000081,0.000410,0.923602,2.092056,2.220606,1.444681,0.006536,1.923097,2.562273,2.834503,1.884437,0.007503,3.209504,0.011691,-0.000229,3.123807,2.803253,0.485274,0.000415,-0.016982,0.340299
47.749965,-2.234921,0.070110,0.069452,2.660830,3.370976,1.435171,2.522747,0.069123,2.304114,2.910368,0.001067,0.000410,0.000410,0.971603,2.102577,2.257428,1.453058,0.005892,1.866074,2.551319,2.722389,1.753316,0.007825,3.150869,0.011691,0.000093,3.094813,2.781990,0.578057,0.002670,-0.016337,0.469810
47.755560,-2.248072,0.070110,0.070438,2.759462,3.396291,1.519336,2.528993,0.070767,2.319566,2.903463,0.001067,0.000081,0.100357,1.082399,2.184441,2.300168,1.488818,0.006214,1.806795,2.550353,2.771036,1.825803,0.007503,3.262661,0.012980,-0.000874,3.182119,2.784889,0.570969,0.002026,-0.015693,0.586111
48.382717,-2.334540,0.072082,0.072082,2.851189,3.414702,1.674188,2.568117,0.072411,2.406362,2.912998,0.113179,0.001396,0.117453,1.250072,2.394526,2.360334,1.550996,0.006214,1.721099,2.617685,2.776513,1.855120,0.008469,3.294877,0.012013,-0.000229,3.174065,2.819683,0.647323,0.002670,-0.016015,0.579990
48.954463,-2.393061,0.075041,0.074384,2.935354,3.474210,1.989480,2.654912,0.076028,2.468828,2.935025,0.377841,0.000410,0.395923,1.392102,2.570418,2.412608,1.599965,0.006214,1.812916,2.682763,2.848356,1.969489,0.008469,3.391205,0.012980,0.000093,3.215303,2.947905,0.903122,0.002670,-0.015049,0.733341
49.240533,-2.466707,0.076356,0.077014,3.076726,3.517607,2.195948,2.789380,0.078986,2.545103,2.959354,0.530391,0.000081,0.761846,1.605803,2.661488,2.435951,1.638303,0.006214,1.815816,2.694361,2.835147,1.962723,0.008147,3.442751,0.012335,-0.000229,3.286501,2.989142,0.980764,0.004281,-0.013438,0.858985
49.884872,-2.546928,0.080302,0.079644,3.131630,3.524840,2.359676,2.905765,0.080630,2.627296,2.971190,0.651708,0.001067,0.923602,1.771504,2.760448,2.609542,1.653767,0.007503,1.922775,2.730121,2.851255,1.998484,0.008147,3.457893,0.012657,0.000093,3.317429,3.064529,0.979153,0.003959,-0.013116,0.707890
49.036405,-2.614656,0.080630,0.080630,3.147083,3.564950,2.495459,2.956067,0.081945,2.695351,2.956067,0.697736,-0.000248,1.215223,1.973699,2.808449,2.745982,1.791976,0.007181,1.898290,2.797454,2.859632,2.050352,0.007825,3.519749,0.012657,0.000093,3.340303,3.106733,1.010081,0.003315,-0.013760,0.730763
48.802679,-2.669232,0.806559,0.086877,3.193111,3.577773,2.549048,3.015903,0.085891,2.774585,2.995519,0.837135,0.001067,1.406897,2.141372,2.905107,2.827846,1.753316,0.007181,1.890558,2.801964,2.858021,2.009115,0.008147,3.563241,0.013946,0.047451,3.369298,3.200161,0.990751,0.003637,-0.014082,0.781988
48.465779,-2.758659,0.677352,0.127974,3.187521,3.592238,2.591788,3.040232,0.086877,2.845600,2.994862,0.858176,0.166440,1.481528,2.229483,3.024122,2.862367,1.773290,0.006214,2.009759,2.821294,2.871874,2.017169,0.009114,3.579028,0.013302,0.041008,3.369942,3.213692,1.011047,0.004603,-0.014082,0.691781
47.746291,-2.730384,0.352525,0.176632,3.201330,3.583033,2.619405,3.050095,0.084576,2.817654,2.986314,0.911766,0.365347,1.528542,2.319237,3.082644,2.860723,1.834824,0.008469,2.015558,2.833536,2.859954,1.996873,0.008147,3.603512,0.013946,0.096742,3.374130,3.228833,0.971421,0.003637,-0.013438,0.634114
48.492267,-2.811263,0.525459,0.470225,3.192453,3.595197,2.611843,3.037931,0.087206,2.896559,2.997163,1.012371,0.470883,1.589036,2.432992,3.110589,2.897217,1.833213,0.007825,2.072904,2.832892,2.771681,1.961435,0.008791,3.608022,0.014268,0.106407,3.376707,3.250096,1.002671,0.003959,-0.013438,0.470454
48.238863,-2.752741,0.913410,0.627379,3.262810,3.627417,2.715735,3.088233,0.093781,3.031684,3.011958,1.316813,0.589570,1.692928,2.546418,3.170425,2.946204,1.859630,0.007181,2.075803,2.855444,2.831926,1.994940,0.007825,3.673744,0.013946,0.246227,3.387661,3.302287,1.019746,0.003637,-0.013116,0.422774
47.847505,-2.801400,1.374348,0.922945,3.313441,3.644842,2.762092,3.089548,0.097069,3.183576,3.005054,1.470021,0.627050,1.775778,2.638803,3.188179,3.050753,1.904733,0.006858,2.090301,2.862853,2.797132,1.988174,0.008791,3.702095,0.014268,0.282632,3.390883,3.324839,0.890879,0.003637,-0.014082,0.383469
47.410512,-2.668246,1.582789,1.092262,3.387414,3.641225,2.822914,3.154644,0.102987,3.182919,3.035958,1.647229,0.663215,1.974356,2.696009,3.220399,3.107301,1.933084,0.007825,2.111241,2.859310,2.781023,2.015880,0.007825,3.735922,0.014913,0.353830,3.391205,3.349968,0.854153,0.141523,0.091910,0.307761
48.437054,-2.657725,1.752107,1.185304,3.401223,3.641225,2.916943,3.189494,0.406444,3.206919,3.052725,1.703120,0.711873,2.048987,2.738092,3.245056,3.151028,1.895713,0.007825,2.152801,2.858343,2.786500,2.063561,0.007825,3.746554,0.014268,0.390235,3.415045,3.354478,0.954990,0.132181,0.123804,0.330634
47.569521,-2.661013,1.907616,1.308923,3.404182,3.682322,2.946204,3.201659,0.443266,3.225659,3.071137,1.747504,0.712202,2.073316,2.761106,3.266755,3.142151,1.923097,0.007503,2.181473,2.839335,2.818717,2.050997,0.009114,3.742043,0.014268,0.424062,3.435019,3.345457,0.857696,0.233340,0.217554,0.406665
46.905316,-2.724138,1.949369,1.353307,3.392346,3.687911,2.981053,3.190152,0.452143,3.285824,3.054369,1.820491,0.738504,1.999343,2.768339,3.312783,3.118480,1.904089,0.008147,2.268136,2.809052,2.861243,2.127028,0.009114,3.724969,0.013624,0.503959,3.438885,3.347068,0.949191,0.378315,0.360273,0.320969
47.164972,-2.611039,2.118687,1.683065,3.488347,3.691856,3.028396,3.247358,0.708914,3.297989,3.074096,2.038467,0.804587,2.168331,2.832778,3.377880,3.083630,1.853509,0.007503,2.259115,2.834503,2.871874,2.138303,0.010080,3.742043,0.015235,0.625093,3.447262,3.348035,0.958212,0.552606,0.534887,0.209822
47.413979,-2.562380,2.239346,1.939835,3.551471,3.692185,3.085931,3.212179,0.869684,3.346318,3.139521,2.219619,1.047549,2.327128,2.966259,3.439031,3.134918,1.937272,0.007181,2.286499,2.885727,2.925031,2.193071,0.009436,3.765884,0.014590,0.918263,3.483666,3.404414,0.740106,0.641846,0.614140,0.001704
47.061011,-2.553175,2.212715,2.038138,3.561005,3.696788,3.120781,3.251961,0.933794,3.350592,3.154644,2.310360,1.197469,2.355402,2.983355,3.470264,3.151685,1.894102,0.007825,2.261693,2.874451,2.900547,2.199837,0.008791,3.753319,0.014913,0.931150,3.473679,3.389916,0.641201,0.695647,0.677606,0.002992
47.884716,-2.423637,2.285045,2.147619,3.589280,3.694815,3.159576,3.264783,1.049522,3.349606,3.199357,2.438910,1.309909,2.448773,3.010314,3.516292,3.184891,1.987852,0.008469,2.339012,2.878317,2.906668,2.213046,0.010080,3.763951,0.015235,1.053895,3.494298,3.450161,0.642812,0.888624,0.865751,0.003637
47.966735,-2.348348,2.342251,2.312662,3.627088,3.700075,3.186206,3.297002,1.087002,3.407469,3.269714,2.511897,1.394074,2.566144,3.025437,3.544567,3.251632,2.002350,0.008147,2.353832,2.858021,2.946939,2.278767,0.009758,3.745909,0.014590,1.107697,3.477868,3.469813,0.631859,0.937271,0.927284,0.002026
47.877272,-2.300347,2.404060,2.376443,3.628403,3.706322,3.211193,3.317057,1.153414,3.459744,3.370976,2.564829,1.520323,2.631570,3.037273,3.574485,3.294701,2.013303,0.008791,2.452415,2.847389,3.011694,2.358987,0.010724,3.749453,0.014268,1.173740,3.522004,3.475290,0.642490,1.040042,1.012980,0.003315
47.965312,-2.298046,2.433650,2.513870,3.685938,3.693171,3.244728,3.346975,1.174784,3.496237,3.394976,2.619405,1.620269,2.676283,3.059301,3.631362,3.328893,2.032955,0.008147,2.448549,2.805508,2.980444,2.306474,0.099320,3.717881,0.102219,1.356408,3.529736,3.486244,0.643779,1.324836,1.290364,0.004603
47.690283,-2.216509,2.466527,2.606583,3.734925,3.688240,3.252289,3.360784,1.283936,3.507744,3.430154,2.658858,1.756052,2.705543,3.096781,3.686596,3.387743,2.107053,0.161820,2.449193,2.900547,3.003318,2.308407,0.321936,3.725935,0.268779,1.580957,3.558731,3.498486,0.632825,1.446292,1.431150,0.004603
47.911223,-2.173440,2.496774,2.669050,3.745117,3.651746,3.261495,3.402866,1.317471,3.534704,3.481443,2.704886,1.841532,2.729215,3.100726,3.702705,3.430812,2.153123,0.329990,2.467879,2.933408,3.022648,2.398935,0.919552,3.730768,0.413431,1.736241,3.558731,3.508151,0.640235,1.738174,1.724965,0.006536
47.450092,-2.145823,2.531952,2.742037,3.773720,3.651746,3.255577,3.396620,1.382567,3.533717,3.511032,2.721982,1.865862,2.748612,3.096781,3.723089,3.446922,2.177285,0.734307,2.493007,2.948549,3.044877,2.409244,1.230119,3.729157,0.519745,1.791653,3.564852,3.524582,0.634436,1.978831,1.939527,0.006214
48.799565,-2.123138,2.546418,2.829490,3.834214,3.637280,3.281221,3.401880,1.446020,3.610321,3.541608,2.847244,1.959890,2.825873,3.124069,3.753665,3.478155,2.240108,1.111563,2.536178,3.029413,3.099001,2.517814,1.462723,3.753319,0.652477,1.941460,3.610922,3.559698,0.587722,2.138625,2.098677,0.008147
49.373361,-2.070534,2.541486,2.911683,3.849666,3.652732,3.296673,3.466977,1.390458,3.600458,3.603088,2.896888,2.011178,2.819956,3.112890,3.765829,3.516950,2.303574,1.213367,2.497518,3.014593,3.066784,2.494296,1.821615,3.725613,0.680183,1.951770,3.643138,3.567430,0.632503,2.252994,2.208858,0.007181
50.030156,-1.990313,2.733818,3.006697,3.936790,3.621499,3.332509,3.464347,1.769532,3.736898,3.617883,2.982697,2.234085,2.881436,3.159247,3.802323,3.555745,2.371873,1.428895,2.555508,3.065818,3.118009,2.662144,2.010082,3.762662,0.760725,2.033922,3.669556,3.592236,0.597065,2.529412,2.482376,0.009436
50.525553,-1.936065,2.990588,3.075739,3.972626,3.631362,3.367030,3.517936,2.002630,3.802323,3.680678,3.074424,2.402087,2.960998,3.164179,3.829282,3.584019,2.389914,1.918587,2.576770,3.107377,3.165367,2.774902,2.256860,3.781670,0.827735,2.143458,3.709182,3.627675,0.675995,2.680830,2.634760,0.009114
50.254311,-1.895297,3.116507,3.244728,4.013065,3.654047,3.435086,3.592567,2.316278,3.923639,3.745774,3.211193,2.611515,3.037273,3.188179,3.851639,3.601773,2.414721,2.209824,2.657634,3.193717,3.213692,2.932119,2.597067,3.813242,0.990106,2.288110,3.750420,3.707572,1.176640,2.918588,2.866719,0.009436
51.559655,-1.607948,3.185878,3.315085,4.021942,3.642540,3.486703,3.589608,2.584884,3.982489,3.805939,3.264783,2.754859,3.038588,3.253604,3.878598,3.606376,2.507827,2.414077,2.789722,3.321295,3.363499,3.097712,2.900869,3.932121,1.160210,2.408922,3.795201,3.765239,1.502671,3.084825,3.039400,0.011369
53.992372,-1.527070,3.266427,3.356510,4.057778,3.657993,3.527799,3.621499,2.734146,3.977558,3.814488,3.382154,2.833435,3.134589,3.308838,3.891420,3.612293,2.563562,2.535211,2.846745,3.378963,3.401836,3.124452,3.039078,3.996554,1.275545,2.435340,3.856734,3.826129,1.801963,3.157957,3.100612,0.011369
56.775260,-1.529371,3.359469,3.435744,4.066655,3.681007,3.544895,3.644513,2.785763,4.021942,3.843748,3.486045,2.899189,3.225001,3.342701,3.903584,3.617225,2.604477,2.720456,2.890237,3.457571,3.421811,3.185019,3.351256,4.052289,1.678896,2.509760,3.928900,3.909892,2.072259,3.328705,3.272970,0.281665
57.873151,-1.556002,3.357496,3.439031,4.077504,3.681335,3.555087,3.724076,2.836065,4.047586,3.857556,3.520895,2.969218,3.244399,3.395962,3.922324,3.621170,2.643137,3.020715,2.954671,3.489465,3.469169,3.263627,3.569040,4.112534,1.965623,2.563884,3.978191,3.967237,2.316139,3.491076,3.430831,0.667619
56.834692,-1.500111,3.355195,3.560676,4.114984,3.652075,3.550813,3.791145,2.938313,4.094271,3.895036,3.654705,3.064561,3.363085,3.445607,3.953229,3.643527,2.792299,3.252029,3.020392,3.622520,3.561308,3.411179,3.846103,4.177612,2.142491,2.770714,4.041980,4.052611,2.833859,3.675999,3.614144,1.751383
51.643682,-1.171995,3.392017,3.617225,4.144902,3.653061,3.583033,3.832899,3.152343,4.136025,3.926598,3.742487,3.201987,3.498210,3.514977,3.969339,3.684294,2.912789,3.481089,3.110599,3.772649,3.646682,3.532313,4.026516,4.248488,2.288432,2.908923,4.090949,4.155704,3.181797,3.848036,3.776515,2.450482
39.849473,-1.034567,3.413716,3.651417,4.117943,3.645499,3.621170,3.866105,3.247358,4.130765,3.952242,3.759254,3.303249,3.575800,3.559033,4.000243,3.740843,2.925031,3.568718,3.179864,3.815497,3.677288,3.599968,4.151194,4.282638,2.417299,2.990753,4.114789,4.192753,3.342558,3.944041,3.880252,3.002673
6.481262,-0.784700,3.549827,3.770432,4.198821,3.699418,3.722432,4.056134,3.337441,4.134710,4.003202,3.852954,3.521224,3.771090,3.679691,4.077175,3.898324,2.989787,3.808732,3.203382,3.916335,3.755896,3.724969,4.257509,4.323230,2.773936,3.157313,4.173423,4.249132,3.586115,4.059054,3.986567,3.644427
-24.220933,-0.510503,3.664568,3.737884,4.187971,3.747090,3.772076,4.095258,3.414045,4.062381,4.002544,3.813172,3.638595,3.863474,3.667198,4.101504,3.982489,3.069362,3.987212,3.309053,4.005575,3.883796,3.806154,4.289725,4.301968,2.878640,3.280380,4.206284,4.287792,3.818719,4.093526,4.014918,4.035536
-35.691837,-0.441132,3.575471,3.653390,4.126162,3.849337,3.749062,4.013394,3.332181,3.935146,3.964736,3.735254,3.616896,3.824022,3.605389,4.081121,3.978215,3.063563,4.014596,3.367043,4.021683,3.919879,3.807121,4.178578,4.192109,2.757183,3.269104,4.182766,4.274583,3.894106,4.064853,3.978191,4.006864
-33.049331,-0.297458,3.375578,3.511690,3.813830,3.805282,3.631033,3.890105,3.196727,3.559690,3.765829,3.516621,3.373935,3.655362,3.467963,4.033120,3.890105,2.672776,3.830639,3.240754,3.883474,3.791979,3.569363,3.823229,3.942108,2.127350,3.007828,4.075485,4.031670,3.545522,3.841270,3.762662,3.724646
-32.413464,-0.303047,3.370647,3.467963,3.768788,3.790158,3.605389,3.845063,3.102699,3.531087,3.706979,3.484730,3.330537,3.632348,3.449223,4.016353,3.842762,2.612531,3.777804,3.194684,3.830317,3.754286,3.501708,3.750742,3.876064,2.088046,3.034245,4.044235,3.927611,3.427610,3.760085,3.684054,3.608022
-32.552295,-0.340856,3.296016,3.355195,3.699747,3.760569,3.604403,3.800679,3.007355,3.480128,3.658650,3.403524,3.336455,3.583690,3.400565,3.990380,3.804953,2.556152,3.705639,3.171810,3.784247,3.724969,3.410213,3.683087,3.820974,1.970133,2.947261,3.997843,3.867688,3.359955,3.684698,3.609311,3.531025
-32.226406,-0.370774,3.240125,3.314756,3.617225,3.714870,3.553772,3.778323,2.943902,3.422921,3.607362,3.343359,3.303249,3.532073,3.379195,3.970325,3.747090,2.484631,3.618010,3.097068,3.724646,3.694041,3.318396,3.589981,3.773616,1.843522,2.885083,3.958539,3.823551,3.297777,3.615110,3.538435,3.395715
-31.698212,-0.443762,3.216125,3.259194,3.522868,3.640897,3.466319,3.732295,2.832778,3.371304,3.532402,3.312783,3.226316,3.471251,3.342373,3.941393,3.664897,2.460791,3.560020,3.044555,3.657636,3.629608,3.174065,3.478512,3.684376,1.671486,2.783923,3.913436,3.780059,3.198872,3.524582,3.452416,3.221746
-31.400220,-0.394446,3.097767,3.215796,3.481771,3.572841,3.426867,3.669171,2.739407,3.314756,3.478155,3.244728,3.149713,3.394976,3.321989,3.911804,3.619855,2.443716,3.498164,2.996874,3.592558,3.511373,3.070972,3.420522,3.667623,1.682117,2.698549,3.875420,3.746554,3.142171,3.463048,3.393138,3.083215
-31.385960,-0.502941,3.034972,3.151357,3.431798,3.529772,3.379852,3.603088,2.652611,3.299632,3.429826,3.161877,3.096781,3.308180,3.277933,3.866433,3.581060,2.358342,3.437275,2.957248,3.518783,3.445329,2.988498,3.335792,3.605123,1.584501,2.594167,3.810665,3.693074,3.067429,3.390238,3.321295,2.936307
-31.954013,-0.538120,2.828832,3.103685,3.417332,3.502155,3.323633,3.548183,2.473102,3.186864,3.397606,3.105000,3.038588,3.231906,3.235193,3.823693,3.560348,2.301963,3.358344,2.883150,3.408602,3.385084,2.789722,3.145070,3.525548,1.182117,2.509760,3.783281,3.656669,2.917944,3.319684,3.255895,2.641848
-30.047159,-0.620313,2.734146,3.045821,3.357167,3.478813,3.296673,3.464675,2.421814,3.162864,3.356839,3.043191,3.018204,3.147411,3.216453,3.797391,3.561663,2.326126,3.301643,2.842557,3.349001,3.353512,2.677930,3.016204,3.487210,1.104797,2.400868,3.772005,3.654092,2.787467,3.294555,3.229156,2.427286
-30.103038,-0.662396,2.643405,2.964615,3.271029,3.466648,3.286482,3.465333,2.317593,3.066205,3.310153,2.990259,3.011300,3.114863,3.204289,3.773062,3.531745,2.285533,3.234955,2.791655,3.290045,3.291656,2.532634,2.896036,3.445329,1.055184,2.375417,3.745587,3.644749,2.618008,3.267493,3.201449,2.267492
-30.691043,-0.709739,2.539185,2.919244,3.245714,3.457114,3.283851,3.437716,2.179838,3.036944,3.283194,2.943573,2.971519,3.082972,3.188837,3.765829,3.522210,2.172453,3.118331,2.743330,3.228189,3.215303,2.401512,2.789400,3.402159,0.924385,2.376706,3.734311,3.644749,2.539721,3.224001,3.152480,2.105765
-30.325598,-0.750178,2.438581,2.834750,3.201987,3.443634,3.281550,3.411414,2.064439,3.013273,3.241111,2.930423,2.879792,3.041876,3.163521,3.742158,3.492292,2.189205,2.957248,2.710469,3.154091,3.162145,2.221100,2.710147,3.311630,0.780377,2.293587,3.686309,3.609311,2.320005,3.150547,3.079349,1.951770
-29.264042,-0.757083,2.385978,2.857435,3.168782,3.428511,3.266427,3.343030,1.906629,2.948834,3.230919,2.910368,2.823901,3.013602,3.146096,3.725719,3.474538,2.089656,2.773614,2.633149,3.058086,3.118009,2.104476,2.646036,3.219491,0.640879,2.247840,3.653126,3.561953,2.137337,3.094168,3.022325,1.750416
-27.918902,-0.886619,2.401759,2.801873,3.144453,3.407140,3.223358,3.305879,1.655448,2.937327,3.224344,2.883080,2.754859,2.974149,3.124726,3.708952,3.477497,1.999128,2.651835,2.546809,2.966913,3.053253,1.969811,2.516848,3.138949,0.517168,2.094489,3.582894,3.493654,1.891847,3.022648,2.948227,1.678896
-28.074658,-1.022403,2.365923,2.726913,3.114534,3.406154,3.190480,3.288125,1.506514,2.888669,3.167466,2.797270,2.662474,2.918587,3.119466,3.682322,3.463360,1.922453,2.534567,2.433729,2.824838,3.013949,1.881538,2.339012,3.060663,0.284243,1.952092,3.545844,3.440496,1.602542,2.895070,2.823227,1.483019
-28.076630,-1.023060,2.354087,2.607569,3.093822,3.420949,3.166151,3.266427,1.449966,2.826860,3.136562,2.687790,2.573706,2.876833,3.109603,3.668185,3.475525,1.867684,2.461757,2.446293,2.714013,3.003640,1.809373,2.049064,2.980122,0.145389,1.831602,3.517816,3.373164,1.377993,2.767492,2.703704,1.197259
-28.366862,-1.009909,2.275182,2.587843,3.044177,3.445935,3.146754,3.243084,1.368430,2.765051,3.108945,2.546747,2.418197,2.818312,3.109932,3.654376,3.450209,1.822903,2.390237,2.512660,2.622518,3.035212,1.754604,2.049708,2.952738,0.060660,1.746550,3.490754,3.348035,1.220454,2.603510,2.544232,1.046807
-28.770717,-1.009580,2.241318,2.451074,2.981053,3.436730,3.130644,3.196398,1.255990,2.698639,3.072452,2.475732,2.245921,2.779188,3.097767,3.641225,3.443963,1.886692,2.191138,2.624129,2.484953,3.077738,1.653767,1.768135,2.843523,0.011369,1.474965,3.457893,3.318396,1.077091,2.463046,2.405378,0.906988
-28.638817,-1.041143,2.187071,2.391896,2.959683,3.453826,3.101055,3.177658,1.239881,2.659844,3.050095,2.325813,2.094358,2.761106,3.121767,3.618211,3.445278,1.982697,1.999128,2.666010,2.417943,3.092880,1.633148,1.668586,2.749451,0.010080,1.350609,3.436952,3.307442,1.017168,2.419232,2.355443,0.640879
-29.207653,-0.997087,2.101919,2.334689,2.925820,3.465004,3.081000,3.158918,1.182674,2.555952,3.002095,2.141372,2.108495,2.689433,3.101384,3.586978,3.437387,1.929540,1.809050,2.626384,2.356409,3.057441,1.573548,1.575803,2.662466,0.009758,1.246872,3.402159,3.310986,0.945325,2.334502,2.273291,0.428895
-28.289343,-0.985580,1.895122,2.133481,2.794311,3.401551,3.013273,3.199686,1.115276,2.443841,2.926806,2.072988,2.059837,2.633214,3.061273,3.520566,3.365058,1.596421,1.470455,2.256538,2.195004,2.829993,1.022967,1.370261,2.518781,0.010402,1.083856,3.367043,3.248486,0.642490,1.940494,1.872517,0.065492
-27.823823,-0.988210,1.712654,2.032549,2.674310,3.382483,2.949820,3.166480,1.071878,2.341594,2.845600,1.976329,1.975014,2.542473,3.022478,3.475525,3.320016,1.537787,1.339011,2.144747,2.103509,2.761371,0.872838,1.266846,2.433085,0.010402,0.985918,3.338370,3.202738,0.439848,1.660532,1.598354,0.005892
-26.704822,-1.011882,1.672544,1.975342,2.616775,3.375907,2.916614,3.130973,0.997905,2.263675,2.808449,1.930630,1.962192,2.495787,2.985985,3.445607,3.293386,1.530055,1.322903,2.129605,2.042298,2.737853,0.765557,1.223998,2.403123,0.008791,0.979153,3.314852,3.195650,0.264268,1.508148,1.463045,0.005570
-27.039439,-1.014512,1.608434,1.894136,2.476390,3.340729,2.846586,3.087575,0.930178,2.170961,2.747626,1.837587,1.920109,2.397156,2.926149,3.409113,3.256563,1.464334,1.272967,2.183084,1.917620,2.742363,0.704668,1.165042,2.361564,0.008469,1.002026,3.307442,3.177287,0.256214,1.510081,1.458857,0.004603
-26.793623,-1.000704,1.548926,1.849752,2.408663,3.332509,2.788065,3.031027,0.890725,2.056878,2.697324,1.769203,1.886245,2.372498,2.893271,3.387414,3.230262,1.325480,1.205957,2.175675,1.808084,2.711758,0.590299,1.018457,2.318072,0.008469,0.913431,3.289723,3.133150,0.209500,1.374449,1.320326,0.004925
-27.470001,-0.976703,1.516377,1.723832,2.342580,3.303906,2.685817,2.982040,0.801956,1.963507,2.648995,1.638023,1.742572,2.269593,2.830476,3.346318,3.186535,1.313882,1.173740,2.150223,1.727865,2.696616,0.578379,0.939204,2.206925,0.008791,0.852542,3.286501,3.116398,0.206923,1.221743,1.182439,0.004603
-27.848407,-0.955333,1.451938,1.668270,2.171290,3.274646,2.624994,2.935354,0.699051,1.881971,2.615460,1.531830,1.667612,2.222250,2.769325,3.337112,3.164179,1.284243,1.172774,2.133471,1.669553,2.675353,0.566459,0.678250,2.074837,0.007825,0.727542,3.262661,3.079671,0.204668,1.122516,1.058083,0.004603
-28.068101,-0.910291,1.318786,1.530515,2.083179,3.233221,2.585871,2.857764,0.268031,1.785970,2.556939,1.315169,1.559775,2.161756,2.681872,3.301934,3.142809,1.252027,1.010081,2.125739,1.510081,2.623807,0.573869,0.569036,1.910210,0.007181,0.581601,3.240431,3.034245,0.200157,0.924062,0.887980,0.003315
-27.345117,-1.008594,1.233634,1.486459,2.013151,3.242097,2.509924,2.775900,0.175974,1.709695,2.501705,1.217524,1.431226,2.087125,2.668063,3.270372,3.101055,1.238174,0.829346,2.117040,1.420197,2.614464,0.580634,0.463366,1.915043,0.006858,0.552928,3.212081,2.995908,0.193070,0.893135,0.858985,0.002348
-27.411164,-1.006950,1.189250,1.442075,1.941479,3.243084,2.490856,2.720995,0.136850,1.653475,2.463568,1.173140,1.360869,2.042083,2.586857,3.250646,3.074424,1.301318,0.711111,2.126383,1.377349,2.614464,0.566459,0.344810,1.960146,0.006858,0.491073,3.160212,2.956604,0.192103,0.801318,0.761369,0.003315
-28.413979,-0.996101,1.104098,1.378951,1.936876,3.174042,2.464883,2.724612,0.109891,1.633749,2.384991,1.116920,1.325361,1.964822,2.553322,3.228618,3.000122,1.431150,0.434049,2.139592,1.463367,2.826127,0.588366,0.238173,2.439206,0.009758,0.567748,3.275225,2.947261,0.013624,0.752026,0.713689,0.002026
-28.257962,-1.154570,0.993631,1.351663,1.897095,3.204618,2.475075,2.700940,0.085562,1.767230,2.362635,0.936753,1.199113,1.922739,2.503349,3.199028,2.900504,1.472388,0.214655,2.261370,1.579347,2.993975,0.599320,0.002348,2.767170,0.008791,0.593843,3.309375,2.954348,0.012980,0.667941,0.637013,0.001704
-28.571129,-1.231831,0.788477,1.250730,2.048001,3.199028,2.399786,2.632556,0.077671,1.890519,2.311018,0.822340,0.831546,1.802080,2.327785,3.124069,2.793325,1.600932,0.006214,2.389270,1.898612,3.040689,0.905055,0.002992,3.177931,0.012013,0.678250,3.317429,2.942750,0.017490,0.560016,0.537786,0.001382
-31.858706,-1.222954,0.656639,1.260264,2.153208,3.172398,2.334032,2.625323,0.076685,1.861588,2.174578,0.641187,0.762504,1.655777,2.219948,3.054369,2.741379,1.570970,0.006858,2.445649,1.877994,3.138949,1.209179,0.003959,3.163434,0.011691,0.958212,3.296166,3.106088,0.138624,0.662142,0.637013,0.002026
-32.383091,-1.246626,0.289730,1.274402,2.365265,3.274975,2.203510,2.416882,0.073069,1.814573,2.005918,0.393622,0.564912,1.564707,2.035836,2.947847,2.569761,1.646679,0.204346,2.585147,2.121551,3.318396,1.755571,0.006858,3.138949,0.012657,1.176962,3.406991,3.240109,0.017168,0.707890,0.670841,0.002026
-32.053004,-1.326518,0.069123,1.113632,2.464554,3.281550,2.009863,2.386635,0.070438,1.838902,1.968767,0.203591,0.429458,1.301361,1.927999,2.864668,2.457979,1.727865,0.083212,2.678253,2.112852,3.359311,1.838690,0.006858,3.173099,0.012335,1.162143,3.428254,3.230122,0.016846,0.635080,0.600931,0.001704
-34.507364,-1.296600,0.066822,0.773682,2.479349,3.292071,1.852382,2.319566,0.067808,1.799121,1.873752,0.148686,0.265400,1.193853,1.817861,2.804503,2.280771,1.768458,0.087722,2.729155,2.088690,3.419878,1.941782,0.007825,3.165367,0.012335,1.181795,3.420522,3.222068,0.016846,0.596743,0.567748,0.001382
-36.360432,-1.054622,0.057945,0.520199,1.914848,3.225659,1.516706,2.060823,0.058603,1.486459,1.812929,0.000739,-0.001563,0.853902,1.538076,2.651954,2.241976,1.555828,0.355763,2.611242,1.703702,3.399259,1.857375,0.007181,2.670843,0.009758,0.904088,3.391205,3.215947,0.027799,0.295196,0.227864,0.000415
-38.364389,-0.893524,0.055315,0.316360,1.865204,3.267413,1.251388,1.898081,0.054657,1.326676,1.753751,0.000081,0.000410,0.461677,1.407225,2.511897,2.189373,1.471421,0.591910,2.594167,1.561305,3.467558,1.814849,0.007181,2.122195,0.007503,0.618328,3.389916,3.230444,0.012335,-0.000229,-0.019559,-0.000229
-42.618515,-0.847495,0.050712,0.305839,1.805368,3.267413,0.991987,1.573255,0.051698,1.265854,1.681750,-0.001892,-0.000248,0.059260,1.208976,2.246579,2.150249,1.406344,0.601897,2.587402,1.571615,3.510406,1.822581,0.007503,1.906344,0.006858,0.930184,3.411824,3.156668,0.012657,-0.000229,-0.019559,-0.000551
-44.371397,-0.792261,0.046109,0.046767,1.726791,3.266098,0.770066,1.241524,0.045780,1.190236,1.617310,-0.000248,-0.000248,0.001067,0.906506,2.086467,2.096988,1.372839,0.287142,2.596745,1.322259,3.557120,1.810661,0.007181,1.742362,0.005892,1.211434,3.442751,3.083537,0.012335,-0.000229,-0.018915,-0.000229
-42.013043,-0.962895,0.046109,0.046109,1.723175,3.244728,0.611926,1.220154,0.045780,1.348046,1.657420,0.000739,0.000739,0.000081,0.647434,1.927013,1.996055,1.402478,0.117683,2.655379,1.667620,3.618976,1.871873,0.007503,1.639914,0.005892,1.305184,3.455316,3.110921,0.013302,-0.000551,-0.019881,-0.000551
-31.953575,-0.973415,0.047096,0.047753,1.898739,3.240125,0.559980,1.142235,0.046767,1.485802,1.627173,0.001725,0.001067,0.000081,0.385731,1.654462,1.975671,1.415687,0.005892,2.724644,1.717555,3.592236,2.003960,0.008147,1.784566,0.006214,1.287787,3.445973,3.082892,0.012657,-0.000229,-0.019237,-0.000874
-8.078892,-1.298901,0.050054,0.049068,1.900054,3.229933,0.512966,1.055768,0.048411,1.877697,1.752107,0.000739,0.001725,0.000081,0.143755,1.398677,1.890191,1.385403,0.004925,2.716268,1.995262,3.560986,2.029411,0.008469,1.855120,0.006214,1.050996,3.402481,2.985276,0.012335,0.000737,-0.020203,-0.001196
24.814525,-1.639511,0.051041,0.050712,1.711997,3.205933,0.493897,1.154729,0.051041,2.142687,2.076275,0.001725,0.001067,0.000410,-0.000248,1.228702,1.872437,1.278444,0.004603,2.499451,2.371229,3.400548,2.149579,0.009436,1.878960,0.006536,0.579668,3.290689,2.813562,0.011047,-0.000229,-0.018593,0.000093
47.461459,-1.607291,0.054986,0.054657,1.726134,3.210864,0.671105,1.583118,0.055972,1.986192,2.596391,0.001396,0.000081,0.000410,0.149673,1.497638,2.016110,1.272323,0.005248,2.201126,2.838691,3.129284,2.131538,0.009114,2.205314,0.008469,0.251704,3.129606,2.611242,0.010080,-0.000229,-0.019237,0.000093
52.999457,-1.847625,0.060246,0.060575,2.125920,3.241440,0.841080,1.833971,0.060575,2.226195,2.705543,0.001396,0.000410,-0.000248,0.383101,1.689311,2.046028,1.321292,0.005570,1.976576,2.974001,3.067106,2.108664,0.008469,2.848356,0.010724,-0.000551,3.101900,2.379927,0.008147,-0.000874,-0.019559,1.391524
53.303683,-2.010697,0.062877,0.062877,2.365923,3.261824,0.993302,1.984548,0.063205,2.332717,2.705872,0.001067,-0.000576,0.000739,0.628365,1.831669,2.162413,1.427607,0.005570,1.810661,3.004284,3.115109,2.206925,0.008791,3.223034,0.012335,0.001382,3.114143,2.360275,0.366395,0.002026,-0.017304,1.959824
51.344372,-2.080397,0.064849,0.064520,2.403074,3.308838,1.139605,2.127564,0.064520,2.362964,2.713763,0.001725,0.000410,0.000081,0.777299,2.011507,2.158139,1.463045,0.005248,1.762981,2.968524,3.109310,2.215623,0.009758,3.277803,0.012013,0.072580,3.125418,2.400224,0.421163,0.001382,-0.017626,2.004605
52.603189,-2.109658,0.066822,0.066493,2.536884,3.373277,1.266511,2.310032,0.067151,2.385320,2.720009,0.001725,0.000081,0.001067,0.967658,2.094029,2.155180,1.448547,0.005892,1.784244,2.934374,3.050998,2.188239,0.009114,3.358022,0.012980,0.000415,3.107377,2.386049,0.410853,0.000737,-0.017626,2.251706
52.345812,-2.241825,0.070767,0.069123,2.660502,3.423250,1.476925,2.412279,0.070438,2.532938,2.746968,0.002054,0.000410,0.157234,1.144537,2.338635,2.281757,1.529089,0.006214,1.821293,2.973034,3.096101,2.222066,0.008791,3.398615,0.012980,0.022000,3.161823,2.412144,0.369938,0.000737,-0.017304,2.329347
52.099890,-2.270757,0.566227,0.074055,2.793654,3.443963,1.579173,2.501048,0.073397,2.535569,2.745982,0.002054,0.001067,0.372251,1.328320,2.446800,2.268935,1.502027,0.006858,1.819360,2.822905,2.972390,2.155700,0.009114,3.401192,0.012980,0.101897,3.163434,2.541977,0.708856,0.001704,-0.016015,2.018458
52.264448,-2.347691,0.604036,0.078329,2.913655,3.489004,1.916821,2.589158,0.078329,2.619076,2.758804,0.001067,0.001067,0.780258,1.674188,2.603624,2.391238,1.493651,0.006214,1.785210,2.776835,2.874129,2.125417,0.008791,3.423744,0.012980,0.001704,3.196617,2.556796,0.866717,0.002992,-0.015371,1.981087
52.424065,-2.313827,0.710229,0.183207,3.074096,3.519251,2.151235,2.645049,0.081617,2.714091,2.802202,0.041835,0.000739,1.151441,1.877369,2.731845,2.582912,1.589334,0.006858,1.823870,2.804864,2.792621,2.016847,0.008469,3.422777,0.012335,0.197902,3.262983,2.681796,0.861562,0.002992,-0.014727,1.790043
52.446501,-2.260894,0.662886,0.292031,3.069822,3.523854,2.263675,2.745982,0.084576,2.815353,2.868942,0.151316,0.000739,1.297087,1.970740,2.795626,2.634857,1.653445,0.006214,1.886692,2.845134,2.813240,2.102865,0.008791,3.439208,0.012980,0.285531,3.289723,2.743652,0.841266,0.003637,-0.015049,1.699836
53.220876,-2.013984,0.617515,0.478445,3.323304,3.524840,2.402087,2.856778,0.090165,2.787736,2.860723,0.352525,0.001396,1.440102,2.034521,2.887025,2.682200,1.648612,0.006858,1.869617,2.825804,2.782312,2.056151,0.008791,3.482378,0.013302,0.261047,3.302932,2.785856,0.869294,0.002992,-0.015049,1.714334
53.465432,-2.121165,0.552419,0.568528,3.386428,3.543252,2.482636,2.892943,0.090822,2.864340,2.820284,0.489623,0.001396,1.493692,2.055891,2.899189,2.714091,1.719166,0.007181,1.929862,2.839980,2.729477,2.042942,0.008469,3.508795,0.013624,0.175673,3.346102,2.860276,0.877026,0.003315,-0.015371,1.661499
52.551560,-2.092233,0.676037,0.654667,3.471251,3.564622,2.504335,2.888011,0.100028,2.943573,2.857107,0.633954,0.348580,1.529857,2.153536,2.956396,2.764064,1.772646,0.007825,2.009759,2.850933,2.761693,2.095777,0.009114,3.516205,0.013946,0.193392,3.385728,2.923743,0.886047,0.002670,-0.014082,1.663432
52.153616,-2.175413,1.051166,0.911109,3.491963,3.595855,2.609213,3.002423,0.321292,3.053712,2.907737,0.770066,0.553076,1.625201,2.299511,3.033328,2.821599,1.800996,0.007825,2.038432,2.890560,2.773614,2.109308,0.008469,3.561953,0.012980,0.163108,3.401514,2.944039,0.888946,0.002992,-0.014082,1.675030
50.749992,-2.270757,1.319115,1.044919,3.549827,3.611636,2.652940,3.032670,0.469568,3.135904,2.923518,0.850615,0.637899,1.644927,2.399457,3.082644,2.841983,1.820004,0.008147,2.138303,2.927287,2.713369,2.169231,0.008469,3.580316,0.013624,0.289719,3.412468,2.981732,0.876382,0.003315,-0.013760,1.530055
49.608490,-2.200728,1.378293,1.512761,3.593225,3.626102,2.762421,3.110589,0.682612,3.209220,2.966587,0.992315,0.740476,1.802080,2.533596,3.141165,2.889984,1.853831,0.008469,2.168909,2.977544,2.797454,2.199193,0.009436,3.612533,0.014590,0.371227,3.429543,3.062274,0.874449,0.267812,0.261047,1.412465
49.423683,-2.135960,1.584433,1.540049,3.608348,3.631691,2.839682,3.115521,0.791107,3.247358,2.962642,1.173469,0.792093,1.924383,2.543130,3.181275,2.997821,1.810983,0.008147,2.158922,2.975933,2.774258,2.186628,0.009114,3.607700,0.014268,0.432438,3.433086,3.117364,0.852220,0.003637,-0.014404,1.043586
49.308386,-2.219468,1.854355,1.452925,3.684294,3.642540,2.904450,3.167795,0.896314,3.413387,2.924505,1.289196,0.802285,2.001973,2.604939,3.205275,3.040890,1.819037,0.008791,2.188883,2.974645,2.799387,2.186950,0.008791,3.606089,0.014268,0.512013,3.427610,3.150225,0.843521,0.003315,0.007825,0.829668
50.086585,-2.233935,1.977973,1.692270,3.693829,3.644513,2.953437,3.197713,1.011055,3.463689,2.955080,1.444048,0.842067,1.982575,2.655241,3.258207,3.116836,1.838045,0.008147,2.243974,2.975933,2.819361,2.206280,0.009436,3.656669,0.014268,0.581923,3.442107,3.182119,0.849320,0.352219,0.334822,0.814204
50.869618,-2.236893,2.090741,1.962520,3.735911,3.669500,3.010314,3.204289,1.019275,3.513991,2.967245,1.581474,0.913739,2.065097,2.670693,3.302591,3.102041,1.859630,0.007503,2.294876,2.991397,2.799387,2.180507,0.009436,3.655703,0.014590,0.600931,3.443396,3.191784,0.847709,0.407632,0.381536,0.621549
51.223412,-2.297388,2.081536,1.832984,3.701390,3.680020,3.034972,3.197385,1.028152,3.523525,2.958697,1.616982,0.923273,2.069700,2.665104,3.314427,3.109274,1.791976,0.007181,2.215301,2.990753,2.698871,2.148613,0.009114,3.650548,0.014268,0.598676,3.429220,3.180186,0.836111,0.412786,0.393779,0.327413
50.535591,-2.264839,2.121317,1.934904,3.719144,3.676404,3.083630,3.182919,1.042289,3.539635,2.992560,1.791559,1.040974,2.230140,2.686803,3.385113,3.074096,1.795519,0.006858,2.267169,2.989464,2.723034,2.152801,0.010080,3.660858,0.014590,0.624771,3.394104,3.197906,0.763302,0.494939,0.476253,0.002026
50.271579,-2.195468,2.225537,1.979616,3.806268,3.683966,3.103685,3.177987,1.082399,3.520566,3.030040,2.063453,1.202401,2.301155,2.717708,3.411414,3.098096,1.914398,0.007825,2.344811,3.009117,2.753961,2.169553,0.009758,3.670845,0.013946,0.893457,3.404736,3.218202,0.747838,0.625093,0.601897,0.002992
49.221683,-2.082041,2.296881,2.061809,3.865118,3.696130,3.144781,3.224015,1.132701,3.554101,3.065219,2.263346,1.381581,2.411622,2.802859,3.463689,3.123740,1.995906,0.008469,2.457247,3.032312,2.830637,2.177607,0.009114,3.684376,0.014590,1.058728,3.452416,3.243331,0.677284,0.758470,0.732052,0.001704
48.566988,-1.958093,2.327128,2.196934,3.878269,3.691856,3.170754,3.247687,1.182674,3.519580,3.070150,2.409649,1.635393,2.544774,2.835408,3.507744,3.151685,2.110275,0.009114,2.577737,3.037467,2.849000,2.219167,0.010080,3.684698,0.014590,1.187916,3.500419,3.286501,0.719810,0.958212,0.951447,0.003637
48.506821,-1.920284,2.370854,2.352772,3.891420,3.708952,3.217111,3.282865,1.341800,3.553443,3.135904,2.554966,1.714298,2.648995,2.891299,3.570540,3.212837,2.205314,0.169874,2.658600,3.042622,2.906024,2.279412,0.011047,3.700806,0.014590,1.399578,3.573551,3.365432,0.675029,1.279411,1.246228,0.004603
49.188227,-1.928832,2.404060,2.593761,3.887475,3.709281,3.237495,3.254920,1.331608,3.588293,3.197056,2.577980,1.817203,2.704886,2.900176,3.611307,3.280892,2.202414,0.456601,2.682763,3.042622,2.910856,2.401190,0.194036,3.710793,0.195969,1.411498,3.587082,3.413434,0.682439,1.522001,1.510725,0.004603
49.301176,-1.920941,2.418526,2.677269,3.901612,3.706651,3.257878,3.360784,1.411499,3.614266,3.282208,2.615131,1.911890,2.723954,2.915299,3.689555,3.346975,2.281023,0.817426,2.712080,3.076449,2.926642,2.463368,0.959823,3.730768,0.303895,1.593844,3.603512,3.472391,0.614462,1.961757,1.936306,0.006858
48.516794,-1.899571,2.446800,2.718037,3.926598,3.719144,3.281221,3.375578,1.517693,3.653390,3.398592,2.664776,1.982904,2.749270,2.930094,3.752021,3.406483,2.305507,1.158921,2.737531,3.152802,2.932119,2.490752,1.349321,3.724002,0.497838,1.742362,3.625742,3.512984,0.782310,2.224644,2.193394,0.007825
48.949699,-1.851899,2.488226,2.714091,3.934489,3.689883,3.261824,3.338099,1.478898,3.665883,3.403853,2.701927,2.014137,2.739735,2.922203,3.755309,3.415360,2.305507,1.200480,2.716268,3.163112,2.922454,2.499773,1.702736,3.699517,0.592555,1.799708,3.632507,3.532958,0.911498,2.461757,2.434051,0.008469
48.047447,-1.842693,2.505979,2.780174,3.942051,3.681335,3.275632,3.416675,1.710681,3.696459,3.434100,2.712119,1.970740,2.762749,2.922861,3.770432,3.438045,2.302286,1.507504,2.692106,3.195650,2.960147,2.587080,1.869295,3.691786,0.663753,1.867684,3.652803,3.550677,1.300351,2.634438,2.584502,0.008791
48.647120,-1.606305,2.603295,2.906751,3.953558,3.670815,3.266427,3.421606,1.879670,3.714870,3.477826,2.780832,2.126577,2.803188,2.926806,3.796734,3.472566,2.326448,2.114785,2.681796,3.232377,2.965302,2.660211,2.151190,3.712726,0.724964,1.966267,3.688242,3.587726,1.328702,2.779090,2.733343,0.008469
49.763060,-1.537262,2.712119,2.936998,3.956188,3.678705,3.289112,3.427524,2.075289,3.740185,3.499196,2.887354,2.301155,2.835408,2.935683,3.812844,3.508731,2.348999,2.225288,2.754928,3.252029,2.993330,2.694361,2.372518,3.745587,0.823225,1.994618,3.695007,3.605445,1.451447,2.873163,2.820005,0.010080
49.289450,-1.512604,2.840997,2.999136,3.983147,3.689883,3.327578,3.447579,2.297209,3.802323,3.564293,2.977108,2.408334,2.894258,2.943902,3.824351,3.523197,2.418587,2.309373,2.851578,3.279413,3.075483,2.791655,2.720778,3.761373,0.926640,2.070971,3.716270,3.636695,1.767169,2.965624,2.916655,0.010402
48.929835,-1.507015,2.972505,3.108945,3.964078,3.715199,3.350592,3.451196,2.442198,3.873337,3.618540,3.081986,2.464883,2.918258,2.953108,3.837173,3.531087,2.518136,2.356731,2.918588,3.314852,3.131217,2.922132,2.956604,3.791335,1.032954,2.215945,3.735278,3.674389,1.874450,3.057119,3.004928,0.011047
48.511938,-1.494850,3.071794,3.191467,3.979530,3.709610,3.359469,3.473552,2.486253,3.893721,3.673774,3.113219,2.571076,2.943245,2.971519,3.856570,3.531087,2.567105,2.438561,2.983988,3.381862,3.194040,3.014271,3.056475,3.822907,1.084179,2.355443,3.751386,3.722391,2.107053,3.113176,3.047776,0.011369
50.978078,-1.416931,3.204618,3.267084,3.963749,3.710925,3.390702,3.477169,2.599350,3.927256,3.734925,3.165494,2.747626,3.032670,3.005054,3.891091,3.545224,2.643137,2.581603,3.002995,3.434053,3.246553,3.142493,3.320651,3.867366,1.311627,2.387015,3.812598,3.784247,2.334180,3.201127,3.154413,0.012013
52.493327,-1.335066,3.262481,3.330208,3.941722,3.715199,3.409113,3.522868,2.691406,3.923968,3.785556,3.222700,2.820942,3.059958,2.994862,3.918050,3.553443,2.750095,2.848356,2.983343,3.478512,3.323872,3.229478,3.589337,3.915369,1.494295,2.413110,3.838693,3.804866,2.605765,3.354478,3.290045,0.012013
