-32.804932,0.083261,3.515635,3.697774,3.919037,2.867956,1.208976,3.877283,3.684952,3.530758,3.574156,3.360784,2.805490,3.268728,2.619076,4.089340,4.252739,2.982699,3.240754,3.706605,3.791335,3.881541,3.561308,2.619296,2.454992,0.011047,2.896359,4.285215,4.002353,3.485922,4.259119,4.186954,3.895716
-33.815997,0.117124,3.472237,3.700404,3.897338,2.743681,0.843382,3.912790,3.738541,3.497552,3.604074,3.335797,2.765708,3.231248,2.525377,4.076847,4.260958,2.925998,3.132828,3.685020,3.745265,3.835149,3.508795,2.519425,2.347066,0.010080,2.871230,4.276839,3.990433,3.395393,4.234957,4.161825,3.855446
-34.352026,0.134878,3.408784,3.675089,3.876954,2.625323,0.507377,3.886488,3.712240,3.467306,3.582704,3.290098,2.712447,3.169768,2.393868,4.057778,4.261287,2.863176,3.007184,3.652481,3.714015,3.787147,3.421811,2.422775,2.307440,0.009436,2.791010,4.270395,3.980768,3.312919,4.215627,4.143462,3.802611
-35.917927,0.146056,3.431141,3.681335,3.873009,2.558254,0.537624,3.873995,3.701390,3.463032,3.573170,3.272673,2.689762,3.163192,2.421485,4.064353,4.257999,2.944039,2.997196,3.683409,3.737533,3.807443,3.433086,2.420520,2.365108,0.009758,2.871552,4.292947,4.007186,3.342880,4.217238,4.146039,3.842559
-36.770484,0.148357,3.448566,3.684623,3.880899,2.589816,0.542884,3.871036,3.700404,3.461059,3.568238,3.260837,2.722968,3.187850,2.431348,4.068627,4.261287,2.958859,3.060019,3.694363,3.743332,3.840948,3.464659,2.463046,2.372840,0.009436,2.870908,4.297457,4.017173,3.369620,4.227225,4.156993,3.888629
-36.313083,0.120741,3.519580,3.736569,3.928571,2.671022,0.611269,3.898982,3.752679,3.546211,3.585663,3.280235,2.763078,3.194426,2.435622,4.083751,4.292849,3.045521,3.191462,3.744299,3.794879,3.907314,3.555509,2.625740,2.399902,0.010402,2.897325,4.314210,4.079995,3.486888,4.261375,4.189532,3.986889
-36.471255,0.093452,3.514977,3.732295,3.928900,2.657871,0.602721,3.884844,3.759254,3.569553,3.581060,3.268070,2.734475,3.156946,2.367238,4.081778,4.300411,3.025869,3.220457,3.752675,3.804866,3.915369,3.571296,2.697260,2.377028,0.010080,2.872196,4.315498,4.085472,3.511695,4.270073,4.198552,4.003642
-36.645233,0.107261,3.478155,3.732952,3.880899,2.613159,0.502445,3.845392,3.725062,3.537334,3.556731,3.240782,2.700940,3.061602,2.240003,4.065011,4.302383,2.983988,3.193395,3.743654,3.785858,3.902160,3.561308,2.664399,2.373806,0.010724,2.848678,4.312921,4.088049,3.484955,4.267174,4.193720,3.999776
-36.191795,0.102658,3.475525,3.692514,3.834214,2.558583,0.455760,3.806268,3.652075,3.491306,3.540950,3.202316,2.610200,2.978752,2.117372,4.030819,4.309616,2.999129,3.163756,3.728190,3.732701,3.867688,3.510406,2.543265,2.395713,0.010724,2.736565,4.296169,4.068075,3.424710,4.238179,4.164081,3.969815
-36.285056,0.137837,3.421935,3.631691,3.824679,2.483623,0.274277,3.781939,3.603417,3.411086,3.514320,3.114534,2.328443,2.913327,2.010192,4.006490,4.295150,2.982055,3.100289,3.713693,3.697907,3.835794,3.450161,2.405701,2.389592,0.010080,2.637015,4.272650,4.022650,3.307764,4.214983,4.143140,3.945008
-36.827254,0.140138,3.397935,3.610321,3.754651,2.443513,0.132576,3.741172,3.566594,3.374592,3.480456,3.057986,2.195948,2.863353,1.986849,3.977229,4.284630,3.037145,3.008150,3.701128,3.655381,3.814853,3.393460,2.386371,2.411177,0.009114,2.548420,4.260408,3.988178,3.226900,4.189209,4.118011,3.911503
-36.430829,0.121727,3.284180,3.580731,3.679363,2.378087,0.104302,3.703363,3.535032,3.335140,3.447579,3.015574,2.096988,2.841326,1.942465,3.968681,4.280684,3.067106,2.908923,3.688886,3.609633,3.771038,3.331282,2.331925,2.376706,0.009114,2.487531,4.241400,3.934054,3.157313,4.148617,4.074841,3.875420
-36.252904,0.043150,3.133274,3.544895,3.593554,2.347183,0.100357,3.666869,3.429497,3.267413,3.410099,2.979738,2.030905,2.807462,1.935561,3.932187,4.255369,3.132828,2.716590,3.664724,3.536179,3.728835,3.259439,2.243007,2.279090,0.013302,2.358342,4.215627,3.882830,3.069039,4.067753,3.992044,3.796489
-35.370104,-0.017673,2.983355,3.509388,3.481443,2.370525,0.098055,3.577773,3.357496,3.194754,3.356181,2.918258,1.895451,2.814366,2.008877,3.893721,4.229396,3.149581,2.555185,3.631541,3.397648,3.614144,3.186952,2.117363,2.224966,0.010402,2.298742,4.182122,3.819363,2.877673,3.976580,3.901838,3.626708
-34.675232,0.019807,2.822914,3.417661,3.407140,2.334361,0.095754,3.456785,3.312126,3.079356,3.270043,2.864997,1.780710,2.766037,1.962849,3.816131,4.188300,3.089658,2.305507,3.558731,3.234955,3.508795,3.053253,1.822581,2.150223,0.008791,2.256538,4.133153,3.742688,2.740431,3.853835,3.775871,3.472069
-34.560624,-0.006823,2.561213,3.308509,3.343359,2.294251,0.092137,3.358811,3.234207,2.923190,3.177658,2.795955,1.548268,2.696995,1.983890,3.771090,4.155094,3.032312,1.873161,3.507185,3.001707,3.421166,2.892493,1.439849,2.013303,0.008147,2.077736,4.064853,3.619298,2.234309,3.705639,3.636373,3.355445
-33.894359,-0.042659,2.494143,3.292728,3.321660,2.259072,0.088850,3.323633,3.179302,2.839024,3.129329,2.748941,1.508158,2.678584,1.958575,3.755309,4.142601,3.074838,1.640236,3.496231,2.800675,3.387661,2.791977,1.385725,1.932440,0.010080,2.059373,4.016851,3.575484,2.030378,3.600613,3.533280,3.287468
-34.407976,-0.002878,2.466198,3.232234,3.290427,2.252825,0.089178,3.289440,3.161877,2.768996,3.052725,2.715078,1.391116,2.631570,1.964164,3.739857,4.144573,3.077093,1.407632,3.479156,2.723356,3.368653,2.728510,1.287465,1.879927,0.007181,2.052285,4.006541,3.565497,1.831924,3.532958,3.463048,3.244297
-35.410136,0.040520,2.428060,3.188837,3.266098,2.219948,0.086877,3.265440,3.127356,2.666748,3.009328,2.705543,1.307608,2.600336,1.988493,3.736898,4.138327,3.064529,1.250738,3.472069,2.637338,3.363821,2.706925,1.222065,1.864463,0.007825,1.967878,3.990755,3.547777,1.678251,3.464981,3.399903,3.212081
-36.772838,0.015862,2.368224,3.082315,3.195741,2.168002,0.084904,3.188837,3.035629,2.563843,2.958697,2.619734,1.201086,2.603295,2.012165,3.729993,4.132409,3.015560,1.070325,3.464337,2.580314,3.352867,2.639915,1.170197,1.802929,0.006858,1.935983,3.978191,3.502352,1.433406,3.400870,3.334826,3.108666
-38.357114,-0.070605,2.241647,2.989273,3.020177,2.086138,0.080630,3.090863,2.848887,2.418197,2.864997,2.511240,1.035713,2.656228,2.256113,3.714212,4.104463,2.999774,0.927606,3.438885,2.520714,3.322261,2.567105,1.145390,1.767169,0.007181,1.948548,3.947907,3.479156,1.217555,3.300999,3.232699,2.873807
-37.780838,-0.149839,2.084166,2.889984,2.891628,1.994082,0.075041,2.854805,2.677926,2.238359,2.743681,2.445157,0.947602,2.728557,2.465212,3.656020,4.035093,3.021359,0.842877,3.421811,2.406023,3.320651,2.469812,0.794874,1.593200,0.005570,1.888303,3.908925,3.426965,0.675351,3.068717,3.000740,2.422775
-40.516523,0.047096,1.875725,2.735461,2.711461,1.752435,0.068795,2.721653,2.356060,1.951342,2.563843,2.272880,0.941685,2.727242,2.577651,3.633992,3.981503,2.964980,0.612207,3.437919,2.367041,3.332249,2.380572,0.682116,1.510725,0.005892,1.866718,3.880897,3.354478,0.535853,2.924387,2.850933,2.135404
-39.202904,0.126658,1.814902,2.546747,2.659844,1.616653,0.066164,2.637816,2.123618,1.749805,2.479677,2.219619,0.914068,2.707845,2.627296,3.617883,3.947640,2.948227,0.540686,3.424066,2.264914,3.359311,2.360597,0.628959,1.377671,0.005570,1.857697,3.837727,3.334826,0.215621,2.728833,2.666332,1.849965
-38.372063,0.330497,1.691284,2.469814,2.557596,1.569638,0.062219,2.479020,1.826409,1.503227,2.396170,2.151893,0.860807,2.725269,2.692064,3.597170,3.896680,2.904091,0.357696,3.422455,2.147002,3.359955,2.297131,0.432116,1.169874,0.004603,1.749128,3.806154,3.272326,0.205312,2.580959,2.522969,1.787143
-40.210995,0.398224,1.617968,2.338963,2.387950,1.592981,0.057616,2.397813,1.700161,1.444377,2.296881,2.020384,0.842395,2.731516,2.725269,3.562978,3.822378,2.850933,0.177606,3.432120,1.900867,3.333215,2.212724,0.262657,0.973032,0.002992,1.643457,3.726257,3.299710,0.144101,2.480765,2.423098,1.559050
-41.158214,0.468582,1.440102,2.187400,2.185099,1.638352,0.054657,2.108166,1.398020,1.323060,2.219948,1.696544,0.591542,2.720009,2.830147,3.522210,3.740514,2.845779,0.012335,3.468847,1.785210,3.354478,2.164399,0.009436,0.817748,0.002670,1.587723,3.687597,3.267171,0.134114,2.273935,2.220778,1.126704
-42.759494,0.722722,1.050837,2.042083,1.985206,1.183989,0.046767,1.669256,1.151441,0.958452,2.018740,1.351005,0.301894,2.700612,2.825216,3.455799,3.681664,2.893459,0.011691,3.537468,1.864785,3.458860,2.558085,0.011691,0.705634,0.002026,1.812594,3.705316,3.221101,0.107052,2.252350,2.195971,1.070325
-43.958957,0.997905,0.577405,1.891177,1.858300,0.702996,0.039205,1.536761,1.105742,0.572802,1.818518,1.040316,-0.000576,2.641104,2.755188,3.386757,3.638924,2.851900,0.012657,3.555832,1.772968,3.483344,2.637015,0.011691,0.511369,0.002992,1.884437,3.674711,3.156991,0.012657,2.184051,2.140236,0.980441
-42.396996,1.221798,0.217071,1.711997,1.746846,0.462006,0.033945,1.459829,1.038343,0.355484,1.578515,0.822998,0.000081,2.512883,2.769654,3.350263,3.604074,2.941784,0.012013,3.574839,1.647001,3.572906,2.693717,0.012013,0.343521,0.000415,1.874128,3.663435,3.095779,0.012657,2.179218,2.132182,0.894745
-53.395628,1.206017,0.050712,1.542350,1.665640,0.446883,0.030657,1.394732,1.005138,0.297620,1.504542,0.749682,0.001067,2.394526,2.798257,3.323304,3.568238,3.074838,0.011691,3.607056,1.715945,3.674066,2.945972,0.012980,0.322902,0.001382,1.939205,3.689530,3.160857,0.012980,2.276834,2.243974,0.884114
-59.534249,1.249086,0.032301,1.554186,1.601858,0.662557,0.031972,1.405581,0.993631,0.278223,1.497966,0.707599,0.001396,2.363621,2.845271,3.326263,3.593554,3.116398,0.013946,3.693719,1.772324,3.787147,3.051320,0.012013,0.331923,0.001059,2.109308,3.756219,3.195650,0.012980,2.390881,2.338690,0.935983
-61.613909,1.257634,0.032630,1.590022,1.576543,0.916698,0.033945,1.447664,1.004480,0.278551,1.483829,0.708256,0.000739,2.360991,2.862038,3.358154,3.609335,3.136694,0.012335,3.736889,1.850610,3.841270,3.217236,0.014590,0.314526,0.000737,2.260404,3.809054,3.258473,0.013624,2.480121,2.445327,1.197259
-61.836071,1.279991,0.032630,1.530186,1.469692,1.042618,0.032301,1.395061,1.005795,0.237126,1.443719,0.619817,0.000739,2.193975,2.801873,3.359797,3.648129,3.162467,0.112529,3.771038,1.937272,3.896683,3.339336,0.015235,0.286820,0.001059,2.417621,3.903126,3.270071,0.013302,2.640237,2.599322,1.372839
-69.099900,1.337197,0.028027,1.126126,1.297087,0.968644,0.028356,1.235935,0.972589,0.038219,1.434185,0.525459,0.000081,2.095344,2.745653,3.291413,3.670157,3.123807,0.064204,3.764273,1.840623,3.884763,3.347713,0.013946,0.200157,0.000737,2.425997,3.910858,3.170199,0.013302,2.661500,2.605443,1.064849
-37.023356,1.333580,0.030986,1.149140,1.286237,1.349690,0.032958,1.393088,1.000863,0.243701,1.469034,0.587597,0.000081,2.102577,3.032013,3.346647,3.659636,3.046166,0.012980,3.663435,1.408599,3.760729,3.146681,0.012980,0.247838,0.000415,2.255249,3.750098,2.823549,0.011047,2.580636,2.512982,0.215299
7.065156,1.379937,0.040191,1.321087,1.080097,1.968767,0.039205,1.994740,1.582132,0.423211,1.722188,0.603049,0.685900,2.296881,3.074753,3.493278,3.491635,2.542299,0.009758,3.282635,0.556794,2.726577,1.729153,0.006858,1.039398,0.003315,1.235274,3.316785,1.927607,0.007825,2.346422,2.283278,0.008791
30.211974,1.905972,1.193524,2.340607,1.503555,2.969875,0.060904,1.829697,2.732831,0.657954,2.137755,0.874615,1.086344,2.557267,3.261166,3.529772,3.185878,1.454991,0.006536,2.609631,0.010724,0.828379,0.135402,-0.000229,1.155055,0.004603,0.000093,2.323871,0.008147,-0.000551,0.968199,0.903122,0.002992
47.102985,2.640118,1.208647,2.779188,1.013686,3.363414,0.628694,1.683065,2.965601,0.404471,2.130851,0.871327,1.224757,2.688447,3.225330,3.491306,3.180946,0.586111,0.002026,1.924386,0.008147,-0.000874,-0.000229,-0.000551,0.627348,0.001704,-0.000551,-0.000874,-0.000551,-0.000229,-0.000874,-0.019237,-0.000229
58.945358,3.051410,1.289525,3.086260,0.809189,3.325605,0.528089,1.761312,3.204946,0.302880,1.998356,0.728640,1.214894,2.658529,3.194426,3.492292,3.305879,0.097065,0.000415,1.985275,0.008147,-0.001196,-0.000551,-0.000551,1.475609,0.005570,-0.000229,0.026510,0.000093,0.000093,-0.001518,-0.018593,-0.000551
62.525921,3.189494,1.320101,3.086589,0.340032,3.297660,0.486993,1.674517,3.215138,0.189783,2.033864,0.694777,1.106728,2.575350,3.156946,3.484073,3.294701,0.233018,0.001704,2.115430,0.007825,-0.001196,-0.000874,-0.000551,2.008471,0.008147,0.000737,0.361562,0.000415,-0.000229,-0.000874,-0.018270,0.000415
64.968706,3.211851,1.346731,3.031684,0.062219,3.309167,0.532363,1.559447,3.192782,0.154933,1.969753,0.678338,1.026836,2.488554,3.120781,3.480456,3.314427,0.574513,0.001382,2.156667,0.009114,-0.001840,0.000415,0.000415,2.108986,0.007503,-0.000229,1.015880,0.004603,-0.000551,0.000093,-0.017948,-0.001196
67.681630,3.271687,1.396047,3.032999,0.061562,3.311797,0.497842,1.505857,3.164836,0.066493,1.988822,0.647105,1.087659,2.446800,3.106973,3.460730,3.296016,0.591910,0.002348,2.096100,0.008791,-0.001196,-0.000874,-0.000551,1.987208,0.007825,-0.000229,1.302607,0.005570,-0.001196,-0.001196,-0.018270,-0.000874
70.546275,3.234865,1.461801,3.040890,0.064192,3.327249,0.616529,1.798463,3.141165,0.062877,2.071344,0.660256,1.045576,2.408005,3.059958,3.478155,3.293386,0.622194,0.002348,2.069682,0.008147,-0.000551,-0.000874,0.000415,2.011370,0.009114,-0.000551,1.399900,0.005892,-0.001196,0.000093,-0.018593,-0.000551
72.103085,3.168124,1.642626,3.034314,0.778285,3.393332,1.215551,2.317922,3.140178,0.069452,2.225209,0.949904,1.220154,2.519459,3.039903,3.477169,3.285495,0.664075,0.001704,2.029411,0.008469,-0.000874,0.001059,0.000093,2.138948,0.008147,-0.000874,1.171485,0.004281,-0.000229,-0.000229,-0.018270,-0.000874
74.718788,3.136562,1.816546,3.067191,1.254347,3.431470,1.546296,2.490856,3.078041,0.074055,2.320223,1.149468,1.604488,2.695351,3.033985,3.543909,3.314427,0.516201,0.002670,1.729476,0.007181,-0.000229,-0.000551,-0.000874,2.063239,0.008147,0.000093,1.259114,0.004603,-0.001196,-0.000874,-0.017948,-0.000229
75.566028,3.179960,1.914191,3.101384,1.978959,3.472237,1.974027,2.667077,3.141822,0.127316,2.487568,1.611064,1.714955,2.827517,3.105329,3.620513,3.400565,0.378959,0.000415,1.521679,0.005892,-0.000874,0.000415,0.000093,2.050674,0.008147,-0.001196,1.236885,0.004281,-0.000229,0.000737,-0.017626,0.000093
73.512128,3.330866,1.959233,3.191467,2.383348,3.554430,2.264990,2.825545,3.157603,0.085233,2.623350,1.840875,1.918465,2.979409,3.133932,3.674102,3.472895,0.305828,0.001382,1.370583,0.004925,-0.000874,-0.000874,-0.000551,2.138948,0.009114,-0.000551,1.014591,0.003637,-0.000551,-0.000551,-0.017948,-0.000229
71.463714,3.360784,1.934575,3.038259,2.435293,3.606047,2.498089,2.853161,3.132617,0.086219,2.700940,1.924054,1.953644,3.005711,3.150370,3.668513,3.466319,0.305505,0.001059,1.281021,0.004603,-0.000551,0.000093,-0.000229,2.124128,0.008469,-0.001196,1.041331,0.002992,-0.000229,-0.000229,-0.017626,0.000415
70.428712,3.351907,2.106522,3.059301,2.418197,3.613937,2.538528,2.909710,3.124726,0.086877,2.720995,1.997699,1.964822,3.063904,3.175686,3.648458,3.453826,0.322902,0.000737,1.183728,0.004925,0.000415,-0.000551,-0.000874,2.086113,0.007825,-0.000229,1.166009,0.004281,-0.000551,-0.000551,-0.017948,-0.000874
71.673340,3.331194,2.198249,3.089219,2.514527,3.677719,2.730530,3.040890,3.140178,0.131261,2.793983,2.168002,1.957589,3.119137,3.184891,3.691527,3.476182,0.344487,0.001382,1.045197,0.003959,-0.000874,-0.000229,-0.000229,1.964334,0.008791,-0.001196,1.275545,0.003637,-0.000551,-0.000551,-0.016982,0.000415
71.706601,3.265111,2.255456,3.206261,2.690420,3.749391,2.836394,3.116836,3.153987,0.257839,2.870586,2.317265,2.172605,3.201987,3.211193,3.740185,3.500511,0.365428,0.001382,0.657954,0.002670,0.000737,-0.000229,-0.000874,1.912788,0.007503,0.000093,1.402800,0.005248,0.000737,-0.000874,-0.017304,-0.000551
71.947759,2.918587,2.307401,3.297002,2.824230,3.834543,2.959354,3.172069,3.159576,0.630009,3.043191,2.464883,2.389594,3.267084,3.309496,3.781939,3.543580,0.477542,0.001059,0.692426,0.002670,-0.000551,-0.000551,-0.000551,1.831924,0.007181,-0.000874,1.546486,0.005570,-0.000229,-0.000229,-0.017626,-0.000551
73.271575,2.854477,2.413923,3.364729,2.991245,3.884516,3.045821,3.233878,3.225330,0.747380,3.110918,2.580281,2.683187,3.352564,3.343030,3.796734,3.575800,0.483985,0.001059,0.725287,0.002992,0.000093,-0.001196,-0.000551,1.771357,0.006214,-0.000551,1.844489,0.007503,-0.000229,-0.001196,-0.017626,-0.000874
73.481016,2.770969,2.490856,3.396291,3.005711,3.928571,3.125055,3.329222,3.233878,0.841409,3.128343,2.636830,2.913984,3.416675,3.383469,3.820405,3.603745,0.416008,0.001059,0.749771,0.002670,-0.000229,-0.000551,0.000093,1.692104,0.005570,-0.000551,1.966911,0.008147,0.000415,-0.000874,-0.017304,-0.000551
71.951332,2.830476,2.499075,3.385113,3.070150,3.930872,3.144124,3.356510,3.240454,0.772367,3.130315,2.647680,2.934368,3.409113,3.382483,3.820734,3.597499,0.390879,0.001382,0.675995,0.002670,-0.000551,-0.000551,0.000093,1.678251,0.006536,0.000415,1.939205,0.008469,-0.000551,-0.000874,-0.017948,0.000093
71.458796,2.825545,2.516500,3.362756,3.108616,3.924297,3.156617,3.361441,3.223358,0.775326,3.112562,2.676940,2.935025,3.396291,3.406812,3.816131,3.588293,0.389591,0.001059,0.572580,0.002026,0.000093,-0.000229,0.000093,1.557439,0.005570,-0.000551,1.923097,0.007503,-0.000551,-0.000551,-0.016982,-0.000874
69.005348,2.679570,2.589487,3.383469,3.187193,3.949941,3.205604,3.370318,3.237495,0.934452,3.124069,2.749270,2.983684,3.436730,3.413716,3.817118,3.612622,0.364139,0.001704,0.554217,0.001382,-0.000874,-0.000229,0.000093,1.174707,0.005248,-0.000229,1.942749,0.007503,-0.001196,-0.000229,-0.016660,0.000415
66.946983,2.701269,2.727571,3.437716,3.295358,3.960133,3.228947,3.407798,3.254591,0.930506,3.161549,2.811408,3.053383,3.463360,3.432127,3.827310,3.612622,0.351897,0.001059,0.563560,0.002992,-0.000551,-0.000229,-0.000874,0.925673,0.004281,-0.000229,1.931795,0.008147,-0.000874,-0.000551,-0.016982,-0.000551
67.007972,2.572062,2.799572,3.458100,3.301276,3.964736,3.255248,3.433442,3.281879,1.077467,3.163850,2.841326,3.079685,3.488018,3.414702,3.813172,3.630047,0.454024,0.001382,0.608985,0.002026,0.001382,-0.000551,0.000415,1.528122,0.005248,-0.000229,1.917620,0.007825,-0.000229,-0.000551,-0.016982,-0.000551
65.790716,2.414252,2.842312,3.492950,3.433771,3.969667,3.277933,3.454483,3.307194,1.234949,3.181275,2.904121,3.102699,3.502155,3.385442,3.828296,3.634321,0.506536,0.002026,0.631859,0.002670,0.179539,0.000093,-0.000551,1.500416,0.005248,0.000737,1.948870,0.007825,-0.000874,0.008469,-0.007639,-0.000551
67.664755,2.164057,2.902148,3.484073,3.493607,3.963749,3.293386,3.464675,3.333167,1.481856,3.183905,2.931409,3.116507,3.508402,3.388072,3.831912,3.669500,0.506536,0.001704,0.656343,0.002670,0.218843,0.001059,0.000415,1.407632,0.005892,-0.000874,2.036177,0.008469,-0.000874,-0.000229,-0.016015,0.000093
69.377642,2.197921,2.867299,3.482429,3.507087,3.945010,3.264454,3.452182,3.321002,1.435828,3.179302,2.914970,3.104671,3.497881,3.404839,3.821720,3.664897,0.488173,0.001382,0.577735,0.002670,0.268779,0.000737,-0.000229,1.313882,0.005570,0.000093,2.024257,0.011691,-0.001840,-0.000551,-0.017304,-0.000874
69.257121,2.463239,2.838696,3.476840,3.643855,3.921009,3.216453,3.427195,3.325277,1.140263,3.177001,2.912011,3.100726,3.481771,3.385770,3.810871,3.666869,0.476575,0.001382,0.468843,0.001382,0.295840,0.001059,0.000093,1.353831,0.005248,-0.000551,2.027478,0.008469,-0.000229,-0.000874,-0.016660,-0.000229
68.883465,2.898203,2.811408,3.473223,3.712569,3.900297,3.211522,3.461716,3.339742,0.777956,3.168782,2.888340,3.116178,3.486703,3.376236,3.806268,3.680678,0.429217,0.001382,0.366395,0.002026,0.252026,0.000737,-0.000551,1.328380,0.005248,0.000415,2.032633,0.008791,-0.000229,-0.001196,-0.016337,-0.000551
68.435028,2.547076,2.859079,3.436730,3.730651,3.880899,3.206919,3.480456,3.344016,1.144537,3.161549,2.866641,3.125055,3.485388,3.352236,3.792789,3.672459,0.419230,0.001382,0.329346,0.000415,0.349320,0.002026,-0.000229,1.188238,0.003959,-0.000551,2.042942,0.022000,-0.000874,0.132503,0.114139,0.000737
69.565221,2.788065,2.846586,3.425552,3.798707,3.866433,3.202316,3.490648,3.378866,0.914725,3.151357,2.874203,3.130973,3.488347,3.333496,3.788186,3.666869,0.457245,0.001704,0.288753,0.000737,0.424707,0.001382,-0.000874,1.251382,0.004603,0.000093,2.101899,0.245261,0.001059,0.128637,0.108985,-0.000229
68.525785,2.796613,2.839353,3.412072,3.860844,3.855255,3.190480,3.498210,3.392017,0.907164,3.154644,2.869600,3.131630,3.482100,3.308838,3.778980,3.663910,0.476253,0.002670,0.296163,0.001059,0.786176,0.003315,-0.000874,1.225609,0.005248,0.000093,2.137015,0.390879,0.000415,0.141201,0.128315,0.000415
67.178374,2.656228,2.910696,3.439031,3.891091,3.844077,3.182590,3.501498,3.401880,1.039987,3.133932,2.868285,3.121439,3.493278,3.274975,3.768788,3.660294,0.490106,0.001704,0.347387,0.022000,0.908276,0.003959,-0.000551,1.220777,0.003959,0.000093,2.232376,0.627026,0.002992,0.388624,0.371227,0.001059
67.325513,2.464554,2.943245,3.430812,3.900954,3.808570,3.153329,3.483415,3.385442,1.222127,3.081986,2.851189,3.107301,3.480456,3.229604,3.739199,3.636294,0.508792,0.002026,0.418263,0.426640,0.948225,0.003959,-0.000229,1.295841,0.004281,0.000737,2.250417,0.623160,0.002670,0.420518,0.389913,0.002026
66.701286,2.361977,2.908395,3.443634,3.929557,3.778980,3.068835,3.456785,3.371633,1.284265,3.086918,2.822914,3.105000,3.452840,3.139850,3.715856,3.601115,0.526189,0.002026,0.637335,0.440170,0.977542,0.003637,-0.000229,1.385403,0.005248,0.000737,2.273291,0.609951,0.002026,0.316781,0.296163,0.001382
64.972374,2.183126,2.960670,3.467306,3.971969,3.745117,3.026424,3.479799,3.355523,1.489418,3.077383,2.833764,3.100068,3.441333,3.109274,3.704678,3.593554,0.581279,0.002348,0.598031,0.617039,0.992361,0.004281,-0.000551,1.666009,0.006858,-0.000874,2.308729,0.730763,0.002992,0.712722,0.708212,0.004603
65.093300,1.921753,2.976779,3.495251,3.994325,3.711253,3.038588,3.508073,3.390702,1.716928,3.177987,2.825873,3.115521,3.453168,3.065876,3.668842,3.567252,0.608663,0.002992,0.293263,0.818392,1.012658,0.037142,0.069358,1.594166,0.007503,-0.001518,2.328381,0.748805,0.002670,0.955312,0.974642,0.004925
65.315446,1.815888,2.976122,3.509059,4.037065,3.692185,3.047136,3.565608,3.380510,1.845478,3.188508,2.845600,3.089219,3.447908,3.044835,3.667856,3.567909,0.799385,0.002026,0.502993,1.007503,1.143457,0.477864,0.276833,1.685661,0.007503,-0.001196,2.630572,1.122194,0.004603,1.383792,1.368650,0.004603
66.202761,1.699503,3.032670,3.516621,4.072901,3.684294,3.036616,3.664568,3.460401,1.993096,3.215467,2.871573,3.111904,3.457114,2.960670,3.662267,3.553772,1.055828,0.003637,0.575480,1.480442,1.197581,0.648611,0.355441,1.670841,0.005892,-0.000229,2.734954,1.168908,0.074835,1.751383,1.713367,0.005892
67.717180,1.435500,3.063246,3.519580,4.108409,3.716185,3.131959,3.749720,3.486703,2.296552,3.242755,2.895902,3.133932,3.485717,2.994862,3.686924,3.576786,1.027477,0.004603,0.669230,1.843522,1.298741,0.706279,0.448225,1.623483,0.007181,-0.000229,2.737531,1.262980,0.114784,1.841267,1.809695,0.006214
68.301318,1.159660,3.078041,3.530101,4.126162,3.707966,3.162864,3.772405,3.507744,2.583569,3.195741,2.871244,3.126699,3.478484,2.970204,3.675746,3.571197,0.920841,0.002992,0.681794,1.820326,1.129604,0.508792,0.295196,1.315171,0.005570,-0.001196,2.776191,1.115429,0.141846,1.437594,1.417297,0.005892
67.967176,1.014343,3.115521,3.516950,4.132738,3.696459,3.143137,3.770432,3.494265,2.704557,3.215467,2.962313,3.139192,3.498868,2.964286,3.682650,3.549169,1.042941,0.003637,0.810338,1.978831,1.167942,0.632825,0.603830,1.525867,0.005892,-0.000551,2.835147,1.147323,0.148289,1.534888,1.501383,0.004925
68.595652,0.627379,3.130644,3.504128,4.156738,3.671143,3.125055,3.732952,3.511361,3.070150,3.244070,2.953437,3.153987,3.488018,2.951464,3.696459,3.542594,1.100609,0.004281,0.999127,2.165043,1.234630,0.857052,0.944681,1.736885,0.008147,0.000093,2.859310,1.194359,0.293907,1.731086,1.697581,0.005570
66.483661,0.455102,3.251632,3.499854,4.191588,3.681335,3.204618,3.772076,3.596512,3.245385,3.279906,3.022478,3.185878,3.523525,2.986971,3.698431,3.557718,1.264913,0.005570,1.188560,2.394747,1.342877,1.496228,1.508148,2.172131,0.007503,-0.000229,2.944039,1.400223,0.286176,1.837401,1.821615,0.006536
63.136798,0.232523,3.301934,3.465662,4.221177,3.717500,3.277605,3.859200,3.582375,3.475525,3.415031,3.103356,3.227960,3.553115,3.045164,3.723089,3.557060,1.584179,0.551962,1.552929,2.838047,1.546808,1.912788,2.017169,2.372840,0.010080,0.121871,2.993975,1.590944,0.419552,2.265881,2.240430,0.007825
59.839265,-0.003864,3.351907,3.359797,4.237616,3.733610,3.321331,3.889447,3.604074,3.701719,3.533717,3.186535,3.232892,3.548512,3.035301,3.739528,3.548841,1.612207,0.807761,1.719811,3.062596,1.698548,2.102543,2.510082,2.460147,0.010402,0.506536,3.079349,1.926963,0.437915,2.522324,2.474966,0.008469
60.556501,-0.092633,3.402538,3.374921,4.234985,3.756295,3.329551,3.915420,3.605061,3.788515,3.625444,3.250974,3.246371,3.619198,3.133603,3.751364,3.610321,1.684050,0.795519,1.842878,3.230122,1.775545,2.455958,2.716912,2.465301,0.010724,0.711433,3.093524,2.040365,0.543263,2.597389,2.549386,0.008791
63.571582,-0.096578,3.511032,3.397606,4.197505,3.787200,3.369003,3.960133,3.709281,3.863803,3.726377,3.347962,3.286482,3.723089,3.223686,3.823693,3.672130,1.795197,1.106730,1.935017,3.359633,1.883471,2.748807,3.039722,2.616397,0.011047,0.868650,3.144426,2.324193,1.052606,2.730443,2.691139,0.011047
61.942685,0.042493,3.631691,3.529443,4.247150,3.918379,3.486045,4.061723,3.812186,3.906872,3.823036,3.506429,3.517279,3.884516,3.502813,3.956188,3.783254,1.959179,1.107697,2.281345,3.487532,2.212724,3.101256,3.467558,2.677286,0.011369,1.178895,3.235599,2.646036,1.508470,3.019426,2.966913,0.010724
54.997633,0.128631,3.779967,3.671143,4.289233,4.020956,3.615581,4.147532,3.904899,3.900954,3.928571,3.631033,3.643527,3.969010,3.629718,4.063038,3.877612,2.088046,1.018457,2.587402,3.656347,2.325481,3.207571,3.592881,2.871230,0.154410,1.444359,3.288434,2.839657,1.934695,3.170521,3.121552,0.530699
44.506843,0.137179,3.968352,3.883858,4.351041,4.136354,3.752679,4.264575,4.021284,4.012736,4.010106,3.757610,3.766158,4.082764,3.821063,4.170217,3.987750,2.493007,0.947903,2.759116,3.816141,2.699193,3.452739,3.802611,3.132828,1.307117,1.793909,3.323550,2.952415,2.211757,3.298743,3.249130,0.913753
-4.409075,0.079315,4.144573,4.087696,4.399371,4.248136,3.921338,4.327370,4.145888,4.142272,4.123861,3.950270,3.985448,4.171533,3.950927,4.303041,4.169889,2.833536,2.591268,2.942428,3.968848,3.160212,3.843526,3.928255,3.580638,1.810339,2.247840,3.531991,3.036823,2.772647,3.392494,3.357055,1.983342
-11.535263,0.001396,4.149505,4.196519,4.367480,4.227752,3.834543,4.306657,4.131751,4.214930,4.141614,3.939420,3.962434,4.225122,3.880242,4.456577,4.402658,3.155380,3.833216,3.576128,4.168269,3.858667,4.042302,3.720458,3.617687,2.449837,3.197583,4.210150,3.852224,3.637662,4.088372,4.053900,3.496553
-16.048120,0.093781,3.852954,3.954873,4.043641,3.736898,3.072123,4.108737,3.961119,3.866433,3.831584,3.584348,3.407140,3.680678,3.220727,4.328685,4.420083,3.079349,3.818397,3.753641,4.081606,4.086761,3.916657,3.139271,2.703059,2.351255,3.365754,4.401195,4.171490,3.974003,4.398295,4.326452,3.987534
-17.111302,0.105946,3.786542,3.930215,4.047257,3.537005,2.637488,4.056134,3.910489,3.816131,3.747747,3.499854,3.290098,3.522210,3.079356,4.246492,4.397398,2.963047,3.745909,3.711115,4.032959,4.042946,3.815497,3.005573,2.430507,2.040365,3.439208,4.403128,4.175034,3.912469,4.389597,4.313888,4.089338
-16.090661,0.132576,3.686596,3.859200,4.016024,3.475196,2.491842,3.995311,3.851639,3.733281,3.714212,3.459086,3.217111,3.440018,3.037602,4.200793,4.347425,2.867364,3.707894,3.673744,3.997521,3.967237,3.706283,2.945006,2.368329,1.566138,3.383473,4.389919,4.159892,3.808410,4.358024,4.282960,4.081606
-16.113261,0.171372,3.555745,3.770432,3.922324,3.364071,2.234743,3.921667,3.763199,3.577773,3.628074,3.410099,3.132617,3.350592,2.900504,4.133395,4.301397,2.795521,3.620265,3.632507,3.941464,3.899582,3.623164,2.796487,2.335146,1.253637,3.287790,4.358347,4.125743,3.694363,4.311955,4.238179,4.035214
-17.494100,0.132248,3.507744,3.705993,3.860187,3.231577,1.867834,3.863474,3.699089,3.521553,3.563635,3.363414,3.091520,3.293386,2.720009,4.098545,4.282657,2.756539,3.525870,3.584827,3.870265,3.859312,3.535213,2.588368,2.238819,1.010081,3.189207,4.338372,4.085472,3.577417,4.284893,4.209184,3.970137
-17.518152,0.124357,3.484402,3.689883,3.880899,3.184563,1.664653,3.875310,3.691198,3.526484,3.593554,3.327249,3.040232,3.262810,2.637816,4.092628,4.301068,2.743652,3.443074,3.570329,3.850613,3.840304,3.514272,2.572582,2.311628,0.919874,3.116720,4.335151,4.081606,3.516205,4.266851,4.192109,3.981090
-17.476839,0.083918,3.479799,3.701062,3.869063,3.134589,1.539720,3.846050,3.684623,3.534704,3.585663,3.327249,2.974149,3.240125,2.563514,4.088682,4.296794,2.759760,3.397648,3.559375,3.809054,3.817108,3.471102,2.545520,2.385082,0.647323,3.091269,4.332251,4.068075,3.472069,4.245589,4.172135,3.966271
-18.506433,0.096740,3.477169,3.663253,3.858543,3.109603,1.367444,3.820734,3.671472,3.510046,3.533060,3.314427,2.930751,3.245385,2.543130,4.081778,4.287589,2.748807,3.370586,3.555509,3.794556,3.805510,3.446295,2.522324,2.454670,0.498482,3.010405,4.328385,4.067109,3.401192,4.223359,4.151194,3.916013
-19.409418,0.096740,3.451853,3.655362,3.838159,3.086260,1.273744,3.825008,3.656678,3.490319,3.525827,3.295030,2.835079,3.226316,2.495459,4.065011,4.290219,2.770070,3.321617,3.551643,3.768783,3.799389,3.409246,2.446616,2.448871,0.095454,2.962403,4.320975,4.039725,3.332249,4.209828,4.135408,3.912791
-19.878675,0.075370,3.417990,3.660294,3.828296,3.067191,1.131715,3.802981,3.631362,3.485059,3.505772,3.232892,2.801544,3.180946,2.467184,4.041997,4.282657,2.753961,3.241076,3.562275,3.740433,3.776837,3.374130,2.353832,2.416654,0.011047,2.939529,4.311310,3.993655,3.328383,4.186310,4.114789,3.870588
-21.174730,0.077671,3.381168,3.625773,3.809556,3.045492,0.885793,3.766158,3.569882,3.442648,3.453497,3.207905,2.736119,3.110918,2.404718,4.024901,4.272136,2.717235,3.224323,3.551966,3.688564,3.760407,3.340947,2.354798,2.408278,0.010080,2.885727,4.303256,3.956928,3.276514,4.153449,4.079673,3.801000
-23.140525,0.107590,3.338756,3.573827,3.727692,2.972834,0.558665,3.724404,3.519251,3.394647,3.425552,3.155302,2.638474,3.061931,2.277483,4.013065,4.266219,2.690173,3.139916,3.532958,3.617687,3.720458,3.267816,2.296487,2.388626,0.011047,2.743974,4.290370,3.935343,3.172132,4.123165,4.050034,3.732056
-24.119961,0.061562,3.321331,3.553772,3.715528,2.954423,0.419595,3.740843,3.492621,3.401223,3.400565,3.056999,2.508281,3.050095,2.211071,4.013065,4.267534,2.725289,3.054220,3.544878,3.563564,3.715948,3.204993,2.237852,2.344489,0.009758,2.715946,4.286504,3.920201,3.145070,4.087727,4.014273,3.719814
-24.843664,0.037232,3.311797,3.579088,3.686924,2.966259,0.345292,3.718815,3.469607,3.401223,3.383140,3.017218,2.439239,3.049109,2.283730,4.017010,4.269835,2.797132,2.979477,3.572584,3.509762,3.705316,3.156991,2.185662,2.309695,0.010080,2.671165,4.280705,3.891206,3.108021,4.040047,3.965626,3.620909
-24.892201,0.002382,3.273002,3.567909,3.624787,2.972177,0.124357,3.673116,3.442976,3.388401,3.362756,2.992232,2.330087,3.008013,2.287346,4.014380,4.282000,2.859310,2.908279,3.595458,3.470136,3.701128,3.135728,2.136692,2.261370,0.009436,2.590946,4.267818,3.862533,3.031990,3.969815,3.895394,3.506862
-25.625368,-0.002878,3.218426,3.562320,3.621170,2.961985,0.103644,3.644513,3.427524,3.359140,3.350263,2.954094,2.237044,2.996177,2.240990,3.999914,4.278054,2.914722,2.800998,3.607378,3.402159,3.693719,3.115109,2.097066,2.269425,0.009436,2.589657,4.262985,3.851580,2.975289,3.906026,3.838049,3.445329
-27.094213,-0.048906,3.201001,3.539964,3.593225,2.978094,0.103973,3.643527,3.418319,3.319030,3.320674,2.905436,2.189701,3.004396,2.241976,3.993668,4.271808,3.016526,2.715946,3.617687,3.362210,3.698873,3.088047,2.017813,2.327092,0.009758,2.530701,4.261052,3.844170,2.910534,3.874453,3.803255,3.419556
-28.698254,-0.058112,3.135247,3.545224,3.587964,2.966587,0.102329,3.611636,3.406483,3.308180,3.287139,2.899518,2.188386,3.004067,2.330744,4.003859,4.276410,3.055186,2.689528,3.625419,3.308086,3.687275,3.076771,1.924063,2.272968,0.009114,2.538755,4.258797,3.819363,2.814206,3.831283,3.762340,3.375741
-29.479169,-0.074550,3.052725,3.503142,3.575142,2.897546,0.101014,3.591910,3.394976,3.298646,3.266755,2.864340,2.090412,2.987958,2.334361,4.010435,4.282328,3.081282,2.634116,3.634440,3.243653,3.685020,3.065818,1.778767,2.269747,0.008791,2.531023,4.256864,3.775226,2.764271,3.784891,3.715304,3.332893
-29.270216,-0.048248,3.033985,3.487361,3.517936,2.748612,0.099042,3.551142,3.381496,3.250974,3.233549,2.842641,1.928328,2.969218,2.306086,3.993996,4.275753,3.081604,2.580314,3.611888,3.169877,3.650548,3.022648,1.687272,2.278123,0.009436,2.490752,4.240112,3.765884,2.514593,3.723358,3.656025,3.306798
-29.306974,-0.041344,2.973820,3.475854,3.472237,2.714420,0.098713,3.520238,3.361770,3.225988,3.205933,2.795955,1.794518,2.956724,2.318251,4.011750,4.280027,3.105766,2.473033,3.627352,3.111887,3.634762,3.010405,1.628316,2.255572,0.009114,2.487531,4.229802,3.725935,2.420198,3.671167,3.603512,3.316785
-28.330663,-0.034440,2.894915,3.447251,3.407140,2.696666,0.098384,3.467963,3.328893,3.182261,3.153658,2.769325,1.700818,2.925162,2.326470,4.006490,4.280027,3.158601,2.217556,3.610600,3.053898,3.607700,2.995908,1.574514,2.210146,0.009758,2.464013,4.213372,3.687920,2.280378,3.600935,3.530058,3.249452
-26.925592,-0.031481,2.827846,3.424237,3.371304,2.675296,0.095754,3.410757,3.307194,3.125384,3.106315,2.729215,1.602187,2.822914,2.340607,3.998270,4.274767,3.185019,2.047775,3.597391,2.992686,3.588370,2.975933,1.376382,2.156345,0.008791,2.435018,4.204029,3.670200,2.180507,3.532958,3.466270,3.207893
-27.158513,-0.077509,2.694036,3.367030,3.341715,2.666748,0.092795,3.378537,3.249330,3.085274,3.050424,2.717379,1.540378,2.814695,2.352114,3.984462,4.259972,3.183408,1.927607,3.564852,2.841268,3.549066,2.939529,1.273290,1.958535,0.008469,2.448549,4.183410,3.626064,2.075481,3.480123,3.413112,3.081926
-26.475568,-0.021947,2.549048,3.314756,3.294372,2.663132,0.091809,3.352564,3.217440,2.934039,3.012287,2.691406,1.500268,2.774585,2.362964,3.978544,4.251424,3.156668,1.777478,3.531025,2.724967,3.505896,2.870908,1.203380,1.922453,0.007181,2.404734,4.153127,3.588692,1.894424,3.392171,3.327094,2.954026
-26.731327,0.022109,2.484609,3.255577,3.292071,2.607569,0.090165,3.294701,3.142480,2.786421,2.952121,2.653926,1.365143,2.800887,2.318251,3.956188,4.227752,3.137016,1.660532,3.483022,2.569038,3.449839,2.776513,1.147967,1.876383,0.007181,2.328381,4.124454,3.534891,1.540365,3.266849,3.202094,2.786822
-25.499757,0.102987,2.422143,3.183576,3.168124,2.542473,0.087535,3.209220,3.114534,2.616775,2.882751,2.582583,1.245141,2.750585,2.262031,3.931201,4.195862,3.023936,1.308083,3.443396,2.418587,3.388305,2.475288,0.743328,1.817749,0.007181,2.221422,4.089338,3.478834,1.214978,3.107699,3.041333,2.608020
-26.090095,0.056301,2.393539,3.120123,3.099740,2.469486,0.085233,3.188179,3.024780,2.565158,2.840668,2.500719,1.092262,2.767023,2.273209,3.904242,4.178766,2.943717,0.973354,3.416978,2.295842,3.294233,2.285211,0.583534,1.770391,0.006858,2.222066,4.056155,3.424710,0.940815,3.015560,2.957570,2.440817
-25.295106,0.040849,2.299182,3.084616,3.048780,2.391567,0.083261,3.128014,2.939299,2.515842,2.783133,2.406033,1.068590,2.856778,2.412937,3.889776,4.157724,2.914400,0.852542,3.422777,2.250095,3.311952,2.252028,0.524256,1.747517,0.007181,2.210791,4.039080,3.420844,0.781021,2.940495,2.889593,2.416332
-24.764032,-0.010111,2.241976,3.021163,3.040890,2.340936,0.080630,3.052725,2.833435,2.456335,2.735790,2.357046,1.045905,2.845928,2.511240,3.865118,4.120902,3.016526,0.788109,3.459182,2.221422,3.355767,2.284889,0.459178,1.722710,0.007503,2.201126,4.021039,3.377996,0.759114,2.842557,2.778124,2.238819
-24.924907,-0.045947,2.213702,2.968231,2.951793,2.295237,0.078000,2.966259,2.768339,2.371183,2.676940,2.287346,1.031768,2.916285,2.609871,3.847365,4.093285,2.965302,0.538109,3.476901,2.230443,3.387983,2.379605,0.362529,1.702736,0.006536,2.200481,3.998165,3.311630,0.647645,2.713369,2.636049,2.140236
-25.663505,-0.065016,2.162413,2.960341,2.871244,2.246250,0.077343,2.912011,2.704228,2.296881,2.601652,2.195290,0.957794,2.884723,2.616775,3.830269,4.061723,3.036501,0.457890,3.503963,2.204025,3.443396,2.464335,0.290042,1.678573,0.007181,2.281023,3.976580,3.243009,0.561949,2.591590,2.537144,2.036821
-25.672787,-0.007481,2.003617,2.916943,2.817983,2.164057,0.074384,2.848887,2.579953,2.151564,2.445814,2.034521,0.905520,2.916285,2.672666,3.800022,4.020627,3.025547,0.342877,3.526192,2.129605,3.451128,2.508794,0.157632,1.648290,0.006858,2.277479,3.947907,3.295200,0.389591,2.516526,2.464013,1.923741
-26.873391,0.102001,1.806683,2.757160,2.695351,2.083837,0.068137,2.699625,2.376115,1.916164,2.269264,1.947068,0.851601,2.932395,2.666091,3.770432,3.970654,2.973678,0.056472,3.517494,1.915365,3.416656,2.384438,0.010402,1.559050,0.005570,2.134115,3.913436,3.260728,0.433083,2.352865,2.304863,1.835790
-26.821011,0.199975,1.734353,2.656556,2.580281,1.981589,0.065507,2.585542,2.227181,1.744545,2.194962,1.753422,0.823327,2.857107,2.693379,3.737226,3.915749,2.942106,0.011691,3.529414,1.856409,3.427287,2.344811,0.010724,1.512014,0.011047,2.134760,3.891206,3.258795,0.332889,2.248162,2.198226,1.697581
-26.868181,0.275264,1.676160,2.516829,2.484280,1.963507,0.063534,2.476719,2.014795,1.643283,2.174249,1.643941,0.778942,2.840011,2.690749,3.714870,3.881228,2.888304,0.012335,3.551321,1.845133,3.469491,2.408600,0.009758,1.472388,0.006536,2.143458,3.879608,3.251063,0.218843,2.193394,2.141525,1.614463
-26.541531,0.352854,1.618625,2.453376,2.412279,1.836272,0.059918,2.406690,1.814902,1.527884,2.100604,1.436157,0.595488,2.874203,2.742366,3.693829,3.832899,2.887016,0.012335,3.565819,1.761370,3.498808,2.432762,0.010402,1.419230,0.004925,2.069038,3.869299,3.212081,0.179861,2.187595,2.138625,1.531022
-28.657249,0.394279,1.476267,2.456006,2.367895,1.821477,0.058603,2.264990,1.726134,1.464760,2.050302,1.379280,0.445896,2.882751,2.856778,3.677061,3.788515,2.948549,0.012657,3.596102,1.807440,3.544878,2.637015,0.012657,1.400223,0.005248,2.146680,3.864789,3.240109,0.210145,2.159566,2.117363,1.432761
-32.447298,0.417951,1.344759,2.383019,2.290305,1.724161,0.056301,2.144988,1.652489,1.414458,1.995397,1.236264,0.306826,2.859079,2.899847,3.666212,3.741500,2.990753,0.012657,3.660858,1.793264,3.619298,2.787789,0.011691,1.374449,0.004925,2.223999,3.869299,3.269426,0.147645,2.284889,2.236564,1.371228
-36.214294,0.518884,1.157030,2.272880,2.120002,1.568323,0.052027,2.032220,1.441418,1.286895,1.839560,1.102454,0.001725,2.817654,2.938313,3.637280,3.700075,3.050676,0.012980,3.700484,1.857375,3.688242,2.948872,0.012335,1.369295,0.005892,2.274257,3.872520,3.312597,0.130892,2.236242,2.186306,1.322581
-38.126521,0.621132,0.704969,2.102577,2.005918,1.315827,0.045780,1.653804,1.319772,1.127769,1.706407,0.884149,0.000739,2.785435,2.926149,3.585005,3.661280,3.096746,0.012657,3.699840,1.785854,3.684698,2.970135,0.012980,1.299063,0.004925,2.258793,3.855446,3.311308,0.117683,2.095777,2.036499,1.091588
-39.964837,0.796367,0.159864,2.048987,1.884273,1.208647,0.041835,1.522295,1.176099,0.914396,1.523939,0.776641,0.000081,2.756503,2.925162,3.539635,3.647472,3.060341,0.013302,3.686953,1.664398,3.714981,2.953704,0.013624,1.243328,0.004925,2.296164,3.833216,3.325805,0.093843,1.909888,1.866718,0.923740
-43.948364,0.842067,0.127974,2.029590,1.861259,1.187277,0.039863,1.545967,1.165578,0.841080,1.456212,0.658612,0.000739,2.778202,2.997492,3.523197,3.621170,3.082892,0.012657,3.677610,1.649256,3.773293,2.995586,0.012657,1.190815,0.003959,2.331603,3.829028,3.331282,0.072902,2.011692,1.988496,0.877671
-45.504056,0.942013,0.119754,2.030247,1.847450,1.275388,0.039534,1.536104,1.141249,0.755928,1.438130,0.635598,0.001067,2.788065,3.017218,3.506100,3.627746,3.061630,0.012980,3.659247,1.601254,3.790368,3.022003,0.012657,1.187916,0.004281,2.390881,3.818074,3.331282,0.059371,2.057440,2.016203,1.020712
-46.413493,1.033412,0.039863,2.020384,1.835615,1.301361,0.039534,1.550241,1.122838,0.715161,1.446349,0.438663,0.000081,2.782804,3.081986,3.483415,3.652404,3.060663,0.012657,3.669234,1.625738,3.823551,3.084181,0.013624,1.184372,0.003637,2.423742,3.822907,3.337403,0.017490,2.100932,2.058728,1.071292
-45.541592,0.970616,0.039863,2.021699,1.838245,1.221469,0.040191,1.626845,1.146509,0.820696,1.448322,0.459047,-0.000248,2.832120,3.092178,3.493607,3.680020,3.093202,0.017490,3.722713,1.781022,3.893783,3.214658,0.014268,1.274256,0.005248,2.463368,3.850613,3.363821,0.008791,2.285211,2.235275,1.294875
-49.490819,1.017631,0.040520,2.011507,1.829697,1.234620,0.038547,1.608434,1.236922,0.798669,1.410513,0.363703,0.000739,2.807133,3.137548,3.518923,3.703034,3.154413,0.013946,3.756219,1.997517,3.944686,3.361566,0.015557,1.328058,0.005570,2.530701,3.888307,3.419233,0.014268,2.415043,2.362208,1.402800
-53.859366,1.140263,0.039205,1.961205,1.793203,1.167880,0.038219,1.599557,1.262895,0.639214,1.355279,0.288086,0.000081,2.692064,3.144781,3.514649,3.741829,3.178576,0.014590,3.816786,1.992685,4.006541,3.468525,0.014590,1.364784,0.005248,2.759438,3.937920,3.485599,0.015235,2.497196,2.447904,1.581602
-49.214324,1.190894,0.035917,1.888218,1.747504,0.936424,0.037561,1.502569,1.246785,0.575433,1.256648,0.001396,-0.000248,2.595405,3.146425,3.487361,3.786542,3.180186,0.013624,3.878642,2.069360,4.059699,3.557120,0.016523,1.392491,0.004925,2.875096,3.993977,3.537468,0.014268,2.621551,2.569361,1.862208
-40.135824,1.206675,0.036575,1.850738,1.727120,0.939054,0.037561,1.569638,1.283607,0.580693,1.314512,0.041178,-0.001234,2.515185,3.121110,3.511690,3.829282,3.258795,0.014590,3.906026,2.107053,4.076774,3.594814,0.015557,1.410854,0.006536,2.937274,4.050034,3.579994,0.012657,2.834503,2.790366,2.167943
-36.692168,1.051166,0.042164,1.996713,1.737969,1.221469,0.041506,1.774792,1.498624,0.776970,1.399992,0.203591,0.001067,2.656228,3.209220,3.629718,3.844734,3.363821,0.013302,3.906026,1.976254,4.042302,3.557765,0.015879,1.394101,0.004603,2.910856,4.073874,3.514917,0.016846,2.960792,2.901191,2.229476
-25.099833,0.864423,0.899273,2.307730,1.934575,2.099947,0.057945,2.323511,2.487897,1.363827,1.872437,0.415321,0.001067,2.890970,3.442976,3.695472,3.808898,3.310664,0.014590,3.793268,1.527478,3.881219,3.348679,0.013946,1.425352,0.005570,2.717879,3.962405,3.205960,0.013624,3.029735,2.973034,1.618329
14.901307,1.092262,1.717257,2.704886,2.121317,3.211851,0.283812,2.683844,2.915957,1.691284,2.375457,1.484815,1.312868,2.914313,3.383798,3.712569,3.561005,2.679219,0.012335,3.296488,0.434049,2.717557,1.818071,0.007825,0.848676,0.003315,1.751705,3.486888,2.610276,0.012013,2.771036,2.706281,0.010402
27.837724,1.379609,1.882629,2.884395,2.524719,3.474867,1.490733,2.475075,2.776558,1.452925,2.281100,1.303991,1.538734,2.917272,3.287139,3.487032,3.164179,1.233341,0.005248,2.216267,0.009114,0.132825,-0.000229,-0.004095,0.518779,0.001704,-0.000551,2.433407,0.011047,-0.000229,1.353509,1.185661,0.003959
33.228905,1.987178,1.755394,3.088233,2.197592,3.506100,1.483172,2.150249,2.842970,0.982781,2.159126,1.073193,1.377307,2.875189,3.268399,3.449552,3.212179,0.000093,-0.000229,0.565815,0.002348,-0.005706,-0.000229,-0.001196,0.250737,0.000737,0.002670,0.386369,-0.000229,0.000093,-0.001196,-0.018915,-0.000229
37.258764,2.306415,1.699503,3.064561,2.252168,3.502813,1.398020,2.155180,2.780174,0.688201,2.182797,0.936095,1.328649,2.840339,3.249659,3.464018,3.223029,0.006536,-0.000229,0.720776,0.002670,-0.001840,0.000093,-0.000874,0.807439,0.002992,-0.006028,0.659887,0.001059,0.000415,-0.001196,-0.017948,-0.000551
39.761298,2.066412,1.691941,3.068506,2.269921,3.496566,1.464760,2.207126,2.808120,0.930506,2.195290,0.930506,1.320430,2.818312,3.226974,3.477826,3.237495,-0.000229,0.000093,1.022323,0.003637,-0.000229,-0.000874,-0.000229,0.913753,0.002992,-0.007961,0.869617,0.003315,-0.000551,-0.000551,-0.018593,-0.000229
42.784334,1.769860,1.662023,3.035958,2.234414,3.479470,1.473637,2.243949,2.826202,1.211606,2.220606,0.893355,1.284594,2.786092,3.194754,3.476840,3.230262,-0.000551,0.000093,1.522323,0.005892,-0.000874,-0.000551,0.000415,1.032954,0.010080,0.001704,0.929539,0.003637,-0.000551,-0.000551,-0.017948,-0.000229
44.609925,1.853368,1.665640,3.050753,2.273209,3.468292,1.497966,2.288333,2.830805,1.172482,2.248223,0.962397,1.323717,2.840668,3.190480,3.489004,3.251961,0.001382,0.000415,1.535210,0.008147,-0.000229,-0.001196,0.000415,0.945970,0.003637,-0.000551,0.844488,0.002026,-0.001840,-0.000551,-0.017948,-0.000229
47.166905,2.060165,1.694900,3.073109,2.369868,3.517936,1.736654,2.385978,2.848230,1.069248,2.280771,1.126126,1.475281,2.894587,3.167138,3.515306,3.254920,0.000415,-0.000229,1.674063,0.006858,-0.001518,-0.000229,0.000093,1.737207,0.008147,-0.001840,0.929539,0.002992,-0.000551,-0.000551,-0.018270,-0.000229
49.658615,2.048658,1.874410,3.076397,2.369210,3.544895,1.822464,2.425430,2.864997,1.110016,2.298525,1.213908,1.589036,2.913327,3.179302,3.541937,3.260180,0.146034,-0.000229,1.701769,0.005892,-0.001196,0.000737,-0.000551,1.803574,0.003637,-0.000874,0.945970,0.002670,-0.000229,-0.000551,-0.018270,-0.000874
50.240756,2.056549,1.858300,3.078698,2.435951,3.557389,1.859286,2.478034,2.865326,1.106399,2.277154,1.268484,1.577858,2.928450,3.183905,3.557389,3.259194,0.142168,0.000093,1.694682,0.006858,0.000093,0.000415,0.002992,1.785532,0.005892,0.000415,0.960789,0.003315,-0.000551,0.000415,-0.018270,-0.001196
53.708194,1.905314,1.730737,3.027410,2.429704,3.546539,1.828710,2.445814,2.843298,1.197140,2.262360,1.226401,1.574241,2.932395,3.186864,3.555745,3.254591,0.130892,0.000415,1.676640,0.007503,-0.000229,0.003315,0.000093,1.771035,0.007825,-0.001196,0.969810,0.002992,0.000415,0.001704,-0.018915,-0.000229
57.209070,2.047672,1.709366,2.985327,2.383348,3.531087,1.790573,2.390909,2.825545,1.048535,2.251182,1.212264,1.567666,2.915299,3.217768,3.535032,3.243741,0.154410,0.001059,1.666975,0.007181,-0.001196,0.000093,-0.000874,1.722388,0.007181,-0.000229,0.954346,0.003959,0.000737,-0.000551,-0.018270,0.000093
58.560917,2.088769,1.823121,3.004067,2.442855,3.529443,1.879670,2.470143,2.885381,1.080426,2.279785,1.262895,1.612050,2.975464,3.194754,3.576129,3.259851,0.243005,0.000415,1.662787,0.007503,-0.000551,0.000093,-0.001840,1.791653,0.006858,-0.001840,0.959178,0.002992,0.000093,0.000093,-0.015693,-0.000229
59.506186,2.060494,1.948054,3.017547,2.459294,3.506429,1.940821,2.534253,2.905765,1.132372,2.285045,1.334896,1.619941,2.963957,3.191138,3.600458,3.282536,0.312593,-0.000874,1.691460,0.006858,0.081601,0.000737,-0.001196,1.906344,0.007181,-0.000229,1.022967,0.003959,0.000415,-0.000874,-0.017304,-0.000229
60.172159,2.002302,1.965151,3.014588,2.433321,3.554430,2.016439,2.547404,2.937327,1.216867,2.341265,1.508816,1.619612,2.999465,3.210207,3.619198,3.332509,0.308083,0.000415,1.647001,0.006858,0.000737,-0.000229,-0.001196,1.854476,0.005892,-0.000229,1.170841,0.004603,0.000415,-0.000551,-0.017304,0.000093
60.689631,1.916821,2.015781,3.053383,2.530637,3.551800,2.087782,2.574364,2.968231,1.324704,2.374799,1.648872,1.657420,3.010314,3.201330,3.638924,3.356510,0.310982,0.001059,1.568393,0.006214,0.018134,-0.001196,-0.000874,1.835146,0.006858,0.000093,1.241395,0.005570,-0.000551,0.369294,0.358018,0.001059
64.174796,1.914520,2.081207,3.078698,2.528336,3.544238,2.313319,2.593432,2.999136,1.388814,2.512226,1.745202,1.733695,3.135576,3.219084,3.684952,3.378537,0.272645,0.000737,1.444681,0.006536,-0.000874,0.000415,-0.000551,1.740107,0.006536,-0.000874,1.345132,0.005570,-0.000551,0.455312,0.442103,0.001059
65.809012,1.986849,2.079234,3.066863,2.736776,3.577773,2.494801,2.664447,3.035301,1.379937,2.616117,1.815231,1.814244,3.178645,3.269057,3.702705,3.391359,0.318392,0.000737,1.452736,0.005892,-0.001196,0.000737,0.000093,1.705313,0.005892,-0.000874,1.443393,0.005892,-0.000229,0.515879,0.492683,0.001059
66.220929,2.080878,2.146632,3.079356,2.659187,3.597828,2.602638,2.639131,2.986314,1.269799,2.607569,1.856327,1.884273,3.225001,3.280892,3.716514,3.427853,0.321292,0.000415,1.459179,0.002992,0.066781,0.001059,0.000415,1.730120,0.005892,-0.000551,1.596743,0.006214,-0.000874,0.585467,0.557761,0.001382
66.064239,2.075946,2.143016,3.090863,2.864340,3.632020,2.750256,2.687790,3.011958,1.321087,2.632227,1.898739,1.958904,3.273659,3.305221,3.733610,3.478484,0.402155,0.000737,1.539720,0.006536,0.172773,0.000093,-0.001518,1.754927,0.006536,0.000093,1.913432,0.007503,0.000093,0.598998,0.573547,0.001382
66.142719,2.074303,2.211400,3.180617,2.943902,3.682650,2.879792,2.765708,3.038259,1.357581,2.634857,2.000658,2.113426,3.327907,3.339085,3.752679,3.519580,0.464655,0.001059,1.587723,0.006536,0.220454,0.001059,-0.001518,1.701125,0.006536,0.000737,2.110597,0.007503,-0.000551,0.616717,0.595132,0.001704
66.860885,1.892821,2.240332,3.203631,3.000780,3.742487,2.923518,2.893929,3.076397,1.569967,2.788722,2.175564,2.200222,3.351578,3.364400,3.774377,3.532073,0.528444,0.002026,1.601254,0.006858,0.246227,0.000737,-0.000874,1.665042,0.006536,-0.000229,2.180185,0.008791,-0.000229,0.658276,0.622838,0.001704
67.543924,1.875067,2.254798,3.243741,3.070479,3.780295,2.991245,2.934039,3.132288,1.617968,2.781818,2.235401,2.275182,3.393332,3.378866,3.796076,3.576786,0.443714,0.003959,1.486241,0.004925,0.215621,0.000415,0.000093,1.653122,0.006858,-0.000874,2.178574,0.008469,-0.000551,0.584178,0.558083,0.002026
68.094527,1.843834,2.334689,3.217111,3.161220,3.809885,3.038259,3.015246,3.143795,1.674188,2.855792,2.314306,2.364936,3.450867,3.426867,3.822049,3.601115,0.419874,0.004603,1.427607,0.004925,0.247838,0.000737,-0.000229,1.631859,0.007503,0.001059,2.194360,0.008469,-0.000874,0.593521,0.566459,0.002026
68.540790,1.653146,2.403403,3.267413,3.193439,3.846707,3.138206,3.094479,3.178973,1.905972,2.879134,2.365265,2.548391,3.506429,3.455141,3.851310,3.631691,0.390235,0.000737,1.356730,0.006214,0.258469,0.001059,-0.001196,1.521357,0.006858,-0.000874,2.207247,0.007825,-0.000551,0.570325,0.541652,0.002026
68.625651,1.859944,2.434965,3.243741,3.257550,3.859200,3.164508,3.125713,3.178645,1.704764,2.839682,2.409320,2.602967,3.530430,3.423250,3.846707,3.640239,0.361240,0.002670,1.318070,0.005570,0.278121,0.000415,-0.000874,1.432439,0.006214,-0.000551,2.198870,0.008147,0.000093,0.531021,0.507181,0.001704
67.830746,1.838902,2.434965,3.223686,3.249002,3.856899,3.169768,3.091849,3.177330,1.704764,2.857435,2.420170,2.583898,3.526156,3.447251,3.847693,3.629390,0.334500,0.001059,1.267491,0.003959,0.251060,0.000093,-0.000874,1.320648,0.005248,-0.000229,2.148613,0.008469,-0.001196,0.501060,0.473676,0.001704
67.541561,1.842190,2.508938,3.227960,3.321002,3.857885,3.170425,3.118480,3.169768,1.715942,2.867299,2.453376,2.615460,3.533717,3.457771,3.848680,3.642869,0.318714,0.002026,1.158921,0.003959,0.251060,0.000415,-0.000229,1.297774,0.004281,0.000737,2.121551,0.012980,-0.000874,0.447902,0.422774,0.001382
66.275847,1.973699,2.562857,3.225330,3.380839,3.870707,3.193439,3.206261,3.180946,1.604488,2.944560,2.548719,2.738092,3.537662,3.450867,3.861831,3.657335,0.361562,0.002670,0.941459,0.003637,0.226575,0.000737,0.000415,1.187594,0.005248,-0.000551,2.101254,0.039397,-0.000229,0.340299,0.314204,0.001059
65.361563,1.724161,2.662803,3.316071,3.393332,3.877940,3.193111,3.347633,3.259851,1.873752,2.945546,2.607241,2.789380,3.538649,3.426538,3.860187,3.667527,0.461111,0.001704,0.962078,0.002992,0.318714,0.000737,-0.000551,1.155055,0.004925,0.000415,2.251383,0.313560,0.000737,0.496549,0.471098,0.001704
65.361981,1.730079,2.809435,3.311797,3.395962,3.863803,3.145110,3.460073,3.303249,1.891506,2.996506,2.721653,2.823243,3.537662,3.399907,3.858543,3.687582,0.494294,0.002348,0.885403,0.002992,0.351253,0.001382,-0.000551,1.126060,0.005248,-0.000874,2.361886,0.483341,0.000737,0.538753,0.514591,0.001382
66.570799,1.763942,2.913655,3.300947,3.454483,3.858872,3.121439,3.487689,3.343688,1.888218,3.048780,2.785106,2.893600,3.532731,3.360784,3.815803,3.663253,0.531987,0.002026,1.072903,0.004925,0.675673,0.001704,-0.000551,1.019423,0.003637,-0.000551,2.454348,0.808083,0.002992,0.697903,0.689204,0.002992
66.234226,1.899396,2.951464,3.304893,3.576129,3.864789,3.123082,3.513991,3.337770,1.743230,3.085603,2.804832,2.958368,3.538320,3.351578,3.798049,3.642869,0.606085,0.002670,1.537143,0.005892,1.029733,0.004603,0.000093,1.023934,0.004281,-0.000551,2.641204,1.044552,0.003315,0.906988,0.887336,0.002992
66.921536,1.890191,2.961656,3.401223,3.671801,3.848680,3.118808,3.539306,3.370976,1.747175,3.078370,2.802202,3.003410,3.539635,3.330866,3.795748,3.629718,0.689526,0.002670,1.655700,0.006214,1.124127,0.005892,-0.000551,1.281988,0.005248,-0.001196,2.703059,1.109952,0.003959,1.266202,1.242040,0.004603
67.103383,1.822464,2.905436,3.417332,3.718486,3.832570,3.100068,3.539306,3.351249,1.822135,3.066863,2.788394,3.004067,3.533717,3.343688,3.794104,3.633992,0.663109,0.002026,1.758470,0.007825,1.286176,0.006214,-0.001196,1.358985,0.004603,-0.000551,2.694361,1.113173,0.004925,1.298096,1.262014,0.003315
68.012857,1.907944,2.807462,3.373935,3.750706,3.794433,2.996177,3.532073,3.339085,1.751120,3.049438,2.767352,2.970861,3.517607,3.319359,3.759254,3.620184,0.680183,0.002026,1.476898,0.287786,1.116395,0.005570,-0.000551,1.379282,0.006214,0.000093,2.621229,1.077735,0.004281,1.161820,1.135403,0.003637
67.675348,1.705092,2.895244,3.411414,3.832241,3.756624,2.952779,3.578759,3.337441,1.956931,3.021492,2.739407,2.966587,3.522539,3.269714,3.740185,3.607033,0.693392,0.002670,1.371550,0.421485,1.128960,0.005248,-0.000551,1.437272,0.006214,-0.000874,2.639915,1.092555,0.002026,1.237529,1.208534,0.003959
67.710320,1.610077,3.057657,3.407798,3.903256,3.766158,2.925162,3.613937,3.336126,2.056549,2.985985,2.720995,2.965930,3.524840,3.182919,3.707308,3.592896,0.776511,0.003637,1.387336,0.644745,1.295841,0.005892,-0.001196,1.454991,0.006536,-0.000874,2.714657,1.130893,0.004925,1.315815,1.284243,0.003315
68.111558,1.579502,3.068506,3.419634,3.961777,3.766816,2.899518,3.663582,3.383469,2.086796,2.949491,2.749270,2.973820,3.512018,3.161220,3.674760,3.617554,0.842555,0.003315,1.201769,1.121872,1.296163,0.005570,-0.000229,1.478509,0.006214,-0.000874,2.794232,1.171807,0.003959,1.398612,1.361241,0.005570
69.332512,1.523282,3.010314,3.405168,3.970982,3.744459,2.936340,3.667856,3.378209,2.160769,3.084616,2.783791,2.937984,3.493278,3.075739,3.703034,3.584019,0.789397,0.002348,1.228186,1.543586,1.284243,0.418585,0.001382,1.500094,0.005248,-0.000551,2.836436,1.246228,0.026833,1.440815,1.418908,0.005248
68.796612,1.415445,2.941930,3.447908,3.999257,3.702048,2.988286,3.698103,3.383798,2.257757,3.199686,2.771626,2.983026,3.480128,3.057657,3.680349,3.580403,0.938882,0.003637,1.460468,1.760726,1.498805,0.653766,0.003315,1.764914,0.006858,-0.000551,2.862209,1.314849,0.122838,1.635403,1.597388,0.005248
67.761482,1.183332,2.981053,3.502155,4.053504,3.702377,2.953108,3.695472,3.460730,2.470801,3.147411,2.777873,2.987629,3.481443,2.939957,3.678705,3.572841,1.116717,0.004281,1.781344,1.727865,1.656666,0.792941,0.505248,1.974321,0.008147,-0.000874,2.923421,1.455957,0.130892,1.741718,1.718522,0.005892
67.614035,1.000535,2.987300,3.495251,4.053504,3.671143,3.040232,3.705993,3.479799,2.672009,3.219741,2.810092,3.055027,3.468621,2.977108,3.683966,3.521224,1.167942,0.004281,1.866718,1.689849,1.754282,1.201125,1.089978,2.240430,0.008791,-0.000229,2.928575,1.446614,0.261047,1.945648,1.925352,0.006858
67.595676,0.886122,3.068178,3.485388,4.071915,3.630047,3.047465,3.712897,3.459086,2.836723,3.215138,2.848559,3.097438,3.487032,2.918258,3.673445,3.526813,1.356408,0.005892,1.886692,1.969167,1.785854,1.585468,1.439849,2.405056,0.010080,0.001059,2.952738,1.579669,0.248482,2.348355,2.300675,0.008147
67.838718,0.576090,3.070479,3.487689,4.082764,3.612622,3.011300,3.696130,3.473552,3.147411,3.235193,2.874532,3.069164,3.473223,2.924834,3.667198,3.492950,1.388947,0.006536,1.696615,2.289399,1.712079,1.795519,1.533599,2.532634,0.011691,0.041652,3.002351,1.685017,0.285531,2.409244,2.352865,0.009758
65.591812,0.383758,3.085274,3.448237,4.125505,3.604732,3.047465,3.703692,3.465333,3.342701,3.252618,2.908395,3.075739,3.471580,2.915299,3.652732,3.471908,1.513947,0.006536,2.085468,2.365430,1.876061,1.858019,1.530055,2.581281,0.010724,0.231085,3.050032,1.870262,0.440170,2.427930,2.384438,0.008147
62.160250,0.170385,3.219741,3.385770,4.110381,3.584677,3.034643,3.740185,3.465990,3.488018,3.339085,2.931738,3.092178,3.478813,2.906094,3.642869,3.453497,1.569359,0.680828,2.368652,2.527801,2.119296,2.210791,1.876383,2.607054,0.011691,0.621872,3.106733,1.981731,0.636047,2.508471,2.474966,0.008791
59.848840,0.031643,3.182261,3.339742,4.126162,3.592238,3.048123,3.761884,3.467306,3.571197,3.383798,2.953765,3.097767,3.484402,2.898532,3.644184,3.435086,1.640558,1.002026,2.508794,2.756217,2.384760,2.473678,2.290688,2.926964,0.012013,0.788753,3.180831,2.111241,0.942426,2.668588,2.620263,0.009436
59.906865,-0.168908,3.200344,3.201330,4.148847,3.574156,3.061273,3.792460,3.474538,3.774049,3.481114,3.007684,3.122754,3.485059,2.920231,3.633335,3.440018,1.623805,1.347710,2.582892,2.861887,2.433085,2.599000,2.464335,2.963691,0.012980,0.906021,3.234310,2.300030,1.061627,2.687273,2.648291,0.010080
65.903637,-0.145894,3.407798,3.299632,4.146217,3.693171,3.279906,3.894708,3.587636,3.857885,3.621170,3.196727,3.181932,3.597170,3.061931,3.723418,3.523525,1.798741,1.704347,2.688562,3.162145,2.453059,2.754928,2.827093,3.081604,0.015235,1.070970,3.247841,2.551319,1.292942,2.776513,2.750740,0.012013
69.311759,0.032630,3.673445,3.462374,4.201451,3.878269,3.414373,4.070271,3.821720,3.924626,3.801994,3.507087,3.432456,3.825008,3.247687,3.897995,3.703034,2.421165,1.896357,3.069684,3.518460,2.773936,3.188241,3.398937,3.299388,0.582245,1.610919,3.459182,2.849000,2.094489,2.997841,2.956281,0.691137
64.654897,0.132248,3.957503,3.797063,4.281013,4.049230,3.633335,4.239588,4.030161,3.985777,3.970982,3.749391,3.631033,4.048572,3.582704,4.145888,3.965393,2.937596,2.535855,3.255573,3.705639,3.147003,3.569363,3.794556,3.460793,1.609952,2.175997,3.491721,3.001062,2.488497,3.332893,3.283602,1.870906
55.274891,0.125672,4.063696,4.010764,4.360247,4.117943,3.724404,4.274109,4.096902,4.049230,4.052846,3.862159,3.750706,4.102491,3.705664,4.233341,4.084737,3.059374,2.987209,3.262017,3.794234,3.259761,3.744943,4.016529,3.607378,2.162466,2.410855,3.644749,3.083215,2.725933,3.404414,3.341914,2.013947
29.603728,0.066164,4.068956,4.036079,4.367809,4.154108,3.754322,4.288246,4.105450,4.098545,4.072573,3.855255,3.816460,4.120244,3.767145,4.271479,4.122217,3.002995,2.966269,3.143460,3.850935,3.190174,3.824518,4.019750,3.624131,2.189850,2.432762,3.721747,3.193717,2.887338,3.327094,3.264916,2.109308
-15.007516,-0.066989,4.004517,4.046600,4.328685,4.126820,3.672459,4.243533,4.048901,4.156409,4.109724,3.844406,3.838817,4.107094,3.677719,4.300411,4.191916,2.978833,2.365108,3.150869,3.922134,3.363177,3.776837,3.992688,3.672456,2.329347,2.467879,3.880252,3.541978,3.213047,3.577739,3.588692,3.172777
-25.546024,-0.034111,3.832899,3.935804,4.070600,3.796076,3.230262,4.101504,3.888461,3.945996,3.993339,3.700075,3.505443,3.785884,3.274317,4.286274,4.365836,3.202094,3.777159,3.687275,4.013951,3.959505,3.929544,3.385728,3.358344,2.452415,3.130251,4.251710,4.073552,3.897327,4.253965,4.192431,3.879286
-31.114648,0.090165,3.786871,3.910160,3.899639,3.615252,2.853490,4.105121,3.940407,3.863474,3.886488,3.603088,3.444292,3.629718,3.084616,4.248794,4.425344,2.837724,3.816786,3.660858,3.971103,3.983668,3.804866,3.055831,2.040687,2.093522,3.191140,4.273295,4.170846,3.891850,4.326130,4.252354,4.017173
-33.659966,0.069452,3.803309,3.946653,3.932845,3.593225,2.761763,4.119587,3.964407,3.886160,3.903584,3.601773,3.381825,3.600129,3.094151,4.237616,4.429618,2.795521,3.763951,3.652159,3.946296,3.981413,3.775871,2.928897,1.749128,1.842878,3.200805,4.267818,4.194364,3.908281,4.321620,4.245589,4.038758
-35.045433,0.079315,3.841775,3.969339,4.006161,3.623143,2.707516,4.127806,3.972297,3.903256,3.887146,3.575142,3.378537,3.610978,3.105658,4.238602,4.434220,2.776191,3.716914,3.631541,3.916657,3.955639,3.703706,2.891204,1.624450,1.439205,3.163434,4.252032,4.185988,3.829350,4.306156,4.231735,4.060665
-36.900816,0.069781,3.835200,3.987421,3.998270,3.592238,2.604282,4.111696,3.973284,3.888132,3.871365,3.554759,3.306208,3.601773,3.104014,4.224465,4.429618,2.768459,3.641528,3.602546,3.896361,3.932121,3.655703,2.897325,1.594166,1.306473,3.104155,4.247199,4.183733,3.810665,4.292625,4.217560,4.056155
-37.832013,0.072082,3.817446,3.991037,4.013394,3.574156,2.564172,4.093943,3.967366,3.885173,3.860515,3.507416,3.245385,3.539964,3.031355,4.212629,4.419097,2.706281,3.593847,3.580961,3.882185,3.902160,3.627675,2.810985,1.729798,1.070970,2.986887,4.220782,4.159892,3.770394,4.279416,4.203707,4.035536
-36.828098,0.087206,3.785556,3.960133,4.038380,3.525498,2.416882,4.062381,3.944352,3.858543,3.851639,3.488018,3.219084,3.529443,3.030369,4.190930,4.403973,2.685985,3.483666,3.561953,3.827417,3.867366,3.537146,2.614142,1.811950,0.572902,2.753639,4.192431,4.117366,3.710471,4.247844,4.171813,4.020072
-37.241392,0.105946,3.730322,3.950599,3.992024,3.493278,2.237044,4.024901,3.888132,3.798707,3.787200,3.452511,3.205604,3.482100,2.980396,4.154765,4.381288,2.618652,3.355122,3.540368,3.789402,3.835794,3.465947,2.616075,1.870584,0.390557,2.666977,4.165691,4.061954,3.619298,4.213372,4.138307,3.975936
-38.442876,0.091809,3.653390,3.908187,3.966380,3.366702,1.889204,3.982489,3.852296,3.748076,3.738213,3.435415,3.124397,3.422264,2.909052,4.135368,4.354658,2.627995,3.297455,3.497197,3.707572,3.764917,3.305187,2.444038,2.019746,0.009436,2.438239,4.119622,3.990755,3.459826,4.163114,4.088694,3.911180
-38.935219,0.084576,3.583690,3.842104,3.933174,3.279249,1.588707,3.945667,3.805611,3.710596,3.680020,3.388729,3.085603,3.415688,2.884723,4.122875,4.339534,2.484953,3.215625,3.480767,3.656347,3.713693,3.215947,2.312917,2.166010,0.009758,2.316461,4.071619,3.938887,3.332571,4.115756,4.039725,3.849647
-39.745960,0.054000,3.544238,3.792460,3.936790,3.228289,1.347060,3.894708,3.779967,3.675417,3.656349,3.335140,3.058972,3.420620,2.851189,4.108737,4.321123,2.527479,3.090947,3.467880,3.590303,3.659247,3.141849,2.281345,2.157955,0.010080,2.220455,4.047457,3.859312,3.219813,4.046490,3.973036,3.758474
-41.162438,0.036246,3.504128,3.744788,3.878269,3.184891,1.094235,3.852296,3.759583,3.647801,3.609335,3.282865,3.006040,3.412730,2.753215,4.086710,4.301397,2.600933,2.966269,3.456282,3.498486,3.600613,3.057119,2.243007,2.166010,0.009114,2.170198,4.020717,3.807443,3.117364,3.990755,3.917302,3.673744
-40.984162,0.039205,3.453826,3.703034,3.869721,3.157603,0.977521,3.840460,3.712240,3.604074,3.580403,3.207905,2.920231,3.401880,2.817325,4.084080,4.296465,2.647647,2.840624,3.470780,3.427610,3.575484,2.993975,2.118973,2.135404,0.008469,2.060017,3.986889,3.752997,3.040367,3.926644,3.852224,3.601257
-41.281945,0.022766,3.429497,3.661938,3.845392,3.132288,0.562939,3.796076,3.636951,3.548183,3.542265,3.175357,2.845928,3.374592,2.810421,4.084737,4.293835,2.714335,2.706281,3.475612,3.354800,3.570973,2.974645,2.013947,2.020713,0.008469,1.993329,3.969492,3.722069,2.967235,3.839015,3.767172,3.507829
-42.171934,0.029999,3.415031,3.656349,3.802981,3.114206,0.463650,3.764843,3.580074,3.497224,3.520566,3.107630,2.771626,3.322646,2.806147,4.079806,4.279369,2.808407,2.635727,3.503641,3.327738,3.557442,2.977222,1.991074,2.080958,0.009114,1.981409,3.973358,3.709505,2.810340,3.788757,3.719814,3.407313
-43.912515,0.015533,3.351907,3.642869,3.768788,3.073438,0.372580,3.705007,3.530758,3.457442,3.497881,3.034972,2.695351,3.274646,2.747297,4.056463,4.275753,2.939851,2.574193,3.504607,3.270071,3.534569,2.964013,1.854153,2.039721,0.009436,1.936950,3.953384,3.679221,2.686307,3.732701,3.661180,3.392171
-44.450893,-0.059756,3.300947,3.642869,3.756953,2.996177,0.129617,3.677390,3.498210,3.453826,3.445935,2.955409,2.582583,3.230919,2.715078,4.054819,4.263917,3.009761,2.332247,3.514594,3.129929,3.523615,2.909245,1.658921,2.012015,0.009436,1.891847,3.929222,3.634118,2.443072,3.651515,3.584182,3.305831
-44.632607,-0.071920,3.302263,3.642212,3.735583,2.995190,0.125015,3.672787,3.514320,3.443634,3.442976,2.967574,2.558911,3.238481,2.745653,4.050216,4.257671,3.028124,2.226577,3.511051,3.109632,3.509762,2.912789,1.639269,2.008793,0.008469,1.895068,3.943075,3.631863,2.432762,3.631863,3.565497,3.277158
-46.024096,-0.036741,3.333496,3.643527,3.729336,3.003410,0.123700,3.674760,3.512018,3.438702,3.435744,2.959683,2.564500,3.255248,2.763407,4.057449,4.273123,3.039078,2.319682,3.519427,3.119297,3.529092,2.927931,1.692104,2.013625,0.008147,1.939527,3.976258,3.662468,2.431474,3.637984,3.573873,3.265883
-47.735831,-0.028851,3.322975,3.643527,3.721445,2.985656,0.124686,3.684952,3.524183,3.444620,3.453168,2.943573,2.493815,3.238481,2.723954,4.072244,4.296794,3.045199,2.356087,3.543911,3.164400,3.560020,2.965302,1.678896,2.012981,0.007825,2.114141,4.019750,3.686309,2.605765,3.664079,3.598680,3.309697
-49.247340,-0.016686,3.296673,3.640239,3.716185,2.980396,0.122713,3.681335,3.516292,3.436072,3.450867,2.952450,2.515514,3.224344,2.754201,4.077175,4.303041,3.072583,2.445649,3.547133,3.215947,3.583216,2.996874,1.780378,1.998806,0.008147,2.173097,4.031670,3.684698,2.706281,3.680510,3.614788,3.292622
-49.572975,0.019150,3.283523,3.620513,3.713226,2.951464,0.124686,3.664897,3.510703,3.400565,3.432785,2.952121,2.483952,3.206590,2.715735,4.082436,4.318164,3.124452,2.415043,3.561953,3.241076,3.597069,3.009439,1.826447,1.980120,0.007825,2.174708,4.032959,3.677932,2.795521,3.672456,3.604479,3.264594
-50.286359,0.014876,3.215467,3.608677,3.662267,2.900833,0.102987,3.614924,3.465004,3.356839,3.396949,2.916614,2.361649,3.118151,2.632227,4.057449,4.311260,3.120908,2.247195,3.545844,3.103833,3.553899,2.964336,1.664720,1.920842,0.008147,2.140558,4.011696,3.643783,2.611242,3.598680,3.528448,3.195006
-49.024223,-0.068632,3.070150,3.529443,3.613937,2.714091,0.143097,3.560019,3.447579,3.331523,3.323304,2.863025,2.162085,3.056671,2.576994,4.027531,4.303370,3.118331,1.916009,3.519749,2.993653,3.499775,2.911178,1.475931,1.886048,0.007181,2.094167,3.985923,3.618654,2.386693,3.488821,3.415690,3.113498
-51.341086,-0.081126,3.015903,3.517279,3.596184,2.726913,0.134878,3.532073,3.407140,3.303906,3.280892,2.847572,2.022685,3.028725,2.518144,4.004517,4.292520,3.090302,1.730120,3.497520,2.827415,3.459182,2.823871,1.303251,1.831602,0.008147,2.027801,3.950485,3.569363,2.284889,3.362532,3.298099,3.051320
-51.727070,-0.060742,2.948505,3.506758,3.546539,2.818312,0.123371,3.486374,3.389387,3.274317,3.249988,2.835408,1.994082,3.010314,2.542473,3.982489,4.277726,3.102867,1.730442,3.476901,2.710469,3.436952,2.776513,1.235918,1.790687,0.007825,1.979154,3.933732,3.536824,2.251383,3.339981,3.275225,3.026191
-52.649209,-0.054824,2.906751,3.482100,3.531087,2.864340,0.124357,3.477826,3.388401,3.255248,3.219084,2.822914,1.979945,2.998478,2.612501,3.983476,4.275095,3.089980,1.588045,3.477545,2.651835,3.385406,2.613819,1.196292,1.778445,0.008147,1.895713,3.908603,3.492043,2.062594,3.316140,3.251063,2.954348
-54.663400,-0.053838,2.853490,3.466319,3.484402,2.864340,0.098055,3.436401,3.347962,3.209549,3.194426,2.789380,1.932931,2.960670,2.613487,3.987092,4.274438,3.106411,1.495906,3.479478,2.634116,3.389272,2.575804,1.172130,1.766847,0.007181,1.890558,3.900227,3.485599,2.023935,3.294555,3.226900,2.911500
-55.733173,-0.063701,2.772941,3.449881,3.461059,2.818312,0.096740,3.411086,3.317386,3.184563,3.175686,2.746311,1.720216,2.951793,2.643405,3.976243,4.268849,3.176643,1.488174,3.483344,2.635405,3.406669,2.601255,1.160532,1.755893,0.006858,1.905056,3.907959,3.483022,1.950803,3.249774,3.187596,2.868652
-56.182576,-0.073235,2.611843,3.384126,3.425552,2.739407,0.095754,3.376894,3.288454,3.125055,3.133274,2.651625,1.488103,2.918258,2.572391,3.950599,4.256355,3.152802,1.340300,3.483022,2.593845,3.379607,2.537144,1.064849,1.728187,0.006536,1.909244,3.899582,3.467236,1.812272,3.189207,3.127996,2.829348
-55.516768,-0.069947,2.557267,3.384784,3.397935,2.656228,0.092466,3.354208,3.269385,3.038588,3.081328,2.649652,1.360869,2.859737,2.515185,3.944681,4.244191,3.147326,1.202735,3.497197,2.560984,3.340625,2.439206,0.886691,1.656022,0.005892,1.843200,3.881541,3.446940,1.671808,3.120264,3.063563,2.744619
-55.797236,-0.088688,2.479677,3.390044,3.383140,2.701598,0.092795,3.337441,3.235851,3.044177,3.031355,2.617104,1.333580,2.857107,2.514856,3.938763,4.241561,3.170844,1.076124,3.509440,2.526835,3.370909,2.459180,0.839333,1.624450,0.006536,1.883793,3.876386,3.433409,1.565493,3.022003,2.956926,2.685018
-55.138783,-0.066002,2.436937,3.353880,3.390044,2.740722,0.090494,3.313770,3.161877,2.964944,3.010643,2.598364,1.235278,2.859079,2.540171,3.930872,4.233670,3.135083,1.057761,3.514917,2.496551,3.397004,2.530379,0.831601,1.609630,0.006214,1.925030,3.904415,3.437275,1.474321,2.939207,2.878317,2.623162
-54.409927,-0.022933,2.397485,3.337770,3.345989,2.753544,0.090494,3.258865,3.156946,2.864668,2.987629,2.559240,1.284922,2.873216,2.535240,3.925612,4.223478,3.175998,1.063238,3.538435,2.521358,3.452094,2.583858,0.843521,1.629926,0.006858,1.959502,3.929222,3.434053,1.405377,2.903446,2.839980,2.559051
-55.328131,0.082274,2.359676,3.270043,3.298317,2.710804,0.087535,3.206590,3.150042,2.734475,2.956724,2.540829,1.140592,2.891299,2.586857,3.904571,4.209999,3.201127,1.039075,3.567107,2.496873,3.522649,2.678897,0.847709,1.548741,0.006214,1.992685,3.922134,3.411824,1.189849,2.807441,2.746552,2.376706
-56.726643,0.119097,2.316936,3.209220,3.272016,2.659844,0.087206,3.190809,3.108616,2.646036,2.927135,2.510582,1.054782,2.889984,2.676940,3.903584,4.205067,3.217558,1.045841,3.590625,2.484309,3.570007,2.772325,0.802606,1.509437,0.005570,1.978187,3.923423,3.415367,0.935016,2.750418,2.694683,2.289077
-57.384859,0.043479,2.280442,3.151685,3.250646,2.482308,0.085891,3.101055,3.045821,2.602967,2.889655,2.424773,0.977521,2.816997,2.809764,3.894708,4.201122,3.195006,0.931794,3.602868,2.481087,3.587726,2.812273,0.693392,1.470455,0.006214,1.981409,3.903771,3.406669,0.823225,2.698549,2.612531,2.253961
-57.193479,-0.061399,2.243291,3.089877,3.159576,2.288333,0.081945,3.009656,2.929108,2.573377,2.807462,2.340279,0.951876,2.847244,2.818969,3.873337,4.183040,3.172454,0.733985,3.600613,2.450804,3.601257,2.814206,0.598031,1.409565,0.004603,1.932118,3.877353,3.383151,0.699836,2.536500,2.474966,2.180829
-58.510966,-0.055810,2.234085,3.005382,3.089548,2.259401,0.079315,2.906422,2.827189,2.473431,2.762421,2.333703,0.952863,2.894915,2.921546,3.836515,4.161012,3.163756,0.585467,3.629930,2.419232,3.616077,2.844168,0.551317,1.249127,0.004603,1.937916,3.839337,3.381862,0.473676,2.544232,2.492041,2.474322
-58.136811,-0.081455,2.185099,2.901820,3.034972,2.143673,0.078329,2.816010,2.761434,2.377430,2.685159,2.230140,0.950233,2.930423,2.910039,3.799364,4.128464,3.171166,0.473031,3.654736,2.376384,3.627997,2.891204,0.485596,1.165042,0.004925,1.925674,3.803899,3.362532,0.288109,2.492363,2.432118,2.528768
-58.522882,-0.083098,2.129865,2.867299,2.925820,2.019069,0.075041,2.724283,2.684502,2.301155,2.648995,2.185756,0.922287,2.936340,2.889984,3.772076,4.081449,3.136050,0.284565,3.680832,2.307440,3.616721,2.943073,0.204023,1.096421,0.003637,1.895713,3.771360,3.334182,0.259758,2.432762,2.382827,2.485275
-59.410878,-0.141620,2.024658,2.745982,2.835079,1.912876,0.072082,2.643077,2.481321,2.227839,2.560884,2.099289,0.912095,2.927464,2.846586,3.720788,4.034435,3.089980,0.074513,3.706927,2.251061,3.622520,2.934052,0.128959,0.981086,0.002670,1.919553,3.742043,3.310341,0.373482,2.352543,2.305185,2.440817
-59.631435,-0.049235,1.884930,2.587186,2.692064,1.788929,0.067479,2.503349,2.259730,2.087782,2.404718,1.944438,0.757572,2.851518,2.848559,3.665554,3.964736,3.103833,0.024900,3.734956,2.185662,3.660213,3.002029,0.015557,0.870261,0.002992,1.981087,3.726257,3.271037,0.304217,2.309695,2.262981,2.357376
-61.265239,0.126001,1.779395,2.461595,2.499075,1.570296,0.061890,2.293922,2.035836,1.802737,2.335347,1.661037,0.535980,2.766695,2.815024,3.596512,3.870050,3.106411,0.013624,3.704350,2.078703,3.704028,3.016204,0.013302,0.626382,0.002670,2.000739,3.707894,3.259439,0.155054,2.301641,2.252350,2.230443
-63.659820,0.288414,1.584104,2.302470,2.264990,1.068590,0.054329,1.792874,1.663338,1.519336,2.186085,1.351005,0.000410,2.499075,2.718365,3.529443,3.754651,3.111243,0.013624,3.682765,1.964012,3.774582,3.075160,0.013302,0.321292,0.000737,2.024257,3.689853,3.257506,0.061949,2.257182,2.203381,2.068071
-65.410076,0.355484,1.262566,2.091727,2.097317,0.757572,0.048082,1.615338,1.436157,1.401965,2.053590,1.212593,0.000410,2.346525,2.640118,3.427195,3.695801,3.118331,0.013946,3.705639,1.932440,3.839660,3.192751,0.013624,0.224964,0.000737,2.111886,3.702095,3.280380,0.020067,2.218200,2.171809,1.992685
-68.720131,0.414663,0.993631,2.027288,1.944109,0.562282,0.044794,1.530186,1.349690,1.326676,2.008220,1.078454,0.001396,2.175235,2.720995,3.383469,3.668185,3.118331,0.013302,3.713371,1.927285,3.869299,3.272648,0.014268,0.219487,0.000415,2.199837,3.697585,3.291656,0.013946,2.176963,2.132504,1.905056
-72.907770,0.672749,0.356142,1.891177,1.878355,0.589899,0.040849,1.449308,1.257305,1.138290,1.919780,0.948589,0.000410,2.100604,2.702256,3.347304,3.661938,3.121230,0.166652,3.729479,1.977865,3.913113,3.378963,0.014913,0.207889,0.000415,2.388304,3.749131,3.307120,0.013946,2.242685,2.190494,1.808406
-75.831415,0.809189,0.044465,1.822793,1.863560,0.294004,0.037890,1.438130,1.309251,1.023220,1.851396,0.970288,0.000410,2.023343,2.712447,3.352893,3.726377,3.164723,0.439526,3.801322,2.094489,3.969815,3.467558,0.014590,0.204346,0.000415,2.488497,3.788435,3.306475,0.014590,2.275224,2.241074,1.817749
-74.513339,0.807217,0.038219,1.769203,1.795833,0.550775,0.036904,1.418404,1.287881,0.905191,1.711668,0.912095,0.001067,2.027617,2.658200,3.314427,3.777008,3.192429,0.519423,3.854801,2.122517,4.010085,3.520071,0.014913,0.225931,0.000737,2.620263,3.828062,3.326127,0.013946,2.355765,2.307440,1.934373
-63.644179,0.910122,0.038876,1.664325,1.766901,1.104098,0.039205,1.415116,1.321416,0.849957,1.764271,1.077796,0.000410,2.054576,2.506965,3.335468,3.854269,3.217880,0.541330,3.845781,1.978831,3.996554,3.486566,0.015235,0.214655,0.001059,2.697260,3.838371,3.263627,0.012657,2.441461,2.388304,1.911499
-39.535434,0.798669,0.047096,2.009863,1.708051,1.759668,0.046109,1.882300,1.733695,1.051494,1.699503,0.609954,0.129946,2.324169,3.027081,3.427524,3.822049,3.114465,0.532954,3.747520,1.727865,3.896683,3.451450,0.015235,0.372194,0.001704,2.493330,3.691463,2.966591,0.012013,2.415688,2.374128,1.003315
7.638853,1.303991,1.056755,2.613816,2.046357,2.684173,0.067151,2.601980,2.826202,1.285251,2.232770,0.734887,1.053138,2.842312,3.400894,3.648458,3.607033,2.617685,0.011369,3.402481,0.887980,3.263627,2.487208,0.010402,2.235919,0.009114,1.207246,3.158601,2.002672,0.008469,2.593845,2.512015,0.009436
26.871466,1.752764,1.394074,3.033657,2.102906,3.157275,0.498171,2.379402,2.986971,1.090289,2.266305,1.153742,1.574899,2.872559,3.237166,3.519909,3.322646,1.359630,0.005570,2.618652,0.010724,0.839011,0.003315,-0.000874,1.970455,0.007825,-0.000229,2.040687,0.008791,-0.000551,1.183728,1.072258,0.003315
33.015839,2.413594,1.356923,3.074096,1.531172,3.305221,0.554391,1.771833,3.162206,0.849628,2.096001,0.739819,1.277032,2.693379,3.150042,3.492950,3.322975,0.583534,0.001704,2.226577,0.008791,-0.000229,-0.000551,-0.000229,1.103831,0.003315,-0.000229,0.722065,0.002992,-0.000874,0.000093,-0.018593,-0.001196
38.505786,2.894258,1.370732,3.058643,1.209634,3.279577,0.634283,2.014795,3.180617,0.397567,2.053261,0.685571,1.288868,2.704886,3.091849,3.476840,3.325605,0.517812,0.001382,2.328381,0.009114,0.116717,0.000737,0.000093,2.137659,0.007503,-0.000551,0.666330,0.003315,0.000093,0.000093,-0.018593,-0.000874
42.922698,2.731845,1.391773,3.050424,1.207990,3.338427,0.835162,2.174249,3.163192,0.528089,2.117372,0.784860,1.431226,2.752557,3.165823,3.499854,3.332181,0.704346,0.002992,2.358664,0.009114,0.115750,-0.000229,-0.000551,2.426319,0.010080,-0.000551,-0.000229,-0.000874,-0.000551,0.000415,-0.018593,-0.000229
45.567038,2.570418,1.426294,3.021821,1.219168,3.318372,0.835491,2.243949,3.073767,0.613570,2.125262,0.840094,1.401307,2.713434,3.122425,3.510375,3.326592,0.602864,0.002348,2.336113,0.009758,-0.000874,-0.000229,-0.000874,2.411177,0.009758,-0.000551,0.000415,0.000737,-0.001196,0.000093,-0.018593,-0.000551
50.398004,2.750256,1.270456,2.963300,1.106728,3.394647,0.914725,2.416553,2.986314,0.312744,2.119344,0.853902,1.351992,2.787407,3.104014,3.469607,3.313770,0.571936,0.001704,2.305829,0.009758,0.070003,0.000737,0.000415,2.342556,0.009114,-0.000874,-0.000229,-0.000229,-0.000551,0.000415,-0.018270,-0.000874
54.216455,2.642748,1.271114,2.934697,1.139934,3.392017,0.918013,2.469814,2.979409,0.400526,2.120659,0.904533,1.327663,2.774256,3.125384,3.483087,3.306865,0.546807,0.002348,2.180507,0.008147,-0.000874,-0.000551,-0.000229,1.915365,0.008147,0.000737,0.603186,0.001704,-0.000874,-0.000551,-0.017626,-0.000551
59.875143,2.664776,1.334567,2.899518,1.043933,3.375250,0.903876,2.564172,2.969218,0.385402,2.092714,0.945959,1.330293,2.748941,3.090205,3.485388,3.288454,0.616073,0.002348,2.223999,0.008791,-0.000229,-0.000551,-0.000874,2.271680,0.009114,-0.000229,-0.000551,-0.000874,-0.001196,-0.000229,-0.017948,0.000093
62.100585,2.632885,1.433198,2.871573,1.075495,3.428839,1.245798,2.690749,2.975793,0.444252,2.269593,1.060700,1.555830,2.736776,3.116836,3.528786,3.317386,0.628959,0.002026,2.141203,0.008791,0.000093,-0.000874,-0.000229,2.062594,0.008469,-0.000229,0.457890,0.002348,-0.000551,-0.000874,-0.017626,-0.000229
60.835236,2.571076,1.455226,2.880121,1.138290,3.448894,1.323389,2.695023,2.956067,0.497842,2.285045,1.062673,1.598570,2.722639,3.022478,3.524183,3.320016,0.649256,0.001704,2.053896,0.008469,-0.000229,0.000093,-0.000551,1.907311,0.007181,-0.001196,0.740428,0.003315,-0.000229,0.000093,-0.017948,-0.000874
62.119520,2.688447,1.439445,2.768339,1.120536,3.448894,1.396705,2.712776,2.938642,0.340360,2.334361,1.158016,1.599557,2.719023,2.992232,3.512676,3.319359,0.734629,0.002348,2.040043,0.008147,-0.000874,0.000415,0.000093,1.880571,0.007181,-0.001196,0.700158,0.002026,-0.000874,-0.000551,-0.018270,-0.000551
63.125092,2.282744,1.496651,2.778530,1.154071,3.442319,1.453253,2.733818,2.956724,0.771709,2.310689,1.192209,1.541035,2.675954,2.942258,3.528128,3.324290,0.751382,0.002026,1.827736,0.007181,-0.000874,-0.000874,-0.000229,1.859630,0.007825,-0.000551,0.584500,0.002026,-0.000874,-0.000874,-0.017626,-0.000229
61.308913,2.424115,1.494679,2.703242,1.120536,3.438702,1.507501,2.685817,2.924834,0.612913,2.325813,1.226730,1.613694,2.604611,2.922861,3.524840,3.334811,0.745583,0.002670,1.439527,0.005570,-0.000551,-0.000229,0.000093,1.752349,0.006214,-0.000874,0.626382,0.001704,-0.000551,0.000737,-0.017626,-0.000551
60.868598,2.695023,1.534460,2.704557,1.065303,3.493936,1.637365,2.740393,2.896888,0.310113,2.337977,1.363499,1.615338,2.642419,2.859737,3.518923,3.338427,0.699836,0.002670,1.056795,0.003959,-0.000551,-0.000229,0.000093,1.673741,0.007825,-0.000551,0.760403,0.002026,-0.000874,-0.000551,-0.017626,0.000093
62.233935,2.655570,1.564378,2.683187,1.328320,3.474538,1.806354,2.766695,2.893600,0.385731,2.370197,1.547282,1.696216,2.670036,2.804503,3.528457,3.332181,0.667297,0.003315,0.875093,0.003315,-0.000874,-0.000874,-0.000229,1.606408,0.007181,0.000737,0.863818,0.002992,-0.001840,-0.000551,-0.017626,-0.000551
64.796862,2.563185,1.580488,2.708173,1.376650,3.518265,1.945424,2.849216,2.943573,0.565569,2.464554,1.684709,1.776765,2.771297,2.786750,3.521553,3.373606,0.690493,0.002348,0.721743,0.003315,-0.000551,-0.000551,-0.001196,1.574514,0.005892,0.000093,0.897967,0.003315,-0.000229,-0.000551,-0.016660,-0.000229
63.982212,2.400772,1.614680,2.824230,2.011836,3.556074,2.158468,2.982697,3.076397,0.822669,2.664118,1.895780,1.952986,2.861381,2.808120,3.537334,3.444620,0.621872,0.002348,0.110273,0.000737,-0.000229,0.000093,-0.000551,1.245261,0.004925,-0.000551,0.846743,0.002992,0.000093,-0.000551,-0.017304,-0.000551
62.854123,2.401430,1.846464,2.961327,2.367238,3.638266,2.570418,3.123411,3.120781,1.031768,2.840011,2.255127,2.030905,3.025437,2.894587,3.586978,3.513991,0.576446,0.002026,-0.000874,-0.000551,-0.001196,-0.000551,-0.000551,0.965622,0.003959,-0.000551,0.877993,0.002670,-0.000874,0.172773,0.128637,0.000737
61.079357,2.550363,2.104878,2.970204,2.428389,3.683637,2.814366,3.265440,3.143795,0.971932,3.079685,2.392224,2.269593,3.131959,2.952121,3.581718,3.561334,0.678895,0.002992,0.343199,0.001382,-0.001196,-0.001196,-0.001196,0.820970,0.003315,0.000415,1.045841,0.003637,-0.000551,0.456923,0.425029,0.001059
61.592211,2.875518,2.119344,2.956396,2.427074,3.685938,2.813380,3.253604,3.159576,0.650393,3.104671,2.425430,2.320881,3.153658,2.969218,3.561334,3.549827,1.179862,0.004603,1.054217,0.004281,-0.000551,0.000093,-0.000229,1.455635,0.005892,0.000093,1.537465,0.006536,-0.000874,0.663431,0.642168,0.001382
61.717309,3.333167,1.988493,2.969218,2.444499,3.681335,2.817325,3.247029,3.163850,0.208194,3.092835,2.419841,2.161098,3.129000,2.985327,3.550156,3.525498,1.253960,0.003959,1.153444,0.003959,-0.000551,-0.000229,-0.000551,1.317426,0.005248,-0.000551,1.812272,0.006858,-0.000229,0.777155,0.769101,0.002670
62.707349,3.465990,2.172605,2.968231,2.442855,3.708623,2.854477,3.249002,3.191467,0.090822,3.108616,2.428718,2.151235,3.136562,3.019848,3.567581,3.538978,1.371550,0.005892,1.302607,0.005248,-0.000874,-0.000551,-0.000551,1.286176,0.005570,-0.000229,1.944038,0.007503,-0.000874,0.880570,0.863173,0.003959
61.401226,3.499525,2.151564,2.980725,2.507952,3.736240,2.921546,3.281221,3.188508,0.092795,3.119137,2.450088,2.254798,3.216453,3.043191,3.603088,3.545224,1.407632,0.005570,1.420841,0.006214,-0.001196,-0.000874,-0.000551,1.265880,0.003959,0.000093,2.135082,0.041008,-0.000551,0.971421,0.944681,0.003315
60.128286,3.128014,2.289977,3.025766,2.531295,3.766816,3.046150,3.397606,3.275303,0.489294,3.138535,2.734804,2.454033,3.310153,3.079027,3.653061,3.606376,1.394746,0.005570,1.729798,0.008147,-0.000551,-0.000551,-0.000551,1.276511,0.004925,-0.000551,2.321938,0.294552,0.000737,1.041975,1.013947,0.003315
60.006247,3.199028,2.437595,3.130644,2.654584,3.799364,3.123740,3.444292,3.333825,0.480417,3.147411,2.777873,2.547733,3.372291,3.142151,3.683308,3.633006,1.469488,0.005892,2.014592,0.007825,0.227541,0.000737,-0.000551,1.322581,0.005570,-0.000229,2.591912,0.593521,0.002348,1.174707,1.173740,0.003637
59.245574,3.638924,2.549706,3.230262,2.985985,3.811857,3.129987,3.494265,3.374592,0.099370,3.171083,2.827517,2.638145,3.455141,3.258207,3.729336,3.658979,1.777156,0.006536,2.449515,0.010402,0.267168,0.001382,-0.000229,1.318715,0.004603,-0.000874,2.847389,0.991717,0.002992,1.577414,1.578058,0.004925
57.967697,3.698431,2.645049,3.372948,3.280235,3.838817,3.121767,3.543580,3.477826,0.102001,3.062589,2.786750,2.644721,3.516292,3.384784,3.787200,3.668513,2.113819,0.008469,2.790366,0.021356,0.387013,0.002026,-0.000229,1.429540,0.005570,-0.000551,3.093846,1.284243,0.004603,1.946293,1.921486,0.006858
58.716830,3.683637,2.663789,3.406483,3.458100,3.809227,3.082644,3.487689,3.450538,0.101014,2.822257,2.514198,2.651625,3.526813,3.409442,3.790158,3.651088,2.486886,0.010080,3.058408,1.006859,0.724964,0.622194,0.002992,1.409888,0.005570,-0.001196,3.156024,1.541009,0.005892,2.206602,2.167943,0.008147
58.853902,3.699418,2.952779,3.479799,3.644842,3.849666,3.101384,3.546211,3.488347,0.101672,2.626638,2.184112,2.601323,3.550156,3.468292,3.837173,3.665554,2.953060,0.012657,3.231733,2.042942,0.937593,0.783598,0.003315,1.535854,0.005892,0.203701,3.210470,2.027801,0.008469,2.418587,2.393136,0.009114
59.545726,3.729665,3.075411,3.550156,3.820734,3.890762,3.165823,3.638924,3.562978,0.104959,2.656885,2.232442,2.614802,3.560348,3.524183,3.913448,3.690212,3.027480,0.097387,3.276836,2.485275,0.955312,0.792297,0.004281,1.629926,0.006214,0.530377,3.233344,2.253639,0.015235,2.531989,2.486242,0.008469
59.677917,3.702705,3.075739,3.480785,3.840789,3.858543,3.129987,3.627417,3.536019,0.105946,2.864340,2.670365,2.672009,3.530758,3.433442,3.904242,3.672787,2.803897,0.012013,2.937274,2.345778,1.229797,0.007181,0.000415,1.427607,0.005248,0.362529,3.173421,2.110919,0.015235,2.439528,2.370907,0.007825
61.865866,3.652404,3.017547,3.472895,3.919365,3.822378,3.107959,3.673116,3.530101,0.106275,3.091520,2.927464,2.941930,3.527799,3.346975,3.892406,3.703034,1.746550,0.006536,1.798097,1.760726,0.692748,0.004281,0.000093,1.259436,0.004603,-0.000229,3.013627,1.738818,0.007181,2.122517,2.084502,0.007503
66.179952,3.594211,2.982368,3.455470,3.952242,3.808570,3.084616,3.698103,3.485717,0.106275,3.119795,2.910039,2.974807,3.548512,3.351249,3.899310,3.695472,1.699514,0.006858,1.644424,1.923741,0.943392,0.597709,0.002670,1.260725,0.004603,-0.000874,2.973034,1.748483,0.271678,2.205636,2.157311,0.007181
70.621577,2.741379,2.851518,3.356181,3.927585,3.753994,3.031684,3.642212,3.420949,0.871985,3.101712,2.814695,2.948834,3.529443,3.294701,3.850324,3.665883,1.554218,0.006214,1.425674,1.897001,0.927606,0.542619,0.002348,1.239140,0.005248,-0.000229,2.944039,1.608986,0.349964,2.151512,2.098355,0.007825
68.732514,1.852053,2.604282,3.068835,3.871036,3.582375,2.932395,3.508402,3.262152,1.594954,2.949163,2.613816,2.716064,3.343359,2.831463,3.637938,3.518265,1.339333,0.005892,0.752671,1.830958,0.941459,0.455957,0.002348,1.212400,0.005892,-0.000229,2.899258,1.253315,0.073224,1.852543,1.802929,0.006536
67.748789,1.533802,2.446143,3.018862,3.899968,3.513005,2.869929,3.478155,3.220070,1.892492,2.941930,2.563185,2.651954,3.318701,2.768339,3.607362,3.508073,1.293264,0.005570,0.833212,2.129605,1.022001,0.804539,0.002992,1.225609,0.004925,-0.000229,2.897969,1.319359,0.303572,1.965945,1.929862,0.007181
68.860172,1.204044,2.589158,3.103356,3.933831,3.525827,2.915628,3.535690,3.304235,2.314963,3.003081,2.591788,2.736776,3.395962,2.804175,3.652075,3.548841,1.452091,0.006858,0.980119,2.444683,1.076447,0.882825,0.003315,1.494295,0.006214,0.000093,2.928575,1.364784,0.448547,2.197260,2.164721,0.008147
71.815824,1.122180,2.787736,3.234865,3.987092,3.563635,2.953437,3.631691,3.341386,2.491184,3.141165,2.739735,2.778530,3.411086,2.840339,3.658650,3.551142,1.512980,0.006536,1.188882,2.568072,1.177929,0.822903,0.002992,1.570326,0.006536,0.000415,2.953704,1.537143,0.514591,2.367363,2.320327,0.008791
72.671478,1.106070,2.802531,3.102699,3.993668,3.482100,2.912669,3.636623,3.379524,2.494143,3.160891,2.752229,2.789380,3.375578,2.754859,3.616896,3.521553,1.222387,0.004925,1.128637,2.492041,1.304540,0.763946,0.002348,1.594488,0.006536,-0.000551,2.951449,1.634437,0.558727,2.346744,2.304863,0.008469
72.335539,1.190565,2.894258,3.271029,4.096573,3.575142,2.948505,3.744788,3.418976,2.493486,3.241440,2.886367,2.885710,3.433113,2.879792,3.663582,3.602102,1.333857,0.005248,1.273290,2.625417,1.355442,1.056795,0.003959,1.953703,0.007825,0.088688,2.982699,1.814205,0.434694,2.444360,2.384760,0.008469
69.855621,1.078454,3.160891,3.391031,4.170546,3.699418,3.141165,3.845063,3.575800,2.725598,3.410099,3.069164,3.046150,3.485059,2.981711,3.764843,3.686596,1.521035,0.635080,1.453058,2.917299,1.400223,1.464011,0.007181,2.077736,0.009114,0.385725,3.017815,1.984308,0.553250,2.502028,2.462080,0.009114
67.520296,0.931164,3.438045,3.511361,4.225451,3.789501,3.313441,3.941722,3.736240,3.011300,3.576786,3.224344,3.131959,3.580074,3.163192,3.904899,3.776021,1.607053,1.065493,1.647646,3.195650,1.436305,1.913754,0.385725,2.139592,0.008791,0.661820,3.067429,2.137015,0.984630,2.804219,2.768137,0.010080
65.945138,0.697407,3.587307,3.573499,4.241890,3.847365,3.355852,3.955201,3.814488,3.296345,3.677390,3.382811,3.212508,3.629061,3.286153,3.989722,3.849666,1.761370,1.379926,1.895391,3.401836,1.652478,2.294554,1.027477,2.246229,0.009758,0.807761,3.078704,2.449193,1.157310,2.989787,2.958214,0.011369
63.979195,0.471541,3.699418,3.708623,4.278383,3.950599,3.441990,4.058435,3.926598,3.588951,3.776679,3.516950,3.307194,3.740514,3.413387,4.087696,3.960133,2.013303,1.957569,2.351899,3.568718,1.833535,2.806797,1.837401,2.352865,0.010402,0.998160,3.128962,2.751062,1.695004,3.102867,3.041011,0.012013
60.540317,0.354826,3.757939,3.744459,4.283315,3.998599,3.474867,4.135368,3.952242,3.725062,3.833227,3.574485,3.369661,3.830269,3.455470,4.109395,3.977887,2.165687,2.244618,2.350610,3.670200,2.021357,2.950805,2.049386,2.484631,0.011369,1.120905,3.168589,2.836758,1.800352,3.168266,3.114143,0.012335
64.152190,0.214441,3.756624,3.675417,4.276082,4.017010,3.482758,4.137012,3.956516,3.826323,3.878927,3.603417,3.415688,3.861502,3.497881,4.119587,3.973613,2.374773,2.615752,2.638626,3.733667,2.204347,3.239465,2.466912,2.701771,0.411176,1.363818,3.137338,2.930508,2.075159,3.253962,3.195973,0.012335
68.589885,0.187153,3.875310,3.765829,4.281342,4.051531,3.528786,4.168245,3.999914,3.897995,3.942051,3.656349,3.513005,3.919694,3.580074,4.165615,3.985448,2.541654,2.891848,2.743008,3.763951,2.396036,3.471424,2.617041,2.835147,0.516846,1.513947,3.125096,2.945006,2.051641,3.298743,3.238176,0.387658
70.081380,0.185509,4.007147,3.940407,4.298767,4.089669,3.620513,4.202108,4.061723,3.945010,3.961448,3.683308,3.552128,3.968352,3.631691,4.197834,4.001887,2.707570,3.081604,2.891204,3.827417,2.613819,3.683731,2.916011,3.000096,0.915686,1.619617,3.155380,2.858665,2.201126,3.343202,3.289401,1.218844
60.147673,0.159536,4.018325,4.012408,4.325397,4.072244,3.645828,4.182711,4.053504,3.957503,3.986106,3.680349,3.571197,3.973284,3.660294,4.169889,3.976900,2.839980,3.270715,3.006861,3.858667,2.831603,3.863822,3.469813,3.255895,1.387336,1.824514,3.285212,2.908923,2.353832,3.454672,3.398293,1.935983
20.884054,-0.002549,3.877283,3.857228,4.267862,3.950927,3.458429,4.083093,3.924626,3.953229,3.966380,3.628732,3.572841,3.866105,3.493607,4.031476,3.853611,2.914722,3.420844,3.241398,3.887340,3.271681,3.933410,3.901193,3.764917,2.023935,2.269747,3.550999,3.102222,2.773936,3.549710,3.506862,2.648613
-6.479111,-0.056139,3.608019,3.660294,4.042983,3.779967,3.172398,4.012736,3.741829,3.773062,3.936461,3.618540,3.438045,3.780624,3.346975,4.081449,3.967695,3.112210,3.434053,3.458215,3.959183,3.607700,3.842881,3.894428,3.544234,2.428252,2.675353,3.701128,3.430187,3.145715,3.878964,3.832250,3.145715
-11.937814,0.155590,3.565937,3.614266,3.846050,3.602102,2.939628,3.928900,3.637280,3.489004,3.820405,3.529114,3.307194,3.616239,3.056671,4.170546,4.177779,2.957570,3.570651,3.503319,3.940497,3.708216,3.746554,3.422777,2.923421,2.344489,2.808407,3.765884,3.675033,3.408280,4.177612,4.115111,3.435019
-16.778135,0.161180,3.554430,3.629390,3.767802,3.402538,2.634857,3.880242,3.633664,3.502813,3.761555,3.544895,3.260509,3.553772,2.988286,4.182711,4.257013,2.850289,3.608022,3.502996,3.913113,3.744943,3.639273,3.127996,2.821938,1.994295,2.987531,4.028771,3.882185,3.427287,4.257509,4.182444,3.704672
-18.520000,0.163152,3.555745,3.738213,3.822049,3.422921,2.543130,3.923639,3.706651,3.565279,3.751692,3.549169,3.272016,3.581718,3.009656,4.187971,4.269506,2.790688,3.533280,3.516205,3.885085,3.805832,3.562275,2.882828,2.205314,1.406022,2.868008,4.139918,3.911825,3.446940,4.246877,4.173423,3.864144
-21.527692,0.180577,3.551142,3.748405,3.822707,3.453168,2.422800,3.908845,3.673774,3.556402,3.708295,3.527471,3.241440,3.604403,3.003410,4.186656,4.262602,2.786178,3.463692,3.525870,3.863500,3.808732,3.526192,2.770392,2.021357,1.194037,2.795199,4.152160,3.949518,3.443074,4.232380,4.158282,3.902482
-22.951351,0.157234,3.549827,3.708295,3.795090,3.369989,2.274524,3.965722,3.681335,3.557718,3.730322,3.513662,3.208234,3.586978,2.988286,4.179752,4.250766,2.781990,3.424388,3.525870,3.820652,3.790690,3.478834,2.669554,2.159566,1.113173,2.738175,4.147650,3.930188,3.392816,4.219815,4.145073,3.877675
-25.703719,0.141453,3.547526,3.692842,3.852954,3.334482,2.064768,3.985448,3.751035,3.565279,3.711253,3.501498,3.197713,3.579745,2.941272,4.166601,4.240246,2.730121,3.387661,3.518138,3.781025,3.772327,3.406347,2.662789,2.206280,0.929539,2.667943,4.156671,3.942108,3.335792,4.204351,4.127676,3.868332
-29.313075,0.143755,3.565608,3.735254,3.841118,3.295358,1.927671,3.980188,3.759912,3.585334,3.699418,3.490977,3.181604,3.574814,2.963957,4.166272,4.237944,2.621874,3.335470,3.505896,3.777804,3.767494,3.365110,2.643459,2.194682,0.465944,2.662144,4.152160,3.946619,3.306475,4.197586,4.125743,3.875098
-34.629784,0.162495,3.584348,3.786871,3.863803,3.331523,1.954959,3.978544,3.803309,3.626431,3.719473,3.500183,3.201330,3.594869,2.981382,4.189286,4.295808,2.747196,3.365754,3.540368,3.799067,3.810020,3.399903,2.679863,2.174386,0.756537,2.706925,4.171168,3.981735,3.390883,4.220782,4.147328,3.939853
-37.725830,0.151974,3.657006,3.864789,3.913776,3.446922,2.070029,4.019640,3.871694,3.720130,3.747090,3.515964,3.218755,3.624458,3.081328,4.239259,4.361233,2.781990,3.433731,3.622198,3.840304,3.861889,3.471746,2.691139,2.302286,0.480441,2.799387,4.207573,4.027804,3.568718,4.240434,4.168591,4.015240
-39.139356,0.134878,3.626431,3.895694,3.938105,3.461388,2.047672,3.996298,3.843091,3.715199,3.719144,3.496237,3.191138,3.646157,3.105986,4.266547,4.381617,2.707247,3.358988,3.646038,3.841270,3.864144,3.482378,2.714657,2.350932,0.011047,2.802608,4.211439,4.022972,3.571618,4.237212,4.162470,4.002031
-39.719825,0.098713,3.625116,3.879913,3.935146,3.421935,1.874410,3.966380,3.829611,3.704021,3.681664,3.467634,3.163192,3.619198,3.091192,4.254712,4.371096,2.760083,3.347068,3.646360,3.820007,3.844814,3.436630,2.695972,2.351577,0.010080,2.769425,4.206284,4.009441,3.519105,4.220460,4.145073,3.973036
-40.762965,0.090494,3.611636,3.851310,3.913119,3.381825,1.741915,3.946325,3.837501,3.680020,3.638266,3.448237,3.148727,3.597499,3.062589,4.246821,4.359918,2.740431,3.318718,3.645716,3.787147,3.828062,3.416978,2.682441,2.452092,0.010402,2.681474,4.190498,3.975291,3.438563,4.197586,4.125421,3.976580
-40.491514,0.093452,3.567909,3.782597,3.883201,3.252618,1.507829,3.909831,3.787857,3.655362,3.628403,3.393003,3.104671,3.564293,2.989601,4.231698,4.350713,2.736565,3.272326,3.630896,3.744621,3.796489,3.333537,2.611242,2.425997,0.010080,2.518459,4.166658,3.945008,3.330316,4.172135,4.098037,3.915691
-39.649903,0.120741,3.518265,3.736240,3.865118,3.165494,1.124810,3.874653,3.739528,3.595855,3.602759,3.348619,3.047794,3.531416,2.860066,4.220519,4.353343,2.702737,3.191784,3.603834,3.691141,3.760085,3.266849,2.535533,2.382827,0.010724,2.318716,4.144751,3.900871,3.232377,4.144428,4.071619,3.876064
-40.508518,0.109234,3.506758,3.714541,3.828296,3.082972,1.013028,3.852954,3.693500,3.546211,3.569882,3.325605,2.987958,3.470593,2.858751,4.207040,4.343808,2.716590,3.127673,3.601579,3.651837,3.736244,3.232377,2.445327,2.401190,0.009114,2.310017,4.121232,3.870588,3.153125,4.114145,4.045201,3.861889
-40.070052,0.093124,3.486374,3.651746,3.801008,3.026753,0.785518,3.842104,3.652075,3.534375,3.548512,3.311139,2.883737,3.439689,2.861052,4.179752,4.346767,2.814529,3.071295,3.628319,3.632507,3.729801,3.235277,2.508149,2.449837,0.010402,2.307762,4.127031,3.861567,3.134439,4.110601,4.038758,3.866399
-39.781974,0.115809,3.481114,3.669171,3.816131,2.981382,0.523158,3.826981,3.658321,3.495251,3.533060,3.266755,2.823572,3.424565,2.819627,4.177450,4.349398,2.919232,3.050676,3.654092,3.623486,3.734311,3.234310,2.481409,2.566139,0.010402,2.309373,4.140240,3.852546,3.135405,4.093204,4.021039,3.866722
-42.329898,0.126987,3.452182,3.658321,3.797720,2.947519,0.461020,3.829611,3.614924,3.471251,3.512018,3.234536,2.780832,3.416675,2.816668,4.159697,4.342493,2.972712,3.074516,3.661502,3.608345,3.724002,3.251385,2.496873,2.539721,0.010402,2.362853,4.141529,3.819041,3.111243,4.066142,3.993010,3.849325
-45.508712,0.105288,3.425552,3.636294,3.794761,2.941930,0.377841,3.799364,3.609006,3.449223,3.485059,3.196398,2.736448,3.389716,2.757160,4.134710,4.338219,3.009117,3.027158,3.660535,3.592558,3.719814,3.252352,2.477543,2.612531,0.011369,2.387982,4.155704,3.823551,3.128640,4.042946,3.968204,3.842559
-49.736153,0.063863,3.378866,3.591252,3.753994,2.890970,0.313401,3.750377,3.581389,3.425880,3.460073,3.152014,2.662803,3.377880,2.840011,4.136025,4.337891,3.075483,2.997196,3.663757,3.543911,3.716592,3.215303,2.456603,2.600611,0.011369,2.356409,4.156671,3.762984,3.066140,3.995588,3.920845,3.830317
-52.812469,0.079973,3.275303,3.559690,3.663582,2.825216,0.260798,3.677390,3.501498,3.361770,3.416346,3.039903,2.586199,3.321002,2.785763,4.121559,4.325726,3.133150,2.865109,3.634762,3.445007,3.629285,3.120586,2.426964,2.514593,0.011369,2.367363,4.140240,3.718203,2.947261,3.915369,3.839015,3.750420
-55.868576,0.039534,3.169768,3.540293,3.618869,2.793983,0.279538,3.626759,3.439689,3.327907,3.346975,2.963300,2.471129,3.305879,2.835737,4.117943,4.309288,3.215947,2.704670,3.635084,3.369620,3.593203,3.075805,2.336113,2.462080,0.011047,2.316139,4.124454,3.687920,2.902802,3.820652,3.747520,3.643461
-56.761680,-0.028193,3.079027,3.488347,3.588622,2.739735,0.138823,3.579088,3.415360,3.315742,3.324948,2.903463,2.350142,3.286810,2.835737,4.122217,4.301397,3.256862,2.505894,3.631541,3.277480,3.577417,3.041011,2.213368,2.414399,0.010402,2.293909,4.111890,3.666012,2.598356,3.726257,3.653770,3.520716
-57.801392,-0.052851,3.011958,3.468949,3.516292,2.673981,0.133234,3.560348,3.376894,3.287139,3.241440,2.843956,2.203838,3.269385,2.914970,4.119916,4.291205,3.277480,2.204347,3.640561,3.168266,3.533602,2.966269,2.064205,2.385082,0.010080,2.272646,4.090627,3.602868,2.343523,3.619620,3.546811,3.461437
-58.258188,-0.023919,2.894258,3.456456,3.471908,2.600994,0.121727,3.487361,3.260180,3.213494,3.202316,2.771626,2.029590,3.214809,2.887025,4.103477,4.277068,3.315818,2.122839,3.628319,3.110599,3.541978,2.929864,2.041332,2.294876,0.009436,2.223355,4.081606,3.567107,2.250417,3.535213,3.467880,3.399903
-59.340343,0.014876,2.728886,3.403524,3.451853,2.545432,0.095096,3.388072,3.217768,3.103356,3.116178,2.696995,1.714955,3.147083,2.811736,4.079148,4.262931,3.362210,2.022002,3.640561,3.085792,3.541978,2.944039,2.026190,2.258793,0.009114,2.230765,4.072908,3.555832,2.119618,3.475612,3.406669,3.321295
-59.179560,-0.048577,2.531295,3.363414,3.401880,2.432006,0.090494,3.316728,3.129000,3.028396,3.054369,2.624994,1.441746,3.079027,2.819956,4.058107,4.233999,3.371553,1.824192,3.646682,3.011050,3.540690,2.902158,1.922130,2.206925,0.008147,2.233342,4.052611,3.538435,1.851254,3.408602,3.339658,3.207893
-59.721684,-0.026549,2.407677,3.315085,3.365387,2.263017,0.089178,3.229933,3.132288,2.884723,3.024122,2.597378,1.265525,3.051082,2.796613,4.012736,4.206382,3.348357,1.526834,3.619943,2.771681,3.522326,2.797776,1.771035,2.079669,0.008147,2.168587,4.028771,3.506862,1.511047,3.341591,3.274581,3.070972
-59.357980,0.066493,2.337320,3.241111,3.299304,2.120988,0.085233,3.174042,3.109274,2.689762,2.963957,2.430691,1.231004,3.041218,2.829161,3.966380,4.172848,3.311308,1.192104,3.590948,2.697905,3.482378,2.701771,1.517813,2.044231,0.008791,2.122839,3.993010,3.477545,1.258148,3.224967,3.152802,3.049065
-58.604449,0.050383,2.305100,3.142809,3.264125,2.011178,0.082932,3.118151,3.017547,2.588829,2.877490,2.342909,1.239881,2.970861,2.775571,3.929557,4.146875,3.266849,1.063882,3.594169,2.654734,3.474968,2.609309,1.437916,2.022002,0.007825,2.096422,3.957894,3.475612,0.936305,3.099967,3.032635,2.970457
-59.808034,-0.057125,2.215017,3.054698,3.168124,1.922410,0.080302,3.015903,2.894587,2.557925,2.819627,2.220277,1.169195,2.998149,2.782804,3.914434,4.124847,3.190174,0.862851,3.591270,2.600289,3.442429,2.620585,1.287787,1.986241,0.008147,2.101899,3.930833,3.474324,0.783276,3.027158,2.968524,2.939851
-59.935241,-0.124195,2.208441,2.997821,3.144781,1.816217,0.078329,2.968560,2.823243,2.475403,2.783791,2.138084,1.025193,2.989601,2.785106,3.894708,4.100847,3.236243,0.809372,3.606089,2.601255,3.481411,2.606088,1.230119,1.983020,0.008147,2.090301,3.908925,3.450483,0.754281,3.044233,2.988176,2.931797
-60.002061,-0.161346,2.120988,2.950149,3.071137,1.641639,0.076685,2.903463,2.800229,2.446472,2.672995,2.021042,0.931164,2.989930,2.807133,3.879584,4.079148,3.277803,0.654088,3.635084,2.570005,3.501386,2.589979,1.032310,1.979154,0.008791,2.085790,3.888629,3.454027,0.645712,3.023614,2.963047,2.941140
-60.943752,-0.176799,1.958904,2.861709,2.956067,1.344430,0.071753,2.781161,2.713434,2.338963,2.549706,1.868821,0.908479,2.977766,2.832120,3.856241,4.038709,3.281991,0.553573,3.634440,2.513626,3.503963,2.592557,0.915042,1.888625,0.007181,2.063239,3.853835,3.445651,0.522645,2.966913,2.904413,2.833536
-60.420147,-0.123866,1.767888,2.819298,2.853161,1.019932,0.067151,2.695351,2.528664,2.162413,2.362964,1.626516,0.877903,2.925820,2.816668,3.819090,3.988078,3.292622,0.344165,3.632185,2.454348,3.504929,2.560984,0.788753,1.738818,0.006858,2.059373,3.801322,3.408924,0.394423,2.846423,2.787145,2.749129
-62.281561,0.066822,1.632105,2.695351,2.687132,0.805902,0.063205,2.554637,2.299511,1.897424,2.275182,1.285580,0.722065,2.931080,2.856778,3.771747,3.903256,3.223034,0.013946,3.626064,2.332891,3.469813,2.516848,0.545841,1.638625,0.007181,1.991396,3.760729,3.367365,0.184371,2.797776,2.736242,2.683407
-61.976485,0.131919,1.429253,2.549377,2.572391,0.600419,0.057616,2.485595,2.059508,1.751778,2.138413,1.075823,0.495870,2.961327,2.906422,3.756295,3.830926,3.208215,0.012980,3.632185,2.268136,3.486566,2.504283,0.364462,1.564849,0.005570,1.985275,3.739144,3.324194,0.092554,2.690817,2.633472,2.567428
-62.612343,0.162495,1.241524,2.499404,2.516829,0.517240,0.055972,2.422471,1.908931,1.675503,2.074960,0.999877,0.333456,2.943902,2.918587,3.758925,3.777336,3.175998,0.013624,3.642816,2.235275,3.483989,2.528123,0.133147,1.454024,0.006214,1.979154,3.721425,3.294877,0.073547,2.642170,2.587724,2.456281
-63.431022,0.269017,1.018288,2.437924,2.398142,0.410060,0.052685,2.347183,1.726462,1.576871,2.000329,0.975548,0.060575,2.866312,2.978423,3.738213,3.743473,3.159568,0.013624,3.657314,2.223355,3.506862,2.568072,0.012657,1.436949,0.005248,2.006538,3.704028,3.238821,0.066781,2.578059,2.522969,2.309695
-64.022666,0.362388,0.765463,2.367567,2.265319,0.168741,0.047424,2.171948,1.656763,1.455226,1.996384,0.905191,0.000739,2.825873,3.014917,3.706651,3.701062,3.186630,0.012980,3.664079,2.169553,3.531991,2.618008,0.012013,1.398934,0.005248,2.024257,3.682121,3.270715,0.058083,2.472711,2.417299,2.121551
-64.809707,0.415978,0.575761,2.231455,2.138742,0.045780,0.043808,1.932273,1.385198,1.376321,1.900054,0.701681,0.000739,2.823243,3.019848,3.678048,3.681335,3.176643,0.013302,3.674389,2.092234,3.583216,2.665366,0.011369,1.344488,0.004603,2.038754,3.672456,3.276836,0.014913,2.406023,2.354798,1.921164
-64.969234,0.532035,0.143426,2.103563,1.941150,0.039863,0.038876,1.567666,1.206017,1.204373,1.660379,0.605680,0.000410,2.747297,2.994533,3.619526,3.646486,3.174065,0.014268,3.667623,2.055185,3.615754,2.797132,0.012980,1.315493,0.005248,2.028767,3.658925,3.264594,0.013624,2.406667,2.353510,1.847710
-64.413925,0.690174,0.036575,1.999343,1.856327,0.035917,0.035260,1.483829,1.068590,0.996918,1.517693,0.439978,0.001396,2.676940,2.961327,3.568567,3.610321,3.159246,0.013302,3.647327,1.994295,3.640883,2.806152,0.012335,1.238818,0.004603,2.011692,3.657314,3.245586,0.013624,2.399902,2.353188,1.786177
-65.911300,0.741791,0.032958,1.802409,1.843834,0.033945,0.034602,1.399992,0.998891,0.900588,1.496980,0.135864,-0.001234,2.616775,2.960341,3.512676,3.588293,3.137338,0.012980,3.614144,1.870262,3.638628,2.783279,0.012657,1.156666,0.004603,2.000094,3.644427,3.236565,0.013302,2.428252,2.372518,1.681795
-67.336327,0.830888,0.033616,1.756709,1.807998,0.033287,0.031972,1.359225,1.038015,0.820696,1.428267,0.002054,0.001067,2.599350,2.972834,3.506100,3.581389,3.137338,0.013302,3.625097,1.888947,3.662791,2.887982,0.012657,1.116717,0.004281,2.093845,3.655703,3.229800,0.012980,2.441139,2.394103,1.648934
-69.518664,0.835491,0.032630,1.780052,1.747833,0.032958,0.033616,1.347389,1.022891,0.785847,1.461144,0.000410,0.000410,2.609542,3.012287,3.489004,3.574156,3.123163,0.012657,3.620265,1.873806,3.667945,2.931797,0.013624,1.029733,0.003315,2.147324,3.656669,3.214014,0.013946,2.462724,2.413755,1.616073
-72.539608,0.881191,0.033287,1.796491,1.763285,0.033287,0.032301,1.342129,1.060371,0.811162,1.478898,0.098384,0.001067,2.576007,3.045821,3.499854,3.571526,3.109632,0.012980,3.658280,2.014592,3.735278,3.050676,0.013302,0.947903,0.003959,2.156667,3.667945,3.206604,0.012980,2.566139,2.510727,1.543586
-70.543592,0.956808,0.032630,1.607118,1.725805,0.033616,0.032630,1.318786,1.073522,0.775655,1.434185,0.093124,0.000081,2.456335,3.039246,3.506429,3.571197,3.110599,0.013624,3.700484,2.032311,3.786502,3.168266,0.013302,0.737851,0.002992,2.252994,3.673744,3.193717,0.013302,2.517492,2.463690,1.375094
-67.173883,0.955822,0.032301,1.643283,1.696216,0.160522,0.032958,1.350019,1.101468,0.751326,1.405581,0.159207,0.000081,2.368553,2.996834,3.540293,3.587964,3.119297,0.013302,3.712404,2.057118,3.809698,3.290689,0.014913,0.613817,0.002026,2.384438,3.745587,3.168911,0.013624,2.628317,2.578703,1.407955
-64.574876,0.841080,0.038219,1.763285,1.689969,0.950561,0.036575,1.537419,1.174784,0.855546,1.457527,0.310442,0.001396,2.434307,3.013273,3.567252,3.695144,3.177609,0.347387,3.728190,2.193071,3.823551,3.324194,0.014590,0.640235,0.002670,2.331925,3.769105,3.122519,0.013302,2.672776,2.625095,1.413754
-43.013172,0.725024,0.051041,2.121974,1.879670,1.695887,0.050054,2.002959,2.081536,1.352320,1.834300,0.363046,0.399868,2.818312,3.347304,3.731309,3.811200,3.144104,0.522323,3.697585,2.155700,3.758152,3.251063,0.013624,0.804539,0.002670,2.211435,3.663113,2.874774,0.012980,2.757827,2.722711,0.723998
6.288465,1.512103,1.534131,2.582912,2.151564,3.005382,0.177947,2.666748,3.056999,1.640982,2.389923,1.034398,1.399335,2.919244,3.373606,3.784569,3.699089,2.694683,0.010724,3.379285,1.230764,3.169555,2.513304,0.011047,2.112530,0.007825,1.770713,3.300676,2.136370,0.008791,2.839980,2.754284,0.010080
35.565374,2.646036,1.456541,2.805161,2.039782,3.145768,0.070438,2.217647,2.994533,0.590556,2.378416,0.987055,1.386841,2.772613,3.166809,3.593225,3.296673,1.488496,0.005892,2.593201,0.011369,0.797452,0.247516,0.000415,1.464011,0.006214,0.000093,1.961112,0.007825,-0.000874,0.954024,0.819681,0.002670
39.391704,2.738749,1.258621,2.848230,1.331279,3.139850,0.078986,1.881971,2.906094,0.301237,2.146961,0.714503,1.154729,2.459951,3.076397,3.524183,3.293057,0.502670,0.001382,1.659243,0.006858,-0.001196,-0.000551,0.000415,1.135081,0.003959,-0.001518,-0.000874,-0.000229,-0.000551,0.000093,-0.019559,-0.000229
44.036818,2.922203,1.159331,2.759462,1.116591,3.083959,0.074712,1.964164,2.903792,0.060246,1.995397,0.588255,1.001521,2.363950,3.031355,3.524183,3.281550,0.431472,0.001382,2.100932,0.009114,0.162464,0.000093,-0.000551,1.467233,0.006214,-0.000229,0.285853,0.001704,-0.000874,-0.001196,-0.019237,-0.000229
47.652786,2.907080,1.287552,2.744338,1.063659,3.124397,0.081288,2.140057,2.907409,0.062877,2.083179,0.630009,1.060042,2.354744,3.064561,3.538649,3.295030,0.524256,0.002026,2.103187,0.008791,0.168907,0.001059,-0.001196,1.485919,0.005570,0.000093,0.657310,0.002670,0.000093,-0.000229,-0.019237,-0.000874
52.409042,2.865655,1.366129,2.840011,1.210291,3.153329,0.449842,2.288333,2.964944,0.166769,2.237373,0.750011,1.143879,2.338963,3.077383,3.550485,3.328235,0.598998,0.002670,2.101254,0.008469,0.120261,0.000415,-0.000229,1.474643,0.005570,0.000093,0.650222,0.001382,-0.000874,-0.000229,-0.019237,0.000415
53.958994,2.794969,1.492706,2.935354,1.452267,3.218426,0.541569,2.408334,2.972834,0.307483,2.288990,0.829573,1.255990,2.396827,3.080342,3.550813,3.328564,0.663431,0.002026,2.106409,0.008469,0.134758,0.000415,0.000093,1.479797,0.005570,-0.000874,0.645712,0.002026,-0.000874,0.000737,-0.019559,-0.000229
54.864970,2.836394,1.557474,2.914642,1.485144,3.324948,0.721079,2.414581,2.990588,0.333456,2.285702,0.881848,1.404924,2.481979,3.086918,3.559033,3.335140,0.653122,0.002348,2.077092,0.008791,0.073224,0.000415,0.000093,1.484630,0.005570,-0.000229,0.579668,0.002348,0.000093,-0.000551,-0.019881,-0.000874
55.910504,2.827189,1.632763,2.930423,1.446678,3.380510,0.959109,2.483952,2.988615,0.338388,2.328114,1.006124,1.420705,2.560884,3.105000,3.591910,3.332838,0.678250,0.002992,1.960790,0.008147,-0.000229,-0.000551,-0.000551,1.446292,0.005570,-0.000229,0.534243,0.001704,-0.000551,-0.000874,-0.019559,-0.000551
54.945964,2.828832,1.529528,2.874532,1.429582,3.334153,0.934780,2.436280,2.974478,0.320634,2.286031,0.988041,1.417088,2.566802,3.112890,3.575800,3.336783,0.552606,0.001704,1.815494,0.007181,-0.000874,-0.000229,-0.000229,1.425996,0.005570,-0.000551,0.470454,0.001382,-0.000229,0.000737,-0.019237,-0.000551
55.612667,2.788065,1.628160,2.898861,1.451938,3.389716,1.255662,2.454691,2.977108,0.360416,2.308059,1.104098,1.509145,2.704228,3.172727,3.594869,3.347962,0.593199,0.002348,1.748161,0.007181,0.000093,-0.000551,-0.000874,1.409565,0.005570,-0.000551,0.532310,0.002670,-0.000551,-0.000874,-0.019559,-0.000229
58.262586,2.759790,1.596927,2.949491,1.682407,3.448237,1.485802,2.588829,2.997163,0.416307,2.338306,1.303333,1.625858,2.751242,3.196070,3.625773,3.372948,0.603830,0.002670,1.704347,0.006214,-0.001196,-0.001196,-0.000551,1.379282,0.005248,-0.000229,0.643134,0.001704,-0.000874,-0.000229,-0.020203,0.000093
57.108824,2.742694,1.678133,2.971848,1.687010,3.440346,1.506843,2.572062,2.995848,0.429458,2.294908,1.337526,1.621256,2.747955,3.188837,3.621499,3.374592,0.717877,0.002992,1.656022,0.005892,-0.000551,-0.000229,-0.000229,1.374449,0.005248,-0.000551,0.690171,0.002026,-0.000551,-0.000229,-0.018915,0.000093
60.404370,2.670036,1.702462,2.943902,1.705421,3.411086,1.451281,2.550363,2.997163,0.495870,2.310360,1.301690,1.616653,2.725269,3.168453,3.611636,3.375250,0.739462,0.002670,1.606731,0.006536,-0.000874,0.000093,0.000093,1.365429,0.004281,0.000093,0.738173,0.002670,-0.000551,0.000415,-0.018593,-0.000874
61.639421,2.658200,1.761641,2.953108,1.843176,3.455799,1.554186,2.639460,3.019191,0.523487,2.318580,1.415445,1.686681,2.766037,3.168782,3.615581,3.399250,0.736885,0.002992,1.593200,0.006214,-0.000874,-0.000874,-0.000551,1.357052,0.005892,0.000415,0.809372,0.002348,-0.000551,-0.000229,-0.018915,0.000415
64.134190,2.375128,1.853697,3.033657,1.870464,3.471908,1.661037,2.699625,3.049438,0.845683,2.373813,1.539720,1.749476,2.793983,3.173713,3.628403,3.415031,0.790686,0.002992,1.588045,0.006214,-0.000229,0.000093,-0.000874,1.344488,0.004603,-0.000551,0.846098,0.003315,0.000415,0.000093,-0.019881,-0.001196
66.326248,2.379402,1.921753,3.030369,2.136440,3.465004,1.804710,2.737763,3.069164,0.904533,2.394526,1.609749,1.778737,2.846915,3.120452,3.645828,3.420949,0.788753,0.003637,1.362207,0.004603,-0.000874,-0.000551,-0.000229,1.348676,0.005570,-0.000551,0.857374,0.002670,-0.000874,-0.000229,-0.018593,0.000415
67.165527,2.452061,1.912218,3.026424,2.197592,3.486374,1.833971,2.751242,3.060287,0.832204,2.400772,1.636708,1.875725,2.857107,3.143466,3.636951,3.420620,0.742361,0.002026,1.101253,0.004281,-0.000229,0.000415,0.000093,1.327413,0.004281,-0.000551,0.849320,0.003637,-0.000229,0.000415,-0.018270,-0.000874
69.113254,2.588829,1.960219,3.050095,2.392882,3.489662,1.927671,2.791681,3.057986,0.718120,2.488554,1.700818,1.825094,2.880121,3.142480,3.653061,3.447251,0.785854,0.003315,1.094166,0.004925,-0.000229,-0.001840,-0.000874,1.350287,0.004925,0.000093,0.957890,0.004281,-0.000551,-0.000874,-0.018270,-0.000874
70.287188,2.598035,2.049316,3.069164,2.508938,3.504785,2.014137,2.825216,3.066534,0.761189,2.571733,1.779395,1.850738,2.903792,3.133932,3.691856,3.469278,0.844488,0.003637,1.164076,0.004603,-0.000551,-0.000551,0.000093,1.378315,0.005570,-0.000874,1.154411,0.004281,-0.000551,0.000093,-0.018593,0.000093
72.120626,2.549706,2.025316,3.074424,2.512555,3.515964,2.092714,2.867627,3.071794,0.874944,2.573377,1.857314,1.941479,2.991245,3.159576,3.706651,3.511690,0.862851,0.002992,1.167942,0.004281,-0.000551,0.000093,-0.000551,1.433406,0.005248,0.000093,1.174063,0.005570,0.000415,0.000093,-0.018593,-0.000229
72.330720,2.520445,2.125920,3.122754,2.627296,3.564293,2.237702,2.987300,3.173056,0.966014,2.639460,2.013480,2.032877,3.072452,3.222700,3.729336,3.567581,0.912142,0.004281,1.119939,0.004603,-0.000874,-0.000229,-0.000551,1.420519,0.005570,-0.000874,1.211756,0.003959,-0.000874,-0.000229,-0.019237,0.000415
68.840525,2.477376,2.101919,3.200672,2.745982,3.585992,2.389594,3.069493,3.167795,1.033741,2.835737,2.067398,2.117043,3.101055,3.219741,3.735254,3.592238,0.949514,0.004281,1.134758,0.003959,-0.000874,-0.000874,-0.000229,1.383470,0.005892,-0.000229,1.229475,0.004281,-0.000874,-0.000229,-0.017948,-0.000551
66.473434,2.419841,2.133810,3.250974,2.783791,3.604074,2.441540,3.088561,3.201659,1.124153,2.858751,2.099289,2.111125,3.145439,3.224015,3.751364,3.601773,0.964977,0.003637,1.046485,0.003959,-0.000874,-0.000551,-0.000229,1.386047,0.006536,-0.000874,1.228509,0.003315,-0.000551,-0.000551,-0.018915,0.000093
68.122577,2.311347,2.152879,3.231906,2.791352,3.619526,2.460280,3.108288,3.216125,1.231661,2.857435,2.149591,2.128550,3.134589,3.191138,3.748405,3.611965,0.924385,0.002992,0.858341,0.002992,-0.000874,0.000093,-0.000229,1.349321,0.004925,-0.000551,1.227864,0.004925,0.000093,0.000093,-0.017626,-0.000551
69.029370,2.457321,2.113755,3.192453,2.778859,3.610321,2.500719,3.071137,3.187850,1.058070,2.886696,2.241647,2.142687,3.142151,3.172069,3.745774,3.616567,0.833856,0.003315,0.664720,0.002992,-0.000874,-0.001196,-0.000551,1.320326,0.005570,-0.000229,1.222387,0.004603,-0.001196,-0.000874,-0.018915,-0.000229
72.770982,2.379074,2.155838,3.329879,2.955409,3.660294,2.659844,3.142809,3.186206,1.168537,2.890641,2.317593,2.308059,3.198042,3.207248,3.781282,3.649773,0.887013,0.003315,0.387980,0.001059,-0.000551,-0.000551,0.000093,1.286820,0.005892,-0.001196,1.266202,0.004603,-0.000551,-0.000874,-0.018270,0.000093
72.644587,2.370525,2.220606,3.385113,3.147740,3.737555,2.813709,3.237495,3.187193,1.228045,2.984999,2.479349,2.518472,3.285166,3.246043,3.812515,3.691527,0.943070,0.003315,0.300351,0.001059,0.000093,-0.000551,-0.000229,1.212400,0.004603,-0.000551,1.308728,0.004603,-0.001196,-0.000551,-0.018270,0.000093
73.369533,2.348169,2.312333,3.414702,3.234207,3.779638,2.874203,3.318701,3.199686,1.303662,3.042534,2.544445,2.747626,3.366044,3.286153,3.824022,3.709938,0.989140,0.003637,0.205956,0.000737,-0.000229,0.000093,0.000737,1.206279,0.004281,-0.000874,1.431795,0.005570,-0.000551,0.000093,-0.017948,-0.000551
75.549071,2.332059,2.426417,3.426209,3.285824,3.811529,2.946861,3.366044,3.184563,1.337526,3.084616,2.599021,2.845600,3.411086,3.296016,3.825337,3.726048,0.958534,0.003315,0.088044,0.000093,0.000737,0.001059,-0.000229,1.161498,0.003637,-0.001518,1.491395,0.005892,0.000093,0.000737,-0.017304,-0.000874
75.026672,2.374142,2.492500,3.486045,3.407140,3.850652,3.027081,3.447908,3.189165,1.331608,3.121767,2.632227,2.899189,3.442976,3.295687,3.829282,3.734596,0.991717,0.003637,0.088044,0.000415,-0.000229,0.000093,-0.000551,1.145068,0.004603,-0.000229,1.557439,0.006536,0.000093,-0.000551,-0.016982,-0.000551
72.352976,2.386306,2.559240,3.441333,3.490977,3.871036,3.091192,3.500183,3.206919,1.317799,3.138863,2.663789,2.900176,3.479799,3.279249,3.823364,3.733610,1.046807,0.003959,0.029732,0.000737,-0.001196,-0.000551,-0.000874,1.073869,0.004925,-0.000551,1.707890,0.007503,-0.000551,-0.000874,-0.017626,-0.000229
71.727948,2.321539,2.577980,3.381168,3.518923,3.864461,3.086589,3.474210,3.189823,1.363499,3.131959,2.694036,2.909710,3.466648,3.234536,3.800022,3.727692,1.041975,0.004281,-0.000874,-0.000551,-0.000551,-0.000229,0.000093,1.044552,0.004281,-0.000874,1.841589,0.055828,-0.000229,-0.000551,-0.013760,-0.000229
72.566711,2.263675,2.681214,3.411743,3.534046,3.878269,3.125055,3.493607,3.189165,1.420705,3.124397,2.672666,2.943573,3.499525,3.213823,3.806926,3.736240,1.208534,0.004925,0.014590,0.000093,0.000415,-0.000229,-0.000551,1.040686,0.003959,-0.001196,2.065816,0.478830,0.002026,0.128315,0.108018,-0.000229
72.375076,1.984877,2.813051,3.472566,3.751035,3.919037,3.231577,3.618540,3.230590,1.729093,3.283194,2.807133,3.043849,3.577115,3.288783,3.855255,3.767145,1.414720,0.006536,0.160853,-0.000229,-0.001518,-0.000551,-0.000551,1.407310,0.005892,0.000415,2.410855,1.076447,0.004281,0.429539,0.488817,0.001382
72.724978,1.643612,2.943902,3.534704,3.864132,3.982818,3.338756,3.722103,3.311139,2.108495,3.416017,3.025766,3.130973,3.696459,3.366702,3.927585,3.807912,1.687594,0.006214,0.350286,0.692748,0.430183,0.649256,0.002348,1.485596,0.005570,-0.000229,2.867042,1.527156,0.005892,1.256215,1.265880,0.004281
71.765855,1.520652,3.181275,3.612293,3.921667,4.019640,3.398264,3.788186,3.389387,2.250853,3.458100,3.116507,3.225330,3.751035,3.423250,3.972955,3.836186,1.688883,0.007181,0.175673,1.340622,0.569359,0.794874,0.003315,1.457568,0.005570,0.000737,2.957892,1.517813,0.004925,1.487852,1.474321,0.005248
71.928677,1.361855,3.250646,3.630047,3.980517,4.037723,3.417004,3.835529,3.459415,2.418526,3.463360,3.154973,3.229275,3.798378,3.523525,4.011092,3.844406,1.617684,0.005248,0.003637,1.648934,0.563882,1.094166,0.005248,1.502671,0.005570,-0.001196,2.980766,1.643780,0.006536,1.912788,1.877672,0.006536
71.117657,1.325032,3.254262,3.636951,3.993668,4.035750,3.440018,3.825337,3.462374,2.450088,3.447908,3.151685,3.230590,3.800350,3.509717,4.015038,3.841775,1.401189,0.006214,0.175673,1.700481,0.583212,1.072258,0.004281,1.425029,0.005892,-0.000551,2.886049,1.547774,0.005892,1.822259,1.776512,0.007181
66.230062,1.376650,3.218097,3.616896,3.983804,4.018983,3.418319,3.742158,3.423908,2.361320,3.394318,3.091192,3.204618,3.789501,3.470264,3.999914,3.826981,0.969166,0.003959,0.083534,1.576125,0.537464,0.750093,0.002348,1.432761,0.005892,-0.000229,2.750095,1.398934,0.006214,1.559372,1.515236,0.005248
64.172156,1.381910,3.213823,3.601773,3.984791,4.012736,3.416017,3.730980,3.435415,2.342580,3.361441,3.032999,3.173384,3.789172,3.464675,3.988736,3.815145,0.817426,0.003315,-0.000551,1.344166,0.585145,0.735596,0.003315,1.754282,0.007503,-0.000551,2.775547,1.353831,0.005570,1.811950,1.770391,0.006536
65.018622,1.354622,3.276290,3.612622,3.989065,4.010106,3.418647,3.752350,3.443305,2.386306,3.367688,3.071794,3.188837,3.798378,3.473881,3.992681,3.809227,1.226253,0.004925,0.136369,1.154088,0.710789,0.762336,0.002992,1.722388,0.007503,-0.000229,2.803253,1.464978,0.006214,1.996873,2.013947,0.007181
66.694535,1.197140,3.310153,3.587964,4.009120,4.011092,3.433442,3.788186,3.490977,2.567459,3.369661,3.070808,3.193768,3.813501,3.463360,3.996955,3.816789,1.617362,0.005892,0.494616,1.047130,1.097065,0.828379,0.875416,1.741718,0.007181,-0.000229,2.990753,1.696937,0.006536,2.656023,2.623162,0.009436
66.687760,0.952205,3.330537,3.586978,4.064353,4.009777,3.436730,3.834214,3.505114,2.811736,3.373606,3.074753,3.211522,3.820405,3.460730,4.017997,3.822378,1.727543,0.007503,0.758792,1.382826,1.133148,1.041008,1.268779,1.764269,0.008147,0.000415,3.200805,1.971100,0.007503,2.746874,2.726577,0.010080
68.417073,1.024535,3.413058,3.641225,4.145888,4.012736,3.445278,3.863474,3.562320,2.762421,3.488347,3.170097,3.261495,3.856570,3.547526,4.036408,3.834871,1.729798,0.006858,0.974642,1.562916,1.307439,1.593200,1.874128,2.167620,0.009114,0.056150,3.238176,2.333858,0.010402,2.975289,2.905057,0.010724
69.776311,1.231661,3.461716,3.645171,4.149834,3.999585,3.432456,3.872022,3.570540,2.555952,3.482429,3.151357,3.259194,3.848351,3.534375,4.024572,3.828953,1.696937,0.007181,1.060016,1.647323,1.127671,1.653122,0.717877,2.505572,0.011691,0.054861,3.178253,2.313561,0.009114,2.714979,2.662466,0.010402
74.913324,0.808532,3.422593,3.619526,4.157395,3.974928,3.407798,3.866105,3.524183,2.930751,3.441990,3.128343,3.245385,3.825008,3.498210,3.990709,3.793117,1.700803,0.006536,1.160532,1.753316,1.228831,1.670197,1.308728,2.424064,0.010402,0.027155,3.192751,2.214012,0.009758,2.774902,2.765882,0.010402
78.657203,0.647105,3.507416,3.629061,4.185670,3.974599,3.416346,3.895036,3.560019,3.119795,3.421935,3.093822,3.251303,3.843091,3.553115,3.988407,3.803967,1.808728,0.007181,1.436305,1.945004,1.522645,1.904733,2.525546,2.456603,0.010080,0.720454,3.285857,2.530701,0.084178,3.283279,3.231411,0.012657
78.568747,0.682941,3.553772,3.638595,4.243862,3.984791,3.475525,3.940407,3.635307,3.113219,3.607033,3.160234,3.369989,3.880899,3.630705,3.999914,3.835200,2.147968,0.009114,1.791331,2.168909,1.760726,2.232053,3.037145,2.718201,0.014268,1.050673,3.335792,2.654734,0.108663,3.685987,3.626064,0.891524
