-4.012614,-35.510521,1.327334,1.817532,2.668392,2.961327,3.826652,3.384784,2.124933,4.058764,2.945875,2.895573,2.875189,2.142687,2.119344,2.104550,2.983684,3.113548,2.801964,2.677286,2.592234,2.645392,0.969810,1.509437,1.431795,2.621229,2.656023,0.011691,2.565172,2.099643,0.705957,1.708213,2.485598,2.872841
-4.121556,-35.215272,1.188921,1.699503,2.506965,2.806805,3.748405,3.342044,1.894465,4.008791,2.871901,2.764393,2.690420,1.776107,2.031562,1.898739,2.820942,3.042534,2.733987,2.669554,2.576126,2.580959,0.959823,1.361885,1.421808,2.500095,2.633149,0.010402,2.535533,2.131860,0.598354,1.445970,2.434373,2.842235
-4.238644,-34.560797,0.837793,1.525583,2.342909,2.688776,3.703692,3.225001,1.401636,3.974928,2.831463,2.629926,2.380389,1.497638,1.735011,1.559447,2.755188,2.909381,2.693394,2.628639,2.555185,2.522324,0.938560,1.202413,1.425029,2.545520,2.569361,0.010724,2.547131,2.110919,0.484951,1.295841,2.433085,2.817106
-4.590986,-34.286038,0.606995,1.249744,2.183455,2.645707,3.679691,3.146096,1.147496,3.943037,2.752886,2.566473,2.186414,1.101468,1.422020,1.319443,2.693707,2.805818,2.703704,2.626062,2.559374,2.467556,0.926640,1.084179,1.427607,2.575804,2.581281,0.010724,2.551319,2.128316,0.441137,1.210467,2.400868,2.774580
-4.601828,-34.024363,0.325566,0.915054,2.041754,2.534911,3.605718,3.067849,0.857519,3.920023,2.648666,2.519130,1.977644,0.803929,1.109029,1.111660,2.589158,2.674310,2.730766,2.644425,2.523291,2.441461,0.878637,1.082890,1.459823,2.582892,2.575482,0.009758,2.557441,2.122517,0.400866,1.107374,2.318716,2.748485
-5.169172,-34.491446,0.051370,0.748038,1.963507,2.463896,3.572841,3.019848,0.633625,3.878927,2.574035,2.336662,1.742244,0.668804,0.854889,0.972260,2.504664,2.622693,2.739786,2.657312,2.511693,2.406989,0.819681,1.060338,1.476898,2.586435,2.521358,0.009436,2.548420,2.100288,0.316459,0.977864,2.278123,2.752351
-5.979416,-34.348486,0.049068,0.516911,1.844820,2.369868,3.538649,2.962642,0.050054,3.842104,2.393539,2.297538,1.519665,0.639872,0.656639,0.778614,2.386306,2.440554,2.772647,2.647003,2.506861,2.347066,0.740750,1.035854,1.469166,2.560984,2.472711,0.010402,2.542621,2.126705,0.228186,0.849964,2.222388,2.714013
-6.603718,-34.697265,0.047424,0.449184,1.638680,2.298196,3.584348,2.916285,0.047096,3.797391,2.205154,2.242633,1.307608,0.425184,0.577405,0.469568,2.327456,2.339292,2.763949,2.652157,2.506216,2.233664,0.644101,0.944359,1.430828,2.564850,2.426319,0.030376,2.530056,2.104154,0.106085,0.724964,2.193071,2.659245
-6.735577,-35.006436,0.044794,0.335758,1.413143,2.150249,3.572183,2.844942,0.046109,3.748405,2.161098,2.110139,1.134674,0.301565,0.474171,0.308470,2.287346,2.213702,2.798098,2.671487,2.513304,2.104798,0.259758,0.756537,1.417297,2.540366,2.381538,0.087722,2.515881,2.127672,0.008791,0.496549,2.163432,2.578703
-6.883463,-34.738111,0.041835,0.042493,1.186620,2.071015,3.510046,2.797270,0.043479,3.722103,2.045699,2.028932,0.954507,0.139481,0.265072,0.060246,2.216003,2.073645,2.812596,2.675031,2.482376,2.029089,0.009758,0.661176,1.411498,2.578381,2.339335,0.068070,2.499773,2.173419,0.010080,0.361884,2.113819,2.482376
-7.786503,-35.204564,0.041506,0.041506,1.059385,1.993754,3.440346,2.744338,0.040849,3.714212,1.922739,2.025644,0.850944,0.000739,-0.000248,0.030328,2.185756,2.100604,2.809052,2.656345,2.474966,1.942105,0.008791,0.584178,1.502349,2.612209,2.350610,0.072580,2.502672,2.169553,0.008147,0.215299,2.018136,2.414399
-8.677394,-35.267607,0.039863,0.039863,0.859820,1.868163,3.324619,2.710475,0.040849,3.670157,1.886245,1.775121,0.773353,0.001725,-0.000248,-0.000576,2.096988,1.926027,2.811307,2.649258,2.458214,1.862208,0.008791,0.406987,1.460790,2.592234,2.308407,0.101575,2.486886,2.180185,0.009758,0.127670,1.878960,2.351577
-10.668064,-35.999680,0.036904,0.036904,0.680311,1.652160,3.272344,2.575350,0.037890,3.634650,1.685366,1.698846,0.619488,0.000081,0.000410,0.000081,2.063453,1.888218,2.822583,2.651513,2.405378,1.781666,0.007503,0.181472,1.503638,2.554541,2.256538,0.105441,2.481087,2.208213,0.008469,0.001059,1.801963,2.351255
-10.645545,-35.840845,0.037561,0.037232,0.582337,1.543994,3.223686,2.442526,0.035917,3.604732,1.605803,1.665311,0.444252,0.000410,0.000410,0.000410,2.034850,1.878026,2.831926,2.608987,2.351577,1.739140,0.009114,0.182761,1.473676,2.575160,2.175675,0.077413,2.479154,2.222388,0.008791,0.000415,1.686305,2.271035
-11.752102,-36.744094,0.034602,0.035589,0.406444,1.433527,3.223686,2.336004,0.035917,3.577444,1.463445,1.647557,0.342004,0.000410,-0.000248,-0.000576,1.959890,1.817532,2.854799,2.601899,2.334180,1.678573,0.008147,-0.000874,1.422452,2.565817,1.943393,0.044874,2.486564,2.230765,0.008469,0.000737,1.624450,2.231087
-12.565324,-37.105859,0.032958,0.032630,0.130275,1.333580,3.210535,2.257099,0.034273,3.563307,1.388157,1.609420,0.209838,0.000081,0.000081,0.001396,1.912876,1.790244,2.855766,2.575804,2.282956,1.675030,0.007825,0.000093,1.422774,2.557441,1.939527,0.044552,2.467879,2.272324,0.010080,-0.001518,1.407632,2.179540
-13.473036,-37.765557,0.033945,0.032301,0.031972,1.209962,3.174042,2.171290,0.031972,3.503799,1.351992,1.408540,0.115809,0.000410,-0.000248,0.000410,1.765586,1.615666,2.843846,2.560018,2.227221,1.711112,0.009436,0.000415,1.372194,2.527479,1.908922,0.039719,2.461757,2.270391,0.009758,-0.000874,1.294230,2.063239
-14.805621,-38.878944,0.031972,0.031643,0.030986,1.119879,3.119795,2.086467,0.031643,3.522210,1.300046,1.356595,0.091480,-0.000248,0.001396,0.000081,1.736983,1.638023,2.868008,2.593523,2.223033,1.659888,0.006858,0.000093,1.409565,2.501062,1.868973,0.006858,2.476255,2.283600,0.009436,-0.001196,1.145068,1.994295
-15.495093,-39.158600,0.029671,0.029999,0.029342,1.025850,3.096452,2.009863,0.030657,3.490977,1.206017,1.317799,0.000739,-0.000576,-0.000905,-0.000905,1.678791,1.620598,2.884116,2.672776,2.210146,1.605442,0.006536,0.000093,1.411821,2.506216,1.746550,0.050029,2.491074,2.298742,0.009114,-0.000551,0.852220,1.859308
-16.989115,-40.454958,0.029013,0.029342,0.029671,0.903547,3.050424,1.955616,0.029671,3.485059,1.214236,1.244155,0.000739,0.000081,0.000739,0.000739,1.579830,1.495336,2.993975,2.781346,2.280378,1.576769,0.007181,-0.002162,1.444359,2.509116,1.738174,0.292941,2.532956,2.328381,0.009758,0.000737,0.755892,1.699192
-17.866159,-41.152501,0.029671,0.029342,0.029671,0.849957,3.025766,1.925698,0.028684,3.499196,1.188263,1.203716,0.001067,0.002054,0.001396,0.000410,1.532487,1.448651,3.107699,2.835791,2.297453,1.471743,0.007181,0.000093,1.454346,2.451126,1.690494,0.339333,2.544232,2.329025,0.008469,-0.000874,0.709500,1.606086
-20.099699,-42.496028,0.028356,0.028356,0.028684,0.789463,2.962313,1.867505,0.028356,3.499196,1.172482,1.177414,0.000739,-0.000248,0.001725,-0.000248,1.484158,1.472980,3.146037,2.894103,2.301963,1.361563,0.005570,-0.000551,1.452736,2.482698,1.636370,0.650222,2.551642,2.333858,0.009114,-0.000874,0.655377,1.549063
-21.104258,-43.573947,0.028027,0.028027,0.028027,0.777627,2.898203,1.871779,0.028356,3.543252,1.183332,1.132701,0.001396,-0.000576,-0.000248,-0.000576,1.463445,1.562077,3.157313,2.885727,2.293587,1.235274,0.005892,-0.000551,1.473676,2.443394,1.607697,0.709500,2.559696,2.334180,0.009436,0.004925,0.613173,1.433083
-21.399427,-44.324291,0.028356,0.029999,0.030328,0.857190,2.952779,1.992439,0.029671,3.626102,1.226401,1.150455,-0.000576,0.000739,0.000410,0.001067,1.501912,1.654790,3.180509,2.818717,2.285855,1.419875,0.006214,-0.000551,1.479797,2.358342,1.587078,0.704990,2.571938,2.336113,0.009436,0.000093,0.594488,1.244939
-23.569233,-45.114398,0.030986,0.031643,0.031314,1.063001,2.984012,2.124605,0.030657,3.693829,1.325361,1.190894,0.001396,0.001067,0.002054,0.000081,1.552214,1.766573,3.215303,2.836436,2.286499,1.336434,0.005892,0.000093,1.454669,2.264914,1.452413,0.774900,2.589013,2.331603,0.008791,0.000415,0.339333,0.947581
-25.405363,-46.607478,0.032301,0.031643,0.030986,1.170181,2.908724,2.167016,0.031643,3.758925,1.406897,1.245798,0.001067,0.001067,-0.000248,-0.000248,1.608762,1.826080,3.298421,2.910212,2.329025,1.353509,0.006214,-0.000551,1.571615,2.241074,1.402800,0.816459,2.629606,2.366396,0.009436,-0.000551,0.260402,0.737529
-26.897692,-43.128714,0.030986,0.030328,0.030328,1.126126,2.899189,2.138742,0.032301,3.755309,1.391444,1.249086,-0.000576,0.000410,0.000081,0.001396,1.480541,1.735668,3.400548,3.027802,2.380572,1.387658,0.006214,0.000737,1.606086,2.346744,1.394746,0.850609,2.666010,2.458858,0.010402,0.000093,0.524900,0.710789
-25.196586,-37.225970,0.031643,0.031314,0.030986,1.097851,2.981711,2.101591,0.030986,3.740185,1.369745,1.189250,0.001067,0.000410,0.001396,0.000081,1.307936,1.548268,3.429543,3.079349,2.350610,1.446292,0.006536,-0.000874,1.865107,2.295198,1.464656,0.926318,2.691461,2.481732,0.009758,0.067748,0.507181,0.591910
-23.091876,-26.480739,0.029342,0.028356,0.027040,0.893026,2.902806,1.874738,0.028356,3.673445,1.237250,1.091276,0.001067,0.000410,0.000410,0.000081,0.776970,1.312868,3.491721,3.167300,2.462080,1.533277,0.006536,0.000415,2.016847,2.283922,1.360596,1.013947,2.713691,2.642170,0.010402,0.120583,0.673740,0.602864
-16.291395,-8.450198,0.023424,0.023753,0.024410,0.442609,2.643077,1.234620,0.025068,3.573499,1.049193,0.805244,-0.000576,0.000081,0.000739,0.002711,0.251921,0.724038,3.503319,3.157313,2.508149,1.654733,0.008147,0.000093,2.044875,2.139270,1.391202,1.480120,2.733021,2.675997,0.011369,-0.000229,0.726253,0.561627
-3.490477,17.130666,0.021780,0.020794,0.021123,0.318333,2.346525,0.117124,0.019807,3.322646,1.099495,1.079440,-0.001234,0.001396,0.000739,0.002054,0.000410,-0.000905,3.444040,3.130895,2.454348,1.480442,1.016524,0.004281,2.027156,2.043265,1.547452,1.577414,2.712080,2.572904,0.010402,-0.000229,0.736885,0.836111
2.762413,36.080867,0.016191,0.015533,0.014218,0.015533,2.132166,0.016848,0.015862,2.725269,1.024864,0.327867,0.000081,-0.000248,-0.001234,-0.001234,-0.000576,0.001396,2.987209,2.877995,2.397646,1.246228,1.088045,0.005892,1.701769,1.611885,1.584823,1.406022,2.564206,2.384116,0.010402,0.000093,0.444359,0.810660
4.399097,43.043854,0.013232,0.014876,0.013561,0.014876,2.163071,0.013561,0.013232,2.294251,0.960096,0.053671,-0.000248,0.000081,0.000739,0.001067,0.001396,0.000410,2.290365,1.771035,2.190494,1.289720,1.581924,0.007503,1.193393,1.250094,2.328059,0.819359,2.486242,2.231731,0.008791,0.005248,-0.000551,1.044552
4.813588,46.203559,0.014218,0.016191,0.013890,0.012574,2.273538,0.013561,0.012903,2.275511,0.868040,0.012903,0.002054,0.000081,0.000739,0.000739,-0.000248,0.000739,2.365108,1.618651,2.288755,1.224965,1.555184,0.007181,1.019746,1.362851,2.472389,0.779088,2.492685,2.294231,0.008791,0.000415,0.276188,1.566138
5.686376,48.898732,0.014547,0.014218,0.013890,0.012574,2.404718,0.013561,0.013232,2.298525,0.756257,0.015205,0.000410,0.000739,-0.000248,-0.000905,-0.000905,0.000739,2.425675,1.606408,2.295198,1.314205,1.497839,0.006536,0.871872,1.657311,2.459824,0.785531,2.496551,2.356731,0.009114,-0.001518,0.437593,1.831602
6.215145,51.553912,0.013890,0.013561,0.012903,0.013561,2.406362,0.014876,0.014876,2.391567,0.736531,0.014218,0.000081,0.000410,-0.000905,-0.000248,0.000410,0.001396,2.470134,1.491073,2.241718,1.333857,1.320003,0.006214,0.870583,1.752349,2.440817,0.812271,2.497196,2.404412,0.008791,0.000415,0.581279,2.016525
7.147378,54.117110,0.013561,0.013561,0.015533,0.014218,2.467184,0.014876,0.014218,2.402087,0.754613,0.014218,0.000410,-0.000248,-0.000248,0.000739,0.000739,0.002711,2.470134,1.449514,2.246551,1.264591,1.301318,0.005892,0.820970,1.703702,2.512337,0.887013,2.498484,2.450804,0.009758,-0.000551,0.503315,2.113497
6.969025,53.819617,0.015205,0.014876,0.014876,0.015205,2.501705,0.013890,0.013232,2.398471,0.699051,0.014218,0.000410,0.201290,0.000410,0.000081,-0.000248,-0.000248,2.475288,1.310339,2.204669,1.221743,1.300351,0.006214,0.783921,1.754282,2.523613,0.884758,2.499451,2.498484,0.010080,0.000415,0.596098,2.179218
7.594442,54.036532,0.014876,0.013890,0.014547,0.014876,2.503349,0.013890,0.013232,2.435622,0.651050,0.015205,0.001067,0.486993,0.001067,-0.000576,-0.000248,-0.000905,2.487853,1.150867,2.126705,1.224643,1.285210,0.005570,0.743972,1.926963,2.519425,0.892490,2.498484,2.515559,0.009436,-0.000874,0.750093,2.285855
7.897194,54.287402,0.013890,0.012903,0.015205,0.014876,2.575021,0.015862,0.015533,2.578309,0.719764,0.013561,0.000739,0.570830,-0.000248,0.000410,0.001396,0.001067,2.462724,1.105119,2.100932,1.185661,1.287465,0.006214,0.685982,1.896357,2.468201,0.891202,2.499129,2.553575,0.010080,0.000415,1.021679,2.401835
7.536640,53.973481,0.015862,0.015862,0.014876,0.130933,2.612172,0.014876,0.014218,2.625652,0.748367,0.016191,0.000410,0.726668,0.000410,0.000739,-0.000248,0.001067,2.431474,1.074191,2.093845,1.162787,1.306473,0.005570,0.686305,1.877994,2.494296,0.882503,2.499773,2.572582,0.009758,-0.000551,1.085789,2.470134
7.697133,54.129884,0.015862,0.015862,0.017506,0.461349,2.823572,0.017835,0.016520,2.661817,0.774340,0.017177,0.000081,0.735873,-0.000248,0.000410,0.000410,0.000410,2.453703,1.023934,2.109631,1.174063,1.367684,0.006536,0.693392,2.034244,2.446616,1.063238,2.499451,2.651191,0.009758,-0.000551,1.127349,2.479476
7.970855,54.948279,0.017177,0.017835,0.017506,0.531048,2.882422,0.017177,0.016191,2.681543,0.757244,0.017506,-0.000248,0.698065,0.000739,0.001396,0.000410,0.000081,2.431474,0.991395,2.110275,1.132181,1.368650,0.006858,0.721421,2.114141,2.486886,1.051640,2.499451,2.666010,0.011047,-0.000229,1.089978,2.526513
8.584527,55.111656,0.017835,0.016191,0.017506,0.685900,2.936340,0.018164,0.017835,2.688776,0.802614,0.018164,0.001725,0.765134,-0.000248,-0.000905,0.000081,-0.000248,2.486564,0.934694,2.161499,1.002993,1.377993,0.006214,0.730441,2.185339,2.497840,1.192426,2.502672,2.732054,0.010080,0.000093,1.152155,2.634760
8.531301,53.999020,0.018164,0.019150,0.018821,0.809847,2.962971,0.018492,0.018492,2.716064,0.840423,0.018492,0.000081,0.845354,0.000739,0.000410,0.000739,0.000081,2.546165,0.907310,2.195971,0.830312,1.384759,0.005892,0.762980,2.199193,2.475288,1.312272,2.510727,2.770070,0.010402,-0.000874,1.199192,2.717879
9.023006,55.030204,0.016848,0.017177,0.017177,0.725681,2.910696,0.017835,0.017506,2.663789,0.706941,0.017506,0.000739,0.882834,0.000410,-0.000248,-0.000905,-0.000576,2.661178,0.711756,2.256860,0.836111,1.375094,0.005892,0.842555,2.387659,2.449193,1.409565,2.523613,2.806152,0.011047,0.000415,1.234630,2.749129
8.837319,56.632824,0.014876,0.014876,0.015205,0.583323,2.683187,0.016848,0.015862,2.563843,0.506062,0.015205,-0.000905,0.950890,0.000410,0.000410,-0.001234,0.004355,2.717235,0.680828,2.349644,0.838689,1.398290,0.006214,0.946936,2.521358,2.443072,1.488496,2.533922,2.836114,0.009436,0.000093,1.239140,2.803897
10.044019,56.717536,0.016520,0.017177,0.015862,0.694448,2.725598,0.015862,0.015533,2.575679,0.509349,0.017506,0.000739,0.981137,0.000410,0.000081,-0.000248,-0.000248,2.741075,0.669230,2.346100,0.837400,1.431150,0.005892,1.067426,2.620585,2.472067,1.497839,2.538755,2.865753,0.010402,-0.000229,1.275867,2.861243
9.989785,57.693460,0.016520,0.017835,0.018164,0.874944,2.828175,0.018164,0.017506,2.649323,0.744093,0.017177,0.000410,1.177085,0.000410,0.000410,0.000410,0.001067,2.806474,0.706279,2.424708,0.885080,1.495906,0.007181,1.185338,2.777157,2.504605,1.601254,2.543910,2.881861,0.011047,0.000415,1.355119,2.926320
10.080247,57.642652,0.016848,0.017835,0.017835,0.982123,2.860066,0.018492,0.017835,2.642419,0.779271,0.017835,0.000081,1.321087,0.001396,-0.000248,-0.000905,0.000081,2.851900,0.686949,2.512337,0.921163,1.508792,0.006858,1.215300,2.854477,2.539399,1.689205,2.548098,2.884438,0.009436,-0.000551,1.518457,3.019426
10.068173,57.093098,0.020136,0.020136,0.019807,1.247114,2.956067,0.020136,0.019479,2.696666,0.833190,0.019150,0.001067,1.683722,0.001067,0.000739,0.000739,0.001725,2.915044,0.708534,2.562595,0.931150,1.547774,0.007181,1.341266,2.948549,2.581281,1.762336,2.554219,2.892170,0.011047,-0.000551,1.707246,3.115109
10.439324,57.439043,0.019150,0.018821,0.020136,1.324046,2.996834,0.021451,0.019807,2.705872,0.835491,0.019150,0.000081,1.779395,-0.000248,0.000081,0.000739,0.001067,2.946294,0.694359,2.573227,0.905055,1.576769,0.007503,1.358985,3.015882,2.592234,1.813239,2.555185,2.890882,0.012013,0.000415,1.867362,3.175998
11.028744,56.726737,0.019807,0.020136,0.020794,1.391116,3.064232,0.020136,0.019479,2.727900,0.910451,0.021123,0.001067,1.903013,-0.000248,-0.000576,-0.000576,-0.000248,2.925676,0.678250,2.633794,0.896678,1.571937,0.006214,1.387336,3.044233,2.595456,1.827092,2.555185,2.881217,0.012980,-0.000229,1.896035,3.214658
11.076439,56.192800,0.019150,0.019807,0.020136,1.500925,3.117822,0.022109,0.021123,2.764393,0.870012,0.020794,0.000081,1.947397,0.000081,0.000081,0.001067,0.000410,2.917299,0.656343,2.662789,0.890557,1.570004,0.007503,1.369295,3.045843,2.580636,1.811306,2.557763,2.877351,0.011369,0.000415,1.932118,3.237854
11.837539,54.993524,0.020794,0.021451,0.108576,1.505199,3.116178,0.034273,0.020794,2.851518,0.849628,0.021123,0.001067,2.172934,0.001067,0.000081,0.000410,-0.000248,2.907634,0.646356,2.710469,0.910209,1.573225,0.006858,1.379926,3.077416,2.570971,1.846744,2.557763,2.878317,0.010724,-0.000551,1.974965,3.330960
11.833871,52.899057,0.022438,0.023095,0.280195,1.749805,3.156946,0.329511,0.023753,2.882751,0.904862,0.023095,0.000081,2.203510,0.000410,-0.000248,0.024410,0.000081,2.897969,0.642812,2.747196,0.956601,1.588045,0.007825,1.358985,3.099323,2.609631,1.880571,2.555508,2.881217,0.011047,0.000415,2.008793,3.408924
12.152206,51.816696,0.025068,0.024739,0.631653,1.863889,3.190809,0.358772,0.024410,2.920559,0.941356,0.025397,0.000081,2.278470,0.001396,0.000739,0.057616,0.001067,2.897647,0.644423,2.776191,0.970776,1.619295,0.007503,1.382504,3.100289,2.624451,1.834824,2.556152,2.876384,0.010080,-0.000551,2.017491,3.430831
12.143838,51.587270,0.026712,0.025725,1.101468,2.007891,3.206919,0.420910,0.026383,2.877162,0.892369,0.027040,0.000410,2.380717,0.163481,0.000081,0.077671,0.027369,2.901513,0.589655,2.780379,0.979153,1.640558,0.007825,1.426318,3.115109,2.663433,1.877027,2.556152,2.880573,0.011369,0.000093,1.963045,3.468847
12.445398,51.586014,0.027040,0.028027,1.310566,2.151893,3.251632,0.463650,0.027040,2.890970,0.935109,0.027040,0.000410,2.439896,0.304853,0.001067,0.091151,0.043150,2.893459,0.584178,2.781023,0.989784,1.788754,0.008791,1.449192,3.128640,2.730121,1.831924,2.554863,2.887338,0.011369,0.000415,2.010082,3.488177
12.771142,51.505134,0.028356,0.028027,1.453253,2.240661,3.275632,0.551103,0.028684,2.911354,0.970288,0.028684,0.000081,2.624337,0.339703,-0.000248,0.156248,0.053342,2.911500,0.571292,2.833536,1.107697,1.867040,0.009436,1.521679,3.144748,2.790688,1.835468,2.552930,2.910856,0.011369,0.000093,2.057762,3.527803
13.227739,51.707887,0.029342,0.029013,1.592324,2.243949,3.274646,0.566556,0.028684,2.951793,1.002836,0.028027,0.000410,2.763736,0.425512,0.000739,0.158221,0.178933,2.929542,0.554539,2.877351,1.186949,1.972388,0.009114,1.545519,3.136694,2.850933,1.871550,2.554219,2.890560,0.011691,-0.000229,2.070326,3.579028
13.494318,51.251871,0.029671,0.029342,1.825094,2.264004,3.300619,0.634940,0.029999,2.956724,1.015987,0.029999,0.000081,2.888669,0.580693,0.000081,0.317018,0.219701,2.943717,0.562915,2.892493,1.254604,2.013625,0.009436,1.530377,3.143137,2.906024,1.860919,2.551319,2.890560,0.011369,-0.000229,2.136370,3.643138
14.249430,49.357127,0.031643,0.032301,1.956274,2.500719,3.386099,0.706284,0.031314,2.986971,1.223113,0.032301,0.000081,3.024122,0.669461,0.171700,0.588583,0.244030,2.947583,0.550029,2.864464,1.319037,2.082891,0.010402,1.510403,3.125418,2.912145,1.921486,2.549709,2.863820,0.011047,0.000737,2.217556,3.680510
14.720483,48.839389,0.031643,0.031314,1.953972,2.531952,3.411414,0.698065,0.032301,2.969218,1.308923,0.030986,-0.000576,3.104671,0.786504,0.294990,0.674393,0.388361,2.956604,0.589011,2.806152,1.368650,2.084180,0.011047,1.492362,3.091269,2.923743,1.912788,2.549386,2.857699,0.012013,-0.000551,2.253961,3.712082
15.306550,46.688447,0.032301,0.032630,2.046357,2.555952,3.447908,0.725681,0.032301,3.005382,1.363170,0.033287,-0.000248,3.128014,0.853245,0.450170,0.845026,0.470225,2.892493,0.526833,2.718523,1.517491,2.063239,0.543263,1.245261,2.994941,2.935985,1.954025,2.539399,2.814529,0.009758,0.000093,2.262337,3.773938
15.630282,43.660052,0.033287,0.033616,2.156824,2.592775,3.455470,0.820696,0.033287,2.976122,1.419719,0.033287,0.000081,3.195741,0.965027,0.535651,0.947931,0.533021,2.847067,0.629926,2.694039,1.633148,2.098677,0.942748,1.204346,2.885727,2.964980,1.930507,2.535211,2.730121,0.010402,0.000093,2.292621,3.794234
15.864264,39.735006,0.069781,0.033945,2.190359,2.587186,3.483744,0.913081,0.033287,2.991245,1.547940,0.034602,0.000739,3.239139,1.234620,0.580035,1.126454,0.600419,2.805508,0.642168,2.669876,1.733664,2.128961,0.991717,1.169874,2.753639,2.954993,1.869940,2.528768,2.655701,0.011369,0.000415,2.264914,3.794879
16.211764,33.944195,0.274935,0.033287,2.150249,2.541486,3.490319,0.863108,0.034931,2.950478,1.576214,0.034931,0.000081,3.219084,1.307936,0.678667,1.170510,0.709572,2.801320,0.645067,2.687273,1.872839,2.160211,1.027800,1.193070,2.659889,2.961114,1.815171,2.524902,2.586113,0.009758,-0.000229,2.262659,3.798745
15.510008,21.631583,0.393293,0.035917,2.194962,2.548062,3.487032,1.072207,0.034931,2.869929,1.495336,0.076685,0.000739,3.236508,1.478569,0.991000,1.273415,0.859163,2.782312,0.789075,2.681474,2.101254,2.173097,1.233985,1.237851,2.562595,2.966269,1.788432,2.574837,2.585791,0.010724,-0.000874,2.321938,3.768783
9.515155,-1.263611,1.202729,0.040849,2.484609,2.698310,3.550485,1.629804,0.041178,2.795955,1.937862,0.222989,1.173140,3.282865,2.043069,1.523610,1.623886,1.326348,2.744296,0.790686,2.692750,2.296809,2.175352,1.286498,1.255893,2.426319,2.954993,1.793586,2.624451,2.598033,0.010402,0.000415,2.431796,3.720136
0.579683,-15.389061,1.282950,1.055768,2.809764,3.190480,3.849666,2.585871,0.128631,3.085274,2.764064,1.365143,1.736326,3.293715,2.386964,2.176879,2.326799,1.996713,2.684696,1.130893,2.660856,2.320005,2.061628,1.234630,1.170519,2.167620,2.874774,1.552929,2.645392,2.437273,0.010724,0.000737,2.355443,3.576450
-3.546277,-19.975511,1.709038,1.751778,2.888997,3.297331,3.921996,3.209549,1.796820,3.731309,3.338099,2.611515,2.937327,3.232892,2.501048,2.705543,2.913327,3.048123,2.845456,2.098355,2.618008,2.607054,1.990429,1.407632,1.329024,2.641848,2.865431,1.082568,2.700160,2.345456,0.630570,1.452413,2.480121,3.381862
-2.470901,-21.587106,2.239675,2.207784,2.997492,3.330208,3.982161,3.618540,2.713434,4.126162,3.350921,3.215138,3.288454,2.931409,2.728228,2.838367,3.347962,3.346647,2.862209,2.524257,2.633149,2.857699,1.868973,1.990429,1.369617,2.661822,2.885727,0.746872,2.596423,2.281989,1.118006,2.275546,2.518781,3.306153
-3.355115,-22.132605,2.201537,2.176879,2.980396,3.362756,3.966708,3.665226,2.820284,4.156738,3.341715,3.193768,3.296673,2.922203,2.705214,2.798585,3.389387,3.358154,2.960792,2.656667,2.544554,2.916977,1.595455,2.032311,1.454024,2.760083,2.885405,0.100286,2.513948,2.211757,1.132825,2.342556,2.602866,3.261694
-4.270503,-22.224567,1.984877,2.106193,2.930423,3.339414,3.969667,3.587964,2.724941,4.148519,3.323633,3.195083,3.201987,2.877819,2.670693,2.730201,3.364400,3.314756,2.962725,2.740431,2.537144,2.892493,1.399900,2.021679,1.388625,2.720456,2.858343,0.011691,2.509438,2.199837,1.123805,2.300997,2.615430,3.168589
-4.267969,-24.300598,1.942465,2.087125,2.886039,3.303249,3.957174,3.618540,2.594090,4.141614,3.292071,3.142480,3.118151,2.786092,2.586857,2.716064,3.348290,3.305221,2.967557,2.703059,2.543265,2.848034,1.256859,2.007826,1.321614,2.755250,2.829670,0.010402,2.502995,2.165043,1.087078,2.230765,2.592879,3.114143
-5.242413,-26.443993,1.806683,2.080220,2.898532,3.303578,3.937448,3.632348,2.553980,4.142930,3.266755,3.138206,3.056342,2.759790,2.528336,2.622035,3.337112,3.291742,2.889915,2.718845,2.525224,2.828704,0.897323,1.985275,1.260403,2.638626,2.770714,0.010080,2.500417,2.147646,1.047130,2.194038,2.583536,3.089336
-5.267508,-28.027225,1.764600,1.990137,2.858422,3.281221,3.904242,3.622157,2.562857,4.156409,3.261495,3.096781,3.044177,2.732174,2.445485,2.549706,3.326592,3.294372,2.872196,2.731410,2.451770,2.803253,0.480119,1.987852,1.301640,2.576448,2.745585,0.011047,2.495907,2.115752,1.041975,2.181151,2.546809,3.016204
-6.154189,-28.953071,1.632763,1.908273,2.849545,3.257550,3.891420,3.609663,2.357703,4.155423,3.225988,3.034972,3.039575,2.679242,2.329758,2.465540,3.354866,3.341058,2.881861,2.732054,2.406345,2.762338,0.166974,1.956924,1.279733,2.611886,2.713369,0.010402,2.490752,2.111886,1.046163,2.147002,2.516526,2.922776
-6.395262,-29.659549,1.582789,1.878684,2.808120,3.226974,3.865118,3.588951,2.439896,4.154108,3.181275,3.011300,3.001766,2.535240,2.342251,2.333703,3.316728,3.364400,2.865431,2.710791,2.338046,2.720134,0.089333,1.922130,1.288109,2.589335,2.643781,0.011047,2.487208,2.116718,0.987851,2.109953,2.490108,2.854155
-7.202820,-30.644689,1.574241,1.876382,2.744667,3.156946,3.847693,3.562320,2.253812,4.146546,3.120452,2.974807,2.937656,2.382032,2.260058,2.195619,3.245714,3.305879,2.848678,2.711758,2.274579,2.660211,0.012335,1.877349,1.315815,2.589657,2.610276,0.011047,2.469489,2.054540,0.929539,2.023935,2.434695,2.785212
-7.422488,-30.624366,1.345416,1.828710,2.619734,3.050424,3.810213,3.463689,2.072988,4.110381,3.005054,2.860394,2.817983,2.170633,2.193647,2.083837,3.147740,3.277276,2.815173,2.693072,2.228832,2.638626,0.012335,1.798097,1.353509,2.624129,2.596423,0.009758,2.449837,2.072259,0.754604,1.820970,2.401835,2.747840
-7.597332,-30.669333,1.115605,1.758682,2.571733,2.924505,3.782597,3.423908,2.054248,4.083093,2.900504,2.803188,2.697324,1.818190,2.089755,1.973370,3.013602,3.181932,2.807763,2.677608,2.173742,2.590624,0.012657,1.717233,1.314527,2.592234,2.551642,0.010080,2.436306,1.975932,0.715944,1.615429,2.423420,2.675353
-7.829494,-30.410858,0.796367,1.584762,2.417869,2.741379,3.720788,3.345989,1.959561,4.046271,2.857107,2.696666,2.392553,1.646242,1.858957,1.686681,2.883080,3.084616,2.759438,2.655701,2.098999,2.565495,0.011691,1.586756,1.240751,2.551964,2.483020,0.010724,2.410533,1.975288,0.656988,1.413754,2.392814,2.667943
-8.096639,-30.142647,0.523158,1.195496,2.215017,2.672009,3.662595,3.270043,1.377965,4.007476,2.809106,2.609871,2.219291,1.207332,1.423335,1.263223,2.744667,3.013930,2.764271,2.635082,2.072582,2.529090,0.012335,1.437916,1.212078,2.504928,2.473033,0.008791,2.398613,2.009115,0.585145,1.310339,2.416654,2.660211
-8.369003,-29.857573,0.232523,0.898615,2.041754,2.606583,3.587307,3.123082,1.028809,3.961777,2.730859,2.584227,2.026960,0.870999,1.070892,1.063330,2.697653,2.889326,2.752028,2.625740,2.050674,2.509760,0.012335,1.191137,1.257181,2.496873,2.419876,0.009114,2.378317,2.023935,0.468521,1.214655,2.406667,2.637660
-8.513761,-29.422377,0.051370,0.688530,1.972383,2.506308,3.547197,3.049109,0.661242,3.921009,2.608556,2.426745,1.711339,0.703325,0.805573,0.870012,2.607569,2.756503,2.742363,2.592234,2.059373,2.443394,0.010724,1.108985,1.252349,2.480765,2.419232,0.010080,2.378961,2.057118,0.364139,1.071292,2.338368,2.610276
-8.504471,-29.212722,0.049397,0.499815,1.702791,2.393868,3.519909,3.004067,0.256852,3.850981,2.456335,2.327128,1.457856,0.589241,0.626721,0.613570,2.414581,2.565158,2.725611,2.554219,2.034244,2.391847,0.011047,1.094810,1.318715,2.486564,2.365752,0.009114,2.369940,2.038110,0.245905,0.931794,2.247195,2.561307
-8.866369,-29.541421,0.045123,0.295976,1.399664,2.211400,3.451196,2.942916,0.045452,3.825008,2.236058,2.160112,1.292813,0.446883,0.547816,0.259482,2.333046,2.367567,2.717235,2.532312,1.999128,2.329670,0.010724,1.043908,1.345455,2.479154,2.362208,0.008469,2.379283,2.039076,0.118005,0.748482,2.193716,2.546487
-8.996144,-30.248681,0.043150,0.042821,1.165907,2.128550,3.428182,2.854477,0.044465,3.776679,2.146632,2.064768,1.072865,0.223646,0.343977,0.000410,2.260716,2.290634,2.681152,2.506861,1.946937,2.280700,0.010402,0.932439,1.288109,2.462402,2.343201,0.009758,2.346422,2.032955,0.077735,0.607052,2.164399,2.517492
-10.063396,-30.468229,0.042164,0.042164,1.029138,1.957918,3.404182,2.775900,0.042164,3.725719,2.023014,2.012494,0.933794,0.037561,0.002054,0.001725,2.221592,2.249209,2.630894,2.495907,1.854153,2.167943,0.009758,0.797129,1.245261,2.440494,2.249450,0.009114,2.324837,2.056151,0.078057,0.376060,2.038432,2.450804
-9.571843,-30.049023,0.039205,0.039205,0.747052,1.827067,3.328235,2.716393,0.040849,3.708623,1.932273,1.893150,0.834176,0.000739,-0.000576,-0.001563,2.185427,2.101919,2.606088,2.452092,1.754604,2.105765,0.010724,0.746227,1.175029,2.413110,2.164399,0.008147,2.299064,2.060984,0.008469,0.203057,1.938883,2.329347
-10.473999,-30.654135,0.038876,0.037890,0.578392,1.690955,3.269057,2.632556,0.038547,3.651746,1.836272,1.733038,0.649735,-0.000905,0.000739,0.000739,2.123618,2.109810,2.598356,2.463368,1.754282,2.079669,0.009758,0.623482,1.205313,2.391525,2.070326,0.008147,2.309695,2.075803,0.008469,0.137980,1.821937,2.331603
-10.874962,-30.876080,0.036904,0.036575,0.519213,1.495665,3.216453,2.611186,0.037561,3.631033,1.702133,1.654790,0.537624,-0.000248,-0.000576,-0.000248,2.056878,1.959233,2.625740,2.473355,1.731409,2.077092,0.010080,0.552606,1.200802,2.361886,2.061628,0.007825,2.311628,2.062594,0.009436,-0.000551,1.724965,2.274901
-10.987574,-30.636283,0.035589,0.035589,0.303538,1.401307,3.200672,2.447458,0.034273,3.616239,1.446020,1.600872,0.367649,0.000410,-0.000248,0.000410,1.981260,1.869149,2.641526,2.472389,1.697903,2.101254,0.009114,0.350609,1.182439,2.346422,2.038754,0.008791,2.312917,2.053574,0.007825,-0.000874,1.620906,2.232053
-10.947719,-31.116167,0.032630,0.031972,0.071425,1.249415,3.164836,2.351457,0.033287,3.572841,1.387170,1.472980,0.232852,-0.000248,0.000410,0.001067,1.904657,1.777422,2.662789,2.527801,1.698225,2.039399,0.010080,0.166008,1.182117,2.335791,1.888947,0.006536,2.312595,2.064527,0.008469,0.000093,1.575158,2.182440
-11.693591,-31.303471,0.032630,0.031972,0.031972,1.197798,3.166151,2.230140,0.032301,3.549498,1.338183,1.383554,0.073397,0.000410,0.000739,0.000081,1.857971,1.682078,2.704026,2.559051,1.628638,1.958857,0.009758,0.000093,1.196292,2.299708,1.898290,0.007181,2.317749,2.086435,0.008791,-0.000229,1.408921,2.130249
-12.630722,-32.395709,0.030657,0.030657,0.029999,1.089961,3.139521,2.195290,0.030986,3.533717,1.293142,1.244812,0.000081,0.000081,0.000081,0.001396,1.829039,1.630132,2.737531,2.523935,1.624450,1.910532,0.007825,-0.000551,1.186305,2.201770,1.882504,0.007503,2.318072,2.121873,0.008469,-0.000874,1.270712,2.084824
-13.401601,-33.156075,0.030328,0.030328,0.029671,0.894341,3.109274,2.169975,0.030986,3.525827,1.164263,1.207332,0.000410,0.000410,0.000081,0.000410,1.777751,1.650188,2.791333,2.572904,1.625094,1.794231,0.008469,0.000415,1.191782,2.205636,1.879605,0.007503,2.336113,2.155056,0.008469,0.000093,1.092555,2.022646
-13.632935,-33.957120,0.029342,0.029013,0.029013,0.802943,3.081328,2.143016,0.029999,3.569224,1.181688,1.179715,-0.000248,0.000081,0.000410,0.000739,1.748161,1.705421,2.839335,2.614786,1.628960,1.687272,0.007825,-0.000229,1.191782,2.177930,1.859952,0.007825,2.352543,2.181151,0.008469,-0.000551,0.942104,1.840945
-14.098019,-35.227165,0.029671,0.029671,0.029013,0.750339,3.046479,2.121974,0.029013,3.587964,1.193195,1.155715,0.000410,0.000081,0.000081,-0.000248,1.746518,1.757696,2.902802,2.651191,1.737852,1.711434,0.007825,-0.000229,1.248483,2.199193,1.808084,0.006536,2.367685,2.201126,0.009114,0.000093,0.703379,1.743006
-15.956061,-37.095104,0.029342,0.029671,0.029013,0.741134,3.041547,2.119673,0.029671,3.621828,1.195825,1.156701,-0.000248,-0.000576,-0.000248,0.000739,1.731394,1.764600,2.924387,2.664399,1.756215,1.706602,0.007825,-0.000874,1.281021,2.214657,1.722710,0.007503,2.391525,2.235597,0.009436,-0.000551,0.623805,1.603831
-17.529457,-38.024693,0.029999,0.029999,0.031972,0.798340,3.027739,2.112111,0.029999,3.704021,1.227058,1.182674,0.000739,0.001396,-0.000248,0.000739,1.664653,1.728106,3.015560,2.658600,1.730764,1.667942,0.006858,-0.000551,1.334179,2.209824,1.410854,0.005892,2.451126,2.228832,0.008147,-0.000229,0.594165,1.466589
-19.214863,-39.877690,0.029342,0.029342,0.029342,0.793737,3.013930,2.146632,0.030657,3.732624,1.243497,1.143879,0.000081,-0.000248,0.000081,0.000410,1.654133,1.733038,3.081604,2.666977,1.841589,1.609630,0.006858,-0.000229,1.388625,2.219167,1.371228,0.060016,2.518781,2.264270,0.010402,0.000415,0.534887,1.449836
-20.649219,-40.598597,0.031314,0.031314,0.030657,0.878889,2.974149,2.153865,0.029671,3.735583,1.303662,1.160647,0.000410,0.000739,0.001067,0.001067,1.605803,1.743230,3.132184,2.691139,1.949837,1.570326,0.007503,-0.000551,1.470777,2.144424,1.380893,0.065492,2.541332,2.279412,0.008147,-0.000551,0.396356,1.216588
-21.630603,-40.071806,0.030328,0.029013,0.029342,0.846012,2.944889,2.162413,0.031314,3.752350,1.305964,1.179715,0.000410,0.000410,-0.000248,-0.000248,1.592324,1.689969,3.192429,2.675675,2.031667,1.415364,0.005892,-0.000229,1.443071,2.136692,1.418264,0.248482,2.552930,2.284889,0.008791,-0.000551,0.046163,0.839655
-23.957609,-39.971263,0.029671,0.030657,0.029999,0.776641,2.934368,2.090412,0.029342,3.752021,1.206017,1.124482,-0.000576,0.000410,0.000739,0.001067,1.521967,1.632105,3.286823,2.779735,2.126383,1.339333,0.006214,0.000415,1.469810,2.103509,1.339978,0.370261,2.580314,2.303896,0.009114,0.000737,0.067425,0.725287
-23.331341,-38.055215,0.029342,0.029013,0.028027,0.674722,2.914970,2.038138,0.028356,3.727363,1.197798,1.004151,0.000739,0.000739,0.000739,0.000410,1.255333,1.441418,3.351901,2.904735,2.228510,1.385725,0.006536,-0.000551,1.590944,2.175352,1.386047,0.783598,2.626706,2.392814,0.009114,-0.000551,0.185982,0.631859
-23.417662,-34.939658,0.027698,0.027040,0.026712,0.593186,2.914313,1.941479,0.028684,3.706979,1.161962,0.846341,-0.000576,-0.000905,-0.000576,-0.000576,0.813135,1.316484,3.412146,3.005251,2.329025,1.368328,0.006214,-0.000874,1.831924,2.121551,1.399578,0.919552,2.661178,2.478510,0.009436,-0.000551,0.397967,0.497194
-23.639390,-27.593985,0.025397,0.026054,0.025725,0.434389,2.772613,1.732709,0.025725,3.630705,1.104427,0.686886,-0.000576,0.000739,0.001067,0.001067,0.563926,1.151770,3.421811,3.130573,2.368329,1.446292,0.006858,0.000415,1.942749,2.022646,1.426318,0.931150,2.673742,2.478188,0.010402,0.001059,0.378315,0.419230
-18.949413,-11.312102,0.023753,0.023095,0.022766,0.266387,2.678255,1.242182,0.022766,3.545224,0.986069,0.572145,0.000410,0.001067,0.000081,0.000081,0.304524,0.599104,3.439530,3.100612,2.395713,1.605764,0.006536,-0.000229,1.916976,1.975932,1.369295,0.962400,2.675675,2.501062,0.010724,0.000093,0.354797,0.561949
-9.333042,8.559136,0.018164,0.018164,0.018164,0.019150,2.403074,0.355484,0.019479,3.347962,0.806888,0.599433,0.000081,-0.000248,0.000081,0.000739,0.001067,0.000081,3.339014,2.979477,2.463046,1.497194,0.006858,0.000093,1.792298,1.848032,1.387336,0.955957,2.639915,2.453703,0.009758,-0.000229,0.373804,0.671163
-0.252005,22.960755,0.015533,0.014876,0.015862,0.016520,2.202852,0.014876,0.014876,2.988286,0.651379,0.390663,0.000410,0.000410,0.000410,0.000081,-0.000576,-0.000576,2.855444,2.527801,2.303896,1.525223,0.864784,0.004281,1.412143,1.622517,1.550029,0.860596,2.509116,2.250739,0.009436,-0.000874,0.045196,0.675351
3.079930,32.928140,0.012246,0.012574,0.012903,0.013561,2.064111,0.013232,0.012246,2.409978,0.551761,0.012574,0.000081,0.000081,0.000081,0.001067,0.000739,0.000739,2.118973,2.050352,2.040365,1.448870,1.274900,0.005248,0.877026,1.137658,2.035533,0.541330,2.449515,2.075159,0.008469,-0.000551,-0.000229,0.741073
5.395492,38.311390,0.012903,0.013232,0.012246,0.011917,2.158468,0.013232,0.013232,2.290963,0.656968,0.012903,0.000739,0.000081,-0.000576,-0.000248,0.000410,-0.000248,1.923097,1.717233,2.020069,1.250094,1.402478,0.006214,0.723031,0.919552,2.358020,0.568714,2.445005,2.101899,0.007825,-0.000229,0.000093,0.860918
5.769550,42.018948,0.012574,0.012903,0.012903,0.012903,2.189373,0.012903,0.012246,2.259401,0.637899,0.012574,-0.000248,0.000410,0.000739,0.001067,0.000081,0.000081,1.922130,1.554540,2.015236,1.148934,1.321936,0.005248,0.663753,1.042297,2.479799,0.637013,2.444038,2.130894,0.007181,-0.000551,-0.000551,1.256215
6.343087,44.311629,0.012903,0.012574,0.011917,0.012246,2.260387,0.012574,0.012903,2.246907,0.536637,0.013561,0.000739,-0.000248,-0.000248,-0.000576,-0.000576,0.000081,1.952736,1.497194,1.962723,1.198869,1.196292,0.005248,0.673418,1.264913,2.467234,0.650222,2.449837,2.196615,0.008791,0.000093,0.057438,1.554540
7.009293,45.608008,0.013890,0.013890,0.013890,0.013232,2.390252,0.012903,0.012574,2.280442,0.529733,0.012246,0.000081,0.000410,0.000739,0.000410,0.000739,0.000081,1.894746,1.465944,1.895391,1.237529,1.195970,0.005248,0.631214,1.449192,2.455636,0.668908,2.446938,2.249128,0.008791,-0.000551,0.394101,1.743329
7.637023,48.661314,0.012574,0.012574,0.012246,0.012903,2.434965,0.014218,0.013561,2.314963,0.472856,0.012574,-0.000576,0.117782,-0.000576,0.000081,0.000081,0.002711,1.906989,1.376382,1.840945,1.204346,1.204668,0.005892,0.604475,1.673419,2.427930,0.703057,2.452737,2.305829,0.008791,0.005248,0.605119,2.038110
8.384007,50.152424,0.013561,0.013232,0.013561,0.012903,2.514527,0.013232,0.012574,2.343566,0.455760,0.014547,0.001067,0.389019,0.000739,-0.000248,-0.000248,-0.000576,1.833213,1.212400,1.878638,1.170841,1.239140,0.006214,0.549707,1.605442,2.456925,0.782632,2.452737,2.300675,0.008147,0.000093,0.592877,2.114785
8.525030,51.537009,0.013232,0.012903,0.013890,0.013561,2.555952,0.013561,0.013561,2.330415,0.392964,0.012574,-0.000248,0.613899,0.000410,0.000739,0.000739,0.000410,1.923419,1.118650,1.891525,1.147323,1.262980,0.005570,0.554539,1.688883,2.443716,0.817748,2.454670,2.339657,0.009436,-0.000229,0.769423,2.203059
8.755671,51.510703,0.013561,0.012246,0.013232,0.014218,2.569432,0.012903,0.012574,2.351457,0.347922,0.013890,0.002054,0.756586,0.000081,0.000410,-0.000248,-0.000248,1.949837,0.849642,1.883793,1.031666,1.269424,0.005892,0.507181,1.743973,2.399579,0.841910,2.459502,2.339657,0.009436,-0.000229,0.815815,2.243651
9.087858,50.319884,0.012574,0.013232,0.012903,0.014547,2.534911,0.014218,0.013561,2.358032,0.305182,0.012246,-0.000905,0.800970,0.001067,0.001067,0.000410,0.000410,1.948548,0.702091,1.879282,0.813560,1.262014,0.006214,0.483663,1.896035,2.376706,0.876060,2.462080,2.350610,0.009758,0.000415,0.851253,2.295520
9.453621,51.260527,0.013890,0.013890,0.013890,0.013890,2.600665,0.012903,0.013232,2.383348,0.451157,0.014218,0.001725,0.902232,0.000410,0.000081,-0.000576,-0.000905,1.990429,0.647323,1.975610,0.842877,1.285854,0.005892,0.571936,2.039399,2.409889,0.885725,2.469167,2.414399,0.010402,-0.000229,0.982374,2.468201
9.597985,50.476592,0.013232,0.013232,0.013232,0.104959,2.591131,0.014876,0.014876,2.400115,0.459376,0.013890,-0.000576,0.898944,-0.000248,0.000081,0.000410,0.001067,2.051319,0.661820,2.040365,0.828057,1.285210,0.005570,0.636047,2.159888,2.405378,1.068070,2.483020,2.503961,0.009114,0.000093,1.205635,2.608343
9.944072,50.596530,0.015205,0.015533,0.015205,0.408088,2.566473,0.014218,0.013890,2.394197,0.416636,0.014218,0.001725,0.954507,0.001067,0.000410,0.000081,-0.001234,2.401512,0.692104,2.201770,0.835789,1.358663,0.006214,0.816137,2.396036,2.398291,1.316782,2.503961,2.705959,0.010402,0.000093,1.279089,2.697905
9.878896,51.602437,0.014876,0.014218,0.013890,0.466938,2.601652,0.015205,0.015533,2.430362,0.411704,0.015205,0.001067,1.003165,-0.001234,-0.001234,-0.000248,0.000410,2.625095,0.695003,2.339979,0.837400,1.375738,0.005570,0.946936,2.554863,2.451448,1.459179,2.525224,2.766848,0.010724,0.000093,1.270390,2.765237
10.455886,51.353887,0.015862,0.015862,0.015862,0.535322,2.655570,0.015205,0.014547,2.468828,0.447869,0.015205,0.001067,1.054125,0.000410,0.000410,-0.000905,0.000081,2.706925,0.674707,2.425997,0.826769,1.435339,0.007181,1.005892,2.667621,2.498806,1.527156,2.529412,2.792621,0.010402,-0.000229,1.314849,2.848678
10.826928,52.364733,0.016520,0.018821,0.015862,0.701681,2.716393,0.017177,0.017177,2.576007,0.490938,0.017177,-0.000248,1.160318,-0.000905,0.000081,0.001067,0.000410,2.756861,0.677928,2.446293,0.832245,1.455313,0.007181,1.033276,2.734632,2.530379,1.550996,2.532956,2.819683,0.011047,0.000737,1.381537,2.955959
11.626437,51.918822,0.017835,0.017835,0.017506,0.815765,2.792339,0.016848,0.017177,2.685159,0.590556,0.017506,0.001067,1.156701,0.001396,0.000081,0.000081,0.000410,2.789077,0.612529,2.485275,0.827413,1.489140,0.006858,1.021679,2.780701,2.540044,1.589978,2.536178,2.823871,0.010724,-0.000551,1.466589,2.999129
11.865842,52.764241,0.017835,0.017835,0.016848,1.062015,2.838367,0.018492,0.018821,2.707187,0.622447,0.017835,-0.000248,1.271443,0.000081,-0.000248,-0.000248,0.000410,2.830315,0.599642,2.481409,0.840622,1.509759,0.006858,1.011047,2.896681,2.571938,1.701769,2.538111,2.829348,0.010402,-0.000229,1.561627,3.067429
12.129988,50.564753,0.019807,0.020136,0.019807,1.211606,2.970204,0.020136,0.019150,2.738749,0.751326,0.019479,0.000410,1.705092,0.001725,0.000739,0.000081,0.000739,2.960792,0.635402,2.590301,0.893457,1.538109,0.007825,1.048096,2.985598,2.586758,1.774256,2.545520,2.840302,0.011369,0.001704,1.690171,3.128640
12.112307,49.441658,0.019807,0.019807,0.019479,1.357910,3.011300,0.020136,0.020136,2.740393,0.823984,0.020136,0.001396,1.903999,0.000410,-0.000248,-0.000905,-0.000248,2.979477,0.634436,2.625417,0.916330,1.551318,0.007503,1.030377,3.022648,2.560662,1.842878,2.545198,2.839657,0.010080,-0.000229,1.735919,3.181475
12.139182,48.141400,0.019479,0.019807,0.019479,1.396705,3.092835,0.021123,0.020465,2.734475,0.873300,0.018821,-0.000248,1.979945,0.000410,-0.000248,0.000739,0.000410,2.981088,0.616073,2.649902,0.921163,1.555184,0.007503,1.041653,3.028769,2.572582,1.866718,2.547131,2.829993,0.011691,-0.000229,1.793909,3.212725
11.908684,48.020468,0.020136,0.020794,0.021780,1.421691,3.111247,0.021451,0.020794,2.826860,0.883821,0.020465,-0.000248,1.997370,0.000739,0.001396,0.000081,-0.000248,2.974001,0.543263,2.650224,0.911498,1.568715,0.007503,1.043264,3.061630,2.608665,1.831280,2.544554,2.811307,0.011047,0.000415,1.840945,3.323228
12.469498,47.169571,0.021451,0.021123,0.099042,1.456870,3.123411,0.070438,0.021123,2.853161,0.987384,0.022438,0.001067,2.114741,0.000081,-0.000248,0.000081,-0.000576,2.955637,0.489462,2.628961,0.922129,1.600609,0.007825,1.035854,3.065496,2.658923,1.839656,2.543265,2.796487,0.010724,-0.000229,1.902156,3.361244
12.733055,48.154851,0.021451,0.022109,0.169070,1.482185,3.129329,0.278551,0.022438,2.880778,0.981137,0.022438,0.000081,2.104550,0.000081,0.000081,0.000081,0.000410,2.932441,0.497838,2.618330,0.919230,1.614785,0.007503,1.003315,3.065818,2.696294,1.823548,2.542299,2.813240,0.011369,-0.000229,1.910532,3.363499
13.268928,48.285894,0.023424,0.024081,0.375539,1.591995,3.147083,0.345621,0.023095,2.883080,0.998891,0.023424,-0.000248,2.185756,0.001725,0.001396,0.040191,0.000081,2.896681,0.492039,2.607376,0.906021,1.639269,0.007503,0.990751,3.045521,2.705959,1.832891,2.541332,2.808407,0.010080,-0.000229,1.903123,3.354156
13.350929,48.761131,0.024081,0.023753,0.576748,1.750134,3.163521,0.401512,0.024739,2.880121,0.991658,0.024739,0.000739,2.207455,-0.000576,-0.000576,0.071425,0.000081,2.900869,0.493006,2.611242,0.946292,1.635725,0.007825,0.999771,3.065818,2.714013,1.820326,2.543910,2.843523,0.010724,0.000093,1.970455,3.444684
12.858054,47.344738,0.025725,0.026054,0.819381,1.872766,3.182261,0.418937,0.024739,2.918916,1.012699,0.025725,0.001396,2.327128,0.192084,0.000410,0.107590,0.006657,2.901191,0.498804,2.637982,1.099965,1.661499,0.007503,1.002671,3.070006,2.738175,1.836434,2.544554,2.858021,0.010724,0.000415,2.091589,3.522326
13.559679,49.036067,0.026054,0.026054,0.912095,1.979288,3.222371,0.469568,0.026712,2.936340,0.968315,0.026054,-0.000248,2.472116,0.316689,-0.000576,0.123700,0.056630,2.895714,0.556150,2.630250,1.253315,1.699836,0.008469,1.001704,3.082892,2.787789,1.822903,2.543587,2.841590,0.010080,-0.000229,2.098999,3.560986
13.526500,49.467868,0.027369,0.027369,1.208976,2.098632,3.234207,0.524473,0.027040,2.918258,0.936095,0.028027,0.001067,2.466527,0.378827,-0.000248,0.146056,0.005013,2.867686,0.454346,2.616075,1.306473,1.706602,0.071291,0.940171,3.029091,2.877029,1.834501,2.543587,2.870908,0.010724,0.000093,2.119296,3.585471
14.092469,49.461296,0.028027,0.028027,1.345416,2.212058,3.256235,0.606995,0.028684,2.970204,1.051166,0.029013,-0.000576,2.582583,0.516911,0.001067,0.329840,0.160851,2.872196,0.448547,2.616719,1.316138,1.704347,0.160209,0.940815,3.005573,2.902802,1.875416,2.542943,2.856410,0.011369,-0.000229,2.203381,3.634762
14.154959,50.120534,0.029671,0.028684,1.598570,2.208770,3.273331,0.662557,0.029013,2.953108,1.021576,0.029671,0.000410,2.633871,0.639214,0.082603,0.478116,0.237784,2.865109,0.418585,2.601577,1.415364,1.717233,0.284243,0.947581,2.990753,2.897003,1.874128,2.541654,2.850611,0.010724,0.000737,2.227543,3.662791
14.133803,50.109041,0.029999,0.030657,1.785970,2.297209,3.327907,0.683927,0.029999,2.980396,0.999877,0.029671,0.000081,2.782476,0.681955,0.173015,0.557350,0.244688,2.833536,0.405054,2.601255,1.418908,1.702736,0.399900,0.910854,2.960792,2.914722,1.876061,2.541654,2.860276,0.011047,-0.000229,2.227221,3.680832
14.607692,49.356912,0.029013,0.029999,1.848437,2.370525,3.357496,0.718448,0.030986,2.954752,1.073522,0.030986,-0.000905,2.925820,0.761518,0.219372,0.702996,0.334443,2.850289,0.498160,2.625095,1.454669,1.721744,0.504603,0.917619,2.953060,2.935341,1.858019,2.541332,2.851578,0.011369,-0.000551,2.230120,3.699195
14.315653,47.845169,0.031643,0.031972,1.911890,2.433978,3.446264,0.850615,0.031972,2.972505,1.257634,0.031314,-0.000248,2.983684,0.851601,0.391978,0.764148,0.446554,2.846101,0.516201,2.639271,1.560339,1.719811,0.660209,0.957245,2.923743,2.944039,1.834179,2.541977,2.803575,0.010724,-0.000551,2.370585,3.738822
14.501468,44.531683,0.033287,0.033287,1.969096,2.493486,3.464675,0.995932,0.033287,3.023794,1.333252,0.033287,0.000081,3.090205,0.996589,0.490281,0.917355,0.482719,2.830315,0.575158,2.634116,1.642491,1.754604,0.845132,1.076769,2.846745,2.980444,1.849321,2.543910,2.811951,0.011369,0.000415,2.432440,3.761373
13.968377,37.563087,0.060575,0.032301,1.966794,2.455348,3.456785,0.950890,0.032958,3.045492,1.352320,0.032301,-0.000905,3.146754,1.101468,0.571159,1.074180,0.550446,2.778768,0.612207,2.630572,1.678251,1.959824,0.950158,1.121872,2.726900,3.017493,1.803251,2.537788,2.779090,0.010402,-0.000874,2.387337,3.751386
12.909437,31.592056,0.133563,0.032301,1.922410,2.380389,3.454812,0.862451,0.031643,2.920888,1.297744,0.032630,0.001067,3.137877,1.350348,0.659269,1.110344,0.701681,2.778124,0.548096,2.625740,1.853187,2.113819,1.009758,1.189527,2.736242,3.033601,1.779733,2.533922,2.764915,0.010724,0.000093,2.390559,3.738500
11.162006,19.147793,0.415649,0.034273,2.031891,2.422800,3.532731,1.058070,0.034602,2.904450,1.576543,0.033945,0.127974,3.142480,1.593968,1.052481,1.285251,0.843382,2.820972,0.651833,2.646036,1.937272,2.180829,1.253960,1.350287,2.657634,3.020392,1.822581,2.565817,2.669876,0.011047,0.000093,2.426319,3.730445
8.282504,1.838280,1.173140,0.037561,2.102577,2.426745,3.522868,0.994617,0.036246,2.729544,1.759011,0.227592,1.450623,3.161220,1.977973,1.291169,1.431554,0.968315,2.800031,0.511047,2.632183,2.214334,2.146035,1.356408,1.248161,2.723678,3.041977,1.787143,2.623484,2.677608,0.009758,0.000093,2.406989,3.687597
6.098787,-16.502566,1.336868,0.976534,2.457650,2.664447,3.633006,1.756709,0.046109,2.705543,2.126906,0.695763,1.911232,3.175686,2.246907,1.922410,1.898081,1.482185,2.743330,1.000416,2.571616,2.341912,1.966267,1.008470,1.164076,2.422131,2.921810,1.668264,2.631216,2.659245,0.011047,0.000093,2.388304,3.494942
0.207471,-26.475432,1.451609,1.726462,2.599350,2.913655,3.815474,2.601652,0.140138,3.111575,2.865983,1.949369,2.324169,3.137220,2.331730,2.289977,2.366251,1.958575,2.817750,1.923419,2.580959,2.436628,1.892813,1.124127,1.141202,2.555185,2.820650,1.469166,2.664722,2.568716,0.011047,0.621227,2.463690,3.315496
-3.070472,-33.400844,1.752764,1.741257,2.798914,3.131302,3.890762,3.227632,1.796491,3.743473,3.246700,2.749927,2.853161,2.917601,2.394855,2.592446,2.901820,3.010314,2.803897,2.486564,2.532312,2.585147,1.660532,1.358985,1.174385,2.701126,2.778124,0.877993,2.694039,2.362208,0.612851,1.514269,2.585469,3.215947
-3.496181,-36.386291,2.064768,2.112440,2.950478,3.327907,4.007147,3.676075,2.495787,4.122217,3.331523,3.148727,3.234207,2.858422,2.695023,2.749927,3.373606,3.362099,2.835147,2.672776,2.526190,2.817428,1.350287,1.961435,1.162787,2.660211,2.800675,0.110273,2.517170,2.294876,1.109307,2.219167,2.479476,3.141849
-3.416703,-37.419513,2.309045,2.209099,3.016561,3.422593,4.010435,3.757281,2.948834,4.178766,3.404839,3.242755,3.315085,2.923190,2.712776,2.807133,3.439689,3.374592,2.969490,2.706925,2.535855,2.886049,1.070325,2.139592,1.233985,2.688240,2.848034,0.011369,2.521358,2.205958,1.168264,2.364786,2.494618,3.073227
-4.174353,-37.943531,2.146632,2.158797,2.995190,3.395305,3.992353,3.744788,2.841983,4.176793,3.372948,3.270043,3.268399,2.871244,2.705543,2.754530,3.401551,3.347962,3.005573,2.744619,2.535211,2.849967,0.949191,2.123484,1.274900,2.731732,2.834181,0.010724,2.516848,2.205958,1.151511,2.354154,2.503961,2.955637
-4.244636,-38.282472,1.947726,2.052932,2.963957,3.391359,3.982489,3.720130,2.760448,4.172848,3.367688,3.155631,3.202316,2.796284,2.636501,2.737105,3.374263,3.309167,2.985921,2.758150,2.488819,2.827093,0.640557,2.105765,1.292619,2.711113,2.822261,0.011691,2.509116,2.159244,1.109630,2.311628,2.474322,2.858021
-5.099963,-38.663841,1.892492,2.035179,2.877490,3.345660,3.957503,3.695472,2.622364,4.174163,3.325934,3.129987,3.129329,2.728228,2.496445,2.690749,3.355523,3.311797,2.885727,2.704992,2.401190,2.777480,0.103508,2.067427,1.256537,2.742686,2.772003,0.010402,2.500739,2.151834,1.124127,2.220778,2.458536,2.819361
-6.063365,-39.326256,1.762627,2.004274,2.814038,3.302263,3.899968,3.621499,2.592117,4.153779,3.283194,3.100397,3.020177,2.599679,2.369868,2.610200,3.330208,3.317057,2.875096,2.660856,2.382827,2.729477,0.012980,1.996228,1.083534,2.684052,2.653124,0.009758,2.493330,2.171164,1.111885,2.129927,2.386693,2.799065
-7.254504,-40.145258,1.654133,1.875725,2.820942,3.266427,3.901612,3.593225,2.426417,4.149505,3.234207,3.056999,2.977108,2.436280,2.389594,2.501705,3.303578,3.315085,2.870585,2.643781,2.372518,2.712402,0.012335,1.972388,1.076769,2.627673,2.601255,0.011369,2.485275,2.090623,0.996227,2.019424,2.283922,2.722389
-8.203954,-41.446847,1.610077,1.919780,2.813709,3.216125,3.899310,3.589280,2.303456,4.150491,3.188837,3.035958,2.932724,2.346196,2.359018,2.373813,3.276947,3.327578,2.863498,2.673742,2.343201,2.682763,0.012013,1.966267,1.197581,2.654412,2.565817,0.010724,2.480121,2.082247,0.948869,1.879282,2.264592,2.655379
-9.558713,-41.660820,1.557145,1.927013,2.727242,3.140178,3.878269,3.545553,2.153865,4.133724,3.142809,3.018533,2.935683,2.204167,2.282415,2.254469,3.212508,3.326920,2.850611,2.661500,2.279734,2.653446,0.012335,1.961112,1.281666,2.642492,2.538755,0.009758,2.467879,2.083213,0.907632,1.788110,2.251383,2.616075
-10.268223,-41.325398,1.351005,1.849423,2.665433,3.078698,3.842762,3.487689,2.046357,4.124518,3.065876,2.939299,2.835408,1.940493,2.173263,2.160441,3.142809,3.266427,2.831603,2.651835,2.271680,2.602866,0.012657,1.912465,1.284565,2.638304,2.493652,0.010402,2.457569,2.053252,0.751704,1.633470,2.231409,2.601255
-11.126826,-40.390730,1.155386,1.757038,2.575679,2.989273,3.798707,3.390373,2.059179,4.095258,2.940615,2.811736,2.689105,1.738298,1.992110,2.069371,3.036616,3.168782,2.809052,2.651191,2.233986,2.543910,0.011369,1.756860,1.249127,2.639593,2.464657,0.009114,2.437273,2.027478,0.719165,1.384759,2.232376,2.579992
-12.115530,-38.588463,0.821354,1.591995,2.438252,2.901820,3.769775,3.347962,1.927013,4.061066,2.895244,2.647680,2.382361,1.492377,1.704106,1.882958,2.897546,3.115521,2.813562,2.636049,2.245907,2.467879,0.012335,1.642491,1.271357,2.575804,2.443394,0.009114,2.413755,2.032633,0.634436,1.257826,2.198226,2.507183
-12.295522,-36.438428,0.484034,1.170839,2.247894,2.700940,3.725062,3.296345,1.262895,4.017997,2.793983,2.517157,2.047015,0.919657,1.331608,1.592652,2.748283,3.028068,2.761371,2.583214,2.225610,2.464979,0.011369,1.388625,1.253960,2.553575,2.382505,0.009758,2.371873,2.036499,0.522967,1.115429,2.182118,2.517814
-11.679996,-33.321453,0.054000,0.673407,1.936219,2.533596,3.642540,3.168124,0.765792,3.972297,2.645707,2.366909,1.720873,0.615543,0.834176,1.160647,2.586528,2.852175,2.696616,2.499773,2.169876,2.440172,0.011369,1.181150,1.243650,2.509116,2.343201,0.008469,2.338368,1.983342,0.404088,0.897323,2.173097,2.470134
-11.332338,-31.241597,0.047753,0.417951,1.680106,2.363292,3.538978,3.004725,0.068795,3.885173,2.373813,2.229154,1.367115,0.377841,0.561624,0.798669,2.448115,2.622364,2.683085,2.429541,2.177285,2.398291,0.012335,1.021679,1.275545,2.522647,2.367685,0.008791,2.372518,2.043587,0.231730,0.709178,2.143458,2.448226
-10.791114,-30.339569,0.044137,0.044794,1.300046,2.138084,3.454483,2.856449,0.044794,3.812844,2.117372,2.120659,1.140592,0.176632,0.265729,0.406115,2.345868,2.350142,2.696938,2.419554,2.176641,2.315816,0.010724,0.998805,1.247516,2.528446,2.405701,0.009758,2.349644,2.019102,0.131536,0.409565,1.973999,2.475933
-9.750661,-29.686049,0.042493,0.042164,1.089303,1.966794,3.466319,2.735461,0.041178,3.759912,1.918136,2.013480,0.985740,0.001067,0.000410,0.137508,2.304442,2.312991,2.687595,2.410211,2.172131,2.243651,0.010080,0.876060,1.247194,2.509760,2.402479,0.010724,2.407634,2.053574,0.008469,0.166330,1.917620,2.480765
-10.276189,-30.268122,0.039534,0.038876,0.869355,1.818847,3.405825,2.659187,0.040849,3.674431,1.847450,1.809970,0.778942,-0.000248,0.000739,0.001067,2.226524,2.083179,2.690817,2.404090,2.154089,2.187917,0.010402,0.822903,1.209501,2.538111,2.391847,0.009114,2.407311,2.102543,0.008469,0.000415,1.843522,2.443394
-10.663780,-31.053619,0.038547,0.038547,0.691160,1.708709,3.403524,2.658858,0.037561,3.647801,1.664653,1.643612,0.624091,0.000739,0.001067,0.001396,2.174578,1.997370,2.695005,2.389914,2.141525,2.132827,0.010402,0.753315,1.220777,2.541332,2.375417,0.008791,2.390237,2.101899,0.008791,0.000415,1.817427,2.386693
-11.347313,-31.853811,0.035589,0.035589,0.566885,1.563392,3.396949,2.621707,0.037561,3.596184,1.439445,1.584433,0.428143,-0.000248,0.000081,0.000081,2.136112,1.885588,2.697582,2.386693,2.149901,2.118329,0.010724,0.653122,1.222387,2.440172,2.321615,0.010080,2.384116,2.146357,0.009436,0.000415,1.760081,2.330958
-11.594764,-32.253159,0.034602,0.034931,0.419595,1.409198,3.346318,2.462910,0.034273,3.575142,1.361197,1.470349,0.301894,0.001067,0.000081,-0.000248,2.076275,1.807340,2.705637,2.367041,2.120262,2.017491,0.009114,0.577413,1.157954,2.487531,2.288755,0.009436,2.374773,2.188883,0.007825,-0.000229,1.748161,2.304218
-12.296479,-32.920816,0.031972,0.031972,0.087863,1.294128,3.308180,2.294579,0.033945,3.547197,1.284265,1.355608,0.140796,-0.000248,-0.001234,-0.000248,2.012822,1.702133,2.710791,2.339657,2.061950,1.972710,0.008791,0.386047,1.060983,2.431474,2.208858,0.008469,2.366396,2.244940,0.008791,-0.000551,1.659243,2.284244
-12.885767,-33.845065,0.032301,0.031972,0.031972,1.232319,3.283194,2.186085,0.030986,3.569224,1.153414,1.351334,0.053013,0.000739,0.000410,0.000410,1.987507,1.633091,2.722389,2.326448,2.040365,1.898934,0.008469,0.148289,1.022323,2.406989,2.212079,0.008791,2.374128,2.238819,0.008469,0.000415,1.655378,2.221100
-14.358452,-34.734788,0.029999,0.029999,0.029671,1.137961,3.241769,2.073974,0.030986,3.505772,1.116262,1.247442,0.000410,0.000081,-0.000576,-0.000905,1.903341,1.463774,2.740431,2.357054,2.020069,1.834179,0.007825,0.062915,1.038431,2.450482,2.197260,0.045840,2.378639,2.263626,0.009114,0.000415,1.528444,2.192105
-14.809916,-35.253556,0.029342,0.029999,0.029342,0.897958,3.217440,1.973370,0.029013,3.470264,1.058070,1.109029,-0.000576,-0.000576,0.000410,0.001067,1.737969,1.379937,2.743330,2.398613,2.040043,1.748805,0.008147,0.000737,1.060660,2.428252,2.099321,0.119938,2.386371,2.288432,0.010080,-0.000229,1.494939,2.124772
-15.628281,-35.795101,0.028684,0.027698,0.028027,0.809518,3.166480,1.761970,0.028356,3.421278,1.011384,1.025193,0.000410,0.000081,0.000081,-0.000576,1.624872,1.293142,2.772969,2.396680,2.002672,1.715300,0.008791,0.000737,1.072903,2.370585,2.062272,0.132825,2.387982,2.293909,0.009436,-0.000229,1.364462,2.087723
-16.224586,-36.721587,0.026383,0.026383,0.026383,0.675708,3.106315,1.604817,0.026383,3.372291,0.993959,0.948260,-0.000248,-0.000248,0.000410,0.001067,1.479884,1.275059,2.801964,2.522647,2.026190,1.603831,0.007181,-0.000874,1.114462,2.338046,2.091589,0.254281,2.405378,2.290688,0.009114,-0.000551,1.145390,1.994940
-16.711235,-37.620072,0.026054,0.025068,0.025397,0.582994,3.016889,1.433198,0.026383,3.357167,0.988041,0.974233,0.000410,0.000739,0.000081,-0.000248,1.310238,1.230017,2.815817,2.515881,1.997195,1.539720,0.006214,-0.000229,1.191782,2.363497,2.086435,0.525866,2.420198,2.300353,0.008791,-0.000874,0.890557,1.918909
-18.287284,-39.446441,0.024739,0.024410,0.025068,0.550775,2.963628,1.328978,0.025725,3.314756,0.995932,0.880862,-0.000248,-0.000248,0.001067,0.000739,1.199770,1.265196,2.841913,2.576770,1.949192,1.541331,0.006858,0.000415,1.208212,2.323548,2.043909,0.557116,2.410533,2.305829,0.009436,-0.000229,0.843199,1.712079
-21.395257,-42.170322,0.025068,0.024410,0.024081,0.535980,2.900176,1.337855,0.025397,3.345660,0.988370,0.898287,0.000410,0.000739,0.000410,-0.000248,1.136317,1.306950,2.832892,2.594812,1.912788,1.444359,0.007181,0.000093,1.223998,2.269102,1.952736,0.601575,2.401190,2.286822,0.009758,-0.000874,0.796807,1.579024
-23.388871,-44.140968,0.025725,0.026054,0.026383,0.546829,2.954752,1.538405,0.025397,3.385113,1.051823,0.892369,0.000081,0.001067,0.001396,0.001396,1.276374,1.335553,2.883150,2.663433,1.927929,1.423741,0.006214,-0.000551,1.328702,2.268136,1.910532,0.679217,2.437595,2.321615,0.009436,-0.000229,0.681794,1.507504
-24.945167,-45.694674,0.027040,0.026383,0.027040,0.569843,2.991903,1.903341,0.028356,3.512018,1.093577,0.900588,0.000739,0.000410,0.000081,-0.000576,1.394403,1.470021,2.916011,2.639915,1.950481,1.346421,0.006536,0.000415,1.347065,2.233664,1.857053,0.680183,2.491719,2.332891,0.009114,-0.000229,0.620261,1.429217
-26.175196,-47.196732,0.030328,0.029671,0.029342,0.799984,2.973492,2.114084,0.029013,3.671472,1.174126,1.095550,0.000739,0.000739,0.000081,0.000410,1.565036,1.699503,3.078704,2.704670,1.999772,1.290686,0.006214,0.000093,1.381537,2.127350,1.851254,0.762013,2.507827,2.331925,0.009758,0.000415,0.254281,1.082568
-27.909298,-48.720247,0.030657,0.031314,0.032301,0.975219,2.958697,2.272880,0.031643,3.762213,1.317142,1.172482,0.001067,0.000739,0.000739,0.001067,1.730737,1.816875,3.270393,2.850289,2.180507,1.311949,0.004925,-0.000229,1.455313,2.160855,1.877027,0.840622,2.550997,2.330636,0.008147,-0.000551,0.528766,0.907632
-29.536924,-48.292904,0.030657,0.032958,0.030328,1.092920,2.980725,2.319895,0.033287,3.775035,1.397033,1.190894,0.001067,-0.000576,0.000739,-0.000905,1.785641,1.807011,3.357055,3.018459,2.251061,1.277800,0.005892,0.000415,1.574514,2.213046,1.882826,0.895390,2.579348,2.385726,0.010080,0.000093,0.709823,0.786176
-32.143624,-47.855660,0.032630,0.032958,0.031972,1.139934,3.083959,2.462581,0.032301,3.776350,1.380595,1.201743,0.000410,0.000410,0.000081,0.000081,1.737969,1.725147,3.389594,3.099967,2.318716,1.376705,0.006536,0.000093,1.639914,2.241718,1.858342,0.951447,2.620585,2.399257,0.009758,0.267168,0.796163,0.781988
-31.803360,-41.690565,0.032301,0.032630,0.033945,1.250730,3.109274,2.556610,0.033616,3.803967,1.386513,1.197469,-0.000576,-0.000248,0.000081,0.001396,1.566680,1.649859,3.403769,3.169877,2.408278,1.466266,0.006536,0.000093,1.769102,2.268136,1.667942,0.947903,2.663433,2.430507,0.009436,0.374771,0.854797,0.793263
-28.377770,-33.178132,0.031643,0.030657,0.030986,1.054782,3.023794,2.261702,0.031643,3.767145,1.348704,1.091276,0.001067,0.000739,0.000739,-0.000248,1.044261,1.399335,3.434053,3.220779,2.450804,1.555184,0.006858,-0.000551,1.873806,2.178896,1.735597,1.326769,2.686307,2.531023,0.010402,0.395712,0.848998,0.700802
-17.997625,-13.343848,0.025725,0.026712,0.026383,0.571816,2.896559,1.719887,0.026383,3.578430,1.041960,0.822340,0.000739,0.000410,0.000739,0.000739,0.294004,0.798998,3.476257,3.214980,2.558729,1.608341,0.070325,-0.000229,2.001061,2.146357,1.715622,1.495261,2.698871,2.583858,0.010080,0.367683,0.853508,0.531343
-4.794877,15.910315,0.020465,0.021123,0.020465,0.284469,2.501705,0.464965,0.020794,3.277276,0.941356,0.845026,0.000739,0.000410,-0.000576,-0.000576,-0.000576,0.000081,3.346102,3.171810,2.559374,1.248805,1.167942,0.005248,1.946615,1.942749,1.752994,1.539720,2.641848,2.614464,0.011047,-0.001840,0.711756,0.696292
1.418194,29.491724,0.015205,0.014876,0.014876,0.014218,2.214359,0.014547,0.013890,2.701269,0.660913,0.119097,0.001396,0.002054,0.000739,0.000410,0.000739,-0.000576,2.668588,2.383471,2.344811,1.278766,1.330957,0.005570,1.105119,1.259114,1.849321,0.858019,2.448871,2.267169,0.009436,-0.000229,-0.001196,0.464977
3.490730,34.953847,0.011588,0.012574,0.012574,0.012903,2.154852,0.013890,0.012903,2.307073,0.610282,0.012246,-0.001234,-0.000248,-0.000905,0.000739,0.000739,0.000739,1.648612,1.864141,2.067427,1.397001,1.436627,0.006536,0.510080,0.708212,2.041009,0.268134,2.444360,1.986886,0.007503,-0.001196,-0.000874,0.690815
4.362862,38.450029,0.012903,0.012574,0.012246,0.012574,2.189044,0.012574,0.012246,2.211071,0.622776,0.013890,0.000739,0.000410,-0.000248,0.000410,0.000081,0.000739,1.688561,1.592555,2.159566,1.279411,1.324836,0.005248,0.511369,0.781343,2.417943,0.589655,2.440172,2.070971,0.008469,0.000093,-0.000874,1.112529
5.980702,42.628127,0.012246,0.012246,0.012574,0.012574,2.204496,0.013232,0.012903,2.200551,0.621789,0.010931,0.000081,0.000410,0.000739,0.001067,0.000739,0.000739,1.822581,1.565816,2.166010,1.301640,1.294552,0.006858,0.519745,0.913753,2.424386,0.694037,2.443716,2.143458,0.007825,0.001059,-0.000229,1.470777
6.278388,45.330719,0.012903,0.012903,0.012903,0.012574,2.304442,0.012903,0.012903,2.245921,0.582337,0.013561,-0.000248,0.001067,0.000081,-0.000248,-0.000576,-0.000576,1.836112,1.478831,2.147646,1.287465,1.312594,0.006214,0.548418,1.112529,2.442105,0.762013,2.449515,2.198226,0.008147,0.001059,-0.000229,1.760403
6.381964,46.370161,0.012903,0.012903,0.013890,0.013890,2.390252,0.013232,0.012574,2.258743,0.466609,0.012574,-0.000248,0.000081,0.000410,0.000410,0.000410,0.000410,1.957246,1.441138,2.087723,1.275867,1.352220,0.007503,0.529088,1.275223,2.432118,0.732696,2.448549,2.233986,0.008791,-0.000551,0.324191,1.947259
6.442457,48.246456,0.013232,0.011588,0.011917,0.012246,2.394526,0.013890,0.014218,2.305100,0.425512,0.012246,-0.000248,0.140138,-0.000248,-0.000248,0.000410,-0.000905,1.910210,1.422130,2.040365,1.362207,1.345132,0.005892,0.529088,1.376382,2.426964,0.646356,2.447582,2.263303,0.008469,0.000415,0.569036,2.161821
7.175592,50.643550,0.013561,0.013561,0.013890,0.014218,2.466855,0.012903,0.011917,2.338963,0.463979,0.012903,0.000410,0.402170,0.000739,0.000410,-0.000576,-0.000576,1.791331,1.277478,2.041009,1.324836,1.354475,0.007503,0.487529,1.339656,2.448871,0.666008,2.445971,2.287144,0.009436,-0.000229,0.465299,2.115752
7.143512,51.930907,0.012903,0.012574,0.012903,0.012903,2.567459,0.014876,0.013890,2.362635,0.564583,0.015533,0.000081,0.449842,-0.000248,0.000410,0.000410,0.000739,1.848677,1.165686,2.053252,1.248483,1.379604,0.005892,0.444681,1.397645,2.502350,0.725287,2.448871,2.310340,0.009114,-0.001196,0.550029,2.218523
7.829781,53.730198,0.014547,0.013890,0.014218,0.013890,2.600008,0.013890,0.013232,2.358690,0.499157,0.012574,0.000739,0.642502,0.001067,0.000081,0.000410,0.000410,1.915687,1.152800,2.045198,1.287787,1.394746,0.006214,0.469810,1.416331,2.522969,0.743006,2.454992,2.315494,0.008469,-0.000551,0.724964,2.280378
7.642384,54.000937,0.012903,0.012574,0.013232,0.013890,2.616117,0.014547,0.014218,2.376772,0.483048,0.013890,-0.000905,0.780258,-0.000576,0.000410,-0.000248,0.001396,2.001705,1.120261,2.042942,1.345132,1.404733,0.006214,0.444036,1.468844,2.522002,0.800995,2.459180,2.366719,0.009114,-0.000229,0.853186,2.387982
7.648505,53.739937,0.014218,0.014876,0.014547,0.014218,2.696995,0.013890,0.013561,2.394855,0.502116,0.014218,0.000739,0.811820,0.001067,0.000739,0.000410,-0.000905,2.000417,1.038753,2.017491,1.361885,1.423096,0.007503,0.428250,1.727220,2.508471,0.816459,2.460147,2.373162,0.009436,-0.000551,0.906021,2.448549
8.132447,53.351424,0.012903,0.012246,0.012574,0.023095,2.684831,0.014547,0.014218,2.411293,0.431759,0.013890,-0.000248,0.876588,0.000081,0.000410,0.001067,0.000081,1.964334,0.938882,2.015880,1.342555,1.421163,0.006858,0.451446,1.777478,2.493330,0.830312,2.462724,2.401512,0.011369,-0.000229,0.931794,2.483665
7.786961,53.295517,0.014876,0.014876,0.014876,0.278223,2.745325,0.013890,0.014547,2.444499,0.454116,0.015862,0.001067,0.889739,-0.000248,-0.000248,-0.000905,-0.000576,1.934373,0.878315,1.996228,1.281344,1.409888,0.006536,0.434694,1.744617,2.520069,0.829668,2.465623,2.406989,0.010080,0.004603,0.985918,2.556796
8.366035,54.014296,0.014876,0.015205,0.015862,0.378498,2.754201,0.015205,0.014547,2.430362,0.399868,0.015205,-0.000248,0.911438,0.000410,0.000739,0.001067,0.000081,2.041009,0.858341,2.016525,1.350609,1.415687,0.006858,0.489784,1.973355,2.486564,0.849320,2.469167,2.439528,0.009114,-0.001196,1.073225,2.581281
8.667048,55.624959,0.015205,0.015205,0.014218,0.409074,2.766366,0.016191,0.015533,2.429376,0.439978,0.015205,0.000410,0.946945,0.000410,-0.001563,-0.000248,0.000410,2.095133,0.862529,2.024901,1.328058,1.407632,0.006858,0.497194,2.024257,2.492363,0.897645,2.481087,2.467234,0.009436,0.000093,1.154411,2.677930
9.073794,54.534095,0.016191,0.015533,0.014876,0.494226,2.787078,0.015862,0.014547,2.441211,0.506062,0.016848,0.000410,1.011055,-0.000248,-0.000248,-0.000905,0.001396,2.298097,0.858663,2.037143,1.328380,1.432117,0.006858,0.541330,2.074192,2.527801,0.944037,2.489464,2.511049,0.009436,-0.000874,1.200480,2.825160
9.802770,54.249525,0.015862,0.015533,0.015862,0.504089,2.721982,0.015533,0.014876,2.433978,0.433074,0.015205,0.000081,1.037686,0.000739,0.000410,0.000410,0.001396,2.281667,0.834501,2.031667,1.331601,1.439527,0.007181,0.596098,2.239785,2.544554,1.138947,2.496229,2.550353,0.009436,0.000737,1.300351,2.896036
9.887529,54.468197,0.015533,0.015862,0.015205,0.680311,2.822586,0.017177,0.016848,2.507623,0.469239,0.015533,-0.000248,1.110344,0.000410,-0.000248,0.001067,0.001067,2.176963,0.795196,2.097710,1.326447,1.477220,0.006858,0.604475,2.301319,2.564528,1.219810,2.504283,2.568716,0.009758,0.000093,1.334823,2.979799
10.499805,53.911913,0.016520,0.015862,0.015205,0.723709,2.824887,0.017835,0.017177,2.637488,0.482061,0.016191,-0.000248,1.145523,0.000081,0.000081,0.000081,0.001067,2.246873,0.783276,2.198548,1.330313,1.513947,0.007181,0.693392,2.478832,2.610920,1.366395,2.512337,2.657312,0.011047,0.000415,1.400545,3.047776
11.012619,52.996187,0.018492,0.018492,0.017835,1.036042,2.936998,0.018821,0.019150,2.716064,0.695434,0.019150,0.000410,1.360869,0.000739,-0.000248,-0.000248,-0.000905,2.297131,0.765557,2.281989,1.318070,1.584501,0.008469,0.695325,2.623807,2.646358,1.486885,2.519425,2.685662,0.011369,-0.000229,1.560339,3.120586
11.367611,50.348648,0.019150,0.018492,0.018821,1.094892,2.937327,0.018821,0.018164,2.738092,0.685571,0.018821,0.001396,1.553529,0.001067,0.000081,-0.000576,-0.000248,2.349322,0.741073,2.344489,1.324514,1.577091,0.008147,0.723354,2.712724,2.669876,1.544230,2.525868,2.696616,0.010080,0.000093,1.676318,3.173743
11.407581,49.009304,0.018821,0.019479,0.018821,1.282950,2.993875,0.020136,0.019150,2.712447,0.788806,0.019479,-0.000905,1.806683,0.000739,0.000739,0.000081,0.000410,2.422453,0.714011,2.381538,1.391846,1.596743,0.008791,0.757825,2.777157,2.666332,1.550029,2.528446,2.700804,0.010080,0.000415,1.725932,3.198228
11.866851,47.609921,0.019150,0.019807,0.022109,1.417088,3.028725,0.021780,0.021123,2.753215,0.814779,0.020465,-0.000248,1.857314,-0.000248,-0.000248,0.000410,0.000739,2.445327,0.723676,2.399902,1.424063,1.640880,0.016523,0.851897,2.824838,2.659889,1.575481,2.531667,2.724000,0.010402,0.000093,1.790043,3.288112
12.266727,46.893792,0.021451,0.020465,0.020794,1.445363,3.093493,0.021123,0.020794,2.851518,0.917027,0.021780,0.000410,2.069371,0.000081,-0.000905,0.000081,0.000081,2.531989,0.703379,2.449193,1.446937,1.655055,0.016201,0.884758,2.899902,2.699515,1.652156,2.535211,2.752351,0.011047,-0.000551,1.892491,3.372842
12.095647,45.622999,0.022766,0.022766,0.201947,1.495994,3.125384,0.166111,0.020465,2.859408,0.939383,0.022766,-0.000576,2.124276,0.001067,0.000410,0.000081,0.000410,2.571294,0.695325,2.445327,1.458535,1.647001,0.015557,0.852864,2.929542,2.708858,1.692427,2.535211,2.764915,0.010724,0.000093,1.958213,3.412146
13.007504,45.408039,0.022438,0.023424,0.422225,1.654790,3.166480,0.273948,0.024081,2.889326,1.012371,0.023753,-0.000905,2.154194,0.000410,0.000410,0.000739,0.001725,2.557763,0.668263,2.475610,1.483986,1.670841,0.260080,0.857052,2.939851,2.736565,1.706602,2.537466,2.792299,0.011047,0.001059,1.987530,3.472069
13.304608,44.399039,0.024410,0.024081,0.678009,1.700818,3.177987,0.292360,0.024739,2.931080,0.998891,0.024739,-0.000905,2.232770,0.000081,-0.000248,0.065507,-0.000248,2.563562,0.663431,2.497196,1.501705,1.669231,0.320647,0.847065,2.972390,2.748162,1.741073,2.539399,2.793266,0.010724,0.000415,1.987208,3.544878
13.839754,43.184948,0.024739,0.025068,0.787819,1.882958,3.192453,0.410060,0.025068,2.936340,1.063001,0.025397,0.000410,2.320552,0.119754,0.001396,0.071425,-0.000248,2.565495,0.624771,2.501384,1.491718,1.670841,0.403444,0.846421,2.988176,2.757827,1.762981,2.539077,2.780701,0.011369,-0.001196,1.996873,3.576772
14.290855,42.733073,0.025725,0.025725,0.938726,1.951013,3.191796,0.428471,0.026712,2.941930,1.022234,0.026712,0.000739,2.332388,0.262441,-0.000248,0.153289,-0.000248,2.565172,0.607374,2.482376,1.522968,1.678251,0.441781,0.849320,2.973034,2.814206,1.779733,2.540044,2.787789,0.010724,-0.001518,2.020391,3.624453
14.308323,42.347009,0.027040,0.026383,1.194510,2.099947,3.227960,0.501130,0.028027,2.970861,1.043275,0.028027,-0.000248,2.450417,0.389676,0.000081,0.336744,0.071096,2.672131,0.643457,2.510404,1.565493,1.686628,0.571614,0.857696,2.968846,2.830637,1.807440,2.542621,2.817750,0.013302,0.000415,2.025223,3.672778
14.920290,42.691623,0.027698,0.028027,1.346074,2.083508,3.233878,0.554391,0.027698,2.899847,1.019932,0.029013,0.000081,2.506637,0.473184,0.001396,0.409731,0.126987,2.669876,0.614140,2.531667,1.566138,1.696615,0.653444,0.861240,2.944683,2.878640,1.818393,2.541977,2.799065,0.011047,0.000093,2.107375,3.699517
15.098221,43.034936,0.029013,0.028684,1.560104,2.193318,3.267084,0.605022,0.027698,2.936012,0.990014,0.029342,0.000739,2.529651,0.593186,0.016520,0.519213,0.240414,2.741397,0.695325,2.571294,1.634759,1.691138,0.768779,0.857696,2.934052,2.911823,1.858342,2.543587,2.825804,0.011369,0.000737,2.178252,3.763951
16.222525,42.563545,0.029671,0.030328,1.754408,2.266305,3.316400,0.685242,0.029342,2.941601,1.005466,0.029999,-0.000576,2.617433,0.714503,0.115480,0.626721,0.325237,2.806797,0.723676,2.621229,1.650867,1.726898,0.817748,0.844488,2.910534,2.931475,1.926319,2.542621,2.829348,0.011047,0.001059,2.275224,3.813886
15.785297,41.414098,0.029671,0.030657,1.825423,2.334689,3.350592,0.713188,0.030328,2.966916,1.072536,0.029013,-0.000905,2.825873,0.791765,0.283483,0.719106,0.437020,2.804864,0.743006,2.633149,1.678896,1.766202,0.866717,0.849964,2.922776,2.935663,1.967234,2.543265,2.841268,0.010724,-0.000551,2.302930,3.849002
16.481770,41.247314,0.030986,0.029999,1.906629,2.383019,3.364729,0.735545,0.031643,2.967245,1.067933,0.032301,0.000081,2.916943,0.861135,0.386717,0.820039,0.445239,2.698227,0.702735,2.561629,1.666331,1.773290,0.910209,0.821614,2.876062,2.903124,1.887337,2.538755,2.824194,0.010724,0.002670,2.278767,3.847714
16.406714,37.923765,0.039534,0.030986,1.942794,2.430691,3.389058,0.755600,0.031972,2.981053,1.175113,0.032630,-0.000248,3.003410,0.946945,0.500144,0.893355,0.450499,2.492685,0.646356,2.536500,1.714656,1.796808,0.947258,0.832890,2.787145,2.917299,1.868973,2.537144,2.752673,0.010724,-0.000551,2.282633,3.869943
16.999589,32.571095,0.039205,0.031972,1.928986,2.418526,3.431798,0.807217,0.031314,2.989273,1.206017,0.032301,0.001396,3.056671,1.077467,0.505733,1.031768,0.527432,2.452092,0.643457,2.510082,1.775545,1.868329,0.993006,0.799385,2.724644,2.953382,1.853831,2.534567,2.748485,0.010402,-0.000874,2.325159,3.887340
17.142906,28.320804,0.066822,0.031643,1.963178,2.387293,3.431470,0.925575,0.031643,2.935683,1.172811,0.032630,0.021451,3.083630,1.253031,0.586282,1.162948,0.664530,2.585791,0.652799,2.519425,1.783277,2.049064,1.039075,0.815815,2.726900,3.004284,1.831924,2.534245,2.666977,0.011047,0.004603,2.322260,3.867366
16.843310,19.122085,0.407759,0.031972,2.021370,2.364936,3.463689,0.914068,0.033287,2.892943,1.315827,0.032958,0.594830,3.123411,1.472322,0.874286,1.317142,0.788477,2.723356,0.792941,2.570649,1.934050,2.210146,1.243972,1.235596,2.690495,3.055831,1.877027,2.583536,2.727222,0.011369,-0.000551,2.356409,3.850613
12.645251,1.597433,1.178071,0.037232,2.198578,2.466527,3.487361,1.341471,0.038876,2.793654,1.712654,0.194714,1.418404,3.141822,1.948712,1.325361,1.505199,1.142235,2.693072,0.660531,2.593201,2.229476,2.195327,1.380893,1.321292,2.558729,3.015882,1.818393,2.610920,2.700160,0.010402,-0.000229,2.326126,3.810020
3.309826,-13.791269,1.379280,1.612708,2.773270,3.092507,3.794433,2.377430,0.054329,2.851189,2.573706,1.277361,2.014466,3.189494,2.416553,2.256442,2.124276,1.648872,2.500739,1.027477,2.520069,2.439850,2.032633,1.073869,0.954346,2.183084,2.910212,1.498805,2.617041,2.569038,0.010724,-0.000874,2.194360,3.620265
-1.870420,-27.183745,1.831341,1.927013,2.825873,3.279906,3.936461,3.029054,1.510131,3.460730,3.294372,2.530308,2.806476,3.159905,2.540829,2.672337,2.792010,2.753873,2.606088,1.512980,2.498484,2.663433,1.761048,1.124771,0.937593,2.487853,2.856410,1.070648,2.626062,2.300997,0.329346,0.785209,2.095455,3.436308
-3.362824,-32.057942,2.102577,2.074960,2.879792,3.345660,3.951256,3.524512,2.182797,4.051531,3.240782,3.055027,3.135247,2.828832,2.759790,2.741379,3.366702,3.342701,2.660856,2.186950,2.488497,2.969168,1.651834,1.776834,0.899900,2.648613,2.799709,0.689204,2.517814,2.248806,0.963367,1.545519,2.089334,3.405058
-3.737830,-34.606468,2.194633,2.151235,2.976122,3.520238,4.012736,3.739199,2.841326,4.158053,3.335468,3.164179,3.254591,2.959683,2.809106,2.861709,3.488347,3.442319,2.891526,2.394747,2.477221,3.053253,1.357375,2.144102,0.866073,2.556474,2.808085,0.011047,2.513304,2.271358,1.209179,2.231409,2.192105,3.349968
-3.780945,-35.397600,2.154194,2.120659,2.991245,3.569224,4.005175,3.759583,3.011300,4.208355,3.363085,3.214809,3.244728,2.926477,2.799572,2.867956,3.524183,3.504785,2.958214,2.620907,2.419232,3.045843,0.770068,2.322260,0.863818,2.572904,2.846101,0.010724,2.512015,2.190494,1.234952,2.284889,2.268136,3.258151
-3.902768,-36.500785,2.002302,2.070029,2.940615,3.533388,3.994654,3.754651,2.918916,4.205725,3.345989,3.173384,3.195412,2.878477,2.732174,2.843298,3.508402,3.470264,2.981410,2.766848,2.365752,3.058086,0.338688,2.317749,1.043586,2.514593,2.821294,0.010724,2.511693,2.155378,1.193715,2.312917,2.262659,3.236565
-4.105552,-37.843557,1.923397,2.098632,2.892614,3.507416,3.969339,3.763857,2.861381,4.210328,3.303906,3.148069,3.144453,2.822257,2.699625,2.712776,3.481114,3.454812,2.989787,2.798098,2.319682,3.028124,0.177606,2.290688,1.083856,2.521358,2.816462,0.012013,2.507183,2.141847,1.167942,2.301641,2.247195,3.204349
-4.368478,-38.828753,1.808327,2.003288,2.847572,3.443963,3.945667,3.718815,2.718037,4.195204,3.285495,3.092507,3.046150,2.708502,2.593761,2.691077,3.447908,3.414702,2.998807,2.825482,2.322904,3.015238,0.114462,2.222711,1.071936,2.506538,2.792621,0.010724,2.499129,2.112852,1.134436,2.276512,2.241074,3.172454
-4.602987,-39.634289,1.747504,1.915506,2.825216,3.387085,3.937777,3.674102,2.589158,4.174820,3.239467,3.047794,2.956396,2.644392,2.502691,2.631570,3.421935,3.353551,2.994619,2.855444,2.290688,2.976578,0.074835,2.181796,1.209501,2.513948,2.762660,0.010724,2.496229,2.133793,1.148934,2.232376,2.250095,3.095779
-5.268595,-40.771072,1.597255,1.835615,2.760777,3.324290,3.913776,3.586321,2.428718,4.161012,3.187850,3.000451,2.910696,2.466855,2.397156,2.612830,3.367688,3.318044,2.993975,2.833536,2.226899,2.946939,0.043585,2.125095,1.200480,2.464979,2.670198,0.011369,2.493652,2.119940,1.097709,2.211757,2.169553,3.022970
-5.611371,-41.681187,1.550241,1.838574,2.755516,3.212837,3.889118,3.556731,2.299182,4.135697,3.133274,2.979738,2.830805,2.312991,2.389923,2.557596,3.319030,3.338756,2.993008,2.832248,2.187917,2.917622,0.013302,2.095777,1.293264,2.458858,2.639915,0.011369,2.487853,2.108020,1.102220,2.193071,2.188883,2.964658
-6.186968,-42.523725,1.320101,1.787285,2.655899,3.138206,3.859200,3.475854,2.151564,4.124847,3.013273,2.934039,2.758475,1.991452,2.301155,2.359018,3.253933,3.351249,2.988498,2.819683,2.136692,2.874774,0.013624,2.046808,1.301962,2.424708,2.600933,0.010724,2.481409,2.095777,1.122516,2.137981,2.203059,2.899902
-6.151993,-43.068419,1.220483,1.726134,2.550692,3.017547,3.844406,3.411086,2.048001,4.101176,2.898532,2.861381,2.640775,1.755394,2.133481,2.145646,3.146754,3.215796,2.970135,2.816462,2.068393,2.829670,0.012980,1.876383,1.283921,2.498162,2.560662,0.010402,2.468201,2.126383,0.960467,2.011048,2.204992,2.835469
-6.658155,-43.240900,0.900259,1.594625,2.452061,2.903463,3.807255,3.372620,1.980603,4.073559,2.902477,2.756832,2.421814,1.554515,1.912547,2.068385,3.041218,3.107301,2.949838,2.794876,1.976898,2.787789,0.013302,1.764592,1.259114,2.529090,2.552286,0.009758,2.460791,2.096744,0.867039,1.917620,2.177930,2.738820
-6.119769,-42.554942,0.650064,1.420705,2.328443,2.765708,3.765829,3.335797,1.586077,4.031805,2.798914,2.658200,2.196277,1.131715,1.689311,1.942137,2.912340,3.053383,2.949194,2.772003,1.939527,2.743652,0.013302,1.643457,1.212078,2.564528,2.520069,0.009436,2.445971,2.112208,0.739784,1.719488,2.163110,2.669876
-6.104708,-41.998272,0.398882,1.058070,2.165701,2.635186,3.746103,3.205604,1.009412,3.977887,2.693379,2.558583,1.910246,0.862451,1.332594,1.749476,2.708173,2.911025,2.947261,2.754606,1.940816,2.708536,0.013624,1.534888,1.219488,2.582247,2.496229,0.009758,2.437273,2.181796,0.704024,1.614463,2.140236,2.619618
-5.408088,-41.135610,0.053342,0.761846,1.967781,2.471787,3.697116,3.080342,0.642173,3.932187,2.557267,2.394526,1.593639,0.646776,0.943657,1.363499,2.587514,2.722968,2.938562,2.722711,1.922453,2.680508,0.013624,1.309050,1.235918,2.582569,2.486564,0.009758,2.416654,2.120584,0.704668,1.387658,2.061950,2.586758
-5.073036,-39.766355,0.048082,0.484691,1.819834,2.317593,3.630705,2.906422,0.049726,3.849666,2.386306,2.234743,1.378951,0.488966,0.693133,1.080755,2.410636,2.430691,2.924387,2.670198,1.908922,2.662466,0.012980,1.098032,1.191137,2.585469,2.446938,0.009436,2.428897,2.084502,0.544230,1.206279,2.026834,2.566139
-4.323286,-37.737609,0.044137,0.182550,1.302347,2.058850,3.592896,2.705543,0.044137,3.751692,2.178852,2.026960,1.131386,0.258496,0.566885,0.797354,2.338635,2.209099,2.902480,2.673742,1.893780,2.618330,0.012980,1.043908,1.155055,2.587402,2.387982,0.009114,2.422775,2.085790,0.470132,1.079024,1.987530,2.467234
-4.892988,-38.041444,0.039863,0.039863,1.049522,1.918465,3.531745,2.642748,0.041178,3.693500,1.898081,1.789587,0.850944,0.000081,0.268688,0.491924,2.218304,2.129536,2.885727,2.631216,1.888303,2.562595,0.012657,0.956601,1.109307,2.500417,2.349966,0.008469,2.389592,2.182762,0.352864,0.950802,1.905700,2.467879
-5.489759,-38.090977,0.039205,0.039863,0.846341,1.779066,3.465662,2.582583,0.039534,3.665554,1.821806,1.742901,0.693133,0.000410,0.000081,0.281181,2.154852,2.016110,2.866397,2.590624,1.840623,2.498806,0.012013,0.893135,0.995905,2.485598,2.322904,0.008469,2.368652,2.144424,0.290042,0.820003,1.845455,2.461113
-6.181915,-38.212559,0.037561,0.036904,0.594501,1.587063,3.445278,2.486582,0.036246,3.578759,1.497309,1.571611,0.491596,0.000739,0.000410,0.000410,2.047343,1.778080,2.835147,2.575160,1.808084,2.446293,0.012013,0.807761,0.951769,2.472067,2.278445,0.008469,2.357376,2.104154,0.211755,0.600609,1.813883,2.395391
-6.751728,-38.154967,0.033945,0.032958,0.478445,1.367444,3.332181,2.268935,0.034602,3.529443,1.280319,1.444377,0.326223,-0.000905,-0.000576,-0.000905,1.936876,1.652489,2.836758,2.576126,1.761048,2.410855,0.011369,0.779732,0.878637,2.450159,2.236242,0.009114,2.354476,2.158278,0.156343,0.544230,1.778122,2.355443
-6.967312,-38.161278,0.031643,0.031314,0.169728,1.235607,3.308509,2.062467,0.031314,3.500840,1.226401,1.293799,0.129946,0.000410,0.000081,0.000739,1.891506,1.520980,2.829348,2.574837,1.749450,2.346744,0.010724,0.708856,0.865428,2.410533,2.179863,0.009114,2.344489,2.142814,0.009114,0.455957,1.687272,2.325804
-7.808825,-39.305836,0.030328,0.030328,0.030657,1.152427,3.284509,2.009206,0.030657,3.451525,1.135989,1.193853,0.090822,0.001067,0.000410,0.000739,1.788929,1.398348,2.815495,2.576126,1.724321,2.272324,0.009758,0.597065,0.823225,2.386371,2.054218,0.008791,2.339012,2.103187,0.008147,0.333534,1.668586,2.265559
-8.720899,-40.066370,0.030986,0.029999,0.031314,1.129084,3.262481,1.947068,0.030657,3.422264,1.160318,1.173140,0.002382,-0.000576,0.000081,0.000410,1.750463,1.463445,2.806152,2.573871,1.685983,2.202736,0.010402,0.533920,0.807761,2.346422,2.033600,0.008469,2.336113,2.124128,0.008469,0.277799,1.576447,2.209824
-9.899172,-41.271735,0.029999,0.029999,0.029671,1.076810,3.217768,1.891834,0.028684,3.489662,1.099495,1.114290,0.001067,0.000739,0.000410,0.000410,1.694572,1.428267,2.815817,2.572260,1.643135,2.152479,0.010402,0.423740,0.752993,2.354154,2.015558,0.007825,2.325159,2.089979,0.008469,0.272322,1.404089,2.142814
-10.798118,-42.257188,0.028356,0.029013,0.028684,0.894670,3.203960,1.812929,0.029342,3.498210,1.115276,1.065303,-0.000576,-0.000576,0.000410,0.000739,1.579502,1.405253,2.822583,2.541332,1.621228,2.018458,0.009114,0.194681,0.713366,2.314528,2.022002,0.008147,2.306151,2.132182,0.008791,0.242039,1.286820,2.062917
-11.975285,-43.100584,0.027698,0.026712,0.027040,0.753627,3.144781,1.681421,0.028684,3.513662,1.049522,1.046234,0.001067,0.000410,0.000081,-0.000248,1.519994,1.376650,2.813884,2.528446,1.601254,1.986886,0.008791,0.108340,0.780055,2.303574,1.996551,0.008147,2.304218,2.143458,0.008147,0.246227,1.221743,1.981409
-12.654042,-43.448176,0.027369,0.027369,0.027040,0.681955,3.091520,1.551885,0.026054,3.500183,1.052152,1.005795,0.000739,0.000410,0.001067,0.000410,1.436486,1.331937,2.845456,2.534567,1.605764,1.958857,0.009114,0.000093,0.878637,2.322582,1.971422,0.008469,2.308407,2.174064,0.008147,0.273933,1.172774,1.966267
-14.330463,-44.779083,0.026712,0.026712,0.026712,0.614556,3.040561,1.443719,0.026054,3.490648,1.027494,0.972260,-0.000248,0.000739,0.001067,-0.000248,1.313197,1.338183,2.924709,2.566139,1.613496,1.979476,0.008469,-0.000229,0.898289,2.294876,1.916009,0.007503,2.315172,2.185662,0.008469,0.303250,1.060016,1.906022
-14.961403,-45.489971,0.025068,0.024081,0.024410,0.510664,2.959683,1.339170,0.026383,3.483087,0.963055,0.873958,0.000410,-0.000576,-0.000576,-0.000248,1.185633,1.281306,2.991720,2.576126,1.667620,1.990429,0.008469,0.000093,0.925995,2.317105,1.950803,0.007181,2.321615,2.188561,0.009114,0.372516,0.990751,1.834179
-16.231792,-45.729566,0.024739,0.024739,0.025068,0.478774,2.973163,1.357252,0.023753,3.454812,0.896314,0.798669,0.000410,0.000739,0.001067,0.000739,1.118235,1.259278,3.030702,2.589657,1.736885,1.980442,0.009436,-0.000229,0.945648,2.331603,1.975932,0.007181,2.339335,2.193716,0.009758,0.388624,0.981086,1.746872
-17.291469,-45.706301,0.023753,0.023424,0.023424,0.438335,3.015574,1.333909,0.025397,3.439031,0.911109,0.672092,0.000081,-0.000576,-0.000248,0.000410,1.037686,1.225086,3.059374,2.656023,1.848677,1.942427,0.008469,-0.000229,0.955957,2.391847,1.959502,0.007825,2.343845,2.226899,0.007503,0.423740,0.894101,1.638303
-17.824656,-45.877663,0.024410,0.024081,0.024081,0.445568,2.986971,1.335882,0.023424,3.445278,0.897300,0.635927,0.001067,0.001067,0.000739,0.000410,0.985740,1.171825,3.176643,2.678253,1.864785,1.916331,0.008791,-0.000229,0.999449,2.373806,1.967234,0.007825,2.355121,2.226577,0.009114,0.491395,0.881859,1.534566
-19.600443,-45.377218,0.023424,0.022766,0.023753,0.432745,3.008999,1.379937,0.024081,3.447908,0.908479,0.564583,0.000081,-0.001234,-0.000576,0.000739,0.873958,1.100153,3.112854,2.659567,1.847710,1.778445,0.008147,0.000415,0.976898,2.395713,1.889592,0.006858,2.349966,2.236564,0.009436,0.377670,0.380892,1.370583
-20.565972,-44.955476,0.024081,0.024739,0.024739,0.422225,3.000451,1.406568,0.024739,3.468621,0.901574,0.583652,0.001396,0.000410,0.000410,-0.000576,0.791107,1.072865,3.208215,2.702415,1.964334,1.754927,0.008147,0.000093,1.090944,2.411822,1.804862,0.006858,2.372840,2.258793,0.009758,0.370261,0.378959,1.297774
-20.735203,-39.828424,0.024081,0.024739,0.024739,0.433074,3.007355,1.383883,0.025068,3.478155,0.951548,0.568200,-0.000905,-0.000248,-0.000248,0.000081,0.674064,1.043933,3.235921,2.727866,2.093845,1.695004,0.008469,-0.001196,1.275223,2.412788,1.840945,0.007181,2.421487,2.246873,0.008469,0.472065,0.515879,1.211756
-19.095449,-31.678963,0.023424,0.022766,0.022438,0.353511,2.968231,1.244483,0.024081,3.435415,0.806231,0.514281,0.001067,0.000081,-0.000248,-0.000248,0.570830,0.776312,3.241076,2.886049,2.307118,1.854476,0.007503,-0.000229,1.362207,2.396680,1.870262,0.008791,2.474966,2.302930,0.009436,0.570969,0.473353,1.081601
-13.915357,-17.058715,0.019479,0.019150,0.018821,0.018821,2.834750,0.632639,0.018821,3.290427,0.459047,0.263428,0.000410,0.001067,0.001067,0.000739,0.251263,0.400526,3.277803,2.911178,2.369618,1.881215,0.720454,0.002992,2.044553,2.348355,1.987530,0.324191,2.584180,2.340301,0.009114,0.586433,0.542941,1.091588
-4.291997,-2.041643,0.013232,0.013232,0.014218,0.013561,2.457650,0.013890,0.013561,2.982368,0.037890,0.013232,-0.000248,0.000081,0.000739,0.000739,0.000739,0.000081,3.234955,2.742363,2.412144,1.809373,1.202735,0.005892,2.224321,2.339657,1.961757,0.839655,2.613497,2.401512,0.008791,0.012980,0.986563,1.528767
1.162008,13.542241,0.010931,0.011259,0.010931,0.010931,1.961205,0.010931,0.010931,2.365923,0.011588,0.011588,-0.000576,0.000410,0.000081,0.000081,-0.001234,-0.000576,3.017171,2.320327,2.468523,1.940172,1.631859,0.007503,1.929540,2.249128,2.171164,0.890557,2.576770,2.443394,0.009758,0.000415,1.180828,1.983020
5.682039,26.803271,0.010931,0.010273,0.010602,0.009944,1.854683,0.010273,0.009944,2.068713,0.097398,0.010602,0.000739,0.000410,0.000739,0.000739,0.000410,0.000739,2.253639,1.646035,2.332569,1.416331,1.135081,0.006214,1.390880,1.845777,2.046164,0.809050,2.480121,2.306151,0.008791,0.000415,0.189848,1.408277
8.169589,36.170861,0.009944,0.010273,0.010273,0.011917,1.974685,0.011588,0.011259,2.032549,0.429458,0.010273,-0.000576,-0.000248,0.000739,0.000739,0.001067,0.000739,2.151190,1.432439,2.215301,0.983341,1.192748,0.005570,1.108019,1.425674,2.086435,0.862529,2.483665,2.339657,0.008791,-0.000229,-0.000229,1.323225
9.105999,43.161762,0.010602,0.010931,0.011917,0.009944,2.005589,0.012246,0.012574,2.058850,0.636913,0.012246,0.000081,-0.000248,-0.000905,-0.000576,-0.000576,0.001067,2.121229,1.322259,2.247840,0.728508,1.329668,0.006858,0.835145,1.105441,2.202736,0.898289,2.489786,2.307762,0.009114,0.000093,-0.000229,1.550674
9.425737,46.825812,0.012246,0.012246,0.011917,0.011917,2.074631,0.012246,0.011917,2.076933,0.680640,0.012574,0.000410,0.000739,0.000739,0.000410,-0.000576,-0.000248,2.070326,1.186627,2.286177,0.692104,1.448870,0.006858,0.695003,1.091588,2.273613,0.937593,2.492363,2.375095,0.008791,0.000093,0.000415,1.841589
9.763373,48.561741,0.012246,0.012574,0.012903,0.012574,2.084166,0.011917,0.011917,2.038795,0.617515,0.010931,0.000410,0.000081,0.001067,0.000410,0.000410,0.000081,2.074515,1.140880,2.267814,0.804861,1.492684,0.007503,0.667941,1.096099,2.326770,0.974320,2.493330,2.380894,0.009436,0.000415,0.000093,1.960790
10.074024,50.057349,0.011917,0.011917,0.010602,0.010931,2.106522,0.011917,0.011588,2.040768,0.578392,0.012246,0.000081,0.038876,-0.000576,-0.000905,-0.000248,0.000410,2.126705,1.050673,2.247840,0.805506,1.496228,0.007503,0.702735,1.329024,2.314206,0.977542,2.500739,2.447904,0.009758,0.000737,0.322902,2.168587
9.901214,50.543437,0.011588,0.012246,0.012246,0.012574,2.110139,0.012574,0.012246,2.093700,0.590885,0.011259,0.000081,0.478116,0.001396,0.001067,0.000081,0.000081,2.041976,0.967877,2.190494,0.811305,1.484630,0.007825,0.757825,1.470777,2.267492,0.964011,2.504605,2.456925,0.010080,0.001059,0.397000,2.220778
10.358205,51.742878,0.012574,0.011917,0.011259,0.010931,2.136440,0.012246,0.012903,2.108495,0.502774,0.011917,0.000410,0.571487,-0.000248,-0.000905,0.000081,0.000410,2.113497,0.912142,2.172131,0.785209,1.489140,0.006858,0.681794,1.462401,2.338046,0.984952,2.505894,2.509116,0.009758,0.000415,0.373482,2.173419
9.773522,51.568149,0.011917,0.011259,0.012246,0.012574,2.138742,0.011588,0.011259,2.131180,0.463979,0.012574,0.000739,0.646776,0.000410,0.000410,-0.000576,-0.000248,2.154089,0.730763,2.151190,0.787142,1.502349,0.006858,0.694681,1.663432,2.326448,1.017813,2.506861,2.551642,0.009436,0.000093,0.381536,2.227543
9.985251,52.333206,0.011588,0.011917,0.011917,0.011588,2.164715,0.012246,0.010931,2.116714,0.275592,0.010931,0.000081,0.738832,0.000739,0.000739,0.000410,0.000410,2.078703,0.573225,2.137981,0.788431,1.510725,0.008147,0.686627,1.598676,2.328703,0.982697,2.509760,2.560662,0.010724,0.000415,0.405377,2.181151
10.222878,52.298564,0.012574,0.011259,0.010602,0.010931,2.246250,0.012246,0.012574,2.134139,0.285127,0.010602,0.000081,0.809518,-0.000576,-0.000576,-0.000248,0.000410,2.167943,0.523289,2.114141,0.803895,1.543908,0.007825,0.695970,1.768135,2.359631,1.050029,2.513948,2.633472,0.010402,0.000093,0.487529,2.292943
10.292435,53.102936,0.012903,0.012903,0.011588,0.014218,2.271237,0.011588,0.011588,2.157153,0.341676,0.012574,0.000739,0.881848,0.001067,0.000410,-0.000576,0.000410,2.221744,0.540686,2.142814,0.832890,1.552607,0.007181,0.728508,1.959502,2.336757,1.120905,2.519425,2.658600,0.010080,0.000737,0.629604,2.374451
10.417305,52.083563,0.011917,0.012246,0.013232,0.013232,2.364936,0.012903,0.012903,2.229811,0.379813,0.011588,-0.001234,0.861135,-0.000248,0.002054,0.001067,0.000410,2.233664,0.503959,2.160533,0.843521,1.570970,0.007181,0.686627,2.155700,2.321615,1.262014,2.527801,2.722067,0.013302,0.000737,0.685338,2.451770
10.804280,52.155518,0.012574,0.011917,0.011588,0.012246,2.417211,0.012903,0.013232,2.262360,0.365018,0.012903,0.000410,0.857519,-0.000576,-0.000576,0.000410,0.000081,2.386049,0.514591,2.225288,0.836111,1.585790,0.008147,0.720454,2.286822,2.377994,1.397323,2.533278,2.761049,0.010724,0.000415,0.751704,2.608020
10.599009,52.136746,0.013561,0.013232,0.012903,0.011259,2.414910,0.012574,0.012246,2.293922,0.374224,0.013561,0.001067,0.899602,0.000081,-0.000576,-0.000905,-0.000248,2.465623,0.550673,2.272968,0.857052,1.595455,0.007181,0.779732,2.320005,2.431796,1.396679,2.537144,2.799387,0.011369,0.000737,0.771034,2.668910
11.215442,50.720649,0.014876,0.013232,0.013232,0.013232,2.460938,0.013561,0.013232,2.313648,0.365018,0.012574,0.000410,0.892369,0.000739,0.001396,0.000410,0.001067,2.452415,0.488817,2.294876,0.848998,1.604153,0.008147,0.736885,2.326126,2.446293,1.379282,2.538433,2.811951,0.011691,-0.000551,0.764913,2.673420
11.868776,51.727547,0.013232,0.012574,0.012246,0.012903,2.485595,0.013561,0.013561,2.336333,0.362059,0.012574,-0.000576,0.930835,0.000410,0.000739,0.001067,0.000410,2.492685,0.524256,2.311628,0.846098,1.616396,0.008147,0.739462,2.393780,2.477543,1.410532,2.542299,2.829670,0.011369,0.000415,0.809694,2.716590
12.174889,51.550251,0.013232,0.013561,0.013232,0.197016,2.546089,0.013890,0.014218,2.368553,0.365676,0.013561,-0.000248,0.905191,-0.000576,-0.000905,-0.000576,-0.000248,2.519103,0.474642,2.341590,0.832568,1.654411,0.007825,0.735918,2.518136,2.471745,1.440171,2.545520,2.851900,0.011691,0.000093,0.852542,2.806474
12.904302,52.686360,0.015533,0.015533,0.015533,0.498171,2.604611,0.015205,0.014218,2.413923,0.413677,0.015205,0.000081,0.976863,0.000739,0.000410,-0.000248,0.000410,2.584180,0.427284,2.359631,0.838689,1.666975,0.007181,0.749127,2.617685,2.478832,1.434050,2.549709,2.867686,0.011047,-0.000229,0.908599,2.859310
12.583932,53.417583,0.014547,0.014218,0.015533,0.562610,2.697324,0.016520,0.015862,2.468499,0.425184,0.015205,-0.000576,1.079440,0.000410,0.000739,0.002054,0.000739,2.654090,0.463044,2.407956,0.870905,1.684695,0.008147,0.750415,2.744619,2.486564,1.553895,2.551964,2.898292,0.011691,-0.001518,1.011047,2.950482
13.204583,53.550486,0.016191,0.016191,0.015205,0.682612,2.768996,0.017177,0.017177,2.537870,0.634940,0.016520,0.000739,1.240867,-0.000576,-0.000576,-0.000248,0.000410,2.677930,0.464011,2.403123,0.897001,1.688561,0.007825,0.755892,2.774258,2.496551,1.622839,2.553575,2.904735,0.010724,-0.000551,1.069681,3.002351
12.541660,53.773058,0.018164,0.017506,0.017506,0.798011,2.841326,0.017177,0.016520,2.659844,0.641845,0.018492,0.001067,1.532816,0.000739,0.000081,-0.000248,-0.000905,2.670843,0.474964,2.388948,0.910209,1.695648,0.007503,0.761047,2.878317,2.514270,1.618329,2.553575,2.909245,0.010724,-0.000551,1.086434,3.041333
13.261836,53.590773,0.019479,0.019807,0.018492,1.068262,2.938642,0.018821,0.018164,2.672666,0.774340,0.018492,0.000410,1.698188,0.001067,0.000410,0.000739,-0.000248,2.692428,0.483663,2.410211,0.918263,1.710468,0.007503,0.752348,2.910212,2.560018,1.646679,2.555508,2.922454,0.010080,0.000093,1.208534,3.137661
13.086797,54.807579,0.018164,0.018164,0.018821,1.135989,2.963628,0.020136,0.018821,2.695680,0.753627,0.018492,-0.000905,1.870793,0.000081,0.001067,0.001067,0.000081,2.700804,0.459500,2.408278,0.912465,1.722066,0.008147,0.753637,2.955315,2.624773,1.659888,2.555830,2.923421,0.011047,0.000415,1.254604,3.182119
13.208964,54.643268,0.018164,0.018821,0.018821,1.186948,3.002095,0.020794,0.020465,2.714749,0.809847,0.019807,-0.000248,1.832984,-0.000248,-0.000248,0.000410,-0.000576,2.688884,0.434371,2.427608,0.913753,1.727865,0.008469,0.752993,2.973678,2.639271,1.682762,2.555185,2.917299,0.011369,0.000415,1.250738,3.214336
13.579519,55.805651,0.019479,0.019807,0.019479,1.187277,3.022807,0.019479,0.019479,2.732174,0.813792,0.020136,0.000410,1.916492,0.000739,-0.000905,-0.000576,-0.000248,2.713046,0.425351,2.481732,0.918908,1.738818,0.008469,0.751382,3.024580,2.661500,1.720455,2.559374,2.925676,0.011369,0.000093,1.249449,3.268138
13.203897,56.977546,0.020465,0.020136,0.020136,1.307608,3.073767,0.020465,0.019150,2.764064,0.901903,0.021123,0.000739,1.983233,0.000081,0.000081,0.000081,0.000081,2.736887,0.461111,2.558085,0.950802,1.743651,0.007503,0.833212,3.064529,2.666977,1.785532,2.559374,2.935018,0.011047,-0.000874,1.256215,3.344491
13.767994,57.014733,0.020465,0.020794,0.021123,1.409198,3.130315,0.021451,0.020465,2.848230,0.898615,0.020794,0.000410,2.018083,0.001067,0.001067,0.000739,0.000410,2.791333,0.468843,2.621551,1.089333,1.748805,0.007825,0.853186,3.103833,2.668265,1.806151,2.561951,2.946294,0.010724,-0.001518,1.349643,3.390561
13.976064,56.877252,0.022109,0.022109,0.153618,1.567995,3.142151,0.234167,0.022766,2.871573,0.909794,0.021780,-0.001234,2.179181,0.000739,0.000739,0.000410,0.000081,2.788111,0.457245,2.633794,1.143779,1.757182,0.008147,0.829668,3.100289,2.714979,1.846744,2.561951,2.951449,0.011369,-0.000551,1.446937,3.415690
13.939537,56.085669,0.022438,0.023095,0.438663,1.730408,3.157603,0.307483,0.023753,2.875847,0.938726,0.023095,0.000410,2.347183,0.000081,0.000410,0.028027,0.001067,2.800031,0.462078,2.627028,1.185338,1.763625,0.008791,0.837722,3.119942,2.764271,1.873161,2.563884,2.956926,0.011691,-0.000229,1.476898,3.447906
14.443269,56.315612,0.024410,0.023424,0.657297,1.806683,3.144453,0.317346,0.024410,2.865655,0.973904,0.025397,-0.000248,2.464883,0.000081,-0.000248,0.102987,0.000410,2.807441,0.435660,2.653446,1.179539,1.771357,0.009436,0.862207,3.144104,2.756217,1.881860,2.562595,2.966913,0.012013,-0.000229,1.494295,3.476257
15.676546,58.401285,0.025397,0.025068,0.822998,1.945424,3.139192,0.420581,0.025725,2.899189,1.018617,0.026054,-0.000248,2.479349,0.266387,0.000081,0.164467,-0.000248,2.816139,0.352219,2.648613,1.165364,1.774256,0.009758,0.820970,3.120264,2.830315,1.904411,2.561307,2.954993,0.011047,0.001059,1.575158,3.527159
15.670956,59.489875,0.027369,0.026712,1.194510,2.036165,3.182261,0.519541,0.025725,2.926477,0.926890,0.026712,0.000410,2.486253,0.346607,0.000410,0.169728,-0.000248,2.833214,0.355441,2.661500,1.169552,1.774256,0.111240,0.739462,3.126707,2.855444,1.933084,2.562595,2.978511,0.011047,0.000093,1.566782,3.640239
16.577061,60.823878,0.028027,0.026383,1.338183,2.093371,3.200672,0.555049,0.027369,2.932395,0.962068,0.028356,0.000081,2.708831,0.418937,0.001396,0.199317,0.001067,2.839013,0.284565,2.688240,1.220132,1.778767,0.257825,0.716910,3.120908,2.930508,1.978831,2.560984,2.987209,0.011369,0.000737,1.534566,3.724969
16.665341,60.979957,0.029013,0.028684,1.591337,2.349484,3.297002,0.582008,0.030657,2.937327,1.188263,0.029671,-0.000248,2.865655,0.507377,0.000410,0.408088,0.160193,2.902802,0.248160,2.695005,1.357375,1.791653,0.658276,0.687271,3.108666,2.997519,2.004605,2.560340,2.993975,0.011691,0.000093,1.809373,3.817752
16.848546,59.684438,0.030328,0.030657,1.699832,2.380389,3.341058,0.645132,0.030657,2.934697,1.223442,0.031314,0.000410,2.909710,0.639543,0.129289,0.558665,0.230879,2.899580,0.216588,2.699515,1.461112,1.840945,0.806794,0.686305,3.052609,3.023292,2.097066,2.560340,3.001062,0.011047,0.000415,1.985919,3.887662
16.919130,56.299399,0.031972,0.031643,1.815888,2.437266,3.388729,0.706613,0.030657,2.930423,1.220154,0.031314,0.000739,2.951135,0.730284,0.169070,0.652365,0.307812,2.902158,0.200480,2.686951,1.627027,1.874128,0.966588,0.712722,3.069684,3.068717,2.084180,2.558729,2.986565,0.011047,0.000093,2.090301,3.916979
17.011732,50.814599,0.030986,0.031314,1.942794,2.456006,3.414702,0.753298,0.031643,2.951135,1.183661,0.030986,0.000081,3.000780,0.792751,0.327867,0.811820,0.489294,2.941462,0.352864,2.709180,1.683084,1.898612,1.002026,0.712400,3.068717,3.095135,2.090623,2.558085,3.040689,0.011691,0.000415,2.216912,3.937276
17.242779,43.914538,0.031314,0.030657,1.938191,2.442198,3.414702,0.810833,0.032630,2.958039,1.177414,0.031643,-0.000248,3.041876,0.945630,0.425841,0.837793,0.484363,2.907634,0.411498,2.693394,1.709823,1.893135,1.038431,0.763946,3.002995,3.076127,1.991718,2.550031,3.037145,0.011691,0.000415,2.276190,3.930833
16.207644,28.859942,0.031314,0.031314,1.893807,2.387950,3.451525,0.855218,0.031314,2.930423,1.175113,0.032958,0.001067,3.042862,0.989028,0.486335,0.960753,0.547158,2.816784,0.454668,2.618974,1.712401,1.889914,1.054539,0.785531,2.908923,3.011050,1.832246,2.545520,2.986243,0.011047,-0.000551,2.190494,3.887984
12.193811,11.962594,0.159207,0.030986,1.866190,2.284387,3.455470,0.800641,0.030986,2.786421,1.140263,0.030657,0.000081,3.072780,1.169195,0.555706,1.094235,0.654995,2.747196,0.589011,2.620907,2.000739,1.932118,1.156021,1.009436,2.636371,3.008472,1.781988,2.535533,2.873485,0.011691,0.000415,2.085468,3.807121
2.032747,-11.660517,0.914068,0.039534,2.253812,2.423129,3.556731,1.486788,0.036904,2.529651,1.829697,0.036904,1.321087,3.092507,1.832984,1.201743,1.518021,0.932150,2.639915,0.584823,2.528123,2.247517,2.029734,1.026189,1.063560,2.322582,2.885083,1.594488,2.608020,2.721745,0.011369,-0.000551,1.781988,3.705316
-1.156434,-31.089846,1.467391,1.586735,2.627296,3.008670,3.859200,2.762092,0.682941,3.117165,2.884066,1.767888,2.297538,3.155631,2.260058,2.016439,2.400772,2.074960,2.746552,1.513625,2.542299,2.853188,2.028123,1.337078,1.150222,2.451448,2.940495,1.428251,2.656023,2.600611,0.332889,0.760403,2.178574,3.648293
-3.223986,-36.125119,1.844820,1.832656,2.831134,3.215467,3.809227,3.390702,1.965151,3.984791,3.158918,2.966587,3.128343,2.779845,2.183783,2.559898,3.201987,3.244728,2.775547,2.121229,2.454992,3.045199,1.606731,2.063883,1.325158,2.474966,2.848678,0.729153,2.569038,2.380250,1.066459,2.235919,2.317427,3.545522
-2.625544,-40.370737,1.960219,2.081864,2.954752,3.455141,3.933174,3.719473,2.844942,4.166272,3.327249,3.241111,3.372620,3.001108,2.490856,2.739407,3.473552,3.474867,3.016849,2.449837,2.441139,3.036501,1.076769,2.547453,1.360596,2.461113,2.838047,0.019745,2.505572,2.296487,1.153766,2.362530,2.521358,3.265560
-3.554003,-41.530825,1.962520,2.126577,3.018533,3.492950,3.895036,3.770432,3.116507,4.211971,3.407140,3.307523,3.402209,2.992889,2.361977,2.711132,3.504457,3.531087,3.132506,2.472711,2.398613,2.966591,0.627671,2.753639,1.432761,2.573549,2.873163,0.012980,2.503317,2.256538,1.121872,2.389270,2.546809,3.194362
-4.673104,-43.247662,1.819505,1.993754,2.985985,3.471580,3.869392,3.772405,3.070808,4.211971,3.395305,3.251632,3.376236,2.957382,2.290305,2.680557,3.503470,3.532731,3.082570,2.422775,2.350932,2.892170,0.223998,2.767170,1.435661,2.591268,2.846423,0.011047,2.497518,2.213368,1.110596,2.371551,2.618330,3.122519
-5.095755,-44.212747,1.753093,1.918794,2.969875,3.411743,3.845392,3.736898,2.999793,4.201451,3.392675,3.194097,3.321002,2.854148,2.253483,2.612172,3.488018,3.498868,3.055831,2.391847,2.320649,2.875418,0.044552,2.793588,1.307761,2.584825,2.803253,0.011369,2.490752,2.202736,1.070970,2.334502,2.604155,3.031346
-5.210961,-45.542736,1.714298,1.908273,2.898861,3.389387,3.865447,3.735583,2.928779,4.194547,3.341058,3.158261,3.278591,2.801544,2.318580,2.542144,3.477826,3.474210,3.027480,2.400546,2.243007,2.827415,0.013302,2.791977,1.308728,2.573549,2.779413,0.011691,2.487531,2.204025,1.056795,2.305829,2.604477,2.925676
-4.335459,-44.461786,1.611721,1.850081,2.907080,3.363743,3.842104,3.703034,2.861381,4.213286,3.346975,3.156946,3.242755,2.765051,2.261702,2.440554,3.451196,3.459415,3.012016,2.417299,2.149579,2.792943,0.013302,2.810985,1.376705,2.633149,2.742686,0.009758,2.483020,2.196293,1.070970,2.294554,2.628317,2.847389
-3.437860,-42.111567,1.530843,1.683065,2.816668,3.219741,3.808898,3.611965,2.493157,4.188629,3.267084,3.009328,3.112233,2.599350,2.130194,2.271894,3.379195,3.362756,3.024580,2.378317,2.111564,2.753961,0.013302,2.724644,1.467877,2.686951,2.712724,0.010080,2.480765,2.180507,1.030377,2.253639,2.619296,2.755250
-2.796242,-41.587746,1.291498,1.730408,2.727900,3.033985,3.738541,3.496237,2.078577,4.115970,3.086589,2.938313,2.953108,2.273867,2.020055,2.023343,3.251961,3.315413,3.025547,2.483342,2.088690,2.705314,0.012335,2.482054,1.504282,2.688884,2.615752,0.009436,2.474644,2.171164,1.009758,2.206280,2.554863,2.667943
-2.006027,-42.050611,1.126126,1.674517,2.661159,2.957382,3.714870,3.428511,2.113098,4.080134,2.978752,2.915299,2.934697,2.028932,1.831341,1.936219,3.121110,3.270043,2.985276,2.399579,2.092878,2.693394,0.013302,2.303896,1.375416,2.679541,2.580314,0.009758,2.464657,2.201448,0.947258,2.018136,2.490752,2.671487
-3.287781,-42.676651,1.020261,1.557145,2.627953,2.941272,3.700404,3.400894,1.983562,4.063367,2.916943,2.824558,2.887682,1.862574,1.663667,1.889533,3.060616,3.243084,2.950482,2.369618,2.084180,2.652157,0.013302,2.063883,1.355442,2.629928,2.566461,0.009758,2.452415,2.219811,0.741073,1.901834,2.470456,2.640237
-4.189389,-42.487693,0.757901,1.472651,2.475732,2.845271,3.674431,3.366044,1.891177,4.058107,2.861709,2.855792,2.780174,1.712325,1.397362,1.783340,3.038588,3.164179,2.906024,2.352543,1.981731,2.563884,0.012335,1.947259,1.329024,2.583214,2.507827,0.010724,2.441461,2.189528,0.647645,1.710790,2.338046,2.555185
-5.136020,-42.050042,0.470225,1.154400,2.323511,2.745982,3.630705,3.302591,1.599228,4.037394,2.805490,2.701927,2.553980,1.450623,1.070563,1.530186,2.958697,3.112233,2.888304,2.312595,1.915365,2.492685,0.011047,1.838045,1.260403,2.565817,2.488497,0.010080,2.433407,2.195649,0.607696,1.500094,2.349322,2.448226
-6.291142,-42.134459,0.282497,0.993959,2.236058,2.660830,3.603088,3.296673,1.266182,4.022928,2.765380,2.673981,2.430033,1.094235,0.963712,1.349690,2.837380,3.067849,2.845779,2.249773,1.903767,2.423742,0.011047,1.709501,1.275867,2.563884,2.480121,0.010724,2.419876,2.128638,0.540686,1.271034,2.340301,2.438239
-7.496406,-41.947567,0.056301,0.765792,2.080549,2.623350,3.580731,3.264783,1.063988,3.995969,2.741379,2.606912,2.229154,0.900588,0.753956,1.137633,2.772284,3.010314,2.800675,2.240430,1.865429,2.360920,0.009758,1.608664,1.287787,2.514915,2.464979,0.009758,2.403445,2.167298,0.435660,1.198869,2.347066,2.443394
-8.628690,-42.038626,0.053013,0.550775,2.023014,2.540500,3.519251,3.197056,0.889739,3.977887,2.706530,2.533925,2.017754,0.824971,0.580693,0.976863,2.727900,2.963957,2.794876,2.218845,1.853187,2.330958,0.010724,1.538754,1.271679,2.520069,2.432762,0.010080,2.390881,2.193394,0.378959,0.997516,2.309051,2.376706
-10.074385,-42.804009,0.052356,0.487650,1.961534,2.473102,3.514977,3.135247,0.678996,3.964407,2.629268,2.506308,1.820820,0.580693,0.359100,0.898287,2.659187,2.903135,2.757183,2.283600,1.820648,2.240752,0.010080,1.414076,1.246550,2.507183,2.388304,0.010080,2.377672,2.187917,0.319036,0.935338,2.232376,2.362853
-11.687900,-43.369714,0.049068,0.352525,1.895780,2.450417,3.500840,3.093493,0.587597,3.966380,2.621049,2.409320,1.726791,0.509349,0.239756,0.802943,2.620720,2.930094,2.749451,2.237852,1.803574,2.104154,0.009114,1.274256,1.222387,2.502995,2.416010,0.009436,2.351899,2.176641,0.175029,0.889269,2.184373,2.332891
-11.144230,-41.730294,0.049068,0.048739,1.789258,2.390252,3.511032,3.052725,0.393622,3.972955,2.571076,2.335018,1.572926,0.431430,0.016520,0.496527,2.505322,2.829490,2.744619,2.249450,1.810983,2.037466,0.009114,1.194359,1.139591,2.468523,2.386693,0.008791,2.335791,2.158278,0.016201,0.710145,2.120906,2.247840
-7.603466,-37.590074,0.044794,0.045123,1.271114,2.155509,3.457771,2.861052,0.044137,3.860515,2.336004,2.161098,1.279662,0.164796,0.000739,0.131919,2.229154,2.565487,2.735920,2.240430,1.772001,1.914721,0.008791,1.040686,1.118972,2.357698,2.388626,0.008791,2.285855,2.102543,0.008791,0.578379,2.101576,2.184695
-6.922331,-34.312800,0.038219,0.039534,0.818724,1.761970,3.367030,2.505322,0.038876,3.718486,1.785313,1.773148,0.821354,0.000410,0.000410,0.001725,1.996713,2.139071,2.701771,2.232053,1.830313,1.835146,0.081923,0.705957,1.075158,2.273291,2.330636,0.008791,2.411500,2.079347,0.008791,0.245583,2.058406,2.175030
-2.626839,-31.372853,0.031314,0.030657,0.269017,1.341471,3.200672,1.983233,0.032630,3.515635,1.125797,1.454897,0.379156,0.000081,-0.000905,0.000081,1.823121,1.591666,2.685340,2.180829,1.983986,1.871228,0.352864,0.653122,1.041653,2.250417,2.361242,0.010080,2.439206,2.169553,0.008147,-0.001196,1.978187,2.171164
-3.468561,-29.205011,0.029013,0.027698,0.027040,1.107057,3.129658,1.720873,0.027369,3.382811,0.918013,1.093248,0.095425,0.000081,-0.000248,-0.000248,1.631119,1.165249,2.652157,2.137015,2.024579,1.734952,0.492683,0.331279,0.971743,2.176963,2.347066,0.009436,2.425675,2.239141,0.008469,-0.000229,1.847066,2.176963
-0.986487,-27.746069,0.023753,0.024410,0.024081,0.676694,3.122096,1.224100,0.024081,3.193439,0.752641,0.676037,0.001067,0.001396,0.001067,0.000081,1.421691,1.112975,2.578381,2.098355,2.008471,1.715300,0.758470,0.003315,1.104475,2.232053,2.292298,0.009436,2.392814,2.278445,0.007181,-0.000551,1.754282,2.224966
-3.639034,-27.954012,0.019807,0.019807,0.020136,0.411375,3.148727,0.676366,0.020136,3.045821,0.394608,0.399539,-0.000248,-0.000576,0.000410,0.001067,1.116920,0.749682,2.545198,1.989463,1.975610,1.656344,0.848998,0.003959,0.915686,2.227543,2.256538,0.094809,2.391525,2.303252,0.009114,-0.000551,1.706602,2.183406
-2.327822,-27.887371,0.018164,0.018164,0.017835,0.321620,3.099740,0.512637,0.019807,3.034972,0.324908,0.385731,-0.000576,0.000081,-0.000576,-0.001234,0.998562,0.612584,2.546165,1.961112,1.979154,1.616396,0.806150,0.003637,0.952735,2.293587,2.218200,0.150222,2.391203,2.321293,0.009436,0.000737,1.639269,2.166976
-3.866567,-28.292862,0.019150,0.019479,0.018821,0.277894,3.037931,0.479760,0.017835,3.019848,0.313730,0.364690,0.000739,0.000739,0.000410,0.000739,0.871985,0.584638,2.619618,2.004927,2.055829,1.584179,0.839655,0.004603,0.942748,2.319360,2.188883,0.322902,2.392170,2.355765,0.009758,-0.000551,1.597388,2.155378
-4.397204,-28.265907,0.017177,0.017506,0.018492,0.244688,2.969875,0.473842,0.018492,3.039903,0.285127,0.262770,-0.000248,0.001396,0.001067,0.000410,0.794066,0.724695,2.675675,2.048097,2.043587,1.550352,0.831601,0.004281,0.966588,2.319682,2.186950,0.432438,2.416976,2.376706,0.009758,0.000093,1.561950,2.123484
-5.762659,-29.198397,0.017177,0.017177,0.016191,0.211811,2.926149,0.485020,0.018164,3.096123,0.271647,0.244030,-0.000576,-0.000905,-0.000576,-0.000248,0.761846,0.751326,2.757505,2.121229,2.094167,1.508792,0.799707,0.003315,1.051318,2.329670,2.146357,0.544230,2.450159,2.385726,0.009114,-0.000229,1.546808,2.113174
-7.329199,-31.368959,0.017177,0.017835,0.017177,0.158878,2.899518,0.472198,0.017835,3.101055,0.270332,0.201947,0.001396,0.000410,-0.000248,-0.000248,0.694119,0.667160,2.780701,2.136048,2.122517,1.524578,0.732696,0.002992,1.093844,2.338690,2.097066,0.619294,2.472389,2.389914,0.009436,-0.000874,1.404089,2.083857
-9.211383,-33.027831,0.017835,0.017835,0.018164,0.136193,2.867299,0.479760,0.016848,3.126699,0.254551,0.212139,0.001067,0.000410,0.000739,0.000739,0.610282,0.598118,2.783601,2.223033,2.160211,1.512658,0.746227,0.002992,1.114140,2.358987,2.066460,0.699836,2.486886,2.402801,0.008791,0.000415,1.387658,2.019746
-10.243980,-33.406454,0.017177,0.017506,0.017177,0.116795,2.828504,0.475157,0.017177,3.147083,0.196687,0.215756,-0.000576,0.000739,0.000739,0.001067,0.525459,0.423540,2.892493,2.297131,2.135404,1.575803,0.715299,0.002992,1.118328,2.346100,2.053574,0.700480,2.512660,2.431796,0.009436,-0.000229,1.359308,1.950159
-10.896259,-34.400927,0.016520,0.017177,0.016848,0.111206,2.798257,0.473513,0.017835,3.176343,0.174988,0.178933,0.000081,0.000081,-0.000248,0.000081,0.490281,0.352525,2.876707,2.379283,2.199515,1.533921,0.749449,0.003315,1.033599,2.321938,2.030700,0.730763,2.527157,2.444038,0.009436,0.000093,1.162465,1.840300
-12.461903,-35.106762,0.017506,0.017506,0.016848,0.112192,2.794969,0.465623,0.017506,3.198700,0.184194,0.184851,0.000081,0.000081,-0.000576,0.000081,0.456417,0.252250,3.023292,2.392814,2.286822,1.544553,0.810338,0.004281,1.038431,2.336113,2.022968,0.751704,2.547131,2.471100,0.009114,0.000093,1.004604,1.696937
-14.459286,-36.370525,0.017506,0.017506,0.017506,0.093124,2.808120,0.457403,0.016520,3.196398,0.172687,0.185509,0.000410,0.000739,-0.000248,0.000081,0.435376,0.216742,3.093524,2.469812,2.336757,1.562594,0.821292,0.002670,1.219810,2.351577,1.988496,0.771356,2.560662,2.487853,0.008791,0.004603,0.962400,1.641524
-15.213725,-35.910601,0.016520,0.017177,0.017506,0.097726,2.794640,0.445239,0.017177,3.184891,0.137508,0.146714,-0.000248,-0.000248,0.001396,0.000410,0.302223,0.069123,3.166011,2.585147,2.350932,1.489140,0.834178,0.004281,1.282954,2.368329,1.968200,0.815171,2.570971,2.491719,0.010080,-0.000874,0.877026,1.483019
-15.279821,-35.746957,0.016520,0.016520,0.016520,0.108905,2.743681,0.414005,0.017835,3.206919,0.192413,0.152631,0.000410,0.000081,-0.000248,-0.000248,0.253565,0.046109,3.186630,2.636049,2.329347,1.470455,0.866717,0.003637,1.356408,2.352865,1.927285,0.814526,2.584180,2.497840,0.009114,0.000093,0.789397,1.244939
-15.943135,-32.506159,0.016848,0.016191,0.016520,0.016191,2.773270,0.313072,0.015205,3.180289,0.163152,0.104959,0.000410,0.000739,-0.000248,-0.000248,0.217400,0.000081,3.201449,2.620585,2.346744,1.389913,0.947581,0.004281,1.574836,2.388948,1.867362,0.880248,2.604477,2.522324,0.009436,-0.000229,0.766524,1.192426
-13.367317,-23.953523,0.016520,0.015533,0.015533,0.015862,2.715406,0.237455,0.015205,3.134261,0.077343,0.056301,0.000410,0.000410,0.000739,0.000739,0.100685,-0.000248,3.249130,2.719168,2.418587,1.244939,0.994939,0.004603,1.923741,2.349966,1.901834,1.037142,2.643137,2.552286,0.008791,-0.000229,0.803573,1.018135
-7.780420,-14.874744,0.013890,0.012574,0.013890,0.014218,2.596391,0.015205,0.014218,3.001437,0.013561,0.013561,-0.000576,-0.000248,-0.000248,0.000410,0.000739,0.000410,3.298421,2.987531,2.388948,0.933083,1.155055,0.004281,2.259760,2.360275,1.785210,1.511692,2.675353,2.656345,0.010402,0.030054,0.914720,0.896678
-1.073864,-0.153892,0.010931,0.011259,0.010931,0.011259,2.130522,0.011588,0.011259,2.426417,0.012246,0.010602,0.000410,-0.000248,-0.000905,0.000081,-0.000576,0.001067,3.167300,3.021359,2.315816,0.697903,1.139591,0.004925,2.249128,2.382183,1.842878,1.500738,2.667621,2.686307,0.010402,0.000737,1.152155,1.037142
4.872828,12.610204,0.009615,0.009615,0.009615,0.010602,1.939506,0.008958,0.008958,1.768216,0.009615,0.010273,0.000081,-0.000248,0.000410,0.000081,0.000081,-0.000576,2.776513,2.314528,2.254927,1.462078,1.466266,0.007181,1.973677,2.234309,1.771357,1.421486,2.597067,2.534567,0.009758,-0.000551,0.841266,1.434372
7.528002,20.892337,0.008958,0.009615,0.010602,0.009944,2.048987,0.010273,0.009944,1.799121,0.066164,0.009287,-0.000248,0.000739,0.000739,0.000739,0.000081,-0.000248,2.221744,1.339978,1.957891,1.314205,1.266846,0.005892,1.291331,1.867684,2.033600,0.950480,2.525868,2.388948,0.009114,-0.000874,0.004603,1.455635
9.466687,26.907135,0.009615,0.010273,0.010273,0.010273,2.053261,0.011917,0.011259,1.754079,0.522829,0.010931,-0.000905,-0.000248,-0.000248,0.000410,0.001067,0.000739,2.032311,1.240429,1.868651,0.954668,1.283921,0.004925,0.992684,1.613496,2.091267,1.116073,2.530701,2.482698,0.008791,-0.000229,-0.000229,1.700481
10.921886,31.960553,0.011259,0.011588,0.010273,0.012246,2.093371,0.011588,0.011259,1.747175,0.689845,0.012903,0.000410,0.000081,0.000081,0.000081,-0.000248,-0.000576,2.101254,1.000738,2.000417,0.831601,1.408599,0.006536,0.847709,1.475609,2.159244,1.235596,2.542621,2.589335,0.010080,-0.000551,0.049384,2.024901
11.178187,35.283680,0.011917,0.012246,0.012246,0.011259,2.145646,0.011917,0.011588,1.763285,0.717791,0.011259,-0.000576,0.000410,0.001067,0.001067,0.000739,0.000081,2.098677,0.836756,2.095133,0.821614,1.477542,0.006858,0.826769,1.496550,2.263948,1.312272,2.542621,2.652479,0.010402,0.000415,0.056150,2.131860
11.644921,37.325224,0.011917,0.010931,0.011259,0.011259,2.180167,0.012574,0.012246,1.777422,0.765134,0.011917,0.000081,-0.000576,-0.001234,-0.000248,0.000410,0.000410,2.199837,0.728186,2.170520,0.819359,1.490429,0.007181,0.838044,1.700158,2.250739,1.325158,2.548420,2.689851,0.010402,0.000737,0.203701,2.312917
11.929685,39.441863,0.011917,0.012903,0.011259,0.012246,2.218633,0.011917,0.011259,1.787943,0.748367,0.013561,0.001067,0.006328,0.000410,0.000081,0.000410,-0.000248,2.366719,0.754604,2.150223,0.841910,1.498805,0.006858,0.822258,1.845777,2.241718,1.308728,2.550353,2.707892,0.010724,0.000415,0.365106,2.456925
12.697906,42.034374,0.012246,0.012246,0.012903,0.012903,2.244935,0.012903,0.012246,1.897424,0.771709,0.011917,-0.000248,0.232194,0.000739,0.000739,0.000739,0.000739,2.343523,0.764591,2.226899,0.876060,1.536821,0.006858,0.796807,1.897324,2.319038,1.385081,2.556152,2.787467,0.011047,0.000093,0.429217,2.533278
12.758376,42.740974,0.011917,0.012574,0.013561,0.013890,2.303785,0.013890,0.012574,1.963507,0.852916,0.012903,-0.000576,0.275592,0.000081,0.001396,0.000739,0.000081,2.350932,0.759114,2.231731,0.878959,1.600609,0.006214,0.769423,2.030378,2.317427,1.385725,2.560984,2.811307,0.010080,-0.000874,0.488173,2.554219
13.327223,43.729673,0.012574,0.012246,0.012246,0.012246,2.336991,0.013890,0.013232,1.981260,0.787819,0.012903,-0.000576,0.338059,-0.000576,0.000410,0.000739,0.001067,2.429863,0.617039,2.260726,0.863818,1.622839,0.007181,0.814204,2.158600,2.274257,1.448870,2.569038,2.849000,0.010724,-0.000229,0.448869,2.582892
12.561416,43.537329,0.011917,0.011259,0.011917,0.012574,2.317265,0.013890,0.013232,2.028275,0.773353,0.012574,-0.000248,0.397567,-0.000905,-0.000905,0.000410,0.000410,2.524257,0.438882,2.296164,0.884114,1.629282,0.006858,0.860596,2.303574,2.340623,1.591911,2.580314,2.892493,0.010080,-0.000551,0.583534,2.664399
12.780278,43.057871,0.012246,0.012574,0.012574,0.013232,2.370854,0.013890,0.012903,2.067727,0.659269,0.013232,-0.000248,0.533021,-0.000576,-0.000248,-0.000248,0.000410,2.547131,0.455957,2.339657,0.939204,1.634759,0.007181,0.930184,2.384760,2.351255,1.644102,2.583536,2.918266,0.010724,-0.000551,0.790686,2.818717
12.778876,43.562520,0.013232,0.012574,0.012574,0.012246,2.519788,0.014218,0.013890,2.100604,0.608639,0.013561,0.000081,0.626392,-0.000576,-0.000248,0.000081,0.000410,2.548098,0.506859,2.364786,0.967233,1.627993,0.007181,1.045197,2.423420,2.391847,1.614140,2.585791,2.924065,0.010402,-0.000551,0.899578,2.932441
12.633589,43.623640,0.012903,0.012246,0.013232,0.013561,2.613159,0.014547,0.013890,2.179509,0.602721,0.013561,-0.000248,0.685900,-0.000248,0.000081,0.000410,-0.000248,2.611564,0.497194,2.430830,0.973354,1.652800,0.006858,1.122838,2.461435,2.372518,1.666009,2.593201,2.945006,0.010402,-0.001196,1.006859,3.026513
12.915989,43.698510,0.013232,0.013561,0.012574,0.014547,2.605926,0.014547,0.014218,2.235401,0.596145,0.013890,-0.000576,0.772367,-0.000905,0.000410,0.000081,0.001067,2.662789,0.516846,2.444683,1.001382,1.662787,0.007825,1.163753,2.641204,2.429863,1.709179,2.608020,2.959825,0.010724,0.000093,1.059372,3.100612
12.765790,44.025877,0.014218,0.014218,0.014218,0.223646,2.688447,0.015205,0.014876,2.286689,0.612584,0.014218,-0.000248,0.887108,0.000081,0.000081,0.000081,0.000410,2.698227,0.593521,2.466590,1.070325,1.680184,0.008147,1.163109,2.807119,2.430830,1.714656,2.616719,2.968202,0.009758,0.000093,1.085789,3.146359
13.041780,42.430345,0.016191,0.015205,0.015533,0.420581,2.825216,0.016191,0.015862,2.368553,0.700037,0.016191,0.000081,0.944644,-0.000248,-0.000248,-0.000248,-0.000905,2.695650,0.576768,2.560662,1.176962,1.688561,0.008791,1.146034,2.885405,2.484953,1.713045,2.618974,2.973678,0.012013,0.000737,1.098676,3.195328
12.984095,43.109225,0.016520,0.016848,0.016191,0.530720,2.878477,0.016520,0.015533,2.442855,0.735545,0.016848,0.001067,0.972589,-0.001234,0.000081,-0.000248,-0.000905,2.752028,0.584500,2.561629,1.226576,1.691782,0.008469,1.131215,2.907312,2.466912,1.749128,2.616075,2.968846,0.012335,-0.000874,1.115106,3.193717
12.828249,42.360632,0.018492,0.018164,0.017177,0.775655,2.945217,0.017506,0.017506,2.511568,0.832532,0.018164,0.000739,1.059714,0.000739,0.001067,-0.000576,0.002711,2.810663,0.605119,2.607698,1.229153,1.707568,0.008469,1.154411,2.965946,2.508471,1.853831,2.621874,2.985598,0.011369,0.000737,1.277156,3.228833
13.173821,41.739339,0.017177,0.018821,0.018164,1.036700,2.961985,0.018821,0.017835,2.539514,0.826943,0.018164,0.000739,1.134345,0.001725,0.000739,0.000081,0.000410,2.877673,0.675673,2.670843,1.269746,1.718200,0.007503,1.140557,3.034245,2.519103,1.877994,2.623484,2.994619,0.011369,-0.000229,1.263625,3.274581
12.800899,42.773576,0.018821,0.019479,0.019479,1.198127,2.988286,0.019479,0.019150,2.578638,0.882177,0.018492,-0.000248,1.206346,0.000410,0.001067,0.000081,0.000739,2.912789,0.676962,2.701126,1.272967,1.723354,0.007503,1.122516,3.088047,2.555830,1.868007,2.626384,3.000740,0.011047,-0.000551,1.266524,3.370586
12.764677,43.237968,0.019150,0.019150,0.019479,1.307608,2.996506,0.020794,0.019807,2.618419,0.905848,0.019479,0.000081,1.266182,0.001396,0.002382,0.000739,-0.000248,2.953060,0.660209,2.707247,1.324836,1.720777,0.008469,0.997838,3.112210,2.606410,1.881215,2.622518,3.000096,0.011047,-0.000229,1.235274,3.404414
12.186010,42.698590,0.018821,0.019807,0.020136,1.279004,3.022478,0.020465,0.019479,2.672995,0.953192,0.019150,-0.000248,1.255333,-0.000248,0.000410,0.000410,0.000739,2.966591,0.645067,2.708858,1.383792,1.723677,0.008791,0.813238,3.178253,2.607376,1.877672,2.621229,3.000740,0.011047,-0.000229,1.264913,3.515561
12.298099,44.387982,0.020794,0.019807,0.020136,1.364814,3.062917,0.206879,0.020794,2.688776,0.997905,0.020136,-0.001234,1.357581,0.000081,0.000081,0.001067,0.001396,2.904413,0.651833,2.696294,1.349643,1.722710,0.009114,0.799707,3.182119,2.596423,1.883148,2.612531,2.995586,0.011369,0.001059,1.249449,3.556476
12.370994,45.689000,0.021123,0.021451,0.021451,1.432541,3.100068,0.255208,0.022766,2.810092,1.039001,0.021451,0.000410,1.666297,-0.000248,0.000081,-0.000905,0.000739,2.912145,0.642490,2.699515,1.292942,1.730442,0.008147,0.955312,3.200483,2.581603,1.883148,2.611564,2.994941,0.010724,0.000093,1.318393,3.564530
12.083332,45.669012,0.022766,0.021451,0.128631,1.483829,3.136233,0.294004,0.023095,2.802531,1.163934,0.023753,0.000739,1.745202,-0.001234,-0.001234,0.000739,0.000739,2.879928,0.582567,2.692428,1.203380,1.732697,0.007181,1.120583,3.224323,2.615752,1.891847,2.607376,2.994619,0.011691,-0.000874,1.331279,3.556154
12.244060,46.172203,0.023424,0.023095,0.274606,1.609420,3.145439,0.346607,0.024081,2.833435,1.245798,0.024081,-0.000248,1.847122,-0.000248,-0.000905,0.000739,0.000081,2.934052,0.533920,2.722389,1.220132,1.737852,0.008469,1.130248,3.206604,2.668910,1.881860,2.604799,2.991397,0.013302,-0.000229,1.403766,3.570651
12.001877,45.575348,0.024739,0.024410,0.702010,1.758353,3.166480,0.379813,0.025725,2.871244,1.251388,0.025397,0.000410,1.898081,0.000410,0.000739,0.000739,-0.000576,2.966913,0.506536,2.733021,1.252027,1.743651,0.009114,1.118650,3.188241,2.733987,1.897968,2.606732,2.988498,0.011369,-0.000229,1.398612,3.612211
12.441302,44.474832,0.025725,0.024739,0.823327,1.789587,3.184563,0.424855,0.026383,2.902148,1.268812,0.026383,0.000081,1.898739,-0.000576,-0.001563,0.022109,0.000410,2.951449,0.573225,2.730766,1.270390,1.750416,0.007503,1.101898,3.189851,2.758794,1.904411,2.608665,2.989464,0.011369,0.001382,1.419230,3.631863
12.201201,44.007650,0.027040,0.026712,0.862122,1.902355,3.243084,0.445239,0.026712,2.918916,1.311224,0.026383,0.000081,1.969753,0.261455,-0.002220,0.069123,-0.001234,2.953382,0.540042,2.729799,1.287465,1.792298,0.010080,1.103186,3.205315,2.784889,1.916654,2.608020,2.986887,0.011047,-0.001196,1.428895,3.654414
11.833522,44.010981,0.027040,0.027698,0.929520,1.966466,3.294372,0.507706,0.028356,2.958697,1.364485,0.027040,0.002054,2.050960,0.436033,-0.001234,0.075699,0.000410,2.975933,0.560660,2.722067,1.287787,1.828058,0.273289,1.126060,3.208215,2.787145,1.927607,2.618330,2.989464,0.011691,-0.000229,1.473354,3.661180
12.001241,43.470253,0.027698,0.027698,1.074508,1.991123,3.317386,0.543542,0.029013,2.971190,1.451281,0.027369,0.001067,2.119344,0.589241,-0.000248,0.094768,-0.000248,2.973034,0.545196,2.739786,1.308728,1.821615,0.339011,1.112851,3.195006,2.799709,1.925996,2.615752,2.986243,0.011047,0.005892,1.477864,3.666979
11.741215,43.604244,0.024081,0.028684,1.153414,2.010850,3.351578,0.580035,0.029013,2.961656,1.460486,0.029013,0.000410,2.147619,0.621461,0.000081,0.111535,0.000081,2.969812,0.508469,2.730443,1.381215,1.903767,0.439526,1.087078,3.178576,2.816462,1.938561,2.614464,2.970457,0.012013,-0.000229,1.553251,3.671167
12.090585,41.602496,0.027698,0.029342,1.234291,2.026631,3.359140,0.606666,0.029013,2.955738,1.510460,0.029342,0.000739,2.180496,0.696749,0.022766,0.152960,-0.000248,2.962725,0.533598,2.714013,1.433728,1.938239,0.484629,1.130570,3.206282,2.815817,1.943071,2.618974,2.974001,0.011691,-0.003129,1.653122,3.705961
12.010427,40.413213,0.028356,0.029999,1.363499,2.041425,3.370647,0.665845,0.029013,2.978423,1.511446,0.029999,0.000739,2.175893,0.732257,0.158549,0.373895,0.250934,2.945006,0.475286,2.720456,1.469810,1.996551,0.542297,1.117362,3.195328,2.865431,1.919231,2.616075,2.968846,0.011047,0.000093,1.726576,3.711438
13.125229,37.422397,0.030657,0.030986,1.606132,2.147290,3.422593,0.778942,0.030657,2.970533,1.542022,0.032301,0.001725,2.192660,0.847656,0.279538,0.529076,0.307812,2.930830,0.435660,2.728188,1.491073,2.010082,0.602219,1.065171,3.187596,2.919555,1.886692,2.606088,2.960792,0.010724,0.000093,1.751383,3.714337
12.808248,35.925754,0.031643,0.031643,1.696873,2.149920,3.440346,0.842067,0.030657,3.017218,1.453911,0.032301,0.001396,2.221921,1.017302,0.368635,0.636584,0.432088,2.894748,0.431150,2.719812,1.512658,2.019424,0.825802,1.041008,3.190496,2.945650,1.898934,2.603832,2.957248,0.011369,-0.000229,1.731409,3.733023
12.183864,32.842398,0.031643,0.032630,1.789915,2.156495,3.439031,0.859492,0.031314,3.089548,1.457527,0.031972,0.001067,2.269593,1.311224,0.513952,0.741134,0.535980,2.862531,0.466910,2.697582,1.525545,2.025868,0.868972,1.167942,3.188885,2.938884,1.915043,2.606732,2.948872,0.011047,0.000415,1.841911,3.736244
