9.172705,0.158549,3.356181,3.359140,2.987629,3.111575,3.273002,3.003410,2.334032,2.838696,3.392017,3.170425,3.343030,3.642869,3.278920,3.507744,3.648458,1.348676,0.309049,2.868008,2.744619,1.990429,1.514591,2.744619,0.013302,2.556796,0.011691,1.717233,1.977221,1.503960,1.629282,1.395068,1.570648
9.184182,0.140467,3.364071,3.397606,3.025109,3.128672,3.287797,3.041547,2.424773,2.898203,3.435086,3.170425,3.353880,3.659636,3.283851,3.513333,3.659308,1.348354,0.374771,2.899258,2.790044,2.003316,1.586112,2.815173,0.012335,2.562595,0.012013,1.727543,2.017169,1.538754,1.617040,1.444359,1.724965
9.126137,0.113508,3.367359,3.410428,3.044835,3.128672,3.285166,3.052725,2.441540,2.938971,3.453168,3.202974,3.366702,3.665226,3.284838,3.515635,3.673445,1.388947,0.530055,2.906024,2.810663,2.000417,1.595455,2.870908,0.012013,2.562273,0.012013,1.755571,2.039399,1.572259,1.621872,1.524901,1.837079
9.198453,0.064520,3.383140,3.428839,3.079685,3.124397,3.291413,3.071465,2.480006,3.003739,3.473223,3.273988,3.389387,3.681664,3.290756,3.524840,3.685938,1.501383,0.607052,2.942106,2.863176,2.012981,1.694360,2.936307,0.012980,2.596100,0.011691,1.837723,2.081924,1.605442,1.694037,1.653767,1.837723
9.645120,0.062877,3.417990,3.481443,3.118808,3.144453,3.312783,3.140507,2.553651,3.041876,3.494265,3.308180,3.397935,3.699747,3.302591,3.539964,3.695801,1.606731,0.649256,2.967879,2.942750,2.115752,1.762981,3.013949,0.012980,2.605765,0.012980,1.868651,2.154089,1.641524,1.883793,1.857697,1.906344
10.153724,0.054329,3.427524,3.495251,3.128014,3.149713,3.321989,3.182590,2.556610,3.058643,3.499196,3.318701,3.403524,3.700733,3.317715,3.553115,3.709938,1.621872,0.646356,2.985921,2.980444,2.157311,1.873483,3.040689,0.013946,2.584180,0.011691,1.932118,2.221422,1.670841,1.952092,1.956280,2.007504
10.302711,0.065507,3.463360,3.551142,3.195741,3.167138,3.359797,3.228618,2.655570,3.105986,3.538649,3.391688,3.417661,3.722103,3.371633,3.595197,3.729993,1.783921,0.672451,3.077738,3.114787,2.413755,2.135726,3.224001,0.014268,2.690817,0.011369,2.081602,2.344811,1.780700,2.217234,2.245907,2.291654
11.235998,0.082932,3.517279,3.573827,3.293057,3.203960,3.428511,3.307194,2.724283,3.142480,3.555416,3.458757,3.440675,3.758268,3.395305,3.627746,3.773062,1.828702,0.793586,3.137338,3.252996,2.479799,2.216590,3.330638,0.014268,2.773936,0.339011,2.197582,2.475933,1.841589,2.356409,2.419232,2.450159
11.443987,0.136522,3.599143,3.654047,3.413716,3.274975,3.573827,3.477826,2.895244,3.186864,3.606047,3.516950,3.491963,3.806597,3.460401,3.712897,3.804953,1.871228,0.994294,3.147326,3.295200,2.473678,2.512660,3.404092,0.054861,2.846423,0.439204,2.320005,2.631216,2.134760,2.632183,2.712724,2.595134
12.134641,0.137508,3.633992,3.683637,3.489333,3.366044,3.585334,3.551471,2.973492,3.248673,3.631033,3.563307,3.515964,3.821392,3.516621,3.766158,3.816789,1.892813,1.201769,3.196295,3.309375,2.482698,2.567105,3.379285,0.014913,2.860920,0.433405,2.239141,2.712402,2.502028,2.660211,2.709825,2.547776
12.224115,0.166769,3.667856,3.715199,3.537662,3.438702,3.629390,3.630705,3.105000,3.292071,3.667527,3.591581,3.534046,3.843748,3.540293,3.806926,3.832899,1.894102,1.379926,3.207893,3.334504,2.479476,2.620907,3.402481,0.014268,2.822905,0.435338,2.281667,2.744941,2.519425,2.671809,2.717235,2.527479
12.492743,0.171043,3.706322,3.734267,3.586978,3.484730,3.669828,3.691527,3.174042,3.326592,3.695472,3.639581,3.558704,3.868735,3.588951,3.826323,3.858872,1.906344,1.529089,3.207248,3.341269,2.470778,2.691784,3.435019,0.079668,2.816784,0.485918,2.421487,2.751384,2.532634,2.671165,2.722711,2.582247
12.807751,0.195043,3.738870,3.751364,3.652732,3.508073,3.697774,3.734596,3.268070,3.346318,3.706322,3.669171,3.602430,3.913119,3.608677,3.866433,3.879584,1.935339,1.596743,3.244297,3.368009,2.470778,2.740431,3.465947,0.152477,2.855121,0.519745,2.593523,2.758150,2.563884,2.649258,2.782634,2.640559
13.219581,0.191427,3.741500,3.750377,3.674760,3.506100,3.710267,3.753336,3.301934,3.354537,3.708295,3.677719,3.616239,3.917722,3.610650,3.877940,3.895036,1.994618,1.536176,3.293589,3.360599,2.498484,2.736242,3.454672,0.047451,2.888304,0.591588,2.603188,2.758472,2.603188,2.611242,2.782956,2.641204
13.640505,0.192413,3.748076,3.757610,3.700404,3.526484,3.720788,3.787857,3.335797,3.365715,3.720459,3.704021,3.641225,3.938763,3.616567,3.895694,3.906543,1.995906,1.589656,3.339981,3.288756,2.533600,2.781023,3.448550,0.075157,2.954671,0.657954,2.628317,2.762660,2.650224,2.612209,2.814529,2.712402
13.032136,0.182550,3.754651,3.767145,3.706651,3.546211,3.729007,3.812186,3.339414,3.392017,3.730322,3.722760,3.658321,3.959475,3.622157,3.903584,3.920680,1.998806,2.017491,3.323872,3.254607,2.506861,2.700160,3.369620,0.015235,2.954993,0.722709,2.694361,2.813240,2.670521,2.591590,2.805830,2.715302
13.594985,0.175974,3.758268,3.766487,3.701062,3.551800,3.732952,3.817118,3.338099,3.401880,3.731966,3.731309,3.665226,3.957174,3.629061,3.910817,3.923968,2.006216,2.048419,3.325805,3.281346,2.513304,2.686951,3.395071,0.014913,2.967557,0.789397,2.790044,2.849000,2.679863,2.599000,2.806797,2.740108
13.296379,0.175317,3.759254,3.764514,3.697445,3.546539,3.740843,3.826323,3.337441,3.403853,3.733281,3.730980,3.666869,3.957832,3.629061,3.910160,3.926927,2.011692,2.047131,3.331604,3.289401,2.521680,2.719490,3.423744,0.014268,2.953060,0.808405,2.820650,2.845134,2.679541,2.596100,2.810018,2.759116
13.448753,0.176303,3.749720,3.765172,3.705336,3.547854,3.745117,3.836515,3.333167,3.405168,3.730322,3.732624,3.671801,3.959147,3.630376,3.916735,3.929229,2.037788,2.103509,3.335470,3.294877,2.526190,2.737531,3.444362,0.016523,2.946939,0.811627,2.832570,2.862531,2.704348,2.595456,2.854799,2.774902
13.166102,0.194057,3.751692,3.765501,3.685938,3.542923,3.744131,3.837173,3.325934,3.388072,3.717829,3.725719,3.672459,3.956845,3.629718,3.932845,3.930544,2.076125,2.229798,3.359633,3.334504,2.541654,2.804541,3.510084,0.016523,2.957570,1.014591,2.872518,2.887016,2.716268,2.629928,2.902802,2.805830
13.456952,0.225619,3.741500,3.734267,3.624129,3.520238,3.732624,3.830269,3.310153,3.337770,3.704678,3.725719,3.654047,3.938105,3.620513,3.941393,3.920680,2.061628,2.243974,3.348679,3.329993,2.529412,2.797132,3.513950,0.015557,2.952738,1.011369,2.877029,2.879928,2.708536,2.615108,2.882505,2.802286
13.702669,0.222331,3.738213,3.732295,3.620842,3.514320,3.730980,3.834871,3.307852,3.336783,3.697445,3.722760,3.643527,3.932516,3.612951,3.946653,3.918050,2.054540,2.270069,3.358344,3.314852,2.540366,2.793588,3.509118,0.016201,2.956926,1.039075,2.887660,2.885083,2.710469,2.608987,2.883794,2.805508
13.250070,0.227263,3.738870,3.735583,3.622485,3.517936,3.734267,3.837830,3.307852,3.335140,3.698431,3.722432,3.649116,3.936461,3.616567,3.951585,3.923639,2.111886,2.308407,3.390561,3.345780,2.560984,2.823549,3.521360,0.015557,2.962725,1.070648,2.892815,2.890882,2.723356,2.617041,2.901835,2.853511
13.026123,0.238112,3.745117,3.728678,3.617554,3.512018,3.730322,3.832899,3.298317,3.323633,3.696459,3.723747,3.649116,3.933831,3.609006,3.953886,3.913448,2.153123,2.314850,3.390883,3.358022,2.570327,2.817106,3.528770,0.015557,2.960147,1.071614,2.891848,2.884438,2.723034,2.620907,2.902480,2.836114
12.912023,0.233838,3.738213,3.726048,3.606704,3.501498,3.725062,3.831584,3.276290,3.323304,3.694486,3.723747,3.642540,3.924955,3.609006,3.945667,3.912132,2.142814,2.269102,3.386372,3.363177,2.561629,2.813562,3.525226,0.067425,2.957570,1.059694,2.878640,2.876384,2.721101,2.613497,2.894426,2.832892
13.380531,0.229893,3.735911,3.721445,3.604403,3.494265,3.725719,3.829940,3.271358,3.321331,3.691527,3.716185,3.640239,3.921338,3.608019,3.950270,3.910160,2.095777,2.257827,3.389272,3.373486,2.551319,2.817106,3.522004,0.060982,2.961758,0.996872,2.875740,2.878962,2.719812,2.601577,2.910212,2.834503
13.659801,0.238112,3.736240,3.733281,3.610321,3.489991,3.728350,3.833885,3.281550,3.319030,3.692842,3.714541,3.641554,3.923311,3.607362,3.948297,3.913448,2.119940,2.337724,3.392816,3.406991,2.595134,2.857699,3.549388,0.053895,2.965302,1.097387,2.888304,2.897325,2.725933,2.657312,2.915044,2.898614
13.995584,0.242386,3.743473,3.721445,3.620184,3.496237,3.722432,3.846378,3.302920,3.331523,3.698760,3.720459,3.650431,3.934818,3.608348,3.955201,3.918379,2.148613,2.444360,3.402803,3.456605,2.678897,2.896681,3.580316,0.044552,2.960470,1.204024,2.915366,2.919232,2.728188,2.672131,2.973356,3.000418
13.883018,0.247647,3.745774,3.721117,3.625444,3.495909,3.731637,3.848680,3.309167,3.330208,3.698431,3.714541,3.650431,3.928900,3.607691,3.956516,3.917722,2.141525,2.458214,3.400548,3.464014,2.682763,2.879284,3.593203,0.018456,2.940173,1.199514,2.915689,2.921810,2.725611,2.647969,2.949516,3.028124
14.003301,0.254880,3.739528,3.715199,3.618540,3.473223,3.720788,3.842104,3.299632,3.320674,3.689226,3.699747,3.636294,3.918050,3.600786,3.950599,3.907201,2.156345,2.404412,3.394104,3.440496,2.662144,2.861887,3.572262,0.016846,2.935663,1.108985,2.900547,2.897969,2.721423,2.607376,2.909890,3.020070
14.541368,0.258167,3.740843,3.719144,3.632677,3.467634,3.722760,3.848022,3.306537,3.324290,3.689555,3.698431,3.636951,3.928900,3.607033,3.952900,3.913119,2.164077,2.450804,3.401192,3.483344,2.697582,2.876384,3.605767,0.016523,2.932441,1.235596,2.933408,2.921488,2.723034,2.704348,2.945006,3.041011
15.375956,0.265400,3.749062,3.728350,3.648129,3.476840,3.730322,3.858214,3.311797,3.324948,3.695144,3.700404,3.645828,3.938105,3.609663,3.957174,3.921009,2.216912,2.502995,3.413434,3.484955,2.747840,2.914400,3.663435,0.016523,2.927287,1.383148,2.952415,2.958214,2.735276,2.723356,3.002995,3.081282
14.965980,0.273620,3.758268,3.740514,3.666541,3.488676,3.729993,3.862159,3.308838,3.322646,3.696130,3.694157,3.649773,3.954873,3.608348,3.959804,3.925941,2.273935,2.474644,3.415690,3.470780,2.790366,2.928897,3.670845,0.017168,2.926320,1.436627,2.962080,2.965302,2.713369,2.801964,3.035212,3.099645
13.662952,0.247318,3.785227,3.748405,3.681993,3.524512,3.744131,3.877283,3.332181,3.378537,3.706322,3.703363,3.699747,4.020627,3.632348,3.990051,3.951256,2.325481,2.381538,3.428898,3.454672,2.826449,2.916011,3.664724,0.017490,3.045843,1.506215,2.942750,2.958859,2.704992,2.806474,3.055508,3.071939
13.301377,0.225619,3.829611,3.774706,3.740185,3.568896,3.774706,3.896351,3.361441,3.449552,3.736569,3.722103,3.753665,4.064025,3.676075,4.037065,3.972955,2.346422,2.368007,3.460471,3.508473,2.853833,2.939851,3.647971,0.016846,3.112532,1.517491,2.918588,2.957892,2.688884,2.804864,3.072905,3.041011
13.624821,0.269674,3.842433,3.784241,3.754651,3.579745,3.793446,3.912132,3.377551,3.451853,3.747418,3.729336,3.761555,4.072244,3.698103,4.051531,3.985120,2.395391,2.438239,3.488177,3.556798,2.906346,2.963691,3.688564,0.018134,3.149903,1.643135,2.931475,2.972712,2.700482,2.859632,3.108666,3.109310
13.113816,0.276250,3.849008,3.792131,3.755638,3.592896,3.810871,3.920352,3.397935,3.454483,3.749720,3.731309,3.762871,4.077175,3.704021,4.055805,3.985777,2.492685,2.483987,3.482700,3.565819,2.930508,2.955637,3.709182,0.016523,3.159246,1.630893,2.953060,2.990109,2.715624,2.874129,3.138627,3.148936
13.269249,0.250277,3.835200,3.774706,3.748733,3.561663,3.765829,3.893721,3.379195,3.446922,3.737226,3.718158,3.751035,4.065997,3.678705,4.045285,3.977229,2.426964,2.396680,3.500741,3.544556,2.900547,2.926320,3.706605,0.018456,3.157635,1.585790,2.937596,2.973678,2.708858,2.868975,3.123807,3.139916
12.807943,0.237784,3.836844,3.792460,3.754980,3.560348,3.781610,3.896351,3.342701,3.453168,3.737884,3.718815,3.755966,4.070271,3.684952,4.053175,3.990051,2.514270,2.450482,3.502996,3.584182,2.923743,2.939851,3.714981,0.016523,3.151836,1.624127,2.963047,2.974001,2.717557,2.867686,3.121230,3.157313
12.689679,0.260140,3.880570,3.830269,3.796734,3.649445,3.893393,3.957832,3.398921,3.498539,3.775035,3.760898,3.808241,4.106436,3.771747,4.117285,4.049559,2.634760,2.710469,3.544556,3.658280,3.055186,3.040367,3.726257,0.344487,3.159246,1.779411,3.046810,3.046488,2.750418,2.914078,3.192751,3.223357
13.011717,0.273291,3.895036,3.842762,3.823036,3.690541,3.908187,3.969010,3.424237,3.505443,3.785884,3.767473,3.814488,4.111039,3.790816,4.138327,4.067970,2.636693,2.757183,3.582894,3.683731,3.074516,3.055186,3.726902,0.359629,3.180831,1.838690,3.062596,3.086758,2.761371,2.935985,3.206282,3.280380
13.346421,0.282168,3.907530,3.861831,3.834214,3.697116,3.912132,3.977887,3.467963,3.511032,3.798049,3.784898,3.836844,4.115313,3.813830,4.145560,4.082436,2.639271,2.762660,3.597391,3.694041,3.120586,3.112210,3.738822,0.358985,3.191462,1.902156,3.063240,3.130895,2.773291,2.948549,3.213047,3.303576
12.720951,0.286442,3.902598,3.855913,3.839145,3.696788,3.912461,3.980188,3.450538,3.509059,3.800022,3.786871,3.841775,4.116957,3.815803,4.149176,4.082764,2.618008,2.761693,3.595136,3.693396,3.100934,3.121874,3.736567,0.352219,3.186308,1.877349,3.052931,3.112854,2.758794,2.951449,3.210792,3.291334
12.943408,0.282825,3.898653,3.855913,3.831912,3.707308,3.912790,3.976900,3.435415,3.508402,3.798378,3.782597,3.836844,4.116299,3.812186,4.150491,4.070271,2.595134,2.718845,3.582894,3.676966,3.063885,3.091591,3.722069,0.363817,3.166011,1.825803,3.039722,3.074516,2.751706,2.930186,3.202094,3.262983
13.223397,0.279538,3.892735,3.846050,3.831255,3.721774,3.909174,3.974928,3.431141,3.503470,3.795419,3.779638,3.833227,4.114984,3.806268,4.145231,4.074874,2.579348,2.688884,3.570007,3.667301,3.051320,3.075483,3.714659,0.328379,3.176320,1.805829,3.019104,3.046810,2.736242,2.915044,3.195328,3.246875
13.884851,0.274277,3.883529,3.831912,3.824679,3.711253,3.903256,3.970654,3.403853,3.500511,3.789501,3.775364,3.828296,4.110052,3.799693,4.143587,4.073230,2.570327,2.672776,3.572584,3.666979,3.036178,3.063885,3.700484,0.321936,3.190174,1.795842,3.003962,3.036501,2.713369,2.899902,3.186308,3.219813
12.250288,0.280853,3.888790,3.836844,3.832899,3.707308,3.907858,3.976572,3.407469,3.499525,3.791802,3.777008,3.835200,4.122546,3.808241,4.149505,4.077833,2.560018,2.686629,3.574839,3.680188,3.065173,3.081282,3.723036,0.320003,3.195973,1.753638,2.989787,3.021681,2.695650,2.867686,3.172132,3.219813
12.206295,0.279866,3.888790,3.853940,3.837501,3.710925,3.911475,3.983147,3.415360,3.502155,3.794104,3.777008,3.846707,4.113998,3.814488,4.151478,4.082436,2.569683,2.693717,3.581605,3.686631,3.132184,3.136694,3.767817,0.342554,3.206926,1.770391,3.000740,3.017493,2.693717,2.874451,3.174387,3.240431
12.418785,0.292688,3.896351,3.879255,3.843748,3.724404,3.919694,3.989722,3.438374,3.510375,3.797391,3.777008,3.864789,4.117614,3.824351,4.158382,4.090326,2.563884,2.696294,3.589015,3.684054,3.199194,3.158279,3.798745,0.323547,3.217236,1.841911,3.021037,3.053575,2.678253,2.905379,3.193717,3.235277
13.077084,0.298278,3.904571,3.901941,3.866105,3.736898,3.929886,4.008462,3.457771,3.519251,3.796734,3.774377,3.884844,4.127149,3.847036,4.167587,4.098874,2.558085,2.695972,3.599002,3.700484,3.286823,3.186630,3.822263,0.330634,3.227223,1.877994,3.058408,3.113176,2.653446,2.899902,3.201127,3.297777
13.242959,0.304853,3.920352,3.922653,3.927913,3.764843,3.940407,4.022928,3.491635,3.533060,3.810542,3.785556,3.890762,4.132738,3.868077,4.175807,4.105121,2.587080,2.698227,3.600613,3.709505,3.364787,3.239465,3.820330,0.271678,3.251707,1.878638,3.117364,3.177287,2.752995,2.987531,3.234632,3.422133
13.227232,0.319977,3.945338,3.949941,3.962106,3.769446,3.945010,4.025887,3.506758,3.546211,3.817775,3.787528,3.895694,4.141943,3.879584,4.179423,4.113669,2.648291,2.808085,3.659569,3.752031,3.467558,3.301643,3.849969,0.305828,3.271359,1.942427,3.166333,3.268460,2.811951,3.084181,3.316463,3.515239
13.339599,0.328853,3.959804,3.957832,3.971969,3.755638,3.942708,4.021284,3.513005,3.550156,3.828625,3.781610,3.902927,4.142272,3.879913,4.178108,4.112683,2.720456,2.815495,3.689530,3.773293,3.536179,3.333859,3.879930,0.252670,3.271681,1.956602,3.193073,3.304220,2.857054,3.095779,3.334504,3.587404
13.186576,0.321292,3.945996,3.944681,3.961777,3.738870,3.929557,4.005832,3.504128,3.537662,3.805282,3.767145,3.887803,4.129121,3.857885,4.176793,4.093614,2.746229,2.794554,3.706283,3.763628,3.539079,3.330316,3.901193,0.019423,3.269104,1.959179,3.158924,3.311308,2.955959,3.134117,3.316463,3.579350
13.189862,0.320963,3.960791,3.959147,3.977229,3.723089,3.920680,4.001887,3.529114,3.539635,3.803638,3.750048,3.878927,4.126820,3.848351,4.165943,4.086052,2.760727,2.816784,3.731412,3.768783,3.568074,3.329027,3.914402,0.017812,3.296166,1.940172,3.147003,3.318073,3.014593,3.165045,3.327094,3.612211
5.141935,0.342333,3.971640,3.969667,3.988407,3.678048,3.920680,3.989394,3.533717,3.530758,3.800350,3.706651,3.862817,4.118272,3.843419,4.169231,4.081449,2.727544,2.841268,3.762340,3.763628,3.590948,3.319362,3.903448,0.018134,3.372842,1.919553,3.157313,3.333859,3.058730,3.213370,3.357700,3.638306
-2.883720,0.378169,3.954873,3.952571,3.971969,3.682979,3.923968,3.939092,3.564622,3.492292,3.801008,3.645828,3.841775,4.109066,3.844406,4.181067,4.095258,2.861887,2.941140,3.823551,3.798422,3.656025,3.400870,3.876064,0.106085,3.462726,1.905056,3.229156,3.433086,3.254607,3.415045,3.400870,3.692752
-5.940114,0.291045,3.983804,3.992681,4.023257,3.717829,3.869392,3.905886,3.590266,3.578430,3.866105,3.696130,3.833556,4.103477,3.918050,4.218218,4.138327,2.910534,3.262661,3.981090,3.834827,3.684054,3.367365,3.714659,0.809694,3.585471,1.604798,3.220779,3.697907,3.373486,3.569040,3.490432,3.740755
-6.015969,0.224633,4.086381,4.102162,4.140299,4.003202,3.906543,3.970982,3.801994,3.726048,3.941722,3.805282,3.924297,4.180738,4.016353,4.287589,4.261616,3.092235,3.434375,4.098681,3.810343,3.753641,3.362532,3.484633,2.130894,3.765239,1.475609,3.377996,3.879930,3.562275,3.713048,3.683409,3.794234
-5.488633,0.218057,4.087038,4.116299,4.157395,4.033449,3.923639,3.987421,3.847036,3.755638,3.967366,3.840460,3.950927,4.229396,4.033778,4.313233,4.286602,3.133150,3.452094,4.095137,3.812276,3.763628,3.364465,3.483022,2.324193,3.766850,1.621550,3.454349,3.902160,3.621553,3.729479,3.708860,3.810987
-5.923659,0.219372,4.092956,4.116299,4.161341,4.042983,3.921009,3.988078,3.849337,3.755309,3.978544,3.847036,3.955530,4.238602,4.043641,4.325397,4.292191,3.122519,3.431153,4.091915,3.810020,3.752675,3.361244,3.475612,2.393136,3.762340,1.636370,3.456282,3.905059,3.621876,3.728835,3.720780,3.806154
-6.323178,0.200303,4.088025,4.112683,4.161341,4.047915,3.909174,3.982818,3.844734,3.746432,3.974928,3.849337,3.960462,4.241232,4.042326,4.320466,4.287917,3.096746,3.411179,4.081284,3.799067,3.725935,3.351901,3.454349,2.374773,3.766528,1.553895,3.445973,3.900871,3.618332,3.719814,3.718847,3.800033
-5.961722,0.209838,4.095915,4.119587,4.173834,4.069942,3.914434,3.988078,3.845063,3.770103,3.991366,3.861831,3.982818,4.252739,4.046928,4.322767,4.292520,3.096101,3.408280,4.083539,3.791657,3.727546,3.350290,3.454672,2.412144,3.770394,1.607375,3.447584,3.906348,3.623486,3.728835,3.731734,3.801966
-7.610108,0.196358,4.101176,4.122546,4.182053,4.085723,3.913119,3.988407,3.862488,3.789830,4.008462,3.874653,3.990709,4.254712,4.052846,4.326712,4.298767,3.084825,3.394104,4.081606,3.789080,3.724002,3.351579,3.453383,2.456281,3.768783,1.685339,3.449195,3.913113,3.630896,3.736244,3.746554,3.802288
-7.259713,0.189454,4.106765,4.129121,4.192574,4.120573,3.924626,3.996627,3.870050,3.803967,4.033778,3.898324,4.025558,4.279698,4.063367,4.334274,4.313562,3.082892,3.385728,4.094493,3.782636,3.724002,3.352545,3.443396,2.560662,3.772005,1.779411,3.456605,3.924711,3.643783,3.750420,3.759440,3.809054
-7.950717,0.185180,4.113011,4.139642,4.196190,4.144902,3.927256,3.999585,3.888132,3.812844,4.040024,3.907201,4.039367,4.287260,4.079477,4.338219,4.318822,3.084825,3.380573,4.102869,3.779737,3.722069,3.349968,3.436630,2.593201,3.771360,1.769746,3.449517,3.924389,3.648937,3.756541,3.763628,3.818074
-7.416114,0.186166,4.110052,4.137012,4.201451,4.150820,3.930215,4.006818,3.885831,3.811529,4.039696,3.908516,4.041011,4.288904,4.076847,4.342822,4.319479,3.075483,3.377352,4.095781,3.766850,3.714337,3.346746,3.427932,2.590946,3.770716,1.740107,3.443396,3.919557,3.641206,3.757507,3.758796,3.817752
-7.560605,0.196358,4.111039,4.139642,4.193560,4.152135,3.932516,4.011750,3.890762,3.812515,4.037065,3.907858,4.041668,4.291863,4.081121,4.345124,4.321781,3.067751,3.377030,4.093526,3.768139,3.715304,3.345457,3.427287,2.593845,3.767494,1.737207,3.443396,3.919879,3.646038,3.755896,3.765239,3.815497
-7.296962,0.198988,4.113340,4.138984,4.199149,4.149505,3.934489,4.021284,3.887475,3.810542,4.038380,3.907858,4.041339,4.294164,4.085066,4.341178,4.322110,3.058730,3.376385,4.091915,3.767494,3.713048,3.349001,3.427610,2.576126,3.758152,1.765558,3.441463,3.919879,3.646360,3.757185,3.765884,3.812920
-7.451393,0.190112,4.104135,4.124190,4.191259,4.142272,3.924626,3.996298,3.866762,3.795090,4.030490,3.895036,4.030490,4.286931,4.072244,4.337562,4.315534,2.994941,3.339658,4.073552,3.742366,3.693719,3.334182,3.393782,2.519425,3.749131,1.697903,3.438563,3.911503,3.631863,3.744299,3.754608,3.802288
-7.715919,0.188139,4.101833,4.121559,4.189615,4.134381,3.924626,3.997613,3.867420,3.801994,4.028189,3.892735,4.028517,4.285945,4.070600,4.339206,4.311589,3.012660,3.347713,4.074518,3.745587,3.704350,3.334826,3.392171,2.522002,3.742688,1.662787,3.442107,3.912147,3.635729,3.749131,3.753641,3.806154
-8.047461,0.190440,4.109724,4.128792,4.192574,4.142272,3.924626,4.003859,3.871036,3.803638,4.031805,3.893721,4.030819,4.289561,4.072573,4.342165,4.319808,3.020715,3.352223,4.079351,3.758796,3.715626,3.335470,3.391527,2.539721,3.743976,1.700481,3.439852,3.915046,3.639595,3.752031,3.763951,3.811953
-8.196658,0.185837,4.100847,4.127806,4.193889,4.147861,3.928900,4.016682,3.876954,3.809885,4.032791,3.895365,4.036079,4.292191,4.080134,4.340850,4.322438,3.080959,3.372842,4.087083,3.772005,3.730123,3.340303,3.399259,2.542943,3.740110,1.725287,3.447262,3.917946,3.650870,3.754930,3.768783,3.815497
-9.199800,0.184851,4.105121,4.133724,4.195862,4.149834,3.930215,4.017339,3.881557,3.813172,4.033449,3.896023,4.038380,4.293507,4.084080,4.347754,4.324740,3.109632,3.377674,4.096748,3.781348,3.739466,3.338692,3.401192,2.551319,3.741077,1.693715,3.449839,3.915369,3.651193,3.757185,3.766850,3.815819
-9.715802,0.190440,4.115313,4.144245,4.202108,4.169889,3.939420,4.026873,3.891420,3.825008,4.041668,3.916078,4.047915,4.300082,4.108409,4.357617,4.331973,3.127996,3.388305,4.109312,3.787469,3.751064,3.348035,3.411501,2.578703,3.775549,1.764269,3.438885,3.918590,3.680188,3.771360,3.772005,3.826773
-9.666264,0.185180,4.118600,4.149505,4.204738,4.174492,3.935146,4.027202,3.888461,3.830926,4.043641,3.919694,4.051860,4.304027,4.115970,4.359261,4.334274,3.152158,3.393782,4.112856,3.786180,3.765239,3.347390,3.423744,2.596745,3.780703,1.742362,3.452416,3.923101,3.696940,3.774260,3.770394,3.834827
-10.135726,0.186166,4.120902,4.153450,4.205396,4.178108,3.933174,4.028189,3.889776,3.832241,4.047257,3.921009,4.055477,4.307972,4.119916,4.361233,4.341836,3.166978,3.399259,4.113501,3.797134,3.768783,3.359633,3.425677,2.619296,3.781025,1.701447,3.445007,3.927289,3.704350,3.780059,3.781025,3.840626
-10.064231,0.181235,4.117943,4.149834,4.203095,4.186656,3.931201,4.026216,3.887475,3.828296,4.043312,3.915091,4.052846,4.305671,4.118600,4.360905,4.337233,3.150547,3.396037,4.111245,3.783603,3.759440,3.347713,3.410857,2.580636,3.777159,1.650545,3.450806,3.924711,3.699840,3.771360,3.780381,3.831928
-10.198125,0.175974,4.115642,4.149176,4.201122,4.180409,3.926927,4.017997,3.880242,3.828625,4.039367,3.907858,4.050874,4.302712,4.116299,4.356631,4.336904,3.109310,3.391849,4.108346,3.778448,3.754608,3.346102,3.404092,2.582569,3.778448,1.649579,3.444362,3.923101,3.692108,3.766206,3.777804,3.829028
-10.106490,0.173344,4.114326,4.147532,4.200793,4.179423,3.926927,4.024572,3.880242,3.832241,4.040024,3.900954,4.051860,4.305014,4.117943,4.358603,4.338219,3.112854,3.389916,4.106735,3.770716,3.749131,3.352545,3.405702,2.575804,3.774904,1.689205,3.445973,3.919879,3.693396,3.762984,3.779092,3.829672
-10.374311,0.167755,4.117614,4.147861,4.199478,4.187314,3.933503,4.030161,3.884516,3.841118,4.037723,3.902927,4.057778,4.310603,4.119587,4.360247,4.341507,3.091913,3.390561,4.107702,3.768139,3.742688,3.346102,3.405380,2.626062,3.768783,1.692104,3.445007,3.917946,3.680510,3.767172,3.763306,3.829350
-10.370243,0.172029,4.120902,4.148190,4.200136,4.188629,3.937119,4.034106,3.884187,3.841118,4.037723,3.900954,4.053175,4.306986,4.121888,4.364192,4.346110,3.102222,3.393138,4.107702,3.771683,3.749453,3.353834,3.404736,2.623484,3.752031,1.715945,3.452416,3.916979,3.686309,3.772005,3.759118,3.833216
-10.686096,0.173015,4.120573,4.147861,4.201451,4.188957,3.936133,4.028846,3.884187,3.838159,4.034435,3.897995,4.053504,4.306329,4.122217,4.363206,4.345452,3.094813,3.394104,4.105446,3.762340,3.747842,3.359311,3.406669,2.611564,3.743976,1.705635,3.460793,3.916335,3.680510,3.768783,3.762340,3.825484
-11.293522,0.179262,4.120244,4.146875,4.201122,4.185341,3.935146,4.025230,3.881557,3.834871,4.033778,3.894379,4.054161,4.309288,4.121888,4.362220,4.344137,3.084181,3.395715,4.107379,3.773616,3.742043,3.363499,3.402803,2.606732,3.737533,1.666009,3.457571,3.913113,3.674711,3.758474,3.754930,3.816464
-11.622350,0.182221,4.114655,4.142930,4.200136,4.185998,3.933174,4.022928,3.879255,3.830926,4.026216,3.883529,4.054490,4.309945,4.121559,4.362220,4.342493,3.129284,3.404736,4.108668,3.760407,3.740755,3.367043,3.402481,2.557441,3.741721,1.626383,3.437597,3.914080,3.670523,3.786180,3.743976,3.826451
-11.559487,0.188796,4.108409,4.138327,4.192574,4.180081,3.926927,4.012079,3.870379,3.823693,4.027531,3.877940,4.049559,4.305342,4.117943,4.356631,4.338219,3.088047,3.379285,4.102225,3.729479,3.728512,3.361244,3.383473,2.563562,3.734311,1.505571,3.428254,3.904737,3.656347,3.772649,3.731412,3.813242
-11.000256,0.196358,4.098545,4.115970,4.186985,4.174492,3.918050,4.000243,3.865118,3.810213,4.017668,3.857556,4.041011,4.300739,4.108409,4.347754,4.332301,3.075160,3.369942,4.084828,3.754608,3.717559,3.341269,3.378318,2.546165,3.732056,1.367040,3.415045,3.888629,3.650870,3.761695,3.702417,3.795523
-11.123941,0.205893,4.091641,4.100189,4.176464,4.164300,3.918708,3.995311,3.856570,3.793775,4.002216,3.853940,4.036079,4.297123,4.098874,4.342165,4.329671,3.042300,3.351579,4.060343,3.766206,3.679865,3.320329,3.351901,2.404412,3.700806,1.376705,3.395071,3.881863,3.637017,3.763628,3.675033,3.795845
-11.696972,0.197673,4.089011,4.095258,4.172848,4.158053,3.916735,3.990380,3.856899,3.791802,3.993339,3.845063,4.024901,4.295150,4.096244,4.333945,4.331973,3.048421,3.335470,4.055833,3.752353,3.676644,3.309375,3.344169,2.375095,3.693074,1.283921,3.384117,3.876064,3.642816,3.759762,3.669878,3.784569
-12.136784,0.202934,4.085066,4.096573,4.172519,4.156738,3.917064,3.985120,3.853611,3.785884,3.987421,3.840789,4.019312,4.293178,4.100189,4.340521,4.325726,3.018459,3.334826,4.054866,3.756541,3.674389,3.297133,3.339658,2.402801,3.680510,1.189527,3.376063,3.870588,3.641206,3.743976,3.663757,3.784569
-12.349457,0.198331,4.086710,4.095915,4.165615,4.152793,3.911804,3.967695,3.833227,3.786871,3.978544,3.834214,4.008462,4.289890,4.095258,4.335260,4.325069,3.009117,3.317429,4.051000,3.754286,3.661180,3.290045,3.325161,2.377994,3.724969,1.073225,3.358344,3.841270,3.625742,3.721103,3.650226,3.775871
-12.567142,0.204906,4.087367,4.082436,4.169889,4.146875,3.907530,3.960791,3.815145,3.787857,3.979859,3.831584,4.004517,4.286602,4.092299,4.332301,4.321452,2.964980,3.289078,4.044879,3.767172,3.665046,3.281991,3.329993,2.446616,3.695329,1.022323,3.346424,3.819041,3.598035,3.710471,3.649904,3.776515
-13.015214,0.205235,4.073230,4.076189,4.151806,4.143258,3.905886,3.951585,3.808241,3.775035,3.970325,3.820077,3.993010,4.282328,4.089669,4.330329,4.316520,2.941784,3.265883,4.038114,3.774260,3.652481,3.280702,3.318396,2.346744,3.691463,0.949836,3.329349,3.812598,3.571618,3.693719,3.612533,3.743010
-12.999418,0.205893,4.061394,4.062709,4.137340,4.134381,3.880899,3.937119,3.783583,3.750377,3.946982,3.805611,3.976243,4.275095,4.076189,4.323753,4.309616,2.891526,3.227867,4.028449,3.769427,3.634762,3.246553,3.299388,2.332247,3.662146,0.846098,3.310664,3.795845,3.538435,3.676644,3.617043,3.730768
-13.601084,0.208523,4.051860,4.063367,4.128464,4.122875,3.866433,3.915749,3.759583,3.740843,3.928571,3.801994,3.966051,4.275095,4.079806,4.318493,4.305014,2.916977,3.197906,4.012985,3.753641,3.619298,3.239787,3.288434,2.253961,3.666657,0.719810,3.296810,3.786824,3.512339,3.651193,3.603512,3.724646
-13.951235,0.207536,4.043970,4.053504,4.116628,4.105450,3.850324,3.899968,3.736898,3.731966,3.916078,3.788515,3.952571,4.264903,4.065340,4.312246,4.297452,2.867364,3.178576,4.002031,3.728512,3.601901,3.220779,3.267171,2.278767,3.662791,0.656343,3.292622,3.778770,3.504285,3.634118,3.607056,3.692430
-14.103444,0.208194,4.039038,4.045285,4.109066,4.105121,3.841447,3.896023,3.728678,3.725062,3.908516,3.779309,3.944681,4.261287,4.063038,4.312904,4.298767,2.900547,3.154413,4.000420,3.725613,3.599324,3.223034,3.237532,2.254927,3.652803,0.453379,3.288434,3.770072,3.495909,3.618654,3.592881,3.695652
-14.765402,0.220359,4.030490,4.037723,4.101176,4.104135,3.826323,3.876296,3.719144,3.711253,3.900297,3.765501,3.933503,4.256684,4.066655,4.311589,4.298767,2.872841,3.128962,3.999132,3.709827,3.582894,3.201772,3.175676,2.244296,3.656669,0.290042,3.264594,3.757185,3.483022,3.607056,3.589659,3.677288
-14.664423,0.224304,4.025558,4.031805,4.095258,4.102162,3.812515,3.863146,3.696459,3.698431,3.889447,3.748733,3.929229,4.254712,4.063367,4.309288,4.299096,2.872196,3.109310,3.993655,3.702417,3.573229,3.195973,3.139271,2.217234,3.684054,0.172451,3.253318,3.740755,3.471746,3.588692,3.556154,3.654414
-14.483276,0.229564,4.015366,4.013723,4.084737,4.090326,3.793775,3.836844,3.700404,3.681664,3.881886,3.739528,3.913776,4.246492,4.054490,4.305671,4.297781,2.897003,3.063885,3.976258,3.710471,3.562597,3.188563,3.096101,2.084502,3.709182,0.019745,3.236243,3.721425,3.453705,3.565819,3.560986,3.632507
-14.756839,0.221674,3.983804,3.988407,4.059093,4.069942,3.760569,3.801337,3.634979,3.652404,3.856899,3.728021,3.904571,4.237287,4.043970,4.290876,4.279698,2.915366,3.027480,3.951773,3.693719,3.536179,3.152158,3.042944,1.945326,3.711115,0.018779,3.204671,3.694685,3.423099,3.527159,3.539079,3.587726
-14.694336,0.200632,3.965393,3.969339,4.034106,4.053833,3.703034,3.777994,3.599471,3.632020,3.832570,3.714541,3.877940,4.216574,4.040353,4.285945,4.267534,2.867364,2.987531,3.911503,3.651837,3.505896,3.107377,2.964336,1.845133,3.699840,0.016846,3.181153,3.676644,3.387661,3.476579,3.503963,3.545200
-14.694458,0.192742,3.940736,3.944023,4.006161,4.025558,3.664239,3.757610,3.567252,3.624129,3.824679,3.705664,3.862159,4.204738,4.035093,4.276410,4.256684,2.847712,2.942750,3.882185,3.643138,3.461437,3.081926,2.911178,1.761048,3.685020,0.014268,3.165367,3.643461,3.367687,3.416656,3.444040,3.495909
-14.614120,0.202934,3.921667,3.921009,3.977887,4.008791,3.650760,3.740185,3.537662,3.599800,3.813830,3.698103,3.854269,4.189944,4.025230,4.284630,4.251753,2.866075,2.906668,3.847069,3.612533,3.420200,3.064529,2.830959,1.633470,3.666979,0.016201,3.103833,3.617365,3.359311,3.377030,3.396037,3.446940
-15.065932,0.218057,3.913776,3.893064,3.961119,3.994983,3.636623,3.713884,3.503799,3.578430,3.808898,3.699418,3.849008,4.177122,4.020627,4.273123,4.241232,2.875418,2.885405,3.830961,3.592558,3.405380,3.062596,2.742363,1.549385,3.647971,0.017490,3.081926,3.582249,3.356089,3.344813,3.393782,3.416334
-14.907021,0.205564,3.905228,3.871694,3.945010,3.985448,3.615910,3.692842,3.472895,3.565608,3.794761,3.680020,3.835529,4.157724,4.014051,4.268849,4.229067,2.842879,2.859310,3.819041,3.575484,3.383151,3.041333,2.680830,1.490429,3.630896,0.016523,3.053253,3.561953,3.318718,3.291656,3.352545,3.374130
-14.406606,0.198988,3.889118,3.852296,3.912790,3.964078,3.604403,3.664239,3.435744,3.550813,3.784569,3.650760,3.817118,4.139313,4.003859,4.263260,4.218218,2.810340,2.833536,3.806154,3.553576,3.358022,3.005573,2.559374,1.364462,3.611244,0.016846,3.043588,3.538435,3.309697,3.200805,3.304542,3.305187
-14.681483,0.186824,3.881557,3.840789,3.884516,3.944681,3.590266,3.607691,3.391359,3.537662,3.776021,3.658321,3.802323,4.130107,3.990051,4.261616,4.202108,2.777480,2.835469,3.801966,3.535857,3.327416,2.962080,2.416332,1.328380,3.601901,0.019101,3.018459,3.494620,3.280058,3.158924,3.276836,3.234310
-14.537887,0.143097,3.848680,3.819748,3.835529,3.909831,3.570540,3.557389,3.381825,3.534704,3.750377,3.635965,3.774377,4.119587,3.978544,4.252739,4.185341,2.756217,2.772647,3.798422,3.519749,3.279413,2.892170,2.289077,1.318393,3.590625,0.017490,2.954026,3.459504,3.225290,3.110277,3.215625,3.162145
-14.422061,0.121398,3.842433,3.803967,3.820077,3.888790,3.570540,3.505772,3.374921,3.516292,3.736569,3.634650,3.758596,4.115970,3.966708,4.245177,4.174163,2.743652,2.729477,3.792946,3.512017,3.273937,2.845779,2.238819,1.323869,3.590303,0.017812,2.939851,3.443074,3.211437,3.085470,3.164400,3.134439
-14.231900,0.086219,3.823364,3.772734,3.801994,3.852954,3.608677,3.485388,3.352236,3.518594,3.732295,3.598485,3.753336,4.103148,3.956845,4.238602,4.156080,2.740431,2.736565,3.794234,3.516527,3.257184,2.834825,2.200481,1.245583,3.589015,0.015879,2.919555,3.433731,3.206604,3.068717,3.119619,3.106088
-15.347454,0.096083,3.801337,3.750048,3.762213,3.849666,3.634321,3.460401,3.332838,3.486045,3.702705,3.582704,3.739199,4.099203,3.948626,4.233341,4.151149,2.770392,2.787789,3.804866,3.518783,3.266849,2.829993,2.200481,1.347710,3.604156,0.015557,2.913433,3.423099,3.199839,3.054220,3.101256,3.070972
-14.674929,0.108247,3.787200,3.725719,3.751364,3.834871,3.625444,3.453497,3.316071,3.467306,3.695801,3.542923,3.738541,4.096902,3.949941,4.228739,4.148190,2.803897,2.778768,3.829995,3.529414,3.298421,2.841913,2.227543,1.574836,3.636373,0.016201,2.932441,3.417300,3.193073,3.042300,3.040044,3.055186
-12.743271,0.091809,3.759912,3.700075,3.720130,3.806268,3.633335,3.426538,3.275303,3.441333,3.669828,3.507087,3.718486,4.080792,3.932516,4.219204,4.121559,2.858987,2.728510,3.857701,3.512339,3.322584,2.801642,2.305185,1.667298,3.657636,0.017168,2.935341,3.401192,3.172454,3.018459,2.999774,3.015238
-7.979145,0.093781,3.619526,3.613609,3.502813,3.649445,3.611965,3.330208,3.082315,3.308180,3.564622,3.334482,3.544567,3.980517,3.829940,4.140628,3.982818,2.782634,2.620263,3.811631,3.463692,3.285212,2.762982,2.276834,1.637981,3.602223,0.016523,2.839013,3.342558,3.039400,2.943395,2.914078,2.895714
-0.432142,0.066822,3.503470,3.500511,3.275961,3.490648,3.454812,3.222700,2.760119,3.200344,3.454155,3.250317,3.478484,3.890105,3.712240,4.023915,3.856570,2.448549,2.185017,3.660213,3.240109,3.031024,2.518459,2.067105,1.247838,3.334182,0.015235,2.277157,3.004606,2.830637,2.740431,2.608343,2.450482
3.262785,0.075041,3.369332,3.319359,3.050424,3.252289,3.228947,3.045821,2.471787,2.987300,3.308838,3.208563,3.411086,3.752021,3.561334,3.863803,3.670486,1.998484,1.540687,3.431476,3.044877,2.527157,2.010082,1.759759,0.964977,2.987854,0.012980,1.300351,2.406345,2.376706,2.181473,2.098999,1.982375
6.130831,0.095754,3.382483,3.356839,3.010314,3.174371,3.235522,2.986642,2.435293,2.917272,3.335140,3.249988,3.388401,3.693500,3.416346,3.730322,3.631033,1.758793,0.602219,3.272648,2.983021,2.337079,1.929540,2.167943,0.262657,2.743330,0.011691,0.906988,1.983664,1.713689,1.936950,1.524578,1.441460
7.133719,0.134549,3.367688,3.340400,2.931738,3.125055,3.264125,2.930423,2.262689,2.823243,3.362428,3.259522,3.324948,3.603088,3.322646,3.646486,3.609663,1.262980,0.003637,2.765882,2.852866,1.959502,1.567104,1.946937,0.008147,2.454025,0.012013,1.371550,1.949837,1.602220,1.630893,1.316460,1.107374
7.506972,0.134220,3.379852,3.352564,3.003410,3.118151,3.265440,2.972834,2.417211,2.866970,3.399907,3.264454,3.324619,3.610650,3.321002,3.650431,3.619855,1.278122,0.042619,2.672131,2.882828,1.929540,1.538754,2.005571,0.007181,2.378961,0.010724,1.604798,2.148290,1.619617,1.679218,1.462401,1.274578
8.129311,0.113508,3.393332,3.398264,3.056671,3.134261,3.272016,3.007355,2.470472,2.936998,3.415360,3.283194,3.333825,3.618869,3.321660,3.669828,3.627746,1.276189,0.325480,2.616719,2.879606,1.937916,1.519424,2.052607,0.009436,2.383149,0.010724,1.738818,2.210791,1.644746,1.720777,1.507181,1.314527
8.917407,0.126658,3.393990,3.418319,3.072452,3.154973,3.278591,3.044835,2.439896,2.955738,3.429168,3.285495,3.333825,3.625773,3.323633,3.675746,3.646486,1.297774,0.437915,2.632827,2.885727,1.953703,1.501705,2.080314,0.009758,2.375739,0.010402,1.839656,2.262015,1.685339,1.743006,1.571937,1.407955
9.040937,0.114823,3.422264,3.482429,3.109603,3.184563,3.306537,3.137877,2.579624,3.036287,3.468949,3.301934,3.362428,3.658979,3.373935,3.683966,3.679363,1.315171,0.586756,2.719168,2.894748,1.983986,1.585145,2.235275,0.010402,2.416654,0.010402,1.970455,2.376061,1.757504,1.814205,1.740107,1.580313
9.446460,0.129946,3.461059,3.561663,3.147740,3.211851,3.344674,3.201001,2.654584,3.079027,3.500183,3.326592,3.389058,3.684623,3.411086,3.710925,3.708623,1.349643,0.658598,2.763626,2.931152,2.010404,1.728509,2.364141,0.010724,2.468523,0.011047,2.002994,2.432762,1.826125,1.926641,1.949514,1.691138
8.994517,0.111206,3.463689,3.559361,3.154644,3.200672,3.345660,3.229933,2.650967,3.094479,3.497552,3.346318,3.388729,3.684294,3.411414,3.716514,3.706979,1.357375,0.670196,2.769103,2.944683,2.010082,1.695970,2.369618,0.010080,2.483987,0.011369,1.996873,2.428252,1.792942,1.911499,1.942749,1.750416
9.335169,0.112850,3.484730,3.582704,3.171412,3.193439,3.362099,3.256563,2.685159,3.116507,3.509059,3.394976,3.393332,3.691527,3.416346,3.726048,3.727034,1.426962,0.709500,2.784245,2.947905,2.044875,1.745262,2.516848,0.011047,2.498806,0.012335,2.045842,2.422131,1.834824,2.005893,2.015880,1.797130
9.369433,0.101672,3.502813,3.602430,3.212179,3.220727,3.403524,3.310811,2.703571,3.142480,3.517607,3.403853,3.403524,3.703363,3.425223,3.750377,3.742158,1.456279,0.791653,2.794876,2.983343,2.117040,1.826447,2.554541,0.011047,2.534245,0.010080,2.058728,2.477543,1.871550,2.028767,2.102543,1.897324
9.631409,0.099370,3.522539,3.617225,3.240454,3.234865,3.430483,3.341715,2.751242,3.161220,3.519580,3.421935,3.419634,3.715528,3.433113,3.753994,3.741172,1.527800,0.865428,2.818072,3.023936,2.122839,1.949837,2.650224,0.013624,2.547453,0.011047,2.102221,2.498162,1.942427,2.082891,2.215301,1.939205
9.839056,0.116138,3.541937,3.625116,3.275303,3.250646,3.460401,3.369661,2.772613,3.171412,3.532731,3.443634,3.426538,3.724733,3.427853,3.778652,3.760569,1.575481,0.915686,2.836114,3.034568,2.167298,1.990752,2.698549,0.013624,2.569683,0.011047,2.149901,2.556474,1.978509,2.114463,2.265559,2.117363
10.009442,0.131261,3.553443,3.641225,3.307852,3.274317,3.487689,3.410428,2.784120,3.177987,3.539635,3.458757,3.437059,3.735254,3.453826,3.792131,3.778323,1.600609,0.987851,2.868008,3.055186,2.220455,2.022968,2.791977,0.014590,2.585469,0.011691,2.205314,2.589657,2.074515,2.149257,2.330958,2.099966
9.968477,0.134220,3.569224,3.651746,3.340400,3.323961,3.523525,3.442648,2.880449,3.219741,3.560676,3.489333,3.454155,3.750377,3.484730,3.828625,3.794761,1.696937,1.199836,2.909245,3.107055,2.352865,2.166332,2.887016,0.150222,2.632827,0.012013,2.263626,2.638304,2.126383,2.263626,2.379283,2.159888
10.400962,0.145727,3.602759,3.670815,3.396620,3.376565,3.556731,3.503799,2.995848,3.226645,3.573170,3.513991,3.476182,3.761227,3.507087,3.850981,3.811529,1.714334,1.419230,2.947261,3.162790,2.397646,2.230120,2.974323,0.265557,2.666010,0.011047,2.300030,2.686307,2.298420,2.321938,2.399257,2.240752
10.447449,0.177947,3.612622,3.681335,3.440018,3.393990,3.566923,3.520895,3.068178,3.205933,3.579088,3.532073,3.485059,3.766158,3.515306,3.859529,3.814488,1.698870,1.499450,2.995586,3.161823,2.419232,2.240430,2.981088,0.314848,2.683085,0.011691,2.330958,2.721423,2.324193,2.353510,2.485598,2.250739
10.243730,0.180577,3.621828,3.689555,3.462374,3.407798,3.589280,3.549498,3.099411,3.211522,3.590266,3.552457,3.491635,3.764843,3.521553,3.883201,3.821063,1.755893,1.571615,3.070972,3.232699,2.459824,2.398613,3.028446,0.362851,2.722067,0.335789,2.414399,2.781346,2.414399,2.367685,2.636371,2.329025
10.562043,0.150659,3.653061,3.692514,3.470593,3.426867,3.597828,3.594211,3.139521,3.267742,3.590595,3.576129,3.498539,3.767145,3.528457,3.914763,3.835200,1.797130,1.611241,3.113498,3.274903,2.489141,2.533600,3.079349,0.495583,2.748807,0.420518,2.528123,2.872518,2.567750,2.388948,2.739786,2.399902
10.051333,0.128631,3.670157,3.691856,3.460401,3.431141,3.599800,3.624129,3.180289,3.297331,3.595197,3.586978,3.505443,3.770432,3.530758,3.925283,3.844077,1.845133,1.607697,3.142493,3.299388,2.520391,2.561307,3.123807,0.554861,2.765237,0.455957,2.689206,2.898936,2.649902,2.404412,2.830959,2.494618
10.208285,0.139152,3.672787,3.688240,3.457114,3.430483,3.598814,3.635965,3.178973,3.295030,3.597828,3.585005,3.502813,3.769117,3.531087,3.927585,3.845721,1.875094,1.623805,3.149259,3.319362,2.531345,2.575160,3.189851,0.584823,2.775224,0.485596,2.755572,2.916655,2.683729,2.425675,2.866719,2.507827
9.727244,0.138823,3.669500,3.681993,3.449223,3.428511,3.600129,3.643527,3.180617,3.289440,3.593882,3.584677,3.498868,3.762213,3.527471,3.926927,3.844734,1.841267,1.627671,3.159246,3.308086,2.502028,2.577093,3.189529,0.579668,2.775547,0.490106,2.768781,2.924065,2.693717,2.425353,2.870585,2.505250
10.081803,0.134220,3.671143,3.684623,3.451525,3.427524,3.600458,3.644513,3.168453,3.292399,3.599800,3.592896,3.498868,3.765172,3.528786,3.932845,3.849008,1.870906,1.657633,3.170521,3.320651,2.502995,2.609953,3.192429,0.593521,2.802931,0.526833,2.788755,2.928575,2.715624,2.443072,2.897325,2.508794
10.208073,0.141453,3.676733,3.688897,3.457771,3.443305,3.611307,3.667527,3.164179,3.301934,3.612622,3.612622,3.511361,3.765501,3.528786,3.946653,3.862817,1.928574,1.748483,3.178253,3.354800,2.507827,2.641526,3.227223,0.609307,2.804864,0.570647,2.809696,2.955959,2.730766,2.452415,2.909245,2.579992
10.203518,0.138166,3.676075,3.691856,3.455799,3.448566,3.609992,3.668185,3.162535,3.298975,3.612622,3.606704,3.506429,3.760240,3.526156,3.945010,3.860515,1.922775,1.739785,3.190174,3.360599,2.501062,2.634116,3.216591,0.611240,2.802608,0.574835,2.810985,2.953382,2.731410,2.446938,2.905057,2.591268
10.435151,0.140796,3.678705,3.693500,3.477497,3.459744,3.614595,3.677719,3.184891,3.306865,3.615910,3.614924,3.504128,3.760569,3.524512,3.944352,3.866433,1.940494,1.813561,3.194040,3.398293,2.503639,2.676642,3.224001,0.661176,2.810985,0.590944,2.824838,2.979155,2.739786,2.464657,2.908923,2.629928
10.581236,0.152631,3.686267,3.717500,3.491963,3.467306,3.625444,3.692185,3.199357,3.314756,3.623800,3.622485,3.509717,3.763857,3.527799,3.951914,3.879255,1.969167,1.883793,3.205638,3.444362,2.499129,2.786500,3.228511,0.678895,2.814206,0.615428,2.838369,2.991397,2.750740,2.499451,2.929219,2.663111
10.827859,0.153618,3.702705,3.726377,3.516292,3.474867,3.639910,3.705664,3.224344,3.327907,3.633335,3.627088,3.518265,3.765172,3.529772,3.954544,3.889118,1.990429,1.938883,3.227867,3.488177,2.511049,2.862209,3.243331,0.703057,2.813562,0.622838,2.837724,2.994619,2.777802,2.571938,2.933730,2.674387
10.840364,0.175317,3.711582,3.738541,3.536676,3.475196,3.652075,3.712897,3.247687,3.328564,3.641225,3.638924,3.523854,3.767473,3.533388,3.960791,3.896680,2.041654,1.979798,3.227223,3.522326,2.507505,2.931152,3.265560,0.725287,2.815495,0.629281,2.838047,3.003962,2.788111,2.593201,2.939851,2.711113
11.321346,0.181563,3.721774,3.741500,3.544238,3.477497,3.657006,3.718486,3.262481,3.328235,3.658321,3.639253,3.530758,3.776021,3.541937,3.962434,3.899968,2.032311,2.095455,3.222068,3.536502,2.510727,2.973034,3.263305,0.842233,2.818072,0.631859,2.851255,3.014271,2.787789,2.594812,2.942428,2.731088
11.358494,0.181563,3.730322,3.750377,3.569224,3.484402,3.661609,3.721774,3.269714,3.332181,3.649773,3.643855,3.533388,3.774377,3.543252,3.966708,3.908187,2.034244,2.108020,3.225934,3.550999,2.505894,2.985276,3.263627,0.981408,2.828382,0.632503,2.849645,3.007506,2.786500,2.624129,2.943073,2.764915
11.714595,0.194386,3.735254,3.758925,3.592238,3.492950,3.669500,3.759583,3.286810,3.341058,3.656349,3.653719,3.548841,3.782926,3.544567,3.974270,3.918050,2.079669,2.130571,3.265883,3.565819,2.535533,3.027158,3.302932,0.993006,2.845456,0.641524,2.859954,3.038111,2.794554,2.673420,2.964336,2.856732
11.393608,0.194714,3.735911,3.763857,3.605061,3.490648,3.686924,3.774706,3.285495,3.342373,3.657664,3.657335,3.558046,3.786213,3.543909,3.980846,3.918379,2.079347,2.132504,3.254929,3.563886,2.540366,3.029735,3.293267,0.988173,2.853188,0.632181,2.858987,3.040044,2.793588,2.675997,2.985921,2.857699
11.625925,0.201947,3.741172,3.756295,3.602430,3.491963,3.683308,3.770103,3.279249,3.337112,3.652075,3.649116,3.542265,3.774706,3.545224,3.984462,3.913119,2.164399,2.120906,3.300032,3.566141,2.544554,3.028124,3.275225,1.021356,2.861887,0.627348,2.848034,3.033923,2.791655,2.674709,2.978189,2.871230
11.796255,0.202934,3.750048,3.766487,3.637609,3.503142,3.690541,3.790816,3.301276,3.355852,3.658321,3.664897,3.571855,3.789830,3.551142,3.999257,3.931201,2.174064,2.137015,3.340625,3.579994,2.583858,3.038434,3.301965,1.035209,2.866719,0.640879,2.858021,3.055831,2.797454,2.688884,3.026513,2.893781
12.063562,0.211153,3.760240,3.782268,3.643855,3.514320,3.689555,3.804296,3.301276,3.366373,3.670157,3.671801,3.593554,3.812186,3.564622,4.008462,3.934489,2.187272,2.133471,3.369942,3.572906,2.597389,3.046810,3.316140,1.033599,2.871230,0.647967,2.865431,3.063885,2.799709,2.702415,3.043588,2.897003
11.877880,0.221345,3.764186,3.788843,3.655691,3.507744,3.716843,3.812186,3.301605,3.375250,3.675417,3.673116,3.609663,3.830269,3.572841,4.018325,3.940407,2.233342,2.128316,3.382506,3.586115,2.614142,3.051965,3.330960,1.072581,2.841913,0.731086,2.867686,3.070650,2.799709,2.702093,3.072261,2.924065
12.300652,0.204906,3.771419,3.791145,3.667527,3.523854,3.721445,3.819419,3.304893,3.407140,3.687911,3.679034,3.618869,3.847693,3.593882,4.025887,3.943366,2.231087,2.120584,3.386372,3.585793,2.626706,3.059052,3.341914,1.088689,2.869941,0.736240,2.868330,3.067751,2.801642,2.706925,3.099967,2.940173
11.975442,0.202934,3.779638,3.791474,3.671801,3.531087,3.724076,3.825666,3.305879,3.419634,3.687253,3.675417,3.623143,3.865118,3.607691,4.034435,3.946982,2.253961,2.114141,3.395715,3.582571,2.633472,3.057119,3.343524,1.026833,2.880895,0.749449,2.866719,3.061630,2.800675,2.710147,3.117364,2.980766
12.196548,0.209509,3.786871,3.800350,3.688897,3.538320,3.726377,3.832570,3.321331,3.437387,3.701062,3.679691,3.631033,3.894050,3.619855,4.040682,3.950270,2.236886,2.117040,3.400870,3.591592,2.639593,3.070650,3.342558,1.117684,2.877995,0.764913,2.863176,3.062274,2.799709,2.722067,3.123163,3.000418
12.210425,0.215427,3.806268,3.814488,3.735911,3.583033,3.740843,3.849666,3.342701,3.459415,3.718486,3.699747,3.686596,3.938105,3.655691,4.066326,3.980846,2.252350,2.129283,3.402159,3.590625,2.643137,3.076127,3.365754,1.133792,2.888949,0.788431,2.863820,3.061630,2.795199,2.724644,3.131539,3.014271
11.982480,0.213126,3.815145,3.813830,3.735583,3.616896,3.742158,3.851310,3.345660,3.466977,3.722432,3.705007,3.704021,3.948955,3.668513,4.071915,3.982161,2.225932,2.100288,3.411501,3.588692,2.643459,3.072905,3.328705,1.179539,2.906668,0.810660,2.854155,3.053575,2.787145,2.720456,3.121874,3.037467
12.256244,0.217071,3.831255,3.817446,3.758268,3.634979,3.750706,3.869063,3.351249,3.484402,3.731637,3.709610,3.726377,3.971969,3.691198,4.086381,3.988407,2.227543,2.117685,3.420844,3.613821,2.761693,3.081926,3.374130,1.187916,2.917622,0.850287,2.864464,3.060341,2.790688,2.740753,3.129929,3.059052
11.748759,0.221345,3.832570,3.816789,3.760898,3.633006,3.753665,3.869392,3.353222,3.487361,3.733939,3.712240,3.733939,3.974270,3.693171,4.087367,3.988736,2.239141,2.139270,3.422777,3.617687,2.786178,3.085148,3.375741,1.202413,2.915366,0.828702,2.859632,3.057119,2.786500,2.741075,3.125096,3.068395
12.040865,0.226934,3.835858,3.816460,3.759254,3.634321,3.751364,3.864132,3.353551,3.481771,3.733939,3.709610,3.732624,3.970654,3.698760,4.078819,3.989722,2.219167,2.117363,3.417945,3.613177,2.760405,3.087403,3.368653,1.207568,2.897647,0.798740,2.853188,3.053253,2.775547,2.732699,3.119942,3.061307
11.479044,0.229893,3.829940,3.813501,3.751035,3.621499,3.750048,3.863803,3.344345,3.477169,3.727692,3.701390,3.718486,3.963421,3.688897,4.091641,3.985448,2.224321,2.072582,3.405702,3.606412,2.661178,3.086758,3.356089,1.186305,2.867686,0.731730,2.840624,3.039078,2.760083,2.712402,3.108988,3.040689
11.560720,0.241729,3.828296,3.810871,3.734925,3.596841,3.742158,3.851639,3.342373,3.458757,3.720788,3.698103,3.710925,3.956188,3.684294,4.083422,3.979530,2.198548,2.037788,3.394427,3.592558,2.643459,3.073550,3.322584,1.181150,2.897969,0.712078,2.820005,3.019104,2.733021,2.690495,3.112854,3.029735
11.617558,0.246003,3.824022,3.809556,3.731637,3.594211,3.740843,3.853940,3.331523,3.450538,3.716843,3.692185,3.706322,3.951585,3.686267,4.083422,3.976900,2.170842,2.019424,3.384117,3.594814,2.641204,3.071295,3.319684,1.131537,2.918588,0.682761,2.810985,3.011372,2.737853,2.683085,3.111243,3.024903
11.863947,0.251592,3.826652,3.801994,3.730651,3.583690,3.738870,3.851967,3.333496,3.449223,3.716514,3.697774,3.704678,3.950599,3.685609,4.078490,3.976243,2.182440,1.968522,3.380251,3.596747,2.627673,3.068073,3.363821,1.039075,2.898614,0.682439,2.812918,3.004284,2.718845,2.669554,3.117686,3.005573
11.554369,0.248962,3.822707,3.803638,3.719473,3.560348,3.730651,3.842433,3.316400,3.433113,3.707966,3.677390,3.675089,3.929229,3.666541,4.075860,3.974599,2.129283,1.927285,3.377030,3.589659,2.611886,3.058086,3.326772,0.715622,2.916977,0.636691,2.786178,2.978511,2.705959,2.641204,3.098034,3.000096
12.155125,0.249948,3.815474,3.798707,3.715199,3.545553,3.722432,3.836186,3.316728,3.431798,3.706322,3.676075,3.655691,3.932516,3.671801,4.070929,3.978215,2.150546,1.871873,3.363821,3.580316,2.623484,3.057441,3.358344,0.681150,2.935985,0.614784,2.771681,2.971745,2.704670,2.638304,3.056475,2.959825
12.347574,0.248962,3.811857,3.791802,3.716843,3.545553,3.722103,3.836844,3.314427,3.433442,3.696130,3.671143,3.648458,3.934160,3.677061,4.076518,3.965393,2.136370,1.851576,3.361244,3.596747,2.628961,3.058408,3.356089,0.651833,2.971745,0.591266,2.763304,2.963369,2.687595,2.628639,3.037145,2.954348
13.147813,0.243044,3.826981,3.800022,3.752021,3.567909,3.730322,3.850981,3.322318,3.457442,3.725719,3.677390,3.687911,3.960133,3.686924,4.077833,3.969996,2.120262,1.899257,3.369942,3.651193,2.664722,3.078704,3.420844,0.648611,2.983021,0.598354,2.761371,2.961758,2.717879,2.651513,3.094813,3.013305
13.395972,0.236468,3.844077,3.805611,3.771090,3.600786,3.741500,3.855913,3.330537,3.475854,3.740185,3.672787,3.706322,3.979202,3.706322,4.091970,3.979859,2.138948,1.884759,3.388950,3.673422,2.709503,3.100934,3.479156,0.650866,3.003962,0.614140,2.751706,2.969812,2.705637,2.662466,3.089336,3.049065
13.416773,0.247647,3.856241,3.827638,3.783254,3.595855,3.738213,3.859200,3.328235,3.480128,3.750048,3.673774,3.713226,3.990380,3.712897,4.092628,3.977229,2.170198,1.845133,3.397970,3.688564,2.814529,3.122841,3.493331,0.654410,3.049387,0.611884,2.747840,2.972712,2.702415,2.684052,3.108021,3.067106
13.348167,0.253893,3.871036,3.853940,3.800022,3.605389,3.760898,3.861173,3.321002,3.488676,3.758268,3.674102,3.724733,4.004188,3.719802,4.092628,3.981174,2.194682,1.839334,3.430187,3.707249,2.898614,3.175998,3.525548,0.633470,3.048099,0.644101,2.754928,2.987209,2.743974,2.681152,3.105122,3.081926
13.726271,0.285127,3.881886,3.865776,3.817775,3.590266,3.788515,3.867420,3.337441,3.490319,3.776679,3.684952,3.726377,4.011750,3.728350,4.100847,3.983476,2.460147,1.855764,3.499453,3.737533,2.986243,3.196939,3.576772,0.646678,3.064207,0.736240,2.751384,3.008150,2.791977,2.752673,3.130895,3.132828
13.972774,0.254880,3.867748,3.859858,3.801337,3.538320,3.744131,3.848680,3.346647,3.473223,3.771090,3.649445,3.704349,3.976572,3.712897,4.085066,3.969339,2.417943,1.728831,3.479800,3.738500,2.960792,3.179542,3.549066,0.608018,3.018459,0.638946,2.734632,2.992686,2.786822,2.724322,3.118331,3.090624
10.451229,0.250277,3.871365,3.867420,3.806926,3.513991,3.724076,3.836515,3.338099,3.472895,3.757939,3.635965,3.678705,3.956516,3.701719,4.072901,3.961448,2.401190,1.674063,3.433731,3.742688,2.939207,3.164400,3.540368,0.598998,3.006861,0.611884,2.719490,2.992042,2.760727,2.675997,3.089980,3.050676
5.968661,0.255866,3.871036,3.873337,3.835529,3.480128,3.709938,3.827638,3.371633,3.468292,3.762213,3.599471,3.660952,3.941393,3.703034,4.069614,3.954215,2.497518,1.734630,3.549066,3.746876,3.053253,3.161823,3.537468,0.546807,3.032957,0.598676,2.704992,2.988498,2.852222,2.804864,3.131217,3.129929
-4.564810,0.262441,3.870379,3.874653,3.835858,3.478484,3.715199,3.783912,3.395962,3.480785,3.755309,3.566923,3.640568,3.934160,3.703692,4.080134,3.961448,2.675031,1.954025,3.685342,3.720458,3.252029,3.185663,3.465947,0.540364,3.177609,0.563882,2.627673,3.130895,3.099323,3.044555,3.287468,3.189207
-8.319567,0.252907,3.865118,3.865447,3.843091,3.649445,3.721117,3.759912,3.437387,3.491963,3.742158,3.559690,3.656020,3.972955,3.809556,4.170875,4.054819,2.733665,2.728833,3.731734,3.483989,3.091913,2.939851,3.139594,0.823225,3.439852,0.016201,2.599000,3.389916,3.237210,3.104800,3.341269,3.137016
-8.562551,0.248633,3.878598,3.897009,3.924955,3.802981,3.821063,3.814159,3.494594,3.529114,3.787857,3.609663,3.704349,4.006818,3.883858,4.210985,4.104463,2.725933,2.733665,3.751064,3.390561,3.070650,2.778446,2.768459,1.225931,3.566785,0.016523,2.468201,3.472069,3.281991,3.096746,3.324839,3.154091
-8.043351,0.249619,3.887146,3.907201,3.943037,3.809227,3.837830,3.823364,3.505772,3.538649,3.795748,3.618869,3.706651,4.014380,3.890762,4.214602,4.111039,2.738175,2.751062,3.755896,3.394104,3.064207,2.788755,2.772647,1.236241,3.584827,0.015235,2.481732,3.476579,3.280702,3.107055,3.325805,3.163756
-8.403462,0.249948,3.887146,3.906215,3.941393,3.811857,3.848022,3.824351,3.510703,3.540950,3.796405,3.623472,3.714212,4.019969,3.882214,4.220191,4.115313,2.733665,2.752028,3.747842,3.390238,3.053253,2.789077,2.765559,1.163431,3.583216,0.017168,2.502028,3.488499,3.282313,3.108988,3.331282,3.166656
-8.840282,0.234167,3.875968,3.890105,3.929886,3.793446,3.807583,3.811200,3.487361,3.536676,3.787528,3.610978,3.704678,4.014380,3.886160,4.214930,4.107422,2.727544,2.707892,3.734634,3.373164,3.037789,2.751384,2.741075,0.895068,3.575484,0.016523,2.473678,3.483344,3.275547,3.058086,3.318073,3.141204
-9.687760,0.230879,3.872680,3.891091,3.935804,3.794761,3.807255,3.806926,3.490648,3.539635,3.793446,3.615910,3.705993,4.013723,3.889118,4.212958,4.109395,2.718523,2.706281,3.734956,3.370909,3.037467,2.752351,2.747518,0.917619,3.585793,0.016846,2.413755,3.485277,3.278125,3.060341,3.319040,3.150225
-10.129720,0.229564,3.875310,3.892406,3.945010,3.816789,3.822707,3.803967,3.495909,3.545224,3.795748,3.621828,3.705007,4.017339,3.896680,4.219862,4.114655,2.723356,2.697582,3.736567,3.361244,3.035212,2.752351,2.748807,1.115751,3.591270,0.016846,2.405701,3.491721,3.285857,3.087403,3.321295,3.148936
-10.270383,0.226276,3.888132,3.911475,3.956516,3.826652,3.840132,3.803309,3.506429,3.553772,3.810213,3.638266,3.715528,4.031805,3.911146,4.222492,4.120573,2.707570,2.697905,3.736889,3.361888,3.033923,2.753317,2.743652,1.215622,3.591914,0.017168,2.398935,3.494942,3.286501,3.094813,3.320651,3.148936
-10.345812,0.222660,3.887475,3.915420,3.955201,3.831912,3.845063,3.808570,3.509059,3.561663,3.814816,3.640897,3.717829,4.033778,3.913776,4.220191,4.127149,2.705637,2.692428,3.737211,3.360921,3.032635,2.747196,2.751384,1.229475,3.591592,0.013946,2.403123,3.502996,3.286823,3.100289,3.317107,3.153125
-10.469728,0.219701,3.888132,3.912790,3.956845,3.835200,3.846050,3.801665,3.506100,3.562649,3.814488,3.642212,3.725719,4.039038,3.918379,4.224465,4.129779,2.699193,2.682441,3.734634,3.365110,3.027480,2.742686,2.745907,1.230119,3.589659,0.016201,2.400224,3.496875,3.282313,3.100934,3.315174,3.146681
-11.086917,0.221345,3.887146,3.910489,3.952571,3.826323,3.843091,3.801994,3.500840,3.561005,3.814488,3.635965,3.732952,4.039038,3.915091,4.221835,4.129121,2.700482,2.668588,3.729157,3.368331,3.018459,2.734954,2.754606,1.236885,3.588370,0.015879,2.390559,3.500097,3.280058,3.098356,3.315496,3.140882
-10.685988,0.224961,3.883201,3.904242,3.947311,3.813830,3.827638,3.796405,3.502484,3.553115,3.806268,3.637280,3.723418,4.037723,3.912461,4.221177,4.128464,2.694683,2.642814,3.720780,3.361244,2.994297,2.719812,2.728188,1.236241,3.583860,0.016523,2.363497,3.488177,3.272648,3.057441,3.299710,3.104800
-10.326557,0.193399,3.854598,3.876296,3.892735,3.772076,3.776679,3.775364,3.473881,3.531416,3.788515,3.622157,3.696130,4.017997,3.886817,4.208684,4.106765,2.696294,2.575804,3.705639,3.333537,2.956926,2.670198,2.671487,1.112529,3.568718,0.016846,2.332569,3.481411,3.259117,3.000096,3.261050,3.073550
-10.472680,0.177289,3.847365,3.863803,3.862159,3.764843,3.764514,3.766816,3.457442,3.523197,3.770432,3.602759,3.689226,4.006161,3.874653,4.203752,4.103806,2.677930,2.544876,3.697262,3.319362,2.929219,2.646358,2.640559,1.145390,3.556476,0.019745,2.285533,3.475935,3.246553,2.975933,3.227223,2.994619
-10.227142,0.181892,3.839474,3.859858,3.840789,3.741829,3.736898,3.724404,3.443305,3.508731,3.760898,3.585663,3.678376,3.998928,3.865118,4.198492,4.099203,2.656990,2.483020,3.687920,3.303254,2.895070,2.610920,2.618008,1.119939,3.545200,0.016523,2.232053,3.462081,3.241398,2.962725,3.178253,2.951771
-10.414099,0.179591,3.832241,3.850652,3.831255,3.711582,3.719473,3.702377,3.428511,3.497881,3.746761,3.577444,3.671143,3.991037,3.854269,4.194547,4.094600,2.644425,2.420520,3.672456,3.278447,2.837402,2.569683,2.577093,1.108985,3.535213,0.016201,2.240430,3.447906,3.215303,2.949516,3.134761,2.885083
-10.351311,0.180906,3.823693,3.840460,3.822378,3.692842,3.713884,3.689226,3.416675,3.488676,3.742158,3.564622,3.662595,3.983147,3.845721,4.190930,4.092299,2.609309,2.374128,3.660858,3.241076,2.751706,2.487531,2.522647,0.983985,3.525870,0.015557,2.159888,3.431798,3.192751,2.927931,3.114787,2.787467
-10.970416,0.178605,3.815803,3.830926,3.812186,3.686267,3.707637,3.657006,3.404839,3.484073,3.735911,3.556731,3.658979,3.976572,3.838817,4.191916,4.091313,2.582569,2.307440,3.657636,3.234632,2.719168,2.451126,2.487853,0.974320,3.524259,0.016201,2.098033,3.406991,3.136372,2.966269,3.095135,2.746229
-11.428642,0.169728,3.810871,3.823364,3.812844,3.717829,3.701719,3.650760,3.400894,3.484073,3.737555,3.551142,3.645499,3.972626,3.843748,4.189944,4.093614,2.565495,2.236242,3.684376,3.274903,2.771681,2.437273,2.497518,1.004926,3.542301,0.015557,2.044231,3.405380,3.100289,2.937596,3.093524,2.753317
-11.357011,0.173344,3.811857,3.831255,3.807583,3.737555,3.695801,3.644842,3.396949,3.485717,3.731637,3.546539,3.627088,3.970982,3.850324,4.192574,4.092956,2.592879,2.091589,3.708538,3.312274,2.853833,2.545520,2.512982,1.164076,3.554543,0.016201,2.012337,3.403125,3.094813,2.942428,3.080315,2.725289
-11.916906,0.168741,3.809556,3.824679,3.804296,3.763199,3.688897,3.631362,3.387085,3.471251,3.729336,3.538978,3.612951,3.963749,3.846378,4.193560,4.092628,2.587080,1.620906,3.723680,3.402481,2.901835,2.581925,2.610920,1.211434,3.565819,0.013946,2.144424,3.398937,3.066140,2.948549,3.067106,2.764271
-12.654228,0.202605,3.834543,3.835529,3.824351,3.798049,3.692842,3.669171,3.408127,3.487689,3.741500,3.535690,3.619855,3.980517,3.870379,4.210656,4.112025,2.655057,0.762658,3.773293,3.534569,3.070972,2.720134,2.817428,1.312916,3.642494,0.016846,2.293909,3.454349,3.112532,3.035856,3.194362,2.951127
-12.168883,0.194714,3.850981,3.855913,3.858214,3.879584,3.695801,3.674431,3.420949,3.518923,3.764186,3.539635,3.627746,3.989394,3.898653,4.224136,4.145560,2.704348,1.411821,3.825806,3.591270,3.229800,2.954026,2.920521,1.375094,3.659891,0.016846,2.460469,3.520071,3.160212,3.155702,3.266205,3.125096
-13.143931,0.193070,3.869063,3.889118,3.932187,3.918050,3.722103,3.704021,3.456785,3.561663,3.772734,3.590923,3.648458,4.005832,3.914434,4.233999,4.175478,2.784245,1.664398,3.864144,3.693074,3.420844,3.062274,3.084503,1.381215,3.678899,0.016846,2.825482,3.586115,3.298421,3.204671,3.334504,3.394749
-13.433495,0.174988,3.916735,3.944681,3.977229,3.927585,3.795748,3.772405,3.543580,3.631691,3.836515,3.635307,3.711253,4.046271,3.938763,4.238931,4.187642,2.848034,2.210791,3.901838,3.743654,3.563564,3.187918,3.289401,1.571937,3.646682,0.016523,2.929864,3.671167,3.300676,3.185341,3.394427,3.453383
-13.203705,0.208852,3.940736,3.973284,4.023586,3.929557,3.866762,3.822049,3.593882,3.649445,3.844734,3.674102,3.804953,4.086381,3.954215,4.248794,4.195533,2.777802,2.548420,3.866399,3.749775,3.524582,3.185663,3.294555,1.682117,3.608989,0.016523,2.841590,3.644105,3.307442,3.215625,3.416978,3.414401
-13.775292,0.207865,3.937448,3.973284,4.019640,3.909502,3.873009,3.829282,3.588622,3.639253,3.837173,3.671801,3.817775,4.107422,3.964736,4.254383,4.201779,2.754928,2.567428,3.833861,3.740433,3.413757,3.106411,3.252996,1.795197,3.584827,0.016846,2.855444,3.607056,3.281669,3.241720,3.394427,3.323228
-14.119895,0.215427,3.930215,3.944352,3.995640,3.891420,3.863474,3.819090,3.562978,3.629061,3.831584,3.655691,3.814488,4.101504,3.960791,4.252739,4.194218,2.826771,2.325481,3.811631,3.693719,3.323228,3.024580,3.171810,1.741396,3.618654,0.015235,2.837080,3.570651,3.253318,3.300032,3.396360,3.316140
-13.958404,0.216742,3.922324,3.937119,3.985120,3.871365,3.845392,3.814159,3.558375,3.622814,3.829940,3.649116,3.810542,4.093614,3.948955,4.252410,4.190601,2.814529,1.612207,3.815175,3.700484,3.307764,3.021681,3.164400,1.677607,3.625097,0.016523,2.756861,3.559375,3.222712,3.276514,3.392171,3.271359
-14.400895,0.215098,3.922982,3.938763,3.980846,3.886817,3.832241,3.813830,3.555087,3.618869,3.826981,3.645499,3.812186,4.097230,3.953229,4.253396,4.190930,2.811951,0.839655,3.818074,3.704028,3.312274,3.021037,3.157957,1.617684,3.624775,0.016201,2.750095,3.545844,3.203705,3.251063,3.390883,3.273614
-14.515410,0.211482,3.923311,3.937777,3.993996,3.910817,3.820734,3.804953,3.556074,3.632020,3.827967,3.649773,3.816131,4.107422,3.953558,4.256355,4.202766,2.825482,2.239141,3.810987,3.626386,3.298743,2.975289,3.031668,1.635081,3.622520,0.016846,2.806797,3.551321,3.220135,3.335470,3.417300,3.406025
-14.723543,0.210824,3.923639,3.931859,3.994983,3.925283,3.811200,3.801665,3.552786,3.630705,3.823693,3.653390,3.818433,4.114655,3.964736,4.264246,4.200464,2.819361,2.878962,3.800033,3.551966,3.272970,2.944361,2.956926,1.557117,3.618976,0.017490,2.791010,3.543589,3.263305,3.311952,3.404092,3.370586
-15.434179,0.205893,3.918708,3.924297,3.986435,3.923311,3.796076,3.796405,3.545224,3.628403,3.820405,3.646486,3.817118,4.111368,3.965065,4.267534,4.206711,2.816784,2.935985,3.791979,3.513628,3.249452,2.906346,2.934374,1.325480,3.609955,0.014268,2.723678,3.521682,3.228511,3.236243,3.364787,3.296810
-15.662362,0.206221,3.918708,3.919694,3.980846,3.946653,3.770432,3.777665,3.540950,3.624458,3.819748,3.648129,3.816789,4.112683,3.974270,4.271479,4.209012,2.818072,2.878640,3.788113,3.486244,3.239787,2.890237,2.910534,1.304540,3.607378,0.017490,2.632505,3.505574,3.214980,3.208215,3.352545,3.265883
-15.820862,0.206550,3.909174,3.892406,3.966051,3.945338,3.756953,3.773391,3.515964,3.616567,3.816131,3.636294,3.809885,4.108080,3.970654,4.269835,4.208684,2.807441,2.750095,3.788757,3.485277,3.224323,2.881217,2.897647,1.272645,3.602868,0.016846,2.547453,3.477545,3.181797,3.183730,3.333859,3.195973
-15.491708,0.219044,3.875968,3.867420,3.931859,3.914105,3.688568,3.720459,3.465662,3.561334,3.795419,3.610978,3.783912,4.077175,3.940736,4.249122,4.184026,2.748162,2.442427,3.772327,3.494620,3.155058,2.809052,2.807119,1.249771,3.578383,0.016201,2.411177,3.434053,3.151192,3.083215,3.269104,3.059374
-15.011441,0.194057,3.846707,3.844077,3.868406,3.880242,3.641225,3.665226,3.432456,3.532073,3.769446,3.568896,3.735583,4.055148,3.930215,4.239259,4.169889,2.689528,1.979476,3.762018,3.477868,3.107377,2.774902,2.728188,1.180506,3.553576,0.016846,2.231087,3.384439,3.032635,2.975933,3.160212,2.915044
-11.957653,0.212797,3.836844,3.828625,3.821063,3.841775,3.625444,3.631362,3.400565,3.502155,3.760898,3.555087,3.733281,4.038052,3.911146,4.229067,4.158053,2.658278,1.416331,3.753319,3.424388,3.084181,2.714979,2.662789,0.874127,3.515239,0.016523,2.177285,3.359955,2.923098,2.901835,3.136372,2.842557
-11.509094,0.231208,3.855255,3.848022,3.880899,3.866105,3.625116,3.675089,3.437059,3.535690,3.775693,3.566923,3.764514,4.062709,3.934160,4.241890,4.179423,2.707892,2.626062,3.769105,3.412790,3.100612,2.759438,2.784567,1.166331,3.662146,0.017168,2.539077,3.408924,3.016204,3.042622,3.265883,3.324194
-11.051768,0.227263,3.888461,3.896680,3.942051,3.928900,3.628403,3.716843,3.503142,3.577444,3.797720,3.592896,3.800679,4.088682,3.951914,4.260301,4.196519,2.746229,2.852544,3.799389,3.482700,3.172454,2.868330,2.936629,1.493006,3.692108,0.016846,2.702737,3.476257,3.177287,3.234310,3.333859,3.502030
-10.782638,0.214769,3.899310,3.902269,3.954544,3.964736,3.624458,3.721445,3.510703,3.602102,3.796405,3.587307,3.802652,4.099203,3.973284,4.277068,4.224136,2.817428,2.926642,3.824196,3.533924,3.250096,2.917622,2.944039,1.511370,3.712404,0.016201,2.843523,3.515883,3.187596,3.258151,3.358988,3.571940
-9.307001,0.207865,3.905557,3.904242,3.959475,3.993010,3.596841,3.707308,3.528128,3.608348,3.793775,3.584019,3.798378,4.102819,3.989065,4.282986,4.233013,2.889593,2.958214,3.883152,3.565497,3.376063,3.019104,2.920521,1.430184,3.746232,0.016846,2.880573,3.590948,3.240109,3.326450,3.415045,3.614144
-8.735491,0.205564,3.897995,3.898653,3.952242,4.004188,3.582704,3.692185,3.511690,3.602759,3.794761,3.580731,3.786213,4.097559,3.980517,4.285616,4.241232,2.872841,2.925031,3.910214,3.560664,3.405058,3.037789,2.867042,1.385725,3.745587,0.017490,2.885405,3.594169,3.238176,3.291656,3.415367,3.602546
-8.920729,0.206879,3.877612,3.883201,3.929886,3.981832,3.555416,3.640568,3.471251,3.574156,3.779309,3.550485,3.752021,4.071586,3.973941,4.278054,4.228739,2.845134,2.908923,3.920201,3.552288,3.399259,3.018459,2.822261,1.317426,3.743654,0.017490,2.867686,3.582571,3.232377,3.259761,3.412146,3.587726
-10.630656,0.204906,3.875639,3.890105,3.926270,3.992353,3.547854,3.633664,3.461716,3.573499,3.782597,3.537991,3.744131,4.066655,3.978544,4.279041,4.229725,2.873807,2.921165,3.946941,3.553899,3.439530,3.033279,2.824838,1.402800,3.753319,0.018134,2.875418,3.601579,3.278769,3.277158,3.401836,3.582571
-12.265539,0.198002,3.880242,3.896351,3.930872,3.996627,3.540621,3.626102,3.465333,3.576129,3.785556,3.535032,3.745117,4.071257,3.981503,4.279041,4.229396,2.852866,2.921165,3.975291,3.586115,3.489143,3.062274,2.829026,1.535210,3.762984,0.017812,2.904091,3.642172,3.328705,3.284890,3.419556,3.596102
-14.065165,0.215098,3.881557,3.901283,3.931530,3.996627,3.554430,3.642540,3.478484,3.573499,3.766816,3.562320,3.759254,4.087038,3.987092,4.282657,4.235972,2.925676,2.908279,3.990755,3.618976,3.526192,3.092880,2.848034,1.775223,3.763951,0.018134,3.038434,3.720136,3.456605,3.336115,3.430509,3.596102
-14.383735,0.209180,3.886488,3.895694,3.933503,4.015038,3.555745,3.653061,3.483744,3.579745,3.769446,3.564950,3.775693,4.106107,4.000243,4.286602,4.244191,2.999452,2.879606,3.999454,3.604801,3.530058,3.092557,2.782312,1.696615,3.783281,0.016846,3.112210,3.739466,3.471102,3.342236,3.423099,3.575484
-13.144269,0.208194,3.886160,3.897338,3.934489,4.026545,3.554430,3.665554,3.497552,3.587307,3.765172,3.557060,3.780624,4.118600,4.006161,4.294822,4.254712,3.014593,2.854477,3.999132,3.597069,3.535857,3.092557,2.696294,1.731409,3.787791,0.017490,3.112532,3.758152,3.485599,3.339014,3.419233,3.560664
-10.003706,0.207865,3.893393,3.896680,3.933831,4.039038,3.536347,3.663910,3.515306,3.588951,3.760569,3.544567,3.779638,4.134053,4.011421,4.300739,4.256355,2.992042,2.795521,3.998165,3.599324,3.540045,3.084825,2.557118,1.741396,3.773938,0.017490,3.093202,3.758474,3.469491,3.319362,3.389272,3.545844
-6.001884,0.214769,3.870050,3.872022,3.900297,4.001887,3.506429,3.622157,3.507087,3.566594,3.727692,3.513005,3.765501,4.098217,3.996298,4.283315,4.243205,2.959181,2.506538,3.974325,3.593525,3.530058,3.071295,2.422131,1.704991,3.735600,0.016523,3.099645,3.747842,3.433086,3.272648,3.365754,3.509440
-5.791062,0.203920,3.816789,3.834543,3.768788,3.868406,3.399907,3.454483,3.438045,3.465004,3.656349,3.434100,3.699089,4.028517,3.942708,4.247150,4.194547,2.887660,2.047453,3.899905,3.521038,3.392494,2.998163,2.244296,1.574514,3.714337,0.017490,2.986565,3.673422,3.305187,3.230444,3.338048,3.416334
-3.858747,0.215427,3.797720,3.786542,3.682650,3.785556,3.361770,3.393661,3.372948,3.409442,3.600786,3.464018,3.667527,3.991695,3.916406,4.221177,4.159697,2.813884,1.796486,3.858345,3.501386,3.258473,2.925354,2.186628,1.528122,3.678255,0.014268,2.901191,3.635407,3.207571,3.206282,3.326450,3.463048
-5.358422,0.215427,3.787528,3.782597,3.704678,3.762542,3.369332,3.403524,3.360455,3.404839,3.550485,3.455470,3.678705,4.000243,3.917064,4.221506,4.159697,2.795843,2.136692,3.865433,3.475290,3.270393,2.902802,2.185017,1.555506,3.692752,0.019745,2.862531,3.625419,3.185341,3.196617,3.332893,3.533280
-8.631719,0.239099,3.818433,3.823036,3.777994,3.872680,3.504785,3.573170,3.405168,3.447251,3.534375,3.518923,3.736569,4.046271,3.926598,4.230054,4.176464,2.883472,2.699838,3.961760,3.513628,3.474968,3.001707,2.317427,1.608664,3.763306,0.015557,2.997196,3.664724,3.301321,3.243009,3.354478,3.551643
-11.137497,0.254551,3.934489,3.900954,3.921667,3.987092,3.726048,3.814159,3.530101,3.550156,3.638266,3.657993,3.885831,4.181724,3.983147,4.257671,4.213944,3.063563,3.047776,4.044235,3.691141,3.595458,3.171488,3.034890,1.857375,3.794879,0.017168,3.115431,3.734634,3.419878,3.479478,3.453383,3.659247
-12.472186,0.262770,3.904899,3.859529,3.916406,3.988736,3.864461,3.823036,3.477826,3.525827,3.623143,3.643198,3.899968,4.181724,3.973941,4.254383,4.187971,3.048421,3.049387,4.015240,3.700806,3.550355,3.112532,3.026836,1.991396,3.791979,0.017168,3.150869,3.685987,3.397970,3.501708,3.417945,3.573873
-12.902805,0.264085,3.782268,3.789830,3.768788,3.867091,3.831584,3.807912,3.353880,3.412401,3.496566,3.434757,3.780624,4.112354,3.866433,4.202108,4.047257,3.056797,3.033279,3.977869,3.687275,3.495909,3.070972,3.026191,2.091267,3.777159,0.016523,3.002351,3.553899,3.279091,3.408924,3.363499,3.564530
-13.122198,0.261784,3.777008,3.780953,3.764514,3.860187,3.825666,3.805611,3.352564,3.405825,3.474867,3.408456,3.783912,4.135697,3.876954,4.202108,4.042983,3.096101,3.034568,3.988822,3.683409,3.506862,3.074838,3.032635,2.161499,3.806477,0.017490,2.958214,3.553254,3.290689,3.417945,3.364465,3.583860
-8.138055,0.282168,3.770103,3.767802,3.757610,3.854926,3.827638,3.801994,3.359797,3.386757,3.453826,3.392017,3.818433,4.130107,3.883529,4.203095,4.054161,3.156024,3.031346,4.012663,3.689853,3.523293,3.063240,3.113820,2.329992,3.841915,0.017490,2.950482,3.558731,3.330638,3.445007,3.357378,3.589337
2.298745,0.271647,3.739857,3.683308,3.695144,3.784898,3.747418,3.768788,3.288454,3.376894,3.401223,3.370647,3.776350,4.093943,3.848680,4.178108,4.013723,3.108344,2.843846,3.943719,3.610600,3.456282,2.966269,3.088691,2.298420,3.763628,0.016846,2.791010,3.424710,3.157957,3.231089,3.262339,3.446940
5.951634,0.133563,3.552786,3.502155,3.272673,3.506100,3.507087,3.415031,2.966916,3.179960,3.086589,3.206590,3.522539,3.872680,3.613609,3.954215,3.815145,2.640237,1.983020,3.666657,3.340947,3.043266,2.492041,2.796809,1.735274,3.429220,0.015235,1.619617,2.862209,2.776191,2.724322,2.699838,2.761371
7.176297,0.136522,3.437059,3.396291,3.055684,3.236180,3.327907,3.162864,2.626309,3.014917,3.301276,3.307523,3.401880,3.784569,3.465662,3.741500,3.703363,1.902478,0.771678,3.357700,3.121230,2.499773,2.190494,2.430830,0.510080,2.853511,0.012980,1.168908,2.230120,2.157311,2.298097,2.026834,2.063883
7.502598,0.096411,3.396620,3.375250,3.023136,3.199028,3.313441,3.102370,2.513212,2.985985,3.379852,3.357167,3.369332,3.756953,3.416675,3.691856,3.687582,1.561627,0.664720,3.131217,3.114787,2.242363,2.061306,2.406345,0.206279,2.537144,0.012335,1.509437,2.227543,1.947259,2.199837,1.915687,1.828380
7.365076,0.115809,3.416017,3.418319,3.080671,3.212508,3.339085,3.163192,2.594747,3.029383,3.421935,3.385770,3.386099,3.772734,3.429826,3.699747,3.707308,1.565493,0.732052,3.120264,3.135083,2.223999,2.069360,2.446293,0.273611,2.497518,0.012335,1.616396,2.305185,1.978187,2.199515,1.961435,1.902478
7.743321,0.090165,3.456127,3.469936,3.111247,3.213823,3.364400,3.230590,2.666091,3.081986,3.490648,3.417004,3.399907,3.776350,3.436730,3.722760,3.717171,1.604475,0.731408,3.086758,3.135083,2.279412,2.119296,2.501384,0.340299,2.545198,0.011047,1.714334,2.354476,1.967556,2.192749,2.058406,1.914721
8.485448,0.092137,3.443963,3.470922,3.117822,3.216125,3.381825,3.230590,2.678584,3.085931,3.534046,3.422264,3.408456,3.774049,3.432127,3.717829,3.710267,1.449192,0.597387,2.885405,3.079349,2.155700,2.003960,2.306796,0.013302,2.409244,0.011369,1.901190,2.336113,1.779411,2.062917,1.913754,1.785532
8.822330,0.089836,3.437716,3.477169,3.142809,3.225659,3.364400,3.239139,2.691406,3.099082,3.543252,3.419305,3.404182,3.778652,3.436730,3.720459,3.719802,1.362851,0.655055,2.739142,3.038111,2.096744,1.950159,2.166332,0.008791,2.407311,0.010724,2.015236,2.370262,1.735597,1.993007,1.882182,1.725610
8.997715,0.077671,3.463689,3.512676,3.192782,3.252618,3.425880,3.306208,2.721653,3.144453,3.559033,3.447908,3.420291,3.796405,3.447579,3.744131,3.739857,1.411498,0.709500,2.750095,3.054864,2.127028,1.983020,2.329670,0.010724,2.446293,0.010724,2.049064,2.438561,1.814205,2.076125,2.028445,1.822581
9.079168,0.062877,3.490319,3.541937,3.239467,3.286153,3.481443,3.343030,2.749927,3.172069,3.571855,3.464018,3.429168,3.805939,3.463032,3.756295,3.754322,1.437272,0.767168,2.767492,3.077416,2.186306,2.004927,2.423420,0.011047,2.475288,0.011047,2.085468,2.457247,1.889592,2.145713,2.128638,1.884759
9.250345,0.048082,3.505443,3.547854,3.276618,3.297660,3.504457,3.365058,2.765708,3.202316,3.595526,3.464347,3.433442,3.812186,3.475196,3.766158,3.765501,1.502349,0.797129,2.771681,3.104478,2.199837,2.031989,2.507827,0.010724,2.483987,0.012335,2.106731,2.528768,1.931795,2.175675,2.222388,1.935983
9.378352,0.049726,3.516621,3.561005,3.288125,3.307194,3.529114,3.385113,2.805161,3.229604,3.598156,3.469278,3.440346,3.816460,3.482429,3.777336,3.772405,1.531344,0.826769,2.770070,3.100934,2.201770,2.045842,2.588691,0.011369,2.502995,0.011047,2.150546,2.587080,1.992362,2.188561,2.274579,1.973999
9.549584,0.052027,3.528786,3.568896,3.332181,3.321002,3.543252,3.404839,2.802531,3.240782,3.610650,3.500511,3.449223,3.821720,3.500840,3.804953,3.782597,1.552929,0.876704,2.786178,3.112532,2.228510,2.084180,2.629283,0.096742,2.527801,0.012335,2.175997,2.570327,2.035855,2.207247,2.214334,2.003960
9.782096,0.053671,3.567909,3.588951,3.373935,3.357167,3.557060,3.444292,2.888340,3.251303,3.625444,3.525498,3.470922,3.827310,3.524840,3.829611,3.801665,1.557761,0.893457,2.815817,3.139916,2.346744,2.113819,2.815495,0.270067,2.578703,0.011691,2.228832,2.603188,2.122195,2.235919,2.300030,2.072259
9.935687,0.059589,3.572841,3.605061,3.399579,3.350921,3.557060,3.456785,2.920231,3.258536,3.628732,3.537334,3.485059,3.832241,3.525498,3.840132,3.807912,1.568393,0.871550,2.884116,3.143782,2.377028,2.096100,2.813240,0.155377,2.591912,0.011369,2.233986,2.602222,2.134115,2.240108,2.277157,2.066460
10.231902,0.091809,3.578101,3.631691,3.447579,3.362756,3.571855,3.470593,2.989273,3.250974,3.634979,3.547526,3.490319,3.835200,3.528128,3.857228,3.815145,1.692749,0.912465,3.014593,3.162145,2.430185,2.157311,2.831603,0.276511,2.623807,0.012013,2.290043,2.642170,2.165043,2.280056,2.343523,2.117040
10.158666,0.083261,3.604732,3.648787,3.497224,3.393990,3.595197,3.527799,3.052068,3.284838,3.650760,3.571526,3.498539,3.853282,3.534704,3.893064,3.838159,1.712723,1.031666,3.034568,3.183086,2.443394,2.158922,2.850611,0.315815,2.658278,0.008791,2.322260,2.685340,2.243329,2.313239,2.393136,2.179540
10.626554,0.089178,3.628732,3.663582,3.525498,3.435086,3.606376,3.567909,3.141165,3.302920,3.666541,3.604732,3.512676,3.864789,3.568238,3.913119,3.852625,1.771357,0.968843,3.083537,3.232377,2.474322,2.285855,2.904735,0.400222,2.703381,0.010724,2.369940,2.797454,2.323871,2.348355,2.463368,2.268780
10.624900,0.100028,3.649445,3.696459,3.554430,3.469936,3.631033,3.610321,3.176672,3.320016,3.676404,3.628732,3.528786,3.873337,3.580074,3.921996,3.875639,1.776834,1.026511,3.110599,3.259761,2.504928,2.411822,2.951449,0.450158,2.726577,0.290364,2.434051,2.858665,2.477221,2.389914,2.530701,2.365430
10.795741,0.108905,3.660623,3.702377,3.569882,3.488676,3.629390,3.628403,3.188837,3.327578,3.681335,3.641554,3.530101,3.873009,3.583362,3.921996,3.875639,1.785854,1.101575,3.127673,3.283279,2.518781,2.428252,2.986565,0.473353,2.800998,0.379926,2.487208,2.874451,2.472711,2.397324,2.566461,2.352865
11.008274,0.107918,3.667856,3.706979,3.595526,3.512676,3.636951,3.647472,3.196727,3.342044,3.686596,3.652075,3.545224,3.874981,3.585334,3.926598,3.885831,1.846422,1.278444,3.147003,3.331604,2.523935,2.437917,2.997196,0.485918,2.847389,0.435982,2.545198,2.902158,2.576448,2.420520,2.627995,2.408922
11.216585,0.118768,3.674431,3.708952,3.607362,3.508731,3.641554,3.664239,3.214809,3.345989,3.698431,3.663253,3.557060,3.879913,3.583690,3.926270,3.887146,1.836434,1.318070,3.157313,3.347068,2.529090,2.440172,3.038756,0.465621,2.828382,0.442748,2.683729,2.920199,2.610598,2.429541,2.686307,2.437273
11.960386,0.108247,3.665226,3.705993,3.602430,3.506758,3.636623,3.659965,3.201659,3.340729,3.698431,3.656678,3.547526,3.875310,3.581060,3.924297,3.884844,1.855764,1.274900,3.154735,3.320329,2.522324,2.395069,2.995263,0.401511,2.829348,0.458856,2.691784,2.916655,2.598678,2.417621,2.663433,2.435662
11.712179,0.116795,3.676733,3.712240,3.633664,3.526156,3.650760,3.683308,3.216125,3.352564,3.708952,3.667198,3.562649,3.884516,3.585663,3.924955,3.889447,1.891525,1.339333,3.169555,3.378318,2.530379,2.425353,3.057764,0.451446,2.848356,0.510725,2.767170,2.950482,2.640881,2.439528,2.786178,2.481732
12.113030,0.131919,3.696788,3.715856,3.649116,3.547197,3.662595,3.705007,3.243084,3.355523,3.717500,3.678705,3.577115,3.894708,3.589280,3.941393,3.906872,1.919875,1.590300,3.176965,3.428254,2.538111,2.466268,3.102867,0.454024,2.864142,0.580312,2.794876,2.977222,2.674387,2.455314,2.819361,2.499451
12.343898,0.108905,3.703034,3.727692,3.669171,3.568896,3.673774,3.727692,3.260837,3.386757,3.722432,3.690541,3.591252,3.919694,3.594211,3.956516,3.913448,1.922453,1.624450,3.185663,3.465625,2.547131,2.492041,3.129606,0.481408,2.874129,0.607052,2.817106,3.000740,2.715624,2.478188,2.858343,2.575482
12.731277,0.110220,3.715199,3.739857,3.688897,3.578430,3.692514,3.740185,3.276290,3.408784,3.732624,3.702048,3.617883,3.941064,3.598156,3.969010,3.928571,1.987852,1.635725,3.222068,3.518138,2.541654,2.576770,3.179220,0.496549,2.880250,0.630892,2.832248,3.012660,2.735920,2.536822,2.899580,2.674709
13.150341,0.107261,3.718486,3.745117,3.696459,3.580074,3.695801,3.768131,3.292728,3.418976,3.744459,3.709938,3.626102,3.947311,3.598814,3.964078,3.930544,1.983664,1.660854,3.246875,3.556154,2.547453,2.685018,3.224001,0.461433,2.877029,0.652155,2.850611,3.046810,2.748485,2.599000,2.976900,2.744296
13.322035,0.120083,3.726048,3.747418,3.697116,3.584019,3.705664,3.778980,3.301934,3.420620,3.744788,3.715199,3.640897,3.954873,3.591581,3.970325,3.937119,2.020391,1.798419,3.251707,3.586437,2.561307,2.733021,3.292300,0.451124,2.873163,0.664075,2.857054,3.057764,2.745263,2.673420,3.038111,2.877673
13.370252,0.114165,3.729665,3.750377,3.708952,3.586978,3.704349,3.788186,3.286482,3.430154,3.745446,3.718486,3.636951,3.952571,3.591910,3.984133,3.934489,2.026834,1.812594,3.263305,3.591592,2.559051,2.735276,3.304542,0.423418,2.870585,0.675351,2.857699,3.062274,2.759760,2.676642,3.040044,2.899902
13.435570,0.104959,3.717829,3.743144,3.703034,3.580074,3.700733,3.776021,3.281550,3.420949,3.739199,3.709281,3.625116,3.942379,3.591581,3.983147,3.945996,1.974643,1.796486,3.260406,3.589015,2.518781,2.712402,3.255251,0.395389,2.865109,0.663109,2.849000,3.049065,2.746552,2.632183,3.023936,2.869941
13.791921,0.102658,3.724733,3.748405,3.706651,3.576129,3.712897,3.794104,3.289769,3.432456,3.746432,3.715528,3.635307,3.947968,3.598814,3.990380,3.926598,2.004283,1.859630,3.270715,3.595458,2.533922,2.725933,3.313563,0.388302,2.864786,0.657310,2.851255,3.050354,2.742363,2.686629,3.031990,2.907634
13.757554,0.106275,3.731966,3.753336,3.715528,3.578430,3.726377,3.815803,3.290098,3.433442,3.750706,3.719144,3.645171,3.959475,3.602430,3.993339,3.933174,2.074837,1.858019,3.313241,3.604801,2.535211,2.749451,3.348679,0.380892,2.866075,0.675673,2.859954,3.045199,2.744619,2.711113,3.070650,2.976256
13.883452,0.110877,3.733939,3.754651,3.723089,3.584348,3.734596,3.824351,3.295030,3.445935,3.753994,3.720459,3.648787,3.965393,3.601773,3.994325,3.935146,2.095133,2.029411,3.316140,3.620909,2.531345,2.774258,3.396037,0.375093,2.866397,0.724964,2.868008,3.057764,2.745907,2.706603,3.084181,2.985598
14.020431,0.113836,3.734925,3.758925,3.733939,3.586649,3.732952,3.822049,3.294043,3.449223,3.762871,3.720788,3.650760,3.969010,3.601773,3.996298,3.931530,2.059373,2.098033,3.284890,3.629608,2.526835,2.789722,3.432764,0.376704,2.861887,0.714011,2.869619,3.050032,2.750418,2.706925,3.092880,2.993975
14.303656,0.118110,3.733281,3.761884,3.734925,3.585005,3.733281,3.825994,3.295030,3.447251,3.767802,3.726048,3.645828,3.971969,3.598156,3.993996,3.930872,2.086113,2.150868,3.286179,3.654736,2.563562,2.808730,3.444684,0.378637,2.845779,0.719810,2.876707,3.044233,2.750740,2.714335,3.091913,3.012016
14.764214,0.115480,3.737884,3.757939,3.735911,3.583690,3.730322,3.824679,3.296673,3.458100,3.771747,3.730322,3.652075,3.975585,3.602759,4.004188,3.929886,2.206602,2.211435,3.337403,3.666657,2.556474,2.827415,3.477223,0.383147,2.894103,0.759114,2.880895,3.048099,2.749129,2.716912,3.090947,3.035856
14.518244,0.114823,3.734596,3.760240,3.735254,3.580074,3.735583,3.825008,3.300619,3.454483,3.772405,3.729993,3.647143,3.972626,3.603088,4.001887,3.930872,2.276190,2.244618,3.355445,3.683731,2.590624,2.829670,3.491721,0.368328,2.874774,0.754604,2.868975,3.041977,2.750418,2.713369,3.092880,3.057441
14.991753,0.106932,3.730980,3.754322,3.729665,3.570540,3.722432,3.821720,3.289112,3.452182,3.768460,3.729336,3.636623,3.964736,3.592896,3.992024,3.924626,2.219811,2.245262,3.355767,3.685020,2.581925,2.821938,3.487855,0.044552,2.889915,0.728508,2.871230,3.032312,2.742041,2.706925,3.087081,3.060019
14.910340,0.106603,3.728678,3.756953,3.729665,3.569224,3.722103,3.821392,3.279906,3.453826,3.767802,3.734267,3.643198,3.973941,3.596184,3.998599,3.932516,2.248162,2.245907,3.354800,3.691786,2.581603,2.825160,3.503319,0.016523,2.885405,0.727220,2.868008,3.030702,2.747518,2.702415,3.072905,3.047454
14.602578,0.107261,3.732624,3.756295,3.729993,3.569882,3.723089,3.821720,3.275303,3.451196,3.765829,3.733281,3.641883,3.973941,3.597499,3.996298,3.922653,2.252028,2.216912,3.349323,3.676322,2.594812,2.819039,3.492687,0.016846,2.904413,0.702413,2.858343,3.026836,2.743652,2.682441,3.073872,3.010727
14.340274,0.099370,3.724404,3.752021,3.724733,3.558704,3.720130,3.820734,3.273988,3.448894,3.762542,3.727692,3.636623,3.969667,3.589608,3.995969,3.920352,2.225932,2.166332,3.348035,3.647004,2.574193,2.836758,3.474646,0.015879,2.894426,0.695325,2.839335,3.002995,2.743008,2.658278,3.071617,2.979155
14.202142,0.076685,3.711582,3.747418,3.708952,3.525827,3.712897,3.813172,3.249002,3.444292,3.755638,3.715199,3.625444,3.959475,3.579088,3.986435,3.910489,2.179218,2.066138,3.318718,3.598035,2.550031,2.831281,3.456927,0.015557,2.905057,0.639268,2.840946,2.986565,2.729155,2.631539,3.040367,2.942428
14.345343,0.059589,3.710267,3.742487,3.701390,3.510046,3.710596,3.801994,3.236508,3.445607,3.748733,3.708952,3.607033,3.949941,3.576129,3.981174,3.901283,2.176963,1.997839,3.273292,3.582894,2.539399,2.809052,3.454027,0.016201,2.899580,0.642812,2.837724,2.976256,2.719490,2.604477,3.022970,2.923743
14.777905,0.062219,3.706322,3.738541,3.694157,3.503470,3.702705,3.787528,3.240125,3.438374,3.748405,3.709610,3.603745,3.945010,3.573499,3.974270,3.892406,2.180507,1.686628,3.230444,3.523615,2.525868,2.861565,3.458860,0.015557,2.863820,0.637335,2.836758,2.975289,2.718201,2.603188,3.002351,2.898936
14.813275,0.080630,3.692842,3.731637,3.687911,3.493278,3.697116,3.778980,3.226974,3.410099,3.746103,3.699747,3.585663,3.942708,3.568567,3.969996,3.886488,2.194360,1.573225,3.232377,3.510084,2.517170,2.858021,3.439852,0.016201,2.883794,0.596098,2.829026,2.965302,2.697582,2.552930,2.983021,2.845134
15.664103,0.108576,3.710596,3.736569,3.710596,3.525827,3.699747,3.818104,3.243084,3.423250,3.758596,3.719473,3.606376,3.951256,3.577115,3.990709,3.900954,2.215623,1.428251,3.311308,3.529092,2.548420,2.899902,3.466914,0.016201,2.914078,0.636691,2.824838,2.956604,2.706281,2.605443,3.014271,2.884761
15.409032,0.133891,3.716514,3.741829,3.724733,3.535361,3.710267,3.826323,3.272016,3.438702,3.773391,3.740185,3.626102,3.967366,3.591252,3.994983,3.912461,2.209502,1.335467,3.340303,3.566785,2.555508,2.922454,3.515561,0.015879,2.939529,0.670196,2.832892,2.957248,2.704026,2.624773,3.030702,2.910856
15.958660,0.141453,3.729993,3.745446,3.758596,3.542923,3.716185,3.834543,3.277276,3.440018,3.780953,3.744131,3.633992,3.972626,3.590595,4.004846,3.919037,2.194360,1.262336,3.355445,3.574195,2.545198,2.932441,3.532636,0.014590,2.951127,0.667297,2.827093,2.958859,2.712724,2.621551,3.028769,2.937596
16.242624,0.144412,3.730322,3.741829,3.759583,3.534046,3.714212,3.835200,3.279249,3.441990,3.783254,3.742158,3.635307,3.967695,3.587307,4.001887,3.916735,2.204025,1.212078,3.349323,3.576772,2.575804,2.929542,3.528770,0.015557,2.987531,0.673096,2.803897,2.945328,2.710469,2.573549,3.018459,2.898936
16.207850,0.147700,3.726377,3.737226,3.759254,3.520238,3.707308,3.833227,3.260180,3.434100,3.780295,3.734925,3.624787,3.965722,3.584677,3.993668,3.912132,2.159888,1.222710,3.281991,3.575806,2.548420,2.926642,3.521360,0.016523,2.981410,0.627671,2.797776,2.934052,2.710791,2.544232,3.013627,2.886049
16.241596,0.147371,3.729993,3.735583,3.770103,3.516621,3.710925,3.835858,3.265440,3.434428,3.783583,3.739857,3.620184,3.960791,3.602430,4.007147,3.912132,2.158922,1.302929,3.263627,3.595136,2.564528,2.934696,3.579994,0.013624,2.976900,0.655699,2.807763,2.920521,2.713369,2.627995,2.999452,2.916977
16.880931,0.159536,3.746103,3.749391,3.776350,3.539964,3.722103,3.857556,3.276947,3.454155,3.796076,3.741500,3.681993,3.982161,3.609335,4.017339,3.915091,2.198548,1.346421,3.263950,3.612855,2.580314,2.939207,3.589659,0.016846,3.029413,0.665042,2.793266,2.911823,2.713691,2.680508,3.001062,2.932441
16.170296,0.147700,3.738213,3.748405,3.773062,3.530758,3.708623,3.837501,3.271358,3.442648,3.788843,3.722760,3.664897,3.967037,3.596841,4.011421,3.907530,2.152801,1.264269,3.245586,3.587404,2.548742,2.905701,3.546489,0.016523,3.084825,0.663431,2.764593,2.898614,2.710469,2.664399,2.973034,2.907634
16.287306,0.194057,3.780624,3.779309,3.814159,3.585663,3.772405,3.879913,3.328235,3.468292,3.820734,3.742158,3.719144,4.006490,3.655362,4.067312,3.959804,2.307118,1.650867,3.300354,3.674711,2.593201,2.942106,3.622842,0.014913,3.107377,0.710467,2.781346,2.942428,2.755894,2.723678,3.056797,2.994619
17.452284,0.208523,3.821392,3.815474,3.843419,3.614595,3.829282,3.899310,3.350921,3.511361,3.842104,3.757281,3.743473,4.023915,3.702705,4.088025,3.985120,2.370585,1.745906,3.472391,3.711438,2.850933,3.023614,3.654092,0.017812,3.175354,1.003637,2.810985,2.987854,2.783923,2.818717,3.136050,3.126707
16.756565,0.203262,3.824679,3.823364,3.843748,3.582704,3.828625,3.893064,3.366373,3.516292,3.834871,3.747418,3.734925,4.019312,3.702377,4.086381,3.976900,2.373806,1.706602,3.502996,3.744299,2.917622,3.051320,3.654092,0.017812,3.176320,1.158277,2.836758,3.008472,2.814206,2.860598,3.166656,3.229800
12.454997,0.195372,3.820077,3.824351,3.850981,3.563964,3.821392,3.886160,3.393003,3.519580,3.823364,3.715856,3.723747,4.013065,3.698431,4.091313,3.974599,2.471100,1.805184,3.548744,3.739144,2.963369,3.019748,3.644749,0.016846,3.184697,1.098354,2.809052,3.041977,2.836114,2.880250,3.185019,3.256862
1.710016,0.202934,3.819419,3.826323,3.852296,3.542923,3.816460,3.873666,3.393990,3.510375,3.813830,3.624129,3.695801,3.998928,3.721774,4.100518,3.976900,2.523935,1.993329,3.645394,3.698551,3.100934,3.084503,3.578061,0.185338,3.228511,0.916975,2.809374,3.077738,2.904735,2.928897,3.223357,3.294555
-7.284877,0.212797,3.804296,3.777994,3.829611,3.540950,3.786542,3.836844,3.383798,3.484730,3.780953,3.542265,3.665883,3.995311,3.728678,4.108409,4.006490,2.714335,2.322904,3.710471,3.665368,3.249130,3.133150,3.435986,0.430183,3.358666,0.763624,2.863498,3.257828,3.155380,3.099967,3.401514,3.363499
-9.900347,0.227920,3.860187,3.844734,3.927256,3.819090,3.857885,3.808898,3.420291,3.504457,3.814488,3.579088,3.675417,4.016024,3.830926,4.183697,4.096573,2.826449,3.153125,3.928255,3.475290,3.447262,3.089980,3.243975,0.794230,3.704994,0.017168,2.986243,3.532313,3.282957,3.240431,3.423744,3.315818
-7.756629,0.203920,3.892735,3.908845,4.000243,3.976243,3.941393,3.839474,3.509388,3.584348,3.847365,3.651088,3.711253,4.049230,3.909502,4.222821,4.157067,2.841268,3.195328,3.939531,3.443396,3.504607,3.047776,3.099967,0.881537,3.724969,0.017812,2.992364,3.551966,3.311952,3.256862,3.425032,3.332571
-7.894370,0.199317,3.920352,3.946325,4.036408,4.000572,3.958818,3.861502,3.551800,3.604074,3.856241,3.689883,3.772734,4.074545,3.955530,4.231698,4.170217,2.850289,3.214658,3.973681,3.477868,3.541978,3.085470,3.133795,1.114462,3.734956,0.018134,3.026513,3.576772,3.343524,3.374774,3.444040,3.405058
-8.370271,0.194057,3.963421,3.973941,4.063696,4.036737,3.979859,3.875639,3.595526,3.644184,3.881557,3.720130,3.809227,4.096902,3.979530,4.241232,4.182382,2.865109,3.223357,3.987856,3.491076,3.562919,3.108988,3.142493,1.273290,3.737855,0.017812,3.067751,3.603190,3.351579,3.399581,3.482700,3.454349
-8.401694,0.200961,3.964736,3.977887,4.077833,4.051860,3.981832,3.881886,3.610650,3.654047,3.886817,3.732952,3.814816,4.107094,3.990709,4.248136,4.187642,2.852544,3.233344,3.989467,3.494298,3.570329,3.102867,3.140560,1.291653,3.731412,0.017168,3.089014,3.614466,3.357700,3.400870,3.482700,3.465625
-9.166686,0.192413,3.983476,3.991366,4.078819,4.063696,3.986763,3.891749,3.633335,3.675746,3.896680,3.751692,3.822049,4.118929,4.004517,4.262273,4.202437,2.868975,3.256218,4.015884,3.512984,3.582249,3.127029,3.157313,1.386692,3.738177,0.017490,3.117686,3.641850,3.379607,3.437275,3.504929,3.485277
-9.065512,0.200961,3.994983,4.014709,4.099203,4.089669,4.003531,3.926270,3.687253,3.704021,3.930215,3.776679,3.849337,4.132409,4.029832,4.275753,4.221835,2.880895,3.268460,4.035859,3.518783,3.590303,3.142171,3.174065,1.557439,3.743654,0.018456,3.128962,3.661180,3.403447,3.474968,3.538757,3.493331
-9.227959,0.197016,4.003859,4.015038,4.099861,4.093614,4.003859,3.916735,3.689883,3.710925,3.932845,3.787200,3.855255,4.136354,4.036737,4.277068,4.220519,2.880895,3.263627,4.039080,3.509440,3.594491,3.130573,3.175676,1.544553,3.738500,0.017168,3.126063,3.664401,3.404414,3.473679,3.531025,3.497520
-9.241478,0.188468,3.989394,4.005503,4.094600,4.087367,3.978544,3.885831,3.656020,3.694486,3.917722,3.774377,3.842104,4.130765,4.028517,4.270493,4.216574,2.856410,3.221746,4.031993,3.495909,3.582249,3.120264,3.154735,1.494295,3.730445,0.017168,3.116398,3.653448,3.397648,3.452739,3.518460,3.484311
-9.466267,0.180906,3.993668,4.017010,4.106765,4.108080,3.978873,3.882214,3.681664,3.715199,3.930872,3.786871,3.853940,4.140299,4.045613,4.272794,4.224136,2.850289,3.208537,4.028771,3.484633,3.579672,3.114787,3.148292,1.476254,3.725613,0.014913,3.124774,3.658280,3.398293,3.455960,3.524904,3.486566
-9.603366,0.183207,4.006161,4.017339,4.108409,4.113669,3.981174,3.908187,3.709610,3.721445,3.939092,3.792131,3.859529,4.144245,4.047257,4.279698,4.233013,2.856410,3.229478,4.035859,3.479478,3.579350,3.120586,3.163756,1.483986,3.724969,0.017490,3.134439,3.670845,3.406669,3.476257,3.516850,3.485599
-9.969948,0.182221,4.023586,4.022928,4.109724,4.113011,3.993996,3.921338,3.738213,3.730980,3.944023,3.803638,3.869063,4.158711,4.052846,4.286274,4.237944,2.856088,3.247841,4.035536,3.534246,3.583860,3.117042,3.194040,1.532633,3.702095,0.138302,3.136694,3.678255,3.405702,3.497197,3.527481,3.497197
-10.125135,0.184851,4.040682,4.042654,4.121559,4.143587,4.008134,3.936133,3.786542,3.748076,3.979859,3.831255,3.909174,4.215917,4.073559,4.310931,4.255040,2.838047,3.267493,4.033926,3.606734,3.583860,3.130573,3.226256,1.645390,3.684054,0.281021,3.178253,3.693396,3.409891,3.518460,3.539401,3.496875
-10.311124,0.184851,4.047586,4.048244,4.123532,4.155423,4.014051,3.948955,3.795090,3.758925,3.986435,3.832570,3.917064,4.221177,4.078162,4.316520,4.259643,2.800353,3.266849,4.035214,3.609311,3.587404,3.142171,3.236888,1.732053,3.682121,0.353508,3.215625,3.697907,3.408280,3.523615,3.544234,3.520071
-10.623847,0.184194,4.052846,4.054819,4.133724,4.165286,4.017339,3.961777,3.801008,3.767145,3.996627,3.838817,3.924626,4.229067,4.081449,4.316849,4.260301,2.776835,3.272970,4.038758,3.628641,3.599324,3.145070,3.228511,1.783277,3.676644,0.395389,3.209504,3.700162,3.414079,3.531025,3.553254,3.540690
-11.285470,0.182879,4.049887,4.049559,4.122546,4.151806,4.016353,3.960791,3.789830,3.752679,3.982489,3.825666,3.920352,4.229067,4.079148,4.316849,4.251753,2.774258,3.264272,4.019750,3.643783,3.577739,3.140560,3.234632,1.804540,3.659891,0.469487,3.214980,3.694363,3.404414,3.536502,3.545200,3.531669
-11.095733,0.177618,4.039367,4.036737,4.119587,4.145231,4.012736,3.952571,3.780953,3.752679,3.969339,3.814488,3.912132,4.223150,4.073559,4.312904,4.255698,2.814206,3.263305,3.997199,3.652159,3.555509,3.136050,3.259761,1.817104,3.651193,0.465299,3.210792,3.685342,3.406991,3.532313,3.537146,3.502996
-11.079970,0.178933,4.035421,4.031147,4.117943,4.138327,4.012408,3.949941,3.775693,3.746103,3.963749,3.810871,3.910489,4.224136,4.068956,4.309945,4.254383,2.815495,3.256862,3.975936,3.647327,3.541978,3.118331,3.255251,1.735597,3.624775,0.462722,3.202416,3.675677,3.421166,3.527803,3.526192,3.445329
-11.006144,0.180248,4.036408,4.027860,4.116299,4.137669,4.012079,3.953229,3.775035,3.745446,3.956188,3.801994,3.913448,4.223150,4.065668,4.309288,4.254383,2.766204,3.245908,3.954673,3.623809,3.528125,3.100612,3.236565,1.592877,3.605445,0.462722,3.174065,3.658925,3.408924,3.526192,3.523937,3.482700
-11.197964,0.184522,4.043641,4.027202,4.116299,4.147204,4.014380,3.949941,3.776350,3.746761,3.964078,3.811200,3.922982,4.233341,4.062052,4.311589,4.255369,2.700482,3.216913,3.925356,3.595136,3.482378,3.075805,3.196295,1.346743,3.587726,0.475286,3.101256,3.642494,3.397326,3.500419,3.494298,3.478834
-10.671718,0.184522,4.035421,4.026873,4.117285,4.137012,4.014380,3.943366,3.769117,3.746432,3.958160,3.805939,3.920352,4.230054,4.065340,4.308959,4.254383,2.711758,3.209504,3.903771,3.583216,3.456282,3.060663,3.179542,1.308406,3.558731,0.420841,3.083859,3.637340,3.393782,3.483666,3.481411,3.456927
-10.652693,0.192084,4.029175,4.023257,4.106765,4.122217,4.011750,3.937448,3.754322,3.724404,3.947968,3.795419,3.911146,4.227095,4.062052,4.306657,4.265561,2.664077,3.199516,3.871876,3.588370,3.435019,3.022325,3.170844,1.285532,3.523293,0.301639,3.050998,3.621553,3.389272,3.473679,3.459826,3.463048
-10.985174,0.194714,4.025558,4.013394,4.098874,4.124847,4.006490,3.935804,3.753007,3.726048,3.938763,3.782926,3.892406,4.224465,4.060737,4.302712,4.253068,2.683407,3.179542,3.857379,3.593525,3.420522,3.001707,3.140238,1.155699,3.503641,0.133147,3.069684,3.609311,3.376063,3.454349,3.476901,3.459826
-11.157557,0.177947,4.016353,4.009449,4.089340,4.123861,3.988736,3.917393,3.733939,3.712897,3.926927,3.768131,3.899310,4.217232,4.050874,4.298109,4.245177,2.800353,3.158924,3.880252,3.561631,3.427610,2.991075,3.118975,1.253637,3.631863,0.018134,3.069362,3.601901,3.375097,3.430831,3.435342,3.445329
-11.279040,0.176961,4.018325,4.008791,4.090984,4.127477,3.987421,3.915420,3.735911,3.710267,3.927585,3.766487,3.903913,4.218876,4.051531,4.296137,4.242547,2.778768,3.158924,3.885729,3.567107,3.442429,2.988176,3.152158,1.268457,3.626708,0.016846,3.071295,3.610600,3.390561,3.447262,3.437597,3.453383
-11.869345,0.179262,4.012736,3.996298,4.086052,4.128464,3.982489,3.909174,3.729007,3.704349,3.927585,3.757281,3.901941,4.219862,4.050874,4.301397,4.244191,2.800353,3.160212,3.878964,3.577095,3.465947,2.981732,3.162145,1.234308,3.620909,0.018134,3.072905,3.612533,3.395071,3.450483,3.415045,3.430831
-11.963824,0.183536,4.014380,3.981174,4.085395,4.130436,3.990380,3.909174,3.729665,3.702377,3.926927,3.742815,3.894050,4.215588,4.053833,4.299753,4.246492,2.867364,3.147326,3.880252,3.572584,3.463048,2.986887,3.161501,1.023934,3.639273,0.018134,3.056475,3.609955,3.403125,3.442429,3.401514,3.427287
-11.826347,0.179262,3.994983,3.963421,4.077175,4.130436,3.983476,3.881557,3.688568,3.690212,3.909831,3.716843,3.863474,4.208684,4.051860,4.296137,4.237616,2.875418,3.127673,3.865433,3.546811,3.406025,2.983665,3.102867,0.855763,3.652159,0.017490,3.025225,3.584182,3.379607,3.367043,3.332571,3.377674
-11.903787,0.174659,3.944023,3.921009,4.046271,4.098874,3.958818,3.851639,3.612293,3.642540,3.873995,3.673774,3.831255,4.183368,4.039367,4.272136,4.227095,2.809374,3.023614,3.836116,3.433731,3.312274,2.939207,2.963369,0.658276,3.632185,0.016846,2.915366,3.507507,3.333215,3.207893,3.247519,3.260728
-11.872862,0.171700,3.912132,3.881886,4.010106,4.059093,3.929886,3.820734,3.587964,3.605718,3.843748,3.658979,3.814488,4.135039,4.025230,4.254054,4.194218,2.806797,2.920199,3.833861,3.386372,3.258473,2.896359,2.788433,0.627993,3.613821,0.016846,2.865753,3.486244,3.271681,3.147003,3.222712,3.176965
-11.965124,0.166440,3.872680,3.857228,3.954873,4.030490,3.896351,3.814488,3.545882,3.575142,3.821063,3.635307,3.768460,4.109724,4.007805,4.241232,4.177450,2.765882,2.731088,3.822263,3.347713,3.196617,2.785212,2.673742,0.611562,3.598035,0.017168,2.802931,3.442751,3.166011,3.079026,3.161179,3.071617
-12.198818,0.145398,3.839145,3.832899,3.905228,3.994654,3.850324,3.774377,3.484402,3.544238,3.798049,3.575142,3.717500,4.086052,3.977887,4.225780,4.161998,2.735920,2.596423,3.817108,3.305831,3.133795,2.659889,2.535211,0.514591,3.576450,0.016846,2.703704,3.394749,3.121874,3.006861,3.024903,2.971101
-12.833683,0.143755,3.829282,3.827967,3.879584,3.988078,3.845063,3.759254,3.465990,3.526484,3.784898,3.556402,3.690541,4.079148,3.971311,4.222163,4.163642,2.723356,2.531667,3.813564,3.408280,3.146359,2.671165,2.524257,0.637013,3.578383,0.016523,2.680508,3.377030,3.100934,2.988176,3.007184,2.951449
-12.879598,0.157563,3.836844,3.835200,3.886488,3.986435,3.846707,3.767145,3.481771,3.536347,3.786213,3.558375,3.685938,4.081449,3.979202,4.226437,4.159697,2.739142,2.349644,3.832250,3.530703,3.225290,2.885405,2.603510,0.780699,3.599646,0.017168,2.709503,3.376063,3.095135,2.959181,3.055186,2.967557
-13.137085,0.165454,3.839145,3.836515,3.882214,3.978873,3.849008,3.767473,3.486045,3.534375,3.784241,3.550813,3.675089,4.075203,3.970325,4.223478,4.159368,2.698549,1.691460,3.828706,3.614466,3.256218,2.964013,2.733021,0.772967,3.599002,0.016846,2.702415,3.361244,3.080959,2.933085,3.074516,2.991397
-12.964254,0.175317,3.837830,3.837501,3.882543,3.984133,3.836515,3.766158,3.489004,3.527799,3.783254,3.560348,3.672787,4.079148,3.976900,4.222163,4.158711,2.632183,1.848355,3.828062,3.496231,3.245586,2.888949,2.636693,0.704990,3.606412,0.017168,2.755894,3.361244,3.056475,2.848356,3.059052,2.932441
-12.809124,0.174330,3.838817,3.854269,3.904571,3.995640,3.836844,3.782268,3.500840,3.537662,3.789172,3.577773,3.677719,4.096902,3.983804,4.225780,4.163971,2.626384,2.394425,3.828062,3.395715,3.286501,2.853511,2.544232,0.384436,3.640239,0.016201,2.841590,3.366076,3.146359,2.804541,3.093524,2.964336
-12.960004,0.171043,3.854926,3.863146,3.921009,3.990709,3.848680,3.783583,3.518265,3.556731,3.795090,3.610650,3.716843,4.093285,3.989065,4.230711,4.168574,2.589979,2.713046,3.839982,3.333537,3.343847,2.834181,2.517170,0.502993,3.645071,0.017812,2.836114,3.384762,3.235599,2.891526,3.130573,3.031346
-13.860984,0.183536,3.880899,3.897667,3.952900,4.009777,3.871694,3.798378,3.551800,3.579416,3.821392,3.659965,3.770761,4.138656,4.003531,4.243533,4.182711,2.601577,2.823227,3.870588,3.330638,3.406669,2.845456,2.687273,0.509114,3.652481,0.016523,2.895714,3.390238,3.284568,2.949194,3.193717,3.216591
-14.518296,0.176961,3.906543,3.918708,3.989722,4.029832,3.899968,3.810213,3.575142,3.599143,3.831255,3.670486,3.800350,4.176464,4.027860,4.252410,4.181396,2.639915,3.034245,3.932121,3.493976,3.478834,2.958214,2.994941,0.830957,3.671489,0.017490,3.009761,3.467236,3.344491,3.187274,3.290367,3.485599
-14.728944,0.175646,3.903256,3.909502,3.985120,4.040024,3.907530,3.818104,3.566923,3.592238,3.826652,3.656020,3.808570,4.188300,4.030490,4.255369,4.193560,2.722389,3.086758,3.910536,3.622842,3.473035,2.971101,3.064851,1.276511,3.656992,0.016846,3.032635,3.544878,3.331282,3.239465,3.321939,3.574195
-14.753484,0.184194,3.896023,3.910817,3.966380,4.018983,3.897009,3.817118,3.530430,3.578430,3.821063,3.634650,3.803638,4.176464,4.031476,4.255369,4.187971,2.739142,3.082892,3.899582,3.614144,3.440174,2.948549,3.029413,1.282954,3.655381,0.017168,3.023292,3.520716,3.294233,3.220779,3.313885,3.543589
-15.256787,0.192084,3.873009,3.885173,3.941722,3.998599,3.883201,3.794433,3.531416,3.561663,3.813501,3.611307,3.794104,4.165943,4.023915,4.251424,4.181396,2.760083,3.065496,3.895716,3.617043,3.426965,2.939851,2.993008,1.234308,3.647004,0.016201,3.013627,3.509762,3.268460,3.199516,3.286823,3.497520
-15.411718,0.201947,3.856570,3.880242,3.922653,3.991695,3.875639,3.789172,3.493607,3.540950,3.801665,3.571526,3.786542,4.156738,4.021284,4.247150,4.170875,2.816462,3.037145,3.889917,3.604801,3.419878,2.933730,2.964658,1.182117,3.637340,0.017168,3.020392,3.518783,3.258795,3.179220,3.275225,3.516850
-15.728196,0.186495,3.839145,3.854926,3.891091,3.966051,3.872022,3.773062,3.469607,3.525498,3.792131,3.558375,3.774049,4.139313,4.010106,4.238931,4.152793,2.845456,3.012660,3.878319,3.594814,3.399903,2.927609,2.943073,1.222710,3.628963,0.015557,3.018459,3.514917,3.264272,3.148614,3.227223,3.464014
-15.967293,0.186166,3.828953,3.850981,3.847365,3.948297,3.843748,3.749391,3.417661,3.498539,3.776679,3.530758,3.745117,4.122217,4.000243,4.230054,4.139642,2.860920,2.980444,3.870588,3.577739,3.351256,2.910856,2.903446,1.068392,3.614144,0.016846,2.974645,3.482378,3.219491,3.119942,3.215947,3.441463
-16.434165,0.171043,3.801665,3.823364,3.807912,3.938105,3.794433,3.702048,3.358811,3.473881,3.752350,3.528457,3.697116,4.101504,3.989722,4.226109,4.132738,2.884116,2.903124,3.863822,3.543911,3.320973,2.887660,2.772647,0.815171,3.611566,0.016201,2.942106,3.449517,3.204027,3.053253,3.139594,3.370586
-16.659982,0.140467,3.761227,3.791802,3.744131,3.892077,3.712897,3.631691,3.340400,3.449881,3.739199,3.490319,3.667856,4.069942,3.969339,4.209012,4.108080,2.904091,2.846101,3.864144,3.513628,3.283279,2.840946,2.681796,0.706601,3.610278,0.017812,2.906346,3.432120,3.199839,2.999774,3.007184,3.307442
-16.719356,0.127316,3.738541,3.780953,3.700075,3.861502,3.684623,3.619198,3.342701,3.427524,3.729007,3.503142,3.650760,4.064025,3.953229,4.204081,4.089340,2.909890,2.836436,3.867688,3.497842,3.275225,2.806797,2.649902,0.688238,3.621553,0.016523,2.904735,3.431798,3.180509,2.965946,2.973678,3.311952
-16.900554,0.128960,3.726048,3.771419,3.685281,3.849995,3.677061,3.608677,3.320674,3.411414,3.730651,3.484073,3.645171,4.056134,3.950927,4.199807,4.082107,2.925998,2.825160,3.892817,3.497520,3.309053,2.837080,2.660856,0.671807,3.635407,0.016846,2.918910,3.439530,3.169555,2.964336,2.952738,3.314852
-17.001206,0.135864,3.712569,3.773062,3.667527,3.857228,3.694486,3.627417,3.310811,3.400236,3.717171,3.502813,3.643198,4.053504,3.948626,4.196519,4.080792,2.905057,2.821938,3.905059,3.494942,3.321617,2.861887,2.685985,0.890557,3.637340,0.017490,2.940495,3.444362,3.173099,2.974645,2.931475,3.335470
-17.665904,0.147371,3.703692,3.755638,3.643855,3.851967,3.697774,3.620513,3.306537,3.381825,3.704021,3.456456,3.644842,4.079477,3.956516,4.198163,4.077833,2.913111,2.838369,3.938887,3.514272,3.393460,2.833536,2.750095,1.130248,3.669234,0.021034,2.945972,3.451128,3.172777,3.013305,2.914722,3.358022
-17.777427,0.154933,3.693500,3.744459,3.643198,3.859529,3.691856,3.615252,3.306208,3.370976,3.682650,3.437387,3.647472,4.081121,3.957832,4.188957,4.072244,2.923098,2.930186,3.967882,3.514917,3.437597,2.798098,2.812596,1.331924,3.692752,0.017168,2.960147,3.483989,3.160857,3.010083,2.935018,3.367365
-9.931703,0.183207,3.676075,3.705664,3.605718,3.816131,3.684623,3.593882,3.278591,3.335140,3.642869,3.409771,3.629390,4.073559,3.935146,4.174163,4.045942,2.882505,2.861565,3.956606,3.487855,3.401514,2.743330,2.818395,1.579347,3.689530,0.016846,2.944039,3.470136,3.067429,2.924709,2.884116,3.343847
0.930534,0.254551,3.538978,3.600786,3.369332,3.563635,3.552786,3.406483,3.036287,3.095466,3.529443,3.303578,3.529772,3.951914,3.783254,4.054490,3.899310,2.658278,2.660211,3.755574,3.295522,3.153125,2.431796,2.600933,1.301962,3.474002,0.016201,2.658278,3.262661,2.818395,2.626062,2.605443,3.016204
6.260905,0.228907,3.181604,3.181604,2.782147,3.172727,3.175357,2.915299,2.024658,2.617433,3.176672,3.065547,3.341058,3.639253,3.357825,3.549827,3.588622,1.794553,1.820326,3.332893,2.868008,2.354154,1.755571,1.709179,0.295518,2.712724,0.012335,1.169874,2.209824,2.098355,2.015558,1.637981,1.883148
9.338439,0.150659,3.210207,3.241769,2.763078,3.145768,3.200672,2.898203,2.028932,2.667735,3.274317,3.176015,3.315413,3.570868,3.303249,3.466977,3.564950,1.335467,0.908276,2.872518,2.470456,1.868651,1.514269,1.888625,0.006536,2.555508,0.011369,0.978831,1.786499,1.732053,1.408921,1.040042,1.053251
10.685198,0.188796,3.238152,3.311468,2.738749,3.178973,3.219084,2.924176,2.024658,2.691735,3.340729,3.207905,3.319687,3.571197,3.285824,3.473223,3.580731,1.246228,0.967555,2.289077,2.580636,1.688238,1.018135,1.891203,0.008469,2.505250,0.010724,1.310661,2.010726,1.783921,1.429540,1.206601,1.197581
11.305441,0.159207,3.270701,3.383140,2.718694,3.209878,3.243413,3.010643,2.150578,2.819298,3.405168,3.248344,3.352236,3.607033,3.309824,3.514977,3.609335,1.302929,1.110596,2.450804,2.748162,1.931151,1.399256,1.949192,0.009114,2.569361,0.012013,1.525867,2.084502,1.815494,1.594488,1.431150,1.240751
11.695471,0.104631,3.278920,3.389716,2.720995,3.224673,3.248673,3.016232,2.220606,2.906094,3.433442,3.259851,3.358482,3.613609,3.309496,3.514649,3.610321,1.314205,1.177929,2.503639,2.788433,1.971100,1.444681,1.970777,0.008469,2.589013,0.012013,1.604798,2.120906,1.858342,1.643780,1.468844,1.324514
12.901335,0.114165,3.286153,3.401551,2.740064,3.249330,3.245056,3.054698,2.347511,2.931738,3.475525,3.311139,3.368674,3.626102,3.319030,3.531087,3.616567,1.329024,1.260403,2.618008,2.833214,1.994940,1.521357,1.992685,0.009114,2.618652,0.012013,1.666009,2.166654,1.817749,1.768135,1.504926,1.350609
12.655529,0.125343,3.335468,3.467634,2.859737,3.285824,3.284838,3.144453,2.542473,2.982697,3.511690,3.343359,3.414373,3.641883,3.337441,3.569882,3.634979,1.463367,1.398290,2.666332,2.869941,2.014270,1.592555,2.049064,0.008791,2.650869,0.012013,1.782311,2.284244,1.820648,1.867684,1.682117,1.537143
13.445033,0.117124,3.333167,3.459744,2.863682,3.286153,3.284509,3.168782,2.556610,2.990259,3.512676,3.346647,3.414045,3.643527,3.336126,3.571197,3.637609,1.470777,1.393135,2.649902,2.862531,2.018780,1.573870,2.053896,0.009436,2.644747,0.011691,1.781988,2.290688,1.828058,1.851576,1.665365,1.498805
12.576979,0.119097,3.337112,3.488018,2.886039,3.321660,3.284180,3.180617,2.574035,2.998478,3.525827,3.353880,3.417990,3.651088,3.335468,3.574156,3.639581,1.467555,1.411498,2.649258,2.884116,2.031344,1.614785,2.041332,0.008791,2.641848,0.010724,1.803896,2.311950,1.818071,1.874450,1.704347,1.506537
13.152627,0.110220,3.333825,3.493278,2.906422,3.336455,3.291084,3.195741,2.619734,3.009656,3.530430,3.361770,3.414373,3.676733,3.336455,3.576786,3.643855,1.491395,1.464978,2.680186,2.910856,2.035533,1.626383,2.075803,0.008791,2.661178,0.012335,1.844489,2.301319,1.828058,1.891847,1.762336,1.580635
12.996668,0.123700,3.336126,3.509717,2.934368,3.341386,3.299632,3.214809,2.645707,3.017876,3.537005,3.375907,3.421278,3.688897,3.338099,3.585334,3.649116,1.565493,1.490107,2.722067,2.947905,2.045520,1.683406,2.137015,0.009436,2.679219,0.012980,1.880571,2.321615,1.821937,1.906022,1.865751,1.656022
13.073335,0.126987,3.347962,3.522210,2.947190,3.348619,3.306537,3.225988,2.656556,3.029711,3.541937,3.375578,3.425552,3.697445,3.344674,3.587636,3.651417,1.608664,1.531988,2.714657,2.960470,2.051319,1.711434,2.177930,0.010402,2.680186,0.011691,1.891203,2.299386,1.854476,1.918264,1.906989,1.675352
13.495895,0.125015,3.346318,3.522539,2.958368,3.347304,3.313441,3.234536,2.661488,3.032670,3.544567,3.386757,3.430154,3.694157,3.338756,3.591910,3.649773,1.621872,1.534566,2.714335,2.977222,2.055829,1.717555,2.230765,0.010080,2.678575,0.012013,1.897646,2.313561,1.835146,1.917942,1.941782,1.704669
13.957600,0.121398,3.351907,3.537991,2.988286,3.345003,3.313770,3.254920,2.665433,3.041876,3.553115,3.407469,3.435415,3.716843,3.350592,3.597828,3.650760,1.654411,1.575803,2.715946,3.016526,2.060661,1.763303,2.385726,0.010724,2.683085,0.012657,1.919231,2.361886,1.858986,1.928574,1.985275,1.854153
13.782286,0.126330,3.368017,3.548841,3.026095,3.363085,3.325605,3.272344,2.675296,3.051410,3.560676,3.414373,3.440018,3.722103,3.354866,3.598156,3.657664,1.657633,1.622194,2.709825,3.031668,2.067427,1.816782,2.504283,0.011369,2.677286,0.009758,1.958535,2.371873,1.928252,1.956924,2.070971,1.919231
13.989026,0.126658,3.346975,3.537005,3.056013,3.360784,3.322318,3.263468,2.654912,3.041547,3.560019,3.409113,3.437716,3.718158,3.353880,3.597170,3.651417,1.646357,1.602220,2.691461,3.038434,2.052285,1.752994,2.504605,0.010402,2.674709,0.012335,1.945326,2.371229,1.897646,1.945648,2.037466,1.900867
14.005340,0.105946,3.345660,3.536676,3.188508,3.364071,3.334482,3.287797,2.662474,3.058315,3.567252,3.421606,3.438374,3.722432,3.359140,3.603417,3.654705,1.652800,1.613174,2.687595,3.048099,2.063239,1.791976,2.579348,0.012013,2.677286,0.012657,1.967878,2.374773,1.954669,1.967878,2.113819,2.015558
13.939576,0.108905,3.366044,3.539306,3.208892,3.359140,3.345332,3.313770,2.663132,3.058643,3.567909,3.427524,3.439360,3.723747,3.358482,3.603417,3.656349,1.650223,1.642491,2.682441,3.056797,2.067105,1.817104,2.617041,0.012013,2.674709,0.011691,1.985275,2.373162,1.976254,2.002350,2.170520,2.053896
14.045548,0.115480,3.385442,3.544895,3.209549,3.361113,3.431470,3.341058,2.681214,3.071137,3.570868,3.432127,3.441661,3.723418,3.364400,3.607362,3.659308,1.652478,1.640558,2.672454,3.073872,2.066783,1.828058,2.667943,0.011047,2.672776,0.012013,2.002350,2.390881,1.981087,2.000094,2.177285,2.060661
14.234968,0.113836,3.375578,3.540950,3.219084,3.360455,3.421278,3.348290,2.685817,3.068506,3.578430,3.436401,3.441661,3.728021,3.368345,3.609335,3.659308,1.654411,1.633470,2.670521,3.074516,2.068716,1.833535,2.677608,0.011369,2.673420,0.012980,2.009437,2.399902,1.974965,2.003960,2.197260,2.092234
14.839251,0.104631,3.381496,3.540621,3.233549,3.356510,3.425552,3.352893,2.690749,3.072780,3.582704,3.438702,3.443963,3.726706,3.368017,3.611307,3.656678,1.652478,1.634437,2.664722,3.087725,2.122839,1.856731,2.712724,0.012013,2.672776,0.012335,2.028767,2.396358,1.973033,2.013303,2.219167,2.111886
14.824330,0.108576,3.401223,3.547526,3.256892,3.360126,3.448894,3.372291,2.714749,3.086589,3.594540,3.451196,3.444949,3.736240,3.371633,3.622485,3.658321,1.656666,1.669231,2.662789,3.108021,2.156345,1.867684,2.766848,0.012657,2.675997,0.012657,2.036177,2.397646,1.985919,2.031022,2.225932,2.128961
15.410663,0.106275,3.393990,3.542594,3.254591,3.362099,3.457442,3.374921,2.714420,3.084616,3.596184,3.453168,3.445278,3.734596,3.371633,3.617554,3.656349,1.653767,1.669875,2.647003,3.108666,2.118651,1.858664,2.749773,0.013624,2.668588,0.011691,2.023935,2.398613,1.991396,2.026512,2.231087,2.119296
15.055753,0.107918,3.394647,3.544238,3.259194,3.357167,3.462703,3.377880,2.710804,3.083959,3.596841,3.458100,3.444949,3.738213,3.372948,3.619855,3.657335,1.647968,1.671164,2.647647,3.117042,2.116396,1.829347,2.756539,0.012335,2.664077,0.013302,2.020391,2.403123,1.975932,2.028767,2.233664,2.109308
15.729035,0.112192,3.412401,3.549827,3.265111,3.360455,3.473552,3.387085,2.715406,3.076726,3.595526,3.459086,3.445278,3.739857,3.376565,3.628732,3.655362,1.646035,1.680829,2.642492,3.119297,2.161821,1.833857,2.831281,0.011369,2.662144,0.012013,2.019746,2.395713,1.972388,2.022324,2.235919,2.130571
14.593788,0.112521,3.419634,3.553772,3.266755,3.359797,3.490319,3.393661,2.713763,3.105329,3.597170,3.473881,3.446264,3.740185,3.377222,3.626759,3.656678,1.647001,1.676963,2.652801,3.110599,2.164077,1.823548,2.906346,0.013946,2.660856,0.012335,2.022002,2.390881,1.964334,2.006216,2.232053,2.125095
14.263462,0.112850,3.417661,3.547197,3.265769,3.354208,3.490648,3.390373,2.698639,3.083630,3.594540,3.471580,3.446922,3.739528,3.378866,3.627417,3.649773,1.639914,1.645068,2.638304,3.093524,2.153445,1.802607,2.925354,0.012980,2.643137,0.012657,2.001705,2.371229,1.947259,1.983664,2.226577,2.092234
14.329836,0.111206,3.415360,3.539635,3.258865,3.357496,3.481114,3.375907,2.692721,3.078370,3.589280,3.466319,3.440346,3.730322,3.378537,3.624129,3.649773,1.622517,1.594810,2.620907,3.077738,2.055507,1.754282,2.916333,0.012980,2.659567,0.012013,1.974321,2.349966,1.923419,1.951447,2.175675,2.048097
14.725171,0.108905,3.415360,3.538320,3.255906,3.346975,3.470922,3.372291,2.674639,3.079356,3.585992,3.459415,3.437387,3.730651,3.372948,3.617225,3.647143,1.597388,1.548741,2.622518,3.054864,2.047453,1.753960,2.925031,0.012980,2.674387,0.009758,1.950159,2.341590,1.909566,1.908277,2.136692,2.000094
14.754063,0.111535,3.405497,3.532731,3.254262,3.344674,3.467306,3.364400,2.669378,3.074424,3.582375,3.450209,3.438702,3.729336,3.370318,3.613937,3.647143,1.578058,1.528767,2.598678,3.016204,2.043587,1.725932,2.923743,0.012335,2.664077,0.012657,1.926641,2.340623,1.868007,1.897646,2.086113,1.966589
15.159109,0.119425,3.378537,3.527142,3.238481,3.331852,3.451853,3.351249,2.631570,3.045821,3.571526,3.440675,3.426209,3.717829,3.361441,3.593882,3.641225,1.557117,1.473032,2.574193,2.992042,2.015880,1.700803,2.860598,0.015235,2.654090,0.013624,1.882504,2.334180,1.795842,1.874128,2.019746,1.920842
15.667082,0.107590,3.379195,3.527471,3.234536,3.329879,3.453497,3.354208,2.628282,3.058643,3.576786,3.440018,3.424565,3.719144,3.359469,3.595526,3.641554,1.599965,1.464011,2.650546,2.992686,2.033277,1.727865,2.912789,0.012657,2.666332,0.012013,1.929218,2.330314,1.812594,1.882826,2.023290,1.925674
15.753835,0.110549,3.382154,3.516621,3.239139,3.329879,3.456456,3.360784,2.625981,3.066863,3.586321,3.437387,3.425880,3.719802,3.363085,3.594211,3.639581,1.596743,1.468522,2.662789,2.991720,2.032633,1.735919,2.925354,0.013302,2.665044,0.012013,1.918587,2.331280,1.809050,1.881860,2.031022,1.929218
15.577483,0.107590,3.395305,3.517279,3.240125,3.324619,3.453168,3.348948,2.621707,3.074096,3.588293,3.430812,3.424565,3.723418,3.365058,3.594869,3.640239,1.587723,1.481408,2.670521,2.986243,2.031344,1.736241,2.911500,0.012657,2.658278,0.011369,1.919875,2.329025,1.810661,1.880249,2.019424,1.904089
16.115623,0.117453,3.407140,3.520895,3.246371,3.321660,3.474210,3.361113,2.636173,3.072452,3.590595,3.433113,3.420620,3.722432,3.371962,3.609992,3.643198,1.600609,1.530377,2.718523,3.010405,2.036499,1.748161,2.952415,0.012980,2.663111,0.012013,1.920842,2.332247,1.890880,1.881215,2.047131,1.925996
16.836562,0.132576,3.411743,3.533060,3.269057,3.325277,3.516950,3.419634,2.658200,3.083301,3.613609,3.456456,3.419963,3.724076,3.387085,3.636623,3.650431,1.637981,1.604798,2.729799,3.114787,2.140881,1.860275,3.017815,0.013302,2.678897,0.012657,2.010404,2.358342,1.916654,1.967556,2.140558,2.066460
17.521391,0.125672,3.418647,3.551471,3.301276,3.346318,3.527142,3.434757,2.667735,3.098096,3.631691,3.470593,3.420620,3.733939,3.404839,3.648129,3.651746,1.696615,1.689527,2.781023,3.141204,2.177607,1.990752,3.121874,0.014268,2.694039,0.011691,2.053574,2.378317,1.943071,2.021357,2.204347,2.231087
17.918020,0.107918,3.408784,3.546211,3.298317,3.341386,3.524840,3.425552,2.649981,3.091849,3.628074,3.463689,3.414702,3.734267,3.393332,3.643527,3.643198,1.699192,1.652478,2.752673,3.141527,2.152801,1.973999,3.109310,0.013624,2.732699,0.012335,2.016203,2.334180,1.897646,2.012659,2.199837,2.216912
18.100703,0.106603,3.410099,3.533388,3.298317,3.334811,3.519909,3.420949,2.646036,3.090205,3.626431,3.457114,3.413058,3.738213,3.395962,3.643527,3.633992,1.715300,1.677607,2.764271,3.138305,2.161499,1.978187,3.145393,0.014913,2.727544,0.012980,1.989785,2.330314,1.890558,2.015880,2.200159,2.217234
18.431783,0.102658,3.399579,3.537005,3.294701,3.325277,3.519909,3.413716,2.635844,3.086260,3.620184,3.449881,3.412072,3.729336,3.403524,3.640897,3.625444,1.713045,1.647001,2.792943,3.121230,2.174708,1.970455,3.175676,0.013946,2.725933,0.012013,1.960790,2.332569,1.895068,2.024901,2.188883,2.197904
18.587703,0.089836,3.387743,3.529772,3.283523,3.302263,3.506100,3.412730,2.606583,3.078041,3.609992,3.430483,3.405168,3.715528,3.368345,3.620842,3.617225,1.716267,1.600287,2.828704,3.116720,2.158922,1.924386,3.169877,0.014590,2.754928,0.013946,1.891525,2.312273,1.911177,1.984953,2.177607,2.170842
18.260508,0.077014,3.374921,3.523525,3.268728,3.287468,3.478155,3.400894,2.573706,3.071137,3.600786,3.379852,3.392675,3.712569,3.355852,3.599471,3.605389,1.724643,1.522001,2.818395,3.104478,2.132827,1.891525,3.165045,0.014913,2.730443,0.012013,1.832246,2.297775,1.859630,1.939527,2.103187,2.182118
17.131970,0.077343,3.353551,3.498868,3.241769,3.276618,3.475854,3.361113,2.534911,3.048780,3.589280,3.370647,3.387085,3.697445,3.350263,3.588622,3.595526,1.698870,1.473998,2.801642,3.070972,2.123806,1.868007,3.165367,0.013946,2.703381,0.012980,1.813239,2.279090,1.833213,1.905700,2.019424,2.124128
16.698680,0.090494,3.331194,3.489991,3.231906,3.268728,3.447579,3.323633,2.503678,3.026424,3.576129,3.348948,3.374921,3.680349,3.350592,3.576786,3.567909,1.685661,1.383470,2.820650,3.072905,2.112530,1.836757,3.204993,0.014590,2.735276,0.011047,1.785854,2.268780,1.791976,1.872195,1.920842,2.041976
16.687028,0.078986,3.310811,3.466977,3.220399,3.272673,3.433442,3.307852,2.488226,3.015246,3.571526,3.333825,3.367359,3.674431,3.349606,3.556731,3.554101,1.640558,1.331924,2.796809,3.021681,2.098033,1.762981,3.156346,0.014268,2.704670,0.012013,1.714656,2.228187,1.740429,1.803896,1.830313,1.937272
16.935774,0.065836,3.289440,3.448894,3.192453,3.262481,3.417332,3.276290,2.256442,2.996834,3.555087,3.323961,3.355195,3.665226,3.334153,3.530758,3.543580,1.616396,1.199514,2.782634,2.979799,1.983664,1.710146,3.118653,0.013624,2.695972,0.012980,1.660532,2.230443,1.715300,1.781988,1.714978,1.820326
16.777772,0.058931,3.272673,3.461388,3.183576,3.234865,3.408784,3.264783,2.217318,2.984341,3.539964,3.308509,3.350263,3.658321,3.325277,3.531087,3.533717,1.635081,1.115106,2.779413,2.959825,1.985919,1.700158,3.124774,0.014590,2.692106,0.012335,1.659888,2.218200,1.710146,1.772001,1.634759,1.774579
17.253582,0.043808,3.270701,3.444292,3.178645,3.213823,3.414373,3.256563,2.174249,2.996177,3.538649,3.305879,3.338756,3.653719,3.328893,3.523854,3.526813,1.634115,1.121872,2.761693,2.958214,2.048741,1.720455,3.101256,0.013302,2.675997,0.012013,1.648290,2.209180,1.691138,1.790043,1.605120,1.772324
