22.013196,-0.050879,1.364814,1.636050,2.192989,2.375457,3.370647,2.901820,1.863889,1.836272,2.327456,2.364936,2.421156,2.712776,2.354087,2.911354,2.705872,1.430184,2.397969,1.767491,2.452415,2.164077,0.151188,3.035856,0.013946,1.929540,1.882182,2.871874,1.841589,1.971422,1.203380,0.024577,3.123807,107.486152
21.853932,-0.050550,1.428595,1.718901,2.211071,2.483294,3.415688,2.922203,1.861916,1.860601,2.326799,2.387293,2.442526,2.718037,2.447787,2.924505,2.724612,1.419875,2.411177,1.722710,2.425997,2.108986,0.176639,2.999452,0.013302,2.063883,1.842233,2.876707,1.803896,1.982375,1.517491,0.030376,3.112210,106.708773
22.069676,-0.057454,1.505857,1.792874,2.275511,2.599021,3.449552,2.946204,1.848437,1.931287,2.383019,2.436280,2.547733,2.785106,2.564172,2.942916,2.807791,1.556795,2.502350,1.800996,2.498806,2.235919,0.312593,2.995263,0.013624,2.123806,1.915365,2.900547,1.866396,2.012981,1.510403,0.273289,3.209826,107.761980
21.570368,-0.001234,1.596927,1.817532,2.440882,2.726585,3.501826,3.020835,1.845478,1.959890,2.434965,2.423458,2.567131,2.813051,2.641433,2.979738,2.890641,1.653767,2.445327,1.848355,2.530701,2.285855,0.349964,2.941462,0.013302,2.149257,1.997839,2.889593,1.950159,2.044553,1.482375,0.435016,3.262339,105.324176
21.826905,0.021123,1.650516,1.831341,2.450088,2.770311,3.513991,3.002752,1.839889,1.953315,2.443184,2.386306,2.566802,2.824230,2.661817,3.003081,2.902477,1.604475,2.390881,1.851898,2.516203,2.246873,0.237851,2.836114,0.013624,2.122839,2.060661,2.870908,2.003960,2.055185,1.427929,0.284565,3.328060,106.576813
22.484222,-0.027207,1.652818,1.859944,2.522747,2.902806,3.544238,2.899847,1.867177,1.973699,2.444170,2.310689,2.557267,2.828175,2.651954,3.064890,2.916943,1.612207,2.419876,1.915687,2.493330,2.269747,0.233663,2.655057,0.012013,2.168587,2.096744,2.835469,2.139592,2.081280,1.438238,0.669552,3.402481,109.786043
23.510771,-0.025234,1.583776,1.808655,2.420499,2.845271,3.533717,2.891299,1.908931,1.948054,2.421485,2.301812,2.551678,2.807791,2.616117,3.038259,2.895573,1.596743,2.316139,1.900223,2.484953,2.288432,0.233663,2.575482,0.011691,2.135726,2.118007,2.866397,2.186306,2.054862,1.353509,0.630892,3.405380,114.798574
23.566473,0.039863,1.551227,1.768216,2.328443,2.460938,3.329551,2.921546,1.929643,1.900054,2.447787,2.339621,2.544445,2.758804,2.488226,2.919244,2.729215,1.665365,2.470134,1.993651,2.615108,2.336757,0.447902,2.845779,0.012657,2.012015,2.362853,2.947583,2.252028,2.260404,1.050673,0.529732,3.337725,115.070434
23.682248,0.012246,1.618297,1.832656,2.403074,2.499404,3.346647,2.934697,1.946082,1.930630,2.456664,2.357703,2.555624,2.756503,2.523733,2.918587,2.743681,1.647001,2.523291,2.103832,2.635082,2.348677,0.455634,2.868008,0.148611,2.055507,2.380250,2.952738,2.309695,2.287788,1.199836,0.687271,3.321295,115.635980
23.682248,0.007643,1.669585,1.891834,2.482636,2.506637,3.321002,2.958697,1.966137,1.942794,2.465212,2.343895,2.551678,2.761106,2.582912,2.928779,2.765051,1.655055,2.468201,2.134437,2.660856,2.351255,0.465944,2.848678,0.159242,2.050352,2.380250,2.940495,2.329025,2.297453,1.188238,0.696614,3.295522,106.762352
20.012492,-0.014056,1.730079,1.914191,2.556281,2.518144,3.360126,2.990916,1.950685,1.980274,2.446472,2.270579,2.545103,2.766695,2.611186,2.933053,2.772284,1.726898,2.553897,2.222066,2.690817,2.411500,0.517490,2.842879,0.322902,2.159888,2.501706,2.965624,2.430185,2.379283,1.170519,0.683727,3.309053,97.717074
11.658126,-0.058112,1.782354,1.916164,2.604939,2.628611,3.384126,2.989930,1.934904,2.046357,2.427074,2.197921,2.540500,2.768010,2.676283,2.978094,2.900504,1.798741,2.536822,2.254605,2.705314,2.434373,0.509114,2.788433,0.269745,2.204992,2.478510,2.969168,2.494296,2.413755,1.050351,0.538109,3.283602,56.924277
1.921857,-0.259320,1.941479,2.076933,2.749270,2.790037,3.499854,2.997821,1.991452,2.204825,2.418526,2.091070,2.502034,2.772613,2.816668,3.120781,3.058972,1.803574,2.354154,2.260404,2.724322,2.547131,0.537142,2.716912,0.012335,2.217878,2.461113,2.961758,2.541332,2.498806,1.112207,0.633792,3.306475,0.000000
-12.140537,-0.527599,1.982575,2.356717,2.895573,3.200672,3.656020,2.935683,1.936219,2.466198,2.442198,2.171948,2.508281,2.779517,2.914970,3.253933,3.254262,1.712079,2.329025,2.192749,2.736565,2.597389,0.503959,2.297775,0.010724,2.301963,2.240430,2.931152,2.505250,2.620263,1.358019,1.008470,3.274581,-59.279730
-15.095264,-0.509188,2.060165,2.394197,2.882093,3.488018,3.803309,2.869271,1.935232,2.426745,2.512226,2.430691,2.497760,2.746968,2.986971,3.385442,3.384784,1.647646,2.310662,2.089334,2.762338,2.571616,0.519745,1.915043,0.009436,2.466268,2.281345,2.813884,2.422453,2.677930,1.432439,0.979797,3.204349,-73.707129
-16.509286,-0.106441,2.006904,2.207784,2.682529,3.775035,4.039367,2.768010,1.589036,2.004274,2.415238,2.518144,2.124605,2.624666,2.839682,3.618869,3.463689,1.449836,2.028767,2.011048,2.746552,2.634760,0.560982,1.794553,0.391201,2.538111,2.136370,2.476255,2.197260,2.571294,1.491718,1.196614,3.385406,-80.611762
-17.704249,-0.117619,2.010192,2.212058,2.684831,3.810542,4.048901,2.774585,1.545309,1.964493,2.499075,2.304114,2.005261,2.565816,2.809764,3.647801,3.476182,1.435661,2.013625,2.040687,2.766204,2.672131,0.793263,1.781022,0.166652,2.524902,1.982697,2.300997,2.189528,2.519103,1.357052,1.110274,3.427610,-86.446320
-18.271628,-0.121565,2.000000,2.151893,2.675296,3.807912,4.044956,2.770969,1.570296,1.963178,2.485267,2.277154,2.001315,2.563185,2.795626,3.650102,3.475854,1.454024,2.023290,2.011370,2.766848,2.666010,0.764269,1.744617,0.356730,2.538755,1.998484,2.350610,2.244296,2.497196,1.271679,1.003959,3.419233,-89.217004
-19.369076,-0.128140,1.983562,2.192660,2.640118,3.806926,4.040024,2.751242,1.554844,1.950685,2.452389,2.227510,1.989480,2.552336,2.793983,3.644842,3.473223,1.441782,2.000094,1.980764,2.756861,2.628317,0.633792,1.681151,0.324835,2.529734,1.962079,2.325159,2.256860,2.503961,1.133148,0.936305,3.392171,-94.575809
-19.363811,-0.129127,2.000658,2.192003,2.615131,3.812515,4.037065,2.732502,1.563721,1.943780,2.447787,2.209756,1.981589,2.555952,2.801873,3.638266,3.466977,1.439849,1.973677,1.962079,2.714013,2.580636,0.511691,1.606408,0.356085,2.540366,2.020391,2.413755,2.358342,2.598356,0.962078,1.033921,3.375097,-94.550012
-19.523927,-0.124195,2.007233,2.188057,2.612501,3.818433,4.032791,2.709160,1.549583,1.939835,2.442855,2.184112,1.976986,2.552993,2.808777,3.634650,3.457771,1.410210,1.888947,1.918587,2.686307,2.554219,0.510725,1.389913,0.407310,2.540688,1.997195,2.439206,2.467234,2.633794,0.722387,1.035209,3.432764,-95.331855
-19.888734,-0.135044,2.011836,2.174249,2.600008,3.813830,4.030819,2.699297,1.564049,1.953972,2.435622,2.176222,1.971726,2.550035,2.794640,3.632020,3.455141,1.392491,1.779733,1.870906,2.683407,2.532312,0.504603,1.370583,0.387013,2.528768,2.004927,2.456281,2.483665,2.646358,0.502993,0.713689,3.444040,-97.112832
-19.609140,-0.132743,2.012165,2.162742,2.606912,3.831584,4.031147,2.684173,1.558131,1.951671,2.423786,2.171948,1.965808,2.545760,2.775571,3.632020,3.449223,1.371550,1.429217,1.856086,2.668588,2.499773,0.482696,1.212722,0.608018,2.510727,1.943071,2.506861,2.502028,2.637338,0.322258,0.503637,3.463048,-95.747582
-20.038883,-0.144908,2.015124,2.146303,2.588501,3.842433,4.028189,2.671680,1.577858,1.957918,2.415567,2.167345,1.953315,2.558911,2.795626,3.632020,3.444949,1.294875,1.467877,1.804540,2.585791,2.467234,0.450158,1.061305,0.215621,2.431796,1.918264,2.577737,2.480443,2.635082,0.288753,0.497838,3.472713,-97.846059
-20.132408,-0.152141,1.997370,2.118687,2.552007,3.828296,4.017010,2.615131,1.567337,1.944109,2.383676,2.151564,1.943780,2.567459,2.792010,3.623472,3.440018,1.312916,1.659888,1.726576,2.480121,2.432440,0.404732,1.117684,0.148933,2.394747,2.076770,2.654090,2.409889,2.632827,0.333856,0.773934,3.458215,-98.302961
-20.224698,-0.148195,2.023343,2.125262,2.571076,3.831584,4.018654,2.660830,1.586406,1.963835,2.395183,2.148276,1.944767,2.566802,2.792010,3.622485,3.438374,1.387336,1.769102,1.759115,2.476899,2.424708,0.414719,1.209501,0.300029,2.432440,2.175675,2.685985,2.373162,2.604477,0.778766,1.137014,3.375419,-98.753414
-20.394349,-0.095592,2.025316,2.132824,2.595734,3.827967,4.020298,2.714420,1.592652,1.964822,2.395512,2.142029,1.941808,2.575350,2.785435,3.620513,3.442648,1.392491,1.822259,1.805507,2.531345,2.432762,0.435338,1.237851,0.376704,2.448549,2.190494,2.734632,2.403445,2.626062,1.053895,1.332246,3.389272,-99.581891
-20.240916,-0.111373,2.021699,2.145646,2.596391,3.819419,4.019640,2.753215,1.582461,1.962849,2.390581,2.141043,1.928657,2.567788,2.775571,3.616239,3.445935,1.410210,1.821293,1.783277,2.509760,2.427608,0.396678,1.262336,0.376060,2.454992,2.137337,2.702415,2.434051,2.668588,1.143135,1.341266,3.423422,-98.832789
-20.419167,-0.112359,2.013151,2.138084,2.600336,3.812844,4.019640,2.756503,1.579502,1.959561,2.389923,2.144988,1.934246,2.576994,2.776558,3.615581,3.445607,1.398934,1.820326,1.767169,2.532312,2.419554,0.385080,1.247516,0.390879,2.461757,2.140236,2.661500,2.496873,2.701126,1.267491,1.346421,3.481089,-99.702937
-20.315565,-0.110386,2.004932,2.108495,2.597049,3.806597,4.017997,2.758804,1.568323,1.950027,2.384663,2.143673,1.916821,2.566802,2.767352,3.622814,3.445935,1.418586,1.837079,1.795519,2.555185,2.418909,0.379926,1.259114,0.347387,2.496551,2.239141,2.614786,2.511049,2.748807,1.267813,1.339011,3.476901,-99.196922
-20.563493,-0.100852,1.992767,2.114413,2.583898,3.793775,4.015038,2.749927,1.565036,1.939178,2.381704,2.133810,1.895122,2.571076,2.768010,3.628403,3.447579,1.425674,1.871550,1.782311,2.559696,2.435984,0.395712,1.244617,0.357696,2.524257,2.317427,2.584180,2.502672,2.734632,1.188560,1.330635,3.466592,-100.407887
-20.409511,-0.105126,2.000987,2.111454,2.579295,3.800022,4.010764,2.736119,1.564049,1.935232,2.380717,2.132495,1.894136,2.570747,2.783791,3.625116,3.442648,1.423419,1.842556,1.776834,2.537466,2.431796,0.376704,1.196292,0.310016,2.516848,2.361242,2.588368,2.496551,2.710147,1.088367,1.322259,3.422455,-99.655809
-20.941057,-0.116304,1.991781,2.076933,2.573706,3.801665,4.011421,2.724283,1.520323,1.934904,2.380717,2.129207,1.886903,2.569761,2.790695,3.628732,3.441990,1.408277,1.782633,1.750416,2.506538,2.412788,0.331601,1.092233,0.261691,2.495585,2.340945,2.580636,2.464335,2.655379,1.037787,1.303895,3.466592,-102.251371
-21.467986,-0.117948,1.987507,2.076275,2.567788,3.805611,4.010435,2.723954,1.518350,1.923397,2.383019,2.122632,1.884930,2.569761,2.810750,3.631033,3.439031,1.431150,1.779411,1.758470,2.498806,2.428897,0.385402,1.095777,0.243328,2.536500,2.359309,2.583536,2.440494,2.652479,1.000416,1.257181,3.459182,-104.824113
-21.650003,-0.115647,1.977973,2.078248,2.572391,3.806268,4.004517,2.717050,1.517364,1.928986,2.379731,2.122632,1.878684,2.570747,2.812394,3.635965,3.438374,1.474965,1.861885,1.868651,2.599644,2.462402,0.446292,1.164076,0.390557,2.566461,2.441461,2.641204,2.534567,2.796487,1.138947,1.342555,3.493009,-105.713113
-21.759295,-0.117948,1.994082,2.047672,2.583240,3.806268,4.005503,2.722311,1.561090,1.938191,2.378087,2.123947,1.885588,2.573377,2.847901,3.636951,3.438045,1.480442,1.935339,1.868651,2.675353,2.465623,0.455312,1.285854,0.449835,2.581281,2.470134,2.688562,2.568716,2.833214,1.275867,1.932118,3.514917,-106.246414
-22.052998,-0.125181,1.982575,2.071344,2.570418,3.804624,4.001887,2.716064,1.522295,1.936219,2.373484,2.108495,1.870136,2.575350,2.857764,3.632020,3.432785,1.504604,1.932118,1.871228,2.657634,2.480121,0.440815,1.297452,0.528122,2.581603,2.493652,2.691784,2.562273,2.843201,1.402800,2.004927,3.516850,-107.680621
-21.977741,-0.127154,1.995397,2.062138,2.572062,3.793775,3.995969,2.716064,1.523282,1.937862,2.373484,2.103563,1.871122,2.573377,2.846586,3.634321,3.430812,1.514591,1.901512,1.863174,2.637982,2.491397,0.431794,1.329991,0.524900,2.581281,2.494940,2.702415,2.573871,2.927287,1.435661,2.043587,3.515883,-107.313016
-22.158891,-0.125181,2.009206,2.049645,2.567788,3.791802,3.995311,2.709160,1.522953,1.944109,2.368882,2.096330,1.863231,2.572391,2.846257,3.641883,3.435744,1.515880,1.890558,1.864463,2.675353,2.493974,0.431472,1.352220,0.517168,2.579348,2.497196,2.696616,2.571294,2.933730,1.444359,2.046164,3.533924,-108.197551
-21.522273,-0.124195,1.994082,2.041754,2.564172,3.804953,3.990380,2.708173,1.516049,1.943452,2.359018,2.089426,1.853039,2.576994,2.849216,3.642869,3.430483,1.518779,1.887337,1.849643,2.707570,2.494296,0.428250,1.435661,0.562915,2.579992,2.496551,2.692428,2.566461,2.932119,1.429862,2.002350,3.535857,-105.089027
-22.132121,-0.162661,1.984548,2.018411,2.548391,3.798707,3.982161,2.672995,1.505528,1.936876,2.346525,2.081536,1.848437,2.577980,2.885381,3.637280,3.429826,1.515236,1.859308,1.842233,2.675997,2.493652,0.420841,1.368650,0.601253,2.581603,2.497196,2.685662,2.561629,2.913756,1.394101,2.023290,3.523615,-108.067078
-22.034828,-0.138003,1.991452,1.997370,2.543788,3.807255,3.980188,2.672666,1.508158,1.931287,2.344881,2.050960,1.842190,2.572062,2.896559,3.628074,3.426538,1.513947,1.843200,1.839334,2.651835,2.488175,0.404088,1.271034,0.613173,2.581925,2.492685,2.693394,2.554541,2.914400,1.401189,1.980442,3.495909,-107.591820
-22.188780,-0.152141,1.976329,1.991123,2.505322,3.795748,3.975256,2.652282,1.496980,1.921424,2.330415,2.029590,1.833971,2.572391,2.885381,3.606704,3.412730,1.509437,1.811628,1.832568,2.606088,2.485598,0.400544,1.152155,0.593199,2.586113,2.492363,2.676964,2.552930,2.922454,1.394101,1.942105,3.498808,-108.343898
-21.897194,-0.113674,1.999671,1.973041,2.499075,3.792460,3.970654,2.650310,1.496651,1.918465,2.329758,2.024001,1.831012,2.570418,2.885052,3.601115,3.412401,1.512658,1.863496,1.851576,2.667943,2.485920,0.419230,1.326769,0.598031,2.575160,2.487853,2.684052,2.551964,2.919877,1.407310,1.950481,3.506540,-106.920109
-22.466261,-0.117291,2.011507,1.987507,2.500719,3.796734,3.971969,2.642419,1.495665,1.916821,2.336991,2.024001,1.839231,2.567788,2.894258,3.609663,3.416346,1.513303,1.866074,1.846099,2.666655,2.479476,0.428572,1.338045,0.581601,2.566461,2.477221,2.670521,2.546487,2.914400,1.389591,1.961112,3.507829,-109.698730
-22.337723,-0.137017,2.017754,2.003288,2.519788,3.811200,3.980846,2.647351,1.490405,1.921424,2.321210,2.018411,1.849423,2.561213,2.904121,3.631362,3.417661,1.516846,1.853187,1.849321,2.694361,2.508149,0.453701,1.261692,0.546485,2.583536,2.492041,2.664077,2.537144,2.925676,1.423419,2.002672,3.518783,-109.070676
-22.505147,-0.137017,2.012494,2.012822,2.522418,3.831255,3.984462,2.629926,1.487446,1.926684,2.326141,1.999014,1.849094,2.560226,2.954752,3.654705,3.411743,1.510725,1.867362,1.845455,2.707892,2.511693,0.475931,1.386047,0.587722,2.602544,2.510082,2.650869,2.545843,2.961436,1.549063,2.061628,3.544878,-109.888238
-22.735515,-0.145236,2.007562,2.017096,2.521760,3.841775,3.991366,2.645049,1.486459,1.928657,2.322525,1.993425,1.847779,2.578638,2.979081,3.672459,3.421278,1.508470,1.857375,1.842878,2.693717,2.510082,0.465299,1.386692,0.599320,2.602222,2.513626,2.653768,2.543910,2.954671,1.555184,2.098355,3.551321,-111.013379
-22.505805,-0.160689,2.009206,2.048658,2.517157,3.858543,3.995311,2.640447,1.478898,1.921424,2.320223,1.964493,1.847450,2.587514,3.009328,3.689555,3.431470,1.507181,1.834179,1.848355,2.687273,2.512660,0.480763,1.366073,0.578379,2.603510,2.527157,2.634116,2.523291,2.936307,1.551962,2.089979,3.541012,-109.891711
-21.773304,-0.168579,2.018083,2.075289,2.514856,3.874324,3.995311,2.642090,1.479555,1.932931,2.323840,1.987507,1.854355,2.593761,3.014259,3.707308,3.447908,1.515880,1.826769,1.847066,2.699838,2.540688,0.483663,1.400867,0.570969,2.606410,2.529734,2.649258,2.535211,2.939207,1.708213,2.098033,3.553576,-106.314875
-21.544590,-0.137017,2.031562,2.071015,2.528993,3.884844,3.997284,2.625652,1.478569,1.934246,2.321210,1.985863,1.858957,2.631899,3.032342,3.723747,3.450538,1.516524,1.818715,1.886048,2.705959,2.542621,0.486884,1.466266,0.586111,2.603832,2.515559,2.695972,2.551319,2.936951,2.014914,2.098355,3.553254,-105.198168
-21.676471,-0.151154,2.033206,2.076604,2.527678,3.887803,3.992024,2.632556,1.473308,1.935232,2.323840,1.989480,1.864218,2.661817,3.047465,3.725719,3.439689,1.516846,1.894102,1.888625,2.712080,2.552286,0.465621,1.473676,0.542297,2.601577,2.456925,2.679541,2.566139,2.937596,2.062917,2.181473,3.548744,-105.842098
-21.139609,-0.161346,2.026960,2.060823,2.547076,3.884844,3.979859,2.602967,1.464760,1.927342,2.307073,1.972055,1.850081,2.649323,3.041218,3.724733,3.414045,1.517169,1.890236,1.891203,2.736565,2.559696,0.473676,1.504926,0.462722,2.602544,2.444360,2.683729,2.614464,2.941140,2.075481,2.184695,3.558731,-103.220738
-20.661549,-0.141291,2.016110,2.056220,2.558254,3.879255,3.971640,2.581268,1.461473,1.923068,2.301812,1.963178,1.842848,2.637816,3.033657,3.718815,3.396949,1.511692,1.899579,1.879282,2.735598,2.554219,0.466910,1.513947,0.558727,2.595456,2.483665,2.704348,2.644747,2.946616,2.076125,2.174064,3.554221,-100.886617
-20.299165,-0.120578,2.016110,2.011836,2.525377,3.849995,3.934160,2.575350,1.435171,1.914191,2.279127,1.905314,1.773148,2.581597,3.000451,3.684623,3.361113,1.465300,1.868007,1.842233,2.714335,2.509116,0.477542,1.448225,0.448225,2.579026,2.484631,2.702093,2.628639,2.929864,2.062594,2.181473,3.532313,-99.117051
-19.899861,-0.128469,1.998685,1.989151,2.517486,3.826323,3.913448,2.589487,1.423664,1.906300,2.292935,1.876711,1.672544,2.562857,2.997492,3.664568,3.303249,1.462723,1.829991,1.835468,2.715624,2.507183,0.478508,1.500416,0.429217,2.559696,2.462080,2.721423,2.647969,2.927287,2.072259,2.178896,3.516850,-97.167402
-19.754334,-0.120578,1.995069,1.964493,2.478362,3.796076,3.913119,2.582912,1.426294,1.894465,2.298853,1.829697,1.664653,2.550035,2.979409,3.645828,3.283851,1.458212,1.845455,1.833213,2.707570,2.478510,0.454668,1.531988,0.458534,2.546809,2.431474,2.711758,2.627995,2.917299,2.080314,2.173097,3.471102,-96.456500
-19.409691,-0.119921,1.974356,1.969425,2.433650,3.778652,3.907530,2.587843,1.428924,1.899725,2.291292,1.794189,1.651503,2.558583,2.957053,3.619526,3.253276,1.439527,1.850932,1.827414,2.704026,2.474966,0.455957,1.545197,0.421807,2.541010,2.411500,2.699838,2.620263,2.913111,2.070326,2.136692,3.432120,-94.773750
-19.348820,-0.101181,1.954959,1.943780,2.418855,3.788843,3.911475,2.581925,1.427280,1.877697,2.287346,1.766901,1.668927,2.547076,2.981053,3.599800,3.271687,1.433406,1.864785,1.823226,2.678897,2.487208,0.451446,1.528767,0.426962,2.539721,2.391847,2.679541,2.618008,2.902480,2.152479,2.128638,3.388950,-94.476590
-18.776476,-0.110386,1.947068,1.944438,2.423129,3.791802,3.920023,2.581268,1.414458,1.877697,2.300826,1.790244,1.787285,2.606254,2.974149,3.626102,3.271029,1.419230,1.855764,1.809050,2.695005,2.494940,0.462400,1.533277,0.441781,2.541332,2.366719,2.660211,2.609953,2.891204,2.175352,2.125417,3.361888,-91.682094
-18.807784,-0.149510,1.943452,1.926027,2.418197,3.813830,3.929886,2.541486,1.395718,1.873095,2.290634,1.729750,1.777093,2.624337,3.027739,3.657993,3.258207,1.407632,1.817749,1.796164,2.676642,2.489786,0.450480,1.431795,0.418908,2.524902,2.297131,2.625740,2.575160,2.864786,2.168265,2.131538,3.328705,-91.834891
-18.078409,-0.194224,1.912876,1.927342,2.354416,3.831584,3.917722,2.527349,1.367773,1.899067,2.281100,1.659722,1.705421,2.657543,3.040561,3.666212,3.243741,1.425674,1.820326,1.797130,2.694039,2.518136,0.461755,1.288109,0.375415,2.568072,2.250417,2.606410,2.577737,2.876062,2.219489,2.144747,3.425999,-88.273434
-14.030630,-0.202114,1.898410,1.921095,2.421485,3.845721,3.910817,2.514527,1.354951,1.904328,2.304442,1.679777,1.765258,2.696009,3.037602,3.669500,3.227632,1.418264,1.846422,1.812594,2.732376,2.636371,0.499771,1.274578,0.273611,2.569683,2.194360,2.633149,2.574515,2.882183,2.184373,2.164077,3.534569,-68.509059
-4.322566,-0.194552,1.912547,1.948712,2.440225,3.828953,3.917064,2.492500,1.331279,1.893807,2.262689,1.718572,1.865533,2.707845,3.026095,3.648458,3.209549,1.394101,2.174064,2.098355,2.840946,2.707570,0.836434,1.572581,0.384758,2.643459,2.197904,2.690173,2.587402,2.879284,2.171486,2.284566,3.570973,-21.106309
6.142173,-0.264910,1.914520,1.923725,2.456006,3.779638,3.831584,2.531623,1.380924,1.928657,2.213373,1.902026,1.971397,2.720667,3.020835,3.591252,3.161220,1.553895,2.195327,2.128316,2.866075,2.711436,0.969810,1.727865,0.382825,2.633794,2.180185,2.867042,2.575482,2.748162,2.108664,2.273935,3.554221,29.990852
8.018113,-0.105126,1.659722,1.774792,2.089755,3.582047,3.641883,2.097645,1.301361,1.757367,1.998356,1.863889,2.030247,2.681543,2.860066,3.392017,2.852175,1.785210,2.511693,2.251706,2.903446,2.720456,1.069681,1.815171,0.042297,2.681152,2.272646,2.988176,2.554219,2.569038,2.208213,2.293909,3.509440,39.150727
13.627413,-0.061728,1.735011,1.781039,2.125920,3.339742,3.549827,2.474417,1.590022,1.804381,2.277812,2.254469,2.063782,2.756174,2.698310,3.203631,2.792996,1.917942,2.871874,2.411500,3.024903,2.744941,1.776834,2.843523,0.511047,2.743974,2.293587,2.939529,2.603832,2.562595,2.310984,2.150546,3.428254,66.540062
17.028893,0.175974,1.772490,1.752764,2.044056,3.105329,3.463360,2.571733,1.615338,1.606461,2.218962,2.295894,2.078577,2.736119,2.455677,3.096123,2.765708,1.882826,2.876707,2.386693,2.999129,2.739786,1.758470,3.127029,0.014913,2.671487,2.300997,2.961436,2.645070,2.552930,2.293909,2.154412,3.420522,83.148785
20.148542,0.311757,1.725147,1.732709,1.946411,2.820284,3.495909,2.749927,1.480213,1.573584,2.338963,2.336991,2.199236,2.724283,2.432334,3.035629,2.769654,1.838690,2.882183,2.287788,2.959181,2.635727,1.638303,3.116720,0.292619,2.514270,2.345778,2.932119,2.584180,2.434373,2.116396,1.923741,3.395071,98.381344
22.451535,0.024081,1.483172,1.680434,2.167016,2.825873,3.417332,2.721653,1.589036,1.754079,2.294908,2.193975,2.140714,2.717379,2.393868,2.996177,2.697981,1.420841,2.638626,1.781666,2.749451,2.347711,0.808405,2.657634,0.012013,2.123162,1.883471,2.824838,2.210468,2.132504,1.386047,1.094166,3.216269,109.626797
22.801128,-0.210991,1.306292,1.547611,2.198249,2.842312,3.405497,2.730530,1.576543,1.832327,2.287346,2.105536,2.082522,2.686475,2.446143,2.986971,2.701598,1.009758,2.082247,0.877349,2.312595,1.932762,0.089655,1.720455,0.007181,1.409888,1.718200,2.672776,1.657955,1.842556,0.301962,0.001382,2.822583,111.333855
23.770610,-0.236964,1.284922,1.555830,2.242305,2.791352,3.435086,2.917929,1.595611,1.865204,2.308388,2.137755,2.096330,2.683187,2.449431,2.966259,2.691406,0.935983,2.003638,0.798096,2.221422,1.943715,0.079023,1.644424,0.006858,1.258470,1.688561,2.607376,1.487207,1.684695,0.583856,0.002670,2.539721,116.067582
24.111193,-0.255046,1.280648,1.543994,2.222250,2.726256,3.420291,2.923190,1.565693,1.883286,2.342909,2.146632,2.124276,2.681543,2.431348,2.955738,2.700940,0.962722,2.084502,0.824513,2.415366,1.947904,0.353186,1.658277,0.006858,1.396679,1.624450,2.653768,1.603831,1.757182,1.060338,0.004281,2.566139,117.730488
23.927340,-0.205073,1.251388,1.499281,2.190688,2.627296,3.396291,2.935354,1.558789,1.827395,2.317265,2.163728,2.087125,2.663132,2.400444,2.944231,2.684831,1.064204,2.259760,0.892168,2.597711,1.932118,0.763946,1.635725,0.047129,1.547774,1.710146,2.663111,1.615429,1.826125,1.168264,0.224642,2.625417,116.832559
23.376782,-0.203100,1.237579,1.449308,2.180496,2.596720,3.377551,2.953765,1.655448,1.812601,2.310360,2.166030,2.073974,2.647022,2.374799,2.937984,2.648666,1.158921,2.192749,0.902155,2.452737,1.932440,0.199513,1.739140,0.047129,1.589978,1.730120,2.653124,1.601898,1.786499,1.170519,0.189526,2.553575,114.144227
23.437501,-0.193237,1.239881,1.504213,2.197592,2.590802,3.370647,2.957382,1.651831,1.814573,2.312991,2.192660,2.160769,2.663461,2.389265,2.939628,2.657543,1.175996,2.209180,0.907632,2.427286,1.935661,0.186304,1.743329,0.065170,1.604153,1.723032,2.647969,1.604153,1.790687,1.164076,0.165041,2.586113,114.440891
23.586681,-0.172196,1.275059,1.529857,2.202523,2.581268,3.356510,2.960012,1.653804,1.806683,2.334689,2.215017,2.190688,2.672009,2.387293,2.937327,2.659515,1.187916,2.281989,0.915042,2.473355,1.929540,0.366717,1.776189,0.074513,1.603509,1.662787,2.656345,1.617684,1.801641,1.304540,0.189526,2.627028,115.169156
24.176505,-0.157730,1.292155,1.528542,2.194962,2.568117,3.352236,2.953437,1.648215,1.805368,2.327785,2.220606,2.208441,2.667735,2.379731,2.934697,2.643734,1.108985,2.355121,0.925673,2.598356,1.930507,0.763302,1.725932,0.077413,1.601576,1.608341,2.664722,1.622194,1.909244,1.337078,0.297773,2.625740,118.049477
24.439275,-0.137017,1.296101,1.549255,2.181811,2.558911,3.344016,2.949163,1.654133,1.796162,2.337648,2.222907,2.200222,2.669707,2.350799,2.934697,2.635186,1.187594,2.411822,0.935660,2.606088,1.928896,0.751704,1.726576,0.074513,1.627349,1.584501,2.667299,1.653122,1.940494,1.350287,0.352864,2.987209,119.332375
24.710005,-0.106770,1.318457,1.599557,2.194962,2.539185,3.335140,2.937327,1.658078,1.782682,2.347840,2.243291,2.220277,2.687132,2.345210,2.935354,2.641433,1.083212,2.495585,0.919230,2.631216,1.932440,0.843199,1.687272,0.050351,1.594810,1.560983,2.657956,1.655378,1.940494,1.374127,0.367039,3.118009,120.654465
24.048058,-0.096907,1.322073,1.596598,2.181811,2.510253,3.324290,2.917272,1.663338,1.779723,2.351786,2.221592,2.212387,2.679899,2.320223,2.929108,2.648337,1.179217,2.558729,0.935016,2.657312,1.929218,0.953702,1.688883,0.093521,1.618329,1.534243,2.663755,1.657311,1.966267,1.411176,0.514591,3.115753,117.421918
23.822266,-0.098551,1.311553,1.603502,2.182797,2.493486,3.318372,2.921217,1.716599,1.781696,2.361320,2.251510,2.282415,2.688447,2.326141,2.930751,2.659844,1.240751,2.603832,0.994294,2.625417,1.997517,0.754281,1.894746,0.586111,1.678896,1.679862,2.687918,1.651189,1.973355,1.381859,0.523289,3.144748,116.319598
23.394566,-0.110715,1.244812,1.597913,2.188386,2.488226,3.314427,2.913327,1.823450,1.781039,2.359018,2.227181,2.300168,2.699954,2.320223,2.932724,2.659515,1.279411,2.590301,1.051962,2.584825,2.038110,0.429217,2.100288,0.598998,1.815494,1.729153,2.730766,1.653122,1.954025,1.397645,0.590299,3.156346,114.231043
22.951370,-0.055153,1.291169,1.595940,2.157482,2.447129,3.287797,2.913327,1.829368,1.770518,2.366580,2.229483,2.294908,2.692392,2.310360,2.923847,2.666091,1.302284,2.539721,1.124127,2.486886,1.989785,0.109951,2.223033,0.650222,1.888625,1.794875,2.756539,1.642491,1.945648,1.379926,0.581279,3.186308,112.067082
22.734837,0.024081,1.364814,1.641311,2.119344,2.386635,3.278262,2.923518,1.965808,1.778408,2.355073,2.243949,2.295566,2.697981,2.282086,2.918916,2.659515,1.304540,2.472389,1.119617,2.361242,1.941460,0.067425,2.377350,0.698547,1.919875,1.910210,2.793910,1.667942,1.922453,1.372516,0.568392,3.183086,111.009906
22.666381,0.032630,1.414130,1.658078,2.117372,2.380060,3.271358,2.935683,1.981589,1.780052,2.378416,2.288661,2.340936,2.709160,2.280771,2.918258,2.663132,1.303251,2.391525,1.121550,2.142491,1.963045,0.010724,2.643781,0.736562,1.919553,1.972388,2.803897,1.760403,1.893780,1.351576,0.514591,3.093202,110.675539
22.748794,0.017506,1.406239,1.652160,2.096330,2.380389,3.273988,2.938313,1.971726,1.780381,2.382361,2.276168,2.298853,2.704228,2.271894,2.908724,2.653269,1.291331,2.336435,1.100609,2.088046,1.973677,0.010402,2.555830,0.686305,1.919231,2.012337,2.796487,1.756537,1.878316,1.350931,0.475931,3.083215,111.077871
22.085721,0.011917,1.395390,1.640982,2.073645,2.374142,3.266098,2.921217,1.950027,1.776765,2.370525,2.260058,2.287675,2.704886,2.255784,2.893271,2.640775,1.281344,2.176319,1.063882,2.040043,1.971100,0.008469,2.435984,0.610274,1.925674,1.986563,2.784245,1.747195,1.885726,1.348354,0.388302,3.108344,107.840363
22.363276,0.015205,1.393417,1.657749,2.073316,2.366251,3.257878,2.911025,1.958246,1.773148,2.390581,2.237702,2.270579,2.694365,2.249866,2.890313,2.642748,1.276511,2.091589,1.054539,2.030700,1.968522,0.009114,2.363175,0.531987,1.913754,1.980120,2.784567,1.760726,1.886048,1.336756,0.290364,3.116076,109.195691
22.277633,0.018164,1.405910,1.655448,2.009535,2.301484,3.241111,2.889984,1.959890,1.760983,2.397813,2.239346,2.223565,2.693050,2.221921,2.886039,2.637159,1.294230,2.088368,1.089011,2.024901,1.964978,0.009758,2.451448,0.655699,1.902800,1.998484,2.800675,1.785532,1.915365,1.327735,0.296807,3.142171,108.777484
22.418559,0.093124,1.398020,1.646900,2.024658,2.273209,3.221385,2.860723,1.921424,1.701805,2.393211,2.335676,2.222907,2.697653,2.226195,2.878806,2.640775,1.310983,2.530379,1.354797,2.216267,1.935017,0.008791,2.714657,0.489462,1.872839,1.930829,2.805830,1.774901,1.918909,1.361885,0.510402,3.102867,109.465566
22.143055,0.081288,1.423664,1.662681,2.081864,2.265647,3.212837,2.852175,1.821149,1.732709,2.415238,2.394197,2.273538,2.709817,2.248551,2.883408,2.646693,1.309372,2.523935,1.374449,2.251383,1.930829,0.009114,2.759438,0.543263,1.850932,1.929540,2.806152,1.799063,1.922775,1.349643,0.558727,3.083537,108.120160
22.986095,0.098055,1.478898,1.698188,2.127892,2.275182,3.212179,2.874532,1.834957,1.754079,2.425101,2.418526,2.357046,2.705543,2.284387,2.904450,2.669050,1.307439,2.538755,1.391202,2.268458,1.930829,0.009114,2.800353,0.578379,1.853509,1.920197,2.813240,1.808728,1.927929,1.342233,0.565493,3.054864,112.236746
23.217322,0.118768,1.475610,1.684051,2.106193,2.314963,3.257221,2.886039,1.868163,1.750463,2.416225,2.353429,2.330744,2.709160,2.279785,2.908395,2.676283,1.347388,2.535855,1.409243,2.294231,1.932440,0.009758,2.768459,0.544874,1.869940,1.891525,2.811951,1.798741,1.936950,1.375094,0.531987,3.007506,113.365855
23.589105,0.120083,1.468377,1.697202,2.136112,2.357046,3.289112,2.924505,1.870136,1.756052,2.410307,2.355731,2.360662,2.711132,2.282744,2.917601,2.688447,1.368328,2.551642,1.437272,2.364141,1.933728,0.071614,2.739464,0.314848,1.908277,1.926641,2.797776,1.792298,1.952736,1.416975,0.565493,3.076449,115.181063
23.419620,0.120083,1.482185,1.728435,2.174907,2.369539,3.292071,2.926806,1.866519,1.759011,2.410636,2.339950,2.385320,2.714091,2.287346,2.915628,2.694365,1.380571,2.504928,1.496872,2.363819,1.935661,0.084178,2.715946,0.507181,1.916976,1.952736,2.795521,1.813883,1.952736,1.403444,0.507181,3.101900,114.353578
23.074947,0.106603,1.487446,1.731394,2.195290,2.392882,3.299632,2.933710,1.851067,1.773477,2.368882,2.347183,2.413923,2.705214,2.290305,2.919244,2.707516,1.381859,2.400546,1.457890,2.273291,1.936628,0.008469,2.663111,0.570325,1.896679,1.969167,2.814206,1.810017,1.949192,1.351898,0.390879,3.102222,112.670828
23.744990,0.087863,1.460815,1.711668,2.190030,2.393539,3.325277,2.931409,1.854683,1.765915,2.377758,2.319237,2.414581,2.696338,2.280442,2.917272,2.709817,1.337078,2.335146,1.382826,2.167943,1.944360,0.008791,2.719168,0.216910,1.884115,1.977865,2.820005,1.818715,1.929862,1.317748,0.269101,3.088047,115.942566
23.126993,0.096740,1.464760,1.714627,2.184441,2.381704,3.323961,2.920231,1.851396,1.763285,2.397485,2.326470,2.417211,2.707187,2.281757,2.914642,2.713763,1.334823,2.309373,1.341266,2.136370,1.949837,0.010080,2.730443,0.213688,1.879605,1.983020,2.810663,1.812272,1.930829,1.305184,0.229474,3.073227,112.924828
23.126993,0.111535,1.437801,1.681750,2.137427,2.358032,3.301276,2.911683,1.851396,1.747175,2.390252,2.312004,2.409320,2.683516,2.268278,2.906094,2.690420,1.335790,2.296487,1.389913,2.157955,1.943715,0.009114,2.715946,0.088688,1.882182,1.997839,2.809374,1.792942,1.943393,1.309694,0.177284,3.032312,113.387684
22.723183,0.112192,1.431554,1.673859,2.129536,2.344881,3.292399,2.911025,1.851724,1.743230,2.403074,2.300497,2.407348,2.677598,2.272880,2.902148,2.677269,1.345132,2.266525,1.390880,2.174386,1.947904,0.009758,2.750095,0.156021,1.871228,2.004283,2.814851,1.815171,1.949192,1.302607,0.006214,3.015238,110.952855
21.987731,0.094768,1.401636,1.670243,2.105865,2.309374,3.294372,2.898532,1.915506,1.734024,2.400772,2.288661,2.397485,2.672337,2.261045,2.880449,2.655241,1.341911,2.208535,1.382181,2.175352,1.948548,0.009758,2.740753,0.122516,1.884115,1.966589,2.805830,1.808406,1.950481,1.284243,0.005892,3.014593,107.362129
20.957914,0.116138,1.387170,1.644927,2.048001,2.269593,3.291413,2.876504,1.936219,1.711010,2.389265,2.278798,2.385978,2.669707,2.233428,2.854477,2.639789,1.330313,2.143458,1.395068,2.186628,1.943715,0.009436,2.702737,0.241072,1.896679,2.020069,2.809374,1.802607,1.959824,1.297774,0.152799,3.039078,102.333723
20.950509,0.074384,1.356266,1.615338,1.955287,2.168989,3.246371,2.817325,1.691613,1.686024,2.414252,2.256442,2.359676,2.659515,2.156824,2.819956,2.591131,1.300351,2.021035,1.235918,2.142169,1.963690,0.009114,2.572260,0.487529,1.874128,2.020391,2.791977,1.779411,1.936306,1.285532,0.217232,3.053253,102.297508
20.948469,0.081617,1.361526,1.614351,1.923725,2.111454,3.225330,2.789709,1.682736,1.668599,2.409649,2.261373,2.357046,2.653597,2.134797,2.794311,2.591131,1.281344,2.033600,1.162787,2.157633,1.964978,0.009436,2.628961,0.281021,1.869295,2.009759,2.792621,1.792620,1.941782,1.269746,0.145389,3.032312,102.287586
20.529608,0.104302,1.371060,1.600543,1.912547,2.080220,3.194754,2.781161,1.855670,1.660379,2.388608,2.264332,2.366580,2.640447,2.136440,2.792010,2.574035,1.276833,1.998161,1.185661,2.172453,1.954991,0.009436,2.699515,0.537464,1.864463,2.021035,2.794554,1.779089,1.940816,1.290042,0.018134,3.023292,100.242191
20.462097,0.097398,1.381910,1.591995,1.973041,2.089097,3.200015,2.770969,1.877040,1.673530,2.427074,2.253154,2.366251,2.646364,2.166687,2.795626,2.578309,1.284887,2.022002,1.208212,2.173742,1.957891,0.009436,2.657634,0.363173,1.861885,2.032955,2.792943,1.782955,1.935983,1.281666,0.005570,2.999129,99.912785
20.969205,0.078658,1.388157,1.625530,2.006576,2.148934,3.240782,2.803517,1.929314,1.752107,2.441540,2.232442,2.364608,2.661817,2.213373,2.807791,2.559898,1.317748,2.040365,1.381215,2.178252,1.958213,0.009758,2.627028,0.400866,1.854798,2.000417,2.787145,1.766847,1.927607,1.300351,0.205312,2.959825,102.388789
20.706941,0.102329,1.459500,1.741586,2.090741,2.157482,3.245385,2.838038,1.963507,1.776107,2.446472,2.298196,2.412279,2.676283,2.278141,2.851189,2.604611,1.383148,2.098033,1.433083,2.223355,1.949514,0.009758,2.719812,0.544874,1.857053,2.060339,2.804864,1.833857,1.894102,1.319359,0.005892,2.984310,101.107875
21.179888,0.098384,1.451938,1.750792,2.166359,2.134797,3.246700,2.834093,1.970740,1.777093,2.445814,2.264661,2.404389,2.664776,2.312991,2.872888,2.603624,1.384114,2.070971,1.563560,2.252028,1.944360,0.009114,2.716268,0.433405,1.929862,2.070326,2.792621,1.843522,1.930829,1.310983,0.005892,3.033601,103.417191
20.082129,0.106603,1.461801,1.749805,2.190359,2.146303,3.251303,2.854477,1.961205,1.784984,2.437595,2.244606,2.389265,2.652940,2.295894,2.879134,2.595076,1.412143,2.134115,1.617362,2.335791,1.953703,0.009114,2.749129,0.477864,1.954025,2.111241,2.783279,1.946293,1.963368,1.247838,0.003959,3.069039,98.057395
18.070190,0.115151,1.492377,1.751778,2.193318,2.179838,3.225330,2.857107,1.959561,1.790244,2.407019,2.217647,2.387950,2.643405,2.343566,2.880778,2.598035,1.450803,2.119940,1.732053,2.405378,2.020069,0.082889,2.745263,0.563882,2.066783,2.206280,2.778446,1.911177,2.030378,1.147323,0.004603,3.136372,88.233250
15.779115,0.108576,1.538076,1.751449,2.155838,2.194962,3.234536,2.840997,1.923397,1.810628,2.390909,2.214030,2.387293,2.630255,2.336333,2.880449,2.587186,1.415042,2.068071,1.765880,2.442105,2.113819,0.127992,2.733021,0.933405,2.036499,2.400546,2.816462,2.063561,2.104154,0.778444,0.002992,3.203382,77.046336
7.505235,0.050054,1.643941,1.762956,2.109481,2.184770,3.240125,2.855792,1.874081,1.819834,2.372498,2.193975,2.350142,2.612501,2.308059,2.874860,2.579953,1.554862,2.022324,1.834179,2.573549,2.215301,0.132825,2.565817,1.139913,2.083857,2.435018,2.854799,2.206925,2.315172,0.578701,0.001382,3.169555,36.646445
-2.441036,-0.094605,1.734024,1.729421,2.189701,2.472773,3.230590,2.773599,1.542679,1.844163,2.359676,2.145317,2.289319,2.600994,2.315949,2.893600,2.543459,1.469810,1.858019,1.809695,2.460469,2.180185,0.131214,2.279090,0.856730,2.083535,2.414399,2.839335,2.123806,2.416976,0.673418,0.001704,3.172777,0.000000
-12.242262,-0.272471,1.860272,1.829697,2.368882,2.734475,3.210535,2.609542,1.587721,1.999343,2.333703,2.123290,2.137098,2.574364,2.592117,2.984341,2.705214,1.397323,1.801641,1.744295,2.311628,2.184051,0.011047,1.854153,0.258147,2.066783,2.223033,2.662466,1.986886,2.415366,0.422129,0.001704,3.007184,-59.776816
-14.524733,-0.208690,1.923068,1.904985,2.532938,3.192782,3.531416,2.571076,1.638680,1.970740,2.293264,2.482965,2.201537,2.670036,2.899518,3.191138,3.222371,1.430828,1.832568,1.826769,2.574193,2.391847,0.309694,1.712401,0.359629,2.260082,2.165687,2.492041,1.796164,2.377028,0.311627,0.001059,3.228511,-70.921562
-15.986479,-0.156086,1.810628,1.820820,2.414581,3.542923,3.851310,2.653269,1.454240,1.834300,2.346196,2.252168,1.946082,2.635844,2.880778,3.383140,3.407798,1.445970,1.255893,1.910532,2.701126,2.456281,0.395067,0.796807,0.274255,2.573227,2.228187,2.304541,1.614463,2.391203,0.012013,-0.000874,3.616721,-78.058863
-16.762361,-0.225786,1.717586,1.826738,2.423458,3.636623,3.933831,2.678255,1.351992,1.876711,2.337648,2.074631,1.887560,2.594419,2.831134,3.447251,3.454155,1.433083,1.191782,1.903123,2.696938,2.462402,0.387013,0.293585,0.147967,2.577737,2.174386,2.185984,1.501383,2.224321,0.011047,0.000415,3.599646,-81.847531
-16.845257,-0.240909,1.672215,1.795504,2.406033,3.673445,3.962434,2.652940,1.327663,1.867177,2.338635,2.050960,1.840546,2.576994,2.798257,3.507744,3.483744,1.420519,1.608986,1.892169,2.714979,2.456281,0.401833,0.001704,0.000415,2.538755,2.082891,2.173419,1.528767,2.210468,0.093843,0.000093,3.529736,-82.252344
-17.217837,-0.253074,1.643612,1.744545,2.373156,3.711582,3.987092,2.648995,1.300046,1.857971,2.332059,2.008220,1.842190,2.572062,2.788065,3.538320,3.491963,1.397967,1.855120,1.839656,2.445327,2.403123,0.335145,0.370583,0.001382,2.494618,2.075159,2.222711,1.579024,2.258149,0.064204,0.000415,3.459826,-84.071520
-17.160921,-0.284636,1.570296,1.734024,2.265976,3.729336,3.983476,2.594090,1.272758,1.822135,2.314963,1.965151,1.797806,2.556281,2.776887,3.538320,3.490648,1.363174,1.695970,1.785532,2.402801,2.315494,0.241395,0.391524,0.002026,2.464013,2.134115,2.140236,1.498805,2.361564,0.010080,-0.001196,3.366720,-83.793707
-17.501632,-0.271814,1.499939,1.703120,2.201208,3.786871,3.983476,2.522418,1.229031,1.752435,2.306744,1.908273,1.751120,2.517157,2.753544,3.546539,3.488676,1.345777,1.574192,1.715622,2.368007,2.211757,0.010402,0.186627,0.000093,2.445005,2.193071,2.072582,1.425996,2.461435,0.010724,-0.001196,3.305509,-85.457109
-17.939805,-0.288252,1.461144,1.711997,2.152879,3.801337,3.984791,2.465540,1.194839,1.725147,2.290963,1.860601,1.701147,2.509924,2.726585,3.566266,3.492621,1.379604,1.456279,1.668264,2.300353,2.139592,0.010724,0.231730,0.001059,2.442750,2.206280,2.022646,1.409888,2.525224,0.012335,-0.000551,3.256540,-87.596762
-18.277289,-0.291869,1.422678,1.682736,2.094686,3.799364,3.981503,2.450746,1.179058,1.696873,2.283730,1.832656,1.692928,2.496774,2.759462,3.564293,3.489004,1.391202,1.197259,1.611885,2.244940,2.115107,0.011047,-0.000551,-0.000874,2.444038,2.229798,1.916009,1.288431,2.505250,0.013302,-0.000874,3.266205,-89.244785
-18.581252,-0.283978,1.434842,1.684380,2.083179,3.801008,3.982161,2.459622,1.182674,1.701147,2.282086,1.846135,1.697531,2.507623,2.791024,3.573499,3.492292,1.387336,1.139913,1.605764,2.242041,2.117685,0.010402,0.000093,-0.001196,2.438239,2.212724,1.880249,1.261369,2.499129,0.012980,0.001382,3.238176,-90.728602
-19.017718,-0.286280,1.441746,1.684709,2.088769,3.808898,3.988078,2.469486,1.197798,1.729421,2.281428,1.850409,1.694243,2.516500,2.816668,3.590923,3.506429,1.401833,1.074191,1.606731,2.237530,2.117040,0.011047,0.083534,0.000093,2.454025,2.209502,1.844489,1.260081,2.504928,0.252026,0.001704,3.231411,-92.859820
-19.330774,-0.271485,1.505857,1.734353,2.177208,3.808898,3.992024,2.504664,1.240209,1.786628,2.284387,1.866519,1.692270,2.530966,2.842970,3.609006,3.507416,1.425029,1.148934,1.656666,2.248806,2.182440,0.010402,0.451446,0.002670,2.476255,2.226899,1.892813,1.316782,2.539721,0.242039,0.161498,3.261050,-94.388781
-19.137832,-0.272800,1.538076,1.733038,2.201208,3.810871,3.998270,2.528336,1.248100,1.807669,2.285045,1.875067,1.708051,2.542473,2.883408,3.623143,3.515964,1.433083,1.187271,1.646357,2.249128,2.232053,0.010724,0.449835,0.002026,2.490108,2.308729,2.049386,1.311949,2.573549,0.164075,0.272322,3.287468,-93.446203
-19.342726,-0.206388,1.665640,1.763614,2.277154,3.829282,4.000901,2.543130,1.258621,1.833313,2.276168,1.892821,1.713969,2.568774,2.911354,3.636294,3.516950,1.417297,1.179217,1.590622,2.224966,2.183084,0.010402,0.301317,0.000737,2.496229,2.384760,2.040043,1.276833,2.564528,0.362851,0.369616,3.300999,-94.446824
-19.309675,-0.206059,1.679448,1.771504,2.281757,3.823693,3.999257,2.552665,1.262895,1.837258,2.265976,1.914191,1.706407,2.572720,2.905107,3.642869,3.518923,1.413109,1.004282,1.556795,2.205958,2.130249,0.010724,0.356085,0.001382,2.485920,2.399579,1.928896,1.234308,2.566783,0.648933,0.404088,3.298743,-94.285594
-19.224427,-0.206717,1.663996,1.766244,2.282086,3.825666,3.995969,2.593104,1.262566,1.836601,2.261702,1.901698,1.702462,2.575679,2.909052,3.647472,3.520895,1.416975,0.960145,1.540042,2.202736,2.125417,0.010402,0.411176,0.001059,2.496551,2.406989,1.896357,1.226253,2.551964,0.599642,0.535531,3.284246,-93.869371
-19.107965,-0.210005,1.704435,1.769860,2.286689,3.831584,3.993010,2.600665,1.264210,1.848437,2.250524,1.908273,1.709366,2.589816,2.934368,3.651088,3.521224,1.412465,0.983985,1.545519,2.203059,2.144424,0.010402,0.436627,0.001382,2.507505,2.396036,1.925030,1.231086,2.558729,0.608663,0.476897,3.283279,-93.300848
-18.981679,-0.207046,1.761970,1.781367,2.281757,3.838159,3.995640,2.604939,1.268484,1.855341,2.242962,1.934575,1.704106,2.584884,2.962642,3.665554,3.524183,1.410532,0.983341,1.541975,2.201448,2.134115,0.011047,0.473353,0.001704,2.497840,2.421809,2.097388,1.311627,2.546809,0.714977,0.499127,3.275225,-92.684203
-19.153271,-0.211648,1.748161,1.779395,2.294908,3.846707,3.991366,2.603953,1.269799,1.857314,2.264661,1.911232,1.696873,2.600994,2.972505,3.669500,3.523525,1.418908,0.998160,1.540687,2.199193,2.128961,0.009758,0.438882,0.001704,2.506538,2.498484,2.196937,1.288753,2.512015,0.716910,0.623482,3.260406,-93.521609
-19.207956,-0.211648,1.733695,1.790244,2.271237,3.849995,3.988078,2.595405,1.265854,1.852053,2.245592,1.931945,1.691613,2.604611,2.976779,3.668842,3.519909,1.420841,0.985596,1.531666,2.197260,2.109308,0.009758,0.395067,0.002026,2.504928,2.509438,2.203381,1.287143,2.510082,0.761047,0.941137,3.239787,-93.789004
-19.305332,-0.215923,1.747833,1.772490,2.268935,3.855584,3.987421,2.614145,1.265196,1.852053,2.248551,1.941808,1.688983,2.593432,2.973163,3.669171,3.519580,1.421486,0.994294,1.522645,2.197582,2.129605,0.011047,0.464655,0.001382,2.512660,2.501062,2.195004,1.270068,2.528446,0.767812,1.110274,3.241398,-94.264262
-19.290778,-0.219210,1.726134,1.767230,2.298196,3.851639,3.979859,2.603295,1.247442,1.852053,2.255127,1.916164,1.680434,2.577651,2.958368,3.668842,3.511690,1.429540,0.983341,1.521679,2.194360,2.138303,0.010724,0.445003,0.001704,2.511049,2.492685,2.163754,1.233019,2.524902,0.771678,1.097065,3.239787,-94.193320
-19.301632,-0.223813,1.726134,1.807011,2.304442,3.857228,3.980846,2.566473,1.250072,1.851067,2.259730,1.929314,1.672544,2.574692,2.970204,3.670815,3.511032,1.428895,1.001704,1.560661,2.194682,2.175352,0.009436,0.481408,0.001704,2.510404,2.482698,2.193394,1.332246,2.531345,0.784243,1.130248,3.238821,-94.246402
-19.749644,-0.231704,1.717257,1.789915,2.293593,3.856241,3.969339,2.565487,1.253360,1.849094,2.257099,1.910574,1.666297,2.573377,2.970204,3.672130,3.503142,1.369939,0.968843,1.517813,2.192749,2.121229,0.010724,0.385725,0.002992,2.500417,2.478188,2.234309,1.515236,2.478510,0.765879,1.150867,3.240431,-96.433680
-19.089645,-0.228087,1.707723,1.791888,2.297209,3.852954,3.969667,2.561541,1.238565,1.845807,2.312004,1.908602,1.675503,2.608556,2.953437,3.672787,3.500511,1.387980,0.981086,1.517491,2.185339,2.134437,0.010402,0.368650,0.002670,2.501384,2.478510,2.098355,1.529733,2.520391,0.839655,1.156021,3.227223,-93.211055
-19.143322,-0.229402,1.711010,1.782682,2.303785,3.853940,3.964736,2.569432,1.246127,1.843505,2.335018,1.915835,1.678791,2.622364,2.958039,3.669500,3.490319,1.377671,1.051640,1.526511,2.191783,2.175030,0.010402,0.532632,0.002670,2.513304,2.462402,2.087723,1.601898,2.537466,0.857374,1.143779,3.231089,-93.473488
-18.233207,-0.226114,1.741257,1.770189,2.304114,3.861502,3.957832,2.544774,1.248429,1.838574,2.312991,1.903670,1.706407,2.622035,2.963957,3.671472,3.482758,1.366073,1.108985,1.521679,2.211435,2.202092,0.011369,0.604152,0.002026,2.510082,2.464657,2.098677,1.695970,2.508471,0.961111,1.185016,3.234310,-89.029480
-17.757491,-0.295157,1.674188,1.791888,2.279456,3.861173,3.945338,2.500390,1.244812,1.833642,2.304114,1.871451,1.656105,2.610528,2.954752,3.667527,3.467634,1.344488,1.119617,1.503960,2.210791,2.196615,0.010724,0.580312,0.001382,2.485920,2.464335,2.114785,1.768135,2.515559,0.984307,1.198869,3.237210,-86.706273
-17.581863,-0.294499,1.651503,1.778408,2.271565,3.859529,3.925283,2.520445,1.243497,1.823450,2.290305,1.839560,1.648872,2.608227,2.948176,3.663582,3.456456,1.325802,1.101575,1.473354,2.202736,2.127672,0.007503,0.533276,0.002348,2.458536,2.450482,2.080958,1.757504,2.510727,0.962722,1.206601,3.233666,-85.849023
-17.502508,-0.282006,1.656763,1.778737,2.267291,3.854598,3.914763,2.494801,1.242840,1.815231,2.301812,1.834957,1.644270,2.616775,2.938642,3.651746,3.437716,1.318715,1.111885,1.466266,2.205636,2.110275,0.010402,0.585467,0.002348,2.486242,2.430830,2.124128,1.864141,2.541332,0.912787,1.223998,3.236565,-85.461574
-17.138489,-0.269512,1.656105,1.774792,2.269593,3.847036,3.894708,2.480993,1.249086,1.791888,2.297867,1.793861,1.635064,2.614474,2.916943,3.629718,3.414702,1.314849,1.115751,1.450158,2.207891,2.104798,0.002992,0.573225,0.002992,2.477543,2.442105,2.175675,1.933406,2.543265,0.893135,1.209179,3.233988,-83.684070
-17.243760,-0.249457,1.640324,1.737312,2.216661,3.826981,3.883529,2.435622,1.239881,1.757038,2.279127,1.731065,1.623886,2.590473,2.917272,3.608348,3.408127,1.300674,1.105119,1.412787,2.205314,2.102221,0.010402,0.570647,0.002026,2.445327,2.461435,2.203059,1.945326,2.540044,0.860596,1.201447,3.218202,-84.198023
-17.496906,-0.219868,1.613365,1.746846,2.175564,3.826323,3.875968,2.410636,1.218510,1.719887,2.291620,1.654462,1.592981,2.566473,2.928450,3.593882,3.390044,1.293908,1.103831,1.419230,2.205958,2.101254,0.010402,0.602219,0.002670,2.434695,2.445005,2.185984,1.949837,2.530379,0.901511,1.223998,3.187596,-85.434289
-18.023527,-0.201785,1.649530,1.769532,2.171290,3.819748,3.878598,2.351786,1.220154,1.697531,2.285374,1.654462,1.589365,2.583240,2.953765,3.590923,3.358811,1.284243,1.187594,1.410854,2.223999,2.105120,0.010724,0.738173,0.003637,2.424386,2.439850,2.181151,2.077414,2.556474,0.909243,1.223676,3.189529,-88.005543
-17.330911,-0.198498,1.610735,1.759668,2.151235,3.815803,3.857885,2.351457,1.220812,1.686681,2.295237,1.559447,1.535446,2.552007,2.933710,3.567909,3.353222,1.293586,1.166331,1.414720,2.224321,2.106731,0.010402,0.666008,0.002348,2.428252,2.424386,2.218523,2.253961,2.601577,0.841588,1.238818,3.208859,-84.623672
-17.161035,-0.183045,1.624215,1.746846,2.151564,3.811529,3.857556,2.361977,1.222127,1.678133,2.282744,1.533474,1.527227,2.576007,2.932395,3.559690,3.332838,1.315493,1.191137,1.469810,2.231409,2.159888,0.011369,0.672774,0.002992,2.445649,2.412144,2.247195,2.335791,2.603832,0.847709,1.248483,3.204027,-83.794203
-17.110586,-0.160360,1.602187,1.736654,2.132166,3.795748,3.853940,2.362635,1.218182,1.658407,2.279127,1.498953,1.518679,2.576665,2.943902,3.537662,3.309496,1.320648,1.323869,1.472710,2.254927,2.219167,0.011047,0.746549,0.002670,2.423098,2.396036,2.301319,2.369940,2.627028,0.986240,1.275223,3.186308,-83.547645
-16.447598,-0.143264,1.628489,1.730737,2.131838,3.787200,3.870379,2.378416,1.219825,1.649530,2.262031,1.474952,1.520652,2.593104,2.963300,3.530430,3.290427,1.317104,1.485596,1.492040,2.284566,2.286822,0.011691,0.786498,0.002992,2.440494,2.380894,2.346744,2.394103,2.628639,1.241073,1.312272,3.154413,-80.310633
-15.627982,-0.159702,1.620927,1.768216,2.146961,3.779967,3.872351,2.392224,1.229031,1.681092,2.253154,1.481528,1.497309,2.581925,2.972834,3.519251,3.267413,1.316460,1.541975,1.522645,2.365108,2.298742,0.011691,0.831923,0.002992,2.437273,2.349644,2.397324,2.444683,2.652479,1.237851,1.315171,3.157957,-76.308645
-14.876806,-0.040687,1.664653,1.783669,2.164386,3.765501,3.866433,2.376443,1.262566,1.666626,2.261045,1.471336,1.515062,2.592775,2.997492,3.511361,3.270701,1.313560,1.640880,1.543586,2.389914,2.310017,0.011369,0.840622,0.002670,2.398291,2.320005,2.440172,2.446616,2.651191,1.314527,1.430828,3.131539,-72.640527
-14.941462,-0.035098,1.723175,1.793532,2.181153,3.756624,3.864789,2.378416,1.271114,1.673202,2.252825,1.500268,1.527884,2.591460,3.015246,3.510703,3.270043,1.304217,1.658921,1.541009,2.394425,2.304541,0.011369,0.829990,0.003637,2.357698,2.304218,2.452415,2.413110,2.632183,1.393779,1.468199,3.143137,-72.956539
-15.867154,-0.023591,1.726134,1.800436,2.134468,3.749720,3.855255,2.374471,1.270456,1.659393,2.264661,1.480870,1.551885,2.595076,2.991574,3.513005,3.263139,1.340944,1.646679,1.538754,2.367041,2.304218,0.011369,0.859952,0.003959,2.406023,2.295842,2.448549,2.399902,2.624773,1.402156,1.584501,3.153125,-77.476449
-15.005198,-0.149839,1.740271,1.787614,2.132166,3.743473,3.867748,2.387950,1.263223,1.747833,2.270250,1.482843,1.593310,2.637159,2.990259,3.534375,3.248673,1.313882,1.709501,1.560017,2.454992,2.305185,0.078701,0.886369,0.002992,2.424064,2.241396,2.477866,2.408278,2.651191,1.407955,1.711434,3.173421,-73.267590
-11.702663,-0.224471,1.767888,1.818847,2.204167,3.816789,3.908516,2.390252,1.253360,1.819834,2.278141,1.461144,1.652160,2.648337,3.049438,3.654047,3.238152,1.285532,1.755571,1.657955,2.517492,2.432118,0.326124,1.005570,0.004281,2.446293,2.234953,2.482376,2.442750,2.736242,1.521679,1.887981,3.241076,-57.142062
-4.394997,-0.210333,1.831669,1.862574,2.265647,3.830926,3.927913,2.387293,1.295772,1.882300,2.278470,1.642955,1.790244,2.679570,3.038917,3.703692,3.270043,1.307117,1.943715,1.867040,2.771358,2.646036,0.597387,1.425029,0.281987,2.546165,2.178252,2.663755,2.544554,2.821616,2.085146,2.003638,3.509118,-21.460023
8.805351,-0.209347,1.921753,1.921753,2.386964,3.839145,3.895036,2.478691,1.354622,1.894793,2.357375,1.962192,1.912876,2.743681,3.075411,3.668185,3.222042,1.579991,2.344167,2.117363,2.813884,2.692750,0.882825,1.410854,0.527477,2.728833,2.364463,2.879284,2.503639,2.689851,2.197904,2.063883,3.640561,42.994957
14.846555,-0.067317,1.867177,1.862245,2.468828,3.689883,3.781282,2.445157,1.432541,1.793532,2.359676,2.216989,2.044713,2.746311,2.914313,3.512347,3.081328,1.708857,2.511693,2.280700,2.904413,2.696616,1.250094,1.735919,0.368972,2.668910,2.215301,2.936307,2.397969,2.445327,2.120584,2.002027,3.637662,72.493187
18.245544,-0.012741,1.692599,1.732709,2.283401,3.483087,3.604074,2.462253,1.553200,1.716271,2.168989,1.974027,2.090741,2.744009,2.686803,3.212837,2.864997,1.264913,2.131216,1.857697,2.739464,2.495907,0.591910,1.000416,0.004281,2.337724,1.853831,2.743652,2.081924,2.052607,1.762659,1.403122,3.241076,89.089508
18.925440,0.087535,1.257305,1.519994,1.978301,2.874860,3.355195,2.540500,1.573913,1.461801,1.867834,1.853368,2.015453,2.664118,2.302141,2.954423,2.691406,1.160210,2.051641,1.048740,2.396036,1.923741,0.135402,1.446292,0.005892,1.922775,1.380571,2.642170,1.637981,1.720455,1.177929,0.352864,2.679863,92.409367
18.442904,-0.006494,1.262895,1.536761,2.065755,2.745325,3.459415,2.843298,1.756381,1.682078,2.250853,2.070029,2.056878,2.672337,2.348169,2.909710,2.653597,1.166331,2.250739,0.961434,2.464979,1.917942,0.116072,1.848999,0.008469,1.548741,1.524578,2.648936,1.557439,1.687594,1.119939,0.005248,2.820328,90.053418
19.473069,-0.053180,1.256648,1.540049,2.110139,2.762421,3.462045,2.833435,1.749805,1.716599,2.318580,2.129536,2.134468,2.683516,2.356717,2.917601,2.667406,1.018457,2.078381,0.873160,2.253316,1.933728,0.105119,1.916654,0.008469,1.444681,1.631859,2.659245,1.437916,1.586434,0.813560,0.003637,2.727222,95.083313
20.342657,-0.075208,1.223442,1.509145,2.115399,2.725927,3.453168,2.797270,1.747175,1.712983,2.321867,2.136769,2.127892,2.677598,2.348169,2.904778,2.675954,1.023934,1.953703,0.845454,2.132182,1.938883,0.085789,1.773290,0.007503,1.550352,1.679862,2.648613,1.362529,1.564849,0.678573,0.002670,2.702737,99.329379
20.514569,-0.109071,1.224757,1.495336,2.139071,2.578966,3.438702,2.936998,1.769860,1.712654,2.328443,2.179181,2.137755,2.660502,2.304771,2.873216,2.621049,1.145390,2.043587,0.870583,2.140558,1.927929,0.083212,1.881538,0.008469,1.403444,1.707246,2.639271,1.369617,1.608664,0.684372,0.002026,2.749451,100.168770
21.782463,-0.112688,1.192537,1.486788,2.133481,2.564172,3.430154,2.922861,1.763285,1.710353,2.318908,2.172276,2.152550,2.656228,2.293264,2.873216,2.620392,1.046807,2.127672,0.854153,2.296487,1.927285,0.104474,1.893135,0.009436,1.483663,1.697581,2.637015,1.428251,1.618973,0.933727,0.003637,2.791010,106.359523
22.037446,-0.108414,1.169852,1.458185,2.085481,2.530966,3.412730,2.900504,1.752435,1.687996,2.311347,2.149591,2.139728,2.634529,2.257428,2.851189,2.621049,1.155699,2.191461,0.867039,2.408600,1.917298,0.196291,1.827092,0.008147,1.562272,1.703380,2.722711,1.422130,1.596743,0.974320,0.005248,2.802931,107.604719
22.931232,-0.112030,1.163934,1.447664,2.070686,2.490198,3.398921,2.887025,1.756381,1.683722,2.305758,2.163728,2.143673,2.623022,2.243949,2.841654,2.623350,1.197581,2.408600,0.965944,2.581281,1.898290,0.767812,1.952736,0.044874,1.653767,1.725932,2.723034,1.543908,1.701447,1.170197,0.004925,2.870585,111.968855
23.134183,-0.119592,1.154400,1.451609,2.068385,2.480993,3.392017,2.881107,1.755066,1.684709,2.299511,2.165043,2.129207,2.621049,2.237702,2.839353,2.624337,1.193715,2.465946,0.975287,2.610598,1.914721,0.776189,1.947259,0.008147,1.718200,1.696937,2.717879,1.546808,1.769746,1.382181,0.351253,3.004284,112.960051
23.612534,-0.141291,1.170181,1.400321,2.068056,2.471458,3.385442,2.872559,1.760326,1.710024,2.296881,2.211729,2.157810,2.628940,2.250853,2.845928,2.626638,1.190815,2.508794,0.978831,2.614464,1.918909,0.792941,1.966589,0.039075,1.728509,1.707568,2.712402,1.582890,1.868651,1.409243,0.490750,3.035534,115.295660
23.987963,-0.127483,1.164263,1.419061,2.063453,2.458965,3.382483,2.868614,1.761312,1.700490,2.292935,2.212387,2.137755,2.629926,2.249209,2.844285,2.620392,1.199192,2.566783,0.988173,2.612531,1.984630,0.837722,1.954025,0.040686,1.739140,1.683406,2.705314,1.593200,1.934695,1.425996,0.592877,3.113176,117.128727
24.097472,-0.120578,1.157688,1.430568,2.049645,2.437924,3.376236,2.856778,1.750463,1.692928,2.297209,2.209756,2.137098,2.645707,2.234743,2.836394,2.616446,1.204668,2.573227,1.006859,2.623162,2.033277,0.935016,1.968522,0.040364,1.750416,1.682439,2.713369,1.603187,1.945971,1.489140,0.631537,3.147003,117.663516
24.141606,-0.120578,1.162948,1.405581,2.045042,2.416553,3.372620,2.849545,1.753093,1.690298,2.311675,2.209428,2.165043,2.641433,2.224880,2.835079,2.613816,1.205313,2.577415,1.004282,2.636049,2.032955,0.933083,1.992362,0.008791,1.765236,1.652156,2.706281,1.605120,1.946293,1.556795,0.637980,3.170199,117.878820
23.683725,-0.083427,1.130400,1.320430,2.024329,2.376115,3.354537,2.831134,1.761641,1.668270,2.311347,2.195619,2.125262,2.627296,2.196934,2.820942,2.602967,1.203702,2.585469,1.015880,2.630572,2.036499,0.866395,2.046164,0.041652,1.802607,1.675352,2.717235,1.614463,1.951447,1.557439,0.626060,3.166333,115.643422
23.344478,0.082274,1.203058,1.343115,1.916821,2.309374,3.329222,2.833435,1.743230,1.581803,2.322854,2.213373,2.145317,2.628282,2.162413,2.806805,2.608556,1.245583,2.599644,1.050351,2.614464,2.062917,0.740428,2.123162,0.043585,1.871550,1.753638,2.751384,1.674063,1.951447,1.527478,0.599320,3.138305,113.986469
23.581396,0.146385,1.286566,1.442733,1.863889,2.277154,3.310811,2.833764,1.754079,1.567337,2.334032,2.217976,2.146303,2.623022,2.144331,2.785763,2.609213,1.269746,2.616719,1.140235,2.599966,2.083857,0.595454,2.244618,0.286820,1.921486,1.783277,2.768781,1.671164,1.962079,1.551640,0.575480,3.144426,115.143359
23.331765,0.160851,1.283278,1.457199,1.873095,2.229811,3.306208,2.811736,1.748161,1.557145,2.342580,2.219291,2.136769,2.610857,2.139399,2.777544,2.606254,1.269746,2.612531,1.173096,2.601255,2.088368,0.571292,2.305507,0.376382,1.916331,1.794875,2.774258,1.682439,1.961112,1.570326,0.632503,3.132828,113.924457
22.836745,0.165125,1.290511,1.472980,1.872437,2.226524,3.297989,2.810750,1.749476,1.553529,2.345539,2.218633,2.134468,2.615131,2.134797,2.767352,2.606912,1.291975,2.603510,1.433406,2.594812,2.079669,0.334500,2.363819,0.410853,1.978187,1.857375,2.789400,1.692427,1.956280,1.569359,0.660854,3.117686,111.507488
23.234789,0.162823,1.293142,1.474624,1.872766,2.210085,3.296673,2.817325,1.745531,1.556488,2.347183,2.212058,2.149262,2.619734,2.136112,2.769654,2.613816,1.288753,2.592557,1.473032,2.592234,2.069038,0.273611,2.608987,0.504281,2.024901,1.860919,2.797776,1.714978,1.954025,1.559372,0.661820,3.132184,113.451184
22.698961,0.165782,1.273087,1.478240,1.867834,2.203838,3.291084,2.812065,1.740600,1.554186,2.343895,2.213044,2.160441,2.615789,2.121317,2.763407,2.595734,1.292619,2.583536,1.426640,2.586758,2.070004,0.307116,2.540688,0.448225,2.018136,1.856731,2.790366,1.689527,1.960468,1.582568,0.675995,3.110921,110.834785
23.009128,0.154933,1.273087,1.468377,1.864218,2.215674,3.290098,2.797270,1.725805,1.544323,2.340279,2.215345,2.152221,2.607569,2.118358,2.756503,2.591460,1.336434,2.544554,1.496550,2.574837,2.060984,0.268456,2.465623,0.546807,2.063239,1.960790,2.787467,1.717878,1.956602,1.553895,0.625093,3.113176,112.349359
22.483617,0.138823,1.280977,1.465418,1.874410,2.219948,3.292071,2.815353,1.729093,1.554515,2.351457,2.212387,2.160112,2.603624,2.109810,2.757489,2.589816,1.344488,2.531989,1.526189,2.543587,2.052930,0.198224,2.564528,0.479475,2.069682,2.012981,2.797132,1.737207,1.948548,1.551318,0.607052,3.163434,109.783066
22.520289,0.145727,1.279991,1.470021,1.869807,2.227181,3.294043,2.830476,1.741586,1.567995,2.353429,2.220277,2.183126,2.615131,2.123290,2.765708,2.588829,1.342877,2.494296,1.585790,2.418909,2.019746,0.145712,2.576126,0.491395,2.074837,2.059695,2.797776,1.776512,1.943393,1.527156,0.540364,3.192429,109.962156
22.519073,0.148357,1.281635,1.471665,1.860272,2.196277,3.292399,2.828175,1.730408,1.557474,2.351128,2.219291,2.182797,2.612172,2.121974,2.763407,2.590145,1.330313,2.490430,1.635081,2.410211,1.976576,0.146678,2.696294,0.500415,2.072582,2.088368,2.797454,1.806151,1.940816,1.550674,0.562593,3.206282,109.956203
22.829930,0.142440,1.288210,1.495994,1.855341,2.182140,3.287797,2.829161,1.738956,1.568323,2.335018,2.243291,2.214359,2.616775,2.161098,2.760119,2.581268,1.371872,2.534245,1.661821,2.465946,2.044231,0.187593,2.753317,0.541008,2.062917,2.087079,2.792621,1.845455,1.937594,1.569359,0.541008,3.206926,111.474250
22.799670,0.167097,1.316484,1.516049,1.855341,2.191016,3.289112,2.839024,1.745531,1.574241,2.321210,2.242633,2.219619,2.613816,2.167674,2.760119,2.572391,1.377027,2.605765,1.695326,2.574515,2.107375,0.193714,2.762982,0.534887,2.068393,2.098999,2.792299,1.881538,1.951770,1.638625,0.607696,3.197261,111.326414
22.611062,0.155919,1.314183,1.509473,1.835615,2.185099,3.276618,2.825216,1.717257,1.575556,2.318908,2.238359,2.216003,2.599679,2.168660,2.754201,2.567131,1.424707,2.569683,1.703058,2.577737,2.152479,0.219810,2.714657,0.520712,2.087723,2.130249,2.790366,1.872517,1.944038,1.646357,0.600286,3.194040,110.405664
22.505044,0.159864,1.337855,1.521967,1.847450,2.175893,3.274646,2.823243,1.708380,1.590680,2.313319,2.241647,2.232770,2.618090,2.164715,2.753873,2.575021,1.433728,2.506216,1.722388,2.578381,2.162788,0.215299,2.713691,0.573869,2.085790,2.127994,2.791010,1.888947,1.953380,1.647646,0.580312,3.178898,109.887742
22.022044,0.146714,1.310238,1.536104,1.844163,2.207455,3.272673,2.829161,1.696216,1.590351,2.305429,2.232770,2.231126,2.608885,2.169317,2.750256,2.584555,1.470777,2.446616,1.735274,2.575482,2.163110,0.202735,2.748162,0.560016,2.088368,2.175352,2.785856,1.901190,1.950803,1.648612,0.568714,3.173099,107.529312
21.847942,0.139809,1.325032,1.562734,1.850409,2.171948,3.280235,2.818969,1.676489,1.593968,2.339292,2.233757,2.249866,2.612501,2.176222,2.745325,2.572720,1.498805,2.443716,1.776189,2.550997,2.170842,0.175029,2.821616,0.564848,2.084502,2.182118,2.787145,1.943715,1.950803,1.657311,0.556472,3.137983,106.679504
21.348532,0.116138,1.372047,1.602516,1.880327,2.194633,3.281221,2.838038,1.823450,1.629804,2.347511,2.246579,2.260387,2.637816,2.179509,2.746640,2.564500,1.502993,2.436628,1.782633,2.564528,2.197260,0.180505,2.849322,0.637980,2.083535,2.165365,2.796165,1.962079,1.968200,1.683084,0.575158,3.120908,104.240707
21.768413,0.191427,1.511446,1.661366,2.008877,2.269593,3.307523,2.866641,1.810299,1.691613,2.410964,2.308716,2.334689,2.679242,2.282086,2.793325,2.589158,1.446292,2.520391,1.803251,2.608020,2.212079,0.199835,2.854155,0.593199,2.095455,2.143136,2.806152,1.953380,1.973677,1.763303,0.581601,3.117042,106.291062
22.942151,0.192742,1.615009,1.697531,2.112111,2.360005,3.327578,2.895902,1.840546,1.733038,2.418197,2.346525,2.376115,2.699625,2.346854,2.820942,2.616446,1.533277,2.541332,1.804218,2.627028,2.234309,0.241717,2.871874,0.438560,2.135726,2.140558,2.812273,1.991396,1.974321,1.773612,0.590622,3.117686,112.022434
23.398031,0.171372,1.625858,1.775121,2.230798,2.430033,3.341058,2.892614,1.895451,1.772490,2.429376,2.366251,2.420827,2.710146,2.402087,2.868285,2.665762,1.604798,2.565495,1.854476,2.632183,2.268136,0.315815,2.905701,0.517168,2.180829,2.195004,2.872518,2.062594,2.017491,1.782633,0.575158,3.138627,114.248406
23.679588,0.175317,1.630790,1.790244,2.291620,2.437266,3.337441,2.930094,1.944767,1.775778,2.426088,2.363621,2.454691,2.715735,2.445485,2.879792,2.670365,1.580635,2.552608,1.947904,2.657312,2.282956,0.339333,2.899902,0.447580,2.171809,2.247517,2.881539,2.127350,2.098999,1.804218,0.591910,3.193395,115.623082
23.608253,0.172358,1.642955,1.788272,2.261045,2.412937,3.327907,2.918258,1.938520,1.762627,2.447129,2.374471,2.428060,2.707845,2.442198,2.878806,2.652940,1.549063,2.532956,1.934050,2.664399,2.285855,0.339655,2.886049,0.339977,2.169553,2.252028,2.883472,2.129283,2.111564,1.802929,0.551962,3.228189,115.274824
23.346120,0.151974,1.655119,1.796491,2.248551,2.419512,3.315085,2.909710,1.928328,1.785641,2.438252,2.358361,2.433978,2.704228,2.446143,2.871901,2.622364,1.562916,2.559696,1.994618,2.677608,2.292621,0.347387,2.835147,0.416330,2.208858,2.251706,2.894426,2.204669,2.162788,1.821615,0.560660,3.231411,113.994902
23.472761,0.163481,1.739285,1.827724,2.265647,2.420170,3.336783,2.887025,1.908602,1.790244,2.439239,2.384991,2.492828,2.724612,2.470801,2.872888,2.665433,1.531666,2.582569,2.074837,2.683085,2.296487,0.348998,2.835147,0.419230,2.179218,2.283600,2.888304,2.212401,2.166010,1.780378,0.504281,3.210470,114.613035
23.814008,0.174330,1.737641,1.824108,2.264661,2.454691,3.327249,2.896888,1.905314,1.780710,2.438910,2.364608,2.504335,2.711461,2.511897,2.866641,2.642090,1.540365,2.563884,2.057118,2.689851,2.306151,0.367361,2.847712,0.316459,2.219811,2.275546,2.895392,2.226899,2.206280,1.776512,0.545518,3.207571,116.279414
24.704294,0.155919,1.771833,1.826738,2.263675,2.488554,3.342701,2.929108,1.863231,1.784984,2.430033,2.352443,2.501705,2.714091,2.501376,2.873545,2.676283,1.600932,2.532634,2.108664,2.731410,2.316461,0.397967,2.882183,0.369938,2.254927,2.367041,2.901835,2.263626,2.216267,1.749128,0.475286,3.213370,120.626684
23.079490,0.115809,1.858300,1.836930,2.333046,2.520116,3.337112,2.946204,1.922081,1.788272,2.430362,2.311675,2.490856,2.713105,2.524390,2.872888,2.679570,1.676963,2.606732,2.136048,2.743008,2.358664,0.439526,2.868652,0.381536,2.313239,2.333213,2.928575,2.295520,2.309051,1.680506,0.521356,3.202738,112.692656
20.487588,0.133234,1.897095,1.891177,2.369868,2.554966,3.345003,2.989601,2.021042,1.783997,2.423786,2.301155,2.510911,2.718037,2.608885,2.899518,2.722639,1.732053,2.612209,2.278123,2.772325,2.472711,0.540042,2.895714,0.456601,2.333213,2.443072,2.975611,2.365430,2.358342,1.416653,0.586756,3.241076,100.036809
13.339267,0.013232,1.916821,1.974685,2.503678,2.623022,3.397606,3.005054,2.047672,1.905643,2.387622,2.270579,2.458636,2.731516,2.654912,2.943573,2.899847,1.746550,2.537144,2.283600,2.773936,2.465946,0.578057,2.865431,0.510402,2.223355,2.493007,2.976256,2.434373,2.420520,1.304862,0.515557,3.224967,65.133141
1.977148,-0.213950,1.935890,2.192660,2.662145,2.836394,3.491963,3.035301,2.074303,2.156495,2.402745,2.292935,2.480993,2.767681,2.819956,3.115521,3.028396,1.806795,2.496229,2.269425,2.812596,2.533600,0.619616,2.867686,0.425351,2.334824,2.407956,2.974001,2.493974,2.465946,1.364140,0.482052,3.172777,0.000000
-10.670918,-0.353021,2.002302,2.334032,2.819298,3.172398,3.673774,3.005711,1.957260,2.360334,2.381704,2.370525,2.572391,2.758804,2.952121,3.188508,3.221056,1.817104,2.280700,2.289721,2.864464,2.632183,0.696614,2.726255,0.505570,2.382183,2.322260,2.963369,2.548420,2.503639,1.137658,0.404410,3.051642,-52.104230
-16.045077,-0.224471,2.021042,2.367238,2.810421,3.495251,3.821720,2.882093,1.952986,2.218304,2.381046,2.507623,2.452389,2.733489,3.112233,3.361441,3.376236,1.694360,1.918264,2.097066,2.769748,2.631861,0.510725,1.935017,0.387013,2.545198,2.246551,2.780057,2.387982,2.471100,1.170841,0.004603,3.041655,-78.345109
-17.909534,0.052356,2.101591,2.335676,2.730859,3.736569,4.046600,2.910039,1.553200,2.007562,2.483623,2.500719,2.290963,2.679242,2.982368,3.527142,3.474867,1.730120,1.964334,2.151834,2.798420,2.678897,0.839333,1.538109,0.480763,2.581603,2.213690,2.539721,2.269102,2.463046,0.861885,0.004281,3.320006,-87.448926
-18.155704,-0.000905,2.074303,2.309703,2.691077,3.774706,4.053175,2.899847,1.574899,2.010850,2.409649,2.238359,2.051289,2.610200,2.914642,3.599471,3.474538,1.611885,1.996228,2.046164,2.810985,2.649580,0.647323,0.815815,0.187271,2.586113,2.142814,2.330636,2.214012,2.470778,0.789075,0.003637,3.447906,-88.650961
-18.065340,0.004355,2.064768,2.304442,2.684831,3.792789,4.046928,2.885052,1.570954,1.982247,2.364279,2.186085,2.011178,2.591460,2.896230,3.620513,3.470922,1.630249,2.022324,1.981087,2.781346,2.623807,0.538753,0.503315,0.001382,2.527801,2.054218,2.307762,2.187917,2.433407,0.707567,0.411176,3.434697,-88.209437
-18.615208,0.006985,2.065755,2.311347,2.682858,3.796734,4.046928,2.871244,1.574241,1.967781,2.351786,2.164386,2.008877,2.590145,2.865655,3.620842,3.469936,1.611885,2.006216,1.929540,2.717557,2.543587,0.416008,0.652799,0.002670,2.489141,2.015880,2.322582,2.122839,2.377350,0.675673,0.447902,3.418911,-90.894793
-18.790342,-0.007481,2.060165,2.289648,2.664776,3.778652,4.044298,2.853161,1.577200,1.992110,2.338306,2.155838,2.000000,2.577651,2.875518,3.612622,3.467306,1.546163,1.928574,1.876061,2.584180,2.472711,0.369616,1.150545,0.343521,2.535855,2.119296,2.401835,2.204669,2.246551,0.432438,0.420841,3.358666,-91.749562
-19.026230,-0.000905,2.048987,2.265647,2.625323,3.776679,4.036408,2.840668,1.594296,1.959890,2.322525,2.132166,1.979288,2.535240,2.868942,3.588951,3.455141,1.625094,1.873483,1.901190,2.553252,2.468845,0.354797,1.171485,0.370583,2.534889,2.178896,2.412788,2.289077,2.403768,0.389913,0.650544,3.339336,-92.901492
-19.089948,-0.004851,2.032220,2.272552,2.597378,3.794433,4.029504,2.802859,1.600872,1.957918,2.316607,2.097974,1.961534,2.515514,2.872230,3.572183,3.440675,1.667942,1.895713,1.916009,2.694361,2.465946,0.376704,1.283921,0.361240,2.530379,2.204347,2.440494,2.463690,2.512015,0.432438,0.884114,3.377030,-93.212543
-19.092089,0.017506,2.025973,2.253483,2.575679,3.803967,4.026216,2.783791,1.602187,1.923068,2.297209,2.062467,1.949041,2.497431,2.875847,3.563307,3.433113,1.661821,1.882826,1.882826,2.682441,2.440172,0.334500,1.195326,0.346420,2.515881,2.270069,2.484631,2.505572,2.616397,0.358663,1.142490,3.313241,-93.222961
-19.497495,0.013561,2.050631,2.241318,2.571405,3.807912,4.027860,2.782476,1.610735,1.932602,2.301484,2.046357,1.943780,2.479349,2.875189,3.559361,3.430812,1.671486,1.851576,1.866718,2.652479,2.439206,0.311304,1.154088,0.305183,2.507505,2.306474,2.497196,2.550353,2.628317,0.666330,1.222387,3.241076,-95.202375
-19.080310,-0.024577,2.060165,2.231126,2.560226,3.810542,4.027202,2.769654,1.600543,1.927013,2.296552,2.034850,1.934575,2.480993,2.871244,3.562978,3.430154,1.633470,1.798741,1.802607,2.563884,2.428897,0.309049,1.079346,0.209822,2.502028,2.314850,2.494940,2.536500,2.632505,0.815493,1.204991,3.195650,-93.165414
-19.633923,-0.042988,2.064439,2.226524,2.561541,3.819419,4.028846,2.745653,1.599557,1.935232,2.297209,2.031562,1.935561,2.496445,2.871244,3.584677,3.434428,1.521035,1.731086,1.794553,2.528123,2.417621,0.277155,1.057117,0.224964,2.495585,2.365108,2.512015,2.533600,2.617685,1.066459,1.186305,3.156668,-95.868629
-19.762590,-0.069619,2.042083,2.196934,2.541815,3.818104,4.027860,2.738420,1.580817,1.934246,2.285702,2.002302,1.907944,2.501048,2.864668,3.584677,3.427524,1.519746,1.629926,1.791331,2.517170,2.416654,0.212400,1.010725,0.004925,2.478832,2.373484,2.507183,2.479476,2.586758,1.032954,1.212722,3.145070,-96.497180
-20.183808,-0.060742,2.039453,2.203181,2.543130,3.812515,4.025558,2.746968,1.588050,1.937862,2.296552,2.047015,1.913533,2.508281,2.863353,3.580403,3.426538,1.510081,1.705313,1.795842,2.514270,2.417943,0.270712,1.047774,0.004925,2.544232,2.403445,2.544232,2.490752,2.615430,0.970776,1.243328,3.162145,-98.553984
-19.707633,-0.042002,2.023014,2.202523,2.545432,3.803638,4.025558,2.766695,1.594625,1.938191,2.295566,2.075289,1.928986,2.506637,2.859737,3.581718,3.430154,1.504604,1.782955,1.796486,2.525224,2.424064,0.284243,1.108663,0.051639,2.565817,2.425675,2.568394,2.519103,2.646680,1.147323,1.258470,3.194362,-96.228793
-19.995669,-0.024248,2.032220,2.202523,2.560884,3.818104,4.026873,2.773599,1.598570,1.948054,2.295237,2.095673,1.931287,2.511240,2.859408,3.592238,3.431798,1.502993,1.879927,1.796164,2.540044,2.424386,0.288431,1.203702,0.174062,2.565817,2.431796,2.604799,2.526190,2.660211,1.181150,1.278766,3.267493,-97.635219
-19.627454,-0.057783,2.023672,2.186414,2.564829,3.827638,4.030161,2.757489,1.588707,1.937862,2.290305,2.075289,1.895122,2.499075,2.850531,3.609335,3.431470,1.499127,1.839978,1.791976,2.542299,2.426964,0.278766,1.218521,0.005892,2.566783,2.445649,2.609953,2.494618,2.648291,1.283921,1.309050,3.258473,-95.837375
-20.007519,-0.075537,2.030576,2.201866,2.589816,3.829282,4.027860,2.747297,1.579830,1.988822,2.300826,2.077590,1.925369,2.508609,2.845928,3.622814,3.443963,1.496228,1.846099,1.780700,2.524257,2.429863,0.265235,1.137658,0.073224,2.569683,2.468523,2.614142,2.459824,2.625095,1.277156,1.316138,3.266527,-97.692766
-19.364923,-0.079482,2.017425,2.191674,2.586528,3.824022,4.027531,2.745653,1.578515,1.979288,2.291620,2.077262,1.899725,2.508938,2.839353,3.622485,3.443634,1.510081,1.832891,1.766202,2.502028,2.416976,0.012335,1.097065,0.005892,2.562917,2.470778,2.614142,2.461757,2.612853,1.256859,1.334823,3.330960,-94.555469
-19.625939,-0.083098,2.005918,2.181153,2.580281,3.817775,4.025887,2.755845,1.564049,1.971726,2.297538,2.063453,1.856985,2.533267,2.824887,3.636294,3.441661,1.531022,1.795197,1.762014,2.491397,2.412144,0.012013,1.072581,0.004603,2.560662,2.493007,2.602222,2.464013,2.637338,1.252993,1.329991,3.360599,-95.829934
-19.319222,-0.114332,2.024658,2.155509,2.560555,3.806926,4.021613,2.738749,1.550899,1.969753,2.301484,2.049645,1.850409,2.546089,2.799901,3.634650,3.437716,1.524256,1.789720,1.766202,2.513626,2.438884,0.270712,1.098354,0.004281,2.572260,2.486242,2.591590,2.459824,2.642492,1.254926,1.356730,3.425032,-94.332227
-19.736141,-0.101510,2.009535,2.150906,2.557596,3.800022,4.022599,2.726585,1.544981,1.970411,2.303456,2.062467,1.853697,2.551678,2.776229,3.637609,3.442648,1.522001,1.865107,1.771035,2.525546,2.450159,0.283920,1.145712,0.005248,2.571616,2.476577,2.589657,2.463046,2.658278,1.253315,1.350287,3.447584,-96.367699
-19.631115,-0.101838,2.009206,2.149262,2.563185,3.786542,4.017339,2.717379,1.546953,1.973370,2.295566,2.061152,1.847450,2.558583,2.759133,3.634321,3.440675,1.519746,1.893458,1.769102,2.530056,2.448871,0.284243,1.200802,0.005570,2.564206,2.485920,2.570971,2.454670,2.674387,1.253960,1.392168,3.483666,-95.855234
-19.909044,-0.110058,2.010521,2.149591,2.555624,3.787857,4.020627,2.705543,1.547282,1.994082,2.302470,2.060823,1.846464,2.560555,2.742694,3.633335,3.431798,1.514591,1.904411,1.764269,2.539399,2.450482,0.285209,1.209501,0.005892,2.557441,2.469167,2.569683,2.471100,2.731088,1.263302,1.462078,3.503963,-97.212051
-19.510504,-0.114332,2.047343,2.151893,2.554309,3.789172,4.026873,2.784448,1.582461,2.010192,2.334032,2.057535,1.841861,2.547733,2.763736,3.624787,3.439360,1.497839,1.879605,1.753316,2.553575,2.446616,0.283598,1.191782,0.004603,2.550675,2.462080,2.558729,2.472389,2.744619,1.261369,1.530055,3.504929,-95.266371
-19.507096,-0.119921,2.046686,2.139728,2.551678,3.775364,4.024572,2.783791,1.597913,2.008877,2.356388,2.048330,1.843176,2.556281,2.766037,3.626431,3.435415,1.460145,1.899901,1.729153,2.532956,2.438239,0.273611,1.174063,0.005248,2.548742,2.441783,2.522647,2.469167,2.730766,1.245905,1.528444,3.493331,-95.249504
-19.674674,-0.126825,2.046686,2.114084,2.532281,3.780295,4.017668,2.802202,1.591666,1.998356,2.360334,2.038138,1.849094,2.611843,2.913655,3.618869,3.436401,1.492362,1.871550,1.694682,2.505894,2.415366,0.257503,1.134758,0.005248,2.541977,2.412788,2.511371,2.464979,2.724644,1.234308,1.514269,3.464981,-96.067562
-19.478489,-0.124524,2.048001,2.098303,2.517486,3.781939,4.008134,2.780832,1.573913,1.975342,2.358690,2.016768,1.841204,2.632885,2.929108,3.611636,3.417332,1.484308,1.900867,1.674707,2.502672,2.410533,0.249127,1.117684,0.004925,2.534889,2.385726,2.479154,2.456281,2.723356,1.242684,1.434050,3.431476,-95.109605
-19.340932,-0.137017,2.037809,2.102906,2.527021,3.809556,4.007147,2.777873,1.572926,1.987178,2.362635,2.020055,1.839560,2.645707,2.937656,3.627088,3.411743,1.419230,1.908599,1.650223,2.509116,2.410533,0.244616,1.102542,0.004603,2.526190,2.338690,2.454670,2.453703,2.727222,1.262336,1.446614,3.446617,-94.438391
-19.299740,-0.140962,2.043727,2.081536,2.526363,3.816789,4.005832,2.764722,1.555173,1.974027,2.331073,1.996384,1.834628,2.643405,2.941601,3.635965,3.412730,1.350609,1.874128,1.611241,2.494296,2.390237,0.198869,1.096099,0.004925,2.533922,2.296164,2.429863,2.439850,2.720456,1.266846,1.515880,3.423744,-94.236977
-19.339516,-0.148524,2.039782,2.060494,2.524390,3.803309,3.999585,2.746640,1.556816,1.976986,2.324497,1.985534,1.836272,2.649323,2.941272,3.640897,3.405168,1.317748,1.698870,1.534888,2.437595,2.303252,0.011691,0.973676,0.268779,2.512982,2.383471,2.460147,2.403445,2.705637,1.224965,1.335790,3.348035,-94.431445
-19.164309,-0.141949,2.022028,2.024329,2.490198,3.783912,3.984133,2.730530,1.546953,1.955616,2.321867,1.951671,1.788929,2.634857,2.927135,3.634979,3.392675,1.308728,1.661821,1.490107,2.433085,2.271680,0.010080,0.917941,0.184371,2.502028,2.358342,2.457891,2.491397,2.702415,1.178251,1.328380,3.364787,-93.575684
-19.089848,-0.173182,2.005589,2.015124,2.479020,3.783912,3.979530,2.708831,1.467062,1.951342,2.308059,1.944109,1.778737,2.624008,2.919244,3.628403,3.383469,1.309050,1.674707,1.480120,2.418265,2.263948,0.011047,0.944681,0.214333,2.494940,2.342234,2.456925,2.491397,2.692106,1.148934,1.331279,3.384439,-93.212047
-18.748756,-0.177785,2.010521,2.006904,2.415238,3.798707,3.979530,2.682200,1.455555,1.949698,2.287346,1.906300,1.757696,2.610200,2.950149,3.636951,3.383798,1.304862,1.725287,1.489140,2.428252,2.273613,0.011369,0.968843,0.217877,2.492363,2.302930,2.455636,2.493652,2.687918,1.162143,1.383470,3.387017,-91.546660
-18.815710,-0.161675,2.000987,1.979288,2.406033,3.805282,3.975585,2.669050,1.420376,1.923068,2.306086,1.885259,1.749805,2.605926,2.960012,3.633992,3.372948,1.303573,1.697903,1.494295,2.424064,2.271035,0.011369,0.963044,0.198224,2.490108,2.316139,2.452092,2.479154,2.680508,1.129282,1.379604,3.386050,-91.873586
-18.729150,-0.139318,1.980932,1.949698,2.338635,3.812515,3.967695,2.642090,1.398677,1.896766,2.281100,1.839560,1.711339,2.595734,2.965930,3.627746,3.362428,1.292619,1.723032,1.490107,2.417299,2.270391,0.012657,0.949836,0.091266,2.484309,2.308407,2.449193,2.468523,2.674387,1.084179,1.359308,3.376707,-91.450914
-18.746833,-0.129127,1.962849,1.927999,2.323511,3.826652,3.966051,2.624994,1.386513,1.879999,2.287346,1.817203,1.696216,2.595405,2.963957,3.640897,3.357825,1.280377,1.753638,1.512980,2.417299,2.281667,0.011047,0.941137,0.005570,2.479154,2.301319,2.454670,2.456603,2.668265,1.112529,1.330957,3.388305,-91.537234
-18.739954,-0.122551,1.957589,1.926027,2.316278,3.827638,3.960462,2.608227,1.374348,1.867505,2.281757,1.785313,1.673202,2.589158,2.965930,3.648458,3.346318,1.293264,1.751061,1.511047,2.425353,2.284244,0.010724,0.929539,0.004603,2.483342,2.297775,2.461435,2.460469,2.675353,1.203702,1.355119,3.394104,-91.503500
-18.809308,-0.154113,1.937205,1.919123,2.289319,3.821063,3.959147,2.591788,1.363499,1.863889,2.301484,1.751449,1.657092,2.578966,2.966587,3.648787,3.314098,1.295519,1.741718,1.531344,2.424708,2.297453,0.011369,0.915042,0.003315,2.503961,2.296487,2.464657,2.456925,2.673420,1.239140,1.340622,3.386372,-91.842332
-18.924089,-0.130770,1.939178,1.922739,2.296223,3.819419,3.954873,2.571405,1.364156,1.853368,2.311347,1.758025,1.661695,2.579295,2.974149,3.643855,3.304893,1.297774,1.764914,1.543264,2.447582,2.305507,0.012980,0.915042,0.003315,2.501384,2.272968,2.467556,2.448226,2.665044,1.275223,1.312272,3.352223,-92.402918
-19.087832,-0.127811,1.905314,1.913862,2.292607,3.808898,3.959475,2.536226,1.363827,1.855998,2.296223,1.773477,1.659722,2.577980,2.973163,3.634979,3.297989,1.302607,1.762014,1.562916,2.476899,2.327737,0.187271,0.949514,0.078057,2.502350,2.251383,2.475610,2.473033,2.677608,1.295197,1.331924,3.390238,-93.202125
-18.756835,-0.116633,1.937534,1.898739,2.288990,3.800350,3.968352,2.539185,1.360540,1.845807,2.306415,1.751449,1.644270,2.576007,2.959683,3.633992,3.290756,1.327413,1.755893,1.588367,2.481732,2.357376,0.233985,0.958212,0.147967,2.488819,2.233020,2.522324,2.464013,2.687918,1.294230,1.332246,3.444040,-91.586348
-18.361305,-0.119263,1.925369,1.891506,2.271894,3.801994,3.962434,2.516500,1.352649,1.842848,2.274853,1.741257,1.596927,2.569432,2.941930,3.627746,3.273002,1.331601,1.758470,1.589334,2.480121,2.355121,0.255248,1.029410,0.261369,2.486886,2.220133,2.548098,2.452092,2.693072,1.334501,1.320003,3.452094,-89.655055
-18.103649,-0.110058,1.896437,1.907287,2.304114,3.792789,3.957832,2.536884,1.341142,1.815560,2.275511,1.714627,1.649530,2.595405,2.971190,3.619198,3.256892,1.335145,1.789398,1.636692,2.479476,2.372840,0.268456,1.095132,0.262980,2.485598,2.199193,2.565172,2.470134,2.704348,1.338367,1.388303,3.439852,-88.396961
-17.109951,-0.134716,1.837587,1.880985,2.277154,3.785227,3.944023,2.515842,1.330950,1.817532,2.276497,1.634078,1.625530,2.603295,2.985985,3.616896,3.246371,1.291009,1.791976,1.696615,2.495907,2.375739,0.305828,1.003959,0.218521,2.487853,2.182762,2.568394,2.444038,2.702415,1.398612,1.328380,3.440174,-83.544668
-14.776303,-0.162990,1.799121,1.870793,2.252825,3.833227,3.947311,2.473760,1.310566,1.826409,2.261045,1.585748,1.612050,2.600994,3.015574,3.657335,3.229933,1.279733,1.854476,1.724965,2.590301,2.423420,0.350609,0.630570,0.002348,2.475933,2.200803,2.553575,2.419554,2.693717,1.428895,1.448870,3.499453,-72.149891
-12.497772,-0.161346,1.782354,1.863560,2.222578,3.848680,3.945996,2.418197,1.294128,1.812601,2.282086,1.514076,1.585420,2.645049,3.058643,3.671143,3.216782,1.226253,1.938239,1.739463,2.684374,2.472067,0.426962,0.002348,-0.000551,2.453703,2.139914,2.546165,2.424064,2.679863,1.383792,1.404411,3.706605,-61.024492
-4.537102,-0.157072,1.786628,1.811286,2.226524,3.848351,3.902927,2.390909,1.286237,1.797148,2.246250,1.548268,1.630132,2.677598,3.052397,3.668185,3.208563,1.331924,2.172453,1.850932,2.741397,2.590624,0.605441,0.273611,0.002026,2.458858,2.121229,2.656990,2.497518,2.668265,1.786821,1.637336,3.707572,-22.154059
7.780376,-0.126168,1.779395,1.822793,2.298853,3.838817,3.856899,2.409978,1.323717,1.818518,2.248551,1.710353,1.825423,2.719352,3.020506,3.617225,3.181604,1.560017,2.348033,2.078703,2.793588,2.639593,0.886691,0.811305,0.157309,2.562917,2.166010,2.781346,2.510404,2.540044,2.112852,1.772968,3.686953,37.990363
13.810648,-0.166935,1.591666,1.803724,2.229483,3.677390,3.710596,2.360991,1.375663,1.772819,2.129536,1.918794,1.875396,2.705872,2.938313,3.400236,2.977108,1.555506,2.277801,1.913110,2.647969,2.594167,0.574835,0.844810,0.253637,2.467234,2.052930,2.771358,2.329025,2.347066,1.978831,1.559050,3.465303,67.435016
18.749844,0.374553,1.362512,1.533802,1.752435,3.332509,3.467306,2.085810,1.322073,1.114619,1.155715,1.808984,1.891506,2.657871,2.677269,3.062260,2.691406,1.428573,2.153445,1.811950,2.577093,2.433085,0.393134,0.852542,0.002670,2.406989,2.175675,2.704992,1.925996,1.893135,1.743973,1.546486,3.311630,91.552117
22.051382,0.419923,1.296758,1.554844,1.881643,2.559898,3.299632,2.750914,1.690626,1.303662,1.815888,2.011836,1.950027,2.598035,2.251182,2.806805,2.584884,1.326447,2.518136,1.631859,2.510082,2.145069,0.073869,2.767492,0.012980,2.019424,1.964334,2.734632,1.804540,1.842556,1.152155,0.679861,2.932763,107.672684
23.073647,0.367977,1.348046,1.617639,1.954301,2.627624,3.349606,2.829161,1.696544,1.432870,2.232113,2.175235,1.944767,2.664776,2.396170,2.815353,2.655899,1.276833,2.522324,1.502993,2.461757,1.927607,0.019423,2.806797,0.012013,1.718844,2.012981,2.750740,1.649579,1.657955,0.272645,0.000415,2.755250,112.664379
23.580581,0.119097,1.357910,1.618297,2.071344,2.627296,3.369003,2.941930,1.717586,1.670900,2.285702,2.227510,1.999671,2.674968,2.418855,2.832449,2.674968,1.255570,2.456603,1.195648,2.464657,1.869617,0.008469,2.700804,0.012013,1.553251,1.799708,2.708214,1.491395,1.489140,0.246871,0.001704,2.528446,115.139391
22.957643,0.023424,1.345745,1.615009,2.111454,2.614145,3.369003,2.967574,1.707723,1.724819,2.339621,2.248880,2.082193,2.681872,2.418526,2.833106,2.676940,1.140557,2.264270,0.948869,2.261693,1.869295,0.009436,2.450159,0.011369,1.365429,1.652156,2.638304,1.284887,1.298741,0.506214,0.001059,2.006860,112.097840
23.668322,0.083918,1.322073,1.617968,2.035836,2.607241,3.354537,2.942916,1.691284,1.656434,2.308059,2.219948,1.997699,2.665762,2.411951,2.831134,2.675954,0.963367,2.107053,0.792297,1.995262,1.872839,0.008791,2.209502,0.009758,1.127993,1.632182,2.572582,1.206923,1.185661,0.189526,0.001059,1.570004,115.568016
24.455428,0.025725,1.325361,1.623228,2.077262,2.576007,3.355852,2.976122,1.689969,1.722188,2.376772,2.250195,2.074960,2.662803,2.409649,2.830147,2.686803,0.930506,2.070971,0.774578,1.959179,1.858342,0.009436,2.125417,0.009436,1.083212,1.604475,2.558729,1.223676,1.175029,0.103830,0.000415,1.603831,119.411254
25.231680,0.019807,1.330293,1.629146,2.104878,2.577980,3.357496,2.979081,1.847450,1.733038,2.378416,2.249538,2.086796,2.667735,2.415238,2.829819,2.695023,0.916653,2.145391,0.776511,2.045198,1.878638,0.008469,2.165365,0.009436,1.048740,1.572581,2.540688,1.248483,1.157954,0.365106,0.001704,1.719166,123.201410
25.408695,0.026712,1.324046,1.626187,2.098960,2.565487,3.354208,2.981711,1.875067,1.724161,2.376443,2.244606,2.087125,2.668721,2.402087,2.828175,2.685159,0.940171,2.415043,0.831601,2.246229,1.886692,0.008791,2.253316,0.009436,1.127671,1.499772,2.561629,1.243006,1.181472,0.584178,0.002992,1.914398,124.066102
25.379277,0.089836,1.321087,1.615009,2.012822,2.544445,3.346975,2.982697,1.852382,1.685366,2.352443,2.244277,2.077590,2.667406,2.391238,2.827189,2.684502,1.152478,2.457247,0.969810,2.355443,1.884115,0.009436,2.375095,0.010724,1.476898,1.564205,2.649258,1.226898,1.417297,0.689526,0.002992,2.540044,123.922234
26.664936,0.014876,1.298402,1.605146,2.075289,2.558254,3.345003,2.975793,1.672544,1.719887,2.361649,2.217976,2.072001,2.667406,2.385649,2.821928,2.682529,1.098032,2.439206,0.917619,2.308407,1.890880,0.009436,2.271035,0.009436,1.282310,1.549385,2.615430,1.234952,1.446292,0.725931,0.003315,2.503317,130.199805
26.668384,0.071753,1.330622,1.606461,2.075289,2.551021,3.347962,2.980067,1.633420,1.710353,2.379731,2.245921,2.129207,2.673981,2.394197,2.822586,2.683516,1.025867,2.476577,0.932117,2.362853,1.877672,0.030376,2.302608,0.010080,1.324836,1.525545,2.619618,1.344166,1.493328,0.833856,0.001382,2.587080,130.216672
27.107257,0.076685,1.342786,1.613036,2.089755,2.556610,3.348619,2.964944,1.791559,1.714298,2.387293,2.236387,2.155509,2.685488,2.406362,2.824230,2.695351,1.139269,2.467556,0.967233,2.436951,1.884759,0.028121,2.332569,0.010080,1.442748,1.566460,2.637660,1.404733,1.528767,0.942104,0.003959,2.623162,132.359797
26.950976,0.008629,1.339498,1.612708,2.146961,2.572720,3.348948,2.954752,1.807669,1.772162,2.388279,2.226852,2.209756,2.712776,2.425101,2.817983,2.699954,1.157310,2.208858,0.960145,2.084824,1.907955,0.009114,2.409244,0.010402,1.270068,1.689527,2.682763,1.411821,1.544230,0.900867,0.003315,2.612531,131.596805
26.303166,0.017506,1.331279,1.606461,2.118358,2.545760,3.345660,2.974149,1.955616,1.754079,2.389594,2.231455,2.199564,2.696009,2.399786,2.810092,2.686475,0.998483,2.185984,0.889591,2.051963,1.923419,0.009436,2.391203,0.010724,1.245905,1.729476,2.671165,1.359308,1.545519,0.833212,0.003637,2.483987,128.433215
26.242117,0.020794,1.322731,1.599228,2.123947,2.543459,3.342373,2.965272,1.960219,1.746518,2.386306,2.211729,2.196605,2.687132,2.415896,2.804832,2.680885,0.949836,2.138303,0.866395,2.028767,1.925674,0.009114,2.259760,0.010080,1.218844,1.748805,2.629283,1.352864,1.530377,0.876382,0.003315,2.416976,128.135559
26.158420,-0.018988,1.298073,1.583776,2.143016,2.531952,3.329222,2.966587,1.917479,1.752435,2.384005,2.230140,2.175893,2.676611,2.414910,2.799243,2.672666,0.936949,2.065494,0.837078,1.937272,1.919875,0.009114,2.269425,0.010080,1.196614,1.781988,2.625095,1.331601,1.538432,0.870905,0.004281,2.608020,127.726777
26.467958,0.026054,1.328978,1.605146,2.115399,2.504664,3.321660,2.956396,1.939835,1.745860,2.395841,2.235729,2.188057,2.679242,2.417540,2.777873,2.663461,0.927928,2.064205,0.832568,1.940494,1.922130,0.008791,2.270069,0.009436,1.222710,1.784566,2.625095,1.327413,1.544553,0.863818,0.003315,2.606410,129.237879
27.173723,0.033616,1.321745,1.601858,2.102248,2.476390,3.311468,2.941930,1.765258,1.734682,2.446800,2.229483,2.186085,2.678584,2.393211,2.766366,2.659187,0.905055,2.040043,0.832245,1.929540,1.925030,0.010080,2.213690,0.009758,1.228509,1.789398,2.623484,1.395712,1.553895,0.866717,0.004603,2.606088,132.684242
26.654980,0.088192,1.339827,1.615666,2.036165,2.423458,3.295030,2.932395,1.746189,1.707723,2.452389,2.222907,2.180824,2.670365,2.364279,2.752557,2.660830,0.973354,2.033600,0.869939,1.954347,1.929540,0.009114,2.294876,0.009758,1.467555,1.805184,2.663755,1.522001,1.614463,0.907954,0.002992,2.710469,130.151187
27.927013,0.097398,1.339498,1.604159,2.019398,2.406033,3.292071,2.932724,1.739942,1.695229,2.452389,2.214030,2.153208,2.666091,2.353758,2.739735,2.659844,1.103508,2.045198,0.900867,1.969489,1.935983,0.009758,2.275868,0.008147,1.482697,1.806795,2.672454,1.549707,1.621872,0.958212,0.008147,2.752673,136.362281
26.484200,0.094439,1.328978,1.607447,2.013480,2.379074,3.283851,2.921875,1.732709,1.694900,2.436937,2.222907,2.146632,2.663132,2.354087,2.732502,2.646693,1.104797,2.033922,0.910532,1.973033,1.933406,0.009114,2.301963,0.010724,1.499450,1.803896,2.676642,1.542942,1.628316,0.960467,0.003637,2.731732,129.317254
24.425591,0.101343,1.300046,1.591009,1.996055,2.356388,3.281550,2.909381,1.703448,1.676160,2.432992,2.206140,2.117043,2.650310,2.342580,2.724612,2.640118,1.073225,1.973033,0.905055,1.962079,1.935017,0.010402,2.287788,0.009758,1.497517,1.803251,2.673420,1.529411,1.643135,0.906666,0.003637,2.714979,119.265402
24.325475,0.089836,1.282950,1.563392,2.009206,2.323182,3.270043,2.908395,1.819834,1.676160,2.437924,2.223894,2.104878,2.638474,2.345539,2.720667,2.651296,1.075158,2.051963,0.903766,1.959824,1.929862,0.009758,2.371229,0.010724,1.324514,1.806151,2.685340,1.521357,1.613818,0.870261,0.004281,2.695327,118.776750
24.066913,0.120412,1.266182,1.560433,2.011507,2.298853,3.268070,2.903792,1.862574,1.652489,2.420499,2.216661,2.098303,2.637488,2.332059,2.712447,2.632556,1.077735,1.997839,0.907632,1.921486,1.928574,0.008791,2.319038,0.009758,1.319359,1.790365,2.676320,1.515236,1.599643,0.859307,0.003959,2.675031,117.514191
25.304718,0.085891,1.329635,1.587721,2.015453,2.278141,3.260837,2.897546,1.683393,1.677147,2.408005,2.244606,2.143673,2.647351,2.327456,2.708502,2.632885,0.964333,2.082247,0.874449,1.868329,1.928896,0.009758,2.450804,0.010080,1.275867,1.808084,2.691139,1.512336,1.600609,0.816781,0.003637,2.695972,123.558102
25.658513,0.094110,1.340485,1.591666,2.022028,2.264004,3.257221,2.892285,1.859944,1.675832,2.421485,2.262031,2.170304,2.640775,2.321539,2.705214,2.629926,0.957245,2.063883,0.874449,1.866074,1.925674,0.009436,2.446616,0.010402,1.259436,1.846099,2.692750,1.558728,1.600932,0.803251,0.002992,2.719812,125.285500
25.913234,0.098384,1.299388,1.563392,1.989808,2.213373,3.237823,2.882093,1.860930,1.663338,2.416553,2.226852,2.134139,2.631570,2.298853,2.682858,2.607898,0.945003,2.036177,0.871550,1.819682,1.925996,0.008469,2.394747,0.011369,1.261692,1.864141,2.690817,1.545519,1.575481,0.793908,0.005570,2.724000,126.529703
26.167165,0.098713,1.295443,1.558131,1.988822,2.174249,3.224344,2.873874,1.861588,1.657092,2.414910,2.233428,2.139071,2.624666,2.282415,2.671351,2.608556,0.942748,2.019424,0.856086,1.806473,1.923419,0.009114,2.432762,0.010724,1.253637,1.866074,2.689528,1.537787,1.565493,0.785854,0.003959,2.703704,127.769441
25.795560,0.098055,1.290840,1.559447,1.991452,2.207126,3.233549,2.870258,1.676160,1.658736,2.408005,2.210414,2.129865,2.617104,2.285702,2.668721,2.593761,0.921485,2.000094,0.866073,1.776189,1.923741,0.009436,2.410855,0.011047,1.240107,1.857053,2.677608,1.532955,1.560983,0.763624,0.003315,2.704348,125.954730
25.328105,0.101014,1.314183,1.559118,1.995069,2.194962,3.233878,2.867956,1.883615,1.658407,2.415567,2.226524,2.162085,2.624994,2.288661,2.667077,2.603953,0.924707,2.001061,0.851897,1.776189,1.920842,0.009114,2.450482,0.009758,1.239462,1.864141,2.677286,1.546486,1.566460,0.732052,0.002670,2.691461,123.672203
23.878147,0.132905,1.311882,1.548597,1.944438,2.154194,3.216453,2.856778,1.684709,1.621584,2.409320,2.212715,2.173263,2.618090,2.249866,2.660830,2.578966,0.933727,1.985597,0.860274,1.818071,1.921164,0.009436,2.494618,0.012335,1.239784,1.896035,2.687595,1.553251,1.558406,0.711433,0.002670,2.775547,116.592449
22.965744,0.152303,1.327991,1.575228,1.923725,2.148276,3.201001,2.859737,1.718901,1.606132,2.430362,2.273867,2.177866,2.644063,2.249538,2.656885,2.585542,1.017168,1.998484,0.887658,1.918264,1.936950,0.009758,2.627028,0.011369,1.458857,1.907955,2.693072,1.627993,1.592555,0.715622,0.003637,2.822905,112.137527
23.276517,0.185180,1.325690,1.561748,1.877369,2.092385,3.194754,2.852175,1.682407,1.585748,2.404718,2.254469,2.198578,2.636830,2.236387,2.631899,2.586528,1.181150,2.009759,0.952735,1.951125,1.935983,0.008147,2.702415,0.012013,1.491718,1.994295,2.722711,1.643780,1.626705,0.617683,0.002348,2.971101,113.655078
23.601580,0.195043,1.349690,1.583447,1.870464,2.077590,3.191796,2.834093,1.677476,1.567008,2.410636,2.268935,2.187071,2.639789,2.229811,2.630912,2.581597,1.231730,2.023935,1.003315,1.999128,1.937916,0.012335,2.726255,0.011691,1.518457,2.046486,2.727866,1.670519,1.655700,0.590944,0.001704,2.957248,115.242082
23.853611,0.201947,1.367444,1.581474,1.861259,2.068056,3.183576,2.838038,1.673859,1.562406,2.412279,2.308059,2.211729,2.631899,2.238688,2.629597,2.570418,1.243972,2.044231,1.023934,2.017813,1.942427,0.010080,2.754284,0.012335,1.564205,2.018458,2.731088,1.678896,1.639591,0.698869,0.002670,2.946616,116.472891
23.583324,0.234496,1.377636,1.589036,1.834300,2.055563,3.169768,2.816668,1.666297,1.544323,2.388937,2.336333,2.192331,2.634200,2.236387,2.606583,2.539514,1.249771,2.080636,1.043264,2.011692,1.944038,0.009114,2.775547,0.010402,1.592877,1.949514,2.727866,1.663109,1.653767,0.809694,0.003315,2.948872,115.152785
24.606558,0.248304,1.382896,1.580817,1.833971,2.042741,3.140507,2.800558,1.657749,1.532816,2.395841,2.320552,2.203510,2.623022,2.198907,2.603953,2.518801,1.261047,2.068716,1.115429,2.025545,1.949192,0.008147,2.765882,0.012335,1.600609,1.932440,2.736565,1.684695,1.752349,0.831601,0.003315,3.035212,120.149441
24.903636,0.199317,1.430239,1.577200,1.837258,2.035836,3.110918,2.812394,1.672873,1.591337,2.396827,2.356388,2.233428,2.624008,2.254140,2.600994,2.568774,1.296485,2.092556,1.376382,2.046164,1.936628,0.010402,2.799387,0.184694,1.580635,2.078703,2.750418,1.756215,1.745906,0.721098,0.004603,3.060341,121.600020
25.250618,0.212139,1.434185,1.555173,1.834300,1.985206,3.114534,2.821271,1.678462,1.575228,2.380717,2.343237,2.250195,2.609871,2.246907,2.597049,2.531952,1.290364,2.031667,1.397645,2.079347,1.931473,0.008469,2.776513,0.360918,1.575158,2.224321,2.757827,1.784566,1.749128,0.603508,0.001382,3.064851,123.294180
25.217746,0.176961,1.404266,1.542679,1.839231,1.971068,3.155631,2.817983,1.797148,1.603502,2.390581,2.334361,2.243620,2.610857,2.249538,2.583898,2.518472,1.283599,1.993973,1.366073,2.045520,1.940816,0.008791,2.763626,0.397000,1.548419,2.281667,2.759116,1.766847,1.729798,0.506859,0.002992,3.057441,123.133445
24.397791,0.167097,1.363827,1.519665,1.840217,1.941479,3.132617,2.792996,1.668270,1.600543,2.372827,2.311347,2.225537,2.610528,2.209099,2.576007,2.511240,1.251704,1.963690,1.115429,2.006216,1.939849,0.009758,2.704348,0.407954,1.521035,2.200803,2.751706,1.779411,1.738174,0.479797,-0.001840,3.046810,119.129969
24.127352,0.110877,1.365471,1.510131,1.844491,1.969096,3.128343,2.719680,1.636379,1.631119,2.369868,2.251839,2.191016,2.600008,2.208441,2.557596,2.476719,1.254604,1.975288,1.049385,1.990752,1.939205,0.010402,2.678575,0.319359,1.531022,2.156022,2.750740,1.783921,1.771035,0.459823,0.002992,2.994297,117.809367
22.554836,0.089836,1.384211,1.512432,1.815888,1.890191,3.145110,2.697324,1.563063,1.627502,2.356388,2.234743,2.163728,2.546418,2.168660,2.542144,2.450417,1.230442,1.945971,1.040364,1.962079,1.942105,0.009114,2.661500,0.305828,1.536821,2.228187,2.759438,1.710790,1.755249,0.082245,-0.000551,2.944039,110.130828
19.227887,0.167426,1.379937,1.491391,1.777422,1.826738,3.118480,2.648008,1.533474,1.550899,2.331730,2.196934,2.170961,2.532610,2.121317,2.532610,2.403074,1.232052,1.950481,1.333212,2.016847,1.943071,0.008791,2.658600,0.209822,1.562916,2.328381,2.762338,1.675674,1.742684,0.009114,0.000415,2.930186,93.886238
11.088864,0.175317,1.376650,1.491062,1.781367,1.914191,3.122425,2.638145,1.501254,1.539720,2.278470,2.156167,2.113755,2.480335,2.123618,2.520445,2.322525,1.252671,1.927607,1.421486,2.028767,1.945971,0.008791,2.627995,0.012335,1.606086,2.405701,2.767170,1.781022,1.926641,0.009436,-0.000874,3.025225,54.144664
2.364018,0.002711,1.310566,1.363827,1.734353,1.962849,3.128014,2.534253,1.455226,1.615995,2.265319,2.117700,2.028275,2.470472,2.095015,2.516829,2.299511,1.262336,1.828058,1.465622,2.031989,1.935661,0.009436,2.598356,0.011691,1.777800,2.395713,2.760083,1.858664,2.149901,0.009114,0.000093,3.014271,0.000000
-7.369153,-0.331979,1.298731,1.419061,1.842519,2.358361,3.163850,2.312662,1.194839,1.782025,2.229811,2.128550,1.853697,2.462581,2.118358,2.688447,2.310689,1.163753,1.700803,1.244295,1.992040,1.945648,0.010402,2.235597,0.009758,1.684372,2.176641,2.705637,1.805184,2.125739,0.009436,0.001059,2.714335,-35.982176
-10.876567,-0.375377,1.445034,1.675832,1.953972,2.817983,3.297660,2.267291,1.207332,1.777751,2.193318,2.426745,1.890191,2.544445,2.436608,3.021821,2.886367,1.089333,1.615429,1.224643,2.099966,2.017813,0.010724,1.817427,0.012335,1.786177,1.966267,2.516203,1.746550,2.122195,0.009758,0.000093,2.401190,-53.108324
-13.053367,-0.317842,1.340485,1.641639,1.909259,3.295358,3.650102,2.228168,1.111002,1.596598,2.328114,2.178194,1.683393,2.533596,2.538199,3.169768,3.167795,1.096421,1.055184,0.996227,2.066460,2.072259,0.010724,1.469166,0.005892,1.918909,1.787143,2.300030,1.493006,1.936950,0.008469,-0.000551,2.056473,-63.737133
-13.650555,-0.401022,1.452267,1.728106,2.161427,3.481771,3.897009,2.490527,1.190565,1.745202,2.345868,2.109152,1.674845,2.535240,2.548062,3.335140,3.308838,1.260725,1.243328,1.677285,2.348999,2.093522,0.009114,1.050996,0.003959,2.284889,1.914721,2.221744,1.570004,2.204992,0.334822,0.001382,2.849322,-66.653172
-14.756408,-0.431269,1.437472,1.739942,2.162085,3.513005,3.914105,2.507952,1.176756,1.744874,2.359676,2.058850,1.711339,2.518801,2.504335,3.375578,3.324290,1.265235,1.570648,1.695326,2.359953,2.251706,0.199191,0.811949,0.002670,2.415688,2.047775,2.123484,1.550674,2.305185,0.483663,0.002026,3.257828,-72.052656
-15.379387,-0.408583,1.397362,1.706407,2.150906,3.495909,3.901612,2.475732,1.168208,1.691284,2.337977,2.000658,1.688983,2.478362,2.458307,3.372948,3.318044,1.272001,1.637336,1.757182,2.440172,2.362853,0.326446,0.887658,0.002992,2.445327,2.037143,2.166332,1.614463,2.416332,0.605763,-0.000229,3.444362,-75.094703
-16.167508,-0.402994,1.381252,1.657420,2.123290,3.521224,3.895365,2.433978,1.163606,1.678133,2.332717,1.941150,1.654133,2.448115,2.395183,3.385770,3.315413,1.371228,1.380248,1.906666,2.685018,2.449837,0.457567,0.545196,0.206923,2.530701,2.074192,2.212079,1.762659,2.517814,0.458856,0.001382,3.631863,-78.942902
-16.334576,-0.480585,1.304320,1.632763,2.058850,3.579745,3.886817,2.275839,1.090289,1.622899,2.312004,1.785641,1.573913,2.396498,2.339621,3.385113,3.303578,1.317426,1.176318,1.829991,2.675675,2.447582,0.489784,0.002348,-0.000229,2.510404,2.017813,2.146035,1.527800,2.395391,0.123160,0.000737,3.643461,-79.758480
-16.506694,-0.710397,1.244483,1.571611,1.926355,3.592238,3.861173,2.102248,1.017960,1.559775,2.303785,1.587063,1.501912,2.342909,2.309374,3.369332,3.295687,1.213367,1.633470,1.694360,2.404412,2.353510,0.309694,0.001382,0.000737,2.379927,1.916009,1.924708,1.348032,2.083857,0.009114,-0.000551,3.522971,-80.598863
-16.771555,-0.697575,1.196811,1.483500,1.833971,3.591910,3.835529,2.046357,0.726668,1.427609,2.282415,1.522295,1.382239,2.299182,2.285374,3.365058,3.282208,1.137014,1.214333,1.515880,2.114141,2.072582,0.009436,0.000415,-0.001840,2.164399,1.733019,2.003960,1.526511,2.085146,0.009114,-0.000229,3.232055,-81.892180
-17.626022,-0.585792,1.176099,1.495994,1.807011,3.595197,3.854926,2.027617,0.683599,1.308923,2.282415,1.483500,1.359882,2.295237,2.298196,3.361441,3.279577,1.052284,0.973032,1.164720,2.105765,2.073226,0.009436,0.413109,0.002348,2.100932,1.768135,1.996228,1.603509,2.079991,0.010080,0.000737,3.116398,-86.064328
-18.597827,-0.495379,1.175113,1.498624,1.795833,3.605718,3.857228,1.912547,0.640529,1.210949,2.276497,1.468048,1.329964,2.308059,2.314306,3.354208,3.277933,1.126382,0.940171,1.110596,2.106731,2.071615,0.009758,0.531021,0.002670,2.099321,1.798097,2.023612,1.702736,2.264270,0.009758,-0.000551,3.147648,-90.809465
-19.149805,-0.492092,1.157030,1.462459,1.783669,3.619526,3.866762,1.941479,0.616200,1.203387,2.271237,1.459829,1.284922,2.324169,2.295566,3.367688,3.284180,1.164398,0.904088,1.096099,2.092878,2.069682,0.010080,0.377993,0.002026,2.101576,1.830635,2.048419,1.816138,2.397646,0.011369,-0.006673,3.206926,-93.504742
-19.182922,-0.652862,1.185962,1.577529,1.814244,3.695472,3.910489,2.036823,0.808861,1.368430,2.266963,1.447993,1.317471,2.353758,2.366580,3.436072,3.306208,1.199192,0.859307,1.091266,2.089656,2.070326,0.010724,0.321292,0.001382,2.145391,1.859952,2.021035,1.877672,2.499129,0.010724,0.000093,3.232377,-93.666469
-20.236225,-0.723219,1.266182,1.620598,1.837258,3.733939,3.936133,2.129207,0.824971,1.519008,2.283401,1.464760,1.358238,2.385649,2.416882,3.470922,3.327249,1.197903,0.887658,1.185983,2.098355,2.078058,0.011369,0.343843,0.001382,2.203703,1.925674,2.005249,1.868973,2.518781,0.011691,-0.000229,3.256540,-98.809473
-20.754671,-0.710397,1.275388,1.615338,1.839231,3.736240,3.939749,2.160441,0.856533,1.524597,2.296552,1.461144,1.356266,2.387622,2.467842,3.467963,3.329551,1.223998,0.859307,1.221099,2.093845,2.078703,0.009758,0.311949,0.000415,2.206602,1.946615,1.993329,1.848999,2.514593,0.011369,-0.000551,3.251063,-101.341039
-21.094684,-0.718616,1.287552,1.612050,1.839231,3.752021,3.946982,2.163728,0.836478,1.539392,2.302799,1.457199,1.388814,2.390581,2.555295,3.494265,3.331523,1.232697,0.833856,1.104153,2.084180,2.081924,0.010402,0.306794,0.001704,2.208213,1.945971,1.988496,1.829669,2.515237,0.011047,0.000093,3.250741,-103.001465
-20.892054,-0.719603,1.311882,1.635722,1.846793,3.762213,3.955201,2.170304,0.897958,1.567666,2.307730,1.499281,1.406239,2.415238,2.612172,3.513991,3.339085,1.221099,0.814848,1.099642,2.090301,2.081924,0.011047,0.305183,0.001059,2.195004,1.941782,1.978831,1.836757,2.513626,0.011047,-0.000551,3.242687,-102.011758
-20.443148,-0.734069,1.281963,1.597584,1.835286,3.772405,3.956845,2.160441,0.856204,1.560104,2.303127,1.457199,1.360211,2.408992,2.600665,3.537662,3.334482,1.232052,0.797452,1.107374,2.087401,2.085146,0.011691,0.257181,0.002348,2.194038,1.978187,1.983986,1.822903,2.512015,0.012335,-0.000229,3.245908,-99.820016
-20.840522,-0.741630,1.286566,1.603173,1.839889,3.770103,3.956188,2.162085,0.883163,1.576214,2.303456,1.487774,1.366129,2.411951,2.629597,3.537005,3.331523,1.250094,0.883792,1.314205,2.098677,2.085468,0.010080,0.315815,0.000415,2.207891,2.059373,1.995262,1.824192,2.511371,0.011047,-0.001196,3.248163,-101.760238
-20.259821,-0.730452,1.298073,1.612708,1.836272,3.769117,3.963749,2.159454,0.909794,1.579502,2.300168,1.478898,1.361526,2.423458,2.683844,3.548841,3.338099,1.252349,0.910532,1.324514,2.101899,2.084502,0.010402,0.347709,0.000737,2.215945,2.079025,1.996551,1.840945,2.514915,0.012980,0.000415,3.238821,-98.925062
-20.157077,-0.709739,1.324704,1.662681,1.879341,3.771090,3.972297,2.174249,0.977521,1.629475,2.305429,1.525912,1.420705,2.430362,2.762421,3.563635,3.338427,1.273612,1.055828,1.409565,2.110275,2.083535,0.009114,0.431150,0.002348,2.238175,2.120584,2.000417,1.825159,2.507505,0.012335,0.000737,3.261050,-98.423016
-19.709699,-0.711054,1.309909,1.669256,1.873752,3.772076,3.971640,2.168331,0.967986,1.625201,2.299511,1.514076,1.406239,2.432663,2.757818,3.563635,3.333167,1.260403,1.060983,1.404089,2.111564,2.083213,0.010080,0.436304,0.001059,2.251706,2.125739,2.000094,1.799385,2.512337,0.012980,0.000737,3.257506,-96.238715
-19.688014,-0.421734,1.410513,1.689969,1.986849,3.773062,3.978873,2.331730,1.089632,1.657749,2.306086,1.559118,1.452596,2.473760,2.775243,3.564950,3.371962,1.263625,1.065815,1.414076,2.112530,2.084824,0.010402,0.427284,0.003315,2.275224,2.118007,2.008471,1.829025,2.516526,0.012657,0.000737,3.247841,-96.133047
-19.843374,-0.407597,1.415445,1.703448,1.986192,3.766816,3.978544,2.341265,1.107714,1.656434,2.294251,1.568652,1.460815,2.475732,2.755845,3.553443,3.373606,1.270712,1.049063,1.428251,2.118973,2.080636,0.009436,0.464655,-0.000874,2.265559,2.128638,2.010404,1.807440,2.514270,0.012335,0.000093,3.214980,-96.891574
-19.518574,-0.401022,1.404266,1.711997,1.976658,3.766816,3.978873,2.345210,1.106728,1.649859,2.293922,1.561419,1.435828,2.470801,2.775900,3.555416,3.376236,1.274256,1.083534,1.444359,2.123484,2.083535,0.009758,0.496549,0.002026,2.287466,2.152801,2.017491,1.776189,2.510404,0.012335,0.001059,3.211759,-95.305562
-19.965408,-0.406282,1.424321,1.740928,1.962849,3.764514,3.978215,2.362635,1.109029,1.653804,2.287346,1.567337,1.472651,2.481979,2.783791,3.559033,3.398264,1.270712,1.122516,1.450480,2.140881,2.077092,0.010402,0.601575,0.003315,2.304541,2.181151,2.017491,1.765880,2.511049,0.014268,0.000737,3.236888,-97.487383
-19.744009,-0.357624,1.441746,1.739942,1.945753,3.767802,3.981174,2.398471,1.127441,1.659064,2.300497,1.598242,1.516706,2.484938,2.793983,3.561663,3.398264,1.257181,1.153444,1.448547,2.144747,2.072259,0.010402,0.703057,0.003637,2.334824,2.178252,2.019424,1.744295,2.513304,0.031343,0.051317,3.263627,-96.406395
-19.336786,-0.355980,1.467062,1.737641,2.020384,3.771090,3.985777,2.424444,1.132372,1.682736,2.309045,1.677147,1.556488,2.508281,2.818969,3.580074,3.408784,1.230764,1.151189,1.447581,2.147002,2.073226,0.010080,0.742683,0.002670,2.324193,2.205314,2.053896,1.798097,2.514593,0.014590,0.145067,3.307120,-94.418051
-18.932155,-0.373405,1.468377,1.734682,2.053261,3.773062,3.984133,2.413594,1.122180,1.685695,2.296881,1.669585,1.544981,2.516500,2.857764,3.576457,3.411086,1.219810,1.167619,1.425996,2.147324,2.070649,0.010080,0.775222,0.003637,2.312917,2.218845,2.057762,1.819037,2.525868,0.031021,0.309694,3.304865,-92.442109
-18.870943,-0.438173,1.484487,1.715284,2.088769,3.779967,3.982161,2.400115,1.117249,1.749476,2.289977,1.596269,1.505199,2.516829,2.868614,3.591910,3.406483,1.204668,1.133148,1.424707,2.138948,2.071937,0.010724,0.609307,0.002670,2.292943,2.221422,2.050674,1.751383,2.499773,0.360273,0.380248,3.281991,-92.143461
-19.014965,-0.469406,1.417417,1.661366,2.061809,3.769117,3.977229,2.381704,1.062344,1.702462,2.261045,1.527227,1.452267,2.503020,2.870258,3.586978,3.392017,1.200802,1.124771,1.421163,2.123484,2.082247,0.010724,0.549384,0.002670,2.277801,2.205636,2.045520,1.655700,2.502028,0.325802,0.365106,3.279091,-92.846426
-19.394166,-0.477954,1.416431,1.685695,2.040768,3.768788,3.973941,2.368553,1.053467,1.698517,2.249866,1.527227,1.446349,2.514198,2.863353,3.587307,3.391359,1.197259,1.178573,1.418908,2.134437,2.073870,0.009436,0.625415,0.003315,2.285211,2.188239,2.033600,1.799708,2.513304,0.382181,0.373804,3.266849,-94.697848
-19.145223,-0.497352,1.378293,1.684380,2.043069,3.768131,3.971311,2.368882,1.033412,1.688654,2.255784,1.538734,1.425308,2.510253,2.864668,3.589280,3.392675,1.188882,1.219810,1.413754,2.122839,2.077414,0.010402,0.720454,0.002992,2.267169,2.186628,2.010082,1.845133,2.526513,0.113495,0.368328,3.262661,-93.482418
-19.313857,-0.498667,1.339827,1.645913,1.979288,3.765829,3.966380,2.311675,1.004809,1.645913,2.247565,1.481856,1.353636,2.500719,2.840668,3.585663,3.378866,1.186949,1.327735,1.422452,2.144424,2.072582,0.010402,0.720776,0.002670,2.251061,2.159566,1.999128,1.836757,2.529412,0.166008,0.345132,3.327416,-94.305934
-19.117703,-0.616039,1.312539,1.642626,1.921424,3.763528,3.960133,2.309374,0.957794,1.634078,2.237373,1.481856,1.299717,2.503020,2.861709,3.583033,3.373606,1.179539,1.314849,1.431150,2.137659,2.070649,0.009758,0.667619,0.002670,2.230120,2.105120,1.979154,1.765236,2.531667,0.303572,0.145389,3.372519,-93.347977
-18.573876,-0.627546,1.304977,1.608762,1.902684,3.758268,3.946982,2.302470,0.933794,1.621913,2.223894,1.458185,1.236264,2.478691,2.868942,3.577773,3.368017,1.175351,1.357697,1.433083,2.151190,2.066783,0.009758,0.727542,0.003637,2.193716,2.080636,1.985597,1.860597,2.539399,0.314526,0.001382,3.409568,-90.692883
-17.965834,-0.637409,1.301690,1.601529,1.897752,3.757610,3.942051,2.312662,0.921301,1.616324,2.221921,1.440760,1.226072,2.487568,2.868614,3.576786,3.353222,1.187271,1.404411,1.435016,2.154089,2.057118,0.009758,0.740106,0.003637,2.236886,2.089334,2.032955,1.891203,2.538111,0.486884,0.145389,3.432442,-87.723762
-17.514571,-0.734726,1.276703,1.600543,1.901040,3.752021,3.944023,2.413266,0.895328,1.606461,2.231455,1.381910,1.189907,2.485924,2.859737,3.566594,3.344674,1.174063,1.380893,1.434694,2.137015,2.060017,0.009758,0.714977,0.002348,2.207891,2.110597,2.041009,1.882504,2.526835,0.505248,0.147967,3.388628,-85.520609
-17.632607,-0.714671,1.268484,1.629475,1.854355,3.745117,3.929886,2.392224,0.872314,1.583776,2.220606,1.368102,1.111002,2.462581,2.821599,3.555745,3.326263,1.188882,1.348032,1.444037,2.131538,2.065494,0.010080,0.660531,0.002348,2.212724,2.111886,2.018780,1.906666,2.513626,0.666653,0.172451,3.358344,-86.096574
-17.138677,-0.714671,1.239552,1.590351,1.790902,3.740843,3.924297,2.283730,0.846669,1.547940,2.203510,1.343115,1.078782,2.430691,2.884395,3.567909,3.313770,1.185661,1.276511,1.452091,2.124772,2.060661,0.008469,0.577413,0.002348,2.253961,2.126061,2.031022,1.925674,2.499773,0.662464,0.277477,3.326450,-83.685063
-16.483218,-0.738343,1.243168,1.598570,1.817203,3.742815,3.932187,2.423129,0.860478,1.590680,2.208112,1.363170,1.161962,2.454691,2.907409,3.585663,3.341386,1.209501,1.239784,1.525223,2.130894,2.068393,0.010080,0.609629,0.002670,2.315172,2.167620,2.024901,1.930185,2.495585,0.746872,0.433727,3.365754,-80.484266
-16.585983,-0.750178,1.188921,1.506514,1.753093,3.729007,3.914434,2.350470,0.670448,1.550899,2.179509,1.313525,1.072207,2.415896,2.929108,3.577115,3.324290,1.203702,1.206279,1.517491,2.117685,2.066138,0.010080,0.573225,0.001704,2.304218,2.146680,2.056151,1.963045,2.512337,0.871227,0.584178,3.347390,-80.986312
-16.778196,-0.707109,1.102125,1.425308,1.741915,3.702377,3.878927,2.017096,0.582337,1.482514,2.155509,1.255333,1.029138,2.403074,2.951464,3.559690,3.275632,1.167297,1.544875,1.513303,2.113819,2.062272,0.008469,0.699836,0.002670,2.271358,2.096744,2.114785,2.129605,2.520714,0.954990,0.641846,3.340947,-81.924922
-16.865557,-0.707438,1.050508,1.395061,1.724819,3.697445,3.873009,2.009535,0.582666,1.475939,2.178852,1.230346,1.012371,2.409320,2.952121,3.564950,3.270043,1.206279,1.621872,1.570970,2.151512,2.125739,0.013624,0.741717,0.004281,2.312273,2.107375,2.159566,2.204669,2.555185,1.029733,0.708212,3.364787,-82.351562
-15.535784,-0.760042,0.998891,1.413801,1.716271,3.727034,3.879913,2.006904,0.540912,1.513747,2.165043,1.294457,0.946287,2.431019,2.923518,3.619198,3.305221,1.183405,1.608986,1.607053,2.232376,2.226899,0.287142,0.733663,0.002992,2.340623,2.063883,2.171164,2.252028,2.539077,1.169230,0.872838,3.447262,-75.858191
-11.078015,-0.903058,0.959438,1.481856,1.790573,3.810213,3.908845,2.089097,0.333456,1.632105,2.202523,1.321087,1.038672,2.495787,2.952450,3.701062,3.333167,1.241717,1.761370,1.742040,2.437917,2.383793,0.393134,0.329990,0.004603,2.456925,2.110275,2.168587,2.226899,2.587724,1.429862,1.178251,3.628963,-54.092078
-3.454075,-1.128596,0.969630,1.490405,2.040110,3.833556,3.963421,2.123290,0.239756,1.813916,2.226852,1.511117,1.182346,2.501705,2.891628,3.713226,3.372291,1.303573,1.888625,2.043587,2.783279,2.562273,0.967877,0.004281,-0.001518,2.680508,2.391847,2.238175,2.299708,2.522647,1.927285,1.229797,3.933088,-16.865699
5.533971,-1.180871,0.750011,1.498295,2.286689,3.771419,3.860515,1.654133,0.294661,1.812929,2.236716,1.680763,1.692270,2.596720,2.910368,3.665883,3.264125,1.616396,2.357054,2.205958,2.867042,2.601577,1.238818,0.006536,-0.002162,2.667621,2.473033,2.425353,2.281345,2.429863,1.964334,1.446937,3.875742,27.021234
11.835529,-1.265695,0.458390,1.255004,2.048658,3.586321,3.596841,1.517693,0.343319,1.717586,2.091727,1.504870,1.680763,2.578966,2.792010,3.339414,2.919902,1.454024,1.943715,1.827092,2.678575,2.457569,0.442748,0.101897,0.000415,2.496551,2.126061,2.553897,1.810339,2.090623,1.486563,1.140557,3.599324,57.790457
22.120030,-0.750178,0.995932,1.390129,2.021699,3.473552,3.516950,1.769860,1.064974,1.560762,1.968438,1.679119,1.965479,2.581597,2.706201,3.099411,2.799901,1.258148,1.614463,1.229797,2.114141,2.026190,0.010724,0.000737,-0.000551,2.187595,1.991396,2.507827,1.621550,1.834824,0.696614,0.002670,3.279413,108.008043
24.301564,-0.662725,0.540583,1.111988,1.875067,2.865326,3.313770,2.539843,1.299388,1.672873,2.327456,1.737312,1.956602,2.544445,2.345868,2.783462,2.626638,1.163431,1.612530,0.918586,1.749450,1.904411,0.009114,1.445648,0.010402,1.583212,2.098677,2.605121,1.585790,1.690494,0.007503,-0.000551,3.268138,118.660168
26.144638,-0.459543,0.344635,0.905191,1.755723,2.424773,3.378866,2.732502,1.638680,1.711668,2.278798,1.745860,1.915177,2.419841,2.099618,2.594419,2.545432,0.861562,1.713045,0.771356,1.560983,1.809373,0.008147,1.702736,0.006536,1.092877,1.758793,2.589979,1.495906,1.527478,0.006536,-0.000874,2.797132,127.659309
26.652377,-0.441461,0.404142,0.957137,2.025644,2.414581,3.411086,2.803517,1.687010,1.792874,2.393539,1.968767,1.978630,2.484938,2.244277,2.631570,2.592446,0.683083,1.654733,0.617039,1.308728,1.721421,0.009758,1.880571,0.008147,0.945970,1.825481,2.565817,1.373805,1.433406,0.005570,-0.000874,2.730121,130.138785
26.729148,-0.489461,0.454444,1.052152,2.073974,2.435293,3.418319,2.889984,1.696873,1.856985,2.412279,2.010850,2.077262,2.498089,2.320552,2.653597,2.616446,0.675351,1.669553,0.598354,1.285210,1.707568,0.008147,1.913110,0.008147,0.937593,1.825481,2.573549,1.350609,1.420197,0.006214,-0.000551,2.665044,130.513336
28.017832,-0.501626,0.504089,1.069248,2.080549,2.438252,3.416346,2.891956,1.678791,1.864218,2.414252,2.024658,2.077262,2.498417,2.334689,2.652611,2.616446,0.667297,1.625416,0.574835,1.274256,1.704991,0.007503,1.865429,0.007825,0.927928,1.858986,2.568072,1.349643,1.473032,0.005570,-0.000874,2.749773,136.805789
28.424966,-0.501297,0.459705,1.071549,2.079563,2.429047,3.415688,2.872559,1.672873,1.854683,2.417211,2.016439,2.088769,2.493815,2.349484,2.644392,2.610528,0.586756,1.528122,0.479475,1.213689,1.655700,0.007825,1.702414,0.008791,0.928895,1.795197,2.539399,1.134114,1.471743,0.006858,0.000737,2.748162,138.793637
28.929718,-0.501955,0.492911,1.087988,2.080549,2.431677,3.413716,2.874860,1.658407,1.850409,2.410636,2.017425,2.093043,2.495787,2.356060,2.649323,2.610857,0.404732,1.466589,0.394423,1.162143,1.617684,0.008469,1.608986,0.007503,0.938560,1.720133,2.476255,1.078057,1.383470,0.005570,0.000415,2.592234,141.258230
29.362566,-0.521024,0.269674,1.059385,2.080549,2.389923,3.414373,2.893929,1.666626,1.864218,2.411293,2.031562,2.104878,2.484609,2.355731,2.665762,2.623679,0.267168,1.335467,0.177284,1.060983,1.547130,0.007825,1.635403,0.007181,0.902155,1.784566,2.476255,1.060660,1.359630,0.004925,0.000737,2.470456,143.372086
30.408531,-0.548641,0.252250,1.026508,2.094029,2.406033,3.412730,2.897217,1.666297,1.859944,2.404389,2.022685,2.092056,2.485267,2.344224,2.665104,2.633542,0.045196,1.244617,0.005248,0.908599,1.445648,0.005892,1.648612,0.007181,0.849964,1.741396,2.461113,0.944681,1.333212,0.005570,0.001382,2.127672,148.479371
30.939403,-0.566723,0.200961,1.014672,2.137098,2.404060,3.409113,2.906751,1.661366,1.884273,2.406362,2.015781,2.106193,2.478362,2.350470,2.663461,2.636830,0.043263,1.230764,0.006536,0.842877,1.421486,0.005248,1.670519,0.005570,0.833856,1.738174,2.440494,0.912465,1.334823,0.005570,0.000093,2.014270,151.071461
31.297522,-0.581189,0.201947,1.007110,2.161427,2.399457,3.412072,2.914642,1.662023,1.900383,2.408663,2.008220,2.110467,2.479020,2.357046,2.674639,2.637159,0.046163,1.258792,0.005570,0.838367,1.420197,0.006536,1.717878,0.007181,0.829990,1.744295,2.443394,0.939204,1.335467,0.005892,-0.004095,1.903445,152.819695
31.461400,-0.578888,0.199646,0.969630,2.164386,2.375457,3.402866,2.912340,1.657092,1.891834,2.404389,2.010192,2.099618,2.470143,2.356388,2.671680,2.635515,0.036820,1.355764,0.005892,0.905055,1.422130,0.006214,1.796486,0.007181,0.822580,1.739140,2.445971,0.942748,1.337723,0.012980,-0.004417,2.024901,153.619895
32.027548,-0.498338,0.201290,1.033412,2.187729,2.370197,3.402866,2.923518,1.668927,1.847450,2.400772,2.040110,2.099618,2.479677,2.369539,2.675296,2.636173,0.062593,1.422452,0.006214,0.928573,1.435016,0.006214,1.916976,0.008469,0.850609,1.740107,2.456281,1.049707,1.342877,0.003315,0.000093,2.163754,156.384625
31.632283,-0.529901,0.198988,1.002507,2.139071,2.342251,3.398264,2.914642,1.678462,1.859286,2.390252,2.036823,2.092056,2.474746,2.347840,2.667077,2.634200,0.054539,1.421163,0.006214,0.943392,1.441460,0.007503,1.925674,0.007181,0.846098,1.733986,2.453381,1.058083,1.339978,0.006536,-0.001518,2.264914,154.454324
31.656243,-0.493735,0.256524,1.028480,2.115399,2.331730,3.391359,2.912340,1.670900,1.842519,2.379074,2.045371,2.120331,2.465540,2.337977,2.661488,2.631241,0.053250,1.456924,0.007181,0.983985,1.442426,0.005570,1.983020,0.008147,0.848354,1.726254,2.454348,1.038431,1.352542,0.009436,-0.000551,2.414721,154.571402
31.148149,-0.487489,0.252250,1.037686,2.096659,2.300497,3.368674,2.910696,1.677476,1.828382,2.392882,2.062138,2.094686,2.474746,2.327128,2.659515,2.623350,0.058727,1.542297,0.006214,1.053573,1.469166,0.007825,2.045842,0.009114,0.848998,1.758470,2.468201,1.048096,1.366395,0.004281,-0.002162,2.455636,152.090438
30.878494,-0.464475,0.249948,1.022891,2.086467,2.251182,3.366373,2.912998,1.670243,1.809313,2.383348,2.147947,2.098632,2.476390,2.320881,2.652282,2.614145,0.243650,1.560983,0.080312,1.057761,1.472065,0.008147,2.126705,0.004281,0.861240,1.761370,2.472067,1.066459,1.361241,0.006214,-0.000229,2.438884,150.773805
30.904521,-0.423707,0.249291,1.003822,2.085152,2.230140,3.361113,2.911683,1.654133,1.769532,2.388279,2.163071,2.116057,2.473760,2.308716,2.650310,2.611843,0.263302,1.553251,0.076124,1.055506,1.472710,0.007181,2.127028,0.014590,0.867039,1.767491,2.472711,1.061949,1.356730,0.005248,0.000415,2.461435,150.900805
31.006080,-0.396090,0.249948,1.055440,2.080878,2.217976,3.359469,2.902806,1.660051,1.784984,2.385649,2.168002,2.119673,2.483623,2.319566,2.649981,2.608885,0.246549,1.547130,0.081601,1.052284,1.477864,0.006536,2.103187,0.015879,0.878959,1.786821,2.502350,1.061305,1.333212,0.007825,-0.000229,2.501062,151.396898
30.055280,-0.369788,0.483376,1.071221,2.054576,2.211071,3.360455,2.906422,1.666626,1.783997,2.391567,2.162413,2.097974,2.475075,2.312333,2.637488,2.602309,0.252670,1.463045,0.071291,0.978508,1.474643,0.006536,2.027156,0.015557,0.871550,1.779733,2.472067,1.031666,1.323869,0.006214,0.000737,2.555508,146.754453
29.773656,-0.305020,0.400526,1.058070,1.994740,2.168002,3.353222,2.897874,1.641968,1.733367,2.368553,2.156824,2.108166,2.488554,2.282086,2.624994,2.597378,0.050351,1.397001,0.007181,0.909565,1.438238,0.007181,1.943715,0.009114,0.869617,1.781666,2.484953,1.010725,1.317104,0.004925,0.000737,2.666010,145.379281
29.528318,-0.279047,0.430444,1.065960,2.020384,2.158468,3.343030,2.895902,1.641639,1.721531,2.365923,2.180824,2.139728,2.494472,2.303785,2.623350,2.599679,0.547451,1.514269,0.357696,1.128637,1.571615,0.006858,2.071293,0.010080,0.921485,1.856086,2.630894,1.098354,1.386692,0.006214,0.000737,2.727866,144.181215
29.245360,-0.273129,0.544199,1.112975,2.009863,2.147947,3.332838,2.897546,1.653804,1.731394,2.358032,2.197921,2.094029,2.513212,2.300826,2.619734,2.596391,0.674707,1.628638,0.506536,1.187271,1.614785,0.007181,2.221422,0.009758,0.950802,1.830635,2.646036,1.092233,1.445004,0.006858,-0.000551,2.707892,142.799594
29.063294,-0.219868,0.566227,1.110016,1.944438,2.108166,3.317715,2.890313,1.637694,1.686024,2.356388,2.187729,2.092714,2.502363,2.262031,2.615789,2.592446,0.686627,1.669231,0.511047,1.190815,1.598354,0.006858,2.305829,0.009114,0.964011,1.783599,2.661500,1.102220,1.416009,0.005892,-0.000874,2.629283,141.910594
29.118708,-0.165292,0.723709,1.130400,1.861916,2.088769,3.295358,2.893600,1.642297,1.656434,2.398471,2.215674,2.101262,2.502363,2.244606,2.610528,2.592775,0.743328,1.742362,0.588689,1.199192,1.647323,0.007503,2.353188,0.010402,0.969488,1.742040,2.684052,1.087400,1.466911,0.282310,0.000093,2.609309,142.180965
28.977788,-0.116633,0.911766,1.179715,1.910574,2.063124,3.291413,2.876175,1.647886,1.659064,2.408334,2.271565,2.130851,2.504007,2.250853,2.613159,2.590802,0.727864,1.780378,0.611884,1.216588,1.693071,0.008469,2.372518,0.010402,1.002671,1.732375,2.696294,1.181472,1.474643,0.248160,0.001704,2.626384,141.492883
28.943377,-0.121565,0.869026,1.172811,1.920438,1.985863,3.286153,2.878806,1.657420,1.652818,2.400772,2.271237,2.107508,2.494801,2.226852,2.606912,2.588501,0.810660,1.792298,0.643457,1.235918,1.734952,0.008147,2.367041,0.011047,1.063560,1.766202,2.707570,1.186627,1.492684,0.006858,-0.001518,2.755894,141.325203
28.766683,-0.118606,0.877574,1.187606,1.930630,2.012165,3.282865,2.857435,1.653146,1.648544,2.423458,2.230798,2.088769,2.497760,2.218633,2.603624,2.585542,0.834823,1.783277,0.659887,1.291331,1.743329,0.008147,2.340623,0.010402,1.058728,1.755893,2.715946,1.194681,1.489140,0.009758,-0.004417,2.754928,140.462496
28.113297,-0.105126,0.911766,1.195496,1.922410,1.995069,3.271358,2.853819,1.654790,1.639009,2.406033,2.218304,2.080878,2.505322,2.213702,2.587843,2.585213,0.866395,1.809050,0.738173,1.310339,1.778122,0.008469,2.353188,0.015557,1.081279,1.794231,2.735920,1.233985,1.490751,0.005892,-0.000229,2.794554,137.272117
28.096665,-0.052851,1.019932,1.280319,1.916164,1.961863,3.263796,2.850531,1.632434,1.647886,2.422800,2.291949,2.126906,2.496445,2.234414,2.581597,2.584555,0.891202,1.844489,0.772323,1.318393,1.799385,0.008147,2.388626,0.009436,1.089655,1.825159,2.738820,1.272967,1.527800,0.006536,-0.000551,2.775224,137.190758
27.947369,0.005341,1.105742,1.339498,1.875067,1.924054,3.249988,2.824887,1.638023,1.625530,2.445485,2.300168,2.151235,2.478034,2.196605,2.574692,2.574035,0.911498,1.855442,0.798418,1.401189,1.817104,0.008147,2.375417,0.011047,1.117684,1.861241,2.773291,1.308083,1.547774,0.006858,0.000415,2.779413,136.461996
27.846060,0.045452,1.202401,1.493692,1.875396,1.930958,3.244070,2.819298,1.636379,1.626187,2.483952,2.357046,2.203510,2.488554,2.226852,2.576007,2.574035,0.947258,1.863496,0.818392,1.435983,1.822903,0.005248,2.426319,0.010402,1.096743,1.824836,2.791655,1.418586,1.596421,0.236884,0.000415,2.766204,135.966895
28.020408,0.103316,1.263223,1.518679,1.838902,1.928657,3.214809,2.814695,1.609420,1.619612,2.480006,2.369210,2.220935,2.482636,2.176550,2.570418,2.556281,0.962078,1.839334,0.825480,1.527156,1.844489,0.009436,2.402479,0.010080,1.169230,1.877027,2.810985,1.418264,1.593200,0.199835,0.001382,2.835791,136.818191
27.821232,0.129617,1.282621,1.532487,1.824108,1.925698,3.211193,2.752886,1.604159,1.607447,2.464225,2.341922,2.205154,2.513212,2.121646,2.562857,2.548062,1.123161,1.823226,0.835789,1.582568,1.868973,0.008469,2.415366,0.023289,1.220777,1.892491,2.820328,1.417942,1.528122,0.006536,-0.000229,2.856410,135.845848
27.527472,0.138823,1.334238,1.563063,1.856985,1.929314,3.198042,2.754530,1.645256,1.618297,2.480664,2.352114,2.236716,2.515514,2.192660,2.557925,2.538528,1.183083,1.860275,0.893135,1.739785,1.896679,0.016846,2.290043,0.012657,1.278766,1.860275,2.847712,1.438882,1.553573,0.005892,-0.000874,2.941140,134.411641
27.199773,0.174330,1.377307,1.585420,1.898081,1.959233,3.214152,2.847901,1.885917,1.667941,2.479020,2.369210,2.298525,2.555624,2.245592,2.571733,2.552007,1.185016,1.808084,0.877993,1.674707,1.881860,0.007825,2.410533,0.011047,1.217555,1.853831,2.837402,1.388947,1.467233,0.006858,0.000093,2.646036,132.811242
26.860726,0.173673,1.418404,1.636050,1.937205,1.980603,3.224015,2.848887,1.884602,1.698517,2.453047,2.352443,2.293922,2.576007,2.296552,2.574035,2.552665,1.214655,1.884759,0.906343,1.725287,1.886048,0.010402,2.434051,0.011369,1.208212,1.892813,2.861887,1.439849,1.460790,0.007181,-0.001196,2.467556,131.155777
27.361720,0.162823,1.430568,1.654133,1.960219,2.009535,3.203960,2.853819,1.872766,1.714627,2.471458,2.319895,2.285702,2.581268,2.307073,2.574035,2.553980,1.202735,1.895068,0.925029,1.771035,1.900867,0.008147,2.448549,0.011369,1.233019,1.907311,2.875418,1.441138,1.472388,0.007503,-0.001196,2.526835,133.602016
26.931464,0.154933,1.433198,1.634078,1.975014,2.038795,3.223686,2.843956,1.868492,1.745860,2.460938,2.274524,2.274524,2.576007,2.309703,2.563843,2.546747,1.188882,1.910532,0.944037,1.799385,1.916654,0.010724,2.453381,0.254926,1.278444,1.948870,2.897969,1.431795,1.511370,0.006858,0.000093,2.484953,131.501059
26.859745,0.124028,1.436486,1.642955,1.964164,2.033864,3.228289,2.843627,1.873423,1.742572,2.460280,2.207784,2.255127,2.557596,2.301155,2.553651,2.535240,1.228186,1.977865,1.003959,1.834179,1.931473,0.009436,2.452415,0.313882,1.482053,2.060017,2.894748,1.506859,1.586434,0.007503,0.000415,2.593201,131.151312
25.827381,0.151645,1.439774,1.632434,1.925698,1.995069,3.228618,2.811408,1.823779,1.731394,2.458307,2.194633,2.215674,2.540171,2.297867,2.538856,2.522418,1.207246,1.945971,1.010081,1.789398,1.941460,0.009114,2.405056,0.010724,1.600287,2.138625,2.880250,1.540687,1.598032,0.007181,0.000415,2.618008,126.110504
26.782830,0.158549,1.416102,1.611064,1.879670,1.911232,3.239139,2.758475,1.660708,1.725805,2.446472,2.194633,2.210414,2.535569,2.279785,2.534253,2.511897,1.217555,1.904411,0.987207,1.752349,1.947259,0.009436,2.395713,0.052928,1.578058,2.162788,2.859310,1.626705,1.646679,0.007503,-0.000551,2.603510,130.775770
22.059521,0.170714,1.478569,1.649859,1.880985,1.856327,3.248015,2.762092,1.767888,1.728764,2.446800,2.204496,2.232770,2.528993,2.261045,2.528336,2.520445,1.429217,1.937916,1.487529,1.974321,1.952414,0.009758,2.472389,0.272967,1.721099,2.395391,2.957892,1.777478,1.780378,0.007825,0.000415,2.910856,107.712371
