-23.351687,-45.899667,0.025068,0.189454,1.028480,0.392635,3.665226,2.449431,0.027698,0.026383,0.113836,0.258825,-0.000905,0.001067,1.113303,2.716064,2.718365,2.672009,0.044230,2.367041,2.579992,2.903768,2.853511,0.712078,2.133149,0.009114,2.766526,2.753317,1.694682,3.040689,2.837080,2.882505,3.039722,1.831280
-23.015500,-45.851008,0.022438,0.024081,0.764476,0.132576,3.547197,2.371512,0.022109,0.020794,0.019807,0.022438,0.000081,0.001067,0.944644,2.508609,2.548062,2.534582,-0.000229,2.415043,2.507827,2.900225,2.776513,0.749771,2.144424,0.009114,2.712724,2.673420,1.762659,3.087403,2.833214,2.868008,3.022970,1.775545
-22.088225,-42.915741,0.021123,0.021451,0.526774,0.021123,3.486045,2.334361,0.020794,0.020794,0.020794,0.020794,0.000739,0.001396,0.751654,2.265319,2.257757,2.407019,-0.000874,2.410855,2.447582,2.890237,2.737531,0.684049,2.104154,0.009114,2.681474,2.681474,1.956924,3.089336,2.833536,2.878962,3.012660,1.690171
-21.602974,-41.424591,0.018821,0.018821,0.022109,0.017506,3.407140,2.207455,0.019807,0.019479,0.018821,0.018164,-0.000248,0.000081,0.641187,2.004932,2.030576,2.284716,0.157954,2.352865,2.337724,2.885083,2.654412,0.664075,2.076125,0.008791,2.695650,2.695327,2.158278,3.080637,2.805186,2.873163,2.993975,1.439527
-19.173967,-37.247970,0.015862,0.015205,0.017177,0.017835,3.168124,2.006904,0.017506,0.016848,0.016520,0.016848,-0.000576,-0.000248,0.499157,1.614351,1.928328,2.138742,0.289397,2.407956,2.170198,2.857699,2.480765,0.377993,1.977221,0.008791,2.690173,2.739786,2.234953,3.060341,2.784889,2.859954,2.946294,1.252671
-15.689295,-31.842180,0.013890,0.015533,0.014876,0.015205,2.851189,1.697531,0.016191,0.015205,0.015862,0.014547,0.000081,0.000410,0.000739,1.169195,1.352649,1.657092,0.387335,2.387982,2.025223,2.842235,2.122517,0.260080,1.681795,0.007503,2.659889,2.806474,2.363175,3.008794,2.742363,2.819361,2.881539,0.634436
-12.925201,-26.040424,0.012903,0.012574,0.011588,0.011917,2.377430,1.288868,0.011588,0.011259,0.012574,0.012903,0.002382,0.000410,0.001396,0.578392,0.941027,1.187277,0.540686,2.483987,1.911499,2.863176,2.060339,0.328379,1.535532,0.006858,2.715302,2.864786,2.424064,3.012016,2.741719,2.835469,2.873163,0.642490
-6.469200,-11.867227,0.011588,0.010931,0.009615,0.009287,2.032549,1.157030,0.011259,0.010602,0.009944,0.011259,-0.000248,0.000081,-0.000905,0.195043,0.658612,0.740476,0.701446,2.753317,2.112208,3.097390,2.270069,0.820003,1.769424,0.006536,2.782312,2.975289,2.927931,3.314530,2.903768,2.961758,3.000096,0.966588
5.773591,2.929979,0.008629,0.008958,0.008958,0.009615,1.712983,0.991000,0.008958,0.008958,0.008958,0.008629,-0.001234,-0.000905,-0.000576,0.001067,0.296305,0.312744,1.095454,3.136694,2.217234,3.228833,2.383149,1.054862,2.023612,0.456923,2.851255,2.909890,3.255573,3.460471,3.017171,3.013949,3.071295,1.295841
12.536780,8.356250,0.007643,0.006657,0.006985,0.006985,1.255990,0.723051,0.006657,0.005999,0.005999,0.006328,0.000410,0.000410,0.001067,0.001067,0.000410,0.000410,0.846743,3.188241,1.995906,3.170521,2.118973,0.477864,1.496228,0.301317,2.528768,2.572582,3.124452,3.169555,2.752995,2.640881,2.598356,0.009114
13.989395,13.479960,0.007972,0.006985,0.006657,0.006657,1.471007,0.656639,0.005999,0.006657,0.007314,0.007643,0.000081,0.000410,0.000410,0.000410,-0.000248,-0.000248,0.000415,2.720778,1.094166,2.776835,1.350287,0.005892,-0.000551,-0.000229,1.347065,2.191783,2.355765,2.324837,1.281666,1.753316,1.134436,0.003637
16.327889,17.364818,0.006328,0.005341,0.005670,0.005999,1.395390,0.480746,0.006985,0.006657,0.006328,0.005670,-0.000576,-0.000248,-0.000576,0.000081,0.000410,0.000739,0.000737,2.739464,1.353831,2.927287,1.356408,0.006214,-0.000551,0.000093,1.355764,2.155378,2.502028,2.321615,1.300029,2.102221,1.658921,0.006858
16.351965,19.626206,0.006985,0.006657,0.006328,0.005999,1.363170,0.424526,0.005999,0.004684,0.005670,0.005670,-0.000248,0.000410,0.000410,0.001067,0.000739,0.000410,0.296807,2.675997,1.371550,2.866075,1.311627,0.005892,-0.000551,-0.000229,1.350609,2.250739,2.551964,2.339335,1.245583,2.053896,1.733664,0.005248
16.902600,17.531790,0.006985,0.006985,0.005999,0.005341,1.431226,0.460691,0.006657,0.006657,0.006328,0.006985,-0.000248,-0.000905,0.000739,-0.000248,-0.000248,-0.003864,0.241072,2.553897,1.283277,2.809374,1.284887,0.005892,0.000093,0.000415,1.296163,2.224644,2.425675,2.206602,1.136047,1.943071,1.737207,0.006214
16.130304,17.082007,0.006985,0.006657,0.007314,0.006657,1.609749,0.553076,0.008300,0.007643,0.006985,0.007972,0.000410,-0.000905,-0.000248,0.000081,0.000739,0.002382,0.123160,2.553252,1.269101,2.740431,1.265880,0.005570,0.000093,-0.000229,1.266202,2.278445,2.310662,2.175352,0.956601,1.805184,1.751061,0.005892
17.217366,16.838475,0.007643,0.007972,0.007643,0.007972,1.727778,0.564912,0.007643,0.006985,0.006657,0.006657,0.000410,0.000410,0.001067,0.000410,0.000739,-0.000576,0.252670,2.372195,1.380571,2.861887,1.319359,0.005570,-0.000551,-0.000551,1.392813,2.441461,2.385082,2.171809,0.936305,1.934373,2.024901,0.008147
17.820423,16.857711,0.007972,0.007972,0.005670,0.007643,1.853697,0.606995,0.008300,0.007643,0.008629,0.008629,-0.000248,0.000410,0.000081,-0.001234,0.000081,-0.000576,0.494616,2.193716,1.370261,2.867042,1.405377,0.006214,-0.000551,-0.000229,1.518779,2.443394,2.383793,2.151512,0.821936,2.069038,2.216267,0.008469
16.139754,15.914916,0.009287,0.009287,0.008958,0.010602,2.110796,0.803600,0.009615,0.009615,0.009615,0.009287,-0.000905,-0.000576,0.000081,0.001067,0.001067,0.000739,0.552284,2.124128,1.290364,2.823549,1.506215,0.007181,0.000093,-0.000551,1.391846,2.433085,2.367041,2.092556,0.547129,2.084502,2.253639,0.007825
12.878699,13.929677,0.011259,0.010931,0.011588,0.007972,2.360334,0.913739,0.011259,0.009615,0.010602,0.010931,-0.000248,0.000410,0.000081,0.000081,-0.000248,0.297620,0.160209,1.972066,1.014913,2.756539,1.261692,0.005248,0.000415,-0.000874,1.206279,2.419554,2.301319,1.942427,0.341588,1.859630,2.185339,0.008147
15.583033,17.147770,0.010602,0.010273,0.010602,0.010273,2.420170,0.998562,0.011917,0.011259,0.011259,0.011259,-0.000248,-0.000905,-0.000905,0.005999,0.360416,0.312086,-0.000551,1.830635,0.768779,2.515237,1.117039,0.004925,0.000415,-0.000229,0.863495,2.329025,2.052607,1.716267,0.065492,1.585790,1.660854,0.005570
20.241776,25.222771,0.013232,0.011588,0.011917,0.011259,2.399457,0.992973,0.011588,0.011259,0.010602,0.010602,-0.000248,0.000410,0.000410,0.125343,0.442609,0.385731,-0.000229,1.536821,0.691137,2.282311,1.034887,0.003959,-0.000551,-0.000551,0.751382,2.238497,1.781344,1.435339,0.005570,1.504604,1.525545,0.005570
22.459664,28.136357,0.012574,0.011917,0.011588,0.011917,2.575679,1.127441,0.011917,0.011917,0.012574,0.012574,0.001067,0.000081,0.113508,0.505733,0.544857,0.563597,0.056150,1.262980,0.803895,2.516203,1.234308,0.005248,-0.000229,-0.000551,1.171163,2.275546,1.972066,1.492040,0.003959,1.636048,1.887337,0.220454
23.537429,31.005601,0.013890,0.013561,0.121727,0.013561,2.853161,1.331279,0.015205,0.014876,0.014218,0.014547,-0.000576,-0.000248,0.593515,0.654009,0.637899,0.744093,0.458856,1.098998,1.006215,2.793910,1.368650,0.006536,0.000415,-0.000229,1.465944,2.493652,2.220455,1.836434,0.008147,1.781022,2.382505,1.090944
23.035178,33.443910,0.016848,0.016191,0.570172,0.016520,2.909381,1.522295,0.015862,0.016191,0.015533,0.016520,0.000410,-0.000576,0.814121,0.738175,0.659269,0.866725,0.570969,1.048418,1.192426,2.778446,1.442426,0.006536,-0.000551,-0.000874,1.545197,2.662144,2.262981,2.102221,0.008469,1.779411,2.532956,1.464656
22.642452,34.238686,0.019150,0.324908,0.850944,0.017506,3.002752,1.586735,0.019150,0.019807,0.019807,0.018492,0.000081,0.000081,0.914068,0.884149,0.672092,0.938068,0.755892,1.029410,1.279089,2.816784,1.480764,0.006858,0.000093,-0.000229,1.753638,2.737209,2.377994,2.110275,0.008791,1.923097,2.553252,1.764914
21.916274,34.330772,0.020794,0.543542,1.037028,0.022438,3.182261,1.646571,0.020465,0.021451,0.145398,0.020136,0.174659,-0.000248,1.008096,1.050179,0.817080,1.035056,0.832890,1.041331,1.308406,2.847389,1.534243,0.006214,-0.000229,0.000093,1.908277,2.804541,2.377028,2.275868,0.008147,1.973033,2.671487,1.935017
21.577219,35.395097,0.025725,1.016973,1.398348,0.201947,3.255906,1.716928,0.025068,0.024410,0.301237,0.025725,0.284798,0.140796,1.145194,1.314841,0.980808,1.144866,0.943070,1.018457,1.344810,2.831603,1.596099,0.008147,-0.000229,-0.000229,1.992362,2.822583,2.502672,2.259438,0.009436,2.081280,2.681796,2.157955
20.883498,36.188838,0.028356,1.282621,1.430239,0.359100,3.309824,1.790244,0.026712,0.028027,0.458061,0.028356,0.662886,0.591214,1.444377,1.470021,1.063988,1.322731,1.072258,0.999449,1.411498,2.838047,1.599321,0.007181,-0.000229,-0.000229,2.029734,2.876707,2.541010,2.287144,0.006858,2.180507,2.734954,2.277801
20.263354,36.344917,0.029999,1.313197,1.580817,0.455431,3.343359,1.805368,0.253236,0.029671,0.559652,0.029013,0.837135,0.729627,1.631776,1.516706,1.156373,1.445034,1.062916,0.946614,1.379926,2.864142,1.602542,0.008147,-0.000229,-0.000229,2.069038,2.849645,2.550997,2.273613,0.009436,2.107698,2.747840,2.374773
19.437023,37.568084,0.033616,1.387828,1.862245,0.613899,3.395633,1.895780,0.535322,0.031972,0.712202,0.034273,0.951876,0.774011,1.715284,1.594296,1.272758,1.480541,1.041975,0.902155,1.396679,2.835469,1.617684,0.008469,0.009114,-0.000874,2.034244,2.887982,2.514270,2.264914,0.009436,2.013303,2.765559,2.413755
19.595746,38.614946,0.035917,1.461144,2.058522,0.836478,3.417332,1.979945,0.678009,0.036246,0.888752,0.034602,1.059056,0.857519,1.840875,1.811286,1.453582,1.702462,1.128960,0.832890,1.530700,2.815495,1.647001,0.007503,0.613173,0.002348,2.096100,2.909890,2.585469,2.261370,0.008791,2.242685,2.786500,2.375095
18.777156,39.321470,0.039205,1.673859,2.260058,0.945630,3.471908,2.065755,0.775326,0.040191,1.237579,0.038547,1.413472,0.940041,1.979288,2.128550,1.495336,1.908602,1.227864,0.820003,1.570648,2.843523,1.653122,0.008791,0.789397,0.002992,2.114141,2.970135,2.612531,2.260726,0.010080,2.325481,2.839335,2.511693
19.031091,39.762504,0.043808,1.778408,2.331730,0.922287,3.514320,2.122303,0.819710,0.040849,1.244155,0.041506,1.565693,1.139605,2.041754,2.188715,1.622571,2.022028,1.264269,0.718199,1.591911,2.853188,1.656988,0.080312,1.038753,0.004281,2.141525,2.987531,2.618330,2.255249,0.008147,2.325804,2.810663,2.535211
18.449592,39.416781,0.042821,1.864546,2.534253,1.098509,3.570211,2.162413,0.887437,0.043479,1.301690,0.043479,1.661366,1.458842,2.150578,2.347183,1.803724,2.184112,1.262014,0.642168,1.583857,2.801642,1.660210,0.008147,1.211434,0.005248,2.137337,2.975611,2.597067,2.226899,0.008791,2.186950,2.808085,2.583858
18.526374,39.410085,0.044465,2.054248,2.591460,1.239881,3.619526,2.160441,0.970288,0.045452,1.470021,0.044794,1.804053,1.588378,2.239346,2.428718,2.006904,2.222907,1.306150,0.383792,1.579669,2.786178,1.678251,0.007503,1.552285,0.006536,2.125417,3.023936,2.613497,2.206925,0.008791,2.155056,2.822583,2.642492
17.856778,39.464414,0.046767,2.059179,2.604939,1.371718,3.626102,2.172276,1.171496,0.045780,1.523610,0.047096,1.918136,1.682078,2.272552,2.439567,2.094686,2.208770,1.228831,0.306150,1.567749,2.746229,1.652156,0.008469,1.595777,0.007503,2.135404,3.056153,2.575160,2.198226,0.008469,2.046808,2.839335,2.710147
17.464453,39.580810,0.049068,2.165043,2.707845,1.759011,3.633992,2.197592,1.271114,0.049726,1.614351,0.049726,2.120659,1.798792,2.362964,2.568774,2.154523,2.252168,1.189849,0.279732,1.543586,2.675997,1.652478,0.008791,1.660854,0.006214,2.107375,3.072905,2.556796,2.187595,0.009114,1.956602,2.833859,2.810340
18.026761,39.000345,0.049397,2.213702,2.783791,1.848108,3.625773,2.239017,1.417417,0.050383,1.632105,0.051698,2.226524,1.870464,2.372498,2.625323,2.218633,2.245264,1.158921,0.306150,1.482697,2.640881,1.637336,0.007181,1.921164,0.007825,2.130571,3.098034,2.510404,2.181473,0.008147,1.922130,2.809052,2.816462
16.631806,38.753055,0.053013,2.274853,2.873216,2.022357,3.639910,2.343566,1.539720,0.054329,1.930630,0.054329,2.346196,1.940493,2.499733,2.744009,2.374142,2.252497,1.148934,0.403444,1.511692,2.614464,1.643135,0.007503,1.994295,0.008791,2.085146,3.091913,2.482054,2.189528,0.008469,1.896679,2.845134,2.864142
16.960558,38.085360,0.053671,2.318580,2.846257,2.024658,3.639581,2.333374,1.785970,0.054329,1.974685,0.054657,2.473431,2.019069,2.543459,2.804175,2.342580,2.280113,1.235596,0.290364,1.490429,2.608665,1.643135,0.008147,2.051641,0.008147,2.147968,3.099645,2.470778,2.139270,0.008147,1.895391,2.880250,2.920843
16.254303,39.394757,0.054986,2.304114,2.846586,2.097645,3.650431,2.320881,1.953315,0.055972,2.166359,0.055972,2.617104,2.132824,2.641762,2.829161,2.404389,2.367895,1.233663,0.343521,1.486885,2.589335,1.670197,0.007503,2.214657,0.008791,2.189205,3.101256,2.558407,2.129927,0.008147,1.930829,2.961436,3.024258
15.747436,39.441036,0.057287,2.369210,2.933053,2.053590,3.662595,2.264332,1.971068,0.118768,2.180496,0.105946,2.711132,2.215017,2.650310,2.834093,2.523733,2.360334,1.264269,0.700158,1.486241,2.555185,1.665365,0.007503,2.401190,0.010402,2.248162,3.109954,2.590301,1.961435,0.007503,2.001061,2.988498,3.031990
15.369392,39.329332,0.056630,2.360991,2.903135,2.131838,3.620842,2.217647,1.909917,0.222002,2.234414,0.187153,2.817325,2.298853,2.673652,2.844285,2.588172,2.359676,1.322581,0.825802,1.498805,2.510404,1.695648,0.008791,2.615430,0.010402,2.234953,3.114143,2.608665,2.059051,0.008469,1.973033,3.006861,3.131217
15.434036,39.226821,0.062877,2.630583,3.008013,2.378745,3.677719,2.370525,1.951342,0.471541,2.533596,0.832861,2.903135,2.382361,2.741051,2.958368,2.854477,2.506965,1.356086,1.170519,1.492362,2.483020,1.685661,0.013946,2.573227,0.010402,2.213368,3.129284,2.637660,1.975288,0.008147,1.985275,3.048421,3.158601
15.610539,38.755196,0.540912,2.831791,3.004396,2.600336,3.716514,2.355073,1.994082,0.598775,2.651954,0.953192,2.916943,2.525377,2.918587,2.996834,2.941272,2.552993,1.355764,1.355442,1.547130,2.507827,1.746228,0.008791,2.627995,0.011047,2.272968,3.138627,2.792299,1.984630,0.007503,2.135082,3.116720,3.259761
15.745503,38.839035,0.831217,2.974807,3.090205,2.712776,3.806926,2.551021,2.006576,0.789134,2.747626,1.073193,2.952121,2.600665,2.992560,3.146754,3.005382,2.605597,1.408921,1.783277,1.565816,2.538433,1.780055,0.027477,2.368329,0.009758,2.312595,3.127673,2.856088,1.939527,0.008147,2.288432,3.159246,3.309375
15.085180,38.075971,1.300046,3.142151,3.153987,2.929108,3.880242,2.597049,2.105536,0.874615,2.862367,1.354951,2.980067,2.794311,3.167466,3.274317,3.221714,2.823243,1.355764,2.220455,1.619939,2.564850,1.871550,0.118650,2.510082,0.010080,2.328381,3.123807,3.012338,2.022002,0.007181,2.451126,3.222390,3.407635
15.173277,37.403570,1.879670,3.281550,3.271687,3.157603,3.929557,2.754859,2.226852,1.094892,2.988944,1.386513,3.091192,3.019191,3.306208,3.327907,3.322318,2.968231,1.589656,2.377994,1.736241,2.693394,1.951125,0.396356,2.333858,0.009758,2.474000,3.120586,3.058086,2.173419,0.008147,2.623807,3.324194,3.453061
15.636189,34.610223,2.188057,3.365387,3.338427,3.375578,3.966708,2.750914,2.421156,1.290840,3.093493,1.670243,3.166151,3.121110,3.460401,3.402538,3.427853,3.102370,1.682439,2.564850,1.904733,2.741075,2.041009,0.783598,2.554219,0.010402,2.666010,3.176643,3.180509,2.305185,0.008791,2.702737,3.352223,3.531669
16.675896,32.018297,2.428718,3.441990,3.363414,3.459744,4.028189,2.748283,2.490856,1.841532,3.183905,1.877369,3.325934,3.222042,3.599800,3.497552,3.492621,3.166151,1.894746,2.925354,2.099321,2.795199,2.067105,0.993328,2.550997,0.011369,2.728510,3.245908,3.358666,2.586435,0.010724,2.827737,3.435664,3.577417
17.567922,25.804501,2.844613,3.686924,3.631691,3.721117,4.178437,2.791681,2.830476,2.611843,3.425223,2.645707,3.621499,3.502813,3.836844,3.749391,3.766158,3.315413,2.343201,3.380573,2.481409,2.988820,2.381216,1.619295,2.918588,0.012013,2.895070,3.387339,3.586437,2.953060,0.012013,3.246553,3.641850,3.737855
8.883183,9.496756,3.411414,3.954215,3.924955,3.977558,4.284630,2.919244,3.210864,3.131302,3.549827,3.093822,3.847365,3.784569,4.093943,4.040024,4.013394,3.709281,2.753961,3.787147,2.984310,3.309697,2.824516,2.348677,3.218202,0.013302,3.263305,3.512017,3.738822,3.531991,0.013946,3.580961,3.810020,3.828384
-6.573993,-29.031839,3.660294,3.934818,3.951914,4.101176,4.331644,3.056999,3.411414,3.266427,3.677719,3.335468,3.912132,3.852954,4.163642,4.178108,4.159697,3.899639,2.776191,3.911180,3.099323,3.330316,2.906346,2.779413,3.254285,0.013302,3.322584,3.590625,3.779737,3.751064,0.740750,3.662146,3.839660,3.830317
-12.501891,-43.403731,3.474867,3.588951,3.664239,3.801337,4.358603,3.040890,3.153001,3.067191,3.471908,3.451853,3.425880,3.517607,4.029504,4.120244,4.132409,3.892406,2.531667,3.713693,2.989787,2.806152,2.945006,2.643459,3.387339,0.013624,3.233344,3.471424,3.596747,3.558409,3.186308,3.495909,3.688886,3.578705
-12.583093,-45.843955,3.839145,3.862159,3.958489,4.073559,4.502933,3.538649,3.660952,3.467963,3.729007,3.779638,3.710596,3.729007,4.219204,4.329671,4.374055,4.196519,2.907312,3.803255,3.385728,3.093846,3.488499,3.405058,3.653126,0.014590,3.625742,3.759440,3.759118,3.791335,3.523615,3.703061,3.892495,3.604801
-12.425675,-45.809008,3.840132,3.898982,3.972297,4.083093,4.508523,3.632020,3.798707,3.486045,3.740185,3.750048,3.714212,3.783583,4.224136,4.343151,4.394768,4.210656,2.871874,3.707249,3.483022,3.206926,3.548744,3.555509,3.597391,0.015557,3.724002,3.816786,3.722391,3.772005,3.501063,3.621231,3.931477,3.585149
-12.560900,-46.127715,3.829940,3.889118,3.945996,4.100189,4.507208,3.629061,3.748733,3.485388,3.744459,3.751692,3.673116,3.757610,4.202437,4.342822,4.392795,4.211971,2.773936,3.647649,3.435664,3.160857,3.527481,3.494620,3.533602,0.013946,3.694685,3.784569,3.705639,3.733989,3.454994,3.606412,3.916979,3.554543
-13.423717,-47.437779,3.805939,3.858543,3.954215,4.080134,4.493070,3.615581,3.706322,3.430483,3.735911,3.725062,3.642212,3.696788,4.164300,4.328027,4.391809,4.232026,2.748485,3.600613,3.386050,3.126385,3.513628,3.367687,3.468525,0.015235,3.663757,3.771360,3.678255,3.695007,3.411824,3.604801,3.885407,3.527159
-13.254250,-48.085419,3.776021,3.852954,3.932187,4.074545,4.494057,3.634650,3.698103,3.391359,3.743473,3.713226,3.613937,3.663253,4.128135,4.310603,4.382275,4.243533,2.702737,3.578383,3.352223,3.154413,3.505896,3.304865,3.442429,0.014268,3.724969,3.754930,3.655059,3.675999,3.379285,3.627030,3.867366,3.538757
-13.421872,-48.864970,3.718158,3.820405,3.918708,4.030819,4.485180,3.628403,3.653061,3.302920,3.675089,3.678705,3.557718,3.575471,4.085066,4.294493,4.356959,4.220848,2.563884,3.570651,3.323228,3.191140,3.497842,3.255895,3.402481,0.015235,3.708538,3.742043,3.599324,3.607378,3.297133,3.648293,3.852546,3.498486
-13.767380,-50.267992,3.663253,3.792131,3.872680,3.957832,4.475974,3.605061,3.598485,3.235522,3.668185,3.630376,3.473552,3.461388,4.044627,4.268191,4.341178,4.191588,2.430185,3.510728,3.279413,3.148936,3.471746,3.197906,3.378318,0.014590,3.662146,3.711760,3.529092,3.522326,3.287468,3.633796,3.822263,3.481089
-13.809955,-51.666954,3.566266,3.720130,3.857228,3.928900,4.460522,3.582047,3.537662,3.096781,3.604732,3.598814,3.423250,3.338427,4.001558,4.236958,4.316849,4.156738,2.000094,3.437275,3.267171,3.139916,3.438885,3.089658,3.329993,0.013946,3.661824,3.650548,3.501708,3.392816,3.229800,3.495264,3.771360,3.450161
-14.066416,-52.149359,3.525827,3.647801,3.805939,3.874324,4.450988,3.582047,3.474210,2.985656,3.579088,3.575471,3.362428,3.259194,3.961119,4.207040,4.298767,4.151149,1.922453,3.339336,3.261694,3.123807,3.425354,3.035212,3.245586,0.013302,3.629608,3.653448,3.384117,3.275225,3.190496,3.451128,3.695007,3.472713
-14.689665,-51.537025,3.442319,3.575471,3.745446,3.803309,4.435535,3.589608,3.389058,2.840011,3.582047,3.551800,3.299961,3.082972,3.903913,4.171204,4.267534,4.135368,1.714334,3.268138,3.235599,3.062918,3.424066,2.970135,3.205315,0.014913,3.593525,3.588692,3.263627,3.186630,3.154091,3.430187,3.665690,3.459826
-15.071115,-52.002273,3.425223,3.496566,3.655362,3.739528,4.418111,3.585334,3.365058,2.846586,3.549498,3.508731,3.251961,3.091192,3.849666,4.123532,4.229396,4.120573,1.482697,3.291011,3.217236,3.054220,3.411501,2.899580,3.187596,0.012980,3.560986,3.517494,3.159246,3.111243,3.134439,3.406025,3.644427,3.476901
-14.661538,-51.735534,3.378209,3.484402,3.646157,3.702377,4.410549,3.535032,3.297660,2.827189,3.509059,3.470922,3.167138,3.027739,3.778323,4.087696,4.186327,4.074545,1.380571,3.263950,3.181475,3.052931,3.401836,2.777157,3.221101,0.094809,3.550677,3.483344,3.008150,3.026191,3.112532,3.339658,3.609955,3.470780
-14.617545,-52.196399,3.313770,3.415360,3.594211,3.663253,4.398056,3.511361,3.229275,2.749270,3.512347,3.429497,3.125055,3.010643,3.734596,4.055148,4.145560,3.988407,1.386692,3.209181,3.138627,3.035212,3.375097,2.576770,3.183408,0.108985,3.529092,3.431153,2.912467,3.002995,3.100934,3.310664,3.591270,3.460471
-14.344909,-51.942281,3.253933,3.345332,3.539964,3.643198,4.380302,3.484073,3.167466,2.538199,3.426209,3.346647,3.041547,2.933053,3.679363,3.992024,4.099861,3.941393,1.261369,3.150225,3.079671,2.974323,3.328060,2.468201,3.085148,0.125737,3.483666,3.391205,2.720456,2.925354,3.050998,3.318718,3.556154,3.418589
-14.763199,-51.451261,3.184891,3.287797,3.452840,3.561663,4.366165,3.476182,3.054698,2.432992,3.335468,3.299961,2.986971,2.833435,3.611965,3.942051,4.038380,3.889118,1.043908,3.139271,3.025869,2.984310,3.243653,2.323226,3.071617,0.030699,3.467880,3.331282,2.505572,2.821938,3.022003,3.281024,3.551643,3.406991
-14.708026,-50.899271,2.984012,3.232563,3.438045,3.455470,4.330658,3.432785,2.967245,2.111125,3.213494,3.180617,2.871901,2.807133,3.528128,3.871365,3.958489,3.826323,0.869617,3.111243,2.940817,3.002351,3.186952,2.136048,3.014593,0.012335,3.318718,3.289401,2.219489,2.830315,2.985276,3.222390,3.546489,3.410213
-14.784425,-50.160254,2.876504,3.115192,3.388729,3.330208,4.297781,3.405497,2.813709,1.721860,3.175357,3.145439,2.768667,2.692392,3.437059,3.842104,3.893393,3.761884,0.814848,3.079993,2.872518,3.017493,3.156346,1.949514,2.920521,0.012335,3.280058,3.269104,2.021357,2.770392,2.935985,3.162790,3.520716,3.366398
-15.046290,-48.600645,2.746311,2.971519,3.232234,3.171412,4.290548,3.369661,2.687461,1.408212,3.104342,3.124069,2.635186,2.510582,3.362099,3.754980,3.830926,3.662595,0.663109,3.113820,2.781023,3.018459,3.123163,1.883148,2.885083,0.012335,3.244297,3.207248,1.846744,2.776835,2.860920,3.117042,3.512017,3.317107
-14.909611,-46.759466,2.607241,2.818969,3.240454,3.046808,4.276410,3.310811,2.644063,0.968644,3.050095,3.065876,2.506965,2.372827,3.220070,3.673116,3.752021,3.543580,0.570325,3.073550,2.722067,2.998807,3.080315,1.661176,2.846745,0.011691,3.204671,3.159568,1.689527,2.754606,2.822905,3.085148,3.432120,3.226256
-15.168527,-45.401940,2.417211,2.629926,3.167138,2.748941,4.232026,3.227960,2.518472,1.007110,2.901491,2.829161,2.293264,2.262031,3.094808,3.592238,3.672787,3.462703,0.510080,3.000418,2.701126,2.961114,3.042622,1.551318,2.774902,0.010724,3.143460,3.077093,1.627027,2.748162,2.793266,3.054864,3.391205,3.109954
-15.353107,-43.177776,2.099289,2.425430,3.068506,2.554637,4.185012,3.113877,2.394855,0.841080,2.716393,2.689105,2.069700,2.090741,2.921217,3.542594,3.601444,3.382811,0.429861,2.943395,2.583214,3.008150,2.983343,1.347065,2.672131,0.011691,3.045843,2.981410,1.522968,2.727866,2.724000,2.954026,3.332571,3.046166
-16.563743,-43.046572,1.903341,2.318580,2.901491,2.379731,4.147204,3.013930,2.101591,0.676037,2.451403,2.584227,1.805039,1.771504,2.812065,3.480785,3.500183,3.306865,0.365428,2.882183,2.536500,2.992686,2.951127,1.198547,2.608343,0.011369,2.963047,2.920521,1.331279,2.733665,2.661500,2.888304,3.260084,2.916333
-17.001957,-41.014407,1.715942,2.217647,2.831134,2.144331,4.118600,2.949491,2.076275,0.555377,2.089755,2.338963,1.640982,1.625201,2.716393,3.452840,3.380510,3.233549,0.278121,2.812273,2.499451,2.987531,2.872196,0.960467,2.468845,0.009436,2.872196,2.901835,1.118328,2.718523,2.604155,2.837080,3.193395,2.779413
-17.217479,-40.565802,1.573255,2.003288,2.704228,1.986192,4.089011,2.867299,1.989808,0.412033,1.820820,2.190688,1.404595,1.429911,2.647351,3.433442,3.303578,3.217768,0.012013,2.677286,2.427930,2.892815,2.857377,0.693070,2.317427,0.009436,2.841590,2.810663,0.878959,2.718523,2.566461,2.767492,3.118653,2.632183
-17.682021,-40.903341,1.419390,1.873423,2.588829,1.865862,4.031147,2.755516,1.513747,0.296963,1.566022,1.968109,1.063659,1.194839,2.565158,3.362428,3.192782,3.151357,0.000415,2.596100,2.428574,2.855121,2.828382,0.648611,2.212079,0.009436,2.817750,2.735276,0.730119,2.716912,2.513626,2.712724,3.074838,2.537788
-18.097428,-40.880079,1.315169,1.728764,2.499404,1.678462,3.999585,2.736776,1.092920,0.058931,1.341800,1.743559,0.897300,0.846012,2.339950,3.335797,3.086918,3.089219,0.001059,2.556796,2.395713,2.834181,2.802286,0.628637,2.165687,0.009436,2.769425,2.710147,0.791975,2.666332,2.516203,2.687918,3.038111,2.409567
-17.946938,-40.698266,1.194839,1.560104,2.329758,1.376321,3.966380,2.682858,0.963055,0.053671,1.013028,1.639996,0.759216,0.701352,2.122303,3.250317,3.011300,3.032342,-0.000229,2.527157,2.325481,2.844490,2.756217,0.608341,2.115430,0.008469,2.728510,2.676642,0.804217,2.673420,2.523613,2.655057,2.998163,2.320005
-18.286824,-41.029612,0.554391,1.430897,1.994740,0.972589,3.934160,2.532281,0.686229,0.046438,0.842724,1.347389,0.571816,0.546501,1.985534,3.141165,2.937656,2.924834,-0.000551,2.506216,2.257182,2.824194,2.710147,0.599964,2.010082,0.008791,2.632827,2.682119,1.028766,2.674064,2.402157,2.639593,2.953704,2.161499
-17.883423,-41.875390,0.231866,1.195168,1.655448,0.840094,3.867420,2.499075,0.270332,0.035917,0.597789,0.939712,0.393293,0.451485,1.823450,3.040890,2.825216,2.795955,0.000093,2.506861,2.244296,2.809374,2.642814,0.616073,1.993329,0.009114,2.529090,2.793266,1.189204,2.654734,2.387982,2.637015,2.909245,2.042942
-18.060138,-41.310831,0.151645,1.025193,1.446020,0.508363,3.805282,2.399129,0.032630,0.032630,0.321292,0.692804,0.171372,0.289730,1.646242,2.951464,2.638474,2.658529,-0.000229,2.479799,2.158600,2.836758,2.611564,0.589655,1.937594,0.007825,2.566139,2.887660,1.406344,2.638304,2.378961,2.622196,2.900547,1.919553
-18.086478,-41.972263,0.028356,0.688859,1.166893,0.434389,3.742487,2.263346,0.029671,0.028684,0.160522,0.469568,0.000410,0.160193,1.516377,2.771297,2.514856,2.550363,0.067425,2.480121,2.134115,2.842879,2.575804,0.579990,1.894424,0.007825,2.560662,2.967557,1.646357,2.663433,2.375739,2.641848,2.890882,1.858019
-18.507732,-41.987676,0.022438,0.040849,0.883163,0.301237,3.642212,2.057206,0.022766,0.023753,0.023424,0.231866,0.000739,-0.000248,1.315169,2.637816,2.227510,2.379731,0.000415,2.498806,2.093200,2.851578,2.570327,0.559372,1.758470,0.007181,2.531667,2.972712,1.530700,2.678253,2.365430,2.607698,2.872841,1.794231
-18.222079,-40.811207,0.019150,0.018821,0.405786,0.022438,3.555745,1.914520,0.020465,0.020136,0.019807,0.019479,0.000081,0.000410,0.974891,2.438581,2.137427,2.258086,0.000737,2.464979,1.991074,2.840302,2.500417,0.498160,1.690816,0.007825,2.474644,2.984954,1.628960,2.642170,2.341912,2.538433,2.813884,1.558728
-18.522102,-40.192197,0.017835,0.017177,0.016520,0.016520,3.471908,1.840546,0.018821,0.018164,0.017506,0.017177,-0.000576,0.000081,0.846341,2.197263,2.077919,2.130522,0.000093,2.412466,1.891525,2.856088,2.463690,0.495261,1.656988,0.006858,2.410855,2.997519,1.775223,2.660211,2.321938,2.523613,2.771358,1.339333
-18.030589,-37.398745,0.014876,0.014876,0.015533,0.015862,3.340400,1.576214,0.016520,0.016191,0.016520,0.016191,-0.000248,-0.000248,0.774011,2.000658,2.028275,1.962192,0.000415,2.395391,1.764269,2.885405,2.386693,0.493006,1.636692,0.006858,2.401190,3.012983,1.947259,2.711436,2.317105,2.505894,2.735276,1.261692
-18.722164,-35.699401,0.014876,0.015862,0.015862,0.016191,3.205275,1.447007,0.015205,0.014876,0.014218,0.015205,0.000739,0.000739,0.710229,1.810628,1.861259,1.807669,0.001704,2.334824,1.695648,2.873163,2.307762,0.382181,1.573548,0.006858,2.369618,2.998163,2.058406,2.668910,2.276834,2.480443,2.703059,1.144423
-19.298884,-33.888903,0.015862,0.015533,0.015205,0.015533,3.104014,1.442075,0.014547,0.013890,0.014547,0.015205,0.001067,0.000739,0.652365,1.593639,1.704764,1.690955,0.000093,2.292621,1.670841,2.845779,2.260726,0.154088,1.627349,0.006536,2.323548,2.919877,2.044231,2.727544,2.269425,2.432118,2.665688,1.053251
-18.901754,-31.353123,0.013890,0.013890,0.013561,0.013890,3.044177,1.375663,0.015205,0.015205,0.015205,0.014547,0.000081,0.000410,0.560638,1.574241,1.588707,1.548926,-0.000551,2.261370,1.681151,2.845456,2.216267,0.105119,1.569037,0.006536,2.299708,2.779413,2.000417,2.781990,2.387015,2.430185,2.657956,0.950480
-15.531176,-25.844191,0.014547,0.013232,0.013561,0.013561,2.901162,1.177743,0.013890,0.013232,0.013232,0.013232,0.000081,0.000410,0.032958,1.410513,1.406239,1.374677,0.000093,2.315172,1.621550,2.840624,2.096744,0.010724,1.166653,0.005248,2.267492,2.641204,2.145713,2.792943,2.373162,2.432118,2.634116,0.749449
-12.520874,-21.096447,0.012903,0.012903,0.011917,0.012246,2.630583,1.100810,0.011588,0.012903,0.012246,0.012903,0.001067,0.000410,0.000410,0.885465,1.210620,1.041302,0.000737,2.415366,1.581602,2.839657,1.881215,0.009114,0.700802,0.002992,2.192105,2.593845,2.223677,2.779413,2.413755,2.498484,2.635082,0.040364
-7.424335,-10.169817,0.009615,0.008629,0.009287,0.009287,2.075289,0.860807,0.009944,0.010273,0.009615,0.009944,0.000410,0.000081,0.000410,0.404471,0.749353,0.576419,0.000415,2.580636,1.585790,2.836436,1.801963,0.084500,0.293585,0.001382,2.206925,2.550997,2.312273,2.842235,2.574193,2.581925,2.675353,0.010724
0.531889,-1.552526,0.007314,0.007314,0.007314,0.007972,1.682407,0.567871,0.006657,0.007643,0.007314,0.006657,-0.000905,-0.000905,-0.000248,0.000410,0.308798,0.000739,0.001059,2.581603,1.587723,2.884438,2.000739,0.078701,0.000737,0.000093,2.003960,2.429863,2.668588,2.975611,2.707892,2.572260,2.614786,0.010724
9.399223,6.687656,0.005670,0.005341,0.005341,0.005341,1.324375,0.259154,0.005341,0.004026,0.004355,0.005999,0.000410,0.000739,0.000739,0.000410,-0.000248,-0.000248,0.000415,2.382505,1.342233,2.893459,1.537143,0.006858,-0.000229,0.000093,1.547130,2.125417,2.500095,2.673742,2.020391,2.306474,2.191138,0.008147
15.899860,16.486118,0.002711,0.003040,0.003040,0.002382,1.011055,0.002711,0.003698,0.004355,0.003698,0.003698,0.000081,-0.000576,-0.000576,0.000081,-0.000576,-0.000248,-0.000229,1.701447,0.155377,2.838369,0.422451,0.001382,-0.000874,-0.000229,0.636047,1.717233,1.749450,2.085790,0.937593,1.835790,1.444681,0.005570
21.345489,23.756781,0.002711,0.004026,0.003698,0.004355,1.133359,0.004684,0.004026,0.003698,0.004026,0.003698,-0.000576,-0.000576,-0.003535,-0.000248,0.000410,0.000410,-0.000229,1.810339,0.477864,2.805508,0.888624,0.004603,-0.000551,-0.000551,0.746872,1.653767,1.340300,1.770713,0.642168,1.758470,1.348676,0.003959
23.152740,24.898052,0.005013,0.005341,0.005341,0.005013,1.460158,0.005341,0.004355,0.004684,0.004684,0.004684,0.000410,0.001067,0.000081,0.000739,0.000739,0.000081,-0.000551,1.661821,0.910532,2.711436,1.223032,0.005248,-0.000874,-0.000874,1.152800,2.004283,1.450480,1.865107,0.731408,1.850288,1.518135,0.005248
22.469468,24.802272,0.005341,0.005341,0.005013,0.005341,1.701147,0.005999,0.005670,0.005670,0.005341,0.005670,0.000081,0.000081,-0.000905,-0.000905,0.450170,-0.000576,0.131536,1.437272,1.041653,2.617685,1.274256,0.006858,0.000415,0.000093,1.279411,2.167298,1.447581,1.805184,0.522967,1.791653,1.916331,0.006858
23.489226,26.526356,0.005670,0.006657,0.006985,0.007643,2.074303,0.007972,0.005999,0.006328,0.005670,0.006657,-0.000248,0.001725,0.003369,0.134878,0.518226,-0.000248,0.139913,1.316460,1.050351,2.521036,1.336434,0.004925,0.000093,-0.000229,1.256859,2.192105,1.545841,1.712079,0.377670,1.831602,2.082569,0.008147
23.894641,28.114232,0.008300,0.008629,0.008958,0.007314,2.253483,0.159207,0.007972,0.007643,0.007972,0.007972,0.000410,0.000410,0.000739,0.374553,0.661571,0.000739,0.155377,1.128960,1.136691,2.287466,1.443715,0.005892,0.000415,-0.000551,1.260081,2.252672,1.611241,1.729798,0.205634,1.818393,2.189205,0.008147
23.301962,28.667376,0.009287,0.008958,0.008958,0.008629,2.330087,0.362717,0.008629,0.008300,0.008629,0.009615,0.000739,0.000410,0.000410,0.551103,0.780258,0.230879,0.190815,0.944681,1.166653,2.110919,1.526834,0.007181,-0.000551,-0.000874,1.349643,2.352865,1.680506,1.712079,0.006536,1.798419,2.171486,0.007825
23.561117,30.333622,0.009944,0.009287,0.009615,0.009287,2.388937,0.509021,0.008958,0.010273,0.010273,0.009944,0.000081,-0.000248,0.000410,0.573460,0.786833,0.299593,0.187915,0.695003,1.181795,2.002350,1.589334,0.007181,-0.000551,-0.000229,1.356408,2.326448,1.675352,1.687272,0.007181,1.815816,2.194682,0.008147
22.524252,30.603566,0.009944,0.009615,0.009615,0.009287,2.427074,0.549460,0.009944,0.010602,0.009944,0.009944,0.000739,0.001396,0.057945,0.741134,0.832532,0.468253,0.068392,0.733019,1.194681,1.960146,1.609952,0.007503,-0.000551,-0.000229,1.361241,2.331603,1.665687,1.704669,0.006858,1.801318,2.220778,0.007503
22.723840,32.173888,0.009615,0.009615,0.008629,0.009615,2.484609,0.611926,0.009944,0.010931,0.010273,0.010931,0.000081,0.000081,0.451485,0.804258,0.915712,0.725024,0.106730,0.731408,1.231408,2.023290,1.609308,0.007825,-0.000874,-0.000874,1.373483,2.385404,1.919231,1.701125,0.006858,1.758793,2.244296,0.008147
21.961634,32.404166,0.009944,0.010931,0.010602,0.010602,2.621378,0.650393,0.011259,0.011588,0.010931,0.010602,-0.000248,-0.001234,0.544857,0.834176,0.933794,0.817409,0.223675,0.782310,1.285532,1.988819,1.637658,0.007825,0.000415,-0.000551,1.429862,2.452737,1.999772,1.700803,0.007181,1.825803,2.293909,0.008469
22.136505,34.462879,0.011917,0.010602,0.090822,0.011259,2.769654,0.805902,0.013232,0.012246,0.012903,0.011917,-0.000248,-0.000248,0.832532,0.927547,1.024535,0.927219,0.110918,0.857374,1.281344,2.200481,1.602865,0.007825,0.000093,0.000737,1.487529,2.493330,2.200803,1.829025,0.007181,1.786177,2.385404,0.369616
21.893085,34.291061,0.014547,0.080959,0.535980,0.014876,2.894915,0.952205,0.014876,0.014547,0.014218,0.013890,-0.000248,-0.000576,0.928862,1.063001,1.071221,1.065632,0.098998,0.777477,1.244617,2.159244,1.578380,0.007503,-0.000229,0.000415,1.476576,2.550675,2.168909,1.838367,0.006536,1.762981,2.407956,0.741073
22.436233,36.155503,0.017506,0.336744,0.741134,0.017835,3.026424,1.180373,0.017177,0.017177,0.016520,0.016520,-0.000576,0.000410,1.033741,1.451609,1.329964,1.240538,0.189204,0.704668,1.255893,2.221744,1.583857,0.006858,-0.000551,0.000093,1.485596,2.634760,2.250095,1.900545,0.006536,1.791009,2.513626,1.130893
22.178975,36.678551,0.020136,0.637242,0.929520,0.020794,3.237823,1.347389,0.020465,0.019150,0.019150,0.019150,0.000081,0.019807,1.363827,1.587063,1.438787,1.408212,0.395389,0.629604,1.294230,2.277801,1.623483,0.007181,-0.000874,-0.000551,1.561950,2.655379,2.373162,1.971422,0.007503,1.838367,2.517170,1.265880
22.101035,37.297245,0.024081,1.216209,1.195168,0.110220,3.329551,1.490076,0.024410,0.024081,0.081288,0.024410,0.001067,0.523158,1.678462,1.714298,1.561419,1.637365,0.478830,0.502348,1.320648,2.289399,1.654733,0.007825,0.022322,-0.000551,1.655378,2.848034,2.368974,2.142814,0.009114,1.884759,2.617685,1.430184
21.509368,36.305025,0.028356,1.331279,1.615995,0.375210,3.394318,1.602187,0.025725,0.029671,0.275264,0.028684,0.282497,0.707928,1.931616,1.943123,1.770189,1.920109,0.644101,0.582245,1.432761,2.306151,1.687594,0.008791,0.382503,0.001059,1.825803,2.901191,2.358664,2.235597,0.009436,1.998806,2.692750,1.616073
21.221012,35.625944,0.031643,1.450294,1.884273,0.608967,3.441661,1.679777,0.031972,0.031314,0.547816,0.031643,0.444581,0.790121,2.020384,2.256113,2.085152,2.088440,0.678573,0.564848,1.415364,2.410533,1.692104,0.008791,0.491073,0.002348,1.859630,2.892493,2.498484,2.190172,0.008469,2.036499,2.726900,1.653445
20.999224,35.994651,0.033945,1.631119,2.146632,0.955164,3.483087,1.801422,0.035589,0.034931,0.851272,0.034273,0.718448,0.854560,2.267949,2.426088,2.306086,2.237373,0.736562,0.480763,1.417942,2.453703,1.712079,0.008791,0.681150,0.002992,1.966589,2.871230,2.511049,2.186306,0.008147,2.050030,2.765882,1.926641
20.557091,35.821090,0.036904,1.732709,2.265319,1.004809,3.565937,2.020713,0.038547,0.037561,1.044261,0.037232,1.023220,0.949904,2.361320,2.505322,2.346196,2.237044,0.818070,0.481085,1.416009,2.483020,1.716589,0.008147,1.109630,0.004281,1.976898,2.916011,2.513948,2.157633,0.008469,2.049708,2.797454,2.072904
20.247496,34.684757,0.040520,1.880327,2.561213,1.242840,3.565608,2.183783,0.041835,0.040520,1.360211,0.040520,1.083385,1.115276,2.409649,2.733160,2.385649,2.314634,0.815493,0.711756,1.410532,2.585469,1.689527,0.008791,1.129926,0.004281,1.950481,2.938240,2.507183,2.180185,0.009114,2.065816,2.801642,2.251061
19.410013,35.212276,0.043479,2.060494,2.605268,1.431883,3.548183,2.314306,0.043479,0.042493,1.410513,0.043808,1.542350,1.457199,2.417869,2.697324,2.316278,2.352114,0.841910,0.785531,1.368650,2.548742,1.678896,0.008791,1.214978,0.004603,1.939849,2.962403,2.484309,2.172453,0.008469,2.078058,2.800998,2.188883
19.379663,36.266269,0.043808,1.999671,2.590473,1.413801,3.575142,2.389594,0.069123,0.042821,1.379937,0.043808,1.634406,1.480870,2.317922,2.548062,2.208441,2.278141,0.886047,0.843199,1.368006,2.591590,1.672774,0.008147,1.161176,0.004281,1.940172,3.002351,2.480121,2.196937,0.009436,2.077736,2.812273,2.256860
18.278121,37.612486,0.045452,2.002959,2.570090,1.356923,3.539635,2.279127,0.740805,0.044794,1.341471,0.045123,1.639667,1.510788,2.282415,2.480006,2.069042,2.220277,0.987207,0.840944,1.435016,2.622196,1.734952,0.007825,1.328702,0.005570,1.935661,3.041655,2.515237,2.197260,0.008469,2.094811,2.844490,2.327737
15.873594,38.676900,0.046109,2.051946,2.575679,1.504870,3.560019,2.306086,0.869355,0.046109,1.458842,0.046438,1.765586,1.617310,2.280442,2.465212,2.076604,2.289648,1.164076,0.827091,1.540687,2.655057,1.732053,0.008469,1.595133,0.007181,1.989785,3.082570,2.556152,2.226899,0.009114,2.124772,2.891204,2.438239
14.879706,40.662939,0.048739,2.114741,2.613487,1.738627,3.570211,2.345210,1.031768,0.049068,1.613365,0.049068,1.828382,1.742572,2.323182,2.500390,2.153208,2.274196,1.189527,0.738495,1.590300,2.713369,1.748805,0.062593,1.769746,0.007503,2.080958,3.099967,2.577737,2.235919,0.009758,2.203381,2.961758,2.351577
13.771835,40.926307,0.050712,2.200880,2.698310,1.953644,3.585992,2.387950,1.204702,0.050712,1.694900,0.050712,1.985206,1.760983,2.286360,2.623350,2.267620,2.312004,1.295841,0.640235,1.576447,2.712080,1.759115,0.008791,2.105442,0.008469,2.136048,3.118009,2.694361,2.216912,0.008791,2.212724,2.998163,2.672454
13.066777,41.934466,0.052356,2.319237,2.736119,2.087125,3.626759,2.412937,1.426623,0.053342,1.980932,0.053671,2.127892,1.868163,2.405704,2.749270,2.372498,2.332717,1.384437,0.448547,1.615429,2.752673,1.802285,0.009114,2.306474,0.009114,2.179218,3.123485,2.777157,2.198226,0.009114,2.265236,3.020070,2.798098
11.768090,42.363464,0.054986,2.377758,2.855134,2.097645,3.630376,2.416225,1.456541,0.054657,2.168989,0.054657,2.226195,2.023014,2.562528,2.854148,2.438581,2.374471,1.395390,0.233985,1.636048,2.721745,1.870262,0.071614,2.580636,0.010724,2.251061,3.118009,2.756539,2.178252,0.008469,2.270391,3.047132,2.846101
11.081090,43.763723,0.055315,2.363950,2.871901,2.089097,3.629061,2.392882,1.680106,0.056301,2.165043,0.056301,2.357046,2.055891,2.607898,2.882751,2.577323,2.432663,1.404733,0.550995,1.594166,2.687595,1.796164,0.008469,2.612209,0.011047,2.245584,3.112532,2.781346,2.172131,0.007825,2.205958,3.036501,2.784245
10.099677,43.976482,0.056630,2.388937,2.965272,2.126248,3.678376,2.407677,1.664982,0.079973,2.261702,0.153947,2.419841,2.272880,2.714420,2.962642,2.785435,2.533925,1.393779,0.447258,1.609630,2.618330,1.861885,0.008791,2.640881,0.011047,2.304541,3.112532,2.857054,2.129927,0.007825,2.330636,3.038434,2.914722
9.527720,44.245625,0.059260,2.563843,3.015246,2.240990,3.696130,2.431019,1.554844,0.084247,2.411622,0.342333,2.556939,2.378745,2.879792,3.027081,2.927464,2.656885,1.367684,0.414397,1.578058,2.603188,1.892169,0.055183,2.594812,0.010724,2.306151,3.107377,2.875418,2.036177,0.007825,2.258149,3.034245,2.988820
9.336483,42.999497,0.058603,2.615131,3.015574,2.376115,3.709610,2.407348,1.519994,0.076028,2.466527,0.434718,2.594090,2.385649,2.966259,3.068178,2.950806,2.684173,1.304862,0.234951,1.545519,2.683407,1.833535,0.008791,2.344811,0.009758,2.278445,3.108666,2.886371,1.993007,0.007825,2.175675,3.031990,2.947905
8.922873,43.605249,0.299264,2.750914,3.032013,2.478034,3.713226,2.440554,1.710353,0.157892,2.600336,0.602392,2.758475,2.469157,3.034643,3.116836,3.017876,2.808777,1.232375,0.696936,1.493651,2.722711,1.802929,0.008469,2.270713,0.009758,2.267814,3.142493,2.890560,2.057762,0.009114,2.200159,3.049709,2.991720
8.388977,44.409120,0.667489,2.884066,3.058643,2.564172,3.757281,2.464883,1.810299,0.489294,2.746640,1.129413,2.861381,2.566473,3.098096,3.193439,3.055027,2.874203,1.294230,0.993006,1.515236,2.728188,1.804540,0.009114,2.288110,0.009436,2.299064,3.187596,2.921810,1.986886,0.007825,2.326770,3.103189,3.071295
8.951385,44.563567,0.785189,3.006369,3.122754,2.708173,3.792131,2.569103,1.976658,0.632310,2.869929,1.254018,2.895573,2.641762,3.179302,3.241111,3.178645,2.894258,1.239140,1.273934,1.522001,2.751384,1.824514,0.008469,2.344167,0.009758,2.300353,3.194040,2.935663,1.949514,0.006858,2.482376,3.191462,3.120586
8.648940,43.694856,1.030782,3.131959,3.174371,2.875847,3.819748,2.537212,2.005261,0.811820,2.910039,1.390129,2.955080,2.861052,3.217768,3.284180,3.240782,2.967245,1.439849,1.557761,1.534243,2.754928,1.851898,0.100931,2.316783,0.009758,2.286499,3.180831,3.076127,2.034566,0.006858,2.601577,3.242364,3.231089
8.753763,41.185822,1.471336,3.321002,3.281879,3.161220,3.908187,2.701269,2.159126,0.992315,3.002423,1.681421,3.035629,2.984999,3.297989,3.376565,3.387743,3.141165,1.448547,1.997517,1.743329,2.743974,1.985919,0.274900,2.364463,0.010402,2.509116,3.210792,3.248808,2.220133,0.009114,2.684374,3.284568,3.316463
9.696468,36.369476,2.148934,3.420949,3.438045,3.391031,3.966051,2.878477,2.264332,1.180702,3.111575,1.832984,3.170097,3.102041,3.471908,3.493607,3.564622,3.328235,1.766525,2.474644,1.954991,2.766526,2.068393,0.673418,2.411177,0.010724,2.648291,3.279736,3.372519,2.393136,0.010080,2.868008,3.331926,3.381862
10.724996,31.073276,2.430691,3.516621,3.571526,3.573499,4.116628,2.910368,2.611186,1.771833,3.319687,2.087125,3.334811,3.301276,3.686596,3.653719,3.752350,3.380510,1.772001,2.856732,2.064850,2.812273,2.153767,0.994939,2.332891,0.009436,2.828060,3.312597,3.428898,2.614786,0.011369,2.993653,3.420844,3.476901
8.696959,21.099757,3.124726,3.810871,3.818433,3.820734,4.239588,3.030040,2.962642,2.850531,3.467963,2.805161,3.691527,3.664897,3.908845,3.928571,3.935146,3.696130,2.282633,3.534246,2.344811,3.115753,2.448549,1.593844,2.725611,0.011369,2.998485,3.432442,3.616077,3.067751,0.012013,3.310341,3.631218,3.663757
5.884464,-2.091466,3.500840,3.856899,3.929886,4.016024,4.287589,3.007684,3.332838,3.157275,3.623472,3.173713,3.787200,3.819419,4.061723,4.127477,4.097230,3.913776,2.671809,3.798422,2.896036,3.265238,2.689851,2.106409,2.943395,0.012657,3.148614,3.457893,3.734956,3.488821,0.478186,3.442429,3.730768,3.732701
-6.108004,-24.661047,3.465990,3.554430,3.694815,3.854269,4.239588,2.910368,3.193439,3.001437,3.483087,3.279577,3.666541,3.635636,3.990709,4.087038,4.060079,3.893393,2.459502,3.759440,2.837402,3.233344,2.685985,2.033922,2.772003,0.012335,2.989142,3.402481,3.677932,3.482700,2.031667,3.375741,3.627352,3.556476
-12.468397,-42.437095,3.390373,3.472237,3.594540,3.778323,4.299753,3.016561,3.218097,2.947847,3.424565,3.415688,3.262481,3.317715,3.919694,4.077175,4.057449,3.909831,2.192105,3.636051,2.871230,2.935985,2.716268,2.171164,3.076449,0.012980,3.028446,3.372519,3.432764,3.331604,3.143137,3.299066,3.538112,3.414079
-13.094008,-44.803073,3.723747,3.759912,3.873995,3.983476,4.463152,3.473552,3.478484,3.249659,3.655691,3.669171,3.547526,3.515964,4.041339,4.238273,4.271808,4.152793,2.485598,3.708216,3.207893,3.116076,3.272326,3.018782,3.398293,0.014590,3.526192,3.654736,3.607056,3.547455,3.377674,3.641528,3.823229,3.512661
-12.862724,-44.569169,3.755638,3.779638,3.901283,3.994654,4.478604,3.569882,3.660623,3.321002,3.704349,3.709281,3.561992,3.465333,4.030490,4.273780,4.321452,4.178108,2.334180,3.574839,3.195328,3.057764,3.382506,3.058730,3.426965,0.014268,3.631863,3.715948,3.500097,3.531669,3.384439,3.626064,3.823551,3.487210
-12.943170,-45.862712,3.699747,3.765829,3.869392,3.962106,4.474659,3.596184,3.647801,3.250317,3.652075,3.710925,3.506100,3.401223,3.989065,4.248136,4.309288,4.180409,2.182440,3.520393,3.213370,3.090624,3.382184,3.002673,3.367687,0.013946,3.631863,3.688564,3.454672,3.380896,3.350934,3.517816,3.782958,3.472713
-13.025578,-45.845730,3.632020,3.732624,3.833885,3.929229,4.469399,3.599800,3.625116,3.221714,3.629061,3.678705,3.462374,3.321989,3.959475,4.223150,4.294822,4.160026,1.971744,3.493976,3.194040,3.102545,3.359955,2.975611,3.291334,0.013302,3.617687,3.654736,3.376063,3.326772,3.318718,3.474646,3.758474,3.474002
-13.362192,-47.458583,3.568567,3.683308,3.806926,3.909174,4.453618,3.604403,3.580403,3.126699,3.622814,3.622814,3.428839,3.251632,3.935146,4.201122,4.276082,4.142272,1.848999,3.377030,3.203705,3.041011,3.354156,2.889915,3.246875,0.013302,3.591592,3.628963,3.288112,3.210148,3.293267,3.479800,3.729479,3.529092
-13.962577,-47.130846,3.550485,3.608348,3.774049,3.874324,4.448686,3.574485,3.550813,3.065547,3.619526,3.603088,3.383140,3.171740,3.897995,4.174163,4.252739,4.118929,1.833535,3.422777,3.176643,3.080637,3.350934,2.847067,3.248808,0.013302,3.534569,3.605445,3.206604,3.172132,3.269426,3.398937,3.706927,3.502674
-14.144176,-46.422186,3.480128,3.580731,3.691527,3.832899,4.440796,3.552786,3.486045,2.946861,3.569553,3.569882,3.324619,3.091849,3.857556,4.136354,4.214930,4.098217,1.566782,3.366398,3.162145,3.056153,3.347713,2.763304,3.242364,0.013302,3.534891,3.541334,3.077738,3.093524,3.233344,3.399903,3.670845,3.449195
-14.360952,-46.002080,3.424565,3.495909,3.648787,3.750048,4.419754,3.526484,3.417661,2.866970,3.522539,3.531745,3.223029,3.079685,3.776350,4.094271,4.172519,4.077833,1.417620,3.292622,3.122519,2.992364,3.316140,2.624129,3.155058,0.013624,3.513306,3.465303,2.937274,3.036823,3.193395,3.343847,3.639595,3.455960
-14.511541,-46.200974,3.377880,3.466648,3.615581,3.702048,4.403645,3.495909,3.337441,2.825873,3.479470,3.475854,3.164836,3.006040,3.718158,4.064025,4.134710,4.014709,1.359952,3.204027,3.137338,2.959181,3.268782,2.479799,3.143137,0.333856,3.479156,3.358666,2.834181,3.006217,3.147970,3.319040,3.578061,3.432442
-14.990213,-46.136798,3.316400,3.435415,3.574485,3.660623,4.384576,3.481771,3.237495,2.744996,3.439031,3.422593,3.101055,2.964944,3.639253,4.034106,4.092628,3.954544,1.230764,3.145070,3.121230,2.940817,3.227867,2.314850,3.105766,0.137980,3.457249,3.266205,2.564528,2.896681,3.129929,3.273292,3.550355,3.412468
-15.727099,-45.637295,3.236508,3.361113,3.506429,3.580074,4.364521,3.465662,3.153658,2.535897,3.375578,3.345332,3.012615,2.882751,3.604074,3.979202,4.041668,3.907201,0.856086,3.144748,3.077738,2.904413,3.161501,2.202414,3.022648,0.013946,3.374774,3.150547,2.256860,2.837724,3.096101,3.231733,3.531669,3.386695
-16.798143,-45.856876,3.117493,3.329551,3.460073,3.527142,4.355973,3.449223,3.046479,2.432663,3.282536,3.278262,2.952121,2.805490,3.558375,3.951585,3.998928,3.868735,0.674062,3.095779,3.055186,2.877029,3.150869,1.990752,2.991397,0.426962,3.304865,3.088047,2.078381,2.833536,3.060985,3.192107,3.501063,3.338370
-17.553973,-46.119107,3.001766,3.287797,3.434757,3.486703,4.329014,3.465333,2.960341,2.208770,3.246700,3.209220,2.887682,2.757818,3.491306,3.907201,3.958818,3.807255,0.584500,3.030057,3.000096,2.822583,3.148614,1.831280,2.943717,0.550673,3.277803,2.984632,1.915043,2.839013,3.059052,3.163756,3.502352,3.288756
-17.661534,-47.004631,2.916285,3.178973,3.403524,3.368345,4.316192,3.421606,2.899847,1.834628,3.199357,3.200344,2.798257,2.707187,3.437059,3.886488,3.900297,3.766816,0.550673,2.981732,2.960792,2.844168,3.127351,1.810017,2.898614,0.562593,3.233344,2.907634,1.737207,2.855121,3.032312,3.122841,3.499775,3.339658
-17.368357,-46.625060,2.864340,3.109274,3.340071,3.272344,4.299753,3.425552,2.768010,1.521967,3.126370,3.149055,2.721324,2.648666,3.360784,3.824679,3.875310,3.741500,0.496549,2.992042,2.934374,2.871230,3.117042,1.636692,2.870585,0.542297,3.210470,2.820972,1.531344,2.852544,3.010405,3.087403,3.490110,3.290367
-17.708446,-45.120692,2.696009,2.998478,3.243084,3.152672,4.279698,3.382811,2.707187,1.082070,3.099082,3.055027,2.624337,2.513870,3.296345,3.796076,3.832899,3.670486,0.431150,3.012983,2.874451,2.872841,3.098356,1.552607,2.837402,0.560982,3.194684,2.783601,1.424707,2.846423,2.983343,3.049709,3.448873,3.221746
-18.106454,-45.485909,2.533925,2.857107,3.192124,3.000122,4.262931,3.330208,2.616775,1.005466,2.999793,3.033328,2.493157,2.369868,3.151357,3.755309,3.740514,3.584348,0.410853,2.941140,2.761693,2.912789,3.071295,1.435339,2.777157,0.463688,3.153769,2.716912,1.346421,2.826449,2.886371,2.990753,3.394104,3.163434
-18.749251,-46.421212,2.401759,2.667077,3.172398,2.695023,4.245177,3.320674,2.504993,1.053796,2.893271,2.864668,2.309374,2.209428,3.031355,3.696130,3.684623,3.545553,0.276511,2.886049,2.698871,2.882505,3.053575,1.306150,2.704026,0.338366,3.079026,2.634116,1.162143,2.744296,2.782312,2.938240,3.353834,3.067429
-17.818224,-45.951571,2.167016,2.504007,3.128672,2.620392,4.222821,3.273988,2.404389,0.876259,2.801873,2.779517,2.074303,2.108495,2.940615,3.659308,3.627417,3.482100,0.117039,2.859310,2.617363,2.849322,3.001707,1.135081,2.646036,0.157309,3.054542,2.661822,1.063238,2.714657,2.720778,2.889915,3.286501,2.975933
-17.660720,-46.745258,1.927013,2.406690,3.023794,2.511568,4.183697,3.219412,2.282086,0.747380,2.570090,2.655899,1.869478,1.972383,2.898861,3.607033,3.581718,3.435415,0.177284,2.899580,2.564206,2.853833,2.956281,0.999127,2.534567,0.011047,2.993330,2.744941,1.043264,2.687273,2.726255,2.866397,3.262983,2.899902
-17.004672,-46.875413,1.839231,2.317593,2.887354,2.320552,4.146217,3.140836,2.170304,0.712531,2.284387,2.466527,1.659722,1.686352,2.799901,3.551142,3.504457,3.345989,0.213044,2.855121,2.468845,2.869297,2.858987,0.879604,2.424708,0.010402,2.922454,2.860920,1.158277,2.695005,2.692750,2.822905,3.249130,2.856088
-16.600806,-45.577465,1.673859,2.194633,2.809435,2.125920,4.098545,3.074424,2.172276,0.595159,1.990137,2.286689,1.497638,1.564378,2.706530,3.516292,3.395633,3.226974,0.223353,2.833214,2.444360,2.892170,2.820972,0.725931,2.365108,0.010402,2.927931,2.952093,1.459501,2.714335,2.675353,2.820328,3.233022,2.837724
-15.989896,-45.003407,1.571282,1.975014,2.716721,1.965479,4.067970,2.991903,2.026960,0.440307,1.723175,2.026960,1.330293,1.366458,2.600994,3.447908,3.295687,3.197385,0.199513,2.788433,2.434051,2.898936,2.781668,0.708856,2.289721,0.010080,2.840624,2.985598,1.609308,2.696938,2.578381,2.764593,3.177609,2.809374
-16.291201,-43.933388,1.301032,1.796162,2.468499,1.747175,3.995311,2.802859,1.563063,0.313401,1.414787,1.790244,0.970616,1.012371,2.524390,3.417661,3.164836,3.110260,0.149900,2.725611,2.414721,2.884761,2.758472,0.638624,2.133149,0.008791,2.812273,3.017171,1.641202,2.668910,2.541977,2.709180,3.131862,2.702093
-16.148749,-42.613958,1.210291,1.605803,2.268935,1.375663,3.969667,2.698639,1.027165,0.052685,0.998233,1.621256,0.779929,0.738504,2.274196,3.364400,3.021163,3.014588,0.197902,2.648613,2.272646,2.885083,2.721423,0.708212,2.065494,0.008791,2.833859,2.986243,1.711756,2.711436,2.522969,2.709503,3.091913,2.628317
-16.717250,-41.789869,0.743106,1.393746,1.932602,1.096865,3.928900,2.567131,0.802614,0.046109,0.702667,1.325361,0.633625,0.621132,2.034521,3.277933,2.973492,2.905436,0.241072,2.583858,2.279090,2.877673,2.647325,0.697903,2.003960,0.008147,2.787467,3.032957,1.647323,2.675353,2.439528,2.659245,3.048099,2.440172
-16.887847,-41.475189,0.318333,1.198784,1.615009,0.892040,3.873995,2.480993,0.418608,0.039205,0.515267,0.816422,0.383101,0.419266,1.818190,3.124726,2.846257,2.846257,0.048740,2.525224,2.279090,2.810985,2.616719,0.688882,1.791331,0.007181,2.677286,3.009439,1.562916,2.652157,2.381216,2.569038,2.996552,2.278445
-17.680317,-40.923539,0.033287,1.018288,1.419390,0.601406,3.810213,2.411622,0.033616,0.032630,0.283483,0.643817,0.001067,0.146385,1.678462,3.052068,2.749270,2.675296,-0.000229,2.465301,2.236564,2.841590,2.600611,0.693392,1.677285,0.007503,2.593845,3.002351,1.561305,2.692106,2.366396,2.514593,2.959825,2.168265
-17.918267,-40.284930,0.028684,0.647105,1.155386,0.484363,3.756953,2.321539,0.029013,0.029342,0.105946,0.434718,0.000081,0.000081,1.463774,2.942587,2.678584,2.580281,0.000415,2.442750,2.209824,2.844812,2.592234,0.690493,1.633148,0.007181,2.563562,2.986887,1.709823,2.687595,2.333213,2.472389,2.946294,2.133793
-17.556439,-38.684884,0.024081,0.043479,0.888424,0.387704,3.661609,2.166030,0.023753,0.024739,0.026054,0.212468,0.000410,0.000739,1.145852,2.821599,2.508281,2.511897,0.000737,2.419876,2.190816,2.842235,2.551642,0.698869,1.598032,0.006858,2.419876,2.959181,1.879927,2.670521,2.305507,2.442427,2.885083,2.002672
-17.693522,-37.883511,0.020794,0.019807,0.494226,0.177947,3.590595,2.002630,0.021123,0.021451,0.020465,0.020465,0.000410,-0.000576,0.923273,2.630255,2.215017,2.341265,-0.000551,2.415366,2.184695,2.844812,2.507505,0.671807,1.522645,0.006858,2.421165,2.920843,1.958213,2.678897,2.297131,2.441783,2.864464,1.967878
-17.742509,-35.953159,0.017506,0.017506,0.029342,0.017177,3.522210,1.902355,0.018492,0.018164,0.017835,0.019150,0.000081,-0.000248,0.812148,2.310689,2.152550,2.202523,-0.000229,2.421165,2.172131,2.839980,2.474966,0.643457,1.304540,0.004603,2.355121,2.894748,1.960468,2.695972,2.315172,2.396036,2.827737,1.868651
-17.420972,-33.632785,0.016520,0.016520,0.016848,0.016520,3.393661,1.666297,0.017177,0.017177,0.016848,0.016520,-0.000576,-0.000576,0.730284,2.071015,2.077919,2.046028,0.000093,2.400868,2.018458,2.829348,2.450482,0.610918,1.136691,0.004603,2.290365,2.810018,2.087079,2.700160,2.374128,2.385404,2.797454,1.794875
-17.538392,-31.902835,0.014547,0.014547,0.014876,0.015533,3.249659,1.389472,0.015862,0.013232,0.014876,0.013890,-0.000248,0.001396,0.623433,1.951342,2.035179,1.903999,0.000093,2.350610,1.997195,2.826771,2.417621,0.610596,0.943392,0.002992,2.268458,2.629606,1.946615,2.731088,2.376061,2.419554,2.785212,1.655700
-16.501970,-29.103934,0.016191,0.016520,0.015533,0.015205,3.150042,1.433198,0.014547,0.014218,0.014547,0.015205,0.000739,0.000739,0.424197,1.718572,1.957589,1.866519,0.000093,2.390559,1.931151,2.834181,2.396358,0.617683,0.786176,0.002992,2.240108,2.487208,1.898934,2.877351,2.407311,2.463368,2.778768,1.526834
-14.501582,-25.146707,0.014876,0.013890,0.014218,0.013890,3.024780,1.291826,0.014218,0.014547,0.014547,0.015205,0.000410,-0.000248,-0.000248,1.427280,1.694572,1.604488,-0.000551,2.325481,1.598999,2.878640,2.276190,0.493972,0.301962,0.000737,2.091267,2.431796,1.794231,2.827415,2.357376,2.423098,2.730443,1.161820
-13.546808,-21.756338,0.012903,0.012903,0.011588,0.012246,2.757489,1.124810,0.013232,0.012246,0.013561,0.012574,0.001067,0.000081,0.000081,1.052481,1.354951,1.288868,0.000093,2.407634,1.570004,2.849967,1.985919,0.445325,0.001704,-0.000551,2.054540,2.345456,1.885726,2.841913,2.474644,2.458536,2.700160,0.925673
-8.973344,-14.051905,0.010602,0.010931,0.010602,0.011917,2.480006,0.980151,0.011588,0.011259,0.011588,0.011259,-0.000248,-0.000905,-0.000905,0.796367,1.131715,0.982452,-0.000229,2.707570,1.593844,3.001385,1.932762,0.557439,0.002026,0.000093,2.083535,2.271035,2.084180,3.093524,2.749773,2.546165,2.785212,1.070325
-0.652729,0.830744,0.009615,0.009944,0.009944,0.008958,2.158468,0.786504,0.010602,0.006985,0.009615,0.008629,-0.001892,0.000410,0.000739,0.288414,0.704311,0.644475,0.000415,2.698871,1.558728,3.084181,1.876705,0.508147,0.002348,-0.000551,1.865751,1.976254,2.649580,3.248808,2.821294,2.526190,2.738820,0.885080
7.050124,8.606829,0.005670,0.005013,0.005341,0.005013,1.208647,0.301894,0.004355,0.005013,0.005670,0.005341,0.000081,0.000739,0.000081,0.000081,0.146385,-0.000248,0.000093,2.361564,1.276511,2.976578,1.329346,0.006214,-0.000229,-0.000551,1.426318,2.054862,2.663111,2.844812,2.362208,2.259760,2.273613,0.008791
15.503230,24.230062,0.002382,0.002054,0.001396,0.001725,0.594830,0.002711,0.003040,0.002382,0.002382,0.002054,-0.000248,-0.000248,-0.000905,-0.000576,-0.000905,0.000081,-0.000229,1.829347,0.008469,2.960470,0.364139,0.001059,-0.000874,0.000415,0.474964,1.850610,2.359631,2.350610,1.087078,1.833857,1.498161,0.005570
20.239966,30.736333,0.001396,0.002054,0.002382,0.003040,0.779271,0.003369,0.002711,0.003040,0.002054,0.002054,-0.000576,-0.000576,-0.000576,0.000410,0.001067,0.001067,0.000093,2.007504,0.009114,2.838369,0.223675,0.000737,-0.001196,0.000093,0.459823,2.137981,2.211757,2.140881,0.560982,1.758148,1.516524,0.004925
21.725881,34.249103,0.003040,0.003369,0.004684,0.004026,1.088974,0.003698,0.003698,0.002711,0.003369,0.003040,0.000081,0.000081,0.000410,0.000410,0.000081,0.000081,0.000415,1.940816,0.348031,2.689528,0.634758,0.001704,-0.000229,-0.000229,0.479797,2.189850,1.721099,1.897001,0.320969,1.550996,1.342555,0.004925
22.535994,36.100520,0.005341,0.005341,0.004684,0.004026,1.358238,0.005013,0.004355,0.004026,0.004355,0.004355,0.000081,0.000739,0.001396,0.000739,0.000739,0.000081,0.000093,1.564849,0.309049,2.341912,0.589011,0.002348,-0.000229,-0.000551,0.509114,2.057118,1.320648,1.601576,0.257503,1.497839,1.229475,0.004603
21.727297,35.230495,0.005013,0.005670,0.006328,0.005999,1.632434,0.005999,0.005013,0.005013,0.005013,0.005013,0.001067,0.000739,0.000081,-0.000576,-0.000248,0.000739,0.000093,1.139913,0.290686,2.154412,0.702413,0.002992,-0.000551,0.000093,0.544230,1.908277,1.096743,1.388625,0.076446,1.348998,1.251060,0.004603
21.261169,36.087883,0.008958,0.008300,0.007314,0.007314,2.106851,0.271647,0.007314,0.007972,0.009615,0.007643,0.001067,0.000081,0.000739,0.001396,0.494555,-0.000248,0.000415,1.011047,0.227541,2.058406,0.571292,0.002026,-0.000551,0.000093,0.557116,1.839334,0.969810,1.135081,0.004281,1.087400,1.183405,0.003959
21.939066,37.253311,0.008958,0.009615,0.009615,0.008958,2.269593,0.419266,0.007972,0.009287,0.009287,0.009944,0.000410,0.000739,-0.000576,0.370936,0.634283,-0.001563,-0.000551,0.941137,0.333212,1.426318,0.900544,0.004281,-0.000551,-0.000551,0.630892,1.891525,0.996550,1.146034,0.004925,0.923740,1.207568,0.004281
21.948238,37.596326,0.009615,0.009287,0.009287,0.008629,2.386964,0.494226,0.009944,0.010931,0.009944,0.009615,0.000081,0.000410,-0.000248,0.547816,0.667818,0.179920,0.000093,0.932761,1.051640,1.733986,1.483341,0.006858,0.000093,0.000093,1.297452,2.323226,1.656988,1.606086,0.005892,1.489462,2.087723,0.011691
21.660483,38.358630,0.009615,0.009287,0.008958,0.009287,2.420499,0.544857,0.010273,0.010273,0.010273,0.009615,-0.000248,-0.000905,-0.000905,0.619817,0.681955,0.444581,0.067748,0.802284,1.203702,1.756860,1.568715,0.007181,-0.000551,-0.000229,1.379604,2.400224,1.750738,1.648934,0.005892,1.603831,2.134115,0.009114
21.948080,39.372170,0.009944,0.009615,0.009944,0.011588,2.536884,0.639543,0.009944,0.010602,0.009944,0.009287,-0.000576,0.000410,0.338059,0.659598,0.660256,0.726668,0.151188,0.817426,1.211434,1.806473,1.557439,0.006858,-0.000874,-0.000551,1.437594,2.414077,2.027156,1.596099,0.007181,1.675674,2.275868,0.098675
21.964963,40.422296,0.012574,0.011917,0.011588,0.011917,2.735790,0.747709,0.011259,0.011259,0.011588,0.012246,0.000410,-0.000248,0.500473,0.664530,0.714503,0.793408,0.066459,0.797774,1.224320,1.886048,1.571615,0.006858,-0.000874,-0.000229,1.402156,2.479476,2.100288,1.590622,0.005570,1.705957,2.393458,0.189848
21.208195,40.229258,0.012246,0.012903,0.192413,0.013890,2.828504,0.941356,0.013232,0.012574,0.013232,0.013232,0.001067,0.000081,0.535651,0.712859,0.718448,0.845026,0.064526,0.780699,1.179539,1.938239,1.578058,0.007503,-0.000551,-0.000551,1.427607,2.567105,2.108664,1.626383,0.006858,1.731731,2.425353,0.342877
21.556969,40.512296,0.014547,0.014218,0.544199,0.015533,2.908724,1.089961,0.014876,0.014876,0.013890,0.014218,0.000081,-0.000248,0.849957,0.936424,0.940369,0.952534,0.188560,0.679217,1.265880,1.908599,1.620261,0.007503,-0.000229,0.000093,1.510725,2.617685,2.209502,1.667620,0.006536,1.741073,2.489464,0.626704
20.778352,41.711686,0.018164,0.278880,0.738175,0.017506,2.986971,1.306292,0.015205,0.016848,0.017506,0.017835,0.000739,0.000739,0.943000,1.070563,1.068590,1.021905,0.379281,0.719488,1.299385,2.148935,1.623483,0.007825,0.000093,-0.000229,1.594166,2.655379,2.316139,1.813883,0.006536,1.722388,2.531345,0.975287
20.234662,41.142978,0.017835,0.494883,0.882506,0.019150,3.138206,1.432212,0.020794,0.019807,0.019150,0.019479,-0.000576,-0.000248,1.031768,1.339498,1.073851,1.151441,0.373160,0.824836,1.287465,2.123162,1.630571,0.007825,0.000093,0.000093,1.664398,2.791010,2.359953,1.934373,0.007181,1.781022,2.595778,1.058083
19.448499,41.257870,0.021451,0.798340,1.116920,0.091809,3.248015,1.487774,0.021780,0.021780,0.021123,0.021451,-0.000248,0.000081,1.129084,1.473637,1.169523,1.269799,0.420518,0.835789,1.285854,2.243329,1.626705,0.007181,-0.000229,-0.000229,1.686305,2.818072,2.326448,1.940816,0.006858,1.727220,2.606732,1.090622
18.514040,42.650558,0.025397,1.179715,1.379280,0.324579,3.303249,1.527556,0.025725,0.025725,0.125343,0.025725,0.150988,0.473184,1.495994,1.520323,1.373033,1.421034,0.491395,0.816137,1.322259,2.283600,1.625094,0.007503,0.166008,0.000415,1.692749,2.893459,2.346744,1.961112,0.007181,1.766202,2.608020,1.337723
18.318246,42.860253,0.028684,1.371718,1.569310,0.601734,3.337770,1.706079,0.028356,0.029342,0.400197,0.029013,0.380471,0.679982,1.681092,1.723504,1.379280,1.547282,0.636369,0.855763,1.401511,2.246229,1.606731,0.006858,0.458856,0.001704,1.848677,2.944361,2.381538,2.104154,0.010724,1.798097,2.724000,1.550029
16.964859,43.697539,0.032301,1.505528,1.813587,0.852259,3.392675,1.799121,0.032958,0.032630,0.676366,0.031643,0.582008,0.797025,1.875725,1.936547,1.482514,1.742572,0.764913,0.841266,1.398612,2.278445,1.624450,0.007181,0.730119,0.002992,1.829347,2.964980,2.392170,2.129605,0.008147,1.823226,2.783279,1.665365
16.351849,43.850022,0.035917,1.513090,2.001644,0.946287,3.495251,1.863560,0.033945,0.033616,0.847985,0.035917,0.883821,0.870999,1.960876,2.168989,1.591009,1.892821,0.916653,0.640879,1.440493,2.315494,1.660210,0.007825,0.958856,0.003959,1.929540,2.997841,2.400868,2.152801,0.008791,1.879605,2.824516,1.786177
14.511360,44.291858,0.037561,1.626516,2.180824,1.069577,3.513333,1.959890,0.036575,0.036246,0.941685,0.036904,1.021576,0.899931,2.070357,2.252497,1.757038,2.014466,0.984307,0.396034,1.515880,2.328703,1.670519,0.008469,1.127027,0.004281,1.943393,3.023292,2.447260,2.146035,0.008147,1.816138,2.840624,2.013947
14.122104,46.872233,0.041506,1.780710,2.341265,1.091276,3.560019,2.125920,0.260469,0.039863,1.267497,0.040520,1.273415,1.085687,2.200222,2.374142,1.985206,2.182468,1.038431,0.412786,1.551640,2.430830,1.695326,0.007825,1.057761,0.003959,1.946937,3.046488,2.513304,2.150223,0.008147,1.924063,2.897969,2.089656
13.281305,49.436488,0.042821,1.969096,2.501048,1.279004,3.605389,2.237702,0.612255,0.044137,1.314183,0.043808,1.506514,1.444048,2.243291,2.489541,2.019398,2.218633,1.131215,0.005892,1.658921,2.356087,1.780055,0.043907,1.629926,0.006858,2.001061,3.071939,2.571938,2.147968,0.007825,1.964334,2.906668,2.099321
12.925738,50.787269,0.045123,2.095344,2.590145,1.424321,3.628074,2.291620,0.710558,0.046109,1.406897,0.045780,1.663010,1.609091,2.290634,2.547733,2.179838,2.266963,1.185338,0.005892,1.686305,2.383471,1.855764,0.083534,1.885081,0.007825,2.094489,3.097068,2.603510,2.138625,0.008147,1.978187,2.962080,2.094167
12.276656,51.949513,0.047424,2.229811,2.676283,1.826080,3.636951,2.336991,0.827272,0.047424,1.485144,0.048082,1.678133,1.722517,2.374142,2.603953,2.258086,2.268606,1.334823,0.005892,1.719166,2.383471,1.947904,0.424062,2.227221,0.009114,2.190494,3.115753,2.768459,2.208213,0.008147,2.096100,3.013627,2.375739
12.351421,53.466952,0.051370,2.333046,2.844285,2.067398,3.638266,2.437595,0.937082,0.050712,1.670243,0.051370,1.753751,1.818190,2.388279,2.705543,2.340279,2.249209,1.311949,0.006214,1.725287,2.431152,1.947581,0.388946,2.483987,0.011047,2.280700,3.133472,2.797132,2.213046,0.008147,2.063561,3.046166,2.465301
10.928545,52.721667,0.053342,2.379731,2.856449,2.139399,3.667198,2.480993,1.094235,0.052027,1.780052,0.053342,1.856656,1.939178,2.480993,2.782804,2.326470,2.305429,1.395712,0.012657,1.710146,2.403768,2.002027,0.454668,2.635082,0.011369,2.286822,3.148292,2.811629,2.205958,0.008791,2.132182,3.055508,2.654412
11.300926,53.372139,0.054657,2.373813,2.928450,2.193647,3.656020,2.492171,1.190565,0.057945,2.159454,0.056301,2.068056,1.988822,2.507623,2.800558,2.442198,2.380389,1.410532,0.149900,1.741073,2.403445,2.001061,0.461755,2.737531,0.011691,2.313561,3.162145,2.820005,2.093845,0.007825,2.132504,3.068717,2.666977
10.552569,52.247632,0.056301,2.414252,2.974478,2.186085,3.707308,2.543130,1.145194,0.057287,2.293264,0.362717,2.193318,2.199564,2.663789,2.906751,2.697324,2.459622,1.427607,0.005892,1.738174,2.450804,2.011048,0.476575,2.748485,0.012013,2.291976,3.150547,2.810018,1.982697,0.007825,2.222388,3.075805,2.814206
10.906048,52.150413,0.058274,2.684831,3.044177,2.337320,3.747418,2.529322,1.087002,0.059260,2.457979,0.566885,2.368224,2.342251,2.907409,3.031027,2.927792,2.634529,1.436949,0.005892,1.787465,2.492363,2.055185,0.539719,2.765882,0.011369,2.333536,3.154735,2.902480,1.961435,0.007503,2.311628,3.155380,2.988176
10.908365,51.301314,0.061890,2.885052,3.123740,2.547076,3.770761,2.501705,1.032754,0.063863,2.568774,0.764476,2.419184,2.370525,2.981053,3.145768,2.965930,2.719680,1.445970,0.006214,1.870906,2.568072,2.092878,0.583856,2.819039,0.011047,2.323226,3.135083,2.894103,1.892813,0.007825,2.326126,3.177287,3.070650
11.412562,47.952603,0.239427,2.984012,3.146754,2.630583,3.757610,2.513870,1.063001,0.097726,2.697981,0.757901,2.572391,2.462910,3.026424,3.207577,2.990916,2.702256,1.382826,0.007181,1.869295,2.534245,2.076448,0.507503,2.772969,0.011047,2.345456,3.129929,2.873163,1.876383,0.006858,2.327737,3.176643,3.012338
11.549848,48.660190,0.610282,2.959026,3.139850,2.634857,3.762871,2.516829,1.354293,0.226276,2.796613,1.148811,2.741708,2.509267,3.075411,3.219084,3.019520,2.779517,1.291975,0.489140,1.629282,2.478510,1.978187,0.360273,2.747196,0.011691,2.318394,3.139594,2.857054,1.814849,0.007181,2.134760,3.172454,3.051642
10.094363,48.305551,0.653352,3.017218,3.161877,2.680885,3.748733,2.555952,1.913205,0.571487,2.858751,0.890396,2.844613,2.574364,3.097767,3.221714,3.029054,2.822914,1.326125,0.705634,1.598032,2.417621,1.950481,0.223998,2.735920,0.011047,2.306151,3.157635,2.871552,1.819360,0.007181,2.349322,3.188241,3.128962
9.472816,48.909503,0.674064,3.115521,3.162864,2.782804,3.755638,2.648666,1.995069,0.659598,2.827189,1.247771,2.909052,2.643405,3.101055,3.181275,3.029711,2.797270,1.376060,1.195970,1.565816,2.481087,1.921164,0.094165,2.726577,0.010402,2.307762,3.195973,2.896036,1.986563,0.007825,2.453381,3.196617,3.185985
9.291815,47.541896,0.803272,3.184234,3.220727,2.826531,3.831255,2.667406,2.025644,0.786833,2.875189,1.528871,2.972834,2.812065,3.153987,3.222042,3.196070,2.872559,1.416009,1.289720,1.609630,2.530379,1.922775,0.140557,2.732376,0.011691,2.311628,3.194684,2.952415,2.052285,0.007503,2.455958,3.194684,3.196295
10.175827,47.001162,1.081084,3.191467,3.244070,2.972177,3.871365,2.620063,2.019069,0.865409,2.862696,1.683722,2.978423,2.887354,3.252947,3.271687,3.241440,2.974807,1.365751,1.226253,1.565171,2.524580,1.911499,0.080956,2.662789,0.011047,2.335469,3.185341,2.968846,2.071937,0.008147,2.431152,3.197583,3.205960
9.800299,44.659569,1.468048,3.293386,3.303906,3.160234,3.911804,2.667077,2.140386,0.927219,2.989601,1.779395,3.020835,2.968560,3.326592,3.379524,3.430812,3.089548,1.446614,1.531344,1.617362,2.695005,1.981409,0.325157,2.619941,0.010724,2.404090,3.207571,3.087725,2.162466,0.008791,2.531989,3.278769,3.308731
10.723323,43.034512,2.048330,3.380181,3.430154,3.363085,3.951914,2.867956,2.202523,1.023878,3.073109,1.877040,3.098425,3.084945,3.485388,3.453168,3.541937,3.188508,1.715622,2.056795,1.935661,2.810340,2.061306,0.598676,2.663755,0.011691,2.500417,3.271037,3.249452,2.307440,0.008791,2.652801,3.324839,3.387339
11.994636,39.929580,2.382032,3.436730,3.465333,3.491306,4.018654,2.943245,2.483623,1.177743,3.164836,1.953972,3.212508,3.132946,3.578101,3.522210,3.631362,3.262152,1.731731,2.361564,1.963045,2.860276,2.089012,0.733341,2.824838,0.011691,2.710791,3.312919,3.375419,2.503961,0.010402,2.775547,3.404092,3.434053
14.999501,32.794617,2.581597,3.595855,3.613609,3.669828,4.126820,2.903792,2.714420,2.110139,3.315742,2.354744,3.329879,3.298975,3.749720,3.665554,3.780624,3.381168,1.852221,2.720134,2.058728,2.934374,2.208535,1.015235,2.955315,0.011691,2.800998,3.401514,3.501708,2.801642,0.011369,3.007506,3.533924,3.590948
12.696150,19.699755,3.144781,3.820405,3.788843,3.835200,4.206711,2.907080,2.972177,2.943573,3.491306,2.806805,3.642869,3.653390,3.964078,3.898324,3.935475,3.706979,2.229798,3.377996,2.305507,3.153769,2.476899,1.573225,3.038434,0.012657,2.947261,3.347068,3.651837,3.292944,0.015879,3.295844,3.653126,3.679221
-2.467139,-13.281423,3.526484,3.890762,3.947640,4.028846,4.227752,2.975793,3.328564,3.124397,3.657335,3.292728,3.844077,3.808898,4.085066,4.097888,4.095915,3.895365,2.390559,3.820330,2.719168,3.243009,2.671487,2.146035,2.966913,0.012013,3.000740,3.415690,3.726902,3.649260,0.015879,3.482056,3.708538,3.680188
-10.751203,-36.186980,3.300290,3.537334,3.664897,3.838159,4.248136,3.020177,3.054040,2.883080,3.474867,3.338756,3.607691,3.577115,3.939092,3.998270,4.000243,3.792131,1.854798,3.755252,2.550353,2.913756,2.603510,1.922775,2.730121,0.011369,2.842557,3.308731,3.521038,3.400226,2.097710,3.260406,3.570651,3.500097
-14.380631,-42.846465,3.603088,3.637609,3.752679,3.931530,4.401672,3.330208,3.427853,3.185220,3.588622,3.647801,3.478155,3.364729,3.992024,4.168245,4.177122,4.058107,2.511371,3.771038,2.954026,2.780701,2.937918,2.741397,3.392816,0.013946,3.434697,3.652803,3.489143,3.597391,3.330638,3.627352,3.697585,3.600290
-15.097437,-44.824003,3.824351,3.854269,3.963749,4.095915,4.487481,3.568238,3.705007,3.439689,3.760240,3.758925,3.685609,3.672130,4.130765,4.322438,4.356631,4.201122,2.710791,3.794234,3.199194,3.171488,3.400548,3.339981,3.497842,0.014590,3.636373,3.765561,3.599324,3.747520,3.511695,3.709827,3.892817,3.612211
-15.541603,-45.270181,3.798707,3.861502,3.971640,4.078490,4.498002,3.607033,3.723089,3.394976,3.748405,3.738213,3.669828,3.645828,4.114984,4.307972,4.361891,4.225122,2.616397,3.720458,3.203060,3.157635,3.445973,3.316140,3.405702,0.014913,3.663757,3.783925,3.556798,3.721425,3.507507,3.668590,3.854801,3.577739
-15.519017,-45.132260,3.790816,3.846707,3.954873,4.081449,4.491755,3.627417,3.705664,3.350263,3.742815,3.746761,3.646814,3.595526,4.089011,4.299753,4.361233,4.220519,2.569361,3.616399,3.223034,3.140238,3.448550,3.271037,3.393460,0.013946,3.674066,3.765239,3.532313,3.683087,3.475290,3.685987,3.830317,3.552932
-15.423792,-44.215391,3.793775,3.827310,3.975914,4.053833,4.494057,3.644513,3.680020,3.357496,3.683308,3.729665,3.606376,3.528128,4.060737,4.290876,4.344466,4.211314,2.486886,3.523937,3.218202,3.174710,3.429865,3.218524,3.381540,0.617361,3.665690,3.774582,3.504929,3.601579,3.448228,3.690819,3.809376,3.533280
-15.605271,-43.208052,3.732952,3.798378,3.919037,4.019312,4.482550,3.635965,3.658321,3.294043,3.682650,3.716185,3.556074,3.468292,4.024243,4.265232,4.323425,4.192903,2.381216,3.480767,3.225934,3.275547,3.415045,3.175354,3.338692,0.761047,3.696296,3.709182,3.451772,3.544556,3.384439,3.615432,3.767494,3.483989
-15.695000,-42.881407,3.674431,3.786542,3.900297,3.972297,4.476961,3.635965,3.626102,3.226645,3.675417,3.686267,3.486374,3.426209,3.980188,4.230054,4.307315,4.153779,2.291332,3.409568,3.241398,3.241720,3.410857,3.112854,3.323550,0.813560,3.629930,3.664401,3.395393,3.453061,3.314207,3.589659,3.746876,3.467880
-15.501518,-43.285789,3.595855,3.718158,3.857556,3.913776,4.463481,3.610650,3.584348,3.120452,3.603088,3.624458,3.418647,3.250646,3.916406,4.188957,4.270821,4.129121,2.064850,3.373808,3.244297,3.121552,3.392171,3.004928,3.260406,0.811305,3.627675,3.648615,3.287468,3.307120,3.278447,3.516850,3.702095,3.421166
-14.939935,-43.390626,3.523197,3.622485,3.786213,3.853611,4.456906,3.588293,3.547197,2.959683,3.580074,3.592567,3.357167,3.155959,3.862159,4.154108,4.243205,4.142601,1.868007,3.318396,3.196617,3.056475,3.372519,2.942106,3.155058,0.737851,3.589659,3.633151,3.188563,3.216913,3.232377,3.436630,3.658925,3.411824
-14.734299,-43.787610,3.466648,3.548183,3.719144,3.805611,4.445727,3.577444,3.468949,2.886039,3.561334,3.556074,3.299961,3.088561,3.826652,4.131423,4.228081,4.112683,1.784888,3.303898,3.178576,3.013949,3.356733,2.860598,3.111565,0.874771,3.542301,3.596747,3.048421,3.161179,3.204027,3.454672,3.602546,3.401514
-14.662053,-43.924518,3.414702,3.516292,3.641883,3.727363,4.428303,3.583362,3.391688,2.813051,3.515964,3.531416,3.214152,3.086260,3.750048,4.074874,4.204081,4.061066,1.533921,3.242687,3.143137,3.007828,3.331926,2.793266,3.038756,0.833212,3.502030,3.544234,2.877995,3.079026,3.171166,3.387661,3.594491,3.451772
-14.895900,-43.665683,3.377551,3.480785,3.608019,3.688897,4.413837,3.537991,3.321331,2.785763,3.489004,3.483087,3.162206,3.013602,3.711253,4.044627,4.169231,4.017668,1.428895,3.182119,3.087725,2.984954,3.313241,2.698549,2.997519,0.831279,3.535535,3.498808,2.783279,3.030702,3.131862,3.392171,3.594491,3.471746
-15.203103,-43.190243,3.319687,3.430154,3.586649,3.659636,4.398713,3.486703,3.247358,2.709160,3.470922,3.443963,3.106315,2.937656,3.669500,4.011421,4.136683,3.963749,1.431150,3.135728,3.082248,2.993975,3.264916,2.566139,3.031024,0.892812,3.477868,3.437597,2.659889,2.978189,3.107699,3.355122,3.586759,3.470780
-16.179688,-44.398033,3.263139,3.378537,3.563307,3.612293,4.383918,3.456785,3.182919,2.539514,3.418976,3.393003,3.060616,2.944560,3.640568,3.982489,4.104135,3.948626,1.325480,3.158601,3.052931,2.972712,3.219813,2.478832,3.117364,0.897967,3.461115,3.385406,2.540366,2.963047,3.078060,3.329671,3.574517,3.459504
-16.655762,-43.870188,3.207577,3.354537,3.531087,3.550485,4.370439,3.469936,3.065876,2.490198,3.402538,3.368674,2.987300,2.792668,3.580731,3.951914,4.063367,3.898653,1.218844,3.133795,3.036178,2.993008,3.193717,2.440817,3.101900,0.991717,3.438563,3.329993,2.474966,2.944039,3.060985,3.291656,3.576450,3.432764
-17.193098,-43.269922,3.043520,3.281879,3.481771,3.465662,4.357617,3.438374,2.961985,2.262360,3.305879,3.273659,2.927792,2.766037,3.518923,3.895694,4.020627,3.847365,1.042941,3.012338,3.004928,2.962725,3.157635,2.313561,3.007506,0.846743,3.379285,3.243009,2.252672,2.865109,3.053898,3.256218,3.569685,3.387983
-17.510588,-43.374450,2.901491,3.186535,3.410428,3.361770,4.335589,3.406812,2.869600,1.862245,3.259851,3.146425,2.812723,2.697653,3.462374,3.860187,3.972955,3.802652,0.893779,2.977866,2.917299,2.893137,3.117042,2.185984,2.959181,0.861240,3.288756,3.195006,2.083857,2.867364,3.018782,3.217236,3.541334,3.353189
-17.309245,-43.365697,2.838696,3.099740,3.344674,3.241111,4.312575,3.396291,2.672995,1.551556,3.174699,3.130315,2.744667,2.652282,3.408784,3.818762,3.917064,3.765172,0.812915,2.936307,2.879928,2.905057,3.103833,2.080314,2.927287,0.890235,3.243975,3.151514,2.032311,2.852866,3.003962,3.195650,3.518138,3.301643
-17.579163,-42.506048,2.712447,2.994862,3.277933,3.191138,4.304027,3.379524,2.661817,1.113303,3.116836,3.149384,2.662145,2.514198,3.327578,3.775035,3.864461,3.727363,0.656343,2.895392,2.849645,2.953060,3.110277,2.064205,2.904091,0.873483,3.200805,3.127996,1.941460,2.829026,2.974967,3.165689,3.485599,3.268460
-17.619313,-42.380892,2.598693,2.844285,3.221714,3.032999,4.282000,3.343688,2.593761,1.046563,3.080013,3.094808,2.566802,2.403074,3.186535,3.728021,3.821063,3.639581,0.540686,2.906024,2.791977,2.945650,3.088691,1.990107,2.852544,0.833212,3.161501,3.052609,1.891847,2.817106,2.893781,3.149903,3.463370,3.253962
-17.577670,-42.120672,2.419184,2.701927,3.173384,2.873545,4.264246,3.311797,2.520774,1.128756,2.980396,2.982040,2.428718,2.304114,3.081986,3.715856,3.772076,3.574485,0.510725,2.863820,2.781668,2.945006,3.092235,1.952414,2.822261,0.845454,3.145070,3.021681,1.762336,2.829993,2.869619,3.120908,3.446617,3.211437
-18.009263,-42.251343,2.271565,2.570747,3.123740,2.699954,4.240246,3.243084,2.369210,0.997247,2.858751,2.854477,2.240332,2.215017,2.952450,3.641883,3.705336,3.547854,0.422129,2.787467,2.765237,2.942428,3.058408,1.671486,2.792943,0.779088,3.087081,2.970457,1.572903,2.810663,2.795843,3.092557,3.404736,3.180509
-18.743769,-42.304729,2.020055,2.435293,3.090205,2.590473,4.205396,3.181932,2.160112,0.803929,2.688118,2.771297,2.045699,2.032877,2.793325,3.614266,3.674102,3.507744,0.310016,2.701448,2.721745,2.950160,3.032312,1.559694,2.726900,0.589977,3.053575,2.972390,1.499772,2.844168,2.789077,3.067106,3.380573,3.146037
-19.577252,-41.492552,1.951671,2.355073,2.967574,2.460280,4.197505,3.166809,2.091399,0.665845,2.517157,2.707516,1.847779,1.733038,2.698310,3.570868,3.633006,3.465990,0.114462,2.711758,2.701771,2.930830,3.032312,1.528767,2.664722,0.562593,2.975289,2.911178,1.473354,2.844812,2.739464,2.998485,3.354478,3.076449
-20.437168,-39.905485,1.749476,2.250853,2.891956,2.242962,4.166930,3.126041,2.091070,0.508692,2.291620,2.551350,1.681750,1.584762,2.600994,3.501498,3.550156,3.371304,0.000415,2.564528,2.664399,2.932763,3.043588,1.385725,2.446293,0.454990,2.926642,2.842235,1.181150,2.835469,2.694683,2.942106,3.294555,3.004928
-21.102609,-39.407904,1.656763,2.119015,2.818312,2.176550,4.146546,3.075411,1.967781,0.411375,1.964164,2.308388,1.559118,1.349690,2.562528,3.467634,3.461388,3.296016,0.000415,2.472389,2.655701,2.890882,3.037145,1.294875,2.355765,0.448547,2.903446,2.818072,0.996872,2.845456,2.655701,2.898614,3.246553,2.931797
-21.562801,-38.501282,1.473966,2.006904,2.764722,2.061809,4.120902,3.041218,1.571282,0.274935,1.770847,2.146961,1.295443,1.209634,2.461595,3.442976,3.380510,3.265769,-0.000551,2.424064,2.617041,2.872841,3.010727,1.223676,2.284566,0.340621,2.846745,2.791333,0.895712,2.877673,2.645714,2.834503,3.203382,2.830637
-21.119483,-37.903718,1.398348,1.865533,2.639131,1.859615,4.091313,2.977437,1.230346,0.062219,1.523939,1.903013,1.050837,0.836806,2.277483,3.406812,3.317386,3.250317,0.000415,2.297453,2.570649,2.815817,2.993975,1.058083,2.134760,0.297451,2.810018,2.614142,0.819681,2.906346,2.623807,2.806797,3.131217,2.676642
-20.587749,-36.421033,1.249744,1.756381,2.465540,1.614351,4.040353,2.876175,0.946287,0.058274,1.325032,1.783340,0.854560,0.699380,2.071344,3.375250,3.208892,3.187193,-0.000229,2.250095,2.540044,2.763304,2.972390,0.936627,2.078058,0.220454,2.786822,2.578059,0.831279,2.859632,2.597389,2.779090,3.083859,2.580636
-20.140035,-36.354283,0.908807,1.526569,2.245921,1.182346,4.009449,2.727571,0.671763,0.051698,0.998562,1.504870,0.703982,0.580035,1.925698,3.264125,3.071794,3.075411,-0.000229,2.075159,2.547131,2.733343,2.971101,0.892490,2.024257,0.183083,2.724000,2.610920,0.846743,2.853188,2.581925,2.758150,3.049709,2.469812
-19.975398,-35.613029,0.374882,1.312210,1.808327,0.950233,3.959147,2.596062,0.189454,0.041506,0.780915,1.289854,0.441622,0.417293,1.733367,3.157275,2.982040,3.007355,-0.000874,2.040687,2.469489,2.687273,2.951771,0.844488,1.978831,0.008469,2.651835,2.545198,0.761691,2.868008,2.561629,2.732699,3.029413,2.322582
-19.575211,-34.969678,0.036246,1.160318,1.587063,0.642831,3.898653,2.469157,0.035589,0.035260,0.551432,0.883821,0.109891,0.175646,1.510788,3.007355,2.847572,2.920559,0.000737,1.956602,2.381538,2.656990,2.905379,0.754926,1.959502,0.009114,2.577415,2.550031,0.809050,2.875740,2.481732,2.708214,3.005573,2.252672
-19.938884,-34.011551,0.029671,0.675379,1.229031,0.437677,3.817446,2.407019,0.031314,0.029999,0.257510,0.581679,0.000739,-0.001234,1.305306,2.857107,2.738749,2.690749,0.000415,1.868007,2.306151,2.559696,2.782956,0.617361,1.792298,0.008469,2.397969,2.554863,0.790686,2.851578,2.359631,2.595778,2.959503,2.104476
-19.938637,-33.947313,0.026054,0.041178,0.922945,0.248304,3.759583,2.293264,0.024739,0.023753,0.115480,0.311757,0.001067,0.000739,0.880533,2.703571,2.611186,2.612172,-0.000551,1.840300,2.324193,2.556796,2.747840,0.604152,1.782311,0.008147,2.393780,2.570971,0.814204,2.862209,2.383793,2.590946,2.911823,2.060017
-19.441312,-31.238794,0.021451,0.021780,0.607981,0.132248,3.658650,2.255784,0.021451,0.021123,0.022438,0.023753,-0.000248,0.000410,0.786833,2.528664,2.502034,2.540500,0.000737,1.953058,2.267169,2.582247,2.711758,0.703379,1.643135,0.006858,2.468201,2.516526,0.777155,2.896681,2.480121,2.636371,2.936307,2.044231
-18.006618,-28.741315,0.019807,0.019479,0.160851,0.018821,3.583033,2.112769,0.019150,0.019150,0.020136,0.020136,0.001067,0.000739,0.714174,2.317265,2.371841,2.408005,0.000093,1.995584,2.294554,2.593845,2.656990,0.689526,1.572581,0.006536,2.475933,2.364463,0.771034,2.923421,2.518459,2.651513,2.936951,1.992362
-17.659382,-25.018549,0.017835,0.017835,0.019150,0.017506,3.498868,1.975671,0.018821,0.018492,0.018821,0.018164,0.000410,0.000410,0.595816,1.990137,2.015781,2.269264,-0.000551,2.011692,2.275546,2.624451,2.609309,0.644101,1.301640,0.004925,2.383793,2.305185,0.908276,2.958214,2.531667,2.646680,2.928897,1.924386
-16.443592,-24.747322,0.016848,0.016520,0.016848,0.017177,3.349277,1.875725,0.017835,0.017835,0.016848,0.017177,-0.001234,-0.000576,0.090494,1.738956,1.977644,2.203838,-0.000229,2.108664,2.213690,2.575160,2.594490,0.540364,0.803251,0.002992,2.367363,2.162144,1.030699,2.934052,2.531667,2.634116,2.860276,1.787787
-14.196946,-23.146424,0.016191,0.016520,0.016191,0.016520,3.138535,1.716271,0.016520,0.016191,0.015533,0.015533,0.000081,0.001725,0.000081,1.382567,1.825751,1.916492,0.000093,2.180507,2.146357,2.607054,2.477221,0.400222,0.686949,0.002670,2.319360,2.064205,1.151189,3.041011,2.534245,2.600933,2.816139,1.535210
-12.762777,-21.413558,0.014876,0.014218,0.014218,0.014218,2.951793,1.347060,0.013890,0.010602,0.013890,0.013890,0.000410,0.000739,0.000739,1.154400,1.504542,1.639009,0.000093,2.199515,1.932118,2.592879,2.287144,0.011047,0.031665,0.000415,2.260404,2.021035,1.103186,3.020392,2.531345,2.553575,2.728188,1.311627
-11.035887,-17.343343,0.012246,0.012574,0.012246,0.012246,2.635186,1.161304,0.012574,0.013232,0.014218,0.013232,0.000410,0.000410,0.000739,0.757244,1.242511,1.245470,0.000737,2.260726,1.797775,2.785856,2.147968,0.017168,-0.000551,0.000737,2.265559,2.192427,1.341266,2.992686,2.535855,2.547776,2.703059,1.082568
-5.277112,-9.020791,0.010273,0.010931,0.011259,0.011917,2.376443,1.001192,0.011917,0.011917,0.011259,0.010602,-0.000905,0.000081,0.000081,0.568857,1.031768,0.887108,0.000093,2.410533,1.961435,2.922132,2.046808,0.391201,0.001704,0.000415,2.291976,2.178252,1.552929,3.110277,2.805186,2.683729,2.851900,1.162465
0.865209,0.986441,0.011259,0.009944,0.011588,0.010602,2.204167,0.865738,0.009944,0.009287,0.010931,0.010273,0.000739,0.000081,0.000410,0.000410,0.689845,0.623433,0.004281,2.559374,1.998806,3.019426,2.139914,0.428250,0.002348,0.000093,2.261693,2.009759,2.046808,3.265883,2.813562,2.635727,2.820005,1.456279
6.510755,7.565960,0.005670,0.006985,0.006328,0.005670,1.454568,0.413348,0.005341,0.005670,0.006328,0.006985,0.000410,0.001067,0.000081,0.000081,0.414992,0.137179,-0.000229,2.223677,1.530700,2.935341,1.784244,0.009114,0.000415,0.000093,1.529089,1.552607,2.254605,2.761693,2.132504,2.058406,2.126061,0.008469
14.993909,18.179056,0.004684,0.003369,0.003040,0.003040,1.091276,0.089836,0.004684,0.004026,0.005013,0.004355,-0.000576,0.000081,0.000410,-0.000576,0.000081,0.001396,0.000093,1.333857,0.005570,2.701126,0.469165,0.002026,0.000093,-0.000551,0.516846,0.947258,1.190815,1.743329,1.041008,1.384437,0.816781,0.002670
19.210807,25.593512,0.003369,0.004026,0.004355,0.005013,1.209305,0.005013,0.004684,0.004026,0.003040,0.003698,-0.000248,-0.000576,0.000739,0.000739,0.001067,0.000739,0.000093,2.095777,0.303895,2.664077,0.609629,0.002992,0.000093,-0.000229,0.572258,1.604153,1.499127,1.860275,0.949191,1.607053,1.344488,0.004603
20.815388,29.615091,0.004684,0.004355,0.004026,0.004684,1.285909,0.003698,0.002711,0.004355,0.004026,0.005013,0.000410,0.000410,0.000081,0.002382,-0.001234,-0.000576,0.000093,2.021679,0.854475,2.820972,1.173740,0.005248,-0.000551,-0.000551,0.979475,2.157955,1.633148,1.832246,0.611884,1.718844,1.559694,0.005248
22.193944,30.340351,0.006657,0.005341,0.004355,0.005013,1.482514,0.226276,0.006328,0.006657,0.005999,0.005999,-0.000248,0.000739,-0.000905,0.000081,-0.000248,0.000410,0.006858,1.739463,0.995583,2.818072,1.231408,0.005570,0.000093,-0.000229,1.196936,2.365430,1.982697,1.927285,0.513946,1.818715,1.895391,0.005892
22.891788,32.002373,0.005670,0.005670,0.006328,0.007314,1.722846,0.294990,0.006985,0.007314,0.006328,0.005341,-0.000905,0.000081,0.000410,0.000739,0.000739,0.000739,-0.000551,1.325802,0.943070,2.710791,1.218199,0.005892,-0.000229,-0.000229,1.175996,2.353832,1.841267,1.827092,0.348676,1.720133,1.948226,0.006858
23.625459,34.795759,0.008300,0.009287,0.008958,0.009287,2.101591,0.469568,0.008300,0.007972,0.007972,0.008629,-0.000248,0.001067,0.000739,0.000739,0.308141,-0.000248,-0.000551,0.984952,0.887336,2.576770,1.283599,0.006858,-0.000874,-0.000551,1.224965,2.402801,1.827414,1.608664,0.009436,1.677607,1.934373,0.006214
23.367834,36.350782,0.010602,0.009615,0.008958,0.009287,2.283401,0.518884,0.009944,0.009287,0.009615,0.009944,0.001067,0.000410,0.000410,0.000081,0.553076,0.000739,0.000093,0.903122,0.877993,2.378639,1.318715,0.006536,-0.000551,-0.000551,1.214978,2.433407,1.812594,1.545841,0.006858,1.673097,2.101254,0.007503
22.675926,38.164963,0.009287,0.009944,0.009287,0.009615,2.406690,0.653023,0.010931,0.010273,0.010273,0.010602,0.000410,0.000739,0.000410,0.039863,0.568528,0.192084,0.000415,1.013624,0.918908,2.215623,1.351898,0.006214,0.000415,0.000093,1.304540,2.561307,2.000094,1.564527,0.006858,1.646357,2.336113,0.008469
22.500607,38.656056,0.012246,0.010931,0.010602,0.010931,2.477705,0.883821,0.011588,0.011259,0.011588,0.010931,-0.000248,-0.000905,-0.001234,0.498500,0.577734,0.449513,0.390879,0.960789,1.248805,2.043265,1.550996,0.023611,-0.000229,-0.000874,1.492040,2.629283,2.130894,1.858342,0.007825,1.724965,2.493330,0.063559
22.609374,40.990462,0.011259,0.011917,0.012246,0.012574,2.650967,0.937082,0.012246,0.011588,0.010931,0.011259,-0.000248,0.000739,0.406115,0.583323,0.641187,0.627050,0.471420,0.978186,1.339656,2.063239,1.645713,0.008147,0.000737,0.000093,1.638303,2.680830,2.438561,1.963690,0.008147,1.777800,2.541977,0.478830
22.108362,42.764673,0.015205,0.014547,0.334443,0.014547,2.847244,1.188921,0.013561,0.013890,0.014547,0.015205,0.001067,0.000081,0.528089,0.674722,0.627379,0.730942,0.615428,0.935016,1.409243,2.099321,1.671808,0.008469,0.000415,-0.000229,1.675674,2.766526,2.452092,2.007826,0.007825,1.971422,2.572260,0.756537
21.535309,44.174918,0.015862,0.111206,0.518884,0.014547,2.896888,1.301032,0.016520,0.016191,0.015862,0.015862,0.000081,-0.000248,0.762504,0.763490,0.637242,0.775984,0.718521,0.958534,1.448870,2.117363,1.672130,0.008147,0.000093,-0.000874,1.690171,2.860598,2.455314,1.964012,0.007825,2.105765,2.549709,0.976253
21.070411,46.259408,0.016520,0.285784,0.664201,0.017835,2.933053,1.383883,0.017835,0.017506,0.017177,0.014218,-0.000905,0.000081,0.895985,0.919328,0.689188,0.849957,0.786820,0.860596,1.474965,2.100610,1.679218,0.008147,-0.000874,-0.000229,1.721099,2.917622,2.440817,1.972066,0.008147,2.080636,2.531989,1.050673
20.089574,47.357670,0.019150,0.352525,0.846998,0.019150,3.012615,1.467062,0.018164,0.018164,0.018492,0.018492,0.001067,0.000081,0.928862,0.983110,0.743764,0.923273,0.813882,1.037787,1.452413,2.101899,1.678573,0.007503,0.070969,0.000415,1.783921,2.962725,2.438561,1.969489,0.007503,2.145069,2.609309,1.116395
18.783244,48.633594,0.020465,0.605022,0.994946,0.020794,3.147411,1.595283,0.021123,0.021123,0.021123,0.021780,-0.000248,-0.000576,1.010069,1.149140,0.949575,0.974891,0.869294,1.019423,1.468844,2.201126,1.684372,0.008469,0.239139,0.000415,1.811628,3.006217,2.449837,2.025868,0.007825,2.221422,2.607376,1.401511
18.761402,50.317701,0.022766,0.847985,1.183332,0.186824,3.180289,1.698846,0.024739,0.023424,0.131919,0.022109,-0.000576,0.000410,1.081413,1.242182,0.962726,1.023220,0.848354,0.877671,1.433406,2.275224,1.677607,0.012980,0.590944,0.002670,1.850288,3.027158,2.439850,2.019102,0.006858,2.121551,2.629606,1.578380
17.733588,52.123170,0.026383,1.147496,1.499281,0.233509,3.223029,1.783997,0.025725,0.026712,0.228249,0.027040,0.193399,0.383101,1.264210,1.407225,1.026179,1.195496,0.949836,0.918586,1.559694,2.291654,1.681795,0.032954,0.827735,0.003315,1.787143,3.033601,2.423098,2.002994,0.007181,2.094489,2.693072,1.583212
17.988533,52.456095,0.028356,1.333580,1.548268,0.462993,3.292728,1.895451,0.030328,0.029999,0.459705,0.029342,0.424855,0.582008,1.518350,1.513090,1.093577,1.242511,1.037465,0.889269,1.596743,2.396036,1.685017,0.054217,0.947903,0.003637,1.959502,3.051642,2.423420,2.075481,0.007825,2.194038,2.781346,1.739785
17.348181,52.677015,0.034273,1.449637,1.910903,0.695434,3.323304,2.060823,0.511980,0.032958,0.688201,0.034931,0.808532,0.711873,1.669585,1.616982,1.200099,1.385855,1.112207,0.647323,1.645068,2.444038,1.741073,0.085789,1.167297,0.003959,2.018458,3.087081,2.454992,2.086113,0.008469,2.233664,2.870908,2.042942
17.472642,52.212747,0.038219,1.629146,2.090084,0.959767,3.361113,2.207784,0.666831,0.038876,0.918013,0.038219,1.008754,0.823327,1.820820,1.751120,1.348704,1.506186,1.222065,0.302928,1.658599,2.519425,1.784244,0.150222,1.345455,0.005248,2.059695,3.099323,2.472067,2.091589,0.008147,2.336113,2.906346,2.359309
16.805326,52.861916,0.040191,1.679448,2.271565,0.953520,3.419963,2.275182,0.719435,0.039863,1.143879,0.039863,1.087988,0.890725,1.880985,2.007562,1.400321,1.765258,1.308083,0.084178,1.689205,2.572260,1.877349,0.418263,1.566460,0.006536,2.133471,3.118975,2.568072,1.976254,0.008147,2.420520,2.992364,2.722067
17.379378,52.225266,0.044137,2.032220,2.517815,1.109358,3.476511,2.354087,0.741134,0.044137,1.266840,0.044794,1.319115,1.015658,2.000000,2.158468,1.493035,1.950685,1.319359,0.006214,1.695004,2.560662,1.896035,0.472709,1.617684,0.006536,2.210146,3.126707,2.646358,1.929862,0.007825,2.464013,3.018459,2.743652
17.590425,51.791853,0.045123,2.129536,2.614145,1.308594,3.487689,2.382361,0.814779,0.045780,1.396376,0.046109,1.539720,1.317142,2.103892,2.361977,1.688325,2.171290,1.357697,0.096098,1.686305,2.709180,1.879927,0.425029,1.678573,0.006214,2.235597,3.128962,2.712080,1.874772,0.007825,2.476255,3.026191,2.800998
17.494589,51.213580,0.045452,2.168660,2.654584,1.591666,3.513333,2.416553,0.875930,0.047424,1.506186,0.047096,1.602187,1.498295,2.204496,2.500719,1.891177,2.176222,1.396357,0.357052,1.676963,2.614142,1.875416,0.349964,1.866396,0.007503,2.239785,3.134117,2.739142,1.896035,0.007825,2.406667,3.007506,2.840946
16.438473,50.986238,0.050054,2.275511,2.765708,1.875725,3.560019,2.433321,0.921629,0.049726,1.627502,0.050712,1.755723,1.703777,2.358690,2.579295,2.061481,2.255127,1.380893,0.484951,1.681795,2.727222,1.867040,0.169230,1.891847,0.007503,2.225610,3.135728,2.708858,1.894424,0.007181,2.320649,3.003318,2.876384
15.835467,52.103540,0.052027,2.387293,2.828832,1.910574,3.530101,2.429704,1.164921,0.052027,1.697531,0.052027,1.894793,1.790244,2.409649,2.602638,2.133810,2.300168,1.410854,0.446614,1.668908,2.861243,1.887014,0.223675,1.970777,0.008791,2.252028,3.144426,2.733987,1.927929,0.007181,2.350288,3.020715,2.923743
14.746200,53.255882,0.052356,2.351786,2.879792,2.078905,3.524840,2.438910,1.215223,0.053013,1.778737,0.052685,2.116057,1.895780,2.505322,2.719352,2.140386,2.369868,1.464011,0.408276,1.693393,2.888627,1.892169,0.512658,2.020713,0.009436,2.222066,3.135405,2.714335,1.942105,0.007825,2.375739,3.027802,3.004284
13.297491,53.373198,0.053671,2.397485,2.902806,2.156167,3.556402,2.487239,1.437801,0.054986,2.002959,0.055315,2.247565,1.997041,2.588172,2.814038,2.257099,2.429376,1.470132,0.269423,1.695326,2.864786,1.925030,0.512980,2.142491,0.009758,2.259115,3.147648,2.730121,1.869295,0.007181,2.425353,3.024903,3.058730
12.368426,54.898730,0.055644,2.428389,2.984012,2.175893,3.578101,2.515514,1.614680,0.055972,2.109481,0.055644,2.318251,2.039453,2.604611,2.847244,2.339292,2.426417,1.464011,0.064848,1.683728,2.843201,1.915365,0.375737,2.180507,0.009758,2.236242,3.137983,2.712402,1.853509,0.007181,2.352221,3.017815,3.102222
11.335338,54.760538,0.057616,2.550363,2.996177,2.192660,3.556074,2.532938,1.746846,0.057287,2.251839,0.057945,2.431677,2.112440,2.636173,2.880449,2.522747,2.464554,1.413109,0.010724,1.677607,2.803575,1.887337,0.297773,2.176963,0.009758,2.242363,3.130251,2.724000,1.736563,0.007181,2.313883,3.008150,3.117686
10.988695,54.808456,0.062548,2.773928,3.025766,2.311018,3.631362,2.588829,1.728106,0.059589,2.403074,0.554062,2.565158,2.276168,2.666419,2.943245,2.734146,2.513541,1.455635,0.308083,1.660532,2.819039,1.899901,0.283920,2.262337,0.009114,2.272002,3.143137,2.741719,1.829347,0.008469,2.324515,3.036501,3.159568
10.452046,54.077536,0.064849,2.956067,3.109932,2.536884,3.684294,2.617761,1.612708,0.218386,2.564829,0.672749,2.693379,2.443841,2.904121,3.085603,2.894587,2.657543,1.443715,0.734629,1.685983,2.859954,1.908599,0.281343,2.318716,0.009114,2.270391,3.169233,2.838047,2.095133,0.008469,2.449515,3.099323,3.221424
10.182568,55.099519,0.065507,2.984012,3.182590,2.609542,3.663910,2.551350,1.739942,0.277236,2.670365,0.805902,2.743352,2.538528,2.976779,3.141165,2.950806,2.717050,1.433406,1.031988,1.683406,2.852866,1.919875,0.515557,2.334824,0.009114,2.235275,3.204993,2.896359,2.312917,0.009758,2.523935,3.119619,3.334504
10.544855,55.214229,0.070110,3.071465,3.161877,2.678913,3.688568,2.623679,2.065097,0.483705,2.728228,1.057412,2.866312,2.562528,3.018862,3.133932,2.953437,2.744996,1.480120,1.060016,1.699514,2.855766,1.934373,0.513624,2.367685,0.009436,2.324515,3.246230,2.981732,2.357054,0.010080,2.583536,3.180831,3.340303
11.310094,53.291388,0.526446,3.200344,3.226645,2.779517,3.785556,2.724283,2.044056,0.701024,2.988286,1.543337,2.942587,2.805818,3.225659,3.292399,3.175028,2.841983,1.496228,0.917619,1.861885,2.870263,2.053252,0.727220,2.521358,0.009758,2.377350,3.228511,2.988820,2.281989,0.009436,2.625417,3.220779,3.461437
12.711006,50.782292,0.827272,3.330866,3.289440,3.018862,3.847365,2.772941,2.073974,0.820039,3.013930,1.743559,3.056342,2.944889,3.314098,3.392346,3.280892,2.966916,1.604153,1.298418,1.975288,3.011694,2.073870,0.811305,2.683085,0.010724,2.441783,3.286501,3.045843,2.308407,0.009436,2.622518,3.313563,3.615432
12.953746,50.164837,1.305306,3.381825,3.322975,3.126041,3.891420,2.813051,2.146303,0.964699,3.081328,1.879670,3.145768,3.015246,3.382154,3.428182,3.391031,3.046150,1.727543,1.642491,1.982697,3.019748,2.084180,0.819681,2.652157,0.010080,2.585147,3.299710,3.098034,2.344167,0.009758,2.708536,3.388628,3.636051
13.466478,48.526818,1.612379,3.363414,3.391031,3.235522,3.914434,2.762092,2.275511,0.965356,3.121110,2.050960,3.189823,3.027739,3.450209,3.461059,3.444620,3.117493,1.808406,1.829991,1.992685,3.005895,2.079347,0.801640,2.522647,0.010080,2.566139,3.311308,3.192751,2.378639,0.008791,2.856410,3.429865,3.626708
14.467013,48.540253,2.022357,3.401880,3.473552,3.346318,3.943694,2.757818,2.313319,1.105742,3.114206,1.902355,3.205933,3.088233,3.521553,3.469607,3.494265,3.220399,1.817104,2.258793,2.042620,3.055508,2.120262,0.830957,2.662789,0.009758,2.679863,3.404414,3.360599,2.634760,0.010724,2.987854,3.493654,3.676644
12.953801,44.569032,2.440225,3.531087,3.603417,3.553443,4.017339,2.851518,2.550035,1.506186,3.259522,2.283072,3.319359,3.244399,3.654376,3.593225,3.686596,3.339414,1.906989,2.267492,2.105765,2.988176,2.259760,1.089978,3.035212,0.012335,2.827737,3.435342,3.407958,2.742686,0.012980,3.070972,3.522971,3.695974
11.816698,32.542526,2.634200,3.720788,3.714870,3.674431,4.122546,2.894258,2.811408,2.347511,3.468621,2.650638,3.500840,3.450209,3.803967,3.768131,3.840789,3.538649,2.087723,2.810340,2.291654,3.090624,2.443716,1.468199,3.002673,0.012335,2.852222,3.463048,3.503963,3.070650,0.012657,3.271681,3.629930,3.714981
5.042184,1.586388,3.189165,3.849995,3.923311,3.941722,4.256355,3.098425,3.063904,2.916943,3.623472,3.213166,3.760898,3.704021,3.969010,4.007147,4.008791,3.826652,2.076125,3.456927,2.806797,3.127029,2.669876,2.140236,2.962403,0.012657,2.940495,3.428576,3.545200,3.375741,0.013946,3.369620,3.657314,3.709505
-1.937296,-30.144323,3.344674,3.688897,3.811857,3.877940,4.237616,3.038588,3.106973,2.889984,3.578430,3.271687,3.706979,3.573499,3.921667,3.982489,3.967037,3.755638,1.873483,3.479478,2.753961,2.996874,2.601577,2.093845,2.734309,0.012013,2.831926,3.338692,3.415690,3.343202,0.013946,3.244620,3.603190,3.565819
-3.540971,-38.067792,3.225001,3.411743,3.518265,3.707966,4.337891,3.148398,3.178316,2.883737,3.307852,3.249002,3.101384,3.133274,3.777008,3.979530,3.954544,3.790487,2.028445,3.397970,2.799387,2.685985,2.769103,2.252350,3.018459,0.012657,2.999129,3.362532,3.208215,2.922132,2.771681,3.237210,3.471102,3.045843
-2.637921,-40.888268,3.627417,3.693171,3.822707,3.911804,4.449344,3.447579,3.533060,3.212179,3.559033,3.574156,3.455470,3.441661,3.983804,4.183697,4.146875,4.016353,2.321615,3.639917,3.031024,2.701126,3.231089,2.965624,3.286823,0.014268,3.505252,3.634440,3.434375,3.056797,3.262017,3.520071,3.688242,3.044555
-3.391216,-42.985143,3.625773,3.695801,3.827967,3.911475,4.446714,3.538649,3.598156,3.226974,3.584019,3.609006,3.441333,3.392017,3.960791,4.185998,4.192574,4.066655,2.133149,3.586759,3.133795,2.720456,3.273937,2.972390,3.234632,0.013302,3.591270,3.656025,3.359633,3.150869,3.292944,3.485922,3.702739,3.042622
-4.411942,-44.432994,3.580074,3.668185,3.818104,3.874653,4.449015,3.564622,3.618869,3.166480,3.534046,3.605389,3.392017,3.337441,3.927585,4.178437,4.184683,4.073230,1.938883,3.561631,3.129929,2.585147,3.275225,2.925354,3.249130,0.013946,3.582571,3.665368,3.301965,3.075160,3.284246,3.444684,3.688242,3.126707
-5.365543,-43.796073,3.497552,3.609663,3.834214,3.846378,4.439152,3.546868,3.574814,3.101384,3.510375,3.577115,3.363414,3.282536,3.882872,4.154108,4.172190,4.044956,1.846744,3.506540,3.063240,2.518781,3.249452,2.839657,3.204349,0.013946,3.567430,3.649260,3.180509,3.056153,3.257828,3.469491,3.669556,3.103833
-5.594547,-44.892722,3.457771,3.568238,3.781282,3.822049,4.428960,3.515635,3.536676,2.963300,3.513662,3.617225,3.332509,3.150042,3.841118,4.130107,4.152135,4.044956,1.751383,3.435986,2.975611,2.481732,3.228189,2.756217,3.119942,0.012980,3.566463,3.611566,3.084503,3.029413,3.230444,3.441141,3.651515,3.109954
-4.754408,-44.976029,3.419305,3.532073,3.724076,3.795419,4.424029,3.469936,3.481443,2.919573,3.514649,3.567581,3.274975,3.104342,3.798378,4.108737,4.125833,4.052189,1.598032,3.450483,2.996874,2.460791,3.216913,2.682119,3.165045,0.012980,3.504285,3.577417,2.959503,3.015882,3.205315,3.413434,3.627352,3.118653
-5.538657,-44.190290,3.393661,3.466977,3.661609,3.747090,4.407261,3.465004,3.435415,2.825873,3.467634,3.517936,3.236508,3.050424,3.731637,4.074216,4.108737,4.015038,1.453380,3.402159,2.858665,2.422775,3.163112,2.531989,3.111565,0.013946,3.479156,3.509118,2.820972,2.934374,3.169555,3.372197,3.614144,3.121874
-6.187189,-43.114218,3.357825,3.441661,3.597170,3.676075,4.402330,3.468292,3.363085,2.725598,3.438702,3.487361,3.163192,2.998478,3.689226,4.039696,4.095258,3.992353,1.257503,3.341269,2.820005,2.214979,3.114787,2.392492,2.950805,0.012335,3.433086,3.457571,2.745907,2.868008,3.099323,3.390561,3.588048,3.164078
-4.966853,-42.073831,3.293057,3.419305,3.565937,3.623472,4.377014,3.427524,3.263468,2.691735,3.397277,3.486045,3.140507,2.963957,3.647472,4.001558,4.070929,3.921996,1.238496,3.307764,2.803575,2.209180,3.092557,2.300997,3.006217,0.012013,3.442751,3.411501,2.510727,2.856088,3.065818,3.389272,3.585149,3.180509
-4.914731,-41.705021,3.228947,3.386099,3.501826,3.540950,4.354987,3.451196,3.179960,2.562857,3.357825,3.377222,3.039575,2.922861,3.603088,3.948297,4.032463,3.889447,0.960789,3.308731,2.754928,2.194038,3.058730,2.217234,3.016204,0.012657,3.331926,3.326772,2.210146,2.816784,3.016204,3.309375,3.580961,3.220779
-2.817394,-41.865090,3.101712,3.346318,3.471580,3.460401,4.332301,3.408127,3.098425,2.412608,3.325277,3.314098,2.946204,2.867299,3.552786,3.904242,3.994983,3.835529,0.762013,3.243009,2.689528,2.105120,3.012016,2.050030,2.913111,0.011691,3.265883,3.280058,2.143136,2.717557,2.976900,3.250419,3.529414,3.286823
-2.807383,-41.621798,3.020177,3.322975,3.430154,3.425223,4.324740,3.358811,3.010643,2.378087,3.270043,3.238481,2.880121,2.815024,3.507744,3.875968,3.958818,3.782926,0.796485,3.344169,2.689528,2.384760,2.982699,1.970133,2.989787,0.012013,3.214336,3.249452,2.207891,2.700160,2.964336,3.231089,3.552610,3.323872
-3.514927,-40.734547,2.859408,3.200344,3.410099,3.311797,4.307644,3.323304,2.930423,2.103892,3.197713,3.202974,2.778859,2.715735,3.452511,3.845392,3.905886,3.717171,0.608985,3.274259,2.643781,2.602222,2.956281,1.854798,2.870908,0.012335,3.252029,3.190818,2.081924,2.625740,2.887016,3.197261,3.524259,3.305187
-3.876718,-40.080539,2.796942,3.141822,3.267742,3.233549,4.280356,3.319359,2.738092,1.720545,3.110589,3.129329,2.678584,2.597378,3.386099,3.803309,3.865447,3.657006,0.647000,3.260084,2.569683,2.708214,2.927609,1.737530,2.790044,0.011369,3.207248,3.163756,2.012659,2.564206,2.843201,3.147003,3.487855,3.273292
-4.718176,-39.593498,2.677598,2.975464,3.241111,3.152672,4.265890,3.264125,2.675296,1.343115,3.104342,3.110589,2.607569,2.417869,3.299304,3.766487,3.829611,3.593882,0.595776,3.255573,2.541654,2.813562,2.908923,1.666331,2.711113,0.011047,3.159568,3.112210,1.815171,2.484953,2.789722,3.093846,3.471102,3.232377
-5.803777,-40.545040,2.596720,2.887354,3.201987,3.038259,4.243533,3.262481,2.605926,1.094892,3.072780,3.092178,2.531952,2.337977,3.209549,3.745446,3.789501,3.557389,0.574191,3.267816,2.499773,2.906668,2.906668,1.598354,2.607054,0.010724,3.142171,3.064851,1.649901,2.547131,2.799065,3.069039,3.448550,3.204349
-5.797468,-40.909412,2.489212,2.761106,3.162206,2.905436,4.226437,3.243741,2.569432,1.102454,2.983355,2.976779,2.451403,2.286360,3.155302,3.724404,3.749391,3.530758,0.513624,3.241398,2.470456,2.921810,2.902158,1.576125,2.570005,0.010724,3.097712,3.014271,1.424385,2.547131,2.798098,3.062596,3.441785,3.164078
-5.784792,-41.165573,2.391896,2.686803,3.090863,2.824558,4.226766,3.196727,2.496774,1.146838,2.963628,2.899189,2.310360,2.148605,3.081986,3.711911,3.708295,3.494265,0.441781,3.220135,2.443394,2.978511,2.883150,1.474965,2.510082,0.010080,3.067429,2.972068,1.196614,2.548742,2.787145,3.071617,3.406347,3.122841
-6.831038,-42.990592,2.226195,2.530966,3.067520,2.727242,4.207697,3.139521,2.404718,0.988041,2.871901,2.739407,2.145975,2.056549,3.004396,3.693500,3.671472,3.473552,0.355763,3.150225,2.338690,2.939207,2.815817,1.286176,2.342878,0.010080,2.991075,2.938884,0.984952,2.460469,2.700804,3.041011,3.339014,3.033601
-6.749852,-42.063560,2.091727,2.417211,3.027410,2.598693,4.188957,3.131959,2.296552,0.775655,2.737763,2.642090,2.024987,1.857314,2.862038,3.636294,3.634650,3.433442,0.323547,3.176965,2.220455,2.999129,2.819039,1.166009,2.275868,0.009436,2.949838,2.878962,0.977864,2.526513,2.692750,3.012016,3.305509,3.011050
-7.809161,-42.696677,1.894136,2.375786,2.936669,2.473102,4.158711,3.118151,2.158139,0.762504,2.568117,2.589487,1.834957,1.746189,2.778859,3.606704,3.570211,3.366044,0.306472,3.164400,2.200481,3.025869,2.809374,1.123483,2.169553,0.008791,2.908923,2.873163,0.905699,2.555508,2.684696,2.976900,3.280058,2.970779
-7.812517,-42.389237,1.766244,2.306744,2.853819,2.280113,4.120902,3.076397,2.120988,0.709572,2.335018,2.506965,1.741257,1.548268,2.634200,3.553115,3.484730,3.299961,0.313882,3.145715,2.267814,3.060985,2.798420,1.152478,2.116718,0.008791,2.915366,2.926320,0.968843,2.570005,2.669232,2.950805,3.264916,2.942106
-7.989212,-42.950383,1.687667,2.266634,2.799901,2.139071,4.085395,3.031027,2.110796,0.579378,2.124605,2.436280,1.650845,1.397362,2.520445,3.479470,3.419305,3.261495,0.280377,3.101256,2.226899,3.033279,2.798420,1.171163,1.929862,0.007825,2.879928,2.877673,0.769423,2.545520,2.637982,2.928897,3.233666,2.865109
-8.269560,-41.985286,1.478240,2.134797,2.713763,2.034850,4.038380,2.924834,2.014137,0.439650,1.972055,2.290634,1.435828,1.240538,2.394197,3.400894,3.321002,3.180617,0.283276,3.075805,2.185017,3.040044,2.765559,1.116717,1.870262,0.007503,2.816784,2.917622,0.870261,2.556152,2.555830,2.906346,3.217558,2.834181
-8.786758,-41.277987,1.300375,1.918465,2.573377,1.824765,4.001229,2.827189,1.747833,0.307483,1.547611,2.024658,1.148482,0.888424,2.359347,3.375907,3.241440,3.096781,0.267168,2.968524,2.277479,3.034568,2.743974,1.202735,1.745584,0.007503,2.803253,2.952415,0.920841,2.533600,2.531667,2.872196,3.170844,2.776513
-9.028128,-40.534085,1.186291,1.776107,2.412608,1.573255,3.967366,2.696338,1.110673,0.056630,1.289196,1.799450,0.916698,0.734887,2.200222,3.374592,3.106973,3.037273,0.209500,2.889593,2.216912,3.016204,2.715302,1.121228,1.605120,0.007181,2.767492,2.935341,0.916975,2.532634,2.426641,2.851255,3.132184,2.699515
-9.180005,-39.733800,0.974233,1.562406,2.197263,1.268155,3.941064,2.579295,0.987713,0.053671,1.011713,1.547940,0.757901,0.627050,2.057206,3.248673,2.999793,2.980067,0.173740,2.847067,2.172453,2.995586,2.696294,1.054217,1.416653,0.006214,2.704670,2.908923,0.975931,2.516203,2.388626,2.782312,3.079993,2.601899
-9.214009,-39.359445,0.465294,1.326348,1.831998,0.812148,3.903913,2.542802,0.780586,0.044465,0.746065,1.228045,0.574446,0.479760,1.906300,3.148727,2.915628,2.847572,-0.000229,2.679541,2.079991,2.970457,2.643459,0.925995,1.124449,0.005248,2.594812,2.820650,0.897323,2.471422,2.357376,2.721745,3.009117,2.516203
-9.429423,-38.706111,0.036904,1.187277,1.580817,0.643160,3.834871,2.493486,0.556693,0.037232,0.409731,0.845026,0.258825,0.367977,1.766573,3.046150,2.827517,2.732831,0.000093,2.590946,2.041976,2.963369,2.628961,0.889913,0.983985,0.003315,2.564850,2.841268,0.976898,2.464657,2.330636,2.706925,2.991720,2.393780
-9.560170,-38.725423,0.031643,0.920643,1.330622,0.520528,3.777336,2.356388,0.086548,0.030328,0.226605,0.562610,0.001067,0.262770,1.659722,2.961656,2.689105,2.638803,0.000093,2.473033,2.040687,2.952738,2.603188,0.871550,0.868006,0.002992,2.493652,2.818717,0.999127,2.493652,2.309051,2.691784,2.966913,2.331603
-10.829295,-38.773148,0.025068,0.263099,0.990343,0.325566,3.689226,2.118358,0.024739,0.024739,0.034931,0.313072,0.000081,0.000410,1.480213,2.822586,2.547076,2.520774,-0.000229,2.462402,1.982053,2.944039,2.577415,0.858985,0.731730,0.002992,2.480443,2.795843,1.112529,2.493330,2.331925,2.670521,2.958537,2.287788
-11.700547,-38.613833,0.022109,0.076028,0.811491,0.207536,3.605061,1.911561,0.022438,0.022438,0.022109,0.021780,0.000081,0.001396,1.246127,2.624337,2.204496,2.390581,-0.000874,2.451126,1.980442,2.925031,2.548098,0.832245,0.640557,0.002670,2.460147,2.777480,1.163109,2.497840,2.326770,2.668910,2.936307,2.255572
-12.046037,-37.826780,0.019807,0.020136,0.541569,0.082603,3.567252,1.833642,0.019807,0.019807,0.020136,0.020465,0.000739,0.000081,0.975219,2.536884,2.125920,2.362306,-0.000229,2.331603,1.905056,2.895070,2.506538,0.752993,0.570003,0.002992,2.437273,2.760405,1.256859,2.466590,2.297131,2.651191,2.896036,2.157955
-11.921054,-37.267834,0.017835,0.017177,0.195701,0.016848,3.496895,1.742572,0.019807,0.018492,0.017835,0.017835,0.000081,0.000081,0.882506,2.351457,1.999671,2.313648,0.000093,2.275546,1.813561,2.879606,2.460791,0.623805,0.452413,0.001704,2.394103,2.734954,1.154088,2.424386,2.253961,2.623484,2.814851,2.022646
-11.980389,-37.007973,0.015533,0.015205,0.015862,0.015862,3.384784,1.525583,0.015205,0.016848,0.016191,0.017835,-0.000576,0.001067,0.775326,2.090412,1.893478,2.255127,0.000415,2.287466,1.728831,2.877673,2.413110,0.570969,0.086433,0.000093,2.350932,2.674064,1.063882,2.454670,2.256538,2.624451,2.807441,1.944360
-11.923525,-35.555159,0.015205,0.015533,0.016191,0.016520,3.270372,1.461473,0.015862,0.015205,0.015205,0.015205,0.000081,0.000081,0.720421,1.892163,1.842190,2.056878,0.000093,2.193394,1.677607,2.879284,2.350288,0.539075,0.001382,-0.000229,2.287788,2.599322,1.063560,2.486886,2.255572,2.643459,2.787145,1.894746
-12.806991,-34.442058,0.014876,0.015533,0.014876,0.014876,3.129658,1.407883,0.015533,0.015533,0.013890,0.013890,-0.000576,0.000410,0.685571,1.796491,1.778408,2.013151,-0.000551,2.123162,1.621872,2.850611,2.284889,0.254603,0.001059,0.000415,2.206602,2.496873,1.118328,2.464013,2.240752,2.637015,2.747840,1.613496
-14.472856,-33.192928,0.015862,0.015533,0.015205,0.015533,3.046479,1.366786,0.013561,0.013561,0.014218,0.014876,0.000739,0.001067,0.621789,1.656434,1.721531,1.949369,0.000737,2.055185,1.538754,2.810018,2.225288,0.137013,0.000737,0.000093,2.128316,2.378639,1.123483,2.482376,2.243329,2.625417,2.708536,1.461112
-15.742085,-33.082738,0.014547,0.014547,0.014876,0.014876,2.996506,1.365143,0.013890,0.009944,0.012574,0.013890,0.001067,0.001067,0.352854,1.579173,1.686681,1.895122,0.000093,2.087079,1.549707,2.791010,2.172453,0.105441,0.000093,-0.000551,2.108020,2.147324,1.089655,2.487531,2.377994,2.647325,2.731410,1.382181
-14.619242,-30.096697,0.013561,0.014547,0.012903,0.013561,2.890970,1.179715,0.013232,0.013232,0.013232,0.013561,-0.000248,0.000739,0.000739,1.413143,1.533145,1.733367,-0.000229,2.129927,1.522968,2.824838,2.069682,0.010402,0.000093,-0.000874,2.083535,1.953703,0.870261,2.532956,2.417299,2.676320,2.729155,1.262980
-12.949397,-25.244261,0.013561,0.012903,0.012574,0.013232,2.662803,1.150126,0.012574,0.012246,0.013232,0.013232,0.000410,0.000081,0.000739,1.123167,1.335553,1.330622,-0.000229,2.302930,1.446937,2.868330,1.886692,0.009114,-0.000551,0.000737,2.117685,2.104798,1.315493,2.526513,2.534567,2.712402,2.712402,0.988818
-9.216174,-17.325074,0.010602,0.010602,0.010273,0.010931,2.306086,0.982452,0.010602,0.009615,0.011917,0.011588,0.000739,0.000081,0.000410,0.673735,0.978836,0.933794,0.000737,2.320005,1.469488,2.903124,1.879927,0.024900,0.000093,0.000415,2.112208,2.044875,1.454024,2.739142,2.643459,2.726900,2.772647,0.845454
0.914720,-2.235955,0.008300,0.008629,0.008300,0.007643,1.873423,0.703982,0.008958,0.008629,0.008629,0.008958,-0.000248,-0.000248,-0.000905,-0.001234,0.533021,0.545186,0.000415,2.330958,1.464978,2.922454,1.971100,0.225931,0.001059,-0.000229,2.020391,1.477220,1.474643,2.906346,2.706281,2.665044,2.746874,0.773934
8.923152,10.615114,0.005013,0.005013,0.005013,0.006657,1.263223,0.460362,0.006328,0.005999,0.005670,0.005341,-0.000576,-0.000248,0.000081,0.000739,0.000410,0.001067,0.000093,2.069360,1.217877,2.884438,1.651834,0.006536,-0.000229,-0.000229,1.728187,1.438560,1.923097,2.601255,2.135082,2.402801,2.285855,0.319681
20.747887,19.012883,0.001396,0.001725,0.002382,0.002054,0.519213,0.001725,0.001725,0.000739,0.001725,0.000739,-0.000248,0.000081,0.000739,0.000081,0.002711,-0.000576,-0.000551,0.890557,0.003959,2.636371,0.645067,0.002992,-0.000551,-0.000551,0.499771,1.156344,1.026511,1.295519,0.521034,1.199192,0.766202,0.002670
24.762063,21.677134,0.005013,0.005013,0.004026,0.004684,1.065632,0.248962,0.003698,0.004684,0.004026,0.005013,0.001067,0.000410,-0.000905,0.000739,0.000081,-0.000248,0.000093,1.416331,0.006214,2.226254,1.022967,0.004603,-0.000229,0.000415,0.643134,1.770068,1.328058,1.518779,0.325802,1.341266,1.026189,0.003959
26.246294,23.378999,0.005670,0.005670,0.006657,0.005999,1.229689,0.392635,0.005341,0.005670,0.005670,0.005999,0.000410,0.001067,0.000739,0.000739,0.000081,-0.000905,0.000093,1.616396,0.743650,2.002994,1.325480,0.005570,0.000093,-0.000229,1.308406,2.282633,1.791653,1.930829,0.380570,1.497839,1.755249,0.005570
26.127624,25.541782,0.006657,0.005999,0.005670,0.005341,1.291498,0.450828,0.005670,0.005999,0.005999,0.005999,0.000410,0.000081,-0.000576,-0.000576,-0.000248,-0.000576,0.000093,1.570326,0.869617,2.113174,1.364140,0.005570,-0.000229,0.000093,1.430184,2.381538,2.207891,2.055185,0.152155,1.552285,2.164399,0.007825
26.397072,27.422127,0.006328,0.005999,0.005999,0.005999,1.461473,0.508692,0.006985,0.006985,0.006985,0.006985,0.000739,0.000410,-0.000576,-0.000576,-0.000905,0.000081,0.000415,1.647001,1.011691,2.107053,1.404733,0.006214,0.000093,-0.000551,1.541331,2.449515,2.318394,2.012337,0.008469,1.559372,2.276834,0.007825
24.888737,27.294118,0.007643,0.007643,0.006985,0.006328,1.663996,0.617515,0.007972,0.008629,0.007972,0.007972,-0.000248,0.000410,-0.000248,-0.000248,-0.000248,0.000410,0.071291,1.658599,1.137336,1.962401,1.406344,0.006214,-0.000229,-0.000229,1.583857,2.474000,2.354798,1.994940,0.008147,1.610274,2.313883,0.008469
25.161615,27.387529,0.007643,0.007643,0.008958,0.008958,1.916164,0.741134,0.008958,0.008958,0.008958,0.007972,-0.000248,-0.000905,-0.000248,0.000739,0.000410,0.000739,0.075157,1.623161,1.118328,1.954991,1.416653,0.006536,-0.000874,-0.000551,1.615751,2.528446,2.360920,1.982375,0.008791,1.649256,2.345456,0.008147
25.616761,29.983730,0.009944,0.010931,0.011588,0.010931,2.184112,0.883163,0.009615,0.008958,0.009287,0.009944,-0.000248,0.000410,-0.000248,0.000081,0.000410,0.228578,0.413753,1.872517,1.214011,1.993973,1.423419,0.005892,-0.000874,-0.000229,1.604153,2.655701,2.535211,2.019424,0.007825,1.714656,2.373484,0.010080
25.721843,32.698911,0.010931,0.011588,0.010602,0.010273,2.268935,0.980151,0.010931,0.009944,0.010273,0.011259,0.000739,0.000739,0.000410,0.001067,0.000410,0.286113,0.529732,1.733019,1.244617,2.053252,1.425029,0.006214,-0.001196,-0.000229,1.666331,2.743974,2.548098,2.111886,0.007825,1.842556,2.258793,0.266523
25.892127,33.948313,0.012246,0.011588,0.010931,0.011259,2.356060,1.099824,0.010931,0.012246,0.011259,0.011917,0.000410,0.000739,0.001067,-0.000248,0.266715,0.311429,0.669552,1.684695,1.338689,2.147002,1.467233,0.006536,-0.000551,-0.001196,1.720455,2.825804,2.610276,2.233342,0.009114,1.847388,2.407956,0.626060
25.872253,36.601339,0.012246,0.011917,0.011588,0.011588,2.481650,1.184647,0.012246,0.012903,0.012903,0.011917,-0.000905,-0.000248,-0.000576,-0.000576,0.485678,0.382115,0.807761,1.581279,1.454024,2.240752,1.489140,0.007181,0.280377,0.000737,1.898934,2.831603,2.629928,2.262981,0.008791,1.897646,2.413755,1.057761
26.466301,36.253073,0.012574,0.012246,0.146385,0.013890,2.694694,1.300046,0.014876,0.009287,0.013232,0.013232,-0.000576,0.000739,-0.000248,0.198002,0.534665,0.512966,0.876704,1.615107,1.481086,2.337724,1.495584,0.007181,0.729475,0.002670,1.922130,2.888304,2.631216,2.361564,0.009114,1.921808,2.462402,1.382826
26.620853,37.294018,0.016191,0.223318,0.511322,0.016848,2.866641,1.448322,0.017177,0.016191,0.015862,0.015533,-0.001234,-0.000576,0.396581,0.509021,0.581350,0.596145,0.973676,1.411498,1.512014,2.448871,1.524901,0.008469,0.893779,0.004281,1.894102,2.890560,2.646680,2.333213,0.009114,2.020069,2.452415,1.502349
26.711475,37.372763,0.020136,0.507377,0.761189,0.019807,2.974807,1.711997,0.018164,0.018821,0.020794,0.019807,0.000739,0.000739,0.621132,0.633954,0.595488,0.739819,1.009114,1.258792,1.541975,2.434695,1.591589,0.008469,1.041653,0.004603,1.862208,2.960147,2.629928,2.312595,0.007825,2.124772,2.448871,1.665687
25.801126,38.406044,0.022109,0.611269,0.940041,0.078986,3.065876,1.802737,0.022438,0.022109,0.171372,0.021780,-0.000905,0.000081,0.836806,0.797682,0.701352,0.897629,1.048740,1.242684,1.638303,2.445327,1.635081,0.007503,1.183083,0.004603,1.867040,2.969168,2.677608,2.332891,0.008469,2.166976,2.482054,1.786821
25.065398,39.169145,0.025068,0.970288,1.228702,0.228249,3.214809,1.874081,0.026383,0.025068,0.331484,0.025068,0.000410,-0.000576,0.905520,0.863108,0.762504,0.950561,1.072903,1.111563,1.656344,2.437917,1.636048,0.007503,1.544875,0.006214,1.948548,3.002995,2.662466,2.356087,0.008469,2.205958,2.502028,1.872839
24.738330,39.889553,0.027369,1.188592,1.488432,0.278880,3.242097,1.964493,0.028027,0.027040,0.424197,0.027369,-0.000248,-0.000905,0.936424,0.992644,0.793737,1.068590,1.042941,0.778444,1.659566,2.422453,1.690816,0.009758,1.798097,0.007825,1.940172,3.038434,2.606088,2.341912,0.009758,1.954025,2.432118,1.887659
24.396665,40.658004,0.029671,1.322731,1.571611,0.423540,3.266098,2.052275,0.030328,0.029999,0.459376,0.029999,0.327210,0.130933,1.051166,1.234291,0.923602,1.282950,1.047130,0.901511,1.678573,2.344811,1.733342,0.008147,1.858986,0.008147,1.901834,3.043266,2.627995,2.340945,0.008791,2.102543,2.484953,1.948548
24.071216,41.958937,0.035260,1.485144,1.873095,0.676694,3.342373,2.198907,0.475157,0.035260,0.760202,0.035589,0.621132,0.482390,1.109029,1.458514,1.010398,1.437472,1.130248,0.584500,1.689527,2.422131,1.795842,0.010402,2.047131,0.007825,1.941138,3.066784,2.646680,2.356409,0.008791,2.092234,2.514270,2.107053
24.350152,42.321274,0.038876,1.660379,2.175564,1.000863,3.439031,2.342580,0.673078,0.039205,0.958781,0.040849,0.818066,0.654995,1.512103,1.531501,1.104755,1.525912,1.261047,0.622516,1.689849,2.469812,1.867684,0.100608,2.301319,0.009114,1.999450,3.098356,2.675675,2.357376,0.009758,2.245262,2.544876,2.253316
23.539480,42.899210,0.042164,1.816875,2.294579,1.164263,3.492292,2.406033,0.802614,0.042821,1.212264,0.044794,0.943986,0.802614,1.664982,1.651503,1.235935,1.657092,1.306795,0.492361,1.755249,2.479799,1.914721,0.072902,2.475610,0.009758,2.172775,3.121874,2.689528,2.347066,0.009758,2.309695,2.611564,2.323226
23.836312,43.001895,0.045452,1.957260,2.568446,1.356595,3.521224,2.442855,0.953192,0.045123,1.383554,0.045123,1.322731,0.912095,1.800436,1.723504,1.333580,1.844491,1.388303,0.412142,1.811950,2.492041,1.972388,0.046807,2.643137,0.010724,2.213368,3.138305,2.787145,2.266847,0.009436,2.351255,2.636049,2.414721
23.229984,41.585798,0.049068,2.150906,2.734146,1.500925,3.555416,2.452389,1.074180,0.048411,1.614023,0.049397,1.537748,0.995932,1.909588,1.838574,1.388485,1.999014,1.430184,0.215299,1.863496,2.486886,1.994618,0.009436,2.779413,0.011047,2.233020,3.155702,2.849000,2.253961,0.008147,2.317105,2.651191,2.505572
23.840928,40.675728,0.050383,2.219291,2.828504,1.813587,3.601115,2.467842,1.110016,0.051370,1.719230,0.051698,1.698517,1.237908,2.014137,2.024658,1.430897,2.129207,1.442426,0.594810,1.860919,2.481409,1.999450,0.030376,2.795843,0.012335,2.202736,3.158601,2.830315,2.245907,0.007825,2.230120,2.636049,2.637982
24.563858,39.073069,0.053671,2.253812,2.940615,1.960548,3.650102,2.534911,1.220812,0.051370,2.064111,0.056959,1.845478,1.387828,2.070686,2.169317,1.452267,2.183783,1.446614,0.591266,1.831280,2.488819,1.995906,0.009758,2.778124,0.011691,2.202414,3.179220,2.824516,2.252994,0.008147,2.150546,2.578381,2.796809
25.325990,38.893764,0.056301,2.327785,2.943245,2.168660,3.675746,2.626309,1.720873,0.058274,2.208112,0.056959,2.068385,1.613036,2.154852,2.333703,1.519008,2.262360,1.478187,0.656343,1.925352,2.470456,2.013947,0.072902,2.909567,0.011369,2.195327,3.193395,2.849000,2.254283,0.008791,2.199193,2.719812,2.916333
26.231945,38.722244,0.059918,2.316278,2.965930,2.224551,3.703363,2.679899,1.877697,0.085233,2.454691,0.659269,2.234085,1.728764,2.299511,2.407019,1.724819,2.352114,1.519424,0.902155,2.012659,2.503317,2.080314,0.543263,3.045843,0.012335,2.262981,3.209826,3.013949,2.259115,0.008791,2.319682,2.772647,3.119942
25.983350,37.196570,0.061233,2.345868,2.993875,2.288990,3.746432,2.727900,2.049316,0.124357,2.527349,0.733572,2.382361,1.816546,2.383019,2.518144,1.897424,2.368882,1.587078,1.116395,2.039721,2.536178,2.101899,0.575158,3.094813,0.012657,2.320327,3.235921,3.023614,2.239141,0.008469,2.350610,2.813884,3.218846
26.515952,34.792020,0.065178,2.411293,3.068178,2.449102,3.763199,2.759133,2.080549,0.258825,2.596062,0.846998,2.516829,1.955287,2.504335,2.633214,1.979945,2.387622,1.610919,1.207568,2.068393,2.632183,2.126383,0.600286,3.111565,0.012335,2.332247,3.236888,3.034245,2.237852,0.008147,2.363497,2.823549,3.248808
26.458224,34.527307,0.067151,2.428718,3.061273,2.541486,3.764514,2.694365,2.166030,0.538939,2.717379,0.892698,2.787736,2.054576,2.573048,2.715406,1.990795,2.434636,1.645713,1.410210,2.079025,2.669232,2.130571,0.669874,3.089658,0.012013,2.428897,3.235277,3.029735,2.251061,0.009114,2.489786,2.854477,3.268460
26.485986,33.893784,0.068795,2.500390,3.073767,2.609871,3.763199,2.698639,2.223236,0.664530,2.755188,0.957794,2.885381,2.210414,2.682200,2.821271,2.048658,2.470143,1.634759,1.524256,2.102221,2.667943,2.122195,0.701124,3.076127,0.012013,2.422131,3.236888,3.029091,2.269102,0.009436,2.468845,2.917944,3.288112
25.959714,34.065908,0.069123,2.613487,3.077054,2.734475,3.777336,2.743352,2.272552,0.714174,2.864997,1.044590,2.991903,2.310689,2.740722,2.892943,2.067070,2.564500,1.643457,1.538432,2.094489,2.624129,2.129927,0.738173,3.080959,0.012335,2.442750,3.245908,3.027480,2.281667,0.010080,2.462402,2.918588,3.298421
24.404451,34.258848,0.070438,2.646036,3.128014,2.845271,3.792460,2.765380,2.267949,0.838779,2.886367,1.159003,3.055684,2.378087,2.765380,2.951464,2.365923,2.674639,1.666653,1.508470,2.161177,2.588368,2.114141,0.755570,3.095779,0.012013,2.440172,3.246875,3.045521,2.279090,0.009436,2.489464,2.953704,3.289723
22.564616,35.915307,0.071753,2.735461,3.154644,2.893600,3.783254,2.789709,2.300826,0.872971,2.961327,1.254675,3.111575,2.475075,2.772941,2.960341,2.499075,2.738749,1.709501,1.655378,2.183729,2.571294,2.129605,0.765879,3.122197,0.012335,2.462724,3.253640,3.087081,2.307440,0.009436,2.511693,2.957248,3.260406
21.670605,35.454431,0.072740,2.776887,3.159576,2.940943,3.810213,2.788394,2.354087,0.920314,3.019848,1.282950,3.141165,2.485595,2.862038,3.005382,2.595076,2.756503,1.746550,1.647646,2.191461,2.616397,2.132504,0.759758,3.092235,0.013302,2.469167,3.242687,3.100289,2.351255,0.010402,2.503317,2.956281,3.317107
20.538105,36.559896,0.075370,2.803846,3.171083,2.995519,3.814816,2.812394,2.380717,0.861793,3.037931,1.321087,3.160891,2.557267,2.852504,2.995190,2.688118,2.727900,1.781022,1.705313,2.191461,2.592557,2.122839,0.818392,3.055831,0.012980,2.553897,3.244297,3.129606,2.455958,0.009436,2.463690,2.947905,3.323228
19.895794,35.585237,0.304853,2.889655,3.194754,2.984012,3.858543,2.832449,2.383019,0.874944,3.056671,1.288539,3.184891,2.611843,2.885381,3.050753,2.782147,2.763407,1.894424,1.917942,2.208213,2.625740,2.150546,0.861885,3.098034,0.013624,2.560984,3.233988,3.156668,2.513304,0.009436,2.508149,2.996552,3.344813
19.154862,35.201543,0.632310,2.967574,3.154644,2.995519,3.864789,2.826860,2.408334,0.860807,3.123740,1.233305,3.230262,2.685817,2.880449,3.090863,2.860723,2.830805,1.873483,2.113174,2.183729,2.610276,2.132827,0.915042,3.058086,0.012335,2.560984,3.223357,3.163756,2.532956,0.010402,2.508149,3.022970,3.354156
18.760238,34.033906,0.728312,3.005382,3.145768,2.987629,3.818762,2.817325,2.433650,0.913739,3.162864,1.172482,3.228947,2.744667,2.911354,3.118480,2.886696,2.801873,1.846744,2.243329,2.166976,2.590624,2.116396,0.872194,3.038434,0.012980,2.493330,3.219169,3.170521,2.517814,0.010402,2.516203,3.009117,3.346424
18.744950,34.489553,1.205360,3.078041,3.194754,3.100397,3.838488,2.822586,2.584555,0.922945,3.149055,1.321087,3.287797,2.807462,2.981382,3.202974,2.989930,2.845600,1.919231,2.347711,2.105442,2.670843,2.147324,0.924707,3.038434,0.013302,2.504928,3.227545,3.204027,2.524580,0.011047,2.607054,3.042622,3.348679
17.851827,34.220721,1.569638,3.210207,3.259851,3.131630,3.878269,2.912011,2.834750,1.058070,3.233878,1.808655,3.346647,2.842312,3.104671,3.326592,3.021821,2.888340,2.018458,2.627995,2.201126,2.812918,2.192749,1.138624,3.062596,0.013302,2.703704,3.271681,3.299066,2.599000,0.010724,2.785534,3.124452,3.488821
16.848607,34.440877,2.190030,3.326920,3.379524,3.339742,3.998599,2.940943,2.993218,1.688325,3.337112,2.183783,3.479141,2.945546,3.239467,3.428511,3.156946,3.013930,2.026190,3.033279,2.274901,2.933408,2.205958,1.366395,3.043588,0.012657,2.814529,3.271681,3.433409,2.709503,0.011691,2.990109,3.312919,3.553899
18.055222,33.160357,2.383019,3.409113,3.492950,3.479799,4.077175,2.977108,3.126041,2.167674,3.296345,2.067070,3.518265,3.053712,3.425880,3.499525,3.298317,3.052068,2.281345,3.322906,2.371873,2.961436,2.266525,1.572581,3.235921,0.012980,2.951771,3.338048,3.611566,2.918910,0.203379,3.157313,3.388628,3.587726
