-17.530224,-8.526679,-1.129583,0.051041,1.228702,1.834628,3.637609,4.277397,0.834505,0.050054,1.179387,1.779723,0.857190,0.032958,2.288661,2.986314,3.595197,3.129658,0.585467,0.265879,0.510725,0.074835,0.624449,0.197902,0.342232,0.002348,3.210470,3.917302,2.747196,0.010402,0.480763,3.007184,2.695972,1.925674
-27.217419,-4.177097,-0.912592,0.045123,1.010398,1.597913,3.465333,4.225122,0.758230,0.045780,0.959767,1.883286,1.177743,0.001067,2.186085,2.900833,3.573170,3.000780,0.519423,0.187593,0.407310,0.102541,0.554539,0.115428,0.282954,0.000093,3.072905,3.860600,2.716912,0.010402,-0.000874,2.839657,2.345456,1.685017
-31.185984,-1.918157,-0.702835,0.878560,1.530843,1.887232,3.955201,4.414494,1.226401,0.059589,1.321087,2.160112,1.289196,0.590885,2.373813,3.056342,3.820405,3.476182,0.575158,0.093843,0.462722,0.101897,0.511691,0.110596,0.270712,0.059693,3.356089,3.888307,2.736242,0.010402,-0.000229,2.837724,2.460147,2.115752
-32.046320,-1.316493,-0.751494,0.851272,1.588707,1.908602,3.993339,4.430604,1.204044,0.061233,1.357581,2.113755,1.251059,0.457075,2.304442,3.050095,3.839145,3.552786,0.598354,0.094809,0.481085,0.092554,0.504603,0.099642,0.294874,0.053572,3.480123,3.895716,2.743330,0.010080,-0.000874,2.816462,2.575804,2.214979
-33.145421,-0.675567,-0.731110,0.986398,1.632434,1.952986,4.004846,4.433563,1.230675,0.058931,1.391116,2.144331,1.259278,0.512637,2.318580,3.090863,3.857228,3.562649,0.628959,0.096098,0.519423,0.097387,0.510725,0.098675,0.296163,0.063237,3.549388,3.914724,2.748807,0.010402,-0.000551,2.870908,2.629606,2.291654
-34.106387,-0.673203,-0.725520,1.076810,1.700818,1.989808,4.025887,4.442768,1.240538,0.154604,1.427280,2.178194,1.275059,0.519541,2.295894,3.096452,3.869721,3.593554,0.639913,0.099964,0.535853,0.097387,0.510402,0.103508,0.309371,0.056794,3.584504,3.918590,2.746874,0.009758,-0.000551,2.901513,2.687273,2.354476
-34.714712,-0.518393,-0.780426,1.115605,1.748819,2.029590,4.035750,4.446056,1.283278,0.346607,1.498295,2.189701,1.321416,0.608310,2.311347,3.136562,3.881886,3.631691,0.658921,0.096420,0.544230,0.098675,0.505570,0.101253,0.296485,0.053572,3.605445,3.917302,2.748162,0.009436,-0.000874,2.893137,2.691139,2.375417
-34.804621,0.145756,-0.819221,1.142235,1.764271,2.043398,4.041668,4.446714,1.313525,0.397896,1.542679,2.197921,1.324046,0.629351,2.292935,3.137220,3.894379,3.638924,0.663431,0.095776,0.555183,0.096420,0.494939,0.098675,0.302606,0.060660,3.622520,3.916657,2.744941,0.009114,-0.000551,2.888627,2.796487,2.445649
-34.875389,-0.143488,-0.811659,1.210949,1.776436,2.044384,4.043312,4.448029,1.347389,0.397238,1.545638,2.189373,1.350019,0.670119,2.315621,3.135247,3.896023,3.653390,0.669230,0.105119,0.562915,0.096098,0.518457,0.101897,0.324191,0.070003,3.637984,3.925356,2.751384,0.010402,0.000093,2.929864,2.865109,2.469489
-35.040202,0.087660,-0.821193,1.183332,1.800107,2.028603,4.045285,4.450988,1.319772,0.355155,1.557145,2.191674,1.352649,0.676037,2.311347,3.144124,3.902598,3.660294,0.668586,0.112206,0.574513,0.096420,0.534887,0.105441,0.329023,0.066781,3.654414,3.926967,2.749451,0.010080,-0.000229,2.951771,2.882505,2.482698
-35.297816,0.374962,-0.832372,1.155057,1.800765,2.041754,4.047586,4.460851,1.307279,0.281181,1.567995,2.186085,1.335224,0.635598,2.294908,3.139521,3.907201,3.671472,0.664075,0.110596,0.575802,0.089977,0.534887,0.102864,0.326768,0.064204,3.664079,3.919235,2.754284,0.010724,0.000093,2.947261,2.885405,2.471745
-36.504394,0.595438,-0.878400,1.171825,1.813587,2.067070,4.049887,4.463152,1.300375,0.256195,1.597255,2.181482,1.344430,0.621132,2.275182,3.133274,3.915749,3.677061,0.662464,0.117039,0.580634,0.090299,0.545196,0.105441,0.331279,0.065492,3.665046,3.914724,2.757183,0.009758,-0.000551,2.945328,2.892815,2.476255
-36.887361,2.255119,-0.861633,1.181688,1.787285,2.057535,4.048901,4.462823,1.285251,0.203920,1.569638,2.173592,1.331608,0.614556,2.297209,3.133603,3.917064,3.678376,0.663753,0.124771,0.595776,0.089977,0.548096,0.109629,0.322580,0.081279,3.679221,3.912791,2.767492,0.010724,-0.000551,2.953382,2.898936,2.514270
-36.014673,2.557773,-0.940209,1.057412,1.702462,1.986521,4.032463,4.454275,1.286895,0.130275,1.548597,2.147619,1.301361,0.522171,2.254140,3.114863,3.912132,3.653390,0.652799,0.123482,0.580312,0.079668,0.539397,0.104152,0.312271,0.083212,3.650548,3.898616,2.768459,0.010080,-0.000551,2.899258,2.866719,2.530056
-35.257026,4.432144,-0.902729,1.010398,1.655119,1.958246,4.030161,4.444084,1.255333,0.061562,1.500596,2.142687,1.279004,0.469897,2.249538,3.114534,3.912790,3.640568,0.632825,0.119294,0.577413,0.073224,0.534887,0.101897,0.308083,0.083856,3.637984,3.884763,2.772325,0.010402,-0.000551,2.860920,2.862853,2.508149
-33.075896,4.489278,-0.871167,0.936095,1.564707,1.927013,4.009777,4.430275,1.239552,0.060575,1.433527,2.081864,1.217524,0.405457,2.258086,3.093164,3.901612,3.606047,0.614140,0.107696,0.546485,0.061626,0.523933,0.097709,0.302284,0.082889,3.582894,3.881541,2.770714,0.010402,0.000093,2.835791,2.793588,2.474966
-32.014478,4.748537,-0.787987,0.796696,1.489747,1.861588,3.970982,4.413508,1.194839,0.059260,1.316156,1.996055,1.138619,0.250934,2.239017,3.089219,3.888790,3.546539,0.524578,0.089655,0.496871,0.047451,0.507181,0.087722,0.278121,0.079346,3.467558,3.857379,2.758794,0.010080,0.000093,2.805508,2.576770,2.425997
-31.376185,4.525837,-0.784042,0.753627,1.438130,1.849423,3.953229,4.400686,1.141907,0.057616,1.308923,1.984219,1.106399,0.027698,2.243620,3.083301,3.881557,3.515964,0.506536,0.081601,0.482374,0.034565,0.503637,0.088044,0.280377,0.083534,3.416978,3.809054,2.756539,0.010724,0.000093,2.770070,2.534889,2.390881
-29.631783,4.001021,-0.820865,0.755928,1.470021,1.856985,3.948626,4.392795,1.078782,0.058274,1.326676,1.996055,1.096207,0.068137,2.248880,3.081000,3.878927,3.499196,0.498482,0.054539,0.475931,0.027799,0.495261,0.086111,0.262013,0.077413,3.389272,3.794879,2.752995,0.010080,-0.001196,2.728833,2.502028,2.400868
-28.915831,6.646134,-0.844208,0.836806,1.494350,1.872766,3.964736,4.393124,1.134345,0.057945,1.412486,2.052932,1.125797,0.283483,2.312333,3.080342,3.881557,3.514977,0.494616,0.056794,0.466588,0.015557,0.493650,0.087078,0.261047,0.090621,3.328383,3.807765,2.749129,0.010402,-0.000551,2.711113,2.453703,2.368007
-27.935317,7.271474,-0.868866,0.994946,1.573255,1.928986,3.993339,4.399699,1.254675,0.235153,1.525254,2.133153,1.257634,0.504089,2.400115,3.074096,3.885173,3.547197,0.483341,0.062915,0.464011,0.000093,0.487207,0.086755,0.263302,0.135080,3.301643,3.808410,2.744296,0.010402,-0.000874,2.648291,2.391525,2.328703
-27.456924,7.304688,-0.835659,1.147167,1.729421,2.048987,4.000901,4.406604,1.339498,0.565898,1.586735,2.162413,1.333909,0.682612,2.547076,3.115521,3.889776,3.524512,0.475931,0.082245,0.473353,0.000415,0.500737,0.094165,0.296485,0.154410,3.287790,3.819041,2.758472,0.010080,-0.000551,2.643781,2.389592,2.339012
-24.478083,3.285248,-1.199940,1.181688,1.760655,2.156495,3.991366,4.403973,1.553529,0.665187,1.993754,2.171619,1.444048,0.775655,2.600008,3.127685,3.899639,3.503142,0.490428,0.094165,0.532310,0.002670,0.523933,0.099642,0.331601,0.126704,3.402159,3.850613,2.768459,0.010402,-0.000874,2.768781,2.505250,2.375417
-22.361630,1.852945,-1.419890,1.187935,1.829368,2.231455,3.985120,4.402987,1.533474,0.670448,2.214359,2.179509,1.393088,0.811491,2.578966,3.115849,3.899968,3.538649,0.570969,0.077413,0.594810,0.044552,0.542619,0.124449,0.340299,0.116072,3.529414,3.874131,2.774580,0.011047,0.061949,2.897003,2.781023,2.459180
-18.763760,4.383625,-1.663840,1.381910,2.210414,2.696666,4.042326,4.439810,1.778080,0.912095,2.636830,2.258086,1.383554,1.141249,2.665762,3.136891,3.916735,3.609006,0.604152,0.052284,0.703702,0.079990,0.636047,0.223998,0.414397,0.191781,3.679543,3.896683,2.782312,0.009758,0.296485,2.923421,2.977222,2.654090
-7.919967,-0.600793,-1.927517,1.580159,2.492828,3.060945,4.000901,4.415480,1.859286,1.054453,3.092835,2.240990,1.463445,1.396047,2.800887,3.240125,3.915749,3.537991,0.642812,0.053895,0.714977,0.121227,0.725609,0.315170,0.409887,0.172129,3.696940,3.892495,2.813240,0.011369,0.566781,2.846101,2.972390,2.851578
-4.098787,26.057271,-1.878858,1.648544,2.493815,3.085931,3.921667,4.377014,2.165701,1.208976,3.080671,2.166030,1.428924,1.467391,2.799243,3.188508,3.863474,3.375578,0.587078,0.000093,0.671807,-0.000229,0.706601,0.369938,0.335789,0.270067,3.655059,3.908925,3.016204,0.011369,0.767168,2.727866,2.856088,3.054864
1.215673,37.305745,-2.017601,1.443390,2.460938,3.256235,3.522539,4.155752,2.104221,1.329635,3.143795,1.614023,1.191551,1.778737,2.903463,2.980725,3.617554,2.882422,0.180183,0.055828,0.005248,0.000737,0.328701,0.000093,0.337078,-0.000229,2.743330,3.442429,2.911500,0.010724,0.426962,2.654412,1.221743,1.512336
1.899162,43.025589,-2.052122,1.168866,1.893807,3.006697,2.995519,3.909502,2.213044,1.259936,3.025766,1.591995,0.788477,1.592981,2.667735,2.791024,3.202974,2.471129,0.047451,0.072902,-0.000551,-0.000874,0.086433,0.000093,0.173740,0.000415,2.003316,3.090302,2.766204,0.010080,0.000737,2.884116,0.012335,-0.001840
0.824037,47.521660,-2.114261,0.824971,1.629146,2.938313,2.829161,3.890105,2.377758,1.277689,3.011300,1.708709,0.523158,1.409856,2.607241,2.646693,3.082644,2.400444,0.045840,0.118005,0.000415,-0.000229,0.033598,0.000093,0.175673,0.000093,1.457246,2.974967,2.747196,0.011691,-0.000229,2.879606,0.012335,-0.000229
-0.029250,51.852929,-2.165878,0.476143,1.443719,2.835737,2.653926,3.836515,2.384991,1.231661,2.977437,1.689640,0.066822,1.280977,2.563514,2.489869,2.886696,2.360991,0.050029,0.168907,0.000737,0.000093,0.036498,0.000093,0.167619,0.000093,1.277156,2.879284,2.720456,0.010080,0.206923,2.868652,0.010724,-0.000229
-0.433217,56.407329,-2.228674,0.221674,1.430239,2.873216,2.529322,3.837173,2.559240,1.284594,3.017547,1.746518,0.061890,1.282950,2.482636,2.450746,2.826202,2.363950,0.055828,0.213366,0.000093,0.000093,0.067748,-0.000229,0.191459,-0.000229,1.083534,2.840946,2.657634,0.010724,0.326768,2.855444,0.011691,-0.000551
-0.456628,60.364882,-2.274703,0.068137,1.384540,2.933053,2.488226,3.847365,2.604611,1.308594,3.071465,2.118029,0.001396,1.327991,2.546089,2.542473,2.806476,2.373484,0.055183,0.265557,0.000093,0.049384,0.084178,-0.000551,0.234307,-0.000551,0.693714,2.762660,2.525224,0.009114,0.747516,2.827093,0.010724,-0.000551
-0.004590,61.707148,-2.281607,0.070438,1.394074,2.940943,2.470801,3.845392,2.623350,1.392759,3.082972,2.177866,0.001067,1.340485,2.571405,2.563514,2.801544,2.375786,0.060660,0.298096,0.000093,0.053572,0.092554,-0.001196,0.271034,0.000415,0.475931,2.734954,2.520391,0.009436,0.737851,2.831926,0.012335,-0.000551
-0.685588,62.955591,-2.293443,0.069452,1.380266,3.016561,2.506637,3.858543,2.618090,1.511446,3.092835,2.161427,0.000081,1.334896,2.661488,2.622364,2.876175,2.399129,0.062915,0.299706,0.000093,0.052928,0.094165,0.001704,0.275222,-0.000229,0.358985,2.704026,2.512337,0.010724,0.742361,2.840624,0.011691,-0.000874
-0.425233,62.654517,-2.154371,0.447540,1.557803,3.010972,2.609542,3.884187,2.639460,1.712983,3.089219,2.223894,0.151974,1.477254,2.725269,2.741379,2.973163,2.494143,0.065815,0.303250,0.000093,0.048096,0.090943,0.000737,0.274900,0.000737,0.290686,2.666977,2.510404,0.009758,0.755570,2.837724,0.011047,-0.003129
-1.076272,61.958022,-2.009053,0.851601,1.855670,3.168782,2.826202,3.946982,2.661488,1.914191,3.114863,2.325484,0.123700,1.651503,2.810421,2.856449,3.146425,2.771955,0.063559,0.294874,-0.000551,0.039075,0.086433,-0.000229,0.257503,-0.001518,0.287464,2.634116,2.501706,0.006536,0.697903,2.838691,0.012013,-0.000229
-1.714708,60.561534,-1.973545,1.021247,1.988493,3.188837,2.963957,3.989722,2.583898,1.846135,3.096123,2.325484,0.085891,1.690955,2.834750,2.921875,3.227960,2.763078,0.043907,0.254603,0.000093,-0.000229,0.063882,0.000415,0.235918,-0.000229,0.615750,2.737853,2.676964,0.011369,0.495905,2.824516,0.010080,0.004603
-2.118265,59.721368,-1.965326,1.179058,2.041425,3.208234,3.021821,4.003531,2.625323,1.747175,3.087904,2.352772,0.095425,1.729421,2.850531,2.943902,3.264454,2.760448,0.034242,0.248482,0.000737,-0.000229,0.059693,0.000415,0.219165,-0.000229,0.917297,2.765559,2.723356,0.008469,0.261047,2.802608,0.011047,-0.000874
-1.791826,59.741655,-1.980449,1.170510,1.995726,3.186864,2.993218,3.995640,2.594419,1.639667,3.075411,2.284387,0.090165,1.724161,2.840339,2.912998,3.263796,2.748941,0.029088,0.224964,-0.000229,0.000415,0.051639,-0.000229,0.211433,0.000093,0.986885,2.768459,2.732699,0.010724,0.233340,2.747196,0.012013,-0.001840
0.894909,56.786876,-2.017930,1.058727,1.928657,3.148398,2.978094,3.984462,2.568774,1.596927,3.080671,2.286689,0.478445,1.689311,2.862696,2.910368,3.246700,2.741708,0.028443,0.229474,0.000093,-0.000551,0.054217,-0.000229,0.202413,-0.000874,0.910532,2.708858,2.731732,0.011369,0.285853,2.720134,0.010402,-0.000551
3.332239,51.236216,-2.125768,0.914068,1.853697,3.130315,2.951464,3.978873,2.528007,1.497966,3.104014,2.223565,0.118439,1.690626,2.865326,2.912340,3.235851,2.734146,0.032632,0.238495,-0.000551,0.005892,0.069358,0.000415,0.207245,0.000415,0.882181,2.712402,2.727222,0.009758,0.564526,2.675997,0.011369,0.000737
6.280058,47.038111,-2.151741,0.856204,1.855341,3.173713,2.979409,3.984791,2.515185,1.448322,3.096123,2.294579,0.329840,1.732709,2.879463,2.926149,3.243413,2.738092,0.029410,0.273933,0.000415,0.042619,0.073547,0.000093,0.231085,0.000093,0.786176,2.741075,2.729155,0.010724,0.711111,2.644103,0.009758,-0.000874
10.054700,43.440300,-2.204674,0.886122,2.196934,3.206590,3.007026,4.017339,2.507294,1.379280,3.117165,2.315292,0.003040,1.695558,2.878477,2.925162,3.259522,2.740393,0.039397,0.280054,0.000093,0.036175,0.068392,0.000093,0.262335,-0.000229,0.932117,2.868652,2.751706,0.008791,0.726897,2.643459,0.010724,0.000093
23.088081,29.049325,-2.247414,0.843053,2.393868,3.241440,3.127028,4.034764,2.510582,1.396705,3.110589,2.369210,0.023424,1.704764,2.876175,2.919902,3.269057,2.732174,0.079668,0.407954,-0.000229,0.098675,0.112851,-0.000229,0.352542,0.000737,1.121872,3.063885,2.774902,0.011047,0.678895,2.665044,0.010724,-0.001196
38.062874,13.028575,-2.091575,0.543542,2.428389,3.218426,3.057986,4.021942,2.677269,2.065097,3.148727,2.229811,0.076685,1.950027,2.961985,2.906094,3.188837,2.735790,0.160531,0.589977,0.000093,0.202090,0.199835,-0.000229,0.524900,0.000093,1.482053,3.147003,2.790044,0.015235,0.697903,2.806474,0.011691,-0.000551
45.240915,0.754582,-2.100781,0.270661,2.417211,3.341058,2.944231,3.964078,3.181275,2.379402,3.326263,2.706858,0.292031,2.071015,3.016232,2.892285,3.132617,2.685817,0.111562,0.743972,0.000415,0.216588,0.155699,-0.000229,0.526833,-0.000229,0.852542,2.927931,2.623484,0.337722,1.138624,2.654412,0.009758,0.000415
50.804445,-0.928716,-2.108671,0.197016,2.355731,3.295030,2.865983,3.949612,3.244070,2.366251,3.316728,2.721653,0.207865,2.055563,3.001766,2.875189,3.105329,2.647680,0.074835,0.711111,-0.000874,0.215299,0.125093,0.000093,0.434049,-0.000229,0.237206,2.716912,2.549064,0.343199,1.095777,2.634116,0.011691,-0.000874
52.433913,-0.218451,-2.162262,0.087206,2.414910,3.340400,2.844942,3.943037,3.254920,2.354087,3.347304,2.711461,0.338388,2.097645,3.005382,2.875518,3.107959,2.657871,0.067748,0.723998,-0.000229,0.214011,0.117039,0.000415,0.427606,-0.000229,0.144101,2.664077,2.544232,0.367683,1.115429,2.662144,0.010402,0.000415
55.718440,-6.816928,-2.244455,0.084904,2.411951,3.366044,2.874203,3.952242,3.222042,2.312662,3.365715,2.682858,0.051041,2.026631,2.991903,2.857764,3.088233,2.632556,0.021356,0.737529,-0.000229,0.178250,0.095454,-0.000229,0.419230,0.000093,-0.000229,2.595456,2.578059,0.322258,1.280055,2.688562,0.011047,-0.000229
55.588790,-4.499899,-2.279963,0.083261,2.408663,3.415031,2.845271,3.944681,3.242426,2.303127,3.337441,2.746311,0.080302,2.011178,2.979081,2.850531,3.084616,2.617104,0.045840,0.742683,-0.000229,0.177606,0.109629,-0.000551,0.402477,0.000415,-0.000229,2.578059,2.611564,0.399578,1.246872,2.675675,0.011369,0.000415
55.432328,-3.334443,-2.307909,0.085233,2.395183,3.434100,2.852833,3.940078,3.213494,2.303127,3.350592,2.745325,0.125343,2.004603,2.977108,2.848230,3.079356,2.617104,0.023933,0.769101,-0.000229,0.170840,0.104474,0.001382,0.406021,0.000093,-0.000551,2.608343,2.633794,0.395389,1.217233,2.662789,0.010724,-0.001196
53.833717,-3.393511,-2.267470,0.084904,2.373484,3.424894,2.841983,3.930544,3.208234,2.281428,3.336783,2.725598,0.146714,2.033535,2.968560,2.833435,3.071465,2.609871,0.026510,0.776833,0.000415,0.166652,0.101897,0.000093,0.409243,0.000415,-0.000551,2.622196,2.743974,0.429217,1.071614,2.653768,0.010724,0.000093
50.553433,-1.250826,-2.260236,0.082932,2.345868,3.405825,2.798257,3.922324,3.225001,2.251839,3.321331,2.747626,0.370279,2.024001,2.943245,2.820942,3.067849,2.594090,0.059693,0.802606,0.000415,0.172129,0.115428,0.000737,0.397000,0.000093,-0.000229,2.644747,2.714979,0.507503,1.178895,2.661822,0.010402,0.000093
49.603333,-1.543356,-2.238537,0.082603,2.264990,3.396291,2.805161,3.911475,3.220399,2.207126,3.311797,2.755845,0.349566,2.014466,2.927464,2.797270,3.058972,2.600008,0.047773,0.873483,-0.000551,0.174384,0.113495,0.000093,0.395389,0.000415,0.000093,2.637338,2.727866,0.520067,1.235596,2.666655,0.011047,0.000415
47.811027,-3.330638,-2.223085,0.083261,2.155838,3.396620,2.815353,3.899968,3.221385,2.260387,3.296016,2.686475,0.474828,2.007891,2.907080,2.783133,3.056671,2.582912,0.090943,0.875738,-0.000229,0.155699,0.137335,0.000093,0.367683,0.000093,0.090621,2.685340,2.714335,0.567748,1.230119,2.649902,0.011047,-0.000551
45.483747,-3.061903,-2.196125,0.082603,2.080878,3.344016,2.767352,3.872022,3.225330,2.268278,3.302263,2.589158,0.558665,2.029261,2.921217,2.780174,3.057657,2.603624,0.118650,0.937593,-0.000229,0.158920,0.158598,0.000093,0.354797,0.000415,0.052606,2.796165,2.811629,0.645390,1.166653,2.686629,0.011369,-0.001196
45.869537,-5.784109,-2.198756,0.080959,1.994082,3.334153,2.794640,3.853282,3.195083,2.189701,3.282536,2.552007,0.558665,2.006247,2.866312,2.753544,3.029054,2.565158,0.096098,0.928895,-0.000229,0.163753,0.145389,-0.000551,0.332567,0.000737,0.131214,2.813562,2.834503,0.612851,1.157632,2.677286,0.010724,0.000093
45.106836,-3.759222,-2.175084,0.079644,2.029261,3.295030,2.778202,3.836844,3.184891,2.225866,3.253604,2.500390,0.600090,2.001644,2.873216,2.751242,3.036287,2.583898,0.125415,0.927284,-0.000551,0.177284,0.162464,-0.000874,0.331279,0.000415,0.147645,2.837724,2.753639,0.657954,1.179539,2.725933,0.011369,0.000415
44.696016,-6.035855,-2.190865,0.080630,2.016768,3.290098,2.739078,3.831255,3.167795,2.204496,3.270043,2.497431,0.512308,1.998028,2.862367,2.740722,3.022150,2.574692,0.124449,1.004604,0.001059,0.180505,0.163108,0.000415,0.354475,0.000093,0.095454,2.768137,2.892170,0.661498,1.188238,2.724322,0.011369,-0.000229
43.619922,-4.521844,-2.195468,0.080302,1.898410,3.292728,2.745653,3.829611,3.196070,2.183126,3.258536,2.479349,0.441622,1.985206,2.848559,2.722311,3.004725,2.588501,0.136047,0.967233,0.000093,0.181150,0.170518,0.000415,0.325480,-0.000229,0.115750,2.856732,2.897003,0.785854,1.155377,2.767170,0.011369,0.000093
42.029017,-4.030253,-2.206317,0.101343,1.666626,3.287468,2.679899,3.817446,3.164179,2.177866,3.255248,2.468499,0.397567,1.958575,2.828504,2.698639,2.991574,2.584555,0.149255,1.033921,0.000415,0.178895,0.173418,-0.000551,0.332567,-0.000229,0.158598,2.896359,2.985921,0.981730,1.131215,2.799709,0.011691,0.000093
39.396842,-3.306955,-2.233277,0.077343,1.611064,3.252947,2.644063,3.785556,3.144781,2.101262,3.234207,2.500719,0.227592,1.970740,2.800558,2.681214,2.973163,2.550035,0.159887,1.055828,-0.000551,0.181472,0.181472,0.000093,0.338366,-0.000229,0.301639,2.932763,3.005573,1.071292,1.127993,2.827737,0.012335,0.000415
36.597302,-2.716769,-2.295087,0.077014,1.553857,3.240454,2.555295,3.796734,3.112890,2.039782,3.213494,2.523733,0.241400,1.920109,2.770969,2.639460,2.921546,2.561870,0.180828,1.109307,-0.000229,0.185982,0.214977,-0.000229,0.348353,0.000415,0.413431,3.027802,3.089336,1.242362,1.051962,2.819361,0.011691,0.269423
34.269313,-4.865803,-2.392733,0.074712,1.438130,3.210864,2.426417,3.779638,3.075739,1.849752,3.208234,2.548719,0.156906,1.834957,2.683516,2.570090,2.867627,2.484609,0.186627,1.138302,0.000415,0.200157,0.221098,0.000415,0.335145,-0.000551,0.470132,3.026513,3.114787,1.255248,1.025544,2.826449,0.012013,0.370905
30.820563,-4.580162,-2.328950,0.073397,1.324704,3.152014,2.295237,3.750377,3.032342,1.799121,3.158918,2.604282,0.087863,1.923397,2.693050,2.535240,2.838367,2.449102,0.227541,1.176640,-0.000229,0.229474,0.243650,0.000415,0.333534,-0.000229,0.785209,3.091591,3.172777,1.334823,1.074514,2.875096,0.012657,0.688560
27.040674,-11.869323,-2.327306,0.070438,1.274730,3.063904,2.241976,3.726377,2.903463,1.386841,3.149055,2.580610,0.100685,1.801422,2.644392,2.488554,2.818312,2.417869,0.230119,1.198547,0.000093,0.268134,0.270712,0.000093,0.317748,-0.000229,0.890235,3.058408,3.075483,1.272645,1.134114,2.884761,0.012657,0.812915
13.586185,-3.690191,-1.941325,0.995932,1.474295,2.625652,2.274196,3.643198,2.748941,1.400979,3.032342,2.380060,0.358443,1.801422,2.662474,2.489869,2.890313,2.512883,0.245905,1.171807,-0.000874,0.334178,0.290686,0.000093,0.182116,0.000093,1.151189,3.128318,3.097712,1.179862,1.037142,2.832570,0.584823,0.951769
6.880007,-7.025726,-1.859132,1.177085,1.620598,2.484938,2.530966,3.720788,2.446143,1.207661,3.007355,2.468499,1.044590,1.862574,2.676283,2.737105,3.117165,2.715078,0.257503,1.168586,0.000093,0.386369,0.299706,-0.000229,0.140557,0.000093,1.168586,3.139916,3.144426,1.361563,0.783276,2.627028,0.739140,1.168908
3.521354,-17.150513,-2.116891,0.624420,1.240867,2.132166,2.550692,3.701719,1.600214,0.680311,2.837380,1.741586,0.367977,1.394732,2.639131,2.659515,3.194426,2.406362,0.233340,0.967555,0.000737,0.147322,0.309694,-0.000874,0.081279,-0.000229,1.254926,3.189851,2.971423,0.848354,0.138302,2.471100,0.559372,0.553573
3.572947,-20.774815,-2.401610,0.045452,1.045576,1.935890,2.709160,3.728021,0.913410,0.047096,2.447458,1.055440,0.167426,0.846669,2.303127,2.498746,3.242097,2.271565,0.383469,0.641201,0.051639,0.000737,0.452735,0.002670,0.187271,0.000093,2.258793,3.453061,3.189207,0.595454,0.001382,2.387659,1.538432,0.794552
4.075323,-22.886724,-2.022204,0.042164,0.986726,1.880985,2.784120,3.830269,0.511322,0.042821,2.065426,0.708585,0.382115,0.612584,2.190030,2.440554,3.244070,2.352114,0.367361,0.458534,0.118972,0.002670,0.458212,0.002348,0.209822,-0.000551,2.433407,3.534246,3.124130,0.219810,0.000737,2.481732,1.614785,0.957245
4.119120,-25.898400,-1.740444,0.039863,0.949575,1.856656,2.843298,3.852625,0.264085,0.040849,1.781367,0.633296,0.388032,0.557021,2.191016,2.447129,3.242755,2.359347,0.358018,0.400866,0.140879,0.037786,0.463044,0.016201,0.191137,0.000093,2.493330,3.581605,3.079349,0.166652,-0.000229,2.502350,1.627027,1.038431
3.845804,-28.850467,-1.517207,0.038547,0.973247,1.842190,2.872230,3.871036,0.046438,0.039534,1.557145,0.519870,0.429458,0.405129,2.143016,2.467513,3.259522,2.408992,0.393134,0.420196,0.210789,0.053250,0.482052,0.047129,0.223998,0.000415,2.587402,3.646360,3.076127,0.214011,-0.000229,2.720778,2.009437,1.189204
3.535462,-31.050242,-1.518522,0.039534,0.955822,1.859944,2.981382,3.936790,0.041506,0.038876,1.559118,0.600748,0.487979,0.304196,2.110467,2.487897,3.272673,2.470143,0.452413,0.452091,0.312915,0.070325,0.532310,0.087722,0.242683,-0.000229,2.781023,3.696296,3.034568,0.281021,-0.000229,2.869297,2.221744,1.369295
3.970471,-34.379521,-1.523125,0.040849,0.950890,1.820162,3.016561,3.973613,0.040849,0.040520,1.564378,0.843711,0.549788,0.140467,2.069700,2.516829,3.276290,2.510582,0.472387,0.439848,0.412142,0.078379,0.554217,0.094487,0.255570,-0.000551,2.912467,3.800033,2.999774,0.163108,0.000415,2.907634,2.320327,1.435983
4.304070,-38.828797,-1.560934,0.040849,0.951219,1.839560,3.048451,4.016682,0.041506,0.041178,1.603831,0.869355,0.633296,0.193728,2.091399,2.593432,3.291742,2.619076,0.507825,0.431472,0.531343,0.085789,0.602219,0.098998,0.273933,-0.000551,3.010083,3.897005,2.919877,0.011047,0.060982,3.052931,2.371873,1.540687
4.488573,-45.624208,-1.448493,0.040849,0.961411,1.816546,3.129987,4.046928,0.043479,0.042821,1.492377,1.084043,0.697407,0.125015,2.044056,2.645707,3.315413,2.819298,0.535853,0.430183,0.655377,0.092876,0.630570,0.117683,0.293907,0.023289,3.136372,3.964338,2.878962,0.010402,0.419874,3.157313,2.458858,1.606086
4.559737,-50.920247,-1.308764,0.043808,0.908479,1.791230,3.191796,4.102819,0.045123,0.043150,1.352649,1.647557,0.704311,0.011259,1.919451,2.660502,3.318044,2.866970,0.637013,0.418263,0.730119,0.093521,0.646034,0.137013,0.314526,0.042941,3.439852,4.022328,2.927287,0.011047,0.495261,3.215947,2.633794,1.791653
4.120459,-55.597424,-1.191392,0.044137,0.966342,1.738627,3.281879,4.155094,0.045123,0.044465,1.234949,1.801422,0.733901,0.001396,1.821149,2.769654,3.372291,2.940943,0.677284,0.437271,0.772001,0.098998,0.673740,0.174384,0.331279,0.038431,3.567107,4.045524,2.935018,0.012013,0.674707,3.254929,2.690495,1.855120
3.274565,-57.206168,-1.250900,0.045123,1.073851,1.896109,3.374921,4.211643,0.046438,0.046109,1.288868,1.836272,0.746723,0.000081,1.807669,2.864340,3.438374,3.049766,0.723031,0.495905,0.807439,0.113495,0.722387,0.208534,0.352864,0.007181,3.673422,4.064209,2.938240,0.011369,0.799385,3.292944,2.874129,1.876705
4.162485,-56.444507,-1.442575,0.048411,1.210949,1.984877,3.492621,4.249780,0.048082,0.047096,1.490076,1.885588,0.792093,0.000739,1.891834,2.910696,3.515306,3.190152,0.743328,0.518457,0.845454,0.111240,0.759114,0.237529,0.356085,0.030376,3.716270,4.080317,2.940495,0.010402,0.823869,3.313241,2.932441,1.970455
3.046159,-53.375430,-1.636223,0.050054,1.379609,2.191016,3.562978,4.288904,0.194057,0.051698,1.685037,1.871779,0.699051,0.001067,2.042741,2.956067,3.547854,3.227632,0.743328,0.528122,0.839333,0.116395,0.776189,0.271678,0.355763,0.068070,3.686631,4.079351,2.940173,0.011691,0.845132,3.291978,2.906346,1.984308
0.818511,-40.145897,-1.603674,0.050712,1.387170,2.168002,3.543909,4.276082,0.115480,0.050383,1.662352,1.832984,0.803600,0.021451,2.188386,2.961327,3.531087,3.214809,0.768457,0.522645,0.827413,0.155699,0.797452,0.320325,0.366072,0.087078,3.695007,4.086116,2.949194,0.143134,0.829990,3.262339,2.949516,2.144424
-4.183494,-24.409639,-1.390629,0.046438,1.156373,1.987836,3.403853,4.211971,0.048082,0.047096,1.439774,1.645585,0.812148,0.000410,2.082522,2.841326,3.412730,3.045821,0.675673,0.474320,0.704346,0.118005,0.709178,0.241072,0.329668,0.060016,3.417945,3.994299,2.947905,0.390557,0.730119,3.134761,2.787145,1.939849
-10.873627,-4.879806,-1.344929,0.045123,1.275717,1.938520,3.370318,4.199478,0.046767,0.045780,1.389472,1.428924,0.836806,0.110549,2.191016,2.789380,3.400894,3.006369,0.535531,0.489140,0.545518,0.086433,0.648933,0.226575,0.329346,0.080956,3.068717,3.856734,2.983665,0.869617,0.728508,2.951771,2.388304,1.707890
-12.758015,-4.154930,-1.222954,0.044465,1.091605,1.836601,3.361770,4.219533,0.045780,0.044794,1.270128,1.609091,0.997905,0.362717,2.144988,2.672995,3.391688,2.998478,0.567103,0.518457,0.499771,0.038108,0.652477,0.239139,0.377993,0.094487,2.970457,3.825162,2.872196,0.718843,0.654088,2.882505,2.260726,1.754282
-16.157490,-4.203140,-1.122021,0.045452,0.956151,1.598242,3.382154,4.228410,0.479102,0.046438,1.167880,1.738298,1.243497,0.627707,2.238359,2.708173,3.476840,3.103356,0.546807,0.451768,0.438882,0.036498,0.620905,0.173418,0.379603,0.063559,2.917622,3.843526,2.797454,0.011047,0.669552,2.752673,2.234631,1.738174
-18.062767,-5.671003,-1.044102,0.533679,1.246785,1.732709,3.748076,4.332630,0.978836,0.054329,1.294785,2.113426,1.382567,0.633625,2.347840,2.863025,3.633992,3.293715,0.558405,0.433083,0.512658,0.007181,0.646034,0.199835,0.417297,0.106085,3.137661,3.966915,2.784567,0.010402,0.683083,2.913111,2.371229,1.926641
-21.442452,-5.177473,-0.802125,0.639872,1.296101,1.801751,3.767802,4.338548,1.076481,0.055972,1.244812,2.236716,1.316813,0.534007,2.349155,2.895573,3.657664,3.316728,0.590622,0.431472,0.535853,0.058083,0.646034,0.224642,0.438237,0.126059,3.256218,3.988178,2.785856,0.010724,0.629604,2.988176,2.601899,2.266525
-22.598006,-5.909426,-0.716315,0.757901,1.469363,1.870136,3.845392,4.373069,1.136317,0.059918,1.291498,2.252825,1.322073,0.577076,2.479677,2.964615,3.742158,3.415031,0.600931,0.379281,0.527477,0.100931,0.611240,0.180505,0.414719,0.102541,3.370909,3.975291,2.781346,0.009758,0.512013,3.017171,2.623807,2.301641
-25.229139,-2.833577,-0.743603,0.975548,1.585420,1.953644,3.963749,4.408576,1.228374,0.060246,1.430568,2.263675,1.381581,0.628036,2.531952,2.972834,3.774706,3.526484,0.618006,0.329990,0.515879,0.158276,0.562915,0.159242,0.392168,0.098031,3.467558,3.962083,2.769748,0.009758,0.226575,3.072905,2.618652,2.392170
-27.538911,-0.091922,-0.740973,1.049522,1.732380,2.011178,4.007476,4.426001,1.309580,0.063863,1.465747,2.270908,1.364485,0.609625,2.527349,2.973492,3.802323,3.567909,0.583534,0.175995,0.444681,0.164397,0.493328,0.107052,0.316137,0.034242,3.412790,3.920845,2.746552,0.009436,-0.000874,3.138949,2.554863,2.325481
-29.778428,1.545725,-0.733411,1.205360,1.807340,2.040768,4.037065,4.438166,1.489747,0.410718,1.506843,2.265319,1.366458,0.650721,2.458636,2.993875,3.825666,3.624787,0.533598,0.105119,0.440170,0.199513,0.478508,0.101897,0.320969,0.010080,3.424388,3.914724,2.744296,0.009436,-0.000551,3.262661,2.697260,2.377350
-30.905875,2.658118,-0.736041,1.244483,1.862245,2.062138,4.063696,4.454604,1.513747,0.450499,1.568981,2.295894,1.380595,0.688859,2.475732,3.009985,3.843091,3.686596,0.524256,0.073869,0.452413,0.269101,0.510725,0.112529,0.418263,0.017812,3.438241,3.919557,2.743974,0.010402,0.000093,3.387339,2.832892,2.411822
-32.012506,2.770876,-0.728479,1.314512,1.923068,2.090412,4.073230,4.474659,1.474295,0.460691,1.599228,2.314963,1.391444,0.692804,2.451732,3.013930,3.851639,3.728021,0.556794,0.041652,0.492039,0.297129,0.534565,0.136047,0.409887,0.037464,3.500419,3.923423,2.742363,0.010080,-0.000874,3.434375,2.953060,2.427608
-32.287909,1.714762,-0.812317,1.279991,1.925369,2.083179,4.077175,4.477618,1.405253,0.372909,1.630790,2.311018,1.368759,0.665845,2.414581,3.005711,3.863146,3.729993,0.554861,0.030054,0.499127,0.280377,0.525544,0.129925,0.398289,0.042619,3.540045,3.923423,2.742686,0.009114,-0.000874,3.446295,2.951127,2.389592
-33.695302,2.271065,-0.852098,1.240538,1.919780,2.087125,4.079806,4.480577,1.365471,0.329182,1.631776,2.307073,1.377965,0.622118,2.354416,2.991245,3.863146,3.740514,0.564204,0.023933,0.502993,0.276833,0.530699,0.130570,0.393134,0.054861,3.551321,3.925356,2.743330,0.009436,-0.000229,3.491721,3.044233,2.355443
-33.708461,1.824471,-0.910948,1.218839,1.869807,2.062796,4.077175,4.478276,1.339170,0.179591,1.616324,2.300826,1.364814,0.585953,2.301155,2.988286,3.864461,3.738541,0.589977,0.015879,0.520712,0.279088,0.537786,0.151833,0.398933,0.064848,3.599324,3.934698,2.747518,0.009436,-0.000229,3.501386,3.073872,2.364141
-34.329981,2.895362,-0.943826,1.063001,1.803066,2.026302,4.073888,4.477618,1.242182,0.065178,1.587063,2.269921,1.352320,0.545186,2.251182,2.962642,3.864461,3.738213,0.612529,0.015557,0.549384,0.265557,0.540364,0.151833,0.400222,0.064526,3.619620,3.935987,2.748162,0.010402,-0.000551,3.505252,3.079993,2.364141
-33.621486,4.200389,-0.943168,0.973575,1.716599,1.992439,4.058435,4.468741,1.174455,0.062548,1.514734,2.255456,1.316813,0.486007,2.220277,2.944889,3.862817,3.715528,0.626382,0.018456,0.563882,0.258147,0.547129,0.180183,0.401511,0.064848,3.631218,3.951451,2.751062,0.011369,0.001382,3.503641,3.085470,2.383793
-32.581731,4.651546,-0.971443,0.876916,1.644927,1.955287,4.037394,4.457563,1.165578,0.060904,1.492377,2.221921,1.264538,0.378827,2.181811,2.943902,3.859200,3.676404,0.638302,0.021356,0.574191,0.265557,0.551962,0.172773,0.400222,0.064848,3.627675,3.963371,2.751384,0.011047,0.000093,3.488177,3.088047,2.351255
-31.603541,4.017799,-0.917853,0.767764,1.522295,1.873423,4.005832,4.434220,1.089632,0.059918,1.383554,2.152879,1.210620,0.185509,2.165043,2.935683,3.841447,3.625773,0.646678,0.029410,0.593199,0.262980,0.563882,0.191781,0.431150,0.058727,3.618010,3.958217,2.748485,0.009114,0.000093,3.483989,3.079349,2.341268
-31.303519,1.802015,-0.926401,0.787491,1.539063,1.872766,4.002544,4.437508,1.057741,0.058603,1.431883,2.189044,1.172154,0.222331,2.177208,2.972505,3.848351,3.627746,0.647323,0.021678,0.599964,0.261691,0.563882,0.189848,0.425995,0.072902,3.624775,3.960150,2.749129,0.010402,-0.000229,3.467236,3.091269,2.319038
-30.913297,-1.411573,-0.953689,0.907492,1.584433,1.946739,4.021284,4.459207,1.058727,0.060575,1.503227,2.228825,1.274073,0.382115,2.231126,2.973492,3.864132,3.663910,0.694681,0.035853,0.653122,0.272000,0.593843,0.195969,0.477219,0.087400,3.698551,3.984956,2.758472,0.010080,-0.000551,3.483022,3.140560,2.386049
-31.155827,-1.140991,-1.063828,1.133687,1.798463,2.072001,4.062381,4.477618,1.212921,0.064520,1.726134,2.229154,1.372047,0.589899,2.254140,3.025437,3.886160,3.727692,0.740106,0.045840,0.713366,0.294552,0.627671,0.227864,0.563238,0.123160,3.778770,4.013951,2.838691,0.010080,0.000093,3.561308,3.212725,2.517814
-28.570800,-5.440053,-1.440274,1.082728,1.829039,2.180496,4.059093,4.480248,1.201414,0.064520,2.084494,2.226524,1.354293,0.650393,2.327456,2.991574,3.878927,3.722432,0.738173,0.043263,0.730119,0.282310,0.660854,0.244616,0.568392,0.135724,3.853191,4.010085,2.859632,0.010724,-0.000229,3.557442,3.224645,2.617685
-26.383123,-2.103586,-1.582633,1.160647,1.978959,2.336333,4.061394,4.495701,1.239223,0.194714,2.329758,2.263346,1.396376,0.674722,2.356388,3.034972,3.886817,3.760569,0.745583,0.025866,0.752026,0.261369,0.681150,0.276511,0.559372,0.148611,3.880575,3.998165,2.890560,0.010724,0.114139,3.525870,3.243975,2.661178
-26.667164,2.794069,-1.735841,1.302347,2.261045,2.692064,4.108737,4.509509,1.677476,0.709572,2.664447,2.400115,1.413472,1.016973,2.473431,3.043520,3.893393,3.780624,0.733663,0.012013,0.743972,0.189848,0.695325,0.279732,0.528766,0.084822,3.822907,3.966593,2.871552,0.010724,0.000415,3.386695,3.176965,2.688562
-11.718187,-1.299255,-1.938038,1.479884,2.474746,3.003739,4.098545,4.502933,1.795504,0.867382,2.984999,2.381704,1.305306,1.182017,2.699954,3.123411,3.902269,3.732952,0.707245,0.006536,0.763302,0.171163,0.734952,0.305183,0.552606,0.101897,3.769750,3.935343,2.883150,0.011369,0.341266,3.146359,3.110599,2.800998
-5.972360,17.855874,-1.874255,1.627173,2.508938,3.103027,4.026873,4.444084,2.244277,1.009412,3.054369,2.230798,1.501583,1.384869,2.805490,3.189165,3.869392,3.564622,0.635080,0.000093,0.707890,-0.000229,0.750738,0.351253,0.521034,0.222709,3.718203,3.926967,3.012016,0.011691,0.705634,3.140238,2.957248,2.967557
-1.489406,22.902569,-1.946586,1.491720,2.472773,3.214809,3.693829,4.252739,1.956274,1.047878,3.045821,1.920766,1.298731,1.657420,2.862367,3.021163,3.661938,3.096452,0.140557,0.042297,0.000093,0.000093,0.241072,0.000415,0.320003,-0.000874,2.746552,3.381218,2.859310,0.010724,0.000093,2.875418,0.575802,1.448870
0.339959,28.059772,-2.098151,0.919986,1.974356,2.731845,3.073438,3.888461,1.748819,0.843382,2.730201,1.653804,0.809518,1.327991,2.682200,2.807133,3.206261,2.322854,0.025222,0.185982,0.000093,-0.000229,0.091588,-0.000229,0.120261,0.000093,2.074515,3.095135,2.806152,0.010724,0.000415,2.721745,0.011691,-0.000551
-0.381728,35.830587,-2.243469,0.884478,2.019069,2.964286,3.073109,3.903913,1.899725,0.953849,2.963957,1.561090,0.026054,1.339827,2.706530,2.806805,3.191138,2.359347,0.040364,0.165686,-0.000229,-0.000229,0.050351,0.000093,0.115750,-0.000551,1.637336,3.066462,2.797454,0.010402,0.000093,2.679541,0.010724,-0.000551
1.813985,41.606678,-2.214866,1.001192,2.073974,3.070479,3.111247,3.921667,2.005918,1.062673,3.037602,1.670571,0.031314,1.413801,2.768996,2.816339,3.194754,2.383676,0.049062,0.220132,-0.000229,0.000415,0.049384,0.000093,0.139913,0.000737,1.604798,3.108988,2.801320,0.010724,0.000093,2.666332,0.010724,0.000415
-1.435601,48.177097,-2.211249,0.967000,2.014466,3.138206,3.067191,3.905886,2.215345,1.179715,3.076397,1.585420,0.013561,1.419719,2.777544,2.794969,3.177001,2.410636,0.046807,0.229152,0.000415,0.000093,0.051962,-0.000874,0.178572,0.000415,1.537143,3.137983,2.783923,0.010724,0.000093,2.656023,0.011047,0.000737
-4.450820,49.945738,-2.179687,1.061686,1.946739,3.106315,3.073438,3.954544,2.331730,1.230017,3.081328,1.746518,0.041506,1.474624,2.772284,2.778530,3.164508,2.464883,0.037786,0.254926,0.000093,0.000093,0.053895,-0.000229,0.174384,0.000093,1.464334,3.144426,2.768459,0.009758,-0.000551,2.682441,0.011369,0.000093
-5.087756,49.541981,-2.126754,1.104755,1.881971,3.009328,3.115521,3.964736,2.254798,1.221141,3.060616,1.800765,0.281510,1.455555,2.756174,2.739735,3.171083,2.486253,0.038753,0.222709,-0.000551,0.000415,0.051639,0.000093,0.154732,0.000415,1.527800,3.129929,2.773936,0.010402,-0.000874,2.652157,0.011047,0.000093
-3.086053,47.425934,-2.131686,1.026179,1.734682,2.902148,3.016889,3.924955,2.216989,1.194839,3.009328,2.034521,0.726996,1.380924,2.676611,2.661817,3.105329,2.391567,0.019101,0.197580,0.000737,0.000093,0.023611,-0.000229,0.140235,0.000415,1.462078,3.068073,2.761693,0.010402,-0.001196,2.562595,0.010724,0.000093
2.212594,46.794997,-2.158316,0.782888,1.485802,2.738420,2.819627,3.867748,2.150578,1.146509,2.924176,1.826080,0.516582,1.330950,2.611515,2.539843,2.991903,2.324826,0.005570,0.175351,0.000415,-0.000229,0.012657,-0.000551,0.137013,-0.000229,1.145712,2.839657,2.711113,0.010080,-0.000551,2.391847,0.010080,0.000093
6.457771,47.989759,-2.433172,0.064849,1.282950,2.753215,2.521760,3.839145,2.418526,1.187935,2.966916,1.889862,0.042821,1.231661,2.512226,2.263017,2.661488,2.267291,0.006214,0.299706,0.000737,-0.000551,0.015235,0.000415,0.153766,-0.000229,0.228508,2.530701,2.487853,0.008791,0.292297,2.323871,0.009114,-0.000229
5.559686,52.667173,-2.419363,0.063205,1.087988,2.740722,2.198907,3.789830,2.557596,1.264867,2.973492,2.012165,0.021780,1.260264,2.497760,2.210414,2.547404,2.154194,0.015879,0.464655,0.000093,0.038108,0.022000,-0.000229,0.184694,0.000093,0.000415,2.472067,2.425675,0.009114,0.488495,2.325159,0.009758,-0.000229
6.038527,56.906453,-2.328622,0.066164,1.099166,2.932066,2.296552,3.824679,2.569103,1.378293,3.021492,2.126906,0.250606,1.311553,2.590145,2.398142,2.630583,2.283730,0.016846,0.549707,0.000093,0.051317,0.040364,-0.000229,0.214333,0.000093,0.000093,2.521680,2.547776,0.009436,0.501382,2.354798,0.009436,0.000415
4.617161,58.598316,-2.263524,0.068137,1.213579,3.007355,2.403731,3.834871,2.696338,1.537748,3.035301,2.135783,0.241400,1.374019,2.733818,2.506308,2.748283,2.353429,0.031987,0.553573,0.000093,0.048418,0.047129,0.000093,0.250093,0.000093,0.000415,2.535533,2.546809,0.079668,0.533920,2.367363,0.009436,0.000737
3.927986,60.476804,-2.183961,0.349895,1.376978,3.066534,2.525377,3.861173,2.712776,1.866519,3.042534,2.133810,0.655653,1.470021,2.808449,2.658529,2.973820,2.515514,0.048096,0.558083,0.001059,0.062915,0.059371,0.000093,0.269423,-0.000229,0.000415,2.551319,2.554863,0.169552,0.570003,2.444360,0.009436,-0.000551
2.332547,61.044417,-1.961052,0.821354,1.746518,3.223029,2.742366,3.940407,2.763078,2.235401,3.055684,2.252497,0.818724,1.714955,2.913984,2.821599,3.140507,2.774256,0.049706,0.544230,0.000093,0.059049,0.053250,0.000093,0.274900,-0.000229,-0.000229,2.556152,2.623484,0.162464,0.572902,2.458858,0.009114,-0.000874
1.313121,56.644509,-1.820665,1.176756,2.176550,3.295358,2.946861,4.010764,2.891956,2.283401,3.079027,2.257428,0.786833,1.830354,3.037602,2.915299,3.265440,2.862367,0.043585,0.526511,-0.000229,0.039397,0.053895,0.000093,0.263624,0.000415,0.000415,2.554541,2.603510,0.020067,0.509114,2.455958,0.010080,0.000415
1.198642,55.157463,-1.802583,1.346074,2.381704,3.353551,3.237166,4.081778,2.921875,2.209428,3.082644,2.281428,0.794066,1.928328,3.091849,2.958039,3.395305,2.989601,0.025866,0.513624,-0.000229,0.012335,0.050995,-0.000229,0.214011,0.000415,0.077413,2.561629,2.655057,0.010724,0.488495,2.486242,0.010724,-0.000874
-2.013589,49.411645,-1.894311,1.497309,2.503020,3.358811,3.430812,4.167916,2.811079,2.045042,3.146096,2.362306,0.623762,2.075946,3.089219,2.981382,3.459086,3.060945,0.015557,0.499771,-0.000551,0.000093,0.051639,-0.000229,0.202090,-0.000229,0.422129,2.611886,2.699193,0.010724,0.491717,2.501062,0.009758,-0.000551
-2.516122,30.913321,-2.054424,1.471665,2.451732,3.305879,3.513991,4.197505,2.424115,1.256648,3.153987,2.327785,0.101343,1.842190,2.996506,2.934039,3.466977,3.056013,0.004603,0.540042,0.000093,0.000415,0.068392,0.001059,0.230119,0.000093,0.789397,2.794232,2.800675,0.012335,0.541652,2.561629,0.009758,0.000093
4.675667,13.207263,-1.936065,1.424979,2.397485,3.223029,3.570868,4.186985,2.411622,1.280319,3.062589,2.300826,1.030453,1.890848,2.922203,2.892943,3.529772,3.078041,0.154732,0.538753,0.000737,0.079346,0.220454,0.000093,0.282310,-0.000551,1.632504,3.294877,3.009117,0.323547,0.825480,2.736242,0.010724,1.098676
30.415628,-2.570220,-1.857159,1.338841,2.410964,3.119137,3.332509,4.067970,2.701598,1.958904,3.167466,2.323182,1.349362,1.977644,2.980725,2.872888,3.384784,2.933382,0.284887,0.838044,0.023289,0.329990,0.439204,0.012013,0.379603,0.127026,2.320005,3.476257,3.031668,1.466911,1.166009,2.889271,1.490429,1.795519
35.294405,-4.099601,-1.876557,0.466280,1.991123,3.075082,2.734146,3.814488,3.259851,2.490198,3.163521,2.229154,0.987055,2.096001,2.924176,2.728886,3.041876,2.775571,0.266846,1.203380,0.020389,0.365750,0.498804,0.062915,0.310982,0.029088,1.766202,3.326450,3.264916,1.585468,1.029733,2.839013,1.468522,1.578702
39.395711,-6.055209,-1.988011,0.081617,1.914848,3.197056,2.575350,3.820077,3.269057,2.427074,3.197056,2.302141,0.910122,2.099618,2.903135,2.709488,3.023136,2.668392,0.250415,1.294230,0.019101,0.345454,0.544874,0.064526,0.371549,0.000415,1.490751,3.278125,3.293267,1.506215,1.032954,2.824516,1.469488,1.520390
41.336020,-3.392910,-2.033382,0.167426,2.096988,3.236180,2.675954,3.911804,3.280564,2.409320,3.204289,2.429376,0.783216,2.087125,2.887682,2.697324,3.014917,2.655899,0.257181,1.300029,0.016201,0.278766,0.512013,0.062271,0.403121,0.000093,1.451447,3.291334,3.283924,1.496228,1.021356,2.826449,1.473354,1.424707
43.517160,-3.118415,-2.058369,0.080959,2.070029,3.236180,2.676283,3.909831,3.259194,2.363621,3.182590,2.419841,0.690174,2.058522,2.847572,2.663789,3.005711,2.647022,0.264268,1.274256,0.020712,0.244616,0.517168,0.055828,0.450802,-0.000551,1.528444,3.306798,3.266205,1.502027,0.963367,2.826127,1.332568,1.396034
43.926909,-3.039044,-2.027793,0.081288,2.058522,3.253604,2.666419,3.908845,3.284838,2.415238,3.187521,2.397813,0.702339,2.072330,2.877819,2.688118,3.015574,2.652940,0.275866,1.289720,0.035853,0.248804,0.511691,0.067103,0.469810,0.000737,1.564527,3.304542,3.263950,1.560661,1.021356,2.845134,1.204991,1.432761
43.731437,-3.910581,-2.054095,0.080959,2.093700,3.258207,2.661159,3.901941,3.274317,2.438252,3.185878,2.373484,0.708256,2.044056,2.875518,2.682200,3.016232,2.653926,0.294552,1.304540,0.036175,0.245261,0.508147,0.068714,0.502348,0.000093,1.631859,3.316463,3.274903,1.599643,1.050996,2.834181,1.306795,1.468522
43.119402,-2.959364,-2.072506,0.128302,2.136440,3.258536,2.734146,3.907530,3.286153,2.473431,3.197385,2.384991,0.800641,2.022028,2.882751,2.682529,3.017547,2.642419,0.304539,1.314205,0.039397,0.267812,0.507503,0.071614,0.549707,0.000093,1.619939,3.303254,3.298743,1.720133,1.137980,2.820650,1.165686,1.597066
41.132460,-2.299339,-2.084671,0.192084,2.001973,3.234207,2.702584,3.897995,3.267413,2.441211,3.194097,2.375457,0.753298,1.998356,2.860723,2.661817,3.010314,2.648995,0.302606,1.321614,0.037142,0.267490,0.501704,0.063237,0.541008,-0.000229,1.589978,3.315818,3.312919,1.710468,1.122838,2.784567,1.176318,1.543586
38.808589,-1.111201,-2.064287,0.080959,1.935561,3.205933,2.689762,3.892077,3.270043,2.460609,3.192453,2.274853,0.801299,1.987507,2.855134,2.675296,3.013273,2.689762,0.298418,1.326769,0.022644,0.277477,0.489462,0.060016,0.531343,0.000093,1.572581,3.297777,3.319362,1.696937,1.097709,2.764915,1.138947,1.525867
37.292413,-0.314326,-2.037656,0.189454,1.991123,3.206590,2.703571,3.892406,3.264454,2.472116,3.188179,2.300497,1.221469,2.008548,2.865326,2.681543,3.013602,2.669050,0.299384,1.330313,0.011047,0.286498,0.472387,0.049706,0.521678,0.000415,1.473998,3.302932,3.320651,1.664076,1.067426,2.763949,0.946936,1.536176
36.945840,1.032912,-2.031738,0.079973,1.892163,3.153001,2.663461,3.867420,3.242097,2.451403,3.178316,2.272223,0.970288,2.008877,2.823243,2.664776,2.999465,2.672995,0.289719,1.329991,0.005892,0.283276,0.458856,0.035853,0.510080,-0.000551,1.413109,3.297455,3.335470,1.606408,1.036176,2.728833,0.721421,1.502027
35.153541,0.775467,-2.028450,0.078986,1.856327,3.148398,2.652940,3.856241,3.229604,2.468170,3.171083,2.226852,0.880862,2.001973,2.817654,2.667406,2.997163,2.691735,0.297129,1.318715,0.019745,0.286820,0.469487,0.039719,0.508469,-0.000229,1.445326,3.290689,3.325483,1.678896,1.050351,2.752028,0.715299,1.508148
33.985483,1.181637,-1.981107,0.155262,1.855998,3.152343,2.651954,3.851310,3.226974,2.467513,3.167138,2.265647,1.194839,2.022028,2.814038,2.657871,2.994533,2.682529,0.291330,1.324514,0.020067,0.330956,0.497516,0.019423,0.500415,-0.000551,1.395390,3.276192,3.313885,1.663109,0.980764,2.721745,0.531665,1.469488
32.480227,1.801127,-1.967956,0.200961,1.827724,3.144124,2.640118,3.834543,3.237495,2.468499,3.167466,2.278470,1.112646,2.042741,2.812723,2.652940,3.002423,2.705214,0.289397,1.319359,0.020067,0.308727,0.533598,0.007503,0.470132,0.000093,1.392813,3.272648,3.310019,1.686305,0.966588,2.703381,0.557116,1.432117
32.882802,1.495120,-1.992614,0.200961,1.805039,3.142809,2.659515,3.823364,3.228618,2.456664,3.160562,2.300497,1.184647,2.016768,2.799572,2.639789,2.989930,2.703571,0.281343,1.305828,0.018779,0.316137,0.540364,0.005248,0.453379,0.000093,1.381859,3.269749,3.312274,1.680184,0.952735,2.680186,0.307761,1.416975
33.216561,2.315945,-1.940010,0.210495,1.828053,3.136562,2.650310,3.815803,3.194097,2.449102,3.134589,2.315621,1.056426,2.007562,2.792668,2.630583,2.985656,2.692064,0.291652,1.317104,0.026833,0.313237,0.556472,0.005892,0.448547,0.001059,1.389269,3.296488,3.318396,1.702091,0.924707,2.669554,0.084822,1.419553
31.196973,2.890244,-1.982093,0.197345,1.810628,3.122096,2.607569,3.791802,3.190809,2.444170,3.141822,2.298853,1.084372,2.008548,2.769325,2.618090,2.985656,2.678255,0.298096,1.317748,0.039397,0.310982,0.568714,0.007181,0.451768,-0.000229,1.348354,3.266205,3.309697,1.707568,0.912142,2.659889,0.089333,1.378315
32.458588,1.932409,-2.035355,0.077343,1.718243,3.120781,2.611186,3.785227,3.076068,2.316607,3.142809,2.268278,0.768093,1.956602,2.722639,2.583569,2.954094,2.628611,0.281665,1.298096,0.044552,0.264590,0.610274,0.005248,0.442103,0.000093,1.286820,3.273937,3.291978,1.642491,0.839011,2.617041,0.080956,1.379604
28.300806,7.828488,-1.957764,0.252578,1.835615,3.107959,2.695351,3.816460,3.054040,2.351457,3.112562,2.238031,0.755271,1.906958,2.763736,2.617433,2.999465,2.699954,0.309371,1.292619,0.056794,0.369938,0.667941,0.008469,0.447580,0.033920,1.531022,3.332249,3.301965,1.771035,0.902477,2.767815,0.425351,1.468844
29.957264,3.932822,-1.965983,0.782559,2.161756,3.202974,2.780832,3.876296,3.032670,2.467184,3.232563,2.365265,1.246785,2.025316,2.842641,2.748941,3.081657,2.814695,0.283276,1.285210,0.067748,0.400866,0.841910,0.085467,0.597065,0.065170,1.566782,3.259117,3.279091,1.762659,0.953702,2.981410,0.684049,1.522645
28.902068,5.973664,-1.909434,1.160647,2.471458,3.240782,3.040890,3.953558,2.994533,2.528336,3.258865,2.399786,1.597913,2.232442,2.941930,2.850531,3.247029,2.988944,0.322258,1.348032,0.084178,0.447580,0.811949,0.085789,0.574513,0.096742,1.833535,3.329349,3.301643,1.782955,1.074191,3.103511,1.242040,1.716911
14.837313,-7.266142,-2.007409,1.545638,2.623350,3.416675,3.239796,4.048244,2.831134,2.342909,3.361441,2.481650,1.550570,2.254469,2.956067,2.942916,3.439360,3.109274,0.440170,1.457246,0.151188,0.406987,0.782632,0.134436,0.656343,0.146678,2.156989,3.424710,3.325161,1.894746,1.224320,3.259761,1.796808,2.017813
5.091386,-20.863819,-1.908448,1.417088,2.429376,3.017547,3.414045,4.050545,2.339950,1.159660,3.127028,2.289319,1.290183,1.887560,2.795955,2.894915,3.507087,3.149055,0.493972,1.338689,0.165364,0.235918,0.574835,0.084178,0.493328,0.115428,2.514915,3.514594,3.267171,1.814849,0.899578,3.095135,1.853831,1.953058
3.036597,-23.225282,-1.888064,0.780586,2.114084,2.518472,3.477169,4.146875,1.781367,0.776970,2.687461,1.835615,1.504213,1.321416,2.674968,2.791352,3.482758,3.122425,0.597709,1.001704,0.562271,0.493650,0.648289,0.186304,0.562271,0.163753,2.929864,3.753319,3.164723,1.421486,0.854475,3.287790,2.640237,2.055829
2.627759,-26.667710,-2.017601,0.723380,2.145646,2.575021,3.620184,4.249780,1.675503,0.672092,2.662474,1.934575,1.359882,1.258621,2.634529,2.790366,3.535361,3.220399,0.617683,0.856730,0.648289,0.549062,0.711433,0.197580,0.600931,0.188560,3.117686,3.879930,3.145715,1.322259,1.241395,3.370264,2.774258,2.186628
2.671584,-28.426339,-2.007080,0.699708,2.089097,2.539185,3.669171,4.292520,1.620269,0.614556,2.635515,2.066412,1.341471,1.240867,2.630583,2.788394,3.567252,3.241769,0.624127,0.832245,0.703379,0.570647,0.776189,0.250415,0.619616,0.210789,3.232055,3.944363,3.127996,1.308728,1.300029,3.423744,2.929219,2.258793
3.041640,-32.263458,-1.985052,0.685900,2.043398,2.579953,3.704021,4.301397,1.467062,0.555049,2.587186,2.164057,1.348375,1.214894,2.586199,2.786092,3.584348,3.254591,0.656021,0.804539,0.744294,0.592877,0.822903,0.279732,0.627026,0.218199,3.384439,3.972714,3.087081,1.273612,1.325480,3.467880,3.014593,2.346744
3.204769,-35.720185,-2.016943,0.777956,2.017754,2.644392,3.777336,4.339863,1.581474,0.453458,2.606254,2.221921,1.400321,1.188921,2.592446,2.808449,3.626431,3.297331,0.702735,0.790364,0.805184,0.630570,0.863495,0.298418,0.627348,0.231407,3.546811,4.036503,2.999452,1.120261,1.346743,3.526837,3.013627,2.460147
3.917615,-41.027066,-2.045547,0.690503,2.003946,2.662803,3.802323,4.362877,1.597913,0.338388,2.599350,2.363621,1.434513,1.174126,2.588829,2.815682,3.636623,3.336455,0.758147,0.784565,0.883470,0.635725,0.903444,0.339333,0.641846,0.264913,3.684376,4.088694,3.003962,0.955957,1.283921,3.522004,3.036501,2.514270
3.664667,-46.911410,-2.034368,0.658941,2.002302,2.663789,3.812844,4.368795,1.443390,0.068795,2.550692,2.398142,1.493035,1.159660,2.591788,2.853819,3.646814,3.341058,0.853186,0.764591,0.940171,0.637658,0.907632,0.358663,0.656021,0.263302,3.826451,4.132508,3.003962,0.833212,1.231408,3.544878,3.033923,2.514593
3.082093,-50.317849,-2.021217,0.674393,2.142358,2.678584,3.838817,4.402658,1.562077,0.068466,2.521103,2.444499,1.489747,1.157359,2.634529,2.894587,3.683637,3.406483,0.947903,0.757825,1.018135,0.667941,0.921807,0.397322,0.676962,0.268779,3.958539,4.170202,3.011050,0.457567,1.279411,3.610922,3.048421,2.547453
1.808608,-53.067913,-2.029108,0.639543,2.179838,2.695351,3.904242,4.427645,1.561090,0.068795,2.530966,2.417211,1.470349,1.151770,2.613487,2.900504,3.694486,3.445607,0.969166,0.722709,1.030377,0.666008,0.956601,0.455634,0.681150,0.285531,4.001065,4.182122,3.013305,0.338688,1.366717,3.630574,3.086114,2.527157
4.428723,-55.415823,-2.087630,0.638228,2.221592,2.765051,3.947311,4.446056,1.597584,0.070767,2.604282,2.486910,1.451938,1.182017,2.636501,2.902806,3.714212,3.514977,0.983341,0.738173,1.053251,0.676962,1.009114,0.535531,0.714655,0.267812,4.011052,4.183088,3.004606,0.442426,1.435661,3.650548,3.141849,2.549064
4.449839,-54.841196,-2.007738,0.646119,2.206797,2.766695,3.916078,4.435207,1.584762,0.071753,2.564829,2.404718,1.436815,1.174784,2.661159,2.942258,3.691198,3.453168,0.970776,0.733985,1.038753,0.671163,1.005892,0.512658,0.702413,0.248160,3.979157,4.162470,2.993975,0.911820,1.464978,3.650870,3.137338,2.512337
-0.523427,-48.742307,-2.005436,0.708256,2.257428,2.761434,3.908187,4.433892,1.553529,0.069781,2.573377,2.353758,1.408869,1.150783,2.663789,2.952450,3.706322,3.452511,0.953702,0.759758,1.049063,0.659243,1.009114,0.507825,0.702413,0.233663,3.955639,4.142173,2.981732,0.964011,1.483019,3.647649,3.130573,2.465301
-1.873468,-44.684308,-2.093548,0.649735,2.208441,2.705214,3.889118,4.429618,1.232319,0.069781,2.599679,2.402087,1.501254,1.203387,2.595405,2.906751,3.702048,3.481771,0.924062,0.797774,1.042941,0.639591,1.012658,0.464655,0.664075,0.230119,3.896683,4.118011,2.968202,1.225287,1.606731,3.617365,3.106733,2.437273
-6.450831,-28.130555,-1.927846,0.953849,2.180167,2.662803,3.972955,4.453618,1.412157,0.071753,2.616446,2.554309,1.715613,1.298731,2.657214,2.919573,3.743144,3.618869,0.917619,0.736240,1.043264,0.712722,1.070970,0.610596,0.645067,0.225608,3.791013,4.099325,2.951127,1.394746,1.807117,3.573873,3.164723,2.534567
-7.979532,-16.060180,-1.843679,1.446678,2.338963,2.846915,3.992681,4.453947,1.843834,0.775984,2.848887,2.542473,1.765258,1.440102,2.752557,2.917929,3.752679,3.677061,0.865428,0.804217,0.952735,0.628315,0.954990,0.596098,0.693714,0.311627,3.566463,4.054866,2.935663,1.396357,1.716589,3.308408,3.006539,2.421165
-13.909628,-7.715896,-1.932448,1.218839,2.344224,2.740722,3.947640,4.441782,1.650845,0.621461,2.769982,2.342251,1.410513,1.297087,2.693379,2.888011,3.704678,3.583033,0.656343,0.715944,0.683727,0.258147,0.773289,0.347065,0.585467,0.318392,3.429865,3.991722,2.932119,0.469487,1.062593,3.162790,2.881861,2.194038
-21.104833,-6.028839,-1.576386,0.766778,1.845807,2.212387,3.872022,4.431261,1.573584,0.290387,2.165372,2.291292,1.615995,1.164592,2.480664,2.675625,3.695472,3.584677,0.539397,0.269423,0.518779,0.158276,0.637980,0.229152,0.422129,0.175995,3.382829,3.866399,2.781668,0.010724,0.217232,2.967879,2.617685,2.329670
-22.520906,-6.252460,-1.033581,0.719106,1.603173,1.982904,3.910489,4.444741,1.215880,0.061233,1.510788,2.288990,1.434185,0.717133,2.273538,2.606912,3.703034,3.625444,0.522000,0.000415,0.519745,0.222065,0.624449,0.212078,0.533276,0.248160,3.481411,3.838371,2.771358,0.009758,-0.000551,3.003640,2.772003,2.472067
-25.203222,-3.615814,-1.039499,0.794395,1.706079,2.003288,3.956188,4.466440,1.139934,0.060904,1.568652,2.287018,1.467391,0.695106,2.273209,2.593432,3.711911,3.683966,0.582567,0.000415,0.554539,0.371227,0.631214,0.215299,0.577091,0.231085,3.540368,3.853191,2.769425,0.009758,-0.000229,3.311630,2.980122,2.565495
-27.438089,-0.627502,-0.986566,0.984425,1.792874,2.023672,3.983476,4.477618,1.258292,0.063534,1.623557,2.289319,1.469692,0.796696,2.336991,2.625652,3.737226,3.725062,0.566459,0.033598,0.536820,0.358985,0.624449,0.215944,0.529410,0.210789,3.518783,3.834505,2.752028,0.010080,-0.001196,3.377030,3.019748,2.596423
-31.559313,1.176968,-1.087171,1.105084,1.864875,2.110139,4.025558,4.502933,1.444705,0.212468,1.772162,2.295237,1.497638,0.798340,2.305758,2.665762,3.771090,3.785227,0.548740,0.025222,0.525866,0.317103,0.608341,0.204023,0.444359,0.215299,3.512339,3.817752,2.742363,0.010724,-0.001196,3.358666,3.046810,2.576448
-33.314150,1.828990,-1.267996,1.338512,2.099618,2.248223,4.071257,4.522989,1.554844,0.457732,2.052932,2.447129,1.577200,0.983767,2.301484,2.673652,3.821063,3.832241,0.462722,0.038431,0.430828,0.173096,0.502348,0.091588,0.442103,0.139268,3.441785,3.747520,2.735276,0.009758,-0.000874,3.225934,2.825804,2.351899
-34.090019,1.497808,-1.446192,1.415445,2.174249,2.385978,4.084408,4.539098,1.632763,0.606337,2.323182,2.544774,1.628160,1.057412,2.287675,2.657871,3.838488,3.899639,0.454024,0.026510,0.418908,0.144423,0.448869,0.082245,0.429861,0.185982,3.457249,3.760407,2.739142,0.009436,-0.000551,3.236243,2.797454,2.339657
-34.358848,2.302073,-1.522138,1.499610,2.285374,2.555624,4.106436,4.552578,2.179838,0.698722,2.461266,2.576665,1.745860,1.128756,2.360991,2.677926,3.849666,3.979202,0.455957,0.023611,0.437593,0.154088,0.460467,0.087722,0.438882,0.226253,3.476257,3.773616,2.741397,0.009758,-0.000874,3.230766,2.801320,2.346422
-32.803110,0.914999,-1.592825,1.581145,2.316278,2.656228,4.119258,4.557509,2.244606,0.743435,2.584884,2.589158,1.770518,1.182674,2.381704,2.674968,3.843748,3.998599,0.463366,0.019423,0.464655,0.181150,0.489140,0.106085,0.491717,0.230763,3.513950,3.792946,2.751384,0.008469,-0.000874,3.218524,2.852866,2.311950
-32.530415,-1.799836,-1.514905,1.594954,2.226195,2.556939,4.089997,4.555537,2.207455,0.725353,2.500390,2.576007,1.757367,1.173140,2.366251,2.649323,3.836515,3.998270,0.488817,0.015879,0.487851,0.241072,0.529410,0.193392,0.498160,0.240750,3.544878,3.834183,2.767815,0.010080,0.000093,3.259761,2.989787,2.415688
-32.519980,-3.652067,-1.771349,1.628160,2.348827,2.787407,4.107094,4.564085,2.306086,0.775655,2.784777,2.600665,1.963178,1.236593,2.392224,2.645049,3.837830,4.017010,0.563882,0.011369,0.531987,0.246871,0.576768,0.206279,0.474964,0.264268,3.564530,3.865755,2.771358,0.010724,-0.000229,3.269426,3.054864,2.476255
-30.827439,1.491752,-1.752609,1.583118,2.333374,2.787407,4.080792,4.561455,2.309374,0.779600,2.755188,2.594090,1.953972,1.279662,2.402416,2.703571,3.820405,4.006161,0.627026,0.012335,0.598354,0.269745,0.596743,0.235596,0.463366,0.265557,3.630252,3.893139,2.775547,0.009436,-0.000551,3.277480,3.069039,2.598678
-30.724900,3.471539,-1.098021,1.222784,1.825094,2.073974,4.076847,4.495701,1.399992,0.293346,1.901698,2.279785,1.509802,0.768422,2.316936,2.856778,3.803967,3.785227,0.685660,0.001059,0.658598,0.279732,0.651511,0.259436,0.447902,0.235918,3.717881,3.886696,2.899258,0.011047,-0.001196,3.243653,3.104155,2.648936
-30.840646,3.373789,-0.943168,1.022891,1.690955,1.962849,4.047257,4.468084,1.301032,0.063534,1.590680,2.215345,1.356923,0.745408,2.208441,2.881765,3.805282,3.709610,0.675029,0.020712,0.675995,0.289075,0.695970,0.287464,0.462078,0.224320,3.716270,3.883796,2.893781,0.010080,-0.000551,3.240754,3.067429,2.628639
-29.542158,1.852445,-0.872811,1.074837,1.685695,1.938849,4.027531,4.450330,1.258292,0.063863,1.543666,2.189701,1.291826,0.676694,2.287675,3.007026,3.810871,3.676733,0.648289,0.045840,0.690815,0.298418,0.722065,0.294552,0.488173,0.221098,3.699195,3.906670,2.891204,0.011047,-0.000229,3.315174,3.070650,2.603510
-28.493755,0.384423,-0.822180,1.058399,1.670900,1.917479,4.006818,4.440138,1.218839,0.061562,1.494350,2.168660,1.231332,0.542555,2.278141,3.069493,3.810871,3.644513,0.666975,0.043907,0.715299,0.310982,0.738495,0.310660,0.503315,0.217554,3.710149,3.908603,2.905057,0.010724,-0.000874,3.368009,3.118975,2.658600
-27.840969,-1.480634,-0.834673,1.036371,1.685037,1.950027,4.005503,4.434878,1.211277,0.063205,1.540049,2.173920,1.268155,0.616200,2.287346,3.088561,3.815803,3.634979,0.683405,0.050673,0.734629,0.296163,0.756214,0.383147,0.528766,0.194036,3.736244,3.921490,2.921810,0.010402,0.115106,3.377674,3.137338,2.718845
-27.313344,-4.516546,-1.051663,1.121852,1.790244,2.034521,4.029175,4.457892,1.216867,0.087206,1.855670,2.163400,1.293470,0.731599,2.370197,3.105000,3.811857,3.666212,0.700802,0.048418,0.762013,0.246871,0.777477,0.427284,0.544552,0.221098,3.769427,3.919879,2.940495,0.011369,0.130570,3.369620,3.153447,2.751706
-26.690895,3.485854,-1.315997,1.424979,2.152879,2.435293,4.091641,4.480577,1.587721,0.739819,2.343895,2.287675,1.395390,1.104755,2.522418,3.162864,3.827967,3.735254,0.712078,0.053572,0.809694,0.264913,0.854797,0.509758,0.585145,0.241072,3.834827,3.952095,2.944361,0.011047,0.497516,3.336115,3.203060,2.852544
-19.384155,3.127892,-1.739787,1.482514,2.299182,2.720667,4.075532,4.471700,1.579502,0.753298,2.781161,2.386306,1.400979,1.198455,2.634200,3.178973,3.825666,3.710596,0.714977,0.061304,0.796807,0.210467,0.864140,0.527799,0.569036,0.216266,3.795523,3.944363,2.941784,0.010724,0.592232,3.211437,3.182442,2.923421
-15.403215,5.568906,-1.774966,1.371718,2.314963,2.736776,4.009449,4.436851,1.363170,0.735545,2.788065,2.152879,1.275388,1.095550,2.684173,3.181932,3.815474,3.601773,0.686949,0.034242,0.775544,0.122516,0.861240,0.515235,0.534565,0.257825,3.781348,3.941142,2.963047,0.011047,0.601253,3.080315,3.127996,2.972390
-9.416564,11.584546,-1.669758,1.417417,2.291292,2.794969,3.932516,4.372083,1.813916,0.930178,2.839353,2.105536,1.256319,1.225086,2.664118,3.128014,3.791802,3.460073,0.570325,0.030699,0.652155,0.160209,0.770068,0.367683,0.605441,0.261369,3.583860,3.876386,3.018459,0.224964,0.640557,3.051320,2.995263,2.776513
1.612870,28.046701,-1.469535,1.519008,2.238688,2.779517,3.598156,4.221177,1.965808,1.060042,2.658200,1.791888,1.342129,1.686681,2.844285,3.060287,3.641883,3.026095,0.323225,0.041974,0.268779,0.169552,0.532954,0.167297,0.421485,-0.000551,2.935341,3.573229,2.981088,0.230441,0.517490,2.890882,2.104798,2.162466
1.804881,35.953638,-1.788445,1.261579,1.791888,2.577323,2.953765,3.853940,1.844491,0.933465,2.660173,1.250730,0.991658,1.578515,2.816339,3.040232,3.363085,2.264661,0.025222,0.110596,0.000415,-0.000229,0.137013,-0.000551,0.178250,-0.000229,2.225610,3.110599,2.766204,0.009114,-0.000874,2.704026,0.011369,0.485274
2.122528,48.012172,-1.798637,1.057412,1.608105,2.596062,2.844613,3.761227,1.828382,0.965027,2.599679,1.360211,0.855875,1.417417,2.745982,2.971190,3.288125,2.210085,0.007181,0.090621,0.000093,-0.000229,0.096098,0.000415,0.151833,-0.000229,1.764269,3.070006,2.731732,0.010724,0.000093,2.641204,0.011047,0.102864
1.779198,56.619143,-2.037985,1.144208,1.951342,2.965272,2.983026,3.854598,2.168331,1.210291,2.938313,1.382239,0.541240,1.642626,2.820284,3.040232,3.367030,2.399786,0.008469,0.083212,0.000093,-0.000551,0.072580,-0.000229,0.172451,-0.000551,1.610597,3.010405,2.722389,0.010080,-0.000551,2.535533,0.010724,0.073869
0.937095,61.041692,-2.030423,1.270456,2.101919,3.160891,3.031684,3.906215,2.285702,1.303005,3.008999,1.182017,0.005341,1.673202,2.884395,3.057657,3.378537,2.492500,0.008147,0.088366,0.000093,-0.000229,0.041974,0.000415,0.180183,0.000415,1.523934,2.988498,2.712724,0.011047,-0.000551,2.504283,0.010724,-0.000229
0.103185,67.505131,-2.078095,1.171167,2.018083,3.165823,2.951135,3.881557,2.334361,1.291826,3.000451,1.461144,0.006985,1.600214,2.867627,3.053712,3.298646,2.516500,0.008791,0.127026,0.000093,-0.000229,0.019745,0.000093,0.193392,0.000093,1.174707,2.808730,2.690173,0.011047,-0.000551,2.393780,0.009436,0.000093
-0.008695,69.329566,-1.979134,1.149468,2.074631,3.198371,3.001437,3.886488,2.506965,1.357581,3.017218,1.617639,0.010931,1.687667,2.879792,3.040890,3.266755,2.621378,0.047129,0.210789,-0.000551,0.000093,0.033598,-0.000551,0.236240,-0.000229,0.519423,2.858987,2.668265,0.010080,0.091588,2.483665,0.010402,0.000093
-0.884768,71.351606,-1.926202,1.226401,2.123947,3.211193,3.000780,3.904571,2.566802,1.446349,3.026095,1.641968,0.008629,1.725147,2.914970,3.050753,3.263468,2.724612,0.049384,0.243650,0.000093,0.001059,0.043585,0.000093,0.244616,0.000093,0.457890,2.837402,2.660856,0.010080,0.120261,2.495907,0.010080,-0.000551
-1.195015,76.011116,-1.892995,1.236264,2.162742,3.230262,2.982697,3.909502,2.598035,1.724490,3.028068,1.793861,0.388361,1.739613,2.938642,3.046150,3.260837,2.782476,0.055828,0.307116,0.000093,0.000093,0.049706,-0.000551,0.248160,-0.000229,0.209178,2.772647,2.642814,0.009758,0.241395,2.500739,0.009758,0.000093
-1.503592,79.027110,-1.874913,1.241853,2.232113,3.252618,2.968560,3.914434,2.622035,1.929972,3.019191,2.025316,0.482719,1.747504,2.954423,3.054369,3.264454,2.819956,0.044230,0.375737,-0.000551,0.000093,0.038753,0.000737,0.258469,0.000093,0.024577,2.731088,2.633472,0.010080,0.266523,2.513304,0.009758,-0.000551
-1.108442,77.829474,-1.848282,1.289854,2.274524,3.260837,2.975793,3.921009,2.640118,2.014137,3.015246,2.026302,0.512308,1.761641,2.974807,3.071137,3.311139,2.835737,0.038753,0.410531,0.000415,-0.000229,0.025222,-0.000229,0.276511,0.000415,0.007181,2.699838,2.623807,0.010080,0.256859,2.557763,0.010080,-0.000551
-0.961955,74.712667,-1.863077,1.276045,2.253483,3.263139,2.975135,3.911475,2.630255,1.943452,3.023465,1.939835,0.339045,1.777093,2.980396,3.081328,3.352236,2.837709,0.031665,0.387980,0.000415,-0.000551,0.016523,-0.000229,0.270067,0.000093,0.020389,2.669554,2.615752,0.009758,0.168585,2.523613,0.010080,0.000093
-0.513181,69.296803,-1.876886,1.242511,2.205482,3.248673,2.982697,3.899968,2.538528,1.683393,3.010643,1.781039,0.193399,1.780052,2.964286,3.075082,3.342701,2.806147,0.012980,0.385725,-0.000229,0.000093,0.007825,0.000093,0.237529,-0.000229,0.019101,2.612209,2.596100,0.011047,0.111240,2.469489,0.010080,-0.000229
-0.419342,63.916346,-1.887406,1.279004,2.192331,3.237823,3.044177,3.925283,2.472773,1.485144,3.004067,1.654462,0.230879,1.753422,2.946861,3.083630,3.403853,2.807791,0.002348,0.365428,-0.000874,0.000415,0.004603,0.000093,0.197258,0.000737,0.020712,2.551642,2.595134,0.009758,0.009436,2.440172,0.010080,-0.000551
-0.619886,58.370341,-1.885105,1.289854,2.223894,3.220070,3.140836,3.935804,2.319237,1.292813,2.978423,1.581803,0.010602,1.694572,2.934697,3.081000,3.424237,2.742694,0.000093,0.295518,0.000093,-0.000229,0.000415,0.000415,0.158920,0.000093,0.022322,2.512337,2.600289,0.009114,-0.000551,2.329347,0.008791,0.000415
1.471419,52.436533,-1.880831,1.338841,2.319237,3.215467,3.297331,4.026873,2.214688,1.213250,2.969546,1.756052,0.368306,1.663010,2.926149,3.085274,3.466648,2.792668,0.000415,0.254926,-0.000551,0.000093,0.000093,0.000093,0.127992,-0.000551,0.353186,2.484631,2.620263,0.009114,0.000093,2.275546,0.008791,0.000737
-1.573318,33.735251,-2.183961,1.230346,2.258743,3.160891,3.361441,4.091313,1.727778,0.870999,2.942916,1.732709,0.085562,1.560762,2.877490,3.053383,3.475196,2.782147,-0.000874,0.266846,0.000415,-0.000229,-0.000229,-0.000229,0.093521,0.000415,0.880570,2.485275,2.659245,0.010080,-0.000551,2.234953,0.009114,0.000737
6.436115,10.794351,-2.263853,0.981466,2.240003,3.058643,3.478484,4.142272,1.482514,0.644146,2.885381,1.917150,0.552090,1.405253,2.756503,3.040561,3.574485,2.906422,0.028121,0.401511,-0.000229,0.001704,0.063237,0.000093,0.080956,-0.000874,1.249449,2.971423,2.834825,0.011047,-0.000229,1.999772,0.008147,0.347709
25.232823,0.655370,-1.980121,1.250401,2.512555,3.086918,3.499525,4.123532,1.744874,0.942013,2.898861,1.745531,0.825299,1.603173,2.853819,3.057986,3.574156,2.862038,0.226897,0.519101,0.000415,0.083856,0.271034,0.000093,0.229152,0.000093,2.171164,3.384117,3.090624,0.427606,0.471098,2.228187,0.011047,1.408599
38.859558,-3.057584,-2.061328,0.812477,2.396170,3.170425,3.142151,3.950927,2.487239,1.382896,3.068506,1.526241,0.425184,1.854026,2.999793,2.958039,3.260180,2.681214,0.251704,0.624127,0.000093,0.097709,0.387658,0.000415,0.385402,0.000093,2.168265,3.387339,3.017171,1.070003,0.650866,2.582247,0.595454,1.461756
46.310839,-3.828360,-2.048834,0.203920,2.416882,3.322646,2.858422,3.906872,3.275632,2.367895,3.250317,2.252497,0.392635,2.020055,3.002095,2.878148,3.125713,2.654255,0.235596,0.939526,0.000093,0.162786,0.390557,0.000093,0.422451,0.000093,1.478187,3.297133,3.132828,1.339656,0.764913,2.729155,0.560338,1.486885
49.595213,-4.372355,-2.116233,0.219701,2.434965,3.370318,2.889984,3.918379,3.292728,2.396827,3.321660,2.501048,0.325566,2.038467,3.014917,2.893600,3.127028,2.663789,0.242683,1.079668,0.000093,0.162786,0.387013,0.000415,0.429217,-0.000229,1.384759,3.278769,3.243975,1.373161,0.802284,2.837080,0.657310,1.497839
49.003563,-3.105188,-2.136288,0.208852,2.418197,3.390702,2.892614,3.916406,3.276618,2.370197,3.320674,2.464883,0.149673,2.013480,3.010314,2.883080,3.120781,2.639789,0.248482,1.066137,-0.000229,0.142168,0.397645,0.000415,0.471098,0.000415,1.483019,3.306798,3.287790,1.475287,0.844810,2.824516,0.811305,1.511692
48.460613,-1.363098,-2.160289,0.217728,2.443841,3.447908,2.874860,3.915420,3.308509,2.397813,3.338756,2.510911,0.271976,2.033535,3.012944,2.891956,3.129329,2.664447,0.246227,1.083856,-0.000551,0.154410,0.389591,0.002026,0.450480,0.000093,1.278444,3.236888,3.269426,1.525223,0.831601,2.802286,0.529088,1.449836
46.056207,-1.358847,-2.167851,0.225948,2.431677,3.459744,2.873216,3.910817,3.299632,2.370197,3.322318,2.479677,0.326552,2.037809,3.010643,2.893600,3.129658,2.652940,0.249127,1.115751,-0.000229,0.138302,0.386691,0.000415,0.440815,0.000415,1.317426,3.286823,3.283279,1.436949,0.877349,2.772325,0.516846,1.402156
44.897192,-0.848997,-2.136288,0.261784,2.406362,3.417004,2.842970,3.899310,3.274646,2.379402,3.320674,2.533596,0.394279,2.015453,3.010314,2.879463,3.121439,2.613816,0.251060,1.072903,-0.000874,0.142490,0.384758,0.000737,0.429539,-0.000229,1.285854,3.264272,3.278125,1.466266,0.866073,2.767815,0.497516,1.329991
42.417849,-3.366405,-2.088287,0.259811,2.419841,3.387414,2.818969,3.887146,3.243741,2.363621,3.278591,2.529651,0.407759,1.984877,2.993547,2.871901,3.119795,2.611515,0.250093,1.060660,0.000093,0.163108,0.380892,0.000415,0.427928,0.001704,1.295197,3.259117,3.287790,1.506537,0.878959,2.732699,0.432116,1.362851
40.750427,-0.497535,-2.069547,0.295976,2.391567,3.378209,2.802531,3.875639,3.269057,2.405704,3.274317,2.458636,0.593515,2.004603,2.989273,2.877162,3.118151,2.606254,0.251060,1.091588,0.000093,0.191137,0.382503,0.000737,0.423418,0.000093,1.253315,3.229156,3.287145,1.539398,0.781988,2.715624,0.485274,1.398612
42.036726,-5.324946,-2.079411,0.328853,2.395512,3.367359,2.829819,3.866762,3.240454,2.372169,3.265769,2.431348,0.576419,1.954301,2.966587,2.866641,3.115521,2.583569,0.254603,1.098998,0.000093,0.191137,0.377348,0.000415,0.415686,-0.000229,1.304862,3.260406,3.292944,1.448225,0.784565,2.639593,0.587078,1.400867
41.576395,-1.998820,-2.053766,0.474171,2.373156,3.362428,2.809764,3.860187,3.260837,2.407348,3.250646,2.399457,0.697407,1.994740,2.958368,2.872559,3.117493,2.625323,0.257825,1.137014,-0.000229,0.226575,0.389268,0.027799,0.424062,-0.000229,1.272001,3.234955,3.289401,1.538432,0.821936,2.763949,0.654088,1.347065
41.921892,-5.346386,-2.091575,0.469897,2.356060,3.357496,2.799243,3.848351,3.228618,2.360991,3.297331,2.459294,0.685900,1.991781,2.964615,2.868614,3.117165,2.607898,0.254603,1.144746,0.000093,0.195969,0.390235,0.032309,0.425995,0.000093,1.254282,3.225612,3.288756,1.509437,0.783598,2.811307,0.781665,1.252993
41.859334,-4.379319,-2.070862,0.421567,2.306415,3.320016,2.798914,3.843748,3.209549,2.345868,3.248673,2.442855,0.715818,1.989151,2.941601,2.858422,3.110589,2.560226,0.263624,1.154411,0.000093,0.163108,0.379281,0.032309,0.427606,0.001059,1.257503,3.268138,3.281991,1.531666,0.783276,2.807119,0.845132,1.195326
42.797219,-3.828600,-2.061985,0.470554,2.309703,3.299632,2.793654,3.827638,3.219741,2.353101,3.247029,2.430033,0.653352,1.983233,2.926806,2.847244,3.111575,2.621707,0.277155,1.180828,0.000093,0.160853,0.387335,0.055505,0.481085,0.000093,1.324836,3.275225,3.286501,1.570004,0.839011,2.794876,0.822258,1.376705
41.574198,-1.561270,-2.106370,0.390663,2.241647,3.281879,2.817983,3.845392,3.212179,2.347183,3.217440,2.435293,0.689188,1.970082,2.884066,2.850860,3.106315,2.595405,0.273933,1.175029,-0.000551,0.143456,0.376382,0.041330,0.474320,0.000737,1.315171,3.278125,3.305187,1.561950,0.756859,2.760083,0.740428,1.358985
40.572624,0.436669,-2.096507,0.394608,2.207455,3.260180,2.771955,3.830269,3.204289,2.354416,3.196398,2.407677,0.708914,1.935232,2.874860,2.843627,3.106644,2.609542,0.274900,1.190493,0.001382,0.143779,0.400222,0.037142,0.482696,0.000093,1.329346,3.299388,3.299710,1.551962,0.813882,2.771036,0.644423,1.414076
39.251483,1.127626,-2.105712,0.294332,2.169975,3.253276,2.751571,3.828296,3.188508,2.336333,3.169439,2.390581,0.692147,1.925040,2.847244,2.839024,3.106973,2.641104,0.279732,1.216588,0.000093,0.189848,0.438882,0.048740,0.521034,0.027155,1.342877,3.297455,3.319040,1.606731,0.811305,2.748162,0.606730,1.434050
38.655575,1.286684,-2.058040,0.225948,2.115728,3.244728,2.717708,3.803967,3.178973,2.327456,3.164836,2.364279,0.729955,1.955287,2.817983,2.831791,3.099082,2.635186,0.273611,1.213045,0.000415,0.230441,0.473998,0.031987,0.515879,0.008147,1.283599,3.296166,3.314530,1.609308,0.776511,2.790688,0.488495,1.384114
38.384848,3.501214,-2.029108,0.218386,2.114084,3.211522,2.768010,3.800350,3.129000,2.333374,3.145768,2.308388,0.740476,1.952657,2.810421,2.843627,3.102699,2.720667,0.275544,1.183728,-0.000229,0.228186,0.485918,0.000093,0.473998,0.000415,1.300996,3.287468,3.308408,1.563883,0.710145,2.808407,0.380248,1.315815
39.246908,4.353090,-2.115576,0.268688,2.128221,3.239796,2.721653,3.827310,2.982697,2.256442,3.197056,2.232770,0.647434,1.862245,2.783791,2.833435,3.107959,2.746311,0.256859,1.153122,0.000737,0.200157,0.485918,-0.000551,0.464977,0.000737,1.226898,3.267493,3.291334,1.524901,0.627671,2.797776,0.012657,1.125094
35.548642,5.204380,-2.050478,0.465623,2.167016,3.255577,2.801544,3.867091,2.847572,2.257099,3.199686,2.328443,0.643488,1.907287,2.778202,2.859408,3.142809,2.840011,0.260402,1.199836,0.000415,0.231085,0.483663,-0.000551,0.493328,-0.000874,1.225287,3.265560,3.301321,1.559372,0.677284,2.797454,0.011691,1.079346
30.128926,3.988757,-2.019902,1.167880,2.540829,3.362099,3.126699,3.991695,2.808449,2.222578,3.315413,2.535240,0.953520,2.067398,2.847901,2.976122,3.318701,3.110918,0.275866,1.253960,0.001059,0.235596,0.466266,0.000093,0.458212,0.000093,1.296485,3.245908,3.304220,1.683084,0.662787,2.825482,0.012013,1.203702
15.958063,-20.574621,-2.123795,1.520652,2.899518,3.490648,3.498539,4.172190,2.618090,1.312210,3.345003,2.493815,0.275921,1.898410,2.916614,3.022150,3.413716,3.241769,0.262335,1.206601,0.002348,0.190492,0.474964,0.000093,0.424062,0.000093,1.424707,3.294877,3.312274,1.596421,0.517490,2.814206,0.195325,1.342233
4.046606,-25.029996,-1.915023,1.197469,2.502034,3.110260,3.743144,4.405617,2.341594,0.941685,2.981382,2.404060,1.032097,1.664653,2.737105,2.818312,3.440018,3.434428,0.484629,1.104153,0.103830,0.139268,0.512658,0.000737,0.389913,0.033276,2.270713,3.502996,3.320651,1.604798,0.481408,2.856732,1.628960,1.715622
3.022604,-25.801220,-1.184817,0.397567,1.297416,1.949369,3.338099,4.151806,1.277032,0.054329,1.498953,2.287018,1.586077,1.015987,2.206797,2.534582,3.282208,3.002752,0.494939,0.755892,0.364139,0.191137,0.559372,0.084500,0.360596,0.092554,2.764593,3.610278,3.180831,1.185661,0.288109,2.833859,2.320005,1.625738
2.420345,-27.552600,-1.125637,0.421567,1.306950,1.927671,3.381496,4.173505,1.261579,0.054000,1.445363,2.291949,1.551556,0.969959,2.198907,2.594419,3.319030,3.012287,0.506536,0.737207,0.476253,0.188882,0.617039,0.088688,0.368005,0.081601,2.872841,3.663435,3.142493,1.026511,0.156987,2.887982,2.443394,1.519746
2.714277,-29.072113,-1.179885,0.505733,1.294457,1.961863,3.437716,4.202766,1.283936,0.053013,1.504542,2.297538,1.538076,0.960425,2.196934,2.618090,3.344674,3.052397,0.528444,0.739140,0.555506,0.221420,0.680828,0.099642,0.411498,0.088366,2.940495,3.748809,3.132506,0.978831,0.136047,2.952738,2.487853,1.571937
2.884038,-30.791284,-1.159501,0.357457,1.226401,1.900383,3.331523,4.139642,1.135002,0.052685,1.351663,2.213373,1.448979,0.789792,2.172605,2.628940,3.328893,2.920559,0.585145,0.710789,0.602864,0.232374,0.681472,0.100286,0.452735,0.090621,2.961114,3.830961,3.114465,0.931472,0.040041,2.987854,2.560340,1.519746
3.051103,-33.074303,-1.226242,0.050054,1.206675,1.851396,3.313770,4.123203,1.063330,0.051370,1.306621,2.246907,1.420376,0.723709,2.131180,2.634529,3.324290,2.884395,0.572902,0.705957,0.607052,0.239784,0.656021,0.106407,0.422129,0.096420,3.014271,3.830961,3.093524,0.923740,0.130248,2.948227,2.544232,1.492684
3.138250,-35.255192,-1.175282,0.050054,1.194839,1.840546,3.318372,4.122546,0.993302,0.049397,1.252374,2.267620,1.358567,0.718120,2.122632,2.640447,3.332509,2.879134,0.577091,0.679539,0.632825,0.317748,0.637658,0.118650,0.458212,0.116072,3.069039,3.842881,3.058408,0.913431,0.460467,3.062918,2.623162,1.572259
2.890883,-38.473164,-1.170022,0.050383,1.168537,1.823121,3.300947,4.131423,0.922945,0.049397,1.232976,2.262031,1.329306,0.724695,2.086796,2.630583,3.327907,2.876833,0.641201,0.660854,0.693070,0.359307,0.701446,0.197258,0.501060,0.136691,3.217236,3.923101,2.995586,0.817104,0.632181,3.163434,2.829993,1.636692
2.824896,-41.402336,-1.202242,0.085562,1.235935,1.865204,3.432127,4.220191,1.029138,0.052685,1.347060,2.321867,1.335553,0.727983,2.069042,2.745325,3.382811,2.986314,0.736240,0.691459,0.787464,0.454024,0.777799,0.245261,0.530377,0.164397,3.397326,4.055511,2.974645,0.680183,0.709500,3.265560,2.927287,1.856086
2.962869,-45.022318,-1.262736,0.332799,1.231661,1.890191,3.478155,4.262931,1.032426,0.054329,1.387170,2.329429,1.333580,0.734558,2.097645,2.827517,3.426538,3.068178,0.853508,0.713366,0.871550,0.507503,0.839333,0.278444,0.547774,0.168585,3.531025,4.125098,2.990753,0.485918,0.833212,3.364465,3.016849,2.022002
3.530795,-51.714485,-1.328162,0.374224,1.259607,1.898739,3.599800,4.287260,1.063988,0.054329,1.379937,2.323511,1.318786,0.735873,2.088769,2.833435,3.453497,3.088561,0.937271,0.704668,0.964977,0.568070,0.919552,0.345132,0.601253,0.178250,3.723680,4.193075,2.991397,0.369294,0.931794,3.435664,3.040044,2.210146
3.635006,-54.719864,-1.316984,0.427156,1.287552,1.960876,3.702377,4.326055,0.939712,0.056301,1.370074,2.312662,1.296429,0.695106,2.068713,2.821599,3.474867,3.179302,0.997516,0.687271,1.024900,0.646034,0.986563,0.450480,0.682116,0.211755,3.928577,4.242689,2.992364,0.283598,1.077413,3.607378,3.156024,2.338368
3.194459,-54.838146,-1.564221,0.554720,1.509802,2.065097,3.829940,4.380302,1.112646,0.058274,1.661695,2.350799,1.422349,0.736860,2.091727,2.849874,3.546539,3.308180,1.031021,0.684372,1.046485,0.657310,1.020068,0.490750,0.749449,0.224320,3.981413,4.252354,2.988498,0.320003,1.031988,3.677932,3.188241,2.431474
2.788840,-54.788612,-1.798309,0.609296,1.681092,2.223236,3.876954,4.403316,1.144208,0.062548,2.116385,2.470801,1.547282,0.946616,2.293922,2.875518,3.597170,3.405825,1.032954,0.744616,1.066782,0.639268,1.037465,0.487851,0.757825,0.228830,3.996876,4.253320,2.985276,0.339333,1.252027,3.695007,3.178253,2.486564
3.234820,-54.025964,-1.813103,0.643160,1.777422,2.345539,3.895694,4.406932,1.187935,0.064192,2.258743,2.508938,1.523939,1.045248,2.399457,2.875189,3.627088,3.415688,1.022001,0.759758,1.071614,0.638624,1.062916,0.470776,0.740106,0.204346,3.991722,4.252032,2.981410,0.795519,1.326125,3.751064,3.170199,2.438884
-0.997117,-46.436548,-1.792719,0.664859,1.876711,2.397813,3.887146,4.406275,1.162619,0.064849,2.353758,2.444828,1.485144,1.032097,2.422143,2.892285,3.643855,3.412072,1.045841,0.837400,1.127671,0.687271,1.169230,0.598676,0.798418,0.277799,4.003642,4.253643,2.980122,0.962400,1.655378,3.891206,3.284246,2.564206
-1.181995,-38.757725,-1.766746,0.831217,1.945753,2.416225,3.917722,4.425672,1.223113,0.067808,2.424115,2.523733,1.588707,1.286237,2.570747,2.950478,3.700733,3.543252,1.110918,0.847387,1.161498,0.755892,1.307439,0.909565,0.826769,0.348998,3.978191,4.257831,2.971423,1.464656,2.147968,3.901193,3.323550,2.887016
-6.147506,-18.108413,-1.718088,1.346074,2.231126,2.638145,3.981832,4.457234,1.589694,0.700695,2.614474,2.470143,1.540707,1.359882,2.635515,3.041876,3.722432,3.607691,1.111240,0.803251,1.176640,0.950480,1.330635,0.966266,0.828379,0.398289,3.983346,4.256542,2.955959,1.529089,2.364463,3.882830,3.393782,2.956281
-15.548695,-10.341429,-1.699348,1.016645,2.045699,2.487897,3.792131,4.371754,1.582132,0.573460,2.471458,2.282086,1.548597,1.310566,2.562857,2.937984,3.585663,3.426209,0.983985,0.772323,0.966266,0.657632,0.978508,0.724964,0.753637,0.322580,3.810020,4.161503,2.911178,1.172774,2.181796,3.583538,3.198550,2.830637
-30.729874,-4.182515,-1.144049,0.573789,1.355279,1.987836,3.825008,4.387535,1.134674,0.058274,1.664653,2.134797,1.352649,0.676694,2.151235,2.889655,3.641554,3.443634,0.755570,0.347709,0.651833,0.102219,0.704990,0.287464,0.465621,0.184371,3.512984,4.037792,2.750418,0.012657,0.614784,3.060341,2.915689,2.621229
-34.597962,-1.350175,-0.789302,0.853902,1.636708,1.988822,4.002544,4.441125,1.072865,0.061233,1.415116,2.259072,1.288868,0.570501,2.128550,2.956396,3.744459,3.605389,0.691137,0.070325,0.526189,0.112851,0.555183,0.106407,0.336755,0.003315,3.414723,3.953062,2.724322,0.009436,-0.000551,3.012983,2.577737,2.441139
-35.925512,0.531794,-0.867222,0.913739,1.709038,2.028603,4.019312,4.457234,1.119221,0.062548,1.522624,2.274196,1.299388,0.632310,2.135454,2.957053,3.759254,3.656020,0.690171,0.069036,0.537786,0.105441,0.543908,0.094165,0.337078,0.000093,3.472391,3.965626,2.728510,0.010080,-0.001518,3.108021,2.816784,2.445971
-36.398624,2.134353,-0.843550,0.916698,1.697859,2.003946,4.011421,4.450988,1.132372,0.062219,1.489418,2.269921,1.296101,0.604036,2.135454,2.953437,3.760240,3.647801,0.686627,0.068070,0.534565,0.091266,0.536820,0.092232,0.333856,0.000415,3.484633,3.962727,2.730121,0.009436,0.000093,3.139271,2.810018,2.434373
-36.836789,3.105685,-0.839276,0.971274,1.723504,2.005918,4.010764,4.454604,1.138290,0.063534,1.492706,2.274524,1.287552,0.597460,2.136112,2.955080,3.769775,3.656678,0.681472,0.062271,0.519423,0.086755,0.523289,0.084822,0.321614,0.000093,3.456605,3.959183,2.730443,0.010080,-0.001518,3.132506,2.812596,2.397002
-37.321844,2.286979,-0.817577,1.023549,1.735011,2.013809,4.011092,4.455262,1.142235,0.062877,1.501254,2.270579,1.284922,0.604365,2.157482,2.962971,3.769117,3.663582,0.676962,0.075802,0.521356,0.087400,0.517812,0.082567,0.317748,0.001059,3.451128,3.958539,2.731088,0.009758,0.000093,3.140238,2.842557,2.381860
-38.547879,2.426387,-0.809358,1.003494,1.730408,2.006904,4.011750,4.458878,1.106070,0.061890,1.452267,2.256771,1.268812,0.478445,2.146961,2.955738,3.768131,3.664897,0.685016,0.051639,0.541330,0.078379,0.512980,0.077735,0.309371,0.009436,3.482378,3.960472,2.732054,0.009436,-0.000874,3.137016,2.843846,2.361564
-38.497692,2.859334,-0.933634,1.055111,1.774134,2.033206,4.022599,4.464796,1.105413,0.063205,1.589036,2.266634,1.272100,0.592529,2.150249,2.949163,3.776350,3.682650,0.702091,0.060982,0.559049,0.075480,0.531665,0.083212,0.316137,0.039719,3.505574,3.963049,2.733343,0.009758,0.000737,3.141204,2.856732,2.389592
-37.889952,4.159432,-0.895825,0.997905,1.698188,1.981260,4.014380,4.461508,1.062344,0.061890,1.543008,2.241976,1.260264,0.559652,2.121646,2.945875,3.774706,3.672459,0.701124,0.046807,0.557761,0.073224,0.525222,0.079990,0.317103,0.041008,3.484955,3.970459,2.732376,0.009758,0.000415,3.112532,2.829670,2.367041
-36.739300,3.801088,-0.846838,0.909136,1.642955,1.938849,4.002544,4.451974,1.048535,0.061562,1.452596,2.236058,1.248429,0.446883,2.077590,2.944231,3.775035,3.655034,0.687915,0.042297,0.549707,0.044552,0.519745,0.077735,0.311627,0.044230,3.453383,3.970137,2.728510,0.010402,-0.000229,3.077093,2.788111,2.382505
-35.596405,2.421078,-0.866235,0.826943,1.543008,1.903999,3.976572,4.440796,0.968315,0.059260,1.393417,2.216661,1.220812,0.297291,2.081536,2.924176,3.769775,3.634650,0.676962,0.030376,0.545196,0.045518,0.503959,0.074835,0.300673,0.030054,3.427610,3.957894,2.730766,0.009758,-0.000551,3.029413,2.771358,2.381538
-35.836550,6.352540,-0.825139,0.870999,1.616982,1.919451,3.986763,4.448686,1.081084,0.059918,1.420376,2.205482,1.213579,0.318662,2.076933,2.940286,3.770432,3.647472,0.673740,0.036820,0.542297,0.043907,0.508792,0.081279,0.307761,0.045196,3.397970,3.956928,2.732376,0.009758,-0.000229,3.018459,2.767170,2.406023
-34.787701,3.969957,-0.903058,0.780586,1.454568,1.868163,3.963092,4.432577,0.991000,0.060904,1.362184,2.187400,1.202401,0.225948,2.062467,2.903792,3.776350,3.625444,0.651511,0.023289,0.519745,0.037464,0.496871,0.078701,0.298740,0.051962,3.362532,3.946619,2.732054,0.010402,-0.000229,2.983665,2.710147,2.388626
-34.296319,6.382539,-0.831714,0.761518,1.399006,1.843505,3.948955,4.429946,1.058070,0.057616,1.295772,2.084823,1.126126,0.031643,2.036494,2.936012,3.777336,3.609663,0.653766,0.016523,0.543908,0.019101,0.502993,0.085145,0.318714,0.070647,3.404092,3.954351,2.743330,0.009436,-0.000551,2.975611,2.699838,2.381538
-31.845299,4.758701,-0.985580,0.696092,1.343115,1.828053,3.919037,4.413837,1.058070,0.056959,1.283607,2.082522,1.127112,0.090822,2.067398,2.916614,3.766158,3.568567,0.627993,0.010080,0.538109,0.029088,0.509758,0.093843,0.312271,0.069358,3.375741,3.940175,2.741719,0.010402,0.000093,2.967879,2.667621,2.329025
-30.378901,1.704869,-1.095390,0.660913,1.311224,1.788929,3.887146,4.411864,1.005466,0.055644,1.243826,2.056878,1.115934,0.044137,2.062467,2.896230,3.759912,3.536347,0.621872,0.009114,0.540686,0.040041,0.527477,0.106085,0.328057,0.076768,3.385406,3.940820,2.739142,0.010080,-0.001840,2.962403,2.636049,2.340945
-30.997676,-0.278042,-0.928373,0.703325,1.334238,1.777093,3.891091,4.421727,1.038343,0.056959,1.280977,2.068056,1.115605,0.086548,2.114413,2.930751,3.769446,3.557060,0.677928,0.001382,0.587400,0.061949,0.546485,0.133469,0.410853,0.119616,3.443074,3.971748,2.743330,0.009436,0.000093,3.018459,2.773291,2.375417
-31.883083,-6.952461,-0.913250,0.870341,1.546296,1.905643,3.944023,4.451316,1.082728,0.059918,1.469363,2.223894,1.236264,0.565241,2.191674,2.944231,3.775693,3.640897,0.761369,0.000093,0.676962,0.184049,0.627671,0.223353,0.476575,0.133791,3.688242,4.039080,2.745263,0.010402,0.000737,3.217880,3.010727,2.567105
-31.582154,-5.813858,-1.239393,1.008096,1.700490,1.998356,3.990051,4.461508,1.126454,0.063863,1.824765,2.252825,1.327991,0.706613,2.218633,2.932724,3.785227,3.688240,0.900867,0.032954,0.774256,0.193070,0.755892,0.305505,0.666330,0.204023,3.894750,4.112856,2.806797,0.010080,0.146678,3.391527,3.170844,2.842557
-28.814268,-2.724938,-1.465918,0.845354,1.582461,1.986849,3.942708,4.452303,1.019603,0.063205,1.994082,2.272223,1.305635,0.676694,2.166030,2.941272,3.772076,3.669828,0.883470,0.024900,0.831601,0.191137,0.807439,0.330312,0.617361,0.185982,3.910214,4.101903,2.889593,0.010402,0.178572,3.351256,3.146359,2.877995
-24.115437,5.177509,-1.506686,1.066289,1.971397,2.341265,3.940736,4.461180,1.187935,0.067479,2.292935,2.294908,1.222784,0.732257,2.213702,2.989273,3.777008,3.685609,0.821292,0.000093,0.807761,0.127670,0.803895,0.329668,0.579668,0.190492,3.871554,4.026838,2.926320,0.012013,0.364139,3.171166,3.089336,2.842235
-14.181067,9.830769,-1.882804,1.288868,2.305429,2.768667,3.999585,4.467426,1.687996,0.716805,2.897546,2.419184,1.463774,1.173797,2.398142,2.988615,3.779638,3.671143,0.726253,0.000415,0.733019,0.000415,0.798740,0.402155,0.548418,0.221420,3.765239,3.934054,2.947905,0.011047,0.632181,3.061307,2.985598,2.868008
-6.017304,11.695047,-1.849269,1.397033,2.230469,2.858422,3.871036,4.369124,1.814244,0.798669,2.949163,2.311675,1.268812,1.304649,2.575350,2.958039,3.728678,3.462703,0.492683,0.000415,0.631859,-0.000551,0.694037,0.332245,0.431150,0.000093,3.283924,3.686309,2.868330,0.011047,0.405699,2.898936,2.624451,2.216267
2.133253,46.451408,-1.559290,1.530843,2.345539,2.919573,3.666212,4.245506,1.847450,1.058399,2.831134,1.807998,1.359553,1.786299,2.856449,2.977766,3.632348,3.187521,0.347709,0.000093,0.459500,0.001059,0.534887,0.223675,0.398289,-0.000551,2.993653,3.623164,2.919877,0.012013,0.598998,2.802931,2.366074,1.935661
0.865318,49.667979,-1.903845,1.324704,2.307073,3.178973,3.445278,4.123532,2.131180,1.160318,3.041876,1.846464,0.657297,1.738956,2.822257,2.965930,3.481771,2.824887,0.040364,0.148289,-0.000229,0.000093,0.117039,-0.000229,0.220454,-0.000229,2.194038,3.133150,2.695650,0.009436,-0.000551,2.843523,0.012335,0.199513
-1.038783,65.428902,-2.004450,1.114947,2.123947,3.133603,3.164508,4.004188,2.127892,1.159660,3.022150,1.688983,0.585296,1.655448,2.795955,2.953108,3.362099,2.563843,0.032954,0.089333,-0.000229,0.000093,0.066781,0.000415,0.168585,0.000093,1.727865,3.054542,2.669232,0.009436,-0.000229,2.759760,0.011691,0.000737
-3.190466,66.973904,-2.082369,0.791107,1.757367,3.091520,2.982697,3.919037,2.280113,1.167880,2.997163,1.678462,0.001396,1.478240,2.737105,2.849874,3.263796,2.462910,0.060660,0.188560,-0.000551,0.000415,0.001382,-0.000229,0.213044,-0.000229,1.421486,3.067106,2.721423,0.010724,0.000415,2.617685,0.009436,0.001059
-3.182604,62.475151,-2.051793,0.834505,1.634078,2.968560,2.942587,3.877612,2.235729,1.093248,2.977108,1.908602,0.182879,1.424321,2.694694,2.814366,3.263796,2.439896,0.046485,0.205312,0.001059,0.000737,0.000093,-0.000229,0.184049,-0.000229,1.292297,3.057119,2.714335,0.010402,-0.000874,2.600611,0.010080,0.000093
-0.333748,63.719676,-2.087959,0.751983,1.604817,2.739078,2.851189,3.854598,2.002959,1.069248,2.896888,1.821806,0.460362,1.337197,2.629926,2.804832,3.243084,2.377758,0.043263,0.160209,-0.000229,0.000415,-0.000551,-0.000229,0.141523,0.000093,1.293264,3.039078,2.710469,0.009758,-0.000229,2.510727,0.009758,-0.000551
4.418530,66.980674,-2.149439,0.631324,1.662023,2.877490,2.764393,3.859858,2.199564,1.083714,2.931738,1.830683,0.156577,1.318128,2.662474,2.764722,3.215796,2.382032,0.044552,0.197258,-0.000551,0.000415,-0.000229,-0.000229,0.178572,-0.000229,1.052606,3.006217,2.693717,0.010402,-0.000874,2.531989,0.009436,-0.000229
4.783306,70.959135,-2.206646,0.576748,1.774792,3.101384,2.772284,3.884844,2.296552,1.169195,2.977766,1.655777,-0.003207,1.388814,2.717050,2.831134,3.212179,2.400444,0.058727,0.242683,-0.000229,-0.000229,0.000093,0.000093,0.205956,0.000415,0.525222,2.920521,2.651513,0.010080,-0.001196,2.507183,0.010080,-0.000551
5.164993,68.580117,-2.212235,0.585625,1.804053,3.115849,2.816997,3.887146,2.419184,1.188592,2.997821,1.734353,0.001396,1.463445,2.730201,2.893271,3.224015,2.434636,0.051317,0.392490,-0.000229,0.000415,0.000093,-0.000551,0.260402,-0.000229,-0.000551,2.790688,2.634116,0.010724,0.000415,2.438561,0.009436,-0.000551
4.725149,66.621548,-2.177057,0.649078,1.806683,3.105658,2.892285,3.895036,2.435951,1.204044,2.978423,1.757367,0.001067,1.594625,2.757489,2.913655,3.259851,2.458636,0.049384,0.415364,0.000415,0.000093,-0.000229,0.000093,0.248160,-0.000229,0.000415,2.776191,2.620585,0.010080,-0.000874,2.390237,0.010402,0.000737
3.652066,63.362208,-2.160289,0.613899,1.740600,3.060945,2.908395,3.868735,2.346525,1.146509,2.959026,1.655777,-0.000248,1.497309,2.750256,2.907080,3.256235,2.426745,0.041974,0.368972,-0.000229,-0.000229,-0.000229,-0.001196,0.217877,-0.000229,-0.000874,2.746229,2.628961,0.010080,0.000415,2.344167,0.009436,-0.001518
1.981101,56.860643,-2.139576,0.594173,1.613036,3.019848,2.838038,3.827967,2.282086,1.127769,2.935354,1.657092,0.000410,1.443390,2.736448,2.867299,3.256892,2.408005,0.024255,0.337078,-0.000229,0.000415,0.001059,0.000415,0.183083,-0.000229,-0.000229,2.674709,2.632827,0.010402,-0.000551,2.224966,0.008469,-0.000551
1.038967,53.509999,-2.140891,0.610282,1.513747,2.871901,2.768339,3.778323,2.105207,1.071221,2.910696,1.722846,0.102987,1.392431,2.725598,2.846586,3.253604,2.353758,0.014913,0.311949,-0.001196,-0.000229,0.000737,-0.000229,0.136047,0.000093,-0.000229,2.604155,2.628639,0.010080,-0.000229,2.168265,0.007503,0.000093
-0.876626,50.721175,-2.137604,0.593515,1.481199,2.767023,2.827517,3.771090,1.836930,0.895656,2.856778,1.734353,0.010273,1.309580,2.703242,2.847244,3.261495,2.332388,0.004281,0.301962,0.001704,-0.001840,0.000093,0.000415,0.119616,0.000415,0.100931,2.654412,2.643459,0.010080,-0.000551,2.135082,0.006858,0.000415
-3.012248,49.968807,-2.193166,0.600419,1.420705,2.649981,2.901820,3.793775,1.660708,0.752312,2.766366,1.743887,0.001396,1.231990,2.677598,2.819627,3.282208,2.322525,0.002992,0.288431,0.000093,0.000737,0.000093,-0.000229,0.092232,0.000415,0.439848,2.709180,2.670198,0.010080,-0.000551,2.113497,0.008791,-0.000551
-3.180751,47.099778,-2.160289,0.594173,1.389472,2.598693,2.959354,3.805282,1.415773,0.587597,2.673324,1.788272,0.110549,1.174126,2.649981,2.788065,3.296345,2.348169,0.000737,0.291330,-0.000551,-0.000229,0.000093,-0.000229,0.094487,-0.000229,0.957245,2.780701,2.708858,0.009758,-0.000229,2.146680,0.008469,0.004603
0.470270,44.747331,-2.179029,0.534007,1.356266,2.581925,2.994204,3.822707,1.360211,0.528747,2.573706,1.753751,0.295319,1.173797,2.646364,2.784120,3.299632,2.349155,0.000415,0.261691,-0.000551,-0.000229,-0.000229,-0.000229,0.071614,0.000415,0.967877,2.719168,2.716590,0.008791,-0.000229,2.134437,0.007181,0.000737
0.107243,41.936642,-2.460789,0.534994,1.445692,2.713434,3.114863,3.887146,1.417746,0.485678,2.860394,1.749805,0.000410,1.231004,2.677926,2.808449,3.321002,2.444170,0.000415,0.328057,-0.000229,0.001059,0.000093,0.000415,0.089977,-0.000229,1.101575,2.810340,2.734309,0.011369,-0.001840,2.118007,0.007825,0.000737
7.683616,26.458186,-2.463419,0.591542,1.666626,2.989930,3.217768,3.975914,1.632434,0.707928,2.960670,2.169646,0.034273,1.254675,2.680228,2.798914,3.354537,2.651625,0.043907,0.524900,-0.001196,0.000093,0.000093,0.000093,0.141846,0.000093,1.380248,3.025225,2.815817,0.011691,0.000093,2.101899,0.010402,-0.001840
21.031184,7.569063,-2.134645,1.302347,2.409320,3.238152,3.490319,4.143916,2.076275,1.029467,3.064232,2.183783,0.064192,1.634406,2.903792,2.969875,3.533717,3.018204,0.209822,0.746227,-0.000874,0.131858,0.247516,-0.000229,0.336755,-0.000229,2.146680,3.293911,2.838691,0.284565,0.566781,2.652157,0.011047,0.915042
36.694687,4.951934,-1.925873,1.311553,2.457979,3.314756,3.443305,4.162985,2.706201,1.506514,3.083630,2.412279,0.001396,1.936876,3.033328,2.943573,3.449223,3.098425,0.223675,0.938238,0.000737,0.150544,0.249449,0.001382,0.472709,0.000737,1.780378,3.240431,2.819039,0.921163,0.522000,2.746874,0.011691,1.105441
43.078755,4.986808,-2.434158,0.076028,1.926684,3.219741,2.761106,3.939420,2.945546,1.510131,3.091192,2.637488,0.001396,1.878684,2.832778,2.695351,2.970204,2.701269,0.007503,0.795196,0.000415,0.108663,0.075157,0.000415,0.417941,0.000415,0.101253,2.619618,2.660211,0.783921,0.421485,2.555830,0.010080,0.000415
46.600547,3.404005,-2.664958,0.072082,1.618954,3.213823,2.427732,3.859858,3.076397,1.307279,3.074753,2.624337,0.001067,1.852053,2.711790,2.622035,2.772284,2.485267,0.000093,0.588366,0.000093,0.051639,0.008147,0.000093,0.308083,0.000093,-0.000229,2.170520,2.489464,0.010080,0.197580,2.392814,0.009758,0.002026
55.463991,-0.021286,-2.932910,0.072740,2.069042,3.285495,2.520774,3.912132,3.028068,1.260922,3.201659,2.795298,0.001067,1.691941,2.689105,2.620720,2.730201,2.436608,0.000093,0.254926,-0.000229,-0.000551,-0.000229,-0.000229,0.125093,-0.000229,0.000093,1.623483,2.347711,0.008791,-0.001196,2.046486,0.008469,0.000737
56.210684,-1.126932,-3.146614,0.074055,2.317593,3.298646,2.578638,3.921667,3.046150,1.283278,3.222371,2.869929,0.000739,1.702791,2.685817,2.633871,2.763407,2.485595,0.000737,0.060338,0.000093,0.000415,0.088366,-0.000551,0.000737,0.000415,0.000093,0.770068,1.960790,0.008469,0.000093,1.653445,0.007503,-0.003773
59.796171,-0.962866,-3.187053,0.076028,2.475403,3.383798,2.676611,3.955201,3.105000,1.381252,3.264783,2.887682,-0.000905,1.833971,2.733489,2.642090,2.836723,2.609213,-0.000551,0.022967,0.000093,0.000093,0.405377,0.000415,0.000415,0.000737,-0.001196,0.290364,1.527156,0.006214,-0.000229,1.470777,0.006536,-0.000551
60.850460,-2.166316,-3.207438,0.078658,2.504664,3.420949,2.743023,3.955530,3.161220,1.441089,3.292071,2.884723,0.001067,1.845478,2.761434,2.668063,2.936998,2.635844,0.000737,0.000415,0.000093,-0.000551,0.503315,0.000737,-0.001196,0.000093,-0.000551,0.135724,1.336112,0.004925,0.000415,1.114462,0.004281,-0.000551
58.545032,-1.876006,-3.132805,0.077343,2.475732,3.409442,2.730530,3.957503,3.127685,1.436157,3.292399,2.821271,0.000739,1.847779,2.775243,2.650638,2.958697,2.632227,0.000093,0.000737,-0.000229,0.000415,0.511691,-0.000229,-0.000229,-0.000229,-0.000551,0.276188,1.420519,0.005248,0.000093,1.163109,0.003637,-0.000229
56.782980,-3.009806,-2.931266,0.079973,2.449102,3.425223,2.753544,3.944023,3.213166,1.567995,3.300619,2.819956,0.000739,1.861916,2.765051,2.683844,2.992560,2.654912,-0.000551,0.048418,-0.000551,0.000415,0.521356,-0.000551,0.010402,-0.000551,0.000093,0.432438,1.473032,0.004603,0.000737,1.404089,0.008147,-0.000551
55.309468,-4.290986,-2.833291,0.079644,2.420827,3.404839,2.754530,3.938105,3.226316,1.657420,3.315413,2.784120,0.000739,1.908931,2.770311,2.680228,3.002423,2.662474,0.000415,0.035531,0.000093,0.000415,0.523289,0.000415,0.011047,0.000415,0.000415,0.471420,1.443715,0.004603,0.000415,1.448547,0.004603,-0.000874
53.880069,-4.407042,-2.758988,0.077343,2.270908,3.378209,2.746640,3.921667,3.238481,1.735011,3.307852,2.816668,0.000410,1.915506,2.768996,2.669378,3.004396,2.677269,0.000093,0.029410,-0.000551,0.000093,0.571292,0.000093,0.012013,0.000093,-0.000874,0.502670,1.356086,0.005248,-0.001840,1.619617,0.006536,-0.001518
55.768877,-5.287109,-2.734330,0.077343,2.242962,3.370976,2.720667,3.905886,3.250974,1.877040,3.312454,2.757160,0.000081,1.896437,2.753873,2.659515,2.999465,2.663132,0.000415,0.054539,0.000093,0.000093,0.574191,0.000093,0.039075,0.000093,-0.000874,0.575158,1.369295,0.005570,-0.000874,1.699192,0.006858,-0.000874
52.393191,-2.103300,-2.574874,0.082274,2.144002,3.353551,2.749270,3.893393,3.301934,2.019727,3.330208,2.808777,0.001067,1.989808,2.778859,2.662145,3.016561,2.694036,-0.000874,0.084500,-0.000229,-0.000551,0.532954,-0.000229,0.094487,-0.000229,-0.000229,0.769745,1.540365,0.006214,0.000093,1.659888,0.008147,-0.000551
52.342816,-5.368316,-2.563367,0.077343,2.126248,3.332509,2.736448,3.888790,3.311797,2.050302,3.324948,2.883408,0.001067,1.996055,2.782147,2.653269,3.016889,2.676940,0.000093,0.202090,0.000093,-0.000229,0.303572,0.000093,0.106407,0.000093,-0.000874,1.046485,2.118329,0.007825,0.000093,1.485274,0.005570,0.000093
52.136602,-4.578521,-2.517667,0.080630,2.039453,3.316071,2.693707,3.877940,3.276618,2.047672,3.309824,2.839353,0.000739,1.978301,2.762421,2.636830,3.000780,2.678255,-0.000551,0.282632,0.000415,0.000737,0.098998,0.000093,0.090299,-0.000229,-0.000229,1.554862,2.332891,0.010080,-0.000229,1.423096,0.005892,-0.000551
52.416576,-4.014925,-2.500900,0.079315,1.970740,3.283851,2.674639,3.869721,3.262810,2.015124,3.300619,2.836723,0.000739,1.986192,2.755516,2.628282,2.996177,2.680885,0.000093,0.410531,0.000737,0.000415,0.000093,0.001059,0.107696,-0.000229,0.000093,1.916976,2.609631,0.010724,-0.000229,1.556473,0.007181,0.000093
49.130130,-2.464386,-2.540353,0.080630,1.927671,3.263796,2.657214,3.860515,3.272016,2.076604,3.316728,2.848559,0.000739,1.954630,2.738092,2.601652,2.990259,2.686146,0.000415,0.463366,-0.000229,0.000093,-0.000229,-0.000874,0.133147,0.000093,-0.000229,2.096100,2.762338,0.010402,0.000093,1.781988,0.008147,-0.000551
46.430304,-2.277319,-2.435473,0.081288,1.738627,3.214809,2.650967,3.852296,3.260180,2.068056,3.253604,2.846915,0.002054,1.949041,2.729215,2.600994,2.982368,2.670365,0.000093,0.490750,0.000093,-0.000551,-0.000229,0.000415,0.195647,0.000093,-0.000874,2.290688,2.829670,0.011369,-0.000551,1.957246,0.007825,-0.000551
46.706377,-2.681283,-2.300018,0.078658,1.524597,3.170754,2.617761,3.822378,3.240454,2.086467,3.224673,2.851189,0.001396,1.935232,2.730859,2.587186,2.984012,2.665104,0.000093,0.530055,0.000415,-0.000551,0.000093,-0.000551,0.199835,-0.000229,0.000415,2.447904,2.927287,0.011691,0.243328,2.156989,0.008147,-0.001196
44.908871,-1.135083,-2.204674,0.077343,1.519336,3.139192,2.503020,3.789501,3.284180,2.172276,3.229275,2.889326,0.000739,2.197263,2.773270,2.603295,3.018533,2.707845,0.000093,0.819681,0.000093,0.033598,-0.000229,-0.000229,0.313882,-0.000229,0.000093,2.561629,3.041333,0.491073,0.516201,2.742363,0.012980,-0.000551
41.409527,-2.292308,-2.152070,0.077671,1.530843,3.094808,2.567459,3.755638,3.266427,2.199236,3.190809,2.918916,-0.000905,2.141043,2.742694,2.594419,3.011300,2.702913,0.000093,0.837400,0.000415,0.068392,0.024900,0.000415,0.368650,-0.000229,0.000415,2.608665,3.075805,0.633470,0.773611,2.850289,0.012013,0.001059
31.985552,-2.227199,-2.056068,0.078986,1.504870,3.051082,2.616775,3.771747,3.242755,2.155180,3.169439,2.893600,0.001396,2.068713,2.713434,2.552665,3.008013,2.661488,0.015557,0.890879,0.000093,0.132181,0.061304,0.000737,0.433727,-0.000551,-0.000874,2.753639,3.029735,0.614140,0.922129,2.961114,0.012980,0.435338
27.688207,-7.830601,-2.012998,0.077343,1.504213,2.951464,2.476061,3.729007,3.074424,2.047015,3.128672,2.875847,0.118768,1.887232,2.611843,2.517486,2.968889,2.633214,0.000093,0.845454,-0.000229,0.227219,0.073869,-0.000229,0.297451,0.000093,-0.000874,2.583214,2.961436,0.377993,0.801962,2.979155,0.012980,0.214011
8.439493,-4.383915,-1.724663,1.024535,1.833971,2.613487,2.669378,3.742815,2.696995,1.775778,2.968231,2.652940,0.359758,1.848108,2.552993,2.569103,3.023136,2.673981,-0.000229,0.693392,-0.000229,0.218521,0.076446,0.000737,0.171163,-0.000229,0.084500,2.582247,2.765237,0.283920,0.929861,2.922776,0.012013,0.527799
-1.582364,-12.432175,-1.677648,1.136975,1.760983,2.473760,2.904450,3.930544,2.548062,1.265196,2.922532,2.470472,1.541035,1.800765,2.611843,2.659844,3.277605,3.010314,-0.000229,0.499771,-0.000229,0.080956,0.091910,0.000093,0.163753,-0.000229,0.056150,2.533278,2.574515,0.010402,0.228508,2.725611,0.010724,0.000415
-7.766436,-21.121210,-1.706252,0.836478,1.351992,1.999014,3.182919,4.031805,2.181811,0.785189,2.507623,2.191345,1.597255,1.355937,2.348827,2.455020,3.367030,3.143466,0.102864,0.231407,0.000093,0.000093,0.238173,0.000093,0.183083,-0.000551,1.791331,3.099645,2.682441,0.010080,-0.000551,2.619296,0.738173,0.213044
-8.390842,-24.807115,-2.031738,0.056959,1.264210,1.845807,3.386099,4.253068,1.871122,0.057616,2.088440,2.272223,1.679777,1.099824,2.003288,1.998685,3.382811,3.352893,0.338044,0.114139,0.297129,-0.000229,0.430505,0.000093,0.362851,0.000093,2.859954,3.627675,2.657956,0.009758,0.000093,2.714657,2.120906,1.264913
-9.764783,-27.533354,-2.012669,0.059260,1.298402,1.895122,3.450867,4.349069,1.738298,0.056630,2.070029,2.328772,1.643283,1.019275,1.927671,1.843505,3.403195,3.483744,0.564204,0.092232,0.447580,-0.000551,0.496871,0.106085,0.411820,0.059693,3.167944,3.889273,2.694683,0.009436,-0.001196,3.196939,2.689851,1.616073
-0.776732,-27.053649,-1.878858,0.055644,1.227387,1.854026,3.497881,4.360905,1.512103,0.056301,1.934246,2.320881,1.543994,0.715161,1.836930,1.745860,3.375578,3.490319,0.639268,0.059049,0.544552,0.000415,0.562271,0.136047,0.425351,0.122838,3.487210,3.947263,2.715946,0.009758,-0.001196,3.242687,2.977222,1.806795
4.443407,-34.509616,-0.943497,0.043479,0.529076,1.505857,3.121767,4.161341,0.861793,0.044137,0.989356,2.066741,1.207661,0.390991,1.717586,1.792874,3.159247,3.054369,0.500093,0.000093,0.411498,-0.000229,0.509758,0.095454,0.331923,0.093521,3.087081,3.775549,2.689528,0.011047,0.000093,3.083859,2.627673,1.499450
3.896650,-39.772225,-0.689355,0.035260,0.088192,1.294128,2.975464,4.017997,0.039863,0.037232,0.726010,1.879999,1.077796,0.161837,1.687667,1.879999,3.109274,2.814038,0.463044,0.021356,0.371871,0.000093,0.534887,0.107696,0.307761,0.087400,2.997196,3.742688,2.672131,0.009758,-0.000229,3.134761,2.573549,1.516202
5.169823,-42.576879,-0.755110,0.039205,0.531048,1.457856,3.077712,4.060408,0.041506,0.039534,0.794395,1.885259,0.994946,0.036575,1.819176,2.118358,3.125055,2.819298,0.536498,0.088366,0.487207,-0.000874,0.555183,0.145067,0.382181,0.082567,3.175676,3.873487,2.682441,0.010080,0.000093,3.261694,2.756539,1.728509
3.841773,-49.080684,-0.748206,0.043150,0.669133,1.517035,3.176672,4.089011,0.039534,0.042164,0.790778,1.886903,0.955164,0.081945,1.890191,2.333374,3.172727,2.843298,0.595132,0.119938,0.598031,0.000093,0.624127,0.213688,0.414397,0.050673,3.379929,3.954028,2.705637,0.009758,0.000415,3.365432,2.800353,1.760081
4.755720,-54.066447,-0.715328,0.040520,0.621132,1.472980,3.158261,4.069285,0.040191,0.039205,0.755271,1.840217,0.816751,0.001396,1.851067,2.493157,3.197385,2.783462,0.698869,0.131536,0.678250,-0.000229,0.647323,0.227541,0.430183,0.092876,3.548100,3.999454,2.716268,0.010402,0.101897,3.417945,2.869941,1.797775
3.936515,-59.146015,-0.702835,0.039863,0.629351,1.473637,3.211522,4.105121,0.040191,0.039534,0.742449,1.730737,0.667160,-0.000248,1.778408,2.568774,3.250646,2.805490,0.744294,0.118972,0.720454,0.062271,0.656343,0.246549,0.430828,0.169874,3.707249,4.044557,2.732699,0.010080,0.670841,3.513306,2.976900,2.033277
3.115439,-63.004890,-0.710068,0.038876,0.661571,1.480870,3.289440,4.145231,0.042164,0.042493,0.749682,1.847779,0.658612,-0.000576,1.752764,2.605268,3.286482,2.859737,0.764913,0.115750,0.741395,0.092876,0.685016,0.246871,0.422774,0.279088,3.794234,4.079995,2.743652,0.010080,0.684372,3.593525,3.079349,2.347389
3.514481,-67.801529,-0.796864,0.043808,0.832861,1.502240,3.353222,4.189944,0.043150,0.043150,0.837135,1.926684,0.671105,-0.000248,1.737641,2.672337,3.336455,2.939299,0.847387,0.127026,0.772001,0.102864,0.729475,0.264913,0.429539,0.277799,3.868332,4.115111,2.759760,0.010724,0.696936,3.643138,3.112210,2.445327
3.197218,-70.217134,-0.966182,0.044794,1.008754,1.627502,3.471908,4.215588,0.045452,0.044137,1.009740,1.974685,0.670119,0.000081,1.741915,2.821599,3.397606,3.026753,0.888946,0.146356,0.804861,0.111884,0.784565,0.292619,0.454024,0.259436,3.941142,4.135730,2.749129,0.009436,0.752993,3.716914,3.161823,2.477866
1.939839,-67.477890,-1.134514,0.046438,1.250401,1.777422,3.576786,4.254383,0.046438,0.046767,1.179058,2.004603,0.772367,0.001067,1.831998,2.928121,3.453497,3.134918,0.911176,0.165364,0.816781,0.131536,0.824836,0.312271,0.464655,0.223998,3.962727,4.147972,2.741397,0.010724,0.800995,3.771038,3.220457,2.520714
4.995299,-69.877008,-1.237092,0.048739,1.284922,1.823450,3.588951,4.264903,0.049397,0.048739,1.286237,2.003946,0.759545,0.000410,1.883944,2.936340,3.453826,3.146754,0.907310,0.197902,0.817426,0.139913,0.828057,0.317426,0.480441,0.194681,3.960150,4.148294,2.736565,0.010402,0.712078,3.781670,3.207571,2.505572
1.197599,-64.348347,-1.098349,0.040191,1.234620,1.784984,3.554759,4.256684,0.048082,0.047096,1.143879,1.929314,0.615872,-0.001234,1.833971,2.936012,3.440346,3.121110,0.885080,0.174384,0.811949,0.127992,0.847709,0.360273,0.492361,0.206601,3.955961,4.146361,2.725933,0.009758,0.810338,3.779737,3.218202,2.540366
-2.862967,-49.653543,-1.049033,0.047096,1.231990,1.738298,3.565608,4.268520,0.046438,0.045780,1.095550,1.952328,0.684914,0.001067,1.876053,2.931738,3.467963,3.137877,0.878959,0.219487,0.787787,0.158920,0.810338,0.308083,0.486562,0.163431,3.935665,4.135730,2.719490,0.009758,0.746872,3.785858,3.204349,2.455636
-14.630631,-27.891434,-0.996430,0.044794,1.118564,1.655119,3.493936,4.234985,0.045780,0.046109,1.042289,1.928986,0.724366,0.000739,1.788929,2.917601,3.440018,3.084287,0.798096,0.136691,0.721421,0.154732,0.697903,0.254603,0.446292,0.126059,3.833861,4.098681,2.713691,0.010724,0.658921,3.728512,3.157313,2.262015
-29.788193,-1.946423,-0.986566,0.045780,1.212593,1.648215,3.628732,4.307972,0.047753,0.043808,1.032754,1.935561,0.962726,-0.000576,1.964493,2.904450,3.488018,3.200344,0.711111,0.113817,0.673418,0.197258,0.610596,0.205956,0.371549,0.083856,3.726579,4.074841,2.700482,0.010724,0.557439,3.543589,3.011372,2.200803
-34.383318,0.573929,-1.069088,0.561295,1.332594,1.779723,3.805282,4.386220,0.764148,0.054000,1.305635,2.164386,1.227387,0.177618,2.060823,2.843627,3.669171,3.482758,0.716588,0.090299,0.668908,0.057438,0.600609,0.200802,0.486562,0.031665,3.730768,4.066786,2.706603,0.008791,0.093199,3.322261,2.883150,2.514270
-35.314951,1.597118,-0.946456,0.819381,1.736983,1.973041,3.969010,4.446056,0.943986,0.060904,1.490076,2.217976,1.355937,0.669133,2.145317,2.850531,3.716843,3.679363,0.823547,0.032309,0.685338,0.184049,0.603508,0.163753,0.471743,0.083212,3.756863,4.072908,2.717235,0.008791,-0.000229,3.327738,3.017171,2.615430
-36.640634,3.221788,-1.042458,0.924588,1.761312,2.032549,4.004846,4.458549,0.894341,0.060904,1.598242,2.227510,1.355608,0.678338,2.134797,2.823572,3.719802,3.706322,0.866395,0.033276,0.690815,0.199191,0.597387,0.150544,0.445325,0.096098,3.784569,4.087727,2.723034,0.009114,-0.000874,3.350290,3.067429,2.619296
-36.535240,4.266681,-1.087500,0.861464,1.709695,1.964493,3.987092,4.454604,0.777299,0.059918,1.534789,2.216661,1.323060,0.663543,2.123290,2.803846,3.716185,3.689226,0.855119,0.029732,0.670841,0.194358,0.585145,0.157309,0.439204,0.084178,3.767817,4.083217,2.724000,0.009758,-0.000229,3.281669,3.060019,2.641204
-37.042158,3.753011,-1.088815,0.806559,1.616653,1.935561,3.993010,4.457234,0.712202,0.058603,1.446678,2.205482,1.288868,0.589570,2.012822,2.748941,3.725391,3.694486,0.802284,0.016201,0.616395,0.158598,0.541975,0.105763,0.351575,0.040041,3.707894,4.050356,2.711436,0.009758,0.000737,3.174710,2.951127,2.590946
-36.719740,1.165413,-1.092431,0.805902,1.592981,1.917150,4.003531,4.458221,0.650393,0.056959,1.420047,2.201208,1.307608,0.636913,2.009206,2.748941,3.720459,3.705993,0.791653,0.009114,0.592555,0.137980,0.504926,0.088366,0.273611,-0.000874,3.689208,4.043268,2.713691,0.009436,0.000737,3.122519,2.905701,2.560662
-38.031277,5.061271,-1.046732,1.108372,1.854026,2.109810,4.050216,4.478276,1.043933,0.064849,1.665969,2.273209,1.423993,0.705955,2.131838,2.828175,3.740843,3.761884,0.872516,0.012657,0.619616,0.147000,0.518134,0.090943,0.307438,0.072258,3.723358,4.070975,2.721423,0.009114,0.000415,3.127996,2.965946,2.601255
-36.873561,4.996570,-1.348546,1.178729,2.008877,2.166359,4.051531,4.482878,1.177414,0.063205,1.993754,2.312662,1.483829,0.726339,2.124605,2.814366,3.743802,3.771747,0.852220,0.011369,0.605119,0.142490,0.505248,0.090943,0.411498,0.125415,3.689530,4.058088,2.719168,0.009114,0.000093,3.113498,2.925676,2.648936
-35.309439,4.631040,-1.307449,1.143879,1.932931,2.126577,4.039367,4.478933,1.201086,0.064520,1.948712,2.303127,1.456541,0.724366,2.122303,2.808777,3.740843,3.766487,0.843199,0.006214,0.596743,0.132181,0.491073,0.087078,0.412142,0.147967,3.671167,4.049712,2.717557,0.009758,-0.000229,3.049709,2.906024,2.637338
-33.964515,2.459632,-1.222297,1.101139,1.892163,2.086138,4.031805,4.473015,1.192537,0.065507,1.843834,2.275182,1.426294,0.728312,2.128879,2.808449,3.733939,3.756624,0.841588,0.003959,0.599320,0.137013,0.485596,0.089011,0.395067,0.132503,3.670845,4.052933,2.718845,0.009436,0.001382,3.047132,2.916655,2.622518
-33.251524,2.035953,-1.143062,1.012042,1.823121,2.050302,4.018654,4.470714,1.107386,0.063205,1.709366,2.255456,1.360540,0.710229,2.146632,2.826860,3.733939,3.739528,0.874127,0.002992,0.619939,0.143779,0.512980,0.093199,0.400866,0.166330,3.699517,4.067431,2.721745,0.009436,0.000737,3.050676,2.964336,2.606410
-32.225865,-0.466504,-1.123665,0.862122,1.716271,1.971068,3.992353,4.463810,0.921301,0.059918,1.621913,2.238031,1.367444,0.687215,2.120659,2.808777,3.734267,3.718815,0.854797,0.000093,0.610274,0.125415,0.486884,0.081923,0.302606,0.166974,3.675677,4.050356,2.715624,0.009758,0.000415,2.993975,2.907312,2.532956
-31.354689,-4.294828,-1.086513,0.970288,1.755066,2.019727,3.997942,4.466111,1.042618,0.059260,1.643941,2.241318,1.353636,0.692147,2.091399,2.796284,3.734596,3.728350,0.875738,0.000737,0.624771,0.121227,0.478830,0.084822,0.422774,0.177606,3.696618,4.068719,2.723034,0.010402,0.000093,3.000740,2.946294,2.553897
-30.251876,-5.112003,-1.123007,0.886451,1.668927,1.965479,3.988736,4.462166,0.992973,0.061562,1.631776,2.212387,1.357252,0.659269,2.066412,2.780832,3.735911,3.713884,0.873805,0.010724,0.644745,0.134114,0.513302,0.094809,0.447580,0.158598,3.713048,4.074196,2.725611,0.009758,0.000093,3.156668,3.008150,2.712724
-29.370197,-7.152252,-1.177584,0.829902,1.624543,1.941808,3.975256,4.454933,0.731928,0.058931,1.611392,2.205811,1.290511,0.609296,2.053590,2.814366,3.737884,3.696459,0.867039,0.015879,0.673418,0.122516,0.529732,0.118972,0.464977,0.145712,3.736567,4.074518,2.725289,0.009436,0.000093,3.210792,3.022648,2.743652
-28.698749,-1.143571,-1.100651,0.902232,1.601529,1.947397,3.977229,4.455591,0.764476,0.058603,1.568323,2.205811,1.336539,0.617187,2.024658,2.815024,3.742815,3.698103,0.846743,0.010080,0.688238,0.107696,0.578057,0.147000,0.487207,0.166330,3.746554,4.063565,2.723678,0.009758,-0.000551,3.201449,3.010083,2.776513
-24.547828,2.085147,-1.093746,0.748367,1.534789,1.870793,3.948955,4.441453,0.504747,0.058931,1.430568,2.186742,1.268155,0.569843,2.054905,2.774914,3.708623,3.664239,0.741395,0.003637,0.639913,0.069036,0.512335,0.109629,0.362206,0.142490,3.666334,3.995266,2.714657,0.009114,-0.000874,2.927609,2.874451,2.659889
-23.139460,5.417137,-1.062184,0.730613,1.424650,1.885917,3.921667,4.436851,0.739490,0.056630,1.414130,2.163728,1.234291,0.582994,2.062467,2.845928,3.708295,3.642212,0.715622,0.000737,0.611884,0.000093,0.486240,0.097387,0.297451,0.176639,3.597069,3.967559,2.715302,0.010080,-0.000874,2.717235,2.769103,2.527801
-21.652644,6.774230,-1.324874,0.911766,1.577200,1.961534,3.944681,4.445399,0.885793,0.059918,1.920766,2.161756,1.243826,0.732257,2.192003,2.849545,3.695144,3.640568,0.703702,-0.000229,0.628637,-0.000229,0.516201,0.140879,0.383147,0.222065,3.587082,3.946619,2.719812,0.010724,0.000415,2.685985,2.740753,2.529734
-16.204147,12.448071,-1.742088,1.173797,2.058850,2.349484,3.965393,4.450988,1.237579,0.071096,2.524719,2.320223,1.530515,0.853902,2.247894,2.832449,3.686924,3.643198,0.689526,-0.002807,0.673418,0.078379,0.572580,0.222387,0.482374,0.248160,3.641528,3.927611,2.875740,0.010724,0.035209,2.655057,2.778768,2.656990
-7.823223,16.500137,-2.002806,1.202729,2.170961,2.502363,3.860844,4.404302,1.598242,0.520199,2.834750,2.223565,1.411828,1.165249,2.283072,2.922532,3.637938,3.482100,0.585467,-0.000229,0.628315,0.063559,0.577735,0.305505,0.463044,0.168585,3.566463,3.810987,2.903446,0.010724,0.210467,2.673098,2.812596,2.601899
-4.907733,17.225429,-2.054095,1.321745,2.245592,2.653926,3.720788,4.295808,1.699503,0.766778,2.967245,1.961534,1.228045,1.382239,2.597378,3.049109,3.502155,3.122096,0.432438,-0.000229,0.536820,-0.000229,0.567426,0.261691,0.377026,0.145712,3.375741,3.698551,2.927609,0.011047,0.079023,2.422775,2.599644,2.395713
0.877726,28.600944,-1.696717,0.902232,1.454897,1.971068,3.358154,3.977558,1.370403,0.633954,2.367895,1.628489,1.304320,1.402951,2.559240,2.939299,3.241440,2.438910,0.176639,-0.000551,0.048096,0.000093,0.337400,0.050673,0.238495,0.000093,2.549709,3.373808,2.857699,0.010724,0.000093,2.190816,1.353831,1.436949
3.257598,39.752670,-1.909763,0.690503,1.231332,1.911890,2.879792,3.738213,0.991329,0.509349,2.436280,1.003494,1.010727,1.370732,2.628282,2.761106,3.079356,1.908602,0.000093,0.000415,-0.000229,-0.000229,0.060016,-0.000229,0.161498,0.000093,2.061628,3.016204,2.740108,0.010402,-0.000229,2.139592,0.009436,0.307116
1.590918,44.701736,-2.317443,0.736531,1.471993,2.379731,2.970204,3.810871,1.329964,0.622447,2.804832,1.051494,0.575104,1.381581,2.627953,2.768339,3.123740,2.072330,-0.000551,0.036498,-0.000229,0.000093,0.000415,0.000093,0.094809,0.000093,1.570326,3.022648,2.694683,0.009758,0.000093,1.901190,0.006536,0.000093
1.057535,46.044892,-2.315799,0.566885,1.343115,2.266963,2.921217,3.771419,1.133030,0.451157,2.672995,1.324375,0.366662,1.332923,2.593104,2.700940,3.094151,1.966466,0.001059,0.033276,-0.000229,-0.000551,-0.001196,-0.000551,0.076446,0.000093,1.533599,3.074194,2.709503,0.009758,-0.000551,1.647323,0.006858,-0.001196
0.361997,47.522999,-2.293443,0.555706,1.328320,2.250195,2.888669,3.800022,1.036700,0.457075,2.637159,1.295114,0.468253,1.298731,2.559898,2.674639,3.099082,1.996713,0.010080,0.012013,0.000415,-0.000229,-0.000229,0.000093,0.072902,0.000093,1.522968,3.073872,2.712402,0.010402,-0.001196,1.181150,0.003637,-0.000229
0.089437,50.405081,-2.154371,0.709900,1.460158,2.273538,2.914313,3.855255,1.296758,0.622118,2.630912,1.540707,0.636913,1.308265,2.577651,2.759462,3.169439,2.093700,0.008469,0.031343,0.000093,0.000415,0.000093,0.000415,0.064204,0.000093,1.519102,3.081926,2.716590,0.009436,-0.000551,0.962400,0.003959,-0.000229
0.059235,55.225643,-2.150097,0.898287,1.704764,2.434965,3.033328,3.947311,1.651174,0.844697,2.808777,1.699503,0.677023,1.375006,2.593761,2.778859,3.224673,2.329429,0.006536,0.050351,0.000415,0.000737,0.000737,0.000093,0.065815,0.000093,1.488174,3.052931,2.711436,0.010402,0.000093,1.330957,0.004281,-0.000874
-0.989670,63.620729,-2.020231,0.992644,1.862245,2.908066,3.160234,3.999257,1.958904,1.059385,2.967574,1.755066,0.563597,1.633420,2.654584,2.904121,3.253933,2.399457,0.000093,0.084178,-0.000551,0.000093,-0.000229,0.000093,0.124449,0.001059,1.484630,3.105122,2.708858,0.010724,-0.000229,1.691782,0.006858,-0.000874
-1.801332,64.892516,-2.011354,0.955822,1.872766,3.030369,3.186206,3.996298,2.260058,1.200757,3.021163,1.630790,0.199317,1.645913,2.793983,2.993875,3.232892,2.464554,-0.000551,0.143134,0.000093,-0.001196,-0.000551,0.000093,0.205312,-0.000229,1.296808,3.048099,2.682763,0.009436,-0.000551,2.268780,0.008791,0.000093
-2.773253,62.624421,-1.987682,1.017960,1.942794,3.031027,3.272016,4.025558,2.216989,1.183332,3.007684,1.570954,0.001396,1.653475,2.778859,2.989930,3.239796,2.533925,-0.000229,0.151188,-0.000551,0.000415,0.000093,-0.000229,0.209500,-0.000551,1.337078,3.039078,2.679541,0.010402,0.000093,2.331280,0.009114,-0.001196
-4.945261,58.317886,-2.109000,0.980480,1.848765,2.940286,3.263139,4.021942,2.092385,1.092262,3.017876,1.565364,0.001725,1.658736,2.755188,2.980067,3.231577,2.557925,0.000415,0.190492,0.000093,0.000093,-0.000229,0.000093,0.196614,0.000415,1.238818,2.980766,2.672131,0.009758,-0.000551,2.331925,0.009436,-0.000229
-2.304008,52.966741,-2.200400,0.956151,1.701147,2.687132,3.231248,4.007476,1.865533,0.891054,2.957711,2.122303,0.006985,1.532159,2.656556,2.928450,3.207905,2.510911,-0.000229,0.148933,0.000093,0.000415,-0.000229,-0.000229,0.181794,-0.000229,1.455635,2.980122,2.713046,0.010080,-0.000551,2.252994,0.008791,0.000093
0.273145,46.413438,-2.173769,0.931164,1.659393,2.525048,3.203631,3.994983,1.880327,0.867382,2.913984,2.173920,0.341018,1.499939,2.689433,2.918587,3.216453,2.483623,-0.000229,0.137013,0.000093,-0.000551,0.000415,0.000093,0.137980,-0.000551,1.384759,2.918910,2.712402,0.010724,-0.000229,2.194682,0.007503,-0.000551
6.084923,44.378147,-2.174426,0.819053,1.740600,2.727900,3.130315,3.963092,1.879341,0.881519,2.899847,2.113426,0.334443,1.580817,2.721982,2.982368,3.178645,2.423786,0.000093,0.160531,0.000415,0.000093,-0.000229,-0.000874,0.126059,0.000737,0.987529,2.700160,2.712402,0.008469,-0.000229,2.148935,0.009114,-0.000551
9.539952,43.551379,-2.274703,0.803929,1.945424,2.979409,3.157932,3.983804,2.084494,1.019932,3.018862,1.696216,0.007643,1.624543,2.795955,2.986314,3.179302,2.450746,-0.000874,0.284243,0.000415,-0.000229,0.000415,-0.000229,0.136691,0.000093,0.356730,2.652479,2.704992,0.010080,-0.000229,2.131216,0.008791,-0.000229
9.160102,32.718922,-2.311525,0.741791,1.982575,3.004067,3.220070,4.008791,2.061481,0.931164,2.984341,1.634406,0.000081,1.587721,2.757160,2.974478,3.190480,2.488883,-0.000229,0.293263,0.000093,0.000415,0.000415,-0.003129,0.170840,0.000093,0.971421,2.702737,2.710791,0.010402,-0.001196,2.161821,0.008469,-0.000551
16.738374,18.496719,-2.233935,0.762504,1.959561,2.951793,3.290427,4.030161,1.993425,0.958781,2.974807,1.983890,0.111535,1.598570,2.728557,2.955080,3.238810,2.550363,0.000415,0.275222,0.000093,0.000415,0.000093,-0.000229,0.177606,0.000093,1.298096,3.016204,2.775869,0.010402,0.000737,2.171486,0.009114,0.334500
24.458689,0.203291,-2.216509,0.621461,1.698188,2.709817,3.016561,3.920680,2.091399,1.089632,2.988944,2.117372,0.451814,1.508487,2.592446,2.881765,3.039575,2.324169,-0.000229,0.270389,0.000415,-0.000874,0.082245,0.000093,0.175029,0.000093,1.839656,3.085792,2.804541,0.010402,-0.000551,2.532956,0.010080,0.797774
32.941986,-3.645462,-2.202372,0.064520,1.485473,2.518801,2.730530,3.893393,2.397156,1.116262,2.861052,1.901698,0.000739,1.382896,2.484938,2.577651,2.661817,2.215674,0.000415,0.384436,-0.000229,0.000415,0.000093,0.000415,0.206923,0.000093,0.798096,2.773936,2.730121,0.011369,-0.000229,2.650869,0.010402,-0.000551
33.617212,-6.561883,-2.488077,0.061562,1.158345,2.449759,2.237044,3.819419,2.618090,1.089632,2.859737,1.780052,0.000410,1.286566,2.344553,2.278798,2.263675,2.084494,0.000737,0.511691,0.000093,0.000415,0.004603,0.000093,0.261691,0.000415,0.035853,2.651191,2.704348,0.010402,0.368972,2.661178,0.010724,-0.000229
35.186314,-9.895426,-2.761618,0.058931,1.075166,2.401430,2.021042,3.763857,2.836394,1.041960,2.853161,1.793203,0.001725,1.240867,2.184441,2.129536,2.085152,1.955616,0.000737,0.587722,0.000093,0.000093,-0.000551,0.000093,0.246871,-0.000229,0.000093,2.357698,2.626706,0.010402,0.544230,2.543910,0.010402,-0.000551
37.056116,-11.634703,-2.854990,0.059589,1.052809,2.496774,2.030247,3.772734,2.864668,1.008425,2.917601,2.050631,0.000081,1.242840,2.189373,2.116057,2.075946,1.927013,-0.000229,0.527477,0.000093,0.000093,0.000093,-0.000229,0.233663,-0.000229,0.000093,2.178896,2.637982,0.009758,0.404732,2.504605,0.010402,0.000093
35.569435,-10.935165,-2.887210,0.061890,1.023878,2.582912,2.009206,3.765829,2.901491,0.992644,2.946204,2.185756,0.001396,1.257634,2.181811,2.063124,2.049316,1.910574,0.000093,0.510725,0.000415,0.000093,0.000737,0.000093,0.222065,-0.000229,-0.000229,2.201126,2.662789,0.011369,0.172451,2.433729,0.009114,-0.000874
35.517308,-9.612571,-2.912855,0.061562,1.016316,2.602638,1.999343,3.760569,2.971190,0.998233,2.975793,2.192331,0.000739,1.249415,2.157482,2.047343,2.030576,1.899396,0.000093,0.540364,-0.000229,0.000093,-0.000229,-0.000229,0.240750,0.000093,-0.001518,2.381860,2.754928,0.011047,0.000093,2.483665,0.010402,-0.000229
33.057642,-10.072748,-2.878005,0.060575,1.014014,2.538856,1.890191,3.735254,2.907409,0.951548,2.937984,2.153208,0.000081,1.287224,2.131838,1.999343,1.988822,1.873752,0.000093,0.431472,0.000093,-0.000229,0.000093,0.000415,0.227541,-0.000229,-0.000229,2.388626,2.702737,0.009758,0.000093,2.454992,0.010402,0.000093
29.601040,-8.441157,-2.846442,0.057616,0.924260,2.404718,1.713640,3.709938,2.955409,0.890067,2.904778,2.046357,0.001067,1.284922,2.073974,1.954301,1.943780,1.861588,0.000737,0.393134,-0.000551,0.005892,-0.000551,0.000415,0.202090,0.000415,-0.000229,2.451770,2.706281,0.010080,-0.000551,2.289399,0.009436,-0.000229
26.013860,-6.178006,-2.759974,0.054000,0.659269,2.170304,1.599557,3.630047,2.852833,0.724038,2.816010,2.096330,0.000410,1.272429,1.952328,1.816875,1.880985,1.802080,0.000415,0.403444,0.000093,0.027799,0.000737,0.000093,0.149900,-0.000229,-0.000229,2.454992,2.744619,0.010402,0.000093,2.213368,0.010080,0.000093
23.726591,-4.473852,-2.677780,0.054657,0.600748,1.980932,1.591666,3.611636,2.845600,0.741134,2.730859,2.044384,0.001067,1.270456,1.930630,1.803724,1.884930,1.794518,-0.000551,0.372516,0.000093,0.048418,-0.000551,0.000415,0.127670,0.000415,0.000737,2.553575,2.812596,0.010080,-0.000551,2.263303,0.009436,0.000093
21.834901,-4.016854,-2.576518,0.052027,0.499157,1.707065,1.508158,3.547854,2.844285,0.834834,2.709160,1.962192,0.000410,1.244483,1.898410,1.773477,1.877369,1.760983,0.000093,0.342232,0.000093,0.050995,-0.000229,0.000415,0.106407,-0.000229,-0.000874,2.592234,2.867364,0.011047,-0.000551,2.244940,0.009436,-0.000229
20.112879,-3.639873,-2.383856,0.050383,0.286113,1.633420,1.377965,3.474538,2.808120,0.688530,2.659844,1.924383,0.000081,1.221798,1.791888,1.679777,1.836272,1.681421,-0.000229,0.385080,0.000093,0.050351,0.000093,-0.000229,0.075802,0.000093,0.030054,2.539399,2.855766,0.011047,0.000415,2.106731,0.009436,-0.000551
20.297146,-4.306812,-2.348677,0.048411,0.047096,1.556159,1.279004,3.427524,2.778202,0.630995,2.562528,1.814902,0.000739,1.176756,1.758025,1.578515,1.830354,1.642955,-0.000874,0.413109,-0.000229,0.038108,0.000093,-0.000229,0.060982,0.000093,0.034887,2.477543,2.764271,0.011047,-0.000229,1.893458,0.007825,0.000093
19.034446,-3.381864,-2.377609,0.045123,0.046438,1.558460,1.207003,3.423908,2.717708,0.606008,2.536226,1.747833,0.000410,1.160647,1.728435,1.533802,1.809313,1.634735,-0.000874,0.427284,0.000093,0.051639,0.000093,0.000093,0.031665,-0.000229,0.066137,2.501384,2.732376,0.009436,-0.000229,1.860597,0.008469,0.000093
15.125669,-2.257858,-2.352293,0.044137,0.043808,1.476267,1.105413,3.393332,2.598364,0.589899,2.459622,1.732380,0.000410,1.211935,1.685366,1.464760,1.789587,1.607776,-0.000229,0.416975,0.000415,0.069036,0.000093,-0.000551,0.010402,-0.000229,0.058727,2.489141,2.699515,0.010402,-0.000551,1.808728,0.007503,0.002348
8.250205,0.175257,-2.249058,0.038876,0.039205,1.310238,0.321949,3.329551,2.487239,0.534336,2.292278,1.672873,0.035917,0.999220,1.667612,1.379609,1.776436,1.502569,0.000093,0.358985,0.000415,0.046807,0.000415,0.000093,0.000415,-0.000551,0.050351,2.429219,2.676320,0.010402,-0.000229,1.546486,0.004925,-0.000874
5.741958,-0.387674,-1.688827,0.037561,0.038876,1.256648,0.237455,3.330537,2.456664,0.568857,1.761312,1.663667,0.721407,1.007439,1.666955,1.388485,1.807011,1.529857,-0.000229,0.339011,0.000093,0.065170,-0.000551,0.000093,-0.000229,0.000093,0.029410,2.236564,2.594490,0.009758,0.000093,1.124127,0.005248,0.000415
3.411309,0.589581,-0.466119,0.033287,0.033287,1.194181,0.150659,3.230590,2.462910,0.550446,0.827601,1.411828,1.292155,1.093577,1.795504,1.344759,1.809642,1.554186,0.000093,0.340299,0.000415,0.107052,0.000093,0.000093,-0.000229,0.000415,0.015235,2.135404,2.569683,0.010080,-0.000874,0.693714,0.002992,0.000415
5.072697,-0.801131,-0.450666,0.033287,0.033616,1.172154,0.105288,3.218426,2.459951,0.541240,0.821354,1.564378,1.384211,1.038343,1.764929,1.320758,1.807669,1.560104,0.001059,0.361562,-0.000229,0.106730,0.000737,0.000093,-0.000229,0.000093,0.000093,2.123484,2.591912,0.009758,-0.000874,0.673418,0.002670,-0.000874
