-31.338826,-0.906346,1.509802,1.692270,2.400772,3.383798,4.224793,1.419719,0.651708,2.006576,2.880449,1.323060,0.627707,2.088440,1.974685,3.499196,3.411743,0.296807,0.607052,0.149578,0.691781,0.312271,0.389591,0.232052,0.079990,2.816784,0.009758,0.699836,2.642170,1.995584,2.920843,2.000094,2.534245
-28.226242,-1.100322,1.436815,1.547940,2.300497,3.330866,4.206711,1.470349,0.486664,1.961205,2.847901,1.266511,0.400197,2.056549,1.981589,3.493278,3.400894,0.293907,0.608985,0.149578,0.692426,0.308405,0.385402,0.223353,0.086111,2.829348,0.010080,0.762013,2.713369,2.030378,2.920521,1.960790,2.515881
-27.603206,-1.099336,1.418075,1.437801,2.233428,3.287468,4.220519,1.634406,0.471212,1.951342,2.816339,1.279991,0.395265,2.049645,1.962520,3.489662,3.415688,0.292619,0.605119,0.143456,0.683727,0.312915,0.386047,0.216910,0.089655,2.816462,0.009758,0.840622,2.701126,2.095777,2.918266,1.982697,2.511371
-27.263082,-1.086842,1.409527,1.356595,2.154194,3.267742,4.227424,1.786299,0.468582,1.937205,2.767023,1.270128,0.546172,2.057535,1.992767,3.495251,3.433442,0.278444,0.609951,0.140557,0.671807,0.311949,0.371227,0.208856,0.089333,2.801320,0.011047,0.799062,2.686307,2.097710,2.886371,1.961757,2.479476
-26.841857,-1.125966,1.406568,1.375992,2.158468,3.268728,4.225780,1.924712,0.476472,1.940493,2.726256,1.266840,0.523158,2.069371,2.005918,3.515964,3.439689,0.283598,0.579668,0.141201,0.665042,0.307761,0.350609,0.209822,0.092554,2.801642,0.011047,0.704346,2.704670,2.096422,2.883150,1.929218,2.476899
-26.560854,-1.098021,1.415773,1.481199,2.181482,3.291413,4.223150,2.002959,0.478116,1.904328,2.771626,1.318457,0.579707,2.067398,2.031891,3.534046,3.438374,0.295196,0.605441,0.159565,0.667619,0.308405,0.338044,0.228830,0.090943,2.812273,0.010402,0.794230,2.768137,2.114785,2.845456,1.940494,2.493974
-23.613693,-1.065143,1.455555,1.567995,2.278470,3.279249,4.233999,2.165043,0.634612,1.962520,2.789709,1.349033,0.629680,2.119344,2.051289,3.549827,3.428511,0.310982,0.630892,0.175029,0.687271,0.303572,0.328701,0.278766,0.087400,2.839013,0.009436,0.946936,2.848678,2.203059,2.856410,2.065494,2.553897
-16.530410,-0.987881,1.517693,1.815888,2.355073,3.247687,4.233670,2.284716,0.749353,2.037809,2.803517,1.321087,0.649735,2.209099,2.050302,3.552786,3.430812,0.318392,0.634114,0.172773,0.685982,0.300029,0.337722,0.319036,0.101575,2.833214,0.010080,1.007825,2.855444,2.378961,2.781990,2.087723,2.567428
-6.265618,-0.857687,1.547282,1.902355,2.397813,3.189823,4.181724,2.424115,0.864423,1.920109,2.789709,1.339498,0.760860,2.327456,2.123290,3.575800,3.345332,0.331601,0.677284,0.190815,0.677928,0.276188,0.293907,0.405054,0.140557,2.789722,0.010402,1.112207,2.801964,2.546165,2.721423,2.141525,2.540366
4.195399,-0.528257,1.617968,1.947397,2.440225,3.029054,4.107422,2.527678,1.056097,1.633420,2.735790,1.207990,0.736531,2.281100,2.120331,3.535361,3.261495,0.318392,0.696614,0.182438,0.673418,0.262657,0.272000,0.410531,0.191459,2.717879,0.010080,2.082891,2.929219,2.683407,2.710147,1.991718,2.563562
16.065070,-0.188963,1.809970,1.973041,2.315292,2.762421,4.041997,2.785763,1.343772,1.425308,2.744338,0.843711,0.692147,2.297867,2.274196,3.518265,3.110260,0.327735,0.715944,0.162786,0.652799,0.256859,0.262013,0.316459,0.262657,2.631861,0.009114,2.677930,2.795521,2.324837,2.459824,1.783277,2.391847
26.112636,-0.232361,2.040110,2.144331,2.322854,2.454362,3.987750,3.258536,1.738298,1.736654,2.866312,1.032754,0.942013,2.532938,2.465869,3.578430,3.205933,0.298096,0.710145,0.166974,0.683083,0.281665,0.321614,0.264913,0.404732,2.439528,0.009114,3.067106,2.400224,2.033922,2.292621,1.695004,2.391847
31.610176,-0.273786,2.053590,2.105536,2.244606,2.505322,3.983804,3.180617,1.724161,1.782354,2.951793,0.908479,1.033412,2.558254,2.452389,3.590923,3.218097,0.268134,0.628637,0.133469,0.665364,0.266201,0.284565,0.217554,0.429217,2.346100,0.009436,3.002029,1.930185,1.553573,2.065172,1.549385,2.309051
32.605225,-0.481900,2.051617,2.030905,2.259730,2.589158,3.989065,3.171740,1.672873,1.992439,2.984012,0.948589,1.047220,2.567459,2.466198,3.602102,3.228618,0.265879,0.576124,0.146034,0.673740,0.275222,0.284887,0.192748,0.428895,2.357376,0.008147,2.959503,1.891847,1.415364,2.038432,1.528122,2.261370
34.259048,-0.598285,2.050960,2.011507,2.324826,2.595405,3.992024,3.251303,1.690298,2.098303,2.980067,0.962397,1.040974,2.566802,2.487568,3.609663,3.232234,0.275222,0.540042,0.153444,0.676317,0.278766,0.299706,0.224964,0.438560,2.353188,0.007503,2.995908,1.916976,1.418908,1.998806,1.536176,2.294231
35.962786,-0.674561,2.049316,2.007562,2.336662,2.595405,3.990709,3.221056,1.681750,2.168989,2.971848,0.935109,1.032426,2.573706,2.474746,3.605718,3.231577,0.291974,0.531987,0.157309,0.688882,0.293907,0.333534,0.248482,0.445003,2.348355,0.006536,3.013949,1.915365,1.381859,2.044231,1.543908,2.409889
34.547280,-0.677520,2.047672,2.006904,2.368553,2.610857,3.993668,3.239796,1.684709,2.170961,2.970204,0.950233,1.049522,2.582254,2.485924,3.608348,3.228947,0.286176,0.517168,0.155699,0.685016,0.279410,0.311304,0.215299,0.431794,2.366719,0.009758,2.981410,1.906666,1.340622,2.033600,1.517491,2.397324
36.292775,-0.734069,2.046028,1.996055,2.338306,2.604282,3.991037,3.243413,1.671229,2.203510,2.968560,0.969301,1.036371,2.574692,2.494143,3.606704,3.227303,0.290364,0.528766,0.150866,0.685338,0.272645,0.318070,0.241395,0.429217,2.367363,0.008791,3.017493,1.890236,1.442104,2.015880,1.507181,2.407956
37.638943,-0.858674,2.039453,2.003946,2.364936,2.649323,3.990709,3.235851,1.657092,2.314963,2.997821,0.955164,1.069577,2.583240,2.492171,3.609335,3.227303,0.304861,0.528444,0.164397,0.691781,0.289719,0.339011,0.260724,0.426317,2.422775,0.008147,3.005895,1.888303,1.559372,2.113174,1.546163,2.428252
38.208425,-0.888592,2.039453,1.994082,2.349813,2.677269,3.993996,3.258865,1.645913,2.351457,3.040561,0.951548,1.039330,2.585871,2.493157,3.611307,3.227632,0.301962,0.514591,0.176317,0.690171,0.290686,0.338688,0.234951,0.426962,2.465946,0.008469,2.980444,1.890236,1.477542,2.106731,1.529411,2.418265
36.861167,-0.876756,2.032549,1.995397,2.328443,2.700940,3.997613,3.271687,1.645585,2.332388,3.039903,0.932150,1.016973,2.582254,2.501705,3.612293,3.229933,0.312271,0.513946,0.178250,0.686305,0.282632,0.333856,0.223675,0.415686,2.489786,0.009436,2.943717,1.870906,1.508470,2.118651,1.528444,2.410533
37.322357,-0.963552,2.045042,2.089426,2.369539,2.761763,3.999585,3.292399,1.660379,2.410964,3.054040,0.978507,1.016645,2.594419,2.559240,3.615581,3.242755,0.319681,0.521034,0.179217,0.685016,0.277799,0.317103,0.217232,0.405054,2.497840,0.009114,2.906668,1.875416,1.483663,2.116718,1.517813,2.379927
38.533861,-0.975388,2.046686,2.120331,2.403731,2.779845,4.000572,3.316728,1.688325,2.417211,3.062589,1.058727,1.075823,2.627953,2.569432,3.617883,3.246371,0.326124,0.541652,0.177928,0.683727,0.270389,0.330634,0.212078,0.383792,2.509760,0.008469,2.889271,1.880571,1.509437,2.129605,1.574836,2.422131
38.054524,-0.978018,2.052275,2.115399,2.410636,2.764393,3.994325,3.321989,1.680763,2.415238,3.066534,1.083714,1.102454,2.649981,2.571076,3.615252,3.242755,0.330634,0.556472,0.184049,0.683727,0.268134,0.315170,0.225286,0.363173,2.514270,0.009436,2.851578,1.872839,1.482697,2.152801,1.603187,2.432118
39.271481,-1.010896,2.053590,2.162085,2.523075,2.783133,3.996627,3.331852,1.682407,2.448115,3.063904,1.084043,1.069906,2.650967,2.581597,3.612951,3.240125,0.344810,0.575158,0.185338,0.685660,0.252026,0.325802,0.216266,0.357374,2.528123,0.009436,2.848678,1.897324,1.648934,2.166976,1.566138,2.505572
40.113985,-1.057910,2.062138,2.119673,2.529322,2.766695,3.988736,3.336783,1.651831,2.494801,3.082315,1.139934,1.104427,2.656556,2.587843,3.608348,3.237823,0.343199,0.600609,0.182438,0.687593,0.255570,0.321292,0.219810,0.369938,2.512337,0.009436,2.887338,1.895713,1.657633,2.041009,1.628316,2.576770
40.677724,-1.030951,2.072988,2.112769,2.536226,2.757489,3.984133,3.340400,1.905314,2.518472,3.072123,1.185962,1.139276,2.661488,2.587843,3.604074,3.240454,0.344165,0.609951,0.172773,0.684694,0.254281,0.329023,0.215299,0.370905,2.503317,0.009114,2.934374,1.879605,1.556151,1.839656,1.665042,2.643781
41.156413,-1.016156,2.075289,2.106193,2.613159,2.726585,3.971311,3.335797,2.011507,2.531952,3.085931,1.172154,1.174126,2.652611,2.594419,3.604074,3.246700,0.343843,0.636369,0.159887,0.684694,0.249449,0.307761,0.231085,0.360918,2.464013,0.009436,2.967235,1.877027,1.540687,1.822903,1.653122,2.628639
34.992092,-1.054622,2.075289,2.124605,2.644721,2.734146,3.986106,3.356839,2.037151,2.586528,3.102370,1.187935,1.120208,2.672337,2.600008,3.596512,3.241440,0.334178,0.614140,0.142168,0.671163,0.234629,0.258147,0.181472,0.346098,2.403123,0.009436,2.854799,1.766847,1.399578,1.847066,1.541975,2.527479
23.200637,-1.062842,2.060165,2.096001,2.637488,2.787407,3.995969,3.335797,1.970740,2.547733,3.103027,1.127769,1.108043,2.689762,2.587843,3.591581,3.228618,0.329346,0.615750,0.112206,0.603830,0.225608,0.217554,0.138302,0.327735,2.345778,0.008791,2.795843,1.854153,1.241717,1.655700,1.377671,2.441783
6.254413,-0.991498,2.045699,2.184112,2.733160,2.802531,3.991695,3.332181,1.757367,2.561213,3.077712,1.232319,1.081741,2.652940,2.554966,3.567252,3.218755,0.338044,0.694681,0.123482,0.593199,0.223998,0.191137,0.093521,0.246549,2.479799,0.009114,2.626384,2.133149,1.216588,1.876383,1.479797,2.299708
-8.620962,-0.654834,2.036494,2.194633,2.609871,2.596062,3.904899,3.051410,1.543994,2.148934,2.991903,1.280319,0.941027,2.654912,2.440225,3.529772,3.122754,0.315815,0.692748,0.104152,0.572258,0.221743,0.151188,0.000737,0.198869,2.586113,0.009758,1.985919,1.985919,0.921485,2.163754,1.506537,2.060661
-16.955794,-0.276745,1.836272,1.741257,2.185099,2.556939,3.919365,2.632227,1.182346,1.581145,2.801544,1.226072,0.594173,2.313977,2.272223,3.414373,2.973820,0.274578,0.634758,0.090621,0.542619,0.182116,0.113173,-0.000874,0.067103,2.662466,0.009436,0.547129,1.775223,0.891846,2.235275,1.567749,1.764269
-21.933478,0.100685,1.391773,1.158674,1.854355,2.900176,4.073230,1.923068,0.705298,0.896972,2.608885,0.943986,0.374882,2.008548,2.014466,3.369332,2.963300,0.254281,0.613817,0.074513,0.538109,0.179217,0.122838,0.176962,-0.000229,2.638304,0.008791,0.552928,2.237852,1.258148,2.600611,1.633148,1.841589
-23.036391,-0.243868,1.351992,1.069906,1.863560,3.033328,4.162656,1.935890,0.573460,1.128098,2.602309,1.012371,0.452472,2.027617,2.048658,3.391031,3.043191,0.245583,0.639913,0.065170,0.577091,0.221420,0.188560,0.193392,-0.000229,2.652801,0.010402,0.771034,2.233020,1.378315,2.743974,1.638625,1.918587
-23.619458,-0.305349,1.327334,1.030124,1.860272,3.091192,4.172848,1.948712,0.552419,1.160647,2.578966,1.000863,0.458390,2.019727,2.034850,3.391031,3.121110,0.249771,0.648289,0.076768,0.576768,0.245261,0.205634,0.190492,-0.000551,2.683085,0.008791,0.821614,2.294876,1.503316,2.772647,1.628960,1.993329
-24.065602,-0.466447,1.318457,0.930506,1.854026,3.123740,4.176793,1.979616,0.534665,1.290840,2.561870,0.992973,0.446883,2.019069,2.038795,3.409442,3.151357,0.250737,0.645390,0.080956,0.587078,0.256536,0.212722,0.208212,0.000415,2.690173,0.010080,0.842555,2.304218,1.566460,2.766204,1.644746,2.022002
-24.731207,-0.468091,1.305964,0.927547,1.853697,3.145768,4.178766,1.924054,0.536309,1.282621,2.545760,0.983767,0.433732,2.006247,2.031234,3.413387,3.164836,0.237206,0.638624,0.069036,0.583212,0.251382,0.207245,0.210789,-0.000551,2.675997,0.010080,0.748805,2.294231,1.545519,2.772647,1.633792,2.001705
-23.908842,-0.455269,1.285909,0.893684,1.831669,3.138863,4.177122,1.907616,0.488966,1.233963,2.521760,0.963384,0.400855,2.000658,2.010192,3.409113,3.166809,0.236884,0.638624,0.056794,0.584500,0.251060,0.206923,0.209178,-0.000874,2.674387,0.010080,0.790364,2.307762,1.574514,2.777802,1.635725,2.023290
-23.946526,-0.484859,1.294457,0.916698,1.836601,3.134918,4.177779,1.983233,0.534007,1.287224,2.531952,0.981795,0.451485,2.006904,2.000987,3.412401,3.178973,0.235596,0.637658,0.061949,0.583534,0.249127,0.195325,0.210467,-0.000229,2.680830,0.009114,0.832568,2.370907,1.602220,2.776191,1.647968,2.022002
-24.235726,-0.475982,1.293142,0.913739,1.839231,3.131302,4.178766,1.997370,0.536966,1.287552,2.529979,0.980480,0.439978,2.005918,2.001973,3.415031,3.182261,0.233018,0.633470,0.060982,0.581923,0.251382,0.187271,0.204668,0.000415,2.685985,0.009436,0.847065,2.386371,1.635403,2.779735,1.646679,2.017813
-24.469188,-0.543380,1.309580,0.926890,1.831998,3.157603,4.181396,2.047015,0.554720,1.370732,2.549377,1.020261,0.468910,2.024987,2.022685,3.426867,3.196398,0.230441,0.635402,0.059693,0.586111,0.262335,0.196614,0.208856,0.000415,2.685018,0.009436,0.866717,2.402479,1.642169,2.791010,1.659566,2.024257
-24.249915,-0.587436,1.322073,0.900259,1.881314,3.163850,4.182382,2.047343,0.554391,1.423993,2.555295,1.048207,0.468253,2.039453,2.048658,3.429826,3.205604,0.232374,0.630892,0.062593,0.590299,0.273611,0.204990,0.216266,0.000737,2.688562,0.008791,0.832245,2.398291,1.688883,2.790366,1.662143,2.016203
-23.797608,-0.620642,1.308923,0.879218,1.898410,3.148069,4.180409,1.975342,0.546172,1.442733,2.547404,1.048207,0.448198,2.032220,2.048658,3.425552,3.220399,0.230763,0.621549,0.063882,0.584500,0.270389,0.195969,0.203057,-0.000229,2.691784,0.010080,0.790364,2.401835,1.712401,2.783601,1.656988,2.001705
-22.860582,-0.597957,1.301690,0.886122,1.885259,3.151685,4.176135,1.972383,0.535651,1.408869,2.547404,1.042289,0.465623,2.032220,2.077919,3.419963,3.235522,0.227219,0.612529,0.050995,0.578379,0.270712,0.199835,0.199513,-0.000229,2.684374,0.010080,0.741073,2.410855,1.707568,2.768459,1.642169,1.985919
-23.223231,-0.572312,1.310895,0.910780,1.890519,3.154644,4.173834,1.988822,0.522829,1.393088,2.541486,1.049522,0.505075,2.036494,2.089097,3.418647,3.228618,0.223675,0.606730,0.067103,0.576124,0.272000,0.198869,0.195325,-0.000229,2.678575,0.008147,0.663431,2.402801,1.733342,2.749129,1.650867,1.974321
-23.138169,-0.607162,1.323717,0.973247,1.909259,3.159905,4.174163,1.941479,0.512637,1.432870,2.525377,1.044590,0.513623,2.028932,2.100933,3.421606,3.226645,0.220454,0.599642,0.057760,0.570325,0.267490,0.192748,0.190815,0.000093,2.653768,0.009114,0.623805,2.368652,1.700158,2.701126,1.651512,1.908277
-23.125485,-0.615710,1.306621,0.929520,1.916492,3.164836,4.178108,1.848765,0.488308,1.401965,2.512555,1.031768,0.453129,2.016110,2.104878,3.421606,3.235851,0.219165,0.577735,0.055183,0.560338,0.268456,0.191459,0.185982,0.000093,2.657312,0.010080,0.502348,2.379283,1.693393,2.690817,1.638947,1.905056
-23.420867,-0.637409,1.348046,1.011055,1.953644,3.174042,4.179094,1.785641,0.486335,1.454897,2.514856,1.039987,0.443924,2.015124,2.107508,3.426538,3.251961,0.221743,0.579990,0.056794,0.557116,0.276511,0.192103,0.194036,-0.000874,2.666977,0.009114,0.498482,2.423098,1.728509,2.690817,1.637336,1.908277
-23.881606,-0.752151,1.349690,1.121194,1.977973,3.205933,4.179423,1.832327,0.497185,1.561419,2.538528,1.059385,0.524802,2.033535,2.118029,3.439360,3.265440,0.222065,0.562915,0.057116,0.551317,0.275222,0.200480,0.180505,0.000093,2.654090,0.009758,0.496227,2.422775,1.743329,2.703381,1.630571,1.907633
-24.259559,-0.775165,1.363827,1.197469,2.004603,3.232234,4.184026,1.944438,0.500144,1.580817,2.539514,1.054782,0.476472,2.034192,2.126906,3.458100,3.281550,0.222709,0.543585,0.082245,0.549707,0.275866,0.203379,0.177606,-0.000229,2.644103,0.009758,0.164075,2.431474,1.766847,2.674709,1.618651,1.906344
-24.322469,-0.836317,1.404266,1.276703,2.017425,3.225330,4.190930,1.973370,0.500801,1.686681,2.549706,1.069906,0.512966,2.038138,2.155509,3.469936,3.318044,0.243005,0.541330,0.128637,0.555506,0.300029,0.221420,0.184694,0.021034,2.712080,0.010402,0.229797,2.591268,1.820970,2.711436,1.601254,1.905378
-23.993848,-0.881688,1.423664,1.327663,2.086796,3.217440,4.199478,2.063124,0.504418,1.727120,2.573377,1.060042,0.501130,2.090412,2.144002,3.481443,3.333825,0.271034,0.539075,0.136691,0.555506,0.306472,0.214655,0.192103,0.045518,2.739142,0.009758,0.226897,2.643137,1.945004,2.699515,1.583212,2.009115
-22.680937,-0.693958,1.469363,1.547611,2.260058,3.243413,4.210328,2.232770,0.628365,1.791230,2.623022,1.101139,0.438006,2.087453,2.153208,3.497552,3.369661,0.304539,0.548096,0.157309,0.575802,0.308083,0.260402,0.210145,0.059693,2.800353,0.011369,0.226253,2.667621,2.036821,2.656345,1.669875,2.110597
-11.483818,-0.592039,1.662681,1.814244,2.473102,3.233221,4.204081,2.446800,0.850944,1.812929,2.671351,1.315169,0.825628,2.336991,2.237702,3.520566,3.346975,0.336755,0.615428,0.177606,0.605119,0.307761,0.268779,0.330634,0.083856,2.809696,0.010402,0.220776,2.727222,2.146035,2.608665,1.760403,2.205636
3.471890,-0.314226,1.816546,1.991123,2.483623,3.067520,4.136354,2.543459,0.991329,1.518679,2.672995,1.347060,0.843053,2.343566,2.148605,3.508731,3.256892,0.326124,0.617361,0.167941,0.551317,0.282954,0.160531,0.426962,0.195325,2.713691,0.010080,1.205635,2.793910,2.531667,2.485275,1.680184,2.038432
14.806328,1.048207,1.844163,1.902026,2.083837,2.379731,3.934818,2.676283,1.297744,0.229893,2.567788,0.930835,0.540912,2.102906,2.121317,3.466977,2.897546,0.280699,0.666975,0.141201,0.561305,0.260402,0.177284,0.346743,0.322902,2.584180,0.009436,2.500095,2.833214,2.325481,2.094811,1.496872,1.868651
19.863645,0.479760,1.974685,1.982904,2.239675,2.364936,3.919037,2.964286,1.487774,0.900917,2.697324,0.942013,0.702339,2.390581,2.290305,3.521224,2.998807,0.212400,0.473998,0.126382,0.520390,0.248804,0.133469,0.097709,0.388946,2.344167,0.008791,2.869941,1.897968,1.277800,1.734308,1.420519,1.970133
27.201260,0.112850,2.029590,2.196934,2.290305,2.528993,3.941064,2.994533,1.619283,1.370403,2.709817,1.032754,0.829245,2.530966,2.395183,3.553772,3.095466,0.241395,0.467554,0.156343,0.596098,0.294874,0.235918,0.077735,0.411820,2.366074,0.008469,2.791010,1.739785,1.205957,1.974965,1.485274,2.085790
29.537536,-0.166278,2.039124,2.179838,2.252497,2.537212,3.944352,3.110918,1.659064,1.699174,2.739735,1.051823,0.772367,2.568446,2.427732,3.572183,3.148727,0.256536,0.473998,0.161820,0.643457,0.313237,0.265235,0.080312,0.419230,2.363497,0.008791,2.815495,1.713045,1.155377,2.056151,1.575158,2.153123
31.193716,-0.266882,2.042083,2.168989,2.239675,2.561541,3.948297,3.147740,1.663667,1.812601,2.750585,1.091605,0.783545,2.585213,2.463896,3.574814,3.159247,0.264913,0.456601,0.164719,0.632181,0.313560,0.264590,0.114139,0.415364,2.348033,0.008469,2.854155,1.733019,1.181150,2.019102,1.569037,2.156989
31.578692,-0.423378,2.046357,2.155838,2.318580,2.547404,3.949284,3.153987,1.662352,1.981918,2.734475,1.102125,0.799326,2.593432,2.489541,3.569882,3.163521,0.266523,0.534887,0.158598,0.653444,0.310982,0.291008,0.114139,0.410209,2.325159,0.007825,2.862853,1.772001,1.293586,2.002350,1.600932,2.152479
31.454037,-0.508859,2.047672,2.175893,2.383676,2.561870,3.952242,3.234207,1.686024,2.063124,2.778530,1.171167,0.974233,2.624666,2.525377,3.574485,3.165823,0.261691,0.537464,0.160531,0.650222,0.297773,0.271034,0.093843,0.397645,2.340301,0.009436,2.839980,1.745906,1.297774,1.985275,1.587078,2.144747
30.915695,-0.510832,2.045042,2.231455,2.404718,2.567788,3.952242,3.262152,1.700818,2.065426,2.793325,1.216209,1.025850,2.637159,2.550692,3.582704,3.166151,0.264913,0.546163,0.154732,0.645390,0.292297,0.273611,0.101897,0.383147,2.305829,0.007825,2.831926,1.730120,1.285532,1.949837,1.543586,2.129927
30.967181,-0.536476,2.045371,2.243620,2.419841,2.563185,3.948297,3.274646,1.720216,2.088769,2.859408,1.219825,1.033741,2.656885,2.562857,3.585992,3.167795,0.278444,0.549707,0.154732,0.644745,0.291008,0.266523,0.102864,0.357374,2.286822,0.007503,2.813562,1.709823,1.278766,1.949514,1.528767,2.127672
29.712714,-0.534832,2.046028,2.253812,2.441540,2.581597,3.962106,3.271029,1.718901,2.090084,2.941601,1.201086,1.026836,2.649981,2.561870,3.582704,3.162206,0.267168,0.547129,0.153121,0.632503,0.283920,0.244616,0.096098,0.332567,2.316139,0.008147,2.755572,1.713367,1.321936,1.943071,1.559694,2.105442
29.315645,-0.530558,2.044713,2.213702,2.418526,2.575021,3.986763,3.274646,1.743559,2.079892,2.936012,1.196811,0.999548,2.636173,2.550035,3.580074,3.156288,0.259436,0.549384,0.144101,0.613817,0.274900,0.201446,0.080956,0.307116,2.289721,0.008147,2.709180,1.596743,1.348676,1.787143,1.480120,2.093200
28.891939,-0.512476,2.043727,2.239346,2.446472,2.604611,3.987092,3.279249,1.760326,2.061809,2.933382,1.212921,1.039659,2.661488,2.554966,3.582047,3.153001,0.261691,0.550995,0.147645,0.595132,0.265557,0.194036,0.071936,0.310660,2.305507,0.008469,2.632183,1.523290,1.348998,1.776512,1.472710,2.087401
26.876075,-0.517736,2.041097,2.253154,2.475403,2.607241,3.991366,3.284838,1.757038,2.069042,2.946532,1.240538,1.047220,2.668392,2.563843,3.579745,3.144124,0.268456,0.553895,0.149578,0.580634,0.256214,0.180183,0.087078,0.307438,2.295520,0.008147,2.609953,1.399256,1.348998,1.692104,1.451447,2.079025
26.742981,-0.530887,2.038467,2.265319,2.506965,2.614145,3.988407,3.300619,1.719887,2.079563,2.994204,1.245141,1.038672,2.655899,2.568446,3.582704,3.134261,0.272645,0.560660,0.144423,0.578057,0.256536,0.179217,0.083534,0.292297,2.289721,0.008469,2.602544,1.383148,1.331924,1.634437,1.437594,2.087401
26.249464,-0.528257,2.039782,2.261702,2.477047,2.621378,3.989065,3.303906,1.715284,2.076604,2.985327,1.275388,1.053796,2.669050,2.578309,3.590595,3.136233,0.279410,0.576124,0.141846,0.579024,0.252026,0.186627,0.070325,0.293907,2.313883,0.008469,2.608665,1.364462,1.391846,1.664076,1.421808,2.087723
26.751917,-0.528914,2.040110,2.240661,2.466198,2.618748,3.987421,3.317715,1.720545,2.070029,2.985985,1.305964,1.064974,2.672995,2.593761,3.589937,3.119795,0.288753,0.579990,0.135724,0.581601,0.248804,0.188882,0.074191,0.293263,2.304541,0.008791,2.614786,1.366395,1.501383,1.661499,1.405055,2.095133
27.565804,-0.639053,2.043398,2.239675,2.515514,2.657871,3.982489,3.320345,1.745202,2.170304,3.008013,1.312210,1.090618,2.689105,2.617761,3.590923,3.120123,0.310982,0.589655,0.135080,0.576124,0.241717,0.185338,0.079023,0.303572,2.323871,0.007503,2.584825,1.364140,1.471743,1.684050,1.389269,2.097710
28.790202,-0.710397,2.040110,2.248551,2.546089,2.685159,3.984791,3.306208,1.682078,2.225866,3.015574,1.293142,1.083056,2.700283,2.643077,3.586321,3.122754,0.298740,0.582567,0.112529,0.573869,0.236240,0.180505,0.067103,0.301962,2.298097,0.008469,2.594490,1.351898,1.404411,1.634759,1.378960,2.095455
30.390946,-0.918839,2.034850,2.276826,2.640118,2.736776,3.990380,3.335140,1.629475,2.427732,3.053383,1.306292,1.097194,2.706858,2.674310,3.590923,3.182261,0.306472,0.534887,0.117039,0.567748,0.233663,0.177928,0.077735,0.299384,2.318072,0.007503,2.558085,1.342555,1.358985,1.612852,1.383792,2.068716
28.433324,-1.005635,2.022685,2.315292,2.746968,2.764722,3.990380,3.351249,1.653146,2.501048,3.071794,1.263223,1.084700,2.717708,2.697653,3.587964,3.192124,0.309371,0.505248,0.126059,0.579346,0.241395,0.176317,0.100931,0.297451,2.337724,0.008147,2.508794,1.340944,1.227864,1.683084,1.367362,2.031022
24.248031,-1.041143,2.012494,2.267949,2.778530,2.759790,3.979202,3.338427,1.657749,2.527021,3.079356,1.219825,1.067275,2.688776,2.695023,3.584348,3.185220,0.304217,0.503959,0.099964,0.565815,0.232374,0.175995,0.095454,0.250737,2.306474,0.007503,2.471100,1.369617,1.118972,1.564527,1.344166,1.962079
12.920609,-1.042129,2.010192,2.286360,2.785763,2.786092,3.974599,3.344016,1.605146,2.518801,3.065876,1.233634,1.059385,2.686475,2.665762,3.575142,3.190480,0.323869,0.610596,0.143134,0.578701,0.226897,0.193070,0.016201,0.232374,2.499129,0.008469,2.328381,1.865429,1.377027,2.029734,1.442426,1.942427
-6.053567,-0.995443,1.997041,2.290634,2.679242,2.726913,3.963421,3.175686,1.559447,2.458965,2.997163,1.221469,0.974562,2.718694,2.545760,3.560019,3.171740,0.352864,0.679861,0.200480,0.573547,0.278121,0.185982,-0.002162,0.189848,2.689206,0.009436,1.898290,1.983986,1.426640,2.306151,1.490429,1.912788
-15.794902,-0.642670,1.813587,1.978301,2.417869,2.677269,4.012408,2.731845,1.295772,2.082193,2.885381,1.290183,0.745079,2.522418,2.321867,3.498539,3.103685,0.313560,0.593521,0.143456,0.545518,0.218843,0.126059,-0.000229,0.056472,2.643781,0.008469,0.591266,1.664398,1.160854,2.215301,1.529733,1.490751
-19.649762,-0.221512,1.378622,1.287224,1.891177,2.937984,4.123861,1.789258,0.797682,1.327663,2.598693,1.042618,0.426499,2.042741,2.001315,3.399579,3.051410,0.278444,0.562915,0.090621,0.531343,0.182438,0.116717,0.165686,0.000093,2.604799,0.009114,0.510725,2.064527,1.175029,2.446616,1.579024,1.510403
-20.925880,-0.582833,1.437801,1.318457,1.859615,3.050095,4.159039,1.796162,0.716147,1.655777,2.553322,1.027165,0.454116,2.007891,1.980932,3.421278,3.052397,0.273611,0.577091,0.082245,0.552284,0.206923,0.157632,0.184371,0.000415,2.604155,0.009436,0.541008,2.194038,1.377349,2.543265,1.561305,1.663109
-21.080979,-0.577573,1.434513,1.303005,1.847779,3.058315,4.157067,1.772162,0.642173,1.631776,2.545432,1.018617,0.462664,1.999014,1.971726,3.412072,3.060287,0.268134,0.578057,0.083212,0.553573,0.210467,0.156665,0.184049,0.000093,2.615752,0.009114,0.523289,2.189528,1.374449,2.591590,1.569037,1.665042
-20.914454,-0.577244,1.425308,1.276374,1.841204,3.050424,4.156738,1.780710,0.617515,1.577858,2.526363,1.011713,0.493568,1.987507,1.965808,3.406812,3.046808,0.278444,0.571936,0.084500,0.548740,0.210145,0.153121,0.183405,-0.000551,2.640559,0.009114,0.524578,2.219489,1.406344,2.603188,1.560017,1.680184
-20.622857,-0.565737,1.410842,1.237579,1.837258,3.040561,4.162327,1.778408,0.574117,1.552542,2.513870,0.985411,0.498171,1.988493,1.938191,3.396291,3.042534,0.275222,0.562915,0.079023,0.544552,0.205634,0.137335,0.179861,-0.000229,2.641204,0.009436,0.526511,2.218845,1.365751,2.592879,1.587723,1.651189
-20.601268,-0.641355,1.404266,1.232319,1.834300,3.032999,4.161012,1.759997,0.535651,1.514405,2.504007,0.975877,0.486664,1.973370,1.921424,3.389058,3.035301,0.267490,0.551317,0.075157,0.539075,0.176317,0.122838,0.180505,-0.000551,2.619941,0.009436,0.496871,2.210791,1.365751,2.592234,1.573225,1.635725
-20.703373,-0.636094,1.413472,1.216538,1.826738,3.043191,4.167259,1.762956,0.555706,1.537748,2.519459,1.010727,0.496527,1.978301,1.922739,3.384784,3.056013,0.278766,0.548418,0.082245,0.544552,0.180828,0.124771,0.182116,-0.000551,2.673098,0.008791,0.538753,2.245907,1.428895,2.632827,1.584823,1.672130
-21.534777,-0.556531,1.419719,1.240209,1.839889,3.060287,4.174820,1.913862,0.619488,1.579830,2.553980,1.053796,0.547158,2.018411,1.927671,3.395305,3.081328,0.286498,0.553250,0.082567,0.545518,0.185660,0.125737,0.193714,0.000093,2.712080,0.010080,0.551317,2.267814,1.520712,2.638304,1.600932,1.700481
-21.505839,-0.599272,1.446020,1.266840,1.827724,3.069493,4.179094,2.073645,0.687544,1.660708,2.599021,1.111988,0.602721,2.038795,1.925698,3.409771,3.115521,0.291652,0.562593,0.081601,0.545196,0.212400,0.142168,0.199835,0.029410,2.729799,0.009436,0.565170,2.353188,1.573225,2.662144,1.606086,1.817104
-20.951513,-0.650560,1.456541,1.298731,1.893478,3.095794,4.178766,2.162413,0.734558,1.735339,2.639789,1.163277,0.657297,2.049316,1.945424,3.421606,3.145768,0.292619,0.569036,0.087400,0.546485,0.220454,0.151833,0.211755,0.051317,2.752673,0.009758,0.580957,2.425031,1.636370,2.710147,1.609630,1.919875
-21.377632,-0.644971,1.491720,1.356923,2.003946,3.117165,4.180081,2.291292,0.810505,1.824765,2.702913,1.231004,0.876259,2.095015,1.952986,3.441333,3.186535,0.300351,0.571614,0.094487,0.554861,0.225931,0.157954,0.219165,0.055828,2.762016,0.010080,0.680183,2.500095,1.682439,2.724967,1.667620,1.940172
-20.960798,-0.652862,1.500925,1.384211,2.068385,3.120123,4.184026,2.323511,0.826286,1.862245,2.720338,1.255662,0.885465,2.123947,1.953972,3.442976,3.211851,0.301317,0.578701,0.098031,0.559372,0.234951,0.167297,0.246227,0.055828,2.768459,0.010080,0.647323,2.524257,1.736563,2.739142,1.756537,1.968522
-19.556289,-0.641683,1.489418,1.405910,2.060823,3.116836,4.182053,2.217647,0.806231,1.823450,2.706858,1.236264,0.853245,2.110467,1.912547,3.435744,3.210864,0.302606,0.562271,0.113495,0.545518,0.232374,0.155377,0.242039,0.063882,2.768459,0.009436,0.556794,2.523613,1.779089,2.736565,1.779411,1.955636
-18.567668,-0.618669,1.423664,1.272100,1.999671,3.064890,4.172519,2.139728,0.728312,1.660051,2.641762,1.152756,0.788477,2.058522,1.877369,3.423250,3.187850,0.271034,0.528766,0.075157,0.526833,0.211433,0.116717,0.203379,0.064848,2.732054,0.010402,0.538753,2.396680,1.635403,2.659245,1.606731,1.899901
-19.928885,-0.694287,1.401965,1.208647,1.955945,3.026753,4.165615,2.159454,0.686229,1.619941,2.636830,1.158674,0.799326,2.040439,1.864218,3.420291,3.179302,0.270067,0.516201,0.089333,0.522645,0.215621,0.113495,0.213688,0.064848,2.734632,0.009436,0.505570,2.497196,1.695326,2.658278,1.601254,1.897324
-21.548192,-0.710397,1.403280,1.185304,1.987836,3.079356,4.174820,2.142687,0.670119,1.638680,2.635844,1.172811,0.775655,2.033864,1.874738,3.420949,3.198042,0.268779,0.525544,0.073869,0.532954,0.238495,0.141201,0.197580,0.060016,2.729477,0.009758,0.461755,2.499129,1.740429,2.648936,1.602542,1.887014
-23.036594,-0.618998,1.378622,1.112975,1.954959,3.136233,4.179752,2.152221,0.692147,1.518350,2.600008,1.142564,0.756915,2.008220,1.899067,3.419305,3.214152,0.265235,0.519423,0.108018,0.531021,0.249449,0.164075,0.198547,0.062915,2.727222,0.010080,0.462722,2.595778,1.847388,2.687918,1.618973,1.941460
-25.138026,-0.517078,1.415116,1.194510,2.074303,3.207248,4.203752,2.230469,0.755928,1.660708,2.669378,1.180373,0.775326,2.034850,1.997041,3.452511,3.273331,0.296807,0.543263,0.144745,0.550673,0.278121,0.189526,0.215621,0.068392,2.775869,0.009758,0.390235,2.661178,1.974965,2.685340,1.818393,2.001383
-24.896999,-0.540092,1.440102,1.296101,2.211729,3.217768,4.209341,2.318251,0.825299,1.817532,2.706201,1.233305,0.800641,2.073316,2.032549,3.474210,3.352236,0.300995,0.558727,0.159565,0.582567,0.304861,0.256536,0.231407,0.063882,2.804864,0.010402,0.439848,2.713369,2.031667,2.685662,1.905056,2.081602
-19.542612,-0.595655,1.597913,1.502898,2.453047,3.262481,4.219204,2.425759,1.018617,1.952657,2.743023,1.360211,0.849300,2.277483,2.096330,3.506100,3.356510,0.326768,0.555506,0.175673,0.590299,0.306150,0.258791,0.252670,0.081601,2.831281,0.010724,0.418263,2.735920,2.156667,2.707570,2.032311,2.222388
-9.501705,-0.635765,1.951013,1.881314,2.685159,3.249330,4.209670,2.702913,1.274073,2.085481,2.797599,1.527227,1.124482,2.525377,2.355402,3.566594,3.356839,0.325480,0.608663,0.175673,0.615428,0.304217,0.277799,0.339333,0.093521,2.825482,0.010724,0.699513,2.789722,2.373162,2.658600,2.091912,2.249128
5.436122,-0.517736,2.017096,2.281428,2.714091,3.118480,4.146875,2.828504,1.413472,2.016768,2.838367,1.475939,1.104427,2.514856,2.424773,3.544895,3.256563,0.315815,0.628315,0.157954,0.546807,0.253315,0.172451,0.394745,0.190170,2.674387,0.009114,1.887981,2.800353,2.528123,2.401190,1.837401,1.980442
14.484057,0.219701,2.029261,2.234414,2.447787,2.561541,3.943694,2.840997,1.489747,1.253360,2.720338,1.268484,0.903876,2.403403,2.373484,3.459415,3.022478,0.264590,0.667297,0.130248,0.549707,0.233985,0.161175,0.310016,0.358341,2.517814,0.008469,2.581281,2.766848,2.234631,2.105442,1.581602,1.804540
19.398054,0.224304,2.033535,2.381046,2.570747,2.439896,3.901283,3.160234,1.719230,1.378951,2.840339,1.387499,1.029138,2.515842,2.482636,3.539306,3.095466,0.262657,0.624449,0.140557,0.594810,0.247838,0.223353,0.195969,0.380570,2.419232,0.008469,2.838369,2.200159,1.841589,2.080314,1.566782,1.968522
24.156741,0.063863,2.062467,2.409320,2.616446,2.536884,3.917722,3.306865,1.816546,1.581803,2.851189,1.406239,1.136975,2.589816,2.542144,3.565279,3.126041,0.284887,0.594488,0.146034,0.589655,0.274255,0.223675,0.172773,0.395712,2.337402,0.008469,2.944039,1.847066,1.380248,2.091589,1.549707,2.043265
24.585124,-0.108414,2.090412,2.406362,2.626967,2.623022,3.923968,3.419634,1.831012,1.762627,2.912340,1.500596,1.189250,2.641433,2.602309,3.587636,3.206261,0.304861,0.597065,0.174706,0.639913,0.302928,0.289075,0.136369,0.398933,2.387659,0.008469,2.921488,1.847388,1.309694,2.170198,1.656022,2.113497
26.056574,-0.371761,2.093043,2.418526,2.649323,2.655241,3.932516,3.434100,1.855670,2.024658,2.891628,1.555501,1.218839,2.655570,2.611186,3.589280,3.220399,0.300995,0.598354,0.180183,0.679217,0.323547,0.320647,0.160531,0.403121,2.379927,0.008469,2.897325,1.846099,1.341911,2.208858,1.684372,2.116718
26.863647,-0.448365,2.083837,2.408992,2.616446,2.657871,3.938434,3.435744,1.845149,2.089755,2.901820,1.616982,1.182017,2.645707,2.620392,3.589280,3.221056,0.310338,0.592232,0.185338,0.676640,0.318070,0.324835,0.167297,0.403766,2.429541,0.008791,2.873807,1.845777,1.329024,2.213368,1.701125,2.160211
28.393345,-0.525955,2.078577,2.406033,2.630583,2.650310,3.938434,3.441333,1.843176,2.169317,2.922532,1.676818,1.207990,2.643734,2.647022,3.590266,3.221056,0.314526,0.589011,0.184371,0.683405,0.315815,0.333856,0.183727,0.406665,2.416654,0.008791,2.886694,1.836434,1.300029,2.227865,1.749450,2.204025
28.619855,-0.551928,2.080220,2.408334,2.646364,2.671351,3.950270,3.443634,1.843176,2.182797,2.930751,1.705092,1.213908,2.650310,2.650310,3.598814,3.222042,0.318070,0.571936,0.188237,0.681150,0.325157,0.340944,0.184371,0.407632,2.403445,0.008791,2.876384,1.843844,1.290042,2.207891,1.770068,2.230120
29.697660,-0.549298,2.067070,2.396170,2.608885,2.691077,3.969339,3.438374,1.842190,2.159783,2.925162,1.676160,1.219825,2.637488,2.647022,3.608677,3.221714,0.315493,0.561305,0.186304,0.679539,0.320647,0.339977,0.196614,0.402477,2.381216,0.008469,2.867686,1.826769,1.319359,2.155378,1.673097,2.208858
30.121127,-0.575600,2.075618,2.391238,2.621049,2.681872,3.968352,3.439031,1.836601,2.163728,2.974478,1.676818,1.222784,2.653926,2.659187,3.607362,3.222371,0.324835,0.564204,0.188882,0.685338,0.317426,0.346098,0.199835,0.402155,2.374451,0.008469,2.863498,1.831280,1.318070,2.157311,1.666653,2.234309
30.494460,-0.677191,2.075289,2.416553,2.674639,2.712776,3.972955,3.449552,1.883944,2.263675,2.974478,1.671886,1.234949,2.666091,2.676611,3.608677,3.229933,0.329668,0.568714,0.188237,0.687593,0.317748,0.352542,0.200480,0.400544,2.368974,0.008469,2.856732,1.807440,1.432439,2.176319,1.650867,2.256216
30.015242,-0.679821,2.070029,2.421485,2.687132,2.714749,3.968681,3.448237,1.871122,2.263346,2.978094,1.675503,1.242511,2.666748,2.686475,3.607033,3.218755,0.330956,0.568714,0.189848,0.687271,0.312271,0.351897,0.203701,0.399900,2.377994,0.008147,2.841913,1.779733,1.440493,2.179218,1.631215,2.261693
31.305544,-0.678835,2.070029,2.417540,2.653597,2.703899,3.970654,3.445935,1.872108,2.264004,2.978423,1.681421,1.242511,2.673652,2.702584,3.605061,3.214481,0.339011,0.571292,0.194358,0.688238,0.307438,0.348998,0.213044,0.395712,2.407634,0.008469,2.797454,1.756215,1.483341,2.161821,1.696615,2.261048
30.828599,-0.727493,2.070029,2.421156,2.681872,2.716393,3.969339,3.447251,1.919780,2.308059,3.016889,1.672544,1.233634,2.675625,2.726585,3.606376,3.217440,0.344810,0.557439,0.209822,0.688238,0.306794,0.348676,0.203379,0.390879,2.419876,0.008469,2.752995,1.737530,1.473032,2.152479,1.666331,2.258793
31.875072,-0.755439,2.066083,2.412608,2.692721,2.703899,3.971311,3.441990,1.926355,2.329429,3.017547,1.656763,1.232648,2.672995,2.747626,3.599471,3.219084,0.342554,0.555183,0.209822,0.678250,0.304539,0.349320,0.209500,0.388624,2.403768,0.008791,2.744941,1.710468,1.426640,2.122839,1.607375,2.226254
31.413036,-0.839605,2.060823,2.393211,2.726913,2.736119,3.983476,3.445607,1.987178,2.390581,3.025109,1.623557,1.217853,2.675954,2.773599,3.605061,3.229604,0.355441,0.529410,0.228508,0.679539,0.302284,0.358985,0.204346,0.390235,2.414399,0.008147,2.730766,1.708857,1.460790,2.168265,1.585145,2.319360
32.610926,-0.888921,2.061809,2.396498,2.748612,2.759133,3.988407,3.446264,2.162085,2.451074,3.052068,1.589365,1.255004,2.693379,2.807133,3.604732,3.232234,0.356730,0.529410,0.225608,0.681794,0.296485,0.371871,0.218199,0.392168,2.408922,0.008791,2.712402,1.657311,1.490751,2.223033,1.565816,2.348677
33.827611,-0.893852,2.052604,2.371841,2.732502,2.782476,4.009449,3.445935,2.041097,2.435622,3.085274,1.580817,1.223771,2.682529,2.808120,3.604074,3.225659,0.358985,0.506214,0.226253,0.674384,0.290686,0.347709,0.215944,0.388302,2.438239,0.007825,2.667943,1.621872,1.465944,2.194038,1.540365,2.351255
35.035608,-0.931332,2.054576,2.364608,2.747626,2.780832,4.004517,3.450209,2.199236,2.477376,3.145768,1.605803,1.185633,2.691735,2.831463,3.602759,3.227632,0.359951,0.497516,0.240750,0.683727,0.295518,0.374449,0.192425,0.364139,2.468845,0.008469,2.640881,1.616073,1.490751,2.248484,1.599965,2.363175
35.355167,-0.957634,2.066412,2.386306,2.798257,2.849545,4.019312,3.458100,2.215017,2.506637,3.171412,1.689969,1.278018,2.700940,2.863353,3.607691,3.235193,0.376382,0.473031,0.259114,0.680506,0.299706,0.387980,0.195647,0.362851,2.549709,0.009114,2.623162,1.544553,1.520712,2.290043,1.670519,2.360275
32.981667,-1.171337,2.075946,2.367895,2.813709,2.857435,4.026545,3.458429,2.332388,2.745982,3.220070,1.673202,1.172811,2.677598,2.870915,3.607362,3.234207,0.392490,0.457245,0.259758,0.681150,0.285209,0.363495,0.195325,0.338366,2.562273,0.008791,2.594490,1.530700,1.520390,2.310340,1.665042,2.349966
23.563233,-1.227886,2.064111,2.364608,2.786421,2.863682,3.995640,3.442319,2.333374,2.760119,3.234865,1.683722,1.185304,2.657214,2.844285,3.601444,3.234207,0.379926,0.482374,0.246549,0.652799,0.271678,0.348031,0.200157,0.352219,2.590946,0.009758,2.609309,1.534243,1.493973,2.294876,1.762014,2.323548
8.543283,-1.153583,2.032877,2.368882,2.812723,2.869600,3.987421,3.426209,2.054905,2.671022,3.205933,1.735011,1.210949,2.715406,2.810421,3.572512,3.217768,0.371549,0.592232,0.223353,0.577091,0.248482,0.235918,0.158276,0.292297,2.644747,0.009758,2.342556,1.535532,1.443071,2.256860,1.644102,2.195649
-6.232220,-0.968484,2.007562,2.361977,2.678584,2.777544,3.963749,3.318701,1.575556,2.519788,3.178645,1.682078,1.077796,2.753544,2.695351,3.528786,3.177330,0.354475,0.596098,0.193714,0.540686,0.251060,0.184049,-0.000229,0.238817,2.756861,0.011369,1.754927,1.477542,1.168586,2.275868,1.597388,2.064205
-15.954558,-0.245512,1.798135,2.098632,2.193318,2.531295,3.932845,2.644721,1.283278,1.619283,2.957382,1.396705,0.727983,2.432334,2.387293,3.421606,3.060945,0.375093,0.570969,0.203701,0.542941,0.218521,0.162142,0.000415,0.106407,2.829993,0.009758,1.212722,1.486241,1.421163,2.541332,1.608341,1.931151
-18.424395,-0.248471,1.394732,1.481199,1.995397,2.852833,4.093943,1.736654,0.801956,1.425308,2.832778,1.237250,0.353511,1.991452,2.017096,3.297331,3.036944,0.367683,0.578379,0.181150,0.547129,0.212400,0.171163,0.159242,0.053250,2.838369,0.010080,0.916975,1.935983,1.799708,2.717879,1.683084,2.012659
-18.288142,-0.303376,1.369088,1.294457,1.856327,2.965272,4.151149,1.738627,0.581679,1.357581,2.775900,1.207332,0.313730,1.971397,1.975342,3.305221,3.060287,0.344810,0.546485,0.125093,0.531343,0.186627,0.139913,0.187593,0.031665,2.792299,0.009758,0.846421,1.812594,1.648290,2.670843,1.643780,1.893780
-18.963421,-0.313897,1.351005,1.258621,1.771504,2.981711,4.161669,1.737969,0.514939,1.346403,2.763736,1.193524,0.249948,1.946082,1.959890,3.329879,3.096781,0.349642,0.544874,0.118972,0.534887,0.196291,0.152477,0.192748,0.043263,2.792943,0.010724,0.675351,1.882182,1.694037,2.671809,1.633148,1.960146
-20.619373,-0.369131,1.355937,1.274073,1.798792,2.974149,4.164957,1.735339,0.541569,1.410184,2.746968,1.184318,0.243373,1.941479,1.955287,3.342044,3.118480,0.342232,0.558083,0.139913,0.544230,0.195325,0.160531,0.194358,0.041974,2.817428,0.011369,0.520067,2.167620,1.827414,2.727866,1.655055,2.006860
-21.230543,-0.440803,1.356266,1.271443,1.809313,2.975793,4.163971,1.724819,0.498500,1.456212,2.729872,1.175770,0.192742,1.935890,1.945424,3.358811,3.157275,0.340944,0.551640,0.138302,0.542297,0.229474,0.174384,0.201446,0.047129,2.813884,0.010402,0.004925,2.188239,1.882182,2.742686,1.660854,2.011048
-23.406887,-0.607491,1.341800,1.266182,1.867834,3.022478,4.172848,1.713640,0.453129,1.556159,2.725269,1.146838,0.279209,1.930301,1.963178,3.354866,3.160891,0.343199,0.545518,0.161498,0.544874,0.260402,0.195003,0.204990,0.050673,2.827737,0.009758,-0.001196,2.214657,1.964656,2.750418,1.615107,2.020069
-24.435925,-0.605190,1.319115,1.216209,1.854355,3.045821,4.180081,1.690298,0.446883,1.463774,2.720009,1.149468,0.202934,1.922081,1.965151,3.371633,3.178645,0.332567,0.558083,0.152799,0.568070,0.283598,0.240750,0.210145,0.053250,2.828704,0.009758,-0.001196,2.284566,2.006538,2.804864,1.753960,2.107375
-23.861786,-0.722561,1.293142,1.187606,1.866519,3.068506,4.181067,1.678133,0.465951,1.577200,2.703899,1.116591,0.176961,1.906629,1.949698,3.375907,3.192782,0.331923,0.549062,0.156665,0.561305,0.289719,0.247838,0.203057,0.054861,2.823871,0.010402,0.000093,2.279734,1.998806,2.797454,1.720133,2.099321
-25.059748,-0.674889,1.271443,1.168866,1.869807,3.084616,4.181067,1.676489,0.368964,1.513090,2.716393,1.140592,0.280195,1.917150,1.984548,3.389058,3.209878,0.335145,0.552606,0.160853,0.569681,0.292941,0.277799,0.206279,0.050029,2.820972,0.010724,0.000093,2.289399,2.060017,2.795843,1.800996,2.109308
-23.843517,-0.732096,1.274402,1.183003,1.817532,3.089219,4.182053,1.598570,0.322607,1.527884,2.695351,1.124810,0.179591,1.912218,1.944767,3.400894,3.227632,0.324513,0.546807,0.154088,0.566137,0.287464,0.278444,0.227219,0.058083,2.814529,0.010402,-0.000229,2.304541,2.089334,2.780701,1.877349,2.119940
-24.859011,-0.827111,1.249415,1.170839,1.744874,3.072452,4.179094,1.526898,0.312086,1.514076,2.668392,1.108372,0.178605,1.882958,1.987836,3.396291,3.206590,0.317426,0.515879,0.146678,0.549384,0.283920,0.243972,0.198224,0.053895,2.789400,0.009758,-0.000229,2.268780,1.992685,2.758472,1.648290,2.037466
-24.499016,-0.866893,1.201086,1.104098,1.746518,3.106644,4.184683,1.561419,0.238441,1.484158,2.656885,1.115605,0.249948,1.898739,2.054576,3.417004,3.207248,0.313237,0.515557,0.138624,0.553895,0.283598,0.245261,0.208212,0.047129,2.788433,0.010402,0.000093,2.289399,1.990752,2.746874,1.625416,2.010726
-24.012738,-0.814947,1.236922,1.134345,1.773148,3.115849,4.185341,1.595940,0.353183,1.503555,2.690749,1.159331,0.410718,1.924383,2.088440,3.431141,3.201001,0.303250,0.504603,0.144423,0.550673,0.280699,0.241717,0.196936,0.043263,2.774258,0.010724,0.000093,2.284244,1.979154,2.726577,1.618651,1.998484
-23.583986,-0.811001,1.244155,1.161304,1.744216,3.126041,4.188629,1.561090,0.341018,1.506514,2.710146,1.190236,0.425184,1.949369,2.130851,3.450209,3.217440,0.303572,0.501060,0.148289,0.553573,0.281665,0.250415,0.189204,0.038431,2.763626,0.011691,-0.000229,2.283600,1.976254,2.731088,1.599965,1.988496
-23.668335,-0.832372,1.231332,1.170510,1.803066,3.140178,4.191588,1.430897,0.302223,1.497638,2.717708,1.184976,0.388032,1.929314,2.132166,3.445278,3.231248,0.301639,0.497838,0.147000,0.555506,0.287142,0.274900,0.191459,0.040364,2.784567,0.010402,-0.001196,2.291654,2.035533,2.728833,1.597066,1.988819
-25.282792,-0.818563,1.237908,1.017302,1.702791,3.131959,4.190273,1.405253,0.321292,1.481856,2.655570,1.138948,0.227920,1.820491,2.092714,3.434100,3.238810,0.298096,0.488495,0.142812,0.553250,0.287142,0.265879,0.186304,0.052606,2.765237,0.010080,-0.000229,2.287788,2.062272,2.742363,1.586434,2.004283
-24.994686,-0.828755,1.249744,1.152099,1.739285,3.143795,4.191259,1.385198,0.304196,1.492048,2.637159,1.155715,0.245017,1.777751,2.099289,3.437387,3.268070,0.291330,0.484951,0.152799,0.541975,0.287464,0.268456,0.190170,0.059693,2.768137,0.011047,-0.000874,2.269747,2.074192,2.754606,1.576125,2.017813
-25.217017,-0.943168,1.261579,1.159989,1.844820,3.152014,4.200793,1.385855,0.317346,1.599557,2.692392,1.196154,0.390663,1.759340,2.121974,3.439031,3.271029,0.298418,0.481408,0.176962,0.559049,0.298096,0.286176,0.188237,0.056794,2.783923,0.010724,-0.000551,2.287466,2.111241,2.748162,1.584823,2.042298
-25.306004,-1.002676,1.262895,1.160647,1.876382,3.163192,4.193889,1.409527,0.342662,1.660379,2.706530,1.274402,0.480746,1.820491,2.171619,3.451196,3.266755,0.303250,0.470776,0.170840,0.560338,0.295518,0.285853,0.193070,0.059049,2.766204,0.011047,0.000093,2.412144,2.122195,2.753961,1.595455,2.051641
-24.314199,-1.048047,1.375663,1.268155,1.957589,3.180946,4.190601,1.785970,0.403814,1.843176,2.746968,1.309580,0.551761,1.974027,2.198249,3.478484,3.289769,0.312915,0.482374,0.182116,0.557439,0.300351,0.284565,0.199835,0.063882,2.808407,0.010402,0.000415,2.516203,2.172453,2.776835,1.752027,2.078703
-18.604379,-1.019115,1.453582,1.594296,2.083508,3.186864,4.205067,2.157153,0.551761,1.932602,2.786421,1.343444,0.682941,2.077919,2.224880,3.511361,3.294701,0.327413,0.482696,0.189204,0.553250,0.307438,0.282310,0.234629,0.085789,2.845134,0.011047,-0.000551,2.560662,2.239463,2.786822,1.833535,2.131538
-6.338876,-0.885962,1.511117,1.740271,2.216332,3.132946,4.173176,2.446800,0.721736,1.914191,2.811408,1.393088,0.766449,2.186085,2.239017,3.486045,3.262152,0.330956,0.470132,0.194681,0.532632,0.306794,0.207567,0.226897,0.151833,2.848034,0.010402,0.786820,2.521680,2.211113,2.732376,1.752994,2.034244
4.854218,-0.654177,1.641311,1.952986,2.293593,3.002095,4.115313,2.597049,1.051494,1.812272,2.772284,1.328320,0.766778,2.317265,2.159454,3.442648,3.183576,0.320647,0.466588,0.206279,0.511047,0.274900,0.156665,0.165364,0.272645,2.795521,0.010724,1.624127,2.428897,2.080958,2.726900,1.648290,1.951770
13.728412,-0.669958,1.521309,1.859286,2.010192,2.735461,4.011092,2.410964,1.101468,1.532487,2.723297,1.205688,0.659269,2.285702,2.198249,3.334482,3.008999,0.276511,0.554539,0.167619,0.552928,0.281987,0.228830,0.187593,0.404732,2.619618,0.010080,2.479799,2.206925,1.904411,2.584502,1.522968,1.833535
15.173132,-0.163319,1.915835,1.967452,2.021042,2.526692,3.942379,2.750256,1.459829,1.475939,2.828504,1.119221,0.851930,2.469814,2.312662,3.344016,2.973820,0.214655,0.472387,0.134758,0.539075,0.282632,0.213044,0.098353,0.360596,2.360597,0.008147,2.608020,1.417297,1.158921,2.228187,1.417297,1.773612
12.767247,-0.232361,2.010192,2.039453,2.113426,2.550363,3.942379,3.072452,1.605803,1.672873,2.934039,1.319443,0.948918,2.511240,2.504335,3.365387,3.006040,0.255248,0.465944,0.140235,0.526189,0.258147,0.171485,0.096742,0.358985,2.403445,0.009114,2.528768,1.436627,1.217877,2.217878,1.412143,1.784244
12.356619,-0.165292,1.994411,2.027946,2.083179,2.522418,3.937777,3.051739,1.584104,1.578515,2.846257,1.319772,0.909136,2.468499,2.481979,3.359140,2.977766,0.254603,0.472387,0.127992,0.524256,0.252993,0.164719,0.095132,0.348676,2.388304,0.009114,2.564528,1.493651,1.236563,2.220455,1.436305,1.800352
13.476582,0.075370,2.016768,2.084494,2.143016,2.478034,3.927256,3.041218,1.584104,1.364485,2.790366,1.330622,0.911766,2.462581,2.458636,3.353880,2.955738,0.258147,0.548096,0.118972,0.525222,0.251704,0.163431,0.100286,0.343199,2.357698,0.008791,2.659245,1.544875,1.251704,2.222066,1.470132,1.788432
17.689091,0.080959,2.062138,2.163728,2.177537,2.483294,3.922324,3.053712,1.559447,1.389800,2.803188,1.380924,0.947274,2.489869,2.514856,3.377222,2.967903,0.253315,0.523611,0.125415,0.554861,0.255570,0.186304,0.111240,0.336433,2.325481,0.008469,2.709825,1.550674,1.204991,2.209180,1.477220,1.823870
22.085525,0.025397,2.095673,2.234743,2.288990,2.575350,3.937448,3.123411,1.607447,1.460486,2.852175,1.416102,1.056755,2.556939,2.608227,3.435744,2.997492,0.253637,0.461755,0.142490,0.558083,0.290364,0.211433,0.085145,0.335789,2.325159,0.008147,2.630250,1.493651,1.088689,2.188883,1.462078,1.888625
25.499631,-0.197511,2.101919,2.230469,2.522418,2.627953,3.966708,3.289769,1.739942,1.664325,2.872888,1.442404,1.213908,2.631241,2.670036,3.524840,3.059958,0.256859,0.452413,0.133147,0.562593,0.292297,0.225931,0.086755,0.343199,2.283922,0.008469,2.675353,1.492684,1.059050,2.167620,1.455313,1.897646
27.645465,-0.444420,2.120988,2.288333,2.744338,2.648008,3.980846,3.332509,1.762627,1.932273,2.949491,1.519336,1.240867,2.677269,2.746311,3.554101,3.101712,0.270389,0.444681,0.156665,0.593199,0.291974,0.241717,0.075480,0.343199,2.338690,0.008147,2.618008,1.467233,0.972387,2.191783,1.456279,1.956602
27.646611,-0.654505,2.130522,2.316936,2.759790,2.650310,3.988407,3.369003,1.784326,2.137098,2.960341,1.528542,1.277361,2.695023,2.800229,3.579416,3.109274,0.277477,0.441781,0.174062,0.605119,0.317426,0.274578,0.088044,0.324513,2.380250,0.008147,2.554863,1.441138,0.942104,2.217878,1.452091,1.960468
27.277414,-0.658780,2.124933,2.321539,2.760777,2.684831,3.992024,3.364071,1.759011,2.134139,2.978752,1.560104,1.295114,2.707845,2.806805,3.584348,3.109603,0.277477,0.451446,0.180183,0.601253,0.316137,0.275544,0.090943,0.310338,2.364786,0.008147,2.522324,1.402800,0.938560,2.220133,1.435339,1.933728
26.419958,-0.670615,2.126906,2.324826,2.765708,2.684502,3.989394,3.380839,1.731723,2.143345,2.960998,1.583118,1.292813,2.706530,2.815682,3.583033,3.109274,0.279088,0.443392,0.182438,0.594488,0.309371,0.260724,0.069681,0.302606,2.357376,0.008469,2.453059,1.323869,0.935338,2.219167,1.434372,1.916331
26.095556,-0.670944,2.124933,2.318580,2.761106,2.674310,3.987750,3.391359,1.715613,2.140714,2.989930,1.594954,1.300046,2.707516,2.820284,3.582704,3.108616,0.280377,0.445003,0.170196,0.582890,0.297129,0.252026,0.065492,0.299706,2.376061,0.007825,2.438239,1.329024,0.928573,2.222388,1.427929,1.888947
27.066285,-0.652862,2.125262,2.322854,2.759133,2.647022,3.981832,3.395305,1.727120,2.117700,2.993218,1.598570,1.285909,2.702256,2.818640,3.579745,3.105000,0.283598,0.442748,0.186627,0.598998,0.298096,0.266201,0.055828,0.288753,2.355121,0.008791,2.404734,1.336434,0.940171,2.226254,1.431795,1.900867
27.793397,-0.673903,2.122303,2.325155,2.765708,2.687132,3.982818,3.394647,1.683722,2.138742,2.969218,1.601858,1.287552,2.706858,2.857764,3.577115,3.107630,0.294230,0.434371,0.206279,0.598998,0.298096,0.263302,0.059693,0.286820,2.383793,0.008469,2.349966,1.374127,0.916330,2.218200,1.430506,1.892491
28.144133,-0.705137,2.133810,2.324497,2.780503,2.690420,3.976900,3.406812,1.763285,2.190688,2.973820,1.655448,1.292484,2.708831,2.867956,3.582047,3.117493,0.296807,0.446614,0.193392,0.593521,0.298418,0.265235,0.075480,0.285531,2.385404,0.009436,2.362853,1.398934,0.973998,2.214334,1.435339,1.931151
27.543222,-0.711712,2.134139,2.312991,2.783462,2.672009,3.965722,3.405168,1.883944,2.215345,2.935354,1.646571,1.322402,2.710146,2.867627,3.581718,3.123411,0.298096,0.441781,0.193392,0.595454,0.290364,0.247194,0.087400,0.282310,2.365752,0.009114,2.356731,1.391846,1.016202,2.199515,1.417942,1.884115
26.610070,-0.706123,2.116714,2.311018,2.766366,2.636173,3.988407,3.399579,1.771504,2.141701,2.954094,1.582789,1.301361,2.707187,2.857435,3.578759,3.106644,0.283920,0.423418,0.172773,0.552606,0.282310,0.200480,0.067425,0.267168,2.335791,0.008791,2.269102,1.321292,0.949514,2.150223,1.399256,1.806473
25.218248,-0.654177,2.110139,2.287675,2.738749,2.636173,4.004188,3.381496,1.783997,2.076604,2.936340,1.550241,1.266511,2.707845,2.850860,3.577444,3.103356,0.289075,0.425995,0.174706,0.548096,0.285853,0.200802,0.043263,0.270389,2.334180,0.008469,2.261048,1.298418,0.990106,2.147968,1.395712,1.785532
24.787462,-0.570340,2.093371,2.288004,2.720667,2.629268,4.003531,3.372291,1.765915,1.989480,2.934697,1.555830,1.281963,2.726585,2.860394,3.578759,3.101055,0.293585,0.431150,0.170840,0.533598,0.272000,0.186949,0.039397,0.254926,2.341912,0.008147,2.276834,1.286176,1.001382,2.143780,1.378315,1.791653
25.443352,-0.592367,2.091070,2.291292,2.754201,2.631899,4.013723,3.372948,1.780710,2.007233,3.007684,1.455555,1.253360,2.736776,2.914642,3.575142,3.098425,0.300673,0.431150,0.173096,0.534565,0.265557,0.186627,0.040041,0.243005,2.363175,0.008791,2.214334,1.287465,0.973998,2.127672,1.362529,1.786177
25.900152,-0.691986,2.092385,2.267291,2.767352,2.695351,4.029504,3.366702,1.731065,2.101262,3.011300,1.420047,1.231990,2.736776,2.929765,3.572512,3.090534,0.305183,0.424062,0.178250,0.544230,0.276511,0.191137,0.033920,0.250737,2.394747,0.008147,2.186628,1.333857,1.041331,2.109308,1.351576,1.799063
25.891266,-0.717959,2.087782,2.267949,2.746311,2.671351,4.026216,3.354537,1.776436,2.121646,3.034314,1.431883,1.238565,2.746640,2.957711,3.576786,3.089219,0.308405,0.432116,0.184694,0.540686,0.270389,0.208534,0.034242,0.231085,2.405701,0.008469,2.108664,1.338367,1.145390,2.105120,1.375094,1.784244
19.470564,-0.761685,2.079563,2.266963,2.754530,2.699625,4.019969,3.346318,1.742572,2.154852,3.052068,1.524926,1.305306,2.746640,2.976451,3.578430,3.090863,0.316459,0.410853,0.199835,0.545196,0.262335,0.230763,0.004925,0.221098,2.437595,0.008469,2.023290,1.353509,1.204668,2.133471,1.406344,1.771357
9.422114,-0.509845,2.113755,2.279785,2.759133,2.791024,3.996298,3.407140,1.885588,1.958246,3.082315,1.657092,1.386513,2.778859,2.980725,3.576457,3.097767,0.312915,0.478508,0.179539,0.530699,0.249127,0.194681,0.000415,0.166974,2.456603,0.009436,1.905378,1.474965,1.298418,2.074192,1.402800,1.749772
-4.900833,0.044794,2.095673,2.289319,2.708831,2.799901,3.978873,3.468621,1.605146,1.422020,2.989273,1.519665,1.319443,2.710804,2.936340,3.560676,3.084287,0.310338,0.449513,0.148611,0.483663,0.204668,0.101575,0.000093,0.101253,2.653124,0.009758,1.392813,1.470777,1.164720,1.903445,1.362851,1.647323
-13.454359,0.074055,1.879999,1.933588,2.410964,2.670036,4.041339,3.044506,1.410184,1.292484,2.849874,1.406568,1.046234,2.502363,2.769982,3.507087,2.910696,0.287142,0.408598,0.100931,0.354152,0.130892,0.022000,0.000093,0.000415,2.505894,0.008791,-0.001196,1.101898,0.838044,1.354797,0.873483,0.857374
-15.675194,0.167097,1.467719,1.203058,1.756381,2.668392,4.069285,2.617433,1.048535,0.979493,2.505979,0.970288,0.628036,2.196277,2.670036,3.463032,2.768996,0.290042,0.386691,0.098675,0.343521,0.119616,0.018456,0.141523,-0.004417,2.526190,0.008791,-0.001518,1.545519,1.261692,1.408599,0.841588,0.796485
-17.824133,-0.009782,1.397362,1.093248,1.596269,2.703571,4.066655,2.218633,0.830231,0.780915,2.305758,0.828916,0.522171,2.098632,2.629926,3.451525,2.713105,0.295518,0.393134,0.106085,0.346743,0.117361,0.019423,0.146034,-0.000229,2.550353,0.011369,0.000093,1.626060,1.311949,1.547452,0.958212,0.843521
-17.365667,-0.128140,1.310895,0.952205,1.475281,2.639460,4.056463,2.137098,0.715161,0.636584,2.230469,0.801628,0.516911,2.072988,2.618419,3.441004,2.674968,0.298418,0.405699,0.102541,0.348353,0.123804,0.019101,0.147967,0.000093,2.555830,0.009114,-0.000229,1.661821,1.365107,1.601576,0.958534,0.837078
-16.140882,-0.056139,1.317142,0.975219,1.460815,2.698639,4.070271,2.121317,0.693133,0.598118,2.203181,0.775655,0.489623,2.050631,2.615131,3.434100,2.659844,0.287464,0.390235,0.107052,0.333534,0.120261,0.016846,0.139590,-0.000229,2.534889,0.008469,0.000737,1.727865,1.241717,1.472388,0.925029,0.806150
-16.683388,-0.122551,1.432541,1.160318,1.774463,2.682529,4.095587,2.518801,0.948589,1.005466,2.396498,0.823655,0.482061,2.058193,2.699625,3.425223,2.633214,0.277477,0.387980,0.105763,0.327413,0.123482,0.017490,0.137335,-0.000229,2.495907,0.009114,-0.000229,1.709823,1.199514,1.386692,0.866717,0.727542
-15.886492,0.133234,1.489089,1.217195,1.901698,2.625652,4.080463,2.686475,1.054782,0.841080,2.452061,0.882506,0.497842,2.071672,2.716064,3.423579,2.618748,0.271356,0.384758,0.103830,0.326446,0.124449,0.018779,0.135080,0.000093,2.483665,0.009436,0.000737,1.724321,1.193070,1.377993,0.801962,0.710467
-15.900918,0.195372,1.626187,1.408869,1.956602,2.596391,4.069285,2.679570,1.134016,0.827272,2.462581,0.847327,0.507706,2.084823,2.721324,3.415688,2.606254,0.269423,0.376704,0.101253,0.327413,0.123804,0.025222,0.134436,0.000415,2.472711,0.008469,-0.000874,1.740751,1.139913,1.371872,0.785531,0.701769
-15.371873,0.290058,1.713969,1.562077,2.051946,2.549048,4.065997,2.712776,1.233963,0.765134,2.481650,0.846998,0.520199,2.094358,2.730201,3.396620,2.617104,0.261369,0.372838,0.096742,0.321292,0.123160,0.018134,0.127992,-0.000229,2.457569,0.008791,-0.000551,1.788110,1.113818,1.373161,0.756537,0.665042
-14.924763,0.244030,1.694900,1.549255,2.038467,2.521760,4.057778,2.667735,1.212921,0.678338,2.433650,0.835820,0.397896,2.070686,2.719352,3.382483,2.601980,0.250415,0.369294,0.091910,0.304539,0.122838,0.018456,0.125415,0.001059,2.445327,0.008469,-0.000874,1.749128,1.060016,1.350931,0.702413,0.643457
-14.746199,0.241400,1.717257,1.618297,2.042412,2.522418,4.056792,2.679899,1.209634,0.659269,2.418526,0.831546,0.449513,2.064439,2.715078,3.390373,2.587514,0.253959,0.358985,0.093843,0.306794,0.123482,0.022000,0.123160,0.000093,2.430507,0.008791,-0.000229,1.732697,1.078057,1.355119,0.718199,0.646678
-15.096650,0.181892,1.733695,1.617639,2.017754,2.563843,4.056792,2.652611,1.192209,0.721736,2.398142,0.830231,0.610940,2.075946,2.723626,3.398921,2.586199,0.238495,0.351897,0.089977,0.290364,0.117361,0.017168,0.117361,0.000415,2.383793,0.009114,-0.000551,1.696615,1.086112,1.311305,0.623805,0.503315
-15.559220,0.011259,1.731723,1.621256,2.030576,2.584227,4.066655,2.634857,1.121523,0.741462,2.382361,0.880204,0.604693,2.077919,2.765051,3.405168,2.595734,0.229474,0.343199,0.089655,0.279732,0.114462,0.015235,0.114139,0.000415,2.385082,0.008791,0.000737,1.673741,1.108341,1.306795,0.621872,0.453057
-15.639708,-0.085071,1.992439,1.903013,2.193975,2.648337,4.090655,2.623679,1.068590,0.752312,2.486910,0.965685,0.680968,2.175564,2.802202,3.435415,2.705543,0.254281,0.352219,0.099642,0.305505,0.121549,0.019745,0.114462,0.000415,2.483020,0.008791,-0.000551,1.704347,1.233985,1.379282,0.742039,0.610596
-16.067545,-0.144250,1.999343,1.978959,2.169975,2.730859,4.101504,2.634529,0.985740,0.804258,2.491184,0.954178,0.644803,2.184441,2.807462,3.442648,2.734475,0.254926,0.347387,0.103830,0.308405,0.123804,0.020067,0.118650,0.000415,2.494618,0.008791,-0.000551,1.769102,1.353831,1.392491,0.857696,0.718843
-16.921616,-0.123537,1.990795,2.029590,2.148276,2.810421,4.107751,2.544774,0.812148,0.715818,2.491842,0.959109,0.567871,2.198249,2.804832,3.454155,2.787078,0.266201,0.343199,0.107052,0.319036,0.125737,0.020712,0.122516,0.007181,2.519747,0.008147,-0.000551,1.878960,1.536176,1.467233,0.973998,0.861240
-17.821321,0.020465,2.034192,2.054905,2.224222,2.922203,4.113669,2.151235,0.702996,0.597132,2.487239,0.929520,0.648749,2.275511,2.790695,3.464018,2.861052,0.274578,0.362851,0.117361,0.320647,0.131858,0.020067,0.118650,-0.009894,2.560340,0.008791,-0.001196,1.874128,1.743329,1.558406,1.133792,0.921485
-17.585970,0.341347,2.054905,2.100276,2.399129,2.938642,4.106107,2.078905,0.769079,0.534336,2.494801,0.954507,0.731928,2.435622,2.795298,3.469936,2.865655,0.268134,0.361562,0.118972,0.317103,0.140235,0.018456,0.123160,-0.000229,2.573549,0.009114,0.000415,1.966911,1.822259,1.576769,1.122194,0.927606
-14.671901,0.258496,2.065097,2.162413,2.575021,3.005054,4.126491,2.436937,0.927219,0.822669,2.538199,0.965027,0.823327,2.476719,2.832120,3.478484,2.859737,0.258791,0.339011,0.116072,0.307438,0.146356,0.018779,0.116072,0.000093,2.544876,0.010402,0.000415,2.044875,1.906344,1.566460,1.136047,0.985596
-9.602200,0.395923,2.057535,2.211071,2.697324,3.042862,4.127477,2.685159,1.179715,0.820039,2.538856,0.847327,0.793737,2.468499,2.830476,3.475196,2.812065,0.250093,0.320647,0.126382,0.304539,0.137657,0.019423,0.111562,-0.000874,2.626706,0.009758,0.000093,2.156667,1.980764,1.666975,1.142813,1.104475
8.645214,0.440636,1.957918,2.151564,2.649652,2.804832,4.098874,2.717050,1.337197,0.788806,2.518472,0.551761,0.601077,2.433978,2.797928,3.454812,2.738420,0.206601,0.341266,0.092232,0.304861,0.144101,0.022322,0.143134,0.060338,2.544554,0.010402,-0.000229,2.520714,1.971100,1.341911,0.898934,1.017168
18.061741,0.696092,1.820820,1.863560,2.126906,2.432334,4.000572,2.758804,1.384540,0.160851,2.474417,0.513623,0.488308,2.268606,2.639460,3.415031,2.597378,0.118328,0.141846,0.061304,0.211433,0.115750,0.000737,0.000737,0.112529,2.079991,0.007503,1.031666,1.987530,1.043908,0.250093,0.389268,0.783921
19.826707,0.504089,1.972055,2.192003,2.439567,2.525705,4.013394,2.982697,1.524597,0.628365,2.722311,0.532363,0.758887,2.551350,2.738420,3.434757,2.822586,0.121871,0.072580,0.033920,0.170840,0.112206,0.005570,0.004281,0.194358,1.572581,0.005892,1.937916,0.747194,0.300029,0.341588,0.282954,0.599320
21.540859,-0.072906,2.110139,2.335676,2.619405,2.635186,4.047586,3.296345,1.716271,1.403609,2.982368,0.847656,1.081741,2.684173,2.908724,3.487361,3.011629,0.165686,0.103508,0.076124,0.279732,0.129281,0.012335,-0.000551,0.198224,1.911499,0.006858,1.941782,0.899900,0.295840,0.727542,0.667941,1.053251
22.675582,-0.245183,2.115070,2.371512,2.611186,2.664118,4.056792,3.332838,1.739942,1.598899,3.053383,0.960753,1.173797,2.753215,2.949820,3.510375,3.054369,0.169874,0.132503,0.084500,0.335467,0.143456,0.022644,0.000093,0.197258,1.925352,0.006858,1.960790,0.896356,0.293907,0.779410,0.791975,1.079024
22.540125,-0.162990,2.115070,2.367238,2.607898,2.675625,4.060079,3.330537,1.735011,1.507829,3.062917,0.939712,1.206675,2.772284,2.962313,3.510046,3.063904,0.174062,0.132825,0.088044,0.369938,0.145389,0.024900,-0.000874,0.197258,1.929218,0.007181,1.956602,0.916008,0.291974,0.789720,0.798740,1.084823
22.358549,-0.249786,2.109152,2.371512,2.598693,2.702584,4.059422,3.317057,1.737312,1.593968,3.053712,0.963712,1.213250,2.770311,2.974478,3.508402,3.069822,0.184049,0.152799,0.090299,0.374449,0.139590,0.026510,0.000093,0.195325,1.927285,0.006858,2.007182,0.936627,0.284243,0.791975,0.820647,1.096421
22.569176,-0.232690,2.129536,2.382690,2.632227,2.694036,4.056134,3.314427,1.729750,1.582789,3.034643,1.004480,1.233634,2.789709,2.980396,3.506429,3.072780,0.190170,0.161498,0.090943,0.375093,0.145067,0.048418,0.004925,0.204990,1.929862,0.005892,2.030378,0.945970,0.302284,0.792619,0.796163,1.101575
22.533010,-0.322445,2.139728,2.396827,2.733489,2.730859,4.067970,3.318701,1.722517,1.671558,2.979081,0.994617,1.253360,2.803188,2.987629,3.499525,3.078698,0.201446,0.153766,0.099964,0.376704,0.141523,0.054539,-0.000551,0.210467,1.954669,0.007181,1.996551,0.895712,0.295518,0.798740,0.797129,1.116073
22.736584,-0.694616,2.149591,2.418526,2.865983,2.866970,4.095258,3.342044,1.670243,2.067070,3.081000,0.924588,1.276703,2.844942,3.025437,3.506429,3.120452,0.225931,0.144101,0.103830,0.381859,0.143134,0.044552,-0.000229,0.215299,2.011048,0.006536,1.971100,1.049385,0.305505,0.814204,0.855441,1.175029
23.022412,-0.983936,2.139728,2.424773,2.945546,2.917272,4.108737,3.341058,1.653804,2.370854,3.121439,0.845354,1.260922,2.852175,3.046479,3.511690,3.138206,0.236884,0.151833,0.107374,0.386691,0.152477,0.043907,-0.000229,0.202090,2.032633,0.007503,1.943715,1.050351,0.312593,0.829346,0.905699,1.217555
22.707010,-1.081911,2.146961,2.451074,2.969218,2.952779,4.123203,3.351249,1.657749,2.446472,3.100397,0.830888,1.251716,2.866970,3.053712,3.508402,3.161877,0.235596,0.140879,0.103830,0.378315,0.135724,0.041008,0.000093,0.201768,2.012015,0.007181,1.899579,0.990751,0.319359,0.795519,0.551640,1.150222
22.630520,-1.104925,2.143673,2.444828,2.988615,2.974149,4.123203,3.346647,1.656434,2.456992,3.118808,0.789463,1.261908,2.859408,3.056342,3.513005,3.156617,0.243972,0.140235,0.106730,0.388302,0.139913,0.046485,0.000415,0.201446,2.036177,0.006536,1.896357,1.023611,0.311304,0.832568,0.557116,1.166331
24.128953,-1.110514,2.130851,2.446143,2.974478,2.986642,4.124518,3.348948,1.689640,2.468828,3.114534,0.810176,1.255662,2.851518,3.054698,3.521224,3.159576,0.252670,0.182761,0.110596,0.388624,0.143456,0.048418,-0.000229,0.208212,2.027156,0.006536,1.907311,1.027800,0.358663,0.822903,0.575802,1.194359
24.968224,-1.116103,2.104878,2.416553,2.925162,2.966259,4.119587,3.347962,1.699174,2.461266,3.102041,0.802943,1.274402,2.849545,3.049766,3.532073,3.165165,0.253959,0.191459,0.110273,0.406665,0.146356,0.049706,0.001059,0.215299,2.045842,0.006858,1.927607,1.065171,0.361884,0.871227,0.563882,1.253960
27.176760,-1.101637,2.103892,2.398471,2.911025,2.953108,4.116299,3.363414,1.821149,2.471129,3.096781,0.918342,1.270785,2.837380,3.048451,3.529443,3.179631,0.254603,0.245905,0.114139,0.423740,0.160209,0.055505,-0.006995,0.227541,2.036499,0.006536,1.955313,1.087722,0.375737,0.864784,0.513624,1.304217
27.921731,-1.114788,2.102577,2.392882,2.913984,2.970533,4.112025,3.384455,2.000000,2.525048,3.119137,1.019932,1.359553,2.832120,3.046808,3.526813,3.182919,0.277799,0.262335,0.119616,0.456279,0.192748,0.084178,-0.000874,0.225286,2.124772,0.008469,1.889270,1.102220,0.410209,0.844488,0.960467,1.406344
26.573703,-1.090787,2.131509,2.420827,2.941601,2.968889,4.106107,3.389716,2.098303,2.534582,3.153987,1.094235,1.349362,2.825216,3.049109,3.527471,3.186864,0.284565,0.275544,0.118972,0.503959,0.198547,0.116717,-0.000229,0.245583,2.178574,0.007181,1.763947,1.199192,0.587722,0.885080,1.000093,1.592877
20.396286,-1.115774,2.130851,2.426745,2.938971,2.968560,4.097230,3.383798,2.219619,2.568774,3.173384,1.073193,1.297087,2.812394,3.036616,3.521881,3.183905,0.291008,0.326768,0.113495,0.511369,0.199513,0.112529,0.000415,0.256214,2.153767,0.007825,1.937272,1.248805,0.794230,0.707245,0.991717,1.689849
10.459480,-1.085856,2.128879,2.403731,2.943902,2.912011,4.059093,3.387414,2.225537,2.553980,3.233878,1.235607,1.305964,2.810750,3.021821,3.534375,3.166151,0.311949,0.411820,0.104797,0.484951,0.164397,0.087078,-0.000229,0.218843,2.242685,0.007825,1.866074,1.381537,1.094166,0.666653,1.097709,1.659888
-3.934280,-0.981964,2.100933,2.391238,2.930094,2.955080,4.059093,3.296345,1.895780,2.487897,3.121110,1.319443,1.158674,2.753215,2.973492,3.540950,3.145110,0.300673,0.464655,0.124449,0.448547,0.172129,0.102864,-0.000551,0.101897,2.431796,0.008791,0.740750,1.486241,1.200480,1.168908,0.961111,1.225931
-14.418952,0.078000,1.925369,2.137427,2.576994,2.544445,3.977229,2.887354,1.437801,1.226072,2.866312,1.317799,0.789792,2.417540,2.751242,3.498539,2.974149,0.251382,0.417941,0.100931,0.361884,0.122838,0.033276,-0.002162,0.000093,2.498806,0.008469,-0.000551,1.361563,0.814526,1.338045,0.262335,0.187271
-17.537527,0.510664,1.463117,1.474295,2.041754,2.667077,4.041997,2.473760,0.886780,0.257839,2.705872,1.086015,0.588583,2.048001,2.557596,3.465004,2.848559,0.278121,0.423740,0.110273,0.377348,0.115750,0.030376,0.150544,0.000415,2.594812,0.010402,-0.000551,1.497194,1.509437,1.746550,0.054217,0.231085
-18.552494,0.504747,1.403938,1.240538,1.813258,2.875847,4.074216,1.779723,0.480746,0.137179,2.565158,0.941356,0.321292,1.925698,2.426745,3.437059,2.819956,0.288431,0.441781,0.132503,0.405377,0.124449,0.032309,0.152155,-0.000874,2.634116,0.009758,0.000737,1.484308,1.530700,2.040687,0.824191,0.743328
-18.593927,0.504089,1.410513,1.257305,1.778737,2.916285,4.071586,1.759668,0.463979,0.139152,2.553980,0.944972,0.327867,1.930301,2.393539,3.439360,2.844285,0.297773,0.447580,0.128959,0.406987,0.128637,0.032632,0.152799,0.000093,2.625417,0.009436,0.000415,1.506215,1.566138,2.062272,0.888624,0.824513
-18.837812,0.354826,1.409527,1.257963,1.764271,2.907737,4.080134,1.749805,0.486335,0.137508,2.541486,0.946945,0.379156,1.948054,2.392224,3.441333,2.836723,0.289719,0.452413,0.123804,0.413753,0.128959,0.038108,0.156343,0.000737,2.627673,0.008791,-0.000229,1.511692,1.526189,2.097710,1.011047,0.855119
-17.511854,0.401512,1.413801,1.253689,1.748490,2.884066,4.085395,1.802737,0.620146,0.139152,2.532281,0.956808,0.489623,1.967781,2.401430,3.456456,2.819298,0.290686,0.454990,0.121227,0.413431,0.131214,0.045840,0.154732,0.000415,2.643459,0.010080,0.000093,1.502027,1.471743,2.076770,0.988495,0.830312
-17.440159,0.382772,1.407883,1.239881,1.682078,2.848559,4.073230,1.803066,0.611269,0.138494,2.494472,0.939383,0.429787,1.989480,2.421485,3.462703,2.760448,0.291008,0.448547,0.111240,0.412142,0.128959,0.043263,0.148289,-0.000229,2.576448,0.009758,0.000415,1.520390,1.393457,2.048097,1.006859,0.785531
-17.874114,0.110220,1.417088,1.233305,1.667941,2.846257,4.060737,1.970411,0.639214,0.526774,2.471129,0.940041,0.528089,1.993754,2.447129,3.477169,2.747955,0.282954,0.452735,0.106730,0.423740,0.135724,0.042941,0.149255,0.000093,2.577415,0.009758,0.000093,1.751383,1.463689,2.093522,1.054217,0.886691
-18.402598,0.072740,1.425637,1.233634,1.663996,2.841654,4.048901,2.139071,0.651379,0.624091,2.402087,0.894341,0.536966,1.984877,2.443513,3.472237,2.731845,0.280699,0.464655,0.102541,0.436949,0.140235,0.055183,0.155377,0.000415,2.590301,0.009758,-0.000874,1.947259,1.534888,2.095777,1.100609,0.987207
-17.949881,-0.044303,1.420376,1.200428,1.642626,2.834093,4.045613,2.087782,0.631324,0.721736,2.336333,0.851930,0.489623,1.922739,2.424115,3.463032,2.720667,0.266846,0.453701,0.097709,0.427606,0.133147,0.045840,0.156987,0.001382,2.558085,0.009758,-0.000229,1.913754,1.509759,2.103832,0.994294,0.888946
-17.846661,-0.040029,1.428595,1.224428,1.643283,2.831463,4.043312,2.107508,0.633625,0.714832,2.324169,0.860478,0.524473,1.916492,2.424115,3.462045,2.718365,0.267168,0.458534,0.098031,0.420196,0.136369,0.045518,0.160209,-0.000229,2.566139,0.009114,-0.000551,2.058406,1.560339,2.120262,1.043908,0.969810
-18.194702,0.075699,1.436815,1.240209,1.646571,2.842641,4.044298,2.158139,0.652365,0.719106,2.337320,0.870012,0.558008,1.956931,2.429704,3.462374,2.716393,0.268456,0.470776,0.092232,0.444036,0.141846,0.057116,0.164075,0.000415,2.572582,0.008791,-0.000551,2.127994,1.670519,2.133793,1.117039,1.043586
-18.092149,0.135864,1.459500,1.283607,1.642626,2.857107,4.049559,2.145317,0.717791,0.740476,2.328772,0.875601,0.576090,1.961863,2.417869,3.459744,2.728228,0.261691,0.470776,0.088044,0.452091,0.145389,0.047773,0.163108,0.000093,2.556796,0.009758,0.000093,2.173419,1.761370,2.139592,1.159243,1.129604
-18.213102,0.168741,1.458185,1.299388,1.643612,2.839024,4.039367,2.141043,0.716805,0.724038,2.322196,0.864752,0.578063,1.964164,2.400772,3.460730,2.728886,0.258469,0.480119,0.084822,0.449835,0.150222,0.075802,0.161820,0.000093,2.572904,0.008791,-0.000551,2.177930,1.825481,2.213368,1.223676,1.178895
-17.985499,0.181892,1.456870,1.305964,1.662352,2.847572,4.031147,2.244277,0.723709,0.720421,2.334689,0.897629,0.609625,1.972055,2.406690,3.468292,2.740064,0.258469,0.477864,0.087078,0.452735,0.154410,0.078379,0.165364,-0.002162,2.609309,0.009114,-0.000874,2.195971,1.864785,2.248806,1.235918,1.221421
-18.779748,0.157563,1.445363,1.315498,1.665311,2.886039,4.057120,2.221921,0.696749,0.735873,2.315292,0.893355,0.609296,1.968109,2.389594,3.465004,2.768667,0.258147,0.476897,0.087078,0.458212,0.154732,0.087400,0.169230,-0.000229,2.615752,0.009758,-0.000229,2.211757,1.890236,2.260082,1.242362,1.227542
-19.634738,0.101343,1.426623,1.282950,1.656105,2.898532,4.068299,2.281428,0.658941,0.769408,2.331730,0.897958,0.621132,1.971068,2.381375,3.470593,2.894587,0.263624,0.481730,0.087722,0.472387,0.159242,0.095454,0.171485,0.000093,2.631539,0.009114,-0.000229,2.202736,1.939527,2.337079,1.295841,1.282310
-20.293446,-0.091646,1.414130,1.263881,1.652160,2.947190,4.086052,2.114084,0.621789,0.779929,2.345539,0.948918,0.636913,1.965808,2.375457,3.467634,2.994533,0.258147,0.510725,0.083534,0.501060,0.207567,0.111240,0.180505,-0.000551,2.620907,0.009114,0.244294,2.242363,2.033922,2.436306,1.486241,1.501383
-20.790158,-0.176799,1.410513,1.282621,1.630461,2.991245,4.090984,2.104550,0.611926,0.781244,2.324497,0.941685,0.610940,2.011836,2.379731,3.482100,3.017547,0.243650,0.503637,0.078057,0.499127,0.205956,0.112851,0.180505,-0.000874,2.581281,0.009436,0.269101,2.243007,2.012659,2.428897,1.488174,1.480120
-20.872262,-0.090003,1.407554,1.272100,1.675832,3.018533,4.094271,2.080878,0.643488,0.829573,2.368553,0.945959,0.724366,2.038795,2.376115,3.469278,3.075082,0.254281,0.521356,0.082567,0.501060,0.227219,0.134758,0.185982,-0.000551,2.616075,0.009114,0.338366,2.291010,2.093845,2.489786,1.568715,1.673097
-18.728733,-0.086057,1.468048,1.547940,1.863889,3.100068,4.107422,2.283730,0.735873,1.116262,2.475075,1.022891,0.824313,2.156824,2.472445,3.482758,3.108945,0.266201,0.533276,0.102864,0.508147,0.255892,0.155054,0.201446,-0.000229,2.632183,0.009114,0.417941,2.368329,2.132827,2.476899,1.634437,1.781344
-13.304001,-0.193895,1.620269,1.750463,2.113426,3.133274,4.124847,2.552665,0.889410,1.387170,2.538199,1.124153,0.916369,2.367567,2.560555,3.497552,3.105658,0.270712,0.505892,0.130570,0.487529,0.244616,0.136047,0.184694,-0.001518,2.650546,0.009758,0.517168,2.341268,2.114463,2.492041,1.607053,1.825481
-5.850312,-0.178771,1.883286,1.949369,2.082193,3.055356,4.101833,2.647680,1.093248,1.461801,2.613487,1.191551,1.125797,2.479677,2.613159,3.517607,3.003410,0.274900,0.470132,0.157309,0.451124,0.219165,0.105119,0.210789,-0.000551,2.696294,0.009758,0.923096,2.455958,2.075159,2.375095,1.596743,1.744295
10.408209,0.282497,2.026960,1.985863,2.021042,2.798585,4.053175,2.737763,1.361197,1.091933,2.543459,1.188921,1.100153,2.520116,2.565487,3.480456,2.855792,0.197902,0.433727,0.071291,0.376382,0.148289,0.067103,0.136691,0.059371,2.434695,0.009114,1.896679,2.372195,1.875416,1.984953,1.273612,1.224643
21.324447,0.811820,2.067398,2.069700,2.002959,2.553980,3.953886,2.799901,1.406897,0.539596,2.611515,1.085687,0.948918,2.468828,2.523733,3.438702,2.771626,0.144423,0.330312,0.061304,0.381214,0.137657,0.062593,0.003315,0.161498,2.154089,0.007181,1.898612,1.536176,0.522000,1.390880,1.170197,1.201447
22.741424,0.738504,2.105536,2.332059,2.359018,2.614474,3.948626,2.982368,1.565693,0.682283,2.767681,1.225415,1.070892,2.605926,2.621707,3.482100,2.930751,0.144101,0.291330,0.068070,0.376704,0.160209,0.052928,0.000415,0.167619,1.997839,0.006858,1.874128,0.874127,0.249127,1.151511,1.002993,1.058728
23.461322,0.685571,2.097645,2.330415,2.489212,2.618748,3.968023,3.125384,1.632763,0.794724,2.780174,1.312210,1.093906,2.631899,2.712447,3.507416,2.971519,0.149255,0.309049,0.081279,0.380892,0.215299,0.060338,0.000415,0.157632,1.983342,0.007181,1.954669,0.884758,0.259436,1.152155,0.980119,1.054217
24.258090,0.521843,2.070029,2.277483,2.498746,2.606912,3.988078,3.256235,1.639996,0.933794,2.786092,1.351334,1.157688,2.622693,2.712776,3.499196,2.974478,0.143779,0.314526,0.085789,0.388946,0.223031,0.072580,-0.000229,0.147322,1.927607,0.006536,2.033922,0.867361,0.287786,1.140235,0.938560,0.997194
25.330064,0.266058,2.054576,2.242305,2.484280,2.601980,4.000572,3.284180,1.712654,1.145523,2.796613,1.279004,1.155057,2.623022,2.727900,3.498868,2.989930,0.143779,0.312593,0.080312,0.388624,0.220132,0.070969,0.000415,0.154088,1.909566,0.006536,2.058084,0.869294,0.302606,1.079346,0.825802,0.925029
26.015398,0.104959,2.044056,2.239346,2.467513,2.603624,3.997284,3.322646,1.736654,1.275059,2.806147,1.304649,1.185962,2.640775,2.750585,3.500183,3.006697,0.144423,0.310660,0.079990,0.386369,0.214977,0.068714,-0.000229,0.167297,1.887659,0.006858,2.071615,0.877993,0.301317,1.040686,0.800995,0.890235
26.294547,0.099042,2.033864,2.236058,2.493486,2.603624,4.001229,3.318372,1.699832,1.290183,2.800229,1.313854,1.165907,2.644392,2.760448,3.500511,3.017218,0.143134,0.298418,0.080312,0.386047,0.213688,0.067425,0.000093,0.182438,1.863174,0.006536,2.090301,0.874127,0.305828,0.968199,0.809050,0.859307
26.496757,0.058931,2.040768,2.246579,2.444499,2.609871,4.001887,3.316400,1.703448,1.309251,2.783791,1.311553,1.120208,2.654255,2.771626,3.502155,3.032670,0.144423,0.304539,0.079668,0.385402,0.208212,0.068714,-0.000551,0.182116,1.856086,0.006214,2.118651,0.866717,0.305828,0.999771,0.798740,0.854475
26.872343,-0.179758,2.036165,2.258414,2.390252,2.618090,4.006490,3.317715,1.689311,1.534131,2.848559,1.260264,1.175770,2.683516,2.811408,3.503799,3.049438,0.144745,0.304217,0.082889,0.383147,0.208856,0.066781,-0.000229,0.182761,1.857053,0.006214,2.096100,0.875416,0.312915,0.983985,0.802928,0.858341
27.304874,-0.188963,2.045371,2.259730,2.479020,2.624994,4.009120,3.318701,1.682736,1.537748,2.883737,1.213250,1.187277,2.693707,2.821928,3.501169,3.053054,0.148289,0.302606,0.079346,0.377348,0.200480,0.065815,0.000093,0.170518,1.850610,0.006214,2.091267,0.891846,0.312593,0.945648,0.832890,0.846421
27.420198,-0.440474,2.058522,2.267620,2.470143,2.626309,4.012079,3.321002,1.679777,1.785313,2.959354,1.207990,1.161633,2.707845,2.851189,3.513991,3.054369,0.154732,0.300995,0.084500,0.385080,0.174706,0.063237,-0.000229,0.168263,1.860597,0.007181,2.019424,0.900867,0.309694,0.880570,0.848354,0.879282
27.593000,-0.471708,2.073974,2.270908,2.524390,2.640118,4.019312,3.320345,1.677147,1.830025,2.968889,1.157359,1.117906,2.706858,2.881107,3.514977,3.065876,0.160531,0.298096,0.085789,0.375737,0.172129,0.037464,0.001704,0.166008,1.874772,0.006536,1.989141,0.903122,0.308083,0.859307,0.837722,0.875093
28.441876,-0.510832,2.086138,2.333374,2.603295,2.680228,4.020627,3.336455,1.668927,1.894136,2.958368,1.195168,1.153085,2.729215,2.880778,3.524840,3.099082,0.167297,0.313560,0.085145,0.388624,0.172773,0.050995,-0.000551,0.162464,1.896357,0.007825,1.994295,0.934372,0.356730,0.906021,0.837722,0.898611
28.593111,-0.706780,2.103563,2.384991,2.674639,2.773270,4.030490,3.350592,1.695558,2.104878,2.942258,1.136646,1.163606,2.757489,2.899518,3.531745,3.118808,0.166652,0.303572,0.090943,0.387335,0.157954,0.046163,0.000093,0.175995,1.876383,0.006214,1.993329,1.036498,0.378959,0.824513,0.761691,0.906666
28.366377,-0.753795,2.084494,2.380389,2.690091,2.782476,4.039696,3.352893,1.691941,2.141372,2.945546,1.063988,1.129084,2.758804,2.916285,3.527471,3.116178,0.170518,0.311627,0.078379,0.381536,0.151188,0.047451,0.000415,0.179539,1.857375,0.006536,1.993973,1.045197,0.379926,0.784565,0.734307,0.906343
28.132015,-0.801138,2.083837,2.391567,2.743681,2.800229,4.045285,3.364729,1.723504,2.227510,2.961985,1.100153,1.220812,2.784120,2.923518,3.529443,3.133603,0.177606,0.320647,0.078057,0.391524,0.149578,0.050995,0.002670,0.181150,1.832568,0.006214,1.991074,1.071614,0.371549,0.776189,0.667297,0.906666
28.573256,-0.888592,2.101262,2.397813,2.732174,2.860723,4.050545,3.377222,1.727778,2.345210,2.964944,1.138619,1.223442,2.804175,2.923847,3.528128,3.137220,0.188237,0.332245,0.092232,0.434371,0.162142,0.045840,0.001059,0.178572,1.919875,0.007825,1.977543,1.077091,0.423418,0.890879,0.785854,1.030377
28.550448,-0.902729,2.100933,2.396170,2.731516,2.863353,4.045613,3.422593,1.790902,2.371183,2.987629,1.244812,1.180044,2.808120,2.920888,3.520895,3.133932,0.206601,0.368650,0.093199,0.448547,0.167297,0.043907,0.005570,0.179217,1.922775,0.006858,1.981409,1.097387,0.444359,0.961756,0.792619,1.117039
30.061084,-0.951716,2.096988,2.393211,2.743023,2.860394,4.038380,3.419963,1.827724,2.421485,3.051739,1.296429,1.175770,2.804503,2.918916,3.524183,3.158261,0.225931,0.404410,0.096742,0.489140,0.175351,0.099642,0.000093,0.171163,1.926963,0.007181,1.982697,1.123161,0.444036,1.051962,0.935983,1.187271
31.466912,-0.930675,2.110796,2.393211,2.750585,2.870258,4.038380,3.415031,1.905643,2.424115,3.051082,1.325361,1.189250,2.808120,2.913984,3.517607,3.161877,0.223675,0.412786,0.107374,0.510080,0.203379,0.118972,-0.003129,0.160853,2.003316,0.006858,1.846099,1.102220,0.457890,1.173418,1.053573,1.185338
30.544506,-0.993142,2.112769,2.388937,2.737763,2.871244,4.036408,3.404839,2.016439,2.492500,3.036616,1.327334,1.161962,2.804503,2.911683,3.508073,3.169439,0.214655,0.393779,0.103508,0.506859,0.206923,0.100931,-0.000551,0.158598,1.897324,0.007503,1.802285,1.111240,0.450480,1.059050,0.979475,1.131537
25.260131,-0.997087,2.122961,2.391567,2.770640,2.818640,4.010106,3.388401,2.218304,2.518144,3.046479,1.323389,1.170839,2.794640,2.888011,3.501826,3.179631,0.200802,0.397000,0.096098,0.498160,0.170518,0.074191,-0.000229,0.153444,1.831280,0.006536,1.928574,1.127993,0.386047,0.883792,0.881859,1.081279
14.810110,-1.022403,2.134468,2.450088,2.866970,2.867956,4.021284,3.427853,2.128879,2.546418,3.032670,1.335224,1.167551,2.809106,2.866970,3.480456,3.183905,0.257181,0.451768,0.110918,0.504281,0.175673,0.115106,0.008147,0.151188,2.292943,0.008469,1.661499,1.402478,0.606408,1.366717,1.060660,1.162143
-2.527164,-1.026677,2.103234,2.466198,2.825545,2.807791,4.039038,3.305221,1.831669,2.522089,3.053054,1.288539,1.103769,2.720009,2.810750,3.429826,3.167795,0.272322,0.518779,0.112529,0.489462,0.165686,0.093199,-0.000229,0.053250,2.488175,0.009114,0.733663,1.448225,0.693392,1.327413,0.987529,0.936949
-9.517298,-0.534503,2.013809,2.316278,2.623679,2.630255,4.008134,2.926477,1.421034,1.897752,2.868614,1.322073,0.857190,2.486253,2.643077,3.337112,3.127356,0.240106,0.480441,0.088366,0.409887,0.111240,0.043907,0.000093,-0.010216,2.420520,0.008469,-0.000874,1.624450,0.790042,1.242362,0.234951,0.224320
-15.463321,0.008300,1.611064,1.869807,1.879670,2.399457,3.968352,2.509596,1.169523,1.012042,2.798585,1.229689,0.645132,2.064439,2.359018,3.268728,2.939957,0.270067,0.487851,0.104152,0.433083,0.124126,0.052606,0.067425,0.001382,2.602866,0.008791,-0.001518,1.898934,1.006537,1.959502,1.067748,0.885725
-18.700236,-0.314226,1.209305,1.338512,1.672873,2.543788,4.027860,1.714627,0.687873,0.555049,2.702584,1.063001,0.360744,1.776436,1.973370,3.199686,2.841654,0.283598,0.507825,0.110273,0.442103,0.133147,0.063237,0.124449,0.000415,2.660533,0.009758,-0.000229,1.967878,1.412787,2.085146,1.173740,1.066782
-19.140036,-0.517736,0.827929,1.004480,1.533145,2.743023,4.092299,1.586077,0.369292,0.647105,2.519788,0.905520,0.143097,1.377965,1.865862,3.206919,2.852833,0.292941,0.522645,0.105441,0.484629,0.157632,0.093199,0.127670,0.000093,2.633149,0.009114,-0.000551,2.077414,1.593522,2.273613,1.291653,1.248805
-19.134778,-0.568696,0.768751,0.839765,1.365800,2.805161,4.114655,1.517035,0.169728,0.685571,2.247894,0.854889,0.001067,1.242840,1.712983,3.234865,2.883408,0.242683,0.489462,0.073869,0.479152,0.157309,0.095132,0.161498,-0.000551,2.552608,0.009758,-0.000229,2.061306,1.600609,2.262659,1.242362,1.226576
-19.924164,-0.522010,0.763161,0.817080,1.307279,2.811408,4.114326,1.559775,0.117782,0.640858,2.197921,0.848642,0.001067,1.269799,1.714298,3.254920,2.895244,0.241717,0.504281,0.066459,0.487529,0.160853,0.108340,0.164075,-0.000551,2.568716,0.008791,0.000093,2.066460,1.664076,2.301963,1.299385,1.248805
-20.627427,-0.558175,0.853574,0.818395,1.328978,2.811408,4.113669,1.591009,0.279866,0.680640,2.259401,0.858505,0.001067,1.310238,1.720545,3.266755,2.968560,0.238817,0.512013,0.061949,0.492683,0.168585,0.112206,0.172773,0.000093,2.585469,0.009114,0.000415,2.186628,1.779089,2.349966,1.365107,1.278766
-21.271937,-0.506229,0.950890,0.865738,1.342457,2.817654,4.111696,1.661037,0.384087,0.684585,2.286360,0.856533,0.017506,1.375663,1.680106,3.273002,2.989273,0.231407,0.514913,0.058083,0.493972,0.168585,0.125093,0.170196,0.000415,2.593523,0.008791,-0.000874,2.215945,1.834179,2.391525,1.467555,1.393779
-21.700801,-0.547983,0.958781,0.933794,1.372047,2.806476,4.108080,1.672544,0.403485,0.737517,2.342580,0.874615,0.104302,1.398020,1.676489,3.275961,2.999465,0.213688,0.515879,0.047451,0.497194,0.168585,0.129925,0.174062,0.010724,2.580959,0.009114,-0.000551,2.257827,1.843844,2.408278,1.470455,1.475609
-21.497827,-0.572641,0.916369,0.875273,1.333580,2.778202,4.100189,1.636379,0.386060,0.708256,2.317922,0.866396,0.082932,1.394403,1.677147,3.276290,2.992560,0.205312,0.503959,0.031987,0.490106,0.164397,0.113173,0.170196,0.000093,2.549064,0.009114,-0.000874,2.216912,1.801318,2.369618,1.392491,1.275545
-21.733407,-0.571326,0.919328,0.916040,1.333580,2.764393,4.105450,1.620598,0.378827,0.709900,2.334689,0.876588,0.094110,1.429911,1.677804,3.272016,2.995190,0.200480,0.502670,0.034565,0.481408,0.169552,0.118972,0.170518,-0.000229,2.545198,0.009114,-0.000551,2.238819,1.839334,2.376384,1.392168,1.269101
-21.063295,-0.608148,0.910451,0.931821,1.363170,2.865983,4.130436,1.611392,0.329840,0.732586,2.355402,0.935767,0.124357,1.525912,1.715284,3.318372,3.071794,0.196936,0.497194,0.041974,0.490106,0.165686,0.118005,0.171163,-0.000551,2.551964,0.009114,-0.000229,2.240752,1.879282,2.405701,1.399578,1.396034
-21.350001,-0.620642,0.892040,0.967986,1.368759,2.902148,4.137340,1.577529,0.236797,0.747052,2.368553,0.980151,0.138166,1.537090,1.807340,3.329551,3.097767,0.201124,0.495261,0.054217,0.491717,0.168585,0.129603,0.172773,0.000093,2.554541,0.009114,-0.000874,2.292621,1.903123,2.428574,1.383470,1.451447
-21.126182,-0.630834,0.864423,0.895985,1.382567,2.927792,4.141614,1.552214,0.205235,0.754942,2.434307,1.006124,0.253565,1.586735,1.923725,3.338099,3.106315,0.198224,0.492039,0.059049,0.494616,0.198547,0.144101,0.173418,-0.000229,2.565495,0.009114,-0.000229,2.291332,1.923097,2.432440,1.431473,1.451447
-21.850501,-0.648916,0.891711,0.983767,1.407225,2.950478,4.149176,1.513747,0.205893,0.773353,2.467513,1.011713,0.452801,1.590022,1.958246,3.351578,3.118480,0.213044,0.490428,0.062271,0.504603,0.231730,0.159565,0.169230,-0.000229,2.577093,0.010402,-0.000229,2.286822,1.978187,2.435018,1.520390,1.507504
-21.407013,-0.684424,0.918671,0.985082,1.452267,2.986642,4.162656,1.383883,0.166111,0.808203,2.484938,1.029138,0.483705,1.576543,1.978959,3.375578,3.160562,0.212078,0.488495,0.069036,0.510725,0.253959,0.187593,0.171807,-0.000551,2.554863,0.008791,-0.000551,2.295520,1.992362,2.421165,1.555184,1.564849
-23.086322,-0.738343,0.885136,0.960096,1.510788,3.035958,4.183368,1.319443,0.126658,0.866067,2.551021,1.045905,0.521514,1.589036,2.012165,3.414373,3.232563,0.227541,0.492361,0.071614,0.535531,0.281021,0.246871,0.169552,0.000415,2.570971,0.009114,-0.000551,2.390237,2.027801,2.464335,1.570004,1.637014
-24.295335,-0.766617,0.852916,0.911438,1.574241,3.118480,4.195533,1.247442,0.128302,0.895656,2.603953,1.045576,0.525130,1.591009,2.085152,3.464675,3.292728,0.251382,0.504926,0.105119,0.557761,0.303572,0.291652,0.174706,-0.000874,2.609953,0.009114,0.147967,2.499773,2.123162,2.525868,1.611885,1.715622
-24.712426,-0.866235,0.932150,1.008096,1.681421,3.169768,4.201779,1.180702,0.132248,0.995932,2.661817,1.071549,0.541240,1.609749,2.126906,3.509717,3.365715,0.273933,0.494294,0.135724,0.564526,0.305183,0.295196,0.175029,-0.000229,2.648291,0.009436,0.150222,2.520391,2.170198,2.517170,1.593844,1.764914
-22.309227,-1.241366,0.962397,1.082070,1.819176,3.214809,4.207040,1.324704,0.139481,1.379280,2.713105,1.169852,0.683599,1.802409,2.201866,3.531745,3.361441,0.272645,0.516846,0.146356,0.556794,0.313560,0.297773,0.183405,0.000415,2.647003,0.009436,0.148289,2.547776,2.206925,2.538111,1.596421,1.723032
-15.979301,-1.283778,1.211277,1.242182,1.985534,3.208892,4.195533,1.916164,0.421896,1.621913,2.817983,1.297416,0.906835,1.973699,2.392882,3.570540,3.338756,0.267812,0.534887,0.157632,0.558405,0.300351,0.312915,0.205634,-0.000874,2.652157,0.008791,0.290042,2.617041,2.504928,2.564528,1.595133,1.834824
-5.077297,-1.001032,1.437144,1.633420,2.190030,3.194097,4.177450,2.454691,0.789792,1.957260,2.871573,1.497309,1.237250,2.293264,2.583898,3.590595,3.279906,0.263624,0.510725,0.145389,0.515557,0.299706,0.225286,0.233663,-0.003129,2.610920,0.009436,0.454668,2.573549,2.456603,2.511049,1.549063,1.786177
8.804663,-0.618340,1.695558,1.935890,2.167016,3.073109,4.113669,2.839682,1.257305,1.903670,2.861381,1.436157,1.192866,2.459951,2.624666,3.509717,3.095137,0.280054,0.503959,0.163753,0.479475,0.285531,0.139590,0.209178,0.064848,2.618974,0.009436,1.207890,2.588368,2.220133,2.215301,1.476576,1.599643
16.768094,-0.109400,1.706079,1.869478,1.837258,2.584227,3.955201,2.915957,1.405253,1.443061,2.777215,1.214565,0.954507,2.424444,2.574364,3.443963,2.774914,0.172129,0.424707,0.095776,0.433405,0.250415,0.099320,0.033920,0.095132,2.393136,0.009114,1.700158,1.971100,1.460790,2.005249,1.122516,0.966588
21.571877,0.228249,2.074960,2.239675,2.213373,2.585871,3.939092,3.058315,1.578844,1.194839,2.820942,1.125139,1.033741,2.528664,2.592775,3.468292,2.899189,0.172451,0.319359,0.161175,0.432438,0.285209,0.109629,-0.001518,0.155699,2.159566,0.007181,1.612207,0.928895,0.423096,2.013625,1.117039,1.107052
23.546989,0.247647,2.115728,2.317593,2.474088,2.629268,3.961777,3.308180,1.692270,1.266511,2.919573,1.266511,1.216867,2.650310,2.770640,3.520895,3.011629,0.176317,0.346420,0.170196,0.527799,0.310016,0.151511,-0.000229,0.120261,2.178574,0.007825,1.913754,1.004282,0.386047,2.044553,1.153444,1.128637
23.320614,0.128631,2.109152,2.320223,2.517815,2.646036,3.976572,3.340729,1.675503,1.404266,2.977437,1.266182,1.240538,2.685817,2.820942,3.531745,3.072780,0.186627,0.358663,0.170840,0.533276,0.309049,0.156343,-0.000551,0.125737,2.229154,0.007825,1.838045,1.001382,0.384114,2.051963,1.170197,1.161176
24.550964,0.129289,2.099289,2.298853,2.487897,2.643077,3.973941,3.326920,1.671886,1.406239,2.995848,1.347389,1.236922,2.681543,2.824230,3.526813,3.069493,0.185016,0.360918,0.168585,0.531343,0.308405,0.153444,0.000093,0.136369,2.225610,0.005892,1.880893,0.996227,0.369938,2.046808,1.190493,1.148612
24.928699,0.098055,2.101262,2.266305,2.472773,2.627953,3.971311,3.342373,1.692928,1.424321,3.007026,1.371060,1.270456,2.694036,2.824230,3.513005,3.100726,0.169874,0.360918,0.159242,0.530377,0.308405,0.174062,0.000093,0.131214,2.170198,0.008469,1.914076,0.980119,0.342877,2.004605,1.111563,1.146356
25.496481,0.045452,2.091070,2.257757,2.473760,2.624666,3.996955,3.364729,1.700490,1.448651,3.006040,1.368102,1.287881,2.697324,2.838038,3.500511,3.119137,0.166652,0.351575,0.154732,0.521678,0.307761,0.156987,-0.000229,0.139913,2.119618,0.007503,1.914076,0.954668,0.345132,1.877349,1.045519,1.087078
25.624601,-0.128798,2.095015,2.270250,2.467513,2.641762,4.002873,3.420620,1.708380,1.630790,3.020835,1.368759,1.302018,2.706530,2.865655,3.500840,3.132617,0.167619,0.349642,0.155377,0.519745,0.307438,0.157954,-0.000229,0.132181,2.120262,0.006858,1.877994,0.961434,0.351897,1.858019,1.041653,1.082890
26.020715,-0.090989,2.098960,2.327128,2.488883,2.641104,4.005503,3.422593,1.710024,1.593310,3.030369,1.357581,1.363499,2.712119,2.885052,3.506758,3.133932,0.175029,0.359951,0.155054,0.528444,0.304861,0.160853,0.000093,0.137657,2.119940,0.007825,1.846422,0.958534,0.380892,1.881538,1.059694,1.089978
25.762891,-0.232361,2.094029,2.330744,2.515842,2.649323,4.008791,3.432127,1.755066,1.740271,3.038917,1.373362,1.359882,2.717050,2.896559,3.502813,3.142480,0.179217,0.349642,0.160853,0.527799,0.304539,0.163431,-0.001196,0.132825,2.152156,0.006858,1.776834,0.995583,0.387980,1.853187,1.058083,1.117362
26.587443,-0.232032,2.096001,2.333374,2.550692,2.640447,4.008134,3.438374,1.757038,1.742244,3.044835,1.385855,1.358238,2.719023,2.915957,3.513005,3.140507,0.181472,0.379926,0.163753,0.523933,0.294230,0.167619,0.000415,0.119294,2.190816,0.007825,1.838367,0.950158,0.419552,1.919231,1.073225,1.147323
26.947871,-0.264910,2.093371,2.335676,2.582583,2.650310,4.008462,3.444292,1.765258,1.787614,3.056999,1.400979,1.346731,2.741708,2.941272,3.518265,3.141494,0.186627,0.336111,0.164397,0.534243,0.300673,0.168585,-0.000229,0.144101,2.186306,0.008469,1.822581,0.949514,0.418908,1.915687,1.065815,1.152478
25.982893,-0.251759,2.090741,2.332717,2.541486,2.661488,4.003202,3.443634,1.796162,1.768545,3.041218,1.381581,1.360869,2.732502,2.944560,3.514649,3.145439,0.185338,0.377670,0.154410,0.529732,0.284887,0.161175,-0.000551,0.115106,2.157311,0.008469,1.803574,0.958212,0.390557,1.855442,1.085789,1.135403
26.951757,-0.294499,2.090084,2.338306,2.547404,2.653926,3.997942,3.457442,1.841861,1.815231,3.040890,1.381581,1.362841,2.753215,2.963628,3.517279,3.149384,0.196614,0.386369,0.148611,0.519745,0.278766,0.161175,0.006214,0.115750,2.106409,0.005570,1.999450,0.958856,0.453701,1.856409,1.060660,1.102864
26.818973,-0.506229,2.085152,2.327785,2.558911,2.734804,4.019312,3.420620,1.789587,2.000000,3.051082,1.344430,1.335882,2.753215,2.965601,3.513662,3.149384,0.203701,0.332889,0.112206,0.515879,0.276188,0.161498,0.000415,0.129925,2.083857,0.007181,1.857375,1.135081,0.455634,1.700158,0.930828,0.976898
27.386084,-0.711383,2.076275,2.336004,2.556610,2.763736,4.039367,3.437059,1.757367,2.170633,3.046479,1.336868,1.363499,2.719352,2.960998,3.512676,3.142151,0.204346,0.351575,0.114784,0.514591,0.267490,0.158598,0.000093,0.151833,2.034888,0.006858,2.035210,0.960467,0.418908,1.704669,0.959823,1.076124
28.539471,-0.723219,2.077262,2.337320,2.566802,2.757818,4.023586,3.454483,1.961863,2.192331,3.113219,1.376650,1.367115,2.789709,2.967245,3.522539,3.148398,0.207567,0.346420,0.113173,0.508147,0.267490,0.142490,0.002026,0.141201,2.015880,0.007503,2.019424,1.128315,0.487851,1.675352,0.878637,1.029733
27.371000,-0.799494,2.066083,2.328114,2.574692,2.827846,4.045285,3.432456,1.849094,2.275182,3.126699,1.348375,1.376650,2.804175,2.962971,3.518594,3.144124,0.233985,0.369938,0.120261,0.529088,0.259436,0.173740,-0.000229,0.130892,2.113174,0.008147,1.880893,1.076124,0.472387,1.698548,1.008792,1.106730
29.071019,-0.741302,2.055563,2.325155,2.536884,2.805818,4.037723,3.433771,1.872437,2.211400,3.068506,1.355279,1.347060,2.791024,2.949491,3.519251,3.140836,0.243005,0.383469,0.116717,0.519745,0.252993,0.171807,0.002670,0.131536,2.023612,0.008147,2.015236,0.976898,0.481085,1.661176,1.011047,1.180828
32.224433,-0.835988,2.058850,2.331073,2.588501,2.805161,4.029504,3.444620,2.069700,2.345868,3.108616,1.334896,1.397362,2.814695,2.970204,3.521553,3.145439,0.250093,0.355441,0.115428,0.519101,0.253315,0.158598,0.001059,0.114784,2.067749,0.006858,1.921486,0.984630,0.471420,1.572903,1.016202,1.127349
31.568343,-0.957634,2.082193,2.316936,2.617761,2.901162,4.061394,3.424894,2.063782,2.475732,3.142809,1.265854,1.367773,2.837380,2.977108,3.518265,3.161877,0.272000,0.358985,0.125737,0.534565,0.265557,0.185338,-0.000229,0.117361,2.195004,0.008147,1.841911,1.071292,0.511047,1.518457,1.121228,1.167942
32.509343,-1.007608,2.116714,2.364608,2.661159,2.944889,4.058107,3.459744,2.252497,2.535240,3.129987,1.278676,1.377307,2.811736,2.984341,3.514320,3.173384,0.281987,0.348998,0.122838,0.530699,0.250737,0.188237,0.050029,0.177284,2.168587,0.008147,1.938239,1.208212,0.675995,1.476254,1.137014,1.425029
26.844494,-1.157528,2.140057,2.367895,2.720995,2.919902,4.017010,3.471908,2.310689,2.743681,3.200015,1.307936,1.299717,2.825873,2.987629,3.502813,3.172727,0.293585,0.319036,0.148289,0.560660,0.244294,0.215299,0.064204,0.182438,2.144424,0.008469,1.929218,1.308406,0.854475,1.566138,1.069037,1.518779
13.172594,-1.158186,2.092056,2.337648,2.680228,2.912998,4.046271,3.418647,2.054248,2.642090,3.133274,1.304977,1.169852,2.768996,2.947519,3.509717,3.120452,0.291330,0.352864,0.129603,0.523611,0.225286,0.185016,0.003315,0.171163,2.272002,0.008147,1.676318,1.480442,1.065171,1.603831,0.993650,1.333534
-3.055283,-1.040156,2.026960,2.340279,2.637159,2.851189,4.007805,3.313770,1.752107,2.529979,3.036616,1.570296,1.161962,2.685488,2.905765,3.520566,3.101384,0.280054,0.403444,0.109951,0.481408,0.181150,0.105119,0.004281,0.111240,2.355443,0.008147,1.168586,1.510081,1.057761,1.501383,0.834178,1.037787
-10.753219,-0.387542,1.495007,1.725147,1.672544,2.420827,3.881228,2.799243,1.287552,1.458514,2.832449,1.290511,1.077467,2.355073,2.669050,3.457114,2.931080,0.261047,0.388302,0.098353,0.413753,0.129925,0.053572,0.003637,-0.000551,2.391203,0.007503,0.000415,1.429862,0.922452,1.237207,0.502348,0.675673
-14.304220,-0.591710,0.321620,0.764148,1.406568,2.798585,4.044627,1.605146,0.117124,0.708256,2.429704,0.902561,0.726010,1.907616,2.470143,3.414045,2.862696,0.290364,0.384436,0.137980,0.433083,0.123160,0.044874,0.026833,-0.000874,2.440172,0.006214,0.000093,1.620584,1.505571,1.681473,0.975609,0.956279
-15.343625,-0.363213,0.097398,0.317675,1.070234,2.918916,4.074874,0.910451,0.099370,0.460362,1.965151,0.571816,0.418608,1.659064,2.270579,3.411086,3.049438,0.282310,0.385080,0.105763,0.427606,0.127026,0.041974,0.136047,-0.000229,2.453703,0.008469,0.000737,1.685017,1.717555,1.847710,1.073225,1.037142
-15.354467,-0.357295,0.095754,0.389348,1.065960,2.906422,4.065340,0.875273,0.098055,0.454773,1.930958,0.543213,0.273620,1.618625,2.247565,3.398592,3.033985,0.262657,0.381536,0.099642,0.437271,0.127670,0.039397,0.130892,-0.006673,2.433407,0.009114,-0.000229,1.630571,1.744939,1.828058,0.901833,1.020390
-15.935595,-0.342829,0.094110,0.294661,1.045576,2.909381,4.042654,0.770066,0.095096,0.438335,1.845149,0.503431,0.264085,1.427280,2.242633,3.393003,2.967245,0.266201,0.388946,0.095454,0.434049,0.133147,0.055505,0.143456,-0.000551,2.452415,0.008147,0.000093,1.679540,1.832246,1.916009,1.018457,1.076447
-16.432976,-0.375706,0.097069,0.416964,1.050837,2.947519,4.102162,0.970616,0.098384,0.476143,1.855670,0.529076,0.203262,1.673530,2.223565,3.469278,3.124726,0.240106,0.395067,0.088044,0.431150,0.133469,0.052284,0.146356,0.000093,2.458214,0.007825,0.000093,1.682117,1.929540,2.012015,1.094166,1.094810
-15.906431,-0.375377,0.117453,0.624091,1.072865,2.909381,4.101833,1.016316,0.101672,0.476472,1.958246,0.547487,0.239099,1.655448,2.184441,3.453497,3.119795,0.223353,0.381859,0.080312,0.421485,0.120905,0.037142,0.138624,0.002670,2.426319,0.008147,-0.000874,1.653122,1.861885,1.936628,0.954668,1.040042
-15.329512,-0.310938,0.094110,0.318333,0.964699,2.849545,4.095587,0.927219,0.094439,0.403485,1.810299,0.511651,0.195701,1.599885,2.213044,3.420291,3.023465,0.213366,0.379926,0.076446,0.419552,0.122838,0.037464,0.136047,0.000415,2.378317,0.007825,-0.000551,1.634437,1.882182,1.939205,0.985274,1.043264
-16.598475,-0.347432,0.098713,0.410389,1.023549,2.881436,4.111696,1.047878,0.097069,0.443924,1.837258,0.517569,0.133563,1.656763,2.201866,3.428511,3.050424,0.200802,0.386369,0.075157,0.423740,0.126382,0.042619,0.137657,-0.000229,2.444360,0.008147,-0.000229,1.594166,1.954025,2.085146,1.070970,1.090300
-16.307561,-0.441789,0.142111,0.667818,1.075495,2.848887,4.113998,1.209305,0.103973,0.545514,1.981260,0.682612,0.259482,1.686352,2.175564,3.452182,3.121439,0.199191,0.384436,0.068070,0.420518,0.137657,0.045840,0.139913,-0.000229,2.436628,0.008469,0.000093,1.612852,1.970777,2.125095,1.137980,1.124127
-16.382682,-0.444748,0.384087,0.727983,1.168537,2.847572,4.117943,1.230346,0.109891,0.555049,2.154194,0.821354,0.470883,1.813587,2.237702,3.434428,3.112233,0.191781,0.370583,0.059371,0.428895,0.148611,0.096742,0.125415,-0.000551,2.419876,0.008469,0.000093,1.711112,1.993007,2.123162,1.154088,1.144101
-18.004797,-0.551928,0.513952,0.753956,1.296101,2.910696,4.132409,1.251388,0.113179,0.664201,2.264990,0.891382,0.389348,1.784326,2.207126,3.435415,3.125713,0.194036,0.373160,0.065170,0.438237,0.156343,0.114784,0.122194,0.000093,2.426319,0.008469,0.000093,1.714656,2.005249,2.137337,1.297774,1.196292
-19.469147,-0.574614,0.728312,0.829245,1.376978,2.940943,4.132738,1.428924,0.120412,0.726339,2.398471,0.977521,0.426828,1.794518,2.192660,3.433771,3.174699,0.191137,0.372194,0.058405,0.441459,0.157309,0.121227,0.129281,-0.002484,2.425997,0.009436,0.000415,1.666975,2.020391,2.133149,1.333212,1.186627
-20.012277,-0.607162,0.644146,0.852587,1.354293,2.973820,4.137012,1.182674,0.119097,0.726010,2.402745,0.983767,0.343319,1.755066,2.196277,3.432127,3.169110,0.198224,0.373804,0.073869,0.442426,0.194681,0.155054,0.130248,0.000093,2.447582,0.008791,0.000093,1.808728,2.061628,2.152479,1.378638,1.230764
-20.538373,-0.588751,0.529733,0.738832,1.260593,2.996506,4.153779,1.058399,0.113836,0.703982,2.370197,0.961411,0.309785,1.536433,2.177537,3.443963,3.216453,0.196614,0.365428,0.072902,0.436627,0.188882,0.158276,0.126704,-0.000229,2.425675,0.009436,0.000093,1.821615,2.051641,2.133149,1.352542,1.187271
-21.558243,-0.599272,0.502774,0.713188,1.248100,2.995519,4.155752,1.030782,0.113179,0.713846,2.387950,0.966671,0.350552,1.500925,2.169317,3.451853,3.250317,0.205312,0.362851,0.076124,0.435982,0.208212,0.160209,0.120905,0.000093,2.457247,0.008469,0.000415,1.843522,2.070649,2.125739,1.363818,1.209179
-21.920131,-0.601902,0.485349,0.708914,1.298073,3.007026,4.152135,0.807546,0.111864,0.713517,2.335018,0.929191,0.184194,1.359225,2.129536,3.450538,3.264454,0.210145,0.349320,0.076446,0.433083,0.215621,0.151188,0.122194,0.000093,2.465301,0.008791,-0.000874,1.850932,2.066138,2.126061,1.390236,1.221421
-22.866531,-0.627875,0.490938,0.721407,1.309909,3.050095,4.149176,0.576748,0.109891,0.738504,2.380060,0.953520,0.411047,1.390458,2.187071,3.481771,3.264783,0.243650,0.356730,0.094487,0.436304,0.250415,0.190170,0.126059,0.003959,2.504605,0.008791,0.000415,1.921486,2.092878,2.237208,1.498805,1.339978
-21.913938,-0.722561,0.569515,0.783874,1.506843,3.055356,4.154108,0.557021,0.115151,0.839436,2.556281,1.009740,0.490609,1.510788,2.221592,3.534704,3.290427,0.262980,0.364139,0.146678,0.456279,0.277477,0.214655,0.142168,0.000093,2.560984,0.008791,-0.000551,1.997517,2.228187,2.330314,1.528444,1.608986
-18.020174,-1.204872,0.862779,1.032426,1.725147,3.093493,4.155423,1.004809,0.129946,1.333580,2.681214,1.140920,0.536637,1.805039,2.438910,3.548512,3.283523,0.267168,0.383792,0.162786,0.468199,0.275544,0.267168,0.153121,0.000415,2.638304,0.009114,-0.000229,2.087401,2.381216,2.452092,1.562916,1.751061
-12.752001,-1.381095,1.179387,1.157359,1.864875,3.167138,4.131751,1.531830,0.257510,1.581474,2.711790,1.382896,0.829573,1.980603,2.588501,3.597499,3.248015,0.263624,0.399578,0.164719,0.461755,0.283598,0.250093,0.166974,0.000737,2.629283,0.008791,-0.000551,2.089334,2.422131,2.424386,1.531666,1.782633
2.372889,-1.264380,1.481199,1.854355,2.374142,3.166809,4.162327,2.552993,0.738504,1.771175,2.867956,1.434185,1.136646,2.414581,2.751900,3.598814,3.204289,0.269423,0.387013,0.167619,0.453379,0.272322,0.184049,0.166652,0.000093,2.626062,0.008791,-0.000229,2.081280,2.331280,2.362853,1.527156,1.830958
11.894711,-0.722233,1.619941,2.083837,2.468499,3.079685,4.124847,2.820942,0.992973,1.260922,2.860066,1.340485,1.052481,2.491184,2.738092,3.531745,3.059630,0.221420,0.322580,0.096742,0.323869,0.146356,0.031987,0.069036,0.140879,2.468845,0.008147,1.596743,1.540687,1.670841,1.859952,1.197581,1.194359
16.774464,0.543213,1.787943,1.870136,2.107508,2.516500,3.947968,2.984341,1.525254,0.646119,2.824230,0.943000,0.796039,2.444828,2.704557,3.410099,2.815353,0.146356,0.235918,0.080956,0.325802,0.163753,0.045518,0.000093,0.105763,2.033277,0.006858,1.182761,0.721098,0.592232,1.250416,0.977864,0.735918
22.146271,0.316360,2.003946,2.055234,2.208441,2.521431,3.956845,3.097438,1.644270,1.013357,2.837380,1.057412,0.941685,2.535897,2.767023,3.425552,2.921875,0.161175,0.220776,0.139590,0.410853,0.269745,0.105119,0.000093,0.132825,2.100288,0.006858,1.768780,0.831923,0.465621,1.608986,1.115429,1.096099
24.444242,0.002711,2.081536,2.193647,2.408663,2.595076,3.975256,3.316728,1.675503,1.425637,2.864011,1.038343,1.130400,2.593761,2.909381,3.455470,2.982040,0.187271,0.249127,0.169230,0.479475,0.296485,0.149255,0.000737,0.170196,2.191783,0.007503,1.862530,0.929217,0.440493,1.794553,1.255248,1.248483
26.129333,-0.209676,2.078577,2.253812,2.556610,2.703242,3.990380,3.331523,1.646900,1.670900,2.897546,1.047878,1.153742,2.642748,2.956724,3.463360,3.030698,0.196936,0.271356,0.174706,0.500093,0.303572,0.171485,0.013302,0.180828,2.237208,0.006536,1.916976,0.925351,0.438882,1.864141,1.289398,1.272645
26.590484,-0.278389,2.075289,2.285045,2.656228,2.800558,4.008791,3.343359,1.628817,1.758353,2.948176,1.025521,1.182017,2.657214,2.973492,3.462703,3.062917,0.221743,0.276833,0.187915,0.505892,0.305828,0.222065,0.000737,0.184371,2.319038,0.007825,1.921164,0.951447,0.441137,1.987852,1.311949,1.540042
27.519262,-0.391816,2.078577,2.270250,2.664776,2.806476,4.011421,3.336455,1.639338,1.872766,2.979738,1.023878,1.171167,2.669378,2.977766,3.457114,3.066863,0.224964,0.281665,0.199513,0.520067,0.306150,0.246871,0.000415,0.201446,2.377994,0.008147,1.974643,0.958856,0.433727,2.021035,1.301962,1.685017
28.063470,-0.534503,2.072001,2.303127,2.707516,2.851846,4.019312,3.340071,1.655777,2.024001,3.013930,0.970288,1.160975,2.674310,2.975135,3.452840,3.080342,0.249771,0.296163,0.206279,0.542297,0.311627,0.261369,0.000737,0.204668,2.395713,0.008147,1.992685,0.994617,0.447258,2.037788,1.329668,1.760403
28.727668,-0.611436,2.079892,2.311675,2.716721,2.850860,4.015038,3.337770,1.643612,2.114084,3.029054,1.009083,1.224100,2.710146,2.975135,3.460730,3.096452,0.266846,0.307761,0.235596,0.562593,0.312915,0.301962,-0.006028,0.211433,2.418909,0.008469,2.030700,1.138624,0.657632,2.099643,1.344810,1.917620
29.822099,-0.702835,2.098632,2.342909,2.733160,2.863025,4.011421,3.381496,1.692599,2.209756,3.098753,1.064645,1.273415,2.742694,2.988615,3.463360,3.115521,0.269423,0.304217,0.234307,0.559372,0.305505,0.286820,0.000093,0.216910,2.414077,0.008791,2.015236,1.193070,0.626704,2.064205,1.330635,1.942427
30.647052,-0.768918,2.084823,2.328114,2.733489,2.902477,4.028517,3.405825,1.716928,2.274524,3.107630,1.045905,1.259278,2.747626,2.986314,3.458100,3.113877,0.274578,0.322258,0.245583,0.572580,0.301639,0.305183,-0.013116,0.213688,2.439206,0.009114,1.982053,1.209823,0.724642,2.077736,1.337723,1.973999
30.921409,-0.803768,2.078905,2.330744,2.716064,2.906422,4.028846,3.390373,1.698188,2.298525,3.106973,1.075823,1.263881,2.759133,2.993875,3.454812,3.110260,0.299384,0.326768,0.244294,0.573225,0.296485,0.309049,0.000415,0.221743,2.463046,0.009114,1.968200,1.272001,0.903122,2.141203,1.362207,1.997517
32.543837,-0.839605,2.097645,2.332059,2.705543,2.937984,4.042654,3.419305,1.753093,2.327128,3.113548,1.108701,1.267497,2.777873,3.007026,3.457114,3.118808,0.307438,0.388624,0.266523,0.596098,0.290686,0.330312,0.007825,0.221098,2.478510,0.009114,2.067427,1.324192,1.024900,2.163432,1.484630,2.111241
34.106199,-0.981635,2.131838,2.371841,2.749270,2.986971,4.054819,3.465004,2.024329,2.463568,3.117493,1.171496,1.335553,2.787078,3.030040,3.458429,3.164836,0.325802,0.411498,0.287142,0.618650,0.297773,0.361240,0.002348,0.221098,2.534245,0.008791,1.997195,1.360918,1.116717,2.211113,1.516202,2.241074
34.488982,-0.954347,2.129207,2.407019,2.801544,2.997492,4.054490,3.487689,2.156824,2.465212,3.106644,1.201743,1.330622,2.797270,3.037931,3.457442,3.170097,0.339011,0.447902,0.350609,0.700802,0.328701,0.421485,0.000093,0.229474,2.570971,0.009114,1.856086,1.443393,1.263947,2.270391,1.577091,2.312273
36.758403,-1.007608,2.120002,2.412279,2.816668,3.011300,4.059751,3.514649,2.333046,2.524062,3.129987,1.224100,1.331279,2.798914,3.039575,3.464347,3.179302,0.346098,0.438237,0.339977,0.698225,0.327413,0.433405,0.031021,0.233663,2.575804,0.008147,1.753960,1.455313,1.374772,2.261370,1.697903,2.307440
34.185728,-1.207173,2.123290,2.420499,2.877819,2.975793,4.060079,3.529114,2.403731,2.747626,3.217440,1.221141,1.327663,2.804175,3.026753,3.465990,3.196070,0.355763,0.418263,0.320969,0.691137,0.310016,0.439526,0.086433,0.226897,2.587724,0.009114,1.686628,1.468844,1.542297,2.152479,1.628316,2.294554
19.329406,-1.257147,2.094358,2.433321,2.877490,3.002095,4.046271,3.513662,2.401430,2.789051,3.220399,1.232648,1.302347,2.793654,3.015903,3.454483,3.184891,0.357052,0.477219,0.282954,0.632503,0.274900,0.388624,0.072902,0.186949,2.582569,0.009114,1.621872,1.533599,1.530700,2.000417,1.592877,2.230120
8.191750,-0.965854,2.100604,2.384334,2.809435,2.963628,4.020298,3.425552,2.279127,2.539185,3.073438,1.318128,1.268484,2.712776,2.974149,3.452182,3.158261,0.334822,0.631537,0.186304,0.541652,0.227864,0.188237,-0.000551,0.118005,2.528123,0.009114,1.641524,1.556795,1.470777,1.688561,1.487852,1.943715
0.197033,-0.709739,2.015453,2.324169,2.723954,2.820284,3.988407,3.352236,1.851724,2.194633,2.922532,1.311224,1.189250,2.732831,2.879134,3.443963,3.086918,0.310660,0.597387,0.137657,0.501382,0.173096,0.125415,-0.001196,0.001704,2.479799,0.008469,1.274578,1.730120,1.535854,1.665042,1.464656,1.753960
-7.575741,-0.351706,1.895780,2.179181,2.523075,2.689433,3.936133,3.232234,1.485802,1.806025,2.930094,1.385526,1.140263,2.629597,2.756503,3.420949,2.988944,0.289075,0.585467,0.118650,0.472065,0.162464,0.122194,0.004281,-0.000551,2.455314,0.009114,0.836111,1.736563,1.591267,1.880893,1.365429,1.462723
-10.371526,-0.102167,1.637694,1.745531,2.082193,2.678584,3.982489,2.768996,1.300046,1.396376,2.864011,1.332265,0.976206,2.402416,2.545760,3.417332,2.818969,0.264268,0.508147,0.106730,0.433405,0.135402,0.046485,0.158920,-0.000551,2.448871,0.008791,0.448869,1.760726,1.558728,1.926641,1.276189,1.301318
-12.624367,-0.300417,1.400321,1.388814,1.915177,2.898203,4.062709,2.583898,0.917684,1.149468,2.704557,1.040316,0.753956,2.138084,2.388279,3.441333,2.742366,0.263624,0.512658,0.105119,0.450158,0.169552,0.115106,0.172451,0.000093,2.486886,0.008469,-0.000551,1.838367,1.756537,2.057118,1.436949,1.443393
-13.141479,-0.578230,1.403609,1.261251,1.878026,2.961985,4.074874,2.659844,1.011713,1.576214,2.718037,1.236264,0.851272,2.114413,2.315621,3.474538,2.943902,0.246549,0.539719,0.095132,0.465944,0.204023,0.146034,0.170196,0.000093,2.471745,0.008147,0.475286,2.057762,1.774256,2.237530,1.497194,1.603509
-14.544415,-0.711054,1.417417,1.332594,1.924383,2.976122,4.074874,2.700940,1.053467,1.707394,2.804503,1.329306,0.943657,2.146961,2.276497,3.472566,3.004396,0.217232,0.503959,0.072902,0.461433,0.207245,0.132825,0.150222,0.000415,2.401190,0.009114,0.550995,2.109631,1.801641,2.201770,1.517813,1.590622
-15.442119,-0.742945,1.375334,1.320430,1.881971,2.970533,4.072901,2.655241,0.970288,1.623886,2.729215,1.264538,0.873629,2.112769,2.239346,3.474538,2.999793,0.184694,0.460789,0.046485,0.447902,0.209178,0.138624,0.171163,0.002026,2.299386,0.007503,0.365750,2.122517,1.746872,2.039076,1.348354,1.245261
-15.641980,-0.649903,1.321745,1.265525,1.759997,2.978423,4.072244,2.601652,0.832532,1.443390,2.657543,1.207661,0.904862,2.120659,2.371841,3.490319,3.003739,0.183405,0.463688,0.050029,0.460145,0.233663,0.159565,0.164397,-0.000229,2.305185,0.009114,0.406343,2.199193,1.879282,2.141847,1.473676,1.484952
-16.078867,-0.519051,1.322073,1.272100,1.725476,2.998807,4.079477,2.559240,0.797354,1.283607,2.614474,1.180373,0.924260,2.150249,2.424773,3.516292,2.992232,0.183405,0.465944,0.052284,0.464011,0.243005,0.176639,0.165686,0.000415,2.346422,0.008469,0.406021,2.290043,1.941782,2.300997,1.537143,1.580313
-16.464107,-0.538777,1.391444,1.295443,1.737969,3.002095,4.080463,2.510911,0.828916,1.360540,2.619734,1.183332,0.953192,2.217647,2.451403,3.520238,3.018204,0.182438,0.453701,0.042297,0.459823,0.223998,0.158920,0.157954,-0.009572,2.342556,0.008791,0.339977,2.204025,1.953703,2.252028,1.504282,1.484952
-17.058491,-0.598614,1.379937,1.268155,1.766901,2.988944,4.082107,2.481650,0.727654,1.355937,2.638803,1.169852,0.946945,2.266305,2.494143,3.510375,3.033985,0.204346,0.473676,0.062915,0.467877,0.226575,0.177606,0.174384,-0.000229,2.409567,0.008147,0.283598,2.208535,1.982375,2.303896,1.509437,1.547452
-18.930381,-0.559819,1.390458,1.230346,1.800765,3.033328,4.089340,2.314634,0.705955,1.308265,2.622035,1.129084,0.931164,2.220935,2.481979,3.503142,3.011629,0.232052,0.495583,0.078379,0.473676,0.251704,0.183083,0.180505,0.000093,2.502672,0.008469,0.381859,2.204347,2.019424,2.420520,1.578380,1.700803
-20.292071,-0.602559,1.403609,1.275059,1.977644,3.123740,4.117285,2.444499,0.811162,1.556816,2.673324,1.259936,0.966014,2.353758,2.542144,3.513333,3.072780,0.267490,0.551640,0.090299,0.516846,0.272322,0.265557,0.190815,0.000093,2.616719,0.008791,0.454346,2.354476,2.172131,2.599322,1.537143,1.923741
-21.291945,-0.705137,1.447335,1.466075,2.049974,3.146096,4.132409,2.531952,0.881191,1.784655,2.773928,1.300375,0.977192,2.358032,2.523404,3.536347,3.136562,0.284243,0.594810,0.107696,0.573869,0.299062,0.307116,0.212722,0.000093,2.665366,0.009436,0.604152,2.579026,2.433729,2.668588,1.554862,2.045842
-20.424765,-0.679492,1.456870,1.672544,2.162413,3.167795,4.135039,2.507952,0.910451,1.836930,2.777873,1.317471,0.989028,2.379074,2.525048,3.531416,3.165165,0.291008,0.605441,0.153766,0.591266,0.295196,0.361562,0.253315,0.000093,2.731410,0.009436,0.899256,2.745263,2.671809,2.724967,1.806795,2.077414
-18.762433,-0.694945,1.504870,1.834628,2.259401,3.187193,4.129121,2.532938,0.982123,1.875725,2.808449,1.317799,1.061358,2.399457,2.561541,3.553772,3.161220,0.306150,0.614140,0.164397,0.604797,0.298418,0.363495,0.303572,0.000093,2.737531,0.010080,0.901833,2.854155,2.727866,2.728188,1.963690,2.173419
-13.010761,-0.676862,1.594954,1.952986,2.390581,3.202316,4.121888,2.577980,1.037028,1.872766,2.816668,1.348704,1.036700,2.468170,2.570090,3.543252,3.139850,0.317103,0.639913,0.171163,0.612207,0.296807,0.357696,0.356730,-0.000551,2.739786,0.010724,1.072258,2.951449,2.694039,2.665688,2.022002,2.238497
-2.493245,-0.488804,1.562077,1.911890,2.135125,3.080671,4.097230,2.672666,1.134345,1.713640,2.813051,1.375334,1.159989,2.477705,2.568117,3.489662,3.061931,0.329990,0.628637,0.178572,0.598676,0.290364,0.316459,0.404410,0.013302,2.686951,0.009114,1.476898,2.925676,2.722389,2.685340,2.023290,2.154734
6.865875,0.135864,1.523610,1.862245,1.892492,2.805490,3.982161,2.772284,1.435500,1.146838,2.817325,1.393417,1.268484,2.574364,2.592117,3.455141,2.843956,0.241072,0.539719,0.104152,0.410531,0.206279,0.086111,0.277155,0.000415,2.532312,0.008469,1.681795,2.587724,2.041332,2.278123,1.534566,1.611563
11.973517,0.352854,1.653804,1.889533,1.797148,2.569432,3.925941,2.973492,1.532816,0.978836,2.818640,1.277032,1.154729,2.572391,2.589487,3.406154,2.792339,0.185016,0.420196,0.079990,0.347709,0.186304,0.082245,0.000415,0.039719,2.227543,0.009114,2.030378,1.516524,0.623482,2.133149,1.251704,1.165364
13.767817,0.231866,1.966794,2.070686,1.988493,2.553651,3.929229,3.146096,1.613036,1.291826,2.843298,1.269141,1.169523,2.593761,2.647680,3.412401,2.876175,0.170518,0.396678,0.081601,0.323547,0.187593,0.053250,-0.000229,0.060660,2.168265,0.008147,2.019746,0.910532,0.313560,1.916009,1.207568,1.149578
15.731928,0.300250,2.006247,2.162742,2.057206,2.564500,3.930872,3.224015,1.652818,1.240867,2.882093,1.315498,1.240538,2.615789,2.686475,3.423250,2.882093,0.182438,0.395389,0.130248,0.390235,0.263624,0.096742,0.000415,0.060338,2.184373,0.007503,2.064527,0.923096,0.313560,2.098677,1.308406,1.156344
16.329583,0.176632,2.041754,2.206797,2.275839,2.601652,3.937777,3.265111,1.662352,1.387828,2.904778,1.365143,1.266182,2.648008,2.728557,3.425223,2.931738,0.202413,0.446936,0.170196,0.452091,0.284565,0.126704,0.000415,0.065170,2.235919,0.008791,2.058728,0.937593,0.314848,2.114463,1.511370,1.574192
17.373794,0.019807,2.066412,2.225209,2.364608,2.632556,3.942051,3.310482,1.681750,1.560104,2.911683,1.449637,1.296101,2.664776,2.776558,3.438045,2.964944,0.204990,0.467554,0.176962,0.474642,0.294552,0.167941,0.000093,0.053895,2.258793,0.007503,2.081924,0.934050,0.312593,2.118007,1.506859,1.664076
17.756795,-0.252416,2.094686,2.220606,2.348827,2.672337,3.945338,3.323633,1.686681,1.880656,2.922203,1.516377,1.342457,2.686803,2.796613,3.447908,2.973163,0.206279,0.454990,0.183083,0.485596,0.291330,0.186304,-0.000229,0.050351,2.276190,0.008147,2.058084,0.946292,0.294552,2.114785,1.509114,1.669553
17.799634,-0.285294,2.112111,2.221921,2.302470,2.710146,3.948297,3.324619,1.678133,1.891506,2.928779,1.535775,1.389800,2.707845,2.813051,3.453826,2.988944,0.208212,0.454346,0.183727,0.488495,0.290364,0.185660,-0.000551,0.045840,2.270069,0.008791,2.009115,1.005248,0.296163,2.112208,1.509437,1.666653
17.583439,-0.124524,2.111454,2.220606,2.337320,2.741708,3.948626,3.334811,1.676160,1.738627,3.009328,1.569967,1.427609,2.722968,2.857107,3.460730,2.999465,0.217877,0.473353,0.184694,0.484951,0.285209,0.185338,0.000415,0.032954,2.281667,0.007181,2.052285,1.013302,0.300029,2.112530,1.523290,1.665687
17.667237,-0.056797,2.120988,2.242962,2.360334,2.723626,3.942708,3.330866,1.677147,1.687010,3.021163,1.586406,1.453253,2.729872,2.852175,3.456127,3.005054,0.204023,0.448547,0.167297,0.472387,0.284887,0.166974,-0.010539,0.032954,2.233986,0.007181,2.023612,0.947258,0.294552,2.116718,1.471743,1.619295
17.865429,-0.039372,2.111454,2.230469,2.368224,2.719352,3.939749,3.333167,1.673202,1.631776,3.044177,1.599557,1.440102,2.733160,2.841654,3.451525,2.997492,0.203057,0.423096,0.162464,0.458856,0.287786,0.161175,-0.000874,0.039397,2.204025,0.007503,2.016525,0.931794,0.291974,2.103509,1.458212,1.586434
17.669552,0.046438,2.120659,2.300497,2.424115,2.749927,3.942051,3.334811,1.681421,1.581145,3.042534,1.654790,1.435171,2.747955,2.861381,3.455470,3.024451,0.198224,0.422129,0.158598,0.454024,0.276833,0.150544,-0.002807,0.042941,2.156989,0.007825,2.117040,0.972709,0.295840,2.042620,1.458212,1.553573
17.154644,-0.020303,2.128879,2.308059,2.456664,2.753215,3.937448,3.336455,1.710024,1.638352,3.037273,1.655777,1.436157,2.750914,2.867299,3.458100,3.030369,0.195003,0.420518,0.152477,0.445325,0.273289,0.139590,0.000415,0.041652,2.138625,0.007181,2.200803,0.976253,0.305828,1.993651,1.426962,1.497839
17.512478,-0.026878,2.141372,2.309703,2.469486,2.755845,3.934160,3.335797,1.819176,1.641968,3.049109,1.668599,1.444705,2.762092,2.885710,3.468949,3.026753,0.193070,0.414719,0.147967,0.435982,0.268456,0.128637,0.000415,0.042297,2.116396,0.008469,2.241718,1.017490,0.302606,1.969167,1.397001,1.483019
17.322404,-0.101838,2.137098,2.307073,2.480664,2.765051,3.940407,3.334482,1.826409,1.714627,3.054040,1.669585,1.446020,2.767352,2.891956,3.468949,3.028396,0.195325,0.415364,0.144745,0.425673,0.263946,0.120261,-0.000229,0.053250,2.118973,0.008147,2.201770,1.044874,0.304861,1.937594,1.401833,1.494295
17.917498,-0.117948,2.139071,2.315292,2.502034,2.775571,3.937448,3.325605,1.849752,1.725805,3.055356,1.671229,1.454240,2.770640,2.893271,3.465990,3.027739,0.200480,0.412786,0.127670,0.429217,0.262980,0.119294,-0.000229,0.066137,2.117363,0.007503,2.246229,1.053573,0.303895,1.952414,1.376060,1.526189
18.209339,-0.115318,2.177866,2.321210,2.501048,2.763736,3.930544,3.322646,1.913862,1.729750,3.048123,1.614680,1.488103,2.775243,2.885710,3.465004,3.033985,0.215621,0.413431,0.140557,0.431794,0.260080,0.115750,0.000093,0.073869,2.114463,0.008147,2.262337,1.054539,0.295518,2.043265,1.369295,1.622517
18.547511,-0.200799,2.201537,2.342909,2.567788,2.781161,3.925941,3.333496,2.038467,1.822135,3.073438,1.585420,1.499610,2.803846,2.916614,3.467634,3.043849,0.235918,0.422774,0.150544,0.448547,0.260402,0.123160,0.003959,0.080956,2.193716,0.006536,2.277479,1.063560,0.306150,2.073870,1.396357,1.684050
19.518839,-0.301403,2.214688,2.363292,2.578638,2.833435,3.932516,3.340400,2.022685,1.918465,3.091849,1.543994,1.496322,2.796613,2.931738,3.465990,3.039246,0.269745,0.478508,0.165686,0.484629,0.258791,0.141523,-0.000551,0.084500,2.319682,0.011047,2.233664,1.089655,0.374127,2.204669,1.444359,1.770391
19.310909,-0.313239,2.207784,2.365265,2.567788,2.865983,3.943366,3.344674,1.966466,1.906629,3.087575,1.528213,1.479226,2.802531,2.929436,3.463689,3.044177,0.272000,0.483341,0.169874,0.487207,0.258469,0.156343,0.000415,0.076768,2.339335,0.007503,2.156022,1.086434,0.478830,2.213046,1.432439,1.778122
20.752540,-0.330007,2.198249,2.366580,2.607569,2.927464,3.961777,3.338427,1.875725,1.903341,3.045821,1.480213,1.461801,2.793654,2.923190,3.455141,3.031355,0.280054,0.480441,0.159565,0.519101,0.254281,0.151188,-0.000229,0.070969,2.340623,0.008469,2.168265,1.096099,0.476575,2.213690,1.421163,1.784888
20.096302,-0.402994,2.201208,2.352114,2.638803,2.936998,3.979202,3.343688,1.885588,1.959233,3.040561,1.471336,1.464103,2.794311,2.933053,3.454155,3.029054,0.279732,0.479797,0.173418,0.517812,0.240428,0.156665,-0.001196,0.065170,2.342234,0.008469,2.125417,1.098354,0.474964,2.208858,1.423096,1.762014
19.975243,-0.402337,2.183455,2.376443,2.642748,2.941601,3.996298,3.337441,1.810299,1.916821,3.033657,1.452267,1.459171,2.794969,2.962971,3.452511,3.021821,0.278444,0.487207,0.196291,0.524256,0.250093,0.155054,-0.000229,0.049062,2.347066,0.008469,2.072582,1.088689,0.477864,2.200481,1.436627,1.742040
19.909937,-0.406611,2.159126,2.345539,2.613159,2.918258,3.997613,3.315085,1.687339,1.912218,3.011958,1.433198,1.435500,2.779517,2.951464,3.442648,2.991903,0.285853,0.498160,0.185982,0.526511,0.247194,0.157954,0.002992,0.042619,2.352865,0.008469,2.073226,1.089655,0.456923,2.191138,1.426318,1.716911
20.188035,-0.448694,2.160769,2.304442,2.622364,2.912669,3.998928,3.300947,1.635722,1.946739,2.997821,1.418404,1.378622,2.763736,2.935354,3.432785,2.995190,0.293585,0.514268,0.220132,0.519101,0.245261,0.163108,0.000093,0.032309,2.371551,0.008791,2.012015,1.135081,0.548096,2.205314,1.473676,1.716911
22.243339,-0.380638,2.155180,2.319566,2.605268,2.928121,4.004188,3.304564,1.630132,1.874410,3.025437,1.393417,1.392431,2.761106,2.935683,3.417661,3.007026,0.328701,0.544230,0.245261,0.558727,0.246549,0.184371,0.022967,0.021678,2.446938,0.008469,2.081280,1.289076,0.623160,2.280378,1.550029,1.838367
24.646535,-0.363213,2.151564,2.324169,2.649652,2.964286,4.018654,3.306537,1.622571,1.858957,3.084616,1.337197,1.422349,2.785435,2.937984,3.411414,3.018204,0.339977,0.545841,0.264268,0.577413,0.268134,0.255892,0.029732,0.039075,2.502672,0.008147,2.046486,1.329346,0.769101,2.346744,1.606086,1.899579
27.111341,-0.689027,2.150906,2.363950,2.697653,2.982040,4.024572,3.324290,1.997699,2.160112,3.162864,1.298402,1.473966,2.819298,2.959354,3.417004,3.064890,0.373482,0.560338,0.343521,0.688560,0.312271,0.340621,0.082245,0.007181,2.616075,0.010402,1.912465,1.377027,1.060338,2.628639,1.611563,2.140236
