13.548216,54.307365,-0.634122,2.934697,3.587307,4.084408,3.748405,4.307315,3.689883,3.313770,3.571526,3.101384,2.779188,3.220727,3.634321,3.555416,3.747418,3.711253,3.446617,4.118011,3.709182,3.993655,3.474324,3.714981,3.593847,0.015557,4.333218,3.690175,3.932121,3.924711,3.538112,3.266205,3.086758,4.549069,66.153605,265.172527
14.103391,55.598729,-0.669629,2.875847,3.599471,4.067641,3.744131,4.305671,3.686596,3.243413,3.538320,3.111904,2.774256,3.218426,3.637609,3.561663,3.743473,3.727363,3.438885,4.146039,3.694041,3.986889,3.464659,3.703061,3.568718,0.015879,4.326452,3.701128,3.937276,3.935021,3.525226,3.274903,3.110277,4.557767,68.864262,271.478375
16.156441,52.444423,-0.609464,2.862367,3.621828,4.063038,3.749062,4.306000,3.706322,3.265440,3.559690,3.132288,2.799572,3.236508,3.665554,3.570540,3.756624,3.786871,3.448873,4.144428,3.716914,3.985279,3.471746,3.707572,3.582894,0.188560,4.340950,3.724002,4.007508,3.954673,3.528770,3.432764,3.129606,4.558089,78.888828,256.076152
16.601508,51.841500,-0.558833,2.832120,3.654705,4.074874,3.747090,4.305014,3.728021,3.258865,3.551800,3.158261,2.824887,3.241769,3.677719,3.570211,3.769775,3.820734,3.446295,4.127031,3.721425,3.980446,3.464337,3.711760,3.608989,0.355441,4.345460,3.748165,4.057444,3.955317,3.514917,3.520071,3.231089,4.557445,81.062215,253.132332
17.602041,49.136564,-0.540750,2.802202,3.614924,4.083093,3.748733,4.297452,3.731637,3.246043,3.534704,3.193439,2.882751,3.259194,3.683308,3.574814,3.772734,3.856241,3.448228,4.118655,3.720136,3.970781,3.449517,3.703706,3.680832,0.646034,4.348682,3.752997,4.048423,3.960150,3.524904,3.566463,3.258473,4.556156,85.947250,239.924828
16.919638,47.498690,-0.485516,2.767352,3.603745,4.091970,3.732624,4.296137,3.746432,3.250317,3.509388,3.208892,2.915957,3.276947,3.688897,3.564950,3.774706,3.889118,3.461437,4.116400,3.711438,3.966915,3.439208,3.692430,3.676322,0.884436,4.346426,3.746232,4.051967,3.941786,3.507829,3.620587,3.267816,4.541337,82.615484,231.927301
16.167538,41.576876,-0.390501,2.797928,3.578101,4.088025,3.709610,4.288575,3.753665,3.239139,3.457771,3.223686,2.902477,3.288454,3.681335,3.559361,3.771419,3.898324,3.462081,4.111245,3.701450,3.985601,3.428898,3.694041,3.761373,1.206601,4.344171,3.747520,4.057444,3.945008,3.544878,3.629285,3.247197,4.522973,78.942902,203.011980
15.068166,32.708020,-0.251759,2.841326,3.549498,4.076518,3.659965,4.278383,3.742487,3.260509,3.385442,3.216782,2.913327,3.264125,3.666869,3.535690,3.756295,3.889776,3.455960,4.111245,3.689530,4.011052,3.409246,3.687920,3.823551,1.909566,4.341916,3.752675,4.054544,3.944363,3.572262,3.588370,3.210148,4.495267,73.575168,159.706965
11.408368,28.532179,-0.271485,2.834421,3.510703,4.035093,3.610321,4.266219,3.734267,3.307852,3.404182,3.216453,2.851518,3.234207,3.642869,3.501169,3.735583,3.868735,3.490754,4.104480,3.665046,3.993977,3.380896,3.678577,3.811309,2.556796,4.338694,3.757829,4.045524,3.931155,3.545200,3.505574,3.253962,4.445976,55.704879,139.317512
4.825884,14.215560,-0.247813,2.907737,3.503142,4.019640,3.621170,4.263260,3.732952,3.301605,3.402866,3.200344,2.773599,3.210207,3.653061,3.491963,3.738213,3.875310,3.475612,4.101258,3.631541,4.010085,3.345135,3.696296,3.838371,3.001385,4.334184,3.762662,4.037147,3.936631,3.646038,3.615110,3.297455,4.353836,23.563957,69.411949
1.129626,0.368171,-0.241896,3.068178,3.447908,3.938105,3.629061,4.252739,3.726048,3.277933,3.414045,3.172727,2.663132,3.153329,3.629390,3.478813,3.706651,3.882872,3.456605,4.093526,3.580316,4.022972,3.358988,3.730768,3.856090,3.272970,4.318398,3.753964,4.008474,3.904415,3.757829,3.617043,3.255895,4.199841,0.000000,0.000000
2.219493,-1.220587,-0.110715,2.984670,3.135576,3.542923,3.522539,4.176464,3.550485,3.110260,3.222371,3.177330,2.666091,3.103685,3.567581,3.514649,3.722760,3.833556,3.374130,4.102225,3.679221,4.138952,3.505896,3.857057,3.845459,3.878642,4.309055,3.715626,3.919557,3.831283,3.675677,3.881219,3.397970,3.931477,0.000000,0.000000
-0.015803,-0.291389,-0.077180,2.983684,3.043191,3.463032,3.526156,4.148519,3.444292,3.024780,3.142480,3.183247,2.866312,3.121767,3.586978,3.587307,3.825994,3.878598,3.356411,4.180511,3.651837,4.186310,3.512984,3.839337,3.743010,3.937920,4.293591,3.586437,3.901193,3.798100,3.564530,3.855124,3.518138,3.860278,0.000000,0.000000
2.599597,-1.801574,-0.035755,3.107301,3.086260,3.483744,3.559361,4.131094,3.451525,3.055684,3.155302,3.237166,2.899847,3.162206,3.629061,3.602759,3.855584,3.902598,3.396037,4.270395,3.703061,4.209184,3.551643,3.952095,3.802288,3.990755,4.304867,3.789724,3.998487,3.879608,3.667623,3.873487,3.553254,3.966915,0.000000,0.000000
-0.025065,-25.623345,-0.013399,3.015574,3.029054,3.469936,3.546211,4.117285,3.390702,3.069493,3.091192,3.183905,2.952450,3.209220,3.603745,3.635965,3.872680,3.905228,3.355767,4.417303,3.733989,4.339661,3.674711,4.150872,3.848358,4.133153,4.311310,3.843848,4.149905,4.102547,3.870265,4.039080,3.696618,4.109312,0.000000,-125.113852
5.926939,-41.158641,0.010931,3.086260,3.112890,3.484073,3.873337,4.149834,3.460401,3.096781,3.139192,3.150699,2.989601,3.215796,3.570540,3.690870,3.893393,3.932516,3.261050,4.473360,3.765561,4.492690,3.778770,4.349004,3.981090,4.020072,4.283926,3.782314,4.381865,4.314210,4.063887,4.069686,3.787791,4.048745,28.940125,-200.970059
8.206868,-45.157176,-0.066002,3.215138,3.281550,3.609006,3.990709,4.306000,3.720130,3.192782,3.259522,3.188837,2.941272,3.252947,3.657335,3.740843,3.910489,3.951585,3.054864,4.420525,3.705961,4.486891,3.764917,4.338050,4.149261,3.984312,4.239145,3.773616,4.492045,4.406671,3.991400,4.079995,3.922456,3.913113,40.072469,-220.493828
9.194472,-45.392851,-0.035098,3.256563,3.380181,3.663582,4.015695,4.311918,3.759583,3.244728,3.278591,3.218097,2.961656,3.271029,3.683637,3.763528,3.935146,3.967695,3.040044,4.443076,3.723036,4.512020,3.791979,4.376388,4.193075,3.996232,4.245911,3.781670,4.507187,4.431800,4.047457,4.114789,4.000742,3.969815,44.894996,-221.644766
9.586274,-45.596502,-0.018659,3.263468,3.388729,3.682650,4.020956,4.312246,3.774377,3.258536,3.279906,3.233878,2.962642,3.286482,3.689883,3.772076,3.945667,3.969010,3.040689,4.454996,3.720136,4.521363,3.800355,4.399906,4.214016,3.978513,4.254609,3.773293,4.508476,4.435666,4.089338,4.134119,4.050034,3.984312,46.807934,-222.638937
11.142562,-45.327229,-0.004193,3.267742,3.402538,3.686924,4.019640,4.311589,3.783254,3.262152,3.275961,3.261495,2.973820,3.287139,3.695801,3.771090,3.944681,3.966380,3.025547,4.453386,3.723036,4.526195,3.803899,4.407960,4.215627,3.963371,4.252032,3.776193,4.509442,4.441788,4.100614,4.166658,4.071619,3.982057,54.407098,-221.324289
12.184508,-44.659666,0.007643,3.269057,3.412401,3.700075,4.018654,4.313562,3.787200,3.252289,3.272673,3.267742,2.993547,3.295687,3.693500,3.766487,3.943037,3.964078,3.079671,4.453708,3.727546,4.527806,3.802611,4.404094,4.212728,3.952740,4.253643,3.784569,4.509765,4.442110,4.105124,4.187599,4.072263,3.986567,59.494539,-218.064953
13.761968,-43.297482,0.012246,3.272344,3.411743,3.693171,4.015038,4.311589,3.787528,3.232892,3.270043,3.259522,2.998807,3.279577,3.686924,3.748733,3.935475,3.957832,3.108344,4.447587,3.711438,4.519752,3.782314,4.389919,4.208217,3.967237,4.253965,3.794879,4.500744,4.435022,4.099325,4.183088,4.070330,3.975291,67.196891,-211.413328
14.475647,-42.737405,-0.008138,3.253604,3.374592,3.655362,3.999585,4.303370,3.758925,3.221714,3.248015,3.234207,2.973820,3.221385,3.645828,3.730651,3.907530,3.944352,3.079026,4.435022,3.686953,4.508798,3.747842,4.360280,4.189532,3.998165,4.242045,3.796489,4.491079,4.425679,4.078707,4.160537,4.055833,3.944041,70.681949,-208.678859
16.342305,-41.051997,0.015533,3.251303,3.378537,3.649116,3.987750,4.300739,3.762542,3.204289,3.236837,3.248015,3.012287,3.222042,3.652732,3.727692,3.900625,3.932845,3.115753,4.435666,3.686309,4.509442,3.743976,4.358669,4.193398,3.998809,4.237212,3.808410,4.487213,4.422458,4.082250,4.153771,4.058732,3.952095,79.796184,-200.449160
18.651620,-39.813904,0.081945,3.246700,3.363743,3.648458,3.956845,4.297123,3.766158,3.190480,3.216782,3.265111,3.020835,3.247687,3.668842,3.728678,3.900954,3.929886,3.162145,4.435666,3.695007,4.510409,3.737533,4.361246,4.202740,4.002353,4.225614,3.840304,4.488502,4.424713,4.092882,4.172457,4.062598,3.976580,91.072395,-194.403762
19.108514,-39.203711,0.075041,3.224015,3.314756,3.630705,3.968681,4.291863,3.761884,3.149713,3.177658,3.225659,3.001108,3.242755,3.634979,3.724404,3.889118,3.918379,3.153769,4.427612,3.682121,4.508154,3.735278,4.361890,4.198552,3.977224,4.234635,3.777159,4.496556,4.438244,4.084828,4.167624,4.053256,3.983668,93.303328,-191.424223
18.629969,-39.029022,-0.000248,3.210207,3.284838,3.611307,3.969996,4.294822,3.775035,3.164179,3.198042,3.215796,2.983355,3.223686,3.612951,3.707308,3.878598,3.923311,3.145070,4.421491,3.678899,4.504288,3.718525,4.356414,4.186310,3.954995,4.248166,3.764273,4.497200,4.434700,4.070008,4.132830,4.041013,3.962083,90.966727,-190.571438
17.558077,-38.546968,-0.046605,3.208892,3.308838,3.603088,3.990051,4.303370,3.788843,3.150699,3.208234,3.210535,2.971848,3.212837,3.599471,3.726048,3.878927,3.914105,3.138305,4.411826,3.683731,4.503321,3.718847,4.355125,4.179222,3.940497,4.249132,3.759440,4.488824,4.422135,4.053578,4.143140,4.031026,3.948552,85.732938,-188.217473
18.336607,-39.188768,-0.042659,3.201001,3.317715,3.616896,4.004517,4.305671,3.795090,3.148398,3.209220,3.212837,2.961985,3.202645,3.587636,3.718486,3.878269,3.919365,3.143782,4.396362,3.675999,4.500744,3.722713,4.357058,4.172457,3.923423,4.249132,3.745265,4.481092,4.418269,4.040369,4.132830,4.020395,3.935021,89.534008,-191.351297
17.851454,-38.192987,-0.061399,3.188837,3.321989,3.636623,4.007147,4.307315,3.799035,3.122096,3.218097,3.199686,2.974149,3.196398,3.578430,3.718486,3.871036,3.899639,3.130895,4.420525,3.669234,4.499777,3.712726,4.354803,4.164725,3.899582,4.237212,3.745587,4.480125,4.412148,4.023938,4.117366,3.997521,3.921168,87.165160,-186.489082
18.852204,-38.456085,-0.085400,3.184563,3.293057,3.641883,4.006161,4.310274,3.796405,3.106315,3.228947,3.199357,2.964286,3.201659,3.571855,3.740185,3.860844,3.890105,3.112210,4.433733,3.652159,4.496234,3.701128,4.347715,4.147650,3.878642,4.233346,3.734956,4.473682,4.404416,4.009763,4.096426,3.970781,3.900227,92.051684,-187.773965
19.034345,-36.505025,-0.090331,3.169768,3.288783,3.652404,3.991037,4.305671,3.785884,3.074753,3.234865,3.183905,2.929765,3.199028,3.570868,3.732952,3.847365,3.881886,3.108021,4.421813,3.632185,4.487213,3.689530,4.336761,4.123165,3.840948,4.208862,3.732056,4.463695,4.390563,3.984634,4.071297,3.935665,3.873809,92.941180,-178.246980
18.748184,-32.840869,-0.121236,3.121110,3.252947,3.644184,3.960133,4.295808,3.766816,3.021492,3.243084,3.154644,2.905436,3.173713,3.539964,3.716843,3.819748,3.849008,3.066462,4.394751,3.549066,4.472715,3.646038,4.308733,4.076451,3.812276,4.178578,3.710149,4.446620,4.365112,3.951129,4.033926,3.879286,3.831928,91.543684,-160.355855
17.478534,-29.138610,-0.115318,3.074096,3.233221,3.637938,3.925612,4.289890,3.736898,2.993218,3.215138,3.129329,2.865983,3.164836,3.518594,3.694486,3.785884,3.813830,3.023292,4.374133,3.517494,4.453708,3.622520,4.279738,4.053578,3.788435,4.169557,3.698873,4.432123,4.336761,3.933088,4.000098,3.814853,3.798100,85.344496,-142.278199
15.825524,-22.708016,-0.126825,3.067191,3.250974,3.662595,3.899968,4.279041,3.722432,2.989930,3.211193,3.114534,2.838038,3.155302,3.514977,3.662595,3.755966,3.812844,3.019426,4.351581,3.452739,4.428579,3.601579,4.249454,4.026194,3.785536,4.157637,3.682121,4.407638,4.311310,3.907637,3.967559,3.747842,3.794234,77.273051,-110.878937
9.691051,-11.606496,-0.102496,3.065876,3.254920,3.675746,3.871365,4.267862,3.694815,2.982697,3.188837,3.101384,2.813051,3.177987,3.568567,3.624458,3.739528,3.776679,3.115109,4.336439,3.519749,4.399262,3.603834,4.212083,4.024905,3.777159,4.188887,3.667301,4.383153,4.274261,3.907637,3.935665,3.708860,3.829350,47.319406,-56.672262
5.865764,-10.051010,-0.111702,3.026753,3.232234,3.664568,3.780953,4.240903,3.640568,3.028396,3.177658,3.043849,2.797270,3.169110,3.575800,3.549827,3.702377,3.693829,3.297133,4.300357,3.608022,4.327741,3.586115,4.137985,4.048745,3.875742,4.239145,3.714981,4.321620,4.224970,3.929222,3.892495,3.658280,3.974003,28.641477,-49.077066
0.035500,0.621360,0.056630,2.970861,3.162864,3.573827,3.605718,4.183040,3.547197,3.022807,3.044835,2.897874,2.673981,3.145768,3.473223,3.420620,3.641883,3.709938,3.313885,4.191142,3.543267,4.153771,3.427932,3.935343,4.031026,3.975614,4.238501,3.717881,4.182444,4.145717,3.857057,3.757507,3.410213,3.991078,0.000000,0.000000
0.416318,0.211438,-0.001892,2.925491,3.101712,3.544567,3.684623,4.207040,3.485717,2.942916,3.061602,2.938313,2.643734,3.077712,3.366373,3.492292,3.666869,3.706322,3.301321,4.194364,3.572262,4.120588,3.391849,3.881219,3.869299,3.906026,4.201130,3.673100,3.925678,3.851580,3.724324,3.797456,3.447906,3.942108,0.000000,0.000000
-3.010702,-8.561612,0.020465,2.921546,3.057986,3.527799,3.695472,4.166601,3.454812,2.846257,3.007355,2.968889,2.704557,3.084616,3.429826,3.516292,3.688897,3.771747,3.239787,4.174712,3.578061,4.117044,3.424066,3.939853,3.740110,4.024261,4.228192,3.702417,3.970459,3.888307,3.789724,3.849325,3.498808,4.011374,0.000000,-41.804828
-6.034777,-21.473337,-0.052523,2.542144,2.813051,3.306537,3.557389,4.108080,3.240125,2.567459,2.688776,2.764064,2.590473,2.846586,3.309496,3.393661,3.590266,3.720459,3.240754,4.128642,3.560342,4.128320,3.381540,3.948874,3.464337,3.833216,4.242367,3.517494,3.995266,3.958861,3.830961,3.755252,3.483989,3.957894,-29.466480,-104.850406
-7.416979,-26.031357,-0.249457,2.595076,2.895573,3.330537,3.733610,4.192245,3.082644,2.348827,2.836723,2.851518,2.500061,2.632885,3.368017,3.444620,3.630047,3.808241,2.958214,4.138629,3.355122,4.217238,3.439208,4.046490,3.739144,3.408602,4.152160,3.283602,4.193075,4.229480,3.825806,3.761051,3.475612,3.847392,-36.215836,-127.106164
-8.213166,-31.162133,-0.342171,2.786421,3.041547,3.495909,3.863474,4.262931,3.055356,2.340607,3.005382,2.847572,2.484938,2.528664,3.342373,3.486703,3.716514,3.875968,2.952738,4.238823,3.411824,4.371555,3.569685,4.197264,3.789724,3.503319,4.128320,3.350290,4.281671,4.316465,3.962727,3.903771,3.524904,3.879286,-40.103227,-152.158898
-8.937743,-33.780982,-0.338555,2.791024,3.018862,3.498868,3.999257,4.288246,2.768339,2.145317,2.999136,2.821599,2.427403,2.456992,3.307194,3.494922,3.753994,3.888461,2.809374,4.279094,3.379929,4.383153,3.648615,4.223681,3.804866,3.376707,4.084828,3.304542,4.281671,4.339339,3.972392,3.962727,3.590948,3.783603,-43.641367,-164.946211
-7.355190,-36.942483,-0.314883,2.768667,3.003739,3.482100,4.030819,4.306000,2.597706,1.840217,2.971848,2.813709,2.359347,2.272223,3.242426,3.509059,3.754980,3.933503,2.758472,4.293913,3.408280,4.394751,3.719814,4.232380,3.789080,3.433409,4.145717,3.277803,4.261052,4.357058,3.982701,3.981413,3.750742,3.749775,-35.914211,-180.383160
-8.448319,-37.766295,-0.286609,2.721324,2.990259,3.462374,4.022271,4.305014,2.565816,1.759997,2.928450,2.816010,2.293264,2.211729,3.203303,3.512347,3.752350,3.908516,2.743974,4.306156,3.424388,4.395396,3.738500,4.233991,3.758796,3.396037,4.141851,3.271681,4.249454,4.373166,3.986567,3.981090,3.756219,3.744299,-41.251684,-184.405984
-3.935252,-38.967396,-0.277074,2.670036,2.984670,3.444292,4.012408,4.299424,2.536555,1.708380,2.887354,2.800887,2.324169,2.176879,3.182919,3.516621,3.751364,3.896680,2.741719,4.317109,3.444362,4.400228,3.738822,4.238501,3.788435,3.370586,4.131542,3.300032,4.254609,4.388308,3.981090,3.973036,3.744943,3.732378,0.000000,-190.270309
-5.791298,-38.409114,-0.339541,2.636501,2.957382,3.410757,3.995969,4.291863,2.494801,1.687667,2.868942,2.800558,2.300497,2.256771,3.208892,3.517607,3.739199,3.853940,2.707892,4.309055,3.449839,4.392818,3.724969,4.235924,3.790368,3.354800,4.117044,3.328060,4.258475,4.393785,3.980768,3.959183,3.735600,3.719814,-28.277840,-187.544273
-3.961768,-40.159500,-0.345459,2.582583,2.947519,3.396620,3.990051,4.289561,2.469486,1.680763,2.818640,2.779517,2.333703,2.290963,3.209220,3.502155,3.721774,3.838817,2.708214,4.313566,3.443396,4.391530,3.721747,4.236890,3.804221,3.332249,4.090305,3.328060,4.252032,4.399584,3.973036,3.951129,3.724646,3.704672,0.000000,-196.091473
-4.756591,-40.322092,-0.323431,2.542802,2.950478,3.388401,3.988078,4.287260,2.444499,1.399664,2.802202,2.772941,2.353758,2.304442,3.210535,3.497881,3.711582,3.793117,2.704026,4.328707,3.451772,4.389274,3.726902,4.236568,3.811631,3.312597,4.093848,3.318718,4.243978,4.406994,3.983990,3.947263,3.714337,3.693719,-23.225621,-196.885223
-6.002372,-41.257825,-0.291211,2.531295,2.915957,3.379852,3.992024,4.288246,2.396827,1.485473,2.750585,2.795298,2.310689,2.302799,3.177330,3.484730,3.702048,3.767802,2.709180,4.327741,3.469491,4.384764,3.726257,4.234635,3.803255,3.288756,4.083217,3.311952,4.235924,4.406349,3.990755,3.941142,3.705639,3.693074,-29.308227,-201.454246
-7.834895,-41.828455,-0.239594,2.464225,2.911025,3.346318,3.987750,4.285945,2.247236,1.541693,2.729872,2.790695,2.257757,2.160441,3.119137,3.480785,3.711582,3.750706,2.729799,4.321297,3.483022,4.381543,3.733989,4.230769,3.810343,3.253318,4.108024,3.307442,4.228514,4.411826,3.989467,3.937920,3.699840,3.685987,-38.256270,-204.240309
-6.878711,-41.007735,-0.261622,2.479020,2.910368,3.359797,3.991037,4.285945,1.954630,1.479555,2.746968,2.782804,2.230798,2.187400,3.093164,3.485388,3.707966,3.777665,2.729799,4.321620,3.504607,4.389919,3.739466,4.247199,3.803577,3.173743,4.124776,3.298099,4.217882,4.420202,4.004286,3.937276,3.705639,3.688242,-33.587531,-200.232863
-4.285815,-40.239578,-0.269184,2.426417,2.898203,3.317715,3.969667,4.268849,1.981589,1.521967,2.710804,2.789051,2.270908,2.348498,3.130644,3.477497,3.646157,3.698760,2.763626,4.303901,3.504929,4.372844,3.708538,4.229158,3.785214,3.126385,4.099003,3.335148,4.223681,4.401839,3.988822,3.899905,3.633474,3.669556,-20.926723,-196.482395
-4.689699,-40.046352,-0.208690,2.373813,2.774914,3.239467,3.924626,4.229067,2.349484,1.428924,2.537212,2.721653,2.245921,2.436280,3.143137,3.425880,3.525169,3.584677,2.735598,4.251065,3.443718,4.320331,3.655059,4.151516,3.744943,3.136372,4.121232,3.296166,4.214661,4.365756,3.920201,3.799067,3.582894,3.635084,-22.898695,-195.538824
-2.774298,-41.906394,-0.212635,2.377430,2.768667,3.222042,3.906543,4.210656,2.337320,1.414458,2.504007,2.708831,2.206140,2.516500,3.120781,3.373277,3.485717,3.527799,2.748807,4.238179,3.419878,4.295846,3.629930,4.129931,3.732056,3.182764,4.102869,3.320651,4.214983,4.354158,3.901193,3.741077,3.639595,3.624775,0.000000,-204.621309
-5.016023,-41.222484,-0.240580,2.360005,2.739407,3.204946,3.897009,4.203752,2.261373,1.381252,2.463896,2.658529,2.244606,2.521103,3.129987,3.357825,3.455799,3.452511,2.737209,4.227869,3.416012,4.285215,3.637340,4.122843,3.719814,3.146359,4.084506,3.310986,4.207251,4.348359,3.897005,3.736567,3.633151,3.611888,-24.492148,-201.281605
-2.895178,-42.438964,-0.287266,2.340607,2.732502,3.199357,3.873995,4.188629,2.069371,1.328649,2.433650,2.638474,2.221921,2.530308,3.101712,3.319030,3.419305,3.423250,2.716590,4.213050,3.415690,4.262341,3.616077,4.109312,3.713048,3.175032,4.070008,3.302932,4.190176,4.341916,3.881541,3.696296,3.600935,3.602223,0.000000,-207.221336
-5.956656,-41.199031,-0.382939,2.329429,2.687461,3.160234,3.866762,4.167916,2.003617,1.294785,2.409320,2.644721,2.188715,2.519459,3.071794,3.306865,3.375250,3.354537,2.715302,4.202740,3.414723,4.244622,3.611888,4.086761,3.699195,3.204349,4.062920,3.294555,4.184055,4.335151,3.872843,3.681476,3.580316,3.595458,-29.085480,-201.167008
-2.897430,-42.228312,-0.356637,2.324497,2.688447,3.145110,3.856241,4.150491,1.876053,1.214565,2.387950,2.644392,2.223236,2.493486,3.043520,3.268728,3.332838,3.298975,2.757183,4.189854,3.408602,4.211117,3.595780,4.062920,3.675355,3.222068,4.061310,3.286501,4.175034,4.326130,3.846103,3.657636,3.511051,3.585471,0.000000,-206.192934
-6.779236,-41.663733,-0.288581,2.311675,2.696995,3.101712,3.838488,4.129450,1.656763,1.193853,2.283401,2.628282,2.212058,2.526034,3.085274,3.243413,3.294043,3.202974,2.748162,4.179222,3.402159,4.197586,3.590303,4.050034,3.664079,3.195328,4.063887,3.275547,4.163436,4.320653,3.822907,3.645071,3.455638,3.560342,-33.101855,-203.436141
-2.456335,-45.275463,-0.332966,2.314306,2.707516,3.101055,3.832570,4.108737,1.663996,1.152099,2.300497,2.610857,2.225537,2.504993,3.045821,3.244070,3.308509,3.200672,2.766204,4.169880,3.401192,4.191787,3.588692,4.044235,3.650548,3.200161,4.060343,3.264916,4.150227,4.318398,3.819363,3.637984,3.434053,3.551643,0.000000,-221.071777
-4.329490,-44.715704,-0.317842,2.294579,2.700283,3.066534,3.806597,4.103806,1.635064,1.091933,2.268935,2.574364,2.181482,2.529979,2.985985,3.210207,3.278920,3.200672,2.736242,4.153127,3.396360,4.182122,3.575162,4.033281,3.626386,3.106411,4.057444,3.251707,4.131220,4.310988,3.803577,3.634762,3.405058,3.542301,-21.140043,-218.338301
-3.770459,-44.419208,-0.343815,2.295237,2.685817,3.046479,3.759254,4.080463,1.321745,1.054782,2.272880,2.578309,2.171290,2.472445,2.943245,3.161877,3.191138,3.109603,2.756217,4.118977,3.382829,4.151516,3.552610,4.012018,3.614144,3.137338,4.050678,3.232377,4.110601,4.297135,3.771360,3.607056,3.298099,3.553254,0.000000,-216.890699
-2.933327,-43.643436,-0.308308,2.261702,2.624666,2.948505,3.715528,4.038709,1.170839,0.991987,2.109152,2.503020,2.175564,2.397485,2.783133,3.020835,3.084945,3.034314,2.729477,4.049390,3.341269,4.082895,3.443718,3.904093,3.576450,3.051642,4.065820,3.218524,4.037469,4.237857,3.646682,3.483666,3.094813,3.537790,0.000000,-213.102527
-3.700783,-44.440622,-0.134058,2.216989,2.463239,2.811736,3.567909,3.980188,0.948260,0.909794,1.820491,2.305758,2.081207,2.175564,2.752229,2.951464,2.921217,2.881107,2.694039,3.944041,3.286179,4.006541,3.355767,3.783925,3.600613,3.315174,4.043913,3.199839,4.001709,4.207251,3.496553,3.218524,2.757183,3.559053,0.000000,-216.995375
-3.269447,-45.698885,-0.093948,2.195619,2.426088,2.723626,3.489662,3.936790,0.746723,0.782888,1.692599,2.251839,2.089426,2.112440,2.772284,2.942916,2.868614,2.690091,2.646358,3.913436,3.273292,3.987534,3.332893,3.756541,3.572584,3.239787,3.997843,3.153447,3.972392,4.194042,3.442429,3.185341,2.528768,3.529736,0.000000,-223.139000
-4.294509,-43.753317,-0.199813,2.159126,2.342251,2.672666,3.457442,3.914763,0.311757,0.437020,1.632763,2.178852,2.101919,1.965479,2.711790,2.918258,2.840339,2.454033,2.606410,3.862856,3.281346,3.976258,3.345135,3.746232,3.506540,3.237854,3.987212,3.109310,3.965949,4.191142,3.425032,3.211114,2.561951,3.421811,-20.969387,-213.639301
-6.405241,-42.251205,-0.284965,2.127564,2.297867,2.620392,3.429168,3.898653,0.116795,0.127645,1.560433,2.118029,2.042741,1.951342,2.701269,2.876504,2.770969,2.193318,2.562917,3.898938,3.282313,3.958861,3.350934,3.709827,3.432120,3.083859,4.029415,3.089014,3.940497,4.236568,3.382184,3.089336,2.833214,3.285535,-31.275734,-206.304555
-6.894591,-41.537178,-0.338883,2.126906,2.311675,2.627624,3.423579,3.891749,0.114165,0.112521,1.570625,2.144331,2.050960,1.900054,2.650310,2.866641,2.690749,1.999014,2.616397,3.877353,3.288112,3.948874,3.351579,3.693396,3.403447,2.961436,4.048423,3.048099,3.909892,4.251387,3.364465,3.009117,2.910534,3.272970,-33.664922,-202.818008
-7.204441,-39.734043,-0.400364,2.143345,2.315949,2.617433,3.408127,3.884516,0.114494,0.114494,1.565036,2.169975,2.076275,1.937862,2.580610,2.844942,2.623350,1.919451,2.605765,3.818074,3.276192,3.921168,3.320651,3.651837,3.380896,2.962725,4.040691,3.071295,3.899905,4.245911,3.353512,2.849967,2.777802,3.253318,-35.178008,-194.013832
-8.237324,-40.251510,-0.362884,2.128879,2.325813,2.614474,3.418319,3.881557,0.113179,0.110549,1.557803,2.168660,2.077919,1.926355,2.549377,2.834093,2.618090,1.898739,2.626384,3.722713,3.265560,3.912469,3.306153,3.640883,3.375097,2.906346,4.027160,3.081604,3.905059,4.246233,3.354478,2.768137,2.721101,3.248808,-40.221297,-196.540437
-8.659293,-43.714637,-0.372747,2.107508,2.297538,2.577980,3.415031,3.880570,0.113179,0.109891,1.529200,2.124933,2.068385,1.843176,2.538528,2.795626,2.600994,1.867834,2.591912,3.688886,3.260406,3.907637,3.305831,3.640883,3.365754,2.849645,4.021683,3.005895,3.895716,4.244622,3.390561,2.805186,2.706281,3.241076,-42.281574,-213.450289
-10.429990,-47.770775,-0.367487,2.057206,2.286031,2.572391,3.471580,3.903584,0.112521,0.111206,1.492706,2.016439,2.015124,1.759997,2.538528,2.795626,2.583240,1.860272,2.557118,3.695974,3.272970,3.942753,3.338692,3.705316,3.346424,2.797454,4.010407,2.992364,3.917624,4.233668,3.421166,3.178898,2.683085,3.229800,-50.927496,-233.255840
-14.399297,-45.477091,-0.354007,2.014795,2.255127,2.510253,3.512676,3.931859,0.110549,0.109891,1.466075,1.879012,1.989808,1.646900,2.510582,2.785435,2.600008,1.963507,2.490752,3.798422,3.256862,4.012018,3.358344,3.827417,3.302287,2.695327,3.978513,2.955637,3.924067,4.248166,3.498808,3.439530,2.705314,3.195328,-70.308887,-222.056027
-14.366676,-39.263553,-0.290225,1.988493,2.218304,2.386635,3.554101,3.939092,0.107918,0.105946,1.400650,1.760326,1.939835,1.536104,2.477047,2.796942,2.703899,1.975342,2.498484,3.980768,3.269749,4.103191,3.405380,3.934376,3.285212,2.545520,3.954995,2.886694,3.919879,4.315821,3.619298,3.611888,2.967235,3.146037,-70.149641,-191.716422
-14.793639,-28.271377,-0.238608,2.087453,2.296223,2.616117,3.544238,3.943366,0.113836,0.111535,1.514734,1.750463,1.886245,1.681421,2.500719,2.816010,2.727900,1.831998,2.579026,3.965626,3.297133,4.149905,3.475290,3.992366,3.283924,2.580636,3.967237,2.864142,3.913758,4.340305,3.663113,3.705961,3.238176,3.135728,-72.234723,-138.044039
-7.535334,-10.923932,-0.374062,2.067398,2.236058,2.577980,3.398264,3.878927,0.108576,0.108905,1.527884,1.735997,1.928986,1.754408,2.434307,2.685159,2.528007,1.576871,2.722389,3.926000,3.332893,4.092882,3.410535,3.936631,3.190496,2.443072,3.943719,2.848678,3.817752,4.311955,3.617687,3.622198,3.276836,3.144426,-36.793785,-53.339504
0.415703,-1.862869,-0.839605,1.828382,1.927999,2.152879,2.936340,3.666541,0.094110,0.094439,1.443390,1.769860,1.576543,1.323389,1.877040,2.355073,2.025973,1.172482,2.700804,3.843848,3.214014,3.885729,3.240109,3.602223,2.880895,2.360920,4.019428,2.712080,3.616721,4.138629,3.416334,2.946616,2.713369,3.123485,0.000000,0.000000
-0.306181,-1.654111,-0.602231,1.542022,1.506186,1.766573,2.312333,3.405825,0.079644,0.078000,1.085358,1.579502,1.470349,0.943657,1.729093,1.839231,1.142893,0.920314,2.454025,3.819363,3.096423,3.858667,3.109954,3.511373,0.764269,0.862529,3.937598,2.451770,3.082570,3.503319,3.121230,3.071295,2.736565,2.860920,0.000000,0.000000
-2.694281,2.064812,-0.885633,1.721531,1.874410,1.930630,2.361649,3.477169,0.361402,0.322936,1.478569,1.743887,1.483829,0.989028,1.663996,1.838902,0.946945,0.869355,2.496873,3.922778,3.122197,3.846425,3.114787,3.490110,0.018134,0.643779,3.912147,2.472711,3.059374,3.474002,3.105766,2.947261,2.804864,3.127351,0.000000,0.000000
-2.637688,13.171308,-1.248599,2.007891,2.116057,2.522089,2.245921,3.459744,0.100028,0.398553,1.881643,1.834300,1.302018,0.622118,1.465089,1.440760,0.421896,0.579707,2.364141,3.745909,2.957570,3.741399,2.896036,3.289078,1.672774,1.743006,3.836438,2.659567,3.193717,3.477868,3.009439,2.164077,2.493974,3.083215,0.000000,64.313098
-3.604374,20.819902,-1.931462,2.285045,2.565487,3.251632,2.633871,3.614266,0.390663,0.843382,3.010972,2.324497,1.104098,0.212468,1.440760,1.618297,0.507377,0.541898,2.508794,3.690175,3.014271,3.678899,2.859632,3.210470,1.919231,1.448547,3.932121,2.941784,3.280380,3.490432,3.067429,1.342233,2.227221,3.456282,0.000000,101.659531
-3.932084,21.006255,-1.849926,2.408334,2.773928,3.520895,2.870915,3.709938,0.750339,1.259278,3.190480,2.456664,1.167222,0.796039,1.498953,1.973699,0.908807,0.985740,2.603188,3.621231,3.010727,3.673100,2.869297,3.207571,2.025868,0.788753,3.949840,2.942106,3.229478,3.498486,3.058730,1.005570,2.274901,3.565174,0.000000,102.569367
-6.773465,21.783288,-1.776609,2.393868,2.830805,3.500840,3.098425,3.816131,1.108043,1.376321,3.154973,2.516500,1.366458,1.197469,1.741257,2.311347,1.399335,1.379280,2.574837,3.700162,2.975611,3.684376,2.847712,3.216269,2.365108,0.873160,3.942108,2.962080,3.218202,3.506540,3.106733,0.992039,2.200803,3.545844,-33.073578,106.363492
-6.615881,24.173164,-1.521810,2.214030,2.627624,3.256892,2.951793,3.790158,0.924917,1.204702,2.877162,2.437595,1.406568,1.134674,1.705092,2.185099,1.298073,1.459500,2.523613,3.686631,2.931152,3.692430,2.820005,3.220135,2.443072,1.774256,3.919879,2.915044,3.213370,3.509118,3.130251,1.272967,2.163432,3.400548,-32.304137,118.033105
-5.163897,26.264132,-1.212434,2.145975,2.448115,3.082644,2.861381,3.783254,0.906835,1.185304,2.558911,2.369210,1.395390,1.131715,1.678462,2.143345,1.336868,1.410842,2.513626,3.645071,2.925998,3.674066,2.816784,3.225612,2.508149,1.844166,3.904093,2.874129,3.184697,3.414723,3.119619,1.754282,2.330314,3.401192,-25.214461,128.242715
-6.166053,30.371711,-1.522796,2.336333,2.667735,3.306865,2.916943,3.847693,1.183332,1.402951,2.945875,2.452389,1.544981,1.249415,1.954630,2.355731,1.676818,1.547940,2.530701,3.654092,2.978833,3.706605,2.807119,3.227545,2.482054,1.854798,3.911180,2.970457,3.104800,3.373164,3.103833,1.911177,2.411177,3.704028,-30.107434,148.299289
-3.989744,32.944508,-1.561263,2.446143,2.671351,3.390702,2.935683,3.869392,1.232319,1.396047,3.090863,2.485267,1.574899,1.293799,1.965479,2.396498,1.702462,1.611392,2.573871,3.655059,2.955959,3.679221,2.820005,3.227545,2.269747,1.429217,3.956284,2.988498,3.099645,3.347713,3.087725,1.751705,2.235919,3.761051,0.000000,160.861871
-3.633208,33.418647,-1.789760,2.546418,2.898861,3.529114,2.999136,3.901612,1.350019,1.275388,3.318044,2.520116,1.542679,1.399992,2.084166,2.436280,1.809970,1.746518,2.519425,3.674389,2.997519,3.709182,2.829993,3.251385,1.980120,0.007825,3.955317,2.999774,3.059374,3.380251,3.102222,1.676318,2.088368,4.010730,0.000000,163.177141
-3.156880,35.750224,-1.778911,2.607898,2.942258,3.630376,3.119137,3.912790,1.388157,1.248429,3.375578,2.555624,1.624215,1.451281,2.308716,2.526692,1.976986,1.774463,2.717557,3.761695,3.110277,3.762018,2.936951,3.310019,2.043265,0.008469,3.992044,3.149259,3.158279,3.420200,3.174065,1.641202,1.806473,4.146039,0.000000,174.561500
-2.103246,37.281333,-1.687183,2.658858,2.996177,3.730322,3.131302,3.944681,1.525254,1.338841,3.448237,2.545432,1.646571,1.508816,2.393211,2.558911,2.087782,1.887560,2.878962,3.829350,3.205315,3.816141,2.984632,3.392171,1.899257,0.007825,4.052933,3.249452,3.212725,3.438885,3.187596,1.565816,1.532310,4.225292,0.000000,182.037633
-1.452663,38.166087,-1.674032,2.801544,3.112233,3.867748,3.187850,3.977229,1.599557,1.443390,3.524183,2.515514,1.662681,1.634406,2.520774,2.644392,2.190359,2.075618,3.071617,3.891850,3.362532,3.912791,3.123807,3.454672,2.034566,0.008147,4.076129,3.278447,3.240431,3.507829,3.199194,1.622194,1.393779,4.343849,0.000000,186.357617
-1.230370,42.710179,-1.553701,2.864668,3.162864,3.864132,3.211851,4.026545,1.685037,1.740271,3.530758,2.566473,1.749805,1.748490,2.552007,2.645378,2.242962,2.144988,3.178898,3.894106,3.445329,3.979157,3.210792,3.506540,2.081602,0.008791,4.133475,3.331282,3.327738,3.623809,3.260728,1.695648,1.373483,4.372522,0.000000,208.545906
-2.308181,44.423511,-1.597428,2.838038,3.214481,3.921667,3.298317,4.054490,1.982904,1.951013,3.587964,2.603624,1.883615,1.904657,2.579953,2.722968,2.461266,2.258743,3.196295,4.006541,3.454349,3.991078,3.243009,3.512984,1.911177,0.008147,4.135086,3.331926,3.316785,3.606089,3.245586,1.703058,1.149900,4.420847,0.000000,216.911535
-3.065820,44.750620,-1.549755,2.814366,3.197056,3.920023,3.312126,4.054819,2.083837,2.025644,3.573827,2.590473,1.888547,1.902355,2.645707,2.781489,2.520116,2.448115,3.200483,4.022972,3.454994,3.993977,3.270071,3.513306,1.895713,0.006858,4.138629,3.327738,3.312274,3.619943,3.258473,1.702736,1.063560,4.410215,0.000000,218.508957
-4.106230,43.988802,-1.536933,2.877819,3.214809,3.886488,3.326920,4.061723,2.056549,2.097317,3.561663,2.627296,1.862574,1.931287,2.655241,2.774914,2.541486,2.492500,3.206604,4.015240,3.468203,3.995910,3.279736,3.513306,2.014592,0.008147,4.143140,3.319362,3.356089,3.648615,3.289401,1.694360,1.144101,4.406027,-20.050125,214.789246
-4.905006,44.231774,-1.465589,2.874203,3.217111,3.844734,3.339414,4.072573,2.164386,2.060165,3.537005,2.610200,1.882300,1.940164,2.678584,2.786750,2.605597,2.538528,3.199194,4.004931,3.466270,3.993655,3.290689,3.508473,2.099321,0.007825,4.116722,3.299710,3.351256,3.659247,3.320973,1.768458,1.327735,4.396040,-23.950414,215.975406
-6.087627,43.334185,-1.427780,2.870915,3.217111,3.835529,3.379195,4.090984,2.163728,2.116057,3.526156,2.641762,1.896109,1.944438,2.756174,2.811079,2.605926,2.567131,3.203060,4.023294,3.473679,3.991722,3.291334,3.516205,2.185017,0.009436,4.138952,3.313885,3.400226,3.688564,3.339658,1.677929,1.244617,4.386375,-29.724945,211.592914
-5.524502,43.090222,-1.391615,2.832449,3.181932,3.801008,3.395962,4.092299,2.216661,2.102248,3.506429,2.654584,1.969096,1.994740,2.782804,2.843298,2.680885,2.637488,3.203060,4.024261,3.478834,4.001065,3.313241,3.518138,2.302286,0.008469,4.141851,3.335792,3.457249,3.728512,3.374130,1.736885,1.324514,4.375744,-26.975098,210.401297
-4.771008,42.963386,-1.340984,2.778202,3.104671,3.737884,3.368345,4.078490,2.135454,2.059837,3.462374,2.649323,1.977315,2.025316,2.836065,2.870586,2.659187,2.587186,3.199516,4.030704,3.475935,3.999454,3.321939,3.523615,2.411500,0.009758,4.133475,3.332893,3.478190,3.728835,3.372519,1.699192,1.445970,4.353514,-23.296066,209.782172
-3.524515,48.757920,-1.261421,2.789380,3.119795,3.769775,3.378537,4.096902,2.218962,2.197921,3.445607,2.630255,1.962192,2.055891,2.891299,2.864997,2.789709,2.638474,3.207571,4.035214,3.497842,4.007508,3.361244,3.542623,2.386371,0.009436,4.158604,3.375097,3.467236,3.751386,3.359633,1.667298,1.459501,4.374777,0.000000,238.075887
-2.911771,51.349571,-1.226571,2.820613,3.197713,3.912132,3.483087,4.152135,2.472116,2.607898,3.500511,2.606912,1.952986,2.111125,2.954752,2.935025,3.010314,2.724283,3.238821,4.089016,3.525870,4.016851,3.388950,3.587082,2.284244,0.009114,4.231735,3.393460,3.496875,3.789402,3.366720,1.798741,1.241717,4.430512,0.000000,250.730246
-3.196853,50.470082,-1.196653,2.785435,3.235522,3.917064,3.597170,4.183368,2.742366,2.783462,3.525827,2.665433,2.010850,2.220606,3.078698,3.005382,3.172069,2.871901,3.242364,4.090949,3.532958,4.017173,3.397970,3.608989,2.361886,0.009758,4.252032,3.428576,3.567430,3.822585,3.375419,1.713367,1.136047,4.469816,0.000000,246.436059
-4.110806,50.567682,-1.133857,2.720995,3.225659,3.899639,3.602102,4.197177,2.820284,2.796613,3.477169,2.721653,2.005589,2.383348,3.158918,3.042862,3.238481,3.007684,3.222068,4.072908,3.517816,4.007186,3.373486,3.585793,2.238819,0.009114,4.253320,3.492687,3.565819,3.806154,3.377674,1.437594,1.018779,4.465628,-20.072449,246.912309
-5.535718,51.125403,-1.048376,2.807462,3.218097,3.873009,3.600786,4.200464,2.845271,2.797928,3.438702,2.728228,2.032549,2.303456,3.137548,3.045492,3.260509,3.016889,3.231411,4.062598,3.522004,4.006864,3.381862,3.584182,2.171164,0.007825,4.249777,3.437597,3.581283,3.802611,3.428576,1.823548,1.391846,4.457896,-27.029668,249.635863
-6.968785,50.064026,-1.016813,2.792339,3.203303,3.856570,3.615252,4.204081,2.862696,2.805161,3.423908,2.729544,2.087453,2.282415,3.182919,3.027739,3.277605,3.069493,3.208859,4.058410,3.508151,4.004608,3.369620,3.586759,2.269425,0.009436,4.249454,3.495587,3.648293,3.829028,3.474968,2.093845,1.564527,4.435989,-34.027070,244.453172
-7.897961,48.027109,-0.909633,2.756503,3.187521,3.806268,3.605061,4.208026,2.910039,2.831463,3.408784,2.732502,2.096001,2.301484,3.219741,3.057657,3.297331,3.100068,3.195006,4.058088,3.489143,3.998809,3.346102,3.580638,2.491719,0.009758,4.249777,3.493331,3.733667,3.844492,3.497842,2.487853,1.919231,4.406671,-38.564344,234.507484
-6.953157,47.452234,-0.868208,2.713763,3.166480,3.722432,3.587636,4.208684,2.943245,2.781818,3.412401,2.728557,2.069700,2.238688,3.204289,3.073109,3.295687,3.073109,3.189207,4.052611,3.481733,3.996876,3.346746,3.578705,2.786822,0.009758,4.245266,3.497842,3.759440,3.859634,3.503963,2.504928,2.041332,4.384764,-33.951168,231.700586
-4.004816,52.465724,-0.837303,2.695023,3.128014,3.663253,3.564950,4.196848,2.951135,2.741379,3.373935,2.753544,2.049645,2.178852,3.176343,3.057657,3.294372,2.996506,3.172777,4.060021,3.480123,3.997843,3.350934,3.585149,2.769425,0.011369,4.240434,3.497520,3.753964,3.830317,3.497520,2.554541,2.252350,4.371555,-19.554527,256.180332
-2.370449,55.059706,-0.904044,2.704886,3.215796,3.817446,3.649116,4.231040,3.087904,2.864340,3.445935,2.819956,2.151235,2.389923,3.267413,3.148727,3.385113,3.083301,3.228189,4.100614,3.520716,4.002031,3.354156,3.601579,2.528768,0.009758,4.252354,3.532636,3.748809,3.793590,3.440174,2.465623,2.085790,4.472715,0.000000,268.846102
-3.005331,52.094812,-0.977689,2.616117,3.229275,3.854269,3.681993,4.242547,3.126041,2.894258,3.510046,2.864668,2.116714,2.613159,3.335468,3.215138,3.417004,3.129000,3.224001,4.072908,3.514917,3.998809,3.338692,3.595780,2.362853,0.009114,4.249132,3.585793,3.731412,3.771360,3.386050,2.225610,1.654089,4.498167,0.000000,254.369094
-4.649221,45.722872,-0.910620,2.583569,3.201987,3.843091,3.679034,4.240246,3.167795,2.916285,3.473881,2.877162,2.145646,2.716721,3.392346,3.312783,3.463032,3.314098,3.212725,4.050356,3.505574,3.995910,3.317107,3.592236,2.277479,0.009436,4.244944,3.583216,3.734311,3.745909,3.397648,2.506861,2.100932,4.471427,-22.701250,223.256078
-6.517124,38.933199,-0.840591,2.557267,3.136233,3.815803,3.641883,4.238273,3.213494,2.848559,3.411086,2.870586,2.152221,2.733818,3.379852,3.323961,3.479141,3.374921,3.198550,4.079029,3.479156,3.992044,3.286823,3.582894,2.665688,0.011047,4.243333,3.593525,3.727546,3.765884,3.495587,2.666332,2.424386,4.444043,-31.821934,190.103621
-8.239561,26.796082,-0.696260,2.537541,3.102699,3.729007,3.633664,4.239588,3.328893,2.761434,3.277605,2.846257,2.162085,2.749927,3.351249,3.307194,3.503799,3.432456,3.162790,4.078062,3.443074,3.997521,3.281346,3.572584,2.984954,0.012013,4.233346,3.597069,3.766850,3.784569,3.541334,2.774902,2.655379,4.386697,-40.232211,130.840262
-7.338881,18.689778,-0.662725,2.490856,2.951464,3.563964,3.583033,4.216903,3.259194,2.569761,3.284180,2.816668,2.218633,2.681872,3.291084,3.266427,3.496566,3.407140,3.128962,4.111568,3.428898,4.007186,3.310341,3.578383,3.144748,0.013624,4.206284,3.583538,3.779415,3.829350,3.594491,3.163434,2.939207,4.292625,-35.834340,91.258926
-4.971093,1.513837,-0.545024,2.370197,2.762092,3.325934,3.552128,4.194547,3.133274,2.084494,3.012287,2.834093,2.301155,2.463239,3.165165,3.198700,3.455470,3.379195,2.890882,4.092238,3.299066,3.975614,3.236243,3.535213,3.215947,2.196937,4.138629,3.376707,3.708860,3.686953,3.474002,3.349323,2.961114,3.955961,-24.272875,0.000000
0.442412,1.259072,-0.419433,2.319895,2.653926,3.154316,3.553443,4.194875,2.862696,1.695558,2.781818,2.718694,2.290963,2.204496,2.994204,3.277933,3.442976,3.321331,2.652479,4.003320,3.072583,3.858667,2.995263,3.415690,3.193395,2.522969,4.022328,3.139916,3.510084,3.381218,3.197261,3.191462,2.710791,3.558087,0.000000,0.000000
0.715320,11.063051,-0.317184,2.359018,2.698639,3.179631,3.516621,4.183040,3.004396,2.115728,2.830147,2.794640,2.396827,2.439239,3.261824,3.439360,3.549498,3.402538,2.703704,4.090305,3.173421,4.011374,3.224001,3.705316,3.027802,2.291654,4.040691,3.086758,3.540045,3.267171,3.149581,3.248808,3.072261,3.583860,0.000000,54.018656
7.825499,38.242409,-0.372747,2.673981,3.068178,3.492292,3.643198,4.215588,3.296345,2.774585,3.070479,2.849216,2.368553,2.681872,3.408456,3.497224,3.593554,3.363414,2.788755,4.084506,3.262017,4.027160,3.265560,3.724002,2.723034,1.972388,4.133153,3.243975,3.627675,3.429220,3.408280,3.284568,3.177931,3.912791,38.210629,186.730680
10.772611,49.288114,-0.857687,2.883080,3.220070,3.933174,3.656678,4.266219,3.200672,2.899189,3.489004,2.930094,2.274196,2.639789,3.321989,3.299304,3.474867,3.232234,3.198872,3.965949,3.467880,3.912791,3.300999,3.557765,3.067429,0.013624,4.196941,3.576772,3.720136,3.827417,3.389594,2.609309,2.544554,4.368012,52.600820,240.664504
12.839015,56.914356,-0.923442,3.049109,3.367359,4.081449,3.743802,4.287260,3.382811,2.965930,3.570540,2.909710,2.366251,2.818312,3.384126,3.350263,3.571197,3.333167,3.309053,3.989145,3.542623,3.916979,3.336115,3.626064,3.017493,0.013302,4.240112,3.627997,3.738500,3.865111,3.376063,2.604799,2.233342,4.482380,62.690375,277.902293
14.701327,58.942869,-0.942182,3.054040,3.440018,4.112025,3.791474,4.296465,3.450867,3.015246,3.590266,2.921546,2.429376,2.962642,3.405168,3.391031,3.618211,3.364729,3.343202,4.005253,3.582894,3.927289,3.352223,3.653448,3.061630,0.011047,4.271362,3.638306,3.751386,3.863822,3.364465,2.582569,2.092234,4.509120,71.783773,287.806805
14.541564,62.941130,-0.977361,3.057986,3.481114,4.106436,3.814488,4.302055,3.490648,3.056999,3.630376,2.927464,2.464225,3.041218,3.434100,3.414702,3.647801,3.418319,3.331926,3.988500,3.579994,3.918912,3.348357,3.646038,2.983021,0.012657,4.252998,3.646682,3.729801,3.842237,3.330316,2.538433,2.054218,4.512342,71.003914,307.329582
14.660694,62.109438,-1.005635,3.046150,3.471580,4.089669,3.811529,4.302383,3.492292,2.994862,3.623472,2.890970,2.440225,3.052068,3.436401,3.429497,3.644513,3.410757,3.322261,3.966593,3.566141,3.915046,3.331282,3.642172,2.898936,0.012013,4.237212,3.636051,3.695007,3.804544,3.325805,2.538433,2.102221,4.514275,71.585336,303.268559
16.074382,63.156430,-1.004320,3.032342,3.526156,4.087367,3.830926,4.310931,3.547526,3.074096,3.647472,2.958368,2.569103,3.119137,3.482100,3.459415,3.670486,3.538649,3.326772,3.958217,3.577095,3.912469,3.291334,3.647971,3.005895,0.013302,4.247844,3.646038,3.702095,3.796812,3.332571,2.627350,2.199837,4.512664,78.487984,308.380805
16.155035,63.973346,-0.975059,3.006369,3.538320,4.096573,3.838159,4.317836,3.573827,3.128014,3.619855,2.995519,2.587186,3.150370,3.529443,3.469278,3.684623,3.568567,3.327738,3.939853,3.574517,3.909892,3.296166,3.628319,3.030057,0.012013,4.241078,3.660535,3.714337,3.798100,3.318718,2.627673,2.281989,4.505254,78.881883,312.369895
15.859749,62.996943,-0.969799,3.017218,3.566923,4.086710,3.844734,4.318493,3.587636,3.184891,3.615252,3.019848,2.649981,3.164836,3.561992,3.503799,3.689555,3.589937,3.346746,3.943719,3.577739,3.908603,3.285857,3.630574,3.096746,0.012013,4.233346,3.674711,3.742688,3.784569,3.331926,2.613497,2.332247,4.506543,77.440234,307.602434
16.051621,61.643894,-0.998402,2.975135,3.606704,4.070600,3.850324,4.322110,3.591581,3.184563,3.629061,3.062589,2.701598,3.169768,3.571526,3.506100,3.692514,3.628074,3.353512,3.920845,3.577417,3.903771,3.303576,3.633474,3.159890,0.012980,4.218204,3.663435,3.754608,3.773293,3.331604,2.625417,2.415043,4.506865,78.376859,300.995457
16.014082,59.241555,-1.043115,2.869929,3.622814,4.063038,3.842104,4.320795,3.606376,3.218755,3.612951,3.084616,2.763736,3.166809,3.607362,3.523197,3.699418,3.656678,3.356733,3.888951,3.582894,3.902482,3.320329,3.642172,3.189207,0.012980,4.233991,3.670200,3.737533,3.786180,3.340303,2.823871,2.609309,4.500100,78.193801,289.265320
16.104504,57.023202,-0.785028,2.884723,3.609006,4.057449,3.821392,4.314877,3.646157,3.226645,3.587964,3.099411,2.757818,3.157932,3.586978,3.525827,3.691527,3.680678,3.372519,3.891528,3.578705,3.901515,3.326450,3.647004,3.277803,0.014590,4.242689,3.700162,3.803577,3.808087,3.382184,3.014916,2.698871,4.503643,78.635324,278.433609
15.209731,56.513315,-0.702178,2.851518,3.583690,4.057449,3.817446,4.313890,3.671472,3.227960,3.566594,3.085931,2.758147,3.165823,3.590595,3.528128,3.702048,3.714212,3.373164,3.941786,3.580961,3.909570,3.327738,3.653448,3.358988,0.014268,4.260730,3.706283,3.835471,3.833216,3.422455,3.105122,2.753317,4.503966,74.266227,275.943715
16.428944,55.600583,-0.595984,2.811736,3.584019,4.043641,3.806926,4.312575,3.702705,3.218097,3.534375,3.122754,2.762421,3.167466,3.592567,3.538320,3.707308,3.754651,3.397326,3.977224,3.594169,3.910536,3.347713,3.657636,3.424388,0.013946,4.281349,3.725935,3.880575,3.846103,3.455638,3.190174,2.880895,4.500422,80.219352,271.487305
14.065275,55.958215,-0.588422,2.768339,3.608677,4.009777,3.797720,4.311918,3.702377,3.214481,3.503142,3.136891,2.754201,3.162206,3.599800,3.544238,3.707308,3.779638,3.391205,4.003964,3.591270,3.893461,3.337725,3.651515,3.444040,0.014590,4.276516,3.725613,3.885085,3.833861,3.465303,3.236565,2.973034,4.493012,68.678227,273.233555
14.869919,54.871688,-0.616368,2.659844,3.633664,4.036408,3.783912,4.310274,3.694815,3.187521,3.448566,3.158590,2.751242,3.182261,3.609663,3.552128,3.706651,3.795748,3.387017,4.013951,3.575162,3.877353,3.313241,3.646360,3.453383,0.014590,4.266851,3.710471,3.892173,3.828706,3.500419,3.310664,2.977544,4.474971,72.606793,267.928328
15.180999,54.098146,-0.543051,2.663789,3.630047,4.032463,3.755638,4.304356,3.696788,3.169110,3.390373,3.170097,2.804503,3.186864,3.617883,3.543252,3.706979,3.806597,3.388305,4.070008,3.608667,3.878964,3.322906,3.658280,3.517172,0.397000,4.289403,3.732056,3.905381,3.840304,3.543589,3.452094,3.013627,4.465628,74.125832,264.151070
17.591207,50.183961,-0.482557,2.656228,3.613280,4.019312,3.736569,4.296137,3.686596,3.137877,3.390044,3.196398,2.830147,3.199357,3.622157,3.540950,3.712240,3.843748,3.451128,4.112534,3.647649,3.910214,3.398293,3.703706,3.656025,1.085467,4.320331,3.782958,3.939209,3.862533,3.581927,3.597391,3.261694,4.448875,85.894664,245.039059
16.961128,42.999108,-0.431597,2.745653,3.540950,4.021284,3.669828,4.277726,3.686596,3.166151,3.394976,3.226316,2.873545,3.221056,3.636623,3.534375,3.705993,3.850652,3.478834,4.122843,3.656669,3.942430,3.407635,3.725291,3.771038,2.068071,4.322586,3.800033,3.988178,3.857701,3.616077,3.740755,3.420844,4.441788,82.817891,209.956797
17.775314,37.172689,-0.323760,2.844613,3.504457,4.015695,3.597499,4.260629,3.690212,3.150042,3.377222,3.230262,2.890313,3.259522,3.654047,3.519251,3.691198,3.846707,3.477868,4.126387,3.653126,3.985601,3.397648,3.738177,3.868332,2.553897,4.319687,3.808087,3.980446,3.864144,3.707249,3.827739,3.518138,4.422780,86.793586,181.507309
16.056993,34.262446,-0.290883,2.912998,3.483744,3.959147,3.550156,4.239588,3.672130,3.203631,3.395633,3.313112,2.909710,3.227632,3.647143,3.493607,3.682650,3.830926,3.508795,4.129287,3.665690,4.020072,3.387983,3.768139,3.935987,3.097390,4.324841,3.812920,4.012018,3.912469,3.734956,3.911825,3.514594,4.413759,78.403152,167.297199
14.063596,31.002830,-0.338226,2.996834,3.489333,3.937119,3.527799,4.229725,3.660623,3.204289,3.433113,3.315085,2.920888,3.232892,3.640897,3.484402,3.677390,3.827310,3.529092,4.125098,3.666979,4.047134,3.354800,3.779415,3.970459,3.292622,4.327741,3.820974,4.037469,3.934054,3.781670,3.944041,3.509762,4.396684,68.669793,151.381023
7.390502,14.759166,-0.321459,3.139850,3.553772,3.976572,3.561663,4.238602,3.674431,3.266755,3.514320,3.369003,2.960341,3.262481,3.708295,3.512018,3.727363,3.844406,3.529736,4.143462,3.671167,4.069364,3.383151,3.839337,3.961438,3.470780,4.330962,3.844814,4.082895,4.002353,3.810665,4.019106,3.503319,4.401195,36.086355,72.066051
0.343854,0.784388,-0.254718,3.212837,3.510375,3.936133,3.647801,4.241561,3.651088,3.261824,3.519909,3.384126,2.943245,3.301605,3.720130,3.549169,3.829940,3.873009,3.508151,4.141207,3.666012,4.057444,3.395715,3.834827,4.037469,3.762662,4.308411,3.848680,4.086761,3.995588,3.801966,4.008152,3.549710,4.326774,0.000000,0.000000
0.399565,0.045799,-0.100523,3.199357,3.307852,3.615910,3.682650,4.217560,3.592896,3.201659,3.336126,3.347962,2.955080,3.307852,3.734925,3.613937,3.885173,3.903584,3.494298,4.178900,3.746554,4.230769,3.472713,4.038114,4.092882,4.144428,4.323230,3.838049,4.042946,3.925034,3.727546,3.975614,3.533602,3.972070,0.000000,0.000000
0.293099,0.217022,-0.023919,3.170425,3.187521,3.483415,3.716514,4.204410,3.622157,3.108288,3.176015,3.245056,2.984999,3.319030,3.731966,3.646157,3.893064,3.897338,3.474002,4.246877,3.836116,4.309377,3.704028,4.134763,4.075163,4.166658,4.323875,3.791013,4.013307,3.908281,3.680188,3.935343,3.665690,3.993655,0.000000,0.000000
0.609010,-1.999401,0.064849,3.177987,3.190152,3.433113,3.813172,4.197834,3.615252,3.132288,3.129987,3.259194,2.955738,3.338756,3.765172,3.657335,3.896680,3.897995,3.425677,4.339017,3.897972,4.393463,3.792946,4.249777,4.085150,4.213694,4.309700,3.825806,4.115434,3.974003,3.750742,3.935343,3.736567,4.197908,0.000000,0.000000
3.879344,-20.894114,0.064192,3.163192,3.186206,3.420620,3.841118,4.196848,3.612293,3.114206,3.097109,3.195083,2.982040,3.353222,3.752679,3.644184,3.903256,3.892735,3.376707,4.422458,3.903126,4.448231,3.806477,4.321620,4.108346,4.241078,4.308089,3.859956,4.245589,4.196297,3.979480,4.111245,3.813886,4.225292,0.000000,-102.022176
5.924442,-29.875299,0.062219,3.090205,3.073767,3.395305,3.652732,4.163971,3.547197,3.131959,3.075082,3.187521,2.906094,3.297660,3.684294,3.526156,3.846050,3.849337,3.289401,4.259119,3.670845,4.379610,3.672456,4.230447,4.152805,3.985601,4.245266,3.806154,4.396362,4.316787,4.006541,4.063243,3.624131,4.025871,28.927723,-145.875375
5.416284,-32.388863,-0.012741,3.182261,3.182590,3.486374,3.819419,4.213944,3.601444,3.155959,3.196398,3.236837,2.916285,3.340400,3.708623,3.577115,3.869721,3.870379,3.151192,4.332251,3.638628,4.470138,3.710793,4.313566,4.176967,3.953384,4.228192,3.779415,4.499133,4.419236,4.008152,4.072908,3.885085,3.999776,26.446758,-158.148734
5.007152,-32.000213,-0.008796,3.184234,3.242097,3.506429,3.872680,4.241232,3.640897,3.193111,3.204946,3.266755,2.901491,3.319687,3.712240,3.602430,3.886488,3.884187,3.130573,4.384442,3.650870,4.508798,3.753319,4.362535,4.194042,4.012018,4.220460,3.762340,4.513953,4.439855,4.053578,4.089016,3.922778,4.020072,24.448988,-156.251176
5.704537,-32.748855,-0.024906,3.183576,3.291413,3.553772,3.893393,4.255369,3.638266,3.151028,3.197713,3.210207,2.887682,3.306537,3.691527,3.652732,3.896023,3.885502,3.103189,4.391530,3.656347,4.518463,3.768461,4.384442,4.196297,3.988178,4.214016,3.724646,4.515241,4.455641,4.077418,4.117366,3.939531,4.008797,27.854176,-159.906395
6.251955,-33.165264,-0.060413,3.197056,3.322975,3.563635,3.915749,4.259643,3.628074,3.147411,3.209220,3.200015,2.853490,3.285495,3.673774,3.653061,3.896680,3.902269,3.078704,4.400872,3.647327,4.524584,3.773938,4.394429,4.195653,3.967882,4.217560,3.683409,4.513308,4.456929,4.074196,4.122843,3.936631,4.005897,30.527129,-161.939883
6.675404,-32.589841,-0.078824,3.169110,3.311468,3.558375,3.942379,4.256355,3.641554,3.112562,3.203631,3.193439,2.835737,3.259851,3.651417,3.661280,3.892077,3.903256,3.021359,4.391530,3.618654,4.526839,3.783603,4.393785,4.182122,3.933732,4.204029,3.634440,4.513631,4.460795,4.070330,4.152160,3.955639,3.976258,32.594848,-159.130008
6.382900,-32.159994,-0.105455,3.156617,3.311797,3.577444,3.953886,4.253068,3.637938,3.077383,3.215796,3.200015,2.823901,3.221714,3.633006,3.655691,3.897338,3.909174,3.022003,4.386375,3.579672,4.524584,3.781670,4.394107,4.174068,3.921490,4.197908,3.594169,4.509120,4.453708,4.064209,4.156671,3.944041,3.967559,31.166594,-157.031035
7.589294,-31.794373,-0.095263,3.149713,3.280892,3.544238,3.950927,4.260301,3.615252,3.069164,3.194426,3.173056,2.830476,3.193111,3.606376,3.657335,3.880899,3.889447,2.994619,4.371233,3.562597,4.521363,3.778448,4.392496,4.164725,3.893783,4.185021,3.580961,4.498811,4.448875,4.056477,4.146361,3.948552,3.949840,37.057211,-155.246090
8.330645,-31.901685,-0.076852,3.070150,3.206261,3.493607,3.969996,4.253396,3.600129,3.011958,3.163192,3.151357,2.795955,3.155959,3.566266,3.643527,3.863474,3.862159,3.004606,4.353836,3.553254,4.515564,3.765884,4.377999,4.136696,3.858667,4.162792,3.571940,4.491079,4.442754,4.021039,4.127998,3.917624,3.921812,40.677207,-155.769965
9.645004,-32.367801,-0.096578,3.057657,3.196070,3.493936,3.968023,4.260301,3.597170,3.021492,3.183905,3.117165,2.786092,3.133603,3.557389,3.636951,3.862817,3.845063,3.012338,4.320331,3.560986,4.512986,3.763951,4.380254,4.123810,3.841915,4.145717,3.566785,4.482380,4.436311,4.014918,4.117366,3.923101,3.914724,47.094676,-158.046043
9.381088,-32.180966,-0.088359,3.040561,3.159247,3.479470,3.971969,4.267205,3.598156,3.016232,3.154316,3.093493,2.764722,3.123082,3.544238,3.623472,3.861831,3.850981,2.992364,4.354481,3.591914,4.513631,3.762662,4.378643,4.119944,3.832894,4.136052,3.543589,4.478837,4.430190,4.002675,4.101903,3.912469,3.901838,45.806320,-157.133727
8.495453,-31.488867,-0.115318,3.032013,3.155959,3.469278,3.976243,4.276082,3.612293,3.001766,3.179302,3.081986,2.768339,3.114863,3.547526,3.615252,3.854598,3.848680,3.003640,4.408282,3.591592,4.510087,3.758796,4.378321,4.108668,3.821618,4.135086,3.527803,4.474971,4.432445,3.996554,4.097392,3.910214,3.881863,41.481871,-153.754336
8.033216,-31.673401,-0.133072,3.000780,3.167138,3.523525,3.987421,4.289561,3.650102,2.977437,3.202316,3.055027,2.772941,3.085931,3.533060,3.644184,3.854269,3.869063,2.998807,4.424391,3.604801,4.511698,3.759118,4.377032,4.093848,3.804544,4.155060,3.520071,4.471749,4.426646,3.979802,4.083217,3.910536,3.868332,39.224645,-154.655242
8.105172,-32.062757,-0.165949,3.005382,3.180946,3.539964,3.992024,4.295150,3.659308,2.988286,3.234865,3.064232,2.768339,3.081986,3.520238,3.645499,3.853611,3.889447,2.974323,4.419236,3.608667,4.510731,3.758152,4.379287,4.094171,3.802611,4.157315,3.514272,4.468527,4.427290,3.977869,4.084506,3.908603,3.863822,39.575879,-156.556273
8.952144,-32.156930,-0.147538,3.013273,3.212179,3.564622,3.998270,4.300082,3.668842,2.982040,3.228289,3.073109,2.775571,3.079027,3.515306,3.660294,3.859529,3.911146,2.976578,4.419558,3.611244,4.514275,3.757185,4.379932,4.092238,3.790046,4.156993,3.512661,4.467239,4.423424,3.980124,4.078384,3.908925,3.854479,43.711813,-157.016152
10.820125,-32.145351,-0.147209,3.042534,3.184891,3.563307,3.998928,4.304027,3.675089,2.964944,3.225659,3.092507,2.736448,3.093493,3.511032,3.666541,3.857228,3.901941,2.981088,4.418269,3.621553,4.519752,3.757829,4.380576,4.084828,3.769427,4.159248,3.505896,4.464017,4.421491,3.979480,4.078384,3.909247,3.863500,52.832496,-156.959598
11.808257,-32.094085,-0.157401,3.050095,3.189494,3.573499,3.993339,4.303698,3.678705,2.940615,3.212179,3.098753,2.707845,3.094151,3.518594,3.672787,3.849337,3.891091,3.018782,4.415692,3.627997,4.512986,3.745909,4.375099,4.072263,3.742043,4.158604,3.527159,4.461762,4.416981,3.969815,4.073230,3.906992,3.856734,57.657504,-156.709566
14.317744,-30.158877,-0.167264,3.023465,3.194097,3.578759,3.980188,4.302712,3.681993,2.917929,3.201987,3.071137,2.784777,3.093493,3.519580,3.657664,3.835529,3.860844,3.048099,4.397973,3.593203,4.504610,3.720780,4.357702,4.060021,3.733345,4.126709,3.537468,4.442432,4.387341,3.934698,4.040047,3.869621,3.846425,69.911020,-147.259973
14.505735,-29.210521,-0.176141,2.946204,3.153001,3.570211,3.947640,4.297123,3.647143,2.910039,3.165165,3.051082,2.751900,3.071465,3.495251,3.631691,3.815145,3.834871,3.034245,4.375421,3.538435,4.499777,3.696618,4.337728,4.027804,3.731090,4.121232,3.545844,4.435344,4.360280,3.903126,4.012663,3.812598,3.822907,70.828793,-142.629434
14.838658,-27.378851,-0.170552,2.941272,3.151028,3.576457,3.938105,4.292191,3.626431,2.870258,3.133274,3.022478,2.737105,3.071137,3.493936,3.623800,3.800022,3.830269,3.067429,4.367689,3.557120,4.492368,3.667945,4.327419,4.019106,3.742688,4.144751,3.588692,4.417947,4.341272,3.887340,3.993977,3.748809,3.841915,72.454492,-133.685855
13.986548,-22.782572,-0.151812,2.947847,3.172069,3.591581,3.933503,4.291863,3.601115,2.872230,3.113548,3.044506,2.724612,3.046479,3.470593,3.593225,3.785556,3.818104,3.097712,4.351581,3.552932,4.474326,3.682443,4.334184,4.001065,3.735600,4.137341,3.609311,4.404094,4.334184,3.884763,3.985923,3.758796,3.839015,68.293754,-111.243070
8.267964,-10.688500,-0.149182,2.939299,3.174699,3.609992,3.915749,4.284630,3.565608,2.879134,3.119137,3.044506,2.669378,3.003410,3.448894,3.576457,3.775364,3.802652,3.125740,4.338372,3.569363,4.465628,3.667623,4.333218,3.989145,3.791013,4.170202,3.641528,4.388630,4.310344,3.880252,3.973681,3.713371,3.867366,40.371117,-52.190055
4.988997,-6.905032,-0.128140,2.912998,3.154644,3.615581,3.847036,4.253068,3.564950,2.835737,3.096452,2.985327,2.709160,3.056342,3.439689,3.509717,3.728021,3.736569,3.265238,4.312277,3.621553,4.411504,3.626386,4.242689,3.945974,3.737855,4.212083,3.687597,4.320653,4.222715,3.817430,3.907314,3.588048,4.065176,24.360187,-33.716020
2.266473,1.510967,-0.003207,2.849545,3.048123,3.454812,3.519251,4.172519,3.401551,2.873874,2.896230,2.819627,2.575021,3.003739,3.338427,3.299961,3.628732,3.632677,3.237532,4.219171,3.449839,4.127031,3.357700,3.830639,3.777482,3.546489,4.185666,3.653770,4.068397,3.984956,3.615432,3.566785,3.131217,4.081928,0.000000,0.000000
0.963645,1.752619,-0.224799,2.902148,3.061931,3.521553,3.575142,4.174492,3.326592,2.825545,3.110589,2.977766,2.597378,2.991245,3.346647,3.357825,3.632020,3.683637,3.153447,4.139274,3.402803,4.013951,3.210792,3.669878,3.695974,3.659891,4.155382,3.622198,3.750742,3.641528,3.522971,3.492687,3.124130,3.875742,0.000000,0.000000
1.540566,0.804030,-0.276417,2.840668,3.042205,3.526484,3.616896,4.173176,3.074096,2.661159,3.113548,2.964286,2.522089,2.913327,3.367030,3.381168,3.676733,3.818104,3.095779,4.058732,3.466592,4.016851,3.250096,3.714337,3.507185,3.714015,4.231735,3.537146,3.561953,3.554865,3.447906,3.608345,3.331282,3.848358,0.000000,0.000000
-0.978736,0.996619,-0.276417,2.785763,3.003081,3.544567,3.674760,4.135697,2.527678,2.535569,3.071465,2.961327,2.508938,2.779845,3.351907,3.372948,3.716185,3.899310,3.113820,4.081284,3.458860,4.047134,3.316785,3.797778,3.424066,3.756541,4.245266,3.559053,3.570651,3.604479,3.593525,3.801000,3.562275,3.966593,0.000000,0.000000
-5.015297,-11.449861,-0.360582,2.712447,3.072452,3.575471,3.746761,4.177122,2.722639,2.613487,3.058643,2.874860,2.429047,2.700940,3.324290,3.350921,3.711253,3.859200,3.220779,4.141851,3.566141,4.170846,3.425677,3.995588,3.146037,3.786824,4.246877,3.504285,3.800033,3.909570,3.816786,3.824196,3.593525,4.078062,-24.488676,-55.907285
-5.969391,-15.216078,-0.383268,2.589487,3.080671,3.527471,3.775035,4.247479,2.940286,2.347840,2.997492,2.760777,2.285374,2.399457,3.222371,3.268399,3.637609,3.784569,2.972068,4.121555,3.342236,4.244300,3.359311,4.046168,3.689208,3.456282,4.163758,3.111243,3.983990,4.115434,3.754286,3.729157,3.270715,3.930833,-29.147492,-74.297480
-6.953473,-19.005996,-0.092633,2.370197,2.814695,3.277605,3.935804,4.260301,2.238031,1.408212,2.569432,2.749599,2.302470,2.225866,3.109603,3.323633,3.654705,3.794433,2.802608,4.188887,3.233344,4.359957,3.409246,4.103836,3.746876,3.409246,4.108024,3.098356,4.022005,4.241400,3.797778,3.896039,3.450483,3.671167,-33.952656,-92.802770
-7.120103,-20.562191,-0.285951,2.499075,2.914642,3.325605,3.981174,4.299753,1.960219,1.462459,2.757489,2.794311,2.207126,2.118687,3.038259,3.429497,3.717829,3.883529,2.695972,4.233991,3.233022,4.407316,3.540045,4.156026,3.773616,3.361888,4.101903,3.189851,4.047134,4.324197,3.873165,3.956928,3.683087,3.659247,-34.766250,-100.401437
-7.697957,-22.275674,-0.275759,2.466527,2.911354,3.321331,3.996298,4.311260,2.128879,1.511446,2.755845,2.774914,2.213702,2.057206,3.017218,3.461388,3.727034,3.892735,2.657634,4.244300,3.269104,4.409249,3.588370,4.175034,3.789402,3.389272,4.113178,3.186952,4.033926,4.350292,3.881863,3.978191,3.747842,3.655703,-37.587535,-108.768059
-7.782384,-22.999436,-0.292198,2.446800,2.920559,3.312783,4.009120,4.314548,2.000658,1.423006,2.747297,2.802859,2.217318,2.008877,3.000122,3.450538,3.720130,3.900297,2.640559,4.260086,3.316140,4.408604,3.636373,4.181155,3.787791,3.329993,4.156993,3.174710,4.041013,4.353192,3.888951,3.977224,3.729479,3.644749,-37.999789,-112.301734
-8.431657,-23.486840,-0.295814,2.426088,2.880449,3.293715,4.009777,4.314548,1.786956,1.379937,2.721653,2.785106,2.233428,1.973370,2.973492,3.445935,3.727692,3.905228,2.631539,4.280705,3.361566,4.405705,3.648293,4.180511,3.806154,3.259761,4.177934,3.154735,4.001709,4.357380,3.894106,3.979157,3.708860,3.627675,-41.170324,-114.681992
-7.787296,-23.500385,-0.292855,2.433650,2.854805,3.278262,4.001558,4.310274,1.638680,1.344430,2.700612,2.796942,2.214688,1.942465,2.965601,3.419305,3.704021,3.870050,2.654090,4.278127,3.352545,4.403128,3.639595,4.177612,3.808410,3.251707,4.186954,3.155380,3.978191,4.357058,3.895072,3.967559,3.692752,3.624775,-38.024098,-114.747973
-5.711469,-27.567462,-0.246170,2.405375,2.787078,3.249330,3.975585,4.298767,1.636708,1.336868,2.633542,2.780174,2.185099,1.921753,3.014917,3.367359,3.679691,3.827638,2.702093,4.266207,3.329349,4.396040,3.630574,4.175034,3.798100,3.217236,4.186954,3.149903,3.978835,4.349970,3.883796,3.957572,3.701450,3.616721,-27.887910,-134.606605
-8.220566,-27.186497,-0.236306,2.418526,2.743023,3.201987,3.955859,4.283315,1.673859,1.300375,2.555624,2.709817,2.212387,1.972055,2.988286,3.308838,3.643198,3.755309,2.747196,4.235279,3.299388,4.383476,3.613177,4.162470,3.787469,3.366720,4.183088,3.137338,3.985279,4.345782,3.880575,3.950485,3.677610,3.619298,-40.139441,-132.746750
-3.587662,-29.790878,-0.241238,2.404389,2.709488,3.182919,3.945667,4.270164,1.636050,1.281963,2.528007,2.711461,2.203510,2.002630,2.980067,3.276947,3.626102,3.718486,2.743652,4.223037,3.298743,4.379932,3.609633,4.158604,3.801644,3.396682,4.182444,3.143782,4.006864,4.344816,3.881541,3.929544,3.641206,3.616721,0.000000,-145.463121
-5.307244,-28.537756,-0.326390,2.362635,2.708502,3.140836,3.932187,4.265890,1.545967,1.226730,2.477705,2.656556,2.199564,1.887560,2.903135,3.265769,3.600129,3.669828,2.724644,4.212728,3.305187,4.370911,3.601257,4.141851,3.755252,3.381218,4.181155,3.094490,3.984312,4.340950,3.872198,3.923101,3.604479,3.595780,-25.914449,-139.344301
-3.337144,-29.871329,-0.358939,2.358690,2.660502,3.120452,3.920352,4.256027,1.344430,1.169523,2.462253,2.634200,2.213702,1.861916,2.877490,3.236837,3.559033,3.645828,2.699515,4.204996,3.318073,4.367367,3.601257,4.139918,3.762984,3.322906,4.173101,3.078060,3.973681,4.330962,3.867044,3.908281,3.582894,3.590303,0.000000,-145.856027
-5.015356,-28.969972,-0.379323,2.305429,2.612830,3.039903,3.900954,4.249780,1.191551,1.109029,2.398800,2.588501,2.147619,1.777751,2.838696,3.212837,3.496237,3.609992,2.583858,4.187921,3.315496,4.360924,3.586115,4.130575,3.763306,3.332249,4.152483,3.028446,3.976580,4.326452,3.857379,3.892817,3.531669,3.561953,-24.489172,-141.455180
-3.905990,-29.987536,-0.376035,2.294579,2.620392,3.028396,3.914434,4.236958,1.390129,1.113303,2.408992,2.589487,2.198249,1.783997,2.813051,3.272673,3.471251,3.553772,2.578381,4.201130,3.305187,4.371233,3.590303,4.156993,3.825806,3.336115,4.118011,3.086436,4.074518,4.336761,3.863822,3.869943,3.560986,3.547133,0.000000,-146.423559
-4.121008,-30.422239,-0.378007,2.289648,2.611515,3.011300,3.910817,4.228081,1.644598,1.085358,2.393539,2.607569,2.192331,1.831669,2.817654,3.245714,3.444620,3.465004,2.555185,4.207251,3.296166,4.379932,3.588692,4.169880,3.835471,3.347068,4.100936,3.123485,4.096104,4.346104,3.864144,3.861889,3.512339,3.531669,-20.122059,-148.545848
-4.635082,-30.791468,-0.373733,2.266963,2.598035,3.002752,3.902927,4.224136,1.528542,1.051166,2.386306,2.579953,2.163400,1.800765,2.778202,3.196398,3.422921,3.432456,2.565817,4.189209,3.281024,4.378321,3.586437,4.170524,3.830317,3.321295,4.105446,3.108988,4.088694,4.352548,3.875742,3.854801,3.506218,3.526192,-22.632293,-150.349148
-4.730136,-31.261719,-0.411542,2.254140,2.576336,2.987629,3.897995,4.215917,1.429253,0.995932,2.365594,2.563843,2.114413,1.766573,2.778202,3.182590,3.387743,3.421935,2.556474,4.167302,3.287790,4.382509,3.583860,4.169235,3.823551,3.311308,4.107379,3.081604,4.079995,4.359957,3.870910,3.851580,3.530703,3.503319,-23.096141,-152.645070
-5.288410,-29.906790,-0.477954,2.235401,2.564829,2.971190,3.891091,4.210985,1.274730,0.933794,2.385320,2.572391,2.091070,1.814573,2.773599,3.168782,3.345003,3.376565,2.546809,4.146361,3.285857,4.381543,3.582249,4.167947,3.820974,3.301321,4.099003,3.096101,4.073874,4.362535,3.876064,3.849002,3.512661,3.481089,-25.822176,-146.029164
-5.922980,-31.233723,-0.447707,2.231126,2.562199,2.965930,3.884844,4.201779,1.200428,0.885465,2.318908,2.566802,2.071015,1.757696,2.757818,3.174042,3.305879,3.333496,2.610598,4.151194,3.288756,4.381865,3.584504,4.170846,3.803255,3.286823,4.094815,3.074194,4.070652,4.369945,3.877031,3.846103,3.488499,3.471746,-28.920777,-152.508645
-7.111660,-34.750504,-0.511489,2.192003,2.520445,2.953108,3.875310,4.181396,1.041960,0.711873,2.274196,2.541486,2.060823,1.863889,2.754859,3.133274,3.293057,3.232234,2.562595,4.146039,3.275225,4.381220,3.571618,4.167302,3.804221,3.269104,4.066786,3.068717,4.073230,4.378965,3.872198,3.834505,3.440496,3.445651,-34.725074,-169.680434
-8.681506,-40.193872,-0.561134,2.176222,2.451732,2.922203,3.853282,4.162656,0.783874,0.479431,2.202195,2.451074,2.059179,1.821806,2.715735,3.114206,3.222700,3.194426,2.484309,4.195008,3.253640,4.371233,3.551643,4.152805,3.769750,3.196939,4.023938,3.048099,4.052933,4.382831,3.849969,3.810987,3.376385,3.378963,-42.390219,-196.259152
-8.990218,-42.037524,-0.516092,2.105865,2.363950,2.871901,3.830597,4.145560,0.447869,0.299921,2.038138,2.391567,2.033206,1.759011,2.724283,3.074096,3.186535,3.132617,2.421487,4.245911,3.214658,4.370589,3.539401,4.144428,3.735278,3.115431,4.014918,3.030702,4.052933,4.379287,3.825162,3.808087,3.420522,3.311952,-43.897352,-205.261270
-9.217834,-43.170385,-0.482557,2.071344,2.275839,2.793983,3.800679,4.135368,0.158221,0.162495,1.848437,2.291620,2.051617,1.687996,2.662803,3.033328,3.140507,3.107301,2.399902,4.228836,3.182764,4.365434,3.524259,4.131864,3.696940,3.025869,4.027482,3.015882,4.041980,4.377999,3.814853,3.802288,3.472391,3.236565,-45.009098,-210.792715
-9.898824,-44.736835,-0.652862,1.993096,2.140057,2.674310,3.758596,4.115970,0.116795,0.115480,1.742901,2.187071,2.037809,1.581803,2.550692,2.989930,3.097438,3.033985,2.251706,4.212405,3.146359,4.358669,3.502674,4.119622,3.622520,2.895714,4.012018,2.979799,4.062920,4.373488,3.802288,3.799067,3.425999,3.177287,-48.333918,-218.441488
-10.740385,-45.021295,-0.662067,1.932273,2.124933,2.639789,3.737555,4.105778,0.115151,0.113179,1.668599,2.116714,2.005261,1.515391,2.518144,2.949820,3.087904,2.967574,2.275868,4.206284,3.151192,4.359313,3.498808,4.127998,3.600935,2.902480,4.012018,2.976900,4.068075,4.381543,3.817430,3.838693,3.429865,3.180186,-52.443062,-219.830551
-10.929539,-47.574115,-0.679821,1.914520,2.125591,2.652940,3.712569,4.089340,0.111864,0.112192,1.673859,2.096001,2.003617,1.511775,2.462253,2.950806,3.046150,2.914970,2.308084,4.207573,3.164723,4.366401,3.488821,4.128642,3.586115,2.857377,4.009441,2.979477,4.071941,4.383153,3.826129,3.852224,3.401192,3.174710,-53.366789,-232.295402
-11.098187,-50.206220,-0.671273,1.962520,2.133810,2.652611,3.668842,4.076189,0.114494,0.112192,1.663338,2.135783,2.007562,1.512103,2.371841,2.928450,3.007355,2.884395,2.264270,4.194042,3.157635,4.354803,3.448550,4.119299,3.542945,2.830315,3.999454,2.989787,4.084183,4.375099,3.795201,3.838693,3.380251,3.151514,-54.190305,-245.147703
-12.431541,-52.046558,-0.696917,1.983233,2.223894,2.710804,3.709281,4.089669,0.116795,0.115809,1.713640,2.145646,2.048987,1.510788,2.416882,2.922532,2.988286,2.856120,2.221422,4.195331,3.155380,4.352548,3.524582,4.132186,3.533280,2.870585,3.989145,3.031346,4.108990,4.365112,3.788757,3.831928,3.434697,3.158601,-60.701039,-254.133449
-13.831785,-49.556769,-0.670944,2.143345,2.336004,2.835408,3.741829,4.097230,0.121069,0.120083,1.886574,2.244935,2.080878,1.665311,2.618419,2.954423,3.036287,2.834750,2.271680,4.199197,3.190496,4.353514,3.548100,4.148294,3.522326,2.912467,3.985279,3.065496,4.125743,4.368334,3.809054,3.843526,3.451128,3.187274,-67.538203,-241.976176
-16.457342,-43.429907,-0.504914,2.179181,2.408005,2.806805,3.736569,4.078162,0.122384,0.122384,1.930958,2.264990,2.045042,1.826409,2.737105,2.957382,3.047465,2.772941,2.343845,4.191787,3.252996,4.375099,3.576772,4.177289,3.560986,2.894426,3.972392,3.119297,4.136374,4.394751,3.850291,3.862856,3.448550,3.198228,-80.358258,-212.060234
-14.427004,-34.422875,-0.608148,2.241647,2.602638,2.926806,3.745774,4.109724,0.131919,0.274277,2.270908,2.382032,2.074631,2.082193,2.774585,3.034972,3.118808,2.715735,2.512015,4.180189,3.310019,4.404738,3.617043,4.203385,3.589015,2.938884,4.024261,3.168589,4.137019,4.412793,3.890562,3.876709,3.461437,3.297777,-70.444320,-168.080531
-5.913346,-14.244600,-0.606176,2.256113,2.640447,3.032342,3.704021,4.085066,0.134549,0.485349,2.326799,2.371841,2.097317,2.225866,2.805161,3.033328,3.025766,2.312004,2.655701,4.132830,3.303254,4.385086,3.553254,4.179222,3.539401,2.953704,3.983990,3.174065,4.089982,4.405705,3.858667,3.844814,3.468525,3.314530,-28.873648,-69.553832
-1.343329,-1.217398,-0.870838,2.094358,2.293922,2.729872,3.318701,3.891420,0.118768,0.356799,2.023672,2.236716,2.003617,2.069700,2.626638,2.741051,2.417540,1.721202,2.780701,4.034248,3.240754,4.185021,3.349323,3.996554,3.459504,2.847067,3.979802,3.127996,3.874453,4.218204,3.734956,3.406025,3.224645,3.245264,0.000000,0.000000
0.687743,-1.362703,-1.022403,1.770847,1.924054,2.083837,2.688776,3.649116,0.650721,0.443266,1.608434,1.925369,1.751120,1.314183,1.804381,2.133153,1.440102,1.340485,2.719490,3.867044,3.143782,3.911503,3.137338,3.560020,3.033601,2.551642,4.042302,3.092557,3.382506,3.544878,3.365754,2.717235,2.686629,2.867042,0.000000,0.000000
1.169104,-1.631395,-1.040485,1.711668,1.732052,1.933260,2.511897,3.560676,0.512637,0.138823,1.575228,1.697202,1.559775,0.957466,1.572597,1.878684,1.006453,0.959438,2.433729,3.809698,3.052287,3.868010,3.024903,3.520071,2.151512,1.789720,3.904415,2.748807,2.971745,3.232699,3.061307,2.948227,2.650869,2.886371,0.000000,0.000000
-0.464623,8.438395,-1.229530,1.960876,1.975671,2.480006,2.606912,3.613609,0.644803,0.651379,1.977315,1.947068,1.468048,1.000535,1.572597,1.860601,0.987384,0.952534,2.497840,3.788757,3.073550,3.858990,2.996874,3.466914,2.018458,2.041654,3.926967,2.794232,3.085148,3.298421,3.102867,2.688562,2.641204,3.295844,0.000000,41.203066
-1.901172,18.638081,-1.794034,2.292935,2.455020,3.199028,2.620063,3.743144,0.850286,1.104427,3.001766,2.372169,1.271771,0.817080,1.533145,1.999671,1.113961,1.040645,2.760405,3.870265,3.204993,3.799389,3.126707,3.426643,2.603510,2.081602,3.965626,3.154735,3.445651,3.535213,3.142815,2.366074,2.231731,3.807121,0.000000,91.006414
-4.067702,25.144580,-2.011354,2.608227,2.926477,3.616567,3.023794,3.886817,1.357252,1.534460,3.426867,2.624994,1.274073,1.177414,1.824108,2.246250,1.423006,1.453253,2.833536,3.920201,3.304865,3.849325,3.149581,3.457893,2.443072,1.064849,4.056477,3.235921,3.510406,3.709505,3.197906,2.052930,1.848999,4.062920,-19.861609,122.776258
-4.922000,30.186874,-1.994916,2.592775,2.925820,3.538649,3.019191,3.865776,1.336868,1.496651,3.383140,2.624994,1.305964,1.223113,1.851396,2.309045,1.447007,1.512761,2.830315,3.936309,3.306153,3.842881,3.153447,3.448873,2.462080,0.842877,4.042624,3.207248,3.502996,3.708216,3.283924,2.218523,1.828380,4.077740,-24.033262,147.396895
-6.271397,30.902371,-1.982751,2.568117,2.932724,3.561334,3.043849,3.891091,1.329964,1.416760,3.388072,2.616775,1.363827,1.303991,2.013151,2.387950,1.651831,1.620598,2.842235,3.945008,3.310019,3.877353,3.141204,3.458860,2.402479,0.785531,4.055511,3.233988,3.497197,3.699840,3.301965,2.134437,1.812594,4.102869,-30.621883,150.890387
-5.171383,38.976570,-1.872940,2.471458,2.788722,3.409771,2.964615,3.900297,1.299388,1.403280,3.259194,2.582583,1.486788,1.266840,1.917150,2.388279,1.644927,1.576214,2.800675,3.910858,3.268460,3.883474,3.070328,3.444362,2.158922,0.904410,4.026194,3.214336,3.439530,3.617687,3.274903,2.241396,1.745906,4.041013,-25.250676,190.315453
-3.955599,41.027381,-1.880502,2.521103,2.857107,3.449552,2.992889,3.930215,1.382896,1.375663,3.309496,2.582254,1.549912,1.363827,2.152879,2.437595,1.760326,1.616982,2.860598,3.927611,3.342236,3.941142,3.105122,3.452094,1.743329,0.006858,4.032637,3.304220,3.378640,3.537468,3.277480,2.111886,1.626383,4.219171,0.000000,200.329105
-2.131285,42.853674,-1.855844,2.612830,2.985656,3.633335,3.097109,3.958489,1.521638,1.359225,3.429497,2.555952,1.570625,1.429582,2.339292,2.563514,1.969096,1.785641,3.027480,3.964982,3.417945,4.010730,3.208859,3.520716,1.598676,0.004925,4.190176,3.370586,3.396682,3.548100,3.305509,1.965945,1.186305,4.316787,0.000000,209.246391
-0.747994,46.514945,-1.604661,2.682200,3.049109,3.757281,3.242097,4.006161,1.613036,1.769532,3.450209,2.509924,1.640653,1.621256,2.421156,2.606912,2.118687,1.945095,3.178576,3.941786,3.505574,4.041658,3.344169,3.602868,1.473998,0.005892,4.230447,3.464014,3.477545,3.539723,3.294233,2.031022,0.654088,4.393463,0.000000,227.123625
-0.984653,49.557792,-1.657265,2.599021,3.103685,3.848680,3.298646,4.031805,1.734682,1.874738,3.462703,2.481979,1.591337,1.708380,2.498417,2.622364,2.230798,2.163400,3.179542,4.089338,3.514594,4.043268,3.370586,3.602546,1.093844,0.004281,4.228192,3.487210,3.454349,3.493654,3.269104,1.931795,0.600609,4.428257,0.000000,241.981633
-1.986500,49.341743,-1.638853,2.569103,3.092507,3.861173,3.389716,4.069285,2.051946,2.027288,3.459415,2.527678,1.659064,1.813587,2.550363,2.696995,2.427732,2.245921,3.224323,4.079351,3.550999,4.046490,3.406669,3.620587,1.075802,0.003637,4.236246,3.503963,3.474324,3.475290,3.278125,2.070649,0.557439,4.465306,0.000000,240.926441
-4.045603,49.329453,-1.463288,2.537870,3.067520,3.811200,3.410099,4.076518,2.081536,2.053261,3.425223,2.516500,1.689640,1.876711,2.587843,2.744338,2.517486,2.404389,3.204027,4.068719,3.543267,4.036503,3.403125,3.630252,1.060016,0.005248,4.233991,3.492365,3.478512,3.453705,3.270715,2.343201,0.431472,4.450164,-19.753957,240.866414
-5.716826,49.366208,-1.470850,2.420827,3.076068,3.682979,3.390373,4.067970,2.046028,2.013151,3.425223,2.541158,1.754079,1.873423,2.594090,2.740393,2.556939,2.517486,3.185985,4.060665,3.526837,4.032637,3.406669,3.622198,1.090944,0.003637,4.229802,3.473357,3.430509,3.438563,3.305831,2.644103,0.527155,4.434700,-27.914203,241.046000
-6.657603,46.226186,-1.422191,2.380060,3.035301,3.564622,3.366702,4.062381,1.986192,1.964822,3.378537,2.578309,1.744874,1.881971,2.619734,2.746968,2.620392,2.465212,3.153769,4.041335,3.507829,4.020395,3.392494,3.604156,1.301962,0.005570,4.229802,3.451128,3.435342,3.417300,3.266527,2.698227,0.578701,4.423102,-32.508031,225.713727
-7.896575,46.324508,-1.245969,2.408663,2.966587,3.455141,3.346647,4.041339,2.063124,1.903013,3.367688,2.618090,1.839231,1.921095,2.741051,2.826860,2.608556,2.526363,3.139594,4.040691,3.498164,4.016206,3.385728,3.590303,1.659243,0.005892,4.225292,3.441141,3.494942,3.458215,3.283924,2.832570,0.563238,4.412148,-38.557398,226.193945
-7.955596,46.083163,-1.046074,2.431019,2.977437,3.385442,3.357167,4.054490,2.142029,1.953315,3.326592,2.650967,1.917150,1.911561,2.828504,2.861381,2.815682,2.597706,3.150225,4.041658,3.489143,4.015562,3.381218,3.582571,1.789076,0.006536,4.227547,3.448550,3.556476,3.478190,3.282957,2.894103,0.870905,4.399906,-38.845629,225.015227
-8.973960,45.337615,-0.944483,2.467513,2.988286,3.367030,3.395962,4.073230,2.440882,2.041097,3.285824,2.712447,1.964822,1.968438,2.893929,2.949163,3.039903,2.631241,3.159246,4.035214,3.483022,4.010730,3.364787,3.569685,1.881860,0.007825,4.224648,3.465625,3.556798,3.504285,3.311308,2.812273,1.129604,4.402161,-43.817977,221.374891
-10.176579,42.464319,-0.833358,2.446800,2.953108,3.327578,3.441004,4.097888,2.570418,2.051617,3.212837,2.726256,1.998356,2.176879,3.064232,3.030369,3.215138,2.841654,3.154735,4.053578,3.488177,4.019106,3.382184,3.604479,2.003316,0.007181,4.226259,3.428254,3.548744,3.525548,3.327094,2.896036,1.566782,4.391207,-49.690238,207.345359
-13.080536,39.842335,-0.814618,2.434965,2.913655,3.263796,3.425223,4.105450,2.556610,1.956931,3.124726,2.662803,1.976658,2.184441,3.011629,3.024780,3.300290,3.057986,3.164078,4.082895,3.534569,4.040691,3.409891,3.676966,2.061950,0.007825,4.229158,3.383473,3.533602,3.538435,3.308731,3.209181,1.664076,4.385408,-63.869590,194.542668
-14.822472,37.626212,-0.891880,2.293264,2.738420,3.130315,3.416017,4.101833,2.209756,1.322402,3.026753,2.673324,2.040439,1.945424,2.910696,2.978423,3.276947,3.141494,3.127996,4.178578,3.572262,4.111245,3.461115,3.811309,2.288432,0.008469,4.237857,3.411501,3.551966,3.647327,3.396360,3.512017,2.335146,4.370911,-72.375117,183.721871
-15.976664,35.472377,-0.912592,2.272880,2.689433,3.099082,3.509388,4.173505,1.964822,1.197140,3.012287,2.704886,2.211729,2.035836,2.937327,2.992560,3.387414,3.364729,3.122841,4.232702,3.616721,4.209184,3.499453,3.968204,2.454992,0.009114,4.238823,3.367365,3.616399,3.736244,3.539079,3.666657,2.890237,4.344171,-78.011238,173.205180
-16.615810,32.803413,-0.806727,2.302799,2.796284,3.296673,3.618211,4.226109,2.412279,1.390129,3.016232,2.779517,2.341922,2.367567,3.034972,3.120781,3.490319,3.506429,3.136694,4.253643,3.640883,4.246555,3.565819,4.028771,2.670198,0.010724,4.245266,3.349001,3.667945,3.829672,3.590948,3.736567,3.271681,4.312599,-81.131668,160.172797
-18.440591,27.317808,-0.547983,2.385320,2.854477,3.392017,3.698760,4.239917,2.739735,1.727778,2.990259,2.850202,2.406690,2.546747,3.096123,3.317057,3.570211,3.542923,3.221101,4.231091,3.655703,4.235279,3.560664,4.022328,2.878962,0.013302,4.253965,3.358666,3.769105,3.844814,3.671489,3.690819,3.194362,4.296169,-90.042008,133.387703
-14.831476,22.631027,-0.477297,2.442198,2.936669,3.486045,3.787200,4.258328,2.922532,1.874081,3.011300,2.888669,2.420827,2.641762,3.171412,3.361113,3.649773,3.651088,3.202094,4.245911,3.659891,4.247522,3.553576,4.040369,3.166978,1.894102,4.248810,3.310019,3.851580,3.926644,3.708538,3.758796,3.385728,4.118333,-72.419270,110.502898
-5.873908,4.827208,-0.452310,2.362964,2.810750,3.202316,3.716843,4.234657,2.893929,1.799450,2.771626,2.760119,2.429376,2.546747,3.169768,3.271029,3.589608,3.529114,3.088691,4.209184,3.603190,4.170524,3.523293,3.926322,3.432120,3.249130,4.208862,3.210148,3.738177,3.905381,3.714659,3.760407,3.461115,3.855124,-28.681164,23.570406
-3.683010,-1.439913,-0.645629,2.199893,2.643077,3.131959,3.523197,4.181067,2.654584,1.406239,2.686803,2.696995,2.289977,2.239675,2.984012,3.101712,3.466977,3.380510,2.978833,4.073552,3.444362,3.935665,3.374452,3.556476,3.424710,3.240109,4.148617,2.936951,3.605445,3.704672,3.568396,3.507829,3.146037,3.575162,0.000000,0.000000
-2.374221,0.848422,-0.435214,2.173592,2.522089,2.926149,3.243413,4.096902,2.601323,1.207003,2.490527,2.577980,2.159454,2.004274,2.921875,2.965930,3.308838,3.162206,2.732376,3.961760,3.244942,3.784891,3.079993,3.400226,3.351901,3.005251,4.106091,2.988176,3.558731,3.507507,3.287145,3.194040,2.818717,3.384762,0.000000,0.000000
-0.583204,6.509562,-0.692643,2.211071,2.503678,3.221714,3.370647,4.108409,2.732831,1.328978,2.732502,2.627953,2.051946,1.893807,2.897874,2.995190,3.252947,3.097767,2.717235,3.866077,3.217880,3.765884,3.057764,3.376063,3.168266,2.710469,4.079029,3.030379,3.442429,3.369298,3.204349,2.914722,2.528123,3.380573,0.000000,31.784727
0.886692,2.463840,-1.013197,2.275839,2.742037,3.484073,3.481443,4.158382,2.759462,1.447993,3.017876,2.591460,1.996055,1.846464,2.928450,3.118480,3.343688,3.173056,2.726900,3.775549,3.254285,3.910214,3.193395,3.553254,2.703059,2.150223,4.028127,2.853511,3.261372,3.212725,3.109310,3.091913,2.694683,3.588048,0.000000,0.000000
0.391518,17.627357,-0.794234,2.221592,2.665104,3.246371,3.393332,4.129450,2.744996,1.400650,2.822914,2.574035,2.262360,2.205811,3.079027,3.272344,3.413716,3.175357,2.619618,3.938242,3.196295,4.010730,3.230766,3.695652,2.462724,2.347389,4.050678,2.975611,3.291978,3.119619,3.109954,3.072261,2.995586,3.493654,0.000000,86.071273
2.474925,27.482261,-0.706780,2.527021,3.008013,3.620842,3.501169,4.197505,2.857107,2.316278,3.112890,2.654255,2.088769,2.316278,3.235522,3.264125,3.406154,3.067191,2.679863,3.869943,3.228833,3.906670,3.093846,3.558731,2.438239,1.897968,4.056799,2.983665,3.478190,3.343524,3.160534,2.645714,2.797132,3.843203,0.000000,134.190879
8.733155,39.826932,-0.958621,2.756174,3.021163,3.667856,3.473552,4.209341,2.926149,2.619405,3.437716,2.727900,2.005589,2.191345,3.171083,3.150370,3.370976,3.063575,3.036178,3.969492,3.429543,3.926967,3.306153,3.588048,2.992686,0.760725,4.147972,3.263950,3.668912,3.787791,3.294877,2.627995,2.394103,4.269429,42.642234,194.467262
10.617215,47.075733,-0.935935,2.916614,3.222700,4.043312,3.601115,4.247807,3.051739,2.817654,3.529114,2.811736,2.204167,2.616117,3.296673,3.226645,3.452511,3.144124,3.175998,3.988500,3.525870,3.936309,3.334826,3.660213,3.002029,0.011047,4.228836,3.354156,3.688886,3.843526,3.309053,2.610920,2.127350,4.425357,51.841797,229.862062
11.647825,50.677300,-0.982292,2.977108,3.295030,4.101833,3.670157,4.271479,3.095794,2.973163,3.556402,2.820942,2.311675,2.712776,3.352564,3.306208,3.526813,3.249330,3.234955,3.962405,3.552932,3.920845,3.338692,3.665368,2.750095,0.010402,4.228192,3.417945,3.656025,3.808732,3.272648,2.549709,1.887981,4.508154,56.874172,247.447594
12.608096,52.241996,-0.914565,3.006697,3.381168,4.115313,3.695801,4.279698,3.238481,2.991903,3.585992,2.839353,2.305429,2.816010,3.362756,3.330537,3.575800,3.311139,3.265560,3.962727,3.574517,3.907637,3.341914,3.666979,2.742041,0.010080,4.235924,3.539723,3.648615,3.795845,3.289078,2.622196,1.974643,4.525873,61.562754,255.087934
13.241597,54.288434,-0.883003,2.999793,3.428182,4.122875,3.729665,4.286931,3.377880,3.020835,3.571526,2.896888,2.354416,2.948834,3.413058,3.355195,3.608677,3.368345,3.254285,3.948874,3.583538,3.902482,3.342236,3.666012,2.770714,0.011691,4.257831,3.592881,3.647971,3.809376,3.289401,2.600933,2.143458,4.530061,64.656395,265.080254
13.407820,55.064528,-0.850454,2.973820,3.435415,4.128792,3.758268,4.293507,3.451196,3.059630,3.578430,2.910368,2.387293,3.022478,3.432127,3.405168,3.632677,3.445278,3.252996,3.924711,3.592236,3.895394,3.343524,3.651837,2.784245,0.012335,4.257509,3.587404,3.643138,3.824196,3.272004,2.798742,2.387015,4.522651,65.468004,268.869914
13.426617,53.963746,-0.780097,2.955409,3.436730,4.121888,3.753665,4.296137,3.489004,3.102370,3.544567,2.935354,2.420170,3.054040,3.447579,3.433113,3.637938,3.497224,3.260406,3.910214,3.595136,3.890884,3.351256,3.650870,2.859310,0.012013,4.265563,3.589981,3.640561,3.826129,3.276514,3.001385,2.552608,4.527806,65.559781,263.494738
13.240114,53.602591,-0.784042,2.946532,3.472237,4.117614,3.755309,4.300739,3.533060,3.137877,3.543252,2.977437,2.481321,3.104014,3.472566,3.467306,3.648129,3.595197,3.263627,3.958861,3.584182,3.889595,3.344491,3.642494,3.027802,0.012335,4.273295,3.616077,3.713693,3.849647,3.313241,2.962080,2.486564,4.533605,64.648953,261.731621
13.204669,52.066019,-0.771220,2.898532,3.445607,4.108737,3.743473,4.303370,3.537005,3.125055,3.515635,2.975793,2.514527,3.102041,3.469936,3.476840,3.648787,3.619855,3.252674,3.923423,3.566141,3.880252,3.323228,3.619298,3.004928,0.012657,4.244622,3.623164,3.718203,3.839982,3.298743,2.888304,2.465301,4.531350,64.475816,254.228699
14.410088,51.188499,-0.773850,2.847901,3.464675,4.090984,3.736898,4.302055,3.554101,3.104342,3.508402,2.992889,2.576336,3.110260,3.471908,3.477826,3.642540,3.652732,3.255895,3.868332,3.562597,3.872520,3.307764,3.614466,3.070328,0.012657,4.233024,3.625742,3.743010,3.850935,3.311630,2.963369,2.550675,4.527162,70.361969,249.943937
14.208104,51.862342,-0.720918,2.838696,3.495580,4.099532,3.733939,4.305342,3.574156,3.138206,3.461388,3.007355,2.634529,3.130644,3.485388,3.497224,3.662595,3.693500,3.266527,3.909570,3.576128,3.861245,3.341269,3.620265,3.139594,0.013302,4.253320,3.652159,3.771038,3.869943,3.360599,3.150225,2.798098,4.520718,69.375734,253.234031
14.640973,51.923173,-0.691657,2.790695,3.535361,4.095587,3.733939,4.301397,3.586978,3.148398,3.467963,3.005054,2.658858,3.155302,3.521224,3.504457,3.657993,3.703692,3.261372,3.905059,3.584182,3.866722,3.342558,3.639273,3.213370,0.013302,4.252998,3.653126,3.773616,3.880897,3.390238,3.293267,2.949194,4.514919,71.489094,253.531191
14.329961,52.388581,-0.660752,2.772613,3.569882,4.097888,3.730322,4.299096,3.617554,3.145768,3.479799,3.052397,2.700283,3.173056,3.540293,3.517936,3.665226,3.718158,3.277480,3.959827,3.594491,3.868977,3.346102,3.646038,3.287145,0.013946,4.256864,3.670200,3.785858,3.900871,3.405058,3.342558,3.054542,4.511698,69.970551,255.803797
14.167183,52.912478,-0.626560,2.769654,3.565608,4.100847,3.731966,4.299096,3.640897,3.165165,3.479799,3.071465,2.743023,3.189165,3.563635,3.529114,3.677719,3.757281,3.271681,4.045846,3.597069,3.867366,3.342880,3.658602,3.343847,0.014268,4.260086,3.692108,3.858023,3.927611,3.415690,3.436952,3.115431,4.515241,69.175809,258.361656
15.272886,51.258594,-0.589080,2.763736,3.560676,4.090326,3.725719,4.296137,3.668842,3.187521,3.469607,3.083959,2.781489,3.205275,3.568896,3.532731,3.687582,3.789830,3.295200,4.066786,3.610278,3.887340,3.359633,3.661502,3.411501,0.014590,4.281349,3.720780,3.861245,3.925678,3.433086,3.460793,3.154091,4.522651,74.574797,250.286242
14.626382,50.711512,-0.430611,2.850531,3.553772,4.099203,3.693171,4.286602,3.679691,3.185220,3.460401,3.094808,2.797270,3.214809,3.592896,3.529772,3.687582,3.830269,3.322261,4.075807,3.625742,3.901515,3.355445,3.668912,3.442107,0.014913,4.292947,3.712726,3.890240,3.931155,3.469813,3.578061,3.219491,4.524262,71.417656,247.614777
14.818517,49.784728,-0.412200,2.826202,3.562978,4.093285,3.681335,4.282000,3.681007,3.185878,3.449881,3.119466,2.822257,3.227960,3.618540,3.534704,3.690870,3.840460,3.329993,4.092560,3.636051,3.909892,3.397970,3.676966,3.531669,0.015557,4.326774,3.722713,3.919235,3.936954,3.551321,3.622198,3.315174,4.518463,72.356266,243.089410
14.972869,49.885126,-0.358610,2.859079,3.560019,4.082764,3.668185,4.278054,3.690212,3.186535,3.433113,3.128014,2.832449,3.232234,3.633335,3.531745,3.690541,3.858872,3.350612,4.100614,3.638306,3.927933,3.389916,3.680188,3.567430,0.042941,4.331929,3.728835,3.975936,3.934698,3.589659,3.634762,3.347390,4.503966,73.109832,243.579551
14.776472,46.057307,-0.330007,2.888669,3.566266,4.070600,3.634321,4.267205,3.691527,3.196727,3.423908,3.135247,2.846915,3.236837,3.625116,3.517607,3.684623,3.868735,3.372842,4.108024,3.645716,3.967882,3.394104,3.680188,3.661502,0.519423,4.331607,3.749131,4.012340,3.938887,3.615754,3.656992,3.375097,4.486569,72.150883,224.889219
15.124690,42.486781,-0.270499,2.846915,3.534046,4.044956,3.588622,4.252410,3.656349,3.207577,3.374592,3.117822,2.806147,3.205604,3.609335,3.491306,3.673116,3.855584,3.389916,4.117366,3.638306,3.969492,3.377030,3.668267,3.734634,0.844810,4.327741,3.755574,4.004608,3.919557,3.638306,3.696618,3.387983,4.481414,73.850996,207.454996
15.854464,37.153537,-0.236964,2.835737,3.535361,4.009777,3.555087,4.242218,3.653390,3.226316,3.355523,3.136891,2.850860,3.207905,3.598156,3.489991,3.669171,3.862817,3.418911,4.121877,3.633151,4.006864,3.359311,3.671167,3.793912,1.472065,4.327419,3.771683,4.008474,3.933410,3.660213,3.754930,3.399581,4.474326,77.414437,181.413547
15.345810,34.030052,-0.230060,2.910696,3.513991,3.986106,3.518923,4.224465,3.648787,3.213166,3.332838,3.122096,2.851189,3.201987,3.580403,3.457771,3.659965,3.861831,3.446940,4.118655,3.621231,3.990755,3.338692,3.657636,3.821618,1.932118,4.322264,3.760085,3.992366,3.932443,3.655703,3.777159,3.414401,4.456285,74.930496,166.162137
12.905169,28.749737,-0.220854,2.902148,3.506429,3.984462,3.492950,4.216574,3.638595,3.201659,3.362428,3.132946,2.840668,3.192782,3.590266,3.458429,3.660294,3.865447,3.440818,4.101258,3.603190,4.000420,3.295200,3.675677,3.805832,2.338046,4.313566,3.756863,3.964338,3.901515,3.638306,3.817430,3.378318,4.427934,63.013332,140.379648
7.689131,7.306658,-0.231046,2.926149,3.483087,3.962763,3.504785,4.210328,3.620842,3.170425,3.370976,3.142151,2.795626,3.188179,3.621170,3.475854,3.642869,3.864461,3.418911,4.066142,3.560020,3.994299,3.267493,3.652481,3.730445,2.493652,4.311955,3.740433,3.948229,3.888307,3.653126,3.869299,3.239787,4.362535,37.544375,35.677078
1.339348,-0.984143,-0.169894,2.980396,3.357825,3.825666,3.484730,4.186985,3.563635,3.126699,3.346975,3.075739,2.599679,3.183905,3.590595,3.408127,3.614924,3.842762,3.413434,4.012985,3.551321,3.993010,3.258151,3.678255,3.849647,3.141849,4.300679,3.665690,3.910536,3.849325,3.607378,3.792301,3.227545,4.169880,0.000000,0.000000
1.609461,-1.040837,-0.015371,3.112233,3.199357,3.598156,3.526813,4.153450,3.520895,3.085274,3.191796,3.239467,2.854148,3.244399,3.674431,3.560019,3.784241,3.864461,3.422133,4.149583,3.654414,4.177289,3.358344,3.912469,3.898294,3.841270,4.310666,3.676644,3.865111,3.775871,3.502352,3.811309,3.359311,3.857701,0.000000,0.000000
0.677753,-0.943382,-0.008796,3.023465,3.142809,3.434757,3.566923,4.139313,3.511032,3.071794,3.151028,3.148727,2.819298,3.187521,3.624787,3.576457,3.794433,3.874324,3.306153,4.202418,3.581605,4.164725,3.476579,3.877997,3.826451,3.828062,4.277805,3.614788,3.802933,3.630252,3.395393,3.777804,3.457893,3.883474,0.000000,0.000000
1.713163,-9.407533,0.009615,2.994862,3.089219,3.396291,3.544895,4.109724,3.469278,3.058972,3.125055,3.111575,2.759790,3.207577,3.612951,3.561334,3.793446,3.871036,3.267493,4.198552,3.548744,4.178256,3.458538,3.923101,3.761373,3.800678,4.256220,3.629285,3.805832,3.648937,3.439852,3.767172,3.409568,3.896039,0.000000,-45.935305
3.227005,-27.069261,0.039863,2.975135,3.083959,3.403195,3.655034,4.131094,3.440018,3.065547,3.082644,3.058643,2.778202,3.225988,3.599471,3.574156,3.797720,3.875310,3.273292,4.281671,3.635084,4.312277,3.631218,4.129931,3.758796,3.878642,4.273939,3.607056,3.987212,4.015562,3.740755,3.946296,3.508473,3.973036,0.000000,-132.174258
3.062838,-37.153400,-0.041015,2.974149,3.133274,3.417990,3.813830,4.216245,3.513662,3.052397,3.150370,3.081986,2.780832,3.249988,3.596841,3.587307,3.811200,3.868406,3.092880,4.224326,3.568718,4.387986,3.664079,4.210795,3.988822,3.713048,4.240434,3.551321,4.281027,4.294236,3.914724,4.058088,3.607056,3.872520,0.000000,-181.413051
5.891135,-40.827079,-0.042988,3.108616,3.230262,3.510046,3.931859,4.259314,3.704678,3.127028,3.198700,3.131959,2.773599,3.254920,3.598156,3.646814,3.825666,3.883201,3.068073,4.356414,3.597713,4.474004,3.716914,4.320331,4.132186,3.896683,4.231735,3.626064,4.486246,4.436633,3.970137,4.157315,3.907637,3.916657,28.765500,-199.350809
7.260651,-40.437189,-0.006166,3.150370,3.270043,3.536019,3.952242,4.268191,3.735583,3.178316,3.184234,3.138535,2.761106,3.264454,3.629718,3.665554,3.829282,3.899968,3.073550,4.373811,3.607056,4.500100,3.747198,4.348037,4.145717,3.921168,4.234313,3.654414,4.504610,4.454352,3.983023,4.176001,3.938242,3.929866,35.452348,-197.447297
7.767968,-39.927368,-0.021289,3.139850,3.259522,3.538978,3.939749,4.263588,3.736240,3.186864,3.195741,3.165165,2.753544,3.256892,3.626431,3.649773,3.827967,3.884187,3.076127,4.378965,3.597391,4.500422,3.729801,4.345138,4.140885,3.916657,4.230125,3.644105,4.504288,4.451775,3.977869,4.173423,3.927933,3.924067,37.929344,-194.957898
8.967516,-39.345254,-0.011755,3.150699,3.263796,3.537005,3.934818,4.264246,3.741829,3.200015,3.192453,3.170097,2.764722,3.255248,3.635636,3.640239,3.825666,3.878927,3.068717,4.373488,3.585149,4.498489,3.724646,4.345138,4.146361,3.911503,4.223037,3.651515,4.503643,4.452419,3.975936,4.174068,3.923101,3.919235,43.786723,-192.115281
9.551235,-40.863977,0.008958,3.143137,3.253933,3.540293,3.924626,4.262931,3.752021,3.215796,3.185220,3.176343,2.773928,3.251632,3.652075,3.646814,3.829611,3.879584,3.098034,4.378321,3.579350,4.500422,3.732056,4.355769,4.153449,3.905704,4.206606,3.651515,4.504610,4.452097,3.990755,4.181155,3.941786,3.935343,46.636781,-199.530891
10.245094,-41.440486,0.007972,3.138206,3.258207,3.563635,3.971969,4.272794,3.771747,3.196070,3.176015,3.175028,2.759133,3.240782,3.640239,3.665554,3.830926,3.880242,3.111887,4.373811,3.595458,4.501388,3.727868,4.356091,4.147006,3.886696,4.227225,3.629930,4.506543,4.448875,3.981413,4.178578,3.928577,3.927289,50.025102,-202.346223
11.389192,-42.266570,0.036575,3.142151,3.261166,3.544895,3.964407,4.286931,3.774377,3.186864,3.165494,3.160234,2.752886,3.225988,3.636951,3.661938,3.833885,3.879255,3.097068,4.367045,3.599646,4.498489,3.712404,4.349970,4.127998,3.867366,4.210795,3.624453,4.501388,4.440499,3.962405,4.164725,3.916013,3.902482,55.611117,-206.379961
12.355557,-42.209832,0.029999,3.129987,3.258207,3.555087,3.968352,4.289890,3.774706,3.175686,3.166480,3.154644,2.736119,3.206919,3.625773,3.654376,3.826323,3.871036,3.098679,4.359957,3.574517,4.496234,3.706283,4.348037,4.120588,3.849969,4.201452,3.617687,4.497522,4.435344,3.957572,4.153771,3.909892,3.887018,60.329961,-206.102645
13.276027,-41.605351,0.005013,3.087246,3.216453,3.526484,3.969667,4.289561,3.765501,3.119137,3.182590,3.139192,2.709160,3.189823,3.610978,3.636951,3.819090,3.866105,3.096423,4.327419,3.563886,4.491723,3.698551,4.341594,4.114145,3.822907,4.190820,3.601257,4.492690,4.428257,3.945652,4.140240,3.899582,3.874776,64.824570,-203.150887
13.850975,-42.223205,0.013232,2.992560,3.155959,3.474538,3.960462,4.281342,3.756624,3.116178,3.127685,3.105000,2.696338,3.140178,3.551800,3.615252,3.806926,3.841447,3.052931,4.420202,3.575806,4.479481,3.681154,4.321942,4.083539,3.807443,4.215627,3.546489,4.484958,4.417947,3.926000,4.117366,3.868010,3.824518,67.631469,-206.168129
14.070813,-43.260090,0.001067,2.945546,3.155302,3.482758,3.954215,4.283643,3.743802,3.100068,3.126041,3.117493,2.687132,3.134261,3.542594,3.600458,3.800679,3.824022,3.047454,4.431800,3.600290,4.477870,3.686631,4.318398,4.070975,3.793912,4.219171,3.527159,4.482380,4.412148,3.919879,4.095781,3.859312,3.819041,68.705016,-211.230766
14.534277,-44.222666,-0.028193,2.932724,3.134918,3.437387,3.951585,4.281013,3.740185,3.089548,3.137877,3.091192,2.702913,3.121767,3.526156,3.604403,3.802981,3.814816,3.045199,4.418914,3.620587,4.469172,3.681476,4.303901,4.051967,3.768461,4.222715,3.502996,4.477548,4.403128,3.905059,4.089338,3.852224,3.819685,70.968195,-215.930758
15.141136,-45.265072,-0.048248,2.935025,3.090534,3.459744,3.956516,4.281671,3.740843,3.065219,3.155302,3.079356,2.685159,3.105986,3.516950,3.638266,3.799035,3.827638,3.020715,4.427290,3.626708,4.479481,3.691141,4.306478,4.041980,3.744621,4.210472,3.496875,4.475937,4.402483,3.903771,4.076451,3.840304,3.811631,73.931363,-221.020680
16.687828,-46.221396,-0.075208,2.938971,3.099411,3.462045,3.959147,4.282657,3.740514,3.050095,3.155959,3.060945,2.675954,3.079685,3.511032,3.648787,3.798049,3.842433,3.005895,4.426968,3.626386,4.483991,3.707572,4.319364,4.027160,3.724324,4.204673,3.482700,4.473682,4.401517,3.902160,4.064531,3.833216,3.807121,81.483398,-225.690410
19.354811,-47.613417,-0.090003,2.951793,3.133603,3.492292,3.968352,4.294493,3.742487,3.060616,3.161549,3.081328,2.663132,3.056999,3.505114,3.674102,3.798049,3.841118,2.988498,4.424713,3.614788,4.490757,3.708860,4.334828,4.013629,3.692752,4.195008,3.527481,4.474971,4.401839,3.910214,4.064209,3.856090,3.798100,94.505859,-232.487391
22.977545,-50.226704,-0.092304,2.979738,3.190809,3.534046,3.979859,4.303698,3.749062,3.080342,3.181932,3.112562,2.678255,3.061602,3.491306,3.694815,3.804296,3.844734,3.019426,4.421169,3.650870,4.500100,3.716270,4.354803,4.002998,3.680510,4.193398,3.538112,4.473038,4.401839,3.927289,4.072908,3.887018,3.810343,112.195074,-245.247418
25.131449,-50.873005,-0.067646,3.028725,3.220070,3.544895,3.990709,4.306000,3.763857,3.090534,3.187850,3.120123,2.757160,3.068835,3.510046,3.708623,3.804296,3.839145,3.042622,4.432445,3.661180,4.520396,3.720136,4.373166,4.020395,3.724002,4.187276,3.637017,4.472393,4.401517,3.929866,4.082895,3.940497,3.848680,122.712262,-248.403566
25.307754,-51.158410,-0.066989,3.045492,3.220070,3.558046,3.996298,4.309616,3.768131,3.089548,3.183905,3.106644,2.738092,3.081328,3.507416,3.707308,3.800350,3.825994,3.046488,4.432767,3.674711,4.525873,3.719170,4.380254,4.011052,3.757829,4.182444,3.660535,4.475937,4.398617,3.935343,4.079029,3.935987,3.862533,123.572984,-249.797094
24.436799,-45.952886,-0.064687,3.032999,3.207905,3.583033,3.986435,4.307644,3.767145,3.089219,3.182590,3.117822,2.769982,3.082972,3.514320,3.699747,3.784569,3.822707,3.139271,4.420847,3.698873,4.520396,3.717881,4.387341,4.026194,3.772649,4.206284,3.667623,4.477548,4.391207,3.930510,4.069042,3.924389,3.931799,119.320469,-224.379234
27.567244,-36.284785,-0.036413,3.006369,3.193768,3.537991,3.959147,4.299753,3.735583,3.053054,3.136233,3.129987,2.769654,3.098425,3.490977,3.666212,3.761884,3.797391,3.270071,4.403450,3.719170,4.497522,3.684054,4.363823,4.025227,3.814853,4.206284,3.669234,4.462406,4.363179,3.895072,4.034892,3.911825,4.054222,134.605613,-177.171945
22.504266,-24.797371,-0.101181,2.895573,3.136233,3.465662,3.871365,4.264575,3.671143,2.945875,3.104014,3.043520,2.792010,3.108288,3.461716,3.583362,3.676404,3.686267,3.266527,4.340627,3.697585,4.439532,3.614144,4.293591,3.943719,3.756541,4.227547,3.592881,4.416659,4.280705,3.810343,3.946296,3.753964,4.236246,109.884270,-121.081105
18.209905,-16.936053,-0.192251,2.855134,3.157275,3.569224,3.793446,4.241890,3.607691,2.953437,3.152672,3.047136,2.762092,3.118151,3.445278,3.514977,3.648458,3.685609,3.237210,4.285215,3.692108,4.384120,3.570973,4.210795,3.869299,3.568074,4.254609,3.567752,4.348359,4.170846,3.723358,3.857057,3.659247,4.325163,88.915379,-82.695355
2.853846,-2.358596,-0.276088,2.790037,3.119466,3.541608,3.712897,4.219862,3.503470,3.028725,3.180289,2.925162,2.680228,3.104671,3.369989,3.456785,3.607691,3.651417,3.254607,4.213372,3.671489,4.291980,3.502030,4.116078,3.785214,3.036823,4.280060,3.583216,4.218204,4.039080,3.644427,3.659891,3.488177,4.357058,0.000000,0.000000
-0.432331,1.239296,-0.282663,2.696338,3.019848,3.470922,3.520566,4.176793,3.364729,2.933710,3.030040,2.917601,2.634200,3.093822,3.320674,3.386428,3.563307,3.607033,3.185663,3.979802,3.527159,3.980124,3.213692,3.727224,3.543911,2.398291,4.227225,3.505252,3.789402,3.691463,3.335470,3.397004,2.814206,4.209184,0.000000,0.000000
0.301977,0.506504,-0.160031,2.441211,2.896888,3.191796,3.585992,4.178108,3.333825,2.552665,2.739078,2.924834,2.624666,2.988615,3.339414,3.387414,3.568896,3.600458,2.998163,3.975614,3.393460,3.937920,3.238176,3.648615,3.365754,3.087403,4.160859,3.277480,3.594814,3.411501,3.067751,3.379607,3.004606,3.975614,0.000000,0.000000
0.117426,1.748398,-0.097236,2.404060,2.889984,3.169768,3.611965,4.176464,3.308838,2.467184,2.644392,2.908066,2.647680,2.933382,3.328893,3.389387,3.578430,3.609663,2.929542,3.976902,3.376707,3.965949,3.253962,3.702417,3.295844,3.348357,4.130575,3.328383,3.573551,3.390238,3.061630,3.408924,3.076449,3.952095,0.000000,0.000000
-0.131253,1.631745,-0.171209,2.441211,2.901820,3.196727,3.621828,4.170217,3.370647,2.701927,2.751571,2.900176,2.661488,3.034314,3.365387,3.444292,3.608348,3.659965,3.041655,3.932443,3.451772,3.983346,3.259761,3.731412,3.262661,3.442751,4.146361,3.393138,3.582571,3.465947,3.157635,3.475935,3.118653,3.969170,0.000000,0.000000
-0.000035,-7.201178,-0.123209,2.722311,3.042205,3.414045,3.611636,4.167259,3.425880,2.881765,2.973163,2.935025,2.669707,3.086260,3.395305,3.472895,3.617225,3.674431,3.157635,4.034248,3.515561,4.039402,3.299066,3.858990,3.253962,3.601257,4.222070,3.487855,3.728512,3.719492,3.463370,3.667301,3.241076,4.113178,0.000000,-35.162133
-4.660833,-19.235149,-0.179758,2.697981,3.032670,3.384784,3.539964,4.157067,3.383469,2.866312,2.996177,2.846586,2.597706,2.996177,3.352564,3.404839,3.599471,3.648458,3.187596,4.044557,3.512017,4.114789,3.304542,3.969815,3.417623,3.432120,4.230447,3.432764,3.969815,4.032637,3.656347,3.782314,3.210148,4.225292,-22.757805,-93.921461
-7.697012,-27.892577,-0.236306,2.800558,3.120123,3.468621,3.658650,4.219533,3.414373,2.902148,3.143466,2.844285,2.493157,2.972177,3.368345,3.443305,3.620842,3.688240,3.076449,4.102869,3.446295,4.252032,3.315496,4.112212,3.806154,3.419556,4.187921,3.352223,4.199197,4.233991,3.809054,3.819363,3.190818,4.297457,-37.583070,-136.194105
-7.860683,-31.976935,-0.170881,2.792668,3.097109,3.440675,3.765501,4.244848,3.377880,2.837052,3.056999,2.817325,2.455348,2.903463,3.326920,3.450867,3.609663,3.700075,2.947261,4.214016,3.369620,4.368012,3.327738,4.186310,3.809376,3.277803,4.127354,3.328383,4.301645,4.317754,3.870265,3.963371,3.237210,4.215949,-38.382277,-156.137570
-5.367396,-35.239334,-0.090989,2.491842,2.922532,3.363085,3.895036,4.217232,3.389716,2.487239,2.739735,2.755516,2.456992,2.731516,3.307194,3.490319,3.610978,3.739199,2.917944,4.241723,3.295522,4.369945,3.381218,4.171813,3.899260,3.479800,4.067753,3.309375,4.310666,4.330962,3.837727,3.990755,3.506218,3.937598,-26.208137,-172.067141
-6.018432,-37.608009,-0.080797,2.484280,2.906422,3.364400,3.889118,4.246164,3.372620,2.482636,2.738420,2.893600,2.417869,2.680885,3.290098,3.467634,3.604732,3.744459,2.886694,4.293913,3.326772,4.364790,3.459182,4.161503,3.922456,3.393782,4.131864,3.267493,4.313566,4.314532,3.803255,3.986889,3.664401,3.741077,-29.387105,-183.633070
-2.584473,-39.192076,-0.091646,2.466527,2.868285,3.378209,3.883201,4.245835,3.362756,2.447458,2.737434,2.892943,2.404389,2.638145,3.283523,3.464018,3.598485,3.733281,2.869297,4.278449,3.310664,4.360924,3.448550,4.148939,3.905704,3.287468,4.130253,3.263627,4.321620,4.306800,3.767172,3.969492,3.622520,3.656992,0.000000,-191.367668
-4.158543,-38.711247,-0.105455,2.432663,2.833435,3.371962,3.857885,4.238273,3.323961,2.407677,2.721653,2.919902,2.363950,2.668392,3.283523,3.462703,3.597170,3.672787,2.869941,4.262019,3.312597,4.358669,3.451772,4.156026,3.898938,3.484311,4.122521,3.300032,4.320975,4.300035,3.768783,3.965626,3.650548,3.784247,-20.305613,-189.019656
-3.037339,-40.268364,-0.092304,2.389923,2.804175,3.345003,3.852954,4.231369,3.260509,2.292607,2.695680,2.903135,2.391238,2.660502,3.281550,3.426209,3.562649,3.651088,2.873807,4.245911,3.299066,4.354158,3.440818,4.151838,3.892173,3.479800,4.119299,3.307442,4.319687,4.293913,3.759118,3.952740,3.570651,3.847069,0.000000,-196.622789
-5.360993,-41.195510,-0.214936,2.410307,2.822257,3.359797,3.870050,4.236958,3.218755,2.249209,2.780503,2.876504,2.347511,2.614802,3.267742,3.426538,3.544567,3.657006,2.910856,4.240434,3.316785,4.368656,3.457893,4.176967,3.880252,3.420522,4.113501,3.279413,4.313566,4.304545,3.794234,3.958861,3.539401,3.929544,-26.176883,-201.150141
-5.336073,-42.330627,-0.182388,2.419512,2.790037,3.299304,3.916406,4.237616,3.130315,2.085810,2.687790,2.858093,2.366251,2.557596,3.238481,3.409442,3.537334,3.647801,2.838369,4.195008,3.296810,4.355769,3.468847,4.159570,3.852868,3.346424,4.099325,3.213370,4.283604,4.301968,3.775549,3.955639,3.511051,3.781992,-26.054844,-206.692500
-4.970392,-44.363587,-0.115647,2.405046,2.808777,3.247358,3.908845,4.241561,3.026095,1.876711,2.586199,2.786092,2.344881,2.525705,3.211851,3.411414,3.523854,3.654047,2.730766,4.264918,3.298099,4.352225,3.482700,4.141851,3.787469,3.149903,4.108990,3.141204,4.295846,4.286826,3.743010,3.934698,3.553899,3.570329,-24.269402,-216.618840
-3.838848,-45.912692,-0.124524,2.382032,2.776558,3.213823,3.886160,4.224136,3.013273,1.921095,2.564829,2.783133,2.347840,2.549048,3.203303,3.387743,3.464675,3.592567,2.729155,4.241723,3.288434,4.348682,3.463692,4.133153,3.772327,3.097068,4.099970,3.150225,4.311310,4.282960,3.731412,3.922778,3.495909,3.569685,0.000000,-224.183277
-2.614334,-48.086380,-0.115647,2.372169,2.724283,3.196727,3.828296,4.194547,3.032999,1.892492,2.504993,2.753215,2.374142,2.573048,3.190152,3.315085,3.420291,3.504457,2.712080,4.218849,3.277158,4.327096,3.425354,4.115111,3.768139,3.089014,4.084828,3.215303,4.321942,4.260730,3.667945,3.892173,3.483022,3.599324,0.000000,-234.796707
-0.880567,-49.323457,-0.173511,2.290963,2.676940,3.132946,3.755309,4.155423,2.952121,1.700490,2.416553,2.701598,2.318908,2.542473,3.129658,3.260509,3.400236,3.403195,2.618652,4.173101,3.247197,4.302612,3.394749,4.088049,3.720458,3.122519,4.051000,3.205960,4.316465,4.241723,3.599646,3.819041,3.366720,3.607700,0.000000,-240.837145
-2.413105,-49.098745,-0.134058,2.268606,2.574364,3.036944,3.675089,4.115642,2.789380,1.185304,2.213373,2.621707,2.298196,2.505322,2.993218,3.194754,3.311139,3.304235,2.646036,4.140562,3.240109,4.297135,3.370909,4.091915,3.722391,3.267171,4.057444,3.223357,4.325486,4.235924,3.605445,3.737533,3.090302,3.851258,0.000000,-239.739785
-2.608078,-49.570192,-0.174826,2.224222,2.524390,2.962971,3.611965,4.084080,2.516171,1.147496,2.089426,2.581925,2.262031,2.307730,2.832449,3.154644,3.267413,3.305550,2.663433,4.080317,3.218524,4.296169,3.335148,4.098681,3.681476,3.144426,4.045846,3.208537,4.310988,4.219493,3.599646,3.724002,2.903768,3.918268,0.000000,-242.042156
-4.664209,-49.070577,-0.203429,2.243949,2.593104,2.991574,3.726377,4.117614,2.402416,1.282292,2.139728,2.559240,2.258086,2.159126,2.833435,3.145110,3.298646,3.333496,2.608987,4.083861,3.209826,4.293269,3.319362,4.090949,3.701773,3.097068,4.022005,3.117042,4.273295,4.212405,3.594491,3.791657,3.008472,3.739788,-22.774672,-239.602367
-6.628075,-46.707950,-0.235320,2.283401,2.615131,3.001108,3.782268,4.142930,2.269921,1.229689,2.183126,2.590145,2.241976,2.034850,2.843627,3.150699,3.305550,3.349934,2.570649,4.038758,3.199839,4.280382,3.347068,4.077418,3.699195,3.226578,4.012018,3.104155,4.240112,4.202096,3.576128,3.797134,3.091913,3.588370,-32.363668,-228.066203
-7.313146,-45.472279,-0.318171,2.257099,2.620063,3.004396,3.812515,4.169560,2.149591,1.152099,2.236058,2.593432,2.228168,1.960548,2.832120,3.144124,3.263139,3.410099,2.486564,4.005897,3.195650,4.277161,3.341591,4.072585,3.655703,3.182764,3.990111,3.091913,4.203385,4.203063,3.569363,3.781025,3.194684,3.464659,-35.708828,-222.032711
-8.741108,-45.581000,-0.345130,2.229811,2.609871,3.000122,3.807912,4.172848,1.834957,1.050837,2.241647,2.577323,2.223894,1.887889,2.830147,3.125384,3.267742,3.392346,2.397969,4.040691,3.173421,4.268784,3.371231,4.064209,3.630252,3.146037,3.982379,3.079993,4.184699,4.205640,3.562597,3.781348,3.201127,3.371875,-42.681426,-222.563531
-10.080369,-45.663565,-0.389186,2.207455,2.592446,3.000122,3.816789,4.181067,1.676489,0.979822,2.240003,2.574035,2.215017,1.821477,2.811408,3.117493,3.271358,3.349934,2.350288,4.069042,3.162790,4.275228,3.423422,4.076451,3.608022,3.120264,3.960794,3.092235,4.172457,4.223037,3.581927,3.795523,3.207893,3.349001,-49.220437,-222.966855
-10.782160,-45.358557,-0.379980,2.188715,2.574364,2.976779,3.814816,4.183040,1.558460,0.918671,2.180496,2.543459,2.198578,1.786956,2.793325,3.126370,3.250974,3.304564,2.306151,4.127354,3.164078,4.280060,3.463048,4.078707,3.573229,3.038756,3.931799,3.113176,4.151516,4.243978,3.600613,3.819041,3.284246,3.319040,-52.647453,-221.477086
-11.434507,-45.735920,-0.411542,2.179509,2.504007,2.941601,3.801994,4.177122,1.399335,0.850944,2.164715,2.482636,2.165372,1.752107,2.763078,3.104342,3.226974,3.282536,2.252994,4.150227,3.149581,4.276194,3.481411,4.082573,3.571940,3.020070,3.905381,3.086114,4.152483,4.252032,3.602868,3.829028,3.265560,3.304542,-55.832375,-223.320074
-12.426109,-48.030231,-0.343486,2.171619,2.454362,2.916285,3.791145,4.175149,1.320101,0.686229,2.031891,2.412937,2.113755,1.756381,2.738092,3.048123,3.211522,3.263468,2.191783,4.141529,3.158279,4.291336,3.501708,4.093204,3.548100,3.023936,3.898294,3.089658,4.173101,4.248488,3.605767,3.838371,3.287468,3.275547,-60.674250,-234.522367
-10.810407,-50.015331,-0.332966,2.138084,2.406033,2.878148,3.784898,4.175149,1.088317,0.558665,1.957589,2.381046,2.044056,1.615995,2.705872,3.044177,3.199357,3.231906,2.174708,4.163114,3.140560,4.286504,3.484633,4.094171,3.551966,2.985921,3.868977,3.068717,4.167947,4.252032,3.610278,3.850935,3.283279,3.222068,-52.785367,-244.215543
-12.855070,-52.661843,-0.298116,2.037480,2.306415,2.763407,3.772076,4.176464,0.573789,0.161837,1.805368,2.254469,2.015453,1.403938,2.637816,2.996177,3.162535,3.199686,1.926641,4.184055,3.113820,4.289403,3.484311,4.083217,3.519749,2.725289,3.831283,3.002673,4.155704,4.266529,3.601901,3.846425,3.391205,3.082892,-62.768758,-257.137793
-14.852730,-57.306388,-0.295157,2.022028,2.289648,2.744009,3.791802,4.179423,0.432745,0.124028,1.743887,2.243620,1.998685,1.318786,2.546418,3.009985,3.150042,3.160234,1.936306,4.192109,3.215303,4.320975,3.552288,4.127998,3.530058,2.777802,3.831283,2.990431,4.171813,4.298424,3.685020,3.899260,3.466914,3.105122,-72.522953,-279.816223
-16.620808,-59.264052,-0.241238,2.040768,2.287346,2.744338,3.828296,4.206382,0.121398,0.122056,1.687339,2.139071,1.934246,1.230675,2.496116,3.044177,3.137220,3.146754,1.938239,4.188565,3.314530,4.381543,3.640883,4.207895,3.548744,2.830315,3.939531,2.968202,4.176967,4.335151,3.805188,3.937598,3.552932,3.279091,-81.156473,-289.375453
-21.345769,-58.624294,-0.274444,2.076604,2.308388,2.795298,3.846050,4.222492,0.125015,0.123042,1.752107,2.124276,1.828710,1.184647,2.458307,3.031355,3.135576,3.178645,2.085468,4.184699,3.390883,4.420202,3.711115,4.258797,3.541334,3.033279,3.974325,2.950805,4.181155,4.352548,3.858345,3.961438,3.591592,3.480445,-104.227312,-286.251551
-24.754079,-55.676464,-0.195210,2.109481,2.355731,2.822257,3.856899,4.235643,0.126001,0.124357,1.717914,2.187071,1.723504,1.009083,2.160112,3.036287,3.216453,3.189823,2.142169,4.180511,3.464337,4.469494,3.746232,4.302290,3.526515,3.028446,3.981735,2.910856,4.188887,4.393463,3.893461,3.987212,3.643783,3.474002,-120.869770,-271.857887
-27.750307,-45.361117,-0.177456,2.123947,2.460938,2.909052,3.890105,4.252410,0.130933,0.127645,1.853697,2.206140,1.796162,0.980480,2.210414,3.111904,3.259522,3.209549,2.160211,4.201774,3.555187,4.514919,3.825162,4.367367,3.498164,3.067106,3.968848,2.878317,4.185988,4.438566,3.935987,4.022650,3.668912,3.452739,-135.499574,-221.489984
-23.835688,-37.475753,-0.408912,2.133810,2.634200,2.987629,3.907858,4.246492,0.132248,0.132248,2.181811,2.247894,1.904985,1.079769,2.449102,3.218755,3.331194,3.133932,2.177607,4.176645,3.631863,4.534893,3.877997,4.403450,3.459504,2.975611,3.954995,2.846745,4.110923,4.462728,3.954673,4.054866,3.740755,3.425354,-116.385082,-182.987156
-17.865597,-32.729915,-0.438502,2.158797,2.700612,3.061931,3.868406,4.235314,0.135207,0.136193,2.261045,2.240332,1.994082,1.684380,2.638803,3.178316,3.297331,3.060287,2.110275,4.105446,3.548422,4.511375,3.806154,4.377999,3.414401,2.900547,3.939209,2.803253,4.080640,4.427290,3.920845,4.016206,3.724969,3.481733,-87.234117,-159.814121
-7.546026,-18.195952,-0.520037,2.108824,2.664118,3.066205,3.801665,4.187314,0.134878,0.195701,2.262031,2.330744,2.062138,1.985863,2.749927,3.079356,3.123740,2.733489,2.184373,4.067753,3.388628,4.459507,3.680188,4.309055,3.374452,2.906024,3.928577,2.930830,4.049067,4.362857,3.815175,3.935021,3.555509,3.513628,-36.845875,-88.847414
-2.713412,-4.858526,-0.673903,1.998356,2.362964,2.846257,3.532402,4.017997,0.122384,0.120083,1.994411,2.256442,2.053261,2.001315,2.651954,2.801873,2.708502,1.948054,2.392170,3.968526,3.217880,4.296813,3.441141,4.070330,3.261372,2.526190,3.869621,2.866719,3.893139,4.194686,3.555187,3.677932,3.151514,3.476579,0.000000,-23.723203
-0.787227,-4.493554,-0.878729,1.742572,1.844491,2.057206,2.786092,3.737226,0.618502,0.098055,1.488432,1.750134,1.725476,1.252045,1.847779,2.178194,1.623557,1.430568,2.444683,3.679221,3.033923,3.811631,2.992686,3.440818,2.750095,2.143780,3.926322,2.779413,3.356089,3.660213,3.056153,2.988498,2.045842,3.108344,0.000000,-21.941234
-0.811344,-2.821707,-0.801138,1.709366,1.835615,2.006576,2.751571,3.691527,0.473184,0.095425,1.428924,1.701805,1.635064,1.178400,1.759011,2.031891,1.570625,1.355608,2.101254,3.784247,2.887338,3.853835,2.888627,3.427287,2.293909,1.921164,3.848358,2.722067,3.089658,3.330316,2.947905,3.008150,2.305507,2.935663,0.000000,0.000000
-2.937178,5.890878,-1.131227,1.921753,2.095015,2.549048,2.744338,3.725062,0.615872,0.462664,1.988822,1.910903,1.643283,1.276374,1.815231,2.121646,1.499281,1.327663,2.315172,3.917302,3.063563,3.908925,2.985276,3.480767,1.720455,1.553895,3.887662,2.612531,3.053253,3.278447,3.065818,2.911178,2.297453,3.450806,0.000000,28.764012
-3.651810,18.976573,-1.672059,2.314634,2.481321,3.119466,2.752886,3.828953,0.919657,1.027823,3.021492,2.454691,1.527556,1.293470,1.703120,2.202195,1.163277,1.327005,2.690817,3.978191,3.265238,3.845136,3.140238,3.412468,2.330958,0.675673,3.935987,3.026836,3.456605,3.531991,3.084503,1.994295,0.606408,4.114789,0.000000,92.658902
-1.575566,23.254453,-1.376163,2.492500,2.873874,3.434428,2.876833,3.875968,1.140592,1.286566,3.263139,2.430033,1.488103,1.402294,1.865533,2.286689,1.414787,1.356266,2.745585,3.987534,3.267171,3.882508,3.132184,3.413112,2.030378,0.007825,4.119622,3.240754,3.524904,3.597391,3.208215,1.400545,0.005892,4.326774,0.000000,113.546930
0.129101,26.762978,-1.419561,2.556281,3.018862,3.609335,3.014917,3.942051,1.292813,1.389143,3.420291,2.470472,1.443061,1.562406,2.120988,2.458636,1.745860,1.547940,3.026191,3.932121,3.349646,3.961116,3.149259,3.433409,1.730442,0.006858,4.164081,3.376707,3.549066,3.596747,3.176965,1.340622,0.005248,4.426968,0.000000,130.678535
-1.936292,33.593505,-1.472494,2.647022,3.164836,3.835529,3.171740,4.007476,1.615995,1.331937,3.524512,2.439567,1.466733,1.741257,2.348827,2.654255,1.947726,1.813916,3.111887,4.038758,3.373808,3.961438,3.129606,3.407635,1.302929,0.005570,4.173746,3.469491,3.570329,3.625419,3.176320,1.032954,0.004603,4.492045,0.000000,164.030918
-3.238153,34.004316,-1.355779,2.631241,3.160234,3.812515,3.256235,4.028189,1.604488,1.569638,3.522539,2.449431,1.570296,1.863889,2.437595,2.673652,2.110467,1.977315,3.124774,4.016529,3.373486,3.964016,3.123485,3.396360,1.281021,0.003959,4.175679,3.466592,3.577739,3.656992,3.213370,0.968521,0.003637,4.517497,0.000000,166.036625
-4.284974,37.136482,-1.225913,2.624337,3.138535,3.700075,3.265111,4.039367,1.682736,1.657420,3.507087,2.510911,1.729093,1.986849,2.520445,2.670365,2.199236,2.068385,3.137983,4.020395,3.391527,3.974003,3.152158,3.429865,1.233663,0.005570,4.178900,3.458215,3.562597,3.656025,3.239143,1.621228,0.006214,4.516530,-20.922754,181.330699
-5.874162,38.769633,-1.138788,2.620720,3.126370,3.623800,3.290756,4.055148,1.810299,1.652489,3.453826,2.566144,1.817203,2.073974,2.518472,2.679570,2.320223,2.136769,3.157957,4.001065,3.397326,3.980768,3.175676,3.443074,1.259436,0.004603,4.176323,3.449517,3.582894,3.664079,3.276836,1.667298,0.007181,4.519752,-28.682652,189.304910
-7.944093,43.064930,-1.016485,2.602638,3.091192,3.575471,3.307852,4.064025,1.898739,1.613036,3.368674,2.587514,1.855998,2.076604,2.559240,2.752557,2.465540,2.277812,3.157957,4.050678,3.397326,3.990111,3.176643,3.448873,1.618006,0.006536,4.179867,3.439852,3.607378,3.717559,3.308086,1.719811,0.006858,4.515886,-38.789570,210.277770
-9.861139,42.791241,-1.045417,2.569761,3.041547,3.419305,3.296673,4.065997,1.901369,1.527556,3.385113,2.600994,1.891177,2.113426,2.682529,2.809435,2.579624,2.360662,3.145715,4.032315,3.394104,3.991722,3.169555,3.445007,1.760081,0.006214,4.169235,3.417623,3.579028,3.735600,3.320651,1.867040,0.007181,4.505899,-48.149867,208.941789
-10.233508,43.575762,-1.024375,2.455348,2.886696,3.355523,3.228947,4.038380,1.795833,1.458185,3.226645,2.583240,1.923725,2.075289,2.657543,2.799572,2.580281,2.347183,3.097390,4.058732,3.362854,3.983346,3.140882,3.439852,1.677929,0.007181,4.157315,3.385084,3.554221,3.749453,3.330960,2.052285,0.006536,4.496556,-49.968547,212.772129
-10.440425,40.643545,-0.963552,2.447458,2.840011,3.314756,3.235522,4.038052,1.818847,1.480213,3.166480,2.647022,1.958904,2.043069,2.666419,2.797599,2.665104,2.450088,3.028769,4.030382,3.350612,3.968526,3.101256,3.420844,1.652800,0.007181,4.146039,3.358988,3.463692,3.750742,3.335148,2.209180,0.008791,4.479803,-50.978594,198.454863
-11.206011,38.830585,-0.951388,2.437266,2.816339,3.334811,3.253604,4.047257,1.837587,1.475281,3.120452,2.606583,1.962520,2.055891,2.687461,2.781818,2.821271,2.483623,2.964013,4.011052,3.331282,3.954351,3.056475,3.416334,1.672130,0.007181,4.146361,3.351901,3.496875,3.774260,3.339658,2.128961,0.008147,4.459507,-54.716660,189.602566
-12.394787,40.043459,-0.933305,2.407019,2.801216,3.348948,3.386757,4.085066,1.957589,1.449966,3.097438,2.682529,1.970411,2.114084,2.776558,2.855463,3.061273,2.700612,2.912789,3.980124,3.322906,3.960472,3.051642,3.427287,1.693071,0.007503,4.143784,3.327738,3.547777,3.788757,3.359311,2.422131,0.011369,4.448553,-60.521453,195.524934
-12.941624,38.901402,-0.869523,2.406362,2.777873,3.328893,3.410428,4.123203,2.011507,1.440431,3.046479,2.681543,2.077262,2.200222,2.824887,2.923518,3.242755,2.862367,2.934052,3.950807,3.320973,3.963693,3.047454,3.440174,1.967878,0.007503,4.156349,3.307120,3.562275,3.836438,3.385728,2.624773,0.011691,4.439855,-63.191430,189.948344
-15.113995,42.280834,-0.818563,2.370197,2.733160,3.299961,3.467634,4.142930,1.969096,1.348046,2.962971,2.649652,2.098960,2.135454,2.821271,2.949163,3.365387,2.995190,2.958214,4.024905,3.327094,4.001387,3.106411,3.506218,1.998484,0.007181,4.162792,3.292622,3.549388,3.859312,3.456282,2.946939,0.050029,4.439210,-73.798906,206.449414
-15.325734,42.729556,-0.807385,2.266963,2.685817,3.236180,3.527471,4.166930,1.862245,1.252703,2.877162,2.648666,2.143345,2.113098,2.831791,2.970204,3.439031,3.094808,3.076127,4.120588,3.395715,4.031670,3.255251,3.610922,2.026834,0.007503,4.175356,3.297777,3.579350,3.929866,3.505574,3.239143,0.730763,4.447587,-74.832766,208.640164
-16.902165,42.705625,-0.780754,2.261045,2.647351,3.152014,3.510046,4.146217,1.917807,1.259278,2.826860,2.657214,2.129536,2.011507,2.840668,2.964944,3.443963,3.111575,3.099645,4.143784,3.419233,4.042946,3.299710,3.652481,2.000417,0.008147,4.166658,3.296810,3.518460,3.976580,3.504285,3.332893,1.216911,4.445009,-82.530156,208.523582
-18.214223,41.531389,-0.658122,2.197921,2.582583,3.167466,3.562978,4.157067,1.666297,1.206346,2.651625,2.626967,2.177866,1.934575,2.806476,2.965930,3.482758,3.279906,3.113176,4.170846,3.467236,4.089338,3.357700,3.746876,1.786499,0.007503,4.154738,3.286501,3.539401,4.012985,3.563241,3.608667,1.796486,4.435666,-88.936711,202.790227
-19.399144,43.978918,-0.586121,2.240661,2.677926,3.251303,3.638266,4.220519,1.767888,1.244483,2.633542,2.697653,2.264661,2.022685,2.817654,3.014259,3.541937,3.453168,3.116720,4.220782,3.505896,4.171490,3.384117,3.836760,2.064850,0.008469,4.185988,3.232055,3.713371,4.049390,3.596747,3.717237,2.474966,4.437277,-94.722156,214.740629
-21.152176,41.385647,-0.587436,2.230469,2.685817,3.209549,3.637938,4.235643,1.971397,1.137633,2.661488,2.682200,2.233757,1.943123,2.785763,3.081000,3.573827,3.514977,3.132184,4.252998,3.548422,4.225614,3.400226,3.923745,2.207247,0.010402,4.223359,3.237210,3.754286,4.068719,3.647327,3.759440,2.714335,4.441465,-103.282254,202.078332
-22.432971,42.944257,-0.452968,2.367238,2.810092,3.333825,3.800679,4.282000,2.130522,1.234620,2.781489,2.739407,2.294579,2.145317,2.822257,3.161549,3.662267,3.633992,3.163434,4.288114,3.585149,4.293269,3.469491,4.024905,2.420520,0.009758,4.251710,3.231733,3.866399,4.135086,3.668267,3.835471,2.959503,4.429223,-109.536012,209.688906
-22.969799,39.639655,-0.335925,2.406362,2.852833,3.320016,3.809885,4.294822,2.288661,1.306292,2.751242,2.735461,2.343566,2.203181,2.850202,3.226316,3.684294,3.673774,3.164723,4.307122,3.578705,4.297135,3.488821,4.046168,2.749129,0.011369,4.256542,3.200483,3.907314,4.136374,3.707572,3.862856,3.079993,4.405383,-112.157371,193.552961
-21.346373,32.430588,-0.290554,2.412279,2.903792,3.223029,3.827310,4.304356,2.566802,1.427938,2.771297,2.767352,2.473102,2.259730,2.947847,3.314427,3.713226,3.730980,3.152480,4.319687,3.569363,4.307444,3.492687,4.060665,3.004606,1.104475,4.251387,3.236888,3.936309,4.150227,3.746554,3.863822,3.230444,4.372200,-104.230289,158.352629
-18.546155,20.272052,-0.270828,2.392224,2.831134,3.140178,3.824679,4.300739,2.479020,1.406568,2.705872,2.739735,2.457650,2.221592,2.939299,3.312126,3.723418,3.740843,3.138305,4.312277,3.541012,4.305511,3.473357,4.050678,3.106733,1.998806,4.233346,3.244942,3.925034,4.122843,3.730768,3.845459,3.250741,4.302934,-90.557449,98.984594
-12.825317,12.697352,-0.363213,2.372169,2.812394,3.128343,3.836844,4.302055,2.444170,1.423006,2.785435,2.684502,2.464883,2.235729,2.978423,3.381825,3.707637,3.713226,3.044555,4.278449,3.514272,4.300357,3.455316,4.070975,3.228189,2.853511,4.197586,3.254285,3.926644,4.057766,3.696296,3.819685,3.376385,4.212405,-62.623402,61.998820
-3.192656,-0.929824,-0.440146,2.361649,2.811736,3.122754,3.773062,4.272465,2.665433,1.328320,2.799243,2.634857,2.463239,2.277812,2.983684,3.346318,3.631362,3.579745,2.905057,4.199841,3.422777,4.229802,3.322261,3.985279,3.440174,3.098356,4.138629,3.231733,3.835471,3.882185,3.598357,3.704350,3.321617,4.011374,0.000000,0.000000
-1.659288,-1.910223,-0.240580,2.233757,2.656228,2.972177,3.560676,4.178437,2.878806,1.717257,2.464225,2.652940,2.463239,2.464225,2.997163,3.318701,3.514649,3.288454,2.709180,4.030704,3.181475,4.031026,3.189207,3.738500,3.489143,2.982055,4.083861,3.085470,3.591592,3.511695,3.343524,3.410213,3.081926,3.678255,0.000000,0.000000
-1.801541,-0.804138,-0.159045,2.216989,2.606583,2.894915,3.461716,4.140957,2.835737,1.773148,2.390909,2.668392,2.482965,2.490527,3.073767,3.316728,3.501169,3.248344,2.633472,3.957894,3.077738,3.985923,3.053898,3.577739,3.347068,2.925998,4.038436,3.076771,3.473679,3.236565,3.141527,3.220457,2.750740,3.417623,0.000000,0.000000
-2.455507,2.210032,-0.177456,2.163071,2.584555,2.863025,3.438045,4.124847,2.792996,1.447993,2.370854,2.629268,2.446143,2.443841,3.058643,3.335140,3.496895,3.230262,2.559696,3.942430,3.045199,3.983990,3.061307,3.582249,3.214336,2.599644,4.003642,3.022970,3.453061,3.140560,3.106411,3.162467,2.842235,3.313885,0.000000,0.000000
-4.116871,10.423163,-0.352034,2.168989,2.622364,2.945546,3.454812,4.126162,2.845271,1.747833,2.552007,2.631570,2.385649,2.442198,3.145439,3.296016,3.454483,3.115192,2.540044,3.920201,3.083537,3.998165,3.142493,3.662468,3.124452,2.688884,4.027482,2.975933,3.631863,3.313241,3.143137,3.115753,2.807763,3.445651,-20.101719,50.894258
-0.078163,28.024264,-0.747548,2.204825,2.637488,2.934697,3.263468,4.039696,2.256442,1.221469,2.751571,2.623679,2.138413,1.968109,2.866312,2.996506,3.187521,2.815682,2.791010,3.856412,3.083859,3.941142,3.029091,3.564208,3.228511,2.552608,4.031670,2.991075,3.601901,3.674066,3.270071,2.783601,2.380894,3.730445,0.000000,136.837043
2.931821,42.837888,-1.058239,2.435951,2.939628,3.449881,3.321331,4.116299,2.578309,2.046357,3.312126,2.627953,1.971068,1.947397,2.919573,2.986314,3.181932,2.836723,3.059697,3.957572,3.251707,3.941142,3.255895,3.612533,3.176965,0.902155,4.151516,3.254607,3.657636,3.954673,3.445007,2.647003,2.279412,4.273939,0.000000,209.169496
4.706589,46.898158,-0.996101,2.772941,3.085931,3.892406,3.450209,4.160354,2.728886,2.313648,3.358482,2.613487,1.959233,2.077590,3.063904,3.075411,3.311468,2.936669,3.234955,3.960794,3.397326,3.923745,3.269749,3.633151,3.123163,0.012657,4.185666,3.417623,3.604156,3.961116,3.421166,2.479476,1.967556,4.415048,22.981543,228.994891
5.672290,50.384309,-1.033252,2.912340,3.212508,3.897667,3.574814,4.208026,2.881765,2.746640,3.459086,2.747297,2.103234,2.431348,3.185878,3.184563,3.430812,3.067520,3.271037,3.960150,3.429543,3.916979,3.243009,3.632829,3.092880,0.012335,4.179867,3.493976,3.579994,3.942753,3.413434,2.326770,1.923419,4.430834,27.696914,246.017355
7.519404,50.616425,-0.988539,2.900833,3.251961,3.942051,3.637280,4.229396,2.979081,2.778202,3.479470,2.770640,2.138742,2.648666,3.238152,3.242426,3.477497,3.120452,3.276514,3.964660,3.465625,3.913758,3.244620,3.650548,3.178898,0.012657,4.208539,3.567107,3.585471,3.923745,3.415367,2.538433,2.075803,4.447264,36.715898,247.150434
10.708736,49.252728,-0.885304,2.883408,3.301605,3.975914,3.667198,4.247150,3.064232,2.957711,3.488676,2.796613,2.165043,2.699297,3.306537,3.288783,3.537005,3.173384,3.283279,3.976258,3.495264,3.908603,3.244297,3.640239,3.185341,0.012980,4.207573,3.599002,3.572906,3.928900,3.373164,2.503317,2.047131,4.460151,52.288777,240.491863
9.805276,47.704369,-0.837303,2.878806,3.333825,3.986763,3.696130,4.264575,3.201987,3.056013,3.499196,2.838696,2.249538,2.816997,3.331852,3.358482,3.610978,3.290756,3.293267,3.980446,3.505252,3.904093,3.271037,3.628641,3.283279,0.013624,4.250743,3.623486,3.638306,3.924711,3.429543,2.650224,2.369940,4.464661,47.877512,232.931395
9.450081,47.496964,-0.830070,2.853819,3.353880,3.983476,3.699418,4.272465,3.348290,3.086918,3.502155,2.864668,2.289977,2.916943,3.352236,3.389716,3.641225,3.362428,3.281669,3.973036,3.500419,3.896361,3.276192,3.611888,3.293267,0.014268,4.243978,3.634762,3.622842,3.910536,3.436630,2.758794,2.501706,4.461440,46.143168,231.918867
8.901222,49.130372,-0.865578,2.771955,3.341386,3.972955,3.695144,4.267205,3.330208,3.039903,3.486374,2.859408,2.231455,2.848230,3.336126,3.376565,3.637280,3.382483,3.259117,3.957250,3.476579,3.879930,3.250741,3.590625,3.282957,0.014590,4.219171,3.636373,3.616399,3.894428,3.402803,2.656990,2.387015,4.450808,43.462773,239.894566
8.328384,50.933971,-0.805412,2.823901,3.378209,3.970325,3.701719,4.268520,3.359140,3.052725,3.483744,2.882751,2.241647,2.870258,3.356510,3.388072,3.647143,3.407469,3.264594,3.958217,3.488177,3.883796,3.237854,3.596747,3.332893,0.013624,4.215627,3.639595,3.634762,3.885407,3.438563,2.666977,2.450482,4.447587,40.665797,248.701223
8.157288,50.672486,-0.804755,2.895573,3.399250,3.971640,3.709938,4.270493,3.401223,3.084945,3.480785,2.895573,2.271565,2.944560,3.374263,3.396949,3.658979,3.438045,3.281024,3.951451,3.506862,3.888307,3.251707,3.605123,3.385728,0.014590,4.248166,3.664401,3.704994,3.886051,3.472391,2.783279,2.559051,4.455319,39.830375,247.424277
9.054540,51.728305,-0.718287,2.981711,3.447908,3.977887,3.709938,4.273452,3.433113,3.082644,3.455470,2.924834,2.337977,3.012944,3.382483,3.416675,3.674102,3.483087,3.298743,3.946941,3.523937,3.891850,3.284890,3.616721,3.385728,0.014913,4.281027,3.680188,3.787469,3.917302,3.503963,2.873485,2.559051,4.472071,44.211379,252.579684
10.215936,51.621006,-0.614724,2.970204,3.519251,3.975256,3.715199,4.276739,3.472237,3.166809,3.473223,2.974478,2.427403,3.088561,3.420949,3.427853,3.691856,3.586649,3.331926,3.930188,3.538112,3.887340,3.325483,3.630896,3.454672,0.015235,4.301968,3.697262,3.800355,3.939531,3.555832,3.029091,2.616075,4.488502,49.882723,252.055809
8.745168,54.381875,-0.521024,2.979738,3.529443,3.995311,3.719144,4.278383,3.516292,3.210864,3.468949,3.026424,2.482308,3.130973,3.443305,3.457771,3.707637,3.632348,3.349646,3.891850,3.569040,3.895072,3.315818,3.647327,3.486566,0.015557,4.321620,3.735278,3.829028,3.949196,3.581605,3.063563,2.652479,4.511698,42.700773,265.536660
10.268671,51.211715,-0.388199,2.969218,3.535032,3.997284,3.720459,4.280027,3.535690,3.227632,3.442648,3.058972,2.515842,3.132288,3.464347,3.480456,3.717829,3.698431,3.377996,4.051000,3.607056,3.919235,3.356411,3.678899,3.519749,0.014913,4.329674,3.752675,3.910214,4.016529,3.660858,3.173421,2.752028,4.526839,50.140195,250.057047
9.881233,48.229327,-0.365185,2.977766,3.531745,3.989394,3.708952,4.278054,3.580074,3.259522,3.445278,3.101055,2.578638,3.144453,3.479799,3.481771,3.719802,3.733281,3.383151,4.085472,3.628641,3.942108,3.414723,3.691141,3.584182,0.016201,4.337728,3.783925,3.944041,4.050678,3.722391,3.310664,2.890560,4.537793,48.248094,235.494711
6.055288,49.953313,-0.337568,3.023136,3.523525,3.980846,3.703034,4.275753,3.606704,3.286810,3.439689,3.114206,2.596720,3.130644,3.480128,3.476840,3.724404,3.735911,3.413434,4.082573,3.639917,3.962727,3.425354,3.702739,3.632185,0.016201,4.337728,3.799711,3.993333,4.061632,3.745265,3.344491,2.937596,4.541337,29.566691,243.912430
3.466498,51.703078,-0.400035,3.025766,3.538978,3.959475,3.691856,4.272794,3.575800,3.273988,3.450209,3.081000,2.550692,3.108616,3.460401,3.465004,3.712897,3.722432,3.416012,4.055833,3.635729,3.958861,3.421166,3.702739,3.659247,0.016846,4.331929,3.793912,4.003642,4.058088,3.740110,3.311952,2.869619,4.529739,0.000000,252.456652
3.677237,54.091872,-0.515763,2.968889,3.523197,3.940407,3.678048,4.266876,3.545882,3.198700,3.439689,3.061602,2.490198,3.136562,3.478813,3.443963,3.699747,3.708952,3.399903,4.041980,3.628641,3.964338,3.416334,3.698551,3.683731,0.079346,4.327096,3.784247,3.999132,4.058732,3.744621,3.297455,2.812596,4.524584,0.000000,264.120313
2.868376,54.649813,-0.413186,2.984670,3.524512,3.933174,3.669171,4.262931,3.560676,3.202316,3.416346,3.064561,2.519459,3.157932,3.489662,3.453826,3.702048,3.724404,3.430187,4.092560,3.661180,3.985601,3.419878,3.715948,3.795201,0.578057,4.326774,3.808732,4.036825,4.064209,3.772327,3.425032,2.933730,4.522329,0.000000,266.844859
4.354183,52.973851,-0.331979,2.982368,3.538320,3.922324,3.651088,4.258328,3.590595,3.216782,3.379524,3.093164,2.561213,3.163192,3.500511,3.454812,3.716843,3.729993,3.462404,4.127354,3.680188,3.999454,3.420200,3.732378,3.857057,0.989140,4.325163,3.822585,4.070975,4.054866,3.791657,3.484955,3.095457,4.520396,21.260594,258.661297
4.862339,50.721453,-0.257019,2.964615,3.543252,3.924955,3.633006,4.256027,3.613280,3.225988,3.351249,3.101712,2.579953,3.161220,3.514649,3.466319,3.719473,3.765172,3.472713,4.133475,3.675355,4.008474,3.414723,3.735278,3.878964,1.544230,4.320653,3.845136,4.076129,4.016529,3.793912,3.552932,3.134439,4.521363,23.742055,247.663395
5.627488,44.879451,-0.245183,2.999465,3.540950,3.918050,3.616896,4.246492,3.628074,3.245385,3.357825,3.097767,2.585213,3.156946,3.538320,3.463689,3.726706,3.786871,3.483989,4.130575,3.680510,4.007830,3.413434,3.738177,3.917302,2.005249,4.315498,3.855768,4.087083,3.990755,3.803577,3.628963,3.201772,4.519107,27.478137,219.138004
5.799385,41.314796,-0.249129,3.017218,3.524512,3.900954,3.586978,4.239259,3.619855,3.244399,3.362756,3.124726,2.598693,3.166480,3.559033,3.467963,3.729336,3.782268,3.493654,4.148939,3.680510,4.019428,3.402481,3.736567,3.966271,2.304218,4.311955,3.874453,4.092882,3.978835,3.807443,3.665690,3.268460,4.516530,28.317527,201.732555
6.040462,38.465177,-0.168250,3.032013,3.484402,3.906872,3.564293,4.227424,3.624129,3.224015,3.308838,3.111575,2.628940,3.169439,3.570868,3.461388,3.726048,3.777008,3.493331,4.168269,3.673100,4.019428,3.385406,3.733345,4.007186,2.493652,4.310344,3.880252,4.099325,3.978513,3.805188,3.679543,3.312274,4.513953,29.494262,187.818117
6.106020,37.788470,-0.117291,3.047794,3.479470,3.909502,3.554101,4.222163,3.622157,3.230919,3.264783,3.120781,2.695351,3.154316,3.575471,3.453497,3.731637,3.779309,3.506862,4.186310,3.674711,4.028449,3.389272,3.739788,4.020717,2.707892,4.307444,3.887340,4.111568,3.983023,3.809698,3.708538,3.362210,4.507832,29.814738,184.514133
6.452842,35.552111,-0.088688,3.074424,3.471908,3.899310,3.536019,4.214273,3.622485,3.244399,3.266755,3.127028,2.754201,3.145110,3.617225,3.450867,3.726377,3.783583,3.523293,4.175034,3.679865,4.053578,3.380573,3.742043,4.057121,2.947905,4.312277,3.893783,4.120266,4.013629,3.819685,3.798745,3.455316,4.505254,31.507906,173.594117
6.192218,34.019268,-0.013070,3.049766,3.462045,3.887803,3.484073,4.200464,3.613937,3.238152,3.196727,3.120452,2.784777,3.153329,3.609006,3.435744,3.730980,3.793117,3.542945,4.166014,3.677610,4.059054,3.364787,3.737855,4.082895,3.134439,4.310344,3.896039,4.127676,4.030382,3.817430,3.879286,3.487855,4.506865,30.235426,166.109551
4.693292,32.995213,0.014876,3.035958,3.455141,3.857228,3.446593,4.185670,3.584677,3.204618,3.149055,3.094808,2.761763,3.157275,3.569882,3.401223,3.733939,3.787200,3.534891,4.165369,3.663113,4.048745,3.339014,3.717237,4.080962,3.189529,4.297779,3.888951,4.112212,3.999454,3.805510,3.891206,3.464659,4.489790,22.916555,161.109422
3.981125,26.253849,-0.000576,3.041218,3.455799,3.850981,3.445935,4.185998,3.573170,3.198371,3.170754,3.090534,2.747626,3.197056,3.595197,3.395305,3.734267,3.786213,3.511051,4.135408,3.622198,4.015562,3.308408,3.698551,4.065498,3.271037,4.285537,3.881863,4.107379,3.985923,3.799711,3.901515,3.388950,4.455641,0.000000,128.192609
-0.061843,20.028027,0.022766,3.071465,3.446922,3.832241,3.491635,4.186327,3.557389,3.195741,3.176343,3.084287,2.741051,3.185220,3.588951,3.389716,3.745117,3.786213,3.468847,4.067753,3.570329,3.964338,3.243975,3.629608,4.025549,3.322584,4.289081,3.862856,4.090305,3.932121,3.733345,3.839015,3.361888,4.390885,0.000000,97.792977
-1.922491,3.249867,-0.123209,3.071465,3.428182,3.827310,3.535032,4.186327,3.548512,3.175357,3.324948,3.065547,2.693050,3.225330,3.653061,3.463360,3.767473,3.786542,3.451450,4.114145,3.537468,3.950485,3.254285,3.610600,4.012340,3.345780,4.298424,3.862211,4.096426,3.929866,3.719814,3.868332,3.320973,4.325163,0.000000,0.000000
-2.723490,-1.168717,-0.071263,3.125055,3.289769,3.602102,3.522868,4.161341,3.473223,3.107630,3.281550,3.077054,2.670693,3.202316,3.622814,3.543252,3.767802,3.821392,3.475935,4.130897,3.604156,4.034892,3.270071,3.652803,4.021361,3.668590,4.325486,3.842237,4.068719,3.919879,3.665046,3.886374,3.360921,4.078062,0.000000,0.000000
