-29.794458,-0.765960,0.052356,0.050383,1.311224,3.220399,1.230675,1.694572,0.052027,0.824971,1.773806,0.001396,0.000739,0.525130,1.310238,2.351786,2.329429,0.166330,0.001059,1.517491,1.325480,2.179218,0.282310,0.000093,0.723676,0.002348,0.000093,3.092880,2.470778,0.164719,0.492361,0.472709,0.001059
-29.912352,-0.897798,0.051370,0.052027,1.248429,3.255906,1.163277,1.840217,0.053013,0.951876,1.765915,0.000739,-0.000905,0.396909,1.214894,2.272223,2.304442,0.181150,0.001059,1.537787,1.378638,2.213046,0.315815,0.000737,0.656021,0.002670,0.000737,3.137661,2.477221,0.059693,0.486240,0.462722,0.001382
-30.448723,-0.935606,0.053013,0.053342,1.275388,3.265111,1.131386,1.882629,0.054000,0.991987,1.770189,0.000410,0.000739,0.353511,1.140920,2.225209,2.297867,0.221420,0.001382,1.543586,1.391846,2.217234,0.339977,0.000737,0.645067,0.002026,-0.000551,3.140882,2.497840,0.062915,0.414075,0.391201,0.001382
-31.058405,-0.868537,0.051041,0.051698,1.192537,3.274646,0.991658,1.749476,0.050712,0.918342,1.763942,0.001067,0.001067,0.173015,0.867711,2.189701,2.265319,0.230763,0.000737,1.534888,1.335145,2.204347,0.344165,0.001059,0.576124,0.001382,-0.000551,3.127029,2.486886,0.056794,0.062915,0.046807,-0.000551
-31.400135,-0.723548,0.049397,0.050054,1.156373,3.270372,0.952863,1.732380,0.050383,0.776312,1.749805,0.001067,-0.000576,0.137179,0.806231,2.150578,2.259730,0.118005,0.000737,1.558406,1.296163,2.213690,0.361884,0.001704,0.568070,0.001704,0.000415,3.143137,2.475610,0.055183,0.000737,-0.012471,-0.000551
-31.384393,-0.674232,0.049397,0.049068,1.112646,3.270701,0.922945,1.750792,0.049726,0.723709,1.736983,0.001067,0.001067,0.024410,0.788477,2.093043,2.242305,0.066781,0.000093,1.562272,1.271357,2.212724,0.378315,0.000737,0.560016,0.001704,0.000415,3.150225,2.478832,0.058727,-0.000229,-0.013760,0.000093
-32.348357,-0.531544,0.048082,0.047753,1.045248,3.272344,0.870341,1.749476,0.048082,0.578720,1.763614,0.001396,0.002711,0.000410,0.747052,2.045699,2.202523,0.106730,0.000093,1.573225,1.202735,2.203703,0.421807,0.001704,0.540686,0.001059,-0.000874,3.153769,2.462724,0.062593,0.000737,-0.014082,-0.000874
-33.457714,-0.503599,0.048411,0.049397,1.052481,3.265769,0.864423,1.759997,0.048411,0.552419,1.815231,0.001396,0.000739,0.002054,0.685242,2.002302,2.194633,0.173418,0.000737,1.616718,1.082246,2.286499,0.415686,0.001382,0.492039,0.002026,0.000415,3.165367,2.468845,0.064526,-0.000229,-0.013116,0.000093
-34.977695,-0.438502,0.046109,0.047096,0.982123,3.264783,0.807874,1.719887,0.046767,0.484034,1.806683,-0.000576,-0.001563,0.000739,0.639214,1.894465,2.169646,0.190492,0.000093,1.638303,0.923418,2.354476,0.457567,0.002026,0.493006,0.002026,-0.000229,3.173421,2.507827,0.064848,0.000737,-0.013116,-0.000874
-36.962014,-0.397405,0.046438,0.046109,0.971274,3.257550,0.772367,1.687010,0.046767,0.445568,1.830683,0.001067,0.000410,0.000739,0.591214,1.846793,2.155180,0.184049,0.000415,1.642491,0.770712,2.479799,0.454346,0.001059,0.478508,0.001704,0.000415,3.184052,2.552608,0.097709,-0.000551,-0.012471,-0.000229
-39.389545,-0.289568,0.044794,0.045123,0.892369,3.249659,0.685571,1.679448,0.044137,0.336415,1.803395,0.000410,0.000410,0.001725,0.562610,1.774792,2.166030,0.334822,0.000737,1.648934,0.701769,2.588691,0.483985,0.001704,0.585467,0.001382,-0.000229,3.224967,2.535855,0.112206,0.001059,-0.012794,-0.000229
-40.427430,-0.244855,0.042821,0.043150,0.865409,3.236508,0.587268,1.563721,0.043479,0.286442,1.785970,0.000410,0.000410,0.000410,0.499815,1.679777,2.154523,0.200480,0.000415,1.646035,0.590622,2.657312,0.430183,0.001059,0.472709,0.001704,0.000415,3.225290,2.543587,0.116717,0.000415,-0.012794,-0.000229
-42.522543,-0.203429,0.040849,0.042164,0.824971,3.221056,0.541569,1.469034,0.042164,0.246989,1.782354,0.000410,0.000081,-0.000576,0.382772,1.350677,2.147619,0.184371,0.000415,1.651512,0.527477,2.777157,0.469487,0.001059,0.443070,0.002348,0.000737,3.279736,2.644103,0.128315,0.000093,-0.013438,0.000093
-39.798317,-0.526284,0.042164,0.042493,0.802614,3.197056,0.518226,1.578187,0.044137,0.567871,1.834957,0.001067,0.000081,0.001067,0.260798,1.281306,2.109481,0.195325,0.000093,1.675674,0.013302,2.873485,0.532954,0.002670,0.463366,0.001382,0.185982,3.301965,2.692750,0.193714,0.000737,-0.012149,0.000093
-36.943489,-0.921798,0.048739,0.048739,1.131386,3.193439,0.565569,1.581145,0.050383,0.973904,2.100604,0.000410,0.000081,0.000410,0.198331,1.227058,2.099618,0.487851,0.002026,1.754282,0.570325,2.935985,0.834823,0.002348,0.642812,0.002026,0.310016,3.352867,2.736565,0.200157,0.047451,0.084822,-0.000229
-21.725654,-1.262407,0.053013,0.053013,1.595283,3.231248,0.514939,1.564707,0.053671,1.316156,2.143345,0.000410,0.000410,0.000081,0.008629,1.106728,2.071344,0.450802,0.001059,1.999772,0.772001,2.916011,0.832890,0.003315,1.362851,0.004925,0.321614,3.405702,2.824194,0.375093,0.465944,0.422451,0.001382
11.485055,-1.567180,0.059260,0.059918,1.757367,3.275303,0.662228,1.887232,0.060575,1.628160,2.450088,0.001396,0.001067,0.001067,0.055972,1.310895,2.082851,0.692748,0.002026,1.974965,1.610274,2.920199,1.049385,0.003637,2.413110,0.008147,0.297773,3.400870,2.759116,0.361240,0.001382,-0.011183,-0.000551
28.643850,-1.970915,0.065178,0.065178,1.743559,3.319359,0.878232,2.017096,0.065836,2.034521,2.712776,0.001067,0.001067,0.000739,0.155262,1.453253,2.119344,0.913109,0.003637,1.913432,2.302286,2.950160,1.592233,0.006536,2.863820,0.011369,0.000093,3.293589,2.770070,0.604152,0.002670,-0.011183,0.231730
32.106346,-1.990313,0.423211,0.069452,1.957589,3.332838,1.022234,2.172934,0.070110,2.059179,2.791681,0.148357,0.001067,0.001067,0.354826,1.759997,2.189044,0.965944,0.002992,1.861241,2.472067,2.962403,1.628638,0.007181,3.240431,0.012013,-0.000874,3.259117,2.619941,0.713689,0.002348,-0.010539,0.588689
32.109603,-2.018587,0.070767,0.071096,2.027946,3.348619,1.144866,2.294908,0.071096,2.089097,2.835408,0.219701,0.001067,0.000739,0.468253,1.818518,2.198907,0.934050,0.003637,1.757504,2.378639,2.798420,1.449514,0.005570,3.229156,0.011369,-0.001196,3.193395,2.519425,0.819359,0.003637,-0.009572,0.651833
34.034194,-2.036012,0.073397,0.072411,2.215345,3.366702,1.222456,2.344553,0.072411,2.109810,2.869271,0.293346,0.001067,0.000410,0.588255,1.910574,2.254469,0.906988,0.003315,1.690171,2.315494,2.794876,1.475609,0.006536,3.498164,0.012980,-0.000229,3.196939,2.562595,0.791330,0.002026,-0.010539,0.548096
35.084766,-2.133658,0.150659,0.075370,2.427732,3.394976,1.269799,2.397156,0.075370,2.209428,2.886039,0.391649,0.001067,0.000739,0.793408,2.007562,2.235729,0.976898,0.003959,1.611885,2.536178,2.891204,1.558406,0.007181,3.529736,0.013624,0.000093,3.215625,2.558085,0.880570,0.003637,-0.009572,0.925995
36.092456,-2.207633,0.281839,0.079644,2.461266,3.423250,1.425637,2.439239,0.078000,2.285702,2.915299,0.588583,0.000739,0.000739,1.001521,2.134797,2.281757,1.180828,0.004925,1.600287,2.617041,3.005251,1.723032,0.007825,3.618010,0.013302,-0.000874,3.247197,2.697260,0.886047,0.003959,-0.009250,0.981086
36.398072,-2.338156,0.466609,0.081617,2.613487,3.459086,1.585748,2.489869,0.082603,2.423129,2.956724,0.653023,-0.000248,0.225290,1.135002,2.174907,2.310032,1.246550,0.005248,1.679218,2.571616,3.034568,1.746872,0.007503,3.662791,0.013946,0.000415,3.277480,2.727544,0.868006,0.002348,-0.009572,1.047774
37.226981,-2.386157,0.628365,0.084247,2.769654,3.468621,1.770847,2.550363,0.086877,2.471787,2.990588,0.721407,0.000081,0.378169,1.405910,2.409978,2.334689,1.291975,0.005892,1.681795,2.606088,2.993330,1.744617,0.007503,3.652159,0.013946,0.000415,3.267816,2.720778,0.940815,0.003315,-0.009572,0.916008
36.938682,-2.409500,0.731599,0.087535,2.874860,3.511690,1.878355,2.613487,0.089178,2.491513,3.026753,0.743764,0.001396,0.439978,1.515062,2.496116,2.356717,1.336434,0.004603,1.751383,2.592879,3.005251,1.803574,0.007825,3.679865,0.014268,-0.000551,3.274259,2.756861,0.936949,0.003959,-0.009250,0.721098
37.378354,-2.454542,0.778942,0.088850,2.945217,3.527799,1.989151,2.659844,0.090822,2.543788,3.040232,0.770723,0.000410,0.610611,1.609749,2.558911,2.417540,1.387658,0.006536,1.769746,2.606088,3.031668,1.852865,0.007181,3.680832,0.014590,-0.000229,3.310341,2.816139,0.948869,0.002992,-0.009250,0.733985
37.630128,-2.535750,0.887766,0.092137,2.976122,3.568896,2.111125,2.790037,0.093124,2.628282,3.034643,0.788806,0.000410,0.854889,1.712983,2.671680,2.460609,1.425352,0.004925,1.778122,2.592557,3.066140,1.882182,0.008147,3.685664,0.013946,-0.000229,3.361566,2.849645,0.932761,0.003637,-0.009572,0.804861
37.939530,-2.523914,0.885465,0.092466,2.973820,3.578430,2.063453,2.725927,0.092137,2.616117,3.061931,0.744421,0.001067,0.738175,1.655119,2.646036,2.431019,1.405377,0.004603,1.768780,2.555185,2.954026,1.810983,0.007825,3.615110,0.014590,-0.000551,3.339014,2.829670,0.944681,0.003637,-0.009250,0.736885
37.492802,-2.574216,0.919657,0.094439,3.049438,3.601773,2.158139,2.798585,0.094439,2.668063,3.069822,0.796039,0.001067,0.839108,1.772162,2.726913,2.491184,1.456602,0.006214,1.762014,2.557118,3.005895,1.884115,0.007825,3.642172,0.013946,0.000093,3.394427,2.886694,0.946936,0.003315,-0.010216,0.787464
37.181624,-2.648848,0.961411,0.095754,3.065547,3.608677,2.283072,2.886696,0.096083,2.743681,3.074753,0.831546,0.000410,0.904862,1.862245,2.768667,2.548062,1.526834,0.006214,1.791653,2.598033,3.015238,1.887659,0.008791,3.636695,0.013624,-0.000551,3.423099,2.940817,0.959178,0.003959,-0.009572,0.832568
37.431521,-2.671205,0.941027,0.096740,3.060616,3.621170,2.399457,2.937327,0.097069,2.768667,3.092507,0.855546,-0.000576,1.111331,1.968767,2.809435,2.606583,1.476576,0.006536,1.757826,2.576770,2.944361,1.805829,0.008147,3.589015,0.013946,0.000415,3.396360,2.895714,0.979797,0.003315,-0.009894,0.845776
37.875183,-2.682712,0.944315,0.096411,3.103685,3.628403,2.475732,2.940943,0.100028,2.783133,3.112562,0.920643,0.000081,1.296758,2.105536,2.854805,2.657214,1.540687,0.006536,1.823226,2.627673,2.958859,1.857697,0.007503,3.574839,0.013302,0.000093,3.423422,2.967879,0.919874,0.003637,-0.009894,0.875738
37.276223,-2.685014,1.069906,0.339374,3.154973,3.675746,2.571405,3.075411,0.102658,2.789709,3.136233,1.192866,0.001725,1.492048,2.210414,2.937656,2.735461,1.524901,0.005570,1.840945,2.656667,3.018782,1.868973,0.008791,3.598035,0.012980,-0.000551,3.470780,3.091591,0.907310,0.003959,-0.009894,0.855763
35.485875,-2.834935,1.186291,0.127316,3.202645,3.686267,2.604611,3.099411,0.101343,2.937656,3.114863,1.243168,0.206221,1.527227,2.332059,2.975135,2.770640,1.558406,0.006214,1.909244,2.645070,3.014916,1.887981,0.007825,3.628963,0.014268,0.000415,3.480767,3.133472,0.896034,0.003315,-0.009250,0.823547
35.436042,-2.323032,1.098180,0.140796,3.518923,3.693829,2.658858,3.116507,0.212468,2.885052,3.114534,1.426294,0.472527,1.570296,2.437924,3.065547,2.794969,1.647968,0.006536,1.942749,2.642492,3.047776,1.865429,0.008469,3.646682,0.014590,-0.000229,3.465625,3.138305,0.988495,0.003959,-0.009894,0.912465
35.222094,-2.355581,1.037028,0.138166,3.530758,3.729665,2.704886,3.144781,0.243701,2.919902,3.126699,1.535117,0.632968,1.669914,2.576007,3.168124,2.921546,1.686628,0.006858,1.956602,2.628639,2.966913,1.791976,0.007181,3.630896,0.013302,-0.000229,3.480767,3.118653,0.921807,0.004281,-0.008606,0.837078
36.615321,-2.269771,1.504542,0.709572,3.516950,3.700075,2.710146,3.166809,0.309127,2.943245,3.133274,1.542350,0.693462,1.739285,2.621707,3.213823,3.000780,1.641847,0.007825,1.885081,2.598678,2.918588,1.703702,0.007181,3.628641,0.014268,0.000093,3.453383,3.086758,1.043264,0.004281,-0.008606,0.706279
35.946708,-2.410815,1.584762,0.856204,3.570540,3.705993,2.761763,3.208234,0.519870,3.140507,3.130644,1.672544,0.822998,1.852382,2.708831,3.250974,3.022478,1.670519,0.006214,1.927607,2.587080,2.917299,1.770391,0.007503,3.722391,0.013946,-0.000229,3.469813,3.168266,1.000093,0.003637,-0.008606,0.413753
34.461394,-2.412459,1.648215,0.893684,3.591252,3.706322,2.786421,3.216125,0.566227,3.133603,3.134589,1.738956,0.839108,1.882629,2.746640,3.252618,3.027739,1.728831,0.007181,1.940816,2.582247,2.891526,1.748483,0.008147,3.716914,0.014913,0.000415,3.466270,3.155380,1.016202,0.004281,-0.008928,0.426962
33.106708,-2.576189,1.824436,0.861135,3.636294,3.740843,2.839353,3.252947,0.593844,3.311468,3.110260,1.779723,0.875273,1.975671,2.772941,3.296673,3.060287,1.823870,0.007825,2.036177,2.612531,2.906024,1.754927,0.007181,3.698873,0.013946,0.001059,3.495587,3.173099,1.091588,0.004281,-0.007961,0.321614
33.820323,-2.571586,1.912547,0.858176,3.704678,3.750377,2.907737,3.271358,0.690174,3.339414,3.104342,1.964822,0.913081,2.043069,2.804503,3.327249,3.085603,1.883471,0.007825,2.054862,2.618974,2.971745,1.886692,0.008147,3.741721,0.014268,-0.000229,3.507507,3.213047,1.063560,0.004281,-0.007639,0.237206
33.242118,-2.580463,1.933260,0.950561,3.709938,3.753336,2.897874,3.314098,0.694777,3.333825,3.086918,2.007562,0.922287,2.081207,2.829819,3.340729,3.086918,1.842878,0.008147,2.007182,2.577415,2.917944,1.833857,0.007181,3.730768,0.014913,0.404088,3.474646,3.121552,0.988173,0.003959,-0.008606,0.000415
33.105069,-2.346047,1.656105,1.092591,3.731309,3.722432,2.932066,3.345660,0.973575,3.316071,3.069822,2.081536,0.941356,2.124605,2.850202,3.391359,3.057657,1.946937,0.007825,2.068393,2.634760,2.981088,1.984953,0.008147,3.760407,0.014268,0.491395,3.489465,3.209181,0.992361,0.004281,-0.006995,0.159242
34.067408,-2.293443,1.753751,1.250730,3.694486,3.752679,2.971190,3.312454,0.955164,3.308509,3.069822,2.087782,0.984425,2.089097,2.904121,3.410428,3.094151,1.953380,0.008469,2.075803,2.661500,2.980444,1.992362,0.008469,3.774260,0.015235,0.579668,3.494298,3.249452,0.784243,0.329668,0.333534,0.001059
33.625990,-2.263524,1.722188,1.284922,3.730651,3.755638,3.011958,3.302263,1.009083,3.330208,3.092507,2.181482,1.024535,2.165043,2.951793,3.439360,3.105329,1.894102,0.008147,2.099643,2.648936,2.981088,2.019424,0.008147,3.783281,0.015235,0.679539,3.483344,3.269749,0.736885,0.559694,0.548096,0.002026
33.069964,-2.225715,1.976329,1.467062,3.717829,3.755638,3.040561,3.319030,1.068262,3.337770,3.113548,2.280771,1.046234,2.288333,2.981711,3.445607,3.143795,1.861563,0.007503,2.137981,2.683085,2.969812,2.034566,0.008469,3.781670,0.014590,0.738173,3.485599,3.274903,0.616395,0.683727,0.665364,0.001704
33.792989,-2.180015,2.046686,1.552214,3.714541,3.742815,3.074424,3.274317,1.092920,3.361441,3.126699,2.394526,1.284594,2.334032,3.025437,3.480785,3.144124,1.865751,0.007825,2.144424,2.654090,2.951449,2.051963,0.008791,3.785214,0.014268,0.854475,3.462726,3.272326,0.610918,0.695003,0.674062,0.002992
34.225995,-2.168180,2.155509,1.710681,3.715528,3.747090,3.091849,3.308180,1.116920,3.380181,3.152014,2.439567,1.359553,2.350799,3.064561,3.515964,3.175357,1.899257,0.007503,2.181796,2.643781,2.953382,2.075481,0.009114,3.783603,0.014913,0.990751,3.462404,3.272648,0.620905,0.656665,0.630248,0.002348
34.661459,-2.098151,2.253812,1.861588,3.815803,3.750377,3.123082,3.354866,1.140592,3.406154,3.148069,2.484280,1.408869,2.400444,3.117165,3.519909,3.200015,1.978831,0.009758,2.217556,2.655057,3.002673,2.098677,0.008791,3.781025,0.014590,1.086434,3.496875,3.285212,0.611562,0.683727,0.662142,0.001704
34.871688,-2.110315,2.385978,2.075618,3.830597,3.760240,3.168782,3.375907,1.172482,3.440675,3.123411,2.537541,1.504870,2.476061,3.141494,3.580403,3.252947,1.957246,0.445325,2.242041,2.691461,2.981410,2.105442,0.009758,3.753641,0.014913,1.072581,3.521038,3.298099,0.623482,0.740106,0.735918,0.003315
35.049150,-2.125768,2.415238,2.193975,3.837501,3.739199,3.161220,3.369661,1.151770,3.454155,3.171412,2.575021,1.621256,2.602967,3.165494,3.616567,3.290098,2.005893,1.073547,2.188239,2.742363,2.988820,2.095777,0.008791,3.757829,0.014590,1.100609,3.592881,3.291656,0.596098,0.951124,0.931472,0.002992
35.272819,-2.118206,2.401430,2.234743,3.834543,3.745446,3.156946,3.361113,1.162290,3.440675,3.238481,2.571405,1.713640,2.636501,3.173384,3.617554,3.330537,2.000417,1.218521,1.948226,2.711758,2.886694,2.053896,0.419230,3.708538,0.013624,1.151833,3.580316,3.218524,0.576124,1.313560,1.281988,0.004281
36.972916,-2.197441,2.376115,2.237702,3.823364,3.758925,3.162535,3.383140,1.090289,3.454155,3.253933,2.570090,1.727778,2.649323,3.163192,3.632020,3.342701,1.933406,1.250738,1.849965,2.685662,2.821616,1.997195,0.991395,3.648937,0.014590,1.130893,3.562597,3.198550,0.574835,1.358985,1.333534,0.004281
33.438161,-2.052780,2.355731,2.380717,3.850324,3.750377,3.174042,3.446922,1.167880,3.528457,3.341058,2.655899,1.807340,2.709488,3.183905,3.712569,3.412401,2.000094,1.411498,1.965623,2.754284,2.887660,2.157633,1.474321,3.669878,0.013946,1.257503,3.599968,3.252029,0.539719,1.540042,1.530055,0.005570
33.749582,-1.874913,2.402087,2.568117,3.775035,3.682650,3.172069,3.415031,1.294128,3.566266,3.368345,2.661817,1.910246,2.742694,3.177658,3.725062,3.387414,2.012015,2.128961,2.118329,2.816784,2.988498,2.181796,1.805507,3.707572,0.240750,1.576125,3.618332,3.286823,0.488495,2.071293,2.053574,0.007181
34.061770,-1.790418,2.481321,2.680885,3.790487,3.669828,3.179631,3.422921,1.313525,3.699089,3.378866,2.699625,2.000000,2.764064,3.197713,3.743802,3.427524,2.106409,2.354798,2.243651,2.865431,3.064529,2.348033,2.048419,3.730123,0.538753,1.853187,3.634118,3.359955,0.454346,2.432440,2.400868,0.009114
34.999061,-1.719074,2.472773,2.822586,3.823364,3.674102,3.214809,3.450209,1.513090,3.721117,3.393990,2.799243,2.002630,2.801544,3.205275,3.752350,3.445935,2.203381,2.425031,2.313561,3.018459,3.088047,2.417943,2.344811,3.747842,0.612529,1.907633,3.656347,3.380251,0.472065,2.733665,2.685018,0.009758
34.338601,-1.643456,2.645378,2.990588,3.851310,3.691527,3.243413,3.461059,1.978630,3.779309,3.451196,2.879792,2.149262,2.862696,3.218426,3.760240,3.496237,2.337402,2.564528,2.424708,3.170199,3.172777,2.675997,2.501384,3.778448,0.667619,1.968522,3.693074,3.488177,0.587400,2.904091,2.850933,0.009436
34.364954,-1.590523,2.766037,3.036287,3.900297,3.682979,3.259194,3.490977,2.156824,3.814488,3.474538,2.954423,2.315949,2.895244,3.240454,3.777008,3.528786,2.415366,2.812273,2.468523,3.252352,3.258795,2.774258,2.624129,3.789724,0.757825,2.092234,3.726902,3.579672,0.855119,3.001062,2.951127,0.358341
35.095030,-1.436986,2.904121,3.096123,3.905886,3.684623,3.284509,3.522539,2.356388,3.844734,3.540950,3.064890,2.501705,2.948176,3.254262,3.797063,3.551800,2.419554,2.925354,2.493330,3.313885,3.283602,2.826127,2.779735,3.828384,0.907310,2.252028,3.754930,3.623486,1.024578,3.052931,3.000418,0.611562
34.750010,-1.386684,3.027410,3.179631,3.916406,3.671143,3.302591,3.556074,2.598035,3.897995,3.598485,3.140836,2.637159,3.000122,3.294701,3.816789,3.576129,2.469489,3.059052,2.600611,3.389594,3.358988,3.026191,3.291011,3.933732,1.132181,2.389914,3.794556,3.704028,1.783921,3.177931,3.121230,0.855763
34.721530,-1.292983,3.125713,3.200672,3.905557,3.649773,3.315413,3.564622,2.656228,3.895365,3.654047,3.213166,2.783133,3.030698,3.326920,3.812186,3.573170,2.456925,3.192429,2.676642,3.398937,3.361888,3.053898,3.469491,3.955317,1.193715,2.447260,3.820974,3.714337,2.016847,3.246230,3.187274,1.162787
34.742851,-1.211119,3.199686,3.271029,3.924626,3.637280,3.333496,3.604074,2.821599,3.916735,3.727692,3.302591,2.875518,3.116507,3.344345,3.821063,3.589608,2.529734,3.308731,2.776513,3.471424,3.393782,3.134117,3.587726,4.022328,1.295519,2.476899,3.866722,3.763951,2.237852,3.312597,3.270393,1.570970
34.689431,-1.119720,3.279249,3.302920,3.943694,3.614266,3.394647,3.620842,2.915299,3.923639,3.795090,3.389716,2.925491,3.186864,3.371962,3.843419,3.601773,2.658278,3.434053,2.796165,3.571296,3.444040,3.213692,3.822585,4.088694,1.547452,2.567750,3.911180,3.821618,2.396680,3.430831,3.374452,2.327092
35.520993,-1.021416,3.342044,3.372948,3.956516,3.599471,3.468621,3.697116,3.016232,3.950927,3.848680,3.463032,3.003081,3.309496,3.425223,3.881228,3.627417,2.704026,3.539079,2.855766,3.675677,3.480123,3.300032,3.956606,4.162470,1.911821,2.640881,3.935987,3.867688,2.592557,3.565819,3.508795,2.619941
35.191373,-0.902729,3.389716,3.437716,3.976900,3.584348,3.506100,3.770761,3.066534,3.985448,3.903584,3.512347,3.056999,3.475196,3.469607,3.909831,3.653719,2.776835,3.606412,2.882828,3.737533,3.538112,3.387661,4.037792,4.207573,2.048741,2.824516,3.968526,3.901515,2.894426,3.642816,3.580961,2.733987
37.047414,-0.855057,3.445278,3.493607,3.957832,3.601115,3.544895,3.828296,3.153001,4.029832,3.920023,3.568896,3.113219,3.589937,3.512018,3.942051,3.693171,2.785856,3.669878,2.915366,3.790690,3.552288,3.440174,4.127031,4.237534,2.164399,2.870585,4.015240,3.924067,3.133795,3.668267,3.605123,2.880573
40.222658,-0.808371,3.451196,3.535032,3.978873,3.601773,3.569224,3.856241,3.213823,4.046271,3.944681,3.618540,3.185549,3.645499,3.525827,3.967695,3.750048,2.835147,3.768461,2.983021,3.839015,3.611566,3.543589,4.199841,4.274583,2.280056,2.953382,4.058410,3.976258,3.201127,3.833216,3.767494,3.289401
43.324476,-0.772535,3.478155,3.574156,4.056792,3.561992,3.590595,3.898653,3.271687,4.041668,3.915420,3.689555,3.243084,3.688240,3.546211,3.978215,3.767802,2.881539,3.810665,3.074838,3.864144,3.636695,3.614144,4.269429,4.298424,2.329992,2.952415,4.083217,3.994943,3.302932,3.899260,3.837404,3.463048
45.705429,-0.713356,3.506100,3.639253,4.074874,3.571855,3.633335,3.969996,3.362756,4.053833,3.971311,3.761884,3.339742,3.749062,3.600786,4.013394,3.792131,2.994619,3.892495,3.204349,3.898294,3.705316,3.707249,4.356414,4.350615,2.514915,3.003318,4.132186,4.041980,3.439208,3.993977,3.931799,3.761695
45.604845,-0.630176,3.528457,3.680678,4.105121,3.605061,3.656349,4.027531,3.394318,4.045285,3.998599,3.789830,3.407798,3.776679,3.641225,4.025230,3.821063,3.122519,3.959827,3.271359,3.967559,3.768783,3.780059,4.417303,4.379610,2.717557,3.135728,4.190820,4.103513,3.579994,4.080317,4.013951,3.895072
43.462317,-0.524969,3.537991,3.720130,4.080463,3.571526,3.679691,4.076847,3.436401,4.043970,4.012079,3.790487,3.468292,3.811857,3.686924,4.031476,3.859200,3.116076,4.028449,3.287468,4.025549,3.827095,3.840948,4.466594,4.401839,2.830315,3.194040,4.214983,4.149583,3.717881,4.114145,4.043268,4.041658
25.622798,-0.410556,3.615581,3.805939,4.124847,3.619198,3.721445,4.097888,3.502813,4.042654,4.043641,3.842433,3.626431,3.932516,3.747747,4.067970,3.931859,3.222390,4.117366,3.339658,4.112856,3.920523,3.986245,4.495267,4.433411,3.081282,3.294555,4.299712,4.237534,3.887340,4.168591,4.099325,4.176001
-3.394181,-0.275759,3.690212,3.805939,4.088025,3.723418,3.799364,4.116957,3.591252,3.985448,4.066983,3.850652,3.747747,3.981174,3.767473,4.117614,4.010435,3.297133,4.139274,3.440174,4.142495,4.026516,4.023294,4.467561,4.400228,3.127996,3.386372,4.308089,4.272328,4.016851,4.185666,4.109957,4.177934
-17.181974,-0.183374,3.670815,3.689555,3.954215,3.850652,3.815474,4.125176,3.562978,3.851639,4.026545,3.788843,3.708295,3.900954,3.681993,4.121888,4.081449,3.221424,4.108346,3.363499,4.116078,4.001065,3.974325,4.302934,4.308411,2.976900,3.340947,4.280705,4.235601,3.981735,4.111245,4.027482,4.039402
-25.596990,-0.191593,3.595855,3.642540,3.953558,3.942708,3.824022,4.091641,3.457771,3.800679,3.943037,3.753007,3.653390,3.836515,3.605389,4.124847,4.114655,3.010727,4.026194,3.269104,4.080317,4.003320,3.845459,4.083217,4.206606,2.723678,3.287790,4.215305,4.132508,3.760729,4.000420,3.930510,3.962727
-26.456529,-0.202443,3.506429,3.626102,3.949284,3.960791,3.807583,4.055148,3.357167,3.723747,3.902269,3.699089,3.610978,3.743473,3.530430,4.129779,4.110052,2.954348,3.944041,3.277803,4.030060,3.985923,3.753319,3.982057,4.113501,2.485920,3.140560,4.148294,3.923745,3.527159,3.908603,3.833861,3.887662
-25.390627,-0.219539,3.493607,3.585334,3.928900,3.926927,3.766158,4.016682,3.307852,3.687911,3.885831,3.637280,3.563964,3.724733,3.478813,4.122546,4.093614,2.887982,3.895394,3.248486,3.994621,3.933410,3.715304,3.935021,4.072908,2.400868,3.079671,4.109635,3.847392,3.471424,3.874453,3.801644,3.832250
-25.264287,-0.248471,3.470264,3.576457,3.905228,3.908845,3.751692,3.990709,3.290756,3.667527,3.881557,3.607691,3.550156,3.694486,3.453826,4.109066,4.061394,2.844812,3.854801,3.237210,3.974325,3.914402,3.675999,3.884441,4.031026,2.347711,3.060341,4.081606,3.814531,3.454994,3.836760,3.765561,3.803577
-26.717968,-0.301403,3.425880,3.528128,3.870050,3.887475,3.703692,3.944681,3.272673,3.639253,3.854598,3.568238,3.498539,3.668185,3.412730,4.086052,4.031147,2.773936,3.821618,3.208859,3.950162,3.887984,3.650548,3.852224,3.999454,2.259438,3.025225,4.052289,3.785214,3.424066,3.809376,3.739788,3.776193
-27.151727,-0.333952,3.358811,3.467634,3.817775,3.881886,3.699747,3.882543,3.189494,3.590266,3.835858,3.541608,3.426867,3.639910,3.374921,4.055805,3.986106,2.699193,3.777804,3.171166,3.896683,3.853191,3.573551,3.780703,3.921168,2.131538,2.920843,4.020395,3.720136,3.353834,3.751708,3.681476,3.691786
-27.269931,-0.365185,3.305879,3.417004,3.794433,3.869063,3.638924,3.847693,3.095466,3.542923,3.784569,3.499854,3.347962,3.611965,3.349934,4.023257,3.926270,2.583536,3.730123,3.114787,3.867044,3.813564,3.496553,3.703061,3.868332,2.012981,2.847712,3.974325,3.710471,3.290689,3.710471,3.638950,3.607378
-27.373389,-0.412200,3.271687,3.359140,3.732295,3.862159,3.615252,3.812844,3.035301,3.497881,3.703363,3.448566,3.297989,3.586321,3.361113,3.990709,3.874981,2.530701,3.635407,3.088047,3.831928,3.793912,3.401514,3.615754,3.830317,1.989785,2.788111,3.922456,3.647327,3.233666,3.639917,3.570651,3.516527
-27.345047,-0.435214,3.202645,3.334153,3.667527,3.845063,3.586978,3.758596,2.951464,3.451853,3.679363,3.406483,3.267413,3.537662,3.326592,3.971640,3.826652,2.480443,3.575162,3.074516,3.785214,3.761695,3.338370,3.540045,3.772327,1.893458,2.733987,3.888629,3.613821,3.148936,3.582571,3.511051,3.383151
-27.744355,-0.440803,3.136891,3.279906,3.567252,3.831584,3.575800,3.709938,2.802202,3.394976,3.617554,3.341386,3.198371,3.476840,3.287468,3.938105,3.773062,2.464335,3.517816,3.011372,3.735600,3.709505,3.245586,3.429865,3.716592,1.749450,2.624773,3.839337,3.586115,3.044877,3.502030,3.432120,3.219169
-27.271409,-0.459872,2.994533,3.235193,3.502484,3.785227,3.499854,3.669171,2.735461,3.345660,3.580403,3.259194,3.121110,3.380510,3.258865,3.911146,3.706322,2.463368,3.430509,2.976900,3.683409,3.672778,3.172132,3.363177,3.640561,1.549385,2.581603,3.803899,3.552932,2.933730,3.424710,3.357700,3.065818
-27.421986,-0.568696,2.862367,3.156946,3.469607,3.763528,3.449881,3.599471,2.619405,3.243413,3.516621,3.221056,3.062260,3.282208,3.201987,3.873337,3.674760,2.406989,3.357378,2.970779,3.616399,3.639917,3.084181,3.246230,3.575806,1.439205,2.531345,3.739466,3.501708,2.787467,3.374130,3.309053,2.957892
-27.780590,-0.638396,2.713105,3.114863,3.395633,3.729993,3.384126,3.538649,2.438910,3.204946,3.427195,3.145439,3.102699,3.249330,3.158261,3.829282,3.638266,2.330314,3.242042,2.946294,3.511373,3.581283,2.968846,3.089980,3.500097,1.159887,2.437273,3.676322,3.416978,2.666332,3.329349,3.265560,2.730766
-28.536775,-0.677520,2.596062,3.055684,3.349277,3.672787,3.343688,3.481771,2.321210,3.168782,3.355523,3.086918,3.098096,3.197056,3.133603,3.786213,3.607691,2.259438,3.113176,2.958859,3.427932,3.559375,2.822583,2.943717,3.449517,0.826769,2.430507,3.644749,3.318073,2.511049,3.266205,3.201449,2.562273
-28.984158,-0.661410,2.519130,2.988615,3.260509,3.641225,3.313112,3.361770,2.211400,3.098425,3.305879,3.010972,3.074753,3.149055,3.104014,3.759912,3.565608,2.238819,2.978833,2.948549,3.357700,3.544234,2.762338,2.818717,3.435019,0.749127,2.394103,3.618654,3.282313,2.399257,3.216913,3.152802,2.492041
-29.328476,-0.739986,2.441211,2.924176,3.165494,3.608348,3.294372,3.324948,1.777093,3.031684,3.284838,2.986642,3.034314,3.055027,3.074753,3.728021,3.559690,2.215623,2.824194,2.956281,3.308408,3.517172,2.701126,2.743974,3.369942,0.653122,2.276190,3.586437,3.269426,2.252028,3.144748,3.080315,2.318072
-29.999427,-0.853742,2.372827,2.863682,3.107959,3.572183,3.241440,3.256235,1.385198,2.935354,3.225001,2.940286,2.984012,2.978752,3.038917,3.692842,3.567581,2.151190,2.759116,2.949838,3.225934,3.522004,2.602544,2.657634,3.242042,0.455312,2.161821,3.548100,3.242687,2.060339,3.076449,3.013305,2.127672
-29.883882,-0.920483,2.378416,2.816010,3.144124,3.565279,3.218426,3.219741,1.303662,2.899189,3.183905,2.929436,2.941930,2.937984,3.017876,3.662595,3.558704,2.115107,2.608665,2.924387,3.181153,3.539079,2.669232,2.555830,3.172132,0.268456,2.171809,3.531347,3.209181,1.966589,3.044233,2.982377,2.060017
-29.372115,-1.005635,2.341922,2.743352,3.104671,3.544238,3.201001,3.179302,1.325032,2.856449,3.114206,2.879463,2.877490,2.901820,2.960012,3.639581,3.526484,2.124772,2.485920,2.901191,3.154413,3.580961,2.717879,2.437273,3.078382,0.013946,2.113497,3.518138,3.186630,1.810017,2.994941,2.933408,2.062272
-28.975409,-1.025690,2.284387,2.662803,3.079685,3.524183,3.188179,3.183247,1.262566,2.767023,3.069164,2.816997,2.816997,2.869271,2.924176,3.612293,3.508073,2.050352,2.389914,2.891204,3.110599,3.564208,2.684696,2.353188,3.017171,0.011369,1.974643,3.512339,3.185985,1.562594,2.905057,2.835469,1.930829
-29.528274,-1.072376,2.258086,2.622693,3.089219,3.523854,3.159905,3.178316,1.226730,2.766037,3.076726,2.767681,2.774914,2.843298,2.906751,3.590923,3.459744,1.954991,2.243329,2.877995,3.067751,3.602868,2.691784,2.130894,2.949516,0.011369,1.795197,3.497520,3.165689,1.422452,2.730766,2.672131,1.770068
-29.210550,-1.084212,2.231784,2.590145,3.064561,3.544238,3.147083,3.137877,1.210291,2.734146,3.068178,2.728228,2.710475,2.840011,2.903792,3.590923,3.451196,2.023935,2.158278,2.861243,3.038111,3.633151,2.685662,2.105765,2.917944,0.011369,1.707568,3.497520,3.143782,1.320970,2.613175,2.556796,1.748161
-28.700397,-1.079938,2.213373,2.461266,3.002752,3.580074,3.109932,3.090205,1.208976,2.719023,3.002423,2.666091,2.597378,2.834093,2.904450,3.583362,3.452182,1.999128,1.942427,2.825482,2.950160,3.608022,2.567750,2.012015,2.837402,0.011047,1.514913,3.489143,3.105122,1.164076,2.560984,2.502350,1.606731
-28.886159,-1.105254,2.160112,2.349813,2.950149,3.583033,3.032013,3.115849,1.130400,2.643077,2.986642,2.545760,2.451403,2.794640,2.885381,3.557060,3.446922,1.877349,1.757826,2.791010,2.908923,3.626708,2.542621,1.845133,2.728833,0.009758,1.424063,3.474646,3.101578,1.052284,2.488819,2.431796,1.469488
-27.616901,-1.134514,2.051289,2.163071,2.858751,3.566594,2.928121,3.002752,1.082399,2.536226,2.919244,2.406362,2.356060,2.747626,2.856449,3.500840,3.374592,1.800996,1.512014,2.720778,2.685662,3.571940,2.370262,1.672130,2.705637,0.010402,1.317426,3.455960,3.042944,0.914720,2.248806,2.177285,1.097065
-26.533020,-0.997416,1.695887,1.867834,2.560226,3.393990,2.637488,2.861381,0.847656,2.184112,2.855792,2.059179,2.073316,2.623350,2.825216,3.377880,3.266098,1.416331,1.220132,2.196937,2.219167,2.894748,1.108663,1.449192,2.566783,0.009436,0.843199,3.350612,2.797776,0.363173,1.413431,1.327413,0.117683
-27.120549,-1.158844,1.517693,1.615666,2.410307,3.350263,2.500719,2.759462,0.109234,2.027288,2.738092,1.850409,2.022685,2.501376,2.791024,3.352893,3.223686,1.248805,1.168586,1.984308,2.000739,2.688884,0.927606,1.219166,2.420842,0.009436,0.773289,3.315818,2.691139,0.371227,1.120261,1.066459,0.004281
-28.220772,-0.998073,1.383883,1.482843,2.272880,3.256892,2.401430,2.675954,0.096083,1.844491,2.631570,1.680106,1.774792,2.416225,2.709488,3.248673,3.176672,1.142813,1.137658,1.735274,1.906666,2.549709,0.851897,1.123483,2.326770,0.008469,0.762658,3.280380,2.611242,0.376704,0.856086,0.825802,0.003315
-28.596353,-0.910620,1.286237,1.364814,2.159126,3.221385,2.290305,2.507623,0.090822,1.661037,2.574035,1.573584,1.627831,2.177866,2.656228,3.215467,3.106644,1.067104,1.040364,1.739785,1.816138,2.560018,0.793263,0.881214,2.194360,0.008147,0.711756,3.271037,2.581925,0.416008,0.821292,0.794874,0.002670
-29.260580,-0.911606,1.193853,1.260593,2.055563,3.237823,2.211729,2.266634,0.085233,1.587721,2.544774,1.418732,1.416760,2.086467,2.563843,3.208563,3.026095,1.074836,0.990428,1.837723,1.759759,2.672454,0.772967,0.783921,2.081280,0.007181,0.698869,3.248163,2.599644,0.423740,0.817748,0.791975,0.002026
-29.558422,-0.903715,1.048864,1.039330,2.023014,3.264125,2.058522,2.192660,0.081945,1.508487,2.488226,1.326348,1.337855,2.146303,2.404718,3.188179,2.944889,1.105764,0.915042,1.961112,1.723354,2.933408,0.967555,0.616717,1.983664,0.007181,0.711111,3.246875,2.606088,0.383147,0.810016,0.783598,0.002670
-29.591769,-0.833029,0.959438,0.855546,1.940821,3.266098,1.986192,2.134139,0.078000,1.359882,2.458307,1.206017,1.116591,2.061481,2.291949,3.112233,2.906422,1.066459,0.883470,1.980442,1.661176,2.988820,1.012336,0.468199,1.891203,0.006858,0.704668,3.210148,2.570327,0.371871,0.795841,0.767812,0.002670
-29.950125,-0.867222,0.693462,0.755271,1.880656,3.142480,1.984877,2.142358,0.074055,1.288539,2.394855,1.079111,1.023549,1.920109,2.205811,2.998478,2.824887,1.008148,0.821936,1.898612,1.457568,2.762338,0.752348,0.299706,1.801963,0.007503,0.573225,3.111565,2.542621,0.362529,0.636691,0.575480,0.002670
-30.379613,-0.949744,0.573131,0.686558,1.841861,3.099411,1.966794,2.122632,0.072082,1.279333,2.363292,1.004151,0.954835,1.870464,2.150249,2.948834,2.783791,0.955957,0.755892,1.785210,1.296808,2.426964,0.381859,0.002992,1.612530,0.005570,0.475286,3.056153,2.483020,0.295840,0.482696,0.460467,0.001704
-29.132254,-0.954675,0.376197,0.578063,1.813587,3.145768,1.890191,2.006247,0.069123,1.202401,2.273538,0.890067,0.914068,1.771504,2.090741,2.903463,2.700940,0.936305,0.725931,1.800996,1.226253,2.514915,0.375415,0.000415,1.542297,0.005570,0.473031,3.054220,2.478832,0.353186,0.460145,0.400544,0.000415
-28.972670,-1.062513,0.260798,0.406444,1.675174,3.164836,1.845478,1.878684,0.064520,1.131057,2.170961,0.733243,0.831875,1.701805,1.867505,2.879792,2.628611,0.537464,0.606408,1.609952,1.018457,2.328381,0.369938,0.001059,1.349965,0.004281,0.290042,2.984632,2.342878,0.113817,-0.000229,-0.014404,-0.000551
-29.312521,-1.067116,0.178276,0.314059,1.616324,3.106973,1.806025,1.906958,0.062877,1.130728,2.074303,0.635598,0.798998,1.652818,1.831012,2.815024,2.534253,0.463366,0.554539,1.610597,0.914075,2.277801,0.387658,0.001059,1.326769,0.005248,-0.000229,2.948549,2.281667,0.019745,-0.000229,-0.014404,-0.000551
-30.192095,-1.004320,0.060246,0.299593,1.576871,3.191138,1.753422,1.831669,0.060575,1.065960,1.989808,0.427814,0.763161,1.580488,1.773806,2.747626,2.484280,0.398289,0.483018,1.627993,0.812593,2.289721,0.404088,0.001059,1.288431,0.004281,0.238817,2.963369,2.377350,0.082245,-0.000229,-0.015049,-0.000551
-30.026559,-1.005964,0.057287,0.135864,1.542022,3.238152,1.618625,1.718901,0.057287,1.063659,1.948712,0.363703,0.733901,1.513747,1.679448,2.690091,2.452061,0.364139,0.439204,1.639591,0.772001,2.382505,0.434371,0.000415,1.172774,0.003959,0.210467,2.972712,2.378317,0.098031,0.168263,0.149900,0.000093
-30.803777,-0.943168,0.054986,0.055315,1.453582,3.078370,1.608762,1.713312,0.054657,0.998562,1.842848,0.312744,0.640529,1.454240,1.579502,2.614145,2.422143,0.355441,0.121549,1.631859,0.607696,2.328381,0.400866,0.002026,0.894745,0.002026,-0.000551,2.917299,2.127672,0.097709,0.000737,-0.014727,-0.000874
-30.598640,-0.901414,0.054329,0.054329,1.422020,3.095794,1.553857,1.657749,0.053342,0.951876,1.816546,0.294990,0.609954,1.421691,1.572269,2.591460,2.400115,0.399578,0.041652,1.637336,0.546485,2.326770,0.404410,0.001382,0.883792,0.002992,-0.000874,2.920199,2.166332,0.100286,0.000737,-0.014404,0.000093
-31.407622,-0.873140,0.053342,0.054657,1.393417,3.091520,1.470021,1.666626,0.053342,0.926232,1.796162,0.278551,0.566885,1.369088,1.516706,2.529322,2.364279,0.399578,0.047773,1.638303,0.530699,2.349966,0.400544,0.002026,0.887013,0.003637,-0.000229,2.922132,2.298420,0.101253,0.000737,-0.014404,0.001059
-30.949382,-0.758398,0.051370,0.052685,1.322731,3.101055,1.431554,1.635393,0.051698,0.809847,1.777751,0.173015,0.524802,1.293142,1.486788,2.505322,2.353429,0.373160,0.019423,1.633792,0.487529,2.329992,0.397645,0.001382,0.878959,0.002670,-0.000229,2.937596,2.336435,0.088688,-0.000229,-0.014404,-0.000551
-31.304731,-0.678177,0.050054,0.049726,1.247114,3.094808,1.410513,1.599557,0.050383,0.727983,1.736326,0.139809,0.482061,1.097194,1.480213,2.467842,2.350799,0.228508,0.001382,1.634759,0.466266,2.300675,0.382503,0.001382,0.842233,0.003637,-0.001840,2.920521,2.274901,0.079023,0.001059,-0.014727,0.000093
-32.204823,-0.476968,0.047424,0.047096,1.183003,3.113877,1.343115,1.493692,0.048082,0.523487,1.717257,0.015862,0.361073,0.834176,1.455884,2.354744,2.325484,0.213688,0.000415,1.633470,0.088044,2.279412,0.379926,0.002026,0.792297,0.002348,-0.000229,2.922454,2.235597,0.055183,-0.000551,-0.015371,0.000415
-33.630620,-0.388857,0.046438,0.046109,1.136975,3.192453,1.159660,1.421363,0.047424,0.436033,1.727120,0.001067,0.109562,0.516911,1.279662,2.257428,2.288004,0.029732,-0.000229,1.635081,0.024577,2.269747,0.383792,0.002026,0.786498,0.001704,-0.000874,2.914400,2.215301,0.085789,0.000737,-0.014404,0.000415
-34.563840,-0.327705,0.044794,0.045780,1.091605,3.196070,1.024206,1.390129,0.045452,0.373566,1.736326,0.001067,0.001067,0.351868,1.202729,2.170633,2.260387,0.168907,0.000093,1.633792,0.094809,2.307440,0.401511,0.002670,0.864784,0.002348,0.000093,2.923421,2.257182,0.091588,0.001059,-0.014082,0.000415
-30.675087,-0.491763,0.046109,0.046109,1.031439,3.190809,0.891711,1.484815,0.047424,0.536966,1.848765,0.000739,0.000410,0.206221,0.791107,2.086796,2.254469,0.243972,0.000415,1.638303,0.058405,2.425031,0.447580,0.001704,0.994294,0.003959,-0.000551,3.032957,2.285855,0.108340,-0.000229,-0.014404,0.000093
-29.383821,-1.286079,0.055972,0.056959,1.546624,3.256235,1.040645,1.767559,0.058274,1.341142,2.195290,0.083918,0.000739,0.171700,0.884807,2.087453,2.268935,0.767490,0.002670,1.647968,0.573869,2.695327,0.628315,0.002670,1.814527,0.006858,-0.000229,3.142171,2.515881,0.170196,0.001382,-0.013760,0.001059
-30.717202,-1.564879,0.061233,0.061233,1.913205,3.268070,1.042289,2.001644,0.061890,1.625858,2.127892,0.063534,0.000739,0.180577,0.895656,2.067727,2.262689,0.959178,0.002992,1.645713,0.749449,2.787145,1.054539,0.003959,2.262337,0.008147,0.000737,3.158924,2.546165,0.125737,0.000415,-0.014727,-0.000874
-33.395134,-1.443233,0.059589,0.058603,1.618954,3.268399,1.005466,1.967123,0.059589,1.506186,2.099947,0.001067,0.000410,0.122384,0.801628,2.015781,2.263017,0.830635,0.003315,1.627671,0.617039,2.744296,0.961756,0.004281,1.972066,0.007181,-0.000874,3.135083,2.466590,0.144423,0.001059,-0.014404,-0.000874
-35.423148,-0.787987,0.051370,0.051370,1.133030,3.269057,0.840094,1.825094,0.051370,0.839765,2.077590,0.001067,0.000739,0.002054,0.672420,1.858300,2.187729,0.232052,0.000737,1.613496,0.425351,2.517814,0.526189,0.002026,0.585467,0.001704,0.000093,3.070972,2.281023,0.139913,-0.000229,-0.014404,-0.000551
-36.921705,-0.703821,0.049068,0.050054,1.023549,3.249330,0.769737,1.794189,0.049068,0.753627,2.053590,0.000410,0.001396,0.000739,0.605351,1.725805,2.164057,0.359951,0.001382,1.623805,0.366072,2.631861,0.514268,0.001704,0.570325,0.002348,-0.000229,3.107377,2.318394,0.142490,0.000415,-0.014082,-0.000551
-37.479948,-0.702506,0.049068,0.049397,1.039001,3.235522,0.677352,1.736654,0.047753,0.750011,2.016110,0.001067,0.000739,0.000410,0.494226,1.604817,2.154194,0.146678,0.000093,1.626383,0.023933,2.681796,0.513302,0.001382,0.412786,0.001059,0.000093,3.085470,2.229154,0.124126,-0.000229,-0.014727,-0.000551
-40.729027,-0.801138,0.048739,0.050383,1.114290,3.219084,0.641516,1.730408,0.049726,0.849300,2.049645,0.000410,-0.000248,0.001067,0.412033,1.432212,2.136769,0.041330,0.000737,1.624772,0.007503,2.810985,0.519745,0.001382,0.439848,0.001704,0.000737,3.110599,2.235275,0.079023,-0.000551,-0.014727,-0.000229
-41.343881,-0.965525,0.048739,0.049068,1.178400,3.202645,0.603707,1.686024,0.049726,1.019932,2.023014,0.000410,0.000410,0.001067,0.260798,1.286237,2.110467,0.381214,0.001059,1.672774,0.006214,2.953382,0.602864,0.002670,0.448547,0.001704,-0.000229,3.156024,2.311950,0.146678,0.000415,-0.013760,0.000093
-40.147362,-1.154570,0.050712,0.050712,1.508816,3.193111,0.581022,1.630790,0.053013,1.210291,2.039782,-0.000248,-0.000576,-0.000576,0.015533,1.185633,2.069700,0.556794,0.002670,1.791009,0.008147,3.032635,0.800673,0.002348,0.720454,0.002670,0.000737,3.166656,2.310017,0.131214,-0.000229,-0.014727,-0.000229
-25.766750,-1.481042,0.050383,0.050383,1.360540,3.184234,0.403485,1.406239,0.051370,1.530515,2.062467,0.000081,-0.000248,0.000739,0.000410,0.990014,2.017096,0.592555,0.002670,2.045520,0.008791,3.012660,0.897001,0.002992,1.448547,0.005892,0.001059,3.273614,2.580314,0.161175,0.000415,-0.011183,-0.000229
6.305180,-1.539892,0.051698,0.051698,1.289196,3.219741,0.508692,1.446678,0.053342,1.591995,2.331073,0.000410,-0.000248,0.000081,0.000081,0.961740,2.071344,0.631859,0.002026,1.937916,0.795841,2.921810,1.055184,0.004281,1.594166,0.006214,0.087078,3.279413,2.560984,0.147967,0.000415,-0.014404,0.000737
30.966681,-1.600387,0.055972,0.055644,1.205031,3.242426,0.609296,1.632434,0.057287,1.657749,2.637159,0.000739,0.000081,0.000081,-0.000905,0.977521,2.096988,0.739462,0.002348,1.654733,1.786821,2.572904,1.278766,0.006214,2.197904,0.008469,-0.001196,3.218846,2.343845,0.157632,0.000093,-0.013760,-0.000551
37.282667,-1.559290,0.063863,0.062877,1.852382,3.274646,0.848642,1.935232,0.061562,1.626187,2.677926,0.002054,0.001067,0.001725,0.000081,1.350677,2.144660,0.901833,0.003959,1.434372,2.217556,2.600611,1.425029,0.005248,2.868008,0.010402,-0.000551,3.030057,2.349644,0.833856,0.003315,-0.010216,1.151511
36.324136,-1.723348,0.065507,0.065836,2.091399,3.290756,0.916369,1.925040,0.064520,1.789258,2.690749,-0.000576,0.000410,0.000739,0.093781,1.501912,2.138084,0.894423,0.002992,1.253637,2.207569,2.628317,1.413431,0.005892,3.169877,0.012657,0.001059,3.075483,2.459180,1.022645,0.004281,-0.009572,1.517491
38.098570,-1.897598,0.065836,0.067151,2.256113,3.306208,0.952863,1.942465,0.068795,1.963835,2.712776,0.001067,-0.000576,-0.000905,0.346607,1.667612,2.146961,0.937916,0.001382,1.312272,2.190494,2.729799,1.481408,0.006536,3.428898,0.013302,-0.001196,3.069039,2.378317,1.133148,0.003959,-0.009572,1.497194
39.804905,-1.974860,0.070767,0.071425,2.521431,3.338099,1.061686,2.076604,0.071753,2.045371,2.796613,0.001396,0.000410,0.000410,0.493568,1.821806,2.169317,1.033599,0.003315,1.259759,2.254605,2.911178,1.663109,0.006536,3.581605,0.013302,-0.000229,3.031990,2.521358,0.967877,0.003959,-0.010539,1.102542
40.114510,-2.085986,0.074055,0.072740,2.660173,3.340071,1.145852,2.146961,0.073397,2.159126,2.839024,0.001725,0.001396,0.000739,0.714832,1.890519,2.202195,1.136369,0.005248,1.228831,2.253639,2.913433,1.616396,0.005892,3.564530,0.013624,0.000093,3.031990,2.565172,0.827735,0.002348,-0.010539,1.076769
40.321843,-2.115576,0.075370,0.076028,2.736448,3.388401,1.236922,2.272880,0.075041,2.191345,2.858422,0.001396,0.000081,0.000739,0.924260,1.964164,2.259730,1.184372,0.003315,1.389591,2.195971,2.873163,1.590300,0.007503,3.547777,0.014268,0.000415,3.089014,2.591912,0.731408,0.002026,-0.011183,1.020068
37.618286,-2.181002,0.078329,0.078986,2.711461,3.445278,1.424979,2.448773,0.078658,2.258086,2.928450,0.000081,0.000081,0.001067,1.095550,2.078905,2.304771,1.225287,0.004603,1.405055,2.181151,2.837724,1.619939,0.001382,3.555509,0.013624,-0.000874,3.113498,2.645070,0.681150,0.002348,-0.011505,0.993328
37.638391,-2.226044,0.077671,0.078658,2.751571,3.466648,1.498295,2.482636,0.079644,2.309703,2.942587,0.000081,0.000081,0.232523,1.244483,2.226524,2.284387,1.245583,0.005248,1.483663,2.140236,2.824838,1.649256,0.007503,3.565174,0.012657,-0.000229,3.121552,2.634760,0.620905,0.001059,-0.012149,0.856408
37.976314,-2.345060,0.079973,0.081288,2.713105,3.502484,1.586077,2.535240,0.081945,2.424115,2.976779,-0.000248,0.000410,0.333785,1.406897,2.345868,2.277154,1.282954,0.005570,1.490751,2.122195,2.816784,1.608986,0.006214,3.508151,0.013624,-0.001840,3.142493,2.707570,0.639591,0.001382,-0.011827,0.895068
37.589093,-2.361170,0.080630,0.080630,2.868614,3.523525,1.625201,2.491513,0.081945,2.443841,2.983026,0.103644,-0.000576,0.500473,1.534789,2.420827,2.322525,1.394746,0.007181,1.525545,2.191783,2.839980,1.645713,0.007181,3.492043,0.013946,0.001382,3.175676,2.830637,0.842233,0.003637,-0.010861,0.926962
37.863493,-2.261880,0.598118,0.086548,3.185220,3.550156,1.852053,2.536555,0.087535,2.347840,2.957711,0.367649,0.000739,0.795710,1.665640,2.596062,2.362306,1.434050,0.005892,1.572259,2.232053,2.859954,1.684695,0.006858,3.554865,0.012980,0.000415,3.215947,2.863820,0.914720,0.002026,-0.010861,1.043264
38.212501,-2.413774,0.648420,0.089836,3.239139,3.587307,2.031891,2.616775,0.089836,2.502363,2.949491,0.497842,0.001396,0.932808,1.825423,2.703899,2.466855,1.516524,0.006536,1.599321,2.233342,2.842557,1.713045,0.008791,3.504285,0.013302,0.001059,3.233988,2.942750,0.902800,0.003315,-0.010861,1.121228
37.469294,-2.518325,0.702667,0.112521,3.330208,3.623472,2.184770,2.762421,0.093781,2.611186,2.967903,0.588583,0.000410,1.205360,1.998028,2.767352,2.594747,1.545197,0.006858,1.658277,2.250095,2.896359,1.747195,0.007825,3.589015,0.013946,-0.000551,3.232377,2.950160,0.968199,0.003315,-0.009894,1.195648
38.880817,-2.520626,0.791765,0.645461,3.311468,3.638266,2.403403,2.861381,0.099042,2.618748,2.944889,0.747380,0.000081,1.353964,2.124276,2.813051,2.650967,1.558084,0.007181,1.688561,2.283600,2.897325,1.681473,0.007825,3.601257,0.013302,0.003637,3.214980,2.892493,0.969488,0.003959,-0.010216,1.084179
38.414128,-2.502215,0.648420,0.203591,3.394976,3.639253,2.449431,2.926806,0.095096,2.598693,2.950478,0.842395,0.000739,1.434513,2.145317,2.907409,2.690749,1.589656,0.006536,1.737530,2.354154,2.852544,1.682117,0.006536,3.588370,0.012335,0.000093,3.222712,2.837402,0.989140,0.003637,-0.010216,1.005892
37.643530,-2.293771,0.386389,0.096083,3.447251,3.624129,2.458965,2.960670,0.097398,2.830476,2.859079,0.891382,0.088521,1.495336,2.214688,2.942916,2.768010,1.622517,0.005892,1.772324,2.317749,2.883472,1.726898,0.006536,3.660535,0.016201,0.098353,3.258473,2.857699,0.975287,0.004925,-0.009572,0.806472
37.643023,-2.286210,0.142440,0.128631,3.465004,3.647143,2.481321,2.968231,0.097398,2.843956,2.854477,0.910451,0.240742,1.550899,2.293922,2.973163,2.779188,1.656022,0.006214,1.760403,2.340945,2.858987,1.703058,0.005570,3.637340,0.013302,0.067103,3.268138,2.881861,0.904733,0.009114,-0.008928,0.752348
37.547438,-2.346375,0.255208,0.140796,3.470264,3.638266,2.535240,3.030698,0.098713,2.915299,2.862038,0.938068,0.437348,1.569967,2.376115,3.064890,2.833764,1.637981,0.007181,1.697259,2.381860,2.826449,1.688883,0.007825,3.644105,0.014913,0.006858,3.272326,2.983021,0.894101,0.002670,-0.010861,0.863495
37.906544,-2.371691,0.412362,0.305511,3.517279,3.657664,2.537212,3.032342,0.100685,2.956396,2.865655,0.953849,0.505404,1.590022,2.416882,3.106973,2.818969,1.661176,0.006536,1.702091,2.368329,2.785212,1.653122,0.006536,3.668267,0.014268,-0.000551,3.286501,3.009439,0.873805,0.002670,-0.010861,0.752671
37.145272,-2.476899,0.802614,0.529733,3.591581,3.683637,2.620392,3.085274,0.112850,3.064561,2.967903,1.156044,0.693791,1.718901,2.600336,3.190809,2.885052,1.751705,0.324191,1.800996,2.494940,2.980444,1.829669,0.008469,3.684054,0.013302,0.362529,3.341914,3.151192,0.858019,0.002670,-0.010861,0.764591
36.250816,-2.497612,0.920972,0.501788,3.634321,3.709938,2.691735,3.116507,0.116138,3.114534,3.012944,1.375663,0.779271,1.773148,2.689433,3.220070,2.993547,1.794231,0.345132,1.895391,2.527479,2.990753,1.890236,0.007181,3.697262,0.014590,0.601253,3.315174,3.174065,0.855763,0.002670,-0.010539,0.738818
36.979976,-2.461118,1.148153,0.214112,3.652732,3.701390,2.696009,3.163192,0.442609,3.153001,3.038259,1.541364,0.870341,1.880656,2.769654,3.219741,3.006369,1.805829,0.104152,1.909244,2.510727,2.989464,1.875094,0.008469,3.714337,0.014268,0.682116,3.294233,3.148936,0.810016,0.002670,-0.010539,0.686949
36.771344,-2.466049,1.179715,0.644146,3.690212,3.705993,2.751900,3.171083,0.546172,3.178973,3.063246,1.654462,0.913081,2.014137,2.774914,3.265769,3.029383,1.843522,0.067748,1.975288,2.589335,3.028769,1.878960,0.008147,3.730123,0.014268,0.702091,3.330316,3.209181,0.782310,0.005248,-0.009250,0.631537
35.746613,-2.579806,1.182674,0.926232,3.706651,3.721117,2.849216,3.249659,0.627707,3.305879,3.067191,1.736326,0.940041,2.066412,2.800558,3.293386,3.056342,1.890880,0.029732,2.066138,2.662789,3.010405,1.987208,0.009114,3.752997,0.014590,0.644745,3.423422,3.334182,0.705634,0.003959,-0.007961,0.582245
35.871711,-2.419363,1.262237,1.202401,3.736898,3.732624,2.890313,3.287139,0.917684,3.380510,3.067520,1.817861,0.954178,2.202523,2.884395,3.351249,3.075082,1.955958,0.434694,2.248806,2.745907,3.109310,2.097066,0.008791,3.798422,0.014913,0.431150,3.483022,3.294555,0.989784,0.454990,0.440493,0.641201
35.154914,-2.517010,1.352320,1.302347,3.727692,3.746103,2.968231,3.283523,0.883492,3.475196,3.067849,1.822793,0.982123,2.221263,2.911683,3.372620,3.089877,1.897001,0.701446,2.202736,2.735598,3.084503,2.074192,0.009436,3.772327,0.014590,0.353830,3.475290,3.303254,0.873483,0.482374,0.456279,0.635725
35.586447,-2.376294,1.626516,1.223771,3.722103,3.742487,2.997821,3.249330,0.969301,3.480128,3.073109,1.903013,1.051494,2.250195,2.947847,3.422264,3.075739,1.862852,0.735918,2.182118,2.752673,3.024580,2.052607,0.009114,3.728835,0.014590,0.314204,3.467880,3.272648,0.916008,0.388624,0.424707,0.481408
35.966497,-2.359526,1.683065,1.369417,3.733939,3.756953,3.042205,3.251961,1.016973,3.495909,3.065547,2.116714,1.198784,2.324497,3.002095,3.442319,3.085274,1.900223,0.841910,2.227221,2.735276,3.055508,2.081280,0.009436,3.759118,0.014913,0.306794,3.496231,3.299066,0.956279,0.601897,0.582567,0.172129
36.378842,-2.322046,1.715284,1.507829,3.760898,3.769775,3.093493,3.290098,1.071221,3.512676,3.122096,2.241318,1.366458,2.380060,3.052068,3.460073,3.118480,1.881860,0.906666,2.253961,2.769103,3.056153,2.110919,0.009436,3.757185,0.013946,0.320325,3.513950,3.317107,0.807761,0.650544,0.632503,0.001059
35.720101,-2.296073,1.963178,1.620927,3.769775,3.775693,3.122425,3.307523,1.114290,3.530758,3.105329,2.366580,1.505857,2.425430,3.113219,3.487032,3.129658,1.961757,0.996872,2.312273,2.772003,3.096423,2.149901,0.009114,3.755574,0.014268,0.397000,3.549388,3.364465,0.781021,0.742683,0.718843,0.002026
35.878829,-2.145165,2.065755,1.667941,3.770103,3.748405,3.141165,3.294701,1.141907,3.553115,3.115521,2.453705,1.542350,2.470472,3.117165,3.505772,3.149713,1.999772,1.050029,2.312273,2.784889,3.101256,2.170520,0.009436,3.747520,0.014590,0.422774,3.581283,3.387661,0.686627,0.840944,0.820003,0.002992
35.803788,-2.121494,2.414252,1.871779,3.798049,3.738870,3.161549,3.326263,1.174455,3.602430,3.129329,2.507294,1.643283,2.538856,3.136891,3.570540,3.202316,2.093522,1.146356,2.425353,2.811951,3.168266,2.212401,0.009758,3.774904,0.014913,0.508792,3.618654,3.414723,0.686949,1.109952,1.115106,0.003959
35.023825,-2.069219,2.462253,1.947397,3.835529,3.751364,3.154316,3.319030,1.161304,3.633992,3.131302,2.520116,1.681750,2.593432,3.129329,3.560676,3.187193,2.174708,1.239784,2.449837,2.828060,3.159890,2.213690,0.010402,3.772327,0.013946,0.531987,3.634440,3.415690,0.665042,1.247194,1.210145,0.003959
35.270126,-2.118863,2.457321,1.978630,3.789501,3.743144,3.155302,3.317386,1.145852,3.640568,3.147411,2.531295,1.675832,2.597049,3.129329,3.583362,3.235193,2.048741,1.163109,2.403768,2.807441,3.074194,2.204025,0.009114,3.697262,0.014268,0.439526,3.633474,3.424388,0.585467,1.348354,1.328380,0.004603
35.746461,-2.082369,2.377101,2.198907,3.850981,3.741172,3.178316,3.326920,1.195168,3.639581,3.195412,2.563514,1.789587,2.658200,3.156617,3.628403,3.304564,2.133149,1.290364,2.456281,2.831281,3.112854,2.227221,0.011047,3.700484,0.014590,0.670841,3.626064,3.452094,0.518134,1.409565,1.383148,0.004603
36.135009,-2.079739,2.384334,2.327456,3.869721,3.737555,3.198700,3.348619,1.216867,3.668185,3.248344,2.593104,1.856985,2.711132,3.181275,3.669500,3.361113,2.084180,1.390880,2.468201,2.830959,3.128640,2.235597,0.484307,3.699195,0.014590,0.985918,3.639917,3.489143,0.549707,1.624772,1.617684,0.005570
36.064217,-2.004121,2.430033,2.439567,3.880242,3.734596,3.209220,3.390373,1.255990,3.700404,3.302591,2.658858,1.936547,2.758804,3.189165,3.707966,3.392675,2.152479,1.643780,2.570327,2.844168,3.132506,2.339657,1.099320,3.704350,0.013946,1.071292,3.641206,3.524259,0.549707,1.962079,1.931151,0.006536
35.017557,-1.858145,2.495459,2.595405,3.912461,3.742158,3.209549,3.372948,1.427280,3.729665,3.320016,2.706858,2.001315,2.791681,3.219084,3.733281,3.432127,2.237852,2.079347,2.628317,2.871874,3.154091,2.461435,1.558406,3.735278,0.014913,1.167619,3.671167,3.545200,0.618328,2.164721,2.123806,0.007181
33.990836,-1.803240,2.513212,2.746311,3.915091,3.727692,3.240125,3.442976,1.341142,3.704349,3.362428,2.783791,2.015124,2.824887,3.229604,3.769775,3.450209,2.233986,2.289721,2.640237,2.935663,3.187596,2.477866,1.802929,3.732378,0.089977,1.227542,3.675677,3.548100,0.691781,2.402801,2.374773,0.009436
34.119889,-1.729595,2.508938,2.784120,3.952900,3.695801,3.245056,3.478155,1.670571,3.744459,3.366373,2.844613,2.160769,2.888997,3.253604,3.793117,3.466319,2.319360,2.413433,2.671165,3.029413,3.201449,2.532956,1.993651,3.739466,0.159565,1.287787,3.705639,3.608989,0.723354,2.509116,2.470456,0.009114
34.074004,-1.599072,2.602638,2.953765,3.980846,3.688240,3.281879,3.454155,1.901040,3.744459,3.410757,2.922532,2.275511,2.947190,3.277276,3.819419,3.501498,2.380572,2.541332,2.685340,3.147326,3.253640,2.675675,2.335469,3.760729,0.512658,1.460468,3.729479,3.630574,0.875416,2.747840,2.741075,0.010402
33.798521,-1.573756,2.616775,2.977437,3.969010,3.677061,3.258207,3.449881,1.905643,3.733610,3.405825,2.987958,2.356717,2.945546,3.263468,3.814488,3.511361,2.332247,2.593523,2.606088,3.144748,3.240431,2.669554,2.452415,3.757185,0.498482,1.445004,3.731734,3.617365,1.024578,2.921810,2.872518,0.011047
32.660634,-1.526413,2.718037,3.009656,3.984462,3.690541,3.288783,3.432127,2.146632,3.836844,3.400236,3.039575,2.505322,2.987629,3.284180,3.820405,3.537991,2.287788,2.656345,2.617363,3.190496,3.300676,2.761371,2.499773,3.751708,0.586433,1.698225,3.749453,3.655059,1.175351,3.046810,2.997841,0.011369
31.627590,-1.446849,2.912669,3.043520,4.010435,3.700404,3.325277,3.502155,2.391896,3.860515,3.471908,3.120781,2.629926,3.010972,3.309167,3.829940,3.571197,2.310340,2.921165,2.631861,3.279091,3.385406,2.915689,2.694039,3.805188,0.783276,1.897001,3.770716,3.695974,1.353831,3.164723,3.113176,0.011691
31.101995,-1.406410,3.077054,3.175686,4.000901,3.670486,3.345332,3.516621,2.506637,3.899968,3.554430,3.219084,2.771955,3.077054,3.316728,3.834543,3.585334,2.344489,3.132506,2.693717,3.355767,3.410535,3.016204,3.069362,3.860278,0.924385,2.130894,3.844170,3.762340,1.762659,3.291656,3.240754,0.012013
31.737122,-1.231503,3.193111,3.235851,3.991695,3.668513,3.355523,3.570211,2.672337,3.900297,3.625116,3.293715,2.878148,3.110589,3.344345,3.832570,3.584348,2.428252,3.291656,2.770392,3.404736,3.468525,3.112210,3.400226,3.934698,1.131859,2.397324,3.879608,3.794879,2.095133,3.443396,3.387983,0.096742
32.181003,-1.194022,3.274646,3.276290,3.982489,3.668842,3.382811,3.575471,2.863682,3.921009,3.712240,3.335468,2.909710,3.113219,3.368017,3.842762,3.588293,2.510404,3.395393,2.782312,3.504285,3.480123,3.190174,3.559053,3.983990,1.218199,2.487853,3.927611,3.818719,2.334502,3.494620,3.428254,0.614462
33.196055,-1.159172,3.330866,3.329222,3.995311,3.681007,3.426538,3.586649,2.897546,3.933503,3.735583,3.394647,2.971519,3.145110,3.407469,3.843091,3.594869,2.604799,3.487855,2.816139,3.575806,3.496553,3.243331,3.737533,4.031993,1.390236,2.490430,3.961116,3.873165,2.502350,3.553254,3.487210,0.937916
33.645965,-1.023389,3.392017,3.384126,4.012079,3.672130,3.475525,3.679363,3.015903,3.964407,3.782926,3.477169,3.019520,3.231248,3.449881,3.874653,3.617554,2.674387,3.614466,2.894748,3.689853,3.549710,3.358344,3.909247,4.123488,1.607697,2.523935,4.018784,3.949196,2.806797,3.665690,3.605123,1.708213
33.862153,-0.930675,3.449223,3.442319,4.018325,3.691527,3.510703,3.716185,3.085274,3.994325,3.840132,3.536347,3.120123,3.359140,3.496566,3.904242,3.641225,2.758150,3.674389,2.942106,3.754930,3.569685,3.415367,3.978191,4.184377,1.863174,2.638948,4.078062,4.004286,2.993975,3.714015,3.648293,1.996228
35.631591,-0.876427,3.451853,3.455470,4.006490,3.664897,3.525169,3.746103,3.106644,4.003202,3.899639,3.553443,3.151685,3.419963,3.491963,3.915420,3.656020,2.787467,3.694363,2.944361,3.777482,3.608667,3.434375,4.074518,4.203707,1.976898,2.719812,4.100614,4.010407,3.117686,3.740110,3.677288,2.461435
38.036725,-0.843879,3.472566,3.528128,4.017339,3.680349,3.554101,3.803638,3.175028,4.050216,3.925941,3.622814,3.170754,3.548183,3.536019,3.935804,3.688568,2.810340,3.752031,2.995263,3.813564,3.645716,3.510406,4.152805,4.235601,2.157633,2.836436,4.140562,4.048101,3.243331,3.808087,3.741721,2.773291
39.371852,-0.754452,3.503470,3.589280,4.048244,3.646486,3.600786,3.859200,3.209549,4.056134,3.907530,3.674760,3.275303,3.633992,3.563635,3.953886,3.735583,2.865753,3.804221,3.138627,3.852224,3.691786,3.602868,4.225292,4.266207,2.217878,2.916977,4.191465,4.096426,3.331926,3.887984,3.822907,3.175354
40.270143,-0.681465,3.496566,3.620842,4.091641,3.675746,3.607362,3.903913,3.291084,4.053833,3.963749,3.730322,3.327907,3.705336,3.597170,3.967037,3.759254,2.975933,3.880252,3.221424,3.879930,3.731090,3.666979,4.305189,4.283282,2.346100,3.019426,4.207573,4.144428,3.468525,3.958217,3.894106,3.357378
42.384131,-0.670615,3.520895,3.679691,4.121231,3.654376,3.638266,3.954544,3.340729,4.071257,3.953229,3.780624,3.411414,3.767802,3.630047,3.988736,3.797391,3.067106,3.957250,3.293267,3.938242,3.758474,3.755574,4.383476,4.304545,2.606088,3.100612,4.273295,4.213050,3.631218,4.049390,3.985279,3.593847
41.581367,-0.553572,3.582704,3.766816,4.149834,3.670157,3.678705,4.029832,3.418319,4.078819,4.006818,3.816131,3.502813,3.822378,3.698760,4.026216,3.859529,3.138305,4.053256,3.325483,4.044557,3.853513,3.901515,4.465950,4.374133,2.936629,3.239787,4.340627,4.290047,3.872843,4.138952,4.065820,3.829028
39.993572,-0.410556,3.688568,3.838817,4.201122,3.739528,3.743802,4.075203,3.537991,4.073888,4.031805,3.865776,3.645828,3.947311,3.759254,4.057778,3.950270,3.225290,4.128642,3.412468,4.119944,3.946619,4.011052,4.521040,4.402483,3.059052,3.276192,4.377677,4.339983,4.062276,4.173746,4.101903,4.012340
3.128756,-0.279047,3.801994,3.935146,4.241232,3.875639,3.910489,4.188957,3.677061,4.090655,4.080792,3.962763,3.864461,4.068299,3.904571,4.164300,4.105121,3.395071,4.193720,3.569685,4.156026,4.078062,4.076451,4.532960,4.409249,3.157313,3.372197,4.434378,4.397973,4.175034,4.195008,4.119944,4.158604
-22.131307,-0.227101,3.759912,3.787528,4.148190,3.956516,3.903913,4.158382,3.612293,3.971969,4.090984,3.907201,3.851310,4.007476,3.832241,4.153779,4.138984,3.267493,4.163758,3.540045,4.130253,4.032959,4.034248,4.435022,4.297135,3.037145,3.319362,4.403128,4.363501,4.164725,4.135730,4.055188,4.084828
-26.279148,-0.137346,3.581718,3.645499,3.969339,3.976900,3.841118,4.071915,3.475854,3.728350,3.926598,3.731637,3.693171,3.881228,3.705007,4.130107,4.124847,3.055508,4.064531,3.397648,4.071941,3.955639,3.937920,4.154416,4.206606,2.733021,3.241076,4.306800,4.213050,3.975614,4.003642,3.923423,3.880897
-27.059793,-0.216909,3.511690,3.587964,3.953229,3.973284,3.795748,4.044298,3.332181,3.684952,3.881886,3.650431,3.584019,3.767802,3.626102,4.111696,4.098874,2.904413,3.905381,3.257184,3.966271,3.908281,3.746876,3.958217,4.031348,2.495585,3.109632,4.134119,3.977224,3.550999,3.822263,3.747198,3.816786
-26.505743,-0.258334,3.481443,3.571855,3.899639,3.948955,3.769117,3.985120,3.276290,3.650102,3.867748,3.616896,3.511361,3.743473,3.565608,4.096573,4.056463,2.813240,3.823873,3.213370,3.907637,3.855446,3.695007,3.873487,3.933732,2.325481,3.044555,4.098359,3.896039,3.441785,3.754930,3.685020,3.692752
-27.178277,-0.247485,3.402538,3.529772,3.848022,3.943694,3.729993,3.967366,3.265769,3.600129,3.852625,3.580731,3.446922,3.722103,3.513005,4.074545,4.025558,2.739142,3.781992,3.174710,3.868010,3.831283,3.657958,3.821296,3.903448,2.227221,2.969168,4.063887,3.844814,3.423744,3.717559,3.648615,3.637340
-26.889552,-0.308308,3.376894,3.484730,3.805282,3.922653,3.716514,3.914763,3.198371,3.581389,3.840789,3.502813,3.435415,3.684952,3.510046,4.053175,3.987092,2.717557,3.724969,3.165689,3.844814,3.817752,3.619298,3.745909,3.874131,2.135726,2.926642,4.037469,3.791335,3.378318,3.665690,3.596424,3.571296
-27.004731,-0.355651,3.340071,3.450209,3.791802,3.916078,3.697774,3.895694,3.150370,3.560019,3.802981,3.474867,3.408456,3.643527,3.490977,4.036408,3.954544,2.722067,3.648937,3.153125,3.819685,3.804866,3.579994,3.681798,3.837727,1.948226,2.873807,3.997843,3.743654,3.299388,3.603190,3.535535,3.485599
-25.476489,-0.376035,3.321331,3.382154,3.709281,3.897009,3.628732,3.835200,3.060287,3.500511,3.731637,3.432456,3.377222,3.601773,3.472895,4.011750,3.879913,2.652157,3.601901,3.082892,3.757185,3.744621,3.481089,3.605123,3.789402,1.892169,2.820328,3.940175,3.681476,3.193717,3.571618,3.504285,3.348035
-23.771841,-0.406282,3.300619,3.366373,3.626102,3.842104,3.592896,3.792789,3.020177,3.454155,3.680678,3.391688,3.349277,3.557389,3.445278,3.995969,3.811200,2.561629,3.543911,2.944039,3.697262,3.586759,3.301965,3.522649,3.717559,1.857375,2.756861,3.891206,3.651193,3.103833,3.509762,3.442107,3.133795
-25.025047,-0.431597,3.228618,3.331523,3.567909,3.801337,3.570540,3.775693,2.885381,3.421606,3.622485,3.343688,3.306537,3.509059,3.383469,3.967037,3.774377,2.442750,3.474646,2.901191,3.631218,3.522326,3.211437,3.438885,3.644749,1.601254,2.635405,3.866722,3.622520,3.035534,3.458860,3.396037,3.056153
-25.780063,-0.450666,3.130973,3.272344,3.519580,3.781610,3.553443,3.745446,2.805818,3.377880,3.600786,3.306865,3.272673,3.475196,3.364071,3.935146,3.740843,2.404412,3.445007,2.924709,3.592881,3.475290,3.171166,3.406025,3.618976,1.603509,2.617041,3.828062,3.599968,2.968524,3.427610,3.357700,3.000418
-25.849719,-0.499653,3.024122,3.183576,3.429168,3.750706,3.485388,3.686267,2.701927,3.331852,3.533060,3.257550,3.232892,3.380839,3.313770,3.903913,3.697445,2.273935,3.348357,2.897325,3.516205,3.430509,3.057441,3.320651,3.552932,1.492362,2.507183,3.766206,3.583538,2.861565,3.375741,3.313885,2.873485
-25.399589,-0.623272,2.864997,3.149055,3.343688,3.725062,3.421278,3.610650,2.534911,3.261166,3.463032,3.187521,3.179960,3.300290,3.282865,3.856241,3.619526,2.225610,3.275870,2.848034,3.442429,3.374774,2.926320,3.122519,3.502352,1.278444,2.452092,3.726257,3.557442,2.699838,3.346746,3.281669,2.643459
-24.823201,-0.693958,2.693050,3.080342,3.312783,3.681664,3.363085,3.535032,2.352443,3.238481,3.407140,3.106315,3.137548,3.249330,3.232563,3.814159,3.586649,2.244296,3.178576,2.790044,3.380251,3.324194,2.794554,3.029413,3.463048,0.943070,2.446938,3.688886,3.515883,2.573549,3.262339,3.198872,2.488497
-25.785171,-0.701849,2.620063,2.997492,3.278262,3.640568,3.294043,3.460730,2.266963,3.144781,3.365058,3.074424,3.112890,3.199028,3.193111,3.767473,3.600786,2.232376,3.102867,2.714657,3.324194,3.272326,2.677286,2.936307,3.398615,0.762658,2.420198,3.658602,3.460793,2.397969,3.234632,3.174710,2.316461
-25.317754,-0.617025,2.545760,2.938642,3.203960,3.598814,3.289440,3.409113,2.010521,3.013602,3.329222,3.018204,3.086918,3.152672,3.186206,3.734596,3.568567,2.289077,3.002351,2.653124,3.252674,3.225290,2.551642,2.783601,3.331282,0.647000,2.248484,3.606734,3.333859,2.137659,3.195328,3.129929,2.155378
-25.687170,-0.597957,2.483623,2.907409,3.153987,3.551471,3.241769,3.362756,1.925698,2.955409,3.284509,2.971848,3.014917,3.079027,3.154973,3.701719,3.577115,2.185984,2.846101,2.668910,3.191784,3.176320,2.411822,2.741075,3.263950,0.556472,2.165687,3.559053,3.263305,1.971744,3.091269,3.029413,1.930185
-26.138490,-0.707438,2.406690,2.849545,3.123082,3.512018,3.186864,3.301934,1.691941,2.902477,3.221385,2.930423,2.948505,3.017876,3.121439,3.678376,3.546211,2.070971,2.733343,2.602544,3.125740,3.126385,2.268458,2.665366,3.201449,0.382825,2.045842,3.534569,3.177287,1.794875,3.031668,2.963369,1.785854
-26.116881,-0.799494,2.356060,2.703571,3.035629,3.470264,3.146425,3.248344,1.311553,2.816339,3.083301,2.909710,2.878148,2.949491,3.098753,3.658650,3.535032,2.006860,2.646358,2.558407,3.009761,3.056153,2.080636,2.491397,3.073227,0.034242,1.789076,3.510728,3.120586,1.507826,2.963369,2.897325,1.626705
-26.320001,-0.881359,2.350799,2.613816,2.979738,3.476182,3.081000,3.221385,1.253031,2.808777,3.084287,2.878148,2.814038,2.914970,3.072780,3.651088,3.478484,1.936306,2.566783,2.528446,2.907957,3.001062,1.985275,2.425353,3.032635,0.011047,1.473998,3.508151,3.103511,1.187271,2.859632,2.793588,1.543908
-26.314471,-0.969470,2.367895,2.597706,3.025109,3.580731,3.039246,3.192782,1.255662,2.812723,3.116836,2.827846,2.792668,2.896559,3.110918,3.650102,3.498539,1.888625,2.449193,2.522324,2.812918,2.978833,1.924063,2.193071,2.957570,0.010724,1.296485,3.492365,3.113498,0.996550,2.637660,2.574193,1.171807
-26.445336,-1.043115,2.329758,2.514198,2.990259,3.624787,2.928450,3.085274,1.219825,2.765380,3.108616,2.774914,2.716393,2.846586,3.157603,3.632677,3.495580,1.812594,2.252350,2.511371,2.736242,2.964658,1.813239,2.077092,2.868008,0.011047,1.103831,3.467880,3.115431,0.964977,2.554863,2.497196,0.994939
-26.831718,-1.078294,2.258086,2.415896,2.955080,3.693829,2.760448,3.024451,1.155386,2.750914,3.096781,2.734146,2.679899,2.815353,3.142480,3.598814,3.476511,1.800352,1.907633,2.539399,2.658600,2.969490,1.704991,1.928574,2.836758,0.010724,0.853830,3.429543,3.101578,0.893135,2.441461,2.378639,0.711756
-25.912450,-1.008265,2.126577,2.211729,2.671351,3.555087,2.816339,2.932066,1.085687,2.492171,2.994204,2.360334,2.408005,2.790366,3.053383,3.456456,3.370647,1.664076,1.794231,2.337079,2.438239,2.777157,1.388947,1.766847,2.798742,0.011369,0.811305,3.389916,3.028446,0.541652,2.074192,2.003316,0.464977
-25.319899,-0.888592,2.023343,2.053261,2.532281,3.355523,2.969546,3.105986,1.046563,2.270250,2.960012,2.055891,2.197592,2.703899,3.009656,3.409113,3.299632,1.566460,1.549063,2.225610,2.377994,2.648291,1.080313,1.627671,2.727544,0.010724,0.655055,3.346424,2.972712,0.357374,1.686628,1.637014,0.059693
-25.835419,-0.879715,1.811286,1.942137,2.407348,3.311468,2.843956,3.090863,0.937739,2.160112,2.854148,1.906629,2.113098,2.610528,2.968231,3.384784,3.245385,1.518135,1.261692,2.118329,2.309373,2.569683,0.948225,1.558728,2.626706,0.010402,0.577413,3.327416,2.937274,0.315815,1.519102,1.473354,0.005892
-25.655923,-0.881359,1.674845,1.730737,2.307730,3.248015,2.702913,2.980396,0.775326,2.032877,2.799901,1.842190,2.025316,2.443841,2.868614,3.326592,3.164508,1.348354,1.195003,2.025868,2.179540,2.523935,0.845776,1.472065,2.484953,0.009436,0.428895,3.303254,2.896036,0.325480,1.275545,1.222065,0.004603
-25.282633,-0.939223,1.528871,1.502569,2.096659,3.190152,2.528993,2.733160,0.095096,1.748161,2.716721,1.648544,1.616653,2.216003,2.736119,3.246043,3.068835,1.225931,1.224320,1.715622,1.989141,2.303896,0.737851,1.237207,2.314850,0.009758,0.301639,3.268138,2.812918,0.335789,0.982374,0.944037,0.003959
-25.599113,-0.895825,1.400650,1.435828,1.982904,3.137220,2.472445,2.690091,0.090822,1.657749,2.672009,1.486788,1.458842,2.185099,2.655241,3.229604,2.982368,1.169874,1.199192,1.674385,1.969489,2.329992,0.654088,0.951769,2.213368,0.008791,0.259758,3.265238,2.775547,0.310982,0.875738,0.842877,0.003315
-25.961771,-0.886291,1.322402,1.295114,1.921095,3.137548,2.426417,2.630255,0.088850,1.578844,2.622693,1.406568,1.387170,2.198578,2.592117,3.212508,2.951464,1.162465,1.170197,1.687272,1.959502,2.347389,0.606408,0.860596,2.129605,0.007825,0.255248,3.244620,2.757183,0.165364,0.854153,0.825802,0.002992
-27.133523,-0.907990,1.283936,1.177743,1.892163,3.127028,2.352443,2.607241,0.086877,1.569310,2.581925,1.315498,1.325690,2.193318,2.510582,3.197713,2.931409,1.143457,1.115429,1.746228,1.956924,2.339335,0.500415,0.829346,2.040687,0.008147,0.179861,3.232377,2.752995,0.082245,0.810016,0.777477,0.002026
-26.658244,-0.942511,1.212264,1.056755,1.888876,3.143795,2.305429,2.583240,0.085562,1.558789,2.555952,1.303991,1.296429,2.165372,2.436280,3.184563,2.923847,1.137980,1.089333,1.695970,1.914398,2.349322,0.409565,0.790042,1.958213,0.007503,0.042619,3.214336,2.732054,0.086111,0.784887,0.754604,0.002670
-26.265667,-0.964210,1.107057,1.020261,1.930301,3.162864,2.309374,2.599350,0.085233,1.586077,2.548719,1.281306,1.280648,2.140057,2.396827,3.192453,2.913984,1.160854,1.107052,1.718200,1.896679,2.426641,0.609951,0.760403,1.912465,0.006858,0.000737,3.210470,2.715946,0.083534,0.776189,0.745261,0.002348
-26.623552,-0.986238,1.038672,1.009412,1.983233,3.182261,2.332717,2.617104,0.085891,1.595611,2.570090,1.255990,1.264867,2.150906,2.440225,3.189494,2.910368,1.149900,1.123805,1.642491,1.866718,2.452737,0.644745,0.689204,1.888303,0.006858,-0.001196,3.210148,2.709180,0.107052,0.749127,0.720132,0.003315
-26.487746,-0.957963,0.962068,0.959438,1.980932,3.151357,2.340279,2.610200,0.083918,1.543994,2.560226,1.257963,1.173469,2.144002,2.455677,3.177658,2.897546,1.098998,1.062271,1.583212,1.781666,2.439528,0.601897,0.468843,1.788754,0.006858,0.000093,3.197906,2.693072,0.111240,0.708856,0.682439,0.002026
-26.363525,-0.974073,0.715818,0.948918,1.958246,3.195412,2.340607,2.589487,0.081617,1.535775,2.503349,1.173140,1.051823,2.100604,2.386306,3.155302,2.878806,1.053251,0.982697,1.582246,1.700481,2.440172,0.412464,0.381859,1.676640,0.005570,-0.000229,3.196295,2.668910,0.100286,0.633470,0.604797,0.002026
-26.451584,-0.968155,0.680311,0.885136,1.964493,3.215138,2.386306,2.583569,0.081617,1.508816,2.468828,1.133687,1.036371,2.077919,2.446472,3.139521,2.868614,0.992684,0.921807,1.566782,1.670519,2.425675,0.359307,0.190170,1.617040,0.006536,-0.000874,3.173421,2.653768,0.118650,0.553895,0.519423,0.002348
-26.818512,-1.019444,0.393293,0.728969,1.951671,3.250317,2.304114,2.503020,0.077671,1.487446,2.429047,1.029795,0.943657,1.983562,2.385978,3.076726,2.855134,0.943070,0.765235,1.570648,1.540365,2.313883,0.281665,0.000737,1.522323,0.004603,-0.000229,3.120264,2.651191,0.149255,0.377026,0.356730,0.001704
-27.691513,-1.016813,0.333127,0.641516,1.942794,3.259522,2.189044,2.471129,0.076356,1.454240,2.369539,0.952205,0.939054,1.891177,2.325813,3.049109,2.839682,0.900867,0.731730,1.580313,1.522968,2.298097,0.326446,0.002348,1.402156,0.005248,-0.000874,3.144748,2.660533,0.149578,0.172451,0.158276,0.000737
-28.097727,-0.971114,0.269346,0.722065,1.957918,3.293715,2.144660,2.406690,0.075041,1.401965,2.342909,0.865738,0.920972,1.857314,2.297209,3.027081,2.822586,1.002993,0.738495,1.602542,1.492040,2.387659,0.365750,0.001059,1.430828,0.005248,0.000093,3.169555,2.699193,0.119938,0.157632,0.147322,0.000415
-28.662844,-0.976046,0.281181,0.794066,1.942794,3.279906,2.233099,2.479020,0.075370,1.413143,2.333046,0.848313,0.922945,1.856327,2.307401,3.015574,2.821599,1.029410,0.734629,1.600609,1.459501,2.403768,0.353508,0.000093,1.486241,0.005248,0.000093,3.189851,2.713046,0.125415,0.161175,0.139913,0.000093
-29.070639,-0.973415,0.253893,0.646447,1.924712,3.252289,2.216003,2.527678,0.075699,1.413801,2.306415,0.828258,0.910122,1.822464,2.243291,2.995190,2.799901,1.023289,0.726575,1.598676,1.433728,2.394747,0.349320,0.002026,1.499127,0.004603,-0.000551,3.199194,2.721745,0.065170,0.154088,0.138302,-0.000229
-31.578275,-0.957634,0.198331,0.586940,1.874738,3.271029,2.156495,2.500390,0.074384,1.379937,2.264332,0.761846,0.875601,1.805039,2.163400,2.968231,2.756174,1.019423,0.699513,1.604475,1.422774,2.419876,0.348031,0.000737,1.535210,0.005892,0.000737,3.196295,2.757827,0.069358,0.158276,0.141846,0.001059
-31.160372,-0.914894,0.070110,0.547487,1.852382,3.289112,2.119673,2.437266,0.071425,1.315498,2.209756,0.679325,0.824971,1.738627,2.128221,2.964944,2.730859,1.065815,0.709500,1.627349,1.400545,2.544876,0.344810,0.001704,1.522968,0.004925,-0.000229,3.172132,2.806797,0.070325,0.332245,0.306472,0.000737
-32.578228,-0.925086,0.066822,0.362059,1.837916,3.359469,2.005589,2.345868,0.068137,1.217195,2.119015,0.580364,0.772696,1.704764,2.091399,2.959354,2.715078,0.932761,0.626382,1.625094,1.352864,2.509760,0.353508,0.001704,1.351254,0.004603,-0.000874,3.023292,2.767492,0.114784,0.000415,0.096420,0.000415
-33.883054,-0.922456,0.066493,0.378498,1.821149,3.362099,1.981918,2.320223,0.067479,1.200757,2.090084,0.478774,0.761846,1.681092,2.079234,2.955738,2.703571,0.928895,0.625093,1.710468,1.296485,2.528123,0.399255,0.001059,1.291975,0.004925,0.000415,3.140882,2.759438,0.135402,0.453379,0.432438,0.001704
-35.432287,-0.923442,0.066822,0.433732,1.805368,3.372291,1.987836,2.312662,0.067151,1.184647,2.076275,0.422554,0.753956,1.659722,2.078905,2.951135,2.700283,0.937593,0.648611,1.753638,1.226576,2.579026,0.449513,0.000737,1.238818,0.004925,0.087722,3.169555,2.751706,0.149900,0.505570,0.477864,0.001704
-38.341578,-0.955662,0.065507,0.400197,1.771833,3.400565,1.931287,2.223565,0.065178,1.113303,2.028932,0.337073,0.725681,1.608762,2.016439,2.903135,2.618748,0.986563,0.651511,1.847388,1.200480,2.707247,0.458856,0.001704,1.236241,0.004281,0.229797,3.175998,2.786178,0.154410,0.388302,0.366072,0.001704
-40.033787,-0.939881,0.061890,0.292031,1.632763,3.417990,1.862574,2.087782,0.061233,1.001850,1.916164,0.278223,0.633296,1.457199,1.849423,2.870258,2.535569,1.062593,0.641846,2.027478,0.919552,2.887982,0.467232,0.002348,1.205635,0.004603,0.342554,3.293911,2.913111,0.164075,0.570969,0.549384,0.002026
-43.358278,-0.863934,0.059260,0.244359,1.539720,3.423579,1.776107,1.942137,0.059260,0.924260,1.823779,0.173673,0.488308,1.373033,1.773806,2.786750,2.493157,1.016846,0.593521,2.035533,0.850609,2.903446,0.472387,0.002026,1.184372,0.004603,0.381214,3.335148,2.965302,0.185660,0.500093,0.464011,0.001382
-43.349018,-0.782398,0.056959,0.173344,1.496651,3.417661,1.715284,1.875067,0.057287,0.839436,1.759011,0.102329,0.357128,1.221798,1.725147,2.725598,2.391567,1.045197,0.525222,2.039399,0.864784,2.960470,0.468521,0.002026,1.168586,0.003637,0.375093,3.341591,2.954993,0.202090,0.001382,-0.014404,0.000415
-40.547513,-0.757083,0.054329,0.144083,1.558460,3.413058,1.619283,1.809970,0.056301,0.814779,1.771833,0.000081,0.000081,0.926890,1.647229,2.670036,2.361649,1.043264,0.483663,2.053896,0.860274,2.984632,0.444681,0.001059,1.238818,0.004925,0.395712,3.354478,2.981732,0.179861,0.319036,0.349964,0.001382
-30.429491,-0.802125,0.053342,0.054000,1.714627,3.400236,1.354293,1.757696,0.055315,0.860478,1.757696,0.000410,-0.000905,0.558665,1.463445,2.524719,2.347511,1.026189,0.003315,2.043265,0.920196,2.975611,0.492361,0.001382,1.464011,0.005570,0.531665,3.336759,2.942428,0.078057,0.627348,0.602864,0.001059
-14.989640,-1.056266,0.059589,0.059260,2.059508,3.352893,1.133030,1.843834,0.060904,1.374019,1.814573,0.001067,-0.000248,0.265400,1.277361,2.271565,2.283072,0.919230,0.004603,1.722066,1.174385,2.911823,0.865106,0.003315,2.134760,0.007825,0.353830,3.302932,2.865753,0.123804,0.746872,0.714655,0.002670
7.811251,-1.615181,0.070767,0.070110,2.631241,3.352893,1.055111,2.010521,0.070767,2.151893,2.311675,0.001396,-0.000248,0.005999,1.057083,2.111125,2.240003,0.918908,0.003637,1.407310,1.730442,2.684052,1.037465,0.003959,2.625095,0.009758,0.094487,3.226256,2.709825,0.098031,-0.000229,-0.015371,-0.000551
25.881516,-1.937380,0.077014,0.075699,2.879134,3.421935,1.304320,2.294251,0.077343,2.377758,2.495130,0.001396,0.000739,0.020136,1.196811,2.255784,2.281757,0.941459,0.002992,1.327091,1.810983,2.560984,1.152478,0.005248,2.857054,0.010724,-0.000551,3.179220,2.699838,0.026833,0.000093,-0.016982,0.000093
31.805960,-2.337498,0.079973,0.078986,3.058315,3.503142,1.571940,2.477047,0.081288,2.415896,2.767681,0.000739,0.000739,0.294004,1.408540,2.457321,2.327128,0.989462,0.004603,1.329991,2.081602,2.701771,1.348676,0.005892,3.254607,0.012335,0.000093,3.209826,2.817428,0.662464,0.001059,-0.014082,0.774578
35.506313,-2.327964,0.501130,0.083589,2.948834,3.543580,1.730408,2.542802,0.084576,2.410964,2.907080,0.000739,0.000410,0.465294,1.610406,2.530966,2.313648,1.189527,0.004925,1.425352,2.235919,2.873807,1.571615,0.006858,3.491076,0.012980,-0.000551,3.264594,2.922132,0.795196,0.003637,-0.013438,1.258470
37.055666,-2.403911,0.592857,0.421238,3.057986,3.566266,1.849752,2.550363,0.089178,2.490856,3.020835,0.001067,0.000081,0.592200,1.655119,2.608227,2.356060,1.243006,0.004603,1.458857,2.288755,2.905379,1.620261,0.006858,3.520393,0.013302,0.000415,3.279736,2.917944,0.862851,0.002670,-0.013116,1.504282
39.331296,-2.442706,0.671105,0.530391,3.194426,3.584019,1.996713,2.594090,0.092137,2.533596,3.056013,0.222331,0.000410,0.768093,1.735339,2.669707,2.466198,1.377671,0.005892,1.613174,2.387015,2.983988,1.759115,0.006536,3.511373,0.012980,-0.000229,3.320973,2.954026,0.867361,0.003315,-0.013116,1.558406
38.646919,-2.486433,0.798998,0.490281,3.261824,3.589937,2.176550,2.633214,0.094110,2.581925,3.058315,0.523815,-0.000248,0.987055,1.894136,2.711461,2.526692,1.465622,0.005892,1.691782,2.465946,3.029413,1.786177,0.008147,3.599968,0.013302,-0.000874,3.363499,3.000096,0.911176,0.003315,-0.012149,1.571615
39.834434,-1.962038,0.682283,0.563597,3.408784,3.608348,2.165043,2.636173,0.094768,2.400115,3.025109,0.610940,0.000081,1.199442,1.922410,2.718037,2.538199,1.459179,0.006536,1.652156,2.451448,2.991720,1.661499,0.007181,3.596747,0.013624,0.000737,3.372197,3.000740,0.905377,0.003637,-0.012149,1.290042
40.398508,-1.928503,0.592200,0.562282,3.452182,3.625116,2.237373,2.695351,0.095754,2.452718,3.012944,0.632968,0.000081,1.272429,1.992110,2.777873,2.577651,1.509437,0.006214,1.681795,2.497196,2.986887,1.735919,0.007503,3.596747,0.013624,0.000093,3.396360,3.059052,0.930506,0.003315,-0.012149,1.251704
40.904852,-2.015628,0.600748,0.640201,3.468292,3.649773,2.429704,2.828175,0.099042,2.551350,3.016561,0.729627,0.000410,1.375992,2.153208,2.837052,2.645049,1.530700,0.006214,1.735274,2.519103,2.979477,1.755249,0.008147,3.617687,0.013302,-0.001518,3.410213,3.102545,0.930506,0.004603,-0.011827,1.233985
40.591962,-2.043574,0.563268,0.699380,3.467963,3.655034,2.455348,2.825545,0.100028,2.569103,3.007684,0.750668,0.000410,1.400650,2.182468,2.862367,2.640775,1.519102,0.005892,1.763303,2.512337,2.973678,1.807762,0.007503,3.627997,0.013946,0.000415,3.409568,3.111565,0.928895,0.003637,-0.011827,1.216588
40.339043,-2.113274,0.323593,0.753298,3.509388,3.637280,2.486253,2.881107,0.100357,2.639460,3.004725,0.801956,0.000410,1.504213,2.244935,2.899189,2.720667,1.560017,0.006536,1.801318,2.552608,3.009761,1.897968,0.008469,3.643783,0.013302,0.000093,3.449195,3.126385,0.875416,0.003959,-0.011827,1.155699
41.274200,-2.250044,0.217400,0.635598,3.516950,3.666869,2.577651,3.001437,0.100357,2.798914,2.989273,0.839108,0.305511,1.588050,2.405704,3.016232,2.795955,1.628638,0.006536,1.827092,2.560662,3.011372,1.895391,0.008147,3.675033,0.014268,0.000093,3.452416,3.157957,0.865106,0.003315,-0.012149,1.146679
40.467000,-2.257277,0.156906,0.588255,3.539306,3.668185,2.533925,2.992560,0.099370,2.811079,2.931738,0.819381,0.244359,1.591009,2.383348,3.028396,2.784777,1.639269,0.007503,1.844489,2.578703,3.016204,1.887337,0.008147,3.663113,0.013302,0.000093,3.445651,3.150225,0.858985,0.002992,-0.012149,1.116395
40.525508,-2.224400,0.120741,0.527432,3.599800,3.638595,2.532281,3.016561,0.098713,2.772613,2.915299,0.852916,0.388361,1.616324,2.457321,3.105329,2.817654,1.745262,0.007503,1.892491,2.685662,3.071295,2.053896,0.008469,3.693719,0.014268,-0.000874,3.438241,3.170199,0.862529,0.004281,-0.011505,0.936305
38.231134,-2.354266,0.196029,0.467267,3.585005,3.677061,2.515842,2.996834,0.098384,2.882751,2.845271,0.886780,0.525459,1.702462,2.528664,3.138206,2.836065,1.786821,0.006536,1.914076,2.678575,3.057764,2.064205,0.009436,3.691786,0.013946,-0.000229,3.434053,3.155380,0.854475,0.004281,-0.011505,0.753959
37.415721,-2.371362,0.096411,0.335100,3.502813,3.659965,2.553651,2.988944,0.096740,2.830476,2.816339,0.867711,0.486993,1.614351,2.407348,3.075411,2.803517,1.710468,0.007181,1.839012,2.584180,2.948549,1.879605,0.008469,3.665368,0.013946,-0.000551,3.434375,3.073872,0.855763,0.002670,-0.010539,0.654088
36.787917,-2.370376,0.095425,0.131919,3.521224,3.652075,2.575021,2.984670,0.097069,2.927135,2.815024,0.942013,0.616529,1.670243,2.457650,3.149384,2.886367,1.780700,0.007181,1.880249,2.584502,2.965624,1.909566,0.007825,3.677288,0.013624,-0.001196,3.450483,3.084503,0.845776,0.003637,-0.011827,0.547451
35.053699,-2.535421,0.098055,0.195043,3.534375,3.675746,2.603953,3.049438,0.099042,3.134589,2.782804,1.003165,0.714503,1.753093,2.566802,3.184563,2.904450,1.774579,0.008147,1.911821,2.582569,2.938884,1.934695,0.008147,3.695329,0.014268,0.011369,3.463692,3.068073,0.824191,0.002670,-0.012471,0.539719
36.202814,-2.555805,0.117124,0.212468,3.549498,3.667527,2.675625,3.058643,0.101672,3.183905,2.828832,1.097194,0.770066,1.822464,2.641104,3.224015,2.988615,1.764592,0.006536,1.892491,2.575804,2.883794,1.922130,0.008469,3.697907,0.013624,0.042619,3.474646,3.055508,0.789075,0.003315,-0.012149,0.505892
35.442690,-2.521284,0.126330,0.571487,3.599471,3.691198,2.715406,3.101055,0.104631,3.195083,2.891299,1.190565,0.836806,1.927671,2.734804,3.235522,3.013273,1.831924,0.007825,1.870262,2.592234,2.845779,1.919231,0.008147,3.699517,0.013624,0.096098,3.472069,3.052609,0.778766,0.002992,-0.011827,0.526189
37.313148,-2.515366,0.537953,0.331484,3.596512,3.686924,2.729215,3.125713,0.290716,3.216125,2.967574,1.357581,0.877245,2.002302,2.761434,3.242426,3.023465,1.837723,0.007503,1.918909,2.605121,2.811629,1.911821,0.008791,3.718847,0.014590,0.087400,3.464014,3.046810,0.765235,0.002992,-0.011505,0.488817
37.834039,-2.484790,0.588255,0.533021,3.620184,3.705007,2.809106,3.172727,0.491924,3.241769,2.994862,1.460486,0.906506,2.065097,2.773928,3.295687,3.043520,1.875739,0.008147,1.944360,2.625740,2.773936,1.909566,0.007181,3.719814,0.013624,0.177606,3.453705,3.055186,0.813882,0.001704,-0.011505,0.353186
37.239250,-2.582436,1.159003,0.906835,3.651417,3.695801,2.858751,3.217768,0.601077,3.327907,3.034972,1.629475,0.941356,2.143673,2.838367,3.330866,3.043520,1.965623,0.008147,1.973677,2.658600,2.826771,2.038754,0.008791,3.738822,0.013946,0.284887,3.485277,3.087725,0.838044,0.188560,0.205634,0.237529
36.259956,-2.274045,1.233305,0.915383,3.630047,3.687911,2.841983,3.182919,0.744750,3.362428,3.037931,1.728435,0.965027,2.115728,2.839682,3.328564,3.003739,1.896679,0.007503,1.941782,2.601899,2.751062,1.906344,0.009114,3.744299,0.015235,0.290364,3.487532,3.073550,0.839011,0.183727,0.161820,0.000737
37.153725,-2.210263,1.570954,1.068262,3.662595,3.676404,2.886367,3.242755,0.899273,3.399250,3.054369,1.809642,1.014343,2.154852,2.898532,3.364729,3.023465,1.890236,0.007825,1.949837,2.659889,2.791655,1.925030,0.009114,3.740755,0.014590,0.412464,3.491721,3.111887,0.842233,0.246227,0.271356,0.001382
37.434719,-2.226373,1.660051,1.159003,3.673774,3.703034,2.942916,3.242426,0.931821,3.413058,3.057657,1.950685,1.066618,2.216661,2.949491,3.380839,3.072452,1.859952,0.008147,1.936950,2.626384,2.758150,1.902800,0.008469,3.739788,0.014590,0.576124,3.470780,3.053898,0.828702,0.561949,0.526833,0.002348
38.083836,-2.209605,1.852053,1.196483,3.653061,3.675417,2.938313,3.238152,0.918342,3.429168,3.080342,2.027288,1.046234,2.261373,2.964944,3.397606,3.064890,1.856731,0.008469,1.928252,2.587724,2.692428,1.893780,0.008147,3.728190,0.015235,0.644423,3.450483,2.992364,0.832245,0.527477,0.510080,0.001382
37.444717,-2.224400,2.076933,1.385526,3.657664,3.681007,2.978094,3.253604,1.034398,3.486045,3.096781,2.242962,1.316484,2.350470,3.019520,3.469607,3.125384,1.822259,0.269423,1.874450,2.611886,2.718201,1.973677,0.008791,3.733989,0.013946,0.754281,3.452739,3.000418,0.785209,0.633470,0.612851,0.002026
37.015574,-2.101438,2.152221,1.592981,3.680349,3.675417,2.997492,3.264454,1.110344,3.527142,3.121767,2.363950,1.515062,2.422800,3.091520,3.538978,3.151028,1.858019,0.848676,1.854153,2.633149,2.722711,2.073548,0.009114,3.737533,0.014913,0.981730,3.452416,3.038434,0.740428,0.727542,0.722065,0.002348
37.698650,-2.068232,2.344553,1.815560,3.726706,3.677390,3.085274,3.281550,1.127112,3.567252,3.102370,2.452718,1.607118,2.495459,3.132946,3.591581,3.246043,1.967878,1.060338,1.791976,2.667621,2.720456,2.127028,0.008469,3.747198,0.013946,1.111240,3.448873,3.064207,0.720776,0.902155,0.883147,0.002992
37.480944,-2.067903,2.403403,1.878355,3.759583,3.671143,3.124726,3.280235,1.194181,3.631691,3.161877,2.526692,1.749476,2.625323,3.149713,3.649116,3.305550,2.055829,1.231408,1.866718,2.729477,2.796165,2.210791,0.009114,3.754930,0.014268,1.233663,3.474968,3.129284,0.637335,1.205313,1.189527,0.004281
36.696679,-1.915681,2.431348,2.316936,3.805611,3.675417,3.155302,3.318701,1.214565,3.649116,3.268728,2.605268,1.831012,2.690091,3.165165,3.682979,3.396291,2.118329,1.335145,1.948548,2.744941,2.861565,2.253316,0.271034,3.768139,0.014268,1.489140,3.513950,3.193073,0.625093,1.422774,1.392813,0.004925
37.389278,-1.879516,2.440882,2.403074,3.823364,3.666869,3.170097,3.339414,1.197469,3.622485,3.367359,2.626967,1.892821,2.719352,3.169768,3.705336,3.396949,2.071937,1.399578,1.920520,2.795199,2.893459,2.257505,1.032310,3.766850,0.015235,1.536499,3.492365,3.236243,0.638302,1.688561,1.664398,0.006536
38.087867,-1.890037,2.454033,2.545103,3.850324,3.676075,3.221056,3.370647,1.279004,3.688568,3.389387,2.685159,2.008548,2.735461,3.181604,3.726377,3.429826,2.106731,1.802929,1.969167,2.829993,2.942428,2.310984,1.327735,3.773938,0.216910,1.710146,3.516527,3.303576,0.641201,1.983342,1.958535,0.006214
38.766878,-1.808829,2.482965,2.659187,3.878927,3.665226,3.231577,3.388401,1.312868,3.700733,3.433113,2.748941,2.035836,2.775900,3.200672,3.767802,3.442319,2.189528,2.086113,2.139592,2.828060,2.971423,2.340623,1.800996,3.773293,0.458856,1.869295,3.539401,3.366398,0.632825,2.214334,2.179540,0.007181
39.051559,-1.879516,2.528993,2.701269,3.881557,3.668185,3.267413,3.377551,1.321745,3.804296,3.438045,2.798585,2.016110,2.806805,3.225659,3.796734,3.447908,2.247517,2.285533,2.154734,2.843201,2.960147,2.421809,1.954025,3.776193,0.561949,1.987852,3.525548,3.411824,0.579668,2.447260,2.418587,0.009114
37.880275,-1.871296,2.513212,2.863353,3.904242,3.643198,3.273659,3.446922,1.601201,3.835529,3.477826,2.880449,2.162413,2.876175,3.249988,3.817118,3.493278,2.307440,2.383793,2.355443,2.932763,3.046810,2.507505,2.198226,3.791335,0.671485,2.132827,3.565819,3.466914,0.545196,2.693717,2.654090,0.009114
37.808614,-1.783514,2.668063,3.004396,3.916406,3.635965,3.287797,3.442976,1.879012,3.865118,3.515306,2.933053,2.318580,2.904450,3.263139,3.822049,3.502155,2.377350,2.419554,2.441139,3.060341,3.126707,2.633472,2.511371,3.799711,0.727542,2.242363,3.573229,3.473679,0.495905,2.828060,2.778124,0.011369
37.457370,-1.595126,2.781161,3.043849,3.945667,3.620513,3.299304,3.447908,2.006576,3.896351,3.566266,2.994862,2.461595,2.919573,3.286153,3.830926,3.528457,2.417299,2.559374,2.456603,3.142815,3.175998,2.750095,2.533922,3.820330,0.807439,2.312273,3.598357,3.533280,0.644423,2.947261,2.891848,0.010402
37.228942,-1.537262,2.936998,3.081657,3.983147,3.653719,3.356510,3.532073,2.338306,3.936790,3.631691,3.057657,2.623022,2.989930,3.315413,3.832241,3.565608,2.366074,2.718845,2.511371,3.187918,3.236888,2.815495,2.759438,3.846103,0.913431,2.407634,3.625097,3.583216,1.000416,3.032957,2.980766,0.011691
38.048102,-1.402136,3.070150,3.130315,3.983804,3.667856,3.369661,3.521553,2.462581,3.959804,3.649445,3.132617,2.703899,3.012944,3.298975,3.831912,3.564622,2.440172,2.877029,2.576448,3.260406,3.284568,2.974967,2.944039,3.896683,1.042941,2.466912,3.679865,3.665368,1.353831,3.108988,3.048743,0.011047
39.408821,-1.428438,3.082644,3.157932,3.995640,3.651417,3.366702,3.513005,2.434636,3.950927,3.670157,3.158261,2.735133,3.003410,3.302263,3.825008,3.569882,2.440817,2.937918,2.575160,3.294555,3.297777,2.999452,3.095135,3.914080,1.111885,2.453703,3.720780,3.721425,1.630249,3.251707,3.193395,0.011369
39.268524,-1.346902,3.172727,3.226645,4.023257,3.660294,3.393990,3.572512,2.608556,3.972626,3.753336,3.272344,2.866641,3.059301,3.353222,3.842433,3.592896,2.488819,3.053253,2.705959,3.369620,3.366398,3.105122,3.387983,3.989789,1.210467,2.508149,3.803899,3.809054,1.989141,3.350934,3.295522,0.012335
40.576865,-1.294298,3.259851,3.287139,4.050874,3.679034,3.434100,3.590266,2.804503,3.990051,3.801994,3.384784,2.954094,3.148069,3.386428,3.850324,3.595855,2.547453,3.244942,2.761371,3.457249,3.410535,3.188241,3.522971,4.045846,1.387980,2.531023,3.866399,3.892495,2.264914,3.434375,3.377996,0.013946
41.339456,-1.225585,3.346318,3.337112,4.070600,3.675089,3.472566,3.667198,2.883408,4.024572,3.837173,3.441333,3.018204,3.181932,3.417990,3.868406,3.611307,2.669232,3.385728,2.804864,3.533602,3.444362,3.240109,3.659891,4.090305,1.543586,2.555185,3.929544,3.954028,2.534889,3.526192,3.457893,0.951124
42.254372,-1.147665,3.397277,3.378209,4.068956,3.667856,3.499525,3.725062,2.988615,4.032791,3.857885,3.515635,3.066205,3.231577,3.446922,3.901283,3.624129,2.701448,3.490754,2.825160,3.596424,3.451450,3.281024,3.830317,4.133153,1.667298,2.558407,3.961116,3.977869,2.767492,3.556476,3.495587,1.468522
42.661696,-1.034567,3.435744,3.424237,4.073888,3.657993,3.533717,3.761227,3.123082,4.046928,3.890434,3.584019,3.084287,3.314756,3.486045,3.928242,3.633664,2.698549,3.560020,2.869297,3.683731,3.489465,3.360277,3.931799,4.165369,1.880893,2.668910,4.015240,4.008474,3.037789,3.670200,3.613499,1.964978
45.102627,-0.964539,3.467634,3.503799,4.072573,3.629061,3.555745,3.807255,3.159905,4.067312,3.910160,3.636294,3.167138,3.463360,3.514320,3.946325,3.652732,2.829026,3.650548,2.982699,3.753641,3.536502,3.450161,4.056155,4.209506,2.096744,2.821616,4.070975,4.047779,3.212081,3.783281,3.719170,2.554863
44.826336,-0.882345,3.493607,3.585663,4.092299,3.618869,3.573827,3.862488,3.232234,4.080463,3.963749,3.680678,3.243741,3.597170,3.531745,3.962434,3.694486,2.886049,3.774904,3.043588,3.820974,3.607378,3.535213,4.164403,4.245589,2.252672,2.929219,4.102225,4.071619,3.309697,3.843203,3.778126,3.089014
45.783002,-0.777138,3.503142,3.632677,4.088025,3.613280,3.613937,3.911146,3.302591,4.084737,3.985120,3.697116,3.319687,3.682979,3.579745,3.976572,3.720459,2.983665,3.886374,3.106088,3.886696,3.642494,3.616077,4.233991,4.272973,2.362530,3.031668,4.125743,4.126065,3.448550,3.936954,3.871232,3.404414
43.913230,-0.750178,3.499525,3.646486,4.095915,3.591910,3.623143,3.935475,3.300290,4.082436,3.991366,3.724733,3.390373,3.720130,3.588951,3.978873,3.731309,2.994619,3.926322,3.132828,3.899260,3.664079,3.647971,4.288114,4.280382,2.409889,3.059052,4.150550,4.172135,3.525548,3.970137,3.904737,3.578061
34.458406,-0.652533,3.555416,3.692185,4.127806,3.589937,3.647143,3.984133,3.342373,4.086052,4.018654,3.785556,3.460730,3.778323,3.651746,4.004517,3.783912,3.056153,4.010085,3.207248,3.949196,3.744299,3.739466,4.377677,4.292947,2.756539,3.170199,4.204673,4.225936,3.734311,4.044879,3.974325,3.750420
8.012446,-0.459872,3.701062,3.757939,4.207369,3.686924,3.754322,4.081778,3.464018,4.070600,4.051531,3.865776,3.694815,3.943037,3.751364,4.068299,3.954215,3.160534,4.101258,3.299066,4.047457,3.914402,3.878642,4.428579,4.321297,3.005251,3.358344,4.263308,4.298424,3.963371,4.110601,4.037792,4.041013
-27.982076,-0.336253,3.672130,3.691527,4.162656,3.849995,3.818762,4.123532,3.507087,3.985448,4.042983,3.828953,3.758925,3.951914,3.743144,4.104792,4.026216,3.230444,4.127998,3.406991,4.108024,4.034248,3.918912,4.404416,4.297457,3.038111,3.407313,4.249777,4.312599,4.057121,4.105769,4.028127,4.080317
-34.532648,-0.274444,3.501169,3.571197,3.991366,3.921996,3.767473,4.015038,3.305879,3.737884,3.903584,3.650431,3.587636,3.799364,3.598156,4.069942,4.034764,2.983665,4.014918,3.303576,4.061954,3.954995,3.756863,4.129287,4.153449,2.641848,3.241720,4.155704,4.214016,3.840304,3.942753,3.849325,3.730123
-31.701668,-0.247813,3.476511,3.526156,3.931201,3.938434,3.751364,3.982818,3.245056,3.642212,3.843419,3.554430,3.486374,3.716185,3.560348,4.075203,4.028517,2.820328,3.919879,3.273937,3.975936,3.918268,3.614144,3.924389,4.017817,2.212079,3.052609,4.077418,4.046168,3.599324,3.807121,3.733345,3.771038
-31.558428,-0.248471,3.437716,3.490319,3.892406,3.934160,3.719144,3.974928,3.218426,3.580074,3.837830,3.532073,3.456456,3.703034,3.547854,4.067641,4.017997,2.735920,3.841593,3.246553,3.900227,3.835471,3.538112,3.868332,3.936309,2.194682,2.987209,4.058410,3.820974,3.407958,3.734634,3.660535,3.650870
-31.693202,-0.267869,3.382483,3.496895,3.834214,3.930872,3.686596,3.937777,3.197713,3.549498,3.820734,3.496566,3.404510,3.689555,3.518923,4.057778,3.975914,2.732054,3.800678,3.208537,3.868977,3.808732,3.471746,3.820974,3.916013,2.089012,2.953060,4.040047,3.770716,3.368653,3.691463,3.616399,3.571940
-31.732741,-0.273786,3.355523,3.482100,3.813501,3.921009,3.662924,3.878269,3.160562,3.522539,3.812186,3.471580,3.346975,3.650102,3.513333,4.034435,3.937119,2.714979,3.760729,3.157957,3.823551,3.763628,3.429220,3.760729,3.877997,2.046486,2.912145,4.023938,3.747520,3.315818,3.649904,3.576450,3.505896
-32.079863,-0.343815,3.330208,3.416017,3.733939,3.889447,3.635307,3.842433,3.062260,3.475196,3.746432,3.404182,3.326920,3.593225,3.488018,4.018654,3.880899,2.658600,3.669878,3.102545,3.785858,3.719170,3.349323,3.672778,3.836438,1.911499,2.859310,3.947907,3.696940,3.256218,3.583538,3.508473,3.387339
-32.401057,-0.405624,3.268399,3.366044,3.682322,3.880570,3.615581,3.823036,3.023465,3.456785,3.715199,3.355852,3.315413,3.553772,3.452511,3.988736,3.848022,2.644425,3.604801,3.049065,3.740755,3.687275,3.243653,3.603190,3.792946,1.807440,2.838047,3.898938,3.670200,3.209181,3.541656,3.474324,3.201449
-32.398733,-0.408255,3.248673,3.315085,3.609992,3.868077,3.593554,3.784898,2.941272,3.430154,3.662924,3.326920,3.283523,3.511361,3.412072,3.986435,3.792460,2.574837,3.546489,3.038111,3.706927,3.657314,3.196295,3.532636,3.751386,1.632504,2.775547,3.860600,3.634118,3.123163,3.480767,3.408602,3.110599
-32.423409,-0.400035,3.181932,3.315413,3.576786,3.867420,3.562320,3.757281,2.867627,3.384126,3.616567,3.302920,3.263468,3.454155,3.382811,3.954215,3.771090,2.565495,3.493009,3.028769,3.667945,3.614144,3.114465,3.466270,3.722391,1.598354,2.736887,3.848036,3.618654,3.041333,3.410213,3.342236,2.985598
-32.523028,-0.406611,3.122754,3.277933,3.522539,3.828296,3.536676,3.733610,2.763078,3.351578,3.567581,3.266427,3.248015,3.413058,3.354208,3.932516,3.734267,2.524580,3.443074,3.010083,3.626386,3.582894,3.020392,3.411501,3.661180,1.538754,2.685340,3.834827,3.580316,2.967235,3.372519,3.309375,2.879928
-33.005616,-0.461187,3.056671,3.232234,3.438374,3.811529,3.531416,3.699418,2.687461,3.335468,3.533717,3.232563,3.207577,3.354208,3.340400,3.908516,3.707966,2.443394,3.389272,2.984310,3.567107,3.544234,2.920199,3.339014,3.626386,1.416009,2.632505,3.805188,3.557765,2.850611,3.339981,3.278125,2.721745
-33.002805,-0.561463,2.910368,3.184234,3.420620,3.785884,3.487689,3.602759,2.621707,3.289769,3.487689,3.190480,3.155631,3.313441,3.315085,3.882543,3.663253,2.393136,3.332249,2.918266,3.481411,3.485922,2.769103,3.240109,3.570973,1.300029,2.619941,3.764917,3.532958,2.734954,3.318073,3.251063,2.582569
-32.807194,-0.599600,2.825545,3.180946,3.388729,3.757939,3.439031,3.544238,2.495130,3.260509,3.443634,3.143137,3.122754,3.257878,3.303578,3.863474,3.652075,2.302608,3.289723,2.871552,3.398937,3.428254,2.635727,3.119619,3.540690,1.047130,2.576448,3.739466,3.469169,2.630894,3.282957,3.214658,2.477543
-32.706054,-0.694945,2.720338,3.124397,3.413716,3.731637,3.390044,3.491635,2.365923,3.224673,3.405168,3.068178,3.105986,3.222700,3.283851,3.839145,3.610978,2.286177,3.216591,2.830315,3.328383,3.396360,2.551964,3.033923,3.492043,0.876060,2.514593,3.722069,3.425999,2.514915,3.219491,3.151836,2.356087
-31.954711,-0.708424,2.574364,3.045821,3.345660,3.687253,3.379524,3.411414,2.280442,3.157932,3.358154,3.039575,3.059630,3.171412,3.273002,3.801994,3.604403,2.273291,3.127673,2.777802,3.254929,3.328383,2.312595,2.855766,3.481089,0.783598,2.491397,3.691463,3.335470,2.260082,3.161501,3.097068,2.170842
-31.606832,-0.721904,2.503020,2.976779,3.268728,3.657335,3.381825,3.375250,2.029590,3.061931,3.328893,2.990588,3.048123,3.128672,3.245714,3.766487,3.580731,2.231409,2.939529,2.689851,3.171488,3.262661,2.194682,2.757183,3.376707,0.688238,2.436306,3.646360,3.228511,1.999128,3.094813,3.027480,2.058728
-31.469021,-0.689684,2.433978,2.962971,3.220399,3.624787,3.301276,3.324290,1.921753,2.964944,3.261495,2.938971,3.010972,3.048780,3.208892,3.719144,3.566594,2.087401,2.793588,2.583536,3.095457,3.172454,2.063883,2.695650,3.271681,0.536498,2.332569,3.566463,3.160857,1.800674,3.044233,2.975289,1.962723
-31.698886,-0.788316,2.348827,2.890970,3.113219,3.595855,3.281550,3.277276,1.415445,2.907737,3.212508,2.846915,2.911683,2.968231,3.182919,3.680020,3.528128,1.999450,2.660211,2.450159,3.010405,3.090624,1.851898,2.576448,3.219813,0.310660,2.159888,3.512017,3.099645,1.555828,2.890237,2.828382,1.769746
-31.793078,-0.820536,2.312991,2.792010,3.095466,3.564622,3.238481,3.243413,1.361197,2.853819,3.121439,2.784120,2.861052,2.942258,3.145439,3.654047,3.495251,1.966589,2.501062,2.385404,2.888304,3.058730,1.732375,2.406667,3.154091,0.137013,2.029089,3.485922,3.079349,1.139269,2.797454,2.732376,1.640236
-31.879031,-0.894181,2.296881,2.688447,3.055356,3.517279,3.221056,3.223358,1.270785,2.794969,3.078041,2.698968,2.775900,2.905107,3.133274,3.629718,3.468621,1.846099,2.401835,2.332569,2.777157,2.987209,1.526189,2.226899,3.042944,0.011691,1.906344,3.463692,3.038756,0.998483,2.579348,2.517492,1.409243
-31.987373,-0.945798,2.280442,2.529651,2.976451,3.483415,3.183247,3.175028,1.235278,2.701927,3.030698,2.603624,2.698639,2.872559,3.114534,3.597499,3.435415,1.770068,2.285533,2.281989,2.667299,2.963691,1.382504,2.103832,2.956604,0.010724,1.788432,3.441785,2.976900,0.954024,2.473678,2.413755,1.132181
-30.986641,-0.941196,2.214359,2.392224,2.840668,3.447908,3.134261,3.180946,1.162290,2.524719,2.996834,2.460938,2.502691,2.837052,3.078041,3.543580,3.390702,1.704991,2.102865,2.227221,2.507505,2.918910,1.252671,1.920520,2.878962,0.011691,1.477864,3.404414,2.948227,0.829346,2.303252,2.228510,0.947258
-30.449067,-0.957306,2.109481,2.278798,2.716064,3.420949,3.082644,3.166480,1.111331,2.386306,2.939628,2.302470,2.369868,2.806476,3.064561,3.495909,3.349934,1.654411,1.918909,2.147968,2.454348,2.863176,1.165042,1.729798,2.820972,0.009758,1.302607,3.377352,2.897325,0.653766,2.023935,1.963045,0.768779
-30.150075,-0.884647,2.060165,2.145646,2.593432,3.411086,3.002752,3.088233,1.049522,2.225209,2.846257,2.102248,2.197921,2.752557,3.031027,3.461716,3.297660,1.617040,1.722066,2.098999,2.417299,2.772969,1.100931,1.644102,2.772325,0.010724,1.175029,3.350612,2.847712,0.583856,1.758470,1.692749,0.306794
-30.093039,-0.806070,1.809642,1.923068,2.398800,3.364071,2.887682,3.025766,0.918342,2.034192,2.743023,1.895122,2.124933,2.661159,2.987629,3.391688,3.244728,1.431473,1.457568,1.900867,2.279734,2.683729,0.896678,1.569359,2.665366,0.009758,1.057761,3.334504,2.772969,0.401188,1.432117,1.391202,0.054539
-29.669215,-0.824152,1.703777,1.746518,2.288004,3.318701,2.747297,2.932066,0.799984,1.920109,2.662145,1.748490,2.073645,2.573048,2.949163,3.354537,3.203631,1.335467,1.334823,1.921486,2.154412,2.627028,0.794230,1.518135,2.543910,0.008791,0.953379,3.313885,2.712402,0.269423,1.204024,1.159243,0.020712
-29.491780,-0.806070,1.563721,1.638352,2.199893,3.287797,2.634857,2.774914,0.501459,1.806354,2.608885,1.641968,1.916164,2.434965,2.918258,3.320674,3.182261,1.258792,1.248161,1.903123,2.034566,2.546809,0.658598,1.371872,2.453059,0.009114,0.795196,3.299066,2.581603,0.239139,1.066459,1.031666,0.003315
-29.969110,-0.904044,1.450623,1.527884,2.073974,3.246371,2.578309,2.620063,0.124028,1.655777,2.569761,1.522295,1.735339,2.280442,2.819627,3.251961,3.133274,1.150867,1.185016,1.970455,1.828058,2.584502,0.556150,1.182117,2.378961,0.008469,0.717877,3.295200,2.522324,0.263946,0.953379,0.917941,0.003959
-30.295523,-0.853413,1.320758,1.450623,1.894465,3.224673,2.457979,2.520774,0.087863,1.517364,2.506637,1.417746,1.606132,2.189044,2.749927,3.221056,3.076397,1.116073,1.104475,2.010726,1.626383,2.567105,0.457890,0.964333,2.270391,0.008791,0.642490,3.271037,2.483987,0.203701,0.866717,0.831923,0.002348
-30.723983,-0.858016,1.243497,1.375006,1.874081,3.163521,2.416553,2.343237,0.083261,1.439445,2.460938,1.255662,1.417088,2.076604,2.700283,3.203303,2.974478,1.052606,1.076124,2.013947,1.569682,2.595134,0.437915,0.854475,2.140236,0.006858,0.613495,3.261050,2.441461,0.175351,0.818392,0.784565,0.002026
-31.214627,-0.849139,1.168208,1.179058,1.812601,3.128672,2.335676,2.239017,0.079644,1.389472,2.400772,1.153742,1.355279,2.111454,2.602967,3.190480,2.918916,0.994939,1.018135,1.964334,1.490751,2.583214,0.457567,0.729153,2.027478,0.007825,0.592555,3.230766,2.397969,0.166008,0.718521,0.686949,0.003315
-31.444723,-0.799823,1.080097,0.855546,1.752107,3.063246,2.164057,2.169317,0.076685,1.306950,2.335347,1.079769,1.300703,2.108166,2.481650,3.153987,2.857107,0.923096,1.012658,1.979798,1.442748,2.637982,0.454024,0.538109,1.916654,0.007503,0.561627,3.166011,2.347066,0.158276,0.685338,0.654732,0.002348
-31.276986,-0.732753,0.874944,0.766120,1.625858,3.044835,2.028603,2.134139,0.070767,1.105413,2.200551,1.009083,1.127769,2.051289,2.406033,3.084945,2.830476,0.817748,0.858019,1.993973,1.222065,2.655379,0.459178,0.408276,1.751383,0.005892,0.467232,3.148936,2.312917,0.161820,0.633792,0.603830,0.001704
-31.007534,-0.711383,0.595159,0.703654,1.562406,3.004725,1.970411,2.104878,0.066822,1.050179,2.117700,0.906835,1.023549,1.951342,2.325484,2.998478,2.747626,0.757503,0.802284,1.917942,1.153444,2.635727,0.459500,0.156987,1.670197,0.005892,0.433727,3.103511,2.266847,0.146678,0.570969,0.541652,0.002348
-31.243369,-0.677848,0.473842,0.662886,1.513090,2.983684,1.887232,1.944109,0.063534,0.975219,2.060165,0.842724,0.930178,1.861588,2.250853,2.955409,2.642419,0.723354,0.782310,1.915365,1.039720,2.614786,0.463366,0.001704,1.570970,0.005892,0.444036,3.081604,2.215945,0.185660,0.542619,0.515879,0.001704
-30.546165,-0.637409,0.327210,0.620146,1.467719,2.991574,1.796491,1.773477,0.060575,0.908150,1.995397,0.736531,0.830888,1.816546,2.132495,2.936340,2.518472,0.685338,0.752993,1.908277,0.958534,2.589335,0.451124,0.002026,1.459823,0.005248,0.425673,3.072583,2.181151,0.182116,0.512980,0.485274,0.001704
-31.094114,-0.659108,0.270332,0.562610,1.484158,2.981711,1.764271,1.659064,0.058603,0.893026,1.927671,0.573460,0.776970,1.667612,1.983233,2.854148,2.452718,0.582890,0.722387,1.896679,0.834823,2.600933,0.445325,0.001059,1.393779,0.004603,0.425029,3.053898,2.144424,0.169230,0.431794,0.387980,0.001704
-31.331321,-0.538120,0.224304,0.418937,1.316813,2.934368,1.650845,1.571940,0.054657,0.706284,1.894136,0.365347,0.728640,1.537419,1.815888,2.764393,2.378745,0.550673,0.731730,1.876383,0.747516,2.591912,0.434694,0.002026,1.256537,0.004925,0.349642,3.038434,2.122195,0.094809,0.287786,0.266523,0.001704
-31.374668,-0.564422,0.146714,0.288743,1.164592,2.966259,1.518021,1.393088,0.049726,0.685242,1.844163,0.285127,0.648420,1.455555,1.723832,2.693379,2.361977,0.557439,0.718199,1.937916,0.627026,2.652801,0.446614,0.001704,1.177606,0.003637,0.308405,3.006217,2.146357,0.114462,0.140879,0.119294,-0.000229
-31.878526,-0.628861,0.055315,0.246660,1.220812,2.956724,1.435500,1.408869,0.048082,0.677023,1.825423,0.221345,0.583323,1.341142,1.637694,2.665433,2.318580,0.561949,0.693070,1.953380,0.484307,2.757505,0.478508,0.002026,1.018457,0.003959,0.261691,2.995586,2.126705,0.108663,0.001059,-0.016660,0.000737
-32.453507,-0.599929,0.046438,0.046109,1.232648,3.000122,1.359882,1.301032,0.046767,0.648749,1.767559,0.107261,0.432417,1.123495,1.557145,2.581268,2.281428,0.559694,0.548418,1.963368,0.331601,2.780379,0.494939,0.001704,0.847387,0.002670,0.034887,2.957248,2.073226,0.183083,0.000415,-0.017304,-0.000551
-32.976056,-0.594340,0.045780,0.045452,1.162619,3.124726,1.315169,1.242182,0.047096,0.640529,1.723504,0.000410,0.273948,0.827272,1.486788,2.512226,2.266634,0.571292,0.525544,1.951770,0.343199,2.829348,0.527477,0.002992,0.814848,0.002348,-0.001518,3.012660,2.057118,0.127348,0.000737,-0.016982,0.000415
-33.076050,-0.604532,0.044794,0.044794,1.145523,3.194426,1.172154,1.249744,0.046767,0.650393,1.707394,0.000739,0.000081,0.698722,1.429911,2.473431,2.263675,0.692426,0.486884,1.965301,0.443070,2.948872,0.574191,0.002348,0.786176,0.002348,-0.000229,3.075483,2.089979,0.125737,-0.000229,-0.016660,-0.000229
-33.967272,-0.600258,0.044794,0.044794,1.183003,3.188508,1.052152,1.275059,0.045452,0.647105,1.707723,-0.000576,-0.000248,0.548802,1.373362,2.359347,2.236058,0.710145,0.420841,1.966911,0.476575,3.020715,0.561949,0.002348,0.751382,0.002992,0.069036,3.088369,2.084180,0.123160,0.000415,-0.016660,0.000415
-34.317575,-0.642341,0.043808,0.045123,1.189250,3.243741,0.949904,1.255004,0.046109,0.689845,1.750792,0.000081,0.000081,0.395923,1.274073,2.244277,2.193318,0.738173,0.347387,1.971422,0.481085,3.099001,0.600609,0.002670,0.721098,0.002348,0.198547,3.103511,2.093200,0.128959,-0.000551,-0.016982,-0.000551
-34.466833,-0.673246,0.044794,0.045452,1.173469,3.238152,0.860149,1.231990,0.045452,0.718777,1.792217,0.000410,0.000410,0.279538,1.143879,2.174578,2.152879,0.840622,0.187593,1.987530,0.482696,3.186952,0.748160,0.004281,0.848676,0.002670,0.333534,3.125096,2.128316,0.097709,0.000093,-0.017626,-0.000874
-36.618527,-0.719274,0.044137,0.045452,1.219497,3.238810,0.793080,1.194839,0.044794,0.760202,1.756052,0.000410,0.000739,0.128631,0.917355,2.122632,2.122303,0.925995,0.113495,2.110275,0.520067,3.280380,1.059050,0.004603,1.165364,0.004603,0.411176,3.177287,2.197260,0.103186,0.000415,-0.017304,0.000093
-41.760439,-0.745247,0.044465,0.044794,1.327334,3.228618,0.651379,1.148482,0.044465,0.788477,1.709366,0.000081,0.001067,0.032301,0.714503,2.005261,2.089755,0.906666,0.004281,2.135404,0.438560,3.318073,1.044874,0.003959,1.081923,0.003315,0.415364,3.187596,2.166976,0.104474,0.000737,-0.016660,-0.000551
-40.982025,-0.687054,0.043808,0.041835,1.352978,3.218755,0.542227,1.051494,0.041506,0.733901,1.632763,0.001067,-0.000248,0.000410,0.580364,1.833313,2.040110,0.895712,0.003637,2.141203,0.285209,3.346746,1.022967,0.004603,0.996550,0.003315,0.357696,3.164078,2.077414,0.120905,0.000093,-0.017304,0.000093
-36.715188,-0.853413,0.043150,0.043808,1.491391,3.177987,0.487979,1.076481,0.043808,0.898287,1.669256,0.000739,-0.000905,-0.000576,0.418937,1.602844,2.057864,0.990106,0.004281,2.108986,0.391524,3.419556,1.254926,0.005248,1.545197,0.005892,0.485596,3.285535,2.223677,0.122516,0.000093,-0.017304,-0.000551
-23.940081,-1.081253,0.043808,0.043479,1.808984,3.168124,0.047753,0.735216,0.044137,1.306950,1.627831,0.000081,0.000081,0.000739,0.000739,0.972260,1.844820,1.195326,0.004603,2.393780,0.693714,3.486888,1.468522,0.006214,1.676318,0.005892,0.512980,3.377030,2.323871,0.057116,0.000415,-0.016982,-0.000551
11.013706,-1.510631,0.055644,0.055315,2.106522,3.229933,0.429129,1.194839,0.054657,1.870464,1.975014,0.000739,0.001067,-0.000905,0.027698,1.159331,2.001315,1.277478,0.005570,2.290365,1.608664,3.378318,1.640236,0.006858,2.089334,0.008147,0.812271,3.412468,2.375095,0.111240,0.000093,-0.016660,-0.000229
33.277873,-1.689813,0.059918,0.060575,2.049316,3.283851,0.596803,1.338183,0.061233,2.047672,2.504007,0.001396,0.000410,0.000739,0.180248,1.559118,2.040110,1.085145,0.004281,1.937916,2.395069,3.136372,1.798097,0.007503,2.622518,0.009758,0.320647,3.258151,2.211757,0.010402,0.000093,-0.017626,-0.000229
37.427429,-2.113603,0.066164,0.066493,2.332717,3.341715,0.776312,1.761641,0.067479,2.378087,2.581268,0.001067,0.000081,-0.000576,0.452472,1.795176,2.128879,1.074191,0.003959,1.663754,2.663433,2.988498,1.903445,0.008147,2.998163,0.011369,-0.000874,3.053253,2.061950,0.427284,0.001059,-0.016015,0.661498
38.704219,-2.218811,0.070767,0.071425,2.563185,3.393003,0.909794,1.903341,0.070767,2.519788,2.600336,0.000410,0.000739,0.001725,0.644803,2.021042,2.150249,1.227220,0.005248,1.570004,2.670843,2.949516,1.917620,0.007825,3.253318,0.012980,-0.000229,3.058086,2.062272,0.552606,0.001382,-0.015371,1.077091
37.714875,-2.307580,0.074384,0.074712,2.742366,3.418976,1.167222,2.076604,0.074384,2.607898,2.645049,0.001725,0.000410,0.001067,0.971603,2.168660,2.205811,1.254604,0.004925,1.534566,2.645714,2.934052,1.935661,0.008469,3.359633,0.012657,-0.000551,3.070006,2.077092,0.473031,0.002026,-0.016337,1.235918
38.619888,-2.267798,0.073726,0.073397,2.762421,3.432127,1.166893,2.071015,0.078000,2.566802,2.678913,0.001067,0.000081,-0.000248,0.996589,2.164386,2.179838,1.147645,0.004603,1.656022,2.615108,2.871552,1.799708,0.007825,3.377674,0.012980,-0.000229,3.044233,2.035533,0.407310,0.001704,-0.015371,1.221421
40.428508,-2.375636,0.076028,0.075699,2.873545,3.454155,1.277689,2.156495,0.078000,2.665104,2.669707,0.000410,-0.001563,0.000081,1.164592,2.207455,2.221921,1.226253,0.005892,1.704669,2.618652,2.894103,1.812916,0.007181,3.406991,0.012335,-0.000551,3.082248,2.003960,0.435016,0.002026,-0.015693,1.431150
40.952776,-2.360184,0.585296,0.083261,3.008013,3.464347,1.395061,2.392882,0.082603,2.682858,2.738749,0.000081,-0.000248,0.242386,1.344430,2.385649,2.267620,1.263947,0.005248,1.611241,2.613497,2.896681,1.831924,0.007825,3.432442,0.013302,0.000093,3.079026,1.925996,0.461755,0.002348,-0.016015,1.650223
40.653902,-2.350321,0.620803,0.083589,3.045164,3.473881,1.467391,2.419841,0.083589,2.790695,2.751900,0.063534,-0.000248,0.428471,1.508487,2.473102,2.248880,1.350609,0.006536,1.672774,2.634760,2.871874,1.850610,0.008147,3.444684,0.014268,-0.000229,3.140560,1.911499,0.548418,0.001704,-0.015371,1.684695
40.998292,-2.357883,0.629680,0.087863,3.187193,3.518594,1.740928,2.595076,0.087863,2.859079,2.738092,0.386717,0.000410,0.604036,1.656763,2.628940,2.249866,1.378960,0.004603,1.738496,2.636693,2.923743,1.916331,0.008469,3.457571,0.012335,-0.000551,3.224323,2.172131,0.743328,0.003315,-0.014727,1.614463
40.560970,-2.413117,0.480746,0.091151,3.282208,3.559361,1.933917,2.714420,0.093124,3.014259,2.762749,0.566556,0.000410,0.850286,1.812929,2.679242,2.364608,1.422452,0.005892,1.711756,2.622518,2.883150,1.836757,0.007503,3.497842,0.013946,-0.000229,3.217558,2.026190,0.903444,0.003959,-0.014082,1.578058
40.487173,-2.248401,0.269017,0.092466,3.352893,3.553772,2.087782,2.744009,0.093124,3.048451,2.800887,0.675379,-0.000248,1.077139,1.893150,2.761106,2.393211,1.484952,0.005892,1.728831,2.615752,2.830959,1.798419,0.006858,3.540690,0.012980,0.000093,3.208859,1.963045,0.887336,0.003315,-0.013438,1.562916
38.970448,-2.356567,0.112192,0.092795,3.419305,3.574814,2.160441,2.772284,0.092795,3.105000,2.816668,0.763161,0.000410,1.231332,1.991781,2.816668,2.510911,1.522323,0.005892,1.745906,2.628639,2.821294,1.776512,0.007503,3.541334,0.014268,0.000093,3.204671,1.940172,0.877026,0.003637,-0.014082,1.491395
40.441654,-2.304292,0.094439,0.093124,3.417661,3.595855,2.236387,2.782147,0.091809,3.028068,2.797270,0.798340,0.001067,1.285251,2.067398,2.819956,2.535897,1.515236,0.005892,1.756215,2.617685,2.749129,1.721744,0.006536,3.529414,0.013624,0.000093,3.224645,1.954991,0.821936,0.002348,-0.014404,1.376705
38.988173,-2.424953,0.521514,0.097069,3.454483,3.618540,2.414910,2.884395,0.097398,3.133274,2.839353,0.919328,0.180906,1.435500,2.132166,2.881436,2.651625,1.675352,0.006858,1.899257,2.618330,2.778446,1.721744,0.007503,3.593203,0.013624,0.000093,3.370264,2.501384,0.818714,0.002670,-0.013116,1.276511
39.550555,-2.445008,1.219825,0.105946,3.506100,3.633664,2.509267,2.934697,0.104631,3.264125,2.923190,1.201414,0.561953,1.543994,2.204496,2.977108,2.752557,1.782311,0.006536,2.019424,2.694039,2.848034,1.921164,0.008791,3.636695,0.013302,-0.000551,3.455638,2.704348,0.873160,0.003637,-0.012471,1.221099
39.858164,-2.503859,1.578187,0.108576,3.548512,3.673445,2.583569,3.027410,0.108576,3.337441,2.900504,1.380595,0.669790,1.621584,2.399786,3.039246,2.798914,1.748805,0.006858,2.059695,2.743974,2.853188,1.900223,0.008469,3.678255,0.014590,-0.000229,3.477868,2.770070,0.881859,0.130892,0.076446,0.957245
39.415383,-2.491365,1.651503,0.285456,3.610321,3.638595,2.606912,3.057986,0.164467,3.345332,2.949491,1.524926,0.796367,1.650845,2.515514,3.113219,2.862367,1.780378,0.007503,2.095777,2.784567,2.861243,1.927607,0.007825,3.685020,0.013946,0.000415,3.464659,2.885727,0.856408,0.128959,0.159565,0.788753
39.104582,-2.506489,1.660379,0.295976,3.609006,3.651746,2.659187,3.057986,0.236468,3.360455,2.951135,1.541035,0.828587,1.667612,2.549048,3.138206,2.875847,1.786821,0.007825,2.086113,2.814206,2.796165,1.907633,0.008147,3.683731,0.014590,-0.000229,3.459504,2.890882,0.847065,0.295518,0.180183,0.724320
39.320530,-2.477885,1.628489,0.488966,3.644513,3.665226,2.646364,3.123082,0.448855,3.368345,2.896888,1.608762,0.864423,1.737312,2.605926,3.166151,2.912340,1.732697,0.007181,2.089979,2.830315,2.763949,1.940816,0.007181,3.669878,0.014268,0.002026,3.451450,2.975289,0.836756,0.131858,0.113495,0.559372
40.007872,-2.344732,1.705421,0.774668,3.671472,3.662595,2.743681,3.184563,0.660256,3.379852,2.949820,1.697531,0.904205,1.842190,2.681543,3.206261,2.946532,1.855764,0.007825,2.164077,2.849322,2.791010,2.010404,0.009114,3.725613,0.013302,0.046163,3.473357,3.015560,0.830312,0.136691,0.114784,0.481408
41.075531,-2.346047,1.762299,0.934452,3.648129,3.675746,2.754859,3.158918,0.647434,3.394318,2.912011,1.732052,0.917027,1.924712,2.688447,3.188179,2.908395,1.828058,0.007503,2.103187,2.840946,2.758794,1.978831,0.008147,3.711760,0.015235,0.012335,3.488821,3.040367,0.819359,0.232696,0.213366,0.316137
40.960132,-2.290813,1.872108,1.223771,3.677719,3.685609,2.835737,3.186206,0.780586,3.426538,2.921217,1.812272,0.941356,2.005589,2.720338,3.221056,2.940615,1.825803,0.007503,2.105442,2.863176,2.765237,2.041654,0.007825,3.708538,0.014268,0.114139,3.499453,3.090302,0.800351,0.509758,0.516201,0.002026
41.913136,-2.274045,2.034192,1.436157,3.728021,3.692185,2.877162,3.229933,0.974891,3.459415,2.975464,2.000658,0.995603,2.066412,2.770311,3.265111,2.946204,1.911177,0.008469,2.123162,2.887660,2.803897,2.107698,0.009114,3.732378,0.013946,0.248160,3.534246,3.170844,0.787464,0.620583,0.608663,0.002026
39.836801,-2.288840,2.084823,1.450952,3.749720,3.704678,2.939299,3.215796,1.002507,3.489662,2.983684,2.170304,1.012042,2.029918,2.822257,3.286482,2.977108,1.960468,0.008791,2.178252,2.906346,2.825160,2.155056,0.009758,3.740433,0.014590,0.276833,3.538435,3.176965,0.766524,0.700158,0.676640,0.002670
40.470672,-2.260565,2.095344,1.476925,3.744788,3.690870,2.978094,3.222042,0.995274,3.499196,3.039246,2.310360,1.068262,2.142029,2.823243,3.311139,3.022807,2.005571,0.033276,2.256860,2.935018,2.904735,2.198870,0.009758,3.741077,0.014913,0.420841,3.532636,3.160212,0.675995,0.757181,0.736562,0.002026
41.444042,-2.186262,2.225537,1.645256,3.788843,3.706979,3.063246,3.232234,1.090289,3.538649,3.092178,2.408992,1.328978,2.269264,2.872559,3.347304,3.079685,2.126061,0.105763,2.324837,2.946939,2.952738,2.218845,0.010402,3.764595,0.014913,0.534887,3.573873,3.189207,0.655377,0.884114,0.864462,0.003315
41.688685,-2.158974,2.376115,1.767888,3.819419,3.712240,3.134589,3.244728,1.086673,3.593225,3.116507,2.490198,1.484158,2.368882,2.965272,3.373935,3.112233,2.157633,0.500415,2.339335,2.949838,2.961758,2.232698,0.009758,3.757829,0.013946,0.850287,3.619620,3.291978,0.655377,1.017168,1.002671,0.002992
42.528777,-2.168508,2.352772,1.979288,3.838488,3.729007,3.164836,3.243741,1.101796,3.619198,3.131959,2.530308,1.556488,2.419184,2.994204,3.423579,3.139850,2.210791,0.664397,2.435662,2.948227,2.937918,2.247195,0.011047,3.771038,0.015235,0.989784,3.621876,3.341269,0.637658,1.204668,1.218199,0.004603
41.536362,-2.048177,2.358361,2.158139,3.891091,3.734267,3.187521,3.302263,1.125468,3.623143,3.177987,2.555295,1.664325,2.490527,3.031355,3.426538,3.235193,2.252028,0.869294,2.523613,2.954671,2.977544,2.307762,0.512335,3.766850,0.014590,1.084179,3.648293,3.373164,0.634114,1.352542,1.329024,0.004603
42.020663,-2.044232,2.362635,2.175235,3.871694,3.738213,3.176343,3.277276,1.110673,3.597170,3.158261,2.539514,1.684380,2.508609,3.026095,3.440346,3.245385,2.200481,0.997838,2.513626,2.934696,2.931475,2.286499,0.673096,3.747198,0.013302,1.105764,3.648293,3.375741,0.607052,1.415687,1.383148,0.004925
42.779478,-1.966970,2.373813,2.273538,3.880242,3.760569,3.190480,3.309167,1.101139,3.603417,3.226645,2.571076,1.766244,2.632885,3.047136,3.488676,3.296345,2.230443,1.204991,2.627995,2.966269,2.967235,2.392492,1.221099,3.750742,0.014913,1.209179,3.664401,3.402803,0.521356,1.606731,1.603831,0.005248
43.365536,-1.886420,2.421814,2.494143,3.918050,3.750048,3.203960,3.323304,1.133687,3.596512,3.282865,2.621707,1.863231,2.660830,3.058643,3.527142,3.333825,2.277157,1.233341,2.659889,2.979155,2.972712,2.433729,1.351576,3.764273,0.270067,1.356408,3.677288,3.439208,0.434371,1.979154,1.956602,0.006536
43.465610,-1.864392,2.457650,2.552007,3.938434,3.759583,3.232234,3.331852,1.141578,3.636294,3.298317,2.692721,1.906300,2.667077,3.061602,3.525827,3.354866,2.297131,1.444681,2.690817,3.005895,2.977866,2.486242,1.867362,3.789080,0.406021,1.518779,3.695007,3.469169,0.446936,2.209824,2.165043,0.007181
42.750440,-1.832830,2.443184,2.601652,3.960791,3.754322,3.232892,3.343030,1.286237,3.645171,3.341058,2.714091,1.965808,2.681872,3.075411,3.539964,3.377222,2.284244,1.538432,2.696616,3.079993,3.008472,2.574837,1.970777,3.772649,0.487529,1.631215,3.709182,3.484955,0.634436,2.344811,2.312273,0.007825
43.134740,-1.794034,2.494143,2.695351,3.993010,3.751364,3.254591,3.373935,1.318786,3.653719,3.400236,2.791024,1.979945,2.674639,3.104671,3.593882,3.398592,2.281989,2.127350,2.734632,3.185985,3.058408,2.723678,2.321615,3.794556,0.639591,1.856086,3.733023,3.505252,0.957568,2.568394,2.528768,0.009758
42.623524,-1.744390,2.574692,2.815353,3.993010,3.732295,3.266427,3.402538,1.562734,3.699418,3.417661,2.841983,2.036165,2.747626,3.106644,3.644513,3.419963,2.286499,2.287466,2.732699,3.204671,3.045199,2.714013,2.445971,3.792623,0.724642,1.981087,3.727224,3.505574,1.144746,2.734309,2.712402,0.009436
41.768030,-1.714142,2.694694,2.961985,3.977558,3.723089,3.265111,3.417990,1.863560,3.729993,3.453168,2.917601,2.182140,2.830805,3.143466,3.704678,3.455141,2.332891,2.348677,2.833859,3.236243,3.121552,2.810340,2.587402,3.850613,0.884436,2.081924,3.746554,3.538757,1.353187,2.926320,2.874129,0.010402
41.304414,-1.543838,2.814038,2.993875,4.015038,3.742815,3.258207,3.427853,2.196934,3.789172,3.541608,3.029711,2.400772,2.859079,3.173384,3.709281,3.484402,2.426964,2.472389,2.897325,3.297133,3.193395,2.933408,2.947261,3.883796,1.007825,2.224321,3.783603,3.582571,1.696292,2.988176,2.928253,0.010724
43.004943,-1.508987,2.876175,2.985327,4.019312,3.749720,3.262152,3.446593,2.355731,3.786542,3.549169,3.049438,2.439896,2.836723,3.178973,3.719144,3.486045,2.396036,2.475610,2.927609,3.287468,3.157635,2.925676,3.021037,3.849969,1.014269,2.248484,3.779415,3.581605,1.817104,3.048099,2.985598,0.010402
43.573374,-1.482028,2.986971,3.147411,4.041997,3.744788,3.279249,3.470593,2.471129,3.828953,3.659965,3.127028,2.634529,2.892285,3.221056,3.755309,3.520895,2.523613,2.579670,3.001062,3.371231,3.266849,3.088369,3.244297,3.921490,1.321936,2.367363,3.809054,3.654736,2.188561,3.154735,3.089980,0.011047
44.463567,-1.444219,3.049109,3.181932,4.065668,3.741172,3.343359,3.487361,2.586528,3.876296,3.713555,3.189823,2.805490,3.021821,3.242097,3.796405,3.546868,2.623807,2.722389,3.009761,3.433731,3.302932,3.170199,3.473357,3.957572,1.588689,2.449837,3.850935,3.702739,2.296809,3.192751,3.138949,0.012013
43.385789,-1.418575,3.136891,3.246700,4.058435,3.752679,3.375907,3.561334,2.687790,3.929886,3.754651,3.248015,2.846257,3.037273,3.248344,3.827310,3.563635,2.692750,2.894426,3.049065,3.498164,3.321939,3.229156,3.632507,3.963371,1.749128,2.525224,3.891528,3.718525,2.534889,3.314852,3.259761,0.284565
43.534943,-1.356765,3.192782,3.308180,4.056134,3.745446,3.421606,3.599471,2.872559,3.930544,3.811200,3.333825,2.942258,3.091520,3.280235,3.862817,3.575471,2.759760,3.092880,3.055508,3.571940,3.363821,3.295200,3.834827,4.003642,1.986886,2.573227,3.938564,3.752031,2.734954,3.399903,3.338692,1.218199
43.935361,-1.171008,3.236508,3.314098,4.002873,3.712569,3.391031,3.609335,2.910039,3.971969,3.821392,3.359140,2.973163,3.108616,3.296345,3.877612,3.568567,2.772647,3.117364,3.075483,3.619620,3.391205,3.346102,3.942108,4.012340,2.023290,2.726900,3.964016,3.765239,2.976900,3.475612,3.412146,1.631537
43.918022,-1.028649,3.319359,3.340729,4.011750,3.713555,3.434100,3.645171,3.031684,3.982489,3.878927,3.386757,3.023465,3.225659,3.368017,3.907530,3.600458,2.822261,3.291978,3.135083,3.712404,3.459182,3.448228,4.081928,4.024583,2.121873,2.800675,4.005575,3.802933,3.136694,3.611888,3.549066,2.092234
