-20.368878,0.370608,1.802080,2.016439,1.061029,0.015533,0.014218,0.014876,0.013890,0.832861,1.652818,0.771381,0.000410,0.001067,0.002054,0.000410,0.115809,2.746229,3.016849,3.399581,3.315818,3.231411,2.815495,2.286499,2.606410,1.371550,3.212403,4.052933,3.180831,1.993651,3.801322,3.416656,3.033601
-20.956266,0.306826,1.769203,2.004274,1.025850,0.014218,0.013890,0.013561,0.013890,0.840423,1.652818,0.791765,0.002382,0.000739,0.000081,-0.000576,-0.000905,2.741397,3.017171,3.389916,3.330960,3.233022,2.835147,2.282633,2.567428,1.363174,3.189851,4.052289,3.170199,1.985597,3.794234,3.422133,3.046488
-20.901808,0.265400,1.749148,1.977644,1.065303,0.014547,0.015205,0.014876,0.014218,0.865081,1.655777,0.784532,-0.000248,-0.000905,0.000410,0.001067,0.002382,2.691461,3.008150,3.383151,3.303254,3.178253,2.749773,2.217556,2.501062,1.326447,3.111243,4.041013,3.130251,1.910210,3.785214,3.393782,3.033601
-20.766027,0.248633,1.710353,1.966794,1.166236,0.014876,0.013890,0.015533,0.013561,0.843711,1.694572,0.779600,0.001067,0.001396,0.000410,0.000081,0.029342,2.689851,3.010405,3.382829,3.307764,3.185985,2.755894,2.226899,2.496551,1.330635,3.103189,4.045201,3.129284,1.892169,3.790690,3.396037,3.038756
-20.278647,0.133891,1.704764,2.075289,1.346403,0.015205,0.014547,0.014547,0.014876,0.895656,1.692270,0.840423,0.000739,-0.000576,0.000081,0.000739,0.062877,2.701126,3.011050,3.381218,3.305187,3.190496,2.770392,2.258149,2.501384,1.351254,3.107055,4.046168,3.118331,1.918264,3.788435,3.389594,3.028124
-20.059620,0.129617,1.751120,1.932273,1.447335,0.015862,0.014876,0.014547,0.014876,0.860807,1.676818,0.802614,-0.000576,0.000739,0.000410,0.000739,0.000739,2.699193,2.994297,3.406669,3.306475,3.215947,2.789077,2.237530,2.428897,1.368328,3.074516,4.048101,3.127029,1.943071,3.787147,3.405380,3.068717
-19.818883,0.084576,1.715942,1.913533,1.506514,0.014876,0.013561,0.013890,0.014218,0.869355,1.634078,0.798669,0.001067,0.000081,0.000081,0.000081,-0.000576,2.749451,3.007184,3.446295,3.315818,3.256540,2.837080,2.260082,2.493974,1.388947,3.071939,4.054544,3.167300,2.039076,3.794879,3.418589,3.099323
-20.102978,0.073726,1.699832,1.890191,1.449637,0.015205,0.014876,0.014218,0.014876,0.832204,1.607776,0.740147,0.000081,-0.000905,-0.000576,0.000739,0.001067,2.755250,3.012983,3.453383,3.318718,3.278447,2.834825,2.292621,2.580636,1.416009,3.062918,4.054544,3.222712,2.083857,3.814208,3.423099,3.116720
-19.851979,0.032301,1.705421,1.825094,1.453911,0.013890,0.014218,0.013890,0.013890,0.776312,1.564707,0.693133,0.002054,0.000410,0.000410,0.000739,0.000739,2.770392,2.996552,3.482056,3.324517,3.277480,2.876062,2.326770,2.593523,1.429217,3.053898,4.055833,3.220135,2.156345,3.813242,3.439852,3.130895
-20.029178,0.001067,1.715613,1.823121,1.456212,0.013561,0.013232,0.013890,0.013890,0.798340,1.551885,0.639872,0.000410,-0.000248,0.000081,0.000081,0.000081,2.774258,2.997841,3.489143,3.344813,3.296166,2.876062,2.347389,2.611886,1.460145,3.045199,4.057444,3.251385,2.252350,3.812920,3.460148,3.152158
-21.031116,-0.019645,1.664982,1.579173,1.375663,0.013232,0.013561,0.013232,0.013232,0.740805,1.395718,0.592857,0.000081,-0.000905,-0.000248,0.000410,0.000739,2.754606,2.982699,3.488177,3.327738,3.254285,2.822905,2.327092,2.569683,1.454346,2.992042,4.041658,3.227867,2.188561,3.803899,3.450483,3.135728
-20.685497,-0.020303,1.680106,1.569638,1.354293,0.013890,0.013232,0.013232,0.013561,0.749024,1.385526,0.581022,-0.000248,0.000739,0.001067,0.001396,0.001396,2.751062,2.961758,3.494942,3.314530,3.210792,2.797132,2.209502,2.480443,1.436627,2.945328,4.032315,3.189207,2.137015,3.814531,3.435986,3.141849
-20.402861,-0.034769,1.672544,1.583118,1.345416,0.013232,0.012246,0.012246,0.012574,0.743435,1.432870,0.568528,0.000739,0.000739,0.000410,0.000410,-0.000248,2.805508,2.967235,3.508151,3.329993,3.250096,2.873807,2.224966,2.428574,1.489140,2.994619,4.037792,3.240431,2.207569,3.833861,3.442429,3.171810
-21.332237,-0.034440,1.635722,1.527227,1.311224,0.012246,0.012246,0.012574,0.012903,0.735545,1.421034,0.540254,0.000739,0.000081,0.000739,0.000081,-0.000248,2.827415,3.016526,3.516850,3.357700,3.333537,2.941462,2.295198,2.500417,1.517169,3.008794,4.051645,3.260728,2.389270,3.852224,3.478512,3.196617
-20.981008,-0.027865,1.622899,1.517693,1.282621,0.012246,0.012903,0.013232,0.013561,0.722394,1.411171,0.507048,-0.000248,-0.000576,0.000081,0.000410,0.000739,2.830959,3.003640,3.528125,3.359633,3.351256,2.979155,2.280056,2.517170,1.508792,3.025869,4.053256,3.273614,2.426641,3.861245,3.476579,3.222712
-21.066251,-0.000576,1.597913,1.491391,1.241196,0.012903,0.012246,0.011259,0.012574,0.658612,1.401636,0.484363,-0.001563,0.000410,0.000410,0.001725,0.000410,2.883150,3.022970,3.541656,3.374130,3.397326,3.016526,2.318072,2.527157,1.528122,3.026836,4.059699,3.302932,2.447260,3.864789,3.477545,3.236565
-21.270170,0.087535,1.485473,1.425637,1.189250,0.010931,0.009944,0.009615,0.011259,0.536309,1.212921,0.451814,0.001067,0.000739,-0.000248,-0.000248,0.001067,2.892815,3.038434,3.546811,3.376707,3.400226,3.035534,2.317749,2.497196,1.566782,3.058408,4.065820,3.327738,2.487531,3.866722,3.481089,3.245908
-21.750347,0.095425,1.485473,1.361855,1.148482,0.011588,0.011259,0.011259,0.010602,0.508692,1.179387,0.415978,-0.000905,-0.000576,0.000739,0.000410,0.001067,2.901191,3.027480,3.552288,3.388305,3.372519,3.047454,2.344489,2.511049,1.654411,3.089336,4.082573,3.325161,2.474966,3.872198,3.491721,3.250419
-21.638637,0.097069,1.489418,1.389800,1.143222,0.010602,0.010931,0.010602,0.009944,0.507377,1.162948,0.411375,0.000739,0.001067,0.000410,0.000410,-0.000248,2.885083,3.085470,3.544234,3.369298,3.367365,3.026191,2.350932,2.501384,1.590622,3.094168,4.082895,3.317751,2.456281,3.870588,3.475612,3.232055
-22.121458,0.120741,1.477582,1.362184,1.132372,0.010602,0.010273,0.010602,0.010931,0.476801,1.136975,0.397238,-0.000248,0.000410,-0.000248,-0.000248,0.000410,2.838691,3.096101,3.537790,3.326127,3.324517,2.974323,2.310017,2.474000,1.544230,3.063240,4.072585,3.312919,2.202092,3.852546,3.435986,3.214336
-21.699886,0.124357,1.458514,1.287881,1.112317,0.010931,0.010602,0.012246,0.010273,0.446554,1.100481,0.399539,0.000739,-0.000248,0.000081,0.001067,0.001067,2.830637,3.128962,3.532313,3.306153,3.350934,2.972068,2.334180,2.459824,1.518779,3.075805,4.074841,3.305831,2.332569,3.849647,3.411501,3.195328
-22.413498,0.141124,1.389800,1.269470,1.095221,0.009944,0.009615,0.009287,0.009287,0.403814,1.029795,0.383430,0.000410,0.001067,-0.001234,0.000410,0.000081,2.817428,3.106088,3.531025,3.288756,3.329671,2.942428,2.353510,2.468201,1.499450,3.090947,4.088372,3.295200,2.328703,3.838371,3.396037,3.199839
-22.034573,0.140467,1.374348,1.270128,1.095550,0.009615,0.008958,0.008300,0.009615,0.401183,1.041960,0.377183,0.000410,0.000081,-0.000248,0.000410,-0.000248,2.826771,3.081926,3.519427,3.267171,3.272004,2.900547,2.382183,2.559696,1.638947,3.096101,4.107379,3.261372,2.332569,3.826773,3.368009,3.164400
-22.143454,0.126001,1.403280,1.268155,1.088317,0.009287,0.009615,0.010602,0.010602,0.414663,1.031110,0.368306,0.000410,-0.001234,-0.000248,-0.000576,0.000410,2.829348,3.078060,3.512661,3.263950,3.272004,2.887016,2.411500,2.525868,1.747517,3.129284,4.089016,3.223357,2.236242,3.821940,3.354800,3.157635
-21.867207,0.164467,1.345087,1.234949,1.019603,0.010273,0.008629,0.009287,0.009615,0.341018,0.939383,0.314059,-0.000576,0.000739,0.000410,0.000739,0.000410,2.863820,3.086436,3.514272,3.275547,3.277480,2.910534,2.440817,2.525224,1.751061,3.120908,4.091593,3.269104,2.284889,3.836760,3.336759,3.156668
-21.904838,0.155590,1.330950,1.216538,0.986398,0.008629,0.007972,0.009287,0.008958,0.286771,0.880862,0.277565,0.000081,0.000739,-0.000576,-0.000248,-0.000905,2.881861,3.110599,3.543589,3.291011,3.313563,2.965624,2.460147,2.571938,1.747517,3.126063,4.102869,3.296488,2.341268,3.853513,3.367043,3.166333
-21.331463,0.335100,1.212593,1.128756,0.891711,0.007643,0.007314,0.007972,0.006985,0.034931,0.775984,0.160193,0.000410,0.000739,0.000410,0.000739,0.000410,2.880895,3.119942,3.541978,3.296810,3.313241,2.963691,2.468201,2.570649,1.617362,3.079671,4.091271,3.321939,2.299708,3.846103,3.365432,3.154413
-21.424107,0.344306,1.172154,1.113961,0.858834,0.007972,0.007314,0.008300,0.007643,0.007314,0.758559,0.000081,-0.001234,-0.000905,-0.000576,0.000410,0.000739,2.844490,3.075483,3.528125,3.271037,3.274259,2.906668,2.415366,2.474966,1.593844,3.039078,4.084183,3.311952,2.185339,3.827417,3.324839,3.121874
-21.536877,0.336744,1.146838,1.076481,0.840094,0.007314,0.006985,0.007314,0.006985,0.007314,0.742449,0.119097,0.000739,0.000739,0.000410,0.000081,-0.000248,2.831603,3.060663,3.523293,3.256540,3.259117,2.891848,2.388304,2.471422,1.568393,3.017815,4.079995,3.299388,2.049708,3.826451,3.331926,3.097390
-22.203506,0.326223,1.120865,1.079769,0.815765,0.006985,0.008300,0.008958,0.006985,0.006985,0.720750,0.253893,-0.000248,-0.000905,0.000081,0.001396,0.000081,2.853833,3.079993,3.536824,3.268138,3.290367,2.934374,2.416010,2.479799,1.561627,3.037789,4.086116,3.366398,1.998806,3.845459,3.377996,3.131217
-21.304728,0.323922,1.115934,1.075166,0.810833,0.007314,0.008300,0.007314,0.007972,0.006328,0.737846,0.322278,0.000081,0.001067,0.000410,0.001067,0.000410,2.868652,3.091913,3.547133,3.267493,3.304542,2.967557,2.410533,2.425353,1.564527,3.050354,4.083217,3.390561,2.258149,3.859956,3.359955,3.136050
-21.497523,0.316031,1.062673,1.048207,0.788148,0.006985,0.005999,0.007643,0.006985,0.007972,0.724695,0.334771,0.003698,0.001067,0.000410,-0.000248,-0.000576,2.880895,3.088369,3.562919,3.274581,3.333215,3.009117,2.456281,2.429863,1.653122,3.074838,4.092238,3.401514,2.441461,3.883474,3.403447,3.161501
-21.820353,0.000739,0.991000,1.007439,0.742449,0.006657,0.005999,0.006328,0.005999,0.003369,0.633954,0.281510,0.000739,0.001396,0.001067,0.000739,0.001396,2.912789,3.129284,3.606734,3.296488,3.376063,3.045199,2.480443,2.466590,1.762981,3.082248,4.099325,3.418589,2.557441,3.906026,3.475290,3.191462
-22.336132,0.000410,0.958123,1.014672,0.710558,0.005670,0.003698,0.005013,0.005341,0.005013,0.555049,0.271647,0.002711,0.000081,-0.000248,0.000081,-0.000248,2.938240,3.134439,3.618654,3.304865,3.387983,3.067106,2.484631,2.546809,1.800996,3.066784,4.095781,3.445007,2.565817,3.918912,3.460148,3.195973
-22.781380,0.000081,0.936095,1.005466,0.703325,0.006328,0.006328,0.005670,0.005999,0.006328,0.558665,0.273291,-0.000248,-0.000576,-0.000248,0.000739,0.000410,2.971745,3.144426,3.631863,3.317429,3.416334,3.098679,2.521358,2.571938,1.835146,3.076127,4.088372,3.453383,2.613819,3.930833,3.496231,3.196939
-23.777469,0.000410,0.957794,0.974891,0.716805,0.005341,0.005670,0.005670,0.005341,0.005670,0.636913,0.326552,0.001396,-0.000905,0.000410,0.000739,0.000410,2.963691,3.134761,3.624453,3.303254,3.372197,3.057441,2.488497,2.441461,1.764914,3.061952,4.075485,3.436308,2.532312,3.923101,3.475612,3.182764
-24.818898,0.000739,0.869684,0.995274,0.702010,0.005013,0.005341,0.005999,0.005670,0.006985,0.559323,0.336086,0.000081,-0.000905,-0.000576,-0.000905,0.001067,2.956281,3.075160,3.628319,3.275225,3.360277,3.049387,2.433407,2.402479,1.658921,3.029413,4.070975,3.431153,2.596745,3.915046,3.459826,3.175354
-25.139564,-0.000248,0.911109,0.991000,0.724366,0.006328,0.005341,0.006328,0.005999,0.005341,0.601734,0.364690,0.000410,0.000081,0.001396,0.001067,-0.000248,2.962403,3.091269,3.635729,3.281669,3.375741,3.052931,2.433729,2.452415,1.807440,3.013627,4.058410,3.448550,2.608665,3.921490,3.487855,3.187596
-25.421914,0.000081,0.870012,0.975219,0.672420,0.005013,0.004684,0.005999,0.006328,0.005999,0.591214,0.366333,-0.000905,-0.000248,0.000739,0.000081,0.000081,2.977222,3.118653,3.655381,3.302287,3.416978,3.087725,2.460147,2.565172,1.820648,3.013305,4.059377,3.462081,2.671487,3.920845,3.496553,3.189207
-26.148113,0.000081,0.854560,0.967986,0.617187,0.006328,0.005670,0.006657,0.005341,0.005341,0.566885,0.374553,0.000081,0.000739,0.000739,0.001396,0.000410,2.994297,3.123485,3.662791,3.300999,3.432764,3.102222,2.460469,2.574193,1.855120,3.001707,4.060665,3.461437,2.641204,3.944686,3.498808,3.191140
-26.218967,0.000081,0.710558,0.854889,0.545514,0.005341,0.004355,0.003698,0.003369,0.004355,0.438663,0.328853,0.000410,0.000739,0.000739,0.000739,-0.000248,3.009761,3.124774,3.670200,3.310019,3.445651,3.106411,2.493007,2.575482,1.852543,3.001062,4.057444,3.460148,2.694039,3.945330,3.515239,3.184052
-26.497219,0.000081,0.658941,0.779600,0.482719,0.003698,0.004026,0.004355,0.004684,0.004355,0.351539,0.263099,0.001067,-0.000248,-0.000248,-0.000576,0.000410,3.041011,3.149259,3.681798,3.329349,3.467558,3.133795,2.532956,2.607376,1.921486,2.967235,4.062276,3.475290,2.702093,3.963049,3.528448,3.209504
-27.022451,0.000410,0.558665,0.721736,0.480417,0.004026,0.004026,0.003040,0.003040,0.003040,0.291702,0.203262,0.000739,0.000739,0.000081,0.001067,-0.000248,3.050676,3.149903,3.683409,3.334504,3.477545,3.149581,2.557763,2.573549,1.955313,2.957892,4.064531,3.479156,2.755250,3.970137,3.535857,3.203705
-27.013008,0.000081,0.432088,0.670119,0.383430,0.003040,0.002711,0.002054,0.003040,0.003369,0.177947,0.142111,0.001067,-0.000248,0.000410,-0.000248,-0.000576,3.043588,3.134761,3.683087,3.335148,3.449517,3.110599,2.543910,2.567750,1.899901,2.909245,4.061632,3.477545,2.697582,3.947585,3.509762,3.197583
-27.160825,-0.000248,0.281510,0.616529,0.298278,0.003698,0.002711,0.001725,0.002711,0.001396,0.053342,0.091480,-0.000576,0.000410,0.000081,0.000739,0.001725,2.981732,3.061630,3.658925,3.272648,3.368009,3.030057,2.460791,2.416976,1.836757,2.794876,4.044235,3.453383,2.657312,3.909570,3.459504,3.165045
-27.762028,0.000081,0.200632,0.460034,0.253236,0.001725,0.002382,0.001725,0.003040,0.001067,0.006985,0.000410,0.000081,0.001396,0.000410,-0.000248,-0.000248,2.995586,3.083859,3.667301,3.283602,3.398615,3.031024,2.490430,2.442105,1.863496,2.856732,4.044879,3.457249,2.687595,3.944363,3.459182,3.158924
-27.703326,0.000081,0.155590,0.381786,0.196358,0.001067,0.000410,0.002382,0.001725,0.003040,0.002054,0.001067,0.000081,0.000739,-0.000576,-0.000576,-0.000576,3.025547,3.132828,3.683087,3.307120,3.438885,3.071617,2.526513,2.445005,2.093200,2.894748,4.046490,3.465625,2.675353,3.968204,3.466270,3.166333
-27.202356,-0.000248,0.019150,0.235811,0.151974,0.001396,0.001396,0.000410,0.000739,0.000739,0.000081,0.000081,0.000739,0.001396,0.000739,-0.000248,0.000410,3.091591,3.188241,3.706927,3.339336,3.488821,3.135405,2.581925,2.518459,2.134115,2.988176,4.023616,3.463692,2.799387,3.988822,3.453061,3.179220
-27.354918,0.000410,-0.000905,0.075041,0.038547,0.000081,0.000410,0.000081,0.000410,0.000739,0.000410,0.000739,0.000739,0.000410,-0.000248,-0.000576,-0.000576,3.136050,3.219813,3.726579,3.387017,3.523293,3.233022,2.667299,2.607698,2.177285,3.039400,4.038758,3.470780,2.791010,4.026194,3.489465,3.183408
-27.658086,0.000081,-0.000905,0.000081,0.000739,0.001396,0.000739,0.000410,0.000081,0.000410,-0.000576,-0.000248,-0.000576,0.001067,0.000739,0.001067,0.000410,3.142493,3.224645,3.737533,3.410535,3.526515,3.260084,2.713369,2.615108,2.186950,3.053575,4.028449,3.456605,2.816139,4.027804,3.485277,3.186630
-28.341703,0.000081,0.000081,0.000410,0.000081,-0.000248,0.000081,-0.000248,0.000410,0.000739,0.000410,-0.000576,0.000410,0.000410,0.000410,0.000081,0.000081,3.188885,3.236243,3.751708,3.480123,3.549710,3.294877,2.752028,2.587724,2.193716,3.033601,4.062276,3.475290,2.883150,4.039080,3.524582,3.229156
-28.328995,0.000739,-0.000248,-0.001234,-0.000248,0.001396,0.000081,0.000081,0.000081,0.000410,0.000081,0.000410,-0.000905,0.000081,0.000081,0.000739,0.000739,3.184375,3.214980,3.753964,3.470780,3.543267,3.287790,2.731088,2.599966,2.205314,3.061307,4.047457,3.463370,2.885727,4.033926,3.512984,3.228189
-28.148057,0.000081,0.000410,0.000739,0.000081,-0.000248,-0.001234,-0.000576,-0.000905,0.001067,0.001725,0.000739,0.001067,0.000739,0.000410,0.000081,-0.000248,3.171810,3.186630,3.740755,3.419556,3.531991,3.261694,2.687595,2.555830,2.176641,3.034245,4.016206,3.448550,2.814529,4.018784,3.487210,3.211437
-28.660352,0.000081,-0.000248,0.000410,0.000081,0.000410,0.000081,0.000410,0.000739,0.000410,0.001725,0.000081,-0.000248,-0.000576,0.001396,-0.000248,0.001067,3.169233,3.174710,3.724646,3.391849,3.513628,3.258151,2.623162,2.512015,2.242685,3.040689,4.008152,3.426965,2.828060,4.013629,3.461759,3.186308
-29.579323,0.000410,0.002382,0.002054,0.001396,0.000410,0.000739,0.000081,0.000410,0.000081,-0.000576,-0.000248,0.000739,0.001067,0.000739,0.000410,-0.000248,3.158601,3.168266,3.733667,3.396360,3.497842,3.259761,2.631539,2.537144,2.339979,3.111565,4.028127,3.376063,2.953060,4.020717,3.466270,3.220135
-29.689785,0.000739,0.000410,0.000739,0.000410,0.000081,-0.000576,-0.000248,0.000081,0.000410,0.000410,0.001396,0.000410,0.000081,-0.001563,0.000081,-0.000576,3.156024,3.133472,3.722713,3.358022,3.472713,3.248163,2.584502,2.508794,2.406345,3.205315,4.013951,3.356411,2.978189,4.002353,3.479478,3.202094
-29.172433,0.000410,-0.000905,0.000410,0.000410,0.000739,0.001067,-0.000905,0.000081,-0.000248,0.000081,0.000081,-0.000576,-0.000248,0.000081,0.000410,0.001396,3.147648,3.088369,3.722391,3.346102,3.457893,3.242687,2.465301,2.378317,2.455958,3.286179,4.002675,3.332249,2.956604,4.000742,3.444362,3.191140
-28.573819,0.000410,0.000410,0.000410,0.000410,0.000410,0.000081,-0.000905,-0.000248,0.000739,0.001067,0.001067,0.000739,0.000410,0.000081,0.000081,-0.000905,3.119619,3.069684,3.707894,3.333215,3.446617,3.216591,2.320971,2.197904,2.359953,3.280380,3.982379,3.299710,2.955959,3.974647,3.410857,3.148936
-28.485001,0.000081,0.000410,0.000410,0.000410,0.001396,0.001396,0.000739,0.000739,0.001067,0.000410,0.001725,-0.000905,-0.000248,-0.000248,0.001067,0.001067,3.145393,3.051965,3.721747,3.434375,3.474968,3.273292,2.318716,2.204025,2.406345,3.351256,3.935665,3.249774,3.037145,3.974969,3.440174,3.125096
-26.932192,0.000081,0.000739,0.000410,0.001067,0.000410,-0.000248,-0.000905,0.000739,0.000410,0.001725,0.000081,0.001725,0.000410,-0.000248,0.000081,0.000081,3.230766,2.988176,3.760085,3.691786,3.555832,3.529736,2.470134,2.533600,2.479154,3.454027,3.957250,3.176965,3.167944,3.943397,3.413434,3.043266
-25.431819,0.001067,0.000081,0.001396,-0.000576,0.000081,0.000410,0.001725,0.000081,0.000081,-0.000905,0.000410,-0.000576,-0.000576,-0.000905,-0.000248,0.000081,2.976256,2.397324,3.534891,3.396360,3.168589,3.131862,1.986563,2.326448,1.995262,3.263305,3.722391,2.760405,2.556474,3.427610,2.547453,2.426641
-21.703667,0.000739,0.001396,0.000739,-0.000248,0.000081,0.000410,0.000081,-0.000576,0.000410,0.000410,0.000739,0.000739,-0.000248,0.000410,0.001396,0.000739,2.588046,2.061950,2.942428,3.090624,2.478510,2.679541,2.343523,2.904413,1.685983,3.187918,3.751708,2.329992,1.522968,3.239143,2.183084,2.108986
-18.190698,0.000081,0.000081,0.000081,0.000410,0.000739,0.000739,0.000410,0.000410,0.000081,0.000410,0.000739,0.000081,-0.000905,0.000410,0.000739,0.002382,2.471422,2.435662,2.554863,3.017493,2.318394,2.544232,2.865431,3.049387,1.889914,3.379285,3.866077,2.595778,0.798418,3.348035,2.333536,2.597389
-2.805799,0.000081,0.000739,0.000410,0.000081,-0.000248,-0.000576,-0.001234,-0.000576,0.000410,0.001067,0.001067,0.001396,0.000410,0.000410,-0.000248,-0.000576,2.544554,2.671165,2.581281,3.018137,2.460791,2.575804,3.031990,2.867042,1.899257,3.009439,3.857057,2.971423,1.297452,3.543911,2.435984,2.947583
4.645354,0.000081,-0.000248,0.000410,-0.000248,0.000081,0.000410,0.000410,0.000410,0.000410,0.001067,0.000081,0.000739,-0.000905,-0.000248,0.000410,0.000410,2.783279,2.855766,3.017815,3.053253,2.746229,2.779735,3.241398,2.644425,2.116718,2.621874,3.864144,3.140560,2.418587,3.780059,2.679863,3.202416
15.622301,0.000081,0.000739,0.000081,0.000739,0.000081,0.000410,-0.000248,0.000081,-0.000576,-0.000248,0.000739,0.001725,0.000410,0.000081,-0.000248,-0.000248,2.865753,3.038756,3.147648,3.206604,2.895714,3.049709,3.495264,2.729477,2.152801,2.409244,3.913758,3.328705,2.450159,3.891206,3.019426,3.396360
22.148341,0.000410,0.000081,-0.000248,-0.000248,-0.000576,-0.000248,0.000081,0.000410,0.000410,0.000081,-0.000248,0.000410,0.000081,-0.000905,-0.000905,-0.000576,2.897647,3.097390,3.156991,3.286501,2.936951,3.125740,3.569040,2.752995,2.204025,2.409244,3.927933,3.370586,2.360920,3.995266,3.077416,3.416012
25.155621,-0.414830,0.000739,0.001725,0.001067,0.002711,0.000739,0.000410,0.000410,0.410718,0.000739,0.000081,0.000739,0.001067,0.000739,0.000081,0.002054,2.942750,3.092880,3.182442,3.320973,3.025225,3.173421,3.598035,2.752351,2.255572,2.363175,3.938887,3.393138,2.529090,4.010730,3.120586,3.426965
25.024110,-2.203030,0.452143,0.219701,0.005670,0.005341,0.005341,0.004026,0.004355,2.208441,0.005999,0.000410,0.000081,0.001396,0.306826,0.730942,1.377307,2.989787,3.129929,3.201449,3.400870,3.073227,3.229800,3.660213,2.820005,2.344811,2.347066,3.955639,3.413434,2.596100,4.053256,3.171166,3.464337
24.425310,-2.543311,0.755271,0.968973,0.767764,0.619159,0.008629,0.010602,0.012574,2.552336,0.010602,0.002711,-0.000248,0.000410,0.653680,1.615666,1.960219,3.022325,3.140238,3.237210,3.468847,3.153447,3.288756,3.692752,2.807441,2.385726,2.331925,3.961438,3.436308,2.590301,4.076774,3.215947,3.541978
23.052249,-2.572901,0.796696,1.147167,1.030453,0.841080,0.433403,0.013232,0.012574,2.585213,0.012574,0.308798,-0.000248,0.096740,0.687215,1.842190,2.073316,2.967557,3.118653,3.210470,3.436952,3.108666,3.259439,3.675355,2.779090,2.329670,2.204669,3.967559,3.408280,2.590946,4.063887,3.210148,3.545844
22.591688,-2.414432,0.697736,1.595611,1.110673,0.920643,0.559323,0.013232,0.013890,2.427403,0.542227,0.410389,0.000081,0.119425,0.711873,1.858957,2.198578,2.961758,3.134439,3.202416,3.415045,3.101256,3.233988,3.677610,2.759116,2.317105,2.135404,3.969815,3.410535,2.579992,4.079029,3.216591,3.559698
22.164950,-2.414432,0.706613,1.838245,1.418404,0.946616,0.571816,0.015862,0.015205,2.432006,1.574241,0.500144,0.000739,0.171043,0.726996,1.875396,2.253483,2.969168,3.135405,3.214980,3.464014,3.126385,3.260728,3.704672,2.793588,2.406023,2.075159,3.978513,3.432120,2.593845,4.103191,3.224967,3.575806
22.711741,-2.564682,1.191880,1.923725,1.579502,0.979822,0.586611,0.017835,0.019479,2.584227,1.787285,0.601734,0.001067,0.281839,0.740147,1.896766,2.206469,3.015560,3.117686,3.195006,3.503963,3.137661,3.284890,3.726579,2.932441,2.429541,2.183406,3.996232,3.501063,2.533922,4.150227,3.255573,3.604479
23.420524,-2.588025,1.308923,2.108824,1.833313,1.202401,0.652365,0.021451,0.021123,2.608556,2.124605,0.600748,0.000081,0.428800,0.752969,1.912547,2.312333,3.031346,3.130895,3.209826,3.560986,3.202738,3.317429,3.750420,2.989142,2.489141,2.232698,4.025227,3.491721,2.667943,4.157637,3.277158,3.637017
23.508608,-2.705398,1.395061,2.095344,2.073316,1.238565,0.666174,0.021780,0.020465,2.727242,2.174249,0.679982,0.002054,0.460034,0.765463,1.905972,2.313977,3.083537,3.138305,3.230122,3.588692,3.239787,3.344169,3.755896,3.015882,2.540688,2.181151,4.055188,3.580638,2.753317,4.172135,3.296166,3.669556
23.997472,-2.771810,1.634406,2.110467,2.099618,1.361197,0.692804,0.022109,0.021780,2.793983,2.117700,0.688201,0.000739,0.540583,0.765792,1.898410,2.319237,3.126707,3.163112,3.233988,3.625742,3.256218,3.383473,3.772971,3.055508,2.564206,2.262337,4.072263,3.600290,2.717235,4.194042,3.351256,3.708860
24.241220,-2.784632,1.832984,2.245264,2.184441,1.503884,0.712859,0.023095,0.025068,2.809764,2.252497,0.747052,0.000739,0.770723,0.808203,1.920766,2.336333,3.134117,3.195650,3.222068,3.659569,3.262983,3.407958,3.808410,3.141527,2.714657,2.300997,4.069686,3.594491,2.699193,4.198874,3.382829,3.718847
25.622288,-2.830003,1.919451,2.274524,2.319895,1.694900,0.814450,0.025397,0.025068,2.853161,2.391567,0.771709,-0.000248,0.938397,0.893026,1.983562,2.386306,3.144104,3.258795,3.214014,3.680510,3.270393,3.436308,3.813886,3.154735,2.762016,2.308729,4.080317,3.584182,2.658278,4.213050,3.416334,3.724002
25.223788,-2.790550,1.956931,2.324826,2.551021,1.742572,0.833519,0.026383,0.026054,2.986971,2.330415,0.830231,0.001067,0.993631,0.970288,2.011836,2.395183,3.140882,3.267493,3.247197,3.689208,3.282313,3.455960,3.823873,3.152158,2.743330,2.193071,4.078062,3.639595,2.600933,4.214016,3.411501,3.725291
25.341061,-2.679096,1.998356,2.399457,2.647680,1.794847,0.868368,0.025725,0.025725,2.994533,2.373813,0.875273,0.002054,1.046234,1.048207,2.038795,2.415567,3.108344,3.214980,3.219491,3.666979,3.268460,3.419233,3.801322,3.089980,2.610276,2.003316,4.058410,3.641528,2.550353,4.180511,3.397648,3.713693
25.708684,-2.577175,2.118029,2.450088,2.639460,1.839231,0.902889,0.027040,0.027040,2.978752,2.485595,0.879547,0.000410,1.058727,1.087659,2.137098,2.417540,3.162467,3.240109,3.251063,3.694363,3.298421,3.481411,3.842881,3.172132,2.774258,2.078058,4.074196,3.676644,2.666977,4.209506,3.462726,3.738822
25.847618,-2.599203,2.038138,2.527021,2.783791,1.860930,0.901246,0.028027,0.027698,3.026095,2.491184,0.940041,0.000739,1.074508,1.130728,2.154194,2.417540,3.174065,3.294233,3.257828,3.728835,3.323228,3.525870,3.860600,3.214980,2.810663,2.031989,4.079029,3.672456,2.666010,4.229802,3.484311,3.753319
26.423371,-2.439419,2.188715,2.557925,2.770969,1.854026,0.875273,0.028027,0.029013,2.983355,2.571405,0.997905,0.042164,1.066947,1.163934,2.154852,2.404389,3.184052,3.308408,3.281346,3.762340,3.351579,3.548744,3.881219,3.283924,2.834503,2.042620,4.082573,3.679221,2.862209,4.245266,3.500741,3.772005
27.042386,-2.455857,2.309703,2.606254,2.874860,1.943452,0.928862,0.116795,0.028356,3.171083,2.566802,1.011713,0.001067,1.086344,1.208976,2.203510,2.413594,3.199194,3.375419,3.306475,3.795845,3.385728,3.579994,3.896361,3.292944,2.839013,2.093200,4.094171,3.679221,2.868330,4.262341,3.546167,3.795523
25.834293,-2.480187,2.389923,2.610857,2.926149,1.928328,0.921629,0.029999,0.029671,3.202645,2.545103,1.010069,0.001067,1.075495,1.205031,2.202852,2.405046,3.204671,3.426321,3.292944,3.814208,3.384117,3.580638,3.900871,3.322906,2.877673,2.146035,4.090627,3.664401,2.913433,4.264596,3.554543,3.798745
27.257253,-2.389116,2.448773,2.687461,2.967245,2.021042,0.950233,0.030657,0.030657,3.215138,2.605926,1.090289,0.000739,1.134016,1.298731,2.263017,2.412608,3.210148,3.427287,3.284246,3.820974,3.385406,3.606734,3.908281,3.356089,2.905701,2.143780,4.085794,3.641850,2.908923,4.266851,3.571940,3.789724
27.310215,-2.375308,2.556610,2.721653,3.012615,2.073974,0.952863,0.030986,0.031314,3.310482,2.654584,1.085687,0.165454,1.247114,1.327663,2.273867,2.416225,3.234955,3.458538,3.267816,3.840948,3.397004,3.643461,3.924711,3.334182,2.938240,2.147646,4.091593,3.668912,2.970135,4.276194,3.599002,3.805510
26.889341,-2.307580,2.648008,2.751571,3.026095,2.101919,0.981137,0.080959,0.030657,3.359140,2.690749,1.149140,0.246003,1.320758,1.381252,2.348498,2.430362,3.238821,3.457249,3.320651,3.847714,3.411179,3.651515,3.939209,3.336437,2.904735,2.045198,4.088372,3.679221,2.973678,4.283604,3.609633,3.810020
26.832972,-2.285552,2.699297,2.810750,3.053054,2.142687,1.014672,0.477130,0.033287,3.356181,2.751571,1.189250,0.281181,1.317142,1.410842,2.377430,2.441211,3.244297,3.420200,3.440174,3.850935,3.406347,3.639595,3.947263,3.357378,2.849000,1.826769,4.077418,3.664724,2.965624,4.275228,3.594814,3.791335
27.807295,-2.103082,2.731845,2.834093,3.201987,2.180496,1.039659,0.686886,0.033945,3.408456,2.769325,1.234291,0.288086,1.360211,1.433527,2.392553,2.441869,3.248163,3.442107,3.464981,3.849002,3.419233,3.653448,3.957894,3.354478,2.886694,1.782633,4.085794,3.686631,2.943395,4.285537,3.611244,3.802933
27.259098,-2.021217,2.745325,2.926149,3.281221,2.222907,1.083714,0.774011,0.038219,3.448894,2.763078,1.246456,0.318333,1.448322,1.454897,2.392553,2.443184,3.255251,3.481411,3.485599,3.864466,3.438885,3.662468,3.964338,3.387017,2.921488,1.808084,4.082573,3.699517,3.042622,4.296169,3.616399,3.800678
27.754714,-1.843351,2.816010,2.946204,3.290756,2.220935,1.163934,0.891382,0.036575,3.460401,2.808449,1.300703,0.372251,1.464103,1.475281,2.423458,2.444499,3.264272,3.493009,3.535213,3.907959,3.461759,3.684054,3.971748,3.390238,2.910212,1.797130,4.088694,3.675355,3.152158,4.299390,3.618332,3.806477
27.820784,-1.792391,2.904450,3.017218,3.289440,2.226524,1.174784,0.931164,0.036246,3.524840,2.834750,1.321087,0.440307,1.576214,1.554515,2.439239,2.452389,3.287145,3.555187,3.581927,3.941786,3.513950,3.716914,4.000420,3.422133,2.981732,1.736885,4.099647,3.710471,3.160534,4.321942,3.647649,3.845459
29.075128,-1.746691,2.905107,3.009985,3.325934,2.225537,1.204702,0.834834,0.037561,3.566923,2.754859,1.336539,0.476143,1.626187,1.567995,2.428060,2.447787,3.306798,3.578705,3.598035,3.978513,3.545200,3.746232,4.040369,3.497520,3.112210,1.847710,4.097392,3.800033,3.218846,4.331929,3.670523,3.892495
28.228006,-1.761815,3.061602,3.023794,3.406483,2.327128,1.277689,0.730284,0.037890,3.616239,2.863353,1.389800,0.470883,1.745202,1.604817,2.439567,2.461595,3.334826,3.598357,3.613499,3.995588,3.557765,3.761051,4.048423,3.534569,3.122519,1.804218,4.094815,3.844814,3.229478,4.349326,3.696618,3.920201
28.341615,-1.679950,3.051739,2.997163,3.374592,2.353101,1.287224,0.830231,0.039205,3.595197,2.801544,1.396376,0.506062,1.769860,1.592324,2.439896,2.461266,3.352223,3.618010,3.634762,4.009441,3.578061,3.775226,4.056477,3.546489,3.122841,1.781344,4.093848,3.846747,3.233344,4.357702,3.702417,3.928900
28.465238,-1.754253,2.981382,3.108288,3.434757,2.384334,1.349033,0.849300,0.037232,3.650102,2.904450,1.412814,0.499486,1.778408,1.646242,2.488554,2.477376,3.309375,3.602868,3.608667,4.002675,3.560020,3.754286,4.039402,3.529414,3.055831,1.684695,4.072585,3.792623,3.202738,4.355125,3.693719,3.906348
29.256924,-1.679621,3.126041,3.089548,3.476182,2.441869,1.430568,0.986069,0.040849,3.663253,2.993547,1.447993,0.576419,1.808655,1.688325,2.545760,2.502034,3.271681,3.571296,3.592558,3.986889,3.533280,3.735922,4.023616,3.505252,2.992042,1.503960,4.043268,3.786180,3.155702,4.349004,3.679865,3.906992
29.604011,-1.548440,3.167138,3.103685,3.528786,2.516829,1.508816,1.410842,0.041506,3.694815,3.042862,1.523282,0.632968,1.855998,1.722517,2.550035,2.523733,3.301965,3.599646,3.641206,4.016206,3.570651,3.776193,4.073874,3.526515,3.067106,1.481730,4.063887,3.883474,3.149903,4.368656,3.698229,3.943075
29.459658,-1.491562,3.219084,3.137220,3.532073,2.586857,1.551227,1.654462,0.042821,3.719473,3.022150,1.610406,0.693462,1.880985,1.736983,2.564829,2.549377,3.328705,3.616721,3.664724,4.024261,3.585149,3.813242,4.104158,3.653770,3.173421,1.486241,4.081928,3.919235,3.168266,4.377354,3.730445,3.989145
30.938167,-1.551071,3.271358,3.167138,3.528457,2.601652,1.569967,1.882629,0.042821,3.797720,2.894587,1.629475,0.725353,1.896437,1.742244,2.562528,2.552336,3.365754,3.642172,3.700484,4.042946,3.619943,3.850935,4.133475,3.677610,3.229156,1.447581,4.086439,3.940175,3.183086,4.386053,3.756541,4.013307
30.728548,-1.508987,3.260509,3.159905,3.516950,2.582254,1.572597,1.870793,0.042493,3.764514,2.972177,1.655448,0.736202,1.892821,1.755394,2.554637,2.538528,3.367687,3.675999,3.710149,4.059699,3.631218,3.874131,4.135086,3.710471,3.261050,1.510725,4.086116,3.939853,3.191140,4.396040,3.785536,4.031348
31.084921,-1.566523,3.246043,3.159576,3.509059,2.574692,1.559447,1.619283,0.042493,3.806926,2.828504,1.599557,0.749024,1.871779,1.751778,2.539514,2.522747,3.383151,3.681798,3.721747,4.065498,3.642494,3.897649,4.146684,3.728190,3.255895,1.564849,4.078384,3.942430,3.178898,4.402161,3.799067,4.039725
31.806177,-1.601702,3.246700,3.170097,3.499196,2.576665,1.554515,1.455884,0.042493,3.842762,2.793654,1.624215,0.740147,1.881314,1.744545,2.553980,2.533267,3.406025,3.700162,3.726579,4.067109,3.661824,3.902160,4.162148,3.751708,3.269749,1.653767,4.070975,3.943075,3.219813,4.403772,3.810343,4.048101
31.973738,-1.552057,3.316728,3.132946,3.499854,2.611515,1.579173,1.550899,0.041506,3.841118,2.696009,1.631776,0.764148,1.915506,1.767559,2.576994,2.542473,3.391527,3.667945,3.725291,4.067109,3.652481,3.898938,4.146684,3.734634,3.253318,1.610274,4.051000,3.935665,3.215625,4.400228,3.812920,4.029093
32.576065,-1.598743,3.304893,3.169768,3.534375,2.619405,1.605475,1.749476,0.043150,3.884844,2.713105,1.667612,0.765463,1.936547,1.775449,2.579953,2.550035,3.367687,3.634440,3.713048,4.062920,3.631541,3.892173,4.141851,3.686953,3.240431,1.254282,4.004286,3.906348,3.186630,4.391207,3.793912,4.010730
32.498140,-1.589866,3.297989,3.174371,3.525498,2.630583,1.613365,1.807011,0.043479,3.884187,2.700940,1.676160,0.814779,1.936219,1.772490,2.577980,2.551021,3.371553,3.665046,3.706927,4.062598,3.627352,3.897005,4.138307,3.739466,3.240431,1.221099,3.981735,3.884763,3.184052,4.396040,3.799389,4.015562
32.566760,-1.555345,3.315085,3.187193,3.527799,2.631241,1.636379,1.822464,0.042164,3.897009,2.694036,1.671558,0.859820,1.943780,1.803724,2.572720,2.556939,3.359311,3.664079,3.708860,4.066142,3.622198,3.889917,4.124132,3.755252,3.205315,1.408277,3.920845,3.834183,3.120908,4.396362,3.781992,4.001709
32.190384,-1.582962,3.367359,3.159576,3.529114,2.618419,1.639338,1.940164,0.043808,3.922982,2.653597,1.664982,0.877245,1.937534,1.796162,2.567788,2.541815,3.365754,3.698229,3.709505,4.070975,3.625097,3.897005,4.127031,3.788113,3.247841,1.524578,3.897649,3.833216,3.088369,4.406349,3.805188,4.016851
32.275057,-1.601373,3.374263,3.149055,3.521553,2.624994,1.653804,1.949698,0.046109,3.918050,2.655570,1.654462,0.842395,1.923725,1.810628,2.566473,2.520116,3.380251,3.750098,3.716914,4.080317,3.630896,3.909247,4.140885,3.822585,3.262983,1.258148,3.900871,3.842237,3.097712,4.411504,3.856412,4.035859
33.366859,-1.662525,3.388401,3.148727,3.510703,2.621378,1.628160,1.766901,0.042821,3.934489,2.596720,1.639009,0.786175,1.908602,1.783669,2.544774,2.509267,3.416656,3.765239,3.747198,4.101580,3.651837,3.939853,4.156349,3.886696,3.322906,1.101898,3.911503,3.838371,3.152158,4.415370,3.870910,4.023938
33.721050,-1.690142,3.380181,3.108945,3.475525,2.612172,1.588378,1.439445,0.042164,3.940078,2.562199,1.601201,0.754613,1.873095,1.761312,2.508938,2.498417,3.434697,3.763628,3.751064,4.111890,3.661824,3.959827,4.165691,3.906992,3.392494,1.098032,3.909247,3.825806,3.164078,4.416981,3.881541,4.019750
33.081790,-1.681594,3.374921,3.086589,3.444949,2.585213,1.538405,1.386513,0.042164,3.924297,2.527678,1.630461,0.738832,1.855012,1.756381,2.484938,2.467513,3.442751,3.763306,3.754608,4.114789,3.662146,3.965626,4.161181,3.904415,3.380896,0.899900,3.915046,3.879286,3.148614,4.422458,3.879286,4.072908
32.184896,-1.724992,3.315742,3.105658,3.464675,2.552993,1.541364,1.415773,0.040520,3.928900,2.552007,1.624543,0.722722,1.841532,1.748819,2.465869,2.444828,3.419878,3.743976,3.740755,4.096426,3.647649,3.958217,4.155060,3.906670,3.326772,0.464011,3.896361,3.892495,3.100934,4.419236,3.873487,4.080962
33.383688,-1.742088,3.370976,3.070479,3.454812,2.555952,1.519008,1.397362,0.041506,3.942379,2.527349,1.601529,0.746065,1.848765,1.741586,2.473102,2.442198,3.392816,3.747520,3.743654,4.106413,3.633474,3.951451,4.152483,3.901193,3.320329,0.397322,3.885085,3.887984,3.082570,4.415692,3.864789,4.072908
34.014886,-1.661539,3.414373,3.019848,3.484073,2.580939,1.622899,1.446349,0.041506,3.942051,2.551678,1.660051,0.761846,1.845478,1.728106,2.490198,2.453705,3.437275,3.773938,3.773616,4.129287,3.666334,3.990433,4.180189,3.918590,3.419556,0.159565,3.905059,3.885729,3.077093,4.426968,3.888307,4.083539
34.589343,-1.686197,3.402866,3.029711,3.453168,2.585213,1.598899,1.643612,0.042164,3.926270,2.537870,1.659064,0.785847,1.840546,1.723504,2.488883,2.449431,3.448873,3.784247,3.770072,4.145395,3.673422,4.018462,4.187921,3.939853,3.433731,0.015557,3.968848,3.957572,2.980766,4.427290,3.910214,4.130897
34.755462,-1.717759,3.379524,3.008670,3.460730,2.568774,1.570296,1.884930,0.041506,3.925612,2.512226,1.660051,0.746723,1.814244,1.722517,2.461266,2.432992,3.477545,3.794879,3.799067,4.161503,3.701450,4.056477,4.203385,3.947907,3.457249,0.016201,4.027804,3.991722,2.936307,4.444365,3.929866,4.139274
36.208205,-1.778582,3.340729,3.044506,3.465990,2.559569,1.548597,1.716928,0.042164,3.924955,2.498746,1.625530,0.756915,1.780381,1.704435,2.450088,2.419184,3.519427,3.834827,3.814208,4.182122,3.733667,4.105446,4.238823,3.969492,3.490110,0.015557,4.044557,4.012663,2.848034,4.450808,3.953384,4.157315
36.435526,-1.764116,3.373606,3.014259,3.390044,2.514527,1.538405,1.347060,0.040849,3.907201,2.525705,1.607776,0.735545,1.766901,1.691613,2.434307,2.414581,3.554865,3.854801,3.835149,4.196619,3.758796,4.135730,4.263308,3.991078,3.501063,0.017168,4.068075,4.006219,2.861565,4.451775,3.955961,4.172135
38.895367,-1.715457,3.412401,2.974478,3.431798,2.527349,1.540049,1.361526,0.040520,3.902269,2.530966,1.626845,0.742449,1.778080,1.680434,2.431677,2.410636,3.565819,3.859956,3.845781,4.209184,3.794556,4.156026,4.279738,3.992366,3.509118,0.016523,4.080640,4.044235,2.922132,4.456285,3.953706,4.172779
38.560768,-1.739458,3.411086,3.065547,3.439360,2.552336,1.574241,1.371389,0.041178,3.909174,2.552665,1.624872,0.767764,1.779395,1.697531,2.437266,2.418855,3.538435,3.850291,3.836438,4.204673,3.776193,4.149905,4.281349,3.990755,3.488177,0.014590,4.073230,4.107702,2.861887,4.454352,3.944686,4.171168
39.199557,-1.699348,3.412730,3.011958,3.436072,2.575021,1.602844,1.444377,0.042164,3.916078,2.556610,1.624872,0.786175,1.795504,1.673859,2.468499,2.428060,3.525548,3.834827,3.831928,4.201774,3.759762,4.145717,4.276516,3.966593,3.489465,0.013624,4.057766,4.108668,2.812596,4.450486,3.932765,4.165691
40.122863,-1.684224,3.406812,3.084287,3.450538,2.600994,1.613036,1.520323,0.042493,3.892406,2.588829,1.653804,0.804258,1.818190,1.680106,2.491842,2.446800,3.531347,3.825806,3.838371,4.197586,3.776193,4.152160,4.282315,3.975614,3.496553,0.013624,4.065176,4.139596,2.933730,4.452741,3.931799,4.165691
40.551725,-1.728608,3.378866,3.142151,3.485388,2.612172,1.637365,1.583118,0.041835,3.912461,2.602638,1.673202,0.834505,1.822135,1.690955,2.509596,2.455348,3.571296,3.826451,3.843203,4.195331,3.777482,4.151516,4.280382,3.953062,3.507507,0.013946,4.062276,4.123165,3.031346,4.447264,3.921490,4.151516
41.621046,-1.663840,3.420291,3.087246,3.503142,2.633542,1.714955,1.999343,0.042821,3.933831,2.629926,1.691284,0.844368,1.860930,1.703448,2.539843,2.485595,3.552288,3.830961,3.843526,4.192109,3.795201,4.154416,4.284893,3.943719,3.442107,0.013302,4.080317,4.136696,3.023292,4.449520,3.920845,4.157315
40.658108,-1.633264,3.397606,3.135904,3.477826,2.645049,1.767230,1.957918,0.044137,3.906215,2.622035,1.646242,0.867711,1.848765,1.692270,2.571405,2.495459,3.571296,3.829672,3.845459,4.181478,3.793268,4.148939,4.273939,3.909247,3.430509,0.014268,4.084183,4.109957,3.081282,4.440177,3.905381,4.149905
41.636916,-1.640168,3.419634,3.076397,3.455141,2.636501,1.777751,1.525912,0.042821,3.906872,2.555952,1.620269,0.829245,1.842848,1.690626,2.582912,2.499404,3.574195,3.793912,3.841915,4.180189,3.796812,4.153127,4.266851,3.860278,3.413757,0.012980,4.096426,4.017817,3.233988,4.429545,3.888307,4.130253
40.827289,-1.680936,3.442648,3.156288,3.475525,2.700940,1.928657,1.559775,0.042821,3.900297,2.555295,1.638680,0.899602,1.898081,1.723175,2.606254,2.550692,3.550355,3.791013,3.835471,4.157315,3.786824,4.127676,4.235601,3.770072,3.460471,0.014268,4.115434,4.011374,3.330960,4.405383,3.865433,4.101258
40.589661,-1.706581,3.463360,3.131959,3.501169,2.732502,2.012165,1.657092,0.041506,3.906872,2.545760,1.602844,0.894670,1.940164,1.727120,2.601323,2.590473,3.460793,3.690175,3.791335,4.124454,3.638306,4.070008,4.116400,3.431153,3.171488,0.895068,4.068075,3.844170,3.431476,4.299068,3.729479,3.910214
38.771821,-1.695074,3.427524,3.162535,3.499196,2.780174,2.031562,1.806025,0.044137,3.870379,2.549377,1.620598,0.931821,1.953972,1.724819,2.603624,2.648995,3.192107,3.488177,3.588692,4.010085,3.394749,3.882830,3.765561,3.215947,2.726255,3.176320,4.060343,3.544878,3.236565,4.151194,3.438563,3.493654
32.077001,-1.752280,3.442648,3.170097,3.499196,2.791352,2.023014,1.903670,0.043808,3.886817,2.540829,1.601201,0.920643,1.998356,1.743559,2.600008,2.674310,3.062596,3.260084,3.456605,3.842881,3.460793,3.584182,3.040367,2.305507,1.771035,3.637340,4.037469,3.317751,2.751384,4.021039,3.527481,3.176965
26.203636,-1.743403,3.391031,3.156288,3.458757,2.785106,2.033206,1.861588,0.043150,3.853611,2.505322,1.570954,0.922616,1.976658,1.705421,2.593761,2.646364,3.025225,3.187274,3.577417,3.633796,3.578383,3.192429,2.818717,2.897647,1.236563,3.306798,4.076774,3.387983,2.055507,3.884118,3.486566,3.006539
2.837412,-1.614524,3.354537,3.121439,3.417990,2.792339,2.038138,1.873095,0.052027,3.802652,2.571733,1.619283,0.947602,1.984219,1.728764,2.653269,2.733818,2.962403,3.029091,3.478190,3.453705,3.426321,2.966913,2.344167,2.517492,1.448870,3.224967,4.067753,3.291656,1.911821,3.842881,3.501708,3.036823
0.989010,-1.677977,3.062917,2.890641,3.248344,2.654584,1.939835,1.574899,0.040191,3.661280,2.311347,1.746189,1.046563,2.071015,1.689969,2.611186,2.733160,2.953704,3.015560,3.480445,3.449195,3.397648,2.978189,2.220455,2.424386,1.536821,3.224645,4.061632,3.317751,2.107698,3.865433,3.468203,3.006539
-11.273167,-1.188762,2.652282,2.510253,3.210535,2.353429,1.666626,0.953849,0.036904,3.399579,2.682858,1.816875,1.170181,2.197921,1.730408,2.464883,2.811079,2.957570,2.985598,3.480767,3.460148,3.400226,3.025869,2.222711,2.437917,1.585468,3.247519,4.060343,3.324517,2.329992,3.865755,3.466914,3.025869
-20.494346,-0.635108,2.491513,2.580281,2.367895,0.030657,0.896972,0.681297,0.331484,2.888997,2.622364,2.451403,1.689311,2.422143,1.415773,2.108495,2.454033,2.959503,2.970457,3.474002,3.462726,3.384762,3.024258,2.131860,2.381860,1.610919,3.255573,4.062598,3.307442,2.381860,3.863178,3.484633,3.037789
-22.381781,-0.108414,1.601858,1.795504,1.669256,0.017835,0.016191,0.017177,0.016520,1.355937,1.897424,1.818847,1.255990,1.949698,0.001396,0.001067,0.498829,2.932441,2.928575,3.477223,3.381540,3.336437,2.966591,2.068716,2.306474,1.529089,3.188241,4.049390,3.297777,2.400224,3.845781,3.460148,3.000096
-21.696581,-0.030166,1.670571,1.532816,1.298731,0.013232,0.012903,0.013232,0.011588,0.804258,1.578844,1.151770,0.411704,0.081288,0.003040,0.000739,0.000410,2.905057,2.918266,3.471102,3.377352,3.329349,2.932119,2.030378,2.220133,1.547130,3.165045,4.056155,3.256540,2.353188,3.837082,3.466592,2.997841
-22.541561,-0.104469,1.663667,1.470678,1.324375,0.012246,0.013561,0.013561,0.012903,0.750339,1.421363,0.963384,0.162166,-0.000248,-0.000248,0.000081,0.000081,2.948549,2.942750,3.519427,3.399259,3.389594,2.985276,2.045520,2.247195,1.620584,3.166011,4.066786,3.239465,2.608665,3.851580,3.496875,3.011694
-23.082929,-0.076523,1.538734,1.390787,1.289525,0.012246,0.012574,0.012246,0.011588,0.673078,1.401307,0.890067,0.000410,0.001396,0.001067,0.000410,0.000081,2.973356,2.972068,3.551321,3.464014,3.412146,3.011372,2.134760,2.251383,1.728509,3.181475,4.060021,3.304220,2.634438,3.876386,3.517172,3.040689
-23.371696,0.007314,1.523939,1.375334,1.278018,0.011588,0.011917,0.012903,0.011259,0.564912,1.360869,0.829902,-0.000576,-0.000576,0.000081,-0.000248,0.000739,2.996552,2.988820,3.574517,3.487532,3.465947,3.047776,2.174386,2.324837,1.791331,3.214658,4.073230,3.350290,2.633472,3.895394,3.545844,3.080315
-24.452021,0.027369,1.528871,1.366458,1.277361,0.011259,0.010602,0.011259,0.011259,0.543542,1.335224,0.842067,0.001067,0.001067,0.000410,0.000081,0.000410,3.002995,3.010405,3.586437,3.495264,3.477223,3.084503,2.215623,2.366074,1.803251,3.234310,4.076451,3.364465,2.719812,3.913758,3.543911,3.096101
-25.599405,0.101014,1.466075,1.243826,1.205360,0.011259,0.011259,0.011917,0.011588,0.453787,1.191551,0.825628,-0.000905,-0.000248,0.000410,0.000410,0.000739,3.004928,3.018137,3.591592,3.510084,3.477868,3.094168,2.261693,2.375417,1.874772,3.246553,4.078707,3.374130,2.690817,3.915691,3.554221,3.120586
-25.542677,0.074384,1.514405,1.316813,1.223113,0.011588,0.010931,0.010931,0.011259,0.500801,1.316813,0.894999,0.000739,0.000739,0.000410,0.000410,0.000410,3.003318,3.022648,3.583216,3.497520,3.457249,3.069039,2.272646,2.397969,1.859630,3.244942,4.084506,3.332893,2.696616,3.928255,3.550355,3.119297
-26.593862,0.028027,1.540049,1.379609,1.255004,0.010931,0.010931,0.010931,0.011588,0.571159,1.366458,0.896643,0.001067,-0.001892,-0.001234,-0.000576,0.000410,2.983988,2.979155,3.565497,3.479478,3.411179,3.025547,2.195971,2.268458,1.833213,3.207571,4.086439,3.292622,2.589013,3.906992,3.529414,3.096101
-26.074295,-0.000905,1.569967,1.415116,1.260593,0.012903,0.011588,0.011917,0.011917,0.599433,1.383883,0.897300,-0.000248,-0.000576,0.000410,0.000739,0.000410,2.989142,2.986243,3.572906,3.490110,3.428254,3.052931,2.192427,2.320005,1.862530,3.220135,4.099325,3.321939,2.630572,3.907314,3.525226,3.102545
-25.858182,-0.039372,1.565364,1.408212,1.264210,0.012246,0.011917,0.011588,0.011259,0.619159,1.383225,0.905520,0.001396,0.001396,0.000410,0.001067,0.000410,2.995908,3.017171,3.604801,3.511051,3.469491,3.104155,2.225932,2.431796,1.956602,3.214014,4.108024,3.333537,2.716590,3.919557,3.537790,3.118331
-25.918445,-0.057125,1.556159,1.406897,1.267169,0.011588,0.011917,0.011917,0.012246,0.632968,1.381581,0.902561,0.000739,-0.000905,-0.000576,0.000081,0.000081,2.996552,3.013305,3.604801,3.511373,3.482700,3.110599,2.245907,2.426641,1.981409,3.186952,4.105769,3.326450,2.661822,3.923101,3.535857,3.113176
-26.192060,-0.041344,1.549583,1.367773,1.229031,0.012246,0.011588,0.010273,0.010273,0.589241,1.367115,0.920972,-0.000905,0.000739,0.000410,0.000410,0.000739,2.989142,3.010727,3.608022,3.507829,3.475290,3.106088,2.234953,2.423420,1.990752,3.179542,4.106735,3.337725,2.714013,3.907314,3.524582,3.097712
-25.763118,-0.048248,1.539720,1.358238,1.227058,0.010931,0.011588,0.011917,0.011917,0.577076,1.352320,0.920643,0.001725,-0.000248,-0.000248,0.000081,-0.000248,2.998807,3.004284,3.608022,3.509762,3.483666,3.112210,2.242363,2.406667,2.008471,3.149259,4.110601,3.356411,2.763304,3.903126,3.522971,3.093202
-26.493120,0.019150,1.508158,1.298402,1.206017,0.011259,0.010931,0.011259,0.010273,0.513952,1.348704,0.901903,0.001067,0.000081,0.000410,0.000410,0.000081,3.010083,3.034890,3.621876,3.530703,3.499130,3.136372,2.280700,2.457247,2.039076,3.148936,4.121877,3.368331,2.755572,3.924389,3.526515,3.092557
-25.896132,0.031314,1.478569,1.285580,1.212593,0.010931,0.010602,0.011917,0.011917,0.482719,1.322402,0.895328,0.000739,-0.000248,-0.000905,-0.000248,0.000410,2.983665,2.995263,3.607056,3.502674,3.479800,3.099323,2.266203,2.416010,1.979798,3.117364,4.130253,3.344169,2.698871,3.898938,3.515883,3.065173
-25.870052,0.085562,1.494679,1.190565,1.180702,0.011259,0.009287,0.010273,0.010273,0.408416,1.296758,0.847985,0.000410,0.000739,0.000739,0.001396,0.000410,2.962725,2.935663,3.589981,3.474646,3.449517,3.059052,2.229154,2.347066,1.878638,3.078704,4.130575,3.331604,2.638948,3.889273,3.495909,3.040044
-25.681404,0.094110,1.383883,1.171825,1.088974,0.009287,0.008629,0.008958,0.009615,0.314716,1.198784,0.829245,0.000081,0.000410,0.000739,-0.000248,-0.000905,2.957570,2.965624,3.594814,3.494298,3.477223,3.064851,2.213368,2.324837,1.967234,3.081926,4.138952,3.331926,2.709503,3.891850,3.508795,3.047454
-25.943305,-0.073564,1.159660,1.112646,0.999877,0.008300,0.007314,0.007972,0.006985,0.082603,0.947602,0.734558,-0.000248,-0.000576,-0.000248,0.000739,0.000739,2.982699,2.985598,3.632507,3.498486,3.486888,3.072261,2.302930,2.377994,2.010404,3.091269,4.154738,3.370586,2.736565,3.894750,3.535535,3.071617
-26.417781,0.000410,1.079440,1.079440,0.965685,0.006985,0.006657,0.006328,0.005999,0.007314,0.809518,0.646119,0.000410,-0.000248,0.000410,0.000410,-0.000248,2.969168,2.976578,3.673100,3.494620,3.542301,3.071295,2.332891,2.374128,2.045198,3.093202,4.164725,3.346102,2.863820,3.914080,3.554543,3.084503
-25.869412,-0.000576,1.072865,1.077139,0.948260,0.006657,0.006985,0.007314,0.006657,0.007314,0.757244,0.582008,-0.000248,-0.000248,-0.000576,0.000081,0.000739,3.089014,3.034245,3.807443,3.523293,3.639595,3.089980,2.327092,2.340945,2.089656,3.055508,4.172779,3.361566,2.980122,3.926644,3.552932,3.099001
-26.400324,-0.000248,1.059714,1.049850,0.896643,0.006985,0.006328,0.006657,0.006657,0.006328,0.652365,0.523487,-0.000248,0.000410,0.001067,0.000410,0.000410,3.164078,3.098034,3.874776,3.569685,3.685664,3.152158,2.385404,2.417299,2.161499,3.051320,4.189532,3.408280,3.029735,3.978835,3.582894,3.139271
-27.067479,0.000081,1.047549,1.041960,0.895985,0.005999,0.005999,0.005999,0.006657,0.007643,0.651050,0.534665,0.000739,0.000410,-0.000248,-0.000905,-0.000905,3.177931,3.108988,3.894106,3.586437,3.704994,3.174387,2.432118,2.509760,2.151834,3.022970,4.206929,3.471424,3.079993,3.993655,3.604801,3.161179
-28.378378,-0.000248,1.057412,1.061029,0.907164,0.006985,0.006657,0.005670,0.006328,0.006657,0.662557,0.470883,0.001396,-0.000248,0.001067,0.001067,0.001067,3.167622,3.092880,3.899260,3.573873,3.701773,3.168589,2.380572,2.455958,2.127350,2.958537,4.204673,3.546489,3.059374,3.983668,3.591270,3.130251
-29.418460,0.000081,1.054782,1.050179,0.900588,0.006657,0.005341,0.005670,0.006328,0.007643,0.642831,0.386389,0.001396,0.000410,-0.000248,-0.000905,-0.000248,3.163434,3.102867,3.923423,3.577095,3.705639,3.167944,2.416010,2.444038,2.082247,2.923743,4.202096,3.554865,3.031668,3.992044,3.597391,3.135083
-29.896047,0.000081,1.047220,1.087988,0.944972,0.007643,0.007314,0.006657,0.006657,0.007314,0.660913,0.198002,0.000410,-0.000248,0.001725,0.001067,0.001067,3.158279,3.111887,3.957572,3.581927,3.719814,3.166011,2.450482,2.459180,2.068716,2.928575,4.195653,3.570329,3.070650,3.996876,3.605445,3.137016
-30.721439,-0.043317,1.064645,1.060042,0.926561,0.005999,0.006328,0.006985,0.006985,0.052356,0.655324,0.012246,0.000081,0.000081,0.000410,-0.000905,-0.000248,3.162790,3.111887,3.974647,3.584504,3.808410,3.187274,2.478832,2.452415,2.143136,2.933085,4.205640,3.618654,3.106733,4.015240,3.619620,3.151836
-31.811355,0.000081,1.115605,1.055111,0.905191,0.006985,0.006985,0.006657,0.006328,0.007314,0.613899,0.059589,0.000410,0.000739,0.000410,0.001067,0.000410,3.197583,3.108666,4.027160,3.618332,3.891528,3.220135,2.513626,2.494940,2.220133,2.920843,4.209184,3.701128,3.172132,4.051000,3.643783,3.210470
-32.815196,-0.000248,1.062015,1.038015,0.881848,0.005999,0.005670,0.006657,0.008629,0.006657,0.516911,0.013890,0.000739,0.000081,-0.000248,-0.000905,0.000410,3.212403,3.139594,4.036503,3.629608,3.907637,3.230766,2.541010,2.453703,2.319360,2.895070,4.214338,3.695329,3.166333,4.054544,3.656992,3.254285
-32.787314,0.000410,1.059385,0.998233,0.841080,0.006328,0.006657,0.005670,0.005999,0.005013,0.501788,0.006657,0.000739,0.001067,0.000739,-0.000248,0.000081,3.226578,3.126063,4.054222,3.641850,3.928577,3.250096,2.548420,2.480121,2.321293,2.902480,4.210472,3.773293,3.197583,4.074196,3.679543,3.279091
-33.630020,0.000410,1.040974,0.984096,0.844697,0.006328,0.005341,0.005670,0.005670,0.005670,0.461677,0.000739,0.000081,0.001067,-0.000905,-0.000905,-0.000576,3.260728,3.159568,4.073230,3.655059,3.949196,3.277480,2.589657,2.594167,2.356731,2.912467,4.217238,3.801966,3.196617,4.100614,3.691141,3.304865
-34.568549,0.000081,1.000206,0.980808,0.819053,0.006657,0.005999,0.007643,0.005341,0.005999,0.415649,0.000081,0.000739,0.000410,0.001396,0.000410,0.000739,3.252996,3.138949,4.081606,3.639595,3.954995,3.260728,2.579670,2.545520,2.368974,2.870585,4.207251,3.794879,3.164078,4.100614,3.698229,3.290367
-35.415758,0.000410,1.000535,0.965356,0.782230,0.004684,0.005999,0.006328,0.005999,0.005999,0.407101,0.000081,-0.000248,-0.000576,-0.000248,0.000410,0.000739,3.280380,3.162467,4.097392,3.656347,3.968848,3.286179,2.616719,2.526835,2.454348,3.001707,4.207251,3.789402,3.175032,4.113501,3.716592,3.329671
-35.850638,0.000081,0.967000,0.924588,0.762175,0.005013,0.005999,0.004684,0.004684,0.005999,0.371923,0.000081,-0.000248,0.000081,0.000081,-0.000248,-0.000905,3.315818,3.181797,4.114789,3.695652,4.005253,3.335148,2.674387,2.757183,2.508149,3.007828,4.210150,3.792301,3.204671,4.149261,3.728190,3.344491
-38.183152,0.000081,0.903547,0.865738,0.743764,0.005670,0.005013,0.005013,0.005013,0.005013,0.365018,0.000081,0.000410,0.000739,0.001067,0.000739,0.001396,3.357055,3.183730,4.128964,3.703383,4.029415,3.356411,2.678253,2.790044,2.581925,2.983021,4.214338,3.802611,3.242687,4.160215,3.731734,3.351579
-38.436839,-0.000576,0.809847,0.758559,0.645461,0.004026,0.004026,0.006328,0.004684,0.005341,0.286113,0.001067,0.000410,-0.002220,-0.000576,-0.000248,-0.000905,3.387661,3.221101,4.145073,3.724002,4.041980,3.396360,2.745263,2.869297,2.573871,2.968524,4.224970,3.785536,3.276192,4.169880,3.735600,3.366076
-39.397390,0.000081,0.711544,0.694777,0.539596,0.004026,0.003698,0.003369,0.002382,0.003040,0.247647,0.001067,0.001396,0.000410,0.000081,0.000081,0.000410,3.406991,3.216591,4.148294,3.729157,4.046168,3.409891,2.771036,2.894103,2.566461,2.966913,4.231735,3.782314,3.264594,4.173746,3.741077,3.370586
-39.801263,0.000410,0.705626,0.635598,0.490609,0.005013,0.004355,0.004355,0.003369,0.003369,0.256852,0.000410,-0.000576,-0.000905,0.000081,0.001067,0.000739,3.379607,3.204349,4.139918,3.722069,4.041013,3.390561,2.736887,2.873807,2.592234,2.935018,4.228836,3.770394,3.227867,4.163758,3.724646,3.360599
-40.702561,0.000081,0.596145,0.555377,0.376197,0.003040,0.002382,0.002382,0.003040,0.003040,0.185509,0.000739,0.001067,0.000081,-0.000248,-0.000576,-0.000248,3.368331,3.179864,4.140562,3.711438,4.028449,3.374452,2.700482,2.781346,2.346100,2.868652,4.220782,3.736567,3.205960,4.151838,3.699517,3.329349
-40.047474,0.000410,0.337730,0.418937,0.272962,0.002382,0.001725,0.002054,0.001067,0.002054,0.020794,-0.000248,-0.000248,0.000739,0.001396,0.000739,0.001067,3.374452,3.173743,4.139596,3.703706,4.028449,3.370264,2.684696,2.778446,2.195971,2.827737,4.230769,3.739144,3.217880,4.152805,3.703383,3.327738
-39.537467,0.000081,0.276250,0.246003,0.168084,0.000739,0.001067,0.000739,0.001067,0.002054,0.001725,0.000739,0.000410,0.001067,0.000739,-0.000248,-0.000576,3.397326,3.182442,4.153127,3.728190,4.051645,3.413112,2.721745,2.778124,2.349644,2.905701,4.238179,3.773616,3.212403,4.178256,3.708216,3.331282
-39.124844,0.000081,0.092137,0.067479,0.126001,0.001396,0.002054,0.001396,0.000739,0.001396,0.000081,-0.001234,-0.000248,0.000410,0.000081,0.000410,0.000739,3.427287,3.211114,4.167302,3.745909,4.085150,3.445973,2.796809,2.879928,2.385726,2.851900,4.238501,3.818397,3.179864,4.193075,3.743332,3.387661
-39.560499,0.000410,-0.000248,0.000739,0.044137,-0.000905,-0.000248,0.000081,0.000410,0.000739,0.000081,0.002382,0.001067,-0.000248,0.000081,0.000739,-0.000248,3.440818,3.233666,4.180189,3.765561,4.116400,3.468847,2.827093,2.893459,2.550353,2.909245,4.239790,3.853513,3.225612,4.201130,3.768783,3.456927
-40.370805,0.000081,0.001067,0.001396,0.000410,0.000410,-0.000905,-0.000248,0.000081,-0.000905,-0.000248,0.000081,0.000410,0.000410,-0.000248,0.000410,0.000739,3.481089,3.252674,4.185988,3.781348,4.126709,3.491721,2.824194,2.893781,2.659567,3.055508,4.236890,3.869943,3.242042,4.213372,3.801322,3.486888
-41.552287,0.000081,0.000081,0.000081,0.000739,0.000081,0.000739,0.000081,0.000739,0.000739,0.000410,0.000081,0.000081,-0.000248,0.000410,-0.000248,0.001067,3.484955,3.263305,4.191142,3.797134,4.130897,3.504607,2.818717,2.874129,2.758150,3.180509,4.230447,3.864466,3.276192,4.209828,3.805188,3.499130
-42.346366,0.000739,0.000739,-0.000576,-0.000576,-0.000576,-0.001892,0.000410,0.000410,0.000081,0.000739,0.000739,0.000081,-0.000248,0.000081,-0.000905,-0.000576,3.467558,3.231089,4.181155,3.786180,4.114145,3.473679,2.775547,2.854799,2.758472,3.153125,4.213372,3.840948,3.223679,4.206606,3.798422,3.483989
-43.669580,0.000410,0.000410,0.001067,0.000081,0.001067,0.000410,0.000410,-0.000248,-0.000576,-0.000576,0.000081,0.000739,0.000410,0.001067,0.000410,0.000081,3.450806,3.201772,4.172135,3.769427,4.099003,3.463692,2.704026,2.789077,2.724322,3.091913,4.209184,3.821940,3.180186,4.197264,3.772327,3.457249
-44.188235,0.000410,-0.000576,-0.000905,-0.000248,-0.001234,0.000410,0.000739,0.000739,0.000081,0.000739,-0.000248,0.000081,0.000739,-0.000248,-0.000905,-0.000576,3.453383,3.190174,4.181478,3.772327,4.119622,3.454027,2.682119,2.784245,2.720456,3.049387,4.205962,3.819363,3.179542,4.192753,3.784247,3.462404
-43.978214,0.000410,0.000410,0.000081,-0.000576,0.000739,0.000081,0.000081,-0.000248,-0.000248,0.000410,-0.000576,0.000410,0.001396,0.000410,-0.000576,0.001067,3.471102,3.193717,4.182122,3.787469,4.125098,3.475612,2.714013,2.776191,2.715624,3.075160,4.203063,3.829350,3.228189,4.189854,3.790046,3.479478
-44.094741,-0.000248,-0.000248,0.000081,-0.000576,0.000081,0.000410,0.000739,0.001396,0.001067,0.000739,0.000410,-0.000248,0.000410,-0.000248,0.000081,0.000081,3.484633,3.208215,4.183088,3.803899,4.131220,3.498808,2.716268,2.826449,2.747840,3.097068,4.205640,3.828706,3.245264,4.198552,3.806799,3.514594
-43.962769,0.000410,0.000739,0.000081,0.001067,0.000739,0.000410,0.000410,0.000410,0.000739,-0.000576,0.000081,0.000739,0.001725,0.001396,0.000739,0.000739,3.497520,3.205315,4.191465,3.811309,4.152805,3.499130,2.742363,2.825160,2.723356,3.136050,4.204996,3.829672,3.247841,4.205318,3.812598,3.540690
-44.146260,0.000739,0.000739,0.000081,-0.000248,0.000081,-0.000576,-0.000248,-0.000248,0.001067,0.001067,0.001067,-0.000248,-0.000248,0.000410,-0.000576,0.000410,3.514917,3.211759,4.207573,3.832572,4.174712,3.531347,2.776513,2.837724,2.718201,3.185019,4.193398,3.838371,3.266205,4.204351,3.831283,3.571618
-43.539273,0.000739,-0.001234,0.002382,-0.000248,0.000410,0.000739,0.000410,0.000081,0.001725,0.000410,0.000410,0.000410,0.000081,-0.000248,0.000081,0.000739,3.541012,3.211114,4.234635,3.875742,4.204351,3.580961,2.802608,2.840624,2.693717,3.238821,4.212405,3.894106,3.348679,4.224326,3.855768,3.664401
-43.765411,-0.000248,0.000410,0.000081,0.001067,0.000410,0.000410,0.000081,0.000081,-0.000248,0.000081,0.000410,0.001067,0.000739,0.000410,0.000410,0.000739,3.563886,3.213047,4.250743,3.889273,4.209506,3.624453,2.813240,2.823227,2.670198,3.274903,4.242045,3.938242,3.374452,4.225614,3.886374,3.740755
-43.657705,0.000410,-0.000576,-0.000576,0.000410,0.000081,0.000081,0.000739,0.001067,0.000739,0.000081,0.000739,-0.000576,-0.000905,0.000081,0.000410,0.001067,3.546167,3.165045,4.243656,3.883152,4.201774,3.616721,2.753317,2.799709,2.634760,3.215625,4.244622,3.933732,3.347713,4.223681,3.884441,3.754608
-44.983080,0.000410,0.000739,0.001067,0.000410,0.001067,-0.000248,0.000081,0.000081,-0.000248,-0.000576,0.002711,0.000081,0.001067,0.001067,0.000739,-0.000248,3.577417,3.150225,4.238179,3.889595,4.183733,3.629285,2.779413,2.776191,2.766526,3.293589,4.247844,3.929544,3.368976,4.214016,3.875098,3.785858
-47.254463,0.000410,0.001396,-0.000248,0.000081,-0.000576,0.000081,-0.000905,0.000739,0.000739,0.000410,0.000410,0.000081,-0.000905,-0.000576,-0.000248,0.001725,3.566785,3.030379,4.215949,3.902482,4.162148,3.646682,2.790044,2.713691,2.867364,3.207248,4.276516,3.912147,3.412468,4.200485,3.861889,3.775226
-49.400159,0.000081,0.000410,0.001067,0.001725,0.000410,0.001396,-0.000576,-0.001234,-0.000576,-0.000576,0.000739,0.000739,0.000739,0.000081,0.000410,-0.000248,3.495909,2.890237,4.147006,3.905381,4.085472,3.707249,2.770070,2.648613,2.952738,3.156991,4.265563,3.840626,3.457249,4.178900,3.818074,3.736567
-49.721248,0.000081,0.000410,0.000739,-0.000248,-0.000576,-0.000576,0.000410,-0.000248,0.001067,0.001067,0.000410,0.000410,-0.000576,0.000410,-0.000576,0.001067,3.528770,2.851255,4.075163,3.926000,3.985601,3.740433,2.756861,2.435018,2.987531,3.279413,4.191787,3.752997,3.487532,4.134441,3.684054,3.591270
-48.943787,-0.000576,0.000410,0.000081,0.000739,0.000739,0.000739,0.000081,0.000081,0.000081,0.000081,0.000410,0.000081,-0.000248,0.000410,0.001396,0.001067,3.351256,2.254283,3.944686,3.804866,3.767494,3.699840,1.822259,2.031344,2.834503,3.392171,3.963049,3.374774,3.253640,3.821296,3.306475,2.770714
-45.149989,-0.000248,0.000081,0.000739,-0.000576,0.000081,0.000410,0.000081,-0.000576,-0.000248,-0.000576,0.000410,-0.001563,0.000081,0.000739,0.000739,0.000081,3.004928,1.464334,3.590948,3.481089,3.310664,3.305187,1.734308,2.169231,2.156022,2.925998,3.749453,2.797454,2.549386,3.518138,2.555830,2.507505
-36.199394,0.000739,0.000081,0.000081,0.000081,0.000410,0.000739,0.001067,0.001067,0.000410,0.000081,0.000410,0.000081,0.000081,-0.000248,0.000410,0.000410,2.724644,1.400223,3.416012,3.294877,3.177609,3.181797,2.649902,2.836758,1.649901,1.041008,3.789080,2.984954,2.579348,3.702417,2.520714,2.734954
-15.340794,-0.000248,-0.000248,0.000410,0.000410,0.000081,-0.000576,-0.000248,0.000410,-0.000248,-0.001234,-0.000905,-0.001892,0.000410,0.001725,0.000739,0.000081,3.054220,2.763304,3.548100,3.638628,3.327738,3.357055,3.560020,2.918588,2.460147,1.778445,4.051323,3.563564,2.369618,3.991722,3.060019,3.491076
2.009907,0.000081,0.000739,0.001396,-0.000248,0.000410,-0.000905,-0.000576,-0.000248,0.000410,-0.000248,0.000410,0.000081,0.000410,0.000081,0.000410,-0.001234,3.196295,2.991075,3.648615,3.707572,3.408924,3.473357,3.672133,2.868652,2.596745,1.832891,4.101903,3.729157,2.420842,4.072908,3.232699,3.549710
10.864176,0.000410,0.000410,-0.000248,-0.000248,0.000081,0.000081,0.000739,0.001396,0.001067,0.000081,0.000410,-0.000248,0.000410,-0.000248,0.000081,-0.000576,3.202738,3.074194,3.654092,3.721103,3.415045,3.496875,3.691786,2.887660,2.611886,1.705957,4.105124,3.743010,2.484953,4.085472,3.252674,3.575806
27.696891,0.000081,0.001067,0.000410,0.001396,0.000739,0.002054,0.000081,0.001396,0.000081,0.000081,-0.000248,-0.000905,-0.000248,0.001396,0.000410,0.001067,3.184697,3.077093,3.651193,3.740433,3.420522,3.509440,3.697262,2.931475,2.634760,1.589334,4.100614,3.736889,2.565495,4.092238,3.251385,3.585471
34.442459,0.000410,0.000410,0.001067,0.000410,0.000081,-0.001563,0.000410,-0.000248,0.000081,-0.001563,-0.000248,0.000410,0.000739,0.000739,0.003040,0.422882,3.163112,3.060985,3.629608,3.727868,3.403125,3.486566,3.692430,2.938562,2.651513,1.800030,4.080962,3.702417,2.481732,4.114145,3.235599,3.558087
35.072517,0.000410,0.006985,0.896314,0.590227,1.490405,0.717133,0.007643,0.006657,0.007314,0.007643,0.000739,0.001396,0.000410,0.525130,1.663338,2.305429,3.153125,3.055831,3.637017,3.729801,3.423744,3.504929,3.698873,2.984954,2.653768,1.707890,4.055833,3.687275,2.559374,4.127031,3.241076,3.560664
34.306246,-0.508530,0.009287,0.864423,0.853902,1.905972,0.932808,0.009615,0.010273,0.518226,0.009287,0.000081,0.000739,-0.000576,0.619817,1.765915,2.493815,3.194362,3.092557,3.655381,3.763628,3.452416,3.555832,3.692752,3.050354,2.647325,1.581924,4.039402,3.660213,2.619618,4.153127,3.272970,3.592236
34.037398,-0.443104,0.008958,0.968315,0.831217,1.976658,0.935109,0.009615,0.009944,0.450499,0.009287,0.000739,0.000081,-0.000576,0.613899,1.783340,2.501705,3.205638,3.116398,3.662791,3.773938,3.464981,3.565819,3.714981,3.124774,2.642170,1.357697,4.040047,3.714337,2.644103,4.155382,3.326772,3.651193
34.850390,-0.328692,0.008300,0.948918,0.891382,1.921753,0.909794,0.009287,0.009287,0.258496,0.008629,-0.001563,-0.001563,-0.000248,0.610940,1.775778,2.486582,3.161179,3.078382,3.639273,3.758796,3.437597,3.539401,3.705316,3.092235,2.541977,1.081601,4.014273,3.747842,2.595778,4.131864,3.321295,3.636051
33.944120,-0.562449,0.010273,0.983439,0.903547,1.789915,0.870670,0.008958,0.008958,0.570830,0.008300,-0.000248,0.000739,0.000739,0.612913,1.728435,2.430362,3.195328,3.081604,3.648293,3.775871,3.448873,3.560342,3.716270,3.160857,2.613819,0.955957,4.044879,3.778126,2.539399,4.151194,3.310986,3.675999
33.442715,-0.428638,0.008629,0.969630,0.945959,1.715284,0.847985,0.008958,0.008958,0.434718,0.007314,0.000410,-0.000248,0.000739,0.612584,1.738956,2.403074,3.209181,3.119619,3.660535,3.800355,3.468203,3.606089,3.732701,3.169233,2.659567,0.879282,4.049390,3.774904,2.513626,4.165047,3.380896,3.704028
33.177087,-0.548969,0.008629,0.922945,0.956151,1.736983,0.852587,0.010273,0.008629,0.556693,0.008629,0.000081,0.000739,0.000739,0.614885,1.784326,2.395841,3.208215,3.117042,3.660535,3.801966,3.475612,3.612211,3.751708,3.170521,2.675031,0.813882,4.038114,3.761695,2.518459,4.186310,3.402159,3.715626
33.073848,-0.708753,0.009944,1.056097,0.998562,1.739613,0.854231,0.008958,0.008300,0.718120,0.009944,0.001067,0.000739,0.000739,0.621789,1.784984,2.389265,3.201772,3.130573,3.655059,3.811631,3.467880,3.604801,3.743976,3.193395,2.656345,0.795196,4.045846,3.781992,2.500417,4.198230,3.415690,3.740433
33.324932,-1.023389,0.009944,1.146838,1.041302,1.673530,0.827272,0.010273,0.010602,1.035713,0.010602,0.000739,0.000410,0.000410,0.633296,1.806025,2.372498,3.200161,3.122841,3.656347,3.810987,3.477223,3.606412,3.748809,3.216913,2.712724,0.850609,4.034892,3.794234,2.483020,4.195331,3.414079,3.751064
34.727527,-1.341970,0.012246,1.210620,1.144866,1.751449,0.867382,0.011588,0.011259,1.352978,0.140796,0.000081,0.000081,0.002711,0.666174,1.833313,2.394855,3.197261,3.113820,3.650870,3.823873,3.471102,3.599324,3.745265,3.284890,2.735920,0.854475,4.035214,3.788757,2.477221,4.211761,3.420522,3.748487
33.485641,-1.759842,0.014218,1.335553,1.189578,1.790902,0.885465,0.012246,0.013890,1.771504,0.495870,0.040191,0.000410,0.018492,0.679982,1.855341,2.396827,3.250419,3.152158,3.673422,3.860278,3.486244,3.674389,3.789402,3.384117,2.764915,0.733663,4.038436,3.813564,2.569038,4.236568,3.474324,3.770072
33.949026,-1.801925,0.266387,1.274402,1.221798,1.784655,0.894670,0.014547,0.014218,1.814573,0.569186,0.111535,-0.000248,0.029999,0.683599,1.872437,2.392882,3.261372,3.137338,3.671167,3.869299,3.492365,3.672778,3.798100,3.362210,2.758794,0.619294,4.037469,3.827739,2.560018,4.230769,3.484633,3.777159
33.381731,-2.040615,0.438006,1.305306,1.278676,1.764929,0.877574,0.014876,0.014876,2.054248,0.647105,0.173344,-0.000576,0.020794,0.671763,1.878684,2.392553,3.242042,3.049709,3.655381,3.851258,3.484955,3.653126,3.810343,3.378640,2.749773,0.012335,4.025227,3.809376,2.544232,4.208539,3.435342,3.773616
32.224062,-2.185276,0.480089,1.426952,1.468706,1.732709,0.863766,0.015533,0.015533,2.199236,0.823327,0.197673,0.000739,0.031643,0.675379,1.883615,2.380389,3.240431,3.126707,3.658602,3.861567,3.484311,3.655059,3.798100,3.382829,2.741397,0.012013,4.017495,3.809054,2.548098,4.217882,3.456282,3.792946
32.119605,-2.221441,0.505733,1.400321,1.513419,1.667284,0.829573,0.015205,0.014547,2.235729,0.875601,0.236468,0.000410,0.037890,0.657626,1.877697,2.360662,3.235921,3.118009,3.648293,3.853191,3.481089,3.642816,3.796812,3.349646,2.737853,0.012013,4.008797,3.796167,2.455314,4.207251,3.453061,3.793268
33.294543,-2.423309,0.625735,1.549583,1.591009,1.680763,0.816422,0.017506,0.017177,2.443513,0.904862,0.283483,0.000081,0.111864,0.670119,1.905972,2.364936,3.230766,3.098679,3.647327,3.851580,3.474002,3.637662,3.796167,3.341269,2.716590,0.014913,4.005897,3.808732,2.469489,4.220782,3.473679,3.788113
33.321515,-2.723480,0.773682,1.697859,1.757367,1.725476,0.849957,0.019150,0.019150,2.741708,1.177743,0.332799,-0.000248,0.173344,0.683270,1.921753,2.373813,3.243653,3.089658,3.648937,3.855768,3.483344,3.651515,3.801644,3.465947,2.736242,0.011691,4.009763,3.809376,2.502672,4.232380,3.499130,3.783281
33.825483,-2.819811,0.881519,1.713640,1.730408,1.714298,0.844039,0.018821,0.019150,2.838696,1.212921,0.379484,0.000410,0.172029,0.684256,1.903999,2.353101,3.247197,3.131539,3.658602,3.859956,3.491076,3.662791,3.815819,3.475612,2.803897,0.012657,4.013951,3.820652,2.574193,4.246555,3.502030,3.783603
34.014176,-2.867812,0.975877,1.749148,1.830025,1.725476,0.826286,0.019479,0.020136,2.888011,1.218182,0.376197,0.000081,0.207536,0.700695,1.898410,2.382032,3.248163,3.197583,3.669878,3.868332,3.509440,3.673100,3.814208,3.483344,2.842879,0.012980,4.015562,3.821296,2.580314,4.260408,3.515561,3.797134
34.512034,-2.882279,1.322073,1.851724,1.985206,1.768874,0.839108,0.020136,0.020465,2.902806,1.381252,0.462664,0.001396,0.239099,0.718777,1.894136,2.403731,3.256218,3.215625,3.670845,3.885729,3.516205,3.685664,3.815497,3.482700,2.830637,0.011691,4.029737,3.821618,2.523291,4.258475,3.534891,3.809054
34.924356,-2.991761,1.535775,2.031891,2.041097,1.798135,0.839108,0.022438,0.022109,3.014259,1.428595,0.488637,-0.000248,0.244030,0.700695,1.896766,2.410636,3.214658,3.185985,3.637984,3.849002,3.479800,3.651515,3.786824,3.443396,2.761049,0.016523,4.006864,3.801000,2.280056,4.237534,3.502674,3.782314
35.741706,-3.106503,1.644927,2.015781,2.176222,1.777093,0.840094,0.023095,0.022109,3.128672,1.605803,0.554720,0.000739,0.344963,0.704969,1.891834,2.379731,3.191784,3.133472,3.601257,3.826773,3.454672,3.613821,3.752031,3.393138,2.708214,0.009436,3.981413,3.789080,1.999450,4.225614,3.453705,3.766528
34.935096,-3.148915,1.763285,2.131180,2.262689,1.780052,0.849957,0.023424,0.024081,3.172398,1.574241,0.564583,-0.000248,0.411704,0.724695,1.898410,2.374142,3.213047,3.171810,3.614466,3.846747,3.465303,3.644105,3.769105,3.425032,2.711113,0.011047,4.002031,3.796812,2.034244,4.227869,3.470458,3.768139
34.828812,-3.192314,1.822793,2.231126,2.377101,1.806354,0.851930,0.023095,0.023095,3.234207,1.580488,0.602721,0.000739,0.495212,0.733901,1.879670,2.369210,3.219813,3.170199,3.635729,3.868655,3.481411,3.677288,3.816141,3.440496,2.739786,0.011691,4.019428,3.813242,2.345778,4.234957,3.505574,3.777482
34.432476,-3.061461,1.963507,2.383019,2.528007,1.841532,0.844697,0.025725,0.025068,3.226645,1.800765,0.730613,0.000410,0.545186,0.785847,1.884930,2.383676,3.276192,3.218524,3.673744,3.922778,3.539401,3.723036,3.874776,3.496875,2.810018,0.012980,4.041335,3.847714,2.435662,4.267174,3.563564,3.818397
33.905511,-3.128860,1.983233,2.472116,2.504664,1.830683,0.838779,0.026054,0.027369,3.278591,1.793532,0.741134,0.000739,0.555049,0.769737,1.872766,2.370854,3.293911,3.280380,3.690175,3.961438,3.562919,3.761051,3.899905,3.604801,2.871874,0.012335,4.041013,3.863822,2.527479,4.281993,3.608667,3.831283
34.397392,-3.216314,1.953644,2.392882,2.443184,1.764929,0.820368,0.024410,0.024081,3.273659,1.559775,0.705955,0.001067,0.504089,0.735873,1.856656,2.326141,3.298421,3.278125,3.698551,3.983668,3.581927,3.771360,3.922778,3.634762,2.914400,0.013302,4.035214,3.873165,2.556474,4.295524,3.628319,3.836438
36.044280,-3.205794,1.924054,2.397485,2.473431,1.810628,0.826943,0.024739,0.024081,3.319030,1.646242,0.713188,0.000739,0.555706,0.742778,1.844163,2.354744,3.300999,3.302932,3.710793,3.997521,3.597069,3.781025,3.938887,3.677288,2.964013,0.012657,4.032637,3.875098,2.638304,4.301968,3.645394,3.843203
37.205516,-3.124257,2.015453,2.392224,2.521103,1.831669,0.820696,0.025725,0.026054,3.369003,1.610077,0.750668,0.000081,0.626063,0.764805,1.833642,2.359018,3.323872,3.350612,3.720136,4.003964,3.604156,3.790690,3.964338,3.709182,2.994297,0.013946,4.031026,3.884118,2.608665,4.308089,3.658280,3.876064
38.083100,-2.977952,1.999343,2.608885,2.685488,1.965808,0.883163,0.028027,0.027040,3.424894,1.591009,0.831546,0.001067,0.904205,0.848313,1.913862,2.395183,3.315818,3.339981,3.706283,4.002675,3.583860,3.785536,3.961438,3.722713,2.954026,0.010724,4.016206,3.879286,2.513626,4.301001,3.654736,3.890240
37.250672,-2.948034,2.108824,2.697324,2.859737,2.016110,0.912095,0.028356,0.028027,3.467963,1.825423,0.856861,0.001067,1.002179,0.913739,1.951013,2.408334,3.289078,3.326127,3.676966,3.991400,3.559053,3.771683,3.919879,3.714337,2.938240,0.013302,4.016851,3.870910,2.260726,4.294558,3.640883,3.883474
38.613698,-2.808304,2.216003,2.764393,2.946861,2.071015,0.941027,0.029013,0.029013,3.530758,1.875067,0.923602,0.000739,1.059385,0.997905,2.037151,2.412279,3.288756,3.366398,3.673422,3.990755,3.553899,3.766528,3.923101,3.717559,2.945972,0.013946,4.004286,3.865433,2.168265,4.291980,3.640561,3.882830
37.712710,-2.818167,2.330087,2.833435,3.001437,2.074631,0.937411,0.031314,0.030657,3.595855,2.042412,0.934123,0.000410,1.090947,1.079440,2.045699,2.414910,3.282957,3.375097,3.675999,3.997199,3.555187,3.773293,3.934698,3.732056,2.928253,0.012657,3.993655,3.855124,2.213690,4.289403,3.637340,3.884441
36.246821,-2.765235,2.336662,2.814695,3.047465,2.060165,0.912424,0.029999,0.029671,3.632677,2.060165,1.000863,0.001725,1.084372,1.102125,2.031234,2.407019,3.280380,3.371231,3.681798,4.005575,3.557120,3.775226,3.954673,3.745265,2.978189,0.013946,3.989467,3.854157,2.309051,4.294236,3.651515,3.897327
36.299822,-2.813565,2.454691,2.818969,3.050753,2.026960,0.876916,0.030986,0.030657,3.642869,1.997370,0.993959,0.000739,1.075166,1.072865,1.998356,2.399129,3.285535,3.401192,3.684698,4.022972,3.561953,3.781992,3.955639,3.753964,3.013949,0.012335,3.987534,3.859956,2.318394,4.301968,3.663435,3.910858
36.022218,-2.919759,2.562857,2.803517,3.018862,1.994411,0.844039,0.031314,0.030986,3.674102,2.090741,0.983767,0.000410,1.021247,1.046892,1.932273,2.382361,3.284246,3.429220,3.700806,4.039725,3.584827,3.799389,3.965626,3.766206,3.075805,0.013302,3.997843,3.888951,2.326126,4.298424,3.674066,3.931477
35.924512,-2.884909,2.669378,2.767681,3.014259,1.978301,0.865738,0.030328,0.029671,3.674431,1.991781,1.012371,0.001067,1.026179,1.023220,1.905314,2.374142,3.306798,3.501708,3.713371,4.054866,3.601579,3.838693,3.988178,3.803577,3.106411,0.013946,4.029093,3.900549,2.445327,4.308089,3.695007,3.957250
35.694360,-2.870771,2.663461,2.746311,2.974149,1.970411,0.882506,0.030986,0.030328,3.675089,2.075289,1.007110,0.000739,1.029795,1.023878,1.900711,2.369210,3.290045,3.517816,3.707894,4.060343,3.603834,3.839015,3.983346,3.793590,3.097390,0.014590,4.036181,3.906348,2.469167,4.304545,3.692752,3.959505
36.101735,-2.850387,2.693379,2.755845,2.961985,1.969425,0.897629,0.030657,0.031972,3.673445,1.941479,1.048864,0.000081,1.048207,1.051823,1.903670,2.366909,3.262661,3.470780,3.685342,4.054544,3.585471,3.808732,3.967237,3.777804,3.038756,0.012335,4.019106,3.892817,2.310340,4.291658,3.678577,3.942108
36.063807,-2.830332,2.719680,2.740722,2.979409,1.948054,0.893355,0.030986,0.030328,3.667198,1.975342,1.076810,0.001396,1.032097,1.068262,1.893478,2.349155,3.268138,3.464981,3.678577,4.049712,3.586759,3.812598,3.946296,3.779092,3.059697,0.014590,4.015562,3.887662,2.274257,4.293913,3.680832,3.946296
37.084953,-2.829346,2.641433,2.799901,3.002423,2.015124,0.897958,0.030986,0.030328,3.670157,1.947726,1.128427,0.000739,1.079440,1.116591,1.958246,2.384334,3.276514,3.525226,3.699195,4.053256,3.597391,3.829672,3.969815,3.795201,3.081926,0.012980,4.032637,3.906348,2.398935,4.301001,3.687275,3.952095
37.777372,-2.823757,2.630912,2.849216,2.972834,2.024658,0.899273,0.031314,0.029999,3.655362,2.005261,1.117249,0.000081,1.080755,1.179387,1.961205,2.383348,3.285857,3.561308,3.702095,4.049712,3.601579,3.836760,3.979802,3.803255,3.113820,0.013302,4.036825,3.905704,2.427286,4.308733,3.691786,3.957572
38.163680,-2.739919,2.714749,2.842641,2.987300,2.046686,0.916698,0.100685,0.032301,3.675746,2.098303,1.206346,0.000739,1.085029,1.228045,1.963507,2.380717,3.304542,3.554543,3.707572,4.054866,3.604801,3.855124,3.983023,3.809376,3.148936,0.014268,4.037469,3.903448,2.497196,4.312921,3.692752,3.963049
38.256206,-2.747481,2.694365,2.834421,2.968231,2.031234,0.893026,0.031314,0.031314,3.655362,2.053919,1.195168,0.002382,1.072865,1.150126,1.945424,2.378745,3.303898,3.541012,3.724324,4.065176,3.608022,3.872843,3.973681,3.841593,3.152802,0.014913,4.028771,3.898616,2.495263,4.313888,3.699840,3.967559
39.211577,-2.833291,2.662145,2.851518,2.978752,2.041754,0.894341,0.031314,0.029999,3.675417,2.040768,1.195496,0.000081,1.080755,1.146838,1.953644,2.377758,3.333859,3.540690,3.714659,4.070652,3.612533,3.897972,4.025549,3.869943,3.205638,0.013946,4.038114,3.920523,2.559696,4.327419,3.734311,4.000420
39.302829,-2.727754,2.689105,2.844613,2.950149,2.047015,0.910122,0.031643,0.030986,3.641225,2.007233,1.186948,0.002711,1.100153,1.167551,1.947397,2.376443,3.329671,3.544234,3.699195,4.069042,3.593203,3.897005,4.050678,3.878642,3.211114,0.011047,4.035214,3.910858,2.454670,4.325808,3.729801,3.994943
41.076916,-2.698822,2.698310,2.853819,2.979738,2.079563,0.941685,0.030986,0.031314,3.645499,2.049316,1.202401,0.005341,1.122180,1.300703,2.004274,2.399786,3.292944,3.509762,3.673744,4.057121,3.577739,3.861889,4.019750,3.861245,3.154735,0.013302,4.008797,3.889917,2.276834,4.318076,3.692752,3.967237
40.419324,-2.685342,2.749927,2.833106,2.985985,2.082193,0.948589,0.031643,0.030328,3.654376,2.113098,1.228702,0.224304,1.132701,1.289854,2.004932,2.404718,3.266205,3.505896,3.647649,4.055833,3.557442,3.850291,4.018462,3.846425,3.128962,0.012980,3.996876,3.882185,2.226899,4.318720,3.697262,3.966593
39.480623,-2.695863,2.766695,2.818640,2.967245,2.086796,0.938397,0.032301,0.032301,3.675746,1.992110,1.217524,0.232852,1.160647,1.313197,2.007233,2.398471,3.269749,3.528448,3.652159,4.062920,3.573551,3.856090,4.027482,3.864466,3.110277,0.013302,3.993333,3.884763,2.274901,4.319687,3.721103,3.977547
37.016723,-2.690603,2.860066,2.819627,3.116507,2.108495,0.932479,0.032301,0.031972,3.710596,2.106522,1.239552,0.268688,1.210620,1.344101,2.083179,2.405375,3.282957,3.544556,3.651837,4.061310,3.578061,3.879930,4.052611,3.897972,3.160534,0.014268,3.993010,3.875420,2.248806,4.326774,3.738822,3.994621
36.625159,-2.678438,2.839682,2.816010,3.089877,2.121317,0.937739,0.402498,0.032301,3.687582,2.287346,1.250072,0.296963,1.227716,1.351005,2.114413,2.417869,3.300999,3.566141,3.630252,4.062598,3.573551,3.900871,4.067753,3.909892,3.169555,0.015557,3.999454,3.891206,1.924063,4.331607,3.791979,4.031348
38.503136,-2.659040,2.851189,2.810421,3.082315,2.095673,0.928862,0.265072,0.032301,3.671801,2.349813,1.242182,0.291045,1.221798,1.363827,2.082522,2.398142,3.331282,3.583860,3.629608,4.071297,3.586437,3.921812,4.080640,3.922134,3.184052,0.014590,4.004286,3.915046,1.930185,4.339017,3.802611,4.041658
40.623382,-2.714603,2.932724,2.791681,3.162206,2.101591,0.949246,0.033287,0.033287,3.755966,2.299511,1.237250,0.292688,1.218182,1.371389,2.037480,2.389923,3.414723,3.627030,3.744621,4.108990,3.660535,3.970137,4.163436,3.920523,3.203060,0.012335,4.033603,3.944363,2.372518,4.366723,3.851258,4.079029
39.517591,-2.341773,3.090205,2.770311,3.158261,2.113755,0.989685,0.195701,0.034931,3.803638,2.310032,1.265854,0.317675,1.252045,1.384211,2.052275,2.377430,3.480123,3.709505,3.808087,4.169235,3.756863,4.062920,4.215949,3.919235,3.274259,0.012657,4.054544,3.980124,2.772325,4.380576,3.885729,4.111245
41.808739,-2.445994,3.105000,2.769982,3.216453,2.110796,0.980151,0.593186,0.034273,3.827310,2.255784,1.259607,0.414663,1.261908,1.372376,2.030576,2.366251,3.478834,3.716592,3.821940,4.175356,3.766206,4.064209,4.229158,3.911180,3.275225,0.013624,4.057766,4.031026,2.820650,4.379610,3.876709,4.112856
44.893190,-2.257277,3.116178,2.761434,3.223358,2.122632,1.000535,0.617844,0.035917,3.819748,2.314963,1.279004,0.408745,1.251388,1.379280,2.048658,2.344224,3.510728,3.701128,3.834505,4.178900,3.793912,4.085794,4.229802,3.879930,3.349646,0.011047,4.079029,4.005575,2.983665,4.381865,3.868655,4.107379
46.144982,-2.180673,3.168453,2.737763,3.201001,2.147290,1.124153,0.661242,0.037232,3.847365,2.367567,1.245798,0.417951,1.237579,1.399664,2.096659,2.330087,3.488177,3.686309,3.838049,4.188243,3.790690,4.096104,4.242689,3.861245,3.338048,0.013302,4.109957,4.015562,3.096423,4.369300,3.850613,4.097392
46.620392,-2.095192,3.110918,2.817654,3.289440,2.229483,1.275717,0.708914,0.036575,3.821063,2.396827,1.265196,0.452801,1.405253,1.426294,2.117372,2.315292,3.485599,3.759762,3.860278,4.181155,3.802288,4.108346,4.244944,3.821296,3.380896,0.014268,4.111245,3.952095,3.256862,4.360280,3.848358,4.068719
48.270347,-2.006094,3.242097,2.878806,3.333167,2.489869,1.522953,1.248429,0.040191,3.841447,2.459294,1.335553,0.486007,1.581145,1.494350,2.251839,2.376772,3.478834,3.772005,3.847069,4.157959,3.756541,4.094815,4.174712,3.657314,3.277803,0.010402,4.050356,3.814208,3.369942,4.291014,3.752675,3.951129
47.625392,-2.068232,3.264454,2.907080,3.335140,2.555952,1.630132,1.166893,0.039205,3.843419,2.479349,1.353636,0.442609,1.614351,1.566022,2.264661,2.402416,3.198550,3.518460,3.633151,4.027804,3.471746,3.904737,3.864466,3.444684,2.879606,1.371550,4.037792,3.507507,3.215625,4.106091,3.306153,3.389272
44.136823,-2.108343,3.238810,2.952121,3.341715,2.648008,1.855998,1.099824,0.039863,3.814488,2.349813,1.294457,0.431759,1.645256,1.605475,2.333703,2.437266,3.166333,3.424710,3.648615,3.997521,3.571940,3.768783,3.519105,3.007828,2.534245,3.579672,4.097714,3.417945,3.101900,4.072263,3.512661,3.297777
37.628116,-2.171139,3.240125,2.893600,3.305550,2.671022,1.887232,1.136646,0.038876,3.792789,2.313977,1.240209,0.481404,1.634735,1.604159,2.299182,2.417540,3.044877,3.319040,3.612855,3.729479,3.553254,3.291334,2.710147,2.776191,1.349643,3.297777,4.134119,3.205960,2.518459,3.857379,3.411824,2.903124
8.704702,-2.270757,3.185878,2.830147,3.259851,2.674310,1.913205,1.087002,0.038876,3.780295,2.273209,1.260264,0.420581,1.588378,1.607118,2.340936,2.421156,2.850289,2.956604,3.548100,3.363177,3.318073,2.863820,2.203059,2.233664,0.794874,2.580636,4.102225,3.334182,2.036821,3.790690,3.435986,2.827737
0.181782,-2.310539,2.826202,2.595405,3.047136,2.440225,1.622899,0.789463,0.035917,3.615910,2.035179,1.297744,0.572474,1.687667,1.528213,2.345539,2.395512,2.789077,2.786822,3.509762,3.312919,3.243009,2.710791,1.930507,2.105442,0.473031,2.348033,4.057444,3.310986,1.869940,3.798422,3.397970,2.792943
-7.509440,-2.215523,2.265319,2.399786,2.919244,2.273538,1.402623,0.421567,0.032301,3.366702,2.278470,1.279333,0.626721,1.766901,1.426623,2.271565,2.417869,2.786178,2.780701,3.513306,3.330316,3.251707,2.721745,1.915687,2.105442,0.500093,2.349966,4.060987,3.326450,2.282956,3.802933,3.391527,2.825482
-23.048798,-0.989854,2.034850,1.760983,2.403074,0.923602,0.672420,0.026054,0.026054,2.846257,2.410964,1.797806,1.094563,2.089755,1.429911,2.087125,2.449431,2.777480,2.788111,3.505896,3.333537,3.254285,2.738175,1.957246,2.147002,0.779088,2.387982,4.060343,3.382506,2.278445,3.798422,3.401192,2.798098
-24.630508,-0.483544,1.958246,2.217647,1.695558,0.020136,0.020136,0.020465,0.020465,1.908273,2.193318,2.048658,1.337197,1.915177,0.311757,0.769408,0.924917,2.705637,2.752028,3.496231,3.309375,3.205960,2.673742,1.881538,2.106731,0.774256,2.484631,4.046812,3.374774,2.185662,3.764917,3.347068,2.756539
-25.195917,0.083589,1.697859,1.800107,1.460815,0.015533,0.015205,0.015205,0.014218,1.037686,1.687010,1.342786,0.518884,0.288414,0.000739,0.000410,0.000410,2.605121,2.671487,3.375741,3.273614,3.077738,2.555830,1.827414,2.165043,0.752993,2.627350,4.046812,3.320006,1.962079,3.700484,3.255895,2.767170
-25.548792,-0.158387,1.706736,1.613365,1.334896,0.013561,0.013890,0.014218,0.012903,0.803272,1.457199,1.015001,0.161837,0.000739,0.000410,0.000410,-0.000248,2.553252,2.634438,3.325483,3.254607,3.013627,2.488819,1.806151,2.087079,0.867361,2.648936,4.043591,3.208215,1.899257,3.629930,3.220779,2.766204
-25.094376,-0.070605,1.652489,1.532816,1.271443,0.012903,0.012574,0.013232,0.011588,0.674064,1.404924,0.946287,0.149673,-0.000576,0.000081,0.000410,0.002382,2.527157,2.578059,3.308731,3.225612,2.961114,2.419876,1.717555,1.930829,0.697580,2.582569,4.029093,3.165367,1.839978,3.582249,3.208537,2.700482
-24.135428,-0.057125,1.627173,1.481528,1.263223,0.011588,0.011588,0.012246,0.011259,0.640858,1.371389,0.862779,0.000410,0.000081,0.000081,-0.000248,-0.000576,2.542943,2.584502,3.355122,3.218524,2.981410,2.411822,1.728187,1.880571,0.769745,2.545843,4.030382,3.152158,1.973033,3.570651,3.205638,2.696938
-22.785144,-0.044303,1.505199,1.323717,1.135331,0.011259,0.010273,0.010273,0.009944,0.579049,1.250401,0.727983,0.000081,0.000739,0.000739,0.000410,0.000081,2.616719,2.607054,3.396360,3.226578,3.015560,2.472067,1.783921,1.901190,0.810338,2.535211,4.044879,3.197583,2.119618,3.583216,3.242042,2.747840
-22.899255,0.095754,1.292813,1.204044,0.983439,0.009615,0.009287,0.009944,0.009944,0.350552,0.845683,0.322607,-0.000248,0.000081,-0.000576,0.000410,-0.000905,2.725289,2.661178,3.447262,3.258473,3.095457,2.489141,1.827092,1.988819,0.839333,2.522324,4.059377,3.236888,2.179863,3.610278,3.265238,2.796809
-23.111595,0.000739,1.054453,1.111331,0.826614,0.006328,0.005670,0.006328,0.005013,0.006985,0.585625,0.034602,0.000410,0.000081,0.000081,0.000410,-0.000248,2.757505,2.679541,3.457571,3.275225,3.145715,2.552286,1.852221,2.105442,0.854153,2.557763,4.071619,3.259117,2.195649,3.648937,3.299066,2.831926
-23.799546,0.000410,0.949575,1.037028,0.762833,0.006328,0.005013,0.005341,0.005670,0.005341,0.372909,-0.000576,0.000410,0.000410,0.000081,0.001067,0.000739,2.787145,2.702737,3.448550,3.311308,3.163434,2.589657,1.878960,2.194038,0.950480,2.600933,4.072263,3.249774,2.299386,3.668912,3.286823,2.818717
-24.351918,0.000081,0.918342,0.998562,0.735216,0.005013,0.005999,0.005999,0.005999,0.005670,0.299264,0.000081,-0.000576,-0.000248,-0.000576,-0.000248,0.000739,2.753317,2.702737,3.439208,3.283602,3.128962,2.560984,1.870906,2.170520,0.951124,2.615430,4.066786,3.198872,2.200803,3.628641,3.271037,2.789722
-24.225368,0.000410,0.925575,0.995932,0.734558,0.004355,0.004355,0.005013,0.005999,0.005013,0.284140,0.000081,0.000081,0.000410,0.000410,-0.000248,-0.000576,2.662789,2.662466,3.415690,3.263305,3.080315,2.506538,1.816460,2.080314,0.736885,2.590624,4.060021,3.162467,2.121551,3.571618,3.206282,2.714979
-23.772107,-0.000248,0.897300,0.980808,0.724038,0.005013,0.004026,0.004355,0.005013,0.005341,0.229564,0.001396,0.000410,0.000081,0.000410,0.000410,-0.000576,2.673420,2.657634,3.427287,3.256218,3.103833,2.488819,1.818393,2.007826,0.721743,2.584825,4.059054,3.134439,2.222388,3.550677,3.192107,2.708858
-23.653760,0.000410,0.905191,0.984096,0.739161,0.005670,0.005013,0.005013,0.005341,0.004684,0.245674,0.000410,0.001067,0.001725,0.000739,0.000081,0.000410,2.752673,2.696616,3.468203,3.263305,3.221101,2.534245,1.856731,2.054540,0.756859,2.565817,4.077096,3.143782,2.354798,3.591914,3.199839,2.744941
-23.037499,0.000410,0.812477,0.954507,0.737188,0.005341,0.005670,0.005341,0.005013,0.004684,0.186166,0.000410,0.000081,-0.000248,0.000081,0.000081,0.001067,2.809052,2.749129,3.504285,3.276836,3.320006,2.573227,1.861241,2.079025,0.846098,2.505894,4.096426,3.179542,2.562595,3.636695,3.262017,2.813562
-22.350088,0.000410,0.760202,0.914725,0.712531,0.004026,0.003369,0.004684,0.005013,0.005670,0.161180,0.000739,-0.000576,0.001725,-0.000248,-0.000905,-0.000576,2.894748,2.802608,3.574195,3.308408,3.375741,2.672131,1.860275,2.064205,0.861562,2.506216,4.114789,3.185985,2.589979,3.685987,3.316463,2.888627
-22.318655,0.000081,0.636255,0.816751,0.678996,0.004684,0.004355,0.004026,0.003369,0.005999,0.129617,0.000410,0.000739,0.001396,0.001067,0.000081,0.000410,2.932119,2.895392,3.644749,3.349001,3.462726,2.777802,1.999772,2.090623,0.925351,2.506538,4.148617,3.299710,2.741075,3.762018,3.393460,2.937918
-23.410554,0.000739,0.525788,0.694119,0.616200,0.004026,0.003369,0.002054,0.003040,0.002711,0.003698,-0.000248,0.000081,0.000081,0.000739,0.001396,0.000739,2.955315,3.001062,3.668912,3.369620,3.522326,2.827415,2.084502,2.204025,0.925673,2.485920,4.178256,3.432764,2.743974,3.790690,3.415690,2.951449
-24.721325,-0.000248,0.690503,0.858505,0.694448,0.004355,0.004026,0.005341,0.004684,0.005999,0.171372,0.001725,-0.000248,-0.000576,-0.000576,0.000081,-0.000248,2.965624,2.980122,3.677288,3.361888,3.521360,2.791010,2.031022,2.206925,0.902477,2.454348,4.186632,3.440174,2.873163,3.787469,3.408280,2.931475
-25.507159,0.000081,1.018288,1.057083,0.802614,0.006328,0.005013,0.005341,0.005013,0.006328,0.425184,0.001067,0.001067,0.000081,0.000081,0.000081,0.000081,2.968202,2.980122,3.682443,3.365432,3.534891,2.801964,2.033600,2.192427,0.925351,2.439528,4.186954,3.452739,2.845456,3.790046,3.415690,2.935018
-26.484348,0.000410,1.161633,1.122838,0.835162,0.007314,0.006985,0.006985,0.007643,0.005670,0.553076,-0.000905,-0.000576,-0.000576,0.000739,0.001067,0.001067,2.981732,3.005573,3.699517,3.363821,3.559375,2.820328,2.170198,2.200159,1.024256,2.447904,4.201452,3.471746,2.889593,3.811953,3.439208,2.953060
-26.862608,0.000410,1.195168,1.146181,0.856204,0.006985,0.006657,0.006985,0.006985,0.007643,0.698393,0.000410,0.000410,0.000410,-0.000905,-0.000248,-0.000248,2.998485,3.022325,3.760085,3.364787,3.622198,2.858343,2.218845,2.182118,1.096099,2.448549,4.209506,3.469813,2.968846,3.825162,3.488499,2.968524
-27.718063,0.000410,1.196483,1.128427,0.864752,0.007314,0.007314,0.006985,0.007314,0.007314,0.678996,0.001067,0.000081,0.000739,0.001067,0.000410,0.000081,3.018137,3.017493,3.793590,3.366076,3.651837,2.892170,2.289399,2.294876,1.296808,2.468201,4.210472,3.542301,3.107699,3.824196,3.490432,2.963369
-27.819079,0.000081,1.183989,1.123167,0.830231,0.005670,0.006657,0.006328,0.006985,0.006657,0.670119,0.000739,0.000739,0.000739,-0.000576,-0.000905,-0.000576,3.068717,3.023292,3.801966,3.398937,3.656347,2.907957,2.297131,2.295520,1.326447,2.443394,4.212728,3.570651,3.152158,3.828384,3.496553,2.962080
-29.401942,0.000410,1.148811,1.127112,0.797354,0.006985,0.006328,0.005670,0.005670,0.005341,0.581350,0.000081,0.000410,0.001396,0.001067,0.000739,0.000410,3.079349,3.024258,3.793912,3.408924,3.654414,2.906024,2.278445,2.288432,1.310016,2.410211,4.213372,3.573873,3.118009,3.825806,3.493654,2.955637
-29.353144,0.000410,1.157688,1.121523,0.796367,0.006985,0.006985,0.006985,0.007972,0.006328,0.548802,0.001067,-0.000248,-0.000248,0.000081,0.000410,0.000739,3.042622,3.002673,3.787469,3.375741,3.642816,2.885083,2.182440,2.203381,1.181795,2.319682,4.195331,3.601579,3.080637,3.806154,3.483344,2.942750
-30.300105,0.000081,1.226401,1.133687,0.851601,0.006328,0.005999,0.007314,0.007972,0.007643,0.716476,-0.000576,0.002054,-0.000576,-0.000248,0.000081,0.000081,3.030379,2.984954,3.802288,3.360277,3.663757,2.878640,2.166010,2.151834,1.258148,2.239463,4.183410,3.631863,3.144104,3.795523,3.477545,2.924387
-30.004723,0.000410,1.223113,1.129084,0.830888,0.006657,0.005999,0.006985,0.005670,0.006985,0.698722,0.000739,0.000410,0.001067,-0.000248,0.000410,0.000081,3.077738,3.005251,3.831605,3.415690,3.695974,2.923743,2.204025,2.193716,1.385403,2.266525,4.175679,3.648937,3.190496,3.845136,3.508795,2.943073
-30.956172,-0.000248,1.199442,1.048207,0.817738,0.006985,0.006985,0.007643,0.007314,0.006657,0.671434,-0.000905,0.000081,0.000081,0.000410,0.000410,0.000739,3.112210,3.020715,3.855768,3.440174,3.712404,2.975933,2.256216,2.214979,1.437594,2.325481,4.183088,3.647004,3.184375,3.875420,3.540045,2.952093
-30.682538,0.000081,1.083056,1.004480,0.744750,0.005670,0.004684,0.003369,0.004684,0.005670,0.550446,0.001067,0.000410,0.001396,0.000410,-0.000248,0.000410,3.141204,3.068717,3.859634,3.458538,3.733667,3.015560,2.298420,2.252350,1.621228,2.470778,4.170846,3.641528,3.180831,3.892173,3.564530,2.953704
-31.158166,0.000410,0.947602,0.892040,0.681955,0.005999,0.005013,0.005341,0.004684,0.005670,0.438663,-0.000576,0.000081,0.000081,0.000739,0.000739,0.000410,3.155058,3.102222,3.912791,3.484633,3.777482,3.038756,2.339012,2.325481,1.760081,2.478510,4.176323,3.659569,3.229800,3.915046,3.585149,2.986243
-32.060829,0.000081,0.676037,0.755271,0.589241,0.003369,0.002711,0.004355,0.004355,0.004684,0.207536,0.000410,0.000410,0.000410,0.000081,0.000081,0.000081,3.172454,3.155702,3.939853,3.521682,3.835149,3.050354,2.367363,2.369618,1.920842,2.464979,4.158926,3.709505,3.262017,3.930510,3.598680,3.001707
-31.876054,0.000410,0.446225,0.548473,0.550775,0.003040,0.003698,0.002382,0.002382,0.002054,0.002382,-0.000248,0.000739,0.000739,0.001067,0.000410,-0.000248,3.161179,3.119942,3.973036,3.513306,3.897327,2.995263,2.338046,2.337724,1.820326,2.397324,4.164081,3.710471,3.252674,3.923423,3.610922,2.988176
-32.388925,0.000410,0.442280,0.530391,0.554062,0.003369,0.003040,0.004026,0.002382,0.003040,0.002382,0.000081,-0.000248,-0.000576,-0.000248,0.000410,0.000081,3.138627,3.047776,3.974647,3.470458,3.888307,2.914400,2.262659,2.282311,1.680829,2.310340,4.156026,3.691463,3.235921,3.907314,3.589337,2.970135
-32.783426,0.000081,0.595488,0.726996,0.611598,0.004026,0.003369,0.003369,0.002711,0.003369,0.015205,0.000739,0.002382,0.000739,0.000410,0.000410,0.000081,3.153447,3.104800,3.988822,3.501386,3.909570,2.973356,2.323548,2.312273,1.796486,2.340945,4.156671,3.693719,3.233344,3.918912,3.600613,2.964658
-33.250524,0.000081,0.886122,0.846012,0.653023,0.005013,0.005013,0.005341,0.005341,0.004684,0.255208,0.000081,-0.000248,0.000410,0.000410,0.000410,0.001067,3.190818,3.134761,4.004286,3.508473,3.937276,3.036501,2.310984,2.307762,1.902800,2.446616,4.162148,3.691786,3.257828,3.928900,3.612855,2.950160
-33.910635,0.000739,0.894013,0.846012,0.660913,0.005013,0.004026,0.004026,0.003369,0.004355,0.287757,0.001067,0.001067,0.000410,-0.000905,0.000081,0.000081,3.195006,3.087081,4.012340,3.496553,3.944686,2.988176,2.271035,2.287466,1.978509,2.461757,4.154416,3.671167,3.238176,3.925356,3.623486,2.925354
-34.163425,0.000081,0.862779,0.829573,0.612584,0.005341,0.005013,0.005013,0.004355,0.004355,0.291702,0.000410,-0.000576,-0.000248,0.000410,0.000739,0.001067,3.193395,3.101900,4.011696,3.493009,3.945652,2.993975,2.283600,2.306474,1.928252,2.459824,4.156026,3.671489,3.233666,3.907637,3.616077,2.902158
-33.872292,0.000410,0.709900,0.745079,0.544857,0.004355,0.003698,0.003040,0.005670,0.003040,0.229893,0.000410,0.001725,0.000410,0.000739,-0.000248,0.000410,3.213370,3.114787,4.016851,3.497197,3.946619,2.989787,2.322260,2.326770,1.957569,2.454992,4.173423,3.678577,3.257828,3.896361,3.614788,2.885727
-33.434910,0.000081,0.420581,0.471541,0.499486,0.002054,0.002054,0.003369,0.002711,0.003040,0.023753,0.000081,-0.000248,0.000081,-0.000905,-0.000576,0.000081,3.221424,3.082570,4.021361,3.492365,3.951773,2.981088,2.303574,2.293265,1.891525,2.415688,4.164725,3.675999,3.240754,3.890884,3.612855,2.894748
-33.143613,0.000410,0.222002,0.355484,0.453129,0.003040,0.003040,0.002382,0.001725,0.002382,0.001067,-0.000905,-0.000905,-0.000248,0.000739,0.000739,0.000739,3.187274,3.012983,4.011696,3.458538,3.934054,2.911178,2.211435,2.235275,1.759115,2.344489,4.154416,3.658602,3.236565,3.860600,3.595780,2.888949
-32.440144,0.000081,0.086219,0.161837,0.379484,0.001396,0.001396,0.000410,0.000081,0.000410,0.000739,0.000410,0.002054,0.001725,0.001067,0.000081,0.000081,3.195006,3.042622,4.014918,3.461115,3.935021,2.920521,2.157633,2.247840,1.670197,2.294876,4.155704,3.654092,3.244942,3.862856,3.589015,2.869941
-32.416035,0.000410,0.016848,0.093124,0.331155,0.000410,0.000410,0.000739,-0.000248,0.001396,0.001067,0.002054,0.000081,0.000081,-0.000576,-0.000248,-0.000248,3.208859,3.082892,4.023938,3.472069,3.945974,2.955959,2.174708,2.271035,1.656344,2.325159,4.156349,3.673100,3.289401,3.872198,3.582894,2.892170
-32.945801,0.000410,0.001725,0.001396,0.223646,0.001067,0.000739,0.000081,0.000081,0.000081,0.000081,0.000739,0.000739,0.000739,0.000739,0.000739,0.000081,3.204993,3.078060,4.019750,3.492043,3.942108,2.976578,2.198548,2.314850,1.767813,2.396036,4.151194,3.682765,3.267493,3.896361,3.576128,2.887982
-33.049966,0.000410,0.000739,0.000081,-0.000248,-0.000576,-0.000576,0.000081,0.000739,0.001067,0.000081,0.000410,0.000410,-0.000905,-0.000576,0.000081,0.000081,3.220779,3.072261,4.030060,3.497197,3.947585,2.987209,2.221744,2.317105,1.800030,2.354798,4.157959,3.701773,3.325483,3.912469,3.571618,2.888304
-32.960275,0.000739,0.000410,0.001067,0.000081,0.001067,0.000081,-0.000248,-0.000248,0.000081,-0.000248,0.000081,0.000410,0.001067,0.000410,0.001396,0.000410,3.273614,3.107699,4.057444,3.564208,3.987856,3.092880,2.302608,2.392170,2.037466,2.505250,4.162792,3.711115,3.363499,3.948229,3.596102,2.974645
-33.670821,0.000410,-0.000248,0.000739,-0.000905,-0.000576,-0.000905,0.000410,0.000410,0.001067,0.000081,0.000410,-0.000576,-0.000576,-0.000905,-0.000248,-0.000576,3.277803,3.133795,4.092882,3.601579,4.045201,3.193717,2.412466,2.484309,2.442105,2.774258,4.164725,3.776515,3.428898,3.996232,3.655703,2.979799
-33.898686,0.000410,0.000739,0.000410,0.000739,0.000410,0.000081,0.000410,0.000081,-0.000576,0.001067,0.000410,0.000410,0.000081,0.001067,0.000739,0.000739,3.309053,3.165045,4.152483,3.627675,4.123810,3.236243,2.497518,2.531667,2.481732,2.953382,4.163758,3.787791,3.459504,4.086761,3.756863,2.997196
-35.757280,0.000410,0.000739,-0.000248,0.000739,-0.000576,-0.001234,-0.000576,0.000410,0.001067,0.000410,0.000410,0.000739,0.001067,-0.000248,-0.000576,-0.000576,3.294233,3.153125,4.162470,3.601901,4.153127,3.206282,2.441461,2.503639,2.363497,2.886371,4.155060,3.755252,3.429220,4.079351,3.769105,3.012338
-36.297073,0.000410,-0.000248,-0.000905,0.000081,0.001396,0.001725,0.000410,0.003369,0.000081,-0.000248,-0.001563,-0.000248,0.000739,0.001067,0.001067,0.000410,3.288112,3.153769,4.169235,3.607378,4.165369,3.225934,2.381860,2.499773,2.385404,2.900869,4.164403,3.768461,3.425677,4.099325,3.773938,3.031990
-39.755864,0.000410,0.000410,0.000739,-0.000248,-0.000576,0.000081,0.000410,0.001067,0.000410,0.000081,0.001396,0.000410,0.000739,-0.000905,-0.000248,-0.000576,3.309375,3.182442,4.174068,3.656025,4.181800,3.276192,2.442427,2.567750,2.456925,2.958537,4.193720,3.775549,3.428898,4.122843,3.777159,3.087725
-41.522117,0.000081,0.000410,0.000410,0.000739,0.001396,0.000410,0.000081,-0.000248,-0.000576,-0.000576,0.000081,0.000081,0.000410,0.000739,0.000410,0.000410,3.305831,3.190818,4.176645,3.664079,4.188243,3.314530,2.433407,2.537466,2.387015,2.937918,4.195331,3.804866,3.451450,4.117044,3.770716,3.096101
-42.888499,0.000410,0.000081,-0.000248,-0.000248,-0.000576,0.000081,0.000739,0.000081,0.000410,0.000739,-0.000248,0.000410,0.001067,-0.000248,-0.000576,-0.000248,3.298743,3.188241,4.178578,3.672133,4.185666,3.352867,2.487208,2.619296,2.435018,2.998807,4.205318,3.850613,3.455316,4.112534,3.775226,3.106411
-43.623157,0.000739,0.000739,0.000410,0.000410,0.000410,0.000410,0.000410,-0.000248,-0.000248,-0.000248,0.000081,0.000739,0.001067,0.001067,0.000410,0.000410,3.330316,3.216591,4.202418,3.688242,4.205962,3.382506,2.536178,2.652479,2.433085,3.078704,4.196297,3.832894,3.486888,4.125098,3.791013,3.146681
-43.683550,0.000081,-0.000248,-0.000248,-0.000248,0.000739,-0.000576,0.000739,0.000739,0.000410,0.000081,-0.000248,-0.000576,-0.000576,0.000081,0.000410,0.000739,3.416334,3.239143,4.218204,3.740110,4.218204,3.432120,2.601577,2.640559,2.437917,3.137661,4.204029,3.890240,3.473679,4.152160,3.810343,3.187918
-43.396344,0.000081,0.000410,0.000739,0.000081,0.000081,-0.000576,-0.000576,0.000739,0.002382,0.001067,0.000739,-0.000248,0.000739,-0.000248,0.000081,-0.000576,3.458860,3.245264,4.235601,3.789402,4.241723,3.527803,2.636693,2.691784,2.500095,3.153447,4.220137,3.945330,3.497520,4.162792,3.849969,3.310019
-43.517750,0.000081,0.000739,0.000410,0.000410,0.000739,0.000081,0.000410,0.000410,-0.000248,-0.000248,-0.000576,0.000410,0.000410,0.001396,0.000410,0.000739,3.495909,3.231411,4.243011,3.800678,4.237857,3.551643,2.688562,2.702093,2.546165,3.186630,4.230125,3.957250,3.520071,4.165369,3.845136,3.416334
-44.306710,0.000410,-0.000905,-0.000905,-0.000905,0.000739,0.001067,0.001067,-0.001234,0.000410,0.000410,0.000081,-0.000248,-0.000248,-0.000576,0.000410,0.000410,3.494620,3.173743,4.244622,3.808410,4.244944,3.568396,2.688562,2.733987,2.497196,3.104478,4.235279,3.919235,3.513950,4.136374,3.837404,3.561953
-45.247336,0.000410,-0.000248,0.002054,0.000410,0.000081,-0.000576,0.000081,-0.000248,0.000410,0.000739,0.001067,0.001067,0.000410,0.000410,0.000739,-0.000576,3.543911,3.051965,4.251710,3.869943,4.237534,3.647004,2.718201,2.745263,2.597389,3.171810,4.235601,3.951773,3.506540,4.144428,3.835794,3.604156
-47.503163,0.000081,-0.000248,0.000410,0.000739,0.000410,0.000739,-0.000248,0.000081,0.000081,-0.000248,-0.000248,-0.000576,-0.001563,0.000081,0.000739,0.000739,3.593203,3.010405,4.257509,3.908281,4.237534,3.704350,2.781668,2.754606,2.590946,3.211759,4.256864,3.953062,3.558409,4.166980,3.848036,3.658925
-48.791675,0.000081,0.000739,0.000081,-0.000248,-0.000248,-0.000576,0.000410,0.000739,0.001067,0.000739,0.001067,0.000081,0.000410,-0.000248,-0.000576,-0.000905,3.632829,3.015882,4.251065,3.987534,4.234635,3.781348,2.870908,2.746229,2.535855,3.271681,4.279094,3.927611,3.618332,4.170202,3.838049,3.708216
-49.500393,-0.000248,0.001067,0.001396,0.000410,0.000739,0.000410,0.000081,-0.000248,0.000081,-0.000248,-0.000905,-0.000248,0.000739,0.000739,0.001067,0.001067,3.623164,2.863176,4.222715,3.991400,4.187276,3.771038,2.823549,2.587080,2.481409,3.263950,4.281671,3.832894,3.614466,4.137985,3.770394,3.678899
-48.451835,0.000410,0.000410,-0.000248,0.000410,-0.000576,0.000081,0.000410,0.000739,0.001725,0.000739,0.001067,0.000081,-0.000248,-0.000905,-0.000248,0.000081,3.522004,2.377672,4.066142,3.988178,4.019428,3.737211,2.471422,2.308407,2.701126,3.247841,4.160537,3.640239,3.503963,3.999454,3.481733,3.275547
-46.267411,-0.000576,0.001725,0.000410,0.000410,0.000739,-0.000248,-0.000248,-0.002220,0.000081,0.000081,0.001067,0.000739,0.001067,0.000081,0.000081,-0.000576,3.078060,1.624450,3.634118,3.640883,3.396037,3.394749,1.179862,1.566138,2.078703,3.471424,3.887018,2.866719,2.546487,3.264594,2.833536,2.448226
-38.559233,0.000410,-0.001563,0.000739,0.000739,0.001067,0.000410,0.000410,-0.000248,-0.000576,-0.000576,0.000410,0.000410,0.000410,0.000739,0.000739,0.000410,2.554219,1.103831,3.078704,2.966591,2.600933,2.618008,1.504282,2.418265,1.765880,2.805830,3.748487,2.533922,1.997839,3.120264,2.095455,1.892491
-23.925513,0.000410,-0.000248,0.000081,-0.000248,0.000410,0.000739,0.001396,0.000081,0.000081,0.000081,-0.000576,-0.000248,0.000081,0.000410,0.001067,0.001396,2.915689,2.297453,3.252996,3.331926,3.024580,3.099001,3.179542,2.372840,1.933728,2.122517,3.957572,3.253318,1.822581,3.630896,2.933408,3.086758
0.699925,0.001725,-0.000905,0.001067,-0.000905,-0.000248,-0.000248,0.000739,-0.000248,0.001067,0.000410,0.000410,0.000410,0.000081,-0.000248,0.000081,0.000081,3.016204,2.599000,3.356411,3.349001,3.077416,3.125740,3.464337,2.387982,2.040043,2.031989,4.042624,3.553254,1.408277,3.810987,3.007506,3.236243
5.094667,0.000081,-0.000248,0.001067,0.000081,-0.000248,-0.000905,-0.000576,0.000081,0.000739,0.001396,0.000739,0.003369,0.000081,-0.000576,0.000410,-0.001234,3.044877,2.679219,3.387339,3.406991,3.090302,3.153447,3.484955,2.464335,2.065494,2.108020,4.041013,3.571940,1.645713,3.835471,3.011050,3.253962
29.189177,0.000081,0.001067,0.000739,0.000410,-0.000248,-0.000576,-0.001234,0.000081,0.000081,0.001067,0.000739,0.000410,-0.000248,0.000081,0.000410,-0.000248,3.070650,2.685985,3.406347,3.447262,3.116720,3.203060,3.498808,2.511693,2.092234,2.072259,4.042946,3.584827,1.922775,3.859634,3.024580,3.275225
41.353763,0.000410,-0.000248,0.000410,-0.000248,0.000739,0.000410,0.001725,0.000081,0.000410,-0.000576,-0.001234,-0.000248,0.000081,0.001067,0.000410,0.000739,3.095135,2.681796,3.423744,3.492365,3.160212,3.238176,3.520071,2.550353,2.130249,2.155378,4.047134,3.600290,1.784566,3.878642,3.104800,3.306475
39.365794,0.000410,0.000410,0.550446,0.106275,0.001396,0.002054,0.002054,0.002054,0.001725,0.001067,0.000410,-0.000248,0.000081,-0.000248,0.673407,1.514076,3.117364,2.749773,3.443718,3.575484,3.175032,3.292944,3.593203,2.776513,2.148290,2.217878,4.067431,3.626386,1.864141,3.935021,3.134117,3.325483
37.438398,0.000081,0.007972,0.978507,0.925575,1.716928,0.829573,0.007314,0.007643,0.008629,0.007972,-0.000905,0.001725,0.000410,0.630995,1.623886,2.336662,3.157635,2.861243,3.455316,3.627997,3.210792,3.330316,3.670200,2.916977,2.319682,2.221100,4.079029,3.720136,2.093522,3.964016,3.171488,3.429220
36.105934,-0.000248,0.008300,0.977849,0.863108,1.697202,0.834505,0.008629,0.006985,0.007643,0.007314,0.000410,0.000739,0.001067,0.628036,1.627831,2.355402,3.200805,2.917944,3.467880,3.666979,3.240754,3.380573,3.693396,2.906346,2.478188,2.277479,4.094815,3.777482,2.076448,3.996232,3.245264,3.516205
36.666015,0.000410,0.006657,0.962726,0.838779,1.685366,0.810505,0.008629,0.006985,0.007314,0.005999,0.000081,0.000081,0.000410,0.629022,1.616982,2.390581,3.194040,2.929864,3.451772,3.668590,3.217558,3.383151,3.699195,2.963369,2.461113,2.233020,4.101903,3.801644,2.029411,3.983990,3.249452,3.499453
38.528565,0.000410,0.007643,0.963712,0.867053,1.698517,0.804587,0.007972,0.008300,0.006985,0.007972,0.001067,0.000410,-0.000248,0.644475,1.621256,2.386964,3.170199,2.869941,3.429543,3.642494,3.165045,3.333859,3.680188,2.913756,2.322260,2.069360,4.091593,3.813242,1.637336,3.957250,3.225934,3.437275
37.611377,0.000081,0.007643,1.074508,0.940698,1.679777,0.789792,0.007314,0.007972,0.008300,0.008958,0.000739,0.000739,0.000739,0.652694,1.656105,2.387293,3.170844,2.903446,3.436630,3.660213,3.175998,3.355445,3.697907,2.948872,2.360275,2.021035,4.103191,3.843526,1.662787,3.964338,3.248163,3.435664
38.536039,-0.034111,0.009287,1.148811,0.985740,1.648544,0.776312,0.007972,0.007643,0.042493,0.008629,0.001067,0.001396,0.000739,0.684256,1.635064,2.370197,3.195973,2.935341,3.443074,3.672778,3.224967,3.377674,3.728835,2.930830,2.428897,1.987530,4.109957,3.872843,1.401833,4.004608,3.264594,3.464981
39.130260,-0.774508,0.009615,1.451281,1.039659,1.686352,0.783545,0.010273,0.010273,0.785189,0.010602,0.000410,-0.000905,0.001067,0.686886,1.658078,2.378416,3.204027,2.969812,3.442751,3.687275,3.238176,3.398615,3.756863,2.956281,2.514915,1.926641,4.121877,3.898938,1.481408,4.022650,3.277158,3.489465
39.933474,-1.068431,0.010273,1.384211,1.066618,1.646242,0.769408,0.010602,0.011259,1.079440,0.011259,-0.000248,0.000410,0.003369,0.662557,1.661366,2.376772,3.212725,3.011372,3.453705,3.705316,3.269749,3.429865,3.786502,2.961436,2.534889,1.873483,4.127354,3.904737,1.544553,4.038114,3.345457,3.550999
41.192692,-1.191392,0.010273,1.378951,1.103769,1.606790,0.756915,0.009944,0.010931,1.204044,0.011917,0.000410,0.000739,0.001725,0.665516,1.663338,2.363621,3.261372,3.043266,3.483344,3.732701,3.340303,3.496875,3.811631,3.079026,2.607376,1.684050,4.134119,3.925678,1.780055,4.094171,3.379285,3.633474
42.043320,-1.358409,0.011917,1.377965,1.118564,1.572269,0.744750,0.010602,0.010273,1.366786,0.011259,0.000739,0.001396,0.001067,0.667818,1.637694,2.356388,3.294877,3.123485,3.504285,3.754286,3.375097,3.578383,3.868655,3.137661,2.656345,1.645068,4.134763,3.936954,1.978831,4.109312,3.450483,3.683731
42.591546,-1.469206,0.010602,1.564049,1.300046,1.570296,0.740476,0.012246,0.010931,1.482185,0.105617,0.156248,0.000081,0.003698,0.675379,1.677147,2.332388,3.297455,3.150225,3.516850,3.769750,3.381218,3.591592,3.886374,3.134439,2.654090,1.663109,4.135086,3.937598,2.088690,4.115756,3.463048,3.683409
43.509973,-1.672059,0.013232,1.847779,1.612708,1.712983,0.814779,0.014547,0.014218,1.687010,0.295319,0.317346,0.000739,0.213783,0.692804,1.705092,2.344881,3.263950,3.081604,3.493009,3.752675,3.365110,3.559698,3.867366,3.117686,2.592557,1.459179,4.122521,3.915691,1.694360,4.089338,3.441141,3.664401
44.982329,-1.968942,0.353840,1.912218,1.957589,1.824108,0.855875,0.016191,0.015862,1.985206,0.479102,0.426170,0.000081,0.390663,0.718777,1.762627,2.359676,3.241720,3.054864,3.472069,3.734634,3.352867,3.494620,3.831928,3.186308,2.499451,1.296485,4.120588,3.894750,1.592233,4.068719,3.387983,3.625097
46.548521,-2.025163,0.606008,1.962192,2.022685,1.905314,0.872642,0.017506,0.016848,2.040439,0.593515,0.462993,-0.000248,0.431102,0.718120,1.811286,2.372498,3.236888,3.096423,3.467880,3.733345,3.354156,3.504929,3.826129,3.185341,2.613175,1.506859,4.122199,3.894750,1.694037,4.069686,3.418911,3.676644
45.900784,-2.348677,0.720750,2.078905,2.169646,1.969096,0.985411,0.020136,0.020136,2.366251,0.645790,0.527432,0.000081,0.600090,0.753956,1.871779,2.394526,3.260728,3.146681,3.475935,3.746232,3.376385,3.560664,3.857057,3.325805,2.606088,1.509759,4.123810,3.894106,2.046486,4.094493,3.432764,3.699840
46.566979,-2.416076,1.013686,2.224551,2.419512,2.015781,1.014672,0.020794,0.021123,2.437595,0.769408,0.587268,0.000081,0.836806,0.840094,1.902684,2.405375,3.274903,3.205315,3.484633,3.752997,3.393138,3.589659,3.882830,3.324839,2.652157,1.550996,4.117366,3.891528,2.115430,4.113178,3.465625,3.705639
45.477291,-2.578819,1.175113,2.331073,2.585871,2.012822,1.003494,0.021451,0.021451,2.601652,0.891711,0.648749,0.001396,0.882506,0.889739,1.907944,2.422800,3.272004,3.277480,3.456927,3.760085,3.384117,3.596424,3.855768,3.353189,2.656023,1.717555,4.114789,3.877031,2.151512,4.107057,3.461115,3.692108
45.536504,-2.610710,1.312539,2.401759,2.604282,1.939178,0.920643,0.022766,0.021780,2.633214,0.861135,0.642502,0.000410,0.769079,0.844039,1.868821,2.394197,3.241398,3.333859,3.403125,3.748809,3.366076,3.586437,3.823229,3.371553,2.732054,2.105765,4.102869,3.856090,2.099966,4.090949,3.490432,3.663757
44.704015,-2.799756,1.482185,2.481979,2.775900,1.925369,0.932150,0.024081,0.023424,2.823901,1.026508,0.723709,-0.000905,0.935767,0.926561,1.890848,2.400772,3.231733,3.323872,3.392816,3.741399,3.350290,3.575484,3.819041,3.343524,2.652801,2.075803,4.097070,3.835794,2.044553,4.073874,3.457249,3.621231
42.530362,-2.854333,1.705750,2.560555,2.795626,1.946739,0.935767,0.023095,0.023424,2.879134,1.123167,0.773682,0.001067,0.967658,0.969630,1.900054,2.375786,3.199194,3.283924,3.378640,3.724969,3.323872,3.522004,3.816141,3.313885,2.543265,1.932118,4.093848,3.813886,1.949514,4.054222,3.410535,3.568718
41.249709,-2.911868,1.662023,2.615131,2.798914,1.958246,0.906177,0.024739,0.023753,2.936340,1.125797,0.757244,0.000410,0.962397,0.973904,1.889533,2.390581,3.216591,3.291656,3.377996,3.733989,3.334182,3.541012,3.825484,3.284890,2.561629,1.929218,4.094815,3.820652,1.931473,4.067753,3.421166,3.562597
39.974922,-2.957239,1.693914,2.592446,2.747955,1.962849,0.895985,0.025068,0.023424,2.982040,1.117906,0.827601,0.001396,0.998891,0.988370,1.896109,2.407348,3.280702,3.306798,3.434053,3.769427,3.403447,3.620587,3.874131,3.274259,2.678253,1.855120,4.103836,3.870910,1.891525,4.101903,3.479800,3.637017
40.603905,-2.862552,1.750792,2.638145,2.705214,1.907944,0.823984,0.024410,0.023753,3.063904,1.122509,0.822340,0.001067,0.966671,0.960425,1.863889,2.390252,3.285535,3.339014,3.459826,3.808087,3.427287,3.651193,3.903126,3.284568,2.742686,1.776189,4.104480,3.878642,1.963690,4.125421,3.504285,3.680188
40.554812,-2.843812,1.771833,2.625981,2.694365,1.870793,0.790449,0.025397,0.024739,3.109603,1.197140,0.812477,0.000410,0.979165,0.946945,1.841532,2.391567,3.302287,3.353189,3.482700,3.861567,3.438241,3.675033,3.940497,3.296166,2.764915,1.785854,4.104158,3.898616,1.993329,4.149583,3.516205,3.715948
41.202225,-2.850059,1.862903,2.666419,2.753215,1.845478,0.792422,0.025068,0.025397,3.151685,1.133030,0.819381,0.000410,0.992973,0.973575,1.835943,2.390909,3.355767,3.368653,3.494942,3.913758,3.448228,3.712404,3.984956,3.383473,2.865753,1.823548,4.103836,3.927289,2.012981,4.172135,3.533602,3.780059
42.199134,-2.867812,1.910574,2.654912,2.773928,1.852053,0.802285,0.024739,0.023753,3.212179,1.113961,0.823984,0.001396,1.013357,1.052809,1.834628,2.387950,3.404736,3.380251,3.517494,3.928900,3.469491,3.744943,4.004286,3.450483,2.886049,1.851898,4.114467,3.936309,2.168587,4.181478,3.541656,3.829028
43.870188,-2.750769,2.022028,2.714420,2.813380,1.898410,0.834834,0.026383,0.026054,3.162535,1.226730,0.869684,0.000081,1.016316,1.076810,1.850409,2.394526,3.398293,3.366398,3.515883,3.931155,3.471102,3.747842,4.016529,3.467236,2.864464,1.822581,4.112856,3.934054,2.165043,4.179545,3.535213,3.839337
44.167006,-2.852689,2.089097,2.798257,2.962642,1.962192,0.919986,0.026383,0.026054,3.336455,1.235935,0.917684,0.001396,1.039001,1.127769,1.887889,2.447787,3.377996,3.349968,3.514917,3.930510,3.462726,3.754930,4.006864,3.416656,2.872518,1.800030,4.111890,3.935343,2.116074,4.168269,3.526192,3.824518
45.506113,-2.752084,2.211071,2.803517,3.074753,2.035179,0.945959,0.029013,0.027698,3.327578,1.285909,1.024864,0.000739,1.076481,1.154071,1.921753,2.462253,3.370586,3.354478,3.509118,3.936309,3.472391,3.752031,3.993977,3.425999,2.885727,1.806795,4.121555,3.941464,2.104476,4.166336,3.544878,3.806477
46.249298,-2.806660,2.283730,2.861052,3.142480,2.116714,1.017302,0.028684,0.028684,3.402866,1.471007,1.086673,0.001725,1.110344,1.209634,2.053261,2.455348,3.363177,3.359955,3.505896,3.940820,3.462404,3.745909,3.989789,3.395393,2.892493,1.802607,4.138307,3.934698,2.266203,4.167302,3.545200,3.802288
44.443135,-2.660355,2.372498,2.915628,3.135247,2.144331,1.053796,0.045452,0.030328,3.308838,1.683393,1.230017,0.158549,1.174784,1.234620,2.071344,2.443841,3.355767,3.358344,3.505574,3.946296,3.471102,3.750098,3.980124,3.405380,2.926320,1.832891,4.162792,3.938564,2.404412,4.173423,3.555187,3.810665
44.625885,-2.490050,2.497102,2.886367,3.199357,2.216332,1.101139,0.054000,0.031314,3.342044,1.735339,1.294128,0.228249,1.266840,1.476267,2.163728,2.431348,3.377674,3.366076,3.507829,3.947907,3.493654,3.750420,3.981413,3.428254,2.921165,1.807117,4.174068,3.932765,2.478832,4.175679,3.566463,3.839015
42.876774,-2.482488,2.452718,2.936340,3.142480,2.241976,1.147496,0.030657,0.031314,3.390044,1.683393,1.274073,0.254880,1.297744,1.511775,2.184112,2.440225,3.379285,3.367687,3.504929,3.945330,3.489465,3.743976,3.982057,3.422455,2.906024,1.761048,4.170524,3.924389,2.495263,4.185021,3.578705,3.851902
41.337129,-2.406870,2.564829,2.909710,3.126699,2.222907,1.134345,0.033945,0.032301,3.401551,1.605146,1.266511,0.262113,1.281635,1.501912,2.167674,2.449759,3.334504,3.340947,3.501708,3.942753,3.485922,3.731412,3.978191,3.428254,2.880573,1.611241,4.160537,3.917302,2.436306,4.170846,3.578061,3.842559
41.529699,-2.530818,2.569103,2.968560,3.283523,2.253812,1.165249,0.038547,0.031643,3.587307,1.674188,1.237579,0.265400,1.314841,1.520323,2.194633,2.454033,3.305509,3.293911,3.498164,3.940820,3.491721,3.725291,3.972714,3.363177,2.819683,1.315171,4.139596,3.890240,2.444683,4.166658,3.586115,3.844492
42.390326,-2.519311,2.592117,3.012944,3.300619,2.243291,1.174784,0.079973,0.033287,3.624458,1.699174,1.225086,0.265072,1.335553,1.555830,2.202852,2.456992,3.300354,3.273292,3.488821,3.966593,3.488499,3.731734,3.978513,3.358666,2.800675,1.314527,4.158282,3.901193,2.411177,4.178900,3.596102,3.858345
42.836407,-2.463090,2.714091,3.008013,3.314756,2.263346,1.181030,0.337730,0.033616,3.657993,1.723504,1.268484,0.257510,1.383554,1.560762,2.208441,2.464225,3.289401,3.267493,3.498486,3.979802,3.500097,3.744621,3.996554,3.401514,2.757827,1.303895,4.162792,3.928255,2.436628,4.195653,3.604479,3.890240
45.164008,-2.374650,2.758475,3.043191,3.331852,2.278798,1.194181,0.564254,0.035260,3.704021,1.832984,1.310566,0.276907,1.398677,1.565364,2.209099,2.473431,3.309697,3.276192,3.502352,4.000098,3.517494,3.759118,4.038436,3.474002,2.811629,1.394101,4.171490,3.953062,2.374773,4.204996,3.617365,3.916979
43.799566,-2.280949,2.830476,3.031355,3.318372,2.301812,1.192209,0.619159,0.034602,3.703692,1.926355,1.320758,0.296634,1.414458,1.559447,2.209428,2.464554,3.353189,3.312919,3.515883,4.014273,3.536824,3.776515,4.062920,3.495909,2.903124,1.479475,4.183088,3.958539,2.444038,4.207895,3.627352,3.929866
45.110605,-2.272730,2.854805,2.996834,3.337770,2.246250,1.191880,0.428800,0.034931,3.720130,1.714627,1.318786,0.346936,1.385198,1.530186,2.193647,2.458965,3.365110,3.375097,3.526515,4.026194,3.547133,3.804544,4.069686,3.493976,2.938240,1.557761,4.182766,3.957894,2.543587,4.214338,3.645716,3.923101
46.113025,-2.197441,2.933053,3.059630,3.373277,2.330087,1.301032,0.532363,0.034931,3.767145,2.050960,1.373691,0.424526,1.448322,1.523939,2.190359,2.453376,3.361888,3.378640,3.518783,4.021039,3.544234,3.804544,4.067431,3.487532,2.949838,1.549707,4.179545,3.949840,2.522647,4.207251,3.647971,3.920523
46.571651,-2.133987,3.081657,3.046150,3.363743,2.372498,1.335553,0.598118,0.036575,3.799364,2.030905,1.384869,0.488637,1.474295,1.489089,2.167345,2.441869,3.284246,3.327416,3.498164,4.010085,3.520393,3.770394,4.032315,3.381218,2.865753,1.325480,4.161503,3.921490,2.432118,4.188565,3.615754,3.891528
46.036436,-2.022861,3.177330,3.147083,3.417004,2.404060,1.412157,0.983110,0.037890,3.817446,2.180167,1.424650,0.526446,1.543008,1.475610,2.170304,2.449759,3.287145,3.346746,3.507185,4.010407,3.527803,3.778770,4.036181,3.434375,2.897969,1.403766,4.159892,3.930510,2.398291,4.197586,3.644427,3.910536
46.062460,-2.029108,3.185878,3.175686,3.430154,2.409978,1.421034,1.040974,0.039205,3.812844,2.188715,1.451281,0.521843,1.549255,1.529200,2.183783,2.445485,3.333537,3.357700,3.514272,4.036825,3.529414,3.799389,4.060343,3.428254,2.910856,1.528767,4.164403,3.924067,2.396680,4.199841,3.643461,3.919235
46.028418,-1.998861,3.209220,3.186206,3.425223,2.415896,1.416760,1.206675,0.039205,3.816460,2.259401,1.452925,0.535651,1.594954,1.544323,2.189044,2.460938,3.352545,3.355767,3.532636,4.044557,3.544234,3.828384,4.089338,3.520071,2.922776,1.599965,4.172135,3.902804,2.534245,4.211439,3.663757,3.940820
45.411605,-1.991628,3.209549,3.181604,3.445278,2.417540,1.426294,1.268155,0.038547,3.821063,2.188386,1.460158,0.550775,1.608762,1.577858,2.205811,2.465540,3.358988,3.380573,3.530058,4.048745,3.542301,3.831283,4.111568,3.562275,2.999774,1.672774,4.170524,3.894428,2.553897,4.209184,3.658602,3.940820
45.786057,-2.002806,3.206590,3.145439,3.424565,2.418526,1.415773,1.165249,0.039205,3.797720,2.158797,1.438787,0.525459,1.571282,1.564049,2.190359,2.457979,3.374774,3.405058,3.539079,4.059377,3.552932,3.866722,4.142495,3.622520,3.059374,1.886692,4.174712,3.879286,2.561629,4.215627,3.706605,3.970459
45.164452,-2.031409,3.223029,3.116507,3.466319,2.432992,1.453582,1.103440,0.039205,3.815145,2.172276,1.434842,0.517569,1.523282,1.556488,2.180167,2.439239,3.421489,3.410535,3.584182,4.065498,3.559698,3.891206,4.169557,3.695974,3.081604,1.866074,4.187276,3.878319,2.622840,4.209828,3.730123,3.985601
45.783991,-1.971901,3.244728,3.188508,3.454812,2.485595,1.503884,1.190894,0.038876,3.823036,2.236387,1.465747,0.552419,1.609420,1.642297,2.178523,2.440554,3.405380,3.374774,3.592558,4.063887,3.552288,3.886374,4.171168,3.701128,3.062596,1.634115,4.175034,3.930833,2.548098,4.196297,3.716914,3.979480
44.888937,-2.007409,3.270701,3.187193,3.493607,2.526034,1.519665,1.210291,0.040191,3.843091,2.186414,1.467719,0.564583,1.692599,1.665311,2.183455,2.442198,3.411824,3.350290,3.599002,4.066786,3.554221,3.903126,4.181800,3.698229,3.079671,1.556151,4.189854,3.925356,2.571938,4.184377,3.747842,3.989145
46.015707,-1.997874,3.277605,3.224344,3.487689,2.543130,1.553200,1.279004,0.039863,3.836844,2.174249,1.489747,0.595159,1.735668,1.701805,2.189373,2.458965,3.464981,3.338048,3.656669,4.071619,3.575806,3.933410,4.210795,3.738822,3.099323,1.255570,4.209506,3.997199,2.745585,4.195975,3.768783,4.009763
45.726701,-1.948558,3.294043,3.216782,3.480128,2.548719,1.594954,1.311224,0.040520,3.834871,2.251510,1.487117,0.639214,1.820162,1.712983,2.189701,2.449431,3.491076,3.315818,3.684376,4.068397,3.588370,3.941786,4.219815,3.706283,3.117364,1.089655,4.204996,3.976580,2.902480,4.216271,3.776837,4.020717
47.053624,-1.908119,3.314756,3.226974,3.480785,2.648008,1.677147,1.459829,0.042493,3.889776,2.253483,1.508816,0.668146,1.885588,1.735997,2.264990,2.464225,3.507185,3.307120,3.710471,4.075485,3.650548,3.954028,4.232702,3.657636,3.166978,1.257826,4.226259,4.010730,2.978511,4.224326,3.789080,4.069042
48.903208,-1.952504,3.299632,3.254591,3.497552,2.662145,1.679119,1.384540,0.040191,3.844734,2.261045,1.481528,0.642173,1.894136,1.721202,2.268606,2.461595,3.548744,3.336115,3.738822,4.096748,3.686309,4.007508,4.271362,3.662468,3.261694,1.373483,4.241723,4.026838,3.009761,4.244300,3.834183,4.092882
50.621668,-1.942969,3.297002,3.225659,3.514977,2.724283,1.830025,1.345087,0.041506,3.875310,2.230140,1.495007,0.649406,1.930958,1.731723,2.285374,2.500061,3.563886,3.369620,3.761051,4.105124,3.722391,4.027160,4.278449,3.620587,3.349323,1.329668,4.235601,4.008797,3.183408,4.228514,3.827095,4.083861
50.453654,-1.849926,3.273002,3.273002,3.546868,2.773270,1.943123,1.408540,0.040849,3.863803,2.235072,1.555830,0.668146,1.960219,1.744874,2.333046,2.566802,3.531991,3.370909,3.735922,4.081928,3.675677,4.017817,4.266207,3.560342,3.280702,1.316138,4.228192,3.987534,3.116720,4.196619,3.786824,4.033926
49.090928,-1.812775,3.251303,3.266427,3.593882,2.829161,2.049974,1.691284,0.043808,3.878269,2.237373,1.567995,0.765134,2.051946,1.740600,2.419841,2.666748,3.553254,3.345135,3.777482,4.082250,3.721425,4.026516,4.252354,3.346102,3.279091,1.685661,4.206284,3.962405,3.329993,4.149905,3.739144,3.983668
50.025689,-1.819021,3.222700,3.266755,3.632020,2.864668,2.139399,1.808984,0.043479,3.870050,2.323182,1.614351,0.808203,2.087453,1.856985,2.520445,2.718694,3.472069,3.368331,3.710149,4.012340,3.620265,3.940497,4.121232,2.994619,3.011050,1.912465,4.059699,3.703061,3.383473,3.994299,3.409568,3.532958
47.565844,-1.835789,3.254262,3.292399,3.643527,2.881436,2.192003,1.883944,0.043808,3.862817,2.371512,1.667941,0.865409,2.093700,1.912547,2.543788,2.753215,3.286823,3.060019,3.599324,3.943719,3.445651,3.782958,3.859312,2.209180,2.397002,2.826449,3.798745,3.377030,3.103189,3.570007,2.858665,2.955637
