12.695015,-10.139136,0.337073,3.967037,3.995311,4.065340,3.914105,3.777008,4.143258,3.685281,3.426867,3.663910,3.870050,3.912790,4.016024,3.771747,3.741829,3.288454,3.535213,4.224970,4.148939,4.377354,4.062598,4.008474,4.121232,3.992688,3.283602,3.406669,3.615110,3.818074,3.804221,4.093848,3.797456,4.273617
12.684342,-9.453905,0.349237,3.937448,3.965393,4.066983,3.878927,3.747747,4.126820,3.675417,3.389387,3.625444,3.850981,3.884187,3.984791,3.746432,3.722432,3.271029,3.495587,4.206606,4.119622,4.366079,4.054544,3.974325,4.110601,4.002675,3.281346,3.313885,3.595136,3.791979,3.776837,4.073874,3.775549,4.264918
11.961587,-9.199249,0.324908,3.909502,3.958818,4.038709,3.866105,3.739857,4.101504,3.647472,3.377880,3.594211,3.824022,3.863474,3.951914,3.710596,3.697445,3.220070,3.475290,4.176645,4.089016,4.343527,4.044235,3.930833,4.112212,3.992044,3.226578,3.272970,3.567752,3.758796,3.734956,4.058410,3.739466,4.249132
11.635690,-9.409958,0.282825,3.884844,3.932187,3.992681,3.832570,3.705664,4.070600,3.616239,3.366702,3.545882,3.800679,3.820405,3.912790,3.642212,3.650102,3.201659,3.495909,4.156993,4.080640,4.320975,4.008152,3.867366,4.127354,4.012340,3.215303,3.263950,3.525548,3.720780,3.694041,4.044235,3.736244,4.250421
11.558890,-9.997773,0.252907,3.864789,3.893393,3.968352,3.813830,3.672459,4.059751,3.546211,3.353880,3.502155,3.787857,3.787200,3.879584,3.598485,3.602102,3.193768,3.488821,4.155060,4.077740,4.317754,3.999132,3.869943,4.134441,4.023294,3.234955,3.237210,3.499775,3.693396,3.683087,4.030382,3.730445,4.245266
11.100689,-10.324054,0.215756,3.838817,3.854269,3.932516,3.798049,3.621828,4.071257,3.481771,3.354866,3.471908,3.773720,3.755309,3.849337,3.556074,3.565937,3.129987,3.458538,4.141529,4.070008,4.306800,3.999132,3.848680,4.149583,4.010407,3.224967,3.202416,3.475935,3.684698,3.665046,4.022005,3.715948,4.228836
11.210212,-10.710514,0.204578,3.806597,3.822049,3.903256,3.743144,3.587964,4.038052,3.432785,3.316400,3.421278,3.733939,3.737884,3.830269,3.500511,3.508731,3.063246,3.431476,4.141851,4.067109,4.296813,3.975936,3.849002,4.146361,4.003964,3.249452,3.215303,3.458538,3.712082,3.644427,4.006864,3.687275,4.211117
11.920478,-9.456769,0.211153,3.772405,3.784241,3.883529,3.733281,3.582704,4.023586,3.399907,3.290756,3.390373,3.718158,3.718815,3.811857,3.459744,3.496566,3.077712,3.438885,4.137985,4.062276,4.296491,3.985601,3.861245,4.169235,4.015562,3.266527,3.246875,3.444684,3.714659,3.640883,4.006219,3.682765,4.190820
11.571252,-8.873206,0.219372,3.760240,3.769775,3.868406,3.723418,3.558046,4.012079,3.414045,3.278920,3.385113,3.705993,3.710267,3.799364,3.408127,3.522210,3.094151,3.436952,4.131542,4.061310,4.285537,3.972070,3.849002,4.169880,4.036181,3.272004,3.277158,3.439208,3.713048,3.631541,3.989145,3.713693,4.179222
11.752745,-7.947790,0.234496,3.786871,3.790816,3.896680,3.789172,3.622157,4.016024,3.436730,3.289112,3.485388,3.727363,3.721445,3.804624,3.430483,3.647472,3.187850,3.432120,4.121877,4.074518,4.283926,3.994943,3.854479,4.185021,4.114467,3.296488,3.285857,3.425999,3.703061,3.624131,3.988178,3.730768,4.206284
11.708439,-7.614112,0.261455,3.834871,3.845392,3.936790,3.841775,3.699418,4.048572,3.551471,3.329879,3.512676,3.755638,3.740843,3.818433,3.520238,3.722760,3.227960,3.470458,4.134763,4.109635,4.311633,4.048745,3.921490,4.240112,4.161181,3.329993,3.296488,3.415045,3.714015,3.656347,4.008474,3.777482,4.214983
12.215918,-7.932929,0.276907,3.798707,3.817775,3.904899,3.801337,3.687253,4.032791,3.496566,3.310482,3.498868,3.725719,3.724076,3.797391,3.465990,3.700404,3.237495,3.424710,4.128964,4.110279,4.308411,4.060343,3.921812,4.243978,4.184699,3.314530,3.295522,3.385084,3.686631,3.641850,3.995910,3.755574,4.184377
12.378076,-8.112196,0.256852,3.766816,3.758596,3.858214,3.751692,3.662267,3.991037,3.390373,3.273002,3.457442,3.688897,3.702705,3.752350,3.434428,3.661280,3.202316,3.375097,4.111890,4.103191,4.293913,4.066464,3.894106,4.224003,4.162470,3.320329,3.287145,3.353189,3.635084,3.609955,3.962405,3.704350,4.147328
12.461241,-8.681320,0.188468,3.713226,3.694486,3.825994,3.724733,3.603745,3.971640,3.370647,3.265440,3.386428,3.641883,3.644513,3.689555,3.389058,3.579416,3.215138,3.373808,4.084183,4.098037,4.282315,4.058732,3.848358,4.193398,4.137341,3.298421,3.272004,3.330960,3.624131,3.564208,3.926000,3.644427,4.086761
12.575914,-8.977985,0.175974,3.690541,3.662924,3.780624,3.677061,3.530758,3.957503,3.367359,3.247029,3.367030,3.606704,3.602430,3.648458,3.333496,3.526156,3.172398,3.347390,4.081284,4.092238,4.274583,4.055833,3.853191,4.183733,4.172457,3.325161,3.259761,3.309053,3.623809,3.547133,3.912147,3.632829,4.066786
13.100251,-9.336186,0.142768,3.666869,3.645828,3.740185,3.645499,3.495251,3.937119,3.402866,3.229604,3.321660,3.563635,3.568567,3.599471,3.313770,3.497881,3.147411,3.362854,4.065176,4.095459,4.281671,4.047779,3.832894,4.170524,4.168269,3.305509,3.248808,3.283924,3.594814,3.525226,3.900871,3.606734,4.070975
14.150822,-9.711844,0.110877,3.649116,3.634979,3.755309,3.609663,3.460401,3.911475,3.387414,3.243413,3.303578,3.547854,3.537662,3.567909,3.289440,3.485717,3.150699,3.346424,4.064853,4.090949,4.272650,4.043268,3.827417,4.163436,4.166014,3.297455,3.252996,3.265238,3.586437,3.508473,3.891850,3.598035,4.046168
12.676196,-6.378785,0.033287,3.608677,3.603417,3.720459,3.567581,3.406812,3.872680,3.351249,3.244070,3.226974,3.520566,3.493607,3.538978,3.254920,3.436730,3.100397,3.297455,4.056799,4.085150,4.261697,4.038114,3.804866,4.146039,4.154416,3.319684,3.220779,3.218846,3.587082,3.481089,3.877997,3.577417,4.040369
9.381865,-7.234632,0.010273,3.520566,3.551471,3.669500,3.527471,3.326920,3.802652,3.297331,3.198700,3.185220,3.484073,3.435744,3.457442,3.207577,3.372291,3.036287,3.259439,4.018139,4.070008,4.218204,4.014273,3.749775,4.101258,4.114467,3.312919,3.157635,3.209181,3.550677,3.425354,3.836438,3.531991,3.991078
3.529068,-2.393950,-0.038385,3.394318,3.476840,3.600786,3.469278,3.198700,3.704021,3.209549,3.123740,3.113877,3.365715,3.377551,3.295358,3.113877,3.301605,2.974149,3.247197,3.962405,4.047457,4.183733,3.993333,3.697907,4.058410,4.085150,3.343847,3.019104,3.119619,3.460471,3.361566,3.769750,3.467558,3.970137
0.315488,-0.099205,-0.090331,3.345989,3.482429,3.578759,3.453168,3.157275,3.657664,3.155631,3.061602,3.148069,3.280892,3.296345,3.213166,3.115192,3.355852,3.002752,3.120908,3.915691,4.003964,4.180511,3.920523,3.654414,3.942430,4.007186,3.250419,2.814206,3.001707,3.325483,3.264272,3.622198,3.397970,3.931155
-0.056700,-0.444481,-0.089674,3.333167,3.473552,3.570211,3.455799,3.154316,3.622485,3.162535,3.065876,3.161220,3.296673,3.279577,3.285166,3.167466,3.427195,3.051082,2.983665,3.902482,3.969492,4.186310,3.816786,3.573551,3.866077,3.823229,3.180831,2.558085,2.838047,3.206926,3.170844,3.465947,3.276836,3.844170
-0.195959,-0.323647,-0.025563,3.393003,3.513333,3.620513,3.466648,3.235851,3.686924,3.207905,3.133603,3.179631,3.337770,3.290427,3.368345,3.224015,3.536019,3.107630,3.048099,3.929866,3.983023,4.209828,3.822907,3.596102,3.866399,3.793590,3.233022,2.594812,2.932763,3.246230,3.207571,3.505896,3.267816,3.833861
-0.299797,0.285141,0.009287,3.427195,3.542594,3.648129,3.478484,3.273659,3.724733,3.213166,3.157603,3.189494,3.390702,3.297002,3.439031,3.233878,3.572841,3.132288,3.191784,3.967559,4.014918,4.245589,3.854157,3.679865,3.930510,3.920845,3.284246,2.623162,3.100612,3.351256,3.257828,3.611244,3.342236,3.822907
-2.126552,-5.732151,0.119097,3.574156,3.605061,3.751035,3.591581,3.344345,3.799693,3.313770,3.185220,3.203303,3.463689,3.386428,3.534046,3.303249,3.658650,3.220727,3.410857,4.052611,4.139918,4.309377,3.999132,3.850935,4.094171,4.162148,3.402481,3.014593,3.249130,3.521360,3.408280,3.805510,3.458538,3.855446
-4.701453,-19.075789,0.167426,3.593882,3.655362,3.822707,3.675417,3.406812,3.819748,3.380839,3.206261,3.240454,3.490319,3.413387,3.579416,3.337112,3.710596,3.251961,3.551643,4.169557,4.215305,4.408282,4.157959,4.055188,4.201774,4.236568,3.536179,3.256218,3.488499,3.819685,3.781670,4.022328,3.720136,3.934376
-6.174975,-22.667886,0.205235,3.852625,3.928900,4.048572,3.920352,3.692842,4.025887,3.626102,3.463032,3.482100,3.718158,3.655362,3.746432,3.634979,3.920023,3.697774,3.843848,4.282315,4.322264,4.482058,4.376066,4.244622,4.204673,4.266851,3.578061,3.327738,3.646682,4.090949,4.084183,4.197908,3.949196,4.175679
-7.027009,-24.724774,0.212139,3.978544,4.017339,4.141286,4.032463,3.821392,4.070600,3.792789,3.561992,3.544238,3.802323,3.761884,3.840132,3.795748,3.998928,3.858214,3.866722,4.292947,4.371233,4.485924,4.410537,4.268462,4.133797,4.213050,3.607700,3.266527,3.755574,4.259119,4.184055,4.244622,4.063887,4.401195
-6.906276,-25.880112,0.200632,3.945338,3.995640,4.128135,4.018654,3.796734,4.045613,3.767802,3.558046,3.534046,3.785227,3.725391,3.807912,3.780295,3.993010,3.850981,3.827095,4.280060,4.366401,4.474648,4.402483,4.246555,4.097714,4.186632,3.606734,3.209826,3.715948,4.256864,4.173746,4.238179,4.072263,4.417625
-6.858769,-26.752216,0.224961,3.908187,3.961119,4.106107,3.997613,3.734267,4.003531,3.714541,3.497881,3.506100,3.755638,3.685938,3.784898,3.740843,3.969996,3.851310,3.789080,4.262663,4.354803,4.467883,4.388630,4.223681,4.065176,4.155060,3.585471,3.171810,3.697262,4.246555,4.156993,4.219493,4.033926,4.398295
-6.308062,-27.162788,0.237784,3.861502,3.935475,4.064682,3.958160,3.694486,3.961119,3.636623,3.466648,3.477826,3.713555,3.633335,3.746103,3.714870,3.951585,3.843419,3.760085,4.243656,4.342238,4.457574,4.378643,4.206606,4.038114,4.147650,3.537790,3.132828,3.660535,4.235279,4.137341,4.200163,4.019750,4.371878
-6.721774,-27.969220,0.187810,3.813830,3.889118,4.022599,3.898982,3.658650,3.900625,3.582047,3.435415,3.437059,3.656349,3.587636,3.648458,3.665226,3.927256,3.792789,3.724324,4.217882,4.328707,4.447909,4.365756,4.184699,4.000098,4.114789,3.502674,3.102545,3.610600,4.217882,4.103191,4.172135,3.995266,4.345138
-6.633647,-28.583582,0.205564,3.757281,3.791474,3.964407,3.849666,3.561663,3.843419,3.532731,3.342044,3.344016,3.585334,3.513333,3.600129,3.592896,3.899310,3.742158,3.692430,4.186954,4.300357,4.426968,4.340627,4.156993,3.952095,4.074841,3.420844,3.060663,3.541012,4.190498,4.057444,4.147972,3.966271,4.329029
-6.679595,-28.593811,0.198331,3.690870,3.704021,3.911146,3.804296,3.461059,3.760569,3.465333,3.261495,3.248015,3.514977,3.440675,3.531745,3.551471,3.870050,3.706322,3.623809,4.144106,4.268784,4.412793,4.324197,4.126065,3.874453,4.044557,3.382184,2.989787,3.504607,4.155704,4.013951,4.116078,3.904737,4.304545
-6.210040,-29.249492,0.150988,3.633335,3.614924,3.859529,3.698760,3.319687,3.643527,3.355195,3.182919,3.197713,3.444620,3.316728,3.415360,3.503470,3.827967,3.685938,3.545200,4.097070,4.228836,4.390563,4.279738,4.089338,3.809054,3.997843,3.309375,2.894748,3.445973,4.117366,3.954351,4.069042,3.833861,4.267174
-6.626526,-29.480771,0.024739,3.511690,3.519909,3.759583,3.566923,3.234536,3.585005,3.237166,3.141165,3.092178,3.346975,3.150699,3.264125,3.410428,3.784898,3.631691,3.474968,4.056799,4.200485,4.364468,4.243333,4.052289,3.721747,3.958217,3.204349,2.725611,3.338048,4.077740,3.906348,4.021361,3.757829,4.175679
-6.119171,-30.262253,-0.030824,3.374921,3.436072,3.662924,3.539635,3.134261,3.463689,3.137220,3.078698,3.031684,3.210207,3.045492,3.134261,3.339085,3.739528,3.605718,3.401514,4.029093,4.178256,4.341272,4.195008,3.994621,3.607056,3.878319,3.124774,2.618330,3.295200,4.037147,3.852224,3.980768,3.697907,4.130897
-5.311199,-31.401501,-0.155100,3.267742,3.320345,3.552457,3.467306,2.970861,3.335468,3.063575,3.022478,2.952121,3.071794,2.895573,3.041876,3.261824,3.677719,3.545553,3.338692,3.967559,4.150872,4.301323,4.138629,3.940820,3.505252,3.795523,3.096423,2.448871,3.186308,3.992366,3.783603,3.926644,3.603190,4.084183
-5.561046,-29.966683,-0.220854,3.149384,3.277605,3.493607,3.348948,2.794969,3.145768,2.902148,2.895244,2.859408,2.958697,2.705543,2.922532,3.179960,3.623800,3.527799,3.237210,3.899905,4.131220,4.286826,4.111890,3.874131,3.374774,3.739144,3.045521,2.321938,3.111565,3.959505,3.704994,3.882508,3.503319,4.013629
-4.968018,-30.729072,-0.150168,3.007026,3.224344,3.409442,3.228618,2.650967,2.996177,2.658200,2.685817,2.725269,2.792339,2.358690,2.862367,3.106973,3.564622,3.453826,3.116076,3.807121,4.107379,4.269107,4.087083,3.801000,3.230122,3.640883,2.981732,2.089334,3.051965,3.921812,3.649904,3.789402,3.384762,3.929544
-5.461251,-30.121401,-0.179100,2.834421,3.114534,3.291084,3.089548,2.454033,2.876504,2.358361,2.495130,2.719023,2.562857,2.217647,2.718365,3.018533,3.464018,3.388401,2.993653,3.729479,4.061310,4.246233,4.014918,3.719814,3.115431,3.560342,2.860598,1.930507,3.033601,3.882830,3.565174,3.730123,3.284890,3.846747
-5.378716,-29.389494,-0.366829,2.559240,2.991903,3.162206,2.926806,2.219291,2.643734,1.962192,2.361649,2.617104,2.207126,1.920109,2.643405,2.951464,3.379852,3.359469,2.924709,3.618976,4.028449,4.230769,3.953706,3.627352,2.957570,3.479156,2.772325,1.798419,2.951449,3.839337,3.467558,3.634440,3.225290,3.771038
-5.542327,-28.913089,-0.429625,2.424773,2.832120,3.067520,2.721324,1.802080,2.386635,1.505528,2.189044,2.480664,1.913862,1.563721,2.527021,2.817654,3.267413,3.303249,2.837724,3.459504,3.986889,4.222393,3.900549,3.568718,2.577093,3.312919,2.636049,1.605442,2.919232,3.793268,3.335792,3.512984,3.145715,3.689530
-5.928854,-28.170021,-0.277403,2.365594,2.778202,2.854805,2.631241,1.493035,2.043398,1.025193,1.897424,2.356717,1.666955,1.340485,2.299840,2.733818,3.213166,3.266755,2.747196,3.331604,3.940175,4.194042,3.861245,3.526515,2.129283,3.181153,2.551964,1.346099,2.898614,3.728190,3.268460,3.394749,3.018782,3.641206
-5.775555,-28.402442,-0.469406,2.268606,2.635515,2.647680,2.615789,1.233634,1.606132,0.875930,1.824436,2.203181,1.251388,1.162619,2.185427,2.606583,3.182919,3.248673,2.776513,3.275870,3.903771,4.178900,3.833861,3.491398,1.783921,3.160212,2.485275,1.168264,2.901191,3.702095,3.211114,3.285212,2.915689,3.603834
-5.397421,-29.525270,-0.515435,2.149920,2.384005,2.486253,2.454362,0.949904,1.386184,0.751654,1.623886,2.063453,0.901574,0.924260,2.065426,2.491842,3.113219,3.200672,2.670843,3.178253,3.880252,4.169557,3.791979,3.435019,1.293264,3.096746,2.376061,0.923096,2.887660,3.649260,3.143782,3.199839,2.818072,3.510728
-5.973477,-27.907470,-0.412857,1.983562,2.270579,2.289648,2.258414,0.629351,1.195825,0.625406,1.389800,1.838902,0.670119,0.767764,1.853039,2.416882,3.041547,3.157932,2.627350,3.095135,3.867366,4.162792,3.764917,3.380573,0.887980,2.927931,2.352543,0.809694,2.868975,3.611566,3.079349,3.049709,2.699193,3.416334
-4.875836,-28.014815,-0.397076,1.876053,2.079892,1.880656,2.073316,0.460034,0.945959,0.456417,1.041960,1.609420,0.548144,0.658612,1.648544,2.190688,2.944889,3.020506,2.603832,3.046488,3.854479,4.141207,3.683731,3.295522,0.412464,2.803897,2.321293,0.649578,2.811629,3.541656,2.872518,2.856732,2.444683,3.279091
-5.145418,-26.679510,-0.466119,1.730079,1.851067,1.723832,1.935561,0.304853,0.846012,0.240085,0.891054,1.479555,0.425184,0.576748,1.552214,2.109810,2.872559,2.932395,2.563239,2.986887,3.843526,4.121877,3.648293,3.266527,0.013624,2.793266,2.267492,0.590299,2.810985,3.477545,2.798420,2.812273,2.327092,3.186308
-5.322594,-25.346574,-0.546339,1.535775,1.677804,1.556488,1.875725,0.201947,0.663872,0.020465,0.683270,1.192537,0.266058,0.459376,1.480213,2.018083,2.826860,2.840668,2.576126,2.950160,3.843203,4.116400,3.648615,3.218202,0.014913,2.714657,2.231087,0.488495,2.795199,3.438241,2.779735,2.710147,2.169876,3.039400
-5.522197,-24.208641,-0.505900,1.401307,1.561419,1.336868,1.741915,0.168741,0.454773,0.020465,0.563268,1.086344,0.004026,0.339045,1.319772,1.926684,2.707845,2.797928,2.531667,2.885083,3.823873,4.107379,3.604479,3.152802,0.013624,2.535533,2.174064,0.333534,2.754284,3.379929,2.646680,2.626384,1.955636,2.789077
-6.188239,-23.990839,-0.417131,1.070892,1.159989,1.095221,1.598570,0.081288,0.148357,0.017835,0.432745,1.057741,-0.000248,0.172358,1.148811,1.761970,2.680228,2.713763,2.522647,2.858987,3.797134,4.091271,3.543911,3.127996,0.014268,2.590624,2.089334,0.041652,2.761693,3.332249,2.576448,2.466590,1.654411,2.548098
-6.366808,-23.974045,-0.231704,0.690503,0.845683,0.888095,1.339170,0.031314,0.011917,0.012246,0.245674,0.914725,0.000739,0.000410,1.060700,1.625858,2.649981,2.638145,2.483342,2.859632,3.756219,4.087727,3.514272,3.148614,0.013946,2.568072,1.973355,0.008147,2.757505,3.301321,2.533600,2.424386,1.385725,2.431474
-6.651908,-22.687699,-0.086057,0.599762,0.711544,0.751326,1.188263,0.009615,0.009944,0.009944,0.093124,0.735216,0.001067,0.000739,0.957466,1.554186,2.583898,2.583240,2.476899,2.922132,3.745265,4.073552,3.507829,3.152802,0.012980,2.377672,1.824192,0.007503,2.800675,3.273614,2.450159,2.360275,1.316138,2.308729
-7.321365,-22.907072,0.000081,0.486007,0.634940,0.689188,0.973904,0.008300,0.008629,0.008629,0.005670,0.617844,0.000410,0.000081,0.832861,1.445034,2.573377,2.556281,2.469489,2.913111,3.737533,4.064531,3.490432,3.160857,0.013302,2.381538,1.696292,0.008147,2.735920,3.270393,2.445649,2.281989,1.180184,2.069360
-8.348265,-21.843185,-0.000248,0.330497,0.439978,0.530720,0.732586,0.006985,0.006657,0.007314,0.006328,0.391320,0.000081,-0.000248,0.606666,1.353636,2.533267,2.544117,2.471100,2.903446,3.736567,4.060665,3.514272,3.162790,0.013624,2.183406,1.481086,0.006214,2.772647,3.263627,2.489141,2.205958,1.060983,1.802929
-8.534472,-21.528474,0.000081,0.044794,0.036246,0.379484,0.172029,0.002382,0.002711,0.002711,0.002382,0.108905,0.002054,0.000410,0.487322,1.252045,2.456664,2.514856,2.526835,2.987209,3.745265,4.079995,3.527803,3.179220,0.013624,1.589011,1.305828,0.005570,2.780057,3.258151,2.517170,2.081280,0.934372,1.644102
-8.072605,-22.826603,0.000410,0.000410,0.000410,0.195372,0.000739,0.000739,0.000739,0.001396,0.001396,0.000081,0.000081,-0.000905,0.349237,1.082070,2.399786,2.466198,2.549064,3.066784,3.765239,4.102547,3.546811,3.261372,0.013302,1.274256,1.161498,0.005570,2.890560,3.254285,2.534889,2.034566,0.849964,1.570970
-9.282312,-18.618219,0.000081,-0.000576,0.000410,-0.000248,-0.000248,0.000739,0.000410,0.001067,0.000410,0.000081,0.000410,0.000410,0.174659,0.872642,2.246907,2.349484,2.597389,3.082892,3.775549,4.110279,3.552932,3.292300,0.013624,0.599320,0.874771,0.003637,2.981410,3.240109,2.585469,1.878638,0.747838,1.363174
-4.830466,-11.872983,0.000739,0.000081,0.000410,0.000081,-0.000905,0.000081,0.000081,0.000410,0.000739,0.000081,0.000739,0.000410,0.069123,0.729627,2.122632,2.304442,2.623484,3.076127,3.778448,4.124454,3.583538,3.356089,0.013302,0.009436,0.572902,0.002992,2.985921,3.223034,2.618330,1.831924,0.619294,1.071614
-1.723711,-4.536529,0.000081,-0.000576,-0.000248,0.000081,-0.000248,0.000081,-0.001234,0.000081,-0.000248,-0.000248,0.000739,0.000410,0.000739,0.605351,1.820162,2.135454,2.492685,2.935985,3.676322,4.076774,3.548100,3.359633,0.014268,0.000415,0.536498,0.002992,2.904413,3.187918,2.500739,1.662143,0.224642,0.851253
-1.013878,-3.269008,0.000081,0.000410,0.000081,0.000081,0.000410,-0.000905,-0.000905,-0.000576,0.000410,0.000739,0.000739,0.000410,0.000410,0.451814,1.289525,1.861588,2.173097,1.902478,3.417300,3.878964,3.326127,3.255573,0.013302,0.000093,0.983985,0.003959,2.388304,2.871230,2.156022,1.102220,0.005248,-0.000551
-0.722026,-2.501128,0.000410,0.000739,0.001725,0.000081,0.000081,0.001396,-0.000905,-0.000248,-0.000248,0.000739,0.001396,0.001067,0.001067,0.146714,0.998562,1.707065,1.838045,1.591267,3.250741,3.668912,3.111887,3.117686,0.011047,-0.001196,1.061949,0.004925,2.316461,2.612209,1.781666,0.727864,0.002670,-0.000551
-0.778934,-2.195950,-0.000248,0.000739,0.000739,0.000081,0.000081,-0.000576,-0.000905,0.000081,0.000410,-0.000248,-0.000248,-0.000576,0.001725,0.000410,0.935109,1.658078,1.775545,1.430506,3.238498,3.599968,3.040044,3.027802,0.011691,0.526189,1.121872,0.006214,2.238497,2.550675,1.559694,0.709823,0.002348,-0.000229
-0.529172,-2.050569,0.000081,0.000739,-0.001563,0.000081,0.000081,0.000081,0.000410,-0.000248,-0.000248,-0.000248,0.000081,0.000410,0.000081,0.000410,0.886451,1.613694,1.770391,1.325480,3.229156,3.560342,3.005895,2.965302,0.011691,0.635080,1.151511,0.005570,2.231409,2.529090,1.427607,0.681150,0.002026,0.000093
-0.410089,-0.790876,0.000410,0.001067,0.001067,0.000410,0.001067,0.000739,0.000410,0.000410,0.000081,-0.000905,-0.000576,-0.000248,0.001067,0.001067,0.779271,1.617310,1.762659,1.284887,3.218846,3.515239,3.013305,2.920199,0.011691,0.656988,1.178251,0.005570,2.230765,2.518459,1.452413,0.676962,0.003315,-0.000229
0.036664,0.888677,0.000410,-0.000248,0.000739,0.000739,0.000739,-0.000248,-0.000248,0.000081,-0.000905,-0.000905,-0.000576,-0.000576,0.000081,0.000410,0.769408,1.633091,1.758470,1.194359,3.222068,3.490754,3.034245,2.920199,0.011369,0.663431,1.217555,0.005570,2.195649,2.505572,1.555506,0.655055,0.002670,0.000093
-3.489812,1.837700,0.001067,-0.001234,-0.000905,0.000410,0.000739,0.001396,0.000739,-0.000248,0.000739,-0.000576,-0.001234,-0.000576,-0.000248,0.000739,0.733572,1.593639,1.713689,1.125094,3.236243,3.454027,3.056475,2.894103,0.011369,1.168264,1.364140,0.005892,2.136370,2.473678,1.556473,0.675673,0.002348,-0.000229
-7.467356,8.327080,0.000081,-0.000248,-0.000576,-0.000248,0.000081,-0.000248,0.001067,0.000410,0.001396,-0.000576,0.001396,0.000081,-0.000576,-0.000248,0.758559,1.597913,1.906022,1.595777,3.284890,3.649582,3.244942,3.010405,0.011047,1.953703,1.418586,0.006858,2.456603,2.673742,1.710146,0.655699,0.001704,-0.000229
-7.654647,10.470976,0.000410,-0.000576,0.000739,-0.000248,0.000081,0.001396,0.000081,0.000081,0.000410,0.000081,0.000081,-0.000576,-0.000905,0.597460,1.705092,2.024987,2.318716,1.893458,3.585471,4.008474,3.554865,3.300676,0.012980,2.830637,1.423419,0.006214,2.592557,3.019104,2.297775,1.029733,0.004281,0.000415
-7.987313,10.576740,0.000081,-0.000576,-0.000905,-0.001234,-0.000248,0.000739,0.001067,0.001067,0.000081,0.000739,0.000081,-0.000248,-0.000248,0.599433,2.086138,2.169317,2.341590,2.171164,3.651193,4.026194,3.579994,3.303576,0.013624,2.565817,1.204346,0.005248,2.535855,3.199516,2.444683,1.163753,0.005248,0.000093
-7.651498,9.209981,0.000410,-0.000576,-0.000248,-0.000248,0.000081,0.000410,0.001067,0.000739,0.000410,-0.000248,-0.000905,-0.000905,-0.000248,0.628036,2.107508,2.188057,2.355443,2.256538,3.677610,4.029415,3.602868,3.285535,0.014268,2.488497,1.134114,0.004603,2.515237,3.204671,2.529734,1.309694,0.004925,0.000093
-7.719582,10.302566,0.000410,0.000081,0.000081,0.001067,0.001067,0.000739,0.000410,-0.000576,-0.000248,-0.000248,0.000081,-0.000248,0.000739,0.631981,2.099618,2.226524,2.405056,2.249450,3.696940,4.026838,3.617687,3.271681,0.014590,2.382505,1.119295,0.003959,2.519425,3.193395,2.519425,1.383470,0.006858,0.000093
-9.347680,12.487033,0.000081,-0.000248,0.000081,-0.000248,0.000739,0.000410,0.001396,0.000410,-0.000248,-0.000576,-0.001892,-0.000576,-0.000905,0.663215,2.112769,2.188715,2.489786,2.271680,3.707249,4.022972,3.605767,3.252352,0.013624,2.321293,1.020712,0.004281,2.519425,3.186952,2.510404,1.467233,0.006536,0.182761
-7.803873,13.386342,0.000410,0.000081,0.000410,0.000739,0.001067,0.000739,0.000739,-0.000248,0.000081,-0.001563,0.001067,-0.000905,0.000081,0.677681,2.183783,2.186742,2.562273,2.313239,3.731090,4.024261,3.628641,3.260406,0.013302,2.411177,1.016846,0.004603,2.516203,3.197261,2.531667,1.601576,0.006858,0.322258
-8.924052,13.259303,0.000081,0.000739,-0.000248,-0.000248,0.000081,0.000739,-0.000248,-0.000576,-0.001234,-0.000248,0.000081,0.001067,0.139481,0.694119,2.226524,2.187729,2.542299,2.346422,3.740755,4.025549,3.662791,3.260406,0.012980,2.409889,0.993650,0.004603,2.493330,3.205638,2.559051,1.691782,0.006858,0.362851
-8.254669,13.372055,-0.000248,0.000739,0.000410,0.000410,0.000410,-0.000905,-0.000248,-0.001234,-0.000905,0.000410,0.001067,0.000739,0.185509,0.714174,2.267291,2.187729,2.594490,2.350288,3.749453,4.030060,3.687597,3.245264,0.013624,2.440172,1.016202,0.004281,2.488819,3.225934,2.543910,1.727220,0.007825,0.460467
-9.579686,14.753574,0.000410,-0.000248,0.001396,0.000081,0.000739,-0.000576,-0.000576,-0.000248,0.000739,0.000081,0.000410,0.001067,0.304196,0.744750,2.307073,2.209756,2.626706,2.338368,3.757829,4.033603,3.688242,3.236243,0.012013,2.523935,1.015557,0.005248,2.460791,3.224645,2.587080,1.777800,0.178572,0.500415
-8.269922,14.764195,0.000081,-0.000248,-0.000248,0.001396,0.001396,0.000410,-0.000905,-0.000576,-0.001234,-0.000248,0.000081,-0.000905,0.331155,0.784860,2.384005,2.258414,2.662466,2.459824,3.765239,4.029737,3.702417,3.237532,0.012657,2.549064,1.038109,0.004281,2.408278,3.227545,2.612531,1.766202,0.350286,0.622194
-9.203148,13.346414,-0.000248,0.001396,0.000739,0.000410,-0.002220,-0.000248,0.000081,-0.000248,-0.000248,0.000081,0.000739,0.000410,0.357128,0.832204,2.404718,2.325155,2.657956,2.473355,3.775871,4.026516,3.716914,3.237210,0.012335,2.576126,1.025544,0.003959,2.425031,3.232699,2.652801,1.784888,0.469487,0.732052
-8.277463,15.567889,0.000081,0.000410,0.000410,0.000081,0.000410,0.000081,-0.000248,0.000081,0.000410,-0.000576,-0.000576,-0.001234,0.351539,0.877574,2.420499,2.365923,2.684696,2.480765,3.786502,4.020395,3.701450,3.220779,0.012657,2.666332,1.088367,0.004925,2.388626,3.223357,2.648291,1.772001,0.532310,0.865428
-9.296047,14.583999,0.000081,0.000739,-0.000248,0.000081,-0.000248,-0.000248,-0.000905,-0.000576,-0.000576,0.000739,0.001396,0.000739,0.326223,0.915383,2.421156,2.358361,2.679219,2.506861,3.788435,4.015562,3.710793,3.228833,0.013302,2.674064,1.035854,0.004603,2.415688,3.216269,2.718523,1.806151,0.620905,0.917619
-8.609687,14.887437,0.000410,0.000739,0.000081,-0.000248,-0.001234,-0.000905,-0.000576,0.000410,0.000410,0.000739,-0.000248,0.001396,0.337073,0.910451,2.422800,2.383676,2.705959,2.524902,3.814208,4.014918,3.722069,3.251385,0.013624,2.743652,1.151511,0.004603,2.414721,3.228833,2.772003,1.898290,0.752026,1.016524
-7.929637,15.633504,0.000081,0.000410,0.000410,-0.000576,-0.000248,-0.000248,0.000739,0.000739,0.000739,0.000410,0.000739,-0.000248,0.395265,0.946287,2.417211,2.362635,2.698227,2.527157,3.814208,4.011374,3.718847,3.254285,0.013946,2.763304,1.107052,0.004281,2.497196,3.217880,2.780379,1.970133,0.814204,1.084501
-9.482760,14.003588,0.000081,-0.000248,-0.000576,-0.000248,-0.000905,0.000081,0.000410,0.001067,0.001396,0.000739,0.000081,-0.000576,0.447540,0.982452,2.408663,2.395841,2.700804,2.530056,3.813886,4.022972,3.715948,3.274903,0.013302,2.814851,1.176962,0.004603,2.478832,3.206926,2.782634,2.030056,0.832890,1.100287
-8.303854,14.457171,0.000081,0.002054,-0.000905,0.001067,0.001067,0.000410,0.000739,0.000081,0.000410,0.000410,0.000081,-0.000576,0.519213,1.011384,2.412608,2.389265,2.695650,2.512982,3.825162,4.020717,3.722069,3.309053,0.014268,2.849967,1.246872,0.005248,2.512660,3.212725,2.852222,2.204992,0.889913,1.265558
-8.755796,13.847177,0.000410,-0.000248,0.000410,0.000410,0.000739,0.001067,0.000410,0.000081,0.000410,0.000410,0.001396,0.000081,0.562282,1.045248,2.424115,2.395512,2.695005,2.506861,3.826451,4.043268,3.722069,3.357700,0.014590,2.788111,1.194681,0.004925,2.534889,3.230122,2.872841,2.251383,0.943715,1.520390
-9.068967,12.958130,0.000081,-0.000248,-0.000248,0.000081,0.000410,0.001067,0.000410,0.000410,0.000410,-0.000576,0.000081,-0.000576,0.636584,1.147496,2.444499,2.435951,2.714335,2.593523,3.823873,4.043591,3.730768,3.370586,0.013302,2.863176,1.190493,0.005570,2.626384,3.263950,2.869297,2.302608,1.004282,1.569359
-9.983359,12.109191,-0.000576,0.000739,0.001067,0.001396,-0.000248,0.000739,0.001067,-0.001234,-0.000576,0.000081,0.000739,0.002711,0.705626,1.149468,2.437595,2.429704,2.685018,2.643137,3.824196,4.043591,3.733989,3.411179,0.014590,2.776513,1.174063,0.005570,2.734309,3.272648,2.874774,2.336113,1.000093,1.531022
-11.265408,12.418345,0.000081,-0.000576,-0.000248,-0.001234,-0.000576,-0.000905,0.000410,0.000410,0.001396,-0.001234,0.000081,0.001067,0.897300,1.281306,2.445485,2.420499,2.656023,2.766848,3.857379,4.070330,3.749453,3.467880,0.013946,2.735598,1.139913,0.004603,2.855121,3.306475,2.868975,2.400224,1.168586,1.659888
-11.932957,8.676944,0.000410,0.000410,0.000410,-0.000576,-0.000248,0.000410,0.000410,0.001725,0.000081,0.000081,-0.000576,0.000081,1.052809,1.422020,2.462910,2.433321,2.823871,2.918266,3.899260,4.080317,3.761695,3.486244,0.014268,2.724967,1.028122,0.004281,2.945972,3.363177,2.844168,2.456603,1.261047,1.790687
-8.172588,13.238068,0.000739,-0.000905,0.000410,0.004026,0.001067,0.000739,0.000410,0.000081,-0.000248,-0.000248,-0.000576,0.000410,1.142893,1.540378,2.490198,2.472445,2.883150,3.010083,3.937598,4.095781,3.816464,3.499453,0.014913,2.586113,0.966910,0.004281,2.935018,3.422133,2.927931,2.496873,1.377349,2.020391
-2.669591,4.406590,0.000410,0.002054,0.001067,0.162823,0.000739,0.000081,0.000410,0.000081,-0.000248,0.000739,0.000081,0.168413,1.193853,1.563392,2.457321,2.428060,2.860598,3.028769,3.922134,4.066142,3.818074,3.554865,0.016201,2.394747,0.966266,0.003637,2.948872,3.394749,2.874129,2.491074,1.382181,2.214657
-0.711843,2.233410,0.000081,0.000739,-0.000576,0.058931,-0.000905,0.000081,0.000081,-0.000248,0.000081,0.000739,0.001396,0.011588,1.092262,1.231332,2.233099,2.215345,2.650546,2.639271,3.768139,3.954673,3.708860,3.493976,0.014913,2.193716,1.069037,0.005248,2.772003,3.145070,2.620585,2.442105,1.151189,2.109953
0.233648,0.778666,0.000081,-0.000248,0.000081,-0.001234,-0.000248,-0.001563,0.000739,0.002054,0.001725,0.000410,-0.000248,-0.000905,0.605680,0.736531,1.508158,1.929314,2.343845,1.865107,3.510728,3.745587,3.404414,3.233988,0.013302,1.367362,1.174385,0.005570,2.202414,2.716590,2.156345,1.959502,0.510080,1.660210
0.611035,0.067785,0.000739,-0.000576,0.000410,0.000739,0.000410,0.000739,-0.000905,0.000739,0.000410,0.000410,0.000410,-0.001234,0.472527,0.697078,1.350019,1.804053,2.163110,1.702736,3.410213,3.588370,3.242364,3.051965,0.012980,1.179862,1.212400,0.005248,2.054540,2.521358,1.804862,1.650867,0.278444,1.419875
0.639474,-0.114411,0.000081,-0.000248,0.001396,0.001396,0.000739,0.000410,-0.001563,-0.000576,-0.000576,-0.001234,0.000081,-0.000576,0.366991,0.691489,1.253031,1.710681,2.091589,1.673097,3.384762,3.521682,3.126385,2.927931,0.012335,1.030055,1.230442,0.006214,1.921808,2.320971,1.605120,1.431150,0.054539,1.321614
0.582048,-0.095789,0.000081,-0.000905,0.000081,0.000081,0.000410,-0.000905,-0.000248,-0.000248,0.000081,0.000410,0.001396,-0.001234,0.301565,0.679653,1.224100,1.682736,2.089334,1.693393,3.380251,3.510728,3.111887,2.927609,0.012980,1.022967,1.242684,0.004925,1.914076,2.307762,1.574836,1.429862,0.006214,1.334823
0.318810,-0.181142,0.000081,0.000410,-0.000576,0.000081,-0.000248,-0.000905,0.000739,0.000081,0.001067,0.000739,0.001067,-0.000248,0.224961,0.705955,1.228045,1.683393,2.136692,1.699192,3.389272,3.502674,3.142171,2.946616,0.012013,1.017168,1.267168,0.004925,1.925352,2.279090,1.571292,1.429862,0.005892,1.291975
0.459834,-0.460327,0.000410,-0.001892,0.000081,0.000081,0.001067,0.000739,0.001067,0.001067,-0.000248,0.000410,-0.000905,-0.000576,0.226605,0.702996,1.230346,1.668927,2.156022,1.643780,3.397648,3.509762,3.183408,2.969812,0.012980,1.019423,1.266202,0.004925,1.915365,2.244940,1.550996,1.466266,0.006536,1.278766
-0.203173,1.183589,-0.000248,-0.000248,0.001725,0.000739,0.000410,-0.001892,0.000410,-0.000248,0.001067,-0.001563,0.000081,0.000081,0.267702,0.687215,1.220812,1.672873,2.171486,1.688561,3.428576,3.559053,3.293267,3.063563,0.013302,1.117684,1.288109,0.004925,1.888947,2.307118,1.696615,1.542620,0.009758,1.426318
-1.310579,1.859449,0.000081,0.000081,0.000410,0.000410,0.000081,0.000410,-0.000905,0.002054,-0.000905,0.001067,0.001067,0.000739,0.245017,0.687215,1.190894,1.636708,2.218523,1.669553,3.449839,3.559375,3.344491,3.119297,0.013624,1.220132,1.190493,0.005570,1.847388,2.311950,1.725932,1.588367,0.186627,1.399256
3.097162,7.751447,0.000081,0.000410,-0.000905,-0.000905,-0.000248,0.002054,0.002054,-0.001234,0.000410,0.000410,0.000410,-0.000248,0.208523,0.637570,1.070234,1.595611,2.279090,1.658599,3.480123,3.598680,3.370264,3.115431,0.012657,1.392168,1.242040,0.006214,1.800674,2.346100,1.699514,1.584179,0.301317,1.358019
4.991447,19.419417,0.000081,-0.000576,0.000081,-0.000248,0.000410,0.002054,-0.000248,0.000410,-0.000576,0.000081,-0.001892,-0.001234,0.029671,0.460362,0.875930,1.479884,2.239463,1.553573,3.478834,3.495587,3.304542,3.064529,0.012013,2.297775,1.554218,0.007825,1.643135,2.262337,1.620906,1.509759,0.158920,0.834501
6.123036,21.045065,0.000081,0.001067,-0.000248,-0.000576,0.000081,-0.001234,0.000410,-0.000905,0.000410,0.000410,0.000739,0.000739,0.000410,0.179591,0.764805,1.430568,2.145069,1.513947,3.494298,3.264272,3.112532,2.939207,0.012013,2.718523,1.894746,0.008791,1.294875,2.171486,1.258148,1.170841,0.004281,0.619939
6.407718,22.423758,0.000410,-0.000576,-0.001892,-0.000248,-0.000905,0.004026,-0.002220,0.001725,0.000081,0.001067,0.000410,0.000739,0.000410,0.304853,0.789463,1.495336,2.064205,1.410854,3.463370,3.095779,2.738820,2.690817,0.011369,2.608020,1.964334,0.008469,1.309372,2.020391,1.163753,0.969488,0.003637,0.627348
5.682087,22.359690,0.000081,0.001725,-0.001892,-0.000576,-0.000248,0.001067,0.001067,0.000410,0.000739,0.000081,-0.000576,-0.001563,0.017177,0.510993,0.887437,1.501912,2.084502,1.486885,3.483344,3.074194,2.747518,2.723678,0.012335,2.964980,1.992685,0.008791,1.269746,2.053574,1.184694,1.165686,0.004281,1.183405
5.950796,23.163790,-0.000248,0.000739,0.001067,0.001067,0.001396,-0.000576,0.001067,-0.000576,-0.000248,-0.000576,-0.000576,0.001725,0.195701,0.615214,0.960425,1.560433,2.142169,1.739140,3.486566,3.092557,2.798742,2.714013,0.011047,3.133150,2.098677,0.010402,1.354797,2.089656,1.260081,1.321292,0.443070,1.309050
6.251907,22.509004,-0.000248,0.000739,0.000739,0.000739,0.364361,0.002711,0.001067,-0.000248,0.001725,0.001396,0.000081,0.000081,0.220359,0.661571,1.304320,1.616653,2.167298,1.767813,3.502674,3.038756,2.784567,2.684696,0.010724,3.262983,2.160533,0.009436,1.299063,2.079669,1.312272,1.459823,0.608341,1.422130
6.221353,23.196238,0.000410,0.002382,0.002382,0.186495,0.720750,0.003698,0.003369,0.003698,0.002711,0.276579,0.002054,-0.000576,0.594173,0.756257,1.492048,1.633749,2.161177,1.802929,3.503963,2.955959,2.795843,2.710147,0.011369,3.265560,2.236242,0.009758,1.326769,2.076770,1.381537,1.758793,0.923096,1.518457
5.760085,23.125167,0.000410,0.121398,0.258825,0.346607,0.979493,0.005341,0.010273,0.004026,0.005670,0.477130,0.273948,0.371594,0.751654,0.837464,1.533474,1.620269,2.141847,1.781666,3.498164,3.039722,2.801964,2.713046,0.012013,3.333537,2.240430,0.009436,1.398290,2.109308,1.364140,1.892813,1.120583,1.525223
6.195904,23.362884,0.000081,0.391320,0.513952,0.445239,1.242182,0.006328,0.008300,0.008300,0.006657,0.545186,0.458390,0.499815,0.951876,0.955164,1.744874,1.701476,2.058406,1.926641,3.506218,3.015560,2.802286,2.662789,0.011047,3.406025,2.294231,0.010080,1.450480,2.072904,1.398612,1.963690,1.342233,1.599643
5.926774,23.631549,-0.000248,0.536966,0.813464,0.856204,1.397033,0.008629,0.008300,0.012246,0.010273,0.617515,0.643488,0.630995,1.065303,1.061358,1.872766,1.791559,2.112852,2.309695,3.516205,3.112210,2.803253,2.691784,0.011691,3.590625,2.328703,0.378959,1.529089,2.069682,1.518135,2.018780,1.442104,1.964334
5.893415,21.798353,0.000081,0.918342,1.257963,1.093248,1.664653,0.100357,0.234167,0.014547,0.015205,0.770066,0.745079,0.759216,1.285251,1.216209,2.045371,1.817203,2.280056,2.531023,3.530058,3.243009,2.855766,2.684696,0.012013,3.655059,2.296164,0.542619,1.553895,2.136048,1.648612,2.185662,1.633470,2.227221
6.075523,20.598017,-0.056797,1.277689,1.578844,1.362184,1.792546,0.362388,0.511322,0.019479,0.079644,0.973247,0.985082,0.888424,1.618954,1.556488,2.181153,1.969425,2.357698,2.761371,3.550999,3.381218,3.006861,2.680508,0.012335,3.719170,2.352543,0.613817,1.629604,2.187595,1.819037,2.286499,1.837401,2.441139
5.063522,20.714874,-0.170881,1.529528,1.839231,1.667612,1.921753,0.488637,0.783545,0.022766,0.362717,1.156044,1.407883,1.029795,1.716271,1.696873,2.312333,1.924054,2.376061,2.929219,3.590303,3.456605,3.084503,2.677286,0.012013,3.748809,2.396680,0.854797,1.780378,2.254927,2.093522,2.460791,2.028445,2.580636
5.719321,20.458638,0.033616,1.622899,1.952657,1.841204,2.039453,0.516582,1.039659,0.027698,0.542227,1.518021,1.641968,1.321087,1.803395,1.868821,2.411622,1.860272,2.442105,3.118009,3.602223,3.539401,3.174065,2.816139,0.520067,3.793912,2.448549,1.083212,1.828380,2.358664,2.185984,2.576126,2.135082,2.832892
5.603468,20.122475,0.162166,1.829697,2.106193,2.054248,2.100604,0.750339,1.210291,0.468582,0.700037,1.681421,1.808655,1.468377,1.998028,2.013809,2.522418,1.981918,2.468523,3.273937,3.619298,3.632507,3.302287,2.975933,0.863818,3.799389,2.489464,1.315493,1.914076,2.401190,2.358020,2.710791,2.336757,3.069362
5.810818,19.706599,0.205235,2.016439,2.286031,2.298196,2.209428,0.979493,1.536104,0.674722,0.875273,1.945424,1.967781,1.749805,2.310032,2.091070,2.565816,2.115070,2.532956,3.357378,3.667623,3.721425,3.359955,3.040367,1.623483,3.810020,2.536822,1.456602,2.004927,2.439206,2.428252,2.752028,2.490752,3.201772
6.018930,19.282016,0.051041,2.124605,2.409978,2.463239,2.321539,1.219168,1.704106,0.851272,1.080097,1.992767,2.106522,1.860601,2.444499,2.186414,2.586528,2.197592,2.594490,3.400870,3.692752,3.791335,3.389272,3.075805,1.821615,3.807121,2.557763,1.597710,2.135082,2.454025,2.471100,2.774580,2.540044,3.304865
5.737799,19.062088,-0.022933,2.181811,2.664118,2.546747,2.432992,1.432870,1.989480,0.953849,1.417088,2.001973,2.478362,2.115399,2.616775,2.271565,2.621049,2.262689,2.654734,3.438563,3.692752,3.858667,3.422777,3.134439,2.145713,3.828706,2.665366,1.759759,2.204992,2.496873,2.564206,2.766204,2.641526,3.389594
5.706873,19.109404,-0.025892,2.295894,2.824558,2.726913,2.537212,1.643283,2.239346,1.058070,1.597255,2.218304,2.665104,2.220606,2.641433,2.398142,2.668063,2.321539,2.739142,3.506540,3.711438,3.912791,3.439208,3.158601,2.431796,3.827095,2.722389,1.858664,2.418909,2.575804,2.651835,2.833214,2.762982,3.504929
6.258342,19.681820,0.007972,2.352772,2.883737,2.850202,2.679242,1.839231,2.459294,1.207332,1.741257,2.431348,2.792339,2.496116,2.696995,2.458636,2.719352,2.347183,2.812273,3.556154,3.731412,3.958861,3.445007,3.168266,2.584502,3.880575,2.743008,1.946293,2.488819,2.683407,2.721745,2.926642,2.828704,3.541334
4.893102,20.527913,-0.021289,2.403074,2.945546,3.013602,2.762421,2.031234,2.618090,1.409856,1.840217,2.508281,2.834093,2.548062,2.714749,2.470801,2.723297,2.399786,2.840302,3.622520,3.737211,3.986567,3.477223,3.216591,2.873163,3.894428,2.811307,2.002994,2.514270,2.728510,2.767492,2.990431,2.908923,3.628963
5.194878,20.701860,0.078986,2.455677,2.981711,3.077383,2.775571,2.134468,2.759133,1.554515,1.883286,2.551350,2.920231,2.672009,2.751571,2.517815,2.760448,2.444499,2.853511,3.659247,3.752031,4.002353,3.558087,3.255573,2.968846,3.869943,2.864142,2.023290,2.522647,2.797132,2.828704,3.067429,2.995908,3.679221
5.517472,20.494592,0.095425,2.553651,3.085603,3.154316,2.874860,2.436280,2.936012,1.823450,2.042741,2.636830,3.007026,2.907409,2.875847,2.643405,2.825545,2.477705,2.956281,3.725613,3.783281,4.037792,3.624131,3.386050,3.256540,3.833861,2.955637,2.132504,2.588368,2.897325,2.897647,3.175998,3.061307,3.754608
6.004065,20.445158,0.101343,2.729544,3.203631,3.252618,2.925491,2.648666,3.142151,2.114084,2.213373,2.706530,3.077054,3.028725,2.984341,2.729544,2.859737,2.561541,2.993330,3.775871,3.818074,4.092882,3.693719,3.433731,3.393460,3.820974,2.964013,2.233020,2.636371,2.992042,2.993008,3.252352,3.126707,3.831605
6.067925,19.811104,0.177947,2.864668,3.301605,3.294372,3.069164,2.743023,3.223358,2.471458,2.326470,2.780174,3.129000,3.089548,3.066205,2.820613,2.890313,2.591788,2.993008,3.821618,3.823551,4.116400,3.726902,3.476257,3.461115,3.771683,3.004284,2.316139,2.661822,3.040367,3.047454,3.332249,3.195973,3.858345
6.862086,19.519361,0.091809,3.039575,3.360126,3.352564,3.130644,2.901491,3.310811,2.621378,2.563514,2.828832,3.209878,3.224673,3.181275,2.941930,2.996834,2.628611,3.029091,3.859312,3.864789,4.147650,3.760407,3.541012,3.650226,3.797456,3.007184,2.439206,2.761049,3.109954,3.147326,3.464014,3.255251,3.937598
7.546250,18.142705,-0.049235,3.177987,3.427195,3.466319,3.233878,3.027739,3.489004,2.999465,2.848887,2.920888,3.347304,3.323304,3.280235,3.073767,3.129987,2.816339,3.057441,3.906026,3.901838,4.196941,3.830317,3.632829,3.787791,3.835471,3.008794,2.636693,2.955637,3.195650,3.229156,3.584182,3.338692,4.014273
9.536650,18.728567,0.037232,3.399907,3.531416,3.554101,3.295687,3.224015,3.684952,3.178973,2.980396,2.932066,3.457114,3.421278,3.445935,3.211851,3.211522,2.964615,3.200161,3.966271,3.960794,4.239145,3.884763,3.724324,3.924067,3.929222,3.093524,2.871552,3.059374,3.334182,3.285212,3.680510,3.465947,4.078062
9.930270,15.360067,0.143426,3.562978,3.631362,3.702377,3.422593,3.293715,3.828625,3.265111,3.118480,2.911683,3.540293,3.499525,3.648787,3.302591,3.282865,3.094479,3.356089,4.031348,4.007186,4.267174,3.954673,3.782958,3.981413,3.880897,3.315496,3.055186,3.203705,3.524582,3.332249,3.813564,3.507829,4.155382
6.745525,9.677787,0.231208,3.674431,3.693500,3.810542,3.598485,3.387743,3.906215,3.342044,3.129987,2.877490,3.603088,3.567909,3.699747,3.355195,3.428839,3.238152,3.479800,4.044557,4.033926,4.282315,3.997843,3.812276,4.017817,3.785858,3.336759,3.219491,3.327094,3.596424,3.404414,3.900871,3.575806,4.197264
3.254806,3.237298,0.210824,3.774049,3.847693,3.907858,3.813830,3.608348,4.053833,3.519580,3.275961,3.195741,3.695472,3.678376,3.841775,3.521224,3.588293,3.333825,3.546811,4.096104,4.101580,4.331929,4.100614,3.936954,4.063565,3.809376,3.392494,3.341914,3.480123,3.740755,3.540690,3.991078,3.669878,4.246555
2.253870,0.062464,0.190112,3.772076,3.873995,3.950927,3.832899,3.624458,4.061723,3.540293,3.343359,3.439360,3.673774,3.611307,3.843748,3.514649,3.596841,3.293057,3.540690,4.139274,4.094493,4.349326,4.100292,3.953706,4.089660,3.947585,3.433409,3.340625,3.488821,3.742366,3.600935,3.984956,3.669556,4.209506
1.634019,-0.608816,0.233838,3.823364,3.912132,3.985448,3.884187,3.683637,4.075860,3.596841,3.338756,3.522210,3.700733,3.628732,3.906543,3.581389,3.665554,3.308509,3.529736,4.198552,4.078062,4.363179,4.082573,3.984956,4.083217,3.991078,3.461759,3.348679,3.474324,3.742688,3.610922,3.987856,3.667301,4.151194
1.868609,-1.136352,0.269346,3.860515,3.944023,4.014709,3.925283,3.727034,4.094271,3.654376,3.361113,3.559361,3.725391,3.656678,3.946982,3.647801,3.705007,3.384784,3.513306,4.215305,4.065176,4.369622,4.067431,3.995266,4.053256,3.962083,3.450806,3.346746,3.454994,3.720136,3.606412,3.982057,3.639917,4.143784
1.716558,-1.029891,0.273620,3.891749,3.992353,4.046600,3.956516,3.783254,4.121559,3.732624,3.410099,3.580403,3.773391,3.710267,3.980517,3.719802,3.767145,3.424894,3.504607,4.213050,4.065176,4.370911,4.066786,4.003320,4.041658,3.938564,3.440818,3.348357,3.454994,3.718525,3.606734,3.982379,3.632829,4.138307
1.253709,-0.676414,0.286113,3.902598,4.001887,4.064025,3.964736,3.798707,4.132738,3.750048,3.428839,3.598485,3.782597,3.721445,3.993996,3.739528,3.778980,3.442319,3.498486,4.212083,4.060343,4.366723,4.062598,4.001065,4.022005,3.923101,3.430509,3.338048,3.443718,3.710793,3.604801,3.980768,3.616399,4.122521
0.878829,0.560379,0.285784,3.908845,4.011421,4.071257,3.972955,3.803967,4.134381,3.759912,3.448894,3.603745,3.790816,3.728678,4.010106,3.741829,3.783912,3.457771,3.486244,4.213694,4.058088,4.364146,4.053900,3.996554,4.002998,3.908281,3.426965,3.329993,3.416978,3.697907,3.598357,3.974325,3.591270,4.087727
2.959956,-1.094592,0.287428,3.917393,4.011421,4.076847,3.974270,3.811200,4.137012,3.765172,3.455141,3.604732,3.794433,3.739528,4.011421,3.752350,3.787200,3.464675,3.475290,4.209506,4.054866,4.362213,4.048745,3.983668,3.974969,3.882185,3.418911,3.315174,3.395393,3.687920,3.593847,3.972070,3.585793,4.064531
3.933648,-4.162587,0.290058,3.940407,4.014380,4.089997,3.982161,3.837830,4.138984,3.766158,3.474210,3.613609,3.803638,3.758268,4.027860,3.752350,3.794761,3.480128,3.472069,4.204996,4.046812,4.354158,4.043591,3.982701,3.966915,3.874776,3.433409,3.286823,3.406669,3.701128,3.631863,3.983346,3.638628,4.078062
10.162333,-11.265267,0.306826,3.958818,4.027202,4.090326,3.986435,3.853282,4.138984,3.792131,3.477826,3.648129,3.822378,3.821720,4.040682,3.767802,3.803309,3.459415,3.513306,4.226581,4.081928,4.372844,4.069686,4.012340,4.028127,4.026838,3.493331,3.401514,3.540045,3.796489,3.769427,4.034570,3.776193,4.206606
11.370151,-11.971433,0.316360,3.960462,4.026545,4.092299,3.982489,3.852954,4.144902,3.787528,3.476511,3.675746,3.843091,3.874981,4.045285,3.778980,3.802652,3.432456,3.573229,4.237212,4.143140,4.389274,4.083539,4.048745,4.101258,4.093204,3.513950,3.477868,3.690175,3.846747,3.870265,4.099647,3.883796,4.352548
11.027391,-11.323948,0.364690,3.959147,4.007805,4.079477,3.936790,3.808898,4.127149,3.765501,3.429168,3.667198,3.842762,3.876954,4.028517,3.768131,3.792131,3.363743,3.581283,4.248810,4.144751,4.403772,4.126065,4.075485,4.212083,4.093526,3.480445,3.472713,3.693074,3.830317,3.860278,4.101903,3.875098,4.364468
11.045490,-10.702953,0.329840,3.930872,3.993668,4.056134,3.912790,3.771090,4.109724,3.733610,3.436730,3.646486,3.819748,3.860844,4.003531,3.751035,3.780295,3.369989,3.582249,4.237857,4.153449,4.397651,4.132830,4.067753,4.241078,4.105446,3.476901,3.422777,3.675355,3.811309,3.850291,4.084828,3.865433,4.365434
10.938930,-10.314864,0.332141,3.900297,3.983804,4.026216,3.885173,3.727034,4.092299,3.693829,3.402866,3.617225,3.800350,3.837173,3.975585,3.703692,3.772076,3.321989,3.551643,4.223037,4.144106,4.382831,4.110923,4.062276,4.245911,4.106091,3.481411,3.390238,3.635729,3.786502,3.825806,4.062598,3.870265,4.347393
10.912032,-10.079607,0.343977,3.880570,3.971969,4.006490,3.869392,3.718158,4.075532,3.668185,3.353551,3.560019,3.782926,3.800022,3.952242,3.665883,3.754322,3.287797,3.545522,4.204996,4.136052,4.367367,4.101258,4.041335,4.241400,4.138952,3.465947,3.323228,3.604156,3.764595,3.793268,4.052289,3.856412,4.323875
10.739847,-9.627917,0.283483,3.840132,3.926927,3.977887,3.848351,3.707966,4.051860,3.602430,3.354866,3.534704,3.753007,3.763857,3.915749,3.618211,3.740843,3.268070,3.542301,4.193075,4.141529,4.362857,4.093204,4.022005,4.238179,4.156026,3.475935,3.256540,3.573229,3.766850,3.769750,4.043268,3.825162,4.305834
10.733985,-10.098556,0.294332,3.813172,3.905886,3.948955,3.820405,3.677061,4.044627,3.563635,3.308838,3.500840,3.738213,3.736240,3.892735,3.600458,3.725062,3.240125,3.507185,4.188565,4.139274,4.358669,4.091271,4.003320,4.236890,4.169557,3.468847,3.266849,3.554543,3.754930,3.756863,4.036181,3.824518,4.293913
10.491096,-10.424614,0.256195,3.785227,3.866105,3.927913,3.812844,3.652075,4.016353,3.519909,3.312126,3.486045,3.710596,3.702377,3.861173,3.569882,3.712569,3.220727,3.503641,4.166014,4.133797,4.346104,4.078384,3.990433,4.221426,4.182122,3.454994,3.242364,3.521682,3.766528,3.707572,4.028127,3.820974,4.274261
10.488531,-10.984722,0.242715,3.762213,3.808241,3.893064,3.801665,3.613280,3.998599,3.490319,3.279249,3.452511,3.671143,3.665883,3.820077,3.509059,3.670486,3.226974,3.473679,4.156993,4.125743,4.338050,4.059699,3.964016,4.203063,4.194686,3.478512,3.244297,3.498164,3.759440,3.672456,4.014596,3.813242,4.262341
10.310843,-11.183106,0.254551,3.725062,3.757939,3.860515,3.782597,3.603745,3.969339,3.423908,3.238810,3.419634,3.647143,3.643527,3.797391,3.460730,3.648787,3.203960,3.496875,4.155382,4.118333,4.342883,4.059699,3.957572,4.189209,4.201774,3.468847,3.260406,3.485599,3.774582,3.668912,4.012018,3.809376,4.246877
10.762276,-11.061114,0.230879,3.706651,3.722760,3.841775,3.740514,3.564950,3.939092,3.378209,3.213823,3.367030,3.624129,3.614266,3.753994,3.425880,3.606704,3.173056,3.476901,4.152483,4.105446,4.325808,4.037792,3.936954,4.171168,4.213050,3.446295,3.222712,3.452739,3.755252,3.647971,4.003642,3.781025,4.232058
10.488312,-11.299013,0.192084,3.691527,3.699747,3.805282,3.690541,3.520895,3.904242,3.356510,3.225659,3.321989,3.602430,3.579088,3.726048,3.401880,3.573499,3.165823,3.455638,4.140240,4.095781,4.319042,4.035536,3.925678,4.141851,4.203063,3.417623,3.225934,3.414401,3.745587,3.625742,3.983668,3.772327,4.223037
10.834921,-11.293358,0.164796,3.669171,3.654705,3.762871,3.665883,3.467963,3.888132,3.330537,3.218755,3.289440,3.577773,3.539306,3.683308,3.379195,3.550813,3.126370,3.436308,4.128320,4.083539,4.308733,4.024905,3.904093,4.128964,4.205318,3.423422,3.272326,3.381862,3.703061,3.595458,3.956606,3.736567,4.209828
10.929221,-11.798534,0.164467,3.650102,3.624787,3.742487,3.642540,3.431470,3.871694,3.351578,3.191796,3.259851,3.555416,3.514977,3.658321,3.360126,3.545224,3.130644,3.399259,4.115756,4.073230,4.299390,4.022650,3.888951,4.109312,4.213694,3.413757,3.259439,3.362210,3.664724,3.572262,3.935987,3.719170,4.175034
12.103134,-11.291908,0.178933,3.643527,3.605718,3.733610,3.648458,3.406483,3.854598,3.339414,3.163850,3.239139,3.515635,3.490319,3.644842,3.347633,3.540293,3.162206,3.407635,4.108668,4.065498,4.290047,4.027160,3.873487,4.095137,4.208539,3.422777,3.225290,3.345135,3.678255,3.558409,3.918268,3.721747,4.141207
12.112485,-11.309996,0.173673,3.621170,3.580403,3.694157,3.619198,3.365715,3.798707,3.278920,3.124726,3.216125,3.495909,3.454155,3.597170,3.311797,3.507087,3.084616,3.369620,4.097714,4.052933,4.266851,4.015240,3.848358,4.077096,4.157959,3.333537,3.205960,3.316140,3.660213,3.530381,3.900227,3.688886,4.136052
12.765417,-11.051517,0.100685,3.540293,3.566266,3.622485,3.569553,3.286482,3.759912,3.206590,3.115849,3.162206,3.447908,3.384784,3.527471,3.283523,3.450538,2.997821,3.326772,4.081606,4.032637,4.248488,4.007508,3.828062,4.047134,4.147328,3.298743,3.147326,3.273614,3.615754,3.466270,3.860278,3.630574,4.077418
13.294068,-12.346890,0.034273,3.454483,3.520566,3.605389,3.496237,3.219412,3.698760,3.132946,3.085931,3.120781,3.400236,3.357167,3.415688,3.245714,3.389716,2.975135,3.295522,4.076451,4.022328,4.235279,3.999132,3.823873,4.031026,4.127354,3.315496,3.115753,3.238498,3.602223,3.433086,3.842559,3.612211,4.062276
14.615462,-14.013649,0.046767,3.410757,3.503142,3.585005,3.465662,3.197713,3.695801,3.126041,3.033657,3.091849,3.349606,3.319030,3.347633,3.207577,3.325605,2.974149,3.294233,4.071619,4.020072,4.222715,4.000742,3.814531,4.019750,4.142818,3.303576,3.098679,3.220457,3.598680,3.424066,3.835794,3.608022,4.054866
13.806275,-11.132405,0.005013,3.364071,3.461716,3.581060,3.410757,3.157932,3.671472,3.132617,2.994533,3.056013,3.278591,3.264454,3.305550,3.165823,3.287797,2.941930,3.321617,4.070330,4.021361,4.187921,3.998487,3.800678,3.998487,4.156026,3.296810,3.062918,3.195973,3.580316,3.403769,3.813886,3.586759,4.032637
10.715232,-7.951904,-0.008796,3.312454,3.393661,3.546868,3.352564,3.056342,3.619855,3.087575,2.935025,2.944560,3.230262,3.230919,3.223029,3.123740,3.242426,2.875518,3.280702,4.043913,3.999776,4.110279,3.976902,3.733345,3.963049,4.107379,3.350612,2.969812,3.110921,3.548744,3.368331,3.771683,3.521038,3.990755
3.875627,-4.072543,-0.088030,3.153329,3.335797,3.498210,3.203631,2.880778,3.389716,2.873874,2.836065,2.834750,3.082315,3.037931,3.035958,2.987958,3.130644,2.795626,3.230122,3.986245,3.988178,4.069042,3.944686,3.647649,3.890562,4.050356,3.348679,2.778768,3.056475,3.469491,3.264916,3.663435,3.457571,3.920523
-0.053161,-0.995635,-0.072249,3.001108,3.318701,3.379195,3.068178,2.737105,3.215796,2.686475,2.674310,2.788394,2.952121,2.830147,2.839024,2.821271,3.052725,2.664776,3.089658,3.871876,3.944363,4.112534,3.908281,3.649260,3.780703,3.933410,3.317751,2.593523,2.906346,3.342558,3.150225,3.483022,3.323228,3.809698
-0.706171,-0.714845,-0.117291,2.998149,3.298646,3.379524,3.084616,2.691406,3.212837,2.681872,2.718037,2.783133,2.945217,2.811736,2.887682,2.915628,3.163521,2.878477,3.038756,3.876386,3.889917,4.184377,3.824196,3.615754,3.723680,3.911825,3.247519,2.439528,2.854799,3.276192,3.062274,3.420200,3.198550,3.769427
-0.840700,-0.095329,-0.124852,3.100068,3.335140,3.465004,3.264454,2.875189,3.323304,2.859079,2.859408,2.859079,3.033328,2.958368,3.040890,3.029711,3.303578,3.035301,3.061307,3.899905,3.925034,4.203385,3.823229,3.619943,3.741721,3.914080,3.246875,2.434373,2.878640,3.270715,3.078382,3.445007,3.212081,3.815175
0.412652,-0.196070,-0.135373,3.192453,3.399250,3.524840,3.371304,2.958697,3.442648,3.018204,2.942916,2.967903,3.087575,3.018533,3.106973,3.107959,3.396949,3.095794,3.061952,3.937920,3.957572,4.243011,3.843848,3.666657,3.781348,3.965626,3.259439,2.455958,2.993975,3.337725,3.145715,3.490110,3.261372,3.835794
0.984981,-6.545928,-0.095921,3.312454,3.424565,3.570540,3.450538,3.135904,3.597828,3.153658,3.055684,3.058315,3.182919,3.117165,3.210864,3.170754,3.488347,3.160891,3.280702,4.015884,4.065176,4.292625,3.949518,3.830639,3.907959,4.073230,3.320329,2.608987,3.196617,3.460148,3.189529,3.661502,3.350934,3.859312
-4.942112,-18.707624,-0.002549,3.410099,3.518594,3.644184,3.436072,3.197056,3.611307,3.191467,3.098753,3.068506,3.256892,3.147740,3.272344,3.225659,3.609992,3.225001,3.469491,4.086761,4.173746,4.374133,4.108668,4.022972,3.970137,4.139596,3.375097,3.009117,3.314207,3.775549,3.556798,3.939209,3.700484,3.980446
-4.959570,-21.493172,0.075041,3.540950,3.553772,3.744459,3.577773,3.264125,3.626759,3.280892,3.154316,3.098753,3.353880,3.206590,3.333825,3.348290,3.743144,3.550813,3.579350,4.109312,4.218849,4.421169,4.233668,4.109312,3.911503,4.128964,3.377674,2.964980,3.446940,4.069686,3.891528,4.049712,3.831928,4.137019
-5.428810,-22.400955,0.048739,3.558375,3.552457,3.761555,3.604403,3.283523,3.639910,3.327249,3.179960,3.119466,3.354537,3.186535,3.304564,3.400894,3.764186,3.650102,3.598680,4.122843,4.237212,4.435022,4.264918,4.123165,3.847714,4.047134,3.359311,2.910534,3.553254,4.186632,3.953062,4.072908,3.864789,4.186310
-6.138711,-22.894217,0.045780,3.510703,3.515964,3.714541,3.562978,3.249330,3.597828,3.248673,3.138206,3.092835,3.322318,3.106644,3.256235,3.373935,3.741500,3.632677,3.550355,4.091915,4.218849,4.419236,4.238179,4.071619,3.745587,3.975614,3.285535,2.727544,3.512661,4.164081,3.923423,4.031348,3.819685,4.227547
-5.982133,-22.567184,-0.046276,3.396620,3.450538,3.629718,3.492950,3.155302,3.509059,3.167795,3.101712,3.049438,3.199028,2.976779,3.142480,3.304893,3.710596,3.591581,3.498164,4.054866,4.201774,4.396684,4.202740,4.024261,3.666334,3.943719,3.214336,2.618652,3.442107,4.142495,3.882185,3.993333,3.759762,4.205318
-6.775165,-22.248867,-0.156086,3.321989,3.374921,3.563307,3.478813,3.104671,3.426209,3.107301,3.078698,3.011629,3.089548,2.870586,3.044835,3.273988,3.679034,3.576786,3.443718,4.021039,4.181478,4.374133,4.172135,3.978513,3.597713,3.894428,3.165689,2.494296,3.367043,4.110601,3.841915,3.947263,3.712726,4.149583
-6.840257,-22.412622,-0.225128,3.246043,3.312126,3.504785,3.422921,2.959683,3.263796,3.004725,3.015574,2.927464,3.007355,2.759790,2.944560,3.218755,3.635636,3.565279,3.403447,3.987856,4.168591,4.353514,4.116722,3.929222,3.501386,3.845136,3.112854,2.320971,3.318396,4.082573,3.766206,3.904415,3.639595,4.103191
-7.125642,-22.170591,-0.186991,3.117165,3.300619,3.472237,3.397935,2.847244,3.144781,2.894915,2.905765,2.860394,2.921217,2.574364,2.881107,3.146096,3.595855,3.552128,3.311308,3.934698,4.138952,4.331285,4.097392,3.868332,3.339658,3.765884,3.067751,2.241074,3.264594,4.051645,3.715304,3.856734,3.530381,4.052289
-7.037430,-22.278021,-0.168908,2.978752,3.222371,3.425880,3.290427,2.689433,3.005382,2.702256,2.735790,2.797599,2.801873,2.312991,2.811079,3.083630,3.557060,3.497552,3.212725,3.864144,4.114145,4.305511,4.082573,3.816464,3.213692,3.655703,3.011694,2.011048,3.226578,4.020072,3.656025,3.776193,3.419556,3.985923
-7.070900,-22.675670,-0.297129,2.875189,3.151685,3.310811,3.168782,2.583240,2.838038,2.423786,2.676283,2.699625,2.579953,2.169646,2.722311,3.038588,3.488676,3.477169,3.124452,3.776515,4.102225,4.283926,4.038436,3.723680,3.058086,3.566463,2.949516,1.863496,3.144104,3.992044,3.586759,3.708216,3.316463,3.912469
-7.054286,-23.243427,-0.378994,2.699954,3.054698,3.229933,3.025109,2.323182,2.686803,2.080878,2.444499,2.630912,2.347511,1.986849,2.673652,2.993218,3.401223,3.425880,3.057119,3.687597,4.083539,4.270395,3.993010,3.640561,2.954671,3.457893,2.776191,1.728509,3.067106,3.955961,3.509762,3.608022,3.276514,3.826129
-7.091160,-23.714554,-0.416474,2.473102,2.930751,3.114863,2.860394,2.058193,2.476390,1.763285,2.327456,2.513212,2.020055,1.621256,2.538199,2.876833,3.322318,3.365387,2.891526,3.599968,4.056477,4.266529,3.950485,3.589981,2.575482,3.335148,2.647325,1.515558,3.027158,3.926644,3.404092,3.495909,3.196295,3.755896
-7.458774,-23.844649,-0.422063,2.391896,2.845600,2.967903,2.743352,1.704764,2.123290,1.106728,2.109810,2.403731,1.727120,1.406568,2.343895,2.777873,3.233549,3.378866,2.803897,3.481089,4.021039,4.252032,3.911503,3.536502,2.210791,3.262661,2.519425,1.252671,3.035534,3.890240,3.264272,3.383473,3.065173,3.696296
-7.714704,-23.622176,-0.380638,2.363621,2.804503,2.806147,2.655570,1.487446,1.813916,0.994288,1.895780,2.248551,1.467391,1.244483,2.183783,2.705872,3.210207,3.348290,2.785212,3.414079,3.997521,4.233346,3.877353,3.511373,1.902156,3.199516,2.461113,1.024578,3.013949,3.865433,3.205315,3.267816,2.942750,3.644749
-7.558470,-23.999275,-0.460201,2.257428,2.657543,2.640118,2.623022,1.330950,1.507501,0.865409,1.809642,2.191674,1.199113,0.958452,2.024001,2.554637,3.158918,3.300290,2.760083,3.306153,3.967882,4.228192,3.852546,3.450806,1.374449,3.132828,2.456925,0.827091,3.029413,3.846425,3.154091,3.197583,2.832570,3.573551
-7.379582,-23.420386,-0.526942,2.149591,2.368224,2.456006,2.525705,0.926232,1.297416,0.720421,1.600214,1.989151,0.808861,0.755271,1.889533,2.469814,3.108945,3.280892,2.766204,3.253640,3.970459,4.221748,3.840626,3.413434,1.116717,3.030379,2.411500,0.708212,3.041011,3.813564,3.112854,3.003640,2.735598,3.492365
-7.053893,-23.860569,-0.534503,1.975342,2.260387,2.268606,2.323840,0.641516,1.068262,0.622118,1.420705,1.866519,0.636255,0.633954,1.689969,2.353429,3.027081,3.248673,2.778124,3.216913,3.965626,4.229158,3.840304,3.358988,0.755570,2.833859,2.290043,0.602542,3.002995,3.785214,3.084181,2.870585,2.635405,3.365754
-6.927245,-22.637490,-0.596970,1.955287,2.091727,1.971068,2.121974,0.459376,0.891382,0.476801,1.215551,1.755066,0.522500,0.428471,1.519665,2.194962,2.990916,3.157275,2.752673,3.185341,3.960472,4.243656,3.829995,3.302932,0.087722,2.698227,2.207247,0.543908,2.992042,3.731734,3.019748,2.799065,2.464013,3.274581
-7.705292,-20.836642,-0.557517,1.688983,1.799779,1.704106,2.014795,0.311757,0.676694,0.025397,0.965685,1.428595,0.306168,0.327867,1.391116,2.088440,2.895244,3.063904,2.770392,3.172132,3.940497,4.233668,3.805510,3.214014,0.014590,2.492041,2.185984,0.404088,2.972068,3.670845,2.938562,2.775224,2.261048,3.085148
-3.326638,-21.598785,-0.493735,1.497309,1.665311,1.468048,1.759340,0.113179,0.429129,0.021780,0.653680,1.179715,0.057616,0.189783,1.253360,1.957260,2.764722,2.938971,2.754606,3.143782,3.930510,4.224003,3.707894,3.189851,0.012980,2.399257,2.115430,0.412464,2.915689,3.570973,2.839335,2.684374,2.128961,2.844812
-6.430556,-21.294428,-0.377679,1.133030,1.320101,1.174784,1.634078,0.018492,0.157892,0.016520,0.465951,1.086344,0.000739,-0.000248,1.070563,1.726791,2.627624,2.748283,2.688884,3.081604,3.904093,4.212405,3.668590,3.306153,0.013624,2.642814,2.140558,0.436304,2.870585,3.529092,2.775869,2.621229,1.945004,2.807119
-4.685395,-22.895423,-0.138990,0.611598,0.819381,0.911766,1.302676,0.011259,0.010273,0.010273,0.150330,0.795710,0.001725,0.001067,0.840423,1.393746,2.506308,2.504007,2.675031,3.045199,3.854157,4.207251,3.643461,3.320651,0.014268,3.103189,2.116396,0.435338,2.754606,3.419233,2.700160,2.518136,1.499772,2.754928
-5.301547,-24.008586,0.000410,0.498829,0.675051,0.696092,1.060042,0.009287,0.008958,0.008629,0.008629,0.611926,0.000081,0.000081,0.690503,1.257634,2.399129,2.491184,2.613497,3.017493,3.833216,4.208862,3.615432,3.299710,0.013624,3.230444,2.075159,0.370583,2.680830,3.350612,2.689206,2.514593,1.358663,2.713046
-5.086812,-24.347370,0.000081,0.395923,0.633625,0.650721,1.009740,0.008300,0.008300,0.006657,0.008629,0.569186,0.000410,0.000739,0.679653,1.245798,2.391896,2.523404,2.670521,2.973356,3.817108,4.205318,3.583860,3.293911,0.012657,3.172777,2.010404,0.311304,2.714979,3.349968,2.621874,2.444360,1.238174,2.678575
-5.330161,-24.798552,0.000081,0.366662,0.595816,0.615872,0.930506,0.006985,0.007972,0.007643,0.007643,0.530391,0.000739,0.000410,0.706284,1.284594,2.433321,2.539514,2.669554,2.878962,3.790690,4.180511,3.538757,3.258795,0.014913,2.992364,1.953380,0.141201,2.754606,3.337403,2.549386,2.373806,1.112851,2.328381
-6.277326,-24.193210,0.000410,0.280853,0.441951,0.582337,0.755928,0.005670,0.004684,0.005670,0.005013,0.381128,0.000739,0.001725,0.633296,1.247114,2.449759,2.541486,2.608020,2.892815,3.775226,4.137663,3.562919,3.214980,0.012335,2.638626,1.815816,0.006858,2.726577,3.300676,2.512015,2.305829,1.046485,2.016525
-6.635569,-23.450313,0.000410,0.082932,0.175974,0.506719,0.297620,0.003369,0.003369,0.002382,0.002711,0.125672,0.000410,0.000081,0.516911,1.143550,2.417869,2.501376,2.662789,2.936629,3.765561,4.116722,3.558731,3.222390,0.013946,2.427286,1.613174,0.008147,2.715946,3.274581,2.542621,2.204669,0.999449,1.912143
-7.386277,-22.420574,0.000410,0.001396,0.002382,0.275921,0.001725,0.000081,0.001067,0.001067,0.000410,0.000410,0.000410,0.000081,0.401183,0.989356,2.400115,2.464883,2.679219,2.968846,3.760407,4.119622,3.580961,3.257828,0.012980,2.353510,1.420841,0.006214,2.730121,3.259439,2.520069,2.070326,0.870583,1.664398
-8.146024,-18.681424,0.000081,0.001396,0.000739,0.193728,0.000081,0.000081,-0.000576,-0.000248,0.000410,-0.000576,0.001396,0.001396,0.282497,0.941685,2.369539,2.458636,2.727222,3.042622,3.767172,4.129609,3.571618,3.277803,0.012335,2.158278,1.334823,0.005570,2.812918,3.299388,2.552608,2.019102,0.803573,1.486241
-5.203618,-11.935368,0.000081,0.000410,0.000081,0.002711,-0.003535,-0.000576,0.001067,0.000410,0.001067,0.000410,0.000081,0.000410,0.201947,0.876588,2.339292,2.457650,2.691139,3.154413,3.789724,4.144428,3.605767,3.359955,0.013946,1.041975,1.099642,0.004925,2.852866,3.325805,2.573227,1.891203,0.582567,1.474965
-0.451411,-1.718598,0.000410,0.003698,-0.001563,0.000410,0.001067,0.000410,0.000739,0.000410,0.000739,0.000081,0.000410,-0.000248,0.000410,0.801956,2.227510,2.306744,2.645392,3.061952,3.732056,4.141851,3.602868,3.439530,0.014590,0.124771,1.127671,0.005248,2.836436,3.375741,2.502350,1.713045,0.244294,1.334179
-0.458269,-1.199058,0.000081,0.001067,0.000410,-0.000248,0.000410,-0.000905,-0.000905,-0.000248,0.000081,0.001067,0.000410,0.000410,0.000410,0.558994,1.710681,2.017096,2.263948,2.107698,3.462726,3.972392,3.431476,3.346102,0.014268,0.784565,1.353831,0.005570,2.522002,3.007506,2.338368,1.198547,0.005570,0.868650
-0.502528,-1.351806,0.000081,-0.000248,-0.000248,-0.000576,-0.000576,-0.000248,0.000410,0.000739,0.001067,0.000081,0.000081,0.000081,-0.000576,0.434389,1.289525,1.828053,1.857053,1.697581,3.316140,3.739788,3.187918,3.134117,0.013302,0.961434,1.273290,0.005570,2.271680,2.657312,2.161499,1.004604,0.004281,0.422129
-0.235754,-1.338148,0.000081,-0.000248,0.000081,0.000410,0.001396,0.002054,0.000410,0.000081,0.000410,-0.000576,-0.000248,-0.000248,0.000081,0.407430,1.289854,1.765258,1.849321,1.654733,3.318073,3.721747,3.193395,3.112210,0.011691,0.920519,1.253315,0.005570,2.257182,2.672131,2.124772,1.061627,0.003959,0.239462
-2.018603,0.147286,0.000410,0.001396,-0.000576,0.001067,-0.000248,-0.000248,0.000410,-0.001234,-0.000248,0.000081,0.000739,0.001725,0.000410,0.390991,1.270785,1.687339,1.883793,1.677929,3.342880,3.730123,3.240431,3.115109,0.012013,1.210467,1.297452,0.000737,2.281989,2.649580,2.152479,1.088367,0.004281,0.082245
-2.326798,0.211723,0.000081,0.000081,-0.000576,-0.002220,-0.000905,-0.000576,-0.000248,0.000739,0.002054,0.001067,-0.000248,0.000410,0.000410,0.379156,1.149797,1.684051,1.894102,1.674385,3.332249,3.721103,3.311630,3.112532,0.012335,1.678251,1.331601,0.006214,2.259438,2.665366,2.147002,1.156666,0.005248,-0.000229
-7.706563,6.649383,0.000410,0.000081,0.001067,0.001067,0.001396,-0.000248,0.001725,-0.002549,0.002054,-0.000905,-0.001563,0.000739,0.001067,0.435376,1.358567,1.808984,2.121551,1.740107,3.422455,3.851258,3.359955,3.152158,0.012335,2.328703,1.329024,0.005248,2.316139,2.891526,2.165687,1.234630,0.005570,0.000737
-8.392160,2.113970,0.000410,0.001067,-0.000248,0.000081,-0.000248,-0.000248,0.000410,0.000081,0.000739,0.000410,0.001067,0.000739,0.000081,0.602721,1.876382,2.088440,2.369940,2.116074,3.648293,3.976258,3.485599,3.209181,0.012980,2.743008,1.116395,0.006214,2.558407,3.176965,2.379927,1.233019,0.002026,-0.000229
-9.559994,9.834265,0.000410,-0.000248,-0.003535,0.001067,0.000081,0.000739,0.000081,0.000410,0.002054,0.000081,0.000081,-0.000576,-0.000248,0.645132,2.220606,2.254798,2.441461,2.637982,3.744621,4.061310,3.592881,3.286179,0.013946,1.796164,0.931472,0.003959,2.522002,3.358988,2.595456,1.380571,0.006536,0.156987
-8.675389,2.219703,0.000410,0.001067,0.000739,-0.000576,0.000410,0.000081,0.000410,-0.000905,0.001067,0.000410,0.000410,0.001396,0.051698,0.672749,2.306415,2.289319,2.455636,2.747518,3.749775,4.062276,3.589337,3.266527,0.012980,1.173740,0.925673,0.003959,2.435340,3.353189,2.608987,1.266524,0.004925,0.579668
-9.082342,9.054222,0.000081,0.000081,-0.000905,-0.000576,0.000081,-0.000576,-0.000248,0.000410,0.001067,0.000410,0.001396,-0.000248,0.000081,0.711544,2.324497,2.312662,2.543265,2.751384,3.761051,4.064531,3.580638,3.259761,0.012657,0.562915,0.784887,0.003637,2.392492,3.359955,2.588046,1.362207,0.004603,1.423096
-8.684864,4.754720,-0.000248,0.000081,-0.000905,0.002711,0.001396,0.000410,0.000081,0.000410,-0.000576,-0.002220,-0.000576,-0.000248,0.105617,0.758559,2.322854,2.348169,2.552286,2.749773,3.760407,4.065176,3.599646,3.255895,0.012980,0.495583,0.876704,0.003637,2.377994,3.335470,2.605443,1.355764,0.005248,1.101898
-8.606521,5.622642,0.000081,0.001725,0.000081,0.000739,0.000081,0.000081,-0.000905,-0.000905,0.000081,0.001067,0.002054,0.000739,0.021451,0.737188,2.314634,2.321210,2.550997,2.724322,3.765884,4.060665,3.585149,3.247197,0.012335,0.362206,0.827413,0.003637,2.353510,3.333215,2.588368,1.335790,0.005248,1.481086
-8.126210,5.481621,0.000081,-0.000248,-0.001234,-0.000576,0.000081,0.000739,0.000739,0.000410,-0.000248,-0.000248,-0.000248,0.000081,0.054986,0.693133,2.312662,2.266963,2.550997,2.708858,3.764917,4.054222,3.586437,3.207248,0.012335,0.493006,0.848354,0.002992,2.364463,3.322906,2.571294,1.302929,0.005570,1.205313
-7.479589,7.013732,-0.000248,0.000410,0.000410,0.001067,0.000081,0.001396,0.000081,-0.000576,-0.000576,-0.000576,0.000081,0.000410,0.024081,0.708585,2.325813,2.226524,2.563884,2.674709,3.761051,4.068075,3.597713,3.202738,0.013302,0.647645,0.875416,0.003959,2.360920,3.313563,2.583858,1.320003,0.005892,1.456924
-7.875618,6.615323,0.000081,-0.000248,-0.000248,-0.002549,-0.000248,0.001067,0.001067,0.000410,0.001067,0.000081,0.001396,-0.000248,0.096740,0.715161,2.335676,2.222250,2.600289,2.629606,3.762018,4.065820,3.599646,3.176965,0.012980,0.793908,0.959501,0.003315,2.308729,3.299710,2.546809,1.321614,0.006858,1.488496
-6.834386,6.966638,-0.000248,-0.000248,0.000739,0.000739,0.000410,0.000081,-0.000248,0.000081,-0.000248,-0.000905,-0.000248,-0.000248,0.171043,0.776312,2.370854,2.188057,2.591590,2.614142,3.761051,4.061310,3.600613,3.173099,0.012657,1.066137,0.991717,0.004281,2.321938,3.283279,2.546487,1.411176,0.005892,1.117362
-7.276784,6.593118,0.000410,0.000081,0.000739,0.001067,-0.000905,-0.000576,-0.000248,-0.000248,0.001067,0.001067,0.001067,0.000410,0.300250,0.835162,2.401759,2.200222,2.603510,2.543265,3.759762,4.035214,3.612211,3.159890,0.013302,1.130570,0.983341,0.004603,2.307440,3.262017,2.528768,1.394746,0.005892,1.446937
-6.700770,8.520427,0.000081,-0.000248,0.000410,-0.000576,0.000739,0.001067,0.001067,0.000739,0.000410,-0.000576,-0.001234,-0.000576,0.285127,0.840752,2.416882,2.219619,2.657956,2.534567,3.764595,4.047134,3.642816,3.188241,0.012980,1.216266,1.012658,0.004603,2.333536,3.264594,2.546487,1.513947,0.006858,1.502027
-6.795056,7.600757,0.000410,0.000410,0.000410,0.000739,-0.000248,0.000081,-0.001234,-0.000905,-0.000576,-0.000576,0.001725,0.000410,0.301237,0.855546,2.422143,2.256113,2.745263,2.566139,3.766850,4.051645,3.651515,3.186308,0.013624,1.570326,1.042941,0.004281,2.353510,3.264272,2.576126,1.587723,0.007181,1.557761
-6.449936,8.523997,0.000739,-0.000576,-0.000905,-0.000576,0.000081,0.000739,0.001067,0.000410,0.000739,-0.000248,0.000410,-0.000905,0.340689,0.880533,2.426417,2.261702,2.753961,2.561629,3.770072,4.056155,3.655381,3.175032,0.012335,1.730764,1.094810,0.005570,2.338368,3.258473,2.604155,1.684695,0.109951,1.429540
-6.696785,7.890637,0.000081,0.000739,0.001725,-0.000905,0.000081,0.000081,-0.000576,-0.000576,0.001067,0.000410,0.001396,0.000739,0.347593,0.891054,2.401430,2.258086,2.721101,2.543910,3.772649,4.039402,3.647971,3.135405,0.013302,1.664398,1.068392,0.005248,2.306796,3.239143,2.565817,1.632826,0.114462,1.597710
-6.588152,8.045008,0.000081,-0.000576,0.000081,-0.000248,0.000410,0.000739,0.000739,0.000410,0.000739,0.000739,-0.000576,-0.001234,0.317346,0.868368,2.417540,2.253154,2.730766,2.535211,3.780703,4.037469,3.641850,3.141849,0.012657,1.598032,1.102864,0.004603,2.327737,3.233988,2.598678,1.671486,0.127992,1.598999
-6.811187,8.756693,0.000081,0.000410,0.000081,0.000410,0.000081,-0.000248,-0.000905,-0.000905,0.000410,0.000739,0.001067,0.000739,0.385402,0.970616,2.427074,2.260716,2.763949,2.495907,3.781992,4.026516,3.634440,3.151192,0.012335,1.589334,1.156666,0.004925,2.293265,3.224645,2.586435,1.708857,0.394423,1.823226
-7.537665,8.397203,0.000081,-0.000576,0.000081,0.000410,0.000739,0.000739,0.000739,0.000739,0.000410,-0.001234,-0.000576,-0.000248,0.486664,0.995603,2.447787,2.284387,2.753961,2.534889,3.785858,4.038436,3.633796,3.160534,0.012657,1.369295,1.182117,0.005248,2.329670,3.219813,2.620585,1.807762,0.406343,1.848355
-7.458435,8.804478,0.000081,-0.000248,-0.000248,-0.000248,-0.000248,0.000081,0.000739,0.000739,0.000410,0.000081,0.000739,-0.000576,0.552090,1.160318,2.483623,2.284059,2.746552,2.567750,3.796812,4.051000,3.633151,3.157635,0.012980,1.256215,1.197259,0.007181,2.455636,3.263305,2.711113,1.882826,0.576124,1.811950
-8.010451,9.304418,-0.000248,0.000081,0.000739,0.001067,-0.000576,-0.001234,-0.000248,0.000410,0.001067,0.000410,0.000739,0.000081,0.594173,1.295772,2.540829,2.323511,2.725611,2.589013,3.804866,4.061632,3.637662,3.154735,0.012657,1.288753,1.245583,0.004603,2.512660,3.297455,2.754928,2.049386,0.714011,1.909566
-8.388269,8.667763,0.000081,0.000081,0.000739,0.000410,0.000410,0.000410,0.000739,-0.000576,-0.000248,-0.000905,-0.000248,-0.000248,0.649406,1.360869,2.547076,2.359018,2.734954,2.659245,3.816141,4.081928,3.662791,3.169555,0.013946,1.309694,1.252349,0.003315,2.470778,3.325161,2.775547,2.136370,0.815815,2.033277
-9.608732,7.479892,-0.000248,-0.000905,-0.000248,0.001396,0.001396,0.000410,-0.000576,0.000081,-0.000576,0.000410,0.001396,0.000739,0.828916,1.409198,2.533267,2.378087,2.731410,2.753639,3.832572,4.100936,3.688564,3.210792,0.013302,1.359630,1.278122,0.005892,2.591590,3.343847,2.792621,2.216590,0.921163,2.081602
-10.268807,9.359911,0.000410,0.000410,-0.000248,0.000410,0.000081,-0.000248,-0.000576,0.000081,0.000739,0.000410,-0.000248,-0.000248,0.902889,1.474624,2.529651,2.386964,2.821294,2.870908,3.860923,4.101258,3.703061,3.197261,0.013946,1.252671,1.208534,0.004603,2.669554,3.371553,2.750095,2.233020,0.940815,1.939527
-10.245453,7.767068,0.000081,0.000739,0.001067,0.001067,0.001067,0.000081,0.001396,-0.000576,-0.000248,-0.000248,-0.000576,0.000739,0.993302,1.582132,2.531952,2.400444,2.820328,2.920521,3.890240,4.133153,3.722069,3.210148,0.014590,1.163753,1.150545,0.004925,2.744619,3.383795,2.725611,2.203381,0.977542,1.991718
-7.264976,5.954103,-0.000248,-0.000905,-0.000576,0.033945,0.000739,-0.000248,0.000410,0.000739,0.000081,0.001067,-0.000248,-0.000248,1.045905,1.594296,2.533925,2.422143,2.919232,3.029413,3.930833,4.161181,3.775871,3.281024,0.012657,0.994294,1.152800,0.004925,2.886049,3.431798,2.757183,2.291976,1.074836,2.061950
-0.738618,-0.417536,0.000081,0.000081,0.000081,0.096740,-0.000576,-0.000248,0.000081,-0.000905,0.001725,0.000739,0.000410,0.000410,1.108372,1.528542,2.505650,2.372827,2.878317,2.992686,3.915046,4.141207,3.770716,3.401192,0.013946,1.060660,1.169230,0.005570,2.829026,3.368331,2.630572,2.258471,1.184694,2.219167
0.514062,-0.930953,-0.000248,0.001067,-0.000248,0.002382,0.000081,0.000081,-0.000248,0.000081,0.000739,0.000410,0.000739,-0.000905,1.048207,1.286237,2.257428,2.126577,2.714979,2.576126,3.770072,4.046490,3.656347,3.391205,0.013946,1.171807,1.314849,0.005892,2.544554,3.073872,2.515237,2.224644,0.989784,2.026512
0.425384,-1.057637,0.000081,-0.000576,0.000739,0.001396,0.001396,0.000739,0.003040,0.001067,-0.000576,-0.001234,0.000739,0.000739,0.519213,0.782888,1.673530,1.917150,2.423742,1.743973,3.562919,3.931477,3.479478,3.290045,0.012980,1.165686,1.494617,0.005892,2.281023,2.708214,2.220133,2.026512,0.570325,1.565816
0.612324,0.242121,0.000081,-0.001234,-0.001892,-0.000576,0.000081,0.001067,0.000739,0.000410,-0.000248,-0.000905,0.000081,0.000410,0.366991,0.751326,1.489747,1.835943,2.381538,1.609952,3.550033,3.900871,3.496875,3.287790,0.013946,1.223998,1.547130,0.006858,2.152156,2.584502,2.122517,2.000094,0.535853,1.435983
-0.637708,2.508181,0.000081,0.000081,0.000410,0.000410,-0.000905,-0.000576,-0.000248,0.000739,0.000410,0.000410,0.000081,-0.000248,0.261784,0.680311,1.351992,1.698517,2.438884,1.595777,3.565174,3.911180,3.499453,3.315818,0.013624,1.591589,1.580313,0.006858,2.178574,2.627995,2.166332,1.993329,0.555183,1.497517
3.618858,4.540248,0.000081,0.000739,0.001067,0.000739,0.000410,0.000410,-0.000248,0.001067,-0.000248,0.000081,0.001067,0.001067,0.139152,0.620803,1.208318,1.537419,2.436628,1.589656,3.567752,3.909892,3.480445,3.288112,0.012980,2.169876,1.582568,0.007503,2.212079,2.639915,2.169231,1.897324,0.408276,0.879926
7.303354,19.935114,0.000410,0.000410,0.000739,0.000410,-0.000248,0.000739,-0.000248,0.000410,0.000081,-0.000248,-0.001563,0.000081,0.002711,0.458390,1.022234,1.427938,2.487531,1.668908,3.594491,3.978835,3.505574,3.350934,0.013624,2.590301,1.543586,0.007503,2.132182,2.771036,2.254283,1.795519,0.369616,0.582567
8.199881,20.683250,0.000081,-0.000905,0.001067,0.000081,0.000739,0.000739,0.000410,-0.000248,0.000081,-0.000576,0.000081,-0.000248,0.005013,0.494555,1.009740,1.464760,2.316783,1.642813,3.555509,3.866399,3.272326,2.986565,0.011047,2.555830,1.864785,0.007503,1.447903,2.446938,1.779089,1.425674,0.005892,1.383470
7.297713,21.318336,0.000410,0.000410,-0.000248,-0.000248,0.000410,0.000081,0.001396,-0.000576,0.000081,0.000410,0.000410,-0.002549,0.041178,0.612255,1.259278,1.562734,2.232376,1.572581,3.563564,3.764917,3.096101,2.770714,0.011047,2.615108,2.056473,0.009114,1.378315,2.341590,1.494617,1.486241,0.004925,1.405377
7.242172,21.605891,0.000410,-0.001234,0.000081,0.001396,0.000081,0.000739,-0.000576,-0.000248,0.000410,0.000739,0.000410,-0.002549,0.156248,0.674064,1.472651,1.631448,2.234631,1.680506,3.567752,3.750420,3.102545,2.741075,0.011047,2.943717,2.058728,0.009114,1.390880,2.272968,1.475609,1.632504,0.454024,1.482375
6.658034,22.069085,0.000081,0.000739,0.001396,-0.001892,0.002382,-0.000576,0.000081,0.000410,0.000081,0.047096,0.001725,0.000739,0.369950,0.793408,1.597584,1.781367,2.297775,1.709823,3.555832,3.721747,3.088369,2.708536,0.010402,3.040689,2.095455,0.009114,1.370261,2.240752,1.493006,1.660854,0.632181,1.536499
6.359541,21.929976,0.000081,0.000739,0.000410,0.000739,0.491596,0.002054,0.001396,0.002054,0.002382,0.098055,0.115809,0.000081,0.631981,0.901574,1.837258,1.767888,2.326770,1.756860,3.571296,3.699840,3.075160,2.732376,0.012013,3.260406,2.154089,0.010080,1.375738,2.225288,1.513303,1.905378,1.047452,1.725932
6.298037,21.944187,0.000410,0.004684,0.118439,0.243373,0.791436,0.003369,0.003698,0.003698,0.004684,0.576748,0.236468,0.387704,0.868368,0.991987,2.018083,1.803066,2.336435,1.799385,3.571940,3.684054,3.126063,2.741397,0.011691,3.418589,2.198226,0.009436,1.341589,2.197582,1.617684,1.903445,1.279411,1.734630
5.830056,21.613772,0.000081,0.190769,0.326552,0.307154,1.027165,0.005999,0.006328,0.005670,0.005999,0.669461,0.386389,0.473513,0.978507,1.084700,2.095015,1.824108,2.310017,1.839978,3.584827,3.665046,3.133795,2.716912,0.011691,3.543589,2.251383,0.009758,1.397645,2.210791,1.629604,2.030700,1.463045,1.885081
5.518432,21.122435,0.000081,0.433732,0.587597,0.377841,1.219497,0.008300,0.007972,0.008300,0.007643,0.739490,0.545186,0.548802,1.119221,1.248429,2.195948,1.901698,2.357698,2.098033,3.598680,3.702095,3.173099,2.746229,0.011691,3.600935,2.273613,0.011691,1.653445,2.310662,1.879282,2.061628,1.702414,2.015558
5.316021,21.505700,0.000081,0.588912,0.885793,0.731271,1.379280,0.010931,0.010931,0.010931,0.011259,0.893355,0.659269,0.672420,1.144208,1.444048,2.279456,1.970740,2.365108,2.300675,3.631541,3.751064,3.237210,2.768137,0.011047,3.663435,2.337402,0.169874,1.678251,2.354798,1.994295,2.179218,1.914721,2.142169
5.378069,20.660885,-0.000248,1.004480,1.295443,1.090618,1.532816,0.071753,0.193728,0.014876,0.014876,1.025521,0.737846,0.793737,1.506514,1.593968,2.410636,1.992767,2.378639,2.592234,3.664401,3.790046,3.286179,2.893781,0.012335,3.713693,2.335791,0.445647,1.740751,2.407311,2.048741,2.381538,2.060661,2.290365
5.453378,20.241734,-0.148524,1.255662,1.544652,1.320101,1.706736,0.237455,0.428143,0.019479,0.303538,1.064316,0.870012,0.878560,1.702133,1.711339,2.469814,2.043069,2.489141,2.807763,3.704350,3.845781,3.421811,2.945650,0.013302,3.770716,2.351577,0.586111,1.781344,2.437917,2.155056,2.502672,2.218845,2.402157
5.439347,19.834732,-0.319486,1.515062,1.816546,1.549912,1.803066,0.380799,0.652694,0.023424,0.534007,1.206346,1.083056,1.071549,1.761641,1.840875,2.519788,2.069371,2.487531,3.040689,3.706605,3.891850,3.506862,3.010083,0.012980,3.803577,2.396680,0.677606,1.803896,2.480765,2.226254,2.641848,2.418587,2.517492
5.478274,19.267622,-0.104469,1.637037,1.942137,1.703448,1.930630,0.466938,0.918999,0.026712,0.618830,1.488761,1.446678,1.283936,1.803066,1.947068,2.510253,2.120988,2.533922,3.149259,3.712082,3.925678,3.566463,3.042944,0.098353,3.812598,2.436628,0.874771,1.859308,2.536822,2.347711,2.688884,2.506861,2.707892
5.382476,19.368498,0.023095,1.738627,2.076275,1.868492,1.991123,0.551103,1.126126,0.270990,0.766778,1.590351,1.615009,1.428924,1.949041,1.991123,2.531623,2.156824,2.598033,3.270071,3.733667,3.953062,3.584504,3.156668,0.619616,3.794556,2.436306,1.150545,1.998484,2.589979,2.453059,2.713691,2.602544,2.802608
5.619570,18.946028,0.031314,1.818518,2.131838,2.025316,1.988165,0.726996,1.308923,0.532035,0.880533,1.690955,1.812601,1.640324,2.165701,2.046686,2.519459,2.146961,2.639593,3.394427,3.732056,3.967237,3.584182,3.156346,1.360918,3.798745,2.494940,1.384437,2.085146,2.597389,2.537466,2.727544,2.708214,2.991720
4.888548,19.485881,0.058274,2.016439,2.286360,2.321539,2.219948,0.954507,1.600543,0.744750,1.026836,1.968438,1.971068,1.808984,2.349155,2.120659,2.540171,2.179838,2.741075,3.481411,3.766528,3.993333,3.580638,3.257506,1.885081,3.817752,2.671487,1.599321,2.225610,2.628317,2.672454,2.788433,2.813240,3.120586
4.109177,18.254014,-0.367158,2.114413,2.418197,2.407677,2.320552,1.104427,1.672544,0.821354,1.473966,2.062796,2.021699,1.877697,2.444499,2.175893,2.545760,2.183783,2.760405,3.547133,3.773938,4.010730,3.575484,3.247197,1.911177,3.824196,2.721745,1.724321,2.258793,2.662789,2.700482,2.886694,2.791977,3.182442
4.982735,17.553646,-0.430611,2.154194,2.475075,2.481979,2.368224,1.220483,1.733367,0.926561,1.589036,2.112111,2.039782,1.969425,2.488554,2.241647,2.572062,2.234414,2.806797,3.576772,3.794234,4.031026,3.614144,3.291334,2.218845,3.841915,2.765237,1.804862,2.325481,2.713691,2.765882,2.951127,2.886371,3.259117
5.099602,18.213803,-0.276745,2.204825,2.679899,2.491184,2.399129,1.341471,1.928657,0.999548,1.658407,2.207455,2.097645,2.144002,2.578309,2.308388,2.597378,2.291949,2.848356,3.630896,3.826129,4.056155,3.688242,3.387661,2.489141,3.875098,2.856088,1.855120,2.423420,2.850933,2.866397,3.042944,2.978189,3.393782
5.496841,17.744457,-0.246498,2.300497,2.850202,2.692064,2.557925,1.578515,2.198907,1.076810,1.805039,2.259730,2.291620,2.198907,2.626309,2.348169,2.627953,2.340607,2.961114,3.721103,3.842881,4.112534,3.733345,3.449195,2.781023,3.913113,2.908923,1.939527,2.517492,2.896359,2.901513,3.111887,3.048743,3.519427
5.756617,16.016163,-0.197182,2.377758,2.886696,2.858751,2.651625,1.772162,2.442526,1.162619,1.903013,2.289319,2.504664,2.407348,2.614145,2.378087,2.627953,2.357703,3.018137,3.772005,3.869299,4.136374,3.762018,3.504607,3.113498,3.968526,2.915044,2.057118,2.586435,2.975611,3.067429,3.192429,3.158924,3.573551
5.700823,14.975396,-0.191265,2.433321,2.964944,3.024122,2.738420,1.995069,2.666091,1.435171,2.046028,2.464883,2.714091,2.518144,2.660830,2.482965,2.661488,2.367895,3.039078,3.814531,3.900549,4.148939,3.783925,3.552610,3.287790,3.974325,2.950482,2.243974,2.643137,3.046488,3.155702,3.330638,3.219491,3.643783
5.121787,15.867848,-0.187319,2.526034,3.080013,3.138535,2.828504,2.252825,2.950149,1.689640,2.194962,2.598364,2.858751,2.636173,2.751900,2.635515,2.738749,2.369210,3.046166,3.833861,3.906992,4.158282,3.796812,3.572906,3.473035,3.926644,2.981088,2.366074,2.671165,3.091269,3.173099,3.429220,3.253962,3.727224
6.857253,15.005122,-0.209676,2.702913,3.235522,3.216453,2.877819,2.562857,3.134918,2.050960,2.295894,2.769654,2.961327,2.901491,2.947847,2.755516,2.810750,2.481979,3.078382,3.881541,3.921490,4.176323,3.797778,3.588048,3.663757,3.952095,3.022003,2.473678,2.797776,3.156991,3.211437,3.489143,3.286823,3.764273
4.939738,15.491424,0.029671,2.917929,3.359140,3.305221,3.008999,2.724283,3.261495,2.487897,2.480993,2.775571,3.055356,3.000451,3.059630,2.845928,2.869600,2.607569,3.099001,3.907637,3.937920,4.198874,3.839015,3.621231,3.782636,3.934376,3.095779,2.581281,2.902480,3.192751,3.249130,3.560020,3.329027,3.848358
5.932176,14.885774,-0.055153,3.030698,3.383798,3.354208,3.023794,2.847244,3.310811,2.570090,2.648666,2.795626,3.086260,3.075082,3.130644,2.967574,2.978752,2.620392,3.090302,3.904737,3.941786,4.203063,3.873487,3.642494,3.834505,3.939209,3.097390,2.659889,2.949194,3.226256,3.276192,3.588370,3.363499,3.845459
6.581140,13.829750,-0.134716,3.156617,3.458429,3.445935,3.204946,2.992560,3.445935,2.943245,2.859408,2.900176,3.234536,3.225988,3.235851,3.067191,3.082644,2.712776,3.161823,3.957572,3.972714,4.232058,3.900227,3.693396,3.953384,3.950162,3.150547,2.771358,3.087403,3.357700,3.318073,3.669556,3.450806,3.945008
8.059984,16.736223,-0.126168,3.317386,3.516621,3.516950,3.249330,3.145439,3.609335,3.086589,3.002752,2.942258,3.353880,3.304235,3.321660,3.187850,3.183905,2.850860,3.278769,4.021361,4.018462,4.256220,3.965626,3.769427,4.046812,4.019106,3.248486,2.864142,3.181475,3.445329,3.371553,3.790046,3.522649,4.017495
9.186774,14.128699,0.020465,3.451853,3.614595,3.587964,3.257550,3.196727,3.729993,3.207577,3.087246,2.916614,3.462703,3.381825,3.462703,3.259194,3.250646,2.932395,3.410535,4.041335,4.052933,4.265885,4.003320,3.835794,4.111245,3.975614,3.348035,3.082892,3.280058,3.547777,3.447262,3.886696,3.591270,4.103513
6.876631,11.143046,0.153289,3.646157,3.708295,3.730651,3.412401,3.319030,3.852296,3.329222,3.165165,2.938971,3.564622,3.487689,3.623143,3.361113,3.385442,3.133274,3.519105,4.066464,4.095781,4.274906,4.060665,3.869943,4.143140,3.827739,3.403447,3.197583,3.407313,3.649582,3.502352,3.944041,3.654414,4.161825
2.768689,0.644097,0.155919,3.709610,3.749062,3.811200,3.684294,3.452840,3.969010,3.430812,3.222700,3.184234,3.608677,3.551142,3.698431,3.422921,3.502813,3.231248,3.575484,4.060665,4.118655,4.287148,4.100936,3.916013,4.197908,3.687275,3.463370,3.340303,3.465625,3.682443,3.571940,3.993977,3.729801,4.238179
1.510562,-4.487800,0.139481,3.698431,3.756295,3.822378,3.670815,3.456127,3.963421,3.411743,3.258207,3.278920,3.546539,3.441333,3.667856,3.407798,3.481443,3.206590,3.556154,4.068397,4.070330,4.291980,4.016206,3.838049,4.160859,3.787147,3.447584,3.290045,3.401514,3.652159,3.526515,3.943397,3.632185,4.122843
0.623576,-6.532513,0.167426,3.777336,3.879584,3.904571,3.796405,3.599471,4.051531,3.497552,3.318044,3.463032,3.646814,3.517279,3.830597,3.542923,3.577773,3.266098,3.587726,4.142495,4.086116,4.331929,4.052933,3.925356,4.189854,3.990755,3.492365,3.349323,3.466270,3.742688,3.630896,3.993010,3.693719,4.099003
0.166515,-8.984499,0.206550,3.852296,3.938434,3.945010,3.843419,3.653061,4.071586,3.589280,3.348948,3.511032,3.690212,3.557389,3.879584,3.629390,3.630047,3.321331,3.595136,4.200163,4.122521,4.361246,4.079351,3.983346,4.180833,3.958539,3.518460,3.368009,3.506218,3.818719,3.723680,4.025871,3.724646,4.139274
1.900735,-13.076562,0.255537,3.895036,3.976243,3.990380,3.877940,3.713226,4.097559,3.673445,3.374592,3.543909,3.735583,3.600786,3.907201,3.675746,3.674431,3.348619,3.656992,4.248810,4.164403,4.404738,4.100292,4.053900,4.194042,4.056155,3.609955,3.405380,3.652803,3.935021,3.901515,4.099647,3.805188,4.232702
6.628358,-16.080952,0.294661,3.910489,4.003859,4.009449,3.887803,3.724076,4.110710,3.723747,3.398264,3.575471,3.772405,3.626759,3.931859,3.723089,3.699089,3.361770,3.728512,4.309055,4.228836,4.464339,4.188243,4.148939,4.247844,4.109635,3.661502,3.445651,3.747842,4.003964,4.002031,4.187921,3.988500,4.286504
9.101312,-19.169751,0.290387,3.934160,4.023257,4.040682,3.898324,3.748733,4.132738,3.748076,3.459086,3.597170,3.809556,3.697774,3.969010,3.752350,3.728350,3.379852,3.733989,4.317431,4.229480,4.470782,4.238179,4.188565,4.264274,4.117689,3.640561,3.566463,3.725935,3.950162,3.950807,4.172457,3.984312,4.346104
8.849616,-16.238635,0.284798,3.975256,4.051860,4.058764,3.910489,3.779967,4.144245,3.777336,3.488347,3.633992,3.828953,3.784241,4.001229,3.766487,3.747090,3.381496,3.757829,4.336117,4.249777,4.485602,4.269107,4.220460,4.295524,4.123165,3.620587,3.605123,3.809698,3.950807,3.963371,4.180833,4.021683,4.377999
9.441167,-16.828842,0.300579,3.978544,4.044956,4.071257,3.904242,3.813172,4.139971,3.776021,3.468292,3.628074,3.833885,3.795419,3.999585,3.774049,3.747747,3.352564,3.743010,4.334828,4.250099,4.485280,4.267496,4.219493,4.285537,4.095459,3.598357,3.569363,3.798100,3.932443,3.961760,4.178256,4.007508,4.376388
10.082781,-17.245175,0.305182,3.959147,4.022928,4.041011,3.896351,3.760569,4.125176,3.725719,3.446922,3.587636,3.820077,3.768131,3.975256,3.742487,3.743473,3.331852,3.724646,4.322586,4.214016,4.474004,4.243978,4.193398,4.290370,4.106735,3.581605,3.528770,3.772649,3.926322,3.944363,4.164081,3.995266,4.374777
10.757863,-17.412260,0.331812,3.932516,3.985448,4.000572,3.855255,3.721774,4.102491,3.681664,3.377880,3.567252,3.798378,3.737884,3.939749,3.720459,3.733939,3.318701,3.709505,4.311633,4.201452,4.465628,4.230125,4.177934,4.270395,4.112856,3.566463,3.520393,3.743332,3.919879,3.919557,4.145395,3.971103,4.367689
11.003507,-17.510099,0.333456,3.907201,3.964736,3.965722,3.852954,3.690541,4.086710,3.665883,3.357825,3.538649,3.776679,3.711253,3.910817,3.689555,3.713226,3.265769,3.696940,4.290370,4.195008,4.449842,4.207573,4.158282,4.276194,4.137985,3.554543,3.521360,3.709827,3.910214,3.905381,4.134441,3.934376,4.362857
10.869321,-17.001977,0.327210,3.885502,3.926598,3.952242,3.822378,3.657335,4.053833,3.605061,3.310811,3.497881,3.742158,3.682322,3.870379,3.633992,3.694486,3.269385,3.675999,4.270073,4.195008,4.439210,4.182766,4.134119,4.255898,4.123810,3.542623,3.493654,3.664079,3.909247,3.875098,4.106735,3.898294,4.350937
10.880952,-17.168343,0.289072,3.858214,3.873337,3.933503,3.826652,3.630705,4.046271,3.557060,3.312783,3.459744,3.724733,3.656349,3.837501,3.592896,3.679363,3.237495,3.632185,4.257509,4.184377,4.421169,4.163758,4.113823,4.248166,4.136696,3.523937,3.455960,3.635084,3.888951,3.857379,4.094493,3.883474,4.333218
11.124548,-17.228990,0.271318,3.831584,3.843748,3.896680,3.804624,3.613280,4.035421,3.515306,3.298975,3.447251,3.706322,3.636294,3.811529,3.558046,3.647801,3.203960,3.593847,4.243011,4.179222,4.416981,4.154738,4.091271,4.246555,4.160215,3.503641,3.416334,3.622842,3.881541,3.836438,4.065498,3.839015,4.315176
9.467791,-16.076728,0.245345,3.795748,3.799364,3.868406,3.776021,3.608348,4.009777,3.482100,3.297989,3.416346,3.664897,3.613937,3.778652,3.491963,3.638924,3.178645,3.581283,4.226259,4.172457,4.394429,4.143140,4.066142,4.222070,4.131542,3.472391,3.420522,3.564208,3.855124,3.800355,4.029737,3.836760,4.302290
9.584092,-15.976800,0.263757,3.771419,3.772076,3.842104,3.775035,3.583362,4.022599,3.477826,3.261824,3.391688,3.655034,3.605718,3.762871,3.462045,3.632020,3.219412,3.555832,4.204673,4.169235,4.386697,4.146361,4.045524,4.206929,4.123488,3.476901,3.454994,3.532958,3.845781,3.754286,4.014273,3.822585,4.292625
9.399710,-15.942550,0.265400,3.781282,3.776350,3.862488,3.787857,3.602102,4.009777,3.505114,3.278262,3.399907,3.657335,3.617554,3.764186,3.489662,3.628403,3.208892,3.526837,4.193075,4.164081,4.376710,4.147006,4.041980,4.205640,4.147006,3.487532,3.436308,3.513628,3.828384,3.747842,4.011052,3.830961,4.294236
9.689024,-16.153899,0.251263,3.753336,3.753994,3.840132,3.790816,3.597170,4.002873,3.498539,3.253604,3.368017,3.636294,3.603745,3.736240,3.451525,3.617225,3.203631,3.515561,4.183088,4.159248,4.371233,4.133153,4.028127,4.185021,4.158604,3.488821,3.447906,3.484633,3.810020,3.722713,3.992688,3.797778,4.272650
10.055541,-15.756343,0.236797,3.733610,3.711582,3.810542,3.751692,3.587636,3.969010,3.444620,3.244399,3.339085,3.608019,3.566266,3.705336,3.410099,3.584019,3.167138,3.510728,4.168591,4.150227,4.358669,4.121877,4.017817,4.173746,4.183733,3.476579,3.427610,3.461115,3.801966,3.695329,3.982057,3.791013,4.269107
10.389416,-15.605125,0.204249,3.710596,3.663582,3.799364,3.712240,3.559033,3.954215,3.411086,3.240125,3.252947,3.562649,3.535032,3.665554,3.380510,3.541608,3.193768,3.491398,4.154093,4.142173,4.350292,4.105124,4.004286,4.166014,4.170202,3.473679,3.420200,3.424388,3.771683,3.671811,3.968204,3.780703,4.246877
10.017172,-14.240807,0.166111,3.686267,3.635307,3.763528,3.650102,3.500183,3.926270,3.396620,3.222700,3.240782,3.527142,3.491963,3.607691,3.333496,3.502155,3.184234,3.473679,4.142818,4.132186,4.329029,4.090949,3.987212,4.155704,4.203707,3.464014,3.367687,3.393138,3.744621,3.635407,3.957250,3.752675,4.206606
10.702847,-14.309918,0.128631,3.659636,3.621828,3.735583,3.620513,3.447251,3.892735,3.347633,3.223358,3.214481,3.489004,3.444620,3.564293,3.301934,3.464018,3.139850,3.478190,4.131542,4.126065,4.321297,4.083217,3.980768,4.146684,4.234957,3.451128,3.360921,3.379607,3.733345,3.608667,3.943075,3.753319,4.190176
11.288391,-13.553271,0.050712,3.599471,3.588293,3.720459,3.563964,3.420620,3.842104,3.303578,3.214152,3.139521,3.437387,3.384784,3.507416,3.266755,3.413058,3.119795,3.437597,4.110279,4.119622,4.304867,4.065820,3.960794,4.129287,4.211117,3.423744,3.331282,3.317107,3.686631,3.570329,3.923101,3.726257,4.130897
11.862130,-14.835920,-0.028193,3.491963,3.537005,3.664897,3.547854,3.314098,3.795090,3.250646,3.202974,3.105329,3.383798,3.332838,3.421278,3.231577,3.350592,3.105658,3.392494,4.077740,4.110279,4.287148,4.043913,3.917946,4.092560,4.224970,3.389594,3.294877,3.263950,3.633474,3.497197,3.869299,3.698873,4.143462
9.414040,-14.397890,-0.166935,3.409771,3.512347,3.607362,3.487032,3.264783,3.736240,3.191467,3.173056,3.069164,3.291413,3.264783,3.327907,3.182261,3.275961,3.006697,3.335148,4.064531,4.090305,4.256864,4.022005,3.880897,4.073230,4.212405,3.388950,3.262983,3.219169,3.571940,3.451128,3.840626,3.652159,4.123488
9.041239,-12.461267,-0.171867,3.322975,3.425552,3.569553,3.459415,3.130644,3.638924,3.149713,3.070479,2.962642,3.174042,3.203303,3.169768,3.076726,3.198700,2.945217,3.283279,4.035536,4.053900,4.232702,4.001709,3.835794,4.038436,4.176967,3.386695,3.192751,3.167944,3.536824,3.407958,3.804544,3.601257,4.085794
4.717855,-7.029304,-0.177785,3.208563,3.372620,3.522539,3.362428,3.018204,3.547197,3.021163,2.949163,2.857435,3.081657,3.051410,3.105658,3.013273,3.115521,2.826860,3.262661,4.000420,4.029093,4.198874,3.981090,3.778448,3.975291,4.137985,3.392494,3.082248,3.118331,3.495587,3.330638,3.760085,3.524904,4.042302
-0.423799,-0.026925,-0.184360,2.961327,3.253933,3.336783,3.074753,2.743352,3.200015,2.577980,2.624994,2.684831,2.832449,2.541158,2.810092,2.713105,2.968889,2.531295,3.100612,3.905704,3.978513,4.144751,3.935343,3.682765,3.864466,4.047457,3.367365,2.852222,3.006217,3.340303,3.233344,3.599002,3.416012,3.918268
-1.089402,0.154929,-0.177456,2.879792,3.219741,3.312783,3.013273,2.722639,3.137548,2.499404,2.585213,2.644721,2.837052,2.527021,2.845600,2.761434,3.057986,2.607898,2.970457,3.844492,3.952418,4.137341,3.819041,3.598035,3.780703,3.888629,3.314207,2.589657,2.881217,3.229478,3.097712,3.408602,3.206282,3.738500
-0.460095,-0.407749,-0.148195,3.016232,3.279249,3.392346,3.148069,2.813051,3.254262,2.718037,2.796284,2.731845,2.948176,2.822914,2.978752,3.023794,3.263139,2.949163,3.066462,3.880575,3.971425,4.175356,3.821296,3.600613,3.762984,3.861245,3.308408,2.575160,2.892170,3.255573,3.127029,3.438885,3.207248,3.776515
-0.515344,0.567006,-0.220197,3.119137,3.343030,3.455799,3.252289,2.946532,3.386428,2.913655,2.907737,2.768339,3.010643,2.917272,3.053383,3.069493,3.334811,3.038917,3.212725,3.946296,4.013951,4.217560,3.869299,3.694363,3.806799,3.908925,3.329027,2.594812,2.998807,3.283279,3.200805,3.524582,3.257506,3.812920
-0.873314,-1.585418,-0.171538,3.219412,3.384455,3.507416,3.365058,3.060945,3.533717,3.109603,2.999465,2.907409,3.093822,3.011629,3.123082,3.136562,3.432456,3.076068,3.288434,3.972714,4.071619,4.246555,3.931477,3.778126,3.873487,3.983990,3.356411,2.785856,3.106411,3.381218,3.244620,3.609633,3.289723,3.871876
-1.740663,-10.889494,-0.026549,3.409113,3.545882,3.637280,3.513333,3.242755,3.734925,3.205275,3.154644,3.058643,3.322318,3.201987,3.396949,3.237823,3.586321,3.163521,3.489788,4.078707,4.173423,4.325486,4.060987,3.932443,4.066786,4.157959,3.513628,3.118653,3.345780,3.574517,3.415045,3.829995,3.453061,3.974969
-6.555241,-22.927012,0.142768,3.654705,3.687911,3.898324,3.767473,3.543909,3.925612,3.441990,3.279249,3.205275,3.484730,3.434100,3.615252,3.421606,3.794104,3.397935,3.611244,4.234635,4.243656,4.441465,4.235601,4.145395,4.182766,4.231413,3.575484,3.360277,3.649260,3.861245,3.825484,4.026516,3.775226,4.090949
-7.029049,-24.130169,0.223318,3.864789,3.937119,4.066326,3.947968,3.726706,4.078819,3.723418,3.483087,3.442319,3.694157,3.595855,3.756295,3.737226,3.946653,3.822378,3.829672,4.250099,4.317431,4.451453,4.349648,4.214016,4.119622,4.197264,3.603834,3.400226,3.759440,4.038114,4.006864,4.149583,4.007830,4.336117
-7.424940,-25.412141,0.202605,3.872022,3.947968,4.083751,3.983476,3.760569,4.065668,3.714870,3.495909,3.464018,3.711911,3.605389,3.755638,3.749062,3.980517,3.821063,3.847392,4.254287,4.339017,4.451453,4.376066,4.237212,4.060665,4.149583,3.644427,3.307764,3.762018,4.129609,4.090305,4.183410,4.090627,4.449842
-7.281623,-26.356011,0.194386,3.817118,3.876954,4.032463,3.924955,3.664568,4.002873,3.605718,3.443634,3.431798,3.649116,3.523525,3.705007,3.697445,3.941393,3.811857,3.791335,4.224648,4.316143,4.434056,4.350937,4.211117,4.001387,4.113501,3.592236,3.235599,3.718847,4.114145,4.062598,4.165047,4.050356,4.430190
-7.236582,-27.051237,0.161180,3.752021,3.784241,3.984133,3.891749,3.593882,3.941064,3.548183,3.387085,3.347304,3.588951,3.446922,3.625773,3.650102,3.906543,3.770761,3.741077,4.190820,4.301968,4.418592,4.327096,4.177934,3.950485,4.093526,3.562919,3.199516,3.673422,4.087727,4.023616,4.137663,4.018462,4.413759
-6.799796,-27.856664,0.140467,3.691856,3.697116,3.914434,3.854598,3.491306,3.878927,3.510703,3.310482,3.267413,3.508731,3.363743,3.549498,3.559690,3.868735,3.715856,3.697907,4.161825,4.270073,4.399262,4.292303,4.151194,3.887662,4.068075,3.498486,3.134117,3.631541,4.055833,3.982701,4.111245,3.965949,4.376388
-6.111378,-27.641393,0.067479,3.607362,3.614266,3.855584,3.790158,3.400565,3.776350,3.424565,3.239796,3.156946,3.411086,3.240125,3.479799,3.514320,3.841118,3.681664,3.631863,4.092882,4.222070,4.369622,4.254609,4.107702,3.803577,4.008474,3.378963,3.014593,3.579350,4.019106,3.930833,4.082573,3.863178,4.336439
-5.978504,-27.452775,0.010931,3.539306,3.518923,3.762871,3.670486,3.279906,3.664239,3.305221,3.153001,3.111575,3.329222,3.093822,3.307852,3.451196,3.780295,3.618211,3.555509,4.041013,4.189854,4.339339,4.200807,4.033603,3.686631,3.922456,3.270393,2.845134,3.491721,3.974969,3.853191,4.018784,3.787469,4.311310
-5.958322,-26.794874,-0.076852,3.381825,3.440018,3.655362,3.543252,3.172398,3.545553,3.148069,3.085931,3.032342,3.171740,2.939957,3.136562,3.369332,3.740843,3.580731,3.473679,3.996876,4.154416,4.311955,4.150872,3.975936,3.575162,3.856734,3.231089,2.710147,3.407313,3.930833,3.803577,3.960794,3.714659,4.243011
-6.112567,-26.472702,-0.211977,3.227960,3.323961,3.520895,3.450538,3.047465,3.435744,3.047136,3.047136,2.940615,3.019191,2.772941,3.018862,3.284838,3.693829,3.554101,3.397004,3.940175,4.115756,4.283604,4.101258,3.907314,3.427932,3.786502,3.179542,2.630572,3.351901,3.885729,3.709827,3.891850,3.629608,4.179867
-5.989745,-28.289083,-0.205073,3.080013,3.240125,3.457114,3.376565,2.861381,3.241769,2.882751,2.913327,2.807133,2.869600,2.618090,2.913327,3.201330,3.625444,3.480456,3.282635,3.857701,4.083861,4.255576,4.069686,3.839015,3.224967,3.711438,3.118009,2.466912,3.288434,3.850613,3.616399,3.823229,3.530381,4.091915
-6.565495,-29.098350,-0.203758,2.932395,3.175357,3.371633,3.223686,2.698310,3.059958,2.638145,2.727900,2.660830,2.703571,2.261702,2.799572,3.089877,3.561663,3.452511,3.190174,3.769750,4.048101,4.227869,3.983990,3.726579,3.024580,3.560664,3.053898,2.316461,3.255573,3.796489,3.558087,3.743332,3.416334,4.032315
-4.804043,-29.648702,-0.362555,2.762421,3.070808,3.234865,3.086589,2.501048,2.866970,2.333703,2.554637,2.628282,2.470143,2.102577,2.706201,3.080671,3.506758,3.414702,3.125096,3.683731,4.037469,4.209184,3.964338,3.681154,2.895070,3.465947,2.998807,2.086757,3.224323,3.764917,3.485922,3.692752,3.320329,3.988822
-4.054768,-28.867390,-0.366172,2.517157,2.939628,3.114534,2.859737,2.198249,2.681214,1.863560,2.336004,2.541815,2.131180,1.848765,2.576336,3.012287,3.366044,3.325277,2.995908,3.550033,3.978191,4.182444,3.911825,3.616721,2.640237,3.393138,2.954348,1.947581,3.101256,3.699517,3.378640,3.598357,3.246553,3.883796
-4.815965,-29.318019,-0.354336,2.417211,2.829819,2.987629,2.746968,1.853368,2.413923,1.356266,2.129207,2.445485,1.860272,1.557803,2.474088,2.846257,3.234865,3.304893,2.926964,3.415045,3.922134,4.147650,3.857701,3.575484,2.375095,3.324517,2.823227,1.841589,3.019748,3.652481,3.242042,3.457249,3.192751,3.822263
-5.715329,-27.871028,-0.347103,2.385649,2.790695,2.843956,2.642748,1.587721,2.206140,1.042946,1.963835,2.364608,1.650188,1.346403,2.299511,2.769325,3.156617,3.280564,2.880250,3.340625,3.879286,4.129931,3.803255,3.543589,2.094167,3.270715,2.694683,1.676963,2.985921,3.614788,3.161179,3.366398,3.051965,3.758474
-5.505575,-27.406698,-0.434556,2.294579,2.627953,2.682858,2.569432,1.392431,1.870136,0.929191,1.834957,2.187400,1.344101,1.193853,2.203510,2.694036,3.167466,3.257550,2.815173,3.244620,3.869943,4.105446,3.770394,3.484955,1.616073,3.188563,2.595456,1.362851,3.010405,3.602546,3.117042,3.232377,2.913756,3.670845
-6.169925,-26.021136,-0.543051,2.109481,2.346525,2.506965,2.485595,1.111660,1.519994,0.780586,1.708051,2.050960,1.025193,0.915383,2.023014,2.555295,3.130973,3.237823,2.745585,3.137661,3.905704,4.105446,3.748809,3.456927,1.254926,3.043266,2.513304,1.212078,2.999452,3.579672,3.022003,3.091591,2.808085,3.634118
-6.168210,-24.936468,-0.498010,1.918465,2.192331,2.258743,2.412937,0.728312,1.299717,0.631981,1.480213,1.864218,0.689516,0.745408,1.935561,2.461924,3.059958,3.177987,2.669554,3.077093,3.898938,4.108024,3.693074,3.420200,0.801640,2.854799,2.422775,0.889269,3.024903,3.553576,2.964336,2.907634,2.641848,3.511695
-6.436482,-26.734019,-0.546339,1.789915,1.980274,1.881971,2.176550,0.505404,1.068590,0.464965,1.192537,1.665311,0.564912,0.580364,1.716271,2.325813,2.997821,3.155302,2.609309,3.030702,3.888629,4.112856,3.655703,3.371875,0.015235,2.614142,2.347389,0.717877,3.013305,3.532958,2.920199,2.800353,2.425675,3.328383
-5.637320,-26.091886,-0.444748,1.640324,1.642955,1.642955,1.984219,0.347922,0.727654,0.026712,0.907821,1.598899,0.350552,0.432417,1.595611,2.202195,2.934697,3.075411,2.581925,2.999129,3.863822,4.127998,3.688564,3.315174,0.013946,2.426964,2.318716,0.577735,3.018137,3.508473,2.793910,2.748807,2.261370,3.225612
-4.042594,-26.654710,-0.533846,1.414458,1.480870,1.489747,1.905314,0.154275,0.547487,0.022109,0.652036,1.433527,0.117782,0.355484,1.508487,2.051289,2.835079,2.959026,2.501062,2.928575,3.838049,4.107057,3.658602,3.300032,0.014913,2.373162,2.232053,0.489140,2.966913,3.470458,2.710147,2.648613,2.016847,3.078060
-4.348444,-26.332255,-0.398720,0.939712,1.086344,1.036042,1.621913,0.015533,0.229893,0.014218,0.412033,1.056426,0.001067,0.175646,1.232976,1.761641,2.613816,2.740393,2.486242,2.770070,3.779737,4.048423,3.515561,3.223679,0.014268,2.348677,2.188561,0.434371,2.857054,3.318718,2.456281,2.449515,1.581924,2.670843
-4.246910,-24.978441,-0.107099,0.562610,0.750668,0.774668,1.383883,0.010273,0.010273,0.010602,0.119754,0.867053,0.001396,-0.000576,1.055440,1.522295,2.579953,2.590145,2.440172,2.606410,3.749453,4.026516,3.452739,3.169555,0.013946,2.290688,2.093522,0.343521,2.708536,3.268138,2.262015,2.261693,1.222710,2.496229
-5.676817,-23.214961,-0.000248,0.533021,0.689845,0.662228,1.303991,0.008958,0.008958,0.009287,0.009944,0.790121,0.000739,0.000739,0.891054,1.440102,2.554309,2.565816,2.406023,2.618974,3.748165,4.028449,3.428898,3.174065,0.013302,2.263948,2.087723,0.269745,2.817106,3.262661,2.244296,2.175352,1.116717,2.461757
-6.769599,-22.766564,0.000081,0.438992,0.622447,0.565569,1.190565,0.008300,0.007643,0.007314,0.007972,0.690174,0.001396,0.003040,0.835162,1.432212,2.559240,2.574035,2.431796,2.752028,3.758152,4.046490,3.439852,3.207571,0.013624,2.047131,2.041654,0.050673,2.797776,3.276514,2.327737,2.147324,1.086434,2.393458
-7.901327,-21.856919,0.000081,0.358443,0.596803,0.494883,1.174126,0.008300,0.007643,0.007972,0.007643,0.653023,0.000739,0.000081,0.851601,1.492706,2.579624,2.610200,2.496229,2.866075,3.769427,4.066464,3.498808,3.243975,0.013624,1.745584,2.014592,0.009114,2.781346,3.293911,2.488175,2.089334,1.083856,2.320327
-9.398799,-22.064756,0.000081,0.313072,0.552419,0.474500,1.213250,0.007972,0.007972,0.007314,0.008300,0.631653,0.000410,-0.000248,0.841738,1.583776,2.630912,2.716721,2.698227,2.967235,3.831283,4.083217,3.570973,3.290367,0.013302,1.566138,1.966267,0.009114,2.837724,3.386050,2.711436,2.078058,1.056472,2.217234
-9.869585,-20.205250,0.000410,0.157563,0.383430,0.422554,1.173469,0.008300,0.006657,0.007314,0.007643,0.591542,-0.000248,0.001396,0.867382,1.600214,2.649981,2.749599,2.811951,3.070650,3.857379,4.112534,3.630574,3.297133,0.013302,1.290364,1.803574,0.008147,2.950482,3.457571,2.852866,2.097710,1.044230,2.201448
-5.444454,-11.189463,0.000081,0.004355,0.138166,0.312415,1.066618,0.005341,0.004355,0.003698,0.003698,0.293675,0.000081,0.000081,0.798998,1.634735,2.601980,2.752886,2.901513,3.187596,3.883474,4.140240,3.679543,3.364787,0.013624,1.100287,1.566782,0.006858,3.070328,3.518138,3.032957,2.002350,1.004282,2.159566
-1.517783,-3.476516,0.000410,0.000739,0.000739,0.027040,0.000739,0.000081,0.000081,-0.000576,-0.001234,0.000081,0.000081,0.000739,0.470225,1.180702,2.378087,2.527678,2.858021,3.082248,3.826129,4.138307,3.691463,3.460793,0.014913,0.170196,1.483663,0.007181,3.096101,3.462404,2.983021,1.868007,0.776511,1.907633
-0.926131,-2.189705,0.000410,0.000739,0.000410,0.000081,0.000410,0.000081,0.000081,-0.000248,-0.000248,-0.000248,-0.001563,-0.000248,-0.000576,0.557679,1.725476,1.909588,2.331280,1.954025,3.510406,3.926967,3.419878,3.325805,0.013946,-0.000551,1.393779,0.006536,2.705314,2.962080,2.439850,1.491395,0.006858,0.975609
0.084882,-2.419266,0.000081,-0.000905,0.000081,-0.000576,0.000739,0.000739,0.001396,0.000081,0.000739,-0.000248,-0.000576,-0.000576,-0.000248,0.271647,1.183003,1.738298,1.974321,1.678251,3.367365,3.649582,3.168589,3.173421,0.013302,0.357696,1.266202,0.005892,2.468523,2.687595,2.279412,1.005892,0.004281,0.622194
-1.972186,-0.125146,0.000081,-0.000248,0.000081,0.000410,0.000739,0.000739,-0.000576,0.000410,0.000081,-0.000248,-0.002878,-0.000248,0.000410,0.203591,1.142235,1.688325,1.948870,1.643780,3.355767,3.618654,3.166656,3.139271,0.013302,0.468843,1.244939,0.004925,2.390881,2.634438,2.280700,1.015235,0.004281,0.568714
-2.297908,0.669315,0.000081,-0.001234,0.000410,0.000410,0.000081,0.000410,0.000410,0.000081,0.000081,0.001725,0.000410,0.000081,-0.001234,0.046767,1.117577,1.668927,1.988496,1.663109,3.363177,3.624131,3.223357,3.136050,0.012657,0.635080,1.242040,0.005248,2.423098,2.624129,2.278123,1.066459,0.003959,0.422774
-7.113884,0.705130,0.000081,0.000081,-0.002220,-0.000576,0.000410,-0.000576,0.000081,-0.000248,0.001725,0.000081,0.001067,0.000410,0.000410,0.053013,1.135989,1.605475,1.919875,1.667942,3.357378,3.633151,3.231733,3.089336,0.012335,0.730763,1.254926,0.005892,2.358987,2.650224,2.281667,1.079990,0.003959,0.739784
-8.430156,6.014873,-0.000576,0.000081,-0.000248,0.002054,-0.000905,-0.000576,0.000081,0.001396,-0.000905,0.000410,0.000739,0.000739,0.000081,0.369950,1.391116,1.580159,2.236242,1.851254,3.516527,3.809376,3.380573,3.103189,0.012657,1.050996,1.147645,0.004281,2.482698,2.986887,2.321293,0.932761,0.003959,0.000415
-9.846173,11.296741,0.000081,0.001067,0.001067,-0.000248,0.000081,-0.001563,-0.000576,0.000081,0.000081,0.000739,0.001396,-0.000248,0.001067,0.609954,2.302141,2.168331,2.530056,2.641848,3.713371,4.023938,3.647004,3.396360,0.013624,0.845776,1.376060,0.006536,2.725289,3.327416,2.664399,1.269101,0.004925,1.570004
-10.175126,4.695351,0.000081,0.000739,0.001725,0.000081,0.001067,-0.000248,-0.000248,-0.001563,-0.000248,-0.000248,0.000081,0.000410,0.000739,0.589570,2.358690,2.244606,2.530701,2.718201,3.715948,4.023616,3.643461,3.401192,0.013624,0.607374,1.333534,0.005892,2.626706,3.309375,2.667621,1.170519,0.004603,1.569682
-9.632188,6.025350,0.000081,0.000739,0.000410,0.001396,0.000739,0.000081,0.000410,-0.000248,0.000081,-0.000905,0.000410,-0.000248,0.001067,0.611269,2.348169,2.235729,2.512660,2.728188,3.726579,4.043591,3.647327,3.407635,0.013624,0.527799,1.159243,0.004281,2.715624,3.327094,2.659567,1.182439,0.005248,1.580635
-9.849825,6.595186,0.000410,-0.001234,0.000081,0.000081,0.000081,0.000410,-0.000576,0.000081,0.000739,0.000081,0.000739,-0.000248,-0.000576,0.626392,2.377101,2.244606,2.502028,2.721423,3.736889,4.055833,3.675677,3.396037,0.014913,0.552284,1.119295,0.004603,2.708858,3.324194,2.683085,1.221421,0.005248,1.563560
-10.334642,7.047932,0.000081,-0.000248,-0.000248,0.000081,0.000081,0.001067,0.001067,0.000410,0.000410,0.000081,-0.001234,-0.000905,0.000410,0.622447,2.378087,2.276497,2.554219,2.694683,3.739144,4.068719,3.680832,3.391205,0.013946,0.666975,1.183405,0.005570,2.733987,3.322261,2.703381,1.322581,0.006214,1.478509
-10.170612,5.363039,0.000410,-0.000576,0.000081,0.000081,0.000081,0.000081,-0.000248,0.000081,0.000081,-0.000248,0.000739,-0.000576,0.000739,0.633954,2.395512,2.298196,2.578703,2.704348,3.743976,4.066142,3.682121,3.379929,0.013624,0.514591,1.184050,0.005248,2.685018,3.321295,2.713046,1.391524,0.005570,1.530377
-9.002789,8.395585,0.000410,-0.000576,0.000081,-0.000248,-0.000248,-0.000576,-0.000905,-0.000248,0.000739,0.001067,0.001396,0.000410,0.000739,0.635598,2.399129,2.327785,2.601577,2.722389,3.746232,4.071297,3.683731,3.359955,0.013302,0.311949,1.202735,0.006214,2.682763,3.323550,2.714979,1.394746,0.005570,1.594810
-9.378064,10.912562,0.000410,0.000739,0.000739,0.000081,0.000081,-0.000248,0.000081,-0.000248,0.000739,0.000739,0.000410,0.001396,0.000739,0.627379,2.409320,2.335676,2.593201,2.666010,3.739788,4.076774,3.673100,3.348035,0.013946,0.485918,1.255893,0.005892,2.672776,3.308086,2.720778,1.507504,0.006214,1.518457
-10.388401,4.062957,0.000410,0.000081,0.000410,0.000081,0.000410,0.000081,-0.000905,0.000081,0.001725,-0.000248,-0.000576,0.000081,-0.000576,0.636255,2.369210,2.307073,2.578381,2.638304,3.713371,4.059699,3.645716,3.332571,0.013946,0.500093,1.329991,0.006214,2.593845,3.269749,2.660533,1.324192,0.005570,1.191137
-9.760034,7.046156,0.000739,0.000739,0.000410,0.000410,-0.000576,-0.000905,-0.000905,-0.000576,0.001725,0.000739,0.001067,0.000739,-0.000905,0.635269,2.341594,2.274853,2.586435,2.586435,3.729157,4.057121,3.654414,3.328060,0.013302,0.148611,1.185983,0.005570,2.608343,3.283602,2.639915,1.342555,0.005892,1.366395
-9.511282,6.562590,0.000739,-0.000248,-0.000576,-0.000248,0.000081,0.000081,0.000410,0.000081,0.002054,0.000410,-0.000248,0.000081,0.000410,0.635598,2.360005,2.293264,2.622196,2.579026,3.730123,4.066786,3.649582,3.354156,0.012657,0.304217,1.190815,0.005248,2.594167,3.284246,2.652801,1.355119,0.006536,1.403122
-8.934779,7.950083,0.000410,0.000081,0.000081,0.000081,-0.000248,-0.000905,0.000410,0.000081,0.000410,-0.000576,0.001067,0.001725,0.020794,0.645461,2.365594,2.322196,2.613819,2.585469,3.733023,4.065176,3.689208,3.369942,0.013302,0.271034,1.204024,0.005248,2.640881,3.284890,2.729477,1.454669,0.005248,1.387336
-9.320005,8.521190,-0.000248,0.000410,-0.000576,-0.000576,-0.001234,0.000081,0.000739,0.000081,0.001067,0.000739,0.000081,-0.000248,0.011588,0.653352,2.360005,2.339950,2.606732,2.579348,3.734311,4.080640,3.686631,3.360599,0.013302,0.275544,1.206923,0.004603,2.665366,3.291978,2.781023,1.491718,0.005892,1.482375
-8.560934,9.302968,0.000081,0.000081,0.000081,-0.000248,-0.000576,-0.000248,0.000739,0.000739,0.001396,0.000410,0.000410,0.000410,0.011917,0.667818,2.360991,2.349813,2.599322,2.599644,3.736567,4.081606,3.685664,3.355122,0.013302,0.458534,1.254604,0.005570,2.666010,3.290689,2.796487,1.478187,0.006214,1.194681
-8.518578,9.918916,0.000410,0.001396,0.000410,0.000739,-0.000248,-0.000905,-0.000248,0.000410,0.000410,0.001067,0.001396,0.000410,-0.000248,0.674393,2.359676,2.358690,2.641204,2.567105,3.747198,4.095137,3.689208,3.355767,0.013624,0.653122,1.352542,0.006536,2.650869,3.291011,2.783601,1.533921,0.006536,1.648290
-8.594705,10.126138,0.000081,0.001067,0.000410,-0.000248,-0.000576,-0.000905,-0.000248,-0.000248,0.001067,0.001725,0.000739,-0.000576,0.000739,0.683270,2.366251,2.347183,2.650869,2.577093,3.744943,4.095459,3.686953,3.344169,0.013302,0.641201,1.420841,0.006858,2.632827,3.289723,2.791977,1.618329,0.006536,1.644102
-8.117503,10.301878,-0.000248,0.000739,-0.000248,-0.000576,0.000739,0.000410,0.000410,-0.000248,0.001067,0.000410,0.000410,-0.000248,0.005013,0.712859,2.386635,2.372498,2.633149,2.562273,3.741399,4.099970,3.677932,3.307442,0.012980,0.634436,1.415364,0.005892,2.569683,3.280058,2.782634,1.510081,0.006536,1.644746
-8.393858,11.002140,0.000739,-0.000905,-0.000248,-0.000905,-0.000576,-0.003207,0.000739,0.000410,0.001067,0.000410,0.000081,-0.000248,0.006328,0.715818,2.375786,2.385978,2.628961,2.558729,3.743332,4.089982,3.669878,3.311952,0.013624,0.671485,1.427929,0.005892,2.618008,3.280702,2.795521,1.605442,0.006858,1.637981
-8.723505,10.627803,0.000081,-0.000248,0.000081,0.000410,-0.000905,0.001725,-0.000248,0.000739,0.000739,0.000739,0.001725,0.000410,0.012574,0.713846,2.365923,2.378745,2.630250,2.576448,3.749775,4.107702,3.666657,3.326127,0.014268,0.721098,1.432117,0.005570,2.671487,3.285857,2.804864,1.654733,0.006858,1.636692
-8.203006,11.168283,0.000081,0.000081,0.000739,-0.000248,-0.000248,-0.000576,0.000081,0.000410,0.000081,0.000739,0.001067,0.000081,0.084247,0.727983,2.391567,2.392553,2.627350,2.616397,3.755252,4.113823,3.669878,3.331282,0.014268,0.652155,1.503960,0.007181,2.659567,3.290045,2.805508,1.671808,0.007503,1.628316
-8.799305,9.247746,0.000410,0.000410,0.003040,-0.000248,-0.000576,-0.000905,-0.000905,0.000081,0.001067,0.001396,0.000410,0.000739,0.180906,0.767107,2.437924,2.425759,2.655057,2.680508,3.762018,4.123488,3.666334,3.308731,0.012980,0.673418,1.520068,0.006536,2.690495,3.276836,2.800353,1.699192,0.007503,1.580635
-9.484079,7.058581,0.000081,-0.000905,0.001725,-0.000248,-0.000248,-0.000248,-0.000248,-0.000576,0.000081,0.000410,0.000739,0.000739,0.252578,0.812806,2.436937,2.397156,2.682763,2.766526,3.769750,4.123488,3.665046,3.291978,0.014268,0.847387,1.528767,0.006214,2.704348,3.285857,2.791655,1.714334,0.091910,1.610919
-10.441409,8.581771,0.000410,0.000081,0.000410,0.000410,0.000739,0.000081,0.000410,-0.000576,0.000410,0.000410,0.000739,0.000081,0.400197,0.877903,2.445157,2.374799,2.724000,2.867042,3.793268,4.138307,3.688564,3.331926,0.013624,0.900867,1.375416,0.006858,2.781668,3.326127,2.779413,1.728831,0.207889,1.572581
-10.147747,6.181766,-0.000248,0.000739,0.000410,-0.000248,-0.000248,-0.000248,-0.000905,-0.000248,0.000739,0.000739,0.001067,-0.002549,0.466938,0.933136,2.441540,2.410636,2.769103,3.020392,3.829350,4.148617,3.708216,3.351256,0.013624,0.510725,1.074191,0.004925,2.923098,3.374774,2.773936,1.715300,0.235918,1.478187
-8.965621,6.763043,0.000410,0.000081,-0.000576,0.000410,0.000410,0.000081,0.000410,-0.000576,0.001067,0.001396,0.000739,0.000081,0.535322,1.003165,2.413266,2.427732,2.849967,3.090624,3.870265,4.170846,3.739144,3.406347,0.013624,0.256536,1.039398,0.004925,3.004928,3.453383,2.781668,1.808084,0.511691,1.576769
-4.063315,1.123313,-0.000576,0.000739,0.000410,-0.000576,0.000081,-0.000905,0.000410,0.000081,0.001396,0.000410,0.001396,0.005341,0.627050,1.066289,2.363292,2.380717,2.849967,3.115431,3.878319,4.180833,3.770072,3.478190,0.014268,-0.000229,1.075480,0.004603,3.027802,3.438241,2.723034,1.757826,0.437271,1.613818
0.023828,-0.923776,0.000739,0.000410,0.000081,-0.000248,-0.000248,-0.000248,-0.000248,-0.000905,0.000081,-0.000248,0.000739,0.001725,0.644803,1.056755,2.248223,2.249209,2.657634,2.965946,3.758474,4.082895,3.680832,3.455316,0.014590,0.000093,1.117684,0.004603,2.902802,3.278125,2.401190,1.591267,0.117039,1.512658
0.386035,-0.461597,0.000081,0.000739,0.000081,-0.000248,-0.000576,-0.000576,0.000739,0.000081,0.000081,-0.000576,0.001396,-0.000905,0.100685,0.603378,1.577200,1.681092,2.324837,1.950159,3.539401,3.778448,3.501708,3.364787,0.013946,0.000415,1.224965,0.005892,2.360920,2.679541,2.079991,1.579991,0.007503,0.992684
0.029698,1.126403,0.000410,0.000739,0.000081,0.001067,0.000410,-0.000576,-0.000576,0.000081,0.000410,0.000410,0.001067,0.000081,0.080302,0.438006,1.066289,1.644927,2.122839,1.729798,3.472069,3.683731,3.423422,3.260728,0.012980,0.377993,1.488174,0.006214,2.269747,2.581925,1.810983,1.272645,0.005892,0.458856
0.367433,1.864535,0.000410,-0.000248,-0.000248,-0.000576,-0.000248,-0.000248,0.000081,0.001725,0.000739,0.000410,-0.000248,0.000081,0.001396,0.326881,0.962726,1.568981,2.103509,1.685983,3.484955,3.662791,3.436630,3.271359,0.013624,0.530699,1.503638,0.006214,2.255249,2.557118,1.767491,1.189849,0.005570,0.138624
3.217378,10.265205,0.000410,0.000081,0.000739,-0.000248,-0.000905,-0.000905,0.000410,0.000081,0.003369,0.001725,0.000410,-0.001234,0.000410,0.004026,0.717133,1.414458,2.070004,1.549707,3.479156,3.645394,3.433731,3.252674,0.013946,0.706601,1.483986,0.006536,2.201448,2.553897,1.785532,1.137336,0.005570,0.000415
5.316692,15.735839,-0.000248,-0.000248,0.000410,-0.000248,-0.000248,-0.000576,0.000081,0.001067,0.000739,0.001067,0.001067,0.001067,0.001067,-0.000576,0.523158,1.194181,2.078381,1.479797,3.445973,3.633474,3.381540,3.195973,0.012657,1.776189,1.698870,0.008469,2.148935,2.538433,1.829991,0.734307,0.002992,-0.000229
6.887899,20.099603,0.000410,-0.000576,-0.000905,0.000081,0.000081,0.001067,0.001067,0.000410,0.000081,0.000410,0.000081,-0.000576,-0.000576,-0.000576,0.283812,0.990343,1.937594,1.486563,3.312919,3.481089,3.065173,2.929864,0.011691,1.848677,1.979476,0.008147,1.974643,2.335791,1.303573,0.007181,-0.000874,0.102541
7.801737,22.306424,0.000410,-0.000248,-0.000576,0.000081,0.000081,0.000081,0.000410,-0.000248,0.000081,0.000081,-0.000248,-0.000905,-0.001563,0.000410,0.144083,0.921629,1.967556,1.625738,3.292622,3.412146,2.949838,2.810663,0.012013,1.797130,2.049064,0.007825,1.981087,2.243651,1.201769,0.006858,0.000415,0.690493
8.436041,22.662761,0.000081,-0.000905,0.001067,0.001396,0.000739,0.000081,-0.000248,-0.000576,0.000410,0.000081,-0.000576,0.000410,0.000739,0.001067,0.077014,0.971932,1.992040,1.659243,3.301965,3.425677,2.785534,2.744296,0.011047,2.186306,2.171809,0.010402,1.939849,2.182118,0.950158,0.006858,0.000737,0.635080
7.702644,22.406766,0.000081,0.001067,-0.000576,0.000739,0.000410,0.000410,-0.000248,-0.000905,-0.000576,-0.000248,-0.000576,0.000410,0.000739,-0.000576,0.140796,1.045905,2.003316,1.685661,3.289078,3.447584,2.766526,2.697260,0.010402,2.441461,2.222066,0.010080,1.905056,2.235597,0.899900,0.007181,-0.000551,0.701446
7.545815,22.225379,0.000081,0.000739,-0.000248,-0.000248,0.001396,0.001725,-0.001234,-0.000248,0.000739,0.001067,0.001067,0.000081,-0.000248,-0.000576,0.411704,1.191551,2.013947,1.764592,3.296166,3.446617,2.763626,2.663755,0.011369,2.735920,2.243329,0.010080,1.875416,2.195327,0.972387,0.380248,0.002348,0.770712
6.839783,21.739721,-0.000248,0.000410,0.000739,0.000739,0.000410,-0.000576,-0.000576,-0.000905,0.000410,0.001067,0.001067,-0.000248,0.009287,0.027698,0.514610,1.179387,1.977221,1.741073,3.314207,3.405702,2.675675,2.587080,0.010724,2.898936,2.228832,0.009758,1.798097,2.159244,1.031988,0.607696,0.002348,0.598354
6.570354,21.364911,0.000081,-0.000576,-0.000248,0.003040,0.000410,0.000410,-0.000905,0.000081,0.000739,0.000739,0.000081,-0.000248,0.090165,0.421238,0.673078,1.318128,1.956602,1.787143,3.350290,3.420200,2.658600,2.609953,0.010724,3.059052,2.272002,0.011047,1.746228,2.172453,1.110274,0.764913,0.331601,0.717232
6.768638,21.015483,0.000410,0.000081,0.000081,-0.002549,0.001067,-0.000576,-0.000576,0.001396,0.000739,0.000081,0.000081,-0.000248,0.143426,0.544199,0.725681,1.327334,1.975610,1.835146,3.377030,3.425354,2.711113,2.608987,0.009758,3.091591,2.266847,0.010080,1.688883,2.193716,1.376705,0.973676,0.564526,0.741717
6.222209,20.149242,-0.000248,0.000739,-0.000576,-0.001234,-0.001892,-0.000576,0.000739,0.000739,0.000081,0.000081,0.000410,0.000739,0.305839,0.652694,0.829245,1.382896,2.029089,2.119296,3.407635,3.497520,2.779090,2.617363,0.009758,3.190818,2.340623,0.079023,1.828702,2.248162,1.408599,1.320326,0.730119,1.008148
6.451766,20.013811,0.000410,0.000410,-0.000576,0.004026,0.331484,0.002382,0.001067,0.001067,0.000739,0.001067,-0.000576,0.000081,0.411704,0.703654,0.924588,1.465418,2.046808,2.177930,3.428576,3.508151,2.765882,2.622196,0.011369,3.179864,2.328059,0.317426,1.858664,2.264270,1.455635,1.495261,0.887013,1.039075
6.026490,20.217264,-0.000248,0.001725,0.000081,0.002382,0.763819,0.002711,0.002711,0.002382,0.002382,0.106932,0.060904,-0.000248,0.807217,0.806559,1.187935,1.511446,2.066783,2.305507,3.433409,3.523293,2.840624,2.638948,0.011691,3.241076,2.416010,0.469165,1.856731,2.344489,1.610597,1.719811,1.192748,1.156988
5.310741,19.268204,0.000081,0.004026,0.004684,0.234825,1.002836,0.006328,0.004026,0.003369,0.004026,0.504747,0.122056,0.320963,1.095879,0.870341,1.322402,1.484487,2.115107,2.469167,3.448550,3.520071,2.839335,2.670843,0.012013,3.267493,2.443394,0.550673,1.884759,2.351255,1.640880,1.840945,1.368973,1.268779
6.634155,19.109917,0.000081,0.005999,0.133891,0.351210,1.183989,0.006657,0.005999,0.005999,0.004684,0.649078,0.212139,0.468582,1.185633,0.967658,1.354293,1.498624,2.128638,2.668910,3.456927,3.512339,2.824194,2.639915,0.011369,3.297777,2.493330,0.613173,1.947581,2.400868,1.736563,1.901834,1.441460,1.242684
4.894359,18.646644,0.000081,0.213783,0.283812,0.390991,1.341142,0.007643,0.005999,0.006657,0.006985,0.690174,0.262441,0.556035,1.194181,1.054453,1.475281,1.439445,2.217878,2.821294,3.455316,3.521682,2.855121,2.642170,0.045518,3.252029,2.485920,0.642812,1.997195,2.459824,1.773934,1.959824,1.643780,1.418908
5.089671,19.352209,0.000081,0.340360,0.516254,0.436033,1.472651,0.015205,0.236468,0.010273,0.007643,0.795381,0.384745,0.640529,1.291826,1.093906,1.773148,1.445034,2.284244,2.887016,3.477545,3.546167,2.860920,2.656667,0.156987,3.339014,2.477221,0.737207,1.989785,2.479799,1.878638,2.035210,1.858342,1.635403
5.100378,19.012177,0.000081,0.456746,0.813135,0.772038,1.626187,0.241400,0.463321,0.011588,0.011588,0.917684,0.521514,0.739161,1.351663,1.142235,1.854683,1.552542,2.333536,2.939529,3.507185,3.579672,2.957892,2.692750,0.780377,3.398293,2.522969,0.924062,2.045198,2.487853,1.935017,2.214657,1.972710,1.786499
5.391533,18.236056,-0.095592,0.860149,1.163277,1.030124,1.694243,0.310113,0.674722,0.014876,0.111864,0.980808,0.659598,0.880533,1.616324,1.267169,1.969425,1.656434,2.371229,3.023936,3.530381,3.656025,3.008150,2.770714,1.195970,3.530058,2.485920,1.090944,2.068393,2.507183,1.957891,2.253961,2.015880,2.160533
5.511400,17.782730,-0.328363,1.137304,1.483172,1.248757,1.837258,0.451814,0.884807,0.019150,0.348909,1.013357,0.728640,0.939712,1.703777,1.389143,2.155838,1.764600,2.466912,3.156668,3.550033,3.719814,3.076449,2.762982,1.553251,3.648615,2.520069,1.232375,2.188239,2.566783,2.114463,2.425353,2.090623,2.313561
5.909708,18.811468,-0.412857,1.400321,1.691941,1.497966,1.960219,0.558665,1.092591,0.022766,0.476143,1.283936,0.901903,1.039001,1.800436,1.565693,2.234743,1.806683,2.521358,3.355122,3.598680,3.787469,3.199516,2.851255,1.957569,3.762340,2.501062,1.453380,2.314850,2.673742,2.168587,2.605121,2.240430,2.488497
6.198933,18.530716,-0.241238,1.563063,1.871122,1.697531,1.914520,0.546501,1.308265,0.026054,0.582337,1.424979,1.245798,1.275059,1.946082,1.691941,2.317265,1.772162,2.576126,3.397970,3.642494,3.833861,3.264272,3.000096,2.268780,3.811309,2.628961,1.668264,2.395713,2.720778,2.310662,2.684052,2.474966,2.748807
6.365286,18.822534,-0.070605,1.676160,2.001315,1.867505,2.065755,0.768751,1.494021,0.170714,0.722722,1.660051,1.568981,1.576871,2.095344,1.936547,2.345539,1.843834,2.636693,3.442107,3.653126,3.851580,3.281024,3.052609,2.566461,3.839660,2.711436,1.806473,2.487531,2.781990,2.432118,2.731410,2.579670,2.965946
6.420047,17.880136,-0.050221,1.804710,2.082851,2.038138,2.185756,1.114947,1.689311,0.522171,0.878560,1.786956,1.786628,1.826409,2.423458,2.083179,2.449102,1.827395,2.718201,3.516850,3.707572,3.879608,3.334182,3.220457,2.909567,3.882508,2.838691,1.900867,2.625740,2.935663,2.556796,2.882183,2.743008,3.100612
6.002739,17.109424,0.034602,1.921095,2.227510,2.312333,2.240661,1.322073,1.875396,0.781901,0.953192,1.854355,1.922739,1.916821,2.514198,2.234085,2.516171,1.895780,2.832570,3.623809,3.741721,3.912791,3.401836,3.274903,3.107377,3.915046,2.975289,1.993007,2.762338,3.031346,2.703704,2.999452,2.859632,3.262661
6.277700,17.703104,-0.067975,2.156824,2.414910,2.488554,2.403403,1.567008,2.252497,0.919986,1.205031,1.963835,2.175235,2.015781,2.610528,2.332388,2.566473,2.009206,2.875418,3.715948,3.780381,3.955317,3.477868,3.329027,3.204027,3.931477,3.045843,2.185984,2.824194,3.098034,2.842557,3.094490,3.073227,3.474968
8.001296,20.053892,0.019807,2.197263,2.617104,2.650638,2.414581,1.644270,2.379731,0.995603,1.301032,1.954630,2.341594,2.118358,2.704886,2.401101,2.613159,2.080220,2.973356,3.747520,3.811953,3.983668,3.537146,3.392171,3.438241,3.946619,3.080959,2.339335,2.849645,3.153125,2.912467,3.201449,3.145715,3.571940
9.606147,19.699963,0.423869,2.332059,2.849874,2.812065,2.505979,1.787943,2.498746,1.117249,1.206017,1.509473,2.843298,2.509924,2.790366,2.491184,2.720338,2.140714,3.024580,3.774904,3.851580,4.024583,3.558087,3.420844,3.692430,4.031993,3.161823,2.469167,2.931797,3.259117,3.030702,3.252029,3.307120,3.661502
8.348460,18.767943,0.489952,2.451074,2.934039,3.123082,2.723626,2.212058,2.852175,1.413143,1.341800,1.091933,3.048451,2.811079,2.915628,2.661488,2.794311,2.331073,3.079026,3.847392,3.879608,4.061310,3.577417,3.481089,3.836116,4.005253,3.306475,2.697582,3.076127,3.382829,3.105444,3.367687,3.415690,3.858990
4.547962,4.934068,0.236468,2.795298,3.360784,3.391031,3.136233,2.840668,3.280235,2.164386,1.879670,1.263223,3.143466,3.067520,3.239139,3.060616,2.993547,2.602309,3.115431,3.912469,3.916335,4.082573,3.578383,3.507185,3.944363,4.009441,3.383795,2.951449,3.189529,3.501708,3.254607,3.552610,3.464981,4.025227
