12.411704,2.150249,2.543459,1.337526,1.192209,2.642748,1.314841,3.825008,2.646693,0.581350,1.426952,1.254675,1.043933,2.169975,2.438581,2.718694,2.300826,0.000737,0.001704,-0.002807,0.002670,-0.001518,-0.000229,2.540044,0.006214,0.002992,-0.001840,-0.001196,-0.002162,-0.008283,0.005892,-0.012471,-0.000551
12.747930,2.127564,2.549706,1.407225,1.222127,2.678255,1.338512,3.846378,2.672009,0.605022,1.434513,1.259278,1.078782,2.234085,2.458965,2.744667,2.313977,-0.010539,-0.004095,0.002670,-0.000551,-0.000229,0.009436,2.461757,0.014913,-0.004417,0.002348,-0.001840,0.009436,-0.009572,0.009436,-0.010216,0.001059
12.545731,2.089755,2.552993,1.436815,1.231332,2.706530,1.345745,3.854926,2.696009,0.671434,1.421691,1.285580,1.097194,2.264332,2.473431,2.780174,2.313648,-0.004417,0.009436,-0.007961,0.000737,0.000093,-0.006995,2.455636,0.045840,0.000415,0.000737,-0.000874,-0.004095,-0.005062,0.007503,0.005248,-0.014727
13.116124,2.068056,2.557267,1.491062,1.243497,2.748612,1.357581,3.878598,2.733489,0.682283,1.453582,1.280977,1.135331,2.275839,2.491842,2.828175,2.333374,-0.000874,0.000737,-0.000229,-0.000551,-0.000874,0.001059,2.524580,0.230763,0.077090,0.002348,-0.005384,-0.005062,0.199835,-0.007639,0.004603,0.009114
13.211906,2.060165,2.583569,1.560762,1.330622,2.814366,1.391773,3.891091,2.761106,0.715161,1.499939,1.350348,1.161304,2.321867,2.541158,2.872888,2.345868,-0.008928,-0.003451,0.003959,0.000737,0.006536,0.008147,2.586113,1.176640,0.004603,-0.000229,0.000737,-0.001518,0.462078,0.002026,-0.002484,0.001382
13.162762,2.052275,2.601323,1.592324,1.318786,2.855134,1.418732,3.904571,2.777544,0.734558,1.492048,1.388814,1.167880,2.337977,2.561213,2.906422,2.403074,0.005892,-0.006028,-0.001518,0.010080,-0.007317,0.003637,2.664399,1.272323,0.010724,-0.005384,-0.000874,-0.012149,0.624127,-0.008283,-0.000229,-0.003129
13.180090,2.054248,2.619076,1.630790,1.326676,2.879134,1.426294,3.913448,2.789709,0.752312,1.560762,1.355937,1.182674,2.343895,2.552007,2.916943,2.478362,-0.002807,-0.005384,0.002992,-0.007639,-0.004095,0.007825,2.597389,1.333534,0.023289,0.004281,0.000737,-0.012794,0.720776,0.002992,-0.003773,0.004281
13.324923,2.041097,2.640775,1.658078,1.370732,2.895902,1.413801,3.924955,2.773928,0.757244,1.614351,1.342786,1.258621,2.366580,2.546089,2.944231,2.525048,0.001059,-0.028258,-0.001196,0.001382,-0.001518,0.000737,2.429219,1.410210,0.048740,-0.002162,0.003959,-0.001518,0.729153,0.014590,0.002670,-0.003451
12.596983,2.024329,2.639131,1.677147,1.351334,2.891299,1.401965,3.918050,2.728557,0.774997,1.699832,1.353636,1.356266,2.376772,2.538199,2.941930,2.560226,0.007503,-0.001196,-0.000874,-0.008606,0.002026,-0.003129,2.453703,1.668586,0.056472,0.000737,-0.001518,-0.005384,0.757503,0.002026,-0.003129,-0.000874
12.814270,2.038467,2.633871,1.687667,1.340485,2.869271,1.329635,3.907858,2.685159,0.757901,1.629146,1.391116,1.399664,2.359676,2.532281,2.917272,2.537870,-0.001518,0.000737,-0.002162,0.006214,-0.000551,0.000093,2.424064,1.754927,0.068714,-0.001196,0.000093,-0.001840,0.771678,0.012657,0.001382,-0.005384
12.475000,2.040439,2.648008,1.703777,1.339170,2.883737,1.352320,3.911804,2.680885,0.747709,1.613365,1.428595,1.428595,2.355402,2.552336,2.930751,2.555624,-0.008283,-0.002807,0.008791,-0.003773,0.002026,-0.001518,2.398291,1.794875,0.075157,0.001704,-0.001196,-0.000229,0.807439,0.090621,0.002348,-0.001518
12.792111,2.016439,2.655570,1.733367,1.362512,2.918587,1.394732,3.925283,2.670693,0.789134,1.576871,1.428595,1.414787,2.362306,2.548391,2.976122,2.580281,0.009436,-0.012471,0.007825,-0.014404,0.019101,-0.016982,2.411500,1.819360,0.192748,-0.000874,-0.000229,0.008469,0.944681,0.199191,-0.004417,0.002992
12.530275,1.960548,2.676283,1.776107,1.365800,2.937656,1.429911,3.937119,2.747626,0.852587,1.727120,1.503227,1.406568,2.368882,2.578966,2.998149,2.580939,0.010724,-0.004740,-0.001840,-0.000874,-0.009894,0.015235,2.370585,1.889270,0.223031,-0.000874,-0.003451,0.000093,1.145390,0.249771,-0.009250,0.081601
12.718953,1.935890,2.698639,1.868492,1.470021,2.969546,1.434185,3.938763,2.748941,0.899273,1.785313,1.504542,1.390787,2.407019,2.582583,3.011629,2.566144,-0.001518,0.001704,0.001704,-0.001840,-0.001196,0.001704,2.392170,1.968522,0.192425,0.000093,0.002348,0.000093,1.263947,0.279410,-0.009894,0.214655
13.015492,1.912218,2.786421,1.927342,1.642626,3.001437,1.403609,3.946325,2.749270,0.955164,1.837587,1.542679,1.467391,2.415896,2.598364,3.035629,2.579295,-0.001840,0.000415,-0.000229,-0.003451,0.001059,-0.001518,2.407634,2.027801,0.212722,0.002348,-0.000874,0.004281,1.322903,0.325802,-0.013116,0.255248
12.557228,1.880985,2.809435,2.008220,1.763942,3.035958,1.427938,3.954215,2.793983,1.006124,1.890191,1.591995,1.504213,2.431677,2.606912,3.052068,2.656228,-0.000551,-0.005062,0.005570,-0.004417,0.002348,-0.009250,2.367363,2.099966,0.119294,0.005248,-0.002484,0.017812,1.388303,0.243650,0.000415,0.279410
12.811386,1.724161,2.819298,2.081207,1.779395,3.078698,1.482185,3.997613,2.794969,1.179058,1.977644,1.630790,1.507829,2.436937,2.625652,3.083959,2.722311,0.007181,0.638302,0.001382,0.216588,-0.001196,0.005248,2.220778,2.147968,0.008469,-0.000874,-0.000229,-0.002807,1.384114,0.173096,0.016201,0.276188
12.666653,1.613036,2.830147,2.109152,1.791559,3.093822,1.512432,3.989394,2.798257,1.287224,1.985863,1.626187,1.503555,2.446472,2.626309,3.090205,2.734475,-0.001840,0.885725,0.002670,0.276511,0.003637,0.000415,2.015558,2.146035,0.014268,-0.005384,-0.000229,0.013302,1.299063,0.190170,-0.001196,0.333212
12.595707,1.576214,2.831134,2.093700,1.788600,3.091192,1.502898,3.985448,2.788394,1.311882,1.977973,1.591995,1.534131,2.447458,2.603295,3.102041,2.720995,0.002992,1.076124,0.006214,0.336755,0.000737,-0.000874,2.093845,2.166332,0.006858,-0.000874,-0.000229,0.002670,1.339333,0.202090,-0.006350,0.389913
12.790778,1.583776,2.823243,2.094686,1.771504,3.091520,1.497966,3.978544,2.738420,1.317142,1.981589,1.563063,1.544981,2.442855,2.631241,3.091849,2.722311,0.005570,1.454024,0.005248,0.394101,0.003637,-0.001518,2.170198,2.179540,0.008791,0.000093,0.002026,-0.004095,1.445004,0.253637,0.010080,0.434371
12.603303,1.601201,2.821599,2.061481,1.777422,3.081657,1.467062,3.976572,2.705214,1.274402,1.955945,1.632434,1.518679,2.448444,2.627624,3.087904,2.710475,-0.002162,1.555506,0.008147,0.436304,-0.006028,0.003315,2.184373,2.170520,0.013302,0.001382,-0.000551,0.002348,1.468844,0.238817,-0.001840,0.442426
12.494854,1.616653,2.797599,2.015781,1.789258,3.052725,1.437801,3.969996,2.713763,1.261251,2.056549,1.633749,1.496322,2.433650,2.625981,3.078041,2.681872,0.001704,1.574836,0.008469,0.439526,0.002026,0.002026,2.181796,2.171164,0.006536,-0.000229,-0.007639,-0.013116,1.465944,0.246549,-0.012794,0.438237
12.911109,1.576543,2.800887,2.036823,1.754408,3.059958,1.451281,3.966708,2.744338,1.302018,2.127564,1.715284,1.449966,2.452718,2.622693,3.085603,2.681872,-0.002484,1.636692,0.012335,0.517490,0.001059,0.005570,2.183406,2.181473,0.009436,-0.002162,0.002348,-0.010861,1.507826,0.273933,0.007181,0.485596
12.542065,1.400979,2.825873,2.088111,1.794518,3.087904,1.451938,3.968023,2.749599,1.482185,2.142358,1.725805,1.530515,2.445814,2.631570,3.097438,2.691077,-0.002162,1.727543,0.009436,0.558727,0.002026,-0.004740,2.204347,2.185984,0.045518,0.002026,0.000093,-0.001196,1.535854,0.396356,0.007181,0.563238
12.792557,1.351334,2.837052,2.142358,1.843176,3.114863,1.477582,3.974599,2.760777,1.569967,2.174578,1.739613,1.566022,2.455020,2.636173,3.117165,2.714749,-0.006350,1.820326,0.009114,0.588689,0.003637,-0.000551,2.214657,2.248162,0.066781,0.002348,-0.000551,0.000737,1.548741,0.514591,0.000415,0.572258
12.558690,1.327005,2.847572,2.189044,1.892163,3.124726,1.479226,3.963092,2.751242,1.615338,2.188715,1.739942,1.579502,2.464554,2.633871,3.121767,2.763407,-0.001840,1.936306,0.004925,0.666008,0.004603,-0.002162,2.214657,2.253316,0.068714,0.001704,-0.002162,0.029732,1.580635,0.570647,0.001704,0.651511
12.470002,1.314183,2.871573,2.273867,1.965479,3.158918,1.492377,3.971969,2.773928,1.631119,2.238031,1.792546,1.620598,2.475403,2.665104,3.135904,2.807462,-0.000874,2.252028,0.005570,0.818392,0.004281,-0.000874,2.314206,2.301963,0.082245,-0.004740,0.002992,0.147645,1.643780,0.673096,0.002348,0.835467
12.927439,1.302347,2.880121,2.286360,1.992767,3.182261,1.506514,3.970325,2.794969,1.675174,2.245921,1.828382,1.647557,2.502363,2.680885,3.156946,2.827189,0.008469,2.349322,0.016201,0.819681,0.007181,0.012980,2.329670,2.348999,0.094165,-0.001518,-0.000874,0.179539,1.685983,0.959823,0.006858,0.974320
12.576895,1.296429,2.886696,2.329100,1.998356,3.199357,1.520652,3.968023,2.778530,1.674517,2.269593,1.945095,1.659722,2.521103,2.715078,3.162864,2.863025,0.000093,2.438239,0.016201,0.941459,0.006858,-0.004417,2.387337,2.386693,0.119616,0.002670,-0.000551,0.184049,1.730120,1.110596,0.002670,1.062271
12.820742,1.295772,2.890970,2.325813,2.003946,3.194426,1.543337,3.970325,2.750914,1.681092,2.265647,1.953972,1.719230,2.531295,2.709488,3.156288,2.846586,-0.002162,2.564850,0.009758,1.075158,0.008469,-0.005706,2.443072,2.471100,0.295840,0.005248,-0.000874,0.212078,1.758148,1.390880,-0.000551,1.180506
12.418018,1.300703,2.898861,2.345539,2.019727,3.202316,1.559447,3.972297,2.747297,1.664982,2.291620,2.017425,1.786299,2.527021,2.723626,3.146096,2.857107,-0.003451,2.732699,0.008791,1.174385,0.005892,-0.000874,2.518781,2.530056,0.415686,0.000737,-0.000874,0.232696,1.832568,1.476254,0.020712,1.186627
12.799281,1.300046,2.892614,2.330415,2.007233,3.207248,1.554515,3.968023,2.744338,1.666626,2.300826,2.006576,1.747833,2.521431,2.715406,3.136562,2.849545,0.089977,2.839335,0.012980,1.167297,0.004925,-0.001196,2.591912,2.567105,0.408920,0.006536,-0.000551,0.247838,1.867040,1.513625,0.002348,1.266202
12.643099,1.304320,2.882093,2.284716,1.963835,3.167138,1.487446,3.960133,2.692392,1.644927,2.291949,1.995069,1.714627,2.506637,2.690420,3.118151,2.813380,0.058083,2.833859,0.172773,1.165686,0.000737,-0.004740,2.563884,2.569361,0.419230,0.002992,0.000093,0.253315,1.856086,1.525223,0.007503,1.283277
12.904456,1.288210,2.883737,2.287346,1.981918,3.175686,1.487446,3.958489,2.686146,1.665969,2.310032,1.990137,1.641311,2.498746,2.718365,3.114863,2.804832,0.092232,2.889593,0.315493,1.174385,0.006214,0.000415,2.530056,2.577415,0.412786,0.002348,-0.000229,0.281665,1.866396,1.588367,-0.002162,1.270068
12.384370,1.288868,2.894258,2.310032,2.001644,3.173384,1.519994,3.951914,2.684831,1.677804,2.320881,2.006247,1.652160,2.503678,2.720995,3.121110,2.854148,0.138624,2.962080,0.397967,1.201447,0.006214,0.001382,2.585469,2.626062,0.430828,0.001059,0.001382,0.325480,1.884437,1.627671,0.004281,1.352542
12.987821,1.270456,2.906422,2.400772,2.031891,3.178316,1.483829,3.955859,2.679242,1.726791,2.351457,2.008548,1.651831,2.506637,2.757160,3.133274,2.887354,0.153121,3.035212,0.491073,1.237207,-0.007317,0.002026,2.672131,2.672776,0.454024,0.001059,-0.000229,0.620583,1.954347,1.734308,0.008791,1.410210
12.461487,1.246127,2.912998,2.437924,2.069371,3.216453,1.520323,3.956845,2.728886,1.746189,2.364279,2.031891,1.569967,2.505650,2.754201,3.142480,2.908724,0.108340,3.128318,0.602542,1.227220,0.009436,-0.008606,2.715946,2.760405,0.470776,0.000093,-0.001840,0.856730,1.979798,1.887659,0.016201,1.541009
12.688544,1.223113,2.902806,2.449431,2.107180,3.218755,1.524926,3.955201,2.719680,1.772162,2.372498,2.056549,1.571940,2.517815,2.756832,3.138206,2.909052,0.416652,3.199839,0.631214,1.259759,0.002992,0.009758,2.781023,2.798420,0.485918,-0.002484,-0.005706,1.026511,1.996228,1.959179,0.008791,1.586434
12.832225,1.210949,2.913984,2.470472,2.137755,3.242426,1.531172,3.958818,2.723626,1.792874,2.398471,2.099618,1.477911,2.513541,2.761434,3.143137,2.913984,0.635080,3.225612,0.772967,1.291975,0.009436,-0.000874,2.807763,2.832570,0.505570,-0.000229,-0.000551,1.170841,2.027478,2.013625,0.013624,1.725932
12.569917,1.211277,2.930094,2.483952,2.146303,3.248015,1.539720,3.962434,2.725598,1.805696,2.396827,2.056549,1.510788,2.505322,2.768339,3.143137,2.936340,0.682116,3.257506,1.042941,1.336112,0.008469,0.000093,2.841913,2.856410,0.522000,-0.003451,0.088044,1.273290,2.022968,2.042620,0.007825,1.812916
12.643988,1.181030,2.936669,2.505979,2.167016,3.270701,1.557803,3.958818,2.719680,1.834628,2.397156,2.099947,1.507829,2.517486,2.770311,3.135576,2.931738,0.704024,3.271681,1.072903,1.365107,0.011369,-0.003773,2.875096,2.857377,0.522967,-0.003451,0.332889,1.337400,2.055185,2.057118,0.019101,1.887659
12.384412,1.188263,2.944231,2.514198,2.178194,3.262810,1.586406,3.956188,2.714091,1.830354,2.394855,2.096659,1.407883,2.522747,2.761434,3.130315,2.921875,0.737851,3.337725,1.076124,1.408599,-0.001518,-0.002807,2.900547,2.886049,0.530377,0.002670,0.501060,1.406344,2.088690,2.132182,0.005570,1.972388
12.295883,1.175113,2.945875,2.514527,2.172276,3.242755,1.618297,3.952242,2.714091,1.834628,2.398471,2.087453,1.352649,2.493157,2.754201,3.127685,2.896230,0.776511,3.370586,1.094166,1.410532,0.009114,-0.002484,2.918266,2.884761,0.538109,0.001382,0.567748,1.418586,2.079025,2.139270,0.024255,1.960468
11.626932,1.195496,2.929108,2.486910,2.173920,3.236508,1.596269,3.940736,2.676940,1.808984,2.373484,1.931945,1.129413,2.459622,2.724941,3.108616,2.888011,0.806794,3.368009,1.109630,1.373483,0.004603,0.000093,2.928575,2.877029,0.565170,0.003959,0.626704,1.410854,2.118007,2.147646,0.003959,1.930829
11.424868,1.174126,2.923847,2.509596,2.151893,3.218426,1.585748,3.937119,2.667735,1.818518,2.379074,1.913862,1.234291,2.440225,2.715735,3.088890,2.872230,0.830312,3.363499,1.170841,1.376060,0.017490,0.016201,2.983988,2.879284,0.595132,0.003315,0.678573,1.414398,2.130571,2.189850,0.014590,2.006216
10.705060,1.178071,2.930423,2.505322,2.173920,3.233549,1.607447,3.938434,2.682200,1.814573,2.376443,2.005589,1.547940,2.438252,2.710146,3.096123,2.881765,0.830635,3.379607,1.223676,1.450803,0.007181,0.258791,3.012016,2.879284,0.588044,0.004281,0.712400,1.503638,2.139592,2.225932,0.023289,2.062917
9.795674,1.145852,2.943573,2.523404,2.199564,3.212508,1.620269,3.919694,2.686146,1.865862,2.419184,2.041754,1.607118,2.446800,2.733489,3.096452,2.895902,0.819681,3.349001,1.241717,1.516846,0.008147,0.397645,3.017171,2.822905,0.617039,0.002026,0.756859,1.573548,2.141203,2.233342,0.012657,2.124772
8.976910,1.153742,2.932066,2.529979,2.202195,3.187521,1.600872,3.905228,2.634200,1.843176,2.404718,2.015124,1.759011,2.440882,2.725269,3.085274,2.884066,0.844488,3.347713,1.240751,1.598676,0.015235,0.513302,3.025869,2.837402,0.650866,0.002670,0.750415,1.651512,2.134760,2.263303,0.011047,2.155056
9.183728,1.119221,2.925162,2.527678,2.206140,3.182919,1.666955,3.897338,2.615460,1.884930,2.429376,2.001644,1.783011,2.431019,2.718694,3.075739,2.897217,0.842233,3.321939,1.415364,1.595777,0.009758,0.577091,2.954348,2.822261,0.906988,0.006214,0.819359,1.686305,2.128638,2.322260,0.168585,2.185662
8.076323,1.106399,2.933382,2.585213,2.225866,3.179302,1.711668,3.900954,2.660830,1.922739,2.448773,2.077262,1.848108,2.480006,2.723954,3.086260,2.982697,0.855119,3.275547,1.654089,1.675030,0.011691,0.633792,2.864464,2.838047,0.973676,0.003315,0.854475,1.737530,2.141525,2.526835,0.646034,2.226254
6.438373,1.123167,2.932066,2.605597,2.322525,3.246371,1.917807,3.995969,2.740064,1.959890,2.450417,2.224222,1.961534,2.541158,2.769982,3.156617,3.130973,0.860596,3.145070,2.260726,1.741396,0.003315,0.797452,2.733343,2.895392,1.152155,-0.000229,0.808727,1.778445,2.132182,2.677286,0.977542,2.263626
-1.846837,1.171825,2.908724,2.609542,2.319566,3.297331,2.138742,4.079477,2.937327,1.950027,2.522418,2.266963,1.991781,2.515842,2.800229,3.203960,3.278262,1.001704,2.986887,2.776513,1.924063,0.056472,1.058405,2.577415,2.906990,1.570648,0.011691,0.728830,1.807762,2.148935,2.724322,1.433083,2.377028
-6.476720,1.198127,2.731845,2.529979,2.195619,3.308180,2.451732,4.125833,2.983355,1.879012,2.459622,2.182468,1.876382,2.449759,2.750585,3.333167,3.383798,1.395390,2.973356,3.066462,2.192105,0.489462,1.354797,2.286177,2.740753,2.108664,0.011047,1.030055,1.893780,2.133471,2.773936,1.513625,2.156345
-7.785500,1.228045,2.802859,2.581597,2.298853,3.450538,2.682858,4.177779,3.178316,1.917807,2.574364,2.397156,1.952986,2.485595,2.788722,3.382154,3.552128,1.633792,2.919877,3.225290,2.356087,0.747516,1.368006,2.521358,2.943073,2.519747,0.010080,0.948547,2.309695,2.695005,3.036178,2.024901,2.597067
-8.038363,1.216209,2.797270,2.555624,2.289648,3.440346,2.691735,4.176135,3.180289,1.917479,2.561213,2.373813,1.952657,2.474746,2.771955,3.368345,3.553443,1.641202,2.934052,3.246553,2.342878,0.870583,1.374772,2.535211,2.954671,2.602222,0.010724,0.902477,2.283600,2.792943,3.076127,2.160211,2.632827
-7.767214,1.201414,2.738092,2.533596,2.212387,3.425223,2.667406,4.172519,3.145439,1.904657,2.532281,2.313319,1.907287,2.459294,2.755516,3.362428,3.542265,1.566782,2.866719,3.231089,2.253316,0.764269,1.343522,2.523613,2.953060,2.594812,0.011047,0.805184,2.272002,2.776513,3.052931,2.110919,2.596745
-7.877613,1.203387,2.736776,2.502691,2.207126,3.410428,2.637488,4.168245,3.104014,1.900383,2.518801,2.296223,1.896437,2.451403,2.736776,3.351907,3.524183,1.529089,2.826127,3.226256,2.226254,0.733985,1.332890,2.493652,2.945650,2.587402,0.011369,0.749127,2.238175,2.765237,3.036178,2.006216,2.568072
-8.097727,1.198455,2.724283,2.499075,2.187729,3.413058,2.609542,4.165286,3.114534,1.897752,2.519459,2.264004,1.900711,2.448444,2.728886,3.353551,3.515964,1.508792,2.796487,3.231733,2.209502,0.740428,1.324836,2.504928,2.939851,2.588046,0.011369,0.782310,2.233342,2.806152,3.035856,2.040365,2.572904
-8.330740,1.203716,2.718037,2.491184,2.202195,3.413058,2.634857,4.165615,3.142151,1.889862,2.517815,2.262031,1.890191,2.446472,2.720338,3.364071,3.527799,1.503638,2.806152,3.238821,2.249450,0.802606,1.339011,2.526190,2.932763,2.641526,0.010724,0.842233,2.275868,2.850611,3.041655,2.129927,2.558729
-8.913479,1.196811,2.691077,2.484938,2.191674,3.409113,2.626967,4.170546,3.130315,1.882300,2.511897,2.244606,1.879999,2.435622,2.722639,3.356839,3.534704,1.485274,2.844812,3.269749,2.287466,0.894745,1.330957,2.533922,2.935018,2.721101,0.006858,0.915364,2.312917,2.871874,3.045843,2.277157,2.584180
-8.893599,1.208318,2.697981,2.480006,2.196277,3.412072,2.679242,4.181067,3.149713,1.891506,2.511897,2.244277,1.883944,2.424444,2.732831,3.360126,3.518923,1.469166,2.867686,3.287145,2.431796,1.055828,1.376060,2.540688,2.938884,2.805508,0.012013,0.933727,2.312917,2.875418,3.048743,2.354476,2.624451
-9.507862,1.210620,2.697981,2.477376,2.203838,3.405168,2.702584,4.185341,3.156617,1.890519,2.514198,2.243949,1.877040,2.422471,2.719023,3.359140,3.558704,1.412787,2.878317,3.288756,2.463368,1.058728,1.406988,2.560984,2.943395,2.859632,0.011369,0.944359,2.333536,2.881539,3.060985,2.401190,2.638304
-9.536717,1.220483,2.690420,2.478362,2.186742,3.404182,2.719680,4.190273,3.176672,1.885588,2.511240,2.216989,1.873423,2.425430,2.717050,3.364400,3.546868,1.393135,2.877995,3.284890,2.470778,1.052606,1.415364,2.561951,2.945328,2.870263,0.010724,0.845454,2.352221,2.905379,3.061630,2.412788,2.636049
-10.105133,1.230675,2.696338,2.461924,2.162413,3.397606,2.725598,4.200793,3.195741,1.887560,2.516500,2.217976,1.874410,2.427074,2.715406,3.364729,3.557718,1.348676,2.884116,3.307764,2.468201,1.048096,1.409565,2.564528,2.949838,2.922776,0.011047,0.750093,2.363175,2.894103,3.073227,2.432762,2.634116
-10.016618,1.231004,2.695023,2.439567,2.147619,3.391359,2.768667,4.207040,3.183247,1.884273,2.518144,2.217647,1.878026,2.424444,2.703899,3.353222,3.554101,1.299385,2.872518,3.312274,2.457891,1.010081,1.404089,2.564850,2.925031,2.969168,0.012980,0.700802,2.378639,2.898292,3.071617,2.487853,2.647003
-10.244956,1.241853,2.691077,2.451732,2.123618,3.382483,2.779845,4.206382,3.170754,1.873095,2.504664,2.209099,1.862903,2.435951,2.694036,3.348619,3.547526,1.346099,2.859954,3.308086,2.440817,0.876704,1.412143,2.563239,2.933085,2.993653,0.014590,0.675351,2.345778,2.895070,3.077738,2.464979,2.634438
-10.351062,1.261908,2.683844,2.402087,2.103234,3.372948,2.808777,4.198163,3.170425,1.843834,2.479349,2.172605,1.857971,2.408663,2.694036,3.355195,3.537334,1.229475,2.824194,3.300999,2.370907,0.825480,1.377671,2.524257,2.944039,3.012338,0.013624,0.670841,2.337724,2.907312,3.059697,2.429541,2.625740
-10.666068,1.239552,2.676283,2.376443,2.053590,3.379524,2.788722,4.197505,3.133274,1.840546,2.454691,2.140057,1.833971,2.398800,2.697653,3.351907,3.529443,1.197259,2.793910,3.297777,2.347711,0.839011,1.367362,2.519425,2.944683,3.012660,0.008791,0.672774,2.332247,2.904413,3.060985,2.423098,2.608343
-10.549805,1.251388,2.670693,2.372827,2.037809,3.366373,2.805818,4.201122,3.122096,1.826409,2.442198,2.126906,1.825751,2.395512,2.693050,3.348290,3.530758,1.202091,2.830959,3.295844,2.355765,0.809372,1.350609,2.496229,2.940173,3.017815,0.012657,0.656988,2.334824,2.898292,3.060985,2.424064,2.595456
-10.696780,1.226730,2.672009,2.361649,2.024658,3.367359,2.807133,4.199149,3.146754,1.837916,2.434965,2.099289,1.814902,2.386306,2.671680,3.350592,3.526484,1.210467,2.800675,3.299388,2.354154,0.786176,1.342555,2.490752,2.938884,3.032312,0.013302,0.630570,2.307118,2.895714,3.053898,2.404090,2.597711
-10.805654,1.250730,2.671022,2.349484,2.011178,3.357167,2.802531,4.202108,3.172398,1.807998,2.426745,2.086796,1.858957,2.383676,2.676940,3.349606,3.536019,1.145390,2.808407,3.287468,2.333858,0.578057,1.347388,2.476255,2.915689,3.043588,0.013624,0.607696,2.276190,2.889915,3.052287,2.388626,2.583536
-11.272977,1.279333,2.671022,2.322854,2.002630,3.325277,2.803188,4.208684,3.220727,1.781696,2.410964,2.074303,1.808655,2.367238,2.664118,3.340400,3.542923,1.157310,2.841268,3.297455,2.322582,0.675351,1.332246,2.454670,2.930508,3.061952,0.014268,0.586111,2.306474,2.883794,3.067429,2.364786,2.553575
-11.151892,1.291498,2.692721,2.305758,1.973370,3.319030,2.830147,4.207697,3.210864,1.767230,2.377430,2.057864,1.792217,2.363621,2.661817,3.343688,3.556731,1.125738,2.804219,3.286823,2.311628,0.574513,1.320326,2.451126,2.920521,3.077738,0.013302,0.550673,2.287466,2.852866,3.066140,2.346422,2.517814
-11.577744,1.282621,2.673981,2.271565,1.947726,3.321989,2.810092,4.210656,3.210207,1.759011,2.396827,2.043727,1.790902,2.340279,2.646364,3.343359,3.549169,1.175996,2.804219,3.289078,2.294231,0.588044,1.307117,2.436628,2.916333,3.078060,0.014913,0.546485,2.305507,2.838047,3.068717,2.337079,2.503961
-11.557908,1.289196,2.672337,2.254798,1.955287,3.316728,2.808449,4.210985,3.198700,1.750792,2.395183,2.034850,1.766901,2.350799,2.635515,3.338756,3.538320,1.154411,2.735920,3.279091,2.282956,0.647645,1.286820,2.426319,2.913111,3.079993,0.010080,0.535531,2.279734,2.809696,3.059697,2.324837,2.509438
-11.881741,1.294128,2.672337,2.253812,1.927013,3.326920,2.797270,4.208026,3.200672,1.731065,2.372169,2.011836,1.759668,2.323511,2.608556,3.332838,3.527799,1.162787,2.755894,3.269426,2.267492,0.626382,1.285532,2.415366,2.911500,3.060341,0.013302,0.517812,2.274579,2.833859,3.052609,2.315172,2.501062
-12.256828,1.299059,2.670693,2.220606,1.923725,3.321989,2.807133,4.199478,3.177658,1.719558,2.367895,1.976986,1.757367,2.311018,2.585871,3.330208,3.525169,1.156666,2.725933,3.263627,2.258471,0.632825,1.289398,2.404412,2.904413,3.043588,0.013302,0.502026,2.227543,2.866397,3.055508,2.286822,2.485275
-11.942953,1.286566,2.666091,2.220277,1.908931,3.314427,2.806805,4.198492,3.178973,1.724490,2.346854,1.944109,1.748819,2.302799,2.569761,3.325605,3.529443,1.172452,2.679541,3.264916,2.241396,0.573869,1.272967,2.397646,2.899580,3.035856,0.012335,0.504926,2.211435,2.859632,3.042300,2.322582,2.465946
-12.620793,1.292484,2.652282,2.168989,1.811943,3.312126,2.810750,4.193231,3.163521,1.688983,2.323182,1.840217,1.562406,2.255127,2.547076,3.321989,3.529443,1.135725,2.623807,3.256862,2.110597,0.620905,1.237529,2.362853,2.862531,3.049065,0.010080,0.450802,2.109308,2.877351,3.035212,2.279090,2.405701
-12.347709,1.292484,2.655899,2.116057,1.784984,3.301276,2.811736,4.190601,3.151357,1.672544,2.310032,1.822793,1.523610,2.234414,2.538528,3.319687,3.537005,1.139591,2.618974,3.252996,2.094811,0.598031,1.223676,2.334502,2.842557,3.052931,0.013302,0.430505,2.102543,2.873485,3.046810,2.253639,2.418587
-12.607959,1.289525,2.650638,2.083508,1.756381,3.291084,2.792668,4.193231,3.151685,1.663010,2.285045,1.809313,1.515391,2.217647,2.533925,3.318372,3.524512,1.093521,2.535211,3.250419,2.066460,0.598354,1.200802,2.294876,2.819361,3.060019,0.018134,0.386691,2.050997,2.858343,3.020392,2.256538,2.420198
-12.886505,1.292484,2.645049,2.068713,1.728764,3.280564,2.786421,4.194218,3.131302,1.657420,2.307730,1.803395,1.502898,2.207455,2.524719,3.319359,3.520895,1.120905,2.485920,3.252996,2.052607,0.544230,1.184694,2.264914,2.807763,3.062274,0.015235,0.320969,1.981731,2.852222,3.029091,2.262981,2.421809
-12.408951,1.286895,2.637816,2.052932,1.699174,3.297989,2.787736,4.190273,3.142151,1.652160,2.319566,1.782025,1.479884,2.195619,2.523733,3.319687,3.507744,1.113173,2.474966,3.259117,2.034888,0.489140,1.183728,2.239463,2.792943,3.055831,0.012335,0.214977,1.948226,2.841590,3.007506,2.270391,2.400868
-12.641542,1.288868,2.625981,2.036823,1.656105,3.311797,2.791024,4.186656,3.134261,1.635064,2.304114,1.768874,1.465747,2.193318,2.503020,3.312126,3.490977,1.103186,2.472067,3.264272,2.013625,0.486240,1.164398,2.217878,2.779090,3.038756,0.013302,0.170518,1.912788,2.833214,3.010727,2.247195,2.360920
-12.440342,1.269799,2.622693,1.980932,1.603831,3.300619,2.758804,4.184683,3.138535,1.621256,2.283730,1.730079,1.398677,2.162413,2.478691,3.297331,3.478813,1.114462,2.448871,3.250419,1.974643,0.475609,1.140880,2.163432,2.780701,3.012660,0.005892,0.134114,1.801318,2.825160,2.984954,2.223999,2.327737
-12.653413,1.301032,2.604611,1.926355,1.514405,3.295687,2.753544,4.180081,3.133274,1.553200,2.273538,1.680434,1.363499,2.163728,2.478034,3.299961,3.467634,1.093521,2.427608,3.240109,1.959824,0.445003,1.110596,2.082247,2.768459,2.998485,0.011691,0.078379,1.705635,2.805508,2.965624,2.179863,2.297453
-12.725677,1.322073,2.594419,1.874081,1.505857,3.298646,2.763736,4.174163,3.112233,1.500925,2.230798,1.588378,1.319115,2.143345,2.462253,3.299961,3.467306,1.142168,2.384438,3.214658,1.933728,0.406021,1.098676,2.033600,2.729155,2.988498,0.016201,0.046163,1.584823,2.793588,2.955959,2.150546,2.247195
-13.142736,1.338183,2.584227,1.813916,1.474295,3.305221,2.753873,4.176464,3.115192,1.462459,2.210743,1.549912,1.296758,2.110796,2.450746,3.301276,3.447251,1.063560,2.346100,3.212403,1.914398,0.396356,1.054539,2.021357,2.680508,2.966269,0.012013,-0.003451,1.447259,2.741075,2.942428,2.143780,2.228510
-12.809260,1.355608,2.581597,1.733695,1.350348,3.290098,2.751900,4.171204,3.118480,1.423664,2.216661,1.537748,1.269470,2.079234,2.426417,3.298975,3.423250,1.036820,2.367685,3.199839,1.860275,0.326124,1.033276,1.975932,2.644425,2.916977,0.012013,0.000737,1.373483,2.704670,2.944683,2.054218,2.204347
-13.316019,1.396376,2.576336,1.722846,1.319772,3.289440,2.719352,4.165943,3.127685,1.356266,2.226524,1.468048,1.272758,2.065755,2.418855,3.296345,3.415360,0.958856,2.350932,3.189851,1.788754,0.293907,0.994294,1.915365,2.619618,2.857377,0.012013,0.000415,1.293908,2.690173,2.923421,2.009759,2.135726
-13.195287,1.564378,2.572391,1.684709,1.179715,3.269714,2.712776,4.160683,3.127356,1.162948,2.200880,1.357581,1.140592,2.024329,2.376115,3.290427,3.385770,0.932761,2.346422,3.174387,1.696292,0.140235,0.894101,1.827736,2.573227,2.839657,0.012657,-0.001518,1.080635,2.665366,2.880573,1.947581,2.035210
-13.581965,1.599885,2.564172,1.650845,1.176428,3.244399,2.727242,4.168245,3.136562,1.102125,2.188386,1.318128,1.063659,1.914520,2.376772,3.275632,3.352564,0.933083,2.295842,3.165045,1.666975,0.076446,0.873805,1.800030,2.491397,2.838369,0.011691,0.000415,0.792941,2.641526,2.860920,1.879282,1.973677
-13.453145,1.639009,2.529651,1.614351,1.160647,3.225659,2.701598,4.168574,3.101712,1.049850,2.179838,1.297416,0.992644,1.873752,2.354087,3.268399,3.354208,0.933083,2.224644,3.170844,1.624450,0.033598,0.844488,1.764592,2.407956,2.800675,0.010724,0.002992,0.597065,2.616075,2.817750,1.818071,1.868329
-13.700907,1.673530,2.525705,1.580159,1.161962,3.217768,2.692064,4.171533,3.099740,0.974891,2.170961,1.243497,0.966671,1.823121,2.346196,3.272344,3.336455,0.931150,2.145713,3.154735,1.615429,0.017812,0.743972,1.731409,2.326448,2.784889,0.012013,0.000093,0.060660,2.597067,2.784889,1.768780,1.752994
-13.450577,1.727449,2.501376,1.535117,1.196483,3.204946,2.673324,4.179423,3.095466,0.905848,2.170633,1.207990,0.957137,1.754408,2.319895,3.261824,3.341715,0.916975,2.121229,3.140882,1.576769,0.054861,0.544552,1.673419,2.159566,2.761049,0.012013,0.000093,-0.001518,2.560984,2.716912,1.612530,1.699836
-13.789713,1.746189,2.477705,1.475610,1.224100,3.172069,2.620720,4.184026,3.039246,0.874944,2.168989,1.172154,0.907492,1.653146,2.311675,3.250974,3.327907,0.885725,2.050674,3.136050,1.513947,0.037464,0.348031,1.595455,2.064527,2.717879,0.009758,0.001704,0.011369,2.519103,2.663755,1.493973,1.587078
-13.562117,1.807669,2.473102,1.433856,1.234949,3.162206,2.605268,4.198821,3.027081,0.798669,2.134797,1.139605,0.900588,1.643283,2.284387,3.244070,3.322646,0.845132,1.940494,3.104478,1.484630,0.007503,0.200480,1.578058,2.002672,2.690817,0.014590,-0.004740,-0.001196,2.489141,2.632183,1.422130,1.509114
-13.705333,1.849752,2.462910,1.385198,1.230346,3.135904,2.577323,4.199478,3.024451,0.747709,2.122632,1.095550,0.895656,1.557803,2.267291,3.240782,3.314427,0.800995,1.853831,3.074516,1.447903,0.002670,0.118972,1.517169,1.950803,2.669554,0.015557,-0.003773,0.000737,2.476899,2.545843,1.384114,1.480442
-13.637747,1.856656,2.450088,1.326676,1.216209,3.108945,2.551021,4.199478,2.971848,0.744093,2.144331,1.081413,0.887437,1.505857,2.271237,3.237495,3.309167,0.780377,1.713367,3.044233,1.397967,-0.004740,0.004925,1.486563,1.863818,2.651513,0.009758,-0.000551,0.005248,2.402479,2.439850,1.359308,1.433406
-13.236283,1.857971,2.453047,1.240209,1.174455,3.111904,2.500719,4.199807,2.978423,0.736202,2.136769,1.066289,0.900588,1.479884,2.248551,3.211522,3.277276,0.748805,1.493651,3.028124,1.365751,0.009758,0.006214,1.435983,1.826125,2.606410,0.007825,0.000415,-0.001518,2.394747,2.365752,1.260725,1.292619
-13.039670,1.885259,2.464883,1.218510,1.147167,3.068178,2.432334,4.199149,2.981053,0.740476,2.122632,1.047220,0.868368,1.469692,2.247894,3.189823,3.238152,0.667297,1.274900,3.002351,1.284243,0.004603,0.000093,1.410210,1.723032,2.555830,0.009758,-0.001196,-0.001196,2.368007,2.249450,1.225931,1.153122
-12.513721,1.902355,2.463568,1.146181,1.113961,3.066534,2.412937,4.188300,2.986314,0.718120,2.075618,1.041631,0.876588,1.469034,2.230798,3.168782,3.194426,0.652155,1.041653,2.966591,1.198547,0.004925,0.000415,1.289720,1.611563,2.464335,0.011047,0.000093,0.003315,2.323871,2.111886,1.077091,1.025222
-12.367218,1.939835,2.467184,1.015001,1.072536,2.991245,2.366251,4.189615,2.977108,0.714832,1.998356,1.034398,0.875930,1.459829,2.224551,3.130315,3.109932,0.500737,0.917941,2.941140,1.054217,0.015557,0.000093,1.096099,1.437272,2.407956,0.007181,0.000415,-0.001518,2.254927,2.036821,0.830957,0.816459
-12.326705,1.965151,2.479677,1.030124,1.080097,3.012944,2.310360,4.192574,3.001766,0.710887,2.030247,1.022234,0.904205,1.463445,2.209428,3.090863,3.065219,0.432116,0.785209,2.918266,0.956279,-0.003773,0.001704,0.948225,1.380248,2.334502,0.009114,0.001059,0.002348,2.100288,1.911821,0.647645,0.833212
-12.293327,1.950027,2.503678,1.071878,1.097194,2.995519,2.284059,4.192245,3.078698,0.732257,2.092385,1.048207,0.903547,1.474295,2.268935,3.067849,3.012287,0.397000,0.635080,2.881217,0.820325,0.004281,0.000737,0.871872,1.291331,2.282956,0.009758,0.000415,-0.003773,2.050674,1.868973,0.496549,0.736562
-11.218671,1.950027,2.518801,1.249415,1.173469,3.010314,2.273538,4.193560,3.124069,0.770394,2.106851,1.121852,0.947602,1.713969,2.337320,3.041547,2.982040,0.392168,0.505892,2.862531,0.799385,0.005570,-0.000874,0.832245,1.215300,2.259760,0.010724,-0.000551,0.004603,1.961435,1.852865,0.221098,0.692748
-5.934882,1.822793,2.550035,1.422349,1.227716,2.991245,2.229483,4.211971,3.125055,0.983110,2.147290,1.464760,1.278018,1.880656,2.440882,3.027739,2.854805,0.327090,0.424707,2.855444,0.723354,0.002026,0.002026,0.892490,1.313238,2.190494,0.007181,0.001382,-0.007639,1.918587,1.814849,0.008791,0.618972
2.464229,1.813916,2.482965,1.278018,1.229031,2.829161,1.953644,4.123861,2.960341,0.892040,2.092385,1.470349,1.218510,1.836601,2.399457,2.858093,2.476390,-0.000874,0.001704,2.592557,0.100608,-0.008606,0.009436,0.837400,0.983663,1.864463,0.011047,-0.000874,-0.002807,1.586756,1.391202,0.014913,0.139913
6.039839,1.729421,2.358361,0.791107,1.038015,2.768339,1.719230,3.925941,2.501376,0.685242,1.547940,1.214236,0.934780,1.907944,2.345210,2.681214,2.132166,-0.005706,0.012657,1.072903,0.015879,-0.005706,-0.002484,0.713044,0.787787,0.580957,0.002670,-0.000874,0.010402,0.676962,0.279410,0.000415,-0.001196
9.848895,1.774463,2.414581,1.043604,1.193524,2.711461,1.372376,3.872680,2.546418,0.674064,1.552214,1.209305,1.319115,2.317265,2.367567,2.562199,2.078905,0.000737,0.001382,0.063559,0.011047,-0.001196,-0.000874,1.167297,0.431472,0.103830,0.000093,0.000093,0.003315,0.157954,0.000415,0.016523,-0.011827
10.962121,1.980603,2.492500,1.142893,1.258292,2.702913,1.310238,3.846707,2.625652,0.689845,1.644270,1.125139,1.273744,2.405046,2.341922,2.473431,2.022028,-0.009572,-0.000229,-0.000874,0.003637,-0.000551,-0.015049,1.783599,0.546485,0.000093,0.001382,-0.001518,0.014268,0.055828,-0.009250,0.017168,0.000093
11.579910,1.969753,2.517486,1.229031,1.337855,2.707516,1.288868,3.853611,2.641104,0.717133,1.659393,1.170839,1.278347,2.447787,2.350470,2.499404,2.121646,0.001382,-0.002484,0.000737,0.001704,0.000093,-0.002484,2.064850,0.674384,0.003637,0.000093,0.000415,0.000737,0.058083,0.010402,-0.014082,0.002992
12.486406,1.984877,2.523733,1.288210,1.349362,2.697324,1.301690,3.868406,2.680885,0.726996,1.739613,1.239881,1.343772,2.455020,2.366251,2.570418,2.167345,0.001704,-0.002807,-0.003129,0.019423,-0.005706,0.000737,2.130894,0.740428,0.002026,-0.001518,-0.000229,0.001059,0.093199,0.008147,-0.001196,-0.003773
12.451022,1.983890,2.524719,1.272758,1.348704,2.676940,1.292155,3.866105,2.676940,0.719435,1.701147,1.218510,1.325690,2.445814,2.374471,2.566144,2.158139,-0.009250,-0.001840,0.000737,-0.002162,0.000093,0.000093,2.185017,0.762013,0.040364,0.009436,-0.007961,0.014913,0.098031,0.005570,-0.008283,0.010724
12.559608,1.980274,2.534253,1.310566,1.356595,2.699954,1.310566,3.878598,2.696666,0.728640,1.796491,1.216867,1.354293,2.453705,2.370197,2.604282,2.205154,0.007181,-0.004417,-0.002484,0.010402,-0.005062,0.001382,2.161499,0.828702,0.086755,0.003959,-0.001196,-0.004417,0.201446,0.000093,0.001382,-0.006028
12.550083,1.962849,2.552007,1.382239,1.357910,2.707516,1.326019,3.886160,2.691077,0.764805,1.844491,1.206346,1.407554,2.475732,2.390909,2.609542,2.234743,0.001382,-0.000874,-0.001840,0.003315,0.001059,-0.003129,2.139270,1.035532,0.093199,0.000093,-0.002807,0.013302,0.382181,0.007181,-0.003773,0.005570
12.405117,1.907287,2.536884,1.444048,1.368759,2.715406,1.329306,3.887475,2.699954,0.800313,1.865204,1.236593,1.419719,2.488554,2.395183,2.628611,2.246579,-0.000551,0.009758,-0.001196,-0.001840,-0.007961,0.001704,2.306474,1.125094,0.162464,-0.000551,-0.000229,-0.004095,0.568392,-0.006673,0.000093,-0.000229
13.057607,1.889533,2.538528,1.454897,1.391116,2.727571,1.325690,3.899310,2.698310,0.840094,1.842848,1.265525,1.403938,2.494472,2.429376,2.640775,2.293922,0.006536,-0.007961,0.002026,-0.006995,0.005248,-0.004095,2.085790,1.142490,0.205312,0.000415,-0.001840,0.020389,0.634758,0.004281,-0.002162,0.003959
13.076773,1.893807,2.567131,1.511446,1.394732,2.752557,1.326019,3.895694,2.708831,0.842395,1.894793,1.286566,1.406897,2.501048,2.432006,2.676283,2.296223,-0.001518,0.014268,-0.000551,0.001704,-0.013438,-0.002807,2.093200,1.145390,0.233340,0.001382,0.000415,0.005570,0.679539,0.001704,-0.000551,-0.001840
13.654499,1.869478,2.586199,1.554186,1.415773,2.798585,1.325361,3.899310,2.714749,0.892040,1.891834,1.276045,1.416102,2.503020,2.439896,2.696666,2.367567,0.004281,-0.014082,0.006858,-0.012471,0.007181,-0.006350,2.407311,1.201447,0.298418,-0.004740,-0.000229,0.001382,0.682116,0.008791,-0.014404,0.005892
13.574828,1.845478,2.604282,1.625201,1.502898,2.847572,1.333580,3.919694,2.735790,0.918342,1.923725,1.259607,1.394732,2.504335,2.491842,2.717379,2.376772,0.005248,-0.003451,-0.006673,0.002026,-0.003129,0.004281,2.386049,1.262658,0.349320,0.001704,-0.000229,0.002670,0.735274,0.155054,-0.000229,-0.010216
13.838305,1.857642,2.614145,1.692270,1.424979,2.864668,1.355279,3.919694,2.683844,0.887766,1.872437,1.208976,1.313525,2.487239,2.517486,2.748941,2.379402,-0.001518,-0.006673,0.006214,-0.004095,0.004281,-0.003129,2.401512,1.428895,0.450158,-0.000229,0.002026,-0.000874,0.745905,0.275222,-0.006028,0.015879
13.987271,1.863560,2.628611,1.724161,1.455226,2.877162,1.365800,3.919037,2.679570,0.888752,1.832327,1.211935,1.318786,2.480993,2.512226,2.797270,2.462581,-0.009894,0.000415,0.000415,-0.006673,-0.000551,0.000093,2.442427,1.518135,0.516201,0.001382,-0.000551,0.000093,0.845132,0.364784,0.010724,-0.011505
14.016570,1.864546,2.637159,1.759340,1.431883,2.862367,1.361526,3.916406,2.667735,0.890725,1.812929,1.668270,1.361855,2.477047,2.504993,2.830476,2.517157,-0.001840,0.006214,-0.001196,-0.007317,0.005570,-0.004417,2.452737,1.684695,0.531987,-0.000551,0.002670,-0.000229,0.890235,0.510402,-0.002484,0.004281
13.884721,1.882300,2.635186,1.785970,1.489418,2.865983,1.340485,3.912132,2.688447,0.886451,1.772490,1.685695,1.375992,2.477047,2.506965,2.825545,2.529651,-0.007317,-0.001196,-0.000229,-0.002162,0.004925,-0.004417,2.341268,1.800674,0.508147,0.002026,-0.001518,0.008469,0.913109,0.456279,0.002026,0.084178
13.839115,1.896109,2.639789,1.800436,1.425308,2.859737,1.308265,3.912790,2.703899,0.880862,1.788272,1.706407,1.367444,2.475732,2.498089,2.835737,2.518472,-0.000551,0.001704,0.004281,-0.008928,0.001059,-0.005384,2.394425,1.823548,0.558405,0.002026,0.000093,0.003959,0.941782,0.525222,0.017812,0.126704
13.708622,1.895451,2.643077,1.799121,1.451609,2.872559,1.313854,3.911146,2.682529,0.872642,1.722846,1.781039,1.384211,2.474417,2.489869,2.871573,2.499404,-0.005062,0.008147,0.001382,-0.000551,-0.002162,0.001059,2.404090,1.861241,0.584178,0.000737,-0.000551,-0.003451,1.125094,0.511047,0.018456,0.165041
13.717441,1.867834,2.647022,1.825094,1.453253,2.888340,1.294128,3.912461,2.693379,0.900917,1.772490,1.735011,1.386841,2.481650,2.515514,2.872230,2.494143,0.008469,-0.007317,0.000737,-0.006673,0.000415,0.006858,2.352221,1.891847,0.457245,0.002670,-0.001840,0.004281,1.286498,0.472065,0.003637,0.215944
13.639371,1.807669,2.639460,1.896109,1.707723,2.926149,1.328978,3.923968,2.696666,0.973904,1.838245,1.822464,1.409198,2.479349,2.516171,2.893929,2.478362,-0.000874,0.002992,0.007503,-0.002484,-0.000551,0.000093,2.300353,1.947581,0.378315,0.003637,-0.001196,0.002026,1.359952,0.446614,0.002026,0.279088
13.658871,1.744545,2.702256,1.963178,1.754079,2.972177,1.412157,3.945667,2.704557,1.058727,1.921753,1.904985,1.439774,2.493157,2.526692,2.936998,2.495459,-0.000229,0.002026,-0.001196,-0.004740,0.006536,0.000093,2.272324,2.040365,0.190492,0.000737,-0.006350,-0.002162,1.365107,0.291652,0.003637,0.338366
13.906082,1.656434,2.736119,2.043727,1.791888,3.010314,1.428595,3.950270,2.702913,1.154071,1.990466,1.904657,1.428595,2.492500,2.534582,2.948176,2.530637,0.006214,0.303250,-0.001196,0.074835,-0.001840,-0.005706,2.369940,2.094167,0.145389,-0.004740,0.006536,-0.006028,1.421486,0.264268,0.012657,0.384114
13.777196,1.575885,2.772941,2.120331,1.801751,3.031684,1.456212,3.950927,2.699297,1.245798,2.054905,1.954959,1.438459,2.530966,2.527021,2.962313,2.542802,-0.000551,0.486562,0.012013,0.075157,0.013302,0.000093,2.363175,2.145069,0.146034,0.001704,-0.003129,0.020067,1.461756,0.398611,0.005892,0.487529
14.034685,1.483172,2.811408,2.153865,1.847122,3.074424,1.470021,3.956516,2.713763,1.362841,2.084823,1.959561,1.441418,2.545103,2.542144,2.986314,2.557925,-0.000551,0.729475,0.001704,0.151511,-0.003129,0.000415,2.373484,2.198548,0.144423,0.000093,-0.000551,-0.003129,1.505248,0.505248,0.009758,0.560982
13.872970,1.402951,2.828832,2.166687,1.884602,3.109274,1.471993,3.961448,2.702584,1.467719,2.113098,1.947068,1.437801,2.564500,2.561870,2.987300,2.572062,0.000093,1.091266,0.008147,0.258147,0.003637,-0.001840,2.402801,2.236886,0.246549,0.001704,-0.000874,0.000737,1.596099,0.525222,-0.000551,0.646678
13.556037,1.373362,2.839682,2.183126,1.900054,3.146425,1.479555,3.966380,2.714091,1.504542,2.125591,1.963178,1.521309,2.584884,2.599350,3.027410,2.641433,0.003637,1.390558,0.005570,0.372516,-0.000551,0.004281,2.406345,2.268136,0.346098,0.000737,0.002992,-0.007961,1.660210,0.598676,0.019101,0.765557
13.759214,1.377965,2.843956,2.218633,1.912218,3.152343,1.506843,3.970325,2.712776,1.494021,2.128221,1.885588,1.753422,2.563843,2.614145,3.070150,2.717708,-0.008283,1.673419,0.003637,0.484307,0.001059,-0.000229,2.411500,2.311950,0.412142,0.001704,-0.000551,0.009758,1.684050,0.753637,0.008791,0.865751
13.627002,1.389472,2.845271,2.152221,1.874410,3.150699,1.512432,3.962106,2.708502,1.460486,2.138084,1.935890,1.815231,2.560226,2.628611,3.070808,2.708502,0.000093,1.805184,0.020712,0.447902,-0.001196,0.001704,2.409567,2.312917,0.414397,0.002670,-0.000874,0.004925,1.664720,0.800029,0.002670,0.897645
13.781345,1.324046,2.847901,2.177537,1.896437,3.174371,1.533145,3.962106,2.710804,1.556816,2.133810,1.851396,1.834628,2.572391,2.650310,3.110260,2.768996,-0.000229,1.903767,0.010080,0.621872,0.003637,0.000093,2.466912,2.323548,0.446614,-0.003773,0.000737,0.002670,1.722388,1.044230,-0.012471,0.912787
13.854326,1.320430,2.843956,2.180824,1.903013,3.174371,1.525254,3.957174,2.674968,1.557474,2.121646,1.844163,1.872108,2.584555,2.659844,3.103027,2.771626,0.001059,2.028767,0.005248,0.635402,-0.005706,0.014590,2.467556,2.392492,0.445325,0.002026,-0.000229,-0.013438,1.751383,1.123161,0.004281,1.032310
13.445806,1.315169,2.848559,2.187729,1.914848,3.164836,1.516377,3.951256,2.647351,1.554515,2.140386,1.820820,1.815888,2.595076,2.663461,3.104014,2.775571,-0.001196,2.187595,0.012013,0.747516,-0.006350,-0.001840,2.482054,2.423420,0.448225,-0.001518,0.005570,-0.000229,1.769424,1.192748,0.001382,1.085145
13.775925,1.280319,2.840668,2.196934,1.938849,3.174371,1.529857,3.954544,2.673652,1.594625,2.166359,1.873095,1.846793,2.593432,2.671022,3.105658,2.783133,-0.001196,2.280700,0.012335,0.773934,0.005248,-0.011827,2.487208,2.446616,0.473998,0.002026,0.000093,-0.000551,1.782955,1.192748,0.002670,1.075802
13.486661,1.265525,2.829161,2.224880,1.937862,3.169110,1.538405,3.954215,2.693050,1.614680,2.193975,1.936547,1.846135,2.590145,2.680557,3.108945,2.787736,-0.003773,2.348999,0.013946,0.827091,0.002026,-0.000551,2.550997,2.460469,0.550673,0.002992,-0.002484,0.010080,1.811628,1.254282,0.011047,1.063560
13.805747,1.245141,2.842312,2.244606,1.970740,3.168124,1.531501,3.959804,2.691077,1.659722,2.253483,1.954301,1.900711,2.590802,2.684173,3.110918,2.789709,0.003637,2.356087,0.011369,0.829346,0.001704,0.012335,2.572260,2.512660,0.597387,0.003959,-0.001196,0.002992,1.820648,1.382504,0.002026,1.112851
13.663030,1.249415,2.856449,2.272223,1.999014,3.185878,1.545309,3.960133,2.719023,1.663996,2.262689,1.980603,1.920109,2.585871,2.720338,3.119137,2.795955,0.006858,2.426641,0.016201,0.889591,0.009436,-0.005706,2.621229,2.555508,0.616395,0.002670,0.005570,-0.018915,1.838367,1.432439,-0.005706,1.166975
13.759381,1.252374,2.861709,2.303456,2.012165,3.187850,1.538076,3.951914,2.762421,1.668927,2.284387,1.985206,1.898410,2.579295,2.729544,3.118151,2.833106,0.000093,2.608343,0.363173,1.022001,0.012657,-0.003129,2.539077,2.590624,0.644745,0.001704,0.001382,0.008147,1.889914,1.536499,0.022000,1.226253
13.577173,1.268484,2.851518,2.334689,2.023014,3.232892,1.588378,3.952900,2.749927,1.670243,2.289319,1.974685,1.863560,2.545432,2.748612,3.120123,2.864997,0.154088,2.745907,0.608663,1.118972,0.000737,0.008469,2.549709,2.627350,0.715622,0.002026,0.033920,0.023289,1.936628,1.690494,0.006536,1.314205
13.897355,1.288210,2.864997,2.344224,2.045371,3.224673,1.596598,3.945996,2.739407,1.648544,2.282744,1.966794,1.777422,2.535240,2.759462,3.101384,2.852175,0.167297,2.861243,0.682761,1.157310,0.004603,0.008791,2.565172,2.668588,0.725931,0.007181,0.195325,0.171163,1.935661,1.799385,0.020712,1.312594
13.684821,1.290183,2.853819,2.319566,2.004603,3.199357,1.535775,3.939420,2.685159,1.627831,2.292278,1.916492,1.627831,2.512226,2.727571,3.087246,2.820613,0.261369,2.978833,0.799707,1.191460,0.004281,-0.002807,2.602866,2.673420,0.763946,0.002670,0.248804,0.472387,1.984953,1.873161,0.000415,1.355119
13.522724,1.289196,2.848230,2.282086,1.988493,3.210864,1.536433,3.933831,2.673652,1.621256,2.295894,1.890191,1.453582,2.489869,2.721324,3.075082,2.817325,0.324835,3.051642,0.849964,1.196614,0.003315,0.012657,2.656667,2.714335,0.843199,0.001059,0.283920,0.714333,1.967878,1.889270,-0.005384,1.369939
13.409503,1.270785,2.835079,2.324497,2.009535,3.209878,1.553529,3.934160,2.666091,1.652818,2.313977,1.894793,1.471665,2.504664,2.748941,3.085931,2.801216,0.427928,3.112854,0.879926,1.230442,0.002992,0.005892,2.766526,2.720778,0.881859,0.003959,0.411820,0.839977,1.988819,1.940816,0.005570,1.525545
13.603826,1.257305,2.851846,2.357046,2.020713,3.207577,1.548268,3.936133,2.675296,1.652489,2.323182,1.909917,1.485473,2.519130,2.751242,3.088890,2.811736,0.637335,3.185341,0.870583,1.286176,0.002670,0.001704,2.766204,2.771036,0.962400,0.008147,0.605119,1.035854,2.069682,2.060661,0.006536,1.645068
13.418533,1.246456,2.864011,2.360334,2.072001,3.208234,1.582461,3.946982,2.666748,1.693914,2.318251,1.924712,1.579502,2.514198,2.757160,3.081657,2.829490,0.687271,3.204349,1.073547,1.306150,0.009436,-0.003129,2.796487,2.782634,1.020712,0.008791,0.762013,1.053251,2.119940,2.137981,0.010402,1.706924
13.660480,1.227387,2.850202,2.374799,2.112769,3.196398,1.583776,3.941393,2.703571,1.735339,2.328114,1.955616,1.626187,2.522089,2.788722,3.082972,2.882422,0.724964,3.280702,1.185016,1.317426,0.014268,-0.005062,2.826449,2.801642,1.041975,0.004281,0.775544,1.177606,2.215301,2.240430,0.016523,1.787465
14.128484,1.209305,2.849874,2.417869,2.147619,3.195412,1.591995,3.937119,2.715735,1.765586,2.346525,1.976000,1.631119,2.533596,2.789709,3.083959,2.882422,0.774900,3.336437,1.224965,1.358341,0.004925,0.001704,2.845456,2.849645,1.115429,0.007825,0.856730,1.237851,2.233664,2.264592,0.004925,1.888947
14.094631,1.209962,2.866970,2.435293,2.169646,3.210535,1.633749,3.938434,2.708502,1.788929,2.338635,1.993425,1.663010,2.539185,2.816668,3.084616,2.903792,0.780055,3.360599,1.260403,1.363496,0.010402,-0.004740,2.830959,2.805508,1.151833,-0.001518,0.871550,1.270068,2.219167,2.274257,0.009436,1.920842
14.247912,1.224100,2.881765,2.457979,2.203181,3.249988,1.694572,3.937777,2.716721,1.785313,2.339292,2.028932,1.610735,2.536226,2.817325,3.109274,2.920559,0.798740,3.424710,1.244295,1.376060,0.004603,0.050029,2.935663,2.848678,1.157954,0.003315,0.919552,1.571937,2.243974,2.305829,0.003959,2.047131
14.505740,1.218839,2.887354,2.477705,2.226195,3.216453,1.715284,3.936133,2.723954,1.802409,2.370854,2.059508,1.651174,2.531952,2.826531,3.098425,2.924505,0.839011,3.409568,1.313560,1.416653,0.004603,0.171485,2.991720,2.885405,1.167619,0.005570,0.944681,1.594166,2.286177,2.331280,0.018134,2.097388
14.357381,1.214236,2.890970,2.492828,2.242305,3.202316,1.766244,3.931859,2.722968,1.815888,2.401759,2.074960,1.669256,2.538199,2.839682,3.111904,2.972177,0.847709,3.387339,1.376060,1.440171,0.000415,0.239462,2.994619,2.894426,1.181472,0.003637,0.948225,1.643780,2.263303,2.358664,0.111240,2.138625
14.158349,1.169852,2.891628,2.514198,2.246579,3.199686,1.764271,3.936133,2.743023,1.861588,2.412279,2.070686,1.689311,2.534582,2.827189,3.120123,2.984012,0.855441,3.400870,1.395068,1.456602,0.012657,0.325480,3.012016,2.895392,1.225609,0.002670,0.989462,1.676640,2.291010,2.521680,0.195969,2.182440
13.866465,1.182346,2.873545,2.493815,2.236387,3.159247,1.741586,3.923639,2.709488,1.846793,2.394197,2.137098,1.668599,2.505979,2.835408,3.114534,2.979409,0.863495,3.386372,1.423419,1.482697,-0.002162,0.338366,3.002995,2.886371,1.365107,0.004925,0.955957,1.644746,2.289399,2.548742,0.288109,2.139914
13.407219,1.159989,2.869600,2.502691,2.280113,3.191796,1.723175,3.920680,2.716064,1.889862,2.431677,2.182468,1.767230,2.510582,2.830805,3.145110,3.008999,0.888302,3.342558,1.694360,1.518457,0.007503,0.492683,3.011372,2.887338,1.457890,0.004603,1.101253,1.647323,2.301319,2.693717,0.582890,2.257505
13.220051,1.138290,2.878148,2.557267,2.359347,3.234207,1.738956,3.932845,2.714091,1.920109,2.473760,2.306415,1.809313,2.547733,2.854477,3.153658,3.065876,0.959823,3.356411,2.013625,1.531988,0.071291,0.699191,3.076449,2.906990,1.623483,0.004281,1.229475,1.623161,2.358020,2.835469,0.845132,2.391847
11.414205,1.135002,2.844285,2.572062,2.379402,3.245056,1.792217,3.948626,2.754530,1.945753,2.514198,2.478362,1.874081,2.636173,2.856778,3.166480,3.106644,1.110274,3.366076,2.192105,1.664398,0.092554,0.921807,3.074194,3.002995,1.652800,0.006536,1.300351,1.687272,2.433407,2.901513,1.181795,2.457891
4.533851,1.112975,2.818312,2.562199,2.387293,3.324948,2.002959,4.003859,2.928450,1.967452,2.557925,2.495787,1.910574,2.732174,2.864011,3.188179,3.221385,1.239784,3.320006,2.644103,1.875094,0.328701,1.094166,3.079026,3.024580,2.002994,0.010724,1.305184,1.771035,2.463368,2.911178,1.529089,2.571938
-6.621620,1.147824,2.844942,2.512555,2.297867,3.298975,2.254798,4.121888,3.082315,1.936219,2.510911,2.468828,1.965479,2.597378,2.848887,3.294701,3.366373,1.424063,3.104478,3.046166,2.003316,0.688882,1.172452,3.005251,2.993008,2.176963,0.008147,1.284887,1.810339,2.401835,2.853833,1.723677,2.482054
-8.790276,1.111331,2.676611,2.434636,2.190030,3.296345,2.504335,4.164300,3.038917,1.841861,2.454362,2.224880,1.864218,2.417540,2.681872,3.287468,3.511690,1.835790,3.022648,3.280058,2.471422,1.145068,1.491718,2.507827,2.946294,2.831603,0.032632,1.353509,2.141847,2.696294,3.011372,2.167943,2.512337
-9.918766,1.152756,2.694365,2.451074,2.217318,3.348619,2.592117,4.195533,3.088233,1.865862,2.485267,2.354087,1.915177,2.487239,2.704886,3.311468,3.598485,1.740751,2.840302,3.298099,2.479476,1.286498,1.491073,2.592234,2.986565,2.947905,0.042297,1.358985,2.232053,2.852866,3.058730,2.388948,2.616719
-10.408417,1.197140,2.703242,2.453376,2.242305,3.357167,2.671022,4.206382,3.112233,1.856656,2.539843,2.367238,1.922081,2.490198,2.709488,3.321002,3.616567,1.494295,2.807119,3.290045,2.493007,1.419875,1.504604,2.545520,2.998163,3.010727,0.037786,1.363818,2.329347,2.876707,3.065818,2.625095,2.665688
-10.900856,1.198784,2.697324,2.444828,2.233757,3.365058,2.667077,4.211971,3.122096,1.867177,2.513541,2.378087,1.913533,2.471458,2.726256,3.301934,3.628074,1.413754,2.800675,3.293911,2.474644,1.409888,1.493328,2.555830,3.003962,3.031024,0.013302,1.346743,2.352865,2.916333,3.066140,2.651835,2.671165
-11.338061,1.210291,2.707187,2.446472,2.234743,3.369989,2.675954,4.217232,3.155959,1.893150,2.540500,2.438252,1.912876,2.470472,2.732174,3.311139,3.633335,1.355764,2.826127,3.299710,2.498806,1.440815,1.497839,2.584180,3.010083,3.046488,0.021034,1.285854,2.362853,2.964658,3.079671,2.666332,2.685340
-12.078239,1.205688,2.709817,2.440554,2.220606,3.357496,2.684173,4.224136,3.186535,1.903013,2.536884,2.451074,1.921753,2.469486,2.760448,3.328235,3.630047,1.370583,2.830959,3.310341,2.497840,1.330313,1.489785,2.574515,3.017815,3.094813,0.016201,1.224643,2.377350,2.961758,3.089014,2.660856,2.684052
-12.299596,1.193195,2.704228,2.413266,2.213044,3.348948,2.704557,4.234657,3.203960,1.933588,2.532938,2.438581,1.920109,2.460938,2.769325,3.335468,3.639910,1.361241,2.850289,3.318396,2.490430,1.279733,1.431795,2.570649,3.012016,3.161823,0.088044,1.202413,2.359309,2.974323,3.061307,2.641204,2.679541
-12.619962,1.186948,2.706530,2.405704,2.219948,3.348290,2.710475,4.238273,3.201987,1.919451,2.530966,2.440225,1.918136,2.457979,2.773270,3.339414,3.657335,1.344488,2.817106,3.332249,2.510727,1.256859,1.424707,2.570971,3.009761,3.156991,0.093199,1.185983,2.352221,2.962080,3.092880,2.643781,2.660211
-12.504239,1.191222,2.698310,2.396498,2.223894,3.345003,2.713763,4.240903,3.219412,1.910574,2.522747,2.417540,1.917807,2.456664,2.775243,3.350263,3.652732,1.291331,2.808085,3.325805,2.502028,1.205313,1.430506,2.575482,3.002351,3.162467,0.013946,1.160210,2.347389,2.963369,3.082570,2.636049,2.686307
-12.563157,1.197798,2.700283,2.382690,2.207126,3.337441,2.729872,4.243533,3.235851,1.923725,2.517486,2.403074,1.917479,2.457321,2.792996,3.343359,3.644513,1.303895,2.821616,3.321617,2.502995,1.172774,1.397967,2.572904,2.999452,3.179542,0.012980,1.101253,2.332569,2.962403,3.072261,2.619296,2.665366
-12.569524,1.203716,2.693050,2.363292,2.200222,3.324619,2.757160,4.245506,3.233878,1.893150,2.496116,2.389923,1.907287,2.449759,2.772941,3.336783,3.642540,1.253960,2.873807,3.324517,2.493974,1.143779,1.401511,2.565495,3.004284,3.139594,0.010080,1.026833,2.328703,2.952415,3.055831,2.544554,2.661178
-12.799118,1.199770,2.695351,2.357703,2.188057,3.313112,2.762092,4.246492,3.231577,1.901040,2.503020,2.371512,1.905972,2.449759,2.774585,3.324619,3.628732,1.300996,2.874451,3.312597,2.497196,1.147645,1.384437,2.566783,2.989142,3.137338,0.013946,0.922129,2.325481,2.964980,3.039400,2.536822,2.648936
-13.067386,1.210949,2.696338,2.362635,2.181811,3.304893,2.768667,4.247150,3.234865,1.885588,2.507952,2.364936,1.902684,2.447787,2.778530,3.333825,3.636623,1.321936,2.883150,3.313241,2.498806,1.147323,1.400867,2.562595,2.982377,3.147326,0.014913,0.738818,2.314206,2.945972,3.042300,2.488175,2.629928
-13.550900,1.205360,2.694036,2.361320,2.192660,3.311797,2.798257,4.251095,3.250317,1.892492,2.509267,2.387622,1.910574,2.445157,2.776558,3.338099,3.639253,1.319359,2.881217,3.320006,2.503961,1.256537,1.369295,2.556474,2.983343,3.159890,0.014590,0.545841,2.336435,2.945650,3.044555,2.555185,2.647969
-13.946901,1.209305,2.692392,2.350799,2.180496,3.315085,2.816339,4.253396,3.244399,1.881971,2.513870,2.368882,1.915835,2.436280,2.778202,3.339085,3.657664,1.315171,2.889915,3.312919,2.497518,1.235918,1.346421,2.551642,2.980766,3.149903,0.014913,0.488173,2.325159,2.943395,3.038111,2.544232,2.635082
-14.113419,1.208647,2.690749,2.356060,2.204167,3.305879,2.810092,4.258986,3.246700,1.885259,2.511240,2.368224,1.903670,2.435951,2.770969,3.338756,3.656678,1.335145,2.890560,3.311630,2.492685,1.196292,1.353187,2.554219,2.969812,3.147648,0.011691,0.503959,2.322582,2.948872,3.051642,2.570971,2.624773
-14.290492,1.221469,2.676283,2.378087,2.210743,3.279249,2.815353,4.262273,3.254591,1.879012,2.511897,2.360005,1.892163,2.433321,2.760777,3.331852,3.655034,1.335467,2.880895,3.306153,2.491397,1.146679,1.363496,2.552930,2.970457,3.145715,0.012335,0.493650,2.337402,2.928897,3.056797,2.585147,2.631539
-14.340079,1.199113,2.676940,2.338306,2.167345,3.268728,2.809106,4.259972,3.243741,1.895451,2.507952,2.306744,1.879012,2.431019,2.744996,3.330537,3.648129,1.147645,2.864142,3.289078,2.448549,1.046163,1.343522,2.536822,2.955315,3.142171,0.012335,0.472709,2.327092,2.935018,3.047132,2.542621,2.628317
-14.407315,1.203058,2.670036,2.313648,2.160441,3.271358,2.801544,4.260958,3.247029,1.889862,2.491184,2.272552,1.872766,2.417869,2.728557,3.326920,3.637609,1.073225,2.859632,3.279413,2.433729,1.026511,1.320326,2.526190,2.964336,3.141527,0.014913,0.470776,2.291976,2.934374,3.039078,2.442750,2.609309
-14.361235,1.240209,2.671351,2.303127,2.157153,3.267742,2.814695,4.267205,3.246700,1.874738,2.492500,2.242962,1.854683,2.410307,2.721982,3.321002,3.645828,1.059050,2.846423,3.276192,2.417299,1.012980,1.311627,2.526835,2.955637,3.137338,0.011369,0.455312,2.279734,2.930830,3.038111,2.435018,2.608020
-14.279026,1.242840,2.670693,2.284716,2.155838,3.266755,2.788722,4.267205,3.248015,1.875396,2.491513,2.214030,1.844820,2.388608,2.711461,3.325934,3.626102,1.069359,2.839013,3.280380,2.401835,0.991395,1.315815,2.518136,2.945006,3.139271,0.013624,0.452735,2.269747,2.919555,3.042300,2.444360,2.597711
-14.384933,1.268155,2.673652,2.265647,2.155180,3.272016,2.788394,4.263588,3.243413,1.831341,2.501376,2.206140,1.831669,2.397485,2.719023,3.326592,3.619198,1.063238,2.827415,3.285535,2.408600,1.022323,1.310661,2.504283,2.953704,3.130895,0.012013,0.433405,2.299386,2.953382,3.033923,2.440494,2.597067
-14.854760,1.281963,2.667077,2.264990,2.142029,3.290098,2.815024,4.266219,3.252947,1.862903,2.479677,2.231455,1.831669,2.411293,2.718037,3.344345,3.610650,1.100931,2.815817,3.272326,2.414399,1.023289,1.318070,2.490752,2.946294,3.121552,0.015235,0.436627,2.458214,2.950482,3.033279,2.451770,2.580959
-15.095542,1.304649,2.669707,2.243949,2.122632,3.284180,2.822586,4.265890,3.237166,1.853697,2.446800,2.221263,1.812272,2.411951,2.717379,3.325277,3.607691,1.086434,2.820328,3.270715,2.417621,1.005892,1.315171,2.467234,2.934696,3.119297,0.016846,0.412464,2.469812,2.945650,3.036823,2.448226,2.585147
-15.468507,1.330622,2.660502,2.244606,2.131838,3.285495,2.835737,4.266876,3.217768,1.827724,2.459622,2.183455,1.810957,2.392224,2.700283,3.315413,3.595855,1.080635,2.752028,3.282635,2.418909,1.013624,1.306473,2.449515,2.925676,3.121874,0.013946,0.361884,2.400868,2.943073,3.030057,2.429219,2.552930
-15.521525,1.322073,2.644721,2.222907,2.107180,3.269385,2.830476,4.262273,3.211522,1.828053,2.443513,2.154523,1.781039,2.394855,2.677926,3.321989,3.608019,1.083534,2.751384,3.283924,2.385082,1.034565,1.298096,2.425997,2.924709,3.137016,0.019101,0.299706,2.395391,2.937918,3.039400,2.393780,2.519747
-15.651521,1.310566,2.654255,2.177866,2.063782,3.243413,2.836723,4.263917,3.183905,1.811614,2.422800,2.118029,1.769860,2.377101,2.663789,3.328235,3.597499,1.053251,2.659889,3.275547,2.317105,0.973354,1.270712,2.399257,2.914078,3.136372,0.012980,0.145067,2.304218,2.913756,3.030379,2.334824,2.506861
-15.545093,1.317471,2.667406,2.133481,2.031562,3.253933,2.849545,4.261616,3.190809,1.802737,2.403403,2.088111,1.724490,2.371841,2.631570,3.310482,3.587964,1.023934,2.610276,3.265238,2.242363,0.884436,1.265880,2.364463,2.858987,3.130573,0.013624,0.126704,2.238175,2.884438,3.003962,2.312273,2.454025
-15.556408,1.320101,2.668063,2.102577,1.994411,3.242097,2.847901,4.259314,3.192124,1.790244,2.374799,2.081864,1.696216,2.349813,2.616775,3.326920,3.561663,1.018779,2.561629,3.257184,2.219811,0.752671,1.228831,2.310340,2.811951,3.125740,0.012013,0.059371,2.082247,2.852544,2.987209,2.268780,2.442105
-15.429341,1.370074,2.653597,2.027288,1.885917,3.214809,2.864011,4.256027,3.227632,1.727120,2.372169,2.026960,1.612708,2.301812,2.591460,3.333167,3.546868,0.960467,2.454025,3.249774,2.061950,0.627026,1.176640,2.212079,2.716268,3.120586,0.020389,-0.006028,1.914076,2.842235,2.954026,2.233342,2.426964
-15.691857,1.387828,2.656228,1.999671,1.830354,3.224344,2.859079,4.255040,3.244399,1.700490,2.350470,1.970082,1.573913,2.273209,2.583898,3.323633,3.536676,0.938560,2.401190,3.237854,2.029411,0.601575,1.160210,2.162788,2.707570,3.116720,0.006536,0.001382,1.848032,2.808407,2.939851,2.192105,2.382183
-15.398748,1.393746,2.651625,1.970411,1.781367,3.216125,2.858751,4.259643,3.248344,1.710024,2.329100,1.912876,1.479226,2.260058,2.600994,3.332181,3.541608,0.895390,2.431152,3.223357,1.993651,0.581601,1.128960,2.081280,2.703381,3.073872,0.011691,0.001704,1.762659,2.778768,2.912789,2.136370,2.300030
-15.430584,1.431883,2.646036,1.946411,1.746189,3.210535,2.868285,4.256355,3.253604,1.659722,2.316607,1.910246,1.435500,2.243620,2.590145,3.325277,3.529114,0.921163,2.400546,3.227223,1.954991,0.527799,1.113496,2.019424,2.687595,3.053253,0.012013,0.001059,1.666975,2.776513,2.899902,2.058406,2.272002
-15.880088,1.445363,2.647680,1.889862,1.688983,3.202316,2.843956,4.250438,3.266755,1.632434,2.298525,1.883615,1.395061,2.187071,2.590145,3.323961,3.520238,0.891846,2.419554,3.230444,1.917942,0.575158,1.089011,1.950481,2.641526,3.041333,0.012657,-0.000874,1.518135,2.742363,2.899258,2.011692,2.198226
-15.876959,1.440431,2.629597,1.892163,1.683393,3.198042,2.864340,4.259314,3.258536,1.619941,2.283401,1.873095,1.348046,2.181811,2.577980,3.323961,3.524840,0.877349,2.389270,3.238498,1.912465,0.686627,1.039398,1.924386,2.624129,3.036823,0.012657,0.001059,1.469488,2.676320,2.896359,2.006216,2.166654
-15.873580,1.448979,2.645049,1.846793,1.657092,3.194426,2.864011,4.257342,3.280892,1.606790,2.276497,1.851396,1.357581,2.162085,2.575679,3.317386,3.516621,0.892490,2.370585,3.239465,1.881215,0.701446,1.009114,1.913754,2.580314,3.029735,0.011047,-0.000551,1.391202,2.661500,2.884438,1.980120,2.119296
-15.635774,1.471336,2.627624,1.775778,1.677147,3.191796,2.861381,4.258657,3.269714,1.590351,2.277483,1.834628,1.335224,2.158468,2.574692,3.316728,3.513991,0.892812,2.325481,3.225612,1.843522,0.755892,1.000093,1.887659,2.539721,3.021037,0.011369,0.001059,1.326447,2.650546,2.870263,1.967556,2.116396
-15.562557,1.487774,2.619405,1.753093,1.656105,3.186864,2.848887,4.252410,3.266098,1.571940,2.250195,1.788272,1.340156,2.144331,2.575021,3.312454,3.508073,0.871872,2.303574,3.210470,1.780378,0.681472,0.979475,1.810661,2.484631,3.008794,0.011691,0.001059,1.042297,2.647003,2.869297,1.935339,2.040687
-15.724685,1.509802,2.614145,1.727120,1.644270,3.183905,2.848559,4.252739,3.249988,1.534789,2.223894,1.781696,1.303333,2.139071,2.568117,3.303249,3.479141,0.868006,2.246229,3.210792,1.743973,0.669874,0.973998,1.783921,2.467879,2.983343,0.013624,-0.000551,1.041653,2.635727,2.858665,1.920197,2.070971
-15.665455,1.486788,2.593432,1.737312,1.577858,3.196398,2.851518,4.246164,3.252947,1.442075,2.219619,1.676489,1.248757,2.112769,2.548062,3.301605,3.480785,0.869294,2.224966,3.198872,1.726576,0.453057,0.948547,1.780378,2.415366,2.950482,0.008469,0.003637,0.903766,2.610920,2.830959,1.894424,1.954669
-15.842779,1.509802,2.580281,1.643612,1.311882,3.183576,2.830805,4.244191,3.234536,1.423335,2.215674,1.616324,1.196811,1.995069,2.525705,3.284509,3.482758,0.847387,2.196615,3.180509,1.702091,0.441459,0.854153,1.769102,2.344811,2.937274,0.009758,-0.000229,0.782954,2.571616,2.775224,1.809695,1.827736
-15.739389,1.525583,2.580610,1.615666,1.290511,3.175357,2.827846,4.247479,3.230262,1.401965,2.204496,1.599228,1.205360,1.976329,2.504007,3.286153,3.472895,0.853508,2.149901,3.169877,1.663432,0.432761,0.798740,1.737852,2.344167,2.946939,0.011691,-0.003773,0.751704,2.532956,2.762338,1.767169,1.797130
-15.377032,1.554515,2.567788,1.587392,1.275059,3.165823,2.807791,4.247479,3.214481,1.380595,2.186742,1.584433,1.202729,1.969096,2.498089,3.269057,3.455799,0.847387,2.092234,3.146681,1.635403,0.387658,0.725287,1.694037,2.334824,2.935341,0.014590,0.000093,0.462400,2.513304,2.757183,1.755893,1.775867
-14.906263,1.648872,2.557925,1.618954,1.224757,3.158918,2.764064,4.248136,3.182590,1.276703,2.195619,1.528213,1.193195,1.955945,2.484938,3.263468,3.462703,0.851253,2.078703,3.131862,1.585790,0.436304,0.582567,1.668264,2.238175,2.925676,0.006858,0.002670,0.187593,2.504605,2.737853,1.661499,1.784888
-14.594843,1.694900,2.538528,1.608434,1.230017,3.142809,2.734475,4.242547,3.141494,1.107057,2.165043,1.448322,1.136317,1.933260,2.479020,3.241111,3.447251,0.801962,2.032955,3.116398,1.579024,0.125737,0.438882,1.690494,2.070326,2.887338,0.011691,-0.002484,0.008469,2.462402,2.688240,1.557439,1.688238
-14.316676,1.708380,2.460609,1.590351,1.248100,3.137220,2.699954,4.236300,3.107301,0.985411,2.187729,1.285909,0.988041,1.881643,2.447787,3.227303,3.430154,0.800995,1.913432,3.092557,1.478509,0.022967,0.304861,1.589656,2.067749,2.874451,0.012980,0.000737,-0.001840,2.420842,2.632183,1.411176,1.553251
-14.313680,1.724819,2.452061,1.562077,1.251716,3.147083,2.689105,4.233670,3.112890,0.947931,2.218633,1.258949,0.964699,1.878026,2.436937,3.222042,3.406154,0.814848,1.814849,3.081282,1.391202,0.010080,-0.003451,1.526189,2.040365,2.847712,0.013624,-0.000229,-0.000874,2.423742,2.576126,1.370261,1.440171
-14.226235,1.724161,2.445814,1.580159,1.254347,3.172398,2.679570,4.229725,3.101384,0.942342,2.193975,1.243497,0.965356,1.874081,2.442198,3.223029,3.399250,0.792297,1.648934,3.080637,1.362207,0.002670,0.009114,1.495906,2.043587,2.831281,0.009114,0.004925,-0.005062,2.422775,2.527801,1.351898,1.416653
-14.471458,1.719230,2.442855,1.552871,1.252045,3.186535,2.683187,4.228410,3.088561,0.909136,2.147619,1.240209,0.953192,1.853039,2.429704,3.226316,3.394976,0.788109,1.519746,3.066784,1.339011,-0.002162,0.002992,1.455635,2.038110,2.786178,0.011369,0.000415,0.000415,2.431152,2.526835,1.272323,1.339011
-14.322791,1.728435,2.425430,1.536104,1.246785,3.180289,2.678913,4.228081,3.034643,0.871985,2.190030,1.196483,0.966014,1.788272,2.433978,3.215467,3.382811,0.860596,1.378315,3.061307,1.322581,0.012980,0.005892,1.416331,2.018780,2.783601,0.006858,0.001059,-0.005384,2.405378,2.495263,1.285532,1.319359
-14.938256,1.715613,2.422471,1.543008,1.232976,3.166809,2.685159,4.226109,3.031684,0.882177,2.217976,1.205688,0.946287,1.806354,2.425101,3.225001,3.366702,0.845132,1.271679,3.025869,1.230764,0.007181,-0.004417,1.432439,1.995584,2.748807,0.004281,-0.000229,0.003637,2.397002,2.485920,1.248161,1.285210
-14.525526,1.742244,2.423786,1.520980,1.238237,3.142809,2.662474,4.226437,3.028396,0.864423,2.240332,1.190236,0.948918,1.782025,2.410307,3.203960,3.375578,0.794552,1.080957,3.001385,1.093521,0.010080,-0.003451,1.315815,1.940494,2.707247,0.010080,0.002670,-0.010216,2.355121,2.453703,1.152800,1.158277
-13.621118,1.752435,2.459294,1.535775,1.230017,3.146096,2.624337,4.227424,3.070479,0.863108,2.219291,1.200099,0.973247,1.767888,2.421156,3.190480,3.363085,0.789075,0.878315,2.968524,1.083856,0.003637,0.000415,1.016524,1.913754,2.643781,0.014268,0.000737,-0.009572,2.305829,2.331925,1.053895,1.106730
-12.614863,1.749476,2.475075,1.521967,1.242511,3.133932,2.577651,4.224793,3.088233,0.890067,2.191674,1.235607,0.973247,1.815231,2.476719,3.181275,3.299632,0.708534,0.734629,2.936951,0.996872,0.013946,-0.005706,0.974320,1.817749,2.522969,0.011047,0.000415,-0.012149,2.272002,2.269102,0.922452,0.985596
-11.085959,1.739285,2.507294,1.536761,1.243826,3.152672,2.544774,4.212958,3.138535,0.947274,2.170304,1.310238,1.175113,1.914520,2.508281,3.141822,3.263468,0.639268,0.570647,2.878962,0.890557,0.011691,-0.006995,0.899256,1.735274,2.457247,0.008147,0.003959,-0.012794,2.170198,2.125739,0.717232,0.812593
-6.355269,1.537090,2.542144,1.578187,1.327663,3.137548,2.461595,4.235972,3.169439,1.301032,2.173920,1.560762,1.333580,1.986192,2.535569,3.100068,3.203631,0.612851,0.424707,2.825160,0.727220,0.002026,-0.012149,0.865428,1.681151,2.291976,0.013624,0.004925,0.002670,1.878638,2.033600,0.579990,0.707567
4.039465,1.482185,2.598693,1.597255,1.743230,3.049766,2.253483,4.233999,3.192782,1.485144,2.178852,1.868163,1.619283,2.188715,2.615789,3.050424,3.036287,0.103186,0.014268,2.645392,0.231085,-0.000229,-0.000874,0.676317,1.482697,2.040043,0.009114,-0.002162,0.008791,1.704347,1.815816,0.146678,0.550029
12.609638,1.875396,2.481650,1.407554,1.295114,2.895244,1.793532,4.072901,2.886039,0.887766,2.099618,1.479884,1.609420,2.372827,2.436280,2.814038,2.427403,-0.005384,0.005892,1.262336,0.010724,-0.002807,0.005892,0.971421,0.265557,1.043264,0.003959,0.003959,-0.009250,0.759436,0.571614,0.010402,-0.005384
14.516233,1.932602,2.535240,1.456870,1.376650,2.694365,1.262237,3.908187,2.720338,0.837793,1.872108,1.265854,1.252374,2.389923,2.337977,2.607241,2.252825,-0.005706,0.017490,-0.001196,-0.001518,0.000415,-0.007961,2.348677,0.028766,0.523611,0.002026,-0.000874,0.009114,0.415042,0.002670,-0.000874,-0.000551
14.865618,1.880985,2.573048,1.471336,1.627173,2.796284,1.338512,3.922324,2.815353,0.939383,1.974027,1.433198,1.083385,2.432992,2.372827,2.676283,2.272880,-0.008606,-0.001840,-0.003451,0.009114,-0.003451,0.007503,2.985276,0.032632,0.524256,0.004281,0.000093,-0.010861,0.591910,0.305828,0.001059,-0.003773
15.429099,1.880327,2.604939,1.514405,1.714955,2.842312,1.391116,3.923311,2.789709,0.944972,1.959561,1.420705,1.071221,2.463239,2.395512,2.681872,2.292607,-0.002484,0.000737,0.001059,-0.001518,-0.000551,-0.001196,3.078060,0.839333,0.541975,0.003315,-0.000551,0.001704,0.696614,0.460145,-0.008606,0.002348
15.388148,1.847122,2.628611,1.534460,1.734353,2.872230,1.387170,3.925941,2.778202,0.974562,1.931945,1.418075,1.076152,2.468499,2.395183,2.701927,2.317593,0.000415,-0.001518,0.000737,-0.002484,0.001382,0.000093,3.078060,1.172130,0.560016,0.001382,-0.001196,0.003959,0.766524,0.560660,0.003959,-0.004417
15.852995,1.837587,2.661488,1.576543,1.745860,2.910039,1.398348,3.937448,2.756832,1.015001,1.969425,1.445034,1.077796,2.477047,2.402087,2.714749,2.370854,-0.000874,0.003315,-0.002807,-0.001196,-0.000229,0.000415,3.082570,1.377027,0.658276,-0.002807,0.000093,0.001059,0.778122,0.586111,0.004603,0.002670
15.821240,1.866190,2.652611,1.592652,1.700818,2.903135,1.341471,3.920680,2.763736,0.962068,1.972055,1.437472,1.082728,2.467513,2.401430,2.695351,2.431348,0.000093,0.003315,-0.011183,0.000415,-0.000874,-0.004740,3.098356,1.417620,0.637013,0.003959,0.000093,-0.003451,0.753315,0.585467,-0.008928,0.001382
15.749668,1.813916,2.673324,1.650188,1.718901,2.935683,1.361526,3.931201,2.763407,1.023878,1.975342,1.466075,1.092262,2.465212,2.401759,2.725269,2.428389,0.003315,-0.000229,-0.001196,-0.003451,-0.001840,0.002348,3.086114,1.471421,0.716910,0.002348,0.002026,-0.004417,0.795841,0.611884,-0.001196,0.000093
15.727073,1.836930,2.681872,1.710681,1.742244,2.939299,1.371718,3.934818,2.725927,1.015329,1.998356,1.427609,1.140920,2.472116,2.391567,2.721982,2.453376,0.002670,-0.002162,0.003959,-0.008283,-0.000229,-0.000551,2.976900,1.505248,0.704346,0.002026,0.000415,0.006536,0.789720,0.608341,0.011047,-0.004417
15.860815,1.801751,2.702913,1.718243,1.786956,2.947519,1.388485,3.937119,2.741379,1.036700,1.998356,1.398677,1.204702,2.475732,2.401430,2.747626,2.444170,-0.001196,0.007825,-0.004417,0.009114,-0.000551,0.000093,2.958859,1.613496,0.744616,-0.001518,0.004925,-0.010539,0.861562,0.664075,0.004603,0.001382
15.806048,1.801094,2.743352,1.760326,1.785970,2.975793,1.379609,3.941393,2.737434,1.058727,2.014466,1.409198,1.083385,2.477376,2.417540,2.753544,2.457321,-0.008928,-0.002484,-0.002807,0.005892,0.000093,-0.006673,3.006539,1.680829,0.704990,0.003959,0.000737,-0.002807,0.930184,0.656988,-0.001196,0.002670
15.908543,1.799450,2.762749,1.812601,1.814902,2.984670,1.416760,3.939092,2.736776,1.079440,2.002630,1.370732,1.120865,2.466527,2.406690,2.761106,2.459294,0.000415,0.001059,-0.002162,0.009114,-0.005062,-0.000874,2.860920,1.738818,0.647645,0.000415,0.002992,-0.013760,1.110274,0.650222,0.015235,0.147967
15.732006,1.779066,2.753215,1.868492,1.804381,2.983684,1.400321,3.936790,2.717379,1.060042,2.032877,1.309251,1.284265,2.457650,2.427403,2.786750,2.472116,0.001382,0.007825,-0.005062,0.010402,-0.000551,-0.002162,2.826449,1.826125,0.612851,0.001382,0.000737,-0.001840,1.108341,0.704024,0.002992,0.165364
16.056741,1.784655,2.778202,1.958904,1.796820,2.989930,1.427938,3.936133,2.718365,1.075823,2.000987,1.375992,1.216209,2.464225,2.430033,2.792339,2.489869,-0.000551,0.001059,-0.000551,0.002670,-0.001840,0.005248,2.727222,1.820004,0.520712,0.000093,0.000093,0.006536,1.071936,0.619616,0.004925,0.178250
15.453326,1.848108,2.778530,2.090412,1.766244,2.975793,1.445363,3.947968,2.716064,1.008096,1.943452,1.523610,1.093906,2.451732,2.427403,2.880121,2.492171,-0.005706,0.008147,-0.003129,0.002348,0.005892,-0.010861,2.680508,1.850288,0.285531,-0.003773,-0.000551,0.020067,1.083534,0.594810,0.008147,0.168263
15.495493,1.874410,2.766695,2.083837,1.736326,2.963957,1.449308,3.929886,2.673324,0.952863,1.895780,1.815888,1.145852,2.437924,2.429047,2.866641,2.532610,0.001382,0.000737,-0.001518,-0.000229,-0.001840,0.000737,2.662466,1.907311,0.137657,0.004281,0.000093,-0.001196,0.981408,0.518779,0.003959,0.177606
15.479101,1.858300,2.758804,2.076275,1.729093,2.969875,1.477254,3.924626,2.642090,0.959767,1.895451,1.790902,1.136975,2.430691,2.446800,2.876504,2.520774,0.000737,0.011691,-0.008283,-0.001196,0.000093,0.005892,2.601255,1.892813,0.012657,-0.002807,0.000415,0.000415,1.067748,0.490428,0.003637,-0.012794
15.188410,1.852053,2.744996,1.969096,1.626845,2.945875,1.428267,3.909831,2.575679,0.940041,1.799779,1.563063,1.242182,2.403403,2.437266,2.864668,2.509596,-0.006673,0.013946,-0.001196,-0.009250,0.006858,-0.000874,2.544232,1.945971,0.009114,-0.001196,0.000415,-0.012794,1.078380,0.446614,0.001704,0.176317
14.987805,1.868821,2.758147,1.990137,1.684709,2.960012,1.430568,3.915749,2.562199,0.938397,1.805368,1.518021,1.410184,2.393211,2.432992,2.856449,2.517815,-0.000229,0.001382,-0.000874,-0.005384,-0.004740,-0.000874,2.524580,2.053574,0.123804,0.001382,-0.000229,0.000415,1.274578,0.542619,0.000415,0.208212
14.986784,1.846135,2.762749,2.017754,1.705421,2.985327,1.453582,3.921996,2.571405,0.948918,1.813258,1.429582,1.660051,2.402416,2.467842,2.918916,2.528007,-0.004095,0.439848,0.010080,0.072580,0.004925,-0.000874,2.507827,2.084824,0.223031,-0.000874,0.002670,-0.008606,1.383148,0.719810,0.018779,0.208534
14.732880,1.847450,2.783791,2.074631,1.772819,2.988615,1.448979,3.933503,2.602967,0.999548,1.859615,1.574241,1.748819,2.408992,2.502691,2.962642,2.560226,-0.006673,0.621549,-0.003773,0.128637,-0.000874,-0.000229,2.486564,2.121551,0.324191,0.000415,-0.001196,0.007503,1.446292,0.801640,-0.004095,0.241717
15.150085,1.841532,2.796613,2.142029,1.795504,3.027410,1.471993,3.949284,2.619076,1.000535,1.917150,1.615009,1.748819,2.426745,2.519130,2.989601,2.617433,-0.003451,0.966910,-0.004417,0.224964,0.001704,-0.004417,2.509760,2.145713,0.359307,0.002348,-0.000551,-0.003129,1.515558,0.867684,0.012980,0.278766
15.335450,1.802080,2.812065,2.173920,1.825423,3.059630,1.493035,3.959804,2.657871,1.053796,1.960876,1.625201,1.787614,2.434965,2.538856,3.034643,2.672995,-0.009894,1.212078,0.003315,0.387013,0.006214,0.000415,2.603188,2.157311,0.379281,0.003315,-0.001518,0.002348,1.573548,0.924062,0.012980,0.437593
15.504132,1.743559,2.818312,2.202195,1.861259,3.073438,1.495665,3.968681,2.669707,1.118564,1.987507,1.662023,1.776107,2.458965,2.533596,3.036944,2.711790,-0.017626,1.338045,0.008469,0.420518,0.009436,-0.004740,2.597067,2.166332,0.378637,0.002348,0.000415,-0.013438,1.577736,0.949191,0.002992,0.538109
15.565913,1.677476,2.815353,2.241647,1.925040,3.092507,1.500596,3.972297,2.687461,1.211935,2.077590,1.647229,1.838902,2.464225,2.552336,3.077383,2.737763,-0.002484,1.447903,0.004603,0.438560,-0.000551,0.000415,2.566783,2.270713,0.366717,0.002992,-0.001518,-0.000551,1.581279,0.981408,0.016523,0.546485
15.458404,1.455226,2.826202,2.252825,1.968767,3.121110,1.504542,3.975256,2.702256,1.433527,2.112769,1.623228,1.859615,2.476061,2.563843,3.087904,2.751900,0.002670,1.563883,0.013624,0.426962,0.006536,0.001382,2.577415,2.403123,0.314526,0.000737,-0.000874,-0.001196,1.587078,1.016202,0.001704,0.650222
15.593485,1.375663,2.829161,2.280113,1.978301,3.194754,1.507501,3.978544,2.737763,1.525583,2.149262,1.598570,1.856985,2.477705,2.585542,3.098425,2.801544,-0.004740,1.709179,-0.004095,0.491717,0.003959,-0.002162,2.659567,2.484953,0.338044,0.002026,-0.000551,0.000737,1.615429,1.195326,0.011691,0.846421
15.495115,1.351663,2.850531,2.297538,2.011178,3.219741,1.571611,3.989065,2.734804,1.567995,2.158468,1.636050,1.872437,2.483952,2.639789,3.131630,2.824558,0.000415,1.807117,0.008469,0.583534,0.004281,-0.003129,2.677608,2.554863,0.455634,0.000737,0.001059,0.141201,1.667620,1.374127,0.016201,0.980119
15.412778,1.340156,2.855463,2.315292,2.020055,3.215467,1.582789,3.988736,2.731845,1.578515,2.191674,1.636708,1.888876,2.485924,2.653269,3.117822,2.847244,-0.000551,1.952092,0.007503,0.799707,0.004281,0.004603,2.708858,2.623484,0.499771,0.000415,0.004603,0.192103,1.744295,1.460468,0.006858,1.083212
15.713117,1.364156,2.849216,2.273538,1.961534,3.205604,1.553857,3.992024,2.706530,1.543666,2.177537,1.606461,1.835286,2.467513,2.638474,3.108945,2.819298,-0.009894,2.123162,0.012657,0.790686,0.004925,0.001059,2.652801,2.585469,0.526511,-0.000229,0.032954,0.176317,1.741073,1.466266,0.003959,1.102220
15.640884,1.376650,2.846915,2.297209,1.983890,3.219741,1.568323,3.985777,2.705872,1.538076,2.230469,1.634078,1.821806,2.456335,2.656885,3.130644,2.834750,0.001382,2.204025,0.011691,0.818392,0.005248,-0.002807,2.684374,2.643781,0.548418,0.001382,0.239462,0.211433,1.811306,1.530700,0.009436,1.153122
15.913866,1.368430,2.852175,2.347511,2.009535,3.219412,1.561419,3.981832,2.689433,1.587392,2.210414,1.657420,1.896109,2.488883,2.653269,3.150370,2.848559,-0.007961,2.410211,0.013624,0.870261,0.004603,0.004603,2.728510,2.650869,0.573869,0.000737,0.351897,0.232374,1.822259,1.609308,0.007181,1.236241
15.904320,1.368102,2.860066,2.392553,2.026631,3.207577,1.568981,3.979202,2.696009,1.588050,2.213373,1.657420,1.920109,2.503020,2.655570,3.131959,2.848230,0.005248,2.563562,0.002992,0.942426,0.004281,-0.001196,2.751384,2.672454,0.607696,0.005570,0.412464,0.291008,1.867362,1.678896,0.019745,1.265235
15.872343,1.362512,2.864668,2.389923,2.051289,3.216125,1.567666,3.977558,2.712447,1.579502,2.230469,1.719558,1.915506,2.514527,2.684831,3.143137,2.855792,0.004281,2.592557,0.024255,0.961111,0.002670,0.001382,2.774258,2.671165,0.622194,0.004281,0.459178,0.342232,1.864463,1.707890,-0.009894,1.280377
15.835386,1.357581,2.863353,2.394855,2.085810,3.213823,1.587721,3.979202,2.710146,1.586735,2.255784,1.733695,1.912218,2.512555,2.678913,3.149384,2.864340,0.007825,2.615752,0.295840,1.002993,0.005248,-0.003451,2.761049,2.682441,0.642168,0.002992,0.447580,0.354152,1.856086,1.746550,0.012657,1.344810
16.516971,1.335224,2.864340,2.407019,2.106193,3.213166,1.591995,3.977229,2.712776,1.618625,2.227839,1.746518,1.920766,2.512883,2.701598,3.152672,2.888340,0.001382,2.663433,0.405377,1.027800,0.005892,-0.008928,2.738498,2.679219,0.639913,0.008147,0.410531,0.326768,1.849643,1.792942,0.003315,1.354475
16.138852,1.316156,2.875189,2.420499,2.127892,3.219084,1.615995,3.977229,2.710804,1.622899,2.261045,1.823450,1.938191,2.505650,2.699954,3.157275,2.886367,0.004281,2.691461,0.578057,1.073547,-0.001518,-0.005062,2.752995,2.684696,0.672451,0.001382,0.449191,0.372516,1.840945,1.876705,0.019101,1.373161
16.391247,1.318457,2.859079,2.425101,2.139071,3.208892,1.602844,3.970325,2.694036,1.638352,2.247236,1.842190,1.921095,2.513541,2.700283,3.155631,2.880449,0.001382,2.729155,0.695325,1.084501,0.005892,-0.001196,2.769425,2.700160,0.704990,0.002992,0.495583,0.623482,1.861563,1.916009,-0.010539,1.486241
16.721254,1.342457,2.865326,2.457650,2.157810,3.207577,1.652818,3.962106,2.711132,1.641311,2.273538,1.869478,1.927013,2.529651,2.717379,3.158590,2.938971,0.004925,2.785534,0.745905,1.153444,0.009758,-0.003451,2.792943,2.725289,0.731730,0.002348,0.584178,0.856408,1.926963,1.913754,0.021034,1.522323
17.282386,1.366458,2.875847,2.470801,2.163400,3.218097,1.648215,3.963421,2.705543,1.626187,2.282415,1.900054,1.940164,2.528336,2.710146,3.163850,2.943902,0.009758,2.897003,0.780055,1.155377,0.007181,0.000737,2.846423,2.755894,0.772001,0.002026,0.635402,0.990428,1.952736,1.969811,0.005248,1.718200
17.728705,1.331608,2.873216,2.468499,2.157810,3.235193,1.628817,3.962434,2.708173,1.659393,2.283730,1.918794,1.936876,2.527021,2.716064,3.168782,2.967574,0.007825,2.953704,0.783276,1.175029,0.001382,0.005248,2.849645,2.740753,0.787142,0.000093,0.633792,0.956279,1.972066,1.968844,0.010402,1.755893
18.064708,1.309251,2.877162,2.458965,2.154523,3.229275,1.649530,3.956516,2.730530,1.700490,2.276497,1.934904,1.943780,2.531623,2.719352,3.172069,2.971190,0.051962,2.964336,0.796485,1.182761,0.010402,-0.001518,2.914078,2.766204,0.785854,0.002026,0.661498,1.024578,1.979476,1.965301,0.006536,1.788754
18.320793,1.270785,2.885710,2.487239,2.211729,3.222371,1.662023,3.955530,2.727242,1.742901,2.287018,1.995397,1.942465,2.520445,2.721324,3.175686,2.994862,0.096742,2.989142,0.802284,1.208212,0.002670,-0.002484,2.944039,2.758472,0.850609,-0.001196,0.683405,1.153766,2.006216,2.057762,0.001382,1.860275
18.318632,1.269141,2.897874,2.489541,2.209428,3.232234,1.686352,3.965393,2.722968,1.754079,2.330087,2.009863,1.947068,2.510911,2.755516,3.176015,3.017218,0.579024,3.148614,0.848676,1.210467,0.004925,-0.000551,2.956604,2.822905,0.906021,-0.002807,0.774900,1.191782,2.021679,2.109953,0.011047,1.934695
18.692808,1.222784,2.890313,2.504664,2.227181,3.223029,1.686352,3.954544,2.733160,1.804710,2.297538,2.051617,1.938849,2.536555,2.751900,3.178973,3.023794,0.624127,3.229800,0.939204,1.226898,0.012980,-0.000229,2.912467,2.826127,0.984952,0.003315,0.805506,1.336112,2.043909,2.125739,0.009436,1.945326
18.634368,1.215223,2.876175,2.531952,2.239675,3.223029,1.735668,3.949941,2.741708,1.819505,2.304442,2.062138,1.945424,2.568446,2.751242,3.182590,3.023136,0.650222,3.300032,1.058728,1.231086,0.003959,0.003315,2.911823,2.829348,0.976253,0.002670,0.854153,1.396357,2.058406,2.199837,0.014590,1.975932
18.640431,1.233305,2.902148,2.565816,2.262031,3.210207,1.802080,3.936790,2.756174,1.808984,2.315621,2.098960,2.002302,2.563843,2.770311,3.183247,3.013602,0.666330,3.345780,1.140235,1.237851,0.009436,0.004603,2.941784,2.850933,1.065815,0.003315,0.854797,1.565171,2.091589,2.235597,0.035209,2.045520
19.161902,1.216209,2.915957,2.603953,2.276168,3.218755,1.793861,3.927913,2.743352,1.832656,2.304771,2.135454,1.993754,2.605268,2.752557,3.175028,3.021492,0.731408,3.399581,1.266846,1.272001,0.003315,0.002348,2.993975,2.845134,1.140880,0.002026,0.881537,1.593200,2.115430,2.262337,0.138946,2.071293
19.472853,1.173469,2.904121,2.631241,2.341265,3.200672,1.863231,3.924297,2.744009,1.881314,2.360991,2.186085,1.983233,2.623022,2.767681,3.185549,3.057657,0.749449,3.440818,1.294552,1.281666,0.004603,-0.005062,3.019748,2.881861,1.102542,0.000093,0.874127,1.585145,2.141203,2.285855,0.393779,2.105442
19.462324,1.141907,2.898203,2.657543,2.358690,3.203960,1.851724,3.923311,2.730859,1.907616,2.375457,2.258414,1.997699,2.609213,2.777873,3.198042,3.091192,0.776511,3.434375,1.426640,1.334179,0.006536,0.000737,3.058730,2.878962,1.129282,0.004603,0.892490,1.601898,2.139914,2.295198,0.548418,2.071615
19.278343,1.115605,2.890970,2.676611,2.376772,3.231577,1.833313,3.912790,2.693050,1.934575,2.409320,2.324826,1.972712,2.618419,2.779188,3.192453,3.096123,0.781988,3.444362,1.615429,1.373161,0.007181,0.026188,3.011694,2.915366,1.334501,0.010402,0.881537,1.621228,2.119296,2.317749,0.740106,2.117363
17.873934,1.179715,2.873216,2.675625,2.397813,3.254262,1.863560,3.906872,2.698968,1.874081,2.452718,2.303785,1.969753,2.634529,2.811408,3.186864,3.122425,0.838367,3.432120,1.642169,1.368650,0.005570,0.229797,2.942428,2.962725,1.392168,0.003637,0.956923,1.740751,2.113819,2.373484,1.103186,2.217556
16.375669,1.115276,2.871901,2.683516,2.418855,3.310153,2.050302,3.997284,2.760777,1.971068,2.552007,2.480993,1.962849,2.697981,2.812394,3.184234,3.197713,0.819681,3.373486,2.015880,1.593522,0.006858,0.581923,2.882505,2.983665,1.522645,0.004603,0.931794,1.769746,2.145713,2.535211,1.439205,2.294554
11.137412,1.129084,2.896559,2.672009,2.488554,3.376565,2.360991,4.147861,3.135247,2.088111,2.622364,2.602967,2.096659,2.826860,2.872888,3.327249,3.390702,0.923740,3.323550,2.734632,1.916976,0.193392,0.943392,2.937918,3.057764,1.770391,0.004603,0.989784,1.943715,2.204669,2.781346,1.918587,2.541010
-2.701779,1.119550,2.859408,2.661488,2.440882,3.451525,2.686146,4.236629,3.252618,2.142687,2.616775,2.559240,1.998028,2.786092,2.847572,3.352564,3.648787,0.976898,3.160857,2.866397,1.978187,0.523933,0.944681,2.886371,3.026191,2.139592,0.012980,0.797129,1.892169,2.130571,2.739464,2.114785,2.431796
-7.645322,1.404924,2.600336,2.427732,2.135125,3.223358,2.494801,4.198163,3.155302,1.656434,2.323182,2.058193,1.700490,2.314634,2.518472,3.345660,3.569553,0.882503,2.647003,2.903446,1.908277,0.600931,0.845776,2.191461,2.761693,2.704992,0.011691,0.961111,1.609952,1.924063,2.413755,1.948548,1.939205
-10.079120,1.319772,2.608885,2.480993,2.220935,3.279249,2.650967,4.222821,3.214152,1.775449,2.416553,2.131838,1.730079,2.305429,2.529322,3.356839,3.594869,1.388947,2.894103,3.185019,2.207891,0.965300,1.127671,2.620263,2.902480,3.100934,0.029088,1.288431,2.118651,2.392492,2.734954,2.245907,2.565172
-11.488208,1.284594,2.647022,2.535569,2.266963,3.346318,2.719023,4.242218,3.237823,1.834957,2.517815,2.285374,1.777422,2.371183,2.571076,3.364071,3.643855,1.608341,2.945972,3.323550,2.417299,1.643135,1.149900,2.704348,2.945972,3.262661,0.186627,1.287465,2.367041,2.770070,2.974323,2.750418,2.816462
-12.790977,1.251716,2.663789,2.555295,2.270250,3.359140,2.739078,4.245835,3.245056,1.896437,2.527678,2.366909,1.865862,2.444499,2.621707,3.384455,3.657993,1.476898,2.894103,3.339981,2.362208,1.810983,1.098032,2.741397,2.955315,3.299066,0.166974,1.174707,2.412788,2.855444,3.084181,2.791977,2.929219
-13.570245,1.194510,2.687790,2.555952,2.317593,3.357825,2.790695,4.256355,3.247687,1.971068,2.555624,2.407019,1.906629,2.421485,2.635844,3.387743,3.677719,1.552607,2.871874,3.347068,2.399257,1.864463,1.092877,2.753961,2.998485,3.368653,0.142168,1.121550,2.491397,2.882828,3.158279,2.832570,3.009117
-14.035533,1.193195,2.690749,2.558911,2.290634,3.356839,2.774256,4.255040,3.248673,1.981918,2.551021,2.423129,1.902355,2.405046,2.648008,3.380510,3.678705,1.495261,2.903768,3.340625,2.386371,1.881538,1.084501,2.750095,3.070328,3.369620,0.210467,1.102864,2.554541,2.900225,3.203382,2.846423,3.036823
-15.127080,1.181688,2.701269,2.572391,2.303785,3.340729,2.770969,4.261945,3.255906,1.996384,2.549377,2.424444,1.895122,2.399129,2.650638,3.378209,3.702705,1.592877,2.905057,3.342236,2.488819,1.846744,1.048096,2.772325,3.094490,3.391205,0.232374,1.072903,2.686307,2.951449,3.228833,2.874774,3.088047
-15.865813,1.175441,2.717050,2.574035,2.310689,3.340071,2.795955,4.264575,3.256235,2.012822,2.566473,2.437924,1.894136,2.398471,2.646364,3.379195,3.694815,1.610919,2.897325,3.347068,2.516526,1.855764,1.034243,2.778768,3.108021,3.406025,0.213688,1.042297,2.979155,3.003962,3.229800,2.891526,3.099001
-16.515171,1.182674,2.696338,2.540171,2.281100,3.294701,2.802202,4.266876,3.251303,1.991123,2.558254,2.430362,1.876382,2.385320,2.642748,3.380510,3.696788,1.551640,2.898292,3.335148,2.523291,1.812916,1.003315,2.760727,3.102867,3.421166,0.210467,0.985596,2.968524,3.016849,3.231411,2.867364,3.086758
-17.013524,1.167222,2.687461,2.521103,2.310360,3.278920,2.830147,4.267534,3.260180,1.988822,2.556939,2.431019,1.877369,2.373813,2.630912,3.385770,3.707308,1.556795,2.879928,3.345135,2.532312,1.800996,0.982374,2.760727,3.115431,3.421811,0.209822,0.981730,3.020070,3.030702,3.234310,2.867686,3.091913
-17.160398,1.151112,2.688118,2.523404,2.272880,3.256892,2.833106,4.275424,3.281879,2.002630,2.568446,2.437924,1.867834,2.375786,2.633542,3.387414,3.706651,1.567749,2.855121,3.347068,2.538433,1.751705,0.991395,2.763949,3.114465,3.441463,0.204990,1.062916,3.059374,3.040367,3.228511,2.876707,3.086436
-17.375549,1.149140,2.683516,2.532281,2.290305,3.281879,2.834093,4.276410,3.276618,2.004932,2.576336,2.433321,1.903013,2.371841,2.627624,3.386099,3.708295,1.535854,2.821938,3.337403,2.521358,1.725932,0.975931,2.755250,3.121230,3.435019,0.212400,1.050996,3.063240,3.063885,3.224323,2.869941,3.072583
-17.266966,1.139276,2.684173,2.520445,2.286360,3.261824,2.848559,4.284301,3.274317,2.015453,2.580939,2.430691,1.894465,2.370525,2.615131,3.385770,3.705336,1.529733,2.877673,3.339336,2.517492,1.665365,0.974965,2.748807,3.115109,3.428576,0.210789,1.011047,3.057441,3.065173,3.214336,2.867364,3.055831
-17.957731,1.138619,2.685817,2.528007,2.295566,3.247687,2.857107,4.277726,3.265111,2.016110,2.588501,2.424115,1.900711,2.368224,2.632885,3.393003,3.679691,1.503316,2.868652,3.329671,2.519425,1.690816,0.959178,2.744941,3.118653,3.423744,0.208212,0.967877,3.052609,3.086758,3.210148,2.858665,3.051320
-17.610706,1.096207,2.682858,2.539185,2.295894,3.236508,2.859408,4.277397,3.253276,2.062796,2.577980,2.419841,1.880327,2.365265,2.627953,3.389716,3.687582,1.488818,2.865753,3.315174,2.506216,1.645068,0.957568,2.744619,3.112532,3.417945,0.174706,0.879926,3.054864,3.101256,3.209504,2.842879,3.043910
-17.519456,1.120536,2.674968,2.519459,2.292607,3.256563,2.862367,4.282657,3.264454,2.033864,2.583898,2.412608,1.872766,2.359347,2.618748,3.385113,3.703692,1.431795,2.838691,3.319362,2.484631,1.606086,0.962078,2.738498,3.111243,3.403769,0.130570,0.817426,3.034245,3.085470,3.208537,2.840624,3.029413
-17.738197,1.156373,2.661159,2.508281,2.279785,3.257550,2.839353,4.281013,3.268399,1.998685,2.583569,2.412279,1.886574,2.352443,2.627296,3.386099,3.689226,1.436627,2.835791,3.311308,2.463046,1.572581,0.936627,2.722711,3.089980,3.393138,0.130892,0.816137,3.012660,3.081604,3.214980,2.833859,3.025547
-17.606472,1.159331,2.663461,2.507294,2.283401,3.299304,2.888340,4.278054,3.254262,1.990137,2.580610,2.399129,1.883944,2.360991,2.629268,3.387414,3.698760,1.351576,2.854477,3.314207,2.424064,1.523290,0.947258,2.722389,3.080315,3.371231,0.138302,0.787142,3.000740,3.057764,3.217236,2.834181,2.994619
-17.291623,1.177743,2.650638,2.494472,2.244277,3.297989,2.897546,4.282328,3.218755,1.968438,2.577323,2.375457,1.879670,2.339950,2.635844,3.382483,3.692842,1.321936,2.816462,3.304220,2.379927,1.474643,0.943070,2.708858,3.061952,3.360921,0.142490,0.731408,2.953060,3.036178,3.208537,2.826771,2.978511
-17.374341,1.223113,2.632227,2.446472,2.181811,3.310811,2.883737,4.284630,3.204289,1.920438,2.538856,2.308059,1.893478,2.326141,2.611186,3.381825,3.677719,1.151189,2.769748,3.299066,2.292943,1.424385,0.897323,2.670521,3.007828,3.321295,0.130892,0.643779,2.902158,3.008150,3.216913,2.821938,2.958214
-17.028226,1.239552,2.645049,2.429704,2.168331,3.311797,2.906751,4.288904,3.252289,1.904657,2.520116,2.252497,1.867505,2.333046,2.624337,3.384455,3.686267,1.102220,2.760083,3.299710,2.279734,1.352864,0.876382,2.659889,2.989787,3.325483,0.131214,0.638946,2.866075,3.005573,3.203382,2.815817,2.953382
-17.410737,1.234949,2.631899,2.428389,2.163400,3.297331,2.912669,4.292520,3.257221,1.905643,2.513212,2.259072,1.874410,2.315621,2.634529,3.388729,3.691527,1.113818,2.746874,3.284568,2.256538,1.457246,0.808405,2.629283,2.988498,3.321939,0.129603,0.620583,2.849000,2.999774,3.211114,2.813240,2.945006
-17.453535,1.232648,2.624337,2.427074,2.161756,3.292399,2.901820,4.300082,3.258207,1.909259,2.526034,2.233428,1.879670,2.317265,2.633214,3.404839,3.685609,1.094488,2.775547,3.276836,2.231409,1.426962,0.772001,2.615430,2.990109,3.327416,0.145389,0.604152,2.843523,3.016526,3.200161,2.804541,2.963047
-17.323761,1.248429,2.622693,2.420170,2.146961,3.295358,2.914313,4.300739,3.257550,1.897095,2.518472,2.220606,1.873423,2.307730,2.632556,3.404839,3.693171,1.098354,2.752995,3.277803,2.178896,1.402800,0.752348,2.610920,2.969490,3.324517,0.141523,0.589977,2.835791,3.037789,3.193073,2.793266,2.974967
-17.618240,1.257634,2.615789,2.410307,2.141043,3.288454,2.891956,4.300082,3.238810,1.885917,2.521431,2.202852,1.851396,2.324169,2.644392,3.407140,3.694157,1.036498,2.749129,3.277158,2.175352,1.393779,0.730119,2.602866,2.969490,3.301643,0.138302,0.576124,2.828704,3.039078,3.187918,2.803253,2.962725
-17.266571,1.283278,2.610200,2.389594,2.127564,3.300619,2.918587,4.304685,3.222700,1.861588,2.525048,2.186414,1.850409,2.302799,2.642090,3.405497,3.696788,1.007181,2.779413,3.278125,2.168587,1.374127,0.712400,2.647003,2.966591,3.285535,0.143456,0.609951,2.827093,3.048099,3.186308,2.807441,2.932441
-17.509634,1.297416,2.603624,2.395183,2.111783,3.299632,2.894915,4.301726,3.209220,1.837587,2.496116,2.162413,1.854355,2.299840,2.646693,3.407140,3.707966,1.128960,2.781990,3.275870,2.148290,1.321936,0.687593,2.699193,2.968846,3.281669,0.141523,0.608663,2.787789,3.049387,3.182119,2.804219,2.911178
-17.431543,1.289196,2.597049,2.383676,2.102248,3.292399,2.904121,4.304356,3.245385,1.824765,2.500719,2.108166,1.845807,2.277812,2.624008,3.402866,3.714541,1.103186,2.806474,3.276192,2.109953,1.399256,0.632825,2.713369,2.957570,3.275870,0.143134,0.541652,2.733665,3.057441,3.189529,2.796165,2.855121
-17.300198,1.296101,2.600336,2.375128,2.097317,3.299304,2.879792,4.302712,3.247358,1.823121,2.491184,2.096001,1.851724,2.266963,2.628282,3.397935,3.708623,1.070325,2.774580,3.276836,2.055829,1.214333,0.549707,2.714013,2.938884,3.261694,0.140557,0.482052,2.694683,3.068395,3.165045,2.812918,2.874774
-17.326609,1.303662,2.597378,2.328114,2.100604,3.297002,2.880121,4.299753,3.235851,1.808984,2.475075,2.064111,1.860601,2.266634,2.619076,3.399907,3.705007,1.058083,2.762016,3.242364,1.982375,0.977220,0.502026,2.700482,2.898936,3.241720,0.125093,0.394745,2.654090,3.063563,3.180186,2.809374,2.845134
-17.322537,1.299717,2.596062,2.282415,2.070357,3.285166,2.883737,4.298109,3.249330,1.810957,2.483623,2.016439,1.859944,2.258086,2.605268,3.390044,3.696788,1.044874,2.753317,3.228511,1.901190,0.831601,0.457890,2.682441,2.894103,3.229478,0.122516,0.431150,2.634438,3.069684,3.167944,2.802931,2.817106
-17.615121,1.297416,2.589487,2.277154,2.063782,3.276618,2.880121,4.298767,3.238481,1.807340,2.451732,1.996055,1.855998,2.252497,2.583569,3.388729,3.694815,1.006859,2.717235,3.226900,1.874450,0.718843,0.421163,2.661822,2.880895,3.218202,0.141846,0.418263,2.595456,3.054220,3.160534,2.798420,2.819683
-17.414266,1.314512,2.583240,2.283072,2.044056,3.277276,2.888997,4.299424,3.218755,1.787943,2.465540,2.002630,1.812929,2.255456,2.580281,3.373935,3.689883,0.896678,2.713691,3.205960,1.843200,0.726575,0.399900,2.623484,2.876062,3.202094,0.131536,0.331601,2.550675,3.035534,3.150225,2.772003,2.792299
-17.149181,1.325361,2.578309,2.256771,2.022685,3.276947,2.888997,4.298438,3.229604,1.770189,2.457321,1.996713,1.792217,2.230798,2.543130,3.365715,3.684294,0.938882,2.676320,3.184375,1.769746,0.788753,0.190492,2.579026,2.859954,3.183730,0.126059,0.271356,2.487531,3.041655,3.127996,2.706603,2.744296
-16.897571,1.351663,2.567131,2.253154,1.986521,3.239139,2.896559,4.293178,3.187193,1.733367,2.453376,1.940821,1.789915,2.220935,2.544774,3.358154,3.662267,0.859952,2.550997,3.160857,1.697581,0.730119,0.061949,2.530056,2.850611,3.155702,0.149578,0.232052,2.380894,2.977866,3.098679,2.596100,2.695650
-16.318750,1.358896,2.566473,2.227181,1.951013,3.234865,2.902148,4.293835,3.261824,1.711339,2.448444,1.907616,1.739285,2.225866,2.552007,3.357496,3.629061,0.858019,2.494618,3.149259,1.676640,0.775866,0.027477,2.482698,2.843523,3.108021,0.018456,0.219165,2.262659,2.954026,3.062596,2.544554,2.641848
-16.052932,1.320430,2.568446,2.161098,1.919123,3.246700,2.884723,4.289890,3.246700,1.723832,2.394855,1.806683,1.680434,2.221263,2.550692,3.343688,3.623472,0.831279,2.429541,3.137016,1.581924,0.677928,0.004281,2.437917,2.787145,3.068073,0.082889,0.136047,2.031344,2.917622,3.035534,2.355121,2.568716
-16.542611,1.375992,2.563843,2.116385,1.871122,3.231906,2.866970,4.288575,3.252947,1.657420,2.371183,1.781367,1.645585,2.223236,2.517815,3.354208,3.611636,0.771034,2.352543,3.114143,1.419553,0.704990,0.002348,2.351899,2.741075,3.035534,0.015879,0.112851,1.818071,2.891204,2.997519,2.312595,2.511371
-16.824350,1.377307,2.563185,2.080220,1.848765,3.269385,2.913327,4.277068,3.245056,1.634735,2.322854,1.763285,1.643612,2.224222,2.528336,3.340729,3.589608,0.790042,2.356409,3.099001,1.393457,0.791975,0.002348,2.247195,2.668910,3.002351,0.012335,0.051639,1.641202,2.855444,2.973678,2.263948,2.520391
-17.120272,1.359882,2.555624,2.070686,1.834628,3.292071,2.906094,4.274767,3.254591,1.644598,2.302470,1.767230,1.632105,2.184770,2.518144,3.325934,3.586978,0.762980,2.341268,3.094168,1.375738,0.752348,0.002026,2.189205,2.641204,2.975289,0.015879,0.013946,1.501705,2.846745,2.965624,2.211113,2.469489
-16.880714,1.384211,2.553322,2.010850,1.756052,3.268728,2.905765,4.269506,3.243413,1.592981,2.256113,1.709695,1.544981,2.174907,2.489869,3.329879,3.571197,0.714655,2.312273,3.070328,1.284243,0.705634,0.001704,2.156989,2.587080,2.947583,0.014913,-0.007639,1.324514,2.793588,2.944683,2.093522,2.357054
-16.717637,1.404266,2.552007,1.916492,1.652818,3.247358,2.898532,4.273123,3.224344,1.548597,2.256442,1.663996,1.488432,2.123618,2.470472,3.312454,3.557389,0.678895,2.262981,3.037789,1.184372,0.389913,0.003959,2.060984,2.560340,2.925676,0.006536,-0.000551,0.934050,2.727866,2.877029,1.959824,2.296487
-16.115164,1.462459,2.554966,1.832656,1.558131,3.235851,2.883737,4.271808,3.213166,1.483172,2.288333,1.595283,1.421691,2.126248,2.453047,3.306537,3.546539,0.684694,2.209502,3.019104,1.151833,0.236240,0.001059,1.959179,2.520069,2.890237,0.006536,-0.001840,0.740106,2.686629,2.844812,1.849321,2.056795
-15.939493,1.436486,2.546089,1.811286,1.498624,3.234536,2.832449,4.271808,3.203303,1.471007,2.263017,1.508487,1.404924,2.097974,2.451403,3.301276,3.541608,0.665364,2.166976,2.990109,1.170197,0.089977,-0.000229,1.932762,2.517814,2.846745,0.010402,-0.002484,0.415686,2.647647,2.822583,1.805507,1.891525
-15.794733,1.384869,2.541815,1.780052,1.532159,3.277605,2.883408,4.263917,3.159576,1.447664,2.253483,1.472322,1.361855,2.069042,2.454362,3.299304,3.534704,0.695003,2.102865,2.983988,1.103508,0.108018,0.001059,1.925030,2.498484,2.832248,0.010402,-0.000229,0.245261,2.636049,2.826449,1.600932,1.817749
-15.944831,1.360211,2.531623,1.745860,1.522953,3.287468,2.872559,4.258328,3.145110,1.456870,2.294579,1.490733,1.358567,2.077919,2.430362,3.300947,3.527471,0.691137,2.063239,2.979155,1.130893,0.025866,0.010080,1.862208,2.493007,2.841913,0.010402,0.001059,0.052928,2.615752,2.802608,1.541331,1.685339
-16.095455,1.332594,2.524719,1.712983,1.479884,3.269057,2.872559,4.262602,3.120452,1.451281,2.279456,1.479884,1.365143,2.059837,2.444170,3.297002,3.526156,0.687593,1.969489,2.955637,1.080635,0.002670,0.008469,1.755571,2.486242,2.858665,0.012335,0.021678,-0.002162,2.555185,2.794554,1.509759,1.584501
-16.597493,1.331937,2.521431,1.726462,1.494679,3.263468,2.893600,4.266547,3.115521,1.464760,2.275511,1.492048,1.366458,2.085481,2.428718,3.296673,3.512018,0.694037,1.762336,2.966591,1.077735,0.033598,-0.001196,1.699514,2.471100,2.849645,0.012980,0.018779,-0.001196,2.522969,2.774580,1.470455,1.453058
-16.540807,1.312539,2.514198,1.705750,1.466075,3.242097,2.855134,4.264575,3.100726,1.452596,2.289648,1.508158,1.360869,2.072330,2.426088,3.270701,3.522210,0.692104,1.554862,2.958859,1.069037,0.035853,0.009758,1.589011,2.482698,2.826127,0.009114,0.019745,0.001704,2.450482,2.750095,1.423096,1.351254
-16.892600,1.318128,2.508281,1.757367,1.479226,3.275632,2.842970,4.256027,3.097767,1.451609,2.288661,1.525912,1.362184,2.111454,2.451074,3.284180,3.495251,0.687593,1.445326,2.954348,1.005570,0.040041,-0.004095,1.564205,2.490108,2.798420,0.009114,0.027155,0.002348,2.392492,2.752995,1.396034,1.298096
-16.027742,1.326019,2.526692,1.882958,1.560433,3.286810,2.813380,4.261945,3.106315,1.494350,2.268935,1.651831,1.449308,2.137098,2.472116,3.275303,3.490648,0.675673,1.200480,2.910856,1.003315,0.012980,0.003637,1.503960,2.507183,2.805830,0.010402,0.020712,0.011369,2.283600,2.756861,1.376382,1.243006
-15.384054,1.354951,2.536555,1.897424,1.558789,3.228618,2.772284,4.250766,3.097767,1.490076,2.264332,1.680106,1.440431,2.142029,2.498417,3.257221,3.453168,0.597065,1.035209,2.817750,0.877026,0.002992,0.008791,1.428573,2.453703,2.723034,0.012013,0.021356,0.003637,2.181796,2.693717,1.223354,1.204991
-13.595616,1.375006,2.517157,1.936547,1.578515,3.299632,2.724941,4.244520,3.128343,1.498624,2.253812,1.686352,1.495994,2.169975,2.558583,3.241440,3.409771,0.532954,0.858663,2.729799,0.849642,-0.005062,0.002992,1.354153,2.385726,2.673742,0.008791,0.020067,0.003959,2.167943,2.590301,1.091588,1.130570
-6.143660,1.404266,2.512555,1.947068,1.685695,3.299632,2.594090,4.230054,3.121767,1.511446,2.255127,1.680106,1.510460,2.178523,2.633871,3.208563,3.374263,0.529410,0.774578,2.676642,0.745583,-0.008283,0.012013,1.371550,2.292943,2.538111,0.010080,0.213044,0.001059,2.124450,2.489141,0.700480,1.101898
3.954177,1.476925,2.475403,1.756709,1.483172,3.130973,2.266634,4.171861,3.120123,1.335224,2.191674,1.538076,1.451609,2.198578,2.606254,3.121110,3.255248,0.133469,0.002992,2.379605,0.286820,0.010080,-0.009250,1.082568,2.172453,2.144102,0.008147,0.302928,0.016523,1.809695,1.910532,0.021356,0.866073
11.874903,1.804381,2.389265,1.646900,1.374019,2.923190,1.763285,4.087038,2.736776,0.932479,2.146632,1.411828,1.596927,2.353758,2.470143,2.901491,2.904450,-0.002484,-0.000874,1.440493,0.010402,0.004281,-0.007317,1.500416,1.839978,1.645390,0.008469,-0.000229,0.000093,1.421163,1.156666,0.004281,0.326124
13.970939,1.890519,2.518801,1.707394,1.654790,2.757818,1.360869,3.946982,2.756503,0.947274,2.113098,1.418732,1.489418,2.500061,2.379731,2.729215,2.431019,0.003637,-0.001518,1.079024,0.007503,0.001059,0.003637,2.563562,1.798097,1.298096,0.000737,-0.000874,-0.002807,1.179539,0.701769,-0.005062,0.200157
15.053143,1.632763,2.647680,1.856985,1.863889,2.789709,1.323717,3.951914,2.866970,1.352649,2.119344,1.859615,1.407225,2.571405,2.382032,2.738420,2.415238,0.006214,-0.010861,1.011691,0.009114,-0.001196,0.003315,2.877995,1.832891,1.279411,0.004281,-0.000229,-0.001196,1.235918,0.744939,0.024900,0.255248
15.307440,1.569638,2.676611,1.938849,1.940493,2.804503,1.373691,3.963092,2.875518,1.452267,2.110139,1.923725,1.423006,2.631570,2.388279,2.749599,2.422143,-0.002162,0.002348,0.852542,-0.001840,0.000093,-0.000874,2.921810,1.936950,1.307761,0.002026,0.065492,0.001382,1.388947,0.803573,0.014268,0.333212
15.739942,1.505199,2.690420,2.057206,2.020713,2.870586,1.458842,3.971311,2.852504,1.537748,2.107180,1.947397,1.414787,2.651296,2.394855,2.766366,2.501376,-0.001196,-0.001196,0.740750,-0.002162,0.001382,0.001059,2.794876,2.199515,1.316460,0.010402,0.201446,0.015235,1.449836,0.881537,0.005570,0.472387
15.747144,1.467062,2.727571,2.149591,2.097645,2.945217,1.527884,4.010435,2.894258,1.587063,2.065097,1.964164,1.428595,2.686475,2.419512,2.853490,2.586857,0.002348,-0.003129,0.696292,0.006214,-0.001196,0.000415,2.897969,2.324193,1.408921,0.010080,0.393456,-0.013438,1.764592,1.247838,-0.002162,0.811627
16.070642,1.456541,2.763736,2.262360,2.094686,3.017547,1.513090,4.051531,2.908066,1.621256,2.111125,1.941808,1.380924,2.761763,2.414910,2.961985,2.671022,-0.001840,0.358341,0.534887,0.266846,0.000737,0.001704,3.037145,2.370585,1.414076,0.011691,0.643457,0.002348,1.840623,1.226898,0.002670,0.930184
15.943507,1.436157,2.766695,2.354416,2.140386,3.039246,1.529528,4.066655,2.923190,1.646242,2.110796,1.893478,1.380266,2.786421,2.416553,2.993875,2.702913,0.001059,0.944681,0.390557,0.389913,0.000093,0.004925,3.039078,2.399257,1.409888,0.003315,0.765557,-0.000229,1.987852,1.331924,0.007181,1.028766
16.026309,1.399335,2.790366,2.381704,2.153208,3.038917,1.531830,4.070271,2.927464,1.680106,2.130194,1.906958,1.372047,2.795298,2.415896,3.007684,2.717708,0.006536,1.363818,0.006536,0.809694,0.002992,0.000415,2.936307,2.459824,1.374127,0.003637,0.864140,0.002348,2.027478,1.330635,0.003637,1.097065
15.442859,1.396376,2.791681,2.394197,2.143345,3.067191,1.526241,4.073888,2.981382,1.683393,2.156824,1.902355,1.358567,2.827846,2.408663,3.024122,2.728228,-0.000551,1.515558,0.033276,0.705634,0.003637,-0.002484,2.889593,2.444038,1.359308,0.004603,0.801640,-0.005706,2.032955,1.293908,0.019101,1.083212
16.002433,1.387170,2.792668,2.406033,2.155838,3.061602,1.515062,4.076189,2.959026,1.685366,2.186414,1.900711,1.330293,2.864997,2.409320,3.026424,2.744996,-0.001840,1.542297,0.011691,0.421485,-0.006995,0.000093,2.914400,2.429541,1.438238,0.003315,0.966910,0.002670,1.988496,1.330957,0.010080,1.042297
15.938168,1.376321,2.789709,2.426417,2.151564,3.063246,1.529528,4.072573,2.922861,1.694243,2.190688,1.890191,1.287881,2.883408,2.415567,3.039903,2.765051,0.009436,1.446292,0.209822,-0.008928,0.000415,0.003637,3.106411,2.260404,1.468199,0.006858,1.070648,0.012335,1.872839,1.243972,0.020712,0.948225
16.169873,1.380266,2.794969,2.436280,2.155509,3.069164,1.529200,4.082107,2.958039,1.690955,2.205154,1.873752,1.232976,2.918916,2.425430,3.051739,2.763078,0.011369,1.457246,0.008147,-0.013116,-0.001518,-0.017948,3.109954,2.233020,1.427929,0.006536,1.078702,0.023611,1.824514,1.281666,0.000415,0.899900
16.360396,1.378622,2.792668,2.430033,2.164386,3.086260,1.520323,4.092628,2.961327,1.670243,2.198578,1.764271,1.207990,2.918258,2.431677,3.073109,2.808777,0.001059,1.565171,-0.000551,0.177284,-0.010861,0.002992,3.126385,2.208213,1.460790,0.005248,1.129282,0.019423,1.867362,1.343522,0.016201,0.890879
16.566925,1.380266,2.794311,2.432334,2.171948,3.107630,1.543994,4.103148,2.959354,1.665969,2.190359,1.746846,1.062673,2.922532,2.430362,3.103027,2.836394,-0.001518,1.643780,0.008469,0.252348,0.009114,-0.006995,3.238176,2.223677,1.489462,0.005570,1.154733,0.007825,1.889914,1.372516,0.017490,0.977542
16.977123,1.369417,2.791024,2.434636,2.170304,3.109603,1.564049,4.110710,2.913327,1.684709,2.162085,1.691613,1.060042,2.958697,2.405046,3.126370,2.854477,-0.004740,1.774256,0.060016,0.355763,0.012657,-0.016337,3.269426,2.416010,1.539076,0.010402,1.169552,0.010724,1.913432,1.565816,-0.001518,1.127671
16.890119,1.381252,2.794640,2.428389,2.164386,3.110589,1.578844,4.102491,2.923190,1.675832,2.168002,1.590351,1.030453,2.951464,2.427403,3.135576,2.868285,-0.000551,1.872517,0.082567,0.281665,-0.003129,0.008147,3.336759,2.430507,1.544230,0.008469,1.201447,0.029088,2.079347,1.605764,0.007503,1.309694
17.068768,1.389472,2.790366,2.408663,2.130522,3.098096,1.582789,4.111039,2.897546,1.662681,2.176222,1.549255,0.996589,2.939299,2.422143,3.145439,2.841654,0.000737,2.092556,0.269745,0.149578,0.002992,-0.000551,3.393460,2.447582,1.577736,0.003959,1.274578,0.151833,2.090623,1.728831,0.002992,1.586756
17.026140,1.373033,2.793983,2.442855,2.170633,3.109274,1.606132,4.112025,2.900833,1.687996,2.151564,1.583447,1.010069,2.948834,2.416882,3.153329,2.912669,0.001059,2.368329,0.406343,0.011369,0.003637,-0.009572,3.448873,2.514270,1.675996,0.004925,1.440815,0.340944,2.186306,1.784566,0.008469,1.850932
17.257347,1.358238,2.802531,2.427074,2.197263,3.108616,1.597255,4.109395,2.888011,1.694900,2.170633,1.625530,0.997247,2.947847,2.427732,3.167466,2.905436,-0.004417,2.454025,0.437593,0.003315,-0.004095,0.005570,3.458215,2.567105,1.657311,0.006858,1.455635,0.555828,2.203059,1.839012,0.463044,1.973033
17.374850,1.369417,2.798257,2.409649,2.184770,3.106973,1.588378,4.113011,2.878148,1.681421,2.210414,1.663667,1.005795,2.938313,2.400115,3.162206,2.866641,0.000415,2.486564,0.472065,0.004281,-0.015049,0.007181,3.448228,2.570649,1.682117,0.006214,1.484308,0.598998,2.196615,1.862530,0.576124,1.933728
17.203272,1.361197,2.791352,2.422143,2.187400,3.101055,1.601201,4.119916,2.832778,1.684051,2.216003,1.999014,0.989685,2.924176,2.408663,3.168124,2.874203,0.007825,2.592234,0.571292,-0.001518,0.008147,-0.007639,3.445329,2.575160,1.719488,0.002026,1.495906,0.644745,2.188239,1.869940,0.614140,1.979476
17.227575,1.369088,2.797270,2.420827,2.197921,3.100726,1.621256,4.121888,2.826531,1.679119,2.302141,2.114741,1.055111,2.922532,2.422800,3.182261,2.904121,0.094487,2.749773,0.782310,0.017168,0.017812,-0.000229,3.451450,2.576770,1.764269,0.004281,1.501383,0.768779,2.183084,2.005571,0.752671,2.120584
17.553064,1.359553,2.799243,2.419184,2.206469,3.107301,1.620598,4.122875,2.820613,1.682736,2.287018,2.116057,1.050508,2.923518,2.436608,3.185878,2.930751,0.107374,2.865109,0.842877,0.278766,0.003637,-0.002807,3.460148,2.621874,1.940816,0.007825,1.490751,0.945970,2.221744,2.057762,0.843521,2.278767
17.326678,1.350348,2.789051,2.421814,2.212715,3.125713,1.662023,4.121231,2.822257,1.690298,2.293593,2.123290,1.035056,2.926149,2.455348,3.209220,2.985985,0.174706,2.981410,0.942748,0.385725,0.004925,-0.005384,3.450483,2.618008,1.973033,0.005892,1.521035,1.119295,2.207891,2.030700,0.937916,2.367363
17.432984,1.336211,2.804175,2.431677,2.217647,3.131959,1.665969,4.123532,2.783462,1.695558,2.307073,2.142687,1.034727,2.931738,2.450088,3.215138,3.015246,0.239139,3.035856,1.126382,0.588366,0.004603,-0.002807,3.450806,2.716912,2.006860,0.006858,1.586112,1.258470,2.267492,2.136370,1.100287,2.515559
17.582252,1.357910,2.797599,2.418855,2.202852,3.126041,1.682407,4.119587,2.779517,1.680434,2.311018,2.133810,1.080097,2.933710,2.452389,3.222042,3.031355,0.254603,3.105766,1.122838,0.729475,0.000093,0.003315,3.456927,2.704992,1.982053,0.008469,1.578702,1.262980,2.343523,2.195971,1.115751,2.548742
17.790424,1.384869,2.786421,2.394855,2.192660,3.115521,1.647886,4.114655,2.756503,1.639996,2.310689,2.125920,1.089961,2.920888,2.441211,3.197056,3.040890,0.215621,3.170199,1.157632,0.666330,0.000415,0.002670,3.456605,2.697905,1.998806,0.007503,1.580957,1.262658,2.369618,2.207891,1.155055,2.576770
17.357305,1.382239,2.787078,2.390581,2.203838,3.128343,1.687339,4.107422,2.752229,1.639338,2.315292,2.120002,1.229031,2.913984,2.433650,3.210535,3.035301,0.317748,3.214658,1.228509,0.762980,0.002670,-0.001518,3.443074,2.779090,1.980120,0.009114,1.570004,1.348676,2.393458,2.439206,1.246872,2.677608
17.370908,1.371060,2.787078,2.387293,2.200222,3.147083,1.689311,4.109724,2.732831,1.649201,2.312662,2.077262,1.567666,2.910039,2.455348,3.201987,3.036944,0.568070,3.269104,1.412787,0.833212,-0.000551,0.002992,3.437597,2.783279,2.005893,0.003315,1.554540,1.408921,2.514270,2.665688,1.275867,2.773614
17.655049,1.340156,2.796284,2.428389,2.237373,3.146096,1.707394,4.111039,2.745325,1.690298,2.319895,2.131838,1.635393,2.916943,2.474417,3.202316,3.078698,0.746227,3.410857,1.761692,1.054217,0.004281,0.000093,3.495909,2.891848,2.117363,0.009436,1.653767,1.702414,2.592234,2.724000,1.406022,2.854477
17.521392,1.324046,2.792668,2.432992,2.244935,3.162864,1.730079,4.113669,2.761106,1.696544,2.364608,2.137427,1.663010,2.917272,2.471129,3.217111,3.067191,0.798096,3.486566,1.842556,1.137014,0.002992,-0.002162,3.509440,2.915044,2.169231,0.009758,1.699514,1.858986,2.649258,2.765237,1.527800,2.876062
17.315619,1.314512,2.793325,2.472773,2.265647,3.169110,1.715942,4.112025,2.743681,1.735011,2.338963,2.142029,1.701147,2.911025,2.472116,3.219084,3.078698,0.842877,3.519749,1.867684,1.204024,0.004925,0.001704,3.573873,2.915689,2.194682,0.005570,1.822581,1.915687,2.678575,2.763304,1.572581,2.894748
16.896870,1.323060,2.785763,2.463239,2.263675,3.184563,1.720873,4.112683,2.743023,1.711339,2.362306,2.141701,1.796820,2.896230,2.507623,3.216453,3.079685,0.811627,3.550999,1.869617,1.206601,0.006214,0.010080,3.581283,2.911500,2.157311,0.009114,1.811306,1.982697,2.682441,2.759760,1.537787,2.868008
17.151970,1.319772,2.783133,2.445485,2.263675,3.219084,1.749476,4.113011,2.736119,1.710353,2.343566,2.116385,1.919123,2.882751,2.537541,3.217768,3.081328,0.853830,3.580961,1.878316,1.233663,0.010402,-0.004095,3.602223,2.946616,2.213368,0.011369,1.902800,2.064850,2.699193,2.772003,1.618973,2.839335
17.150736,1.269141,2.788722,2.444828,2.277483,3.240782,1.788600,4.110381,2.739078,1.768216,2.363292,2.115399,1.918136,2.916614,2.566802,3.220399,3.075411,0.910854,3.673422,1.979476,1.266202,0.007503,-0.006995,3.619620,2.988498,2.230443,0.195003,1.976576,2.112530,2.749451,2.861243,1.796486,2.915689
17.334553,1.267169,2.785435,2.444499,2.276826,3.237823,1.788929,4.103477,2.729872,1.759997,2.359347,2.103892,1.910574,2.901162,2.564172,3.207248,3.062917,0.930828,3.688242,1.999772,1.239462,0.009436,-0.000874,3.629285,2.966591,2.219811,0.201446,1.983342,2.120906,2.754928,2.869619,1.895391,2.987854
17.395973,1.308594,2.776558,2.447787,2.262689,3.243741,1.781367,4.102819,2.721982,1.725147,2.357703,2.099289,1.904985,2.881765,2.561213,3.213823,3.064232,0.925673,3.714659,2.010082,1.249127,0.007503,0.002026,3.642172,2.926964,2.203703,0.239462,2.026834,2.105442,2.772325,2.872841,1.990752,3.022325
17.544958,1.276045,2.770640,2.457321,2.289319,3.266098,1.801094,4.110052,2.725927,1.768216,2.351786,2.122303,1.906958,2.915957,2.605926,3.203960,3.069822,1.039720,3.763306,2.054540,1.214655,0.429539,0.001059,3.681798,2.928575,2.196293,0.293585,2.066783,2.196293,2.827093,2.899258,2.079025,3.118653
17.537770,1.257305,2.768010,2.494143,2.290963,3.268399,1.795176,4.106107,2.740064,1.817203,2.368553,2.162085,1.905972,2.936012,2.640447,3.218755,3.080013,1.052929,3.812920,2.229798,1.221421,0.462078,0.264590,3.716592,2.931152,2.209824,0.319359,2.061306,2.271035,2.822905,2.918266,2.109953,3.139271
17.548661,1.239881,2.784777,2.517486,2.365265,3.263139,1.768216,4.111696,2.759462,1.819176,2.384334,2.163071,1.893150,2.948176,2.658858,3.235851,3.105000,1.085789,3.858023,2.404412,1.214655,0.577091,0.408598,3.739144,2.947261,2.201448,0.321936,2.129283,2.310984,2.815817,2.935018,2.175997,3.169555
16.812227,1.205031,2.835408,2.578966,2.371512,3.288125,1.760655,4.118600,2.848230,1.883944,2.428389,2.299182,1.893150,2.950149,2.689433,3.240125,3.153987,1.171807,3.884763,2.484309,1.240751,0.735274,0.519423,3.757507,2.954348,2.239141,0.335467,2.151190,2.407634,2.817428,2.963691,2.164077,3.152802
16.603690,1.151112,2.854148,2.593104,2.398471,3.354537,1.824436,4.121559,2.902148,1.944438,2.445814,2.346196,1.912218,2.959026,2.702913,3.235193,3.163192,1.271357,3.888629,2.486886,1.120905,0.813882,0.697903,3.750742,2.939207,2.201770,0.347387,2.167298,2.407311,2.787789,2.933085,2.084502,3.107377
16.130916,1.148811,2.857107,2.596062,2.414581,3.370318,1.830025,4.116299,2.904778,1.955616,2.450417,2.356060,1.928986,2.959683,2.683516,3.243084,3.163192,1.134758,3.859312,2.405056,0.805184,0.758470,0.797129,3.715948,2.941462,2.102543,0.311949,2.142814,2.315172,2.727222,2.870585,1.849321,3.040044
15.813746,1.133359,2.857107,2.588829,2.419184,3.373606,1.827067,4.119916,2.900833,1.964822,2.448444,2.353758,1.910903,2.950149,2.693379,3.234536,3.180617,1.076124,3.841270,2.108020,0.012657,0.424062,0.841588,3.605445,3.028769,1.929540,0.252993,2.123162,2.019102,2.659245,2.764593,1.076769,2.952093
15.469925,1.120865,2.851846,2.593104,2.439567,3.378209,1.821477,4.119258,2.895902,1.989480,2.486253,2.363621,1.909588,2.972505,2.681214,3.248344,3.172398,1.192748,3.858345,2.244296,0.017812,0.457890,0.260724,3.568396,3.132828,1.983986,0.340621,2.168265,2.048097,2.629928,2.737209,0.825480,2.949194
15.494698,1.079769,2.867627,2.667077,2.480006,3.395962,1.825423,4.124190,2.959683,2.043069,2.521103,2.374471,1.906300,2.956067,2.683844,3.241111,3.167138,1.383792,3.892173,2.328059,1.355119,0.621872,0.059371,3.617043,3.290689,2.033277,0.380248,2.326448,2.416332,2.860276,2.918588,2.025223,3.347390
16.130214,1.092591,2.860394,2.675625,2.453705,3.407140,1.853039,4.129779,2.954752,2.033535,2.518801,2.394197,1.950356,2.940615,2.680228,3.235193,3.172069,1.309372,3.848036,2.165687,1.332890,0.570003,0.259758,3.580961,3.252674,1.937272,0.331601,2.118007,2.386049,2.836114,2.844812,1.978187,3.414723
15.604362,1.071221,2.863682,2.679242,2.466855,3.407469,1.846793,4.126820,2.928121,2.056549,2.522089,2.398142,1.969096,2.923518,2.674310,3.232892,3.168453,1.167619,3.812598,1.600287,1.445004,0.467232,0.223675,3.558409,3.201772,1.880249,0.244294,1.910532,2.328381,2.805508,2.894426,1.820004,3.344491
16.245446,1.060700,2.851518,2.657214,2.456335,3.382154,1.852053,4.111039,2.901491,2.029918,2.496445,2.357046,1.950027,2.888011,2.648337,3.231248,3.149384,1.061627,3.790368,1.300996,1.529411,0.404088,0.295196,3.544234,3.133795,1.640880,0.086755,1.654089,2.087723,2.713691,2.884116,1.784888,3.201127
15.659959,1.092262,2.825545,2.642090,2.386306,3.347304,1.832984,4.081449,2.828175,1.965808,2.464225,2.329100,1.915177,2.821928,2.649652,3.217768,3.122754,0.973354,3.698551,1.135081,1.387980,0.223353,0.096742,3.454349,2.932441,1.504282,0.008791,1.612530,1.927285,2.637338,2.803575,1.200158,2.937274
15.397997,1.143222,2.770640,2.600008,2.367895,3.333825,1.809970,4.069285,2.769654,1.901369,2.438910,2.301484,1.840546,2.691735,2.635844,3.207248,3.059958,0.950802,3.659247,1.256215,1.399900,-0.005706,0.013946,3.386695,2.954993,1.548419,0.005570,1.610274,1.828702,2.611564,2.807119,1.185661,2.877673
14.972857,1.116920,2.748612,2.615460,2.358690,3.356510,1.807340,4.067641,2.740722,1.907287,2.485924,2.255784,1.744216,2.579624,2.618419,3.190809,3.044177,0.970776,3.670523,1.373805,1.434372,0.017812,-0.003773,3.395071,3.014593,1.588045,0.005892,1.608664,1.826125,2.588046,2.843201,1.305828,2.833859
14.840019,1.105084,2.750585,2.626638,2.363292,3.349934,1.864875,4.059422,2.816339,1.963507,2.504993,2.229483,1.605146,2.442855,2.605268,3.195741,3.045164,0.943715,3.668912,1.382826,1.407955,0.000737,0.005892,3.351256,2.969490,1.599643,0.005892,1.571937,1.759759,2.592557,2.829993,1.358985,2.814206
14.138234,1.104098,2.744009,2.630255,2.375128,3.346975,1.886903,4.061723,2.872888,1.967452,2.541815,2.127235,1.449966,2.404718,2.597378,3.189494,3.102041,0.961434,3.662791,1.853187,1.463045,0.302928,0.000737,3.318073,2.974645,1.721099,0.013302,1.565171,1.770713,2.577737,2.824838,1.535210,2.791333
14.179370,1.090947,2.775900,2.661817,2.378745,3.340729,1.889862,4.065011,2.965272,2.022028,2.563514,2.116057,1.532159,2.388279,2.600008,3.213823,3.127028,0.976575,3.670523,2.049064,1.644102,0.364784,0.008147,3.302287,2.954026,1.725287,0.005570,1.586434,1.785532,2.559051,2.853188,1.632504,2.800031
13.487465,1.098509,2.768010,2.673324,2.374799,3.337441,1.922081,4.062381,3.001766,1.998028,2.568446,2.112111,1.566680,2.386964,2.596062,3.218755,3.126041,0.977542,3.673100,2.147968,1.692427,0.394423,0.003315,3.278125,2.927609,1.865429,0.008791,1.589334,1.794875,2.523613,2.870585,1.760081,2.777480
13.410546,1.117906,2.767023,2.648337,2.344553,3.351249,1.910903,4.055148,3.001108,1.969096,2.533267,2.069042,1.479226,2.353101,2.569761,3.224673,3.113877,1.035209,3.661502,2.240752,1.693393,0.331923,0.004925,3.238498,2.887016,1.934050,0.007181,1.594810,1.739140,2.522647,2.845134,1.784888,2.749129
12.888898,1.118564,2.765051,2.640775,2.381704,3.326920,1.926684,4.053175,3.009328,1.985863,2.563514,2.098303,1.551556,2.346854,2.589158,3.212508,3.120123,1.083534,3.684054,2.359631,1.704991,0.471420,0.007503,3.295522,2.833536,1.977865,0.006214,1.627671,1.781988,2.562595,2.869297,1.895391,2.752673
12.332666,1.113632,2.764393,2.652940,2.417211,3.325277,1.932931,4.053504,3.022478,1.990795,2.575021,2.130194,1.589694,2.359018,2.595734,3.213494,3.117493,1.206279,3.679221,2.443072,1.675674,0.681794,0.004603,3.334182,2.792299,2.014592,0.208534,1.665687,1.816138,2.558729,2.917944,2.099643,2.753961
11.404026,1.077467,2.760777,2.647022,2.424444,3.343688,1.922410,4.053504,2.997492,2.012494,2.611515,2.237044,1.682736,2.331073,2.607241,3.213823,3.129658,1.230764,3.666657,2.569038,1.633470,0.681150,0.344165,3.350290,2.781668,2.086113,0.277477,1.672130,1.872839,2.602544,2.924065,2.259115,2.735920
9.335981,1.078454,2.780174,2.636501,2.447458,3.322318,2.017754,4.062052,3.023136,2.042083,2.606254,2.291949,1.734353,2.320552,2.605597,3.214809,3.124397,1.336756,3.665690,2.631861,1.668586,0.876060,0.691137,3.393138,2.784245,2.055507,0.302606,1.684372,1.785854,2.557441,2.912145,2.426319,2.680830
6.230832,1.081741,2.792339,2.625652,2.443184,3.294372,2.052604,4.060408,3.029711,2.038795,2.573706,2.234085,1.720545,2.305100,2.603624,3.209549,3.131959,1.410532,3.623809,2.690495,1.692104,0.896356,1.196614,3.397004,2.815173,2.084502,0.293585,1.648612,1.838367,2.556796,2.915689,2.380894,2.631216
3.481418,1.139934,2.759133,2.604939,2.404389,3.298317,2.081207,4.059751,3.021492,1.964822,2.538856,2.142358,1.845807,2.260058,2.554966,3.205933,3.164508,1.352220,3.456282,2.640237,1.763947,0.826769,1.206279,3.240431,2.856732,2.045520,0.010080,1.591267,1.672774,2.498162,2.850933,2.058084,2.501062
3.374892,1.146509,2.693050,2.574364,2.342251,3.274317,2.141372,4.063367,3.029711,1.915506,2.524719,2.208112,1.905643,2.295566,2.547733,3.208563,3.225001,1.308083,3.326127,2.598356,1.663109,0.681150,1.199836,3.012016,2.855766,2.028123,0.012013,1.582568,1.442748,2.358664,2.807119,1.925996,2.280056
2.526321,1.226730,2.782147,2.574692,2.346854,3.331852,2.366580,4.127477,3.187521,1.890848,2.578966,2.308716,1.956274,2.291949,2.602638,3.249659,3.279906,1.278122,3.214658,2.634438,1.561627,0.695003,1.035854,2.901191,2.928897,2.076770,0.008469,1.522645,1.351254,2.234631,2.793588,1.937916,2.344167
2.295570,1.231990,2.941930,2.596062,2.428389,3.477826,2.610528,4.224465,3.278920,2.023343,2.646693,2.434965,2.104550,2.484609,2.671351,3.347304,3.395633,1.173418,3.166333,2.549386,1.892169,0.463044,0.850931,2.962403,2.908601,2.100288,0.009436,1.325480,1.471099,2.215301,2.807119,1.997839,2.356409
2.062412,1.274402,2.954752,2.573377,2.394855,3.471908,2.690749,4.241232,3.278591,2.017096,2.628940,2.471787,2.195619,2.596720,2.667077,3.370647,3.443963,0.986885,3.178253,2.535855,1.832891,0.382503,0.894101,2.942750,2.872518,2.031344,0.003637,1.241395,1.526189,2.178252,2.757183,1.923741,2.245584
